"run_stamp","tool","view_name","view_mode","processing_scope","write_mode","parameter_target_mode","worksharing_mode","element_id","category","family","type","level","name","size_text","parsed_width","parsed_height","parsed_diameter","target_parameter","requested_value","actual_before","actual_after","outcome","reason","target_scope","target_kind","target_param_id","target_definition_name","target_storage","target_is_read_only","candidate_count","selected_target_count"
"20260801_155722","NWB Dim AutoFill","MECHANICAL DUCTWORK LAYOUT - LEVEL 09","model","selection","skip","SharedOnly","skip-other-users","7249741","Ducts","Rectangular Duct","","LEVEL 09","Flanged Long Radius Elbows / Shoe Branch","200x250","200","250","","NWB_DimWidth","200","200","200","SKIP","existing-kept","instance","Shared Parameter","7626175","NWB_DimWidth","String","False","1","1"
"20260801_155722","NWB Dim AutoFill","MECHANICAL DUCTWORK LAYOUT - LEVEL 09","model","selection","skip","SharedOnly","skip-other-users","7249741","Ducts","Rectangular Duct","","LEVEL 09","Flanged Long Radius Elbows / Shoe Branch","200x250","200","250","","NWB_DimHeight","250","250","250","SKIP","existing-kept","instance","Shared Parameter","7626170","NWB_DimHeight","String","False","1","1"
"20260801_155722","NWB Dim AutoFill","MECHANICAL DUCTWORK LAYOUT - LEVEL 09","model","selection","skip","SharedOnly","skip-other-users","7249741","Ducts","Rectangular Duct","","LEVEL 09","Flanged Long Radius Elbows / Shoe Branch","200x250","200","250","","NWB_DimDiameter","","","","SKIP","no parsed value","","","","NWB_DimDiameter","","","",""
"20260801_155722","NWB Dim AutoFill","MECHANICAL DUCTWORK LAYOUT - LEVEL 09","model","selection","skip","SharedOnly","skip-other-users","7249915","Ducts","Rectangular Duct","","LEVEL 09","Flanged Long Radius Elbows / Shoe Branch","375x350","375","350","","NWB_DimWidth","375","375","375","SKIP","existing-kept","instance","Shared Parameter","7626175","NWB_DimWidth","String","False","1","1"
"20260801_155722","NWB Dim AutoFill","MECHANICAL DUCTWORK LAYOUT - LEVEL 09","model","selection","skip","SharedOnly","skip-other-users","7249915","Ducts","Rectangular Duct","","LEVEL 09","Flanged Long Radius Elbows / Shoe Branch","375x350","375","350","","NWB_DimHeight","350","350","350","SKIP","existing-kept","instance","Shared Parameter","7626170","NWB_DimHeight","String","False","1","1"
"20260801_155722","NWB Dim AutoFill","MECHANICAL DUCTWORK LAYOUT - LEVEL 09","model","selection","skip","SharedOnly","skip-other-users","7249915","Ducts","Rectangular Duct","","LEVEL 09","Flanged Long Radius Elbows / Shoe Branch","375x350","375","350","","NWB_DimDiameter","","","","SKIP","no parsed value","","","","NWB_DimDiameter","","","",""
"20260801_155722","NWB Dim AutoFill","MECHANICAL DUCTWORK LAYOUT - LEVEL 09","model","selection","skip","SharedOnly","skip-other-users","7256942","Ducts","Rectangular Duct","","LEVEL 06","Flanged Long Radius Elbows / Shoe Branch","1700x1700","1700","1700","","NWB_DimWidth","1700","1700","1700","SKIP","existing-kept","instance","Shared Parameter","7626175","NWB_DimWidth","String","False","1","1"
"20260801_155722","NWB Dim AutoFill","MECHANICAL DUCTWORK LAYOUT - LEVEL 09","model","selection","skip","SharedOnly","skip-other-users","7256942","Ducts","Rectangular Duct","","LEVEL 06","Flanged Long Radius Elbows / Shoe Branch","1700x1700","1700","1700","","NWB_DimHeight","1700","1700","1700","SKIP","existing-kept","instance","Shared Parameter","7626170","NWB_DimHeight","String","False","1","1"
"20260801_155722","NWB Dim AutoFill","MECHANICAL DUCTWORK LAYOUT - LEVEL 09","model","selection","skip","SharedOnly","skip-other-users","7256942","Ducts","Rectangular Duct","","LEVEL 06","Flanged Long Radius Elbows / Shoe Branch","1700x1700","1700","1700","","NWB_DimDiameter","","","","SKIP","no parsed value","","","","NWB_DimDiameter","","","",""
"20260801_155722","NWB Dim AutoFill","MECHANICAL DUCTWORK LAYOUT - LEVEL 09","model","selection","skip","SharedOnly","skip-other-users","7577221","Duct Accessories","MHT-ME-DA-Damper (Motorized)","","LEVEL 09","MVCD","1500x900-1500x900","1500","900","","NWB_DimWidth","1500","1500","1500","SKIP","existing-kept","instance","Shared Parameter","7626175","NWB_DimWidth","String","False","1","1"
"20260801_155722","NWB Dim AutoFill","MECHANICAL DUCTWORK LAYOUT - LEVEL 09","model","selection","skip","SharedOnly","skip-other-users","7577221","Duct Accessories","MHT-ME-DA-Damper (Motorized)","","LEVEL 09","MVCD","1500x900-1500x900","1500","900","","NWB_DimHeight","900","900","900","SKIP","existing-kept","instance","Shared Parameter","7626170","NWB_DimHeight","String","False","1","1"
"20260801_155722","NWB Dim AutoFill","MECHANICAL DUCTWORK LAYOUT - LEVEL 09","model","selection","skip","SharedOnly","skip-other-users","7577221","Duct Accessories","MHT-ME-DA-Damper (Motorized)","","LEVEL 09","MVCD","1500x900-1500x900","1500","900","","NWB_DimDiameter","","","","SKIP","no parsed value","","","","NWB_DimDiameter","","","",""
"20260801_155722","NWB Dim AutoFill","MECHANICAL DUCTWORK LAYOUT - LEVEL 09","model","selection","skip","SharedOnly","skip-other-users","7577222","Ducts","Rectangular Duct","","LEVEL 09","Flanged Long Radius Elbows / Shoe Branch","1500x900","1500","900","","NWB_DimWidth","1500","1500","1500","SKIP","existing-kept","instance","Shared Parameter","7626175","NWB_DimWidth","String","False","1","1"
"20260801_155722","NWB Dim AutoFill","MECHANICAL DUCTWORK LAYOUT - LEVEL 09","model","selection","skip","SharedOnly","skip-other-users","7577222","Ducts","Rectangular Duct","","LEVEL 09","Flanged Long Radius Elbows / Shoe Branch","1500x900","1500","900","","NWB_DimHeight","900","900","900","SKIP","existing-kept","instance","Shared Parameter","7626170","NWB_DimHeight","String","False","1","1"
"20260801_155722","NWB Dim AutoFill","MECHANICAL DUCTWORK LAYOUT - LEVEL 09","model","selection","skip","SharedOnly","skip-other-users","7577222","Ducts","Rectangular Duct","","LEVEL 09","Flanged Long Radius Elbows / Shoe Branch","1500x900","1500","900","","NWB_DimDiameter","","","","SKIP","no parsed value","","","","NWB_DimDiameter","","","",""
"20260801_155722","NWB Dim AutoFill","MECHANICAL DUCTWORK LAYOUT - LEVEL 09","model","selection","skip","SharedOnly","skip-other-users","11591253","Mechanical Equipment","MHT-ME-Pass-Through Station","","LEVEL 09","MHT-ME-Pass-Through Station","","","","","","","","","SKIP","size empty","","","","","","","",""
"20260801_155722","NWB Dim AutoFill","MECHANICAL DUCTWORK LAYOUT - LEVEL 09","model","selection","skip","SharedOnly","skip-other-users","12416145","Mechanical Equipment","MHT-ME-Pass-Through Station","","LEVEL 09","MHT-ME-Pass-Through Station","","","","","","","","","SKIP","size empty","","","","","","","",""
"20260801_155722","NWB Dim AutoFill","MECHANICAL DUCTWORK LAYOUT - LEVEL 09","model","selection","skip","SharedOnly","skip-other-users","12989889","Air Terminals","MHT_AT_Sidewall Grille Supply","","LEVEL 09","Standard","1200x700","1200","700","","NWB_DimWidth","1200","1200","1200","SKIP","existing-kept","instance","Shared Parameter","7626175","NWB_DimWidth","String","False","1","1"
"20260801_155722","NWB Dim AutoFill","MECHANICAL DUCTWORK LAYOUT - LEVEL 09","model","selection","skip","SharedOnly","skip-other-users","12989889","Air Terminals","MHT_AT_Sidewall Grille Supply","","LEVEL 09","Standard","1200x700","1200","700","","NWB_DimHeight","700","700","700","SKIP","existing-kept","instance","Shared Parameter","7626170","NWB_DimHeight","String","False","1","1"
"20260801_155722","NWB Dim AutoFill","MECHANICAL DUCTWORK LAYOUT - LEVEL 09","model","selection","skip","SharedOnly","skip-other-users","12989889","Air Terminals","MHT_AT_Sidewall Grille Supply","","LEVEL 09","Standard","1200x700","1200","700","","NWB_DimDiameter","","","","SKIP","no parsed value","","","","NWB_DimDiameter","","","",""
"20260801_155722","NWB Dim AutoFill","MECHANICAL DUCTWORK LAYOUT - LEVEL 09","model","selection","skip","SharedOnly","skip-other-users","12989890","Duct Accessories","MHT-ME-Volume Control Damper - Rectangular-01","","LEVEL 09","MHT-ME-FAM-FAM-Volume Control Damper - Rectangular-01","1200x700-1200x700","1200","700","","NWB_DimWidth","1200","1200","1200","SKIP","existing-kept","instance","Shared Parameter","7626175","NWB_DimWidth","String","False","1","1"
"20260801_155722","NWB Dim AutoFill","MECHANICAL DUCTWORK LAYOUT - LEVEL 09","model","selection","skip","SharedOnly","skip-other-users","12989890","Duct Accessories","MHT-ME-Volume Control Damper - Rectangular-01","","LEVEL 09","MHT-ME-FAM-FAM-Volume Control Damper - Rectangular-01","1200x700-1200x700","1200","700","","NWB_DimHeight","700","700","700","SKIP","existing-kept","instance","Shared Parameter","7626170","NWB_DimHeight","String","False","1","1"
"20260801_155722","NWB Dim AutoFill","MECHANICAL DUCTWORK LAYOUT - LEVEL 09","model","selection","skip","SharedOnly","skip-other-users","12989890","Duct Accessories","MHT-ME-Volume Control Damper - Rectangular-01","","LEVEL 09","MHT-ME-FAM-FAM-Volume Control Damper - Rectangular-01","1200x700-1200x700","1200","700","","NWB_DimDiameter","","","","SKIP","no parsed value","","","","NWB_DimDiameter","","","",""
"20260801_155722","NWB Dim AutoFill","MECHANICAL DUCTWORK LAYOUT - LEVEL 09","model","selection","skip","SharedOnly","skip-other-users","12989891","Ducts","Rectangular Duct","","LEVEL 09","Flanged Long Radius Elbows / Shoe Branch","1200x700","1200","700","","NWB_DimWidth","1200","1200","1200","SKIP","existing-kept","instance","Shared Parameter","7626175","NWB_DimWidth","String","False","1","1"
"20260801_155722","NWB Dim AutoFill","MECHANICAL DUCTWORK LAYOUT - LEVEL 09","model","selection","skip","SharedOnly","skip-other-users","12989891","Ducts","Rectangular Duct","","LEVEL 09","Flanged Long Radius Elbows / Shoe Branch","1200x700","1200","700","","NWB_DimHeight","700","700","700","SKIP","existing-kept","instance","Shared Parameter","7626170","NWB_DimHeight","String","False","1","1"
"20260801_155722","NWB Dim AutoFill","MECHANICAL DUCTWORK LAYOUT - LEVEL 09","model","selection","skip","SharedOnly","skip-other-users","12989891","Ducts","Rectangular Duct","","LEVEL 09","Flanged Long Radius Elbows / Shoe Branch","1200x700","1200","700","","NWB_DimDiameter","","","","SKIP","no parsed value","","","","NWB_DimDiameter","","","",""
"20260801_155722","NWB Dim AutoFill","MECHANICAL DUCTWORK LAYOUT - LEVEL 09","model","selection","skip","SharedOnly","skip-other-users","13123943","Air Terminals","MHT_AT_S Air Diff Swirl","","LEVEL 09","No Damper","250ø","","","250","NWB_DimWidth","","","","SKIP","no parsed value","","","","NWB_DimWidth","","","",""
"20260801_155722","NWB Dim AutoFill","MECHANICAL DUCTWORK LAYOUT - LEVEL 09","model","selection","skip","SharedOnly","skip-other-users","13123943","Air Terminals","MHT_AT_S Air Diff Swirl","","LEVEL 09","No Damper","250ø","","","250","NWB_DimHeight","","","","SKIP","no parsed value","","","","NWB_DimHeight","","","",""
"20260801_155722","NWB Dim AutoFill","MECHANICAL DUCTWORK LAYOUT - LEVEL 09","model","selection","skip","SharedOnly","skip-other-users","13123943","Air Terminals","MHT_AT_S Air Diff Swirl","","LEVEL 09","No Damper","250ø","","","250","NWB_DimDiameter","250","250ø","250ø","SKIP","existing-kept","instance","Shared Parameter","7626172","NWB_DimDiameter","String","False","1","1"
"20260801_155722","NWB Dim AutoFill","MECHANICAL DUCTWORK LAYOUT - LEVEL 09","model","selection","skip","SharedOnly","skip-other-users","13124053","Air Terminals","MHT_AT_S Air Diff Swirl","","LEVEL 09","No Damper","250ø","","","250","NWB_DimWidth","","","","SKIP","no parsed value","","","","NWB_DimWidth","","","",""
"20260801_155722","NWB Dim AutoFill","MECHANICAL DUCTWORK LAYOUT - LEVEL 09","model","selection","skip","SharedOnly","skip-other-users","13124053","Air Terminals","MHT_AT_S Air Diff Swirl","","LEVEL 09","No Damper","250ø","","","250","NWB_DimHeight","","","","SKIP","no parsed value","","","","NWB_DimHeight","","","",""
"20260801_155722","NWB Dim AutoFill","MECHANICAL DUCTWORK LAYOUT - LEVEL 09","model","selection","skip","SharedOnly","skip-other-users","13124053","Air Terminals","MHT_AT_S Air Diff Swirl","","LEVEL 09","No Damper","250ø","","","250","NWB_DimDiameter","250","250ø","250ø","SKIP","existing-kept","instance","Shared Parameter","7626172","NWB_DimDiameter","String","False","1","1"
"20260801_155722","NWB Dim AutoFill","MECHANICAL DUCTWORK LAYOUT - LEVEL 09","model","selection","skip","SharedOnly","skip-other-users","13124110","Air Terminals","MHT_AT_S Air Diff Swirl","","LEVEL 09","No Damper","250ø","","","250","NWB_DimWidth","","","","SKIP","no parsed value","","","","NWB_DimWidth","","","",""
"20260801_155722","NWB Dim AutoFill","MECHANICAL DUCTWORK LAYOUT - LEVEL 09","model","selection","skip","SharedOnly","skip-other-users","13124110","Air Terminals","MHT_AT_S Air Diff Swirl","","LEVEL 09","No Damper","250ø","","","250","NWB_DimHeight","","","","SKIP","no parsed value","","","","NWB_DimHeight","","","",""
"20260801_155722","NWB Dim AutoFill","MECHANICAL DUCTWORK LAYOUT - LEVEL 09","model","selection","skip","SharedOnly","skip-other-users","13124110","Air Terminals","MHT_AT_S Air Diff Swirl","","LEVEL 09","No Damper","250ø","","","250","NWB_DimDiameter","250","250ø","250ø","SKIP","existing-kept","instance","Shared Parameter","7626172","NWB_DimDiameter","String","False","1","1"
"20260801_155722","NWB Dim AutoFill","MECHANICAL DUCTWORK LAYOUT - LEVEL 09","model","selection","skip","SharedOnly","skip-other-users","13141964","Ducts","Rectangular Duct","","LEVEL 09","Flanged Long Radius Elbows / Shoe Branch","200x300","200","300","","NWB_DimWidth","200","200","200","SKIP","existing-kept","instance","Shared Parameter","7626175","NWB_DimWidth","String","False","1","1"
"20260801_155722","NWB Dim AutoFill","MECHANICAL DUCTWORK LAYOUT - LEVEL 09","model","selection","skip","SharedOnly","skip-other-users","13141964","Ducts","Rectangular Duct","","LEVEL 09","Flanged Long Radius Elbows / Shoe Branch","200x300","200","300","","NWB_DimHeight","300","300","300","SKIP","existing-kept","instance","Shared Parameter","7626170","NWB_DimHeight","String","False","1","1"
"20260801_155722","NWB Dim AutoFill","MECHANICAL DUCTWORK LAYOUT - LEVEL 09","model","selection","skip","SharedOnly","skip-other-users","13141964","Ducts","Rectangular Duct","","LEVEL 09","Flanged Long Radius Elbows / Shoe Branch","200x300","200","300","","NWB_DimDiameter","","","","SKIP","no parsed value","","","","NWB_DimDiameter","","","",""
"20260801_155722","NWB Dim AutoFill","MECHANICAL DUCTWORK LAYOUT - LEVEL 09","model","selection","skip","SharedOnly","skip-other-users","13142057","Ducts","Rectangular Duct","","LEVEL 09","Flanged Long Radius Elbows / Shoe Branch","200x300","200","300","","NWB_DimWidth","200","200","200","SKIP","existing-kept","instance","Shared Parameter","7626175","NWB_DimWidth","String","False","1","1"
"20260801_155722","NWB Dim AutoFill","MECHANICAL DUCTWORK LAYOUT - LEVEL 09","model","selection","skip","SharedOnly","skip-other-users","13142057","Ducts","Rectangular Duct","","LEVEL 09","Flanged Long Radius Elbows / Shoe Branch","200x300","200","300","","NWB_DimHeight","300","300","300","SKIP","existing-kept","instance","Shared Parameter","7626170","NWB_DimHeight","String","False","1","1"
"20260801_155722","NWB Dim AutoFill","MECHANICAL DUCTWORK LAYOUT - LEVEL 09","model","selection","skip","SharedOnly","skip-other-users","13142057","Ducts","Rectangular Duct","","LEVEL 09","Flanged Long Radius Elbows / Shoe Branch","200x300","200","300","","NWB_DimDiameter","","","","SKIP","no parsed value","","","","NWB_DimDiameter","","","",""
"20260801_155722","NWB Dim AutoFill","MECHANICAL DUCTWORK LAYOUT - LEVEL 09","model","selection","skip","SharedOnly","skip-other-users","13142360","Air Terminals","MHT_AT_S Air Diff Swirl","","LEVEL 09","No Damper","250ø","","","250","NWB_DimWidth","","","","SKIP","no parsed value","","","","NWB_DimWidth","","","",""
"20260801_155722","NWB Dim AutoFill","MECHANICAL DUCTWORK LAYOUT - LEVEL 09","model","selection","skip","SharedOnly","skip-other-users","13142360","Air Terminals","MHT_AT_S Air Diff Swirl","","LEVEL 09","No Damper","250ø","","","250","NWB_DimHeight","","","","SKIP","no parsed value","","","","NWB_DimHeight","","","",""
"20260801_155722","NWB Dim AutoFill","MECHANICAL DUCTWORK LAYOUT - LEVEL 09","model","selection","skip","SharedOnly","skip-other-users","13142360","Air Terminals","MHT_AT_S Air Diff Swirl","","LEVEL 09","No Damper","250ø","","","250","NWB_DimDiameter","250","250ø","250ø","SKIP","existing-kept","instance","Shared Parameter","7626172","NWB_DimDiameter","String","False","1","1"
"20260801_155722","NWB Dim AutoFill","MECHANICAL DUCTWORK LAYOUT - LEVEL 09","model","selection","skip","SharedOnly","skip-other-users","13142556","Air Terminals","MHT_AT_S Air Diff Swirl","","LEVEL 09","No Damper","250ø","","","250","NWB_DimWidth","","","","SKIP","no parsed value","","","","NWB_DimWidth","","","",""
"20260801_155722","NWB Dim AutoFill","MECHANICAL DUCTWORK LAYOUT - LEVEL 09","model","selection","skip","SharedOnly","skip-other-users","13142556","Air Terminals","MHT_AT_S Air Diff Swirl","","LEVEL 09","No Damper","250ø","","","250","NWB_DimHeight","","","","SKIP","no parsed value","","","","NWB_DimHeight","","","",""
"20260801_155722","NWB Dim AutoFill","MECHANICAL DUCTWORK LAYOUT - LEVEL 09","model","selection","skip","SharedOnly","skip-other-users","13142556","Air Terminals","MHT_AT_S Air Diff Swirl","","LEVEL 09","No Damper","250ø","","","250","NWB_DimDiameter","250","250ø","250ø","SKIP","existing-kept","instance","Shared Parameter","7626172","NWB_DimDiameter","String","False","1","1"
"20260801_155722","NWB Dim AutoFill","MECHANICAL DUCTWORK LAYOUT - LEVEL 09","model","selection","skip","SharedOnly","skip-other-users","13142570","Air Terminals","MHT_AT_S Air Diff Swirl","","LEVEL 09","No Damper","250ø","","","250","NWB_DimWidth","","","","SKIP","no parsed value","","","","NWB_DimWidth","","","",""
"20260801_155722","NWB Dim AutoFill","MECHANICAL DUCTWORK LAYOUT - LEVEL 09","model","selection","skip","SharedOnly","skip-other-users","13142570","Air Terminals","MHT_AT_S Air Diff Swirl","","LEVEL 09","No Damper","250ø","","","250","NWB_DimHeight","","","","SKIP","no parsed value","","","","NWB_DimHeight","","","",""
"20260801_155722","NWB Dim AutoFill","MECHANICAL DUCTWORK LAYOUT - LEVEL 09","model","selection","skip","SharedOnly","skip-other-users","13142570","Air Terminals","MHT_AT_S Air Diff Swirl","","LEVEL 09","No Damper","250ø","","","250","NWB_DimDiameter","250","250ø","250ø","SKIP","existing-kept","instance","Shared Parameter","7626172","NWB_DimDiameter","String","False","1","1"
"20260801_155722","NWB Dim AutoFill","MECHANICAL DUCTWORK LAYOUT - LEVEL 09","model","selection","skip","SharedOnly","skip-other-users","13143241","Flex Ducts","Flex Duct Round","","LEVEL 09","Flex - Round","300 mmø","","","300","NWB_DimWidth","","","","SKIP","no parsed value","","","","NWB_DimWidth","","","",""
"20260801_155722","NWB Dim AutoFill","MECHANICAL DUCTWORK LAYOUT - LEVEL 09","model","selection","skip","SharedOnly","skip-other-users","13143241","Flex Ducts","Flex Duct Round","","LEVEL 09","Flex - Round","300 mmø","","","300","NWB_DimHeight","","","","SKIP","no parsed value","","","","NWB_DimHeight","","","",""
"20260801_155722","NWB Dim AutoFill","MECHANICAL DUCTWORK LAYOUT - LEVEL 09","model","selection","skip","SharedOnly","skip-other-users","13143241","Flex Ducts","Flex Duct Round","","LEVEL 09","Flex - Round","300 mmø","","","300","NWB_DimDiameter","300","300","300","SKIP","existing-kept","instance","Shared Parameter","7626172","NWB_DimDiameter","String","False","1","1"
"20260801_155722","NWB Dim AutoFill","MECHANICAL DUCTWORK LAYOUT - LEVEL 09","model","selection","skip","SharedOnly","skip-other-users","13143604","Ducts","Rectangular Duct","","LEVEL 09","Flanged Long Radius Elbows / Shoe Branch","450x300","450","300","","NWB_DimWidth","450","450","450","SKIP","existing-kept","instance","Shared Parameter","7626175","NWB_DimWidth","String","False","1","1"
"20260801_155722","NWB Dim AutoFill","MECHANICAL DUCTWORK LAYOUT - LEVEL 09","model","selection","skip","SharedOnly","skip-other-users","13143604","Ducts","Rectangular Duct","","LEVEL 09","Flanged Long Radius Elbows / Shoe Branch","450x300","450","300","","NWB_DimHeight","300","300","300","SKIP","existing-kept","instance","Shared Parameter","7626170","NWB_DimHeight","String","False","1","1"
"20260801_155722","NWB Dim AutoFill","MECHANICAL DUCTWORK LAYOUT - LEVEL 09","model","selection","skip","SharedOnly","skip-other-users","13143604","Ducts","Rectangular Duct","","LEVEL 09","Flanged Long Radius Elbows / Shoe Branch","450x300","450","300","","NWB_DimDiameter","","","","SKIP","no parsed value","","","","NWB_DimDiameter","","","",""
"20260801_155722","NWB Dim AutoFill","MECHANICAL DUCTWORK LAYOUT - LEVEL 09","model","selection","skip","SharedOnly","skip-other-users","13143609","Ducts","Rectangular Duct","","LEVEL 09","Flanged Long Radius Elbows / Shoe Branch","350x300","350","300","","NWB_DimWidth","350","350","350","SKIP","existing-kept","instance","Shared Parameter","7626175","NWB_DimWidth","String","False","1","1"
"20260801_155722","NWB Dim AutoFill","MECHANICAL DUCTWORK LAYOUT - LEVEL 09","model","selection","skip","SharedOnly","skip-other-users","13143609","Ducts","Rectangular Duct","","LEVEL 09","Flanged Long Radius Elbows / Shoe Branch","350x300","350","300","","NWB_DimHeight","300","300","300","SKIP","existing-kept","instance","Shared Parameter","7626170","NWB_DimHeight","String","False","1","1"
"20260801_155722","NWB Dim AutoFill","MECHANICAL DUCTWORK LAYOUT - LEVEL 09","model","selection","skip","SharedOnly","skip-other-users","13143609","Ducts","Rectangular Duct","","LEVEL 09","Flanged Long Radius Elbows / Shoe Branch","350x300","350","300","","NWB_DimDiameter","","","","SKIP","no parsed value","","","","NWB_DimDiameter","","","",""
"20260801_155722","NWB Dim AutoFill","MECHANICAL DUCTWORK LAYOUT - LEVEL 09","model","selection","skip","SharedOnly","skip-other-users","13143615","Duct Fittings","MHT-ME-DF-Rectangular Eccentric Taper - Flanged-Manula Length","","LEVEL 09","MHT-ME-DF-Rectangular Eccentric Taper - Flanged-Manual Length","450x300-350x300","450","300","","NWB_DimWidth","450","300","300","SKIP","existing-kept","instance","Shared Parameter","7626175","NWB_DimWidth","String","False","1","1"
"20260801_155722","NWB Dim AutoFill","MECHANICAL DUCTWORK LAYOUT - LEVEL 09","model","selection","skip","SharedOnly","skip-other-users","13143615","Duct Fittings","MHT-ME-DF-Rectangular Eccentric Taper - Flanged-Manula Length","","LEVEL 09","MHT-ME-DF-Rectangular Eccentric Taper - Flanged-Manual Length","450x300-350x300","450","300","","NWB_DimHeight","300","400","400","SKIP","existing-kept","instance","Shared Parameter","7626170","NWB_DimHeight","String","False","1","1"
"20260801_155722","NWB Dim AutoFill","MECHANICAL DUCTWORK LAYOUT - LEVEL 09","model","selection","skip","SharedOnly","skip-other-users","13143615","Duct Fittings","MHT-ME-DF-Rectangular Eccentric Taper - Flanged-Manula Length","","LEVEL 09","MHT-ME-DF-Rectangular Eccentric Taper - Flanged-Manual Length","450x300-350x300","450","300","","NWB_DimDiameter","","","","SKIP","no parsed value","","","","NWB_DimDiameter","","","",""
"20260801_155722","NWB Dim AutoFill","MECHANICAL DUCTWORK LAYOUT - LEVEL 09","model","selection","skip","SharedOnly","skip-other-users","13143626","Duct Fittings","MHT-ME-DF-Rectangular Eccentric Taper - Flanged-01","","LEVEL 09","Standard","350x300-200x300","350","300","","NWB_DimWidth","350","350","350","SKIP","existing-kept","instance","Shared Parameter","7626175","NWB_DimWidth","String","False","2","1"
"20260801_155722","NWB Dim AutoFill","MECHANICAL DUCTWORK LAYOUT - LEVEL 09","model","selection","skip","SharedOnly","skip-other-users","13143626","Duct Fittings","MHT-ME-DF-Rectangular Eccentric Taper - Flanged-01","","LEVEL 09","Standard","350x300-200x300","350","300","","NWB_DimHeight","300","300","300","SKIP","existing-kept","instance","Shared Parameter","7626170","NWB_DimHeight","String","False","2","1"
"20260801_155722","NWB Dim AutoFill","MECHANICAL DUCTWORK LAYOUT - LEVEL 09","model","selection","skip","SharedOnly","skip-other-users","13143626","Duct Fittings","MHT-ME-DF-Rectangular Eccentric Taper - Flanged-01","","LEVEL 09","Standard","350x300-200x300","350","300","","NWB_DimDiameter","","","","SKIP","no parsed value","","","","NWB_DimDiameter","","","",""
"20260801_155722","NWB Dim AutoFill","MECHANICAL DUCTWORK LAYOUT - LEVEL 09","model","selection","skip","SharedOnly","skip-other-users","13143629","Duct Fittings","MHT-ME-DF-Square Cap-BMA","","LEVEL 09","Standard","200x300","200","300","","NWB_DimWidth","200","450","450","SKIP","existing-kept","instance","Shared Parameter","7626175","NWB_DimWidth","String","False","1","1"
"20260801_155722","NWB Dim AutoFill","MECHANICAL DUCTWORK LAYOUT - LEVEL 09","model","selection","skip","SharedOnly","skip-other-users","13143629","Duct Fittings","MHT-ME-DF-Square Cap-BMA","","LEVEL 09","Standard","200x300","200","300","","NWB_DimHeight","300","300","300","SKIP","existing-kept","instance","Shared Parameter","7626170","NWB_DimHeight","String","False","1","1"
"20260801_155722","NWB Dim AutoFill","MECHANICAL DUCTWORK LAYOUT - LEVEL 09","model","selection","skip","SharedOnly","skip-other-users","13143629","Duct Fittings","MHT-ME-DF-Square Cap-BMA","","LEVEL 09","Standard","200x300","200","300","","NWB_DimDiameter","","","","SKIP","no parsed value","","","","NWB_DimDiameter","","","",""
"20260801_155722","NWB Dim AutoFill","MECHANICAL DUCTWORK LAYOUT - LEVEL 09","model","selection","skip","SharedOnly","skip-other-users","13143898","Ducts","Rectangular Duct","","LEVEL 09","Flanged Long Radius Elbows / Shoe Branch","450x300","450","300","","NWB_DimWidth","450","450","450","SKIP","existing-kept","instance","Shared Parameter","7626175","NWB_DimWidth","String","False","1","1"
"20260801_155722","NWB Dim AutoFill","MECHANICAL DUCTWORK LAYOUT - LEVEL 09","model","selection","skip","SharedOnly","skip-other-users","13143898","Ducts","Rectangular Duct","","LEVEL 09","Flanged Long Radius Elbows / Shoe Branch","450x300","450","300","","NWB_DimHeight","300","300","300","SKIP","existing-kept","instance","Shared Parameter","7626170","NWB_DimHeight","String","False","1","1"
"20260801_155722","NWB Dim AutoFill","MECHANICAL DUCTWORK LAYOUT - LEVEL 09","model","selection","skip","SharedOnly","skip-other-users","13143898","Ducts","Rectangular Duct","","LEVEL 09","Flanged Long Radius Elbows / Shoe Branch","450x300","450","300","","NWB_DimDiameter","","","","SKIP","no parsed value","","","","NWB_DimDiameter","","","",""
"20260801_155722","NWB Dim AutoFill","MECHANICAL DUCTWORK LAYOUT - LEVEL 09","model","selection","skip","SharedOnly","skip-other-users","13143921","Duct Fittings","MHT-ME-DF-Rectangular Eccentric Taper - Flanged-01","","LEVEL 09","Standard","450x300-350x300","450","300","","NWB_DimWidth","450","450","450","SKIP","existing-kept","instance","Shared Parameter","7626175","NWB_DimWidth","String","False","2","1"
"20260801_155722","NWB Dim AutoFill","MECHANICAL DUCTWORK LAYOUT - LEVEL 09","model","selection","skip","SharedOnly","skip-other-users","13143921","Duct Fittings","MHT-ME-DF-Rectangular Eccentric Taper - Flanged-01","","LEVEL 09","Standard","450x300-350x300","450","300","","NWB_DimHeight","300","300","300","SKIP","existing-kept","instance","Shared Parameter","7626170","NWB_DimHeight","String","False","2","1"
"20260801_155722","NWB Dim AutoFill","MECHANICAL DUCTWORK LAYOUT - LEVEL 09","model","selection","skip","SharedOnly","skip-other-users","13143921","Duct Fittings","MHT-ME-DF-Rectangular Eccentric Taper - Flanged-01","","LEVEL 09","Standard","450x300-350x300","450","300","","NWB_DimDiameter","","","","SKIP","no parsed value","","","","NWB_DimDiameter","","","",""
"20260801_155722","NWB Dim AutoFill","MECHANICAL DUCTWORK LAYOUT - LEVEL 09","model","selection","skip","SharedOnly","skip-other-users","13143992","Ducts","Rectangular Duct","","LEVEL 09","Flanged Long Radius Elbows / Shoe Branch","350x300","350","300","","NWB_DimWidth","350","350","350","SKIP","existing-kept","instance","Shared Parameter","7626175","NWB_DimWidth","String","False","1","1"
"20260801_155722","NWB Dim AutoFill","MECHANICAL DUCTWORK LAYOUT - LEVEL 09","model","selection","skip","SharedOnly","skip-other-users","13143992","Ducts","Rectangular Duct","","LEVEL 09","Flanged Long Radius Elbows / Shoe Branch","350x300","350","300","","NWB_DimHeight","300","300","300","SKIP","existing-kept","instance","Shared Parameter","7626170","NWB_DimHeight","String","False","1","1"
"20260801_155722","NWB Dim AutoFill","MECHANICAL DUCTWORK LAYOUT - LEVEL 09","model","selection","skip","SharedOnly","skip-other-users","13143992","Ducts","Rectangular Duct","","LEVEL 09","Flanged Long Radius Elbows / Shoe Branch","350x300","350","300","","NWB_DimDiameter","","","","SKIP","no parsed value","","","","NWB_DimDiameter","","","",""
"20260801_155722","NWB Dim AutoFill","MECHANICAL DUCTWORK LAYOUT - LEVEL 09","model","selection","skip","SharedOnly","skip-other-users","13144016","Duct Fittings","MHT-ME-DF-Rectangular Eccentric Taper - Flanged-01","","LEVEL 09","Standard","350x300-200x300","350","300","","NWB_DimWidth","350","350","350","SKIP","existing-kept","instance","Shared Parameter","7626175","NWB_DimWidth","String","False","2","1"
"20260801_155722","NWB Dim AutoFill","MECHANICAL DUCTWORK LAYOUT - LEVEL 09","model","selection","skip","SharedOnly","skip-other-users","13144016","Duct Fittings","MHT-ME-DF-Rectangular Eccentric Taper - Flanged-01","","LEVEL 09","Standard","350x300-200x300","350","300","","NWB_DimHeight","300","300","300","SKIP","existing-kept","instance","Shared Parameter","7626170","NWB_DimHeight","String","False","2","1"
"20260801_155722","NWB Dim AutoFill","MECHANICAL DUCTWORK LAYOUT - LEVEL 09","model","selection","skip","SharedOnly","skip-other-users","13144016","Duct Fittings","MHT-ME-DF-Rectangular Eccentric Taper - Flanged-01","","LEVEL 09","Standard","350x300-200x300","350","300","","NWB_DimDiameter","","","","SKIP","no parsed value","","","","NWB_DimDiameter","","","",""
"20260801_155722","NWB Dim AutoFill","MECHANICAL DUCTWORK LAYOUT - LEVEL 09","model","selection","skip","SharedOnly","skip-other-users","13144112","Flex Ducts","Flex Duct Round","","LEVEL 09","Flex - Round","300 mmø","","","300","NWB_DimWidth","","","","SKIP","no parsed value","","","","NWB_DimWidth","","","",""
"20260801_155722","NWB Dim AutoFill","MECHANICAL DUCTWORK LAYOUT - LEVEL 09","model","selection","skip","SharedOnly","skip-other-users","13144112","Flex Ducts","Flex Duct Round","","LEVEL 09","Flex - Round","300 mmø","","","300","NWB_DimHeight","","","","SKIP","no parsed value","","","","NWB_DimHeight","","","",""
"20260801_155722","NWB Dim AutoFill","MECHANICAL DUCTWORK LAYOUT - LEVEL 09","model","selection","skip","SharedOnly","skip-other-users","13144112","Flex Ducts","Flex Duct Round","","LEVEL 09","Flex - Round","300 mmø","","","300","NWB_DimDiameter","300","300","300","SKIP","existing-kept","instance","Shared Parameter","7626172","NWB_DimDiameter","String","False","1","1"
"20260801_155722","NWB Dim AutoFill","MECHANICAL DUCTWORK LAYOUT - LEVEL 09","model","selection","skip","SharedOnly","skip-other-users","13144392","Flex Ducts","Flex Duct Round","","LEVEL 09","Flex - Round","300 mmø","","","300","NWB_DimWidth","","","","SKIP","no parsed value","","","","NWB_DimWidth","","","",""
"20260801_155722","NWB Dim AutoFill","MECHANICAL DUCTWORK LAYOUT - LEVEL 09","model","selection","skip","SharedOnly","skip-other-users","13144392","Flex Ducts","Flex Duct Round","","LEVEL 09","Flex - Round","300 mmø","","","300","NWB_DimHeight","","","","SKIP","no parsed value","","","","NWB_DimHeight","","","",""
"20260801_155722","NWB Dim AutoFill","MECHANICAL DUCTWORK LAYOUT - LEVEL 09","model","selection","skip","SharedOnly","skip-other-users","13144392","Flex Ducts","Flex Duct Round","","LEVEL 09","Flex - Round","300 mmø","","","300","NWB_DimDiameter","300","300","300","SKIP","existing-kept","instance","Shared Parameter","7626172","NWB_DimDiameter","String","False","1","1"
"20260801_155722","NWB Dim AutoFill","MECHANICAL DUCTWORK LAYOUT - LEVEL 09","model","selection","skip","SharedOnly","skip-other-users","13144438","Duct Fittings","MHT-ME-DF-Square Cap-BMA","","LEVEL 09","Standard","200x300","200","300","","NWB_DimWidth","200","450","450","SKIP","existing-kept","instance","Shared Parameter","7626175","NWB_DimWidth","String","False","1","1"
"20260801_155722","NWB Dim AutoFill","MECHANICAL DUCTWORK LAYOUT - LEVEL 09","model","selection","skip","SharedOnly","skip-other-users","13144438","Duct Fittings","MHT-ME-DF-Square Cap-BMA","","LEVEL 09","Standard","200x300","200","300","","NWB_DimHeight","300","0","0","SKIP","existing-kept","instance","Shared Parameter","7626170","NWB_DimHeight","String","False","1","1"
"20260801_155722","NWB Dim AutoFill","MECHANICAL DUCTWORK LAYOUT - LEVEL 09","model","selection","skip","SharedOnly","skip-other-users","13144438","Duct Fittings","MHT-ME-DF-Square Cap-BMA","","LEVEL 09","Standard","200x300","200","300","","NWB_DimDiameter","","","","SKIP","no parsed value","","","","NWB_DimDiameter","","","",""
"20260801_155722","NWB Dim AutoFill","MECHANICAL DUCTWORK LAYOUT - LEVEL 09","model","selection","skip","SharedOnly","skip-other-users","13169092","Flex Ducts","Flex Duct Round","","LEVEL 10","Flex - Round","250 mmø","","","250","NWB_DimWidth","","","","SKIP","no parsed value","","","","NWB_DimWidth","","","",""
"20260801_155722","NWB Dim AutoFill","MECHANICAL DUCTWORK LAYOUT - LEVEL 09","model","selection","skip","SharedOnly","skip-other-users","13169092","Flex Ducts","Flex Duct Round","","LEVEL 10","Flex - Round","250 mmø","","","250","NWB_DimHeight","","","","SKIP","no parsed value","","","","NWB_DimHeight","","","",""
"20260801_155722","NWB Dim AutoFill","MECHANICAL DUCTWORK LAYOUT - LEVEL 09","model","selection","skip","SharedOnly","skip-other-users","13169092","Flex Ducts","Flex Duct Round","","LEVEL 10","Flex - Round","250 mmø","","","250","NWB_DimDiameter","250","250","250","SKIP","existing-kept","instance","Shared Parameter","7626172","NWB_DimDiameter","String","False","1","1"
"20260801_155722","NWB Dim AutoFill","MECHANICAL DUCTWORK LAYOUT - LEVEL 09","model","selection","skip","SharedOnly","skip-other-users","13248158","Ducts","Rectangular Duct","","LEVEL 09","Flanged Long Radius Elbows / Shoe Branch","300x300","300","300","","NWB_DimWidth","300","300","300","SKIP","existing-kept","instance","Shared Parameter","7626175","NWB_DimWidth","String","False","1","1"
"20260801_155722","NWB Dim AutoFill","MECHANICAL DUCTWORK LAYOUT - LEVEL 09","model","selection","skip","SharedOnly","skip-other-users","13248158","Ducts","Rectangular Duct","","LEVEL 09","Flanged Long Radius Elbows / Shoe Branch","300x300","300","300","","NWB_DimHeight","300","300","300","SKIP","existing-kept","instance","Shared Parameter","7626170","NWB_DimHeight","String","False","1","1"
"20260801_155722","NWB Dim AutoFill","MECHANICAL DUCTWORK LAYOUT - LEVEL 09","model","selection","skip","SharedOnly","skip-other-users","13248158","Ducts","Rectangular Duct","","LEVEL 09","Flanged Long Radius Elbows / Shoe Branch","300x300","300","300","","NWB_DimDiameter","","","","SKIP","no parsed value","","","","NWB_DimDiameter","","","",""
"20260801_155722","NWB Dim AutoFill","MECHANICAL DUCTWORK LAYOUT - LEVEL 09","model","selection","skip","SharedOnly","skip-other-users","13248161","Ducts","Rectangular Duct","","LEVEL 09","Flanged Long Radius Elbows / Shoe Branch","300x300","300","300","","NWB_DimWidth","300","300","300","SKIP","existing-kept","instance","Shared Parameter","7626175","NWB_DimWidth","String","False","1","1"
"20260801_155722","NWB Dim AutoFill","MECHANICAL DUCTWORK LAYOUT - LEVEL 09","model","selection","skip","SharedOnly","skip-other-users","13248161","Ducts","Rectangular Duct","","LEVEL 09","Flanged Long Radius Elbows / Shoe Branch","300x300","300","300","","NWB_DimHeight","300","300","300","SKIP","existing-kept","instance","Shared Parameter","7626170","NWB_DimHeight","String","False","1","1"
"20260801_155722","NWB Dim AutoFill","MECHANICAL DUCTWORK LAYOUT - LEVEL 09","model","selection","skip","SharedOnly","skip-other-users","13248161","Ducts","Rectangular Duct","","LEVEL 09","Flanged Long Radius Elbows / Shoe Branch","300x300","300","300","","NWB_DimDiameter","","","","SKIP","no parsed value","","","","NWB_DimDiameter","","","",""
"20260801_155722","NWB Dim AutoFill","MECHANICAL DUCTWORK LAYOUT - LEVEL 09","model","selection","skip","SharedOnly","skip-other-users","13248162","Air Terminals","MHT-ME-AT - Supply Air Grille","","","MHT-ME-AT - 300x300","300x300","300","300","","NWB_DimWidth","300","300","300","SKIP","existing-kept","instance","Shared Parameter","7626175","NWB_DimWidth","String","False","1","1"
"20260801_155722","NWB Dim AutoFill","MECHANICAL DUCTWORK LAYOUT - LEVEL 09","model","selection","skip","SharedOnly","skip-other-users","13248162","Air Terminals","MHT-ME-AT - Supply Air Grille","","","MHT-ME-AT - 300x300","300x300","300","300","","NWB_DimHeight","300","300","300","SKIP","existing-kept","instance","Shared Parameter","7626170","NWB_DimHeight","String","False","1","1"
"20260801_155722","NWB Dim AutoFill","MECHANICAL DUCTWORK LAYOUT - LEVEL 09","model","selection","skip","SharedOnly","skip-other-users","13248162","Air Terminals","MHT-ME-AT - Supply Air Grille","","","MHT-ME-AT - 300x300","300x300","300","300","","NWB_DimDiameter","","","","SKIP","no parsed value","","","","NWB_DimDiameter","","","",""
"20260801_155722","NWB Dim AutoFill","MECHANICAL DUCTWORK LAYOUT - LEVEL 09","model","selection","skip","SharedOnly","skip-other-users","13248165","Ducts","Rectangular Duct","","LEVEL 09","Flanged Long Radius Elbows / Shoe Branch","300x300","300","300","","NWB_DimWidth","300","300","300","SKIP","existing-kept","instance","Shared Parameter","7626175","NWB_DimWidth","String","False","1","1"
"20260801_155722","NWB Dim AutoFill","MECHANICAL DUCTWORK LAYOUT - LEVEL 09","model","selection","skip","SharedOnly","skip-other-users","13248165","Ducts","Rectangular Duct","","LEVEL 09","Flanged Long Radius Elbows / Shoe Branch","300x300","300","300","","NWB_DimHeight","300","300","300","SKIP","existing-kept","instance","Shared Parameter","7626170","NWB_DimHeight","String","False","1","1"
"20260801_155722","NWB Dim AutoFill","MECHANICAL DUCTWORK LAYOUT - LEVEL 09","model","selection","skip","SharedOnly","skip-other-users","13248165","Ducts","Rectangular Duct","","LEVEL 09","Flanged Long Radius Elbows / Shoe Branch","300x300","300","300","","NWB_DimDiameter","","","","SKIP","no parsed value","","","","NWB_DimDiameter","","","",""
"20260801_155722","NWB Dim AutoFill","MECHANICAL DUCTWORK LAYOUT - LEVEL 09","model","selection","skip","SharedOnly","skip-other-users","13248166","Duct Fittings","MHT_Rectangular Elbow - Mitered - Single Thickness Vanes","","LEVEL 09","Standard","300x300-300x300","300","300","","NWB_DimWidth","300","400","400","SKIP","existing-kept","instance","Shared Parameter","7626175","NWB_DimWidth","String","False","1","1"
"20260801_155722","NWB Dim AutoFill","MECHANICAL DUCTWORK LAYOUT - LEVEL 09","model","selection","skip","SharedOnly","skip-other-users","13248166","Duct Fittings","MHT_Rectangular Elbow - Mitered - Single Thickness Vanes","","LEVEL 09","Standard","300x300-300x300","300","300","","NWB_DimHeight","300","600","600","SKIP","existing-kept","instance","Shared Parameter","7626170","NWB_DimHeight","String","False","1","1"
"20260801_155722","NWB Dim AutoFill","MECHANICAL DUCTWORK LAYOUT - LEVEL 09","model","selection","skip","SharedOnly","skip-other-users","13248166","Duct Fittings","MHT_Rectangular Elbow - Mitered - Single Thickness Vanes","","LEVEL 09","Standard","300x300-300x300","300","300","","NWB_DimDiameter","","","","SKIP","no parsed value","","","","NWB_DimDiameter","","","",""
"20260801_155722","NWB Dim AutoFill","MECHANICAL DUCTWORK LAYOUT - LEVEL 09","model","selection","skip","SharedOnly","skip-other-users","13248168","Duct Fittings","MHT_Rectangular Elbow - Mitered - Single Thickness Vanes","","LEVEL 09","Standard","300x300-300x300","300","300","","NWB_DimWidth","300","400","400","SKIP","existing-kept","instance","Shared Parameter","7626175","NWB_DimWidth","String","False","1","1"
"20260801_155722","NWB Dim AutoFill","MECHANICAL DUCTWORK LAYOUT - LEVEL 09","model","selection","skip","SharedOnly","skip-other-users","13248168","Duct Fittings","MHT_Rectangular Elbow - Mitered - Single Thickness Vanes","","LEVEL 09","Standard","300x300-300x300","300","300","","NWB_DimHeight","300","600","600","SKIP","existing-kept","instance","Shared Parameter","7626170","NWB_DimHeight","String","False","1","1"
"20260801_155722","NWB Dim AutoFill","MECHANICAL DUCTWORK LAYOUT - LEVEL 09","model","selection","skip","SharedOnly","skip-other-users","13248168","Duct Fittings","MHT_Rectangular Elbow - Mitered - Single Thickness Vanes","","LEVEL 09","Standard","300x300-300x300","300","300","","NWB_DimDiameter","","","","SKIP","no parsed value","","","","NWB_DimDiameter","","","",""
"20260801_155722","NWB Dim AutoFill","MECHANICAL DUCTWORK LAYOUT - LEVEL 09","model","selection","skip","SharedOnly","skip-other-users","13248190","Ducts","Rectangular Duct","","LEVEL 09","Flanged Long Radius Elbows / Shoe Branch","200x200","200","200","","NWB_DimWidth","200","200","200","SKIP","existing-kept","instance","Shared Parameter","7626175","NWB_DimWidth","String","False","1","1"
"20260801_155722","NWB Dim AutoFill","MECHANICAL DUCTWORK LAYOUT - LEVEL 09","model","selection","skip","SharedOnly","skip-other-users","13248190","Ducts","Rectangular Duct","","LEVEL 09","Flanged Long Radius Elbows / Shoe Branch","200x200","200","200","","NWB_DimHeight","200","200","200","SKIP","existing-kept","instance","Shared Parameter","7626170","NWB_DimHeight","String","False","1","1"
"20260801_155722","NWB Dim AutoFill","MECHANICAL DUCTWORK LAYOUT - LEVEL 09","model","selection","skip","SharedOnly","skip-other-users","13248190","Ducts","Rectangular Duct","","LEVEL 09","Flanged Long Radius Elbows / Shoe Branch","200x200","200","200","","NWB_DimDiameter","","","","SKIP","no parsed value","","","","NWB_DimDiameter","","","",""
"20260801_155722","NWB Dim AutoFill","MECHANICAL DUCTWORK LAYOUT - LEVEL 09","model","selection","skip","SharedOnly","skip-other-users","13248193","Ducts","Rectangular Duct","","LEVEL 09","Flanged Long Radius Elbows / Shoe Branch","200x200","200","200","","NWB_DimWidth","200","200","200","SKIP","existing-kept","instance","Shared Parameter","7626175","NWB_DimWidth","String","False","1","1"
"20260801_155722","NWB Dim AutoFill","MECHANICAL DUCTWORK LAYOUT - LEVEL 09","model","selection","skip","SharedOnly","skip-other-users","13248193","Ducts","Rectangular Duct","","LEVEL 09","Flanged Long Radius Elbows / Shoe Branch","200x200","200","200","","NWB_DimHeight","200","200","200","SKIP","existing-kept","instance","Shared Parameter","7626170","NWB_DimHeight","String","False","1","1"
"20260801_155722","NWB Dim AutoFill","MECHANICAL DUCTWORK LAYOUT - LEVEL 09","model","selection","skip","SharedOnly","skip-other-users","13248193","Ducts","Rectangular Duct","","LEVEL 09","Flanged Long Radius Elbows / Shoe Branch","200x200","200","200","","NWB_DimDiameter","","","","SKIP","no parsed value","","","","NWB_DimDiameter","","","",""
"20260801_155722","NWB Dim AutoFill","MECHANICAL DUCTWORK LAYOUT - LEVEL 09","model","selection","skip","SharedOnly","skip-other-users","13248197","Ducts","Rectangular Duct","","LEVEL 09","Flanged Long Radius Elbows / Shoe Branch","200x200","200","200","","NWB_DimWidth","200","200","200","SKIP","existing-kept","instance","Shared Parameter","7626175","NWB_DimWidth","String","False","1","1"
"20260801_155722","NWB Dim AutoFill","MECHANICAL DUCTWORK LAYOUT - LEVEL 09","model","selection","skip","SharedOnly","skip-other-users","13248197","Ducts","Rectangular Duct","","LEVEL 09","Flanged Long Radius Elbows / Shoe Branch","200x200","200","200","","NWB_DimHeight","200","200","200","SKIP","existing-kept","instance","Shared Parameter","7626170","NWB_DimHeight","String","False","1","1"
"20260801_155722","NWB Dim AutoFill","MECHANICAL DUCTWORK LAYOUT - LEVEL 09","model","selection","skip","SharedOnly","skip-other-users","13248197","Ducts","Rectangular Duct","","LEVEL 09","Flanged Long Radius Elbows / Shoe Branch","200x200","200","200","","NWB_DimDiameter","","","","SKIP","no parsed value","","","","NWB_DimDiameter","","","",""
"20260801_155722","NWB Dim AutoFill","MECHANICAL DUCTWORK LAYOUT - LEVEL 09","model","selection","skip","SharedOnly","skip-other-users","13248198","Duct Fittings","MHT_Rectangular Elbow - Mitered - Single Thickness Vanes","","LEVEL 09","Standard","200x200-200x200","200","200","","NWB_DimWidth","200","300","300","SKIP","existing-kept","instance","Shared Parameter","7626175","NWB_DimWidth","String","False","1","1"
"20260801_155722","NWB Dim AutoFill","MECHANICAL DUCTWORK LAYOUT - LEVEL 09","model","selection","skip","SharedOnly","skip-other-users","13248198","Duct Fittings","MHT_Rectangular Elbow - Mitered - Single Thickness Vanes","","LEVEL 09","Standard","200x200-200x200","200","200","","NWB_DimHeight","200","300","300","SKIP","existing-kept","instance","Shared Parameter","7626170","NWB_DimHeight","String","False","1","1"
"20260801_155722","NWB Dim AutoFill","MECHANICAL DUCTWORK LAYOUT - LEVEL 09","model","selection","skip","SharedOnly","skip-other-users","13248198","Duct Fittings","MHT_Rectangular Elbow - Mitered - Single Thickness Vanes","","LEVEL 09","Standard","200x200-200x200","200","200","","NWB_DimDiameter","","","","SKIP","no parsed value","","","","NWB_DimDiameter","","","",""
"20260801_155722","NWB Dim AutoFill","MECHANICAL DUCTWORK LAYOUT - LEVEL 09","model","selection","skip","SharedOnly","skip-other-users","13248200","Duct Fittings","MHT_Rectangular Elbow - Mitered - Single Thickness Vanes","","LEVEL 09","Standard","200x200-200x200","200","200","","NWB_DimWidth","200","300","300","SKIP","existing-kept","instance","Shared Parameter","7626175","NWB_DimWidth","String","False","1","1"
"20260801_155722","NWB Dim AutoFill","MECHANICAL DUCTWORK LAYOUT - LEVEL 09","model","selection","skip","SharedOnly","skip-other-users","13248200","Duct Fittings","MHT_Rectangular Elbow - Mitered - Single Thickness Vanes","","LEVEL 09","Standard","200x200-200x200","200","200","","NWB_DimHeight","200","300","300","SKIP","existing-kept","instance","Shared Parameter","7626170","NWB_DimHeight","String","False","1","1"
"20260801_155722","NWB Dim AutoFill","MECHANICAL DUCTWORK LAYOUT - LEVEL 09","model","selection","skip","SharedOnly","skip-other-users","13248200","Duct Fittings","MHT_Rectangular Elbow - Mitered - Single Thickness Vanes","","LEVEL 09","Standard","200x200-200x200","200","200","","NWB_DimDiameter","","","","SKIP","no parsed value","","","","NWB_DimDiameter","","","",""
"20260801_155722","NWB Dim AutoFill","MECHANICAL DUCTWORK LAYOUT - LEVEL 09","model","selection","skip","SharedOnly","skip-other-users","13248243","Ducts","Rectangular Duct","","LEVEL 09","Flanged Long Radius Elbows / Shoe Branch","600x300","600","300","","NWB_DimWidth","600","600","600","SKIP","existing-kept","instance","Shared Parameter","7626175","NWB_DimWidth","String","False","1","1"
"20260801_155722","NWB Dim AutoFill","MECHANICAL DUCTWORK LAYOUT - LEVEL 09","model","selection","skip","SharedOnly","skip-other-users","13248243","Ducts","Rectangular Duct","","LEVEL 09","Flanged Long Radius Elbows / Shoe Branch","600x300","600","300","","NWB_DimHeight","300","300","300","SKIP","existing-kept","instance","Shared Parameter","7626170","NWB_DimHeight","String","False","1","1"
"20260801_155722","NWB Dim AutoFill","MECHANICAL DUCTWORK LAYOUT - LEVEL 09","model","selection","skip","SharedOnly","skip-other-users","13248243","Ducts","Rectangular Duct","","LEVEL 09","Flanged Long Radius Elbows / Shoe Branch","600x300","600","300","","NWB_DimDiameter","","","","SKIP","no parsed value","","","","NWB_DimDiameter","","","",""
"20260801_155722","NWB Dim AutoFill","MECHANICAL DUCTWORK LAYOUT - LEVEL 09","model","selection","skip","SharedOnly","skip-other-users","13248244","Ducts","Rectangular Duct","","LEVEL 09","Flanged Long Radius Elbows / Shoe Branch","600x300","600","300","","NWB_DimWidth","600","600","600","SKIP","existing-kept","instance","Shared Parameter","7626175","NWB_DimWidth","String","False","1","1"
"20260801_155722","NWB Dim AutoFill","MECHANICAL DUCTWORK LAYOUT - LEVEL 09","model","selection","skip","SharedOnly","skip-other-users","13248244","Ducts","Rectangular Duct","","LEVEL 09","Flanged Long Radius Elbows / Shoe Branch","600x300","600","300","","NWB_DimHeight","300","300","300","SKIP","existing-kept","instance","Shared Parameter","7626170","NWB_DimHeight","String","False","1","1"
"20260801_155722","NWB Dim AutoFill","MECHANICAL DUCTWORK LAYOUT - LEVEL 09","model","selection","skip","SharedOnly","skip-other-users","13248244","Ducts","Rectangular Duct","","LEVEL 09","Flanged Long Radius Elbows / Shoe Branch","600x300","600","300","","NWB_DimDiameter","","","","SKIP","no parsed value","","","","NWB_DimDiameter","","","",""
"20260801_155722","NWB Dim AutoFill","MECHANICAL DUCTWORK LAYOUT - LEVEL 09","model","selection","skip","SharedOnly","skip-other-users","13248245","Air Terminals","MHT-ME-AT - Supply Air Grille","","","MHT-ME-AT - 600x300","600x300","600","300","","NWB_DimWidth","600","600","600","SKIP","existing-kept","instance","Shared Parameter","7626175","NWB_DimWidth","String","False","1","1"
"20260801_155722","NWB Dim AutoFill","MECHANICAL DUCTWORK LAYOUT - LEVEL 09","model","selection","skip","SharedOnly","skip-other-users","13248245","Air Terminals","MHT-ME-AT - Supply Air Grille","","","MHT-ME-AT - 600x300","600x300","600","300","","NWB_DimHeight","300","300","300","SKIP","existing-kept","instance","Shared Parameter","7626170","NWB_DimHeight","String","False","1","1"
"20260801_155722","NWB Dim AutoFill","MECHANICAL DUCTWORK LAYOUT - LEVEL 09","model","selection","skip","SharedOnly","skip-other-users","13248245","Air Terminals","MHT-ME-AT - Supply Air Grille","","","MHT-ME-AT - 600x300","600x300","600","300","","NWB_DimDiameter","","","","SKIP","no parsed value","","","","NWB_DimDiameter","","","",""
"20260801_155722","NWB Dim AutoFill","MECHANICAL DUCTWORK LAYOUT - LEVEL 09","model","selection","skip","SharedOnly","skip-other-users","13248247","Ducts","Rectangular Duct","","LEVEL 09","Flanged Long Radius Elbows / Shoe Branch","600x300","600","300","","NWB_DimWidth","600","600","600","SKIP","existing-kept","instance","Shared Parameter","7626175","NWB_DimWidth","String","False","1","1"
"20260801_155722","NWB Dim AutoFill","MECHANICAL DUCTWORK LAYOUT - LEVEL 09","model","selection","skip","SharedOnly","skip-other-users","13248247","Ducts","Rectangular Duct","","LEVEL 09","Flanged Long Radius Elbows / Shoe Branch","600x300","600","300","","NWB_DimHeight","300","300","300","SKIP","existing-kept","instance","Shared Parameter","7626170","NWB_DimHeight","String","False","1","1"
"20260801_155722","NWB Dim AutoFill","MECHANICAL DUCTWORK LAYOUT - LEVEL 09","model","selection","skip","SharedOnly","skip-other-users","13248247","Ducts","Rectangular Duct","","LEVEL 09","Flanged Long Radius Elbows / Shoe Branch","600x300","600","300","","NWB_DimDiameter","","","","SKIP","no parsed value","","","","NWB_DimDiameter","","","",""
"20260801_155722","NWB Dim AutoFill","MECHANICAL DUCTWORK LAYOUT - LEVEL 09","model","selection","skip","SharedOnly","skip-other-users","13248252","Duct Fittings","MHT_Rectangular Elbow - Mitered - Single Thickness Vanes","","LEVEL 09","Standard","300x600-300x600","300","600","","NWB_DimWidth","300","250","250","SKIP","existing-kept","instance","Shared Parameter","7626175","NWB_DimWidth","String","False","1","1"
"20260801_155722","NWB Dim AutoFill","MECHANICAL DUCTWORK LAYOUT - LEVEL 09","model","selection","skip","SharedOnly","skip-other-users","13248252","Duct Fittings","MHT_Rectangular Elbow - Mitered - Single Thickness Vanes","","LEVEL 09","Standard","300x600-300x600","300","600","","NWB_DimHeight","600","250","250","SKIP","existing-kept","instance","Shared Parameter","7626170","NWB_DimHeight","String","False","1","1"
"20260801_155722","NWB Dim AutoFill","MECHANICAL DUCTWORK LAYOUT - LEVEL 09","model","selection","skip","SharedOnly","skip-other-users","13248252","Duct Fittings","MHT_Rectangular Elbow - Mitered - Single Thickness Vanes","","LEVEL 09","Standard","300x600-300x600","300","600","","NWB_DimDiameter","","","","SKIP","no parsed value","","","","NWB_DimDiameter","","","",""
"20260801_155722","NWB Dim AutoFill","MECHANICAL DUCTWORK LAYOUT - LEVEL 09","model","selection","skip","SharedOnly","skip-other-users","13363750","Duct Fittings","MHT-ME-DF-Rectangular Eccentric Taper - Flanged-01","","LEVEL 09","Standard","300x300-200x200","300","300","","NWB_DimWidth","300","300","300","SKIP","existing-kept","instance","Shared Parameter","7626175","NWB_DimWidth","String","False","2","1"
"20260801_155722","NWB Dim AutoFill","MECHANICAL DUCTWORK LAYOUT - LEVEL 09","model","selection","skip","SharedOnly","skip-other-users","13363750","Duct Fittings","MHT-ME-DF-Rectangular Eccentric Taper - Flanged-01","","LEVEL 09","Standard","300x300-200x200","300","300","","NWB_DimHeight","300","300","300","SKIP","existing-kept","instance","Shared Parameter","7626170","NWB_DimHeight","String","False","2","1"
"20260801_155722","NWB Dim AutoFill","MECHANICAL DUCTWORK LAYOUT - LEVEL 09","model","selection","skip","SharedOnly","skip-other-users","13363750","Duct Fittings","MHT-ME-DF-Rectangular Eccentric Taper - Flanged-01","","LEVEL 09","Standard","300x300-200x200","300","300","","NWB_DimDiameter","","","","SKIP","no parsed value","","","","NWB_DimDiameter","","","",""
"20260801_155722","NWB Dim AutoFill","MECHANICAL DUCTWORK LAYOUT - LEVEL 09","model","selection","skip","SharedOnly","skip-other-users","13363752","Duct Fittings","MHT-ME-DF-Rectangular Eccentric Taper - Flanged-01","","LEVEL 09","Standard","300x300-200x200","300","300","","NWB_DimWidth","300","300","300","SKIP","existing-kept","instance","Shared Parameter","7626175","NWB_DimWidth","String","False","2","1"
"20260801_155722","NWB Dim AutoFill","MECHANICAL DUCTWORK LAYOUT - LEVEL 09","model","selection","skip","SharedOnly","skip-other-users","13363752","Duct Fittings","MHT-ME-DF-Rectangular Eccentric Taper - Flanged-01","","LEVEL 09","Standard","300x300-200x200","300","300","","NWB_DimHeight","300","300","300","SKIP","existing-kept","instance","Shared Parameter","7626170","NWB_DimHeight","String","False","2","1"
"20260801_155722","NWB Dim AutoFill","MECHANICAL DUCTWORK LAYOUT - LEVEL 09","model","selection","skip","SharedOnly","skip-other-users","13363752","Duct Fittings","MHT-ME-DF-Rectangular Eccentric Taper - Flanged-01","","LEVEL 09","Standard","300x300-200x200","300","300","","NWB_DimDiameter","","","","SKIP","no parsed value","","","","NWB_DimDiameter","","","",""
"20260801_155722","NWB Dim AutoFill","MECHANICAL DUCTWORK LAYOUT - LEVEL 09","model","selection","skip","SharedOnly","skip-other-users","13363758","Ducts","Rectangular Duct","","LEVEL 09","Flanged Long Radius Elbows / Shoe Branch","300x300","300","300","","NWB_DimWidth","300","300","300","SKIP","existing-kept","instance","Shared Parameter","7626175","NWB_DimWidth","String","False","1","1"
"20260801_155722","NWB Dim AutoFill","MECHANICAL DUCTWORK LAYOUT - LEVEL 09","model","selection","skip","SharedOnly","skip-other-users","13363758","Ducts","Rectangular Duct","","LEVEL 09","Flanged Long Radius Elbows / Shoe Branch","300x300","300","300","","NWB_DimHeight","300","300","300","SKIP","existing-kept","instance","Shared Parameter","7626170","NWB_DimHeight","String","False","1","1"
"20260801_155722","NWB Dim AutoFill","MECHANICAL DUCTWORK LAYOUT - LEVEL 09","model","selection","skip","SharedOnly","skip-other-users","13363758","Ducts","Rectangular Duct","","LEVEL 09","Flanged Long Radius Elbows / Shoe Branch","300x300","300","300","","NWB_DimDiameter","","","","SKIP","no parsed value","","","","NWB_DimDiameter","","","",""
"20260801_155722","NWB Dim AutoFill","MECHANICAL DUCTWORK LAYOUT - LEVEL 09","model","selection","skip","SharedOnly","skip-other-users","13363759","Air Terminals","MHT-ME-AT - Supply Air Grille","","","MHT-ME-AT - 300x300","300x300","300","300","","NWB_DimWidth","300","300","300","SKIP","existing-kept","instance","Shared Parameter","7626175","NWB_DimWidth","String","False","1","1"
"20260801_155722","NWB Dim AutoFill","MECHANICAL DUCTWORK LAYOUT - LEVEL 09","model","selection","skip","SharedOnly","skip-other-users","13363759","Air Terminals","MHT-ME-AT - Supply Air Grille","","","MHT-ME-AT - 300x300","300x300","300","300","","NWB_DimHeight","300","300","300","SKIP","existing-kept","instance","Shared Parameter","7626170","NWB_DimHeight","String","False","1","1"
"20260801_155722","NWB Dim AutoFill","MECHANICAL DUCTWORK LAYOUT - LEVEL 09","model","selection","skip","SharedOnly","skip-other-users","13363759","Air Terminals","MHT-ME-AT - Supply Air Grille","","","MHT-ME-AT - 300x300","300x300","300","300","","NWB_DimDiameter","","","","SKIP","no parsed value","","","","NWB_DimDiameter","","","",""
"20260801_155722","NWB Dim AutoFill","MECHANICAL DUCTWORK LAYOUT - LEVEL 09","model","selection","skip","SharedOnly","skip-other-users","13363761","Ducts","Rectangular Duct","","LEVEL 09","Flanged Long Radius Elbows / Shoe Branch","300x300","300","300","","NWB_DimWidth","300","300","300","SKIP","existing-kept","instance","Shared Parameter","7626175","NWB_DimWidth","String","False","1","1"
"20260801_155722","NWB Dim AutoFill","MECHANICAL DUCTWORK LAYOUT - LEVEL 09","model","selection","skip","SharedOnly","skip-other-users","13363761","Ducts","Rectangular Duct","","LEVEL 09","Flanged Long Radius Elbows / Shoe Branch","300x300","300","300","","NWB_DimHeight","300","300","300","SKIP","existing-kept","instance","Shared Parameter","7626170","NWB_DimHeight","String","False","1","1"
"20260801_155722","NWB Dim AutoFill","MECHANICAL DUCTWORK LAYOUT - LEVEL 09","model","selection","skip","SharedOnly","skip-other-users","13363761","Ducts","Rectangular Duct","","LEVEL 09","Flanged Long Radius Elbows / Shoe Branch","300x300","300","300","","NWB_DimDiameter","","","","SKIP","no parsed value","","","","NWB_DimDiameter","","","",""
"20260801_155722","NWB Dim AutoFill","MECHANICAL DUCTWORK LAYOUT - LEVEL 09","model","selection","skip","SharedOnly","skip-other-users","13363762","Air Terminals","MHT-ME-AT - Supply Air Grille","","","MHT-ME-AT - 300x300","300x300","300","300","","NWB_DimWidth","300","300","300","SKIP","existing-kept","instance","Shared Parameter","7626175","NWB_DimWidth","String","False","1","1"
"20260801_155722","NWB Dim AutoFill","MECHANICAL DUCTWORK LAYOUT - LEVEL 09","model","selection","skip","SharedOnly","skip-other-users","13363762","Air Terminals","MHT-ME-AT - Supply Air Grille","","","MHT-ME-AT - 300x300","300x300","300","300","","NWB_DimHeight","300","300","300","SKIP","existing-kept","instance","Shared Parameter","7626170","NWB_DimHeight","String","False","1","1"
"20260801_155722","NWB Dim AutoFill","MECHANICAL DUCTWORK LAYOUT - LEVEL 09","model","selection","skip","SharedOnly","skip-other-users","13363762","Air Terminals","MHT-ME-AT - Supply Air Grille","","","MHT-ME-AT - 300x300","300x300","300","300","","NWB_DimDiameter","","","","SKIP","no parsed value","","","","NWB_DimDiameter","","","",""
"20260801_155722","NWB Dim AutoFill","MECHANICAL DUCTWORK LAYOUT - LEVEL 09","model","selection","skip","SharedOnly","skip-other-users","13363765","Ducts","Rectangular Duct","","LEVEL 09","Flanged Long Radius Elbows / Shoe Branch","300x300","300","300","","NWB_DimWidth","300","300","300","SKIP","existing-kept","instance","Shared Parameter","7626175","NWB_DimWidth","String","False","1","1"
"20260801_155722","NWB Dim AutoFill","MECHANICAL DUCTWORK LAYOUT - LEVEL 09","model","selection","skip","SharedOnly","skip-other-users","13363765","Ducts","Rectangular Duct","","LEVEL 09","Flanged Long Radius Elbows / Shoe Branch","300x300","300","300","","NWB_DimHeight","300","300","300","SKIP","existing-kept","instance","Shared Parameter","7626170","NWB_DimHeight","String","False","1","1"
"20260801_155722","NWB Dim AutoFill","MECHANICAL DUCTWORK LAYOUT - LEVEL 09","model","selection","skip","SharedOnly","skip-other-users","13363765","Ducts","Rectangular Duct","","LEVEL 09","Flanged Long Radius Elbows / Shoe Branch","300x300","300","300","","NWB_DimDiameter","","","","SKIP","no parsed value","","","","NWB_DimDiameter","","","",""
"20260801_155722","NWB Dim AutoFill","MECHANICAL DUCTWORK LAYOUT - LEVEL 09","model","selection","skip","SharedOnly","skip-other-users","13363766","Duct Fittings","MHT_Rectangular Elbow - Mitered - Single Thickness Vanes","","LEVEL 09","Standard","300x300-300x300","300","300","","NWB_DimWidth","300","300","300","SKIP","existing-kept","instance","Shared Parameter","7626175","NWB_DimWidth","String","False","1","1"
"20260801_155722","NWB Dim AutoFill","MECHANICAL DUCTWORK LAYOUT - LEVEL 09","model","selection","skip","SharedOnly","skip-other-users","13363766","Duct Fittings","MHT_Rectangular Elbow - Mitered - Single Thickness Vanes","","LEVEL 09","Standard","300x300-300x300","300","300","","NWB_DimHeight","300","0","0","SKIP","existing-kept","instance","Shared Parameter","7626170","NWB_DimHeight","String","False","1","1"
"20260801_155722","NWB Dim AutoFill","MECHANICAL DUCTWORK LAYOUT - LEVEL 09","model","selection","skip","SharedOnly","skip-other-users","13363766","Duct Fittings","MHT_Rectangular Elbow - Mitered - Single Thickness Vanes","","LEVEL 09","Standard","300x300-300x300","300","300","","NWB_DimDiameter","","","","SKIP","no parsed value","","","","NWB_DimDiameter","","","",""
"20260801_155722","NWB Dim AutoFill","MECHANICAL DUCTWORK LAYOUT - LEVEL 09","model","selection","skip","SharedOnly","skip-other-users","13363768","Duct Fittings","MHT_Rectangular Elbow - Mitered - Single Thickness Vanes","","LEVEL 09","Standard","300x300-300x300","300","300","","NWB_DimWidth","300","300","300","SKIP","existing-kept","instance","Shared Parameter","7626175","NWB_DimWidth","String","False","1","1"
"20260801_155722","NWB Dim AutoFill","MECHANICAL DUCTWORK LAYOUT - LEVEL 09","model","selection","skip","SharedOnly","skip-other-users","13363768","Duct Fittings","MHT_Rectangular Elbow - Mitered - Single Thickness Vanes","","LEVEL 09","Standard","300x300-300x300","300","300","","NWB_DimHeight","300","0","0","SKIP","existing-kept","instance","Shared Parameter","7626170","NWB_DimHeight","String","False","1","1"
"20260801_155722","NWB Dim AutoFill","MECHANICAL DUCTWORK LAYOUT - LEVEL 09","model","selection","skip","SharedOnly","skip-other-users","13363768","Duct Fittings","MHT_Rectangular Elbow - Mitered - Single Thickness Vanes","","LEVEL 09","Standard","300x300-300x300","300","300","","NWB_DimDiameter","","","","SKIP","no parsed value","","","","NWB_DimDiameter","","","",""
"20260801_155722","NWB Dim AutoFill","MECHANICAL DUCTWORK LAYOUT - LEVEL 09","model","selection","skip","SharedOnly","skip-other-users","13363772","Ducts","Rectangular Duct","","LEVEL 09","Flanged Long Radius Elbows / Shoe Branch","300x300","300","300","","NWB_DimWidth","300","300","300","SKIP","existing-kept","instance","Shared Parameter","7626175","NWB_DimWidth","String","False","1","1"
"20260801_155722","NWB Dim AutoFill","MECHANICAL DUCTWORK LAYOUT - LEVEL 09","model","selection","skip","SharedOnly","skip-other-users","13363772","Ducts","Rectangular Duct","","LEVEL 09","Flanged Long Radius Elbows / Shoe Branch","300x300","300","300","","NWB_DimHeight","300","300","300","SKIP","existing-kept","instance","Shared Parameter","7626170","NWB_DimHeight","String","False","1","1"
"20260801_155722","NWB Dim AutoFill","MECHANICAL DUCTWORK LAYOUT - LEVEL 09","model","selection","skip","SharedOnly","skip-other-users","13363772","Ducts","Rectangular Duct","","LEVEL 09","Flanged Long Radius Elbows / Shoe Branch","300x300","300","300","","NWB_DimDiameter","","","","SKIP","no parsed value","","","","NWB_DimDiameter","","","",""
"20260801_155722","NWB Dim AutoFill","MECHANICAL DUCTWORK LAYOUT - LEVEL 09","model","selection","skip","SharedOnly","skip-other-users","13363775","Ducts","Rectangular Duct","","LEVEL 09","Flanged Long Radius Elbows / Shoe Branch","300x300","300","300","","NWB_DimWidth","300","300","300","SKIP","existing-kept","instance","Shared Parameter","7626175","NWB_DimWidth","String","False","1","1"
"20260801_155722","NWB Dim AutoFill","MECHANICAL DUCTWORK LAYOUT - LEVEL 09","model","selection","skip","SharedOnly","skip-other-users","13363775","Ducts","Rectangular Duct","","LEVEL 09","Flanged Long Radius Elbows / Shoe Branch","300x300","300","300","","NWB_DimHeight","300","300","300","SKIP","existing-kept","instance","Shared Parameter","7626170","NWB_DimHeight","String","False","1","1"
"20260801_155722","NWB Dim AutoFill","MECHANICAL DUCTWORK LAYOUT - LEVEL 09","model","selection","skip","SharedOnly","skip-other-users","13363775","Ducts","Rectangular Duct","","LEVEL 09","Flanged Long Radius Elbows / Shoe Branch","300x300","300","300","","NWB_DimDiameter","","","","SKIP","no parsed value","","","","NWB_DimDiameter","","","",""
"20260801_155722","NWB Dim AutoFill","MECHANICAL DUCTWORK LAYOUT - LEVEL 09","model","selection","skip","SharedOnly","skip-other-users","13363776","Air Terminals","MHT-ME-AT - Supply Air Grille","","","MHT-ME-AT - 300x300","300x300","300","300","","NWB_DimWidth","300","300","300","SKIP","existing-kept","instance","Shared Parameter","7626175","NWB_DimWidth","String","False","1","1"
"20260801_155722","NWB Dim AutoFill","MECHANICAL DUCTWORK LAYOUT - LEVEL 09","model","selection","skip","SharedOnly","skip-other-users","13363776","Air Terminals","MHT-ME-AT - Supply Air Grille","","","MHT-ME-AT - 300x300","300x300","300","300","","NWB_DimHeight","300","300","300","SKIP","existing-kept","instance","Shared Parameter","7626170","NWB_DimHeight","String","False","1","1"
"20260801_155722","NWB Dim AutoFill","MECHANICAL DUCTWORK LAYOUT - LEVEL 09","model","selection","skip","SharedOnly","skip-other-users","13363776","Air Terminals","MHT-ME-AT - Supply Air Grille","","","MHT-ME-AT - 300x300","300x300","300","300","","NWB_DimDiameter","","","","SKIP","no parsed value","","","","NWB_DimDiameter","","","",""
"20260801_155722","NWB Dim AutoFill","MECHANICAL DUCTWORK LAYOUT - LEVEL 09","model","selection","skip","SharedOnly","skip-other-users","13363779","Ducts","Rectangular Duct","","LEVEL 09","Flanged Long Radius Elbows / Shoe Branch","300x300","300","300","","NWB_DimWidth","300","300","300","SKIP","existing-kept","instance","Shared Parameter","7626175","NWB_DimWidth","String","False","1","1"
"20260801_155722","NWB Dim AutoFill","MECHANICAL DUCTWORK LAYOUT - LEVEL 09","model","selection","skip","SharedOnly","skip-other-users","13363779","Ducts","Rectangular Duct","","LEVEL 09","Flanged Long Radius Elbows / Shoe Branch","300x300","300","300","","NWB_DimHeight","300","300","300","SKIP","existing-kept","instance","Shared Parameter","7626170","NWB_DimHeight","String","False","1","1"
"20260801_155722","NWB Dim AutoFill","MECHANICAL DUCTWORK LAYOUT - LEVEL 09","model","selection","skip","SharedOnly","skip-other-users","13363779","Ducts","Rectangular Duct","","LEVEL 09","Flanged Long Radius Elbows / Shoe Branch","300x300","300","300","","NWB_DimDiameter","","","","SKIP","no parsed value","","","","NWB_DimDiameter","","","",""
"20260801_155722","NWB Dim AutoFill","MECHANICAL DUCTWORK LAYOUT - LEVEL 09","model","selection","skip","SharedOnly","skip-other-users","13363780","Duct Fittings","MHT_Rectangular Elbow - Mitered - Single Thickness Vanes","","LEVEL 09","Standard","300x300-300x300","300","300","","NWB_DimWidth","300","300","300","SKIP","existing-kept","instance","Shared Parameter","7626175","NWB_DimWidth","String","False","1","1"
"20260801_155722","NWB Dim AutoFill","MECHANICAL DUCTWORK LAYOUT - LEVEL 09","model","selection","skip","SharedOnly","skip-other-users","13363780","Duct Fittings","MHT_Rectangular Elbow - Mitered - Single Thickness Vanes","","LEVEL 09","Standard","300x300-300x300","300","300","","NWB_DimHeight","300","300","300","SKIP","existing-kept","instance","Shared Parameter","7626170","NWB_DimHeight","String","False","1","1"
"20260801_155722","NWB Dim AutoFill","MECHANICAL DUCTWORK LAYOUT - LEVEL 09","model","selection","skip","SharedOnly","skip-other-users","13363780","Duct Fittings","MHT_Rectangular Elbow - Mitered - Single Thickness Vanes","","LEVEL 09","Standard","300x300-300x300","300","300","","NWB_DimDiameter","","","","SKIP","no parsed value","","","","NWB_DimDiameter","","","",""
"20260801_155722","NWB Dim AutoFill","MECHANICAL DUCTWORK LAYOUT - LEVEL 09","model","selection","skip","SharedOnly","skip-other-users","13363786","Ducts","Rectangular Duct","","LEVEL 09","Flanged Long Radius Elbows / Shoe Branch","300x300","300","300","","NWB_DimWidth","300","300","300","SKIP","existing-kept","instance","Shared Parameter","7626175","NWB_DimWidth","String","False","1","1"
"20260801_155722","NWB Dim AutoFill","MECHANICAL DUCTWORK LAYOUT - LEVEL 09","model","selection","skip","SharedOnly","skip-other-users","13363786","Ducts","Rectangular Duct","","LEVEL 09","Flanged Long Radius Elbows / Shoe Branch","300x300","300","300","","NWB_DimHeight","300","300","300","SKIP","existing-kept","instance","Shared Parameter","7626170","NWB_DimHeight","String","False","1","1"
"20260801_155722","NWB Dim AutoFill","MECHANICAL DUCTWORK LAYOUT - LEVEL 09","model","selection","skip","SharedOnly","skip-other-users","13363786","Ducts","Rectangular Duct","","LEVEL 09","Flanged Long Radius Elbows / Shoe Branch","300x300","300","300","","NWB_DimDiameter","","","","SKIP","no parsed value","","","","NWB_DimDiameter","","","",""
"20260801_155722","NWB Dim AutoFill","MECHANICAL DUCTWORK LAYOUT - LEVEL 09","model","selection","skip","SharedOnly","skip-other-users","13363789","Ducts","Rectangular Duct","","LEVEL 09","Flanged Long Radius Elbows / Shoe Branch","300x300","300","300","","NWB_DimWidth","300","300","300","SKIP","existing-kept","instance","Shared Parameter","7626175","NWB_DimWidth","String","False","1","1"
"20260801_155722","NWB Dim AutoFill","MECHANICAL DUCTWORK LAYOUT - LEVEL 09","model","selection","skip","SharedOnly","skip-other-users","13363789","Ducts","Rectangular Duct","","LEVEL 09","Flanged Long Radius Elbows / Shoe Branch","300x300","300","300","","NWB_DimHeight","300","300","300","SKIP","existing-kept","instance","Shared Parameter","7626170","NWB_DimHeight","String","False","1","1"
"20260801_155722","NWB Dim AutoFill","MECHANICAL DUCTWORK LAYOUT - LEVEL 09","model","selection","skip","SharedOnly","skip-other-users","13363789","Ducts","Rectangular Duct","","LEVEL 09","Flanged Long Radius Elbows / Shoe Branch","300x300","300","300","","NWB_DimDiameter","","","","SKIP","no parsed value","","","","NWB_DimDiameter","","","",""
"20260801_155722","NWB Dim AutoFill","MECHANICAL DUCTWORK LAYOUT - LEVEL 09","model","selection","skip","SharedOnly","skip-other-users","13363793","Ducts","Rectangular Duct","","LEVEL 09","Flanged Long Radius Elbows / Shoe Branch","300x300","300","300","","NWB_DimWidth","300","300","300","SKIP","existing-kept","instance","Shared Parameter","7626175","NWB_DimWidth","String","False","1","1"
"20260801_155722","NWB Dim AutoFill","MECHANICAL DUCTWORK LAYOUT - LEVEL 09","model","selection","skip","SharedOnly","skip-other-users","13363793","Ducts","Rectangular Duct","","LEVEL 09","Flanged Long Radius Elbows / Shoe Branch","300x300","300","300","","NWB_DimHeight","300","300","300","SKIP","existing-kept","instance","Shared Parameter","7626170","NWB_DimHeight","String","False","1","1"
"20260801_155722","NWB Dim AutoFill","MECHANICAL DUCTWORK LAYOUT - LEVEL 09","model","selection","skip","SharedOnly","skip-other-users","13363793","Ducts","Rectangular Duct","","LEVEL 09","Flanged Long Radius Elbows / Shoe Branch","300x300","300","300","","NWB_DimDiameter","","","","SKIP","no parsed value","","","","NWB_DimDiameter","","","",""
"20260801_155722","NWB Dim AutoFill","MECHANICAL DUCTWORK LAYOUT - LEVEL 09","model","selection","skip","SharedOnly","skip-other-users","13363794","Duct Fittings","MHT_Rectangular Elbow - Mitered - Single Thickness Vanes","","LEVEL 09","Standard","300x300-300x300","300","300","","NWB_DimWidth","300","300","300","SKIP","existing-kept","instance","Shared Parameter","7626175","NWB_DimWidth","String","False","1","1"
"20260801_155722","NWB Dim AutoFill","MECHANICAL DUCTWORK LAYOUT - LEVEL 09","model","selection","skip","SharedOnly","skip-other-users","13363794","Duct Fittings","MHT_Rectangular Elbow - Mitered - Single Thickness Vanes","","LEVEL 09","Standard","300x300-300x300","300","300","","NWB_DimHeight","300","300","300","SKIP","existing-kept","instance","Shared Parameter","7626170","NWB_DimHeight","String","False","1","1"
"20260801_155722","NWB Dim AutoFill","MECHANICAL DUCTWORK LAYOUT - LEVEL 09","model","selection","skip","SharedOnly","skip-other-users","13363794","Duct Fittings","MHT_Rectangular Elbow - Mitered - Single Thickness Vanes","","LEVEL 09","Standard","300x300-300x300","300","300","","NWB_DimDiameter","","","","SKIP","no parsed value","","","","NWB_DimDiameter","","","",""
"20260801_155722","NWB Dim AutoFill","MECHANICAL DUCTWORK LAYOUT - LEVEL 09","model","selection","skip","SharedOnly","skip-other-users","13363796","Duct Fittings","MHT_Rectangular Elbow - Mitered - Single Thickness Vanes","","LEVEL 09","Standard","300x300-300x300","300","300","","NWB_DimWidth","300","300","300","SKIP","existing-kept","instance","Shared Parameter","7626175","NWB_DimWidth","String","False","1","1"
"20260801_155722","NWB Dim AutoFill","MECHANICAL DUCTWORK LAYOUT - LEVEL 09","model","selection","skip","SharedOnly","skip-other-users","13363796","Duct Fittings","MHT_Rectangular Elbow - Mitered - Single Thickness Vanes","","LEVEL 09","Standard","300x300-300x300","300","300","","NWB_DimHeight","300","300","300","SKIP","existing-kept","instance","Shared Parameter","7626170","NWB_DimHeight","String","False","1","1"
"20260801_155722","NWB Dim AutoFill","MECHANICAL DUCTWORK LAYOUT - LEVEL 09","model","selection","skip","SharedOnly","skip-other-users","13363796","Duct Fittings","MHT_Rectangular Elbow - Mitered - Single Thickness Vanes","","LEVEL 09","Standard","300x300-300x300","300","300","","NWB_DimDiameter","","","","SKIP","no parsed value","","","","NWB_DimDiameter","","","",""
"20260801_155722","NWB Dim AutoFill","MECHANICAL DUCTWORK LAYOUT - LEVEL 09","model","selection","skip","SharedOnly","skip-other-users","13363839","Ducts","Rectangular Duct","","LEVEL 09","Flanged Long Radius Elbows / Shoe Branch","300x300","300","300","","NWB_DimWidth","300","300","300","SKIP","existing-kept","instance","Shared Parameter","7626175","NWB_DimWidth","String","False","1","1"
"20260801_155722","NWB Dim AutoFill","MECHANICAL DUCTWORK LAYOUT - LEVEL 09","model","selection","skip","SharedOnly","skip-other-users","13363839","Ducts","Rectangular Duct","","LEVEL 09","Flanged Long Radius Elbows / Shoe Branch","300x300","300","300","","NWB_DimHeight","300","300","300","SKIP","existing-kept","instance","Shared Parameter","7626170","NWB_DimHeight","String","False","1","1"
"20260801_155722","NWB Dim AutoFill","MECHANICAL DUCTWORK LAYOUT - LEVEL 09","model","selection","skip","SharedOnly","skip-other-users","13363839","Ducts","Rectangular Duct","","LEVEL 09","Flanged Long Radius Elbows / Shoe Branch","300x300","300","300","","NWB_DimDiameter","","","","SKIP","no parsed value","","","","NWB_DimDiameter","","","",""
"20260801_155722","NWB Dim AutoFill","MECHANICAL DUCTWORK LAYOUT - LEVEL 09","model","selection","skip","SharedOnly","skip-other-users","13363840","Air Terminals","MHT-ME-AT - Supply Air Grille","","","MHT-ME-AT - 300x300","300x300","300","300","","NWB_DimWidth","300","300","300","SKIP","existing-kept","instance","Shared Parameter","7626175","NWB_DimWidth","String","False","1","1"
"20260801_155722","NWB Dim AutoFill","MECHANICAL DUCTWORK LAYOUT - LEVEL 09","model","selection","skip","SharedOnly","skip-other-users","13363840","Air Terminals","MHT-ME-AT - Supply Air Grille","","","MHT-ME-AT - 300x300","300x300","300","300","","NWB_DimHeight","300","300","300","SKIP","existing-kept","instance","Shared Parameter","7626170","NWB_DimHeight","String","False","1","1"
"20260801_155722","NWB Dim AutoFill","MECHANICAL DUCTWORK LAYOUT - LEVEL 09","model","selection","skip","SharedOnly","skip-other-users","13363840","Air Terminals","MHT-ME-AT - Supply Air Grille","","","MHT-ME-AT - 300x300","300x300","300","300","","NWB_DimDiameter","","","","SKIP","no parsed value","","","","NWB_DimDiameter","","","",""
"20260801_155722","NWB Dim AutoFill","MECHANICAL DUCTWORK LAYOUT - LEVEL 09","model","selection","skip","SharedOnly","skip-other-users","13363842","Ducts","Rectangular Duct","","LEVEL 09","Flanged Long Radius Elbows / Shoe Branch","300x300","300","300","","NWB_DimWidth","300","300","300","SKIP","existing-kept","instance","Shared Parameter","7626175","NWB_DimWidth","String","False","1","1"
"20260801_155722","NWB Dim AutoFill","MECHANICAL DUCTWORK LAYOUT - LEVEL 09","model","selection","skip","SharedOnly","skip-other-users","13363842","Ducts","Rectangular Duct","","LEVEL 09","Flanged Long Radius Elbows / Shoe Branch","300x300","300","300","","NWB_DimHeight","300","300","300","SKIP","existing-kept","instance","Shared Parameter","7626170","NWB_DimHeight","String","False","1","1"
"20260801_155722","NWB Dim AutoFill","MECHANICAL DUCTWORK LAYOUT - LEVEL 09","model","selection","skip","SharedOnly","skip-other-users","13363842","Ducts","Rectangular Duct","","LEVEL 09","Flanged Long Radius Elbows / Shoe Branch","300x300","300","300","","NWB_DimDiameter","","","","SKIP","no parsed value","","","","NWB_DimDiameter","","","",""
"20260801_155722","NWB Dim AutoFill","MECHANICAL DUCTWORK LAYOUT - LEVEL 09","model","selection","skip","SharedOnly","skip-other-users","13363843","Air Terminals","MHT-ME-AT - Supply Air Grille","","","MHT-ME-AT - 300x300","300x300","300","300","","NWB_DimWidth","300","300","300","SKIP","existing-kept","instance","Shared Parameter","7626175","NWB_DimWidth","String","False","1","1"
"20260801_155722","NWB Dim AutoFill","MECHANICAL DUCTWORK LAYOUT - LEVEL 09","model","selection","skip","SharedOnly","skip-other-users","13363843","Air Terminals","MHT-ME-AT - Supply Air Grille","","","MHT-ME-AT - 300x300","300x300","300","300","","NWB_DimHeight","300","300","300","SKIP","existing-kept","instance","Shared Parameter","7626170","NWB_DimHeight","String","False","1","1"
"20260801_155722","NWB Dim AutoFill","MECHANICAL DUCTWORK LAYOUT - LEVEL 09","model","selection","skip","SharedOnly","skip-other-users","13363843","Air Terminals","MHT-ME-AT - Supply Air Grille","","","MHT-ME-AT - 300x300","300x300","300","300","","NWB_DimDiameter","","","","SKIP","no parsed value","","","","NWB_DimDiameter","","","",""
"20260801_155722","NWB Dim AutoFill","MECHANICAL DUCTWORK LAYOUT - LEVEL 09","model","selection","skip","SharedOnly","skip-other-users","13363846","Ducts","Rectangular Duct","","LEVEL 09","Flanged Long Radius Elbows / Shoe Branch","300x300","300","300","","NWB_DimWidth","300","300","300","SKIP","existing-kept","instance","Shared Parameter","7626175","NWB_DimWidth","String","False","1","1"
"20260801_155722","NWB Dim AutoFill","MECHANICAL DUCTWORK LAYOUT - LEVEL 09","model","selection","skip","SharedOnly","skip-other-users","13363846","Ducts","Rectangular Duct","","LEVEL 09","Flanged Long Radius Elbows / Shoe Branch","300x300","300","300","","NWB_DimHeight","300","300","300","SKIP","existing-kept","instance","Shared Parameter","7626170","NWB_DimHeight","String","False","1","1"
"20260801_155722","NWB Dim AutoFill","MECHANICAL DUCTWORK LAYOUT - LEVEL 09","model","selection","skip","SharedOnly","skip-other-users","13363846","Ducts","Rectangular Duct","","LEVEL 09","Flanged Long Radius Elbows / Shoe Branch","300x300","300","300","","NWB_DimDiameter","","","","SKIP","no parsed value","","","","NWB_DimDiameter","","","",""
"20260801_155722","NWB Dim AutoFill","MECHANICAL DUCTWORK LAYOUT - LEVEL 09","model","selection","skip","SharedOnly","skip-other-users","13363847","Duct Fittings","MHT_Rectangular Elbow - Mitered - Single Thickness Vanes","","LEVEL 09","Standard","300x300-300x300","300","300","","NWB_DimWidth","300","300","300","SKIP","existing-kept","instance","Shared Parameter","7626175","NWB_DimWidth","String","False","1","1"
"20260801_155722","NWB Dim AutoFill","MECHANICAL DUCTWORK LAYOUT - LEVEL 09","model","selection","skip","SharedOnly","skip-other-users","13363847","Duct Fittings","MHT_Rectangular Elbow - Mitered - Single Thickness Vanes","","LEVEL 09","Standard","300x300-300x300","300","300","","NWB_DimHeight","300","300","300","SKIP","existing-kept","instance","Shared Parameter","7626170","NWB_DimHeight","String","False","1","1"
"20260801_155722","NWB Dim AutoFill","MECHANICAL DUCTWORK LAYOUT - LEVEL 09","model","selection","skip","SharedOnly","skip-other-users","13363847","Duct Fittings","MHT_Rectangular Elbow - Mitered - Single Thickness Vanes","","LEVEL 09","Standard","300x300-300x300","300","300","","NWB_DimDiameter","","","","SKIP","no parsed value","","","","NWB_DimDiameter","","","",""
"20260801_155722","NWB Dim AutoFill","MECHANICAL DUCTWORK LAYOUT - LEVEL 09","model","selection","skip","SharedOnly","skip-other-users","13363849","Duct Fittings","MHT_Rectangular Elbow - Mitered - Single Thickness Vanes","","LEVEL 09","Standard","300x300-300x300","300","300","","NWB_DimWidth","300","300","300","SKIP","existing-kept","instance","Shared Parameter","7626175","NWB_DimWidth","String","False","1","1"
"20260801_155722","NWB Dim AutoFill","MECHANICAL DUCTWORK LAYOUT - LEVEL 09","model","selection","skip","SharedOnly","skip-other-users","13363849","Duct Fittings","MHT_Rectangular Elbow - Mitered - Single Thickness Vanes","","LEVEL 09","Standard","300x300-300x300","300","300","","NWB_DimHeight","300","300","300","SKIP","existing-kept","instance","Shared Parameter","7626170","NWB_DimHeight","String","False","1","1"
"20260801_155722","NWB Dim AutoFill","MECHANICAL DUCTWORK LAYOUT - LEVEL 09","model","selection","skip","SharedOnly","skip-other-users","13363849","Duct Fittings","MHT_Rectangular Elbow - Mitered - Single Thickness Vanes","","LEVEL 09","Standard","300x300-300x300","300","300","","NWB_DimDiameter","","","","SKIP","no parsed value","","","","NWB_DimDiameter","","","",""
"20260801_155722","NWB Dim AutoFill","MECHANICAL DUCTWORK LAYOUT - LEVEL 09","model","selection","skip","SharedOnly","skip-other-users","13363853","Ducts","Rectangular Duct","","LEVEL 09","Flanged Long Radius Elbows / Shoe Branch","300x300","300","300","","NWB_DimWidth","300","300","300","SKIP","existing-kept","instance","Shared Parameter","7626175","NWB_DimWidth","String","False","1","1"
"20260801_155722","NWB Dim AutoFill","MECHANICAL DUCTWORK LAYOUT - LEVEL 09","model","selection","skip","SharedOnly","skip-other-users","13363853","Ducts","Rectangular Duct","","LEVEL 09","Flanged Long Radius Elbows / Shoe Branch","300x300","300","300","","NWB_DimHeight","300","300","300","SKIP","existing-kept","instance","Shared Parameter","7626170","NWB_DimHeight","String","False","1","1"
"20260801_155722","NWB Dim AutoFill","MECHANICAL DUCTWORK LAYOUT - LEVEL 09","model","selection","skip","SharedOnly","skip-other-users","13363853","Ducts","Rectangular Duct","","LEVEL 09","Flanged Long Radius Elbows / Shoe Branch","300x300","300","300","","NWB_DimDiameter","","","","SKIP","no parsed value","","","","NWB_DimDiameter","","","",""
"20260801_155722","NWB Dim AutoFill","MECHANICAL DUCTWORK LAYOUT - LEVEL 09","model","selection","skip","SharedOnly","skip-other-users","13363854","Air Terminals","MHT-ME-AT - Supply Air Grille","","","MHT-ME-AT - 300x300","300x300","300","300","","NWB_DimWidth","300","300","300","SKIP","existing-kept","instance","Shared Parameter","7626175","NWB_DimWidth","String","False","1","1"
"20260801_155722","NWB Dim AutoFill","MECHANICAL DUCTWORK LAYOUT - LEVEL 09","model","selection","skip","SharedOnly","skip-other-users","13363854","Air Terminals","MHT-ME-AT - Supply Air Grille","","","MHT-ME-AT - 300x300","300x300","300","300","","NWB_DimHeight","300","300","300","SKIP","existing-kept","instance","Shared Parameter","7626170","NWB_DimHeight","String","False","1","1"
"20260801_155722","NWB Dim AutoFill","MECHANICAL DUCTWORK LAYOUT - LEVEL 09","model","selection","skip","SharedOnly","skip-other-users","13363854","Air Terminals","MHT-ME-AT - Supply Air Grille","","","MHT-ME-AT - 300x300","300x300","300","300","","NWB_DimDiameter","","","","SKIP","no parsed value","","","","NWB_DimDiameter","","","",""
"20260801_155722","NWB Dim AutoFill","MECHANICAL DUCTWORK LAYOUT - LEVEL 09","model","selection","skip","SharedOnly","skip-other-users","13363856","Ducts","Rectangular Duct","","LEVEL 09","Flanged Long Radius Elbows / Shoe Branch","300x300","300","300","","NWB_DimWidth","300","300","300","SKIP","existing-kept","instance","Shared Parameter","7626175","NWB_DimWidth","String","False","1","1"
"20260801_155722","NWB Dim AutoFill","MECHANICAL DUCTWORK LAYOUT - LEVEL 09","model","selection","skip","SharedOnly","skip-other-users","13363856","Ducts","Rectangular Duct","","LEVEL 09","Flanged Long Radius Elbows / Shoe Branch","300x300","300","300","","NWB_DimHeight","300","300","300","SKIP","existing-kept","instance","Shared Parameter","7626170","NWB_DimHeight","String","False","1","1"
"20260801_155722","NWB Dim AutoFill","MECHANICAL DUCTWORK LAYOUT - LEVEL 09","model","selection","skip","SharedOnly","skip-other-users","13363856","Ducts","Rectangular Duct","","LEVEL 09","Flanged Long Radius Elbows / Shoe Branch","300x300","300","300","","NWB_DimDiameter","","","","SKIP","no parsed value","","","","NWB_DimDiameter","","","",""
"20260801_155722","NWB Dim AutoFill","MECHANICAL DUCTWORK LAYOUT - LEVEL 09","model","selection","skip","SharedOnly","skip-other-users","13363857","Air Terminals","MHT-ME-AT - Supply Air Grille","","","MHT-ME-AT - 300x300","300x300","300","300","","NWB_DimWidth","300","300","300","SKIP","existing-kept","instance","Shared Parameter","7626175","NWB_DimWidth","String","False","1","1"
"20260801_155722","NWB Dim AutoFill","MECHANICAL DUCTWORK LAYOUT - LEVEL 09","model","selection","skip","SharedOnly","skip-other-users","13363857","Air Terminals","MHT-ME-AT - Supply Air Grille","","","MHT-ME-AT - 300x300","300x300","300","300","","NWB_DimHeight","300","300","300","SKIP","existing-kept","instance","Shared Parameter","7626170","NWB_DimHeight","String","False","1","1"
"20260801_155722","NWB Dim AutoFill","MECHANICAL DUCTWORK LAYOUT - LEVEL 09","model","selection","skip","SharedOnly","skip-other-users","13363857","Air Terminals","MHT-ME-AT - Supply Air Grille","","","MHT-ME-AT - 300x300","300x300","300","300","","NWB_DimDiameter","","","","SKIP","no parsed value","","","","NWB_DimDiameter","","","",""
"20260801_155722","NWB Dim AutoFill","MECHANICAL DUCTWORK LAYOUT - LEVEL 09","model","selection","skip","SharedOnly","skip-other-users","13363860","Ducts","Rectangular Duct","","LEVEL 09","Flanged Long Radius Elbows / Shoe Branch","300x300","300","300","","NWB_DimWidth","300","300","300","SKIP","existing-kept","instance","Shared Parameter","7626175","NWB_DimWidth","String","False","1","1"
"20260801_155722","NWB Dim AutoFill","MECHANICAL DUCTWORK LAYOUT - LEVEL 09","model","selection","skip","SharedOnly","skip-other-users","13363860","Ducts","Rectangular Duct","","LEVEL 09","Flanged Long Radius Elbows / Shoe Branch","300x300","300","300","","NWB_DimHeight","300","300","300","SKIP","existing-kept","instance","Shared Parameter","7626170","NWB_DimHeight","String","False","1","1"
"20260801_155722","NWB Dim AutoFill","MECHANICAL DUCTWORK LAYOUT - LEVEL 09","model","selection","skip","SharedOnly","skip-other-users","13363860","Ducts","Rectangular Duct","","LEVEL 09","Flanged Long Radius Elbows / Shoe Branch","300x300","300","300","","NWB_DimDiameter","","","","SKIP","no parsed value","","","","NWB_DimDiameter","","","",""
"20260801_155722","NWB Dim AutoFill","MECHANICAL DUCTWORK LAYOUT - LEVEL 09","model","selection","skip","SharedOnly","skip-other-users","13363861","Duct Fittings","MHT_Rectangular Elbow - Mitered - Single Thickness Vanes","","LEVEL 09","Standard","300x300-300x300","300","300","","NWB_DimWidth","300","300","300","SKIP","existing-kept","instance","Shared Parameter","7626175","NWB_DimWidth","String","False","1","1"
"20260801_155722","NWB Dim AutoFill","MECHANICAL DUCTWORK LAYOUT - LEVEL 09","model","selection","skip","SharedOnly","skip-other-users","13363861","Duct Fittings","MHT_Rectangular Elbow - Mitered - Single Thickness Vanes","","LEVEL 09","Standard","300x300-300x300","300","300","","NWB_DimHeight","300","300","300","SKIP","existing-kept","instance","Shared Parameter","7626170","NWB_DimHeight","String","False","1","1"
"20260801_155722","NWB Dim AutoFill","MECHANICAL DUCTWORK LAYOUT - LEVEL 09","model","selection","skip","SharedOnly","skip-other-users","13363861","Duct Fittings","MHT_Rectangular Elbow - Mitered - Single Thickness Vanes","","LEVEL 09","Standard","300x300-300x300","300","300","","NWB_DimDiameter","","","","SKIP","no parsed value","","","","NWB_DimDiameter","","","",""
"20260801_155722","NWB Dim AutoFill","MECHANICAL DUCTWORK LAYOUT - LEVEL 09","model","selection","skip","SharedOnly","skip-other-users","13363863","Duct Fittings","MHT_Rectangular Elbow - Mitered - Single Thickness Vanes","","LEVEL 09","Standard","300x300-300x300","300","300","","NWB_DimWidth","300","300","300","SKIP","existing-kept","instance","Shared Parameter","7626175","NWB_DimWidth","String","False","1","1"
"20260801_155722","NWB Dim AutoFill","MECHANICAL DUCTWORK LAYOUT - LEVEL 09","model","selection","skip","SharedOnly","skip-other-users","13363863","Duct Fittings","MHT_Rectangular Elbow - Mitered - Single Thickness Vanes","","LEVEL 09","Standard","300x300-300x300","300","300","","NWB_DimHeight","300","300","300","SKIP","existing-kept","instance","Shared Parameter","7626170","NWB_DimHeight","String","False","1","1"
"20260801_155722","NWB Dim AutoFill","MECHANICAL DUCTWORK LAYOUT - LEVEL 09","model","selection","skip","SharedOnly","skip-other-users","13363863","Duct Fittings","MHT_Rectangular Elbow - Mitered - Single Thickness Vanes","","LEVEL 09","Standard","300x300-300x300","300","300","","NWB_DimDiameter","","","","SKIP","no parsed value","","","","NWB_DimDiameter","","","",""
"20260801_155722","NWB Dim AutoFill","MECHANICAL DUCTWORK LAYOUT - LEVEL 09","model","selection","skip","SharedOnly","skip-other-users","13363867","Ducts","Rectangular Duct","","LEVEL 09","Flanged Long Radius Elbows / Shoe Branch","250x250","250","250","","NWB_DimWidth","250","250","250","SKIP","existing-kept","instance","Shared Parameter","7626175","NWB_DimWidth","String","False","1","1"
"20260801_155722","NWB Dim AutoFill","MECHANICAL DUCTWORK LAYOUT - LEVEL 09","model","selection","skip","SharedOnly","skip-other-users","13363867","Ducts","Rectangular Duct","","LEVEL 09","Flanged Long Radius Elbows / Shoe Branch","250x250","250","250","","NWB_DimHeight","250","250","250","SKIP","existing-kept","instance","Shared Parameter","7626170","NWB_DimHeight","String","False","1","1"
"20260801_155722","NWB Dim AutoFill","MECHANICAL DUCTWORK LAYOUT - LEVEL 09","model","selection","skip","SharedOnly","skip-other-users","13363867","Ducts","Rectangular Duct","","LEVEL 09","Flanged Long Radius Elbows / Shoe Branch","250x250","250","250","","NWB_DimDiameter","","","","SKIP","no parsed value","","","","NWB_DimDiameter","","","",""
"20260801_155722","NWB Dim AutoFill","MECHANICAL DUCTWORK LAYOUT - LEVEL 09","model","selection","skip","SharedOnly","skip-other-users","13363868","Air Terminals","MHT-ME-AT - Supply Air Grille","","","MHT-ME-AT - 300x300","300x300","300","300","","NWB_DimWidth","300","300","300","SKIP","existing-kept","instance","Shared Parameter","7626175","NWB_DimWidth","String","False","1","1"
"20260801_155722","NWB Dim AutoFill","MECHANICAL DUCTWORK LAYOUT - LEVEL 09","model","selection","skip","SharedOnly","skip-other-users","13363868","Air Terminals","MHT-ME-AT - Supply Air Grille","","","MHT-ME-AT - 300x300","300x300","300","300","","NWB_DimHeight","300","300","300","SKIP","existing-kept","instance","Shared Parameter","7626170","NWB_DimHeight","String","False","1","1"
"20260801_155722","NWB Dim AutoFill","MECHANICAL DUCTWORK LAYOUT - LEVEL 09","model","selection","skip","SharedOnly","skip-other-users","13363868","Air Terminals","MHT-ME-AT - Supply Air Grille","","","MHT-ME-AT - 300x300","300x300","300","300","","NWB_DimDiameter","","","","SKIP","no parsed value","","","","NWB_DimDiameter","","","",""
"20260801_155722","NWB Dim AutoFill","MECHANICAL DUCTWORK LAYOUT - LEVEL 09","model","selection","skip","SharedOnly","skip-other-users","13363870","Ducts","Rectangular Duct","","LEVEL 09","Flanged Long Radius Elbows / Shoe Branch","250x250","250","250","","NWB_DimWidth","250","250","250","SKIP","existing-kept","instance","Shared Parameter","7626175","NWB_DimWidth","String","False","1","1"
"20260801_155722","NWB Dim AutoFill","MECHANICAL DUCTWORK LAYOUT - LEVEL 09","model","selection","skip","SharedOnly","skip-other-users","13363870","Ducts","Rectangular Duct","","LEVEL 09","Flanged Long Radius Elbows / Shoe Branch","250x250","250","250","","NWB_DimHeight","250","250","250","SKIP","existing-kept","instance","Shared Parameter","7626170","NWB_DimHeight","String","False","1","1"
"20260801_155722","NWB Dim AutoFill","MECHANICAL DUCTWORK LAYOUT - LEVEL 09","model","selection","skip","SharedOnly","skip-other-users","13363870","Ducts","Rectangular Duct","","LEVEL 09","Flanged Long Radius Elbows / Shoe Branch","250x250","250","250","","NWB_DimDiameter","","","","SKIP","no parsed value","","","","NWB_DimDiameter","","","",""
"20260801_155722","NWB Dim AutoFill","MECHANICAL DUCTWORK LAYOUT - LEVEL 09","model","selection","skip","SharedOnly","skip-other-users","13363871","Air Terminals","MHT-ME-AT - Supply Air Grille","","","MHT-ME-AT - 300x300","300x300","300","300","","NWB_DimWidth","300","300","300","SKIP","existing-kept","instance","Shared Parameter","7626175","NWB_DimWidth","String","False","1","1"
"20260801_155722","NWB Dim AutoFill","MECHANICAL DUCTWORK LAYOUT - LEVEL 09","model","selection","skip","SharedOnly","skip-other-users","13363871","Air Terminals","MHT-ME-AT - Supply Air Grille","","","MHT-ME-AT - 300x300","300x300","300","300","","NWB_DimHeight","300","300","300","SKIP","existing-kept","instance","Shared Parameter","7626170","NWB_DimHeight","String","False","1","1"
"20260801_155722","NWB Dim AutoFill","MECHANICAL DUCTWORK LAYOUT - LEVEL 09","model","selection","skip","SharedOnly","skip-other-users","13363871","Air Terminals","MHT-ME-AT - Supply Air Grille","","","MHT-ME-AT - 300x300","300x300","300","300","","NWB_DimDiameter","","","","SKIP","no parsed value","","","","NWB_DimDiameter","","","",""
"20260801_155722","NWB Dim AutoFill","MECHANICAL DUCTWORK LAYOUT - LEVEL 09","model","selection","skip","SharedOnly","skip-other-users","13363873","Duct Fittings","MHT-ME-DF-Rectangular Eccentric Taper - Flanged-01","","LEVEL 09","Standard","300x300-250x250","300","300","","NWB_DimWidth","300","300","300","SKIP","existing-kept","instance","Shared Parameter","7626175","NWB_DimWidth","String","False","2","1"
"20260801_155722","NWB Dim AutoFill","MECHANICAL DUCTWORK LAYOUT - LEVEL 09","model","selection","skip","SharedOnly","skip-other-users","13363873","Duct Fittings","MHT-ME-DF-Rectangular Eccentric Taper - Flanged-01","","LEVEL 09","Standard","300x300-250x250","300","300","","NWB_DimHeight","300","300","300","SKIP","existing-kept","instance","Shared Parameter","7626170","NWB_DimHeight","String","False","2","1"
"20260801_155722","NWB Dim AutoFill","MECHANICAL DUCTWORK LAYOUT - LEVEL 09","model","selection","skip","SharedOnly","skip-other-users","13363873","Duct Fittings","MHT-ME-DF-Rectangular Eccentric Taper - Flanged-01","","LEVEL 09","Standard","300x300-250x250","300","300","","NWB_DimDiameter","","","","SKIP","no parsed value","","","","NWB_DimDiameter","","","",""
"20260801_155722","NWB Dim AutoFill","MECHANICAL DUCTWORK LAYOUT - LEVEL 09","model","selection","skip","SharedOnly","skip-other-users","13363876","Ducts","Rectangular Duct","","LEVEL 09","Flanged Long Radius Elbows / Shoe Branch","250x250","250","250","","NWB_DimWidth","250","250","250","SKIP","existing-kept","instance","Shared Parameter","7626175","NWB_DimWidth","String","False","1","1"
"20260801_155722","NWB Dim AutoFill","MECHANICAL DUCTWORK LAYOUT - LEVEL 09","model","selection","skip","SharedOnly","skip-other-users","13363876","Ducts","Rectangular Duct","","LEVEL 09","Flanged Long Radius Elbows / Shoe Branch","250x250","250","250","","NWB_DimHeight","250","250","250","SKIP","existing-kept","instance","Shared Parameter","7626170","NWB_DimHeight","String","False","1","1"
"20260801_155722","NWB Dim AutoFill","MECHANICAL DUCTWORK LAYOUT - LEVEL 09","model","selection","skip","SharedOnly","skip-other-users","13363876","Ducts","Rectangular Duct","","LEVEL 09","Flanged Long Radius Elbows / Shoe Branch","250x250","250","250","","NWB_DimDiameter","","","","SKIP","no parsed value","","","","NWB_DimDiameter","","","",""
"20260801_155722","NWB Dim AutoFill","MECHANICAL DUCTWORK LAYOUT - LEVEL 09","model","selection","skip","SharedOnly","skip-other-users","13363877","Duct Fittings","MHT-ME-DF-Rectangular Eccentric Taper - Flanged-01","","LEVEL 09","Standard","300x300-250x250","300","300","","NWB_DimWidth","300","300","300","SKIP","existing-kept","instance","Shared Parameter","7626175","NWB_DimWidth","String","False","2","1"
"20260801_155722","NWB Dim AutoFill","MECHANICAL DUCTWORK LAYOUT - LEVEL 09","model","selection","skip","SharedOnly","skip-other-users","13363877","Duct Fittings","MHT-ME-DF-Rectangular Eccentric Taper - Flanged-01","","LEVEL 09","Standard","300x300-250x250","300","300","","NWB_DimHeight","300","300","300","SKIP","existing-kept","instance","Shared Parameter","7626170","NWB_DimHeight","String","False","2","1"
"20260801_155722","NWB Dim AutoFill","MECHANICAL DUCTWORK LAYOUT - LEVEL 09","model","selection","skip","SharedOnly","skip-other-users","13363877","Duct Fittings","MHT-ME-DF-Rectangular Eccentric Taper - Flanged-01","","LEVEL 09","Standard","300x300-250x250","300","300","","NWB_DimDiameter","","","","SKIP","no parsed value","","","","NWB_DimDiameter","","","",""
"20260801_155722","NWB Dim AutoFill","MECHANICAL DUCTWORK LAYOUT - LEVEL 09","model","selection","skip","SharedOnly","skip-other-users","13363879","Duct Fittings","MHT_Rectangular Elbow - Mitered - Single Thickness Vanes","","LEVEL 09","Standard","250x250-250x250","250","250","","NWB_DimWidth","250","300","300","SKIP","existing-kept","instance","Shared Parameter","7626175","NWB_DimWidth","String","False","1","1"
"20260801_155722","NWB Dim AutoFill","MECHANICAL DUCTWORK LAYOUT - LEVEL 09","model","selection","skip","SharedOnly","skip-other-users","13363879","Duct Fittings","MHT_Rectangular Elbow - Mitered - Single Thickness Vanes","","LEVEL 09","Standard","250x250-250x250","250","250","","NWB_DimHeight","250","0","0","SKIP","existing-kept","instance","Shared Parameter","7626170","NWB_DimHeight","String","False","1","1"
"20260801_155722","NWB Dim AutoFill","MECHANICAL DUCTWORK LAYOUT - LEVEL 09","model","selection","skip","SharedOnly","skip-other-users","13363879","Duct Fittings","MHT_Rectangular Elbow - Mitered - Single Thickness Vanes","","LEVEL 09","Standard","250x250-250x250","250","250","","NWB_DimDiameter","","","","SKIP","no parsed value","","","","NWB_DimDiameter","","","",""
"20260801_155722","NWB Dim AutoFill","MECHANICAL DUCTWORK LAYOUT - LEVEL 09","model","selection","skip","SharedOnly","skip-other-users","13363881","Duct Fittings","MHT_Rectangular Elbow - Mitered - Single Thickness Vanes","","LEVEL 09","Standard","250x250-250x250","250","250","","NWB_DimWidth","250","300","300","SKIP","existing-kept","instance","Shared Parameter","7626175","NWB_DimWidth","String","False","1","1"
"20260801_155722","NWB Dim AutoFill","MECHANICAL DUCTWORK LAYOUT - LEVEL 09","model","selection","skip","SharedOnly","skip-other-users","13363881","Duct Fittings","MHT_Rectangular Elbow - Mitered - Single Thickness Vanes","","LEVEL 09","Standard","250x250-250x250","250","250","","NWB_DimHeight","250","0","0","SKIP","existing-kept","instance","Shared Parameter","7626170","NWB_DimHeight","String","False","1","1"
"20260801_155722","NWB Dim AutoFill","MECHANICAL DUCTWORK LAYOUT - LEVEL 09","model","selection","skip","SharedOnly","skip-other-users","13363881","Duct Fittings","MHT_Rectangular Elbow - Mitered - Single Thickness Vanes","","LEVEL 09","Standard","250x250-250x250","250","250","","NWB_DimDiameter","","","","SKIP","no parsed value","","","","NWB_DimDiameter","","","",""
"20260801_155722","NWB Dim AutoFill","MECHANICAL DUCTWORK LAYOUT - LEVEL 09","model","selection","skip","SharedOnly","skip-other-users","13363949","Air Terminals","MHT_AT_S Air Diff Swirl","","LEVEL 09","No Damper","200ø","","","200","NWB_DimWidth","","","","SKIP","no parsed value","","","","NWB_DimWidth","","","",""
"20260801_155722","NWB Dim AutoFill","MECHANICAL DUCTWORK LAYOUT - LEVEL 09","model","selection","skip","SharedOnly","skip-other-users","13363949","Air Terminals","MHT_AT_S Air Diff Swirl","","LEVEL 09","No Damper","200ø","","","200","NWB_DimHeight","","","","SKIP","no parsed value","","","","NWB_DimHeight","","","",""
"20260801_155722","NWB Dim AutoFill","MECHANICAL DUCTWORK LAYOUT - LEVEL 09","model","selection","skip","SharedOnly","skip-other-users","13363949","Air Terminals","MHT_AT_S Air Diff Swirl","","LEVEL 09","No Damper","200ø","","","200","NWB_DimDiameter","200","200ø","200ø","SKIP","existing-kept","instance","Shared Parameter","7626172","NWB_DimDiameter","String","False","1","1"
"20260801_155722","NWB Dim AutoFill","MECHANICAL DUCTWORK LAYOUT - LEVEL 09","model","selection","skip","SharedOnly","skip-other-users","13376867","Ducts","Rectangular Duct","","LEVEL 09","Flanged Long Radius Elbows / Shoe Branch","600x300","600","300","","NWB_DimWidth","600","600","600","SKIP","existing-kept","instance","Shared Parameter","7626175","NWB_DimWidth","String","False","1","1"
"20260801_155722","NWB Dim AutoFill","MECHANICAL DUCTWORK LAYOUT - LEVEL 09","model","selection","skip","SharedOnly","skip-other-users","13376867","Ducts","Rectangular Duct","","LEVEL 09","Flanged Long Radius Elbows / Shoe Branch","600x300","600","300","","NWB_DimHeight","300","300","300","SKIP","existing-kept","instance","Shared Parameter","7626170","NWB_DimHeight","String","False","1","1"
"20260801_155722","NWB Dim AutoFill","MECHANICAL DUCTWORK LAYOUT - LEVEL 09","model","selection","skip","SharedOnly","skip-other-users","13376867","Ducts","Rectangular Duct","","LEVEL 09","Flanged Long Radius Elbows / Shoe Branch","600x300","600","300","","NWB_DimDiameter","","","","SKIP","no parsed value","","","","NWB_DimDiameter","","","",""
"20260801_155722","NWB Dim AutoFill","MECHANICAL DUCTWORK LAYOUT - LEVEL 09","model","selection","skip","SharedOnly","skip-other-users","13376868","Ducts","Rectangular Duct","","LEVEL 09","Flanged Long Radius Elbows / Shoe Branch","600x300","600","300","","NWB_DimWidth","600","600","600","SKIP","existing-kept","instance","Shared Parameter","7626175","NWB_DimWidth","String","False","1","1"
"20260801_155722","NWB Dim AutoFill","MECHANICAL DUCTWORK LAYOUT - LEVEL 09","model","selection","skip","SharedOnly","skip-other-users","13376868","Ducts","Rectangular Duct","","LEVEL 09","Flanged Long Radius Elbows / Shoe Branch","600x300","600","300","","NWB_DimHeight","300","300","300","SKIP","existing-kept","instance","Shared Parameter","7626170","NWB_DimHeight","String","False","1","1"
"20260801_155722","NWB Dim AutoFill","MECHANICAL DUCTWORK LAYOUT - LEVEL 09","model","selection","skip","SharedOnly","skip-other-users","13376868","Ducts","Rectangular Duct","","LEVEL 09","Flanged Long Radius Elbows / Shoe Branch","600x300","600","300","","NWB_DimDiameter","","","","SKIP","no parsed value","","","","NWB_DimDiameter","","","",""
"20260801_155722","NWB Dim AutoFill","MECHANICAL DUCTWORK LAYOUT - LEVEL 09","model","selection","skip","SharedOnly","skip-other-users","13376871","Ducts","Rectangular Duct","","LEVEL 09","Flanged Long Radius Elbows / Shoe Branch","600x300","600","300","","NWB_DimWidth","600","600","600","SKIP","existing-kept","instance","Shared Parameter","7626175","NWB_DimWidth","String","False","1","1"
"20260801_155722","NWB Dim AutoFill","MECHANICAL DUCTWORK LAYOUT - LEVEL 09","model","selection","skip","SharedOnly","skip-other-users","13376871","Ducts","Rectangular Duct","","LEVEL 09","Flanged Long Radius Elbows / Shoe Branch","600x300","600","300","","NWB_DimHeight","300","300","300","SKIP","existing-kept","instance","Shared Parameter","7626170","NWB_DimHeight","String","False","1","1"
"20260801_155722","NWB Dim AutoFill","MECHANICAL DUCTWORK LAYOUT - LEVEL 09","model","selection","skip","SharedOnly","skip-other-users","13376871","Ducts","Rectangular Duct","","LEVEL 09","Flanged Long Radius Elbows / Shoe Branch","600x300","600","300","","NWB_DimDiameter","","","","SKIP","no parsed value","","","","NWB_DimDiameter","","","",""
"20260801_155722","NWB Dim AutoFill","MECHANICAL DUCTWORK LAYOUT - LEVEL 09","model","selection","skip","SharedOnly","skip-other-users","13376874","Duct Fittings","MHT_Rectangular Elbow - Mitered - Single Thickness Vanes","","LEVEL 09","Standard","300x600-300x600","300","600","","NWB_DimWidth","300","400","400","SKIP","existing-kept","instance","Shared Parameter","7626175","NWB_DimWidth","String","False","1","1"
"20260801_155722","NWB Dim AutoFill","MECHANICAL DUCTWORK LAYOUT - LEVEL 09","model","selection","skip","SharedOnly","skip-other-users","13376874","Duct Fittings","MHT_Rectangular Elbow - Mitered - Single Thickness Vanes","","LEVEL 09","Standard","300x600-300x600","300","600","","NWB_DimHeight","600","300","300","SKIP","existing-kept","instance","Shared Parameter","7626170","NWB_DimHeight","String","False","1","1"
"20260801_155722","NWB Dim AutoFill","MECHANICAL DUCTWORK LAYOUT - LEVEL 09","model","selection","skip","SharedOnly","skip-other-users","13376874","Duct Fittings","MHT_Rectangular Elbow - Mitered - Single Thickness Vanes","","LEVEL 09","Standard","300x600-300x600","300","600","","NWB_DimDiameter","","","","SKIP","no parsed value","","","","NWB_DimDiameter","","","",""
"20260801_155722","NWB Dim AutoFill","MECHANICAL DUCTWORK LAYOUT - LEVEL 09","model","selection","skip","SharedOnly","skip-other-users","13380256","Flex Ducts","Flex Duct Round","","LEVEL 09","Flex - Round","250 mmø","","","250","NWB_DimWidth","","","","SKIP","no parsed value","","","","NWB_DimWidth","","","",""
"20260801_155722","NWB Dim AutoFill","MECHANICAL DUCTWORK LAYOUT - LEVEL 09","model","selection","skip","SharedOnly","skip-other-users","13380256","Flex Ducts","Flex Duct Round","","LEVEL 09","Flex - Round","250 mmø","","","250","NWB_DimHeight","","","","SKIP","no parsed value","","","","NWB_DimHeight","","","",""
"20260801_155722","NWB Dim AutoFill","MECHANICAL DUCTWORK LAYOUT - LEVEL 09","model","selection","skip","SharedOnly","skip-other-users","13380256","Flex Ducts","Flex Duct Round","","LEVEL 09","Flex - Round","250 mmø","","","250","NWB_DimDiameter","250","250","250","SKIP","existing-kept","instance","Shared Parameter","7626172","NWB_DimDiameter","String","False","1","1"
"20260801_155722","NWB Dim AutoFill","MECHANICAL DUCTWORK LAYOUT - LEVEL 09","model","selection","skip","SharedOnly","skip-other-users","13569042","Ducts","Rectangular Duct","","LEVEL 09","Flanged Long Radius Elbows / Shoe Branch","300x300","300","300","","NWB_DimWidth","300","300","300","SKIP","existing-kept","instance","Shared Parameter","7626175","NWB_DimWidth","String","False","1","1"
"20260801_155722","NWB Dim AutoFill","MECHANICAL DUCTWORK LAYOUT - LEVEL 09","model","selection","skip","SharedOnly","skip-other-users","13569042","Ducts","Rectangular Duct","","LEVEL 09","Flanged Long Radius Elbows / Shoe Branch","300x300","300","300","","NWB_DimHeight","300","300","300","SKIP","existing-kept","instance","Shared Parameter","7626170","NWB_DimHeight","String","False","1","1"
"20260801_155722","NWB Dim AutoFill","MECHANICAL DUCTWORK LAYOUT - LEVEL 09","model","selection","skip","SharedOnly","skip-other-users","13569042","Ducts","Rectangular Duct","","LEVEL 09","Flanged Long Radius Elbows / Shoe Branch","300x300","300","300","","NWB_DimDiameter","","","","SKIP","no parsed value","","","","NWB_DimDiameter","","","",""
"20260801_155722","NWB Dim AutoFill","MECHANICAL DUCTWORK LAYOUT - LEVEL 09","model","selection","skip","SharedOnly","skip-other-users","13569043","Air Terminals","MHT-ME-AT - Supply Air Grille","","","MHT-ME-AT - 300x300","300x300","300","300","","NWB_DimWidth","300","300","300","SKIP","existing-kept","instance","Shared Parameter","7626175","NWB_DimWidth","String","False","1","1"
"20260801_155722","NWB Dim AutoFill","MECHANICAL DUCTWORK LAYOUT - LEVEL 09","model","selection","skip","SharedOnly","skip-other-users","13569043","Air Terminals","MHT-ME-AT - Supply Air Grille","","","MHT-ME-AT - 300x300","300x300","300","300","","NWB_DimHeight","300","300","300","SKIP","existing-kept","instance","Shared Parameter","7626170","NWB_DimHeight","String","False","1","1"
"20260801_155722","NWB Dim AutoFill","MECHANICAL DUCTWORK LAYOUT - LEVEL 09","model","selection","skip","SharedOnly","skip-other-users","13569043","Air Terminals","MHT-ME-AT - Supply Air Grille","","","MHT-ME-AT - 300x300","300x300","300","300","","NWB_DimDiameter","","","","SKIP","no parsed value","","","","NWB_DimDiameter","","","",""
"20260801_155722","NWB Dim AutoFill","MECHANICAL DUCTWORK LAYOUT - LEVEL 09","model","selection","skip","SharedOnly","skip-other-users","13569045","Ducts","Rectangular Duct","","LEVEL 09","Flanged Long Radius Elbows / Shoe Branch","300x300","300","300","","NWB_DimWidth","300","300","300","SKIP","existing-kept","instance","Shared Parameter","7626175","NWB_DimWidth","String","False","1","1"
"20260801_155722","NWB Dim AutoFill","MECHANICAL DUCTWORK LAYOUT - LEVEL 09","model","selection","skip","SharedOnly","skip-other-users","13569045","Ducts","Rectangular Duct","","LEVEL 09","Flanged Long Radius Elbows / Shoe Branch","300x300","300","300","","NWB_DimHeight","300","300","300","SKIP","existing-kept","instance","Shared Parameter","7626170","NWB_DimHeight","String","False","1","1"
"20260801_155722","NWB Dim AutoFill","MECHANICAL DUCTWORK LAYOUT - LEVEL 09","model","selection","skip","SharedOnly","skip-other-users","13569045","Ducts","Rectangular Duct","","LEVEL 09","Flanged Long Radius Elbows / Shoe Branch","300x300","300","300","","NWB_DimDiameter","","","","SKIP","no parsed value","","","","NWB_DimDiameter","","","",""
"20260801_155722","NWB Dim AutoFill","MECHANICAL DUCTWORK LAYOUT - LEVEL 09","model","selection","skip","SharedOnly","skip-other-users","13569046","Air Terminals","MHT-ME-AT - Supply Air Grille","","","MHT-ME-AT - 300x300","300x300","300","300","","NWB_DimWidth","300","300","300","SKIP","existing-kept","instance","Shared Parameter","7626175","NWB_DimWidth","String","False","1","1"
"20260801_155722","NWB Dim AutoFill","MECHANICAL DUCTWORK LAYOUT - LEVEL 09","model","selection","skip","SharedOnly","skip-other-users","13569046","Air Terminals","MHT-ME-AT - Supply Air Grille","","","MHT-ME-AT - 300x300","300x300","300","300","","NWB_DimHeight","300","300","300","SKIP","existing-kept","instance","Shared Parameter","7626170","NWB_DimHeight","String","False","1","1"
"20260801_155722","NWB Dim AutoFill","MECHANICAL DUCTWORK LAYOUT - LEVEL 09","model","selection","skip","SharedOnly","skip-other-users","13569046","Air Terminals","MHT-ME-AT - Supply Air Grille","","","MHT-ME-AT - 300x300","300x300","300","300","","NWB_DimDiameter","","","","SKIP","no parsed value","","","","NWB_DimDiameter","","","",""
"20260801_155722","NWB Dim AutoFill","MECHANICAL DUCTWORK LAYOUT - LEVEL 09","model","selection","skip","SharedOnly","skip-other-users","13569049","Ducts","Rectangular Duct","","LEVEL 09","Flanged Long Radius Elbows / Shoe Branch","300x300","300","300","","NWB_DimWidth","300","300","300","SKIP","existing-kept","instance","Shared Parameter","7626175","NWB_DimWidth","String","False","1","1"
"20260801_155722","NWB Dim AutoFill","MECHANICAL DUCTWORK LAYOUT - LEVEL 09","model","selection","skip","SharedOnly","skip-other-users","13569049","Ducts","Rectangular Duct","","LEVEL 09","Flanged Long Radius Elbows / Shoe Branch","300x300","300","300","","NWB_DimHeight","300","300","300","SKIP","existing-kept","instance","Shared Parameter","7626170","NWB_DimHeight","String","False","1","1"
"20260801_155722","NWB Dim AutoFill","MECHANICAL DUCTWORK LAYOUT - LEVEL 09","model","selection","skip","SharedOnly","skip-other-users","13569049","Ducts","Rectangular Duct","","LEVEL 09","Flanged Long Radius Elbows / Shoe Branch","300x300","300","300","","NWB_DimDiameter","","","","SKIP","no parsed value","","","","NWB_DimDiameter","","","",""
"20260801_155722","NWB Dim AutoFill","MECHANICAL DUCTWORK LAYOUT - LEVEL 09","model","selection","skip","SharedOnly","skip-other-users","13569050","Duct Fittings","MHT_Rectangular Elbow - Mitered - Single Thickness Vanes","","LEVEL 09","Standard","300x300-300x300","300","300","","NWB_DimWidth","300","300","300","SKIP","existing-kept","instance","Shared Parameter","7626175","NWB_DimWidth","String","False","1","1"
"20260801_155722","NWB Dim AutoFill","MECHANICAL DUCTWORK LAYOUT - LEVEL 09","model","selection","skip","SharedOnly","skip-other-users","13569050","Duct Fittings","MHT_Rectangular Elbow - Mitered - Single Thickness Vanes","","LEVEL 09","Standard","300x300-300x300","300","300","","NWB_DimHeight","300","400","400","SKIP","existing-kept","instance","Shared Parameter","7626170","NWB_DimHeight","String","False","1","1"
"20260801_155722","NWB Dim AutoFill","MECHANICAL DUCTWORK LAYOUT - LEVEL 09","model","selection","skip","SharedOnly","skip-other-users","13569050","Duct Fittings","MHT_Rectangular Elbow - Mitered - Single Thickness Vanes","","LEVEL 09","Standard","300x300-300x300","300","300","","NWB_DimDiameter","","","","SKIP","no parsed value","","","","NWB_DimDiameter","","","",""
"20260801_155722","NWB Dim AutoFill","MECHANICAL DUCTWORK LAYOUT - LEVEL 09","model","selection","skip","SharedOnly","skip-other-users","13569052","Duct Fittings","MHT_Rectangular Elbow - Mitered - Single Thickness Vanes","","LEVEL 09","Standard","300x300-300x300","300","300","","NWB_DimWidth","300","300","300","SKIP","existing-kept","instance","Shared Parameter","7626175","NWB_DimWidth","String","False","1","1"
"20260801_155722","NWB Dim AutoFill","MECHANICAL DUCTWORK LAYOUT - LEVEL 09","model","selection","skip","SharedOnly","skip-other-users","13569052","Duct Fittings","MHT_Rectangular Elbow - Mitered - Single Thickness Vanes","","LEVEL 09","Standard","300x300-300x300","300","300","","NWB_DimHeight","300","400","400","SKIP","existing-kept","instance","Shared Parameter","7626170","NWB_DimHeight","String","False","1","1"
"20260801_155722","NWB Dim AutoFill","MECHANICAL DUCTWORK LAYOUT - LEVEL 09","model","selection","skip","SharedOnly","skip-other-users","13569052","Duct Fittings","MHT_Rectangular Elbow - Mitered - Single Thickness Vanes","","LEVEL 09","Standard","300x300-300x300","300","300","","NWB_DimDiameter","","","","SKIP","no parsed value","","","","NWB_DimDiameter","","","",""
"20260801_155722","NWB Dim AutoFill","MECHANICAL DUCTWORK LAYOUT - LEVEL 09","model","selection","skip","SharedOnly","skip-other-users","13637327","Flex Ducts","Flex Duct Round","","LEVEL 09","Flex - Round","250 mmø","","","250","NWB_DimWidth","","","","SKIP","no parsed value","","","","NWB_DimWidth","","","",""
"20260801_155722","NWB Dim AutoFill","MECHANICAL DUCTWORK LAYOUT - LEVEL 09","model","selection","skip","SharedOnly","skip-other-users","13637327","Flex Ducts","Flex Duct Round","","LEVEL 09","Flex - Round","250 mmø","","","250","NWB_DimHeight","","","","SKIP","no parsed value","","","","NWB_DimHeight","","","",""
"20260801_155722","NWB Dim AutoFill","MECHANICAL DUCTWORK LAYOUT - LEVEL 09","model","selection","skip","SharedOnly","skip-other-users","13637327","Flex Ducts","Flex Duct Round","","LEVEL 09","Flex - Round","250 mmø","","","250","NWB_DimDiameter","250","250","250","SKIP","existing-kept","instance","Shared Parameter","7626172","NWB_DimDiameter","String","False","1","1"
"20260801_155722","NWB Dim AutoFill","MECHANICAL DUCTWORK LAYOUT - LEVEL 09","model","selection","skip","SharedOnly","skip-other-users","13637420","Flex Ducts","Flex Duct Round","","LEVEL 09","Flex - Round","250 mmø","","","250","NWB_DimWidth","","","","SKIP","no parsed value","","","","NWB_DimWidth","","","",""
"20260801_155722","NWB Dim AutoFill","MECHANICAL DUCTWORK LAYOUT - LEVEL 09","model","selection","skip","SharedOnly","skip-other-users","13637420","Flex Ducts","Flex Duct Round","","LEVEL 09","Flex - Round","250 mmø","","","250","NWB_DimHeight","","","","SKIP","no parsed value","","","","NWB_DimHeight","","","",""
"20260801_155722","NWB Dim AutoFill","MECHANICAL DUCTWORK LAYOUT - LEVEL 09","model","selection","skip","SharedOnly","skip-other-users","13637420","Flex Ducts","Flex Duct Round","","LEVEL 09","Flex - Round","250 mmø","","","250","NWB_DimDiameter","250","250","250","SKIP","existing-kept","instance","Shared Parameter","7626172","NWB_DimDiameter","String","False","1","1"
"20260801_155722","NWB Dim AutoFill","MECHANICAL DUCTWORK LAYOUT - LEVEL 09","model","selection","skip","SharedOnly","skip-other-users","13932151","Air Terminals","MHT-ME-AT - Supply Air Grille","","","MHT-ME-AT - 300x300","300x300","300","300","","NWB_DimWidth","300","300","300","SKIP","existing-kept","instance","Shared Parameter","7626175","NWB_DimWidth","String","False","1","1"
"20260801_155722","NWB Dim AutoFill","MECHANICAL DUCTWORK LAYOUT - LEVEL 09","model","selection","skip","SharedOnly","skip-other-users","13932151","Air Terminals","MHT-ME-AT - Supply Air Grille","","","MHT-ME-AT - 300x300","300x300","300","300","","NWB_DimHeight","300","300","300","SKIP","existing-kept","instance","Shared Parameter","7626170","NWB_DimHeight","String","False","1","1"
"20260801_155722","NWB Dim AutoFill","MECHANICAL DUCTWORK LAYOUT - LEVEL 09","model","selection","skip","SharedOnly","skip-other-users","13932151","Air Terminals","MHT-ME-AT - Supply Air Grille","","","MHT-ME-AT - 300x300","300x300","300","300","","NWB_DimDiameter","","","","SKIP","no parsed value","","","","NWB_DimDiameter","","","",""
"20260801_155722","NWB Dim AutoFill","MECHANICAL DUCTWORK LAYOUT - LEVEL 09","model","selection","skip","SharedOnly","skip-other-users","14311745","Ducts","Rectangular Duct","","LEVEL 09","Flanged Long Radius Elbows / Shoe Branch","375x350","375","350","","NWB_DimWidth","375","375","375","SKIP","existing-kept","instance","Shared Parameter","7626175","NWB_DimWidth","String","False","1","1"
"20260801_155722","NWB Dim AutoFill","MECHANICAL DUCTWORK LAYOUT - LEVEL 09","model","selection","skip","SharedOnly","skip-other-users","14311745","Ducts","Rectangular Duct","","LEVEL 09","Flanged Long Radius Elbows / Shoe Branch","375x350","375","350","","NWB_DimHeight","350","350","350","SKIP","existing-kept","instance","Shared Parameter","7626170","NWB_DimHeight","String","False","1","1"
"20260801_155722","NWB Dim AutoFill","MECHANICAL DUCTWORK LAYOUT - LEVEL 09","model","selection","skip","SharedOnly","skip-other-users","14311745","Ducts","Rectangular Duct","","LEVEL 09","Flanged Long Radius Elbows / Shoe Branch","375x350","375","350","","NWB_DimDiameter","","","","SKIP","no parsed value","","","","NWB_DimDiameter","","","",""
"20260801_155722","NWB Dim AutoFill","MECHANICAL DUCTWORK LAYOUT - LEVEL 09","model","selection","skip","SharedOnly","skip-other-users","14311752","Ducts","Rectangular Duct","","LEVEL 09","Flanged Long Radius Elbows / Shoe Branch","200x250","200","250","","NWB_DimWidth","200","200","200","SKIP","existing-kept","instance","Shared Parameter","7626175","NWB_DimWidth","String","False","1","1"
"20260801_155722","NWB Dim AutoFill","MECHANICAL DUCTWORK LAYOUT - LEVEL 09","model","selection","skip","SharedOnly","skip-other-users","14311752","Ducts","Rectangular Duct","","LEVEL 09","Flanged Long Radius Elbows / Shoe Branch","200x250","200","250","","NWB_DimHeight","250","250","250","SKIP","existing-kept","instance","Shared Parameter","7626170","NWB_DimHeight","String","False","1","1"
"20260801_155722","NWB Dim AutoFill","MECHANICAL DUCTWORK LAYOUT - LEVEL 09","model","selection","skip","SharedOnly","skip-other-users","14311752","Ducts","Rectangular Duct","","LEVEL 09","Flanged Long Radius Elbows / Shoe Branch","200x250","200","250","","NWB_DimDiameter","","","","SKIP","no parsed value","","","","NWB_DimDiameter","","","",""
"20260801_155722","NWB Dim AutoFill","MECHANICAL DUCTWORK LAYOUT - LEVEL 09","model","selection","skip","SharedOnly","skip-other-users","14671012","Air Terminals","MHT_AT_RA ECG cw plenum","","LEVEL 09","Damper","200ø","","200","200","NWB_DimWidth","","","","SKIP","no parsed value","","","","NWB_DimWidth","","","",""
"20260801_155722","NWB Dim AutoFill","MECHANICAL DUCTWORK LAYOUT - LEVEL 09","model","selection","skip","SharedOnly","skip-other-users","14671012","Air Terminals","MHT_AT_RA ECG cw plenum","","LEVEL 09","Damper","200ø","","200","200","NWB_DimDiameter","200","200ø","200ø","SKIP","existing-kept","instance","Shared Parameter","7626172","NWB_DimDiameter","String","False","1","1"
"20260801_155722","NWB Dim AutoFill","MECHANICAL DUCTWORK LAYOUT - LEVEL 09","model","selection","skip","SharedOnly","skip-other-users","14671174","Air Terminals","MHT_AT_RA ECG cw plenum","","LEVEL 09","Damper","300ø","","300","300","NWB_DimWidth","","","","SKIP","no parsed value","","","","NWB_DimWidth","","","",""
"20260801_155722","NWB Dim AutoFill","MECHANICAL DUCTWORK LAYOUT - LEVEL 09","model","selection","skip","SharedOnly","skip-other-users","14671174","Air Terminals","MHT_AT_RA ECG cw plenum","","LEVEL 09","Damper","300ø","","300","300","NWB_DimHeight","300","300","300","SKIP","existing-kept","instance","Shared Parameter","7626170","NWB_DimHeight","String","False","1","1"
"20260801_155722","NWB Dim AutoFill","MECHANICAL DUCTWORK LAYOUT - LEVEL 09","model","selection","skip","SharedOnly","skip-other-users","14671174","Air Terminals","MHT_AT_RA ECG cw plenum","","LEVEL 09","Damper","300ø","","300","300","NWB_DimDiameter","300","300ø","300ø","SKIP","existing-kept","instance","Shared Parameter","7626172","NWB_DimDiameter","String","False","1","1"
"20260801_155722","NWB Dim AutoFill","MECHANICAL DUCTWORK LAYOUT - LEVEL 09","model","selection","skip","SharedOnly","skip-other-users","14671260","Air Terminals","MHT_AT_RA ECG cw plenum","","LEVEL 09","Damper","300ø","","300","300","NWB_DimWidth","","","","SKIP","no parsed value","","","","NWB_DimWidth","","","",""
"20260801_155722","NWB Dim AutoFill","MECHANICAL DUCTWORK LAYOUT - LEVEL 09","model","selection","skip","SharedOnly","skip-other-users","14671260","Air Terminals","MHT_AT_RA ECG cw plenum","","LEVEL 09","Damper","300ø","","300","300","NWB_DimHeight","300","300","300","SKIP","existing-kept","instance","Shared Parameter","7626170","NWB_DimHeight","String","False","1","1"
"20260801_155722","NWB Dim AutoFill","MECHANICAL DUCTWORK LAYOUT - LEVEL 09","model","selection","skip","SharedOnly","skip-other-users","14671260","Air Terminals","MHT_AT_RA ECG cw plenum","","LEVEL 09","Damper","300ø","","300","300","NWB_DimDiameter","300","300ø","300ø","SKIP","existing-kept","instance","Shared Parameter","7626172","NWB_DimDiameter","String","False","1","1"
"20260801_155722","NWB Dim AutoFill","MECHANICAL DUCTWORK LAYOUT - LEVEL 09","model","selection","skip","SharedOnly","skip-other-users","14671291","Duct Fittings","MHT_DF_Spigot","","LEVEL 09","Damper","300ø-300ø","","","300","NWB_DimWidth","","","","SKIP","no parsed value","","","","NWB_DimWidth","","","",""
"20260801_155722","NWB Dim AutoFill","MECHANICAL DUCTWORK LAYOUT - LEVEL 09","model","selection","skip","SharedOnly","skip-other-users","14671291","Duct Fittings","MHT_DF_Spigot","","LEVEL 09","Damper","300ø-300ø","","","300","NWB_DimHeight","","","","SKIP","no parsed value","","","","NWB_DimHeight","","","",""
"20260801_155722","NWB Dim AutoFill","MECHANICAL DUCTWORK LAYOUT - LEVEL 09","model","selection","skip","SharedOnly","skip-other-users","14671291","Duct Fittings","MHT_DF_Spigot","","LEVEL 09","Damper","300ø-300ø","","","300","NWB_DimDiameter","300","300","300","SKIP","existing-kept","instance","Shared Parameter","7626172","NWB_DimDiameter","String","False","1","1"
"20260801_155722","NWB Dim AutoFill","MECHANICAL DUCTWORK LAYOUT - LEVEL 09","model","selection","skip","SharedOnly","skip-other-users","14671327","Air Terminals","MHT_AT_RA ECG cw plenum","","LEVEL 09","Damper","300ø","","300","300","NWB_DimWidth","","","","SKIP","no parsed value","","","","NWB_DimWidth","","","",""
"20260801_155722","NWB Dim AutoFill","MECHANICAL DUCTWORK LAYOUT - LEVEL 09","model","selection","skip","SharedOnly","skip-other-users","14671327","Air Terminals","MHT_AT_RA ECG cw plenum","","LEVEL 09","Damper","300ø","","300","300","NWB_DimHeight","300","300","300","SKIP","existing-kept","instance","Shared Parameter","7626170","NWB_DimHeight","String","False","1","1"
"20260801_155722","NWB Dim AutoFill","MECHANICAL DUCTWORK LAYOUT - LEVEL 09","model","selection","skip","SharedOnly","skip-other-users","14671327","Air Terminals","MHT_AT_RA ECG cw plenum","","LEVEL 09","Damper","300ø","","300","300","NWB_DimDiameter","300","300ø","300ø","SKIP","existing-kept","instance","Shared Parameter","7626172","NWB_DimDiameter","String","False","1","1"
"20260801_155722","NWB Dim AutoFill","MECHANICAL DUCTWORK LAYOUT - LEVEL 09","model","selection","skip","SharedOnly","skip-other-users","14671407","Duct Fittings","MHT_DF_Spigot","","LEVEL 09","Damper","300ø-300ø","","","300","NWB_DimWidth","","","","SKIP","no parsed value","","","","NWB_DimWidth","","","",""
"20260801_155722","NWB Dim AutoFill","MECHANICAL DUCTWORK LAYOUT - LEVEL 09","model","selection","skip","SharedOnly","skip-other-users","14671407","Duct Fittings","MHT_DF_Spigot","","LEVEL 09","Damper","300ø-300ø","","","300","NWB_DimHeight","","","","SKIP","no parsed value","","","","NWB_DimHeight","","","",""
"20260801_155722","NWB Dim AutoFill","MECHANICAL DUCTWORK LAYOUT - LEVEL 09","model","selection","skip","SharedOnly","skip-other-users","14671407","Duct Fittings","MHT_DF_Spigot","","LEVEL 09","Damper","300ø-300ø","","","300","NWB_DimDiameter","300","300","300","SKIP","existing-kept","instance","Shared Parameter","7626172","NWB_DimDiameter","String","False","1","1"
"20260801_155722","NWB Dim AutoFill","MECHANICAL DUCTWORK LAYOUT - LEVEL 09","model","selection","skip","SharedOnly","skip-other-users","14671506","Air Terminals","MHT_AT_RA ECG cw plenum","","LEVEL 09","Damper","250ø","","250","250","NWB_DimWidth","","","","SKIP","no parsed value","","","","NWB_DimWidth","","","",""
"20260801_155722","NWB Dim AutoFill","MECHANICAL DUCTWORK LAYOUT - LEVEL 09","model","selection","skip","SharedOnly","skip-other-users","14671506","Air Terminals","MHT_AT_RA ECG cw plenum","","LEVEL 09","Damper","250ø","","250","250","NWB_DimHeight","250","250","250","SKIP","existing-kept","instance","Shared Parameter","7626170","NWB_DimHeight","String","False","1","1"
"20260801_155722","NWB Dim AutoFill","MECHANICAL DUCTWORK LAYOUT - LEVEL 09","model","selection","skip","SharedOnly","skip-other-users","14671506","Air Terminals","MHT_AT_RA ECG cw plenum","","LEVEL 09","Damper","250ø","","250","250","NWB_DimDiameter","250","250ø","250ø","SKIP","existing-kept","instance","Shared Parameter","7626172","NWB_DimDiameter","String","False","1","1"
"20260801_155722","NWB Dim AutoFill","MECHANICAL DUCTWORK LAYOUT - LEVEL 09","model","selection","skip","SharedOnly","skip-other-users","14686851","Air Terminals","MHT_AT_RA ECG cw plenum","","LEVEL 09","Damper","250ø","","250","250","NWB_DimWidth","","","","SKIP","no parsed value","","","","NWB_DimWidth","","","",""
"20260801_155722","NWB Dim AutoFill","MECHANICAL DUCTWORK LAYOUT - LEVEL 09","model","selection","skip","SharedOnly","skip-other-users","14686851","Air Terminals","MHT_AT_RA ECG cw plenum","","LEVEL 09","Damper","250ø","","250","250","NWB_DimDiameter","250","250ø","250ø","SKIP","existing-kept","instance","Shared Parameter","7626172","NWB_DimDiameter","String","False","1","1"
"20260801_155722","NWB Dim AutoFill","MECHANICAL DUCTWORK LAYOUT - LEVEL 09","model","selection","skip","SharedOnly","skip-other-users","14693223","Ducts","Rectangular Duct","","LEVEL 09","Flanged Long Radius Elbows / Shoe Branch","250x250","250","250","","NWB_DimWidth","250","250","250","SKIP","existing-kept","instance","Shared Parameter","7626175","NWB_DimWidth","String","False","1","1"
"20260801_155722","NWB Dim AutoFill","MECHANICAL DUCTWORK LAYOUT - LEVEL 09","model","selection","skip","SharedOnly","skip-other-users","14693223","Ducts","Rectangular Duct","","LEVEL 09","Flanged Long Radius Elbows / Shoe Branch","250x250","250","250","","NWB_DimHeight","250","250","250","SKIP","existing-kept","instance","Shared Parameter","7626170","NWB_DimHeight","String","False","1","1"
"20260801_155722","NWB Dim AutoFill","MECHANICAL DUCTWORK LAYOUT - LEVEL 09","model","selection","skip","SharedOnly","skip-other-users","14693223","Ducts","Rectangular Duct","","LEVEL 09","Flanged Long Radius Elbows / Shoe Branch","250x250","250","250","","NWB_DimDiameter","","","","SKIP","no parsed value","","","","NWB_DimDiameter","","","",""
"20260801_155722","NWB Dim AutoFill","MECHANICAL DUCTWORK LAYOUT - LEVEL 09","model","selection","skip","SharedOnly","skip-other-users","14704170","Air Terminals","MHT_AT_RA ECG cw plenum","","LEVEL 09","Damper","250ø","","250","250","NWB_DimWidth","","","","SKIP","no parsed value","","","","NWB_DimWidth","","","",""
"20260801_155722","NWB Dim AutoFill","MECHANICAL DUCTWORK LAYOUT - LEVEL 09","model","selection","skip","SharedOnly","skip-other-users","14704170","Air Terminals","MHT_AT_RA ECG cw plenum","","LEVEL 09","Damper","250ø","","250","250","NWB_DimHeight","250","250","250","SKIP","existing-kept","instance","Shared Parameter","7626170","NWB_DimHeight","String","False","1","1"
"20260801_155722","NWB Dim AutoFill","MECHANICAL DUCTWORK LAYOUT - LEVEL 09","model","selection","skip","SharedOnly","skip-other-users","14704170","Air Terminals","MHT_AT_RA ECG cw plenum","","LEVEL 09","Damper","250ø","","250","250","NWB_DimDiameter","250","250ø","250ø","SKIP","existing-kept","instance","Shared Parameter","7626172","NWB_DimDiameter","String","False","1","1"
"20260801_155722","NWB Dim AutoFill","MECHANICAL DUCTWORK LAYOUT - LEVEL 09","model","selection","skip","SharedOnly","skip-other-users","14704212","Air Terminals","MHT_AT_RA ECG cw plenum","","LEVEL 09","Damper","250ø","","250","250","NWB_DimWidth","","","","SKIP","no parsed value","","","","NWB_DimWidth","","","",""
"20260801_155722","NWB Dim AutoFill","MECHANICAL DUCTWORK LAYOUT - LEVEL 09","model","selection","skip","SharedOnly","skip-other-users","14704212","Air Terminals","MHT_AT_RA ECG cw plenum","","LEVEL 09","Damper","250ø","","250","250","NWB_DimHeight","250","250","250","SKIP","existing-kept","instance","Shared Parameter","7626170","NWB_DimHeight","String","False","1","1"
"20260801_155722","NWB Dim AutoFill","MECHANICAL DUCTWORK LAYOUT - LEVEL 09","model","selection","skip","SharedOnly","skip-other-users","14704212","Air Terminals","MHT_AT_RA ECG cw plenum","","LEVEL 09","Damper","250ø","","250","250","NWB_DimDiameter","250","250ø","250ø","SKIP","existing-kept","instance","Shared Parameter","7626172","NWB_DimDiameter","String","False","1","1"
"20260801_155722","NWB Dim AutoFill","MECHANICAL DUCTWORK LAYOUT - LEVEL 09","model","selection","skip","SharedOnly","skip-other-users","14704231","Air Terminals","MHT_AT_RA ECG cw plenum","","LEVEL 09","Damper","200ø","","200","200","NWB_DimWidth","","","","SKIP","no parsed value","","","","NWB_DimWidth","","","",""
"20260801_155722","NWB Dim AutoFill","MECHANICAL DUCTWORK LAYOUT - LEVEL 09","model","selection","skip","SharedOnly","skip-other-users","14704231","Air Terminals","MHT_AT_RA ECG cw plenum","","LEVEL 09","Damper","200ø","","200","200","NWB_DimHeight","200","200","200","SKIP","existing-kept","instance","Shared Parameter","7626170","NWB_DimHeight","String","False","1","1"
"20260801_155722","NWB Dim AutoFill","MECHANICAL DUCTWORK LAYOUT - LEVEL 09","model","selection","skip","SharedOnly","skip-other-users","14704231","Air Terminals","MHT_AT_RA ECG cw plenum","","LEVEL 09","Damper","200ø","","200","200","NWB_DimDiameter","200","200ø","200ø","SKIP","existing-kept","instance","Shared Parameter","7626172","NWB_DimDiameter","String","False","1","1"
"20260801_155722","NWB Dim AutoFill","MECHANICAL DUCTWORK LAYOUT - LEVEL 09","model","selection","skip","SharedOnly","skip-other-users","14704299","Air Terminals","MHT_AT_RA ECG cw plenum","","LEVEL 09","Damper","200ø","","200","200","NWB_DimWidth","","","","SKIP","no parsed value","","","","NWB_DimWidth","","","",""
"20260801_155722","NWB Dim AutoFill","MECHANICAL DUCTWORK LAYOUT - LEVEL 09","model","selection","skip","SharedOnly","skip-other-users","14704299","Air Terminals","MHT_AT_RA ECG cw plenum","","LEVEL 09","Damper","200ø","","200","200","NWB_DimHeight","200","200","200","SKIP","existing-kept","instance","Shared Parameter","7626170","NWB_DimHeight","String","False","1","1"
"20260801_155722","NWB Dim AutoFill","MECHANICAL DUCTWORK LAYOUT - LEVEL 09","model","selection","skip","SharedOnly","skip-other-users","14704299","Air Terminals","MHT_AT_RA ECG cw plenum","","LEVEL 09","Damper","200ø","","200","200","NWB_DimDiameter","200","200ø","200ø","SKIP","existing-kept","instance","Shared Parameter","7626172","NWB_DimDiameter","String","False","1","1"
"20260801_155722","NWB Dim AutoFill","MECHANICAL DUCTWORK LAYOUT - LEVEL 09","model","selection","skip","SharedOnly","skip-other-users","14867768","Ducts","Rectangular Duct","","LEVEL 09","Flanged Long Radius Elbows / Shoe Branch","250x300","250","300","","NWB_DimWidth","250","250","250","SKIP","existing-kept","instance","Shared Parameter","7626175","NWB_DimWidth","String","False","1","1"
"20260801_155722","NWB Dim AutoFill","MECHANICAL DUCTWORK LAYOUT - LEVEL 09","model","selection","skip","SharedOnly","skip-other-users","14867768","Ducts","Rectangular Duct","","LEVEL 09","Flanged Long Radius Elbows / Shoe Branch","250x300","250","300","","NWB_DimHeight","300","300","300","SKIP","existing-kept","instance","Shared Parameter","7626170","NWB_DimHeight","String","False","1","1"
"20260801_155722","NWB Dim AutoFill","MECHANICAL DUCTWORK LAYOUT - LEVEL 09","model","selection","skip","SharedOnly","skip-other-users","14867768","Ducts","Rectangular Duct","","LEVEL 09","Flanged Long Radius Elbows / Shoe Branch","250x300","250","300","","NWB_DimDiameter","","","","SKIP","no parsed value","","","","NWB_DimDiameter","","","",""
"20260801_155722","NWB Dim AutoFill","MECHANICAL DUCTWORK LAYOUT - LEVEL 09","model","selection","skip","SharedOnly","skip-other-users","14867774","Ducts","Rectangular Duct","","LEVEL 09","Flanged Long Radius Elbows / Shoe Branch","250x300","250","300","","NWB_DimWidth","250","250","250","SKIP","existing-kept","instance","Shared Parameter","7626175","NWB_DimWidth","String","False","1","1"
"20260801_155722","NWB Dim AutoFill","MECHANICAL DUCTWORK LAYOUT - LEVEL 09","model","selection","skip","SharedOnly","skip-other-users","14867774","Ducts","Rectangular Duct","","LEVEL 09","Flanged Long Radius Elbows / Shoe Branch","250x300","250","300","","NWB_DimHeight","300","300","300","SKIP","existing-kept","instance","Shared Parameter","7626170","NWB_DimHeight","String","False","1","1"
"20260801_155722","NWB Dim AutoFill","MECHANICAL DUCTWORK LAYOUT - LEVEL 09","model","selection","skip","SharedOnly","skip-other-users","14867774","Ducts","Rectangular Duct","","LEVEL 09","Flanged Long Radius Elbows / Shoe Branch","250x300","250","300","","NWB_DimDiameter","","","","SKIP","no parsed value","","","","NWB_DimDiameter","","","",""
"20260801_155722","NWB Dim AutoFill","MECHANICAL DUCTWORK LAYOUT - LEVEL 09","model","selection","skip","SharedOnly","skip-other-users","14867783","Ducts","Rectangular Duct","","LEVEL 09","Flanged Long Radius Elbows / Shoe Branch","250x300","250","300","","NWB_DimWidth","250","250","250","SKIP","existing-kept","instance","Shared Parameter","7626175","NWB_DimWidth","String","False","1","1"
"20260801_155722","NWB Dim AutoFill","MECHANICAL DUCTWORK LAYOUT - LEVEL 09","model","selection","skip","SharedOnly","skip-other-users","14867783","Ducts","Rectangular Duct","","LEVEL 09","Flanged Long Radius Elbows / Shoe Branch","250x300","250","300","","NWB_DimHeight","300","300","300","SKIP","existing-kept","instance","Shared Parameter","7626170","NWB_DimHeight","String","False","1","1"
"20260801_155722","NWB Dim AutoFill","MECHANICAL DUCTWORK LAYOUT - LEVEL 09","model","selection","skip","SharedOnly","skip-other-users","14867783","Ducts","Rectangular Duct","","LEVEL 09","Flanged Long Radius Elbows / Shoe Branch","250x300","250","300","","NWB_DimDiameter","","","","SKIP","no parsed value","","","","NWB_DimDiameter","","","",""
"20260801_155722","NWB Dim AutoFill","MECHANICAL DUCTWORK LAYOUT - LEVEL 09","model","selection","skip","SharedOnly","skip-other-users","14870004","Ducts","Rectangular Duct","","LEVEL 09","Flanged Long Radius Elbows / Shoe Branch","250x300","250","300","","NWB_DimWidth","250","250","250","SKIP","existing-kept","instance","Shared Parameter","7626175","NWB_DimWidth","String","False","1","1"
"20260801_155722","NWB Dim AutoFill","MECHANICAL DUCTWORK LAYOUT - LEVEL 09","model","selection","skip","SharedOnly","skip-other-users","14870004","Ducts","Rectangular Duct","","LEVEL 09","Flanged Long Radius Elbows / Shoe Branch","250x300","250","300","","NWB_DimHeight","300","300","300","SKIP","existing-kept","instance","Shared Parameter","7626170","NWB_DimHeight","String","False","1","1"
"20260801_155722","NWB Dim AutoFill","MECHANICAL DUCTWORK LAYOUT - LEVEL 09","model","selection","skip","SharedOnly","skip-other-users","14870004","Ducts","Rectangular Duct","","LEVEL 09","Flanged Long Radius Elbows / Shoe Branch","250x300","250","300","","NWB_DimDiameter","","","","SKIP","no parsed value","","","","NWB_DimDiameter","","","",""
"20260801_155722","NWB Dim AutoFill","MECHANICAL DUCTWORK LAYOUT - LEVEL 09","model","selection","skip","SharedOnly","skip-other-users","14870010","Ducts","Rectangular Duct","","LEVEL 09","Flanged Long Radius Elbows / Shoe Branch","250x300","250","300","","NWB_DimWidth","250","250","250","SKIP","existing-kept","instance","Shared Parameter","7626175","NWB_DimWidth","String","False","1","1"
"20260801_155722","NWB Dim AutoFill","MECHANICAL DUCTWORK LAYOUT - LEVEL 09","model","selection","skip","SharedOnly","skip-other-users","14870010","Ducts","Rectangular Duct","","LEVEL 09","Flanged Long Radius Elbows / Shoe Branch","250x300","250","300","","NWB_DimHeight","300","300","300","SKIP","existing-kept","instance","Shared Parameter","7626170","NWB_DimHeight","String","False","1","1"
"20260801_155722","NWB Dim AutoFill","MECHANICAL DUCTWORK LAYOUT - LEVEL 09","model","selection","skip","SharedOnly","skip-other-users","14870010","Ducts","Rectangular Duct","","LEVEL 09","Flanged Long Radius Elbows / Shoe Branch","250x300","250","300","","NWB_DimDiameter","","","","SKIP","no parsed value","","","","NWB_DimDiameter","","","",""
"20260801_155722","NWB Dim AutoFill","MECHANICAL DUCTWORK LAYOUT - LEVEL 09","model","selection","skip","SharedOnly","skip-other-users","14870017","Duct Fittings","MHT-ME-DF-Rectangular Short Radius Bend - Flanged","","LEVEL 09","MHT-ME-DF-Rectangular Short Radius Bend - Flanged","250x300-250x300","250","300","","NWB_DimWidth","250","250","250","SKIP","existing-kept","instance","Shared Parameter","7626175","NWB_DimWidth","String","False","2","1"
"20260801_155722","NWB Dim AutoFill","MECHANICAL DUCTWORK LAYOUT - LEVEL 09","model","selection","skip","SharedOnly","skip-other-users","14870017","Duct Fittings","MHT-ME-DF-Rectangular Short Radius Bend - Flanged","","LEVEL 09","MHT-ME-DF-Rectangular Short Radius Bend - Flanged","250x300-250x300","250","300","","NWB_DimHeight","300","300","300","SKIP","existing-kept","instance","Shared Parameter","7626170","NWB_DimHeight","String","False","2","1"
"20260801_155722","NWB Dim AutoFill","MECHANICAL DUCTWORK LAYOUT - LEVEL 09","model","selection","skip","SharedOnly","skip-other-users","14870017","Duct Fittings","MHT-ME-DF-Rectangular Short Radius Bend - Flanged","","LEVEL 09","MHT-ME-DF-Rectangular Short Radius Bend - Flanged","250x300-250x300","250","300","","NWB_DimDiameter","","","","SKIP","no parsed value","","","","NWB_DimDiameter","","","",""
"20260801_155722","NWB Dim AutoFill","MECHANICAL DUCTWORK LAYOUT - LEVEL 09","model","selection","skip","SharedOnly","skip-other-users","14870018","Ducts","Rectangular Duct","","LEVEL 09","Flanged Long Radius Elbows / Shoe Branch","250x300","250","300","","NWB_DimWidth","250","250","250","SKIP","existing-kept","instance","Shared Parameter","7626175","NWB_DimWidth","String","False","1","1"
"20260801_155722","NWB Dim AutoFill","MECHANICAL DUCTWORK LAYOUT - LEVEL 09","model","selection","skip","SharedOnly","skip-other-users","14870018","Ducts","Rectangular Duct","","LEVEL 09","Flanged Long Radius Elbows / Shoe Branch","250x300","250","300","","NWB_DimHeight","300","300","300","SKIP","existing-kept","instance","Shared Parameter","7626170","NWB_DimHeight","String","False","1","1"
"20260801_155722","NWB Dim AutoFill","MECHANICAL DUCTWORK LAYOUT - LEVEL 09","model","selection","skip","SharedOnly","skip-other-users","14870018","Ducts","Rectangular Duct","","LEVEL 09","Flanged Long Radius Elbows / Shoe Branch","250x300","250","300","","NWB_DimDiameter","","","","SKIP","no parsed value","","","","NWB_DimDiameter","","","",""
"20260801_155722","NWB Dim AutoFill","MECHANICAL DUCTWORK LAYOUT - LEVEL 09","model","selection","skip","SharedOnly","skip-other-users","14870023","Duct Fittings","MHT-ME-DF-Rectangular Short Radius Bend - Flanged","","LEVEL 09","MHT-ME-DF-Rectangular Short Radius Bend - Flanged","250x300-250x300","250","300","","NWB_DimWidth","250","250","250","SKIP","existing-kept","instance","Shared Parameter","7626175","NWB_DimWidth","String","False","2","1"
"20260801_155722","NWB Dim AutoFill","MECHANICAL DUCTWORK LAYOUT - LEVEL 09","model","selection","skip","SharedOnly","skip-other-users","14870023","Duct Fittings","MHT-ME-DF-Rectangular Short Radius Bend - Flanged","","LEVEL 09","MHT-ME-DF-Rectangular Short Radius Bend - Flanged","250x300-250x300","250","300","","NWB_DimHeight","300","300","300","SKIP","existing-kept","instance","Shared Parameter","7626170","NWB_DimHeight","String","False","2","1"
"20260801_155722","NWB Dim AutoFill","MECHANICAL DUCTWORK LAYOUT - LEVEL 09","model","selection","skip","SharedOnly","skip-other-users","14870023","Duct Fittings","MHT-ME-DF-Rectangular Short Radius Bend - Flanged","","LEVEL 09","MHT-ME-DF-Rectangular Short Radius Bend - Flanged","250x300-250x300","250","300","","NWB_DimDiameter","","","","SKIP","no parsed value","","","","NWB_DimDiameter","","","",""
"20260801_155722","NWB Dim AutoFill","MECHANICAL DUCTWORK LAYOUT - LEVEL 09","model","selection","skip","SharedOnly","skip-other-users","14874096","Ducts","Rectangular Duct","","LEVEL 09","Flanged Long Radius Elbows / Shoe Branch","225x150","225","150","","NWB_DimWidth","225","225","225","SKIP","existing-kept","instance","Shared Parameter","7626175","NWB_DimWidth","String","False","1","1"
"20260801_155722","NWB Dim AutoFill","MECHANICAL DUCTWORK LAYOUT - LEVEL 09","model","selection","skip","SharedOnly","skip-other-users","14874096","Ducts","Rectangular Duct","","LEVEL 09","Flanged Long Radius Elbows / Shoe Branch","225x150","225","150","","NWB_DimHeight","150","150","150","SKIP","existing-kept","instance","Shared Parameter","7626170","NWB_DimHeight","String","False","1","1"
"20260801_155722","NWB Dim AutoFill","MECHANICAL DUCTWORK LAYOUT - LEVEL 09","model","selection","skip","SharedOnly","skip-other-users","14874096","Ducts","Rectangular Duct","","LEVEL 09","Flanged Long Radius Elbows / Shoe Branch","225x150","225","150","","NWB_DimDiameter","","","","SKIP","no parsed value","","","","NWB_DimDiameter","","","",""
"20260801_155722","NWB Dim AutoFill","MECHANICAL DUCTWORK LAYOUT - LEVEL 09","model","selection","skip","SharedOnly","skip-other-users","14874103","Duct Fittings","MHT-ME-DF-Rectangular Short Radius Bend - Flanged","","LEVEL 09","MHT-ME-DF-Rectangular Short Radius Bend - Flanged","225x150-225x150","225","150","","NWB_DimWidth","225","225","225","SKIP","existing-kept","instance","Shared Parameter","7626175","NWB_DimWidth","String","False","2","1"
"20260801_155722","NWB Dim AutoFill","MECHANICAL DUCTWORK LAYOUT - LEVEL 09","model","selection","skip","SharedOnly","skip-other-users","14874103","Duct Fittings","MHT-ME-DF-Rectangular Short Radius Bend - Flanged","","LEVEL 09","MHT-ME-DF-Rectangular Short Radius Bend - Flanged","225x150-225x150","225","150","","NWB_DimHeight","150","150","150","SKIP","existing-kept","instance","Shared Parameter","7626170","NWB_DimHeight","String","False","2","1"
"20260801_155722","NWB Dim AutoFill","MECHANICAL DUCTWORK LAYOUT - LEVEL 09","model","selection","skip","SharedOnly","skip-other-users","14874103","Duct Fittings","MHT-ME-DF-Rectangular Short Radius Bend - Flanged","","LEVEL 09","MHT-ME-DF-Rectangular Short Radius Bend - Flanged","225x150-225x150","225","150","","NWB_DimDiameter","","","","SKIP","no parsed value","","","","NWB_DimDiameter","","","",""
"20260801_155722","NWB Dim AutoFill","MECHANICAL DUCTWORK LAYOUT - LEVEL 09","model","selection","skip","SharedOnly","skip-other-users","14886437","Ducts","Rectangular Duct","","LEVEL 09","Flanged Long Radius Elbows / Shoe Branch","275x200","275","200","","NWB_DimWidth","275","275","275","SKIP","existing-kept","instance","Shared Parameter","7626175","NWB_DimWidth","String","False","1","1"
"20260801_155722","NWB Dim AutoFill","MECHANICAL DUCTWORK LAYOUT - LEVEL 09","model","selection","skip","SharedOnly","skip-other-users","14886437","Ducts","Rectangular Duct","","LEVEL 09","Flanged Long Radius Elbows / Shoe Branch","275x200","275","200","","NWB_DimHeight","200","200","200","SKIP","existing-kept","instance","Shared Parameter","7626170","NWB_DimHeight","String","False","1","1"
"20260801_155722","NWB Dim AutoFill","MECHANICAL DUCTWORK LAYOUT - LEVEL 09","model","selection","skip","SharedOnly","skip-other-users","14886437","Ducts","Rectangular Duct","","LEVEL 09","Flanged Long Radius Elbows / Shoe Branch","275x200","275","200","","NWB_DimDiameter","","","","SKIP","no parsed value","","","","NWB_DimDiameter","","","",""
"20260801_155722","NWB Dim AutoFill","MECHANICAL DUCTWORK LAYOUT - LEVEL 09","model","selection","skip","SharedOnly","skip-other-users","14886438","Ducts","Rectangular Duct","","LEVEL 09","Flanged Long Radius Elbows / Shoe Branch","275x200","275","200","","NWB_DimWidth","275","275","275","SKIP","existing-kept","instance","Shared Parameter","7626175","NWB_DimWidth","String","False","1","1"
"20260801_155722","NWB Dim AutoFill","MECHANICAL DUCTWORK LAYOUT - LEVEL 09","model","selection","skip","SharedOnly","skip-other-users","14886438","Ducts","Rectangular Duct","","LEVEL 09","Flanged Long Radius Elbows / Shoe Branch","275x200","275","200","","NWB_DimHeight","200","200","200","SKIP","existing-kept","instance","Shared Parameter","7626170","NWB_DimHeight","String","False","1","1"
"20260801_155722","NWB Dim AutoFill","MECHANICAL DUCTWORK LAYOUT - LEVEL 09","model","selection","skip","SharedOnly","skip-other-users","14886438","Ducts","Rectangular Duct","","LEVEL 09","Flanged Long Radius Elbows / Shoe Branch","275x200","275","200","","NWB_DimDiameter","","","","SKIP","no parsed value","","","","NWB_DimDiameter","","","",""
"20260801_155722","NWB Dim AutoFill","MECHANICAL DUCTWORK LAYOUT - LEVEL 09","model","selection","skip","SharedOnly","skip-other-users","14886474","Duct Fittings","MHT-ME-DF-Rectangular Short Radius Bend - Flanged","","LEVEL 09","MHT-ME-DF-Rectangular Short Radius Bend - Flanged","275x200-275x200","275","200","","NWB_DimWidth","275","275","275","SKIP","existing-kept","instance","Shared Parameter","7626175","NWB_DimWidth","String","False","2","1"
"20260801_155722","NWB Dim AutoFill","MECHANICAL DUCTWORK LAYOUT - LEVEL 09","model","selection","skip","SharedOnly","skip-other-users","14886474","Duct Fittings","MHT-ME-DF-Rectangular Short Radius Bend - Flanged","","LEVEL 09","MHT-ME-DF-Rectangular Short Radius Bend - Flanged","275x200-275x200","275","200","","NWB_DimHeight","200","200","200","SKIP","existing-kept","instance","Shared Parameter","7626170","NWB_DimHeight","String","False","2","1"
"20260801_155722","NWB Dim AutoFill","MECHANICAL DUCTWORK LAYOUT - LEVEL 09","model","selection","skip","SharedOnly","skip-other-users","14886474","Duct Fittings","MHT-ME-DF-Rectangular Short Radius Bend - Flanged","","LEVEL 09","MHT-ME-DF-Rectangular Short Radius Bend - Flanged","275x200-275x200","275","200","","NWB_DimDiameter","","","","SKIP","no parsed value","","","","NWB_DimDiameter","","","",""
"20260801_155722","NWB Dim AutoFill","MECHANICAL DUCTWORK LAYOUT - LEVEL 09","model","selection","skip","SharedOnly","skip-other-users","14886532","Duct Fittings","MHT-ME-DF-Square Cap-BMA","","LEVEL 09","Standard","275x200","275","200","","NWB_DimWidth","275","275","275","SKIP","existing-kept","instance","Shared Parameter","7626175","NWB_DimWidth","String","False","1","1"
"20260801_155722","NWB Dim AutoFill","MECHANICAL DUCTWORK LAYOUT - LEVEL 09","model","selection","skip","SharedOnly","skip-other-users","14886532","Duct Fittings","MHT-ME-DF-Square Cap-BMA","","LEVEL 09","Standard","275x200","275","200","","NWB_DimHeight","200","200","200","SKIP","existing-kept","instance","Shared Parameter","7626170","NWB_DimHeight","String","False","1","1"
"20260801_155722","NWB Dim AutoFill","MECHANICAL DUCTWORK LAYOUT - LEVEL 09","model","selection","skip","SharedOnly","skip-other-users","14886532","Duct Fittings","MHT-ME-DF-Square Cap-BMA","","LEVEL 09","Standard","275x200","275","200","","NWB_DimDiameter","","","","SKIP","no parsed value","","","","NWB_DimDiameter","","","",""
"20260801_155722","NWB Dim AutoFill","MECHANICAL DUCTWORK LAYOUT - LEVEL 09","model","selection","skip","SharedOnly","skip-other-users","14887377","Air Terminals","MHT_AT_S Air Diff Swirl","","LEVEL 09","No Damper","250ø","","","250","NWB_DimWidth","","","","SKIP","no parsed value","","","","NWB_DimWidth","","","",""
"20260801_155722","NWB Dim AutoFill","MECHANICAL DUCTWORK LAYOUT - LEVEL 09","model","selection","skip","SharedOnly","skip-other-users","14887377","Air Terminals","MHT_AT_S Air Diff Swirl","","LEVEL 09","No Damper","250ø","","","250","NWB_DimHeight","","","","SKIP","no parsed value","","","","NWB_DimHeight","","","",""
"20260801_155722","NWB Dim AutoFill","MECHANICAL DUCTWORK LAYOUT - LEVEL 09","model","selection","skip","SharedOnly","skip-other-users","14887377","Air Terminals","MHT_AT_S Air Diff Swirl","","LEVEL 09","No Damper","250ø","","","250","NWB_DimDiameter","250","250ø","250ø","SKIP","existing-kept","instance","Shared Parameter","7626172","NWB_DimDiameter","String","False","1","1"
"20260801_155722","NWB Dim AutoFill","MECHANICAL DUCTWORK LAYOUT - LEVEL 09","model","selection","skip","SharedOnly","skip-other-users","14887594","Ducts","Rectangular Duct","","LEVEL 09","Flanged Long Radius Elbows / Shoe Branch","200x275","200","275","","NWB_DimWidth","200","200","200","SKIP","existing-kept","instance","Shared Parameter","7626175","NWB_DimWidth","String","False","1","1"
"20260801_155722","NWB Dim AutoFill","MECHANICAL DUCTWORK LAYOUT - LEVEL 09","model","selection","skip","SharedOnly","skip-other-users","14887594","Ducts","Rectangular Duct","","LEVEL 09","Flanged Long Radius Elbows / Shoe Branch","200x275","200","275","","NWB_DimHeight","275","275","275","SKIP","existing-kept","instance","Shared Parameter","7626170","NWB_DimHeight","String","False","1","1"
"20260801_155722","NWB Dim AutoFill","MECHANICAL DUCTWORK LAYOUT - LEVEL 09","model","selection","skip","SharedOnly","skip-other-users","14887594","Ducts","Rectangular Duct","","LEVEL 09","Flanged Long Radius Elbows / Shoe Branch","200x275","200","275","","NWB_DimDiameter","","","","SKIP","no parsed value","","","","NWB_DimDiameter","","","",""
"20260801_155722","NWB Dim AutoFill","MECHANICAL DUCTWORK LAYOUT - LEVEL 09","model","selection","skip","SharedOnly","skip-other-users","14887713","Air Terminals","MHT_AT_S Air Diff Swirl","","LEVEL 09","No Damper","250ø","","","250","NWB_DimWidth","","","","SKIP","no parsed value","","","","NWB_DimWidth","","","",""
"20260801_155722","NWB Dim AutoFill","MECHANICAL DUCTWORK LAYOUT - LEVEL 09","model","selection","skip","SharedOnly","skip-other-users","14887713","Air Terminals","MHT_AT_S Air Diff Swirl","","LEVEL 09","No Damper","250ø","","","250","NWB_DimHeight","","","","SKIP","no parsed value","","","","NWB_DimHeight","","","",""
"20260801_155722","NWB Dim AutoFill","MECHANICAL DUCTWORK LAYOUT - LEVEL 09","model","selection","skip","SharedOnly","skip-other-users","14887713","Air Terminals","MHT_AT_S Air Diff Swirl","","LEVEL 09","No Damper","250ø","","","250","NWB_DimDiameter","250","250ø","250ø","SKIP","existing-kept","instance","Shared Parameter","7626172","NWB_DimDiameter","String","False","1","1"
"20260801_155722","NWB Dim AutoFill","MECHANICAL DUCTWORK LAYOUT - LEVEL 09","model","selection","skip","SharedOnly","skip-other-users","14887906","Duct Fittings","MHT-ME-DF-Square Cap-BMA","","LEVEL 09","Standard","275x200","275","200","","NWB_DimWidth","275","275","275","SKIP","existing-kept","instance","Shared Parameter","7626175","NWB_DimWidth","String","False","1","1"
"20260801_155722","NWB Dim AutoFill","MECHANICAL DUCTWORK LAYOUT - LEVEL 09","model","selection","skip","SharedOnly","skip-other-users","14887906","Duct Fittings","MHT-ME-DF-Square Cap-BMA","","LEVEL 09","Standard","275x200","275","200","","NWB_DimHeight","200","200","200","SKIP","existing-kept","instance","Shared Parameter","7626170","NWB_DimHeight","String","False","1","1"
"20260801_155722","NWB Dim AutoFill","MECHANICAL DUCTWORK LAYOUT - LEVEL 09","model","selection","skip","SharedOnly","skip-other-users","14887906","Duct Fittings","MHT-ME-DF-Square Cap-BMA","","LEVEL 09","Standard","275x200","275","200","","NWB_DimDiameter","","","","SKIP","no parsed value","","","","NWB_DimDiameter","","","",""
"20260801_155722","NWB Dim AutoFill","MECHANICAL DUCTWORK LAYOUT - LEVEL 09","model","selection","skip","SharedOnly","skip-other-users","14889022","Duct Fittings","MHT-ME-DF-Square Cap-BMA","","LEVEL 09","Standard","275x200","275","200","","NWB_DimWidth","275","250","250","SKIP","existing-kept","instance","Shared Parameter","7626175","NWB_DimWidth","String","False","1","1"
"20260801_155722","NWB Dim AutoFill","MECHANICAL DUCTWORK LAYOUT - LEVEL 09","model","selection","skip","SharedOnly","skip-other-users","14889022","Duct Fittings","MHT-ME-DF-Square Cap-BMA","","LEVEL 09","Standard","275x200","275","200","","NWB_DimHeight","200","250","250","SKIP","existing-kept","instance","Shared Parameter","7626170","NWB_DimHeight","String","False","1","1"
"20260801_155722","NWB Dim AutoFill","MECHANICAL DUCTWORK LAYOUT - LEVEL 09","model","selection","skip","SharedOnly","skip-other-users","14889022","Duct Fittings","MHT-ME-DF-Square Cap-BMA","","LEVEL 09","Standard","275x200","275","200","","NWB_DimDiameter","","","","SKIP","no parsed value","","","","NWB_DimDiameter","","","",""
"20260801_155722","NWB Dim AutoFill","MECHANICAL DUCTWORK LAYOUT - LEVEL 09","model","selection","skip","SharedOnly","skip-other-users","14889470","Flex Ducts","Flex Duct Round","","LEVEL 09","Flex - Round","250 mmø","","","250","NWB_DimWidth","","","","SKIP","no parsed value","","","","NWB_DimWidth","","","",""
"20260801_155722","NWB Dim AutoFill","MECHANICAL DUCTWORK LAYOUT - LEVEL 09","model","selection","skip","SharedOnly","skip-other-users","14889470","Flex Ducts","Flex Duct Round","","LEVEL 09","Flex - Round","250 mmø","","","250","NWB_DimHeight","","","","SKIP","no parsed value","","","","NWB_DimHeight","","","",""
"20260801_155722","NWB Dim AutoFill","MECHANICAL DUCTWORK LAYOUT - LEVEL 09","model","selection","skip","SharedOnly","skip-other-users","14889580","Duct Fittings","MHT-ME-DF-Rectangular Short Radius Bend - Flanged","","LEVEL 09","MHT-ME-DF-Rectangular Short Radius Bend - Flanged","450x300-450x300","450","300","","NWB_DimWidth","450","450","450","SKIP","existing-kept","instance","Shared Parameter","7626175","NWB_DimWidth","String","False","2","1"
"20260801_155722","NWB Dim AutoFill","MECHANICAL DUCTWORK LAYOUT - LEVEL 09","model","selection","skip","SharedOnly","skip-other-users","14889580","Duct Fittings","MHT-ME-DF-Rectangular Short Radius Bend - Flanged","","LEVEL 09","MHT-ME-DF-Rectangular Short Radius Bend - Flanged","450x300-450x300","450","300","","NWB_DimHeight","300","300","300","SKIP","existing-kept","instance","Shared Parameter","7626170","NWB_DimHeight","String","False","2","1"
"20260801_155722","NWB Dim AutoFill","MECHANICAL DUCTWORK LAYOUT - LEVEL 09","model","selection","skip","SharedOnly","skip-other-users","14889580","Duct Fittings","MHT-ME-DF-Rectangular Short Radius Bend - Flanged","","LEVEL 09","MHT-ME-DF-Rectangular Short Radius Bend - Flanged","450x300-450x300","450","300","","NWB_DimDiameter","","","","SKIP","no parsed value","","","","NWB_DimDiameter","","","",""
"20260801_155722","NWB Dim AutoFill","MECHANICAL DUCTWORK LAYOUT - LEVEL 09","model","selection","skip","SharedOnly","skip-other-users","14889619","Duct Fittings","MHT-ME-DF-Rectangular Short Radius Bend - Flanged","","LEVEL 09","MHT-ME-DF-Rectangular Short Radius Bend - Flanged","450x300-450x300","450","300","","NWB_DimWidth","450","450","450","SKIP","existing-kept","instance","Shared Parameter","7626175","NWB_DimWidth","String","False","2","1"
"20260801_155722","NWB Dim AutoFill","MECHANICAL DUCTWORK LAYOUT - LEVEL 09","model","selection","skip","SharedOnly","skip-other-users","14889619","Duct Fittings","MHT-ME-DF-Rectangular Short Radius Bend - Flanged","","LEVEL 09","MHT-ME-DF-Rectangular Short Radius Bend - Flanged","450x300-450x300","450","300","","NWB_DimHeight","300","300","300","SKIP","existing-kept","instance","Shared Parameter","7626170","NWB_DimHeight","String","False","2","1"
"20260801_155722","NWB Dim AutoFill","MECHANICAL DUCTWORK LAYOUT - LEVEL 09","model","selection","skip","SharedOnly","skip-other-users","14889619","Duct Fittings","MHT-ME-DF-Rectangular Short Radius Bend - Flanged","","LEVEL 09","MHT-ME-DF-Rectangular Short Radius Bend - Flanged","450x300-450x300","450","300","","NWB_DimDiameter","","","","SKIP","no parsed value","","","","NWB_DimDiameter","","","",""
"20260801_155722","NWB Dim AutoFill","MECHANICAL DUCTWORK LAYOUT - LEVEL 09","model","selection","skip","SharedOnly","skip-other-users","14889629","Ducts","Rectangular Duct","","LEVEL 09","Flanged Long Radius Elbows / Shoe Branch","350x550","350","550","","NWB_DimWidth","350","350","350","SKIP","existing-kept","instance","Shared Parameter","7626175","NWB_DimWidth","String","False","1","1"
"20260801_155722","NWB Dim AutoFill","MECHANICAL DUCTWORK LAYOUT - LEVEL 09","model","selection","skip","SharedOnly","skip-other-users","14889629","Ducts","Rectangular Duct","","LEVEL 09","Flanged Long Radius Elbows / Shoe Branch","350x550","350","550","","NWB_DimHeight","550","550","550","SKIP","existing-kept","instance","Shared Parameter","7626170","NWB_DimHeight","String","False","1","1"
"20260801_155722","NWB Dim AutoFill","MECHANICAL DUCTWORK LAYOUT - LEVEL 09","model","selection","skip","SharedOnly","skip-other-users","14889629","Ducts","Rectangular Duct","","LEVEL 09","Flanged Long Radius Elbows / Shoe Branch","350x550","350","550","","NWB_DimDiameter","","","","SKIP","no parsed value","","","","NWB_DimDiameter","","","",""
"20260801_155722","NWB Dim AutoFill","MECHANICAL DUCTWORK LAYOUT - LEVEL 09","model","selection","skip","SharedOnly","skip-other-users","14889641","Ducts","Rectangular Duct","","LEVEL 09","Flanged Long Radius Elbows / Shoe Branch","250x250","250","250","","NWB_DimWidth","250","250","250","SKIP","existing-kept","instance","Shared Parameter","7626175","NWB_DimWidth","String","False","1","1"
"20260801_155722","NWB Dim AutoFill","MECHANICAL DUCTWORK LAYOUT - LEVEL 09","model","selection","skip","SharedOnly","skip-other-users","14889641","Ducts","Rectangular Duct","","LEVEL 09","Flanged Long Radius Elbows / Shoe Branch","250x250","250","250","","NWB_DimHeight","250","250","250","SKIP","existing-kept","instance","Shared Parameter","7626170","NWB_DimHeight","String","False","1","1"
"20260801_155722","NWB Dim AutoFill","MECHANICAL DUCTWORK LAYOUT - LEVEL 09","model","selection","skip","SharedOnly","skip-other-users","14889641","Ducts","Rectangular Duct","","LEVEL 09","Flanged Long Radius Elbows / Shoe Branch","250x250","250","250","","NWB_DimDiameter","","","","SKIP","no parsed value","","","","NWB_DimDiameter","","","",""
"20260801_155722","NWB Dim AutoFill","MECHANICAL DUCTWORK LAYOUT - LEVEL 09","model","selection","skip","SharedOnly","skip-other-users","14889644","Ducts","Rectangular Duct","","LEVEL 09","Flanged Long Radius Elbows / Shoe Branch","250x250","250","250","","NWB_DimWidth","250","250","250","SKIP","existing-kept","instance","Shared Parameter","7626175","NWB_DimWidth","String","False","1","1"
"20260801_155722","NWB Dim AutoFill","MECHANICAL DUCTWORK LAYOUT - LEVEL 09","model","selection","skip","SharedOnly","skip-other-users","14889644","Ducts","Rectangular Duct","","LEVEL 09","Flanged Long Radius Elbows / Shoe Branch","250x250","250","250","","NWB_DimHeight","250","250","250","SKIP","existing-kept","instance","Shared Parameter","7626170","NWB_DimHeight","String","False","1","1"
"20260801_155722","NWB Dim AutoFill","MECHANICAL DUCTWORK LAYOUT - LEVEL 09","model","selection","skip","SharedOnly","skip-other-users","14889644","Ducts","Rectangular Duct","","LEVEL 09","Flanged Long Radius Elbows / Shoe Branch","250x250","250","250","","NWB_DimDiameter","","","","SKIP","no parsed value","","","","NWB_DimDiameter","","","",""
"20260801_155722","NWB Dim AutoFill","MECHANICAL DUCTWORK LAYOUT - LEVEL 09","model","selection","skip","SharedOnly","skip-other-users","14898506","Ducts","Rectangular Duct","","LEVEL 09","Flanged Long Radius Elbows / Shoe Branch","200x250","200","250","","NWB_DimWidth","200","200","200","SKIP","existing-kept","instance","Shared Parameter","7626175","NWB_DimWidth","String","False","1","1"
"20260801_155722","NWB Dim AutoFill","MECHANICAL DUCTWORK LAYOUT - LEVEL 09","model","selection","skip","SharedOnly","skip-other-users","14898506","Ducts","Rectangular Duct","","LEVEL 09","Flanged Long Radius Elbows / Shoe Branch","200x250","200","250","","NWB_DimHeight","250","250","250","SKIP","existing-kept","instance","Shared Parameter","7626170","NWB_DimHeight","String","False","1","1"
"20260801_155722","NWB Dim AutoFill","MECHANICAL DUCTWORK LAYOUT - LEVEL 09","model","selection","skip","SharedOnly","skip-other-users","14898506","Ducts","Rectangular Duct","","LEVEL 09","Flanged Long Radius Elbows / Shoe Branch","200x250","200","250","","NWB_DimDiameter","","","","SKIP","no parsed value","","","","NWB_DimDiameter","","","",""
"20260801_155722","NWB Dim AutoFill","MECHANICAL DUCTWORK LAYOUT - LEVEL 09","model","selection","skip","SharedOnly","skip-other-users","14903735","Ducts","Rectangular Duct","","LEVEL 09","Flanged Long Radius Elbows / Shoe Branch","750x300","750","300","","NWB_DimWidth","750","750","750","SKIP","existing-kept","instance","Shared Parameter","7626175","NWB_DimWidth","String","False","1","1"
"20260801_155722","NWB Dim AutoFill","MECHANICAL DUCTWORK LAYOUT - LEVEL 09","model","selection","skip","SharedOnly","skip-other-users","14903735","Ducts","Rectangular Duct","","LEVEL 09","Flanged Long Radius Elbows / Shoe Branch","750x300","750","300","","NWB_DimHeight","300","300","300","SKIP","existing-kept","instance","Shared Parameter","7626170","NWB_DimHeight","String","False","1","1"
"20260801_155722","NWB Dim AutoFill","MECHANICAL DUCTWORK LAYOUT - LEVEL 09","model","selection","skip","SharedOnly","skip-other-users","14903735","Ducts","Rectangular Duct","","LEVEL 09","Flanged Long Radius Elbows / Shoe Branch","750x300","750","300","","NWB_DimDiameter","","","","SKIP","no parsed value","","","","NWB_DimDiameter","","","",""
"20260801_155722","NWB Dim AutoFill","MECHANICAL DUCTWORK LAYOUT - LEVEL 09","model","selection","skip","SharedOnly","skip-other-users","14903855","Ducts","Rectangular Duct","","LEVEL 09","Flanged Long Radius Elbows / Shoe Branch","750x250","750","250","","NWB_DimWidth","750","750","750","SKIP","existing-kept","instance","Shared Parameter","7626175","NWB_DimWidth","String","False","1","1"
"20260801_155722","NWB Dim AutoFill","MECHANICAL DUCTWORK LAYOUT - LEVEL 09","model","selection","skip","SharedOnly","skip-other-users","14903855","Ducts","Rectangular Duct","","LEVEL 09","Flanged Long Radius Elbows / Shoe Branch","750x250","750","250","","NWB_DimHeight","250","250","250","SKIP","existing-kept","instance","Shared Parameter","7626170","NWB_DimHeight","String","False","1","1"
"20260801_155722","NWB Dim AutoFill","MECHANICAL DUCTWORK LAYOUT - LEVEL 09","model","selection","skip","SharedOnly","skip-other-users","14903855","Ducts","Rectangular Duct","","LEVEL 09","Flanged Long Radius Elbows / Shoe Branch","750x250","750","250","","NWB_DimDiameter","","","","SKIP","no parsed value","","","","NWB_DimDiameter","","","",""
"20260801_155722","NWB Dim AutoFill","MECHANICAL DUCTWORK LAYOUT - LEVEL 09","model","selection","skip","SharedOnly","skip-other-users","14904345","Ducts","Rectangular Duct","","LEVEL 09","Flanged Long Radius Elbows / Shoe Branch","350x550","350","550","","NWB_DimWidth","350","350","350","SKIP","existing-kept","instance","Shared Parameter","7626175","NWB_DimWidth","String","False","1","1"
"20260801_155722","NWB Dim AutoFill","MECHANICAL DUCTWORK LAYOUT - LEVEL 09","model","selection","skip","SharedOnly","skip-other-users","14904345","Ducts","Rectangular Duct","","LEVEL 09","Flanged Long Radius Elbows / Shoe Branch","350x550","350","550","","NWB_DimHeight","550","550","550","SKIP","existing-kept","instance","Shared Parameter","7626170","NWB_DimHeight","String","False","1","1"
"20260801_155722","NWB Dim AutoFill","MECHANICAL DUCTWORK LAYOUT - LEVEL 09","model","selection","skip","SharedOnly","skip-other-users","14904345","Ducts","Rectangular Duct","","LEVEL 09","Flanged Long Radius Elbows / Shoe Branch","350x550","350","550","","NWB_DimDiameter","","","","SKIP","no parsed value","","","","NWB_DimDiameter","","","",""
"20260801_155722","NWB Dim AutoFill","MECHANICAL DUCTWORK LAYOUT - LEVEL 09","model","selection","skip","SharedOnly","skip-other-users","14906204","Ducts","Rectangular Duct","","LEVEL 09","Flanged Long Radius Elbows / Shoe Branch","250x275","250","275","","NWB_DimWidth","250","250","250","SKIP","existing-kept","instance","Shared Parameter","7626175","NWB_DimWidth","String","False","1","1"
"20260801_155722","NWB Dim AutoFill","MECHANICAL DUCTWORK LAYOUT - LEVEL 09","model","selection","skip","SharedOnly","skip-other-users","14906204","Ducts","Rectangular Duct","","LEVEL 09","Flanged Long Radius Elbows / Shoe Branch","250x275","250","275","","NWB_DimHeight","275","275","275","SKIP","existing-kept","instance","Shared Parameter","7626170","NWB_DimHeight","String","False","1","1"
"20260801_155722","NWB Dim AutoFill","MECHANICAL DUCTWORK LAYOUT - LEVEL 09","model","selection","skip","SharedOnly","skip-other-users","14906204","Ducts","Rectangular Duct","","LEVEL 09","Flanged Long Radius Elbows / Shoe Branch","250x275","250","275","","NWB_DimDiameter","","","","SKIP","no parsed value","","","","NWB_DimDiameter","","","",""
"20260801_155722","NWB Dim AutoFill","MECHANICAL DUCTWORK LAYOUT - LEVEL 09","model","selection","skip","SharedOnly","skip-other-users","14906396","Flex Ducts","Flex Duct Round","","LEVEL 09","Flex - Round","200 mmø","","","200","NWB_DimWidth","","","","SKIP","no parsed value","","","","NWB_DimWidth","","","",""
"20260801_155722","NWB Dim AutoFill","MECHANICAL DUCTWORK LAYOUT - LEVEL 09","model","selection","skip","SharedOnly","skip-other-users","14906396","Flex Ducts","Flex Duct Round","","LEVEL 09","Flex - Round","200 mmø","","","200","NWB_DimHeight","","","","SKIP","no parsed value","","","","NWB_DimHeight","","","",""
"20260801_155722","NWB Dim AutoFill","MECHANICAL DUCTWORK LAYOUT - LEVEL 09","model","selection","skip","SharedOnly","skip-other-users","14906521","Ducts","Rectangular Duct","","LEVEL 09","Flanged Long Radius Elbows / Shoe Branch","325x200","325","200","","NWB_DimWidth","325","325","325","SKIP","existing-kept","instance","Shared Parameter","7626175","NWB_DimWidth","String","False","1","1"
"20260801_155722","NWB Dim AutoFill","MECHANICAL DUCTWORK LAYOUT - LEVEL 09","model","selection","skip","SharedOnly","skip-other-users","14906521","Ducts","Rectangular Duct","","LEVEL 09","Flanged Long Radius Elbows / Shoe Branch","325x200","325","200","","NWB_DimHeight","200","200","200","SKIP","existing-kept","instance","Shared Parameter","7626170","NWB_DimHeight","String","False","1","1"
"20260801_155722","NWB Dim AutoFill","MECHANICAL DUCTWORK LAYOUT - LEVEL 09","model","selection","skip","SharedOnly","skip-other-users","14906521","Ducts","Rectangular Duct","","LEVEL 09","Flanged Long Radius Elbows / Shoe Branch","325x200","325","200","","NWB_DimDiameter","","","","SKIP","no parsed value","","","","NWB_DimDiameter","","","",""
"20260801_155722","NWB Dim AutoFill","MECHANICAL DUCTWORK LAYOUT - LEVEL 09","model","selection","skip","SharedOnly","skip-other-users","14906529","Duct Fittings","MHT-ME-DF-Rectangular Short Radius Bend - Flanged","","LEVEL 09","MHT-ME-DF-Rectangular Short Radius Bend - Flanged","325x200-325x200","325","200","","NWB_DimWidth","325","325","325","SKIP","existing-kept","instance","Shared Parameter","7626175","NWB_DimWidth","String","False","2","1"
"20260801_155722","NWB Dim AutoFill","MECHANICAL DUCTWORK LAYOUT - LEVEL 09","model","selection","skip","SharedOnly","skip-other-users","14906529","Duct Fittings","MHT-ME-DF-Rectangular Short Radius Bend - Flanged","","LEVEL 09","MHT-ME-DF-Rectangular Short Radius Bend - Flanged","325x200-325x200","325","200","","NWB_DimHeight","200","200","200","SKIP","existing-kept","instance","Shared Parameter","7626170","NWB_DimHeight","String","False","2","1"
"20260801_155722","NWB Dim AutoFill","MECHANICAL DUCTWORK LAYOUT - LEVEL 09","model","selection","skip","SharedOnly","skip-other-users","14906529","Duct Fittings","MHT-ME-DF-Rectangular Short Radius Bend - Flanged","","LEVEL 09","MHT-ME-DF-Rectangular Short Radius Bend - Flanged","325x200-325x200","325","200","","NWB_DimDiameter","","","","SKIP","no parsed value","","","","NWB_DimDiameter","","","",""
"20260801_155722","NWB Dim AutoFill","MECHANICAL DUCTWORK LAYOUT - LEVEL 09","model","selection","skip","SharedOnly","skip-other-users","14907187","Duct Fittings","MHT_DF_Spigot","","LEVEL 09","Damper","200ø-200ø","","","200","NWB_DimWidth","","","","SKIP","no parsed value","","","","NWB_DimWidth","","","",""
"20260801_155722","NWB Dim AutoFill","MECHANICAL DUCTWORK LAYOUT - LEVEL 09","model","selection","skip","SharedOnly","skip-other-users","14907187","Duct Fittings","MHT_DF_Spigot","","LEVEL 09","Damper","200ø-200ø","","","200","NWB_DimHeight","","","","SKIP","no parsed value","","","","NWB_DimHeight","","","",""
"20260801_155722","NWB Dim AutoFill","MECHANICAL DUCTWORK LAYOUT - LEVEL 09","model","selection","skip","SharedOnly","skip-other-users","14907187","Duct Fittings","MHT_DF_Spigot","","LEVEL 09","Damper","200ø-200ø","","","200","NWB_DimDiameter","200","200","200","SKIP","existing-kept","instance","Shared Parameter","7626172","NWB_DimDiameter","String","False","1","1"
"20260801_155722","NWB Dim AutoFill","MECHANICAL DUCTWORK LAYOUT - LEVEL 09","model","selection","skip","SharedOnly","skip-other-users","14907327","Flex Ducts","Flex Duct Round","","LEVEL 09","Flex - Round","250 mmø","","","250","NWB_DimWidth","","","","SKIP","no parsed value","","","","NWB_DimWidth","","","",""
"20260801_155722","NWB Dim AutoFill","MECHANICAL DUCTWORK LAYOUT - LEVEL 09","model","selection","skip","SharedOnly","skip-other-users","14907327","Flex Ducts","Flex Duct Round","","LEVEL 09","Flex - Round","250 mmø","","","250","NWB_DimHeight","","","","SKIP","no parsed value","","","","NWB_DimHeight","","","",""
"20260801_155722","NWB Dim AutoFill","MECHANICAL DUCTWORK LAYOUT - LEVEL 09","model","selection","skip","SharedOnly","skip-other-users","14907327","Flex Ducts","Flex Duct Round","","LEVEL 09","Flex - Round","250 mmø","","","250","NWB_DimDiameter","250","250","250","SKIP","existing-kept","instance","Shared Parameter","7626172","NWB_DimDiameter","String","False","1","1"
"20260801_155722","NWB Dim AutoFill","MECHANICAL DUCTWORK LAYOUT - LEVEL 09","model","selection","skip","SharedOnly","skip-other-users","14908172","Flex Ducts","Flex Duct Round","","LEVEL 09","Flex - Round","250 mmø","","","250","NWB_DimWidth","","","","SKIP","no parsed value","","","","NWB_DimWidth","","","",""
"20260801_155722","NWB Dim AutoFill","MECHANICAL DUCTWORK LAYOUT - LEVEL 09","model","selection","skip","SharedOnly","skip-other-users","14908172","Flex Ducts","Flex Duct Round","","LEVEL 09","Flex - Round","250 mmø","","","250","NWB_DimHeight","","","","SKIP","no parsed value","","","","NWB_DimHeight","","","",""
"20260801_155722","NWB Dim AutoFill","MECHANICAL DUCTWORK LAYOUT - LEVEL 09","model","selection","skip","SharedOnly","skip-other-users","14908172","Flex Ducts","Flex Duct Round","","LEVEL 09","Flex - Round","250 mmø","","","250","NWB_DimDiameter","250","250","250","SKIP","existing-kept","instance","Shared Parameter","7626172","NWB_DimDiameter","String","False","1","1"
"20260801_155722","NWB Dim AutoFill","MECHANICAL DUCTWORK LAYOUT - LEVEL 09","model","selection","skip","SharedOnly","skip-other-users","14908214","Duct Fittings","MHT_DF_Spigot","","LEVEL 09","Damper","250ø-250ø","","","250","NWB_DimWidth","","","","SKIP","no parsed value","","","","NWB_DimWidth","","","",""
"20260801_155722","NWB Dim AutoFill","MECHANICAL DUCTWORK LAYOUT - LEVEL 09","model","selection","skip","SharedOnly","skip-other-users","14908214","Duct Fittings","MHT_DF_Spigot","","LEVEL 09","Damper","250ø-250ø","","","250","NWB_DimHeight","","","","SKIP","no parsed value","","","","NWB_DimHeight","","","",""
"20260801_155722","NWB Dim AutoFill","MECHANICAL DUCTWORK LAYOUT - LEVEL 09","model","selection","skip","SharedOnly","skip-other-users","14908214","Duct Fittings","MHT_DF_Spigot","","LEVEL 09","Damper","250ø-250ø","","","250","NWB_DimDiameter","250","250","250","SKIP","existing-kept","instance","Shared Parameter","7626172","NWB_DimDiameter","String","False","1","1"
"20260801_155722","NWB Dim AutoFill","MECHANICAL DUCTWORK LAYOUT - LEVEL 09","model","selection","skip","SharedOnly","skip-other-users","14908340","Flex Ducts","Flex Duct Round","","LEVEL 09","Flex - Round","250 mmø","","","250","NWB_DimWidth","","","","SKIP","no parsed value","","","","NWB_DimWidth","","","",""
"20260801_155722","NWB Dim AutoFill","MECHANICAL DUCTWORK LAYOUT - LEVEL 09","model","selection","skip","SharedOnly","skip-other-users","14908340","Flex Ducts","Flex Duct Round","","LEVEL 09","Flex - Round","250 mmø","","","250","NWB_DimHeight","","","","SKIP","no parsed value","","","","NWB_DimHeight","","","",""
"20260801_155722","NWB Dim AutoFill","MECHANICAL DUCTWORK LAYOUT - LEVEL 09","model","selection","skip","SharedOnly","skip-other-users","14908340","Flex Ducts","Flex Duct Round","","LEVEL 09","Flex - Round","250 mmø","","","250","NWB_DimDiameter","250","250","250","SKIP","existing-kept","instance","Shared Parameter","7626172","NWB_DimDiameter","String","False","1","1"
"20260801_155722","NWB Dim AutoFill","MECHANICAL DUCTWORK LAYOUT - LEVEL 09","model","selection","skip","SharedOnly","skip-other-users","14908376","Duct Fittings","MHT_DF_Spigot","","LEVEL 09","Damper","250ø-250ø","","","250","NWB_DimWidth","","","","SKIP","no parsed value","","","","NWB_DimWidth","","","",""
"20260801_155722","NWB Dim AutoFill","MECHANICAL DUCTWORK LAYOUT - LEVEL 09","model","selection","skip","SharedOnly","skip-other-users","14908376","Duct Fittings","MHT_DF_Spigot","","LEVEL 09","Damper","250ø-250ø","","","250","NWB_DimHeight","","","","SKIP","no parsed value","","","","NWB_DimHeight","","","",""
"20260801_155722","NWB Dim AutoFill","MECHANICAL DUCTWORK LAYOUT - LEVEL 09","model","selection","skip","SharedOnly","skip-other-users","14908376","Duct Fittings","MHT_DF_Spigot","","LEVEL 09","Damper","250ø-250ø","","","250","NWB_DimDiameter","250","250","250","SKIP","existing-kept","instance","Shared Parameter","7626172","NWB_DimDiameter","String","False","1","1"
"20260801_155722","NWB Dim AutoFill","MECHANICAL DUCTWORK LAYOUT - LEVEL 09","model","selection","skip","SharedOnly","skip-other-users","14908708","Ducts","Rectangular Duct","","LEVEL 09","Flanged Long Radius Elbows / Shoe Branch","250x200","250","200","","NWB_DimWidth","250","250","250","SKIP","existing-kept","instance","Shared Parameter","7626175","NWB_DimWidth","String","False","1","1"
"20260801_155722","NWB Dim AutoFill","MECHANICAL DUCTWORK LAYOUT - LEVEL 09","model","selection","skip","SharedOnly","skip-other-users","14908708","Ducts","Rectangular Duct","","LEVEL 09","Flanged Long Radius Elbows / Shoe Branch","250x200","250","200","","NWB_DimHeight","200","200","200","SKIP","existing-kept","instance","Shared Parameter","7626170","NWB_DimHeight","String","False","1","1"
"20260801_155722","NWB Dim AutoFill","MECHANICAL DUCTWORK LAYOUT - LEVEL 09","model","selection","skip","SharedOnly","skip-other-users","14908708","Ducts","Rectangular Duct","","LEVEL 09","Flanged Long Radius Elbows / Shoe Branch","250x200","250","200","","NWB_DimDiameter","","","","SKIP","no parsed value","","","","NWB_DimDiameter","","","",""
"20260801_155722","NWB Dim AutoFill","MECHANICAL DUCTWORK LAYOUT - LEVEL 09","model","selection","skip","SharedOnly","skip-other-users","14908849","Duct Fittings","MHT_DF_Spigot","","LEVEL 09","Damper","250ø-250ø","","","250","NWB_DimWidth","","","","SKIP","no parsed value","","","","NWB_DimWidth","","","",""
"20260801_155722","NWB Dim AutoFill","MECHANICAL DUCTWORK LAYOUT - LEVEL 09","model","selection","skip","SharedOnly","skip-other-users","14908849","Duct Fittings","MHT_DF_Spigot","","LEVEL 09","Damper","250ø-250ø","","","250","NWB_DimHeight","","","","SKIP","no parsed value","","","","NWB_DimHeight","","","",""
"20260801_155722","NWB Dim AutoFill","MECHANICAL DUCTWORK LAYOUT - LEVEL 09","model","selection","skip","SharedOnly","skip-other-users","14908849","Duct Fittings","MHT_DF_Spigot","","LEVEL 09","Damper","250ø-250ø","","","250","NWB_DimDiameter","250","250","250","SKIP","existing-kept","instance","Shared Parameter","7626172","NWB_DimDiameter","String","False","1","1"
"20260801_155722","NWB Dim AutoFill","MECHANICAL DUCTWORK LAYOUT - LEVEL 09","model","selection","skip","SharedOnly","skip-other-users","14908879","Duct Fittings","MHT-ME-DF-Square Cap-BMA","","LEVEL 09","Standard","250x200","250","200","","NWB_DimWidth","250","250","250","SKIP","existing-kept","instance","Shared Parameter","7626175","NWB_DimWidth","String","False","1","1"
"20260801_155722","NWB Dim AutoFill","MECHANICAL DUCTWORK LAYOUT - LEVEL 09","model","selection","skip","SharedOnly","skip-other-users","14908879","Duct Fittings","MHT-ME-DF-Square Cap-BMA","","LEVEL 09","Standard","250x200","250","200","","NWB_DimHeight","200","200","200","SKIP","existing-kept","instance","Shared Parameter","7626170","NWB_DimHeight","String","False","1","1"
"20260801_155722","NWB Dim AutoFill","MECHANICAL DUCTWORK LAYOUT - LEVEL 09","model","selection","skip","SharedOnly","skip-other-users","14908879","Duct Fittings","MHT-ME-DF-Square Cap-BMA","","LEVEL 09","Standard","250x200","250","200","","NWB_DimDiameter","","","","SKIP","no parsed value","","","","NWB_DimDiameter","","","",""
"20260801_155722","NWB Dim AutoFill","MECHANICAL DUCTWORK LAYOUT - LEVEL 09","model","selection","skip","SharedOnly","skip-other-users","14908910","Duct Fittings","MHT-ME-DF-Square Cap-BMA","","LEVEL 09","Standard","250x300","250","300","","NWB_DimWidth","250","250","250","SKIP","existing-kept","instance","Shared Parameter","7626175","NWB_DimWidth","String","False","1","1"
"20260801_155722","NWB Dim AutoFill","MECHANICAL DUCTWORK LAYOUT - LEVEL 09","model","selection","skip","SharedOnly","skip-other-users","14908910","Duct Fittings","MHT-ME-DF-Square Cap-BMA","","LEVEL 09","Standard","250x300","250","300","","NWB_DimHeight","300","300","300","SKIP","existing-kept","instance","Shared Parameter","7626170","NWB_DimHeight","String","False","1","1"
"20260801_155722","NWB Dim AutoFill","MECHANICAL DUCTWORK LAYOUT - LEVEL 09","model","selection","skip","SharedOnly","skip-other-users","14908910","Duct Fittings","MHT-ME-DF-Square Cap-BMA","","LEVEL 09","Standard","250x300","250","300","","NWB_DimDiameter","","","","SKIP","no parsed value","","","","NWB_DimDiameter","","","",""
"20260801_155722","NWB Dim AutoFill","MECHANICAL DUCTWORK LAYOUT - LEVEL 09","model","selection","skip","SharedOnly","skip-other-users","14909063","Flex Ducts","Flex Duct Round","","LEVEL 09","Flex - Round","250 mmø","","","250","NWB_DimWidth","","","","SKIP","no parsed value","","","","NWB_DimWidth","","","",""
"20260801_155722","NWB Dim AutoFill","MECHANICAL DUCTWORK LAYOUT - LEVEL 09","model","selection","skip","SharedOnly","skip-other-users","14909063","Flex Ducts","Flex Duct Round","","LEVEL 09","Flex - Round","250 mmø","","","250","NWB_DimHeight","","","","SKIP","no parsed value","","","","NWB_DimHeight","","","",""
"20260801_155722","NWB Dim AutoFill","MECHANICAL DUCTWORK LAYOUT - LEVEL 09","model","selection","skip","SharedOnly","skip-other-users","14909063","Flex Ducts","Flex Duct Round","","LEVEL 09","Flex - Round","250 mmø","","","250","NWB_DimDiameter","250","250","250","SKIP","existing-kept","instance","Shared Parameter","7626172","NWB_DimDiameter","String","False","1","1"
"20260801_155722","NWB Dim AutoFill","MECHANICAL DUCTWORK LAYOUT - LEVEL 09","model","selection","skip","SharedOnly","skip-other-users","14909226","Flex Ducts","Flex Duct Round","","LEVEL 09","Flex - Round","200 mmø","","","200","NWB_DimWidth","","","","SKIP","no parsed value","","","","NWB_DimWidth","","","",""
"20260801_155722","NWB Dim AutoFill","MECHANICAL DUCTWORK LAYOUT - LEVEL 09","model","selection","skip","SharedOnly","skip-other-users","14909226","Flex Ducts","Flex Duct Round","","LEVEL 09","Flex - Round","200 mmø","","","200","NWB_DimHeight","","","","SKIP","no parsed value","","","","NWB_DimHeight","","","",""
"20260801_155722","NWB Dim AutoFill","MECHANICAL DUCTWORK LAYOUT - LEVEL 09","model","selection","skip","SharedOnly","skip-other-users","14909226","Flex Ducts","Flex Duct Round","","LEVEL 09","Flex - Round","200 mmø","","","200","NWB_DimDiameter","200","200","200","SKIP","existing-kept","instance","Shared Parameter","7626172","NWB_DimDiameter","String","False","1","1"
"20260801_155722","NWB Dim AutoFill","MECHANICAL DUCTWORK LAYOUT - LEVEL 09","model","selection","skip","SharedOnly","skip-other-users","14909238","Duct Fittings","MHT-ME-DF-Square Cap-BMA","","LEVEL 09","Standard","250x200","250","200","","NWB_DimWidth","250","250","250","SKIP","existing-kept","instance","Shared Parameter","7626175","NWB_DimWidth","String","False","1","1"
"20260801_155722","NWB Dim AutoFill","MECHANICAL DUCTWORK LAYOUT - LEVEL 09","model","selection","skip","SharedOnly","skip-other-users","14909238","Duct Fittings","MHT-ME-DF-Square Cap-BMA","","LEVEL 09","Standard","250x200","250","200","","NWB_DimHeight","200","200","200","SKIP","existing-kept","instance","Shared Parameter","7626170","NWB_DimHeight","String","False","1","1"
"20260801_155722","NWB Dim AutoFill","MECHANICAL DUCTWORK LAYOUT - LEVEL 09","model","selection","skip","SharedOnly","skip-other-users","14909238","Duct Fittings","MHT-ME-DF-Square Cap-BMA","","LEVEL 09","Standard","250x200","250","200","","NWB_DimDiameter","","","","SKIP","no parsed value","","","","NWB_DimDiameter","","","",""
"20260801_155722","NWB Dim AutoFill","MECHANICAL DUCTWORK LAYOUT - LEVEL 09","model","selection","skip","SharedOnly","skip-other-users","14909295","Duct Fittings","MHT-ME-DF-Square Cap-BMA","","LEVEL 09","Standard","325x200","325","200","","NWB_DimWidth","325","250","250","SKIP","existing-kept","instance","Shared Parameter","7626175","NWB_DimWidth","String","False","1","1"
"20260801_155722","NWB Dim AutoFill","MECHANICAL DUCTWORK LAYOUT - LEVEL 09","model","selection","skip","SharedOnly","skip-other-users","14909295","Duct Fittings","MHT-ME-DF-Square Cap-BMA","","LEVEL 09","Standard","325x200","325","200","","NWB_DimHeight","200","300","300","SKIP","existing-kept","instance","Shared Parameter","7626170","NWB_DimHeight","String","False","1","1"
"20260801_155722","NWB Dim AutoFill","MECHANICAL DUCTWORK LAYOUT - LEVEL 09","model","selection","skip","SharedOnly","skip-other-users","14909295","Duct Fittings","MHT-ME-DF-Square Cap-BMA","","LEVEL 09","Standard","325x200","325","200","","NWB_DimDiameter","","","","SKIP","no parsed value","","","","NWB_DimDiameter","","","",""
"20260801_155722","NWB Dim AutoFill","MECHANICAL DUCTWORK LAYOUT - LEVEL 09","model","selection","skip","SharedOnly","skip-other-users","14910878","Duct Fittings","MHT_DF_Spigot","","LEVEL 09","Damper","200ø-200ø","","","200","NWB_DimWidth","","","","SKIP","no parsed value","","","","NWB_DimWidth","","","",""
"20260801_155722","NWB Dim AutoFill","MECHANICAL DUCTWORK LAYOUT - LEVEL 09","model","selection","skip","SharedOnly","skip-other-users","14910878","Duct Fittings","MHT_DF_Spigot","","LEVEL 09","Damper","200ø-200ø","","","200","NWB_DimHeight","","","","SKIP","no parsed value","","","","NWB_DimHeight","","","",""
"20260801_155722","NWB Dim AutoFill","MECHANICAL DUCTWORK LAYOUT - LEVEL 09","model","selection","skip","SharedOnly","skip-other-users","14910878","Duct Fittings","MHT_DF_Spigot","","LEVEL 09","Damper","200ø-200ø","","","200","NWB_DimDiameter","200","200","200","SKIP","existing-kept","instance","Shared Parameter","7626172","NWB_DimDiameter","String","False","1","1"
"20260801_155722","NWB Dim AutoFill","MECHANICAL DUCTWORK LAYOUT - LEVEL 09","model","selection","skip","SharedOnly","skip-other-users","14910919","Duct Fittings","MHT-ME-DF-Square Cap-BMA","","LEVEL 09","Standard","250x250","250","250","","NWB_DimWidth","250","250","250","SKIP","existing-kept","instance","Shared Parameter","7626175","NWB_DimWidth","String","False","1","1"
"20260801_155722","NWB Dim AutoFill","MECHANICAL DUCTWORK LAYOUT - LEVEL 09","model","selection","skip","SharedOnly","skip-other-users","14910919","Duct Fittings","MHT-ME-DF-Square Cap-BMA","","LEVEL 09","Standard","250x250","250","250","","NWB_DimHeight","250","250","250","SKIP","existing-kept","instance","Shared Parameter","7626170","NWB_DimHeight","String","False","1","1"
"20260801_155722","NWB Dim AutoFill","MECHANICAL DUCTWORK LAYOUT - LEVEL 09","model","selection","skip","SharedOnly","skip-other-users","14910919","Duct Fittings","MHT-ME-DF-Square Cap-BMA","","LEVEL 09","Standard","250x250","250","250","","NWB_DimDiameter","","","","SKIP","no parsed value","","","","NWB_DimDiameter","","","",""
"20260801_155722","NWB Dim AutoFill","MECHANICAL DUCTWORK LAYOUT - LEVEL 09","model","selection","skip","SharedOnly","skip-other-users","14911394","Duct Fittings","MHT_DF_Spigot","","LEVEL 09","Damper","300ø-300ø","","","300","NWB_DimWidth","","","","SKIP","no parsed value","","","","NWB_DimWidth","","","",""
"20260801_155722","NWB Dim AutoFill","MECHANICAL DUCTWORK LAYOUT - LEVEL 09","model","selection","skip","SharedOnly","skip-other-users","14911394","Duct Fittings","MHT_DF_Spigot","","LEVEL 09","Damper","300ø-300ø","","","300","NWB_DimHeight","","","","SKIP","no parsed value","","","","NWB_DimHeight","","","",""
"20260801_155722","NWB Dim AutoFill","MECHANICAL DUCTWORK LAYOUT - LEVEL 09","model","selection","skip","SharedOnly","skip-other-users","14911394","Duct Fittings","MHT_DF_Spigot","","LEVEL 09","Damper","300ø-300ø","","","300","NWB_DimDiameter","300","300","300","SKIP","existing-kept","instance","Shared Parameter","7626172","NWB_DimDiameter","String","False","1","1"
"20260801_155722","NWB Dim AutoFill","MECHANICAL DUCTWORK LAYOUT - LEVEL 09","model","selection","skip","SharedOnly","skip-other-users","14914203","Duct Fittings","MHT_DF_Spigot","","LEVEL 09","Damper","250ø-250ø","","","250","NWB_DimWidth","","","","SKIP","no parsed value","","","","NWB_DimWidth","","","",""
"20260801_155722","NWB Dim AutoFill","MECHANICAL DUCTWORK LAYOUT - LEVEL 09","model","selection","skip","SharedOnly","skip-other-users","14914203","Duct Fittings","MHT_DF_Spigot","","LEVEL 09","Damper","250ø-250ø","","","250","NWB_DimHeight","","","","SKIP","no parsed value","","","","NWB_DimHeight","","","",""
"20260801_155722","NWB Dim AutoFill","MECHANICAL DUCTWORK LAYOUT - LEVEL 09","model","selection","skip","SharedOnly","skip-other-users","14914203","Duct Fittings","MHT_DF_Spigot","","LEVEL 09","Damper","250ø-250ø","","","250","NWB_DimDiameter","250","250","250","SKIP","existing-kept","instance","Shared Parameter","7626172","NWB_DimDiameter","String","False","1","1"
"20260801_155722","NWB Dim AutoFill","MECHANICAL DUCTWORK LAYOUT - LEVEL 09","model","selection","skip","SharedOnly","skip-other-users","14914274","Duct Fittings","MHT_DF_Spigot","","LEVEL 09","Damper","250ø-250ø","","","250","NWB_DimWidth","","","","SKIP","no parsed value","","","","NWB_DimWidth","","","",""
"20260801_155722","NWB Dim AutoFill","MECHANICAL DUCTWORK LAYOUT - LEVEL 09","model","selection","skip","SharedOnly","skip-other-users","14914274","Duct Fittings","MHT_DF_Spigot","","LEVEL 09","Damper","250ø-250ø","","","250","NWB_DimHeight","","","","SKIP","no parsed value","","","","NWB_DimHeight","","","",""
"20260801_155722","NWB Dim AutoFill","MECHANICAL DUCTWORK LAYOUT - LEVEL 09","model","selection","skip","SharedOnly","skip-other-users","14914274","Duct Fittings","MHT_DF_Spigot","","LEVEL 09","Damper","250ø-250ø","","","250","NWB_DimDiameter","250","200","200","SKIP","existing-kept","instance","Shared Parameter","7626172","NWB_DimDiameter","String","False","1","1"
"20260801_155722","NWB Dim AutoFill","MECHANICAL DUCTWORK LAYOUT - LEVEL 09","model","selection","skip","SharedOnly","skip-other-users","14914277","Duct Fittings","MHT_DF_Spigot","","LEVEL 09","Damper","250ø-250ø","","","250","NWB_DimWidth","","","","SKIP","no parsed value","","","","NWB_DimWidth","","","",""
"20260801_155722","NWB Dim AutoFill","MECHANICAL DUCTWORK LAYOUT - LEVEL 09","model","selection","skip","SharedOnly","skip-other-users","14914277","Duct Fittings","MHT_DF_Spigot","","LEVEL 09","Damper","250ø-250ø","","","250","NWB_DimHeight","","","","SKIP","no parsed value","","","","NWB_DimHeight","","","",""
"20260801_155722","NWB Dim AutoFill","MECHANICAL DUCTWORK LAYOUT - LEVEL 09","model","selection","skip","SharedOnly","skip-other-users","14914277","Duct Fittings","MHT_DF_Spigot","","LEVEL 09","Damper","250ø-250ø","","","250","NWB_DimDiameter","250","250","250","SKIP","existing-kept","instance","Shared Parameter","7626172","NWB_DimDiameter","String","False","1","1"
"20260801_155722","NWB Dim AutoFill","MECHANICAL DUCTWORK LAYOUT - LEVEL 09","model","selection","skip","SharedOnly","skip-other-users","14914279","Duct Fittings","MHT-ME-DF-Rectangular Eccentric Taper - Flanged-01","","LEVEL 09","Standard","500x350-400x300","500","350","","NWB_DimWidth","500","500","500","SKIP","existing-kept","instance","Shared Parameter","7626175","NWB_DimWidth","String","False","2","1"
"20260801_155722","NWB Dim AutoFill","MECHANICAL DUCTWORK LAYOUT - LEVEL 09","model","selection","skip","SharedOnly","skip-other-users","14914279","Duct Fittings","MHT-ME-DF-Rectangular Eccentric Taper - Flanged-01","","LEVEL 09","Standard","500x350-400x300","500","350","","NWB_DimHeight","350","350","350","SKIP","existing-kept","instance","Shared Parameter","7626170","NWB_DimHeight","String","False","2","1"
"20260801_155722","NWB Dim AutoFill","MECHANICAL DUCTWORK LAYOUT - LEVEL 09","model","selection","skip","SharedOnly","skip-other-users","14914279","Duct Fittings","MHT-ME-DF-Rectangular Eccentric Taper - Flanged-01","","LEVEL 09","Standard","500x350-400x300","500","350","","NWB_DimDiameter","","","","SKIP","no parsed value","","","","NWB_DimDiameter","","","",""
"20260801_155722","NWB Dim AutoFill","MECHANICAL DUCTWORK LAYOUT - LEVEL 09","model","selection","skip","SharedOnly","skip-other-users","14914493","Ducts","Rectangular Duct","","LEVEL 09","Flanged Long Radius Elbows / Shoe Branch","400x300","400","300","","NWB_DimWidth","400","400","400","SKIP","existing-kept","instance","Shared Parameter","7626175","NWB_DimWidth","String","False","1","1"
"20260801_155722","NWB Dim AutoFill","MECHANICAL DUCTWORK LAYOUT - LEVEL 09","model","selection","skip","SharedOnly","skip-other-users","14914493","Ducts","Rectangular Duct","","LEVEL 09","Flanged Long Radius Elbows / Shoe Branch","400x300","400","300","","NWB_DimHeight","300","300","300","SKIP","existing-kept","instance","Shared Parameter","7626170","NWB_DimHeight","String","False","1","1"
"20260801_155722","NWB Dim AutoFill","MECHANICAL DUCTWORK LAYOUT - LEVEL 09","model","selection","skip","SharedOnly","skip-other-users","14914493","Ducts","Rectangular Duct","","LEVEL 09","Flanged Long Radius Elbows / Shoe Branch","400x300","400","300","","NWB_DimDiameter","","","","SKIP","no parsed value","","","","NWB_DimDiameter","","","",""
"20260801_155722","NWB Dim AutoFill","MECHANICAL DUCTWORK LAYOUT - LEVEL 09","model","selection","skip","SharedOnly","skip-other-users","14914526","Duct Fittings","MHT-ME-DF-Rectangular Eccentric Taper - Flanged-01","","LEVEL 09","Standard","400x300-250x300","400","300","","NWB_DimWidth","400","400","400","SKIP","existing-kept","instance","Shared Parameter","7626175","NWB_DimWidth","String","False","2","1"
"20260801_155722","NWB Dim AutoFill","MECHANICAL DUCTWORK LAYOUT - LEVEL 09","model","selection","skip","SharedOnly","skip-other-users","14914526","Duct Fittings","MHT-ME-DF-Rectangular Eccentric Taper - Flanged-01","","LEVEL 09","Standard","400x300-250x300","400","300","","NWB_DimHeight","300","300","300","SKIP","existing-kept","instance","Shared Parameter","7626170","NWB_DimHeight","String","False","2","1"
"20260801_155722","NWB Dim AutoFill","MECHANICAL DUCTWORK LAYOUT - LEVEL 09","model","selection","skip","SharedOnly","skip-other-users","14914526","Duct Fittings","MHT-ME-DF-Rectangular Eccentric Taper - Flanged-01","","LEVEL 09","Standard","400x300-250x300","400","300","","NWB_DimDiameter","","","","SKIP","no parsed value","","","","NWB_DimDiameter","","","",""
"20260801_155722","NWB Dim AutoFill","MECHANICAL DUCTWORK LAYOUT - LEVEL 09","model","selection","skip","SharedOnly","skip-other-users","14915585","Duct Fittings","MHT-ME-DF-Square Cap-BMA","","LEVEL 09","Standard","275x150","275","150","","NWB_DimWidth","275","350","350","SKIP","existing-kept","instance","Shared Parameter","7626175","NWB_DimWidth","String","False","1","1"
"20260801_155722","NWB Dim AutoFill","MECHANICAL DUCTWORK LAYOUT - LEVEL 09","model","selection","skip","SharedOnly","skip-other-users","14915585","Duct Fittings","MHT-ME-DF-Square Cap-BMA","","LEVEL 09","Standard","275x150","275","150","","NWB_DimHeight","150","0","0","SKIP","existing-kept","instance","Shared Parameter","7626170","NWB_DimHeight","String","False","1","1"
"20260801_155722","NWB Dim AutoFill","MECHANICAL DUCTWORK LAYOUT - LEVEL 09","model","selection","skip","SharedOnly","skip-other-users","14915585","Duct Fittings","MHT-ME-DF-Square Cap-BMA","","LEVEL 09","Standard","275x150","275","150","","NWB_DimDiameter","","","","SKIP","no parsed value","","","","NWB_DimDiameter","","","",""
"20260801_155722","NWB Dim AutoFill","MECHANICAL DUCTWORK LAYOUT - LEVEL 09","model","selection","skip","SharedOnly","skip-other-users","14916764","Duct Fittings","MHT_DF_Spigot","","LEVEL 09","Damper","250ø-250ø","","","250","NWB_DimWidth","","","","SKIP","no parsed value","","","","NWB_DimWidth","","","",""
"20260801_155722","NWB Dim AutoFill","MECHANICAL DUCTWORK LAYOUT - LEVEL 09","model","selection","skip","SharedOnly","skip-other-users","14916764","Duct Fittings","MHT_DF_Spigot","","LEVEL 09","Damper","250ø-250ø","","","250","NWB_DimHeight","","","","SKIP","no parsed value","","","","NWB_DimHeight","","","",""
"20260801_155722","NWB Dim AutoFill","MECHANICAL DUCTWORK LAYOUT - LEVEL 09","model","selection","skip","SharedOnly","skip-other-users","14916764","Duct Fittings","MHT_DF_Spigot","","LEVEL 09","Damper","250ø-250ø","","","250","NWB_DimDiameter","250","250","250","SKIP","existing-kept","instance","Shared Parameter","7626172","NWB_DimDiameter","String","False","1","1"
"20260801_155722","NWB Dim AutoFill","MECHANICAL DUCTWORK LAYOUT - LEVEL 09","model","selection","skip","SharedOnly","skip-other-users","14916889","Flex Ducts","Flex Duct Round","","LEVEL 09","Flex - Round","250 mmø","","","250","NWB_DimWidth","","","","SKIP","no parsed value","","","","NWB_DimWidth","","","",""
"20260801_155722","NWB Dim AutoFill","MECHANICAL DUCTWORK LAYOUT - LEVEL 09","model","selection","skip","SharedOnly","skip-other-users","14916889","Flex Ducts","Flex Duct Round","","LEVEL 09","Flex - Round","250 mmø","","","250","NWB_DimHeight","","","","SKIP","no parsed value","","","","NWB_DimHeight","","","",""
"20260801_155722","NWB Dim AutoFill","MECHANICAL DUCTWORK LAYOUT - LEVEL 09","model","selection","skip","SharedOnly","skip-other-users","14916889","Flex Ducts","Flex Duct Round","","LEVEL 09","Flex - Round","250 mmø","","","250","NWB_DimDiameter","250","250","250","SKIP","existing-kept","instance","Shared Parameter","7626172","NWB_DimDiameter","String","False","1","1"
"20260801_155722","NWB Dim AutoFill","MECHANICAL DUCTWORK LAYOUT - LEVEL 09","model","selection","skip","SharedOnly","skip-other-users","14916901","Duct Fittings","MHT_DF_Spigot","","LEVEL 09","Damper","250ø-250ø","","","250","NWB_DimWidth","","","","SKIP","no parsed value","","","","NWB_DimWidth","","","",""
"20260801_155722","NWB Dim AutoFill","MECHANICAL DUCTWORK LAYOUT - LEVEL 09","model","selection","skip","SharedOnly","skip-other-users","14916901","Duct Fittings","MHT_DF_Spigot","","LEVEL 09","Damper","250ø-250ø","","","250","NWB_DimHeight","","","","SKIP","no parsed value","","","","NWB_DimHeight","","","",""
"20260801_155722","NWB Dim AutoFill","MECHANICAL DUCTWORK LAYOUT - LEVEL 09","model","selection","skip","SharedOnly","skip-other-users","14916901","Duct Fittings","MHT_DF_Spigot","","LEVEL 09","Damper","250ø-250ø","","","250","NWB_DimDiameter","250","200","200","SKIP","existing-kept","instance","Shared Parameter","7626172","NWB_DimDiameter","String","False","1","1"
"20260801_155722","NWB Dim AutoFill","MECHANICAL DUCTWORK LAYOUT - LEVEL 09","model","selection","skip","SharedOnly","skip-other-users","14928157","Ducts","Rectangular Duct","","LEVEL 09","Flanged Long Radius Elbows / Shoe Branch","250x300","250","300","","NWB_DimWidth","250","250","250","SKIP","existing-kept","instance","Shared Parameter","7626175","NWB_DimWidth","String","False","1","1"
"20260801_155722","NWB Dim AutoFill","MECHANICAL DUCTWORK LAYOUT - LEVEL 09","model","selection","skip","SharedOnly","skip-other-users","14928157","Ducts","Rectangular Duct","","LEVEL 09","Flanged Long Radius Elbows / Shoe Branch","250x300","250","300","","NWB_DimHeight","300","300","300","SKIP","existing-kept","instance","Shared Parameter","7626170","NWB_DimHeight","String","False","1","1"
"20260801_155722","NWB Dim AutoFill","MECHANICAL DUCTWORK LAYOUT - LEVEL 09","model","selection","skip","SharedOnly","skip-other-users","14928157","Ducts","Rectangular Duct","","LEVEL 09","Flanged Long Radius Elbows / Shoe Branch","250x300","250","300","","NWB_DimDiameter","","","","SKIP","no parsed value","","","","NWB_DimDiameter","","","",""
"20260801_155722","NWB Dim AutoFill","MECHANICAL DUCTWORK LAYOUT - LEVEL 09","model","selection","skip","SharedOnly","skip-other-users","14928168","Duct Fittings","MHT-ME-DF-Rectangular Shoe Branch - Flanged","","LEVEL 09","Standard","250x200-250x200","250","200","","NWB_DimWidth","250","450","450","SKIP","existing-kept","instance","Shared Parameter","7626175","NWB_DimWidth","String","False","1","1"
"20260801_155722","NWB Dim AutoFill","MECHANICAL DUCTWORK LAYOUT - LEVEL 09","model","selection","skip","SharedOnly","skip-other-users","14928168","Duct Fittings","MHT-ME-DF-Rectangular Shoe Branch - Flanged","","LEVEL 09","Standard","250x200-250x200","250","200","","NWB_DimHeight","200","0","0","SKIP","existing-kept","instance","Shared Parameter","7626170","NWB_DimHeight","String","False","1","1"
"20260801_155722","NWB Dim AutoFill","MECHANICAL DUCTWORK LAYOUT - LEVEL 09","model","selection","skip","SharedOnly","skip-other-users","14928168","Duct Fittings","MHT-ME-DF-Rectangular Shoe Branch - Flanged","","LEVEL 09","Standard","250x200-250x200","250","200","","NWB_DimDiameter","","","","SKIP","no parsed value","","","","NWB_DimDiameter","","","",""
"20260801_155722","NWB Dim AutoFill","MECHANICAL DUCTWORK LAYOUT - LEVEL 09","model","selection","skip","SharedOnly","skip-other-users","14928170","Duct Fittings","MHT_DF_Spigot","","LEVEL 09","Damper","200ø-200ø","","","200","NWB_DimWidth","","","","SKIP","no parsed value","","","","NWB_DimWidth","","","",""
"20260801_155722","NWB Dim AutoFill","MECHANICAL DUCTWORK LAYOUT - LEVEL 09","model","selection","skip","SharedOnly","skip-other-users","14928170","Duct Fittings","MHT_DF_Spigot","","LEVEL 09","Damper","200ø-200ø","","","200","NWB_DimHeight","","","","SKIP","no parsed value","","","","NWB_DimHeight","","","",""
"20260801_155722","NWB Dim AutoFill","MECHANICAL DUCTWORK LAYOUT - LEVEL 09","model","selection","skip","SharedOnly","skip-other-users","14928170","Duct Fittings","MHT_DF_Spigot","","LEVEL 09","Damper","200ø-200ø","","","200","NWB_DimDiameter","200","200","200","SKIP","existing-kept","instance","Shared Parameter","7626172","NWB_DimDiameter","String","False","1","1"
"20260801_155722","NWB Dim AutoFill","MECHANICAL DUCTWORK LAYOUT - LEVEL 09","model","selection","skip","SharedOnly","skip-other-users","15258713","Ducts","Rectangular Duct","","LEVEL 09","Flanged Long Radius Elbows / Shoe Branch","200x275","200","275","","NWB_DimWidth","200","200","200","SKIP","existing-kept","instance","Shared Parameter","7626175","NWB_DimWidth","String","False","1","1"
"20260801_155722","NWB Dim AutoFill","MECHANICAL DUCTWORK LAYOUT - LEVEL 09","model","selection","skip","SharedOnly","skip-other-users","15258713","Ducts","Rectangular Duct","","LEVEL 09","Flanged Long Radius Elbows / Shoe Branch","200x275","200","275","","NWB_DimHeight","275","275","275","SKIP","existing-kept","instance","Shared Parameter","7626170","NWB_DimHeight","String","False","1","1"
"20260801_155722","NWB Dim AutoFill","MECHANICAL DUCTWORK LAYOUT - LEVEL 09","model","selection","skip","SharedOnly","skip-other-users","15258713","Ducts","Rectangular Duct","","LEVEL 09","Flanged Long Radius Elbows / Shoe Branch","200x275","200","275","","NWB_DimDiameter","","","","SKIP","no parsed value","","","","NWB_DimDiameter","","","",""
"20260801_155722","NWB Dim AutoFill","MECHANICAL DUCTWORK LAYOUT - LEVEL 09","model","selection","skip","SharedOnly","skip-other-users","15258718","Ducts","Rectangular Duct","","LEVEL 09","Flanged Long Radius Elbows / Shoe Branch","275x200","275","200","","NWB_DimWidth","275","275","275","SKIP","existing-kept","instance","Shared Parameter","7626175","NWB_DimWidth","String","False","1","1"
"20260801_155722","NWB Dim AutoFill","MECHANICAL DUCTWORK LAYOUT - LEVEL 09","model","selection","skip","SharedOnly","skip-other-users","15258718","Ducts","Rectangular Duct","","LEVEL 09","Flanged Long Radius Elbows / Shoe Branch","275x200","275","200","","NWB_DimHeight","200","200","200","SKIP","existing-kept","instance","Shared Parameter","7626170","NWB_DimHeight","String","False","1","1"
"20260801_155722","NWB Dim AutoFill","MECHANICAL DUCTWORK LAYOUT - LEVEL 09","model","selection","skip","SharedOnly","skip-other-users","15258718","Ducts","Rectangular Duct","","LEVEL 09","Flanged Long Radius Elbows / Shoe Branch","275x200","275","200","","NWB_DimDiameter","","","","SKIP","no parsed value","","","","NWB_DimDiameter","","","",""
"20260801_155722","NWB Dim AutoFill","MECHANICAL DUCTWORK LAYOUT - LEVEL 09","model","selection","skip","SharedOnly","skip-other-users","15258732","Duct Fittings","MHT-ME-DF-Rectangular Shoe Branch - Flanged","","LEVEL 09","Standard","275x200-275x200","275","200","","NWB_DimWidth","275","250","250","SKIP","existing-kept","instance","Shared Parameter","7626175","NWB_DimWidth","String","False","1","1"
"20260801_155722","NWB Dim AutoFill","MECHANICAL DUCTWORK LAYOUT - LEVEL 09","model","selection","skip","SharedOnly","skip-other-users","15258732","Duct Fittings","MHT-ME-DF-Rectangular Shoe Branch - Flanged","","LEVEL 09","Standard","275x200-275x200","275","200","","NWB_DimHeight","200","0","0","SKIP","existing-kept","instance","Shared Parameter","7626170","NWB_DimHeight","String","False","1","1"
"20260801_155722","NWB Dim AutoFill","MECHANICAL DUCTWORK LAYOUT - LEVEL 09","model","selection","skip","SharedOnly","skip-other-users","15258732","Duct Fittings","MHT-ME-DF-Rectangular Shoe Branch - Flanged","","LEVEL 09","Standard","275x200-275x200","275","200","","NWB_DimDiameter","","","","SKIP","no parsed value","","","","NWB_DimDiameter","","","",""
"20260801_155722","NWB Dim AutoFill","MECHANICAL DUCTWORK LAYOUT - LEVEL 09","model","selection","skip","SharedOnly","skip-other-users","15258734","Duct Fittings","MHT-ME-DF-Rectangular Eccentric Taper - Flanged-01","","LEVEL 09","Standard","275x200-200x275","275","200","","NWB_DimWidth","275","275","275","SKIP","existing-kept","instance","Shared Parameter","7626175","NWB_DimWidth","String","False","2","1"
"20260801_155722","NWB Dim AutoFill","MECHANICAL DUCTWORK LAYOUT - LEVEL 09","model","selection","skip","SharedOnly","skip-other-users","15258734","Duct Fittings","MHT-ME-DF-Rectangular Eccentric Taper - Flanged-01","","LEVEL 09","Standard","275x200-200x275","275","200","","NWB_DimHeight","200","200","200","SKIP","existing-kept","instance","Shared Parameter","7626170","NWB_DimHeight","String","False","2","1"
"20260801_155722","NWB Dim AutoFill","MECHANICAL DUCTWORK LAYOUT - LEVEL 09","model","selection","skip","SharedOnly","skip-other-users","15258734","Duct Fittings","MHT-ME-DF-Rectangular Eccentric Taper - Flanged-01","","LEVEL 09","Standard","275x200-200x275","275","200","","NWB_DimDiameter","","","","SKIP","no parsed value","","","","NWB_DimDiameter","","","",""
"20260801_155722","NWB Dim AutoFill","MECHANICAL DUCTWORK LAYOUT - LEVEL 09","model","selection","skip","SharedOnly","skip-other-users","15258736","Duct Fittings","MHT-ME-DF-Rectangular Shoe Branch - Flanged","","LEVEL 09","Standard","275x200-275x200","275","200","","NWB_DimWidth","275","275","275","SKIP","existing-kept","instance","Shared Parameter","7626175","NWB_DimWidth","String","False","1","1"
"20260801_155722","NWB Dim AutoFill","MECHANICAL DUCTWORK LAYOUT - LEVEL 09","model","selection","skip","SharedOnly","skip-other-users","15258736","Duct Fittings","MHT-ME-DF-Rectangular Shoe Branch - Flanged","","LEVEL 09","Standard","275x200-275x200","275","200","","NWB_DimHeight","200","200","200","SKIP","existing-kept","instance","Shared Parameter","7626170","NWB_DimHeight","String","False","1","1"
"20260801_155722","NWB Dim AutoFill","MECHANICAL DUCTWORK LAYOUT - LEVEL 09","model","selection","skip","SharedOnly","skip-other-users","15258736","Duct Fittings","MHT-ME-DF-Rectangular Shoe Branch - Flanged","","LEVEL 09","Standard","275x200-275x200","275","200","","NWB_DimDiameter","","","","SKIP","no parsed value","","","","NWB_DimDiameter","","","",""
"20260801_155722","NWB Dim AutoFill","MECHANICAL DUCTWORK LAYOUT - LEVEL 09","model","selection","skip","SharedOnly","skip-other-users","15258738","Duct Fittings","MHT-ME-DF-Rectangular Eccentric Taper - Flanged-01","","LEVEL 09","Standard","275x200-200x275","275","200","","NWB_DimWidth","275","275","275","SKIP","existing-kept","instance","Shared Parameter","7626175","NWB_DimWidth","String","False","2","1"
"20260801_155722","NWB Dim AutoFill","MECHANICAL DUCTWORK LAYOUT - LEVEL 09","model","selection","skip","SharedOnly","skip-other-users","15258738","Duct Fittings","MHT-ME-DF-Rectangular Eccentric Taper - Flanged-01","","LEVEL 09","Standard","275x200-200x275","275","200","","NWB_DimHeight","200","200","200","SKIP","existing-kept","instance","Shared Parameter","7626170","NWB_DimHeight","String","False","2","1"
"20260801_155722","NWB Dim AutoFill","MECHANICAL DUCTWORK LAYOUT - LEVEL 09","model","selection","skip","SharedOnly","skip-other-users","15258738","Duct Fittings","MHT-ME-DF-Rectangular Eccentric Taper - Flanged-01","","LEVEL 09","Standard","275x200-200x275","275","200","","NWB_DimDiameter","","","","SKIP","no parsed value","","","","NWB_DimDiameter","","","",""
"20260801_155722","NWB Dim AutoFill","MECHANICAL DUCTWORK LAYOUT - LEVEL 09","model","selection","skip","SharedOnly","skip-other-users","15258740","Duct Accessories","MHT-ME-Fire Damper-02","","LEVEL 09","MHT-ME-FAM-FAM-Fire Damper","200x275-200x275","200","275","","NWB_DimWidth","200","200","200","SKIP","existing-kept","instance","Shared Parameter","7626175","NWB_DimWidth","String","False","1","1"
"20260801_155722","NWB Dim AutoFill","MECHANICAL DUCTWORK LAYOUT - LEVEL 09","model","selection","skip","SharedOnly","skip-other-users","15258740","Duct Accessories","MHT-ME-Fire Damper-02","","LEVEL 09","MHT-ME-FAM-FAM-Fire Damper","200x275-200x275","200","275","","NWB_DimHeight","275","275","275","SKIP","existing-kept","instance","Shared Parameter","7626170","NWB_DimHeight","String","False","1","1"
"20260801_155722","NWB Dim AutoFill","MECHANICAL DUCTWORK LAYOUT - LEVEL 09","model","selection","skip","SharedOnly","skip-other-users","15258740","Duct Accessories","MHT-ME-Fire Damper-02","","LEVEL 09","MHT-ME-FAM-FAM-Fire Damper","200x275-200x275","200","275","","NWB_DimDiameter","","","","SKIP","no parsed value","","","","NWB_DimDiameter","","","",""
"20260801_155722","NWB Dim AutoFill","MECHANICAL DUCTWORK LAYOUT - LEVEL 09","model","selection","skip","SharedOnly","skip-other-users","15258744","Ducts","Rectangular Duct","","LEVEL 09","Flanged Long Radius Elbows / Shoe Branch","200x275","200","275","","NWB_DimWidth","200","200","200","SKIP","existing-kept","instance","Shared Parameter","7626175","NWB_DimWidth","String","False","1","1"
"20260801_155722","NWB Dim AutoFill","MECHANICAL DUCTWORK LAYOUT - LEVEL 09","model","selection","skip","SharedOnly","skip-other-users","15258744","Ducts","Rectangular Duct","","LEVEL 09","Flanged Long Radius Elbows / Shoe Branch","200x275","200","275","","NWB_DimHeight","275","275","275","SKIP","existing-kept","instance","Shared Parameter","7626170","NWB_DimHeight","String","False","1","1"
"20260801_155722","NWB Dim AutoFill","MECHANICAL DUCTWORK LAYOUT - LEVEL 09","model","selection","skip","SharedOnly","skip-other-users","15258744","Ducts","Rectangular Duct","","LEVEL 09","Flanged Long Radius Elbows / Shoe Branch","200x275","200","275","","NWB_DimDiameter","","","","SKIP","no parsed value","","","","NWB_DimDiameter","","","",""
"20260801_155722","NWB Dim AutoFill","MECHANICAL DUCTWORK LAYOUT - LEVEL 09","model","selection","skip","SharedOnly","skip-other-users","15258747","Duct Accessories","MHT-ME-Fire Damper-02","","LEVEL 09","MHT-ME-FAM-FAM-Fire Damper","200x275-200x275","200","275","","NWB_DimWidth","200","200","200","SKIP","existing-kept","instance","Shared Parameter","7626175","NWB_DimWidth","String","False","1","1"
"20260801_155722","NWB Dim AutoFill","MECHANICAL DUCTWORK LAYOUT - LEVEL 09","model","selection","skip","SharedOnly","skip-other-users","15258747","Duct Accessories","MHT-ME-Fire Damper-02","","LEVEL 09","MHT-ME-FAM-FAM-Fire Damper","200x275-200x275","200","275","","NWB_DimHeight","275","275","275","SKIP","existing-kept","instance","Shared Parameter","7626170","NWB_DimHeight","String","False","1","1"
"20260801_155722","NWB Dim AutoFill","MECHANICAL DUCTWORK LAYOUT - LEVEL 09","model","selection","skip","SharedOnly","skip-other-users","15258747","Duct Accessories","MHT-ME-Fire Damper-02","","LEVEL 09","MHT-ME-FAM-FAM-Fire Damper","200x275-200x275","200","275","","NWB_DimDiameter","","","","SKIP","no parsed value","","","","NWB_DimDiameter","","","",""
"20260801_155722","NWB Dim AutoFill","MECHANICAL DUCTWORK LAYOUT - LEVEL 09","model","selection","skip","SharedOnly","skip-other-users","15258749","Ducts","Rectangular Duct","","LEVEL 09","Flanged Long Radius Elbows / Shoe Branch","200x275","200","275","","NWB_DimWidth","200","200","200","SKIP","existing-kept","instance","Shared Parameter","7626175","NWB_DimWidth","String","False","1","1"
"20260801_155722","NWB Dim AutoFill","MECHANICAL DUCTWORK LAYOUT - LEVEL 09","model","selection","skip","SharedOnly","skip-other-users","15258749","Ducts","Rectangular Duct","","LEVEL 09","Flanged Long Radius Elbows / Shoe Branch","200x275","200","275","","NWB_DimHeight","275","275","275","SKIP","existing-kept","instance","Shared Parameter","7626170","NWB_DimHeight","String","False","1","1"
"20260801_155722","NWB Dim AutoFill","MECHANICAL DUCTWORK LAYOUT - LEVEL 09","model","selection","skip","SharedOnly","skip-other-users","15258749","Ducts","Rectangular Duct","","LEVEL 09","Flanged Long Radius Elbows / Shoe Branch","200x275","200","275","","NWB_DimDiameter","","","","SKIP","no parsed value","","","","NWB_DimDiameter","","","",""
"20260801_155722","NWB Dim AutoFill","MECHANICAL DUCTWORK LAYOUT - LEVEL 09","model","selection","skip","SharedOnly","skip-other-users","15258755","Duct Fittings","MHT_DF_Spigot","","LEVEL 09","Damper","250ø-250ø","","","250","NWB_DimWidth","","","","SKIP","no parsed value","","","","NWB_DimWidth","","","",""
"20260801_155722","NWB Dim AutoFill","MECHANICAL DUCTWORK LAYOUT - LEVEL 09","model","selection","skip","SharedOnly","skip-other-users","15258755","Duct Fittings","MHT_DF_Spigot","","LEVEL 09","Damper","250ø-250ø","","","250","NWB_DimHeight","","","","SKIP","no parsed value","","","","NWB_DimHeight","","","",""
"20260801_155722","NWB Dim AutoFill","MECHANICAL DUCTWORK LAYOUT - LEVEL 09","model","selection","skip","SharedOnly","skip-other-users","15258755","Duct Fittings","MHT_DF_Spigot","","LEVEL 09","Damper","250ø-250ø","","","250","NWB_DimDiameter","250","250","250","SKIP","existing-kept","instance","Shared Parameter","7626172","NWB_DimDiameter","String","False","1","1"
"20260801_155722","NWB Dim AutoFill","MECHANICAL DUCTWORK LAYOUT - LEVEL 09","model","selection","skip","SharedOnly","skip-other-users","15258804","Duct Fittings","MHT-ME-DF-Rectangular Shoe Branch - Flanged","","LEVEL 09","Standard","250x250-250x250","250","250","","NWB_DimWidth","250","200","200","SKIP","existing-kept","instance","Shared Parameter","7626175","NWB_DimWidth","String","False","1","1"
"20260801_155722","NWB Dim AutoFill","MECHANICAL DUCTWORK LAYOUT - LEVEL 09","model","selection","skip","SharedOnly","skip-other-users","15258804","Duct Fittings","MHT-ME-DF-Rectangular Shoe Branch - Flanged","","LEVEL 09","Standard","250x250-250x250","250","250","","NWB_DimHeight","250","250","250","SKIP","existing-kept","instance","Shared Parameter","7626170","NWB_DimHeight","String","False","1","1"
"20260801_155722","NWB Dim AutoFill","MECHANICAL DUCTWORK LAYOUT - LEVEL 09","model","selection","skip","SharedOnly","skip-other-users","15258804","Duct Fittings","MHT-ME-DF-Rectangular Shoe Branch - Flanged","","LEVEL 09","Standard","250x250-250x250","250","250","","NWB_DimDiameter","","","","SKIP","no parsed value","","","","NWB_DimDiameter","","","",""
"20260801_155722","NWB Dim AutoFill","MECHANICAL DUCTWORK LAYOUT - LEVEL 09","model","selection","skip","SharedOnly","skip-other-users","15258914","Duct Fittings","MHT-ME-DF-Rectangular Shoe Branch - Flanged","","LEVEL 09","Standard","350x600-350x600","350","600","","NWB_DimWidth","350","250","250","SKIP","existing-kept","instance","Shared Parameter","7626175","NWB_DimWidth","String","False","1","1"
"20260801_155722","NWB Dim AutoFill","MECHANICAL DUCTWORK LAYOUT - LEVEL 09","model","selection","skip","SharedOnly","skip-other-users","15258914","Duct Fittings","MHT-ME-DF-Rectangular Shoe Branch - Flanged","","LEVEL 09","Standard","350x600-350x600","350","600","","NWB_DimHeight","600","250","250","SKIP","existing-kept","instance","Shared Parameter","7626170","NWB_DimHeight","String","False","1","1"
"20260801_155722","NWB Dim AutoFill","MECHANICAL DUCTWORK LAYOUT - LEVEL 09","model","selection","skip","SharedOnly","skip-other-users","15258914","Duct Fittings","MHT-ME-DF-Rectangular Shoe Branch - Flanged","","LEVEL 09","Standard","350x600-350x600","350","600","","NWB_DimDiameter","","","","SKIP","no parsed value","","","","NWB_DimDiameter","","","",""
"20260801_155722","NWB Dim AutoFill","MECHANICAL DUCTWORK LAYOUT - LEVEL 09","model","selection","skip","SharedOnly","skip-other-users","15258947","Duct Fittings","MHT-ME-DF-Rectangular Shoe Branch - Flanged","","LEVEL 09","Standard","350x550-350x550","350","550","","NWB_DimWidth","350","250","250","SKIP","existing-kept","instance","Shared Parameter","7626175","NWB_DimWidth","String","False","1","1"
"20260801_155722","NWB Dim AutoFill","MECHANICAL DUCTWORK LAYOUT - LEVEL 09","model","selection","skip","SharedOnly","skip-other-users","15258947","Duct Fittings","MHT-ME-DF-Rectangular Shoe Branch - Flanged","","LEVEL 09","Standard","350x550-350x550","350","550","","NWB_DimHeight","550","0","0","SKIP","existing-kept","instance","Shared Parameter","7626170","NWB_DimHeight","String","False","1","1"
"20260801_155722","NWB Dim AutoFill","MECHANICAL DUCTWORK LAYOUT - LEVEL 09","model","selection","skip","SharedOnly","skip-other-users","15258947","Duct Fittings","MHT-ME-DF-Rectangular Shoe Branch - Flanged","","LEVEL 09","Standard","350x550-350x550","350","550","","NWB_DimDiameter","","","","SKIP","no parsed value","","","","NWB_DimDiameter","","","",""
"20260801_155722","NWB Dim AutoFill","MECHANICAL DUCTWORK LAYOUT - LEVEL 09","model","selection","skip","SharedOnly","skip-other-users","15259016","Duct Fittings","MHT-ME-DF-Rectangular Shoe Branch - Flanged","","LEVEL 09","Standard","250x250-250x250","250","250","","NWB_DimWidth","250","350","350","SKIP","existing-kept","instance","Shared Parameter","7626175","NWB_DimWidth","String","False","1","1"
"20260801_155722","NWB Dim AutoFill","MECHANICAL DUCTWORK LAYOUT - LEVEL 09","model","selection","skip","SharedOnly","skip-other-users","15259016","Duct Fittings","MHT-ME-DF-Rectangular Shoe Branch - Flanged","","LEVEL 09","Standard","250x250-250x250","250","250","","NWB_DimHeight","250","600","600","SKIP","existing-kept","instance","Shared Parameter","7626170","NWB_DimHeight","String","False","1","1"
"20260801_155722","NWB Dim AutoFill","MECHANICAL DUCTWORK LAYOUT - LEVEL 09","model","selection","skip","SharedOnly","skip-other-users","15259016","Duct Fittings","MHT-ME-DF-Rectangular Shoe Branch - Flanged","","LEVEL 09","Standard","250x250-250x250","250","250","","NWB_DimDiameter","","","","SKIP","no parsed value","","","","NWB_DimDiameter","","","",""
"20260801_155722","NWB Dim AutoFill","MECHANICAL DUCTWORK LAYOUT - LEVEL 09","model","selection","skip","SharedOnly","skip-other-users","15259139","Duct Fittings","MHT-ME-DF-Rectangular Shoe Branch - Flanged","","LEVEL 09","Standard","250x250-250x250","250","250","","NWB_DimWidth","250","250","250","SKIP","existing-kept","instance","Shared Parameter","7626175","NWB_DimWidth","String","False","1","1"
"20260801_155722","NWB Dim AutoFill","MECHANICAL DUCTWORK LAYOUT - LEVEL 09","model","selection","skip","SharedOnly","skip-other-users","15259139","Duct Fittings","MHT-ME-DF-Rectangular Shoe Branch - Flanged","","LEVEL 09","Standard","250x250-250x250","250","250","","NWB_DimHeight","250","0","0","SKIP","existing-kept","instance","Shared Parameter","7626170","NWB_DimHeight","String","False","1","1"
"20260801_155722","NWB Dim AutoFill","MECHANICAL DUCTWORK LAYOUT - LEVEL 09","model","selection","skip","SharedOnly","skip-other-users","15259139","Duct Fittings","MHT-ME-DF-Rectangular Shoe Branch - Flanged","","LEVEL 09","Standard","250x250-250x250","250","250","","NWB_DimDiameter","","","","SKIP","no parsed value","","","","NWB_DimDiameter","","","",""
"20260801_155722","NWB Dim AutoFill","MECHANICAL DUCTWORK LAYOUT - LEVEL 09","model","selection","skip","SharedOnly","skip-other-users","15259578","Duct Fittings","MHT-ME-DF-Rectangular Shoe Branch - Flanged","","LEVEL 09","Standard","550x350-550x350","550","350","","NWB_DimWidth","550","250","250","SKIP","existing-kept","instance","Shared Parameter","7626175","NWB_DimWidth","String","False","1","1"
"20260801_155722","NWB Dim AutoFill","MECHANICAL DUCTWORK LAYOUT - LEVEL 09","model","selection","skip","SharedOnly","skip-other-users","15259578","Duct Fittings","MHT-ME-DF-Rectangular Shoe Branch - Flanged","","LEVEL 09","Standard","550x350-550x350","550","350","","NWB_DimHeight","350","250","250","SKIP","existing-kept","instance","Shared Parameter","7626170","NWB_DimHeight","String","False","1","1"
"20260801_155722","NWB Dim AutoFill","MECHANICAL DUCTWORK LAYOUT - LEVEL 09","model","selection","skip","SharedOnly","skip-other-users","15259578","Duct Fittings","MHT-ME-DF-Rectangular Shoe Branch - Flanged","","LEVEL 09","Standard","550x350-550x350","550","350","","NWB_DimDiameter","","","","SKIP","no parsed value","","","","NWB_DimDiameter","","","",""
"20260801_155722","NWB Dim AutoFill","MECHANICAL DUCTWORK LAYOUT - LEVEL 09","model","selection","skip","SharedOnly","skip-other-users","15260332","Duct Fittings","MHT-ME-DF-Rectangular Shoe Branch - Flanged","","LEVEL 09","Standard","550x350-550x350","550","350","","NWB_DimWidth","550","550","550","SKIP","existing-kept","instance","Shared Parameter","7626175","NWB_DimWidth","String","False","1","1"
"20260801_155722","NWB Dim AutoFill","MECHANICAL DUCTWORK LAYOUT - LEVEL 09","model","selection","skip","SharedOnly","skip-other-users","15260332","Duct Fittings","MHT-ME-DF-Rectangular Shoe Branch - Flanged","","LEVEL 09","Standard","550x350-550x350","550","350","","NWB_DimHeight","350","0","0","SKIP","existing-kept","instance","Shared Parameter","7626170","NWB_DimHeight","String","False","1","1"
"20260801_155722","NWB Dim AutoFill","MECHANICAL DUCTWORK LAYOUT - LEVEL 09","model","selection","skip","SharedOnly","skip-other-users","15260332","Duct Fittings","MHT-ME-DF-Rectangular Shoe Branch - Flanged","","LEVEL 09","Standard","550x350-550x350","550","350","","NWB_DimDiameter","","","","SKIP","no parsed value","","","","NWB_DimDiameter","","","",""
"20260801_155722","NWB Dim AutoFill","MECHANICAL DUCTWORK LAYOUT - LEVEL 09","model","selection","skip","SharedOnly","skip-other-users","15300170","Ducts","Rectangular Duct","","LEVEL 06","Flanged Long Radius Elbows / Shoe Branch","1700x1700","1700","1700","","NWB_DimWidth","1700","1700","1700","SKIP","existing-kept","instance","Shared Parameter","7626175","NWB_DimWidth","String","False","1","1"
"20260801_155722","NWB Dim AutoFill","MECHANICAL DUCTWORK LAYOUT - LEVEL 09","model","selection","skip","SharedOnly","skip-other-users","15300170","Ducts","Rectangular Duct","","LEVEL 06","Flanged Long Radius Elbows / Shoe Branch","1700x1700","1700","1700","","NWB_DimHeight","1700","1700","1700","SKIP","existing-kept","instance","Shared Parameter","7626170","NWB_DimHeight","String","False","1","1"
"20260801_155722","NWB Dim AutoFill","MECHANICAL DUCTWORK LAYOUT - LEVEL 09","model","selection","skip","SharedOnly","skip-other-users","15300170","Ducts","Rectangular Duct","","LEVEL 06","Flanged Long Radius Elbows / Shoe Branch","1700x1700","1700","1700","","NWB_DimDiameter","","","","SKIP","no parsed value","","","","NWB_DimDiameter","","","",""
"20260801_155722","NWB Dim AutoFill","MECHANICAL DUCTWORK LAYOUT - LEVEL 09","model","selection","skip","SharedOnly","skip-other-users","15300252","Duct Accessories","MHT-ME-DA-Damper (Motorized)","","LEVEL 09","MVCD","1500x900-1500x900","1500","900","","NWB_DimWidth","1500","1500","1500","SKIP","existing-kept","instance","Shared Parameter","7626175","NWB_DimWidth","String","False","1","1"
"20260801_155722","NWB Dim AutoFill","MECHANICAL DUCTWORK LAYOUT - LEVEL 09","model","selection","skip","SharedOnly","skip-other-users","15300252","Duct Accessories","MHT-ME-DA-Damper (Motorized)","","LEVEL 09","MVCD","1500x900-1500x900","1500","900","","NWB_DimHeight","900","900","900","SKIP","existing-kept","instance","Shared Parameter","7626170","NWB_DimHeight","String","False","1","1"
"20260801_155722","NWB Dim AutoFill","MECHANICAL DUCTWORK LAYOUT - LEVEL 09","model","selection","skip","SharedOnly","skip-other-users","15300252","Duct Accessories","MHT-ME-DA-Damper (Motorized)","","LEVEL 09","MVCD","1500x900-1500x900","1500","900","","NWB_DimDiameter","","","","SKIP","no parsed value","","","","NWB_DimDiameter","","","",""
"20260801_155722","NWB Dim AutoFill","MECHANICAL DUCTWORK LAYOUT - LEVEL 09","model","selection","skip","SharedOnly","skip-other-users","15300253","Ducts","Rectangular Duct","","LEVEL 09","Flanged Long Radius Elbows / Shoe Branch","1500x900","1500","900","","NWB_DimWidth","1500","1500","1500","SKIP","existing-kept","instance","Shared Parameter","7626175","NWB_DimWidth","String","False","1","1"
"20260801_155722","NWB Dim AutoFill","MECHANICAL DUCTWORK LAYOUT - LEVEL 09","model","selection","skip","SharedOnly","skip-other-users","15300253","Ducts","Rectangular Duct","","LEVEL 09","Flanged Long Radius Elbows / Shoe Branch","1500x900","1500","900","","NWB_DimHeight","900","900","900","SKIP","existing-kept","instance","Shared Parameter","7626170","NWB_DimHeight","String","False","1","1"
"20260801_155722","NWB Dim AutoFill","MECHANICAL DUCTWORK LAYOUT - LEVEL 09","model","selection","skip","SharedOnly","skip-other-users","15300253","Ducts","Rectangular Duct","","LEVEL 09","Flanged Long Radius Elbows / Shoe Branch","1500x900","1500","900","","NWB_DimDiameter","","","","SKIP","no parsed value","","","","NWB_DimDiameter","","","",""
"20260801_155722","NWB Dim AutoFill","MECHANICAL DUCTWORK LAYOUT - LEVEL 09","model","selection","skip","SharedOnly","skip-other-users","15336571","Duct Fittings","MHT-ME-DF-Square Cap-BMA","","LEVEL 09","Standard","225x150","225","150","","NWB_DimWidth","225","250","250","SKIP","existing-kept","instance","Shared Parameter","7626175","NWB_DimWidth","String","False","1","1"
"20260801_155722","NWB Dim AutoFill","MECHANICAL DUCTWORK LAYOUT - LEVEL 09","model","selection","skip","SharedOnly","skip-other-users","15336571","Duct Fittings","MHT-ME-DF-Square Cap-BMA","","LEVEL 09","Standard","225x150","225","150","","NWB_DimHeight","150","0","0","SKIP","existing-kept","instance","Shared Parameter","7626170","NWB_DimHeight","String","False","1","1"
"20260801_155722","NWB Dim AutoFill","MECHANICAL DUCTWORK LAYOUT - LEVEL 09","model","selection","skip","SharedOnly","skip-other-users","15336571","Duct Fittings","MHT-ME-DF-Square Cap-BMA","","LEVEL 09","Standard","225x150","225","150","","NWB_DimDiameter","","","","SKIP","no parsed value","","","","NWB_DimDiameter","","","",""
"20260801_155722","NWB Dim AutoFill","MECHANICAL DUCTWORK LAYOUT - LEVEL 09","model","selection","skip","SharedOnly","skip-other-users","15364143","Ducts","Rectangular Duct","","LEVEL 09","Flanged Long Radius Elbows / Shoe Branch","200x275","200","275","","NWB_DimWidth","200","200","200","SKIP","existing-kept","instance","Shared Parameter","7626175","NWB_DimWidth","String","False","1","1"
"20260801_155722","NWB Dim AutoFill","MECHANICAL DUCTWORK LAYOUT - LEVEL 09","model","selection","skip","SharedOnly","skip-other-users","15364143","Ducts","Rectangular Duct","","LEVEL 09","Flanged Long Radius Elbows / Shoe Branch","200x275","200","275","","NWB_DimHeight","275","275","275","SKIP","existing-kept","instance","Shared Parameter","7626170","NWB_DimHeight","String","False","1","1"
"20260801_155722","NWB Dim AutoFill","MECHANICAL DUCTWORK LAYOUT - LEVEL 09","model","selection","skip","SharedOnly","skip-other-users","15364143","Ducts","Rectangular Duct","","LEVEL 09","Flanged Long Radius Elbows / Shoe Branch","200x275","200","275","","NWB_DimDiameter","","","","SKIP","no parsed value","","","","NWB_DimDiameter","","","",""
"20260801_155722","NWB Dim AutoFill","MECHANICAL DUCTWORK LAYOUT - LEVEL 09","model","selection","skip","SharedOnly","skip-other-users","15364145","Duct Fittings","MHT-ME-DF-Rectangular Union-01","","LEVEL 09","Standard","200x275-200x275","200","275","","NWB_DimWidth","200","200","200","SKIP","existing-kept","instance","Shared Parameter","7626175","NWB_DimWidth","String","False","2","1"
"20260801_155722","NWB Dim AutoFill","MECHANICAL DUCTWORK LAYOUT - LEVEL 09","model","selection","skip","SharedOnly","skip-other-users","15364145","Duct Fittings","MHT-ME-DF-Rectangular Union-01","","LEVEL 09","Standard","200x275-200x275","200","275","","NWB_DimHeight","275","275","275","SKIP","existing-kept","instance","Shared Parameter","7626170","NWB_DimHeight","String","False","2","1"
"20260801_155722","NWB Dim AutoFill","MECHANICAL DUCTWORK LAYOUT - LEVEL 09","model","selection","skip","SharedOnly","skip-other-users","15364145","Duct Fittings","MHT-ME-DF-Rectangular Union-01","","LEVEL 09","Standard","200x275-200x275","200","275","","NWB_DimDiameter","","","","SKIP","no parsed value","","","","NWB_DimDiameter","","","",""
"20260801_155722","NWB Dim AutoFill","MECHANICAL DUCTWORK LAYOUT - LEVEL 09","model","selection","skip","SharedOnly","skip-other-users","15364197","Ducts","Rectangular Duct","","LEVEL 09","Flanged Long Radius Elbows / Shoe Branch","200x275","200","275","","NWB_DimWidth","200","200","200","SKIP","existing-kept","instance","Shared Parameter","7626175","NWB_DimWidth","String","False","1","1"
"20260801_155722","NWB Dim AutoFill","MECHANICAL DUCTWORK LAYOUT - LEVEL 09","model","selection","skip","SharedOnly","skip-other-users","15364197","Ducts","Rectangular Duct","","LEVEL 09","Flanged Long Radius Elbows / Shoe Branch","200x275","200","275","","NWB_DimHeight","275","275","275","SKIP","existing-kept","instance","Shared Parameter","7626170","NWB_DimHeight","String","False","1","1"
"20260801_155722","NWB Dim AutoFill","MECHANICAL DUCTWORK LAYOUT - LEVEL 09","model","selection","skip","SharedOnly","skip-other-users","15364197","Ducts","Rectangular Duct","","LEVEL 09","Flanged Long Radius Elbows / Shoe Branch","200x275","200","275","","NWB_DimDiameter","","","","SKIP","no parsed value","","","","NWB_DimDiameter","","","",""
"20260801_155722","NWB Dim AutoFill","MECHANICAL DUCTWORK LAYOUT - LEVEL 09","model","selection","skip","SharedOnly","skip-other-users","15364199","Duct Fittings","MHT-ME-DF-Rectangular Union-01","","LEVEL 09","Standard","200x275-200x275","200","275","","NWB_DimWidth","200","200","200","SKIP","existing-kept","instance","Shared Parameter","7626175","NWB_DimWidth","String","False","2","1"
"20260801_155722","NWB Dim AutoFill","MECHANICAL DUCTWORK LAYOUT - LEVEL 09","model","selection","skip","SharedOnly","skip-other-users","15364199","Duct Fittings","MHT-ME-DF-Rectangular Union-01","","LEVEL 09","Standard","200x275-200x275","200","275","","NWB_DimHeight","275","275","275","SKIP","existing-kept","instance","Shared Parameter","7626170","NWB_DimHeight","String","False","2","1"
"20260801_155722","NWB Dim AutoFill","MECHANICAL DUCTWORK LAYOUT - LEVEL 09","model","selection","skip","SharedOnly","skip-other-users","15364199","Duct Fittings","MHT-ME-DF-Rectangular Union-01","","LEVEL 09","Standard","200x275-200x275","200","275","","NWB_DimDiameter","","","","SKIP","no parsed value","","","","NWB_DimDiameter","","","",""
"20260801_155722","NWB Dim AutoFill","MECHANICAL DUCTWORK LAYOUT - LEVEL 09","model","selection","skip","SharedOnly","skip-other-users","15618760","Flex Ducts","Flex Duct Round","","LEVEL 09","Flex - Round","200 mmø","","","200","NWB_DimWidth","","","","SKIP","no parsed value","","","","NWB_DimWidth","","","",""
"20260801_155722","NWB Dim AutoFill","MECHANICAL DUCTWORK LAYOUT - LEVEL 09","model","selection","skip","SharedOnly","skip-other-users","15618760","Flex Ducts","Flex Duct Round","","LEVEL 09","Flex - Round","200 mmø","","","200","NWB_DimHeight","","","","SKIP","no parsed value","","","","NWB_DimHeight","","","",""
"20260801_155722","NWB Dim AutoFill","MECHANICAL DUCTWORK LAYOUT - LEVEL 09","model","selection","skip","SharedOnly","skip-other-users","15618763","Duct Fittings","MHT_DF_Spigot","","LEVEL 09","Damper","200ø-200ø","","","200","NWB_DimWidth","","","","SKIP","no parsed value","","","","NWB_DimWidth","","","",""
"20260801_155722","NWB Dim AutoFill","MECHANICAL DUCTWORK LAYOUT - LEVEL 09","model","selection","skip","SharedOnly","skip-other-users","15618763","Duct Fittings","MHT_DF_Spigot","","LEVEL 09","Damper","200ø-200ø","","","200","NWB_DimHeight","","","","SKIP","no parsed value","","","","NWB_DimHeight","","","",""
"20260801_155722","NWB Dim AutoFill","MECHANICAL DUCTWORK LAYOUT - LEVEL 09","model","selection","skip","SharedOnly","skip-other-users","15618763","Duct Fittings","MHT_DF_Spigot","","LEVEL 09","Damper","200ø-200ø","","","200","NWB_DimDiameter","200","200","200","SKIP","existing-kept","instance","Shared Parameter","7626172","NWB_DimDiameter","String","False","1","1"
"20260801_155722","NWB Dim AutoFill","MECHANICAL DUCTWORK LAYOUT - LEVEL 09","model","selection","skip","SharedOnly","skip-other-users","15618819","Air Terminals","MHT-ME-AT - Supply Air Grille","","","MHT-ME-AT - 300x300","300x300","300","300","","NWB_DimWidth","300","300","300","SKIP","existing-kept","instance","Shared Parameter","7626175","NWB_DimWidth","String","False","1","1"
"20260801_155722","NWB Dim AutoFill","MECHANICAL DUCTWORK LAYOUT - LEVEL 09","model","selection","skip","SharedOnly","skip-other-users","15618819","Air Terminals","MHT-ME-AT - Supply Air Grille","","","MHT-ME-AT - 300x300","300x300","300","300","","NWB_DimHeight","300","300","300","SKIP","existing-kept","instance","Shared Parameter","7626170","NWB_DimHeight","String","False","1","1"
"20260801_155722","NWB Dim AutoFill","MECHANICAL DUCTWORK LAYOUT - LEVEL 09","model","selection","skip","SharedOnly","skip-other-users","15618819","Air Terminals","MHT-ME-AT - Supply Air Grille","","","MHT-ME-AT - 300x300","300x300","300","300","","NWB_DimDiameter","","","","SKIP","no parsed value","","","","NWB_DimDiameter","","","",""
"20260801_155722","NWB Dim AutoFill","MECHANICAL DUCTWORK LAYOUT - LEVEL 09","model","selection","skip","SharedOnly","skip-other-users","15618820","Air Terminals","MHT-ME-AT - Supply Air Grille","","","MHT-ME-AT - 300x300","300x300","300","300","","NWB_DimWidth","300","300","300","SKIP","existing-kept","instance","Shared Parameter","7626175","NWB_DimWidth","String","False","1","1"
"20260801_155722","NWB Dim AutoFill","MECHANICAL DUCTWORK LAYOUT - LEVEL 09","model","selection","skip","SharedOnly","skip-other-users","15618820","Air Terminals","MHT-ME-AT - Supply Air Grille","","","MHT-ME-AT - 300x300","300x300","300","300","","NWB_DimHeight","300","300","300","SKIP","existing-kept","instance","Shared Parameter","7626170","NWB_DimHeight","String","False","1","1"
"20260801_155722","NWB Dim AutoFill","MECHANICAL DUCTWORK LAYOUT - LEVEL 09","model","selection","skip","SharedOnly","skip-other-users","15618820","Air Terminals","MHT-ME-AT - Supply Air Grille","","","MHT-ME-AT - 300x300","300x300","300","300","","NWB_DimDiameter","","","","SKIP","no parsed value","","","","NWB_DimDiameter","","","",""
"20260801_155722","NWB Dim AutoFill","MECHANICAL DUCTWORK LAYOUT - LEVEL 09","model","selection","skip","SharedOnly","skip-other-users","15618874","Duct Fittings","MHT_Rectangular Elbow - Mitered - Single Thickness Vanes","","LEVEL 09","Standard","300x300-300x300","300","300","","NWB_DimWidth","300","300","300","SKIP","existing-kept","instance","Shared Parameter","7626175","NWB_DimWidth","String","False","1","1"
"20260801_155722","NWB Dim AutoFill","MECHANICAL DUCTWORK LAYOUT - LEVEL 09","model","selection","skip","SharedOnly","skip-other-users","15618874","Duct Fittings","MHT_Rectangular Elbow - Mitered - Single Thickness Vanes","","LEVEL 09","Standard","300x300-300x300","300","300","","NWB_DimHeight","300","300","300","SKIP","existing-kept","instance","Shared Parameter","7626170","NWB_DimHeight","String","False","1","1"
"20260801_155722","NWB Dim AutoFill","MECHANICAL DUCTWORK LAYOUT - LEVEL 09","model","selection","skip","SharedOnly","skip-other-users","15618874","Duct Fittings","MHT_Rectangular Elbow - Mitered - Single Thickness Vanes","","LEVEL 09","Standard","300x300-300x300","300","300","","NWB_DimDiameter","","","","SKIP","no parsed value","","","","NWB_DimDiameter","","","",""
"20260801_155722","NWB Dim AutoFill","MECHANICAL DUCTWORK LAYOUT - LEVEL 09","model","selection","skip","SharedOnly","skip-other-users","15618951","Duct Fittings","MHT_DF_Spigot","","LEVEL 09","Damper","200ø-200ø","","","200","NWB_DimWidth","","","","SKIP","no parsed value","","","","NWB_DimWidth","","","",""
"20260801_155722","NWB Dim AutoFill","MECHANICAL DUCTWORK LAYOUT - LEVEL 09","model","selection","skip","SharedOnly","skip-other-users","15618951","Duct Fittings","MHT_DF_Spigot","","LEVEL 09","Damper","200ø-200ø","","","200","NWB_DimHeight","","","","SKIP","no parsed value","","","","NWB_DimHeight","","","",""
"20260801_155722","NWB Dim AutoFill","MECHANICAL DUCTWORK LAYOUT - LEVEL 09","model","selection","skip","SharedOnly","skip-other-users","15618951","Duct Fittings","MHT_DF_Spigot","","LEVEL 09","Damper","200ø-200ø","","","200","NWB_DimDiameter","200","200","200","SKIP","existing-kept","instance","Shared Parameter","7626172","NWB_DimDiameter","String","False","1","1"
"20260801_155722","NWB Dim AutoFill","MECHANICAL DUCTWORK LAYOUT - LEVEL 09","model","selection","skip","SharedOnly","skip-other-users","15619029","Flex Ducts","Flex Duct Round","","LEVEL 09","Flex - Round","200 mmø","","","200","NWB_DimWidth","","","","SKIP","no parsed value","","","","NWB_DimWidth","","","",""
"20260801_155722","NWB Dim AutoFill","MECHANICAL DUCTWORK LAYOUT - LEVEL 09","model","selection","skip","SharedOnly","skip-other-users","15619029","Flex Ducts","Flex Duct Round","","LEVEL 09","Flex - Round","200 mmø","","","200","NWB_DimHeight","","","","SKIP","no parsed value","","","","NWB_DimHeight","","","",""
"20260801_155722","NWB Dim AutoFill","MECHANICAL DUCTWORK LAYOUT - LEVEL 09","model","selection","skip","SharedOnly","skip-other-users","15619029","Flex Ducts","Flex Duct Round","","LEVEL 09","Flex - Round","200 mmø","","","200","NWB_DimDiameter","200","200","200","SKIP","existing-kept","instance","Shared Parameter","7626172","NWB_DimDiameter","String","False","1","1"
"20260801_155722","NWB Dim AutoFill","MECHANICAL DUCTWORK LAYOUT - LEVEL 09","model","selection","skip","SharedOnly","skip-other-users","15619191","Ducts","Rectangular Duct","","LEVEL 09","Flanged Long Radius Elbows / Shoe Branch","350x300","350","300","","NWB_DimWidth","350","350","350","SKIP","existing-kept","instance","Shared Parameter","7626175","NWB_DimWidth","String","False","1","1"
"20260801_155722","NWB Dim AutoFill","MECHANICAL DUCTWORK LAYOUT - LEVEL 09","model","selection","skip","SharedOnly","skip-other-users","15619191","Ducts","Rectangular Duct","","LEVEL 09","Flanged Long Radius Elbows / Shoe Branch","350x300","350","300","","NWB_DimHeight","300","300","300","SKIP","existing-kept","instance","Shared Parameter","7626170","NWB_DimHeight","String","False","1","1"
"20260801_155722","NWB Dim AutoFill","MECHANICAL DUCTWORK LAYOUT - LEVEL 09","model","selection","skip","SharedOnly","skip-other-users","15619191","Ducts","Rectangular Duct","","LEVEL 09","Flanged Long Radius Elbows / Shoe Branch","350x300","350","300","","NWB_DimDiameter","","","","SKIP","no parsed value","","","","NWB_DimDiameter","","","",""
"20260801_155722","NWB Dim AutoFill","MECHANICAL DUCTWORK LAYOUT - LEVEL 09","model","selection","skip","SharedOnly","skip-other-users","15619328","Duct Fittings","MHT-ME-DF-Rectangular Short Radius Bend - Flanged","","LEVEL 09","MHT-ME-DF-Rectangular Short Radius Bend - Flanged","250x300-250x300","250","300","","NWB_DimWidth","250","250","250","SKIP","existing-kept","instance","Shared Parameter","7626175","NWB_DimWidth","String","False","2","1"
"20260801_155722","NWB Dim AutoFill","MECHANICAL DUCTWORK LAYOUT - LEVEL 09","model","selection","skip","SharedOnly","skip-other-users","15619328","Duct Fittings","MHT-ME-DF-Rectangular Short Radius Bend - Flanged","","LEVEL 09","MHT-ME-DF-Rectangular Short Radius Bend - Flanged","250x300-250x300","250","300","","NWB_DimHeight","300","300","300","SKIP","existing-kept","instance","Shared Parameter","7626170","NWB_DimHeight","String","False","2","1"
"20260801_155722","NWB Dim AutoFill","MECHANICAL DUCTWORK LAYOUT - LEVEL 09","model","selection","skip","SharedOnly","skip-other-users","15619328","Duct Fittings","MHT-ME-DF-Rectangular Short Radius Bend - Flanged","","LEVEL 09","MHT-ME-DF-Rectangular Short Radius Bend - Flanged","250x300-250x300","250","300","","NWB_DimDiameter","","","","SKIP","no parsed value","","","","NWB_DimDiameter","","","",""
"20260801_155722","NWB Dim AutoFill","MECHANICAL DUCTWORK LAYOUT - LEVEL 09","model","selection","skip","SharedOnly","skip-other-users","15619329","Duct Fittings","MHT-ME-DF-Rectangular Short Radius Bend - Flanged","","LEVEL 09","MHT-ME-DF-Rectangular Short Radius Bend - Flanged","250x300-250x300","250","300","","NWB_DimWidth","250","250","250","SKIP","existing-kept","instance","Shared Parameter","7626175","NWB_DimWidth","String","False","2","1"
"20260801_155722","NWB Dim AutoFill","MECHANICAL DUCTWORK LAYOUT - LEVEL 09","model","selection","skip","SharedOnly","skip-other-users","15619329","Duct Fittings","MHT-ME-DF-Rectangular Short Radius Bend - Flanged","","LEVEL 09","MHT-ME-DF-Rectangular Short Radius Bend - Flanged","250x300-250x300","250","300","","NWB_DimHeight","300","300","300","SKIP","existing-kept","instance","Shared Parameter","7626170","NWB_DimHeight","String","False","2","1"
"20260801_155722","NWB Dim AutoFill","MECHANICAL DUCTWORK LAYOUT - LEVEL 09","model","selection","skip","SharedOnly","skip-other-users","15619329","Duct Fittings","MHT-ME-DF-Rectangular Short Radius Bend - Flanged","","LEVEL 09","MHT-ME-DF-Rectangular Short Radius Bend - Flanged","250x300-250x300","250","300","","NWB_DimDiameter","","","","SKIP","no parsed value","","","","NWB_DimDiameter","","","",""
"20260801_155722","NWB Dim AutoFill","MECHANICAL DUCTWORK LAYOUT - LEVEL 09","model","selection","skip","SharedOnly","skip-other-users","15619604","Ducts","Rectangular Duct","","LEVEL 09","Flanged Long Radius Elbows / Shoe Branch","250x300","250","300","","NWB_DimWidth","250","250","250","SKIP","existing-kept","instance","Shared Parameter","7626175","NWB_DimWidth","String","False","1","1"
"20260801_155722","NWB Dim AutoFill","MECHANICAL DUCTWORK LAYOUT - LEVEL 09","model","selection","skip","SharedOnly","skip-other-users","15619604","Ducts","Rectangular Duct","","LEVEL 09","Flanged Long Radius Elbows / Shoe Branch","250x300","250","300","","NWB_DimHeight","300","300","300","SKIP","existing-kept","instance","Shared Parameter","7626170","NWB_DimHeight","String","False","1","1"
"20260801_155722","NWB Dim AutoFill","MECHANICAL DUCTWORK LAYOUT - LEVEL 09","model","selection","skip","SharedOnly","skip-other-users","15619604","Ducts","Rectangular Duct","","LEVEL 09","Flanged Long Radius Elbows / Shoe Branch","250x300","250","300","","NWB_DimDiameter","","","","SKIP","no parsed value","","","","NWB_DimDiameter","","","",""
"20260801_155722","NWB Dim AutoFill","MECHANICAL DUCTWORK LAYOUT - LEVEL 09","model","selection","skip","SharedOnly","skip-other-users","15619619","Duct Fittings","MHT-ME-DF-Rectangular Short Radius Bend - Flanged","","LEVEL 09","MHT-ME-DF-Rectangular Short Radius Bend - Flanged","250x300-250x300","250","300","","NWB_DimWidth","250","250","250","SKIP","existing-kept","instance","Shared Parameter","7626175","NWB_DimWidth","String","False","2","1"
"20260801_155722","NWB Dim AutoFill","MECHANICAL DUCTWORK LAYOUT - LEVEL 09","model","selection","skip","SharedOnly","skip-other-users","15619619","Duct Fittings","MHT-ME-DF-Rectangular Short Radius Bend - Flanged","","LEVEL 09","MHT-ME-DF-Rectangular Short Radius Bend - Flanged","250x300-250x300","250","300","","NWB_DimHeight","300","300","300","SKIP","existing-kept","instance","Shared Parameter","7626170","NWB_DimHeight","String","False","2","1"
"20260801_155722","NWB Dim AutoFill","MECHANICAL DUCTWORK LAYOUT - LEVEL 09","model","selection","skip","SharedOnly","skip-other-users","15619619","Duct Fittings","MHT-ME-DF-Rectangular Short Radius Bend - Flanged","","LEVEL 09","MHT-ME-DF-Rectangular Short Radius Bend - Flanged","250x300-250x300","250","300","","NWB_DimDiameter","","","","SKIP","no parsed value","","","","NWB_DimDiameter","","","",""
"20260801_155722","NWB Dim AutoFill","MECHANICAL DUCTWORK LAYOUT - LEVEL 09","model","selection","skip","SharedOnly","skip-other-users","15619620","Duct Fittings","MHT-ME-DF-Rectangular Short Radius Bend - Flanged","","LEVEL 09","MHT-ME-DF-Rectangular Short Radius Bend - Flanged","250x300-250x300","250","300","","NWB_DimWidth","250","250","250","SKIP","existing-kept","instance","Shared Parameter","7626175","NWB_DimWidth","String","False","2","1"
"20260801_155722","NWB Dim AutoFill","MECHANICAL DUCTWORK LAYOUT - LEVEL 09","model","selection","skip","SharedOnly","skip-other-users","15619620","Duct Fittings","MHT-ME-DF-Rectangular Short Radius Bend - Flanged","","LEVEL 09","MHT-ME-DF-Rectangular Short Radius Bend - Flanged","250x300-250x300","250","300","","NWB_DimHeight","300","300","300","SKIP","existing-kept","instance","Shared Parameter","7626170","NWB_DimHeight","String","False","2","1"
"20260801_155722","NWB Dim AutoFill","MECHANICAL DUCTWORK LAYOUT - LEVEL 09","model","selection","skip","SharedOnly","skip-other-users","15619620","Duct Fittings","MHT-ME-DF-Rectangular Short Radius Bend - Flanged","","LEVEL 09","MHT-ME-DF-Rectangular Short Radius Bend - Flanged","250x300-250x300","250","300","","NWB_DimDiameter","","","","SKIP","no parsed value","","","","NWB_DimDiameter","","","",""
"20260801_155722","NWB Dim AutoFill","MECHANICAL DUCTWORK LAYOUT - LEVEL 09","model","selection","skip","SharedOnly","skip-other-users","15619789","Ducts","Rectangular Duct","","LEVEL 09","Flanged Long Radius Elbows / Shoe Branch","225x275","225","275","","NWB_DimWidth","225","225","225","SKIP","existing-kept","instance","Shared Parameter","7626175","NWB_DimWidth","String","False","1","1"
"20260801_155722","NWB Dim AutoFill","MECHANICAL DUCTWORK LAYOUT - LEVEL 09","model","selection","skip","SharedOnly","skip-other-users","15619789","Ducts","Rectangular Duct","","LEVEL 09","Flanged Long Radius Elbows / Shoe Branch","225x275","225","275","","NWB_DimHeight","275","275","275","SKIP","existing-kept","instance","Shared Parameter","7626170","NWB_DimHeight","String","False","1","1"
"20260801_155722","NWB Dim AutoFill","MECHANICAL DUCTWORK LAYOUT - LEVEL 09","model","selection","skip","SharedOnly","skip-other-users","15619789","Ducts","Rectangular Duct","","LEVEL 09","Flanged Long Radius Elbows / Shoe Branch","225x275","225","275","","NWB_DimDiameter","","","","SKIP","no parsed value","","","","NWB_DimDiameter","","","",""
"20260801_155722","NWB Dim AutoFill","MECHANICAL DUCTWORK LAYOUT - LEVEL 09","model","selection","skip","SharedOnly","skip-other-users","15619805","Duct Fittings","MHT-ME-DF-Rectangular Eccentric Taper - Flanged-01","","LEVEL 09","Standard","350x300-225x275","350","300","","NWB_DimWidth","350","350","350","SKIP","existing-kept","instance","Shared Parameter","7626175","NWB_DimWidth","String","False","2","1"
"20260801_155722","NWB Dim AutoFill","MECHANICAL DUCTWORK LAYOUT - LEVEL 09","model","selection","skip","SharedOnly","skip-other-users","15619805","Duct Fittings","MHT-ME-DF-Rectangular Eccentric Taper - Flanged-01","","LEVEL 09","Standard","350x300-225x275","350","300","","NWB_DimHeight","300","300","300","SKIP","existing-kept","instance","Shared Parameter","7626170","NWB_DimHeight","String","False","2","1"
"20260801_155722","NWB Dim AutoFill","MECHANICAL DUCTWORK LAYOUT - LEVEL 09","model","selection","skip","SharedOnly","skip-other-users","15619805","Duct Fittings","MHT-ME-DF-Rectangular Eccentric Taper - Flanged-01","","LEVEL 09","Standard","350x300-225x275","350","300","","NWB_DimDiameter","","","","SKIP","no parsed value","","","","NWB_DimDiameter","","","",""
"20260801_155722","NWB Dim AutoFill","MECHANICAL DUCTWORK LAYOUT - LEVEL 09","model","selection","skip","SharedOnly","skip-other-users","15620000","Duct Fittings","MHT_DF_Spigot","","LEVEL 10","Damper","250ø-250ø","","","250","NWB_DimWidth","","","","SKIP","no parsed value","","","","NWB_DimWidth","","","",""
"20260801_155722","NWB Dim AutoFill","MECHANICAL DUCTWORK LAYOUT - LEVEL 09","model","selection","skip","SharedOnly","skip-other-users","15620000","Duct Fittings","MHT_DF_Spigot","","LEVEL 10","Damper","250ø-250ø","","","250","NWB_DimHeight","","","","SKIP","no parsed value","","","","NWB_DimHeight","","","",""
"20260801_155722","NWB Dim AutoFill","MECHANICAL DUCTWORK LAYOUT - LEVEL 09","model","selection","skip","SharedOnly","skip-other-users","15620000","Duct Fittings","MHT_DF_Spigot","","LEVEL 10","Damper","250ø-250ø","","","250","NWB_DimDiameter","250","250","250","SKIP","existing-kept","instance","Shared Parameter","7626172","NWB_DimDiameter","String","False","1","1"
"20260801_155722","NWB Dim AutoFill","MECHANICAL DUCTWORK LAYOUT - LEVEL 09","model","selection","skip","SharedOnly","skip-other-users","15620037","Duct Fittings","MHT-ME-DF-Square Cap-BMA","","LEVEL 09","Standard","225x275","225","275","","NWB_DimWidth","225","350","350","SKIP","existing-kept","instance","Shared Parameter","7626175","NWB_DimWidth","String","False","1","1"
"20260801_155722","NWB Dim AutoFill","MECHANICAL DUCTWORK LAYOUT - LEVEL 09","model","selection","skip","SharedOnly","skip-other-users","15620037","Duct Fittings","MHT-ME-DF-Square Cap-BMA","","LEVEL 09","Standard","225x275","225","275","","NWB_DimHeight","275","0","0","SKIP","existing-kept","instance","Shared Parameter","7626170","NWB_DimHeight","String","False","1","1"
"20260801_155722","NWB Dim AutoFill","MECHANICAL DUCTWORK LAYOUT - LEVEL 09","model","selection","skip","SharedOnly","skip-other-users","15620037","Duct Fittings","MHT-ME-DF-Square Cap-BMA","","LEVEL 09","Standard","225x275","225","275","","NWB_DimDiameter","","","","SKIP","no parsed value","","","","NWB_DimDiameter","","","",""
"20260801_155722","NWB Dim AutoFill","MECHANICAL DUCTWORK LAYOUT - LEVEL 09","model","selection","skip","SharedOnly","skip-other-users","15620108","Duct Fittings","MHT-ME-DF-Rectangular Shoe Branch - Flanged","","LEVEL 09","Standard","250x300-250x300","250","300","","NWB_DimWidth","250","250","250","SKIP","existing-kept","instance","Shared Parameter","7626175","NWB_DimWidth","String","False","1","1"
"20260801_155722","NWB Dim AutoFill","MECHANICAL DUCTWORK LAYOUT - LEVEL 09","model","selection","skip","SharedOnly","skip-other-users","15620108","Duct Fittings","MHT-ME-DF-Rectangular Shoe Branch - Flanged","","LEVEL 09","Standard","250x300-250x300","250","300","","NWB_DimHeight","300","300","300","SKIP","existing-kept","instance","Shared Parameter","7626170","NWB_DimHeight","String","False","1","1"
"20260801_155722","NWB Dim AutoFill","MECHANICAL DUCTWORK LAYOUT - LEVEL 09","model","selection","skip","SharedOnly","skip-other-users","15620108","Duct Fittings","MHT-ME-DF-Rectangular Shoe Branch - Flanged","","LEVEL 09","Standard","250x300-250x300","250","300","","NWB_DimDiameter","","","","SKIP","no parsed value","","","","NWB_DimDiameter","","","",""
"20260801_155722","NWB Dim AutoFill","MECHANICAL DUCTWORK LAYOUT - LEVEL 09","model","selection","skip","SharedOnly","skip-other-users","15620234","Air Terminals","MHT-ME-AT - Supply Air Grille","","","MHT-ME-AT - 300x300","300x300","300","300","","NWB_DimWidth","300","300","300","SKIP","existing-kept","instance","Shared Parameter","7626175","NWB_DimWidth","String","False","1","1"
"20260801_155722","NWB Dim AutoFill","MECHANICAL DUCTWORK LAYOUT - LEVEL 09","model","selection","skip","SharedOnly","skip-other-users","15620234","Air Terminals","MHT-ME-AT - Supply Air Grille","","","MHT-ME-AT - 300x300","300x300","300","300","","NWB_DimHeight","300","300","300","SKIP","existing-kept","instance","Shared Parameter","7626170","NWB_DimHeight","String","False","1","1"
"20260801_155722","NWB Dim AutoFill","MECHANICAL DUCTWORK LAYOUT - LEVEL 09","model","selection","skip","SharedOnly","skip-other-users","15620234","Air Terminals","MHT-ME-AT - Supply Air Grille","","","MHT-ME-AT - 300x300","300x300","300","300","","NWB_DimDiameter","","","","SKIP","no parsed value","","","","NWB_DimDiameter","","","",""
"20260801_155722","NWB Dim AutoFill","MECHANICAL DUCTWORK LAYOUT - LEVEL 09","model","selection","skip","SharedOnly","skip-other-users","15620570","Air Terminals","MHT-ME-AT - Supply Air Grille","","","MHT-ME-AT - 600x300","600x300","600","300","","NWB_DimWidth","600","600","600","SKIP","existing-kept","instance","Shared Parameter","7626175","NWB_DimWidth","String","False","1","1"
"20260801_155722","NWB Dim AutoFill","MECHANICAL DUCTWORK LAYOUT - LEVEL 09","model","selection","skip","SharedOnly","skip-other-users","15620570","Air Terminals","MHT-ME-AT - Supply Air Grille","","","MHT-ME-AT - 600x300","600x300","600","300","","NWB_DimHeight","300","300","300","SKIP","existing-kept","instance","Shared Parameter","7626170","NWB_DimHeight","String","False","1","1"
"20260801_155722","NWB Dim AutoFill","MECHANICAL DUCTWORK LAYOUT - LEVEL 09","model","selection","skip","SharedOnly","skip-other-users","15620570","Air Terminals","MHT-ME-AT - Supply Air Grille","","","MHT-ME-AT - 600x300","600x300","600","300","","NWB_DimDiameter","","","","SKIP","no parsed value","","","","NWB_DimDiameter","","","",""
"20260801_155722","NWB Dim AutoFill","MECHANICAL DUCTWORK LAYOUT - LEVEL 09","model","selection","skip","SharedOnly","skip-other-users","15620605","Duct Fittings","MHT_Rectangular Elbow - Mitered - Single Thickness Vanes","","LEVEL 09","Standard","300x600-300x600","300","600","","NWB_DimWidth","300","250","250","SKIP","existing-kept","instance","Shared Parameter","7626175","NWB_DimWidth","String","False","1","1"
"20260801_155722","NWB Dim AutoFill","MECHANICAL DUCTWORK LAYOUT - LEVEL 09","model","selection","skip","SharedOnly","skip-other-users","15620605","Duct Fittings","MHT_Rectangular Elbow - Mitered - Single Thickness Vanes","","LEVEL 09","Standard","300x600-300x600","300","600","","NWB_DimHeight","600","300","300","SKIP","existing-kept","instance","Shared Parameter","7626170","NWB_DimHeight","String","False","1","1"
"20260801_155722","NWB Dim AutoFill","MECHANICAL DUCTWORK LAYOUT - LEVEL 09","model","selection","skip","SharedOnly","skip-other-users","15620605","Duct Fittings","MHT_Rectangular Elbow - Mitered - Single Thickness Vanes","","LEVEL 09","Standard","300x600-300x600","300","600","","NWB_DimDiameter","","","","SKIP","no parsed value","","","","NWB_DimDiameter","","","",""
"20260801_155722","NWB Dim AutoFill","MECHANICAL DUCTWORK LAYOUT - LEVEL 09","model","selection","skip","SharedOnly","skip-other-users","15620644","Air Terminals","MHT-ME-AT - Supply Air Grille","","","MHT-ME-AT - 600x300","600x300","600","300","","NWB_DimWidth","600","600","600","SKIP","existing-kept","instance","Shared Parameter","7626175","NWB_DimWidth","String","False","1","1"
"20260801_155722","NWB Dim AutoFill","MECHANICAL DUCTWORK LAYOUT - LEVEL 09","model","selection","skip","SharedOnly","skip-other-users","15620644","Air Terminals","MHT-ME-AT - Supply Air Grille","","","MHT-ME-AT - 600x300","600x300","600","300","","NWB_DimHeight","300","300","300","SKIP","existing-kept","instance","Shared Parameter","7626170","NWB_DimHeight","String","False","1","1"
"20260801_155722","NWB Dim AutoFill","MECHANICAL DUCTWORK LAYOUT - LEVEL 09","model","selection","skip","SharedOnly","skip-other-users","15620644","Air Terminals","MHT-ME-AT - Supply Air Grille","","","MHT-ME-AT - 600x300","600x300","600","300","","NWB_DimDiameter","","","","SKIP","no parsed value","","","","NWB_DimDiameter","","","",""
"20260801_155722","NWB Dim AutoFill","MECHANICAL DUCTWORK LAYOUT - LEVEL 09","model","selection","skip","SharedOnly","skip-other-users","15620663","Duct Fittings","MHT_Rectangular Elbow - Mitered - Single Thickness Vanes","","LEVEL 09","Standard","300x600-300x600","300","600","","NWB_DimWidth","300","300","300","SKIP","existing-kept","instance","Shared Parameter","7626175","NWB_DimWidth","String","False","1","1"
"20260801_155722","NWB Dim AutoFill","MECHANICAL DUCTWORK LAYOUT - LEVEL 09","model","selection","skip","SharedOnly","skip-other-users","15620663","Duct Fittings","MHT_Rectangular Elbow - Mitered - Single Thickness Vanes","","LEVEL 09","Standard","300x600-300x600","300","600","","NWB_DimHeight","600","400","400","SKIP","existing-kept","instance","Shared Parameter","7626170","NWB_DimHeight","String","False","1","1"
"20260801_155722","NWB Dim AutoFill","MECHANICAL DUCTWORK LAYOUT - LEVEL 09","model","selection","skip","SharedOnly","skip-other-users","15620663","Duct Fittings","MHT_Rectangular Elbow - Mitered - Single Thickness Vanes","","LEVEL 09","Standard","300x600-300x600","300","600","","NWB_DimDiameter","","","","SKIP","no parsed value","","","","NWB_DimDiameter","","","",""
"20260801_155722","NWB Dim AutoFill","MECHANICAL DUCTWORK LAYOUT - LEVEL 09","model","selection","skip","SharedOnly","skip-other-users","15620805","Duct Fittings","MHT_DF_Spigot","","LEVEL 09","Damper","250ø-250ø","","","250","NWB_DimWidth","","","","SKIP","no parsed value","","","","NWB_DimWidth","","","",""
"20260801_155722","NWB Dim AutoFill","MECHANICAL DUCTWORK LAYOUT - LEVEL 09","model","selection","skip","SharedOnly","skip-other-users","15620805","Duct Fittings","MHT_DF_Spigot","","LEVEL 09","Damper","250ø-250ø","","","250","NWB_DimHeight","","","","SKIP","no parsed value","","","","NWB_DimHeight","","","",""
"20260801_155722","NWB Dim AutoFill","MECHANICAL DUCTWORK LAYOUT - LEVEL 09","model","selection","skip","SharedOnly","skip-other-users","15620805","Duct Fittings","MHT_DF_Spigot","","LEVEL 09","Damper","250ø-250ø","","","250","NWB_DimDiameter","250","250","250","SKIP","existing-kept","instance","Shared Parameter","7626172","NWB_DimDiameter","String","False","1","1"
"20260801_155722","NWB Dim AutoFill","MECHANICAL DUCTWORK LAYOUT - LEVEL 09","model","selection","skip","SharedOnly","skip-other-users","15620862","Flex Ducts","Flex Duct Round","","LEVEL 09","Flex - Round","250 mmø","","","250","NWB_DimWidth","","","","SKIP","no parsed value","","","","NWB_DimWidth","","","",""
"20260801_155722","NWB Dim AutoFill","MECHANICAL DUCTWORK LAYOUT - LEVEL 09","model","selection","skip","SharedOnly","skip-other-users","15620862","Flex Ducts","Flex Duct Round","","LEVEL 09","Flex - Round","250 mmø","","","250","NWB_DimHeight","","","","SKIP","no parsed value","","","","NWB_DimHeight","","","",""
"20260801_155722","NWB Dim AutoFill","MECHANICAL DUCTWORK LAYOUT - LEVEL 09","model","selection","skip","SharedOnly","skip-other-users","15621003","Flex Ducts","Flex Duct Round","","LEVEL 09","Flex - Round","250 mmø","","","250","NWB_DimWidth","","","","SKIP","no parsed value","","","","NWB_DimWidth","","","",""
"20260801_155722","NWB Dim AutoFill","MECHANICAL DUCTWORK LAYOUT - LEVEL 09","model","selection","skip","SharedOnly","skip-other-users","15621003","Flex Ducts","Flex Duct Round","","LEVEL 09","Flex - Round","250 mmø","","","250","NWB_DimHeight","","","","SKIP","no parsed value","","","","NWB_DimHeight","","","",""
"20260801_155722","NWB Dim AutoFill","MECHANICAL DUCTWORK LAYOUT - LEVEL 09","model","selection","skip","SharedOnly","skip-other-users","15621044","Duct Fittings","MHT_DF_Spigot","","LEVEL 09","Damper","250ø-250ø","","","250","NWB_DimWidth","","","","SKIP","no parsed value","","","","NWB_DimWidth","","","",""
"20260801_155722","NWB Dim AutoFill","MECHANICAL DUCTWORK LAYOUT - LEVEL 09","model","selection","skip","SharedOnly","skip-other-users","15621044","Duct Fittings","MHT_DF_Spigot","","LEVEL 09","Damper","250ø-250ø","","","250","NWB_DimHeight","","","","SKIP","no parsed value","","","","NWB_DimHeight","","","",""
"20260801_155722","NWB Dim AutoFill","MECHANICAL DUCTWORK LAYOUT - LEVEL 09","model","selection","skip","SharedOnly","skip-other-users","15621044","Duct Fittings","MHT_DF_Spigot","","LEVEL 09","Damper","250ø-250ø","","","250","NWB_DimDiameter","250","250","250","SKIP","existing-kept","instance","Shared Parameter","7626172","NWB_DimDiameter","String","False","1","1"
"20260801_155722","NWB Dim AutoFill","MECHANICAL DUCTWORK LAYOUT - LEVEL 09","model","selection","skip","SharedOnly","skip-other-users","15621168","Ducts","Rectangular Duct","","LEVEL 09","Flanged Long Radius Elbows / Shoe Branch","250x300","250","300","","NWB_DimWidth","250","250","250","SKIP","existing-kept","instance","Shared Parameter","7626175","NWB_DimWidth","String","False","1","1"
"20260801_155722","NWB Dim AutoFill","MECHANICAL DUCTWORK LAYOUT - LEVEL 09","model","selection","skip","SharedOnly","skip-other-users","15621168","Ducts","Rectangular Duct","","LEVEL 09","Flanged Long Radius Elbows / Shoe Branch","250x300","250","300","","NWB_DimHeight","300","300","300","SKIP","existing-kept","instance","Shared Parameter","7626170","NWB_DimHeight","String","False","1","1"
"20260801_155722","NWB Dim AutoFill","MECHANICAL DUCTWORK LAYOUT - LEVEL 09","model","selection","skip","SharedOnly","skip-other-users","15621168","Ducts","Rectangular Duct","","LEVEL 09","Flanged Long Radius Elbows / Shoe Branch","250x300","250","300","","NWB_DimDiameter","","","","SKIP","no parsed value","","","","NWB_DimDiameter","","","",""
"20260801_155722","NWB Dim AutoFill","MECHANICAL DUCTWORK LAYOUT - LEVEL 09","model","selection","skip","SharedOnly","skip-other-users","15621175","Duct Fittings","MHT-ME-DF-Rectangular Short Radius Bend - Flanged","","LEVEL 09","MHT-ME-DF-Rectangular Short Radius Bend - Flanged","250x300-250x300","250","300","","NWB_DimWidth","250","250","250","SKIP","existing-kept","instance","Shared Parameter","7626175","NWB_DimWidth","String","False","2","1"
"20260801_155722","NWB Dim AutoFill","MECHANICAL DUCTWORK LAYOUT - LEVEL 09","model","selection","skip","SharedOnly","skip-other-users","15621175","Duct Fittings","MHT-ME-DF-Rectangular Short Radius Bend - Flanged","","LEVEL 09","MHT-ME-DF-Rectangular Short Radius Bend - Flanged","250x300-250x300","250","300","","NWB_DimHeight","300","300","300","SKIP","existing-kept","instance","Shared Parameter","7626170","NWB_DimHeight","String","False","2","1"
"20260801_155722","NWB Dim AutoFill","MECHANICAL DUCTWORK LAYOUT - LEVEL 09","model","selection","skip","SharedOnly","skip-other-users","15621175","Duct Fittings","MHT-ME-DF-Rectangular Short Radius Bend - Flanged","","LEVEL 09","MHT-ME-DF-Rectangular Short Radius Bend - Flanged","250x300-250x300","250","300","","NWB_DimDiameter","","","","SKIP","no parsed value","","","","NWB_DimDiameter","","","",""
"20260801_155722","NWB Dim AutoFill","MECHANICAL DUCTWORK LAYOUT - LEVEL 09","model","selection","skip","SharedOnly","skip-other-users","15621176","Ducts","Rectangular Duct","","LEVEL 09","Flanged Long Radius Elbows / Shoe Branch","250x300","250","300","","NWB_DimWidth","250","250","250","SKIP","existing-kept","instance","Shared Parameter","7626175","NWB_DimWidth","String","False","1","1"
"20260801_155722","NWB Dim AutoFill","MECHANICAL DUCTWORK LAYOUT - LEVEL 09","model","selection","skip","SharedOnly","skip-other-users","15621176","Ducts","Rectangular Duct","","LEVEL 09","Flanged Long Radius Elbows / Shoe Branch","250x300","250","300","","NWB_DimHeight","300","300","300","SKIP","existing-kept","instance","Shared Parameter","7626170","NWB_DimHeight","String","False","1","1"
"20260801_155722","NWB Dim AutoFill","MECHANICAL DUCTWORK LAYOUT - LEVEL 09","model","selection","skip","SharedOnly","skip-other-users","15621176","Ducts","Rectangular Duct","","LEVEL 09","Flanged Long Radius Elbows / Shoe Branch","250x300","250","300","","NWB_DimDiameter","","","","SKIP","no parsed value","","","","NWB_DimDiameter","","","",""
"20260801_155722","NWB Dim AutoFill","MECHANICAL DUCTWORK LAYOUT - LEVEL 09","model","selection","skip","SharedOnly","skip-other-users","14671012","Air Terminals","MHT_AT_RA ECG cw plenum","","LEVEL 09","Damper","200ø","","200","200","NWB_DimHeight","200","200","200","OK","verified","instance","Shared Parameter","7626170","NWB_DimHeight","String","False","1","1"
"20260801_155722","NWB Dim AutoFill","MECHANICAL DUCTWORK LAYOUT - LEVEL 09","model","selection","skip","SharedOnly","skip-other-users","14686851","Air Terminals","MHT_AT_RA ECG cw plenum","","LEVEL 09","Damper","250ø","","250","250","NWB_DimHeight","250","250","250","OK","verified","instance","Shared Parameter","7626170","NWB_DimHeight","String","False","1","1"
"20260801_155722","NWB Dim AutoFill","MECHANICAL DUCTWORK LAYOUT - LEVEL 09","model","selection","skip","SharedOnly","skip-other-users","14889470","Flex Ducts","Flex Duct Round","","LEVEL 09","Flex - Round","250 mmø","","","250","NWB_DimDiameter","250","250","250","OK","verified","instance","Shared Parameter","7626172","NWB_DimDiameter","String","False","1","1"
"20260801_155722","NWB Dim AutoFill","MECHANICAL DUCTWORK LAYOUT - LEVEL 09","model","selection","skip","SharedOnly","skip-other-users","14906396","Flex Ducts","Flex Duct Round","","LEVEL 09","Flex - Round","200 mmø","","","200","NWB_DimDiameter","200","200","200","OK","verified","instance","Shared Parameter","7626172","NWB_DimDiameter","String","False","1","1"
"20260801_155722","NWB Dim AutoFill","MECHANICAL DUCTWORK LAYOUT - LEVEL 09","model","selection","skip","SharedOnly","skip-other-users","15618760","Flex Ducts","Flex Duct Round","","LEVEL 09","Flex - Round","200 mmø","","","200","NWB_DimDiameter","200","200","200","OK","verified","instance","Shared Parameter","7626172","NWB_DimDiameter","String","False","1","1"
"20260801_155722","NWB Dim AutoFill","MECHANICAL DUCTWORK LAYOUT - LEVEL 09","model","selection","skip","SharedOnly","skip-other-users","15620862","Flex Ducts","Flex Duct Round","","LEVEL 09","Flex - Round","250 mmø","","","250","NWB_DimDiameter","250","250","250","OK","verified","instance","Shared Parameter","7626172","NWB_DimDiameter","String","False","1","1"
"20260801_155722","NWB Dim AutoFill","MECHANICAL DUCTWORK LAYOUT - LEVEL 09","model","selection","skip","SharedOnly","skip-other-users","15621003","Flex Ducts","Flex Duct Round","","LEVEL 09","Flex - Round","250 mmø","","","250","NWB_DimDiameter","250","250","250","OK","verified","instance","Shared Parameter","7626172","NWB_DimDiameter","String","False","1","1"
"20260801_155722","NWB Dim AutoFill","MECHANICAL DUCTWORK LAYOUT - LEVEL 09","model","selection","skip","SharedOnly","skip-other-users","15621306","Ducts","Rectangular Duct","","LEVEL 09","Flanged Long Radius Elbows / Shoe Branch","350x300","350","300","","NWB_DimWidth","350","350","350","SKIP","existing-kept","instance","Shared Parameter","7626175","NWB_DimWidth","String","False","1","1"
"20260801_155722","NWB Dim AutoFill","MECHANICAL DUCTWORK LAYOUT - LEVEL 09","model","selection","skip","SharedOnly","skip-other-users","15621306","Ducts","Rectangular Duct","","LEVEL 09","Flanged Long Radius Elbows / Shoe Branch","350x300","350","300","","NWB_DimHeight","300","300","300","SKIP","existing-kept","instance","Shared Parameter","7626170","NWB_DimHeight","String","False","1","1"
"20260801_155722","NWB Dim AutoFill","MECHANICAL DUCTWORK LAYOUT - LEVEL 09","model","selection","skip","SharedOnly","skip-other-users","15621306","Ducts","Rectangular Duct","","LEVEL 09","Flanged Long Radius Elbows / Shoe Branch","350x300","350","300","","NWB_DimDiameter","","","","SKIP","no parsed value","","","","NWB_DimDiameter","","","",""
"20260801_155722","NWB Dim AutoFill","MECHANICAL DUCTWORK LAYOUT - LEVEL 09","model","selection","skip","SharedOnly","skip-other-users","15621370","Ducts","Rectangular Duct","","LEVEL 09","Flanged Long Radius Elbows / Shoe Branch","350x300","350","300","","NWB_DimWidth","350","350","350","SKIP","existing-kept","instance","Shared Parameter","7626175","NWB_DimWidth","String","False","1","1"
"20260801_155722","NWB Dim AutoFill","MECHANICAL DUCTWORK LAYOUT - LEVEL 09","model","selection","skip","SharedOnly","skip-other-users","15621370","Ducts","Rectangular Duct","","LEVEL 09","Flanged Long Radius Elbows / Shoe Branch","350x300","350","300","","NWB_DimHeight","300","300","300","SKIP","existing-kept","instance","Shared Parameter","7626170","NWB_DimHeight","String","False","1","1"
"20260801_155722","NWB Dim AutoFill","MECHANICAL DUCTWORK LAYOUT - LEVEL 09","model","selection","skip","SharedOnly","skip-other-users","15621370","Ducts","Rectangular Duct","","LEVEL 09","Flanged Long Radius Elbows / Shoe Branch","350x300","350","300","","NWB_DimDiameter","","","","SKIP","no parsed value","","","","NWB_DimDiameter","","","",""
"20260801_155722","NWB Dim AutoFill","MECHANICAL DUCTWORK LAYOUT - LEVEL 09","model","selection","skip","SharedOnly","skip-other-users","15621371","Ducts","Rectangular Duct","","LEVEL 09","Flanged Long Radius Elbows / Shoe Branch","350x300","350","300","","NWB_DimWidth","350","350","350","SKIP","existing-kept","instance","Shared Parameter","7626175","NWB_DimWidth","String","False","1","1"
"20260801_155722","NWB Dim AutoFill","MECHANICAL DUCTWORK LAYOUT - LEVEL 09","model","selection","skip","SharedOnly","skip-other-users","15621371","Ducts","Rectangular Duct","","LEVEL 09","Flanged Long Radius Elbows / Shoe Branch","350x300","350","300","","NWB_DimHeight","300","300","300","SKIP","existing-kept","instance","Shared Parameter","7626170","NWB_DimHeight","String","False","1","1"
"20260801_155722","NWB Dim AutoFill","MECHANICAL DUCTWORK LAYOUT - LEVEL 09","model","selection","skip","SharedOnly","skip-other-users","15621371","Ducts","Rectangular Duct","","LEVEL 09","Flanged Long Radius Elbows / Shoe Branch","350x300","350","300","","NWB_DimDiameter","","","","SKIP","no parsed value","","","","NWB_DimDiameter","","","",""
"20260801_155722","NWB Dim AutoFill","MECHANICAL DUCTWORK LAYOUT - LEVEL 09","model","selection","skip","SharedOnly","skip-other-users","15621372","Duct Fittings","MHT-ME-DF-Rectangular Short Radius Bend - Flanged","","LEVEL 09","MHT-ME-DF-Rectangular Short Radius Bend - Flanged","300x350-300x350","300","350","","NWB_DimWidth","300","300","300","SKIP","existing-kept","instance","Shared Parameter","7626175","NWB_DimWidth","String","False","2","1"
"20260801_155722","NWB Dim AutoFill","MECHANICAL DUCTWORK LAYOUT - LEVEL 09","model","selection","skip","SharedOnly","skip-other-users","15621372","Duct Fittings","MHT-ME-DF-Rectangular Short Radius Bend - Flanged","","LEVEL 09","MHT-ME-DF-Rectangular Short Radius Bend - Flanged","300x350-300x350","300","350","","NWB_DimHeight","350","350","350","SKIP","existing-kept","instance","Shared Parameter","7626170","NWB_DimHeight","String","False","2","1"
"20260801_155722","NWB Dim AutoFill","MECHANICAL DUCTWORK LAYOUT - LEVEL 09","model","selection","skip","SharedOnly","skip-other-users","15621372","Duct Fittings","MHT-ME-DF-Rectangular Short Radius Bend - Flanged","","LEVEL 09","MHT-ME-DF-Rectangular Short Radius Bend - Flanged","300x350-300x350","300","350","","NWB_DimDiameter","","","","SKIP","no parsed value","","","","NWB_DimDiameter","","","",""
"20260801_155722","NWB Dim AutoFill","MECHANICAL DUCTWORK LAYOUT - LEVEL 09","model","selection","skip","SharedOnly","skip-other-users","15621378","Duct Fittings","MHT-ME-DF-Rectangular Short Radius Bend - Flanged","","LEVEL 09","MHT-ME-DF-Rectangular Short Radius Bend - Flanged","300x350-300x350","300","350","","NWB_DimWidth","300","300","300","SKIP","existing-kept","instance","Shared Parameter","7626175","NWB_DimWidth","String","False","2","1"
"20260801_155722","NWB Dim AutoFill","MECHANICAL DUCTWORK LAYOUT - LEVEL 09","model","selection","skip","SharedOnly","skip-other-users","15621378","Duct Fittings","MHT-ME-DF-Rectangular Short Radius Bend - Flanged","","LEVEL 09","MHT-ME-DF-Rectangular Short Radius Bend - Flanged","300x350-300x350","300","350","","NWB_DimHeight","350","350","350","SKIP","existing-kept","instance","Shared Parameter","7626170","NWB_DimHeight","String","False","2","1"
"20260801_155722","NWB Dim AutoFill","MECHANICAL DUCTWORK LAYOUT - LEVEL 09","model","selection","skip","SharedOnly","skip-other-users","15621378","Duct Fittings","MHT-ME-DF-Rectangular Short Radius Bend - Flanged","","LEVEL 09","MHT-ME-DF-Rectangular Short Radius Bend - Flanged","300x350-300x350","300","350","","NWB_DimDiameter","","","","SKIP","no parsed value","","","","NWB_DimDiameter","","","",""
"20260801_155722","NWB Dim AutoFill","MECHANICAL DUCTWORK LAYOUT - LEVEL 09","model","selection","skip","SharedOnly","skip-other-users","15621461","Ducts","Rectangular Duct","","LEVEL 09","Flanged Long Radius Elbows / Shoe Branch","250x300","250","300","","NWB_DimWidth","250","250","250","SKIP","existing-kept","instance","Shared Parameter","7626175","NWB_DimWidth","String","False","1","1"
"20260801_155722","NWB Dim AutoFill","MECHANICAL DUCTWORK LAYOUT - LEVEL 09","model","selection","skip","SharedOnly","skip-other-users","15621461","Ducts","Rectangular Duct","","LEVEL 09","Flanged Long Radius Elbows / Shoe Branch","250x300","250","300","","NWB_DimHeight","300","300","300","SKIP","existing-kept","instance","Shared Parameter","7626170","NWB_DimHeight","String","False","1","1"
"20260801_155722","NWB Dim AutoFill","MECHANICAL DUCTWORK LAYOUT - LEVEL 09","model","selection","skip","SharedOnly","skip-other-users","15621461","Ducts","Rectangular Duct","","LEVEL 09","Flanged Long Radius Elbows / Shoe Branch","250x300","250","300","","NWB_DimDiameter","","","","SKIP","no parsed value","","","","NWB_DimDiameter","","","",""
"20260801_155722","NWB Dim AutoFill","MECHANICAL DUCTWORK LAYOUT - LEVEL 09","model","selection","skip","SharedOnly","skip-other-users","15621462","Ducts","Rectangular Duct","","LEVEL 09","Flanged Long Radius Elbows / Shoe Branch","250x300","250","300","","NWB_DimWidth","250","250","250","SKIP","existing-kept","instance","Shared Parameter","7626175","NWB_DimWidth","String","False","1","1"
"20260801_155722","NWB Dim AutoFill","MECHANICAL DUCTWORK LAYOUT - LEVEL 09","model","selection","skip","SharedOnly","skip-other-users","15621462","Ducts","Rectangular Duct","","LEVEL 09","Flanged Long Radius Elbows / Shoe Branch","250x300","250","300","","NWB_DimHeight","300","300","300","SKIP","existing-kept","instance","Shared Parameter","7626170","NWB_DimHeight","String","False","1","1"
"20260801_155722","NWB Dim AutoFill","MECHANICAL DUCTWORK LAYOUT - LEVEL 09","model","selection","skip","SharedOnly","skip-other-users","15621462","Ducts","Rectangular Duct","","LEVEL 09","Flanged Long Radius Elbows / Shoe Branch","250x300","250","300","","NWB_DimDiameter","","","","SKIP","no parsed value","","","","NWB_DimDiameter","","","",""
"20260801_155722","NWB Dim AutoFill","MECHANICAL DUCTWORK LAYOUT - LEVEL 09","model","selection","skip","SharedOnly","skip-other-users","15621464","Duct Fittings","MHT-ME-DF-Rectangular Short Radius Bend - Flanged","","LEVEL 09","MHT-ME-DF-Rectangular Short Radius Bend - Flanged","300x250-300x250","300","250","","NWB_DimWidth","300","300","300","SKIP","existing-kept","instance","Shared Parameter","7626175","NWB_DimWidth","String","False","2","1"
"20260801_155722","NWB Dim AutoFill","MECHANICAL DUCTWORK LAYOUT - LEVEL 09","model","selection","skip","SharedOnly","skip-other-users","15621464","Duct Fittings","MHT-ME-DF-Rectangular Short Radius Bend - Flanged","","LEVEL 09","MHT-ME-DF-Rectangular Short Radius Bend - Flanged","300x250-300x250","300","250","","NWB_DimHeight","250","250","250","SKIP","existing-kept","instance","Shared Parameter","7626170","NWB_DimHeight","String","False","2","1"
"20260801_155722","NWB Dim AutoFill","MECHANICAL DUCTWORK LAYOUT - LEVEL 09","model","selection","skip","SharedOnly","skip-other-users","15621464","Duct Fittings","MHT-ME-DF-Rectangular Short Radius Bend - Flanged","","LEVEL 09","MHT-ME-DF-Rectangular Short Radius Bend - Flanged","300x250-300x250","300","250","","NWB_DimDiameter","","","","SKIP","no parsed value","","","","NWB_DimDiameter","","","",""
"20260801_155722","NWB Dim AutoFill","MECHANICAL DUCTWORK LAYOUT - LEVEL 09","model","selection","skip","SharedOnly","skip-other-users","15621472","Duct Fittings","MHT-ME-DF-Rectangular Short Radius Bend - Flanged","","LEVEL 09","MHT-ME-DF-Rectangular Short Radius Bend - Flanged","250x300-250x300","250","300","","NWB_DimWidth","250","250","250","SKIP","existing-kept","instance","Shared Parameter","7626175","NWB_DimWidth","String","False","2","1"
"20260801_155722","NWB Dim AutoFill","MECHANICAL DUCTWORK LAYOUT - LEVEL 09","model","selection","skip","SharedOnly","skip-other-users","15621472","Duct Fittings","MHT-ME-DF-Rectangular Short Radius Bend - Flanged","","LEVEL 09","MHT-ME-DF-Rectangular Short Radius Bend - Flanged","250x300-250x300","250","300","","NWB_DimHeight","300","300","300","SKIP","existing-kept","instance","Shared Parameter","7626170","NWB_DimHeight","String","False","2","1"
"20260801_155722","NWB Dim AutoFill","MECHANICAL DUCTWORK LAYOUT - LEVEL 09","model","selection","skip","SharedOnly","skip-other-users","15621472","Duct Fittings","MHT-ME-DF-Rectangular Short Radius Bend - Flanged","","LEVEL 09","MHT-ME-DF-Rectangular Short Radius Bend - Flanged","250x300-250x300","250","300","","NWB_DimDiameter","","","","SKIP","no parsed value","","","","NWB_DimDiameter","","","",""
"20260801_155722","NWB Dim AutoFill","MECHANICAL DUCTWORK LAYOUT - LEVEL 09","model","selection","skip","SharedOnly","skip-other-users","15621474","Duct Fittings","MHT-ME-DF-Rectangular Short Radius Bend - Flanged","","LEVEL 09","MHT-ME-DF-Rectangular Short Radius Bend - Flanged","300x250-300x250","300","250","","NWB_DimWidth","300","300","300","SKIP","existing-kept","instance","Shared Parameter","7626175","NWB_DimWidth","String","False","2","1"
"20260801_155722","NWB Dim AutoFill","MECHANICAL DUCTWORK LAYOUT - LEVEL 09","model","selection","skip","SharedOnly","skip-other-users","15621474","Duct Fittings","MHT-ME-DF-Rectangular Short Radius Bend - Flanged","","LEVEL 09","MHT-ME-DF-Rectangular Short Radius Bend - Flanged","300x250-300x250","300","250","","NWB_DimHeight","250","250","250","SKIP","existing-kept","instance","Shared Parameter","7626170","NWB_DimHeight","String","False","2","1"
"20260801_155722","NWB Dim AutoFill","MECHANICAL DUCTWORK LAYOUT - LEVEL 09","model","selection","skip","SharedOnly","skip-other-users","15621474","Duct Fittings","MHT-ME-DF-Rectangular Short Radius Bend - Flanged","","LEVEL 09","MHT-ME-DF-Rectangular Short Radius Bend - Flanged","300x250-300x250","300","250","","NWB_DimDiameter","","","","SKIP","no parsed value","","","","NWB_DimDiameter","","","",""
"20260801_155722","NWB Dim AutoFill","MECHANICAL DUCTWORK LAYOUT - LEVEL 09","model","selection","skip","SharedOnly","skip-other-users","15621519","Ducts","Rectangular Duct","","LEVEL 09","Flanged Long Radius Elbows / Shoe Branch","250x300","250","300","","NWB_DimWidth","250","250","250","SKIP","existing-kept","instance","Shared Parameter","7626175","NWB_DimWidth","String","False","1","1"
"20260801_155722","NWB Dim AutoFill","MECHANICAL DUCTWORK LAYOUT - LEVEL 09","model","selection","skip","SharedOnly","skip-other-users","15621519","Ducts","Rectangular Duct","","LEVEL 09","Flanged Long Radius Elbows / Shoe Branch","250x300","250","300","","NWB_DimHeight","300","300","300","SKIP","existing-kept","instance","Shared Parameter","7626170","NWB_DimHeight","String","False","1","1"
"20260801_155722","NWB Dim AutoFill","MECHANICAL DUCTWORK LAYOUT - LEVEL 09","model","selection","skip","SharedOnly","skip-other-users","15621519","Ducts","Rectangular Duct","","LEVEL 09","Flanged Long Radius Elbows / Shoe Branch","250x300","250","300","","NWB_DimDiameter","","","","SKIP","no parsed value","","","","NWB_DimDiameter","","","",""
"20260801_155722","NWB Dim AutoFill","MECHANICAL DUCTWORK LAYOUT - LEVEL 09","model","selection","skip","SharedOnly","skip-other-users","15621520","Ducts","Rectangular Duct","","LEVEL 09","Flanged Long Radius Elbows / Shoe Branch","250x300","250","300","","NWB_DimWidth","250","250","250","SKIP","existing-kept","instance","Shared Parameter","7626175","NWB_DimWidth","String","False","1","1"
"20260801_155722","NWB Dim AutoFill","MECHANICAL DUCTWORK LAYOUT - LEVEL 09","model","selection","skip","SharedOnly","skip-other-users","15621520","Ducts","Rectangular Duct","","LEVEL 09","Flanged Long Radius Elbows / Shoe Branch","250x300","250","300","","NWB_DimHeight","300","300","300","SKIP","existing-kept","instance","Shared Parameter","7626170","NWB_DimHeight","String","False","1","1"
"20260801_155722","NWB Dim AutoFill","MECHANICAL DUCTWORK LAYOUT - LEVEL 09","model","selection","skip","SharedOnly","skip-other-users","15621520","Ducts","Rectangular Duct","","LEVEL 09","Flanged Long Radius Elbows / Shoe Branch","250x300","250","300","","NWB_DimDiameter","","","","SKIP","no parsed value","","","","NWB_DimDiameter","","","",""
"20260801_155722","NWB Dim AutoFill","MECHANICAL DUCTWORK LAYOUT - LEVEL 09","model","selection","skip","SharedOnly","skip-other-users","15621522","Duct Fittings","MHT-ME-DF-Rectangular Short Radius Bend - Flanged","","LEVEL 09","MHT-ME-DF-Rectangular Short Radius Bend - Flanged","300x250-300x250","300","250","","NWB_DimWidth","300","300","300","SKIP","existing-kept","instance","Shared Parameter","7626175","NWB_DimWidth","String","False","2","1"
"20260801_155722","NWB Dim AutoFill","MECHANICAL DUCTWORK LAYOUT - LEVEL 09","model","selection","skip","SharedOnly","skip-other-users","15621522","Duct Fittings","MHT-ME-DF-Rectangular Short Radius Bend - Flanged","","LEVEL 09","MHT-ME-DF-Rectangular Short Radius Bend - Flanged","300x250-300x250","300","250","","NWB_DimHeight","250","250","250","SKIP","existing-kept","instance","Shared Parameter","7626170","NWB_DimHeight","String","False","2","1"
"20260801_155722","NWB Dim AutoFill","MECHANICAL DUCTWORK LAYOUT - LEVEL 09","model","selection","skip","SharedOnly","skip-other-users","15621522","Duct Fittings","MHT-ME-DF-Rectangular Short Radius Bend - Flanged","","LEVEL 09","MHT-ME-DF-Rectangular Short Radius Bend - Flanged","300x250-300x250","300","250","","NWB_DimDiameter","","","","SKIP","no parsed value","","","","NWB_DimDiameter","","","",""
"20260801_155722","NWB Dim AutoFill","MECHANICAL DUCTWORK LAYOUT - LEVEL 09","model","selection","skip","SharedOnly","skip-other-users","15621529","Duct Fittings","MHT-ME-DF-Rectangular Short Radius Bend - Flanged","","LEVEL 09","MHT-ME-DF-Rectangular Short Radius Bend - Flanged","250x300-250x300","250","300","","NWB_DimWidth","250","250","250","SKIP","existing-kept","instance","Shared Parameter","7626175","NWB_DimWidth","String","False","2","1"
"20260801_155722","NWB Dim AutoFill","MECHANICAL DUCTWORK LAYOUT - LEVEL 09","model","selection","skip","SharedOnly","skip-other-users","15621529","Duct Fittings","MHT-ME-DF-Rectangular Short Radius Bend - Flanged","","LEVEL 09","MHT-ME-DF-Rectangular Short Radius Bend - Flanged","250x300-250x300","250","300","","NWB_DimHeight","300","300","300","SKIP","existing-kept","instance","Shared Parameter","7626170","NWB_DimHeight","String","False","2","1"
"20260801_155722","NWB Dim AutoFill","MECHANICAL DUCTWORK LAYOUT - LEVEL 09","model","selection","skip","SharedOnly","skip-other-users","15621529","Duct Fittings","MHT-ME-DF-Rectangular Short Radius Bend - Flanged","","LEVEL 09","MHT-ME-DF-Rectangular Short Radius Bend - Flanged","250x300-250x300","250","300","","NWB_DimDiameter","","","","SKIP","no parsed value","","","","NWB_DimDiameter","","","",""
"20260801_155722","NWB Dim AutoFill","MECHANICAL DUCTWORK LAYOUT - LEVEL 09","model","selection","skip","SharedOnly","skip-other-users","15621531","Duct Fittings","MHT-ME-DF-Rectangular Short Radius Bend - Flanged","","LEVEL 09","MHT-ME-DF-Rectangular Short Radius Bend - Flanged","300x250-300x250","300","250","","NWB_DimWidth","300","300","300","SKIP","existing-kept","instance","Shared Parameter","7626175","NWB_DimWidth","String","False","2","1"
"20260801_155722","NWB Dim AutoFill","MECHANICAL DUCTWORK LAYOUT - LEVEL 09","model","selection","skip","SharedOnly","skip-other-users","15621531","Duct Fittings","MHT-ME-DF-Rectangular Short Radius Bend - Flanged","","LEVEL 09","MHT-ME-DF-Rectangular Short Radius Bend - Flanged","300x250-300x250","300","250","","NWB_DimHeight","250","250","250","SKIP","existing-kept","instance","Shared Parameter","7626170","NWB_DimHeight","String","False","2","1"
"20260801_155722","NWB Dim AutoFill","MECHANICAL DUCTWORK LAYOUT - LEVEL 09","model","selection","skip","SharedOnly","skip-other-users","15621531","Duct Fittings","MHT-ME-DF-Rectangular Short Radius Bend - Flanged","","LEVEL 09","MHT-ME-DF-Rectangular Short Radius Bend - Flanged","300x250-300x250","300","250","","NWB_DimDiameter","","","","SKIP","no parsed value","","","","NWB_DimDiameter","","","",""
"20260801_155722","NWB Dim AutoFill","MECHANICAL DUCTWORK LAYOUT - LEVEL 09","model","selection","skip","SharedOnly","skip-other-users","15639084","Duct Fittings","MHT-ME-DF-Rectangular Eccentric Taper - Flanged-01","","LEVEL 09","Standard","275x200-150x275","275","200","","NWB_DimWidth","275","275","275","SKIP","existing-kept","instance","Shared Parameter","7626175","NWB_DimWidth","String","False","2","1"
"20260801_155722","NWB Dim AutoFill","MECHANICAL DUCTWORK LAYOUT - LEVEL 09","model","selection","skip","SharedOnly","skip-other-users","15639084","Duct Fittings","MHT-ME-DF-Rectangular Eccentric Taper - Flanged-01","","LEVEL 09","Standard","275x200-150x275","275","200","","NWB_DimHeight","200","200","200","SKIP","existing-kept","instance","Shared Parameter","7626170","NWB_DimHeight","String","False","2","1"
"20260801_155722","NWB Dim AutoFill","MECHANICAL DUCTWORK LAYOUT - LEVEL 09","model","selection","skip","SharedOnly","skip-other-users","15639084","Duct Fittings","MHT-ME-DF-Rectangular Eccentric Taper - Flanged-01","","LEVEL 09","Standard","275x200-150x275","275","200","","NWB_DimDiameter","","","","SKIP","no parsed value","","","","NWB_DimDiameter","","","",""
"20260801_155722","NWB Dim AutoFill","MECHANICAL DUCTWORK LAYOUT - LEVEL 09","model","selection","skip","SharedOnly","skip-other-users","15639088","Duct Fittings","MHT-ME-DF-Rectangular Eccentric Taper - Flanged-01","","LEVEL 09","Standard","250x275-250x200","250","275","","NWB_DimWidth","250","250","250","SKIP","existing-kept","instance","Shared Parameter","7626175","NWB_DimWidth","String","False","2","1"
"20260801_155722","NWB Dim AutoFill","MECHANICAL DUCTWORK LAYOUT - LEVEL 09","model","selection","skip","SharedOnly","skip-other-users","15639088","Duct Fittings","MHT-ME-DF-Rectangular Eccentric Taper - Flanged-01","","LEVEL 09","Standard","250x275-250x200","250","275","","NWB_DimHeight","275","275","275","SKIP","existing-kept","instance","Shared Parameter","7626170","NWB_DimHeight","String","False","2","1"
"20260801_155722","NWB Dim AutoFill","MECHANICAL DUCTWORK LAYOUT - LEVEL 09","model","selection","skip","SharedOnly","skip-other-users","15639088","Duct Fittings","MHT-ME-DF-Rectangular Eccentric Taper - Flanged-01","","LEVEL 09","Standard","250x275-250x200","250","275","","NWB_DimDiameter","","","","SKIP","no parsed value","","","","NWB_DimDiameter","","","",""
"20260801_155722","NWB Dim AutoFill","MECHANICAL DUCTWORK LAYOUT - LEVEL 09","model","selection","skip","SharedOnly","skip-other-users","15639094","Duct Fittings","MHT-ME-DF-Rectangular Eccentric Taper - Flanged-01","","LEVEL 09","Standard","250x250-200x150","250","250","","NWB_DimWidth","250","250","250","SKIP","existing-kept","instance","Shared Parameter","7626175","NWB_DimWidth","String","False","2","1"
"20260801_155722","NWB Dim AutoFill","MECHANICAL DUCTWORK LAYOUT - LEVEL 09","model","selection","skip","SharedOnly","skip-other-users","15639094","Duct Fittings","MHT-ME-DF-Rectangular Eccentric Taper - Flanged-01","","LEVEL 09","Standard","250x250-200x150","250","250","","NWB_DimHeight","250","250","250","SKIP","existing-kept","instance","Shared Parameter","7626170","NWB_DimHeight","String","False","2","1"
"20260801_155722","NWB Dim AutoFill","MECHANICAL DUCTWORK LAYOUT - LEVEL 09","model","selection","skip","SharedOnly","skip-other-users","15639094","Duct Fittings","MHT-ME-DF-Rectangular Eccentric Taper - Flanged-01","","LEVEL 09","Standard","250x250-200x150","250","250","","NWB_DimDiameter","","","","SKIP","no parsed value","","","","NWB_DimDiameter","","","",""
