START | Tool=NWB Dim AutoFill
START | View=MECHANICAL DUCTWORK LAYOUT - LEVEL 09
START | ViewId=9423012
START | ViewMode=model
START | WriteMode=skip
START | ParameterTargetMode=Both
START | WorksharingMode=skip-other-users
START | ProcessingScope=selection
START | SelectedInputCount=234
START | ExportAudit=True
START | AuditFile=C:\Users\Gino Moreno\AppData\Roaming\pyRevit\Extensions\MHTTools.extension\MEINHARDT.tab\MEP Data.panel\Data Manage.pulldown\NWB Dim AutoFill.pushbutton\logs\NWB_Dim_AutoFill_20260801_161107_audit.csv
READY | Elements=234 | Log=C:\Users\Gino Moreno\AppData\Roaming\pyRevit\Extensions\MHTTools.extension\MEINHARDT.tab\MEP Data.panel\Data Manage.pulldown\NWB Dim AutoFill.pushbutton\logs\NWB_Dim_AutoFill_20260801_161107.log
READY | CategoryBreakdown=Air Terminals=23; Duct Accessories=10; Duct Fittings=110; Ducts=72; Flex Ducts=12; Mechanical Equipment=7
READY | EligibleElementIds=13053444, 13053445, 13053446, 13053451, 13053453, 13053454, 13053455, 13053456, 13053457, 13053468, 13053475, 13053476, 13053478, 13053479, 13053489, 13054542, 13054839, 13054927, 13054928, 13054929, 13054931, 13054933, 13054934, 13054935, 13054936, 13054937, 13054941, 13054955, 13054957, 13055017, 13055025, 13055028, 13055291, 13055299, 13055375, 13055379, 13055386, 13055389, 13055537, 13055646, 13055823, 13056253, 13056255, 13056530, 13056753, 13058696, 13060677, 13061680, 13064734, 13075924, 13293508, 13293511, 13293512, 13293515, 13293516, 13293518, 13382594, 13382595, 13382601, 13382602, 13382609, 13561571, 13561587, 13561592, 13561596, 13561603, 13561604, 13561605, 13561615, 13645556, 13645563, 13645565, 13645572, 13761176, 13768125, 13768128, 13768142, 13770037, 13770043, 13770114, 13770356, 13770358, 13770473, 13770483, 13770484, 13770491, 13773200, 13773202, 13773204, 13773206, 13773211, 13773213, 13773216, 14668084, 14670915, 14685772, 14685827, 14702762, 14846845, 14846948, 14848117, 14848126, 14848128, 14848153, 14848614, 14848634, 14849564, 14855358, 14855361, 14855362, 14855364, 14855366, 14855368, 14855369, 14855372, 14855375, 14855377, 14855380, 14855388, 14855390, 14855394, 14855399, 14855402, 14855404, 14855406, 14855408, 14855412, 14855413, 14855414, 14855415, 14855417, 14855418, 14855422, 14855424, 14855439, 14855440, 14855442, 14855453, 14855457, 14855461, 14855462, 14855465, 14855467, 14855469, 14855471, 14855473, 14855482, 14855493, 14855500, 14855505, 14855514, 14859407, 14866049, 14866500, 14916749, 14924704, 14924705, 14924707, 14928800, 14928802, 14928811, 14928813, 14997729, 14997751, 14997753, 14997755, 15255774, 15255778, 15255789, 15255798, 15256316, 15267728, 15267729, 15267730, 15267732, 15267734, 15267735, 15267736, 15267737, 15267738, 15267739, 15267740, 15267742, 15267744, 15267745, 15267746, 15267748, 15267750, 15267751, 15267752, 15267753, 15267754, 15267755, 15267756, 15267758, 15267759, 15267760, 15267761, 15267765, 15267766 ... (+34 more)
INFO | Candidate: NWB_DimWidth | Scope=instance | Storage=String | ReadOnly=False | Shared=True | Id=7626175
INFO | Element 13053444 | NWB_DimWidth | Kind=Shared Parameter | Scope=instance | Storage=String | Old='' | New='600'
INFO | Candidate: NWB_DimHeight | Scope=instance | Storage=String | ReadOnly=False | Shared=True | Id=7626170
INFO | Element 13053444 | NWB_DimHeight | Kind=Shared Parameter | Scope=instance | Storage=String | Old='' | New='350'
INFO | Candidate: NWB_DimDiameter | Scope=instance | Storage=String | ReadOnly=False | Shared=True | Id=7626172
SOURCE | Element 13053444 | Cat=Air Terminals | Family=MHT_AT_S Air Diff Swirl | Type= | Level=LEVEL 09 | Name=No Damper | System=Supply Air | SizeText=600x350 | Width=600 | Height=350 | Diameter=250
ELEMENT | 13053444 | Size='600x350' | Width='600' | Height='350' | Diameter='250' | Statuses=NWB_DimWidth:OK; NWB_DimHeight:OK; NWB_DimDiameter:SKIP
SKIP | Element 13053445 | Size empty | Cat=Mechanical Equipment | Family=MHT_ME_FCU-IMD_Standard Profile1 | Type= | Level=LEVEL 09 | Name=IMD 95 (450 L/s) 2
INFO | Candidate: NWB_DimWidth | Scope=instance | Storage=String | ReadOnly=False | Shared=True | Id=7626175
INFO | Candidate: NWB_DimHeight | Scope=instance | Storage=String | ReadOnly=False | Shared=True | Id=7626170
SOURCE | Element 13053446 | Cat=Ducts | Family=Rectangular Duct | Type= | Level=LEVEL 09 | Name=Flanged Long Radius Elbows / Shoe Branch | System=Supply Air | SizeText=400x300 | Width=400 | Height=300 | Diameter=
ELEMENT | 13053446 | Size='400x300' | Width='400' | Height='300' | Diameter='' | Statuses=NWB_DimWidth:SKIP; NWB_DimHeight:SKIP; NWB_DimDiameter:SKIP
INFO | Candidate: NWB_DimWidth | Scope=instance | Storage=String | ReadOnly=False | Shared=True | Id=7626175
INFO | Candidate: NWB_DimHeight | Scope=instance | Storage=String | ReadOnly=False | Shared=True | Id=7626170
SOURCE | Element 13053451 | Cat=Duct Fittings | Family=MHT-ME-DF-Square Cap-BMA | Type= | Level=LEVEL 09 | Name=Standard | System=Supply Air | SizeText=400x300 | Width=400 | Height=300 | Diameter=
ELEMENT | 13053451 | Size='400x300' | Width='400' | Height='300' | Diameter='' | Statuses=NWB_DimWidth:SKIP; NWB_DimHeight:SKIP; NWB_DimDiameter:SKIP
INFO | Candidate: NWB_DimWidth | Scope=instance | Storage=String | ReadOnly=False | Shared=True | Id=7626175
INFO | Candidate: NWB_DimHeight | Scope=instance | Storage=String | ReadOnly=False | Shared=True | Id=7626170
SOURCE | Element 13053453 | Cat=Duct Fittings | Family=Plenum Box with Filter-R1 | Type= | Level=LEVEL 09 | Name=Plenum Box with Filter | System=Return Air | SizeText=720x310-800x150-600x150-600x150 | Width=720 | Height=310 | Diameter=
ELEMENT | 13053453 | Size='720x310-800x150-600x150-600x150' | Width='720' | Height='310' | Diameter='' | Statuses=NWB_DimWidth:SKIP; NWB_DimHeight:SKIP; NWB_DimDiameter:SKIP
INFO | Candidate: NWB_DimWidth | Scope=instance | Storage=String | ReadOnly=False | Shared=True | Id=7626175
INFO | Candidate: NWB_DimHeight | Scope=instance | Storage=String | ReadOnly=False | Shared=True | Id=7626170
SOURCE | Element 13053454 | Cat=Duct Accessories | Family=VOLUME CONTROL DAMPER SQUARE | Type= | Level=LEVEL 09 | Name=VOLUME CONTROL DAMPER - VCD | System=Return Air | SizeText=400x250-400x250 | Width=400 | Height=250 | Diameter=
ELEMENT | 13053454 | Size='400x250-400x250' | Width='400' | Height='250' | Diameter='' | Statuses=NWB_DimWidth:SKIP; NWB_DimHeight:SKIP; NWB_DimDiameter:SKIP
INFO | Candidate: NWB_DimWidth | Scope=instance | Storage=String | ReadOnly=False | Shared=True | Id=7626175
INFO | Candidate: NWB_DimHeight | Scope=instance | Storage=String | ReadOnly=False | Shared=True | Id=7626170
SOURCE | Element 13053455 | Cat=Duct Fittings | Family=M_Rectangular_Transition_Angle | Type= | Level=LEVEL 09 | Name=Transition | System=Return Air | SizeText=800x150-400x250 | Width=800 | Height=150 | Diameter=
ELEMENT | 13053455 | Size='800x150-400x250' | Width='800' | Height='150' | Diameter='' | Statuses=NWB_DimWidth:SKIP; NWB_DimHeight:SKIP; NWB_DimDiameter:SKIP
INFO | Candidate: NWB_DimWidth | Scope=instance | Storage=String | ReadOnly=False | Shared=True | Id=7626175
INFO | Candidate: NWB_DimHeight | Scope=instance | Storage=String | ReadOnly=False | Shared=True | Id=7626170
SOURCE | Element 13053456 | Cat=Duct Fittings | Family=M_Rectangular_Transition_Angle | Type= | Level=LEVEL 09 | Name=Transition | System=Return Air | SizeText=800x150-400x250 | Width=800 | Height=150 | Diameter=
ELEMENT | 13053456 | Size='800x150-400x250' | Width='800' | Height='150' | Diameter='' | Statuses=NWB_DimWidth:SKIP; NWB_DimHeight:SKIP; NWB_DimDiameter:SKIP
INFO | Candidate: NWB_DimWidth | Scope=instance | Storage=String | ReadOnly=False | Shared=True | Id=7626175
INFO | Candidate: NWB_DimHeight | Scope=instance | Storage=String | ReadOnly=False | Shared=True | Id=7626170
SOURCE | Element 13053457 | Cat=Duct Accessories | Family=VOLUME CONTROL DAMPER SQUARE | Type= | Level=LEVEL 09 | Name=VOLUME CONTROL DAMPER_SQUARE MOTOR - BLADE | System=Supply Air | SizeText=250x200-250x200 | Width=250 | Height=200 | Diameter=
ELEMENT | 13053457 | Size='250x200-250x200' | Width='250' | Height='200' | Diameter='' | Statuses=NWB_DimWidth:SKIP; NWB_DimHeight:SKIP; NWB_DimDiameter:SKIP
SKIP | Element 13053468 | Worksharing | instance owned by Jeffrey.Lumen
INFO | Candidate: NWB_DimWidth | Scope=instance | Storage=String | ReadOnly=False | Shared=True | Id=7626175
INFO | Candidate: NWB_DimHeight | Scope=instance | Storage=String | ReadOnly=False | Shared=True | Id=7626170
SOURCE | Element 13053475 | Cat=Ducts | Family=Rectangular Duct | Type= | Level=LEVEL 09 | Name=Flanged Long Radius Elbows / Shoe Branch | System=Return Air | SizeText=1000x500 | Width=1000 | Height=500 | Diameter=
ELEMENT | 13053475 | Size='1000x500' | Width='1000' | Height='500' | Diameter='' | Statuses=NWB_DimWidth:SKIP; NWB_DimHeight:SKIP; NWB_DimDiameter:SKIP
INFO | Candidate: NWB_DimWidth | Scope=instance | Storage=String | ReadOnly=False | Shared=True | Id=7626175
INFO | Candidate: NWB_DimHeight | Scope=instance | Storage=String | ReadOnly=False | Shared=True | Id=7626170
INFO | Candidate: NWB_DimDiameter | Scope=instance | Storage=String | ReadOnly=False | Shared=True | Id=7626172
INFO | Element 13053476 | NWB_DimDiameter | Kind=Shared Parameter | Scope=instance | Storage=String | Old='' | New='0'
SOURCE | Element 13053476 | Cat=Air Terminals | Family=MHT-ME-AT-RELIEF AIR LOUVRE | Type= | Level=LEVEL 09 | Name=RELIEF AIR LOUVER | System=Return Air | SizeText=0x500 | Width=0 | Height=500 | Diameter=0
ELEMENT | 13053476 | Size='0x500' | Width='0' | Height='500' | Diameter='0' | Statuses=NWB_DimWidth:SKIP; NWB_DimHeight:SKIP; NWB_DimDiameter:OK
SKIP | Element 13053478 | Worksharing | instance owned by Jeffrey.Lumen
INFO | Candidate: NWB_DimWidth | Scope=instance | Storage=Double | ReadOnly=False | Shared=True | Id=3045165
INFO | Candidate: NWB_DimWidth | Scope=instance | Storage=String | ReadOnly=False | Shared=True | Id=7626175
INFO | Found 2 parameters named NWB_DimWidth
INFO | SELECTED | Shared Parameter | Scope=instance | ReadOnly=False | Id=7626175
INFO | SELECTED | Shared Parameter | Scope=instance | ReadOnly=False | Id=3045165
INFO | Candidate: NWB_DimHeight | Scope=instance | Storage=Double | ReadOnly=False | Shared=True | Id=3045163
INFO | Candidate: NWB_DimHeight | Scope=instance | Storage=String | ReadOnly=False | Shared=True | Id=7626170
INFO | Found 2 parameters named NWB_DimHeight
INFO | SELECTED | Shared Parameter | Scope=instance | ReadOnly=False | Id=7626170
INFO | SELECTED | Shared Parameter | Scope=instance | ReadOnly=False | Id=3045163
SOURCE | Element 13053479 | Cat=Duct Fittings | Family=MHT-ME-DF-Rectangular Short Radius Bend - Flanged | Type= | Level=LEVEL 09 | Name=MHT-ME-DF-Rectangular Short Radius Bend - Flanged | System=Return Air | SizeText=400x250-400x250 | Width=400 | Height=250 | Diameter=
ELEMENT | 13053479 | Size='400x250-400x250' | Width='400' | Height='250' | Diameter='' | Statuses=NWB_DimWidth:SKIP; NWB_DimHeight:SKIP; NWB_DimDiameter:SKIP
INFO | Candidate: NWB_DimWidth | Scope=instance | Storage=String | ReadOnly=False | Shared=True | Id=7626175
INFO | Candidate: NWB_DimHeight | Scope=instance | Storage=String | ReadOnly=False | Shared=True | Id=7626170
SOURCE | Element 13053489 | Cat=Duct Fittings | Family=M_Rectangular_Transition_Angle | Type= | Level=LEVEL 09 | Name=Transition | System=Return Air | SizeText=600x150-250x200 | Width=600 | Height=150 | Diameter=
ELEMENT | 13053489 | Size='600x150-250x200' | Width='600' | Height='150' | Diameter='' | Statuses=NWB_DimWidth:SKIP; NWB_DimHeight:SKIP; NWB_DimDiameter:SKIP
INFO | Candidate: NWB_DimDiameter | Scope=instance | Storage=String | ReadOnly=False | Shared=True | Id=7626172
INFO | Element 13054542 | NWB_DimDiameter | Kind=Shared Parameter | Scope=instance | Storage=String | Old='' | New='250'
SOURCE | Element 13054542 | Cat=Flex Ducts | Family=Flex Duct Round | Type= | Level=LEVEL 09 | Name=Flex - Round | System=Supply Air | SizeText=250 mmø | Width= | Height= | Diameter=250
ELEMENT | 13054542 | Size='250 mmø' | Width='' | Height='' | Diameter='250' | Statuses=NWB_DimWidth:SKIP; NWB_DimHeight:SKIP; NWB_DimDiameter:OK
INFO | Candidate: NWB_DimWidth | Scope=instance | Storage=String | ReadOnly=False | Shared=True | Id=7626175
INFO | Candidate: NWB_DimHeight | Scope=instance | Storage=String | ReadOnly=False | Shared=True | Id=7626170
SOURCE | Element 13054839 | Cat=Ducts | Family=Rectangular Duct | Type= | Level=LEVEL 09 | Name=Flanged Long Radius Elbows / Shoe Branch | System=Supply Air | SizeText=250x200 | Width=250 | Height=200 | Diameter=
ELEMENT | 13054839 | Size='250x200' | Width='250' | Height='200' | Diameter='' | Statuses=NWB_DimWidth:SKIP; NWB_DimHeight:SKIP; NWB_DimDiameter:SKIP
INFO | Candidate: NWB_DimWidth | Scope=instance | Storage=String | ReadOnly=False | Shared=True | Id=7626175
INFO | Element 13054927 | NWB_DimWidth | Kind=Shared Parameter | Scope=instance | Storage=String | Old='' | New='600'
INFO | Candidate: NWB_DimHeight | Scope=instance | Storage=String | ReadOnly=False | Shared=True | Id=7626170
INFO | Element 13054927 | NWB_DimHeight | Kind=Shared Parameter | Scope=instance | Storage=String | Old='' | New='350'
INFO | Candidate: NWB_DimDiameter | Scope=instance | Storage=String | ReadOnly=False | Shared=True | Id=7626172
SOURCE | Element 13054927 | Cat=Air Terminals | Family=MHT_AT_S Air Diff Swirl | Type= | Level=LEVEL 09 | Name=No Damper | System=Supply Air | SizeText=600x350 | Width=600 | Height=350 | Diameter=250
ELEMENT | 13054927 | Size='600x350' | Width='600' | Height='350' | Diameter='250' | Statuses=NWB_DimWidth:OK; NWB_DimHeight:OK; NWB_DimDiameter:SKIP
SKIP | Element 13054928 | Size empty | Cat=Mechanical Equipment | Family=MHT_ME_FCU-IMD_Standard Profile1 | Type= | Level=LEVEL 09 | Name=IMD 95 (450 L/s) 2
INFO | Candidate: NWB_DimWidth | Scope=instance | Storage=String | ReadOnly=False | Shared=True | Id=7626175
INFO | Candidate: NWB_DimHeight | Scope=instance | Storage=String | ReadOnly=False | Shared=True | Id=7626170
SOURCE | Element 13054929 | Cat=Ducts | Family=Rectangular Duct | Type= | Level=LEVEL 09 | Name=Flanged Long Radius Elbows / Shoe Branch | System=Supply Air | SizeText=400x300 | Width=400 | Height=300 | Diameter=
ELEMENT | 13054929 | Size='400x300' | Width='400' | Height='300' | Diameter='' | Statuses=NWB_DimWidth:SKIP; NWB_DimHeight:SKIP; NWB_DimDiameter:SKIP
INFO | Candidate: NWB_DimWidth | Scope=instance | Storage=String | ReadOnly=False | Shared=True | Id=7626175
INFO | Candidate: NWB_DimHeight | Scope=instance | Storage=String | ReadOnly=False | Shared=True | Id=7626170
SOURCE | Element 13054931 | Cat=Duct Fittings | Family=MHT-ME-DF-Square Cap-BMA | Type= | Level=LEVEL 09 | Name=Standard | System=Supply Air | SizeText=400x300 | Width=400 | Height=300 | Diameter=
ELEMENT | 13054931 | Size='400x300' | Width='400' | Height='300' | Diameter='' | Statuses=NWB_DimWidth:SKIP; NWB_DimHeight:SKIP; NWB_DimDiameter:SKIP
INFO | Candidate: NWB_DimWidth | Scope=instance | Storage=String | ReadOnly=False | Shared=True | Id=7626175
INFO | Candidate: NWB_DimHeight | Scope=instance | Storage=String | ReadOnly=False | Shared=True | Id=7626170
SOURCE | Element 13054933 | Cat=Duct Fittings | Family=Plenum Box with Filter-R1 | Type= | Level=LEVEL 09 | Name=Plenum Box with Filter | System=Return Air | SizeText=720x310-800x150-600x150-600x150 | Width=720 | Height=310 | Diameter=
ELEMENT | 13054933 | Size='720x310-800x150-600x150-600x150' | Width='720' | Height='310' | Diameter='' | Statuses=NWB_DimWidth:SKIP; NWB_DimHeight:SKIP; NWB_DimDiameter:SKIP
INFO | Candidate: NWB_DimWidth | Scope=instance | Storage=String | ReadOnly=False | Shared=True | Id=7626175
INFO | Candidate: NWB_DimHeight | Scope=instance | Storage=String | ReadOnly=False | Shared=True | Id=7626170
SOURCE | Element 13054934 | Cat=Duct Accessories | Family=VOLUME CONTROL DAMPER SQUARE | Type= | Level=LEVEL 09 | Name=VOLUME CONTROL DAMPER - VCD | System=Return Air | SizeText=400x250-400x250 | Width=400 | Height=250 | Diameter=
ELEMENT | 13054934 | Size='400x250-400x250' | Width='400' | Height='250' | Diameter='' | Statuses=NWB_DimWidth:SKIP; NWB_DimHeight:SKIP; NWB_DimDiameter:SKIP
INFO | Candidate: NWB_DimWidth | Scope=instance | Storage=String | ReadOnly=False | Shared=True | Id=7626175
INFO | Candidate: NWB_DimHeight | Scope=instance | Storage=String | ReadOnly=False | Shared=True | Id=7626170
SOURCE | Element 13054935 | Cat=Duct Fittings | Family=M_Rectangular_Transition_Angle | Type= | Level=LEVEL 09 | Name=Transition | System=Return Air | SizeText=800x150-400x250 | Width=800 | Height=150 | Diameter=
ELEMENT | 13054935 | Size='800x150-400x250' | Width='800' | Height='150' | Diameter='' | Statuses=NWB_DimWidth:SKIP; NWB_DimHeight:SKIP; NWB_DimDiameter:SKIP
INFO | Candidate: NWB_DimWidth | Scope=instance | Storage=String | ReadOnly=False | Shared=True | Id=7626175
INFO | Candidate: NWB_DimHeight | Scope=instance | Storage=String | ReadOnly=False | Shared=True | Id=7626170
SOURCE | Element 13054936 | Cat=Duct Fittings | Family=M_Rectangular_Transition_Angle | Type= | Level=LEVEL 09 | Name=Transition | System=Return Air | SizeText=800x150-400x250 | Width=800 | Height=150 | Diameter=
ELEMENT | 13054936 | Size='800x150-400x250' | Width='800' | Height='150' | Diameter='' | Statuses=NWB_DimWidth:SKIP; NWB_DimHeight:SKIP; NWB_DimDiameter:SKIP
INFO | Candidate: NWB_DimWidth | Scope=instance | Storage=String | ReadOnly=False | Shared=True | Id=7626175
INFO | Candidate: NWB_DimHeight | Scope=instance | Storage=String | ReadOnly=False | Shared=True | Id=7626170
SOURCE | Element 13054937 | Cat=Duct Accessories | Family=VOLUME CONTROL DAMPER SQUARE | Type= | Level=LEVEL 09 | Name=VOLUME CONTROL DAMPER_SQUARE MOTOR - BLADE | System=Supply Air | SizeText=250x200-250x200 | Width=250 | Height=200 | Diameter=
ELEMENT | 13054937 | Size='250x200-250x200' | Width='250' | Height='200' | Diameter='' | Statuses=NWB_DimWidth:SKIP; NWB_DimHeight:SKIP; NWB_DimDiameter:SKIP
INFO | Candidate: NWB_DimWidth | Scope=instance | Storage=String | ReadOnly=False | Shared=True | Id=7626175
INFO | Candidate: NWB_DimHeight | Scope=instance | Storage=String | ReadOnly=False | Shared=True | Id=7626170
SOURCE | Element 13054941 | Cat=Duct Fittings | Family=M_Rectangular_Transition_Angle | Type= | Level=LEVEL 09 | Name=Transition | System=Return Air | SizeText=600x150-250x200 | Width=600 | Height=150 | Diameter=
ELEMENT | 13054941 | Size='600x150-250x200' | Width='600' | Height='150' | Diameter='' | Statuses=NWB_DimWidth:SKIP; NWB_DimHeight:SKIP; NWB_DimDiameter:SKIP
INFO | Candidate: NWB_DimDiameter | Scope=instance | Storage=String | ReadOnly=False | Shared=True | Id=7626172
INFO | Element 13054955 | NWB_DimDiameter | Kind=Shared Parameter | Scope=instance | Storage=String | Old='' | New='250'
SOURCE | Element 13054955 | Cat=Flex Ducts | Family=Flex Duct Round | Type= | Level=LEVEL 09 | Name=Flex - Round | System=Supply Air | SizeText=250 mmø | Width= | Height= | Diameter=250
ELEMENT | 13054955 | Size='250 mmø' | Width='' | Height='' | Diameter='250' | Statuses=NWB_DimWidth:SKIP; NWB_DimHeight:SKIP; NWB_DimDiameter:OK
INFO | Candidate: NWB_DimWidth | Scope=instance | Storage=String | ReadOnly=False | Shared=True | Id=7626175
INFO | Candidate: NWB_DimHeight | Scope=instance | Storage=String | ReadOnly=False | Shared=True | Id=7626170
SOURCE | Element 13054957 | Cat=Ducts | Family=Rectangular Duct | Type= | Level=LEVEL 09 | Name=Flanged Long Radius Elbows / Shoe Branch | System=Supply Air | SizeText=250x200 | Width=250 | Height=200 | Diameter=
ELEMENT | 13054957 | Size='250x200' | Width='250' | Height='200' | Diameter='' | Statuses=NWB_DimWidth:SKIP; NWB_DimHeight:SKIP; NWB_DimDiameter:SKIP
INFO | Candidate: NWB_DimWidth | Scope=instance | Storage=String | ReadOnly=False | Shared=True | Id=7626175
INFO | Candidate: NWB_DimHeight | Scope=instance | Storage=String | ReadOnly=False | Shared=True | Id=7626170
SOURCE | Element 13055017 | Cat=Ducts | Family=Rectangular Duct | Type= | Level=LEVEL 09 | Name=Flanged Long Radius Elbows / Shoe Branch | System=Supply Air | SizeText=250x200 | Width=250 | Height=200 | Diameter=
ELEMENT | 13055017 | Size='250x200' | Width='250' | Height='200' | Diameter='' | Statuses=NWB_DimWidth:SKIP; NWB_DimHeight:SKIP; NWB_DimDiameter:SKIP
INFO | Candidate: NWB_DimWidth | Scope=instance | Storage=Double | ReadOnly=False | Shared=True | Id=3045165
INFO | Candidate: NWB_DimWidth | Scope=instance | Storage=String | ReadOnly=False | Shared=True | Id=7626175
INFO | Found 2 parameters named NWB_DimWidth
INFO | SELECTED | Shared Parameter | Scope=instance | ReadOnly=False | Id=7626175
INFO | SELECTED | Shared Parameter | Scope=instance | ReadOnly=False | Id=3045165
INFO | Candidate: NWB_DimHeight | Scope=instance | Storage=Double | ReadOnly=False | Shared=True | Id=3045163
INFO | Candidate: NWB_DimHeight | Scope=instance | Storage=String | ReadOnly=False | Shared=True | Id=7626170
INFO | Found 2 parameters named NWB_DimHeight
INFO | SELECTED | Shared Parameter | Scope=instance | ReadOnly=False | Id=7626170
INFO | SELECTED | Shared Parameter | Scope=instance | ReadOnly=False | Id=3045163
SOURCE | Element 13055025 | Cat=Duct Fittings | Family=MHT-ME-DF-Rectangular Short Radius Bend - Flanged | Type= | Level=LEVEL 09 | Name=MHT-ME-DF-Rectangular Short Radius Bend - Flanged | System=Supply Air | SizeText=200x250-200x250 | Width=200 | Height=250 | Diameter=
ELEMENT | 13055025 | Size='200x250-200x250' | Width='200' | Height='250' | Diameter='' | Statuses=NWB_DimWidth:SKIP; NWB_DimHeight:SKIP; NWB_DimDiameter:SKIP
INFO | Candidate: NWB_DimWidth | Scope=instance | Storage=String | ReadOnly=False | Shared=True | Id=7626175
INFO | Candidate: NWB_DimHeight | Scope=instance | Storage=String | ReadOnly=False | Shared=True | Id=7626170
SOURCE | Element 13055028 | Cat=Ducts | Family=Rectangular Duct | Type= | Level=LEVEL 09 | Name=Flanged Long Radius Elbows / Shoe Branch | System=Supply Air | SizeText=250x200 | Width=250 | Height=200 | Diameter=
ELEMENT | 13055028 | Size='250x200' | Width='250' | Height='200' | Diameter='' | Statuses=NWB_DimWidth:SKIP; NWB_DimHeight:SKIP; NWB_DimDiameter:SKIP
INFO | Candidate: NWB_DimWidth | Scope=instance | Storage=String | ReadOnly=False | Shared=True | Id=7626175
INFO | Candidate: NWB_DimHeight | Scope=instance | Storage=String | ReadOnly=False | Shared=True | Id=7626170
SOURCE | Element 13055291 | Cat=Ducts | Family=Rectangular Duct | Type= | Level=LEVEL 09 | Name=Flanged Long Radius Elbows / Shoe Branch | System=Supply Air | SizeText=250x200 | Width=250 | Height=200 | Diameter=
ELEMENT | 13055291 | Size='250x200' | Width='250' | Height='200' | Diameter='' | Statuses=NWB_DimWidth:SKIP; NWB_DimHeight:SKIP; NWB_DimDiameter:SKIP
INFO | Candidate: NWB_DimWidth | Scope=instance | Storage=String | ReadOnly=False | Shared=True | Id=7626175
INFO | Candidate: NWB_DimHeight | Scope=instance | Storage=String | ReadOnly=False | Shared=True | Id=7626170
SOURCE | Element 13055299 | Cat=Ducts | Family=Rectangular Duct | Type= | Level=LEVEL 09 | Name=Flanged Long Radius Elbows / Shoe Branch | System=Supply Air | SizeText=250x200 | Width=250 | Height=200 | Diameter=
ELEMENT | 13055299 | Size='250x200' | Width='250' | Height='200' | Diameter='' | Statuses=NWB_DimWidth:SKIP; NWB_DimHeight:SKIP; NWB_DimDiameter:SKIP
INFO | Candidate: NWB_DimWidth | Scope=instance | Storage=Double | ReadOnly=False | Shared=True | Id=3045165
INFO | Candidate: NWB_DimWidth | Scope=instance | Storage=String | ReadOnly=False | Shared=True | Id=7626175
INFO | Found 2 parameters named NWB_DimWidth
INFO | SELECTED | Shared Parameter | Scope=instance | ReadOnly=False | Id=7626175
INFO | SELECTED | Shared Parameter | Scope=instance | ReadOnly=False | Id=3045165
INFO | Candidate: NWB_DimHeight | Scope=instance | Storage=Double | ReadOnly=False | Shared=True | Id=3045163
INFO | Candidate: NWB_DimHeight | Scope=instance | Storage=String | ReadOnly=False | Shared=True | Id=7626170
INFO | Found 2 parameters named NWB_DimHeight
INFO | SELECTED | Shared Parameter | Scope=instance | ReadOnly=False | Id=7626170
INFO | SELECTED | Shared Parameter | Scope=instance | ReadOnly=False | Id=3045163
SOURCE | Element 13055375 | Cat=Duct Fittings | Family=MHT-ME-DF-Rectangular Short Radius Bend - Flanged | Type= | Level=LEVEL 09 | Name=MHT-ME-DF-Rectangular Short Radius Bend - Flanged | System=Supply Air | SizeText=200x250-200x250 | Width=200 | Height=250 | Diameter=
ELEMENT | 13055375 | Size='200x250-200x250' | Width='200' | Height='250' | Diameter='' | Statuses=NWB_DimWidth:SKIP; NWB_DimHeight:SKIP; NWB_DimDiameter:SKIP
INFO | Candidate: NWB_DimWidth | Scope=instance | Storage=String | ReadOnly=False | Shared=True | Id=7626175
INFO | Candidate: NWB_DimHeight | Scope=instance | Storage=String | ReadOnly=False | Shared=True | Id=7626170
SOURCE | Element 13055379 | Cat=Ducts | Family=Rectangular Duct | Type= | Level=LEVEL 09 | Name=Flanged Long Radius Elbows / Shoe Branch | System=Supply Air | SizeText=250x200 | Width=250 | Height=200 | Diameter=
ELEMENT | 13055379 | Size='250x200' | Width='250' | Height='200' | Diameter='' | Statuses=NWB_DimWidth:SKIP; NWB_DimHeight:SKIP; NWB_DimDiameter:SKIP
INFO | Candidate: NWB_DimWidth | Scope=instance | Storage=Double | ReadOnly=False | Shared=True | Id=3045165
INFO | Candidate: NWB_DimWidth | Scope=instance | Storage=String | ReadOnly=False | Shared=True | Id=7626175
INFO | Found 2 parameters named NWB_DimWidth
INFO | SELECTED | Shared Parameter | Scope=instance | ReadOnly=False | Id=7626175
INFO | SELECTED | Shared Parameter | Scope=instance | ReadOnly=False | Id=3045165
INFO | Candidate: NWB_DimHeight | Scope=instance | Storage=Double | ReadOnly=False | Shared=True | Id=3045163
INFO | Candidate: NWB_DimHeight | Scope=instance | Storage=String | ReadOnly=False | Shared=True | Id=7626170
INFO | Found 2 parameters named NWB_DimHeight
INFO | SELECTED | Shared Parameter | Scope=instance | ReadOnly=False | Id=7626170
INFO | SELECTED | Shared Parameter | Scope=instance | ReadOnly=False | Id=3045163
SOURCE | Element 13055386 | Cat=Duct Fittings | Family=MHT-ME-DF-Rectangular Short Radius Bend - Flanged | Type= | Level=LEVEL 09 | Name=MHT-ME-DF-Rectangular Short Radius Bend - Flanged | System=Supply Air | SizeText=200x250-200x250 | Width=200 | Height=250 | Diameter=
ELEMENT | 13055386 | Size='200x250-200x250' | Width='200' | Height='250' | Diameter='' | Statuses=NWB_DimWidth:SKIP; NWB_DimHeight:SKIP; NWB_DimDiameter:SKIP
INFO | Candidate: NWB_DimWidth | Scope=instance | Storage=String | ReadOnly=False | Shared=True | Id=7626175
INFO | Candidate: NWB_DimHeight | Scope=instance | Storage=String | ReadOnly=False | Shared=True | Id=7626170
SOURCE | Element 13055389 | Cat=Ducts | Family=Rectangular Duct | Type= | Level=LEVEL 09 | Name=Flanged Long Radius Elbows / Shoe Branch | System=Supply Air | SizeText=250x200 | Width=250 | Height=200 | Diameter=
ELEMENT | 13055389 | Size='250x200' | Width='250' | Height='200' | Diameter='' | Statuses=NWB_DimWidth:SKIP; NWB_DimHeight:SKIP; NWB_DimDiameter:SKIP
INFO | Candidate: NWB_DimWidth | Scope=instance | Storage=String | ReadOnly=False | Shared=True | Id=7626175
INFO | Candidate: NWB_DimHeight | Scope=instance | Storage=String | ReadOnly=False | Shared=True | Id=7626170
SOURCE | Element 13055537 | Cat=Ducts | Family=Rectangular Duct | Type= | Level=LEVEL 09 | Name=Flanged Long Radius Elbows / Shoe Branch | System=Supply Air | SizeText=1000x500 | Width=1000 | Height=500 | Diameter=
ELEMENT | 13055537 | Size='1000x500' | Width='1000' | Height='500' | Diameter='' | Statuses=NWB_DimWidth:SKIP; NWB_DimHeight:SKIP; NWB_DimDiameter:SKIP
INFO | Candidate: NWB_DimWidth | Scope=instance | Storage=String | ReadOnly=False | Shared=True | Id=7626175
INFO | Candidate: NWB_DimHeight | Scope=instance | Storage=String | ReadOnly=False | Shared=True | Id=7626170
INFO | Candidate: NWB_DimDiameter | Scope=instance | Storage=String | ReadOnly=False | Shared=True | Id=7626172
INFO | Element 13055646 | NWB_DimDiameter | Kind=Shared Parameter | Scope=instance | Storage=String | Old='' | New='0'
SOURCE | Element 13055646 | Cat=Air Terminals | Family=AIR_LOUVER_N | Type= | Level=LEVEL 09 | Name=FRESH AIR LOUVER | System=Supply Air | SizeText=0x500 | Width=0 | Height=500 | Diameter=0
ELEMENT | 13055646 | Size='0x500' | Width='0' | Height='500' | Diameter='0' | Statuses=NWB_DimWidth:SKIP; NWB_DimHeight:SKIP; NWB_DimDiameter:OK
INFO | Candidate: NWB_DimWidth | Scope=instance | Storage=String | ReadOnly=False | Shared=True | Id=7626175
INFO | Candidate: NWB_DimHeight | Scope=instance | Storage=String | ReadOnly=False | Shared=True | Id=7626170
SOURCE | Element 13055823 | Cat=Ducts | Family=Rectangular Duct | Type= | Level=LEVEL 09 | Name=Flanged Long Radius Elbows / Shoe Branch | System=Return Air | SizeText=400x300 | Width=400 | Height=300 | Diameter=
ELEMENT | 13055823 | Size='400x300' | Width='400' | Height='300' | Diameter='' | Statuses=NWB_DimWidth:SKIP; NWB_DimHeight:SKIP; NWB_DimDiameter:SKIP
INFO | Candidate: NWB_DimWidth | Scope=instance | Storage=String | ReadOnly=False | Shared=True | Id=7626175
INFO | Candidate: NWB_DimHeight | Scope=instance | Storage=String | ReadOnly=False | Shared=True | Id=7626170
SOURCE | Element 13056253 | Cat=Ducts | Family=Rectangular Duct | Type= | Level=LEVEL 09 | Name=Flanged Long Radius Elbows / Shoe Branch | System=Supply Air | SizeText=250x200 | Width=250 | Height=200 | Diameter=
ELEMENT | 13056253 | Size='250x200' | Width='250' | Height='200' | Diameter='' | Statuses=NWB_DimWidth:SKIP; NWB_DimHeight:SKIP; NWB_DimDiameter:SKIP
INFO | Candidate: NWB_DimWidth | Scope=instance | Storage=Double | ReadOnly=False | Shared=True | Id=3045165
INFO | Candidate: NWB_DimWidth | Scope=instance | Storage=String | ReadOnly=False | Shared=True | Id=7626175
INFO | Found 2 parameters named NWB_DimWidth
INFO | SELECTED | Shared Parameter | Scope=instance | ReadOnly=False | Id=7626175
INFO | SELECTED | Shared Parameter | Scope=instance | ReadOnly=False | Id=3045165
INFO | Candidate: NWB_DimHeight | Scope=instance | Storage=Double | ReadOnly=False | Shared=True | Id=3045163
INFO | Candidate: NWB_DimHeight | Scope=instance | Storage=String | ReadOnly=False | Shared=True | Id=7626170
INFO | Found 2 parameters named NWB_DimHeight
INFO | SELECTED | Shared Parameter | Scope=instance | ReadOnly=False | Id=7626170
INFO | SELECTED | Shared Parameter | Scope=instance | ReadOnly=False | Id=3045163
SOURCE | Element 13056255 | Cat=Duct Fittings | Family=MHT-ME-DF-Rectangular Short Radius Bend - Flanged | Type= | Level=LEVEL 09 | Name=MHT-ME-DF-Rectangular Short Radius Bend - Flanged | System=Supply Air | SizeText=250x200-250x200 | Width=250 | Height=200 | Diameter=
ELEMENT | 13056255 | Size='250x200-250x200' | Width='250' | Height='200' | Diameter='' | Statuses=NWB_DimWidth:SKIP; NWB_DimHeight:SKIP; NWB_DimDiameter:SKIP
INFO | Candidate: NWB_DimWidth | Scope=instance | Storage=String | ReadOnly=False | Shared=True | Id=7626175
INFO | Candidate: NWB_DimHeight | Scope=instance | Storage=String | ReadOnly=False | Shared=True | Id=7626170
SOURCE | Element 13056530 | Cat=Ducts | Family=Rectangular Duct | Type= | Level=LEVEL 09 | Name=Flanged Long Radius Elbows / Shoe Branch | System=Return Air | SizeText=400x300 | Width=400 | Height=300 | Diameter=
ELEMENT | 13056530 | Size='400x300' | Width='400' | Height='300' | Diameter='' | Statuses=NWB_DimWidth:SKIP; NWB_DimHeight:SKIP; NWB_DimDiameter:SKIP
INFO | Candidate: NWB_DimWidth | Scope=instance | Storage=String | ReadOnly=False | Shared=True | Id=7626175
INFO | Element 13056753 | NWB_DimWidth | Kind=Shared Parameter | Scope=instance | Storage=String | Old='' | New='600'
INFO | Candidate: NWB_DimHeight | Scope=instance | Storage=String | ReadOnly=False | Shared=True | Id=7626170
INFO | Element 13056753 | NWB_DimHeight | Kind=Shared Parameter | Scope=instance | Storage=String | Old='' | New='350'
INFO | Candidate: NWB_DimDiameter | Scope=instance | Storage=String | ReadOnly=False | Shared=True | Id=7626172
SOURCE | Element 13056753 | Cat=Air Terminals | Family=MHT_AT_S Air Diff Swirl | Type= | Level=LEVEL 09 | Name=No Damper | System=Supply Air | SizeText=600x350 | Width=600 | Height=350 | Diameter=250
ELEMENT | 13056753 | Size='600x350' | Width='600' | Height='350' | Diameter='250' | Statuses=NWB_DimWidth:OK; NWB_DimHeight:OK; NWB_DimDiameter:SKIP
INFO | Candidate: NWB_DimWidth | Scope=instance | Storage=String | ReadOnly=False | Shared=True | Id=7626175
INFO | Candidate: NWB_DimHeight | Scope=instance | Storage=String | ReadOnly=False | Shared=True | Id=7626170
SOURCE | Element 13058696 | Cat=Ducts | Family=Rectangular Duct | Type= | Level=LEVEL 09 | Name=Flanged Long Radius Elbows / Shoe Branch | System=Return Air | SizeText=400x300 | Width=400 | Height=300 | Diameter=
ELEMENT | 13058696 | Size='400x300' | Width='400' | Height='300' | Diameter='' | Statuses=NWB_DimWidth:SKIP; NWB_DimHeight:SKIP; NWB_DimDiameter:SKIP
INFO | Candidate: NWB_DimDiameter | Scope=instance | Storage=String | ReadOnly=False | Shared=True | Id=7626172
INFO | Element 13060677 | NWB_DimDiameter | Kind=Shared Parameter | Scope=instance | Storage=String | Old='' | New='250'
SOURCE | Element 13060677 | Cat=Flex Ducts | Family=Flex Duct Round | Type= | Level=LEVEL 09 | Name=Flex - Round | System=Supply Air | SizeText=250 mmø | Width= | Height= | Diameter=250
ELEMENT | 13060677 | Size='250 mmø' | Width='' | Height='' | Diameter='250' | Statuses=NWB_DimWidth:SKIP; NWB_DimHeight:SKIP; NWB_DimDiameter:OK
INFO | Candidate: NWB_DimDiameter | Scope=instance | Storage=String | ReadOnly=False | Shared=True | Id=7626172
INFO | Element 13061680 | NWB_DimDiameter | Kind=Shared Parameter | Scope=instance | Storage=String | Old='' | New='300'
SOURCE | Element 13061680 | Cat=Flex Ducts | Family=Flex Duct Round | Type= | Level=LEVEL 09 | Name=Flex - Round | System=Return Air | SizeText=300 mmø | Width= | Height= | Diameter=300
ELEMENT | 13061680 | Size='300 mmø' | Width='' | Height='' | Diameter='300' | Statuses=NWB_DimWidth:SKIP; NWB_DimHeight:SKIP; NWB_DimDiameter:OK
INFO | Candidate: NWB_DimDiameter | Scope=instance | Storage=String | ReadOnly=False | Shared=True | Id=7626172
INFO | Element 13064734 | NWB_DimDiameter | Kind=Shared Parameter | Scope=instance | Storage=String | Old='' | New='200'
SOURCE | Element 13064734 | Cat=Flex Ducts | Family=Flex Duct Round | Type= | Level=LEVEL 09 | Name=Flex - Round | System=Exhaust Air | SizeText=200 mmø | Width= | Height= | Diameter=200
ELEMENT | 13064734 | Size='200 mmø' | Width='' | Height='' | Diameter='200' | Statuses=NWB_DimWidth:SKIP; NWB_DimHeight:SKIP; NWB_DimDiameter:OK
INFO | Candidate: NWB_DimWidth | Scope=instance | Storage=String | ReadOnly=False | Shared=True | Id=7626175
INFO | Element 13075924 | NWB_DimWidth | Kind=Shared Parameter | Scope=instance | Storage=String | Old='' | New='600'
INFO | Candidate: NWB_DimHeight | Scope=instance | Storage=String | ReadOnly=False | Shared=True | Id=7626170
INFO | Element 13075924 | NWB_DimHeight | Kind=Shared Parameter | Scope=instance | Storage=String | Old='' | New='350'
INFO | Candidate: NWB_DimDiameter | Scope=instance | Storage=String | ReadOnly=False | Shared=True | Id=7626172
SOURCE | Element 13075924 | Cat=Air Terminals | Family=MHT_AT_S Air Diff Swirl | Type= | Level=LEVEL 09 | Name=No Damper | System=Supply Air | SizeText=600x350 | Width=600 | Height=350 | Diameter=250
ELEMENT | 13075924 | Size='600x350' | Width='600' | Height='350' | Diameter='250' | Statuses=NWB_DimWidth:OK; NWB_DimHeight:OK; NWB_DimDiameter:SKIP
INFO | Candidate: NWB_DimWidth | Scope=instance | Storage=String | ReadOnly=False | Shared=True | Id=7626175
INFO | Candidate: NWB_DimHeight | Scope=instance | Storage=String | ReadOnly=False | Shared=True | Id=7626170
SOURCE | Element 13293508 | Cat=Ducts | Family=Rectangular Duct | Type= | Level=LEVEL 09 | Name=Flanged Long Radius Elbows / Shoe Branch | System=Supply Air | SizeText=300x300 | Width=300 | Height=300 | Diameter=
ELEMENT | 13293508 | Size='300x300' | Width='300' | Height='300' | Diameter='' | Statuses=NWB_DimWidth:SKIP; NWB_DimHeight:SKIP; NWB_DimDiameter:SKIP
INFO | Candidate: NWB_DimWidth | Scope=instance | Storage=String | ReadOnly=False | Shared=True | Id=7626175
INFO | Candidate: NWB_DimHeight | Scope=instance | Storage=String | ReadOnly=False | Shared=True | Id=7626170
SOURCE | Element 13293511 | Cat=Ducts | Family=Rectangular Duct | Type= | Level=LEVEL 09 | Name=Flanged Long Radius Elbows / Shoe Branch | System=Supply Air | SizeText=300x300 | Width=300 | Height=300 | Diameter=
ELEMENT | 13293511 | Size='300x300' | Width='300' | Height='300' | Diameter='' | Statuses=NWB_DimWidth:SKIP; NWB_DimHeight:SKIP; NWB_DimDiameter:SKIP
INFO | Candidate: NWB_DimWidth | Scope=instance | Storage=String | ReadOnly=False | Shared=True | Id=7626175
INFO | Candidate: NWB_DimHeight | Scope=instance | Storage=String | ReadOnly=False | Shared=True | Id=7626170
INFO | Candidate: NWB_DimDiameter | Scope=instance | Storage=String | ReadOnly=False | Shared=True | Id=7626172
INFO | Element 13293512 | NWB_DimDiameter | Kind=Shared Parameter | Scope=instance | Storage=String | Old='' | New='0'
SOURCE | Element 13293512 | Cat=Air Terminals | Family=MHT-ME-AT - Supply Air Grille | Type= | Level= | Name=MHT-ME-AT - 300x300 | System=Supply Air | SizeText=0x1 | Width=0 | Height=1 | Diameter=0
ELEMENT | 13293512 | Size='0x1' | Width='0' | Height='1' | Diameter='0' | Statuses=NWB_DimWidth:SKIP; NWB_DimHeight:SKIP; NWB_DimDiameter:OK
INFO | Candidate: NWB_DimWidth | Scope=instance | Storage=String | ReadOnly=False | Shared=True | Id=7626175
INFO | Candidate: NWB_DimHeight | Scope=instance | Storage=String | ReadOnly=False | Shared=True | Id=7626170
SOURCE | Element 13293515 | Cat=Ducts | Family=Rectangular Duct | Type= | Level=LEVEL 09 | Name=Flanged Long Radius Elbows / Shoe Branch | System=Supply Air | SizeText=300x300 | Width=300 | Height=300 | Diameter=
ELEMENT | 13293515 | Size='300x300' | Width='300' | Height='300' | Diameter='' | Statuses=NWB_DimWidth:SKIP; NWB_DimHeight:SKIP; NWB_DimDiameter:SKIP
INFO | Candidate: NWB_DimWidth | Scope=instance | Storage=String | ReadOnly=False | Shared=True | Id=7626175
INFO | Candidate: NWB_DimHeight | Scope=instance | Storage=String | ReadOnly=False | Shared=True | Id=7626170
SOURCE | Element 13293516 | Cat=Duct Fittings | Family=MHT_Rectangular Elbow - Mitered - Single Thickness Vanes | Type= | Level=LEVEL 09 | Name=Standard | System=Supply Air | SizeText=300x300-300x300 | Width=300 | Height=300 | Diameter=
ELEMENT | 13293516 | Size='300x300-300x300' | Width='300' | Height='300' | Diameter='' | Statuses=NWB_DimWidth:SKIP; NWB_DimHeight:SKIP; NWB_DimDiameter:SKIP
INFO | Candidate: NWB_DimWidth | Scope=instance | Storage=String | ReadOnly=False | Shared=True | Id=7626175
INFO | Candidate: NWB_DimHeight | Scope=instance | Storage=String | ReadOnly=False | Shared=True | Id=7626170
SOURCE | Element 13293518 | Cat=Duct Fittings | Family=MHT_Rectangular Elbow - Mitered - Single Thickness Vanes | Type= | Level=LEVEL 09 | Name=Standard | System=Supply Air | SizeText=300x300-300x300 | Width=300 | Height=300 | Diameter=
ELEMENT | 13293518 | Size='300x300-300x300' | Width='300' | Height='300' | Diameter='' | Statuses=NWB_DimWidth:SKIP; NWB_DimHeight:SKIP; NWB_DimDiameter:SKIP
INFO | Candidate: NWB_DimWidth | Scope=instance | Storage=String | ReadOnly=False | Shared=True | Id=7626175
INFO | Candidate: NWB_DimHeight | Scope=instance | Storage=String | ReadOnly=False | Shared=True | Id=7626170
SOURCE | Element 13382594 | Cat=Ducts | Family=Rectangular Duct | Type= | Level=LEVEL 09 | Name=Flanged Long Radius Elbows / Shoe Branch | System=Supply Air | SizeText=200x200 | Width=200 | Height=200 | Diameter=
ELEMENT | 13382594 | Size='200x200' | Width='200' | Height='200' | Diameter='' | Statuses=NWB_DimWidth:SKIP; NWB_DimHeight:SKIP; NWB_DimDiameter:SKIP
INFO | Candidate: NWB_DimWidth | Scope=instance | Storage=String | ReadOnly=False | Shared=True | Id=7626175
INFO | Candidate: NWB_DimHeight | Scope=instance | Storage=String | ReadOnly=False | Shared=True | Id=7626170
INFO | Candidate: NWB_DimDiameter | Scope=instance | Storage=String | ReadOnly=False | Shared=True | Id=7626172
INFO | Element 13382595 | NWB_DimDiameter | Kind=Shared Parameter | Scope=instance | Storage=String | Old='' | New='0'
SOURCE | Element 13382595 | Cat=Air Terminals | Family=MHT-ME-AT - Supply Air Grille | Type= | Level= | Name=MHT-ME-AT - 300x300 | System=Supply Air | SizeText=0x1 | Width=0 | Height=1 | Diameter=0
ELEMENT | 13382595 | Size='0x1' | Width='0' | Height='1' | Diameter='0' | Statuses=NWB_DimWidth:SKIP; NWB_DimHeight:SKIP; NWB_DimDiameter:OK
INFO | Candidate: NWB_DimWidth | Scope=instance | Storage=String | ReadOnly=False | Shared=True | Id=7626175
INFO | Candidate: NWB_DimHeight | Scope=instance | Storage=String | ReadOnly=False | Shared=True | Id=7626170
SOURCE | Element 13382601 | Cat=Ducts | Family=Rectangular Duct | Type= | Level=LEVEL 09 | Name=Flanged Long Radius Elbows / Shoe Branch | System=Supply Air | SizeText=200x200 | Width=200 | Height=200 | Diameter=
ELEMENT | 13382601 | Size='200x200' | Width='200' | Height='200' | Diameter='' | Statuses=NWB_DimWidth:SKIP; NWB_DimHeight:SKIP; NWB_DimDiameter:SKIP
INFO | Candidate: NWB_DimWidth | Scope=instance | Storage=Double | ReadOnly=False | Shared=True | Id=3045165
INFO | Candidate: NWB_DimWidth | Scope=instance | Storage=String | ReadOnly=False | Shared=True | Id=7626175
INFO | Found 2 parameters named NWB_DimWidth
INFO | SELECTED | Shared Parameter | Scope=instance | ReadOnly=False | Id=7626175
INFO | SELECTED | Shared Parameter | Scope=instance | ReadOnly=False | Id=3045165
INFO | Candidate: NWB_DimHeight | Scope=instance | Storage=Double | ReadOnly=False | Shared=True | Id=3045163
INFO | Candidate: NWB_DimHeight | Scope=instance | Storage=String | ReadOnly=False | Shared=True | Id=7626170
INFO | Found 2 parameters named NWB_DimHeight
INFO | SELECTED | Shared Parameter | Scope=instance | ReadOnly=False | Id=7626170
INFO | SELECTED | Shared Parameter | Scope=instance | ReadOnly=False | Id=3045163
SOURCE | Element 13382602 | Cat=Duct Fittings | Family=MHT-ME-DF-Rectangular Eccentric Taper - Flanged-01 | Type= | Level=LEVEL 09 | Name=Standard | System=Supply Air | SizeText=300x300-200x200 | Width=300 | Height=300 | Diameter=
ELEMENT | 13382602 | Size='300x300-200x200' | Width='300' | Height='300' | Diameter='' | Statuses=NWB_DimWidth:SKIP; NWB_DimHeight:SKIP; NWB_DimDiameter:SKIP
INFO | Candidate: NWB_DimWidth | Scope=instance | Storage=String | ReadOnly=False | Shared=True | Id=7626175
INFO | Candidate: NWB_DimHeight | Scope=instance | Storage=String | ReadOnly=False | Shared=True | Id=7626170
SOURCE | Element 13382609 | Cat=Duct Fittings | Family=MHT_Rectangular Elbow - Mitered - Single Thickness Vanes | Type= | Level=LEVEL 09 | Name=Standard | System=Supply Air | SizeText=200x200-200x200 | Width=200 | Height=200 | Diameter=
ELEMENT | 13382609 | Size='200x200-200x200' | Width='200' | Height='200' | Diameter='' | Statuses=NWB_DimWidth:SKIP; NWB_DimHeight:SKIP; NWB_DimDiameter:SKIP
INFO | Candidate: NWB_DimWidth | Scope=instance | Storage=String | ReadOnly=False | Shared=True | Id=7626175
INFO | Candidate: NWB_DimHeight | Scope=instance | Storage=String | ReadOnly=False | Shared=True | Id=7626170
SOURCE | Element 13561571 | Cat=Ducts | Family=Rectangular Duct | Type= | Level=LEVEL 09 | Name=Flanged Long Radius Elbows / Shoe Branch | System=Return Air | SizeText=400x250 | Width=400 | Height=250 | Diameter=
ELEMENT | 13561571 | Size='400x250' | Width='400' | Height='250' | Diameter='' | Statuses=NWB_DimWidth:SKIP; NWB_DimHeight:SKIP; NWB_DimDiameter:SKIP
INFO | Candidate: NWB_DimWidth | Scope=instance | Storage=String | ReadOnly=False | Shared=True | Id=7626175
INFO | Candidate: NWB_DimHeight | Scope=instance | Storage=String | ReadOnly=False | Shared=True | Id=7626170
SOURCE | Element 13561587 | Cat=Duct Fittings | Family=MHT-ME-DF-Rectangular Eccentric Taper - Flanged-Manula Length | Type= | Level=LEVEL 09 | Name=MHT-ME-DF-Rectangular Eccentric Taper - Flanged-Manual Length | System=Return Air | SizeText=600x600-400x250 | Width=600 | Height=600 | Diameter=
ELEMENT | 13561587 | Size='600x600-400x250' | Width='600' | Height='600' | Diameter='' | Statuses=NWB_DimWidth:SKIP; NWB_DimHeight:SKIP; NWB_DimDiameter:SKIP
INFO | Candidate: NWB_DimWidth | Scope=instance | Storage=String | ReadOnly=False | Shared=True | Id=7626175
INFO | Candidate: NWB_DimHeight | Scope=instance | Storage=String | ReadOnly=False | Shared=True | Id=7626170
SOURCE | Element 13561592 | Cat=Ducts | Family=Rectangular Duct | Type= | Level=LEVEL 09 | Name=Flanged Long Radius Elbows / Shoe Branch | System=Return Air | SizeText=400x250 | Width=400 | Height=250 | Diameter=
ELEMENT | 13561592 | Size='400x250' | Width='400' | Height='250' | Diameter='' | Statuses=NWB_DimWidth:SKIP; NWB_DimHeight:SKIP; NWB_DimDiameter:SKIP
INFO | Candidate: NWB_DimWidth | Scope=instance | Storage=Double | ReadOnly=False | Shared=True | Id=3045165
INFO | Candidate: NWB_DimWidth | Scope=instance | Storage=String | ReadOnly=False | Shared=True | Id=7626175
INFO | Found 2 parameters named NWB_DimWidth
INFO | SELECTED | Shared Parameter | Scope=instance | ReadOnly=False | Id=7626175
INFO | SELECTED | Shared Parameter | Scope=instance | ReadOnly=False | Id=3045165
INFO | Candidate: NWB_DimHeight | Scope=instance | Storage=Double | ReadOnly=False | Shared=True | Id=3045163
INFO | Candidate: NWB_DimHeight | Scope=instance | Storage=String | ReadOnly=False | Shared=True | Id=7626170
INFO | Found 2 parameters named NWB_DimHeight
INFO | SELECTED | Shared Parameter | Scope=instance | ReadOnly=False | Id=7626170
INFO | SELECTED | Shared Parameter | Scope=instance | ReadOnly=False | Id=3045163
SOURCE | Element 13561596 | Cat=Duct Fittings | Family=MHT-ME-DF-Rectangular Short Radius Bend - Flanged | Type= | Level=LEVEL 09 | Name=MHT-ME-DF-Rectangular Short Radius Bend - Flanged | System=Return Air | SizeText=250x400-250x400 | Width=250 | Height=400 | Diameter=
ELEMENT | 13561596 | Size='250x400-250x400' | Width='250' | Height='400' | Diameter='' | Statuses=NWB_DimWidth:SKIP; NWB_DimHeight:SKIP; NWB_DimDiameter:SKIP
INFO | Candidate: NWB_DimWidth | Scope=instance | Storage=String | ReadOnly=False | Shared=True | Id=7626175
INFO | Candidate: NWB_DimHeight | Scope=instance | Storage=String | ReadOnly=False | Shared=True | Id=7626170
SOURCE | Element 13561603 | Cat=Ducts | Family=Rectangular Duct | Type= | Level=LEVEL 09 | Name=Flanged Long Radius Elbows / Shoe Branch | System=Return Air | SizeText=400x250 | Width=400 | Height=250 | Diameter=
ELEMENT | 13561603 | Size='400x250' | Width='400' | Height='250' | Diameter='' | Statuses=NWB_DimWidth:SKIP; NWB_DimHeight:SKIP; NWB_DimDiameter:SKIP
INFO | Candidate: NWB_DimWidth | Scope=instance | Storage=String | ReadOnly=False | Shared=True | Id=7626175
INFO | Candidate: NWB_DimHeight | Scope=instance | Storage=String | ReadOnly=False | Shared=True | Id=7626170
SOURCE | Element 13561604 | Cat=Duct Fittings | Family=MHT-ME-DF-Rectangular Eccentric Taper - Flanged-Manula Length | Type= | Level=LEVEL 09 | Name=MHT-ME-DF-Rectangular Eccentric Taper - Flanged-Manual Length | System=Return Air | SizeText=600x600-400x250 | Width=600 | Height=600 | Diameter=
ELEMENT | 13561604 | Size='600x600-400x250' | Width='600' | Height='600' | Diameter='' | Statuses=NWB_DimWidth:SKIP; NWB_DimHeight:SKIP; NWB_DimDiameter:SKIP
INFO | Candidate: NWB_DimWidth | Scope=instance | Storage=String | ReadOnly=False | Shared=True | Id=7626175
INFO | Candidate: NWB_DimHeight | Scope=instance | Storage=String | ReadOnly=False | Shared=True | Id=7626170
SOURCE | Element 13561605 | Cat=Ducts | Family=Rectangular Duct | Type= | Level=LEVEL 09 | Name=Flanged Long Radius Elbows / Shoe Branch | System=Return Air | SizeText=400x250 | Width=400 | Height=250 | Diameter=
ELEMENT | 13561605 | Size='400x250' | Width='400' | Height='250' | Diameter='' | Statuses=NWB_DimWidth:SKIP; NWB_DimHeight:SKIP; NWB_DimDiameter:SKIP
INFO | Candidate: NWB_DimWidth | Scope=instance | Storage=Double | ReadOnly=False | Shared=True | Id=3045165
INFO | Candidate: NWB_DimWidth | Scope=instance | Storage=String | ReadOnly=False | Shared=True | Id=7626175
INFO | Found 2 parameters named NWB_DimWidth
INFO | SELECTED | Shared Parameter | Scope=instance | ReadOnly=False | Id=7626175
INFO | SELECTED | Shared Parameter | Scope=instance | ReadOnly=False | Id=3045165
INFO | Candidate: NWB_DimHeight | Scope=instance | Storage=Double | ReadOnly=False | Shared=True | Id=3045163
INFO | Candidate: NWB_DimHeight | Scope=instance | Storage=String | ReadOnly=False | Shared=True | Id=7626170
INFO | Found 2 parameters named NWB_DimHeight
INFO | SELECTED | Shared Parameter | Scope=instance | ReadOnly=False | Id=7626170
INFO | SELECTED | Shared Parameter | Scope=instance | ReadOnly=False | Id=3045163
SOURCE | Element 13561615 | Cat=Duct Fittings | Family=MHT-ME-DF-Rectangular Short Radius Bend - Flanged | Type= | Level=LEVEL 09 | Name=MHT-ME-DF-Rectangular Short Radius Bend - Flanged | System=Return Air | SizeText=250x400-250x400 | Width=250 | Height=400 | Diameter=
ELEMENT | 13561615 | Size='250x400-250x400' | Width='250' | Height='400' | Diameter='' | Statuses=NWB_DimWidth:SKIP; NWB_DimHeight:SKIP; NWB_DimDiameter:SKIP
INFO | Candidate: NWB_DimWidth | Scope=instance | Storage=String | ReadOnly=False | Shared=True | Id=7626175
INFO | Candidate: NWB_DimHeight | Scope=instance | Storage=String | ReadOnly=False | Shared=True | Id=7626170
SOURCE | Element 13645556 | Cat=Duct Fittings | Family=M_Rectangular_Transition_Angle | Type= | Level=LEVEL 09 | Name=Transition | System=Return Air | SizeText=1000x500-400x250 | Width=1000 | Height=500 | Diameter=
ELEMENT | 13645556 | Size='1000x500-400x250' | Width='1000' | Height='500' | Diameter='' | Statuses=NWB_DimWidth:SKIP; NWB_DimHeight:SKIP; NWB_DimDiameter:SKIP
INFO | Candidate: NWB_DimWidth | Scope=instance | Storage=String | ReadOnly=False | Shared=True | Id=7626175
INFO | Candidate: NWB_DimHeight | Scope=instance | Storage=String | ReadOnly=False | Shared=True | Id=7626170
SOURCE | Element 13645563 | Cat=Ducts | Family=Rectangular Duct | Type= | Level=LEVEL 09 | Name=Flanged Long Radius Elbows / Shoe Branch | System=Return Air | SizeText=400x300 | Width=400 | Height=300 | Diameter=
ELEMENT | 13645563 | Size='400x300' | Width='400' | Height='300' | Diameter='' | Statuses=NWB_DimWidth:SKIP; NWB_DimHeight:SKIP; NWB_DimDiameter:SKIP
INFO | Candidate: NWB_DimWidth | Scope=instance | Storage=Double | ReadOnly=False | Shared=True | Id=3045165
INFO | Candidate: NWB_DimWidth | Scope=instance | Storage=String | ReadOnly=False | Shared=True | Id=7626175
INFO | Found 2 parameters named NWB_DimWidth
INFO | SELECTED | Shared Parameter | Scope=instance | ReadOnly=False | Id=7626175
INFO | SELECTED | Shared Parameter | Scope=instance | ReadOnly=False | Id=3045165
INFO | Candidate: NWB_DimHeight | Scope=instance | Storage=Double | ReadOnly=False | Shared=True | Id=3045163
INFO | Candidate: NWB_DimHeight | Scope=instance | Storage=String | ReadOnly=False | Shared=True | Id=7626170
INFO | Found 2 parameters named NWB_DimHeight
INFO | SELECTED | Shared Parameter | Scope=instance | ReadOnly=False | Id=7626170
INFO | SELECTED | Shared Parameter | Scope=instance | ReadOnly=False | Id=3045163
SOURCE | Element 13645565 | Cat=Duct Fittings | Family=MHT-ME-DF-Rectangular Short Radius Bend - Flanged | Type= | Level=LEVEL 09 | Name=MHT-ME-DF-Rectangular Short Radius Bend - Flanged | System=Return Air | SizeText=400x300-400x300 | Width=400 | Height=300 | Diameter=
ELEMENT | 13645565 | Size='400x300-400x300' | Width='400' | Height='300' | Diameter='' | Statuses=NWB_DimWidth:SKIP; NWB_DimHeight:SKIP; NWB_DimDiameter:SKIP
INFO | Candidate: NWB_DimWidth | Scope=instance | Storage=Double | ReadOnly=False | Shared=True | Id=3045165
INFO | Candidate: NWB_DimWidth | Scope=instance | Storage=String | ReadOnly=False | Shared=True | Id=7626175
INFO | Found 2 parameters named NWB_DimWidth
INFO | SELECTED | Shared Parameter | Scope=instance | ReadOnly=False | Id=7626175
INFO | SELECTED | Shared Parameter | Scope=instance | ReadOnly=False | Id=3045165
INFO | Candidate: NWB_DimHeight | Scope=instance | Storage=Double | ReadOnly=False | Shared=True | Id=3045163
INFO | Candidate: NWB_DimHeight | Scope=instance | Storage=String | ReadOnly=False | Shared=True | Id=7626170
INFO | Found 2 parameters named NWB_DimHeight
INFO | SELECTED | Shared Parameter | Scope=instance | ReadOnly=False | Id=7626170
INFO | SELECTED | Shared Parameter | Scope=instance | ReadOnly=False | Id=3045163
SOURCE | Element 13645572 | Cat=Duct Fittings | Family=MHT-ME-DF-Rectangular Short Radius Bend - Flanged | Type= | Level=LEVEL 09 | Name=MHT-ME-DF-Rectangular Short Radius Bend - Flanged | System=Supply Air | SizeText=250x200-250x200 | Width=250 | Height=200 | Diameter=
ELEMENT | 13645572 | Size='250x200-250x200' | Width='250' | Height='200' | Diameter='' | Statuses=NWB_DimWidth:SKIP; NWB_DimHeight:SKIP; NWB_DimDiameter:SKIP
INFO | Candidate: NWB_DimWidth | Scope=instance | Storage=String | ReadOnly=False | Shared=True | Id=7626175
INFO | Element 13761176 | NWB_DimWidth | Kind=Shared Parameter | Scope=instance | Storage=String | Old='' | New='600'
INFO | Candidate: NWB_DimHeight | Scope=instance | Storage=String | ReadOnly=False | Shared=True | Id=7626170
INFO | Element 13761176 | NWB_DimHeight | Kind=Shared Parameter | Scope=instance | Storage=String | Old='' | New='250'
INFO | Candidate: NWB_DimDiameter | Scope=instance | Storage=String | ReadOnly=False | Shared=True | Id=7626172
SOURCE | Element 13761176 | Cat=Air Terminals | Family=MHT_AT_S Air Diff Swirl | Type= | Level=LEVEL 09 | Name=No Damper | System=Supply Air | SizeText=600x250 | Width=600 | Height=250 | Diameter=150
ELEMENT | 13761176 | Size='600x250' | Width='600' | Height='250' | Diameter='150' | Statuses=NWB_DimWidth:OK; NWB_DimHeight:OK; NWB_DimDiameter:SKIP
INFO | Candidate: NWB_DimWidth | Scope=instance | Storage=Double | ReadOnly=False | Shared=True | Id=3045165
INFO | Candidate: NWB_DimWidth | Scope=instance | Storage=String | ReadOnly=False | Shared=True | Id=7626175
INFO | Found 2 parameters named NWB_DimWidth
INFO | SELECTED | Shared Parameter | Scope=instance | ReadOnly=False | Id=7626175
INFO | SELECTED | Shared Parameter | Scope=instance | ReadOnly=False | Id=3045165
INFO | Candidate: NWB_DimHeight | Scope=instance | Storage=Double | ReadOnly=False | Shared=True | Id=3045163
INFO | Candidate: NWB_DimHeight | Scope=instance | Storage=String | ReadOnly=False | Shared=True | Id=7626170
INFO | Found 2 parameters named NWB_DimHeight
INFO | SELECTED | Shared Parameter | Scope=instance | ReadOnly=False | Id=7626170
INFO | SELECTED | Shared Parameter | Scope=instance | ReadOnly=False | Id=3045163
SOURCE | Element 13768125 | Cat=Duct Fittings | Family=MHT-ME-DF-Rectangular Eccentric Taper - Flanged-01 | Type= | Level=LEVEL 09 | Name=Standard | System=Supply Air | SizeText=400x300-400x225 | Width=400 | Height=300 | Diameter=
ELEMENT | 13768125 | Size='400x300-400x225' | Width='400' | Height='300' | Diameter='' | Statuses=NWB_DimWidth:SKIP; NWB_DimHeight:SKIP; NWB_DimDiameter:SKIP
INFO | Candidate: NWB_DimDiameter | Scope=instance | Storage=String | ReadOnly=False | Shared=True | Id=7626172
SOURCE | Element 13768128 | Cat=Duct Fittings | Family=MHT_DF_Spigot | Type= | Level=LEVEL 09 | Name=Damper | System=Supply Air | SizeText=250ø-250ø | Width= | Height= | Diameter=250
ELEMENT | 13768128 | Size='250ø-250ø' | Width='' | Height='' | Diameter='250' | Statuses=NWB_DimWidth:SKIP; NWB_DimHeight:SKIP; NWB_DimDiameter:SKIP
INFO | Candidate: NWB_DimWidth | Scope=instance | Storage=Double | ReadOnly=False | Shared=True | Id=3045165
INFO | Candidate: NWB_DimWidth | Scope=instance | Storage=String | ReadOnly=False | Shared=True | Id=7626175
INFO | Found 2 parameters named NWB_DimWidth
INFO | SELECTED | Shared Parameter | Scope=instance | ReadOnly=False | Id=7626175
INFO | SELECTED | Shared Parameter | Scope=instance | ReadOnly=False | Id=3045165
INFO | Candidate: NWB_DimHeight | Scope=instance | Storage=Double | ReadOnly=False | Shared=True | Id=3045163
INFO | Candidate: NWB_DimHeight | Scope=instance | Storage=String | ReadOnly=False | Shared=True | Id=7626170
INFO | Found 2 parameters named NWB_DimHeight
INFO | SELECTED | Shared Parameter | Scope=instance | ReadOnly=False | Id=7626170
INFO | SELECTED | Shared Parameter | Scope=instance | ReadOnly=False | Id=3045163
SOURCE | Element 13768142 | Cat=Duct Fittings | Family=MHT-ME-DF-Rectangular Eccentric Taper - Flanged-01 | Type= | Level=LEVEL 09 | Name=Standard | System=Supply Air | SizeText=400x300-400x225 | Width=400 | Height=300 | Diameter=
ELEMENT | 13768142 | Size='400x300-400x225' | Width='400' | Height='300' | Diameter='' | Statuses=NWB_DimWidth:SKIP; NWB_DimHeight:SKIP; NWB_DimDiameter:SKIP
INFO | Candidate: NWB_DimWidth | Scope=instance | Storage=String | ReadOnly=False | Shared=True | Id=7626175
INFO | Candidate: NWB_DimHeight | Scope=instance | Storage=String | ReadOnly=False | Shared=True | Id=7626170
SOURCE | Element 13770037 | Cat=Duct Accessories | Family=MHT-ME-DA-Damper (Motorized) | Type= | Level=LEVEL 09 | Name=MVCD | System=Return Air | SizeText=400x300-400x300 | Width=400 | Height=300 | Diameter=
ELEMENT | 13770037 | Size='400x300-400x300' | Width='400' | Height='300' | Diameter='' | Statuses=NWB_DimWidth:SKIP; NWB_DimHeight:SKIP; NWB_DimDiameter:SKIP
INFO | Candidate: NWB_DimWidth | Scope=instance | Storage=String | ReadOnly=False | Shared=True | Id=7626175
INFO | Candidate: NWB_DimHeight | Scope=instance | Storage=String | ReadOnly=False | Shared=True | Id=7626170
SOURCE | Element 13770043 | Cat=Ducts | Family=Rectangular Duct | Type= | Level=LEVEL 09 | Name=Flanged Long Radius Elbows / Shoe Branch | System=Return Air | SizeText=400x300 | Width=400 | Height=300 | Diameter=
ELEMENT | 13770043 | Size='400x300' | Width='400' | Height='300' | Diameter='' | Statuses=NWB_DimWidth:SKIP; NWB_DimHeight:SKIP; NWB_DimDiameter:SKIP
INFO | Candidate: NWB_DimDiameter | Scope=instance | Storage=String | ReadOnly=False | Shared=True | Id=7626172
SOURCE | Element 13770114 | Cat=Duct Fittings | Family=MHT_DF_Spigot | Type= | Level=LEVEL 09 | Name=Damper | System=Supply Air | SizeText=250ø-250ø | Width= | Height= | Diameter=250
ELEMENT | 13770114 | Size='250ø-250ø' | Width='' | Height='' | Diameter='250' | Statuses=NWB_DimWidth:SKIP; NWB_DimHeight:SKIP; NWB_DimDiameter:SKIP
INFO | Candidate: NWB_DimWidth | Scope=instance | Storage=String | ReadOnly=False | Shared=True | Id=7626175
INFO | Candidate: NWB_DimHeight | Scope=instance | Storage=String | ReadOnly=False | Shared=True | Id=7626170
SOURCE | Element 13770356 | Cat=Duct Accessories | Family=MHT-ME-DA-Damper (Motorized) | Type= | Level=LEVEL 09 | Name=MVCD | System=Return Air | SizeText=400x250-400x250 | Width=400 | Height=250 | Diameter=
ELEMENT | 13770356 | Size='400x250-400x250' | Width='400' | Height='250' | Diameter='' | Statuses=NWB_DimWidth:SKIP; NWB_DimHeight:SKIP; NWB_DimDiameter:SKIP
SKIP | Element 13770358 | Worksharing | instance owned by Jeffrey.Lumen
INFO | Candidate: NWB_DimWidth | Scope=instance | Storage=String | ReadOnly=False | Shared=True | Id=7626175
INFO | Candidate: NWB_DimHeight | Scope=instance | Storage=String | ReadOnly=False | Shared=True | Id=7626170
SOURCE | Element 13770473 | Cat=Ducts | Family=Rectangular Duct | Type= | Level=LEVEL 09 | Name=Flanged Long Radius Elbows / Shoe Branch | System=Supply Air | SizeText=250x200 | Width=250 | Height=200 | Diameter=
ELEMENT | 13770473 | Size='250x200' | Width='250' | Height='200' | Diameter='' | Statuses=NWB_DimWidth:SKIP; NWB_DimHeight:SKIP; NWB_DimDiameter:SKIP
INFO | Candidate: NWB_DimWidth | Scope=instance | Storage=Double | ReadOnly=False | Shared=True | Id=3045165
INFO | Candidate: NWB_DimWidth | Scope=instance | Storage=String | ReadOnly=False | Shared=True | Id=7626175
INFO | Found 2 parameters named NWB_DimWidth
INFO | SELECTED | Shared Parameter | Scope=instance | ReadOnly=False | Id=7626175
INFO | SELECTED | Shared Parameter | Scope=instance | ReadOnly=False | Id=3045165
INFO | Candidate: NWB_DimHeight | Scope=instance | Storage=Double | ReadOnly=False | Shared=True | Id=3045163
INFO | Candidate: NWB_DimHeight | Scope=instance | Storage=String | ReadOnly=False | Shared=True | Id=7626170
INFO | Found 2 parameters named NWB_DimHeight
INFO | SELECTED | Shared Parameter | Scope=instance | ReadOnly=False | Id=7626170
INFO | SELECTED | Shared Parameter | Scope=instance | ReadOnly=False | Id=3045163
SOURCE | Element 13770483 | Cat=Duct Fittings | Family=MHT-ME-DF-Rectangular Short Radius Bend - Flanged | Type= | Level=LEVEL 09 | Name=MHT-ME-DF-Rectangular Short Radius Bend - Flanged | System=Supply Air | SizeText=250x200-250x200 | Width=250 | Height=200 | Diameter=
ELEMENT | 13770483 | Size='250x200-250x200' | Width='250' | Height='200' | Diameter='' | Statuses=NWB_DimWidth:SKIP; NWB_DimHeight:SKIP; NWB_DimDiameter:SKIP
INFO | Candidate: NWB_DimWidth | Scope=instance | Storage=String | ReadOnly=False | Shared=True | Id=7626175
INFO | Candidate: NWB_DimHeight | Scope=instance | Storage=String | ReadOnly=False | Shared=True | Id=7626170
SOURCE | Element 13770484 | Cat=Ducts | Family=Rectangular Duct | Type= | Level=LEVEL 09 | Name=Flanged Long Radius Elbows / Shoe Branch | System=Supply Air | SizeText=250x200 | Width=250 | Height=200 | Diameter=
ELEMENT | 13770484 | Size='250x200' | Width='250' | Height='200' | Diameter='' | Statuses=NWB_DimWidth:SKIP; NWB_DimHeight:SKIP; NWB_DimDiameter:SKIP
INFO | Candidate: NWB_DimWidth | Scope=instance | Storage=Double | ReadOnly=False | Shared=True | Id=3045165
INFO | Candidate: NWB_DimWidth | Scope=instance | Storage=String | ReadOnly=False | Shared=True | Id=7626175
INFO | Found 2 parameters named NWB_DimWidth
INFO | SELECTED | Shared Parameter | Scope=instance | ReadOnly=False | Id=7626175
INFO | SELECTED | Shared Parameter | Scope=instance | ReadOnly=False | Id=3045165
INFO | Candidate: NWB_DimHeight | Scope=instance | Storage=Double | ReadOnly=False | Shared=True | Id=3045163
INFO | Candidate: NWB_DimHeight | Scope=instance | Storage=String | ReadOnly=False | Shared=True | Id=7626170
INFO | Found 2 parameters named NWB_DimHeight
INFO | SELECTED | Shared Parameter | Scope=instance | ReadOnly=False | Id=7626170
INFO | SELECTED | Shared Parameter | Scope=instance | ReadOnly=False | Id=3045163
SOURCE | Element 13770491 | Cat=Duct Fittings | Family=MHT-ME-DF-Rectangular Short Radius Bend - Flanged | Type= | Level=LEVEL 09 | Name=MHT-ME-DF-Rectangular Short Radius Bend - Flanged | System=Supply Air | SizeText=250x200-250x200 | Width=250 | Height=200 | Diameter=
ELEMENT | 13770491 | Size='250x200-250x200' | Width='250' | Height='200' | Diameter='' | Statuses=NWB_DimWidth:SKIP; NWB_DimHeight:SKIP; NWB_DimDiameter:SKIP
INFO | Candidate: NWB_DimWidth | Scope=instance | Storage=String | ReadOnly=False | Shared=True | Id=7626175
INFO | Candidate: NWB_DimHeight | Scope=instance | Storage=String | ReadOnly=False | Shared=True | Id=7626170
SOURCE | Element 13773200 | Cat=Duct Fittings | Family=MHT-ME-DF-BRANCH-TAP-01 | Type= | Level=LEVEL 09 | Name=Standard | System=Supply Air | SizeText=250x200-250x200 | Width=250 | Height=200 | Diameter=
ELEMENT | 13773200 | Size='250x200-250x200' | Width='250' | Height='200' | Diameter='' | Statuses=NWB_DimWidth:SKIP; NWB_DimHeight:SKIP; NWB_DimDiameter:SKIP
INFO | Candidate: NWB_DimWidth | Scope=instance | Storage=Double | ReadOnly=False | Shared=True | Id=3045165
INFO | Candidate: NWB_DimWidth | Scope=instance | Storage=String | ReadOnly=False | Shared=True | Id=7626175
INFO | Found 2 parameters named NWB_DimWidth
INFO | SELECTED | Shared Parameter | Scope=instance | ReadOnly=False | Id=7626175
INFO | SELECTED | Shared Parameter | Scope=instance | ReadOnly=False | Id=3045165
INFO | Candidate: NWB_DimHeight | Scope=instance | Storage=Double | ReadOnly=False | Shared=True | Id=3045163
INFO | Candidate: NWB_DimHeight | Scope=instance | Storage=String | ReadOnly=False | Shared=True | Id=7626170
INFO | Found 2 parameters named NWB_DimHeight
INFO | SELECTED | Shared Parameter | Scope=instance | ReadOnly=False | Id=7626170
INFO | SELECTED | Shared Parameter | Scope=instance | ReadOnly=False | Id=3045163
SOURCE | Element 13773202 | Cat=Duct Fittings | Family=MHT-ME-DF-Rectangular Short Radius Bend - Flanged | Type= | Level=LEVEL 09 | Name=MHT-ME-DF-Rectangular Short Radius Bend - Flanged | System=Supply Air | SizeText=250x200-250x200 | Width=250 | Height=200 | Diameter=
ELEMENT | 13773202 | Size='250x200-250x200' | Width='250' | Height='200' | Diameter='' | Statuses=NWB_DimWidth:SKIP; NWB_DimHeight:SKIP; NWB_DimDiameter:SKIP
INFO | Candidate: NWB_DimWidth | Scope=instance | Storage=Double | ReadOnly=False | Shared=True | Id=3045165
INFO | Candidate: NWB_DimWidth | Scope=instance | Storage=String | ReadOnly=False | Shared=True | Id=7626175
INFO | Found 2 parameters named NWB_DimWidth
INFO | SELECTED | Shared Parameter | Scope=instance | ReadOnly=False | Id=7626175
INFO | SELECTED | Shared Parameter | Scope=instance | ReadOnly=False | Id=3045165
INFO | Candidate: NWB_DimHeight | Scope=instance | Storage=Double | ReadOnly=False | Shared=True | Id=3045163
INFO | Candidate: NWB_DimHeight | Scope=instance | Storage=String | ReadOnly=False | Shared=True | Id=7626170
INFO | Found 2 parameters named NWB_DimHeight
INFO | SELECTED | Shared Parameter | Scope=instance | ReadOnly=False | Id=7626170
INFO | SELECTED | Shared Parameter | Scope=instance | ReadOnly=False | Id=3045163
SOURCE | Element 13773204 | Cat=Duct Fittings | Family=MHT-ME-DF-Rectangular Short Radius Bend - Flanged | Type= | Level=LEVEL 09 | Name=MHT-ME-DF-Rectangular Short Radius Bend - Flanged | System=Supply Air | SizeText=200x250-200x250 | Width=200 | Height=250 | Diameter=
ELEMENT | 13773204 | Size='200x250-200x250' | Width='200' | Height='250' | Diameter='' | Statuses=NWB_DimWidth:SKIP; NWB_DimHeight:SKIP; NWB_DimDiameter:SKIP
INFO | Candidate: NWB_DimWidth | Scope=instance | Storage=String | ReadOnly=False | Shared=True | Id=7626175
INFO | Candidate: NWB_DimHeight | Scope=instance | Storage=String | ReadOnly=False | Shared=True | Id=7626170
SOURCE | Element 13773206 | Cat=Ducts | Family=Rectangular Duct | Type= | Level=LEVEL 09 | Name=Flanged Long Radius Elbows / Shoe Branch | System=Supply Air | SizeText=250x200 | Width=250 | Height=200 | Diameter=
ELEMENT | 13773206 | Size='250x200' | Width='250' | Height='200' | Diameter='' | Statuses=NWB_DimWidth:SKIP; NWB_DimHeight:SKIP; NWB_DimDiameter:SKIP
INFO | Candidate: NWB_DimWidth | Scope=instance | Storage=String | ReadOnly=False | Shared=True | Id=7626175
INFO | Candidate: NWB_DimHeight | Scope=instance | Storage=String | ReadOnly=False | Shared=True | Id=7626170
SOURCE | Element 13773211 | Cat=Ducts | Family=Rectangular Duct | Type= | Level=LEVEL 09 | Name=Flanged Long Radius Elbows / Shoe Branch | System=Supply Air | SizeText=250x200 | Width=250 | Height=200 | Diameter=
ELEMENT | 13773211 | Size='250x200' | Width='250' | Height='200' | Diameter='' | Statuses=NWB_DimWidth:SKIP; NWB_DimHeight:SKIP; NWB_DimDiameter:SKIP
INFO | Candidate: NWB_DimWidth | Scope=instance | Storage=Double | ReadOnly=False | Shared=True | Id=3045165
INFO | Candidate: NWB_DimWidth | Scope=instance | Storage=String | ReadOnly=False | Shared=True | Id=7626175
INFO | Found 2 parameters named NWB_DimWidth
INFO | SELECTED | Shared Parameter | Scope=instance | ReadOnly=False | Id=7626175
INFO | SELECTED | Shared Parameter | Scope=instance | ReadOnly=False | Id=3045165
INFO | Candidate: NWB_DimHeight | Scope=instance | Storage=Double | ReadOnly=False | Shared=True | Id=3045163
INFO | Candidate: NWB_DimHeight | Scope=instance | Storage=String | ReadOnly=False | Shared=True | Id=7626170
INFO | Found 2 parameters named NWB_DimHeight
INFO | SELECTED | Shared Parameter | Scope=instance | ReadOnly=False | Id=7626170
INFO | SELECTED | Shared Parameter | Scope=instance | ReadOnly=False | Id=3045163
SOURCE | Element 13773213 | Cat=Duct Fittings | Family=MHT-ME-DF-Rectangular Short Radius Bend - Flanged | Type= | Level=LEVEL 09 | Name=MHT-ME-DF-Rectangular Short Radius Bend - Flanged | System=Supply Air | SizeText=250x200-250x200 | Width=250 | Height=200 | Diameter=
ELEMENT | 13773213 | Size='250x200-250x200' | Width='250' | Height='200' | Diameter='' | Statuses=NWB_DimWidth:SKIP; NWB_DimHeight:SKIP; NWB_DimDiameter:SKIP
INFO | Candidate: NWB_DimWidth | Scope=instance | Storage=Double | ReadOnly=False | Shared=True | Id=3045165
INFO | Candidate: NWB_DimWidth | Scope=instance | Storage=String | ReadOnly=False | Shared=True | Id=7626175
INFO | Found 2 parameters named NWB_DimWidth
INFO | SELECTED | Shared Parameter | Scope=instance | ReadOnly=False | Id=7626175
INFO | SELECTED | Shared Parameter | Scope=instance | ReadOnly=False | Id=3045165
INFO | Candidate: NWB_DimHeight | Scope=instance | Storage=Double | ReadOnly=False | Shared=True | Id=3045163
INFO | Candidate: NWB_DimHeight | Scope=instance | Storage=String | ReadOnly=False | Shared=True | Id=7626170
INFO | Found 2 parameters named NWB_DimHeight
INFO | SELECTED | Shared Parameter | Scope=instance | ReadOnly=False | Id=7626170
INFO | SELECTED | Shared Parameter | Scope=instance | ReadOnly=False | Id=3045163
SOURCE | Element 13773216 | Cat=Duct Fittings | Family=MHT-ME-DF-Rectangular Short Radius Bend - Flanged | Type= | Level=LEVEL 09 | Name=MHT-ME-DF-Rectangular Short Radius Bend - Flanged | System=Supply Air | SizeText=250x200-250x200 | Width=250 | Height=200 | Diameter=
ELEMENT | 13773216 | Size='250x200-250x200' | Width='250' | Height='200' | Diameter='' | Statuses=NWB_DimWidth:SKIP; NWB_DimHeight:SKIP; NWB_DimDiameter:SKIP
INFO | Candidate: NWB_DimWidth | Scope=instance | Storage=String | ReadOnly=False | Shared=True | Id=7626175
INFO | Element 14668084 | NWB_DimWidth | Kind=Shared Parameter | Scope=instance | Storage=String | Old='' | New='200'
INFO | Candidate: NWB_DimHeight | Scope=instance | Storage=String | ReadOnly=False | Shared=True | Id=7626170
INFO | Element 14668084 | NWB_DimHeight | Kind=Shared Parameter | Scope=instance | Storage=String | Old='' | New='200'
INFO | Candidate: NWB_DimDiameter | Scope=instance | Storage=String | ReadOnly=False | Shared=True | Id=7626172
SOURCE | Element 14668084 | Cat=Air Terminals | Family=MHT_AT_RA ECG cw plenum | Type= | Level=LEVEL 09 | Name=Damper | System=Return Air | SizeText=200x200 | Width=200 | Height=200 | Diameter=200
ELEMENT | 14668084 | Size='200x200' | Width='200' | Height='200' | Diameter='200' | Statuses=NWB_DimWidth:OK; NWB_DimHeight:OK; NWB_DimDiameter:SKIP
INFO | Candidate: NWB_DimWidth | Scope=instance | Storage=String | ReadOnly=False | Shared=True | Id=7626175
INFO | Element 14670915 | NWB_DimWidth | Kind=Shared Parameter | Scope=instance | Storage=String | Old='' | New='200'
INFO | Candidate: NWB_DimHeight | Scope=instance | Storage=String | ReadOnly=False | Shared=True | Id=7626170
INFO | Element 14670915 | NWB_DimHeight | Kind=Shared Parameter | Scope=instance | Storage=String | Old='' | New='200'
INFO | Candidate: NWB_DimDiameter | Scope=instance | Storage=String | ReadOnly=False | Shared=True | Id=7626172
SOURCE | Element 14670915 | Cat=Air Terminals | Family=MHT_AT_RA ECG cw plenum | Type= | Level=LEVEL 09 | Name=Damper | System=Return Air | SizeText=200x200 | Width=200 | Height=200 | Diameter=150
ELEMENT | 14670915 | Size='200x200' | Width='200' | Height='200' | Diameter='150' | Statuses=NWB_DimWidth:OK; NWB_DimHeight:OK; NWB_DimDiameter:SKIP
INFO | Candidate: NWB_DimWidth | Scope=instance | Storage=String | ReadOnly=False | Shared=True | Id=7626175
INFO | Candidate: NWB_DimHeight | Scope=instance | Storage=String | ReadOnly=False | Shared=True | Id=7626170
INFO | Candidate: NWB_DimDiameter | Scope=instance | Storage=String | ReadOnly=False | Shared=True | Id=7626172
INFO | Element 14685772 | NWB_DimDiameter | Kind=Shared Parameter | Scope=instance | Storage=String | Old='' | New='0'
SOURCE | Element 14685772 | Cat=Air Terminals | Family=MHT-ME-AT - Supply Air Grille | Type= | Level= | Name=MHT-ME-AT - 600x600 | System=Supply Air | SizeText=0x1 | Width=0 | Height=1 | Diameter=0
ELEMENT | 14685772 | Size='0x1' | Width='0' | Height='1' | Diameter='0' | Statuses=NWB_DimWidth:SKIP; NWB_DimHeight:SKIP; NWB_DimDiameter:OK
INFO | Candidate: NWB_DimWidth | Scope=instance | Storage=String | ReadOnly=False | Shared=True | Id=7626175
INFO | Candidate: NWB_DimHeight | Scope=instance | Storage=String | ReadOnly=False | Shared=True | Id=7626170
INFO | Candidate: NWB_DimDiameter | Scope=instance | Storage=String | ReadOnly=False | Shared=True | Id=7626172
INFO | Element 14685827 | NWB_DimDiameter | Kind=Shared Parameter | Scope=instance | Storage=String | Old='' | New='0'
SOURCE | Element 14685827 | Cat=Air Terminals | Family=MHT-ME-AT - Supply Air Grille | Type= | Level= | Name=MHT-ME-AT - 600x600 | System=Supply Air | SizeText=0x1 | Width=0 | Height=1 | Diameter=0
ELEMENT | 14685827 | Size='0x1' | Width='0' | Height='1' | Diameter='0' | Statuses=NWB_DimWidth:SKIP; NWB_DimHeight:SKIP; NWB_DimDiameter:OK
INFO | Candidate: NWB_DimWidth | Scope=instance | Storage=String | ReadOnly=False | Shared=True | Id=7626175
INFO | Element 14702762 | NWB_DimWidth | Kind=Shared Parameter | Scope=instance | Storage=String | Old='' | New='200'
INFO | Candidate: NWB_DimHeight | Scope=instance | Storage=String | ReadOnly=False | Shared=True | Id=7626170
INFO | Element 14702762 | NWB_DimHeight | Kind=Shared Parameter | Scope=instance | Storage=String | Old='' | New='200'
INFO | Candidate: NWB_DimDiameter | Scope=instance | Storage=String | ReadOnly=False | Shared=True | Id=7626172
SOURCE | Element 14702762 | Cat=Air Terminals | Family=MHT_AT_RA ECG cw plenum | Type= | Level=LEVEL 09 | Name=Damper | System=Return Air | SizeText=200x200 | Width=200 | Height=200 | Diameter=200
ELEMENT | 14702762 | Size='200x200' | Width='200' | Height='200' | Diameter='200' | Statuses=NWB_DimWidth:OK; NWB_DimHeight:OK; NWB_DimDiameter:SKIP
INFO | Candidate: NWB_DimWidth | Scope=instance | Storage=String | ReadOnly=False | Shared=True | Id=7626175
INFO | Candidate: NWB_DimHeight | Scope=instance | Storage=String | ReadOnly=False | Shared=True | Id=7626170
SOURCE | Element 14846845 | Cat=Duct Fittings | Family=MHT-ME-DF-Square Cap-BMA | Type= | Level=LEVEL 09 | Name=Standard | System=Supply Air | SizeText=200x300 | Width=200 | Height=300 | Diameter=
ELEMENT | 14846845 | Size='200x300' | Width='200' | Height='300' | Diameter='' | Statuses=NWB_DimWidth:SKIP; NWB_DimHeight:SKIP; NWB_DimDiameter:SKIP
INFO | Candidate: NWB_DimWidth | Scope=instance | Storage=String | ReadOnly=False | Shared=True | Id=7626175
INFO | Candidate: NWB_DimHeight | Scope=instance | Storage=String | ReadOnly=False | Shared=True | Id=7626170
SOURCE | Element 14846948 | Cat=Duct Fittings | Family=MHT-ME-DF-Square Cap-BMA | Type= | Level=LEVEL 09 | Name=Standard | System=Supply Air | SizeText=200x300 | Width=200 | Height=300 | Diameter=
ELEMENT | 14846948 | Size='200x300' | Width='200' | Height='300' | Diameter='' | Statuses=NWB_DimWidth:SKIP; NWB_DimHeight:SKIP; NWB_DimDiameter:SKIP
INFO | Candidate: NWB_DimWidth | Scope=instance | Storage=String | ReadOnly=False | Shared=True | Id=7626175
INFO | Candidate: NWB_DimHeight | Scope=instance | Storage=String | ReadOnly=False | Shared=True | Id=7626170
SOURCE | Element 14848117 | Cat=Ducts | Family=Rectangular Duct | Type= | Level=LEVEL 09 | Name=Flanged Long Radius Elbows / Shoe Branch | System=Exhaust Air | SizeText=250x300 | Width=250 | Height=300 | Diameter=
ELEMENT | 14848117 | Size='250x300' | Width='250' | Height='300' | Diameter='' | Statuses=NWB_DimWidth:SKIP; NWB_DimHeight:SKIP; NWB_DimDiameter:SKIP
INFO | Candidate: NWB_DimDiameter | Scope=instance | Storage=String | ReadOnly=False | Shared=True | Id=7626172
INFO | Element 14848126 | NWB_DimDiameter | Kind=Shared Parameter | Scope=instance | Storage=String | Old='' | New='200'
SOURCE | Element 14848126 | Cat=Flex Ducts | Family=Flex Duct Round | Type= | Level=LEVEL 09 | Name=Flex - Round | System=Exhaust Air | SizeText=200 mmø | Width= | Height= | Diameter=200
ELEMENT | 14848126 | Size='200 mmø' | Width='' | Height='' | Diameter='200' | Statuses=NWB_DimWidth:SKIP; NWB_DimHeight:SKIP; NWB_DimDiameter:OK
INFO | Candidate: NWB_DimWidth | Scope=instance | Storage=String | ReadOnly=False | Shared=True | Id=7626175
INFO | Element 14848128 | NWB_DimWidth | Kind=Shared Parameter | Scope=instance | Storage=String | Old='' | New='200'
INFO | Candidate: NWB_DimHeight | Scope=instance | Storage=String | ReadOnly=False | Shared=True | Id=7626170
INFO | Element 14848128 | NWB_DimHeight | Kind=Shared Parameter | Scope=instance | Storage=String | Old='' | New='200'
INFO | Candidate: NWB_DimDiameter | Scope=instance | Storage=String | ReadOnly=False | Shared=True | Id=7626172
SOURCE | Element 14848128 | Cat=Air Terminals | Family=MHT_AT_RA ECG cw plenum | Type= | Level=LEVEL 09 | Name=Damper | System=Return Air | SizeText=200x200 | Width=200 | Height=200 | Diameter=200
ELEMENT | 14848128 | Size='200x200' | Width='200' | Height='200' | Diameter='200' | Statuses=NWB_DimWidth:OK; NWB_DimHeight:OK; NWB_DimDiameter:SKIP
INFO | Candidate: NWB_DimDiameter | Scope=instance | Storage=String | ReadOnly=False | Shared=True | Id=7626172
SOURCE | Element 14848153 | Cat=Duct Fittings | Family=MHT_DF_Spigot | Type= | Level=LEVEL 09 | Name=Damper | System=Exhaust Air | SizeText=200ø-200ø | Width= | Height= | Diameter=200
ELEMENT | 14848153 | Size='200ø-200ø' | Width='' | Height='' | Diameter='200' | Statuses=NWB_DimWidth:SKIP; NWB_DimHeight:SKIP; NWB_DimDiameter:SKIP
INFO | Candidate: NWB_DimDiameter | Scope=instance | Storage=String | ReadOnly=False | Shared=True | Id=7626172
SOURCE | Element 14848614 | Cat=Duct Fittings | Family=MHT_DF_Spigot | Type= | Level=LEVEL 09 | Name=Damper | System=Exhaust Air | SizeText=200ø-200ø | Width= | Height= | Diameter=200
ELEMENT | 14848614 | Size='200ø-200ø' | Width='' | Height='' | Diameter='200' | Statuses=NWB_DimWidth:SKIP; NWB_DimHeight:SKIP; NWB_DimDiameter:SKIP
INFO | Candidate: NWB_DimWidth | Scope=instance | Storage=String | ReadOnly=False | Shared=True | Id=7626175
INFO | Candidate: NWB_DimHeight | Scope=instance | Storage=String | ReadOnly=False | Shared=True | Id=7626170
SOURCE | Element 14848634 | Cat=Duct Fittings | Family=MHT-ME-DF-Square Cap-BMA | Type= | Level=LEVEL 09 | Name=Standard | System=Exhaust Air | SizeText=200x250 | Width=200 | Height=250 | Diameter=
ELEMENT | 14848634 | Size='200x250' | Width='200' | Height='250' | Diameter='' | Statuses=NWB_DimWidth:SKIP; NWB_DimHeight:SKIP; NWB_DimDiameter:SKIP
INFO | Candidate: NWB_DimWidth | Scope=instance | Storage=Double | ReadOnly=False | Shared=True | Id=3045165
INFO | Candidate: NWB_DimWidth | Scope=instance | Storage=String | ReadOnly=False | Shared=True | Id=7626175
INFO | Found 2 parameters named NWB_DimWidth
INFO | SELECTED | Shared Parameter | Scope=instance | ReadOnly=False | Id=7626175
INFO | SELECTED | Shared Parameter | Scope=instance | ReadOnly=False | Id=3045165
INFO | Candidate: NWB_DimHeight | Scope=instance | Storage=Double | ReadOnly=False | Shared=True | Id=3045163
INFO | Candidate: NWB_DimHeight | Scope=instance | Storage=String | ReadOnly=False | Shared=True | Id=7626170
INFO | Found 2 parameters named NWB_DimHeight
INFO | SELECTED | Shared Parameter | Scope=instance | ReadOnly=False | Id=7626170
INFO | SELECTED | Shared Parameter | Scope=instance | ReadOnly=False | Id=3045163
SOURCE | Element 14849564 | Cat=Duct Fittings | Family=MHT-ME-DF-Rectangular Short Radius Bend - Flanged | Type= | Level=LEVEL 09 | Name=MHT-ME-DF-Rectangular Short Radius Bend - Flanged | System=Exhaust Air | SizeText=250x300-250x300 | Width=250 | Height=300 | Diameter=
ELEMENT | 14849564 | Size='250x300-250x300' | Width='250' | Height='300' | Diameter='' | Statuses=NWB_DimWidth:SKIP; NWB_DimHeight:SKIP; NWB_DimDiameter:SKIP
INFO | Candidate: NWB_DimWidth | Scope=instance | Storage=String | ReadOnly=False | Shared=True | Id=7626175
INFO | Candidate: NWB_DimHeight | Scope=instance | Storage=String | ReadOnly=False | Shared=True | Id=7626170
SOURCE | Element 14855358 | Cat=Ducts | Family=Rectangular Duct | Type= | Level=LEVEL 09 | Name=Flanged Long Radius Elbows / Shoe Branch | System=Supply Air | SizeText=300x200 | Width=300 | Height=200 | Diameter=
ELEMENT | 14855358 | Size='300x200' | Width='300' | Height='200' | Diameter='' | Statuses=NWB_DimWidth:SKIP; NWB_DimHeight:SKIP; NWB_DimDiameter:SKIP
INFO | Candidate: NWB_DimWidth | Scope=instance | Storage=Double | ReadOnly=False | Shared=True | Id=3045165
INFO | Candidate: NWB_DimWidth | Scope=instance | Storage=String | ReadOnly=False | Shared=True | Id=7626175
INFO | Found 2 parameters named NWB_DimWidth
INFO | SELECTED | Shared Parameter | Scope=instance | ReadOnly=False | Id=7626175
INFO | SELECTED | Shared Parameter | Scope=instance | ReadOnly=False | Id=3045165
INFO | Candidate: NWB_DimHeight | Scope=instance | Storage=Double | ReadOnly=False | Shared=True | Id=3045163
INFO | Candidate: NWB_DimHeight | Scope=instance | Storage=String | ReadOnly=False | Shared=True | Id=7626170
INFO | Found 2 parameters named NWB_DimHeight
INFO | SELECTED | Shared Parameter | Scope=instance | ReadOnly=False | Id=7626170
INFO | SELECTED | Shared Parameter | Scope=instance | ReadOnly=False | Id=3045163
SOURCE | Element 14855361 | Cat=Duct Fittings | Family=MHT-ME-DF-Rectangular Short Radius Bend - Flanged | Type= | Level=LEVEL 09 | Name=MHT-ME-DF-Rectangular Short Radius Bend - Flanged | System=Supply Air | SizeText=300x200-300x200 | Width=300 | Height=200 | Diameter=
ELEMENT | 14855361 | Size='300x200-300x200' | Width='300' | Height='200' | Diameter='' | Statuses=NWB_DimWidth:SKIP; NWB_DimHeight:SKIP; NWB_DimDiameter:SKIP
INFO | Candidate: NWB_DimDiameter | Scope=instance | Storage=String | ReadOnly=False | Shared=True | Id=7626172
INFO | Element 14855362 | NWB_DimDiameter | Kind=Shared Parameter | Scope=instance | Storage=String | Old='' | New='150'
SOURCE | Element 14855362 | Cat=Flex Ducts | Family=Flex Duct Round | Type= | Level=LEVEL 09 | Name=Flex - Round | System=Supply Air | SizeText=150 mmø | Width= | Height= | Diameter=150
ELEMENT | 14855362 | Size='150 mmø' | Width='' | Height='' | Diameter='150' | Statuses=NWB_DimWidth:SKIP; NWB_DimHeight:SKIP; NWB_DimDiameter:OK
SKIP | Element 14855364 | Size empty | Cat=Mechanical Equipment | Family=MHT-ME-VAV TZ | Type= | Level=LEVEL 09 | Name=AW-S 04 (200L/S)
INFO | Candidate: NWB_DimWidth | Scope=instance | Storage=String | ReadOnly=False | Shared=True | Id=7626175
INFO | Candidate: NWB_DimHeight | Scope=instance | Storage=String | ReadOnly=False | Shared=True | Id=7626170
SOURCE | Element 14855366 | Cat=Ducts | Family=Rectangular Duct | Type= | Level=LEVEL 09 | Name=Flanged Medium Radius Elbows / Shoe Branch | System=Supply Air | SizeText=200x250 | Width=200 | Height=250 | Diameter=
ELEMENT | 14855366 | Size='200x250' | Width='200' | Height='250' | Diameter='' | Statuses=NWB_DimWidth:SKIP; NWB_DimHeight:SKIP; NWB_DimDiameter:SKIP
INFO | Candidate: NWB_DimWidth | Scope=instance | Storage=String | ReadOnly=False | Shared=True | Id=7626175
INFO | Candidate: NWB_DimHeight | Scope=instance | Storage=String | ReadOnly=False | Shared=True | Id=7626170
SOURCE | Element 14855368 | Cat=Ducts | Family=Rectangular Duct | Type= | Level=LEVEL 09 | Name=Flanged Long Radius Elbows / Shoe Branch | System=Supply Air | SizeText=100x200 | Width=100 | Height=200 | Diameter=
ELEMENT | 14855368 | Size='100x200' | Width='100' | Height='200' | Diameter='' | Statuses=NWB_DimWidth:SKIP; NWB_DimHeight:SKIP; NWB_DimDiameter:SKIP
INFO | Candidate: NWB_DimWidth | Scope=instance | Storage=String | ReadOnly=False | Shared=True | Id=7626175
INFO | Candidate: NWB_DimHeight | Scope=instance | Storage=String | ReadOnly=False | Shared=True | Id=7626170
SOURCE | Element 14855369 | Cat=Duct Fittings | Family=MHT-ME-DF-Rectangular Shoe Branch - Flanged | Type= | Level=LEVEL 09 | Name=Standard | System=Supply Air | SizeText=100x200-100x200 | Width=100 | Height=200 | Diameter=
ELEMENT | 14855369 | Size='100x200-100x200' | Width='100' | Height='200' | Diameter='' | Statuses=NWB_DimWidth:SKIP; NWB_DimHeight:SKIP; NWB_DimDiameter:SKIP
INFO | Candidate: NWB_DimDiameter | Scope=instance | Storage=String | ReadOnly=False | Shared=True | Id=7626172
SOURCE | Element 14855372 | Cat=Duct Fittings | Family=MHT_DF_Spigot | Type= | Level=LEVEL 09 | Name=Damper | System=Supply Air | SizeText=150ø-150ø | Width= | Height= | Diameter=150
ELEMENT | 14855372 | Size='150ø-150ø' | Width='' | Height='' | Diameter='150' | Statuses=NWB_DimWidth:SKIP; NWB_DimHeight:SKIP; NWB_DimDiameter:SKIP
INFO | Candidate: NWB_DimWidth | Scope=instance | Storage=Double | ReadOnly=False | Shared=True | Id=3045165
INFO | Candidate: NWB_DimWidth | Scope=instance | Storage=String | ReadOnly=False | Shared=True | Id=7626175
INFO | Found 2 parameters named NWB_DimWidth
INFO | SELECTED | Shared Parameter | Scope=instance | ReadOnly=False | Id=7626175
INFO | SELECTED | Shared Parameter | Scope=instance | ReadOnly=False | Id=3045165
INFO | Candidate: NWB_DimHeight | Scope=instance | Storage=Double | ReadOnly=False | Shared=True | Id=3045163
INFO | Candidate: NWB_DimHeight | Scope=instance | Storage=String | ReadOnly=False | Shared=True | Id=7626170
INFO | Found 2 parameters named NWB_DimHeight
INFO | SELECTED | Shared Parameter | Scope=instance | ReadOnly=False | Id=7626170
INFO | SELECTED | Shared Parameter | Scope=instance | ReadOnly=False | Id=3045163
SOURCE | Element 14855375 | Cat=Duct Fittings | Family=MHT-ME-DF-Rectangular Eccentric Taper - Flanged-01 | Type= | Level=LEVEL 09 | Name=Standard | System=Supply Air | SizeText=250x255-200x250 | Width=250 | Height=255 | Diameter=
ELEMENT | 14855375 | Size='250x255-200x250' | Width='250' | Height='255' | Diameter='' | Statuses=NWB_DimWidth:SKIP; NWB_DimHeight:SKIP; NWB_DimDiameter:SKIP
INFO | Candidate: NWB_DimWidth | Scope=instance | Storage=String | ReadOnly=False | Shared=True | Id=7626175
INFO | Candidate: NWB_DimHeight | Scope=instance | Storage=String | ReadOnly=False | Shared=True | Id=7626170
SOURCE | Element 14855377 | Cat=Duct Fittings | Family=MHT-ME-DF-Square Cap-BMA | Type= | Level=LEVEL 09 | Name=Standard | System=Supply Air | SizeText=200x250 | Width=200 | Height=250 | Diameter=
ELEMENT | 14855377 | Size='200x250' | Width='200' | Height='250' | Diameter='' | Statuses=NWB_DimWidth:SKIP; NWB_DimHeight:SKIP; NWB_DimDiameter:SKIP
INFO | Candidate: NWB_DimWidth | Scope=instance | Storage=String | ReadOnly=False | Shared=True | Id=7626175
INFO | Element 14855380 | NWB_DimWidth | Kind=Shared Parameter | Scope=instance | Storage=String | Old='' | New='600'
INFO | Candidate: NWB_DimHeight | Scope=instance | Storage=String | ReadOnly=False | Shared=True | Id=7626170
INFO | Element 14855380 | NWB_DimHeight | Kind=Shared Parameter | Scope=instance | Storage=String | Old='' | New='400'
INFO | Candidate: NWB_DimDiameter | Scope=instance | Storage=String | ReadOnly=False | Shared=True | Id=7626172
SOURCE | Element 14855380 | Cat=Air Terminals | Family=MHT_AT_S Air Diff Swirl | Type= | Level=LEVEL 09 | Name=No Damper | System=Supply Air | SizeText=600x400 | Width=600 | Height=400 | Diameter=300
ELEMENT | 14855380 | Size='600x400' | Width='600' | Height='400' | Diameter='300' | Statuses=NWB_DimWidth:OK; NWB_DimHeight:OK; NWB_DimDiameter:SKIP
INFO | Candidate: NWB_DimWidth | Scope=instance | Storage=String | ReadOnly=False | Shared=True | Id=7626175
INFO | Candidate: NWB_DimHeight | Scope=instance | Storage=String | ReadOnly=False | Shared=True | Id=7626170
SOURCE | Element 14855388 | Cat=Ducts | Family=Rectangular Duct | Type= | Level=LEVEL 09 | Name=Flanged Long Radius Elbows / Shoe Branch | System=Supply Air | SizeText=150x200 | Width=150 | Height=200 | Diameter=
ELEMENT | 14855388 | Size='150x200' | Width='150' | Height='200' | Diameter='' | Statuses=NWB_DimWidth:SKIP; NWB_DimHeight:SKIP; NWB_DimDiameter:SKIP
INFO | Candidate: NWB_DimWidth | Scope=instance | Storage=String | ReadOnly=False | Shared=True | Id=7626175
INFO | Candidate: NWB_DimHeight | Scope=instance | Storage=String | ReadOnly=False | Shared=True | Id=7626170
SOURCE | Element 14855390 | Cat=Ducts | Family=Rectangular Duct | Type= | Level=LEVEL 09 | Name=Flanged Long Radius Elbows / Shoe Branch | System=Supply Air | SizeText=150x200 | Width=150 | Height=200 | Diameter=
ELEMENT | 14855390 | Size='150x200' | Width='150' | Height='200' | Diameter='' | Statuses=NWB_DimWidth:SKIP; NWB_DimHeight:SKIP; NWB_DimDiameter:SKIP
SKIP | Element 14855394 | Size empty | Cat=Mechanical Equipment | Family=MHT-ME-VAV TZ | Type= | Level=LEVEL 09 | Name=AW-S 08 (450L/S)
INFO | Candidate: NWB_DimWidth | Scope=instance | Storage=String | ReadOnly=False | Shared=True | Id=7626175
INFO | Element 14855399 | NWB_DimWidth | Kind=Shared Parameter | Scope=instance | Storage=String | Old='' | New='600'
INFO | Candidate: NWB_DimHeight | Scope=instance | Storage=String | ReadOnly=False | Shared=True | Id=7626170
INFO | Element 14855399 | NWB_DimHeight | Kind=Shared Parameter | Scope=instance | Storage=String | Old='' | New='600'
INFO | Candidate: NWB_DimDiameter | Scope=instance | Storage=String | ReadOnly=False | Shared=True | Id=7626172
SOURCE | Element 14855399 | Cat=Air Terminals | Family=MHT_AT_RA ECG cw plenum | Type= | Level=LEVEL 09 | Name=Damper | System=Return Air | SizeText=600x600 | Width=600 | Height=600 | Diameter=300
ELEMENT | 14855399 | Size='600x600' | Width='600' | Height='600' | Diameter='300' | Statuses=NWB_DimWidth:OK; NWB_DimHeight:OK; NWB_DimDiameter:SKIP
INFO | Candidate: NWB_DimWidth | Scope=instance | Storage=String | ReadOnly=False | Shared=True | Id=7626175
INFO | Candidate: NWB_DimHeight | Scope=instance | Storage=String | ReadOnly=False | Shared=True | Id=7626170
SOURCE | Element 14855402 | Cat=Ducts | Family=Rectangular Duct | Type= | Level=LEVEL 09 | Name=Flanged Long Radius Elbows / Shoe Branch | System=Return Air | SizeText=150x325 | Width=150 | Height=325 | Diameter=
ELEMENT | 14855402 | Size='150x325' | Width='150' | Height='325' | Diameter='' | Statuses=NWB_DimWidth:SKIP; NWB_DimHeight:SKIP; NWB_DimDiameter:SKIP
INFO | Candidate: NWB_DimWidth | Scope=instance | Storage=String | ReadOnly=False | Shared=True | Id=7626175
INFO | Candidate: NWB_DimHeight | Scope=instance | Storage=String | ReadOnly=False | Shared=True | Id=7626170
SOURCE | Element 14855404 | Cat=Duct Fittings | Family=MHT-ME-DF-Square Cap-BMA | Type= | Level=LEVEL 09 | Name=Standard | System=Return Air | SizeText=150x325 | Width=150 | Height=325 | Diameter=
ELEMENT | 14855404 | Size='150x325' | Width='150' | Height='325' | Diameter='' | Statuses=NWB_DimWidth:SKIP; NWB_DimHeight:SKIP; NWB_DimDiameter:SKIP
INFO | Candidate: NWB_DimDiameter | Scope=instance | Storage=String | ReadOnly=False | Shared=True | Id=7626172
SOURCE | Element 14855406 | Cat=Duct Fittings | Family=MHT_DF_Spigot | Type= | Level=LEVEL 09 | Name=Damper | System=Return Air | SizeText=300ø-300ø | Width= | Height= | Diameter=300
ELEMENT | 14855406 | Size='300ø-300ø' | Width='' | Height='' | Diameter='300' | Statuses=NWB_DimWidth:SKIP; NWB_DimHeight:SKIP; NWB_DimDiameter:SKIP
INFO | Candidate: NWB_DimWidth | Scope=instance | Storage=String | ReadOnly=False | Shared=True | Id=7626175
INFO | Candidate: NWB_DimHeight | Scope=instance | Storage=String | ReadOnly=False | Shared=True | Id=7626170
SOURCE | Element 14855408 | Cat=Duct Fittings | Family=MHT-ME-DF-Rectangular Shoe Branch - Flanged | Type= | Level=LEVEL 09 | Name=Standard | System=Return Air | SizeText=150x325-150x325 | Width=150 | Height=325 | Diameter=
ELEMENT | 14855408 | Size='150x325-150x325' | Width='150' | Height='325' | Diameter='' | Statuses=NWB_DimWidth:SKIP; NWB_DimHeight:SKIP; NWB_DimDiameter:SKIP
INFO | Candidate: NWB_DimWidth | Scope=instance | Storage=String | ReadOnly=False | Shared=True | Id=7626175
INFO | Candidate: NWB_DimHeight | Scope=instance | Storage=String | ReadOnly=False | Shared=True | Id=7626170
SOURCE | Element 14855412 | Cat=Ducts | Family=Rectangular Duct | Type= | Level=LEVEL 09 | Name=Flanged Long Radius Elbows / Shoe Branch | System=Return Air | SizeText=250x150 | Width=250 | Height=150 | Diameter=
ELEMENT | 14855412 | Size='250x150' | Width='250' | Height='150' | Diameter='' | Statuses=NWB_DimWidth:SKIP; NWB_DimHeight:SKIP; NWB_DimDiameter:SKIP
INFO | Candidate: NWB_DimWidth | Scope=instance | Storage=String | ReadOnly=False | Shared=True | Id=7626175
INFO | Candidate: NWB_DimHeight | Scope=instance | Storage=String | ReadOnly=False | Shared=True | Id=7626170
SOURCE | Element 14855413 | Cat=Ducts | Family=Rectangular Duct | Type= | Level=LEVEL 09 | Name=Flanged Long Radius Elbows / Shoe Branch | System=Return Air | SizeText=250x150 | Width=250 | Height=150 | Diameter=
ELEMENT | 14855413 | Size='250x150' | Width='250' | Height='150' | Diameter='' | Statuses=NWB_DimWidth:SKIP; NWB_DimHeight:SKIP; NWB_DimDiameter:SKIP
INFO | Candidate: NWB_DimWidth | Scope=instance | Storage=Double | ReadOnly=False | Shared=True | Id=3045165
INFO | Candidate: NWB_DimWidth | Scope=instance | Storage=String | ReadOnly=False | Shared=True | Id=7626175
INFO | Found 2 parameters named NWB_DimWidth
INFO | SELECTED | Shared Parameter | Scope=instance | ReadOnly=False | Id=7626175
INFO | SELECTED | Shared Parameter | Scope=instance | ReadOnly=False | Id=3045165
INFO | Candidate: NWB_DimHeight | Scope=instance | Storage=Double | ReadOnly=False | Shared=True | Id=3045163
INFO | Candidate: NWB_DimHeight | Scope=instance | Storage=String | ReadOnly=False | Shared=True | Id=7626170
INFO | Found 2 parameters named NWB_DimHeight
INFO | SELECTED | Shared Parameter | Scope=instance | ReadOnly=False | Id=7626170
INFO | SELECTED | Shared Parameter | Scope=instance | ReadOnly=False | Id=3045163
SOURCE | Element 14855414 | Cat=Duct Fittings | Family=MHT-ME-DF-Rectangular Short Radius Bend - Flanged | Type= | Level=LEVEL 09 | Name=MHT-ME-DF-Rectangular Short Radius Bend - Flanged | System=Return Air | SizeText=250x150-250x150 | Width=250 | Height=150 | Diameter=
ELEMENT | 14855414 | Size='250x150-250x150' | Width='250' | Height='150' | Diameter='' | Statuses=NWB_DimWidth:SKIP; NWB_DimHeight:SKIP; NWB_DimDiameter:SKIP
INFO | Candidate: NWB_DimWidth | Scope=instance | Storage=String | ReadOnly=False | Shared=True | Id=7626175
INFO | Candidate: NWB_DimHeight | Scope=instance | Storage=String | ReadOnly=False | Shared=True | Id=7626170
SOURCE | Element 14855415 | Cat=Ducts | Family=Rectangular Duct | Type= | Level=LEVEL 09 | Name=Flanged Long Radius Elbows / Shoe Branch | System=Return Air | SizeText=250x150 | Width=250 | Height=150 | Diameter=
ELEMENT | 14855415 | Size='250x150' | Width='250' | Height='150' | Diameter='' | Statuses=NWB_DimWidth:SKIP; NWB_DimHeight:SKIP; NWB_DimDiameter:SKIP
INFO | Candidate: NWB_DimWidth | Scope=instance | Storage=Double | ReadOnly=False | Shared=True | Id=3045165
INFO | Candidate: NWB_DimWidth | Scope=instance | Storage=String | ReadOnly=False | Shared=True | Id=7626175
INFO | Found 2 parameters named NWB_DimWidth
INFO | SELECTED | Shared Parameter | Scope=instance | ReadOnly=False | Id=7626175
INFO | SELECTED | Shared Parameter | Scope=instance | ReadOnly=False | Id=3045165
INFO | Candidate: NWB_DimHeight | Scope=instance | Storage=Double | ReadOnly=False | Shared=True | Id=3045163
INFO | Candidate: NWB_DimHeight | Scope=instance | Storage=String | ReadOnly=False | Shared=True | Id=7626170
INFO | Found 2 parameters named NWB_DimHeight
INFO | SELECTED | Shared Parameter | Scope=instance | ReadOnly=False | Id=7626170
INFO | SELECTED | Shared Parameter | Scope=instance | ReadOnly=False | Id=3045163
SOURCE | Element 14855417 | Cat=Duct Fittings | Family=MHT-ME-DF-Rectangular Short Radius Bend - Flanged | Type= | Level=LEVEL 09 | Name=MHT-ME-DF-Rectangular Short Radius Bend - Flanged | System=Return Air | SizeText=250x150-250x150 | Width=250 | Height=150 | Diameter=
ELEMENT | 14855417 | Size='250x150-250x150' | Width='250' | Height='150' | Diameter='' | Statuses=NWB_DimWidth:SKIP; NWB_DimHeight:SKIP; NWB_DimDiameter:SKIP
INFO | Candidate: NWB_DimDiameter | Scope=instance | Storage=String | ReadOnly=False | Shared=True | Id=7626172
INFO | Element 14855418 | NWB_DimDiameter | Kind=Shared Parameter | Scope=instance | Storage=String | Old='' | New='200'
SOURCE | Element 14855418 | Cat=Flex Ducts | Family=Flex Duct Round | Type= | Level=LEVEL 09 | Name=Flex - Round | System=Return Air | SizeText=200 mmø | Width= | Height= | Diameter=200
ELEMENT | 14855418 | Size='200 mmø' | Width='' | Height='' | Diameter='200' | Statuses=NWB_DimWidth:SKIP; NWB_DimHeight:SKIP; NWB_DimDiameter:OK
INFO | Candidate: NWB_DimWidth | Scope=instance | Storage=Double | ReadOnly=False | Shared=True | Id=3045165
INFO | Candidate: NWB_DimWidth | Scope=instance | Storage=String | ReadOnly=False | Shared=True | Id=7626175
INFO | Found 2 parameters named NWB_DimWidth
INFO | SELECTED | Shared Parameter | Scope=instance | ReadOnly=False | Id=7626175
INFO | SELECTED | Shared Parameter | Scope=instance | ReadOnly=False | Id=3045165
INFO | Candidate: NWB_DimHeight | Scope=instance | Storage=Double | ReadOnly=False | Shared=True | Id=3045163
INFO | Candidate: NWB_DimHeight | Scope=instance | Storage=String | ReadOnly=False | Shared=True | Id=7626170
INFO | Found 2 parameters named NWB_DimHeight
INFO | SELECTED | Shared Parameter | Scope=instance | ReadOnly=False | Id=7626170
INFO | SELECTED | Shared Parameter | Scope=instance | ReadOnly=False | Id=3045163
SOURCE | Element 14855422 | Cat=Duct Fittings | Family=MHT-ME-DF-Rectangular Short Radius Bend - Flanged | Type= | Level=LEVEL 09 | Name=MHT-ME-DF-Rectangular Short Radius Bend - Flanged | System=Supply Air | SizeText=150x200-150x200 | Width=150 | Height=200 | Diameter=
ELEMENT | 14855422 | Size='150x200-150x200' | Width='150' | Height='200' | Diameter='' | Statuses=NWB_DimWidth:SKIP; NWB_DimHeight:SKIP; NWB_DimDiameter:SKIP
INFO | Candidate: NWB_DimWidth | Scope=instance | Storage=String | ReadOnly=False | Shared=True | Id=7626175
INFO | Candidate: NWB_DimHeight | Scope=instance | Storage=String | ReadOnly=False | Shared=True | Id=7626170
SOURCE | Element 14855424 | Cat=Ducts | Family=Rectangular Duct | Type= | Level=LEVEL 09 | Name=Flanged Long Radius Elbows / Shoe Branch | System=Supply Air | SizeText=300x300 | Width=300 | Height=300 | Diameter=
ELEMENT | 14855424 | Size='300x300' | Width='300' | Height='300' | Diameter='' | Statuses=NWB_DimWidth:SKIP; NWB_DimHeight:SKIP; NWB_DimDiameter:SKIP
INFO | Candidate: NWB_DimWidth | Scope=instance | Storage=String | ReadOnly=False | Shared=True | Id=7626175
INFO | Element 14855439 | NWB_DimWidth | Kind=Shared Parameter | Scope=instance | Storage=String | Old='' | New='600'
INFO | Candidate: NWB_DimHeight | Scope=instance | Storage=String | ReadOnly=False | Shared=True | Id=7626170
INFO | Element 14855439 | NWB_DimHeight | Kind=Shared Parameter | Scope=instance | Storage=String | Old='' | New='350'
INFO | Candidate: NWB_DimDiameter | Scope=instance | Storage=String | ReadOnly=False | Shared=True | Id=7626172
SOURCE | Element 14855439 | Cat=Air Terminals | Family=MHT_AT_S Air Diff Swirl | Type= | Level=LEVEL 09 | Name=No Damper | System=Supply Air | SizeText=600x350 | Width=600 | Height=350 | Diameter=250
ELEMENT | 14855439 | Size='600x350' | Width='600' | Height='350' | Diameter='250' | Statuses=NWB_DimWidth:OK; NWB_DimHeight:OK; NWB_DimDiameter:SKIP
INFO | Candidate: NWB_DimDiameter | Scope=instance | Storage=String | ReadOnly=False | Shared=True | Id=7626172
SOURCE | Element 14855440 | Cat=Duct Fittings | Family=MHT_DF_Spigot | Type= | Level=LEVEL 09 | Name=Damper | System=Supply Air | SizeText=250ø-250ø | Width= | Height= | Diameter=250
ELEMENT | 14855440 | Size='250ø-250ø' | Width='' | Height='' | Diameter='250' | Statuses=NWB_DimWidth:SKIP; NWB_DimHeight:SKIP; NWB_DimDiameter:SKIP
INFO | Candidate: NWB_DimDiameter | Scope=instance | Storage=String | ReadOnly=False | Shared=True | Id=7626172
INFO | Element 14855442 | NWB_DimDiameter | Kind=Shared Parameter | Scope=instance | Storage=String | Old='' | New='250'
SOURCE | Element 14855442 | Cat=Flex Ducts | Family=Flex Duct Round | Type= | Level=LEVEL 09 | Name=Flex - Round | System=Supply Air | SizeText=250 mmø | Width= | Height= | Diameter=250
ELEMENT | 14855442 | Size='250 mmø' | Width='' | Height='' | Diameter='250' | Statuses=NWB_DimWidth:SKIP; NWB_DimHeight:SKIP; NWB_DimDiameter:OK
INFO | Candidate: NWB_DimWidth | Scope=instance | Storage=String | ReadOnly=False | Shared=True | Id=7626175
INFO | Candidate: NWB_DimHeight | Scope=instance | Storage=String | ReadOnly=False | Shared=True | Id=7626170
SOURCE | Element 14855453 | Cat=Duct Fittings | Family=MHT-ME-DF-Square Cap-BMA | Type= | Level=LEVEL 09 | Name=Standard | System=Supply Air | SizeText=300x300 | Width=300 | Height=300 | Diameter=
ELEMENT | 14855453 | Size='300x300' | Width='300' | Height='300' | Diameter='' | Statuses=NWB_DimWidth:SKIP; NWB_DimHeight:SKIP; NWB_DimDiameter:SKIP
INFO | Candidate: NWB_DimWidth | Scope=instance | Storage=Double | ReadOnly=False | Shared=True | Id=3045165
INFO | Candidate: NWB_DimWidth | Scope=instance | Storage=String | ReadOnly=False | Shared=True | Id=7626175
INFO | Found 2 parameters named NWB_DimWidth
INFO | SELECTED | Shared Parameter | Scope=instance | ReadOnly=False | Id=7626175
INFO | SELECTED | Shared Parameter | Scope=instance | ReadOnly=False | Id=3045165
INFO | Candidate: NWB_DimHeight | Scope=instance | Storage=Double | ReadOnly=False | Shared=True | Id=3045163
INFO | Candidate: NWB_DimHeight | Scope=instance | Storage=String | ReadOnly=False | Shared=True | Id=7626170
INFO | Found 2 parameters named NWB_DimHeight
INFO | SELECTED | Shared Parameter | Scope=instance | ReadOnly=False | Id=7626170
INFO | SELECTED | Shared Parameter | Scope=instance | ReadOnly=False | Id=3045163
SOURCE | Element 14855457 | Cat=Duct Fittings | Family=MHT-ME-DF-Rectangular Eccentric Taper - Flanged-01 | Type= | Level=LEVEL 09 | Name=Standard | System=Supply Air | SizeText=500x255-300x300 | Width=500 | Height=255 | Diameter=
ELEMENT | 14855457 | Size='500x255-300x300' | Width='500' | Height='255' | Diameter='' | Statuses=NWB_DimWidth:SKIP; NWB_DimHeight:SKIP; NWB_DimDiameter:SKIP
INFO | Candidate: NWB_DimWidth | Scope=instance | Storage=String | ReadOnly=False | Shared=True | Id=7626175
INFO | Candidate: NWB_DimHeight | Scope=instance | Storage=String | ReadOnly=False | Shared=True | Id=7626170
SOURCE | Element 14855461 | Cat=Duct Fittings | Family=MHT-ME-DF-Rectangular Shoe Branch - Flanged | Type= | Level=LEVEL 09 | Name=Standard | System=Supply Air | SizeText=150x200-150x200 | Width=150 | Height=200 | Diameter=
ELEMENT | 14855461 | Size='150x200-150x200' | Width='150' | Height='200' | Diameter='' | Statuses=NWB_DimWidth:SKIP; NWB_DimHeight:SKIP; NWB_DimDiameter:SKIP
INFO | Candidate: NWB_DimWidth | Scope=instance | Storage=Double | ReadOnly=False | Shared=True | Id=3045165
INFO | Candidate: NWB_DimWidth | Scope=instance | Storage=String | ReadOnly=False | Shared=True | Id=7626175
INFO | Found 2 parameters named NWB_DimWidth
INFO | SELECTED | Shared Parameter | Scope=instance | ReadOnly=False | Id=7626175
INFO | SELECTED | Shared Parameter | Scope=instance | ReadOnly=False | Id=3045165
INFO | Candidate: NWB_DimHeight | Scope=instance | Storage=Double | ReadOnly=False | Shared=True | Id=3045163
INFO | Candidate: NWB_DimHeight | Scope=instance | Storage=String | ReadOnly=False | Shared=True | Id=7626170
INFO | Found 2 parameters named NWB_DimHeight
INFO | SELECTED | Shared Parameter | Scope=instance | ReadOnly=False | Id=7626170
INFO | SELECTED | Shared Parameter | Scope=instance | ReadOnly=False | Id=3045163
SOURCE | Element 14855462 | Cat=Duct Fittings | Family=MHT-ME-DF-Rectangular Eccentric Taper - Flanged-01 | Type= | Level=LEVEL 09 | Name=Standard | System=Supply Air | SizeText=300x200-150x200 | Width=300 | Height=200 | Diameter=
ELEMENT | 14855462 | Size='300x200-150x200' | Width='300' | Height='200' | Diameter='' | Statuses=NWB_DimWidth:SKIP; NWB_DimHeight:SKIP; NWB_DimDiameter:SKIP
INFO | Candidate: NWB_DimWidth | Scope=instance | Storage=String | ReadOnly=False | Shared=True | Id=7626175
INFO | Candidate: NWB_DimHeight | Scope=instance | Storage=String | ReadOnly=False | Shared=True | Id=7626170
SOURCE | Element 14855465 | Cat=Ducts | Family=Rectangular Duct | Type= | Level=LEVEL 09 | Name=Flanged Long Radius Elbows / Shoe Branch | System=Supply Air | SizeText=150x200 | Width=150 | Height=200 | Diameter=
ELEMENT | 14855465 | Size='150x200' | Width='150' | Height='200' | Diameter='' | Statuses=NWB_DimWidth:SKIP; NWB_DimHeight:SKIP; NWB_DimDiameter:SKIP
SKIP | Element 14855467 | Size empty | Cat=Mechanical Equipment | Family=MHT-ME-VAV TZ | Type= | Level=LEVEL 09 | Name=AW-S 08 (450L/S)
INFO | Candidate: NWB_DimWidth | Scope=instance | Storage=String | ReadOnly=False | Shared=True | Id=7626175
INFO | Candidate: NWB_DimHeight | Scope=instance | Storage=String | ReadOnly=False | Shared=True | Id=7626170
SOURCE | Element 14855469 | Cat=Ducts | Family=Rectangular Duct | Type= | Level=LEVEL 09 | Name=Flanged Long Radius Elbows / Shoe Branch | System=Supply Air | SizeText=300x300 | Width=300 | Height=300 | Diameter=
ELEMENT | 14855469 | Size='300x300' | Width='300' | Height='300' | Diameter='' | Statuses=NWB_DimWidth:SKIP; NWB_DimHeight:SKIP; NWB_DimDiameter:SKIP
INFO | Candidate: NWB_DimWidth | Scope=instance | Storage=String | ReadOnly=False | Shared=True | Id=7626175
INFO | Candidate: NWB_DimHeight | Scope=instance | Storage=String | ReadOnly=False | Shared=True | Id=7626170
SOURCE | Element 14855471 | Cat=Duct Fittings | Family=MHT-ME-DF-Square Cap-BMA | Type= | Level=LEVEL 09 | Name=Standard | System=Supply Air | SizeText=300x300 | Width=300 | Height=300 | Diameter=
ELEMENT | 14855471 | Size='300x300' | Width='300' | Height='300' | Diameter='' | Statuses=NWB_DimWidth:SKIP; NWB_DimHeight:SKIP; NWB_DimDiameter:SKIP
INFO | Candidate: NWB_DimWidth | Scope=instance | Storage=Double | ReadOnly=False | Shared=True | Id=3045165
INFO | Candidate: NWB_DimWidth | Scope=instance | Storage=String | ReadOnly=False | Shared=True | Id=7626175
INFO | Found 2 parameters named NWB_DimWidth
INFO | SELECTED | Shared Parameter | Scope=instance | ReadOnly=False | Id=7626175
INFO | SELECTED | Shared Parameter | Scope=instance | ReadOnly=False | Id=3045165
INFO | Candidate: NWB_DimHeight | Scope=instance | Storage=Double | ReadOnly=False | Shared=True | Id=3045163
INFO | Candidate: NWB_DimHeight | Scope=instance | Storage=String | ReadOnly=False | Shared=True | Id=7626170
INFO | Found 2 parameters named NWB_DimHeight
INFO | SELECTED | Shared Parameter | Scope=instance | ReadOnly=False | Id=7626170
INFO | SELECTED | Shared Parameter | Scope=instance | ReadOnly=False | Id=3045163
SOURCE | Element 14855473 | Cat=Duct Fittings | Family=MHT-ME-DF-Rectangular Eccentric Taper - Flanged-01 | Type= | Level=LEVEL 09 | Name=Standard | System=Supply Air | SizeText=500x255-300x300 | Width=500 | Height=255 | Diameter=
ELEMENT | 14855473 | Size='500x255-300x300' | Width='500' | Height='255' | Diameter='' | Statuses=NWB_DimWidth:SKIP; NWB_DimHeight:SKIP; NWB_DimDiameter:SKIP
INFO | Candidate: NWB_DimDiameter | Scope=instance | Storage=String | ReadOnly=False | Shared=True | Id=7626172
INFO | Element 14855482 | NWB_DimDiameter | Kind=Shared Parameter | Scope=instance | Storage=String | Old='' | New='300'
SOURCE | Element 14855482 | Cat=Flex Ducts | Family=Flex Duct Round | Type= | Level=LEVEL 09 | Name=Flex - Round | System=Supply Air | SizeText=300 mmø | Width= | Height= | Diameter=300
ELEMENT | 14855482 | Size='300 mmø' | Width='' | Height='' | Diameter='300' | Statuses=NWB_DimWidth:SKIP; NWB_DimHeight:SKIP; NWB_DimDiameter:OK
INFO | Candidate: NWB_DimWidth | Scope=instance | Storage=Double | ReadOnly=False | Shared=True | Id=3045165
INFO | Candidate: NWB_DimWidth | Scope=instance | Storage=String | ReadOnly=False | Shared=True | Id=7626175
INFO | Found 2 parameters named NWB_DimWidth
INFO | SELECTED | Shared Parameter | Scope=instance | ReadOnly=False | Id=7626175
INFO | SELECTED | Shared Parameter | Scope=instance | ReadOnly=False | Id=3045165
INFO | Candidate: NWB_DimHeight | Scope=instance | Storage=Double | ReadOnly=False | Shared=True | Id=3045163
INFO | Candidate: NWB_DimHeight | Scope=instance | Storage=String | ReadOnly=False | Shared=True | Id=7626170
INFO | Found 2 parameters named NWB_DimHeight
INFO | SELECTED | Shared Parameter | Scope=instance | ReadOnly=False | Id=7626170
INFO | SELECTED | Shared Parameter | Scope=instance | ReadOnly=False | Id=3045163
SOURCE | Element 14855493 | Cat=Duct Fittings | Family=MHT-ME-DF-Rectangular Eccentric Taper - Flanged-01 | Type= | Level=LEVEL 09 | Name=Standard | System=Supply Air | SizeText=300x200-150x200 | Width=300 | Height=200 | Diameter=
ELEMENT | 14855493 | Size='300x200-150x200' | Width='300' | Height='200' | Diameter='' | Statuses=NWB_DimWidth:SKIP; NWB_DimHeight:SKIP; NWB_DimDiameter:SKIP
INFO | Candidate: NWB_DimWidth | Scope=instance | Storage=String | ReadOnly=False | Shared=True | Id=7626175
INFO | Candidate: NWB_DimHeight | Scope=instance | Storage=String | ReadOnly=False | Shared=True | Id=7626170
SOURCE | Element 14855500 | Cat=Ducts | Family=Rectangular Duct | Type= | Level=LEVEL 09 | Name=Flanged Long Radius Elbows / Shoe Branch | System=Supply Air | SizeText=300x200 | Width=300 | Height=200 | Diameter=
ELEMENT | 14855500 | Size='300x200' | Width='300' | Height='200' | Diameter='' | Statuses=NWB_DimWidth:SKIP; NWB_DimHeight:SKIP; NWB_DimDiameter:SKIP
INFO | Candidate: NWB_DimWidth | Scope=instance | Storage=String | ReadOnly=False | Shared=True | Id=7626175
INFO | Candidate: NWB_DimHeight | Scope=instance | Storage=String | ReadOnly=False | Shared=True | Id=7626170
SOURCE | Element 14855505 | Cat=Duct Fittings | Family=MHT-ME-DF-Rectangular Shoe Branch - Flanged | Type= | Level=LEVEL 09 | Name=Standard | System=Supply Air | SizeText=150x200-150x200 | Width=150 | Height=200 | Diameter=
ELEMENT | 14855505 | Size='150x200-150x200' | Width='150' | Height='200' | Diameter='' | Statuses=NWB_DimWidth:SKIP; NWB_DimHeight:SKIP; NWB_DimDiameter:SKIP
INFO | Candidate: NWB_DimWidth | Scope=instance | Storage=String | ReadOnly=False | Shared=True | Id=7626175
INFO | Candidate: NWB_DimHeight | Scope=instance | Storage=String | ReadOnly=False | Shared=True | Id=7626170
SOURCE | Element 14855514 | Cat=Duct Fittings | Family=MHT-ME-DF-Square Cap-BMA | Type= | Level=LEVEL 09 | Name=Standard | System=Supply Air | SizeText=300x200 | Width=300 | Height=200 | Diameter=
ELEMENT | 14855514 | Size='300x200' | Width='300' | Height='200' | Diameter='' | Statuses=NWB_DimWidth:SKIP; NWB_DimHeight:SKIP; NWB_DimDiameter:SKIP
INFO | Candidate: NWB_DimWidth | Scope=instance | Storage=String | ReadOnly=False | Shared=True | Id=7626175
INFO | Candidate: NWB_DimHeight | Scope=instance | Storage=String | ReadOnly=False | Shared=True | Id=7626170
SOURCE | Element 14859407 | Cat=Duct Fittings | Family=MHT-ME-DF-Square Cap-BMA | Type= | Level=LEVEL 09 | Name=Standard | System=Supply Air | SizeText=200x250 | Width=200 | Height=250 | Diameter=
ELEMENT | 14859407 | Size='200x250' | Width='200' | Height='250' | Diameter='' | Statuses=NWB_DimWidth:SKIP; NWB_DimHeight:SKIP; NWB_DimDiameter:SKIP
INFO | Candidate: NWB_DimWidth | Scope=instance | Storage=String | ReadOnly=False | Shared=True | Id=7626175
INFO | Candidate: NWB_DimHeight | Scope=instance | Storage=String | ReadOnly=False | Shared=True | Id=7626170
SOURCE | Element 14866049 | Cat=Ducts | Family=Rectangular Duct | Type= | Level=LEVEL 09 | Name=Flanged Long Radius Elbows / Shoe Branch | System=Supply Air | SizeText=400x300 | Width=400 | Height=300 | Diameter=
ELEMENT | 14866049 | Size='400x300' | Width='400' | Height='300' | Diameter='' | Statuses=NWB_DimWidth:SKIP; NWB_DimHeight:SKIP; NWB_DimDiameter:SKIP
INFO | Candidate: NWB_DimWidth | Scope=instance | Storage=String | ReadOnly=False | Shared=True | Id=7626175
INFO | Candidate: NWB_DimHeight | Scope=instance | Storage=String | ReadOnly=False | Shared=True | Id=7626170
SOURCE | Element 14866500 | Cat=Ducts | Family=Rectangular Duct | Type= | Level=LEVEL 09 | Name=Flanged Long Radius Elbows / Shoe Branch | System=Return Air | SizeText=400x300 | Width=400 | Height=300 | Diameter=
ELEMENT | 14866500 | Size='400x300' | Width='400' | Height='300' | Diameter='' | Statuses=NWB_DimWidth:SKIP; NWB_DimHeight:SKIP; NWB_DimDiameter:SKIP
INFO | Candidate: NWB_DimWidth | Scope=instance | Storage=Double | ReadOnly=False | Shared=True | Id=3045165
INFO | Candidate: NWB_DimWidth | Scope=instance | Storage=String | ReadOnly=False | Shared=True | Id=7626175
INFO | Found 2 parameters named NWB_DimWidth
INFO | SELECTED | Shared Parameter | Scope=instance | ReadOnly=False | Id=7626175
INFO | SELECTED | Shared Parameter | Scope=instance | ReadOnly=False | Id=3045165
INFO | Candidate: NWB_DimHeight | Scope=instance | Storage=Double | ReadOnly=False | Shared=True | Id=3045163
INFO | Candidate: NWB_DimHeight | Scope=instance | Storage=String | ReadOnly=False | Shared=True | Id=7626170
INFO | Found 2 parameters named NWB_DimHeight
INFO | SELECTED | Shared Parameter | Scope=instance | ReadOnly=False | Id=7626170
INFO | SELECTED | Shared Parameter | Scope=instance | ReadOnly=False | Id=3045163
SOURCE | Element 14916749 | Cat=Duct Fittings | Family=MHT-ME-DF-Rectangular Eccentric Taper - Flanged-01 | Type= | Level=LEVEL 09 | Name=Standard | System=Exhaust Air | SizeText=450x350-250x300 | Width=450 | Height=350 | Diameter=
ELEMENT | 14916749 | Size='450x350-250x300' | Width='450' | Height='350' | Diameter='' | Statuses=NWB_DimWidth:SKIP; NWB_DimHeight:SKIP; NWB_DimDiameter:SKIP
INFO | Candidate: NWB_DimWidth | Scope=instance | Storage=String | ReadOnly=False | Shared=True | Id=7626175
INFO | Candidate: NWB_DimHeight | Scope=instance | Storage=String | ReadOnly=False | Shared=True | Id=7626170
SOURCE | Element 14924704 | Cat=Duct Fittings | Family=MHT-ME-DF-Rectangular Shoe Branch - Flanged | Type= | Level=LEVEL 09 | Name=Standard | System=Return Air | SizeText=250x150-250x150 | Width=250 | Height=150 | Diameter=
ELEMENT | 14924704 | Size='250x150-250x150' | Width='250' | Height='150' | Diameter='' | Statuses=NWB_DimWidth:SKIP; NWB_DimHeight:SKIP; NWB_DimDiameter:SKIP
INFO | Candidate: NWB_DimDiameter | Scope=instance | Storage=String | ReadOnly=False | Shared=True | Id=7626172
SOURCE | Element 14924705 | Cat=Duct Fittings | Family=MHT_DF_Spigot | Type= | Level=LEVEL 09 | Name=Damper | System=Return Air | SizeText=200ø-200ø | Width= | Height= | Diameter=200
ELEMENT | 14924705 | Size='200ø-200ø' | Width='' | Height='' | Diameter='200' | Statuses=NWB_DimWidth:SKIP; NWB_DimHeight:SKIP; NWB_DimDiameter:SKIP
INFO | Candidate: NWB_DimWidth | Scope=instance | Storage=String | ReadOnly=False | Shared=True | Id=7626175
INFO | Candidate: NWB_DimHeight | Scope=instance | Storage=String | ReadOnly=False | Shared=True | Id=7626170
SOURCE | Element 14924707 | Cat=Duct Fittings | Family=MHT-ME-DF-Square Cap-BMA | Type= | Level=LEVEL 09 | Name=Standard | System=Return Air | SizeText=250x150 | Width=250 | Height=150 | Diameter=
ELEMENT | 14924707 | Size='250x150' | Width='250' | Height='150' | Diameter='' | Statuses=NWB_DimWidth:SKIP; NWB_DimHeight:SKIP; NWB_DimDiameter:SKIP
INFO | Candidate: NWB_DimWidth | Scope=instance | Storage=String | ReadOnly=False | Shared=True | Id=7626175
INFO | Candidate: NWB_DimHeight | Scope=instance | Storage=String | ReadOnly=False | Shared=True | Id=7626170
SOURCE | Element 14928800 | Cat=Ducts | Family=Rectangular Duct | Type= | Level=LEVEL 09 | Name=Flanged Long Radius Elbows / Shoe Branch | System=Supply Air | SizeText=400x300 | Width=400 | Height=300 | Diameter=
ELEMENT | 14928800 | Size='400x300' | Width='400' | Height='300' | Diameter='' | Statuses=NWB_DimWidth:SKIP; NWB_DimHeight:SKIP; NWB_DimDiameter:SKIP
INFO | Candidate: NWB_DimWidth | Scope=instance | Storage=Double | ReadOnly=False | Shared=True | Id=3045165
INFO | Candidate: NWB_DimWidth | Scope=instance | Storage=String | ReadOnly=False | Shared=True | Id=7626175
INFO | Found 2 parameters named NWB_DimWidth
INFO | SELECTED | Shared Parameter | Scope=instance | ReadOnly=False | Id=7626175
INFO | SELECTED | Shared Parameter | Scope=instance | ReadOnly=False | Id=3045165
INFO | Candidate: NWB_DimHeight | Scope=instance | Storage=Double | ReadOnly=False | Shared=True | Id=3045163
INFO | Candidate: NWB_DimHeight | Scope=instance | Storage=String | ReadOnly=False | Shared=True | Id=7626170
INFO | Found 2 parameters named NWB_DimHeight
INFO | SELECTED | Shared Parameter | Scope=instance | ReadOnly=False | Id=7626170
INFO | SELECTED | Shared Parameter | Scope=instance | ReadOnly=False | Id=3045163
SOURCE | Element 14928802 | Cat=Duct Fittings | Family=MHT-ME-DF-Rectangular Short Radius Bend - Flanged | Type= | Level=LEVEL 09 | Name=MHT-ME-DF-Rectangular Short Radius Bend - Flanged | System=Supply Air | SizeText=300x400-300x400 | Width=300 | Height=400 | Diameter=
ELEMENT | 14928802 | Size='300x400-300x400' | Width='300' | Height='400' | Diameter='' | Statuses=NWB_DimWidth:SKIP; NWB_DimHeight:SKIP; NWB_DimDiameter:SKIP
INFO | Candidate: NWB_DimWidth | Scope=instance | Storage=Double | ReadOnly=False | Shared=True | Id=3045165
INFO | Candidate: NWB_DimWidth | Scope=instance | Storage=String | ReadOnly=False | Shared=True | Id=7626175
INFO | Found 2 parameters named NWB_DimWidth
INFO | SELECTED | Shared Parameter | Scope=instance | ReadOnly=False | Id=7626175
INFO | SELECTED | Shared Parameter | Scope=instance | ReadOnly=False | Id=3045165
INFO | Candidate: NWB_DimHeight | Scope=instance | Storage=Double | ReadOnly=False | Shared=True | Id=3045163
INFO | Candidate: NWB_DimHeight | Scope=instance | Storage=String | ReadOnly=False | Shared=True | Id=7626170
INFO | Found 2 parameters named NWB_DimHeight
INFO | SELECTED | Shared Parameter | Scope=instance | ReadOnly=False | Id=7626170
INFO | SELECTED | Shared Parameter | Scope=instance | ReadOnly=False | Id=3045163
SOURCE | Element 14928811 | Cat=Duct Fittings | Family=MHT-ME-DF-Rectangular Eccentric Taper - Flanged-01 | Type= | Level=LEVEL 09 | Name=Standard | System=Supply Air | SizeText=400x300-300x200 | Width=400 | Height=300 | Diameter=
ELEMENT | 14928811 | Size='400x300-300x200' | Width='400' | Height='300' | Diameter='' | Statuses=NWB_DimWidth:SKIP; NWB_DimHeight:SKIP; NWB_DimDiameter:SKIP
INFO | Candidate: NWB_DimWidth | Scope=instance | Storage=Double | ReadOnly=False | Shared=True | Id=3045165
INFO | Candidate: NWB_DimWidth | Scope=instance | Storage=String | ReadOnly=False | Shared=True | Id=7626175
INFO | Found 2 parameters named NWB_DimWidth
INFO | SELECTED | Shared Parameter | Scope=instance | ReadOnly=False | Id=7626175
INFO | SELECTED | Shared Parameter | Scope=instance | ReadOnly=False | Id=3045165
INFO | Candidate: NWB_DimHeight | Scope=instance | Storage=Double | ReadOnly=False | Shared=True | Id=3045163
INFO | Candidate: NWB_DimHeight | Scope=instance | Storage=String | ReadOnly=False | Shared=True | Id=7626170
INFO | Found 2 parameters named NWB_DimHeight
INFO | SELECTED | Shared Parameter | Scope=instance | ReadOnly=False | Id=7626170
INFO | SELECTED | Shared Parameter | Scope=instance | ReadOnly=False | Id=3045163
SOURCE | Element 14928813 | Cat=Duct Fittings | Family=MHT-ME-DF-Rectangular Short Radius Bend - Flanged | Type= | Level=LEVEL 09 | Name=MHT-ME-DF-Rectangular Short Radius Bend - Flanged | System=Supply Air | SizeText=300x400-300x400 | Width=300 | Height=400 | Diameter=
ELEMENT | 14928813 | Size='300x400-300x400' | Width='300' | Height='400' | Diameter='' | Statuses=NWB_DimWidth:SKIP; NWB_DimHeight:SKIP; NWB_DimDiameter:SKIP
INFO | Candidate: NWB_DimDiameter | Scope=instance | Storage=String | ReadOnly=False | Shared=True | Id=7626172
SOURCE | Element 14997729 | Cat=Duct Fittings | Family=MHT_DF_Spigot | Type= | Level=LEVEL 09 | Name=Damper | System=Supply Air | SizeText=300ø-300ø | Width= | Height= | Diameter=300
ELEMENT | 14997729 | Size='300ø-300ø' | Width='' | Height='' | Diameter='300' | Statuses=NWB_DimWidth:SKIP; NWB_DimHeight:SKIP; NWB_DimDiameter:SKIP
INFO | Candidate: NWB_DimWidth | Scope=instance | Storage=Double | ReadOnly=False | Shared=True | Id=3045165
INFO | Candidate: NWB_DimWidth | Scope=instance | Storage=String | ReadOnly=False | Shared=True | Id=7626175
INFO | Found 2 parameters named NWB_DimWidth
INFO | SELECTED | Shared Parameter | Scope=instance | ReadOnly=False | Id=7626175
INFO | SELECTED | Shared Parameter | Scope=instance | ReadOnly=False | Id=3045165
INFO | Candidate: NWB_DimHeight | Scope=instance | Storage=Double | ReadOnly=False | Shared=True | Id=3045163
INFO | Candidate: NWB_DimHeight | Scope=instance | Storage=String | ReadOnly=False | Shared=True | Id=7626170
INFO | Found 2 parameters named NWB_DimHeight
INFO | SELECTED | Shared Parameter | Scope=instance | ReadOnly=False | Id=7626170
INFO | SELECTED | Shared Parameter | Scope=instance | ReadOnly=False | Id=3045163
SOURCE | Element 14997751 | Cat=Duct Fittings | Family=MHT-ME-DF-Rectangular Short Radius Bend - Flanged | Type= | Level=LEVEL 09 | Name=MHT-ME-DF-Rectangular Short Radius Bend - Flanged | System=Return Air | SizeText=300x400-300x400 | Width=300 | Height=400 | Diameter=
ELEMENT | 14997751 | Size='300x400-300x400' | Width='300' | Height='400' | Diameter='' | Statuses=NWB_DimWidth:SKIP; NWB_DimHeight:SKIP; NWB_DimDiameter:SKIP
INFO | Candidate: NWB_DimWidth | Scope=instance | Storage=String | ReadOnly=False | Shared=True | Id=7626175
INFO | Candidate: NWB_DimHeight | Scope=instance | Storage=String | ReadOnly=False | Shared=True | Id=7626170
SOURCE | Element 14997753 | Cat=Duct Fittings | Family=MHT-ME-DF-Square Cap-BMA | Type= | Level=LEVEL 09 | Name=Standard | System=Return Air | SizeText=400x300 | Width=400 | Height=300 | Diameter=
ELEMENT | 14997753 | Size='400x300' | Width='400' | Height='300' | Diameter='' | Statuses=NWB_DimWidth:SKIP; NWB_DimHeight:SKIP; NWB_DimDiameter:SKIP
INFO | Candidate: NWB_DimDiameter | Scope=instance | Storage=String | ReadOnly=False | Shared=True | Id=7626172
SOURCE | Element 14997755 | Cat=Duct Fittings | Family=MHT_DF_Spigot | Type= | Level=LEVEL 09 | Name=Damper | System=Supply Air | SizeText=250ø-250ø | Width= | Height= | Diameter=250
ELEMENT | 14997755 | Size='250ø-250ø' | Width='' | Height='' | Diameter='250' | Statuses=NWB_DimWidth:SKIP; NWB_DimHeight:SKIP; NWB_DimDiameter:SKIP
INFO | Candidate: NWB_DimWidth | Scope=instance | Storage=Double | ReadOnly=False | Shared=True | Id=3045165
INFO | Candidate: NWB_DimWidth | Scope=instance | Storage=String | ReadOnly=False | Shared=True | Id=7626175
INFO | Found 2 parameters named NWB_DimWidth
INFO | SELECTED | Shared Parameter | Scope=instance | ReadOnly=False | Id=7626175
INFO | SELECTED | Shared Parameter | Scope=instance | ReadOnly=False | Id=3045165
INFO | Candidate: NWB_DimHeight | Scope=instance | Storage=Double | ReadOnly=False | Shared=True | Id=3045163
INFO | Candidate: NWB_DimHeight | Scope=instance | Storage=String | ReadOnly=False | Shared=True | Id=7626170
INFO | Found 2 parameters named NWB_DimHeight
INFO | SELECTED | Shared Parameter | Scope=instance | ReadOnly=False | Id=7626170
INFO | SELECTED | Shared Parameter | Scope=instance | ReadOnly=False | Id=3045163
SOURCE | Element 15255774 | Cat=Duct Fittings | Family=MHT-ME-DF-Rectangular Short Radius Bend - Flanged | Type= | Level=LEVEL 09 | Name=MHT-ME-DF-Rectangular Short Radius Bend - Flanged | System=Return Air | SizeText=300x400-300x400 | Width=300 | Height=400 | Diameter=
ELEMENT | 15255774 | Size='300x400-300x400' | Width='300' | Height='400' | Diameter='' | Statuses=NWB_DimWidth:SKIP; NWB_DimHeight:SKIP; NWB_DimDiameter:SKIP
INFO | Candidate: NWB_DimWidth | Scope=instance | Storage=String | ReadOnly=False | Shared=True | Id=7626175
INFO | Candidate: NWB_DimHeight | Scope=instance | Storage=String | ReadOnly=False | Shared=True | Id=7626170
SOURCE | Element 15255778 | Cat=Ducts | Family=Rectangular Duct | Type= | Level=LEVEL 09 | Name=Flanged Long Radius Elbows / Shoe Branch | System=Return Air | SizeText=400x300 | Width=400 | Height=300 | Diameter=
ELEMENT | 15255778 | Size='400x300' | Width='400' | Height='300' | Diameter='' | Statuses=NWB_DimWidth:SKIP; NWB_DimHeight:SKIP; NWB_DimDiameter:SKIP
INFO | Candidate: NWB_DimWidth | Scope=instance | Storage=Double | ReadOnly=False | Shared=True | Id=3045165
INFO | Candidate: NWB_DimWidth | Scope=instance | Storage=String | ReadOnly=False | Shared=True | Id=7626175
INFO | Found 2 parameters named NWB_DimWidth
INFO | SELECTED | Shared Parameter | Scope=instance | ReadOnly=False | Id=7626175
INFO | SELECTED | Shared Parameter | Scope=instance | ReadOnly=False | Id=3045165
INFO | Candidate: NWB_DimHeight | Scope=instance | Storage=Double | ReadOnly=False | Shared=True | Id=3045163
INFO | Candidate: NWB_DimHeight | Scope=instance | Storage=String | ReadOnly=False | Shared=True | Id=7626170
INFO | Found 2 parameters named NWB_DimHeight
INFO | SELECTED | Shared Parameter | Scope=instance | ReadOnly=False | Id=7626170
INFO | SELECTED | Shared Parameter | Scope=instance | ReadOnly=False | Id=3045163
SOURCE | Element 15255789 | Cat=Duct Fittings | Family=MHT-ME-DF-Rectangular Short Radius Bend - Flanged | Type= | Level=LEVEL 09 | Name=MHT-ME-DF-Rectangular Short Radius Bend - Flanged | System=Return Air | SizeText=400x300-400x300 | Width=400 | Height=300 | Diameter=
ELEMENT | 15255789 | Size='400x300-400x300' | Width='400' | Height='300' | Diameter='' | Statuses=NWB_DimWidth:SKIP; NWB_DimHeight:SKIP; NWB_DimDiameter:SKIP
INFO | Candidate: NWB_DimWidth | Scope=instance | Storage=Double | ReadOnly=False | Shared=True | Id=3045165
INFO | Candidate: NWB_DimWidth | Scope=instance | Storage=String | ReadOnly=False | Shared=True | Id=7626175
INFO | Found 2 parameters named NWB_DimWidth
INFO | SELECTED | Shared Parameter | Scope=instance | ReadOnly=False | Id=7626175
INFO | SELECTED | Shared Parameter | Scope=instance | ReadOnly=False | Id=3045165
INFO | Candidate: NWB_DimHeight | Scope=instance | Storage=Double | ReadOnly=False | Shared=True | Id=3045163
INFO | Candidate: NWB_DimHeight | Scope=instance | Storage=String | ReadOnly=False | Shared=True | Id=7626170
INFO | Found 2 parameters named NWB_DimHeight
INFO | SELECTED | Shared Parameter | Scope=instance | ReadOnly=False | Id=7626170
INFO | SELECTED | Shared Parameter | Scope=instance | ReadOnly=False | Id=3045163
SOURCE | Element 15255798 | Cat=Duct Fittings | Family=MHT-ME-DF-Rectangular Short Radius Bend - Flanged | Type= | Level=LEVEL 09 | Name=MHT-ME-DF-Rectangular Short Radius Bend - Flanged | System=Return Air | SizeText=400x300-400x300 | Width=400 | Height=300 | Diameter=
ELEMENT | 15255798 | Size='400x300-400x300' | Width='400' | Height='300' | Diameter='' | Statuses=NWB_DimWidth:SKIP; NWB_DimHeight:SKIP; NWB_DimDiameter:SKIP
INFO | Candidate: NWB_DimDiameter | Scope=instance | Storage=String | ReadOnly=False | Shared=True | Id=7626172
SOURCE | Element 15256316 | Cat=Duct Fittings | Family=MHT_DF_Spigot | Type= | Level=LEVEL 09 | Name=Damper | System=Return Air | SizeText=300ø-300ø | Width= | Height= | Diameter=300
ELEMENT | 15256316 | Size='300ø-300ø' | Width='' | Height='' | Diameter='300' | Statuses=NWB_DimWidth:SKIP; NWB_DimHeight:SKIP; NWB_DimDiameter:SKIP
INFO | Candidate: NWB_DimWidth | Scope=instance | Storage=String | ReadOnly=False | Shared=True | Id=7626175
INFO | Element 15267728 | NWB_DimWidth | Kind=Shared Parameter | Scope=instance | Storage=String | Old='' | New='600'
INFO | Candidate: NWB_DimHeight | Scope=instance | Storage=String | ReadOnly=False | Shared=True | Id=7626170
INFO | Element 15267728 | NWB_DimHeight | Kind=Shared Parameter | Scope=instance | Storage=String | Old='' | New='350'
INFO | Candidate: NWB_DimDiameter | Scope=instance | Storage=String | ReadOnly=False | Shared=True | Id=7626172
SOURCE | Element 15267728 | Cat=Air Terminals | Family=MHT_AT_S Air Diff Swirl | Type= | Level=LEVEL 09 | Name=No Damper | System=Supply Air | SizeText=600x350 | Width=600 | Height=350 | Diameter=250
ELEMENT | 15267728 | Size='600x350' | Width='600' | Height='350' | Diameter='250' | Statuses=NWB_DimWidth:OK; NWB_DimHeight:OK; NWB_DimDiameter:SKIP
SKIP | Element 15267729 | Size empty | Cat=Mechanical Equipment | Family=MHT_ME_FCU-IMD_Standard Profile1 | Type= | Level=LEVEL 09 | Name=IMD 95 (450 L/s) 2
INFO | Candidate: NWB_DimWidth | Scope=instance | Storage=String | ReadOnly=False | Shared=True | Id=7626175
INFO | Candidate: NWB_DimHeight | Scope=instance | Storage=String | ReadOnly=False | Shared=True | Id=7626170
SOURCE | Element 15267730 | Cat=Ducts | Family=Rectangular Duct | Type= | Level=LEVEL 09 | Name=Flanged Long Radius Elbows / Shoe Branch | System=Supply Air | SizeText=400x300 | Width=400 | Height=300 | Diameter=
ELEMENT | 15267730 | Size='400x300' | Width='400' | Height='300' | Diameter='' | Statuses=NWB_DimWidth:SKIP; NWB_DimHeight:SKIP; NWB_DimDiameter:SKIP
INFO | Candidate: NWB_DimWidth | Scope=instance | Storage=String | ReadOnly=False | Shared=True | Id=7626175
INFO | Candidate: NWB_DimHeight | Scope=instance | Storage=String | ReadOnly=False | Shared=True | Id=7626170
SOURCE | Element 15267732 | Cat=Duct Fittings | Family=MHT-ME-DF-Square Cap-BMA | Type= | Level=LEVEL 09 | Name=Standard | System=Supply Air | SizeText=400x300 | Width=400 | Height=300 | Diameter=
ELEMENT | 15267732 | Size='400x300' | Width='400' | Height='300' | Diameter='' | Statuses=NWB_DimWidth:SKIP; NWB_DimHeight:SKIP; NWB_DimDiameter:SKIP
INFO | Candidate: NWB_DimWidth | Scope=instance | Storage=String | ReadOnly=False | Shared=True | Id=7626175
INFO | Candidate: NWB_DimHeight | Scope=instance | Storage=String | ReadOnly=False | Shared=True | Id=7626170
SOURCE | Element 15267734 | Cat=Duct Fittings | Family=Plenum Box with Filter-R1 | Type= | Level=LEVEL 09 | Name=Plenum Box with Filter | System=Return Air | SizeText=720x310-800x150-600x150-600x150 | Width=720 | Height=310 | Diameter=
ELEMENT | 15267734 | Size='720x310-800x150-600x150-600x150' | Width='720' | Height='310' | Diameter='' | Statuses=NWB_DimWidth:SKIP; NWB_DimHeight:SKIP; NWB_DimDiameter:SKIP
INFO | Candidate: NWB_DimWidth | Scope=instance | Storage=String | ReadOnly=False | Shared=True | Id=7626175
INFO | Candidate: NWB_DimHeight | Scope=instance | Storage=String | ReadOnly=False | Shared=True | Id=7626170
SOURCE | Element 15267735 | Cat=Duct Accessories | Family=VOLUME CONTROL DAMPER SQUARE | Type= | Level=LEVEL 09 | Name=VOLUME CONTROL DAMPER - VCD | System=Return Air | SizeText=400x250-400x250 | Width=400 | Height=250 | Diameter=
ELEMENT | 15267735 | Size='400x250-400x250' | Width='400' | Height='250' | Diameter='' | Statuses=NWB_DimWidth:SKIP; NWB_DimHeight:SKIP; NWB_DimDiameter:SKIP
INFO | Candidate: NWB_DimWidth | Scope=instance | Storage=String | ReadOnly=False | Shared=True | Id=7626175
INFO | Candidate: NWB_DimHeight | Scope=instance | Storage=String | ReadOnly=False | Shared=True | Id=7626170
SOURCE | Element 15267736 | Cat=Duct Fittings | Family=M_Rectangular_Transition_Angle | Type= | Level=LEVEL 09 | Name=Transition | System=Return Air | SizeText=800x150-400x250 | Width=800 | Height=150 | Diameter=
ELEMENT | 15267736 | Size='800x150-400x250' | Width='800' | Height='150' | Diameter='' | Statuses=NWB_DimWidth:SKIP; NWB_DimHeight:SKIP; NWB_DimDiameter:SKIP
INFO | Candidate: NWB_DimWidth | Scope=instance | Storage=String | ReadOnly=False | Shared=True | Id=7626175
INFO | Candidate: NWB_DimHeight | Scope=instance | Storage=String | ReadOnly=False | Shared=True | Id=7626170
SOURCE | Element 15267737 | Cat=Duct Fittings | Family=M_Rectangular_Transition_Angle | Type= | Level=LEVEL 09 | Name=Transition | System=Return Air | SizeText=800x150-400x250 | Width=800 | Height=150 | Diameter=
ELEMENT | 15267737 | Size='800x150-400x250' | Width='800' | Height='150' | Diameter='' | Statuses=NWB_DimWidth:SKIP; NWB_DimHeight:SKIP; NWB_DimDiameter:SKIP
INFO | Candidate: NWB_DimWidth | Scope=instance | Storage=String | ReadOnly=False | Shared=True | Id=7626175
INFO | Candidate: NWB_DimHeight | Scope=instance | Storage=String | ReadOnly=False | Shared=True | Id=7626170
SOURCE | Element 15267738 | Cat=Duct Accessories | Family=VOLUME CONTROL DAMPER SQUARE | Type= | Level=LEVEL 09 | Name=VOLUME CONTROL DAMPER_SQUARE MOTOR - BLADE | System=Supply Air | SizeText=250x200-250x200 | Width=250 | Height=200 | Diameter=
ELEMENT | 15267738 | Size='250x200-250x200' | Width='250' | Height='200' | Diameter='' | Statuses=NWB_DimWidth:SKIP; NWB_DimHeight:SKIP; NWB_DimDiameter:SKIP
INFO | Candidate: NWB_DimWidth | Scope=instance | Storage=String | ReadOnly=False | Shared=True | Id=7626175
INFO | Candidate: NWB_DimHeight | Scope=instance | Storage=String | ReadOnly=False | Shared=True | Id=7626170
SOURCE | Element 15267739 | Cat=Duct Fittings | Family=M_Rectangular_Transition_Angle | Type= | Level=LEVEL 09 | Name=Transition | System=Return Air | SizeText=600x150-250x200 | Width=600 | Height=150 | Diameter=
ELEMENT | 15267739 | Size='600x150-250x200' | Width='600' | Height='150' | Diameter='' | Statuses=NWB_DimWidth:SKIP; NWB_DimHeight:SKIP; NWB_DimDiameter:SKIP
INFO | Candidate: NWB_DimDiameter | Scope=instance | Storage=String | ReadOnly=False | Shared=True | Id=7626172
INFO | Element 15267740 | NWB_DimDiameter | Kind=Shared Parameter | Scope=instance | Storage=String | Old='' | New='250'
SOURCE | Element 15267740 | Cat=Flex Ducts | Family=Flex Duct Round | Type= | Level=LEVEL 09 | Name=Flex - Round | System=Supply Air | SizeText=250 mmø | Width= | Height= | Diameter=250
ELEMENT | 15267740 | Size='250 mmø' | Width='' | Height='' | Diameter='250' | Statuses=NWB_DimWidth:SKIP; NWB_DimHeight:SKIP; NWB_DimDiameter:OK
INFO | Candidate: NWB_DimWidth | Scope=instance | Storage=String | ReadOnly=False | Shared=True | Id=7626175
INFO | Candidate: NWB_DimHeight | Scope=instance | Storage=String | ReadOnly=False | Shared=True | Id=7626170
SOURCE | Element 15267742 | Cat=Ducts | Family=Rectangular Duct | Type= | Level=LEVEL 09 | Name=Flanged Long Radius Elbows / Shoe Branch | System=Supply Air | SizeText=250x200 | Width=250 | Height=200 | Diameter=
ELEMENT | 15267742 | Size='250x200' | Width='250' | Height='200' | Diameter='' | Statuses=NWB_DimWidth:SKIP; NWB_DimHeight:SKIP; NWB_DimDiameter:SKIP
INFO | Candidate: NWB_DimWidth | Scope=instance | Storage=String | ReadOnly=False | Shared=True | Id=7626175
INFO | Element 15267744 | NWB_DimWidth | Kind=Shared Parameter | Scope=instance | Storage=String | Old='' | New='600'
INFO | Candidate: NWB_DimHeight | Scope=instance | Storage=String | ReadOnly=False | Shared=True | Id=7626170
INFO | Element 15267744 | NWB_DimHeight | Kind=Shared Parameter | Scope=instance | Storage=String | Old='' | New='350'
INFO | Candidate: NWB_DimDiameter | Scope=instance | Storage=String | ReadOnly=False | Shared=True | Id=7626172
SOURCE | Element 15267744 | Cat=Air Terminals | Family=MHT_AT_S Air Diff Swirl | Type= | Level=LEVEL 09 | Name=No Damper | System=Supply Air | SizeText=600x350 | Width=600 | Height=350 | Diameter=250
ELEMENT | 15267744 | Size='600x350' | Width='600' | Height='350' | Diameter='250' | Statuses=NWB_DimWidth:OK; NWB_DimHeight:OK; NWB_DimDiameter:SKIP
SKIP | Element 15267745 | Size empty | Cat=Mechanical Equipment | Family=MHT_ME_FCU-IMD_Standard Profile1 | Type= | Level=LEVEL 09 | Name=IMD 95 (450 L/s) 2
INFO | Candidate: NWB_DimWidth | Scope=instance | Storage=String | ReadOnly=False | Shared=True | Id=7626175
INFO | Candidate: NWB_DimHeight | Scope=instance | Storage=String | ReadOnly=False | Shared=True | Id=7626170
SOURCE | Element 15267746 | Cat=Ducts | Family=Rectangular Duct | Type= | Level=LEVEL 09 | Name=Flanged Long Radius Elbows / Shoe Branch | System=Supply Air | SizeText=400x300 | Width=400 | Height=300 | Diameter=
ELEMENT | 15267746 | Size='400x300' | Width='400' | Height='300' | Diameter='' | Statuses=NWB_DimWidth:SKIP; NWB_DimHeight:SKIP; NWB_DimDiameter:SKIP
INFO | Candidate: NWB_DimWidth | Scope=instance | Storage=String | ReadOnly=False | Shared=True | Id=7626175
INFO | Candidate: NWB_DimHeight | Scope=instance | Storage=String | ReadOnly=False | Shared=True | Id=7626170
SOURCE | Element 15267748 | Cat=Duct Fittings | Family=MHT-ME-DF-Square Cap-BMA | Type= | Level=LEVEL 09 | Name=Standard | System=Supply Air | SizeText=400x300 | Width=400 | Height=300 | Diameter=
ELEMENT | 15267748 | Size='400x300' | Width='400' | Height='300' | Diameter='' | Statuses=NWB_DimWidth:SKIP; NWB_DimHeight:SKIP; NWB_DimDiameter:SKIP
INFO | Candidate: NWB_DimWidth | Scope=instance | Storage=String | ReadOnly=False | Shared=True | Id=7626175
INFO | Candidate: NWB_DimHeight | Scope=instance | Storage=String | ReadOnly=False | Shared=True | Id=7626170
SOURCE | Element 15267750 | Cat=Duct Fittings | Family=Plenum Box with Filter-R1 | Type= | Level=LEVEL 09 | Name=Plenum Box with Filter | System=Return Air | SizeText=720x310-800x150-600x150-600x150 | Width=720 | Height=310 | Diameter=
ELEMENT | 15267750 | Size='720x310-800x150-600x150-600x150' | Width='720' | Height='310' | Diameter='' | Statuses=NWB_DimWidth:SKIP; NWB_DimHeight:SKIP; NWB_DimDiameter:SKIP
INFO | Candidate: NWB_DimWidth | Scope=instance | Storage=String | ReadOnly=False | Shared=True | Id=7626175
INFO | Candidate: NWB_DimHeight | Scope=instance | Storage=String | ReadOnly=False | Shared=True | Id=7626170
SOURCE | Element 15267751 | Cat=Duct Accessories | Family=VOLUME CONTROL DAMPER SQUARE | Type= | Level=LEVEL 09 | Name=VOLUME CONTROL DAMPER - VCD | System=Return Air | SizeText=400x250-400x250 | Width=400 | Height=250 | Diameter=
ELEMENT | 15267751 | Size='400x250-400x250' | Width='400' | Height='250' | Diameter='' | Statuses=NWB_DimWidth:SKIP; NWB_DimHeight:SKIP; NWB_DimDiameter:SKIP
INFO | Candidate: NWB_DimWidth | Scope=instance | Storage=String | ReadOnly=False | Shared=True | Id=7626175
INFO | Candidate: NWB_DimHeight | Scope=instance | Storage=String | ReadOnly=False | Shared=True | Id=7626170
SOURCE | Element 15267752 | Cat=Duct Fittings | Family=M_Rectangular_Transition_Angle | Type= | Level=LEVEL 09 | Name=Transition | System=Return Air | SizeText=800x150-400x250 | Width=800 | Height=150 | Diameter=
ELEMENT | 15267752 | Size='800x150-400x250' | Width='800' | Height='150' | Diameter='' | Statuses=NWB_DimWidth:SKIP; NWB_DimHeight:SKIP; NWB_DimDiameter:SKIP
INFO | Candidate: NWB_DimWidth | Scope=instance | Storage=String | ReadOnly=False | Shared=True | Id=7626175
INFO | Candidate: NWB_DimHeight | Scope=instance | Storage=String | ReadOnly=False | Shared=True | Id=7626170
SOURCE | Element 15267753 | Cat=Duct Fittings | Family=M_Rectangular_Transition_Angle | Type= | Level=LEVEL 09 | Name=Transition | System=Return Air | SizeText=800x150-400x250 | Width=800 | Height=150 | Diameter=
ELEMENT | 15267753 | Size='800x150-400x250' | Width='800' | Height='150' | Diameter='' | Statuses=NWB_DimWidth:SKIP; NWB_DimHeight:SKIP; NWB_DimDiameter:SKIP
INFO | Candidate: NWB_DimWidth | Scope=instance | Storage=String | ReadOnly=False | Shared=True | Id=7626175
INFO | Candidate: NWB_DimHeight | Scope=instance | Storage=String | ReadOnly=False | Shared=True | Id=7626170
SOURCE | Element 15267754 | Cat=Duct Accessories | Family=VOLUME CONTROL DAMPER SQUARE | Type= | Level=LEVEL 09 | Name=VOLUME CONTROL DAMPER_SQUARE MOTOR - BLADE | System=Supply Air | SizeText=250x200-250x200 | Width=250 | Height=200 | Diameter=
ELEMENT | 15267754 | Size='250x200-250x200' | Width='250' | Height='200' | Diameter='' | Statuses=NWB_DimWidth:SKIP; NWB_DimHeight:SKIP; NWB_DimDiameter:SKIP
INFO | Candidate: NWB_DimWidth | Scope=instance | Storage=String | ReadOnly=False | Shared=True | Id=7626175
INFO | Candidate: NWB_DimHeight | Scope=instance | Storage=String | ReadOnly=False | Shared=True | Id=7626170
SOURCE | Element 15267755 | Cat=Duct Fittings | Family=M_Rectangular_Transition_Angle | Type= | Level=LEVEL 09 | Name=Transition | System=Return Air | SizeText=600x150-250x200 | Width=600 | Height=150 | Diameter=
ELEMENT | 15267755 | Size='600x150-250x200' | Width='600' | Height='150' | Diameter='' | Statuses=NWB_DimWidth:SKIP; NWB_DimHeight:SKIP; NWB_DimDiameter:SKIP
INFO | Candidate: NWB_DimDiameter | Scope=instance | Storage=String | ReadOnly=False | Shared=True | Id=7626172
INFO | Element 15267756 | NWB_DimDiameter | Kind=Shared Parameter | Scope=instance | Storage=String | Old='' | New='250'
SOURCE | Element 15267756 | Cat=Flex Ducts | Family=Flex Duct Round | Type= | Level=LEVEL 09 | Name=Flex - Round | System=Supply Air | SizeText=250 mmø | Width= | Height= | Diameter=250
ELEMENT | 15267756 | Size='250 mmø' | Width='' | Height='' | Diameter='250' | Statuses=NWB_DimWidth:SKIP; NWB_DimHeight:SKIP; NWB_DimDiameter:OK
INFO | Candidate: NWB_DimWidth | Scope=instance | Storage=String | ReadOnly=False | Shared=True | Id=7626175
INFO | Candidate: NWB_DimHeight | Scope=instance | Storage=String | ReadOnly=False | Shared=True | Id=7626170
SOURCE | Element 15267758 | Cat=Ducts | Family=Rectangular Duct | Type= | Level=LEVEL 09 | Name=Flanged Long Radius Elbows / Shoe Branch | System=Supply Air | SizeText=250x200 | Width=250 | Height=200 | Diameter=
ELEMENT | 15267758 | Size='250x200' | Width='250' | Height='200' | Diameter='' | Statuses=NWB_DimWidth:SKIP; NWB_DimHeight:SKIP; NWB_DimDiameter:SKIP
INFO | Candidate: NWB_DimWidth | Scope=instance | Storage=String | ReadOnly=False | Shared=True | Id=7626175
INFO | Candidate: NWB_DimHeight | Scope=instance | Storage=String | ReadOnly=False | Shared=True | Id=7626170
SOURCE | Element 15267759 | Cat=Ducts | Family=Rectangular Duct | Type= | Level=LEVEL 09 | Name=Flanged Long Radius Elbows / Shoe Branch | System=Supply Air | SizeText=250x200 | Width=250 | Height=200 | Diameter=
ELEMENT | 15267759 | Size='250x200' | Width='250' | Height='200' | Diameter='' | Statuses=NWB_DimWidth:SKIP; NWB_DimHeight:SKIP; NWB_DimDiameter:SKIP
INFO | Candidate: NWB_DimWidth | Scope=instance | Storage=Double | ReadOnly=False | Shared=True | Id=3045165
INFO | Candidate: NWB_DimWidth | Scope=instance | Storage=String | ReadOnly=False | Shared=True | Id=7626175
INFO | Found 2 parameters named NWB_DimWidth
INFO | SELECTED | Shared Parameter | Scope=instance | ReadOnly=False | Id=7626175
INFO | SELECTED | Shared Parameter | Scope=instance | ReadOnly=False | Id=3045165
INFO | Candidate: NWB_DimHeight | Scope=instance | Storage=Double | ReadOnly=False | Shared=True | Id=3045163
INFO | Candidate: NWB_DimHeight | Scope=instance | Storage=String | ReadOnly=False | Shared=True | Id=7626170
INFO | Found 2 parameters named NWB_DimHeight
INFO | SELECTED | Shared Parameter | Scope=instance | ReadOnly=False | Id=7626170
INFO | SELECTED | Shared Parameter | Scope=instance | ReadOnly=False | Id=3045163
SOURCE | Element 15267760 | Cat=Duct Fittings | Family=MHT-ME-DF-Rectangular Short Radius Bend - Flanged | Type= | Level=LEVEL 09 | Name=MHT-ME-DF-Rectangular Short Radius Bend - Flanged | System=Supply Air | SizeText=200x250-200x250 | Width=200 | Height=250 | Diameter=
ELEMENT | 15267760 | Size='200x250-200x250' | Width='200' | Height='250' | Diameter='' | Statuses=NWB_DimWidth:SKIP; NWB_DimHeight:SKIP; NWB_DimDiameter:SKIP
INFO | Candidate: NWB_DimWidth | Scope=instance | Storage=String | ReadOnly=False | Shared=True | Id=7626175
INFO | Candidate: NWB_DimHeight | Scope=instance | Storage=String | ReadOnly=False | Shared=True | Id=7626170
SOURCE | Element 15267761 | Cat=Ducts | Family=Rectangular Duct | Type= | Level=LEVEL 09 | Name=Flanged Long Radius Elbows / Shoe Branch | System=Supply Air | SizeText=250x200 | Width=250 | Height=200 | Diameter=
ELEMENT | 15267761 | Size='250x200' | Width='250' | Height='200' | Diameter='' | Statuses=NWB_DimWidth:SKIP; NWB_DimHeight:SKIP; NWB_DimDiameter:SKIP
INFO | Candidate: NWB_DimWidth | Scope=instance | Storage=String | ReadOnly=False | Shared=True | Id=7626175
INFO | Candidate: NWB_DimHeight | Scope=instance | Storage=String | ReadOnly=False | Shared=True | Id=7626170
SOURCE | Element 15267765 | Cat=Ducts | Family=Rectangular Duct | Type= | Level=LEVEL 09 | Name=Flanged Long Radius Elbows / Shoe Branch | System=Supply Air | SizeText=250x200 | Width=250 | Height=200 | Diameter=
ELEMENT | 15267765 | Size='250x200' | Width='250' | Height='200' | Diameter='' | Statuses=NWB_DimWidth:SKIP; NWB_DimHeight:SKIP; NWB_DimDiameter:SKIP
INFO | Candidate: NWB_DimWidth | Scope=instance | Storage=String | ReadOnly=False | Shared=True | Id=7626175
INFO | Candidate: NWB_DimHeight | Scope=instance | Storage=String | ReadOnly=False | Shared=True | Id=7626170
SOURCE | Element 15267766 | Cat=Ducts | Family=Rectangular Duct | Type= | Level=LEVEL 09 | Name=Flanged Long Radius Elbows / Shoe Branch | System=Supply Air | SizeText=250x200 | Width=250 | Height=200 | Diameter=
ELEMENT | 15267766 | Size='250x200' | Width='250' | Height='200' | Diameter='' | Statuses=NWB_DimWidth:SKIP; NWB_DimHeight:SKIP; NWB_DimDiameter:SKIP
INFO | Candidate: NWB_DimWidth | Scope=instance | Storage=Double | ReadOnly=False | Shared=True | Id=3045165
INFO | Candidate: NWB_DimWidth | Scope=instance | Storage=String | ReadOnly=False | Shared=True | Id=7626175
INFO | Found 2 parameters named NWB_DimWidth
INFO | SELECTED | Shared Parameter | Scope=instance | ReadOnly=False | Id=7626175
INFO | SELECTED | Shared Parameter | Scope=instance | ReadOnly=False | Id=3045165
INFO | Candidate: NWB_DimHeight | Scope=instance | Storage=Double | ReadOnly=False | Shared=True | Id=3045163
INFO | Candidate: NWB_DimHeight | Scope=instance | Storage=String | ReadOnly=False | Shared=True | Id=7626170
INFO | Found 2 parameters named NWB_DimHeight
INFO | SELECTED | Shared Parameter | Scope=instance | ReadOnly=False | Id=7626170
INFO | SELECTED | Shared Parameter | Scope=instance | ReadOnly=False | Id=3045163
SOURCE | Element 15267767 | Cat=Duct Fittings | Family=MHT-ME-DF-Rectangular Short Radius Bend - Flanged | Type= | Level=LEVEL 09 | Name=MHT-ME-DF-Rectangular Short Radius Bend - Flanged | System=Supply Air | SizeText=200x250-200x250 | Width=200 | Height=250 | Diameter=
ELEMENT | 15267767 | Size='200x250-200x250' | Width='200' | Height='250' | Diameter='' | Statuses=NWB_DimWidth:SKIP; NWB_DimHeight:SKIP; NWB_DimDiameter:SKIP
INFO | Candidate: NWB_DimWidth | Scope=instance | Storage=String | ReadOnly=False | Shared=True | Id=7626175
INFO | Candidate: NWB_DimHeight | Scope=instance | Storage=String | ReadOnly=False | Shared=True | Id=7626170
SOURCE | Element 15267769 | Cat=Ducts | Family=Rectangular Duct | Type= | Level=LEVEL 09 | Name=Flanged Long Radius Elbows / Shoe Branch | System=Supply Air | SizeText=250x200 | Width=250 | Height=200 | Diameter=
ELEMENT | 15267769 | Size='250x200' | Width='250' | Height='200' | Diameter='' | Statuses=NWB_DimWidth:SKIP; NWB_DimHeight:SKIP; NWB_DimDiameter:SKIP
INFO | Candidate: NWB_DimWidth | Scope=instance | Storage=Double | ReadOnly=False | Shared=True | Id=3045165
INFO | Candidate: NWB_DimWidth | Scope=instance | Storage=String | ReadOnly=False | Shared=True | Id=7626175
INFO | Found 2 parameters named NWB_DimWidth
INFO | SELECTED | Shared Parameter | Scope=instance | ReadOnly=False | Id=7626175
INFO | SELECTED | Shared Parameter | Scope=instance | ReadOnly=False | Id=3045165
INFO | Candidate: NWB_DimHeight | Scope=instance | Storage=Double | ReadOnly=False | Shared=True | Id=3045163
INFO | Candidate: NWB_DimHeight | Scope=instance | Storage=String | ReadOnly=False | Shared=True | Id=7626170
INFO | Found 2 parameters named NWB_DimHeight
INFO | SELECTED | Shared Parameter | Scope=instance | ReadOnly=False | Id=7626170
INFO | SELECTED | Shared Parameter | Scope=instance | ReadOnly=False | Id=3045163
SOURCE | Element 15267770 | Cat=Duct Fittings | Family=MHT-ME-DF-Rectangular Short Radius Bend - Flanged | Type= | Level=LEVEL 09 | Name=MHT-ME-DF-Rectangular Short Radius Bend - Flanged | System=Supply Air | SizeText=200x250-200x250 | Width=200 | Height=250 | Diameter=
ELEMENT | 15267770 | Size='200x250-200x250' | Width='200' | Height='250' | Diameter='' | Statuses=NWB_DimWidth:SKIP; NWB_DimHeight:SKIP; NWB_DimDiameter:SKIP
INFO | Candidate: NWB_DimWidth | Scope=instance | Storage=String | ReadOnly=False | Shared=True | Id=7626175
INFO | Candidate: NWB_DimHeight | Scope=instance | Storage=String | ReadOnly=False | Shared=True | Id=7626170
SOURCE | Element 15267771 | Cat=Ducts | Family=Rectangular Duct | Type= | Level=LEVEL 09 | Name=Flanged Long Radius Elbows / Shoe Branch | System=Supply Air | SizeText=250x200 | Width=250 | Height=200 | Diameter=
ELEMENT | 15267771 | Size='250x200' | Width='250' | Height='200' | Diameter='' | Statuses=NWB_DimWidth:SKIP; NWB_DimHeight:SKIP; NWB_DimDiameter:SKIP
INFO | Candidate: NWB_DimWidth | Scope=instance | Storage=String | ReadOnly=False | Shared=True | Id=7626175
INFO | Candidate: NWB_DimHeight | Scope=instance | Storage=String | ReadOnly=False | Shared=True | Id=7626170
SOURCE | Element 15267777 | Cat=Ducts | Family=Rectangular Duct | Type= | Level=LEVEL 09 | Name=Flanged Long Radius Elbows / Shoe Branch | System=Supply Air | SizeText=1000x500 | Width=1000 | Height=500 | Diameter=
ELEMENT | 15267777 | Size='1000x500' | Width='1000' | Height='500' | Diameter='' | Statuses=NWB_DimWidth:SKIP; NWB_DimHeight:SKIP; NWB_DimDiameter:SKIP
INFO | Candidate: NWB_DimWidth | Scope=instance | Storage=String | ReadOnly=False | Shared=True | Id=7626175
INFO | Candidate: NWB_DimHeight | Scope=instance | Storage=String | ReadOnly=False | Shared=True | Id=7626170
INFO | Candidate: NWB_DimDiameter | Scope=instance | Storage=String | ReadOnly=False | Shared=True | Id=7626172
INFO | Element 15267778 | NWB_DimDiameter | Kind=Shared Parameter | Scope=instance | Storage=String | Old='' | New='0'
SOURCE | Element 15267778 | Cat=Air Terminals | Family=AIR_LOUVER_N | Type= | Level=LEVEL 09 | Name=FRESH AIR LOUVER | System=Supply Air | SizeText=0x500 | Width=0 | Height=500 | Diameter=0
ELEMENT | 15267778 | Size='0x500' | Width='0' | Height='500' | Diameter='0' | Statuses=NWB_DimWidth:SKIP; NWB_DimHeight:SKIP; NWB_DimDiameter:OK
INFO | Candidate: NWB_DimWidth | Scope=instance | Storage=String | ReadOnly=False | Shared=True | Id=7626175
INFO | Candidate: NWB_DimHeight | Scope=instance | Storage=String | ReadOnly=False | Shared=True | Id=7626170
SOURCE | Element 15267782 | Cat=Ducts | Family=Rectangular Duct | Type= | Level=LEVEL 09 | Name=Flanged Long Radius Elbows / Shoe Branch | System=Supply Air | SizeText=250x200 | Width=250 | Height=200 | Diameter=
ELEMENT | 15267782 | Size='250x200' | Width='250' | Height='200' | Diameter='' | Statuses=NWB_DimWidth:SKIP; NWB_DimHeight:SKIP; NWB_DimDiameter:SKIP
INFO | Candidate: NWB_DimWidth | Scope=instance | Storage=Double | ReadOnly=False | Shared=True | Id=3045165
INFO | Candidate: NWB_DimWidth | Scope=instance | Storage=String | ReadOnly=False | Shared=True | Id=7626175
INFO | Found 2 parameters named NWB_DimWidth
INFO | SELECTED | Shared Parameter | Scope=instance | ReadOnly=False | Id=7626175
INFO | SELECTED | Shared Parameter | Scope=instance | ReadOnly=False | Id=3045165
INFO | Candidate: NWB_DimHeight | Scope=instance | Storage=Double | ReadOnly=False | Shared=True | Id=3045163
INFO | Candidate: NWB_DimHeight | Scope=instance | Storage=String | ReadOnly=False | Shared=True | Id=7626170
INFO | Found 2 parameters named NWB_DimHeight
INFO | SELECTED | Shared Parameter | Scope=instance | ReadOnly=False | Id=7626170
INFO | SELECTED | Shared Parameter | Scope=instance | ReadOnly=False | Id=3045163
SOURCE | Element 15267783 | Cat=Duct Fittings | Family=MHT-ME-DF-Rectangular Short Radius Bend - Flanged | Type= | Level=LEVEL 09 | Name=MHT-ME-DF-Rectangular Short Radius Bend - Flanged | System=Supply Air | SizeText=250x200-250x200 | Width=250 | Height=200 | Diameter=
ELEMENT | 15267783 | Size='250x200-250x200' | Width='250' | Height='200' | Diameter='' | Statuses=NWB_DimWidth:SKIP; NWB_DimHeight:SKIP; NWB_DimDiameter:SKIP
INFO | Candidate: NWB_DimWidth | Scope=instance | Storage=String | ReadOnly=False | Shared=True | Id=7626175
INFO | Candidate: NWB_DimHeight | Scope=instance | Storage=String | ReadOnly=False | Shared=True | Id=7626170
SOURCE | Element 15268815 | Cat=Ducts | Family=Rectangular Duct | Type= | Level=LEVEL 09 | Name=Flanged Long Radius Elbows / Shoe Branch | System=Return Air | SizeText=400x250 | Width=400 | Height=250 | Diameter=
ELEMENT | 15268815 | Size='400x250' | Width='400' | Height='250' | Diameter='' | Statuses=NWB_DimWidth:SKIP; NWB_DimHeight:SKIP; NWB_DimDiameter:SKIP
INFO | Candidate: NWB_DimWidth | Scope=instance | Storage=String | ReadOnly=False | Shared=True | Id=7626175
INFO | Candidate: NWB_DimHeight | Scope=instance | Storage=String | ReadOnly=False | Shared=True | Id=7626170
SOURCE | Element 15268816 | Cat=Duct Fittings | Family=MHT-ME-DF-Rectangular Eccentric Taper - Flanged-Manula Length | Type= | Level=LEVEL 09 | Name=MHT-ME-DF-Rectangular Eccentric Taper - Flanged-Manual Length | System=Return Air | SizeText=600x600-400x250 | Width=600 | Height=600 | Diameter=
ELEMENT | 15268816 | Size='600x600-400x250' | Width='600' | Height='600' | Diameter='' | Statuses=NWB_DimWidth:SKIP; NWB_DimHeight:SKIP; NWB_DimDiameter:SKIP
INFO | Candidate: NWB_DimWidth | Scope=instance | Storage=String | ReadOnly=False | Shared=True | Id=7626175
INFO | Candidate: NWB_DimHeight | Scope=instance | Storage=String | ReadOnly=False | Shared=True | Id=7626170
SOURCE | Element 15268817 | Cat=Ducts | Family=Rectangular Duct | Type= | Level=LEVEL 09 | Name=Flanged Long Radius Elbows / Shoe Branch | System=Return Air | SizeText=400x250 | Width=400 | Height=250 | Diameter=
ELEMENT | 15268817 | Size='400x250' | Width='400' | Height='250' | Diameter='' | Statuses=NWB_DimWidth:SKIP; NWB_DimHeight:SKIP; NWB_DimDiameter:SKIP
INFO | Candidate: NWB_DimWidth | Scope=instance | Storage=Double | ReadOnly=False | Shared=True | Id=3045165
INFO | Candidate: NWB_DimWidth | Scope=instance | Storage=String | ReadOnly=False | Shared=True | Id=7626175
INFO | Found 2 parameters named NWB_DimWidth
INFO | SELECTED | Shared Parameter | Scope=instance | ReadOnly=False | Id=7626175
INFO | SELECTED | Shared Parameter | Scope=instance | ReadOnly=False | Id=3045165
INFO | Candidate: NWB_DimHeight | Scope=instance | Storage=Double | ReadOnly=False | Shared=True | Id=3045163
INFO | Candidate: NWB_DimHeight | Scope=instance | Storage=String | ReadOnly=False | Shared=True | Id=7626170
INFO | Found 2 parameters named NWB_DimHeight
INFO | SELECTED | Shared Parameter | Scope=instance | ReadOnly=False | Id=7626170
INFO | SELECTED | Shared Parameter | Scope=instance | ReadOnly=False | Id=3045163
SOURCE | Element 15268819 | Cat=Duct Fittings | Family=MHT-ME-DF-Rectangular Short Radius Bend - Flanged | Type= | Level=LEVEL 09 | Name=MHT-ME-DF-Rectangular Short Radius Bend - Flanged | System=Return Air | SizeText=250x400-250x400 | Width=250 | Height=400 | Diameter=
ELEMENT | 15268819 | Size='250x400-250x400' | Width='250' | Height='400' | Diameter='' | Statuses=NWB_DimWidth:SKIP; NWB_DimHeight:SKIP; NWB_DimDiameter:SKIP
INFO | Candidate: NWB_DimWidth | Scope=instance | Storage=String | ReadOnly=False | Shared=True | Id=7626175
INFO | Candidate: NWB_DimHeight | Scope=instance | Storage=String | ReadOnly=False | Shared=True | Id=7626170
SOURCE | Element 15268823 | Cat=Ducts | Family=Rectangular Duct | Type= | Level=LEVEL 09 | Name=Flanged Long Radius Elbows / Shoe Branch | System=Return Air | SizeText=400x250 | Width=400 | Height=250 | Diameter=
ELEMENT | 15268823 | Size='400x250' | Width='400' | Height='250' | Diameter='' | Statuses=NWB_DimWidth:SKIP; NWB_DimHeight:SKIP; NWB_DimDiameter:SKIP
INFO | Candidate: NWB_DimWidth | Scope=instance | Storage=String | ReadOnly=False | Shared=True | Id=7626175
INFO | Candidate: NWB_DimHeight | Scope=instance | Storage=String | ReadOnly=False | Shared=True | Id=7626170
SOURCE | Element 15268824 | Cat=Duct Fittings | Family=MHT-ME-DF-Rectangular Eccentric Taper - Flanged-Manula Length | Type= | Level=LEVEL 09 | Name=MHT-ME-DF-Rectangular Eccentric Taper - Flanged-Manual Length | System=Return Air | SizeText=600x600-400x250 | Width=600 | Height=600 | Diameter=
ELEMENT | 15268824 | Size='600x600-400x250' | Width='600' | Height='600' | Diameter='' | Statuses=NWB_DimWidth:SKIP; NWB_DimHeight:SKIP; NWB_DimDiameter:SKIP
INFO | Candidate: NWB_DimWidth | Scope=instance | Storage=String | ReadOnly=False | Shared=True | Id=7626175
INFO | Candidate: NWB_DimHeight | Scope=instance | Storage=String | ReadOnly=False | Shared=True | Id=7626170
SOURCE | Element 15268825 | Cat=Ducts | Family=Rectangular Duct | Type= | Level=LEVEL 09 | Name=Flanged Long Radius Elbows / Shoe Branch | System=Return Air | SizeText=400x250 | Width=400 | Height=250 | Diameter=
ELEMENT | 15268825 | Size='400x250' | Width='400' | Height='250' | Diameter='' | Statuses=NWB_DimWidth:SKIP; NWB_DimHeight:SKIP; NWB_DimDiameter:SKIP
INFO | Candidate: NWB_DimWidth | Scope=instance | Storage=Double | ReadOnly=False | Shared=True | Id=3045165
INFO | Candidate: NWB_DimWidth | Scope=instance | Storage=String | ReadOnly=False | Shared=True | Id=7626175
INFO | Found 2 parameters named NWB_DimWidth
INFO | SELECTED | Shared Parameter | Scope=instance | ReadOnly=False | Id=7626175
INFO | SELECTED | Shared Parameter | Scope=instance | ReadOnly=False | Id=3045165
INFO | Candidate: NWB_DimHeight | Scope=instance | Storage=Double | ReadOnly=False | Shared=True | Id=3045163
INFO | Candidate: NWB_DimHeight | Scope=instance | Storage=String | ReadOnly=False | Shared=True | Id=7626170
INFO | Found 2 parameters named NWB_DimHeight
INFO | SELECTED | Shared Parameter | Scope=instance | ReadOnly=False | Id=7626170
INFO | SELECTED | Shared Parameter | Scope=instance | ReadOnly=False | Id=3045163
SOURCE | Element 15268829 | Cat=Duct Fittings | Family=MHT-ME-DF-Rectangular Short Radius Bend - Flanged | Type= | Level=LEVEL 09 | Name=MHT-ME-DF-Rectangular Short Radius Bend - Flanged | System=Return Air | SizeText=250x400-250x400 | Width=250 | Height=400 | Diameter=
ELEMENT | 15268829 | Size='250x400-250x400' | Width='250' | Height='400' | Diameter='' | Statuses=NWB_DimWidth:SKIP; NWB_DimHeight:SKIP; NWB_DimDiameter:SKIP
INFO | Candidate: NWB_DimWidth | Scope=instance | Storage=Double | ReadOnly=False | Shared=True | Id=3045165
INFO | Candidate: NWB_DimWidth | Scope=instance | Storage=String | ReadOnly=False | Shared=True | Id=7626175
INFO | Found 2 parameters named NWB_DimWidth
INFO | SELECTED | Shared Parameter | Scope=instance | ReadOnly=False | Id=7626175
INFO | SELECTED | Shared Parameter | Scope=instance | ReadOnly=False | Id=3045165
INFO | Candidate: NWB_DimHeight | Scope=instance | Storage=Double | ReadOnly=False | Shared=True | Id=3045163
INFO | Candidate: NWB_DimHeight | Scope=instance | Storage=String | ReadOnly=False | Shared=True | Id=7626170
INFO | Found 2 parameters named NWB_DimHeight
INFO | SELECTED | Shared Parameter | Scope=instance | ReadOnly=False | Id=7626170
INFO | SELECTED | Shared Parameter | Scope=instance | ReadOnly=False | Id=3045163
SOURCE | Element 15269037 | Cat=Duct Fittings | Family=MHT-ME-DF-Rectangular Short Radius Bend - Flanged | Type= | Level=LEVEL 09 | Name=MHT-ME-DF-Rectangular Short Radius Bend - Flanged | System=Supply Air | SizeText=250x200-250x200 | Width=250 | Height=200 | Diameter=
ELEMENT | 15269037 | Size='250x200-250x200' | Width='250' | Height='200' | Diameter='' | Statuses=NWB_DimWidth:SKIP; NWB_DimHeight:SKIP; NWB_DimDiameter:SKIP
INFO | Candidate: NWB_DimWidth | Scope=instance | Storage=Double | ReadOnly=False | Shared=True | Id=3045165
INFO | Candidate: NWB_DimWidth | Scope=instance | Storage=String | ReadOnly=False | Shared=True | Id=7626175
INFO | Found 2 parameters named NWB_DimWidth
INFO | SELECTED | Shared Parameter | Scope=instance | ReadOnly=False | Id=7626175
INFO | SELECTED | Shared Parameter | Scope=instance | ReadOnly=False | Id=3045165
INFO | Candidate: NWB_DimHeight | Scope=instance | Storage=Double | ReadOnly=False | Shared=True | Id=3045163
INFO | Candidate: NWB_DimHeight | Scope=instance | Storage=String | ReadOnly=False | Shared=True | Id=7626170
INFO | Found 2 parameters named NWB_DimHeight
INFO | SELECTED | Shared Parameter | Scope=instance | ReadOnly=False | Id=7626170
INFO | SELECTED | Shared Parameter | Scope=instance | ReadOnly=False | Id=3045163
SOURCE | Element 15269523 | Cat=Duct Fittings | Family=MHT-ME-DF-Rectangular Eccentric Taper - Flanged-01 | Type= | Level=LEVEL 09 | Name=Standard | System=Supply Air | SizeText=400x300-400x225 | Width=400 | Height=300 | Diameter=
ELEMENT | 15269523 | Size='400x300-400x225' | Width='400' | Height='300' | Diameter='' | Statuses=NWB_DimWidth:SKIP; NWB_DimHeight:SKIP; NWB_DimDiameter:SKIP
INFO | Candidate: NWB_DimDiameter | Scope=instance | Storage=String | ReadOnly=False | Shared=True | Id=7626172
SOURCE | Element 15269525 | Cat=Duct Fittings | Family=MHT_DF_Spigot | Type= | Level=LEVEL 09 | Name=Damper | System=Supply Air | SizeText=250ø-250ø | Width= | Height= | Diameter=250
ELEMENT | 15269525 | Size='250ø-250ø' | Width='' | Height='' | Diameter='250' | Statuses=NWB_DimWidth:SKIP; NWB_DimHeight:SKIP; NWB_DimDiameter:SKIP
INFO | Candidate: NWB_DimWidth | Scope=instance | Storage=Double | ReadOnly=False | Shared=True | Id=3045165
INFO | Candidate: NWB_DimWidth | Scope=instance | Storage=String | ReadOnly=False | Shared=True | Id=7626175
INFO | Found 2 parameters named NWB_DimWidth
INFO | SELECTED | Shared Parameter | Scope=instance | ReadOnly=False | Id=7626175
INFO | SELECTED | Shared Parameter | Scope=instance | ReadOnly=False | Id=3045165
INFO | Candidate: NWB_DimHeight | Scope=instance | Storage=Double | ReadOnly=False | Shared=True | Id=3045163
INFO | Candidate: NWB_DimHeight | Scope=instance | Storage=String | ReadOnly=False | Shared=True | Id=7626170
INFO | Found 2 parameters named NWB_DimHeight
INFO | SELECTED | Shared Parameter | Scope=instance | ReadOnly=False | Id=7626170
INFO | SELECTED | Shared Parameter | Scope=instance | ReadOnly=False | Id=3045163
SOURCE | Element 15269527 | Cat=Duct Fittings | Family=MHT-ME-DF-Rectangular Eccentric Taper - Flanged-01 | Type= | Level=LEVEL 09 | Name=Standard | System=Supply Air | SizeText=400x300-400x225 | Width=400 | Height=300 | Diameter=
ELEMENT | 15269527 | Size='400x300-400x225' | Width='400' | Height='300' | Diameter='' | Statuses=NWB_DimWidth:SKIP; NWB_DimHeight:SKIP; NWB_DimDiameter:SKIP
INFO | Candidate: NWB_DimDiameter | Scope=instance | Storage=String | ReadOnly=False | Shared=True | Id=7626172
SOURCE | Element 15269565 | Cat=Duct Fittings | Family=MHT_DF_Spigot | Type= | Level=LEVEL 09 | Name=Damper | System=Supply Air | SizeText=250ø-250ø | Width= | Height= | Diameter=250
ELEMENT | 15269565 | Size='250ø-250ø' | Width='' | Height='' | Diameter='250' | Statuses=NWB_DimWidth:SKIP; NWB_DimHeight:SKIP; NWB_DimDiameter:SKIP
INFO | Candidate: NWB_DimWidth | Scope=instance | Storage=String | ReadOnly=False | Shared=True | Id=7626175
INFO | Candidate: NWB_DimHeight | Scope=instance | Storage=String | ReadOnly=False | Shared=True | Id=7626170
SOURCE | Element 15269567 | Cat=Ducts | Family=Rectangular Duct | Type= | Level=LEVEL 09 | Name=Flanged Long Radius Elbows / Shoe Branch | System=Supply Air | SizeText=250x200 | Width=250 | Height=200 | Diameter=
ELEMENT | 15269567 | Size='250x200' | Width='250' | Height='200' | Diameter='' | Statuses=NWB_DimWidth:SKIP; NWB_DimHeight:SKIP; NWB_DimDiameter:SKIP
INFO | Candidate: NWB_DimWidth | Scope=instance | Storage=Double | ReadOnly=False | Shared=True | Id=3045165
INFO | Candidate: NWB_DimWidth | Scope=instance | Storage=String | ReadOnly=False | Shared=True | Id=7626175
INFO | Found 2 parameters named NWB_DimWidth
INFO | SELECTED | Shared Parameter | Scope=instance | ReadOnly=False | Id=7626175
INFO | SELECTED | Shared Parameter | Scope=instance | ReadOnly=False | Id=3045165
INFO | Candidate: NWB_DimHeight | Scope=instance | Storage=Double | ReadOnly=False | Shared=True | Id=3045163
INFO | Candidate: NWB_DimHeight | Scope=instance | Storage=String | ReadOnly=False | Shared=True | Id=7626170
INFO | Found 2 parameters named NWB_DimHeight
INFO | SELECTED | Shared Parameter | Scope=instance | ReadOnly=False | Id=7626170
INFO | SELECTED | Shared Parameter | Scope=instance | ReadOnly=False | Id=3045163
SOURCE | Element 15269568 | Cat=Duct Fittings | Family=MHT-ME-DF-Rectangular Short Radius Bend - Flanged | Type= | Level=LEVEL 09 | Name=MHT-ME-DF-Rectangular Short Radius Bend - Flanged | System=Supply Air | SizeText=250x200-250x200 | Width=250 | Height=200 | Diameter=
ELEMENT | 15269568 | Size='250x200-250x200' | Width='250' | Height='200' | Diameter='' | Statuses=NWB_DimWidth:SKIP; NWB_DimHeight:SKIP; NWB_DimDiameter:SKIP
INFO | Candidate: NWB_DimWidth | Scope=instance | Storage=String | ReadOnly=False | Shared=True | Id=7626175
INFO | Candidate: NWB_DimHeight | Scope=instance | Storage=String | ReadOnly=False | Shared=True | Id=7626170
SOURCE | Element 15269569 | Cat=Ducts | Family=Rectangular Duct | Type= | Level=LEVEL 09 | Name=Flanged Long Radius Elbows / Shoe Branch | System=Supply Air | SizeText=250x200 | Width=250 | Height=200 | Diameter=
ELEMENT | 15269569 | Size='250x200' | Width='250' | Height='200' | Diameter='' | Statuses=NWB_DimWidth:SKIP; NWB_DimHeight:SKIP; NWB_DimDiameter:SKIP
INFO | Candidate: NWB_DimWidth | Scope=instance | Storage=Double | ReadOnly=False | Shared=True | Id=3045165
INFO | Candidate: NWB_DimWidth | Scope=instance | Storage=String | ReadOnly=False | Shared=True | Id=7626175
INFO | Found 2 parameters named NWB_DimWidth
INFO | SELECTED | Shared Parameter | Scope=instance | ReadOnly=False | Id=7626175
INFO | SELECTED | Shared Parameter | Scope=instance | ReadOnly=False | Id=3045165
INFO | Element 15269570 | NWB_DimWidth | Kind=Shared Parameter | Scope=instance | Storage=Double | Old='0' | New='250'
INFO | Candidate: NWB_DimHeight | Scope=instance | Storage=Double | ReadOnly=False | Shared=True | Id=3045163
INFO | Candidate: NWB_DimHeight | Scope=instance | Storage=String | ReadOnly=False | Shared=True | Id=7626170
INFO | Found 2 parameters named NWB_DimHeight
INFO | SELECTED | Shared Parameter | Scope=instance | ReadOnly=False | Id=7626170
INFO | SELECTED | Shared Parameter | Scope=instance | ReadOnly=False | Id=3045163
INFO | Element 15269570 | NWB_DimHeight | Kind=Shared Parameter | Scope=instance | Storage=Double | Old='0' | New='200'
SOURCE | Element 15269570 | Cat=Duct Fittings | Family=MHT-ME-DF-Rectangular Short Radius Bend - Flanged | Type= | Level=LEVEL 09 | Name=MHT-ME-DF-Rectangular Short Radius Bend - Flanged | System=Supply Air | SizeText=250x200-250x200 | Width=250 | Height=200 | Diameter=
ELEMENT | 15269570 | Size='250x200-250x200' | Width='250' | Height='200' | Diameter='' | Statuses=NWB_DimWidth:OK; NWB_DimHeight:OK; NWB_DimDiameter:SKIP
INFO | Candidate: NWB_DimWidth | Scope=instance | Storage=String | ReadOnly=False | Shared=True | Id=7626175
INFO | Candidate: NWB_DimHeight | Scope=instance | Storage=String | ReadOnly=False | Shared=True | Id=7626170
SOURCE | Element 15269678 | Cat=Duct Fittings | Family=MHT-ME-DF-BRANCH-TAP-01 | Type= | Level=LEVEL 09 | Name=Standard | System=Supply Air | SizeText=250x200-250x200 | Width=250 | Height=200 | Diameter=
ELEMENT | 15269678 | Size='250x200-250x200' | Width='250' | Height='200' | Diameter='' | Statuses=NWB_DimWidth:SKIP; NWB_DimHeight:SKIP; NWB_DimDiameter:SKIP
INFO | Candidate: NWB_DimWidth | Scope=instance | Storage=Double | ReadOnly=False | Shared=True | Id=3045165
INFO | Candidate: NWB_DimWidth | Scope=instance | Storage=String | ReadOnly=False | Shared=True | Id=7626175
INFO | Found 2 parameters named NWB_DimWidth
INFO | SELECTED | Shared Parameter | Scope=instance | ReadOnly=False | Id=7626175
INFO | SELECTED | Shared Parameter | Scope=instance | ReadOnly=False | Id=3045165
INFO | Candidate: NWB_DimHeight | Scope=instance | Storage=Double | ReadOnly=False | Shared=True | Id=3045163
INFO | Candidate: NWB_DimHeight | Scope=instance | Storage=String | ReadOnly=False | Shared=True | Id=7626170
INFO | Found 2 parameters named NWB_DimHeight
INFO | SELECTED | Shared Parameter | Scope=instance | ReadOnly=False | Id=7626170
INFO | SELECTED | Shared Parameter | Scope=instance | ReadOnly=False | Id=3045163
SOURCE | Element 15269679 | Cat=Duct Fittings | Family=MHT-ME-DF-Rectangular Short Radius Bend - Flanged | Type= | Level=LEVEL 09 | Name=MHT-ME-DF-Rectangular Short Radius Bend - Flanged | System=Supply Air | SizeText=250x200-250x200 | Width=250 | Height=200 | Diameter=
ELEMENT | 15269679 | Size='250x200-250x200' | Width='250' | Height='200' | Diameter='' | Statuses=NWB_DimWidth:SKIP; NWB_DimHeight:SKIP; NWB_DimDiameter:SKIP
INFO | Candidate: NWB_DimWidth | Scope=instance | Storage=Double | ReadOnly=False | Shared=True | Id=3045165
INFO | Candidate: NWB_DimWidth | Scope=instance | Storage=String | ReadOnly=False | Shared=True | Id=7626175
INFO | Found 2 parameters named NWB_DimWidth
INFO | SELECTED | Shared Parameter | Scope=instance | ReadOnly=False | Id=7626175
INFO | SELECTED | Shared Parameter | Scope=instance | ReadOnly=False | Id=3045165
INFO | Candidate: NWB_DimHeight | Scope=instance | Storage=Double | ReadOnly=False | Shared=True | Id=3045163
INFO | Candidate: NWB_DimHeight | Scope=instance | Storage=String | ReadOnly=False | Shared=True | Id=7626170
INFO | Found 2 parameters named NWB_DimHeight
INFO | SELECTED | Shared Parameter | Scope=instance | ReadOnly=False | Id=7626170
INFO | SELECTED | Shared Parameter | Scope=instance | ReadOnly=False | Id=3045163
SOURCE | Element 15269681 | Cat=Duct Fittings | Family=MHT-ME-DF-Rectangular Short Radius Bend - Flanged | Type= | Level=LEVEL 09 | Name=MHT-ME-DF-Rectangular Short Radius Bend - Flanged | System=Supply Air | SizeText=200x250-200x250 | Width=200 | Height=250 | Diameter=
ELEMENT | 15269681 | Size='200x250-200x250' | Width='200' | Height='250' | Diameter='' | Statuses=NWB_DimWidth:SKIP; NWB_DimHeight:SKIP; NWB_DimDiameter:SKIP
INFO | Candidate: NWB_DimWidth | Scope=instance | Storage=String | ReadOnly=False | Shared=True | Id=7626175
INFO | Candidate: NWB_DimHeight | Scope=instance | Storage=String | ReadOnly=False | Shared=True | Id=7626170
SOURCE | Element 15269683 | Cat=Ducts | Family=Rectangular Duct | Type= | Level=LEVEL 09 | Name=Flanged Long Radius Elbows / Shoe Branch | System=Supply Air | SizeText=250x200 | Width=250 | Height=200 | Diameter=
ELEMENT | 15269683 | Size='250x200' | Width='250' | Height='200' | Diameter='' | Statuses=NWB_DimWidth:SKIP; NWB_DimHeight:SKIP; NWB_DimDiameter:SKIP
INFO | Candidate: NWB_DimWidth | Scope=instance | Storage=String | ReadOnly=False | Shared=True | Id=7626175
INFO | Candidate: NWB_DimHeight | Scope=instance | Storage=String | ReadOnly=False | Shared=True | Id=7626170
SOURCE | Element 15269685 | Cat=Ducts | Family=Rectangular Duct | Type= | Level=LEVEL 09 | Name=Flanged Long Radius Elbows / Shoe Branch | System=Supply Air | SizeText=250x200 | Width=250 | Height=200 | Diameter=
ELEMENT | 15269685 | Size='250x200' | Width='250' | Height='200' | Diameter='' | Statuses=NWB_DimWidth:SKIP; NWB_DimHeight:SKIP; NWB_DimDiameter:SKIP
INFO | Candidate: NWB_DimWidth | Scope=instance | Storage=Double | ReadOnly=False | Shared=True | Id=3045165
INFO | Candidate: NWB_DimWidth | Scope=instance | Storage=String | ReadOnly=False | Shared=True | Id=7626175
INFO | Found 2 parameters named NWB_DimWidth
INFO | SELECTED | Shared Parameter | Scope=instance | ReadOnly=False | Id=7626175
INFO | SELECTED | Shared Parameter | Scope=instance | ReadOnly=False | Id=3045165
INFO | Candidate: NWB_DimHeight | Scope=instance | Storage=Double | ReadOnly=False | Shared=True | Id=3045163
INFO | Candidate: NWB_DimHeight | Scope=instance | Storage=String | ReadOnly=False | Shared=True | Id=7626170
INFO | Found 2 parameters named NWB_DimHeight
INFO | SELECTED | Shared Parameter | Scope=instance | ReadOnly=False | Id=7626170
INFO | SELECTED | Shared Parameter | Scope=instance | ReadOnly=False | Id=3045163
SOURCE | Element 15269686 | Cat=Duct Fittings | Family=MHT-ME-DF-Rectangular Short Radius Bend - Flanged | Type= | Level=LEVEL 09 | Name=MHT-ME-DF-Rectangular Short Radius Bend - Flanged | System=Supply Air | SizeText=250x200-250x200 | Width=250 | Height=200 | Diameter=
ELEMENT | 15269686 | Size='250x200-250x200' | Width='250' | Height='200' | Diameter='' | Statuses=NWB_DimWidth:SKIP; NWB_DimHeight:SKIP; NWB_DimDiameter:SKIP
INFO | Candidate: NWB_DimWidth | Scope=instance | Storage=Double | ReadOnly=False | Shared=True | Id=3045165
INFO | Candidate: NWB_DimWidth | Scope=instance | Storage=String | ReadOnly=False | Shared=True | Id=7626175
INFO | Found 2 parameters named NWB_DimWidth
INFO | SELECTED | Shared Parameter | Scope=instance | ReadOnly=False | Id=7626175
INFO | SELECTED | Shared Parameter | Scope=instance | ReadOnly=False | Id=3045165
INFO | Candidate: NWB_DimHeight | Scope=instance | Storage=Double | ReadOnly=False | Shared=True | Id=3045163
INFO | Candidate: NWB_DimHeight | Scope=instance | Storage=String | ReadOnly=False | Shared=True | Id=7626170
INFO | Found 2 parameters named NWB_DimHeight
INFO | SELECTED | Shared Parameter | Scope=instance | ReadOnly=False | Id=7626170
INFO | SELECTED | Shared Parameter | Scope=instance | ReadOnly=False | Id=3045163
SOURCE | Element 15269689 | Cat=Duct Fittings | Family=MHT-ME-DF-Rectangular Short Radius Bend - Flanged | Type= | Level=LEVEL 09 | Name=MHT-ME-DF-Rectangular Short Radius Bend - Flanged | System=Supply Air | SizeText=250x200-250x200 | Width=250 | Height=200 | Diameter=
ELEMENT | 15269689 | Size='250x200-250x200' | Width='250' | Height='200' | Diameter='' | Statuses=NWB_DimWidth:SKIP; NWB_DimHeight:SKIP; NWB_DimDiameter:SKIP
INFO | Candidate: NWB_DimWidth | Scope=instance | Storage=String | ReadOnly=False | Shared=True | Id=7626175
INFO | Candidate: NWB_DimHeight | Scope=instance | Storage=String | ReadOnly=False | Shared=True | Id=7626170
INFO | Candidate: NWB_DimDiameter | Scope=instance | Storage=String | ReadOnly=False | Shared=True | Id=7626172
SOURCE | Element 15272860 | Cat=Air Terminals | Family=MHT-ME-AT - Supply Air Grille | Type= | Level= | Name=MHT-ME-AT - 600x600 | System=Supply Air | SizeText=0x1 | Width=0 | Height=1 | Diameter=0
ELEMENT | 15272860 | Size='0x1' | Width='0' | Height='1' | Diameter='0' | Statuses=NWB_DimWidth:SKIP; NWB_DimHeight:SKIP; NWB_DimDiameter:SKIP
INFO | Candidate: NWB_DimWidth | Scope=instance | Storage=String | ReadOnly=False | Shared=True | Id=7626175
INFO | Candidate: NWB_DimHeight | Scope=instance | Storage=String | ReadOnly=False | Shared=True | Id=7626170
INFO | Candidate: NWB_DimDiameter | Scope=instance | Storage=String | ReadOnly=False | Shared=True | Id=7626172
SOURCE | Element 15272862 | Cat=Air Terminals | Family=MHT-ME-AT - Supply Air Grille | Type= | Level= | Name=MHT-ME-AT - 600x600 | System=Supply Air | SizeText=0x1 | Width=0 | Height=1 | Diameter=0
ELEMENT | 15272862 | Size='0x1' | Width='0' | Height='1' | Diameter='0' | Statuses=NWB_DimWidth:SKIP; NWB_DimHeight:SKIP; NWB_DimDiameter:SKIP
INFO | Transaction Status = RolledBack
ERROR | Transaction failed: RolledBack
END | Attempted=49 | Written=0 | Skipped=728 | VerifyFailed=0 | SharedWrites=49 | FamilyWrites=0 | TypeWrites=0 | InstanceWrites=49 | ReadOnly=0 | MissingTarget=0 | SkipTargetMode=0 | DuplicateParameter=102 | SkipWorksharing=3 | Failed=49 | Cancelled=False
