"run_stamp","tool","view_name","view_mode","processing_scope","write_mode","parameter_target_mode","worksharing_mode","element_id","category","family","type","level","system","name","target_parameter","requested_value","actual_before","actual_after","outcome","reason","target_scope","target_kind","target_param_id","target_definition_name","target_storage","target_is_read_only","candidate_count","selected_target_count","asset_score","asset_type_code","derived_asset_id","asset_id_rule","asset_id_reason","asset_type","asset_category","linked_room_source","linked_room_link","linked_room_number","linked_room_name","linked_room_department","linked_room_subdepartment","linked_room_building","linked_room_site","resolved_department","resolved_subdepartment","resolved_building","resolved_site","derived_wbs00","derived_wbs01","derived_wbs03","derived_wbs05","derived_wbs_code"
"20260814_193109","NWB_PARAMETERS AutoFill","Multi-Category Schedule 2","schedule","selection","smart","Both","skip-other-users","13446591","Duct Insulations","Duct Insulation","","","Return Air","External Insulation","NWB_AssetTypeCode","MDUC","MDUC","MDUC","SKIP","already-matches","instance","Shared Parameter","7626182","NWB_AssetTypeCode","String","False","1","1","45","MDUC","MDUC-HO-NS-13446591","default","generated from matched Asset Master row with blank NWB_AssetID","Ductwork","Ductwork","connected-miss:d4:visited10","","","","","","","","","","","","WBH","HO","Z00","SE5","WBH-HO-NS-Z00-ME-SE5"
"20260814_193109","NWB_PARAMETERS AutoFill","Multi-Category Schedule 2","schedule","selection","smart","Both","skip-other-users","13446591","Duct Insulations","Duct Insulation","","","Return Air","External Insulation","NWB_AssetType","Ductwork","Ductwork","Ductwork","SKIP","already-matches","instance","Shared Parameter","7626181","NWB_AssetType","String","False","1","1","45","MDUC","MDUC-HO-NS-13446591","default","generated from matched Asset Master row with blank NWB_AssetID","Ductwork","Ductwork","connected-miss:d4:visited10","","","","","","","","","","","","WBH","HO","Z00","SE5","WBH-HO-NS-Z00-ME-SE5"
"20260814_193109","NWB_PARAMETERS AutoFill","Multi-Category Schedule 2","schedule","selection","smart","Both","skip-other-users","13446591","Duct Insulations","Duct Insulation","","","Return Air","External Insulation","NWB_Discipline","ME","ME","ME","SKIP","already-matches","instance","Shared Parameter","7626159","NWB_Discipline","String","False","1","1","45","MDUC","MDUC-HO-NS-13446591","default","generated from matched Asset Master row with blank NWB_AssetID","Ductwork","Ductwork","connected-miss:d4:visited10","","","","","","","","","","","","WBH","HO","Z00","SE5","WBH-HO-NS-Z00-ME-SE5"
"20260814_193109","NWB_PARAMETERS AutoFill","Multi-Category Schedule 2","schedule","selection","smart","Both","skip-other-users","13446591","Duct Insulations","Duct Insulation","","","Return Air","External Insulation","NWB_Category","Ductwork","Ductwork","Ductwork","SKIP","already-matches","instance","Shared Parameter","7626160","NWB_Category","String","False","1","1","45","MDUC","MDUC-HO-NS-13446591","default","generated from matched Asset Master row with blank NWB_AssetID","Ductwork","Ductwork","connected-miss:d4:visited10","","","","","","","","","","","","WBH","HO","Z00","SE5","WBH-HO-NS-Z00-ME-SE5"
"20260814_193109","NWB_PARAMETERS AutoFill","Multi-Category Schedule 2","schedule","selection","smart","Both","skip-other-users","13446591","Duct Insulations","Duct Insulation","","","Return Air","External Insulation","NWB_Department","","","","SKIP","linked/direct room department unavailable (connected-miss:d4:visited10)","","","","NWB_Department","","","","","45","MDUC","MDUC-HO-NS-13446591","default","generated from matched Asset Master row with blank NWB_AssetID","Ductwork","Ductwork","connected-miss:d4:visited10","","","","","","","","","","","","WBH","HO","Z00","SE5","WBH-HO-NS-Z00-ME-SE5"
"20260814_193109","NWB_PARAMETERS AutoFill","Multi-Category Schedule 2","schedule","selection","smart","Both","skip-other-users","13446591","Duct Insulations","Duct Insulation","","","Return Air","External Insulation","NWB_SubDepartment","","","","SKIP","linked/direct room subdepartment unavailable (connected-miss:d4:visited10)","","","","NWB_SubDepartment","","","","","45","MDUC","MDUC-HO-NS-13446591","default","generated from matched Asset Master row with blank NWB_AssetID","Ductwork","Ductwork","connected-miss:d4:visited10","","","","","","","","","","","","WBH","HO","Z00","SE5","WBH-HO-NS-Z00-ME-SE5"
"20260814_193109","NWB_PARAMETERS AutoFill","Multi-Category Schedule 2","schedule","selection","smart","Both","skip-other-users","13446591","Duct Insulations","Duct Insulation","","","Return Air","External Insulation","NWB_Material","1905465","1905465","1905465","SKIP","already-matches","instance","Shared Parameter","7626176","NWB_Material","String","False","1","1","45","MDUC","MDUC-HO-NS-13446591","default","generated from matched Asset Master row with blank NWB_AssetID","Ductwork","Ductwork","connected-miss:d4:visited10","","","","","","","","","","","","WBH","HO","Z00","SE5","WBH-HO-NS-Z00-ME-SE5"
"20260814_193109","NWB_PARAMETERS AutoFill","Multi-Category Schedule 2","schedule","selection","smart","Both","skip-other-users","13446591","Duct Insulations","Duct Insulation","","","Return Air","External Insulation","NWB_System","Return Air","Return Air","Return Air","SKIP","already-matches","instance","Shared Parameter","7626163","NWB_System","String","False","1","1","45","MDUC","MDUC-HO-NS-13446591","default","generated from matched Asset Master row with blank NWB_AssetID","Ductwork","Ductwork","connected-miss:d4:visited10","","","","","","","","","","","","WBH","HO","Z00","SE5","WBH-HO-NS-Z00-ME-SE5"
"20260814_193109","NWB_PARAMETERS AutoFill","Multi-Category Schedule 2","schedule","selection","smart","Both","skip-other-users","13446591","Duct Insulations","Duct Insulation","","","Return Air","External Insulation","NWB_UniclassCode","Pr_65_65_25","Pr_65_65_25","Pr_65_65_25","SKIP","already-matches","instance","Shared Parameter","7626165","NWB_UniclassCode","String","False","1","1","45","MDUC","MDUC-HO-NS-13446591","default","generated from matched Asset Master row with blank NWB_AssetID","Ductwork","Ductwork","connected-miss:d4:visited10","","","","","","","","","","","","WBH","HO","Z00","SE5","WBH-HO-NS-Z00-ME-SE5"
"20260814_193109","NWB_PARAMETERS AutoFill","Multi-Category Schedule 2","schedule","selection","smart","Both","skip-other-users","13446591","Duct Insulations","Duct Insulation","","","Return Air","External Insulation","NWB_UniclassDescription","Ductwork and fittings","Ductwork and fittings","Ductwork and fittings","SKIP","already-matches","instance","Shared Parameter","7626166","NWB_UniclassDescription","String","False","1","1","45","MDUC","MDUC-HO-NS-13446591","default","generated from matched Asset Master row with blank NWB_AssetID","Ductwork","Ductwork","connected-miss:d4:visited10","","","","","","","","","","","","WBH","HO","Z00","SE5","WBH-HO-NS-Z00-ME-SE5"
"20260814_193109","NWB_PARAMETERS AutoFill","Multi-Category Schedule 2","schedule","selection","smart","Both","skip-other-users","13446591","Duct Insulations","Duct Insulation","","","Return Air","External Insulation","NWB_DesignPkg","NWB-GEN-ME-SCM-1091-A","NWB-GEN-ME-SCM-1091-A","NWB-GEN-ME-SCM-1091-A","SKIP","already-matches","instance","Shared Parameter","7626167","NWB_DesignPkg","String","False","1","1","45","MDUC","MDUC-HO-NS-13446591","default","generated from matched Asset Master row with blank NWB_AssetID","Ductwork","Ductwork","connected-miss:d4:visited10","","","","","","","","","","","","WBH","HO","Z00","SE5","WBH-HO-NS-Z00-ME-SE5"
"20260814_193109","NWB_PARAMETERS AutoFill","Multi-Category Schedule 2","schedule","selection","smart","Both","skip-other-users","13446591","Duct Insulations","Duct Insulation","","","Return Air","External Insulation","NWB_BuildingPermitPkg","WBH - BP09","","","SKIP","missing","","","","NWB_BuildingPermitPkg","","","0","0","45","MDUC","MDUC-HO-NS-13446591","default","generated from matched Asset Master row with blank NWB_AssetID","Ductwork","Ductwork","connected-miss:d4:visited10","","","","","","","","","","","","WBH","HO","Z00","SE5","WBH-HO-NS-Z00-ME-SE5"
"20260814_193109","NWB_PARAMETERS AutoFill","Multi-Category Schedule 2","schedule","selection","smart","Both","skip-other-users","13446591","Duct Insulations","Duct Insulation","","","Return Air","External Insulation","NWB_WBS00","WBH","WBH","WBH","SKIP","already-matches","instance","Shared Parameter","9214738","NWB_WBS00","String","False","1","1","45","MDUC","MDUC-HO-NS-13446591","default","generated from matched Asset Master row with blank NWB_AssetID","Ductwork","Ductwork","connected-miss:d4:visited10","","","","","","","","","","","","WBH","HO","Z00","SE5","WBH-HO-NS-Z00-ME-SE5"
"20260814_193109","NWB_PARAMETERS AutoFill","Multi-Category Schedule 2","schedule","selection","smart","Both","skip-other-users","13446591","Duct Insulations","Duct Insulation","","","Return Air","External Insulation","NWB_WBS01","HO","HO","HO","SKIP","already-matches","instance","Shared Parameter","9214798","NWB_WBS01","String","False","1","1","45","MDUC","MDUC-HO-NS-13446591","default","generated from matched Asset Master row with blank NWB_AssetID","Ductwork","Ductwork","connected-miss:d4:visited10","","","","","","","","","","","","WBH","HO","Z00","SE5","WBH-HO-NS-Z00-ME-SE5"
"20260814_193109","NWB_PARAMETERS AutoFill","Multi-Category Schedule 2","schedule","selection","smart","Both","skip-other-users","13446591","Duct Insulations","Duct Insulation","","","Return Air","External Insulation","NWB_WBS02","NS","NS","NS","SKIP","already-matches","instance","Shared Parameter","9214786","NWB_WBS02","String","False","1","1","45","MDUC","MDUC-HO-NS-13446591","default","generated from matched Asset Master row with blank NWB_AssetID","Ductwork","Ductwork","connected-miss:d4:visited10","","","","","","","","","","","","WBH","HO","Z00","SE5","WBH-HO-NS-Z00-ME-SE5"
"20260814_193109","NWB_PARAMETERS AutoFill","Multi-Category Schedule 2","schedule","selection","smart","Both","skip-other-users","13446591","Duct Insulations","Duct Insulation","","","Return Air","External Insulation","NWB_WBS03","Z00","Z00","Z00","SKIP","already-matches","instance","Shared Parameter","9214750","NWB_WBS03","String","False","1","1","45","MDUC","MDUC-HO-NS-13446591","default","generated from matched Asset Master row with blank NWB_AssetID","Ductwork","Ductwork","connected-miss:d4:visited10","","","","","","","","","","","","WBH","HO","Z00","SE5","WBH-HO-NS-Z00-ME-SE5"
"20260814_193109","NWB_PARAMETERS AutoFill","Multi-Category Schedule 2","schedule","selection","smart","Both","skip-other-users","13446591","Duct Insulations","Duct Insulation","","","Return Air","External Insulation","NWB_WBS04","ME","ME","ME","SKIP","already-matches","instance","Shared Parameter","9214762","NWB_WBS04","String","False","1","1","45","MDUC","MDUC-HO-NS-13446591","default","generated from matched Asset Master row with blank NWB_AssetID","Ductwork","Ductwork","connected-miss:d4:visited10","","","","","","","","","","","","WBH","HO","Z00","SE5","WBH-HO-NS-Z00-ME-SE5"
"20260814_193109","NWB_PARAMETERS AutoFill","Multi-Category Schedule 2","schedule","selection","smart","Both","skip-other-users","13446816","Duct Insulations","Duct Insulation","","","Return Air","External Insulation","NWB_AssetTypeCode","MDUC","MDUC","MDUC","SKIP","already-matches","instance","Shared Parameter","7626182","NWB_AssetTypeCode","String","False","1","1","45","MDUC","MDUC-HO-NS-13446816","default","generated from matched Asset Master row with blank NWB_AssetID","Ductwork","Ductwork","connected-miss:d4:visited11","","","","","","","","","","","","WBH","HO","Z00","SE5","WBH-HO-NS-Z00-ME-SE5"
"20260814_193109","NWB_PARAMETERS AutoFill","Multi-Category Schedule 2","schedule","selection","smart","Both","skip-other-users","13446816","Duct Insulations","Duct Insulation","","","Return Air","External Insulation","NWB_AssetType","Ductwork","Ductwork","Ductwork","SKIP","already-matches","instance","Shared Parameter","7626181","NWB_AssetType","String","False","1","1","45","MDUC","MDUC-HO-NS-13446816","default","generated from matched Asset Master row with blank NWB_AssetID","Ductwork","Ductwork","connected-miss:d4:visited11","","","","","","","","","","","","WBH","HO","Z00","SE5","WBH-HO-NS-Z00-ME-SE5"
"20260814_193109","NWB_PARAMETERS AutoFill","Multi-Category Schedule 2","schedule","selection","smart","Both","skip-other-users","13446816","Duct Insulations","Duct Insulation","","","Return Air","External Insulation","NWB_Discipline","ME","ME","ME","SKIP","already-matches","instance","Shared Parameter","7626159","NWB_Discipline","String","False","1","1","45","MDUC","MDUC-HO-NS-13446816","default","generated from matched Asset Master row with blank NWB_AssetID","Ductwork","Ductwork","connected-miss:d4:visited11","","","","","","","","","","","","WBH","HO","Z00","SE5","WBH-HO-NS-Z00-ME-SE5"
"20260814_193109","NWB_PARAMETERS AutoFill","Multi-Category Schedule 2","schedule","selection","smart","Both","skip-other-users","13446816","Duct Insulations","Duct Insulation","","","Return Air","External Insulation","NWB_Category","Ductwork","Ductwork","Ductwork","SKIP","already-matches","instance","Shared Parameter","7626160","NWB_Category","String","False","1","1","45","MDUC","MDUC-HO-NS-13446816","default","generated from matched Asset Master row with blank NWB_AssetID","Ductwork","Ductwork","connected-miss:d4:visited11","","","","","","","","","","","","WBH","HO","Z00","SE5","WBH-HO-NS-Z00-ME-SE5"
"20260814_193109","NWB_PARAMETERS AutoFill","Multi-Category Schedule 2","schedule","selection","smart","Both","skip-other-users","13446816","Duct Insulations","Duct Insulation","","","Return Air","External Insulation","NWB_Department","","","","SKIP","linked/direct room department unavailable (connected-miss:d4:visited11)","","","","NWB_Department","","","","","45","MDUC","MDUC-HO-NS-13446816","default","generated from matched Asset Master row with blank NWB_AssetID","Ductwork","Ductwork","connected-miss:d4:visited11","","","","","","","","","","","","WBH","HO","Z00","SE5","WBH-HO-NS-Z00-ME-SE5"
"20260814_193109","NWB_PARAMETERS AutoFill","Multi-Category Schedule 2","schedule","selection","smart","Both","skip-other-users","13446816","Duct Insulations","Duct Insulation","","","Return Air","External Insulation","NWB_SubDepartment","","","","SKIP","linked/direct room subdepartment unavailable (connected-miss:d4:visited11)","","","","NWB_SubDepartment","","","","","45","MDUC","MDUC-HO-NS-13446816","default","generated from matched Asset Master row with blank NWB_AssetID","Ductwork","Ductwork","connected-miss:d4:visited11","","","","","","","","","","","","WBH","HO","Z00","SE5","WBH-HO-NS-Z00-ME-SE5"
"20260814_193109","NWB_PARAMETERS AutoFill","Multi-Category Schedule 2","schedule","selection","smart","Both","skip-other-users","13446816","Duct Insulations","Duct Insulation","","","Return Air","External Insulation","NWB_Material","1905465","1905465","1905465","SKIP","already-matches","instance","Shared Parameter","7626176","NWB_Material","String","False","1","1","45","MDUC","MDUC-HO-NS-13446816","default","generated from matched Asset Master row with blank NWB_AssetID","Ductwork","Ductwork","connected-miss:d4:visited11","","","","","","","","","","","","WBH","HO","Z00","SE5","WBH-HO-NS-Z00-ME-SE5"
"20260814_193109","NWB_PARAMETERS AutoFill","Multi-Category Schedule 2","schedule","selection","smart","Both","skip-other-users","13446816","Duct Insulations","Duct Insulation","","","Return Air","External Insulation","NWB_System","Return Air","Return Air","Return Air","SKIP","already-matches","instance","Shared Parameter","7626163","NWB_System","String","False","1","1","45","MDUC","MDUC-HO-NS-13446816","default","generated from matched Asset Master row with blank NWB_AssetID","Ductwork","Ductwork","connected-miss:d4:visited11","","","","","","","","","","","","WBH","HO","Z00","SE5","WBH-HO-NS-Z00-ME-SE5"
"20260814_193109","NWB_PARAMETERS AutoFill","Multi-Category Schedule 2","schedule","selection","smart","Both","skip-other-users","13446816","Duct Insulations","Duct Insulation","","","Return Air","External Insulation","NWB_UniclassCode","Pr_65_65_25","Pr_65_65_25","Pr_65_65_25","SKIP","already-matches","instance","Shared Parameter","7626165","NWB_UniclassCode","String","False","1","1","45","MDUC","MDUC-HO-NS-13446816","default","generated from matched Asset Master row with blank NWB_AssetID","Ductwork","Ductwork","connected-miss:d4:visited11","","","","","","","","","","","","WBH","HO","Z00","SE5","WBH-HO-NS-Z00-ME-SE5"
"20260814_193109","NWB_PARAMETERS AutoFill","Multi-Category Schedule 2","schedule","selection","smart","Both","skip-other-users","13446816","Duct Insulations","Duct Insulation","","","Return Air","External Insulation","NWB_UniclassDescription","Ductwork and fittings","Ductwork and fittings","Ductwork and fittings","SKIP","already-matches","instance","Shared Parameter","7626166","NWB_UniclassDescription","String","False","1","1","45","MDUC","MDUC-HO-NS-13446816","default","generated from matched Asset Master row with blank NWB_AssetID","Ductwork","Ductwork","connected-miss:d4:visited11","","","","","","","","","","","","WBH","HO","Z00","SE5","WBH-HO-NS-Z00-ME-SE5"
"20260814_193109","NWB_PARAMETERS AutoFill","Multi-Category Schedule 2","schedule","selection","smart","Both","skip-other-users","13446816","Duct Insulations","Duct Insulation","","","Return Air","External Insulation","NWB_DesignPkg","NWB-GEN-ME-SCM-1091-A","NWB-GEN-ME-SCM-1091-A","NWB-GEN-ME-SCM-1091-A","SKIP","already-matches","instance","Shared Parameter","7626167","NWB_DesignPkg","String","False","1","1","45","MDUC","MDUC-HO-NS-13446816","default","generated from matched Asset Master row with blank NWB_AssetID","Ductwork","Ductwork","connected-miss:d4:visited11","","","","","","","","","","","","WBH","HO","Z00","SE5","WBH-HO-NS-Z00-ME-SE5"
"20260814_193109","NWB_PARAMETERS AutoFill","Multi-Category Schedule 2","schedule","selection","smart","Both","skip-other-users","13446816","Duct Insulations","Duct Insulation","","","Return Air","External Insulation","NWB_BuildingPermitPkg","WBH - BP09","","","SKIP","missing","","","","NWB_BuildingPermitPkg","","","0","0","45","MDUC","MDUC-HO-NS-13446816","default","generated from matched Asset Master row with blank NWB_AssetID","Ductwork","Ductwork","connected-miss:d4:visited11","","","","","","","","","","","","WBH","HO","Z00","SE5","WBH-HO-NS-Z00-ME-SE5"
"20260814_193109","NWB_PARAMETERS AutoFill","Multi-Category Schedule 2","schedule","selection","smart","Both","skip-other-users","13446816","Duct Insulations","Duct Insulation","","","Return Air","External Insulation","NWB_WBS00","WBH","WBH","WBH","SKIP","already-matches","instance","Shared Parameter","9214738","NWB_WBS00","String","False","1","1","45","MDUC","MDUC-HO-NS-13446816","default","generated from matched Asset Master row with blank NWB_AssetID","Ductwork","Ductwork","connected-miss:d4:visited11","","","","","","","","","","","","WBH","HO","Z00","SE5","WBH-HO-NS-Z00-ME-SE5"
"20260814_193109","NWB_PARAMETERS AutoFill","Multi-Category Schedule 2","schedule","selection","smart","Both","skip-other-users","13446816","Duct Insulations","Duct Insulation","","","Return Air","External Insulation","NWB_WBS01","HO","HO","HO","SKIP","already-matches","instance","Shared Parameter","9214798","NWB_WBS01","String","False","1","1","45","MDUC","MDUC-HO-NS-13446816","default","generated from matched Asset Master row with blank NWB_AssetID","Ductwork","Ductwork","connected-miss:d4:visited11","","","","","","","","","","","","WBH","HO","Z00","SE5","WBH-HO-NS-Z00-ME-SE5"
"20260814_193109","NWB_PARAMETERS AutoFill","Multi-Category Schedule 2","schedule","selection","smart","Both","skip-other-users","13446816","Duct Insulations","Duct Insulation","","","Return Air","External Insulation","NWB_WBS02","NS","NS","NS","SKIP","already-matches","instance","Shared Parameter","9214786","NWB_WBS02","String","False","1","1","45","MDUC","MDUC-HO-NS-13446816","default","generated from matched Asset Master row with blank NWB_AssetID","Ductwork","Ductwork","connected-miss:d4:visited11","","","","","","","","","","","","WBH","HO","Z00","SE5","WBH-HO-NS-Z00-ME-SE5"
"20260814_193109","NWB_PARAMETERS AutoFill","Multi-Category Schedule 2","schedule","selection","smart","Both","skip-other-users","13446816","Duct Insulations","Duct Insulation","","","Return Air","External Insulation","NWB_WBS03","Z00","Z00","Z00","SKIP","already-matches","instance","Shared Parameter","9214750","NWB_WBS03","String","False","1","1","45","MDUC","MDUC-HO-NS-13446816","default","generated from matched Asset Master row with blank NWB_AssetID","Ductwork","Ductwork","connected-miss:d4:visited11","","","","","","","","","","","","WBH","HO","Z00","SE5","WBH-HO-NS-Z00-ME-SE5"
"20260814_193109","NWB_PARAMETERS AutoFill","Multi-Category Schedule 2","schedule","selection","smart","Both","skip-other-users","13446816","Duct Insulations","Duct Insulation","","","Return Air","External Insulation","NWB_WBS04","ME","ME","ME","SKIP","already-matches","instance","Shared Parameter","9214762","NWB_WBS04","String","False","1","1","45","MDUC","MDUC-HO-NS-13446816","default","generated from matched Asset Master row with blank NWB_AssetID","Ductwork","Ductwork","connected-miss:d4:visited11","","","","","","","","","","","","WBH","HO","Z00","SE5","WBH-HO-NS-Z00-ME-SE5"
"20260814_193109","NWB_PARAMETERS AutoFill","Multi-Category Schedule 2","schedule","selection","smart","Both","skip-other-users","13446820","Duct Insulations","Duct Insulation","","","Return Air","External Insulation","NWB_AssetTypeCode","MDUC","MDUC","MDUC","SKIP","already-matches","instance","Shared Parameter","7626182","NWB_AssetTypeCode","String","False","1","1","45","MDUC","MDUC-HO-NS-13446820","default","generated from matched Asset Master row with blank NWB_AssetID","Ductwork","Ductwork","connected-miss:d4:visited11","","","","","","","","","","","","WBH","HO","Z00","SE5","WBH-HO-NS-Z00-ME-SE5"
"20260814_193109","NWB_PARAMETERS AutoFill","Multi-Category Schedule 2","schedule","selection","smart","Both","skip-other-users","13446820","Duct Insulations","Duct Insulation","","","Return Air","External Insulation","NWB_AssetType","Ductwork","Ductwork","Ductwork","SKIP","already-matches","instance","Shared Parameter","7626181","NWB_AssetType","String","False","1","1","45","MDUC","MDUC-HO-NS-13446820","default","generated from matched Asset Master row with blank NWB_AssetID","Ductwork","Ductwork","connected-miss:d4:visited11","","","","","","","","","","","","WBH","HO","Z00","SE5","WBH-HO-NS-Z00-ME-SE5"
"20260814_193109","NWB_PARAMETERS AutoFill","Multi-Category Schedule 2","schedule","selection","smart","Both","skip-other-users","13446820","Duct Insulations","Duct Insulation","","","Return Air","External Insulation","NWB_Discipline","ME","ME","ME","SKIP","already-matches","instance","Shared Parameter","7626159","NWB_Discipline","String","False","1","1","45","MDUC","MDUC-HO-NS-13446820","default","generated from matched Asset Master row with blank NWB_AssetID","Ductwork","Ductwork","connected-miss:d4:visited11","","","","","","","","","","","","WBH","HO","Z00","SE5","WBH-HO-NS-Z00-ME-SE5"
"20260814_193109","NWB_PARAMETERS AutoFill","Multi-Category Schedule 2","schedule","selection","smart","Both","skip-other-users","13446820","Duct Insulations","Duct Insulation","","","Return Air","External Insulation","NWB_Category","Ductwork","Ductwork","Ductwork","SKIP","already-matches","instance","Shared Parameter","7626160","NWB_Category","String","False","1","1","45","MDUC","MDUC-HO-NS-13446820","default","generated from matched Asset Master row with blank NWB_AssetID","Ductwork","Ductwork","connected-miss:d4:visited11","","","","","","","","","","","","WBH","HO","Z00","SE5","WBH-HO-NS-Z00-ME-SE5"
"20260814_193109","NWB_PARAMETERS AutoFill","Multi-Category Schedule 2","schedule","selection","smart","Both","skip-other-users","13446820","Duct Insulations","Duct Insulation","","","Return Air","External Insulation","NWB_Department","","","","SKIP","linked/direct room department unavailable (connected-miss:d4:visited11)","","","","NWB_Department","","","","","45","MDUC","MDUC-HO-NS-13446820","default","generated from matched Asset Master row with blank NWB_AssetID","Ductwork","Ductwork","connected-miss:d4:visited11","","","","","","","","","","","","WBH","HO","Z00","SE5","WBH-HO-NS-Z00-ME-SE5"
"20260814_193109","NWB_PARAMETERS AutoFill","Multi-Category Schedule 2","schedule","selection","smart","Both","skip-other-users","13446820","Duct Insulations","Duct Insulation","","","Return Air","External Insulation","NWB_SubDepartment","","","","SKIP","linked/direct room subdepartment unavailable (connected-miss:d4:visited11)","","","","NWB_SubDepartment","","","","","45","MDUC","MDUC-HO-NS-13446820","default","generated from matched Asset Master row with blank NWB_AssetID","Ductwork","Ductwork","connected-miss:d4:visited11","","","","","","","","","","","","WBH","HO","Z00","SE5","WBH-HO-NS-Z00-ME-SE5"
"20260814_193109","NWB_PARAMETERS AutoFill","Multi-Category Schedule 2","schedule","selection","smart","Both","skip-other-users","13446820","Duct Insulations","Duct Insulation","","","Return Air","External Insulation","NWB_Material","1905465","1905465","1905465","SKIP","already-matches","instance","Shared Parameter","7626176","NWB_Material","String","False","1","1","45","MDUC","MDUC-HO-NS-13446820","default","generated from matched Asset Master row with blank NWB_AssetID","Ductwork","Ductwork","connected-miss:d4:visited11","","","","","","","","","","","","WBH","HO","Z00","SE5","WBH-HO-NS-Z00-ME-SE5"
"20260814_193109","NWB_PARAMETERS AutoFill","Multi-Category Schedule 2","schedule","selection","smart","Both","skip-other-users","13446820","Duct Insulations","Duct Insulation","","","Return Air","External Insulation","NWB_System","Return Air","Return Air","Return Air","SKIP","already-matches","instance","Shared Parameter","7626163","NWB_System","String","False","1","1","45","MDUC","MDUC-HO-NS-13446820","default","generated from matched Asset Master row with blank NWB_AssetID","Ductwork","Ductwork","connected-miss:d4:visited11","","","","","","","","","","","","WBH","HO","Z00","SE5","WBH-HO-NS-Z00-ME-SE5"
"20260814_193109","NWB_PARAMETERS AutoFill","Multi-Category Schedule 2","schedule","selection","smart","Both","skip-other-users","13446820","Duct Insulations","Duct Insulation","","","Return Air","External Insulation","NWB_UniclassCode","Pr_65_65_25","Pr_65_65_25","Pr_65_65_25","SKIP","already-matches","instance","Shared Parameter","7626165","NWB_UniclassCode","String","False","1","1","45","MDUC","MDUC-HO-NS-13446820","default","generated from matched Asset Master row with blank NWB_AssetID","Ductwork","Ductwork","connected-miss:d4:visited11","","","","","","","","","","","","WBH","HO","Z00","SE5","WBH-HO-NS-Z00-ME-SE5"
"20260814_193109","NWB_PARAMETERS AutoFill","Multi-Category Schedule 2","schedule","selection","smart","Both","skip-other-users","13446820","Duct Insulations","Duct Insulation","","","Return Air","External Insulation","NWB_UniclassDescription","Ductwork and fittings","Ductwork and fittings","Ductwork and fittings","SKIP","already-matches","instance","Shared Parameter","7626166","NWB_UniclassDescription","String","False","1","1","45","MDUC","MDUC-HO-NS-13446820","default","generated from matched Asset Master row with blank NWB_AssetID","Ductwork","Ductwork","connected-miss:d4:visited11","","","","","","","","","","","","WBH","HO","Z00","SE5","WBH-HO-NS-Z00-ME-SE5"
"20260814_193109","NWB_PARAMETERS AutoFill","Multi-Category Schedule 2","schedule","selection","smart","Both","skip-other-users","13446820","Duct Insulations","Duct Insulation","","","Return Air","External Insulation","NWB_DesignPkg","NWB-GEN-ME-SCM-1091-A","NWB-GEN-ME-SCM-1091-A","NWB-GEN-ME-SCM-1091-A","SKIP","already-matches","instance","Shared Parameter","7626167","NWB_DesignPkg","String","False","1","1","45","MDUC","MDUC-HO-NS-13446820","default","generated from matched Asset Master row with blank NWB_AssetID","Ductwork","Ductwork","connected-miss:d4:visited11","","","","","","","","","","","","WBH","HO","Z00","SE5","WBH-HO-NS-Z00-ME-SE5"
"20260814_193109","NWB_PARAMETERS AutoFill","Multi-Category Schedule 2","schedule","selection","smart","Both","skip-other-users","13446820","Duct Insulations","Duct Insulation","","","Return Air","External Insulation","NWB_BuildingPermitPkg","WBH - BP09","","","SKIP","missing","","","","NWB_BuildingPermitPkg","","","0","0","45","MDUC","MDUC-HO-NS-13446820","default","generated from matched Asset Master row with blank NWB_AssetID","Ductwork","Ductwork","connected-miss:d4:visited11","","","","","","","","","","","","WBH","HO","Z00","SE5","WBH-HO-NS-Z00-ME-SE5"
"20260814_193109","NWB_PARAMETERS AutoFill","Multi-Category Schedule 2","schedule","selection","smart","Both","skip-other-users","13446820","Duct Insulations","Duct Insulation","","","Return Air","External Insulation","NWB_WBS00","WBH","WBH","WBH","SKIP","already-matches","instance","Shared Parameter","9214738","NWB_WBS00","String","False","1","1","45","MDUC","MDUC-HO-NS-13446820","default","generated from matched Asset Master row with blank NWB_AssetID","Ductwork","Ductwork","connected-miss:d4:visited11","","","","","","","","","","","","WBH","HO","Z00","SE5","WBH-HO-NS-Z00-ME-SE5"
"20260814_193109","NWB_PARAMETERS AutoFill","Multi-Category Schedule 2","schedule","selection","smart","Both","skip-other-users","13446820","Duct Insulations","Duct Insulation","","","Return Air","External Insulation","NWB_WBS01","HO","HO","HO","SKIP","already-matches","instance","Shared Parameter","9214798","NWB_WBS01","String","False","1","1","45","MDUC","MDUC-HO-NS-13446820","default","generated from matched Asset Master row with blank NWB_AssetID","Ductwork","Ductwork","connected-miss:d4:visited11","","","","","","","","","","","","WBH","HO","Z00","SE5","WBH-HO-NS-Z00-ME-SE5"
"20260814_193109","NWB_PARAMETERS AutoFill","Multi-Category Schedule 2","schedule","selection","smart","Both","skip-other-users","13446820","Duct Insulations","Duct Insulation","","","Return Air","External Insulation","NWB_WBS02","NS","NS","NS","SKIP","already-matches","instance","Shared Parameter","9214786","NWB_WBS02","String","False","1","1","45","MDUC","MDUC-HO-NS-13446820","default","generated from matched Asset Master row with blank NWB_AssetID","Ductwork","Ductwork","connected-miss:d4:visited11","","","","","","","","","","","","WBH","HO","Z00","SE5","WBH-HO-NS-Z00-ME-SE5"
"20260814_193109","NWB_PARAMETERS AutoFill","Multi-Category Schedule 2","schedule","selection","smart","Both","skip-other-users","13446820","Duct Insulations","Duct Insulation","","","Return Air","External Insulation","NWB_WBS03","Z00","Z00","Z00","SKIP","already-matches","instance","Shared Parameter","9214750","NWB_WBS03","String","False","1","1","45","MDUC","MDUC-HO-NS-13446820","default","generated from matched Asset Master row with blank NWB_AssetID","Ductwork","Ductwork","connected-miss:d4:visited11","","","","","","","","","","","","WBH","HO","Z00","SE5","WBH-HO-NS-Z00-ME-SE5"
"20260814_193109","NWB_PARAMETERS AutoFill","Multi-Category Schedule 2","schedule","selection","smart","Both","skip-other-users","13446820","Duct Insulations","Duct Insulation","","","Return Air","External Insulation","NWB_WBS04","ME","ME","ME","SKIP","already-matches","instance","Shared Parameter","9214762","NWB_WBS04","String","False","1","1","45","MDUC","MDUC-HO-NS-13446820","default","generated from matched Asset Master row with blank NWB_AssetID","Ductwork","Ductwork","connected-miss:d4:visited11","","","","","","","","","","","","WBH","HO","Z00","SE5","WBH-HO-NS-Z00-ME-SE5"
"20260814_193109","NWB_PARAMETERS AutoFill","Multi-Category Schedule 2","schedule","selection","smart","Both","skip-other-users","13446821","Duct Insulations","Duct Insulation","","","Return Air","External Insulation","NWB_AssetTypeCode","MDUC","MDUC","MDUC","SKIP","already-matches","instance","Shared Parameter","7626182","NWB_AssetTypeCode","String","False","1","1","45","MDUC","MDUC-HO-NS-13446821","default","generated from matched Asset Master row with blank NWB_AssetID","Ductwork","Ductwork","connected-miss:d4:visited11","","","","","","","","","","","","WBH","HO","Z00","SE5","WBH-HO-NS-Z00-ME-SE5"
"20260814_193109","NWB_PARAMETERS AutoFill","Multi-Category Schedule 2","schedule","selection","smart","Both","skip-other-users","13446821","Duct Insulations","Duct Insulation","","","Return Air","External Insulation","NWB_AssetType","Ductwork","Ductwork","Ductwork","SKIP","already-matches","instance","Shared Parameter","7626181","NWB_AssetType","String","False","1","1","45","MDUC","MDUC-HO-NS-13446821","default","generated from matched Asset Master row with blank NWB_AssetID","Ductwork","Ductwork","connected-miss:d4:visited11","","","","","","","","","","","","WBH","HO","Z00","SE5","WBH-HO-NS-Z00-ME-SE5"
"20260814_193109","NWB_PARAMETERS AutoFill","Multi-Category Schedule 2","schedule","selection","smart","Both","skip-other-users","13446821","Duct Insulations","Duct Insulation","","","Return Air","External Insulation","NWB_Discipline","ME","ME","ME","SKIP","already-matches","instance","Shared Parameter","7626159","NWB_Discipline","String","False","1","1","45","MDUC","MDUC-HO-NS-13446821","default","generated from matched Asset Master row with blank NWB_AssetID","Ductwork","Ductwork","connected-miss:d4:visited11","","","","","","","","","","","","WBH","HO","Z00","SE5","WBH-HO-NS-Z00-ME-SE5"
"20260814_193109","NWB_PARAMETERS AutoFill","Multi-Category Schedule 2","schedule","selection","smart","Both","skip-other-users","13446821","Duct Insulations","Duct Insulation","","","Return Air","External Insulation","NWB_Category","Ductwork","Ductwork","Ductwork","SKIP","already-matches","instance","Shared Parameter","7626160","NWB_Category","String","False","1","1","45","MDUC","MDUC-HO-NS-13446821","default","generated from matched Asset Master row with blank NWB_AssetID","Ductwork","Ductwork","connected-miss:d4:visited11","","","","","","","","","","","","WBH","HO","Z00","SE5","WBH-HO-NS-Z00-ME-SE5"
"20260814_193109","NWB_PARAMETERS AutoFill","Multi-Category Schedule 2","schedule","selection","smart","Both","skip-other-users","13446821","Duct Insulations","Duct Insulation","","","Return Air","External Insulation","NWB_Department","","","","SKIP","linked/direct room department unavailable (connected-miss:d4:visited11)","","","","NWB_Department","","","","","45","MDUC","MDUC-HO-NS-13446821","default","generated from matched Asset Master row with blank NWB_AssetID","Ductwork","Ductwork","connected-miss:d4:visited11","","","","","","","","","","","","WBH","HO","Z00","SE5","WBH-HO-NS-Z00-ME-SE5"
"20260814_193109","NWB_PARAMETERS AutoFill","Multi-Category Schedule 2","schedule","selection","smart","Both","skip-other-users","13446821","Duct Insulations","Duct Insulation","","","Return Air","External Insulation","NWB_SubDepartment","","","","SKIP","linked/direct room subdepartment unavailable (connected-miss:d4:visited11)","","","","NWB_SubDepartment","","","","","45","MDUC","MDUC-HO-NS-13446821","default","generated from matched Asset Master row with blank NWB_AssetID","Ductwork","Ductwork","connected-miss:d4:visited11","","","","","","","","","","","","WBH","HO","Z00","SE5","WBH-HO-NS-Z00-ME-SE5"
"20260814_193109","NWB_PARAMETERS AutoFill","Multi-Category Schedule 2","schedule","selection","smart","Both","skip-other-users","13446821","Duct Insulations","Duct Insulation","","","Return Air","External Insulation","NWB_Material","1905465","1905465","1905465","SKIP","already-matches","instance","Shared Parameter","7626176","NWB_Material","String","False","1","1","45","MDUC","MDUC-HO-NS-13446821","default","generated from matched Asset Master row with blank NWB_AssetID","Ductwork","Ductwork","connected-miss:d4:visited11","","","","","","","","","","","","WBH","HO","Z00","SE5","WBH-HO-NS-Z00-ME-SE5"
"20260814_193109","NWB_PARAMETERS AutoFill","Multi-Category Schedule 2","schedule","selection","smart","Both","skip-other-users","13446821","Duct Insulations","Duct Insulation","","","Return Air","External Insulation","NWB_System","Return Air","Return Air","Return Air","SKIP","already-matches","instance","Shared Parameter","7626163","NWB_System","String","False","1","1","45","MDUC","MDUC-HO-NS-13446821","default","generated from matched Asset Master row with blank NWB_AssetID","Ductwork","Ductwork","connected-miss:d4:visited11","","","","","","","","","","","","WBH","HO","Z00","SE5","WBH-HO-NS-Z00-ME-SE5"
"20260814_193109","NWB_PARAMETERS AutoFill","Multi-Category Schedule 2","schedule","selection","smart","Both","skip-other-users","13446821","Duct Insulations","Duct Insulation","","","Return Air","External Insulation","NWB_UniclassCode","Pr_65_65_25","Pr_65_65_25","Pr_65_65_25","SKIP","already-matches","instance","Shared Parameter","7626165","NWB_UniclassCode","String","False","1","1","45","MDUC","MDUC-HO-NS-13446821","default","generated from matched Asset Master row with blank NWB_AssetID","Ductwork","Ductwork","connected-miss:d4:visited11","","","","","","","","","","","","WBH","HO","Z00","SE5","WBH-HO-NS-Z00-ME-SE5"
"20260814_193109","NWB_PARAMETERS AutoFill","Multi-Category Schedule 2","schedule","selection","smart","Both","skip-other-users","13446821","Duct Insulations","Duct Insulation","","","Return Air","External Insulation","NWB_UniclassDescription","Ductwork and fittings","Ductwork and fittings","Ductwork and fittings","SKIP","already-matches","instance","Shared Parameter","7626166","NWB_UniclassDescription","String","False","1","1","45","MDUC","MDUC-HO-NS-13446821","default","generated from matched Asset Master row with blank NWB_AssetID","Ductwork","Ductwork","connected-miss:d4:visited11","","","","","","","","","","","","WBH","HO","Z00","SE5","WBH-HO-NS-Z00-ME-SE5"
"20260814_193109","NWB_PARAMETERS AutoFill","Multi-Category Schedule 2","schedule","selection","smart","Both","skip-other-users","13446821","Duct Insulations","Duct Insulation","","","Return Air","External Insulation","NWB_DesignPkg","NWB-GEN-ME-SCM-1091-A","NWB-GEN-ME-SCM-1091-A","NWB-GEN-ME-SCM-1091-A","SKIP","already-matches","instance","Shared Parameter","7626167","NWB_DesignPkg","String","False","1","1","45","MDUC","MDUC-HO-NS-13446821","default","generated from matched Asset Master row with blank NWB_AssetID","Ductwork","Ductwork","connected-miss:d4:visited11","","","","","","","","","","","","WBH","HO","Z00","SE5","WBH-HO-NS-Z00-ME-SE5"
"20260814_193109","NWB_PARAMETERS AutoFill","Multi-Category Schedule 2","schedule","selection","smart","Both","skip-other-users","13446821","Duct Insulations","Duct Insulation","","","Return Air","External Insulation","NWB_BuildingPermitPkg","WBH - BP09","","","SKIP","missing","","","","NWB_BuildingPermitPkg","","","0","0","45","MDUC","MDUC-HO-NS-13446821","default","generated from matched Asset Master row with blank NWB_AssetID","Ductwork","Ductwork","connected-miss:d4:visited11","","","","","","","","","","","","WBH","HO","Z00","SE5","WBH-HO-NS-Z00-ME-SE5"
"20260814_193109","NWB_PARAMETERS AutoFill","Multi-Category Schedule 2","schedule","selection","smart","Both","skip-other-users","13446821","Duct Insulations","Duct Insulation","","","Return Air","External Insulation","NWB_WBS00","WBH","WBH","WBH","SKIP","already-matches","instance","Shared Parameter","9214738","NWB_WBS00","String","False","1","1","45","MDUC","MDUC-HO-NS-13446821","default","generated from matched Asset Master row with blank NWB_AssetID","Ductwork","Ductwork","connected-miss:d4:visited11","","","","","","","","","","","","WBH","HO","Z00","SE5","WBH-HO-NS-Z00-ME-SE5"
"20260814_193109","NWB_PARAMETERS AutoFill","Multi-Category Schedule 2","schedule","selection","smart","Both","skip-other-users","13446821","Duct Insulations","Duct Insulation","","","Return Air","External Insulation","NWB_WBS01","HO","HO","HO","SKIP","already-matches","instance","Shared Parameter","9214798","NWB_WBS01","String","False","1","1","45","MDUC","MDUC-HO-NS-13446821","default","generated from matched Asset Master row with blank NWB_AssetID","Ductwork","Ductwork","connected-miss:d4:visited11","","","","","","","","","","","","WBH","HO","Z00","SE5","WBH-HO-NS-Z00-ME-SE5"
"20260814_193109","NWB_PARAMETERS AutoFill","Multi-Category Schedule 2","schedule","selection","smart","Both","skip-other-users","13446821","Duct Insulations","Duct Insulation","","","Return Air","External Insulation","NWB_WBS02","NS","NS","NS","SKIP","already-matches","instance","Shared Parameter","9214786","NWB_WBS02","String","False","1","1","45","MDUC","MDUC-HO-NS-13446821","default","generated from matched Asset Master row with blank NWB_AssetID","Ductwork","Ductwork","connected-miss:d4:visited11","","","","","","","","","","","","WBH","HO","Z00","SE5","WBH-HO-NS-Z00-ME-SE5"
"20260814_193109","NWB_PARAMETERS AutoFill","Multi-Category Schedule 2","schedule","selection","smart","Both","skip-other-users","13446821","Duct Insulations","Duct Insulation","","","Return Air","External Insulation","NWB_WBS03","Z00","Z00","Z00","SKIP","already-matches","instance","Shared Parameter","9214750","NWB_WBS03","String","False","1","1","45","MDUC","MDUC-HO-NS-13446821","default","generated from matched Asset Master row with blank NWB_AssetID","Ductwork","Ductwork","connected-miss:d4:visited11","","","","","","","","","","","","WBH","HO","Z00","SE5","WBH-HO-NS-Z00-ME-SE5"
"20260814_193109","NWB_PARAMETERS AutoFill","Multi-Category Schedule 2","schedule","selection","smart","Both","skip-other-users","13446821","Duct Insulations","Duct Insulation","","","Return Air","External Insulation","NWB_WBS04","ME","ME","ME","SKIP","already-matches","instance","Shared Parameter","9214762","NWB_WBS04","String","False","1","1","45","MDUC","MDUC-HO-NS-13446821","default","generated from matched Asset Master row with blank NWB_AssetID","Ductwork","Ductwork","connected-miss:d4:visited11","","","","","","","","","","","","WBH","HO","Z00","SE5","WBH-HO-NS-Z00-ME-SE5"
"20260814_193109","NWB_PARAMETERS AutoFill","Multi-Category Schedule 2","schedule","selection","smart","Both","skip-other-users","13446822","Duct Insulations","Duct Insulation","","","Return Air","External Insulation","NWB_AssetTypeCode","MDUC","MDUC","MDUC","SKIP","already-matches","instance","Shared Parameter","7626182","NWB_AssetTypeCode","String","False","1","1","45","MDUC","MDUC-HO-NS-13446822","default","generated from matched Asset Master row with blank NWB_AssetID","Ductwork","Ductwork","connected-miss:d4:visited11","","","","","","","","","","","","WBH","HO","Z00","SE5","WBH-HO-NS-Z00-ME-SE5"
"20260814_193109","NWB_PARAMETERS AutoFill","Multi-Category Schedule 2","schedule","selection","smart","Both","skip-other-users","13446822","Duct Insulations","Duct Insulation","","","Return Air","External Insulation","NWB_AssetType","Ductwork","Ductwork","Ductwork","SKIP","already-matches","instance","Shared Parameter","7626181","NWB_AssetType","String","False","1","1","45","MDUC","MDUC-HO-NS-13446822","default","generated from matched Asset Master row with blank NWB_AssetID","Ductwork","Ductwork","connected-miss:d4:visited11","","","","","","","","","","","","WBH","HO","Z00","SE5","WBH-HO-NS-Z00-ME-SE5"
"20260814_193109","NWB_PARAMETERS AutoFill","Multi-Category Schedule 2","schedule","selection","smart","Both","skip-other-users","13446822","Duct Insulations","Duct Insulation","","","Return Air","External Insulation","NWB_Discipline","ME","ME","ME","SKIP","already-matches","instance","Shared Parameter","7626159","NWB_Discipline","String","False","1","1","45","MDUC","MDUC-HO-NS-13446822","default","generated from matched Asset Master row with blank NWB_AssetID","Ductwork","Ductwork","connected-miss:d4:visited11","","","","","","","","","","","","WBH","HO","Z00","SE5","WBH-HO-NS-Z00-ME-SE5"
"20260814_193109","NWB_PARAMETERS AutoFill","Multi-Category Schedule 2","schedule","selection","smart","Both","skip-other-users","13446822","Duct Insulations","Duct Insulation","","","Return Air","External Insulation","NWB_Category","Ductwork","Ductwork","Ductwork","SKIP","already-matches","instance","Shared Parameter","7626160","NWB_Category","String","False","1","1","45","MDUC","MDUC-HO-NS-13446822","default","generated from matched Asset Master row with blank NWB_AssetID","Ductwork","Ductwork","connected-miss:d4:visited11","","","","","","","","","","","","WBH","HO","Z00","SE5","WBH-HO-NS-Z00-ME-SE5"
"20260814_193109","NWB_PARAMETERS AutoFill","Multi-Category Schedule 2","schedule","selection","smart","Both","skip-other-users","13446822","Duct Insulations","Duct Insulation","","","Return Air","External Insulation","NWB_Department","","","","SKIP","linked/direct room department unavailable (connected-miss:d4:visited11)","","","","NWB_Department","","","","","45","MDUC","MDUC-HO-NS-13446822","default","generated from matched Asset Master row with blank NWB_AssetID","Ductwork","Ductwork","connected-miss:d4:visited11","","","","","","","","","","","","WBH","HO","Z00","SE5","WBH-HO-NS-Z00-ME-SE5"
"20260814_193109","NWB_PARAMETERS AutoFill","Multi-Category Schedule 2","schedule","selection","smart","Both","skip-other-users","13446822","Duct Insulations","Duct Insulation","","","Return Air","External Insulation","NWB_SubDepartment","","","","SKIP","linked/direct room subdepartment unavailable (connected-miss:d4:visited11)","","","","NWB_SubDepartment","","","","","45","MDUC","MDUC-HO-NS-13446822","default","generated from matched Asset Master row with blank NWB_AssetID","Ductwork","Ductwork","connected-miss:d4:visited11","","","","","","","","","","","","WBH","HO","Z00","SE5","WBH-HO-NS-Z00-ME-SE5"
"20260814_193109","NWB_PARAMETERS AutoFill","Multi-Category Schedule 2","schedule","selection","smart","Both","skip-other-users","13446822","Duct Insulations","Duct Insulation","","","Return Air","External Insulation","NWB_Material","1905465","1905465","1905465","SKIP","already-matches","instance","Shared Parameter","7626176","NWB_Material","String","False","1","1","45","MDUC","MDUC-HO-NS-13446822","default","generated from matched Asset Master row with blank NWB_AssetID","Ductwork","Ductwork","connected-miss:d4:visited11","","","","","","","","","","","","WBH","HO","Z00","SE5","WBH-HO-NS-Z00-ME-SE5"
"20260814_193109","NWB_PARAMETERS AutoFill","Multi-Category Schedule 2","schedule","selection","smart","Both","skip-other-users","13446822","Duct Insulations","Duct Insulation","","","Return Air","External Insulation","NWB_System","Return Air","Return Air","Return Air","SKIP","already-matches","instance","Shared Parameter","7626163","NWB_System","String","False","1","1","45","MDUC","MDUC-HO-NS-13446822","default","generated from matched Asset Master row with blank NWB_AssetID","Ductwork","Ductwork","connected-miss:d4:visited11","","","","","","","","","","","","WBH","HO","Z00","SE5","WBH-HO-NS-Z00-ME-SE5"
"20260814_193109","NWB_PARAMETERS AutoFill","Multi-Category Schedule 2","schedule","selection","smart","Both","skip-other-users","13446822","Duct Insulations","Duct Insulation","","","Return Air","External Insulation","NWB_UniclassCode","Pr_65_65_25","Pr_65_65_25","Pr_65_65_25","SKIP","already-matches","instance","Shared Parameter","7626165","NWB_UniclassCode","String","False","1","1","45","MDUC","MDUC-HO-NS-13446822","default","generated from matched Asset Master row with blank NWB_AssetID","Ductwork","Ductwork","connected-miss:d4:visited11","","","","","","","","","","","","WBH","HO","Z00","SE5","WBH-HO-NS-Z00-ME-SE5"
"20260814_193109","NWB_PARAMETERS AutoFill","Multi-Category Schedule 2","schedule","selection","smart","Both","skip-other-users","13446822","Duct Insulations","Duct Insulation","","","Return Air","External Insulation","NWB_UniclassDescription","Ductwork and fittings","Ductwork and fittings","Ductwork and fittings","SKIP","already-matches","instance","Shared Parameter","7626166","NWB_UniclassDescription","String","False","1","1","45","MDUC","MDUC-HO-NS-13446822","default","generated from matched Asset Master row with blank NWB_AssetID","Ductwork","Ductwork","connected-miss:d4:visited11","","","","","","","","","","","","WBH","HO","Z00","SE5","WBH-HO-NS-Z00-ME-SE5"
"20260814_193109","NWB_PARAMETERS AutoFill","Multi-Category Schedule 2","schedule","selection","smart","Both","skip-other-users","13446822","Duct Insulations","Duct Insulation","","","Return Air","External Insulation","NWB_DesignPkg","NWB-GEN-ME-SCM-1091-A","NWB-GEN-ME-SCM-1091-A","NWB-GEN-ME-SCM-1091-A","SKIP","already-matches","instance","Shared Parameter","7626167","NWB_DesignPkg","String","False","1","1","45","MDUC","MDUC-HO-NS-13446822","default","generated from matched Asset Master row with blank NWB_AssetID","Ductwork","Ductwork","connected-miss:d4:visited11","","","","","","","","","","","","WBH","HO","Z00","SE5","WBH-HO-NS-Z00-ME-SE5"
"20260814_193109","NWB_PARAMETERS AutoFill","Multi-Category Schedule 2","schedule","selection","smart","Both","skip-other-users","13446822","Duct Insulations","Duct Insulation","","","Return Air","External Insulation","NWB_BuildingPermitPkg","WBH - BP09","","","SKIP","missing","","","","NWB_BuildingPermitPkg","","","0","0","45","MDUC","MDUC-HO-NS-13446822","default","generated from matched Asset Master row with blank NWB_AssetID","Ductwork","Ductwork","connected-miss:d4:visited11","","","","","","","","","","","","WBH","HO","Z00","SE5","WBH-HO-NS-Z00-ME-SE5"
"20260814_193109","NWB_PARAMETERS AutoFill","Multi-Category Schedule 2","schedule","selection","smart","Both","skip-other-users","13446822","Duct Insulations","Duct Insulation","","","Return Air","External Insulation","NWB_WBS00","WBH","WBH","WBH","SKIP","already-matches","instance","Shared Parameter","9214738","NWB_WBS00","String","False","1","1","45","MDUC","MDUC-HO-NS-13446822","default","generated from matched Asset Master row with blank NWB_AssetID","Ductwork","Ductwork","connected-miss:d4:visited11","","","","","","","","","","","","WBH","HO","Z00","SE5","WBH-HO-NS-Z00-ME-SE5"
"20260814_193109","NWB_PARAMETERS AutoFill","Multi-Category Schedule 2","schedule","selection","smart","Both","skip-other-users","13446822","Duct Insulations","Duct Insulation","","","Return Air","External Insulation","NWB_WBS01","HO","HO","HO","SKIP","already-matches","instance","Shared Parameter","9214798","NWB_WBS01","String","False","1","1","45","MDUC","MDUC-HO-NS-13446822","default","generated from matched Asset Master row with blank NWB_AssetID","Ductwork","Ductwork","connected-miss:d4:visited11","","","","","","","","","","","","WBH","HO","Z00","SE5","WBH-HO-NS-Z00-ME-SE5"
"20260814_193109","NWB_PARAMETERS AutoFill","Multi-Category Schedule 2","schedule","selection","smart","Both","skip-other-users","13446822","Duct Insulations","Duct Insulation","","","Return Air","External Insulation","NWB_WBS02","NS","NS","NS","SKIP","already-matches","instance","Shared Parameter","9214786","NWB_WBS02","String","False","1","1","45","MDUC","MDUC-HO-NS-13446822","default","generated from matched Asset Master row with blank NWB_AssetID","Ductwork","Ductwork","connected-miss:d4:visited11","","","","","","","","","","","","WBH","HO","Z00","SE5","WBH-HO-NS-Z00-ME-SE5"
"20260814_193109","NWB_PARAMETERS AutoFill","Multi-Category Schedule 2","schedule","selection","smart","Both","skip-other-users","13446822","Duct Insulations","Duct Insulation","","","Return Air","External Insulation","NWB_WBS03","Z00","Z00","Z00","SKIP","already-matches","instance","Shared Parameter","9214750","NWB_WBS03","String","False","1","1","45","MDUC","MDUC-HO-NS-13446822","default","generated from matched Asset Master row with blank NWB_AssetID","Ductwork","Ductwork","connected-miss:d4:visited11","","","","","","","","","","","","WBH","HO","Z00","SE5","WBH-HO-NS-Z00-ME-SE5"
"20260814_193109","NWB_PARAMETERS AutoFill","Multi-Category Schedule 2","schedule","selection","smart","Both","skip-other-users","13446822","Duct Insulations","Duct Insulation","","","Return Air","External Insulation","NWB_WBS04","ME","ME","ME","SKIP","already-matches","instance","Shared Parameter","9214762","NWB_WBS04","String","False","1","1","45","MDUC","MDUC-HO-NS-13446822","default","generated from matched Asset Master row with blank NWB_AssetID","Ductwork","Ductwork","connected-miss:d4:visited11","","","","","","","","","","","","WBH","HO","Z00","SE5","WBH-HO-NS-Z00-ME-SE5"
"20260814_193109","NWB_PARAMETERS AutoFill","Multi-Category Schedule 2","schedule","selection","smart","Both","skip-other-users","13447654","Duct Insulations","Duct Insulation","","","Supply Air","External Insulation","NWB_AssetTypeCode","MDUC","MDUC","MDUC","SKIP","already-matches","instance","Shared Parameter","7626182","NWB_AssetTypeCode","String","False","1","1","45","MDUC","MDUC-HO-NS-13447654","default","generated from matched Asset Master row with blank NWB_AssetID","Ductwork","Ductwork","connected-miss:d4:visited16","","","","","","","","","","","","WBH","HO","Z00","SE5","WBH-HO-NS-Z00-ME-SE5"
"20260814_193109","NWB_PARAMETERS AutoFill","Multi-Category Schedule 2","schedule","selection","smart","Both","skip-other-users","13447654","Duct Insulations","Duct Insulation","","","Supply Air","External Insulation","NWB_AssetType","Ductwork","Ductwork","Ductwork","SKIP","already-matches","instance","Shared Parameter","7626181","NWB_AssetType","String","False","1","1","45","MDUC","MDUC-HO-NS-13447654","default","generated from matched Asset Master row with blank NWB_AssetID","Ductwork","Ductwork","connected-miss:d4:visited16","","","","","","","","","","","","WBH","HO","Z00","SE5","WBH-HO-NS-Z00-ME-SE5"
"20260814_193109","NWB_PARAMETERS AutoFill","Multi-Category Schedule 2","schedule","selection","smart","Both","skip-other-users","13447654","Duct Insulations","Duct Insulation","","","Supply Air","External Insulation","NWB_Discipline","ME","ME","ME","SKIP","already-matches","instance","Shared Parameter","7626159","NWB_Discipline","String","False","1","1","45","MDUC","MDUC-HO-NS-13447654","default","generated from matched Asset Master row with blank NWB_AssetID","Ductwork","Ductwork","connected-miss:d4:visited16","","","","","","","","","","","","WBH","HO","Z00","SE5","WBH-HO-NS-Z00-ME-SE5"
"20260814_193109","NWB_PARAMETERS AutoFill","Multi-Category Schedule 2","schedule","selection","smart","Both","skip-other-users","13447654","Duct Insulations","Duct Insulation","","","Supply Air","External Insulation","NWB_Category","Ductwork","Ductwork","Ductwork","SKIP","already-matches","instance","Shared Parameter","7626160","NWB_Category","String","False","1","1","45","MDUC","MDUC-HO-NS-13447654","default","generated from matched Asset Master row with blank NWB_AssetID","Ductwork","Ductwork","connected-miss:d4:visited16","","","","","","","","","","","","WBH","HO","Z00","SE5","WBH-HO-NS-Z00-ME-SE5"
"20260814_193109","NWB_PARAMETERS AutoFill","Multi-Category Schedule 2","schedule","selection","smart","Both","skip-other-users","13447654","Duct Insulations","Duct Insulation","","","Supply Air","External Insulation","NWB_Department","","","","SKIP","linked/direct room department unavailable (connected-miss:d4:visited16)","","","","NWB_Department","","","","","45","MDUC","MDUC-HO-NS-13447654","default","generated from matched Asset Master row with blank NWB_AssetID","Ductwork","Ductwork","connected-miss:d4:visited16","","","","","","","","","","","","WBH","HO","Z00","SE5","WBH-HO-NS-Z00-ME-SE5"
"20260814_193109","NWB_PARAMETERS AutoFill","Multi-Category Schedule 2","schedule","selection","smart","Both","skip-other-users","13447654","Duct Insulations","Duct Insulation","","","Supply Air","External Insulation","NWB_SubDepartment","","","","SKIP","linked/direct room subdepartment unavailable (connected-miss:d4:visited16)","","","","NWB_SubDepartment","","","","","45","MDUC","MDUC-HO-NS-13447654","default","generated from matched Asset Master row with blank NWB_AssetID","Ductwork","Ductwork","connected-miss:d4:visited16","","","","","","","","","","","","WBH","HO","Z00","SE5","WBH-HO-NS-Z00-ME-SE5"
"20260814_193109","NWB_PARAMETERS AutoFill","Multi-Category Schedule 2","schedule","selection","smart","Both","skip-other-users","13447654","Duct Insulations","Duct Insulation","","","Supply Air","External Insulation","NWB_Material","1905465","1905465","1905465","SKIP","already-matches","instance","Shared Parameter","7626176","NWB_Material","String","False","1","1","45","MDUC","MDUC-HO-NS-13447654","default","generated from matched Asset Master row with blank NWB_AssetID","Ductwork","Ductwork","connected-miss:d4:visited16","","","","","","","","","","","","WBH","HO","Z00","SE5","WBH-HO-NS-Z00-ME-SE5"
"20260814_193109","NWB_PARAMETERS AutoFill","Multi-Category Schedule 2","schedule","selection","smart","Both","skip-other-users","13447654","Duct Insulations","Duct Insulation","","","Supply Air","External Insulation","NWB_System","Supply Air","Supply Air","Supply Air","SKIP","already-matches","instance","Shared Parameter","7626163","NWB_System","String","False","1","1","45","MDUC","MDUC-HO-NS-13447654","default","generated from matched Asset Master row with blank NWB_AssetID","Ductwork","Ductwork","connected-miss:d4:visited16","","","","","","","","","","","","WBH","HO","Z00","SE5","WBH-HO-NS-Z00-ME-SE5"
"20260814_193109","NWB_PARAMETERS AutoFill","Multi-Category Schedule 2","schedule","selection","smart","Both","skip-other-users","13447654","Duct Insulations","Duct Insulation","","","Supply Air","External Insulation","NWB_UniclassCode","Pr_65_65_25","Pr_65_65_25","Pr_65_65_25","SKIP","already-matches","instance","Shared Parameter","7626165","NWB_UniclassCode","String","False","1","1","45","MDUC","MDUC-HO-NS-13447654","default","generated from matched Asset Master row with blank NWB_AssetID","Ductwork","Ductwork","connected-miss:d4:visited16","","","","","","","","","","","","WBH","HO","Z00","SE5","WBH-HO-NS-Z00-ME-SE5"
"20260814_193109","NWB_PARAMETERS AutoFill","Multi-Category Schedule 2","schedule","selection","smart","Both","skip-other-users","13447654","Duct Insulations","Duct Insulation","","","Supply Air","External Insulation","NWB_UniclassDescription","Ductwork and fittings","Ductwork and fittings","Ductwork and fittings","SKIP","already-matches","instance","Shared Parameter","7626166","NWB_UniclassDescription","String","False","1","1","45","MDUC","MDUC-HO-NS-13447654","default","generated from matched Asset Master row with blank NWB_AssetID","Ductwork","Ductwork","connected-miss:d4:visited16","","","","","","","","","","","","WBH","HO","Z00","SE5","WBH-HO-NS-Z00-ME-SE5"
"20260814_193109","NWB_PARAMETERS AutoFill","Multi-Category Schedule 2","schedule","selection","smart","Both","skip-other-users","13447654","Duct Insulations","Duct Insulation","","","Supply Air","External Insulation","NWB_DesignPkg","NWB-GEN-ME-SCM-1091-A","NWB-GEN-ME-SCM-1091-A","NWB-GEN-ME-SCM-1091-A","SKIP","already-matches","instance","Shared Parameter","7626167","NWB_DesignPkg","String","False","1","1","45","MDUC","MDUC-HO-NS-13447654","default","generated from matched Asset Master row with blank NWB_AssetID","Ductwork","Ductwork","connected-miss:d4:visited16","","","","","","","","","","","","WBH","HO","Z00","SE5","WBH-HO-NS-Z00-ME-SE5"
"20260814_193109","NWB_PARAMETERS AutoFill","Multi-Category Schedule 2","schedule","selection","smart","Both","skip-other-users","13447654","Duct Insulations","Duct Insulation","","","Supply Air","External Insulation","NWB_BuildingPermitPkg","WBH - BP09","","","SKIP","missing","","","","NWB_BuildingPermitPkg","","","0","0","45","MDUC","MDUC-HO-NS-13447654","default","generated from matched Asset Master row with blank NWB_AssetID","Ductwork","Ductwork","connected-miss:d4:visited16","","","","","","","","","","","","WBH","HO","Z00","SE5","WBH-HO-NS-Z00-ME-SE5"
"20260814_193109","NWB_PARAMETERS AutoFill","Multi-Category Schedule 2","schedule","selection","smart","Both","skip-other-users","13447654","Duct Insulations","Duct Insulation","","","Supply Air","External Insulation","NWB_WBS00","WBH","WBH","WBH","SKIP","already-matches","instance","Shared Parameter","9214738","NWB_WBS00","String","False","1","1","45","MDUC","MDUC-HO-NS-13447654","default","generated from matched Asset Master row with blank NWB_AssetID","Ductwork","Ductwork","connected-miss:d4:visited16","","","","","","","","","","","","WBH","HO","Z00","SE5","WBH-HO-NS-Z00-ME-SE5"
"20260814_193109","NWB_PARAMETERS AutoFill","Multi-Category Schedule 2","schedule","selection","smart","Both","skip-other-users","13447654","Duct Insulations","Duct Insulation","","","Supply Air","External Insulation","NWB_WBS01","HO","HO","HO","SKIP","already-matches","instance","Shared Parameter","9214798","NWB_WBS01","String","False","1","1","45","MDUC","MDUC-HO-NS-13447654","default","generated from matched Asset Master row with blank NWB_AssetID","Ductwork","Ductwork","connected-miss:d4:visited16","","","","","","","","","","","","WBH","HO","Z00","SE5","WBH-HO-NS-Z00-ME-SE5"
"20260814_193109","NWB_PARAMETERS AutoFill","Multi-Category Schedule 2","schedule","selection","smart","Both","skip-other-users","13447654","Duct Insulations","Duct Insulation","","","Supply Air","External Insulation","NWB_WBS02","NS","NS","NS","SKIP","already-matches","instance","Shared Parameter","9214786","NWB_WBS02","String","False","1","1","45","MDUC","MDUC-HO-NS-13447654","default","generated from matched Asset Master row with blank NWB_AssetID","Ductwork","Ductwork","connected-miss:d4:visited16","","","","","","","","","","","","WBH","HO","Z00","SE5","WBH-HO-NS-Z00-ME-SE5"
"20260814_193109","NWB_PARAMETERS AutoFill","Multi-Category Schedule 2","schedule","selection","smart","Both","skip-other-users","13447654","Duct Insulations","Duct Insulation","","","Supply Air","External Insulation","NWB_WBS03","Z00","Z00","Z00","SKIP","already-matches","instance","Shared Parameter","9214750","NWB_WBS03","String","False","1","1","45","MDUC","MDUC-HO-NS-13447654","default","generated from matched Asset Master row with blank NWB_AssetID","Ductwork","Ductwork","connected-miss:d4:visited16","","","","","","","","","","","","WBH","HO","Z00","SE5","WBH-HO-NS-Z00-ME-SE5"
"20260814_193109","NWB_PARAMETERS AutoFill","Multi-Category Schedule 2","schedule","selection","smart","Both","skip-other-users","13447654","Duct Insulations","Duct Insulation","","","Supply Air","External Insulation","NWB_WBS04","ME","ME","ME","SKIP","already-matches","instance","Shared Parameter","9214762","NWB_WBS04","String","False","1","1","45","MDUC","MDUC-HO-NS-13447654","default","generated from matched Asset Master row with blank NWB_AssetID","Ductwork","Ductwork","connected-miss:d4:visited16","","","","","","","","","","","","WBH","HO","Z00","SE5","WBH-HO-NS-Z00-ME-SE5"
"20260814_193109","NWB_PARAMETERS AutoFill","Multi-Category Schedule 2","schedule","selection","smart","Both","skip-other-users","13447655","Duct Insulations","Duct Insulation","","","Supply Air","External Insulation","NWB_AssetTypeCode","MDUC","MDUC","MDUC","SKIP","already-matches","instance","Shared Parameter","7626182","NWB_AssetTypeCode","String","False","1","1","45","MDUC","MDUC-HO-NS-13447655","default","generated from matched Asset Master row with blank NWB_AssetID","Ductwork","Ductwork","connected:d4:15038260:Air Terminals","NWB-ACD-WBH-MH-MOD-0001","IP2.10.C32","Corridor","Inpatient Obstetric 2","","","","Inpatient Obstetric 2","","","","WBH","HO","IP2","SE5","WBH-HO-NS-IP2-ME-SE5"
"20260814_193109","NWB_PARAMETERS AutoFill","Multi-Category Schedule 2","schedule","selection","smart","Both","skip-other-users","13447655","Duct Insulations","Duct Insulation","","","Supply Air","External Insulation","NWB_AssetType","Ductwork","Ductwork","Ductwork","SKIP","already-matches","instance","Shared Parameter","7626181","NWB_AssetType","String","False","1","1","45","MDUC","MDUC-HO-NS-13447655","default","generated from matched Asset Master row with blank NWB_AssetID","Ductwork","Ductwork","connected:d4:15038260:Air Terminals","NWB-ACD-WBH-MH-MOD-0001","IP2.10.C32","Corridor","Inpatient Obstetric 2","","","","Inpatient Obstetric 2","","","","WBH","HO","IP2","SE5","WBH-HO-NS-IP2-ME-SE5"
"20260814_193109","NWB_PARAMETERS AutoFill","Multi-Category Schedule 2","schedule","selection","smart","Both","skip-other-users","13447655","Duct Insulations","Duct Insulation","","","Supply Air","External Insulation","NWB_Discipline","ME","ME","ME","SKIP","already-matches","instance","Shared Parameter","7626159","NWB_Discipline","String","False","1","1","45","MDUC","MDUC-HO-NS-13447655","default","generated from matched Asset Master row with blank NWB_AssetID","Ductwork","Ductwork","connected:d4:15038260:Air Terminals","NWB-ACD-WBH-MH-MOD-0001","IP2.10.C32","Corridor","Inpatient Obstetric 2","","","","Inpatient Obstetric 2","","","","WBH","HO","IP2","SE5","WBH-HO-NS-IP2-ME-SE5"
"20260814_193109","NWB_PARAMETERS AutoFill","Multi-Category Schedule 2","schedule","selection","smart","Both","skip-other-users","13447655","Duct Insulations","Duct Insulation","","","Supply Air","External Insulation","NWB_Category","Ductwork","Ductwork","Ductwork","SKIP","already-matches","instance","Shared Parameter","7626160","NWB_Category","String","False","1","1","45","MDUC","MDUC-HO-NS-13447655","default","generated from matched Asset Master row with blank NWB_AssetID","Ductwork","Ductwork","connected:d4:15038260:Air Terminals","NWB-ACD-WBH-MH-MOD-0001","IP2.10.C32","Corridor","Inpatient Obstetric 2","","","","Inpatient Obstetric 2","","","","WBH","HO","IP2","SE5","WBH-HO-NS-IP2-ME-SE5"
"20260814_193109","NWB_PARAMETERS AutoFill","Multi-Category Schedule 2","schedule","selection","smart","Both","skip-other-users","13447655","Duct Insulations","Duct Insulation","","","Supply Air","External Insulation","NWB_SubDepartment","","","","SKIP","linked/direct room subdepartment unavailable (connected:d4:15038260:Air Terminals)","","","","NWB_SubDepartment","","","","","45","MDUC","MDUC-HO-NS-13447655","default","generated from matched Asset Master row with blank NWB_AssetID","Ductwork","Ductwork","connected:d4:15038260:Air Terminals","NWB-ACD-WBH-MH-MOD-0001","IP2.10.C32","Corridor","Inpatient Obstetric 2","","","","Inpatient Obstetric 2","","","","WBH","HO","IP2","SE5","WBH-HO-NS-IP2-ME-SE5"
"20260814_193109","NWB_PARAMETERS AutoFill","Multi-Category Schedule 2","schedule","selection","smart","Both","skip-other-users","13447655","Duct Insulations","Duct Insulation","","","Supply Air","External Insulation","NWB_Material","1905465","1905465","1905465","SKIP","already-matches","instance","Shared Parameter","7626176","NWB_Material","String","False","1","1","45","MDUC","MDUC-HO-NS-13447655","default","generated from matched Asset Master row with blank NWB_AssetID","Ductwork","Ductwork","connected:d4:15038260:Air Terminals","NWB-ACD-WBH-MH-MOD-0001","IP2.10.C32","Corridor","Inpatient Obstetric 2","","","","Inpatient Obstetric 2","","","","WBH","HO","IP2","SE5","WBH-HO-NS-IP2-ME-SE5"
"20260814_193109","NWB_PARAMETERS AutoFill","Multi-Category Schedule 2","schedule","selection","smart","Both","skip-other-users","13447655","Duct Insulations","Duct Insulation","","","Supply Air","External Insulation","NWB_System","Supply Air","Supply Air","Supply Air","SKIP","already-matches","instance","Shared Parameter","7626163","NWB_System","String","False","1","1","45","MDUC","MDUC-HO-NS-13447655","default","generated from matched Asset Master row with blank NWB_AssetID","Ductwork","Ductwork","connected:d4:15038260:Air Terminals","NWB-ACD-WBH-MH-MOD-0001","IP2.10.C32","Corridor","Inpatient Obstetric 2","","","","Inpatient Obstetric 2","","","","WBH","HO","IP2","SE5","WBH-HO-NS-IP2-ME-SE5"
"20260814_193109","NWB_PARAMETERS AutoFill","Multi-Category Schedule 2","schedule","selection","smart","Both","skip-other-users","13447655","Duct Insulations","Duct Insulation","","","Supply Air","External Insulation","NWB_UniclassCode","Pr_65_65_25","Pr_65_65_25","Pr_65_65_25","SKIP","already-matches","instance","Shared Parameter","7626165","NWB_UniclassCode","String","False","1","1","45","MDUC","MDUC-HO-NS-13447655","default","generated from matched Asset Master row with blank NWB_AssetID","Ductwork","Ductwork","connected:d4:15038260:Air Terminals","NWB-ACD-WBH-MH-MOD-0001","IP2.10.C32","Corridor","Inpatient Obstetric 2","","","","Inpatient Obstetric 2","","","","WBH","HO","IP2","SE5","WBH-HO-NS-IP2-ME-SE5"
"20260814_193109","NWB_PARAMETERS AutoFill","Multi-Category Schedule 2","schedule","selection","smart","Both","skip-other-users","13447655","Duct Insulations","Duct Insulation","","","Supply Air","External Insulation","NWB_UniclassDescription","Ductwork and fittings","Ductwork and fittings","Ductwork and fittings","SKIP","already-matches","instance","Shared Parameter","7626166","NWB_UniclassDescription","String","False","1","1","45","MDUC","MDUC-HO-NS-13447655","default","generated from matched Asset Master row with blank NWB_AssetID","Ductwork","Ductwork","connected:d4:15038260:Air Terminals","NWB-ACD-WBH-MH-MOD-0001","IP2.10.C32","Corridor","Inpatient Obstetric 2","","","","Inpatient Obstetric 2","","","","WBH","HO","IP2","SE5","WBH-HO-NS-IP2-ME-SE5"
"20260814_193109","NWB_PARAMETERS AutoFill","Multi-Category Schedule 2","schedule","selection","smart","Both","skip-other-users","13447655","Duct Insulations","Duct Insulation","","","Supply Air","External Insulation","NWB_DesignPkg","NWB-GEN-ME-SCM-1091-A","NWB-GEN-ME-SCM-1091-A","NWB-GEN-ME-SCM-1091-A","SKIP","already-matches","instance","Shared Parameter","7626167","NWB_DesignPkg","String","False","1","1","45","MDUC","MDUC-HO-NS-13447655","default","generated from matched Asset Master row with blank NWB_AssetID","Ductwork","Ductwork","connected:d4:15038260:Air Terminals","NWB-ACD-WBH-MH-MOD-0001","IP2.10.C32","Corridor","Inpatient Obstetric 2","","","","Inpatient Obstetric 2","","","","WBH","HO","IP2","SE5","WBH-HO-NS-IP2-ME-SE5"
"20260814_193109","NWB_PARAMETERS AutoFill","Multi-Category Schedule 2","schedule","selection","smart","Both","skip-other-users","13447655","Duct Insulations","Duct Insulation","","","Supply Air","External Insulation","NWB_BuildingPermitPkg","WBH - BP09","","","SKIP","missing","","","","NWB_BuildingPermitPkg","","","0","0","45","MDUC","MDUC-HO-NS-13447655","default","generated from matched Asset Master row with blank NWB_AssetID","Ductwork","Ductwork","connected:d4:15038260:Air Terminals","NWB-ACD-WBH-MH-MOD-0001","IP2.10.C32","Corridor","Inpatient Obstetric 2","","","","Inpatient Obstetric 2","","","","WBH","HO","IP2","SE5","WBH-HO-NS-IP2-ME-SE5"
"20260814_193109","NWB_PARAMETERS AutoFill","Multi-Category Schedule 2","schedule","selection","smart","Both","skip-other-users","13447655","Duct Insulations","Duct Insulation","","","Supply Air","External Insulation","NWB_WBS00","WBH","WBH","WBH","SKIP","already-matches","instance","Shared Parameter","9214738","NWB_WBS00","String","False","1","1","45","MDUC","MDUC-HO-NS-13447655","default","generated from matched Asset Master row with blank NWB_AssetID","Ductwork","Ductwork","connected:d4:15038260:Air Terminals","NWB-ACD-WBH-MH-MOD-0001","IP2.10.C32","Corridor","Inpatient Obstetric 2","","","","Inpatient Obstetric 2","","","","WBH","HO","IP2","SE5","WBH-HO-NS-IP2-ME-SE5"
"20260814_193109","NWB_PARAMETERS AutoFill","Multi-Category Schedule 2","schedule","selection","smart","Both","skip-other-users","13447655","Duct Insulations","Duct Insulation","","","Supply Air","External Insulation","NWB_WBS01","HO","HO","HO","SKIP","already-matches","instance","Shared Parameter","9214798","NWB_WBS01","String","False","1","1","45","MDUC","MDUC-HO-NS-13447655","default","generated from matched Asset Master row with blank NWB_AssetID","Ductwork","Ductwork","connected:d4:15038260:Air Terminals","NWB-ACD-WBH-MH-MOD-0001","IP2.10.C32","Corridor","Inpatient Obstetric 2","","","","Inpatient Obstetric 2","","","","WBH","HO","IP2","SE5","WBH-HO-NS-IP2-ME-SE5"
"20260814_193109","NWB_PARAMETERS AutoFill","Multi-Category Schedule 2","schedule","selection","smart","Both","skip-other-users","13447655","Duct Insulations","Duct Insulation","","","Supply Air","External Insulation","NWB_WBS02","NS","NS","NS","SKIP","already-matches","instance","Shared Parameter","9214786","NWB_WBS02","String","False","1","1","45","MDUC","MDUC-HO-NS-13447655","default","generated from matched Asset Master row with blank NWB_AssetID","Ductwork","Ductwork","connected:d4:15038260:Air Terminals","NWB-ACD-WBH-MH-MOD-0001","IP2.10.C32","Corridor","Inpatient Obstetric 2","","","","Inpatient Obstetric 2","","","","WBH","HO","IP2","SE5","WBH-HO-NS-IP2-ME-SE5"
"20260814_193109","NWB_PARAMETERS AutoFill","Multi-Category Schedule 2","schedule","selection","smart","Both","skip-other-users","13447655","Duct Insulations","Duct Insulation","","","Supply Air","External Insulation","NWB_WBS04","ME","ME","ME","SKIP","already-matches","instance","Shared Parameter","9214762","NWB_WBS04","String","False","1","1","45","MDUC","MDUC-HO-NS-13447655","default","generated from matched Asset Master row with blank NWB_AssetID","Ductwork","Ductwork","connected:d4:15038260:Air Terminals","NWB-ACD-WBH-MH-MOD-0001","IP2.10.C32","Corridor","Inpatient Obstetric 2","","","","Inpatient Obstetric 2","","","","WBH","HO","IP2","SE5","WBH-HO-NS-IP2-ME-SE5"
"20260814_193109","NWB_PARAMETERS AutoFill","Multi-Category Schedule 2","schedule","selection","smart","Both","skip-other-users","13447656","Duct Insulations","Duct Insulation","","","Supply Air","External Insulation","NWB_AssetTypeCode","MDUC","MDUC","MDUC","SKIP","already-matches","instance","Shared Parameter","7626182","NWB_AssetTypeCode","String","False","1","1","45","MDUC","MDUC-HO-NS-13447656","default","generated from matched Asset Master row with blank NWB_AssetID","Ductwork","Ductwork","connected:d4:10540422:Air Terminals","NWB-ACD-WBH-MH-MOD-0001","IP2.10.C34","Corridor","Inpatient Obstetric 2","","","","Inpatient Obstetric 2","","","","WBH","HO","IP2","SE5","WBH-HO-NS-IP2-ME-SE5"
"20260814_193109","NWB_PARAMETERS AutoFill","Multi-Category Schedule 2","schedule","selection","smart","Both","skip-other-users","13447656","Duct Insulations","Duct Insulation","","","Supply Air","External Insulation","NWB_AssetType","Ductwork","Ductwork","Ductwork","SKIP","already-matches","instance","Shared Parameter","7626181","NWB_AssetType","String","False","1","1","45","MDUC","MDUC-HO-NS-13447656","default","generated from matched Asset Master row with blank NWB_AssetID","Ductwork","Ductwork","connected:d4:10540422:Air Terminals","NWB-ACD-WBH-MH-MOD-0001","IP2.10.C34","Corridor","Inpatient Obstetric 2","","","","Inpatient Obstetric 2","","","","WBH","HO","IP2","SE5","WBH-HO-NS-IP2-ME-SE5"
"20260814_193109","NWB_PARAMETERS AutoFill","Multi-Category Schedule 2","schedule","selection","smart","Both","skip-other-users","13447656","Duct Insulations","Duct Insulation","","","Supply Air","External Insulation","NWB_Discipline","ME","ME","ME","SKIP","already-matches","instance","Shared Parameter","7626159","NWB_Discipline","String","False","1","1","45","MDUC","MDUC-HO-NS-13447656","default","generated from matched Asset Master row with blank NWB_AssetID","Ductwork","Ductwork","connected:d4:10540422:Air Terminals","NWB-ACD-WBH-MH-MOD-0001","IP2.10.C34","Corridor","Inpatient Obstetric 2","","","","Inpatient Obstetric 2","","","","WBH","HO","IP2","SE5","WBH-HO-NS-IP2-ME-SE5"
"20260814_193109","NWB_PARAMETERS AutoFill","Multi-Category Schedule 2","schedule","selection","smart","Both","skip-other-users","13447656","Duct Insulations","Duct Insulation","","","Supply Air","External Insulation","NWB_Category","Ductwork","Ductwork","Ductwork","SKIP","already-matches","instance","Shared Parameter","7626160","NWB_Category","String","False","1","1","45","MDUC","MDUC-HO-NS-13447656","default","generated from matched Asset Master row with blank NWB_AssetID","Ductwork","Ductwork","connected:d4:10540422:Air Terminals","NWB-ACD-WBH-MH-MOD-0001","IP2.10.C34","Corridor","Inpatient Obstetric 2","","","","Inpatient Obstetric 2","","","","WBH","HO","IP2","SE5","WBH-HO-NS-IP2-ME-SE5"
"20260814_193109","NWB_PARAMETERS AutoFill","Multi-Category Schedule 2","schedule","selection","smart","Both","skip-other-users","13447656","Duct Insulations","Duct Insulation","","","Supply Air","External Insulation","NWB_SubDepartment","","","","SKIP","linked/direct room subdepartment unavailable (connected:d4:10540422:Air Terminals)","","","","NWB_SubDepartment","","","","","45","MDUC","MDUC-HO-NS-13447656","default","generated from matched Asset Master row with blank NWB_AssetID","Ductwork","Ductwork","connected:d4:10540422:Air Terminals","NWB-ACD-WBH-MH-MOD-0001","IP2.10.C34","Corridor","Inpatient Obstetric 2","","","","Inpatient Obstetric 2","","","","WBH","HO","IP2","SE5","WBH-HO-NS-IP2-ME-SE5"
"20260814_193109","NWB_PARAMETERS AutoFill","Multi-Category Schedule 2","schedule","selection","smart","Both","skip-other-users","13447656","Duct Insulations","Duct Insulation","","","Supply Air","External Insulation","NWB_Material","1905465","1905465","1905465","SKIP","already-matches","instance","Shared Parameter","7626176","NWB_Material","String","False","1","1","45","MDUC","MDUC-HO-NS-13447656","default","generated from matched Asset Master row with blank NWB_AssetID","Ductwork","Ductwork","connected:d4:10540422:Air Terminals","NWB-ACD-WBH-MH-MOD-0001","IP2.10.C34","Corridor","Inpatient Obstetric 2","","","","Inpatient Obstetric 2","","","","WBH","HO","IP2","SE5","WBH-HO-NS-IP2-ME-SE5"
"20260814_193109","NWB_PARAMETERS AutoFill","Multi-Category Schedule 2","schedule","selection","smart","Both","skip-other-users","13447656","Duct Insulations","Duct Insulation","","","Supply Air","External Insulation","NWB_System","Supply Air","Supply Air","Supply Air","SKIP","already-matches","instance","Shared Parameter","7626163","NWB_System","String","False","1","1","45","MDUC","MDUC-HO-NS-13447656","default","generated from matched Asset Master row with blank NWB_AssetID","Ductwork","Ductwork","connected:d4:10540422:Air Terminals","NWB-ACD-WBH-MH-MOD-0001","IP2.10.C34","Corridor","Inpatient Obstetric 2","","","","Inpatient Obstetric 2","","","","WBH","HO","IP2","SE5","WBH-HO-NS-IP2-ME-SE5"
"20260814_193109","NWB_PARAMETERS AutoFill","Multi-Category Schedule 2","schedule","selection","smart","Both","skip-other-users","13447656","Duct Insulations","Duct Insulation","","","Supply Air","External Insulation","NWB_UniclassCode","Pr_65_65_25","Pr_65_65_25","Pr_65_65_25","SKIP","already-matches","instance","Shared Parameter","7626165","NWB_UniclassCode","String","False","1","1","45","MDUC","MDUC-HO-NS-13447656","default","generated from matched Asset Master row with blank NWB_AssetID","Ductwork","Ductwork","connected:d4:10540422:Air Terminals","NWB-ACD-WBH-MH-MOD-0001","IP2.10.C34","Corridor","Inpatient Obstetric 2","","","","Inpatient Obstetric 2","","","","WBH","HO","IP2","SE5","WBH-HO-NS-IP2-ME-SE5"
"20260814_193109","NWB_PARAMETERS AutoFill","Multi-Category Schedule 2","schedule","selection","smart","Both","skip-other-users","13447656","Duct Insulations","Duct Insulation","","","Supply Air","External Insulation","NWB_UniclassDescription","Ductwork and fittings","Ductwork and fittings","Ductwork and fittings","SKIP","already-matches","instance","Shared Parameter","7626166","NWB_UniclassDescription","String","False","1","1","45","MDUC","MDUC-HO-NS-13447656","default","generated from matched Asset Master row with blank NWB_AssetID","Ductwork","Ductwork","connected:d4:10540422:Air Terminals","NWB-ACD-WBH-MH-MOD-0001","IP2.10.C34","Corridor","Inpatient Obstetric 2","","","","Inpatient Obstetric 2","","","","WBH","HO","IP2","SE5","WBH-HO-NS-IP2-ME-SE5"
"20260814_193109","NWB_PARAMETERS AutoFill","Multi-Category Schedule 2","schedule","selection","smart","Both","skip-other-users","13447656","Duct Insulations","Duct Insulation","","","Supply Air","External Insulation","NWB_DesignPkg","NWB-GEN-ME-SCM-1091-A","NWB-GEN-ME-SCM-1091-A","NWB-GEN-ME-SCM-1091-A","SKIP","already-matches","instance","Shared Parameter","7626167","NWB_DesignPkg","String","False","1","1","45","MDUC","MDUC-HO-NS-13447656","default","generated from matched Asset Master row with blank NWB_AssetID","Ductwork","Ductwork","connected:d4:10540422:Air Terminals","NWB-ACD-WBH-MH-MOD-0001","IP2.10.C34","Corridor","Inpatient Obstetric 2","","","","Inpatient Obstetric 2","","","","WBH","HO","IP2","SE5","WBH-HO-NS-IP2-ME-SE5"
"20260814_193109","NWB_PARAMETERS AutoFill","Multi-Category Schedule 2","schedule","selection","smart","Both","skip-other-users","13447656","Duct Insulations","Duct Insulation","","","Supply Air","External Insulation","NWB_BuildingPermitPkg","WBH - BP09","","","SKIP","missing","","","","NWB_BuildingPermitPkg","","","0","0","45","MDUC","MDUC-HO-NS-13447656","default","generated from matched Asset Master row with blank NWB_AssetID","Ductwork","Ductwork","connected:d4:10540422:Air Terminals","NWB-ACD-WBH-MH-MOD-0001","IP2.10.C34","Corridor","Inpatient Obstetric 2","","","","Inpatient Obstetric 2","","","","WBH","HO","IP2","SE5","WBH-HO-NS-IP2-ME-SE5"
"20260814_193109","NWB_PARAMETERS AutoFill","Multi-Category Schedule 2","schedule","selection","smart","Both","skip-other-users","13447656","Duct Insulations","Duct Insulation","","","Supply Air","External Insulation","NWB_WBS00","WBH","WBH","WBH","SKIP","already-matches","instance","Shared Parameter","9214738","NWB_WBS00","String","False","1","1","45","MDUC","MDUC-HO-NS-13447656","default","generated from matched Asset Master row with blank NWB_AssetID","Ductwork","Ductwork","connected:d4:10540422:Air Terminals","NWB-ACD-WBH-MH-MOD-0001","IP2.10.C34","Corridor","Inpatient Obstetric 2","","","","Inpatient Obstetric 2","","","","WBH","HO","IP2","SE5","WBH-HO-NS-IP2-ME-SE5"
"20260814_193109","NWB_PARAMETERS AutoFill","Multi-Category Schedule 2","schedule","selection","smart","Both","skip-other-users","13447656","Duct Insulations","Duct Insulation","","","Supply Air","External Insulation","NWB_WBS01","HO","HO","HO","SKIP","already-matches","instance","Shared Parameter","9214798","NWB_WBS01","String","False","1","1","45","MDUC","MDUC-HO-NS-13447656","default","generated from matched Asset Master row with blank NWB_AssetID","Ductwork","Ductwork","connected:d4:10540422:Air Terminals","NWB-ACD-WBH-MH-MOD-0001","IP2.10.C34","Corridor","Inpatient Obstetric 2","","","","Inpatient Obstetric 2","","","","WBH","HO","IP2","SE5","WBH-HO-NS-IP2-ME-SE5"
"20260814_193109","NWB_PARAMETERS AutoFill","Multi-Category Schedule 2","schedule","selection","smart","Both","skip-other-users","13447656","Duct Insulations","Duct Insulation","","","Supply Air","External Insulation","NWB_WBS02","NS","NS","NS","SKIP","already-matches","instance","Shared Parameter","9214786","NWB_WBS02","String","False","1","1","45","MDUC","MDUC-HO-NS-13447656","default","generated from matched Asset Master row with blank NWB_AssetID","Ductwork","Ductwork","connected:d4:10540422:Air Terminals","NWB-ACD-WBH-MH-MOD-0001","IP2.10.C34","Corridor","Inpatient Obstetric 2","","","","Inpatient Obstetric 2","","","","WBH","HO","IP2","SE5","WBH-HO-NS-IP2-ME-SE5"
"20260814_193109","NWB_PARAMETERS AutoFill","Multi-Category Schedule 2","schedule","selection","smart","Both","skip-other-users","13447656","Duct Insulations","Duct Insulation","","","Supply Air","External Insulation","NWB_WBS04","ME","ME","ME","SKIP","already-matches","instance","Shared Parameter","9214762","NWB_WBS04","String","False","1","1","45","MDUC","MDUC-HO-NS-13447656","default","generated from matched Asset Master row with blank NWB_AssetID","Ductwork","Ductwork","connected:d4:10540422:Air Terminals","NWB-ACD-WBH-MH-MOD-0001","IP2.10.C34","Corridor","Inpatient Obstetric 2","","","","Inpatient Obstetric 2","","","","WBH","HO","IP2","SE5","WBH-HO-NS-IP2-ME-SE5"
"20260814_193109","NWB_PARAMETERS AutoFill","Multi-Category Schedule 2","schedule","selection","smart","Both","skip-other-users","13447657","Duct Insulations","Duct Insulation","","","Supply Air","External Insulation","NWB_AssetTypeCode","MDUC","MDUC","MDUC","SKIP","already-matches","instance","Shared Parameter","7626182","NWB_AssetTypeCode","String","False","1","1","45","MDUC","MDUC-HO-NS-13447657","default","generated from matched Asset Master row with blank NWB_AssetID","Ductwork","Ductwork","connected-miss:d4:visited13","","","","","","","","","","","","WBH","HO","Z00","SE5","WBH-HO-NS-Z00-ME-SE5"
"20260814_193109","NWB_PARAMETERS AutoFill","Multi-Category Schedule 2","schedule","selection","smart","Both","skip-other-users","13447657","Duct Insulations","Duct Insulation","","","Supply Air","External Insulation","NWB_AssetType","Ductwork","Ductwork","Ductwork","SKIP","already-matches","instance","Shared Parameter","7626181","NWB_AssetType","String","False","1","1","45","MDUC","MDUC-HO-NS-13447657","default","generated from matched Asset Master row with blank NWB_AssetID","Ductwork","Ductwork","connected-miss:d4:visited13","","","","","","","","","","","","WBH","HO","Z00","SE5","WBH-HO-NS-Z00-ME-SE5"
"20260814_193109","NWB_PARAMETERS AutoFill","Multi-Category Schedule 2","schedule","selection","smart","Both","skip-other-users","13447657","Duct Insulations","Duct Insulation","","","Supply Air","External Insulation","NWB_Discipline","ME","ME","ME","SKIP","already-matches","instance","Shared Parameter","7626159","NWB_Discipline","String","False","1","1","45","MDUC","MDUC-HO-NS-13447657","default","generated from matched Asset Master row with blank NWB_AssetID","Ductwork","Ductwork","connected-miss:d4:visited13","","","","","","","","","","","","WBH","HO","Z00","SE5","WBH-HO-NS-Z00-ME-SE5"
"20260814_193109","NWB_PARAMETERS AutoFill","Multi-Category Schedule 2","schedule","selection","smart","Both","skip-other-users","13447657","Duct Insulations","Duct Insulation","","","Supply Air","External Insulation","NWB_Category","Ductwork","Ductwork","Ductwork","SKIP","already-matches","instance","Shared Parameter","7626160","NWB_Category","String","False","1","1","45","MDUC","MDUC-HO-NS-13447657","default","generated from matched Asset Master row with blank NWB_AssetID","Ductwork","Ductwork","connected-miss:d4:visited13","","","","","","","","","","","","WBH","HO","Z00","SE5","WBH-HO-NS-Z00-ME-SE5"
"20260814_193109","NWB_PARAMETERS AutoFill","Multi-Category Schedule 2","schedule","selection","smart","Both","skip-other-users","13447657","Duct Insulations","Duct Insulation","","","Supply Air","External Insulation","NWB_Department","","","","SKIP","linked/direct room department unavailable (connected-miss:d4:visited13)","","","","NWB_Department","","","","","45","MDUC","MDUC-HO-NS-13447657","default","generated from matched Asset Master row with blank NWB_AssetID","Ductwork","Ductwork","connected-miss:d4:visited13","","","","","","","","","","","","WBH","HO","Z00","SE5","WBH-HO-NS-Z00-ME-SE5"
"20260814_193109","NWB_PARAMETERS AutoFill","Multi-Category Schedule 2","schedule","selection","smart","Both","skip-other-users","13447657","Duct Insulations","Duct Insulation","","","Supply Air","External Insulation","NWB_SubDepartment","","","","SKIP","linked/direct room subdepartment unavailable (connected-miss:d4:visited13)","","","","NWB_SubDepartment","","","","","45","MDUC","MDUC-HO-NS-13447657","default","generated from matched Asset Master row with blank NWB_AssetID","Ductwork","Ductwork","connected-miss:d4:visited13","","","","","","","","","","","","WBH","HO","Z00","SE5","WBH-HO-NS-Z00-ME-SE5"
"20260814_193109","NWB_PARAMETERS AutoFill","Multi-Category Schedule 2","schedule","selection","smart","Both","skip-other-users","13447657","Duct Insulations","Duct Insulation","","","Supply Air","External Insulation","NWB_Material","1905465","1905465","1905465","SKIP","already-matches","instance","Shared Parameter","7626176","NWB_Material","String","False","1","1","45","MDUC","MDUC-HO-NS-13447657","default","generated from matched Asset Master row with blank NWB_AssetID","Ductwork","Ductwork","connected-miss:d4:visited13","","","","","","","","","","","","WBH","HO","Z00","SE5","WBH-HO-NS-Z00-ME-SE5"
"20260814_193109","NWB_PARAMETERS AutoFill","Multi-Category Schedule 2","schedule","selection","smart","Both","skip-other-users","13447657","Duct Insulations","Duct Insulation","","","Supply Air","External Insulation","NWB_System","Supply Air","Supply Air","Supply Air","SKIP","already-matches","instance","Shared Parameter","7626163","NWB_System","String","False","1","1","45","MDUC","MDUC-HO-NS-13447657","default","generated from matched Asset Master row with blank NWB_AssetID","Ductwork","Ductwork","connected-miss:d4:visited13","","","","","","","","","","","","WBH","HO","Z00","SE5","WBH-HO-NS-Z00-ME-SE5"
"20260814_193109","NWB_PARAMETERS AutoFill","Multi-Category Schedule 2","schedule","selection","smart","Both","skip-other-users","13447657","Duct Insulations","Duct Insulation","","","Supply Air","External Insulation","NWB_UniclassCode","Pr_65_65_25","Pr_65_65_25","Pr_65_65_25","SKIP","already-matches","instance","Shared Parameter","7626165","NWB_UniclassCode","String","False","1","1","45","MDUC","MDUC-HO-NS-13447657","default","generated from matched Asset Master row with blank NWB_AssetID","Ductwork","Ductwork","connected-miss:d4:visited13","","","","","","","","","","","","WBH","HO","Z00","SE5","WBH-HO-NS-Z00-ME-SE5"
"20260814_193109","NWB_PARAMETERS AutoFill","Multi-Category Schedule 2","schedule","selection","smart","Both","skip-other-users","13447657","Duct Insulations","Duct Insulation","","","Supply Air","External Insulation","NWB_UniclassDescription","Ductwork and fittings","Ductwork and fittings","Ductwork and fittings","SKIP","already-matches","instance","Shared Parameter","7626166","NWB_UniclassDescription","String","False","1","1","45","MDUC","MDUC-HO-NS-13447657","default","generated from matched Asset Master row with blank NWB_AssetID","Ductwork","Ductwork","connected-miss:d4:visited13","","","","","","","","","","","","WBH","HO","Z00","SE5","WBH-HO-NS-Z00-ME-SE5"
"20260814_193109","NWB_PARAMETERS AutoFill","Multi-Category Schedule 2","schedule","selection","smart","Both","skip-other-users","13447657","Duct Insulations","Duct Insulation","","","Supply Air","External Insulation","NWB_DesignPkg","NWB-GEN-ME-SCM-1091-A","NWB-GEN-ME-SCM-1091-A","NWB-GEN-ME-SCM-1091-A","SKIP","already-matches","instance","Shared Parameter","7626167","NWB_DesignPkg","String","False","1","1","45","MDUC","MDUC-HO-NS-13447657","default","generated from matched Asset Master row with blank NWB_AssetID","Ductwork","Ductwork","connected-miss:d4:visited13","","","","","","","","","","","","WBH","HO","Z00","SE5","WBH-HO-NS-Z00-ME-SE5"
"20260814_193109","NWB_PARAMETERS AutoFill","Multi-Category Schedule 2","schedule","selection","smart","Both","skip-other-users","13447657","Duct Insulations","Duct Insulation","","","Supply Air","External Insulation","NWB_BuildingPermitPkg","WBH - BP09","","","SKIP","missing","","","","NWB_BuildingPermitPkg","","","0","0","45","MDUC","MDUC-HO-NS-13447657","default","generated from matched Asset Master row with blank NWB_AssetID","Ductwork","Ductwork","connected-miss:d4:visited13","","","","","","","","","","","","WBH","HO","Z00","SE5","WBH-HO-NS-Z00-ME-SE5"
"20260814_193109","NWB_PARAMETERS AutoFill","Multi-Category Schedule 2","schedule","selection","smart","Both","skip-other-users","13447657","Duct Insulations","Duct Insulation","","","Supply Air","External Insulation","NWB_WBS00","WBH","WBH","WBH","SKIP","already-matches","instance","Shared Parameter","9214738","NWB_WBS00","String","False","1","1","45","MDUC","MDUC-HO-NS-13447657","default","generated from matched Asset Master row with blank NWB_AssetID","Ductwork","Ductwork","connected-miss:d4:visited13","","","","","","","","","","","","WBH","HO","Z00","SE5","WBH-HO-NS-Z00-ME-SE5"
"20260814_193109","NWB_PARAMETERS AutoFill","Multi-Category Schedule 2","schedule","selection","smart","Both","skip-other-users","13447657","Duct Insulations","Duct Insulation","","","Supply Air","External Insulation","NWB_WBS01","HO","HO","HO","SKIP","already-matches","instance","Shared Parameter","9214798","NWB_WBS01","String","False","1","1","45","MDUC","MDUC-HO-NS-13447657","default","generated from matched Asset Master row with blank NWB_AssetID","Ductwork","Ductwork","connected-miss:d4:visited13","","","","","","","","","","","","WBH","HO","Z00","SE5","WBH-HO-NS-Z00-ME-SE5"
"20260814_193109","NWB_PARAMETERS AutoFill","Multi-Category Schedule 2","schedule","selection","smart","Both","skip-other-users","13447657","Duct Insulations","Duct Insulation","","","Supply Air","External Insulation","NWB_WBS02","NS","NS","NS","SKIP","already-matches","instance","Shared Parameter","9214786","NWB_WBS02","String","False","1","1","45","MDUC","MDUC-HO-NS-13447657","default","generated from matched Asset Master row with blank NWB_AssetID","Ductwork","Ductwork","connected-miss:d4:visited13","","","","","","","","","","","","WBH","HO","Z00","SE5","WBH-HO-NS-Z00-ME-SE5"
"20260814_193109","NWB_PARAMETERS AutoFill","Multi-Category Schedule 2","schedule","selection","smart","Both","skip-other-users","13447657","Duct Insulations","Duct Insulation","","","Supply Air","External Insulation","NWB_WBS03","Z00","Z00","Z00","SKIP","already-matches","instance","Shared Parameter","9214750","NWB_WBS03","String","False","1","1","45","MDUC","MDUC-HO-NS-13447657","default","generated from matched Asset Master row with blank NWB_AssetID","Ductwork","Ductwork","connected-miss:d4:visited13","","","","","","","","","","","","WBH","HO","Z00","SE5","WBH-HO-NS-Z00-ME-SE5"
"20260814_193109","NWB_PARAMETERS AutoFill","Multi-Category Schedule 2","schedule","selection","smart","Both","skip-other-users","13447657","Duct Insulations","Duct Insulation","","","Supply Air","External Insulation","NWB_WBS04","ME","ME","ME","SKIP","already-matches","instance","Shared Parameter","9214762","NWB_WBS04","String","False","1","1","45","MDUC","MDUC-HO-NS-13447657","default","generated from matched Asset Master row with blank NWB_AssetID","Ductwork","Ductwork","connected-miss:d4:visited13","","","","","","","","","","","","WBH","HO","Z00","SE5","WBH-HO-NS-Z00-ME-SE5"
"20260814_193109","NWB_PARAMETERS AutoFill","Multi-Category Schedule 2","schedule","selection","smart","Both","skip-other-users","13447740","Duct Insulations","Duct Insulation","","","Supply Air","External Insulation","NWB_AssetTypeCode","MDUC","MDUC","MDUC","SKIP","already-matches","instance","Shared Parameter","7626182","NWB_AssetTypeCode","String","False","1","1","45","MDUC","MDUC-HO-NS-13447740","default","generated from matched Asset Master row with blank NWB_AssetID","Ductwork","Ductwork","connected:d3:10540422:Air Terminals","NWB-ACD-WBH-MH-MOD-0001","IP2.10.C34","Corridor","Inpatient Obstetric 2","","","","Inpatient Obstetric 2","","","","WBH","HO","IP2","SE5","WBH-HO-NS-IP2-ME-SE5"
"20260814_193109","NWB_PARAMETERS AutoFill","Multi-Category Schedule 2","schedule","selection","smart","Both","skip-other-users","13447740","Duct Insulations","Duct Insulation","","","Supply Air","External Insulation","NWB_AssetType","Ductwork","Ductwork","Ductwork","SKIP","already-matches","instance","Shared Parameter","7626181","NWB_AssetType","String","False","1","1","45","MDUC","MDUC-HO-NS-13447740","default","generated from matched Asset Master row with blank NWB_AssetID","Ductwork","Ductwork","connected:d3:10540422:Air Terminals","NWB-ACD-WBH-MH-MOD-0001","IP2.10.C34","Corridor","Inpatient Obstetric 2","","","","Inpatient Obstetric 2","","","","WBH","HO","IP2","SE5","WBH-HO-NS-IP2-ME-SE5"
"20260814_193109","NWB_PARAMETERS AutoFill","Multi-Category Schedule 2","schedule","selection","smart","Both","skip-other-users","13447740","Duct Insulations","Duct Insulation","","","Supply Air","External Insulation","NWB_Discipline","ME","ME","ME","SKIP","already-matches","instance","Shared Parameter","7626159","NWB_Discipline","String","False","1","1","45","MDUC","MDUC-HO-NS-13447740","default","generated from matched Asset Master row with blank NWB_AssetID","Ductwork","Ductwork","connected:d3:10540422:Air Terminals","NWB-ACD-WBH-MH-MOD-0001","IP2.10.C34","Corridor","Inpatient Obstetric 2","","","","Inpatient Obstetric 2","","","","WBH","HO","IP2","SE5","WBH-HO-NS-IP2-ME-SE5"
"20260814_193109","NWB_PARAMETERS AutoFill","Multi-Category Schedule 2","schedule","selection","smart","Both","skip-other-users","13447740","Duct Insulations","Duct Insulation","","","Supply Air","External Insulation","NWB_Category","Ductwork","Ductwork","Ductwork","SKIP","already-matches","instance","Shared Parameter","7626160","NWB_Category","String","False","1","1","45","MDUC","MDUC-HO-NS-13447740","default","generated from matched Asset Master row with blank NWB_AssetID","Ductwork","Ductwork","connected:d3:10540422:Air Terminals","NWB-ACD-WBH-MH-MOD-0001","IP2.10.C34","Corridor","Inpatient Obstetric 2","","","","Inpatient Obstetric 2","","","","WBH","HO","IP2","SE5","WBH-HO-NS-IP2-ME-SE5"
"20260814_193109","NWB_PARAMETERS AutoFill","Multi-Category Schedule 2","schedule","selection","smart","Both","skip-other-users","13447740","Duct Insulations","Duct Insulation","","","Supply Air","External Insulation","NWB_SubDepartment","","","","SKIP","linked/direct room subdepartment unavailable (connected:d3:10540422:Air Terminals)","","","","NWB_SubDepartment","","","","","45","MDUC","MDUC-HO-NS-13447740","default","generated from matched Asset Master row with blank NWB_AssetID","Ductwork","Ductwork","connected:d3:10540422:Air Terminals","NWB-ACD-WBH-MH-MOD-0001","IP2.10.C34","Corridor","Inpatient Obstetric 2","","","","Inpatient Obstetric 2","","","","WBH","HO","IP2","SE5","WBH-HO-NS-IP2-ME-SE5"
"20260814_193109","NWB_PARAMETERS AutoFill","Multi-Category Schedule 2","schedule","selection","smart","Both","skip-other-users","13447740","Duct Insulations","Duct Insulation","","","Supply Air","External Insulation","NWB_Material","1905465","1905465","1905465","SKIP","already-matches","instance","Shared Parameter","7626176","NWB_Material","String","False","1","1","45","MDUC","MDUC-HO-NS-13447740","default","generated from matched Asset Master row with blank NWB_AssetID","Ductwork","Ductwork","connected:d3:10540422:Air Terminals","NWB-ACD-WBH-MH-MOD-0001","IP2.10.C34","Corridor","Inpatient Obstetric 2","","","","Inpatient Obstetric 2","","","","WBH","HO","IP2","SE5","WBH-HO-NS-IP2-ME-SE5"
"20260814_193109","NWB_PARAMETERS AutoFill","Multi-Category Schedule 2","schedule","selection","smart","Both","skip-other-users","13447740","Duct Insulations","Duct Insulation","","","Supply Air","External Insulation","NWB_System","Supply Air","Supply Air","Supply Air","SKIP","already-matches","instance","Shared Parameter","7626163","NWB_System","String","False","1","1","45","MDUC","MDUC-HO-NS-13447740","default","generated from matched Asset Master row with blank NWB_AssetID","Ductwork","Ductwork","connected:d3:10540422:Air Terminals","NWB-ACD-WBH-MH-MOD-0001","IP2.10.C34","Corridor","Inpatient Obstetric 2","","","","Inpatient Obstetric 2","","","","WBH","HO","IP2","SE5","WBH-HO-NS-IP2-ME-SE5"
"20260814_193109","NWB_PARAMETERS AutoFill","Multi-Category Schedule 2","schedule","selection","smart","Both","skip-other-users","13447740","Duct Insulations","Duct Insulation","","","Supply Air","External Insulation","NWB_UniclassCode","Pr_65_65_25","Pr_65_65_25","Pr_65_65_25","SKIP","already-matches","instance","Shared Parameter","7626165","NWB_UniclassCode","String","False","1","1","45","MDUC","MDUC-HO-NS-13447740","default","generated from matched Asset Master row with blank NWB_AssetID","Ductwork","Ductwork","connected:d3:10540422:Air Terminals","NWB-ACD-WBH-MH-MOD-0001","IP2.10.C34","Corridor","Inpatient Obstetric 2","","","","Inpatient Obstetric 2","","","","WBH","HO","IP2","SE5","WBH-HO-NS-IP2-ME-SE5"
"20260814_193109","NWB_PARAMETERS AutoFill","Multi-Category Schedule 2","schedule","selection","smart","Both","skip-other-users","13447740","Duct Insulations","Duct Insulation","","","Supply Air","External Insulation","NWB_UniclassDescription","Ductwork and fittings","Ductwork and fittings","Ductwork and fittings","SKIP","already-matches","instance","Shared Parameter","7626166","NWB_UniclassDescription","String","False","1","1","45","MDUC","MDUC-HO-NS-13447740","default","generated from matched Asset Master row with blank NWB_AssetID","Ductwork","Ductwork","connected:d3:10540422:Air Terminals","NWB-ACD-WBH-MH-MOD-0001","IP2.10.C34","Corridor","Inpatient Obstetric 2","","","","Inpatient Obstetric 2","","","","WBH","HO","IP2","SE5","WBH-HO-NS-IP2-ME-SE5"
"20260814_193109","NWB_PARAMETERS AutoFill","Multi-Category Schedule 2","schedule","selection","smart","Both","skip-other-users","13447740","Duct Insulations","Duct Insulation","","","Supply Air","External Insulation","NWB_DesignPkg","NWB-GEN-ME-SCM-1091-A","NWB-GEN-ME-SCM-1091-A","NWB-GEN-ME-SCM-1091-A","SKIP","already-matches","instance","Shared Parameter","7626167","NWB_DesignPkg","String","False","1","1","45","MDUC","MDUC-HO-NS-13447740","default","generated from matched Asset Master row with blank NWB_AssetID","Ductwork","Ductwork","connected:d3:10540422:Air Terminals","NWB-ACD-WBH-MH-MOD-0001","IP2.10.C34","Corridor","Inpatient Obstetric 2","","","","Inpatient Obstetric 2","","","","WBH","HO","IP2","SE5","WBH-HO-NS-IP2-ME-SE5"
"20260814_193109","NWB_PARAMETERS AutoFill","Multi-Category Schedule 2","schedule","selection","smart","Both","skip-other-users","13447740","Duct Insulations","Duct Insulation","","","Supply Air","External Insulation","NWB_BuildingPermitPkg","WBH - BP09","","","SKIP","missing","","","","NWB_BuildingPermitPkg","","","0","0","45","MDUC","MDUC-HO-NS-13447740","default","generated from matched Asset Master row with blank NWB_AssetID","Ductwork","Ductwork","connected:d3:10540422:Air Terminals","NWB-ACD-WBH-MH-MOD-0001","IP2.10.C34","Corridor","Inpatient Obstetric 2","","","","Inpatient Obstetric 2","","","","WBH","HO","IP2","SE5","WBH-HO-NS-IP2-ME-SE5"
"20260814_193109","NWB_PARAMETERS AutoFill","Multi-Category Schedule 2","schedule","selection","smart","Both","skip-other-users","13447740","Duct Insulations","Duct Insulation","","","Supply Air","External Insulation","NWB_WBS00","WBH","WBH","WBH","SKIP","already-matches","instance","Shared Parameter","9214738","NWB_WBS00","String","False","1","1","45","MDUC","MDUC-HO-NS-13447740","default","generated from matched Asset Master row with blank NWB_AssetID","Ductwork","Ductwork","connected:d3:10540422:Air Terminals","NWB-ACD-WBH-MH-MOD-0001","IP2.10.C34","Corridor","Inpatient Obstetric 2","","","","Inpatient Obstetric 2","","","","WBH","HO","IP2","SE5","WBH-HO-NS-IP2-ME-SE5"
"20260814_193109","NWB_PARAMETERS AutoFill","Multi-Category Schedule 2","schedule","selection","smart","Both","skip-other-users","13447740","Duct Insulations","Duct Insulation","","","Supply Air","External Insulation","NWB_WBS01","HO","HO","HO","SKIP","already-matches","instance","Shared Parameter","9214798","NWB_WBS01","String","False","1","1","45","MDUC","MDUC-HO-NS-13447740","default","generated from matched Asset Master row with blank NWB_AssetID","Ductwork","Ductwork","connected:d3:10540422:Air Terminals","NWB-ACD-WBH-MH-MOD-0001","IP2.10.C34","Corridor","Inpatient Obstetric 2","","","","Inpatient Obstetric 2","","","","WBH","HO","IP2","SE5","WBH-HO-NS-IP2-ME-SE5"
"20260814_193109","NWB_PARAMETERS AutoFill","Multi-Category Schedule 2","schedule","selection","smart","Both","skip-other-users","13447740","Duct Insulations","Duct Insulation","","","Supply Air","External Insulation","NWB_WBS02","NS","NS","NS","SKIP","already-matches","instance","Shared Parameter","9214786","NWB_WBS02","String","False","1","1","45","MDUC","MDUC-HO-NS-13447740","default","generated from matched Asset Master row with blank NWB_AssetID","Ductwork","Ductwork","connected:d3:10540422:Air Terminals","NWB-ACD-WBH-MH-MOD-0001","IP2.10.C34","Corridor","Inpatient Obstetric 2","","","","Inpatient Obstetric 2","","","","WBH","HO","IP2","SE5","WBH-HO-NS-IP2-ME-SE5"
"20260814_193109","NWB_PARAMETERS AutoFill","Multi-Category Schedule 2","schedule","selection","smart","Both","skip-other-users","13447740","Duct Insulations","Duct Insulation","","","Supply Air","External Insulation","NWB_WBS04","ME","ME","ME","SKIP","already-matches","instance","Shared Parameter","9214762","NWB_WBS04","String","False","1","1","45","MDUC","MDUC-HO-NS-13447740","default","generated from matched Asset Master row with blank NWB_AssetID","Ductwork","Ductwork","connected:d3:10540422:Air Terminals","NWB-ACD-WBH-MH-MOD-0001","IP2.10.C34","Corridor","Inpatient Obstetric 2","","","","Inpatient Obstetric 2","","","","WBH","HO","IP2","SE5","WBH-HO-NS-IP2-ME-SE5"
"20260814_193109","NWB_PARAMETERS AutoFill","Multi-Category Schedule 2","schedule","selection","smart","Both","skip-other-users","13447946","Duct Insulations","Duct Insulation","","","Return Air","External Insulation","NWB_AssetTypeCode","MDUC","MDUC","MDUC","SKIP","already-matches","instance","Shared Parameter","7626182","NWB_AssetTypeCode","String","False","1","1","45","MDUC","MDUC-HO-NS-13447946","default","generated from matched Asset Master row with blank NWB_AssetID","Ductwork","Ductwork","connected-miss:d4:visited11","","","","","","","","","","","","WBH","HO","Z00","SE5","WBH-HO-NS-Z00-ME-SE5"
"20260814_193109","NWB_PARAMETERS AutoFill","Multi-Category Schedule 2","schedule","selection","smart","Both","skip-other-users","13447946","Duct Insulations","Duct Insulation","","","Return Air","External Insulation","NWB_AssetType","Ductwork","Ductwork","Ductwork","SKIP","already-matches","instance","Shared Parameter","7626181","NWB_AssetType","String","False","1","1","45","MDUC","MDUC-HO-NS-13447946","default","generated from matched Asset Master row with blank NWB_AssetID","Ductwork","Ductwork","connected-miss:d4:visited11","","","","","","","","","","","","WBH","HO","Z00","SE5","WBH-HO-NS-Z00-ME-SE5"
"20260814_193109","NWB_PARAMETERS AutoFill","Multi-Category Schedule 2","schedule","selection","smart","Both","skip-other-users","13447946","Duct Insulations","Duct Insulation","","","Return Air","External Insulation","NWB_Discipline","ME","ME","ME","SKIP","already-matches","instance","Shared Parameter","7626159","NWB_Discipline","String","False","1","1","45","MDUC","MDUC-HO-NS-13447946","default","generated from matched Asset Master row with blank NWB_AssetID","Ductwork","Ductwork","connected-miss:d4:visited11","","","","","","","","","","","","WBH","HO","Z00","SE5","WBH-HO-NS-Z00-ME-SE5"
"20260814_193109","NWB_PARAMETERS AutoFill","Multi-Category Schedule 2","schedule","selection","smart","Both","skip-other-users","13447946","Duct Insulations","Duct Insulation","","","Return Air","External Insulation","NWB_Category","Ductwork","Ductwork","Ductwork","SKIP","already-matches","instance","Shared Parameter","7626160","NWB_Category","String","False","1","1","45","MDUC","MDUC-HO-NS-13447946","default","generated from matched Asset Master row with blank NWB_AssetID","Ductwork","Ductwork","connected-miss:d4:visited11","","","","","","","","","","","","WBH","HO","Z00","SE5","WBH-HO-NS-Z00-ME-SE5"
"20260814_193109","NWB_PARAMETERS AutoFill","Multi-Category Schedule 2","schedule","selection","smart","Both","skip-other-users","13447946","Duct Insulations","Duct Insulation","","","Return Air","External Insulation","NWB_Department","","","","SKIP","linked/direct room department unavailable (connected-miss:d4:visited11)","","","","NWB_Department","","","","","45","MDUC","MDUC-HO-NS-13447946","default","generated from matched Asset Master row with blank NWB_AssetID","Ductwork","Ductwork","connected-miss:d4:visited11","","","","","","","","","","","","WBH","HO","Z00","SE5","WBH-HO-NS-Z00-ME-SE5"
"20260814_193109","NWB_PARAMETERS AutoFill","Multi-Category Schedule 2","schedule","selection","smart","Both","skip-other-users","13447946","Duct Insulations","Duct Insulation","","","Return Air","External Insulation","NWB_SubDepartment","","","","SKIP","linked/direct room subdepartment unavailable (connected-miss:d4:visited11)","","","","NWB_SubDepartment","","","","","45","MDUC","MDUC-HO-NS-13447946","default","generated from matched Asset Master row with blank NWB_AssetID","Ductwork","Ductwork","connected-miss:d4:visited11","","","","","","","","","","","","WBH","HO","Z00","SE5","WBH-HO-NS-Z00-ME-SE5"
"20260814_193109","NWB_PARAMETERS AutoFill","Multi-Category Schedule 2","schedule","selection","smart","Both","skip-other-users","13447946","Duct Insulations","Duct Insulation","","","Return Air","External Insulation","NWB_Material","1905465","1905465","1905465","SKIP","already-matches","instance","Shared Parameter","7626176","NWB_Material","String","False","1","1","45","MDUC","MDUC-HO-NS-13447946","default","generated from matched Asset Master row with blank NWB_AssetID","Ductwork","Ductwork","connected-miss:d4:visited11","","","","","","","","","","","","WBH","HO","Z00","SE5","WBH-HO-NS-Z00-ME-SE5"
"20260814_193109","NWB_PARAMETERS AutoFill","Multi-Category Schedule 2","schedule","selection","smart","Both","skip-other-users","13447946","Duct Insulations","Duct Insulation","","","Return Air","External Insulation","NWB_System","Return Air","Return Air","Return Air","SKIP","already-matches","instance","Shared Parameter","7626163","NWB_System","String","False","1","1","45","MDUC","MDUC-HO-NS-13447946","default","generated from matched Asset Master row with blank NWB_AssetID","Ductwork","Ductwork","connected-miss:d4:visited11","","","","","","","","","","","","WBH","HO","Z00","SE5","WBH-HO-NS-Z00-ME-SE5"
"20260814_193109","NWB_PARAMETERS AutoFill","Multi-Category Schedule 2","schedule","selection","smart","Both","skip-other-users","13447946","Duct Insulations","Duct Insulation","","","Return Air","External Insulation","NWB_UniclassCode","Pr_65_65_25","Pr_65_65_25","Pr_65_65_25","SKIP","already-matches","instance","Shared Parameter","7626165","NWB_UniclassCode","String","False","1","1","45","MDUC","MDUC-HO-NS-13447946","default","generated from matched Asset Master row with blank NWB_AssetID","Ductwork","Ductwork","connected-miss:d4:visited11","","","","","","","","","","","","WBH","HO","Z00","SE5","WBH-HO-NS-Z00-ME-SE5"
"20260814_193109","NWB_PARAMETERS AutoFill","Multi-Category Schedule 2","schedule","selection","smart","Both","skip-other-users","13447946","Duct Insulations","Duct Insulation","","","Return Air","External Insulation","NWB_UniclassDescription","Ductwork and fittings","Ductwork and fittings","Ductwork and fittings","SKIP","already-matches","instance","Shared Parameter","7626166","NWB_UniclassDescription","String","False","1","1","45","MDUC","MDUC-HO-NS-13447946","default","generated from matched Asset Master row with blank NWB_AssetID","Ductwork","Ductwork","connected-miss:d4:visited11","","","","","","","","","","","","WBH","HO","Z00","SE5","WBH-HO-NS-Z00-ME-SE5"
"20260814_193109","NWB_PARAMETERS AutoFill","Multi-Category Schedule 2","schedule","selection","smart","Both","skip-other-users","13447946","Duct Insulations","Duct Insulation","","","Return Air","External Insulation","NWB_DesignPkg","NWB-GEN-ME-SCM-1091-A","NWB-GEN-ME-SCM-1091-A","NWB-GEN-ME-SCM-1091-A","SKIP","already-matches","instance","Shared Parameter","7626167","NWB_DesignPkg","String","False","1","1","45","MDUC","MDUC-HO-NS-13447946","default","generated from matched Asset Master row with blank NWB_AssetID","Ductwork","Ductwork","connected-miss:d4:visited11","","","","","","","","","","","","WBH","HO","Z00","SE5","WBH-HO-NS-Z00-ME-SE5"
"20260814_193109","NWB_PARAMETERS AutoFill","Multi-Category Schedule 2","schedule","selection","smart","Both","skip-other-users","13447946","Duct Insulations","Duct Insulation","","","Return Air","External Insulation","NWB_BuildingPermitPkg","WBH - BP09","","","SKIP","missing","","","","NWB_BuildingPermitPkg","","","0","0","45","MDUC","MDUC-HO-NS-13447946","default","generated from matched Asset Master row with blank NWB_AssetID","Ductwork","Ductwork","connected-miss:d4:visited11","","","","","","","","","","","","WBH","HO","Z00","SE5","WBH-HO-NS-Z00-ME-SE5"
"20260814_193109","NWB_PARAMETERS AutoFill","Multi-Category Schedule 2","schedule","selection","smart","Both","skip-other-users","13447946","Duct Insulations","Duct Insulation","","","Return Air","External Insulation","NWB_WBS00","WBH","WBH","WBH","SKIP","already-matches","instance","Shared Parameter","9214738","NWB_WBS00","String","False","1","1","45","MDUC","MDUC-HO-NS-13447946","default","generated from matched Asset Master row with blank NWB_AssetID","Ductwork","Ductwork","connected-miss:d4:visited11","","","","","","","","","","","","WBH","HO","Z00","SE5","WBH-HO-NS-Z00-ME-SE5"
"20260814_193109","NWB_PARAMETERS AutoFill","Multi-Category Schedule 2","schedule","selection","smart","Both","skip-other-users","13447946","Duct Insulations","Duct Insulation","","","Return Air","External Insulation","NWB_WBS01","HO","HO","HO","SKIP","already-matches","instance","Shared Parameter","9214798","NWB_WBS01","String","False","1","1","45","MDUC","MDUC-HO-NS-13447946","default","generated from matched Asset Master row with blank NWB_AssetID","Ductwork","Ductwork","connected-miss:d4:visited11","","","","","","","","","","","","WBH","HO","Z00","SE5","WBH-HO-NS-Z00-ME-SE5"
"20260814_193109","NWB_PARAMETERS AutoFill","Multi-Category Schedule 2","schedule","selection","smart","Both","skip-other-users","13447946","Duct Insulations","Duct Insulation","","","Return Air","External Insulation","NWB_WBS02","NS","NS","NS","SKIP","already-matches","instance","Shared Parameter","9214786","NWB_WBS02","String","False","1","1","45","MDUC","MDUC-HO-NS-13447946","default","generated from matched Asset Master row with blank NWB_AssetID","Ductwork","Ductwork","connected-miss:d4:visited11","","","","","","","","","","","","WBH","HO","Z00","SE5","WBH-HO-NS-Z00-ME-SE5"
"20260814_193109","NWB_PARAMETERS AutoFill","Multi-Category Schedule 2","schedule","selection","smart","Both","skip-other-users","13447946","Duct Insulations","Duct Insulation","","","Return Air","External Insulation","NWB_WBS03","Z00","Z00","Z00","SKIP","already-matches","instance","Shared Parameter","9214750","NWB_WBS03","String","False","1","1","45","MDUC","MDUC-HO-NS-13447946","default","generated from matched Asset Master row with blank NWB_AssetID","Ductwork","Ductwork","connected-miss:d4:visited11","","","","","","","","","","","","WBH","HO","Z00","SE5","WBH-HO-NS-Z00-ME-SE5"
"20260814_193109","NWB_PARAMETERS AutoFill","Multi-Category Schedule 2","schedule","selection","smart","Both","skip-other-users","13447946","Duct Insulations","Duct Insulation","","","Return Air","External Insulation","NWB_WBS04","ME","ME","ME","SKIP","already-matches","instance","Shared Parameter","9214762","NWB_WBS04","String","False","1","1","45","MDUC","MDUC-HO-NS-13447946","default","generated from matched Asset Master row with blank NWB_AssetID","Ductwork","Ductwork","connected-miss:d4:visited11","","","","","","","","","","","","WBH","HO","Z00","SE5","WBH-HO-NS-Z00-ME-SE5"
"20260814_193109","NWB_PARAMETERS AutoFill","Multi-Category Schedule 2","schedule","selection","smart","Both","skip-other-users","13446591","Duct Insulations","Duct Insulation","","","Return Air","External Insulation","NWB_AssetID","MDUC-HO-NS-13446591","MDUC-HO-NS-13446591","MDUC-HO-NS-13446591","OK","verified","instance","Shared Parameter","7626164","NWB_AssetID","String","False","1","1","45","MDUC","MDUC-HO-NS-13446591","default","generated from matched Asset Master row with blank NWB_AssetID","Ductwork","Ductwork","connected-miss:d4:visited10","","","","","","","","","","","","WBH","HO","Z00","SE5","WBH-HO-NS-Z00-ME-SE5"
"20260814_193109","NWB_PARAMETERS AutoFill","Multi-Category Schedule 2","schedule","selection","smart","Both","skip-other-users","13446591","Duct Insulations","Duct Insulation","","","Return Air","External Insulation","NWB_WBS05","SE5","SE5","SE5","OK","verified","instance","Shared Parameter","9214810","NWB_WBS05","String","False","1","1","45","MDUC","MDUC-HO-NS-13446591","default","generated from matched Asset Master row with blank NWB_AssetID","Ductwork","Ductwork","connected-miss:d4:visited10","","","","","","","","","","","","WBH","HO","Z00","SE5","WBH-HO-NS-Z00-ME-SE5"
"20260814_193109","NWB_PARAMETERS AutoFill","Multi-Category Schedule 2","schedule","selection","smart","Both","skip-other-users","13446591","Duct Insulations","Duct Insulation","","","Return Air","External Insulation","NWB_WBSCode","WBH-HO-NS-Z00-ME-SE5","WBH-HO-NS-Z00-ME-SE5","WBH-HO-NS-Z00-ME-SE5","OK","verified","instance","Shared Parameter","9214774","NWB_WBSCode","String","False","1","1","45","MDUC","MDUC-HO-NS-13446591","default","generated from matched Asset Master row with blank NWB_AssetID","Ductwork","Ductwork","connected-miss:d4:visited10","","","","","","","","","","","","WBH","HO","Z00","SE5","WBH-HO-NS-Z00-ME-SE5"
"20260814_193109","NWB_PARAMETERS AutoFill","Multi-Category Schedule 2","schedule","selection","smart","Both","skip-other-users","13446816","Duct Insulations","Duct Insulation","","","Return Air","External Insulation","NWB_AssetID","MDUC-HO-NS-13446816","MDUC-HO-NS-13446816","MDUC-HO-NS-13446816","OK","verified","instance","Shared Parameter","7626164","NWB_AssetID","String","False","1","1","45","MDUC","MDUC-HO-NS-13446816","default","generated from matched Asset Master row with blank NWB_AssetID","Ductwork","Ductwork","connected-miss:d4:visited11","","","","","","","","","","","","WBH","HO","Z00","SE5","WBH-HO-NS-Z00-ME-SE5"
"20260814_193109","NWB_PARAMETERS AutoFill","Multi-Category Schedule 2","schedule","selection","smart","Both","skip-other-users","13446816","Duct Insulations","Duct Insulation","","","Return Air","External Insulation","NWB_WBS05","SE5","SE5","SE5","OK","verified","instance","Shared Parameter","9214810","NWB_WBS05","String","False","1","1","45","MDUC","MDUC-HO-NS-13446816","default","generated from matched Asset Master row with blank NWB_AssetID","Ductwork","Ductwork","connected-miss:d4:visited11","","","","","","","","","","","","WBH","HO","Z00","SE5","WBH-HO-NS-Z00-ME-SE5"
"20260814_193109","NWB_PARAMETERS AutoFill","Multi-Category Schedule 2","schedule","selection","smart","Both","skip-other-users","13446816","Duct Insulations","Duct Insulation","","","Return Air","External Insulation","NWB_WBSCode","WBH-HO-NS-Z00-ME-SE5","WBH-HO-NS-Z00-ME-SE5","WBH-HO-NS-Z00-ME-SE5","OK","verified","instance","Shared Parameter","9214774","NWB_WBSCode","String","False","1","1","45","MDUC","MDUC-HO-NS-13446816","default","generated from matched Asset Master row with blank NWB_AssetID","Ductwork","Ductwork","connected-miss:d4:visited11","","","","","","","","","","","","WBH","HO","Z00","SE5","WBH-HO-NS-Z00-ME-SE5"
"20260814_193109","NWB_PARAMETERS AutoFill","Multi-Category Schedule 2","schedule","selection","smart","Both","skip-other-users","13446820","Duct Insulations","Duct Insulation","","","Return Air","External Insulation","NWB_AssetID","MDUC-HO-NS-13446820","MDUC-HO-NS-13446820","MDUC-HO-NS-13446820","OK","verified","instance","Shared Parameter","7626164","NWB_AssetID","String","False","1","1","45","MDUC","MDUC-HO-NS-13446820","default","generated from matched Asset Master row with blank NWB_AssetID","Ductwork","Ductwork","connected-miss:d4:visited11","","","","","","","","","","","","WBH","HO","Z00","SE5","WBH-HO-NS-Z00-ME-SE5"
"20260814_193109","NWB_PARAMETERS AutoFill","Multi-Category Schedule 2","schedule","selection","smart","Both","skip-other-users","13446820","Duct Insulations","Duct Insulation","","","Return Air","External Insulation","NWB_WBS05","SE5","SE5","SE5","OK","verified","instance","Shared Parameter","9214810","NWB_WBS05","String","False","1","1","45","MDUC","MDUC-HO-NS-13446820","default","generated from matched Asset Master row with blank NWB_AssetID","Ductwork","Ductwork","connected-miss:d4:visited11","","","","","","","","","","","","WBH","HO","Z00","SE5","WBH-HO-NS-Z00-ME-SE5"
"20260814_193109","NWB_PARAMETERS AutoFill","Multi-Category Schedule 2","schedule","selection","smart","Both","skip-other-users","13446820","Duct Insulations","Duct Insulation","","","Return Air","External Insulation","NWB_WBSCode","WBH-HO-NS-Z00-ME-SE5","WBH-HO-NS-Z00-ME-SE5","WBH-HO-NS-Z00-ME-SE5","OK","verified","instance","Shared Parameter","9214774","NWB_WBSCode","String","False","1","1","45","MDUC","MDUC-HO-NS-13446820","default","generated from matched Asset Master row with blank NWB_AssetID","Ductwork","Ductwork","connected-miss:d4:visited11","","","","","","","","","","","","WBH","HO","Z00","SE5","WBH-HO-NS-Z00-ME-SE5"
"20260814_193109","NWB_PARAMETERS AutoFill","Multi-Category Schedule 2","schedule","selection","smart","Both","skip-other-users","13446821","Duct Insulations","Duct Insulation","","","Return Air","External Insulation","NWB_AssetID","MDUC-HO-NS-13446821","MDUC-HO-NS-13446821","MDUC-HO-NS-13446821","OK","verified","instance","Shared Parameter","7626164","NWB_AssetID","String","False","1","1","45","MDUC","MDUC-HO-NS-13446821","default","generated from matched Asset Master row with blank NWB_AssetID","Ductwork","Ductwork","connected-miss:d4:visited11","","","","","","","","","","","","WBH","HO","Z00","SE5","WBH-HO-NS-Z00-ME-SE5"
"20260814_193109","NWB_PARAMETERS AutoFill","Multi-Category Schedule 2","schedule","selection","smart","Both","skip-other-users","13446821","Duct Insulations","Duct Insulation","","","Return Air","External Insulation","NWB_WBS05","SE5","SE5","SE5","OK","verified","instance","Shared Parameter","9214810","NWB_WBS05","String","False","1","1","45","MDUC","MDUC-HO-NS-13446821","default","generated from matched Asset Master row with blank NWB_AssetID","Ductwork","Ductwork","connected-miss:d4:visited11","","","","","","","","","","","","WBH","HO","Z00","SE5","WBH-HO-NS-Z00-ME-SE5"
"20260814_193109","NWB_PARAMETERS AutoFill","Multi-Category Schedule 2","schedule","selection","smart","Both","skip-other-users","13446821","Duct Insulations","Duct Insulation","","","Return Air","External Insulation","NWB_WBSCode","WBH-HO-NS-Z00-ME-SE5","WBH-HO-NS-Z00-ME-SE5","WBH-HO-NS-Z00-ME-SE5","OK","verified","instance","Shared Parameter","9214774","NWB_WBSCode","String","False","1","1","45","MDUC","MDUC-HO-NS-13446821","default","generated from matched Asset Master row with blank NWB_AssetID","Ductwork","Ductwork","connected-miss:d4:visited11","","","","","","","","","","","","WBH","HO","Z00","SE5","WBH-HO-NS-Z00-ME-SE5"
"20260814_193109","NWB_PARAMETERS AutoFill","Multi-Category Schedule 2","schedule","selection","smart","Both","skip-other-users","13446822","Duct Insulations","Duct Insulation","","","Return Air","External Insulation","NWB_AssetID","MDUC-HO-NS-13446822","MDUC-HO-NS-13446822","MDUC-HO-NS-13446822","OK","verified","instance","Shared Parameter","7626164","NWB_AssetID","String","False","1","1","45","MDUC","MDUC-HO-NS-13446822","default","generated from matched Asset Master row with blank NWB_AssetID","Ductwork","Ductwork","connected-miss:d4:visited11","","","","","","","","","","","","WBH","HO","Z00","SE5","WBH-HO-NS-Z00-ME-SE5"
"20260814_193109","NWB_PARAMETERS AutoFill","Multi-Category Schedule 2","schedule","selection","smart","Both","skip-other-users","13446822","Duct Insulations","Duct Insulation","","","Return Air","External Insulation","NWB_WBS05","SE5","SE5","SE5","OK","verified","instance","Shared Parameter","9214810","NWB_WBS05","String","False","1","1","45","MDUC","MDUC-HO-NS-13446822","default","generated from matched Asset Master row with blank NWB_AssetID","Ductwork","Ductwork","connected-miss:d4:visited11","","","","","","","","","","","","WBH","HO","Z00","SE5","WBH-HO-NS-Z00-ME-SE5"
"20260814_193109","NWB_PARAMETERS AutoFill","Multi-Category Schedule 2","schedule","selection","smart","Both","skip-other-users","13446822","Duct Insulations","Duct Insulation","","","Return Air","External Insulation","NWB_WBSCode","WBH-HO-NS-Z00-ME-SE5","WBH-HO-NS-Z00-ME-SE5","WBH-HO-NS-Z00-ME-SE5","OK","verified","instance","Shared Parameter","9214774","NWB_WBSCode","String","False","1","1","45","MDUC","MDUC-HO-NS-13446822","default","generated from matched Asset Master row with blank NWB_AssetID","Ductwork","Ductwork","connected-miss:d4:visited11","","","","","","","","","","","","WBH","HO","Z00","SE5","WBH-HO-NS-Z00-ME-SE5"
"20260814_193109","NWB_PARAMETERS AutoFill","Multi-Category Schedule 2","schedule","selection","smart","Both","skip-other-users","13447654","Duct Insulations","Duct Insulation","","","Supply Air","External Insulation","NWB_AssetID","MDUC-HO-NS-13447654","MDUC-HO-NS-13447654","MDUC-HO-NS-13447654","OK","verified","instance","Shared Parameter","7626164","NWB_AssetID","String","False","1","1","45","MDUC","MDUC-HO-NS-13447654","default","generated from matched Asset Master row with blank NWB_AssetID","Ductwork","Ductwork","connected-miss:d4:visited16","","","","","","","","","","","","WBH","HO","Z00","SE5","WBH-HO-NS-Z00-ME-SE5"
"20260814_193109","NWB_PARAMETERS AutoFill","Multi-Category Schedule 2","schedule","selection","smart","Both","skip-other-users","13447654","Duct Insulations","Duct Insulation","","","Supply Air","External Insulation","NWB_WBS05","SE5","SE5","SE5","OK","verified","instance","Shared Parameter","9214810","NWB_WBS05","String","False","1","1","45","MDUC","MDUC-HO-NS-13447654","default","generated from matched Asset Master row with blank NWB_AssetID","Ductwork","Ductwork","connected-miss:d4:visited16","","","","","","","","","","","","WBH","HO","Z00","SE5","WBH-HO-NS-Z00-ME-SE5"
"20260814_193109","NWB_PARAMETERS AutoFill","Multi-Category Schedule 2","schedule","selection","smart","Both","skip-other-users","13447654","Duct Insulations","Duct Insulation","","","Supply Air","External Insulation","NWB_WBSCode","WBH-HO-NS-Z00-ME-SE5","WBH-HO-NS-Z00-ME-SE5","WBH-HO-NS-Z00-ME-SE5","OK","verified","instance","Shared Parameter","9214774","NWB_WBSCode","String","False","1","1","45","MDUC","MDUC-HO-NS-13447654","default","generated from matched Asset Master row with blank NWB_AssetID","Ductwork","Ductwork","connected-miss:d4:visited16","","","","","","","","","","","","WBH","HO","Z00","SE5","WBH-HO-NS-Z00-ME-SE5"
"20260814_193109","NWB_PARAMETERS AutoFill","Multi-Category Schedule 2","schedule","selection","smart","Both","skip-other-users","13447655","Duct Insulations","Duct Insulation","","","Supply Air","External Insulation","NWB_AssetID","MDUC-HO-NS-13447655","MDUC-HO-NS-13447655","MDUC-HO-NS-13447655","OK","verified","instance","Shared Parameter","7626164","NWB_AssetID","String","False","1","1","45","MDUC","MDUC-HO-NS-13447655","default","generated from matched Asset Master row with blank NWB_AssetID","Ductwork","Ductwork","connected:d4:15038260:Air Terminals","NWB-ACD-WBH-MH-MOD-0001","IP2.10.C32","Corridor","Inpatient Obstetric 2","","","","Inpatient Obstetric 2","","","","WBH","HO","IP2","SE5","WBH-HO-NS-IP2-ME-SE5"
"20260814_193109","NWB_PARAMETERS AutoFill","Multi-Category Schedule 2","schedule","selection","smart","Both","skip-other-users","13447655","Duct Insulations","Duct Insulation","","","Supply Air","External Insulation","NWB_Department","Inpatient Obstetric 2","Inpatient Obstetric 2","Inpatient Obstetric 2","OK","verified","instance","Shared Parameter","7626168","NWB_Department","String","False","1","1","45","MDUC","MDUC-HO-NS-13447655","default","generated from matched Asset Master row with blank NWB_AssetID","Ductwork","Ductwork","connected:d4:15038260:Air Terminals","NWB-ACD-WBH-MH-MOD-0001","IP2.10.C32","Corridor","Inpatient Obstetric 2","","","","Inpatient Obstetric 2","","","","WBH","HO","IP2","SE5","WBH-HO-NS-IP2-ME-SE5"
"20260814_193109","NWB_PARAMETERS AutoFill","Multi-Category Schedule 2","schedule","selection","smart","Both","skip-other-users","13447655","Duct Insulations","Duct Insulation","","","Supply Air","External Insulation","NWB_WBS03","IP2","IP2","IP2","OK","verified","instance","Shared Parameter","9214750","NWB_WBS03","String","False","1","1","45","MDUC","MDUC-HO-NS-13447655","default","generated from matched Asset Master row with blank NWB_AssetID","Ductwork","Ductwork","connected:d4:15038260:Air Terminals","NWB-ACD-WBH-MH-MOD-0001","IP2.10.C32","Corridor","Inpatient Obstetric 2","","","","Inpatient Obstetric 2","","","","WBH","HO","IP2","SE5","WBH-HO-NS-IP2-ME-SE5"
"20260814_193109","NWB_PARAMETERS AutoFill","Multi-Category Schedule 2","schedule","selection","smart","Both","skip-other-users","13447655","Duct Insulations","Duct Insulation","","","Supply Air","External Insulation","NWB_WBS05","SE5","SE5","SE5","OK","verified","instance","Shared Parameter","9214810","NWB_WBS05","String","False","1","1","45","MDUC","MDUC-HO-NS-13447655","default","generated from matched Asset Master row with blank NWB_AssetID","Ductwork","Ductwork","connected:d4:15038260:Air Terminals","NWB-ACD-WBH-MH-MOD-0001","IP2.10.C32","Corridor","Inpatient Obstetric 2","","","","Inpatient Obstetric 2","","","","WBH","HO","IP2","SE5","WBH-HO-NS-IP2-ME-SE5"
"20260814_193109","NWB_PARAMETERS AutoFill","Multi-Category Schedule 2","schedule","selection","smart","Both","skip-other-users","13447655","Duct Insulations","Duct Insulation","","","Supply Air","External Insulation","NWB_WBSCode","WBH-HO-NS-IP2-ME-SE5","WBH-HO-NS-IP2-ME-SE5","WBH-HO-NS-IP2-ME-SE5","OK","verified","instance","Shared Parameter","9214774","NWB_WBSCode","String","False","1","1","45","MDUC","MDUC-HO-NS-13447655","default","generated from matched Asset Master row with blank NWB_AssetID","Ductwork","Ductwork","connected:d4:15038260:Air Terminals","NWB-ACD-WBH-MH-MOD-0001","IP2.10.C32","Corridor","Inpatient Obstetric 2","","","","Inpatient Obstetric 2","","","","WBH","HO","IP2","SE5","WBH-HO-NS-IP2-ME-SE5"
"20260814_193109","NWB_PARAMETERS AutoFill","Multi-Category Schedule 2","schedule","selection","smart","Both","skip-other-users","13447656","Duct Insulations","Duct Insulation","","","Supply Air","External Insulation","NWB_AssetID","MDUC-HO-NS-13447656","MDUC-HO-NS-13447656","MDUC-HO-NS-13447656","OK","verified","instance","Shared Parameter","7626164","NWB_AssetID","String","False","1","1","45","MDUC","MDUC-HO-NS-13447656","default","generated from matched Asset Master row with blank NWB_AssetID","Ductwork","Ductwork","connected:d4:10540422:Air Terminals","NWB-ACD-WBH-MH-MOD-0001","IP2.10.C34","Corridor","Inpatient Obstetric 2","","","","Inpatient Obstetric 2","","","","WBH","HO","IP2","SE5","WBH-HO-NS-IP2-ME-SE5"
"20260814_193109","NWB_PARAMETERS AutoFill","Multi-Category Schedule 2","schedule","selection","smart","Both","skip-other-users","13447656","Duct Insulations","Duct Insulation","","","Supply Air","External Insulation","NWB_Department","Inpatient Obstetric 2","Inpatient Obstetric 2","Inpatient Obstetric 2","OK","verified","instance","Shared Parameter","7626168","NWB_Department","String","False","1","1","45","MDUC","MDUC-HO-NS-13447656","default","generated from matched Asset Master row with blank NWB_AssetID","Ductwork","Ductwork","connected:d4:10540422:Air Terminals","NWB-ACD-WBH-MH-MOD-0001","IP2.10.C34","Corridor","Inpatient Obstetric 2","","","","Inpatient Obstetric 2","","","","WBH","HO","IP2","SE5","WBH-HO-NS-IP2-ME-SE5"
"20260814_193109","NWB_PARAMETERS AutoFill","Multi-Category Schedule 2","schedule","selection","smart","Both","skip-other-users","13447656","Duct Insulations","Duct Insulation","","","Supply Air","External Insulation","NWB_WBS03","IP2","IP2","IP2","OK","verified","instance","Shared Parameter","9214750","NWB_WBS03","String","False","1","1","45","MDUC","MDUC-HO-NS-13447656","default","generated from matched Asset Master row with blank NWB_AssetID","Ductwork","Ductwork","connected:d4:10540422:Air Terminals","NWB-ACD-WBH-MH-MOD-0001","IP2.10.C34","Corridor","Inpatient Obstetric 2","","","","Inpatient Obstetric 2","","","","WBH","HO","IP2","SE5","WBH-HO-NS-IP2-ME-SE5"
"20260814_193109","NWB_PARAMETERS AutoFill","Multi-Category Schedule 2","schedule","selection","smart","Both","skip-other-users","13447656","Duct Insulations","Duct Insulation","","","Supply Air","External Insulation","NWB_WBS05","SE5","SE5","SE5","OK","verified","instance","Shared Parameter","9214810","NWB_WBS05","String","False","1","1","45","MDUC","MDUC-HO-NS-13447656","default","generated from matched Asset Master row with blank NWB_AssetID","Ductwork","Ductwork","connected:d4:10540422:Air Terminals","NWB-ACD-WBH-MH-MOD-0001","IP2.10.C34","Corridor","Inpatient Obstetric 2","","","","Inpatient Obstetric 2","","","","WBH","HO","IP2","SE5","WBH-HO-NS-IP2-ME-SE5"
"20260814_193109","NWB_PARAMETERS AutoFill","Multi-Category Schedule 2","schedule","selection","smart","Both","skip-other-users","13447656","Duct Insulations","Duct Insulation","","","Supply Air","External Insulation","NWB_WBSCode","WBH-HO-NS-IP2-ME-SE5","WBH-HO-NS-IP2-ME-SE5","WBH-HO-NS-IP2-ME-SE5","OK","verified","instance","Shared Parameter","9214774","NWB_WBSCode","String","False","1","1","45","MDUC","MDUC-HO-NS-13447656","default","generated from matched Asset Master row with blank NWB_AssetID","Ductwork","Ductwork","connected:d4:10540422:Air Terminals","NWB-ACD-WBH-MH-MOD-0001","IP2.10.C34","Corridor","Inpatient Obstetric 2","","","","Inpatient Obstetric 2","","","","WBH","HO","IP2","SE5","WBH-HO-NS-IP2-ME-SE5"
"20260814_193109","NWB_PARAMETERS AutoFill","Multi-Category Schedule 2","schedule","selection","smart","Both","skip-other-users","13447657","Duct Insulations","Duct Insulation","","","Supply Air","External Insulation","NWB_AssetID","MDUC-HO-NS-13447657","MDUC-HO-NS-13447657","MDUC-HO-NS-13447657","OK","verified","instance","Shared Parameter","7626164","NWB_AssetID","String","False","1","1","45","MDUC","MDUC-HO-NS-13447657","default","generated from matched Asset Master row with blank NWB_AssetID","Ductwork","Ductwork","connected-miss:d4:visited13","","","","","","","","","","","","WBH","HO","Z00","SE5","WBH-HO-NS-Z00-ME-SE5"
"20260814_193109","NWB_PARAMETERS AutoFill","Multi-Category Schedule 2","schedule","selection","smart","Both","skip-other-users","13447657","Duct Insulations","Duct Insulation","","","Supply Air","External Insulation","NWB_WBS05","SE5","SE5","SE5","OK","verified","instance","Shared Parameter","9214810","NWB_WBS05","String","False","1","1","45","MDUC","MDUC-HO-NS-13447657","default","generated from matched Asset Master row with blank NWB_AssetID","Ductwork","Ductwork","connected-miss:d4:visited13","","","","","","","","","","","","WBH","HO","Z00","SE5","WBH-HO-NS-Z00-ME-SE5"
"20260814_193109","NWB_PARAMETERS AutoFill","Multi-Category Schedule 2","schedule","selection","smart","Both","skip-other-users","13447657","Duct Insulations","Duct Insulation","","","Supply Air","External Insulation","NWB_WBSCode","WBH-HO-NS-Z00-ME-SE5","WBH-HO-NS-Z00-ME-SE5","WBH-HO-NS-Z00-ME-SE5","OK","verified","instance","Shared Parameter","9214774","NWB_WBSCode","String","False","1","1","45","MDUC","MDUC-HO-NS-13447657","default","generated from matched Asset Master row with blank NWB_AssetID","Ductwork","Ductwork","connected-miss:d4:visited13","","","","","","","","","","","","WBH","HO","Z00","SE5","WBH-HO-NS-Z00-ME-SE5"
"20260814_193109","NWB_PARAMETERS AutoFill","Multi-Category Schedule 2","schedule","selection","smart","Both","skip-other-users","13447740","Duct Insulations","Duct Insulation","","","Supply Air","External Insulation","NWB_AssetID","MDUC-HO-NS-13447740","MDUC-HO-NS-13447740","MDUC-HO-NS-13447740","OK","verified","instance","Shared Parameter","7626164","NWB_AssetID","String","False","1","1","45","MDUC","MDUC-HO-NS-13447740","default","generated from matched Asset Master row with blank NWB_AssetID","Ductwork","Ductwork","connected:d3:10540422:Air Terminals","NWB-ACD-WBH-MH-MOD-0001","IP2.10.C34","Corridor","Inpatient Obstetric 2","","","","Inpatient Obstetric 2","","","","WBH","HO","IP2","SE5","WBH-HO-NS-IP2-ME-SE5"
"20260814_193109","NWB_PARAMETERS AutoFill","Multi-Category Schedule 2","schedule","selection","smart","Both","skip-other-users","13447740","Duct Insulations","Duct Insulation","","","Supply Air","External Insulation","NWB_Department","Inpatient Obstetric 2","Inpatient Obstetric 2","Inpatient Obstetric 2","OK","verified","instance","Shared Parameter","7626168","NWB_Department","String","False","1","1","45","MDUC","MDUC-HO-NS-13447740","default","generated from matched Asset Master row with blank NWB_AssetID","Ductwork","Ductwork","connected:d3:10540422:Air Terminals","NWB-ACD-WBH-MH-MOD-0001","IP2.10.C34","Corridor","Inpatient Obstetric 2","","","","Inpatient Obstetric 2","","","","WBH","HO","IP2","SE5","WBH-HO-NS-IP2-ME-SE5"
"20260814_193109","NWB_PARAMETERS AutoFill","Multi-Category Schedule 2","schedule","selection","smart","Both","skip-other-users","13447740","Duct Insulations","Duct Insulation","","","Supply Air","External Insulation","NWB_WBS03","IP2","IP2","IP2","OK","verified","instance","Shared Parameter","9214750","NWB_WBS03","String","False","1","1","45","MDUC","MDUC-HO-NS-13447740","default","generated from matched Asset Master row with blank NWB_AssetID","Ductwork","Ductwork","connected:d3:10540422:Air Terminals","NWB-ACD-WBH-MH-MOD-0001","IP2.10.C34","Corridor","Inpatient Obstetric 2","","","","Inpatient Obstetric 2","","","","WBH","HO","IP2","SE5","WBH-HO-NS-IP2-ME-SE5"
"20260814_193109","NWB_PARAMETERS AutoFill","Multi-Category Schedule 2","schedule","selection","smart","Both","skip-other-users","13447740","Duct Insulations","Duct Insulation","","","Supply Air","External Insulation","NWB_WBS05","SE5","SE5","SE5","OK","verified","instance","Shared Parameter","9214810","NWB_WBS05","String","False","1","1","45","MDUC","MDUC-HO-NS-13447740","default","generated from matched Asset Master row with blank NWB_AssetID","Ductwork","Ductwork","connected:d3:10540422:Air Terminals","NWB-ACD-WBH-MH-MOD-0001","IP2.10.C34","Corridor","Inpatient Obstetric 2","","","","Inpatient Obstetric 2","","","","WBH","HO","IP2","SE5","WBH-HO-NS-IP2-ME-SE5"
"20260814_193109","NWB_PARAMETERS AutoFill","Multi-Category Schedule 2","schedule","selection","smart","Both","skip-other-users","13447740","Duct Insulations","Duct Insulation","","","Supply Air","External Insulation","NWB_WBSCode","WBH-HO-NS-IP2-ME-SE5","WBH-HO-NS-IP2-ME-SE5","WBH-HO-NS-IP2-ME-SE5","OK","verified","instance","Shared Parameter","9214774","NWB_WBSCode","String","False","1","1","45","MDUC","MDUC-HO-NS-13447740","default","generated from matched Asset Master row with blank NWB_AssetID","Ductwork","Ductwork","connected:d3:10540422:Air Terminals","NWB-ACD-WBH-MH-MOD-0001","IP2.10.C34","Corridor","Inpatient Obstetric 2","","","","Inpatient Obstetric 2","","","","WBH","HO","IP2","SE5","WBH-HO-NS-IP2-ME-SE5"
"20260814_193109","NWB_PARAMETERS AutoFill","Multi-Category Schedule 2","schedule","selection","smart","Both","skip-other-users","13447946","Duct Insulations","Duct Insulation","","","Return Air","External Insulation","NWB_AssetID","MDUC-HO-NS-13447946","MDUC-HO-NS-13447946","MDUC-HO-NS-13447946","OK","verified","instance","Shared Parameter","7626164","NWB_AssetID","String","False","1","1","45","MDUC","MDUC-HO-NS-13447946","default","generated from matched Asset Master row with blank NWB_AssetID","Ductwork","Ductwork","connected-miss:d4:visited11","","","","","","","","","","","","WBH","HO","Z00","SE5","WBH-HO-NS-Z00-ME-SE5"
"20260814_193109","NWB_PARAMETERS AutoFill","Multi-Category Schedule 2","schedule","selection","smart","Both","skip-other-users","13447946","Duct Insulations","Duct Insulation","","","Return Air","External Insulation","NWB_WBS05","SE5","SE5","SE5","OK","verified","instance","Shared Parameter","9214810","NWB_WBS05","String","False","1","1","45","MDUC","MDUC-HO-NS-13447946","default","generated from matched Asset Master row with blank NWB_AssetID","Ductwork","Ductwork","connected-miss:d4:visited11","","","","","","","","","","","","WBH","HO","Z00","SE5","WBH-HO-NS-Z00-ME-SE5"
"20260814_193109","NWB_PARAMETERS AutoFill","Multi-Category Schedule 2","schedule","selection","smart","Both","skip-other-users","13447946","Duct Insulations","Duct Insulation","","","Return Air","External Insulation","NWB_WBSCode","WBH-HO-NS-Z00-ME-SE5","WBH-HO-NS-Z00-ME-SE5","WBH-HO-NS-Z00-ME-SE5","OK","verified","instance","Shared Parameter","9214774","NWB_WBSCode","String","False","1","1","45","MDUC","MDUC-HO-NS-13447946","default","generated from matched Asset Master row with blank NWB_AssetID","Ductwork","Ductwork","connected-miss:d4:visited11","","","","","","","","","","","","WBH","HO","Z00","SE5","WBH-HO-NS-Z00-ME-SE5"
