START | Tool=NWB_PARAMETERS AutoFill
START | View=MECHANICAL DUCTWORK LAYOUT - LEVEL 07 - ZONE 153
START | ViewId=9423218
START | ViewMode=model
START | WriteMode=smart
START | ParameterTargetMode=Both
START | WorksharingMode=skip-other-users
START | ProcessingScope=selection
START | SelectedInputCount=44
START | ArchRoomLink=NWB-ARC-WBH-AR-MOD-0035.rvt : 23 : location Internal
START | SiteOverride=WBH
START | BuildingOverride=WBH
START | DesignPkgOverride=
START | BuildingPermitOverride=
START | ExportAudit=True
START | AuditFile=C:\Users\Gino Moreno\AppData\Roaming\pyRevit\Extensions\MHTTools.extension\MEINHARDT.tab\MEP Data.panel\Data Manage.pulldown\NWB_PARAMETERS AutoFill.pushbutton\logs\NWB_PARAMETERS_AutoFill_20260802_005303_audit.csv
WORKBOOK | C:\Users\Gino Moreno\AppData\Roaming\pyRevit\Extensions\MHTTools.extension\MEINHARDT.tab\MEP Data.panel\Data Manage.pulldown\NWB Dim AutoFill.pushbutton\NWB-WAL-GEN-DE-REG-0003.xlsx
READY | Elements=44 | AssetRows=1299 | Log=C:\Users\Gino Moreno\AppData\Roaming\pyRevit\Extensions\MHTTools.extension\MEINHARDT.tab\MEP Data.panel\Data Manage.pulldown\NWB_PARAMETERS AutoFill.pushbutton\logs\NWB_PARAMETERS_AutoFill_20260802_005303.log
READY | CategoryBreakdown=Air Terminals=2; Duct Accessories=12; Duct Fittings=13; Ducts=17
READY | EligibleElementIds=13968630, 13968642, 13970312, 13970325, 13970388, 13970401, 13970802, 13971477, 13996885, 13996888, 13996903, 13996911, 13996926, 13996949, 13997007, 13997156, 14892679, 14892700, 15473068, 15473082, 15473114, 15473124, 15473132, 15473133, 15534725, 15534727, 15667752, 15667753, 15667763, 15667764, 15669817, 15669825, 15669826, 15669848, 15669850, 15669852, 15671266, 15671269, 15671517, 15671591, 15673154, 15673192, 15673195, 15679937
INFO | Candidate: NWB_AssetTypeCode | Scope=instance | Storage=String | ReadOnly=False | Shared=True | Id=7626182
INFO | Candidate: NWB_AssetType | Scope=instance | Storage=String | ReadOnly=False | Shared=True | Id=7626181
INFO | Candidate: NWB_Discipline | Scope=instance | Storage=String | ReadOnly=False | Shared=True | Id=7626159
INFO | Candidate: NWB_Category | Scope=instance | Storage=String | ReadOnly=False | Shared=True | Id=7626160
INFO | Candidate: NWB_Department | Scope=instance | Storage=String | ReadOnly=False | Shared=True | Id=7626168
INFO | Candidate: NWB_System | Scope=instance | Storage=String | ReadOnly=False | Shared=True | Id=7626163
INFO | Candidate: NWB_UniclassCode | Scope=instance | Storage=String | ReadOnly=False | Shared=True | Id=7626165
INFO | Candidate: NWB_UniclassDescription | Scope=instance | Storage=String | ReadOnly=False | Shared=True | Id=7626166
INFO | Candidate: NWB_DesignPkg | Scope=instance | Storage=String | ReadOnly=False | Shared=True | Id=7626167
ERROR | Element 13968630 | Category=Ducts | Family= | Parameter=NWB_BuildingPermitPkg | Reason=missing | Writable sample: AHU, AHU_AreaServed, AHU_Serves, AHU_Type, AHU_ZoneNumber, Additional Flow, Building_No, COMPLETE Y/N, Classification.OmniClass.21.Description_INSTANCE, Classification.OmniClass.21.Number_INSTANCE, Classification.OmniClass.22.Description_INSTANCE, Classification.OmniClass.22.Number_INSTANCE, Classification.OmniClass.23.Description_INSTANCE, Classification.OmniClass.23.Number_INSTANCE, Classification.UniFormat.2010.Description, Classification.UniFormat.2010.Number, Comments, DUCT NUMBER, Description BOM Suffix, Duct Number
INFO | Candidate: NWB_WBS00 | Scope=instance | Storage=String | ReadOnly=False | Shared=True | Id=9214738
INFO | Candidate: NWB_WBS01 | Scope=instance | Storage=String | ReadOnly=False | Shared=True | Id=9214798
INFO | Candidate: NWB_WBS02 | Scope=instance | Storage=String | ReadOnly=False | Shared=True | Id=9214786
INFO | Candidate: NWB_WBS03 | Scope=instance | Storage=String | ReadOnly=False | Shared=True | Id=9214750
INFO | Candidate: NWB_WBS04 | Scope=instance | Storage=String | ReadOnly=False | Shared=True | Id=9214762
INFO | Candidate: NWB_WBS05 | Scope=instance | Storage=String | ReadOnly=False | Shared=True | Id=9214810
INFO | Candidate: NWB_WBSCode | Scope=instance | Storage=String | ReadOnly=False | Shared=True | Id=9214774
SOURCE | Element 13968630 | Cat=Ducts | Family=Rectangular Duct | Type= | Level=LEVEL 07 | System=Supply Air | LinkedRoomLink= | LinkedRoomNumber= | LinkedRoomName= | LinkedRoomDept= | LinkedRoomBuilding= | LinkedRoomSite= | LinkedRoomSource=connected-miss:d4:visited13 | ResolvedDept=PPT | ResolvedBuilding= | ResolvedSite= | DisciplineHint=mechanical | AssetCandidates=ducts, ductwork | WBS00=WBH | WBS01=HO | WBS03=PPT | DesignPkg=NWB-GEN-ME-SCM-1091-A | BuildingPermitPkg=WBH - BP09
ELEMENT | 13968630 | Cat=Ducts | AssetScore=45 | AssetTypeCode=MDUC | AssetType=Ductwork | AssetCategory=Ductwork | Targets=NWB_AssetTypeCode=MDUC; NWB_AssetType=Ductwork; NWB_Discipline=ME; NWB_Category=Ductwork; NWB_Department=PPT; NWB_Material=; NWB_System=Supply Air; NWB_UniclassCode=Pr_65_65_25; NWB_UniclassDescription=Ductwork and fittings; NWB_DesignPkg=NWB-GEN-ME-SCM-1091-A; NWB_BuildingPermitPkg=WBH - BP09; NWB_WBS00=WBH; NWB_WBS01=HO; NWB_WBS02=07; NWB_WBS03=PPT; NWB_WBS04=ME; NWB_WBS05=SI5; NWB_WBSCode=WBH-HO-07-PPT-ME-SI5
INFO | Candidate: NWB_AssetTypeCode | Scope=instance | Storage=String | ReadOnly=False | Shared=True | Id=3045149
INFO | Candidate: NWB_AssetTypeCode | Scope=instance | Storage=String | ReadOnly=False | Shared=True | Id=7626182
INFO | Found 2 parameters named NWB_AssetTypeCode
INFO | SELECTED | Shared Parameter | Scope=instance | ReadOnly=False | Id=3045149
INFO | SELECTED | Shared Parameter | Scope=instance | ReadOnly=False | Id=7626182
INFO | Candidate: NWB_AssetType | Scope=instance | Storage=String | ReadOnly=False | Shared=True | Id=3045150
INFO | Candidate: NWB_AssetType | Scope=instance | Storage=String | ReadOnly=False | Shared=True | Id=7626181
INFO | Found 2 parameters named NWB_AssetType
INFO | SELECTED | Shared Parameter | Scope=instance | ReadOnly=False | Id=3045150
INFO | SELECTED | Shared Parameter | Scope=instance | ReadOnly=False | Id=7626181
INFO | Candidate: NWB_Discipline | Scope=instance | Storage=String | ReadOnly=False | Shared=True | Id=3045151
INFO | Candidate: NWB_Discipline | Scope=instance | Storage=String | ReadOnly=False | Shared=True | Id=7626159
INFO | Found 2 parameters named NWB_Discipline
INFO | SELECTED | Shared Parameter | Scope=instance | ReadOnly=False | Id=3045151
INFO | SELECTED | Shared Parameter | Scope=instance | ReadOnly=False | Id=7626159
INFO | Candidate: NWB_Category | Scope=instance | Storage=String | ReadOnly=False | Shared=True | Id=3045152
INFO | Candidate: NWB_Category | Scope=instance | Storage=String | ReadOnly=False | Shared=True | Id=7626160
INFO | Found 2 parameters named NWB_Category
INFO | SELECTED | Shared Parameter | Scope=instance | ReadOnly=False | Id=3045152
INFO | SELECTED | Shared Parameter | Scope=instance | ReadOnly=False | Id=7626160
INFO | Candidate: NWB_System | Scope=instance | Storage=String | ReadOnly=False | Shared=True | Id=3045155
INFO | Candidate: NWB_System | Scope=instance | Storage=String | ReadOnly=False | Shared=True | Id=7626163
INFO | Found 2 parameters named NWB_System
INFO | SELECTED | Shared Parameter | Scope=instance | ReadOnly=False | Id=3045155
INFO | SELECTED | Shared Parameter | Scope=instance | ReadOnly=False | Id=7626163
INFO | Candidate: NWB_UniclassCode | Scope=instance | Storage=String | ReadOnly=False | Shared=True | Id=3045156
INFO | Candidate: NWB_UniclassCode | Scope=instance | Storage=String | ReadOnly=False | Shared=True | Id=7626165
INFO | Found 2 parameters named NWB_UniclassCode
INFO | SELECTED | Shared Parameter | Scope=instance | ReadOnly=False | Id=3045156
INFO | SELECTED | Shared Parameter | Scope=instance | ReadOnly=False | Id=7626165
INFO | Candidate: NWB_UniclassDescription | Scope=instance | Storage=String | ReadOnly=False | Shared=True | Id=3045157
INFO | Candidate: NWB_UniclassDescription | Scope=instance | Storage=String | ReadOnly=False | Shared=True | Id=7626166
INFO | Found 2 parameters named NWB_UniclassDescription
INFO | SELECTED | Shared Parameter | Scope=instance | ReadOnly=False | Id=3045157
INFO | SELECTED | Shared Parameter | Scope=instance | ReadOnly=False | Id=7626166
INFO | Candidate: NWB_DesignPkg | Scope=instance | Storage=String | ReadOnly=False | Shared=True | Id=3045158
INFO | Candidate: NWB_DesignPkg | Scope=instance | Storage=String | ReadOnly=False | Shared=True | Id=7626167
INFO | Found 2 parameters named NWB_DesignPkg
INFO | SELECTED | Shared Parameter | Scope=instance | ReadOnly=False | Id=3045158
INFO | SELECTED | Shared Parameter | Scope=instance | ReadOnly=False | Id=7626167
ERROR | Element 13968642 | Category=Duct Fittings | Family= | Parameter=NWB_BuildingPermitPkg | Reason=missing | Writable sample: AHU, AHU_AreaServed, AHU_Serves, AHU_Type, AHU_ZoneNumber, Building_No, COMPLETE Y/N, Classification.OmniClass.21.Description_INSTANCE, Classification.OmniClass.21.Number_INSTANCE, Classification.OmniClass.22.Description_INSTANCE, Classification.OmniClass.22.Number_INSTANCE, Classification.OmniClass.23.Description_INSTANCE, Classification.OmniClass.23.Number_INSTANCE, Classification.UniFormat.2010.Description, Classification.UniFormat.2010.Number, Comments, Description BOM Suffix, Duct Height, Duct Width, Ductwork Insulation - Lining
INFO | Candidate: NWB_WBS00 | Scope=instance | Storage=String | ReadOnly=False | Shared=True | Id=9214738
INFO | Candidate: NWB_WBS01 | Scope=instance | Storage=String | ReadOnly=False | Shared=True | Id=9214798
INFO | Candidate: NWB_WBS02 | Scope=instance | Storage=String | ReadOnly=False | Shared=True | Id=9214786
INFO | Candidate: NWB_WBS03 | Scope=instance | Storage=String | ReadOnly=False | Shared=True | Id=9214750
INFO | Candidate: NWB_WBS04 | Scope=instance | Storage=String | ReadOnly=False | Shared=True | Id=9214762
INFO | Candidate: NWB_WBS05 | Scope=instance | Storage=String | ReadOnly=False | Shared=True | Id=9214810
INFO | Candidate: NWB_WBSCode | Scope=instance | Storage=String | ReadOnly=False | Shared=True | Id=9214774
SOURCE | Element 13968642 | Cat=Duct Fittings | Family=MHT-ME-DF-Rectangular Short Radius Bend - Flanged | Type= | Level=LEVEL 07 | System=Supply Air | LinkedRoomLink= | LinkedRoomNumber= | LinkedRoomName= | LinkedRoomDept= | LinkedRoomBuilding= | LinkedRoomSite= | LinkedRoomSource=connected-miss:d4:visited17 | ResolvedDept= | ResolvedBuilding= | ResolvedSite= | DisciplineHint=mechanical | AssetCandidates=duct fittings, ductwork | WBS00=WBH | WBS01=HO | WBS03=Z00 | DesignPkg=NWB-GEN-ME-SCM-1091-A | BuildingPermitPkg=WBH - BP09
WARN | Element 13968642 | Department unresolved | ExistingNWBDepartment= | ExistingWBS00=WBH | ExistingWBS01=HO | ExistingDiscipline=ME
ELEMENT | 13968642 | Cat=Duct Fittings | AssetScore=45 | AssetTypeCode=MDUC | AssetType=Ductwork | AssetCategory=Ductwork | Targets=NWB_AssetTypeCode=MDUC; NWB_AssetType=Ductwork; NWB_Discipline=ME; NWB_Category=Ductwork; NWB_Department=; NWB_Material=; NWB_System=Supply Air; NWB_UniclassCode=Pr_65_65_25; NWB_UniclassDescription=Ductwork and fittings; NWB_DesignPkg=NWB-GEN-ME-SCM-1091-A; NWB_BuildingPermitPkg=WBH - BP09; NWB_WBS00=WBH; NWB_WBS01=HO; NWB_WBS02=07; NWB_WBS03=Z00; NWB_WBS04=ME; NWB_WBS05=SI5; NWB_WBSCode=WBH-HO-07-Z00-ME-SI5
INFO | Candidate: NWB_AssetTypeCode | Scope=instance | Storage=String | ReadOnly=False | Shared=True | Id=7626182
INFO | Candidate: NWB_AssetType | Scope=instance | Storage=String | ReadOnly=False | Shared=True | Id=7626181
INFO | Candidate: NWB_Discipline | Scope=instance | Storage=String | ReadOnly=False | Shared=True | Id=7626159
INFO | Candidate: NWB_Category | Scope=instance | Storage=String | ReadOnly=False | Shared=True | Id=7626160
INFO | Candidate: NWB_Department | Scope=instance | Storage=String | ReadOnly=False | Shared=True | Id=7626168
INFO | Candidate: NWB_System | Scope=instance | Storage=String | ReadOnly=False | Shared=True | Id=7626163
INFO | Candidate: NWB_UniclassCode | Scope=instance | Storage=String | ReadOnly=False | Shared=True | Id=7626165
INFO | Candidate: NWB_UniclassDescription | Scope=instance | Storage=String | ReadOnly=False | Shared=True | Id=7626166
INFO | Candidate: NWB_DesignPkg | Scope=instance | Storage=String | ReadOnly=False | Shared=True | Id=7626167
ERROR | Element 13970312 | Category=Ducts | Family= | Parameter=NWB_BuildingPermitPkg | Reason=missing | Writable sample: AHU, AHU_AreaServed, AHU_Serves, AHU_Type, AHU_ZoneNumber, Additional Flow, Building_No, COMPLETE Y/N, Classification.OmniClass.21.Description_INSTANCE, Classification.OmniClass.21.Number_INSTANCE, Classification.OmniClass.22.Description_INSTANCE, Classification.OmniClass.22.Number_INSTANCE, Classification.OmniClass.23.Description_INSTANCE, Classification.OmniClass.23.Number_INSTANCE, Classification.UniFormat.2010.Description, Classification.UniFormat.2010.Number, Comments, DUCT NUMBER, Description BOM Suffix, Duct Number
INFO | Candidate: NWB_WBS00 | Scope=instance | Storage=String | ReadOnly=False | Shared=True | Id=9214738
INFO | Candidate: NWB_WBS01 | Scope=instance | Storage=String | ReadOnly=False | Shared=True | Id=9214798
INFO | Candidate: NWB_WBS02 | Scope=instance | Storage=String | ReadOnly=False | Shared=True | Id=9214786
INFO | Candidate: NWB_WBS03 | Scope=instance | Storage=String | ReadOnly=False | Shared=True | Id=9214750
INFO | Candidate: NWB_WBS04 | Scope=instance | Storage=String | ReadOnly=False | Shared=True | Id=9214762
INFO | Candidate: NWB_WBS05 | Scope=instance | Storage=String | ReadOnly=False | Shared=True | Id=9214810
INFO | Candidate: NWB_WBSCode | Scope=instance | Storage=String | ReadOnly=False | Shared=True | Id=9214774
SOURCE | Element 13970312 | Cat=Ducts | Family=Rectangular Duct | Type= | Level=LEVEL 07 | System=Supply Air | LinkedRoomLink=NWB-ARC-WBH-AR-MOD-0035 | LinkedRoomNumber=PPT.07.171 | LinkedRoomName=Cleaner's Room | LinkedRoomDept=PPT | LinkedRoomBuilding= | LinkedRoomSite= | LinkedRoomSource=connected:d3:13994316:Air Terminals | ResolvedDept=PPT | ResolvedBuilding= | ResolvedSite= | DisciplineHint=mechanical | AssetCandidates=ducts, ductwork | WBS00=WBH | WBS01=HO | WBS03=PPT | DesignPkg=NWB-GEN-ME-SCM-1091-A | BuildingPermitPkg=WBH - BP09
ELEMENT | 13970312 | Cat=Ducts | AssetScore=45 | AssetTypeCode=MDUC | AssetType=Ductwork | AssetCategory=Ductwork | Targets=NWB_AssetTypeCode=MDUC; NWB_AssetType=Ductwork; NWB_Discipline=ME; NWB_Category=Ductwork; NWB_Department=PPT; NWB_Material=; NWB_System=Supply Air; NWB_UniclassCode=Pr_65_65_25; NWB_UniclassDescription=Ductwork and fittings; NWB_DesignPkg=NWB-GEN-ME-SCM-1091-A; NWB_BuildingPermitPkg=WBH - BP09; NWB_WBS00=WBH; NWB_WBS01=HO; NWB_WBS02=07; NWB_WBS03=PPT; NWB_WBS04=ME; NWB_WBS05=SI5; NWB_WBSCode=WBH-HO-07-PPT-ME-SI5
INFO | Candidate: NWB_AssetTypeCode | Scope=instance | Storage=String | ReadOnly=False | Shared=True | Id=3045149
INFO | Candidate: NWB_AssetTypeCode | Scope=instance | Storage=String | ReadOnly=False | Shared=True | Id=7626182
INFO | Found 2 parameters named NWB_AssetTypeCode
INFO | SELECTED | Shared Parameter | Scope=instance | ReadOnly=False | Id=3045149
INFO | SELECTED | Shared Parameter | Scope=instance | ReadOnly=False | Id=7626182
INFO | Candidate: NWB_AssetType | Scope=instance | Storage=String | ReadOnly=False | Shared=True | Id=3045150
INFO | Candidate: NWB_AssetType | Scope=instance | Storage=String | ReadOnly=False | Shared=True | Id=7626181
INFO | Found 2 parameters named NWB_AssetType
INFO | SELECTED | Shared Parameter | Scope=instance | ReadOnly=False | Id=3045150
INFO | SELECTED | Shared Parameter | Scope=instance | ReadOnly=False | Id=7626181
INFO | Candidate: NWB_Discipline | Scope=instance | Storage=String | ReadOnly=False | Shared=True | Id=3045151
INFO | Candidate: NWB_Discipline | Scope=instance | Storage=String | ReadOnly=False | Shared=True | Id=7626159
INFO | Found 2 parameters named NWB_Discipline
INFO | SELECTED | Shared Parameter | Scope=instance | ReadOnly=False | Id=3045151
INFO | SELECTED | Shared Parameter | Scope=instance | ReadOnly=False | Id=7626159
INFO | Candidate: NWB_Category | Scope=instance | Storage=String | ReadOnly=False | Shared=True | Id=3045152
INFO | Candidate: NWB_Category | Scope=instance | Storage=String | ReadOnly=False | Shared=True | Id=7626160
INFO | Found 2 parameters named NWB_Category
INFO | SELECTED | Shared Parameter | Scope=instance | ReadOnly=False | Id=3045152
INFO | SELECTED | Shared Parameter | Scope=instance | ReadOnly=False | Id=7626160
INFO | Candidate: NWB_Department | Scope=instance | Storage=String | ReadOnly=False | Shared=True | Id=3045159
INFO | Candidate: NWB_Department | Scope=instance | Storage=String | ReadOnly=False | Shared=True | Id=7626168
INFO | Found 2 parameters named NWB_Department
INFO | SELECTED | Shared Parameter | Scope=instance | ReadOnly=False | Id=3045159
INFO | SELECTED | Shared Parameter | Scope=instance | ReadOnly=False | Id=7626168
INFO | Writing INSTANCE parameter 'NWB_Department' on element 13970325
INFO | Element 13970325 | NWB_Department | Kind=Shared Parameter | Scope=instance | Storage=String | Old='' | New='PPT'
INFO | Candidate: NWB_System | Scope=instance | Storage=String | ReadOnly=False | Shared=True | Id=3045155
INFO | Candidate: NWB_System | Scope=instance | Storage=String | ReadOnly=False | Shared=True | Id=7626163
INFO | Found 2 parameters named NWB_System
INFO | SELECTED | Shared Parameter | Scope=instance | ReadOnly=False | Id=3045155
INFO | SELECTED | Shared Parameter | Scope=instance | ReadOnly=False | Id=7626163
INFO | Candidate: NWB_UniclassCode | Scope=instance | Storage=String | ReadOnly=False | Shared=True | Id=3045156
INFO | Candidate: NWB_UniclassCode | Scope=instance | Storage=String | ReadOnly=False | Shared=True | Id=7626165
INFO | Found 2 parameters named NWB_UniclassCode
INFO | SELECTED | Shared Parameter | Scope=instance | ReadOnly=False | Id=3045156
INFO | SELECTED | Shared Parameter | Scope=instance | ReadOnly=False | Id=7626165
INFO | Candidate: NWB_UniclassDescription | Scope=instance | Storage=String | ReadOnly=False | Shared=True | Id=3045157
INFO | Candidate: NWB_UniclassDescription | Scope=instance | Storage=String | ReadOnly=False | Shared=True | Id=7626166
INFO | Found 2 parameters named NWB_UniclassDescription
INFO | SELECTED | Shared Parameter | Scope=instance | ReadOnly=False | Id=3045157
INFO | SELECTED | Shared Parameter | Scope=instance | ReadOnly=False | Id=7626166
INFO | Candidate: NWB_DesignPkg | Scope=instance | Storage=String | ReadOnly=False | Shared=True | Id=3045158
INFO | Candidate: NWB_DesignPkg | Scope=instance | Storage=String | ReadOnly=False | Shared=True | Id=7626167
INFO | Found 2 parameters named NWB_DesignPkg
INFO | SELECTED | Shared Parameter | Scope=instance | ReadOnly=False | Id=3045158
INFO | SELECTED | Shared Parameter | Scope=instance | ReadOnly=False | Id=7626167
ERROR | Element 13970325 | Category=Duct Fittings | Family= | Parameter=NWB_BuildingPermitPkg | Reason=missing | Writable sample: AHU, AHU_AreaServed, AHU_Serves, AHU_Type, AHU_ZoneNumber, Building_No, COMPLETE Y/N, Classification.OmniClass.21.Description_INSTANCE, Classification.OmniClass.21.Number_INSTANCE, Classification.OmniClass.22.Description_INSTANCE, Classification.OmniClass.22.Number_INSTANCE, Classification.OmniClass.23.Description_INSTANCE, Classification.OmniClass.23.Number_INSTANCE, Classification.UniFormat.2010.Description, Classification.UniFormat.2010.Number, Comments, Description BOM Suffix, Duct Height, Duct Width, Ductwork Insulation - Lining
INFO | Candidate: NWB_WBS00 | Scope=instance | Storage=String | ReadOnly=False | Shared=True | Id=9214738
INFO | Candidate: NWB_WBS01 | Scope=instance | Storage=String | ReadOnly=False | Shared=True | Id=9214798
INFO | Candidate: NWB_WBS02 | Scope=instance | Storage=String | ReadOnly=False | Shared=True | Id=9214786
INFO | Candidate: NWB_WBS03 | Scope=instance | Storage=String | ReadOnly=False | Shared=True | Id=9214750
INFO | Writing INSTANCE parameter 'NWB_WBS03' on element 13970325
INFO | Element 13970325 | NWB_WBS03 | Kind=Shared Parameter | Scope=instance | Storage=String | Old='Z00' | New='PPT'
INFO | Candidate: NWB_WBS04 | Scope=instance | Storage=String | ReadOnly=False | Shared=True | Id=9214762
INFO | Candidate: NWB_WBS05 | Scope=instance | Storage=String | ReadOnly=False | Shared=True | Id=9214810
INFO | Candidate: NWB_WBSCode | Scope=instance | Storage=String | ReadOnly=False | Shared=True | Id=9214774
INFO | Writing INSTANCE parameter 'NWB_WBSCode' on element 13970325
INFO | Element 13970325 | NWB_WBSCode | Kind=Shared Parameter | Scope=instance | Storage=String | Old='WBH-HO-07-Z00-ME-SI5' | New='WBH-HO-07-PPT-ME-SI5'
SOURCE | Element 13970325 | Cat=Duct Fittings | Family=MHT-ME-DF-Rectangular Short Radius Bend - Flanged | Type= | Level=LEVEL 07 | System=Supply Air | LinkedRoomLink=NWB-ARC-WBH-AR-MOD-0035 | LinkedRoomNumber=PPT.07.171 | LinkedRoomName=Cleaner's Room | LinkedRoomDept=PPT | LinkedRoomBuilding= | LinkedRoomSite= | LinkedRoomSource=connected:d4:13994316:Air Terminals | ResolvedDept=PPT | ResolvedBuilding= | ResolvedSite= | DisciplineHint=mechanical | AssetCandidates=duct fittings, ductwork | WBS00=WBH | WBS01=HO | WBS03=PPT | DesignPkg=NWB-GEN-ME-SCM-1091-A | BuildingPermitPkg=WBH - BP09
ELEMENT | 13970325 | Cat=Duct Fittings | AssetScore=45 | AssetTypeCode=MDUC | AssetType=Ductwork | AssetCategory=Ductwork | Targets=NWB_AssetTypeCode=MDUC; NWB_AssetType=Ductwork; NWB_Discipline=ME; NWB_Category=Ductwork; NWB_Department=PPT; NWB_Material=; NWB_System=Supply Air; NWB_UniclassCode=Pr_65_65_25; NWB_UniclassDescription=Ductwork and fittings; NWB_DesignPkg=NWB-GEN-ME-SCM-1091-A; NWB_BuildingPermitPkg=WBH - BP09; NWB_WBS00=WBH; NWB_WBS01=HO; NWB_WBS02=07; NWB_WBS03=PPT; NWB_WBS04=ME; NWB_WBS05=SI5; NWB_WBSCode=WBH-HO-07-PPT-ME-SI5
INFO | Candidate: NWB_AssetTypeCode | Scope=instance | Storage=String | ReadOnly=False | Shared=True | Id=7626182
INFO | Candidate: NWB_AssetType | Scope=instance | Storage=String | ReadOnly=False | Shared=True | Id=7626181
INFO | Candidate: NWB_Discipline | Scope=instance | Storage=String | ReadOnly=False | Shared=True | Id=7626159
INFO | Candidate: NWB_Category | Scope=instance | Storage=String | ReadOnly=False | Shared=True | Id=7626160
INFO | Candidate: NWB_Department | Scope=instance | Storage=String | ReadOnly=False | Shared=True | Id=7626168
INFO | Candidate: NWB_System | Scope=instance | Storage=String | ReadOnly=False | Shared=True | Id=7626163
INFO | Candidate: NWB_UniclassCode | Scope=instance | Storage=String | ReadOnly=False | Shared=True | Id=7626165
INFO | Candidate: NWB_UniclassDescription | Scope=instance | Storage=String | ReadOnly=False | Shared=True | Id=7626166
INFO | Candidate: NWB_DesignPkg | Scope=instance | Storage=String | ReadOnly=False | Shared=True | Id=7626167
ERROR | Element 13970388 | Category=Ducts | Family= | Parameter=NWB_BuildingPermitPkg | Reason=missing | Writable sample: AHU, AHU_AreaServed, AHU_Serves, AHU_Type, AHU_ZoneNumber, Additional Flow, Building_No, COMPLETE Y/N, Classification.OmniClass.21.Description_INSTANCE, Classification.OmniClass.21.Number_INSTANCE, Classification.OmniClass.22.Description_INSTANCE, Classification.OmniClass.22.Number_INSTANCE, Classification.OmniClass.23.Description_INSTANCE, Classification.OmniClass.23.Number_INSTANCE, Classification.UniFormat.2010.Description, Classification.UniFormat.2010.Number, Comments, DUCT NUMBER, Description BOM Suffix, Duct Number
INFO | Candidate: NWB_WBS00 | Scope=instance | Storage=String | ReadOnly=False | Shared=True | Id=9214738
INFO | Candidate: NWB_WBS01 | Scope=instance | Storage=String | ReadOnly=False | Shared=True | Id=9214798
INFO | Candidate: NWB_WBS02 | Scope=instance | Storage=String | ReadOnly=False | Shared=True | Id=9214786
INFO | Candidate: NWB_WBS03 | Scope=instance | Storage=String | ReadOnly=False | Shared=True | Id=9214750
INFO | Candidate: NWB_WBS04 | Scope=instance | Storage=String | ReadOnly=False | Shared=True | Id=9214762
INFO | Candidate: NWB_WBS05 | Scope=instance | Storage=String | ReadOnly=False | Shared=True | Id=9214810
INFO | Candidate: NWB_WBSCode | Scope=instance | Storage=String | ReadOnly=False | Shared=True | Id=9214774
SOURCE | Element 13970388 | Cat=Ducts | Family=Rectangular Duct | Type= | Level=LEVEL 07 | System=Supply Air | LinkedRoomLink=NWB-ARC-WBH-AR-MOD-0035 | LinkedRoomNumber=PPT.07.167 | LinkedRoomName=Office, 1 Person, Pathology | LinkedRoomDept=PPT | LinkedRoomBuilding= | LinkedRoomSite= | LinkedRoomSource=connected:d3:13972061:Air Terminals | ResolvedDept=PPT | ResolvedBuilding= | ResolvedSite= | DisciplineHint=mechanical | AssetCandidates=ducts, ductwork | WBS00=WBH | WBS01=HO | WBS03=PPT | DesignPkg=NWB-GEN-ME-SCM-1091-A | BuildingPermitPkg=WBH - BP09
ELEMENT | 13970388 | Cat=Ducts | AssetScore=45 | AssetTypeCode=MDUC | AssetType=Ductwork | AssetCategory=Ductwork | Targets=NWB_AssetTypeCode=MDUC; NWB_AssetType=Ductwork; NWB_Discipline=ME; NWB_Category=Ductwork; NWB_Department=PPT; NWB_Material=; NWB_System=Supply Air; NWB_UniclassCode=Pr_65_65_25; NWB_UniclassDescription=Ductwork and fittings; NWB_DesignPkg=NWB-GEN-ME-SCM-1091-A; NWB_BuildingPermitPkg=WBH - BP09; NWB_WBS00=WBH; NWB_WBS01=HO; NWB_WBS02=07; NWB_WBS03=PPT; NWB_WBS04=ME; NWB_WBS05=SI5; NWB_WBSCode=WBH-HO-07-PPT-ME-SI5
INFO | Candidate: NWB_AssetTypeCode | Scope=instance | Storage=String | ReadOnly=False | Shared=True | Id=3045149
INFO | Candidate: NWB_AssetTypeCode | Scope=instance | Storage=String | ReadOnly=False | Shared=True | Id=7626182
INFO | Found 2 parameters named NWB_AssetTypeCode
INFO | SELECTED | Shared Parameter | Scope=instance | ReadOnly=False | Id=3045149
INFO | SELECTED | Shared Parameter | Scope=instance | ReadOnly=False | Id=7626182
INFO | Candidate: NWB_AssetType | Scope=instance | Storage=String | ReadOnly=False | Shared=True | Id=3045150
INFO | Candidate: NWB_AssetType | Scope=instance | Storage=String | ReadOnly=False | Shared=True | Id=7626181
INFO | Found 2 parameters named NWB_AssetType
INFO | SELECTED | Shared Parameter | Scope=instance | ReadOnly=False | Id=3045150
INFO | SELECTED | Shared Parameter | Scope=instance | ReadOnly=False | Id=7626181
INFO | Candidate: NWB_Discipline | Scope=instance | Storage=String | ReadOnly=False | Shared=True | Id=3045151
INFO | Candidate: NWB_Discipline | Scope=instance | Storage=String | ReadOnly=False | Shared=True | Id=7626159
INFO | Found 2 parameters named NWB_Discipline
INFO | SELECTED | Shared Parameter | Scope=instance | ReadOnly=False | Id=3045151
INFO | SELECTED | Shared Parameter | Scope=instance | ReadOnly=False | Id=7626159
INFO | Candidate: NWB_Category | Scope=instance | Storage=String | ReadOnly=False | Shared=True | Id=3045152
INFO | Candidate: NWB_Category | Scope=instance | Storage=String | ReadOnly=False | Shared=True | Id=7626160
INFO | Found 2 parameters named NWB_Category
INFO | SELECTED | Shared Parameter | Scope=instance | ReadOnly=False | Id=3045152
INFO | SELECTED | Shared Parameter | Scope=instance | ReadOnly=False | Id=7626160
INFO | Candidate: NWB_Department | Scope=instance | Storage=String | ReadOnly=False | Shared=True | Id=3045159
INFO | Candidate: NWB_Department | Scope=instance | Storage=String | ReadOnly=False | Shared=True | Id=7626168
INFO | Found 2 parameters named NWB_Department
INFO | SELECTED | Shared Parameter | Scope=instance | ReadOnly=False | Id=3045159
INFO | SELECTED | Shared Parameter | Scope=instance | ReadOnly=False | Id=7626168
INFO | Writing INSTANCE parameter 'NWB_Department' on element 13970401
INFO | Element 13970401 | NWB_Department | Kind=Shared Parameter | Scope=instance | Storage=String | Old='' | New='PPT'
INFO | Candidate: NWB_System | Scope=instance | Storage=String | ReadOnly=False | Shared=True | Id=3045155
INFO | Candidate: NWB_System | Scope=instance | Storage=String | ReadOnly=False | Shared=True | Id=7626163
INFO | Found 2 parameters named NWB_System
INFO | SELECTED | Shared Parameter | Scope=instance | ReadOnly=False | Id=3045155
INFO | SELECTED | Shared Parameter | Scope=instance | ReadOnly=False | Id=7626163
INFO | Candidate: NWB_UniclassCode | Scope=instance | Storage=String | ReadOnly=False | Shared=True | Id=3045156
INFO | Candidate: NWB_UniclassCode | Scope=instance | Storage=String | ReadOnly=False | Shared=True | Id=7626165
INFO | Found 2 parameters named NWB_UniclassCode
INFO | SELECTED | Shared Parameter | Scope=instance | ReadOnly=False | Id=3045156
INFO | SELECTED | Shared Parameter | Scope=instance | ReadOnly=False | Id=7626165
INFO | Candidate: NWB_UniclassDescription | Scope=instance | Storage=String | ReadOnly=False | Shared=True | Id=3045157
INFO | Candidate: NWB_UniclassDescription | Scope=instance | Storage=String | ReadOnly=False | Shared=True | Id=7626166
INFO | Found 2 parameters named NWB_UniclassDescription
INFO | SELECTED | Shared Parameter | Scope=instance | ReadOnly=False | Id=3045157
INFO | SELECTED | Shared Parameter | Scope=instance | ReadOnly=False | Id=7626166
INFO | Candidate: NWB_DesignPkg | Scope=instance | Storage=String | ReadOnly=False | Shared=True | Id=3045158
INFO | Candidate: NWB_DesignPkg | Scope=instance | Storage=String | ReadOnly=False | Shared=True | Id=7626167
INFO | Found 2 parameters named NWB_DesignPkg
INFO | SELECTED | Shared Parameter | Scope=instance | ReadOnly=False | Id=3045158
INFO | SELECTED | Shared Parameter | Scope=instance | ReadOnly=False | Id=7626167
ERROR | Element 13970401 | Category=Duct Fittings | Family= | Parameter=NWB_BuildingPermitPkg | Reason=missing | Writable sample: AHU, AHU_AreaServed, AHU_Serves, AHU_Type, AHU_ZoneNumber, Building_No, COMPLETE Y/N, Classification.OmniClass.21.Description_INSTANCE, Classification.OmniClass.21.Number_INSTANCE, Classification.OmniClass.22.Description_INSTANCE, Classification.OmniClass.22.Number_INSTANCE, Classification.OmniClass.23.Description_INSTANCE, Classification.OmniClass.23.Number_INSTANCE, Classification.UniFormat.2010.Description, Classification.UniFormat.2010.Number, Comments, Description BOM Suffix, Duct Height, Duct Width, Ductwork Insulation - Lining
INFO | Candidate: NWB_WBS00 | Scope=instance | Storage=String | ReadOnly=False | Shared=True | Id=9214738
INFO | Candidate: NWB_WBS01 | Scope=instance | Storage=String | ReadOnly=False | Shared=True | Id=9214798
INFO | Candidate: NWB_WBS02 | Scope=instance | Storage=String | ReadOnly=False | Shared=True | Id=9214786
INFO | Candidate: NWB_WBS03 | Scope=instance | Storage=String | ReadOnly=False | Shared=True | Id=9214750
INFO | Writing INSTANCE parameter 'NWB_WBS03' on element 13970401
INFO | Element 13970401 | NWB_WBS03 | Kind=Shared Parameter | Scope=instance | Storage=String | Old='Z00' | New='PPT'
INFO | Candidate: NWB_WBS04 | Scope=instance | Storage=String | ReadOnly=False | Shared=True | Id=9214762
INFO | Candidate: NWB_WBS05 | Scope=instance | Storage=String | ReadOnly=False | Shared=True | Id=9214810
INFO | Candidate: NWB_WBSCode | Scope=instance | Storage=String | ReadOnly=False | Shared=True | Id=9214774
INFO | Writing INSTANCE parameter 'NWB_WBSCode' on element 13970401
INFO | Element 13970401 | NWB_WBSCode | Kind=Shared Parameter | Scope=instance | Storage=String | Old='WBH-HO-07-Z00-ME-SI5' | New='WBH-HO-07-PPT-ME-SI5'
SOURCE | Element 13970401 | Cat=Duct Fittings | Family=MHT-ME-DF-Rectangular Short Radius Bend - Flanged | Type= | Level=LEVEL 07 | System=Supply Air | LinkedRoomLink=NWB-ARC-WBH-AR-MOD-0035 | LinkedRoomNumber=PPT.07.166 | LinkedRoomName=Office, 1 Person, Pathology | LinkedRoomDept=PPT | LinkedRoomBuilding= | LinkedRoomSite= | LinkedRoomSource=connected:d4:13972052:Air Terminals | ResolvedDept=PPT | ResolvedBuilding= | ResolvedSite= | DisciplineHint=mechanical | AssetCandidates=duct fittings, ductwork | WBS00=WBH | WBS01=HO | WBS03=PPT | DesignPkg=NWB-GEN-ME-SCM-1091-A | BuildingPermitPkg=WBH - BP09
ELEMENT | 13970401 | Cat=Duct Fittings | AssetScore=45 | AssetTypeCode=MDUC | AssetType=Ductwork | AssetCategory=Ductwork | Targets=NWB_AssetTypeCode=MDUC; NWB_AssetType=Ductwork; NWB_Discipline=ME; NWB_Category=Ductwork; NWB_Department=PPT; NWB_Material=; NWB_System=Supply Air; NWB_UniclassCode=Pr_65_65_25; NWB_UniclassDescription=Ductwork and fittings; NWB_DesignPkg=NWB-GEN-ME-SCM-1091-A; NWB_BuildingPermitPkg=WBH - BP09; NWB_WBS00=WBH; NWB_WBS01=HO; NWB_WBS02=07; NWB_WBS03=PPT; NWB_WBS04=ME; NWB_WBS05=SI5; NWB_WBSCode=WBH-HO-07-PPT-ME-SI5
INFO | Candidate: NWB_AssetTypeCode | Scope=instance | Storage=String | ReadOnly=False | Shared=True | Id=3045149
INFO | Candidate: NWB_AssetTypeCode | Scope=instance | Storage=String | ReadOnly=False | Shared=True | Id=7626182
INFO | Found 2 parameters named NWB_AssetTypeCode
INFO | SELECTED | Shared Parameter | Scope=instance | ReadOnly=False | Id=3045149
INFO | SELECTED | Shared Parameter | Scope=instance | ReadOnly=False | Id=7626182
INFO | Candidate: NWB_AssetType | Scope=instance | Storage=String | ReadOnly=False | Shared=True | Id=3045150
INFO | Candidate: NWB_AssetType | Scope=instance | Storage=String | ReadOnly=False | Shared=True | Id=7626181
INFO | Found 2 parameters named NWB_AssetType
INFO | SELECTED | Shared Parameter | Scope=instance | ReadOnly=False | Id=3045150
INFO | SELECTED | Shared Parameter | Scope=instance | ReadOnly=False | Id=7626181
INFO | Candidate: NWB_Discipline | Scope=instance | Storage=String | ReadOnly=False | Shared=True | Id=3045151
INFO | Candidate: NWB_Discipline | Scope=instance | Storage=String | ReadOnly=False | Shared=True | Id=7626159
INFO | Found 2 parameters named NWB_Discipline
INFO | SELECTED | Shared Parameter | Scope=instance | ReadOnly=False | Id=3045151
INFO | SELECTED | Shared Parameter | Scope=instance | ReadOnly=False | Id=7626159
INFO | Candidate: NWB_Category | Scope=instance | Storage=String | ReadOnly=False | Shared=True | Id=3045152
INFO | Candidate: NWB_Category | Scope=instance | Storage=String | ReadOnly=False | Shared=True | Id=7626160
INFO | Found 2 parameters named NWB_Category
INFO | SELECTED | Shared Parameter | Scope=instance | ReadOnly=False | Id=3045152
INFO | SELECTED | Shared Parameter | Scope=instance | ReadOnly=False | Id=7626160
INFO | Candidate: NWB_Department | Scope=instance | Storage=String | ReadOnly=False | Shared=True | Id=3045159
INFO | Candidate: NWB_Department | Scope=instance | Storage=String | ReadOnly=False | Shared=True | Id=7626168
INFO | Found 2 parameters named NWB_Department
INFO | SELECTED | Shared Parameter | Scope=instance | ReadOnly=False | Id=3045159
INFO | SELECTED | Shared Parameter | Scope=instance | ReadOnly=False | Id=7626168
INFO | Writing INSTANCE parameter 'NWB_Department' on element 13970802
INFO | Element 13970802 | NWB_Department | Kind=Shared Parameter | Scope=instance | Storage=String | Old='' | New='PPT'
INFO | Candidate: NWB_System | Scope=instance | Storage=String | ReadOnly=False | Shared=True | Id=3045155
INFO | Candidate: NWB_System | Scope=instance | Storage=String | ReadOnly=False | Shared=True | Id=7626163
INFO | Found 2 parameters named NWB_System
INFO | SELECTED | Shared Parameter | Scope=instance | ReadOnly=False | Id=3045155
INFO | SELECTED | Shared Parameter | Scope=instance | ReadOnly=False | Id=7626163
INFO | Candidate: NWB_UniclassCode | Scope=instance | Storage=String | ReadOnly=False | Shared=True | Id=3045156
INFO | Candidate: NWB_UniclassCode | Scope=instance | Storage=String | ReadOnly=False | Shared=True | Id=7626165
INFO | Found 2 parameters named NWB_UniclassCode
INFO | SELECTED | Shared Parameter | Scope=instance | ReadOnly=False | Id=3045156
INFO | SELECTED | Shared Parameter | Scope=instance | ReadOnly=False | Id=7626165
INFO | Candidate: NWB_UniclassDescription | Scope=instance | Storage=String | ReadOnly=False | Shared=True | Id=3045157
INFO | Candidate: NWB_UniclassDescription | Scope=instance | Storage=String | ReadOnly=False | Shared=True | Id=7626166
INFO | Found 2 parameters named NWB_UniclassDescription
INFO | SELECTED | Shared Parameter | Scope=instance | ReadOnly=False | Id=3045157
INFO | SELECTED | Shared Parameter | Scope=instance | ReadOnly=False | Id=7626166
INFO | Candidate: NWB_DesignPkg | Scope=instance | Storage=String | ReadOnly=False | Shared=True | Id=3045158
INFO | Candidate: NWB_DesignPkg | Scope=instance | Storage=String | ReadOnly=False | Shared=True | Id=7626167
INFO | Found 2 parameters named NWB_DesignPkg
INFO | SELECTED | Shared Parameter | Scope=instance | ReadOnly=False | Id=3045158
INFO | SELECTED | Shared Parameter | Scope=instance | ReadOnly=False | Id=7626167
ERROR | Element 13970802 | Category=Duct Fittings | Family= | Parameter=NWB_BuildingPermitPkg | Reason=missing | Writable sample: AHU, AHU_AreaServed, AHU_Serves, AHU_Type, AHU_ZoneNumber, Building_No, COMPLETE Y/N, Classification.OmniClass.21.Description_INSTANCE, Classification.OmniClass.21.Number_INSTANCE, Classification.OmniClass.22.Description_INSTANCE, Classification.OmniClass.22.Number_INSTANCE, Classification.OmniClass.23.Description_INSTANCE, Classification.OmniClass.23.Number_INSTANCE, Classification.UniFormat.2010.Description, Classification.UniFormat.2010.Number, Comments, Description BOM Suffix, Duct Height, Duct Width, Ductwork Insulation - Lining
INFO | Candidate: NWB_WBS00 | Scope=instance | Storage=String | ReadOnly=False | Shared=True | Id=9214738
INFO | Candidate: NWB_WBS01 | Scope=instance | Storage=String | ReadOnly=False | Shared=True | Id=9214798
INFO | Candidate: NWB_WBS02 | Scope=instance | Storage=String | ReadOnly=False | Shared=True | Id=9214786
INFO | Candidate: NWB_WBS03 | Scope=instance | Storage=String | ReadOnly=False | Shared=True | Id=9214750
INFO | Writing INSTANCE parameter 'NWB_WBS03' on element 13970802
INFO | Element 13970802 | NWB_WBS03 | Kind=Shared Parameter | Scope=instance | Storage=String | Old='Z00' | New='PPT'
INFO | Candidate: NWB_WBS04 | Scope=instance | Storage=String | ReadOnly=False | Shared=True | Id=9214762
INFO | Candidate: NWB_WBS05 | Scope=instance | Storage=String | ReadOnly=False | Shared=True | Id=9214810
INFO | Candidate: NWB_WBSCode | Scope=instance | Storage=String | ReadOnly=False | Shared=True | Id=9214774
INFO | Writing INSTANCE parameter 'NWB_WBSCode' on element 13970802
INFO | Element 13970802 | NWB_WBSCode | Kind=Shared Parameter | Scope=instance | Storage=String | Old='WBH-HO-07-Z00-ME-SI5' | New='WBH-HO-07-PPT-ME-SI5'
SOURCE | Element 13970802 | Cat=Duct Fittings | Family=MHT-ME-DF-Rectangular Short Radius Bend - Flanged | Type= | Level=LEVEL 07 | System=Supply Air | LinkedRoomLink=NWB-ARC-WBH-AR-MOD-0035 | LinkedRoomNumber=PPT.07.C16 | LinkedRoomName=Corridor | LinkedRoomDept=PPT | LinkedRoomBuilding= | LinkedRoomSite= | LinkedRoomSource=connected:d4:13971900:Air Terminals | ResolvedDept=PPT | ResolvedBuilding= | ResolvedSite= | DisciplineHint=mechanical | AssetCandidates=duct fittings, ductwork | WBS00=WBH | WBS01=HO | WBS03=PPT | DesignPkg=NWB-GEN-ME-SCM-1091-A | BuildingPermitPkg=WBH - BP09
ELEMENT | 13970802 | Cat=Duct Fittings | AssetScore=45 | AssetTypeCode=MDUC | AssetType=Ductwork | AssetCategory=Ductwork | Targets=NWB_AssetTypeCode=MDUC; NWB_AssetType=Ductwork; NWB_Discipline=ME; NWB_Category=Ductwork; NWB_Department=PPT; NWB_Material=; NWB_System=Supply Air; NWB_UniclassCode=Pr_65_65_25; NWB_UniclassDescription=Ductwork and fittings; NWB_DesignPkg=NWB-GEN-ME-SCM-1091-A; NWB_BuildingPermitPkg=WBH - BP09; NWB_WBS00=WBH; NWB_WBS01=HO; NWB_WBS02=07; NWB_WBS03=PPT; NWB_WBS04=ME; NWB_WBS05=SI5; NWB_WBSCode=WBH-HO-07-PPT-ME-SI5
INFO | Candidate: NWB_AssetTypeCode | Scope=instance | Storage=String | ReadOnly=False | Shared=True | Id=3045149
INFO | Candidate: NWB_AssetTypeCode | Scope=instance | Storage=String | ReadOnly=False | Shared=True | Id=7626182
INFO | Found 2 parameters named NWB_AssetTypeCode
INFO | SELECTED | Shared Parameter | Scope=instance | ReadOnly=False | Id=3045149
INFO | SELECTED | Shared Parameter | Scope=instance | ReadOnly=False | Id=7626182
INFO | Candidate: NWB_AssetType | Scope=instance | Storage=String | ReadOnly=False | Shared=True | Id=3045150
INFO | Candidate: NWB_AssetType | Scope=instance | Storage=String | ReadOnly=False | Shared=True | Id=7626181
INFO | Found 2 parameters named NWB_AssetType
INFO | SELECTED | Shared Parameter | Scope=instance | ReadOnly=False | Id=3045150
INFO | SELECTED | Shared Parameter | Scope=instance | ReadOnly=False | Id=7626181
INFO | Candidate: NWB_Discipline | Scope=instance | Storage=String | ReadOnly=False | Shared=True | Id=3045151
INFO | Candidate: NWB_Discipline | Scope=instance | Storage=String | ReadOnly=False | Shared=True | Id=7626159
INFO | Found 2 parameters named NWB_Discipline
INFO | SELECTED | Shared Parameter | Scope=instance | ReadOnly=False | Id=3045151
INFO | SELECTED | Shared Parameter | Scope=instance | ReadOnly=False | Id=7626159
INFO | Candidate: NWB_Category | Scope=instance | Storage=String | ReadOnly=False | Shared=True | Id=3045152
INFO | Candidate: NWB_Category | Scope=instance | Storage=String | ReadOnly=False | Shared=True | Id=7626160
INFO | Found 2 parameters named NWB_Category
INFO | SELECTED | Shared Parameter | Scope=instance | ReadOnly=False | Id=3045152
INFO | SELECTED | Shared Parameter | Scope=instance | ReadOnly=False | Id=7626160
INFO | Candidate: NWB_System | Scope=instance | Storage=String | ReadOnly=False | Shared=True | Id=3045155
INFO | Candidate: NWB_System | Scope=instance | Storage=String | ReadOnly=False | Shared=True | Id=7626163
INFO | Found 2 parameters named NWB_System
INFO | SELECTED | Shared Parameter | Scope=instance | ReadOnly=False | Id=3045155
INFO | SELECTED | Shared Parameter | Scope=instance | ReadOnly=False | Id=7626163
INFO | Candidate: NWB_UniclassCode | Scope=instance | Storage=String | ReadOnly=False | Shared=True | Id=3045156
INFO | Candidate: NWB_UniclassCode | Scope=instance | Storage=String | ReadOnly=False | Shared=True | Id=7626165
INFO | Found 2 parameters named NWB_UniclassCode
INFO | SELECTED | Shared Parameter | Scope=instance | ReadOnly=False | Id=3045156
INFO | SELECTED | Shared Parameter | Scope=instance | ReadOnly=False | Id=7626165
INFO | Candidate: NWB_UniclassDescription | Scope=instance | Storage=String | ReadOnly=False | Shared=True | Id=3045157
INFO | Candidate: NWB_UniclassDescription | Scope=instance | Storage=String | ReadOnly=False | Shared=True | Id=7626166
INFO | Found 2 parameters named NWB_UniclassDescription
INFO | SELECTED | Shared Parameter | Scope=instance | ReadOnly=False | Id=3045157
INFO | SELECTED | Shared Parameter | Scope=instance | ReadOnly=False | Id=7626166
INFO | Candidate: NWB_DesignPkg | Scope=instance | Storage=String | ReadOnly=False | Shared=True | Id=3045158
INFO | Candidate: NWB_DesignPkg | Scope=instance | Storage=String | ReadOnly=False | Shared=True | Id=7626167
INFO | Found 2 parameters named NWB_DesignPkg
INFO | SELECTED | Shared Parameter | Scope=instance | ReadOnly=False | Id=3045158
INFO | SELECTED | Shared Parameter | Scope=instance | ReadOnly=False | Id=7626167
ERROR | Element 13971477 | Category=Duct Fittings | Family= | Parameter=NWB_BuildingPermitPkg | Reason=missing | Writable sample: AHU, AHU_AreaServed, AHU_Serves, AHU_Type, AHU_ZoneNumber, Building_No, COMPLETE Y/N, Classification.OmniClass.21.Description_INSTANCE, Classification.OmniClass.21.Number_INSTANCE, Classification.OmniClass.22.Description_INSTANCE, Classification.OmniClass.22.Number_INSTANCE, Classification.OmniClass.23.Description_INSTANCE, Classification.OmniClass.23.Number_INSTANCE, Classification.UniFormat.2010.Description, Classification.UniFormat.2010.Number, Comments, Description BOM Suffix, Duct Height, Duct Width, Ductwork Insulation - Lining
INFO | Candidate: NWB_WBS00 | Scope=instance | Storage=String | ReadOnly=False | Shared=True | Id=9214738
INFO | Candidate: NWB_WBS01 | Scope=instance | Storage=String | ReadOnly=False | Shared=True | Id=9214798
INFO | Candidate: NWB_WBS02 | Scope=instance | Storage=String | ReadOnly=False | Shared=True | Id=9214786
INFO | Candidate: NWB_WBS03 | Scope=instance | Storage=String | ReadOnly=False | Shared=True | Id=9214750
INFO | Candidate: NWB_WBS04 | Scope=instance | Storage=String | ReadOnly=False | Shared=True | Id=9214762
INFO | Candidate: NWB_WBS05 | Scope=instance | Storage=String | ReadOnly=False | Shared=True | Id=9214810
INFO | Candidate: NWB_WBSCode | Scope=instance | Storage=String | ReadOnly=False | Shared=True | Id=9214774
SOURCE | Element 13971477 | Cat=Duct Fittings | Family=MHT-ME-DF-Rectangular Short Radius Bend - Flanged | Type= | Level=LEVEL 07 | System=Return Air | LinkedRoomLink= | LinkedRoomNumber= | LinkedRoomName= | LinkedRoomDept= | LinkedRoomBuilding= | LinkedRoomSite= | LinkedRoomSource=connected-miss:d4:visited18 | ResolvedDept= | ResolvedBuilding= | ResolvedSite= | DisciplineHint=mechanical | AssetCandidates=duct fittings, ductwork | WBS00=WBH | WBS01=HO | WBS03=Z00 | DesignPkg=NWB-GEN-ME-SCM-1091-A | BuildingPermitPkg=WBH - BP09
WARN | Element 13971477 | Department unresolved | ExistingNWBDepartment= | ExistingWBS00=WBH | ExistingWBS01=HO | ExistingDiscipline=ME
ELEMENT | 13971477 | Cat=Duct Fittings | AssetScore=45 | AssetTypeCode=MDUC | AssetType=Ductwork | AssetCategory=Ductwork | Targets=NWB_AssetTypeCode=MDUC; NWB_AssetType=Ductwork; NWB_Discipline=ME; NWB_Category=Ductwork; NWB_Department=; NWB_Material=; NWB_System=Return Air; NWB_UniclassCode=Pr_65_65_25; NWB_UniclassDescription=Ductwork and fittings; NWB_DesignPkg=NWB-GEN-ME-SCM-1091-A; NWB_BuildingPermitPkg=WBH - BP09; NWB_WBS00=WBH; NWB_WBS01=HO; NWB_WBS02=07; NWB_WBS03=Z00; NWB_WBS04=ME; NWB_WBS05=SI5; NWB_WBSCode=WBH-HO-07-Z00-ME-SI5
INFO | Candidate: NWB_AssetTypeCode | Scope=instance | Storage=String | ReadOnly=False | Shared=True | Id=7626182
INFO | Candidate: NWB_AssetType | Scope=instance | Storage=String | ReadOnly=False | Shared=True | Id=7626181
INFO | Candidate: NWB_Discipline | Scope=instance | Storage=String | ReadOnly=False | Shared=True | Id=7626159
INFO | Candidate: NWB_Category | Scope=instance | Storage=String | ReadOnly=False | Shared=True | Id=7626160
INFO | Candidate: NWB_Department | Scope=instance | Storage=String | ReadOnly=False | Shared=True | Id=7626168
INFO | Candidate: NWB_System | Scope=instance | Storage=String | ReadOnly=False | Shared=True | Id=7626163
INFO | Candidate: NWB_UniclassCode | Scope=instance | Storage=String | ReadOnly=False | Shared=True | Id=7626165
INFO | Candidate: NWB_UniclassDescription | Scope=instance | Storage=String | ReadOnly=False | Shared=True | Id=7626166
INFO | Candidate: NWB_DesignPkg | Scope=instance | Storage=String | ReadOnly=False | Shared=True | Id=7626167
ERROR | Element 13996885 | Category=Duct Accessories | Family= | Parameter=NWB_BuildingPermitPkg | Reason=missing | Writable sample: AHU, AHU_AreaServed, AHU_Serves, AHU_Type, AHU_ZoneNumber, Building_No, COMPLETE Y/N, Classification.UniFormat.2010.Description, Classification.UniFormat.2010.Number, Comments, Connection Type, Damper No., Description BOM Suffix, Elevation from Level, Engineer Note, Export to IFC, Export to IFC As, Family, Family and Type, Height
INFO | Candidate: NWB_WBS00 | Scope=instance | Storage=String | ReadOnly=False | Shared=True | Id=9214738
INFO | Candidate: NWB_WBS01 | Scope=instance | Storage=String | ReadOnly=False | Shared=True | Id=9214798
INFO | Candidate: NWB_WBS02 | Scope=instance | Storage=String | ReadOnly=False | Shared=True | Id=9214786
INFO | Candidate: NWB_WBS03 | Scope=instance | Storage=String | ReadOnly=False | Shared=True | Id=9214750
INFO | Candidate: NWB_WBS04 | Scope=instance | Storage=String | ReadOnly=False | Shared=True | Id=9214762
INFO | Candidate: NWB_WBS05 | Scope=instance | Storage=String | ReadOnly=False | Shared=True | Id=9214810
INFO | Candidate: NWB_WBSCode | Scope=instance | Storage=String | ReadOnly=False | Shared=True | Id=9214774
SOURCE | Element 13996885 | Cat=Duct Accessories | Family=MHT-ME-Fire Damper-02 | Type= | Level=LEVEL 07 | System=Return Air | LinkedRoomLink= | LinkedRoomNumber= | LinkedRoomName= | LinkedRoomDept= | LinkedRoomBuilding= | LinkedRoomSite= | LinkedRoomSource=connected-miss:d4:visited15 | ResolvedDept=PPT | ResolvedBuilding= | ResolvedSite= | DisciplineHint=fire and fire safety systems | AssetCandidates=duct accessories, ductwork | WBS00=WBH | WBS01=HO | WBS03=PPT | DesignPkg=NWB-GEN-ME-SCM-1091-A | BuildingPermitPkg=WBH - BP09
ELEMENT | 13996885 | Cat=Duct Accessories | AssetScore=37 | AssetTypeCode=MDUC | AssetType=Ductwork | AssetCategory=Ductwork | Targets=NWB_AssetTypeCode=MDUC; NWB_AssetType=Ductwork; NWB_Discipline=ME; NWB_Category=Ductwork; NWB_Department=PPT; NWB_Material=; NWB_System=Return Air; NWB_UniclassCode=Pr_65_65_25; NWB_UniclassDescription=Ductwork and fittings; NWB_DesignPkg=NWB-GEN-ME-SCM-1091-A; NWB_BuildingPermitPkg=WBH - BP09; NWB_WBS00=WBH; NWB_WBS01=HO; NWB_WBS02=07; NWB_WBS03=PPT; NWB_WBS04=ME; NWB_WBS05=SI5; NWB_WBSCode=WBH-HO-07-PPT-ME-SI5
INFO | Candidate: NWB_AssetTypeCode | Scope=instance | Storage=String | ReadOnly=False | Shared=True | Id=7626182
INFO | Candidate: NWB_AssetType | Scope=instance | Storage=String | ReadOnly=False | Shared=True | Id=7626181
INFO | Candidate: NWB_Discipline | Scope=instance | Storage=String | ReadOnly=False | Shared=True | Id=7626159
INFO | Candidate: NWB_Category | Scope=instance | Storage=String | ReadOnly=False | Shared=True | Id=7626160
INFO | Candidate: NWB_Department | Scope=instance | Storage=String | ReadOnly=False | Shared=True | Id=7626168
INFO | Candidate: NWB_System | Scope=instance | Storage=String | ReadOnly=False | Shared=True | Id=7626163
INFO | Candidate: NWB_UniclassCode | Scope=instance | Storage=String | ReadOnly=False | Shared=True | Id=7626165
INFO | Candidate: NWB_UniclassDescription | Scope=instance | Storage=String | ReadOnly=False | Shared=True | Id=7626166
INFO | Candidate: NWB_DesignPkg | Scope=instance | Storage=String | ReadOnly=False | Shared=True | Id=7626167
ERROR | Element 13996888 | Category=Ducts | Family= | Parameter=NWB_BuildingPermitPkg | Reason=missing | Writable sample: AHU, AHU_AreaServed, AHU_Serves, AHU_Type, AHU_ZoneNumber, Additional Flow, Building_No, COMPLETE Y/N, Classification.OmniClass.21.Description_INSTANCE, Classification.OmniClass.21.Number_INSTANCE, Classification.OmniClass.22.Description_INSTANCE, Classification.OmniClass.22.Number_INSTANCE, Classification.OmniClass.23.Description_INSTANCE, Classification.OmniClass.23.Number_INSTANCE, Classification.UniFormat.2010.Description, Classification.UniFormat.2010.Number, Comments, DUCT NUMBER, Description BOM Suffix, Duct Number
INFO | Candidate: NWB_WBS00 | Scope=instance | Storage=String | ReadOnly=False | Shared=True | Id=9214738
INFO | Candidate: NWB_WBS01 | Scope=instance | Storage=String | ReadOnly=False | Shared=True | Id=9214798
INFO | Candidate: NWB_WBS02 | Scope=instance | Storage=String | ReadOnly=False | Shared=True | Id=9214786
INFO | Candidate: NWB_WBS03 | Scope=instance | Storage=String | ReadOnly=False | Shared=True | Id=9214750
INFO | Candidate: NWB_WBS04 | Scope=instance | Storage=String | ReadOnly=False | Shared=True | Id=9214762
INFO | Candidate: NWB_WBS05 | Scope=instance | Storage=String | ReadOnly=False | Shared=True | Id=9214810
INFO | Candidate: NWB_WBSCode | Scope=instance | Storage=String | ReadOnly=False | Shared=True | Id=9214774
SOURCE | Element 13996888 | Cat=Ducts | Family=Rectangular Duct | Type= | Level=LEVEL 07 | System=Return Air | LinkedRoomLink= | LinkedRoomNumber= | LinkedRoomName= | LinkedRoomDept= | LinkedRoomBuilding= | LinkedRoomSite= | LinkedRoomSource=connected-miss:d4:visited15 | ResolvedDept=PPT | ResolvedBuilding= | ResolvedSite= | DisciplineHint=mechanical | AssetCandidates=ducts, ductwork | WBS00=WBH | WBS01=HO | WBS03=PPT | DesignPkg=NWB-GEN-ME-SCM-1091-A | BuildingPermitPkg=WBH - BP09
ELEMENT | 13996888 | Cat=Ducts | AssetScore=45 | AssetTypeCode=MDUC | AssetType=Ductwork | AssetCategory=Ductwork | Targets=NWB_AssetTypeCode=MDUC; NWB_AssetType=Ductwork; NWB_Discipline=ME; NWB_Category=Ductwork; NWB_Department=PPT; NWB_Material=; NWB_System=Return Air; NWB_UniclassCode=Pr_65_65_25; NWB_UniclassDescription=Ductwork and fittings; NWB_DesignPkg=NWB-GEN-ME-SCM-1091-A; NWB_BuildingPermitPkg=WBH - BP09; NWB_WBS00=WBH; NWB_WBS01=HO; NWB_WBS02=07; NWB_WBS03=PPT; NWB_WBS04=ME; NWB_WBS05=SI5; NWB_WBSCode=WBH-HO-07-PPT-ME-SI5
INFO | Candidate: NWB_AssetTypeCode | Scope=instance | Storage=String | ReadOnly=False | Shared=True | Id=7626182
INFO | Candidate: NWB_AssetType | Scope=instance | Storage=String | ReadOnly=False | Shared=True | Id=7626181
INFO | Candidate: NWB_Discipline | Scope=instance | Storage=String | ReadOnly=False | Shared=True | Id=7626159
INFO | Candidate: NWB_Category | Scope=instance | Storage=String | ReadOnly=False | Shared=True | Id=7626160
INFO | Candidate: NWB_Department | Scope=instance | Storage=String | ReadOnly=False | Shared=True | Id=7626168
INFO | Candidate: NWB_System | Scope=instance | Storage=String | ReadOnly=False | Shared=True | Id=7626163
INFO | Candidate: NWB_UniclassCode | Scope=instance | Storage=String | ReadOnly=False | Shared=True | Id=7626165
INFO | Candidate: NWB_UniclassDescription | Scope=instance | Storage=String | ReadOnly=False | Shared=True | Id=7626166
INFO | Candidate: NWB_DesignPkg | Scope=instance | Storage=String | ReadOnly=False | Shared=True | Id=7626167
ERROR | Element 13996903 | Category=Duct Accessories | Family= | Parameter=NWB_BuildingPermitPkg | Reason=missing | Writable sample: AHU, AHU_AreaServed, AHU_Serves, AHU_Type, AHU_ZoneNumber, Building_No, COMPLETE Y/N, Classification.UniFormat.2010.Description, Classification.UniFormat.2010.Number, Comments, Connection Type, Damper No., Description BOM Suffix, Elevation from Level, Engineer Note, Export to IFC, Export to IFC As, Family, Family and Type, Height
INFO | Candidate: NWB_WBS00 | Scope=instance | Storage=String | ReadOnly=False | Shared=True | Id=9214738
INFO | Candidate: NWB_WBS01 | Scope=instance | Storage=String | ReadOnly=False | Shared=True | Id=9214798
INFO | Candidate: NWB_WBS02 | Scope=instance | Storage=String | ReadOnly=False | Shared=True | Id=9214786
INFO | Candidate: NWB_WBS03 | Scope=instance | Storage=String | ReadOnly=False | Shared=True | Id=9214750
INFO | Candidate: NWB_WBS04 | Scope=instance | Storage=String | ReadOnly=False | Shared=True | Id=9214762
INFO | Candidate: NWB_WBS05 | Scope=instance | Storage=String | ReadOnly=False | Shared=True | Id=9214810
INFO | Candidate: NWB_WBSCode | Scope=instance | Storage=String | ReadOnly=False | Shared=True | Id=9214774
SOURCE | Element 13996903 | Cat=Duct Accessories | Family=MHT-ME-Fire Damper-02 | Type= | Level=LEVEL 07 | System=Supply Air | LinkedRoomLink=NWB-ARC-WBH-AR-MOD-0035 | LinkedRoomNumber=PPT.07.C16 | LinkedRoomName=Corridor | LinkedRoomDept=PPT | LinkedRoomBuilding= | LinkedRoomSite= | LinkedRoomSource=connected:d2:13971800:Air Terminals | ResolvedDept=PPT | ResolvedBuilding= | ResolvedSite= | DisciplineHint=fire and fire safety systems | AssetCandidates=duct accessories, ductwork | WBS00=WBH | WBS01=HO | WBS03=PPT | DesignPkg=NWB-GEN-ME-SCM-1091-A | BuildingPermitPkg=WBH - BP09
ELEMENT | 13996903 | Cat=Duct Accessories | AssetScore=37 | AssetTypeCode=MDUC | AssetType=Ductwork | AssetCategory=Ductwork | Targets=NWB_AssetTypeCode=MDUC; NWB_AssetType=Ductwork; NWB_Discipline=ME; NWB_Category=Ductwork; NWB_Department=PPT; NWB_Material=; NWB_System=Supply Air; NWB_UniclassCode=Pr_65_65_25; NWB_UniclassDescription=Ductwork and fittings; NWB_DesignPkg=NWB-GEN-ME-SCM-1091-A; NWB_BuildingPermitPkg=WBH - BP09; NWB_WBS00=WBH; NWB_WBS01=HO; NWB_WBS02=07; NWB_WBS03=PPT; NWB_WBS04=ME; NWB_WBS05=SI5; NWB_WBSCode=WBH-HO-07-PPT-ME-SI5
INFO | Candidate: NWB_AssetTypeCode | Scope=instance | Storage=String | ReadOnly=False | Shared=True | Id=7626182
INFO | Candidate: NWB_AssetType | Scope=instance | Storage=String | ReadOnly=False | Shared=True | Id=7626181
INFO | Candidate: NWB_Discipline | Scope=instance | Storage=String | ReadOnly=False | Shared=True | Id=7626159
INFO | Candidate: NWB_Category | Scope=instance | Storage=String | ReadOnly=False | Shared=True | Id=7626160
INFO | Candidate: NWB_Department | Scope=instance | Storage=String | ReadOnly=False | Shared=True | Id=7626168
INFO | Candidate: NWB_System | Scope=instance | Storage=String | ReadOnly=False | Shared=True | Id=7626163
INFO | Candidate: NWB_UniclassCode | Scope=instance | Storage=String | ReadOnly=False | Shared=True | Id=7626165
INFO | Candidate: NWB_UniclassDescription | Scope=instance | Storage=String | ReadOnly=False | Shared=True | Id=7626166
INFO | Candidate: NWB_DesignPkg | Scope=instance | Storage=String | ReadOnly=False | Shared=True | Id=7626167
ERROR | Element 13996911 | Category=Ducts | Family= | Parameter=NWB_BuildingPermitPkg | Reason=missing | Writable sample: AHU, AHU_AreaServed, AHU_Serves, AHU_Type, AHU_ZoneNumber, Additional Flow, Building_No, COMPLETE Y/N, Classification.OmniClass.21.Description_INSTANCE, Classification.OmniClass.21.Number_INSTANCE, Classification.OmniClass.22.Description_INSTANCE, Classification.OmniClass.22.Number_INSTANCE, Classification.OmniClass.23.Description_INSTANCE, Classification.OmniClass.23.Number_INSTANCE, Classification.UniFormat.2010.Description, Classification.UniFormat.2010.Number, Comments, DUCT NUMBER, Description BOM Suffix, Duct Number
INFO | Candidate: NWB_WBS00 | Scope=instance | Storage=String | ReadOnly=False | Shared=True | Id=9214738
INFO | Candidate: NWB_WBS01 | Scope=instance | Storage=String | ReadOnly=False | Shared=True | Id=9214798
INFO | Candidate: NWB_WBS02 | Scope=instance | Storage=String | ReadOnly=False | Shared=True | Id=9214786
INFO | Candidate: NWB_WBS03 | Scope=instance | Storage=String | ReadOnly=False | Shared=True | Id=9214750
INFO | Candidate: NWB_WBS04 | Scope=instance | Storage=String | ReadOnly=False | Shared=True | Id=9214762
INFO | Candidate: NWB_WBS05 | Scope=instance | Storage=String | ReadOnly=False | Shared=True | Id=9214810
INFO | Candidate: NWB_WBSCode | Scope=instance | Storage=String | ReadOnly=False | Shared=True | Id=9214774
SOURCE | Element 13996911 | Cat=Ducts | Family=Rectangular Duct | Type= | Level=LEVEL 07 | System=Supply Air | LinkedRoomLink=NWB-ARC-WBH-AR-MOD-0035 | LinkedRoomNumber=PPT.07.C16 | LinkedRoomName=Corridor | LinkedRoomDept=PPT | LinkedRoomBuilding= | LinkedRoomSite= | LinkedRoomSource=connected:d3:13971900:Air Terminals | ResolvedDept=PPT | ResolvedBuilding= | ResolvedSite= | DisciplineHint=mechanical | AssetCandidates=ducts, ductwork | WBS00=WBH | WBS01=HO | WBS03=PPT | DesignPkg=NWB-GEN-ME-SCM-1091-A | BuildingPermitPkg=WBH - BP09
ELEMENT | 13996911 | Cat=Ducts | AssetScore=45 | AssetTypeCode=MDUC | AssetType=Ductwork | AssetCategory=Ductwork | Targets=NWB_AssetTypeCode=MDUC; NWB_AssetType=Ductwork; NWB_Discipline=ME; NWB_Category=Ductwork; NWB_Department=PPT; NWB_Material=; NWB_System=Supply Air; NWB_UniclassCode=Pr_65_65_25; NWB_UniclassDescription=Ductwork and fittings; NWB_DesignPkg=NWB-GEN-ME-SCM-1091-A; NWB_BuildingPermitPkg=WBH - BP09; NWB_WBS00=WBH; NWB_WBS01=HO; NWB_WBS02=07; NWB_WBS03=PPT; NWB_WBS04=ME; NWB_WBS05=SI5; NWB_WBSCode=WBH-HO-07-PPT-ME-SI5
INFO | Candidate: NWB_AssetTypeCode | Scope=instance | Storage=String | ReadOnly=False | Shared=True | Id=7626182
INFO | Candidate: NWB_AssetType | Scope=instance | Storage=String | ReadOnly=False | Shared=True | Id=7626181
INFO | Candidate: NWB_Discipline | Scope=instance | Storage=String | ReadOnly=False | Shared=True | Id=7626159
INFO | Candidate: NWB_Category | Scope=instance | Storage=String | ReadOnly=False | Shared=True | Id=7626160
INFO | Candidate: NWB_Department | Scope=instance | Storage=String | ReadOnly=False | Shared=True | Id=7626168
INFO | Candidate: NWB_System | Scope=instance | Storage=String | ReadOnly=False | Shared=True | Id=7626163
INFO | Candidate: NWB_UniclassCode | Scope=instance | Storage=String | ReadOnly=False | Shared=True | Id=7626165
INFO | Candidate: NWB_UniclassDescription | Scope=instance | Storage=String | ReadOnly=False | Shared=True | Id=7626166
INFO | Candidate: NWB_DesignPkg | Scope=instance | Storage=String | ReadOnly=False | Shared=True | Id=7626167
ERROR | Element 13996926 | Category=Duct Accessories | Family= | Parameter=NWB_BuildingPermitPkg | Reason=missing | Writable sample: AHU, AHU_AreaServed, AHU_Serves, AHU_Type, AHU_ZoneNumber, Building_No, COMPLETE Y/N, Classification.UniFormat.2010.Description, Classification.UniFormat.2010.Number, Comments, Connection Type, Damper No., Description BOM Suffix, Elevation from Level, Engineer Note, Export to IFC, Export to IFC As, Family, Family and Type, Height
INFO | Candidate: NWB_WBS00 | Scope=instance | Storage=String | ReadOnly=False | Shared=True | Id=9214738
INFO | Candidate: NWB_WBS01 | Scope=instance | Storage=String | ReadOnly=False | Shared=True | Id=9214798
INFO | Candidate: NWB_WBS02 | Scope=instance | Storage=String | ReadOnly=False | Shared=True | Id=9214786
INFO | Candidate: NWB_WBS03 | Scope=instance | Storage=String | ReadOnly=False | Shared=True | Id=9214750
INFO | Candidate: NWB_WBS04 | Scope=instance | Storage=String | ReadOnly=False | Shared=True | Id=9214762
INFO | Candidate: NWB_WBS05 | Scope=instance | Storage=String | ReadOnly=False | Shared=True | Id=9214810
INFO | Candidate: NWB_WBSCode | Scope=instance | Storage=String | ReadOnly=False | Shared=True | Id=9214774
SOURCE | Element 13996926 | Cat=Duct Accessories | Family=MHT-ME-Fire Damper-02 | Type= | Level=LEVEL 07 | System=Supply Air | LinkedRoomLink=NWB-ARC-WBH-AR-MOD-0035 | LinkedRoomNumber=PPT.07.C19 | LinkedRoomName=Corridor | LinkedRoomDept=PPT | LinkedRoomBuilding= | LinkedRoomSite= | LinkedRoomSource=connected:d2:13965488:Air Terminals | ResolvedDept=PPT | ResolvedBuilding= | ResolvedSite= | DisciplineHint=fire and fire safety systems | AssetCandidates=duct accessories, ductwork | WBS00=WBH | WBS01=HO | WBS03=PPT | DesignPkg=NWB-GEN-ME-SCM-1091-A | BuildingPermitPkg=WBH - BP09
ELEMENT | 13996926 | Cat=Duct Accessories | AssetScore=37 | AssetTypeCode=MDUC | AssetType=Ductwork | AssetCategory=Ductwork | Targets=NWB_AssetTypeCode=MDUC; NWB_AssetType=Ductwork; NWB_Discipline=ME; NWB_Category=Ductwork; NWB_Department=PPT; NWB_Material=; NWB_System=Supply Air; NWB_UniclassCode=Pr_65_65_25; NWB_UniclassDescription=Ductwork and fittings; NWB_DesignPkg=NWB-GEN-ME-SCM-1091-A; NWB_BuildingPermitPkg=WBH - BP09; NWB_WBS00=WBH; NWB_WBS01=HO; NWB_WBS02=07; NWB_WBS03=PPT; NWB_WBS04=ME; NWB_WBS05=SI5; NWB_WBSCode=WBH-HO-07-PPT-ME-SI5
INFO | Candidate: NWB_AssetTypeCode | Scope=instance | Storage=String | ReadOnly=False | Shared=True | Id=7626182
INFO | Candidate: NWB_AssetType | Scope=instance | Storage=String | ReadOnly=False | Shared=True | Id=7626181
INFO | Candidate: NWB_Discipline | Scope=instance | Storage=String | ReadOnly=False | Shared=True | Id=7626159
INFO | Candidate: NWB_Category | Scope=instance | Storage=String | ReadOnly=False | Shared=True | Id=7626160
INFO | Candidate: NWB_Department | Scope=instance | Storage=String | ReadOnly=False | Shared=True | Id=7626168
INFO | Candidate: NWB_System | Scope=instance | Storage=String | ReadOnly=False | Shared=True | Id=7626163
INFO | Candidate: NWB_UniclassCode | Scope=instance | Storage=String | ReadOnly=False | Shared=True | Id=7626165
INFO | Candidate: NWB_UniclassDescription | Scope=instance | Storage=String | ReadOnly=False | Shared=True | Id=7626166
INFO | Candidate: NWB_DesignPkg | Scope=instance | Storage=String | ReadOnly=False | Shared=True | Id=7626167
ERROR | Element 13996949 | Category=Duct Accessories | Family= | Parameter=NWB_BuildingPermitPkg | Reason=missing | Writable sample: AHU, AHU_AreaServed, AHU_Serves, AHU_Type, AHU_ZoneNumber, Building_No, COMPLETE Y/N, Classification.UniFormat.2010.Description, Classification.UniFormat.2010.Number, Comments, Connection Type, Damper No., Description BOM Suffix, Elevation from Level, Engineer Note, Export to IFC, Export to IFC As, Family, Family and Type, Height
INFO | Candidate: NWB_WBS00 | Scope=instance | Storage=String | ReadOnly=False | Shared=True | Id=9214738
INFO | Candidate: NWB_WBS01 | Scope=instance | Storage=String | ReadOnly=False | Shared=True | Id=9214798
INFO | Candidate: NWB_WBS02 | Scope=instance | Storage=String | ReadOnly=False | Shared=True | Id=9214786
INFO | Candidate: NWB_WBS03 | Scope=instance | Storage=String | ReadOnly=False | Shared=True | Id=9214750
INFO | Candidate: NWB_WBS04 | Scope=instance | Storage=String | ReadOnly=False | Shared=True | Id=9214762
INFO | Candidate: NWB_WBS05 | Scope=instance | Storage=String | ReadOnly=False | Shared=True | Id=9214810
INFO | Candidate: NWB_WBSCode | Scope=instance | Storage=String | ReadOnly=False | Shared=True | Id=9214774
SOURCE | Element 13996949 | Cat=Duct Accessories | Family=MHT-ME-Fire Damper-02 | Type= | Level=LEVEL 07 | System=Supply Air | LinkedRoomLink=NWB-ARC-WBH-AR-MOD-0035 | LinkedRoomNumber=PPT.07.171 | LinkedRoomName=Cleaner's Room | LinkedRoomDept=PPT | LinkedRoomBuilding= | LinkedRoomSite= | LinkedRoomSource=connected:d2:13994316:Air Terminals | ResolvedDept=PPT | ResolvedBuilding= | ResolvedSite= | DisciplineHint=fire and fire safety systems | AssetCandidates=duct accessories, ductwork | WBS00=WBH | WBS01=HO | WBS03=PPT | DesignPkg=NWB-GEN-ME-SCM-1091-A | BuildingPermitPkg=WBH - BP09
ELEMENT | 13996949 | Cat=Duct Accessories | AssetScore=37 | AssetTypeCode=MDUC | AssetType=Ductwork | AssetCategory=Ductwork | Targets=NWB_AssetTypeCode=MDUC; NWB_AssetType=Ductwork; NWB_Discipline=ME; NWB_Category=Ductwork; NWB_Department=PPT; NWB_Material=; NWB_System=Supply Air; NWB_UniclassCode=Pr_65_65_25; NWB_UniclassDescription=Ductwork and fittings; NWB_DesignPkg=NWB-GEN-ME-SCM-1091-A; NWB_BuildingPermitPkg=WBH - BP09; NWB_WBS00=WBH; NWB_WBS01=HO; NWB_WBS02=07; NWB_WBS03=PPT; NWB_WBS04=ME; NWB_WBS05=SI5; NWB_WBSCode=WBH-HO-07-PPT-ME-SI5
INFO | Candidate: NWB_AssetTypeCode | Scope=instance | Storage=String | ReadOnly=False | Shared=True | Id=7626182
INFO | Candidate: NWB_AssetType | Scope=instance | Storage=String | ReadOnly=False | Shared=True | Id=7626181
INFO | Candidate: NWB_Discipline | Scope=instance | Storage=String | ReadOnly=False | Shared=True | Id=7626159
INFO | Candidate: NWB_Category | Scope=instance | Storage=String | ReadOnly=False | Shared=True | Id=7626160
INFO | Candidate: NWB_Department | Scope=instance | Storage=String | ReadOnly=False | Shared=True | Id=7626168
INFO | Candidate: NWB_System | Scope=instance | Storage=String | ReadOnly=False | Shared=True | Id=7626163
INFO | Candidate: NWB_UniclassCode | Scope=instance | Storage=String | ReadOnly=False | Shared=True | Id=7626165
INFO | Candidate: NWB_UniclassDescription | Scope=instance | Storage=String | ReadOnly=False | Shared=True | Id=7626166
INFO | Candidate: NWB_DesignPkg | Scope=instance | Storage=String | ReadOnly=False | Shared=True | Id=7626167
ERROR | Element 13997007 | Category=Duct Accessories | Family= | Parameter=NWB_BuildingPermitPkg | Reason=missing | Writable sample: AHU, AHU_AreaServed, AHU_Serves, AHU_Type, AHU_ZoneNumber, Building_No, COMPLETE Y/N, Classification.UniFormat.2010.Description, Classification.UniFormat.2010.Number, Comments, Connection Type, Damper No., Description BOM Suffix, Elevation from Level, Engineer Note, Export to IFC, Export to IFC As, Family, Family and Type, Height
INFO | Candidate: NWB_WBS00 | Scope=instance | Storage=String | ReadOnly=False | Shared=True | Id=9214738
INFO | Candidate: NWB_WBS01 | Scope=instance | Storage=String | ReadOnly=False | Shared=True | Id=9214798
INFO | Candidate: NWB_WBS02 | Scope=instance | Storage=String | ReadOnly=False | Shared=True | Id=9214786
INFO | Candidate: NWB_WBS03 | Scope=instance | Storage=String | ReadOnly=False | Shared=True | Id=9214750
INFO | Candidate: NWB_WBS04 | Scope=instance | Storage=String | ReadOnly=False | Shared=True | Id=9214762
INFO | Candidate: NWB_WBS05 | Scope=instance | Storage=String | ReadOnly=False | Shared=True | Id=9214810
INFO | Candidate: NWB_WBSCode | Scope=instance | Storage=String | ReadOnly=False | Shared=True | Id=9214774
SOURCE | Element 13997007 | Cat=Duct Accessories | Family=MHT-ME-Fire Damper-02 | Type= | Level=LEVEL 07 | System=Supply Air | LinkedRoomLink=NWB-ARC-WBH-AR-MOD-0035 | LinkedRoomNumber=PPT.07.187 | LinkedRoomName=Autopsy Room - Perinatal | LinkedRoomDept=PPT | LinkedRoomBuilding= | LinkedRoomSite= | LinkedRoomSource=connected:d4:13968667:Air Terminals | ResolvedDept=PPT | ResolvedBuilding= | ResolvedSite= | DisciplineHint=fire and fire safety systems | AssetCandidates=duct accessories, ductwork | WBS00=WBH | WBS01=HO | WBS03=PPT | DesignPkg=NWB-GEN-ME-SCM-1091-A | BuildingPermitPkg=WBH - BP09
ELEMENT | 13997007 | Cat=Duct Accessories | AssetScore=37 | AssetTypeCode=MDUC | AssetType=Ductwork | AssetCategory=Ductwork | Targets=NWB_AssetTypeCode=MDUC; NWB_AssetType=Ductwork; NWB_Discipline=ME; NWB_Category=Ductwork; NWB_Department=PPT; NWB_Material=; NWB_System=Supply Air; NWB_UniclassCode=Pr_65_65_25; NWB_UniclassDescription=Ductwork and fittings; NWB_DesignPkg=NWB-GEN-ME-SCM-1091-A; NWB_BuildingPermitPkg=WBH - BP09; NWB_WBS00=WBH; NWB_WBS01=HO; NWB_WBS02=07; NWB_WBS03=PPT; NWB_WBS04=ME; NWB_WBS05=SI5; NWB_WBSCode=WBH-HO-07-PPT-ME-SI5
INFO | Candidate: NWB_AssetTypeCode | Scope=instance | Storage=String | ReadOnly=False | Shared=True | Id=7626182
INFO | Candidate: NWB_AssetType | Scope=instance | Storage=String | ReadOnly=False | Shared=True | Id=7626181
INFO | Candidate: NWB_Discipline | Scope=instance | Storage=String | ReadOnly=False | Shared=True | Id=7626159
INFO | Candidate: NWB_Category | Scope=instance | Storage=String | ReadOnly=False | Shared=True | Id=7626160
INFO | Candidate: NWB_Department | Scope=instance | Storage=String | ReadOnly=False | Shared=True | Id=7626168
INFO | Candidate: NWB_System | Scope=instance | Storage=String | ReadOnly=False | Shared=True | Id=7626163
INFO | Candidate: NWB_UniclassCode | Scope=instance | Storage=String | ReadOnly=False | Shared=True | Id=7626165
INFO | Candidate: NWB_UniclassDescription | Scope=instance | Storage=String | ReadOnly=False | Shared=True | Id=7626166
INFO | Candidate: NWB_DesignPkg | Scope=instance | Storage=String | ReadOnly=False | Shared=True | Id=7626167
ERROR | Element 13997156 | Category=Ducts | Family= | Parameter=NWB_BuildingPermitPkg | Reason=missing | Writable sample: AHU, AHU_AreaServed, AHU_Serves, AHU_Type, AHU_ZoneNumber, Additional Flow, Building_No, COMPLETE Y/N, Classification.OmniClass.21.Description_INSTANCE, Classification.OmniClass.21.Number_INSTANCE, Classification.OmniClass.22.Description_INSTANCE, Classification.OmniClass.22.Number_INSTANCE, Classification.OmniClass.23.Description_INSTANCE, Classification.OmniClass.23.Number_INSTANCE, Classification.UniFormat.2010.Description, Classification.UniFormat.2010.Number, Comments, DUCT NUMBER, Description BOM Suffix, Duct Number
INFO | Candidate: NWB_WBS00 | Scope=instance | Storage=String | ReadOnly=False | Shared=True | Id=9214738
INFO | Candidate: NWB_WBS01 | Scope=instance | Storage=String | ReadOnly=False | Shared=True | Id=9214798
INFO | Candidate: NWB_WBS02 | Scope=instance | Storage=String | ReadOnly=False | Shared=True | Id=9214786
INFO | Candidate: NWB_WBS03 | Scope=instance | Storage=String | ReadOnly=False | Shared=True | Id=9214750
INFO | Candidate: NWB_WBS04 | Scope=instance | Storage=String | ReadOnly=False | Shared=True | Id=9214762
INFO | Candidate: NWB_WBS05 | Scope=instance | Storage=String | ReadOnly=False | Shared=True | Id=9214810
INFO | Candidate: NWB_WBSCode | Scope=instance | Storage=String | ReadOnly=False | Shared=True | Id=9214774
SOURCE | Element 13997156 | Cat=Ducts | Family=Rectangular Duct | Type= | Level=LEVEL 07 | System=Supply Air | LinkedRoomLink=NWB-ARC-WBH-AR-MOD-0035 | LinkedRoomNumber=PPT.07.162 | LinkedRoomName=Body Hold | LinkedRoomDept=PPT | LinkedRoomBuilding= | LinkedRoomSite= | LinkedRoomSource=connected:d3:13967618:Air Terminals | ResolvedDept=PPT | ResolvedBuilding= | ResolvedSite= | DisciplineHint=mechanical | AssetCandidates=ducts, ductwork | WBS00=WBH | WBS01=HO | WBS03=PPT | DesignPkg=NWB-GEN-ME-SCM-1091-A | BuildingPermitPkg=WBH - BP09
ELEMENT | 13997156 | Cat=Ducts | AssetScore=45 | AssetTypeCode=MDUC | AssetType=Ductwork | AssetCategory=Ductwork | Targets=NWB_AssetTypeCode=MDUC; NWB_AssetType=Ductwork; NWB_Discipline=ME; NWB_Category=Ductwork; NWB_Department=PPT; NWB_Material=; NWB_System=Supply Air; NWB_UniclassCode=Pr_65_65_25; NWB_UniclassDescription=Ductwork and fittings; NWB_DesignPkg=NWB-GEN-ME-SCM-1091-A; NWB_BuildingPermitPkg=WBH - BP09; NWB_WBS00=WBH; NWB_WBS01=HO; NWB_WBS02=07; NWB_WBS03=PPT; NWB_WBS04=ME; NWB_WBS05=SI5; NWB_WBSCode=WBH-HO-07-PPT-ME-SI5
INFO | Candidate: NWB_AssetTypeCode | Scope=instance | Storage=String | ReadOnly=False | Shared=True | Id=7626182
INFO | Candidate: NWB_AssetType | Scope=instance | Storage=String | ReadOnly=False | Shared=True | Id=7626181
INFO | Candidate: NWB_Discipline | Scope=instance | Storage=String | ReadOnly=False | Shared=True | Id=7626159
INFO | Candidate: NWB_Category | Scope=instance | Storage=String | ReadOnly=False | Shared=True | Id=7626160
INFO | Candidate: NWB_Department | Scope=instance | Storage=String | ReadOnly=False | Shared=True | Id=7626168
INFO | Writing INSTANCE parameter 'NWB_Department' on element 14892679
INFO | Element 14892679 | NWB_Department | Kind=Shared Parameter | Scope=instance | Storage=String | Old='PPT' | New='PAT'
INFO | Candidate: NWB_System | Scope=instance | Storage=String | ReadOnly=False | Shared=True | Id=7626163
INFO | Candidate: NWB_UniclassCode | Scope=instance | Storage=String | ReadOnly=False | Shared=True | Id=7626165
INFO | Candidate: NWB_UniclassDescription | Scope=instance | Storage=String | ReadOnly=False | Shared=True | Id=7626166
INFO | Candidate: NWB_DesignPkg | Scope=instance | Storage=String | ReadOnly=False | Shared=True | Id=7626167
ERROR | Element 14892679 | Category=Duct Accessories | Family= | Parameter=NWB_BuildingPermitPkg | Reason=missing | Writable sample: AHU, AHU_AreaServed, AHU_Serves, AHU_Type, AHU_ZoneNumber, Building_No, COMPLETE Y/N, Classification.UniFormat.2010.Description, Classification.UniFormat.2010.Number, Comments, Connection Type, Damper No., Description BOM Suffix, Elevation from Level, Engineer Note, Export to IFC, Export to IFC As, Family, Family and Type, Height
INFO | Candidate: NWB_WBS00 | Scope=instance | Storage=String | ReadOnly=False | Shared=True | Id=9214738
INFO | Candidate: NWB_WBS01 | Scope=instance | Storage=String | ReadOnly=False | Shared=True | Id=9214798
INFO | Candidate: NWB_WBS02 | Scope=instance | Storage=String | ReadOnly=False | Shared=True | Id=9214786
INFO | Candidate: NWB_WBS03 | Scope=instance | Storage=String | ReadOnly=False | Shared=True | Id=9214750
INFO | Writing INSTANCE parameter 'NWB_WBS03' on element 14892679
INFO | Element 14892679 | NWB_WBS03 | Kind=Shared Parameter | Scope=instance | Storage=String | Old='PPT' | New='PAT'
INFO | Candidate: NWB_WBS04 | Scope=instance | Storage=String | ReadOnly=False | Shared=True | Id=9214762
INFO | Candidate: NWB_WBS05 | Scope=instance | Storage=String | ReadOnly=False | Shared=True | Id=9214810
INFO | Candidate: NWB_WBSCode | Scope=instance | Storage=String | ReadOnly=False | Shared=True | Id=9214774
INFO | Writing INSTANCE parameter 'NWB_WBSCode' on element 14892679
INFO | Element 14892679 | NWB_WBSCode | Kind=Shared Parameter | Scope=instance | Storage=String | Old='WBH-HO-07-PPT-ME-SI5' | New='WBH-HO-07-PAT-ME-SI5'
SOURCE | Element 14892679 | Cat=Duct Accessories | Family=MHT-ME-Fire Damper-02 | Type= | Level=LEVEL 07 | System=Exhaust Air | LinkedRoomLink=NWB-ARC-WBH-AR-MOD-0035 | LinkedRoomNumber=PAT.07.106 | LinkedRoomName=Disposal Room, 10m2 | LinkedRoomDept=PAT | LinkedRoomBuilding= | LinkedRoomSite= | LinkedRoomSource=connected:d3:14893466:Air Terminals | ResolvedDept=PAT | ResolvedBuilding= | ResolvedSite= | DisciplineHint=fire and fire safety systems | AssetCandidates=duct accessories, ductwork | WBS00=WBH | WBS01=HO | WBS03=PAT | DesignPkg=NWB-GEN-ME-SCM-1091-A | BuildingPermitPkg=WBH - BP09
ELEMENT | 14892679 | Cat=Duct Accessories | AssetScore=37 | AssetTypeCode=MDUC | AssetType=Ductwork | AssetCategory=Ductwork | Targets=NWB_AssetTypeCode=MDUC; NWB_AssetType=Ductwork; NWB_Discipline=ME; NWB_Category=Ductwork; NWB_Department=PAT; NWB_Material=; NWB_System=Exhaust Air; NWB_UniclassCode=Pr_65_65_25; NWB_UniclassDescription=Ductwork and fittings; NWB_DesignPkg=NWB-GEN-ME-SCM-1091-A; NWB_BuildingPermitPkg=WBH - BP09; NWB_WBS00=WBH; NWB_WBS01=HO; NWB_WBS02=07; NWB_WBS03=PAT; NWB_WBS04=ME; NWB_WBS05=SI5; NWB_WBSCode=WBH-HO-07-PAT-ME-SI5
INFO | Candidate: NWB_AssetTypeCode | Scope=instance | Storage=String | ReadOnly=False | Shared=True | Id=7626182
INFO | Candidate: NWB_AssetType | Scope=instance | Storage=String | ReadOnly=False | Shared=True | Id=7626181
INFO | Candidate: NWB_Discipline | Scope=instance | Storage=String | ReadOnly=False | Shared=True | Id=7626159
INFO | Candidate: NWB_Category | Scope=instance | Storage=String | ReadOnly=False | Shared=True | Id=7626160
INFO | Candidate: NWB_Department | Scope=instance | Storage=String | ReadOnly=False | Shared=True | Id=7626168
INFO | Candidate: NWB_System | Scope=instance | Storage=String | ReadOnly=False | Shared=True | Id=7626163
INFO | Candidate: NWB_UniclassCode | Scope=instance | Storage=String | ReadOnly=False | Shared=True | Id=7626165
INFO | Candidate: NWB_UniclassDescription | Scope=instance | Storage=String | ReadOnly=False | Shared=True | Id=7626166
INFO | Candidate: NWB_DesignPkg | Scope=instance | Storage=String | ReadOnly=False | Shared=True | Id=7626167
ERROR | Element 14892700 | Category=Ducts | Family= | Parameter=NWB_BuildingPermitPkg | Reason=missing | Writable sample: AHU, AHU_AreaServed, AHU_Serves, AHU_Type, AHU_ZoneNumber, Additional Flow, Building_No, COMPLETE Y/N, Classification.OmniClass.21.Description_INSTANCE, Classification.OmniClass.21.Number_INSTANCE, Classification.OmniClass.22.Description_INSTANCE, Classification.OmniClass.22.Number_INSTANCE, Classification.OmniClass.23.Description_INSTANCE, Classification.OmniClass.23.Number_INSTANCE, Classification.UniFormat.2010.Description, Classification.UniFormat.2010.Number, Comments, DUCT NUMBER, Description BOM Suffix, Duct Number
INFO | Candidate: NWB_WBS00 | Scope=instance | Storage=String | ReadOnly=False | Shared=True | Id=9214738
INFO | Candidate: NWB_WBS01 | Scope=instance | Storage=String | ReadOnly=False | Shared=True | Id=9214798
INFO | Candidate: NWB_WBS02 | Scope=instance | Storage=String | ReadOnly=False | Shared=True | Id=9214786
INFO | Candidate: NWB_WBS03 | Scope=instance | Storage=String | ReadOnly=False | Shared=True | Id=9214750
INFO | Candidate: NWB_WBS04 | Scope=instance | Storage=String | ReadOnly=False | Shared=True | Id=9214762
INFO | Candidate: NWB_WBS05 | Scope=instance | Storage=String | ReadOnly=False | Shared=True | Id=9214810
INFO | Candidate: NWB_WBSCode | Scope=instance | Storage=String | ReadOnly=False | Shared=True | Id=9214774
SOURCE | Element 14892700 | Cat=Ducts | Family=Rectangular Duct | Type= | Level=LEVEL 07 | System=Exhaust Air | LinkedRoomLink=NWB-ARC-WBH-AR-MOD-0035 | LinkedRoomNumber=PPT.07.186 | LinkedRoomName=Anteroom | LinkedRoomDept=PPT | LinkedRoomBuilding= | LinkedRoomSite= | LinkedRoomSource=connected:d2:14950650:Air Terminals | ResolvedDept=PPT | ResolvedBuilding= | ResolvedSite= | DisciplineHint=mechanical | AssetCandidates=ducts, ductwork | WBS00=WBH | WBS01=HO | WBS03=PPT | DesignPkg=NWB-GEN-ME-SCM-1091-A | BuildingPermitPkg=WBH - BP09
ELEMENT | 14892700 | Cat=Ducts | AssetScore=45 | AssetTypeCode=MDUC | AssetType=Ductwork | AssetCategory=Ductwork | Targets=NWB_AssetTypeCode=MDUC; NWB_AssetType=Ductwork; NWB_Discipline=ME; NWB_Category=Ductwork; NWB_Department=PPT; NWB_Material=; NWB_System=Exhaust Air; NWB_UniclassCode=Pr_65_65_25; NWB_UniclassDescription=Ductwork and fittings; NWB_DesignPkg=NWB-GEN-ME-SCM-1091-A; NWB_BuildingPermitPkg=WBH - BP09; NWB_WBS00=WBH; NWB_WBS01=HO; NWB_WBS02=07; NWB_WBS03=PPT; NWB_WBS04=ME; NWB_WBS05=SI5; NWB_WBSCode=WBH-HO-07-PPT-ME-SI5
INFO | Candidate: NWB_AssetTypeCode | Scope=instance | Storage=String | ReadOnly=False | Shared=True | Id=7626182
INFO | Candidate: NWB_AssetType | Scope=instance | Storage=String | ReadOnly=False | Shared=True | Id=7626181
INFO | Candidate: NWB_Discipline | Scope=instance | Storage=String | ReadOnly=False | Shared=True | Id=7626159
INFO | Candidate: NWB_Category | Scope=instance | Storage=String | ReadOnly=False | Shared=True | Id=7626160
INFO | Candidate: NWB_Department | Scope=instance | Storage=String | ReadOnly=False | Shared=True | Id=7626168
INFO | Candidate: NWB_System | Scope=instance | Storage=String | ReadOnly=False | Shared=True | Id=7626163
INFO | Candidate: NWB_UniclassCode | Scope=instance | Storage=String | ReadOnly=False | Shared=True | Id=7626165
INFO | Candidate: NWB_UniclassDescription | Scope=instance | Storage=String | ReadOnly=False | Shared=True | Id=7626166
INFO | Candidate: NWB_DesignPkg | Scope=instance | Storage=String | ReadOnly=False | Shared=True | Id=7626167
ERROR | Element 15473068 | Category=Ducts | Family= | Parameter=NWB_BuildingPermitPkg | Reason=missing | Writable sample: AHU, AHU_AreaServed, AHU_Serves, AHU_Type, AHU_ZoneNumber, Additional Flow, Building_No, COMPLETE Y/N, Classification.OmniClass.21.Description_INSTANCE, Classification.OmniClass.21.Number_INSTANCE, Classification.OmniClass.22.Description_INSTANCE, Classification.OmniClass.22.Number_INSTANCE, Classification.OmniClass.23.Description_INSTANCE, Classification.OmniClass.23.Number_INSTANCE, Classification.UniFormat.2010.Description, Classification.UniFormat.2010.Number, Comments, DUCT NUMBER, Description BOM Suffix, Duct Number
INFO | Candidate: NWB_WBS00 | Scope=instance | Storage=String | ReadOnly=False | Shared=True | Id=9214738
INFO | Candidate: NWB_WBS01 | Scope=instance | Storage=String | ReadOnly=False | Shared=True | Id=9214798
INFO | Candidate: NWB_WBS02 | Scope=instance | Storage=String | ReadOnly=False | Shared=True | Id=9214786
INFO | Candidate: NWB_WBS03 | Scope=instance | Storage=String | ReadOnly=False | Shared=True | Id=9214750
INFO | Candidate: NWB_WBS04 | Scope=instance | Storage=String | ReadOnly=False | Shared=True | Id=9214762
INFO | Candidate: NWB_WBS05 | Scope=instance | Storage=String | ReadOnly=False | Shared=True | Id=9214810
INFO | Candidate: NWB_WBSCode | Scope=instance | Storage=String | ReadOnly=False | Shared=True | Id=9214774
SOURCE | Element 15473068 | Cat=Ducts | Family=Rectangular Duct | Type= | Level=LEVEL 07 | System=Supply Air | LinkedRoomLink=NWB-ARC-WBH-AR-MOD-0035 | LinkedRoomNumber=PPT.07.186 | LinkedRoomName=Anteroom | LinkedRoomDept=PPT | LinkedRoomBuilding= | LinkedRoomSite= | LinkedRoomSource=connected:d3:13968801:Air Terminals | ResolvedDept=PPT | ResolvedBuilding= | ResolvedSite= | DisciplineHint=mechanical | AssetCandidates=ducts, ductwork | WBS00=WBH | WBS01=HO | WBS03=PPT | DesignPkg=NWB-GEN-ME-SCM-1091-A | BuildingPermitPkg=WBH - BP09
ELEMENT | 15473068 | Cat=Ducts | AssetScore=45 | AssetTypeCode=MDUC | AssetType=Ductwork | AssetCategory=Ductwork | Targets=NWB_AssetTypeCode=MDUC; NWB_AssetType=Ductwork; NWB_Discipline=ME; NWB_Category=Ductwork; NWB_Department=PPT; NWB_Material=; NWB_System=Supply Air; NWB_UniclassCode=Pr_65_65_25; NWB_UniclassDescription=Ductwork and fittings; NWB_DesignPkg=NWB-GEN-ME-SCM-1091-A; NWB_BuildingPermitPkg=WBH - BP09; NWB_WBS00=WBH; NWB_WBS01=HO; NWB_WBS02=07; NWB_WBS03=PPT; NWB_WBS04=ME; NWB_WBS05=SI5; NWB_WBSCode=WBH-HO-07-PPT-ME-SI5
INFO | Candidate: NWB_AssetTypeCode | Scope=instance | Storage=String | ReadOnly=False | Shared=True | Id=7626182
INFO | Candidate: NWB_AssetType | Scope=instance | Storage=String | ReadOnly=False | Shared=True | Id=7626181
INFO | Candidate: NWB_Discipline | Scope=instance | Storage=String | ReadOnly=False | Shared=True | Id=7626159
INFO | Candidate: NWB_Category | Scope=instance | Storage=String | ReadOnly=False | Shared=True | Id=7626160
INFO | Candidate: NWB_Department | Scope=instance | Storage=String | ReadOnly=False | Shared=True | Id=7626168
INFO | Candidate: NWB_System | Scope=instance | Storage=String | ReadOnly=False | Shared=True | Id=7626163
INFO | Candidate: NWB_UniclassCode | Scope=instance | Storage=String | ReadOnly=False | Shared=True | Id=7626165
INFO | Candidate: NWB_UniclassDescription | Scope=instance | Storage=String | ReadOnly=False | Shared=True | Id=7626166
INFO | Candidate: NWB_DesignPkg | Scope=instance | Storage=String | ReadOnly=False | Shared=True | Id=7626167
ERROR | Element 15473082 | Category=Duct Fittings | Family= | Parameter=NWB_BuildingPermitPkg | Reason=missing | Writable sample: AHU, AHU_AreaServed, AHU_Serves, AHU_Type, AHU_ZoneNumber, Angle, Building_No, COMPLETE Y/N, Classification.OmniClass.21.Description_INSTANCE, Classification.OmniClass.21.Number_INSTANCE, Classification.OmniClass.22.Description_INSTANCE, Classification.OmniClass.22.Number_INSTANCE, Classification.OmniClass.23.Description_INSTANCE, Classification.OmniClass.23.Number_INSTANCE, Classification.UniFormat.2010.Description, Classification.UniFormat.2010.Number, Comments, Description BOM Suffix, Ductwork Insulation - Lining, Elevation from Level
INFO | Candidate: NWB_WBS00 | Scope=instance | Storage=String | ReadOnly=False | Shared=True | Id=9214738
INFO | Candidate: NWB_WBS01 | Scope=instance | Storage=String | ReadOnly=False | Shared=True | Id=9214798
INFO | Candidate: NWB_WBS02 | Scope=instance | Storage=String | ReadOnly=False | Shared=True | Id=9214786
INFO | Candidate: NWB_WBS03 | Scope=instance | Storage=String | ReadOnly=False | Shared=True | Id=9214750
INFO | Candidate: NWB_WBS04 | Scope=instance | Storage=String | ReadOnly=False | Shared=True | Id=9214762
INFO | Candidate: NWB_WBS05 | Scope=instance | Storage=String | ReadOnly=False | Shared=True | Id=9214810
INFO | Candidate: NWB_WBSCode | Scope=instance | Storage=String | ReadOnly=False | Shared=True | Id=9214774
SOURCE | Element 15473082 | Cat=Duct Fittings | Family=MHT-ME-DF-Rectangular Shoe Branch - Flanged | Type= | Level=LEVEL 07 | System=Supply Air | LinkedRoomLink=NWB-ARC-WBH-AR-MOD-0035 | LinkedRoomNumber=PPT.07.186 | LinkedRoomName=Anteroom | LinkedRoomDept=PPT | LinkedRoomBuilding= | LinkedRoomSite= | LinkedRoomSource=connected:d2:13968801:Air Terminals | ResolvedDept=PPT | ResolvedBuilding= | ResolvedSite= | DisciplineHint=mechanical | AssetCandidates=duct fittings, ductwork | WBS00=WBH | WBS01=HO | WBS03=PPT | DesignPkg=NWB-GEN-ME-SCM-1091-A | BuildingPermitPkg=WBH - BP09
ELEMENT | 15473082 | Cat=Duct Fittings | AssetScore=45 | AssetTypeCode=MDUC | AssetType=Ductwork | AssetCategory=Ductwork | Targets=NWB_AssetTypeCode=MDUC; NWB_AssetType=Ductwork; NWB_Discipline=ME; NWB_Category=Ductwork; NWB_Department=PPT; NWB_Material=; NWB_System=Supply Air; NWB_UniclassCode=Pr_65_65_25; NWB_UniclassDescription=Ductwork and fittings; NWB_DesignPkg=NWB-GEN-ME-SCM-1091-A; NWB_BuildingPermitPkg=WBH - BP09; NWB_WBS00=WBH; NWB_WBS01=HO; NWB_WBS02=07; NWB_WBS03=PPT; NWB_WBS04=ME; NWB_WBS05=SI5; NWB_WBSCode=WBH-HO-07-PPT-ME-SI5
INFO | Candidate: NWB_AssetTypeCode | Scope=instance | Storage=String | ReadOnly=False | Shared=True | Id=7626182
INFO | Candidate: NWB_AssetType | Scope=instance | Storage=String | ReadOnly=False | Shared=True | Id=7626181
INFO | Candidate: NWB_Discipline | Scope=instance | Storage=String | ReadOnly=False | Shared=True | Id=7626159
INFO | Candidate: NWB_Category | Scope=instance | Storage=String | ReadOnly=False | Shared=True | Id=7626160
INFO | Candidate: NWB_Department | Scope=instance | Storage=String | ReadOnly=False | Shared=True | Id=7626168
INFO | Candidate: NWB_System | Scope=instance | Storage=String | ReadOnly=False | Shared=True | Id=7626163
INFO | Candidate: NWB_UniclassCode | Scope=instance | Storage=String | ReadOnly=False | Shared=True | Id=7626165
INFO | Candidate: NWB_UniclassDescription | Scope=instance | Storage=String | ReadOnly=False | Shared=True | Id=7626166
INFO | Candidate: NWB_DesignPkg | Scope=instance | Storage=String | ReadOnly=False | Shared=True | Id=7626167
ERROR | Element 15473114 | Category=Ducts | Family= | Parameter=NWB_BuildingPermitPkg | Reason=missing | Writable sample: AHU, AHU_AreaServed, AHU_Serves, AHU_Type, AHU_ZoneNumber, Additional Flow, Building_No, COMPLETE Y/N, Classification.OmniClass.21.Description_INSTANCE, Classification.OmniClass.21.Number_INSTANCE, Classification.OmniClass.22.Description_INSTANCE, Classification.OmniClass.22.Number_INSTANCE, Classification.OmniClass.23.Description_INSTANCE, Classification.OmniClass.23.Number_INSTANCE, Classification.UniFormat.2010.Description, Classification.UniFormat.2010.Number, Comments, DUCT NUMBER, Description BOM Suffix, Duct Number
INFO | Candidate: NWB_WBS00 | Scope=instance | Storage=String | ReadOnly=False | Shared=True | Id=9214738
INFO | Candidate: NWB_WBS01 | Scope=instance | Storage=String | ReadOnly=False | Shared=True | Id=9214798
INFO | Candidate: NWB_WBS02 | Scope=instance | Storage=String | ReadOnly=False | Shared=True | Id=9214786
INFO | Candidate: NWB_WBS03 | Scope=instance | Storage=String | ReadOnly=False | Shared=True | Id=9214750
INFO | Candidate: NWB_WBS04 | Scope=instance | Storage=String | ReadOnly=False | Shared=True | Id=9214762
INFO | Candidate: NWB_WBS05 | Scope=instance | Storage=String | ReadOnly=False | Shared=True | Id=9214810
INFO | Candidate: NWB_WBSCode | Scope=instance | Storage=String | ReadOnly=False | Shared=True | Id=9214774
SOURCE | Element 15473114 | Cat=Ducts | Family=Rectangular Duct | Type= | Level=LEVEL 07 | System=Return Air | LinkedRoomLink= | LinkedRoomNumber= | LinkedRoomName= | LinkedRoomDept= | LinkedRoomBuilding= | LinkedRoomSite= | LinkedRoomSource=connected-miss:d4:visited15 | ResolvedDept=PPT | ResolvedBuilding= | ResolvedSite= | DisciplineHint=mechanical | AssetCandidates=ducts, ductwork | WBS00=WBH | WBS01=HO | WBS03=PPT | DesignPkg=NWB-GEN-ME-SCM-1091-A | BuildingPermitPkg=WBH - BP09
ELEMENT | 15473114 | Cat=Ducts | AssetScore=45 | AssetTypeCode=MDUC | AssetType=Ductwork | AssetCategory=Ductwork | Targets=NWB_AssetTypeCode=MDUC; NWB_AssetType=Ductwork; NWB_Discipline=ME; NWB_Category=Ductwork; NWB_Department=PPT; NWB_Material=; NWB_System=Return Air; NWB_UniclassCode=Pr_65_65_25; NWB_UniclassDescription=Ductwork and fittings; NWB_DesignPkg=NWB-GEN-ME-SCM-1091-A; NWB_BuildingPermitPkg=WBH - BP09; NWB_WBS00=WBH; NWB_WBS01=HO; NWB_WBS02=07; NWB_WBS03=PPT; NWB_WBS04=ME; NWB_WBS05=SI5; NWB_WBSCode=WBH-HO-07-PPT-ME-SI5
INFO | Candidate: NWB_AssetTypeCode | Scope=instance | Storage=String | ReadOnly=False | Shared=True | Id=7626182
INFO | Candidate: NWB_AssetType | Scope=instance | Storage=String | ReadOnly=False | Shared=True | Id=7626181
INFO | Candidate: NWB_Discipline | Scope=instance | Storage=String | ReadOnly=False | Shared=True | Id=7626159
INFO | Candidate: NWB_Category | Scope=instance | Storage=String | ReadOnly=False | Shared=True | Id=7626160
INFO | Candidate: NWB_Department | Scope=instance | Storage=String | ReadOnly=False | Shared=True | Id=7626168
INFO | Candidate: NWB_System | Scope=instance | Storage=String | ReadOnly=False | Shared=True | Id=7626163
INFO | Candidate: NWB_UniclassCode | Scope=instance | Storage=String | ReadOnly=False | Shared=True | Id=7626165
INFO | Candidate: NWB_UniclassDescription | Scope=instance | Storage=String | ReadOnly=False | Shared=True | Id=7626166
INFO | Candidate: NWB_DesignPkg | Scope=instance | Storage=String | ReadOnly=False | Shared=True | Id=7626167
ERROR | Element 15473124 | Category=Ducts | Family= | Parameter=NWB_BuildingPermitPkg | Reason=missing | Writable sample: AHU, AHU_AreaServed, AHU_Serves, AHU_Type, AHU_ZoneNumber, Additional Flow, Building_No, COMPLETE Y/N, Classification.OmniClass.21.Description_INSTANCE, Classification.OmniClass.21.Number_INSTANCE, Classification.OmniClass.22.Description_INSTANCE, Classification.OmniClass.22.Number_INSTANCE, Classification.OmniClass.23.Description_INSTANCE, Classification.OmniClass.23.Number_INSTANCE, Classification.UniFormat.2010.Description, Classification.UniFormat.2010.Number, Comments, DUCT NUMBER, Description BOM Suffix, Duct Number
INFO | Candidate: NWB_WBS00 | Scope=instance | Storage=String | ReadOnly=False | Shared=True | Id=9214738
INFO | Candidate: NWB_WBS01 | Scope=instance | Storage=String | ReadOnly=False | Shared=True | Id=9214798
INFO | Candidate: NWB_WBS02 | Scope=instance | Storage=String | ReadOnly=False | Shared=True | Id=9214786
INFO | Candidate: NWB_WBS03 | Scope=instance | Storage=String | ReadOnly=False | Shared=True | Id=9214750
INFO | Candidate: NWB_WBS04 | Scope=instance | Storage=String | ReadOnly=False | Shared=True | Id=9214762
INFO | Candidate: NWB_WBS05 | Scope=instance | Storage=String | ReadOnly=False | Shared=True | Id=9214810
INFO | Candidate: NWB_WBSCode | Scope=instance | Storage=String | ReadOnly=False | Shared=True | Id=9214774
SOURCE | Element 15473124 | Cat=Ducts | Family=Rectangular Duct | Type= | Level=LEVEL 07 | System=Return Air | LinkedRoomLink=NWB-ARC-WBH-AR-MOD-0035 | LinkedRoomNumber=PPT.07.165 | LinkedRoomName=Office, 1 Person, Pathology | LinkedRoomDept=PPT | LinkedRoomBuilding= | LinkedRoomSite= | LinkedRoomSource=connected:d4:14682415:Air Terminals | ResolvedDept=PPT | ResolvedBuilding= | ResolvedSite= | DisciplineHint=mechanical | AssetCandidates=ducts, ductwork | WBS00=WBH | WBS01=HO | WBS03=PPT | DesignPkg=NWB-GEN-ME-SCM-1091-A | BuildingPermitPkg=WBH - BP09
ELEMENT | 15473124 | Cat=Ducts | AssetScore=45 | AssetTypeCode=MDUC | AssetType=Ductwork | AssetCategory=Ductwork | Targets=NWB_AssetTypeCode=MDUC; NWB_AssetType=Ductwork; NWB_Discipline=ME; NWB_Category=Ductwork; NWB_Department=PPT; NWB_Material=; NWB_System=Return Air; NWB_UniclassCode=Pr_65_65_25; NWB_UniclassDescription=Ductwork and fittings; NWB_DesignPkg=NWB-GEN-ME-SCM-1091-A; NWB_BuildingPermitPkg=WBH - BP09; NWB_WBS00=WBH; NWB_WBS01=HO; NWB_WBS02=07; NWB_WBS03=PPT; NWB_WBS04=ME; NWB_WBS05=SI5; NWB_WBSCode=WBH-HO-07-PPT-ME-SI5
INFO | Candidate: NWB_AssetTypeCode | Scope=instance | Storage=String | ReadOnly=False | Shared=True | Id=7626182
INFO | Candidate: NWB_AssetType | Scope=instance | Storage=String | ReadOnly=False | Shared=True | Id=7626181
INFO | Candidate: NWB_Discipline | Scope=instance | Storage=String | ReadOnly=False | Shared=True | Id=7626159
INFO | Candidate: NWB_Category | Scope=instance | Storage=String | ReadOnly=False | Shared=True | Id=7626160
INFO | Candidate: NWB_Department | Scope=instance | Storage=String | ReadOnly=False | Shared=True | Id=7626168
INFO | Candidate: NWB_System | Scope=instance | Storage=String | ReadOnly=False | Shared=True | Id=7626163
INFO | Candidate: NWB_UniclassCode | Scope=instance | Storage=String | ReadOnly=False | Shared=True | Id=7626165
INFO | Candidate: NWB_UniclassDescription | Scope=instance | Storage=String | ReadOnly=False | Shared=True | Id=7626166
INFO | Candidate: NWB_DesignPkg | Scope=instance | Storage=String | ReadOnly=False | Shared=True | Id=7626167
ERROR | Element 15473132 | Category=Duct Fittings | Family= | Parameter=NWB_BuildingPermitPkg | Reason=missing | Writable sample: AHU, AHU_AreaServed, AHU_Serves, AHU_Type, AHU_ZoneNumber, Angle, Building_No, COMPLETE Y/N, Classification.OmniClass.21.Description_INSTANCE, Classification.OmniClass.21.Number_INSTANCE, Classification.OmniClass.22.Description_INSTANCE, Classification.OmniClass.22.Number_INSTANCE, Classification.OmniClass.23.Description_INSTANCE, Classification.OmniClass.23.Number_INSTANCE, Classification.UniFormat.2010.Description, Classification.UniFormat.2010.Number, Comments, Description BOM Suffix, Ductwork Insulation - Lining, Elevation from Level
INFO | Candidate: NWB_WBS00 | Scope=instance | Storage=String | ReadOnly=False | Shared=True | Id=9214738
INFO | Candidate: NWB_WBS01 | Scope=instance | Storage=String | ReadOnly=False | Shared=True | Id=9214798
INFO | Candidate: NWB_WBS02 | Scope=instance | Storage=String | ReadOnly=False | Shared=True | Id=9214786
INFO | Candidate: NWB_WBS03 | Scope=instance | Storage=String | ReadOnly=False | Shared=True | Id=9214750
INFO | Candidate: NWB_WBS04 | Scope=instance | Storage=String | ReadOnly=False | Shared=True | Id=9214762
INFO | Candidate: NWB_WBS05 | Scope=instance | Storage=String | ReadOnly=False | Shared=True | Id=9214810
INFO | Candidate: NWB_WBSCode | Scope=instance | Storage=String | ReadOnly=False | Shared=True | Id=9214774
SOURCE | Element 15473132 | Cat=Duct Fittings | Family=MHT-ME-DF-Rectangular Shoe Branch - Flanged | Type= | Level=LEVEL 07 | System=Return Air | LinkedRoomLink=NWB-ARC-WBH-AR-MOD-0035 | LinkedRoomNumber=PPT.07.C19 | LinkedRoomName=Corridor | LinkedRoomDept=PPT | LinkedRoomBuilding= | LinkedRoomSite= | LinkedRoomSource=connected:d3:14681967:Air Terminals | ResolvedDept=PPT | ResolvedBuilding= | ResolvedSite= | DisciplineHint=mechanical | AssetCandidates=duct fittings, ductwork | WBS00=WBH | WBS01=HO | WBS03=PPT | DesignPkg=NWB-GEN-ME-SCM-1091-A | BuildingPermitPkg=WBH - BP09
ELEMENT | 15473132 | Cat=Duct Fittings | AssetScore=45 | AssetTypeCode=MDUC | AssetType=Ductwork | AssetCategory=Ductwork | Targets=NWB_AssetTypeCode=MDUC; NWB_AssetType=Ductwork; NWB_Discipline=ME; NWB_Category=Ductwork; NWB_Department=PPT; NWB_Material=; NWB_System=Return Air; NWB_UniclassCode=Pr_65_65_25; NWB_UniclassDescription=Ductwork and fittings; NWB_DesignPkg=NWB-GEN-ME-SCM-1091-A; NWB_BuildingPermitPkg=WBH - BP09; NWB_WBS00=WBH; NWB_WBS01=HO; NWB_WBS02=07; NWB_WBS03=PPT; NWB_WBS04=ME; NWB_WBS05=SI5; NWB_WBSCode=WBH-HO-07-PPT-ME-SI5
INFO | Candidate: NWB_AssetTypeCode | Scope=instance | Storage=String | ReadOnly=False | Shared=True | Id=3045149
INFO | Candidate: NWB_AssetTypeCode | Scope=instance | Storage=String | ReadOnly=False | Shared=True | Id=7626182
INFO | Found 2 parameters named NWB_AssetTypeCode
INFO | SELECTED | Shared Parameter | Scope=instance | ReadOnly=False | Id=3045149
INFO | SELECTED | Shared Parameter | Scope=instance | ReadOnly=False | Id=7626182
INFO | Candidate: NWB_AssetType | Scope=instance | Storage=String | ReadOnly=False | Shared=True | Id=3045150
INFO | Candidate: NWB_AssetType | Scope=instance | Storage=String | ReadOnly=False | Shared=True | Id=7626181
INFO | Found 2 parameters named NWB_AssetType
INFO | SELECTED | Shared Parameter | Scope=instance | ReadOnly=False | Id=3045150
INFO | SELECTED | Shared Parameter | Scope=instance | ReadOnly=False | Id=7626181
INFO | Candidate: NWB_Discipline | Scope=instance | Storage=String | ReadOnly=False | Shared=True | Id=3045151
INFO | Candidate: NWB_Discipline | Scope=instance | Storage=String | ReadOnly=False | Shared=True | Id=7626159
INFO | Found 2 parameters named NWB_Discipline
INFO | SELECTED | Shared Parameter | Scope=instance | ReadOnly=False | Id=3045151
INFO | SELECTED | Shared Parameter | Scope=instance | ReadOnly=False | Id=7626159
INFO | Candidate: NWB_Category | Scope=instance | Storage=String | ReadOnly=False | Shared=True | Id=3045152
INFO | Candidate: NWB_Category | Scope=instance | Storage=String | ReadOnly=False | Shared=True | Id=7626160
INFO | Found 2 parameters named NWB_Category
INFO | SELECTED | Shared Parameter | Scope=instance | ReadOnly=False | Id=3045152
INFO | SELECTED | Shared Parameter | Scope=instance | ReadOnly=False | Id=7626160
INFO | Candidate: NWB_System | Scope=instance | Storage=String | ReadOnly=False | Shared=True | Id=3045155
INFO | Candidate: NWB_System | Scope=instance | Storage=String | ReadOnly=False | Shared=True | Id=7626163
INFO | Found 2 parameters named NWB_System
INFO | SELECTED | Shared Parameter | Scope=instance | ReadOnly=False | Id=3045155
INFO | SELECTED | Shared Parameter | Scope=instance | ReadOnly=False | Id=7626163
INFO | Candidate: NWB_UniclassCode | Scope=instance | Storage=String | ReadOnly=False | Shared=True | Id=3045156
INFO | Candidate: NWB_UniclassCode | Scope=instance | Storage=String | ReadOnly=False | Shared=True | Id=7626165
INFO | Found 2 parameters named NWB_UniclassCode
INFO | SELECTED | Shared Parameter | Scope=instance | ReadOnly=False | Id=3045156
INFO | SELECTED | Shared Parameter | Scope=instance | ReadOnly=False | Id=7626165
INFO | Candidate: NWB_UniclassDescription | Scope=instance | Storage=String | ReadOnly=False | Shared=True | Id=3045157
INFO | Candidate: NWB_UniclassDescription | Scope=instance | Storage=String | ReadOnly=False | Shared=True | Id=7626166
INFO | Found 2 parameters named NWB_UniclassDescription
INFO | SELECTED | Shared Parameter | Scope=instance | ReadOnly=False | Id=3045157
INFO | SELECTED | Shared Parameter | Scope=instance | ReadOnly=False | Id=7626166
INFO | Candidate: NWB_DesignPkg | Scope=instance | Storage=String | ReadOnly=False | Shared=True | Id=3045158
INFO | Candidate: NWB_DesignPkg | Scope=instance | Storage=String | ReadOnly=False | Shared=True | Id=7626167
INFO | Found 2 parameters named NWB_DesignPkg
INFO | SELECTED | Shared Parameter | Scope=instance | ReadOnly=False | Id=3045158
INFO | SELECTED | Shared Parameter | Scope=instance | ReadOnly=False | Id=7626167
ERROR | Element 15473133 | Category=Duct Fittings | Family= | Parameter=NWB_BuildingPermitPkg | Reason=missing | Writable sample: AHU, AHU_AreaServed, AHU_Serves, AHU_Type, AHU_ZoneNumber, Building_No, COMPLETE Y/N, Classification.OmniClass.21.Description_INSTANCE, Classification.OmniClass.21.Number_INSTANCE, Classification.OmniClass.22.Description_INSTANCE, Classification.OmniClass.22.Number_INSTANCE, Classification.OmniClass.23.Description_INSTANCE, Classification.OmniClass.23.Number_INSTANCE, Classification.UniFormat.2010.Description, Classification.UniFormat.2010.Number, Comments, Description BOM Suffix, Duct Height, Duct Width, Ductwork Insulation - Lining
INFO | Candidate: NWB_WBS00 | Scope=instance | Storage=String | ReadOnly=False | Shared=True | Id=9214738
INFO | Candidate: NWB_WBS01 | Scope=instance | Storage=String | ReadOnly=False | Shared=True | Id=9214798
INFO | Candidate: NWB_WBS02 | Scope=instance | Storage=String | ReadOnly=False | Shared=True | Id=9214786
INFO | Candidate: NWB_WBS03 | Scope=instance | Storage=String | ReadOnly=False | Shared=True | Id=9214750
INFO | Candidate: NWB_WBS04 | Scope=instance | Storage=String | ReadOnly=False | Shared=True | Id=9214762
INFO | Candidate: NWB_WBS05 | Scope=instance | Storage=String | ReadOnly=False | Shared=True | Id=9214810
INFO | Candidate: NWB_WBSCode | Scope=instance | Storage=String | ReadOnly=False | Shared=True | Id=9214774
SOURCE | Element 15473133 | Cat=Duct Fittings | Family=MHT-ME-DF-Rectangular Short Radius Bend - Flanged | Type= | Level=LEVEL 07 | System=Return Air | LinkedRoomLink= | LinkedRoomNumber= | LinkedRoomName= | LinkedRoomDept= | LinkedRoomBuilding= | LinkedRoomSite= | LinkedRoomSource=connected-miss:d4:visited16 | ResolvedDept= | ResolvedBuilding= | ResolvedSite= | DisciplineHint=mechanical | AssetCandidates=duct fittings, ductwork | WBS00=WBH | WBS01=HO | WBS03=Z00 | DesignPkg=NWB-GEN-ME-SCM-1091-A | BuildingPermitPkg=WBH - BP09
WARN | Element 15473133 | Department unresolved | ExistingNWBDepartment= | ExistingWBS00=WBH | ExistingWBS01=HO | ExistingDiscipline=ME
ELEMENT | 15473133 | Cat=Duct Fittings | AssetScore=45 | AssetTypeCode=MDUC | AssetType=Ductwork | AssetCategory=Ductwork | Targets=NWB_AssetTypeCode=MDUC; NWB_AssetType=Ductwork; NWB_Discipline=ME; NWB_Category=Ductwork; NWB_Department=; NWB_Material=; NWB_System=Return Air; NWB_UniclassCode=Pr_65_65_25; NWB_UniclassDescription=Ductwork and fittings; NWB_DesignPkg=NWB-GEN-ME-SCM-1091-A; NWB_BuildingPermitPkg=WBH - BP09; NWB_WBS00=WBH; NWB_WBS01=HO; NWB_WBS02=07; NWB_WBS03=Z00; NWB_WBS04=ME; NWB_WBS05=SI5; NWB_WBSCode=WBH-HO-07-Z00-ME-SI5
INFO | Candidate: NWB_AssetTypeCode | Scope=instance | Storage=String | ReadOnly=False | Shared=True | Id=7626182
INFO | Candidate: NWB_AssetType | Scope=instance | Storage=String | ReadOnly=False | Shared=True | Id=7626181
INFO | Candidate: NWB_Discipline | Scope=instance | Storage=String | ReadOnly=False | Shared=True | Id=7626159
INFO | Candidate: NWB_Category | Scope=instance | Storage=String | ReadOnly=False | Shared=True | Id=7626160
INFO | Candidate: NWB_Department | Scope=instance | Storage=String | ReadOnly=False | Shared=True | Id=7626168
INFO | Candidate: NWB_System | Scope=instance | Storage=String | ReadOnly=False | Shared=True | Id=7626163
INFO | Candidate: NWB_UniclassCode | Scope=instance | Storage=String | ReadOnly=False | Shared=True | Id=7626165
INFO | Candidate: NWB_UniclassDescription | Scope=instance | Storage=String | ReadOnly=False | Shared=True | Id=7626166
INFO | Candidate: NWB_DesignPkg | Scope=instance | Storage=String | ReadOnly=False | Shared=True | Id=7626167
ERROR | Element 15534725 | Category=Duct Accessories | Family= | Parameter=NWB_BuildingPermitPkg | Reason=missing | Writable sample: AHU, AHU_AreaServed, AHU_Serves, AHU_Type, AHU_ZoneNumber, Building_No, COMPLETE Y/N, Classification.UniFormat.2010.Description, Classification.UniFormat.2010.Number, Comments, Connection Type, Damper No., Description BOM Suffix, Elevation from Level, Engineer Note, Export to IFC, Export to IFC As, Family, Family and Type, Height
INFO | Candidate: NWB_WBS00 | Scope=instance | Storage=String | ReadOnly=False | Shared=True | Id=9214738
INFO | Candidate: NWB_WBS01 | Scope=instance | Storage=String | ReadOnly=False | Shared=True | Id=9214798
INFO | Candidate: NWB_WBS02 | Scope=instance | Storage=String | ReadOnly=False | Shared=True | Id=9214786
INFO | Candidate: NWB_WBS03 | Scope=instance | Storage=String | ReadOnly=False | Shared=True | Id=9214750
INFO | Candidate: NWB_WBS04 | Scope=instance | Storage=String | ReadOnly=False | Shared=True | Id=9214762
INFO | Candidate: NWB_WBS05 | Scope=instance | Storage=String | ReadOnly=False | Shared=True | Id=9214810
INFO | Candidate: NWB_WBSCode | Scope=instance | Storage=String | ReadOnly=False | Shared=True | Id=9214774
SOURCE | Element 15534725 | Cat=Duct Accessories | Family=MHT-ME-Fire Damper-02 | Type= | Level=LEVEL 07 | System=Supply Air | LinkedRoomLink=NWB-ARC-WBH-AR-MOD-0035 | LinkedRoomNumber=PPT.07.189 | LinkedRoomName=Universal Change, Staff, 7m2 | LinkedRoomDept=PPT | LinkedRoomBuilding= | LinkedRoomSite= | LinkedRoomSource=connected:d3:13969201:Air Terminals | ResolvedDept=PPT | ResolvedBuilding= | ResolvedSite= | DisciplineHint=fire and fire safety systems | AssetCandidates=duct accessories, ductwork | WBS00=WBH | WBS01=HO | WBS03=PPT | DesignPkg=NWB-GEN-ME-SCM-1091-A | BuildingPermitPkg=WBH - BP09
ELEMENT | 15534725 | Cat=Duct Accessories | AssetScore=37 | AssetTypeCode=MDUC | AssetType=Ductwork | AssetCategory=Ductwork | Targets=NWB_AssetTypeCode=MDUC; NWB_AssetType=Ductwork; NWB_Discipline=ME; NWB_Category=Ductwork; NWB_Department=PPT; NWB_Material=; NWB_System=Supply Air; NWB_UniclassCode=Pr_65_65_25; NWB_UniclassDescription=Ductwork and fittings; NWB_DesignPkg=NWB-GEN-ME-SCM-1091-A; NWB_BuildingPermitPkg=WBH - BP09; NWB_WBS00=WBH; NWB_WBS01=HO; NWB_WBS02=07; NWB_WBS03=PPT; NWB_WBS04=ME; NWB_WBS05=SI5; NWB_WBSCode=WBH-HO-07-PPT-ME-SI5
INFO | Candidate: NWB_AssetTypeCode | Scope=instance | Storage=String | ReadOnly=False | Shared=True | Id=7626182
INFO | Candidate: NWB_AssetType | Scope=instance | Storage=String | ReadOnly=False | Shared=True | Id=7626181
INFO | Candidate: NWB_Discipline | Scope=instance | Storage=String | ReadOnly=False | Shared=True | Id=7626159
INFO | Candidate: NWB_Category | Scope=instance | Storage=String | ReadOnly=False | Shared=True | Id=7626160
INFO | Candidate: NWB_Department | Scope=instance | Storage=String | ReadOnly=False | Shared=True | Id=7626168
INFO | Candidate: NWB_System | Scope=instance | Storage=String | ReadOnly=False | Shared=True | Id=7626163
INFO | Candidate: NWB_UniclassCode | Scope=instance | Storage=String | ReadOnly=False | Shared=True | Id=7626165
INFO | Candidate: NWB_UniclassDescription | Scope=instance | Storage=String | ReadOnly=False | Shared=True | Id=7626166
INFO | Candidate: NWB_DesignPkg | Scope=instance | Storage=String | ReadOnly=False | Shared=True | Id=7626167
ERROR | Element 15534727 | Category=Ducts | Family= | Parameter=NWB_BuildingPermitPkg | Reason=missing | Writable sample: AHU, AHU_AreaServed, AHU_Serves, AHU_Type, AHU_ZoneNumber, Additional Flow, Building_No, COMPLETE Y/N, Classification.OmniClass.21.Description_INSTANCE, Classification.OmniClass.21.Number_INSTANCE, Classification.OmniClass.22.Description_INSTANCE, Classification.OmniClass.22.Number_INSTANCE, Classification.OmniClass.23.Description_INSTANCE, Classification.OmniClass.23.Number_INSTANCE, Classification.UniFormat.2010.Description, Classification.UniFormat.2010.Number, Comments, DUCT NUMBER, Description BOM Suffix, Duct Number
INFO | Candidate: NWB_WBS00 | Scope=instance | Storage=String | ReadOnly=False | Shared=True | Id=9214738
INFO | Candidate: NWB_WBS01 | Scope=instance | Storage=String | ReadOnly=False | Shared=True | Id=9214798
INFO | Candidate: NWB_WBS02 | Scope=instance | Storage=String | ReadOnly=False | Shared=True | Id=9214786
INFO | Candidate: NWB_WBS03 | Scope=instance | Storage=String | ReadOnly=False | Shared=True | Id=9214750
INFO | Candidate: NWB_WBS04 | Scope=instance | Storage=String | ReadOnly=False | Shared=True | Id=9214762
INFO | Candidate: NWB_WBS05 | Scope=instance | Storage=String | ReadOnly=False | Shared=True | Id=9214810
INFO | Candidate: NWB_WBSCode | Scope=instance | Storage=String | ReadOnly=False | Shared=True | Id=9214774
SOURCE | Element 15534727 | Cat=Ducts | Family=Rectangular Duct | Type= | Level=LEVEL 07 | System=Supply Air | LinkedRoomLink=NWB-ARC-WBH-AR-MOD-0035 | LinkedRoomNumber=PPT.07.171 | LinkedRoomName=Cleaner's Room | LinkedRoomDept=PPT | LinkedRoomBuilding= | LinkedRoomSite= | LinkedRoomSource=connected:d4:13994316:Air Terminals | ResolvedDept=PPT | ResolvedBuilding= | ResolvedSite= | DisciplineHint=mechanical | AssetCandidates=ducts, ductwork | WBS00=WBH | WBS01=HO | WBS03=PPT | DesignPkg=NWB-GEN-ME-SCM-1091-A | BuildingPermitPkg=WBH - BP09
ELEMENT | 15534727 | Cat=Ducts | AssetScore=45 | AssetTypeCode=MDUC | AssetType=Ductwork | AssetCategory=Ductwork | Targets=NWB_AssetTypeCode=MDUC; NWB_AssetType=Ductwork; NWB_Discipline=ME; NWB_Category=Ductwork; NWB_Department=PPT; NWB_Material=; NWB_System=Supply Air; NWB_UniclassCode=Pr_65_65_25; NWB_UniclassDescription=Ductwork and fittings; NWB_DesignPkg=NWB-GEN-ME-SCM-1091-A; NWB_BuildingPermitPkg=WBH - BP09; NWB_WBS00=WBH; NWB_WBS01=HO; NWB_WBS02=07; NWB_WBS03=PPT; NWB_WBS04=ME; NWB_WBS05=SI5; NWB_WBSCode=WBH-HO-07-PPT-ME-SI5
INFO | Candidate: NWB_AssetTypeCode | Scope=instance | Storage=String | ReadOnly=False | Shared=True | Id=7626182
INFO | Candidate: NWB_AssetType | Scope=instance | Storage=String | ReadOnly=False | Shared=True | Id=7626181
INFO | Candidate: NWB_Discipline | Scope=instance | Storage=String | ReadOnly=False | Shared=True | Id=7626159
INFO | Candidate: NWB_Category | Scope=instance | Storage=String | ReadOnly=False | Shared=True | Id=7626160
INFO | Candidate: NWB_System | Scope=instance | Storage=String | ReadOnly=False | Shared=True | Id=7626163
INFO | Candidate: NWB_UniclassCode | Scope=instance | Storage=String | ReadOnly=False | Shared=True | Id=7626165
INFO | Candidate: NWB_UniclassDescription | Scope=instance | Storage=String | ReadOnly=False | Shared=True | Id=7626166
INFO | Candidate: NWB_DesignPkg | Scope=instance | Storage=String | ReadOnly=False | Shared=True | Id=7626167
ERROR | Element 15667752 | Category=Ducts | Family= | Parameter=NWB_BuildingPermitPkg | Reason=missing | Writable sample: AHU, AHU_AreaServed, AHU_Serves, AHU_Type, AHU_ZoneNumber, Additional Flow, Building_No, COMPLETE Y/N, Classification.OmniClass.21.Description_INSTANCE, Classification.OmniClass.21.Number_INSTANCE, Classification.OmniClass.22.Description_INSTANCE, Classification.OmniClass.22.Number_INSTANCE, Classification.OmniClass.23.Description_INSTANCE, Classification.OmniClass.23.Number_INSTANCE, Classification.UniFormat.2010.Description, Classification.UniFormat.2010.Number, Comments, DUCT NUMBER, Description BOM Suffix, Duct Number
INFO | Candidate: NWB_WBS00 | Scope=instance | Storage=String | ReadOnly=False | Shared=True | Id=9214738
INFO | Candidate: NWB_WBS01 | Scope=instance | Storage=String | ReadOnly=False | Shared=True | Id=9214798
INFO | Candidate: NWB_WBS02 | Scope=instance | Storage=String | ReadOnly=False | Shared=True | Id=9214786
INFO | Candidate: NWB_WBS03 | Scope=instance | Storage=String | ReadOnly=False | Shared=True | Id=9214750
INFO | Candidate: NWB_WBS04 | Scope=instance | Storage=String | ReadOnly=False | Shared=True | Id=9214762
INFO | Candidate: NWB_WBS05 | Scope=instance | Storage=String | ReadOnly=False | Shared=True | Id=9214810
INFO | Candidate: NWB_WBSCode | Scope=instance | Storage=String | ReadOnly=False | Shared=True | Id=9214774
SOURCE | Element 15667752 | Cat=Ducts | Family=Rectangular Duct | Type= | Level=LEVEL 07 | System=Exhaust Air | LinkedRoomLink= | LinkedRoomNumber= | LinkedRoomName= | LinkedRoomDept= | LinkedRoomBuilding= | LinkedRoomSite= | LinkedRoomSource=connected-miss:d4:visited2 | ResolvedDept= | ResolvedBuilding= | ResolvedSite= | DisciplineHint=mechanical | AssetCandidates=ducts, ductwork | WBS00=WBH | WBS01=HO | WBS03=Z00 | DesignPkg=NWB-GEN-ME-SCM-1091-A | BuildingPermitPkg=WBH - BP09
WARN | Element 15667752 | Department unresolved | ExistingNWBDepartment= | ExistingWBS00=WBH | ExistingWBS01=HO | ExistingDiscipline=ME
ELEMENT | 15667752 | Cat=Ducts | AssetScore=45 | AssetTypeCode=MDUC | AssetType=Ductwork | AssetCategory=Ductwork | Targets=NWB_AssetTypeCode=MDUC; NWB_AssetType=Ductwork; NWB_Discipline=ME; NWB_Category=Ductwork; NWB_Department=; NWB_Material=; NWB_System=Exhaust Air; NWB_UniclassCode=Pr_65_65_25; NWB_UniclassDescription=Ductwork and fittings; NWB_DesignPkg=NWB-GEN-ME-SCM-1091-A; NWB_BuildingPermitPkg=WBH - BP09; NWB_WBS00=WBH; NWB_WBS01=HO; NWB_WBS02=07; NWB_WBS03=Z00; NWB_WBS04=ME; NWB_WBS05=SI5; NWB_WBSCode=WBH-HO-07-Z00-ME-SI5
INFO | Candidate: NWB_AssetTypeCode | Scope=instance | Storage=String | ReadOnly=False | Shared=True | Id=7626182
INFO | Candidate: NWB_AssetType | Scope=instance | Storage=String | ReadOnly=False | Shared=True | Id=7626181
INFO | Candidate: NWB_Discipline | Scope=instance | Storage=String | ReadOnly=False | Shared=True | Id=7626159
INFO | Candidate: NWB_Category | Scope=instance | Storage=String | ReadOnly=False | Shared=True | Id=7626160
INFO | Candidate: NWB_System | Scope=instance | Storage=String | ReadOnly=False | Shared=True | Id=7626163
INFO | Candidate: NWB_UniclassCode | Scope=instance | Storage=String | ReadOnly=False | Shared=True | Id=7626165
INFO | Candidate: NWB_UniclassDescription | Scope=instance | Storage=String | ReadOnly=False | Shared=True | Id=7626166
INFO | Candidate: NWB_DesignPkg | Scope=instance | Storage=String | ReadOnly=False | Shared=True | Id=7626167
ERROR | Element 15667753 | Category=Air Terminals | Family= | Parameter=NWB_BuildingPermitPkg | Reason=missing | Writable sample: AHU_AreaServed, AHU_Serves, AHU_Type, AHU_ZoneNumber, AQ, Building_No, COMPLETE Y/N, Classification.UniFormat.2010.Description, Classification.UniFormat.2010.Number, Comments, Elevation from Level, Export to IFC, Export to IFC As, Family, Family and Type, Flow, Height, IFC Predefined Type, IfcGUID, Image
INFO | Candidate: NWB_WBS00 | Scope=instance | Storage=String | ReadOnly=False | Shared=True | Id=9214738
INFO | Candidate: NWB_WBS01 | Scope=instance | Storage=String | ReadOnly=False | Shared=True | Id=9214798
INFO | Candidate: NWB_WBS02 | Scope=instance | Storage=String | ReadOnly=False | Shared=True | Id=9214786
INFO | Candidate: NWB_WBS03 | Scope=instance | Storage=String | ReadOnly=False | Shared=True | Id=9214750
INFO | Candidate: NWB_WBS04 | Scope=instance | Storage=String | ReadOnly=False | Shared=True | Id=9214762
INFO | Candidate: NWB_WBS05 | Scope=instance | Storage=String | ReadOnly=False | Shared=True | Id=9214810
INFO | Candidate: NWB_WBSCode | Scope=instance | Storage=String | ReadOnly=False | Shared=True | Id=9214774
SOURCE | Element 15667753 | Cat=Air Terminals | Family=MHT_AT_Sidewall Grille Supply | Type= | Level=LEVEL 07 | System=Supply Air | LinkedRoomLink= | LinkedRoomNumber= | LinkedRoomName= | LinkedRoomDept= | LinkedRoomBuilding= | LinkedRoomSite= | LinkedRoomSource=connected-miss:d4:visited2 | ResolvedDept= | ResolvedBuilding= | ResolvedSite= | DisciplineHint=mechanical | AssetCandidates=air terminals, air terminal | WBS00=WBH | WBS01=HO | WBS03=Z00 | DesignPkg=NWB-GEN-ME-SCM-1091-A | BuildingPermitPkg=WBH - BP09
WARN | Element 15667753 | Department unresolved | ExistingNWBDepartment= | ExistingWBS00=WBH | ExistingWBS01=HO | ExistingDiscipline=ME
ELEMENT | 15667753 | Cat=Air Terminals | AssetScore=36 | AssetTypeCode=MAGS | AssetType=Air Grilles | AssetCategory=Air Terminal | Targets=NWB_AssetTypeCode=MAGS; NWB_AssetType=Air Grilles; NWB_Discipline=ME; NWB_Category=Air Terminal; NWB_Department=; NWB_Material=; NWB_System=Supply Air; NWB_UniclassCode=Pr_70_65_04_03; NWB_UniclassDescription=Air grilles; NWB_DesignPkg=NWB-GEN-ME-SCM-1091-A; NWB_BuildingPermitPkg=WBH - BP09; NWB_WBS00=WBH; NWB_WBS01=HO; NWB_WBS02=07; NWB_WBS03=Z00; NWB_WBS04=ME; NWB_WBS05=SI5; NWB_WBSCode=WBH-HO-07-Z00-ME-SI5
INFO | Candidate: NWB_AssetTypeCode | Scope=instance | Storage=String | ReadOnly=False | Shared=True | Id=7626182
INFO | Candidate: NWB_AssetType | Scope=instance | Storage=String | ReadOnly=False | Shared=True | Id=7626181
INFO | Candidate: NWB_Discipline | Scope=instance | Storage=String | ReadOnly=False | Shared=True | Id=7626159
INFO | Candidate: NWB_Category | Scope=instance | Storage=String | ReadOnly=False | Shared=True | Id=7626160
INFO | Candidate: NWB_System | Scope=instance | Storage=String | ReadOnly=False | Shared=True | Id=7626163
INFO | Candidate: NWB_UniclassCode | Scope=instance | Storage=String | ReadOnly=False | Shared=True | Id=7626165
INFO | Candidate: NWB_UniclassDescription | Scope=instance | Storage=String | ReadOnly=False | Shared=True | Id=7626166
INFO | Candidate: NWB_DesignPkg | Scope=instance | Storage=String | ReadOnly=False | Shared=True | Id=7626167
ERROR | Element 15667763 | Category=Ducts | Family= | Parameter=NWB_BuildingPermitPkg | Reason=missing | Writable sample: AHU, AHU_AreaServed, AHU_Serves, AHU_Type, AHU_ZoneNumber, Additional Flow, Building_No, COMPLETE Y/N, Classification.OmniClass.21.Description_INSTANCE, Classification.OmniClass.21.Number_INSTANCE, Classification.OmniClass.22.Description_INSTANCE, Classification.OmniClass.22.Number_INSTANCE, Classification.OmniClass.23.Description_INSTANCE, Classification.OmniClass.23.Number_INSTANCE, Classification.UniFormat.2010.Description, Classification.UniFormat.2010.Number, Comments, DUCT NUMBER, Description BOM Suffix, Duct Number
INFO | Candidate: NWB_WBS00 | Scope=instance | Storage=String | ReadOnly=False | Shared=True | Id=9214738
INFO | Candidate: NWB_WBS01 | Scope=instance | Storage=String | ReadOnly=False | Shared=True | Id=9214798
INFO | Candidate: NWB_WBS02 | Scope=instance | Storage=String | ReadOnly=False | Shared=True | Id=9214786
INFO | Candidate: NWB_WBS03 | Scope=instance | Storage=String | ReadOnly=False | Shared=True | Id=9214750
INFO | Candidate: NWB_WBS04 | Scope=instance | Storage=String | ReadOnly=False | Shared=True | Id=9214762
INFO | Candidate: NWB_WBS05 | Scope=instance | Storage=String | ReadOnly=False | Shared=True | Id=9214810
INFO | Candidate: NWB_WBSCode | Scope=instance | Storage=String | ReadOnly=False | Shared=True | Id=9214774
SOURCE | Element 15667763 | Cat=Ducts | Family=Rectangular Duct | Type= | Level=LEVEL 07 | System=Exhaust Air | LinkedRoomLink= | LinkedRoomNumber= | LinkedRoomName= | LinkedRoomDept= | LinkedRoomBuilding= | LinkedRoomSite= | LinkedRoomSource=connected-miss:d4:visited2 | ResolvedDept= | ResolvedBuilding= | ResolvedSite= | DisciplineHint=mechanical | AssetCandidates=ducts, ductwork | WBS00=WBH | WBS01=HO | WBS03=Z00 | DesignPkg=NWB-GEN-ME-SCM-1091-A | BuildingPermitPkg=WBH - BP09
WARN | Element 15667763 | Department unresolved | ExistingNWBDepartment= | ExistingWBS00=WBH | ExistingWBS01=HO | ExistingDiscipline=ME
ELEMENT | 15667763 | Cat=Ducts | AssetScore=45 | AssetTypeCode=MDUC | AssetType=Ductwork | AssetCategory=Ductwork | Targets=NWB_AssetTypeCode=MDUC; NWB_AssetType=Ductwork; NWB_Discipline=ME; NWB_Category=Ductwork; NWB_Department=; NWB_Material=; NWB_System=Exhaust Air; NWB_UniclassCode=Pr_65_65_25; NWB_UniclassDescription=Ductwork and fittings; NWB_DesignPkg=NWB-GEN-ME-SCM-1091-A; NWB_BuildingPermitPkg=WBH - BP09; NWB_WBS00=WBH; NWB_WBS01=HO; NWB_WBS02=07; NWB_WBS03=Z00; NWB_WBS04=ME; NWB_WBS05=SI5; NWB_WBSCode=WBH-HO-07-Z00-ME-SI5
INFO | Candidate: NWB_AssetTypeCode | Scope=instance | Storage=String | ReadOnly=False | Shared=True | Id=7626182
INFO | Candidate: NWB_AssetType | Scope=instance | Storage=String | ReadOnly=False | Shared=True | Id=7626181
INFO | Candidate: NWB_Discipline | Scope=instance | Storage=String | ReadOnly=False | Shared=True | Id=7626159
INFO | Candidate: NWB_Category | Scope=instance | Storage=String | ReadOnly=False | Shared=True | Id=7626160
INFO | Candidate: NWB_System | Scope=instance | Storage=String | ReadOnly=False | Shared=True | Id=7626163
INFO | Candidate: NWB_UniclassCode | Scope=instance | Storage=String | ReadOnly=False | Shared=True | Id=7626165
INFO | Candidate: NWB_UniclassDescription | Scope=instance | Storage=String | ReadOnly=False | Shared=True | Id=7626166
INFO | Candidate: NWB_DesignPkg | Scope=instance | Storage=String | ReadOnly=False | Shared=True | Id=7626167
ERROR | Element 15667764 | Category=Air Terminals | Family= | Parameter=NWB_BuildingPermitPkg | Reason=missing | Writable sample: AHU_AreaServed, AHU_Serves, AHU_Type, AHU_ZoneNumber, AQ, Building_No, COMPLETE Y/N, Classification.UniFormat.2010.Description, Classification.UniFormat.2010.Number, Comments, Elevation from Level, Export to IFC, Export to IFC As, Family, Family and Type, Flow, Height, IFC Predefined Type, IfcGUID, Image
INFO | Candidate: NWB_WBS00 | Scope=instance | Storage=String | ReadOnly=False | Shared=True | Id=9214738
INFO | Candidate: NWB_WBS01 | Scope=instance | Storage=String | ReadOnly=False | Shared=True | Id=9214798
INFO | Candidate: NWB_WBS02 | Scope=instance | Storage=String | ReadOnly=False | Shared=True | Id=9214786
INFO | Candidate: NWB_WBS03 | Scope=instance | Storage=String | ReadOnly=False | Shared=True | Id=9214750
INFO | Candidate: NWB_WBS04 | Scope=instance | Storage=String | ReadOnly=False | Shared=True | Id=9214762
INFO | Candidate: NWB_WBS05 | Scope=instance | Storage=String | ReadOnly=False | Shared=True | Id=9214810
INFO | Candidate: NWB_WBSCode | Scope=instance | Storage=String | ReadOnly=False | Shared=True | Id=9214774
SOURCE | Element 15667764 | Cat=Air Terminals | Family=MHT_AT_Sidewall Grille Supply | Type= | Level=LEVEL 07 | System=Supply Air | LinkedRoomLink= | LinkedRoomNumber= | LinkedRoomName= | LinkedRoomDept= | LinkedRoomBuilding= | LinkedRoomSite= | LinkedRoomSource=connected-miss:d4:visited2 | ResolvedDept= | ResolvedBuilding= | ResolvedSite= | DisciplineHint=mechanical | AssetCandidates=air terminals, air terminal | WBS00=WBH | WBS01=HO | WBS03=Z00 | DesignPkg=NWB-GEN-ME-SCM-1091-A | BuildingPermitPkg=WBH - BP09
WARN | Element 15667764 | Department unresolved | ExistingNWBDepartment= | ExistingWBS00=WBH | ExistingWBS01=HO | ExistingDiscipline=ME
ELEMENT | 15667764 | Cat=Air Terminals | AssetScore=36 | AssetTypeCode=MAGS | AssetType=Air Grilles | AssetCategory=Air Terminal | Targets=NWB_AssetTypeCode=MAGS; NWB_AssetType=Air Grilles; NWB_Discipline=ME; NWB_Category=Air Terminal; NWB_Department=; NWB_Material=; NWB_System=Supply Air; NWB_UniclassCode=Pr_70_65_04_03; NWB_UniclassDescription=Air grilles; NWB_DesignPkg=NWB-GEN-ME-SCM-1091-A; NWB_BuildingPermitPkg=WBH - BP09; NWB_WBS00=WBH; NWB_WBS01=HO; NWB_WBS02=07; NWB_WBS03=Z00; NWB_WBS04=ME; NWB_WBS05=SI5; NWB_WBSCode=WBH-HO-07-Z00-ME-SI5
INFO | Candidate: NWB_AssetTypeCode | Scope=instance | Storage=String | ReadOnly=False | Shared=True | Id=3045149
INFO | Candidate: NWB_AssetTypeCode | Scope=instance | Storage=String | ReadOnly=False | Shared=True | Id=7626182
INFO | Found 2 parameters named NWB_AssetTypeCode
INFO | SELECTED | Shared Parameter | Scope=instance | ReadOnly=False | Id=3045149
INFO | SELECTED | Shared Parameter | Scope=instance | ReadOnly=False | Id=7626182
INFO | Candidate: NWB_AssetType | Scope=instance | Storage=String | ReadOnly=False | Shared=True | Id=3045150
INFO | Candidate: NWB_AssetType | Scope=instance | Storage=String | ReadOnly=False | Shared=True | Id=7626181
INFO | Found 2 parameters named NWB_AssetType
INFO | SELECTED | Shared Parameter | Scope=instance | ReadOnly=False | Id=3045150
INFO | SELECTED | Shared Parameter | Scope=instance | ReadOnly=False | Id=7626181
INFO | Candidate: NWB_Discipline | Scope=instance | Storage=String | ReadOnly=False | Shared=True | Id=3045151
INFO | Candidate: NWB_Discipline | Scope=instance | Storage=String | ReadOnly=False | Shared=True | Id=7626159
INFO | Found 2 parameters named NWB_Discipline
INFO | SELECTED | Shared Parameter | Scope=instance | ReadOnly=False | Id=3045151
INFO | SELECTED | Shared Parameter | Scope=instance | ReadOnly=False | Id=7626159
INFO | Candidate: NWB_Category | Scope=instance | Storage=String | ReadOnly=False | Shared=True | Id=3045152
INFO | Candidate: NWB_Category | Scope=instance | Storage=String | ReadOnly=False | Shared=True | Id=7626160
INFO | Found 2 parameters named NWB_Category
INFO | SELECTED | Shared Parameter | Scope=instance | ReadOnly=False | Id=3045152
INFO | SELECTED | Shared Parameter | Scope=instance | ReadOnly=False | Id=7626160
INFO | Candidate: NWB_Department | Scope=instance | Storage=String | ReadOnly=False | Shared=True | Id=3045159
INFO | Candidate: NWB_Department | Scope=instance | Storage=String | ReadOnly=False | Shared=True | Id=7626168
INFO | Found 2 parameters named NWB_Department
INFO | SELECTED | Shared Parameter | Scope=instance | ReadOnly=False | Id=3045159
INFO | SELECTED | Shared Parameter | Scope=instance | ReadOnly=False | Id=7626168
INFO | Writing INSTANCE parameter 'NWB_Department' on element 15669817
INFO | Element 15669817 | NWB_Department | Kind=Shared Parameter | Scope=instance | Storage=String | Old='' | New='PPT'
INFO | Writing INSTANCE parameter 'NWB_Department' on element 15669817
INFO | Element 15669817 | NWB_Department | Kind=Shared Parameter | Scope=instance | Storage=String | Old='' | New='PPT'
INFO | Candidate: NWB_System | Scope=instance | Storage=String | ReadOnly=False | Shared=True | Id=3045155
INFO | Candidate: NWB_System | Scope=instance | Storage=String | ReadOnly=False | Shared=True | Id=7626163
INFO | Found 2 parameters named NWB_System
INFO | SELECTED | Shared Parameter | Scope=instance | ReadOnly=False | Id=3045155
INFO | SELECTED | Shared Parameter | Scope=instance | ReadOnly=False | Id=7626163
INFO | Candidate: NWB_UniclassCode | Scope=instance | Storage=String | ReadOnly=False | Shared=True | Id=3045156
INFO | Candidate: NWB_UniclassCode | Scope=instance | Storage=String | ReadOnly=False | Shared=True | Id=7626165
INFO | Found 2 parameters named NWB_UniclassCode
INFO | SELECTED | Shared Parameter | Scope=instance | ReadOnly=False | Id=3045156
INFO | SELECTED | Shared Parameter | Scope=instance | ReadOnly=False | Id=7626165
INFO | Candidate: NWB_UniclassDescription | Scope=instance | Storage=String | ReadOnly=False | Shared=True | Id=3045157
INFO | Candidate: NWB_UniclassDescription | Scope=instance | Storage=String | ReadOnly=False | Shared=True | Id=7626166
INFO | Found 2 parameters named NWB_UniclassDescription
INFO | SELECTED | Shared Parameter | Scope=instance | ReadOnly=False | Id=3045157
INFO | SELECTED | Shared Parameter | Scope=instance | ReadOnly=False | Id=7626166
INFO | Candidate: NWB_DesignPkg | Scope=instance | Storage=String | ReadOnly=False | Shared=True | Id=3045158
INFO | Candidate: NWB_DesignPkg | Scope=instance | Storage=String | ReadOnly=False | Shared=True | Id=7626167
INFO | Found 2 parameters named NWB_DesignPkg
INFO | SELECTED | Shared Parameter | Scope=instance | ReadOnly=False | Id=3045158
INFO | SELECTED | Shared Parameter | Scope=instance | ReadOnly=False | Id=7626167
ERROR | Element 15669817 | Category=Duct Fittings | Family= | Parameter=NWB_BuildingPermitPkg | Reason=missing | Writable sample: AHU, AHU_AreaServed, AHU_Serves, AHU_Type, AHU_ZoneNumber, Building_No, COMPLETE Y/N, Classification.OmniClass.21.Description_INSTANCE, Classification.OmniClass.21.Number_INSTANCE, Classification.OmniClass.22.Description_INSTANCE, Classification.OmniClass.22.Number_INSTANCE, Classification.OmniClass.23.Description_INSTANCE, Classification.OmniClass.23.Number_INSTANCE, Classification.UniFormat.2010.Description, Classification.UniFormat.2010.Number, Comments, Description BOM Suffix, Duct Height, Duct Width, Ductwork Insulation - Lining
INFO | Candidate: NWB_WBS00 | Scope=instance | Storage=String | ReadOnly=False | Shared=True | Id=9214738
INFO | Candidate: NWB_WBS01 | Scope=instance | Storage=String | ReadOnly=False | Shared=True | Id=9214798
INFO | Candidate: NWB_WBS02 | Scope=instance | Storage=String | ReadOnly=False | Shared=True | Id=9214786
INFO | Candidate: NWB_WBS03 | Scope=instance | Storage=String | ReadOnly=False | Shared=True | Id=9214750
INFO | Writing INSTANCE parameter 'NWB_WBS03' on element 15669817
INFO | Element 15669817 | NWB_WBS03 | Kind=Shared Parameter | Scope=instance | Storage=String | Old='Z00' | New='PPT'
INFO | Candidate: NWB_WBS04 | Scope=instance | Storage=String | ReadOnly=False | Shared=True | Id=9214762
INFO | Candidate: NWB_WBS05 | Scope=instance | Storage=String | ReadOnly=False | Shared=True | Id=9214810
INFO | Candidate: NWB_WBSCode | Scope=instance | Storage=String | ReadOnly=False | Shared=True | Id=9214774
INFO | Writing INSTANCE parameter 'NWB_WBSCode' on element 15669817
INFO | Element 15669817 | NWB_WBSCode | Kind=Shared Parameter | Scope=instance | Storage=String | Old='WBH-HO-07-Z00-ME-SI5' | New='WBH-HO-07-PPT-ME-SI5'
SOURCE | Element 15669817 | Cat=Duct Fittings | Family=MHT-ME-DF-Rectangular Short Radius Bend - Flanged | Type= | Level=LEVEL 07 | System=Supply Air | LinkedRoomLink=NWB-ARC-WBH-AR-MOD-0035 | LinkedRoomNumber=PPT.07.173 | LinkedRoomName=Store, Tissue Samples, 4m2 | LinkedRoomDept=PPT | LinkedRoomBuilding= | LinkedRoomSite= | LinkedRoomSource=connected:d4:14932618:Air Terminals | ResolvedDept=PPT | ResolvedBuilding= | ResolvedSite= | DisciplineHint=mechanical | AssetCandidates=duct fittings, ductwork | WBS00=WBH | WBS01=HO | WBS03=PPT | DesignPkg=NWB-GEN-ME-SCM-1091-A | BuildingPermitPkg=WBH - BP09
ELEMENT | 15669817 | Cat=Duct Fittings | AssetScore=45 | AssetTypeCode=MDUC | AssetType=Ductwork | AssetCategory=Ductwork | Targets=NWB_AssetTypeCode=MDUC; NWB_AssetType=Ductwork; NWB_Discipline=ME; NWB_Category=Ductwork; NWB_Department=PPT; NWB_Material=; NWB_System=Supply Air; NWB_UniclassCode=Pr_65_65_25; NWB_UniclassDescription=Ductwork and fittings; NWB_DesignPkg=NWB-GEN-ME-SCM-1091-A; NWB_BuildingPermitPkg=WBH - BP09; NWB_WBS00=WBH; NWB_WBS01=HO; NWB_WBS02=07; NWB_WBS03=PPT; NWB_WBS04=ME; NWB_WBS05=SI5; NWB_WBSCode=WBH-HO-07-PPT-ME-SI5
INFO | Candidate: NWB_AssetTypeCode | Scope=instance | Storage=String | ReadOnly=False | Shared=True | Id=7626182
INFO | Candidate: NWB_AssetType | Scope=instance | Storage=String | ReadOnly=False | Shared=True | Id=7626181
INFO | Candidate: NWB_Discipline | Scope=instance | Storage=String | ReadOnly=False | Shared=True | Id=7626159
INFO | Candidate: NWB_Category | Scope=instance | Storage=String | ReadOnly=False | Shared=True | Id=7626160
INFO | Candidate: NWB_Department | Scope=instance | Storage=String | ReadOnly=False | Shared=True | Id=7626168
INFO | Writing INSTANCE parameter 'NWB_Department' on element 15669825
INFO | Element 15669825 | NWB_Department | Kind=Shared Parameter | Scope=instance | Storage=String | Old='' | New='ETC'
INFO | Candidate: NWB_System | Scope=instance | Storage=String | ReadOnly=False | Shared=True | Id=7626163
INFO | Candidate: NWB_UniclassCode | Scope=instance | Storage=String | ReadOnly=False | Shared=True | Id=7626165
INFO | Candidate: NWB_UniclassDescription | Scope=instance | Storage=String | ReadOnly=False | Shared=True | Id=7626166
INFO | Candidate: NWB_DesignPkg | Scope=instance | Storage=String | ReadOnly=False | Shared=True | Id=7626167
ERROR | Element 15669825 | Category=Duct Fittings | Family= | Parameter=NWB_BuildingPermitPkg | Reason=missing | Writable sample: AHU, AHU_AreaServed, AHU_Serves, AHU_Type, AHU_ZoneNumber, Angle, Building_No, COMPLETE Y/N, Classification.OmniClass.21.Description_INSTANCE, Classification.OmniClass.21.Number_INSTANCE, Classification.OmniClass.22.Description_INSTANCE, Classification.OmniClass.22.Number_INSTANCE, Classification.OmniClass.23.Description_INSTANCE, Classification.OmniClass.23.Number_INSTANCE, Classification.UniFormat.2010.Description, Classification.UniFormat.2010.Number, Comments, Description BOM Suffix, Ductwork Insulation - Lining, Elevation from Level
INFO | Candidate: NWB_WBS00 | Scope=instance | Storage=String | ReadOnly=False | Shared=True | Id=9214738
INFO | Candidate: NWB_WBS01 | Scope=instance | Storage=String | ReadOnly=False | Shared=True | Id=9214798
INFO | Candidate: NWB_WBS02 | Scope=instance | Storage=String | ReadOnly=False | Shared=True | Id=9214786
INFO | Candidate: NWB_WBS03 | Scope=instance | Storage=String | ReadOnly=False | Shared=True | Id=9214750
INFO | Writing INSTANCE parameter 'NWB_WBS03' on element 15669825
INFO | Element 15669825 | NWB_WBS03 | Kind=Shared Parameter | Scope=instance | Storage=String | Old='Z00' | New='ETC'
INFO | Candidate: NWB_WBS04 | Scope=instance | Storage=String | ReadOnly=False | Shared=True | Id=9214762
INFO | Candidate: NWB_WBS05 | Scope=instance | Storage=String | ReadOnly=False | Shared=True | Id=9214810
INFO | Candidate: NWB_WBSCode | Scope=instance | Storage=String | ReadOnly=False | Shared=True | Id=9214774
INFO | Writing INSTANCE parameter 'NWB_WBSCode' on element 15669825
INFO | Element 15669825 | NWB_WBSCode | Kind=Shared Parameter | Scope=instance | Storage=String | Old='WBH-HO-07-Z00-ME-SI5' | New='WBH-HO-07-ETC-ME-SI5'
SOURCE | Element 15669825 | Cat=Duct Fittings | Family=MHT-ME-DF-Rectangular Shoe Branch - Flanged | Type= | Level=LEVEL 07 | System=Supply Air | LinkedRoomLink=NWB-ARC-WBH-AR-MOD-0035 | LinkedRoomNumber=ETC.08.098 | LinkedRoomName=Clinical Library | LinkedRoomDept=ETC | LinkedRoomBuilding= | LinkedRoomSite= | LinkedRoomSource=connected:d1:13181888:Duct Systems | ResolvedDept=ETC | ResolvedBuilding= | ResolvedSite= | DisciplineHint=mechanical | AssetCandidates=duct fittings, ductwork | WBS00=WBH | WBS01=HO | WBS03=ETC | DesignPkg=NWB-GEN-ME-SCM-1091-A | BuildingPermitPkg=WBH - BP09
ELEMENT | 15669825 | Cat=Duct Fittings | AssetScore=45 | AssetTypeCode=MDUC | AssetType=Ductwork | AssetCategory=Ductwork | Targets=NWB_AssetTypeCode=MDUC; NWB_AssetType=Ductwork; NWB_Discipline=ME; NWB_Category=Ductwork; NWB_Department=ETC; NWB_Material=; NWB_System=Supply Air; NWB_UniclassCode=Pr_65_65_25; NWB_UniclassDescription=Ductwork and fittings; NWB_DesignPkg=NWB-GEN-ME-SCM-1091-A; NWB_BuildingPermitPkg=WBH - BP09; NWB_WBS00=WBH; NWB_WBS01=HO; NWB_WBS02=07; NWB_WBS03=ETC; NWB_WBS04=ME; NWB_WBS05=SI5; NWB_WBSCode=WBH-HO-07-ETC-ME-SI5
INFO | Candidate: NWB_AssetTypeCode | Scope=instance | Storage=String | ReadOnly=False | Shared=True | Id=7626182
INFO | Candidate: NWB_AssetType | Scope=instance | Storage=String | ReadOnly=False | Shared=True | Id=7626181
INFO | Candidate: NWB_Discipline | Scope=instance | Storage=String | ReadOnly=False | Shared=True | Id=7626159
INFO | Candidate: NWB_Category | Scope=instance | Storage=String | ReadOnly=False | Shared=True | Id=7626160
INFO | Candidate: NWB_Department | Scope=instance | Storage=String | ReadOnly=False | Shared=True | Id=7626168
INFO | Writing INSTANCE parameter 'NWB_Department' on element 15669826
INFO | Element 15669826 | NWB_Department | Kind=Shared Parameter | Scope=instance | Storage=String | Old='' | New='PPT'
INFO | Candidate: NWB_System | Scope=instance | Storage=String | ReadOnly=False | Shared=True | Id=7626163
INFO | Candidate: NWB_UniclassCode | Scope=instance | Storage=String | ReadOnly=False | Shared=True | Id=7626165
INFO | Candidate: NWB_UniclassDescription | Scope=instance | Storage=String | ReadOnly=False | Shared=True | Id=7626166
INFO | Candidate: NWB_DesignPkg | Scope=instance | Storage=String | ReadOnly=False | Shared=True | Id=7626167
ERROR | Element 15669826 | Category=Duct Accessories | Family= | Parameter=NWB_BuildingPermitPkg | Reason=missing | Writable sample: AHU, AHU_AreaServed, AHU_Serves, AHU_Type, AHU_ZoneNumber, Building_No, COMPLETE Y/N, Classification.UniFormat.2010.Description, Classification.UniFormat.2010.Number, Comments, Connection Type, Damper No., Description BOM Suffix, Elevation from Level, Engineer Note, Export to IFC, Export to IFC As, Family, Family and Type, Height
INFO | Candidate: NWB_WBS00 | Scope=instance | Storage=String | ReadOnly=False | Shared=True | Id=9214738
INFO | Candidate: NWB_WBS01 | Scope=instance | Storage=String | ReadOnly=False | Shared=True | Id=9214798
INFO | Candidate: NWB_WBS02 | Scope=instance | Storage=String | ReadOnly=False | Shared=True | Id=9214786
INFO | Candidate: NWB_WBS03 | Scope=instance | Storage=String | ReadOnly=False | Shared=True | Id=9214750
INFO | Writing INSTANCE parameter 'NWB_WBS03' on element 15669826
INFO | Element 15669826 | NWB_WBS03 | Kind=Shared Parameter | Scope=instance | Storage=String | Old='Z00' | New='PPT'
INFO | Candidate: NWB_WBS04 | Scope=instance | Storage=String | ReadOnly=False | Shared=True | Id=9214762
INFO | Candidate: NWB_WBS05 | Scope=instance | Storage=String | ReadOnly=False | Shared=True | Id=9214810
INFO | Candidate: NWB_WBSCode | Scope=instance | Storage=String | ReadOnly=False | Shared=True | Id=9214774
INFO | Writing INSTANCE parameter 'NWB_WBSCode' on element 15669826
INFO | Element 15669826 | NWB_WBSCode | Kind=Shared Parameter | Scope=instance | Storage=String | Old='WBH-HO-07-Z00-ME-SI5' | New='WBH-HO-07-PPT-ME-SI5'
SOURCE | Element 15669826 | Cat=Duct Accessories | Family=MHT-ME-Fire Damper-02 | Type= | Level=LEVEL 07 | System=Supply Air | LinkedRoomLink=NWB-ARC-WBH-AR-MOD-0035 | LinkedRoomNumber=PPT.07.173 | LinkedRoomName=Store, Tissue Samples, 4m2 | LinkedRoomDept=PPT | LinkedRoomBuilding= | LinkedRoomSite= | LinkedRoomSource=connected:d2:14932618:Air Terminals | ResolvedDept=PPT | ResolvedBuilding= | ResolvedSite= | DisciplineHint=fire and fire safety systems | AssetCandidates=duct accessories, ductwork | WBS00=WBH | WBS01=HO | WBS03=PPT | DesignPkg=NWB-GEN-ME-SCM-1091-A | BuildingPermitPkg=WBH - BP09
ELEMENT | 15669826 | Cat=Duct Accessories | AssetScore=37 | AssetTypeCode=MDUC | AssetType=Ductwork | AssetCategory=Ductwork | Targets=NWB_AssetTypeCode=MDUC; NWB_AssetType=Ductwork; NWB_Discipline=ME; NWB_Category=Ductwork; NWB_Department=PPT; NWB_Material=; NWB_System=Supply Air; NWB_UniclassCode=Pr_65_65_25; NWB_UniclassDescription=Ductwork and fittings; NWB_DesignPkg=NWB-GEN-ME-SCM-1091-A; NWB_BuildingPermitPkg=WBH - BP09; NWB_WBS00=WBH; NWB_WBS01=HO; NWB_WBS02=07; NWB_WBS03=PPT; NWB_WBS04=ME; NWB_WBS05=SI5; NWB_WBSCode=WBH-HO-07-PPT-ME-SI5
INFO | Candidate: NWB_AssetTypeCode | Scope=instance | Storage=String | ReadOnly=False | Shared=True | Id=3045149
INFO | Candidate: NWB_AssetTypeCode | Scope=instance | Storage=String | ReadOnly=False | Shared=True | Id=7626182
INFO | Found 2 parameters named NWB_AssetTypeCode
INFO | SELECTED | Shared Parameter | Scope=instance | ReadOnly=False | Id=3045149
INFO | SELECTED | Shared Parameter | Scope=instance | ReadOnly=False | Id=7626182
INFO | Candidate: NWB_AssetType | Scope=instance | Storage=String | ReadOnly=False | Shared=True | Id=3045150
INFO | Candidate: NWB_AssetType | Scope=instance | Storage=String | ReadOnly=False | Shared=True | Id=7626181
INFO | Found 2 parameters named NWB_AssetType
INFO | SELECTED | Shared Parameter | Scope=instance | ReadOnly=False | Id=3045150
INFO | SELECTED | Shared Parameter | Scope=instance | ReadOnly=False | Id=7626181
INFO | Candidate: NWB_Discipline | Scope=instance | Storage=String | ReadOnly=False | Shared=True | Id=3045151
INFO | Candidate: NWB_Discipline | Scope=instance | Storage=String | ReadOnly=False | Shared=True | Id=7626159
INFO | Found 2 parameters named NWB_Discipline
INFO | SELECTED | Shared Parameter | Scope=instance | ReadOnly=False | Id=3045151
INFO | SELECTED | Shared Parameter | Scope=instance | ReadOnly=False | Id=7626159
INFO | Candidate: NWB_Category | Scope=instance | Storage=String | ReadOnly=False | Shared=True | Id=3045152
INFO | Candidate: NWB_Category | Scope=instance | Storage=String | ReadOnly=False | Shared=True | Id=7626160
INFO | Found 2 parameters named NWB_Category
INFO | SELECTED | Shared Parameter | Scope=instance | ReadOnly=False | Id=3045152
INFO | SELECTED | Shared Parameter | Scope=instance | ReadOnly=False | Id=7626160
INFO | Candidate: NWB_Department | Scope=instance | Storage=String | ReadOnly=False | Shared=True | Id=3045159
INFO | Candidate: NWB_Department | Scope=instance | Storage=String | ReadOnly=False | Shared=True | Id=7626168
INFO | Found 2 parameters named NWB_Department
INFO | SELECTED | Shared Parameter | Scope=instance | ReadOnly=False | Id=3045159
INFO | SELECTED | Shared Parameter | Scope=instance | ReadOnly=False | Id=7626168
INFO | Writing INSTANCE parameter 'NWB_Department' on element 15669848
INFO | Element 15669848 | NWB_Department | Kind=Shared Parameter | Scope=instance | Storage=String | Old='' | New='PPT'
INFO | Writing INSTANCE parameter 'NWB_Department' on element 15669848
INFO | Element 15669848 | NWB_Department | Kind=Shared Parameter | Scope=instance | Storage=String | Old='' | New='PPT'
INFO | Candidate: NWB_System | Scope=instance | Storage=String | ReadOnly=False | Shared=True | Id=3045155
INFO | Candidate: NWB_System | Scope=instance | Storage=String | ReadOnly=False | Shared=True | Id=7626163
INFO | Found 2 parameters named NWB_System
INFO | SELECTED | Shared Parameter | Scope=instance | ReadOnly=False | Id=3045155
INFO | SELECTED | Shared Parameter | Scope=instance | ReadOnly=False | Id=7626163
INFO | Candidate: NWB_UniclassCode | Scope=instance | Storage=String | ReadOnly=False | Shared=True | Id=3045156
INFO | Candidate: NWB_UniclassCode | Scope=instance | Storage=String | ReadOnly=False | Shared=True | Id=7626165
INFO | Found 2 parameters named NWB_UniclassCode
INFO | SELECTED | Shared Parameter | Scope=instance | ReadOnly=False | Id=3045156
INFO | SELECTED | Shared Parameter | Scope=instance | ReadOnly=False | Id=7626165
INFO | Candidate: NWB_UniclassDescription | Scope=instance | Storage=String | ReadOnly=False | Shared=True | Id=3045157
INFO | Candidate: NWB_UniclassDescription | Scope=instance | Storage=String | ReadOnly=False | Shared=True | Id=7626166
INFO | Found 2 parameters named NWB_UniclassDescription
INFO | SELECTED | Shared Parameter | Scope=instance | ReadOnly=False | Id=3045157
INFO | SELECTED | Shared Parameter | Scope=instance | ReadOnly=False | Id=7626166
INFO | Candidate: NWB_DesignPkg | Scope=instance | Storage=String | ReadOnly=False | Shared=True | Id=3045158
INFO | Candidate: NWB_DesignPkg | Scope=instance | Storage=String | ReadOnly=False | Shared=True | Id=7626167
INFO | Found 2 parameters named NWB_DesignPkg
INFO | SELECTED | Shared Parameter | Scope=instance | ReadOnly=False | Id=3045158
INFO | SELECTED | Shared Parameter | Scope=instance | ReadOnly=False | Id=7626167
ERROR | Element 15669848 | Category=Duct Fittings | Family= | Parameter=NWB_BuildingPermitPkg | Reason=missing | Writable sample: AHU, AHU_AreaServed, AHU_Serves, AHU_Type, AHU_ZoneNumber, Building_No, COMPLETE Y/N, Classification.OmniClass.21.Description_INSTANCE, Classification.OmniClass.21.Number_INSTANCE, Classification.OmniClass.22.Description_INSTANCE, Classification.OmniClass.22.Number_INSTANCE, Classification.OmniClass.23.Description_INSTANCE, Classification.OmniClass.23.Number_INSTANCE, Classification.UniFormat.2010.Description, Classification.UniFormat.2010.Number, Comments, Description BOM Suffix, Duct Height, Duct Width, Ductwork Insulation - Lining
INFO | Candidate: NWB_WBS00 | Scope=instance | Storage=String | ReadOnly=False | Shared=True | Id=9214738
INFO | Candidate: NWB_WBS01 | Scope=instance | Storage=String | ReadOnly=False | Shared=True | Id=9214798
INFO | Candidate: NWB_WBS02 | Scope=instance | Storage=String | ReadOnly=False | Shared=True | Id=9214786
INFO | Candidate: NWB_WBS03 | Scope=instance | Storage=String | ReadOnly=False | Shared=True | Id=9214750
INFO | Writing INSTANCE parameter 'NWB_WBS03' on element 15669848
INFO | Element 15669848 | NWB_WBS03 | Kind=Shared Parameter | Scope=instance | Storage=String | Old='Z00' | New='PPT'
INFO | Candidate: NWB_WBS04 | Scope=instance | Storage=String | ReadOnly=False | Shared=True | Id=9214762
INFO | Candidate: NWB_WBS05 | Scope=instance | Storage=String | ReadOnly=False | Shared=True | Id=9214810
INFO | Candidate: NWB_WBSCode | Scope=instance | Storage=String | ReadOnly=False | Shared=True | Id=9214774
INFO | Writing INSTANCE parameter 'NWB_WBSCode' on element 15669848
INFO | Element 15669848 | NWB_WBSCode | Kind=Shared Parameter | Scope=instance | Storage=String | Old='WBH-HO-07-Z00-ME-SI5' | New='WBH-HO-07-PPT-ME-SI5'
SOURCE | Element 15669848 | Cat=Duct Fittings | Family=MHT-ME-DF-Rectangular Short Radius Bend - Flanged | Type= | Level=LEVEL 07 | System=Exhaust Air | LinkedRoomLink=NWB-ARC-WBH-AR-MOD-0035 | LinkedRoomNumber=PPT.07.171 | LinkedRoomName=Cleaner's Room | LinkedRoomDept=PPT | LinkedRoomBuilding= | LinkedRoomSite= | LinkedRoomSource=connected:d4:15669900:Air Terminals | ResolvedDept=PPT | ResolvedBuilding= | ResolvedSite= | DisciplineHint=mechanical | AssetCandidates=duct fittings, ductwork | WBS00=WBH | WBS01=HO | WBS03=PPT | DesignPkg=NWB-GEN-ME-SCM-1091-A | BuildingPermitPkg=WBH - BP09
ELEMENT | 15669848 | Cat=Duct Fittings | AssetScore=45 | AssetTypeCode=MDUC | AssetType=Ductwork | AssetCategory=Ductwork | Targets=NWB_AssetTypeCode=MDUC; NWB_AssetType=Ductwork; NWB_Discipline=ME; NWB_Category=Ductwork; NWB_Department=PPT; NWB_Material=; NWB_System=Exhaust Air; NWB_UniclassCode=Pr_65_65_25; NWB_UniclassDescription=Ductwork and fittings; NWB_DesignPkg=NWB-GEN-ME-SCM-1091-A; NWB_BuildingPermitPkg=WBH - BP09; NWB_WBS00=WBH; NWB_WBS01=HO; NWB_WBS02=07; NWB_WBS03=PPT; NWB_WBS04=ME; NWB_WBS05=SI5; NWB_WBSCode=WBH-HO-07-PPT-ME-SI5
INFO | Candidate: NWB_AssetTypeCode | Scope=instance | Storage=String | ReadOnly=False | Shared=True | Id=7626182
INFO | Candidate: NWB_AssetType | Scope=instance | Storage=String | ReadOnly=False | Shared=True | Id=7626181
INFO | Candidate: NWB_Discipline | Scope=instance | Storage=String | ReadOnly=False | Shared=True | Id=7626159
INFO | Candidate: NWB_Category | Scope=instance | Storage=String | ReadOnly=False | Shared=True | Id=7626160
INFO | Candidate: NWB_Department | Scope=instance | Storage=String | ReadOnly=False | Shared=True | Id=7626168
INFO | Writing INSTANCE parameter 'NWB_Department' on element 15669850
INFO | Element 15669850 | NWB_Department | Kind=Shared Parameter | Scope=instance | Storage=String | Old='' | New='PPT'
INFO | Candidate: NWB_System | Scope=instance | Storage=String | ReadOnly=False | Shared=True | Id=7626163
INFO | Candidate: NWB_UniclassCode | Scope=instance | Storage=String | ReadOnly=False | Shared=True | Id=7626165
INFO | Candidate: NWB_UniclassDescription | Scope=instance | Storage=String | ReadOnly=False | Shared=True | Id=7626166
INFO | Candidate: NWB_DesignPkg | Scope=instance | Storage=String | ReadOnly=False | Shared=True | Id=7626167
ERROR | Element 15669850 | Category=Duct Accessories | Family= | Parameter=NWB_BuildingPermitPkg | Reason=missing | Writable sample: AHU, AHU_AreaServed, AHU_Serves, AHU_Type, AHU_ZoneNumber, Building_No, COMPLETE Y/N, Classification.UniFormat.2010.Description, Classification.UniFormat.2010.Number, Comments, Connection Type, Damper No., Description BOM Suffix, Elevation from Level, Engineer Note, Export to IFC, Export to IFC As, Family, Family and Type, Height
INFO | Candidate: NWB_WBS00 | Scope=instance | Storage=String | ReadOnly=False | Shared=True | Id=9214738
INFO | Candidate: NWB_WBS01 | Scope=instance | Storage=String | ReadOnly=False | Shared=True | Id=9214798
INFO | Candidate: NWB_WBS02 | Scope=instance | Storage=String | ReadOnly=False | Shared=True | Id=9214786
INFO | Candidate: NWB_WBS03 | Scope=instance | Storage=String | ReadOnly=False | Shared=True | Id=9214750
INFO | Writing INSTANCE parameter 'NWB_WBS03' on element 15669850
INFO | Element 15669850 | NWB_WBS03 | Kind=Shared Parameter | Scope=instance | Storage=String | Old='Z00' | New='PPT'
INFO | Candidate: NWB_WBS04 | Scope=instance | Storage=String | ReadOnly=False | Shared=True | Id=9214762
INFO | Candidate: NWB_WBS05 | Scope=instance | Storage=String | ReadOnly=False | Shared=True | Id=9214810
INFO | Candidate: NWB_WBSCode | Scope=instance | Storage=String | ReadOnly=False | Shared=True | Id=9214774
INFO | Writing INSTANCE parameter 'NWB_WBSCode' on element 15669850
INFO | Element 15669850 | NWB_WBSCode | Kind=Shared Parameter | Scope=instance | Storage=String | Old='WBH-HO-07-Z00-ME-SI5' | New='WBH-HO-07-PPT-ME-SI5'
SOURCE | Element 15669850 | Cat=Duct Accessories | Family=MHT-ME-Fire Damper-02 | Type= | Level=LEVEL 07 | System=Exhaust Air | LinkedRoomLink=NWB-ARC-WBH-AR-MOD-0035 | LinkedRoomNumber=PPT.07.188 | LinkedRoomName=Universal Change, Staff, 7m2 | LinkedRoomDept=PPT | LinkedRoomBuilding= | LinkedRoomSite= | LinkedRoomSource=connected:d2:15669872:Air Terminals | ResolvedDept=PPT | ResolvedBuilding= | ResolvedSite= | DisciplineHint=fire and fire safety systems | AssetCandidates=duct accessories, ductwork | WBS00=WBH | WBS01=HO | WBS03=PPT | DesignPkg=NWB-GEN-ME-SCM-1091-A | BuildingPermitPkg=WBH - BP09
ELEMENT | 15669850 | Cat=Duct Accessories | AssetScore=37 | AssetTypeCode=MDUC | AssetType=Ductwork | AssetCategory=Ductwork | Targets=NWB_AssetTypeCode=MDUC; NWB_AssetType=Ductwork; NWB_Discipline=ME; NWB_Category=Ductwork; NWB_Department=PPT; NWB_Material=; NWB_System=Exhaust Air; NWB_UniclassCode=Pr_65_65_25; NWB_UniclassDescription=Ductwork and fittings; NWB_DesignPkg=NWB-GEN-ME-SCM-1091-A; NWB_BuildingPermitPkg=WBH - BP09; NWB_WBS00=WBH; NWB_WBS01=HO; NWB_WBS02=07; NWB_WBS03=PPT; NWB_WBS04=ME; NWB_WBS05=SI5; NWB_WBSCode=WBH-HO-07-PPT-ME-SI5
INFO | Candidate: NWB_AssetTypeCode | Scope=instance | Storage=String | ReadOnly=False | Shared=True | Id=7626182
INFO | Candidate: NWB_AssetType | Scope=instance | Storage=String | ReadOnly=False | Shared=True | Id=7626181
INFO | Candidate: NWB_Discipline | Scope=instance | Storage=String | ReadOnly=False | Shared=True | Id=7626159
INFO | Candidate: NWB_Category | Scope=instance | Storage=String | ReadOnly=False | Shared=True | Id=7626160
INFO | Candidate: NWB_Department | Scope=instance | Storage=String | ReadOnly=False | Shared=True | Id=7626168
INFO | Writing INSTANCE parameter 'NWB_Department' on element 15669852
INFO | Element 15669852 | NWB_Department | Kind=Shared Parameter | Scope=instance | Storage=String | Old='' | New='PPT'
INFO | Candidate: NWB_System | Scope=instance | Storage=String | ReadOnly=False | Shared=True | Id=7626163
INFO | Candidate: NWB_UniclassCode | Scope=instance | Storage=String | ReadOnly=False | Shared=True | Id=7626165
INFO | Candidate: NWB_UniclassDescription | Scope=instance | Storage=String | ReadOnly=False | Shared=True | Id=7626166
INFO | Candidate: NWB_DesignPkg | Scope=instance | Storage=String | ReadOnly=False | Shared=True | Id=7626167
ERROR | Element 15669852 | Category=Ducts | Family= | Parameter=NWB_BuildingPermitPkg | Reason=missing | Writable sample: AHU, AHU_AreaServed, AHU_Serves, AHU_Type, AHU_ZoneNumber, Additional Flow, Building_No, COMPLETE Y/N, Classification.OmniClass.21.Description_INSTANCE, Classification.OmniClass.21.Number_INSTANCE, Classification.OmniClass.22.Description_INSTANCE, Classification.OmniClass.22.Number_INSTANCE, Classification.OmniClass.23.Description_INSTANCE, Classification.OmniClass.23.Number_INSTANCE, Classification.UniFormat.2010.Description, Classification.UniFormat.2010.Number, Comments, DUCT NUMBER, Description BOM Suffix, Duct Number
INFO | Candidate: NWB_WBS00 | Scope=instance | Storage=String | ReadOnly=False | Shared=True | Id=9214738
INFO | Candidate: NWB_WBS01 | Scope=instance | Storage=String | ReadOnly=False | Shared=True | Id=9214798
INFO | Candidate: NWB_WBS02 | Scope=instance | Storage=String | ReadOnly=False | Shared=True | Id=9214786
INFO | Candidate: NWB_WBS03 | Scope=instance | Storage=String | ReadOnly=False | Shared=True | Id=9214750
INFO | Writing INSTANCE parameter 'NWB_WBS03' on element 15669852
INFO | Element 15669852 | NWB_WBS03 | Kind=Shared Parameter | Scope=instance | Storage=String | Old='Z00' | New='PPT'
INFO | Candidate: NWB_WBS04 | Scope=instance | Storage=String | ReadOnly=False | Shared=True | Id=9214762
INFO | Candidate: NWB_WBS05 | Scope=instance | Storage=String | ReadOnly=False | Shared=True | Id=9214810
INFO | Candidate: NWB_WBSCode | Scope=instance | Storage=String | ReadOnly=False | Shared=True | Id=9214774
INFO | Writing INSTANCE parameter 'NWB_WBSCode' on element 15669852
INFO | Element 15669852 | NWB_WBSCode | Kind=Shared Parameter | Scope=instance | Storage=String | Old='WBH-HO-07-Z00-ME-SI5' | New='WBH-HO-07-PPT-ME-SI5'
SOURCE | Element 15669852 | Cat=Ducts | Family=Rectangular Duct | Type= | Level=LEVEL 07 | System=Exhaust Air | LinkedRoomLink=NWB-ARC-WBH-AR-MOD-0035 | LinkedRoomNumber=PPT.07.171 | LinkedRoomName=Cleaner's Room | LinkedRoomDept=PPT | LinkedRoomBuilding= | LinkedRoomSite= | LinkedRoomSource=connected:d3:15669900:Air Terminals | ResolvedDept=PPT | ResolvedBuilding= | ResolvedSite= | DisciplineHint=mechanical | AssetCandidates=ducts, ductwork | WBS00=WBH | WBS01=HO | WBS03=PPT | DesignPkg=NWB-GEN-ME-SCM-1091-A | BuildingPermitPkg=WBH - BP09
ELEMENT | 15669852 | Cat=Ducts | AssetScore=45 | AssetTypeCode=MDUC | AssetType=Ductwork | AssetCategory=Ductwork | Targets=NWB_AssetTypeCode=MDUC; NWB_AssetType=Ductwork; NWB_Discipline=ME; NWB_Category=Ductwork; NWB_Department=PPT; NWB_Material=; NWB_System=Exhaust Air; NWB_UniclassCode=Pr_65_65_25; NWB_UniclassDescription=Ductwork and fittings; NWB_DesignPkg=NWB-GEN-ME-SCM-1091-A; NWB_BuildingPermitPkg=WBH - BP09; NWB_WBS00=WBH; NWB_WBS01=HO; NWB_WBS02=07; NWB_WBS03=PPT; NWB_WBS04=ME; NWB_WBS05=SI5; NWB_WBSCode=WBH-HO-07-PPT-ME-SI5
INFO | Candidate: NWB_AssetTypeCode | Scope=instance | Storage=String | ReadOnly=False | Shared=True | Id=7626182
INFO | Candidate: NWB_AssetType | Scope=instance | Storage=String | ReadOnly=False | Shared=True | Id=7626181
INFO | Candidate: NWB_Discipline | Scope=instance | Storage=String | ReadOnly=False | Shared=True | Id=7626159
INFO | Candidate: NWB_Category | Scope=instance | Storage=String | ReadOnly=False | Shared=True | Id=7626160
INFO | Candidate: NWB_System | Scope=instance | Storage=String | ReadOnly=False | Shared=True | Id=7626163
INFO | Candidate: NWB_UniclassCode | Scope=instance | Storage=String | ReadOnly=False | Shared=True | Id=7626165
INFO | Candidate: NWB_UniclassDescription | Scope=instance | Storage=String | ReadOnly=False | Shared=True | Id=7626166
INFO | Candidate: NWB_DesignPkg | Scope=instance | Storage=String | ReadOnly=False | Shared=True | Id=7626167
ERROR | Element 15671266 | Category=Duct Accessories | Family= | Parameter=NWB_BuildingPermitPkg | Reason=missing | Writable sample: AHU, AHU_AreaServed, AHU_Serves, AHU_Type, AHU_ZoneNumber, Building_No, COMPLETE Y/N, Classification.UniFormat.2010.Description, Classification.UniFormat.2010.Number, Comments, Connection Type, Damper No., Description BOM Suffix, Elevation from Level, Engineer Note, Export to IFC, Export to IFC As, Family, Family and Type, Height
INFO | Candidate: NWB_WBS00 | Scope=instance | Storage=String | ReadOnly=False | Shared=True | Id=9214738
INFO | Candidate: NWB_WBS01 | Scope=instance | Storage=String | ReadOnly=False | Shared=True | Id=9214798
INFO | Candidate: NWB_WBS02 | Scope=instance | Storage=String | ReadOnly=False | Shared=True | Id=9214786
INFO | Candidate: NWB_WBS03 | Scope=instance | Storage=String | ReadOnly=False | Shared=True | Id=9214750
INFO | Candidate: NWB_WBS04 | Scope=instance | Storage=String | ReadOnly=False | Shared=True | Id=9214762
INFO | Candidate: NWB_WBS05 | Scope=instance | Storage=String | ReadOnly=False | Shared=True | Id=9214810
INFO | Candidate: NWB_WBSCode | Scope=instance | Storage=String | ReadOnly=False | Shared=True | Id=9214774
SOURCE | Element 15671266 | Cat=Duct Accessories | Family=MHT-ME-Fire Damper-02 | Type= | Level=LEVEL 07 | System=Exhaust Air | LinkedRoomLink= | LinkedRoomNumber= | LinkedRoomName= | LinkedRoomDept= | LinkedRoomBuilding= | LinkedRoomSite= | LinkedRoomSource=connected-miss:d4:visited10 | ResolvedDept= | ResolvedBuilding= | ResolvedSite= | DisciplineHint=fire and fire safety systems | AssetCandidates=duct accessories, ductwork | WBS00=WBH | WBS01=HO | WBS03=Z00 | DesignPkg=NWB-GEN-ME-SCM-1091-A | BuildingPermitPkg=WBH - BP09
WARN | Element 15671266 | Department unresolved | ExistingNWBDepartment= | ExistingWBS00=WBH | ExistingWBS01=HO | ExistingDiscipline=ME
ELEMENT | 15671266 | Cat=Duct Accessories | AssetScore=37 | AssetTypeCode=MDUC | AssetType=Ductwork | AssetCategory=Ductwork | Targets=NWB_AssetTypeCode=MDUC; NWB_AssetType=Ductwork; NWB_Discipline=ME; NWB_Category=Ductwork; NWB_Department=; NWB_Material=; NWB_System=Exhaust Air; NWB_UniclassCode=Pr_65_65_25; NWB_UniclassDescription=Ductwork and fittings; NWB_DesignPkg=NWB-GEN-ME-SCM-1091-A; NWB_BuildingPermitPkg=WBH - BP09; NWB_WBS00=WBH; NWB_WBS01=HO; NWB_WBS02=07; NWB_WBS03=Z00; NWB_WBS04=ME; NWB_WBS05=SI5; NWB_WBSCode=WBH-HO-07-Z00-ME-SI5
INFO | Candidate: NWB_AssetTypeCode | Scope=instance | Storage=String | ReadOnly=False | Shared=True | Id=7626182
INFO | Candidate: NWB_AssetType | Scope=instance | Storage=String | ReadOnly=False | Shared=True | Id=7626181
INFO | Candidate: NWB_Discipline | Scope=instance | Storage=String | ReadOnly=False | Shared=True | Id=7626159
INFO | Candidate: NWB_Category | Scope=instance | Storage=String | ReadOnly=False | Shared=True | Id=7626160
INFO | Candidate: NWB_Department | Scope=instance | Storage=String | ReadOnly=False | Shared=True | Id=7626168
INFO | Candidate: NWB_System | Scope=instance | Storage=String | ReadOnly=False | Shared=True | Id=7626163
INFO | Candidate: NWB_UniclassCode | Scope=instance | Storage=String | ReadOnly=False | Shared=True | Id=7626165
INFO | Candidate: NWB_UniclassDescription | Scope=instance | Storage=String | ReadOnly=False | Shared=True | Id=7626166
INFO | Candidate: NWB_DesignPkg | Scope=instance | Storage=String | ReadOnly=False | Shared=True | Id=7626167
ERROR | Element 15671269 | Category=Ducts | Family= | Parameter=NWB_BuildingPermitPkg | Reason=missing | Writable sample: AHU, AHU_AreaServed, AHU_Serves, AHU_Type, AHU_ZoneNumber, Additional Flow, Building_No, COMPLETE Y/N, Classification.OmniClass.21.Description_INSTANCE, Classification.OmniClass.21.Number_INSTANCE, Classification.OmniClass.22.Description_INSTANCE, Classification.OmniClass.22.Number_INSTANCE, Classification.OmniClass.23.Description_INSTANCE, Classification.OmniClass.23.Number_INSTANCE, Classification.UniFormat.2010.Description, Classification.UniFormat.2010.Number, Comments, DUCT NUMBER, Description BOM Suffix, Duct Number
INFO | Candidate: NWB_WBS00 | Scope=instance | Storage=String | ReadOnly=False | Shared=True | Id=9214738
INFO | Candidate: NWB_WBS01 | Scope=instance | Storage=String | ReadOnly=False | Shared=True | Id=9214798
INFO | Candidate: NWB_WBS02 | Scope=instance | Storage=String | ReadOnly=False | Shared=True | Id=9214786
INFO | Candidate: NWB_WBS03 | Scope=instance | Storage=String | ReadOnly=False | Shared=True | Id=9214750
INFO | Candidate: NWB_WBS04 | Scope=instance | Storage=String | ReadOnly=False | Shared=True | Id=9214762
INFO | Candidate: NWB_WBS05 | Scope=instance | Storage=String | ReadOnly=False | Shared=True | Id=9214810
INFO | Candidate: NWB_WBSCode | Scope=instance | Storage=String | ReadOnly=False | Shared=True | Id=9214774
SOURCE | Element 15671269 | Cat=Ducts | Family=Rectangular Duct | Type= | Level=LEVEL 07 | System=Exhaust Air | LinkedRoomLink= | LinkedRoomNumber= | LinkedRoomName= | LinkedRoomDept= | LinkedRoomBuilding= | LinkedRoomSite= | LinkedRoomSource=connected-miss:d4:visited8 | ResolvedDept=PPT | ResolvedBuilding= | ResolvedSite= | DisciplineHint=mechanical | AssetCandidates=ducts, ductwork | WBS00=WBH | WBS01=HO | WBS03=PPT | DesignPkg=NWB-GEN-ME-SCM-1091-A | BuildingPermitPkg=WBH - BP09
ELEMENT | 15671269 | Cat=Ducts | AssetScore=45 | AssetTypeCode=MDUC | AssetType=Ductwork | AssetCategory=Ductwork | Targets=NWB_AssetTypeCode=MDUC; NWB_AssetType=Ductwork; NWB_Discipline=ME; NWB_Category=Ductwork; NWB_Department=PPT; NWB_Material=; NWB_System=Exhaust Air; NWB_UniclassCode=Pr_65_65_25; NWB_UniclassDescription=Ductwork and fittings; NWB_DesignPkg=NWB-GEN-ME-SCM-1091-A; NWB_BuildingPermitPkg=WBH - BP09; NWB_WBS00=WBH; NWB_WBS01=HO; NWB_WBS02=07; NWB_WBS03=PPT; NWB_WBS04=ME; NWB_WBS05=SI5; NWB_WBSCode=WBH-HO-07-PPT-ME-SI5
INFO | Candidate: NWB_AssetTypeCode | Scope=instance | Storage=String | ReadOnly=False | Shared=True | Id=7626182
INFO | Candidate: NWB_AssetType | Scope=instance | Storage=String | ReadOnly=False | Shared=True | Id=7626181
INFO | Candidate: NWB_Discipline | Scope=instance | Storage=String | ReadOnly=False | Shared=True | Id=7626159
INFO | Candidate: NWB_Category | Scope=instance | Storage=String | ReadOnly=False | Shared=True | Id=7626160
INFO | Candidate: NWB_Department | Scope=instance | Storage=String | ReadOnly=False | Shared=True | Id=7626168
INFO | Writing INSTANCE parameter 'NWB_Department' on element 15671517
INFO | Element 15671517 | NWB_Department | Kind=Shared Parameter | Scope=instance | Storage=String | Old='' | New='PPT'
INFO | Candidate: NWB_System | Scope=instance | Storage=String | ReadOnly=False | Shared=True | Id=7626163
INFO | Candidate: NWB_UniclassCode | Scope=instance | Storage=String | ReadOnly=False | Shared=True | Id=7626165
INFO | Candidate: NWB_UniclassDescription | Scope=instance | Storage=String | ReadOnly=False | Shared=True | Id=7626166
INFO | Candidate: NWB_DesignPkg | Scope=instance | Storage=String | ReadOnly=False | Shared=True | Id=7626167
ERROR | Element 15671517 | Category=Ducts | Family= | Parameter=NWB_BuildingPermitPkg | Reason=missing | Writable sample: AHU, AHU_AreaServed, AHU_Serves, AHU_Type, AHU_ZoneNumber, Additional Flow, Building_No, COMPLETE Y/N, Classification.OmniClass.21.Description_INSTANCE, Classification.OmniClass.21.Number_INSTANCE, Classification.OmniClass.22.Description_INSTANCE, Classification.OmniClass.22.Number_INSTANCE, Classification.OmniClass.23.Description_INSTANCE, Classification.OmniClass.23.Number_INSTANCE, Classification.UniFormat.2010.Description, Classification.UniFormat.2010.Number, Comments, DUCT NUMBER, Description BOM Suffix, Duct Number
INFO | Candidate: NWB_WBS00 | Scope=instance | Storage=String | ReadOnly=False | Shared=True | Id=9214738
INFO | Candidate: NWB_WBS01 | Scope=instance | Storage=String | ReadOnly=False | Shared=True | Id=9214798
INFO | Candidate: NWB_WBS02 | Scope=instance | Storage=String | ReadOnly=False | Shared=True | Id=9214786
INFO | Candidate: NWB_WBS03 | Scope=instance | Storage=String | ReadOnly=False | Shared=True | Id=9214750
INFO | Writing INSTANCE parameter 'NWB_WBS03' on element 15671517
INFO | Element 15671517 | NWB_WBS03 | Kind=Shared Parameter | Scope=instance | Storage=String | Old='Z00' | New='PPT'
INFO | Candidate: NWB_WBS04 | Scope=instance | Storage=String | ReadOnly=False | Shared=True | Id=9214762
INFO | Candidate: NWB_WBS05 | Scope=instance | Storage=String | ReadOnly=False | Shared=True | Id=9214810
INFO | Candidate: NWB_WBSCode | Scope=instance | Storage=String | ReadOnly=False | Shared=True | Id=9214774
INFO | Writing INSTANCE parameter 'NWB_WBSCode' on element 15671517
INFO | Element 15671517 | NWB_WBSCode | Kind=Shared Parameter | Scope=instance | Storage=String | Old='WBH-HO-07-Z00-ME-SI5' | New='WBH-HO-07-PPT-ME-SI5'
SOURCE | Element 15671517 | Cat=Ducts | Family=Rectangular Duct | Type= | Level=LEVEL 07 | System=Exhaust Air | LinkedRoomLink=NWB-ARC-WBH-AR-MOD-0035 | LinkedRoomNumber=PPT.07.183 | LinkedRoomName=Equipment Clean-Up, 14m2 | LinkedRoomDept=PPT | LinkedRoomBuilding= | LinkedRoomSite= | LinkedRoomSource=connected:d2:14893604:Air Terminals | ResolvedDept=PPT | ResolvedBuilding= | ResolvedSite= | DisciplineHint=mechanical | AssetCandidates=ducts, ductwork | WBS00=WBH | WBS01=HO | WBS03=PPT | DesignPkg=NWB-GEN-ME-SCM-1091-A | BuildingPermitPkg=WBH - BP09
ELEMENT | 15671517 | Cat=Ducts | AssetScore=45 | AssetTypeCode=MDUC | AssetType=Ductwork | AssetCategory=Ductwork | Targets=NWB_AssetTypeCode=MDUC; NWB_AssetType=Ductwork; NWB_Discipline=ME; NWB_Category=Ductwork; NWB_Department=PPT; NWB_Material=; NWB_System=Exhaust Air; NWB_UniclassCode=Pr_65_65_25; NWB_UniclassDescription=Ductwork and fittings; NWB_DesignPkg=NWB-GEN-ME-SCM-1091-A; NWB_BuildingPermitPkg=WBH - BP09; NWB_WBS00=WBH; NWB_WBS01=HO; NWB_WBS02=07; NWB_WBS03=PPT; NWB_WBS04=ME; NWB_WBS05=SI5; NWB_WBSCode=WBH-HO-07-PPT-ME-SI5
INFO | Candidate: NWB_AssetTypeCode | Scope=instance | Storage=String | ReadOnly=False | Shared=True | Id=3045149
INFO | Candidate: NWB_AssetTypeCode | Scope=instance | Storage=String | ReadOnly=False | Shared=True | Id=7626182
INFO | Found 2 parameters named NWB_AssetTypeCode
INFO | SELECTED | Shared Parameter | Scope=instance | ReadOnly=False | Id=3045149
INFO | SELECTED | Shared Parameter | Scope=instance | ReadOnly=False | Id=7626182
INFO | Candidate: NWB_AssetType | Scope=instance | Storage=String | ReadOnly=False | Shared=True | Id=3045150
INFO | Candidate: NWB_AssetType | Scope=instance | Storage=String | ReadOnly=False | Shared=True | Id=7626181
INFO | Found 2 parameters named NWB_AssetType
INFO | SELECTED | Shared Parameter | Scope=instance | ReadOnly=False | Id=3045150
INFO | SELECTED | Shared Parameter | Scope=instance | ReadOnly=False | Id=7626181
INFO | Candidate: NWB_Discipline | Scope=instance | Storage=String | ReadOnly=False | Shared=True | Id=3045151
INFO | Candidate: NWB_Discipline | Scope=instance | Storage=String | ReadOnly=False | Shared=True | Id=7626159
INFO | Found 2 parameters named NWB_Discipline
INFO | SELECTED | Shared Parameter | Scope=instance | ReadOnly=False | Id=3045151
INFO | SELECTED | Shared Parameter | Scope=instance | ReadOnly=False | Id=7626159
INFO | Candidate: NWB_Category | Scope=instance | Storage=String | ReadOnly=False | Shared=True | Id=3045152
INFO | Candidate: NWB_Category | Scope=instance | Storage=String | ReadOnly=False | Shared=True | Id=7626160
INFO | Found 2 parameters named NWB_Category
INFO | SELECTED | Shared Parameter | Scope=instance | ReadOnly=False | Id=3045152
INFO | SELECTED | Shared Parameter | Scope=instance | ReadOnly=False | Id=7626160
INFO | Candidate: NWB_Department | Scope=instance | Storage=String | ReadOnly=False | Shared=True | Id=3045159
INFO | Candidate: NWB_Department | Scope=instance | Storage=String | ReadOnly=False | Shared=True | Id=7626168
INFO | Found 2 parameters named NWB_Department
INFO | SELECTED | Shared Parameter | Scope=instance | ReadOnly=False | Id=3045159
INFO | SELECTED | Shared Parameter | Scope=instance | ReadOnly=False | Id=7626168
INFO | Writing INSTANCE parameter 'NWB_Department' on element 15671591
INFO | Element 15671591 | NWB_Department | Kind=Shared Parameter | Scope=instance | Storage=String | Old='' | New='PPT'
INFO | Writing INSTANCE parameter 'NWB_Department' on element 15671591
INFO | Element 15671591 | NWB_Department | Kind=Shared Parameter | Scope=instance | Storage=String | Old='' | New='PPT'
INFO | Candidate: NWB_System | Scope=instance | Storage=String | ReadOnly=False | Shared=True | Id=3045155
INFO | Candidate: NWB_System | Scope=instance | Storage=String | ReadOnly=False | Shared=True | Id=7626163
INFO | Found 2 parameters named NWB_System
INFO | SELECTED | Shared Parameter | Scope=instance | ReadOnly=False | Id=3045155
INFO | SELECTED | Shared Parameter | Scope=instance | ReadOnly=False | Id=7626163
INFO | Candidate: NWB_UniclassCode | Scope=instance | Storage=String | ReadOnly=False | Shared=True | Id=3045156
INFO | Candidate: NWB_UniclassCode | Scope=instance | Storage=String | ReadOnly=False | Shared=True | Id=7626165
INFO | Found 2 parameters named NWB_UniclassCode
INFO | SELECTED | Shared Parameter | Scope=instance | ReadOnly=False | Id=3045156
INFO | SELECTED | Shared Parameter | Scope=instance | ReadOnly=False | Id=7626165
INFO | Candidate: NWB_UniclassDescription | Scope=instance | Storage=String | ReadOnly=False | Shared=True | Id=3045157
INFO | Candidate: NWB_UniclassDescription | Scope=instance | Storage=String | ReadOnly=False | Shared=True | Id=7626166
INFO | Found 2 parameters named NWB_UniclassDescription
INFO | SELECTED | Shared Parameter | Scope=instance | ReadOnly=False | Id=3045157
INFO | SELECTED | Shared Parameter | Scope=instance | ReadOnly=False | Id=7626166
INFO | Candidate: NWB_DesignPkg | Scope=instance | Storage=String | ReadOnly=False | Shared=True | Id=3045158
INFO | Candidate: NWB_DesignPkg | Scope=instance | Storage=String | ReadOnly=False | Shared=True | Id=7626167
INFO | Found 2 parameters named NWB_DesignPkg
INFO | SELECTED | Shared Parameter | Scope=instance | ReadOnly=False | Id=3045158
INFO | SELECTED | Shared Parameter | Scope=instance | ReadOnly=False | Id=7626167
ERROR | Element 15671591 | Category=Duct Fittings | Family= | Parameter=NWB_BuildingPermitPkg | Reason=missing | Writable sample: AHU, AHU_AreaServed, AHU_Serves, AHU_Type, AHU_ZoneNumber, Building_No, COMPLETE Y/N, Classification.OmniClass.21.Description_INSTANCE, Classification.OmniClass.21.Number_INSTANCE, Classification.OmniClass.22.Description_INSTANCE, Classification.OmniClass.22.Number_INSTANCE, Classification.OmniClass.23.Description_INSTANCE, Classification.OmniClass.23.Number_INSTANCE, Classification.UniFormat.2010.Description, Classification.UniFormat.2010.Number, Comments, Description BOM Suffix, Duct Height, Duct Width, Ductwork Insulation - Lining
INFO | Candidate: NWB_WBS00 | Scope=instance | Storage=String | ReadOnly=False | Shared=True | Id=9214738
INFO | Candidate: NWB_WBS01 | Scope=instance | Storage=String | ReadOnly=False | Shared=True | Id=9214798
INFO | Candidate: NWB_WBS02 | Scope=instance | Storage=String | ReadOnly=False | Shared=True | Id=9214786
INFO | Candidate: NWB_WBS03 | Scope=instance | Storage=String | ReadOnly=False | Shared=True | Id=9214750
INFO | Writing INSTANCE parameter 'NWB_WBS03' on element 15671591
INFO | Element 15671591 | NWB_WBS03 | Kind=Shared Parameter | Scope=instance | Storage=String | Old='Z00' | New='PPT'
INFO | Candidate: NWB_WBS04 | Scope=instance | Storage=String | ReadOnly=False | Shared=True | Id=9214762
INFO | Candidate: NWB_WBS05 | Scope=instance | Storage=String | ReadOnly=False | Shared=True | Id=9214810
INFO | Candidate: NWB_WBSCode | Scope=instance | Storage=String | ReadOnly=False | Shared=True | Id=9214774
INFO | Writing INSTANCE parameter 'NWB_WBSCode' on element 15671591
INFO | Element 15671591 | NWB_WBSCode | Kind=Shared Parameter | Scope=instance | Storage=String | Old='WBH-HO-07-Z00-ME-SI5' | New='WBH-HO-07-PPT-ME-SI5'
SOURCE | Element 15671591 | Cat=Duct Fittings | Family=MHT-ME-DF-Rectangular Short Radius Bend - Flanged | Type= | Level=LEVEL 07 | System=Exhaust Air | LinkedRoomLink=NWB-ARC-WBH-AR-MOD-0035 | LinkedRoomNumber=PPT.07.170 | LinkedRoomName=Store - General | LinkedRoomDept=PPT | LinkedRoomBuilding= | LinkedRoomSite= | LinkedRoomSource=connected:d3:14953048:Air Terminals | ResolvedDept=PPT | ResolvedBuilding= | ResolvedSite= | DisciplineHint=mechanical | AssetCandidates=duct fittings, ductwork | WBS00=WBH | WBS01=HO | WBS03=PPT | DesignPkg=NWB-GEN-ME-SCM-1091-A | BuildingPermitPkg=WBH - BP09
ELEMENT | 15671591 | Cat=Duct Fittings | AssetScore=45 | AssetTypeCode=MDUC | AssetType=Ductwork | AssetCategory=Ductwork | Targets=NWB_AssetTypeCode=MDUC; NWB_AssetType=Ductwork; NWB_Discipline=ME; NWB_Category=Ductwork; NWB_Department=PPT; NWB_Material=; NWB_System=Exhaust Air; NWB_UniclassCode=Pr_65_65_25; NWB_UniclassDescription=Ductwork and fittings; NWB_DesignPkg=NWB-GEN-ME-SCM-1091-A; NWB_BuildingPermitPkg=WBH - BP09; NWB_WBS00=WBH; NWB_WBS01=HO; NWB_WBS02=07; NWB_WBS03=PPT; NWB_WBS04=ME; NWB_WBS05=SI5; NWB_WBSCode=WBH-HO-07-PPT-ME-SI5
INFO | Candidate: NWB_AssetTypeCode | Scope=instance | Storage=String | ReadOnly=False | Shared=True | Id=7626182
INFO | Candidate: NWB_AssetType | Scope=instance | Storage=String | ReadOnly=False | Shared=True | Id=7626181
INFO | Candidate: NWB_Discipline | Scope=instance | Storage=String | ReadOnly=False | Shared=True | Id=7626159
INFO | Candidate: NWB_Category | Scope=instance | Storage=String | ReadOnly=False | Shared=True | Id=7626160
INFO | Candidate: NWB_Department | Scope=instance | Storage=String | ReadOnly=False | Shared=True | Id=7626168
INFO | Writing INSTANCE parameter 'NWB_Department' on element 15673154
INFO | Element 15673154 | NWB_Department | Kind=Shared Parameter | Scope=instance | Storage=String | Old='' | New='PAT'
INFO | Candidate: NWB_System | Scope=instance | Storage=String | ReadOnly=False | Shared=True | Id=7626163
INFO | Candidate: NWB_UniclassCode | Scope=instance | Storage=String | ReadOnly=False | Shared=True | Id=7626165
INFO | Candidate: NWB_UniclassDescription | Scope=instance | Storage=String | ReadOnly=False | Shared=True | Id=7626166
INFO | Candidate: NWB_DesignPkg | Scope=instance | Storage=String | ReadOnly=False | Shared=True | Id=7626167
ERROR | Element 15673154 | Category=Duct Accessories | Family= | Parameter=NWB_BuildingPermitPkg | Reason=missing | Writable sample: AHU, AHU_AreaServed, AHU_Serves, AHU_Type, AHU_ZoneNumber, Building_No, COMPLETE Y/N, Classification.UniFormat.2010.Description, Classification.UniFormat.2010.Number, Comments, Connection Type, Damper No., Description BOM Suffix, Elevation from Level, Engineer Note, Export to IFC, Export to IFC As, Family, Family and Type, Height
INFO | Candidate: NWB_WBS00 | Scope=instance | Storage=String | ReadOnly=False | Shared=True | Id=9214738
INFO | Candidate: NWB_WBS01 | Scope=instance | Storage=String | ReadOnly=False | Shared=True | Id=9214798
INFO | Candidate: NWB_WBS02 | Scope=instance | Storage=String | ReadOnly=False | Shared=True | Id=9214786
INFO | Candidate: NWB_WBS03 | Scope=instance | Storage=String | ReadOnly=False | Shared=True | Id=9214750
INFO | Writing INSTANCE parameter 'NWB_WBS03' on element 15673154
INFO | Element 15673154 | NWB_WBS03 | Kind=Shared Parameter | Scope=instance | Storage=String | Old='Z00' | New='PAT'
INFO | Candidate: NWB_WBS04 | Scope=instance | Storage=String | ReadOnly=False | Shared=True | Id=9214762
INFO | Candidate: NWB_WBS05 | Scope=instance | Storage=String | ReadOnly=False | Shared=True | Id=9214810
INFO | Candidate: NWB_WBSCode | Scope=instance | Storage=String | ReadOnly=False | Shared=True | Id=9214774
INFO | Writing INSTANCE parameter 'NWB_WBSCode' on element 15673154
INFO | Element 15673154 | NWB_WBSCode | Kind=Shared Parameter | Scope=instance | Storage=String | Old='WBH-HO-07-Z00-ME-SI5' | New='WBH-HO-07-PAT-ME-SI5'
SOURCE | Element 15673154 | Cat=Duct Accessories | Family=MHT-ME-Fire Damper-02 | Type= | Level=LEVEL 07 | System=Exhaust Air | LinkedRoomLink=NWB-ARC-WBH-AR-MOD-0035 | LinkedRoomNumber=PAT.07.062 | LinkedRoomName=Clean-Up Room, 10m2 | LinkedRoomDept=PAT | LinkedRoomBuilding= | LinkedRoomSite= | LinkedRoomSource=connected:d2:14893475:Air Terminals | ResolvedDept=PAT | ResolvedBuilding= | ResolvedSite= | DisciplineHint=fire and fire safety systems | AssetCandidates=duct accessories, ductwork | WBS00=WBH | WBS01=HO | WBS03=PAT | DesignPkg=NWB-GEN-ME-SCM-1091-A | BuildingPermitPkg=WBH - BP09
ELEMENT | 15673154 | Cat=Duct Accessories | AssetScore=37 | AssetTypeCode=MDUC | AssetType=Ductwork | AssetCategory=Ductwork | Targets=NWB_AssetTypeCode=MDUC; NWB_AssetType=Ductwork; NWB_Discipline=ME; NWB_Category=Ductwork; NWB_Department=PAT; NWB_Material=; NWB_System=Exhaust Air; NWB_UniclassCode=Pr_65_65_25; NWB_UniclassDescription=Ductwork and fittings; NWB_DesignPkg=NWB-GEN-ME-SCM-1091-A; NWB_BuildingPermitPkg=WBH - BP09; NWB_WBS00=WBH; NWB_WBS01=HO; NWB_WBS02=07; NWB_WBS03=PAT; NWB_WBS04=ME; NWB_WBS05=SI5; NWB_WBSCode=WBH-HO-07-PAT-ME-SI5
INFO | Candidate: NWB_AssetTypeCode | Scope=instance | Storage=String | ReadOnly=False | Shared=True | Id=7626182
INFO | Candidate: NWB_AssetType | Scope=instance | Storage=String | ReadOnly=False | Shared=True | Id=7626181
INFO | Candidate: NWB_Discipline | Scope=instance | Storage=String | ReadOnly=False | Shared=True | Id=7626159
INFO | Candidate: NWB_Category | Scope=instance | Storage=String | ReadOnly=False | Shared=True | Id=7626160
INFO | Candidate: NWB_Department | Scope=instance | Storage=String | ReadOnly=False | Shared=True | Id=7626168
INFO | Writing INSTANCE parameter 'NWB_Department' on element 15673192
INFO | Element 15673192 | NWB_Department | Kind=Shared Parameter | Scope=instance | Storage=String | Old='' | New='PPT'
INFO | Candidate: NWB_System | Scope=instance | Storage=String | ReadOnly=False | Shared=True | Id=7626163
INFO | Candidate: NWB_UniclassCode | Scope=instance | Storage=String | ReadOnly=False | Shared=True | Id=7626165
INFO | Candidate: NWB_UniclassDescription | Scope=instance | Storage=String | ReadOnly=False | Shared=True | Id=7626166
INFO | Candidate: NWB_DesignPkg | Scope=instance | Storage=String | ReadOnly=False | Shared=True | Id=7626167
ERROR | Element 15673192 | Category=Duct Accessories | Family= | Parameter=NWB_BuildingPermitPkg | Reason=missing | Writable sample: AHU, AHU_AreaServed, AHU_Serves, AHU_Type, AHU_ZoneNumber, Building_No, COMPLETE Y/N, Classification.UniFormat.2010.Description, Classification.UniFormat.2010.Number, Comments, Connection Type, Damper No., Description BOM Suffix, Elevation from Level, Engineer Note, Export to IFC, Export to IFC As, Family, Family and Type, Height
INFO | Candidate: NWB_WBS00 | Scope=instance | Storage=String | ReadOnly=False | Shared=True | Id=9214738
INFO | Candidate: NWB_WBS01 | Scope=instance | Storage=String | ReadOnly=False | Shared=True | Id=9214798
INFO | Candidate: NWB_WBS02 | Scope=instance | Storage=String | ReadOnly=False | Shared=True | Id=9214786
INFO | Candidate: NWB_WBS03 | Scope=instance | Storage=String | ReadOnly=False | Shared=True | Id=9214750
INFO | Writing INSTANCE parameter 'NWB_WBS03' on element 15673192
INFO | Element 15673192 | NWB_WBS03 | Kind=Shared Parameter | Scope=instance | Storage=String | Old='Z00' | New='PPT'
INFO | Candidate: NWB_WBS04 | Scope=instance | Storage=String | ReadOnly=False | Shared=True | Id=9214762
INFO | Candidate: NWB_WBS05 | Scope=instance | Storage=String | ReadOnly=False | Shared=True | Id=9214810
INFO | Candidate: NWB_WBSCode | Scope=instance | Storage=String | ReadOnly=False | Shared=True | Id=9214774
INFO | Writing INSTANCE parameter 'NWB_WBSCode' on element 15673192
INFO | Element 15673192 | NWB_WBSCode | Kind=Shared Parameter | Scope=instance | Storage=String | Old='WBH-HO-07-Z00-ME-SI5' | New='WBH-HO-07-PPT-ME-SI5'
SOURCE | Element 15673192 | Cat=Duct Accessories | Family=MHT-ME-Fire Damper-02 | Type= | Level=LEVEL 07 | System=Exhaust Air | LinkedRoomLink=NWB-ARC-WBH-AR-MOD-0035 | LinkedRoomNumber=PPT.07.182 | LinkedRoomName=Store - General | LinkedRoomDept=PPT | LinkedRoomBuilding= | LinkedRoomSite= | LinkedRoomSource=connected:d3:14953025:Air Terminals | ResolvedDept=PPT | ResolvedBuilding= | ResolvedSite= | DisciplineHint=fire and fire safety systems | AssetCandidates=duct accessories, ductwork | WBS00=WBH | WBS01=HO | WBS03=PPT | DesignPkg=NWB-GEN-ME-SCM-1091-A | BuildingPermitPkg=WBH - BP09
ELEMENT | 15673192 | Cat=Duct Accessories | AssetScore=37 | AssetTypeCode=MDUC | AssetType=Ductwork | AssetCategory=Ductwork | Targets=NWB_AssetTypeCode=MDUC; NWB_AssetType=Ductwork; NWB_Discipline=ME; NWB_Category=Ductwork; NWB_Department=PPT; NWB_Material=; NWB_System=Exhaust Air; NWB_UniclassCode=Pr_65_65_25; NWB_UniclassDescription=Ductwork and fittings; NWB_DesignPkg=NWB-GEN-ME-SCM-1091-A; NWB_BuildingPermitPkg=WBH - BP09; NWB_WBS00=WBH; NWB_WBS01=HO; NWB_WBS02=07; NWB_WBS03=PPT; NWB_WBS04=ME; NWB_WBS05=SI5; NWB_WBSCode=WBH-HO-07-PPT-ME-SI5
INFO | Candidate: NWB_AssetTypeCode | Scope=instance | Storage=String | ReadOnly=False | Shared=True | Id=7626182
INFO | Candidate: NWB_AssetType | Scope=instance | Storage=String | ReadOnly=False | Shared=True | Id=7626181
INFO | Candidate: NWB_Discipline | Scope=instance | Storage=String | ReadOnly=False | Shared=True | Id=7626159
INFO | Candidate: NWB_Category | Scope=instance | Storage=String | ReadOnly=False | Shared=True | Id=7626160
INFO | Candidate: NWB_Department | Scope=instance | Storage=String | ReadOnly=False | Shared=True | Id=7626168
INFO | Writing INSTANCE parameter 'NWB_Department' on element 15673195
INFO | Element 15673195 | NWB_Department | Kind=Shared Parameter | Scope=instance | Storage=String | Old='' | New='PAT'
INFO | Candidate: NWB_System | Scope=instance | Storage=String | ReadOnly=False | Shared=True | Id=7626163
INFO | Candidate: NWB_UniclassCode | Scope=instance | Storage=String | ReadOnly=False | Shared=True | Id=7626165
INFO | Candidate: NWB_UniclassDescription | Scope=instance | Storage=String | ReadOnly=False | Shared=True | Id=7626166
INFO | Candidate: NWB_DesignPkg | Scope=instance | Storage=String | ReadOnly=False | Shared=True | Id=7626167
ERROR | Element 15673195 | Category=Ducts | Family= | Parameter=NWB_BuildingPermitPkg | Reason=missing | Writable sample: AHU, AHU_AreaServed, AHU_Serves, AHU_Type, AHU_ZoneNumber, Additional Flow, Building_No, COMPLETE Y/N, Classification.OmniClass.21.Description_INSTANCE, Classification.OmniClass.21.Number_INSTANCE, Classification.OmniClass.22.Description_INSTANCE, Classification.OmniClass.22.Number_INSTANCE, Classification.OmniClass.23.Description_INSTANCE, Classification.OmniClass.23.Number_INSTANCE, Classification.UniFormat.2010.Description, Classification.UniFormat.2010.Number, Comments, DUCT NUMBER, Description BOM Suffix, Duct Number
INFO | Candidate: NWB_WBS00 | Scope=instance | Storage=String | ReadOnly=False | Shared=True | Id=9214738
INFO | Candidate: NWB_WBS01 | Scope=instance | Storage=String | ReadOnly=False | Shared=True | Id=9214798
INFO | Candidate: NWB_WBS02 | Scope=instance | Storage=String | ReadOnly=False | Shared=True | Id=9214786
INFO | Candidate: NWB_WBS03 | Scope=instance | Storage=String | ReadOnly=False | Shared=True | Id=9214750
INFO | Writing INSTANCE parameter 'NWB_WBS03' on element 15673195
INFO | Element 15673195 | NWB_WBS03 | Kind=Shared Parameter | Scope=instance | Storage=String | Old='Z00' | New='PAT'
INFO | Candidate: NWB_WBS04 | Scope=instance | Storage=String | ReadOnly=False | Shared=True | Id=9214762
INFO | Candidate: NWB_WBS05 | Scope=instance | Storage=String | ReadOnly=False | Shared=True | Id=9214810
INFO | Candidate: NWB_WBSCode | Scope=instance | Storage=String | ReadOnly=False | Shared=True | Id=9214774
INFO | Writing INSTANCE parameter 'NWB_WBSCode' on element 15673195
INFO | Element 15673195 | NWB_WBSCode | Kind=Shared Parameter | Scope=instance | Storage=String | Old='WBH-HO-07-Z00-ME-SI5' | New='WBH-HO-07-PAT-ME-SI5'
SOURCE | Element 15673195 | Cat=Ducts | Family=Rectangular Duct | Type= | Level=LEVEL 07 | System=Exhaust Air | LinkedRoomLink=NWB-ARC-WBH-AR-MOD-0035 | LinkedRoomNumber=PAT.07.062 | LinkedRoomName=Clean-Up Room, 10m2 | LinkedRoomDept=PAT | LinkedRoomBuilding= | LinkedRoomSite= | LinkedRoomSource=connected:d4:14893475:Air Terminals | ResolvedDept=PAT | ResolvedBuilding= | ResolvedSite= | DisciplineHint=mechanical | AssetCandidates=ducts, ductwork | WBS00=WBH | WBS01=HO | WBS03=PAT | DesignPkg=NWB-GEN-ME-SCM-1091-A | BuildingPermitPkg=WBH - BP09
ELEMENT | 15673195 | Cat=Ducts | AssetScore=45 | AssetTypeCode=MDUC | AssetType=Ductwork | AssetCategory=Ductwork | Targets=NWB_AssetTypeCode=MDUC; NWB_AssetType=Ductwork; NWB_Discipline=ME; NWB_Category=Ductwork; NWB_Department=PAT; NWB_Material=; NWB_System=Exhaust Air; NWB_UniclassCode=Pr_65_65_25; NWB_UniclassDescription=Ductwork and fittings; NWB_DesignPkg=NWB-GEN-ME-SCM-1091-A; NWB_BuildingPermitPkg=WBH - BP09; NWB_WBS00=WBH; NWB_WBS01=HO; NWB_WBS02=07; NWB_WBS03=PAT; NWB_WBS04=ME; NWB_WBS05=SI5; NWB_WBSCode=WBH-HO-07-PAT-ME-SI5
INFO | Candidate: NWB_AssetTypeCode | Scope=instance | Storage=String | ReadOnly=False | Shared=True | Id=3045149
INFO | Candidate: NWB_AssetTypeCode | Scope=instance | Storage=String | ReadOnly=False | Shared=True | Id=7626182
INFO | Found 2 parameters named NWB_AssetTypeCode
INFO | SELECTED | Shared Parameter | Scope=instance | ReadOnly=False | Id=3045149
INFO | SELECTED | Shared Parameter | Scope=instance | ReadOnly=False | Id=7626182
INFO | Candidate: NWB_AssetType | Scope=instance | Storage=String | ReadOnly=False | Shared=True | Id=3045150
INFO | Candidate: NWB_AssetType | Scope=instance | Storage=String | ReadOnly=False | Shared=True | Id=7626181
INFO | Found 2 parameters named NWB_AssetType
INFO | SELECTED | Shared Parameter | Scope=instance | ReadOnly=False | Id=3045150
INFO | SELECTED | Shared Parameter | Scope=instance | ReadOnly=False | Id=7626181
INFO | Candidate: NWB_Discipline | Scope=instance | Storage=String | ReadOnly=False | Shared=True | Id=3045151
INFO | Candidate: NWB_Discipline | Scope=instance | Storage=String | ReadOnly=False | Shared=True | Id=7626159
INFO | Found 2 parameters named NWB_Discipline
INFO | SELECTED | Shared Parameter | Scope=instance | ReadOnly=False | Id=3045151
INFO | SELECTED | Shared Parameter | Scope=instance | ReadOnly=False | Id=7626159
INFO | Candidate: NWB_Category | Scope=instance | Storage=String | ReadOnly=False | Shared=True | Id=3045152
INFO | Candidate: NWB_Category | Scope=instance | Storage=String | ReadOnly=False | Shared=True | Id=7626160
INFO | Found 2 parameters named NWB_Category
INFO | SELECTED | Shared Parameter | Scope=instance | ReadOnly=False | Id=3045152
INFO | SELECTED | Shared Parameter | Scope=instance | ReadOnly=False | Id=7626160
INFO | Candidate: NWB_Department | Scope=instance | Storage=String | ReadOnly=False | Shared=True | Id=3045159
INFO | Candidate: NWB_Department | Scope=instance | Storage=String | ReadOnly=False | Shared=True | Id=7626168
INFO | Found 2 parameters named NWB_Department
INFO | SELECTED | Shared Parameter | Scope=instance | ReadOnly=False | Id=3045159
INFO | SELECTED | Shared Parameter | Scope=instance | ReadOnly=False | Id=7626168
INFO | Writing INSTANCE parameter 'NWB_Department' on element 15679937
INFO | Element 15679937 | NWB_Department | Kind=Shared Parameter | Scope=instance | Storage=String | Old='' | New='PPT'
INFO | Writing INSTANCE parameter 'NWB_Department' on element 15679937
INFO | Element 15679937 | NWB_Department | Kind=Shared Parameter | Scope=instance | Storage=String | Old='' | New='PPT'
INFO | Candidate: NWB_System | Scope=instance | Storage=String | ReadOnly=False | Shared=True | Id=3045155
INFO | Candidate: NWB_System | Scope=instance | Storage=String | ReadOnly=False | Shared=True | Id=7626163
INFO | Found 2 parameters named NWB_System
INFO | SELECTED | Shared Parameter | Scope=instance | ReadOnly=False | Id=3045155
INFO | SELECTED | Shared Parameter | Scope=instance | ReadOnly=False | Id=7626163
INFO | Candidate: NWB_UniclassCode | Scope=instance | Storage=String | ReadOnly=False | Shared=True | Id=3045156
INFO | Candidate: NWB_UniclassCode | Scope=instance | Storage=String | ReadOnly=False | Shared=True | Id=7626165
INFO | Found 2 parameters named NWB_UniclassCode
INFO | SELECTED | Shared Parameter | Scope=instance | ReadOnly=False | Id=3045156
INFO | SELECTED | Shared Parameter | Scope=instance | ReadOnly=False | Id=7626165
INFO | Candidate: NWB_UniclassDescription | Scope=instance | Storage=String | ReadOnly=False | Shared=True | Id=3045157
INFO | Candidate: NWB_UniclassDescription | Scope=instance | Storage=String | ReadOnly=False | Shared=True | Id=7626166
INFO | Found 2 parameters named NWB_UniclassDescription
INFO | SELECTED | Shared Parameter | Scope=instance | ReadOnly=False | Id=3045157
INFO | SELECTED | Shared Parameter | Scope=instance | ReadOnly=False | Id=7626166
INFO | Candidate: NWB_DesignPkg | Scope=instance | Storage=String | ReadOnly=False | Shared=True | Id=3045158
INFO | Candidate: NWB_DesignPkg | Scope=instance | Storage=String | ReadOnly=False | Shared=True | Id=7626167
INFO | Found 2 parameters named NWB_DesignPkg
INFO | SELECTED | Shared Parameter | Scope=instance | ReadOnly=False | Id=3045158
INFO | SELECTED | Shared Parameter | Scope=instance | ReadOnly=False | Id=7626167
ERROR | Element 15679937 | Category=Duct Fittings | Family= | Parameter=NWB_BuildingPermitPkg | Reason=missing | Writable sample: AHU, AHU_AreaServed, AHU_Serves, AHU_Type, AHU_ZoneNumber, Building_No, COMPLETE Y/N, Classification.OmniClass.21.Description_INSTANCE, Classification.OmniClass.21.Number_INSTANCE, Classification.OmniClass.22.Description_INSTANCE, Classification.OmniClass.22.Number_INSTANCE, Classification.OmniClass.23.Description_INSTANCE, Classification.OmniClass.23.Number_INSTANCE, Classification.UniFormat.2010.Description, Classification.UniFormat.2010.Number, Comments, Description BOM Suffix, Duct Height, Duct Width, Ductwork Insulation - Lining
INFO | Candidate: NWB_WBS00 | Scope=instance | Storage=String | ReadOnly=False | Shared=True | Id=9214738
INFO | Candidate: NWB_WBS01 | Scope=instance | Storage=String | ReadOnly=False | Shared=True | Id=9214798
INFO | Candidate: NWB_WBS02 | Scope=instance | Storage=String | ReadOnly=False | Shared=True | Id=9214786
INFO | Candidate: NWB_WBS03 | Scope=instance | Storage=String | ReadOnly=False | Shared=True | Id=9214750
INFO | Writing INSTANCE parameter 'NWB_WBS03' on element 15679937
INFO | Element 15679937 | NWB_WBS03 | Kind=Shared Parameter | Scope=instance | Storage=String | Old='Z00' | New='PPT'
INFO | Candidate: NWB_WBS04 | Scope=instance | Storage=String | ReadOnly=False | Shared=True | Id=9214762
INFO | Candidate: NWB_WBS05 | Scope=instance | Storage=String | ReadOnly=False | Shared=True | Id=9214810
INFO | Candidate: NWB_WBSCode | Scope=instance | Storage=String | ReadOnly=False | Shared=True | Id=9214774
INFO | Writing INSTANCE parameter 'NWB_WBSCode' on element 15679937
INFO | Element 15679937 | NWB_WBSCode | Kind=Shared Parameter | Scope=instance | Storage=String | Old='WBH-HO-07-Z00-ME-SI5' | New='WBH-HO-07-PPT-ME-SI5'
SOURCE | Element 15679937 | Cat=Duct Fittings | Family=MHT-ME-DF-Rectangular Short Radius Bend - Flanged | Type= | Level=LEVEL 07 | System=Exhaust Air | LinkedRoomLink=NWB-ARC-WBH-AR-MOD-0035 | LinkedRoomNumber=PPT.07.186 | LinkedRoomName=Anteroom | LinkedRoomDept=PPT | LinkedRoomBuilding= | LinkedRoomSite= | LinkedRoomSource=connected:d3:14950650:Air Terminals | ResolvedDept=PPT | ResolvedBuilding= | ResolvedSite= | DisciplineHint=mechanical | AssetCandidates=duct fittings, ductwork | WBS00=WBH | WBS01=HO | WBS03=PPT | DesignPkg=NWB-GEN-ME-SCM-1091-A | BuildingPermitPkg=WBH - BP09
ELEMENT | 15679937 | Cat=Duct Fittings | AssetScore=45 | AssetTypeCode=MDUC | AssetType=Ductwork | AssetCategory=Ductwork | Targets=NWB_AssetTypeCode=MDUC; NWB_AssetType=Ductwork; NWB_Discipline=ME; NWB_Category=Ductwork; NWB_Department=PPT; NWB_Material=; NWB_System=Exhaust Air; NWB_UniclassCode=Pr_65_65_25; NWB_UniclassDescription=Ductwork and fittings; NWB_DesignPkg=NWB-GEN-ME-SCM-1091-A; NWB_BuildingPermitPkg=WBH - BP09; NWB_WBS00=WBH; NWB_WBS01=HO; NWB_WBS02=07; NWB_WBS03=PPT; NWB_WBS04=ME; NWB_WBS05=SI5; NWB_WBSCode=WBH-HO-07-PPT-ME-SI5
INFO | Transaction Status = Committed
CHUNK COMMIT | Status=Committed | Processed=44
INFO | VERIFY OK | Element 13970325 | Parameter=NWB_Department | Kind=Shared Parameter | Scope=instance | Id=3045159 | Actual='PPT'
INFO | VERIFY OK | Element 13970325 | Parameter=NWB_WBS03 | Kind=Shared Parameter | Scope=instance | Id=9214750 | Actual='PPT'
INFO | VERIFY OK | Element 13970325 | Parameter=NWB_WBSCode | Kind=Shared Parameter | Scope=instance | Id=9214774 | Actual='WBH-HO-07-PPT-ME-SI5'
INFO | VERIFY OK | Element 13970401 | Parameter=NWB_Department | Kind=Shared Parameter | Scope=instance | Id=3045159 | Actual='PPT'
INFO | VERIFY OK | Element 13970401 | Parameter=NWB_WBS03 | Kind=Shared Parameter | Scope=instance | Id=9214750 | Actual='PPT'
INFO | VERIFY OK | Element 13970401 | Parameter=NWB_WBSCode | Kind=Shared Parameter | Scope=instance | Id=9214774 | Actual='WBH-HO-07-PPT-ME-SI5'
INFO | VERIFY OK | Element 13970802 | Parameter=NWB_Department | Kind=Shared Parameter | Scope=instance | Id=3045159 | Actual='PPT'
INFO | VERIFY OK | Element 13970802 | Parameter=NWB_WBS03 | Kind=Shared Parameter | Scope=instance | Id=9214750 | Actual='PPT'
INFO | VERIFY OK | Element 13970802 | Parameter=NWB_WBSCode | Kind=Shared Parameter | Scope=instance | Id=9214774 | Actual='WBH-HO-07-PPT-ME-SI5'
INFO | VERIFY OK | Element 14892679 | Parameter=NWB_Department | Kind=Shared Parameter | Scope=instance | Id=7626168 | Actual='PAT'
INFO | VERIFY OK | Element 14892679 | Parameter=NWB_WBS03 | Kind=Shared Parameter | Scope=instance | Id=9214750 | Actual='PAT'
INFO | VERIFY OK | Element 14892679 | Parameter=NWB_WBSCode | Kind=Shared Parameter | Scope=instance | Id=9214774 | Actual='WBH-HO-07-PAT-ME-SI5'
INFO | VERIFY OK | Element 15669817 | Parameter=NWB_Department | Kind=Shared Parameter | Scope=instance | Id=3045159 | Actual='PPT'
INFO | VERIFY OK | Element 15669817 | Parameter=NWB_Department | Kind=Shared Parameter | Scope=instance | Id=7626168 | Actual='PPT'
INFO | VERIFY OK | Element 15669817 | Parameter=NWB_WBS03 | Kind=Shared Parameter | Scope=instance | Id=9214750 | Actual='PPT'
INFO | VERIFY OK | Element 15669817 | Parameter=NWB_WBSCode | Kind=Shared Parameter | Scope=instance | Id=9214774 | Actual='WBH-HO-07-PPT-ME-SI5'
INFO | VERIFY OK | Element 15669825 | Parameter=NWB_Department | Kind=Shared Parameter | Scope=instance | Id=7626168 | Actual='ETC'
INFO | VERIFY OK | Element 15669825 | Parameter=NWB_WBS03 | Kind=Shared Parameter | Scope=instance | Id=9214750 | Actual='ETC'
INFO | VERIFY OK | Element 15669825 | Parameter=NWB_WBSCode | Kind=Shared Parameter | Scope=instance | Id=9214774 | Actual='WBH-HO-07-ETC-ME-SI5'
INFO | VERIFY OK | Element 15669826 | Parameter=NWB_Department | Kind=Shared Parameter | Scope=instance | Id=7626168 | Actual='PPT'
INFO | VERIFY OK | Element 15669826 | Parameter=NWB_WBS03 | Kind=Shared Parameter | Scope=instance | Id=9214750 | Actual='PPT'
INFO | VERIFY OK | Element 15669826 | Parameter=NWB_WBSCode | Kind=Shared Parameter | Scope=instance | Id=9214774 | Actual='WBH-HO-07-PPT-ME-SI5'
INFO | VERIFY OK | Element 15669848 | Parameter=NWB_Department | Kind=Shared Parameter | Scope=instance | Id=3045159 | Actual='PPT'
INFO | VERIFY OK | Element 15669848 | Parameter=NWB_Department | Kind=Shared Parameter | Scope=instance | Id=7626168 | Actual='PPT'
INFO | VERIFY OK | Element 15669848 | Parameter=NWB_WBS03 | Kind=Shared Parameter | Scope=instance | Id=9214750 | Actual='PPT'
INFO | VERIFY OK | Element 15669848 | Parameter=NWB_WBSCode | Kind=Shared Parameter | Scope=instance | Id=9214774 | Actual='WBH-HO-07-PPT-ME-SI5'
INFO | VERIFY OK | Element 15669850 | Parameter=NWB_Department | Kind=Shared Parameter | Scope=instance | Id=7626168 | Actual='PPT'
INFO | VERIFY OK | Element 15669850 | Parameter=NWB_WBS03 | Kind=Shared Parameter | Scope=instance | Id=9214750 | Actual='PPT'
INFO | VERIFY OK | Element 15669850 | Parameter=NWB_WBSCode | Kind=Shared Parameter | Scope=instance | Id=9214774 | Actual='WBH-HO-07-PPT-ME-SI5'
INFO | VERIFY OK | Element 15669852 | Parameter=NWB_Department | Kind=Shared Parameter | Scope=instance | Id=7626168 | Actual='PPT'
INFO | VERIFY OK | Element 15669852 | Parameter=NWB_WBS03 | Kind=Shared Parameter | Scope=instance | Id=9214750 | Actual='PPT'
INFO | VERIFY OK | Element 15669852 | Parameter=NWB_WBSCode | Kind=Shared Parameter | Scope=instance | Id=9214774 | Actual='WBH-HO-07-PPT-ME-SI5'
INFO | VERIFY OK | Element 15671517 | Parameter=NWB_Department | Kind=Shared Parameter | Scope=instance | Id=7626168 | Actual='PPT'
INFO | VERIFY OK | Element 15671517 | Parameter=NWB_WBS03 | Kind=Shared Parameter | Scope=instance | Id=9214750 | Actual='PPT'
INFO | VERIFY OK | Element 15671517 | Parameter=NWB_WBSCode | Kind=Shared Parameter | Scope=instance | Id=9214774 | Actual='WBH-HO-07-PPT-ME-SI5'
INFO | VERIFY OK | Element 15671591 | Parameter=NWB_Department | Kind=Shared Parameter | Scope=instance | Id=3045159 | Actual='PPT'
INFO | VERIFY OK | Element 15671591 | Parameter=NWB_Department | Kind=Shared Parameter | Scope=instance | Id=7626168 | Actual='PPT'
INFO | VERIFY OK | Element 15671591 | Parameter=NWB_WBS03 | Kind=Shared Parameter | Scope=instance | Id=9214750 | Actual='PPT'
INFO | VERIFY OK | Element 15671591 | Parameter=NWB_WBSCode | Kind=Shared Parameter | Scope=instance | Id=9214774 | Actual='WBH-HO-07-PPT-ME-SI5'
INFO | VERIFY OK | Element 15673154 | Parameter=NWB_Department | Kind=Shared Parameter | Scope=instance | Id=7626168 | Actual='PAT'
INFO | VERIFY OK | Element 15673154 | Parameter=NWB_WBS03 | Kind=Shared Parameter | Scope=instance | Id=9214750 | Actual='PAT'
INFO | VERIFY OK | Element 15673154 | Parameter=NWB_WBSCode | Kind=Shared Parameter | Scope=instance | Id=9214774 | Actual='WBH-HO-07-PAT-ME-SI5'
INFO | VERIFY OK | Element 15673192 | Parameter=NWB_Department | Kind=Shared Parameter | Scope=instance | Id=7626168 | Actual='PPT'
INFO | VERIFY OK | Element 15673192 | Parameter=NWB_WBS03 | Kind=Shared Parameter | Scope=instance | Id=9214750 | Actual='PPT'
INFO | VERIFY OK | Element 15673192 | Parameter=NWB_WBSCode | Kind=Shared Parameter | Scope=instance | Id=9214774 | Actual='WBH-HO-07-PPT-ME-SI5'
INFO | VERIFY OK | Element 15673195 | Parameter=NWB_Department | Kind=Shared Parameter | Scope=instance | Id=7626168 | Actual='PAT'
INFO | VERIFY OK | Element 15673195 | Parameter=NWB_WBS03 | Kind=Shared Parameter | Scope=instance | Id=9214750 | Actual='PAT'
INFO | VERIFY OK | Element 15673195 | Parameter=NWB_WBSCode | Kind=Shared Parameter | Scope=instance | Id=9214774 | Actual='WBH-HO-07-PAT-ME-SI5'
INFO | VERIFY OK | Element 15679937 | Parameter=NWB_Department | Kind=Shared Parameter | Scope=instance | Id=3045159 | Actual='PPT'
INFO | VERIFY OK | Element 15679937 | Parameter=NWB_Department | Kind=Shared Parameter | Scope=instance | Id=7626168 | Actual='PPT'
INFO | VERIFY OK | Element 15679937 | Parameter=NWB_WBS03 | Kind=Shared Parameter | Scope=instance | Id=9214750 | Actual='PPT'
INFO | VERIFY OK | Element 15679937 | Parameter=NWB_WBSCode | Kind=Shared Parameter | Scope=instance | Id=9214774 | Actual='WBH-HO-07-PPT-ME-SI5'
SUMMARY | Top unresolved / skipped reasons
SUMMARY | Count=17 | Category=Ducts | Parameter=NWB_BuildingPermitPkg | Reason=missing
SUMMARY | Count=17 | Category=Ducts | Parameter=NWB_Material | Reason=workbook material blank and model material missing
SUMMARY | Count=13 | Category=Duct Fittings | Parameter=NWB_BuildingPermitPkg | Reason=missing
SUMMARY | Count=13 | Category=Duct Fittings | Parameter=NWB_Material | Reason=workbook material blank and model material missing
SUMMARY | Count=12 | Category=Duct Accessories | Parameter=NWB_BuildingPermitPkg | Reason=missing
SUMMARY | Count=12 | Category=Duct Accessories | Parameter=NWB_Material | Reason=workbook material blank and model material missing
SUMMARY | Count=2 | Category=Air Terminals | Parameter=NWB_BuildingPermitPkg | Reason=missing
SUMMARY | Count=2 | Category=Air Terminals | Parameter=NWB_Department | Reason=linked/direct room department unavailable (connected-miss:d4:visited2)
SUMMARY | Count=2 | Category=Air Terminals | Parameter=NWB_Material | Reason=workbook material blank and model material missing
SUMMARY | Count=2 | Category=Ducts | Parameter=NWB_Department | Reason=linked/direct room department unavailable (connected-miss:d4:visited2)
SUMMARY | Count=1 | Category=Duct Accessories | Parameter=NWB_Department | Reason=linked/direct room department unavailable (connected-miss:d4:visited10)
SUMMARY | Count=1 | Category=Duct Fittings | Parameter=NWB_Department | Reason=linked/direct room department unavailable (connected-miss:d4:visited16)
END | Attempted=52 | Written=52 | Skipped=827 | VerifyFailed=0 | SharedWrites=52 | FamilyWrites=0 | TypeWrites=0 | InstanceWrites=52 | ReadOnly=0 | MissingTarget=44 | SkipTargetMode=0 | DuplicateParameter=87 | SkipWorksharing=0 | Failed=0 | Cancelled=False
