START | Tool=NWB_PARAMETERS AutoFill
START | View=MECHANICAL DUCTWORK LAYOUT - LEVEL 06
START | ViewId=9422982
START | ViewMode=model
START | WriteMode=smart
START | ParameterTargetMode=Both
START | WorksharingMode=skip-other-users
START | ProcessingScope=view
START | SelectedInputCount=0
START | ArchRoomLink=NWB-ARC-WBH-AR-MOD-0034.rvt : 24 : location Internal
START | SiteOverride=WBH
START | BuildingOverride=WBH
START | DesignPkgOverride=
START | BuildingPermitOverride=
START | ExportAudit=False
WORKBOOK | C:\Users\Gino Moreno\AppData\Roaming\pyRevit\Extensions\MHTTools.extension\MEINHARDT.tab\NWB.panel\NWB Dim AutoFill.pushbutton\NWB-WAL-GEN-DE-REG-0003.xlsx
READY | Full MEP set accepted: 8076 elements in batches of 2000
READY | Elements=8076 | AssetRows=1464 | Log=C:\Users\Gino Moreno\AppData\Roaming\pyRevit\Extensions\MHTTools.extension\MEINHARDT.tab\NWB.panel\NWB_PARAMETERS AutoFill.pushbutton\logs\NWB_PARAMETERS_AutoFill_20260822_155832.log
READY | CategoryBreakdown=Air Terminals=205; Duct Accessories=220; Duct Fittings=2043; Duct Insulations=2957; Ducts=2238; Electrical Equipment=14; Flex Ducts=65; Mechanical Equipment=279; Medical Equipment=55
READY | EligibleElementIds=270499, 270634, 517135, 2954954, 3004131, 3624278, 3624282, 3624286, 4675023, 4675024, 5532983, 5533090, 7256268, 7778522, 8378209, 8378224, 8378229, 8547926, 8827613, 8834991, 8924807, 8924854, 8924968, 8924975, 8924977, 8924987, 8925022, 8925077, 8925079, 8925087, 8925099, 8925103, 8925138, 8928737, 8928739, 8944390, 8945949, 9036881, 9037278, 9048454, 9048525, 9048532, 9048834, 9048869, 9048915, 9048983, 9048994, 9049042, 9049095, 9049920, 9049947, 13771582, 13771583, 13771584, 13771585, 13771586, 13771587, 13771588, 13771589, 13886210, 13886237, 13886238, 13886240, 13886261, 13886262, 13886263, 13886272, 13886273, 13886274, 13914334, 13914335, 13914336, 13918819, 13918820, 13918821, 13920422, 13920423, 13920424, 13920835, 13920836, 13920837, 14526410, 14526452, 14526648, 14526678, 14526714, 14526747, 14526858, 14526870, 14527195, 14533302, 14533358, 14533375, 14537266, 14537269, 14537272, 14537274, 14537327, 14537331, 14539427, 14540467, 14557753, 14557755, 14557758, 14557762, 14557765, 14557767, 14557770, 14557772, 14557773, 14557774, 14558604, 14558609, 14558613, 14563273, 14563277, 14563300, 14563303, 14563306, 14563307, 14563359, 14563689, 14563709, 14563937, 14564161, 14564527, 14564998, 14565457, 14565670, 14566651, 14569946, 14569959, 14571344, 14571394, 14571564, 14572087, 14572095, 14572232, 14572331, 14572379, 14572388, 14572665, 14572727, 14572755, 14572763, 14572769, 14572909, 14573146, 14573671, 14574030, 14574040, 14585536, 14585592, 14593434, 14626271, 14626272, 14626274, 14626327, 14626328, 14626330, 14626342, 14626343, 14626345, 14626357, 14626358, 14626360, 14626372, 14626373, 14626375, 14626386, 14626387, 14626389, 14626401, 14626402, 14626404, 14626416, 14626417, 14626419, 14626433, 14626434, 14626436, 14626458, 14626459, 14626461, 14626490, 14626491, 14626498, 14626503, 14626504, 14626506, 14626519, 14626520, 14626525, 14626530, 14626531, 14626534, 14626541, 14626544, 14626557, 14626558 ... (+7876 more)
INFO | Candidate: NWB_AssetTypeCode | Scope=instance | Storage=String | ReadOnly=False | Shared=True | Id=7626182
INFO | Candidate: NWB_AssetID | Scope=instance | Storage=String | ReadOnly=False | Shared=True | Id=7626164
INFO | Candidate: NWB_AssetType | Scope=instance | Storage=String | ReadOnly=False | Shared=True | Id=7626181
INFO | Candidate: NWB_Discipline | Scope=instance | Storage=String | ReadOnly=False | Shared=True | Id=7626159
INFO | Candidate: NWB_Category | Scope=instance | Storage=String | ReadOnly=False | Shared=True | Id=7626160
INFO | Candidate: NWB_Department | Scope=instance | Storage=String | ReadOnly=False | Shared=True | Id=7626168
INFO | Candidate: NWB_RoomID | Scope=instance | Storage=String | ReadOnly=False | Shared=True | Id=7626177
INFO | Candidate: NWB_RoomName | Scope=instance | Storage=String | ReadOnly=False | Shared=True | Id=7626169
INFO | Candidate: NWB_System | Scope=instance | Storage=String | ReadOnly=False | Shared=True | Id=7626163
INFO | Candidate: NWB_UniclassCode | Scope=instance | Storage=String | ReadOnly=False | Shared=True | Id=7626165
INFO | Candidate: NWB_UniclassDescription | Scope=instance | Storage=String | ReadOnly=False | Shared=True | Id=7626166
INFO | Candidate: NWB_DesignPkg | Scope=instance | Storage=String | ReadOnly=False | Shared=True | Id=7626167
ERROR | Element 270499 | Category=Ducts | Family= | Parameter=NWB_BuildingPermitPkg | Reason=missing | Writable sample: AHU, AHU_AreaServed, AHU_Serves, AHU_Type, AHU_ZoneNumber, Additional Flow, Building_No, COMPLETE Y/N, Classification.OmniClass.21.Description_INSTANCE, Classification.OmniClass.21.Number_INSTANCE, Classification.OmniClass.22.Description_INSTANCE, Classification.OmniClass.22.Number_INSTANCE, Classification.OmniClass.23.Description_INSTANCE, Classification.OmniClass.23.Number_INSTANCE, Classification.UniFormat.2010.Description, Classification.UniFormat.2010.Number, Comments, DUCT NUMBER, Description BOM Suffix, Duct Number
INFO | Candidate: NWB_WBS00 | Scope=instance | Storage=String | ReadOnly=False | Shared=True | Id=9214738
INFO | Candidate: NWB_WBS01 | Scope=instance | Storage=String | ReadOnly=False | Shared=True | Id=9214798
INFO | Candidate: NWB_WBS02 | Scope=instance | Storage=String | ReadOnly=False | Shared=True | Id=9214786
INFO | Candidate: NWB_WBS03 | Scope=instance | Storage=String | ReadOnly=False | Shared=True | Id=9214750
INFO | Candidate: NWB_WBS04 | Scope=instance | Storage=String | ReadOnly=False | Shared=True | Id=9214762
INFO | Candidate: NWB_WBS05 | Scope=instance | Storage=String | ReadOnly=False | Shared=True | Id=9214810
INFO | Candidate: NWB_WBSCode | Scope=instance | Storage=String | ReadOnly=False | Shared=True | Id=9214774
SOURCE | Element 270499 | Cat=Ducts | Family=Rectangular Duct | Type= | Level=GROUND | System=Supply Air | LinkedRoomLink=NWB-ACD-WBH-MH-MOD-0001 | LinkedRoomNumber=ENG.09.R05 | LinkedRoomName=Stair Pressurization | LinkedRoomDept=Engineering | LinkedRoomBuilding= | LinkedRoomSite= | LinkedRoomSource=self | ResolvedDept=Engineering | ResolvedBuilding= | ResolvedSite= | DisciplineHint=mechanical | AssetCandidates=ducts, ductwork | WBS00=WBH | WBS01=HO | WBS03=ENG | DesignPkg=NWB-GEN-ME-SCM-1091-A | BuildingPermitPkg=WBH - BP09
ELEMENT | 270499 | Cat=Ducts | AssetScore=45 | AssetTypeCode=MDUC | AssetType=Ductwork | AssetCategory=Ductwork | Targets=NWB_AssetTypeCode=MDUC; NWB_AssetID=MDUC-HO-06-270499; NWB_AssetType=Ductwork; NWB_Discipline=ME; NWB_Category=Ductwork; NWB_Department=Engineering; NWB_SubDepartment=; NWB_RoomID=ENG.09.R05; NWB_RoomName=Stair Pressurization; NWB_Material=; NWB_System=Supply Air; NWB_UniclassCode=Pr_65_65_25; NWB_UniclassDescription=Ductwork and fittings; NWB_DesignPkg=NWB-GEN-ME-SCM-1091-A; NWB_BuildingPermitPkg=WBH - BP09; NWB_WBS00=WBH; NWB_WBS01=HO; NWB_WBS02=06; NWB_WBS03=ENG; NWB_WBS04=ME; NWB_WBS05=SI5; NWB_WBSCode=WBH-HO-06-ENG-ME-SI5
INFO | Candidate: NWB_AssetTypeCode | Scope=instance | Storage=String | ReadOnly=False | Shared=True | Id=7626182
INFO | Candidate: NWB_AssetID | Scope=instance | Storage=String | ReadOnly=False | Shared=True | Id=7626164
INFO | Candidate: NWB_AssetType | Scope=instance | Storage=String | ReadOnly=False | Shared=True | Id=7626181
INFO | Candidate: NWB_Discipline | Scope=instance | Storage=String | ReadOnly=False | Shared=True | Id=7626159
INFO | Candidate: NWB_Category | Scope=instance | Storage=String | ReadOnly=False | Shared=True | Id=7626160
INFO | Candidate: NWB_Department | Scope=instance | Storage=String | ReadOnly=False | Shared=True | Id=7626168
INFO | Candidate: NWB_RoomID | Scope=instance | Storage=String | ReadOnly=False | Shared=True | Id=7626177
INFO | Candidate: NWB_RoomName | Scope=instance | Storage=String | ReadOnly=False | Shared=True | Id=7626169
INFO | Candidate: NWB_System | Scope=instance | Storage=String | ReadOnly=False | Shared=True | Id=7626163
INFO | Candidate: NWB_UniclassCode | Scope=instance | Storage=String | ReadOnly=False | Shared=True | Id=7626165
INFO | Candidate: NWB_UniclassDescription | Scope=instance | Storage=String | ReadOnly=False | Shared=True | Id=7626166
INFO | Candidate: NWB_DesignPkg | Scope=instance | Storage=String | ReadOnly=False | Shared=True | Id=7626167
ERROR | Element 270634 | Category=Ducts | Family= | Parameter=NWB_BuildingPermitPkg | Reason=missing | Writable sample: AHU, AHU_AreaServed, AHU_Serves, AHU_Type, AHU_ZoneNumber, Additional Flow, Building_No, COMPLETE Y/N, Classification.OmniClass.21.Description_INSTANCE, Classification.OmniClass.21.Number_INSTANCE, Classification.OmniClass.22.Description_INSTANCE, Classification.OmniClass.22.Number_INSTANCE, Classification.OmniClass.23.Description_INSTANCE, Classification.OmniClass.23.Number_INSTANCE, Classification.UniFormat.2010.Description, Classification.UniFormat.2010.Number, Comments, DUCT NUMBER, Description BOM Suffix, Duct Number
INFO | Candidate: NWB_WBS00 | Scope=instance | Storage=String | ReadOnly=False | Shared=True | Id=9214738
INFO | Candidate: NWB_WBS01 | Scope=instance | Storage=String | ReadOnly=False | Shared=True | Id=9214798
INFO | Candidate: NWB_WBS02 | Scope=instance | Storage=String | ReadOnly=False | Shared=True | Id=9214786
INFO | Candidate: NWB_WBS03 | Scope=instance | Storage=String | ReadOnly=False | Shared=True | Id=9214750
INFO | Candidate: NWB_WBS04 | Scope=instance | Storage=String | ReadOnly=False | Shared=True | Id=9214762
INFO | Candidate: NWB_WBS05 | Scope=instance | Storage=String | ReadOnly=False | Shared=True | Id=9214810
INFO | Candidate: NWB_WBSCode | Scope=instance | Storage=String | ReadOnly=False | Shared=True | Id=9214774
SOURCE | Element 270634 | Cat=Ducts | Family=Rectangular Duct | Type= | Level=GROUND | System=Supply Air | LinkedRoomLink=NWB-ACD-WBH-MH-MOD-0001 | LinkedRoomNumber=ENG.07.R10 | LinkedRoomName=Mechanical Riser, M10 | LinkedRoomDept=Engineering | LinkedRoomBuilding= | LinkedRoomSite= | LinkedRoomSource=self | ResolvedDept=Engineering | ResolvedBuilding= | ResolvedSite= | DisciplineHint=mechanical | AssetCandidates=ducts, ductwork | WBS00=WBH | WBS01=HO | WBS03=ENG | DesignPkg=NWB-GEN-ME-SCM-1091-A | BuildingPermitPkg=WBH - BP09
ELEMENT | 270634 | Cat=Ducts | AssetScore=45 | AssetTypeCode=MDUC | AssetType=Ductwork | AssetCategory=Ductwork | Targets=NWB_AssetTypeCode=MDUC; NWB_AssetID=MDUC-HO-GR-270634; NWB_AssetType=Ductwork; NWB_Discipline=ME; NWB_Category=Ductwork; NWB_Department=Engineering; NWB_SubDepartment=; NWB_RoomID=ENG.07.R10; NWB_RoomName=Mechanical Riser, M10; NWB_Material=; NWB_System=Supply Air; NWB_UniclassCode=Pr_65_65_25; NWB_UniclassDescription=Ductwork and fittings; NWB_DesignPkg=NWB-GEN-ME-SCM-1091-A; NWB_BuildingPermitPkg=WBH - BP09; NWB_WBS00=WBH; NWB_WBS01=HO; NWB_WBS02=GR; NWB_WBS03=ENG; NWB_WBS04=ME; NWB_WBS05=SI5; NWB_WBSCode=WBH-HO-GR-ENG-ME-SI5
INFO | Candidate: NWB_AssetTypeCode | Scope=instance | Storage=String | ReadOnly=False | Shared=True | Id=7626182
INFO | Candidate: NWB_AssetID | Scope=instance | Storage=String | ReadOnly=False | Shared=True | Id=7626164
INFO | Candidate: NWB_AssetType | Scope=instance | Storage=String | ReadOnly=False | Shared=True | Id=7626181
INFO | Candidate: NWB_Discipline | Scope=instance | Storage=String | ReadOnly=False | Shared=True | Id=7626159
INFO | Candidate: NWB_Category | Scope=instance | Storage=String | ReadOnly=False | Shared=True | Id=7626160
INFO | Candidate: NWB_Department | Scope=instance | Storage=String | ReadOnly=False | Shared=True | Id=7626168
INFO | Candidate: NWB_SubDepartment | Scope=instance | Storage=String | ReadOnly=False | Shared=True | Id=7626178
INFO | Candidate: NWB_RoomID | Scope=instance | Storage=String | ReadOnly=False | Shared=True | Id=7626177
INFO | Candidate: NWB_RoomName | Scope=instance | Storage=String | ReadOnly=False | Shared=True | Id=7626169
INFO | Candidate: NWB_System | Scope=instance | Storage=String | ReadOnly=False | Shared=True | Id=7626163
INFO | Candidate: NWB_UniclassCode | Scope=instance | Storage=String | ReadOnly=False | Shared=True | Id=7626165
INFO | Candidate: NWB_UniclassDescription | Scope=instance | Storage=String | ReadOnly=False | Shared=True | Id=7626166
INFO | Candidate: NWB_DesignPkg | Scope=instance | Storage=String | ReadOnly=False | Shared=True | Id=7626167
ERROR | Element 517135 | Category=Ducts | Family= | Parameter=NWB_BuildingPermitPkg | Reason=missing | Writable sample: AHU, AHU_AreaServed, AHU_Serves, AHU_Type, AHU_ZoneNumber, Additional Flow, Building_No, COMPLETE Y/N, Classification.OmniClass.21.Description_INSTANCE, Classification.OmniClass.21.Number_INSTANCE, Classification.OmniClass.22.Description_INSTANCE, Classification.OmniClass.22.Number_INSTANCE, Classification.OmniClass.23.Description_INSTANCE, Classification.OmniClass.23.Number_INSTANCE, Classification.UniFormat.2010.Description, Classification.UniFormat.2010.Number, Comments, DUCT NUMBER, Description BOM Suffix, Duct Number
INFO | Candidate: NWB_WBS00 | Scope=instance | Storage=String | ReadOnly=False | Shared=True | Id=9214738
INFO | Candidate: NWB_WBS01 | Scope=instance | Storage=String | ReadOnly=False | Shared=True | Id=9214798
INFO | Candidate: NWB_WBS02 | Scope=instance | Storage=String | ReadOnly=False | Shared=True | Id=9214786
INFO | Candidate: NWB_WBS03 | Scope=instance | Storage=String | ReadOnly=False | Shared=True | Id=9214750
INFO | Candidate: NWB_WBS04 | Scope=instance | Storage=String | ReadOnly=False | Shared=True | Id=9214762
INFO | Candidate: NWB_WBS05 | Scope=instance | Storage=String | ReadOnly=False | Shared=True | Id=9214810
INFO | Candidate: NWB_WBSCode | Scope=instance | Storage=String | ReadOnly=False | Shared=True | Id=9214774
SOURCE | Element 517135 | Cat=Ducts | Family=Rectangular Duct | Type= | Level=LEVEL 06 | System=Supply Air | LinkedRoomLink=NWB-ARC-WBH-AR-MOD-0034 | LinkedRoomNumber=WBH-W-06-057 | LinkedRoomName=Trolley Wash | LinkedRoomDept=CSD | LinkedRoomBuilding= | LinkedRoomSite= | LinkedRoomSource=self | ResolvedDept=CSD | ResolvedBuilding= | ResolvedSite= | DisciplineHint=mechanical | AssetCandidates=ducts, ductwork | WBS00=WBH | WBS01=HO | WBS03=CSD | DesignPkg=NWB-GEN-ME-SCM-1091-A | BuildingPermitPkg=WBH - BP09
ELEMENT | 517135 | Cat=Ducts | AssetScore=45 | AssetTypeCode=MDUC | AssetType=Ductwork | AssetCategory=Ductwork | Targets=NWB_AssetTypeCode=MDUC; NWB_AssetID=MDUC-HO-06-517135; NWB_AssetType=Ductwork; NWB_Discipline=ME; NWB_Category=Ductwork; NWB_Department=CSD; NWB_SubDepartment=02; NWB_RoomID=WBH-W-06-057; NWB_RoomName=Trolley Wash; NWB_Material=; NWB_System=Supply Air; NWB_UniclassCode=Pr_65_65_25; NWB_UniclassDescription=Ductwork and fittings; NWB_DesignPkg=NWB-GEN-ME-SCM-1091-A; NWB_BuildingPermitPkg=WBH - BP09; NWB_WBS00=WBH; NWB_WBS01=HO; NWB_WBS02=06; NWB_WBS03=CSD; NWB_WBS04=ME; NWB_WBS05=SI5; NWB_WBSCode=WBH-HO-06-CSD-ME-SI5
INFO | Candidate: NWB_AssetTypeCode | Scope=instance | Storage=String | ReadOnly=False | Shared=True | Id=7626182
INFO | Candidate: NWB_AssetID | Scope=instance | Storage=String | ReadOnly=False | Shared=True | Id=7626164
INFO | Candidate: NWB_AssetType | Scope=instance | Storage=String | ReadOnly=False | Shared=True | Id=7626181
INFO | Candidate: NWB_Discipline | Scope=instance | Storage=String | ReadOnly=False | Shared=True | Id=7626159
INFO | Candidate: NWB_Category | Scope=instance | Storage=String | ReadOnly=False | Shared=True | Id=7626160
INFO | Candidate: NWB_RoomID | Scope=instance | Storage=String | ReadOnly=False | Shared=True | Id=7626177
INFO | Candidate: NWB_RoomName | Scope=instance | Storage=String | ReadOnly=False | Shared=True | Id=7626169
INFO | Candidate: NWB_System | Scope=instance | Storage=String | ReadOnly=False | Shared=True | Id=7626163
INFO | Candidate: NWB_UniclassCode | Scope=instance | Storage=String | ReadOnly=False | Shared=True | Id=7626165
INFO | Candidate: NWB_UniclassDescription | Scope=instance | Storage=String | ReadOnly=False | Shared=True | Id=7626166
INFO | Candidate: NWB_DesignPkg | Scope=instance | Storage=String | ReadOnly=False | Shared=True | Id=7626167
ERROR | Element 2954954 | Category=Ducts | Family= | Parameter=NWB_BuildingPermitPkg | Reason=missing | Writable sample: AHU, AHU_AreaServed, AHU_Serves, AHU_Type, AHU_ZoneNumber, Additional Flow, Building_No, COMPLETE Y/N, Classification.OmniClass.21.Description_INSTANCE, Classification.OmniClass.21.Number_INSTANCE, Classification.OmniClass.22.Description_INSTANCE, Classification.OmniClass.22.Number_INSTANCE, Classification.OmniClass.23.Description_INSTANCE, Classification.OmniClass.23.Number_INSTANCE, Classification.UniFormat.2010.Description, Classification.UniFormat.2010.Number, Comments, DUCT NUMBER, Description BOM Suffix, Duct Number
INFO | Candidate: NWB_WBS00 | Scope=instance | Storage=String | ReadOnly=False | Shared=True | Id=9214738
INFO | Candidate: NWB_WBS01 | Scope=instance | Storage=String | ReadOnly=False | Shared=True | Id=9214798
INFO | Candidate: NWB_WBS02 | Scope=instance | Storage=String | ReadOnly=False | Shared=True | Id=9214786
INFO | Candidate: NWB_WBS03 | Scope=instance | Storage=String | ReadOnly=False | Shared=True | Id=9214750
INFO | Candidate: NWB_WBS04 | Scope=instance | Storage=String | ReadOnly=False | Shared=True | Id=9214762
INFO | Candidate: NWB_WBS05 | Scope=instance | Storage=String | ReadOnly=False | Shared=True | Id=9214810
INFO | Candidate: NWB_WBSCode | Scope=instance | Storage=String | ReadOnly=False | Shared=True | Id=9214774
SOURCE | Element 2954954 | Cat=Ducts | Family=Rectangular Duct | Type= | Level=GROUND | System=Supply Air | LinkedRoomLink=NWB-MHT-WBH-EL-MOD-0001 | LinkedRoomNumber=842 | LinkedRoomName=Room | LinkedRoomDept= | LinkedRoomBuilding= | LinkedRoomSite= | LinkedRoomSource=self | ResolvedDept= | ResolvedBuilding= | ResolvedSite= | DisciplineHint=mechanical | AssetCandidates=ducts, ductwork | WBS00=WBH | WBS01=HO | WBS03=Z00 | DesignPkg=NWB-GEN-ME-SCM-1091-A | BuildingPermitPkg=WBH - BP09
WARN | Element 2954954 | Department unresolved | ExistingNWBDepartment= | ExistingWBS00=WBH | ExistingWBS01=HO | ExistingDiscipline=ME
ELEMENT | 2954954 | Cat=Ducts | AssetScore=45 | AssetTypeCode=MDUC | AssetType=Ductwork | AssetCategory=Ductwork | Targets=NWB_AssetTypeCode=MDUC; NWB_AssetID=MDUC-HO-GR-2954954; NWB_AssetType=Ductwork; NWB_Discipline=ME; NWB_Category=Ductwork; NWB_Department=; NWB_SubDepartment=; NWB_RoomID=842; NWB_RoomName=Room; NWB_Material=; NWB_System=Supply Air; NWB_UniclassCode=Pr_65_65_25; NWB_UniclassDescription=Ductwork and fittings; NWB_DesignPkg=NWB-GEN-ME-SCM-1091-A; NWB_BuildingPermitPkg=WBH - BP09; NWB_WBS00=WBH; NWB_WBS01=HO; NWB_WBS02=GR; NWB_WBS03=Z00; NWB_WBS04=ME; NWB_WBS05=SI5; NWB_WBSCode=WBH-HO-GR-Z00-ME-SI5
INFO | Candidate: NWB_AssetTypeCode | Scope=instance | Storage=String | ReadOnly=False | Shared=True | Id=7626182
INFO | Candidate: NWB_AssetID | Scope=instance | Storage=String | ReadOnly=False | Shared=True | Id=7626164
INFO | Candidate: NWB_AssetType | Scope=instance | Storage=String | ReadOnly=False | Shared=True | Id=7626181
INFO | Candidate: NWB_Discipline | Scope=instance | Storage=String | ReadOnly=False | Shared=True | Id=7626159
INFO | Candidate: NWB_Category | Scope=instance | Storage=String | ReadOnly=False | Shared=True | Id=7626160
INFO | Candidate: NWB_RoomID | Scope=instance | Storage=String | ReadOnly=False | Shared=True | Id=7626177
INFO | Candidate: NWB_RoomName | Scope=instance | Storage=String | ReadOnly=False | Shared=True | Id=7626169
INFO | Candidate: NWB_System | Scope=instance | Storage=String | ReadOnly=False | Shared=True | Id=7626163
INFO | Candidate: NWB_UniclassCode | Scope=instance | Storage=String | ReadOnly=False | Shared=True | Id=7626165
INFO | Candidate: NWB_UniclassDescription | Scope=instance | Storage=String | ReadOnly=False | Shared=True | Id=7626166
INFO | Candidate: NWB_DesignPkg | Scope=instance | Storage=String | ReadOnly=False | Shared=True | Id=7626167
ERROR | Element 3004131 | Category=Ducts | Family= | Parameter=NWB_BuildingPermitPkg | Reason=missing | Writable sample: AHU, AHU_AreaServed, AHU_Serves, AHU_Type, AHU_ZoneNumber, Additional Flow, Building_No, COMPLETE Y/N, Classification.OmniClass.21.Description_INSTANCE, Classification.OmniClass.21.Number_INSTANCE, Classification.OmniClass.22.Description_INSTANCE, Classification.OmniClass.22.Number_INSTANCE, Classification.OmniClass.23.Description_INSTANCE, Classification.OmniClass.23.Number_INSTANCE, Classification.UniFormat.2010.Description, Classification.UniFormat.2010.Number, Comments, DUCT NUMBER, Description BOM Suffix, Duct Number
INFO | Candidate: NWB_WBS00 | Scope=instance | Storage=String | ReadOnly=False | Shared=True | Id=9214738
INFO | Candidate: NWB_WBS01 | Scope=instance | Storage=String | ReadOnly=False | Shared=True | Id=9214798
INFO | Candidate: NWB_WBS02 | Scope=instance | Storage=String | ReadOnly=False | Shared=True | Id=9214786
INFO | Candidate: NWB_WBS03 | Scope=instance | Storage=String | ReadOnly=False | Shared=True | Id=9214750
INFO | Candidate: NWB_WBS04 | Scope=instance | Storage=String | ReadOnly=False | Shared=True | Id=9214762
INFO | Candidate: NWB_WBS05 | Scope=instance | Storage=String | ReadOnly=False | Shared=True | Id=9214810
INFO | Candidate: NWB_WBSCode | Scope=instance | Storage=String | ReadOnly=False | Shared=True | Id=9214774
SOURCE | Element 3004131 | Cat=Ducts | Family=Rectangular Duct | Type= | Level=LEVEL 01 | System=Exhaust Air | LinkedRoomLink=NWB-MHT-WBH-EL-MOD-0001 | LinkedRoomNumber=964 | LinkedRoomName=Room | LinkedRoomDept= | LinkedRoomBuilding= | LinkedRoomSite= | LinkedRoomSource=self | ResolvedDept= | ResolvedBuilding= | ResolvedSite= | DisciplineHint=mechanical | AssetCandidates=ducts, ductwork | WBS00=WBH | WBS01=HO | WBS03=Z00 | DesignPkg=NWB-GEN-ME-SCM-1091-A | BuildingPermitPkg=WBH - BP09
WARN | Element 3004131 | Department unresolved | ExistingNWBDepartment= | ExistingWBS00=WBH | ExistingWBS01=HO | ExistingDiscipline=ME
ELEMENT | 3004131 | Cat=Ducts | AssetScore=45 | AssetTypeCode=MDUC | AssetType=Ductwork | AssetCategory=Ductwork | Targets=NWB_AssetTypeCode=MDUC; NWB_AssetID=MDUC-HO-01-3004131; NWB_AssetType=Ductwork; NWB_Discipline=ME; NWB_Category=Ductwork; NWB_Department=; NWB_SubDepartment=; NWB_RoomID=964; NWB_RoomName=Room; NWB_Material=; NWB_System=Exhaust Air; NWB_UniclassCode=Pr_65_65_25; NWB_UniclassDescription=Ductwork and fittings; NWB_DesignPkg=NWB-GEN-ME-SCM-1091-A; NWB_BuildingPermitPkg=WBH - BP09; NWB_WBS00=WBH; NWB_WBS01=HO; NWB_WBS02=01; NWB_WBS03=Z00; NWB_WBS04=ME; NWB_WBS05=SI5; NWB_WBSCode=WBH-HO-01-Z00-ME-SI5
INFO | Candidate: NWB_AssetTypeCode | Scope=instance | Storage=String | ReadOnly=False | Shared=True | Id=7626182
INFO | Candidate: NWB_AssetID | Scope=instance | Storage=String | ReadOnly=False | Shared=True | Id=7626164
INFO | Candidate: NWB_AssetType | Scope=instance | Storage=String | ReadOnly=False | Shared=True | Id=7626181
INFO | Candidate: NWB_Discipline | Scope=instance | Storage=String | ReadOnly=False | Shared=True | Id=7626159
INFO | Candidate: NWB_Category | Scope=instance | Storage=String | ReadOnly=False | Shared=True | Id=7626160
INFO | Candidate: NWB_Department | Scope=instance | Storage=String | ReadOnly=False | Shared=True | Id=7626168
INFO | Candidate: NWB_SubDepartment | Scope=instance | Storage=String | ReadOnly=False | Shared=True | Id=7626178
INFO | Candidate: NWB_RoomID | Scope=instance | Storage=String | ReadOnly=False | Shared=True | Id=7626177
INFO | Candidate: NWB_RoomName | Scope=instance | Storage=String | ReadOnly=False | Shared=True | Id=7626169
INFO | Candidate: NWB_System | Scope=instance | Storage=String | ReadOnly=False | Shared=True | Id=7626163
INFO | Candidate: NWB_UniclassCode | Scope=instance | Storage=String | ReadOnly=False | Shared=True | Id=7626165
INFO | Candidate: NWB_UniclassDescription | Scope=instance | Storage=String | ReadOnly=False | Shared=True | Id=7626166
INFO | Candidate: NWB_DesignPkg | Scope=instance | Storage=String | ReadOnly=False | Shared=True | Id=7626167
ERROR | Element 3624278 | Category=Ducts | Family= | Parameter=NWB_BuildingPermitPkg | Reason=missing | Writable sample: AHU, AHU_AreaServed, AHU_Serves, AHU_Type, AHU_ZoneNumber, Building_No, COMPLETE Y/N, Classification.OmniClass.21.Description_INSTANCE, Classification.OmniClass.21.Number_INSTANCE, Classification.OmniClass.22.Description_INSTANCE, Classification.OmniClass.22.Number_INSTANCE, Classification.OmniClass.23.Description_INSTANCE, Classification.OmniClass.23.Number_INSTANCE, Classification.UniFormat.2010.Description, Classification.UniFormat.2010.Number, Comments, DUCT NUMBER, Description BOM Suffix, Duct Number, Ductwork Insulation - Lining
INFO | Candidate: NWB_WBS00 | Scope=instance | Storage=String | ReadOnly=False | Shared=True | Id=9214738
INFO | Candidate: NWB_WBS01 | Scope=instance | Storage=String | ReadOnly=False | Shared=True | Id=9214798
INFO | Candidate: NWB_WBS02 | Scope=instance | Storage=String | ReadOnly=False | Shared=True | Id=9214786
INFO | Candidate: NWB_WBS03 | Scope=instance | Storage=String | ReadOnly=False | Shared=True | Id=9214750
INFO | Candidate: NWB_WBS04 | Scope=instance | Storage=String | ReadOnly=False | Shared=True | Id=9214762
INFO | Candidate: NWB_WBS05 | Scope=instance | Storage=String | ReadOnly=False | Shared=True | Id=9214810
INFO | Candidate: NWB_WBSCode | Scope=instance | Storage=String | ReadOnly=False | Shared=True | Id=9214774
SOURCE | Element 3624278 | Cat=Ducts | Family=Rectangular Duct | Type= | Level=LEVEL 05 | System=Supply Air | LinkedRoomLink=NWB-ARC-WBH-AR-MOD-0034 | LinkedRoomNumber=WBH-W-05-C01 | LinkedRoomName=Corridor | LinkedRoomDept=BIR | LinkedRoomBuilding= | LinkedRoomSite= | LinkedRoomSource=self | ResolvedDept=BIR | ResolvedBuilding= | ResolvedSite= | DisciplineHint=mechanical | AssetCandidates=ducts, ductwork | WBS00=WBH | WBS01=HO | WBS03=BIR | DesignPkg=NWB-GEN-ME-SCM-1091-A | BuildingPermitPkg=WBH - BP09
ELEMENT | 3624278 | Cat=Ducts | AssetScore=45 | AssetTypeCode=MDUC | AssetType=Ductwork | AssetCategory=Ductwork | Targets=NWB_AssetTypeCode=MDUC; NWB_AssetID=MDUC-HO-05-3624278; NWB_AssetType=Ductwork; NWB_Discipline=ME; NWB_Category=Ductwork; NWB_Department=BIR; NWB_SubDepartment=IC; NWB_RoomID=WBH-W-05-C01; NWB_RoomName=Corridor; NWB_Material=; NWB_System=Supply Air; NWB_UniclassCode=Pr_65_65_25; NWB_UniclassDescription=Ductwork and fittings; NWB_DesignPkg=NWB-GEN-ME-SCM-1091-A; NWB_BuildingPermitPkg=WBH - BP09; NWB_WBS00=WBH; NWB_WBS01=HO; NWB_WBS02=05; NWB_WBS03=BIR; NWB_WBS04=ME; NWB_WBS05=SI5; NWB_WBSCode=WBH-HO-05-BIR-ME-SI5
INFO | Candidate: NWB_AssetTypeCode | Scope=instance | Storage=String | ReadOnly=False | Shared=True | Id=7626182
INFO | Candidate: NWB_AssetID | Scope=instance | Storage=String | ReadOnly=False | Shared=True | Id=7626164
INFO | Candidate: NWB_AssetType | Scope=instance | Storage=String | ReadOnly=False | Shared=True | Id=7626181
INFO | Candidate: NWB_Discipline | Scope=instance | Storage=String | ReadOnly=False | Shared=True | Id=7626159
INFO | Candidate: NWB_Category | Scope=instance | Storage=String | ReadOnly=False | Shared=True | Id=7626160
INFO | Candidate: NWB_Department | Scope=instance | Storage=String | ReadOnly=False | Shared=True | Id=7626168
INFO | Candidate: NWB_SubDepartment | Scope=instance | Storage=String | ReadOnly=False | Shared=True | Id=7626178
INFO | Candidate: NWB_RoomID | Scope=instance | Storage=String | ReadOnly=False | Shared=True | Id=7626177
INFO | Candidate: NWB_RoomName | Scope=instance | Storage=String | ReadOnly=False | Shared=True | Id=7626169
INFO | Candidate: NWB_System | Scope=instance | Storage=String | ReadOnly=False | Shared=True | Id=7626163
INFO | Candidate: NWB_UniclassCode | Scope=instance | Storage=String | ReadOnly=False | Shared=True | Id=7626165
INFO | Candidate: NWB_UniclassDescription | Scope=instance | Storage=String | ReadOnly=False | Shared=True | Id=7626166
INFO | Candidate: NWB_DesignPkg | Scope=instance | Storage=String | ReadOnly=False | Shared=True | Id=7626167
ERROR | Element 3624282 | Category=Ducts | Family= | Parameter=NWB_BuildingPermitPkg | Reason=missing | Writable sample: AHU, AHU_AreaServed, AHU_Serves, AHU_Type, AHU_ZoneNumber, Building_No, COMPLETE Y/N, Classification.OmniClass.21.Description_INSTANCE, Classification.OmniClass.21.Number_INSTANCE, Classification.OmniClass.22.Description_INSTANCE, Classification.OmniClass.22.Number_INSTANCE, Classification.OmniClass.23.Description_INSTANCE, Classification.OmniClass.23.Number_INSTANCE, Classification.UniFormat.2010.Description, Classification.UniFormat.2010.Number, Comments, DUCT NUMBER, Description BOM Suffix, Duct Number, Ductwork Insulation - Lining
INFO | Candidate: NWB_WBS00 | Scope=instance | Storage=String | ReadOnly=False | Shared=True | Id=9214738
INFO | Candidate: NWB_WBS01 | Scope=instance | Storage=String | ReadOnly=False | Shared=True | Id=9214798
INFO | Candidate: NWB_WBS02 | Scope=instance | Storage=String | ReadOnly=False | Shared=True | Id=9214786
INFO | Candidate: NWB_WBS03 | Scope=instance | Storage=String | ReadOnly=False | Shared=True | Id=9214750
INFO | Candidate: NWB_WBS04 | Scope=instance | Storage=String | ReadOnly=False | Shared=True | Id=9214762
INFO | Candidate: NWB_WBS05 | Scope=instance | Storage=String | ReadOnly=False | Shared=True | Id=9214810
INFO | Candidate: NWB_WBSCode | Scope=instance | Storage=String | ReadOnly=False | Shared=True | Id=9214774
SOURCE | Element 3624282 | Cat=Ducts | Family=Rectangular Duct | Type= | Level=LEVEL 05 | System=Supply Air | LinkedRoomLink=NWB-ARC-WBH-AR-MOD-0034 | LinkedRoomNumber=WBH-W-05-C01 | LinkedRoomName=Corridor | LinkedRoomDept=BIR | LinkedRoomBuilding= | LinkedRoomSite= | LinkedRoomSource=self | ResolvedDept=BIR | ResolvedBuilding= | ResolvedSite= | DisciplineHint=mechanical | AssetCandidates=ducts, ductwork | WBS00=WBH | WBS01=HO | WBS03=BIR | DesignPkg=NWB-GEN-ME-SCM-1091-A | BuildingPermitPkg=WBH - BP09
ELEMENT | 3624282 | Cat=Ducts | AssetScore=45 | AssetTypeCode=MDUC | AssetType=Ductwork | AssetCategory=Ductwork | Targets=NWB_AssetTypeCode=MDUC; NWB_AssetID=MDUC-HO-05-3624282; NWB_AssetType=Ductwork; NWB_Discipline=ME; NWB_Category=Ductwork; NWB_Department=BIR; NWB_SubDepartment=IC; NWB_RoomID=WBH-W-05-C01; NWB_RoomName=Corridor; NWB_Material=; NWB_System=Supply Air; NWB_UniclassCode=Pr_65_65_25; NWB_UniclassDescription=Ductwork and fittings; NWB_DesignPkg=NWB-GEN-ME-SCM-1091-A; NWB_BuildingPermitPkg=WBH - BP09; NWB_WBS00=WBH; NWB_WBS01=HO; NWB_WBS02=05; NWB_WBS03=BIR; NWB_WBS04=ME; NWB_WBS05=SI5; NWB_WBSCode=WBH-HO-05-BIR-ME-SI5
INFO | Candidate: NWB_AssetTypeCode | Scope=instance | Storage=String | ReadOnly=False | Shared=True | Id=7626182
INFO | Candidate: NWB_AssetID | Scope=instance | Storage=String | ReadOnly=False | Shared=True | Id=7626164
INFO | Candidate: NWB_AssetType | Scope=instance | Storage=String | ReadOnly=False | Shared=True | Id=7626181
INFO | Candidate: NWB_Discipline | Scope=instance | Storage=String | ReadOnly=False | Shared=True | Id=7626159
INFO | Candidate: NWB_Category | Scope=instance | Storage=String | ReadOnly=False | Shared=True | Id=7626160
INFO | Candidate: NWB_Department | Scope=instance | Storage=String | ReadOnly=False | Shared=True | Id=7626168
INFO | Candidate: NWB_SubDepartment | Scope=instance | Storage=String | ReadOnly=False | Shared=True | Id=7626178
INFO | Candidate: NWB_RoomID | Scope=instance | Storage=String | ReadOnly=False | Shared=True | Id=7626177
INFO | Candidate: NWB_RoomName | Scope=instance | Storage=String | ReadOnly=False | Shared=True | Id=7626169
INFO | Candidate: NWB_System | Scope=instance | Storage=String | ReadOnly=False | Shared=True | Id=7626163
INFO | Candidate: NWB_UniclassCode | Scope=instance | Storage=String | ReadOnly=False | Shared=True | Id=7626165
INFO | Candidate: NWB_UniclassDescription | Scope=instance | Storage=String | ReadOnly=False | Shared=True | Id=7626166
INFO | Candidate: NWB_DesignPkg | Scope=instance | Storage=String | ReadOnly=False | Shared=True | Id=7626167
ERROR | Element 3624286 | Category=Ducts | Family= | Parameter=NWB_BuildingPermitPkg | Reason=missing | Writable sample: AHU, AHU_AreaServed, AHU_Serves, AHU_Type, AHU_ZoneNumber, Building_No, COMPLETE Y/N, Classification.OmniClass.21.Description_INSTANCE, Classification.OmniClass.21.Number_INSTANCE, Classification.OmniClass.22.Description_INSTANCE, Classification.OmniClass.22.Number_INSTANCE, Classification.OmniClass.23.Description_INSTANCE, Classification.OmniClass.23.Number_INSTANCE, Classification.UniFormat.2010.Description, Classification.UniFormat.2010.Number, Comments, DUCT NUMBER, Description BOM Suffix, Duct Number, Ductwork Insulation - Lining
INFO | Candidate: NWB_WBS00 | Scope=instance | Storage=String | ReadOnly=False | Shared=True | Id=9214738
INFO | Candidate: NWB_WBS01 | Scope=instance | Storage=String | ReadOnly=False | Shared=True | Id=9214798
INFO | Candidate: NWB_WBS02 | Scope=instance | Storage=String | ReadOnly=False | Shared=True | Id=9214786
INFO | Candidate: NWB_WBS03 | Scope=instance | Storage=String | ReadOnly=False | Shared=True | Id=9214750
INFO | Candidate: NWB_WBS04 | Scope=instance | Storage=String | ReadOnly=False | Shared=True | Id=9214762
INFO | Candidate: NWB_WBS05 | Scope=instance | Storage=String | ReadOnly=False | Shared=True | Id=9214810
INFO | Candidate: NWB_WBSCode | Scope=instance | Storage=String | ReadOnly=False | Shared=True | Id=9214774
SOURCE | Element 3624286 | Cat=Ducts | Family=Rectangular Duct | Type= | Level=LEVEL 05 | System=Supply Air | LinkedRoomLink=NWB-ARC-WBH-AR-MOD-0034 | LinkedRoomNumber=WBH-W-05-099 | LinkedRoomName=Bay - Linen | LinkedRoomDept=BIR | LinkedRoomBuilding= | LinkedRoomSite= | LinkedRoomSource=self | ResolvedDept=BIR | ResolvedBuilding= | ResolvedSite= | DisciplineHint=mechanical | AssetCandidates=ducts, ductwork | WBS00=WBH | WBS01=HO | WBS03=BIR | DesignPkg=NWB-GEN-ME-SCM-1091-A | BuildingPermitPkg=WBH - BP09
ELEMENT | 3624286 | Cat=Ducts | AssetScore=45 | AssetTypeCode=MDUC | AssetType=Ductwork | AssetCategory=Ductwork | Targets=NWB_AssetTypeCode=MDUC; NWB_AssetID=MDUC-HO-05-3624286; NWB_AssetType=Ductwork; NWB_Discipline=ME; NWB_Category=Ductwork; NWB_Department=BIR; NWB_SubDepartment=06; NWB_RoomID=WBH-W-05-099; NWB_RoomName=Bay - Linen; NWB_Material=; NWB_System=Supply Air; NWB_UniclassCode=Pr_65_65_25; NWB_UniclassDescription=Ductwork and fittings; NWB_DesignPkg=NWB-GEN-ME-SCM-1091-A; NWB_BuildingPermitPkg=WBH - BP09; NWB_WBS00=WBH; NWB_WBS01=HO; NWB_WBS02=05; NWB_WBS03=BIR; NWB_WBS04=ME; NWB_WBS05=SI5; NWB_WBSCode=WBH-HO-05-BIR-ME-SI5
INFO | Candidate: NWB_AssetTypeCode | Scope=instance | Storage=String | ReadOnly=False | Shared=True | Id=7626182
INFO | Candidate: NWB_AssetID | Scope=instance | Storage=String | ReadOnly=False | Shared=True | Id=7626164
INFO | Candidate: NWB_AssetType | Scope=instance | Storage=String | ReadOnly=False | Shared=True | Id=7626181
INFO | Candidate: NWB_Discipline | Scope=instance | Storage=String | ReadOnly=False | Shared=True | Id=7626159
INFO | Candidate: NWB_Category | Scope=instance | Storage=String | ReadOnly=False | Shared=True | Id=7626160
INFO | Candidate: NWB_Department | Scope=instance | Storage=String | ReadOnly=False | Shared=True | Id=7626168
INFO | Candidate: NWB_SubDepartment | Scope=instance | Storage=String | ReadOnly=False | Shared=True | Id=7626178
INFO | Candidate: NWB_RoomID | Scope=instance | Storage=String | ReadOnly=False | Shared=True | Id=7626177
INFO | Candidate: NWB_RoomName | Scope=instance | Storage=String | ReadOnly=False | Shared=True | Id=7626169
INFO | Candidate: NWB_System | Scope=instance | Storage=String | ReadOnly=False | Shared=True | Id=7626163
INFO | Candidate: NWB_UniclassCode | Scope=instance | Storage=String | ReadOnly=False | Shared=True | Id=7626165
INFO | Candidate: NWB_UniclassDescription | Scope=instance | Storage=String | ReadOnly=False | Shared=True | Id=7626166
INFO | Candidate: NWB_DesignPkg | Scope=instance | Storage=String | ReadOnly=False | Shared=True | Id=7626167
ERROR | Element 4675023 | Category=Ducts | Family= | Parameter=NWB_BuildingPermitPkg | Reason=missing | Writable sample: AHU, AHU_AreaServed, AHU_Serves, AHU_Type, AHU_ZoneNumber, Building_No, COMPLETE Y/N, Classification.OmniClass.21.Description_INSTANCE, Classification.OmniClass.21.Number_INSTANCE, Classification.OmniClass.22.Description_INSTANCE, Classification.OmniClass.22.Number_INSTANCE, Classification.OmniClass.23.Description_INSTANCE, Classification.OmniClass.23.Number_INSTANCE, Classification.UniFormat.2010.Description, Classification.UniFormat.2010.Number, Comments, DUCT NUMBER, Description BOM Suffix, Duct Number, Ductwork Insulation - Lining
INFO | Candidate: NWB_WBS00 | Scope=instance | Storage=String | ReadOnly=False | Shared=True | Id=9214738
INFO | Candidate: NWB_WBS01 | Scope=instance | Storage=String | ReadOnly=False | Shared=True | Id=9214798
INFO | Candidate: NWB_WBS02 | Scope=instance | Storage=String | ReadOnly=False | Shared=True | Id=9214786
INFO | Candidate: NWB_WBS03 | Scope=instance | Storage=String | ReadOnly=False | Shared=True | Id=9214750
INFO | Candidate: NWB_WBS04 | Scope=instance | Storage=String | ReadOnly=False | Shared=True | Id=9214762
INFO | Candidate: NWB_WBS05 | Scope=instance | Storage=String | ReadOnly=False | Shared=True | Id=9214810
INFO | Candidate: NWB_WBSCode | Scope=instance | Storage=String | ReadOnly=False | Shared=True | Id=9214774
SOURCE | Element 4675023 | Cat=Ducts | Family=Rectangular Duct | Type= | Level=LEVEL 06 | System=Supply Air | LinkedRoomLink=NWB-ACD-WBH-MH-MOD-0001 | LinkedRoomNumber=ENG.06.903 | LinkedRoomName=Hydraulics CSSD Plant Room | LinkedRoomDept=Engineering | LinkedRoomBuilding= | LinkedRoomSite= | LinkedRoomSource=self | ResolvedDept=Engineering | ResolvedBuilding= | ResolvedSite= | DisciplineHint=mechanical | AssetCandidates=ducts, ductwork | WBS00=WBH | WBS01=HO | WBS03=ENG | DesignPkg=NWB-GEN-ME-SCM-1091-A | BuildingPermitPkg=WBH - BP09
ELEMENT | 4675023 | Cat=Ducts | AssetScore=45 | AssetTypeCode=MDUC | AssetType=Ductwork | AssetCategory=Ductwork | Targets=NWB_AssetTypeCode=MDUC; NWB_AssetID=MDUC-HO-06-4675023; NWB_AssetType=Ductwork; NWB_Discipline=ME; NWB_Category=Ductwork; NWB_Department=Engineering; NWB_SubDepartment=01; NWB_RoomID=ENG.06.903; NWB_RoomName=Hydraulics CSSD Plant Room; NWB_Material=; NWB_System=Supply Air; NWB_UniclassCode=Pr_65_65_25; NWB_UniclassDescription=Ductwork and fittings; NWB_DesignPkg=NWB-GEN-ME-SCM-1091-A; NWB_BuildingPermitPkg=WBH - BP09; NWB_WBS00=WBH; NWB_WBS01=HO; NWB_WBS02=06; NWB_WBS03=ENG; NWB_WBS04=ME; NWB_WBS05=SI5; NWB_WBSCode=WBH-HO-06-ENG-ME-SI5
INFO | Candidate: NWB_AssetTypeCode | Scope=instance | Storage=String | ReadOnly=False | Shared=True | Id=7626182
INFO | Candidate: NWB_AssetID | Scope=instance | Storage=String | ReadOnly=False | Shared=True | Id=7626164
INFO | Candidate: NWB_AssetType | Scope=instance | Storage=String | ReadOnly=False | Shared=True | Id=7626181
INFO | Candidate: NWB_Discipline | Scope=instance | Storage=String | ReadOnly=False | Shared=True | Id=7626159
INFO | Candidate: NWB_Category | Scope=instance | Storage=String | ReadOnly=False | Shared=True | Id=7626160
INFO | Candidate: NWB_Department | Scope=instance | Storage=String | ReadOnly=False | Shared=True | Id=7626168
INFO | Candidate: NWB_SubDepartment | Scope=instance | Storage=String | ReadOnly=False | Shared=True | Id=7626178
INFO | Candidate: NWB_RoomID | Scope=instance | Storage=String | ReadOnly=False | Shared=True | Id=7626177
INFO | Candidate: NWB_RoomName | Scope=instance | Storage=String | ReadOnly=False | Shared=True | Id=7626169
INFO | Candidate: NWB_System | Scope=instance | Storage=String | ReadOnly=False | Shared=True | Id=7626163
INFO | Candidate: NWB_UniclassCode | Scope=instance | Storage=String | ReadOnly=False | Shared=True | Id=7626165
INFO | Candidate: NWB_UniclassDescription | Scope=instance | Storage=String | ReadOnly=False | Shared=True | Id=7626166
INFO | Candidate: NWB_DesignPkg | Scope=instance | Storage=String | ReadOnly=False | Shared=True | Id=7626167
ERROR | Element 4675024 | Category=Ducts | Family= | Parameter=NWB_BuildingPermitPkg | Reason=missing | Writable sample: AHU, AHU_AreaServed, AHU_Serves, AHU_Type, AHU_ZoneNumber, Building_No, COMPLETE Y/N, Classification.OmniClass.21.Description_INSTANCE, Classification.OmniClass.21.Number_INSTANCE, Classification.OmniClass.22.Description_INSTANCE, Classification.OmniClass.22.Number_INSTANCE, Classification.OmniClass.23.Description_INSTANCE, Classification.OmniClass.23.Number_INSTANCE, Classification.UniFormat.2010.Description, Classification.UniFormat.2010.Number, Comments, DUCT NUMBER, Description BOM Suffix, Duct Number, Ductwork Insulation - Lining
INFO | Candidate: NWB_WBS00 | Scope=instance | Storage=String | ReadOnly=False | Shared=True | Id=9214738
INFO | Candidate: NWB_WBS01 | Scope=instance | Storage=String | ReadOnly=False | Shared=True | Id=9214798
INFO | Candidate: NWB_WBS02 | Scope=instance | Storage=String | ReadOnly=False | Shared=True | Id=9214786
INFO | Candidate: NWB_WBS03 | Scope=instance | Storage=String | ReadOnly=False | Shared=True | Id=9214750
INFO | Candidate: NWB_WBS04 | Scope=instance | Storage=String | ReadOnly=False | Shared=True | Id=9214762
INFO | Candidate: NWB_WBS05 | Scope=instance | Storage=String | ReadOnly=False | Shared=True | Id=9214810
INFO | Candidate: NWB_WBSCode | Scope=instance | Storage=String | ReadOnly=False | Shared=True | Id=9214774
SOURCE | Element 4675024 | Cat=Ducts | Family=Rectangular Duct | Type= | Level=LEVEL 06 | System=Supply Air | LinkedRoomLink=NWB-ACD-WBH-MH-MOD-0001 | LinkedRoomNumber=ENG.06.903 | LinkedRoomName=Hydraulics CSSD Plant Room | LinkedRoomDept=Engineering | LinkedRoomBuilding= | LinkedRoomSite= | LinkedRoomSource=self | ResolvedDept=Engineering | ResolvedBuilding= | ResolvedSite= | DisciplineHint=mechanical | AssetCandidates=ducts, ductwork | WBS00=WBH | WBS01=HO | WBS03=ENG | DesignPkg=NWB-GEN-ME-SCM-1091-A | BuildingPermitPkg=WBH - BP09
ELEMENT | 4675024 | Cat=Ducts | AssetScore=45 | AssetTypeCode=MDUC | AssetType=Ductwork | AssetCategory=Ductwork | Targets=NWB_AssetTypeCode=MDUC; NWB_AssetID=MDUC-HO-06-4675024; NWB_AssetType=Ductwork; NWB_Discipline=ME; NWB_Category=Ductwork; NWB_Department=Engineering; NWB_SubDepartment=01; NWB_RoomID=ENG.06.903; NWB_RoomName=Hydraulics CSSD Plant Room; NWB_Material=; NWB_System=Supply Air; NWB_UniclassCode=Pr_65_65_25; NWB_UniclassDescription=Ductwork and fittings; NWB_DesignPkg=NWB-GEN-ME-SCM-1091-A; NWB_BuildingPermitPkg=WBH - BP09; NWB_WBS00=WBH; NWB_WBS01=HO; NWB_WBS02=06; NWB_WBS03=ENG; NWB_WBS04=ME; NWB_WBS05=SI5; NWB_WBSCode=WBH-HO-06-ENG-ME-SI5
INFO | Candidate: NWB_AssetTypeCode | Scope=instance | Storage=String | ReadOnly=False | Shared=True | Id=7626182
INFO | Candidate: NWB_AssetID | Scope=instance | Storage=String | ReadOnly=False | Shared=True | Id=7626164
INFO | Candidate: NWB_AssetType | Scope=instance | Storage=String | ReadOnly=False | Shared=True | Id=7626181
INFO | Candidate: NWB_Discipline | Scope=instance | Storage=String | ReadOnly=False | Shared=True | Id=7626159
INFO | Candidate: NWB_Category | Scope=instance | Storage=String | ReadOnly=False | Shared=True | Id=7626160
INFO | Candidate: NWB_RoomID | Scope=instance | Storage=String | ReadOnly=False | Shared=True | Id=7626177
INFO | Candidate: NWB_RoomName | Scope=instance | Storage=String | ReadOnly=False | Shared=True | Id=7626169
INFO | Candidate: NWB_System | Scope=instance | Storage=String | ReadOnly=False | Shared=True | Id=7626163
INFO | Candidate: NWB_UniclassCode | Scope=instance | Storage=String | ReadOnly=False | Shared=True | Id=7626165
INFO | Candidate: NWB_UniclassDescription | Scope=instance | Storage=String | ReadOnly=False | Shared=True | Id=7626166
INFO | Candidate: NWB_DesignPkg | Scope=instance | Storage=String | ReadOnly=False | Shared=True | Id=7626167
ERROR | Element 5532983 | Category=Ducts | Family= | Parameter=NWB_BuildingPermitPkg | Reason=missing | Writable sample: AHU, AHU_AreaServed, AHU_Serves, AHU_Type, AHU_ZoneNumber, Building_No, COMPLETE Y/N, Classification.OmniClass.21.Description_INSTANCE, Classification.OmniClass.21.Number_INSTANCE, Classification.OmniClass.22.Description_INSTANCE, Classification.OmniClass.22.Number_INSTANCE, Classification.OmniClass.23.Description_INSTANCE, Classification.OmniClass.23.Number_INSTANCE, Classification.UniFormat.2010.Description, Classification.UniFormat.2010.Number, Comments, DUCT NUMBER, Description BOM Suffix, Duct Number, Ductwork Insulation - Lining
INFO | Candidate: NWB_WBS00 | Scope=instance | Storage=String | ReadOnly=False | Shared=True | Id=9214738
INFO | Candidate: NWB_WBS01 | Scope=instance | Storage=String | ReadOnly=False | Shared=True | Id=9214798
INFO | Candidate: NWB_WBS02 | Scope=instance | Storage=String | ReadOnly=False | Shared=True | Id=9214786
INFO | Candidate: NWB_WBS03 | Scope=instance | Storage=String | ReadOnly=False | Shared=True | Id=9214750
INFO | Candidate: NWB_WBS04 | Scope=instance | Storage=String | ReadOnly=False | Shared=True | Id=9214762
INFO | Candidate: NWB_WBS05 | Scope=instance | Storage=String | ReadOnly=False | Shared=True | Id=9214810
INFO | Candidate: NWB_WBSCode | Scope=instance | Storage=String | ReadOnly=False | Shared=True | Id=9214774
SOURCE | Element 5532983 | Cat=Ducts | Family=Rectangular Duct | Type= | Level=LEVEL 01 | System=Exhaust Air | LinkedRoomLink=NWB-MHT-WBH-EL-MOD-0001 | LinkedRoomNumber=862 | LinkedRoomName=Room | LinkedRoomDept= | LinkedRoomBuilding= | LinkedRoomSite= | LinkedRoomSource=self | ResolvedDept= | ResolvedBuilding= | ResolvedSite= | DisciplineHint=mechanical | AssetCandidates=ducts, ductwork | WBS00=WBH | WBS01=HO | WBS03=Z00 | DesignPkg=NWB-GEN-ME-SCM-1091-A | BuildingPermitPkg=WBH - BP09
WARN | Element 5532983 | Department unresolved | ExistingNWBDepartment= | ExistingWBS00=WBH | ExistingWBS01=HO | ExistingDiscipline=ME
ELEMENT | 5532983 | Cat=Ducts | AssetScore=45 | AssetTypeCode=MDUC | AssetType=Ductwork | AssetCategory=Ductwork | Targets=NWB_AssetTypeCode=MDUC; NWB_AssetID=MDUC-HO-01-5532983; NWB_AssetType=Ductwork; NWB_Discipline=ME; NWB_Category=Ductwork; NWB_Department=; NWB_SubDepartment=; NWB_RoomID=862; NWB_RoomName=Room; NWB_Material=; NWB_System=Exhaust Air; NWB_UniclassCode=Pr_65_65_25; NWB_UniclassDescription=Ductwork and fittings; NWB_DesignPkg=NWB-GEN-ME-SCM-1091-A; NWB_BuildingPermitPkg=WBH - BP09; NWB_WBS00=WBH; NWB_WBS01=HO; NWB_WBS02=01; NWB_WBS03=Z00; NWB_WBS04=ME; NWB_WBS05=SI5; NWB_WBSCode=WBH-HO-01-Z00-ME-SI5
INFO | Candidate: NWB_AssetTypeCode | Scope=instance | Storage=String | ReadOnly=False | Shared=True | Id=7626182
INFO | Candidate: NWB_AssetID | Scope=instance | Storage=String | ReadOnly=False | Shared=True | Id=7626164
INFO | Candidate: NWB_AssetType | Scope=instance | Storage=String | ReadOnly=False | Shared=True | Id=7626181
INFO | Candidate: NWB_Discipline | Scope=instance | Storage=String | ReadOnly=False | Shared=True | Id=7626159
INFO | Candidate: NWB_Category | Scope=instance | Storage=String | ReadOnly=False | Shared=True | Id=7626160
INFO | Candidate: NWB_Department | Scope=instance | Storage=String | ReadOnly=False | Shared=True | Id=7626168
INFO | Candidate: NWB_RoomID | Scope=instance | Storage=String | ReadOnly=False | Shared=True | Id=7626177
INFO | Candidate: NWB_RoomName | Scope=instance | Storage=String | ReadOnly=False | Shared=True | Id=7626169
INFO | Candidate: NWB_System | Scope=instance | Storage=String | ReadOnly=False | Shared=True | Id=7626163
INFO | Candidate: NWB_UniclassCode | Scope=instance | Storage=String | ReadOnly=False | Shared=True | Id=7626165
INFO | Candidate: NWB_UniclassDescription | Scope=instance | Storage=String | ReadOnly=False | Shared=True | Id=7626166
INFO | Candidate: NWB_DesignPkg | Scope=instance | Storage=String | ReadOnly=False | Shared=True | Id=7626167
ERROR | Element 5533090 | Category=Ducts | Family= | Parameter=NWB_BuildingPermitPkg | Reason=missing | Writable sample: AHU, AHU_AreaServed, AHU_Serves, AHU_Type, AHU_ZoneNumber, Building_No, COMPLETE Y/N, Classification.OmniClass.21.Description_INSTANCE, Classification.OmniClass.21.Number_INSTANCE, Classification.OmniClass.22.Description_INSTANCE, Classification.OmniClass.22.Number_INSTANCE, Classification.OmniClass.23.Description_INSTANCE, Classification.OmniClass.23.Number_INSTANCE, Classification.UniFormat.2010.Description, Classification.UniFormat.2010.Number, Comments, DUCT NUMBER, Description BOM Suffix, Duct Number, Ductwork Insulation - Lining
INFO | Candidate: NWB_WBS00 | Scope=instance | Storage=String | ReadOnly=False | Shared=True | Id=9214738
INFO | Candidate: NWB_WBS01 | Scope=instance | Storage=String | ReadOnly=False | Shared=True | Id=9214798
INFO | Candidate: NWB_WBS02 | Scope=instance | Storage=String | ReadOnly=False | Shared=True | Id=9214786
INFO | Candidate: NWB_WBS03 | Scope=instance | Storage=String | ReadOnly=False | Shared=True | Id=9214750
INFO | Candidate: NWB_WBS04 | Scope=instance | Storage=String | ReadOnly=False | Shared=True | Id=9214762
INFO | Candidate: NWB_WBS05 | Scope=instance | Storage=String | ReadOnly=False | Shared=True | Id=9214810
INFO | Candidate: NWB_WBSCode | Scope=instance | Storage=String | ReadOnly=False | Shared=True | Id=9214774
SOURCE | Element 5533090 | Cat=Ducts | Family=Rectangular Duct | Type= | Level=LEVEL 06 | System=Exhaust Air | LinkedRoomLink=NWB-ACD-WBH-MH-MOD-0001 | LinkedRoomNumber=ENG.09.R07 | LinkedRoomName=Mechanical Riser, M19 & M20 | LinkedRoomDept=Engineering | LinkedRoomBuilding= | LinkedRoomSite= | LinkedRoomSource=self | ResolvedDept=Engineering | ResolvedBuilding= | ResolvedSite= | DisciplineHint=mechanical | AssetCandidates=ducts, ductwork | WBS00=WBH | WBS01=HO | WBS03=ENG | DesignPkg=NWB-GEN-ME-SCM-1091-A | BuildingPermitPkg=WBH - BP09
ELEMENT | 5533090 | Cat=Ducts | AssetScore=45 | AssetTypeCode=MDUC | AssetType=Ductwork | AssetCategory=Ductwork | Targets=NWB_AssetTypeCode=MDUC; NWB_AssetID=MDUC-HO-06-5533090; NWB_AssetType=Ductwork; NWB_Discipline=ME; NWB_Category=Ductwork; NWB_Department=Engineering; NWB_SubDepartment=; NWB_RoomID=ENG.09.R07; NWB_RoomName=Mechanical Riser, M19 & M20; NWB_Material=; NWB_System=Exhaust Air; NWB_UniclassCode=Pr_65_65_25; NWB_UniclassDescription=Ductwork and fittings; NWB_DesignPkg=NWB-GEN-ME-SCM-1091-A; NWB_BuildingPermitPkg=WBH - BP09; NWB_WBS00=WBH; NWB_WBS01=HO; NWB_WBS02=06; NWB_WBS03=ENG; NWB_WBS04=ME; NWB_WBS05=SI5; NWB_WBSCode=WBH-HO-06-ENG-ME-SI5
INFO | Candidate: NWB_AssetTypeCode | Scope=instance | Storage=String | ReadOnly=False | Shared=True | Id=7626182
INFO | Candidate: NWB_AssetID | Scope=instance | Storage=String | ReadOnly=False | Shared=True | Id=7626164
INFO | Candidate: NWB_AssetType | Scope=instance | Storage=String | ReadOnly=False | Shared=True | Id=7626181
INFO | Candidate: NWB_Discipline | Scope=instance | Storage=String | ReadOnly=False | Shared=True | Id=7626159
INFO | Candidate: NWB_Category | Scope=instance | Storage=String | ReadOnly=False | Shared=True | Id=7626160
INFO | Candidate: NWB_Department | Scope=instance | Storage=String | ReadOnly=False | Shared=True | Id=7626168
INFO | Candidate: NWB_SubDepartment | Scope=instance | Storage=String | ReadOnly=False | Shared=True | Id=7626178
INFO | Candidate: NWB_RoomID | Scope=instance | Storage=String | ReadOnly=False | Shared=True | Id=7626177
INFO | Candidate: NWB_RoomName | Scope=instance | Storage=String | ReadOnly=False | Shared=True | Id=7626169
INFO | Candidate: NWB_System | Scope=instance | Storage=String | ReadOnly=False | Shared=True | Id=7626163
INFO | Candidate: NWB_UniclassCode | Scope=instance | Storage=String | ReadOnly=False | Shared=True | Id=7626165
INFO | Candidate: NWB_UniclassDescription | Scope=instance | Storage=String | ReadOnly=False | Shared=True | Id=7626166
INFO | Candidate: NWB_DesignPkg | Scope=instance | Storage=String | ReadOnly=False | Shared=True | Id=7626167
ERROR | Element 7256268 | Category=Ducts | Family= | Parameter=NWB_BuildingPermitPkg | Reason=missing | Writable sample: AHU, AHU_AreaServed, AHU_Serves, AHU_Type, AHU_ZoneNumber, Additional Flow, Building_No, COMPLETE Y/N, Classification.OmniClass.21.Description_INSTANCE, Classification.OmniClass.21.Number_INSTANCE, Classification.OmniClass.22.Description_INSTANCE, Classification.OmniClass.22.Number_INSTANCE, Classification.OmniClass.23.Description_INSTANCE, Classification.OmniClass.23.Number_INSTANCE, Classification.UniFormat.2010.Description, Classification.UniFormat.2010.Number, Comments, DUCT NUMBER, Description BOM Suffix, Duct Number
INFO | Candidate: NWB_WBS00 | Scope=instance | Storage=String | ReadOnly=False | Shared=True | Id=9214738
INFO | Candidate: NWB_WBS01 | Scope=instance | Storage=String | ReadOnly=False | Shared=True | Id=9214798
INFO | Candidate: NWB_WBS02 | Scope=instance | Storage=String | ReadOnly=False | Shared=True | Id=9214786
INFO | Candidate: NWB_WBS03 | Scope=instance | Storage=String | ReadOnly=False | Shared=True | Id=9214750
INFO | Candidate: NWB_WBS04 | Scope=instance | Storage=String | ReadOnly=False | Shared=True | Id=9214762
INFO | Candidate: NWB_WBS05 | Scope=instance | Storage=String | ReadOnly=False | Shared=True | Id=9214810
INFO | Candidate: NWB_WBSCode | Scope=instance | Storage=String | ReadOnly=False | Shared=True | Id=9214774
SOURCE | Element 7256268 | Cat=Ducts | Family=Rectangular Duct | Type= | Level=LEVEL 06 | System=Supply Air | LinkedRoomLink=NWB-ARC-WBH-AR-MOD-0034 | LinkedRoomNumber=WBH-W-06-001 | LinkedRoomName=Central Exchange Hub | LinkedRoomDept=BOH | LinkedRoomBuilding= | LinkedRoomSite= | LinkedRoomSource=self | ResolvedDept=BOH | ResolvedBuilding= | ResolvedSite= | DisciplineHint=mechanical | AssetCandidates=ducts, ductwork | WBS00=WBH | WBS01=HO | WBS03=BOH | DesignPkg=NWB-GEN-ME-SCM-1091-A | BuildingPermitPkg=WBH - BP09
ELEMENT | 7256268 | Cat=Ducts | AssetScore=45 | AssetTypeCode=MDUC | AssetType=Ductwork | AssetCategory=Ductwork | Targets=NWB_AssetTypeCode=MDUC; NWB_AssetID=MDUC-HO-06-7256268; NWB_AssetType=Ductwork; NWB_Discipline=ME; NWB_Category=Ductwork; NWB_Department=BOH; NWB_SubDepartment=12; NWB_RoomID=WBH-W-06-001; NWB_RoomName=Central Exchange Hub; NWB_Material=; NWB_System=Supply Air; NWB_UniclassCode=Pr_65_65_25; NWB_UniclassDescription=Ductwork and fittings; NWB_DesignPkg=NWB-GEN-ME-SCM-1091-A; NWB_BuildingPermitPkg=WBH - BP09; NWB_WBS00=WBH; NWB_WBS01=HO; NWB_WBS02=06; NWB_WBS03=BOH; NWB_WBS04=ME; NWB_WBS05=SI5; NWB_WBSCode=WBH-HO-06-BOH-ME-SI5
INFO | Candidate: NWB_AssetTypeCode | Scope=instance | Storage=String | ReadOnly=False | Shared=True | Id=7626182
INFO | Candidate: NWB_AssetID | Scope=instance | Storage=String | ReadOnly=False | Shared=True | Id=7626164
INFO | Candidate: NWB_AssetType | Scope=instance | Storage=String | ReadOnly=False | Shared=True | Id=7626181
INFO | Candidate: NWB_Discipline | Scope=instance | Storage=String | ReadOnly=False | Shared=True | Id=7626159
INFO | Candidate: NWB_Category | Scope=instance | Storage=String | ReadOnly=False | Shared=True | Id=7626160
INFO | Candidate: NWB_Department | Scope=instance | Storage=String | ReadOnly=False | Shared=True | Id=7626168
INFO | Candidate: NWB_RoomID | Scope=instance | Storage=String | ReadOnly=False | Shared=True | Id=7626177
INFO | Candidate: NWB_RoomName | Scope=instance | Storage=String | ReadOnly=False | Shared=True | Id=7626169
INFO | Candidate: NWB_System | Scope=instance | Storage=String | ReadOnly=False | Shared=True | Id=7626163
INFO | Candidate: NWB_UniclassCode | Scope=instance | Storage=String | ReadOnly=False | Shared=True | Id=7626165
INFO | Candidate: NWB_UniclassDescription | Scope=instance | Storage=String | ReadOnly=False | Shared=True | Id=7626166
INFO | Candidate: NWB_DesignPkg | Scope=instance | Storage=String | ReadOnly=False | Shared=True | Id=7626167
ERROR | Element 7778522 | Category=Ducts | Family= | Parameter=NWB_BuildingPermitPkg | Reason=missing | Writable sample: AHU, AHU_AreaServed, AHU_Serves, AHU_Type, AHU_ZoneNumber, Building_No, COMPLETE Y/N, Classification.OmniClass.21.Description_INSTANCE, Classification.OmniClass.21.Number_INSTANCE, Classification.OmniClass.22.Description_INSTANCE, Classification.OmniClass.22.Number_INSTANCE, Classification.OmniClass.23.Description_INSTANCE, Classification.OmniClass.23.Number_INSTANCE, Classification.UniFormat.2010.Description, Classification.UniFormat.2010.Number, Comments, DUCT NUMBER, Description BOM Suffix, Duct Number, Ductwork Insulation - Lining
INFO | Candidate: NWB_WBS00 | Scope=instance | Storage=String | ReadOnly=False | Shared=True | Id=9214738
INFO | Candidate: NWB_WBS01 | Scope=instance | Storage=String | ReadOnly=False | Shared=True | Id=9214798
INFO | Candidate: NWB_WBS02 | Scope=instance | Storage=String | ReadOnly=False | Shared=True | Id=9214786
INFO | Candidate: NWB_WBS03 | Scope=instance | Storage=String | ReadOnly=False | Shared=True | Id=9214750
INFO | Candidate: NWB_WBS04 | Scope=instance | Storage=String | ReadOnly=False | Shared=True | Id=9214762
INFO | Candidate: NWB_WBS05 | Scope=instance | Storage=String | ReadOnly=False | Shared=True | Id=9214810
INFO | Candidate: NWB_WBSCode | Scope=instance | Storage=String | ReadOnly=False | Shared=True | Id=9214774
SOURCE | Element 7778522 | Cat=Ducts | Family=Rectangular Duct | Type= | Level=LEVEL 06 | System=Supply Air | LinkedRoomLink=NWB-ACD-WBH-MH-MOD-0001 | LinkedRoomNumber=TRA.06.S05 | LinkedRoomName=Stair Core, 05 | LinkedRoomDept=Travel | LinkedRoomBuilding= | LinkedRoomSite= | LinkedRoomSource=self | ResolvedDept=Travel | ResolvedBuilding= | ResolvedSite= | DisciplineHint=mechanical | AssetCandidates=ducts, ductwork | WBS00=WBH | WBS01=HO | WBS03=TRA | DesignPkg=NWB-GEN-ME-SCM-1091-A | BuildingPermitPkg=WBH - BP09
ELEMENT | 7778522 | Cat=Ducts | AssetScore=45 | AssetTypeCode=MDUC | AssetType=Ductwork | AssetCategory=Ductwork | Targets=NWB_AssetTypeCode=MDUC; NWB_AssetID=MDUC-HO-06-7778522; NWB_AssetType=Ductwork; NWB_Discipline=ME; NWB_Category=Ductwork; NWB_Department=Travel; NWB_SubDepartment=; NWB_RoomID=TRA.06.S05; NWB_RoomName=Stair Core, 05; NWB_Material=; NWB_System=Supply Air; NWB_UniclassCode=Pr_65_65_25; NWB_UniclassDescription=Ductwork and fittings; NWB_DesignPkg=NWB-GEN-ME-SCM-1091-A; NWB_BuildingPermitPkg=WBH - BP09; NWB_WBS00=WBH; NWB_WBS01=HO; NWB_WBS02=06; NWB_WBS03=TRA; NWB_WBS04=ME; NWB_WBS05=SI5; NWB_WBSCode=WBH-HO-06-TRA-ME-SI5
INFO | Candidate: NWB_AssetTypeCode | Scope=instance | Storage=String | ReadOnly=False | Shared=True | Id=7626182
INFO | Candidate: NWB_AssetID | Scope=instance | Storage=String | ReadOnly=False | Shared=True | Id=7626164
INFO | Candidate: NWB_AssetType | Scope=instance | Storage=String | ReadOnly=False | Shared=True | Id=7626181
INFO | Candidate: NWB_Discipline | Scope=instance | Storage=String | ReadOnly=False | Shared=True | Id=7626159
INFO | Candidate: NWB_Category | Scope=instance | Storage=String | ReadOnly=False | Shared=True | Id=7626160
INFO | Candidate: NWB_Department | Scope=instance | Storage=String | ReadOnly=False | Shared=True | Id=7626168
INFO | Candidate: NWB_RoomID | Scope=instance | Storage=String | ReadOnly=False | Shared=True | Id=7626177
INFO | Candidate: NWB_RoomName | Scope=instance | Storage=String | ReadOnly=False | Shared=True | Id=7626169
INFO | Candidate: NWB_System | Scope=instance | Storage=String | ReadOnly=False | Shared=True | Id=7626163
INFO | Candidate: NWB_UniclassCode | Scope=instance | Storage=String | ReadOnly=False | Shared=True | Id=7626165
INFO | Candidate: NWB_UniclassDescription | Scope=instance | Storage=String | ReadOnly=False | Shared=True | Id=7626166
INFO | Candidate: NWB_DesignPkg | Scope=instance | Storage=String | ReadOnly=False | Shared=True | Id=7626167
ERROR | Element 8378209 | Category=Ducts | Family= | Parameter=NWB_BuildingPermitPkg | Reason=missing | Writable sample: AHU, AHU_AreaServed, AHU_Serves, AHU_Type, AHU_ZoneNumber, Building_No, COMPLETE Y/N, Classification.OmniClass.21.Description_INSTANCE, Classification.OmniClass.21.Number_INSTANCE, Classification.OmniClass.22.Description_INSTANCE, Classification.OmniClass.22.Number_INSTANCE, Classification.OmniClass.23.Description_INSTANCE, Classification.OmniClass.23.Number_INSTANCE, Classification.UniFormat.2010.Description, Classification.UniFormat.2010.Number, Comments, DUCT NUMBER, Description BOM Suffix, Duct Number, Ductwork Insulation - Lining
INFO | Candidate: NWB_WBS00 | Scope=instance | Storage=String | ReadOnly=False | Shared=True | Id=9214738
INFO | Candidate: NWB_WBS01 | Scope=instance | Storage=String | ReadOnly=False | Shared=True | Id=9214798
INFO | Candidate: NWB_WBS02 | Scope=instance | Storage=String | ReadOnly=False | Shared=True | Id=9214786
INFO | Candidate: NWB_WBS03 | Scope=instance | Storage=String | ReadOnly=False | Shared=True | Id=9214750
INFO | Candidate: NWB_WBS04 | Scope=instance | Storage=String | ReadOnly=False | Shared=True | Id=9214762
INFO | Candidate: NWB_WBS05 | Scope=instance | Storage=String | ReadOnly=False | Shared=True | Id=9214810
INFO | Candidate: NWB_WBSCode | Scope=instance | Storage=String | ReadOnly=False | Shared=True | Id=9214774
SOURCE | Element 8378209 | Cat=Ducts | Family=Rectangular Duct | Type= | Level=LEVEL 06 | System=Supply Air | LinkedRoomLink=NWB-ACD-WBH-MH-MOD-0001 | LinkedRoomNumber=TRA.06.S05 | LinkedRoomName=Stair Core, 05 | LinkedRoomDept=Travel | LinkedRoomBuilding= | LinkedRoomSite= | LinkedRoomSource=self | ResolvedDept=Travel | ResolvedBuilding= | ResolvedSite= | DisciplineHint=mechanical | AssetCandidates=ducts, ductwork | WBS00=WBH | WBS01=HO | WBS03=TRA | DesignPkg=NWB-GEN-ME-SCM-1091-A | BuildingPermitPkg=WBH - BP09
ELEMENT | 8378209 | Cat=Ducts | AssetScore=45 | AssetTypeCode=MDUC | AssetType=Ductwork | AssetCategory=Ductwork | Targets=NWB_AssetTypeCode=MDUC; NWB_AssetID=MDUC-HO-06-8378209; NWB_AssetType=Ductwork; NWB_Discipline=ME; NWB_Category=Ductwork; NWB_Department=Travel; NWB_SubDepartment=; NWB_RoomID=TRA.06.S05; NWB_RoomName=Stair Core, 05; NWB_Material=; NWB_System=Supply Air; NWB_UniclassCode=Pr_65_65_25; NWB_UniclassDescription=Ductwork and fittings; NWB_DesignPkg=NWB-GEN-ME-SCM-1091-A; NWB_BuildingPermitPkg=WBH - BP09; NWB_WBS00=WBH; NWB_WBS01=HO; NWB_WBS02=06; NWB_WBS03=TRA; NWB_WBS04=ME; NWB_WBS05=SI5; NWB_WBSCode=WBH-HO-06-TRA-ME-SI5
INFO | Candidate: NWB_AssetTypeCode | Scope=instance | Storage=String | ReadOnly=False | Shared=True | Id=7626182
INFO | Candidate: NWB_AssetID | Scope=instance | Storage=String | ReadOnly=False | Shared=True | Id=7626164
INFO | Candidate: NWB_AssetType | Scope=instance | Storage=String | ReadOnly=False | Shared=True | Id=7626181
INFO | Candidate: NWB_Discipline | Scope=instance | Storage=String | ReadOnly=False | Shared=True | Id=7626159
INFO | Candidate: NWB_Category | Scope=instance | Storage=String | ReadOnly=False | Shared=True | Id=7626160
INFO | Candidate: NWB_Department | Scope=instance | Storage=String | ReadOnly=False | Shared=True | Id=7626168
INFO | Candidate: NWB_RoomID | Scope=instance | Storage=String | ReadOnly=False | Shared=True | Id=7626177
INFO | Candidate: NWB_RoomName | Scope=instance | Storage=String | ReadOnly=False | Shared=True | Id=7626169
INFO | Candidate: NWB_System | Scope=instance | Storage=String | ReadOnly=False | Shared=True | Id=7626163
INFO | Candidate: NWB_UniclassCode | Scope=instance | Storage=String | ReadOnly=False | Shared=True | Id=7626165
INFO | Candidate: NWB_UniclassDescription | Scope=instance | Storage=String | ReadOnly=False | Shared=True | Id=7626166
INFO | Candidate: NWB_DesignPkg | Scope=instance | Storage=String | ReadOnly=False | Shared=True | Id=7626167
ERROR | Element 8378224 | Category=Ducts | Family= | Parameter=NWB_BuildingPermitPkg | Reason=missing | Writable sample: AHU, AHU_AreaServed, AHU_Serves, AHU_Type, AHU_ZoneNumber, Building_No, COMPLETE Y/N, Classification.OmniClass.21.Description_INSTANCE, Classification.OmniClass.21.Number_INSTANCE, Classification.OmniClass.22.Description_INSTANCE, Classification.OmniClass.22.Number_INSTANCE, Classification.OmniClass.23.Description_INSTANCE, Classification.OmniClass.23.Number_INSTANCE, Classification.UniFormat.2010.Description, Classification.UniFormat.2010.Number, Comments, DUCT NUMBER, Description BOM Suffix, Duct Number, Ductwork Insulation - Lining
INFO | Candidate: NWB_WBS00 | Scope=instance | Storage=String | ReadOnly=False | Shared=True | Id=9214738
INFO | Candidate: NWB_WBS01 | Scope=instance | Storage=String | ReadOnly=False | Shared=True | Id=9214798
INFO | Candidate: NWB_WBS02 | Scope=instance | Storage=String | ReadOnly=False | Shared=True | Id=9214786
INFO | Candidate: NWB_WBS03 | Scope=instance | Storage=String | ReadOnly=False | Shared=True | Id=9214750
INFO | Candidate: NWB_WBS04 | Scope=instance | Storage=String | ReadOnly=False | Shared=True | Id=9214762
INFO | Candidate: NWB_WBS05 | Scope=instance | Storage=String | ReadOnly=False | Shared=True | Id=9214810
INFO | Candidate: NWB_WBSCode | Scope=instance | Storage=String | ReadOnly=False | Shared=True | Id=9214774
SOURCE | Element 8378224 | Cat=Ducts | Family=Rectangular Duct | Type= | Level=LEVEL 06 | System=Supply Air | LinkedRoomLink=NWB-ACD-WBH-MH-MOD-0001 | LinkedRoomNumber=TRA.06.S05 | LinkedRoomName=Stair Core, 05 | LinkedRoomDept=Travel | LinkedRoomBuilding= | LinkedRoomSite= | LinkedRoomSource=self | ResolvedDept=Travel | ResolvedBuilding= | ResolvedSite= | DisciplineHint=mechanical | AssetCandidates=ducts, ductwork | WBS00=WBH | WBS01=HO | WBS03=TRA | DesignPkg=NWB-GEN-ME-SCM-1091-A | BuildingPermitPkg=WBH - BP09
ELEMENT | 8378224 | Cat=Ducts | AssetScore=45 | AssetTypeCode=MDUC | AssetType=Ductwork | AssetCategory=Ductwork | Targets=NWB_AssetTypeCode=MDUC; NWB_AssetID=MDUC-HO-06-8378224; NWB_AssetType=Ductwork; NWB_Discipline=ME; NWB_Category=Ductwork; NWB_Department=Travel; NWB_SubDepartment=; NWB_RoomID=TRA.06.S05; NWB_RoomName=Stair Core, 05; NWB_Material=; NWB_System=Supply Air; NWB_UniclassCode=Pr_65_65_25; NWB_UniclassDescription=Ductwork and fittings; NWB_DesignPkg=NWB-GEN-ME-SCM-1091-A; NWB_BuildingPermitPkg=WBH - BP09; NWB_WBS00=WBH; NWB_WBS01=HO; NWB_WBS02=06; NWB_WBS03=TRA; NWB_WBS04=ME; NWB_WBS05=SI5; NWB_WBSCode=WBH-HO-06-TRA-ME-SI5
INFO | Candidate: NWB_AssetTypeCode | Scope=instance | Storage=String | ReadOnly=False | Shared=True | Id=7626182
INFO | Candidate: NWB_AssetID | Scope=instance | Storage=String | ReadOnly=False | Shared=True | Id=7626164
INFO | Candidate: NWB_AssetType | Scope=instance | Storage=String | ReadOnly=False | Shared=True | Id=7626181
INFO | Candidate: NWB_Discipline | Scope=instance | Storage=String | ReadOnly=False | Shared=True | Id=7626159
INFO | Candidate: NWB_Category | Scope=instance | Storage=String | ReadOnly=False | Shared=True | Id=7626160
INFO | Candidate: NWB_System | Scope=instance | Storage=String | ReadOnly=False | Shared=True | Id=7626163
INFO | Candidate: NWB_UniclassCode | Scope=instance | Storage=String | ReadOnly=False | Shared=True | Id=7626165
INFO | Candidate: NWB_UniclassDescription | Scope=instance | Storage=String | ReadOnly=False | Shared=True | Id=7626166
INFO | Candidate: NWB_DesignPkg | Scope=instance | Storage=String | ReadOnly=False | Shared=True | Id=7626167
ERROR | Element 8378229 | Category=Ducts | Family= | Parameter=NWB_BuildingPermitPkg | Reason=missing | Writable sample: AHU, AHU_AreaServed, AHU_Serves, AHU_Type, AHU_ZoneNumber, Building_No, COMPLETE Y/N, Classification.OmniClass.21.Description_INSTANCE, Classification.OmniClass.21.Number_INSTANCE, Classification.OmniClass.22.Description_INSTANCE, Classification.OmniClass.22.Number_INSTANCE, Classification.OmniClass.23.Description_INSTANCE, Classification.OmniClass.23.Number_INSTANCE, Classification.UniFormat.2010.Description, Classification.UniFormat.2010.Number, Comments, DUCT NUMBER, Description BOM Suffix, Duct Number, Ductwork Insulation - Lining
INFO | Candidate: NWB_WBS00 | Scope=instance | Storage=String | ReadOnly=False | Shared=True | Id=9214738
INFO | Candidate: NWB_WBS01 | Scope=instance | Storage=String | ReadOnly=False | Shared=True | Id=9214798
INFO | Candidate: NWB_WBS02 | Scope=instance | Storage=String | ReadOnly=False | Shared=True | Id=9214786
INFO | Candidate: NWB_WBS03 | Scope=instance | Storage=String | ReadOnly=False | Shared=True | Id=9214750
INFO | Candidate: NWB_WBS04 | Scope=instance | Storage=String | ReadOnly=False | Shared=True | Id=9214762
INFO | Candidate: NWB_WBS05 | Scope=instance | Storage=String | ReadOnly=False | Shared=True | Id=9214810
INFO | Candidate: NWB_WBSCode | Scope=instance | Storage=String | ReadOnly=False | Shared=True | Id=9214774
SOURCE | Element 8378229 | Cat=Ducts | Family=Rectangular Duct | Type= | Level=LEVEL 06 | System=Supply Air | LinkedRoomLink= | LinkedRoomNumber= | LinkedRoomName= | LinkedRoomDept= | LinkedRoomBuilding= | LinkedRoomSite= | LinkedRoomSource=connected-miss:d4:visited1 | ResolvedDept= | ResolvedBuilding= | ResolvedSite= | DisciplineHint=mechanical | AssetCandidates=ducts, ductwork | WBS00=WBH | WBS01=HO | WBS03=Z00 | DesignPkg=NWB-GEN-ME-SCM-1091-A | BuildingPermitPkg=WBH - BP09
WARN | Element 8378229 | Department unresolved | ExistingNWBDepartment= | ExistingWBS00=WBH | ExistingWBS01=HO | ExistingDiscipline=ME
ELEMENT | 8378229 | Cat=Ducts | AssetScore=45 | AssetTypeCode=MDUC | AssetType=Ductwork | AssetCategory=Ductwork | Targets=NWB_AssetTypeCode=MDUC; NWB_AssetID=MDUC-HO-06-8378229; NWB_AssetType=Ductwork; NWB_Discipline=ME; NWB_Category=Ductwork; NWB_Department=; NWB_SubDepartment=; NWB_RoomID=; NWB_RoomName=; NWB_Material=; NWB_System=Supply Air; NWB_UniclassCode=Pr_65_65_25; NWB_UniclassDescription=Ductwork and fittings; NWB_DesignPkg=NWB-GEN-ME-SCM-1091-A; NWB_BuildingPermitPkg=WBH - BP09; NWB_WBS00=WBH; NWB_WBS01=HO; NWB_WBS02=06; NWB_WBS03=Z00; NWB_WBS04=ME; NWB_WBS05=SI5; NWB_WBSCode=WBH-HO-06-Z00-ME-SI5
INFO | Candidate: NWB_AssetTypeCode | Scope=instance | Storage=String | ReadOnly=False | Shared=True | Id=7626182
INFO | Candidate: NWB_AssetID | Scope=instance | Storage=String | ReadOnly=False | Shared=True | Id=7626164
INFO | Candidate: NWB_AssetType | Scope=instance | Storage=String | ReadOnly=False | Shared=True | Id=7626181
INFO | Candidate: NWB_Discipline | Scope=instance | Storage=String | ReadOnly=False | Shared=True | Id=7626159
INFO | Candidate: NWB_Category | Scope=instance | Storage=String | ReadOnly=False | Shared=True | Id=7626160
INFO | Candidate: NWB_Department | Scope=instance | Storage=String | ReadOnly=False | Shared=True | Id=7626168
INFO | Candidate: NWB_RoomID | Scope=instance | Storage=String | ReadOnly=False | Shared=True | Id=7626177
INFO | Candidate: NWB_RoomName | Scope=instance | Storage=String | ReadOnly=False | Shared=True | Id=7626169
INFO | Candidate: NWB_System | Scope=instance | Storage=String | ReadOnly=False | Shared=True | Id=7626163
INFO | Candidate: NWB_UniclassCode | Scope=instance | Storage=String | ReadOnly=False | Shared=True | Id=7626165
INFO | Candidate: NWB_UniclassDescription | Scope=instance | Storage=String | ReadOnly=False | Shared=True | Id=7626166
INFO | Candidate: NWB_DesignPkg | Scope=instance | Storage=String | ReadOnly=False | Shared=True | Id=7626167
ERROR | Element 8547926 | Category=Ducts | Family= | Parameter=NWB_BuildingPermitPkg | Reason=missing | Writable sample: AHU, AHU_AreaServed, AHU_Serves, AHU_Type, AHU_ZoneNumber, Building_No, COMPLETE Y/N, Classification.OmniClass.21.Description_INSTANCE, Classification.OmniClass.21.Number_INSTANCE, Classification.OmniClass.22.Description_INSTANCE, Classification.OmniClass.22.Number_INSTANCE, Classification.OmniClass.23.Description_INSTANCE, Classification.OmniClass.23.Number_INSTANCE, Classification.UniFormat.2010.Description, Classification.UniFormat.2010.Number, Comments, DUCT NUMBER, Description BOM Suffix, Duct Number, Ductwork Insulation - Lining
INFO | Candidate: NWB_WBS00 | Scope=instance | Storage=String | ReadOnly=False | Shared=True | Id=9214738
INFO | Candidate: NWB_WBS01 | Scope=instance | Storage=String | ReadOnly=False | Shared=True | Id=9214798
INFO | Candidate: NWB_WBS02 | Scope=instance | Storage=String | ReadOnly=False | Shared=True | Id=9214786
INFO | Candidate: NWB_WBS03 | Scope=instance | Storage=String | ReadOnly=False | Shared=True | Id=9214750
INFO | Candidate: NWB_WBS04 | Scope=instance | Storage=String | ReadOnly=False | Shared=True | Id=9214762
INFO | Candidate: NWB_WBS05 | Scope=instance | Storage=String | ReadOnly=False | Shared=True | Id=9214810
INFO | Candidate: NWB_WBSCode | Scope=instance | Storage=String | ReadOnly=False | Shared=True | Id=9214774
SOURCE | Element 8547926 | Cat=Ducts | Family=Rectangular Duct | Type= | Level=LEVEL 06 | System=Supply Air | LinkedRoomLink=NWB-ACD-WBH-MH-MOD-0001 | LinkedRoomNumber=TRA.06.S05 | LinkedRoomName=Stair Core, 05 | LinkedRoomDept=Travel | LinkedRoomBuilding= | LinkedRoomSite= | LinkedRoomSource=connected:d2:7778522:Ducts | ResolvedDept=Travel | ResolvedBuilding= | ResolvedSite= | DisciplineHint=mechanical | AssetCandidates=ducts, ductwork | WBS00=WBH | WBS01=HO | WBS03=TRA | DesignPkg=NWB-GEN-ME-SCM-1091-A | BuildingPermitPkg=WBH - BP09
ELEMENT | 8547926 | Cat=Ducts | AssetScore=45 | AssetTypeCode=MDUC | AssetType=Ductwork | AssetCategory=Ductwork | Targets=NWB_AssetTypeCode=MDUC; NWB_AssetID=MDUC-HO-06-8547926; NWB_AssetType=Ductwork; NWB_Discipline=ME; NWB_Category=Ductwork; NWB_Department=Travel; NWB_SubDepartment=; NWB_RoomID=TRA.06.S05; NWB_RoomName=Stair Core, 05; NWB_Material=; NWB_System=Supply Air; NWB_UniclassCode=Pr_65_65_25; NWB_UniclassDescription=Ductwork and fittings; NWB_DesignPkg=NWB-GEN-ME-SCM-1091-A; NWB_BuildingPermitPkg=WBH - BP09; NWB_WBS00=WBH; NWB_WBS01=HO; NWB_WBS02=06; NWB_WBS03=TRA; NWB_WBS04=ME; NWB_WBS05=SI5; NWB_WBSCode=WBH-HO-06-TRA-ME-SI5
INFO | Candidate: NWB_AssetTypeCode | Scope=instance | Storage=String | ReadOnly=False | Shared=True | Id=7626182
INFO | Candidate: NWB_AssetID | Scope=instance | Storage=String | ReadOnly=False | Shared=True | Id=7626164
INFO | Candidate: NWB_AssetType | Scope=instance | Storage=String | ReadOnly=False | Shared=True | Id=7626181
INFO | Candidate: NWB_Discipline | Scope=instance | Storage=String | ReadOnly=False | Shared=True | Id=7626159
INFO | Candidate: NWB_Category | Scope=instance | Storage=String | ReadOnly=False | Shared=True | Id=7626160
INFO | Candidate: NWB_System | Scope=instance | Storage=String | ReadOnly=False | Shared=True | Id=7626163
INFO | Candidate: NWB_UniclassCode | Scope=instance | Storage=String | ReadOnly=False | Shared=True | Id=7626165
INFO | Candidate: NWB_UniclassDescription | Scope=instance | Storage=String | ReadOnly=False | Shared=True | Id=7626166
INFO | Candidate: NWB_DesignPkg | Scope=instance | Storage=String | ReadOnly=False | Shared=True | Id=7626167
ERROR | Element 8827613 | Category=Ducts | Family= | Parameter=NWB_BuildingPermitPkg | Reason=missing | Writable sample: AHU, AHU_AreaServed, AHU_Serves, AHU_Type, AHU_ZoneNumber, Building_No, COMPLETE Y/N, Classification.OmniClass.21.Description_INSTANCE, Classification.OmniClass.21.Number_INSTANCE, Classification.OmniClass.22.Description_INSTANCE, Classification.OmniClass.22.Number_INSTANCE, Classification.OmniClass.23.Description_INSTANCE, Classification.OmniClass.23.Number_INSTANCE, Classification.UniFormat.2010.Description, Classification.UniFormat.2010.Number, Comments, DUCT NUMBER, Description BOM Suffix, Duct Number, Ductwork Insulation - Lining
INFO | Candidate: NWB_WBS00 | Scope=instance | Storage=String | ReadOnly=False | Shared=True | Id=9214738
INFO | Candidate: NWB_WBS01 | Scope=instance | Storage=String | ReadOnly=False | Shared=True | Id=9214798
INFO | Candidate: NWB_WBS02 | Scope=instance | Storage=String | ReadOnly=False | Shared=True | Id=9214786
INFO | Candidate: NWB_WBS03 | Scope=instance | Storage=String | ReadOnly=False | Shared=True | Id=9214750
INFO | Candidate: NWB_WBS04 | Scope=instance | Storage=String | ReadOnly=False | Shared=True | Id=9214762
INFO | Candidate: NWB_WBS05 | Scope=instance | Storage=String | ReadOnly=False | Shared=True | Id=9214810
INFO | Candidate: NWB_WBSCode | Scope=instance | Storage=String | ReadOnly=False | Shared=True | Id=9214774
SOURCE | Element 8827613 | Cat=Ducts | Family=Rectangular Duct | Type= | Level=LEVEL 06 | System=Supply Air | LinkedRoomLink= | LinkedRoomNumber= | LinkedRoomName= | LinkedRoomDept= | LinkedRoomBuilding= | LinkedRoomSite= | LinkedRoomSource=connected-miss:d4:visited2 | ResolvedDept= | ResolvedBuilding= | ResolvedSite= | DisciplineHint=mechanical | AssetCandidates=ducts, ductwork | WBS00=WBH | WBS01=HO | WBS03=Z00 | DesignPkg=NWB-GEN-ME-SCM-1091-A | BuildingPermitPkg=WBH - BP09
WARN | Element 8827613 | Department unresolved | ExistingNWBDepartment= | ExistingWBS00=WBH | ExistingWBS01=HO | ExistingDiscipline=ME
ELEMENT | 8827613 | Cat=Ducts | AssetScore=45 | AssetTypeCode=MDUC | AssetType=Ductwork | AssetCategory=Ductwork | Targets=NWB_AssetTypeCode=MDUC; NWB_AssetID=MDUC-HO-06-8827613; NWB_AssetType=Ductwork; NWB_Discipline=ME; NWB_Category=Ductwork; NWB_Department=; NWB_SubDepartment=; NWB_RoomID=; NWB_RoomName=; NWB_Material=; NWB_System=Supply Air; NWB_UniclassCode=Pr_65_65_25; NWB_UniclassDescription=Ductwork and fittings; NWB_DesignPkg=NWB-GEN-ME-SCM-1091-A; NWB_BuildingPermitPkg=WBH - BP09; NWB_WBS00=WBH; NWB_WBS01=HO; NWB_WBS02=06; NWB_WBS03=Z00; NWB_WBS04=ME; NWB_WBS05=SI5; NWB_WBSCode=WBH-HO-06-Z00-ME-SI5
INFO | Candidate: NWB_AssetTypeCode | Scope=instance | Storage=String | ReadOnly=False | Shared=True | Id=7626182
INFO | Candidate: NWB_AssetID | Scope=instance | Storage=String | ReadOnly=False | Shared=True | Id=7626164
INFO | Candidate: NWB_AssetType | Scope=instance | Storage=String | ReadOnly=False | Shared=True | Id=7626181
INFO | Candidate: NWB_Discipline | Scope=instance | Storage=String | ReadOnly=False | Shared=True | Id=7626159
INFO | Candidate: NWB_Category | Scope=instance | Storage=String | ReadOnly=False | Shared=True | Id=7626160
INFO | Candidate: NWB_Department | Scope=instance | Storage=String | ReadOnly=False | Shared=True | Id=7626168
INFO | Candidate: NWB_RoomID | Scope=instance | Storage=String | ReadOnly=False | Shared=True | Id=7626177
INFO | Candidate: NWB_RoomName | Scope=instance | Storage=String | ReadOnly=False | Shared=True | Id=7626169
INFO | Candidate: NWB_System | Scope=instance | Storage=String | ReadOnly=False | Shared=True | Id=7626163
INFO | Candidate: NWB_UniclassCode | Scope=instance | Storage=String | ReadOnly=False | Shared=True | Id=7626165
INFO | Candidate: NWB_UniclassDescription | Scope=instance | Storage=String | ReadOnly=False | Shared=True | Id=7626166
INFO | Candidate: NWB_DesignPkg | Scope=instance | Storage=String | ReadOnly=False | Shared=True | Id=7626167
ERROR | Element 8834991 | Category=Ducts | Family= | Parameter=NWB_BuildingPermitPkg | Reason=missing | Writable sample: AHU, AHU_AreaServed, AHU_Serves, AHU_Type, AHU_ZoneNumber, Building_No, COMPLETE Y/N, Classification.OmniClass.21.Description_INSTANCE, Classification.OmniClass.21.Number_INSTANCE, Classification.OmniClass.22.Description_INSTANCE, Classification.OmniClass.22.Number_INSTANCE, Classification.OmniClass.23.Description_INSTANCE, Classification.OmniClass.23.Number_INSTANCE, Classification.UniFormat.2010.Description, Classification.UniFormat.2010.Number, Comments, DUCT NUMBER, Description BOM Suffix, Duct Number, Ductwork Insulation - Lining
INFO | Candidate: NWB_WBS00 | Scope=instance | Storage=String | ReadOnly=False | Shared=True | Id=9214738
INFO | Candidate: NWB_WBS01 | Scope=instance | Storage=String | ReadOnly=False | Shared=True | Id=9214798
INFO | Candidate: NWB_WBS02 | Scope=instance | Storage=String | ReadOnly=False | Shared=True | Id=9214786
INFO | Candidate: NWB_WBS03 | Scope=instance | Storage=String | ReadOnly=False | Shared=True | Id=9214750
INFO | Candidate: NWB_WBS04 | Scope=instance | Storage=String | ReadOnly=False | Shared=True | Id=9214762
INFO | Candidate: NWB_WBS05 | Scope=instance | Storage=String | ReadOnly=False | Shared=True | Id=9214810
INFO | Candidate: NWB_WBSCode | Scope=instance | Storage=String | ReadOnly=False | Shared=True | Id=9214774
SOURCE | Element 8834991 | Cat=Ducts | Family=Rectangular Duct | Type= | Level=LEVEL 06 | System=Supply Air | LinkedRoomLink=NWB-ACD-WBH-MH-MOD-0001 | LinkedRoomNumber=ENG.06.905 | LinkedRoomName=Plant Room | LinkedRoomDept=Engineering | LinkedRoomBuilding= | LinkedRoomSite= | LinkedRoomSource=self | ResolvedDept=Engineering | ResolvedBuilding= | ResolvedSite= | DisciplineHint=mechanical | AssetCandidates=ducts, ductwork | WBS00=WBH | WBS01=HO | WBS03=ENG | DesignPkg=NWB-GEN-ME-SCM-1091-A | BuildingPermitPkg=WBH - BP09
ELEMENT | 8834991 | Cat=Ducts | AssetScore=45 | AssetTypeCode=MDUC | AssetType=Ductwork | AssetCategory=Ductwork | Targets=NWB_AssetTypeCode=MDUC; NWB_AssetID=MDUC-HO-06-8834991; NWB_AssetType=Ductwork; NWB_Discipline=ME; NWB_Category=Ductwork; NWB_Department=Engineering; NWB_SubDepartment=; NWB_RoomID=ENG.06.905; NWB_RoomName=Plant Room; NWB_Material=; NWB_System=Supply Air; NWB_UniclassCode=Pr_65_65_25; NWB_UniclassDescription=Ductwork and fittings; NWB_DesignPkg=NWB-GEN-ME-SCM-1091-A; NWB_BuildingPermitPkg=WBH - BP09; NWB_WBS00=WBH; NWB_WBS01=HO; NWB_WBS02=06; NWB_WBS03=ENG; NWB_WBS04=ME; NWB_WBS05=SI5; NWB_WBSCode=WBH-HO-06-ENG-ME-SI5
INFO | Candidate: NWB_AssetTypeCode | Scope=instance | Storage=String | ReadOnly=False | Shared=True | Id=7626182
INFO | Candidate: NWB_AssetID | Scope=instance | Storage=String | ReadOnly=False | Shared=True | Id=7626164
INFO | Candidate: NWB_AssetType | Scope=instance | Storage=String | ReadOnly=False | Shared=True | Id=7626181
INFO | Candidate: NWB_Discipline | Scope=instance | Storage=String | ReadOnly=False | Shared=True | Id=7626159
INFO | Candidate: NWB_Category | Scope=instance | Storage=String | ReadOnly=False | Shared=True | Id=7626160
INFO | Candidate: NWB_Department | Scope=instance | Storage=String | ReadOnly=False | Shared=True | Id=7626168
INFO | Writing INSTANCE parameter 'NWB_Department' on element 8924807
INFO | Element 8924807 | NWB_Department | Kind=Shared Parameter | Scope=instance | Storage=String | Old='' | New='Engineering'
INFO | Candidate: NWB_RoomID | Scope=instance | Storage=String | ReadOnly=False | Shared=True | Id=7626177
INFO | Writing INSTANCE parameter 'NWB_RoomID' on element 8924807
INFO | Element 8924807 | NWB_RoomID | Kind=Shared Parameter | Scope=instance | Storage=String | Old='' | New='ENG.07.R10'
INFO | Candidate: NWB_RoomName | Scope=instance | Storage=String | ReadOnly=False | Shared=True | Id=7626169
INFO | Writing INSTANCE parameter 'NWB_RoomName' on element 8924807
INFO | Element 8924807 | NWB_RoomName | Kind=Shared Parameter | Scope=instance | Storage=String | Old='' | New='Mechanical Riser, M10'
INFO | Candidate: NWB_System | Scope=instance | Storage=String | ReadOnly=False | Shared=True | Id=7626163
INFO | Candidate: NWB_UniclassCode | Scope=instance | Storage=String | ReadOnly=False | Shared=True | Id=7626165
INFO | Candidate: NWB_UniclassDescription | Scope=instance | Storage=String | ReadOnly=False | Shared=True | Id=7626166
INFO | Candidate: NWB_DesignPkg | Scope=instance | Storage=String | ReadOnly=False | Shared=True | Id=7626167
ERROR | Element 8924807 | Category=Ducts | Family= | Parameter=NWB_BuildingPermitPkg | Reason=missing | Writable sample: AHU, AHU_AreaServed, AHU_Serves, AHU_Type, AHU_ZoneNumber, Building_No, COMPLETE Y/N, Classification.OmniClass.21.Description_INSTANCE, Classification.OmniClass.21.Number_INSTANCE, Classification.OmniClass.22.Description_INSTANCE, Classification.OmniClass.22.Number_INSTANCE, Classification.OmniClass.23.Description_INSTANCE, Classification.OmniClass.23.Number_INSTANCE, Classification.UniFormat.2010.Description, Classification.UniFormat.2010.Number, Comments, DUCT NUMBER, Description BOM Suffix, Duct Number, Ductwork Insulation - Lining
INFO | Candidate: NWB_WBS00 | Scope=instance | Storage=String | ReadOnly=False | Shared=True | Id=9214738
INFO | Candidate: NWB_WBS01 | Scope=instance | Storage=String | ReadOnly=False | Shared=True | Id=9214798
INFO | Candidate: NWB_WBS02 | Scope=instance | Storage=String | ReadOnly=False | Shared=True | Id=9214786
INFO | Candidate: NWB_WBS03 | Scope=instance | Storage=String | ReadOnly=False | Shared=True | Id=9214750
INFO | Writing INSTANCE parameter 'NWB_WBS03' on element 8924807
INFO | Element 8924807 | NWB_WBS03 | Kind=Shared Parameter | Scope=instance | Storage=String | Old='Z00' | New='ENG'
INFO | Candidate: NWB_WBS04 | Scope=instance | Storage=String | ReadOnly=False | Shared=True | Id=9214762
INFO | Candidate: NWB_WBS05 | Scope=instance | Storage=String | ReadOnly=False | Shared=True | Id=9214810
INFO | Candidate: NWB_WBSCode | Scope=instance | Storage=String | ReadOnly=False | Shared=True | Id=9214774
INFO | Writing INSTANCE parameter 'NWB_WBSCode' on element 8924807
INFO | Element 8924807 | NWB_WBSCode | Kind=Shared Parameter | Scope=instance | Storage=String | Old='WBH-HO-07-Z00-ME-SI5' | New='WBH-HO-07-ENG-ME-SI5'
SOURCE | Element 8924807 | Cat=Ducts | Family=Rectangular Duct | Type= | Level=LEVEL 07 | System=Return Air | LinkedRoomLink=NWB-ACD-WBH-MH-MOD-0001 | LinkedRoomNumber=ENG.07.R10 | LinkedRoomName=Mechanical Riser, M10 | LinkedRoomDept=Engineering | LinkedRoomBuilding= | LinkedRoomSite= | LinkedRoomSource=self | ResolvedDept=Engineering | ResolvedBuilding= | ResolvedSite= | DisciplineHint=mechanical | AssetCandidates=ducts, ductwork | WBS00=WBH | WBS01=HO | WBS03=ENG | DesignPkg=NWB-GEN-ME-SCM-1091-A | BuildingPermitPkg=WBH - BP09
ELEMENT | 8924807 | Cat=Ducts | AssetScore=45 | AssetTypeCode=MDUC | AssetType=Ductwork | AssetCategory=Ductwork | Targets=NWB_AssetTypeCode=MDUC; NWB_AssetID=MDUC-HO-07-8924807; NWB_AssetType=Ductwork; NWB_Discipline=ME; NWB_Category=Ductwork; NWB_Department=Engineering; NWB_SubDepartment=; NWB_RoomID=ENG.07.R10; NWB_RoomName=Mechanical Riser, M10; NWB_Material=; NWB_System=Return Air; NWB_UniclassCode=Pr_65_65_25; NWB_UniclassDescription=Ductwork and fittings; NWB_DesignPkg=NWB-GEN-ME-SCM-1091-A; NWB_BuildingPermitPkg=WBH - BP09; NWB_WBS00=WBH; NWB_WBS01=HO; NWB_WBS02=07; NWB_WBS03=ENG; NWB_WBS04=ME; NWB_WBS05=SI5; NWB_WBSCode=WBH-HO-07-ENG-ME-SI5
INFO | Candidate: NWB_AssetTypeCode | Scope=instance | Storage=String | ReadOnly=False | Shared=True | Id=7626182
INFO | Candidate: NWB_AssetID | Scope=instance | Storage=String | ReadOnly=False | Shared=True | Id=7626164
INFO | Candidate: NWB_AssetType | Scope=instance | Storage=String | ReadOnly=False | Shared=True | Id=7626181
INFO | Candidate: NWB_Discipline | Scope=instance | Storage=String | ReadOnly=False | Shared=True | Id=7626159
INFO | Candidate: NWB_Category | Scope=instance | Storage=String | ReadOnly=False | Shared=True | Id=7626160
INFO | Candidate: NWB_Department | Scope=instance | Storage=String | ReadOnly=False | Shared=True | Id=7626168
INFO | Writing INSTANCE parameter 'NWB_Department' on element 8924854
INFO | Element 8924854 | NWB_Department | Kind=Shared Parameter | Scope=instance | Storage=String | Old='' | New='Engineering'
INFO | Candidate: NWB_RoomID | Scope=instance | Storage=String | ReadOnly=False | Shared=True | Id=7626177
INFO | Writing INSTANCE parameter 'NWB_RoomID' on element 8924854
INFO | Element 8924854 | NWB_RoomID | Kind=Shared Parameter | Scope=instance | Storage=String | Old='' | New='ENG.06.905'
INFO | Candidate: NWB_RoomName | Scope=instance | Storage=String | ReadOnly=False | Shared=True | Id=7626169
INFO | Writing INSTANCE parameter 'NWB_RoomName' on element 8924854
INFO | Element 8924854 | NWB_RoomName | Kind=Shared Parameter | Scope=instance | Storage=String | Old='' | New='Plant Room'
INFO | Candidate: NWB_System | Scope=instance | Storage=String | ReadOnly=False | Shared=True | Id=7626163
INFO | Candidate: NWB_UniclassCode | Scope=instance | Storage=String | ReadOnly=False | Shared=True | Id=7626165
INFO | Candidate: NWB_UniclassDescription | Scope=instance | Storage=String | ReadOnly=False | Shared=True | Id=7626166
INFO | Candidate: NWB_DesignPkg | Scope=instance | Storage=String | ReadOnly=False | Shared=True | Id=7626167
ERROR | Element 8924854 | Category=Ducts | Family= | Parameter=NWB_BuildingPermitPkg | Reason=missing | Writable sample: AHU, AHU_AreaServed, AHU_Serves, AHU_Type, AHU_ZoneNumber, Building_No, COMPLETE Y/N, Classification.OmniClass.21.Description_INSTANCE, Classification.OmniClass.21.Number_INSTANCE, Classification.OmniClass.22.Description_INSTANCE, Classification.OmniClass.22.Number_INSTANCE, Classification.OmniClass.23.Description_INSTANCE, Classification.OmniClass.23.Number_INSTANCE, Classification.UniFormat.2010.Description, Classification.UniFormat.2010.Number, Comments, DUCT NUMBER, Description BOM Suffix, Duct Number, Ductwork Insulation - Lining
INFO | Candidate: NWB_WBS00 | Scope=instance | Storage=String | ReadOnly=False | Shared=True | Id=9214738
INFO | Candidate: NWB_WBS01 | Scope=instance | Storage=String | ReadOnly=False | Shared=True | Id=9214798
INFO | Candidate: NWB_WBS02 | Scope=instance | Storage=String | ReadOnly=False | Shared=True | Id=9214786
INFO | Candidate: NWB_WBS03 | Scope=instance | Storage=String | ReadOnly=False | Shared=True | Id=9214750
INFO | Writing INSTANCE parameter 'NWB_WBS03' on element 8924854
INFO | Element 8924854 | NWB_WBS03 | Kind=Shared Parameter | Scope=instance | Storage=String | Old='Z00' | New='ENG'
INFO | Candidate: NWB_WBS04 | Scope=instance | Storage=String | ReadOnly=False | Shared=True | Id=9214762
INFO | Candidate: NWB_WBS05 | Scope=instance | Storage=String | ReadOnly=False | Shared=True | Id=9214810
INFO | Candidate: NWB_WBSCode | Scope=instance | Storage=String | ReadOnly=False | Shared=True | Id=9214774
INFO | Writing INSTANCE parameter 'NWB_WBSCode' on element 8924854
INFO | Element 8924854 | NWB_WBSCode | Kind=Shared Parameter | Scope=instance | Storage=String | Old='WBH-HO-07-Z00-ME-SI5' | New='WBH-HO-07-ENG-ME-SI5'
SOURCE | Element 8924854 | Cat=Ducts | Family=Rectangular Duct | Type= | Level=LEVEL 07 | System=Return Air | LinkedRoomLink=NWB-ACD-WBH-MH-MOD-0001 | LinkedRoomNumber=ENG.06.905 | LinkedRoomName=Plant Room | LinkedRoomDept=Engineering | LinkedRoomBuilding= | LinkedRoomSite= | LinkedRoomSource=self | ResolvedDept=Engineering | ResolvedBuilding= | ResolvedSite= | DisciplineHint=mechanical | AssetCandidates=ducts, ductwork | WBS00=WBH | WBS01=HO | WBS03=ENG | DesignPkg=NWB-GEN-ME-SCM-1091-A | BuildingPermitPkg=WBH - BP09
ELEMENT | 8924854 | Cat=Ducts | AssetScore=45 | AssetTypeCode=MDUC | AssetType=Ductwork | AssetCategory=Ductwork | Targets=NWB_AssetTypeCode=MDUC; NWB_AssetID=MDUC-HO-07-8924854; NWB_AssetType=Ductwork; NWB_Discipline=ME; NWB_Category=Ductwork; NWB_Department=Engineering; NWB_SubDepartment=; NWB_RoomID=ENG.06.905; NWB_RoomName=Plant Room; NWB_Material=; NWB_System=Return Air; NWB_UniclassCode=Pr_65_65_25; NWB_UniclassDescription=Ductwork and fittings; NWB_DesignPkg=NWB-GEN-ME-SCM-1091-A; NWB_BuildingPermitPkg=WBH - BP09; NWB_WBS00=WBH; NWB_WBS01=HO; NWB_WBS02=07; NWB_WBS03=ENG; NWB_WBS04=ME; NWB_WBS05=SI5; NWB_WBSCode=WBH-HO-07-ENG-ME-SI5
INFO | Candidate: NWB_AssetTypeCode | Scope=instance | Storage=String | ReadOnly=False | Shared=True | Id=7626182
INFO | Candidate: NWB_AssetID | Scope=instance | Storage=String | ReadOnly=False | Shared=True | Id=7626164
INFO | Candidate: NWB_AssetType | Scope=instance | Storage=String | ReadOnly=False | Shared=True | Id=7626181
INFO | Candidate: NWB_Discipline | Scope=instance | Storage=String | ReadOnly=False | Shared=True | Id=7626159
INFO | Candidate: NWB_Category | Scope=instance | Storage=String | ReadOnly=False | Shared=True | Id=7626160
INFO | Candidate: NWB_Department | Scope=instance | Storage=String | ReadOnly=False | Shared=True | Id=7626168
INFO | Writing INSTANCE parameter 'NWB_Department' on element 8924968
INFO | Element 8924968 | NWB_Department | Kind=Shared Parameter | Scope=instance | Storage=String | Old='' | New='Engineering'
INFO | Candidate: NWB_RoomID | Scope=instance | Storage=String | ReadOnly=False | Shared=True | Id=7626177
INFO | Writing INSTANCE parameter 'NWB_RoomID' on element 8924968
INFO | Element 8924968 | NWB_RoomID | Kind=Shared Parameter | Scope=instance | Storage=String | Old='' | New='ENG.07.R10'
INFO | Candidate: NWB_RoomName | Scope=instance | Storage=String | ReadOnly=False | Shared=True | Id=7626169
INFO | Writing INSTANCE parameter 'NWB_RoomName' on element 8924968
INFO | Element 8924968 | NWB_RoomName | Kind=Shared Parameter | Scope=instance | Storage=String | Old='' | New='Mechanical Riser, M10'
INFO | Candidate: NWB_System | Scope=instance | Storage=String | ReadOnly=False | Shared=True | Id=7626163
INFO | Candidate: NWB_UniclassCode | Scope=instance | Storage=String | ReadOnly=False | Shared=True | Id=7626165
INFO | Candidate: NWB_UniclassDescription | Scope=instance | Storage=String | ReadOnly=False | Shared=True | Id=7626166
INFO | Candidate: NWB_DesignPkg | Scope=instance | Storage=String | ReadOnly=False | Shared=True | Id=7626167
ERROR | Element 8924968 | Category=Ducts | Family= | Parameter=NWB_BuildingPermitPkg | Reason=missing | Writable sample: AHU, AHU_AreaServed, AHU_Serves, AHU_Type, AHU_ZoneNumber, Building_No, COMPLETE Y/N, Classification.OmniClass.21.Description_INSTANCE, Classification.OmniClass.21.Number_INSTANCE, Classification.OmniClass.22.Description_INSTANCE, Classification.OmniClass.22.Number_INSTANCE, Classification.OmniClass.23.Description_INSTANCE, Classification.OmniClass.23.Number_INSTANCE, Classification.UniFormat.2010.Description, Classification.UniFormat.2010.Number, Comments, DUCT NUMBER, Description BOM Suffix, Duct Number, Ductwork Insulation - Lining
INFO | Candidate: NWB_WBS00 | Scope=instance | Storage=String | ReadOnly=False | Shared=True | Id=9214738
INFO | Candidate: NWB_WBS01 | Scope=instance | Storage=String | ReadOnly=False | Shared=True | Id=9214798
INFO | Candidate: NWB_WBS02 | Scope=instance | Storage=String | ReadOnly=False | Shared=True | Id=9214786
INFO | Candidate: NWB_WBS03 | Scope=instance | Storage=String | ReadOnly=False | Shared=True | Id=9214750
INFO | Writing INSTANCE parameter 'NWB_WBS03' on element 8924968
INFO | Element 8924968 | NWB_WBS03 | Kind=Shared Parameter | Scope=instance | Storage=String | Old='Z00' | New='ENG'
INFO | Candidate: NWB_WBS04 | Scope=instance | Storage=String | ReadOnly=False | Shared=True | Id=9214762
INFO | Candidate: NWB_WBS05 | Scope=instance | Storage=String | ReadOnly=False | Shared=True | Id=9214810
INFO | Candidate: NWB_WBSCode | Scope=instance | Storage=String | ReadOnly=False | Shared=True | Id=9214774
INFO | Writing INSTANCE parameter 'NWB_WBSCode' on element 8924968
INFO | Element 8924968 | NWB_WBSCode | Kind=Shared Parameter | Scope=instance | Storage=String | Old='WBH-HO-07-Z00-ME-SI5' | New='WBH-HO-07-ENG-ME-SI5'
SOURCE | Element 8924968 | Cat=Ducts | Family=Rectangular Duct | Type= | Level=LEVEL 07 | System=Supply Air | LinkedRoomLink=NWB-ACD-WBH-MH-MOD-0001 | LinkedRoomNumber=ENG.07.R10 | LinkedRoomName=Mechanical Riser, M10 | LinkedRoomDept=Engineering | LinkedRoomBuilding= | LinkedRoomSite= | LinkedRoomSource=self | ResolvedDept=Engineering | ResolvedBuilding= | ResolvedSite= | DisciplineHint=mechanical | AssetCandidates=ducts, ductwork | WBS00=WBH | WBS01=HO | WBS03=ENG | DesignPkg=NWB-GEN-ME-SCM-1091-A | BuildingPermitPkg=WBH - BP09
ELEMENT | 8924968 | Cat=Ducts | AssetScore=45 | AssetTypeCode=MDUC | AssetType=Ductwork | AssetCategory=Ductwork | Targets=NWB_AssetTypeCode=MDUC; NWB_AssetID=MDUC-HO-07-8924968; NWB_AssetType=Ductwork; NWB_Discipline=ME; NWB_Category=Ductwork; NWB_Department=Engineering; NWB_SubDepartment=; NWB_RoomID=ENG.07.R10; NWB_RoomName=Mechanical Riser, M10; NWB_Material=; NWB_System=Supply Air; NWB_UniclassCode=Pr_65_65_25; NWB_UniclassDescription=Ductwork and fittings; NWB_DesignPkg=NWB-GEN-ME-SCM-1091-A; NWB_BuildingPermitPkg=WBH - BP09; NWB_WBS00=WBH; NWB_WBS01=HO; NWB_WBS02=07; NWB_WBS03=ENG; NWB_WBS04=ME; NWB_WBS05=SI5; NWB_WBSCode=WBH-HO-07-ENG-ME-SI5
INFO | Candidate: NWB_AssetTypeCode | Scope=instance | Storage=String | ReadOnly=False | Shared=True | Id=7626182
INFO | Candidate: NWB_AssetID | Scope=instance | Storage=String | ReadOnly=False | Shared=True | Id=7626164
INFO | Candidate: NWB_AssetType | Scope=instance | Storage=String | ReadOnly=False | Shared=True | Id=7626181
INFO | Candidate: NWB_Discipline | Scope=instance | Storage=String | ReadOnly=False | Shared=True | Id=7626159
INFO | Candidate: NWB_Category | Scope=instance | Storage=String | ReadOnly=False | Shared=True | Id=7626160
INFO | Candidate: NWB_Department | Scope=instance | Storage=String | ReadOnly=False | Shared=True | Id=7626168
INFO | Writing INSTANCE parameter 'NWB_Department' on element 8924975
INFO | Element 8924975 | NWB_Department | Kind=Shared Parameter | Scope=instance | Storage=String | Old='' | New='Engineering'
INFO | Candidate: NWB_RoomID | Scope=instance | Storage=String | ReadOnly=False | Shared=True | Id=7626177
INFO | Writing INSTANCE parameter 'NWB_RoomID' on element 8924975
INFO | Element 8924975 | NWB_RoomID | Kind=Shared Parameter | Scope=instance | Storage=String | Old='' | New='ENG.06.905'
INFO | Candidate: NWB_RoomName | Scope=instance | Storage=String | ReadOnly=False | Shared=True | Id=7626169
INFO | Writing INSTANCE parameter 'NWB_RoomName' on element 8924975
INFO | Element 8924975 | NWB_RoomName | Kind=Shared Parameter | Scope=instance | Storage=String | Old='' | New='Plant Room'
INFO | Candidate: NWB_System | Scope=instance | Storage=String | ReadOnly=False | Shared=True | Id=7626163
INFO | Candidate: NWB_UniclassCode | Scope=instance | Storage=String | ReadOnly=False | Shared=True | Id=7626165
INFO | Candidate: NWB_UniclassDescription | Scope=instance | Storage=String | ReadOnly=False | Shared=True | Id=7626166
INFO | Candidate: NWB_DesignPkg | Scope=instance | Storage=String | ReadOnly=False | Shared=True | Id=7626167
ERROR | Element 8924975 | Category=Ducts | Family= | Parameter=NWB_BuildingPermitPkg | Reason=missing | Writable sample: AHU, AHU_AreaServed, AHU_Serves, AHU_Type, AHU_ZoneNumber, Building_No, COMPLETE Y/N, Classification.OmniClass.21.Description_INSTANCE, Classification.OmniClass.21.Number_INSTANCE, Classification.OmniClass.22.Description_INSTANCE, Classification.OmniClass.22.Number_INSTANCE, Classification.OmniClass.23.Description_INSTANCE, Classification.OmniClass.23.Number_INSTANCE, Classification.UniFormat.2010.Description, Classification.UniFormat.2010.Number, Comments, DUCT NUMBER, Description BOM Suffix, Duct Number, Ductwork Insulation - Lining
INFO | Candidate: NWB_WBS00 | Scope=instance | Storage=String | ReadOnly=False | Shared=True | Id=9214738
INFO | Candidate: NWB_WBS01 | Scope=instance | Storage=String | ReadOnly=False | Shared=True | Id=9214798
INFO | Candidate: NWB_WBS02 | Scope=instance | Storage=String | ReadOnly=False | Shared=True | Id=9214786
INFO | Candidate: NWB_WBS03 | Scope=instance | Storage=String | ReadOnly=False | Shared=True | Id=9214750
INFO | Writing INSTANCE parameter 'NWB_WBS03' on element 8924975
INFO | Element 8924975 | NWB_WBS03 | Kind=Shared Parameter | Scope=instance | Storage=String | Old='Z00' | New='ENG'
INFO | Candidate: NWB_WBS04 | Scope=instance | Storage=String | ReadOnly=False | Shared=True | Id=9214762
INFO | Candidate: NWB_WBS05 | Scope=instance | Storage=String | ReadOnly=False | Shared=True | Id=9214810
INFO | Candidate: NWB_WBSCode | Scope=instance | Storage=String | ReadOnly=False | Shared=True | Id=9214774
INFO | Writing INSTANCE parameter 'NWB_WBSCode' on element 8924975
INFO | Element 8924975 | NWB_WBSCode | Kind=Shared Parameter | Scope=instance | Storage=String | Old='WBH-HO-06-Z00-ME-SI5' | New='WBH-HO-06-ENG-ME-SI5'
SOURCE | Element 8924975 | Cat=Ducts | Family=Rectangular Duct | Type= | Level=LEVEL 06 | System=Return Air | LinkedRoomLink=NWB-ACD-WBH-MH-MOD-0001 | LinkedRoomNumber=ENG.06.905 | LinkedRoomName=Plant Room | LinkedRoomDept=Engineering | LinkedRoomBuilding= | LinkedRoomSite= | LinkedRoomSource=self | ResolvedDept=Engineering | ResolvedBuilding= | ResolvedSite= | DisciplineHint=mechanical | AssetCandidates=ducts, ductwork | WBS00=WBH | WBS01=HO | WBS03=ENG | DesignPkg=NWB-GEN-ME-SCM-1091-A | BuildingPermitPkg=WBH - BP09
ELEMENT | 8924975 | Cat=Ducts | AssetScore=45 | AssetTypeCode=MDUC | AssetType=Ductwork | AssetCategory=Ductwork | Targets=NWB_AssetTypeCode=MDUC; NWB_AssetID=MDUC-HO-06-8924975; NWB_AssetType=Ductwork; NWB_Discipline=ME; NWB_Category=Ductwork; NWB_Department=Engineering; NWB_SubDepartment=; NWB_RoomID=ENG.06.905; NWB_RoomName=Plant Room; NWB_Material=; NWB_System=Return Air; NWB_UniclassCode=Pr_65_65_25; NWB_UniclassDescription=Ductwork and fittings; NWB_DesignPkg=NWB-GEN-ME-SCM-1091-A; NWB_BuildingPermitPkg=WBH - BP09; NWB_WBS00=WBH; NWB_WBS01=HO; NWB_WBS02=06; NWB_WBS03=ENG; NWB_WBS04=ME; NWB_WBS05=SI5; NWB_WBSCode=WBH-HO-06-ENG-ME-SI5
INFO | Candidate: NWB_AssetTypeCode | Scope=instance | Storage=String | ReadOnly=False | Shared=True | Id=7626182
INFO | Candidate: NWB_AssetID | Scope=instance | Storage=String | ReadOnly=False | Shared=True | Id=7626164
INFO | Candidate: NWB_AssetType | Scope=instance | Storage=String | ReadOnly=False | Shared=True | Id=7626181
INFO | Candidate: NWB_Discipline | Scope=instance | Storage=String | ReadOnly=False | Shared=True | Id=7626159
INFO | Candidate: NWB_Category | Scope=instance | Storage=String | ReadOnly=False | Shared=True | Id=7626160
INFO | Candidate: NWB_Department | Scope=instance | Storage=String | ReadOnly=False | Shared=True | Id=7626168
INFO | Writing INSTANCE parameter 'NWB_Department' on element 8924977
INFO | Element 8924977 | NWB_Department | Kind=Shared Parameter | Scope=instance | Storage=String | Old='' | New='Engineering'
INFO | Candidate: NWB_RoomID | Scope=instance | Storage=String | ReadOnly=False | Shared=True | Id=7626177
INFO | Writing INSTANCE parameter 'NWB_RoomID' on element 8924977
INFO | Element 8924977 | NWB_RoomID | Kind=Shared Parameter | Scope=instance | Storage=String | Old='' | New='ENG.06.905'
INFO | Candidate: NWB_RoomName | Scope=instance | Storage=String | ReadOnly=False | Shared=True | Id=7626169
INFO | Writing INSTANCE parameter 'NWB_RoomName' on element 8924977
INFO | Element 8924977 | NWB_RoomName | Kind=Shared Parameter | Scope=instance | Storage=String | Old='' | New='Plant Room'
INFO | Candidate: NWB_System | Scope=instance | Storage=String | ReadOnly=False | Shared=True | Id=7626163
INFO | Candidate: NWB_UniclassCode | Scope=instance | Storage=String | ReadOnly=False | Shared=True | Id=7626165
INFO | Candidate: NWB_UniclassDescription | Scope=instance | Storage=String | ReadOnly=False | Shared=True | Id=7626166
INFO | Candidate: NWB_DesignPkg | Scope=instance | Storage=String | ReadOnly=False | Shared=True | Id=7626167
ERROR | Element 8924977 | Category=Ducts | Family= | Parameter=NWB_BuildingPermitPkg | Reason=missing | Writable sample: AHU, AHU_AreaServed, AHU_Serves, AHU_Type, AHU_ZoneNumber, Building_No, COMPLETE Y/N, Classification.OmniClass.21.Description_INSTANCE, Classification.OmniClass.21.Number_INSTANCE, Classification.OmniClass.22.Description_INSTANCE, Classification.OmniClass.22.Number_INSTANCE, Classification.OmniClass.23.Description_INSTANCE, Classification.OmniClass.23.Number_INSTANCE, Classification.UniFormat.2010.Description, Classification.UniFormat.2010.Number, Comments, DUCT NUMBER, Description BOM Suffix, Duct Number, Ductwork Insulation - Lining
INFO | Candidate: NWB_WBS00 | Scope=instance | Storage=String | ReadOnly=False | Shared=True | Id=9214738
INFO | Candidate: NWB_WBS01 | Scope=instance | Storage=String | ReadOnly=False | Shared=True | Id=9214798
INFO | Candidate: NWB_WBS02 | Scope=instance | Storage=String | ReadOnly=False | Shared=True | Id=9214786
INFO | Candidate: NWB_WBS03 | Scope=instance | Storage=String | ReadOnly=False | Shared=True | Id=9214750
INFO | Writing INSTANCE parameter 'NWB_WBS03' on element 8924977
INFO | Element 8924977 | NWB_WBS03 | Kind=Shared Parameter | Scope=instance | Storage=String | Old='Z00' | New='ENG'
INFO | Candidate: NWB_WBS04 | Scope=instance | Storage=String | ReadOnly=False | Shared=True | Id=9214762
INFO | Candidate: NWB_WBS05 | Scope=instance | Storage=String | ReadOnly=False | Shared=True | Id=9214810
INFO | Candidate: NWB_WBSCode | Scope=instance | Storage=String | ReadOnly=False | Shared=True | Id=9214774
INFO | Writing INSTANCE parameter 'NWB_WBSCode' on element 8924977
INFO | Element 8924977 | NWB_WBSCode | Kind=Shared Parameter | Scope=instance | Storage=String | Old='WBH-HO-07-Z00-ME-SI5' | New='WBH-HO-07-ENG-ME-SI5'
SOURCE | Element 8924977 | Cat=Ducts | Family=Rectangular Duct | Type= | Level=LEVEL 07 | System=Return Air | LinkedRoomLink=NWB-ACD-WBH-MH-MOD-0001 | LinkedRoomNumber=ENG.06.905 | LinkedRoomName=Plant Room | LinkedRoomDept=Engineering | LinkedRoomBuilding= | LinkedRoomSite= | LinkedRoomSource=self | ResolvedDept=Engineering | ResolvedBuilding= | ResolvedSite= | DisciplineHint=mechanical | AssetCandidates=ducts, ductwork | WBS00=WBH | WBS01=HO | WBS03=ENG | DesignPkg=NWB-GEN-ME-SCM-1091-A | BuildingPermitPkg=WBH - BP09
ELEMENT | 8924977 | Cat=Ducts | AssetScore=45 | AssetTypeCode=MDUC | AssetType=Ductwork | AssetCategory=Ductwork | Targets=NWB_AssetTypeCode=MDUC; NWB_AssetID=MDUC-HO-07-8924977; NWB_AssetType=Ductwork; NWB_Discipline=ME; NWB_Category=Ductwork; NWB_Department=Engineering; NWB_SubDepartment=; NWB_RoomID=ENG.06.905; NWB_RoomName=Plant Room; NWB_Material=; NWB_System=Return Air; NWB_UniclassCode=Pr_65_65_25; NWB_UniclassDescription=Ductwork and fittings; NWB_DesignPkg=NWB-GEN-ME-SCM-1091-A; NWB_BuildingPermitPkg=WBH - BP09; NWB_WBS00=WBH; NWB_WBS01=HO; NWB_WBS02=07; NWB_WBS03=ENG; NWB_WBS04=ME; NWB_WBS05=SI5; NWB_WBSCode=WBH-HO-07-ENG-ME-SI5
INFO | Candidate: NWB_AssetTypeCode | Scope=instance | Storage=String | ReadOnly=False | Shared=True | Id=7626182
INFO | Candidate: NWB_AssetID | Scope=instance | Storage=String | ReadOnly=False | Shared=True | Id=7626164
INFO | Candidate: NWB_AssetType | Scope=instance | Storage=String | ReadOnly=False | Shared=True | Id=7626181
INFO | Candidate: NWB_Discipline | Scope=instance | Storage=String | ReadOnly=False | Shared=True | Id=7626159
INFO | Candidate: NWB_Category | Scope=instance | Storage=String | ReadOnly=False | Shared=True | Id=7626160
INFO | Candidate: NWB_Department | Scope=instance | Storage=String | ReadOnly=False | Shared=True | Id=7626168
INFO | Writing INSTANCE parameter 'NWB_Department' on element 8924987
INFO | Element 8924987 | NWB_Department | Kind=Shared Parameter | Scope=instance | Storage=String | Old='' | New='Engineering'
INFO | Candidate: NWB_RoomID | Scope=instance | Storage=String | ReadOnly=False | Shared=True | Id=7626177
INFO | Writing INSTANCE parameter 'NWB_RoomID' on element 8924987
INFO | Element 8924987 | NWB_RoomID | Kind=Shared Parameter | Scope=instance | Storage=String | Old='' | New='ENG.06.905'
INFO | Candidate: NWB_RoomName | Scope=instance | Storage=String | ReadOnly=False | Shared=True | Id=7626169
INFO | Writing INSTANCE parameter 'NWB_RoomName' on element 8924987
INFO | Element 8924987 | NWB_RoomName | Kind=Shared Parameter | Scope=instance | Storage=String | Old='' | New='Plant Room'
INFO | Candidate: NWB_System | Scope=instance | Storage=String | ReadOnly=False | Shared=True | Id=7626163
INFO | Candidate: NWB_UniclassCode | Scope=instance | Storage=String | ReadOnly=False | Shared=True | Id=7626165
INFO | Candidate: NWB_UniclassDescription | Scope=instance | Storage=String | ReadOnly=False | Shared=True | Id=7626166
INFO | Candidate: NWB_DesignPkg | Scope=instance | Storage=String | ReadOnly=False | Shared=True | Id=7626167
ERROR | Element 8924987 | Category=Ducts | Family= | Parameter=NWB_BuildingPermitPkg | Reason=missing | Writable sample: AHU, AHU_AreaServed, AHU_Serves, AHU_Type, AHU_ZoneNumber, Building_No, COMPLETE Y/N, Classification.OmniClass.21.Description_INSTANCE, Classification.OmniClass.21.Number_INSTANCE, Classification.OmniClass.22.Description_INSTANCE, Classification.OmniClass.22.Number_INSTANCE, Classification.OmniClass.23.Description_INSTANCE, Classification.OmniClass.23.Number_INSTANCE, Classification.UniFormat.2010.Description, Classification.UniFormat.2010.Number, Comments, DUCT NUMBER, Description BOM Suffix, Duct Number, Ductwork Insulation - Lining
INFO | Candidate: NWB_WBS00 | Scope=instance | Storage=String | ReadOnly=False | Shared=True | Id=9214738
INFO | Candidate: NWB_WBS01 | Scope=instance | Storage=String | ReadOnly=False | Shared=True | Id=9214798
INFO | Candidate: NWB_WBS02 | Scope=instance | Storage=String | ReadOnly=False | Shared=True | Id=9214786
INFO | Candidate: NWB_WBS03 | Scope=instance | Storage=String | ReadOnly=False | Shared=True | Id=9214750
INFO | Writing INSTANCE parameter 'NWB_WBS03' on element 8924987
INFO | Element 8924987 | NWB_WBS03 | Kind=Shared Parameter | Scope=instance | Storage=String | Old='Z00' | New='ENG'
INFO | Candidate: NWB_WBS04 | Scope=instance | Storage=String | ReadOnly=False | Shared=True | Id=9214762
INFO | Candidate: NWB_WBS05 | Scope=instance | Storage=String | ReadOnly=False | Shared=True | Id=9214810
INFO | Candidate: NWB_WBSCode | Scope=instance | Storage=String | ReadOnly=False | Shared=True | Id=9214774
INFO | Writing INSTANCE parameter 'NWB_WBSCode' on element 8924987
INFO | Element 8924987 | NWB_WBSCode | Kind=Shared Parameter | Scope=instance | Storage=String | Old='WBH-HO-06-Z00-ME-SI5' | New='WBH-HO-06-ENG-ME-SI5'
SOURCE | Element 8924987 | Cat=Ducts | Family=Rectangular Duct | Type= | Level=LEVEL 06 | System=Supply Air | LinkedRoomLink=NWB-ACD-WBH-MH-MOD-0001 | LinkedRoomNumber=ENG.06.905 | LinkedRoomName=Plant Room | LinkedRoomDept=Engineering | LinkedRoomBuilding= | LinkedRoomSite= | LinkedRoomSource=self | ResolvedDept=Engineering | ResolvedBuilding= | ResolvedSite= | DisciplineHint=mechanical | AssetCandidates=ducts, ductwork | WBS00=WBH | WBS01=HO | WBS03=ENG | DesignPkg=NWB-GEN-ME-SCM-1091-A | BuildingPermitPkg=WBH - BP09
ELEMENT | 8924987 | Cat=Ducts | AssetScore=45 | AssetTypeCode=MDUC | AssetType=Ductwork | AssetCategory=Ductwork | Targets=NWB_AssetTypeCode=MDUC; NWB_AssetID=MDUC-HO-06-8924987; NWB_AssetType=Ductwork; NWB_Discipline=ME; NWB_Category=Ductwork; NWB_Department=Engineering; NWB_SubDepartment=; NWB_RoomID=ENG.06.905; NWB_RoomName=Plant Room; NWB_Material=; NWB_System=Supply Air; NWB_UniclassCode=Pr_65_65_25; NWB_UniclassDescription=Ductwork and fittings; NWB_DesignPkg=NWB-GEN-ME-SCM-1091-A; NWB_BuildingPermitPkg=WBH - BP09; NWB_WBS00=WBH; NWB_WBS01=HO; NWB_WBS02=06; NWB_WBS03=ENG; NWB_WBS04=ME; NWB_WBS05=SI5; NWB_WBSCode=WBH-HO-06-ENG-ME-SI5
INFO | Candidate: NWB_AssetTypeCode | Scope=instance | Storage=String | ReadOnly=False | Shared=True | Id=7626182
INFO | Candidate: NWB_AssetID | Scope=instance | Storage=String | ReadOnly=False | Shared=True | Id=7626164
INFO | Candidate: NWB_AssetType | Scope=instance | Storage=String | ReadOnly=False | Shared=True | Id=7626181
INFO | Candidate: NWB_Discipline | Scope=instance | Storage=String | ReadOnly=False | Shared=True | Id=7626159
INFO | Candidate: NWB_Category | Scope=instance | Storage=String | ReadOnly=False | Shared=True | Id=7626160
INFO | Candidate: NWB_Department | Scope=instance | Storage=String | ReadOnly=False | Shared=True | Id=7626168
INFO | Writing INSTANCE parameter 'NWB_Department' on element 8925022
INFO | Element 8925022 | NWB_Department | Kind=Shared Parameter | Scope=instance | Storage=String | Old='' | New='Engineering'
INFO | Candidate: NWB_RoomID | Scope=instance | Storage=String | ReadOnly=False | Shared=True | Id=7626177
INFO | Writing INSTANCE parameter 'NWB_RoomID' on element 8925022
INFO | Element 8925022 | NWB_RoomID | Kind=Shared Parameter | Scope=instance | Storage=String | Old='' | New='ENG.06.905'
INFO | Candidate: NWB_RoomName | Scope=instance | Storage=String | ReadOnly=False | Shared=True | Id=7626169
INFO | Writing INSTANCE parameter 'NWB_RoomName' on element 8925022
INFO | Element 8925022 | NWB_RoomName | Kind=Shared Parameter | Scope=instance | Storage=String | Old='' | New='Plant Room'
INFO | Candidate: NWB_System | Scope=instance | Storage=String | ReadOnly=False | Shared=True | Id=7626163
INFO | Candidate: NWB_UniclassCode | Scope=instance | Storage=String | ReadOnly=False | Shared=True | Id=7626165
INFO | Candidate: NWB_UniclassDescription | Scope=instance | Storage=String | ReadOnly=False | Shared=True | Id=7626166
INFO | Candidate: NWB_DesignPkg | Scope=instance | Storage=String | ReadOnly=False | Shared=True | Id=7626167
ERROR | Element 8925022 | Category=Ducts | Family= | Parameter=NWB_BuildingPermitPkg | Reason=missing | Writable sample: AHU, AHU_AreaServed, AHU_Serves, AHU_Type, AHU_ZoneNumber, Building_No, COMPLETE Y/N, Classification.OmniClass.21.Description_INSTANCE, Classification.OmniClass.21.Number_INSTANCE, Classification.OmniClass.22.Description_INSTANCE, Classification.OmniClass.22.Number_INSTANCE, Classification.OmniClass.23.Description_INSTANCE, Classification.OmniClass.23.Number_INSTANCE, Classification.UniFormat.2010.Description, Classification.UniFormat.2010.Number, Comments, DUCT NUMBER, Description BOM Suffix, Duct Number, Ductwork Insulation - Lining
INFO | Candidate: NWB_WBS00 | Scope=instance | Storage=String | ReadOnly=False | Shared=True | Id=9214738
INFO | Candidate: NWB_WBS01 | Scope=instance | Storage=String | ReadOnly=False | Shared=True | Id=9214798
INFO | Candidate: NWB_WBS02 | Scope=instance | Storage=String | ReadOnly=False | Shared=True | Id=9214786
INFO | Candidate: NWB_WBS03 | Scope=instance | Storage=String | ReadOnly=False | Shared=True | Id=9214750
INFO | Writing INSTANCE parameter 'NWB_WBS03' on element 8925022
INFO | Element 8925022 | NWB_WBS03 | Kind=Shared Parameter | Scope=instance | Storage=String | Old='Z00' | New='ENG'
INFO | Candidate: NWB_WBS04 | Scope=instance | Storage=String | ReadOnly=False | Shared=True | Id=9214762
INFO | Candidate: NWB_WBS05 | Scope=instance | Storage=String | ReadOnly=False | Shared=True | Id=9214810
INFO | Candidate: NWB_WBSCode | Scope=instance | Storage=String | ReadOnly=False | Shared=True | Id=9214774
INFO | Writing INSTANCE parameter 'NWB_WBSCode' on element 8925022
INFO | Element 8925022 | NWB_WBSCode | Kind=Shared Parameter | Scope=instance | Storage=String | Old='WBH-HO-07-Z00-ME-SI5' | New='WBH-HO-07-ENG-ME-SI5'
SOURCE | Element 8925022 | Cat=Ducts | Family=Rectangular Duct | Type= | Level=LEVEL 07 | System=Return Air | LinkedRoomLink=NWB-ACD-WBH-MH-MOD-0001 | LinkedRoomNumber=ENG.06.905 | LinkedRoomName=Plant Room | LinkedRoomDept=Engineering | LinkedRoomBuilding= | LinkedRoomSite= | LinkedRoomSource=self | ResolvedDept=Engineering | ResolvedBuilding= | ResolvedSite= | DisciplineHint=mechanical | AssetCandidates=ducts, ductwork | WBS00=WBH | WBS01=HO | WBS03=ENG | DesignPkg=NWB-GEN-ME-SCM-1091-A | BuildingPermitPkg=WBH - BP09
ELEMENT | 8925022 | Cat=Ducts | AssetScore=45 | AssetTypeCode=MDUC | AssetType=Ductwork | AssetCategory=Ductwork | Targets=NWB_AssetTypeCode=MDUC; NWB_AssetID=MDUC-HO-07-8925022; NWB_AssetType=Ductwork; NWB_Discipline=ME; NWB_Category=Ductwork; NWB_Department=Engineering; NWB_SubDepartment=; NWB_RoomID=ENG.06.905; NWB_RoomName=Plant Room; NWB_Material=; NWB_System=Return Air; NWB_UniclassCode=Pr_65_65_25; NWB_UniclassDescription=Ductwork and fittings; NWB_DesignPkg=NWB-GEN-ME-SCM-1091-A; NWB_BuildingPermitPkg=WBH - BP09; NWB_WBS00=WBH; NWB_WBS01=HO; NWB_WBS02=07; NWB_WBS03=ENG; NWB_WBS04=ME; NWB_WBS05=SI5; NWB_WBSCode=WBH-HO-07-ENG-ME-SI5
INFO | Candidate: NWB_AssetTypeCode | Scope=instance | Storage=String | ReadOnly=False | Shared=True | Id=7626182
INFO | Candidate: NWB_AssetID | Scope=instance | Storage=String | ReadOnly=False | Shared=True | Id=7626164
INFO | Candidate: NWB_AssetType | Scope=instance | Storage=String | ReadOnly=False | Shared=True | Id=7626181
INFO | Candidate: NWB_Discipline | Scope=instance | Storage=String | ReadOnly=False | Shared=True | Id=7626159
INFO | Candidate: NWB_Category | Scope=instance | Storage=String | ReadOnly=False | Shared=True | Id=7626160
INFO | Candidate: NWB_Department | Scope=instance | Storage=String | ReadOnly=False | Shared=True | Id=7626168
INFO | Writing INSTANCE parameter 'NWB_Department' on element 8925077
INFO | Element 8925077 | NWB_Department | Kind=Shared Parameter | Scope=instance | Storage=String | Old='' | New='Engineering'
INFO | Candidate: NWB_RoomID | Scope=instance | Storage=String | ReadOnly=False | Shared=True | Id=7626177
INFO | Writing INSTANCE parameter 'NWB_RoomID' on element 8925077
INFO | Element 8925077 | NWB_RoomID | Kind=Shared Parameter | Scope=instance | Storage=String | Old='' | New='ENG.06.905'
INFO | Candidate: NWB_RoomName | Scope=instance | Storage=String | ReadOnly=False | Shared=True | Id=7626169
INFO | Writing INSTANCE parameter 'NWB_RoomName' on element 8925077
INFO | Element 8925077 | NWB_RoomName | Kind=Shared Parameter | Scope=instance | Storage=String | Old='' | New='Plant Room'
INFO | Candidate: NWB_System | Scope=instance | Storage=String | ReadOnly=False | Shared=True | Id=7626163
INFO | Candidate: NWB_UniclassCode | Scope=instance | Storage=String | ReadOnly=False | Shared=True | Id=7626165
INFO | Candidate: NWB_UniclassDescription | Scope=instance | Storage=String | ReadOnly=False | Shared=True | Id=7626166
INFO | Candidate: NWB_DesignPkg | Scope=instance | Storage=String | ReadOnly=False | Shared=True | Id=7626167
ERROR | Element 8925077 | Category=Ducts | Family= | Parameter=NWB_BuildingPermitPkg | Reason=missing | Writable sample: AHU, AHU_AreaServed, AHU_Serves, AHU_Type, AHU_ZoneNumber, Building_No, COMPLETE Y/N, Classification.OmniClass.21.Description_INSTANCE, Classification.OmniClass.21.Number_INSTANCE, Classification.OmniClass.22.Description_INSTANCE, Classification.OmniClass.22.Number_INSTANCE, Classification.OmniClass.23.Description_INSTANCE, Classification.OmniClass.23.Number_INSTANCE, Classification.UniFormat.2010.Description, Classification.UniFormat.2010.Number, Comments, DUCT NUMBER, Description BOM Suffix, Duct Number, Ductwork Insulation - Lining
INFO | Candidate: NWB_WBS00 | Scope=instance | Storage=String | ReadOnly=False | Shared=True | Id=9214738
INFO | Candidate: NWB_WBS01 | Scope=instance | Storage=String | ReadOnly=False | Shared=True | Id=9214798
INFO | Candidate: NWB_WBS02 | Scope=instance | Storage=String | ReadOnly=False | Shared=True | Id=9214786
INFO | Candidate: NWB_WBS03 | Scope=instance | Storage=String | ReadOnly=False | Shared=True | Id=9214750
INFO | Writing INSTANCE parameter 'NWB_WBS03' on element 8925077
INFO | Element 8925077 | NWB_WBS03 | Kind=Shared Parameter | Scope=instance | Storage=String | Old='Z00' | New='ENG'
INFO | Candidate: NWB_WBS04 | Scope=instance | Storage=String | ReadOnly=False | Shared=True | Id=9214762
INFO | Candidate: NWB_WBS05 | Scope=instance | Storage=String | ReadOnly=False | Shared=True | Id=9214810
INFO | Candidate: NWB_WBSCode | Scope=instance | Storage=String | ReadOnly=False | Shared=True | Id=9214774
INFO | Writing INSTANCE parameter 'NWB_WBSCode' on element 8925077
INFO | Element 8925077 | NWB_WBSCode | Kind=Shared Parameter | Scope=instance | Storage=String | Old='WBH-HO-07-Z00-ME-SI5' | New='WBH-HO-07-ENG-ME-SI5'
SOURCE | Element 8925077 | Cat=Ducts | Family=Rectangular Duct | Type= | Level=LEVEL 07 | System=Return Air | LinkedRoomLink=NWB-ACD-WBH-MH-MOD-0001 | LinkedRoomNumber=ENG.06.905 | LinkedRoomName=Plant Room | LinkedRoomDept=Engineering | LinkedRoomBuilding= | LinkedRoomSite= | LinkedRoomSource=self | ResolvedDept=Engineering | ResolvedBuilding= | ResolvedSite= | DisciplineHint=mechanical | AssetCandidates=ducts, ductwork | WBS00=WBH | WBS01=HO | WBS03=ENG | DesignPkg=NWB-GEN-ME-SCM-1091-A | BuildingPermitPkg=WBH - BP09
ELEMENT | 8925077 | Cat=Ducts | AssetScore=45 | AssetTypeCode=MDUC | AssetType=Ductwork | AssetCategory=Ductwork | Targets=NWB_AssetTypeCode=MDUC; NWB_AssetID=MDUC-HO-07-8925077; NWB_AssetType=Ductwork; NWB_Discipline=ME; NWB_Category=Ductwork; NWB_Department=Engineering; NWB_SubDepartment=; NWB_RoomID=ENG.06.905; NWB_RoomName=Plant Room; NWB_Material=; NWB_System=Return Air; NWB_UniclassCode=Pr_65_65_25; NWB_UniclassDescription=Ductwork and fittings; NWB_DesignPkg=NWB-GEN-ME-SCM-1091-A; NWB_BuildingPermitPkg=WBH - BP09; NWB_WBS00=WBH; NWB_WBS01=HO; NWB_WBS02=07; NWB_WBS03=ENG; NWB_WBS04=ME; NWB_WBS05=SI5; NWB_WBSCode=WBH-HO-07-ENG-ME-SI5
INFO | Candidate: NWB_AssetTypeCode | Scope=instance | Storage=String | ReadOnly=False | Shared=True | Id=7626182
INFO | Candidate: NWB_AssetID | Scope=instance | Storage=String | ReadOnly=False | Shared=True | Id=7626164
INFO | Candidate: NWB_AssetType | Scope=instance | Storage=String | ReadOnly=False | Shared=True | Id=7626181
INFO | Candidate: NWB_Discipline | Scope=instance | Storage=String | ReadOnly=False | Shared=True | Id=7626159
INFO | Candidate: NWB_Category | Scope=instance | Storage=String | ReadOnly=False | Shared=True | Id=7626160
INFO | Candidate: NWB_Department | Scope=instance | Storage=String | ReadOnly=False | Shared=True | Id=7626168
INFO | Writing INSTANCE parameter 'NWB_Department' on element 8925079
INFO | Element 8925079 | NWB_Department | Kind=Shared Parameter | Scope=instance | Storage=String | Old='' | New='Engineering'
INFO | Candidate: NWB_RoomID | Scope=instance | Storage=String | ReadOnly=False | Shared=True | Id=7626177
INFO | Writing INSTANCE parameter 'NWB_RoomID' on element 8925079
INFO | Element 8925079 | NWB_RoomID | Kind=Shared Parameter | Scope=instance | Storage=String | Old='' | New='ENG.06.905'
INFO | Candidate: NWB_RoomName | Scope=instance | Storage=String | ReadOnly=False | Shared=True | Id=7626169
INFO | Writing INSTANCE parameter 'NWB_RoomName' on element 8925079
INFO | Element 8925079 | NWB_RoomName | Kind=Shared Parameter | Scope=instance | Storage=String | Old='' | New='Plant Room'
INFO | Candidate: NWB_System | Scope=instance | Storage=String | ReadOnly=False | Shared=True | Id=7626163
INFO | Candidate: NWB_UniclassCode | Scope=instance | Storage=String | ReadOnly=False | Shared=True | Id=7626165
INFO | Candidate: NWB_UniclassDescription | Scope=instance | Storage=String | ReadOnly=False | Shared=True | Id=7626166
INFO | Candidate: NWB_DesignPkg | Scope=instance | Storage=String | ReadOnly=False | Shared=True | Id=7626167
ERROR | Element 8925079 | Category=Ducts | Family= | Parameter=NWB_BuildingPermitPkg | Reason=missing | Writable sample: AHU, AHU_AreaServed, AHU_Serves, AHU_Type, AHU_ZoneNumber, Building_No, COMPLETE Y/N, Classification.OmniClass.21.Description_INSTANCE, Classification.OmniClass.21.Number_INSTANCE, Classification.OmniClass.22.Description_INSTANCE, Classification.OmniClass.22.Number_INSTANCE, Classification.OmniClass.23.Description_INSTANCE, Classification.OmniClass.23.Number_INSTANCE, Classification.UniFormat.2010.Description, Classification.UniFormat.2010.Number, Comments, DUCT NUMBER, Description BOM Suffix, Duct Number, Ductwork Insulation - Lining
INFO | Candidate: NWB_WBS00 | Scope=instance | Storage=String | ReadOnly=False | Shared=True | Id=9214738
INFO | Candidate: NWB_WBS01 | Scope=instance | Storage=String | ReadOnly=False | Shared=True | Id=9214798
INFO | Candidate: NWB_WBS02 | Scope=instance | Storage=String | ReadOnly=False | Shared=True | Id=9214786
INFO | Candidate: NWB_WBS03 | Scope=instance | Storage=String | ReadOnly=False | Shared=True | Id=9214750
INFO | Writing INSTANCE parameter 'NWB_WBS03' on element 8925079
INFO | Element 8925079 | NWB_WBS03 | Kind=Shared Parameter | Scope=instance | Storage=String | Old='Z00' | New='ENG'
INFO | Candidate: NWB_WBS04 | Scope=instance | Storage=String | ReadOnly=False | Shared=True | Id=9214762
INFO | Candidate: NWB_WBS05 | Scope=instance | Storage=String | ReadOnly=False | Shared=True | Id=9214810
INFO | Candidate: NWB_WBSCode | Scope=instance | Storage=String | ReadOnly=False | Shared=True | Id=9214774
INFO | Writing INSTANCE parameter 'NWB_WBSCode' on element 8925079
INFO | Element 8925079 | NWB_WBSCode | Kind=Shared Parameter | Scope=instance | Storage=String | Old='WBH-HO-06-Z00-ME-SI5' | New='WBH-HO-06-ENG-ME-SI5'
SOURCE | Element 8925079 | Cat=Ducts | Family=Rectangular Duct | Type= | Level=LEVEL 06 | System=Return Air | LinkedRoomLink=NWB-ACD-WBH-MH-MOD-0001 | LinkedRoomNumber=ENG.06.905 | LinkedRoomName=Plant Room | LinkedRoomDept=Engineering | LinkedRoomBuilding= | LinkedRoomSite= | LinkedRoomSource=self | ResolvedDept=Engineering | ResolvedBuilding= | ResolvedSite= | DisciplineHint=mechanical | AssetCandidates=ducts, ductwork | WBS00=WBH | WBS01=HO | WBS03=ENG | DesignPkg=NWB-GEN-ME-SCM-1091-A | BuildingPermitPkg=WBH - BP09
ELEMENT | 8925079 | Cat=Ducts | AssetScore=45 | AssetTypeCode=MDUC | AssetType=Ductwork | AssetCategory=Ductwork | Targets=NWB_AssetTypeCode=MDUC; NWB_AssetID=MDUC-HO-06-8925079; NWB_AssetType=Ductwork; NWB_Discipline=ME; NWB_Category=Ductwork; NWB_Department=Engineering; NWB_SubDepartment=; NWB_RoomID=ENG.06.905; NWB_RoomName=Plant Room; NWB_Material=; NWB_System=Return Air; NWB_UniclassCode=Pr_65_65_25; NWB_UniclassDescription=Ductwork and fittings; NWB_DesignPkg=NWB-GEN-ME-SCM-1091-A; NWB_BuildingPermitPkg=WBH - BP09; NWB_WBS00=WBH; NWB_WBS01=HO; NWB_WBS02=06; NWB_WBS03=ENG; NWB_WBS04=ME; NWB_WBS05=SI5; NWB_WBSCode=WBH-HO-06-ENG-ME-SI5
INFO | Candidate: NWB_AssetTypeCode | Scope=instance | Storage=String | ReadOnly=False | Shared=True | Id=7626182
INFO | Candidate: NWB_AssetID | Scope=instance | Storage=String | ReadOnly=False | Shared=True | Id=7626164
INFO | Candidate: NWB_AssetType | Scope=instance | Storage=String | ReadOnly=False | Shared=True | Id=7626181
INFO | Candidate: NWB_Discipline | Scope=instance | Storage=String | ReadOnly=False | Shared=True | Id=7626159
INFO | Candidate: NWB_Category | Scope=instance | Storage=String | ReadOnly=False | Shared=True | Id=7626160
INFO | Candidate: NWB_Department | Scope=instance | Storage=String | ReadOnly=False | Shared=True | Id=7626168
INFO | Writing INSTANCE parameter 'NWB_Department' on element 8925087
INFO | Element 8925087 | NWB_Department | Kind=Shared Parameter | Scope=instance | Storage=String | Old='' | New='Engineering'
INFO | Candidate: NWB_RoomID | Scope=instance | Storage=String | ReadOnly=False | Shared=True | Id=7626177
INFO | Writing INSTANCE parameter 'NWB_RoomID' on element 8925087
INFO | Element 8925087 | NWB_RoomID | Kind=Shared Parameter | Scope=instance | Storage=String | Old='' | New='ENG.07.R10'
INFO | Candidate: NWB_RoomName | Scope=instance | Storage=String | ReadOnly=False | Shared=True | Id=7626169
INFO | Writing INSTANCE parameter 'NWB_RoomName' on element 8925087
INFO | Element 8925087 | NWB_RoomName | Kind=Shared Parameter | Scope=instance | Storage=String | Old='' | New='Mechanical Riser, M10'
INFO | Candidate: NWB_System | Scope=instance | Storage=String | ReadOnly=False | Shared=True | Id=7626163
INFO | Candidate: NWB_UniclassCode | Scope=instance | Storage=String | ReadOnly=False | Shared=True | Id=7626165
INFO | Candidate: NWB_UniclassDescription | Scope=instance | Storage=String | ReadOnly=False | Shared=True | Id=7626166
INFO | Candidate: NWB_DesignPkg | Scope=instance | Storage=String | ReadOnly=False | Shared=True | Id=7626167
ERROR | Element 8925087 | Category=Ducts | Family= | Parameter=NWB_BuildingPermitPkg | Reason=missing | Writable sample: AHU, AHU_AreaServed, AHU_Serves, AHU_Type, AHU_ZoneNumber, Building_No, COMPLETE Y/N, Classification.OmniClass.21.Description_INSTANCE, Classification.OmniClass.21.Number_INSTANCE, Classification.OmniClass.22.Description_INSTANCE, Classification.OmniClass.22.Number_INSTANCE, Classification.OmniClass.23.Description_INSTANCE, Classification.OmniClass.23.Number_INSTANCE, Classification.UniFormat.2010.Description, Classification.UniFormat.2010.Number, Comments, DUCT NUMBER, Description BOM Suffix, Duct Number, Ductwork Insulation - Lining
INFO | Candidate: NWB_WBS00 | Scope=instance | Storage=String | ReadOnly=False | Shared=True | Id=9214738
INFO | Candidate: NWB_WBS01 | Scope=instance | Storage=String | ReadOnly=False | Shared=True | Id=9214798
INFO | Candidate: NWB_WBS02 | Scope=instance | Storage=String | ReadOnly=False | Shared=True | Id=9214786
INFO | Candidate: NWB_WBS03 | Scope=instance | Storage=String | ReadOnly=False | Shared=True | Id=9214750
INFO | Writing INSTANCE parameter 'NWB_WBS03' on element 8925087
INFO | Element 8925087 | NWB_WBS03 | Kind=Shared Parameter | Scope=instance | Storage=String | Old='Z00' | New='ENG'
INFO | Candidate: NWB_WBS04 | Scope=instance | Storage=String | ReadOnly=False | Shared=True | Id=9214762
INFO | Candidate: NWB_WBS05 | Scope=instance | Storage=String | ReadOnly=False | Shared=True | Id=9214810
INFO | Candidate: NWB_WBSCode | Scope=instance | Storage=String | ReadOnly=False | Shared=True | Id=9214774
INFO | Writing INSTANCE parameter 'NWB_WBSCode' on element 8925087
INFO | Element 8925087 | NWB_WBSCode | Kind=Shared Parameter | Scope=instance | Storage=String | Old='WBH-HO-06-Z00-ME-SI5' | New='WBH-HO-06-ENG-ME-SI5'
SOURCE | Element 8925087 | Cat=Ducts | Family=Rectangular Duct | Type= | Level=LEVEL 06 | System=Return Air | LinkedRoomLink=NWB-ACD-WBH-MH-MOD-0001 | LinkedRoomNumber=ENG.07.R10 | LinkedRoomName=Mechanical Riser, M10 | LinkedRoomDept=Engineering | LinkedRoomBuilding= | LinkedRoomSite= | LinkedRoomSource=self | ResolvedDept=Engineering | ResolvedBuilding= | ResolvedSite= | DisciplineHint=mechanical | AssetCandidates=ducts, ductwork | WBS00=WBH | WBS01=HO | WBS03=ENG | DesignPkg=NWB-GEN-ME-SCM-1091-A | BuildingPermitPkg=WBH - BP09
ELEMENT | 8925087 | Cat=Ducts | AssetScore=45 | AssetTypeCode=MDUC | AssetType=Ductwork | AssetCategory=Ductwork | Targets=NWB_AssetTypeCode=MDUC; NWB_AssetID=MDUC-HO-06-8925087; NWB_AssetType=Ductwork; NWB_Discipline=ME; NWB_Category=Ductwork; NWB_Department=Engineering; NWB_SubDepartment=; NWB_RoomID=ENG.07.R10; NWB_RoomName=Mechanical Riser, M10; NWB_Material=; NWB_System=Return Air; NWB_UniclassCode=Pr_65_65_25; NWB_UniclassDescription=Ductwork and fittings; NWB_DesignPkg=NWB-GEN-ME-SCM-1091-A; NWB_BuildingPermitPkg=WBH - BP09; NWB_WBS00=WBH; NWB_WBS01=HO; NWB_WBS02=06; NWB_WBS03=ENG; NWB_WBS04=ME; NWB_WBS05=SI5; NWB_WBSCode=WBH-HO-06-ENG-ME-SI5
INFO | Candidate: NWB_AssetTypeCode | Scope=instance | Storage=String | ReadOnly=False | Shared=True | Id=7626182
INFO | Candidate: NWB_AssetID | Scope=instance | Storage=String | ReadOnly=False | Shared=True | Id=7626164
INFO | Candidate: NWB_AssetType | Scope=instance | Storage=String | ReadOnly=False | Shared=True | Id=7626181
INFO | Candidate: NWB_Discipline | Scope=instance | Storage=String | ReadOnly=False | Shared=True | Id=7626159
INFO | Candidate: NWB_Category | Scope=instance | Storage=String | ReadOnly=False | Shared=True | Id=7626160
INFO | Candidate: NWB_Department | Scope=instance | Storage=String | ReadOnly=False | Shared=True | Id=7626168
INFO | Writing INSTANCE parameter 'NWB_Department' on element 8925099
INFO | Element 8925099 | NWB_Department | Kind=Shared Parameter | Scope=instance | Storage=String | Old='' | New='Engineering'
INFO | Candidate: NWB_RoomID | Scope=instance | Storage=String | ReadOnly=False | Shared=True | Id=7626177
INFO | Writing INSTANCE parameter 'NWB_RoomID' on element 8925099
INFO | Element 8925099 | NWB_RoomID | Kind=Shared Parameter | Scope=instance | Storage=String | Old='' | New='ENG.06.905'
INFO | Candidate: NWB_RoomName | Scope=instance | Storage=String | ReadOnly=False | Shared=True | Id=7626169
INFO | Writing INSTANCE parameter 'NWB_RoomName' on element 8925099
INFO | Element 8925099 | NWB_RoomName | Kind=Shared Parameter | Scope=instance | Storage=String | Old='' | New='Plant Room'
INFO | Candidate: NWB_System | Scope=instance | Storage=String | ReadOnly=False | Shared=True | Id=7626163
INFO | Candidate: NWB_UniclassCode | Scope=instance | Storage=String | ReadOnly=False | Shared=True | Id=7626165
INFO | Candidate: NWB_UniclassDescription | Scope=instance | Storage=String | ReadOnly=False | Shared=True | Id=7626166
INFO | Candidate: NWB_DesignPkg | Scope=instance | Storage=String | ReadOnly=False | Shared=True | Id=7626167
ERROR | Element 8925099 | Category=Ducts | Family= | Parameter=NWB_BuildingPermitPkg | Reason=missing | Writable sample: AHU, AHU_AreaServed, AHU_Serves, AHU_Type, AHU_ZoneNumber, Building_No, COMPLETE Y/N, Classification.OmniClass.21.Description_INSTANCE, Classification.OmniClass.21.Number_INSTANCE, Classification.OmniClass.22.Description_INSTANCE, Classification.OmniClass.22.Number_INSTANCE, Classification.OmniClass.23.Description_INSTANCE, Classification.OmniClass.23.Number_INSTANCE, Classification.UniFormat.2010.Description, Classification.UniFormat.2010.Number, Comments, DUCT NUMBER, Description BOM Suffix, Duct Number, Ductwork Insulation - Lining
INFO | Candidate: NWB_WBS00 | Scope=instance | Storage=String | ReadOnly=False | Shared=True | Id=9214738
INFO | Candidate: NWB_WBS01 | Scope=instance | Storage=String | ReadOnly=False | Shared=True | Id=9214798
INFO | Candidate: NWB_WBS02 | Scope=instance | Storage=String | ReadOnly=False | Shared=True | Id=9214786
INFO | Candidate: NWB_WBS03 | Scope=instance | Storage=String | ReadOnly=False | Shared=True | Id=9214750
INFO | Writing INSTANCE parameter 'NWB_WBS03' on element 8925099
INFO | Element 8925099 | NWB_WBS03 | Kind=Shared Parameter | Scope=instance | Storage=String | Old='Z00' | New='ENG'
INFO | Candidate: NWB_WBS04 | Scope=instance | Storage=String | ReadOnly=False | Shared=True | Id=9214762
INFO | Candidate: NWB_WBS05 | Scope=instance | Storage=String | ReadOnly=False | Shared=True | Id=9214810
INFO | Candidate: NWB_WBSCode | Scope=instance | Storage=String | ReadOnly=False | Shared=True | Id=9214774
INFO | Writing INSTANCE parameter 'NWB_WBSCode' on element 8925099
INFO | Element 8925099 | NWB_WBSCode | Kind=Shared Parameter | Scope=instance | Storage=String | Old='WBH-HO-07-Z00-ME-SI5' | New='WBH-HO-07-ENG-ME-SI5'
SOURCE | Element 8925099 | Cat=Ducts | Family=Rectangular Duct | Type= | Level=LEVEL 07 | System=Return Air | LinkedRoomLink=NWB-ACD-WBH-MH-MOD-0001 | LinkedRoomNumber=ENG.06.905 | LinkedRoomName=Plant Room | LinkedRoomDept=Engineering | LinkedRoomBuilding= | LinkedRoomSite= | LinkedRoomSource=self | ResolvedDept=Engineering | ResolvedBuilding= | ResolvedSite= | DisciplineHint=mechanical | AssetCandidates=ducts, ductwork | WBS00=WBH | WBS01=HO | WBS03=ENG | DesignPkg=NWB-GEN-ME-SCM-1091-A | BuildingPermitPkg=WBH - BP09
ELEMENT | 8925099 | Cat=Ducts | AssetScore=45 | AssetTypeCode=MDUC | AssetType=Ductwork | AssetCategory=Ductwork | Targets=NWB_AssetTypeCode=MDUC; NWB_AssetID=MDUC-HO-07-8925099; NWB_AssetType=Ductwork; NWB_Discipline=ME; NWB_Category=Ductwork; NWB_Department=Engineering; NWB_SubDepartment=; NWB_RoomID=ENG.06.905; NWB_RoomName=Plant Room; NWB_Material=; NWB_System=Return Air; NWB_UniclassCode=Pr_65_65_25; NWB_UniclassDescription=Ductwork and fittings; NWB_DesignPkg=NWB-GEN-ME-SCM-1091-A; NWB_BuildingPermitPkg=WBH - BP09; NWB_WBS00=WBH; NWB_WBS01=HO; NWB_WBS02=07; NWB_WBS03=ENG; NWB_WBS04=ME; NWB_WBS05=SI5; NWB_WBSCode=WBH-HO-07-ENG-ME-SI5
INFO | Candidate: NWB_AssetTypeCode | Scope=instance | Storage=String | ReadOnly=False | Shared=True | Id=7626182
INFO | Candidate: NWB_AssetID | Scope=instance | Storage=String | ReadOnly=False | Shared=True | Id=7626164
INFO | Candidate: NWB_AssetType | Scope=instance | Storage=String | ReadOnly=False | Shared=True | Id=7626181
INFO | Candidate: NWB_Discipline | Scope=instance | Storage=String | ReadOnly=False | Shared=True | Id=7626159
INFO | Candidate: NWB_Category | Scope=instance | Storage=String | ReadOnly=False | Shared=True | Id=7626160
INFO | Candidate: NWB_Department | Scope=instance | Storage=String | ReadOnly=False | Shared=True | Id=7626168
INFO | Writing INSTANCE parameter 'NWB_Department' on element 8925103
INFO | Element 8925103 | NWB_Department | Kind=Shared Parameter | Scope=instance | Storage=String | Old='' | New='Engineering'
INFO | Candidate: NWB_RoomID | Scope=instance | Storage=String | ReadOnly=False | Shared=True | Id=7626177
INFO | Writing INSTANCE parameter 'NWB_RoomID' on element 8925103
INFO | Element 8925103 | NWB_RoomID | Kind=Shared Parameter | Scope=instance | Storage=String | Old='' | New='ENG.07.R10'
INFO | Candidate: NWB_RoomName | Scope=instance | Storage=String | ReadOnly=False | Shared=True | Id=7626169
INFO | Writing INSTANCE parameter 'NWB_RoomName' on element 8925103
INFO | Element 8925103 | NWB_RoomName | Kind=Shared Parameter | Scope=instance | Storage=String | Old='' | New='Mechanical Riser, M10'
INFO | Candidate: NWB_System | Scope=instance | Storage=String | ReadOnly=False | Shared=True | Id=7626163
INFO | Candidate: NWB_UniclassCode | Scope=instance | Storage=String | ReadOnly=False | Shared=True | Id=7626165
INFO | Candidate: NWB_UniclassDescription | Scope=instance | Storage=String | ReadOnly=False | Shared=True | Id=7626166
INFO | Candidate: NWB_DesignPkg | Scope=instance | Storage=String | ReadOnly=False | Shared=True | Id=7626167
ERROR | Element 8925103 | Category=Ducts | Family= | Parameter=NWB_BuildingPermitPkg | Reason=missing | Writable sample: AHU, AHU_AreaServed, AHU_Serves, AHU_Type, AHU_ZoneNumber, Building_No, COMPLETE Y/N, Classification.OmniClass.21.Description_INSTANCE, Classification.OmniClass.21.Number_INSTANCE, Classification.OmniClass.22.Description_INSTANCE, Classification.OmniClass.22.Number_INSTANCE, Classification.OmniClass.23.Description_INSTANCE, Classification.OmniClass.23.Number_INSTANCE, Classification.UniFormat.2010.Description, Classification.UniFormat.2010.Number, Comments, DUCT NUMBER, Description BOM Suffix, Duct Number, Ductwork Insulation - Lining
INFO | Candidate: NWB_WBS00 | Scope=instance | Storage=String | ReadOnly=False | Shared=True | Id=9214738
INFO | Candidate: NWB_WBS01 | Scope=instance | Storage=String | ReadOnly=False | Shared=True | Id=9214798
INFO | Candidate: NWB_WBS02 | Scope=instance | Storage=String | ReadOnly=False | Shared=True | Id=9214786
INFO | Candidate: NWB_WBS03 | Scope=instance | Storage=String | ReadOnly=False | Shared=True | Id=9214750
INFO | Writing INSTANCE parameter 'NWB_WBS03' on element 8925103
INFO | Element 8925103 | NWB_WBS03 | Kind=Shared Parameter | Scope=instance | Storage=String | Old='Z00' | New='ENG'
INFO | Candidate: NWB_WBS04 | Scope=instance | Storage=String | ReadOnly=False | Shared=True | Id=9214762
INFO | Candidate: NWB_WBS05 | Scope=instance | Storage=String | ReadOnly=False | Shared=True | Id=9214810
INFO | Candidate: NWB_WBSCode | Scope=instance | Storage=String | ReadOnly=False | Shared=True | Id=9214774
INFO | Writing INSTANCE parameter 'NWB_WBSCode' on element 8925103
INFO | Element 8925103 | NWB_WBSCode | Kind=Shared Parameter | Scope=instance | Storage=String | Old='WBH-HO-06-Z00-ME-SI5' | New='WBH-HO-06-ENG-ME-SI5'
SOURCE | Element 8925103 | Cat=Ducts | Family=Rectangular Duct | Type= | Level=LEVEL 06 | System=Return Air | LinkedRoomLink=NWB-ACD-WBH-MH-MOD-0001 | LinkedRoomNumber=ENG.07.R10 | LinkedRoomName=Mechanical Riser, M10 | LinkedRoomDept=Engineering | LinkedRoomBuilding= | LinkedRoomSite= | LinkedRoomSource=self | ResolvedDept=Engineering | ResolvedBuilding= | ResolvedSite= | DisciplineHint=mechanical | AssetCandidates=ducts, ductwork | WBS00=WBH | WBS01=HO | WBS03=ENG | DesignPkg=NWB-GEN-ME-SCM-1091-A | BuildingPermitPkg=WBH - BP09
ELEMENT | 8925103 | Cat=Ducts | AssetScore=45 | AssetTypeCode=MDUC | AssetType=Ductwork | AssetCategory=Ductwork | Targets=NWB_AssetTypeCode=MDUC; NWB_AssetID=MDUC-HO-06-8925103; NWB_AssetType=Ductwork; NWB_Discipline=ME; NWB_Category=Ductwork; NWB_Department=Engineering; NWB_SubDepartment=; NWB_RoomID=ENG.07.R10; NWB_RoomName=Mechanical Riser, M10; NWB_Material=; NWB_System=Return Air; NWB_UniclassCode=Pr_65_65_25; NWB_UniclassDescription=Ductwork and fittings; NWB_DesignPkg=NWB-GEN-ME-SCM-1091-A; NWB_BuildingPermitPkg=WBH - BP09; NWB_WBS00=WBH; NWB_WBS01=HO; NWB_WBS02=06; NWB_WBS03=ENG; NWB_WBS04=ME; NWB_WBS05=SI5; NWB_WBSCode=WBH-HO-06-ENG-ME-SI5
INFO | Candidate: NWB_AssetTypeCode | Scope=instance | Storage=String | ReadOnly=False | Shared=True | Id=7626182
INFO | Candidate: NWB_AssetID | Scope=instance | Storage=String | ReadOnly=False | Shared=True | Id=7626164
INFO | Candidate: NWB_AssetType | Scope=instance | Storage=String | ReadOnly=False | Shared=True | Id=7626181
INFO | Candidate: NWB_Discipline | Scope=instance | Storage=String | ReadOnly=False | Shared=True | Id=7626159
INFO | Candidate: NWB_Category | Scope=instance | Storage=String | ReadOnly=False | Shared=True | Id=7626160
INFO | Candidate: NWB_Department | Scope=instance | Storage=String | ReadOnly=False | Shared=True | Id=7626168
INFO | Writing INSTANCE parameter 'NWB_Department' on element 8925138
INFO | Element 8925138 | NWB_Department | Kind=Shared Parameter | Scope=instance | Storage=String | Old='' | New='Engineering'
INFO | Candidate: NWB_RoomID | Scope=instance | Storage=String | ReadOnly=False | Shared=True | Id=7626177
INFO | Writing INSTANCE parameter 'NWB_RoomID' on element 8925138
INFO | Element 8925138 | NWB_RoomID | Kind=Shared Parameter | Scope=instance | Storage=String | Old='' | New='ENG.07.R10'
INFO | Candidate: NWB_RoomName | Scope=instance | Storage=String | ReadOnly=False | Shared=True | Id=7626169
INFO | Writing INSTANCE parameter 'NWB_RoomName' on element 8925138
INFO | Element 8925138 | NWB_RoomName | Kind=Shared Parameter | Scope=instance | Storage=String | Old='' | New='Mechanical Riser, M10'
INFO | Candidate: NWB_System | Scope=instance | Storage=String | ReadOnly=False | Shared=True | Id=7626163
INFO | Candidate: NWB_UniclassCode | Scope=instance | Storage=String | ReadOnly=False | Shared=True | Id=7626165
INFO | Candidate: NWB_UniclassDescription | Scope=instance | Storage=String | ReadOnly=False | Shared=True | Id=7626166
INFO | Candidate: NWB_DesignPkg | Scope=instance | Storage=String | ReadOnly=False | Shared=True | Id=7626167
ERROR | Element 8925138 | Category=Ducts | Family= | Parameter=NWB_BuildingPermitPkg | Reason=missing | Writable sample: AHU, AHU_AreaServed, AHU_Serves, AHU_Type, AHU_ZoneNumber, Building_No, COMPLETE Y/N, Classification.OmniClass.21.Description_INSTANCE, Classification.OmniClass.21.Number_INSTANCE, Classification.OmniClass.22.Description_INSTANCE, Classification.OmniClass.22.Number_INSTANCE, Classification.OmniClass.23.Description_INSTANCE, Classification.OmniClass.23.Number_INSTANCE, Classification.UniFormat.2010.Description, Classification.UniFormat.2010.Number, Comments, DUCT NUMBER, Description BOM Suffix, Duct Number, Ductwork Insulation - Lining
INFO | Candidate: NWB_WBS00 | Scope=instance | Storage=String | ReadOnly=False | Shared=True | Id=9214738
INFO | Candidate: NWB_WBS01 | Scope=instance | Storage=String | ReadOnly=False | Shared=True | Id=9214798
INFO | Candidate: NWB_WBS02 | Scope=instance | Storage=String | ReadOnly=False | Shared=True | Id=9214786
INFO | Candidate: NWB_WBS03 | Scope=instance | Storage=String | ReadOnly=False | Shared=True | Id=9214750
INFO | Writing INSTANCE parameter 'NWB_WBS03' on element 8925138
INFO | Element 8925138 | NWB_WBS03 | Kind=Shared Parameter | Scope=instance | Storage=String | Old='Z00' | New='ENG'
INFO | Candidate: NWB_WBS04 | Scope=instance | Storage=String | ReadOnly=False | Shared=True | Id=9214762
INFO | Candidate: NWB_WBS05 | Scope=instance | Storage=String | ReadOnly=False | Shared=True | Id=9214810
INFO | Candidate: NWB_WBSCode | Scope=instance | Storage=String | ReadOnly=False | Shared=True | Id=9214774
INFO | Writing INSTANCE parameter 'NWB_WBSCode' on element 8925138
INFO | Element 8925138 | NWB_WBSCode | Kind=Shared Parameter | Scope=instance | Storage=String | Old='WBH-HO-06-Z00-ME-SI5' | New='WBH-HO-06-ENG-ME-SI5'
SOURCE | Element 8925138 | Cat=Ducts | Family=Rectangular Duct | Type= | Level=LEVEL 06 | System=Return Air | LinkedRoomLink=NWB-ACD-WBH-MH-MOD-0001 | LinkedRoomNumber=ENG.07.R10 | LinkedRoomName=Mechanical Riser, M10 | LinkedRoomDept=Engineering | LinkedRoomBuilding= | LinkedRoomSite= | LinkedRoomSource=self | ResolvedDept=Engineering | ResolvedBuilding= | ResolvedSite= | DisciplineHint=mechanical | AssetCandidates=ducts, ductwork | WBS00=WBH | WBS01=HO | WBS03=ENG | DesignPkg=NWB-GEN-ME-SCM-1091-A | BuildingPermitPkg=WBH - BP09
ELEMENT | 8925138 | Cat=Ducts | AssetScore=45 | AssetTypeCode=MDUC | AssetType=Ductwork | AssetCategory=Ductwork | Targets=NWB_AssetTypeCode=MDUC; NWB_AssetID=MDUC-HO-06-8925138; NWB_AssetType=Ductwork; NWB_Discipline=ME; NWB_Category=Ductwork; NWB_Department=Engineering; NWB_SubDepartment=; NWB_RoomID=ENG.07.R10; NWB_RoomName=Mechanical Riser, M10; NWB_Material=; NWB_System=Return Air; NWB_UniclassCode=Pr_65_65_25; NWB_UniclassDescription=Ductwork and fittings; NWB_DesignPkg=NWB-GEN-ME-SCM-1091-A; NWB_BuildingPermitPkg=WBH - BP09; NWB_WBS00=WBH; NWB_WBS01=HO; NWB_WBS02=06; NWB_WBS03=ENG; NWB_WBS04=ME; NWB_WBS05=SI5; NWB_WBSCode=WBH-HO-06-ENG-ME-SI5
INFO | Candidate: NWB_AssetTypeCode | Scope=instance | Storage=String | ReadOnly=False | Shared=True | Id=7626182
INFO | Candidate: NWB_AssetID | Scope=instance | Storage=String | ReadOnly=False | Shared=True | Id=7626164
INFO | Candidate: NWB_AssetType | Scope=instance | Storage=String | ReadOnly=False | Shared=True | Id=7626181
INFO | Candidate: NWB_Discipline | Scope=instance | Storage=String | ReadOnly=False | Shared=True | Id=7626159
INFO | Candidate: NWB_Category | Scope=instance | Storage=String | ReadOnly=False | Shared=True | Id=7626160
INFO | Candidate: NWB_Department | Scope=instance | Storage=String | ReadOnly=False | Shared=True | Id=7626168
INFO | Writing INSTANCE parameter 'NWB_Department' on element 8928737
INFO | Element 8928737 | NWB_Department | Kind=Shared Parameter | Scope=instance | Storage=String | Old='PAT' | New='Engineering'
INFO | Candidate: NWB_SubDepartment | Scope=instance | Storage=String | ReadOnly=False | Shared=True | Id=7626178
INFO | Candidate: NWB_RoomID | Scope=instance | Storage=String | ReadOnly=False | Shared=True | Id=7626177
INFO | Writing INSTANCE parameter 'NWB_RoomID' on element 8928737
INFO | Element 8928737 | NWB_RoomID | Kind=Shared Parameter | Scope=instance | Storage=String | Old='WBH-W-07.075' | New='ENG.06.905'
INFO | Candidate: NWB_RoomName | Scope=instance | Storage=String | ReadOnly=False | Shared=True | Id=7626169
INFO | Writing INSTANCE parameter 'NWB_RoomName' on element 8928737
INFO | Element 8928737 | NWB_RoomName | Kind=Shared Parameter | Scope=instance | Storage=String | Old='Laboratory, Anatomical Pathology' | New='Plant Room'
INFO | Candidate: NWB_System | Scope=instance | Storage=String | ReadOnly=False | Shared=True | Id=7626163
INFO | Candidate: NWB_UniclassCode | Scope=instance | Storage=String | ReadOnly=False | Shared=True | Id=7626165
INFO | Candidate: NWB_UniclassDescription | Scope=instance | Storage=String | ReadOnly=False | Shared=True | Id=7626166
INFO | Candidate: NWB_DesignPkg | Scope=instance | Storage=String | ReadOnly=False | Shared=True | Id=7626167
ERROR | Element 8928737 | Category=Ducts | Family= | Parameter=NWB_BuildingPermitPkg | Reason=missing | Writable sample: AHU, AHU_AreaServed, AHU_Serves, AHU_Type, AHU_ZoneNumber, Building_No, COMPLETE Y/N, Classification.OmniClass.21.Description_INSTANCE, Classification.OmniClass.21.Number_INSTANCE, Classification.OmniClass.22.Description_INSTANCE, Classification.OmniClass.22.Number_INSTANCE, Classification.OmniClass.23.Description_INSTANCE, Classification.OmniClass.23.Number_INSTANCE, Classification.UniFormat.2010.Description, Classification.UniFormat.2010.Number, Comments, DUCT NUMBER, Description BOM Suffix, Duct Number, Ductwork Insulation - Lining
INFO | Candidate: NWB_WBS00 | Scope=instance | Storage=String | ReadOnly=False | Shared=True | Id=9214738
INFO | Candidate: NWB_WBS01 | Scope=instance | Storage=String | ReadOnly=False | Shared=True | Id=9214798
INFO | Candidate: NWB_WBS02 | Scope=instance | Storage=String | ReadOnly=False | Shared=True | Id=9214786
INFO | Candidate: NWB_WBS03 | Scope=instance | Storage=String | ReadOnly=False | Shared=True | Id=9214750
INFO | Writing INSTANCE parameter 'NWB_WBS03' on element 8928737
INFO | Element 8928737 | NWB_WBS03 | Kind=Shared Parameter | Scope=instance | Storage=String | Old='PAT' | New='ENG'
INFO | Candidate: NWB_WBS04 | Scope=instance | Storage=String | ReadOnly=False | Shared=True | Id=9214762
INFO | Candidate: NWB_WBS05 | Scope=instance | Storage=String | ReadOnly=False | Shared=True | Id=9214810
INFO | Candidate: NWB_WBSCode | Scope=instance | Storage=String | ReadOnly=False | Shared=True | Id=9214774
INFO | Writing INSTANCE parameter 'NWB_WBSCode' on element 8928737
INFO | Element 8928737 | NWB_WBSCode | Kind=Shared Parameter | Scope=instance | Storage=String | Old='WBH-HO-06-PAT-ME-SI5' | New='WBH-HO-06-ENG-ME-SI5'
SOURCE | Element 8928737 | Cat=Ducts | Family=Rectangular Duct | Type= | Level=LEVEL 06 | System=Supply Air | LinkedRoomLink=NWB-ACD-WBH-MH-MOD-0001 | LinkedRoomNumber=ENG.06.905 | LinkedRoomName=Plant Room | LinkedRoomDept=Engineering | LinkedRoomBuilding= | LinkedRoomSite= | LinkedRoomSource=self | ResolvedDept=Engineering | ResolvedBuilding= | ResolvedSite= | DisciplineHint=mechanical | AssetCandidates=ducts, ductwork | WBS00=WBH | WBS01=HO | WBS03=ENG | DesignPkg=NWB-GEN-ME-SCM-1091-A | BuildingPermitPkg=WBH - BP09
ELEMENT | 8928737 | Cat=Ducts | AssetScore=45 | AssetTypeCode=MDUC | AssetType=Ductwork | AssetCategory=Ductwork | Targets=NWB_AssetTypeCode=MDUC; NWB_AssetID=MDUC-HO-06-8928737; NWB_AssetType=Ductwork; NWB_Discipline=ME; NWB_Category=Ductwork; NWB_Department=Engineering; NWB_SubDepartment=01; NWB_RoomID=ENG.06.905; NWB_RoomName=Plant Room; NWB_Material=; NWB_System=Supply Air; NWB_UniclassCode=Pr_65_65_25; NWB_UniclassDescription=Ductwork and fittings; NWB_DesignPkg=NWB-GEN-ME-SCM-1091-A; NWB_BuildingPermitPkg=WBH - BP09; NWB_WBS00=WBH; NWB_WBS01=HO; NWB_WBS02=06; NWB_WBS03=ENG; NWB_WBS04=ME; NWB_WBS05=SI5; NWB_WBSCode=WBH-HO-06-ENG-ME-SI5
INFO | Candidate: NWB_AssetTypeCode | Scope=instance | Storage=String | ReadOnly=False | Shared=True | Id=7626182
INFO | Candidate: NWB_AssetID | Scope=instance | Storage=String | ReadOnly=False | Shared=True | Id=7626164
INFO | Candidate: NWB_AssetType | Scope=instance | Storage=String | ReadOnly=False | Shared=True | Id=7626181
INFO | Candidate: NWB_Discipline | Scope=instance | Storage=String | ReadOnly=False | Shared=True | Id=7626159
INFO | Candidate: NWB_Category | Scope=instance | Storage=String | ReadOnly=False | Shared=True | Id=7626160
INFO | Candidate: NWB_Department | Scope=instance | Storage=String | ReadOnly=False | Shared=True | Id=7626168
INFO | Writing INSTANCE parameter 'NWB_Department' on element 8928739
INFO | Element 8928739 | NWB_Department | Kind=Shared Parameter | Scope=instance | Storage=String | Old='PAT' | New='Engineering'
INFO | Candidate: NWB_SubDepartment | Scope=instance | Storage=String | ReadOnly=False | Shared=True | Id=7626178
INFO | Candidate: NWB_RoomID | Scope=instance | Storage=String | ReadOnly=False | Shared=True | Id=7626177
INFO | Writing INSTANCE parameter 'NWB_RoomID' on element 8928739
INFO | Element 8928739 | NWB_RoomID | Kind=Shared Parameter | Scope=instance | Storage=String | Old='WBH-W-07.075' | New='ENG.07.R10'
INFO | Candidate: NWB_RoomName | Scope=instance | Storage=String | ReadOnly=False | Shared=True | Id=7626169
INFO | Writing INSTANCE parameter 'NWB_RoomName' on element 8928739
INFO | Element 8928739 | NWB_RoomName | Kind=Shared Parameter | Scope=instance | Storage=String | Old='Laboratory, Anatomical Pathology' | New='Mechanical Riser, M10'
INFO | Candidate: NWB_System | Scope=instance | Storage=String | ReadOnly=False | Shared=True | Id=7626163
INFO | Candidate: NWB_UniclassCode | Scope=instance | Storage=String | ReadOnly=False | Shared=True | Id=7626165
INFO | Candidate: NWB_UniclassDescription | Scope=instance | Storage=String | ReadOnly=False | Shared=True | Id=7626166
INFO | Candidate: NWB_DesignPkg | Scope=instance | Storage=String | ReadOnly=False | Shared=True | Id=7626167
ERROR | Element 8928739 | Category=Ducts | Family= | Parameter=NWB_BuildingPermitPkg | Reason=missing | Writable sample: AHU, AHU_AreaServed, AHU_Serves, AHU_Type, AHU_ZoneNumber, Building_No, COMPLETE Y/N, Classification.OmniClass.21.Description_INSTANCE, Classification.OmniClass.21.Number_INSTANCE, Classification.OmniClass.22.Description_INSTANCE, Classification.OmniClass.22.Number_INSTANCE, Classification.OmniClass.23.Description_INSTANCE, Classification.OmniClass.23.Number_INSTANCE, Classification.UniFormat.2010.Description, Classification.UniFormat.2010.Number, Comments, DUCT NUMBER, Description BOM Suffix, Duct Number, Ductwork Insulation - Lining
INFO | Candidate: NWB_WBS00 | Scope=instance | Storage=String | ReadOnly=False | Shared=True | Id=9214738
INFO | Candidate: NWB_WBS01 | Scope=instance | Storage=String | ReadOnly=False | Shared=True | Id=9214798
INFO | Candidate: NWB_WBS02 | Scope=instance | Storage=String | ReadOnly=False | Shared=True | Id=9214786
INFO | Candidate: NWB_WBS03 | Scope=instance | Storage=String | ReadOnly=False | Shared=True | Id=9214750
INFO | Writing INSTANCE parameter 'NWB_WBS03' on element 8928739
INFO | Element 8928739 | NWB_WBS03 | Kind=Shared Parameter | Scope=instance | Storage=String | Old='PAT' | New='ENG'
INFO | Candidate: NWB_WBS04 | Scope=instance | Storage=String | ReadOnly=False | Shared=True | Id=9214762
INFO | Candidate: NWB_WBS05 | Scope=instance | Storage=String | ReadOnly=False | Shared=True | Id=9214810
INFO | Candidate: NWB_WBSCode | Scope=instance | Storage=String | ReadOnly=False | Shared=True | Id=9214774
INFO | Writing INSTANCE parameter 'NWB_WBSCode' on element 8928739
INFO | Element 8928739 | NWB_WBSCode | Kind=Shared Parameter | Scope=instance | Storage=String | Old='WBH-HO-07-PAT-ME-SI5' | New='WBH-HO-07-ENG-ME-SI5'
SOURCE | Element 8928739 | Cat=Ducts | Family=Rectangular Duct | Type= | Level=LEVEL 07 | System=Supply Air | LinkedRoomLink=NWB-ACD-WBH-MH-MOD-0001 | LinkedRoomNumber=ENG.07.R10 | LinkedRoomName=Mechanical Riser, M10 | LinkedRoomDept=Engineering | LinkedRoomBuilding= | LinkedRoomSite= | LinkedRoomSource=self | ResolvedDept=Engineering | ResolvedBuilding= | ResolvedSite= | DisciplineHint=mechanical | AssetCandidates=ducts, ductwork | WBS00=WBH | WBS01=HO | WBS03=ENG | DesignPkg=NWB-GEN-ME-SCM-1091-A | BuildingPermitPkg=WBH - BP09
ELEMENT | 8928739 | Cat=Ducts | AssetScore=45 | AssetTypeCode=MDUC | AssetType=Ductwork | AssetCategory=Ductwork | Targets=NWB_AssetTypeCode=MDUC; NWB_AssetID=MDUC-HO-07-8928739; NWB_AssetType=Ductwork; NWB_Discipline=ME; NWB_Category=Ductwork; NWB_Department=Engineering; NWB_SubDepartment=01; NWB_RoomID=ENG.07.R10; NWB_RoomName=Mechanical Riser, M10; NWB_Material=; NWB_System=Supply Air; NWB_UniclassCode=Pr_65_65_25; NWB_UniclassDescription=Ductwork and fittings; NWB_DesignPkg=NWB-GEN-ME-SCM-1091-A; NWB_BuildingPermitPkg=WBH - BP09; NWB_WBS00=WBH; NWB_WBS01=HO; NWB_WBS02=07; NWB_WBS03=ENG; NWB_WBS04=ME; NWB_WBS05=SI5; NWB_WBSCode=WBH-HO-07-ENG-ME-SI5
INFO | Candidate: NWB_AssetTypeCode | Scope=instance | Storage=String | ReadOnly=False | Shared=True | Id=7626182
INFO | Candidate: NWB_AssetID | Scope=instance | Storage=String | ReadOnly=False | Shared=True | Id=7626164
INFO | Candidate: NWB_AssetType | Scope=instance | Storage=String | ReadOnly=False | Shared=True | Id=7626181
INFO | Candidate: NWB_Discipline | Scope=instance | Storage=String | ReadOnly=False | Shared=True | Id=7626159
INFO | Candidate: NWB_Category | Scope=instance | Storage=String | ReadOnly=False | Shared=True | Id=7626160
INFO | Candidate: NWB_Department | Scope=instance | Storage=String | ReadOnly=False | Shared=True | Id=7626168
INFO | Candidate: NWB_SubDepartment | Scope=instance | Storage=String | ReadOnly=False | Shared=True | Id=7626178
INFO | Candidate: NWB_RoomID | Scope=instance | Storage=String | ReadOnly=False | Shared=True | Id=7626177
INFO | Candidate: NWB_RoomName | Scope=instance | Storage=String | ReadOnly=False | Shared=True | Id=7626169
INFO | Candidate: NWB_System | Scope=instance | Storage=String | ReadOnly=False | Shared=True | Id=7626163
INFO | Candidate: NWB_UniclassCode | Scope=instance | Storage=String | ReadOnly=False | Shared=True | Id=7626165
INFO | Candidate: NWB_UniclassDescription | Scope=instance | Storage=String | ReadOnly=False | Shared=True | Id=7626166
INFO | Candidate: NWB_DesignPkg | Scope=instance | Storage=String | ReadOnly=False | Shared=True | Id=7626167
ERROR | Element 8944390 | Category=Ducts | Family= | Parameter=NWB_BuildingPermitPkg | Reason=missing | Writable sample: AHU, AHU_AreaServed, AHU_Serves, AHU_Type, AHU_ZoneNumber, Building_No, COMPLETE Y/N, Classification.OmniClass.21.Description_INSTANCE, Classification.OmniClass.21.Number_INSTANCE, Classification.OmniClass.22.Description_INSTANCE, Classification.OmniClass.22.Number_INSTANCE, Classification.OmniClass.23.Description_INSTANCE, Classification.OmniClass.23.Number_INSTANCE, Classification.UniFormat.2010.Description, Classification.UniFormat.2010.Number, Comments, DUCT NUMBER, Description BOM Suffix, Duct Number, Ductwork Insulation - Lining
INFO | Candidate: NWB_WBS00 | Scope=instance | Storage=String | ReadOnly=False | Shared=True | Id=9214738
INFO | Candidate: NWB_WBS01 | Scope=instance | Storage=String | ReadOnly=False | Shared=True | Id=9214798
INFO | Candidate: NWB_WBS02 | Scope=instance | Storage=String | ReadOnly=False | Shared=True | Id=9214786
INFO | Candidate: NWB_WBS03 | Scope=instance | Storage=String | ReadOnly=False | Shared=True | Id=9214750
INFO | Candidate: NWB_WBS04 | Scope=instance | Storage=String | ReadOnly=False | Shared=True | Id=9214762
INFO | Candidate: NWB_WBS05 | Scope=instance | Storage=String | ReadOnly=False | Shared=True | Id=9214810
INFO | Candidate: NWB_WBSCode | Scope=instance | Storage=String | ReadOnly=False | Shared=True | Id=9214774
SOURCE | Element 8944390 | Cat=Ducts | Family=Rectangular Duct | Type= | Level=LEVEL 06 | System=Supply Air | LinkedRoomLink=NWB-ACD-WBH-MH-MOD-0001 | LinkedRoomNumber=ENG.07.R10 | LinkedRoomName=Mechanical Riser, M10 | LinkedRoomDept=Engineering | LinkedRoomBuilding= | LinkedRoomSite= | LinkedRoomSource=self | ResolvedDept=Engineering | ResolvedBuilding= | ResolvedSite= | DisciplineHint=mechanical | AssetCandidates=ducts, ductwork | WBS00=WBH | WBS01=HO | WBS03=ENG | DesignPkg=NWB-GEN-ME-SCM-1091-A | BuildingPermitPkg=WBH - BP09
ELEMENT | 8944390 | Cat=Ducts | AssetScore=45 | AssetTypeCode=MDUC | AssetType=Ductwork | AssetCategory=Ductwork | Targets=NWB_AssetTypeCode=MDUC; NWB_AssetID=MDUC-HO-06-8944390; NWB_AssetType=Ductwork; NWB_Discipline=ME; NWB_Category=Ductwork; NWB_Department=Engineering; NWB_SubDepartment=01; NWB_RoomID=ENG.07.R10; NWB_RoomName=Mechanical Riser, M10; NWB_Material=; NWB_System=Supply Air; NWB_UniclassCode=Pr_65_65_25; NWB_UniclassDescription=Ductwork and fittings; NWB_DesignPkg=NWB-GEN-ME-SCM-1091-A; NWB_BuildingPermitPkg=WBH - BP09; NWB_WBS00=WBH; NWB_WBS01=HO; NWB_WBS02=06; NWB_WBS03=ENG; NWB_WBS04=ME; NWB_WBS05=SI5; NWB_WBSCode=WBH-HO-06-ENG-ME-SI5
INFO | Candidate: NWB_AssetTypeCode | Scope=instance | Storage=String | ReadOnly=False | Shared=True | Id=7626182
INFO | Candidate: NWB_AssetID | Scope=instance | Storage=String | ReadOnly=False | Shared=True | Id=7626164
INFO | Candidate: NWB_AssetType | Scope=instance | Storage=String | ReadOnly=False | Shared=True | Id=7626181
INFO | Candidate: NWB_Discipline | Scope=instance | Storage=String | ReadOnly=False | Shared=True | Id=7626159
INFO | Candidate: NWB_Category | Scope=instance | Storage=String | ReadOnly=False | Shared=True | Id=7626160
INFO | Candidate: NWB_Department | Scope=instance | Storage=String | ReadOnly=False | Shared=True | Id=7626168
INFO | Candidate: NWB_RoomID | Scope=instance | Storage=String | ReadOnly=False | Shared=True | Id=7626177
INFO | Candidate: NWB_RoomName | Scope=instance | Storage=String | ReadOnly=False | Shared=True | Id=7626169
INFO | Candidate: NWB_System | Scope=instance | Storage=String | ReadOnly=False | Shared=True | Id=7626163
INFO | Candidate: NWB_UniclassCode | Scope=instance | Storage=String | ReadOnly=False | Shared=True | Id=7626165
INFO | Candidate: NWB_UniclassDescription | Scope=instance | Storage=String | ReadOnly=False | Shared=True | Id=7626166
INFO | Candidate: NWB_DesignPkg | Scope=instance | Storage=String | ReadOnly=False | Shared=True | Id=7626167
ERROR | Element 8945949 | Category=Ducts | Family= | Parameter=NWB_BuildingPermitPkg | Reason=missing | Writable sample: AHU, AHU_AreaServed, AHU_Serves, AHU_Type, AHU_ZoneNumber, Building_No, COMPLETE Y/N, Classification.OmniClass.21.Description_INSTANCE, Classification.OmniClass.21.Number_INSTANCE, Classification.OmniClass.22.Description_INSTANCE, Classification.OmniClass.22.Number_INSTANCE, Classification.OmniClass.23.Description_INSTANCE, Classification.OmniClass.23.Number_INSTANCE, Classification.UniFormat.2010.Description, Classification.UniFormat.2010.Number, Comments, DUCT NUMBER, Description BOM Suffix, Duct Number, Ductwork Insulation - Lining
INFO | Candidate: NWB_WBS00 | Scope=instance | Storage=String | ReadOnly=False | Shared=True | Id=9214738
INFO | Candidate: NWB_WBS01 | Scope=instance | Storage=String | ReadOnly=False | Shared=True | Id=9214798
INFO | Candidate: NWB_WBS02 | Scope=instance | Storage=String | ReadOnly=False | Shared=True | Id=9214786
INFO | Candidate: NWB_WBS03 | Scope=instance | Storage=String | ReadOnly=False | Shared=True | Id=9214750
INFO | Candidate: NWB_WBS04 | Scope=instance | Storage=String | ReadOnly=False | Shared=True | Id=9214762
INFO | Candidate: NWB_WBS05 | Scope=instance | Storage=String | ReadOnly=False | Shared=True | Id=9214810
INFO | Candidate: NWB_WBSCode | Scope=instance | Storage=String | ReadOnly=False | Shared=True | Id=9214774
SOURCE | Element 8945949 | Cat=Ducts | Family=Rectangular Duct | Type= | Level=LEVEL 06 | System=Supply Air | LinkedRoomLink=NWB-ACD-WBH-MH-MOD-0001 | LinkedRoomNumber=ENG.06.901 | LinkedRoomName=Plant Room | LinkedRoomDept=Engineering | LinkedRoomBuilding= | LinkedRoomSite= | LinkedRoomSource=self | ResolvedDept=Engineering | ResolvedBuilding= | ResolvedSite= | DisciplineHint=mechanical | AssetCandidates=ducts, ductwork | WBS00=WBH | WBS01=HO | WBS03=ENG | DesignPkg=NWB-GEN-ME-SCM-1091-A | BuildingPermitPkg=WBH - BP09
ELEMENT | 8945949 | Cat=Ducts | AssetScore=45 | AssetTypeCode=MDUC | AssetType=Ductwork | AssetCategory=Ductwork | Targets=NWB_AssetTypeCode=MDUC; NWB_AssetID=MDUC-HO-06-8945949; NWB_AssetType=Ductwork; NWB_Discipline=ME; NWB_Category=Ductwork; NWB_Department=Engineering; NWB_SubDepartment=; NWB_RoomID=ENG.06.901; NWB_RoomName=Plant Room; NWB_Material=; NWB_System=Supply Air; NWB_UniclassCode=Pr_65_65_25; NWB_UniclassDescription=Ductwork and fittings; NWB_DesignPkg=NWB-GEN-ME-SCM-1091-A; NWB_BuildingPermitPkg=WBH - BP09; NWB_WBS00=WBH; NWB_WBS01=HO; NWB_WBS02=06; NWB_WBS03=ENG; NWB_WBS04=ME; NWB_WBS05=SI5; NWB_WBSCode=WBH-HO-06-ENG-ME-SI5
INFO | Candidate: NWB_AssetTypeCode | Scope=instance | Storage=String | ReadOnly=False | Shared=True | Id=7626182
INFO | Candidate: NWB_AssetID | Scope=instance | Storage=String | ReadOnly=False | Shared=True | Id=7626164
INFO | Candidate: NWB_AssetType | Scope=instance | Storage=String | ReadOnly=False | Shared=True | Id=7626181
INFO | Candidate: NWB_Discipline | Scope=instance | Storage=String | ReadOnly=False | Shared=True | Id=7626159
INFO | Candidate: NWB_Category | Scope=instance | Storage=String | ReadOnly=False | Shared=True | Id=7626160
INFO | Candidate: NWB_Department | Scope=instance | Storage=String | ReadOnly=False | Shared=True | Id=7626168
INFO | Candidate: NWB_SubDepartment | Scope=instance | Storage=String | ReadOnly=False | Shared=True | Id=7626178
INFO | Candidate: NWB_RoomID | Scope=instance | Storage=String | ReadOnly=False | Shared=True | Id=7626177
INFO | Candidate: NWB_RoomName | Scope=instance | Storage=String | ReadOnly=False | Shared=True | Id=7626169
INFO | Candidate: NWB_System | Scope=instance | Storage=String | ReadOnly=False | Shared=True | Id=7626163
INFO | Candidate: NWB_UniclassCode | Scope=instance | Storage=String | ReadOnly=False | Shared=True | Id=7626165
INFO | Candidate: NWB_UniclassDescription | Scope=instance | Storage=String | ReadOnly=False | Shared=True | Id=7626166
INFO | Candidate: NWB_DesignPkg | Scope=instance | Storage=String | ReadOnly=False | Shared=True | Id=7626167
ERROR | Element 9036881 | Category=Ducts | Family= | Parameter=NWB_BuildingPermitPkg | Reason=missing | Writable sample: AHU, AHU_AreaServed, AHU_Serves, AHU_Type, AHU_ZoneNumber, Building_No, COMPLETE Y/N, Classification.OmniClass.21.Description_INSTANCE, Classification.OmniClass.21.Number_INSTANCE, Classification.OmniClass.22.Description_INSTANCE, Classification.OmniClass.22.Number_INSTANCE, Classification.OmniClass.23.Description_INSTANCE, Classification.OmniClass.23.Number_INSTANCE, Classification.UniFormat.2010.Description, Classification.UniFormat.2010.Number, Comments, DUCT NUMBER, Description BOM Suffix, Duct Number, Ductwork Insulation - Lining
INFO | Candidate: NWB_WBS00 | Scope=instance | Storage=String | ReadOnly=False | Shared=True | Id=9214738
INFO | Candidate: NWB_WBS01 | Scope=instance | Storage=String | ReadOnly=False | Shared=True | Id=9214798
INFO | Candidate: NWB_WBS02 | Scope=instance | Storage=String | ReadOnly=False | Shared=True | Id=9214786
INFO | Candidate: NWB_WBS03 | Scope=instance | Storage=String | ReadOnly=False | Shared=True | Id=9214750
INFO | Candidate: NWB_WBS04 | Scope=instance | Storage=String | ReadOnly=False | Shared=True | Id=9214762
INFO | Candidate: NWB_WBS05 | Scope=instance | Storage=String | ReadOnly=False | Shared=True | Id=9214810
INFO | Candidate: NWB_WBSCode | Scope=instance | Storage=String | ReadOnly=False | Shared=True | Id=9214774
SOURCE | Element 9036881 | Cat=Ducts | Family=Rectangular Duct | Type= | Level=LEVEL 06 | System=Supply Air | LinkedRoomLink=NWB-ACD-WBH-MH-MOD-0001 | LinkedRoomNumber=ENG.06.917 | LinkedRoomName=Air Compressor Room | LinkedRoomDept=Engineering | LinkedRoomBuilding= | LinkedRoomSite= | LinkedRoomSource=self | ResolvedDept=Engineering | ResolvedBuilding= | ResolvedSite= | DisciplineHint=mechanical | AssetCandidates=ducts, ductwork | WBS00=WBH | WBS01=HO | WBS03=ENG | DesignPkg=NWB-GEN-ME-SCM-1091-A | BuildingPermitPkg=WBH - BP09
ELEMENT | 9036881 | Cat=Ducts | AssetScore=45 | AssetTypeCode=MDUC | AssetType=Ductwork | AssetCategory=Ductwork | Targets=NWB_AssetTypeCode=MDUC; NWB_AssetID=MDUC-HO-06-9036881; NWB_AssetType=Ductwork; NWB_Discipline=ME; NWB_Category=Ductwork; NWB_Department=Engineering; NWB_SubDepartment=01; NWB_RoomID=ENG.06.917; NWB_RoomName=Air Compressor Room; NWB_Material=; NWB_System=Supply Air; NWB_UniclassCode=Pr_65_65_25; NWB_UniclassDescription=Ductwork and fittings; NWB_DesignPkg=NWB-GEN-ME-SCM-1091-A; NWB_BuildingPermitPkg=WBH - BP09; NWB_WBS00=WBH; NWB_WBS01=HO; NWB_WBS02=06; NWB_WBS03=ENG; NWB_WBS04=ME; NWB_WBS05=SI5; NWB_WBSCode=WBH-HO-06-ENG-ME-SI5
INFO | Candidate: NWB_AssetTypeCode | Scope=instance | Storage=String | ReadOnly=False | Shared=True | Id=7626182
INFO | Candidate: NWB_AssetID | Scope=instance | Storage=String | ReadOnly=False | Shared=True | Id=7626164
INFO | Candidate: NWB_AssetType | Scope=instance | Storage=String | ReadOnly=False | Shared=True | Id=7626181
INFO | Candidate: NWB_Discipline | Scope=instance | Storage=String | ReadOnly=False | Shared=True | Id=7626159
INFO | Candidate: NWB_Category | Scope=instance | Storage=String | ReadOnly=False | Shared=True | Id=7626160
INFO | Candidate: NWB_Department | Scope=instance | Storage=String | ReadOnly=False | Shared=True | Id=7626168
INFO | Candidate: NWB_SubDepartment | Scope=instance | Storage=String | ReadOnly=False | Shared=True | Id=7626178
INFO | Candidate: NWB_RoomID | Scope=instance | Storage=String | ReadOnly=False | Shared=True | Id=7626177
INFO | Candidate: NWB_RoomName | Scope=instance | Storage=String | ReadOnly=False | Shared=True | Id=7626169
INFO | Candidate: NWB_System | Scope=instance | Storage=String | ReadOnly=False | Shared=True | Id=7626163
INFO | Candidate: NWB_UniclassCode | Scope=instance | Storage=String | ReadOnly=False | Shared=True | Id=7626165
INFO | Candidate: NWB_UniclassDescription | Scope=instance | Storage=String | ReadOnly=False | Shared=True | Id=7626166
INFO | Candidate: NWB_DesignPkg | Scope=instance | Storage=String | ReadOnly=False | Shared=True | Id=7626167
ERROR | Element 9037278 | Category=Ducts | Family= | Parameter=NWB_BuildingPermitPkg | Reason=missing | Writable sample: AHU, AHU_AreaServed, AHU_Serves, AHU_Type, AHU_ZoneNumber, Building_No, COMPLETE Y/N, Classification.OmniClass.21.Description_INSTANCE, Classification.OmniClass.21.Number_INSTANCE, Classification.OmniClass.22.Description_INSTANCE, Classification.OmniClass.22.Number_INSTANCE, Classification.OmniClass.23.Description_INSTANCE, Classification.OmniClass.23.Number_INSTANCE, Classification.UniFormat.2010.Description, Classification.UniFormat.2010.Number, Comments, DUCT NUMBER, Description BOM Suffix, Duct Number, Ductwork Insulation - Lining
INFO | Candidate: NWB_WBS00 | Scope=instance | Storage=String | ReadOnly=False | Shared=True | Id=9214738
INFO | Candidate: NWB_WBS01 | Scope=instance | Storage=String | ReadOnly=False | Shared=True | Id=9214798
INFO | Candidate: NWB_WBS02 | Scope=instance | Storage=String | ReadOnly=False | Shared=True | Id=9214786
INFO | Candidate: NWB_WBS03 | Scope=instance | Storage=String | ReadOnly=False | Shared=True | Id=9214750
INFO | Candidate: NWB_WBS04 | Scope=instance | Storage=String | ReadOnly=False | Shared=True | Id=9214762
INFO | Candidate: NWB_WBS05 | Scope=instance | Storage=String | ReadOnly=False | Shared=True | Id=9214810
INFO | Candidate: NWB_WBSCode | Scope=instance | Storage=String | ReadOnly=False | Shared=True | Id=9214774
SOURCE | Element 9037278 | Cat=Ducts | Family=Rectangular Duct | Type= | Level=LEVEL 06 | System=Supply Air | LinkedRoomLink=NWB-ACD-WBH-MH-MOD-0001 | LinkedRoomNumber=ENG.06.903 | LinkedRoomName=Hydraulics CSSD Plant Room | LinkedRoomDept=Engineering | LinkedRoomBuilding= | LinkedRoomSite= | LinkedRoomSource=self | ResolvedDept=Engineering | ResolvedBuilding= | ResolvedSite= | DisciplineHint=mechanical | AssetCandidates=ducts, ductwork | WBS00=WBH | WBS01=HO | WBS03=ENG | DesignPkg=NWB-GEN-ME-SCM-1091-A | BuildingPermitPkg=WBH - BP09
ELEMENT | 9037278 | Cat=Ducts | AssetScore=45 | AssetTypeCode=MDUC | AssetType=Ductwork | AssetCategory=Ductwork | Targets=NWB_AssetTypeCode=MDUC; NWB_AssetID=MDUC-HO-06-9037278; NWB_AssetType=Ductwork; NWB_Discipline=ME; NWB_Category=Ductwork; NWB_Department=Engineering; NWB_SubDepartment=01; NWB_RoomID=ENG.06.903; NWB_RoomName=Hydraulics CSSD Plant Room; NWB_Material=; NWB_System=Supply Air; NWB_UniclassCode=Pr_65_65_25; NWB_UniclassDescription=Ductwork and fittings; NWB_DesignPkg=NWB-GEN-ME-SCM-1091-A; NWB_BuildingPermitPkg=WBH - BP09; NWB_WBS00=WBH; NWB_WBS01=HO; NWB_WBS02=06; NWB_WBS03=ENG; NWB_WBS04=ME; NWB_WBS05=SI5; NWB_WBSCode=WBH-HO-06-ENG-ME-SI5
INFO | Candidate: NWB_AssetTypeCode | Scope=instance | Storage=String | ReadOnly=False | Shared=True | Id=7626182
INFO | Candidate: NWB_AssetID | Scope=instance | Storage=String | ReadOnly=False | Shared=True | Id=7626164
INFO | Candidate: NWB_AssetType | Scope=instance | Storage=String | ReadOnly=False | Shared=True | Id=7626181
INFO | Candidate: NWB_Discipline | Scope=instance | Storage=String | ReadOnly=False | Shared=True | Id=7626159
INFO | Candidate: NWB_Category | Scope=instance | Storage=String | ReadOnly=False | Shared=True | Id=7626160
INFO | Candidate: NWB_Department | Scope=instance | Storage=String | ReadOnly=False | Shared=True | Id=7626168
INFO | Candidate: NWB_SubDepartment | Scope=instance | Storage=String | ReadOnly=False | Shared=True | Id=7626178
INFO | Candidate: NWB_RoomID | Scope=instance | Storage=String | ReadOnly=False | Shared=True | Id=7626177
INFO | Candidate: NWB_RoomName | Scope=instance | Storage=String | ReadOnly=False | Shared=True | Id=7626169
INFO | Candidate: NWB_System | Scope=instance | Storage=String | ReadOnly=False | Shared=True | Id=7626163
INFO | Candidate: NWB_UniclassCode | Scope=instance | Storage=String | ReadOnly=False | Shared=True | Id=7626165
INFO | Candidate: NWB_UniclassDescription | Scope=instance | Storage=String | ReadOnly=False | Shared=True | Id=7626166
INFO | Candidate: NWB_DesignPkg | Scope=instance | Storage=String | ReadOnly=False | Shared=True | Id=7626167
ERROR | Element 9048454 | Category=Ducts | Family= | Parameter=NWB_BuildingPermitPkg | Reason=missing | Writable sample: AHU, AHU_AreaServed, AHU_Serves, AHU_Type, AHU_ZoneNumber, Building_No, COMPLETE Y/N, Classification.OmniClass.21.Description_INSTANCE, Classification.OmniClass.21.Number_INSTANCE, Classification.OmniClass.22.Description_INSTANCE, Classification.OmniClass.22.Number_INSTANCE, Classification.OmniClass.23.Description_INSTANCE, Classification.OmniClass.23.Number_INSTANCE, Classification.UniFormat.2010.Description, Classification.UniFormat.2010.Number, Comments, DUCT NUMBER, Description BOM Suffix, Duct Number, Ductwork Insulation - Lining
INFO | Candidate: NWB_WBS00 | Scope=instance | Storage=String | ReadOnly=False | Shared=True | Id=9214738
INFO | Candidate: NWB_WBS01 | Scope=instance | Storage=String | ReadOnly=False | Shared=True | Id=9214798
INFO | Candidate: NWB_WBS02 | Scope=instance | Storage=String | ReadOnly=False | Shared=True | Id=9214786
INFO | Candidate: NWB_WBS03 | Scope=instance | Storage=String | ReadOnly=False | Shared=True | Id=9214750
INFO | Candidate: NWB_WBS04 | Scope=instance | Storage=String | ReadOnly=False | Shared=True | Id=9214762
INFO | Candidate: NWB_WBS05 | Scope=instance | Storage=String | ReadOnly=False | Shared=True | Id=9214810
INFO | Candidate: NWB_WBSCode | Scope=instance | Storage=String | ReadOnly=False | Shared=True | Id=9214774
SOURCE | Element 9048454 | Cat=Ducts | Family=Rectangular Duct | Type= | Level=LEVEL 06 | System=Supply Air | LinkedRoomLink=NWB-ARC-WBH-AR-MOD-0034 | LinkedRoomNumber=WBH-W-06-T10 | LinkedRoomName=Travel | LinkedRoomDept=TRA | LinkedRoomBuilding= | LinkedRoomSite= | LinkedRoomSource=self | ResolvedDept=TRA | ResolvedBuilding= | ResolvedSite= | DisciplineHint=mechanical | AssetCandidates=ducts, ductwork | WBS00=WBH | WBS01=HO | WBS03=TRA | DesignPkg=NWB-GEN-ME-SCM-1091-A | BuildingPermitPkg=WBH - BP09
ELEMENT | 9048454 | Cat=Ducts | AssetScore=45 | AssetTypeCode=MDUC | AssetType=Ductwork | AssetCategory=Ductwork | Targets=NWB_AssetTypeCode=MDUC; NWB_AssetID=MDUC-HO-06-9048454; NWB_AssetType=Ductwork; NWB_Discipline=ME; NWB_Category=Ductwork; NWB_Department=TRA; NWB_SubDepartment=HT; NWB_RoomID=WBH-W-06-T10; NWB_RoomName=Travel; NWB_Material=; NWB_System=Supply Air; NWB_UniclassCode=Pr_65_65_25; NWB_UniclassDescription=Ductwork and fittings; NWB_DesignPkg=NWB-GEN-ME-SCM-1091-A; NWB_BuildingPermitPkg=WBH - BP09; NWB_WBS00=WBH; NWB_WBS01=HO; NWB_WBS02=06; NWB_WBS03=TRA; NWB_WBS04=ME; NWB_WBS05=SI5; NWB_WBSCode=WBH-HO-06-TRA-ME-SI5
INFO | Candidate: NWB_AssetTypeCode | Scope=instance | Storage=String | ReadOnly=False | Shared=True | Id=7626182
INFO | Candidate: NWB_AssetID | Scope=instance | Storage=String | ReadOnly=False | Shared=True | Id=7626164
INFO | Candidate: NWB_AssetType | Scope=instance | Storage=String | ReadOnly=False | Shared=True | Id=7626181
INFO | Candidate: NWB_Discipline | Scope=instance | Storage=String | ReadOnly=False | Shared=True | Id=7626159
INFO | Candidate: NWB_Category | Scope=instance | Storage=String | ReadOnly=False | Shared=True | Id=7626160
INFO | Candidate: NWB_Department | Scope=instance | Storage=String | ReadOnly=False | Shared=True | Id=7626168
INFO | Candidate: NWB_SubDepartment | Scope=instance | Storage=String | ReadOnly=False | Shared=True | Id=7626178
INFO | Candidate: NWB_RoomID | Scope=instance | Storage=String | ReadOnly=False | Shared=True | Id=7626177
INFO | Candidate: NWB_RoomName | Scope=instance | Storage=String | ReadOnly=False | Shared=True | Id=7626169
INFO | Candidate: NWB_System | Scope=instance | Storage=String | ReadOnly=False | Shared=True | Id=7626163
INFO | Candidate: NWB_UniclassCode | Scope=instance | Storage=String | ReadOnly=False | Shared=True | Id=7626165
INFO | Candidate: NWB_UniclassDescription | Scope=instance | Storage=String | ReadOnly=False | Shared=True | Id=7626166
INFO | Candidate: NWB_DesignPkg | Scope=instance | Storage=String | ReadOnly=False | Shared=True | Id=7626167
ERROR | Element 9048525 | Category=Ducts | Family= | Parameter=NWB_BuildingPermitPkg | Reason=missing | Writable sample: AHU, AHU_AreaServed, AHU_Serves, AHU_Type, AHU_ZoneNumber, Building_No, COMPLETE Y/N, Classification.OmniClass.21.Description_INSTANCE, Classification.OmniClass.21.Number_INSTANCE, Classification.OmniClass.22.Description_INSTANCE, Classification.OmniClass.22.Number_INSTANCE, Classification.OmniClass.23.Description_INSTANCE, Classification.OmniClass.23.Number_INSTANCE, Classification.UniFormat.2010.Description, Classification.UniFormat.2010.Number, Comments, DUCT NUMBER, Description BOM Suffix, Duct Number, Ductwork Insulation - Lining
INFO | Candidate: NWB_WBS00 | Scope=instance | Storage=String | ReadOnly=False | Shared=True | Id=9214738
INFO | Candidate: NWB_WBS01 | Scope=instance | Storage=String | ReadOnly=False | Shared=True | Id=9214798
INFO | Candidate: NWB_WBS02 | Scope=instance | Storage=String | ReadOnly=False | Shared=True | Id=9214786
INFO | Candidate: NWB_WBS03 | Scope=instance | Storage=String | ReadOnly=False | Shared=True | Id=9214750
INFO | Candidate: NWB_WBS04 | Scope=instance | Storage=String | ReadOnly=False | Shared=True | Id=9214762
INFO | Candidate: NWB_WBS05 | Scope=instance | Storage=String | ReadOnly=False | Shared=True | Id=9214810
INFO | Candidate: NWB_WBSCode | Scope=instance | Storage=String | ReadOnly=False | Shared=True | Id=9214774
SOURCE | Element 9048525 | Cat=Ducts | Family=Rectangular Duct | Type= | Level=LEVEL 06 | System=Supply Air | LinkedRoomLink=NWB-ARC-WBH-AR-MOD-0034 | LinkedRoomNumber=WBH-W-06-C03 | LinkedRoomName=Corridor | LinkedRoomDept=CSD | LinkedRoomBuilding= | LinkedRoomSite= | LinkedRoomSource=self | ResolvedDept=CSD | ResolvedBuilding= | ResolvedSite= | DisciplineHint=mechanical | AssetCandidates=ducts, ductwork | WBS00=WBH | WBS01=HO | WBS03=CSD | DesignPkg=NWB-GEN-ME-SCM-1091-A | BuildingPermitPkg=WBH - BP09
ELEMENT | 9048525 | Cat=Ducts | AssetScore=45 | AssetTypeCode=MDUC | AssetType=Ductwork | AssetCategory=Ductwork | Targets=NWB_AssetTypeCode=MDUC; NWB_AssetID=MDUC-HO-06-9048525; NWB_AssetType=Ductwork; NWB_Discipline=ME; NWB_Category=Ductwork; NWB_Department=CSD; NWB_SubDepartment=IC; NWB_RoomID=WBH-W-06-C03; NWB_RoomName=Corridor; NWB_Material=; NWB_System=Supply Air; NWB_UniclassCode=Pr_65_65_25; NWB_UniclassDescription=Ductwork and fittings; NWB_DesignPkg=NWB-GEN-ME-SCM-1091-A; NWB_BuildingPermitPkg=WBH - BP09; NWB_WBS00=WBH; NWB_WBS01=HO; NWB_WBS02=06; NWB_WBS03=CSD; NWB_WBS04=ME; NWB_WBS05=SI5; NWB_WBSCode=WBH-HO-06-CSD-ME-SI5
INFO | Candidate: NWB_AssetTypeCode | Scope=instance | Storage=String | ReadOnly=False | Shared=True | Id=7626182
INFO | Candidate: NWB_AssetID | Scope=instance | Storage=String | ReadOnly=False | Shared=True | Id=7626164
INFO | Candidate: NWB_AssetType | Scope=instance | Storage=String | ReadOnly=False | Shared=True | Id=7626181
INFO | Candidate: NWB_Discipline | Scope=instance | Storage=String | ReadOnly=False | Shared=True | Id=7626159
INFO | Candidate: NWB_Category | Scope=instance | Storage=String | ReadOnly=False | Shared=True | Id=7626160
INFO | Candidate: NWB_Department | Scope=instance | Storage=String | ReadOnly=False | Shared=True | Id=7626168
INFO | Candidate: NWB_SubDepartment | Scope=instance | Storage=String | ReadOnly=False | Shared=True | Id=7626178
INFO | Candidate: NWB_RoomID | Scope=instance | Storage=String | ReadOnly=False | Shared=True | Id=7626177
INFO | Candidate: NWB_RoomName | Scope=instance | Storage=String | ReadOnly=False | Shared=True | Id=7626169
INFO | Candidate: NWB_System | Scope=instance | Storage=String | ReadOnly=False | Shared=True | Id=7626163
INFO | Candidate: NWB_UniclassCode | Scope=instance | Storage=String | ReadOnly=False | Shared=True | Id=7626165
INFO | Candidate: NWB_UniclassDescription | Scope=instance | Storage=String | ReadOnly=False | Shared=True | Id=7626166
INFO | Candidate: NWB_DesignPkg | Scope=instance | Storage=String | ReadOnly=False | Shared=True | Id=7626167
ERROR | Element 9048532 | Category=Ducts | Family= | Parameter=NWB_BuildingPermitPkg | Reason=missing | Writable sample: AHU, AHU_AreaServed, AHU_Serves, AHU_Type, AHU_ZoneNumber, Building_No, COMPLETE Y/N, Classification.OmniClass.21.Description_INSTANCE, Classification.OmniClass.21.Number_INSTANCE, Classification.OmniClass.22.Description_INSTANCE, Classification.OmniClass.22.Number_INSTANCE, Classification.OmniClass.23.Description_INSTANCE, Classification.OmniClass.23.Number_INSTANCE, Classification.UniFormat.2010.Description, Classification.UniFormat.2010.Number, Comments, DUCT NUMBER, Description BOM Suffix, Duct Number, Ductwork Insulation - Lining
INFO | Candidate: NWB_WBS00 | Scope=instance | Storage=String | ReadOnly=False | Shared=True | Id=9214738
INFO | Candidate: NWB_WBS01 | Scope=instance | Storage=String | ReadOnly=False | Shared=True | Id=9214798
INFO | Candidate: NWB_WBS02 | Scope=instance | Storage=String | ReadOnly=False | Shared=True | Id=9214786
INFO | Candidate: NWB_WBS03 | Scope=instance | Storage=String | ReadOnly=False | Shared=True | Id=9214750
INFO | Candidate: NWB_WBS04 | Scope=instance | Storage=String | ReadOnly=False | Shared=True | Id=9214762
INFO | Candidate: NWB_WBS05 | Scope=instance | Storage=String | ReadOnly=False | Shared=True | Id=9214810
INFO | Candidate: NWB_WBSCode | Scope=instance | Storage=String | ReadOnly=False | Shared=True | Id=9214774
SOURCE | Element 9048532 | Cat=Ducts | Family=Rectangular Duct | Type= | Level=LEVEL 06 | System=Supply Air | LinkedRoomLink=NWB-ARC-WBH-AR-MOD-0034 | LinkedRoomNumber=WBH-W-06-054 | LinkedRoomName=Cleaning, De-Contamination Room | LinkedRoomDept=CSD | LinkedRoomBuilding= | LinkedRoomSite= | LinkedRoomSource=self | ResolvedDept=CSD | ResolvedBuilding= | ResolvedSite= | DisciplineHint=mechanical | AssetCandidates=ducts, ductwork | WBS00=WBH | WBS01=HO | WBS03=CSD | DesignPkg=NWB-GEN-ME-SCM-1091-A | BuildingPermitPkg=WBH - BP09
ELEMENT | 9048532 | Cat=Ducts | AssetScore=45 | AssetTypeCode=MDUC | AssetType=Ductwork | AssetCategory=Ductwork | Targets=NWB_AssetTypeCode=MDUC; NWB_AssetID=MDUC-HO-06-9048532; NWB_AssetType=Ductwork; NWB_Discipline=ME; NWB_Category=Ductwork; NWB_Department=CSD; NWB_SubDepartment=02; NWB_RoomID=WBH-W-06-054; NWB_RoomName=Cleaning, De-Contamination Room; NWB_Material=; NWB_System=Supply Air; NWB_UniclassCode=Pr_65_65_25; NWB_UniclassDescription=Ductwork and fittings; NWB_DesignPkg=NWB-GEN-ME-SCM-1091-A; NWB_BuildingPermitPkg=WBH - BP09; NWB_WBS00=WBH; NWB_WBS01=HO; NWB_WBS02=06; NWB_WBS03=CSD; NWB_WBS04=ME; NWB_WBS05=SI5; NWB_WBSCode=WBH-HO-06-CSD-ME-SI5
INFO | Candidate: NWB_AssetTypeCode | Scope=instance | Storage=String | ReadOnly=False | Shared=True | Id=7626182
INFO | Candidate: NWB_AssetID | Scope=instance | Storage=String | ReadOnly=False | Shared=True | Id=7626164
INFO | Candidate: NWB_AssetType | Scope=instance | Storage=String | ReadOnly=False | Shared=True | Id=7626181
INFO | Candidate: NWB_Discipline | Scope=instance | Storage=String | ReadOnly=False | Shared=True | Id=7626159
INFO | Candidate: NWB_Category | Scope=instance | Storage=String | ReadOnly=False | Shared=True | Id=7626160
INFO | Candidate: NWB_Department | Scope=instance | Storage=String | ReadOnly=False | Shared=True | Id=7626168
INFO | Candidate: NWB_SubDepartment | Scope=instance | Storage=String | ReadOnly=False | Shared=True | Id=7626178
INFO | Candidate: NWB_RoomID | Scope=instance | Storage=String | ReadOnly=False | Shared=True | Id=7626177
INFO | Candidate: NWB_RoomName | Scope=instance | Storage=String | ReadOnly=False | Shared=True | Id=7626169
INFO | Candidate: NWB_System | Scope=instance | Storage=String | ReadOnly=False | Shared=True | Id=7626163
INFO | Candidate: NWB_UniclassCode | Scope=instance | Storage=String | ReadOnly=False | Shared=True | Id=7626165
INFO | Candidate: NWB_UniclassDescription | Scope=instance | Storage=String | ReadOnly=False | Shared=True | Id=7626166
INFO | Candidate: NWB_DesignPkg | Scope=instance | Storage=String | ReadOnly=False | Shared=True | Id=7626167
ERROR | Element 9048834 | Category=Ducts | Family= | Parameter=NWB_BuildingPermitPkg | Reason=missing | Writable sample: AHU, AHU_AreaServed, AHU_Serves, AHU_Type, AHU_ZoneNumber, Building_No, COMPLETE Y/N, Classification.OmniClass.21.Description_INSTANCE, Classification.OmniClass.21.Number_INSTANCE, Classification.OmniClass.22.Description_INSTANCE, Classification.OmniClass.22.Number_INSTANCE, Classification.OmniClass.23.Description_INSTANCE, Classification.OmniClass.23.Number_INSTANCE, Classification.UniFormat.2010.Description, Classification.UniFormat.2010.Number, Comments, DUCT NUMBER, Description BOM Suffix, Duct Number, Ductwork Insulation - Lining
INFO | Candidate: NWB_WBS00 | Scope=instance | Storage=String | ReadOnly=False | Shared=True | Id=9214738
INFO | Candidate: NWB_WBS01 | Scope=instance | Storage=String | ReadOnly=False | Shared=True | Id=9214798
INFO | Candidate: NWB_WBS02 | Scope=instance | Storage=String | ReadOnly=False | Shared=True | Id=9214786
INFO | Candidate: NWB_WBS03 | Scope=instance | Storage=String | ReadOnly=False | Shared=True | Id=9214750
INFO | Candidate: NWB_WBS04 | Scope=instance | Storage=String | ReadOnly=False | Shared=True | Id=9214762
INFO | Candidate: NWB_WBS05 | Scope=instance | Storage=String | ReadOnly=False | Shared=True | Id=9214810
INFO | Candidate: NWB_WBSCode | Scope=instance | Storage=String | ReadOnly=False | Shared=True | Id=9214774
SOURCE | Element 9048834 | Cat=Ducts | Family=Rectangular Duct | Type= | Level=LEVEL 06 | System=Supply Air | LinkedRoomLink=NWB-ARC-WBH-AR-MOD-0034 | LinkedRoomNumber=WBH-W-06-C01 | LinkedRoomName=Corridor | LinkedRoomDept=CSD | LinkedRoomBuilding= | LinkedRoomSite= | LinkedRoomSource=self | ResolvedDept=CSD | ResolvedBuilding= | ResolvedSite= | DisciplineHint=mechanical | AssetCandidates=ducts, ductwork | WBS00=WBH | WBS01=HO | WBS03=CSD | DesignPkg=NWB-GEN-ME-SCM-1091-A | BuildingPermitPkg=WBH - BP09
ELEMENT | 9048834 | Cat=Ducts | AssetScore=45 | AssetTypeCode=MDUC | AssetType=Ductwork | AssetCategory=Ductwork | Targets=NWB_AssetTypeCode=MDUC; NWB_AssetID=MDUC-HO-06-9048834; NWB_AssetType=Ductwork; NWB_Discipline=ME; NWB_Category=Ductwork; NWB_Department=CSD; NWB_SubDepartment=IC; NWB_RoomID=WBH-W-06-C01; NWB_RoomName=Corridor; NWB_Material=; NWB_System=Supply Air; NWB_UniclassCode=Pr_65_65_25; NWB_UniclassDescription=Ductwork and fittings; NWB_DesignPkg=NWB-GEN-ME-SCM-1091-A; NWB_BuildingPermitPkg=WBH - BP09; NWB_WBS00=WBH; NWB_WBS01=HO; NWB_WBS02=06; NWB_WBS03=CSD; NWB_WBS04=ME; NWB_WBS05=SI5; NWB_WBSCode=WBH-HO-06-CSD-ME-SI5
INFO | Candidate: NWB_AssetTypeCode | Scope=instance | Storage=String | ReadOnly=False | Shared=True | Id=7626182
INFO | Candidate: NWB_AssetID | Scope=instance | Storage=String | ReadOnly=False | Shared=True | Id=7626164
INFO | Candidate: NWB_AssetType | Scope=instance | Storage=String | ReadOnly=False | Shared=True | Id=7626181
INFO | Candidate: NWB_Discipline | Scope=instance | Storage=String | ReadOnly=False | Shared=True | Id=7626159
INFO | Candidate: NWB_Category | Scope=instance | Storage=String | ReadOnly=False | Shared=True | Id=7626160
INFO | Candidate: NWB_Department | Scope=instance | Storage=String | ReadOnly=False | Shared=True | Id=7626168
INFO | Candidate: NWB_RoomID | Scope=instance | Storage=String | ReadOnly=False | Shared=True | Id=7626177
INFO | Candidate: NWB_RoomName | Scope=instance | Storage=String | ReadOnly=False | Shared=True | Id=7626169
INFO | Candidate: NWB_System | Scope=instance | Storage=String | ReadOnly=False | Shared=True | Id=7626163
INFO | Candidate: NWB_UniclassCode | Scope=instance | Storage=String | ReadOnly=False | Shared=True | Id=7626165
INFO | Candidate: NWB_UniclassDescription | Scope=instance | Storage=String | ReadOnly=False | Shared=True | Id=7626166
INFO | Candidate: NWB_DesignPkg | Scope=instance | Storage=String | ReadOnly=False | Shared=True | Id=7626167
ERROR | Element 9048869 | Category=Ducts | Family= | Parameter=NWB_BuildingPermitPkg | Reason=missing | Writable sample: AHU, AHU_AreaServed, AHU_Serves, AHU_Type, AHU_ZoneNumber, Building_No, COMPLETE Y/N, Classification.OmniClass.21.Description_INSTANCE, Classification.OmniClass.21.Number_INSTANCE, Classification.OmniClass.22.Description_INSTANCE, Classification.OmniClass.22.Number_INSTANCE, Classification.OmniClass.23.Description_INSTANCE, Classification.OmniClass.23.Number_INSTANCE, Classification.UniFormat.2010.Description, Classification.UniFormat.2010.Number, Comments, DUCT NUMBER, Description BOM Suffix, Duct Number, Ductwork Insulation - Lining
INFO | Candidate: NWB_WBS00 | Scope=instance | Storage=String | ReadOnly=False | Shared=True | Id=9214738
INFO | Candidate: NWB_WBS01 | Scope=instance | Storage=String | ReadOnly=False | Shared=True | Id=9214798
INFO | Candidate: NWB_WBS02 | Scope=instance | Storage=String | ReadOnly=False | Shared=True | Id=9214786
INFO | Candidate: NWB_WBS03 | Scope=instance | Storage=String | ReadOnly=False | Shared=True | Id=9214750
INFO | Candidate: NWB_WBS04 | Scope=instance | Storage=String | ReadOnly=False | Shared=True | Id=9214762
INFO | Candidate: NWB_WBS05 | Scope=instance | Storage=String | ReadOnly=False | Shared=True | Id=9214810
INFO | Candidate: NWB_WBSCode | Scope=instance | Storage=String | ReadOnly=False | Shared=True | Id=9214774
SOURCE | Element 9048869 | Cat=Ducts | Family=Rectangular Duct | Type= | Level=LEVEL 06 | System=Supply Air | LinkedRoomLink=NWB-ACD-WBH-MH-MOD-0001 | LinkedRoomNumber=ENG.06.925 | LinkedRoomName=Floor Comms Room | LinkedRoomDept=Engineering | LinkedRoomBuilding= | LinkedRoomSite= | LinkedRoomSource=self | ResolvedDept=Engineering | ResolvedBuilding= | ResolvedSite= | DisciplineHint=mechanical | AssetCandidates=ducts, ductwork | WBS00=WBH | WBS01=HO | WBS03=ENG | DesignPkg=NWB-GEN-ME-SCM-1091-A | BuildingPermitPkg=WBH - BP09
ELEMENT | 9048869 | Cat=Ducts | AssetScore=45 | AssetTypeCode=MDUC | AssetType=Ductwork | AssetCategory=Ductwork | Targets=NWB_AssetTypeCode=MDUC; NWB_AssetID=MDUC-HO-06-9048869; NWB_AssetType=Ductwork; NWB_Discipline=ME; NWB_Category=Ductwork; NWB_Department=Engineering; NWB_SubDepartment=; NWB_RoomID=ENG.06.925; NWB_RoomName=Floor Comms Room; NWB_Material=; NWB_System=Supply Air; NWB_UniclassCode=Pr_65_65_25; NWB_UniclassDescription=Ductwork and fittings; NWB_DesignPkg=NWB-GEN-ME-SCM-1091-A; NWB_BuildingPermitPkg=WBH - BP09; NWB_WBS00=WBH; NWB_WBS01=HO; NWB_WBS02=06; NWB_WBS03=ENG; NWB_WBS04=ME; NWB_WBS05=SI5; NWB_WBSCode=WBH-HO-06-ENG-ME-SI5
INFO | Candidate: NWB_AssetTypeCode | Scope=instance | Storage=String | ReadOnly=False | Shared=True | Id=7626182
INFO | Candidate: NWB_AssetID | Scope=instance | Storage=String | ReadOnly=False | Shared=True | Id=7626164
INFO | Candidate: NWB_AssetType | Scope=instance | Storage=String | ReadOnly=False | Shared=True | Id=7626181
INFO | Candidate: NWB_Discipline | Scope=instance | Storage=String | ReadOnly=False | Shared=True | Id=7626159
INFO | Candidate: NWB_Category | Scope=instance | Storage=String | ReadOnly=False | Shared=True | Id=7626160
INFO | Candidate: NWB_Department | Scope=instance | Storage=String | ReadOnly=False | Shared=True | Id=7626168
INFO | Candidate: NWB_SubDepartment | Scope=instance | Storage=String | ReadOnly=False | Shared=True | Id=7626178
INFO | Candidate: NWB_RoomID | Scope=instance | Storage=String | ReadOnly=False | Shared=True | Id=7626177
INFO | Candidate: NWB_RoomName | Scope=instance | Storage=String | ReadOnly=False | Shared=True | Id=7626169
INFO | Candidate: NWB_System | Scope=instance | Storage=String | ReadOnly=False | Shared=True | Id=7626163
INFO | Candidate: NWB_UniclassCode | Scope=instance | Storage=String | ReadOnly=False | Shared=True | Id=7626165
INFO | Candidate: NWB_UniclassDescription | Scope=instance | Storage=String | ReadOnly=False | Shared=True | Id=7626166
INFO | Candidate: NWB_DesignPkg | Scope=instance | Storage=String | ReadOnly=False | Shared=True | Id=7626167
ERROR | Element 9048915 | Category=Ducts | Family= | Parameter=NWB_BuildingPermitPkg | Reason=missing | Writable sample: AHU, AHU_AreaServed, AHU_Serves, AHU_Type, AHU_ZoneNumber, Building_No, COMPLETE Y/N, Classification.OmniClass.21.Description_INSTANCE, Classification.OmniClass.21.Number_INSTANCE, Classification.OmniClass.22.Description_INSTANCE, Classification.OmniClass.22.Number_INSTANCE, Classification.OmniClass.23.Description_INSTANCE, Classification.OmniClass.23.Number_INSTANCE, Classification.UniFormat.2010.Description, Classification.UniFormat.2010.Number, Comments, DUCT NUMBER, Description BOM Suffix, Duct Number, Ductwork Insulation - Lining
INFO | Candidate: NWB_WBS00 | Scope=instance | Storage=String | ReadOnly=False | Shared=True | Id=9214738
INFO | Candidate: NWB_WBS01 | Scope=instance | Storage=String | ReadOnly=False | Shared=True | Id=9214798
INFO | Candidate: NWB_WBS02 | Scope=instance | Storage=String | ReadOnly=False | Shared=True | Id=9214786
INFO | Candidate: NWB_WBS03 | Scope=instance | Storage=String | ReadOnly=False | Shared=True | Id=9214750
INFO | Candidate: NWB_WBS04 | Scope=instance | Storage=String | ReadOnly=False | Shared=True | Id=9214762
INFO | Candidate: NWB_WBS05 | Scope=instance | Storage=String | ReadOnly=False | Shared=True | Id=9214810
INFO | Candidate: NWB_WBSCode | Scope=instance | Storage=String | ReadOnly=False | Shared=True | Id=9214774
SOURCE | Element 9048915 | Cat=Ducts | Family=Rectangular Duct | Type= | Level=LEVEL 06 | System=Supply Air | LinkedRoomLink=NWB-ARC-WBH-AR-MOD-0034 | LinkedRoomNumber=WBH-W-06-054 | LinkedRoomName=Cleaning, De-Contamination Room | LinkedRoomDept=CSD | LinkedRoomBuilding= | LinkedRoomSite= | LinkedRoomSource=self | ResolvedDept=CSD | ResolvedBuilding= | ResolvedSite= | DisciplineHint=mechanical | AssetCandidates=ducts, ductwork | WBS00=WBH | WBS01=HO | WBS03=CSD | DesignPkg=NWB-GEN-ME-SCM-1091-A | BuildingPermitPkg=WBH - BP09
ELEMENT | 9048915 | Cat=Ducts | AssetScore=45 | AssetTypeCode=MDUC | AssetType=Ductwork | AssetCategory=Ductwork | Targets=NWB_AssetTypeCode=MDUC; NWB_AssetID=MDUC-HO-06-9048915; NWB_AssetType=Ductwork; NWB_Discipline=ME; NWB_Category=Ductwork; NWB_Department=CSD; NWB_SubDepartment=02; NWB_RoomID=WBH-W-06-054; NWB_RoomName=Cleaning, De-Contamination Room; NWB_Material=; NWB_System=Supply Air; NWB_UniclassCode=Pr_65_65_25; NWB_UniclassDescription=Ductwork and fittings; NWB_DesignPkg=NWB-GEN-ME-SCM-1091-A; NWB_BuildingPermitPkg=WBH - BP09; NWB_WBS00=WBH; NWB_WBS01=HO; NWB_WBS02=06; NWB_WBS03=CSD; NWB_WBS04=ME; NWB_WBS05=SI5; NWB_WBSCode=WBH-HO-06-CSD-ME-SI5
INFO | Candidate: NWB_AssetTypeCode | Scope=instance | Storage=String | ReadOnly=False | Shared=True | Id=7626182
INFO | Candidate: NWB_AssetID | Scope=instance | Storage=String | ReadOnly=False | Shared=True | Id=7626164
INFO | Candidate: NWB_AssetType | Scope=instance | Storage=String | ReadOnly=False | Shared=True | Id=7626181
INFO | Candidate: NWB_Discipline | Scope=instance | Storage=String | ReadOnly=False | Shared=True | Id=7626159
INFO | Candidate: NWB_Category | Scope=instance | Storage=String | ReadOnly=False | Shared=True | Id=7626160
INFO | Candidate: NWB_Department | Scope=instance | Storage=String | ReadOnly=False | Shared=True | Id=7626168
INFO | Candidate: NWB_SubDepartment | Scope=instance | Storage=String | ReadOnly=False | Shared=True | Id=7626178
INFO | Candidate: NWB_RoomID | Scope=instance | Storage=String | ReadOnly=False | Shared=True | Id=7626177
INFO | Candidate: NWB_RoomName | Scope=instance | Storage=String | ReadOnly=False | Shared=True | Id=7626169
INFO | Candidate: NWB_System | Scope=instance | Storage=String | ReadOnly=False | Shared=True | Id=7626163
INFO | Candidate: NWB_UniclassCode | Scope=instance | Storage=String | ReadOnly=False | Shared=True | Id=7626165
INFO | Candidate: NWB_UniclassDescription | Scope=instance | Storage=String | ReadOnly=False | Shared=True | Id=7626166
INFO | Candidate: NWB_DesignPkg | Scope=instance | Storage=String | ReadOnly=False | Shared=True | Id=7626167
ERROR | Element 9048983 | Category=Ducts | Family= | Parameter=NWB_BuildingPermitPkg | Reason=missing | Writable sample: AHU, AHU_AreaServed, AHU_Serves, AHU_Type, AHU_ZoneNumber, Building_No, COMPLETE Y/N, Classification.OmniClass.21.Description_INSTANCE, Classification.OmniClass.21.Number_INSTANCE, Classification.OmniClass.22.Description_INSTANCE, Classification.OmniClass.22.Number_INSTANCE, Classification.OmniClass.23.Description_INSTANCE, Classification.OmniClass.23.Number_INSTANCE, Classification.UniFormat.2010.Description, Classification.UniFormat.2010.Number, Comments, DUCT NUMBER, Description BOM Suffix, Duct Number, Ductwork Insulation - Lining
INFO | Candidate: NWB_WBS00 | Scope=instance | Storage=String | ReadOnly=False | Shared=True | Id=9214738
INFO | Candidate: NWB_WBS01 | Scope=instance | Storage=String | ReadOnly=False | Shared=True | Id=9214798
INFO | Candidate: NWB_WBS02 | Scope=instance | Storage=String | ReadOnly=False | Shared=True | Id=9214786
INFO | Candidate: NWB_WBS03 | Scope=instance | Storage=String | ReadOnly=False | Shared=True | Id=9214750
INFO | Candidate: NWB_WBS04 | Scope=instance | Storage=String | ReadOnly=False | Shared=True | Id=9214762
INFO | Candidate: NWB_WBS05 | Scope=instance | Storage=String | ReadOnly=False | Shared=True | Id=9214810
INFO | Candidate: NWB_WBSCode | Scope=instance | Storage=String | ReadOnly=False | Shared=True | Id=9214774
SOURCE | Element 9048983 | Cat=Ducts | Family=Rectangular Duct | Type= | Level=LEVEL 06 | System=Supply Air | LinkedRoomLink=NWB-ACD-WBH-MH-MOD-0001 | LinkedRoomNumber=ENG.07.R10 | LinkedRoomName=Mechanical Riser, M10 | LinkedRoomDept=Engineering | LinkedRoomBuilding= | LinkedRoomSite= | LinkedRoomSource=self | ResolvedDept=Engineering | ResolvedBuilding= | ResolvedSite= | DisciplineHint=mechanical | AssetCandidates=ducts, ductwork | WBS00=WBH | WBS01=HO | WBS03=ENG | DesignPkg=NWB-GEN-ME-SCM-1091-A | BuildingPermitPkg=WBH - BP09
ELEMENT | 9048983 | Cat=Ducts | AssetScore=45 | AssetTypeCode=MDUC | AssetType=Ductwork | AssetCategory=Ductwork | Targets=NWB_AssetTypeCode=MDUC; NWB_AssetID=MDUC-HO-06-9048983; NWB_AssetType=Ductwork; NWB_Discipline=ME; NWB_Category=Ductwork; NWB_Department=Engineering; NWB_SubDepartment=01; NWB_RoomID=ENG.07.R10; NWB_RoomName=Mechanical Riser, M10; NWB_Material=; NWB_System=Supply Air; NWB_UniclassCode=Pr_65_65_25; NWB_UniclassDescription=Ductwork and fittings; NWB_DesignPkg=NWB-GEN-ME-SCM-1091-A; NWB_BuildingPermitPkg=WBH - BP09; NWB_WBS00=WBH; NWB_WBS01=HO; NWB_WBS02=06; NWB_WBS03=ENG; NWB_WBS04=ME; NWB_WBS05=SI5; NWB_WBSCode=WBH-HO-06-ENG-ME-SI5
INFO | Candidate: NWB_AssetTypeCode | Scope=instance | Storage=String | ReadOnly=False | Shared=True | Id=7626182
INFO | Candidate: NWB_AssetID | Scope=instance | Storage=String | ReadOnly=False | Shared=True | Id=7626164
INFO | Candidate: NWB_AssetType | Scope=instance | Storage=String | ReadOnly=False | Shared=True | Id=7626181
INFO | Candidate: NWB_Discipline | Scope=instance | Storage=String | ReadOnly=False | Shared=True | Id=7626159
INFO | Candidate: NWB_Category | Scope=instance | Storage=String | ReadOnly=False | Shared=True | Id=7626160
INFO | Candidate: NWB_Department | Scope=instance | Storage=String | ReadOnly=False | Shared=True | Id=7626168
INFO | Candidate: NWB_SubDepartment | Scope=instance | Storage=String | ReadOnly=False | Shared=True | Id=7626178
INFO | Candidate: NWB_RoomID | Scope=instance | Storage=String | ReadOnly=False | Shared=True | Id=7626177
INFO | Candidate: NWB_RoomName | Scope=instance | Storage=String | ReadOnly=False | Shared=True | Id=7626169
INFO | Candidate: NWB_System | Scope=instance | Storage=String | ReadOnly=False | Shared=True | Id=7626163
INFO | Candidate: NWB_UniclassCode | Scope=instance | Storage=String | ReadOnly=False | Shared=True | Id=7626165
INFO | Candidate: NWB_UniclassDescription | Scope=instance | Storage=String | ReadOnly=False | Shared=True | Id=7626166
INFO | Candidate: NWB_DesignPkg | Scope=instance | Storage=String | ReadOnly=False | Shared=True | Id=7626167
ERROR | Element 9048994 | Category=Ducts | Family= | Parameter=NWB_BuildingPermitPkg | Reason=missing | Writable sample: AHU, AHU_AreaServed, AHU_Serves, AHU_Type, AHU_ZoneNumber, Building_No, COMPLETE Y/N, Classification.OmniClass.21.Description_INSTANCE, Classification.OmniClass.21.Number_INSTANCE, Classification.OmniClass.22.Description_INSTANCE, Classification.OmniClass.22.Number_INSTANCE, Classification.OmniClass.23.Description_INSTANCE, Classification.OmniClass.23.Number_INSTANCE, Classification.UniFormat.2010.Description, Classification.UniFormat.2010.Number, Comments, DUCT NUMBER, Description BOM Suffix, Duct Number, Ductwork Insulation - Lining
INFO | Candidate: NWB_WBS00 | Scope=instance | Storage=String | ReadOnly=False | Shared=True | Id=9214738
INFO | Candidate: NWB_WBS01 | Scope=instance | Storage=String | ReadOnly=False | Shared=True | Id=9214798
INFO | Candidate: NWB_WBS02 | Scope=instance | Storage=String | ReadOnly=False | Shared=True | Id=9214786
INFO | Candidate: NWB_WBS03 | Scope=instance | Storage=String | ReadOnly=False | Shared=True | Id=9214750
INFO | Candidate: NWB_WBS04 | Scope=instance | Storage=String | ReadOnly=False | Shared=True | Id=9214762
INFO | Candidate: NWB_WBS05 | Scope=instance | Storage=String | ReadOnly=False | Shared=True | Id=9214810
INFO | Candidate: NWB_WBSCode | Scope=instance | Storage=String | ReadOnly=False | Shared=True | Id=9214774
SOURCE | Element 9048994 | Cat=Ducts | Family=Rectangular Duct | Type= | Level=LEVEL 06 | System=Supply Air | LinkedRoomLink=NWB-ACD-WBH-MH-MOD-0001 | LinkedRoomNumber=ENG.06.915 | LinkedRoomName=Electrical Staging Room | LinkedRoomDept=Engineering | LinkedRoomBuilding= | LinkedRoomSite= | LinkedRoomSource=self | ResolvedDept=Engineering | ResolvedBuilding= | ResolvedSite= | DisciplineHint=mechanical | AssetCandidates=ducts, ductwork | WBS00=WBH | WBS01=HO | WBS03=ENG | DesignPkg=NWB-GEN-ME-SCM-1091-A | BuildingPermitPkg=WBH - BP09
ELEMENT | 9048994 | Cat=Ducts | AssetScore=45 | AssetTypeCode=MDUC | AssetType=Ductwork | AssetCategory=Ductwork | Targets=NWB_AssetTypeCode=MDUC; NWB_AssetID=MDUC-HO-06-9048994; NWB_AssetType=Ductwork; NWB_Discipline=ME; NWB_Category=Ductwork; NWB_Department=Engineering; NWB_SubDepartment=01; NWB_RoomID=ENG.06.915; NWB_RoomName=Electrical Staging Room; NWB_Material=; NWB_System=Supply Air; NWB_UniclassCode=Pr_65_65_25; NWB_UniclassDescription=Ductwork and fittings; NWB_DesignPkg=NWB-GEN-ME-SCM-1091-A; NWB_BuildingPermitPkg=WBH - BP09; NWB_WBS00=WBH; NWB_WBS01=HO; NWB_WBS02=06; NWB_WBS03=ENG; NWB_WBS04=ME; NWB_WBS05=SI5; NWB_WBSCode=WBH-HO-06-ENG-ME-SI5
INFO | Candidate: NWB_AssetTypeCode | Scope=instance | Storage=String | ReadOnly=False | Shared=True | Id=7626182
INFO | Candidate: NWB_AssetID | Scope=instance | Storage=String | ReadOnly=False | Shared=True | Id=7626164
INFO | Candidate: NWB_AssetType | Scope=instance | Storage=String | ReadOnly=False | Shared=True | Id=7626181
INFO | Candidate: NWB_Discipline | Scope=instance | Storage=String | ReadOnly=False | Shared=True | Id=7626159
INFO | Candidate: NWB_Category | Scope=instance | Storage=String | ReadOnly=False | Shared=True | Id=7626160
INFO | Candidate: NWB_Department | Scope=instance | Storage=String | ReadOnly=False | Shared=True | Id=7626168
INFO | Candidate: NWB_SubDepartment | Scope=instance | Storage=String | ReadOnly=False | Shared=True | Id=7626178
INFO | Candidate: NWB_RoomID | Scope=instance | Storage=String | ReadOnly=False | Shared=True | Id=7626177
INFO | Candidate: NWB_RoomName | Scope=instance | Storage=String | ReadOnly=False | Shared=True | Id=7626169
INFO | Candidate: NWB_System | Scope=instance | Storage=String | ReadOnly=False | Shared=True | Id=7626163
INFO | Candidate: NWB_UniclassCode | Scope=instance | Storage=String | ReadOnly=False | Shared=True | Id=7626165
INFO | Candidate: NWB_UniclassDescription | Scope=instance | Storage=String | ReadOnly=False | Shared=True | Id=7626166
INFO | Candidate: NWB_DesignPkg | Scope=instance | Storage=String | ReadOnly=False | Shared=True | Id=7626167
ERROR | Element 9049042 | Category=Ducts | Family= | Parameter=NWB_BuildingPermitPkg | Reason=missing | Writable sample: AHU, AHU_AreaServed, AHU_Serves, AHU_Type, AHU_ZoneNumber, Building_No, COMPLETE Y/N, Classification.OmniClass.21.Description_INSTANCE, Classification.OmniClass.21.Number_INSTANCE, Classification.OmniClass.22.Description_INSTANCE, Classification.OmniClass.22.Number_INSTANCE, Classification.OmniClass.23.Description_INSTANCE, Classification.OmniClass.23.Number_INSTANCE, Classification.UniFormat.2010.Description, Classification.UniFormat.2010.Number, Comments, DUCT NUMBER, Description BOM Suffix, Duct Number, Ductwork Insulation - Lining
INFO | Candidate: NWB_WBS00 | Scope=instance | Storage=String | ReadOnly=False | Shared=True | Id=9214738
INFO | Candidate: NWB_WBS01 | Scope=instance | Storage=String | ReadOnly=False | Shared=True | Id=9214798
INFO | Candidate: NWB_WBS02 | Scope=instance | Storage=String | ReadOnly=False | Shared=True | Id=9214786
INFO | Candidate: NWB_WBS03 | Scope=instance | Storage=String | ReadOnly=False | Shared=True | Id=9214750
INFO | Candidate: NWB_WBS04 | Scope=instance | Storage=String | ReadOnly=False | Shared=True | Id=9214762
INFO | Candidate: NWB_WBS05 | Scope=instance | Storage=String | ReadOnly=False | Shared=True | Id=9214810
INFO | Candidate: NWB_WBSCode | Scope=instance | Storage=String | ReadOnly=False | Shared=True | Id=9214774
SOURCE | Element 9049042 | Cat=Ducts | Family=Rectangular Duct | Type= | Level=LEVEL 06 | System=Supply Air | LinkedRoomLink=NWB-ACD-WBH-MH-MOD-0001 | LinkedRoomNumber=ENG.07.R10 | LinkedRoomName=Mechanical Riser, M10 | LinkedRoomDept=Engineering | LinkedRoomBuilding= | LinkedRoomSite= | LinkedRoomSource=self | ResolvedDept=Engineering | ResolvedBuilding= | ResolvedSite= | DisciplineHint=mechanical | AssetCandidates=ducts, ductwork | WBS00=WBH | WBS01=HO | WBS03=ENG | DesignPkg=NWB-GEN-ME-SCM-1091-A | BuildingPermitPkg=WBH - BP09
ELEMENT | 9049042 | Cat=Ducts | AssetScore=45 | AssetTypeCode=MDUC | AssetType=Ductwork | AssetCategory=Ductwork | Targets=NWB_AssetTypeCode=MDUC; NWB_AssetID=MDUC-HO-06-9049042; NWB_AssetType=Ductwork; NWB_Discipline=ME; NWB_Category=Ductwork; NWB_Department=Engineering; NWB_SubDepartment=01; NWB_RoomID=ENG.07.R10; NWB_RoomName=Mechanical Riser, M10; NWB_Material=; NWB_System=Supply Air; NWB_UniclassCode=Pr_65_65_25; NWB_UniclassDescription=Ductwork and fittings; NWB_DesignPkg=NWB-GEN-ME-SCM-1091-A; NWB_BuildingPermitPkg=WBH - BP09; NWB_WBS00=WBH; NWB_WBS01=HO; NWB_WBS02=06; NWB_WBS03=ENG; NWB_WBS04=ME; NWB_WBS05=SI5; NWB_WBSCode=WBH-HO-06-ENG-ME-SI5
INFO | Candidate: NWB_AssetTypeCode | Scope=instance | Storage=String | ReadOnly=False | Shared=True | Id=7626182
INFO | Candidate: NWB_AssetID | Scope=instance | Storage=String | ReadOnly=False | Shared=True | Id=7626164
INFO | Candidate: NWB_AssetType | Scope=instance | Storage=String | ReadOnly=False | Shared=True | Id=7626181
INFO | Candidate: NWB_Discipline | Scope=instance | Storage=String | ReadOnly=False | Shared=True | Id=7626159
INFO | Candidate: NWB_Category | Scope=instance | Storage=String | ReadOnly=False | Shared=True | Id=7626160
INFO | Candidate: NWB_Department | Scope=instance | Storage=String | ReadOnly=False | Shared=True | Id=7626168
INFO | Candidate: NWB_SubDepartment | Scope=instance | Storage=String | ReadOnly=False | Shared=True | Id=7626178
INFO | Candidate: NWB_RoomID | Scope=instance | Storage=String | ReadOnly=False | Shared=True | Id=7626177
INFO | Candidate: NWB_RoomName | Scope=instance | Storage=String | ReadOnly=False | Shared=True | Id=7626169
INFO | Candidate: NWB_System | Scope=instance | Storage=String | ReadOnly=False | Shared=True | Id=7626163
INFO | Candidate: NWB_UniclassCode | Scope=instance | Storage=String | ReadOnly=False | Shared=True | Id=7626165
INFO | Candidate: NWB_UniclassDescription | Scope=instance | Storage=String | ReadOnly=False | Shared=True | Id=7626166
INFO | Candidate: NWB_DesignPkg | Scope=instance | Storage=String | ReadOnly=False | Shared=True | Id=7626167
ERROR | Element 9049095 | Category=Ducts | Family= | Parameter=NWB_BuildingPermitPkg | Reason=missing | Writable sample: AHU, AHU_AreaServed, AHU_Serves, AHU_Type, AHU_ZoneNumber, Building_No, COMPLETE Y/N, Classification.OmniClass.21.Description_INSTANCE, Classification.OmniClass.21.Number_INSTANCE, Classification.OmniClass.22.Description_INSTANCE, Classification.OmniClass.22.Number_INSTANCE, Classification.OmniClass.23.Description_INSTANCE, Classification.OmniClass.23.Number_INSTANCE, Classification.UniFormat.2010.Description, Classification.UniFormat.2010.Number, Comments, DUCT NUMBER, Description BOM Suffix, Duct Number, Ductwork Insulation - Lining
INFO | Candidate: NWB_WBS00 | Scope=instance | Storage=String | ReadOnly=False | Shared=True | Id=9214738
INFO | Candidate: NWB_WBS01 | Scope=instance | Storage=String | ReadOnly=False | Shared=True | Id=9214798
INFO | Candidate: NWB_WBS02 | Scope=instance | Storage=String | ReadOnly=False | Shared=True | Id=9214786
INFO | Candidate: NWB_WBS03 | Scope=instance | Storage=String | ReadOnly=False | Shared=True | Id=9214750
INFO | Candidate: NWB_WBS04 | Scope=instance | Storage=String | ReadOnly=False | Shared=True | Id=9214762
INFO | Candidate: NWB_WBS05 | Scope=instance | Storage=String | ReadOnly=False | Shared=True | Id=9214810
INFO | Candidate: NWB_WBSCode | Scope=instance | Storage=String | ReadOnly=False | Shared=True | Id=9214774
SOURCE | Element 9049095 | Cat=Ducts | Family=Rectangular Duct | Type= | Level=LEVEL 06 | System=Supply Air | LinkedRoomLink=NWB-ACD-WBH-MH-MOD-0001 | LinkedRoomNumber=ENG.06.915 | LinkedRoomName=Electrical Staging Room | LinkedRoomDept=Engineering | LinkedRoomBuilding= | LinkedRoomSite= | LinkedRoomSource=self | ResolvedDept=Engineering | ResolvedBuilding= | ResolvedSite= | DisciplineHint=mechanical | AssetCandidates=ducts, ductwork | WBS00=WBH | WBS01=HO | WBS03=ENG | DesignPkg=NWB-GEN-ME-SCM-1091-A | BuildingPermitPkg=WBH - BP09
ELEMENT | 9049095 | Cat=Ducts | AssetScore=45 | AssetTypeCode=MDUC | AssetType=Ductwork | AssetCategory=Ductwork | Targets=NWB_AssetTypeCode=MDUC; NWB_AssetID=MDUC-HO-06-9049095; NWB_AssetType=Ductwork; NWB_Discipline=ME; NWB_Category=Ductwork; NWB_Department=Engineering; NWB_SubDepartment=01; NWB_RoomID=ENG.06.915; NWB_RoomName=Electrical Staging Room; NWB_Material=; NWB_System=Supply Air; NWB_UniclassCode=Pr_65_65_25; NWB_UniclassDescription=Ductwork and fittings; NWB_DesignPkg=NWB-GEN-ME-SCM-1091-A; NWB_BuildingPermitPkg=WBH - BP09; NWB_WBS00=WBH; NWB_WBS01=HO; NWB_WBS02=06; NWB_WBS03=ENG; NWB_WBS04=ME; NWB_WBS05=SI5; NWB_WBSCode=WBH-HO-06-ENG-ME-SI5
INFO | Candidate: NWB_AssetTypeCode | Scope=instance | Storage=String | ReadOnly=False | Shared=True | Id=7626182
INFO | Candidate: NWB_AssetID | Scope=instance | Storage=String | ReadOnly=False | Shared=True | Id=7626164
INFO | Candidate: NWB_AssetType | Scope=instance | Storage=String | ReadOnly=False | Shared=True | Id=7626181
INFO | Candidate: NWB_Discipline | Scope=instance | Storage=String | ReadOnly=False | Shared=True | Id=7626159
INFO | Candidate: NWB_Category | Scope=instance | Storage=String | ReadOnly=False | Shared=True | Id=7626160
INFO | Candidate: NWB_Department | Scope=instance | Storage=String | ReadOnly=False | Shared=True | Id=7626168
INFO | Candidate: NWB_SubDepartment | Scope=instance | Storage=String | ReadOnly=False | Shared=True | Id=7626178
INFO | Candidate: NWB_RoomID | Scope=instance | Storage=String | ReadOnly=False | Shared=True | Id=7626177
INFO | Candidate: NWB_RoomName | Scope=instance | Storage=String | ReadOnly=False | Shared=True | Id=7626169
INFO | Candidate: NWB_System | Scope=instance | Storage=String | ReadOnly=False | Shared=True | Id=7626163
INFO | Candidate: NWB_UniclassCode | Scope=instance | Storage=String | ReadOnly=False | Shared=True | Id=7626165
INFO | Candidate: NWB_UniclassDescription | Scope=instance | Storage=String | ReadOnly=False | Shared=True | Id=7626166
INFO | Candidate: NWB_DesignPkg | Scope=instance | Storage=String | ReadOnly=False | Shared=True | Id=7626167
ERROR | Element 9049920 | Category=Ducts | Family= | Parameter=NWB_BuildingPermitPkg | Reason=missing | Writable sample: AHU, AHU_AreaServed, AHU_Serves, AHU_Type, AHU_ZoneNumber, Building_No, COMPLETE Y/N, Classification.OmniClass.21.Description_INSTANCE, Classification.OmniClass.21.Number_INSTANCE, Classification.OmniClass.22.Description_INSTANCE, Classification.OmniClass.22.Number_INSTANCE, Classification.OmniClass.23.Description_INSTANCE, Classification.OmniClass.23.Number_INSTANCE, Classification.UniFormat.2010.Description, Classification.UniFormat.2010.Number, Comments, DUCT NUMBER, Description BOM Suffix, Duct Number, Ductwork Insulation - Lining
INFO | Candidate: NWB_WBS00 | Scope=instance | Storage=String | ReadOnly=False | Shared=True | Id=9214738
INFO | Candidate: NWB_WBS01 | Scope=instance | Storage=String | ReadOnly=False | Shared=True | Id=9214798
INFO | Candidate: NWB_WBS02 | Scope=instance | Storage=String | ReadOnly=False | Shared=True | Id=9214786
INFO | Candidate: NWB_WBS03 | Scope=instance | Storage=String | ReadOnly=False | Shared=True | Id=9214750
INFO | Candidate: NWB_WBS04 | Scope=instance | Storage=String | ReadOnly=False | Shared=True | Id=9214762
INFO | Candidate: NWB_WBS05 | Scope=instance | Storage=String | ReadOnly=False | Shared=True | Id=9214810
INFO | Candidate: NWB_WBSCode | Scope=instance | Storage=String | ReadOnly=False | Shared=True | Id=9214774
SOURCE | Element 9049920 | Cat=Ducts | Family=Rectangular Duct | Type= | Level=LEVEL 06 | System=Supply Air | LinkedRoomLink=NWB-ARC-WBH-AR-MOD-0034 | LinkedRoomNumber=WBH-W-06-T08 | LinkedRoomName=Travel Corridor | LinkedRoomDept=TRA | LinkedRoomBuilding= | LinkedRoomSite= | LinkedRoomSource=self | ResolvedDept=TRA | ResolvedBuilding= | ResolvedSite= | DisciplineHint=mechanical | AssetCandidates=ducts, ductwork | WBS00=WBH | WBS01=HO | WBS03=TRA | DesignPkg=NWB-GEN-ME-SCM-1091-A | BuildingPermitPkg=WBH - BP09
ELEMENT | 9049920 | Cat=Ducts | AssetScore=45 | AssetTypeCode=MDUC | AssetType=Ductwork | AssetCategory=Ductwork | Targets=NWB_AssetTypeCode=MDUC; NWB_AssetID=MDUC-HO-06-9049920; NWB_AssetType=Ductwork; NWB_Discipline=ME; NWB_Category=Ductwork; NWB_Department=TRA; NWB_SubDepartment=HT; NWB_RoomID=WBH-W-06-T08; NWB_RoomName=Travel Corridor; NWB_Material=; NWB_System=Supply Air; NWB_UniclassCode=Pr_65_65_25; NWB_UniclassDescription=Ductwork and fittings; NWB_DesignPkg=NWB-GEN-ME-SCM-1091-A; NWB_BuildingPermitPkg=WBH - BP09; NWB_WBS00=WBH; NWB_WBS01=HO; NWB_WBS02=06; NWB_WBS03=TRA; NWB_WBS04=ME; NWB_WBS05=SI5; NWB_WBSCode=WBH-HO-06-TRA-ME-SI5
INFO | Candidate: NWB_AssetTypeCode | Scope=instance | Storage=String | ReadOnly=False | Shared=True | Id=7626182
INFO | Candidate: NWB_AssetID | Scope=instance | Storage=String | ReadOnly=False | Shared=True | Id=7626164
INFO | Candidate: NWB_AssetType | Scope=instance | Storage=String | ReadOnly=False | Shared=True | Id=7626181
INFO | Candidate: NWB_Discipline | Scope=instance | Storage=String | ReadOnly=False | Shared=True | Id=7626159
INFO | Candidate: NWB_Category | Scope=instance | Storage=String | ReadOnly=False | Shared=True | Id=7626160
INFO | Candidate: NWB_Department | Scope=instance | Storage=String | ReadOnly=False | Shared=True | Id=7626168
INFO | Candidate: NWB_SubDepartment | Scope=instance | Storage=String | ReadOnly=False | Shared=True | Id=7626178
INFO | Candidate: NWB_RoomID | Scope=instance | Storage=String | ReadOnly=False | Shared=True | Id=7626177
INFO | Candidate: NWB_RoomName | Scope=instance | Storage=String | ReadOnly=False | Shared=True | Id=7626169
INFO | Candidate: NWB_System | Scope=instance | Storage=String | ReadOnly=False | Shared=True | Id=7626163
INFO | Candidate: NWB_UniclassCode | Scope=instance | Storage=String | ReadOnly=False | Shared=True | Id=7626165
INFO | Candidate: NWB_UniclassDescription | Scope=instance | Storage=String | ReadOnly=False | Shared=True | Id=7626166
INFO | Candidate: NWB_DesignPkg | Scope=instance | Storage=String | ReadOnly=False | Shared=True | Id=7626167
ERROR | Element 9049947 | Category=Ducts | Family= | Parameter=NWB_BuildingPermitPkg | Reason=missing | Writable sample: AHU, AHU_AreaServed, AHU_Serves, AHU_Type, AHU_ZoneNumber, Building_No, COMPLETE Y/N, Classification.OmniClass.21.Description_INSTANCE, Classification.OmniClass.21.Number_INSTANCE, Classification.OmniClass.22.Description_INSTANCE, Classification.OmniClass.22.Number_INSTANCE, Classification.OmniClass.23.Description_INSTANCE, Classification.OmniClass.23.Number_INSTANCE, Classification.UniFormat.2010.Description, Classification.UniFormat.2010.Number, Comments, DUCT NUMBER, Description BOM Suffix, Duct Number, Ductwork Insulation - Lining
INFO | Candidate: NWB_WBS00 | Scope=instance | Storage=String | ReadOnly=False | Shared=True | Id=9214738
INFO | Candidate: NWB_WBS01 | Scope=instance | Storage=String | ReadOnly=False | Shared=True | Id=9214798
INFO | Candidate: NWB_WBS02 | Scope=instance | Storage=String | ReadOnly=False | Shared=True | Id=9214786
INFO | Candidate: NWB_WBS03 | Scope=instance | Storage=String | ReadOnly=False | Shared=True | Id=9214750
INFO | Candidate: NWB_WBS04 | Scope=instance | Storage=String | ReadOnly=False | Shared=True | Id=9214762
INFO | Candidate: NWB_WBS05 | Scope=instance | Storage=String | ReadOnly=False | Shared=True | Id=9214810
INFO | Candidate: NWB_WBSCode | Scope=instance | Storage=String | ReadOnly=False | Shared=True | Id=9214774
SOURCE | Element 9049947 | Cat=Ducts | Family=Rectangular Duct | Type= | Level=LEVEL 06 | System=Supply Air | LinkedRoomLink=NWB-ARC-WBH-AR-MOD-0034 | LinkedRoomNumber=WBH-W-06-T08 | LinkedRoomName=Travel Corridor | LinkedRoomDept=TRA | LinkedRoomBuilding= | LinkedRoomSite= | LinkedRoomSource=self | ResolvedDept=TRA | ResolvedBuilding= | ResolvedSite= | DisciplineHint=mechanical | AssetCandidates=ducts, ductwork | WBS00=WBH | WBS01=HO | WBS03=TRA | DesignPkg=NWB-GEN-ME-SCM-1091-A | BuildingPermitPkg=WBH - BP09
ELEMENT | 9049947 | Cat=Ducts | AssetScore=45 | AssetTypeCode=MDUC | AssetType=Ductwork | AssetCategory=Ductwork | Targets=NWB_AssetTypeCode=MDUC; NWB_AssetID=MDUC-HO-06-9049947; NWB_AssetType=Ductwork; NWB_Discipline=ME; NWB_Category=Ductwork; NWB_Department=TRA; NWB_SubDepartment=HT; NWB_RoomID=WBH-W-06-T08; NWB_RoomName=Travel Corridor; NWB_Material=; NWB_System=Supply Air; NWB_UniclassCode=Pr_65_65_25; NWB_UniclassDescription=Ductwork and fittings; NWB_DesignPkg=NWB-GEN-ME-SCM-1091-A; NWB_BuildingPermitPkg=WBH - BP09; NWB_WBS00=WBH; NWB_WBS01=HO; NWB_WBS02=06; NWB_WBS03=TRA; NWB_WBS04=ME; NWB_WBS05=SI5; NWB_WBSCode=WBH-HO-06-TRA-ME-SI5
INFO | Candidate: NWB_AssetTypeCode | Scope=instance | Storage=String | ReadOnly=False | Shared=True | Id=7626182
INFO | Candidate: NWB_AssetID | Scope=instance | Storage=String | ReadOnly=False | Shared=True | Id=7626164
INFO | Candidate: NWB_AssetType | Scope=instance | Storage=String | ReadOnly=False | Shared=True | Id=7626181
INFO | Candidate: NWB_Discipline | Scope=instance | Storage=String | ReadOnly=False | Shared=True | Id=7626159
INFO | Candidate: NWB_Category | Scope=instance | Storage=String | ReadOnly=False | Shared=True | Id=7626160
INFO | Candidate: NWB_System | Scope=instance | Storage=String | ReadOnly=False | Shared=True | Id=7626163
INFO | Candidate: NWB_UniclassCode | Scope=instance | Storage=String | ReadOnly=False | Shared=True | Id=7626165
INFO | Candidate: NWB_UniclassDescription | Scope=instance | Storage=String | ReadOnly=False | Shared=True | Id=7626166
INFO | Candidate: NWB_DesignPkg | Scope=instance | Storage=String | ReadOnly=False | Shared=True | Id=7626167
ERROR | Element 13771582 | Category=Ducts | Family= | Parameter=NWB_BuildingPermitPkg | Reason=missing | Writable sample: AHU, AHU_AreaServed, AHU_Serves, AHU_Type, AHU_ZoneNumber, Additional Flow, Building_No, COMPLETE Y/N, Classification.OmniClass.21.Description_INSTANCE, Classification.OmniClass.21.Number_INSTANCE, Classification.OmniClass.22.Description_INSTANCE, Classification.OmniClass.22.Number_INSTANCE, Classification.OmniClass.23.Description_INSTANCE, Classification.OmniClass.23.Number_INSTANCE, Classification.UniFormat.2010.Description, Classification.UniFormat.2010.Number, Comments, DUCT NUMBER, Description BOM Suffix, Duct Number
INFO | Candidate: NWB_WBS00 | Scope=instance | Storage=String | ReadOnly=False | Shared=True | Id=9214738
INFO | Candidate: NWB_WBS01 | Scope=instance | Storage=String | ReadOnly=False | Shared=True | Id=9214798
INFO | Candidate: NWB_WBS02 | Scope=instance | Storage=String | ReadOnly=False | Shared=True | Id=9214786
INFO | Candidate: NWB_WBS03 | Scope=instance | Storage=String | ReadOnly=False | Shared=True | Id=9214750
INFO | Candidate: NWB_WBS04 | Scope=instance | Storage=String | ReadOnly=False | Shared=True | Id=9214762
INFO | Candidate: NWB_WBS05 | Scope=instance | Storage=String | ReadOnly=False | Shared=True | Id=9214810
INFO | Candidate: NWB_WBSCode | Scope=instance | Storage=String | ReadOnly=False | Shared=True | Id=9214774
SOURCE | Element 13771582 | Cat=Ducts | Family=Rectangular Duct | Type= | Level=LEVEL 06 | System=Exhaust Air | LinkedRoomLink= | LinkedRoomNumber= | LinkedRoomName= | LinkedRoomDept= | LinkedRoomBuilding= | LinkedRoomSite= | LinkedRoomSource=connected-miss:d4:visited1 | ResolvedDept= | ResolvedBuilding= | ResolvedSite= | DisciplineHint=mechanical | AssetCandidates=ducts, ductwork | WBS00=WBH | WBS01=HO | WBS03=Z00 | DesignPkg=NWB-GEN-ME-SCM-1091-A | BuildingPermitPkg=WBH - BP09
WARN | Element 13771582 | Department unresolved | ExistingNWBDepartment= | ExistingWBS00=WBH | ExistingWBS01=HO | ExistingDiscipline=ME
ELEMENT | 13771582 | Cat=Ducts | AssetScore=45 | AssetTypeCode=MDUC | AssetType=Ductwork | AssetCategory=Ductwork | Targets=NWB_AssetTypeCode=MDUC; NWB_AssetID=MDUC-HO-06-13771582; NWB_AssetType=Ductwork; NWB_Discipline=ME; NWB_Category=Ductwork; NWB_Department=; NWB_SubDepartment=; NWB_RoomID=; NWB_RoomName=; NWB_Material=; NWB_System=Exhaust Air; NWB_UniclassCode=Pr_65_65_25; NWB_UniclassDescription=Ductwork and fittings; NWB_DesignPkg=NWB-GEN-ME-SCM-1091-A; NWB_BuildingPermitPkg=WBH - BP09; NWB_WBS00=WBH; NWB_WBS01=HO; NWB_WBS02=06; NWB_WBS03=Z00; NWB_WBS04=ME; NWB_WBS05=SI5; NWB_WBSCode=WBH-HO-06-Z00-ME-SI5
INFO | Candidate: NWB_AssetTypeCode | Scope=instance | Storage=String | ReadOnly=False | Shared=True | Id=7626182
INFO | Candidate: NWB_AssetID | Scope=instance | Storage=String | ReadOnly=False | Shared=True | Id=7626164
INFO | Candidate: NWB_AssetType | Scope=instance | Storage=String | ReadOnly=False | Shared=True | Id=7626181
INFO | Candidate: NWB_Discipline | Scope=instance | Storage=String | ReadOnly=False | Shared=True | Id=7626159
INFO | Candidate: NWB_Category | Scope=instance | Storage=String | ReadOnly=False | Shared=True | Id=7626160
INFO | Candidate: NWB_System | Scope=instance | Storage=String | ReadOnly=False | Shared=True | Id=7626163
INFO | Candidate: NWB_UniclassCode | Scope=instance | Storage=String | ReadOnly=False | Shared=True | Id=7626165
INFO | Candidate: NWB_UniclassDescription | Scope=instance | Storage=String | ReadOnly=False | Shared=True | Id=7626166
INFO | Candidate: NWB_DesignPkg | Scope=instance | Storage=String | ReadOnly=False | Shared=True | Id=7626167
ERROR | Element 13771583 | Category=Ducts | Family= | Parameter=NWB_BuildingPermitPkg | Reason=missing | Writable sample: AHU, AHU_AreaServed, AHU_Serves, AHU_Type, AHU_ZoneNumber, Additional Flow, Building_No, COMPLETE Y/N, Classification.OmniClass.21.Description_INSTANCE, Classification.OmniClass.21.Number_INSTANCE, Classification.OmniClass.22.Description_INSTANCE, Classification.OmniClass.22.Number_INSTANCE, Classification.OmniClass.23.Description_INSTANCE, Classification.OmniClass.23.Number_INSTANCE, Classification.UniFormat.2010.Description, Classification.UniFormat.2010.Number, Comments, DUCT NUMBER, Description BOM Suffix, Duct Number
INFO | Candidate: NWB_WBS00 | Scope=instance | Storage=String | ReadOnly=False | Shared=True | Id=9214738
INFO | Candidate: NWB_WBS01 | Scope=instance | Storage=String | ReadOnly=False | Shared=True | Id=9214798
INFO | Candidate: NWB_WBS02 | Scope=instance | Storage=String | ReadOnly=False | Shared=True | Id=9214786
INFO | Candidate: NWB_WBS03 | Scope=instance | Storage=String | ReadOnly=False | Shared=True | Id=9214750
INFO | Candidate: NWB_WBS04 | Scope=instance | Storage=String | ReadOnly=False | Shared=True | Id=9214762
INFO | Candidate: NWB_WBS05 | Scope=instance | Storage=String | ReadOnly=False | Shared=True | Id=9214810
INFO | Candidate: NWB_WBSCode | Scope=instance | Storage=String | ReadOnly=False | Shared=True | Id=9214774
SOURCE | Element 13771583 | Cat=Ducts | Family=Rectangular Duct | Type= | Level=LEVEL 06 | System=Exhaust Air | LinkedRoomLink= | LinkedRoomNumber= | LinkedRoomName= | LinkedRoomDept= | LinkedRoomBuilding= | LinkedRoomSite= | LinkedRoomSource=connected-miss:d4:visited1 | ResolvedDept= | ResolvedBuilding= | ResolvedSite= | DisciplineHint=mechanical | AssetCandidates=ducts, ductwork | WBS00=WBH | WBS01=HO | WBS03=Z00 | DesignPkg=NWB-GEN-ME-SCM-1091-A | BuildingPermitPkg=WBH - BP09
WARN | Element 13771583 | Department unresolved | ExistingNWBDepartment= | ExistingWBS00=WBH | ExistingWBS01=HO | ExistingDiscipline=ME
ELEMENT | 13771583 | Cat=Ducts | AssetScore=45 | AssetTypeCode=MDUC | AssetType=Ductwork | AssetCategory=Ductwork | Targets=NWB_AssetTypeCode=MDUC; NWB_AssetID=MDUC-HO-06-13771583; NWB_AssetType=Ductwork; NWB_Discipline=ME; NWB_Category=Ductwork; NWB_Department=; NWB_SubDepartment=; NWB_RoomID=; NWB_RoomName=; NWB_Material=; NWB_System=Exhaust Air; NWB_UniclassCode=Pr_65_65_25; NWB_UniclassDescription=Ductwork and fittings; NWB_DesignPkg=NWB-GEN-ME-SCM-1091-A; NWB_BuildingPermitPkg=WBH - BP09; NWB_WBS00=WBH; NWB_WBS01=HO; NWB_WBS02=06; NWB_WBS03=Z00; NWB_WBS04=ME; NWB_WBS05=SI5; NWB_WBSCode=WBH-HO-06-Z00-ME-SI5
INFO | Candidate: NWB_AssetTypeCode | Scope=instance | Storage=String | ReadOnly=False | Shared=True | Id=7626182
INFO | Candidate: NWB_AssetID | Scope=instance | Storage=String | ReadOnly=False | Shared=True | Id=7626164
INFO | Candidate: NWB_AssetType | Scope=instance | Storage=String | ReadOnly=False | Shared=True | Id=7626181
INFO | Candidate: NWB_Discipline | Scope=instance | Storage=String | ReadOnly=False | Shared=True | Id=7626159
INFO | Candidate: NWB_Category | Scope=instance | Storage=String | ReadOnly=False | Shared=True | Id=7626160
INFO | Candidate: NWB_System | Scope=instance | Storage=String | ReadOnly=False | Shared=True | Id=7626163
INFO | Candidate: NWB_UniclassCode | Scope=instance | Storage=String | ReadOnly=False | Shared=True | Id=7626165
INFO | Candidate: NWB_UniclassDescription | Scope=instance | Storage=String | ReadOnly=False | Shared=True | Id=7626166
INFO | Candidate: NWB_DesignPkg | Scope=instance | Storage=String | ReadOnly=False | Shared=True | Id=7626167
ERROR | Element 13771584 | Category=Ducts | Family= | Parameter=NWB_BuildingPermitPkg | Reason=missing | Writable sample: AHU, AHU_AreaServed, AHU_Serves, AHU_Type, AHU_ZoneNumber, Additional Flow, Building_No, COMPLETE Y/N, Classification.OmniClass.21.Description_INSTANCE, Classification.OmniClass.21.Number_INSTANCE, Classification.OmniClass.22.Description_INSTANCE, Classification.OmniClass.22.Number_INSTANCE, Classification.OmniClass.23.Description_INSTANCE, Classification.OmniClass.23.Number_INSTANCE, Classification.UniFormat.2010.Description, Classification.UniFormat.2010.Number, Comments, DUCT NUMBER, Description BOM Suffix, Duct Number
INFO | Candidate: NWB_WBS00 | Scope=instance | Storage=String | ReadOnly=False | Shared=True | Id=9214738
INFO | Candidate: NWB_WBS01 | Scope=instance | Storage=String | ReadOnly=False | Shared=True | Id=9214798
INFO | Candidate: NWB_WBS02 | Scope=instance | Storage=String | ReadOnly=False | Shared=True | Id=9214786
INFO | Candidate: NWB_WBS03 | Scope=instance | Storage=String | ReadOnly=False | Shared=True | Id=9214750
INFO | Candidate: NWB_WBS04 | Scope=instance | Storage=String | ReadOnly=False | Shared=True | Id=9214762
INFO | Candidate: NWB_WBS05 | Scope=instance | Storage=String | ReadOnly=False | Shared=True | Id=9214810
INFO | Candidate: NWB_WBSCode | Scope=instance | Storage=String | ReadOnly=False | Shared=True | Id=9214774
SOURCE | Element 13771584 | Cat=Ducts | Family=Rectangular Duct | Type= | Level=LEVEL 06 | System=Exhaust Air | LinkedRoomLink= | LinkedRoomNumber= | LinkedRoomName= | LinkedRoomDept= | LinkedRoomBuilding= | LinkedRoomSite= | LinkedRoomSource=connected-miss:d4:visited1 | ResolvedDept= | ResolvedBuilding= | ResolvedSite= | DisciplineHint=mechanical | AssetCandidates=ducts, ductwork | WBS00=WBH | WBS01=HO | WBS03=Z00 | DesignPkg=NWB-GEN-ME-SCM-1091-A | BuildingPermitPkg=WBH - BP09
WARN | Element 13771584 | Department unresolved | ExistingNWBDepartment= | ExistingWBS00=WBH | ExistingWBS01=HO | ExistingDiscipline=ME
ELEMENT | 13771584 | Cat=Ducts | AssetScore=45 | AssetTypeCode=MDUC | AssetType=Ductwork | AssetCategory=Ductwork | Targets=NWB_AssetTypeCode=MDUC; NWB_AssetID=MDUC-HO-06-13771584; NWB_AssetType=Ductwork; NWB_Discipline=ME; NWB_Category=Ductwork; NWB_Department=; NWB_SubDepartment=; NWB_RoomID=; NWB_RoomName=; NWB_Material=; NWB_System=Exhaust Air; NWB_UniclassCode=Pr_65_65_25; NWB_UniclassDescription=Ductwork and fittings; NWB_DesignPkg=NWB-GEN-ME-SCM-1091-A; NWB_BuildingPermitPkg=WBH - BP09; NWB_WBS00=WBH; NWB_WBS01=HO; NWB_WBS02=06; NWB_WBS03=Z00; NWB_WBS04=ME; NWB_WBS05=SI5; NWB_WBSCode=WBH-HO-06-Z00-ME-SI5
INFO | Candidate: NWB_AssetTypeCode | Scope=instance | Storage=String | ReadOnly=False | Shared=True | Id=7626182
INFO | Candidate: NWB_AssetID | Scope=instance | Storage=String | ReadOnly=False | Shared=True | Id=7626164
INFO | Candidate: NWB_AssetType | Scope=instance | Storage=String | ReadOnly=False | Shared=True | Id=7626181
INFO | Candidate: NWB_Discipline | Scope=instance | Storage=String | ReadOnly=False | Shared=True | Id=7626159
INFO | Candidate: NWB_Category | Scope=instance | Storage=String | ReadOnly=False | Shared=True | Id=7626160
INFO | Candidate: NWB_System | Scope=instance | Storage=String | ReadOnly=False | Shared=True | Id=7626163
INFO | Candidate: NWB_UniclassCode | Scope=instance | Storage=String | ReadOnly=False | Shared=True | Id=7626165
INFO | Candidate: NWB_UniclassDescription | Scope=instance | Storage=String | ReadOnly=False | Shared=True | Id=7626166
INFO | Candidate: NWB_DesignPkg | Scope=instance | Storage=String | ReadOnly=False | Shared=True | Id=7626167
ERROR | Element 13771585 | Category=Ducts | Family= | Parameter=NWB_BuildingPermitPkg | Reason=missing | Writable sample: AHU, AHU_AreaServed, AHU_Serves, AHU_Type, AHU_ZoneNumber, Additional Flow, Building_No, COMPLETE Y/N, Classification.OmniClass.21.Description_INSTANCE, Classification.OmniClass.21.Number_INSTANCE, Classification.OmniClass.22.Description_INSTANCE, Classification.OmniClass.22.Number_INSTANCE, Classification.OmniClass.23.Description_INSTANCE, Classification.OmniClass.23.Number_INSTANCE, Classification.UniFormat.2010.Description, Classification.UniFormat.2010.Number, Comments, DUCT NUMBER, Description BOM Suffix, Duct Number
INFO | Candidate: NWB_WBS00 | Scope=instance | Storage=String | ReadOnly=False | Shared=True | Id=9214738
INFO | Candidate: NWB_WBS01 | Scope=instance | Storage=String | ReadOnly=False | Shared=True | Id=9214798
INFO | Candidate: NWB_WBS02 | Scope=instance | Storage=String | ReadOnly=False | Shared=True | Id=9214786
INFO | Candidate: NWB_WBS03 | Scope=instance | Storage=String | ReadOnly=False | Shared=True | Id=9214750
INFO | Candidate: NWB_WBS04 | Scope=instance | Storage=String | ReadOnly=False | Shared=True | Id=9214762
INFO | Candidate: NWB_WBS05 | Scope=instance | Storage=String | ReadOnly=False | Shared=True | Id=9214810
INFO | Candidate: NWB_WBSCode | Scope=instance | Storage=String | ReadOnly=False | Shared=True | Id=9214774
SOURCE | Element 13771585 | Cat=Ducts | Family=Rectangular Duct | Type= | Level=LEVEL 06 | System=Exhaust Air | LinkedRoomLink= | LinkedRoomNumber= | LinkedRoomName= | LinkedRoomDept= | LinkedRoomBuilding= | LinkedRoomSite= | LinkedRoomSource=connected-miss:d4:visited1 | ResolvedDept= | ResolvedBuilding= | ResolvedSite= | DisciplineHint=mechanical | AssetCandidates=ducts, ductwork | WBS00=WBH | WBS01=HO | WBS03=Z00 | DesignPkg=NWB-GEN-ME-SCM-1091-A | BuildingPermitPkg=WBH - BP09
WARN | Element 13771585 | Department unresolved | ExistingNWBDepartment= | ExistingWBS00=WBH | ExistingWBS01=HO | ExistingDiscipline=ME
ELEMENT | 13771585 | Cat=Ducts | AssetScore=45 | AssetTypeCode=MDUC | AssetType=Ductwork | AssetCategory=Ductwork | Targets=NWB_AssetTypeCode=MDUC; NWB_AssetID=MDUC-HO-06-13771585; NWB_AssetType=Ductwork; NWB_Discipline=ME; NWB_Category=Ductwork; NWB_Department=; NWB_SubDepartment=; NWB_RoomID=; NWB_RoomName=; NWB_Material=; NWB_System=Exhaust Air; NWB_UniclassCode=Pr_65_65_25; NWB_UniclassDescription=Ductwork and fittings; NWB_DesignPkg=NWB-GEN-ME-SCM-1091-A; NWB_BuildingPermitPkg=WBH - BP09; NWB_WBS00=WBH; NWB_WBS01=HO; NWB_WBS02=06; NWB_WBS03=Z00; NWB_WBS04=ME; NWB_WBS05=SI5; NWB_WBSCode=WBH-HO-06-Z00-ME-SI5
INFO | Candidate: NWB_AssetTypeCode | Scope=instance | Storage=String | ReadOnly=False | Shared=True | Id=7626182
INFO | Candidate: NWB_AssetID | Scope=instance | Storage=String | ReadOnly=False | Shared=True | Id=7626164
INFO | Candidate: NWB_AssetType | Scope=instance | Storage=String | ReadOnly=False | Shared=True | Id=7626181
INFO | Candidate: NWB_Discipline | Scope=instance | Storage=String | ReadOnly=False | Shared=True | Id=7626159
INFO | Candidate: NWB_Category | Scope=instance | Storage=String | ReadOnly=False | Shared=True | Id=7626160
INFO | Candidate: NWB_System | Scope=instance | Storage=String | ReadOnly=False | Shared=True | Id=7626163
INFO | Candidate: NWB_UniclassCode | Scope=instance | Storage=String | ReadOnly=False | Shared=True | Id=7626165
INFO | Candidate: NWB_UniclassDescription | Scope=instance | Storage=String | ReadOnly=False | Shared=True | Id=7626166
INFO | Candidate: NWB_DesignPkg | Scope=instance | Storage=String | ReadOnly=False | Shared=True | Id=7626167
ERROR | Element 13771586 | Category=Ducts | Family= | Parameter=NWB_BuildingPermitPkg | Reason=missing | Writable sample: AHU, AHU_AreaServed, AHU_Serves, AHU_Type, AHU_ZoneNumber, Additional Flow, Building_No, COMPLETE Y/N, Classification.OmniClass.21.Description_INSTANCE, Classification.OmniClass.21.Number_INSTANCE, Classification.OmniClass.22.Description_INSTANCE, Classification.OmniClass.22.Number_INSTANCE, Classification.OmniClass.23.Description_INSTANCE, Classification.OmniClass.23.Number_INSTANCE, Classification.UniFormat.2010.Description, Classification.UniFormat.2010.Number, Comments, DUCT NUMBER, Description BOM Suffix, Duct Number
INFO | Candidate: NWB_WBS00 | Scope=instance | Storage=String | ReadOnly=False | Shared=True | Id=9214738
INFO | Candidate: NWB_WBS01 | Scope=instance | Storage=String | ReadOnly=False | Shared=True | Id=9214798
INFO | Candidate: NWB_WBS02 | Scope=instance | Storage=String | ReadOnly=False | Shared=True | Id=9214786
INFO | Candidate: NWB_WBS03 | Scope=instance | Storage=String | ReadOnly=False | Shared=True | Id=9214750
INFO | Candidate: NWB_WBS04 | Scope=instance | Storage=String | ReadOnly=False | Shared=True | Id=9214762
INFO | Candidate: NWB_WBS05 | Scope=instance | Storage=String | ReadOnly=False | Shared=True | Id=9214810
INFO | Candidate: NWB_WBSCode | Scope=instance | Storage=String | ReadOnly=False | Shared=True | Id=9214774
SOURCE | Element 13771586 | Cat=Ducts | Family=Rectangular Duct | Type= | Level=LEVEL 06 | System=Exhaust Air | LinkedRoomLink= | LinkedRoomNumber= | LinkedRoomName= | LinkedRoomDept= | LinkedRoomBuilding= | LinkedRoomSite= | LinkedRoomSource=connected-miss:d4:visited1 | ResolvedDept= | ResolvedBuilding= | ResolvedSite= | DisciplineHint=mechanical | AssetCandidates=ducts, ductwork | WBS00=WBH | WBS01=HO | WBS03=Z00 | DesignPkg=NWB-GEN-ME-SCM-1091-A | BuildingPermitPkg=WBH - BP09
WARN | Element 13771586 | Department unresolved | ExistingNWBDepartment= | ExistingWBS00=WBH | ExistingWBS01=HO | ExistingDiscipline=ME
ELEMENT | 13771586 | Cat=Ducts | AssetScore=45 | AssetTypeCode=MDUC | AssetType=Ductwork | AssetCategory=Ductwork | Targets=NWB_AssetTypeCode=MDUC; NWB_AssetID=MDUC-HO-06-13771586; NWB_AssetType=Ductwork; NWB_Discipline=ME; NWB_Category=Ductwork; NWB_Department=; NWB_SubDepartment=; NWB_RoomID=; NWB_RoomName=; NWB_Material=; NWB_System=Exhaust Air; NWB_UniclassCode=Pr_65_65_25; NWB_UniclassDescription=Ductwork and fittings; NWB_DesignPkg=NWB-GEN-ME-SCM-1091-A; NWB_BuildingPermitPkg=WBH - BP09; NWB_WBS00=WBH; NWB_WBS01=HO; NWB_WBS02=06; NWB_WBS03=Z00; NWB_WBS04=ME; NWB_WBS05=SI5; NWB_WBSCode=WBH-HO-06-Z00-ME-SI5
INFO | Candidate: NWB_AssetTypeCode | Scope=instance | Storage=String | ReadOnly=False | Shared=True | Id=7626182
INFO | Candidate: NWB_AssetID | Scope=instance | Storage=String | ReadOnly=False | Shared=True | Id=7626164
INFO | Candidate: NWB_AssetType | Scope=instance | Storage=String | ReadOnly=False | Shared=True | Id=7626181
INFO | Candidate: NWB_Discipline | Scope=instance | Storage=String | ReadOnly=False | Shared=True | Id=7626159
INFO | Candidate: NWB_Category | Scope=instance | Storage=String | ReadOnly=False | Shared=True | Id=7626160
INFO | Candidate: NWB_System | Scope=instance | Storage=String | ReadOnly=False | Shared=True | Id=7626163
INFO | Candidate: NWB_UniclassCode | Scope=instance | Storage=String | ReadOnly=False | Shared=True | Id=7626165
INFO | Candidate: NWB_UniclassDescription | Scope=instance | Storage=String | ReadOnly=False | Shared=True | Id=7626166
INFO | Candidate: NWB_DesignPkg | Scope=instance | Storage=String | ReadOnly=False | Shared=True | Id=7626167
ERROR | Element 13771587 | Category=Ducts | Family= | Parameter=NWB_BuildingPermitPkg | Reason=missing | Writable sample: AHU, AHU_AreaServed, AHU_Serves, AHU_Type, AHU_ZoneNumber, Additional Flow, Building_No, COMPLETE Y/N, Classification.OmniClass.21.Description_INSTANCE, Classification.OmniClass.21.Number_INSTANCE, Classification.OmniClass.22.Description_INSTANCE, Classification.OmniClass.22.Number_INSTANCE, Classification.OmniClass.23.Description_INSTANCE, Classification.OmniClass.23.Number_INSTANCE, Classification.UniFormat.2010.Description, Classification.UniFormat.2010.Number, Comments, DUCT NUMBER, Description BOM Suffix, Duct Number
INFO | Candidate: NWB_WBS00 | Scope=instance | Storage=String | ReadOnly=False | Shared=True | Id=9214738
INFO | Candidate: NWB_WBS01 | Scope=instance | Storage=String | ReadOnly=False | Shared=True | Id=9214798
INFO | Candidate: NWB_WBS02 | Scope=instance | Storage=String | ReadOnly=False | Shared=True | Id=9214786
INFO | Candidate: NWB_WBS03 | Scope=instance | Storage=String | ReadOnly=False | Shared=True | Id=9214750
INFO | Candidate: NWB_WBS04 | Scope=instance | Storage=String | ReadOnly=False | Shared=True | Id=9214762
INFO | Candidate: NWB_WBS05 | Scope=instance | Storage=String | ReadOnly=False | Shared=True | Id=9214810
INFO | Candidate: NWB_WBSCode | Scope=instance | Storage=String | ReadOnly=False | Shared=True | Id=9214774
SOURCE | Element 13771587 | Cat=Ducts | Family=Rectangular Duct | Type= | Level=LEVEL 06 | System=Exhaust Air | LinkedRoomLink= | LinkedRoomNumber= | LinkedRoomName= | LinkedRoomDept= | LinkedRoomBuilding= | LinkedRoomSite= | LinkedRoomSource=connected-miss:d4:visited1 | ResolvedDept= | ResolvedBuilding= | ResolvedSite= | DisciplineHint=mechanical | AssetCandidates=ducts, ductwork | WBS00=WBH | WBS01=HO | WBS03=Z00 | DesignPkg=NWB-GEN-ME-SCM-1091-A | BuildingPermitPkg=WBH - BP09
WARN | Element 13771587 | Department unresolved | ExistingNWBDepartment= | ExistingWBS00=WBH | ExistingWBS01=HO | ExistingDiscipline=ME
ELEMENT | 13771587 | Cat=Ducts | AssetScore=45 | AssetTypeCode=MDUC | AssetType=Ductwork | AssetCategory=Ductwork | Targets=NWB_AssetTypeCode=MDUC; NWB_AssetID=MDUC-HO-06-13771587; NWB_AssetType=Ductwork; NWB_Discipline=ME; NWB_Category=Ductwork; NWB_Department=; NWB_SubDepartment=; NWB_RoomID=; NWB_RoomName=; NWB_Material=; NWB_System=Exhaust Air; NWB_UniclassCode=Pr_65_65_25; NWB_UniclassDescription=Ductwork and fittings; NWB_DesignPkg=NWB-GEN-ME-SCM-1091-A; NWB_BuildingPermitPkg=WBH - BP09; NWB_WBS00=WBH; NWB_WBS01=HO; NWB_WBS02=06; NWB_WBS03=Z00; NWB_WBS04=ME; NWB_WBS05=SI5; NWB_WBSCode=WBH-HO-06-Z00-ME-SI5
INFO | Candidate: NWB_AssetTypeCode | Scope=instance | Storage=String | ReadOnly=False | Shared=True | Id=7626182
INFO | Candidate: NWB_AssetID | Scope=instance | Storage=String | ReadOnly=False | Shared=True | Id=7626164
INFO | Candidate: NWB_AssetType | Scope=instance | Storage=String | ReadOnly=False | Shared=True | Id=7626181
INFO | Candidate: NWB_Discipline | Scope=instance | Storage=String | ReadOnly=False | Shared=True | Id=7626159
INFO | Candidate: NWB_Category | Scope=instance | Storage=String | ReadOnly=False | Shared=True | Id=7626160
INFO | Candidate: NWB_System | Scope=instance | Storage=String | ReadOnly=False | Shared=True | Id=7626163
INFO | Candidate: NWB_UniclassCode | Scope=instance | Storage=String | ReadOnly=False | Shared=True | Id=7626165
INFO | Candidate: NWB_UniclassDescription | Scope=instance | Storage=String | ReadOnly=False | Shared=True | Id=7626166
INFO | Candidate: NWB_DesignPkg | Scope=instance | Storage=String | ReadOnly=False | Shared=True | Id=7626167
ERROR | Element 13771588 | Category=Ducts | Family= | Parameter=NWB_BuildingPermitPkg | Reason=missing | Writable sample: AHU, AHU_AreaServed, AHU_Serves, AHU_Type, AHU_ZoneNumber, Additional Flow, Building_No, COMPLETE Y/N, Classification.OmniClass.21.Description_INSTANCE, Classification.OmniClass.21.Number_INSTANCE, Classification.OmniClass.22.Description_INSTANCE, Classification.OmniClass.22.Number_INSTANCE, Classification.OmniClass.23.Description_INSTANCE, Classification.OmniClass.23.Number_INSTANCE, Classification.UniFormat.2010.Description, Classification.UniFormat.2010.Number, Comments, DUCT NUMBER, Description BOM Suffix, Duct Number
INFO | Candidate: NWB_WBS00 | Scope=instance | Storage=String | ReadOnly=False | Shared=True | Id=9214738
INFO | Candidate: NWB_WBS01 | Scope=instance | Storage=String | ReadOnly=False | Shared=True | Id=9214798
INFO | Candidate: NWB_WBS02 | Scope=instance | Storage=String | ReadOnly=False | Shared=True | Id=9214786
INFO | Candidate: NWB_WBS03 | Scope=instance | Storage=String | ReadOnly=False | Shared=True | Id=9214750
INFO | Candidate: NWB_WBS04 | Scope=instance | Storage=String | ReadOnly=False | Shared=True | Id=9214762
INFO | Candidate: NWB_WBS05 | Scope=instance | Storage=String | ReadOnly=False | Shared=True | Id=9214810
INFO | Candidate: NWB_WBSCode | Scope=instance | Storage=String | ReadOnly=False | Shared=True | Id=9214774
SOURCE | Element 13771588 | Cat=Ducts | Family=Rectangular Duct | Type= | Level=LEVEL 06 | System=Exhaust Air | LinkedRoomLink= | LinkedRoomNumber= | LinkedRoomName= | LinkedRoomDept= | LinkedRoomBuilding= | LinkedRoomSite= | LinkedRoomSource=connected-miss:d4:visited1 | ResolvedDept= | ResolvedBuilding= | ResolvedSite= | DisciplineHint=mechanical | AssetCandidates=ducts, ductwork | WBS00=WBH | WBS01=HO | WBS03=Z00 | DesignPkg=NWB-GEN-ME-SCM-1091-A | BuildingPermitPkg=WBH - BP09
WARN | Element 13771588 | Department unresolved | ExistingNWBDepartment= | ExistingWBS00=WBH | ExistingWBS01=HO | ExistingDiscipline=ME
ELEMENT | 13771588 | Cat=Ducts | AssetScore=45 | AssetTypeCode=MDUC | AssetType=Ductwork | AssetCategory=Ductwork | Targets=NWB_AssetTypeCode=MDUC; NWB_AssetID=MDUC-HO-06-13771588; NWB_AssetType=Ductwork; NWB_Discipline=ME; NWB_Category=Ductwork; NWB_Department=; NWB_SubDepartment=; NWB_RoomID=; NWB_RoomName=; NWB_Material=; NWB_System=Exhaust Air; NWB_UniclassCode=Pr_65_65_25; NWB_UniclassDescription=Ductwork and fittings; NWB_DesignPkg=NWB-GEN-ME-SCM-1091-A; NWB_BuildingPermitPkg=WBH - BP09; NWB_WBS00=WBH; NWB_WBS01=HO; NWB_WBS02=06; NWB_WBS03=Z00; NWB_WBS04=ME; NWB_WBS05=SI5; NWB_WBSCode=WBH-HO-06-Z00-ME-SI5
INFO | Candidate: NWB_AssetTypeCode | Scope=instance | Storage=String | ReadOnly=False | Shared=True | Id=7626182
INFO | Candidate: NWB_AssetID | Scope=instance | Storage=String | ReadOnly=False | Shared=True | Id=7626164
INFO | Candidate: NWB_AssetType | Scope=instance | Storage=String | ReadOnly=False | Shared=True | Id=7626181
INFO | Candidate: NWB_Discipline | Scope=instance | Storage=String | ReadOnly=False | Shared=True | Id=7626159
INFO | Candidate: NWB_Category | Scope=instance | Storage=String | ReadOnly=False | Shared=True | Id=7626160
INFO | Candidate: NWB_System | Scope=instance | Storage=String | ReadOnly=False | Shared=True | Id=7626163
INFO | Candidate: NWB_UniclassCode | Scope=instance | Storage=String | ReadOnly=False | Shared=True | Id=7626165
INFO | Candidate: NWB_UniclassDescription | Scope=instance | Storage=String | ReadOnly=False | Shared=True | Id=7626166
INFO | Candidate: NWB_DesignPkg | Scope=instance | Storage=String | ReadOnly=False | Shared=True | Id=7626167
ERROR | Element 13771589 | Category=Ducts | Family= | Parameter=NWB_BuildingPermitPkg | Reason=missing | Writable sample: AHU, AHU_AreaServed, AHU_Serves, AHU_Type, AHU_ZoneNumber, Additional Flow, Building_No, COMPLETE Y/N, Classification.OmniClass.21.Description_INSTANCE, Classification.OmniClass.21.Number_INSTANCE, Classification.OmniClass.22.Description_INSTANCE, Classification.OmniClass.22.Number_INSTANCE, Classification.OmniClass.23.Description_INSTANCE, Classification.OmniClass.23.Number_INSTANCE, Classification.UniFormat.2010.Description, Classification.UniFormat.2010.Number, Comments, DUCT NUMBER, Description BOM Suffix, Duct Number
INFO | Candidate: NWB_WBS00 | Scope=instance | Storage=String | ReadOnly=False | Shared=True | Id=9214738
INFO | Candidate: NWB_WBS01 | Scope=instance | Storage=String | ReadOnly=False | Shared=True | Id=9214798
INFO | Candidate: NWB_WBS02 | Scope=instance | Storage=String | ReadOnly=False | Shared=True | Id=9214786
INFO | Candidate: NWB_WBS03 | Scope=instance | Storage=String | ReadOnly=False | Shared=True | Id=9214750
INFO | Candidate: NWB_WBS04 | Scope=instance | Storage=String | ReadOnly=False | Shared=True | Id=9214762
INFO | Candidate: NWB_WBS05 | Scope=instance | Storage=String | ReadOnly=False | Shared=True | Id=9214810
INFO | Candidate: NWB_WBSCode | Scope=instance | Storage=String | ReadOnly=False | Shared=True | Id=9214774
SOURCE | Element 13771589 | Cat=Ducts | Family=Rectangular Duct | Type= | Level=LEVEL 06 | System=Exhaust Air | LinkedRoomLink= | LinkedRoomNumber= | LinkedRoomName= | LinkedRoomDept= | LinkedRoomBuilding= | LinkedRoomSite= | LinkedRoomSource=connected-miss:d4:visited1 | ResolvedDept= | ResolvedBuilding= | ResolvedSite= | DisciplineHint=mechanical | AssetCandidates=ducts, ductwork | WBS00=WBH | WBS01=HO | WBS03=Z00 | DesignPkg=NWB-GEN-ME-SCM-1091-A | BuildingPermitPkg=WBH - BP09
WARN | Element 13771589 | Department unresolved | ExistingNWBDepartment= | ExistingWBS00=WBH | ExistingWBS01=HO | ExistingDiscipline=ME
ELEMENT | 13771589 | Cat=Ducts | AssetScore=45 | AssetTypeCode=MDUC | AssetType=Ductwork | AssetCategory=Ductwork | Targets=NWB_AssetTypeCode=MDUC; NWB_AssetID=MDUC-HO-06-13771589; NWB_AssetType=Ductwork; NWB_Discipline=ME; NWB_Category=Ductwork; NWB_Department=; NWB_SubDepartment=; NWB_RoomID=; NWB_RoomName=; NWB_Material=; NWB_System=Exhaust Air; NWB_UniclassCode=Pr_65_65_25; NWB_UniclassDescription=Ductwork and fittings; NWB_DesignPkg=NWB-GEN-ME-SCM-1091-A; NWB_BuildingPermitPkg=WBH - BP09; NWB_WBS00=WBH; NWB_WBS01=HO; NWB_WBS02=06; NWB_WBS03=Z00; NWB_WBS04=ME; NWB_WBS05=SI5; NWB_WBSCode=WBH-HO-06-Z00-ME-SI5
INFO | Candidate: NWB_AssetTypeCode | Scope=instance | Storage=String | ReadOnly=False | Shared=True | Id=7626182
INFO | Candidate: NWB_AssetID | Scope=instance | Storage=String | ReadOnly=False | Shared=True | Id=7626164
INFO | Candidate: NWB_AssetType | Scope=instance | Storage=String | ReadOnly=False | Shared=True | Id=7626181
INFO | Candidate: NWB_Discipline | Scope=instance | Storage=String | ReadOnly=False | Shared=True | Id=7626159
INFO | Candidate: NWB_Category | Scope=instance | Storage=String | ReadOnly=False | Shared=True | Id=7626160
INFO | Candidate: NWB_Department | Scope=instance | Storage=String | ReadOnly=False | Shared=True | Id=7626168
INFO | Candidate: NWB_SubDepartment | Scope=instance | Storage=String | ReadOnly=False | Shared=True | Id=7626178
INFO | Candidate: NWB_RoomID | Scope=instance | Storage=String | ReadOnly=False | Shared=True | Id=7626177
INFO | Candidate: NWB_RoomName | Scope=instance | Storage=String | ReadOnly=False | Shared=True | Id=7626169
INFO | Candidate: NWB_System | Scope=instance | Storage=String | ReadOnly=False | Shared=True | Id=7626163
INFO | Candidate: NWB_UniclassCode | Scope=instance | Storage=String | ReadOnly=False | Shared=True | Id=7626165
INFO | Candidate: NWB_UniclassDescription | Scope=instance | Storage=String | ReadOnly=False | Shared=True | Id=7626166
INFO | Candidate: NWB_DesignPkg | Scope=instance | Storage=String | ReadOnly=False | Shared=True | Id=7626167
ERROR | Element 13886210 | Category=Ducts | Family= | Parameter=NWB_BuildingPermitPkg | Reason=missing | Writable sample: AHU, AHU_AreaServed, AHU_Serves, AHU_Type, AHU_ZoneNumber, Additional Flow, Building_No, COMPLETE Y/N, Classification.OmniClass.21.Description_INSTANCE, Classification.OmniClass.21.Number_INSTANCE, Classification.OmniClass.22.Description_INSTANCE, Classification.OmniClass.22.Number_INSTANCE, Classification.OmniClass.23.Description_INSTANCE, Classification.OmniClass.23.Number_INSTANCE, Classification.UniFormat.2010.Description, Classification.UniFormat.2010.Number, Comments, DUCT NUMBER, Description BOM Suffix, Duct Number
INFO | Candidate: NWB_WBS00 | Scope=instance | Storage=String | ReadOnly=False | Shared=True | Id=9214738
INFO | Candidate: NWB_WBS01 | Scope=instance | Storage=String | ReadOnly=False | Shared=True | Id=9214798
INFO | Candidate: NWB_WBS02 | Scope=instance | Storage=String | ReadOnly=False | Shared=True | Id=9214786
INFO | Candidate: NWB_WBS03 | Scope=instance | Storage=String | ReadOnly=False | Shared=True | Id=9214750
INFO | Candidate: NWB_WBS04 | Scope=instance | Storage=String | ReadOnly=False | Shared=True | Id=9214762
INFO | Candidate: NWB_WBS05 | Scope=instance | Storage=String | ReadOnly=False | Shared=True | Id=9214810
INFO | Candidate: NWB_WBSCode | Scope=instance | Storage=String | ReadOnly=False | Shared=True | Id=9214774
SOURCE | Element 13886210 | Cat=Ducts | Family=Rectangular Duct | Type= | Level=LEVEL 05 | System=Exhaust Air | LinkedRoomLink=NWB-ARC-WBH-AR-MOD-0034 | LinkedRoomNumber=WBH-W-05-342 | LinkedRoomName=Operating Room, Hybrid | LinkedRoomDept=POS | LinkedRoomBuilding= | LinkedRoomSite= | LinkedRoomSource=self | ResolvedDept=POS | ResolvedBuilding= | ResolvedSite= | DisciplineHint=mechanical | AssetCandidates=ducts, ductwork | WBS00=WBH | WBS01=HO | WBS03=POS | DesignPkg=NWB-GEN-ME-SCM-1091-A | BuildingPermitPkg=WBH - BP09
ELEMENT | 13886210 | Cat=Ducts | AssetScore=45 | AssetTypeCode=MDUC | AssetType=Ductwork | AssetCategory=Ductwork | Targets=NWB_AssetTypeCode=MDUC; NWB_AssetID=MDUC-HO-05-13886210; NWB_AssetType=Ductwork; NWB_Discipline=ME; NWB_Category=Ductwork; NWB_Department=POS; NWB_SubDepartment=07; NWB_RoomID=WBH-W-05-342; NWB_RoomName=Operating Room, Hybrid; NWB_Material=; NWB_System=Exhaust Air; NWB_UniclassCode=Pr_65_65_25; NWB_UniclassDescription=Ductwork and fittings; NWB_DesignPkg=NWB-GEN-ME-SCM-1091-A; NWB_BuildingPermitPkg=WBH - BP09; NWB_WBS00=WBH; NWB_WBS01=HO; NWB_WBS02=05; NWB_WBS03=POS; NWB_WBS04=ME; NWB_WBS05=SI5; NWB_WBSCode=WBH-HO-05-POS-ME-SI5
INFO | Transaction Status = Committed
CHUNK COMMIT | Status=Committed | Processed=60
INFO | VERIFY OK | Element 8924807 | Parameter=NWB_Department | Kind=Shared Parameter | Scope=instance | Id=7626168 | Actual='Engineering'
INFO | VERIFY OK | Element 8924807 | Parameter=NWB_RoomID | Kind=Shared Parameter | Scope=instance | Id=7626177 | Actual='ENG.07.R10'
INFO | VERIFY OK | Element 8924807 | Parameter=NWB_RoomName | Kind=Shared Parameter | Scope=instance | Id=7626169 | Actual='Mechanical Riser, M10'
INFO | VERIFY OK | Element 8924807 | Parameter=NWB_WBS03 | Kind=Shared Parameter | Scope=instance | Id=9214750 | Actual='ENG'
INFO | VERIFY OK | Element 8924807 | Parameter=NWB_WBSCode | Kind=Shared Parameter | Scope=instance | Id=9214774 | Actual='WBH-HO-07-ENG-ME-SI5'
INFO | VERIFY OK | Element 8924854 | Parameter=NWB_Department | Kind=Shared Parameter | Scope=instance | Id=7626168 | Actual='Engineering'
INFO | VERIFY OK | Element 8924854 | Parameter=NWB_RoomID | Kind=Shared Parameter | Scope=instance | Id=7626177 | Actual='ENG.06.905'
INFO | VERIFY OK | Element 8924854 | Parameter=NWB_RoomName | Kind=Shared Parameter | Scope=instance | Id=7626169 | Actual='Plant Room'
INFO | VERIFY OK | Element 8924854 | Parameter=NWB_WBS03 | Kind=Shared Parameter | Scope=instance | Id=9214750 | Actual='ENG'
INFO | VERIFY OK | Element 8924854 | Parameter=NWB_WBSCode | Kind=Shared Parameter | Scope=instance | Id=9214774 | Actual='WBH-HO-07-ENG-ME-SI5'
INFO | VERIFY OK | Element 8924968 | Parameter=NWB_Department | Kind=Shared Parameter | Scope=instance | Id=7626168 | Actual='Engineering'
INFO | VERIFY OK | Element 8924968 | Parameter=NWB_RoomID | Kind=Shared Parameter | Scope=instance | Id=7626177 | Actual='ENG.07.R10'
INFO | VERIFY OK | Element 8924968 | Parameter=NWB_RoomName | Kind=Shared Parameter | Scope=instance | Id=7626169 | Actual='Mechanical Riser, M10'
INFO | VERIFY OK | Element 8924968 | Parameter=NWB_WBS03 | Kind=Shared Parameter | Scope=instance | Id=9214750 | Actual='ENG'
INFO | VERIFY OK | Element 8924968 | Parameter=NWB_WBSCode | Kind=Shared Parameter | Scope=instance | Id=9214774 | Actual='WBH-HO-07-ENG-ME-SI5'
INFO | VERIFY OK | Element 8924975 | Parameter=NWB_Department | Kind=Shared Parameter | Scope=instance | Id=7626168 | Actual='Engineering'
INFO | VERIFY OK | Element 8924975 | Parameter=NWB_RoomID | Kind=Shared Parameter | Scope=instance | Id=7626177 | Actual='ENG.06.905'
INFO | VERIFY OK | Element 8924975 | Parameter=NWB_RoomName | Kind=Shared Parameter | Scope=instance | Id=7626169 | Actual='Plant Room'
INFO | VERIFY OK | Element 8924975 | Parameter=NWB_WBS03 | Kind=Shared Parameter | Scope=instance | Id=9214750 | Actual='ENG'
INFO | VERIFY OK | Element 8924975 | Parameter=NWB_WBSCode | Kind=Shared Parameter | Scope=instance | Id=9214774 | Actual='WBH-HO-06-ENG-ME-SI5'
INFO | VERIFY OK | Element 8924977 | Parameter=NWB_Department | Kind=Shared Parameter | Scope=instance | Id=7626168 | Actual='Engineering'
INFO | VERIFY OK | Element 8924977 | Parameter=NWB_RoomID | Kind=Shared Parameter | Scope=instance | Id=7626177 | Actual='ENG.06.905'
INFO | VERIFY OK | Element 8924977 | Parameter=NWB_RoomName | Kind=Shared Parameter | Scope=instance | Id=7626169 | Actual='Plant Room'
INFO | VERIFY OK | Element 8924977 | Parameter=NWB_WBS03 | Kind=Shared Parameter | Scope=instance | Id=9214750 | Actual='ENG'
INFO | VERIFY OK | Element 8924977 | Parameter=NWB_WBSCode | Kind=Shared Parameter | Scope=instance | Id=9214774 | Actual='WBH-HO-07-ENG-ME-SI5'
INFO | VERIFY OK | Element 8924987 | Parameter=NWB_Department | Kind=Shared Parameter | Scope=instance | Id=7626168 | Actual='Engineering'
INFO | VERIFY OK | Element 8924987 | Parameter=NWB_RoomID | Kind=Shared Parameter | Scope=instance | Id=7626177 | Actual='ENG.06.905'
INFO | VERIFY OK | Element 8924987 | Parameter=NWB_RoomName | Kind=Shared Parameter | Scope=instance | Id=7626169 | Actual='Plant Room'
INFO | VERIFY OK | Element 8924987 | Parameter=NWB_WBS03 | Kind=Shared Parameter | Scope=instance | Id=9214750 | Actual='ENG'
INFO | VERIFY OK | Element 8924987 | Parameter=NWB_WBSCode | Kind=Shared Parameter | Scope=instance | Id=9214774 | Actual='WBH-HO-06-ENG-ME-SI5'
INFO | VERIFY OK | Element 8925022 | Parameter=NWB_Department | Kind=Shared Parameter | Scope=instance | Id=7626168 | Actual='Engineering'
INFO | VERIFY OK | Element 8925022 | Parameter=NWB_RoomID | Kind=Shared Parameter | Scope=instance | Id=7626177 | Actual='ENG.06.905'
INFO | VERIFY OK | Element 8925022 | Parameter=NWB_RoomName | Kind=Shared Parameter | Scope=instance | Id=7626169 | Actual='Plant Room'
INFO | VERIFY OK | Element 8925022 | Parameter=NWB_WBS03 | Kind=Shared Parameter | Scope=instance | Id=9214750 | Actual='ENG'
INFO | VERIFY OK | Element 8925022 | Parameter=NWB_WBSCode | Kind=Shared Parameter | Scope=instance | Id=9214774 | Actual='WBH-HO-07-ENG-ME-SI5'
INFO | VERIFY OK | Element 8925077 | Parameter=NWB_Department | Kind=Shared Parameter | Scope=instance | Id=7626168 | Actual='Engineering'
INFO | VERIFY OK | Element 8925077 | Parameter=NWB_RoomID | Kind=Shared Parameter | Scope=instance | Id=7626177 | Actual='ENG.06.905'
INFO | VERIFY OK | Element 8925077 | Parameter=NWB_RoomName | Kind=Shared Parameter | Scope=instance | Id=7626169 | Actual='Plant Room'
INFO | VERIFY OK | Element 8925077 | Parameter=NWB_WBS03 | Kind=Shared Parameter | Scope=instance | Id=9214750 | Actual='ENG'
INFO | VERIFY OK | Element 8925077 | Parameter=NWB_WBSCode | Kind=Shared Parameter | Scope=instance | Id=9214774 | Actual='WBH-HO-07-ENG-ME-SI5'
INFO | VERIFY OK | Element 8925079 | Parameter=NWB_Department | Kind=Shared Parameter | Scope=instance | Id=7626168 | Actual='Engineering'
INFO | VERIFY OK | Element 8925079 | Parameter=NWB_RoomID | Kind=Shared Parameter | Scope=instance | Id=7626177 | Actual='ENG.06.905'
INFO | VERIFY OK | Element 8925079 | Parameter=NWB_RoomName | Kind=Shared Parameter | Scope=instance | Id=7626169 | Actual='Plant Room'
INFO | VERIFY OK | Element 8925079 | Parameter=NWB_WBS03 | Kind=Shared Parameter | Scope=instance | Id=9214750 | Actual='ENG'
INFO | VERIFY OK | Element 8925079 | Parameter=NWB_WBSCode | Kind=Shared Parameter | Scope=instance | Id=9214774 | Actual='WBH-HO-06-ENG-ME-SI5'
INFO | VERIFY OK | Element 8925087 | Parameter=NWB_Department | Kind=Shared Parameter | Scope=instance | Id=7626168 | Actual='Engineering'
INFO | VERIFY OK | Element 8925087 | Parameter=NWB_RoomID | Kind=Shared Parameter | Scope=instance | Id=7626177 | Actual='ENG.07.R10'
INFO | VERIFY OK | Element 8925087 | Parameter=NWB_RoomName | Kind=Shared Parameter | Scope=instance | Id=7626169 | Actual='Mechanical Riser, M10'
INFO | VERIFY OK | Element 8925087 | Parameter=NWB_WBS03 | Kind=Shared Parameter | Scope=instance | Id=9214750 | Actual='ENG'
INFO | VERIFY OK | Element 8925087 | Parameter=NWB_WBSCode | Kind=Shared Parameter | Scope=instance | Id=9214774 | Actual='WBH-HO-06-ENG-ME-SI5'
INFO | VERIFY OK | Element 8925099 | Parameter=NWB_Department | Kind=Shared Parameter | Scope=instance | Id=7626168 | Actual='Engineering'
INFO | VERIFY OK | Element 8925099 | Parameter=NWB_RoomID | Kind=Shared Parameter | Scope=instance | Id=7626177 | Actual='ENG.06.905'
INFO | VERIFY OK | Element 8925099 | Parameter=NWB_RoomName | Kind=Shared Parameter | Scope=instance | Id=7626169 | Actual='Plant Room'
INFO | VERIFY OK | Element 8925099 | Parameter=NWB_WBS03 | Kind=Shared Parameter | Scope=instance | Id=9214750 | Actual='ENG'
INFO | VERIFY OK | Element 8925099 | Parameter=NWB_WBSCode | Kind=Shared Parameter | Scope=instance | Id=9214774 | Actual='WBH-HO-07-ENG-ME-SI5'
INFO | VERIFY OK | Element 8925103 | Parameter=NWB_Department | Kind=Shared Parameter | Scope=instance | Id=7626168 | Actual='Engineering'
INFO | VERIFY OK | Element 8925103 | Parameter=NWB_RoomID | Kind=Shared Parameter | Scope=instance | Id=7626177 | Actual='ENG.07.R10'
INFO | VERIFY OK | Element 8925103 | Parameter=NWB_RoomName | Kind=Shared Parameter | Scope=instance | Id=7626169 | Actual='Mechanical Riser, M10'
INFO | VERIFY OK | Element 8925103 | Parameter=NWB_WBS03 | Kind=Shared Parameter | Scope=instance | Id=9214750 | Actual='ENG'
INFO | VERIFY OK | Element 8925103 | Parameter=NWB_WBSCode | Kind=Shared Parameter | Scope=instance | Id=9214774 | Actual='WBH-HO-06-ENG-ME-SI5'
INFO | VERIFY OK | Element 8925138 | Parameter=NWB_Department | Kind=Shared Parameter | Scope=instance | Id=7626168 | Actual='Engineering'
INFO | VERIFY OK | Element 8925138 | Parameter=NWB_RoomID | Kind=Shared Parameter | Scope=instance | Id=7626177 | Actual='ENG.07.R10'
INFO | VERIFY OK | Element 8925138 | Parameter=NWB_RoomName | Kind=Shared Parameter | Scope=instance | Id=7626169 | Actual='Mechanical Riser, M10'
INFO | VERIFY OK | Element 8925138 | Parameter=NWB_WBS03 | Kind=Shared Parameter | Scope=instance | Id=9214750 | Actual='ENG'
INFO | VERIFY OK | Element 8925138 | Parameter=NWB_WBSCode | Kind=Shared Parameter | Scope=instance | Id=9214774 | Actual='WBH-HO-06-ENG-ME-SI5'
INFO | VERIFY OK | Element 8928737 | Parameter=NWB_Department | Kind=Shared Parameter | Scope=instance | Id=7626168 | Actual='Engineering'
INFO | VERIFY OK | Element 8928737 | Parameter=NWB_RoomID | Kind=Shared Parameter | Scope=instance | Id=7626177 | Actual='ENG.06.905'
INFO | VERIFY OK | Element 8928737 | Parameter=NWB_RoomName | Kind=Shared Parameter | Scope=instance | Id=7626169 | Actual='Plant Room'
INFO | VERIFY OK | Element 8928737 | Parameter=NWB_WBS03 | Kind=Shared Parameter | Scope=instance | Id=9214750 | Actual='ENG'
INFO | VERIFY OK | Element 8928737 | Parameter=NWB_WBSCode | Kind=Shared Parameter | Scope=instance | Id=9214774 | Actual='WBH-HO-06-ENG-ME-SI5'
INFO | VERIFY OK | Element 8928739 | Parameter=NWB_Department | Kind=Shared Parameter | Scope=instance | Id=7626168 | Actual='Engineering'
INFO | VERIFY OK | Element 8928739 | Parameter=NWB_RoomID | Kind=Shared Parameter | Scope=instance | Id=7626177 | Actual='ENG.07.R10'
INFO | VERIFY OK | Element 8928739 | Parameter=NWB_RoomName | Kind=Shared Parameter | Scope=instance | Id=7626169 | Actual='Mechanical Riser, M10'
INFO | VERIFY OK | Element 8928739 | Parameter=NWB_WBS03 | Kind=Shared Parameter | Scope=instance | Id=9214750 | Actual='ENG'
INFO | VERIFY OK | Element 8928739 | Parameter=NWB_WBSCode | Kind=Shared Parameter | Scope=instance | Id=9214774 | Actual='WBH-HO-07-ENG-ME-SI5'
SUMMARY | Top unresolved / skipped reasons
SUMMARY | Count=60 | Category=Ducts | Parameter=NWB_BuildingPermitPkg | Reason=missing
SUMMARY | Count=60 | Category=Ducts | Parameter=NWB_Material | Reason=workbook material blank and model material missing
SUMMARY | Count=25 | Category=Ducts | Parameter=NWB_SubDepartment | Reason=linked/direct room subdepartment unavailable (self)
SUMMARY | Count=10 | Category=Ducts | Parameter=NWB_RoomID | Reason=no source value
SUMMARY | Count=10 | Category=Ducts | Parameter=NWB_RoomName | Reason=no source value
SUMMARY | Count=9 | Category=Ducts | Parameter=NWB_Department | Reason=linked/direct room department unavailable (connected-miss:d4:visited1)
SUMMARY | Count=9 | Category=Ducts | Parameter=NWB_SubDepartment | Reason=linked/direct room subdepartment unavailable (connected-miss:d4:visited1)
SUMMARY | Count=3 | Category=Ducts | Parameter=NWB_Department | Reason=linked/direct room department unavailable (self)
SUMMARY | Count=1 | Category=Ducts | Parameter=NWB_Department | Reason=linked/direct room department unavailable (connected-miss:d4:visited2)
SUMMARY | Count=1 | Category=Ducts | Parameter=NWB_SubDepartment | Reason=linked/direct room subdepartment unavailable (connected-miss:d4:visited2)
SUMMARY | Count=1 | Category=Ducts | Parameter=NWB_SubDepartment | Reason=linked/direct room subdepartment unavailable (connected:d2:7778522:Ducts)
END | Attempted=75 | Written=75 | Skipped=1245 | VerifyFailed=0 | SharedWrites=75 | FamilyWrites=0 | TypeWrites=0 | InstanceWrites=75 | ReadOnly=0 | MissingTarget=60 | SkipTargetMode=0 | DuplicateParameter=0 | SkipWorksharing=0 | Failed=0 | Cancelled=True
