"run_stamp","tool","view_name","view_mode","processing_scope","write_mode","parameter_target_mode","worksharing_mode","element_id","category","family","type","level","system","name","target_parameter","requested_value","actual_before","actual_after","outcome","reason","target_scope","target_kind","target_param_id","target_definition_name","target_storage","target_is_read_only","candidate_count","selected_target_count","asset_score","asset_type_code","asset_type","asset_category","linked_room_source","linked_room_link","linked_room_number","linked_room_name","linked_room_department","linked_room_building","linked_room_site","resolved_department","resolved_building","resolved_site","derived_wbs00","derived_wbs01","derived_wbs03","derived_wbs05","derived_wbs_code"
"20260802_005303","NWB_PARAMETERS AutoFill","MECHANICAL DUCTWORK LAYOUT - LEVEL 07 - ZONE 153","model","selection","smart","Both","skip-other-users","13968630","Ducts","Rectangular Duct","","LEVEL 07","Supply Air","Flanged Long Radius Elbows / Shoe Branch","NWB_AssetTypeCode","MDUC","MDUC","MDUC","SKIP","already-matches","instance","Shared Parameter","7626182","NWB_AssetTypeCode","String","False","1","1","45","MDUC","Ductwork","Ductwork","connected-miss:d4:visited13","","","","","","","PPT","","","WBH","HO","PPT","SI5","WBH-HO-07-PPT-ME-SI5"
"20260802_005303","NWB_PARAMETERS AutoFill","MECHANICAL DUCTWORK LAYOUT - LEVEL 07 - ZONE 153","model","selection","smart","Both","skip-other-users","13968630","Ducts","Rectangular Duct","","LEVEL 07","Supply Air","Flanged Long Radius Elbows / Shoe Branch","NWB_AssetType","Ductwork","Ductwork","Ductwork","SKIP","already-matches","instance","Shared Parameter","7626181","NWB_AssetType","String","False","1","1","45","MDUC","Ductwork","Ductwork","connected-miss:d4:visited13","","","","","","","PPT","","","WBH","HO","PPT","SI5","WBH-HO-07-PPT-ME-SI5"
"20260802_005303","NWB_PARAMETERS AutoFill","MECHANICAL DUCTWORK LAYOUT - LEVEL 07 - ZONE 153","model","selection","smart","Both","skip-other-users","13968630","Ducts","Rectangular Duct","","LEVEL 07","Supply Air","Flanged Long Radius Elbows / Shoe Branch","NWB_Discipline","ME","ME","ME","SKIP","already-matches","instance","Shared Parameter","7626159","NWB_Discipline","String","False","1","1","45","MDUC","Ductwork","Ductwork","connected-miss:d4:visited13","","","","","","","PPT","","","WBH","HO","PPT","SI5","WBH-HO-07-PPT-ME-SI5"
"20260802_005303","NWB_PARAMETERS AutoFill","MECHANICAL DUCTWORK LAYOUT - LEVEL 07 - ZONE 153","model","selection","smart","Both","skip-other-users","13968630","Ducts","Rectangular Duct","","LEVEL 07","Supply Air","Flanged Long Radius Elbows / Shoe Branch","NWB_Category","Ductwork","Ductwork","Ductwork","SKIP","already-matches","instance","Shared Parameter","7626160","NWB_Category","String","False","1","1","45","MDUC","Ductwork","Ductwork","connected-miss:d4:visited13","","","","","","","PPT","","","WBH","HO","PPT","SI5","WBH-HO-07-PPT-ME-SI5"
"20260802_005303","NWB_PARAMETERS AutoFill","MECHANICAL DUCTWORK LAYOUT - LEVEL 07 - ZONE 153","model","selection","smart","Both","skip-other-users","13968630","Ducts","Rectangular Duct","","LEVEL 07","Supply Air","Flanged Long Radius Elbows / Shoe Branch","NWB_Department","PPT","PPT","PPT","SKIP","already-matches","instance","Shared Parameter","7626168","NWB_Department","String","False","1","1","45","MDUC","Ductwork","Ductwork","connected-miss:d4:visited13","","","","","","","PPT","","","WBH","HO","PPT","SI5","WBH-HO-07-PPT-ME-SI5"
"20260802_005303","NWB_PARAMETERS AutoFill","MECHANICAL DUCTWORK LAYOUT - LEVEL 07 - ZONE 153","model","selection","smart","Both","skip-other-users","13968630","Ducts","Rectangular Duct","","LEVEL 07","Supply Air","Flanged Long Radius Elbows / Shoe Branch","NWB_Material","","","","SKIP","workbook material blank and model material missing","","","","NWB_Material","","","","","45","MDUC","Ductwork","Ductwork","connected-miss:d4:visited13","","","","","","","PPT","","","WBH","HO","PPT","SI5","WBH-HO-07-PPT-ME-SI5"
"20260802_005303","NWB_PARAMETERS AutoFill","MECHANICAL DUCTWORK LAYOUT - LEVEL 07 - ZONE 153","model","selection","smart","Both","skip-other-users","13968630","Ducts","Rectangular Duct","","LEVEL 07","Supply Air","Flanged Long Radius Elbows / Shoe Branch","NWB_System","Supply Air","Supply Air","Supply Air","SKIP","already-matches","instance","Shared Parameter","7626163","NWB_System","String","False","1","1","45","MDUC","Ductwork","Ductwork","connected-miss:d4:visited13","","","","","","","PPT","","","WBH","HO","PPT","SI5","WBH-HO-07-PPT-ME-SI5"
"20260802_005303","NWB_PARAMETERS AutoFill","MECHANICAL DUCTWORK LAYOUT - LEVEL 07 - ZONE 153","model","selection","smart","Both","skip-other-users","13968630","Ducts","Rectangular Duct","","LEVEL 07","Supply Air","Flanged Long Radius Elbows / Shoe Branch","NWB_UniclassCode","Pr_65_65_25","Pr_65_65_25","Pr_65_65_25","SKIP","already-matches","instance","Shared Parameter","7626165","NWB_UniclassCode","String","False","1","1","45","MDUC","Ductwork","Ductwork","connected-miss:d4:visited13","","","","","","","PPT","","","WBH","HO","PPT","SI5","WBH-HO-07-PPT-ME-SI5"
"20260802_005303","NWB_PARAMETERS AutoFill","MECHANICAL DUCTWORK LAYOUT - LEVEL 07 - ZONE 153","model","selection","smart","Both","skip-other-users","13968630","Ducts","Rectangular Duct","","LEVEL 07","Supply Air","Flanged Long Radius Elbows / Shoe Branch","NWB_UniclassDescription","Ductwork and fittings","Ductwork and fittings","Ductwork and fittings","SKIP","already-matches","instance","Shared Parameter","7626166","NWB_UniclassDescription","String","False","1","1","45","MDUC","Ductwork","Ductwork","connected-miss:d4:visited13","","","","","","","PPT","","","WBH","HO","PPT","SI5","WBH-HO-07-PPT-ME-SI5"
"20260802_005303","NWB_PARAMETERS AutoFill","MECHANICAL DUCTWORK LAYOUT - LEVEL 07 - ZONE 153","model","selection","smart","Both","skip-other-users","13968630","Ducts","Rectangular Duct","","LEVEL 07","Supply Air","Flanged Long Radius Elbows / Shoe Branch","NWB_DesignPkg","NWB-GEN-ME-SCM-1091-A","NWB-GEN-ME-SCM-1091-A","NWB-GEN-ME-SCM-1091-A","SKIP","already-matches","instance","Shared Parameter","7626167","NWB_DesignPkg","String","False","1","1","45","MDUC","Ductwork","Ductwork","connected-miss:d4:visited13","","","","","","","PPT","","","WBH","HO","PPT","SI5","WBH-HO-07-PPT-ME-SI5"
"20260802_005303","NWB_PARAMETERS AutoFill","MECHANICAL DUCTWORK LAYOUT - LEVEL 07 - ZONE 153","model","selection","smart","Both","skip-other-users","13968630","Ducts","Rectangular Duct","","LEVEL 07","Supply Air","Flanged Long Radius Elbows / Shoe Branch","NWB_BuildingPermitPkg","WBH - BP09","","","SKIP","missing","","","","NWB_BuildingPermitPkg","","","0","0","45","MDUC","Ductwork","Ductwork","connected-miss:d4:visited13","","","","","","","PPT","","","WBH","HO","PPT","SI5","WBH-HO-07-PPT-ME-SI5"
"20260802_005303","NWB_PARAMETERS AutoFill","MECHANICAL DUCTWORK LAYOUT - LEVEL 07 - ZONE 153","model","selection","smart","Both","skip-other-users","13968630","Ducts","Rectangular Duct","","LEVEL 07","Supply Air","Flanged Long Radius Elbows / Shoe Branch","NWB_WBS00","WBH","WBH","WBH","SKIP","already-matches","instance","Shared Parameter","9214738","NWB_WBS00","String","False","1","1","45","MDUC","Ductwork","Ductwork","connected-miss:d4:visited13","","","","","","","PPT","","","WBH","HO","PPT","SI5","WBH-HO-07-PPT-ME-SI5"
"20260802_005303","NWB_PARAMETERS AutoFill","MECHANICAL DUCTWORK LAYOUT - LEVEL 07 - ZONE 153","model","selection","smart","Both","skip-other-users","13968630","Ducts","Rectangular Duct","","LEVEL 07","Supply Air","Flanged Long Radius Elbows / Shoe Branch","NWB_WBS01","HO","HO","HO","SKIP","already-matches","instance","Shared Parameter","9214798","NWB_WBS01","String","False","1","1","45","MDUC","Ductwork","Ductwork","connected-miss:d4:visited13","","","","","","","PPT","","","WBH","HO","PPT","SI5","WBH-HO-07-PPT-ME-SI5"
"20260802_005303","NWB_PARAMETERS AutoFill","MECHANICAL DUCTWORK LAYOUT - LEVEL 07 - ZONE 153","model","selection","smart","Both","skip-other-users","13968630","Ducts","Rectangular Duct","","LEVEL 07","Supply Air","Flanged Long Radius Elbows / Shoe Branch","NWB_WBS02","07","07","07","SKIP","already-matches","instance","Shared Parameter","9214786","NWB_WBS02","String","False","1","1","45","MDUC","Ductwork","Ductwork","connected-miss:d4:visited13","","","","","","","PPT","","","WBH","HO","PPT","SI5","WBH-HO-07-PPT-ME-SI5"
"20260802_005303","NWB_PARAMETERS AutoFill","MECHANICAL DUCTWORK LAYOUT - LEVEL 07 - ZONE 153","model","selection","smart","Both","skip-other-users","13968630","Ducts","Rectangular Duct","","LEVEL 07","Supply Air","Flanged Long Radius Elbows / Shoe Branch","NWB_WBS03","PPT","PPT","PPT","SKIP","already-matches","instance","Shared Parameter","9214750","NWB_WBS03","String","False","1","1","45","MDUC","Ductwork","Ductwork","connected-miss:d4:visited13","","","","","","","PPT","","","WBH","HO","PPT","SI5","WBH-HO-07-PPT-ME-SI5"
"20260802_005303","NWB_PARAMETERS AutoFill","MECHANICAL DUCTWORK LAYOUT - LEVEL 07 - ZONE 153","model","selection","smart","Both","skip-other-users","13968630","Ducts","Rectangular Duct","","LEVEL 07","Supply Air","Flanged Long Radius Elbows / Shoe Branch","NWB_WBS04","ME","ME","ME","SKIP","already-matches","instance","Shared Parameter","9214762","NWB_WBS04","String","False","1","1","45","MDUC","Ductwork","Ductwork","connected-miss:d4:visited13","","","","","","","PPT","","","WBH","HO","PPT","SI5","WBH-HO-07-PPT-ME-SI5"
"20260802_005303","NWB_PARAMETERS AutoFill","MECHANICAL DUCTWORK LAYOUT - LEVEL 07 - ZONE 153","model","selection","smart","Both","skip-other-users","13968630","Ducts","Rectangular Duct","","LEVEL 07","Supply Air","Flanged Long Radius Elbows / Shoe Branch","NWB_WBS05","SI5","SI5","SI5","SKIP","already-matches","instance","Shared Parameter","9214810","NWB_WBS05","String","False","1","1","45","MDUC","Ductwork","Ductwork","connected-miss:d4:visited13","","","","","","","PPT","","","WBH","HO","PPT","SI5","WBH-HO-07-PPT-ME-SI5"
"20260802_005303","NWB_PARAMETERS AutoFill","MECHANICAL DUCTWORK LAYOUT - LEVEL 07 - ZONE 153","model","selection","smart","Both","skip-other-users","13968630","Ducts","Rectangular Duct","","LEVEL 07","Supply Air","Flanged Long Radius Elbows / Shoe Branch","NWB_WBSCode","WBH-HO-07-PPT-ME-SI5","WBH-HO-07-PPT-ME-SI5","WBH-HO-07-PPT-ME-SI5","SKIP","already-matches","instance","Shared Parameter","9214774","NWB_WBSCode","String","False","1","1","45","MDUC","Ductwork","Ductwork","connected-miss:d4:visited13","","","","","","","PPT","","","WBH","HO","PPT","SI5","WBH-HO-07-PPT-ME-SI5"
"20260802_005303","NWB_PARAMETERS AutoFill","MECHANICAL DUCTWORK LAYOUT - LEVEL 07 - ZONE 153","model","selection","smart","Both","skip-other-users","13968642","Duct Fittings","MHT-ME-DF-Rectangular Short Radius Bend - Flanged","","LEVEL 07","Supply Air","MHT-ME-DF-Rectangular Short Radius Bend - Flanged","NWB_AssetTypeCode","MDUC","MDUC","MDUC","SKIP","already-matches","instance","Shared Parameter","3045149","NWB_AssetTypeCode","String","False","2","2","45","MDUC","Ductwork","Ductwork","connected-miss:d4:visited17","","","","","","","","","","WBH","HO","Z00","SI5","WBH-HO-07-Z00-ME-SI5"
"20260802_005303","NWB_PARAMETERS AutoFill","MECHANICAL DUCTWORK LAYOUT - LEVEL 07 - ZONE 153","model","selection","smart","Both","skip-other-users","13968642","Duct Fittings","MHT-ME-DF-Rectangular Short Radius Bend - Flanged","","LEVEL 07","Supply Air","MHT-ME-DF-Rectangular Short Radius Bend - Flanged","NWB_AssetTypeCode","MDUC","MDUC","MDUC","SKIP","already-matches","instance","Shared Parameter","7626182","NWB_AssetTypeCode","String","False","2","2","45","MDUC","Ductwork","Ductwork","connected-miss:d4:visited17","","","","","","","","","","WBH","HO","Z00","SI5","WBH-HO-07-Z00-ME-SI5"
"20260802_005303","NWB_PARAMETERS AutoFill","MECHANICAL DUCTWORK LAYOUT - LEVEL 07 - ZONE 153","model","selection","smart","Both","skip-other-users","13968642","Duct Fittings","MHT-ME-DF-Rectangular Short Radius Bend - Flanged","","LEVEL 07","Supply Air","MHT-ME-DF-Rectangular Short Radius Bend - Flanged","NWB_AssetType","Ductwork","Ductwork","Ductwork","SKIP","already-matches","instance","Shared Parameter","3045150","NWB_AssetType","String","False","2","2","45","MDUC","Ductwork","Ductwork","connected-miss:d4:visited17","","","","","","","","","","WBH","HO","Z00","SI5","WBH-HO-07-Z00-ME-SI5"
"20260802_005303","NWB_PARAMETERS AutoFill","MECHANICAL DUCTWORK LAYOUT - LEVEL 07 - ZONE 153","model","selection","smart","Both","skip-other-users","13968642","Duct Fittings","MHT-ME-DF-Rectangular Short Radius Bend - Flanged","","LEVEL 07","Supply Air","MHT-ME-DF-Rectangular Short Radius Bend - Flanged","NWB_AssetType","Ductwork","Ductwork","Ductwork","SKIP","already-matches","instance","Shared Parameter","7626181","NWB_AssetType","String","False","2","2","45","MDUC","Ductwork","Ductwork","connected-miss:d4:visited17","","","","","","","","","","WBH","HO","Z00","SI5","WBH-HO-07-Z00-ME-SI5"
"20260802_005303","NWB_PARAMETERS AutoFill","MECHANICAL DUCTWORK LAYOUT - LEVEL 07 - ZONE 153","model","selection","smart","Both","skip-other-users","13968642","Duct Fittings","MHT-ME-DF-Rectangular Short Radius Bend - Flanged","","LEVEL 07","Supply Air","MHT-ME-DF-Rectangular Short Radius Bend - Flanged","NWB_Discipline","ME","ME","ME","SKIP","already-matches","instance","Shared Parameter","3045151","NWB_Discipline","String","False","2","2","45","MDUC","Ductwork","Ductwork","connected-miss:d4:visited17","","","","","","","","","","WBH","HO","Z00","SI5","WBH-HO-07-Z00-ME-SI5"
"20260802_005303","NWB_PARAMETERS AutoFill","MECHANICAL DUCTWORK LAYOUT - LEVEL 07 - ZONE 153","model","selection","smart","Both","skip-other-users","13968642","Duct Fittings","MHT-ME-DF-Rectangular Short Radius Bend - Flanged","","LEVEL 07","Supply Air","MHT-ME-DF-Rectangular Short Radius Bend - Flanged","NWB_Discipline","ME","ME","ME","SKIP","already-matches","instance","Shared Parameter","7626159","NWB_Discipline","String","False","2","2","45","MDUC","Ductwork","Ductwork","connected-miss:d4:visited17","","","","","","","","","","WBH","HO","Z00","SI5","WBH-HO-07-Z00-ME-SI5"
"20260802_005303","NWB_PARAMETERS AutoFill","MECHANICAL DUCTWORK LAYOUT - LEVEL 07 - ZONE 153","model","selection","smart","Both","skip-other-users","13968642","Duct Fittings","MHT-ME-DF-Rectangular Short Radius Bend - Flanged","","LEVEL 07","Supply Air","MHT-ME-DF-Rectangular Short Radius Bend - Flanged","NWB_Category","Ductwork","Ductwork","Ductwork","SKIP","already-matches","instance","Shared Parameter","3045152","NWB_Category","String","False","2","2","45","MDUC","Ductwork","Ductwork","connected-miss:d4:visited17","","","","","","","","","","WBH","HO","Z00","SI5","WBH-HO-07-Z00-ME-SI5"
"20260802_005303","NWB_PARAMETERS AutoFill","MECHANICAL DUCTWORK LAYOUT - LEVEL 07 - ZONE 153","model","selection","smart","Both","skip-other-users","13968642","Duct Fittings","MHT-ME-DF-Rectangular Short Radius Bend - Flanged","","LEVEL 07","Supply Air","MHT-ME-DF-Rectangular Short Radius Bend - Flanged","NWB_Category","Ductwork","Ductwork","Ductwork","SKIP","already-matches","instance","Shared Parameter","7626160","NWB_Category","String","False","2","2","45","MDUC","Ductwork","Ductwork","connected-miss:d4:visited17","","","","","","","","","","WBH","HO","Z00","SI5","WBH-HO-07-Z00-ME-SI5"
"20260802_005303","NWB_PARAMETERS AutoFill","MECHANICAL DUCTWORK LAYOUT - LEVEL 07 - ZONE 153","model","selection","smart","Both","skip-other-users","13968642","Duct Fittings","MHT-ME-DF-Rectangular Short Radius Bend - Flanged","","LEVEL 07","Supply Air","MHT-ME-DF-Rectangular Short Radius Bend - Flanged","NWB_Department","","","","SKIP","linked/direct room department unavailable (connected-miss:d4:visited17)","","","","NWB_Department","","","","","45","MDUC","Ductwork","Ductwork","connected-miss:d4:visited17","","","","","","","","","","WBH","HO","Z00","SI5","WBH-HO-07-Z00-ME-SI5"
"20260802_005303","NWB_PARAMETERS AutoFill","MECHANICAL DUCTWORK LAYOUT - LEVEL 07 - ZONE 153","model","selection","smart","Both","skip-other-users","13968642","Duct Fittings","MHT-ME-DF-Rectangular Short Radius Bend - Flanged","","LEVEL 07","Supply Air","MHT-ME-DF-Rectangular Short Radius Bend - Flanged","NWB_Material","","","","SKIP","workbook material blank and model material missing","","","","NWB_Material","","","","","45","MDUC","Ductwork","Ductwork","connected-miss:d4:visited17","","","","","","","","","","WBH","HO","Z00","SI5","WBH-HO-07-Z00-ME-SI5"
"20260802_005303","NWB_PARAMETERS AutoFill","MECHANICAL DUCTWORK LAYOUT - LEVEL 07 - ZONE 153","model","selection","smart","Both","skip-other-users","13968642","Duct Fittings","MHT-ME-DF-Rectangular Short Radius Bend - Flanged","","LEVEL 07","Supply Air","MHT-ME-DF-Rectangular Short Radius Bend - Flanged","NWB_System","Supply Air","Supply Air","Supply Air","SKIP","already-matches","instance","Shared Parameter","3045155","NWB_System","String","False","2","2","45","MDUC","Ductwork","Ductwork","connected-miss:d4:visited17","","","","","","","","","","WBH","HO","Z00","SI5","WBH-HO-07-Z00-ME-SI5"
"20260802_005303","NWB_PARAMETERS AutoFill","MECHANICAL DUCTWORK LAYOUT - LEVEL 07 - ZONE 153","model","selection","smart","Both","skip-other-users","13968642","Duct Fittings","MHT-ME-DF-Rectangular Short Radius Bend - Flanged","","LEVEL 07","Supply Air","MHT-ME-DF-Rectangular Short Radius Bend - Flanged","NWB_System","Supply Air","Supply Air","Supply Air","SKIP","already-matches","instance","Shared Parameter","7626163","NWB_System","String","False","2","2","45","MDUC","Ductwork","Ductwork","connected-miss:d4:visited17","","","","","","","","","","WBH","HO","Z00","SI5","WBH-HO-07-Z00-ME-SI5"
"20260802_005303","NWB_PARAMETERS AutoFill","MECHANICAL DUCTWORK LAYOUT - LEVEL 07 - ZONE 153","model","selection","smart","Both","skip-other-users","13968642","Duct Fittings","MHT-ME-DF-Rectangular Short Radius Bend - Flanged","","LEVEL 07","Supply Air","MHT-ME-DF-Rectangular Short Radius Bend - Flanged","NWB_UniclassCode","Pr_65_65_25","Pr_65_65_25","Pr_65_65_25","SKIP","already-matches","instance","Shared Parameter","3045156","NWB_UniclassCode","String","False","2","2","45","MDUC","Ductwork","Ductwork","connected-miss:d4:visited17","","","","","","","","","","WBH","HO","Z00","SI5","WBH-HO-07-Z00-ME-SI5"
"20260802_005303","NWB_PARAMETERS AutoFill","MECHANICAL DUCTWORK LAYOUT - LEVEL 07 - ZONE 153","model","selection","smart","Both","skip-other-users","13968642","Duct Fittings","MHT-ME-DF-Rectangular Short Radius Bend - Flanged","","LEVEL 07","Supply Air","MHT-ME-DF-Rectangular Short Radius Bend - Flanged","NWB_UniclassCode","Pr_65_65_25","Pr_65_65_25","Pr_65_65_25","SKIP","already-matches","instance","Shared Parameter","7626165","NWB_UniclassCode","String","False","2","2","45","MDUC","Ductwork","Ductwork","connected-miss:d4:visited17","","","","","","","","","","WBH","HO","Z00","SI5","WBH-HO-07-Z00-ME-SI5"
"20260802_005303","NWB_PARAMETERS AutoFill","MECHANICAL DUCTWORK LAYOUT - LEVEL 07 - ZONE 153","model","selection","smart","Both","skip-other-users","13968642","Duct Fittings","MHT-ME-DF-Rectangular Short Radius Bend - Flanged","","LEVEL 07","Supply Air","MHT-ME-DF-Rectangular Short Radius Bend - Flanged","NWB_UniclassDescription","Ductwork and fittings","Ductwork and fittings","Ductwork and fittings","SKIP","already-matches","instance","Shared Parameter","3045157","NWB_UniclassDescription","String","False","2","2","45","MDUC","Ductwork","Ductwork","connected-miss:d4:visited17","","","","","","","","","","WBH","HO","Z00","SI5","WBH-HO-07-Z00-ME-SI5"
"20260802_005303","NWB_PARAMETERS AutoFill","MECHANICAL DUCTWORK LAYOUT - LEVEL 07 - ZONE 153","model","selection","smart","Both","skip-other-users","13968642","Duct Fittings","MHT-ME-DF-Rectangular Short Radius Bend - Flanged","","LEVEL 07","Supply Air","MHT-ME-DF-Rectangular Short Radius Bend - Flanged","NWB_UniclassDescription","Ductwork and fittings","Ductwork and fittings","Ductwork and fittings","SKIP","already-matches","instance","Shared Parameter","7626166","NWB_UniclassDescription","String","False","2","2","45","MDUC","Ductwork","Ductwork","connected-miss:d4:visited17","","","","","","","","","","WBH","HO","Z00","SI5","WBH-HO-07-Z00-ME-SI5"
"20260802_005303","NWB_PARAMETERS AutoFill","MECHANICAL DUCTWORK LAYOUT - LEVEL 07 - ZONE 153","model","selection","smart","Both","skip-other-users","13968642","Duct Fittings","MHT-ME-DF-Rectangular Short Radius Bend - Flanged","","LEVEL 07","Supply Air","MHT-ME-DF-Rectangular Short Radius Bend - Flanged","NWB_DesignPkg","NWB-GEN-ME-SCM-1091-A","NWB-GEN-ME-SCM-1091-A","NWB-GEN-ME-SCM-1091-A","SKIP","already-matches","instance","Shared Parameter","3045158","NWB_DesignPkg","String","False","2","2","45","MDUC","Ductwork","Ductwork","connected-miss:d4:visited17","","","","","","","","","","WBH","HO","Z00","SI5","WBH-HO-07-Z00-ME-SI5"
"20260802_005303","NWB_PARAMETERS AutoFill","MECHANICAL DUCTWORK LAYOUT - LEVEL 07 - ZONE 153","model","selection","smart","Both","skip-other-users","13968642","Duct Fittings","MHT-ME-DF-Rectangular Short Radius Bend - Flanged","","LEVEL 07","Supply Air","MHT-ME-DF-Rectangular Short Radius Bend - Flanged","NWB_DesignPkg","NWB-GEN-ME-SCM-1091-A","NWB-GEN-ME-SCM-1091-A","NWB-GEN-ME-SCM-1091-A","SKIP","already-matches","instance","Shared Parameter","7626167","NWB_DesignPkg","String","False","2","2","45","MDUC","Ductwork","Ductwork","connected-miss:d4:visited17","","","","","","","","","","WBH","HO","Z00","SI5","WBH-HO-07-Z00-ME-SI5"
"20260802_005303","NWB_PARAMETERS AutoFill","MECHANICAL DUCTWORK LAYOUT - LEVEL 07 - ZONE 153","model","selection","smart","Both","skip-other-users","13968642","Duct Fittings","MHT-ME-DF-Rectangular Short Radius Bend - Flanged","","LEVEL 07","Supply Air","MHT-ME-DF-Rectangular Short Radius Bend - Flanged","NWB_BuildingPermitPkg","WBH - BP09","","","SKIP","missing","","","","NWB_BuildingPermitPkg","","","0","0","45","MDUC","Ductwork","Ductwork","connected-miss:d4:visited17","","","","","","","","","","WBH","HO","Z00","SI5","WBH-HO-07-Z00-ME-SI5"
"20260802_005303","NWB_PARAMETERS AutoFill","MECHANICAL DUCTWORK LAYOUT - LEVEL 07 - ZONE 153","model","selection","smart","Both","skip-other-users","13968642","Duct Fittings","MHT-ME-DF-Rectangular Short Radius Bend - Flanged","","LEVEL 07","Supply Air","MHT-ME-DF-Rectangular Short Radius Bend - Flanged","NWB_WBS00","WBH","WBH","WBH","SKIP","already-matches","instance","Shared Parameter","9214738","NWB_WBS00","String","False","1","1","45","MDUC","Ductwork","Ductwork","connected-miss:d4:visited17","","","","","","","","","","WBH","HO","Z00","SI5","WBH-HO-07-Z00-ME-SI5"
"20260802_005303","NWB_PARAMETERS AutoFill","MECHANICAL DUCTWORK LAYOUT - LEVEL 07 - ZONE 153","model","selection","smart","Both","skip-other-users","13968642","Duct Fittings","MHT-ME-DF-Rectangular Short Radius Bend - Flanged","","LEVEL 07","Supply Air","MHT-ME-DF-Rectangular Short Radius Bend - Flanged","NWB_WBS01","HO","HO","HO","SKIP","already-matches","instance","Shared Parameter","9214798","NWB_WBS01","String","False","1","1","45","MDUC","Ductwork","Ductwork","connected-miss:d4:visited17","","","","","","","","","","WBH","HO","Z00","SI5","WBH-HO-07-Z00-ME-SI5"
"20260802_005303","NWB_PARAMETERS AutoFill","MECHANICAL DUCTWORK LAYOUT - LEVEL 07 - ZONE 153","model","selection","smart","Both","skip-other-users","13968642","Duct Fittings","MHT-ME-DF-Rectangular Short Radius Bend - Flanged","","LEVEL 07","Supply Air","MHT-ME-DF-Rectangular Short Radius Bend - Flanged","NWB_WBS02","07","07","07","SKIP","already-matches","instance","Shared Parameter","9214786","NWB_WBS02","String","False","1","1","45","MDUC","Ductwork","Ductwork","connected-miss:d4:visited17","","","","","","","","","","WBH","HO","Z00","SI5","WBH-HO-07-Z00-ME-SI5"
"20260802_005303","NWB_PARAMETERS AutoFill","MECHANICAL DUCTWORK LAYOUT - LEVEL 07 - ZONE 153","model","selection","smart","Both","skip-other-users","13968642","Duct Fittings","MHT-ME-DF-Rectangular Short Radius Bend - Flanged","","LEVEL 07","Supply Air","MHT-ME-DF-Rectangular Short Radius Bend - Flanged","NWB_WBS03","Z00","Z00","Z00","SKIP","already-matches","instance","Shared Parameter","9214750","NWB_WBS03","String","False","1","1","45","MDUC","Ductwork","Ductwork","connected-miss:d4:visited17","","","","","","","","","","WBH","HO","Z00","SI5","WBH-HO-07-Z00-ME-SI5"
"20260802_005303","NWB_PARAMETERS AutoFill","MECHANICAL DUCTWORK LAYOUT - LEVEL 07 - ZONE 153","model","selection","smart","Both","skip-other-users","13968642","Duct Fittings","MHT-ME-DF-Rectangular Short Radius Bend - Flanged","","LEVEL 07","Supply Air","MHT-ME-DF-Rectangular Short Radius Bend - Flanged","NWB_WBS04","ME","ME","ME","SKIP","already-matches","instance","Shared Parameter","9214762","NWB_WBS04","String","False","1","1","45","MDUC","Ductwork","Ductwork","connected-miss:d4:visited17","","","","","","","","","","WBH","HO","Z00","SI5","WBH-HO-07-Z00-ME-SI5"
"20260802_005303","NWB_PARAMETERS AutoFill","MECHANICAL DUCTWORK LAYOUT - LEVEL 07 - ZONE 153","model","selection","smart","Both","skip-other-users","13968642","Duct Fittings","MHT-ME-DF-Rectangular Short Radius Bend - Flanged","","LEVEL 07","Supply Air","MHT-ME-DF-Rectangular Short Radius Bend - Flanged","NWB_WBS05","SI5","SI5","SI5","SKIP","already-matches","instance","Shared Parameter","9214810","NWB_WBS05","String","False","1","1","45","MDUC","Ductwork","Ductwork","connected-miss:d4:visited17","","","","","","","","","","WBH","HO","Z00","SI5","WBH-HO-07-Z00-ME-SI5"
"20260802_005303","NWB_PARAMETERS AutoFill","MECHANICAL DUCTWORK LAYOUT - LEVEL 07 - ZONE 153","model","selection","smart","Both","skip-other-users","13968642","Duct Fittings","MHT-ME-DF-Rectangular Short Radius Bend - Flanged","","LEVEL 07","Supply Air","MHT-ME-DF-Rectangular Short Radius Bend - Flanged","NWB_WBSCode","WBH-HO-07-Z00-ME-SI5","WBH-HO-07-Z00-ME-SI5","WBH-HO-07-Z00-ME-SI5","SKIP","already-matches","instance","Shared Parameter","9214774","NWB_WBSCode","String","False","1","1","45","MDUC","Ductwork","Ductwork","connected-miss:d4:visited17","","","","","","","","","","WBH","HO","Z00","SI5","WBH-HO-07-Z00-ME-SI5"
"20260802_005303","NWB_PARAMETERS AutoFill","MECHANICAL DUCTWORK LAYOUT - LEVEL 07 - ZONE 153","model","selection","smart","Both","skip-other-users","13970312","Ducts","Rectangular Duct","","LEVEL 07","Supply Air","Flanged Long Radius Elbows / Shoe Branch","NWB_AssetTypeCode","MDUC","MDUC","MDUC","SKIP","already-matches","instance","Shared Parameter","7626182","NWB_AssetTypeCode","String","False","1","1","45","MDUC","Ductwork","Ductwork","connected:d3:13994316:Air Terminals","NWB-ARC-WBH-AR-MOD-0035","PPT.07.171","Cleaner's Room","PPT","","","PPT","","","WBH","HO","PPT","SI5","WBH-HO-07-PPT-ME-SI5"
"20260802_005303","NWB_PARAMETERS AutoFill","MECHANICAL DUCTWORK LAYOUT - LEVEL 07 - ZONE 153","model","selection","smart","Both","skip-other-users","13970312","Ducts","Rectangular Duct","","LEVEL 07","Supply Air","Flanged Long Radius Elbows / Shoe Branch","NWB_AssetType","Ductwork","Ductwork","Ductwork","SKIP","already-matches","instance","Shared Parameter","7626181","NWB_AssetType","String","False","1","1","45","MDUC","Ductwork","Ductwork","connected:d3:13994316:Air Terminals","NWB-ARC-WBH-AR-MOD-0035","PPT.07.171","Cleaner's Room","PPT","","","PPT","","","WBH","HO","PPT","SI5","WBH-HO-07-PPT-ME-SI5"
"20260802_005303","NWB_PARAMETERS AutoFill","MECHANICAL DUCTWORK LAYOUT - LEVEL 07 - ZONE 153","model","selection","smart","Both","skip-other-users","13970312","Ducts","Rectangular Duct","","LEVEL 07","Supply Air","Flanged Long Radius Elbows / Shoe Branch","NWB_Discipline","ME","ME","ME","SKIP","already-matches","instance","Shared Parameter","7626159","NWB_Discipline","String","False","1","1","45","MDUC","Ductwork","Ductwork","connected:d3:13994316:Air Terminals","NWB-ARC-WBH-AR-MOD-0035","PPT.07.171","Cleaner's Room","PPT","","","PPT","","","WBH","HO","PPT","SI5","WBH-HO-07-PPT-ME-SI5"
"20260802_005303","NWB_PARAMETERS AutoFill","MECHANICAL DUCTWORK LAYOUT - LEVEL 07 - ZONE 153","model","selection","smart","Both","skip-other-users","13970312","Ducts","Rectangular Duct","","LEVEL 07","Supply Air","Flanged Long Radius Elbows / Shoe Branch","NWB_Category","Ductwork","Ductwork","Ductwork","SKIP","already-matches","instance","Shared Parameter","7626160","NWB_Category","String","False","1","1","45","MDUC","Ductwork","Ductwork","connected:d3:13994316:Air Terminals","NWB-ARC-WBH-AR-MOD-0035","PPT.07.171","Cleaner's Room","PPT","","","PPT","","","WBH","HO","PPT","SI5","WBH-HO-07-PPT-ME-SI5"
"20260802_005303","NWB_PARAMETERS AutoFill","MECHANICAL DUCTWORK LAYOUT - LEVEL 07 - ZONE 153","model","selection","smart","Both","skip-other-users","13970312","Ducts","Rectangular Duct","","LEVEL 07","Supply Air","Flanged Long Radius Elbows / Shoe Branch","NWB_Department","PPT","PPT","PPT","SKIP","already-matches","instance","Shared Parameter","7626168","NWB_Department","String","False","1","1","45","MDUC","Ductwork","Ductwork","connected:d3:13994316:Air Terminals","NWB-ARC-WBH-AR-MOD-0035","PPT.07.171","Cleaner's Room","PPT","","","PPT","","","WBH","HO","PPT","SI5","WBH-HO-07-PPT-ME-SI5"
"20260802_005303","NWB_PARAMETERS AutoFill","MECHANICAL DUCTWORK LAYOUT - LEVEL 07 - ZONE 153","model","selection","smart","Both","skip-other-users","13970312","Ducts","Rectangular Duct","","LEVEL 07","Supply Air","Flanged Long Radius Elbows / Shoe Branch","NWB_Material","","","","SKIP","workbook material blank and model material missing","","","","NWB_Material","","","","","45","MDUC","Ductwork","Ductwork","connected:d3:13994316:Air Terminals","NWB-ARC-WBH-AR-MOD-0035","PPT.07.171","Cleaner's Room","PPT","","","PPT","","","WBH","HO","PPT","SI5","WBH-HO-07-PPT-ME-SI5"
"20260802_005303","NWB_PARAMETERS AutoFill","MECHANICAL DUCTWORK LAYOUT - LEVEL 07 - ZONE 153","model","selection","smart","Both","skip-other-users","13970312","Ducts","Rectangular Duct","","LEVEL 07","Supply Air","Flanged Long Radius Elbows / Shoe Branch","NWB_System","Supply Air","Supply Air","Supply Air","SKIP","already-matches","instance","Shared Parameter","7626163","NWB_System","String","False","1","1","45","MDUC","Ductwork","Ductwork","connected:d3:13994316:Air Terminals","NWB-ARC-WBH-AR-MOD-0035","PPT.07.171","Cleaner's Room","PPT","","","PPT","","","WBH","HO","PPT","SI5","WBH-HO-07-PPT-ME-SI5"
"20260802_005303","NWB_PARAMETERS AutoFill","MECHANICAL DUCTWORK LAYOUT - LEVEL 07 - ZONE 153","model","selection","smart","Both","skip-other-users","13970312","Ducts","Rectangular Duct","","LEVEL 07","Supply Air","Flanged Long Radius Elbows / Shoe Branch","NWB_UniclassCode","Pr_65_65_25","Pr_65_65_25","Pr_65_65_25","SKIP","already-matches","instance","Shared Parameter","7626165","NWB_UniclassCode","String","False","1","1","45","MDUC","Ductwork","Ductwork","connected:d3:13994316:Air Terminals","NWB-ARC-WBH-AR-MOD-0035","PPT.07.171","Cleaner's Room","PPT","","","PPT","","","WBH","HO","PPT","SI5","WBH-HO-07-PPT-ME-SI5"
"20260802_005303","NWB_PARAMETERS AutoFill","MECHANICAL DUCTWORK LAYOUT - LEVEL 07 - ZONE 153","model","selection","smart","Both","skip-other-users","13970312","Ducts","Rectangular Duct","","LEVEL 07","Supply Air","Flanged Long Radius Elbows / Shoe Branch","NWB_UniclassDescription","Ductwork and fittings","Ductwork and fittings","Ductwork and fittings","SKIP","already-matches","instance","Shared Parameter","7626166","NWB_UniclassDescription","String","False","1","1","45","MDUC","Ductwork","Ductwork","connected:d3:13994316:Air Terminals","NWB-ARC-WBH-AR-MOD-0035","PPT.07.171","Cleaner's Room","PPT","","","PPT","","","WBH","HO","PPT","SI5","WBH-HO-07-PPT-ME-SI5"
"20260802_005303","NWB_PARAMETERS AutoFill","MECHANICAL DUCTWORK LAYOUT - LEVEL 07 - ZONE 153","model","selection","smart","Both","skip-other-users","13970312","Ducts","Rectangular Duct","","LEVEL 07","Supply Air","Flanged Long Radius Elbows / Shoe Branch","NWB_DesignPkg","NWB-GEN-ME-SCM-1091-A","NWB-GEN-ME-SCM-1091-A","NWB-GEN-ME-SCM-1091-A","SKIP","already-matches","instance","Shared Parameter","7626167","NWB_DesignPkg","String","False","1","1","45","MDUC","Ductwork","Ductwork","connected:d3:13994316:Air Terminals","NWB-ARC-WBH-AR-MOD-0035","PPT.07.171","Cleaner's Room","PPT","","","PPT","","","WBH","HO","PPT","SI5","WBH-HO-07-PPT-ME-SI5"
"20260802_005303","NWB_PARAMETERS AutoFill","MECHANICAL DUCTWORK LAYOUT - LEVEL 07 - ZONE 153","model","selection","smart","Both","skip-other-users","13970312","Ducts","Rectangular Duct","","LEVEL 07","Supply Air","Flanged Long Radius Elbows / Shoe Branch","NWB_BuildingPermitPkg","WBH - BP09","","","SKIP","missing","","","","NWB_BuildingPermitPkg","","","0","0","45","MDUC","Ductwork","Ductwork","connected:d3:13994316:Air Terminals","NWB-ARC-WBH-AR-MOD-0035","PPT.07.171","Cleaner's Room","PPT","","","PPT","","","WBH","HO","PPT","SI5","WBH-HO-07-PPT-ME-SI5"
"20260802_005303","NWB_PARAMETERS AutoFill","MECHANICAL DUCTWORK LAYOUT - LEVEL 07 - ZONE 153","model","selection","smart","Both","skip-other-users","13970312","Ducts","Rectangular Duct","","LEVEL 07","Supply Air","Flanged Long Radius Elbows / Shoe Branch","NWB_WBS00","WBH","WBH","WBH","SKIP","already-matches","instance","Shared Parameter","9214738","NWB_WBS00","String","False","1","1","45","MDUC","Ductwork","Ductwork","connected:d3:13994316:Air Terminals","NWB-ARC-WBH-AR-MOD-0035","PPT.07.171","Cleaner's Room","PPT","","","PPT","","","WBH","HO","PPT","SI5","WBH-HO-07-PPT-ME-SI5"
"20260802_005303","NWB_PARAMETERS AutoFill","MECHANICAL DUCTWORK LAYOUT - LEVEL 07 - ZONE 153","model","selection","smart","Both","skip-other-users","13970312","Ducts","Rectangular Duct","","LEVEL 07","Supply Air","Flanged Long Radius Elbows / Shoe Branch","NWB_WBS01","HO","HO","HO","SKIP","already-matches","instance","Shared Parameter","9214798","NWB_WBS01","String","False","1","1","45","MDUC","Ductwork","Ductwork","connected:d3:13994316:Air Terminals","NWB-ARC-WBH-AR-MOD-0035","PPT.07.171","Cleaner's Room","PPT","","","PPT","","","WBH","HO","PPT","SI5","WBH-HO-07-PPT-ME-SI5"
"20260802_005303","NWB_PARAMETERS AutoFill","MECHANICAL DUCTWORK LAYOUT - LEVEL 07 - ZONE 153","model","selection","smart","Both","skip-other-users","13970312","Ducts","Rectangular Duct","","LEVEL 07","Supply Air","Flanged Long Radius Elbows / Shoe Branch","NWB_WBS02","07","07","07","SKIP","already-matches","instance","Shared Parameter","9214786","NWB_WBS02","String","False","1","1","45","MDUC","Ductwork","Ductwork","connected:d3:13994316:Air Terminals","NWB-ARC-WBH-AR-MOD-0035","PPT.07.171","Cleaner's Room","PPT","","","PPT","","","WBH","HO","PPT","SI5","WBH-HO-07-PPT-ME-SI5"
"20260802_005303","NWB_PARAMETERS AutoFill","MECHANICAL DUCTWORK LAYOUT - LEVEL 07 - ZONE 153","model","selection","smart","Both","skip-other-users","13970312","Ducts","Rectangular Duct","","LEVEL 07","Supply Air","Flanged Long Radius Elbows / Shoe Branch","NWB_WBS03","PPT","PPT","PPT","SKIP","already-matches","instance","Shared Parameter","9214750","NWB_WBS03","String","False","1","1","45","MDUC","Ductwork","Ductwork","connected:d3:13994316:Air Terminals","NWB-ARC-WBH-AR-MOD-0035","PPT.07.171","Cleaner's Room","PPT","","","PPT","","","WBH","HO","PPT","SI5","WBH-HO-07-PPT-ME-SI5"
"20260802_005303","NWB_PARAMETERS AutoFill","MECHANICAL DUCTWORK LAYOUT - LEVEL 07 - ZONE 153","model","selection","smart","Both","skip-other-users","13970312","Ducts","Rectangular Duct","","LEVEL 07","Supply Air","Flanged Long Radius Elbows / Shoe Branch","NWB_WBS04","ME","ME","ME","SKIP","already-matches","instance","Shared Parameter","9214762","NWB_WBS04","String","False","1","1","45","MDUC","Ductwork","Ductwork","connected:d3:13994316:Air Terminals","NWB-ARC-WBH-AR-MOD-0035","PPT.07.171","Cleaner's Room","PPT","","","PPT","","","WBH","HO","PPT","SI5","WBH-HO-07-PPT-ME-SI5"
"20260802_005303","NWB_PARAMETERS AutoFill","MECHANICAL DUCTWORK LAYOUT - LEVEL 07 - ZONE 153","model","selection","smart","Both","skip-other-users","13970312","Ducts","Rectangular Duct","","LEVEL 07","Supply Air","Flanged Long Radius Elbows / Shoe Branch","NWB_WBS05","SI5","SI5","SI5","SKIP","already-matches","instance","Shared Parameter","9214810","NWB_WBS05","String","False","1","1","45","MDUC","Ductwork","Ductwork","connected:d3:13994316:Air Terminals","NWB-ARC-WBH-AR-MOD-0035","PPT.07.171","Cleaner's Room","PPT","","","PPT","","","WBH","HO","PPT","SI5","WBH-HO-07-PPT-ME-SI5"
"20260802_005303","NWB_PARAMETERS AutoFill","MECHANICAL DUCTWORK LAYOUT - LEVEL 07 - ZONE 153","model","selection","smart","Both","skip-other-users","13970312","Ducts","Rectangular Duct","","LEVEL 07","Supply Air","Flanged Long Radius Elbows / Shoe Branch","NWB_WBSCode","WBH-HO-07-PPT-ME-SI5","WBH-HO-07-PPT-ME-SI5","WBH-HO-07-PPT-ME-SI5","SKIP","already-matches","instance","Shared Parameter","9214774","NWB_WBSCode","String","False","1","1","45","MDUC","Ductwork","Ductwork","connected:d3:13994316:Air Terminals","NWB-ARC-WBH-AR-MOD-0035","PPT.07.171","Cleaner's Room","PPT","","","PPT","","","WBH","HO","PPT","SI5","WBH-HO-07-PPT-ME-SI5"
"20260802_005303","NWB_PARAMETERS AutoFill","MECHANICAL DUCTWORK LAYOUT - LEVEL 07 - ZONE 153","model","selection","smart","Both","skip-other-users","13970325","Duct Fittings","MHT-ME-DF-Rectangular Short Radius Bend - Flanged","","LEVEL 07","Supply Air","MHT-ME-DF-Rectangular Short Radius Bend - Flanged","NWB_AssetTypeCode","MDUC","MDUC","MDUC","SKIP","already-matches","instance","Shared Parameter","3045149","NWB_AssetTypeCode","String","False","2","2","45","MDUC","Ductwork","Ductwork","connected:d4:13994316:Air Terminals","NWB-ARC-WBH-AR-MOD-0035","PPT.07.171","Cleaner's Room","PPT","","","PPT","","","WBH","HO","PPT","SI5","WBH-HO-07-PPT-ME-SI5"
"20260802_005303","NWB_PARAMETERS AutoFill","MECHANICAL DUCTWORK LAYOUT - LEVEL 07 - ZONE 153","model","selection","smart","Both","skip-other-users","13970325","Duct Fittings","MHT-ME-DF-Rectangular Short Radius Bend - Flanged","","LEVEL 07","Supply Air","MHT-ME-DF-Rectangular Short Radius Bend - Flanged","NWB_AssetTypeCode","MDUC","MDUC","MDUC","SKIP","already-matches","instance","Shared Parameter","7626182","NWB_AssetTypeCode","String","False","2","2","45","MDUC","Ductwork","Ductwork","connected:d4:13994316:Air Terminals","NWB-ARC-WBH-AR-MOD-0035","PPT.07.171","Cleaner's Room","PPT","","","PPT","","","WBH","HO","PPT","SI5","WBH-HO-07-PPT-ME-SI5"
"20260802_005303","NWB_PARAMETERS AutoFill","MECHANICAL DUCTWORK LAYOUT - LEVEL 07 - ZONE 153","model","selection","smart","Both","skip-other-users","13970325","Duct Fittings","MHT-ME-DF-Rectangular Short Radius Bend - Flanged","","LEVEL 07","Supply Air","MHT-ME-DF-Rectangular Short Radius Bend - Flanged","NWB_AssetType","Ductwork","Ductwork","Ductwork","SKIP","already-matches","instance","Shared Parameter","3045150","NWB_AssetType","String","False","2","2","45","MDUC","Ductwork","Ductwork","connected:d4:13994316:Air Terminals","NWB-ARC-WBH-AR-MOD-0035","PPT.07.171","Cleaner's Room","PPT","","","PPT","","","WBH","HO","PPT","SI5","WBH-HO-07-PPT-ME-SI5"
"20260802_005303","NWB_PARAMETERS AutoFill","MECHANICAL DUCTWORK LAYOUT - LEVEL 07 - ZONE 153","model","selection","smart","Both","skip-other-users","13970325","Duct Fittings","MHT-ME-DF-Rectangular Short Radius Bend - Flanged","","LEVEL 07","Supply Air","MHT-ME-DF-Rectangular Short Radius Bend - Flanged","NWB_AssetType","Ductwork","Ductwork","Ductwork","SKIP","already-matches","instance","Shared Parameter","7626181","NWB_AssetType","String","False","2","2","45","MDUC","Ductwork","Ductwork","connected:d4:13994316:Air Terminals","NWB-ARC-WBH-AR-MOD-0035","PPT.07.171","Cleaner's Room","PPT","","","PPT","","","WBH","HO","PPT","SI5","WBH-HO-07-PPT-ME-SI5"
"20260802_005303","NWB_PARAMETERS AutoFill","MECHANICAL DUCTWORK LAYOUT - LEVEL 07 - ZONE 153","model","selection","smart","Both","skip-other-users","13970325","Duct Fittings","MHT-ME-DF-Rectangular Short Radius Bend - Flanged","","LEVEL 07","Supply Air","MHT-ME-DF-Rectangular Short Radius Bend - Flanged","NWB_Discipline","ME","ME","ME","SKIP","already-matches","instance","Shared Parameter","3045151","NWB_Discipline","String","False","2","2","45","MDUC","Ductwork","Ductwork","connected:d4:13994316:Air Terminals","NWB-ARC-WBH-AR-MOD-0035","PPT.07.171","Cleaner's Room","PPT","","","PPT","","","WBH","HO","PPT","SI5","WBH-HO-07-PPT-ME-SI5"
"20260802_005303","NWB_PARAMETERS AutoFill","MECHANICAL DUCTWORK LAYOUT - LEVEL 07 - ZONE 153","model","selection","smart","Both","skip-other-users","13970325","Duct Fittings","MHT-ME-DF-Rectangular Short Radius Bend - Flanged","","LEVEL 07","Supply Air","MHT-ME-DF-Rectangular Short Radius Bend - Flanged","NWB_Discipline","ME","ME","ME","SKIP","already-matches","instance","Shared Parameter","7626159","NWB_Discipline","String","False","2","2","45","MDUC","Ductwork","Ductwork","connected:d4:13994316:Air Terminals","NWB-ARC-WBH-AR-MOD-0035","PPT.07.171","Cleaner's Room","PPT","","","PPT","","","WBH","HO","PPT","SI5","WBH-HO-07-PPT-ME-SI5"
"20260802_005303","NWB_PARAMETERS AutoFill","MECHANICAL DUCTWORK LAYOUT - LEVEL 07 - ZONE 153","model","selection","smart","Both","skip-other-users","13970325","Duct Fittings","MHT-ME-DF-Rectangular Short Radius Bend - Flanged","","LEVEL 07","Supply Air","MHT-ME-DF-Rectangular Short Radius Bend - Flanged","NWB_Category","Ductwork","Ductwork","Ductwork","SKIP","already-matches","instance","Shared Parameter","3045152","NWB_Category","String","False","2","2","45","MDUC","Ductwork","Ductwork","connected:d4:13994316:Air Terminals","NWB-ARC-WBH-AR-MOD-0035","PPT.07.171","Cleaner's Room","PPT","","","PPT","","","WBH","HO","PPT","SI5","WBH-HO-07-PPT-ME-SI5"
"20260802_005303","NWB_PARAMETERS AutoFill","MECHANICAL DUCTWORK LAYOUT - LEVEL 07 - ZONE 153","model","selection","smart","Both","skip-other-users","13970325","Duct Fittings","MHT-ME-DF-Rectangular Short Radius Bend - Flanged","","LEVEL 07","Supply Air","MHT-ME-DF-Rectangular Short Radius Bend - Flanged","NWB_Category","Ductwork","Ductwork","Ductwork","SKIP","already-matches","instance","Shared Parameter","7626160","NWB_Category","String","False","2","2","45","MDUC","Ductwork","Ductwork","connected:d4:13994316:Air Terminals","NWB-ARC-WBH-AR-MOD-0035","PPT.07.171","Cleaner's Room","PPT","","","PPT","","","WBH","HO","PPT","SI5","WBH-HO-07-PPT-ME-SI5"
"20260802_005303","NWB_PARAMETERS AutoFill","MECHANICAL DUCTWORK LAYOUT - LEVEL 07 - ZONE 153","model","selection","smart","Both","skip-other-users","13970325","Duct Fittings","MHT-ME-DF-Rectangular Short Radius Bend - Flanged","","LEVEL 07","Supply Air","MHT-ME-DF-Rectangular Short Radius Bend - Flanged","NWB_Department","PPT","PPT","PPT","SKIP","already-matches","instance","Shared Parameter","7626168","NWB_Department","String","False","2","2","45","MDUC","Ductwork","Ductwork","connected:d4:13994316:Air Terminals","NWB-ARC-WBH-AR-MOD-0035","PPT.07.171","Cleaner's Room","PPT","","","PPT","","","WBH","HO","PPT","SI5","WBH-HO-07-PPT-ME-SI5"
"20260802_005303","NWB_PARAMETERS AutoFill","MECHANICAL DUCTWORK LAYOUT - LEVEL 07 - ZONE 153","model","selection","smart","Both","skip-other-users","13970325","Duct Fittings","MHT-ME-DF-Rectangular Short Radius Bend - Flanged","","LEVEL 07","Supply Air","MHT-ME-DF-Rectangular Short Radius Bend - Flanged","NWB_Material","","","","SKIP","workbook material blank and model material missing","","","","NWB_Material","","","","","45","MDUC","Ductwork","Ductwork","connected:d4:13994316:Air Terminals","NWB-ARC-WBH-AR-MOD-0035","PPT.07.171","Cleaner's Room","PPT","","","PPT","","","WBH","HO","PPT","SI5","WBH-HO-07-PPT-ME-SI5"
"20260802_005303","NWB_PARAMETERS AutoFill","MECHANICAL DUCTWORK LAYOUT - LEVEL 07 - ZONE 153","model","selection","smart","Both","skip-other-users","13970325","Duct Fittings","MHT-ME-DF-Rectangular Short Radius Bend - Flanged","","LEVEL 07","Supply Air","MHT-ME-DF-Rectangular Short Radius Bend - Flanged","NWB_System","Supply Air","Supply Air","Supply Air","SKIP","already-matches","instance","Shared Parameter","3045155","NWB_System","String","False","2","2","45","MDUC","Ductwork","Ductwork","connected:d4:13994316:Air Terminals","NWB-ARC-WBH-AR-MOD-0035","PPT.07.171","Cleaner's Room","PPT","","","PPT","","","WBH","HO","PPT","SI5","WBH-HO-07-PPT-ME-SI5"
"20260802_005303","NWB_PARAMETERS AutoFill","MECHANICAL DUCTWORK LAYOUT - LEVEL 07 - ZONE 153","model","selection","smart","Both","skip-other-users","13970325","Duct Fittings","MHT-ME-DF-Rectangular Short Radius Bend - Flanged","","LEVEL 07","Supply Air","MHT-ME-DF-Rectangular Short Radius Bend - Flanged","NWB_System","Supply Air","Supply Air","Supply Air","SKIP","already-matches","instance","Shared Parameter","7626163","NWB_System","String","False","2","2","45","MDUC","Ductwork","Ductwork","connected:d4:13994316:Air Terminals","NWB-ARC-WBH-AR-MOD-0035","PPT.07.171","Cleaner's Room","PPT","","","PPT","","","WBH","HO","PPT","SI5","WBH-HO-07-PPT-ME-SI5"
"20260802_005303","NWB_PARAMETERS AutoFill","MECHANICAL DUCTWORK LAYOUT - LEVEL 07 - ZONE 153","model","selection","smart","Both","skip-other-users","13970325","Duct Fittings","MHT-ME-DF-Rectangular Short Radius Bend - Flanged","","LEVEL 07","Supply Air","MHT-ME-DF-Rectangular Short Radius Bend - Flanged","NWB_UniclassCode","Pr_65_65_25","Pr_65_65_25","Pr_65_65_25","SKIP","already-matches","instance","Shared Parameter","3045156","NWB_UniclassCode","String","False","2","2","45","MDUC","Ductwork","Ductwork","connected:d4:13994316:Air Terminals","NWB-ARC-WBH-AR-MOD-0035","PPT.07.171","Cleaner's Room","PPT","","","PPT","","","WBH","HO","PPT","SI5","WBH-HO-07-PPT-ME-SI5"
"20260802_005303","NWB_PARAMETERS AutoFill","MECHANICAL DUCTWORK LAYOUT - LEVEL 07 - ZONE 153","model","selection","smart","Both","skip-other-users","13970325","Duct Fittings","MHT-ME-DF-Rectangular Short Radius Bend - Flanged","","LEVEL 07","Supply Air","MHT-ME-DF-Rectangular Short Radius Bend - Flanged","NWB_UniclassCode","Pr_65_65_25","Pr_65_65_25","Pr_65_65_25","SKIP","already-matches","instance","Shared Parameter","7626165","NWB_UniclassCode","String","False","2","2","45","MDUC","Ductwork","Ductwork","connected:d4:13994316:Air Terminals","NWB-ARC-WBH-AR-MOD-0035","PPT.07.171","Cleaner's Room","PPT","","","PPT","","","WBH","HO","PPT","SI5","WBH-HO-07-PPT-ME-SI5"
"20260802_005303","NWB_PARAMETERS AutoFill","MECHANICAL DUCTWORK LAYOUT - LEVEL 07 - ZONE 153","model","selection","smart","Both","skip-other-users","13970325","Duct Fittings","MHT-ME-DF-Rectangular Short Radius Bend - Flanged","","LEVEL 07","Supply Air","MHT-ME-DF-Rectangular Short Radius Bend - Flanged","NWB_UniclassDescription","Ductwork and fittings","Ductwork and fittings","Ductwork and fittings","SKIP","already-matches","instance","Shared Parameter","3045157","NWB_UniclassDescription","String","False","2","2","45","MDUC","Ductwork","Ductwork","connected:d4:13994316:Air Terminals","NWB-ARC-WBH-AR-MOD-0035","PPT.07.171","Cleaner's Room","PPT","","","PPT","","","WBH","HO","PPT","SI5","WBH-HO-07-PPT-ME-SI5"
"20260802_005303","NWB_PARAMETERS AutoFill","MECHANICAL DUCTWORK LAYOUT - LEVEL 07 - ZONE 153","model","selection","smart","Both","skip-other-users","13970325","Duct Fittings","MHT-ME-DF-Rectangular Short Radius Bend - Flanged","","LEVEL 07","Supply Air","MHT-ME-DF-Rectangular Short Radius Bend - Flanged","NWB_UniclassDescription","Ductwork and fittings","Ductwork and fittings","Ductwork and fittings","SKIP","already-matches","instance","Shared Parameter","7626166","NWB_UniclassDescription","String","False","2","2","45","MDUC","Ductwork","Ductwork","connected:d4:13994316:Air Terminals","NWB-ARC-WBH-AR-MOD-0035","PPT.07.171","Cleaner's Room","PPT","","","PPT","","","WBH","HO","PPT","SI5","WBH-HO-07-PPT-ME-SI5"
"20260802_005303","NWB_PARAMETERS AutoFill","MECHANICAL DUCTWORK LAYOUT - LEVEL 07 - ZONE 153","model","selection","smart","Both","skip-other-users","13970325","Duct Fittings","MHT-ME-DF-Rectangular Short Radius Bend - Flanged","","LEVEL 07","Supply Air","MHT-ME-DF-Rectangular Short Radius Bend - Flanged","NWB_DesignPkg","NWB-GEN-ME-SCM-1091-A","NWB-GEN-ME-SCM-1091-A","NWB-GEN-ME-SCM-1091-A","SKIP","already-matches","instance","Shared Parameter","3045158","NWB_DesignPkg","String","False","2","2","45","MDUC","Ductwork","Ductwork","connected:d4:13994316:Air Terminals","NWB-ARC-WBH-AR-MOD-0035","PPT.07.171","Cleaner's Room","PPT","","","PPT","","","WBH","HO","PPT","SI5","WBH-HO-07-PPT-ME-SI5"
"20260802_005303","NWB_PARAMETERS AutoFill","MECHANICAL DUCTWORK LAYOUT - LEVEL 07 - ZONE 153","model","selection","smart","Both","skip-other-users","13970325","Duct Fittings","MHT-ME-DF-Rectangular Short Radius Bend - Flanged","","LEVEL 07","Supply Air","MHT-ME-DF-Rectangular Short Radius Bend - Flanged","NWB_DesignPkg","NWB-GEN-ME-SCM-1091-A","NWB-GEN-ME-SCM-1091-A","NWB-GEN-ME-SCM-1091-A","SKIP","already-matches","instance","Shared Parameter","7626167","NWB_DesignPkg","String","False","2","2","45","MDUC","Ductwork","Ductwork","connected:d4:13994316:Air Terminals","NWB-ARC-WBH-AR-MOD-0035","PPT.07.171","Cleaner's Room","PPT","","","PPT","","","WBH","HO","PPT","SI5","WBH-HO-07-PPT-ME-SI5"
"20260802_005303","NWB_PARAMETERS AutoFill","MECHANICAL DUCTWORK LAYOUT - LEVEL 07 - ZONE 153","model","selection","smart","Both","skip-other-users","13970325","Duct Fittings","MHT-ME-DF-Rectangular Short Radius Bend - Flanged","","LEVEL 07","Supply Air","MHT-ME-DF-Rectangular Short Radius Bend - Flanged","NWB_BuildingPermitPkg","WBH - BP09","","","SKIP","missing","","","","NWB_BuildingPermitPkg","","","0","0","45","MDUC","Ductwork","Ductwork","connected:d4:13994316:Air Terminals","NWB-ARC-WBH-AR-MOD-0035","PPT.07.171","Cleaner's Room","PPT","","","PPT","","","WBH","HO","PPT","SI5","WBH-HO-07-PPT-ME-SI5"
"20260802_005303","NWB_PARAMETERS AutoFill","MECHANICAL DUCTWORK LAYOUT - LEVEL 07 - ZONE 153","model","selection","smart","Both","skip-other-users","13970325","Duct Fittings","MHT-ME-DF-Rectangular Short Radius Bend - Flanged","","LEVEL 07","Supply Air","MHT-ME-DF-Rectangular Short Radius Bend - Flanged","NWB_WBS00","WBH","WBH","WBH","SKIP","already-matches","instance","Shared Parameter","9214738","NWB_WBS00","String","False","1","1","45","MDUC","Ductwork","Ductwork","connected:d4:13994316:Air Terminals","NWB-ARC-WBH-AR-MOD-0035","PPT.07.171","Cleaner's Room","PPT","","","PPT","","","WBH","HO","PPT","SI5","WBH-HO-07-PPT-ME-SI5"
"20260802_005303","NWB_PARAMETERS AutoFill","MECHANICAL DUCTWORK LAYOUT - LEVEL 07 - ZONE 153","model","selection","smart","Both","skip-other-users","13970325","Duct Fittings","MHT-ME-DF-Rectangular Short Radius Bend - Flanged","","LEVEL 07","Supply Air","MHT-ME-DF-Rectangular Short Radius Bend - Flanged","NWB_WBS01","HO","HO","HO","SKIP","already-matches","instance","Shared Parameter","9214798","NWB_WBS01","String","False","1","1","45","MDUC","Ductwork","Ductwork","connected:d4:13994316:Air Terminals","NWB-ARC-WBH-AR-MOD-0035","PPT.07.171","Cleaner's Room","PPT","","","PPT","","","WBH","HO","PPT","SI5","WBH-HO-07-PPT-ME-SI5"
"20260802_005303","NWB_PARAMETERS AutoFill","MECHANICAL DUCTWORK LAYOUT - LEVEL 07 - ZONE 153","model","selection","smart","Both","skip-other-users","13970325","Duct Fittings","MHT-ME-DF-Rectangular Short Radius Bend - Flanged","","LEVEL 07","Supply Air","MHT-ME-DF-Rectangular Short Radius Bend - Flanged","NWB_WBS02","07","07","07","SKIP","already-matches","instance","Shared Parameter","9214786","NWB_WBS02","String","False","1","1","45","MDUC","Ductwork","Ductwork","connected:d4:13994316:Air Terminals","NWB-ARC-WBH-AR-MOD-0035","PPT.07.171","Cleaner's Room","PPT","","","PPT","","","WBH","HO","PPT","SI5","WBH-HO-07-PPT-ME-SI5"
"20260802_005303","NWB_PARAMETERS AutoFill","MECHANICAL DUCTWORK LAYOUT - LEVEL 07 - ZONE 153","model","selection","smart","Both","skip-other-users","13970325","Duct Fittings","MHT-ME-DF-Rectangular Short Radius Bend - Flanged","","LEVEL 07","Supply Air","MHT-ME-DF-Rectangular Short Radius Bend - Flanged","NWB_WBS04","ME","ME","ME","SKIP","already-matches","instance","Shared Parameter","9214762","NWB_WBS04","String","False","1","1","45","MDUC","Ductwork","Ductwork","connected:d4:13994316:Air Terminals","NWB-ARC-WBH-AR-MOD-0035","PPT.07.171","Cleaner's Room","PPT","","","PPT","","","WBH","HO","PPT","SI5","WBH-HO-07-PPT-ME-SI5"
"20260802_005303","NWB_PARAMETERS AutoFill","MECHANICAL DUCTWORK LAYOUT - LEVEL 07 - ZONE 153","model","selection","smart","Both","skip-other-users","13970325","Duct Fittings","MHT-ME-DF-Rectangular Short Radius Bend - Flanged","","LEVEL 07","Supply Air","MHT-ME-DF-Rectangular Short Radius Bend - Flanged","NWB_WBS05","SI5","SI5","SI5","SKIP","already-matches","instance","Shared Parameter","9214810","NWB_WBS05","String","False","1","1","45","MDUC","Ductwork","Ductwork","connected:d4:13994316:Air Terminals","NWB-ARC-WBH-AR-MOD-0035","PPT.07.171","Cleaner's Room","PPT","","","PPT","","","WBH","HO","PPT","SI5","WBH-HO-07-PPT-ME-SI5"
"20260802_005303","NWB_PARAMETERS AutoFill","MECHANICAL DUCTWORK LAYOUT - LEVEL 07 - ZONE 153","model","selection","smart","Both","skip-other-users","13970388","Ducts","Rectangular Duct","","LEVEL 07","Supply Air","Flanged Long Radius Elbows / Shoe Branch","NWB_AssetTypeCode","MDUC","MDUC","MDUC","SKIP","already-matches","instance","Shared Parameter","7626182","NWB_AssetTypeCode","String","False","1","1","45","MDUC","Ductwork","Ductwork","connected:d3:13972061:Air Terminals","NWB-ARC-WBH-AR-MOD-0035","PPT.07.167","Office, 1 Person, Pathology","PPT","","","PPT","","","WBH","HO","PPT","SI5","WBH-HO-07-PPT-ME-SI5"
"20260802_005303","NWB_PARAMETERS AutoFill","MECHANICAL DUCTWORK LAYOUT - LEVEL 07 - ZONE 153","model","selection","smart","Both","skip-other-users","13970388","Ducts","Rectangular Duct","","LEVEL 07","Supply Air","Flanged Long Radius Elbows / Shoe Branch","NWB_AssetType","Ductwork","Ductwork","Ductwork","SKIP","already-matches","instance","Shared Parameter","7626181","NWB_AssetType","String","False","1","1","45","MDUC","Ductwork","Ductwork","connected:d3:13972061:Air Terminals","NWB-ARC-WBH-AR-MOD-0035","PPT.07.167","Office, 1 Person, Pathology","PPT","","","PPT","","","WBH","HO","PPT","SI5","WBH-HO-07-PPT-ME-SI5"
"20260802_005303","NWB_PARAMETERS AutoFill","MECHANICAL DUCTWORK LAYOUT - LEVEL 07 - ZONE 153","model","selection","smart","Both","skip-other-users","13970388","Ducts","Rectangular Duct","","LEVEL 07","Supply Air","Flanged Long Radius Elbows / Shoe Branch","NWB_Discipline","ME","ME","ME","SKIP","already-matches","instance","Shared Parameter","7626159","NWB_Discipline","String","False","1","1","45","MDUC","Ductwork","Ductwork","connected:d3:13972061:Air Terminals","NWB-ARC-WBH-AR-MOD-0035","PPT.07.167","Office, 1 Person, Pathology","PPT","","","PPT","","","WBH","HO","PPT","SI5","WBH-HO-07-PPT-ME-SI5"
"20260802_005303","NWB_PARAMETERS AutoFill","MECHANICAL DUCTWORK LAYOUT - LEVEL 07 - ZONE 153","model","selection","smart","Both","skip-other-users","13970388","Ducts","Rectangular Duct","","LEVEL 07","Supply Air","Flanged Long Radius Elbows / Shoe Branch","NWB_Category","Ductwork","Ductwork","Ductwork","SKIP","already-matches","instance","Shared Parameter","7626160","NWB_Category","String","False","1","1","45","MDUC","Ductwork","Ductwork","connected:d3:13972061:Air Terminals","NWB-ARC-WBH-AR-MOD-0035","PPT.07.167","Office, 1 Person, Pathology","PPT","","","PPT","","","WBH","HO","PPT","SI5","WBH-HO-07-PPT-ME-SI5"
"20260802_005303","NWB_PARAMETERS AutoFill","MECHANICAL DUCTWORK LAYOUT - LEVEL 07 - ZONE 153","model","selection","smart","Both","skip-other-users","13970388","Ducts","Rectangular Duct","","LEVEL 07","Supply Air","Flanged Long Radius Elbows / Shoe Branch","NWB_Department","PPT","PPT","PPT","SKIP","already-matches","instance","Shared Parameter","7626168","NWB_Department","String","False","1","1","45","MDUC","Ductwork","Ductwork","connected:d3:13972061:Air Terminals","NWB-ARC-WBH-AR-MOD-0035","PPT.07.167","Office, 1 Person, Pathology","PPT","","","PPT","","","WBH","HO","PPT","SI5","WBH-HO-07-PPT-ME-SI5"
"20260802_005303","NWB_PARAMETERS AutoFill","MECHANICAL DUCTWORK LAYOUT - LEVEL 07 - ZONE 153","model","selection","smart","Both","skip-other-users","13970388","Ducts","Rectangular Duct","","LEVEL 07","Supply Air","Flanged Long Radius Elbows / Shoe Branch","NWB_Material","","","","SKIP","workbook material blank and model material missing","","","","NWB_Material","","","","","45","MDUC","Ductwork","Ductwork","connected:d3:13972061:Air Terminals","NWB-ARC-WBH-AR-MOD-0035","PPT.07.167","Office, 1 Person, Pathology","PPT","","","PPT","","","WBH","HO","PPT","SI5","WBH-HO-07-PPT-ME-SI5"
"20260802_005303","NWB_PARAMETERS AutoFill","MECHANICAL DUCTWORK LAYOUT - LEVEL 07 - ZONE 153","model","selection","smart","Both","skip-other-users","13970388","Ducts","Rectangular Duct","","LEVEL 07","Supply Air","Flanged Long Radius Elbows / Shoe Branch","NWB_System","Supply Air","Supply Air","Supply Air","SKIP","already-matches","instance","Shared Parameter","7626163","NWB_System","String","False","1","1","45","MDUC","Ductwork","Ductwork","connected:d3:13972061:Air Terminals","NWB-ARC-WBH-AR-MOD-0035","PPT.07.167","Office, 1 Person, Pathology","PPT","","","PPT","","","WBH","HO","PPT","SI5","WBH-HO-07-PPT-ME-SI5"
"20260802_005303","NWB_PARAMETERS AutoFill","MECHANICAL DUCTWORK LAYOUT - LEVEL 07 - ZONE 153","model","selection","smart","Both","skip-other-users","13970388","Ducts","Rectangular Duct","","LEVEL 07","Supply Air","Flanged Long Radius Elbows / Shoe Branch","NWB_UniclassCode","Pr_65_65_25","Pr_65_65_25","Pr_65_65_25","SKIP","already-matches","instance","Shared Parameter","7626165","NWB_UniclassCode","String","False","1","1","45","MDUC","Ductwork","Ductwork","connected:d3:13972061:Air Terminals","NWB-ARC-WBH-AR-MOD-0035","PPT.07.167","Office, 1 Person, Pathology","PPT","","","PPT","","","WBH","HO","PPT","SI5","WBH-HO-07-PPT-ME-SI5"
"20260802_005303","NWB_PARAMETERS AutoFill","MECHANICAL DUCTWORK LAYOUT - LEVEL 07 - ZONE 153","model","selection","smart","Both","skip-other-users","13970388","Ducts","Rectangular Duct","","LEVEL 07","Supply Air","Flanged Long Radius Elbows / Shoe Branch","NWB_UniclassDescription","Ductwork and fittings","Ductwork and fittings","Ductwork and fittings","SKIP","already-matches","instance","Shared Parameter","7626166","NWB_UniclassDescription","String","False","1","1","45","MDUC","Ductwork","Ductwork","connected:d3:13972061:Air Terminals","NWB-ARC-WBH-AR-MOD-0035","PPT.07.167","Office, 1 Person, Pathology","PPT","","","PPT","","","WBH","HO","PPT","SI5","WBH-HO-07-PPT-ME-SI5"
"20260802_005303","NWB_PARAMETERS AutoFill","MECHANICAL DUCTWORK LAYOUT - LEVEL 07 - ZONE 153","model","selection","smart","Both","skip-other-users","13970388","Ducts","Rectangular Duct","","LEVEL 07","Supply Air","Flanged Long Radius Elbows / Shoe Branch","NWB_DesignPkg","NWB-GEN-ME-SCM-1091-A","NWB-GEN-ME-SCM-1091-A","NWB-GEN-ME-SCM-1091-A","SKIP","already-matches","instance","Shared Parameter","7626167","NWB_DesignPkg","String","False","1","1","45","MDUC","Ductwork","Ductwork","connected:d3:13972061:Air Terminals","NWB-ARC-WBH-AR-MOD-0035","PPT.07.167","Office, 1 Person, Pathology","PPT","","","PPT","","","WBH","HO","PPT","SI5","WBH-HO-07-PPT-ME-SI5"
"20260802_005303","NWB_PARAMETERS AutoFill","MECHANICAL DUCTWORK LAYOUT - LEVEL 07 - ZONE 153","model","selection","smart","Both","skip-other-users","13970388","Ducts","Rectangular Duct","","LEVEL 07","Supply Air","Flanged Long Radius Elbows / Shoe Branch","NWB_BuildingPermitPkg","WBH - BP09","","","SKIP","missing","","","","NWB_BuildingPermitPkg","","","0","0","45","MDUC","Ductwork","Ductwork","connected:d3:13972061:Air Terminals","NWB-ARC-WBH-AR-MOD-0035","PPT.07.167","Office, 1 Person, Pathology","PPT","","","PPT","","","WBH","HO","PPT","SI5","WBH-HO-07-PPT-ME-SI5"
"20260802_005303","NWB_PARAMETERS AutoFill","MECHANICAL DUCTWORK LAYOUT - LEVEL 07 - ZONE 153","model","selection","smart","Both","skip-other-users","13970388","Ducts","Rectangular Duct","","LEVEL 07","Supply Air","Flanged Long Radius Elbows / Shoe Branch","NWB_WBS00","WBH","WBH","WBH","SKIP","already-matches","instance","Shared Parameter","9214738","NWB_WBS00","String","False","1","1","45","MDUC","Ductwork","Ductwork","connected:d3:13972061:Air Terminals","NWB-ARC-WBH-AR-MOD-0035","PPT.07.167","Office, 1 Person, Pathology","PPT","","","PPT","","","WBH","HO","PPT","SI5","WBH-HO-07-PPT-ME-SI5"
"20260802_005303","NWB_PARAMETERS AutoFill","MECHANICAL DUCTWORK LAYOUT - LEVEL 07 - ZONE 153","model","selection","smart","Both","skip-other-users","13970388","Ducts","Rectangular Duct","","LEVEL 07","Supply Air","Flanged Long Radius Elbows / Shoe Branch","NWB_WBS01","HO","HO","HO","SKIP","already-matches","instance","Shared Parameter","9214798","NWB_WBS01","String","False","1","1","45","MDUC","Ductwork","Ductwork","connected:d3:13972061:Air Terminals","NWB-ARC-WBH-AR-MOD-0035","PPT.07.167","Office, 1 Person, Pathology","PPT","","","PPT","","","WBH","HO","PPT","SI5","WBH-HO-07-PPT-ME-SI5"
"20260802_005303","NWB_PARAMETERS AutoFill","MECHANICAL DUCTWORK LAYOUT - LEVEL 07 - ZONE 153","model","selection","smart","Both","skip-other-users","13970388","Ducts","Rectangular Duct","","LEVEL 07","Supply Air","Flanged Long Radius Elbows / Shoe Branch","NWB_WBS02","07","07","07","SKIP","already-matches","instance","Shared Parameter","9214786","NWB_WBS02","String","False","1","1","45","MDUC","Ductwork","Ductwork","connected:d3:13972061:Air Terminals","NWB-ARC-WBH-AR-MOD-0035","PPT.07.167","Office, 1 Person, Pathology","PPT","","","PPT","","","WBH","HO","PPT","SI5","WBH-HO-07-PPT-ME-SI5"
"20260802_005303","NWB_PARAMETERS AutoFill","MECHANICAL DUCTWORK LAYOUT - LEVEL 07 - ZONE 153","model","selection","smart","Both","skip-other-users","13970388","Ducts","Rectangular Duct","","LEVEL 07","Supply Air","Flanged Long Radius Elbows / Shoe Branch","NWB_WBS03","PPT","PPT","PPT","SKIP","already-matches","instance","Shared Parameter","9214750","NWB_WBS03","String","False","1","1","45","MDUC","Ductwork","Ductwork","connected:d3:13972061:Air Terminals","NWB-ARC-WBH-AR-MOD-0035","PPT.07.167","Office, 1 Person, Pathology","PPT","","","PPT","","","WBH","HO","PPT","SI5","WBH-HO-07-PPT-ME-SI5"
"20260802_005303","NWB_PARAMETERS AutoFill","MECHANICAL DUCTWORK LAYOUT - LEVEL 07 - ZONE 153","model","selection","smart","Both","skip-other-users","13970388","Ducts","Rectangular Duct","","LEVEL 07","Supply Air","Flanged Long Radius Elbows / Shoe Branch","NWB_WBS04","ME","ME","ME","SKIP","already-matches","instance","Shared Parameter","9214762","NWB_WBS04","String","False","1","1","45","MDUC","Ductwork","Ductwork","connected:d3:13972061:Air Terminals","NWB-ARC-WBH-AR-MOD-0035","PPT.07.167","Office, 1 Person, Pathology","PPT","","","PPT","","","WBH","HO","PPT","SI5","WBH-HO-07-PPT-ME-SI5"
"20260802_005303","NWB_PARAMETERS AutoFill","MECHANICAL DUCTWORK LAYOUT - LEVEL 07 - ZONE 153","model","selection","smart","Both","skip-other-users","13970388","Ducts","Rectangular Duct","","LEVEL 07","Supply Air","Flanged Long Radius Elbows / Shoe Branch","NWB_WBS05","SI5","SI5","SI5","SKIP","already-matches","instance","Shared Parameter","9214810","NWB_WBS05","String","False","1","1","45","MDUC","Ductwork","Ductwork","connected:d3:13972061:Air Terminals","NWB-ARC-WBH-AR-MOD-0035","PPT.07.167","Office, 1 Person, Pathology","PPT","","","PPT","","","WBH","HO","PPT","SI5","WBH-HO-07-PPT-ME-SI5"
"20260802_005303","NWB_PARAMETERS AutoFill","MECHANICAL DUCTWORK LAYOUT - LEVEL 07 - ZONE 153","model","selection","smart","Both","skip-other-users","13970388","Ducts","Rectangular Duct","","LEVEL 07","Supply Air","Flanged Long Radius Elbows / Shoe Branch","NWB_WBSCode","WBH-HO-07-PPT-ME-SI5","WBH-HO-07-PPT-ME-SI5","WBH-HO-07-PPT-ME-SI5","SKIP","already-matches","instance","Shared Parameter","9214774","NWB_WBSCode","String","False","1","1","45","MDUC","Ductwork","Ductwork","connected:d3:13972061:Air Terminals","NWB-ARC-WBH-AR-MOD-0035","PPT.07.167","Office, 1 Person, Pathology","PPT","","","PPT","","","WBH","HO","PPT","SI5","WBH-HO-07-PPT-ME-SI5"
"20260802_005303","NWB_PARAMETERS AutoFill","MECHANICAL DUCTWORK LAYOUT - LEVEL 07 - ZONE 153","model","selection","smart","Both","skip-other-users","13970401","Duct Fittings","MHT-ME-DF-Rectangular Short Radius Bend - Flanged","","LEVEL 07","Supply Air","MHT-ME-DF-Rectangular Short Radius Bend - Flanged","NWB_AssetTypeCode","MDUC","MDUC","MDUC","SKIP","already-matches","instance","Shared Parameter","3045149","NWB_AssetTypeCode","String","False","2","2","45","MDUC","Ductwork","Ductwork","connected:d4:13972052:Air Terminals","NWB-ARC-WBH-AR-MOD-0035","PPT.07.166","Office, 1 Person, Pathology","PPT","","","PPT","","","WBH","HO","PPT","SI5","WBH-HO-07-PPT-ME-SI5"
"20260802_005303","NWB_PARAMETERS AutoFill","MECHANICAL DUCTWORK LAYOUT - LEVEL 07 - ZONE 153","model","selection","smart","Both","skip-other-users","13970401","Duct Fittings","MHT-ME-DF-Rectangular Short Radius Bend - Flanged","","LEVEL 07","Supply Air","MHT-ME-DF-Rectangular Short Radius Bend - Flanged","NWB_AssetTypeCode","MDUC","MDUC","MDUC","SKIP","already-matches","instance","Shared Parameter","7626182","NWB_AssetTypeCode","String","False","2","2","45","MDUC","Ductwork","Ductwork","connected:d4:13972052:Air Terminals","NWB-ARC-WBH-AR-MOD-0035","PPT.07.166","Office, 1 Person, Pathology","PPT","","","PPT","","","WBH","HO","PPT","SI5","WBH-HO-07-PPT-ME-SI5"
"20260802_005303","NWB_PARAMETERS AutoFill","MECHANICAL DUCTWORK LAYOUT - LEVEL 07 - ZONE 153","model","selection","smart","Both","skip-other-users","13970401","Duct Fittings","MHT-ME-DF-Rectangular Short Radius Bend - Flanged","","LEVEL 07","Supply Air","MHT-ME-DF-Rectangular Short Radius Bend - Flanged","NWB_AssetType","Ductwork","Ductwork","Ductwork","SKIP","already-matches","instance","Shared Parameter","3045150","NWB_AssetType","String","False","2","2","45","MDUC","Ductwork","Ductwork","connected:d4:13972052:Air Terminals","NWB-ARC-WBH-AR-MOD-0035","PPT.07.166","Office, 1 Person, Pathology","PPT","","","PPT","","","WBH","HO","PPT","SI5","WBH-HO-07-PPT-ME-SI5"
"20260802_005303","NWB_PARAMETERS AutoFill","MECHANICAL DUCTWORK LAYOUT - LEVEL 07 - ZONE 153","model","selection","smart","Both","skip-other-users","13970401","Duct Fittings","MHT-ME-DF-Rectangular Short Radius Bend - Flanged","","LEVEL 07","Supply Air","MHT-ME-DF-Rectangular Short Radius Bend - Flanged","NWB_AssetType","Ductwork","Ductwork","Ductwork","SKIP","already-matches","instance","Shared Parameter","7626181","NWB_AssetType","String","False","2","2","45","MDUC","Ductwork","Ductwork","connected:d4:13972052:Air Terminals","NWB-ARC-WBH-AR-MOD-0035","PPT.07.166","Office, 1 Person, Pathology","PPT","","","PPT","","","WBH","HO","PPT","SI5","WBH-HO-07-PPT-ME-SI5"
"20260802_005303","NWB_PARAMETERS AutoFill","MECHANICAL DUCTWORK LAYOUT - LEVEL 07 - ZONE 153","model","selection","smart","Both","skip-other-users","13970401","Duct Fittings","MHT-ME-DF-Rectangular Short Radius Bend - Flanged","","LEVEL 07","Supply Air","MHT-ME-DF-Rectangular Short Radius Bend - Flanged","NWB_Discipline","ME","ME","ME","SKIP","already-matches","instance","Shared Parameter","3045151","NWB_Discipline","String","False","2","2","45","MDUC","Ductwork","Ductwork","connected:d4:13972052:Air Terminals","NWB-ARC-WBH-AR-MOD-0035","PPT.07.166","Office, 1 Person, Pathology","PPT","","","PPT","","","WBH","HO","PPT","SI5","WBH-HO-07-PPT-ME-SI5"
"20260802_005303","NWB_PARAMETERS AutoFill","MECHANICAL DUCTWORK LAYOUT - LEVEL 07 - ZONE 153","model","selection","smart","Both","skip-other-users","13970401","Duct Fittings","MHT-ME-DF-Rectangular Short Radius Bend - Flanged","","LEVEL 07","Supply Air","MHT-ME-DF-Rectangular Short Radius Bend - Flanged","NWB_Discipline","ME","ME","ME","SKIP","already-matches","instance","Shared Parameter","7626159","NWB_Discipline","String","False","2","2","45","MDUC","Ductwork","Ductwork","connected:d4:13972052:Air Terminals","NWB-ARC-WBH-AR-MOD-0035","PPT.07.166","Office, 1 Person, Pathology","PPT","","","PPT","","","WBH","HO","PPT","SI5","WBH-HO-07-PPT-ME-SI5"
"20260802_005303","NWB_PARAMETERS AutoFill","MECHANICAL DUCTWORK LAYOUT - LEVEL 07 - ZONE 153","model","selection","smart","Both","skip-other-users","13970401","Duct Fittings","MHT-ME-DF-Rectangular Short Radius Bend - Flanged","","LEVEL 07","Supply Air","MHT-ME-DF-Rectangular Short Radius Bend - Flanged","NWB_Category","Ductwork","Ductwork","Ductwork","SKIP","already-matches","instance","Shared Parameter","3045152","NWB_Category","String","False","2","2","45","MDUC","Ductwork","Ductwork","connected:d4:13972052:Air Terminals","NWB-ARC-WBH-AR-MOD-0035","PPT.07.166","Office, 1 Person, Pathology","PPT","","","PPT","","","WBH","HO","PPT","SI5","WBH-HO-07-PPT-ME-SI5"
"20260802_005303","NWB_PARAMETERS AutoFill","MECHANICAL DUCTWORK LAYOUT - LEVEL 07 - ZONE 153","model","selection","smart","Both","skip-other-users","13970401","Duct Fittings","MHT-ME-DF-Rectangular Short Radius Bend - Flanged","","LEVEL 07","Supply Air","MHT-ME-DF-Rectangular Short Radius Bend - Flanged","NWB_Category","Ductwork","Ductwork","Ductwork","SKIP","already-matches","instance","Shared Parameter","7626160","NWB_Category","String","False","2","2","45","MDUC","Ductwork","Ductwork","connected:d4:13972052:Air Terminals","NWB-ARC-WBH-AR-MOD-0035","PPT.07.166","Office, 1 Person, Pathology","PPT","","","PPT","","","WBH","HO","PPT","SI5","WBH-HO-07-PPT-ME-SI5"
"20260802_005303","NWB_PARAMETERS AutoFill","MECHANICAL DUCTWORK LAYOUT - LEVEL 07 - ZONE 153","model","selection","smart","Both","skip-other-users","13970401","Duct Fittings","MHT-ME-DF-Rectangular Short Radius Bend - Flanged","","LEVEL 07","Supply Air","MHT-ME-DF-Rectangular Short Radius Bend - Flanged","NWB_Department","PPT","PPT","PPT","SKIP","already-matches","instance","Shared Parameter","7626168","NWB_Department","String","False","2","2","45","MDUC","Ductwork","Ductwork","connected:d4:13972052:Air Terminals","NWB-ARC-WBH-AR-MOD-0035","PPT.07.166","Office, 1 Person, Pathology","PPT","","","PPT","","","WBH","HO","PPT","SI5","WBH-HO-07-PPT-ME-SI5"
"20260802_005303","NWB_PARAMETERS AutoFill","MECHANICAL DUCTWORK LAYOUT - LEVEL 07 - ZONE 153","model","selection","smart","Both","skip-other-users","13970401","Duct Fittings","MHT-ME-DF-Rectangular Short Radius Bend - Flanged","","LEVEL 07","Supply Air","MHT-ME-DF-Rectangular Short Radius Bend - Flanged","NWB_Material","","","","SKIP","workbook material blank and model material missing","","","","NWB_Material","","","","","45","MDUC","Ductwork","Ductwork","connected:d4:13972052:Air Terminals","NWB-ARC-WBH-AR-MOD-0035","PPT.07.166","Office, 1 Person, Pathology","PPT","","","PPT","","","WBH","HO","PPT","SI5","WBH-HO-07-PPT-ME-SI5"
"20260802_005303","NWB_PARAMETERS AutoFill","MECHANICAL DUCTWORK LAYOUT - LEVEL 07 - ZONE 153","model","selection","smart","Both","skip-other-users","13970401","Duct Fittings","MHT-ME-DF-Rectangular Short Radius Bend - Flanged","","LEVEL 07","Supply Air","MHT-ME-DF-Rectangular Short Radius Bend - Flanged","NWB_System","Supply Air","Supply Air","Supply Air","SKIP","already-matches","instance","Shared Parameter","3045155","NWB_System","String","False","2","2","45","MDUC","Ductwork","Ductwork","connected:d4:13972052:Air Terminals","NWB-ARC-WBH-AR-MOD-0035","PPT.07.166","Office, 1 Person, Pathology","PPT","","","PPT","","","WBH","HO","PPT","SI5","WBH-HO-07-PPT-ME-SI5"
"20260802_005303","NWB_PARAMETERS AutoFill","MECHANICAL DUCTWORK LAYOUT - LEVEL 07 - ZONE 153","model","selection","smart","Both","skip-other-users","13970401","Duct Fittings","MHT-ME-DF-Rectangular Short Radius Bend - Flanged","","LEVEL 07","Supply Air","MHT-ME-DF-Rectangular Short Radius Bend - Flanged","NWB_System","Supply Air","Supply Air","Supply Air","SKIP","already-matches","instance","Shared Parameter","7626163","NWB_System","String","False","2","2","45","MDUC","Ductwork","Ductwork","connected:d4:13972052:Air Terminals","NWB-ARC-WBH-AR-MOD-0035","PPT.07.166","Office, 1 Person, Pathology","PPT","","","PPT","","","WBH","HO","PPT","SI5","WBH-HO-07-PPT-ME-SI5"
"20260802_005303","NWB_PARAMETERS AutoFill","MECHANICAL DUCTWORK LAYOUT - LEVEL 07 - ZONE 153","model","selection","smart","Both","skip-other-users","13970401","Duct Fittings","MHT-ME-DF-Rectangular Short Radius Bend - Flanged","","LEVEL 07","Supply Air","MHT-ME-DF-Rectangular Short Radius Bend - Flanged","NWB_UniclassCode","Pr_65_65_25","Pr_65_65_25","Pr_65_65_25","SKIP","already-matches","instance","Shared Parameter","3045156","NWB_UniclassCode","String","False","2","2","45","MDUC","Ductwork","Ductwork","connected:d4:13972052:Air Terminals","NWB-ARC-WBH-AR-MOD-0035","PPT.07.166","Office, 1 Person, Pathology","PPT","","","PPT","","","WBH","HO","PPT","SI5","WBH-HO-07-PPT-ME-SI5"
"20260802_005303","NWB_PARAMETERS AutoFill","MECHANICAL DUCTWORK LAYOUT - LEVEL 07 - ZONE 153","model","selection","smart","Both","skip-other-users","13970401","Duct Fittings","MHT-ME-DF-Rectangular Short Radius Bend - Flanged","","LEVEL 07","Supply Air","MHT-ME-DF-Rectangular Short Radius Bend - Flanged","NWB_UniclassCode","Pr_65_65_25","Pr_65_65_25","Pr_65_65_25","SKIP","already-matches","instance","Shared Parameter","7626165","NWB_UniclassCode","String","False","2","2","45","MDUC","Ductwork","Ductwork","connected:d4:13972052:Air Terminals","NWB-ARC-WBH-AR-MOD-0035","PPT.07.166","Office, 1 Person, Pathology","PPT","","","PPT","","","WBH","HO","PPT","SI5","WBH-HO-07-PPT-ME-SI5"
"20260802_005303","NWB_PARAMETERS AutoFill","MECHANICAL DUCTWORK LAYOUT - LEVEL 07 - ZONE 153","model","selection","smart","Both","skip-other-users","13970401","Duct Fittings","MHT-ME-DF-Rectangular Short Radius Bend - Flanged","","LEVEL 07","Supply Air","MHT-ME-DF-Rectangular Short Radius Bend - Flanged","NWB_UniclassDescription","Ductwork and fittings","Ductwork and fittings","Ductwork and fittings","SKIP","already-matches","instance","Shared Parameter","3045157","NWB_UniclassDescription","String","False","2","2","45","MDUC","Ductwork","Ductwork","connected:d4:13972052:Air Terminals","NWB-ARC-WBH-AR-MOD-0035","PPT.07.166","Office, 1 Person, Pathology","PPT","","","PPT","","","WBH","HO","PPT","SI5","WBH-HO-07-PPT-ME-SI5"
"20260802_005303","NWB_PARAMETERS AutoFill","MECHANICAL DUCTWORK LAYOUT - LEVEL 07 - ZONE 153","model","selection","smart","Both","skip-other-users","13970401","Duct Fittings","MHT-ME-DF-Rectangular Short Radius Bend - Flanged","","LEVEL 07","Supply Air","MHT-ME-DF-Rectangular Short Radius Bend - Flanged","NWB_UniclassDescription","Ductwork and fittings","Ductwork and fittings","Ductwork and fittings","SKIP","already-matches","instance","Shared Parameter","7626166","NWB_UniclassDescription","String","False","2","2","45","MDUC","Ductwork","Ductwork","connected:d4:13972052:Air Terminals","NWB-ARC-WBH-AR-MOD-0035","PPT.07.166","Office, 1 Person, Pathology","PPT","","","PPT","","","WBH","HO","PPT","SI5","WBH-HO-07-PPT-ME-SI5"
"20260802_005303","NWB_PARAMETERS AutoFill","MECHANICAL DUCTWORK LAYOUT - LEVEL 07 - ZONE 153","model","selection","smart","Both","skip-other-users","13970401","Duct Fittings","MHT-ME-DF-Rectangular Short Radius Bend - Flanged","","LEVEL 07","Supply Air","MHT-ME-DF-Rectangular Short Radius Bend - Flanged","NWB_DesignPkg","NWB-GEN-ME-SCM-1091-A","NWB-GEN-ME-SCM-1091-A","NWB-GEN-ME-SCM-1091-A","SKIP","already-matches","instance","Shared Parameter","3045158","NWB_DesignPkg","String","False","2","2","45","MDUC","Ductwork","Ductwork","connected:d4:13972052:Air Terminals","NWB-ARC-WBH-AR-MOD-0035","PPT.07.166","Office, 1 Person, Pathology","PPT","","","PPT","","","WBH","HO","PPT","SI5","WBH-HO-07-PPT-ME-SI5"
"20260802_005303","NWB_PARAMETERS AutoFill","MECHANICAL DUCTWORK LAYOUT - LEVEL 07 - ZONE 153","model","selection","smart","Both","skip-other-users","13970401","Duct Fittings","MHT-ME-DF-Rectangular Short Radius Bend - Flanged","","LEVEL 07","Supply Air","MHT-ME-DF-Rectangular Short Radius Bend - Flanged","NWB_DesignPkg","NWB-GEN-ME-SCM-1091-A","NWB-GEN-ME-SCM-1091-A","NWB-GEN-ME-SCM-1091-A","SKIP","already-matches","instance","Shared Parameter","7626167","NWB_DesignPkg","String","False","2","2","45","MDUC","Ductwork","Ductwork","connected:d4:13972052:Air Terminals","NWB-ARC-WBH-AR-MOD-0035","PPT.07.166","Office, 1 Person, Pathology","PPT","","","PPT","","","WBH","HO","PPT","SI5","WBH-HO-07-PPT-ME-SI5"
"20260802_005303","NWB_PARAMETERS AutoFill","MECHANICAL DUCTWORK LAYOUT - LEVEL 07 - ZONE 153","model","selection","smart","Both","skip-other-users","13970401","Duct Fittings","MHT-ME-DF-Rectangular Short Radius Bend - Flanged","","LEVEL 07","Supply Air","MHT-ME-DF-Rectangular Short Radius Bend - Flanged","NWB_BuildingPermitPkg","WBH - BP09","","","SKIP","missing","","","","NWB_BuildingPermitPkg","","","0","0","45","MDUC","Ductwork","Ductwork","connected:d4:13972052:Air Terminals","NWB-ARC-WBH-AR-MOD-0035","PPT.07.166","Office, 1 Person, Pathology","PPT","","","PPT","","","WBH","HO","PPT","SI5","WBH-HO-07-PPT-ME-SI5"
"20260802_005303","NWB_PARAMETERS AutoFill","MECHANICAL DUCTWORK LAYOUT - LEVEL 07 - ZONE 153","model","selection","smart","Both","skip-other-users","13970401","Duct Fittings","MHT-ME-DF-Rectangular Short Radius Bend - Flanged","","LEVEL 07","Supply Air","MHT-ME-DF-Rectangular Short Radius Bend - Flanged","NWB_WBS00","WBH","WBH","WBH","SKIP","already-matches","instance","Shared Parameter","9214738","NWB_WBS00","String","False","1","1","45","MDUC","Ductwork","Ductwork","connected:d4:13972052:Air Terminals","NWB-ARC-WBH-AR-MOD-0035","PPT.07.166","Office, 1 Person, Pathology","PPT","","","PPT","","","WBH","HO","PPT","SI5","WBH-HO-07-PPT-ME-SI5"
"20260802_005303","NWB_PARAMETERS AutoFill","MECHANICAL DUCTWORK LAYOUT - LEVEL 07 - ZONE 153","model","selection","smart","Both","skip-other-users","13970401","Duct Fittings","MHT-ME-DF-Rectangular Short Radius Bend - Flanged","","LEVEL 07","Supply Air","MHT-ME-DF-Rectangular Short Radius Bend - Flanged","NWB_WBS01","HO","HO","HO","SKIP","already-matches","instance","Shared Parameter","9214798","NWB_WBS01","String","False","1","1","45","MDUC","Ductwork","Ductwork","connected:d4:13972052:Air Terminals","NWB-ARC-WBH-AR-MOD-0035","PPT.07.166","Office, 1 Person, Pathology","PPT","","","PPT","","","WBH","HO","PPT","SI5","WBH-HO-07-PPT-ME-SI5"
"20260802_005303","NWB_PARAMETERS AutoFill","MECHANICAL DUCTWORK LAYOUT - LEVEL 07 - ZONE 153","model","selection","smart","Both","skip-other-users","13970401","Duct Fittings","MHT-ME-DF-Rectangular Short Radius Bend - Flanged","","LEVEL 07","Supply Air","MHT-ME-DF-Rectangular Short Radius Bend - Flanged","NWB_WBS02","07","07","07","SKIP","already-matches","instance","Shared Parameter","9214786","NWB_WBS02","String","False","1","1","45","MDUC","Ductwork","Ductwork","connected:d4:13972052:Air Terminals","NWB-ARC-WBH-AR-MOD-0035","PPT.07.166","Office, 1 Person, Pathology","PPT","","","PPT","","","WBH","HO","PPT","SI5","WBH-HO-07-PPT-ME-SI5"
"20260802_005303","NWB_PARAMETERS AutoFill","MECHANICAL DUCTWORK LAYOUT - LEVEL 07 - ZONE 153","model","selection","smart","Both","skip-other-users","13970401","Duct Fittings","MHT-ME-DF-Rectangular Short Radius Bend - Flanged","","LEVEL 07","Supply Air","MHT-ME-DF-Rectangular Short Radius Bend - Flanged","NWB_WBS04","ME","ME","ME","SKIP","already-matches","instance","Shared Parameter","9214762","NWB_WBS04","String","False","1","1","45","MDUC","Ductwork","Ductwork","connected:d4:13972052:Air Terminals","NWB-ARC-WBH-AR-MOD-0035","PPT.07.166","Office, 1 Person, Pathology","PPT","","","PPT","","","WBH","HO","PPT","SI5","WBH-HO-07-PPT-ME-SI5"
"20260802_005303","NWB_PARAMETERS AutoFill","MECHANICAL DUCTWORK LAYOUT - LEVEL 07 - ZONE 153","model","selection","smart","Both","skip-other-users","13970401","Duct Fittings","MHT-ME-DF-Rectangular Short Radius Bend - Flanged","","LEVEL 07","Supply Air","MHT-ME-DF-Rectangular Short Radius Bend - Flanged","NWB_WBS05","SI5","SI5","SI5","SKIP","already-matches","instance","Shared Parameter","9214810","NWB_WBS05","String","False","1","1","45","MDUC","Ductwork","Ductwork","connected:d4:13972052:Air Terminals","NWB-ARC-WBH-AR-MOD-0035","PPT.07.166","Office, 1 Person, Pathology","PPT","","","PPT","","","WBH","HO","PPT","SI5","WBH-HO-07-PPT-ME-SI5"
"20260802_005303","NWB_PARAMETERS AutoFill","MECHANICAL DUCTWORK LAYOUT - LEVEL 07 - ZONE 153","model","selection","smart","Both","skip-other-users","13970802","Duct Fittings","MHT-ME-DF-Rectangular Short Radius Bend - Flanged","","LEVEL 07","Supply Air","MHT-ME-DF-Rectangular Short Radius Bend - Flanged","NWB_AssetTypeCode","MDUC","MDUC","MDUC","SKIP","already-matches","instance","Shared Parameter","3045149","NWB_AssetTypeCode","String","False","2","2","45","MDUC","Ductwork","Ductwork","connected:d4:13971900:Air Terminals","NWB-ARC-WBH-AR-MOD-0035","PPT.07.C16","Corridor","PPT","","","PPT","","","WBH","HO","PPT","SI5","WBH-HO-07-PPT-ME-SI5"
"20260802_005303","NWB_PARAMETERS AutoFill","MECHANICAL DUCTWORK LAYOUT - LEVEL 07 - ZONE 153","model","selection","smart","Both","skip-other-users","13970802","Duct Fittings","MHT-ME-DF-Rectangular Short Radius Bend - Flanged","","LEVEL 07","Supply Air","MHT-ME-DF-Rectangular Short Radius Bend - Flanged","NWB_AssetTypeCode","MDUC","MDUC","MDUC","SKIP","already-matches","instance","Shared Parameter","7626182","NWB_AssetTypeCode","String","False","2","2","45","MDUC","Ductwork","Ductwork","connected:d4:13971900:Air Terminals","NWB-ARC-WBH-AR-MOD-0035","PPT.07.C16","Corridor","PPT","","","PPT","","","WBH","HO","PPT","SI5","WBH-HO-07-PPT-ME-SI5"
"20260802_005303","NWB_PARAMETERS AutoFill","MECHANICAL DUCTWORK LAYOUT - LEVEL 07 - ZONE 153","model","selection","smart","Both","skip-other-users","13970802","Duct Fittings","MHT-ME-DF-Rectangular Short Radius Bend - Flanged","","LEVEL 07","Supply Air","MHT-ME-DF-Rectangular Short Radius Bend - Flanged","NWB_AssetType","Ductwork","Ductwork","Ductwork","SKIP","already-matches","instance","Shared Parameter","3045150","NWB_AssetType","String","False","2","2","45","MDUC","Ductwork","Ductwork","connected:d4:13971900:Air Terminals","NWB-ARC-WBH-AR-MOD-0035","PPT.07.C16","Corridor","PPT","","","PPT","","","WBH","HO","PPT","SI5","WBH-HO-07-PPT-ME-SI5"
"20260802_005303","NWB_PARAMETERS AutoFill","MECHANICAL DUCTWORK LAYOUT - LEVEL 07 - ZONE 153","model","selection","smart","Both","skip-other-users","13970802","Duct Fittings","MHT-ME-DF-Rectangular Short Radius Bend - Flanged","","LEVEL 07","Supply Air","MHT-ME-DF-Rectangular Short Radius Bend - Flanged","NWB_AssetType","Ductwork","Ductwork","Ductwork","SKIP","already-matches","instance","Shared Parameter","7626181","NWB_AssetType","String","False","2","2","45","MDUC","Ductwork","Ductwork","connected:d4:13971900:Air Terminals","NWB-ARC-WBH-AR-MOD-0035","PPT.07.C16","Corridor","PPT","","","PPT","","","WBH","HO","PPT","SI5","WBH-HO-07-PPT-ME-SI5"
"20260802_005303","NWB_PARAMETERS AutoFill","MECHANICAL DUCTWORK LAYOUT - LEVEL 07 - ZONE 153","model","selection","smart","Both","skip-other-users","13970802","Duct Fittings","MHT-ME-DF-Rectangular Short Radius Bend - Flanged","","LEVEL 07","Supply Air","MHT-ME-DF-Rectangular Short Radius Bend - Flanged","NWB_Discipline","ME","ME","ME","SKIP","already-matches","instance","Shared Parameter","3045151","NWB_Discipline","String","False","2","2","45","MDUC","Ductwork","Ductwork","connected:d4:13971900:Air Terminals","NWB-ARC-WBH-AR-MOD-0035","PPT.07.C16","Corridor","PPT","","","PPT","","","WBH","HO","PPT","SI5","WBH-HO-07-PPT-ME-SI5"
"20260802_005303","NWB_PARAMETERS AutoFill","MECHANICAL DUCTWORK LAYOUT - LEVEL 07 - ZONE 153","model","selection","smart","Both","skip-other-users","13970802","Duct Fittings","MHT-ME-DF-Rectangular Short Radius Bend - Flanged","","LEVEL 07","Supply Air","MHT-ME-DF-Rectangular Short Radius Bend - Flanged","NWB_Discipline","ME","ME","ME","SKIP","already-matches","instance","Shared Parameter","7626159","NWB_Discipline","String","False","2","2","45","MDUC","Ductwork","Ductwork","connected:d4:13971900:Air Terminals","NWB-ARC-WBH-AR-MOD-0035","PPT.07.C16","Corridor","PPT","","","PPT","","","WBH","HO","PPT","SI5","WBH-HO-07-PPT-ME-SI5"
"20260802_005303","NWB_PARAMETERS AutoFill","MECHANICAL DUCTWORK LAYOUT - LEVEL 07 - ZONE 153","model","selection","smart","Both","skip-other-users","13970802","Duct Fittings","MHT-ME-DF-Rectangular Short Radius Bend - Flanged","","LEVEL 07","Supply Air","MHT-ME-DF-Rectangular Short Radius Bend - Flanged","NWB_Category","Ductwork","Ductwork","Ductwork","SKIP","already-matches","instance","Shared Parameter","3045152","NWB_Category","String","False","2","2","45","MDUC","Ductwork","Ductwork","connected:d4:13971900:Air Terminals","NWB-ARC-WBH-AR-MOD-0035","PPT.07.C16","Corridor","PPT","","","PPT","","","WBH","HO","PPT","SI5","WBH-HO-07-PPT-ME-SI5"
"20260802_005303","NWB_PARAMETERS AutoFill","MECHANICAL DUCTWORK LAYOUT - LEVEL 07 - ZONE 153","model","selection","smart","Both","skip-other-users","13970802","Duct Fittings","MHT-ME-DF-Rectangular Short Radius Bend - Flanged","","LEVEL 07","Supply Air","MHT-ME-DF-Rectangular Short Radius Bend - Flanged","NWB_Category","Ductwork","Ductwork","Ductwork","SKIP","already-matches","instance","Shared Parameter","7626160","NWB_Category","String","False","2","2","45","MDUC","Ductwork","Ductwork","connected:d4:13971900:Air Terminals","NWB-ARC-WBH-AR-MOD-0035","PPT.07.C16","Corridor","PPT","","","PPT","","","WBH","HO","PPT","SI5","WBH-HO-07-PPT-ME-SI5"
"20260802_005303","NWB_PARAMETERS AutoFill","MECHANICAL DUCTWORK LAYOUT - LEVEL 07 - ZONE 153","model","selection","smart","Both","skip-other-users","13970802","Duct Fittings","MHT-ME-DF-Rectangular Short Radius Bend - Flanged","","LEVEL 07","Supply Air","MHT-ME-DF-Rectangular Short Radius Bend - Flanged","NWB_Department","PPT","PPT","PPT","SKIP","already-matches","instance","Shared Parameter","7626168","NWB_Department","String","False","2","2","45","MDUC","Ductwork","Ductwork","connected:d4:13971900:Air Terminals","NWB-ARC-WBH-AR-MOD-0035","PPT.07.C16","Corridor","PPT","","","PPT","","","WBH","HO","PPT","SI5","WBH-HO-07-PPT-ME-SI5"
"20260802_005303","NWB_PARAMETERS AutoFill","MECHANICAL DUCTWORK LAYOUT - LEVEL 07 - ZONE 153","model","selection","smart","Both","skip-other-users","13970802","Duct Fittings","MHT-ME-DF-Rectangular Short Radius Bend - Flanged","","LEVEL 07","Supply Air","MHT-ME-DF-Rectangular Short Radius Bend - Flanged","NWB_Material","","","","SKIP","workbook material blank and model material missing","","","","NWB_Material","","","","","45","MDUC","Ductwork","Ductwork","connected:d4:13971900:Air Terminals","NWB-ARC-WBH-AR-MOD-0035","PPT.07.C16","Corridor","PPT","","","PPT","","","WBH","HO","PPT","SI5","WBH-HO-07-PPT-ME-SI5"
"20260802_005303","NWB_PARAMETERS AutoFill","MECHANICAL DUCTWORK LAYOUT - LEVEL 07 - ZONE 153","model","selection","smart","Both","skip-other-users","13970802","Duct Fittings","MHT-ME-DF-Rectangular Short Radius Bend - Flanged","","LEVEL 07","Supply Air","MHT-ME-DF-Rectangular Short Radius Bend - Flanged","NWB_System","Supply Air","Supply Air","Supply Air","SKIP","already-matches","instance","Shared Parameter","3045155","NWB_System","String","False","2","2","45","MDUC","Ductwork","Ductwork","connected:d4:13971900:Air Terminals","NWB-ARC-WBH-AR-MOD-0035","PPT.07.C16","Corridor","PPT","","","PPT","","","WBH","HO","PPT","SI5","WBH-HO-07-PPT-ME-SI5"
"20260802_005303","NWB_PARAMETERS AutoFill","MECHANICAL DUCTWORK LAYOUT - LEVEL 07 - ZONE 153","model","selection","smart","Both","skip-other-users","13970802","Duct Fittings","MHT-ME-DF-Rectangular Short Radius Bend - Flanged","","LEVEL 07","Supply Air","MHT-ME-DF-Rectangular Short Radius Bend - Flanged","NWB_System","Supply Air","Supply Air","Supply Air","SKIP","already-matches","instance","Shared Parameter","7626163","NWB_System","String","False","2","2","45","MDUC","Ductwork","Ductwork","connected:d4:13971900:Air Terminals","NWB-ARC-WBH-AR-MOD-0035","PPT.07.C16","Corridor","PPT","","","PPT","","","WBH","HO","PPT","SI5","WBH-HO-07-PPT-ME-SI5"
"20260802_005303","NWB_PARAMETERS AutoFill","MECHANICAL DUCTWORK LAYOUT - LEVEL 07 - ZONE 153","model","selection","smart","Both","skip-other-users","13970802","Duct Fittings","MHT-ME-DF-Rectangular Short Radius Bend - Flanged","","LEVEL 07","Supply Air","MHT-ME-DF-Rectangular Short Radius Bend - Flanged","NWB_UniclassCode","Pr_65_65_25","Pr_65_65_25","Pr_65_65_25","SKIP","already-matches","instance","Shared Parameter","3045156","NWB_UniclassCode","String","False","2","2","45","MDUC","Ductwork","Ductwork","connected:d4:13971900:Air Terminals","NWB-ARC-WBH-AR-MOD-0035","PPT.07.C16","Corridor","PPT","","","PPT","","","WBH","HO","PPT","SI5","WBH-HO-07-PPT-ME-SI5"
"20260802_005303","NWB_PARAMETERS AutoFill","MECHANICAL DUCTWORK LAYOUT - LEVEL 07 - ZONE 153","model","selection","smart","Both","skip-other-users","13970802","Duct Fittings","MHT-ME-DF-Rectangular Short Radius Bend - Flanged","","LEVEL 07","Supply Air","MHT-ME-DF-Rectangular Short Radius Bend - Flanged","NWB_UniclassCode","Pr_65_65_25","Pr_65_65_25","Pr_65_65_25","SKIP","already-matches","instance","Shared Parameter","7626165","NWB_UniclassCode","String","False","2","2","45","MDUC","Ductwork","Ductwork","connected:d4:13971900:Air Terminals","NWB-ARC-WBH-AR-MOD-0035","PPT.07.C16","Corridor","PPT","","","PPT","","","WBH","HO","PPT","SI5","WBH-HO-07-PPT-ME-SI5"
"20260802_005303","NWB_PARAMETERS AutoFill","MECHANICAL DUCTWORK LAYOUT - LEVEL 07 - ZONE 153","model","selection","smart","Both","skip-other-users","13970802","Duct Fittings","MHT-ME-DF-Rectangular Short Radius Bend - Flanged","","LEVEL 07","Supply Air","MHT-ME-DF-Rectangular Short Radius Bend - Flanged","NWB_UniclassDescription","Ductwork and fittings","Ductwork and fittings","Ductwork and fittings","SKIP","already-matches","instance","Shared Parameter","3045157","NWB_UniclassDescription","String","False","2","2","45","MDUC","Ductwork","Ductwork","connected:d4:13971900:Air Terminals","NWB-ARC-WBH-AR-MOD-0035","PPT.07.C16","Corridor","PPT","","","PPT","","","WBH","HO","PPT","SI5","WBH-HO-07-PPT-ME-SI5"
"20260802_005303","NWB_PARAMETERS AutoFill","MECHANICAL DUCTWORK LAYOUT - LEVEL 07 - ZONE 153","model","selection","smart","Both","skip-other-users","13970802","Duct Fittings","MHT-ME-DF-Rectangular Short Radius Bend - Flanged","","LEVEL 07","Supply Air","MHT-ME-DF-Rectangular Short Radius Bend - Flanged","NWB_UniclassDescription","Ductwork and fittings","Ductwork and fittings","Ductwork and fittings","SKIP","already-matches","instance","Shared Parameter","7626166","NWB_UniclassDescription","String","False","2","2","45","MDUC","Ductwork","Ductwork","connected:d4:13971900:Air Terminals","NWB-ARC-WBH-AR-MOD-0035","PPT.07.C16","Corridor","PPT","","","PPT","","","WBH","HO","PPT","SI5","WBH-HO-07-PPT-ME-SI5"
"20260802_005303","NWB_PARAMETERS AutoFill","MECHANICAL DUCTWORK LAYOUT - LEVEL 07 - ZONE 153","model","selection","smart","Both","skip-other-users","13970802","Duct Fittings","MHT-ME-DF-Rectangular Short Radius Bend - Flanged","","LEVEL 07","Supply Air","MHT-ME-DF-Rectangular Short Radius Bend - Flanged","NWB_DesignPkg","NWB-GEN-ME-SCM-1091-A","NWB-GEN-ME-SCM-1091-A","NWB-GEN-ME-SCM-1091-A","SKIP","already-matches","instance","Shared Parameter","3045158","NWB_DesignPkg","String","False","2","2","45","MDUC","Ductwork","Ductwork","connected:d4:13971900:Air Terminals","NWB-ARC-WBH-AR-MOD-0035","PPT.07.C16","Corridor","PPT","","","PPT","","","WBH","HO","PPT","SI5","WBH-HO-07-PPT-ME-SI5"
"20260802_005303","NWB_PARAMETERS AutoFill","MECHANICAL DUCTWORK LAYOUT - LEVEL 07 - ZONE 153","model","selection","smart","Both","skip-other-users","13970802","Duct Fittings","MHT-ME-DF-Rectangular Short Radius Bend - Flanged","","LEVEL 07","Supply Air","MHT-ME-DF-Rectangular Short Radius Bend - Flanged","NWB_DesignPkg","NWB-GEN-ME-SCM-1091-A","NWB-GEN-ME-SCM-1091-A","NWB-GEN-ME-SCM-1091-A","SKIP","already-matches","instance","Shared Parameter","7626167","NWB_DesignPkg","String","False","2","2","45","MDUC","Ductwork","Ductwork","connected:d4:13971900:Air Terminals","NWB-ARC-WBH-AR-MOD-0035","PPT.07.C16","Corridor","PPT","","","PPT","","","WBH","HO","PPT","SI5","WBH-HO-07-PPT-ME-SI5"
"20260802_005303","NWB_PARAMETERS AutoFill","MECHANICAL DUCTWORK LAYOUT - LEVEL 07 - ZONE 153","model","selection","smart","Both","skip-other-users","13970802","Duct Fittings","MHT-ME-DF-Rectangular Short Radius Bend - Flanged","","LEVEL 07","Supply Air","MHT-ME-DF-Rectangular Short Radius Bend - Flanged","NWB_BuildingPermitPkg","WBH - BP09","","","SKIP","missing","","","","NWB_BuildingPermitPkg","","","0","0","45","MDUC","Ductwork","Ductwork","connected:d4:13971900:Air Terminals","NWB-ARC-WBH-AR-MOD-0035","PPT.07.C16","Corridor","PPT","","","PPT","","","WBH","HO","PPT","SI5","WBH-HO-07-PPT-ME-SI5"
"20260802_005303","NWB_PARAMETERS AutoFill","MECHANICAL DUCTWORK LAYOUT - LEVEL 07 - ZONE 153","model","selection","smart","Both","skip-other-users","13970802","Duct Fittings","MHT-ME-DF-Rectangular Short Radius Bend - Flanged","","LEVEL 07","Supply Air","MHT-ME-DF-Rectangular Short Radius Bend - Flanged","NWB_WBS00","WBH","WBH","WBH","SKIP","already-matches","instance","Shared Parameter","9214738","NWB_WBS00","String","False","1","1","45","MDUC","Ductwork","Ductwork","connected:d4:13971900:Air Terminals","NWB-ARC-WBH-AR-MOD-0035","PPT.07.C16","Corridor","PPT","","","PPT","","","WBH","HO","PPT","SI5","WBH-HO-07-PPT-ME-SI5"
"20260802_005303","NWB_PARAMETERS AutoFill","MECHANICAL DUCTWORK LAYOUT - LEVEL 07 - ZONE 153","model","selection","smart","Both","skip-other-users","13970802","Duct Fittings","MHT-ME-DF-Rectangular Short Radius Bend - Flanged","","LEVEL 07","Supply Air","MHT-ME-DF-Rectangular Short Radius Bend - Flanged","NWB_WBS01","HO","HO","HO","SKIP","already-matches","instance","Shared Parameter","9214798","NWB_WBS01","String","False","1","1","45","MDUC","Ductwork","Ductwork","connected:d4:13971900:Air Terminals","NWB-ARC-WBH-AR-MOD-0035","PPT.07.C16","Corridor","PPT","","","PPT","","","WBH","HO","PPT","SI5","WBH-HO-07-PPT-ME-SI5"
"20260802_005303","NWB_PARAMETERS AutoFill","MECHANICAL DUCTWORK LAYOUT - LEVEL 07 - ZONE 153","model","selection","smart","Both","skip-other-users","13970802","Duct Fittings","MHT-ME-DF-Rectangular Short Radius Bend - Flanged","","LEVEL 07","Supply Air","MHT-ME-DF-Rectangular Short Radius Bend - Flanged","NWB_WBS02","07","07","07","SKIP","already-matches","instance","Shared Parameter","9214786","NWB_WBS02","String","False","1","1","45","MDUC","Ductwork","Ductwork","connected:d4:13971900:Air Terminals","NWB-ARC-WBH-AR-MOD-0035","PPT.07.C16","Corridor","PPT","","","PPT","","","WBH","HO","PPT","SI5","WBH-HO-07-PPT-ME-SI5"
"20260802_005303","NWB_PARAMETERS AutoFill","MECHANICAL DUCTWORK LAYOUT - LEVEL 07 - ZONE 153","model","selection","smart","Both","skip-other-users","13970802","Duct Fittings","MHT-ME-DF-Rectangular Short Radius Bend - Flanged","","LEVEL 07","Supply Air","MHT-ME-DF-Rectangular Short Radius Bend - Flanged","NWB_WBS04","ME","ME","ME","SKIP","already-matches","instance","Shared Parameter","9214762","NWB_WBS04","String","False","1","1","45","MDUC","Ductwork","Ductwork","connected:d4:13971900:Air Terminals","NWB-ARC-WBH-AR-MOD-0035","PPT.07.C16","Corridor","PPT","","","PPT","","","WBH","HO","PPT","SI5","WBH-HO-07-PPT-ME-SI5"
"20260802_005303","NWB_PARAMETERS AutoFill","MECHANICAL DUCTWORK LAYOUT - LEVEL 07 - ZONE 153","model","selection","smart","Both","skip-other-users","13970802","Duct Fittings","MHT-ME-DF-Rectangular Short Radius Bend - Flanged","","LEVEL 07","Supply Air","MHT-ME-DF-Rectangular Short Radius Bend - Flanged","NWB_WBS05","SI5","SI5","SI5","SKIP","already-matches","instance","Shared Parameter","9214810","NWB_WBS05","String","False","1","1","45","MDUC","Ductwork","Ductwork","connected:d4:13971900:Air Terminals","NWB-ARC-WBH-AR-MOD-0035","PPT.07.C16","Corridor","PPT","","","PPT","","","WBH","HO","PPT","SI5","WBH-HO-07-PPT-ME-SI5"
"20260802_005303","NWB_PARAMETERS AutoFill","MECHANICAL DUCTWORK LAYOUT - LEVEL 07 - ZONE 153","model","selection","smart","Both","skip-other-users","13971477","Duct Fittings","MHT-ME-DF-Rectangular Short Radius Bend - Flanged","","LEVEL 07","Return Air","MHT-ME-DF-Rectangular Short Radius Bend - Flanged","NWB_AssetTypeCode","MDUC","MDUC","MDUC","SKIP","already-matches","instance","Shared Parameter","3045149","NWB_AssetTypeCode","String","False","2","2","45","MDUC","Ductwork","Ductwork","connected-miss:d4:visited18","","","","","","","","","","WBH","HO","Z00","SI5","WBH-HO-07-Z00-ME-SI5"
"20260802_005303","NWB_PARAMETERS AutoFill","MECHANICAL DUCTWORK LAYOUT - LEVEL 07 - ZONE 153","model","selection","smart","Both","skip-other-users","13971477","Duct Fittings","MHT-ME-DF-Rectangular Short Radius Bend - Flanged","","LEVEL 07","Return Air","MHT-ME-DF-Rectangular Short Radius Bend - Flanged","NWB_AssetTypeCode","MDUC","MDUC","MDUC","SKIP","already-matches","instance","Shared Parameter","7626182","NWB_AssetTypeCode","String","False","2","2","45","MDUC","Ductwork","Ductwork","connected-miss:d4:visited18","","","","","","","","","","WBH","HO","Z00","SI5","WBH-HO-07-Z00-ME-SI5"
"20260802_005303","NWB_PARAMETERS AutoFill","MECHANICAL DUCTWORK LAYOUT - LEVEL 07 - ZONE 153","model","selection","smart","Both","skip-other-users","13971477","Duct Fittings","MHT-ME-DF-Rectangular Short Radius Bend - Flanged","","LEVEL 07","Return Air","MHT-ME-DF-Rectangular Short Radius Bend - Flanged","NWB_AssetType","Ductwork","Ductwork","Ductwork","SKIP","already-matches","instance","Shared Parameter","3045150","NWB_AssetType","String","False","2","2","45","MDUC","Ductwork","Ductwork","connected-miss:d4:visited18","","","","","","","","","","WBH","HO","Z00","SI5","WBH-HO-07-Z00-ME-SI5"
"20260802_005303","NWB_PARAMETERS AutoFill","MECHANICAL DUCTWORK LAYOUT - LEVEL 07 - ZONE 153","model","selection","smart","Both","skip-other-users","13971477","Duct Fittings","MHT-ME-DF-Rectangular Short Radius Bend - Flanged","","LEVEL 07","Return Air","MHT-ME-DF-Rectangular Short Radius Bend - Flanged","NWB_AssetType","Ductwork","Ductwork","Ductwork","SKIP","already-matches","instance","Shared Parameter","7626181","NWB_AssetType","String","False","2","2","45","MDUC","Ductwork","Ductwork","connected-miss:d4:visited18","","","","","","","","","","WBH","HO","Z00","SI5","WBH-HO-07-Z00-ME-SI5"
"20260802_005303","NWB_PARAMETERS AutoFill","MECHANICAL DUCTWORK LAYOUT - LEVEL 07 - ZONE 153","model","selection","smart","Both","skip-other-users","13971477","Duct Fittings","MHT-ME-DF-Rectangular Short Radius Bend - Flanged","","LEVEL 07","Return Air","MHT-ME-DF-Rectangular Short Radius Bend - Flanged","NWB_Discipline","ME","ME","ME","SKIP","already-matches","instance","Shared Parameter","3045151","NWB_Discipline","String","False","2","2","45","MDUC","Ductwork","Ductwork","connected-miss:d4:visited18","","","","","","","","","","WBH","HO","Z00","SI5","WBH-HO-07-Z00-ME-SI5"
"20260802_005303","NWB_PARAMETERS AutoFill","MECHANICAL DUCTWORK LAYOUT - LEVEL 07 - ZONE 153","model","selection","smart","Both","skip-other-users","13971477","Duct Fittings","MHT-ME-DF-Rectangular Short Radius Bend - Flanged","","LEVEL 07","Return Air","MHT-ME-DF-Rectangular Short Radius Bend - Flanged","NWB_Discipline","ME","ME","ME","SKIP","already-matches","instance","Shared Parameter","7626159","NWB_Discipline","String","False","2","2","45","MDUC","Ductwork","Ductwork","connected-miss:d4:visited18","","","","","","","","","","WBH","HO","Z00","SI5","WBH-HO-07-Z00-ME-SI5"
"20260802_005303","NWB_PARAMETERS AutoFill","MECHANICAL DUCTWORK LAYOUT - LEVEL 07 - ZONE 153","model","selection","smart","Both","skip-other-users","13971477","Duct Fittings","MHT-ME-DF-Rectangular Short Radius Bend - Flanged","","LEVEL 07","Return Air","MHT-ME-DF-Rectangular Short Radius Bend - Flanged","NWB_Category","Ductwork","Ductwork","Ductwork","SKIP","already-matches","instance","Shared Parameter","3045152","NWB_Category","String","False","2","2","45","MDUC","Ductwork","Ductwork","connected-miss:d4:visited18","","","","","","","","","","WBH","HO","Z00","SI5","WBH-HO-07-Z00-ME-SI5"
"20260802_005303","NWB_PARAMETERS AutoFill","MECHANICAL DUCTWORK LAYOUT - LEVEL 07 - ZONE 153","model","selection","smart","Both","skip-other-users","13971477","Duct Fittings","MHT-ME-DF-Rectangular Short Radius Bend - Flanged","","LEVEL 07","Return Air","MHT-ME-DF-Rectangular Short Radius Bend - Flanged","NWB_Category","Ductwork","Ductwork","Ductwork","SKIP","already-matches","instance","Shared Parameter","7626160","NWB_Category","String","False","2","2","45","MDUC","Ductwork","Ductwork","connected-miss:d4:visited18","","","","","","","","","","WBH","HO","Z00","SI5","WBH-HO-07-Z00-ME-SI5"
"20260802_005303","NWB_PARAMETERS AutoFill","MECHANICAL DUCTWORK LAYOUT - LEVEL 07 - ZONE 153","model","selection","smart","Both","skip-other-users","13971477","Duct Fittings","MHT-ME-DF-Rectangular Short Radius Bend - Flanged","","LEVEL 07","Return Air","MHT-ME-DF-Rectangular Short Radius Bend - Flanged","NWB_Department","","","","SKIP","linked/direct room department unavailable (connected-miss:d4:visited18)","","","","NWB_Department","","","","","45","MDUC","Ductwork","Ductwork","connected-miss:d4:visited18","","","","","","","","","","WBH","HO","Z00","SI5","WBH-HO-07-Z00-ME-SI5"
"20260802_005303","NWB_PARAMETERS AutoFill","MECHANICAL DUCTWORK LAYOUT - LEVEL 07 - ZONE 153","model","selection","smart","Both","skip-other-users","13971477","Duct Fittings","MHT-ME-DF-Rectangular Short Radius Bend - Flanged","","LEVEL 07","Return Air","MHT-ME-DF-Rectangular Short Radius Bend - Flanged","NWB_Material","","","","SKIP","workbook material blank and model material missing","","","","NWB_Material","","","","","45","MDUC","Ductwork","Ductwork","connected-miss:d4:visited18","","","","","","","","","","WBH","HO","Z00","SI5","WBH-HO-07-Z00-ME-SI5"
"20260802_005303","NWB_PARAMETERS AutoFill","MECHANICAL DUCTWORK LAYOUT - LEVEL 07 - ZONE 153","model","selection","smart","Both","skip-other-users","13971477","Duct Fittings","MHT-ME-DF-Rectangular Short Radius Bend - Flanged","","LEVEL 07","Return Air","MHT-ME-DF-Rectangular Short Radius Bend - Flanged","NWB_System","Return Air","Return Air","Return Air","SKIP","already-matches","instance","Shared Parameter","3045155","NWB_System","String","False","2","2","45","MDUC","Ductwork","Ductwork","connected-miss:d4:visited18","","","","","","","","","","WBH","HO","Z00","SI5","WBH-HO-07-Z00-ME-SI5"
"20260802_005303","NWB_PARAMETERS AutoFill","MECHANICAL DUCTWORK LAYOUT - LEVEL 07 - ZONE 153","model","selection","smart","Both","skip-other-users","13971477","Duct Fittings","MHT-ME-DF-Rectangular Short Radius Bend - Flanged","","LEVEL 07","Return Air","MHT-ME-DF-Rectangular Short Radius Bend - Flanged","NWB_System","Return Air","Return Air","Return Air","SKIP","already-matches","instance","Shared Parameter","7626163","NWB_System","String","False","2","2","45","MDUC","Ductwork","Ductwork","connected-miss:d4:visited18","","","","","","","","","","WBH","HO","Z00","SI5","WBH-HO-07-Z00-ME-SI5"
"20260802_005303","NWB_PARAMETERS AutoFill","MECHANICAL DUCTWORK LAYOUT - LEVEL 07 - ZONE 153","model","selection","smart","Both","skip-other-users","13971477","Duct Fittings","MHT-ME-DF-Rectangular Short Radius Bend - Flanged","","LEVEL 07","Return Air","MHT-ME-DF-Rectangular Short Radius Bend - Flanged","NWB_UniclassCode","Pr_65_65_25","Pr_65_65_25","Pr_65_65_25","SKIP","already-matches","instance","Shared Parameter","3045156","NWB_UniclassCode","String","False","2","2","45","MDUC","Ductwork","Ductwork","connected-miss:d4:visited18","","","","","","","","","","WBH","HO","Z00","SI5","WBH-HO-07-Z00-ME-SI5"
"20260802_005303","NWB_PARAMETERS AutoFill","MECHANICAL DUCTWORK LAYOUT - LEVEL 07 - ZONE 153","model","selection","smart","Both","skip-other-users","13971477","Duct Fittings","MHT-ME-DF-Rectangular Short Radius Bend - Flanged","","LEVEL 07","Return Air","MHT-ME-DF-Rectangular Short Radius Bend - Flanged","NWB_UniclassCode","Pr_65_65_25","Pr_65_65_25","Pr_65_65_25","SKIP","already-matches","instance","Shared Parameter","7626165","NWB_UniclassCode","String","False","2","2","45","MDUC","Ductwork","Ductwork","connected-miss:d4:visited18","","","","","","","","","","WBH","HO","Z00","SI5","WBH-HO-07-Z00-ME-SI5"
"20260802_005303","NWB_PARAMETERS AutoFill","MECHANICAL DUCTWORK LAYOUT - LEVEL 07 - ZONE 153","model","selection","smart","Both","skip-other-users","13971477","Duct Fittings","MHT-ME-DF-Rectangular Short Radius Bend - Flanged","","LEVEL 07","Return Air","MHT-ME-DF-Rectangular Short Radius Bend - Flanged","NWB_UniclassDescription","Ductwork and fittings","Ductwork and fittings","Ductwork and fittings","SKIP","already-matches","instance","Shared Parameter","3045157","NWB_UniclassDescription","String","False","2","2","45","MDUC","Ductwork","Ductwork","connected-miss:d4:visited18","","","","","","","","","","WBH","HO","Z00","SI5","WBH-HO-07-Z00-ME-SI5"
"20260802_005303","NWB_PARAMETERS AutoFill","MECHANICAL DUCTWORK LAYOUT - LEVEL 07 - ZONE 153","model","selection","smart","Both","skip-other-users","13971477","Duct Fittings","MHT-ME-DF-Rectangular Short Radius Bend - Flanged","","LEVEL 07","Return Air","MHT-ME-DF-Rectangular Short Radius Bend - Flanged","NWB_UniclassDescription","Ductwork and fittings","Ductwork and fittings","Ductwork and fittings","SKIP","already-matches","instance","Shared Parameter","7626166","NWB_UniclassDescription","String","False","2","2","45","MDUC","Ductwork","Ductwork","connected-miss:d4:visited18","","","","","","","","","","WBH","HO","Z00","SI5","WBH-HO-07-Z00-ME-SI5"
"20260802_005303","NWB_PARAMETERS AutoFill","MECHANICAL DUCTWORK LAYOUT - LEVEL 07 - ZONE 153","model","selection","smart","Both","skip-other-users","13971477","Duct Fittings","MHT-ME-DF-Rectangular Short Radius Bend - Flanged","","LEVEL 07","Return Air","MHT-ME-DF-Rectangular Short Radius Bend - Flanged","NWB_DesignPkg","NWB-GEN-ME-SCM-1091-A","NWB-GEN-ME-SCM-1091-A","NWB-GEN-ME-SCM-1091-A","SKIP","already-matches","instance","Shared Parameter","3045158","NWB_DesignPkg","String","False","2","2","45","MDUC","Ductwork","Ductwork","connected-miss:d4:visited18","","","","","","","","","","WBH","HO","Z00","SI5","WBH-HO-07-Z00-ME-SI5"
"20260802_005303","NWB_PARAMETERS AutoFill","MECHANICAL DUCTWORK LAYOUT - LEVEL 07 - ZONE 153","model","selection","smart","Both","skip-other-users","13971477","Duct Fittings","MHT-ME-DF-Rectangular Short Radius Bend - Flanged","","LEVEL 07","Return Air","MHT-ME-DF-Rectangular Short Radius Bend - Flanged","NWB_DesignPkg","NWB-GEN-ME-SCM-1091-A","NWB-GEN-ME-SCM-1091-A","NWB-GEN-ME-SCM-1091-A","SKIP","already-matches","instance","Shared Parameter","7626167","NWB_DesignPkg","String","False","2","2","45","MDUC","Ductwork","Ductwork","connected-miss:d4:visited18","","","","","","","","","","WBH","HO","Z00","SI5","WBH-HO-07-Z00-ME-SI5"
"20260802_005303","NWB_PARAMETERS AutoFill","MECHANICAL DUCTWORK LAYOUT - LEVEL 07 - ZONE 153","model","selection","smart","Both","skip-other-users","13971477","Duct Fittings","MHT-ME-DF-Rectangular Short Radius Bend - Flanged","","LEVEL 07","Return Air","MHT-ME-DF-Rectangular Short Radius Bend - Flanged","NWB_BuildingPermitPkg","WBH - BP09","","","SKIP","missing","","","","NWB_BuildingPermitPkg","","","0","0","45","MDUC","Ductwork","Ductwork","connected-miss:d4:visited18","","","","","","","","","","WBH","HO","Z00","SI5","WBH-HO-07-Z00-ME-SI5"
"20260802_005303","NWB_PARAMETERS AutoFill","MECHANICAL DUCTWORK LAYOUT - LEVEL 07 - ZONE 153","model","selection","smart","Both","skip-other-users","13971477","Duct Fittings","MHT-ME-DF-Rectangular Short Radius Bend - Flanged","","LEVEL 07","Return Air","MHT-ME-DF-Rectangular Short Radius Bend - Flanged","NWB_WBS00","WBH","WBH","WBH","SKIP","already-matches","instance","Shared Parameter","9214738","NWB_WBS00","String","False","1","1","45","MDUC","Ductwork","Ductwork","connected-miss:d4:visited18","","","","","","","","","","WBH","HO","Z00","SI5","WBH-HO-07-Z00-ME-SI5"
"20260802_005303","NWB_PARAMETERS AutoFill","MECHANICAL DUCTWORK LAYOUT - LEVEL 07 - ZONE 153","model","selection","smart","Both","skip-other-users","13971477","Duct Fittings","MHT-ME-DF-Rectangular Short Radius Bend - Flanged","","LEVEL 07","Return Air","MHT-ME-DF-Rectangular Short Radius Bend - Flanged","NWB_WBS01","HO","HO","HO","SKIP","already-matches","instance","Shared Parameter","9214798","NWB_WBS01","String","False","1","1","45","MDUC","Ductwork","Ductwork","connected-miss:d4:visited18","","","","","","","","","","WBH","HO","Z00","SI5","WBH-HO-07-Z00-ME-SI5"
"20260802_005303","NWB_PARAMETERS AutoFill","MECHANICAL DUCTWORK LAYOUT - LEVEL 07 - ZONE 153","model","selection","smart","Both","skip-other-users","13971477","Duct Fittings","MHT-ME-DF-Rectangular Short Radius Bend - Flanged","","LEVEL 07","Return Air","MHT-ME-DF-Rectangular Short Radius Bend - Flanged","NWB_WBS02","07","07","07","SKIP","already-matches","instance","Shared Parameter","9214786","NWB_WBS02","String","False","1","1","45","MDUC","Ductwork","Ductwork","connected-miss:d4:visited18","","","","","","","","","","WBH","HO","Z00","SI5","WBH-HO-07-Z00-ME-SI5"
"20260802_005303","NWB_PARAMETERS AutoFill","MECHANICAL DUCTWORK LAYOUT - LEVEL 07 - ZONE 153","model","selection","smart","Both","skip-other-users","13971477","Duct Fittings","MHT-ME-DF-Rectangular Short Radius Bend - Flanged","","LEVEL 07","Return Air","MHT-ME-DF-Rectangular Short Radius Bend - Flanged","NWB_WBS03","Z00","Z00","Z00","SKIP","already-matches","instance","Shared Parameter","9214750","NWB_WBS03","String","False","1","1","45","MDUC","Ductwork","Ductwork","connected-miss:d4:visited18","","","","","","","","","","WBH","HO","Z00","SI5","WBH-HO-07-Z00-ME-SI5"
"20260802_005303","NWB_PARAMETERS AutoFill","MECHANICAL DUCTWORK LAYOUT - LEVEL 07 - ZONE 153","model","selection","smart","Both","skip-other-users","13971477","Duct Fittings","MHT-ME-DF-Rectangular Short Radius Bend - Flanged","","LEVEL 07","Return Air","MHT-ME-DF-Rectangular Short Radius Bend - Flanged","NWB_WBS04","ME","ME","ME","SKIP","already-matches","instance","Shared Parameter","9214762","NWB_WBS04","String","False","1","1","45","MDUC","Ductwork","Ductwork","connected-miss:d4:visited18","","","","","","","","","","WBH","HO","Z00","SI5","WBH-HO-07-Z00-ME-SI5"
"20260802_005303","NWB_PARAMETERS AutoFill","MECHANICAL DUCTWORK LAYOUT - LEVEL 07 - ZONE 153","model","selection","smart","Both","skip-other-users","13971477","Duct Fittings","MHT-ME-DF-Rectangular Short Radius Bend - Flanged","","LEVEL 07","Return Air","MHT-ME-DF-Rectangular Short Radius Bend - Flanged","NWB_WBS05","SI5","SI5","SI5","SKIP","already-matches","instance","Shared Parameter","9214810","NWB_WBS05","String","False","1","1","45","MDUC","Ductwork","Ductwork","connected-miss:d4:visited18","","","","","","","","","","WBH","HO","Z00","SI5","WBH-HO-07-Z00-ME-SI5"
"20260802_005303","NWB_PARAMETERS AutoFill","MECHANICAL DUCTWORK LAYOUT - LEVEL 07 - ZONE 153","model","selection","smart","Both","skip-other-users","13971477","Duct Fittings","MHT-ME-DF-Rectangular Short Radius Bend - Flanged","","LEVEL 07","Return Air","MHT-ME-DF-Rectangular Short Radius Bend - Flanged","NWB_WBSCode","WBH-HO-07-Z00-ME-SI5","WBH-HO-07-Z00-ME-SI5","WBH-HO-07-Z00-ME-SI5","SKIP","already-matches","instance","Shared Parameter","9214774","NWB_WBSCode","String","False","1","1","45","MDUC","Ductwork","Ductwork","connected-miss:d4:visited18","","","","","","","","","","WBH","HO","Z00","SI5","WBH-HO-07-Z00-ME-SI5"
"20260802_005303","NWB_PARAMETERS AutoFill","MECHANICAL DUCTWORK LAYOUT - LEVEL 07 - ZONE 153","model","selection","smart","Both","skip-other-users","13996885","Duct Accessories","MHT-ME-Fire Damper-02","","LEVEL 07","Return Air","MHT-ME-FAM-FAM-Fire Damper","NWB_AssetTypeCode","MDUC","MDUC","MDUC","SKIP","already-matches","instance","Shared Parameter","7626182","NWB_AssetTypeCode","String","False","1","1","37","MDUC","Ductwork","Ductwork","connected-miss:d4:visited15","","","","","","","PPT","","","WBH","HO","PPT","SI5","WBH-HO-07-PPT-ME-SI5"
"20260802_005303","NWB_PARAMETERS AutoFill","MECHANICAL DUCTWORK LAYOUT - LEVEL 07 - ZONE 153","model","selection","smart","Both","skip-other-users","13996885","Duct Accessories","MHT-ME-Fire Damper-02","","LEVEL 07","Return Air","MHT-ME-FAM-FAM-Fire Damper","NWB_AssetType","Ductwork","Ductwork","Ductwork","SKIP","already-matches","instance","Shared Parameter","7626181","NWB_AssetType","String","False","1","1","37","MDUC","Ductwork","Ductwork","connected-miss:d4:visited15","","","","","","","PPT","","","WBH","HO","PPT","SI5","WBH-HO-07-PPT-ME-SI5"
"20260802_005303","NWB_PARAMETERS AutoFill","MECHANICAL DUCTWORK LAYOUT - LEVEL 07 - ZONE 153","model","selection","smart","Both","skip-other-users","13996885","Duct Accessories","MHT-ME-Fire Damper-02","","LEVEL 07","Return Air","MHT-ME-FAM-FAM-Fire Damper","NWB_Discipline","ME","ME","ME","SKIP","already-matches","instance","Shared Parameter","7626159","NWB_Discipline","String","False","1","1","37","MDUC","Ductwork","Ductwork","connected-miss:d4:visited15","","","","","","","PPT","","","WBH","HO","PPT","SI5","WBH-HO-07-PPT-ME-SI5"
"20260802_005303","NWB_PARAMETERS AutoFill","MECHANICAL DUCTWORK LAYOUT - LEVEL 07 - ZONE 153","model","selection","smart","Both","skip-other-users","13996885","Duct Accessories","MHT-ME-Fire Damper-02","","LEVEL 07","Return Air","MHT-ME-FAM-FAM-Fire Damper","NWB_Category","Ductwork","Ductwork","Ductwork","SKIP","already-matches","instance","Shared Parameter","7626160","NWB_Category","String","False","1","1","37","MDUC","Ductwork","Ductwork","connected-miss:d4:visited15","","","","","","","PPT","","","WBH","HO","PPT","SI5","WBH-HO-07-PPT-ME-SI5"
"20260802_005303","NWB_PARAMETERS AutoFill","MECHANICAL DUCTWORK LAYOUT - LEVEL 07 - ZONE 153","model","selection","smart","Both","skip-other-users","13996885","Duct Accessories","MHT-ME-Fire Damper-02","","LEVEL 07","Return Air","MHT-ME-FAM-FAM-Fire Damper","NWB_Department","PPT","PPT","PPT","SKIP","already-matches","instance","Shared Parameter","7626168","NWB_Department","String","False","1","1","37","MDUC","Ductwork","Ductwork","connected-miss:d4:visited15","","","","","","","PPT","","","WBH","HO","PPT","SI5","WBH-HO-07-PPT-ME-SI5"
"20260802_005303","NWB_PARAMETERS AutoFill","MECHANICAL DUCTWORK LAYOUT - LEVEL 07 - ZONE 153","model","selection","smart","Both","skip-other-users","13996885","Duct Accessories","MHT-ME-Fire Damper-02","","LEVEL 07","Return Air","MHT-ME-FAM-FAM-Fire Damper","NWB_Material","","","","SKIP","workbook material blank and model material missing","","","","NWB_Material","","","","","37","MDUC","Ductwork","Ductwork","connected-miss:d4:visited15","","","","","","","PPT","","","WBH","HO","PPT","SI5","WBH-HO-07-PPT-ME-SI5"
"20260802_005303","NWB_PARAMETERS AutoFill","MECHANICAL DUCTWORK LAYOUT - LEVEL 07 - ZONE 153","model","selection","smart","Both","skip-other-users","13996885","Duct Accessories","MHT-ME-Fire Damper-02","","LEVEL 07","Return Air","MHT-ME-FAM-FAM-Fire Damper","NWB_System","Return Air","Return Air","Return Air","SKIP","already-matches","instance","Shared Parameter","7626163","NWB_System","String","False","1","1","37","MDUC","Ductwork","Ductwork","connected-miss:d4:visited15","","","","","","","PPT","","","WBH","HO","PPT","SI5","WBH-HO-07-PPT-ME-SI5"
"20260802_005303","NWB_PARAMETERS AutoFill","MECHANICAL DUCTWORK LAYOUT - LEVEL 07 - ZONE 153","model","selection","smart","Both","skip-other-users","13996885","Duct Accessories","MHT-ME-Fire Damper-02","","LEVEL 07","Return Air","MHT-ME-FAM-FAM-Fire Damper","NWB_UniclassCode","Pr_65_65_25","Pr_65_65_25","Pr_65_65_25","SKIP","already-matches","instance","Shared Parameter","7626165","NWB_UniclassCode","String","False","1","1","37","MDUC","Ductwork","Ductwork","connected-miss:d4:visited15","","","","","","","PPT","","","WBH","HO","PPT","SI5","WBH-HO-07-PPT-ME-SI5"
"20260802_005303","NWB_PARAMETERS AutoFill","MECHANICAL DUCTWORK LAYOUT - LEVEL 07 - ZONE 153","model","selection","smart","Both","skip-other-users","13996885","Duct Accessories","MHT-ME-Fire Damper-02","","LEVEL 07","Return Air","MHT-ME-FAM-FAM-Fire Damper","NWB_UniclassDescription","Ductwork and fittings","Ductwork and fittings","Ductwork and fittings","SKIP","already-matches","instance","Shared Parameter","7626166","NWB_UniclassDescription","String","False","1","1","37","MDUC","Ductwork","Ductwork","connected-miss:d4:visited15","","","","","","","PPT","","","WBH","HO","PPT","SI5","WBH-HO-07-PPT-ME-SI5"
"20260802_005303","NWB_PARAMETERS AutoFill","MECHANICAL DUCTWORK LAYOUT - LEVEL 07 - ZONE 153","model","selection","smart","Both","skip-other-users","13996885","Duct Accessories","MHT-ME-Fire Damper-02","","LEVEL 07","Return Air","MHT-ME-FAM-FAM-Fire Damper","NWB_DesignPkg","NWB-GEN-ME-SCM-1091-A","NWB-GEN-ME-SCM-1091-A","NWB-GEN-ME-SCM-1091-A","SKIP","already-matches","instance","Shared Parameter","7626167","NWB_DesignPkg","String","False","1","1","37","MDUC","Ductwork","Ductwork","connected-miss:d4:visited15","","","","","","","PPT","","","WBH","HO","PPT","SI5","WBH-HO-07-PPT-ME-SI5"
"20260802_005303","NWB_PARAMETERS AutoFill","MECHANICAL DUCTWORK LAYOUT - LEVEL 07 - ZONE 153","model","selection","smart","Both","skip-other-users","13996885","Duct Accessories","MHT-ME-Fire Damper-02","","LEVEL 07","Return Air","MHT-ME-FAM-FAM-Fire Damper","NWB_BuildingPermitPkg","WBH - BP09","","","SKIP","missing","","","","NWB_BuildingPermitPkg","","","0","0","37","MDUC","Ductwork","Ductwork","connected-miss:d4:visited15","","","","","","","PPT","","","WBH","HO","PPT","SI5","WBH-HO-07-PPT-ME-SI5"
"20260802_005303","NWB_PARAMETERS AutoFill","MECHANICAL DUCTWORK LAYOUT - LEVEL 07 - ZONE 153","model","selection","smart","Both","skip-other-users","13996885","Duct Accessories","MHT-ME-Fire Damper-02","","LEVEL 07","Return Air","MHT-ME-FAM-FAM-Fire Damper","NWB_WBS00","WBH","WBH","WBH","SKIP","already-matches","instance","Shared Parameter","9214738","NWB_WBS00","String","False","1","1","37","MDUC","Ductwork","Ductwork","connected-miss:d4:visited15","","","","","","","PPT","","","WBH","HO","PPT","SI5","WBH-HO-07-PPT-ME-SI5"
"20260802_005303","NWB_PARAMETERS AutoFill","MECHANICAL DUCTWORK LAYOUT - LEVEL 07 - ZONE 153","model","selection","smart","Both","skip-other-users","13996885","Duct Accessories","MHT-ME-Fire Damper-02","","LEVEL 07","Return Air","MHT-ME-FAM-FAM-Fire Damper","NWB_WBS01","HO","HO","HO","SKIP","already-matches","instance","Shared Parameter","9214798","NWB_WBS01","String","False","1","1","37","MDUC","Ductwork","Ductwork","connected-miss:d4:visited15","","","","","","","PPT","","","WBH","HO","PPT","SI5","WBH-HO-07-PPT-ME-SI5"
"20260802_005303","NWB_PARAMETERS AutoFill","MECHANICAL DUCTWORK LAYOUT - LEVEL 07 - ZONE 153","model","selection","smart","Both","skip-other-users","13996885","Duct Accessories","MHT-ME-Fire Damper-02","","LEVEL 07","Return Air","MHT-ME-FAM-FAM-Fire Damper","NWB_WBS02","07","07","07","SKIP","already-matches","instance","Shared Parameter","9214786","NWB_WBS02","String","False","1","1","37","MDUC","Ductwork","Ductwork","connected-miss:d4:visited15","","","","","","","PPT","","","WBH","HO","PPT","SI5","WBH-HO-07-PPT-ME-SI5"
"20260802_005303","NWB_PARAMETERS AutoFill","MECHANICAL DUCTWORK LAYOUT - LEVEL 07 - ZONE 153","model","selection","smart","Both","skip-other-users","13996885","Duct Accessories","MHT-ME-Fire Damper-02","","LEVEL 07","Return Air","MHT-ME-FAM-FAM-Fire Damper","NWB_WBS03","PPT","PPT","PPT","SKIP","already-matches","instance","Shared Parameter","9214750","NWB_WBS03","String","False","1","1","37","MDUC","Ductwork","Ductwork","connected-miss:d4:visited15","","","","","","","PPT","","","WBH","HO","PPT","SI5","WBH-HO-07-PPT-ME-SI5"
"20260802_005303","NWB_PARAMETERS AutoFill","MECHANICAL DUCTWORK LAYOUT - LEVEL 07 - ZONE 153","model","selection","smart","Both","skip-other-users","13996885","Duct Accessories","MHT-ME-Fire Damper-02","","LEVEL 07","Return Air","MHT-ME-FAM-FAM-Fire Damper","NWB_WBS04","ME","ME","ME","SKIP","already-matches","instance","Shared Parameter","9214762","NWB_WBS04","String","False","1","1","37","MDUC","Ductwork","Ductwork","connected-miss:d4:visited15","","","","","","","PPT","","","WBH","HO","PPT","SI5","WBH-HO-07-PPT-ME-SI5"
"20260802_005303","NWB_PARAMETERS AutoFill","MECHANICAL DUCTWORK LAYOUT - LEVEL 07 - ZONE 153","model","selection","smart","Both","skip-other-users","13996885","Duct Accessories","MHT-ME-Fire Damper-02","","LEVEL 07","Return Air","MHT-ME-FAM-FAM-Fire Damper","NWB_WBS05","SI5","SI5","SI5","SKIP","already-matches","instance","Shared Parameter","9214810","NWB_WBS05","String","False","1","1","37","MDUC","Ductwork","Ductwork","connected-miss:d4:visited15","","","","","","","PPT","","","WBH","HO","PPT","SI5","WBH-HO-07-PPT-ME-SI5"
"20260802_005303","NWB_PARAMETERS AutoFill","MECHANICAL DUCTWORK LAYOUT - LEVEL 07 - ZONE 153","model","selection","smart","Both","skip-other-users","13996885","Duct Accessories","MHT-ME-Fire Damper-02","","LEVEL 07","Return Air","MHT-ME-FAM-FAM-Fire Damper","NWB_WBSCode","WBH-HO-07-PPT-ME-SI5","WBH-HO-07-PPT-ME-SI5","WBH-HO-07-PPT-ME-SI5","SKIP","already-matches","instance","Shared Parameter","9214774","NWB_WBSCode","String","False","1","1","37","MDUC","Ductwork","Ductwork","connected-miss:d4:visited15","","","","","","","PPT","","","WBH","HO","PPT","SI5","WBH-HO-07-PPT-ME-SI5"
"20260802_005303","NWB_PARAMETERS AutoFill","MECHANICAL DUCTWORK LAYOUT - LEVEL 07 - ZONE 153","model","selection","smart","Both","skip-other-users","13996888","Ducts","Rectangular Duct","","LEVEL 07","Return Air","Flanged Long Radius Elbows / Shoe Branch","NWB_AssetTypeCode","MDUC","MDUC","MDUC","SKIP","already-matches","instance","Shared Parameter","7626182","NWB_AssetTypeCode","String","False","1","1","45","MDUC","Ductwork","Ductwork","connected-miss:d4:visited15","","","","","","","PPT","","","WBH","HO","PPT","SI5","WBH-HO-07-PPT-ME-SI5"
"20260802_005303","NWB_PARAMETERS AutoFill","MECHANICAL DUCTWORK LAYOUT - LEVEL 07 - ZONE 153","model","selection","smart","Both","skip-other-users","13996888","Ducts","Rectangular Duct","","LEVEL 07","Return Air","Flanged Long Radius Elbows / Shoe Branch","NWB_AssetType","Ductwork","Ductwork","Ductwork","SKIP","already-matches","instance","Shared Parameter","7626181","NWB_AssetType","String","False","1","1","45","MDUC","Ductwork","Ductwork","connected-miss:d4:visited15","","","","","","","PPT","","","WBH","HO","PPT","SI5","WBH-HO-07-PPT-ME-SI5"
"20260802_005303","NWB_PARAMETERS AutoFill","MECHANICAL DUCTWORK LAYOUT - LEVEL 07 - ZONE 153","model","selection","smart","Both","skip-other-users","13996888","Ducts","Rectangular Duct","","LEVEL 07","Return Air","Flanged Long Radius Elbows / Shoe Branch","NWB_Discipline","ME","ME","ME","SKIP","already-matches","instance","Shared Parameter","7626159","NWB_Discipline","String","False","1","1","45","MDUC","Ductwork","Ductwork","connected-miss:d4:visited15","","","","","","","PPT","","","WBH","HO","PPT","SI5","WBH-HO-07-PPT-ME-SI5"
"20260802_005303","NWB_PARAMETERS AutoFill","MECHANICAL DUCTWORK LAYOUT - LEVEL 07 - ZONE 153","model","selection","smart","Both","skip-other-users","13996888","Ducts","Rectangular Duct","","LEVEL 07","Return Air","Flanged Long Radius Elbows / Shoe Branch","NWB_Category","Ductwork","Ductwork","Ductwork","SKIP","already-matches","instance","Shared Parameter","7626160","NWB_Category","String","False","1","1","45","MDUC","Ductwork","Ductwork","connected-miss:d4:visited15","","","","","","","PPT","","","WBH","HO","PPT","SI5","WBH-HO-07-PPT-ME-SI5"
"20260802_005303","NWB_PARAMETERS AutoFill","MECHANICAL DUCTWORK LAYOUT - LEVEL 07 - ZONE 153","model","selection","smart","Both","skip-other-users","13996888","Ducts","Rectangular Duct","","LEVEL 07","Return Air","Flanged Long Radius Elbows / Shoe Branch","NWB_Department","PPT","PPT","PPT","SKIP","already-matches","instance","Shared Parameter","7626168","NWB_Department","String","False","1","1","45","MDUC","Ductwork","Ductwork","connected-miss:d4:visited15","","","","","","","PPT","","","WBH","HO","PPT","SI5","WBH-HO-07-PPT-ME-SI5"
"20260802_005303","NWB_PARAMETERS AutoFill","MECHANICAL DUCTWORK LAYOUT - LEVEL 07 - ZONE 153","model","selection","smart","Both","skip-other-users","13996888","Ducts","Rectangular Duct","","LEVEL 07","Return Air","Flanged Long Radius Elbows / Shoe Branch","NWB_Material","","","","SKIP","workbook material blank and model material missing","","","","NWB_Material","","","","","45","MDUC","Ductwork","Ductwork","connected-miss:d4:visited15","","","","","","","PPT","","","WBH","HO","PPT","SI5","WBH-HO-07-PPT-ME-SI5"
"20260802_005303","NWB_PARAMETERS AutoFill","MECHANICAL DUCTWORK LAYOUT - LEVEL 07 - ZONE 153","model","selection","smart","Both","skip-other-users","13996888","Ducts","Rectangular Duct","","LEVEL 07","Return Air","Flanged Long Radius Elbows / Shoe Branch","NWB_System","Return Air","Return Air","Return Air","SKIP","already-matches","instance","Shared Parameter","7626163","NWB_System","String","False","1","1","45","MDUC","Ductwork","Ductwork","connected-miss:d4:visited15","","","","","","","PPT","","","WBH","HO","PPT","SI5","WBH-HO-07-PPT-ME-SI5"
"20260802_005303","NWB_PARAMETERS AutoFill","MECHANICAL DUCTWORK LAYOUT - LEVEL 07 - ZONE 153","model","selection","smart","Both","skip-other-users","13996888","Ducts","Rectangular Duct","","LEVEL 07","Return Air","Flanged Long Radius Elbows / Shoe Branch","NWB_UniclassCode","Pr_65_65_25","Pr_65_65_25","Pr_65_65_25","SKIP","already-matches","instance","Shared Parameter","7626165","NWB_UniclassCode","String","False","1","1","45","MDUC","Ductwork","Ductwork","connected-miss:d4:visited15","","","","","","","PPT","","","WBH","HO","PPT","SI5","WBH-HO-07-PPT-ME-SI5"
"20260802_005303","NWB_PARAMETERS AutoFill","MECHANICAL DUCTWORK LAYOUT - LEVEL 07 - ZONE 153","model","selection","smart","Both","skip-other-users","13996888","Ducts","Rectangular Duct","","LEVEL 07","Return Air","Flanged Long Radius Elbows / Shoe Branch","NWB_UniclassDescription","Ductwork and fittings","Ductwork and fittings","Ductwork and fittings","SKIP","already-matches","instance","Shared Parameter","7626166","NWB_UniclassDescription","String","False","1","1","45","MDUC","Ductwork","Ductwork","connected-miss:d4:visited15","","","","","","","PPT","","","WBH","HO","PPT","SI5","WBH-HO-07-PPT-ME-SI5"
"20260802_005303","NWB_PARAMETERS AutoFill","MECHANICAL DUCTWORK LAYOUT - LEVEL 07 - ZONE 153","model","selection","smart","Both","skip-other-users","13996888","Ducts","Rectangular Duct","","LEVEL 07","Return Air","Flanged Long Radius Elbows / Shoe Branch","NWB_DesignPkg","NWB-GEN-ME-SCM-1091-A","NWB-GEN-ME-SCM-1091-A","NWB-GEN-ME-SCM-1091-A","SKIP","already-matches","instance","Shared Parameter","7626167","NWB_DesignPkg","String","False","1","1","45","MDUC","Ductwork","Ductwork","connected-miss:d4:visited15","","","","","","","PPT","","","WBH","HO","PPT","SI5","WBH-HO-07-PPT-ME-SI5"
"20260802_005303","NWB_PARAMETERS AutoFill","MECHANICAL DUCTWORK LAYOUT - LEVEL 07 - ZONE 153","model","selection","smart","Both","skip-other-users","13996888","Ducts","Rectangular Duct","","LEVEL 07","Return Air","Flanged Long Radius Elbows / Shoe Branch","NWB_BuildingPermitPkg","WBH - BP09","","","SKIP","missing","","","","NWB_BuildingPermitPkg","","","0","0","45","MDUC","Ductwork","Ductwork","connected-miss:d4:visited15","","","","","","","PPT","","","WBH","HO","PPT","SI5","WBH-HO-07-PPT-ME-SI5"
"20260802_005303","NWB_PARAMETERS AutoFill","MECHANICAL DUCTWORK LAYOUT - LEVEL 07 - ZONE 153","model","selection","smart","Both","skip-other-users","13996888","Ducts","Rectangular Duct","","LEVEL 07","Return Air","Flanged Long Radius Elbows / Shoe Branch","NWB_WBS00","WBH","WBH","WBH","SKIP","already-matches","instance","Shared Parameter","9214738","NWB_WBS00","String","False","1","1","45","MDUC","Ductwork","Ductwork","connected-miss:d4:visited15","","","","","","","PPT","","","WBH","HO","PPT","SI5","WBH-HO-07-PPT-ME-SI5"
"20260802_005303","NWB_PARAMETERS AutoFill","MECHANICAL DUCTWORK LAYOUT - LEVEL 07 - ZONE 153","model","selection","smart","Both","skip-other-users","13996888","Ducts","Rectangular Duct","","LEVEL 07","Return Air","Flanged Long Radius Elbows / Shoe Branch","NWB_WBS01","HO","HO","HO","SKIP","already-matches","instance","Shared Parameter","9214798","NWB_WBS01","String","False","1","1","45","MDUC","Ductwork","Ductwork","connected-miss:d4:visited15","","","","","","","PPT","","","WBH","HO","PPT","SI5","WBH-HO-07-PPT-ME-SI5"
"20260802_005303","NWB_PARAMETERS AutoFill","MECHANICAL DUCTWORK LAYOUT - LEVEL 07 - ZONE 153","model","selection","smart","Both","skip-other-users","13996888","Ducts","Rectangular Duct","","LEVEL 07","Return Air","Flanged Long Radius Elbows / Shoe Branch","NWB_WBS02","07","07","07","SKIP","already-matches","instance","Shared Parameter","9214786","NWB_WBS02","String","False","1","1","45","MDUC","Ductwork","Ductwork","connected-miss:d4:visited15","","","","","","","PPT","","","WBH","HO","PPT","SI5","WBH-HO-07-PPT-ME-SI5"
"20260802_005303","NWB_PARAMETERS AutoFill","MECHANICAL DUCTWORK LAYOUT - LEVEL 07 - ZONE 153","model","selection","smart","Both","skip-other-users","13996888","Ducts","Rectangular Duct","","LEVEL 07","Return Air","Flanged Long Radius Elbows / Shoe Branch","NWB_WBS03","PPT","PPT","PPT","SKIP","already-matches","instance","Shared Parameter","9214750","NWB_WBS03","String","False","1","1","45","MDUC","Ductwork","Ductwork","connected-miss:d4:visited15","","","","","","","PPT","","","WBH","HO","PPT","SI5","WBH-HO-07-PPT-ME-SI5"
"20260802_005303","NWB_PARAMETERS AutoFill","MECHANICAL DUCTWORK LAYOUT - LEVEL 07 - ZONE 153","model","selection","smart","Both","skip-other-users","13996888","Ducts","Rectangular Duct","","LEVEL 07","Return Air","Flanged Long Radius Elbows / Shoe Branch","NWB_WBS04","ME","ME","ME","SKIP","already-matches","instance","Shared Parameter","9214762","NWB_WBS04","String","False","1","1","45","MDUC","Ductwork","Ductwork","connected-miss:d4:visited15","","","","","","","PPT","","","WBH","HO","PPT","SI5","WBH-HO-07-PPT-ME-SI5"
"20260802_005303","NWB_PARAMETERS AutoFill","MECHANICAL DUCTWORK LAYOUT - LEVEL 07 - ZONE 153","model","selection","smart","Both","skip-other-users","13996888","Ducts","Rectangular Duct","","LEVEL 07","Return Air","Flanged Long Radius Elbows / Shoe Branch","NWB_WBS05","SI5","SI5","SI5","SKIP","already-matches","instance","Shared Parameter","9214810","NWB_WBS05","String","False","1","1","45","MDUC","Ductwork","Ductwork","connected-miss:d4:visited15","","","","","","","PPT","","","WBH","HO","PPT","SI5","WBH-HO-07-PPT-ME-SI5"
"20260802_005303","NWB_PARAMETERS AutoFill","MECHANICAL DUCTWORK LAYOUT - LEVEL 07 - ZONE 153","model","selection","smart","Both","skip-other-users","13996888","Ducts","Rectangular Duct","","LEVEL 07","Return Air","Flanged Long Radius Elbows / Shoe Branch","NWB_WBSCode","WBH-HO-07-PPT-ME-SI5","WBH-HO-07-PPT-ME-SI5","WBH-HO-07-PPT-ME-SI5","SKIP","already-matches","instance","Shared Parameter","9214774","NWB_WBSCode","String","False","1","1","45","MDUC","Ductwork","Ductwork","connected-miss:d4:visited15","","","","","","","PPT","","","WBH","HO","PPT","SI5","WBH-HO-07-PPT-ME-SI5"
"20260802_005303","NWB_PARAMETERS AutoFill","MECHANICAL DUCTWORK LAYOUT - LEVEL 07 - ZONE 153","model","selection","smart","Both","skip-other-users","13996903","Duct Accessories","MHT-ME-Fire Damper-02","","LEVEL 07","Supply Air","MHT-ME-FAM-FAM-Fire Damper","NWB_AssetTypeCode","MDUC","MDUC","MDUC","SKIP","already-matches","instance","Shared Parameter","7626182","NWB_AssetTypeCode","String","False","1","1","37","MDUC","Ductwork","Ductwork","connected:d2:13971800:Air Terminals","NWB-ARC-WBH-AR-MOD-0035","PPT.07.C16","Corridor","PPT","","","PPT","","","WBH","HO","PPT","SI5","WBH-HO-07-PPT-ME-SI5"
"20260802_005303","NWB_PARAMETERS AutoFill","MECHANICAL DUCTWORK LAYOUT - LEVEL 07 - ZONE 153","model","selection","smart","Both","skip-other-users","13996903","Duct Accessories","MHT-ME-Fire Damper-02","","LEVEL 07","Supply Air","MHT-ME-FAM-FAM-Fire Damper","NWB_AssetType","Ductwork","Ductwork","Ductwork","SKIP","already-matches","instance","Shared Parameter","7626181","NWB_AssetType","String","False","1","1","37","MDUC","Ductwork","Ductwork","connected:d2:13971800:Air Terminals","NWB-ARC-WBH-AR-MOD-0035","PPT.07.C16","Corridor","PPT","","","PPT","","","WBH","HO","PPT","SI5","WBH-HO-07-PPT-ME-SI5"
"20260802_005303","NWB_PARAMETERS AutoFill","MECHANICAL DUCTWORK LAYOUT - LEVEL 07 - ZONE 153","model","selection","smart","Both","skip-other-users","13996903","Duct Accessories","MHT-ME-Fire Damper-02","","LEVEL 07","Supply Air","MHT-ME-FAM-FAM-Fire Damper","NWB_Discipline","ME","ME","ME","SKIP","already-matches","instance","Shared Parameter","7626159","NWB_Discipline","String","False","1","1","37","MDUC","Ductwork","Ductwork","connected:d2:13971800:Air Terminals","NWB-ARC-WBH-AR-MOD-0035","PPT.07.C16","Corridor","PPT","","","PPT","","","WBH","HO","PPT","SI5","WBH-HO-07-PPT-ME-SI5"
"20260802_005303","NWB_PARAMETERS AutoFill","MECHANICAL DUCTWORK LAYOUT - LEVEL 07 - ZONE 153","model","selection","smart","Both","skip-other-users","13996903","Duct Accessories","MHT-ME-Fire Damper-02","","LEVEL 07","Supply Air","MHT-ME-FAM-FAM-Fire Damper","NWB_Category","Ductwork","Ductwork","Ductwork","SKIP","already-matches","instance","Shared Parameter","7626160","NWB_Category","String","False","1","1","37","MDUC","Ductwork","Ductwork","connected:d2:13971800:Air Terminals","NWB-ARC-WBH-AR-MOD-0035","PPT.07.C16","Corridor","PPT","","","PPT","","","WBH","HO","PPT","SI5","WBH-HO-07-PPT-ME-SI5"
"20260802_005303","NWB_PARAMETERS AutoFill","MECHANICAL DUCTWORK LAYOUT - LEVEL 07 - ZONE 153","model","selection","smart","Both","skip-other-users","13996903","Duct Accessories","MHT-ME-Fire Damper-02","","LEVEL 07","Supply Air","MHT-ME-FAM-FAM-Fire Damper","NWB_Department","PPT","PPT","PPT","SKIP","already-matches","instance","Shared Parameter","7626168","NWB_Department","String","False","1","1","37","MDUC","Ductwork","Ductwork","connected:d2:13971800:Air Terminals","NWB-ARC-WBH-AR-MOD-0035","PPT.07.C16","Corridor","PPT","","","PPT","","","WBH","HO","PPT","SI5","WBH-HO-07-PPT-ME-SI5"
"20260802_005303","NWB_PARAMETERS AutoFill","MECHANICAL DUCTWORK LAYOUT - LEVEL 07 - ZONE 153","model","selection","smart","Both","skip-other-users","13996903","Duct Accessories","MHT-ME-Fire Damper-02","","LEVEL 07","Supply Air","MHT-ME-FAM-FAM-Fire Damper","NWB_Material","","","","SKIP","workbook material blank and model material missing","","","","NWB_Material","","","","","37","MDUC","Ductwork","Ductwork","connected:d2:13971800:Air Terminals","NWB-ARC-WBH-AR-MOD-0035","PPT.07.C16","Corridor","PPT","","","PPT","","","WBH","HO","PPT","SI5","WBH-HO-07-PPT-ME-SI5"
"20260802_005303","NWB_PARAMETERS AutoFill","MECHANICAL DUCTWORK LAYOUT - LEVEL 07 - ZONE 153","model","selection","smart","Both","skip-other-users","13996903","Duct Accessories","MHT-ME-Fire Damper-02","","LEVEL 07","Supply Air","MHT-ME-FAM-FAM-Fire Damper","NWB_System","Supply Air","Supply Air","Supply Air","SKIP","already-matches","instance","Shared Parameter","7626163","NWB_System","String","False","1","1","37","MDUC","Ductwork","Ductwork","connected:d2:13971800:Air Terminals","NWB-ARC-WBH-AR-MOD-0035","PPT.07.C16","Corridor","PPT","","","PPT","","","WBH","HO","PPT","SI5","WBH-HO-07-PPT-ME-SI5"
"20260802_005303","NWB_PARAMETERS AutoFill","MECHANICAL DUCTWORK LAYOUT - LEVEL 07 - ZONE 153","model","selection","smart","Both","skip-other-users","13996903","Duct Accessories","MHT-ME-Fire Damper-02","","LEVEL 07","Supply Air","MHT-ME-FAM-FAM-Fire Damper","NWB_UniclassCode","Pr_65_65_25","Pr_65_65_25","Pr_65_65_25","SKIP","already-matches","instance","Shared Parameter","7626165","NWB_UniclassCode","String","False","1","1","37","MDUC","Ductwork","Ductwork","connected:d2:13971800:Air Terminals","NWB-ARC-WBH-AR-MOD-0035","PPT.07.C16","Corridor","PPT","","","PPT","","","WBH","HO","PPT","SI5","WBH-HO-07-PPT-ME-SI5"
"20260802_005303","NWB_PARAMETERS AutoFill","MECHANICAL DUCTWORK LAYOUT - LEVEL 07 - ZONE 153","model","selection","smart","Both","skip-other-users","13996903","Duct Accessories","MHT-ME-Fire Damper-02","","LEVEL 07","Supply Air","MHT-ME-FAM-FAM-Fire Damper","NWB_UniclassDescription","Ductwork and fittings","Ductwork and fittings","Ductwork and fittings","SKIP","already-matches","instance","Shared Parameter","7626166","NWB_UniclassDescription","String","False","1","1","37","MDUC","Ductwork","Ductwork","connected:d2:13971800:Air Terminals","NWB-ARC-WBH-AR-MOD-0035","PPT.07.C16","Corridor","PPT","","","PPT","","","WBH","HO","PPT","SI5","WBH-HO-07-PPT-ME-SI5"
"20260802_005303","NWB_PARAMETERS AutoFill","MECHANICAL DUCTWORK LAYOUT - LEVEL 07 - ZONE 153","model","selection","smart","Both","skip-other-users","13996903","Duct Accessories","MHT-ME-Fire Damper-02","","LEVEL 07","Supply Air","MHT-ME-FAM-FAM-Fire Damper","NWB_DesignPkg","NWB-GEN-ME-SCM-1091-A","NWB-GEN-ME-SCM-1091-A","NWB-GEN-ME-SCM-1091-A","SKIP","already-matches","instance","Shared Parameter","7626167","NWB_DesignPkg","String","False","1","1","37","MDUC","Ductwork","Ductwork","connected:d2:13971800:Air Terminals","NWB-ARC-WBH-AR-MOD-0035","PPT.07.C16","Corridor","PPT","","","PPT","","","WBH","HO","PPT","SI5","WBH-HO-07-PPT-ME-SI5"
"20260802_005303","NWB_PARAMETERS AutoFill","MECHANICAL DUCTWORK LAYOUT - LEVEL 07 - ZONE 153","model","selection","smart","Both","skip-other-users","13996903","Duct Accessories","MHT-ME-Fire Damper-02","","LEVEL 07","Supply Air","MHT-ME-FAM-FAM-Fire Damper","NWB_BuildingPermitPkg","WBH - BP09","","","SKIP","missing","","","","NWB_BuildingPermitPkg","","","0","0","37","MDUC","Ductwork","Ductwork","connected:d2:13971800:Air Terminals","NWB-ARC-WBH-AR-MOD-0035","PPT.07.C16","Corridor","PPT","","","PPT","","","WBH","HO","PPT","SI5","WBH-HO-07-PPT-ME-SI5"
"20260802_005303","NWB_PARAMETERS AutoFill","MECHANICAL DUCTWORK LAYOUT - LEVEL 07 - ZONE 153","model","selection","smart","Both","skip-other-users","13996903","Duct Accessories","MHT-ME-Fire Damper-02","","LEVEL 07","Supply Air","MHT-ME-FAM-FAM-Fire Damper","NWB_WBS00","WBH","WBH","WBH","SKIP","already-matches","instance","Shared Parameter","9214738","NWB_WBS00","String","False","1","1","37","MDUC","Ductwork","Ductwork","connected:d2:13971800:Air Terminals","NWB-ARC-WBH-AR-MOD-0035","PPT.07.C16","Corridor","PPT","","","PPT","","","WBH","HO","PPT","SI5","WBH-HO-07-PPT-ME-SI5"
"20260802_005303","NWB_PARAMETERS AutoFill","MECHANICAL DUCTWORK LAYOUT - LEVEL 07 - ZONE 153","model","selection","smart","Both","skip-other-users","13996903","Duct Accessories","MHT-ME-Fire Damper-02","","LEVEL 07","Supply Air","MHT-ME-FAM-FAM-Fire Damper","NWB_WBS01","HO","HO","HO","SKIP","already-matches","instance","Shared Parameter","9214798","NWB_WBS01","String","False","1","1","37","MDUC","Ductwork","Ductwork","connected:d2:13971800:Air Terminals","NWB-ARC-WBH-AR-MOD-0035","PPT.07.C16","Corridor","PPT","","","PPT","","","WBH","HO","PPT","SI5","WBH-HO-07-PPT-ME-SI5"
"20260802_005303","NWB_PARAMETERS AutoFill","MECHANICAL DUCTWORK LAYOUT - LEVEL 07 - ZONE 153","model","selection","smart","Both","skip-other-users","13996903","Duct Accessories","MHT-ME-Fire Damper-02","","LEVEL 07","Supply Air","MHT-ME-FAM-FAM-Fire Damper","NWB_WBS02","07","07","07","SKIP","already-matches","instance","Shared Parameter","9214786","NWB_WBS02","String","False","1","1","37","MDUC","Ductwork","Ductwork","connected:d2:13971800:Air Terminals","NWB-ARC-WBH-AR-MOD-0035","PPT.07.C16","Corridor","PPT","","","PPT","","","WBH","HO","PPT","SI5","WBH-HO-07-PPT-ME-SI5"
"20260802_005303","NWB_PARAMETERS AutoFill","MECHANICAL DUCTWORK LAYOUT - LEVEL 07 - ZONE 153","model","selection","smart","Both","skip-other-users","13996903","Duct Accessories","MHT-ME-Fire Damper-02","","LEVEL 07","Supply Air","MHT-ME-FAM-FAM-Fire Damper","NWB_WBS03","PPT","PPT","PPT","SKIP","already-matches","instance","Shared Parameter","9214750","NWB_WBS03","String","False","1","1","37","MDUC","Ductwork","Ductwork","connected:d2:13971800:Air Terminals","NWB-ARC-WBH-AR-MOD-0035","PPT.07.C16","Corridor","PPT","","","PPT","","","WBH","HO","PPT","SI5","WBH-HO-07-PPT-ME-SI5"
"20260802_005303","NWB_PARAMETERS AutoFill","MECHANICAL DUCTWORK LAYOUT - LEVEL 07 - ZONE 153","model","selection","smart","Both","skip-other-users","13996903","Duct Accessories","MHT-ME-Fire Damper-02","","LEVEL 07","Supply Air","MHT-ME-FAM-FAM-Fire Damper","NWB_WBS04","ME","ME","ME","SKIP","already-matches","instance","Shared Parameter","9214762","NWB_WBS04","String","False","1","1","37","MDUC","Ductwork","Ductwork","connected:d2:13971800:Air Terminals","NWB-ARC-WBH-AR-MOD-0035","PPT.07.C16","Corridor","PPT","","","PPT","","","WBH","HO","PPT","SI5","WBH-HO-07-PPT-ME-SI5"
"20260802_005303","NWB_PARAMETERS AutoFill","MECHANICAL DUCTWORK LAYOUT - LEVEL 07 - ZONE 153","model","selection","smart","Both","skip-other-users","13996903","Duct Accessories","MHT-ME-Fire Damper-02","","LEVEL 07","Supply Air","MHT-ME-FAM-FAM-Fire Damper","NWB_WBS05","SI5","SI5","SI5","SKIP","already-matches","instance","Shared Parameter","9214810","NWB_WBS05","String","False","1","1","37","MDUC","Ductwork","Ductwork","connected:d2:13971800:Air Terminals","NWB-ARC-WBH-AR-MOD-0035","PPT.07.C16","Corridor","PPT","","","PPT","","","WBH","HO","PPT","SI5","WBH-HO-07-PPT-ME-SI5"
"20260802_005303","NWB_PARAMETERS AutoFill","MECHANICAL DUCTWORK LAYOUT - LEVEL 07 - ZONE 153","model","selection","smart","Both","skip-other-users","13996903","Duct Accessories","MHT-ME-Fire Damper-02","","LEVEL 07","Supply Air","MHT-ME-FAM-FAM-Fire Damper","NWB_WBSCode","WBH-HO-07-PPT-ME-SI5","WBH-HO-07-PPT-ME-SI5","WBH-HO-07-PPT-ME-SI5","SKIP","already-matches","instance","Shared Parameter","9214774","NWB_WBSCode","String","False","1","1","37","MDUC","Ductwork","Ductwork","connected:d2:13971800:Air Terminals","NWB-ARC-WBH-AR-MOD-0035","PPT.07.C16","Corridor","PPT","","","PPT","","","WBH","HO","PPT","SI5","WBH-HO-07-PPT-ME-SI5"
"20260802_005303","NWB_PARAMETERS AutoFill","MECHANICAL DUCTWORK LAYOUT - LEVEL 07 - ZONE 153","model","selection","smart","Both","skip-other-users","13996911","Ducts","Rectangular Duct","","LEVEL 07","Supply Air","Flanged Long Radius Elbows / Shoe Branch","NWB_AssetTypeCode","MDUC","MDUC","MDUC","SKIP","already-matches","instance","Shared Parameter","7626182","NWB_AssetTypeCode","String","False","1","1","45","MDUC","Ductwork","Ductwork","connected:d3:13971900:Air Terminals","NWB-ARC-WBH-AR-MOD-0035","PPT.07.C16","Corridor","PPT","","","PPT","","","WBH","HO","PPT","SI5","WBH-HO-07-PPT-ME-SI5"
"20260802_005303","NWB_PARAMETERS AutoFill","MECHANICAL DUCTWORK LAYOUT - LEVEL 07 - ZONE 153","model","selection","smart","Both","skip-other-users","13996911","Ducts","Rectangular Duct","","LEVEL 07","Supply Air","Flanged Long Radius Elbows / Shoe Branch","NWB_AssetType","Ductwork","Ductwork","Ductwork","SKIP","already-matches","instance","Shared Parameter","7626181","NWB_AssetType","String","False","1","1","45","MDUC","Ductwork","Ductwork","connected:d3:13971900:Air Terminals","NWB-ARC-WBH-AR-MOD-0035","PPT.07.C16","Corridor","PPT","","","PPT","","","WBH","HO","PPT","SI5","WBH-HO-07-PPT-ME-SI5"
"20260802_005303","NWB_PARAMETERS AutoFill","MECHANICAL DUCTWORK LAYOUT - LEVEL 07 - ZONE 153","model","selection","smart","Both","skip-other-users","13996911","Ducts","Rectangular Duct","","LEVEL 07","Supply Air","Flanged Long Radius Elbows / Shoe Branch","NWB_Discipline","ME","ME","ME","SKIP","already-matches","instance","Shared Parameter","7626159","NWB_Discipline","String","False","1","1","45","MDUC","Ductwork","Ductwork","connected:d3:13971900:Air Terminals","NWB-ARC-WBH-AR-MOD-0035","PPT.07.C16","Corridor","PPT","","","PPT","","","WBH","HO","PPT","SI5","WBH-HO-07-PPT-ME-SI5"
"20260802_005303","NWB_PARAMETERS AutoFill","MECHANICAL DUCTWORK LAYOUT - LEVEL 07 - ZONE 153","model","selection","smart","Both","skip-other-users","13996911","Ducts","Rectangular Duct","","LEVEL 07","Supply Air","Flanged Long Radius Elbows / Shoe Branch","NWB_Category","Ductwork","Ductwork","Ductwork","SKIP","already-matches","instance","Shared Parameter","7626160","NWB_Category","String","False","1","1","45","MDUC","Ductwork","Ductwork","connected:d3:13971900:Air Terminals","NWB-ARC-WBH-AR-MOD-0035","PPT.07.C16","Corridor","PPT","","","PPT","","","WBH","HO","PPT","SI5","WBH-HO-07-PPT-ME-SI5"
"20260802_005303","NWB_PARAMETERS AutoFill","MECHANICAL DUCTWORK LAYOUT - LEVEL 07 - ZONE 153","model","selection","smart","Both","skip-other-users","13996911","Ducts","Rectangular Duct","","LEVEL 07","Supply Air","Flanged Long Radius Elbows / Shoe Branch","NWB_Department","PPT","PPT","PPT","SKIP","already-matches","instance","Shared Parameter","7626168","NWB_Department","String","False","1","1","45","MDUC","Ductwork","Ductwork","connected:d3:13971900:Air Terminals","NWB-ARC-WBH-AR-MOD-0035","PPT.07.C16","Corridor","PPT","","","PPT","","","WBH","HO","PPT","SI5","WBH-HO-07-PPT-ME-SI5"
"20260802_005303","NWB_PARAMETERS AutoFill","MECHANICAL DUCTWORK LAYOUT - LEVEL 07 - ZONE 153","model","selection","smart","Both","skip-other-users","13996911","Ducts","Rectangular Duct","","LEVEL 07","Supply Air","Flanged Long Radius Elbows / Shoe Branch","NWB_Material","","","","SKIP","workbook material blank and model material missing","","","","NWB_Material","","","","","45","MDUC","Ductwork","Ductwork","connected:d3:13971900:Air Terminals","NWB-ARC-WBH-AR-MOD-0035","PPT.07.C16","Corridor","PPT","","","PPT","","","WBH","HO","PPT","SI5","WBH-HO-07-PPT-ME-SI5"
"20260802_005303","NWB_PARAMETERS AutoFill","MECHANICAL DUCTWORK LAYOUT - LEVEL 07 - ZONE 153","model","selection","smart","Both","skip-other-users","13996911","Ducts","Rectangular Duct","","LEVEL 07","Supply Air","Flanged Long Radius Elbows / Shoe Branch","NWB_System","Supply Air","Supply Air","Supply Air","SKIP","already-matches","instance","Shared Parameter","7626163","NWB_System","String","False","1","1","45","MDUC","Ductwork","Ductwork","connected:d3:13971900:Air Terminals","NWB-ARC-WBH-AR-MOD-0035","PPT.07.C16","Corridor","PPT","","","PPT","","","WBH","HO","PPT","SI5","WBH-HO-07-PPT-ME-SI5"
"20260802_005303","NWB_PARAMETERS AutoFill","MECHANICAL DUCTWORK LAYOUT - LEVEL 07 - ZONE 153","model","selection","smart","Both","skip-other-users","13996911","Ducts","Rectangular Duct","","LEVEL 07","Supply Air","Flanged Long Radius Elbows / Shoe Branch","NWB_UniclassCode","Pr_65_65_25","Pr_65_65_25","Pr_65_65_25","SKIP","already-matches","instance","Shared Parameter","7626165","NWB_UniclassCode","String","False","1","1","45","MDUC","Ductwork","Ductwork","connected:d3:13971900:Air Terminals","NWB-ARC-WBH-AR-MOD-0035","PPT.07.C16","Corridor","PPT","","","PPT","","","WBH","HO","PPT","SI5","WBH-HO-07-PPT-ME-SI5"
"20260802_005303","NWB_PARAMETERS AutoFill","MECHANICAL DUCTWORK LAYOUT - LEVEL 07 - ZONE 153","model","selection","smart","Both","skip-other-users","13996911","Ducts","Rectangular Duct","","LEVEL 07","Supply Air","Flanged Long Radius Elbows / Shoe Branch","NWB_UniclassDescription","Ductwork and fittings","Ductwork and fittings","Ductwork and fittings","SKIP","already-matches","instance","Shared Parameter","7626166","NWB_UniclassDescription","String","False","1","1","45","MDUC","Ductwork","Ductwork","connected:d3:13971900:Air Terminals","NWB-ARC-WBH-AR-MOD-0035","PPT.07.C16","Corridor","PPT","","","PPT","","","WBH","HO","PPT","SI5","WBH-HO-07-PPT-ME-SI5"
"20260802_005303","NWB_PARAMETERS AutoFill","MECHANICAL DUCTWORK LAYOUT - LEVEL 07 - ZONE 153","model","selection","smart","Both","skip-other-users","13996911","Ducts","Rectangular Duct","","LEVEL 07","Supply Air","Flanged Long Radius Elbows / Shoe Branch","NWB_DesignPkg","NWB-GEN-ME-SCM-1091-A","NWB-GEN-ME-SCM-1091-A","NWB-GEN-ME-SCM-1091-A","SKIP","already-matches","instance","Shared Parameter","7626167","NWB_DesignPkg","String","False","1","1","45","MDUC","Ductwork","Ductwork","connected:d3:13971900:Air Terminals","NWB-ARC-WBH-AR-MOD-0035","PPT.07.C16","Corridor","PPT","","","PPT","","","WBH","HO","PPT","SI5","WBH-HO-07-PPT-ME-SI5"
"20260802_005303","NWB_PARAMETERS AutoFill","MECHANICAL DUCTWORK LAYOUT - LEVEL 07 - ZONE 153","model","selection","smart","Both","skip-other-users","13996911","Ducts","Rectangular Duct","","LEVEL 07","Supply Air","Flanged Long Radius Elbows / Shoe Branch","NWB_BuildingPermitPkg","WBH - BP09","","","SKIP","missing","","","","NWB_BuildingPermitPkg","","","0","0","45","MDUC","Ductwork","Ductwork","connected:d3:13971900:Air Terminals","NWB-ARC-WBH-AR-MOD-0035","PPT.07.C16","Corridor","PPT","","","PPT","","","WBH","HO","PPT","SI5","WBH-HO-07-PPT-ME-SI5"
"20260802_005303","NWB_PARAMETERS AutoFill","MECHANICAL DUCTWORK LAYOUT - LEVEL 07 - ZONE 153","model","selection","smart","Both","skip-other-users","13996911","Ducts","Rectangular Duct","","LEVEL 07","Supply Air","Flanged Long Radius Elbows / Shoe Branch","NWB_WBS00","WBH","WBH","WBH","SKIP","already-matches","instance","Shared Parameter","9214738","NWB_WBS00","String","False","1","1","45","MDUC","Ductwork","Ductwork","connected:d3:13971900:Air Terminals","NWB-ARC-WBH-AR-MOD-0035","PPT.07.C16","Corridor","PPT","","","PPT","","","WBH","HO","PPT","SI5","WBH-HO-07-PPT-ME-SI5"
"20260802_005303","NWB_PARAMETERS AutoFill","MECHANICAL DUCTWORK LAYOUT - LEVEL 07 - ZONE 153","model","selection","smart","Both","skip-other-users","13996911","Ducts","Rectangular Duct","","LEVEL 07","Supply Air","Flanged Long Radius Elbows / Shoe Branch","NWB_WBS01","HO","HO","HO","SKIP","already-matches","instance","Shared Parameter","9214798","NWB_WBS01","String","False","1","1","45","MDUC","Ductwork","Ductwork","connected:d3:13971900:Air Terminals","NWB-ARC-WBH-AR-MOD-0035","PPT.07.C16","Corridor","PPT","","","PPT","","","WBH","HO","PPT","SI5","WBH-HO-07-PPT-ME-SI5"
"20260802_005303","NWB_PARAMETERS AutoFill","MECHANICAL DUCTWORK LAYOUT - LEVEL 07 - ZONE 153","model","selection","smart","Both","skip-other-users","13996911","Ducts","Rectangular Duct","","LEVEL 07","Supply Air","Flanged Long Radius Elbows / Shoe Branch","NWB_WBS02","07","07","07","SKIP","already-matches","instance","Shared Parameter","9214786","NWB_WBS02","String","False","1","1","45","MDUC","Ductwork","Ductwork","connected:d3:13971900:Air Terminals","NWB-ARC-WBH-AR-MOD-0035","PPT.07.C16","Corridor","PPT","","","PPT","","","WBH","HO","PPT","SI5","WBH-HO-07-PPT-ME-SI5"
"20260802_005303","NWB_PARAMETERS AutoFill","MECHANICAL DUCTWORK LAYOUT - LEVEL 07 - ZONE 153","model","selection","smart","Both","skip-other-users","13996911","Ducts","Rectangular Duct","","LEVEL 07","Supply Air","Flanged Long Radius Elbows / Shoe Branch","NWB_WBS03","PPT","PPT","PPT","SKIP","already-matches","instance","Shared Parameter","9214750","NWB_WBS03","String","False","1","1","45","MDUC","Ductwork","Ductwork","connected:d3:13971900:Air Terminals","NWB-ARC-WBH-AR-MOD-0035","PPT.07.C16","Corridor","PPT","","","PPT","","","WBH","HO","PPT","SI5","WBH-HO-07-PPT-ME-SI5"
"20260802_005303","NWB_PARAMETERS AutoFill","MECHANICAL DUCTWORK LAYOUT - LEVEL 07 - ZONE 153","model","selection","smart","Both","skip-other-users","13996911","Ducts","Rectangular Duct","","LEVEL 07","Supply Air","Flanged Long Radius Elbows / Shoe Branch","NWB_WBS04","ME","ME","ME","SKIP","already-matches","instance","Shared Parameter","9214762","NWB_WBS04","String","False","1","1","45","MDUC","Ductwork","Ductwork","connected:d3:13971900:Air Terminals","NWB-ARC-WBH-AR-MOD-0035","PPT.07.C16","Corridor","PPT","","","PPT","","","WBH","HO","PPT","SI5","WBH-HO-07-PPT-ME-SI5"
"20260802_005303","NWB_PARAMETERS AutoFill","MECHANICAL DUCTWORK LAYOUT - LEVEL 07 - ZONE 153","model","selection","smart","Both","skip-other-users","13996911","Ducts","Rectangular Duct","","LEVEL 07","Supply Air","Flanged Long Radius Elbows / Shoe Branch","NWB_WBS05","SI5","SI5","SI5","SKIP","already-matches","instance","Shared Parameter","9214810","NWB_WBS05","String","False","1","1","45","MDUC","Ductwork","Ductwork","connected:d3:13971900:Air Terminals","NWB-ARC-WBH-AR-MOD-0035","PPT.07.C16","Corridor","PPT","","","PPT","","","WBH","HO","PPT","SI5","WBH-HO-07-PPT-ME-SI5"
"20260802_005303","NWB_PARAMETERS AutoFill","MECHANICAL DUCTWORK LAYOUT - LEVEL 07 - ZONE 153","model","selection","smart","Both","skip-other-users","13996911","Ducts","Rectangular Duct","","LEVEL 07","Supply Air","Flanged Long Radius Elbows / Shoe Branch","NWB_WBSCode","WBH-HO-07-PPT-ME-SI5","WBH-HO-07-PPT-ME-SI5","WBH-HO-07-PPT-ME-SI5","SKIP","already-matches","instance","Shared Parameter","9214774","NWB_WBSCode","String","False","1","1","45","MDUC","Ductwork","Ductwork","connected:d3:13971900:Air Terminals","NWB-ARC-WBH-AR-MOD-0035","PPT.07.C16","Corridor","PPT","","","PPT","","","WBH","HO","PPT","SI5","WBH-HO-07-PPT-ME-SI5"
"20260802_005303","NWB_PARAMETERS AutoFill","MECHANICAL DUCTWORK LAYOUT - LEVEL 07 - ZONE 153","model","selection","smart","Both","skip-other-users","13996926","Duct Accessories","MHT-ME-Fire Damper-02","","LEVEL 07","Supply Air","MHT-ME-FAM-FAM-Fire Damper","NWB_AssetTypeCode","MDUC","MDUC","MDUC","SKIP","already-matches","instance","Shared Parameter","7626182","NWB_AssetTypeCode","String","False","1","1","37","MDUC","Ductwork","Ductwork","connected:d2:13965488:Air Terminals","NWB-ARC-WBH-AR-MOD-0035","PPT.07.C19","Corridor","PPT","","","PPT","","","WBH","HO","PPT","SI5","WBH-HO-07-PPT-ME-SI5"
"20260802_005303","NWB_PARAMETERS AutoFill","MECHANICAL DUCTWORK LAYOUT - LEVEL 07 - ZONE 153","model","selection","smart","Both","skip-other-users","13996926","Duct Accessories","MHT-ME-Fire Damper-02","","LEVEL 07","Supply Air","MHT-ME-FAM-FAM-Fire Damper","NWB_AssetType","Ductwork","Ductwork","Ductwork","SKIP","already-matches","instance","Shared Parameter","7626181","NWB_AssetType","String","False","1","1","37","MDUC","Ductwork","Ductwork","connected:d2:13965488:Air Terminals","NWB-ARC-WBH-AR-MOD-0035","PPT.07.C19","Corridor","PPT","","","PPT","","","WBH","HO","PPT","SI5","WBH-HO-07-PPT-ME-SI5"
"20260802_005303","NWB_PARAMETERS AutoFill","MECHANICAL DUCTWORK LAYOUT - LEVEL 07 - ZONE 153","model","selection","smart","Both","skip-other-users","13996926","Duct Accessories","MHT-ME-Fire Damper-02","","LEVEL 07","Supply Air","MHT-ME-FAM-FAM-Fire Damper","NWB_Discipline","ME","ME","ME","SKIP","already-matches","instance","Shared Parameter","7626159","NWB_Discipline","String","False","1","1","37","MDUC","Ductwork","Ductwork","connected:d2:13965488:Air Terminals","NWB-ARC-WBH-AR-MOD-0035","PPT.07.C19","Corridor","PPT","","","PPT","","","WBH","HO","PPT","SI5","WBH-HO-07-PPT-ME-SI5"
"20260802_005303","NWB_PARAMETERS AutoFill","MECHANICAL DUCTWORK LAYOUT - LEVEL 07 - ZONE 153","model","selection","smart","Both","skip-other-users","13996926","Duct Accessories","MHT-ME-Fire Damper-02","","LEVEL 07","Supply Air","MHT-ME-FAM-FAM-Fire Damper","NWB_Category","Ductwork","Ductwork","Ductwork","SKIP","already-matches","instance","Shared Parameter","7626160","NWB_Category","String","False","1","1","37","MDUC","Ductwork","Ductwork","connected:d2:13965488:Air Terminals","NWB-ARC-WBH-AR-MOD-0035","PPT.07.C19","Corridor","PPT","","","PPT","","","WBH","HO","PPT","SI5","WBH-HO-07-PPT-ME-SI5"
"20260802_005303","NWB_PARAMETERS AutoFill","MECHANICAL DUCTWORK LAYOUT - LEVEL 07 - ZONE 153","model","selection","smart","Both","skip-other-users","13996926","Duct Accessories","MHT-ME-Fire Damper-02","","LEVEL 07","Supply Air","MHT-ME-FAM-FAM-Fire Damper","NWB_Department","PPT","PPT","PPT","SKIP","already-matches","instance","Shared Parameter","7626168","NWB_Department","String","False","1","1","37","MDUC","Ductwork","Ductwork","connected:d2:13965488:Air Terminals","NWB-ARC-WBH-AR-MOD-0035","PPT.07.C19","Corridor","PPT","","","PPT","","","WBH","HO","PPT","SI5","WBH-HO-07-PPT-ME-SI5"
"20260802_005303","NWB_PARAMETERS AutoFill","MECHANICAL DUCTWORK LAYOUT - LEVEL 07 - ZONE 153","model","selection","smart","Both","skip-other-users","13996926","Duct Accessories","MHT-ME-Fire Damper-02","","LEVEL 07","Supply Air","MHT-ME-FAM-FAM-Fire Damper","NWB_Material","","","","SKIP","workbook material blank and model material missing","","","","NWB_Material","","","","","37","MDUC","Ductwork","Ductwork","connected:d2:13965488:Air Terminals","NWB-ARC-WBH-AR-MOD-0035","PPT.07.C19","Corridor","PPT","","","PPT","","","WBH","HO","PPT","SI5","WBH-HO-07-PPT-ME-SI5"
"20260802_005303","NWB_PARAMETERS AutoFill","MECHANICAL DUCTWORK LAYOUT - LEVEL 07 - ZONE 153","model","selection","smart","Both","skip-other-users","13996926","Duct Accessories","MHT-ME-Fire Damper-02","","LEVEL 07","Supply Air","MHT-ME-FAM-FAM-Fire Damper","NWB_System","Supply Air","Supply Air","Supply Air","SKIP","already-matches","instance","Shared Parameter","7626163","NWB_System","String","False","1","1","37","MDUC","Ductwork","Ductwork","connected:d2:13965488:Air Terminals","NWB-ARC-WBH-AR-MOD-0035","PPT.07.C19","Corridor","PPT","","","PPT","","","WBH","HO","PPT","SI5","WBH-HO-07-PPT-ME-SI5"
"20260802_005303","NWB_PARAMETERS AutoFill","MECHANICAL DUCTWORK LAYOUT - LEVEL 07 - ZONE 153","model","selection","smart","Both","skip-other-users","13996926","Duct Accessories","MHT-ME-Fire Damper-02","","LEVEL 07","Supply Air","MHT-ME-FAM-FAM-Fire Damper","NWB_UniclassCode","Pr_65_65_25","Pr_65_65_25","Pr_65_65_25","SKIP","already-matches","instance","Shared Parameter","7626165","NWB_UniclassCode","String","False","1","1","37","MDUC","Ductwork","Ductwork","connected:d2:13965488:Air Terminals","NWB-ARC-WBH-AR-MOD-0035","PPT.07.C19","Corridor","PPT","","","PPT","","","WBH","HO","PPT","SI5","WBH-HO-07-PPT-ME-SI5"
"20260802_005303","NWB_PARAMETERS AutoFill","MECHANICAL DUCTWORK LAYOUT - LEVEL 07 - ZONE 153","model","selection","smart","Both","skip-other-users","13996926","Duct Accessories","MHT-ME-Fire Damper-02","","LEVEL 07","Supply Air","MHT-ME-FAM-FAM-Fire Damper","NWB_UniclassDescription","Ductwork and fittings","Ductwork and fittings","Ductwork and fittings","SKIP","already-matches","instance","Shared Parameter","7626166","NWB_UniclassDescription","String","False","1","1","37","MDUC","Ductwork","Ductwork","connected:d2:13965488:Air Terminals","NWB-ARC-WBH-AR-MOD-0035","PPT.07.C19","Corridor","PPT","","","PPT","","","WBH","HO","PPT","SI5","WBH-HO-07-PPT-ME-SI5"
"20260802_005303","NWB_PARAMETERS AutoFill","MECHANICAL DUCTWORK LAYOUT - LEVEL 07 - ZONE 153","model","selection","smart","Both","skip-other-users","13996926","Duct Accessories","MHT-ME-Fire Damper-02","","LEVEL 07","Supply Air","MHT-ME-FAM-FAM-Fire Damper","NWB_DesignPkg","NWB-GEN-ME-SCM-1091-A","NWB-GEN-ME-SCM-1091-A","NWB-GEN-ME-SCM-1091-A","SKIP","already-matches","instance","Shared Parameter","7626167","NWB_DesignPkg","String","False","1","1","37","MDUC","Ductwork","Ductwork","connected:d2:13965488:Air Terminals","NWB-ARC-WBH-AR-MOD-0035","PPT.07.C19","Corridor","PPT","","","PPT","","","WBH","HO","PPT","SI5","WBH-HO-07-PPT-ME-SI5"
"20260802_005303","NWB_PARAMETERS AutoFill","MECHANICAL DUCTWORK LAYOUT - LEVEL 07 - ZONE 153","model","selection","smart","Both","skip-other-users","13996926","Duct Accessories","MHT-ME-Fire Damper-02","","LEVEL 07","Supply Air","MHT-ME-FAM-FAM-Fire Damper","NWB_BuildingPermitPkg","WBH - BP09","","","SKIP","missing","","","","NWB_BuildingPermitPkg","","","0","0","37","MDUC","Ductwork","Ductwork","connected:d2:13965488:Air Terminals","NWB-ARC-WBH-AR-MOD-0035","PPT.07.C19","Corridor","PPT","","","PPT","","","WBH","HO","PPT","SI5","WBH-HO-07-PPT-ME-SI5"
"20260802_005303","NWB_PARAMETERS AutoFill","MECHANICAL DUCTWORK LAYOUT - LEVEL 07 - ZONE 153","model","selection","smart","Both","skip-other-users","13996926","Duct Accessories","MHT-ME-Fire Damper-02","","LEVEL 07","Supply Air","MHT-ME-FAM-FAM-Fire Damper","NWB_WBS00","WBH","WBH","WBH","SKIP","already-matches","instance","Shared Parameter","9214738","NWB_WBS00","String","False","1","1","37","MDUC","Ductwork","Ductwork","connected:d2:13965488:Air Terminals","NWB-ARC-WBH-AR-MOD-0035","PPT.07.C19","Corridor","PPT","","","PPT","","","WBH","HO","PPT","SI5","WBH-HO-07-PPT-ME-SI5"
"20260802_005303","NWB_PARAMETERS AutoFill","MECHANICAL DUCTWORK LAYOUT - LEVEL 07 - ZONE 153","model","selection","smart","Both","skip-other-users","13996926","Duct Accessories","MHT-ME-Fire Damper-02","","LEVEL 07","Supply Air","MHT-ME-FAM-FAM-Fire Damper","NWB_WBS01","HO","HO","HO","SKIP","already-matches","instance","Shared Parameter","9214798","NWB_WBS01","String","False","1","1","37","MDUC","Ductwork","Ductwork","connected:d2:13965488:Air Terminals","NWB-ARC-WBH-AR-MOD-0035","PPT.07.C19","Corridor","PPT","","","PPT","","","WBH","HO","PPT","SI5","WBH-HO-07-PPT-ME-SI5"
"20260802_005303","NWB_PARAMETERS AutoFill","MECHANICAL DUCTWORK LAYOUT - LEVEL 07 - ZONE 153","model","selection","smart","Both","skip-other-users","13996926","Duct Accessories","MHT-ME-Fire Damper-02","","LEVEL 07","Supply Air","MHT-ME-FAM-FAM-Fire Damper","NWB_WBS02","07","07","07","SKIP","already-matches","instance","Shared Parameter","9214786","NWB_WBS02","String","False","1","1","37","MDUC","Ductwork","Ductwork","connected:d2:13965488:Air Terminals","NWB-ARC-WBH-AR-MOD-0035","PPT.07.C19","Corridor","PPT","","","PPT","","","WBH","HO","PPT","SI5","WBH-HO-07-PPT-ME-SI5"
"20260802_005303","NWB_PARAMETERS AutoFill","MECHANICAL DUCTWORK LAYOUT - LEVEL 07 - ZONE 153","model","selection","smart","Both","skip-other-users","13996926","Duct Accessories","MHT-ME-Fire Damper-02","","LEVEL 07","Supply Air","MHT-ME-FAM-FAM-Fire Damper","NWB_WBS03","PPT","PPT","PPT","SKIP","already-matches","instance","Shared Parameter","9214750","NWB_WBS03","String","False","1","1","37","MDUC","Ductwork","Ductwork","connected:d2:13965488:Air Terminals","NWB-ARC-WBH-AR-MOD-0035","PPT.07.C19","Corridor","PPT","","","PPT","","","WBH","HO","PPT","SI5","WBH-HO-07-PPT-ME-SI5"
"20260802_005303","NWB_PARAMETERS AutoFill","MECHANICAL DUCTWORK LAYOUT - LEVEL 07 - ZONE 153","model","selection","smart","Both","skip-other-users","13996926","Duct Accessories","MHT-ME-Fire Damper-02","","LEVEL 07","Supply Air","MHT-ME-FAM-FAM-Fire Damper","NWB_WBS04","ME","ME","ME","SKIP","already-matches","instance","Shared Parameter","9214762","NWB_WBS04","String","False","1","1","37","MDUC","Ductwork","Ductwork","connected:d2:13965488:Air Terminals","NWB-ARC-WBH-AR-MOD-0035","PPT.07.C19","Corridor","PPT","","","PPT","","","WBH","HO","PPT","SI5","WBH-HO-07-PPT-ME-SI5"
"20260802_005303","NWB_PARAMETERS AutoFill","MECHANICAL DUCTWORK LAYOUT - LEVEL 07 - ZONE 153","model","selection","smart","Both","skip-other-users","13996926","Duct Accessories","MHT-ME-Fire Damper-02","","LEVEL 07","Supply Air","MHT-ME-FAM-FAM-Fire Damper","NWB_WBS05","SI5","SI5","SI5","SKIP","already-matches","instance","Shared Parameter","9214810","NWB_WBS05","String","False","1","1","37","MDUC","Ductwork","Ductwork","connected:d2:13965488:Air Terminals","NWB-ARC-WBH-AR-MOD-0035","PPT.07.C19","Corridor","PPT","","","PPT","","","WBH","HO","PPT","SI5","WBH-HO-07-PPT-ME-SI5"
"20260802_005303","NWB_PARAMETERS AutoFill","MECHANICAL DUCTWORK LAYOUT - LEVEL 07 - ZONE 153","model","selection","smart","Both","skip-other-users","13996926","Duct Accessories","MHT-ME-Fire Damper-02","","LEVEL 07","Supply Air","MHT-ME-FAM-FAM-Fire Damper","NWB_WBSCode","WBH-HO-07-PPT-ME-SI5","WBH-HO-07-PPT-ME-SI5","WBH-HO-07-PPT-ME-SI5","SKIP","already-matches","instance","Shared Parameter","9214774","NWB_WBSCode","String","False","1","1","37","MDUC","Ductwork","Ductwork","connected:d2:13965488:Air Terminals","NWB-ARC-WBH-AR-MOD-0035","PPT.07.C19","Corridor","PPT","","","PPT","","","WBH","HO","PPT","SI5","WBH-HO-07-PPT-ME-SI5"
"20260802_005303","NWB_PARAMETERS AutoFill","MECHANICAL DUCTWORK LAYOUT - LEVEL 07 - ZONE 153","model","selection","smart","Both","skip-other-users","13996949","Duct Accessories","MHT-ME-Fire Damper-02","","LEVEL 07","Supply Air","MHT-ME-FAM-FAM-Fire Damper","NWB_AssetTypeCode","MDUC","MDUC","MDUC","SKIP","already-matches","instance","Shared Parameter","7626182","NWB_AssetTypeCode","String","False","1","1","37","MDUC","Ductwork","Ductwork","connected:d2:13994316:Air Terminals","NWB-ARC-WBH-AR-MOD-0035","PPT.07.171","Cleaner's Room","PPT","","","PPT","","","WBH","HO","PPT","SI5","WBH-HO-07-PPT-ME-SI5"
"20260802_005303","NWB_PARAMETERS AutoFill","MECHANICAL DUCTWORK LAYOUT - LEVEL 07 - ZONE 153","model","selection","smart","Both","skip-other-users","13996949","Duct Accessories","MHT-ME-Fire Damper-02","","LEVEL 07","Supply Air","MHT-ME-FAM-FAM-Fire Damper","NWB_AssetType","Ductwork","Ductwork","Ductwork","SKIP","already-matches","instance","Shared Parameter","7626181","NWB_AssetType","String","False","1","1","37","MDUC","Ductwork","Ductwork","connected:d2:13994316:Air Terminals","NWB-ARC-WBH-AR-MOD-0035","PPT.07.171","Cleaner's Room","PPT","","","PPT","","","WBH","HO","PPT","SI5","WBH-HO-07-PPT-ME-SI5"
"20260802_005303","NWB_PARAMETERS AutoFill","MECHANICAL DUCTWORK LAYOUT - LEVEL 07 - ZONE 153","model","selection","smart","Both","skip-other-users","13996949","Duct Accessories","MHT-ME-Fire Damper-02","","LEVEL 07","Supply Air","MHT-ME-FAM-FAM-Fire Damper","NWB_Discipline","ME","ME","ME","SKIP","already-matches","instance","Shared Parameter","7626159","NWB_Discipline","String","False","1","1","37","MDUC","Ductwork","Ductwork","connected:d2:13994316:Air Terminals","NWB-ARC-WBH-AR-MOD-0035","PPT.07.171","Cleaner's Room","PPT","","","PPT","","","WBH","HO","PPT","SI5","WBH-HO-07-PPT-ME-SI5"
"20260802_005303","NWB_PARAMETERS AutoFill","MECHANICAL DUCTWORK LAYOUT - LEVEL 07 - ZONE 153","model","selection","smart","Both","skip-other-users","13996949","Duct Accessories","MHT-ME-Fire Damper-02","","LEVEL 07","Supply Air","MHT-ME-FAM-FAM-Fire Damper","NWB_Category","Ductwork","Ductwork","Ductwork","SKIP","already-matches","instance","Shared Parameter","7626160","NWB_Category","String","False","1","1","37","MDUC","Ductwork","Ductwork","connected:d2:13994316:Air Terminals","NWB-ARC-WBH-AR-MOD-0035","PPT.07.171","Cleaner's Room","PPT","","","PPT","","","WBH","HO","PPT","SI5","WBH-HO-07-PPT-ME-SI5"
"20260802_005303","NWB_PARAMETERS AutoFill","MECHANICAL DUCTWORK LAYOUT - LEVEL 07 - ZONE 153","model","selection","smart","Both","skip-other-users","13996949","Duct Accessories","MHT-ME-Fire Damper-02","","LEVEL 07","Supply Air","MHT-ME-FAM-FAM-Fire Damper","NWB_Department","PPT","PPT","PPT","SKIP","already-matches","instance","Shared Parameter","7626168","NWB_Department","String","False","1","1","37","MDUC","Ductwork","Ductwork","connected:d2:13994316:Air Terminals","NWB-ARC-WBH-AR-MOD-0035","PPT.07.171","Cleaner's Room","PPT","","","PPT","","","WBH","HO","PPT","SI5","WBH-HO-07-PPT-ME-SI5"
"20260802_005303","NWB_PARAMETERS AutoFill","MECHANICAL DUCTWORK LAYOUT - LEVEL 07 - ZONE 153","model","selection","smart","Both","skip-other-users","13996949","Duct Accessories","MHT-ME-Fire Damper-02","","LEVEL 07","Supply Air","MHT-ME-FAM-FAM-Fire Damper","NWB_Material","","","","SKIP","workbook material blank and model material missing","","","","NWB_Material","","","","","37","MDUC","Ductwork","Ductwork","connected:d2:13994316:Air Terminals","NWB-ARC-WBH-AR-MOD-0035","PPT.07.171","Cleaner's Room","PPT","","","PPT","","","WBH","HO","PPT","SI5","WBH-HO-07-PPT-ME-SI5"
"20260802_005303","NWB_PARAMETERS AutoFill","MECHANICAL DUCTWORK LAYOUT - LEVEL 07 - ZONE 153","model","selection","smart","Both","skip-other-users","13996949","Duct Accessories","MHT-ME-Fire Damper-02","","LEVEL 07","Supply Air","MHT-ME-FAM-FAM-Fire Damper","NWB_System","Supply Air","Supply Air","Supply Air","SKIP","already-matches","instance","Shared Parameter","7626163","NWB_System","String","False","1","1","37","MDUC","Ductwork","Ductwork","connected:d2:13994316:Air Terminals","NWB-ARC-WBH-AR-MOD-0035","PPT.07.171","Cleaner's Room","PPT","","","PPT","","","WBH","HO","PPT","SI5","WBH-HO-07-PPT-ME-SI5"
"20260802_005303","NWB_PARAMETERS AutoFill","MECHANICAL DUCTWORK LAYOUT - LEVEL 07 - ZONE 153","model","selection","smart","Both","skip-other-users","13996949","Duct Accessories","MHT-ME-Fire Damper-02","","LEVEL 07","Supply Air","MHT-ME-FAM-FAM-Fire Damper","NWB_UniclassCode","Pr_65_65_25","Pr_65_65_25","Pr_65_65_25","SKIP","already-matches","instance","Shared Parameter","7626165","NWB_UniclassCode","String","False","1","1","37","MDUC","Ductwork","Ductwork","connected:d2:13994316:Air Terminals","NWB-ARC-WBH-AR-MOD-0035","PPT.07.171","Cleaner's Room","PPT","","","PPT","","","WBH","HO","PPT","SI5","WBH-HO-07-PPT-ME-SI5"
"20260802_005303","NWB_PARAMETERS AutoFill","MECHANICAL DUCTWORK LAYOUT - LEVEL 07 - ZONE 153","model","selection","smart","Both","skip-other-users","13996949","Duct Accessories","MHT-ME-Fire Damper-02","","LEVEL 07","Supply Air","MHT-ME-FAM-FAM-Fire Damper","NWB_UniclassDescription","Ductwork and fittings","Ductwork and fittings","Ductwork and fittings","SKIP","already-matches","instance","Shared Parameter","7626166","NWB_UniclassDescription","String","False","1","1","37","MDUC","Ductwork","Ductwork","connected:d2:13994316:Air Terminals","NWB-ARC-WBH-AR-MOD-0035","PPT.07.171","Cleaner's Room","PPT","","","PPT","","","WBH","HO","PPT","SI5","WBH-HO-07-PPT-ME-SI5"
"20260802_005303","NWB_PARAMETERS AutoFill","MECHANICAL DUCTWORK LAYOUT - LEVEL 07 - ZONE 153","model","selection","smart","Both","skip-other-users","13996949","Duct Accessories","MHT-ME-Fire Damper-02","","LEVEL 07","Supply Air","MHT-ME-FAM-FAM-Fire Damper","NWB_DesignPkg","NWB-GEN-ME-SCM-1091-A","NWB-GEN-ME-SCM-1091-A","NWB-GEN-ME-SCM-1091-A","SKIP","already-matches","instance","Shared Parameter","7626167","NWB_DesignPkg","String","False","1","1","37","MDUC","Ductwork","Ductwork","connected:d2:13994316:Air Terminals","NWB-ARC-WBH-AR-MOD-0035","PPT.07.171","Cleaner's Room","PPT","","","PPT","","","WBH","HO","PPT","SI5","WBH-HO-07-PPT-ME-SI5"
"20260802_005303","NWB_PARAMETERS AutoFill","MECHANICAL DUCTWORK LAYOUT - LEVEL 07 - ZONE 153","model","selection","smart","Both","skip-other-users","13996949","Duct Accessories","MHT-ME-Fire Damper-02","","LEVEL 07","Supply Air","MHT-ME-FAM-FAM-Fire Damper","NWB_BuildingPermitPkg","WBH - BP09","","","SKIP","missing","","","","NWB_BuildingPermitPkg","","","0","0","37","MDUC","Ductwork","Ductwork","connected:d2:13994316:Air Terminals","NWB-ARC-WBH-AR-MOD-0035","PPT.07.171","Cleaner's Room","PPT","","","PPT","","","WBH","HO","PPT","SI5","WBH-HO-07-PPT-ME-SI5"
"20260802_005303","NWB_PARAMETERS AutoFill","MECHANICAL DUCTWORK LAYOUT - LEVEL 07 - ZONE 153","model","selection","smart","Both","skip-other-users","13996949","Duct Accessories","MHT-ME-Fire Damper-02","","LEVEL 07","Supply Air","MHT-ME-FAM-FAM-Fire Damper","NWB_WBS00","WBH","WBH","WBH","SKIP","already-matches","instance","Shared Parameter","9214738","NWB_WBS00","String","False","1","1","37","MDUC","Ductwork","Ductwork","connected:d2:13994316:Air Terminals","NWB-ARC-WBH-AR-MOD-0035","PPT.07.171","Cleaner's Room","PPT","","","PPT","","","WBH","HO","PPT","SI5","WBH-HO-07-PPT-ME-SI5"
"20260802_005303","NWB_PARAMETERS AutoFill","MECHANICAL DUCTWORK LAYOUT - LEVEL 07 - ZONE 153","model","selection","smart","Both","skip-other-users","13996949","Duct Accessories","MHT-ME-Fire Damper-02","","LEVEL 07","Supply Air","MHT-ME-FAM-FAM-Fire Damper","NWB_WBS01","HO","HO","HO","SKIP","already-matches","instance","Shared Parameter","9214798","NWB_WBS01","String","False","1","1","37","MDUC","Ductwork","Ductwork","connected:d2:13994316:Air Terminals","NWB-ARC-WBH-AR-MOD-0035","PPT.07.171","Cleaner's Room","PPT","","","PPT","","","WBH","HO","PPT","SI5","WBH-HO-07-PPT-ME-SI5"
"20260802_005303","NWB_PARAMETERS AutoFill","MECHANICAL DUCTWORK LAYOUT - LEVEL 07 - ZONE 153","model","selection","smart","Both","skip-other-users","13996949","Duct Accessories","MHT-ME-Fire Damper-02","","LEVEL 07","Supply Air","MHT-ME-FAM-FAM-Fire Damper","NWB_WBS02","07","07","07","SKIP","already-matches","instance","Shared Parameter","9214786","NWB_WBS02","String","False","1","1","37","MDUC","Ductwork","Ductwork","connected:d2:13994316:Air Terminals","NWB-ARC-WBH-AR-MOD-0035","PPT.07.171","Cleaner's Room","PPT","","","PPT","","","WBH","HO","PPT","SI5","WBH-HO-07-PPT-ME-SI5"
"20260802_005303","NWB_PARAMETERS AutoFill","MECHANICAL DUCTWORK LAYOUT - LEVEL 07 - ZONE 153","model","selection","smart","Both","skip-other-users","13996949","Duct Accessories","MHT-ME-Fire Damper-02","","LEVEL 07","Supply Air","MHT-ME-FAM-FAM-Fire Damper","NWB_WBS03","PPT","PPT","PPT","SKIP","already-matches","instance","Shared Parameter","9214750","NWB_WBS03","String","False","1","1","37","MDUC","Ductwork","Ductwork","connected:d2:13994316:Air Terminals","NWB-ARC-WBH-AR-MOD-0035","PPT.07.171","Cleaner's Room","PPT","","","PPT","","","WBH","HO","PPT","SI5","WBH-HO-07-PPT-ME-SI5"
"20260802_005303","NWB_PARAMETERS AutoFill","MECHANICAL DUCTWORK LAYOUT - LEVEL 07 - ZONE 153","model","selection","smart","Both","skip-other-users","13996949","Duct Accessories","MHT-ME-Fire Damper-02","","LEVEL 07","Supply Air","MHT-ME-FAM-FAM-Fire Damper","NWB_WBS04","ME","ME","ME","SKIP","already-matches","instance","Shared Parameter","9214762","NWB_WBS04","String","False","1","1","37","MDUC","Ductwork","Ductwork","connected:d2:13994316:Air Terminals","NWB-ARC-WBH-AR-MOD-0035","PPT.07.171","Cleaner's Room","PPT","","","PPT","","","WBH","HO","PPT","SI5","WBH-HO-07-PPT-ME-SI5"
"20260802_005303","NWB_PARAMETERS AutoFill","MECHANICAL DUCTWORK LAYOUT - LEVEL 07 - ZONE 153","model","selection","smart","Both","skip-other-users","13996949","Duct Accessories","MHT-ME-Fire Damper-02","","LEVEL 07","Supply Air","MHT-ME-FAM-FAM-Fire Damper","NWB_WBS05","SI5","SI5","SI5","SKIP","already-matches","instance","Shared Parameter","9214810","NWB_WBS05","String","False","1","1","37","MDUC","Ductwork","Ductwork","connected:d2:13994316:Air Terminals","NWB-ARC-WBH-AR-MOD-0035","PPT.07.171","Cleaner's Room","PPT","","","PPT","","","WBH","HO","PPT","SI5","WBH-HO-07-PPT-ME-SI5"
"20260802_005303","NWB_PARAMETERS AutoFill","MECHANICAL DUCTWORK LAYOUT - LEVEL 07 - ZONE 153","model","selection","smart","Both","skip-other-users","13996949","Duct Accessories","MHT-ME-Fire Damper-02","","LEVEL 07","Supply Air","MHT-ME-FAM-FAM-Fire Damper","NWB_WBSCode","WBH-HO-07-PPT-ME-SI5","WBH-HO-07-PPT-ME-SI5","WBH-HO-07-PPT-ME-SI5","SKIP","already-matches","instance","Shared Parameter","9214774","NWB_WBSCode","String","False","1","1","37","MDUC","Ductwork","Ductwork","connected:d2:13994316:Air Terminals","NWB-ARC-WBH-AR-MOD-0035","PPT.07.171","Cleaner's Room","PPT","","","PPT","","","WBH","HO","PPT","SI5","WBH-HO-07-PPT-ME-SI5"
"20260802_005303","NWB_PARAMETERS AutoFill","MECHANICAL DUCTWORK LAYOUT - LEVEL 07 - ZONE 153","model","selection","smart","Both","skip-other-users","13997007","Duct Accessories","MHT-ME-Fire Damper-02","","LEVEL 07","Supply Air","MHT-ME-FAM-FAM-Fire Damper","NWB_AssetTypeCode","MDUC","MDUC","MDUC","SKIP","already-matches","instance","Shared Parameter","7626182","NWB_AssetTypeCode","String","False","1","1","37","MDUC","Ductwork","Ductwork","connected:d4:13968667:Air Terminals","NWB-ARC-WBH-AR-MOD-0035","PPT.07.187","Autopsy Room - Perinatal","PPT","","","PPT","","","WBH","HO","PPT","SI5","WBH-HO-07-PPT-ME-SI5"
"20260802_005303","NWB_PARAMETERS AutoFill","MECHANICAL DUCTWORK LAYOUT - LEVEL 07 - ZONE 153","model","selection","smart","Both","skip-other-users","13997007","Duct Accessories","MHT-ME-Fire Damper-02","","LEVEL 07","Supply Air","MHT-ME-FAM-FAM-Fire Damper","NWB_AssetType","Ductwork","Ductwork","Ductwork","SKIP","already-matches","instance","Shared Parameter","7626181","NWB_AssetType","String","False","1","1","37","MDUC","Ductwork","Ductwork","connected:d4:13968667:Air Terminals","NWB-ARC-WBH-AR-MOD-0035","PPT.07.187","Autopsy Room - Perinatal","PPT","","","PPT","","","WBH","HO","PPT","SI5","WBH-HO-07-PPT-ME-SI5"
"20260802_005303","NWB_PARAMETERS AutoFill","MECHANICAL DUCTWORK LAYOUT - LEVEL 07 - ZONE 153","model","selection","smart","Both","skip-other-users","13997007","Duct Accessories","MHT-ME-Fire Damper-02","","LEVEL 07","Supply Air","MHT-ME-FAM-FAM-Fire Damper","NWB_Discipline","ME","ME","ME","SKIP","already-matches","instance","Shared Parameter","7626159","NWB_Discipline","String","False","1","1","37","MDUC","Ductwork","Ductwork","connected:d4:13968667:Air Terminals","NWB-ARC-WBH-AR-MOD-0035","PPT.07.187","Autopsy Room - Perinatal","PPT","","","PPT","","","WBH","HO","PPT","SI5","WBH-HO-07-PPT-ME-SI5"
"20260802_005303","NWB_PARAMETERS AutoFill","MECHANICAL DUCTWORK LAYOUT - LEVEL 07 - ZONE 153","model","selection","smart","Both","skip-other-users","13997007","Duct Accessories","MHT-ME-Fire Damper-02","","LEVEL 07","Supply Air","MHT-ME-FAM-FAM-Fire Damper","NWB_Category","Ductwork","Ductwork","Ductwork","SKIP","already-matches","instance","Shared Parameter","7626160","NWB_Category","String","False","1","1","37","MDUC","Ductwork","Ductwork","connected:d4:13968667:Air Terminals","NWB-ARC-WBH-AR-MOD-0035","PPT.07.187","Autopsy Room - Perinatal","PPT","","","PPT","","","WBH","HO","PPT","SI5","WBH-HO-07-PPT-ME-SI5"
"20260802_005303","NWB_PARAMETERS AutoFill","MECHANICAL DUCTWORK LAYOUT - LEVEL 07 - ZONE 153","model","selection","smart","Both","skip-other-users","13997007","Duct Accessories","MHT-ME-Fire Damper-02","","LEVEL 07","Supply Air","MHT-ME-FAM-FAM-Fire Damper","NWB_Department","PPT","PPT","PPT","SKIP","already-matches","instance","Shared Parameter","7626168","NWB_Department","String","False","1","1","37","MDUC","Ductwork","Ductwork","connected:d4:13968667:Air Terminals","NWB-ARC-WBH-AR-MOD-0035","PPT.07.187","Autopsy Room - Perinatal","PPT","","","PPT","","","WBH","HO","PPT","SI5","WBH-HO-07-PPT-ME-SI5"
"20260802_005303","NWB_PARAMETERS AutoFill","MECHANICAL DUCTWORK LAYOUT - LEVEL 07 - ZONE 153","model","selection","smart","Both","skip-other-users","13997007","Duct Accessories","MHT-ME-Fire Damper-02","","LEVEL 07","Supply Air","MHT-ME-FAM-FAM-Fire Damper","NWB_Material","","","","SKIP","workbook material blank and model material missing","","","","NWB_Material","","","","","37","MDUC","Ductwork","Ductwork","connected:d4:13968667:Air Terminals","NWB-ARC-WBH-AR-MOD-0035","PPT.07.187","Autopsy Room - Perinatal","PPT","","","PPT","","","WBH","HO","PPT","SI5","WBH-HO-07-PPT-ME-SI5"
"20260802_005303","NWB_PARAMETERS AutoFill","MECHANICAL DUCTWORK LAYOUT - LEVEL 07 - ZONE 153","model","selection","smart","Both","skip-other-users","13997007","Duct Accessories","MHT-ME-Fire Damper-02","","LEVEL 07","Supply Air","MHT-ME-FAM-FAM-Fire Damper","NWB_System","Supply Air","Supply Air","Supply Air","SKIP","already-matches","instance","Shared Parameter","7626163","NWB_System","String","False","1","1","37","MDUC","Ductwork","Ductwork","connected:d4:13968667:Air Terminals","NWB-ARC-WBH-AR-MOD-0035","PPT.07.187","Autopsy Room - Perinatal","PPT","","","PPT","","","WBH","HO","PPT","SI5","WBH-HO-07-PPT-ME-SI5"
"20260802_005303","NWB_PARAMETERS AutoFill","MECHANICAL DUCTWORK LAYOUT - LEVEL 07 - ZONE 153","model","selection","smart","Both","skip-other-users","13997007","Duct Accessories","MHT-ME-Fire Damper-02","","LEVEL 07","Supply Air","MHT-ME-FAM-FAM-Fire Damper","NWB_UniclassCode","Pr_65_65_25","Pr_65_65_25","Pr_65_65_25","SKIP","already-matches","instance","Shared Parameter","7626165","NWB_UniclassCode","String","False","1","1","37","MDUC","Ductwork","Ductwork","connected:d4:13968667:Air Terminals","NWB-ARC-WBH-AR-MOD-0035","PPT.07.187","Autopsy Room - Perinatal","PPT","","","PPT","","","WBH","HO","PPT","SI5","WBH-HO-07-PPT-ME-SI5"
"20260802_005303","NWB_PARAMETERS AutoFill","MECHANICAL DUCTWORK LAYOUT - LEVEL 07 - ZONE 153","model","selection","smart","Both","skip-other-users","13997007","Duct Accessories","MHT-ME-Fire Damper-02","","LEVEL 07","Supply Air","MHT-ME-FAM-FAM-Fire Damper","NWB_UniclassDescription","Ductwork and fittings","Ductwork and fittings","Ductwork and fittings","SKIP","already-matches","instance","Shared Parameter","7626166","NWB_UniclassDescription","String","False","1","1","37","MDUC","Ductwork","Ductwork","connected:d4:13968667:Air Terminals","NWB-ARC-WBH-AR-MOD-0035","PPT.07.187","Autopsy Room - Perinatal","PPT","","","PPT","","","WBH","HO","PPT","SI5","WBH-HO-07-PPT-ME-SI5"
"20260802_005303","NWB_PARAMETERS AutoFill","MECHANICAL DUCTWORK LAYOUT - LEVEL 07 - ZONE 153","model","selection","smart","Both","skip-other-users","13997007","Duct Accessories","MHT-ME-Fire Damper-02","","LEVEL 07","Supply Air","MHT-ME-FAM-FAM-Fire Damper","NWB_DesignPkg","NWB-GEN-ME-SCM-1091-A","NWB-GEN-ME-SCM-1091-A","NWB-GEN-ME-SCM-1091-A","SKIP","already-matches","instance","Shared Parameter","7626167","NWB_DesignPkg","String","False","1","1","37","MDUC","Ductwork","Ductwork","connected:d4:13968667:Air Terminals","NWB-ARC-WBH-AR-MOD-0035","PPT.07.187","Autopsy Room - Perinatal","PPT","","","PPT","","","WBH","HO","PPT","SI5","WBH-HO-07-PPT-ME-SI5"
"20260802_005303","NWB_PARAMETERS AutoFill","MECHANICAL DUCTWORK LAYOUT - LEVEL 07 - ZONE 153","model","selection","smart","Both","skip-other-users","13997007","Duct Accessories","MHT-ME-Fire Damper-02","","LEVEL 07","Supply Air","MHT-ME-FAM-FAM-Fire Damper","NWB_BuildingPermitPkg","WBH - BP09","","","SKIP","missing","","","","NWB_BuildingPermitPkg","","","0","0","37","MDUC","Ductwork","Ductwork","connected:d4:13968667:Air Terminals","NWB-ARC-WBH-AR-MOD-0035","PPT.07.187","Autopsy Room - Perinatal","PPT","","","PPT","","","WBH","HO","PPT","SI5","WBH-HO-07-PPT-ME-SI5"
"20260802_005303","NWB_PARAMETERS AutoFill","MECHANICAL DUCTWORK LAYOUT - LEVEL 07 - ZONE 153","model","selection","smart","Both","skip-other-users","13997007","Duct Accessories","MHT-ME-Fire Damper-02","","LEVEL 07","Supply Air","MHT-ME-FAM-FAM-Fire Damper","NWB_WBS00","WBH","WBH","WBH","SKIP","already-matches","instance","Shared Parameter","9214738","NWB_WBS00","String","False","1","1","37","MDUC","Ductwork","Ductwork","connected:d4:13968667:Air Terminals","NWB-ARC-WBH-AR-MOD-0035","PPT.07.187","Autopsy Room - Perinatal","PPT","","","PPT","","","WBH","HO","PPT","SI5","WBH-HO-07-PPT-ME-SI5"
"20260802_005303","NWB_PARAMETERS AutoFill","MECHANICAL DUCTWORK LAYOUT - LEVEL 07 - ZONE 153","model","selection","smart","Both","skip-other-users","13997007","Duct Accessories","MHT-ME-Fire Damper-02","","LEVEL 07","Supply Air","MHT-ME-FAM-FAM-Fire Damper","NWB_WBS01","HO","HO","HO","SKIP","already-matches","instance","Shared Parameter","9214798","NWB_WBS01","String","False","1","1","37","MDUC","Ductwork","Ductwork","connected:d4:13968667:Air Terminals","NWB-ARC-WBH-AR-MOD-0035","PPT.07.187","Autopsy Room - Perinatal","PPT","","","PPT","","","WBH","HO","PPT","SI5","WBH-HO-07-PPT-ME-SI5"
"20260802_005303","NWB_PARAMETERS AutoFill","MECHANICAL DUCTWORK LAYOUT - LEVEL 07 - ZONE 153","model","selection","smart","Both","skip-other-users","13997007","Duct Accessories","MHT-ME-Fire Damper-02","","LEVEL 07","Supply Air","MHT-ME-FAM-FAM-Fire Damper","NWB_WBS02","07","07","07","SKIP","already-matches","instance","Shared Parameter","9214786","NWB_WBS02","String","False","1","1","37","MDUC","Ductwork","Ductwork","connected:d4:13968667:Air Terminals","NWB-ARC-WBH-AR-MOD-0035","PPT.07.187","Autopsy Room - Perinatal","PPT","","","PPT","","","WBH","HO","PPT","SI5","WBH-HO-07-PPT-ME-SI5"
"20260802_005303","NWB_PARAMETERS AutoFill","MECHANICAL DUCTWORK LAYOUT - LEVEL 07 - ZONE 153","model","selection","smart","Both","skip-other-users","13997007","Duct Accessories","MHT-ME-Fire Damper-02","","LEVEL 07","Supply Air","MHT-ME-FAM-FAM-Fire Damper","NWB_WBS03","PPT","PPT","PPT","SKIP","already-matches","instance","Shared Parameter","9214750","NWB_WBS03","String","False","1","1","37","MDUC","Ductwork","Ductwork","connected:d4:13968667:Air Terminals","NWB-ARC-WBH-AR-MOD-0035","PPT.07.187","Autopsy Room - Perinatal","PPT","","","PPT","","","WBH","HO","PPT","SI5","WBH-HO-07-PPT-ME-SI5"
"20260802_005303","NWB_PARAMETERS AutoFill","MECHANICAL DUCTWORK LAYOUT - LEVEL 07 - ZONE 153","model","selection","smart","Both","skip-other-users","13997007","Duct Accessories","MHT-ME-Fire Damper-02","","LEVEL 07","Supply Air","MHT-ME-FAM-FAM-Fire Damper","NWB_WBS04","ME","ME","ME","SKIP","already-matches","instance","Shared Parameter","9214762","NWB_WBS04","String","False","1","1","37","MDUC","Ductwork","Ductwork","connected:d4:13968667:Air Terminals","NWB-ARC-WBH-AR-MOD-0035","PPT.07.187","Autopsy Room - Perinatal","PPT","","","PPT","","","WBH","HO","PPT","SI5","WBH-HO-07-PPT-ME-SI5"
"20260802_005303","NWB_PARAMETERS AutoFill","MECHANICAL DUCTWORK LAYOUT - LEVEL 07 - ZONE 153","model","selection","smart","Both","skip-other-users","13997007","Duct Accessories","MHT-ME-Fire Damper-02","","LEVEL 07","Supply Air","MHT-ME-FAM-FAM-Fire Damper","NWB_WBS05","SI5","SI5","SI5","SKIP","already-matches","instance","Shared Parameter","9214810","NWB_WBS05","String","False","1","1","37","MDUC","Ductwork","Ductwork","connected:d4:13968667:Air Terminals","NWB-ARC-WBH-AR-MOD-0035","PPT.07.187","Autopsy Room - Perinatal","PPT","","","PPT","","","WBH","HO","PPT","SI5","WBH-HO-07-PPT-ME-SI5"
"20260802_005303","NWB_PARAMETERS AutoFill","MECHANICAL DUCTWORK LAYOUT - LEVEL 07 - ZONE 153","model","selection","smart","Both","skip-other-users","13997007","Duct Accessories","MHT-ME-Fire Damper-02","","LEVEL 07","Supply Air","MHT-ME-FAM-FAM-Fire Damper","NWB_WBSCode","WBH-HO-07-PPT-ME-SI5","WBH-HO-07-PPT-ME-SI5","WBH-HO-07-PPT-ME-SI5","SKIP","already-matches","instance","Shared Parameter","9214774","NWB_WBSCode","String","False","1","1","37","MDUC","Ductwork","Ductwork","connected:d4:13968667:Air Terminals","NWB-ARC-WBH-AR-MOD-0035","PPT.07.187","Autopsy Room - Perinatal","PPT","","","PPT","","","WBH","HO","PPT","SI5","WBH-HO-07-PPT-ME-SI5"
"20260802_005303","NWB_PARAMETERS AutoFill","MECHANICAL DUCTWORK LAYOUT - LEVEL 07 - ZONE 153","model","selection","smart","Both","skip-other-users","13997156","Ducts","Rectangular Duct","","LEVEL 07","Supply Air","Flanged Long Radius Elbows / Shoe Branch","NWB_AssetTypeCode","MDUC","MDUC","MDUC","SKIP","already-matches","instance","Shared Parameter","7626182","NWB_AssetTypeCode","String","False","1","1","45","MDUC","Ductwork","Ductwork","connected:d3:13967618:Air Terminals","NWB-ARC-WBH-AR-MOD-0035","PPT.07.162","Body Hold","PPT","","","PPT","","","WBH","HO","PPT","SI5","WBH-HO-07-PPT-ME-SI5"
"20260802_005303","NWB_PARAMETERS AutoFill","MECHANICAL DUCTWORK LAYOUT - LEVEL 07 - ZONE 153","model","selection","smart","Both","skip-other-users","13997156","Ducts","Rectangular Duct","","LEVEL 07","Supply Air","Flanged Long Radius Elbows / Shoe Branch","NWB_AssetType","Ductwork","Ductwork","Ductwork","SKIP","already-matches","instance","Shared Parameter","7626181","NWB_AssetType","String","False","1","1","45","MDUC","Ductwork","Ductwork","connected:d3:13967618:Air Terminals","NWB-ARC-WBH-AR-MOD-0035","PPT.07.162","Body Hold","PPT","","","PPT","","","WBH","HO","PPT","SI5","WBH-HO-07-PPT-ME-SI5"
"20260802_005303","NWB_PARAMETERS AutoFill","MECHANICAL DUCTWORK LAYOUT - LEVEL 07 - ZONE 153","model","selection","smart","Both","skip-other-users","13997156","Ducts","Rectangular Duct","","LEVEL 07","Supply Air","Flanged Long Radius Elbows / Shoe Branch","NWB_Discipline","ME","ME","ME","SKIP","already-matches","instance","Shared Parameter","7626159","NWB_Discipline","String","False","1","1","45","MDUC","Ductwork","Ductwork","connected:d3:13967618:Air Terminals","NWB-ARC-WBH-AR-MOD-0035","PPT.07.162","Body Hold","PPT","","","PPT","","","WBH","HO","PPT","SI5","WBH-HO-07-PPT-ME-SI5"
"20260802_005303","NWB_PARAMETERS AutoFill","MECHANICAL DUCTWORK LAYOUT - LEVEL 07 - ZONE 153","model","selection","smart","Both","skip-other-users","13997156","Ducts","Rectangular Duct","","LEVEL 07","Supply Air","Flanged Long Radius Elbows / Shoe Branch","NWB_Category","Ductwork","Ductwork","Ductwork","SKIP","already-matches","instance","Shared Parameter","7626160","NWB_Category","String","False","1","1","45","MDUC","Ductwork","Ductwork","connected:d3:13967618:Air Terminals","NWB-ARC-WBH-AR-MOD-0035","PPT.07.162","Body Hold","PPT","","","PPT","","","WBH","HO","PPT","SI5","WBH-HO-07-PPT-ME-SI5"
"20260802_005303","NWB_PARAMETERS AutoFill","MECHANICAL DUCTWORK LAYOUT - LEVEL 07 - ZONE 153","model","selection","smart","Both","skip-other-users","13997156","Ducts","Rectangular Duct","","LEVEL 07","Supply Air","Flanged Long Radius Elbows / Shoe Branch","NWB_Department","PPT","PPT","PPT","SKIP","already-matches","instance","Shared Parameter","7626168","NWB_Department","String","False","1","1","45","MDUC","Ductwork","Ductwork","connected:d3:13967618:Air Terminals","NWB-ARC-WBH-AR-MOD-0035","PPT.07.162","Body Hold","PPT","","","PPT","","","WBH","HO","PPT","SI5","WBH-HO-07-PPT-ME-SI5"
"20260802_005303","NWB_PARAMETERS AutoFill","MECHANICAL DUCTWORK LAYOUT - LEVEL 07 - ZONE 153","model","selection","smart","Both","skip-other-users","13997156","Ducts","Rectangular Duct","","LEVEL 07","Supply Air","Flanged Long Radius Elbows / Shoe Branch","NWB_Material","","","","SKIP","workbook material blank and model material missing","","","","NWB_Material","","","","","45","MDUC","Ductwork","Ductwork","connected:d3:13967618:Air Terminals","NWB-ARC-WBH-AR-MOD-0035","PPT.07.162","Body Hold","PPT","","","PPT","","","WBH","HO","PPT","SI5","WBH-HO-07-PPT-ME-SI5"
"20260802_005303","NWB_PARAMETERS AutoFill","MECHANICAL DUCTWORK LAYOUT - LEVEL 07 - ZONE 153","model","selection","smart","Both","skip-other-users","13997156","Ducts","Rectangular Duct","","LEVEL 07","Supply Air","Flanged Long Radius Elbows / Shoe Branch","NWB_System","Supply Air","Supply Air","Supply Air","SKIP","already-matches","instance","Shared Parameter","7626163","NWB_System","String","False","1","1","45","MDUC","Ductwork","Ductwork","connected:d3:13967618:Air Terminals","NWB-ARC-WBH-AR-MOD-0035","PPT.07.162","Body Hold","PPT","","","PPT","","","WBH","HO","PPT","SI5","WBH-HO-07-PPT-ME-SI5"
"20260802_005303","NWB_PARAMETERS AutoFill","MECHANICAL DUCTWORK LAYOUT - LEVEL 07 - ZONE 153","model","selection","smart","Both","skip-other-users","13997156","Ducts","Rectangular Duct","","LEVEL 07","Supply Air","Flanged Long Radius Elbows / Shoe Branch","NWB_UniclassCode","Pr_65_65_25","Pr_65_65_25","Pr_65_65_25","SKIP","already-matches","instance","Shared Parameter","7626165","NWB_UniclassCode","String","False","1","1","45","MDUC","Ductwork","Ductwork","connected:d3:13967618:Air Terminals","NWB-ARC-WBH-AR-MOD-0035","PPT.07.162","Body Hold","PPT","","","PPT","","","WBH","HO","PPT","SI5","WBH-HO-07-PPT-ME-SI5"
"20260802_005303","NWB_PARAMETERS AutoFill","MECHANICAL DUCTWORK LAYOUT - LEVEL 07 - ZONE 153","model","selection","smart","Both","skip-other-users","13997156","Ducts","Rectangular Duct","","LEVEL 07","Supply Air","Flanged Long Radius Elbows / Shoe Branch","NWB_UniclassDescription","Ductwork and fittings","Ductwork and fittings","Ductwork and fittings","SKIP","already-matches","instance","Shared Parameter","7626166","NWB_UniclassDescription","String","False","1","1","45","MDUC","Ductwork","Ductwork","connected:d3:13967618:Air Terminals","NWB-ARC-WBH-AR-MOD-0035","PPT.07.162","Body Hold","PPT","","","PPT","","","WBH","HO","PPT","SI5","WBH-HO-07-PPT-ME-SI5"
"20260802_005303","NWB_PARAMETERS AutoFill","MECHANICAL DUCTWORK LAYOUT - LEVEL 07 - ZONE 153","model","selection","smart","Both","skip-other-users","13997156","Ducts","Rectangular Duct","","LEVEL 07","Supply Air","Flanged Long Radius Elbows / Shoe Branch","NWB_DesignPkg","NWB-GEN-ME-SCM-1091-A","NWB-GEN-ME-SCM-1091-A","NWB-GEN-ME-SCM-1091-A","SKIP","already-matches","instance","Shared Parameter","7626167","NWB_DesignPkg","String","False","1","1","45","MDUC","Ductwork","Ductwork","connected:d3:13967618:Air Terminals","NWB-ARC-WBH-AR-MOD-0035","PPT.07.162","Body Hold","PPT","","","PPT","","","WBH","HO","PPT","SI5","WBH-HO-07-PPT-ME-SI5"
"20260802_005303","NWB_PARAMETERS AutoFill","MECHANICAL DUCTWORK LAYOUT - LEVEL 07 - ZONE 153","model","selection","smart","Both","skip-other-users","13997156","Ducts","Rectangular Duct","","LEVEL 07","Supply Air","Flanged Long Radius Elbows / Shoe Branch","NWB_BuildingPermitPkg","WBH - BP09","","","SKIP","missing","","","","NWB_BuildingPermitPkg","","","0","0","45","MDUC","Ductwork","Ductwork","connected:d3:13967618:Air Terminals","NWB-ARC-WBH-AR-MOD-0035","PPT.07.162","Body Hold","PPT","","","PPT","","","WBH","HO","PPT","SI5","WBH-HO-07-PPT-ME-SI5"
"20260802_005303","NWB_PARAMETERS AutoFill","MECHANICAL DUCTWORK LAYOUT - LEVEL 07 - ZONE 153","model","selection","smart","Both","skip-other-users","13997156","Ducts","Rectangular Duct","","LEVEL 07","Supply Air","Flanged Long Radius Elbows / Shoe Branch","NWB_WBS00","WBH","WBH","WBH","SKIP","already-matches","instance","Shared Parameter","9214738","NWB_WBS00","String","False","1","1","45","MDUC","Ductwork","Ductwork","connected:d3:13967618:Air Terminals","NWB-ARC-WBH-AR-MOD-0035","PPT.07.162","Body Hold","PPT","","","PPT","","","WBH","HO","PPT","SI5","WBH-HO-07-PPT-ME-SI5"
"20260802_005303","NWB_PARAMETERS AutoFill","MECHANICAL DUCTWORK LAYOUT - LEVEL 07 - ZONE 153","model","selection","smart","Both","skip-other-users","13997156","Ducts","Rectangular Duct","","LEVEL 07","Supply Air","Flanged Long Radius Elbows / Shoe Branch","NWB_WBS01","HO","HO","HO","SKIP","already-matches","instance","Shared Parameter","9214798","NWB_WBS01","String","False","1","1","45","MDUC","Ductwork","Ductwork","connected:d3:13967618:Air Terminals","NWB-ARC-WBH-AR-MOD-0035","PPT.07.162","Body Hold","PPT","","","PPT","","","WBH","HO","PPT","SI5","WBH-HO-07-PPT-ME-SI5"
"20260802_005303","NWB_PARAMETERS AutoFill","MECHANICAL DUCTWORK LAYOUT - LEVEL 07 - ZONE 153","model","selection","smart","Both","skip-other-users","13997156","Ducts","Rectangular Duct","","LEVEL 07","Supply Air","Flanged Long Radius Elbows / Shoe Branch","NWB_WBS02","07","07","07","SKIP","already-matches","instance","Shared Parameter","9214786","NWB_WBS02","String","False","1","1","45","MDUC","Ductwork","Ductwork","connected:d3:13967618:Air Terminals","NWB-ARC-WBH-AR-MOD-0035","PPT.07.162","Body Hold","PPT","","","PPT","","","WBH","HO","PPT","SI5","WBH-HO-07-PPT-ME-SI5"
"20260802_005303","NWB_PARAMETERS AutoFill","MECHANICAL DUCTWORK LAYOUT - LEVEL 07 - ZONE 153","model","selection","smart","Both","skip-other-users","13997156","Ducts","Rectangular Duct","","LEVEL 07","Supply Air","Flanged Long Radius Elbows / Shoe Branch","NWB_WBS03","PPT","PPT","PPT","SKIP","already-matches","instance","Shared Parameter","9214750","NWB_WBS03","String","False","1","1","45","MDUC","Ductwork","Ductwork","connected:d3:13967618:Air Terminals","NWB-ARC-WBH-AR-MOD-0035","PPT.07.162","Body Hold","PPT","","","PPT","","","WBH","HO","PPT","SI5","WBH-HO-07-PPT-ME-SI5"
"20260802_005303","NWB_PARAMETERS AutoFill","MECHANICAL DUCTWORK LAYOUT - LEVEL 07 - ZONE 153","model","selection","smart","Both","skip-other-users","13997156","Ducts","Rectangular Duct","","LEVEL 07","Supply Air","Flanged Long Radius Elbows / Shoe Branch","NWB_WBS04","ME","ME","ME","SKIP","already-matches","instance","Shared Parameter","9214762","NWB_WBS04","String","False","1","1","45","MDUC","Ductwork","Ductwork","connected:d3:13967618:Air Terminals","NWB-ARC-WBH-AR-MOD-0035","PPT.07.162","Body Hold","PPT","","","PPT","","","WBH","HO","PPT","SI5","WBH-HO-07-PPT-ME-SI5"
"20260802_005303","NWB_PARAMETERS AutoFill","MECHANICAL DUCTWORK LAYOUT - LEVEL 07 - ZONE 153","model","selection","smart","Both","skip-other-users","13997156","Ducts","Rectangular Duct","","LEVEL 07","Supply Air","Flanged Long Radius Elbows / Shoe Branch","NWB_WBS05","SI5","SI5","SI5","SKIP","already-matches","instance","Shared Parameter","9214810","NWB_WBS05","String","False","1","1","45","MDUC","Ductwork","Ductwork","connected:d3:13967618:Air Terminals","NWB-ARC-WBH-AR-MOD-0035","PPT.07.162","Body Hold","PPT","","","PPT","","","WBH","HO","PPT","SI5","WBH-HO-07-PPT-ME-SI5"
"20260802_005303","NWB_PARAMETERS AutoFill","MECHANICAL DUCTWORK LAYOUT - LEVEL 07 - ZONE 153","model","selection","smart","Both","skip-other-users","13997156","Ducts","Rectangular Duct","","LEVEL 07","Supply Air","Flanged Long Radius Elbows / Shoe Branch","NWB_WBSCode","WBH-HO-07-PPT-ME-SI5","WBH-HO-07-PPT-ME-SI5","WBH-HO-07-PPT-ME-SI5","SKIP","already-matches","instance","Shared Parameter","9214774","NWB_WBSCode","String","False","1","1","45","MDUC","Ductwork","Ductwork","connected:d3:13967618:Air Terminals","NWB-ARC-WBH-AR-MOD-0035","PPT.07.162","Body Hold","PPT","","","PPT","","","WBH","HO","PPT","SI5","WBH-HO-07-PPT-ME-SI5"
"20260802_005303","NWB_PARAMETERS AutoFill","MECHANICAL DUCTWORK LAYOUT - LEVEL 07 - ZONE 153","model","selection","smart","Both","skip-other-users","14892679","Duct Accessories","MHT-ME-Fire Damper-02","","LEVEL 07","Exhaust Air","MHT-ME-FAM-FAM-Fire Damper","NWB_AssetTypeCode","MDUC","MDUC","MDUC","SKIP","already-matches","instance","Shared Parameter","7626182","NWB_AssetTypeCode","String","False","1","1","37","MDUC","Ductwork","Ductwork","connected:d3:14893466:Air Terminals","NWB-ARC-WBH-AR-MOD-0035","PAT.07.106","Disposal Room, 10m2","PAT","","","PAT","","","WBH","HO","PAT","SI5","WBH-HO-07-PAT-ME-SI5"
"20260802_005303","NWB_PARAMETERS AutoFill","MECHANICAL DUCTWORK LAYOUT - LEVEL 07 - ZONE 153","model","selection","smart","Both","skip-other-users","14892679","Duct Accessories","MHT-ME-Fire Damper-02","","LEVEL 07","Exhaust Air","MHT-ME-FAM-FAM-Fire Damper","NWB_AssetType","Ductwork","Ductwork","Ductwork","SKIP","already-matches","instance","Shared Parameter","7626181","NWB_AssetType","String","False","1","1","37","MDUC","Ductwork","Ductwork","connected:d3:14893466:Air Terminals","NWB-ARC-WBH-AR-MOD-0035","PAT.07.106","Disposal Room, 10m2","PAT","","","PAT","","","WBH","HO","PAT","SI5","WBH-HO-07-PAT-ME-SI5"
"20260802_005303","NWB_PARAMETERS AutoFill","MECHANICAL DUCTWORK LAYOUT - LEVEL 07 - ZONE 153","model","selection","smart","Both","skip-other-users","14892679","Duct Accessories","MHT-ME-Fire Damper-02","","LEVEL 07","Exhaust Air","MHT-ME-FAM-FAM-Fire Damper","NWB_Discipline","ME","ME","ME","SKIP","already-matches","instance","Shared Parameter","7626159","NWB_Discipline","String","False","1","1","37","MDUC","Ductwork","Ductwork","connected:d3:14893466:Air Terminals","NWB-ARC-WBH-AR-MOD-0035","PAT.07.106","Disposal Room, 10m2","PAT","","","PAT","","","WBH","HO","PAT","SI5","WBH-HO-07-PAT-ME-SI5"
"20260802_005303","NWB_PARAMETERS AutoFill","MECHANICAL DUCTWORK LAYOUT - LEVEL 07 - ZONE 153","model","selection","smart","Both","skip-other-users","14892679","Duct Accessories","MHT-ME-Fire Damper-02","","LEVEL 07","Exhaust Air","MHT-ME-FAM-FAM-Fire Damper","NWB_Category","Ductwork","Ductwork","Ductwork","SKIP","already-matches","instance","Shared Parameter","7626160","NWB_Category","String","False","1","1","37","MDUC","Ductwork","Ductwork","connected:d3:14893466:Air Terminals","NWB-ARC-WBH-AR-MOD-0035","PAT.07.106","Disposal Room, 10m2","PAT","","","PAT","","","WBH","HO","PAT","SI5","WBH-HO-07-PAT-ME-SI5"
"20260802_005303","NWB_PARAMETERS AutoFill","MECHANICAL DUCTWORK LAYOUT - LEVEL 07 - ZONE 153","model","selection","smart","Both","skip-other-users","14892679","Duct Accessories","MHT-ME-Fire Damper-02","","LEVEL 07","Exhaust Air","MHT-ME-FAM-FAM-Fire Damper","NWB_Material","","","","SKIP","workbook material blank and model material missing","","","","NWB_Material","","","","","37","MDUC","Ductwork","Ductwork","connected:d3:14893466:Air Terminals","NWB-ARC-WBH-AR-MOD-0035","PAT.07.106","Disposal Room, 10m2","PAT","","","PAT","","","WBH","HO","PAT","SI5","WBH-HO-07-PAT-ME-SI5"
"20260802_005303","NWB_PARAMETERS AutoFill","MECHANICAL DUCTWORK LAYOUT - LEVEL 07 - ZONE 153","model","selection","smart","Both","skip-other-users","14892679","Duct Accessories","MHT-ME-Fire Damper-02","","LEVEL 07","Exhaust Air","MHT-ME-FAM-FAM-Fire Damper","NWB_System","Exhaust Air","Exhaust Air","Exhaust Air","SKIP","already-matches","instance","Shared Parameter","7626163","NWB_System","String","False","1","1","37","MDUC","Ductwork","Ductwork","connected:d3:14893466:Air Terminals","NWB-ARC-WBH-AR-MOD-0035","PAT.07.106","Disposal Room, 10m2","PAT","","","PAT","","","WBH","HO","PAT","SI5","WBH-HO-07-PAT-ME-SI5"
"20260802_005303","NWB_PARAMETERS AutoFill","MECHANICAL DUCTWORK LAYOUT - LEVEL 07 - ZONE 153","model","selection","smart","Both","skip-other-users","14892679","Duct Accessories","MHT-ME-Fire Damper-02","","LEVEL 07","Exhaust Air","MHT-ME-FAM-FAM-Fire Damper","NWB_UniclassCode","Pr_65_65_25","Pr_65_65_25","Pr_65_65_25","SKIP","already-matches","instance","Shared Parameter","7626165","NWB_UniclassCode","String","False","1","1","37","MDUC","Ductwork","Ductwork","connected:d3:14893466:Air Terminals","NWB-ARC-WBH-AR-MOD-0035","PAT.07.106","Disposal Room, 10m2","PAT","","","PAT","","","WBH","HO","PAT","SI5","WBH-HO-07-PAT-ME-SI5"
"20260802_005303","NWB_PARAMETERS AutoFill","MECHANICAL DUCTWORK LAYOUT - LEVEL 07 - ZONE 153","model","selection","smart","Both","skip-other-users","14892679","Duct Accessories","MHT-ME-Fire Damper-02","","LEVEL 07","Exhaust Air","MHT-ME-FAM-FAM-Fire Damper","NWB_UniclassDescription","Ductwork and fittings","Ductwork and fittings","Ductwork and fittings","SKIP","already-matches","instance","Shared Parameter","7626166","NWB_UniclassDescription","String","False","1","1","37","MDUC","Ductwork","Ductwork","connected:d3:14893466:Air Terminals","NWB-ARC-WBH-AR-MOD-0035","PAT.07.106","Disposal Room, 10m2","PAT","","","PAT","","","WBH","HO","PAT","SI5","WBH-HO-07-PAT-ME-SI5"
"20260802_005303","NWB_PARAMETERS AutoFill","MECHANICAL DUCTWORK LAYOUT - LEVEL 07 - ZONE 153","model","selection","smart","Both","skip-other-users","14892679","Duct Accessories","MHT-ME-Fire Damper-02","","LEVEL 07","Exhaust Air","MHT-ME-FAM-FAM-Fire Damper","NWB_DesignPkg","NWB-GEN-ME-SCM-1091-A","NWB-GEN-ME-SCM-1091-A","NWB-GEN-ME-SCM-1091-A","SKIP","already-matches","instance","Shared Parameter","7626167","NWB_DesignPkg","String","False","1","1","37","MDUC","Ductwork","Ductwork","connected:d3:14893466:Air Terminals","NWB-ARC-WBH-AR-MOD-0035","PAT.07.106","Disposal Room, 10m2","PAT","","","PAT","","","WBH","HO","PAT","SI5","WBH-HO-07-PAT-ME-SI5"
"20260802_005303","NWB_PARAMETERS AutoFill","MECHANICAL DUCTWORK LAYOUT - LEVEL 07 - ZONE 153","model","selection","smart","Both","skip-other-users","14892679","Duct Accessories","MHT-ME-Fire Damper-02","","LEVEL 07","Exhaust Air","MHT-ME-FAM-FAM-Fire Damper","NWB_BuildingPermitPkg","WBH - BP09","","","SKIP","missing","","","","NWB_BuildingPermitPkg","","","0","0","37","MDUC","Ductwork","Ductwork","connected:d3:14893466:Air Terminals","NWB-ARC-WBH-AR-MOD-0035","PAT.07.106","Disposal Room, 10m2","PAT","","","PAT","","","WBH","HO","PAT","SI5","WBH-HO-07-PAT-ME-SI5"
"20260802_005303","NWB_PARAMETERS AutoFill","MECHANICAL DUCTWORK LAYOUT - LEVEL 07 - ZONE 153","model","selection","smart","Both","skip-other-users","14892679","Duct Accessories","MHT-ME-Fire Damper-02","","LEVEL 07","Exhaust Air","MHT-ME-FAM-FAM-Fire Damper","NWB_WBS00","WBH","WBH","WBH","SKIP","already-matches","instance","Shared Parameter","9214738","NWB_WBS00","String","False","1","1","37","MDUC","Ductwork","Ductwork","connected:d3:14893466:Air Terminals","NWB-ARC-WBH-AR-MOD-0035","PAT.07.106","Disposal Room, 10m2","PAT","","","PAT","","","WBH","HO","PAT","SI5","WBH-HO-07-PAT-ME-SI5"
"20260802_005303","NWB_PARAMETERS AutoFill","MECHANICAL DUCTWORK LAYOUT - LEVEL 07 - ZONE 153","model","selection","smart","Both","skip-other-users","14892679","Duct Accessories","MHT-ME-Fire Damper-02","","LEVEL 07","Exhaust Air","MHT-ME-FAM-FAM-Fire Damper","NWB_WBS01","HO","HO","HO","SKIP","already-matches","instance","Shared Parameter","9214798","NWB_WBS01","String","False","1","1","37","MDUC","Ductwork","Ductwork","connected:d3:14893466:Air Terminals","NWB-ARC-WBH-AR-MOD-0035","PAT.07.106","Disposal Room, 10m2","PAT","","","PAT","","","WBH","HO","PAT","SI5","WBH-HO-07-PAT-ME-SI5"
"20260802_005303","NWB_PARAMETERS AutoFill","MECHANICAL DUCTWORK LAYOUT - LEVEL 07 - ZONE 153","model","selection","smart","Both","skip-other-users","14892679","Duct Accessories","MHT-ME-Fire Damper-02","","LEVEL 07","Exhaust Air","MHT-ME-FAM-FAM-Fire Damper","NWB_WBS02","07","07","07","SKIP","already-matches","instance","Shared Parameter","9214786","NWB_WBS02","String","False","1","1","37","MDUC","Ductwork","Ductwork","connected:d3:14893466:Air Terminals","NWB-ARC-WBH-AR-MOD-0035","PAT.07.106","Disposal Room, 10m2","PAT","","","PAT","","","WBH","HO","PAT","SI5","WBH-HO-07-PAT-ME-SI5"
"20260802_005303","NWB_PARAMETERS AutoFill","MECHANICAL DUCTWORK LAYOUT - LEVEL 07 - ZONE 153","model","selection","smart","Both","skip-other-users","14892679","Duct Accessories","MHT-ME-Fire Damper-02","","LEVEL 07","Exhaust Air","MHT-ME-FAM-FAM-Fire Damper","NWB_WBS04","ME","ME","ME","SKIP","already-matches","instance","Shared Parameter","9214762","NWB_WBS04","String","False","1","1","37","MDUC","Ductwork","Ductwork","connected:d3:14893466:Air Terminals","NWB-ARC-WBH-AR-MOD-0035","PAT.07.106","Disposal Room, 10m2","PAT","","","PAT","","","WBH","HO","PAT","SI5","WBH-HO-07-PAT-ME-SI5"
"20260802_005303","NWB_PARAMETERS AutoFill","MECHANICAL DUCTWORK LAYOUT - LEVEL 07 - ZONE 153","model","selection","smart","Both","skip-other-users","14892679","Duct Accessories","MHT-ME-Fire Damper-02","","LEVEL 07","Exhaust Air","MHT-ME-FAM-FAM-Fire Damper","NWB_WBS05","SI5","SI5","SI5","SKIP","already-matches","instance","Shared Parameter","9214810","NWB_WBS05","String","False","1","1","37","MDUC","Ductwork","Ductwork","connected:d3:14893466:Air Terminals","NWB-ARC-WBH-AR-MOD-0035","PAT.07.106","Disposal Room, 10m2","PAT","","","PAT","","","WBH","HO","PAT","SI5","WBH-HO-07-PAT-ME-SI5"
"20260802_005303","NWB_PARAMETERS AutoFill","MECHANICAL DUCTWORK LAYOUT - LEVEL 07 - ZONE 153","model","selection","smart","Both","skip-other-users","14892700","Ducts","Rectangular Duct","","LEVEL 07","Exhaust Air","Flanged Long Radius Elbows / Shoe Branch","NWB_AssetTypeCode","MDUC","MDUC","MDUC","SKIP","already-matches","instance","Shared Parameter","7626182","NWB_AssetTypeCode","String","False","1","1","45","MDUC","Ductwork","Ductwork","connected:d2:14950650:Air Terminals","NWB-ARC-WBH-AR-MOD-0035","PPT.07.186","Anteroom","PPT","","","PPT","","","WBH","HO","PPT","SI5","WBH-HO-07-PPT-ME-SI5"
"20260802_005303","NWB_PARAMETERS AutoFill","MECHANICAL DUCTWORK LAYOUT - LEVEL 07 - ZONE 153","model","selection","smart","Both","skip-other-users","14892700","Ducts","Rectangular Duct","","LEVEL 07","Exhaust Air","Flanged Long Radius Elbows / Shoe Branch","NWB_AssetType","Ductwork","Ductwork","Ductwork","SKIP","already-matches","instance","Shared Parameter","7626181","NWB_AssetType","String","False","1","1","45","MDUC","Ductwork","Ductwork","connected:d2:14950650:Air Terminals","NWB-ARC-WBH-AR-MOD-0035","PPT.07.186","Anteroom","PPT","","","PPT","","","WBH","HO","PPT","SI5","WBH-HO-07-PPT-ME-SI5"
"20260802_005303","NWB_PARAMETERS AutoFill","MECHANICAL DUCTWORK LAYOUT - LEVEL 07 - ZONE 153","model","selection","smart","Both","skip-other-users","14892700","Ducts","Rectangular Duct","","LEVEL 07","Exhaust Air","Flanged Long Radius Elbows / Shoe Branch","NWB_Discipline","ME","ME","ME","SKIP","already-matches","instance","Shared Parameter","7626159","NWB_Discipline","String","False","1","1","45","MDUC","Ductwork","Ductwork","connected:d2:14950650:Air Terminals","NWB-ARC-WBH-AR-MOD-0035","PPT.07.186","Anteroom","PPT","","","PPT","","","WBH","HO","PPT","SI5","WBH-HO-07-PPT-ME-SI5"
"20260802_005303","NWB_PARAMETERS AutoFill","MECHANICAL DUCTWORK LAYOUT - LEVEL 07 - ZONE 153","model","selection","smart","Both","skip-other-users","14892700","Ducts","Rectangular Duct","","LEVEL 07","Exhaust Air","Flanged Long Radius Elbows / Shoe Branch","NWB_Category","Ductwork","Ductwork","Ductwork","SKIP","already-matches","instance","Shared Parameter","7626160","NWB_Category","String","False","1","1","45","MDUC","Ductwork","Ductwork","connected:d2:14950650:Air Terminals","NWB-ARC-WBH-AR-MOD-0035","PPT.07.186","Anteroom","PPT","","","PPT","","","WBH","HO","PPT","SI5","WBH-HO-07-PPT-ME-SI5"
"20260802_005303","NWB_PARAMETERS AutoFill","MECHANICAL DUCTWORK LAYOUT - LEVEL 07 - ZONE 153","model","selection","smart","Both","skip-other-users","14892700","Ducts","Rectangular Duct","","LEVEL 07","Exhaust Air","Flanged Long Radius Elbows / Shoe Branch","NWB_Department","PPT","PPT","PPT","SKIP","already-matches","instance","Shared Parameter","7626168","NWB_Department","String","False","1","1","45","MDUC","Ductwork","Ductwork","connected:d2:14950650:Air Terminals","NWB-ARC-WBH-AR-MOD-0035","PPT.07.186","Anteroom","PPT","","","PPT","","","WBH","HO","PPT","SI5","WBH-HO-07-PPT-ME-SI5"
"20260802_005303","NWB_PARAMETERS AutoFill","MECHANICAL DUCTWORK LAYOUT - LEVEL 07 - ZONE 153","model","selection","smart","Both","skip-other-users","14892700","Ducts","Rectangular Duct","","LEVEL 07","Exhaust Air","Flanged Long Radius Elbows / Shoe Branch","NWB_Material","","","","SKIP","workbook material blank and model material missing","","","","NWB_Material","","","","","45","MDUC","Ductwork","Ductwork","connected:d2:14950650:Air Terminals","NWB-ARC-WBH-AR-MOD-0035","PPT.07.186","Anteroom","PPT","","","PPT","","","WBH","HO","PPT","SI5","WBH-HO-07-PPT-ME-SI5"
"20260802_005303","NWB_PARAMETERS AutoFill","MECHANICAL DUCTWORK LAYOUT - LEVEL 07 - ZONE 153","model","selection","smart","Both","skip-other-users","14892700","Ducts","Rectangular Duct","","LEVEL 07","Exhaust Air","Flanged Long Radius Elbows / Shoe Branch","NWB_System","Exhaust Air","Exhaust Air","Exhaust Air","SKIP","already-matches","instance","Shared Parameter","7626163","NWB_System","String","False","1","1","45","MDUC","Ductwork","Ductwork","connected:d2:14950650:Air Terminals","NWB-ARC-WBH-AR-MOD-0035","PPT.07.186","Anteroom","PPT","","","PPT","","","WBH","HO","PPT","SI5","WBH-HO-07-PPT-ME-SI5"
"20260802_005303","NWB_PARAMETERS AutoFill","MECHANICAL DUCTWORK LAYOUT - LEVEL 07 - ZONE 153","model","selection","smart","Both","skip-other-users","14892700","Ducts","Rectangular Duct","","LEVEL 07","Exhaust Air","Flanged Long Radius Elbows / Shoe Branch","NWB_UniclassCode","Pr_65_65_25","Pr_65_65_25","Pr_65_65_25","SKIP","already-matches","instance","Shared Parameter","7626165","NWB_UniclassCode","String","False","1","1","45","MDUC","Ductwork","Ductwork","connected:d2:14950650:Air Terminals","NWB-ARC-WBH-AR-MOD-0035","PPT.07.186","Anteroom","PPT","","","PPT","","","WBH","HO","PPT","SI5","WBH-HO-07-PPT-ME-SI5"
"20260802_005303","NWB_PARAMETERS AutoFill","MECHANICAL DUCTWORK LAYOUT - LEVEL 07 - ZONE 153","model","selection","smart","Both","skip-other-users","14892700","Ducts","Rectangular Duct","","LEVEL 07","Exhaust Air","Flanged Long Radius Elbows / Shoe Branch","NWB_UniclassDescription","Ductwork and fittings","Ductwork and fittings","Ductwork and fittings","SKIP","already-matches","instance","Shared Parameter","7626166","NWB_UniclassDescription","String","False","1","1","45","MDUC","Ductwork","Ductwork","connected:d2:14950650:Air Terminals","NWB-ARC-WBH-AR-MOD-0035","PPT.07.186","Anteroom","PPT","","","PPT","","","WBH","HO","PPT","SI5","WBH-HO-07-PPT-ME-SI5"
"20260802_005303","NWB_PARAMETERS AutoFill","MECHANICAL DUCTWORK LAYOUT - LEVEL 07 - ZONE 153","model","selection","smart","Both","skip-other-users","14892700","Ducts","Rectangular Duct","","LEVEL 07","Exhaust Air","Flanged Long Radius Elbows / Shoe Branch","NWB_DesignPkg","NWB-GEN-ME-SCM-1091-A","NWB-GEN-ME-SCM-1091-A","NWB-GEN-ME-SCM-1091-A","SKIP","already-matches","instance","Shared Parameter","7626167","NWB_DesignPkg","String","False","1","1","45","MDUC","Ductwork","Ductwork","connected:d2:14950650:Air Terminals","NWB-ARC-WBH-AR-MOD-0035","PPT.07.186","Anteroom","PPT","","","PPT","","","WBH","HO","PPT","SI5","WBH-HO-07-PPT-ME-SI5"
"20260802_005303","NWB_PARAMETERS AutoFill","MECHANICAL DUCTWORK LAYOUT - LEVEL 07 - ZONE 153","model","selection","smart","Both","skip-other-users","14892700","Ducts","Rectangular Duct","","LEVEL 07","Exhaust Air","Flanged Long Radius Elbows / Shoe Branch","NWB_BuildingPermitPkg","WBH - BP09","","","SKIP","missing","","","","NWB_BuildingPermitPkg","","","0","0","45","MDUC","Ductwork","Ductwork","connected:d2:14950650:Air Terminals","NWB-ARC-WBH-AR-MOD-0035","PPT.07.186","Anteroom","PPT","","","PPT","","","WBH","HO","PPT","SI5","WBH-HO-07-PPT-ME-SI5"
"20260802_005303","NWB_PARAMETERS AutoFill","MECHANICAL DUCTWORK LAYOUT - LEVEL 07 - ZONE 153","model","selection","smart","Both","skip-other-users","14892700","Ducts","Rectangular Duct","","LEVEL 07","Exhaust Air","Flanged Long Radius Elbows / Shoe Branch","NWB_WBS00","WBH","WBH","WBH","SKIP","already-matches","instance","Shared Parameter","9214738","NWB_WBS00","String","False","1","1","45","MDUC","Ductwork","Ductwork","connected:d2:14950650:Air Terminals","NWB-ARC-WBH-AR-MOD-0035","PPT.07.186","Anteroom","PPT","","","PPT","","","WBH","HO","PPT","SI5","WBH-HO-07-PPT-ME-SI5"
"20260802_005303","NWB_PARAMETERS AutoFill","MECHANICAL DUCTWORK LAYOUT - LEVEL 07 - ZONE 153","model","selection","smart","Both","skip-other-users","14892700","Ducts","Rectangular Duct","","LEVEL 07","Exhaust Air","Flanged Long Radius Elbows / Shoe Branch","NWB_WBS01","HO","HO","HO","SKIP","already-matches","instance","Shared Parameter","9214798","NWB_WBS01","String","False","1","1","45","MDUC","Ductwork","Ductwork","connected:d2:14950650:Air Terminals","NWB-ARC-WBH-AR-MOD-0035","PPT.07.186","Anteroom","PPT","","","PPT","","","WBH","HO","PPT","SI5","WBH-HO-07-PPT-ME-SI5"
"20260802_005303","NWB_PARAMETERS AutoFill","MECHANICAL DUCTWORK LAYOUT - LEVEL 07 - ZONE 153","model","selection","smart","Both","skip-other-users","14892700","Ducts","Rectangular Duct","","LEVEL 07","Exhaust Air","Flanged Long Radius Elbows / Shoe Branch","NWB_WBS02","07","07","07","SKIP","already-matches","instance","Shared Parameter","9214786","NWB_WBS02","String","False","1","1","45","MDUC","Ductwork","Ductwork","connected:d2:14950650:Air Terminals","NWB-ARC-WBH-AR-MOD-0035","PPT.07.186","Anteroom","PPT","","","PPT","","","WBH","HO","PPT","SI5","WBH-HO-07-PPT-ME-SI5"
"20260802_005303","NWB_PARAMETERS AutoFill","MECHANICAL DUCTWORK LAYOUT - LEVEL 07 - ZONE 153","model","selection","smart","Both","skip-other-users","14892700","Ducts","Rectangular Duct","","LEVEL 07","Exhaust Air","Flanged Long Radius Elbows / Shoe Branch","NWB_WBS03","PPT","PPT","PPT","SKIP","already-matches","instance","Shared Parameter","9214750","NWB_WBS03","String","False","1","1","45","MDUC","Ductwork","Ductwork","connected:d2:14950650:Air Terminals","NWB-ARC-WBH-AR-MOD-0035","PPT.07.186","Anteroom","PPT","","","PPT","","","WBH","HO","PPT","SI5","WBH-HO-07-PPT-ME-SI5"
"20260802_005303","NWB_PARAMETERS AutoFill","MECHANICAL DUCTWORK LAYOUT - LEVEL 07 - ZONE 153","model","selection","smart","Both","skip-other-users","14892700","Ducts","Rectangular Duct","","LEVEL 07","Exhaust Air","Flanged Long Radius Elbows / Shoe Branch","NWB_WBS04","ME","ME","ME","SKIP","already-matches","instance","Shared Parameter","9214762","NWB_WBS04","String","False","1","1","45","MDUC","Ductwork","Ductwork","connected:d2:14950650:Air Terminals","NWB-ARC-WBH-AR-MOD-0035","PPT.07.186","Anteroom","PPT","","","PPT","","","WBH","HO","PPT","SI5","WBH-HO-07-PPT-ME-SI5"
"20260802_005303","NWB_PARAMETERS AutoFill","MECHANICAL DUCTWORK LAYOUT - LEVEL 07 - ZONE 153","model","selection","smart","Both","skip-other-users","14892700","Ducts","Rectangular Duct","","LEVEL 07","Exhaust Air","Flanged Long Radius Elbows / Shoe Branch","NWB_WBS05","SI5","SI5","SI5","SKIP","already-matches","instance","Shared Parameter","9214810","NWB_WBS05","String","False","1","1","45","MDUC","Ductwork","Ductwork","connected:d2:14950650:Air Terminals","NWB-ARC-WBH-AR-MOD-0035","PPT.07.186","Anteroom","PPT","","","PPT","","","WBH","HO","PPT","SI5","WBH-HO-07-PPT-ME-SI5"
"20260802_005303","NWB_PARAMETERS AutoFill","MECHANICAL DUCTWORK LAYOUT - LEVEL 07 - ZONE 153","model","selection","smart","Both","skip-other-users","14892700","Ducts","Rectangular Duct","","LEVEL 07","Exhaust Air","Flanged Long Radius Elbows / Shoe Branch","NWB_WBSCode","WBH-HO-07-PPT-ME-SI5","WBH-HO-07-PPT-ME-SI5","WBH-HO-07-PPT-ME-SI5","SKIP","already-matches","instance","Shared Parameter","9214774","NWB_WBSCode","String","False","1","1","45","MDUC","Ductwork","Ductwork","connected:d2:14950650:Air Terminals","NWB-ARC-WBH-AR-MOD-0035","PPT.07.186","Anteroom","PPT","","","PPT","","","WBH","HO","PPT","SI5","WBH-HO-07-PPT-ME-SI5"
"20260802_005303","NWB_PARAMETERS AutoFill","MECHANICAL DUCTWORK LAYOUT - LEVEL 07 - ZONE 153","model","selection","smart","Both","skip-other-users","15473068","Ducts","Rectangular Duct","","LEVEL 07","Supply Air","Flanged Long Radius Elbows / Shoe Branch","NWB_AssetTypeCode","MDUC","MDUC","MDUC","SKIP","already-matches","instance","Shared Parameter","7626182","NWB_AssetTypeCode","String","False","1","1","45","MDUC","Ductwork","Ductwork","connected:d3:13968801:Air Terminals","NWB-ARC-WBH-AR-MOD-0035","PPT.07.186","Anteroom","PPT","","","PPT","","","WBH","HO","PPT","SI5","WBH-HO-07-PPT-ME-SI5"
"20260802_005303","NWB_PARAMETERS AutoFill","MECHANICAL DUCTWORK LAYOUT - LEVEL 07 - ZONE 153","model","selection","smart","Both","skip-other-users","15473068","Ducts","Rectangular Duct","","LEVEL 07","Supply Air","Flanged Long Radius Elbows / Shoe Branch","NWB_AssetType","Ductwork","Ductwork","Ductwork","SKIP","already-matches","instance","Shared Parameter","7626181","NWB_AssetType","String","False","1","1","45","MDUC","Ductwork","Ductwork","connected:d3:13968801:Air Terminals","NWB-ARC-WBH-AR-MOD-0035","PPT.07.186","Anteroom","PPT","","","PPT","","","WBH","HO","PPT","SI5","WBH-HO-07-PPT-ME-SI5"
"20260802_005303","NWB_PARAMETERS AutoFill","MECHANICAL DUCTWORK LAYOUT - LEVEL 07 - ZONE 153","model","selection","smart","Both","skip-other-users","15473068","Ducts","Rectangular Duct","","LEVEL 07","Supply Air","Flanged Long Radius Elbows / Shoe Branch","NWB_Discipline","ME","ME","ME","SKIP","already-matches","instance","Shared Parameter","7626159","NWB_Discipline","String","False","1","1","45","MDUC","Ductwork","Ductwork","connected:d3:13968801:Air Terminals","NWB-ARC-WBH-AR-MOD-0035","PPT.07.186","Anteroom","PPT","","","PPT","","","WBH","HO","PPT","SI5","WBH-HO-07-PPT-ME-SI5"
"20260802_005303","NWB_PARAMETERS AutoFill","MECHANICAL DUCTWORK LAYOUT - LEVEL 07 - ZONE 153","model","selection","smart","Both","skip-other-users","15473068","Ducts","Rectangular Duct","","LEVEL 07","Supply Air","Flanged Long Radius Elbows / Shoe Branch","NWB_Category","Ductwork","Ductwork","Ductwork","SKIP","already-matches","instance","Shared Parameter","7626160","NWB_Category","String","False","1","1","45","MDUC","Ductwork","Ductwork","connected:d3:13968801:Air Terminals","NWB-ARC-WBH-AR-MOD-0035","PPT.07.186","Anteroom","PPT","","","PPT","","","WBH","HO","PPT","SI5","WBH-HO-07-PPT-ME-SI5"
"20260802_005303","NWB_PARAMETERS AutoFill","MECHANICAL DUCTWORK LAYOUT - LEVEL 07 - ZONE 153","model","selection","smart","Both","skip-other-users","15473068","Ducts","Rectangular Duct","","LEVEL 07","Supply Air","Flanged Long Radius Elbows / Shoe Branch","NWB_Department","PPT","PPT","PPT","SKIP","already-matches","instance","Shared Parameter","7626168","NWB_Department","String","False","1","1","45","MDUC","Ductwork","Ductwork","connected:d3:13968801:Air Terminals","NWB-ARC-WBH-AR-MOD-0035","PPT.07.186","Anteroom","PPT","","","PPT","","","WBH","HO","PPT","SI5","WBH-HO-07-PPT-ME-SI5"
"20260802_005303","NWB_PARAMETERS AutoFill","MECHANICAL DUCTWORK LAYOUT - LEVEL 07 - ZONE 153","model","selection","smart","Both","skip-other-users","15473068","Ducts","Rectangular Duct","","LEVEL 07","Supply Air","Flanged Long Radius Elbows / Shoe Branch","NWB_Material","","","","SKIP","workbook material blank and model material missing","","","","NWB_Material","","","","","45","MDUC","Ductwork","Ductwork","connected:d3:13968801:Air Terminals","NWB-ARC-WBH-AR-MOD-0035","PPT.07.186","Anteroom","PPT","","","PPT","","","WBH","HO","PPT","SI5","WBH-HO-07-PPT-ME-SI5"
"20260802_005303","NWB_PARAMETERS AutoFill","MECHANICAL DUCTWORK LAYOUT - LEVEL 07 - ZONE 153","model","selection","smart","Both","skip-other-users","15473068","Ducts","Rectangular Duct","","LEVEL 07","Supply Air","Flanged Long Radius Elbows / Shoe Branch","NWB_System","Supply Air","Supply Air","Supply Air","SKIP","already-matches","instance","Shared Parameter","7626163","NWB_System","String","False","1","1","45","MDUC","Ductwork","Ductwork","connected:d3:13968801:Air Terminals","NWB-ARC-WBH-AR-MOD-0035","PPT.07.186","Anteroom","PPT","","","PPT","","","WBH","HO","PPT","SI5","WBH-HO-07-PPT-ME-SI5"
"20260802_005303","NWB_PARAMETERS AutoFill","MECHANICAL DUCTWORK LAYOUT - LEVEL 07 - ZONE 153","model","selection","smart","Both","skip-other-users","15473068","Ducts","Rectangular Duct","","LEVEL 07","Supply Air","Flanged Long Radius Elbows / Shoe Branch","NWB_UniclassCode","Pr_65_65_25","Pr_65_65_25","Pr_65_65_25","SKIP","already-matches","instance","Shared Parameter","7626165","NWB_UniclassCode","String","False","1","1","45","MDUC","Ductwork","Ductwork","connected:d3:13968801:Air Terminals","NWB-ARC-WBH-AR-MOD-0035","PPT.07.186","Anteroom","PPT","","","PPT","","","WBH","HO","PPT","SI5","WBH-HO-07-PPT-ME-SI5"
"20260802_005303","NWB_PARAMETERS AutoFill","MECHANICAL DUCTWORK LAYOUT - LEVEL 07 - ZONE 153","model","selection","smart","Both","skip-other-users","15473068","Ducts","Rectangular Duct","","LEVEL 07","Supply Air","Flanged Long Radius Elbows / Shoe Branch","NWB_UniclassDescription","Ductwork and fittings","Ductwork and fittings","Ductwork and fittings","SKIP","already-matches","instance","Shared Parameter","7626166","NWB_UniclassDescription","String","False","1","1","45","MDUC","Ductwork","Ductwork","connected:d3:13968801:Air Terminals","NWB-ARC-WBH-AR-MOD-0035","PPT.07.186","Anteroom","PPT","","","PPT","","","WBH","HO","PPT","SI5","WBH-HO-07-PPT-ME-SI5"
"20260802_005303","NWB_PARAMETERS AutoFill","MECHANICAL DUCTWORK LAYOUT - LEVEL 07 - ZONE 153","model","selection","smart","Both","skip-other-users","15473068","Ducts","Rectangular Duct","","LEVEL 07","Supply Air","Flanged Long Radius Elbows / Shoe Branch","NWB_DesignPkg","NWB-GEN-ME-SCM-1091-A","NWB-GEN-ME-SCM-1091-A","NWB-GEN-ME-SCM-1091-A","SKIP","already-matches","instance","Shared Parameter","7626167","NWB_DesignPkg","String","False","1","1","45","MDUC","Ductwork","Ductwork","connected:d3:13968801:Air Terminals","NWB-ARC-WBH-AR-MOD-0035","PPT.07.186","Anteroom","PPT","","","PPT","","","WBH","HO","PPT","SI5","WBH-HO-07-PPT-ME-SI5"
"20260802_005303","NWB_PARAMETERS AutoFill","MECHANICAL DUCTWORK LAYOUT - LEVEL 07 - ZONE 153","model","selection","smart","Both","skip-other-users","15473068","Ducts","Rectangular Duct","","LEVEL 07","Supply Air","Flanged Long Radius Elbows / Shoe Branch","NWB_BuildingPermitPkg","WBH - BP09","","","SKIP","missing","","","","NWB_BuildingPermitPkg","","","0","0","45","MDUC","Ductwork","Ductwork","connected:d3:13968801:Air Terminals","NWB-ARC-WBH-AR-MOD-0035","PPT.07.186","Anteroom","PPT","","","PPT","","","WBH","HO","PPT","SI5","WBH-HO-07-PPT-ME-SI5"
"20260802_005303","NWB_PARAMETERS AutoFill","MECHANICAL DUCTWORK LAYOUT - LEVEL 07 - ZONE 153","model","selection","smart","Both","skip-other-users","15473068","Ducts","Rectangular Duct","","LEVEL 07","Supply Air","Flanged Long Radius Elbows / Shoe Branch","NWB_WBS00","WBH","WBH","WBH","SKIP","already-matches","instance","Shared Parameter","9214738","NWB_WBS00","String","False","1","1","45","MDUC","Ductwork","Ductwork","connected:d3:13968801:Air Terminals","NWB-ARC-WBH-AR-MOD-0035","PPT.07.186","Anteroom","PPT","","","PPT","","","WBH","HO","PPT","SI5","WBH-HO-07-PPT-ME-SI5"
"20260802_005303","NWB_PARAMETERS AutoFill","MECHANICAL DUCTWORK LAYOUT - LEVEL 07 - ZONE 153","model","selection","smart","Both","skip-other-users","15473068","Ducts","Rectangular Duct","","LEVEL 07","Supply Air","Flanged Long Radius Elbows / Shoe Branch","NWB_WBS01","HO","HO","HO","SKIP","already-matches","instance","Shared Parameter","9214798","NWB_WBS01","String","False","1","1","45","MDUC","Ductwork","Ductwork","connected:d3:13968801:Air Terminals","NWB-ARC-WBH-AR-MOD-0035","PPT.07.186","Anteroom","PPT","","","PPT","","","WBH","HO","PPT","SI5","WBH-HO-07-PPT-ME-SI5"
"20260802_005303","NWB_PARAMETERS AutoFill","MECHANICAL DUCTWORK LAYOUT - LEVEL 07 - ZONE 153","model","selection","smart","Both","skip-other-users","15473068","Ducts","Rectangular Duct","","LEVEL 07","Supply Air","Flanged Long Radius Elbows / Shoe Branch","NWB_WBS02","07","07","07","SKIP","already-matches","instance","Shared Parameter","9214786","NWB_WBS02","String","False","1","1","45","MDUC","Ductwork","Ductwork","connected:d3:13968801:Air Terminals","NWB-ARC-WBH-AR-MOD-0035","PPT.07.186","Anteroom","PPT","","","PPT","","","WBH","HO","PPT","SI5","WBH-HO-07-PPT-ME-SI5"
"20260802_005303","NWB_PARAMETERS AutoFill","MECHANICAL DUCTWORK LAYOUT - LEVEL 07 - ZONE 153","model","selection","smart","Both","skip-other-users","15473068","Ducts","Rectangular Duct","","LEVEL 07","Supply Air","Flanged Long Radius Elbows / Shoe Branch","NWB_WBS03","PPT","PPT","PPT","SKIP","already-matches","instance","Shared Parameter","9214750","NWB_WBS03","String","False","1","1","45","MDUC","Ductwork","Ductwork","connected:d3:13968801:Air Terminals","NWB-ARC-WBH-AR-MOD-0035","PPT.07.186","Anteroom","PPT","","","PPT","","","WBH","HO","PPT","SI5","WBH-HO-07-PPT-ME-SI5"
"20260802_005303","NWB_PARAMETERS AutoFill","MECHANICAL DUCTWORK LAYOUT - LEVEL 07 - ZONE 153","model","selection","smart","Both","skip-other-users","15473068","Ducts","Rectangular Duct","","LEVEL 07","Supply Air","Flanged Long Radius Elbows / Shoe Branch","NWB_WBS04","ME","ME","ME","SKIP","already-matches","instance","Shared Parameter","9214762","NWB_WBS04","String","False","1","1","45","MDUC","Ductwork","Ductwork","connected:d3:13968801:Air Terminals","NWB-ARC-WBH-AR-MOD-0035","PPT.07.186","Anteroom","PPT","","","PPT","","","WBH","HO","PPT","SI5","WBH-HO-07-PPT-ME-SI5"
"20260802_005303","NWB_PARAMETERS AutoFill","MECHANICAL DUCTWORK LAYOUT - LEVEL 07 - ZONE 153","model","selection","smart","Both","skip-other-users","15473068","Ducts","Rectangular Duct","","LEVEL 07","Supply Air","Flanged Long Radius Elbows / Shoe Branch","NWB_WBS05","SI5","SI5","SI5","SKIP","already-matches","instance","Shared Parameter","9214810","NWB_WBS05","String","False","1","1","45","MDUC","Ductwork","Ductwork","connected:d3:13968801:Air Terminals","NWB-ARC-WBH-AR-MOD-0035","PPT.07.186","Anteroom","PPT","","","PPT","","","WBH","HO","PPT","SI5","WBH-HO-07-PPT-ME-SI5"
"20260802_005303","NWB_PARAMETERS AutoFill","MECHANICAL DUCTWORK LAYOUT - LEVEL 07 - ZONE 153","model","selection","smart","Both","skip-other-users","15473068","Ducts","Rectangular Duct","","LEVEL 07","Supply Air","Flanged Long Radius Elbows / Shoe Branch","NWB_WBSCode","WBH-HO-07-PPT-ME-SI5","WBH-HO-07-PPT-ME-SI5","WBH-HO-07-PPT-ME-SI5","SKIP","already-matches","instance","Shared Parameter","9214774","NWB_WBSCode","String","False","1","1","45","MDUC","Ductwork","Ductwork","connected:d3:13968801:Air Terminals","NWB-ARC-WBH-AR-MOD-0035","PPT.07.186","Anteroom","PPT","","","PPT","","","WBH","HO","PPT","SI5","WBH-HO-07-PPT-ME-SI5"
"20260802_005303","NWB_PARAMETERS AutoFill","MECHANICAL DUCTWORK LAYOUT - LEVEL 07 - ZONE 153","model","selection","smart","Both","skip-other-users","15473082","Duct Fittings","MHT-ME-DF-Rectangular Shoe Branch - Flanged","","LEVEL 07","Supply Air","Standard","NWB_AssetTypeCode","MDUC","MDUC","MDUC","SKIP","already-matches","instance","Shared Parameter","7626182","NWB_AssetTypeCode","String","False","1","1","45","MDUC","Ductwork","Ductwork","connected:d2:13968801:Air Terminals","NWB-ARC-WBH-AR-MOD-0035","PPT.07.186","Anteroom","PPT","","","PPT","","","WBH","HO","PPT","SI5","WBH-HO-07-PPT-ME-SI5"
"20260802_005303","NWB_PARAMETERS AutoFill","MECHANICAL DUCTWORK LAYOUT - LEVEL 07 - ZONE 153","model","selection","smart","Both","skip-other-users","15473082","Duct Fittings","MHT-ME-DF-Rectangular Shoe Branch - Flanged","","LEVEL 07","Supply Air","Standard","NWB_AssetType","Ductwork","Ductwork","Ductwork","SKIP","already-matches","instance","Shared Parameter","7626181","NWB_AssetType","String","False","1","1","45","MDUC","Ductwork","Ductwork","connected:d2:13968801:Air Terminals","NWB-ARC-WBH-AR-MOD-0035","PPT.07.186","Anteroom","PPT","","","PPT","","","WBH","HO","PPT","SI5","WBH-HO-07-PPT-ME-SI5"
"20260802_005303","NWB_PARAMETERS AutoFill","MECHANICAL DUCTWORK LAYOUT - LEVEL 07 - ZONE 153","model","selection","smart","Both","skip-other-users","15473082","Duct Fittings","MHT-ME-DF-Rectangular Shoe Branch - Flanged","","LEVEL 07","Supply Air","Standard","NWB_Discipline","ME","ME","ME","SKIP","already-matches","instance","Shared Parameter","7626159","NWB_Discipline","String","False","1","1","45","MDUC","Ductwork","Ductwork","connected:d2:13968801:Air Terminals","NWB-ARC-WBH-AR-MOD-0035","PPT.07.186","Anteroom","PPT","","","PPT","","","WBH","HO","PPT","SI5","WBH-HO-07-PPT-ME-SI5"
"20260802_005303","NWB_PARAMETERS AutoFill","MECHANICAL DUCTWORK LAYOUT - LEVEL 07 - ZONE 153","model","selection","smart","Both","skip-other-users","15473082","Duct Fittings","MHT-ME-DF-Rectangular Shoe Branch - Flanged","","LEVEL 07","Supply Air","Standard","NWB_Category","Ductwork","Ductwork","Ductwork","SKIP","already-matches","instance","Shared Parameter","7626160","NWB_Category","String","False","1","1","45","MDUC","Ductwork","Ductwork","connected:d2:13968801:Air Terminals","NWB-ARC-WBH-AR-MOD-0035","PPT.07.186","Anteroom","PPT","","","PPT","","","WBH","HO","PPT","SI5","WBH-HO-07-PPT-ME-SI5"
"20260802_005303","NWB_PARAMETERS AutoFill","MECHANICAL DUCTWORK LAYOUT - LEVEL 07 - ZONE 153","model","selection","smart","Both","skip-other-users","15473082","Duct Fittings","MHT-ME-DF-Rectangular Shoe Branch - Flanged","","LEVEL 07","Supply Air","Standard","NWB_Department","PPT","PPT","PPT","SKIP","already-matches","instance","Shared Parameter","7626168","NWB_Department","String","False","1","1","45","MDUC","Ductwork","Ductwork","connected:d2:13968801:Air Terminals","NWB-ARC-WBH-AR-MOD-0035","PPT.07.186","Anteroom","PPT","","","PPT","","","WBH","HO","PPT","SI5","WBH-HO-07-PPT-ME-SI5"
"20260802_005303","NWB_PARAMETERS AutoFill","MECHANICAL DUCTWORK LAYOUT - LEVEL 07 - ZONE 153","model","selection","smart","Both","skip-other-users","15473082","Duct Fittings","MHT-ME-DF-Rectangular Shoe Branch - Flanged","","LEVEL 07","Supply Air","Standard","NWB_Material","","","","SKIP","workbook material blank and model material missing","","","","NWB_Material","","","","","45","MDUC","Ductwork","Ductwork","connected:d2:13968801:Air Terminals","NWB-ARC-WBH-AR-MOD-0035","PPT.07.186","Anteroom","PPT","","","PPT","","","WBH","HO","PPT","SI5","WBH-HO-07-PPT-ME-SI5"
"20260802_005303","NWB_PARAMETERS AutoFill","MECHANICAL DUCTWORK LAYOUT - LEVEL 07 - ZONE 153","model","selection","smart","Both","skip-other-users","15473082","Duct Fittings","MHT-ME-DF-Rectangular Shoe Branch - Flanged","","LEVEL 07","Supply Air","Standard","NWB_System","Supply Air","Supply Air","Supply Air","SKIP","already-matches","instance","Shared Parameter","7626163","NWB_System","String","False","1","1","45","MDUC","Ductwork","Ductwork","connected:d2:13968801:Air Terminals","NWB-ARC-WBH-AR-MOD-0035","PPT.07.186","Anteroom","PPT","","","PPT","","","WBH","HO","PPT","SI5","WBH-HO-07-PPT-ME-SI5"
"20260802_005303","NWB_PARAMETERS AutoFill","MECHANICAL DUCTWORK LAYOUT - LEVEL 07 - ZONE 153","model","selection","smart","Both","skip-other-users","15473082","Duct Fittings","MHT-ME-DF-Rectangular Shoe Branch - Flanged","","LEVEL 07","Supply Air","Standard","NWB_UniclassCode","Pr_65_65_25","Pr_65_65_25","Pr_65_65_25","SKIP","already-matches","instance","Shared Parameter","7626165","NWB_UniclassCode","String","False","1","1","45","MDUC","Ductwork","Ductwork","connected:d2:13968801:Air Terminals","NWB-ARC-WBH-AR-MOD-0035","PPT.07.186","Anteroom","PPT","","","PPT","","","WBH","HO","PPT","SI5","WBH-HO-07-PPT-ME-SI5"
"20260802_005303","NWB_PARAMETERS AutoFill","MECHANICAL DUCTWORK LAYOUT - LEVEL 07 - ZONE 153","model","selection","smart","Both","skip-other-users","15473082","Duct Fittings","MHT-ME-DF-Rectangular Shoe Branch - Flanged","","LEVEL 07","Supply Air","Standard","NWB_UniclassDescription","Ductwork and fittings","Ductwork and fittings","Ductwork and fittings","SKIP","already-matches","instance","Shared Parameter","7626166","NWB_UniclassDescription","String","False","1","1","45","MDUC","Ductwork","Ductwork","connected:d2:13968801:Air Terminals","NWB-ARC-WBH-AR-MOD-0035","PPT.07.186","Anteroom","PPT","","","PPT","","","WBH","HO","PPT","SI5","WBH-HO-07-PPT-ME-SI5"
"20260802_005303","NWB_PARAMETERS AutoFill","MECHANICAL DUCTWORK LAYOUT - LEVEL 07 - ZONE 153","model","selection","smart","Both","skip-other-users","15473082","Duct Fittings","MHT-ME-DF-Rectangular Shoe Branch - Flanged","","LEVEL 07","Supply Air","Standard","NWB_DesignPkg","NWB-GEN-ME-SCM-1091-A","NWB-GEN-ME-SCM-1091-A","NWB-GEN-ME-SCM-1091-A","SKIP","already-matches","instance","Shared Parameter","7626167","NWB_DesignPkg","String","False","1","1","45","MDUC","Ductwork","Ductwork","connected:d2:13968801:Air Terminals","NWB-ARC-WBH-AR-MOD-0035","PPT.07.186","Anteroom","PPT","","","PPT","","","WBH","HO","PPT","SI5","WBH-HO-07-PPT-ME-SI5"
"20260802_005303","NWB_PARAMETERS AutoFill","MECHANICAL DUCTWORK LAYOUT - LEVEL 07 - ZONE 153","model","selection","smart","Both","skip-other-users","15473082","Duct Fittings","MHT-ME-DF-Rectangular Shoe Branch - Flanged","","LEVEL 07","Supply Air","Standard","NWB_BuildingPermitPkg","WBH - BP09","","","SKIP","missing","","","","NWB_BuildingPermitPkg","","","0","0","45","MDUC","Ductwork","Ductwork","connected:d2:13968801:Air Terminals","NWB-ARC-WBH-AR-MOD-0035","PPT.07.186","Anteroom","PPT","","","PPT","","","WBH","HO","PPT","SI5","WBH-HO-07-PPT-ME-SI5"
"20260802_005303","NWB_PARAMETERS AutoFill","MECHANICAL DUCTWORK LAYOUT - LEVEL 07 - ZONE 153","model","selection","smart","Both","skip-other-users","15473082","Duct Fittings","MHT-ME-DF-Rectangular Shoe Branch - Flanged","","LEVEL 07","Supply Air","Standard","NWB_WBS00","WBH","WBH","WBH","SKIP","already-matches","instance","Shared Parameter","9214738","NWB_WBS00","String","False","1","1","45","MDUC","Ductwork","Ductwork","connected:d2:13968801:Air Terminals","NWB-ARC-WBH-AR-MOD-0035","PPT.07.186","Anteroom","PPT","","","PPT","","","WBH","HO","PPT","SI5","WBH-HO-07-PPT-ME-SI5"
"20260802_005303","NWB_PARAMETERS AutoFill","MECHANICAL DUCTWORK LAYOUT - LEVEL 07 - ZONE 153","model","selection","smart","Both","skip-other-users","15473082","Duct Fittings","MHT-ME-DF-Rectangular Shoe Branch - Flanged","","LEVEL 07","Supply Air","Standard","NWB_WBS01","HO","HO","HO","SKIP","already-matches","instance","Shared Parameter","9214798","NWB_WBS01","String","False","1","1","45","MDUC","Ductwork","Ductwork","connected:d2:13968801:Air Terminals","NWB-ARC-WBH-AR-MOD-0035","PPT.07.186","Anteroom","PPT","","","PPT","","","WBH","HO","PPT","SI5","WBH-HO-07-PPT-ME-SI5"
"20260802_005303","NWB_PARAMETERS AutoFill","MECHANICAL DUCTWORK LAYOUT - LEVEL 07 - ZONE 153","model","selection","smart","Both","skip-other-users","15473082","Duct Fittings","MHT-ME-DF-Rectangular Shoe Branch - Flanged","","LEVEL 07","Supply Air","Standard","NWB_WBS02","07","07","07","SKIP","already-matches","instance","Shared Parameter","9214786","NWB_WBS02","String","False","1","1","45","MDUC","Ductwork","Ductwork","connected:d2:13968801:Air Terminals","NWB-ARC-WBH-AR-MOD-0035","PPT.07.186","Anteroom","PPT","","","PPT","","","WBH","HO","PPT","SI5","WBH-HO-07-PPT-ME-SI5"
"20260802_005303","NWB_PARAMETERS AutoFill","MECHANICAL DUCTWORK LAYOUT - LEVEL 07 - ZONE 153","model","selection","smart","Both","skip-other-users","15473082","Duct Fittings","MHT-ME-DF-Rectangular Shoe Branch - Flanged","","LEVEL 07","Supply Air","Standard","NWB_WBS03","PPT","PPT","PPT","SKIP","already-matches","instance","Shared Parameter","9214750","NWB_WBS03","String","False","1","1","45","MDUC","Ductwork","Ductwork","connected:d2:13968801:Air Terminals","NWB-ARC-WBH-AR-MOD-0035","PPT.07.186","Anteroom","PPT","","","PPT","","","WBH","HO","PPT","SI5","WBH-HO-07-PPT-ME-SI5"
"20260802_005303","NWB_PARAMETERS AutoFill","MECHANICAL DUCTWORK LAYOUT - LEVEL 07 - ZONE 153","model","selection","smart","Both","skip-other-users","15473082","Duct Fittings","MHT-ME-DF-Rectangular Shoe Branch - Flanged","","LEVEL 07","Supply Air","Standard","NWB_WBS04","ME","ME","ME","SKIP","already-matches","instance","Shared Parameter","9214762","NWB_WBS04","String","False","1","1","45","MDUC","Ductwork","Ductwork","connected:d2:13968801:Air Terminals","NWB-ARC-WBH-AR-MOD-0035","PPT.07.186","Anteroom","PPT","","","PPT","","","WBH","HO","PPT","SI5","WBH-HO-07-PPT-ME-SI5"
"20260802_005303","NWB_PARAMETERS AutoFill","MECHANICAL DUCTWORK LAYOUT - LEVEL 07 - ZONE 153","model","selection","smart","Both","skip-other-users","15473082","Duct Fittings","MHT-ME-DF-Rectangular Shoe Branch - Flanged","","LEVEL 07","Supply Air","Standard","NWB_WBS05","SI5","SI5","SI5","SKIP","already-matches","instance","Shared Parameter","9214810","NWB_WBS05","String","False","1","1","45","MDUC","Ductwork","Ductwork","connected:d2:13968801:Air Terminals","NWB-ARC-WBH-AR-MOD-0035","PPT.07.186","Anteroom","PPT","","","PPT","","","WBH","HO","PPT","SI5","WBH-HO-07-PPT-ME-SI5"
"20260802_005303","NWB_PARAMETERS AutoFill","MECHANICAL DUCTWORK LAYOUT - LEVEL 07 - ZONE 153","model","selection","smart","Both","skip-other-users","15473082","Duct Fittings","MHT-ME-DF-Rectangular Shoe Branch - Flanged","","LEVEL 07","Supply Air","Standard","NWB_WBSCode","WBH-HO-07-PPT-ME-SI5","WBH-HO-07-PPT-ME-SI5","WBH-HO-07-PPT-ME-SI5","SKIP","already-matches","instance","Shared Parameter","9214774","NWB_WBSCode","String","False","1","1","45","MDUC","Ductwork","Ductwork","connected:d2:13968801:Air Terminals","NWB-ARC-WBH-AR-MOD-0035","PPT.07.186","Anteroom","PPT","","","PPT","","","WBH","HO","PPT","SI5","WBH-HO-07-PPT-ME-SI5"
"20260802_005303","NWB_PARAMETERS AutoFill","MECHANICAL DUCTWORK LAYOUT - LEVEL 07 - ZONE 153","model","selection","smart","Both","skip-other-users","15473114","Ducts","Rectangular Duct","","LEVEL 07","Return Air","Flanged Long Radius Elbows / Shoe Branch","NWB_AssetTypeCode","MDUC","MDUC","MDUC","SKIP","already-matches","instance","Shared Parameter","7626182","NWB_AssetTypeCode","String","False","1","1","45","MDUC","Ductwork","Ductwork","connected-miss:d4:visited15","","","","","","","PPT","","","WBH","HO","PPT","SI5","WBH-HO-07-PPT-ME-SI5"
"20260802_005303","NWB_PARAMETERS AutoFill","MECHANICAL DUCTWORK LAYOUT - LEVEL 07 - ZONE 153","model","selection","smart","Both","skip-other-users","15473114","Ducts","Rectangular Duct","","LEVEL 07","Return Air","Flanged Long Radius Elbows / Shoe Branch","NWB_AssetType","Ductwork","Ductwork","Ductwork","SKIP","already-matches","instance","Shared Parameter","7626181","NWB_AssetType","String","False","1","1","45","MDUC","Ductwork","Ductwork","connected-miss:d4:visited15","","","","","","","PPT","","","WBH","HO","PPT","SI5","WBH-HO-07-PPT-ME-SI5"
"20260802_005303","NWB_PARAMETERS AutoFill","MECHANICAL DUCTWORK LAYOUT - LEVEL 07 - ZONE 153","model","selection","smart","Both","skip-other-users","15473114","Ducts","Rectangular Duct","","LEVEL 07","Return Air","Flanged Long Radius Elbows / Shoe Branch","NWB_Discipline","ME","ME","ME","SKIP","already-matches","instance","Shared Parameter","7626159","NWB_Discipline","String","False","1","1","45","MDUC","Ductwork","Ductwork","connected-miss:d4:visited15","","","","","","","PPT","","","WBH","HO","PPT","SI5","WBH-HO-07-PPT-ME-SI5"
"20260802_005303","NWB_PARAMETERS AutoFill","MECHANICAL DUCTWORK LAYOUT - LEVEL 07 - ZONE 153","model","selection","smart","Both","skip-other-users","15473114","Ducts","Rectangular Duct","","LEVEL 07","Return Air","Flanged Long Radius Elbows / Shoe Branch","NWB_Category","Ductwork","Ductwork","Ductwork","SKIP","already-matches","instance","Shared Parameter","7626160","NWB_Category","String","False","1","1","45","MDUC","Ductwork","Ductwork","connected-miss:d4:visited15","","","","","","","PPT","","","WBH","HO","PPT","SI5","WBH-HO-07-PPT-ME-SI5"
"20260802_005303","NWB_PARAMETERS AutoFill","MECHANICAL DUCTWORK LAYOUT - LEVEL 07 - ZONE 153","model","selection","smart","Both","skip-other-users","15473114","Ducts","Rectangular Duct","","LEVEL 07","Return Air","Flanged Long Radius Elbows / Shoe Branch","NWB_Department","PPT","PPT","PPT","SKIP","already-matches","instance","Shared Parameter","7626168","NWB_Department","String","False","1","1","45","MDUC","Ductwork","Ductwork","connected-miss:d4:visited15","","","","","","","PPT","","","WBH","HO","PPT","SI5","WBH-HO-07-PPT-ME-SI5"
"20260802_005303","NWB_PARAMETERS AutoFill","MECHANICAL DUCTWORK LAYOUT - LEVEL 07 - ZONE 153","model","selection","smart","Both","skip-other-users","15473114","Ducts","Rectangular Duct","","LEVEL 07","Return Air","Flanged Long Radius Elbows / Shoe Branch","NWB_Material","","","","SKIP","workbook material blank and model material missing","","","","NWB_Material","","","","","45","MDUC","Ductwork","Ductwork","connected-miss:d4:visited15","","","","","","","PPT","","","WBH","HO","PPT","SI5","WBH-HO-07-PPT-ME-SI5"
"20260802_005303","NWB_PARAMETERS AutoFill","MECHANICAL DUCTWORK LAYOUT - LEVEL 07 - ZONE 153","model","selection","smart","Both","skip-other-users","15473114","Ducts","Rectangular Duct","","LEVEL 07","Return Air","Flanged Long Radius Elbows / Shoe Branch","NWB_System","Return Air","Return Air","Return Air","SKIP","already-matches","instance","Shared Parameter","7626163","NWB_System","String","False","1","1","45","MDUC","Ductwork","Ductwork","connected-miss:d4:visited15","","","","","","","PPT","","","WBH","HO","PPT","SI5","WBH-HO-07-PPT-ME-SI5"
"20260802_005303","NWB_PARAMETERS AutoFill","MECHANICAL DUCTWORK LAYOUT - LEVEL 07 - ZONE 153","model","selection","smart","Both","skip-other-users","15473114","Ducts","Rectangular Duct","","LEVEL 07","Return Air","Flanged Long Radius Elbows / Shoe Branch","NWB_UniclassCode","Pr_65_65_25","Pr_65_65_25","Pr_65_65_25","SKIP","already-matches","instance","Shared Parameter","7626165","NWB_UniclassCode","String","False","1","1","45","MDUC","Ductwork","Ductwork","connected-miss:d4:visited15","","","","","","","PPT","","","WBH","HO","PPT","SI5","WBH-HO-07-PPT-ME-SI5"
"20260802_005303","NWB_PARAMETERS AutoFill","MECHANICAL DUCTWORK LAYOUT - LEVEL 07 - ZONE 153","model","selection","smart","Both","skip-other-users","15473114","Ducts","Rectangular Duct","","LEVEL 07","Return Air","Flanged Long Radius Elbows / Shoe Branch","NWB_UniclassDescription","Ductwork and fittings","Ductwork and fittings","Ductwork and fittings","SKIP","already-matches","instance","Shared Parameter","7626166","NWB_UniclassDescription","String","False","1","1","45","MDUC","Ductwork","Ductwork","connected-miss:d4:visited15","","","","","","","PPT","","","WBH","HO","PPT","SI5","WBH-HO-07-PPT-ME-SI5"
"20260802_005303","NWB_PARAMETERS AutoFill","MECHANICAL DUCTWORK LAYOUT - LEVEL 07 - ZONE 153","model","selection","smart","Both","skip-other-users","15473114","Ducts","Rectangular Duct","","LEVEL 07","Return Air","Flanged Long Radius Elbows / Shoe Branch","NWB_DesignPkg","NWB-GEN-ME-SCM-1091-A","NWB-GEN-ME-SCM-1091-A","NWB-GEN-ME-SCM-1091-A","SKIP","already-matches","instance","Shared Parameter","7626167","NWB_DesignPkg","String","False","1","1","45","MDUC","Ductwork","Ductwork","connected-miss:d4:visited15","","","","","","","PPT","","","WBH","HO","PPT","SI5","WBH-HO-07-PPT-ME-SI5"
"20260802_005303","NWB_PARAMETERS AutoFill","MECHANICAL DUCTWORK LAYOUT - LEVEL 07 - ZONE 153","model","selection","smart","Both","skip-other-users","15473114","Ducts","Rectangular Duct","","LEVEL 07","Return Air","Flanged Long Radius Elbows / Shoe Branch","NWB_BuildingPermitPkg","WBH - BP09","","","SKIP","missing","","","","NWB_BuildingPermitPkg","","","0","0","45","MDUC","Ductwork","Ductwork","connected-miss:d4:visited15","","","","","","","PPT","","","WBH","HO","PPT","SI5","WBH-HO-07-PPT-ME-SI5"
"20260802_005303","NWB_PARAMETERS AutoFill","MECHANICAL DUCTWORK LAYOUT - LEVEL 07 - ZONE 153","model","selection","smart","Both","skip-other-users","15473114","Ducts","Rectangular Duct","","LEVEL 07","Return Air","Flanged Long Radius Elbows / Shoe Branch","NWB_WBS00","WBH","WBH","WBH","SKIP","already-matches","instance","Shared Parameter","9214738","NWB_WBS00","String","False","1","1","45","MDUC","Ductwork","Ductwork","connected-miss:d4:visited15","","","","","","","PPT","","","WBH","HO","PPT","SI5","WBH-HO-07-PPT-ME-SI5"
"20260802_005303","NWB_PARAMETERS AutoFill","MECHANICAL DUCTWORK LAYOUT - LEVEL 07 - ZONE 153","model","selection","smart","Both","skip-other-users","15473114","Ducts","Rectangular Duct","","LEVEL 07","Return Air","Flanged Long Radius Elbows / Shoe Branch","NWB_WBS01","HO","HO","HO","SKIP","already-matches","instance","Shared Parameter","9214798","NWB_WBS01","String","False","1","1","45","MDUC","Ductwork","Ductwork","connected-miss:d4:visited15","","","","","","","PPT","","","WBH","HO","PPT","SI5","WBH-HO-07-PPT-ME-SI5"
"20260802_005303","NWB_PARAMETERS AutoFill","MECHANICAL DUCTWORK LAYOUT - LEVEL 07 - ZONE 153","model","selection","smart","Both","skip-other-users","15473114","Ducts","Rectangular Duct","","LEVEL 07","Return Air","Flanged Long Radius Elbows / Shoe Branch","NWB_WBS02","07","07","07","SKIP","already-matches","instance","Shared Parameter","9214786","NWB_WBS02","String","False","1","1","45","MDUC","Ductwork","Ductwork","connected-miss:d4:visited15","","","","","","","PPT","","","WBH","HO","PPT","SI5","WBH-HO-07-PPT-ME-SI5"
"20260802_005303","NWB_PARAMETERS AutoFill","MECHANICAL DUCTWORK LAYOUT - LEVEL 07 - ZONE 153","model","selection","smart","Both","skip-other-users","15473114","Ducts","Rectangular Duct","","LEVEL 07","Return Air","Flanged Long Radius Elbows / Shoe Branch","NWB_WBS03","PPT","PPT","PPT","SKIP","already-matches","instance","Shared Parameter","9214750","NWB_WBS03","String","False","1","1","45","MDUC","Ductwork","Ductwork","connected-miss:d4:visited15","","","","","","","PPT","","","WBH","HO","PPT","SI5","WBH-HO-07-PPT-ME-SI5"
"20260802_005303","NWB_PARAMETERS AutoFill","MECHANICAL DUCTWORK LAYOUT - LEVEL 07 - ZONE 153","model","selection","smart","Both","skip-other-users","15473114","Ducts","Rectangular Duct","","LEVEL 07","Return Air","Flanged Long Radius Elbows / Shoe Branch","NWB_WBS04","ME","ME","ME","SKIP","already-matches","instance","Shared Parameter","9214762","NWB_WBS04","String","False","1","1","45","MDUC","Ductwork","Ductwork","connected-miss:d4:visited15","","","","","","","PPT","","","WBH","HO","PPT","SI5","WBH-HO-07-PPT-ME-SI5"
"20260802_005303","NWB_PARAMETERS AutoFill","MECHANICAL DUCTWORK LAYOUT - LEVEL 07 - ZONE 153","model","selection","smart","Both","skip-other-users","15473114","Ducts","Rectangular Duct","","LEVEL 07","Return Air","Flanged Long Radius Elbows / Shoe Branch","NWB_WBS05","SI5","SI5","SI5","SKIP","already-matches","instance","Shared Parameter","9214810","NWB_WBS05","String","False","1","1","45","MDUC","Ductwork","Ductwork","connected-miss:d4:visited15","","","","","","","PPT","","","WBH","HO","PPT","SI5","WBH-HO-07-PPT-ME-SI5"
"20260802_005303","NWB_PARAMETERS AutoFill","MECHANICAL DUCTWORK LAYOUT - LEVEL 07 - ZONE 153","model","selection","smart","Both","skip-other-users","15473114","Ducts","Rectangular Duct","","LEVEL 07","Return Air","Flanged Long Radius Elbows / Shoe Branch","NWB_WBSCode","WBH-HO-07-PPT-ME-SI5","WBH-HO-07-PPT-ME-SI5","WBH-HO-07-PPT-ME-SI5","SKIP","already-matches","instance","Shared Parameter","9214774","NWB_WBSCode","String","False","1","1","45","MDUC","Ductwork","Ductwork","connected-miss:d4:visited15","","","","","","","PPT","","","WBH","HO","PPT","SI5","WBH-HO-07-PPT-ME-SI5"
"20260802_005303","NWB_PARAMETERS AutoFill","MECHANICAL DUCTWORK LAYOUT - LEVEL 07 - ZONE 153","model","selection","smart","Both","skip-other-users","15473124","Ducts","Rectangular Duct","","LEVEL 07","Return Air","Flanged Long Radius Elbows / Shoe Branch","NWB_AssetTypeCode","MDUC","MDUC","MDUC","SKIP","already-matches","instance","Shared Parameter","7626182","NWB_AssetTypeCode","String","False","1","1","45","MDUC","Ductwork","Ductwork","connected:d4:14682415:Air Terminals","NWB-ARC-WBH-AR-MOD-0035","PPT.07.165","Office, 1 Person, Pathology","PPT","","","PPT","","","WBH","HO","PPT","SI5","WBH-HO-07-PPT-ME-SI5"
"20260802_005303","NWB_PARAMETERS AutoFill","MECHANICAL DUCTWORK LAYOUT - LEVEL 07 - ZONE 153","model","selection","smart","Both","skip-other-users","15473124","Ducts","Rectangular Duct","","LEVEL 07","Return Air","Flanged Long Radius Elbows / Shoe Branch","NWB_AssetType","Ductwork","Ductwork","Ductwork","SKIP","already-matches","instance","Shared Parameter","7626181","NWB_AssetType","String","False","1","1","45","MDUC","Ductwork","Ductwork","connected:d4:14682415:Air Terminals","NWB-ARC-WBH-AR-MOD-0035","PPT.07.165","Office, 1 Person, Pathology","PPT","","","PPT","","","WBH","HO","PPT","SI5","WBH-HO-07-PPT-ME-SI5"
"20260802_005303","NWB_PARAMETERS AutoFill","MECHANICAL DUCTWORK LAYOUT - LEVEL 07 - ZONE 153","model","selection","smart","Both","skip-other-users","15473124","Ducts","Rectangular Duct","","LEVEL 07","Return Air","Flanged Long Radius Elbows / Shoe Branch","NWB_Discipline","ME","ME","ME","SKIP","already-matches","instance","Shared Parameter","7626159","NWB_Discipline","String","False","1","1","45","MDUC","Ductwork","Ductwork","connected:d4:14682415:Air Terminals","NWB-ARC-WBH-AR-MOD-0035","PPT.07.165","Office, 1 Person, Pathology","PPT","","","PPT","","","WBH","HO","PPT","SI5","WBH-HO-07-PPT-ME-SI5"
"20260802_005303","NWB_PARAMETERS AutoFill","MECHANICAL DUCTWORK LAYOUT - LEVEL 07 - ZONE 153","model","selection","smart","Both","skip-other-users","15473124","Ducts","Rectangular Duct","","LEVEL 07","Return Air","Flanged Long Radius Elbows / Shoe Branch","NWB_Category","Ductwork","Ductwork","Ductwork","SKIP","already-matches","instance","Shared Parameter","7626160","NWB_Category","String","False","1","1","45","MDUC","Ductwork","Ductwork","connected:d4:14682415:Air Terminals","NWB-ARC-WBH-AR-MOD-0035","PPT.07.165","Office, 1 Person, Pathology","PPT","","","PPT","","","WBH","HO","PPT","SI5","WBH-HO-07-PPT-ME-SI5"
"20260802_005303","NWB_PARAMETERS AutoFill","MECHANICAL DUCTWORK LAYOUT - LEVEL 07 - ZONE 153","model","selection","smart","Both","skip-other-users","15473124","Ducts","Rectangular Duct","","LEVEL 07","Return Air","Flanged Long Radius Elbows / Shoe Branch","NWB_Department","PPT","PPT","PPT","SKIP","already-matches","instance","Shared Parameter","7626168","NWB_Department","String","False","1","1","45","MDUC","Ductwork","Ductwork","connected:d4:14682415:Air Terminals","NWB-ARC-WBH-AR-MOD-0035","PPT.07.165","Office, 1 Person, Pathology","PPT","","","PPT","","","WBH","HO","PPT","SI5","WBH-HO-07-PPT-ME-SI5"
"20260802_005303","NWB_PARAMETERS AutoFill","MECHANICAL DUCTWORK LAYOUT - LEVEL 07 - ZONE 153","model","selection","smart","Both","skip-other-users","15473124","Ducts","Rectangular Duct","","LEVEL 07","Return Air","Flanged Long Radius Elbows / Shoe Branch","NWB_Material","","","","SKIP","workbook material blank and model material missing","","","","NWB_Material","","","","","45","MDUC","Ductwork","Ductwork","connected:d4:14682415:Air Terminals","NWB-ARC-WBH-AR-MOD-0035","PPT.07.165","Office, 1 Person, Pathology","PPT","","","PPT","","","WBH","HO","PPT","SI5","WBH-HO-07-PPT-ME-SI5"
"20260802_005303","NWB_PARAMETERS AutoFill","MECHANICAL DUCTWORK LAYOUT - LEVEL 07 - ZONE 153","model","selection","smart","Both","skip-other-users","15473124","Ducts","Rectangular Duct","","LEVEL 07","Return Air","Flanged Long Radius Elbows / Shoe Branch","NWB_System","Return Air","Return Air","Return Air","SKIP","already-matches","instance","Shared Parameter","7626163","NWB_System","String","False","1","1","45","MDUC","Ductwork","Ductwork","connected:d4:14682415:Air Terminals","NWB-ARC-WBH-AR-MOD-0035","PPT.07.165","Office, 1 Person, Pathology","PPT","","","PPT","","","WBH","HO","PPT","SI5","WBH-HO-07-PPT-ME-SI5"
"20260802_005303","NWB_PARAMETERS AutoFill","MECHANICAL DUCTWORK LAYOUT - LEVEL 07 - ZONE 153","model","selection","smart","Both","skip-other-users","15473124","Ducts","Rectangular Duct","","LEVEL 07","Return Air","Flanged Long Radius Elbows / Shoe Branch","NWB_UniclassCode","Pr_65_65_25","Pr_65_65_25","Pr_65_65_25","SKIP","already-matches","instance","Shared Parameter","7626165","NWB_UniclassCode","String","False","1","1","45","MDUC","Ductwork","Ductwork","connected:d4:14682415:Air Terminals","NWB-ARC-WBH-AR-MOD-0035","PPT.07.165","Office, 1 Person, Pathology","PPT","","","PPT","","","WBH","HO","PPT","SI5","WBH-HO-07-PPT-ME-SI5"
"20260802_005303","NWB_PARAMETERS AutoFill","MECHANICAL DUCTWORK LAYOUT - LEVEL 07 - ZONE 153","model","selection","smart","Both","skip-other-users","15473124","Ducts","Rectangular Duct","","LEVEL 07","Return Air","Flanged Long Radius Elbows / Shoe Branch","NWB_UniclassDescription","Ductwork and fittings","Ductwork and fittings","Ductwork and fittings","SKIP","already-matches","instance","Shared Parameter","7626166","NWB_UniclassDescription","String","False","1","1","45","MDUC","Ductwork","Ductwork","connected:d4:14682415:Air Terminals","NWB-ARC-WBH-AR-MOD-0035","PPT.07.165","Office, 1 Person, Pathology","PPT","","","PPT","","","WBH","HO","PPT","SI5","WBH-HO-07-PPT-ME-SI5"
"20260802_005303","NWB_PARAMETERS AutoFill","MECHANICAL DUCTWORK LAYOUT - LEVEL 07 - ZONE 153","model","selection","smart","Both","skip-other-users","15473124","Ducts","Rectangular Duct","","LEVEL 07","Return Air","Flanged Long Radius Elbows / Shoe Branch","NWB_DesignPkg","NWB-GEN-ME-SCM-1091-A","NWB-GEN-ME-SCM-1091-A","NWB-GEN-ME-SCM-1091-A","SKIP","already-matches","instance","Shared Parameter","7626167","NWB_DesignPkg","String","False","1","1","45","MDUC","Ductwork","Ductwork","connected:d4:14682415:Air Terminals","NWB-ARC-WBH-AR-MOD-0035","PPT.07.165","Office, 1 Person, Pathology","PPT","","","PPT","","","WBH","HO","PPT","SI5","WBH-HO-07-PPT-ME-SI5"
"20260802_005303","NWB_PARAMETERS AutoFill","MECHANICAL DUCTWORK LAYOUT - LEVEL 07 - ZONE 153","model","selection","smart","Both","skip-other-users","15473124","Ducts","Rectangular Duct","","LEVEL 07","Return Air","Flanged Long Radius Elbows / Shoe Branch","NWB_BuildingPermitPkg","WBH - BP09","","","SKIP","missing","","","","NWB_BuildingPermitPkg","","","0","0","45","MDUC","Ductwork","Ductwork","connected:d4:14682415:Air Terminals","NWB-ARC-WBH-AR-MOD-0035","PPT.07.165","Office, 1 Person, Pathology","PPT","","","PPT","","","WBH","HO","PPT","SI5","WBH-HO-07-PPT-ME-SI5"
"20260802_005303","NWB_PARAMETERS AutoFill","MECHANICAL DUCTWORK LAYOUT - LEVEL 07 - ZONE 153","model","selection","smart","Both","skip-other-users","15473124","Ducts","Rectangular Duct","","LEVEL 07","Return Air","Flanged Long Radius Elbows / Shoe Branch","NWB_WBS00","WBH","WBH","WBH","SKIP","already-matches","instance","Shared Parameter","9214738","NWB_WBS00","String","False","1","1","45","MDUC","Ductwork","Ductwork","connected:d4:14682415:Air Terminals","NWB-ARC-WBH-AR-MOD-0035","PPT.07.165","Office, 1 Person, Pathology","PPT","","","PPT","","","WBH","HO","PPT","SI5","WBH-HO-07-PPT-ME-SI5"
"20260802_005303","NWB_PARAMETERS AutoFill","MECHANICAL DUCTWORK LAYOUT - LEVEL 07 - ZONE 153","model","selection","smart","Both","skip-other-users","15473124","Ducts","Rectangular Duct","","LEVEL 07","Return Air","Flanged Long Radius Elbows / Shoe Branch","NWB_WBS01","HO","HO","HO","SKIP","already-matches","instance","Shared Parameter","9214798","NWB_WBS01","String","False","1","1","45","MDUC","Ductwork","Ductwork","connected:d4:14682415:Air Terminals","NWB-ARC-WBH-AR-MOD-0035","PPT.07.165","Office, 1 Person, Pathology","PPT","","","PPT","","","WBH","HO","PPT","SI5","WBH-HO-07-PPT-ME-SI5"
"20260802_005303","NWB_PARAMETERS AutoFill","MECHANICAL DUCTWORK LAYOUT - LEVEL 07 - ZONE 153","model","selection","smart","Both","skip-other-users","15473124","Ducts","Rectangular Duct","","LEVEL 07","Return Air","Flanged Long Radius Elbows / Shoe Branch","NWB_WBS02","07","07","07","SKIP","already-matches","instance","Shared Parameter","9214786","NWB_WBS02","String","False","1","1","45","MDUC","Ductwork","Ductwork","connected:d4:14682415:Air Terminals","NWB-ARC-WBH-AR-MOD-0035","PPT.07.165","Office, 1 Person, Pathology","PPT","","","PPT","","","WBH","HO","PPT","SI5","WBH-HO-07-PPT-ME-SI5"
"20260802_005303","NWB_PARAMETERS AutoFill","MECHANICAL DUCTWORK LAYOUT - LEVEL 07 - ZONE 153","model","selection","smart","Both","skip-other-users","15473124","Ducts","Rectangular Duct","","LEVEL 07","Return Air","Flanged Long Radius Elbows / Shoe Branch","NWB_WBS03","PPT","PPT","PPT","SKIP","already-matches","instance","Shared Parameter","9214750","NWB_WBS03","String","False","1","1","45","MDUC","Ductwork","Ductwork","connected:d4:14682415:Air Terminals","NWB-ARC-WBH-AR-MOD-0035","PPT.07.165","Office, 1 Person, Pathology","PPT","","","PPT","","","WBH","HO","PPT","SI5","WBH-HO-07-PPT-ME-SI5"
"20260802_005303","NWB_PARAMETERS AutoFill","MECHANICAL DUCTWORK LAYOUT - LEVEL 07 - ZONE 153","model","selection","smart","Both","skip-other-users","15473124","Ducts","Rectangular Duct","","LEVEL 07","Return Air","Flanged Long Radius Elbows / Shoe Branch","NWB_WBS04","ME","ME","ME","SKIP","already-matches","instance","Shared Parameter","9214762","NWB_WBS04","String","False","1","1","45","MDUC","Ductwork","Ductwork","connected:d4:14682415:Air Terminals","NWB-ARC-WBH-AR-MOD-0035","PPT.07.165","Office, 1 Person, Pathology","PPT","","","PPT","","","WBH","HO","PPT","SI5","WBH-HO-07-PPT-ME-SI5"
"20260802_005303","NWB_PARAMETERS AutoFill","MECHANICAL DUCTWORK LAYOUT - LEVEL 07 - ZONE 153","model","selection","smart","Both","skip-other-users","15473124","Ducts","Rectangular Duct","","LEVEL 07","Return Air","Flanged Long Radius Elbows / Shoe Branch","NWB_WBS05","SI5","SI5","SI5","SKIP","already-matches","instance","Shared Parameter","9214810","NWB_WBS05","String","False","1","1","45","MDUC","Ductwork","Ductwork","connected:d4:14682415:Air Terminals","NWB-ARC-WBH-AR-MOD-0035","PPT.07.165","Office, 1 Person, Pathology","PPT","","","PPT","","","WBH","HO","PPT","SI5","WBH-HO-07-PPT-ME-SI5"
"20260802_005303","NWB_PARAMETERS AutoFill","MECHANICAL DUCTWORK LAYOUT - LEVEL 07 - ZONE 153","model","selection","smart","Both","skip-other-users","15473124","Ducts","Rectangular Duct","","LEVEL 07","Return Air","Flanged Long Radius Elbows / Shoe Branch","NWB_WBSCode","WBH-HO-07-PPT-ME-SI5","WBH-HO-07-PPT-ME-SI5","WBH-HO-07-PPT-ME-SI5","SKIP","already-matches","instance","Shared Parameter","9214774","NWB_WBSCode","String","False","1","1","45","MDUC","Ductwork","Ductwork","connected:d4:14682415:Air Terminals","NWB-ARC-WBH-AR-MOD-0035","PPT.07.165","Office, 1 Person, Pathology","PPT","","","PPT","","","WBH","HO","PPT","SI5","WBH-HO-07-PPT-ME-SI5"
"20260802_005303","NWB_PARAMETERS AutoFill","MECHANICAL DUCTWORK LAYOUT - LEVEL 07 - ZONE 153","model","selection","smart","Both","skip-other-users","15473132","Duct Fittings","MHT-ME-DF-Rectangular Shoe Branch - Flanged","","LEVEL 07","Return Air","Standard","NWB_AssetTypeCode","MDUC","MDUC","MDUC","SKIP","already-matches","instance","Shared Parameter","7626182","NWB_AssetTypeCode","String","False","1","1","45","MDUC","Ductwork","Ductwork","connected:d3:14681967:Air Terminals","NWB-ARC-WBH-AR-MOD-0035","PPT.07.C19","Corridor","PPT","","","PPT","","","WBH","HO","PPT","SI5","WBH-HO-07-PPT-ME-SI5"
"20260802_005303","NWB_PARAMETERS AutoFill","MECHANICAL DUCTWORK LAYOUT - LEVEL 07 - ZONE 153","model","selection","smart","Both","skip-other-users","15473132","Duct Fittings","MHT-ME-DF-Rectangular Shoe Branch - Flanged","","LEVEL 07","Return Air","Standard","NWB_AssetType","Ductwork","Ductwork","Ductwork","SKIP","already-matches","instance","Shared Parameter","7626181","NWB_AssetType","String","False","1","1","45","MDUC","Ductwork","Ductwork","connected:d3:14681967:Air Terminals","NWB-ARC-WBH-AR-MOD-0035","PPT.07.C19","Corridor","PPT","","","PPT","","","WBH","HO","PPT","SI5","WBH-HO-07-PPT-ME-SI5"
"20260802_005303","NWB_PARAMETERS AutoFill","MECHANICAL DUCTWORK LAYOUT - LEVEL 07 - ZONE 153","model","selection","smart","Both","skip-other-users","15473132","Duct Fittings","MHT-ME-DF-Rectangular Shoe Branch - Flanged","","LEVEL 07","Return Air","Standard","NWB_Discipline","ME","ME","ME","SKIP","already-matches","instance","Shared Parameter","7626159","NWB_Discipline","String","False","1","1","45","MDUC","Ductwork","Ductwork","connected:d3:14681967:Air Terminals","NWB-ARC-WBH-AR-MOD-0035","PPT.07.C19","Corridor","PPT","","","PPT","","","WBH","HO","PPT","SI5","WBH-HO-07-PPT-ME-SI5"
"20260802_005303","NWB_PARAMETERS AutoFill","MECHANICAL DUCTWORK LAYOUT - LEVEL 07 - ZONE 153","model","selection","smart","Both","skip-other-users","15473132","Duct Fittings","MHT-ME-DF-Rectangular Shoe Branch - Flanged","","LEVEL 07","Return Air","Standard","NWB_Category","Ductwork","Ductwork","Ductwork","SKIP","already-matches","instance","Shared Parameter","7626160","NWB_Category","String","False","1","1","45","MDUC","Ductwork","Ductwork","connected:d3:14681967:Air Terminals","NWB-ARC-WBH-AR-MOD-0035","PPT.07.C19","Corridor","PPT","","","PPT","","","WBH","HO","PPT","SI5","WBH-HO-07-PPT-ME-SI5"
"20260802_005303","NWB_PARAMETERS AutoFill","MECHANICAL DUCTWORK LAYOUT - LEVEL 07 - ZONE 153","model","selection","smart","Both","skip-other-users","15473132","Duct Fittings","MHT-ME-DF-Rectangular Shoe Branch - Flanged","","LEVEL 07","Return Air","Standard","NWB_Department","PPT","PPT","PPT","SKIP","already-matches","instance","Shared Parameter","7626168","NWB_Department","String","False","1","1","45","MDUC","Ductwork","Ductwork","connected:d3:14681967:Air Terminals","NWB-ARC-WBH-AR-MOD-0035","PPT.07.C19","Corridor","PPT","","","PPT","","","WBH","HO","PPT","SI5","WBH-HO-07-PPT-ME-SI5"
"20260802_005303","NWB_PARAMETERS AutoFill","MECHANICAL DUCTWORK LAYOUT - LEVEL 07 - ZONE 153","model","selection","smart","Both","skip-other-users","15473132","Duct Fittings","MHT-ME-DF-Rectangular Shoe Branch - Flanged","","LEVEL 07","Return Air","Standard","NWB_Material","","","","SKIP","workbook material blank and model material missing","","","","NWB_Material","","","","","45","MDUC","Ductwork","Ductwork","connected:d3:14681967:Air Terminals","NWB-ARC-WBH-AR-MOD-0035","PPT.07.C19","Corridor","PPT","","","PPT","","","WBH","HO","PPT","SI5","WBH-HO-07-PPT-ME-SI5"
"20260802_005303","NWB_PARAMETERS AutoFill","MECHANICAL DUCTWORK LAYOUT - LEVEL 07 - ZONE 153","model","selection","smart","Both","skip-other-users","15473132","Duct Fittings","MHT-ME-DF-Rectangular Shoe Branch - Flanged","","LEVEL 07","Return Air","Standard","NWB_System","Return Air","Return Air","Return Air","SKIP","already-matches","instance","Shared Parameter","7626163","NWB_System","String","False","1","1","45","MDUC","Ductwork","Ductwork","connected:d3:14681967:Air Terminals","NWB-ARC-WBH-AR-MOD-0035","PPT.07.C19","Corridor","PPT","","","PPT","","","WBH","HO","PPT","SI5","WBH-HO-07-PPT-ME-SI5"
"20260802_005303","NWB_PARAMETERS AutoFill","MECHANICAL DUCTWORK LAYOUT - LEVEL 07 - ZONE 153","model","selection","smart","Both","skip-other-users","15473132","Duct Fittings","MHT-ME-DF-Rectangular Shoe Branch - Flanged","","LEVEL 07","Return Air","Standard","NWB_UniclassCode","Pr_65_65_25","Pr_65_65_25","Pr_65_65_25","SKIP","already-matches","instance","Shared Parameter","7626165","NWB_UniclassCode","String","False","1","1","45","MDUC","Ductwork","Ductwork","connected:d3:14681967:Air Terminals","NWB-ARC-WBH-AR-MOD-0035","PPT.07.C19","Corridor","PPT","","","PPT","","","WBH","HO","PPT","SI5","WBH-HO-07-PPT-ME-SI5"
"20260802_005303","NWB_PARAMETERS AutoFill","MECHANICAL DUCTWORK LAYOUT - LEVEL 07 - ZONE 153","model","selection","smart","Both","skip-other-users","15473132","Duct Fittings","MHT-ME-DF-Rectangular Shoe Branch - Flanged","","LEVEL 07","Return Air","Standard","NWB_UniclassDescription","Ductwork and fittings","Ductwork and fittings","Ductwork and fittings","SKIP","already-matches","instance","Shared Parameter","7626166","NWB_UniclassDescription","String","False","1","1","45","MDUC","Ductwork","Ductwork","connected:d3:14681967:Air Terminals","NWB-ARC-WBH-AR-MOD-0035","PPT.07.C19","Corridor","PPT","","","PPT","","","WBH","HO","PPT","SI5","WBH-HO-07-PPT-ME-SI5"
"20260802_005303","NWB_PARAMETERS AutoFill","MECHANICAL DUCTWORK LAYOUT - LEVEL 07 - ZONE 153","model","selection","smart","Both","skip-other-users","15473132","Duct Fittings","MHT-ME-DF-Rectangular Shoe Branch - Flanged","","LEVEL 07","Return Air","Standard","NWB_DesignPkg","NWB-GEN-ME-SCM-1091-A","NWB-GEN-ME-SCM-1091-A","NWB-GEN-ME-SCM-1091-A","SKIP","already-matches","instance","Shared Parameter","7626167","NWB_DesignPkg","String","False","1","1","45","MDUC","Ductwork","Ductwork","connected:d3:14681967:Air Terminals","NWB-ARC-WBH-AR-MOD-0035","PPT.07.C19","Corridor","PPT","","","PPT","","","WBH","HO","PPT","SI5","WBH-HO-07-PPT-ME-SI5"
"20260802_005303","NWB_PARAMETERS AutoFill","MECHANICAL DUCTWORK LAYOUT - LEVEL 07 - ZONE 153","model","selection","smart","Both","skip-other-users","15473132","Duct Fittings","MHT-ME-DF-Rectangular Shoe Branch - Flanged","","LEVEL 07","Return Air","Standard","NWB_BuildingPermitPkg","WBH - BP09","","","SKIP","missing","","","","NWB_BuildingPermitPkg","","","0","0","45","MDUC","Ductwork","Ductwork","connected:d3:14681967:Air Terminals","NWB-ARC-WBH-AR-MOD-0035","PPT.07.C19","Corridor","PPT","","","PPT","","","WBH","HO","PPT","SI5","WBH-HO-07-PPT-ME-SI5"
"20260802_005303","NWB_PARAMETERS AutoFill","MECHANICAL DUCTWORK LAYOUT - LEVEL 07 - ZONE 153","model","selection","smart","Both","skip-other-users","15473132","Duct Fittings","MHT-ME-DF-Rectangular Shoe Branch - Flanged","","LEVEL 07","Return Air","Standard","NWB_WBS00","WBH","WBH","WBH","SKIP","already-matches","instance","Shared Parameter","9214738","NWB_WBS00","String","False","1","1","45","MDUC","Ductwork","Ductwork","connected:d3:14681967:Air Terminals","NWB-ARC-WBH-AR-MOD-0035","PPT.07.C19","Corridor","PPT","","","PPT","","","WBH","HO","PPT","SI5","WBH-HO-07-PPT-ME-SI5"
"20260802_005303","NWB_PARAMETERS AutoFill","MECHANICAL DUCTWORK LAYOUT - LEVEL 07 - ZONE 153","model","selection","smart","Both","skip-other-users","15473132","Duct Fittings","MHT-ME-DF-Rectangular Shoe Branch - Flanged","","LEVEL 07","Return Air","Standard","NWB_WBS01","HO","HO","HO","SKIP","already-matches","instance","Shared Parameter","9214798","NWB_WBS01","String","False","1","1","45","MDUC","Ductwork","Ductwork","connected:d3:14681967:Air Terminals","NWB-ARC-WBH-AR-MOD-0035","PPT.07.C19","Corridor","PPT","","","PPT","","","WBH","HO","PPT","SI5","WBH-HO-07-PPT-ME-SI5"
"20260802_005303","NWB_PARAMETERS AutoFill","MECHANICAL DUCTWORK LAYOUT - LEVEL 07 - ZONE 153","model","selection","smart","Both","skip-other-users","15473132","Duct Fittings","MHT-ME-DF-Rectangular Shoe Branch - Flanged","","LEVEL 07","Return Air","Standard","NWB_WBS02","07","07","07","SKIP","already-matches","instance","Shared Parameter","9214786","NWB_WBS02","String","False","1","1","45","MDUC","Ductwork","Ductwork","connected:d3:14681967:Air Terminals","NWB-ARC-WBH-AR-MOD-0035","PPT.07.C19","Corridor","PPT","","","PPT","","","WBH","HO","PPT","SI5","WBH-HO-07-PPT-ME-SI5"
"20260802_005303","NWB_PARAMETERS AutoFill","MECHANICAL DUCTWORK LAYOUT - LEVEL 07 - ZONE 153","model","selection","smart","Both","skip-other-users","15473132","Duct Fittings","MHT-ME-DF-Rectangular Shoe Branch - Flanged","","LEVEL 07","Return Air","Standard","NWB_WBS03","PPT","PPT","PPT","SKIP","already-matches","instance","Shared Parameter","9214750","NWB_WBS03","String","False","1","1","45","MDUC","Ductwork","Ductwork","connected:d3:14681967:Air Terminals","NWB-ARC-WBH-AR-MOD-0035","PPT.07.C19","Corridor","PPT","","","PPT","","","WBH","HO","PPT","SI5","WBH-HO-07-PPT-ME-SI5"
"20260802_005303","NWB_PARAMETERS AutoFill","MECHANICAL DUCTWORK LAYOUT - LEVEL 07 - ZONE 153","model","selection","smart","Both","skip-other-users","15473132","Duct Fittings","MHT-ME-DF-Rectangular Shoe Branch - Flanged","","LEVEL 07","Return Air","Standard","NWB_WBS04","ME","ME","ME","SKIP","already-matches","instance","Shared Parameter","9214762","NWB_WBS04","String","False","1","1","45","MDUC","Ductwork","Ductwork","connected:d3:14681967:Air Terminals","NWB-ARC-WBH-AR-MOD-0035","PPT.07.C19","Corridor","PPT","","","PPT","","","WBH","HO","PPT","SI5","WBH-HO-07-PPT-ME-SI5"
"20260802_005303","NWB_PARAMETERS AutoFill","MECHANICAL DUCTWORK LAYOUT - LEVEL 07 - ZONE 153","model","selection","smart","Both","skip-other-users","15473132","Duct Fittings","MHT-ME-DF-Rectangular Shoe Branch - Flanged","","LEVEL 07","Return Air","Standard","NWB_WBS05","SI5","SI5","SI5","SKIP","already-matches","instance","Shared Parameter","9214810","NWB_WBS05","String","False","1","1","45","MDUC","Ductwork","Ductwork","connected:d3:14681967:Air Terminals","NWB-ARC-WBH-AR-MOD-0035","PPT.07.C19","Corridor","PPT","","","PPT","","","WBH","HO","PPT","SI5","WBH-HO-07-PPT-ME-SI5"
"20260802_005303","NWB_PARAMETERS AutoFill","MECHANICAL DUCTWORK LAYOUT - LEVEL 07 - ZONE 153","model","selection","smart","Both","skip-other-users","15473132","Duct Fittings","MHT-ME-DF-Rectangular Shoe Branch - Flanged","","LEVEL 07","Return Air","Standard","NWB_WBSCode","WBH-HO-07-PPT-ME-SI5","WBH-HO-07-PPT-ME-SI5","WBH-HO-07-PPT-ME-SI5","SKIP","already-matches","instance","Shared Parameter","9214774","NWB_WBSCode","String","False","1","1","45","MDUC","Ductwork","Ductwork","connected:d3:14681967:Air Terminals","NWB-ARC-WBH-AR-MOD-0035","PPT.07.C19","Corridor","PPT","","","PPT","","","WBH","HO","PPT","SI5","WBH-HO-07-PPT-ME-SI5"
"20260802_005303","NWB_PARAMETERS AutoFill","MECHANICAL DUCTWORK LAYOUT - LEVEL 07 - ZONE 153","model","selection","smart","Both","skip-other-users","15473133","Duct Fittings","MHT-ME-DF-Rectangular Short Radius Bend - Flanged","","LEVEL 07","Return Air","MHT-ME-DF-Rectangular Short Radius Bend - Flanged","NWB_AssetTypeCode","MDUC","MDUC","MDUC","SKIP","already-matches","instance","Shared Parameter","3045149","NWB_AssetTypeCode","String","False","2","2","45","MDUC","Ductwork","Ductwork","connected-miss:d4:visited16","","","","","","","","","","WBH","HO","Z00","SI5","WBH-HO-07-Z00-ME-SI5"
"20260802_005303","NWB_PARAMETERS AutoFill","MECHANICAL DUCTWORK LAYOUT - LEVEL 07 - ZONE 153","model","selection","smart","Both","skip-other-users","15473133","Duct Fittings","MHT-ME-DF-Rectangular Short Radius Bend - Flanged","","LEVEL 07","Return Air","MHT-ME-DF-Rectangular Short Radius Bend - Flanged","NWB_AssetTypeCode","MDUC","MDUC","MDUC","SKIP","already-matches","instance","Shared Parameter","7626182","NWB_AssetTypeCode","String","False","2","2","45","MDUC","Ductwork","Ductwork","connected-miss:d4:visited16","","","","","","","","","","WBH","HO","Z00","SI5","WBH-HO-07-Z00-ME-SI5"
"20260802_005303","NWB_PARAMETERS AutoFill","MECHANICAL DUCTWORK LAYOUT - LEVEL 07 - ZONE 153","model","selection","smart","Both","skip-other-users","15473133","Duct Fittings","MHT-ME-DF-Rectangular Short Radius Bend - Flanged","","LEVEL 07","Return Air","MHT-ME-DF-Rectangular Short Radius Bend - Flanged","NWB_AssetType","Ductwork","Ductwork","Ductwork","SKIP","already-matches","instance","Shared Parameter","3045150","NWB_AssetType","String","False","2","2","45","MDUC","Ductwork","Ductwork","connected-miss:d4:visited16","","","","","","","","","","WBH","HO","Z00","SI5","WBH-HO-07-Z00-ME-SI5"
"20260802_005303","NWB_PARAMETERS AutoFill","MECHANICAL DUCTWORK LAYOUT - LEVEL 07 - ZONE 153","model","selection","smart","Both","skip-other-users","15473133","Duct Fittings","MHT-ME-DF-Rectangular Short Radius Bend - Flanged","","LEVEL 07","Return Air","MHT-ME-DF-Rectangular Short Radius Bend - Flanged","NWB_AssetType","Ductwork","Ductwork","Ductwork","SKIP","already-matches","instance","Shared Parameter","7626181","NWB_AssetType","String","False","2","2","45","MDUC","Ductwork","Ductwork","connected-miss:d4:visited16","","","","","","","","","","WBH","HO","Z00","SI5","WBH-HO-07-Z00-ME-SI5"
"20260802_005303","NWB_PARAMETERS AutoFill","MECHANICAL DUCTWORK LAYOUT - LEVEL 07 - ZONE 153","model","selection","smart","Both","skip-other-users","15473133","Duct Fittings","MHT-ME-DF-Rectangular Short Radius Bend - Flanged","","LEVEL 07","Return Air","MHT-ME-DF-Rectangular Short Radius Bend - Flanged","NWB_Discipline","ME","ME","ME","SKIP","already-matches","instance","Shared Parameter","3045151","NWB_Discipline","String","False","2","2","45","MDUC","Ductwork","Ductwork","connected-miss:d4:visited16","","","","","","","","","","WBH","HO","Z00","SI5","WBH-HO-07-Z00-ME-SI5"
"20260802_005303","NWB_PARAMETERS AutoFill","MECHANICAL DUCTWORK LAYOUT - LEVEL 07 - ZONE 153","model","selection","smart","Both","skip-other-users","15473133","Duct Fittings","MHT-ME-DF-Rectangular Short Radius Bend - Flanged","","LEVEL 07","Return Air","MHT-ME-DF-Rectangular Short Radius Bend - Flanged","NWB_Discipline","ME","ME","ME","SKIP","already-matches","instance","Shared Parameter","7626159","NWB_Discipline","String","False","2","2","45","MDUC","Ductwork","Ductwork","connected-miss:d4:visited16","","","","","","","","","","WBH","HO","Z00","SI5","WBH-HO-07-Z00-ME-SI5"
"20260802_005303","NWB_PARAMETERS AutoFill","MECHANICAL DUCTWORK LAYOUT - LEVEL 07 - ZONE 153","model","selection","smart","Both","skip-other-users","15473133","Duct Fittings","MHT-ME-DF-Rectangular Short Radius Bend - Flanged","","LEVEL 07","Return Air","MHT-ME-DF-Rectangular Short Radius Bend - Flanged","NWB_Category","Ductwork","Ductwork","Ductwork","SKIP","already-matches","instance","Shared Parameter","3045152","NWB_Category","String","False","2","2","45","MDUC","Ductwork","Ductwork","connected-miss:d4:visited16","","","","","","","","","","WBH","HO","Z00","SI5","WBH-HO-07-Z00-ME-SI5"
"20260802_005303","NWB_PARAMETERS AutoFill","MECHANICAL DUCTWORK LAYOUT - LEVEL 07 - ZONE 153","model","selection","smart","Both","skip-other-users","15473133","Duct Fittings","MHT-ME-DF-Rectangular Short Radius Bend - Flanged","","LEVEL 07","Return Air","MHT-ME-DF-Rectangular Short Radius Bend - Flanged","NWB_Category","Ductwork","Ductwork","Ductwork","SKIP","already-matches","instance","Shared Parameter","7626160","NWB_Category","String","False","2","2","45","MDUC","Ductwork","Ductwork","connected-miss:d4:visited16","","","","","","","","","","WBH","HO","Z00","SI5","WBH-HO-07-Z00-ME-SI5"
"20260802_005303","NWB_PARAMETERS AutoFill","MECHANICAL DUCTWORK LAYOUT - LEVEL 07 - ZONE 153","model","selection","smart","Both","skip-other-users","15473133","Duct Fittings","MHT-ME-DF-Rectangular Short Radius Bend - Flanged","","LEVEL 07","Return Air","MHT-ME-DF-Rectangular Short Radius Bend - Flanged","NWB_Department","","","","SKIP","linked/direct room department unavailable (connected-miss:d4:visited16)","","","","NWB_Department","","","","","45","MDUC","Ductwork","Ductwork","connected-miss:d4:visited16","","","","","","","","","","WBH","HO","Z00","SI5","WBH-HO-07-Z00-ME-SI5"
"20260802_005303","NWB_PARAMETERS AutoFill","MECHANICAL DUCTWORK LAYOUT - LEVEL 07 - ZONE 153","model","selection","smart","Both","skip-other-users","15473133","Duct Fittings","MHT-ME-DF-Rectangular Short Radius Bend - Flanged","","LEVEL 07","Return Air","MHT-ME-DF-Rectangular Short Radius Bend - Flanged","NWB_Material","","","","SKIP","workbook material blank and model material missing","","","","NWB_Material","","","","","45","MDUC","Ductwork","Ductwork","connected-miss:d4:visited16","","","","","","","","","","WBH","HO","Z00","SI5","WBH-HO-07-Z00-ME-SI5"
"20260802_005303","NWB_PARAMETERS AutoFill","MECHANICAL DUCTWORK LAYOUT - LEVEL 07 - ZONE 153","model","selection","smart","Both","skip-other-users","15473133","Duct Fittings","MHT-ME-DF-Rectangular Short Radius Bend - Flanged","","LEVEL 07","Return Air","MHT-ME-DF-Rectangular Short Radius Bend - Flanged","NWB_System","Return Air","Return Air","Return Air","SKIP","already-matches","instance","Shared Parameter","3045155","NWB_System","String","False","2","2","45","MDUC","Ductwork","Ductwork","connected-miss:d4:visited16","","","","","","","","","","WBH","HO","Z00","SI5","WBH-HO-07-Z00-ME-SI5"
"20260802_005303","NWB_PARAMETERS AutoFill","MECHANICAL DUCTWORK LAYOUT - LEVEL 07 - ZONE 153","model","selection","smart","Both","skip-other-users","15473133","Duct Fittings","MHT-ME-DF-Rectangular Short Radius Bend - Flanged","","LEVEL 07","Return Air","MHT-ME-DF-Rectangular Short Radius Bend - Flanged","NWB_System","Return Air","Return Air","Return Air","SKIP","already-matches","instance","Shared Parameter","7626163","NWB_System","String","False","2","2","45","MDUC","Ductwork","Ductwork","connected-miss:d4:visited16","","","","","","","","","","WBH","HO","Z00","SI5","WBH-HO-07-Z00-ME-SI5"
"20260802_005303","NWB_PARAMETERS AutoFill","MECHANICAL DUCTWORK LAYOUT - LEVEL 07 - ZONE 153","model","selection","smart","Both","skip-other-users","15473133","Duct Fittings","MHT-ME-DF-Rectangular Short Radius Bend - Flanged","","LEVEL 07","Return Air","MHT-ME-DF-Rectangular Short Radius Bend - Flanged","NWB_UniclassCode","Pr_65_65_25","Pr_65_65_25","Pr_65_65_25","SKIP","already-matches","instance","Shared Parameter","3045156","NWB_UniclassCode","String","False","2","2","45","MDUC","Ductwork","Ductwork","connected-miss:d4:visited16","","","","","","","","","","WBH","HO","Z00","SI5","WBH-HO-07-Z00-ME-SI5"
"20260802_005303","NWB_PARAMETERS AutoFill","MECHANICAL DUCTWORK LAYOUT - LEVEL 07 - ZONE 153","model","selection","smart","Both","skip-other-users","15473133","Duct Fittings","MHT-ME-DF-Rectangular Short Radius Bend - Flanged","","LEVEL 07","Return Air","MHT-ME-DF-Rectangular Short Radius Bend - Flanged","NWB_UniclassCode","Pr_65_65_25","Pr_65_65_25","Pr_65_65_25","SKIP","already-matches","instance","Shared Parameter","7626165","NWB_UniclassCode","String","False","2","2","45","MDUC","Ductwork","Ductwork","connected-miss:d4:visited16","","","","","","","","","","WBH","HO","Z00","SI5","WBH-HO-07-Z00-ME-SI5"
"20260802_005303","NWB_PARAMETERS AutoFill","MECHANICAL DUCTWORK LAYOUT - LEVEL 07 - ZONE 153","model","selection","smart","Both","skip-other-users","15473133","Duct Fittings","MHT-ME-DF-Rectangular Short Radius Bend - Flanged","","LEVEL 07","Return Air","MHT-ME-DF-Rectangular Short Radius Bend - Flanged","NWB_UniclassDescription","Ductwork and fittings","Ductwork and fittings","Ductwork and fittings","SKIP","already-matches","instance","Shared Parameter","3045157","NWB_UniclassDescription","String","False","2","2","45","MDUC","Ductwork","Ductwork","connected-miss:d4:visited16","","","","","","","","","","WBH","HO","Z00","SI5","WBH-HO-07-Z00-ME-SI5"
"20260802_005303","NWB_PARAMETERS AutoFill","MECHANICAL DUCTWORK LAYOUT - LEVEL 07 - ZONE 153","model","selection","smart","Both","skip-other-users","15473133","Duct Fittings","MHT-ME-DF-Rectangular Short Radius Bend - Flanged","","LEVEL 07","Return Air","MHT-ME-DF-Rectangular Short Radius Bend - Flanged","NWB_UniclassDescription","Ductwork and fittings","Ductwork and fittings","Ductwork and fittings","SKIP","already-matches","instance","Shared Parameter","7626166","NWB_UniclassDescription","String","False","2","2","45","MDUC","Ductwork","Ductwork","connected-miss:d4:visited16","","","","","","","","","","WBH","HO","Z00","SI5","WBH-HO-07-Z00-ME-SI5"
"20260802_005303","NWB_PARAMETERS AutoFill","MECHANICAL DUCTWORK LAYOUT - LEVEL 07 - ZONE 153","model","selection","smart","Both","skip-other-users","15473133","Duct Fittings","MHT-ME-DF-Rectangular Short Radius Bend - Flanged","","LEVEL 07","Return Air","MHT-ME-DF-Rectangular Short Radius Bend - Flanged","NWB_DesignPkg","NWB-GEN-ME-SCM-1091-A","NWB-GEN-ME-SCM-1091-A","NWB-GEN-ME-SCM-1091-A","SKIP","already-matches","instance","Shared Parameter","3045158","NWB_DesignPkg","String","False","2","2","45","MDUC","Ductwork","Ductwork","connected-miss:d4:visited16","","","","","","","","","","WBH","HO","Z00","SI5","WBH-HO-07-Z00-ME-SI5"
"20260802_005303","NWB_PARAMETERS AutoFill","MECHANICAL DUCTWORK LAYOUT - LEVEL 07 - ZONE 153","model","selection","smart","Both","skip-other-users","15473133","Duct Fittings","MHT-ME-DF-Rectangular Short Radius Bend - Flanged","","LEVEL 07","Return Air","MHT-ME-DF-Rectangular Short Radius Bend - Flanged","NWB_DesignPkg","NWB-GEN-ME-SCM-1091-A","NWB-GEN-ME-SCM-1091-A","NWB-GEN-ME-SCM-1091-A","SKIP","already-matches","instance","Shared Parameter","7626167","NWB_DesignPkg","String","False","2","2","45","MDUC","Ductwork","Ductwork","connected-miss:d4:visited16","","","","","","","","","","WBH","HO","Z00","SI5","WBH-HO-07-Z00-ME-SI5"
"20260802_005303","NWB_PARAMETERS AutoFill","MECHANICAL DUCTWORK LAYOUT - LEVEL 07 - ZONE 153","model","selection","smart","Both","skip-other-users","15473133","Duct Fittings","MHT-ME-DF-Rectangular Short Radius Bend - Flanged","","LEVEL 07","Return Air","MHT-ME-DF-Rectangular Short Radius Bend - Flanged","NWB_BuildingPermitPkg","WBH - BP09","","","SKIP","missing","","","","NWB_BuildingPermitPkg","","","0","0","45","MDUC","Ductwork","Ductwork","connected-miss:d4:visited16","","","","","","","","","","WBH","HO","Z00","SI5","WBH-HO-07-Z00-ME-SI5"
"20260802_005303","NWB_PARAMETERS AutoFill","MECHANICAL DUCTWORK LAYOUT - LEVEL 07 - ZONE 153","model","selection","smart","Both","skip-other-users","15473133","Duct Fittings","MHT-ME-DF-Rectangular Short Radius Bend - Flanged","","LEVEL 07","Return Air","MHT-ME-DF-Rectangular Short Radius Bend - Flanged","NWB_WBS00","WBH","WBH","WBH","SKIP","already-matches","instance","Shared Parameter","9214738","NWB_WBS00","String","False","1","1","45","MDUC","Ductwork","Ductwork","connected-miss:d4:visited16","","","","","","","","","","WBH","HO","Z00","SI5","WBH-HO-07-Z00-ME-SI5"
"20260802_005303","NWB_PARAMETERS AutoFill","MECHANICAL DUCTWORK LAYOUT - LEVEL 07 - ZONE 153","model","selection","smart","Both","skip-other-users","15473133","Duct Fittings","MHT-ME-DF-Rectangular Short Radius Bend - Flanged","","LEVEL 07","Return Air","MHT-ME-DF-Rectangular Short Radius Bend - Flanged","NWB_WBS01","HO","HO","HO","SKIP","already-matches","instance","Shared Parameter","9214798","NWB_WBS01","String","False","1","1","45","MDUC","Ductwork","Ductwork","connected-miss:d4:visited16","","","","","","","","","","WBH","HO","Z00","SI5","WBH-HO-07-Z00-ME-SI5"
"20260802_005303","NWB_PARAMETERS AutoFill","MECHANICAL DUCTWORK LAYOUT - LEVEL 07 - ZONE 153","model","selection","smart","Both","skip-other-users","15473133","Duct Fittings","MHT-ME-DF-Rectangular Short Radius Bend - Flanged","","LEVEL 07","Return Air","MHT-ME-DF-Rectangular Short Radius Bend - Flanged","NWB_WBS02","07","07","07","SKIP","already-matches","instance","Shared Parameter","9214786","NWB_WBS02","String","False","1","1","45","MDUC","Ductwork","Ductwork","connected-miss:d4:visited16","","","","","","","","","","WBH","HO","Z00","SI5","WBH-HO-07-Z00-ME-SI5"
"20260802_005303","NWB_PARAMETERS AutoFill","MECHANICAL DUCTWORK LAYOUT - LEVEL 07 - ZONE 153","model","selection","smart","Both","skip-other-users","15473133","Duct Fittings","MHT-ME-DF-Rectangular Short Radius Bend - Flanged","","LEVEL 07","Return Air","MHT-ME-DF-Rectangular Short Radius Bend - Flanged","NWB_WBS03","Z00","Z00","Z00","SKIP","already-matches","instance","Shared Parameter","9214750","NWB_WBS03","String","False","1","1","45","MDUC","Ductwork","Ductwork","connected-miss:d4:visited16","","","","","","","","","","WBH","HO","Z00","SI5","WBH-HO-07-Z00-ME-SI5"
"20260802_005303","NWB_PARAMETERS AutoFill","MECHANICAL DUCTWORK LAYOUT - LEVEL 07 - ZONE 153","model","selection","smart","Both","skip-other-users","15473133","Duct Fittings","MHT-ME-DF-Rectangular Short Radius Bend - Flanged","","LEVEL 07","Return Air","MHT-ME-DF-Rectangular Short Radius Bend - Flanged","NWB_WBS04","ME","ME","ME","SKIP","already-matches","instance","Shared Parameter","9214762","NWB_WBS04","String","False","1","1","45","MDUC","Ductwork","Ductwork","connected-miss:d4:visited16","","","","","","","","","","WBH","HO","Z00","SI5","WBH-HO-07-Z00-ME-SI5"
"20260802_005303","NWB_PARAMETERS AutoFill","MECHANICAL DUCTWORK LAYOUT - LEVEL 07 - ZONE 153","model","selection","smart","Both","skip-other-users","15473133","Duct Fittings","MHT-ME-DF-Rectangular Short Radius Bend - Flanged","","LEVEL 07","Return Air","MHT-ME-DF-Rectangular Short Radius Bend - Flanged","NWB_WBS05","SI5","SI5","SI5","SKIP","already-matches","instance","Shared Parameter","9214810","NWB_WBS05","String","False","1","1","45","MDUC","Ductwork","Ductwork","connected-miss:d4:visited16","","","","","","","","","","WBH","HO","Z00","SI5","WBH-HO-07-Z00-ME-SI5"
"20260802_005303","NWB_PARAMETERS AutoFill","MECHANICAL DUCTWORK LAYOUT - LEVEL 07 - ZONE 153","model","selection","smart","Both","skip-other-users","15473133","Duct Fittings","MHT-ME-DF-Rectangular Short Radius Bend - Flanged","","LEVEL 07","Return Air","MHT-ME-DF-Rectangular Short Radius Bend - Flanged","NWB_WBSCode","WBH-HO-07-Z00-ME-SI5","WBH-HO-07-Z00-ME-SI5","WBH-HO-07-Z00-ME-SI5","SKIP","already-matches","instance","Shared Parameter","9214774","NWB_WBSCode","String","False","1","1","45","MDUC","Ductwork","Ductwork","connected-miss:d4:visited16","","","","","","","","","","WBH","HO","Z00","SI5","WBH-HO-07-Z00-ME-SI5"
"20260802_005303","NWB_PARAMETERS AutoFill","MECHANICAL DUCTWORK LAYOUT - LEVEL 07 - ZONE 153","model","selection","smart","Both","skip-other-users","15534725","Duct Accessories","MHT-ME-Fire Damper-02","","LEVEL 07","Supply Air","MHT-ME-FAM-FAM-Fire Damper","NWB_AssetTypeCode","MDUC","MDUC","MDUC","SKIP","already-matches","instance","Shared Parameter","7626182","NWB_AssetTypeCode","String","False","1","1","37","MDUC","Ductwork","Ductwork","connected:d3:13969201:Air Terminals","NWB-ARC-WBH-AR-MOD-0035","PPT.07.189","Universal Change, Staff, 7m2","PPT","","","PPT","","","WBH","HO","PPT","SI5","WBH-HO-07-PPT-ME-SI5"
"20260802_005303","NWB_PARAMETERS AutoFill","MECHANICAL DUCTWORK LAYOUT - LEVEL 07 - ZONE 153","model","selection","smart","Both","skip-other-users","15534725","Duct Accessories","MHT-ME-Fire Damper-02","","LEVEL 07","Supply Air","MHT-ME-FAM-FAM-Fire Damper","NWB_AssetType","Ductwork","Ductwork","Ductwork","SKIP","already-matches","instance","Shared Parameter","7626181","NWB_AssetType","String","False","1","1","37","MDUC","Ductwork","Ductwork","connected:d3:13969201:Air Terminals","NWB-ARC-WBH-AR-MOD-0035","PPT.07.189","Universal Change, Staff, 7m2","PPT","","","PPT","","","WBH","HO","PPT","SI5","WBH-HO-07-PPT-ME-SI5"
"20260802_005303","NWB_PARAMETERS AutoFill","MECHANICAL DUCTWORK LAYOUT - LEVEL 07 - ZONE 153","model","selection","smart","Both","skip-other-users","15534725","Duct Accessories","MHT-ME-Fire Damper-02","","LEVEL 07","Supply Air","MHT-ME-FAM-FAM-Fire Damper","NWB_Discipline","ME","ME","ME","SKIP","already-matches","instance","Shared Parameter","7626159","NWB_Discipline","String","False","1","1","37","MDUC","Ductwork","Ductwork","connected:d3:13969201:Air Terminals","NWB-ARC-WBH-AR-MOD-0035","PPT.07.189","Universal Change, Staff, 7m2","PPT","","","PPT","","","WBH","HO","PPT","SI5","WBH-HO-07-PPT-ME-SI5"
"20260802_005303","NWB_PARAMETERS AutoFill","MECHANICAL DUCTWORK LAYOUT - LEVEL 07 - ZONE 153","model","selection","smart","Both","skip-other-users","15534725","Duct Accessories","MHT-ME-Fire Damper-02","","LEVEL 07","Supply Air","MHT-ME-FAM-FAM-Fire Damper","NWB_Category","Ductwork","Ductwork","Ductwork","SKIP","already-matches","instance","Shared Parameter","7626160","NWB_Category","String","False","1","1","37","MDUC","Ductwork","Ductwork","connected:d3:13969201:Air Terminals","NWB-ARC-WBH-AR-MOD-0035","PPT.07.189","Universal Change, Staff, 7m2","PPT","","","PPT","","","WBH","HO","PPT","SI5","WBH-HO-07-PPT-ME-SI5"
"20260802_005303","NWB_PARAMETERS AutoFill","MECHANICAL DUCTWORK LAYOUT - LEVEL 07 - ZONE 153","model","selection","smart","Both","skip-other-users","15534725","Duct Accessories","MHT-ME-Fire Damper-02","","LEVEL 07","Supply Air","MHT-ME-FAM-FAM-Fire Damper","NWB_Department","PPT","PPT","PPT","SKIP","already-matches","instance","Shared Parameter","7626168","NWB_Department","String","False","1","1","37","MDUC","Ductwork","Ductwork","connected:d3:13969201:Air Terminals","NWB-ARC-WBH-AR-MOD-0035","PPT.07.189","Universal Change, Staff, 7m2","PPT","","","PPT","","","WBH","HO","PPT","SI5","WBH-HO-07-PPT-ME-SI5"
"20260802_005303","NWB_PARAMETERS AutoFill","MECHANICAL DUCTWORK LAYOUT - LEVEL 07 - ZONE 153","model","selection","smart","Both","skip-other-users","15534725","Duct Accessories","MHT-ME-Fire Damper-02","","LEVEL 07","Supply Air","MHT-ME-FAM-FAM-Fire Damper","NWB_Material","","","","SKIP","workbook material blank and model material missing","","","","NWB_Material","","","","","37","MDUC","Ductwork","Ductwork","connected:d3:13969201:Air Terminals","NWB-ARC-WBH-AR-MOD-0035","PPT.07.189","Universal Change, Staff, 7m2","PPT","","","PPT","","","WBH","HO","PPT","SI5","WBH-HO-07-PPT-ME-SI5"
"20260802_005303","NWB_PARAMETERS AutoFill","MECHANICAL DUCTWORK LAYOUT - LEVEL 07 - ZONE 153","model","selection","smart","Both","skip-other-users","15534725","Duct Accessories","MHT-ME-Fire Damper-02","","LEVEL 07","Supply Air","MHT-ME-FAM-FAM-Fire Damper","NWB_System","Supply Air","Supply Air","Supply Air","SKIP","already-matches","instance","Shared Parameter","7626163","NWB_System","String","False","1","1","37","MDUC","Ductwork","Ductwork","connected:d3:13969201:Air Terminals","NWB-ARC-WBH-AR-MOD-0035","PPT.07.189","Universal Change, Staff, 7m2","PPT","","","PPT","","","WBH","HO","PPT","SI5","WBH-HO-07-PPT-ME-SI5"
"20260802_005303","NWB_PARAMETERS AutoFill","MECHANICAL DUCTWORK LAYOUT - LEVEL 07 - ZONE 153","model","selection","smart","Both","skip-other-users","15534725","Duct Accessories","MHT-ME-Fire Damper-02","","LEVEL 07","Supply Air","MHT-ME-FAM-FAM-Fire Damper","NWB_UniclassCode","Pr_65_65_25","Pr_65_65_25","Pr_65_65_25","SKIP","already-matches","instance","Shared Parameter","7626165","NWB_UniclassCode","String","False","1","1","37","MDUC","Ductwork","Ductwork","connected:d3:13969201:Air Terminals","NWB-ARC-WBH-AR-MOD-0035","PPT.07.189","Universal Change, Staff, 7m2","PPT","","","PPT","","","WBH","HO","PPT","SI5","WBH-HO-07-PPT-ME-SI5"
"20260802_005303","NWB_PARAMETERS AutoFill","MECHANICAL DUCTWORK LAYOUT - LEVEL 07 - ZONE 153","model","selection","smart","Both","skip-other-users","15534725","Duct Accessories","MHT-ME-Fire Damper-02","","LEVEL 07","Supply Air","MHT-ME-FAM-FAM-Fire Damper","NWB_UniclassDescription","Ductwork and fittings","Ductwork and fittings","Ductwork and fittings","SKIP","already-matches","instance","Shared Parameter","7626166","NWB_UniclassDescription","String","False","1","1","37","MDUC","Ductwork","Ductwork","connected:d3:13969201:Air Terminals","NWB-ARC-WBH-AR-MOD-0035","PPT.07.189","Universal Change, Staff, 7m2","PPT","","","PPT","","","WBH","HO","PPT","SI5","WBH-HO-07-PPT-ME-SI5"
"20260802_005303","NWB_PARAMETERS AutoFill","MECHANICAL DUCTWORK LAYOUT - LEVEL 07 - ZONE 153","model","selection","smart","Both","skip-other-users","15534725","Duct Accessories","MHT-ME-Fire Damper-02","","LEVEL 07","Supply Air","MHT-ME-FAM-FAM-Fire Damper","NWB_DesignPkg","NWB-GEN-ME-SCM-1091-A","NWB-GEN-ME-SCM-1091-A","NWB-GEN-ME-SCM-1091-A","SKIP","already-matches","instance","Shared Parameter","7626167","NWB_DesignPkg","String","False","1","1","37","MDUC","Ductwork","Ductwork","connected:d3:13969201:Air Terminals","NWB-ARC-WBH-AR-MOD-0035","PPT.07.189","Universal Change, Staff, 7m2","PPT","","","PPT","","","WBH","HO","PPT","SI5","WBH-HO-07-PPT-ME-SI5"
"20260802_005303","NWB_PARAMETERS AutoFill","MECHANICAL DUCTWORK LAYOUT - LEVEL 07 - ZONE 153","model","selection","smart","Both","skip-other-users","15534725","Duct Accessories","MHT-ME-Fire Damper-02","","LEVEL 07","Supply Air","MHT-ME-FAM-FAM-Fire Damper","NWB_BuildingPermitPkg","WBH - BP09","","","SKIP","missing","","","","NWB_BuildingPermitPkg","","","0","0","37","MDUC","Ductwork","Ductwork","connected:d3:13969201:Air Terminals","NWB-ARC-WBH-AR-MOD-0035","PPT.07.189","Universal Change, Staff, 7m2","PPT","","","PPT","","","WBH","HO","PPT","SI5","WBH-HO-07-PPT-ME-SI5"
"20260802_005303","NWB_PARAMETERS AutoFill","MECHANICAL DUCTWORK LAYOUT - LEVEL 07 - ZONE 153","model","selection","smart","Both","skip-other-users","15534725","Duct Accessories","MHT-ME-Fire Damper-02","","LEVEL 07","Supply Air","MHT-ME-FAM-FAM-Fire Damper","NWB_WBS00","WBH","WBH","WBH","SKIP","already-matches","instance","Shared Parameter","9214738","NWB_WBS00","String","False","1","1","37","MDUC","Ductwork","Ductwork","connected:d3:13969201:Air Terminals","NWB-ARC-WBH-AR-MOD-0035","PPT.07.189","Universal Change, Staff, 7m2","PPT","","","PPT","","","WBH","HO","PPT","SI5","WBH-HO-07-PPT-ME-SI5"
"20260802_005303","NWB_PARAMETERS AutoFill","MECHANICAL DUCTWORK LAYOUT - LEVEL 07 - ZONE 153","model","selection","smart","Both","skip-other-users","15534725","Duct Accessories","MHT-ME-Fire Damper-02","","LEVEL 07","Supply Air","MHT-ME-FAM-FAM-Fire Damper","NWB_WBS01","HO","HO","HO","SKIP","already-matches","instance","Shared Parameter","9214798","NWB_WBS01","String","False","1","1","37","MDUC","Ductwork","Ductwork","connected:d3:13969201:Air Terminals","NWB-ARC-WBH-AR-MOD-0035","PPT.07.189","Universal Change, Staff, 7m2","PPT","","","PPT","","","WBH","HO","PPT","SI5","WBH-HO-07-PPT-ME-SI5"
"20260802_005303","NWB_PARAMETERS AutoFill","MECHANICAL DUCTWORK LAYOUT - LEVEL 07 - ZONE 153","model","selection","smart","Both","skip-other-users","15534725","Duct Accessories","MHT-ME-Fire Damper-02","","LEVEL 07","Supply Air","MHT-ME-FAM-FAM-Fire Damper","NWB_WBS02","07","07","07","SKIP","already-matches","instance","Shared Parameter","9214786","NWB_WBS02","String","False","1","1","37","MDUC","Ductwork","Ductwork","connected:d3:13969201:Air Terminals","NWB-ARC-WBH-AR-MOD-0035","PPT.07.189","Universal Change, Staff, 7m2","PPT","","","PPT","","","WBH","HO","PPT","SI5","WBH-HO-07-PPT-ME-SI5"
"20260802_005303","NWB_PARAMETERS AutoFill","MECHANICAL DUCTWORK LAYOUT - LEVEL 07 - ZONE 153","model","selection","smart","Both","skip-other-users","15534725","Duct Accessories","MHT-ME-Fire Damper-02","","LEVEL 07","Supply Air","MHT-ME-FAM-FAM-Fire Damper","NWB_WBS03","PPT","PPT","PPT","SKIP","already-matches","instance","Shared Parameter","9214750","NWB_WBS03","String","False","1","1","37","MDUC","Ductwork","Ductwork","connected:d3:13969201:Air Terminals","NWB-ARC-WBH-AR-MOD-0035","PPT.07.189","Universal Change, Staff, 7m2","PPT","","","PPT","","","WBH","HO","PPT","SI5","WBH-HO-07-PPT-ME-SI5"
"20260802_005303","NWB_PARAMETERS AutoFill","MECHANICAL DUCTWORK LAYOUT - LEVEL 07 - ZONE 153","model","selection","smart","Both","skip-other-users","15534725","Duct Accessories","MHT-ME-Fire Damper-02","","LEVEL 07","Supply Air","MHT-ME-FAM-FAM-Fire Damper","NWB_WBS04","ME","ME","ME","SKIP","already-matches","instance","Shared Parameter","9214762","NWB_WBS04","String","False","1","1","37","MDUC","Ductwork","Ductwork","connected:d3:13969201:Air Terminals","NWB-ARC-WBH-AR-MOD-0035","PPT.07.189","Universal Change, Staff, 7m2","PPT","","","PPT","","","WBH","HO","PPT","SI5","WBH-HO-07-PPT-ME-SI5"
"20260802_005303","NWB_PARAMETERS AutoFill","MECHANICAL DUCTWORK LAYOUT - LEVEL 07 - ZONE 153","model","selection","smart","Both","skip-other-users","15534725","Duct Accessories","MHT-ME-Fire Damper-02","","LEVEL 07","Supply Air","MHT-ME-FAM-FAM-Fire Damper","NWB_WBS05","SI5","SI5","SI5","SKIP","already-matches","instance","Shared Parameter","9214810","NWB_WBS05","String","False","1","1","37","MDUC","Ductwork","Ductwork","connected:d3:13969201:Air Terminals","NWB-ARC-WBH-AR-MOD-0035","PPT.07.189","Universal Change, Staff, 7m2","PPT","","","PPT","","","WBH","HO","PPT","SI5","WBH-HO-07-PPT-ME-SI5"
"20260802_005303","NWB_PARAMETERS AutoFill","MECHANICAL DUCTWORK LAYOUT - LEVEL 07 - ZONE 153","model","selection","smart","Both","skip-other-users","15534725","Duct Accessories","MHT-ME-Fire Damper-02","","LEVEL 07","Supply Air","MHT-ME-FAM-FAM-Fire Damper","NWB_WBSCode","WBH-HO-07-PPT-ME-SI5","WBH-HO-07-PPT-ME-SI5","WBH-HO-07-PPT-ME-SI5","SKIP","already-matches","instance","Shared Parameter","9214774","NWB_WBSCode","String","False","1","1","37","MDUC","Ductwork","Ductwork","connected:d3:13969201:Air Terminals","NWB-ARC-WBH-AR-MOD-0035","PPT.07.189","Universal Change, Staff, 7m2","PPT","","","PPT","","","WBH","HO","PPT","SI5","WBH-HO-07-PPT-ME-SI5"
"20260802_005303","NWB_PARAMETERS AutoFill","MECHANICAL DUCTWORK LAYOUT - LEVEL 07 - ZONE 153","model","selection","smart","Both","skip-other-users","15534727","Ducts","Rectangular Duct","","LEVEL 07","Supply Air","Flanged Long Radius Elbows / Shoe Branch","NWB_AssetTypeCode","MDUC","MDUC","MDUC","SKIP","already-matches","instance","Shared Parameter","7626182","NWB_AssetTypeCode","String","False","1","1","45","MDUC","Ductwork","Ductwork","connected:d4:13994316:Air Terminals","NWB-ARC-WBH-AR-MOD-0035","PPT.07.171","Cleaner's Room","PPT","","","PPT","","","WBH","HO","PPT","SI5","WBH-HO-07-PPT-ME-SI5"
"20260802_005303","NWB_PARAMETERS AutoFill","MECHANICAL DUCTWORK LAYOUT - LEVEL 07 - ZONE 153","model","selection","smart","Both","skip-other-users","15534727","Ducts","Rectangular Duct","","LEVEL 07","Supply Air","Flanged Long Radius Elbows / Shoe Branch","NWB_AssetType","Ductwork","Ductwork","Ductwork","SKIP","already-matches","instance","Shared Parameter","7626181","NWB_AssetType","String","False","1","1","45","MDUC","Ductwork","Ductwork","connected:d4:13994316:Air Terminals","NWB-ARC-WBH-AR-MOD-0035","PPT.07.171","Cleaner's Room","PPT","","","PPT","","","WBH","HO","PPT","SI5","WBH-HO-07-PPT-ME-SI5"
"20260802_005303","NWB_PARAMETERS AutoFill","MECHANICAL DUCTWORK LAYOUT - LEVEL 07 - ZONE 153","model","selection","smart","Both","skip-other-users","15534727","Ducts","Rectangular Duct","","LEVEL 07","Supply Air","Flanged Long Radius Elbows / Shoe Branch","NWB_Discipline","ME","ME","ME","SKIP","already-matches","instance","Shared Parameter","7626159","NWB_Discipline","String","False","1","1","45","MDUC","Ductwork","Ductwork","connected:d4:13994316:Air Terminals","NWB-ARC-WBH-AR-MOD-0035","PPT.07.171","Cleaner's Room","PPT","","","PPT","","","WBH","HO","PPT","SI5","WBH-HO-07-PPT-ME-SI5"
"20260802_005303","NWB_PARAMETERS AutoFill","MECHANICAL DUCTWORK LAYOUT - LEVEL 07 - ZONE 153","model","selection","smart","Both","skip-other-users","15534727","Ducts","Rectangular Duct","","LEVEL 07","Supply Air","Flanged Long Radius Elbows / Shoe Branch","NWB_Category","Ductwork","Ductwork","Ductwork","SKIP","already-matches","instance","Shared Parameter","7626160","NWB_Category","String","False","1","1","45","MDUC","Ductwork","Ductwork","connected:d4:13994316:Air Terminals","NWB-ARC-WBH-AR-MOD-0035","PPT.07.171","Cleaner's Room","PPT","","","PPT","","","WBH","HO","PPT","SI5","WBH-HO-07-PPT-ME-SI5"
"20260802_005303","NWB_PARAMETERS AutoFill","MECHANICAL DUCTWORK LAYOUT - LEVEL 07 - ZONE 153","model","selection","smart","Both","skip-other-users","15534727","Ducts","Rectangular Duct","","LEVEL 07","Supply Air","Flanged Long Radius Elbows / Shoe Branch","NWB_Department","PPT","PPT","PPT","SKIP","already-matches","instance","Shared Parameter","7626168","NWB_Department","String","False","1","1","45","MDUC","Ductwork","Ductwork","connected:d4:13994316:Air Terminals","NWB-ARC-WBH-AR-MOD-0035","PPT.07.171","Cleaner's Room","PPT","","","PPT","","","WBH","HO","PPT","SI5","WBH-HO-07-PPT-ME-SI5"
"20260802_005303","NWB_PARAMETERS AutoFill","MECHANICAL DUCTWORK LAYOUT - LEVEL 07 - ZONE 153","model","selection","smart","Both","skip-other-users","15534727","Ducts","Rectangular Duct","","LEVEL 07","Supply Air","Flanged Long Radius Elbows / Shoe Branch","NWB_Material","","","","SKIP","workbook material blank and model material missing","","","","NWB_Material","","","","","45","MDUC","Ductwork","Ductwork","connected:d4:13994316:Air Terminals","NWB-ARC-WBH-AR-MOD-0035","PPT.07.171","Cleaner's Room","PPT","","","PPT","","","WBH","HO","PPT","SI5","WBH-HO-07-PPT-ME-SI5"
"20260802_005303","NWB_PARAMETERS AutoFill","MECHANICAL DUCTWORK LAYOUT - LEVEL 07 - ZONE 153","model","selection","smart","Both","skip-other-users","15534727","Ducts","Rectangular Duct","","LEVEL 07","Supply Air","Flanged Long Radius Elbows / Shoe Branch","NWB_System","Supply Air","Supply Air","Supply Air","SKIP","already-matches","instance","Shared Parameter","7626163","NWB_System","String","False","1","1","45","MDUC","Ductwork","Ductwork","connected:d4:13994316:Air Terminals","NWB-ARC-WBH-AR-MOD-0035","PPT.07.171","Cleaner's Room","PPT","","","PPT","","","WBH","HO","PPT","SI5","WBH-HO-07-PPT-ME-SI5"
"20260802_005303","NWB_PARAMETERS AutoFill","MECHANICAL DUCTWORK LAYOUT - LEVEL 07 - ZONE 153","model","selection","smart","Both","skip-other-users","15534727","Ducts","Rectangular Duct","","LEVEL 07","Supply Air","Flanged Long Radius Elbows / Shoe Branch","NWB_UniclassCode","Pr_65_65_25","Pr_65_65_25","Pr_65_65_25","SKIP","already-matches","instance","Shared Parameter","7626165","NWB_UniclassCode","String","False","1","1","45","MDUC","Ductwork","Ductwork","connected:d4:13994316:Air Terminals","NWB-ARC-WBH-AR-MOD-0035","PPT.07.171","Cleaner's Room","PPT","","","PPT","","","WBH","HO","PPT","SI5","WBH-HO-07-PPT-ME-SI5"
"20260802_005303","NWB_PARAMETERS AutoFill","MECHANICAL DUCTWORK LAYOUT - LEVEL 07 - ZONE 153","model","selection","smart","Both","skip-other-users","15534727","Ducts","Rectangular Duct","","LEVEL 07","Supply Air","Flanged Long Radius Elbows / Shoe Branch","NWB_UniclassDescription","Ductwork and fittings","Ductwork and fittings","Ductwork and fittings","SKIP","already-matches","instance","Shared Parameter","7626166","NWB_UniclassDescription","String","False","1","1","45","MDUC","Ductwork","Ductwork","connected:d4:13994316:Air Terminals","NWB-ARC-WBH-AR-MOD-0035","PPT.07.171","Cleaner's Room","PPT","","","PPT","","","WBH","HO","PPT","SI5","WBH-HO-07-PPT-ME-SI5"
"20260802_005303","NWB_PARAMETERS AutoFill","MECHANICAL DUCTWORK LAYOUT - LEVEL 07 - ZONE 153","model","selection","smart","Both","skip-other-users","15534727","Ducts","Rectangular Duct","","LEVEL 07","Supply Air","Flanged Long Radius Elbows / Shoe Branch","NWB_DesignPkg","NWB-GEN-ME-SCM-1091-A","NWB-GEN-ME-SCM-1091-A","NWB-GEN-ME-SCM-1091-A","SKIP","already-matches","instance","Shared Parameter","7626167","NWB_DesignPkg","String","False","1","1","45","MDUC","Ductwork","Ductwork","connected:d4:13994316:Air Terminals","NWB-ARC-WBH-AR-MOD-0035","PPT.07.171","Cleaner's Room","PPT","","","PPT","","","WBH","HO","PPT","SI5","WBH-HO-07-PPT-ME-SI5"
"20260802_005303","NWB_PARAMETERS AutoFill","MECHANICAL DUCTWORK LAYOUT - LEVEL 07 - ZONE 153","model","selection","smart","Both","skip-other-users","15534727","Ducts","Rectangular Duct","","LEVEL 07","Supply Air","Flanged Long Radius Elbows / Shoe Branch","NWB_BuildingPermitPkg","WBH - BP09","","","SKIP","missing","","","","NWB_BuildingPermitPkg","","","0","0","45","MDUC","Ductwork","Ductwork","connected:d4:13994316:Air Terminals","NWB-ARC-WBH-AR-MOD-0035","PPT.07.171","Cleaner's Room","PPT","","","PPT","","","WBH","HO","PPT","SI5","WBH-HO-07-PPT-ME-SI5"
"20260802_005303","NWB_PARAMETERS AutoFill","MECHANICAL DUCTWORK LAYOUT - LEVEL 07 - ZONE 153","model","selection","smart","Both","skip-other-users","15534727","Ducts","Rectangular Duct","","LEVEL 07","Supply Air","Flanged Long Radius Elbows / Shoe Branch","NWB_WBS00","WBH","WBH","WBH","SKIP","already-matches","instance","Shared Parameter","9214738","NWB_WBS00","String","False","1","1","45","MDUC","Ductwork","Ductwork","connected:d4:13994316:Air Terminals","NWB-ARC-WBH-AR-MOD-0035","PPT.07.171","Cleaner's Room","PPT","","","PPT","","","WBH","HO","PPT","SI5","WBH-HO-07-PPT-ME-SI5"
"20260802_005303","NWB_PARAMETERS AutoFill","MECHANICAL DUCTWORK LAYOUT - LEVEL 07 - ZONE 153","model","selection","smart","Both","skip-other-users","15534727","Ducts","Rectangular Duct","","LEVEL 07","Supply Air","Flanged Long Radius Elbows / Shoe Branch","NWB_WBS01","HO","HO","HO","SKIP","already-matches","instance","Shared Parameter","9214798","NWB_WBS01","String","False","1","1","45","MDUC","Ductwork","Ductwork","connected:d4:13994316:Air Terminals","NWB-ARC-WBH-AR-MOD-0035","PPT.07.171","Cleaner's Room","PPT","","","PPT","","","WBH","HO","PPT","SI5","WBH-HO-07-PPT-ME-SI5"
"20260802_005303","NWB_PARAMETERS AutoFill","MECHANICAL DUCTWORK LAYOUT - LEVEL 07 - ZONE 153","model","selection","smart","Both","skip-other-users","15534727","Ducts","Rectangular Duct","","LEVEL 07","Supply Air","Flanged Long Radius Elbows / Shoe Branch","NWB_WBS02","07","07","07","SKIP","already-matches","instance","Shared Parameter","9214786","NWB_WBS02","String","False","1","1","45","MDUC","Ductwork","Ductwork","connected:d4:13994316:Air Terminals","NWB-ARC-WBH-AR-MOD-0035","PPT.07.171","Cleaner's Room","PPT","","","PPT","","","WBH","HO","PPT","SI5","WBH-HO-07-PPT-ME-SI5"
"20260802_005303","NWB_PARAMETERS AutoFill","MECHANICAL DUCTWORK LAYOUT - LEVEL 07 - ZONE 153","model","selection","smart","Both","skip-other-users","15534727","Ducts","Rectangular Duct","","LEVEL 07","Supply Air","Flanged Long Radius Elbows / Shoe Branch","NWB_WBS03","PPT","PPT","PPT","SKIP","already-matches","instance","Shared Parameter","9214750","NWB_WBS03","String","False","1","1","45","MDUC","Ductwork","Ductwork","connected:d4:13994316:Air Terminals","NWB-ARC-WBH-AR-MOD-0035","PPT.07.171","Cleaner's Room","PPT","","","PPT","","","WBH","HO","PPT","SI5","WBH-HO-07-PPT-ME-SI5"
"20260802_005303","NWB_PARAMETERS AutoFill","MECHANICAL DUCTWORK LAYOUT - LEVEL 07 - ZONE 153","model","selection","smart","Both","skip-other-users","15534727","Ducts","Rectangular Duct","","LEVEL 07","Supply Air","Flanged Long Radius Elbows / Shoe Branch","NWB_WBS04","ME","ME","ME","SKIP","already-matches","instance","Shared Parameter","9214762","NWB_WBS04","String","False","1","1","45","MDUC","Ductwork","Ductwork","connected:d4:13994316:Air Terminals","NWB-ARC-WBH-AR-MOD-0035","PPT.07.171","Cleaner's Room","PPT","","","PPT","","","WBH","HO","PPT","SI5","WBH-HO-07-PPT-ME-SI5"
"20260802_005303","NWB_PARAMETERS AutoFill","MECHANICAL DUCTWORK LAYOUT - LEVEL 07 - ZONE 153","model","selection","smart","Both","skip-other-users","15534727","Ducts","Rectangular Duct","","LEVEL 07","Supply Air","Flanged Long Radius Elbows / Shoe Branch","NWB_WBS05","SI5","SI5","SI5","SKIP","already-matches","instance","Shared Parameter","9214810","NWB_WBS05","String","False","1","1","45","MDUC","Ductwork","Ductwork","connected:d4:13994316:Air Terminals","NWB-ARC-WBH-AR-MOD-0035","PPT.07.171","Cleaner's Room","PPT","","","PPT","","","WBH","HO","PPT","SI5","WBH-HO-07-PPT-ME-SI5"
"20260802_005303","NWB_PARAMETERS AutoFill","MECHANICAL DUCTWORK LAYOUT - LEVEL 07 - ZONE 153","model","selection","smart","Both","skip-other-users","15534727","Ducts","Rectangular Duct","","LEVEL 07","Supply Air","Flanged Long Radius Elbows / Shoe Branch","NWB_WBSCode","WBH-HO-07-PPT-ME-SI5","WBH-HO-07-PPT-ME-SI5","WBH-HO-07-PPT-ME-SI5","SKIP","already-matches","instance","Shared Parameter","9214774","NWB_WBSCode","String","False","1","1","45","MDUC","Ductwork","Ductwork","connected:d4:13994316:Air Terminals","NWB-ARC-WBH-AR-MOD-0035","PPT.07.171","Cleaner's Room","PPT","","","PPT","","","WBH","HO","PPT","SI5","WBH-HO-07-PPT-ME-SI5"
"20260802_005303","NWB_PARAMETERS AutoFill","MECHANICAL DUCTWORK LAYOUT - LEVEL 07 - ZONE 153","model","selection","smart","Both","skip-other-users","15667752","Ducts","Rectangular Duct","","LEVEL 07","Exhaust Air","Flanged Medium Radius Elbows / Shoe Branch","NWB_AssetTypeCode","MDUC","MDUC","MDUC","SKIP","already-matches","instance","Shared Parameter","7626182","NWB_AssetTypeCode","String","False","1","1","45","MDUC","Ductwork","Ductwork","connected-miss:d4:visited2","","","","","","","","","","WBH","HO","Z00","SI5","WBH-HO-07-Z00-ME-SI5"
"20260802_005303","NWB_PARAMETERS AutoFill","MECHANICAL DUCTWORK LAYOUT - LEVEL 07 - ZONE 153","model","selection","smart","Both","skip-other-users","15667752","Ducts","Rectangular Duct","","LEVEL 07","Exhaust Air","Flanged Medium Radius Elbows / Shoe Branch","NWB_AssetType","Ductwork","Ductwork","Ductwork","SKIP","already-matches","instance","Shared Parameter","7626181","NWB_AssetType","String","False","1","1","45","MDUC","Ductwork","Ductwork","connected-miss:d4:visited2","","","","","","","","","","WBH","HO","Z00","SI5","WBH-HO-07-Z00-ME-SI5"
"20260802_005303","NWB_PARAMETERS AutoFill","MECHANICAL DUCTWORK LAYOUT - LEVEL 07 - ZONE 153","model","selection","smart","Both","skip-other-users","15667752","Ducts","Rectangular Duct","","LEVEL 07","Exhaust Air","Flanged Medium Radius Elbows / Shoe Branch","NWB_Discipline","ME","ME","ME","SKIP","already-matches","instance","Shared Parameter","7626159","NWB_Discipline","String","False","1","1","45","MDUC","Ductwork","Ductwork","connected-miss:d4:visited2","","","","","","","","","","WBH","HO","Z00","SI5","WBH-HO-07-Z00-ME-SI5"
"20260802_005303","NWB_PARAMETERS AutoFill","MECHANICAL DUCTWORK LAYOUT - LEVEL 07 - ZONE 153","model","selection","smart","Both","skip-other-users","15667752","Ducts","Rectangular Duct","","LEVEL 07","Exhaust Air","Flanged Medium Radius Elbows / Shoe Branch","NWB_Category","Ductwork","Ductwork","Ductwork","SKIP","already-matches","instance","Shared Parameter","7626160","NWB_Category","String","False","1","1","45","MDUC","Ductwork","Ductwork","connected-miss:d4:visited2","","","","","","","","","","WBH","HO","Z00","SI5","WBH-HO-07-Z00-ME-SI5"
"20260802_005303","NWB_PARAMETERS AutoFill","MECHANICAL DUCTWORK LAYOUT - LEVEL 07 - ZONE 153","model","selection","smart","Both","skip-other-users","15667752","Ducts","Rectangular Duct","","LEVEL 07","Exhaust Air","Flanged Medium Radius Elbows / Shoe Branch","NWB_Department","","","","SKIP","linked/direct room department unavailable (connected-miss:d4:visited2)","","","","NWB_Department","","","","","45","MDUC","Ductwork","Ductwork","connected-miss:d4:visited2","","","","","","","","","","WBH","HO","Z00","SI5","WBH-HO-07-Z00-ME-SI5"
"20260802_005303","NWB_PARAMETERS AutoFill","MECHANICAL DUCTWORK LAYOUT - LEVEL 07 - ZONE 153","model","selection","smart","Both","skip-other-users","15667752","Ducts","Rectangular Duct","","LEVEL 07","Exhaust Air","Flanged Medium Radius Elbows / Shoe Branch","NWB_Material","","","","SKIP","workbook material blank and model material missing","","","","NWB_Material","","","","","45","MDUC","Ductwork","Ductwork","connected-miss:d4:visited2","","","","","","","","","","WBH","HO","Z00","SI5","WBH-HO-07-Z00-ME-SI5"
"20260802_005303","NWB_PARAMETERS AutoFill","MECHANICAL DUCTWORK LAYOUT - LEVEL 07 - ZONE 153","model","selection","smart","Both","skip-other-users","15667752","Ducts","Rectangular Duct","","LEVEL 07","Exhaust Air","Flanged Medium Radius Elbows / Shoe Branch","NWB_System","Exhaust Air","Exhaust Air","Exhaust Air","SKIP","already-matches","instance","Shared Parameter","7626163","NWB_System","String","False","1","1","45","MDUC","Ductwork","Ductwork","connected-miss:d4:visited2","","","","","","","","","","WBH","HO","Z00","SI5","WBH-HO-07-Z00-ME-SI5"
"20260802_005303","NWB_PARAMETERS AutoFill","MECHANICAL DUCTWORK LAYOUT - LEVEL 07 - ZONE 153","model","selection","smart","Both","skip-other-users","15667752","Ducts","Rectangular Duct","","LEVEL 07","Exhaust Air","Flanged Medium Radius Elbows / Shoe Branch","NWB_UniclassCode","Pr_65_65_25","Pr_65_65_25","Pr_65_65_25","SKIP","already-matches","instance","Shared Parameter","7626165","NWB_UniclassCode","String","False","1","1","45","MDUC","Ductwork","Ductwork","connected-miss:d4:visited2","","","","","","","","","","WBH","HO","Z00","SI5","WBH-HO-07-Z00-ME-SI5"
"20260802_005303","NWB_PARAMETERS AutoFill","MECHANICAL DUCTWORK LAYOUT - LEVEL 07 - ZONE 153","model","selection","smart","Both","skip-other-users","15667752","Ducts","Rectangular Duct","","LEVEL 07","Exhaust Air","Flanged Medium Radius Elbows / Shoe Branch","NWB_UniclassDescription","Ductwork and fittings","Ductwork and fittings","Ductwork and fittings","SKIP","already-matches","instance","Shared Parameter","7626166","NWB_UniclassDescription","String","False","1","1","45","MDUC","Ductwork","Ductwork","connected-miss:d4:visited2","","","","","","","","","","WBH","HO","Z00","SI5","WBH-HO-07-Z00-ME-SI5"
"20260802_005303","NWB_PARAMETERS AutoFill","MECHANICAL DUCTWORK LAYOUT - LEVEL 07 - ZONE 153","model","selection","smart","Both","skip-other-users","15667752","Ducts","Rectangular Duct","","LEVEL 07","Exhaust Air","Flanged Medium Radius Elbows / Shoe Branch","NWB_DesignPkg","NWB-GEN-ME-SCM-1091-A","NWB-GEN-ME-SCM-1091-A","NWB-GEN-ME-SCM-1091-A","SKIP","already-matches","instance","Shared Parameter","7626167","NWB_DesignPkg","String","False","1","1","45","MDUC","Ductwork","Ductwork","connected-miss:d4:visited2","","","","","","","","","","WBH","HO","Z00","SI5","WBH-HO-07-Z00-ME-SI5"
"20260802_005303","NWB_PARAMETERS AutoFill","MECHANICAL DUCTWORK LAYOUT - LEVEL 07 - ZONE 153","model","selection","smart","Both","skip-other-users","15667752","Ducts","Rectangular Duct","","LEVEL 07","Exhaust Air","Flanged Medium Radius Elbows / Shoe Branch","NWB_BuildingPermitPkg","WBH - BP09","","","SKIP","missing","","","","NWB_BuildingPermitPkg","","","0","0","45","MDUC","Ductwork","Ductwork","connected-miss:d4:visited2","","","","","","","","","","WBH","HO","Z00","SI5","WBH-HO-07-Z00-ME-SI5"
"20260802_005303","NWB_PARAMETERS AutoFill","MECHANICAL DUCTWORK LAYOUT - LEVEL 07 - ZONE 153","model","selection","smart","Both","skip-other-users","15667752","Ducts","Rectangular Duct","","LEVEL 07","Exhaust Air","Flanged Medium Radius Elbows / Shoe Branch","NWB_WBS00","WBH","WBH","WBH","SKIP","already-matches","instance","Shared Parameter","9214738","NWB_WBS00","String","False","1","1","45","MDUC","Ductwork","Ductwork","connected-miss:d4:visited2","","","","","","","","","","WBH","HO","Z00","SI5","WBH-HO-07-Z00-ME-SI5"
"20260802_005303","NWB_PARAMETERS AutoFill","MECHANICAL DUCTWORK LAYOUT - LEVEL 07 - ZONE 153","model","selection","smart","Both","skip-other-users","15667752","Ducts","Rectangular Duct","","LEVEL 07","Exhaust Air","Flanged Medium Radius Elbows / Shoe Branch","NWB_WBS01","HO","HO","HO","SKIP","already-matches","instance","Shared Parameter","9214798","NWB_WBS01","String","False","1","1","45","MDUC","Ductwork","Ductwork","connected-miss:d4:visited2","","","","","","","","","","WBH","HO","Z00","SI5","WBH-HO-07-Z00-ME-SI5"
"20260802_005303","NWB_PARAMETERS AutoFill","MECHANICAL DUCTWORK LAYOUT - LEVEL 07 - ZONE 153","model","selection","smart","Both","skip-other-users","15667752","Ducts","Rectangular Duct","","LEVEL 07","Exhaust Air","Flanged Medium Radius Elbows / Shoe Branch","NWB_WBS02","07","07","07","SKIP","already-matches","instance","Shared Parameter","9214786","NWB_WBS02","String","False","1","1","45","MDUC","Ductwork","Ductwork","connected-miss:d4:visited2","","","","","","","","","","WBH","HO","Z00","SI5","WBH-HO-07-Z00-ME-SI5"
"20260802_005303","NWB_PARAMETERS AutoFill","MECHANICAL DUCTWORK LAYOUT - LEVEL 07 - ZONE 153","model","selection","smart","Both","skip-other-users","15667752","Ducts","Rectangular Duct","","LEVEL 07","Exhaust Air","Flanged Medium Radius Elbows / Shoe Branch","NWB_WBS03","Z00","Z00","Z00","SKIP","already-matches","instance","Shared Parameter","9214750","NWB_WBS03","String","False","1","1","45","MDUC","Ductwork","Ductwork","connected-miss:d4:visited2","","","","","","","","","","WBH","HO","Z00","SI5","WBH-HO-07-Z00-ME-SI5"
"20260802_005303","NWB_PARAMETERS AutoFill","MECHANICAL DUCTWORK LAYOUT - LEVEL 07 - ZONE 153","model","selection","smart","Both","skip-other-users","15667752","Ducts","Rectangular Duct","","LEVEL 07","Exhaust Air","Flanged Medium Radius Elbows / Shoe Branch","NWB_WBS04","ME","ME","ME","SKIP","already-matches","instance","Shared Parameter","9214762","NWB_WBS04","String","False","1","1","45","MDUC","Ductwork","Ductwork","connected-miss:d4:visited2","","","","","","","","","","WBH","HO","Z00","SI5","WBH-HO-07-Z00-ME-SI5"
"20260802_005303","NWB_PARAMETERS AutoFill","MECHANICAL DUCTWORK LAYOUT - LEVEL 07 - ZONE 153","model","selection","smart","Both","skip-other-users","15667752","Ducts","Rectangular Duct","","LEVEL 07","Exhaust Air","Flanged Medium Radius Elbows / Shoe Branch","NWB_WBS05","SI5","SI5","SI5","SKIP","already-matches","instance","Shared Parameter","9214810","NWB_WBS05","String","False","1","1","45","MDUC","Ductwork","Ductwork","connected-miss:d4:visited2","","","","","","","","","","WBH","HO","Z00","SI5","WBH-HO-07-Z00-ME-SI5"
"20260802_005303","NWB_PARAMETERS AutoFill","MECHANICAL DUCTWORK LAYOUT - LEVEL 07 - ZONE 153","model","selection","smart","Both","skip-other-users","15667752","Ducts","Rectangular Duct","","LEVEL 07","Exhaust Air","Flanged Medium Radius Elbows / Shoe Branch","NWB_WBSCode","WBH-HO-07-Z00-ME-SI5","WBH-HO-07-Z00-ME-SI5","WBH-HO-07-Z00-ME-SI5","SKIP","already-matches","instance","Shared Parameter","9214774","NWB_WBSCode","String","False","1","1","45","MDUC","Ductwork","Ductwork","connected-miss:d4:visited2","","","","","","","","","","WBH","HO","Z00","SI5","WBH-HO-07-Z00-ME-SI5"
"20260802_005303","NWB_PARAMETERS AutoFill","MECHANICAL DUCTWORK LAYOUT - LEVEL 07 - ZONE 153","model","selection","smart","Both","skip-other-users","15667753","Air Terminals","MHT_AT_Sidewall Grille Supply","","LEVEL 07","Supply Air","Standard","NWB_AssetTypeCode","MAGS","MAGS","MAGS","SKIP","already-matches","instance","Shared Parameter","7626182","NWB_AssetTypeCode","String","False","1","1","36","MAGS","Air Grilles","Air Terminal","connected-miss:d4:visited2","","","","","","","","","","WBH","HO","Z00","SI5","WBH-HO-07-Z00-ME-SI5"
"20260802_005303","NWB_PARAMETERS AutoFill","MECHANICAL DUCTWORK LAYOUT - LEVEL 07 - ZONE 153","model","selection","smart","Both","skip-other-users","15667753","Air Terminals","MHT_AT_Sidewall Grille Supply","","LEVEL 07","Supply Air","Standard","NWB_AssetType","Air Grilles","Air Grilles","Air Grilles","SKIP","already-matches","instance","Shared Parameter","7626181","NWB_AssetType","String","False","1","1","36","MAGS","Air Grilles","Air Terminal","connected-miss:d4:visited2","","","","","","","","","","WBH","HO","Z00","SI5","WBH-HO-07-Z00-ME-SI5"
"20260802_005303","NWB_PARAMETERS AutoFill","MECHANICAL DUCTWORK LAYOUT - LEVEL 07 - ZONE 153","model","selection","smart","Both","skip-other-users","15667753","Air Terminals","MHT_AT_Sidewall Grille Supply","","LEVEL 07","Supply Air","Standard","NWB_Discipline","ME","ME","ME","SKIP","already-matches","instance","Shared Parameter","7626159","NWB_Discipline","String","False","1","1","36","MAGS","Air Grilles","Air Terminal","connected-miss:d4:visited2","","","","","","","","","","WBH","HO","Z00","SI5","WBH-HO-07-Z00-ME-SI5"
"20260802_005303","NWB_PARAMETERS AutoFill","MECHANICAL DUCTWORK LAYOUT - LEVEL 07 - ZONE 153","model","selection","smart","Both","skip-other-users","15667753","Air Terminals","MHT_AT_Sidewall Grille Supply","","LEVEL 07","Supply Air","Standard","NWB_Category","Air Terminal","Air Terminal","Air Terminal","SKIP","already-matches","instance","Shared Parameter","7626160","NWB_Category","String","False","1","1","36","MAGS","Air Grilles","Air Terminal","connected-miss:d4:visited2","","","","","","","","","","WBH","HO","Z00","SI5","WBH-HO-07-Z00-ME-SI5"
"20260802_005303","NWB_PARAMETERS AutoFill","MECHANICAL DUCTWORK LAYOUT - LEVEL 07 - ZONE 153","model","selection","smart","Both","skip-other-users","15667753","Air Terminals","MHT_AT_Sidewall Grille Supply","","LEVEL 07","Supply Air","Standard","NWB_Department","","","","SKIP","linked/direct room department unavailable (connected-miss:d4:visited2)","","","","NWB_Department","","","","","36","MAGS","Air Grilles","Air Terminal","connected-miss:d4:visited2","","","","","","","","","","WBH","HO","Z00","SI5","WBH-HO-07-Z00-ME-SI5"
"20260802_005303","NWB_PARAMETERS AutoFill","MECHANICAL DUCTWORK LAYOUT - LEVEL 07 - ZONE 153","model","selection","smart","Both","skip-other-users","15667753","Air Terminals","MHT_AT_Sidewall Grille Supply","","LEVEL 07","Supply Air","Standard","NWB_Material","","","","SKIP","workbook material blank and model material missing","","","","NWB_Material","","","","","36","MAGS","Air Grilles","Air Terminal","connected-miss:d4:visited2","","","","","","","","","","WBH","HO","Z00","SI5","WBH-HO-07-Z00-ME-SI5"
"20260802_005303","NWB_PARAMETERS AutoFill","MECHANICAL DUCTWORK LAYOUT - LEVEL 07 - ZONE 153","model","selection","smart","Both","skip-other-users","15667753","Air Terminals","MHT_AT_Sidewall Grille Supply","","LEVEL 07","Supply Air","Standard","NWB_System","Supply Air","Supply Air","Supply Air","SKIP","already-matches","instance","Shared Parameter","7626163","NWB_System","String","False","1","1","36","MAGS","Air Grilles","Air Terminal","connected-miss:d4:visited2","","","","","","","","","","WBH","HO","Z00","SI5","WBH-HO-07-Z00-ME-SI5"
"20260802_005303","NWB_PARAMETERS AutoFill","MECHANICAL DUCTWORK LAYOUT - LEVEL 07 - ZONE 153","model","selection","smart","Both","skip-other-users","15667753","Air Terminals","MHT_AT_Sidewall Grille Supply","","LEVEL 07","Supply Air","Standard","NWB_UniclassCode","Pr_70_65_04_03","Pr_70_65_04_03","Pr_70_65_04_03","SKIP","already-matches","instance","Shared Parameter","7626165","NWB_UniclassCode","String","False","1","1","36","MAGS","Air Grilles","Air Terminal","connected-miss:d4:visited2","","","","","","","","","","WBH","HO","Z00","SI5","WBH-HO-07-Z00-ME-SI5"
"20260802_005303","NWB_PARAMETERS AutoFill","MECHANICAL DUCTWORK LAYOUT - LEVEL 07 - ZONE 153","model","selection","smart","Both","skip-other-users","15667753","Air Terminals","MHT_AT_Sidewall Grille Supply","","LEVEL 07","Supply Air","Standard","NWB_UniclassDescription","Air grilles","Air grilles","Air grilles","SKIP","already-matches","instance","Shared Parameter","7626166","NWB_UniclassDescription","String","False","1","1","36","MAGS","Air Grilles","Air Terminal","connected-miss:d4:visited2","","","","","","","","","","WBH","HO","Z00","SI5","WBH-HO-07-Z00-ME-SI5"
"20260802_005303","NWB_PARAMETERS AutoFill","MECHANICAL DUCTWORK LAYOUT - LEVEL 07 - ZONE 153","model","selection","smart","Both","skip-other-users","15667753","Air Terminals","MHT_AT_Sidewall Grille Supply","","LEVEL 07","Supply Air","Standard","NWB_DesignPkg","NWB-GEN-ME-SCM-1091-A","NWB-GEN-ME-SCM-1091-A","NWB-GEN-ME-SCM-1091-A","SKIP","already-matches","instance","Shared Parameter","7626167","NWB_DesignPkg","String","False","1","1","36","MAGS","Air Grilles","Air Terminal","connected-miss:d4:visited2","","","","","","","","","","WBH","HO","Z00","SI5","WBH-HO-07-Z00-ME-SI5"
"20260802_005303","NWB_PARAMETERS AutoFill","MECHANICAL DUCTWORK LAYOUT - LEVEL 07 - ZONE 153","model","selection","smart","Both","skip-other-users","15667753","Air Terminals","MHT_AT_Sidewall Grille Supply","","LEVEL 07","Supply Air","Standard","NWB_BuildingPermitPkg","WBH - BP09","","","SKIP","missing","","","","NWB_BuildingPermitPkg","","","0","0","36","MAGS","Air Grilles","Air Terminal","connected-miss:d4:visited2","","","","","","","","","","WBH","HO","Z00","SI5","WBH-HO-07-Z00-ME-SI5"
"20260802_005303","NWB_PARAMETERS AutoFill","MECHANICAL DUCTWORK LAYOUT - LEVEL 07 - ZONE 153","model","selection","smart","Both","skip-other-users","15667753","Air Terminals","MHT_AT_Sidewall Grille Supply","","LEVEL 07","Supply Air","Standard","NWB_WBS00","WBH","WBH","WBH","SKIP","already-matches","instance","Shared Parameter","9214738","NWB_WBS00","String","False","1","1","36","MAGS","Air Grilles","Air Terminal","connected-miss:d4:visited2","","","","","","","","","","WBH","HO","Z00","SI5","WBH-HO-07-Z00-ME-SI5"
"20260802_005303","NWB_PARAMETERS AutoFill","MECHANICAL DUCTWORK LAYOUT - LEVEL 07 - ZONE 153","model","selection","smart","Both","skip-other-users","15667753","Air Terminals","MHT_AT_Sidewall Grille Supply","","LEVEL 07","Supply Air","Standard","NWB_WBS01","HO","HO","HO","SKIP","already-matches","instance","Shared Parameter","9214798","NWB_WBS01","String","False","1","1","36","MAGS","Air Grilles","Air Terminal","connected-miss:d4:visited2","","","","","","","","","","WBH","HO","Z00","SI5","WBH-HO-07-Z00-ME-SI5"
"20260802_005303","NWB_PARAMETERS AutoFill","MECHANICAL DUCTWORK LAYOUT - LEVEL 07 - ZONE 153","model","selection","smart","Both","skip-other-users","15667753","Air Terminals","MHT_AT_Sidewall Grille Supply","","LEVEL 07","Supply Air","Standard","NWB_WBS02","07","07","07","SKIP","already-matches","instance","Shared Parameter","9214786","NWB_WBS02","String","False","1","1","36","MAGS","Air Grilles","Air Terminal","connected-miss:d4:visited2","","","","","","","","","","WBH","HO","Z00","SI5","WBH-HO-07-Z00-ME-SI5"
"20260802_005303","NWB_PARAMETERS AutoFill","MECHANICAL DUCTWORK LAYOUT - LEVEL 07 - ZONE 153","model","selection","smart","Both","skip-other-users","15667753","Air Terminals","MHT_AT_Sidewall Grille Supply","","LEVEL 07","Supply Air","Standard","NWB_WBS03","Z00","Z00","Z00","SKIP","already-matches","instance","Shared Parameter","9214750","NWB_WBS03","String","False","1","1","36","MAGS","Air Grilles","Air Terminal","connected-miss:d4:visited2","","","","","","","","","","WBH","HO","Z00","SI5","WBH-HO-07-Z00-ME-SI5"
"20260802_005303","NWB_PARAMETERS AutoFill","MECHANICAL DUCTWORK LAYOUT - LEVEL 07 - ZONE 153","model","selection","smart","Both","skip-other-users","15667753","Air Terminals","MHT_AT_Sidewall Grille Supply","","LEVEL 07","Supply Air","Standard","NWB_WBS04","ME","ME","ME","SKIP","already-matches","instance","Shared Parameter","9214762","NWB_WBS04","String","False","1","1","36","MAGS","Air Grilles","Air Terminal","connected-miss:d4:visited2","","","","","","","","","","WBH","HO","Z00","SI5","WBH-HO-07-Z00-ME-SI5"
"20260802_005303","NWB_PARAMETERS AutoFill","MECHANICAL DUCTWORK LAYOUT - LEVEL 07 - ZONE 153","model","selection","smart","Both","skip-other-users","15667753","Air Terminals","MHT_AT_Sidewall Grille Supply","","LEVEL 07","Supply Air","Standard","NWB_WBS05","SI5","SI5","SI5","SKIP","already-matches","instance","Shared Parameter","9214810","NWB_WBS05","String","False","1","1","36","MAGS","Air Grilles","Air Terminal","connected-miss:d4:visited2","","","","","","","","","","WBH","HO","Z00","SI5","WBH-HO-07-Z00-ME-SI5"
"20260802_005303","NWB_PARAMETERS AutoFill","MECHANICAL DUCTWORK LAYOUT - LEVEL 07 - ZONE 153","model","selection","smart","Both","skip-other-users","15667753","Air Terminals","MHT_AT_Sidewall Grille Supply","","LEVEL 07","Supply Air","Standard","NWB_WBSCode","WBH-HO-07-Z00-ME-SI5","WBH-HO-07-Z00-ME-SI5","WBH-HO-07-Z00-ME-SI5","SKIP","already-matches","instance","Shared Parameter","9214774","NWB_WBSCode","String","False","1","1","36","MAGS","Air Grilles","Air Terminal","connected-miss:d4:visited2","","","","","","","","","","WBH","HO","Z00","SI5","WBH-HO-07-Z00-ME-SI5"
"20260802_005303","NWB_PARAMETERS AutoFill","MECHANICAL DUCTWORK LAYOUT - LEVEL 07 - ZONE 153","model","selection","smart","Both","skip-other-users","15667763","Ducts","Rectangular Duct","","LEVEL 07","Exhaust Air","Flanged Medium Radius Elbows / Shoe Branch","NWB_AssetTypeCode","MDUC","MDUC","MDUC","SKIP","already-matches","instance","Shared Parameter","7626182","NWB_AssetTypeCode","String","False","1","1","45","MDUC","Ductwork","Ductwork","connected-miss:d4:visited2","","","","","","","","","","WBH","HO","Z00","SI5","WBH-HO-07-Z00-ME-SI5"
"20260802_005303","NWB_PARAMETERS AutoFill","MECHANICAL DUCTWORK LAYOUT - LEVEL 07 - ZONE 153","model","selection","smart","Both","skip-other-users","15667763","Ducts","Rectangular Duct","","LEVEL 07","Exhaust Air","Flanged Medium Radius Elbows / Shoe Branch","NWB_AssetType","Ductwork","Ductwork","Ductwork","SKIP","already-matches","instance","Shared Parameter","7626181","NWB_AssetType","String","False","1","1","45","MDUC","Ductwork","Ductwork","connected-miss:d4:visited2","","","","","","","","","","WBH","HO","Z00","SI5","WBH-HO-07-Z00-ME-SI5"
"20260802_005303","NWB_PARAMETERS AutoFill","MECHANICAL DUCTWORK LAYOUT - LEVEL 07 - ZONE 153","model","selection","smart","Both","skip-other-users","15667763","Ducts","Rectangular Duct","","LEVEL 07","Exhaust Air","Flanged Medium Radius Elbows / Shoe Branch","NWB_Discipline","ME","ME","ME","SKIP","already-matches","instance","Shared Parameter","7626159","NWB_Discipline","String","False","1","1","45","MDUC","Ductwork","Ductwork","connected-miss:d4:visited2","","","","","","","","","","WBH","HO","Z00","SI5","WBH-HO-07-Z00-ME-SI5"
"20260802_005303","NWB_PARAMETERS AutoFill","MECHANICAL DUCTWORK LAYOUT - LEVEL 07 - ZONE 153","model","selection","smart","Both","skip-other-users","15667763","Ducts","Rectangular Duct","","LEVEL 07","Exhaust Air","Flanged Medium Radius Elbows / Shoe Branch","NWB_Category","Ductwork","Ductwork","Ductwork","SKIP","already-matches","instance","Shared Parameter","7626160","NWB_Category","String","False","1","1","45","MDUC","Ductwork","Ductwork","connected-miss:d4:visited2","","","","","","","","","","WBH","HO","Z00","SI5","WBH-HO-07-Z00-ME-SI5"
"20260802_005303","NWB_PARAMETERS AutoFill","MECHANICAL DUCTWORK LAYOUT - LEVEL 07 - ZONE 153","model","selection","smart","Both","skip-other-users","15667763","Ducts","Rectangular Duct","","LEVEL 07","Exhaust Air","Flanged Medium Radius Elbows / Shoe Branch","NWB_Department","","","","SKIP","linked/direct room department unavailable (connected-miss:d4:visited2)","","","","NWB_Department","","","","","45","MDUC","Ductwork","Ductwork","connected-miss:d4:visited2","","","","","","","","","","WBH","HO","Z00","SI5","WBH-HO-07-Z00-ME-SI5"
"20260802_005303","NWB_PARAMETERS AutoFill","MECHANICAL DUCTWORK LAYOUT - LEVEL 07 - ZONE 153","model","selection","smart","Both","skip-other-users","15667763","Ducts","Rectangular Duct","","LEVEL 07","Exhaust Air","Flanged Medium Radius Elbows / Shoe Branch","NWB_Material","","","","SKIP","workbook material blank and model material missing","","","","NWB_Material","","","","","45","MDUC","Ductwork","Ductwork","connected-miss:d4:visited2","","","","","","","","","","WBH","HO","Z00","SI5","WBH-HO-07-Z00-ME-SI5"
"20260802_005303","NWB_PARAMETERS AutoFill","MECHANICAL DUCTWORK LAYOUT - LEVEL 07 - ZONE 153","model","selection","smart","Both","skip-other-users","15667763","Ducts","Rectangular Duct","","LEVEL 07","Exhaust Air","Flanged Medium Radius Elbows / Shoe Branch","NWB_System","Exhaust Air","Exhaust Air","Exhaust Air","SKIP","already-matches","instance","Shared Parameter","7626163","NWB_System","String","False","1","1","45","MDUC","Ductwork","Ductwork","connected-miss:d4:visited2","","","","","","","","","","WBH","HO","Z00","SI5","WBH-HO-07-Z00-ME-SI5"
"20260802_005303","NWB_PARAMETERS AutoFill","MECHANICAL DUCTWORK LAYOUT - LEVEL 07 - ZONE 153","model","selection","smart","Both","skip-other-users","15667763","Ducts","Rectangular Duct","","LEVEL 07","Exhaust Air","Flanged Medium Radius Elbows / Shoe Branch","NWB_UniclassCode","Pr_65_65_25","Pr_65_65_25","Pr_65_65_25","SKIP","already-matches","instance","Shared Parameter","7626165","NWB_UniclassCode","String","False","1","1","45","MDUC","Ductwork","Ductwork","connected-miss:d4:visited2","","","","","","","","","","WBH","HO","Z00","SI5","WBH-HO-07-Z00-ME-SI5"
"20260802_005303","NWB_PARAMETERS AutoFill","MECHANICAL DUCTWORK LAYOUT - LEVEL 07 - ZONE 153","model","selection","smart","Both","skip-other-users","15667763","Ducts","Rectangular Duct","","LEVEL 07","Exhaust Air","Flanged Medium Radius Elbows / Shoe Branch","NWB_UniclassDescription","Ductwork and fittings","Ductwork and fittings","Ductwork and fittings","SKIP","already-matches","instance","Shared Parameter","7626166","NWB_UniclassDescription","String","False","1","1","45","MDUC","Ductwork","Ductwork","connected-miss:d4:visited2","","","","","","","","","","WBH","HO","Z00","SI5","WBH-HO-07-Z00-ME-SI5"
"20260802_005303","NWB_PARAMETERS AutoFill","MECHANICAL DUCTWORK LAYOUT - LEVEL 07 - ZONE 153","model","selection","smart","Both","skip-other-users","15667763","Ducts","Rectangular Duct","","LEVEL 07","Exhaust Air","Flanged Medium Radius Elbows / Shoe Branch","NWB_DesignPkg","NWB-GEN-ME-SCM-1091-A","NWB-GEN-ME-SCM-1091-A","NWB-GEN-ME-SCM-1091-A","SKIP","already-matches","instance","Shared Parameter","7626167","NWB_DesignPkg","String","False","1","1","45","MDUC","Ductwork","Ductwork","connected-miss:d4:visited2","","","","","","","","","","WBH","HO","Z00","SI5","WBH-HO-07-Z00-ME-SI5"
"20260802_005303","NWB_PARAMETERS AutoFill","MECHANICAL DUCTWORK LAYOUT - LEVEL 07 - ZONE 153","model","selection","smart","Both","skip-other-users","15667763","Ducts","Rectangular Duct","","LEVEL 07","Exhaust Air","Flanged Medium Radius Elbows / Shoe Branch","NWB_BuildingPermitPkg","WBH - BP09","","","SKIP","missing","","","","NWB_BuildingPermitPkg","","","0","0","45","MDUC","Ductwork","Ductwork","connected-miss:d4:visited2","","","","","","","","","","WBH","HO","Z00","SI5","WBH-HO-07-Z00-ME-SI5"
"20260802_005303","NWB_PARAMETERS AutoFill","MECHANICAL DUCTWORK LAYOUT - LEVEL 07 - ZONE 153","model","selection","smart","Both","skip-other-users","15667763","Ducts","Rectangular Duct","","LEVEL 07","Exhaust Air","Flanged Medium Radius Elbows / Shoe Branch","NWB_WBS00","WBH","WBH","WBH","SKIP","already-matches","instance","Shared Parameter","9214738","NWB_WBS00","String","False","1","1","45","MDUC","Ductwork","Ductwork","connected-miss:d4:visited2","","","","","","","","","","WBH","HO","Z00","SI5","WBH-HO-07-Z00-ME-SI5"
"20260802_005303","NWB_PARAMETERS AutoFill","MECHANICAL DUCTWORK LAYOUT - LEVEL 07 - ZONE 153","model","selection","smart","Both","skip-other-users","15667763","Ducts","Rectangular Duct","","LEVEL 07","Exhaust Air","Flanged Medium Radius Elbows / Shoe Branch","NWB_WBS01","HO","HO","HO","SKIP","already-matches","instance","Shared Parameter","9214798","NWB_WBS01","String","False","1","1","45","MDUC","Ductwork","Ductwork","connected-miss:d4:visited2","","","","","","","","","","WBH","HO","Z00","SI5","WBH-HO-07-Z00-ME-SI5"
"20260802_005303","NWB_PARAMETERS AutoFill","MECHANICAL DUCTWORK LAYOUT - LEVEL 07 - ZONE 153","model","selection","smart","Both","skip-other-users","15667763","Ducts","Rectangular Duct","","LEVEL 07","Exhaust Air","Flanged Medium Radius Elbows / Shoe Branch","NWB_WBS02","07","07","07","SKIP","already-matches","instance","Shared Parameter","9214786","NWB_WBS02","String","False","1","1","45","MDUC","Ductwork","Ductwork","connected-miss:d4:visited2","","","","","","","","","","WBH","HO","Z00","SI5","WBH-HO-07-Z00-ME-SI5"
"20260802_005303","NWB_PARAMETERS AutoFill","MECHANICAL DUCTWORK LAYOUT - LEVEL 07 - ZONE 153","model","selection","smart","Both","skip-other-users","15667763","Ducts","Rectangular Duct","","LEVEL 07","Exhaust Air","Flanged Medium Radius Elbows / Shoe Branch","NWB_WBS03","Z00","Z00","Z00","SKIP","already-matches","instance","Shared Parameter","9214750","NWB_WBS03","String","False","1","1","45","MDUC","Ductwork","Ductwork","connected-miss:d4:visited2","","","","","","","","","","WBH","HO","Z00","SI5","WBH-HO-07-Z00-ME-SI5"
"20260802_005303","NWB_PARAMETERS AutoFill","MECHANICAL DUCTWORK LAYOUT - LEVEL 07 - ZONE 153","model","selection","smart","Both","skip-other-users","15667763","Ducts","Rectangular Duct","","LEVEL 07","Exhaust Air","Flanged Medium Radius Elbows / Shoe Branch","NWB_WBS04","ME","ME","ME","SKIP","already-matches","instance","Shared Parameter","9214762","NWB_WBS04","String","False","1","1","45","MDUC","Ductwork","Ductwork","connected-miss:d4:visited2","","","","","","","","","","WBH","HO","Z00","SI5","WBH-HO-07-Z00-ME-SI5"
"20260802_005303","NWB_PARAMETERS AutoFill","MECHANICAL DUCTWORK LAYOUT - LEVEL 07 - ZONE 153","model","selection","smart","Both","skip-other-users","15667763","Ducts","Rectangular Duct","","LEVEL 07","Exhaust Air","Flanged Medium Radius Elbows / Shoe Branch","NWB_WBS05","SI5","SI5","SI5","SKIP","already-matches","instance","Shared Parameter","9214810","NWB_WBS05","String","False","1","1","45","MDUC","Ductwork","Ductwork","connected-miss:d4:visited2","","","","","","","","","","WBH","HO","Z00","SI5","WBH-HO-07-Z00-ME-SI5"
"20260802_005303","NWB_PARAMETERS AutoFill","MECHANICAL DUCTWORK LAYOUT - LEVEL 07 - ZONE 153","model","selection","smart","Both","skip-other-users","15667763","Ducts","Rectangular Duct","","LEVEL 07","Exhaust Air","Flanged Medium Radius Elbows / Shoe Branch","NWB_WBSCode","WBH-HO-07-Z00-ME-SI5","WBH-HO-07-Z00-ME-SI5","WBH-HO-07-Z00-ME-SI5","SKIP","already-matches","instance","Shared Parameter","9214774","NWB_WBSCode","String","False","1","1","45","MDUC","Ductwork","Ductwork","connected-miss:d4:visited2","","","","","","","","","","WBH","HO","Z00","SI5","WBH-HO-07-Z00-ME-SI5"
"20260802_005303","NWB_PARAMETERS AutoFill","MECHANICAL DUCTWORK LAYOUT - LEVEL 07 - ZONE 153","model","selection","smart","Both","skip-other-users","15667764","Air Terminals","MHT_AT_Sidewall Grille Supply","","LEVEL 07","Supply Air","Standard","NWB_AssetTypeCode","MAGS","MAGS","MAGS","SKIP","already-matches","instance","Shared Parameter","7626182","NWB_AssetTypeCode","String","False","1","1","36","MAGS","Air Grilles","Air Terminal","connected-miss:d4:visited2","","","","","","","","","","WBH","HO","Z00","SI5","WBH-HO-07-Z00-ME-SI5"
"20260802_005303","NWB_PARAMETERS AutoFill","MECHANICAL DUCTWORK LAYOUT - LEVEL 07 - ZONE 153","model","selection","smart","Both","skip-other-users","15667764","Air Terminals","MHT_AT_Sidewall Grille Supply","","LEVEL 07","Supply Air","Standard","NWB_AssetType","Air Grilles","Air Grilles","Air Grilles","SKIP","already-matches","instance","Shared Parameter","7626181","NWB_AssetType","String","False","1","1","36","MAGS","Air Grilles","Air Terminal","connected-miss:d4:visited2","","","","","","","","","","WBH","HO","Z00","SI5","WBH-HO-07-Z00-ME-SI5"
"20260802_005303","NWB_PARAMETERS AutoFill","MECHANICAL DUCTWORK LAYOUT - LEVEL 07 - ZONE 153","model","selection","smart","Both","skip-other-users","15667764","Air Terminals","MHT_AT_Sidewall Grille Supply","","LEVEL 07","Supply Air","Standard","NWB_Discipline","ME","ME","ME","SKIP","already-matches","instance","Shared Parameter","7626159","NWB_Discipline","String","False","1","1","36","MAGS","Air Grilles","Air Terminal","connected-miss:d4:visited2","","","","","","","","","","WBH","HO","Z00","SI5","WBH-HO-07-Z00-ME-SI5"
"20260802_005303","NWB_PARAMETERS AutoFill","MECHANICAL DUCTWORK LAYOUT - LEVEL 07 - ZONE 153","model","selection","smart","Both","skip-other-users","15667764","Air Terminals","MHT_AT_Sidewall Grille Supply","","LEVEL 07","Supply Air","Standard","NWB_Category","Air Terminal","Air Terminal","Air Terminal","SKIP","already-matches","instance","Shared Parameter","7626160","NWB_Category","String","False","1","1","36","MAGS","Air Grilles","Air Terminal","connected-miss:d4:visited2","","","","","","","","","","WBH","HO","Z00","SI5","WBH-HO-07-Z00-ME-SI5"
"20260802_005303","NWB_PARAMETERS AutoFill","MECHANICAL DUCTWORK LAYOUT - LEVEL 07 - ZONE 153","model","selection","smart","Both","skip-other-users","15667764","Air Terminals","MHT_AT_Sidewall Grille Supply","","LEVEL 07","Supply Air","Standard","NWB_Department","","","","SKIP","linked/direct room department unavailable (connected-miss:d4:visited2)","","","","NWB_Department","","","","","36","MAGS","Air Grilles","Air Terminal","connected-miss:d4:visited2","","","","","","","","","","WBH","HO","Z00","SI5","WBH-HO-07-Z00-ME-SI5"
"20260802_005303","NWB_PARAMETERS AutoFill","MECHANICAL DUCTWORK LAYOUT - LEVEL 07 - ZONE 153","model","selection","smart","Both","skip-other-users","15667764","Air Terminals","MHT_AT_Sidewall Grille Supply","","LEVEL 07","Supply Air","Standard","NWB_Material","","","","SKIP","workbook material blank and model material missing","","","","NWB_Material","","","","","36","MAGS","Air Grilles","Air Terminal","connected-miss:d4:visited2","","","","","","","","","","WBH","HO","Z00","SI5","WBH-HO-07-Z00-ME-SI5"
"20260802_005303","NWB_PARAMETERS AutoFill","MECHANICAL DUCTWORK LAYOUT - LEVEL 07 - ZONE 153","model","selection","smart","Both","skip-other-users","15667764","Air Terminals","MHT_AT_Sidewall Grille Supply","","LEVEL 07","Supply Air","Standard","NWB_System","Supply Air","Supply Air","Supply Air","SKIP","already-matches","instance","Shared Parameter","7626163","NWB_System","String","False","1","1","36","MAGS","Air Grilles","Air Terminal","connected-miss:d4:visited2","","","","","","","","","","WBH","HO","Z00","SI5","WBH-HO-07-Z00-ME-SI5"
"20260802_005303","NWB_PARAMETERS AutoFill","MECHANICAL DUCTWORK LAYOUT - LEVEL 07 - ZONE 153","model","selection","smart","Both","skip-other-users","15667764","Air Terminals","MHT_AT_Sidewall Grille Supply","","LEVEL 07","Supply Air","Standard","NWB_UniclassCode","Pr_70_65_04_03","Pr_70_65_04_03","Pr_70_65_04_03","SKIP","already-matches","instance","Shared Parameter","7626165","NWB_UniclassCode","String","False","1","1","36","MAGS","Air Grilles","Air Terminal","connected-miss:d4:visited2","","","","","","","","","","WBH","HO","Z00","SI5","WBH-HO-07-Z00-ME-SI5"
"20260802_005303","NWB_PARAMETERS AutoFill","MECHANICAL DUCTWORK LAYOUT - LEVEL 07 - ZONE 153","model","selection","smart","Both","skip-other-users","15667764","Air Terminals","MHT_AT_Sidewall Grille Supply","","LEVEL 07","Supply Air","Standard","NWB_UniclassDescription","Air grilles","Air grilles","Air grilles","SKIP","already-matches","instance","Shared Parameter","7626166","NWB_UniclassDescription","String","False","1","1","36","MAGS","Air Grilles","Air Terminal","connected-miss:d4:visited2","","","","","","","","","","WBH","HO","Z00","SI5","WBH-HO-07-Z00-ME-SI5"
"20260802_005303","NWB_PARAMETERS AutoFill","MECHANICAL DUCTWORK LAYOUT - LEVEL 07 - ZONE 153","model","selection","smart","Both","skip-other-users","15667764","Air Terminals","MHT_AT_Sidewall Grille Supply","","LEVEL 07","Supply Air","Standard","NWB_DesignPkg","NWB-GEN-ME-SCM-1091-A","NWB-GEN-ME-SCM-1091-A","NWB-GEN-ME-SCM-1091-A","SKIP","already-matches","instance","Shared Parameter","7626167","NWB_DesignPkg","String","False","1","1","36","MAGS","Air Grilles","Air Terminal","connected-miss:d4:visited2","","","","","","","","","","WBH","HO","Z00","SI5","WBH-HO-07-Z00-ME-SI5"
"20260802_005303","NWB_PARAMETERS AutoFill","MECHANICAL DUCTWORK LAYOUT - LEVEL 07 - ZONE 153","model","selection","smart","Both","skip-other-users","15667764","Air Terminals","MHT_AT_Sidewall Grille Supply","","LEVEL 07","Supply Air","Standard","NWB_BuildingPermitPkg","WBH - BP09","","","SKIP","missing","","","","NWB_BuildingPermitPkg","","","0","0","36","MAGS","Air Grilles","Air Terminal","connected-miss:d4:visited2","","","","","","","","","","WBH","HO","Z00","SI5","WBH-HO-07-Z00-ME-SI5"
"20260802_005303","NWB_PARAMETERS AutoFill","MECHANICAL DUCTWORK LAYOUT - LEVEL 07 - ZONE 153","model","selection","smart","Both","skip-other-users","15667764","Air Terminals","MHT_AT_Sidewall Grille Supply","","LEVEL 07","Supply Air","Standard","NWB_WBS00","WBH","WBH","WBH","SKIP","already-matches","instance","Shared Parameter","9214738","NWB_WBS00","String","False","1","1","36","MAGS","Air Grilles","Air Terminal","connected-miss:d4:visited2","","","","","","","","","","WBH","HO","Z00","SI5","WBH-HO-07-Z00-ME-SI5"
"20260802_005303","NWB_PARAMETERS AutoFill","MECHANICAL DUCTWORK LAYOUT - LEVEL 07 - ZONE 153","model","selection","smart","Both","skip-other-users","15667764","Air Terminals","MHT_AT_Sidewall Grille Supply","","LEVEL 07","Supply Air","Standard","NWB_WBS01","HO","HO","HO","SKIP","already-matches","instance","Shared Parameter","9214798","NWB_WBS01","String","False","1","1","36","MAGS","Air Grilles","Air Terminal","connected-miss:d4:visited2","","","","","","","","","","WBH","HO","Z00","SI5","WBH-HO-07-Z00-ME-SI5"
"20260802_005303","NWB_PARAMETERS AutoFill","MECHANICAL DUCTWORK LAYOUT - LEVEL 07 - ZONE 153","model","selection","smart","Both","skip-other-users","15667764","Air Terminals","MHT_AT_Sidewall Grille Supply","","LEVEL 07","Supply Air","Standard","NWB_WBS02","07","07","07","SKIP","already-matches","instance","Shared Parameter","9214786","NWB_WBS02","String","False","1","1","36","MAGS","Air Grilles","Air Terminal","connected-miss:d4:visited2","","","","","","","","","","WBH","HO","Z00","SI5","WBH-HO-07-Z00-ME-SI5"
"20260802_005303","NWB_PARAMETERS AutoFill","MECHANICAL DUCTWORK LAYOUT - LEVEL 07 - ZONE 153","model","selection","smart","Both","skip-other-users","15667764","Air Terminals","MHT_AT_Sidewall Grille Supply","","LEVEL 07","Supply Air","Standard","NWB_WBS03","Z00","Z00","Z00","SKIP","already-matches","instance","Shared Parameter","9214750","NWB_WBS03","String","False","1","1","36","MAGS","Air Grilles","Air Terminal","connected-miss:d4:visited2","","","","","","","","","","WBH","HO","Z00","SI5","WBH-HO-07-Z00-ME-SI5"
"20260802_005303","NWB_PARAMETERS AutoFill","MECHANICAL DUCTWORK LAYOUT - LEVEL 07 - ZONE 153","model","selection","smart","Both","skip-other-users","15667764","Air Terminals","MHT_AT_Sidewall Grille Supply","","LEVEL 07","Supply Air","Standard","NWB_WBS04","ME","ME","ME","SKIP","already-matches","instance","Shared Parameter","9214762","NWB_WBS04","String","False","1","1","36","MAGS","Air Grilles","Air Terminal","connected-miss:d4:visited2","","","","","","","","","","WBH","HO","Z00","SI5","WBH-HO-07-Z00-ME-SI5"
"20260802_005303","NWB_PARAMETERS AutoFill","MECHANICAL DUCTWORK LAYOUT - LEVEL 07 - ZONE 153","model","selection","smart","Both","skip-other-users","15667764","Air Terminals","MHT_AT_Sidewall Grille Supply","","LEVEL 07","Supply Air","Standard","NWB_WBS05","SI5","SI5","SI5","SKIP","already-matches","instance","Shared Parameter","9214810","NWB_WBS05","String","False","1","1","36","MAGS","Air Grilles","Air Terminal","connected-miss:d4:visited2","","","","","","","","","","WBH","HO","Z00","SI5","WBH-HO-07-Z00-ME-SI5"
"20260802_005303","NWB_PARAMETERS AutoFill","MECHANICAL DUCTWORK LAYOUT - LEVEL 07 - ZONE 153","model","selection","smart","Both","skip-other-users","15667764","Air Terminals","MHT_AT_Sidewall Grille Supply","","LEVEL 07","Supply Air","Standard","NWB_WBSCode","WBH-HO-07-Z00-ME-SI5","WBH-HO-07-Z00-ME-SI5","WBH-HO-07-Z00-ME-SI5","SKIP","already-matches","instance","Shared Parameter","9214774","NWB_WBSCode","String","False","1","1","36","MAGS","Air Grilles","Air Terminal","connected-miss:d4:visited2","","","","","","","","","","WBH","HO","Z00","SI5","WBH-HO-07-Z00-ME-SI5"
"20260802_005303","NWB_PARAMETERS AutoFill","MECHANICAL DUCTWORK LAYOUT - LEVEL 07 - ZONE 153","model","selection","smart","Both","skip-other-users","15669817","Duct Fittings","MHT-ME-DF-Rectangular Short Radius Bend - Flanged","","LEVEL 07","Supply Air","MHT-ME-DF-Rectangular Short Radius Bend - Flanged","NWB_AssetTypeCode","MDUC","MDUC","MDUC","SKIP","already-matches","instance","Shared Parameter","3045149","NWB_AssetTypeCode","String","False","2","2","45","MDUC","Ductwork","Ductwork","connected:d4:14932618:Air Terminals","NWB-ARC-WBH-AR-MOD-0035","PPT.07.173","Store, Tissue Samples, 4m2","PPT","","","PPT","","","WBH","HO","PPT","SI5","WBH-HO-07-PPT-ME-SI5"
"20260802_005303","NWB_PARAMETERS AutoFill","MECHANICAL DUCTWORK LAYOUT - LEVEL 07 - ZONE 153","model","selection","smart","Both","skip-other-users","15669817","Duct Fittings","MHT-ME-DF-Rectangular Short Radius Bend - Flanged","","LEVEL 07","Supply Air","MHT-ME-DF-Rectangular Short Radius Bend - Flanged","NWB_AssetTypeCode","MDUC","MDUC","MDUC","SKIP","already-matches","instance","Shared Parameter","7626182","NWB_AssetTypeCode","String","False","2","2","45","MDUC","Ductwork","Ductwork","connected:d4:14932618:Air Terminals","NWB-ARC-WBH-AR-MOD-0035","PPT.07.173","Store, Tissue Samples, 4m2","PPT","","","PPT","","","WBH","HO","PPT","SI5","WBH-HO-07-PPT-ME-SI5"
"20260802_005303","NWB_PARAMETERS AutoFill","MECHANICAL DUCTWORK LAYOUT - LEVEL 07 - ZONE 153","model","selection","smart","Both","skip-other-users","15669817","Duct Fittings","MHT-ME-DF-Rectangular Short Radius Bend - Flanged","","LEVEL 07","Supply Air","MHT-ME-DF-Rectangular Short Radius Bend - Flanged","NWB_AssetType","Ductwork","Ductwork","Ductwork","SKIP","already-matches","instance","Shared Parameter","3045150","NWB_AssetType","String","False","2","2","45","MDUC","Ductwork","Ductwork","connected:d4:14932618:Air Terminals","NWB-ARC-WBH-AR-MOD-0035","PPT.07.173","Store, Tissue Samples, 4m2","PPT","","","PPT","","","WBH","HO","PPT","SI5","WBH-HO-07-PPT-ME-SI5"
"20260802_005303","NWB_PARAMETERS AutoFill","MECHANICAL DUCTWORK LAYOUT - LEVEL 07 - ZONE 153","model","selection","smart","Both","skip-other-users","15669817","Duct Fittings","MHT-ME-DF-Rectangular Short Radius Bend - Flanged","","LEVEL 07","Supply Air","MHT-ME-DF-Rectangular Short Radius Bend - Flanged","NWB_AssetType","Ductwork","Ductwork","Ductwork","SKIP","already-matches","instance","Shared Parameter","7626181","NWB_AssetType","String","False","2","2","45","MDUC","Ductwork","Ductwork","connected:d4:14932618:Air Terminals","NWB-ARC-WBH-AR-MOD-0035","PPT.07.173","Store, Tissue Samples, 4m2","PPT","","","PPT","","","WBH","HO","PPT","SI5","WBH-HO-07-PPT-ME-SI5"
"20260802_005303","NWB_PARAMETERS AutoFill","MECHANICAL DUCTWORK LAYOUT - LEVEL 07 - ZONE 153","model","selection","smart","Both","skip-other-users","15669817","Duct Fittings","MHT-ME-DF-Rectangular Short Radius Bend - Flanged","","LEVEL 07","Supply Air","MHT-ME-DF-Rectangular Short Radius Bend - Flanged","NWB_Discipline","ME","ME","ME","SKIP","already-matches","instance","Shared Parameter","3045151","NWB_Discipline","String","False","2","2","45","MDUC","Ductwork","Ductwork","connected:d4:14932618:Air Terminals","NWB-ARC-WBH-AR-MOD-0035","PPT.07.173","Store, Tissue Samples, 4m2","PPT","","","PPT","","","WBH","HO","PPT","SI5","WBH-HO-07-PPT-ME-SI5"
"20260802_005303","NWB_PARAMETERS AutoFill","MECHANICAL DUCTWORK LAYOUT - LEVEL 07 - ZONE 153","model","selection","smart","Both","skip-other-users","15669817","Duct Fittings","MHT-ME-DF-Rectangular Short Radius Bend - Flanged","","LEVEL 07","Supply Air","MHT-ME-DF-Rectangular Short Radius Bend - Flanged","NWB_Discipline","ME","ME","ME","SKIP","already-matches","instance","Shared Parameter","7626159","NWB_Discipline","String","False","2","2","45","MDUC","Ductwork","Ductwork","connected:d4:14932618:Air Terminals","NWB-ARC-WBH-AR-MOD-0035","PPT.07.173","Store, Tissue Samples, 4m2","PPT","","","PPT","","","WBH","HO","PPT","SI5","WBH-HO-07-PPT-ME-SI5"
"20260802_005303","NWB_PARAMETERS AutoFill","MECHANICAL DUCTWORK LAYOUT - LEVEL 07 - ZONE 153","model","selection","smart","Both","skip-other-users","15669817","Duct Fittings","MHT-ME-DF-Rectangular Short Radius Bend - Flanged","","LEVEL 07","Supply Air","MHT-ME-DF-Rectangular Short Radius Bend - Flanged","NWB_Category","Ductwork","Ductwork","Ductwork","SKIP","already-matches","instance","Shared Parameter","3045152","NWB_Category","String","False","2","2","45","MDUC","Ductwork","Ductwork","connected:d4:14932618:Air Terminals","NWB-ARC-WBH-AR-MOD-0035","PPT.07.173","Store, Tissue Samples, 4m2","PPT","","","PPT","","","WBH","HO","PPT","SI5","WBH-HO-07-PPT-ME-SI5"
"20260802_005303","NWB_PARAMETERS AutoFill","MECHANICAL DUCTWORK LAYOUT - LEVEL 07 - ZONE 153","model","selection","smart","Both","skip-other-users","15669817","Duct Fittings","MHT-ME-DF-Rectangular Short Radius Bend - Flanged","","LEVEL 07","Supply Air","MHT-ME-DF-Rectangular Short Radius Bend - Flanged","NWB_Category","Ductwork","Ductwork","Ductwork","SKIP","already-matches","instance","Shared Parameter","7626160","NWB_Category","String","False","2","2","45","MDUC","Ductwork","Ductwork","connected:d4:14932618:Air Terminals","NWB-ARC-WBH-AR-MOD-0035","PPT.07.173","Store, Tissue Samples, 4m2","PPT","","","PPT","","","WBH","HO","PPT","SI5","WBH-HO-07-PPT-ME-SI5"
"20260802_005303","NWB_PARAMETERS AutoFill","MECHANICAL DUCTWORK LAYOUT - LEVEL 07 - ZONE 153","model","selection","smart","Both","skip-other-users","15669817","Duct Fittings","MHT-ME-DF-Rectangular Short Radius Bend - Flanged","","LEVEL 07","Supply Air","MHT-ME-DF-Rectangular Short Radius Bend - Flanged","NWB_Material","","","","SKIP","workbook material blank and model material missing","","","","NWB_Material","","","","","45","MDUC","Ductwork","Ductwork","connected:d4:14932618:Air Terminals","NWB-ARC-WBH-AR-MOD-0035","PPT.07.173","Store, Tissue Samples, 4m2","PPT","","","PPT","","","WBH","HO","PPT","SI5","WBH-HO-07-PPT-ME-SI5"
"20260802_005303","NWB_PARAMETERS AutoFill","MECHANICAL DUCTWORK LAYOUT - LEVEL 07 - ZONE 153","model","selection","smart","Both","skip-other-users","15669817","Duct Fittings","MHT-ME-DF-Rectangular Short Radius Bend - Flanged","","LEVEL 07","Supply Air","MHT-ME-DF-Rectangular Short Radius Bend - Flanged","NWB_System","Supply Air","Supply Air","Supply Air","SKIP","already-matches","instance","Shared Parameter","3045155","NWB_System","String","False","2","2","45","MDUC","Ductwork","Ductwork","connected:d4:14932618:Air Terminals","NWB-ARC-WBH-AR-MOD-0035","PPT.07.173","Store, Tissue Samples, 4m2","PPT","","","PPT","","","WBH","HO","PPT","SI5","WBH-HO-07-PPT-ME-SI5"
"20260802_005303","NWB_PARAMETERS AutoFill","MECHANICAL DUCTWORK LAYOUT - LEVEL 07 - ZONE 153","model","selection","smart","Both","skip-other-users","15669817","Duct Fittings","MHT-ME-DF-Rectangular Short Radius Bend - Flanged","","LEVEL 07","Supply Air","MHT-ME-DF-Rectangular Short Radius Bend - Flanged","NWB_System","Supply Air","Supply Air","Supply Air","SKIP","already-matches","instance","Shared Parameter","7626163","NWB_System","String","False","2","2","45","MDUC","Ductwork","Ductwork","connected:d4:14932618:Air Terminals","NWB-ARC-WBH-AR-MOD-0035","PPT.07.173","Store, Tissue Samples, 4m2","PPT","","","PPT","","","WBH","HO","PPT","SI5","WBH-HO-07-PPT-ME-SI5"
"20260802_005303","NWB_PARAMETERS AutoFill","MECHANICAL DUCTWORK LAYOUT - LEVEL 07 - ZONE 153","model","selection","smart","Both","skip-other-users","15669817","Duct Fittings","MHT-ME-DF-Rectangular Short Radius Bend - Flanged","","LEVEL 07","Supply Air","MHT-ME-DF-Rectangular Short Radius Bend - Flanged","NWB_UniclassCode","Pr_65_65_25","Pr_65_65_25","Pr_65_65_25","SKIP","already-matches","instance","Shared Parameter","3045156","NWB_UniclassCode","String","False","2","2","45","MDUC","Ductwork","Ductwork","connected:d4:14932618:Air Terminals","NWB-ARC-WBH-AR-MOD-0035","PPT.07.173","Store, Tissue Samples, 4m2","PPT","","","PPT","","","WBH","HO","PPT","SI5","WBH-HO-07-PPT-ME-SI5"
"20260802_005303","NWB_PARAMETERS AutoFill","MECHANICAL DUCTWORK LAYOUT - LEVEL 07 - ZONE 153","model","selection","smart","Both","skip-other-users","15669817","Duct Fittings","MHT-ME-DF-Rectangular Short Radius Bend - Flanged","","LEVEL 07","Supply Air","MHT-ME-DF-Rectangular Short Radius Bend - Flanged","NWB_UniclassCode","Pr_65_65_25","Pr_65_65_25","Pr_65_65_25","SKIP","already-matches","instance","Shared Parameter","7626165","NWB_UniclassCode","String","False","2","2","45","MDUC","Ductwork","Ductwork","connected:d4:14932618:Air Terminals","NWB-ARC-WBH-AR-MOD-0035","PPT.07.173","Store, Tissue Samples, 4m2","PPT","","","PPT","","","WBH","HO","PPT","SI5","WBH-HO-07-PPT-ME-SI5"
"20260802_005303","NWB_PARAMETERS AutoFill","MECHANICAL DUCTWORK LAYOUT - LEVEL 07 - ZONE 153","model","selection","smart","Both","skip-other-users","15669817","Duct Fittings","MHT-ME-DF-Rectangular Short Radius Bend - Flanged","","LEVEL 07","Supply Air","MHT-ME-DF-Rectangular Short Radius Bend - Flanged","NWB_UniclassDescription","Ductwork and fittings","Ductwork and fittings","Ductwork and fittings","SKIP","already-matches","instance","Shared Parameter","3045157","NWB_UniclassDescription","String","False","2","2","45","MDUC","Ductwork","Ductwork","connected:d4:14932618:Air Terminals","NWB-ARC-WBH-AR-MOD-0035","PPT.07.173","Store, Tissue Samples, 4m2","PPT","","","PPT","","","WBH","HO","PPT","SI5","WBH-HO-07-PPT-ME-SI5"
"20260802_005303","NWB_PARAMETERS AutoFill","MECHANICAL DUCTWORK LAYOUT - LEVEL 07 - ZONE 153","model","selection","smart","Both","skip-other-users","15669817","Duct Fittings","MHT-ME-DF-Rectangular Short Radius Bend - Flanged","","LEVEL 07","Supply Air","MHT-ME-DF-Rectangular Short Radius Bend - Flanged","NWB_UniclassDescription","Ductwork and fittings","Ductwork and fittings","Ductwork and fittings","SKIP","already-matches","instance","Shared Parameter","7626166","NWB_UniclassDescription","String","False","2","2","45","MDUC","Ductwork","Ductwork","connected:d4:14932618:Air Terminals","NWB-ARC-WBH-AR-MOD-0035","PPT.07.173","Store, Tissue Samples, 4m2","PPT","","","PPT","","","WBH","HO","PPT","SI5","WBH-HO-07-PPT-ME-SI5"
"20260802_005303","NWB_PARAMETERS AutoFill","MECHANICAL DUCTWORK LAYOUT - LEVEL 07 - ZONE 153","model","selection","smart","Both","skip-other-users","15669817","Duct Fittings","MHT-ME-DF-Rectangular Short Radius Bend - Flanged","","LEVEL 07","Supply Air","MHT-ME-DF-Rectangular Short Radius Bend - Flanged","NWB_DesignPkg","NWB-GEN-ME-SCM-1091-A","NWB-GEN-ME-SCM-1091-A","NWB-GEN-ME-SCM-1091-A","SKIP","already-matches","instance","Shared Parameter","3045158","NWB_DesignPkg","String","False","2","2","45","MDUC","Ductwork","Ductwork","connected:d4:14932618:Air Terminals","NWB-ARC-WBH-AR-MOD-0035","PPT.07.173","Store, Tissue Samples, 4m2","PPT","","","PPT","","","WBH","HO","PPT","SI5","WBH-HO-07-PPT-ME-SI5"
"20260802_005303","NWB_PARAMETERS AutoFill","MECHANICAL DUCTWORK LAYOUT - LEVEL 07 - ZONE 153","model","selection","smart","Both","skip-other-users","15669817","Duct Fittings","MHT-ME-DF-Rectangular Short Radius Bend - Flanged","","LEVEL 07","Supply Air","MHT-ME-DF-Rectangular Short Radius Bend - Flanged","NWB_DesignPkg","NWB-GEN-ME-SCM-1091-A","NWB-GEN-ME-SCM-1091-A","NWB-GEN-ME-SCM-1091-A","SKIP","already-matches","instance","Shared Parameter","7626167","NWB_DesignPkg","String","False","2","2","45","MDUC","Ductwork","Ductwork","connected:d4:14932618:Air Terminals","NWB-ARC-WBH-AR-MOD-0035","PPT.07.173","Store, Tissue Samples, 4m2","PPT","","","PPT","","","WBH","HO","PPT","SI5","WBH-HO-07-PPT-ME-SI5"
"20260802_005303","NWB_PARAMETERS AutoFill","MECHANICAL DUCTWORK LAYOUT - LEVEL 07 - ZONE 153","model","selection","smart","Both","skip-other-users","15669817","Duct Fittings","MHT-ME-DF-Rectangular Short Radius Bend - Flanged","","LEVEL 07","Supply Air","MHT-ME-DF-Rectangular Short Radius Bend - Flanged","NWB_BuildingPermitPkg","WBH - BP09","","","SKIP","missing","","","","NWB_BuildingPermitPkg","","","0","0","45","MDUC","Ductwork","Ductwork","connected:d4:14932618:Air Terminals","NWB-ARC-WBH-AR-MOD-0035","PPT.07.173","Store, Tissue Samples, 4m2","PPT","","","PPT","","","WBH","HO","PPT","SI5","WBH-HO-07-PPT-ME-SI5"
"20260802_005303","NWB_PARAMETERS AutoFill","MECHANICAL DUCTWORK LAYOUT - LEVEL 07 - ZONE 153","model","selection","smart","Both","skip-other-users","15669817","Duct Fittings","MHT-ME-DF-Rectangular Short Radius Bend - Flanged","","LEVEL 07","Supply Air","MHT-ME-DF-Rectangular Short Radius Bend - Flanged","NWB_WBS00","WBH","WBH","WBH","SKIP","already-matches","instance","Shared Parameter","9214738","NWB_WBS00","String","False","1","1","45","MDUC","Ductwork","Ductwork","connected:d4:14932618:Air Terminals","NWB-ARC-WBH-AR-MOD-0035","PPT.07.173","Store, Tissue Samples, 4m2","PPT","","","PPT","","","WBH","HO","PPT","SI5","WBH-HO-07-PPT-ME-SI5"
"20260802_005303","NWB_PARAMETERS AutoFill","MECHANICAL DUCTWORK LAYOUT - LEVEL 07 - ZONE 153","model","selection","smart","Both","skip-other-users","15669817","Duct Fittings","MHT-ME-DF-Rectangular Short Radius Bend - Flanged","","LEVEL 07","Supply Air","MHT-ME-DF-Rectangular Short Radius Bend - Flanged","NWB_WBS01","HO","HO","HO","SKIP","already-matches","instance","Shared Parameter","9214798","NWB_WBS01","String","False","1","1","45","MDUC","Ductwork","Ductwork","connected:d4:14932618:Air Terminals","NWB-ARC-WBH-AR-MOD-0035","PPT.07.173","Store, Tissue Samples, 4m2","PPT","","","PPT","","","WBH","HO","PPT","SI5","WBH-HO-07-PPT-ME-SI5"
"20260802_005303","NWB_PARAMETERS AutoFill","MECHANICAL DUCTWORK LAYOUT - LEVEL 07 - ZONE 153","model","selection","smart","Both","skip-other-users","15669817","Duct Fittings","MHT-ME-DF-Rectangular Short Radius Bend - Flanged","","LEVEL 07","Supply Air","MHT-ME-DF-Rectangular Short Radius Bend - Flanged","NWB_WBS02","07","07","07","SKIP","already-matches","instance","Shared Parameter","9214786","NWB_WBS02","String","False","1","1","45","MDUC","Ductwork","Ductwork","connected:d4:14932618:Air Terminals","NWB-ARC-WBH-AR-MOD-0035","PPT.07.173","Store, Tissue Samples, 4m2","PPT","","","PPT","","","WBH","HO","PPT","SI5","WBH-HO-07-PPT-ME-SI5"
"20260802_005303","NWB_PARAMETERS AutoFill","MECHANICAL DUCTWORK LAYOUT - LEVEL 07 - ZONE 153","model","selection","smart","Both","skip-other-users","15669817","Duct Fittings","MHT-ME-DF-Rectangular Short Radius Bend - Flanged","","LEVEL 07","Supply Air","MHT-ME-DF-Rectangular Short Radius Bend - Flanged","NWB_WBS04","ME","ME","ME","SKIP","already-matches","instance","Shared Parameter","9214762","NWB_WBS04","String","False","1","1","45","MDUC","Ductwork","Ductwork","connected:d4:14932618:Air Terminals","NWB-ARC-WBH-AR-MOD-0035","PPT.07.173","Store, Tissue Samples, 4m2","PPT","","","PPT","","","WBH","HO","PPT","SI5","WBH-HO-07-PPT-ME-SI5"
"20260802_005303","NWB_PARAMETERS AutoFill","MECHANICAL DUCTWORK LAYOUT - LEVEL 07 - ZONE 153","model","selection","smart","Both","skip-other-users","15669817","Duct Fittings","MHT-ME-DF-Rectangular Short Radius Bend - Flanged","","LEVEL 07","Supply Air","MHT-ME-DF-Rectangular Short Radius Bend - Flanged","NWB_WBS05","SI5","SI5","SI5","SKIP","already-matches","instance","Shared Parameter","9214810","NWB_WBS05","String","False","1","1","45","MDUC","Ductwork","Ductwork","connected:d4:14932618:Air Terminals","NWB-ARC-WBH-AR-MOD-0035","PPT.07.173","Store, Tissue Samples, 4m2","PPT","","","PPT","","","WBH","HO","PPT","SI5","WBH-HO-07-PPT-ME-SI5"
"20260802_005303","NWB_PARAMETERS AutoFill","MECHANICAL DUCTWORK LAYOUT - LEVEL 07 - ZONE 153","model","selection","smart","Both","skip-other-users","15669825","Duct Fittings","MHT-ME-DF-Rectangular Shoe Branch - Flanged","","LEVEL 07","Supply Air","Standard","NWB_AssetTypeCode","MDUC","MDUC","MDUC","SKIP","already-matches","instance","Shared Parameter","7626182","NWB_AssetTypeCode","String","False","1","1","45","MDUC","Ductwork","Ductwork","connected:d1:13181888:Duct Systems","NWB-ARC-WBH-AR-MOD-0035","ETC.08.098","Clinical Library","ETC","","","ETC","","","WBH","HO","ETC","SI5","WBH-HO-07-ETC-ME-SI5"
"20260802_005303","NWB_PARAMETERS AutoFill","MECHANICAL DUCTWORK LAYOUT - LEVEL 07 - ZONE 153","model","selection","smart","Both","skip-other-users","15669825","Duct Fittings","MHT-ME-DF-Rectangular Shoe Branch - Flanged","","LEVEL 07","Supply Air","Standard","NWB_AssetType","Ductwork","Ductwork","Ductwork","SKIP","already-matches","instance","Shared Parameter","7626181","NWB_AssetType","String","False","1","1","45","MDUC","Ductwork","Ductwork","connected:d1:13181888:Duct Systems","NWB-ARC-WBH-AR-MOD-0035","ETC.08.098","Clinical Library","ETC","","","ETC","","","WBH","HO","ETC","SI5","WBH-HO-07-ETC-ME-SI5"
"20260802_005303","NWB_PARAMETERS AutoFill","MECHANICAL DUCTWORK LAYOUT - LEVEL 07 - ZONE 153","model","selection","smart","Both","skip-other-users","15669825","Duct Fittings","MHT-ME-DF-Rectangular Shoe Branch - Flanged","","LEVEL 07","Supply Air","Standard","NWB_Discipline","ME","ME","ME","SKIP","already-matches","instance","Shared Parameter","7626159","NWB_Discipline","String","False","1","1","45","MDUC","Ductwork","Ductwork","connected:d1:13181888:Duct Systems","NWB-ARC-WBH-AR-MOD-0035","ETC.08.098","Clinical Library","ETC","","","ETC","","","WBH","HO","ETC","SI5","WBH-HO-07-ETC-ME-SI5"
"20260802_005303","NWB_PARAMETERS AutoFill","MECHANICAL DUCTWORK LAYOUT - LEVEL 07 - ZONE 153","model","selection","smart","Both","skip-other-users","15669825","Duct Fittings","MHT-ME-DF-Rectangular Shoe Branch - Flanged","","LEVEL 07","Supply Air","Standard","NWB_Category","Ductwork","Ductwork","Ductwork","SKIP","already-matches","instance","Shared Parameter","7626160","NWB_Category","String","False","1","1","45","MDUC","Ductwork","Ductwork","connected:d1:13181888:Duct Systems","NWB-ARC-WBH-AR-MOD-0035","ETC.08.098","Clinical Library","ETC","","","ETC","","","WBH","HO","ETC","SI5","WBH-HO-07-ETC-ME-SI5"
"20260802_005303","NWB_PARAMETERS AutoFill","MECHANICAL DUCTWORK LAYOUT - LEVEL 07 - ZONE 153","model","selection","smart","Both","skip-other-users","15669825","Duct Fittings","MHT-ME-DF-Rectangular Shoe Branch - Flanged","","LEVEL 07","Supply Air","Standard","NWB_Material","","","","SKIP","workbook material blank and model material missing","","","","NWB_Material","","","","","45","MDUC","Ductwork","Ductwork","connected:d1:13181888:Duct Systems","NWB-ARC-WBH-AR-MOD-0035","ETC.08.098","Clinical Library","ETC","","","ETC","","","WBH","HO","ETC","SI5","WBH-HO-07-ETC-ME-SI5"
"20260802_005303","NWB_PARAMETERS AutoFill","MECHANICAL DUCTWORK LAYOUT - LEVEL 07 - ZONE 153","model","selection","smart","Both","skip-other-users","15669825","Duct Fittings","MHT-ME-DF-Rectangular Shoe Branch - Flanged","","LEVEL 07","Supply Air","Standard","NWB_System","Supply Air","Supply Air","Supply Air","SKIP","already-matches","instance","Shared Parameter","7626163","NWB_System","String","False","1","1","45","MDUC","Ductwork","Ductwork","connected:d1:13181888:Duct Systems","NWB-ARC-WBH-AR-MOD-0035","ETC.08.098","Clinical Library","ETC","","","ETC","","","WBH","HO","ETC","SI5","WBH-HO-07-ETC-ME-SI5"
"20260802_005303","NWB_PARAMETERS AutoFill","MECHANICAL DUCTWORK LAYOUT - LEVEL 07 - ZONE 153","model","selection","smart","Both","skip-other-users","15669825","Duct Fittings","MHT-ME-DF-Rectangular Shoe Branch - Flanged","","LEVEL 07","Supply Air","Standard","NWB_UniclassCode","Pr_65_65_25","Pr_65_65_25","Pr_65_65_25","SKIP","already-matches","instance","Shared Parameter","7626165","NWB_UniclassCode","String","False","1","1","45","MDUC","Ductwork","Ductwork","connected:d1:13181888:Duct Systems","NWB-ARC-WBH-AR-MOD-0035","ETC.08.098","Clinical Library","ETC","","","ETC","","","WBH","HO","ETC","SI5","WBH-HO-07-ETC-ME-SI5"
"20260802_005303","NWB_PARAMETERS AutoFill","MECHANICAL DUCTWORK LAYOUT - LEVEL 07 - ZONE 153","model","selection","smart","Both","skip-other-users","15669825","Duct Fittings","MHT-ME-DF-Rectangular Shoe Branch - Flanged","","LEVEL 07","Supply Air","Standard","NWB_UniclassDescription","Ductwork and fittings","Ductwork and fittings","Ductwork and fittings","SKIP","already-matches","instance","Shared Parameter","7626166","NWB_UniclassDescription","String","False","1","1","45","MDUC","Ductwork","Ductwork","connected:d1:13181888:Duct Systems","NWB-ARC-WBH-AR-MOD-0035","ETC.08.098","Clinical Library","ETC","","","ETC","","","WBH","HO","ETC","SI5","WBH-HO-07-ETC-ME-SI5"
"20260802_005303","NWB_PARAMETERS AutoFill","MECHANICAL DUCTWORK LAYOUT - LEVEL 07 - ZONE 153","model","selection","smart","Both","skip-other-users","15669825","Duct Fittings","MHT-ME-DF-Rectangular Shoe Branch - Flanged","","LEVEL 07","Supply Air","Standard","NWB_DesignPkg","NWB-GEN-ME-SCM-1091-A","NWB-GEN-ME-SCM-1091-A","NWB-GEN-ME-SCM-1091-A","SKIP","already-matches","instance","Shared Parameter","7626167","NWB_DesignPkg","String","False","1","1","45","MDUC","Ductwork","Ductwork","connected:d1:13181888:Duct Systems","NWB-ARC-WBH-AR-MOD-0035","ETC.08.098","Clinical Library","ETC","","","ETC","","","WBH","HO","ETC","SI5","WBH-HO-07-ETC-ME-SI5"
"20260802_005303","NWB_PARAMETERS AutoFill","MECHANICAL DUCTWORK LAYOUT - LEVEL 07 - ZONE 153","model","selection","smart","Both","skip-other-users","15669825","Duct Fittings","MHT-ME-DF-Rectangular Shoe Branch - Flanged","","LEVEL 07","Supply Air","Standard","NWB_BuildingPermitPkg","WBH - BP09","","","SKIP","missing","","","","NWB_BuildingPermitPkg","","","0","0","45","MDUC","Ductwork","Ductwork","connected:d1:13181888:Duct Systems","NWB-ARC-WBH-AR-MOD-0035","ETC.08.098","Clinical Library","ETC","","","ETC","","","WBH","HO","ETC","SI5","WBH-HO-07-ETC-ME-SI5"
"20260802_005303","NWB_PARAMETERS AutoFill","MECHANICAL DUCTWORK LAYOUT - LEVEL 07 - ZONE 153","model","selection","smart","Both","skip-other-users","15669825","Duct Fittings","MHT-ME-DF-Rectangular Shoe Branch - Flanged","","LEVEL 07","Supply Air","Standard","NWB_WBS00","WBH","WBH","WBH","SKIP","already-matches","instance","Shared Parameter","9214738","NWB_WBS00","String","False","1","1","45","MDUC","Ductwork","Ductwork","connected:d1:13181888:Duct Systems","NWB-ARC-WBH-AR-MOD-0035","ETC.08.098","Clinical Library","ETC","","","ETC","","","WBH","HO","ETC","SI5","WBH-HO-07-ETC-ME-SI5"
"20260802_005303","NWB_PARAMETERS AutoFill","MECHANICAL DUCTWORK LAYOUT - LEVEL 07 - ZONE 153","model","selection","smart","Both","skip-other-users","15669825","Duct Fittings","MHT-ME-DF-Rectangular Shoe Branch - Flanged","","LEVEL 07","Supply Air","Standard","NWB_WBS01","HO","HO","HO","SKIP","already-matches","instance","Shared Parameter","9214798","NWB_WBS01","String","False","1","1","45","MDUC","Ductwork","Ductwork","connected:d1:13181888:Duct Systems","NWB-ARC-WBH-AR-MOD-0035","ETC.08.098","Clinical Library","ETC","","","ETC","","","WBH","HO","ETC","SI5","WBH-HO-07-ETC-ME-SI5"
"20260802_005303","NWB_PARAMETERS AutoFill","MECHANICAL DUCTWORK LAYOUT - LEVEL 07 - ZONE 153","model","selection","smart","Both","skip-other-users","15669825","Duct Fittings","MHT-ME-DF-Rectangular Shoe Branch - Flanged","","LEVEL 07","Supply Air","Standard","NWB_WBS02","07","07","07","SKIP","already-matches","instance","Shared Parameter","9214786","NWB_WBS02","String","False","1","1","45","MDUC","Ductwork","Ductwork","connected:d1:13181888:Duct Systems","NWB-ARC-WBH-AR-MOD-0035","ETC.08.098","Clinical Library","ETC","","","ETC","","","WBH","HO","ETC","SI5","WBH-HO-07-ETC-ME-SI5"
"20260802_005303","NWB_PARAMETERS AutoFill","MECHANICAL DUCTWORK LAYOUT - LEVEL 07 - ZONE 153","model","selection","smart","Both","skip-other-users","15669825","Duct Fittings","MHT-ME-DF-Rectangular Shoe Branch - Flanged","","LEVEL 07","Supply Air","Standard","NWB_WBS04","ME","ME","ME","SKIP","already-matches","instance","Shared Parameter","9214762","NWB_WBS04","String","False","1","1","45","MDUC","Ductwork","Ductwork","connected:d1:13181888:Duct Systems","NWB-ARC-WBH-AR-MOD-0035","ETC.08.098","Clinical Library","ETC","","","ETC","","","WBH","HO","ETC","SI5","WBH-HO-07-ETC-ME-SI5"
"20260802_005303","NWB_PARAMETERS AutoFill","MECHANICAL DUCTWORK LAYOUT - LEVEL 07 - ZONE 153","model","selection","smart","Both","skip-other-users","15669825","Duct Fittings","MHT-ME-DF-Rectangular Shoe Branch - Flanged","","LEVEL 07","Supply Air","Standard","NWB_WBS05","SI5","SI5","SI5","SKIP","already-matches","instance","Shared Parameter","9214810","NWB_WBS05","String","False","1","1","45","MDUC","Ductwork","Ductwork","connected:d1:13181888:Duct Systems","NWB-ARC-WBH-AR-MOD-0035","ETC.08.098","Clinical Library","ETC","","","ETC","","","WBH","HO","ETC","SI5","WBH-HO-07-ETC-ME-SI5"
"20260802_005303","NWB_PARAMETERS AutoFill","MECHANICAL DUCTWORK LAYOUT - LEVEL 07 - ZONE 153","model","selection","smart","Both","skip-other-users","15669826","Duct Accessories","MHT-ME-Fire Damper-02","","LEVEL 07","Supply Air","MHT-ME-FAM-FAM-Fire Damper","NWB_AssetTypeCode","MDUC","MDUC","MDUC","SKIP","already-matches","instance","Shared Parameter","7626182","NWB_AssetTypeCode","String","False","1","1","37","MDUC","Ductwork","Ductwork","connected:d2:14932618:Air Terminals","NWB-ARC-WBH-AR-MOD-0035","PPT.07.173","Store, Tissue Samples, 4m2","PPT","","","PPT","","","WBH","HO","PPT","SI5","WBH-HO-07-PPT-ME-SI5"
"20260802_005303","NWB_PARAMETERS AutoFill","MECHANICAL DUCTWORK LAYOUT - LEVEL 07 - ZONE 153","model","selection","smart","Both","skip-other-users","15669826","Duct Accessories","MHT-ME-Fire Damper-02","","LEVEL 07","Supply Air","MHT-ME-FAM-FAM-Fire Damper","NWB_AssetType","Ductwork","Ductwork","Ductwork","SKIP","already-matches","instance","Shared Parameter","7626181","NWB_AssetType","String","False","1","1","37","MDUC","Ductwork","Ductwork","connected:d2:14932618:Air Terminals","NWB-ARC-WBH-AR-MOD-0035","PPT.07.173","Store, Tissue Samples, 4m2","PPT","","","PPT","","","WBH","HO","PPT","SI5","WBH-HO-07-PPT-ME-SI5"
"20260802_005303","NWB_PARAMETERS AutoFill","MECHANICAL DUCTWORK LAYOUT - LEVEL 07 - ZONE 153","model","selection","smart","Both","skip-other-users","15669826","Duct Accessories","MHT-ME-Fire Damper-02","","LEVEL 07","Supply Air","MHT-ME-FAM-FAM-Fire Damper","NWB_Discipline","ME","ME","ME","SKIP","already-matches","instance","Shared Parameter","7626159","NWB_Discipline","String","False","1","1","37","MDUC","Ductwork","Ductwork","connected:d2:14932618:Air Terminals","NWB-ARC-WBH-AR-MOD-0035","PPT.07.173","Store, Tissue Samples, 4m2","PPT","","","PPT","","","WBH","HO","PPT","SI5","WBH-HO-07-PPT-ME-SI5"
"20260802_005303","NWB_PARAMETERS AutoFill","MECHANICAL DUCTWORK LAYOUT - LEVEL 07 - ZONE 153","model","selection","smart","Both","skip-other-users","15669826","Duct Accessories","MHT-ME-Fire Damper-02","","LEVEL 07","Supply Air","MHT-ME-FAM-FAM-Fire Damper","NWB_Category","Ductwork","Ductwork","Ductwork","SKIP","already-matches","instance","Shared Parameter","7626160","NWB_Category","String","False","1","1","37","MDUC","Ductwork","Ductwork","connected:d2:14932618:Air Terminals","NWB-ARC-WBH-AR-MOD-0035","PPT.07.173","Store, Tissue Samples, 4m2","PPT","","","PPT","","","WBH","HO","PPT","SI5","WBH-HO-07-PPT-ME-SI5"
"20260802_005303","NWB_PARAMETERS AutoFill","MECHANICAL DUCTWORK LAYOUT - LEVEL 07 - ZONE 153","model","selection","smart","Both","skip-other-users","15669826","Duct Accessories","MHT-ME-Fire Damper-02","","LEVEL 07","Supply Air","MHT-ME-FAM-FAM-Fire Damper","NWB_Material","","","","SKIP","workbook material blank and model material missing","","","","NWB_Material","","","","","37","MDUC","Ductwork","Ductwork","connected:d2:14932618:Air Terminals","NWB-ARC-WBH-AR-MOD-0035","PPT.07.173","Store, Tissue Samples, 4m2","PPT","","","PPT","","","WBH","HO","PPT","SI5","WBH-HO-07-PPT-ME-SI5"
"20260802_005303","NWB_PARAMETERS AutoFill","MECHANICAL DUCTWORK LAYOUT - LEVEL 07 - ZONE 153","model","selection","smart","Both","skip-other-users","15669826","Duct Accessories","MHT-ME-Fire Damper-02","","LEVEL 07","Supply Air","MHT-ME-FAM-FAM-Fire Damper","NWB_System","Supply Air","Supply Air","Supply Air","SKIP","already-matches","instance","Shared Parameter","7626163","NWB_System","String","False","1","1","37","MDUC","Ductwork","Ductwork","connected:d2:14932618:Air Terminals","NWB-ARC-WBH-AR-MOD-0035","PPT.07.173","Store, Tissue Samples, 4m2","PPT","","","PPT","","","WBH","HO","PPT","SI5","WBH-HO-07-PPT-ME-SI5"
"20260802_005303","NWB_PARAMETERS AutoFill","MECHANICAL DUCTWORK LAYOUT - LEVEL 07 - ZONE 153","model","selection","smart","Both","skip-other-users","15669826","Duct Accessories","MHT-ME-Fire Damper-02","","LEVEL 07","Supply Air","MHT-ME-FAM-FAM-Fire Damper","NWB_UniclassCode","Pr_65_65_25","Pr_65_65_25","Pr_65_65_25","SKIP","already-matches","instance","Shared Parameter","7626165","NWB_UniclassCode","String","False","1","1","37","MDUC","Ductwork","Ductwork","connected:d2:14932618:Air Terminals","NWB-ARC-WBH-AR-MOD-0035","PPT.07.173","Store, Tissue Samples, 4m2","PPT","","","PPT","","","WBH","HO","PPT","SI5","WBH-HO-07-PPT-ME-SI5"
"20260802_005303","NWB_PARAMETERS AutoFill","MECHANICAL DUCTWORK LAYOUT - LEVEL 07 - ZONE 153","model","selection","smart","Both","skip-other-users","15669826","Duct Accessories","MHT-ME-Fire Damper-02","","LEVEL 07","Supply Air","MHT-ME-FAM-FAM-Fire Damper","NWB_UniclassDescription","Ductwork and fittings","Ductwork and fittings","Ductwork and fittings","SKIP","already-matches","instance","Shared Parameter","7626166","NWB_UniclassDescription","String","False","1","1","37","MDUC","Ductwork","Ductwork","connected:d2:14932618:Air Terminals","NWB-ARC-WBH-AR-MOD-0035","PPT.07.173","Store, Tissue Samples, 4m2","PPT","","","PPT","","","WBH","HO","PPT","SI5","WBH-HO-07-PPT-ME-SI5"
"20260802_005303","NWB_PARAMETERS AutoFill","MECHANICAL DUCTWORK LAYOUT - LEVEL 07 - ZONE 153","model","selection","smart","Both","skip-other-users","15669826","Duct Accessories","MHT-ME-Fire Damper-02","","LEVEL 07","Supply Air","MHT-ME-FAM-FAM-Fire Damper","NWB_DesignPkg","NWB-GEN-ME-SCM-1091-A","NWB-GEN-ME-SCM-1091-A","NWB-GEN-ME-SCM-1091-A","SKIP","already-matches","instance","Shared Parameter","7626167","NWB_DesignPkg","String","False","1","1","37","MDUC","Ductwork","Ductwork","connected:d2:14932618:Air Terminals","NWB-ARC-WBH-AR-MOD-0035","PPT.07.173","Store, Tissue Samples, 4m2","PPT","","","PPT","","","WBH","HO","PPT","SI5","WBH-HO-07-PPT-ME-SI5"
"20260802_005303","NWB_PARAMETERS AutoFill","MECHANICAL DUCTWORK LAYOUT - LEVEL 07 - ZONE 153","model","selection","smart","Both","skip-other-users","15669826","Duct Accessories","MHT-ME-Fire Damper-02","","LEVEL 07","Supply Air","MHT-ME-FAM-FAM-Fire Damper","NWB_BuildingPermitPkg","WBH - BP09","","","SKIP","missing","","","","NWB_BuildingPermitPkg","","","0","0","37","MDUC","Ductwork","Ductwork","connected:d2:14932618:Air Terminals","NWB-ARC-WBH-AR-MOD-0035","PPT.07.173","Store, Tissue Samples, 4m2","PPT","","","PPT","","","WBH","HO","PPT","SI5","WBH-HO-07-PPT-ME-SI5"
"20260802_005303","NWB_PARAMETERS AutoFill","MECHANICAL DUCTWORK LAYOUT - LEVEL 07 - ZONE 153","model","selection","smart","Both","skip-other-users","15669826","Duct Accessories","MHT-ME-Fire Damper-02","","LEVEL 07","Supply Air","MHT-ME-FAM-FAM-Fire Damper","NWB_WBS00","WBH","WBH","WBH","SKIP","already-matches","instance","Shared Parameter","9214738","NWB_WBS00","String","False","1","1","37","MDUC","Ductwork","Ductwork","connected:d2:14932618:Air Terminals","NWB-ARC-WBH-AR-MOD-0035","PPT.07.173","Store, Tissue Samples, 4m2","PPT","","","PPT","","","WBH","HO","PPT","SI5","WBH-HO-07-PPT-ME-SI5"
"20260802_005303","NWB_PARAMETERS AutoFill","MECHANICAL DUCTWORK LAYOUT - LEVEL 07 - ZONE 153","model","selection","smart","Both","skip-other-users","15669826","Duct Accessories","MHT-ME-Fire Damper-02","","LEVEL 07","Supply Air","MHT-ME-FAM-FAM-Fire Damper","NWB_WBS01","HO","HO","HO","SKIP","already-matches","instance","Shared Parameter","9214798","NWB_WBS01","String","False","1","1","37","MDUC","Ductwork","Ductwork","connected:d2:14932618:Air Terminals","NWB-ARC-WBH-AR-MOD-0035","PPT.07.173","Store, Tissue Samples, 4m2","PPT","","","PPT","","","WBH","HO","PPT","SI5","WBH-HO-07-PPT-ME-SI5"
"20260802_005303","NWB_PARAMETERS AutoFill","MECHANICAL DUCTWORK LAYOUT - LEVEL 07 - ZONE 153","model","selection","smart","Both","skip-other-users","15669826","Duct Accessories","MHT-ME-Fire Damper-02","","LEVEL 07","Supply Air","MHT-ME-FAM-FAM-Fire Damper","NWB_WBS02","07","07","07","SKIP","already-matches","instance","Shared Parameter","9214786","NWB_WBS02","String","False","1","1","37","MDUC","Ductwork","Ductwork","connected:d2:14932618:Air Terminals","NWB-ARC-WBH-AR-MOD-0035","PPT.07.173","Store, Tissue Samples, 4m2","PPT","","","PPT","","","WBH","HO","PPT","SI5","WBH-HO-07-PPT-ME-SI5"
"20260802_005303","NWB_PARAMETERS AutoFill","MECHANICAL DUCTWORK LAYOUT - LEVEL 07 - ZONE 153","model","selection","smart","Both","skip-other-users","15669826","Duct Accessories","MHT-ME-Fire Damper-02","","LEVEL 07","Supply Air","MHT-ME-FAM-FAM-Fire Damper","NWB_WBS04","ME","ME","ME","SKIP","already-matches","instance","Shared Parameter","9214762","NWB_WBS04","String","False","1","1","37","MDUC","Ductwork","Ductwork","connected:d2:14932618:Air Terminals","NWB-ARC-WBH-AR-MOD-0035","PPT.07.173","Store, Tissue Samples, 4m2","PPT","","","PPT","","","WBH","HO","PPT","SI5","WBH-HO-07-PPT-ME-SI5"
"20260802_005303","NWB_PARAMETERS AutoFill","MECHANICAL DUCTWORK LAYOUT - LEVEL 07 - ZONE 153","model","selection","smart","Both","skip-other-users","15669826","Duct Accessories","MHT-ME-Fire Damper-02","","LEVEL 07","Supply Air","MHT-ME-FAM-FAM-Fire Damper","NWB_WBS05","SI5","SI5","SI5","SKIP","already-matches","instance","Shared Parameter","9214810","NWB_WBS05","String","False","1","1","37","MDUC","Ductwork","Ductwork","connected:d2:14932618:Air Terminals","NWB-ARC-WBH-AR-MOD-0035","PPT.07.173","Store, Tissue Samples, 4m2","PPT","","","PPT","","","WBH","HO","PPT","SI5","WBH-HO-07-PPT-ME-SI5"
"20260802_005303","NWB_PARAMETERS AutoFill","MECHANICAL DUCTWORK LAYOUT - LEVEL 07 - ZONE 153","model","selection","smart","Both","skip-other-users","15669848","Duct Fittings","MHT-ME-DF-Rectangular Short Radius Bend - Flanged","","LEVEL 07","Exhaust Air","MHT-ME-DF-Rectangular Short Radius Bend - Flanged","NWB_AssetTypeCode","MDUC","MDUC","MDUC","SKIP","already-matches","instance","Shared Parameter","3045149","NWB_AssetTypeCode","String","False","2","2","45","MDUC","Ductwork","Ductwork","connected:d4:15669900:Air Terminals","NWB-ARC-WBH-AR-MOD-0035","PPT.07.171","Cleaner's Room","PPT","","","PPT","","","WBH","HO","PPT","SI5","WBH-HO-07-PPT-ME-SI5"
"20260802_005303","NWB_PARAMETERS AutoFill","MECHANICAL DUCTWORK LAYOUT - LEVEL 07 - ZONE 153","model","selection","smart","Both","skip-other-users","15669848","Duct Fittings","MHT-ME-DF-Rectangular Short Radius Bend - Flanged","","LEVEL 07","Exhaust Air","MHT-ME-DF-Rectangular Short Radius Bend - Flanged","NWB_AssetTypeCode","MDUC","MDUC","MDUC","SKIP","already-matches","instance","Shared Parameter","7626182","NWB_AssetTypeCode","String","False","2","2","45","MDUC","Ductwork","Ductwork","connected:d4:15669900:Air Terminals","NWB-ARC-WBH-AR-MOD-0035","PPT.07.171","Cleaner's Room","PPT","","","PPT","","","WBH","HO","PPT","SI5","WBH-HO-07-PPT-ME-SI5"
"20260802_005303","NWB_PARAMETERS AutoFill","MECHANICAL DUCTWORK LAYOUT - LEVEL 07 - ZONE 153","model","selection","smart","Both","skip-other-users","15669848","Duct Fittings","MHT-ME-DF-Rectangular Short Radius Bend - Flanged","","LEVEL 07","Exhaust Air","MHT-ME-DF-Rectangular Short Radius Bend - Flanged","NWB_AssetType","Ductwork","Ductwork","Ductwork","SKIP","already-matches","instance","Shared Parameter","3045150","NWB_AssetType","String","False","2","2","45","MDUC","Ductwork","Ductwork","connected:d4:15669900:Air Terminals","NWB-ARC-WBH-AR-MOD-0035","PPT.07.171","Cleaner's Room","PPT","","","PPT","","","WBH","HO","PPT","SI5","WBH-HO-07-PPT-ME-SI5"
"20260802_005303","NWB_PARAMETERS AutoFill","MECHANICAL DUCTWORK LAYOUT - LEVEL 07 - ZONE 153","model","selection","smart","Both","skip-other-users","15669848","Duct Fittings","MHT-ME-DF-Rectangular Short Radius Bend - Flanged","","LEVEL 07","Exhaust Air","MHT-ME-DF-Rectangular Short Radius Bend - Flanged","NWB_AssetType","Ductwork","Ductwork","Ductwork","SKIP","already-matches","instance","Shared Parameter","7626181","NWB_AssetType","String","False","2","2","45","MDUC","Ductwork","Ductwork","connected:d4:15669900:Air Terminals","NWB-ARC-WBH-AR-MOD-0035","PPT.07.171","Cleaner's Room","PPT","","","PPT","","","WBH","HO","PPT","SI5","WBH-HO-07-PPT-ME-SI5"
"20260802_005303","NWB_PARAMETERS AutoFill","MECHANICAL DUCTWORK LAYOUT - LEVEL 07 - ZONE 153","model","selection","smart","Both","skip-other-users","15669848","Duct Fittings","MHT-ME-DF-Rectangular Short Radius Bend - Flanged","","LEVEL 07","Exhaust Air","MHT-ME-DF-Rectangular Short Radius Bend - Flanged","NWB_Discipline","ME","ME","ME","SKIP","already-matches","instance","Shared Parameter","3045151","NWB_Discipline","String","False","2","2","45","MDUC","Ductwork","Ductwork","connected:d4:15669900:Air Terminals","NWB-ARC-WBH-AR-MOD-0035","PPT.07.171","Cleaner's Room","PPT","","","PPT","","","WBH","HO","PPT","SI5","WBH-HO-07-PPT-ME-SI5"
"20260802_005303","NWB_PARAMETERS AutoFill","MECHANICAL DUCTWORK LAYOUT - LEVEL 07 - ZONE 153","model","selection","smart","Both","skip-other-users","15669848","Duct Fittings","MHT-ME-DF-Rectangular Short Radius Bend - Flanged","","LEVEL 07","Exhaust Air","MHT-ME-DF-Rectangular Short Radius Bend - Flanged","NWB_Discipline","ME","ME","ME","SKIP","already-matches","instance","Shared Parameter","7626159","NWB_Discipline","String","False","2","2","45","MDUC","Ductwork","Ductwork","connected:d4:15669900:Air Terminals","NWB-ARC-WBH-AR-MOD-0035","PPT.07.171","Cleaner's Room","PPT","","","PPT","","","WBH","HO","PPT","SI5","WBH-HO-07-PPT-ME-SI5"
"20260802_005303","NWB_PARAMETERS AutoFill","MECHANICAL DUCTWORK LAYOUT - LEVEL 07 - ZONE 153","model","selection","smart","Both","skip-other-users","15669848","Duct Fittings","MHT-ME-DF-Rectangular Short Radius Bend - Flanged","","LEVEL 07","Exhaust Air","MHT-ME-DF-Rectangular Short Radius Bend - Flanged","NWB_Category","Ductwork","Ductwork","Ductwork","SKIP","already-matches","instance","Shared Parameter","3045152","NWB_Category","String","False","2","2","45","MDUC","Ductwork","Ductwork","connected:d4:15669900:Air Terminals","NWB-ARC-WBH-AR-MOD-0035","PPT.07.171","Cleaner's Room","PPT","","","PPT","","","WBH","HO","PPT","SI5","WBH-HO-07-PPT-ME-SI5"
"20260802_005303","NWB_PARAMETERS AutoFill","MECHANICAL DUCTWORK LAYOUT - LEVEL 07 - ZONE 153","model","selection","smart","Both","skip-other-users","15669848","Duct Fittings","MHT-ME-DF-Rectangular Short Radius Bend - Flanged","","LEVEL 07","Exhaust Air","MHT-ME-DF-Rectangular Short Radius Bend - Flanged","NWB_Category","Ductwork","Ductwork","Ductwork","SKIP","already-matches","instance","Shared Parameter","7626160","NWB_Category","String","False","2","2","45","MDUC","Ductwork","Ductwork","connected:d4:15669900:Air Terminals","NWB-ARC-WBH-AR-MOD-0035","PPT.07.171","Cleaner's Room","PPT","","","PPT","","","WBH","HO","PPT","SI5","WBH-HO-07-PPT-ME-SI5"
"20260802_005303","NWB_PARAMETERS AutoFill","MECHANICAL DUCTWORK LAYOUT - LEVEL 07 - ZONE 153","model","selection","smart","Both","skip-other-users","15669848","Duct Fittings","MHT-ME-DF-Rectangular Short Radius Bend - Flanged","","LEVEL 07","Exhaust Air","MHT-ME-DF-Rectangular Short Radius Bend - Flanged","NWB_Material","","","","SKIP","workbook material blank and model material missing","","","","NWB_Material","","","","","45","MDUC","Ductwork","Ductwork","connected:d4:15669900:Air Terminals","NWB-ARC-WBH-AR-MOD-0035","PPT.07.171","Cleaner's Room","PPT","","","PPT","","","WBH","HO","PPT","SI5","WBH-HO-07-PPT-ME-SI5"
"20260802_005303","NWB_PARAMETERS AutoFill","MECHANICAL DUCTWORK LAYOUT - LEVEL 07 - ZONE 153","model","selection","smart","Both","skip-other-users","15669848","Duct Fittings","MHT-ME-DF-Rectangular Short Radius Bend - Flanged","","LEVEL 07","Exhaust Air","MHT-ME-DF-Rectangular Short Radius Bend - Flanged","NWB_System","Exhaust Air","Exhaust Air","Exhaust Air","SKIP","already-matches","instance","Shared Parameter","3045155","NWB_System","String","False","2","2","45","MDUC","Ductwork","Ductwork","connected:d4:15669900:Air Terminals","NWB-ARC-WBH-AR-MOD-0035","PPT.07.171","Cleaner's Room","PPT","","","PPT","","","WBH","HO","PPT","SI5","WBH-HO-07-PPT-ME-SI5"
"20260802_005303","NWB_PARAMETERS AutoFill","MECHANICAL DUCTWORK LAYOUT - LEVEL 07 - ZONE 153","model","selection","smart","Both","skip-other-users","15669848","Duct Fittings","MHT-ME-DF-Rectangular Short Radius Bend - Flanged","","LEVEL 07","Exhaust Air","MHT-ME-DF-Rectangular Short Radius Bend - Flanged","NWB_System","Exhaust Air","Exhaust Air","Exhaust Air","SKIP","already-matches","instance","Shared Parameter","7626163","NWB_System","String","False","2","2","45","MDUC","Ductwork","Ductwork","connected:d4:15669900:Air Terminals","NWB-ARC-WBH-AR-MOD-0035","PPT.07.171","Cleaner's Room","PPT","","","PPT","","","WBH","HO","PPT","SI5","WBH-HO-07-PPT-ME-SI5"
"20260802_005303","NWB_PARAMETERS AutoFill","MECHANICAL DUCTWORK LAYOUT - LEVEL 07 - ZONE 153","model","selection","smart","Both","skip-other-users","15669848","Duct Fittings","MHT-ME-DF-Rectangular Short Radius Bend - Flanged","","LEVEL 07","Exhaust Air","MHT-ME-DF-Rectangular Short Radius Bend - Flanged","NWB_UniclassCode","Pr_65_65_25","Pr_65_65_25","Pr_65_65_25","SKIP","already-matches","instance","Shared Parameter","3045156","NWB_UniclassCode","String","False","2","2","45","MDUC","Ductwork","Ductwork","connected:d4:15669900:Air Terminals","NWB-ARC-WBH-AR-MOD-0035","PPT.07.171","Cleaner's Room","PPT","","","PPT","","","WBH","HO","PPT","SI5","WBH-HO-07-PPT-ME-SI5"
"20260802_005303","NWB_PARAMETERS AutoFill","MECHANICAL DUCTWORK LAYOUT - LEVEL 07 - ZONE 153","model","selection","smart","Both","skip-other-users","15669848","Duct Fittings","MHT-ME-DF-Rectangular Short Radius Bend - Flanged","","LEVEL 07","Exhaust Air","MHT-ME-DF-Rectangular Short Radius Bend - Flanged","NWB_UniclassCode","Pr_65_65_25","Pr_65_65_25","Pr_65_65_25","SKIP","already-matches","instance","Shared Parameter","7626165","NWB_UniclassCode","String","False","2","2","45","MDUC","Ductwork","Ductwork","connected:d4:15669900:Air Terminals","NWB-ARC-WBH-AR-MOD-0035","PPT.07.171","Cleaner's Room","PPT","","","PPT","","","WBH","HO","PPT","SI5","WBH-HO-07-PPT-ME-SI5"
"20260802_005303","NWB_PARAMETERS AutoFill","MECHANICAL DUCTWORK LAYOUT - LEVEL 07 - ZONE 153","model","selection","smart","Both","skip-other-users","15669848","Duct Fittings","MHT-ME-DF-Rectangular Short Radius Bend - Flanged","","LEVEL 07","Exhaust Air","MHT-ME-DF-Rectangular Short Radius Bend - Flanged","NWB_UniclassDescription","Ductwork and fittings","Ductwork and fittings","Ductwork and fittings","SKIP","already-matches","instance","Shared Parameter","3045157","NWB_UniclassDescription","String","False","2","2","45","MDUC","Ductwork","Ductwork","connected:d4:15669900:Air Terminals","NWB-ARC-WBH-AR-MOD-0035","PPT.07.171","Cleaner's Room","PPT","","","PPT","","","WBH","HO","PPT","SI5","WBH-HO-07-PPT-ME-SI5"
"20260802_005303","NWB_PARAMETERS AutoFill","MECHANICAL DUCTWORK LAYOUT - LEVEL 07 - ZONE 153","model","selection","smart","Both","skip-other-users","15669848","Duct Fittings","MHT-ME-DF-Rectangular Short Radius Bend - Flanged","","LEVEL 07","Exhaust Air","MHT-ME-DF-Rectangular Short Radius Bend - Flanged","NWB_UniclassDescription","Ductwork and fittings","Ductwork and fittings","Ductwork and fittings","SKIP","already-matches","instance","Shared Parameter","7626166","NWB_UniclassDescription","String","False","2","2","45","MDUC","Ductwork","Ductwork","connected:d4:15669900:Air Terminals","NWB-ARC-WBH-AR-MOD-0035","PPT.07.171","Cleaner's Room","PPT","","","PPT","","","WBH","HO","PPT","SI5","WBH-HO-07-PPT-ME-SI5"
"20260802_005303","NWB_PARAMETERS AutoFill","MECHANICAL DUCTWORK LAYOUT - LEVEL 07 - ZONE 153","model","selection","smart","Both","skip-other-users","15669848","Duct Fittings","MHT-ME-DF-Rectangular Short Radius Bend - Flanged","","LEVEL 07","Exhaust Air","MHT-ME-DF-Rectangular Short Radius Bend - Flanged","NWB_DesignPkg","NWB-GEN-ME-SCM-1091-A","NWB-GEN-ME-SCM-1091-A","NWB-GEN-ME-SCM-1091-A","SKIP","already-matches","instance","Shared Parameter","3045158","NWB_DesignPkg","String","False","2","2","45","MDUC","Ductwork","Ductwork","connected:d4:15669900:Air Terminals","NWB-ARC-WBH-AR-MOD-0035","PPT.07.171","Cleaner's Room","PPT","","","PPT","","","WBH","HO","PPT","SI5","WBH-HO-07-PPT-ME-SI5"
"20260802_005303","NWB_PARAMETERS AutoFill","MECHANICAL DUCTWORK LAYOUT - LEVEL 07 - ZONE 153","model","selection","smart","Both","skip-other-users","15669848","Duct Fittings","MHT-ME-DF-Rectangular Short Radius Bend - Flanged","","LEVEL 07","Exhaust Air","MHT-ME-DF-Rectangular Short Radius Bend - Flanged","NWB_DesignPkg","NWB-GEN-ME-SCM-1091-A","NWB-GEN-ME-SCM-1091-A","NWB-GEN-ME-SCM-1091-A","SKIP","already-matches","instance","Shared Parameter","7626167","NWB_DesignPkg","String","False","2","2","45","MDUC","Ductwork","Ductwork","connected:d4:15669900:Air Terminals","NWB-ARC-WBH-AR-MOD-0035","PPT.07.171","Cleaner's Room","PPT","","","PPT","","","WBH","HO","PPT","SI5","WBH-HO-07-PPT-ME-SI5"
"20260802_005303","NWB_PARAMETERS AutoFill","MECHANICAL DUCTWORK LAYOUT - LEVEL 07 - ZONE 153","model","selection","smart","Both","skip-other-users","15669848","Duct Fittings","MHT-ME-DF-Rectangular Short Radius Bend - Flanged","","LEVEL 07","Exhaust Air","MHT-ME-DF-Rectangular Short Radius Bend - Flanged","NWB_BuildingPermitPkg","WBH - BP09","","","SKIP","missing","","","","NWB_BuildingPermitPkg","","","0","0","45","MDUC","Ductwork","Ductwork","connected:d4:15669900:Air Terminals","NWB-ARC-WBH-AR-MOD-0035","PPT.07.171","Cleaner's Room","PPT","","","PPT","","","WBH","HO","PPT","SI5","WBH-HO-07-PPT-ME-SI5"
"20260802_005303","NWB_PARAMETERS AutoFill","MECHANICAL DUCTWORK LAYOUT - LEVEL 07 - ZONE 153","model","selection","smart","Both","skip-other-users","15669848","Duct Fittings","MHT-ME-DF-Rectangular Short Radius Bend - Flanged","","LEVEL 07","Exhaust Air","MHT-ME-DF-Rectangular Short Radius Bend - Flanged","NWB_WBS00","WBH","WBH","WBH","SKIP","already-matches","instance","Shared Parameter","9214738","NWB_WBS00","String","False","1","1","45","MDUC","Ductwork","Ductwork","connected:d4:15669900:Air Terminals","NWB-ARC-WBH-AR-MOD-0035","PPT.07.171","Cleaner's Room","PPT","","","PPT","","","WBH","HO","PPT","SI5","WBH-HO-07-PPT-ME-SI5"
"20260802_005303","NWB_PARAMETERS AutoFill","MECHANICAL DUCTWORK LAYOUT - LEVEL 07 - ZONE 153","model","selection","smart","Both","skip-other-users","15669848","Duct Fittings","MHT-ME-DF-Rectangular Short Radius Bend - Flanged","","LEVEL 07","Exhaust Air","MHT-ME-DF-Rectangular Short Radius Bend - Flanged","NWB_WBS01","HO","HO","HO","SKIP","already-matches","instance","Shared Parameter","9214798","NWB_WBS01","String","False","1","1","45","MDUC","Ductwork","Ductwork","connected:d4:15669900:Air Terminals","NWB-ARC-WBH-AR-MOD-0035","PPT.07.171","Cleaner's Room","PPT","","","PPT","","","WBH","HO","PPT","SI5","WBH-HO-07-PPT-ME-SI5"
"20260802_005303","NWB_PARAMETERS AutoFill","MECHANICAL DUCTWORK LAYOUT - LEVEL 07 - ZONE 153","model","selection","smart","Both","skip-other-users","15669848","Duct Fittings","MHT-ME-DF-Rectangular Short Radius Bend - Flanged","","LEVEL 07","Exhaust Air","MHT-ME-DF-Rectangular Short Radius Bend - Flanged","NWB_WBS02","07","07","07","SKIP","already-matches","instance","Shared Parameter","9214786","NWB_WBS02","String","False","1","1","45","MDUC","Ductwork","Ductwork","connected:d4:15669900:Air Terminals","NWB-ARC-WBH-AR-MOD-0035","PPT.07.171","Cleaner's Room","PPT","","","PPT","","","WBH","HO","PPT","SI5","WBH-HO-07-PPT-ME-SI5"
"20260802_005303","NWB_PARAMETERS AutoFill","MECHANICAL DUCTWORK LAYOUT - LEVEL 07 - ZONE 153","model","selection","smart","Both","skip-other-users","15669848","Duct Fittings","MHT-ME-DF-Rectangular Short Radius Bend - Flanged","","LEVEL 07","Exhaust Air","MHT-ME-DF-Rectangular Short Radius Bend - Flanged","NWB_WBS04","ME","ME","ME","SKIP","already-matches","instance","Shared Parameter","9214762","NWB_WBS04","String","False","1","1","45","MDUC","Ductwork","Ductwork","connected:d4:15669900:Air Terminals","NWB-ARC-WBH-AR-MOD-0035","PPT.07.171","Cleaner's Room","PPT","","","PPT","","","WBH","HO","PPT","SI5","WBH-HO-07-PPT-ME-SI5"
"20260802_005303","NWB_PARAMETERS AutoFill","MECHANICAL DUCTWORK LAYOUT - LEVEL 07 - ZONE 153","model","selection","smart","Both","skip-other-users","15669848","Duct Fittings","MHT-ME-DF-Rectangular Short Radius Bend - Flanged","","LEVEL 07","Exhaust Air","MHT-ME-DF-Rectangular Short Radius Bend - Flanged","NWB_WBS05","SI5","SI5","SI5","SKIP","already-matches","instance","Shared Parameter","9214810","NWB_WBS05","String","False","1","1","45","MDUC","Ductwork","Ductwork","connected:d4:15669900:Air Terminals","NWB-ARC-WBH-AR-MOD-0035","PPT.07.171","Cleaner's Room","PPT","","","PPT","","","WBH","HO","PPT","SI5","WBH-HO-07-PPT-ME-SI5"
"20260802_005303","NWB_PARAMETERS AutoFill","MECHANICAL DUCTWORK LAYOUT - LEVEL 07 - ZONE 153","model","selection","smart","Both","skip-other-users","15669850","Duct Accessories","MHT-ME-Fire Damper-02","","LEVEL 07","Exhaust Air","MHT-ME-FAM-FAM-Fire Damper","NWB_AssetTypeCode","MDUC","MDUC","MDUC","SKIP","already-matches","instance","Shared Parameter","7626182","NWB_AssetTypeCode","String","False","1","1","37","MDUC","Ductwork","Ductwork","connected:d2:15669872:Air Terminals","NWB-ARC-WBH-AR-MOD-0035","PPT.07.188","Universal Change, Staff, 7m2","PPT","","","PPT","","","WBH","HO","PPT","SI5","WBH-HO-07-PPT-ME-SI5"
"20260802_005303","NWB_PARAMETERS AutoFill","MECHANICAL DUCTWORK LAYOUT - LEVEL 07 - ZONE 153","model","selection","smart","Both","skip-other-users","15669850","Duct Accessories","MHT-ME-Fire Damper-02","","LEVEL 07","Exhaust Air","MHT-ME-FAM-FAM-Fire Damper","NWB_AssetType","Ductwork","Ductwork","Ductwork","SKIP","already-matches","instance","Shared Parameter","7626181","NWB_AssetType","String","False","1","1","37","MDUC","Ductwork","Ductwork","connected:d2:15669872:Air Terminals","NWB-ARC-WBH-AR-MOD-0035","PPT.07.188","Universal Change, Staff, 7m2","PPT","","","PPT","","","WBH","HO","PPT","SI5","WBH-HO-07-PPT-ME-SI5"
"20260802_005303","NWB_PARAMETERS AutoFill","MECHANICAL DUCTWORK LAYOUT - LEVEL 07 - ZONE 153","model","selection","smart","Both","skip-other-users","15669850","Duct Accessories","MHT-ME-Fire Damper-02","","LEVEL 07","Exhaust Air","MHT-ME-FAM-FAM-Fire Damper","NWB_Discipline","ME","ME","ME","SKIP","already-matches","instance","Shared Parameter","7626159","NWB_Discipline","String","False","1","1","37","MDUC","Ductwork","Ductwork","connected:d2:15669872:Air Terminals","NWB-ARC-WBH-AR-MOD-0035","PPT.07.188","Universal Change, Staff, 7m2","PPT","","","PPT","","","WBH","HO","PPT","SI5","WBH-HO-07-PPT-ME-SI5"
"20260802_005303","NWB_PARAMETERS AutoFill","MECHANICAL DUCTWORK LAYOUT - LEVEL 07 - ZONE 153","model","selection","smart","Both","skip-other-users","15669850","Duct Accessories","MHT-ME-Fire Damper-02","","LEVEL 07","Exhaust Air","MHT-ME-FAM-FAM-Fire Damper","NWB_Category","Ductwork","Ductwork","Ductwork","SKIP","already-matches","instance","Shared Parameter","7626160","NWB_Category","String","False","1","1","37","MDUC","Ductwork","Ductwork","connected:d2:15669872:Air Terminals","NWB-ARC-WBH-AR-MOD-0035","PPT.07.188","Universal Change, Staff, 7m2","PPT","","","PPT","","","WBH","HO","PPT","SI5","WBH-HO-07-PPT-ME-SI5"
"20260802_005303","NWB_PARAMETERS AutoFill","MECHANICAL DUCTWORK LAYOUT - LEVEL 07 - ZONE 153","model","selection","smart","Both","skip-other-users","15669850","Duct Accessories","MHT-ME-Fire Damper-02","","LEVEL 07","Exhaust Air","MHT-ME-FAM-FAM-Fire Damper","NWB_Material","","","","SKIP","workbook material blank and model material missing","","","","NWB_Material","","","","","37","MDUC","Ductwork","Ductwork","connected:d2:15669872:Air Terminals","NWB-ARC-WBH-AR-MOD-0035","PPT.07.188","Universal Change, Staff, 7m2","PPT","","","PPT","","","WBH","HO","PPT","SI5","WBH-HO-07-PPT-ME-SI5"
"20260802_005303","NWB_PARAMETERS AutoFill","MECHANICAL DUCTWORK LAYOUT - LEVEL 07 - ZONE 153","model","selection","smart","Both","skip-other-users","15669850","Duct Accessories","MHT-ME-Fire Damper-02","","LEVEL 07","Exhaust Air","MHT-ME-FAM-FAM-Fire Damper","NWB_System","Exhaust Air","Exhaust Air","Exhaust Air","SKIP","already-matches","instance","Shared Parameter","7626163","NWB_System","String","False","1","1","37","MDUC","Ductwork","Ductwork","connected:d2:15669872:Air Terminals","NWB-ARC-WBH-AR-MOD-0035","PPT.07.188","Universal Change, Staff, 7m2","PPT","","","PPT","","","WBH","HO","PPT","SI5","WBH-HO-07-PPT-ME-SI5"
"20260802_005303","NWB_PARAMETERS AutoFill","MECHANICAL DUCTWORK LAYOUT - LEVEL 07 - ZONE 153","model","selection","smart","Both","skip-other-users","15669850","Duct Accessories","MHT-ME-Fire Damper-02","","LEVEL 07","Exhaust Air","MHT-ME-FAM-FAM-Fire Damper","NWB_UniclassCode","Pr_65_65_25","Pr_65_65_25","Pr_65_65_25","SKIP","already-matches","instance","Shared Parameter","7626165","NWB_UniclassCode","String","False","1","1","37","MDUC","Ductwork","Ductwork","connected:d2:15669872:Air Terminals","NWB-ARC-WBH-AR-MOD-0035","PPT.07.188","Universal Change, Staff, 7m2","PPT","","","PPT","","","WBH","HO","PPT","SI5","WBH-HO-07-PPT-ME-SI5"
"20260802_005303","NWB_PARAMETERS AutoFill","MECHANICAL DUCTWORK LAYOUT - LEVEL 07 - ZONE 153","model","selection","smart","Both","skip-other-users","15669850","Duct Accessories","MHT-ME-Fire Damper-02","","LEVEL 07","Exhaust Air","MHT-ME-FAM-FAM-Fire Damper","NWB_UniclassDescription","Ductwork and fittings","Ductwork and fittings","Ductwork and fittings","SKIP","already-matches","instance","Shared Parameter","7626166","NWB_UniclassDescription","String","False","1","1","37","MDUC","Ductwork","Ductwork","connected:d2:15669872:Air Terminals","NWB-ARC-WBH-AR-MOD-0035","PPT.07.188","Universal Change, Staff, 7m2","PPT","","","PPT","","","WBH","HO","PPT","SI5","WBH-HO-07-PPT-ME-SI5"
"20260802_005303","NWB_PARAMETERS AutoFill","MECHANICAL DUCTWORK LAYOUT - LEVEL 07 - ZONE 153","model","selection","smart","Both","skip-other-users","15669850","Duct Accessories","MHT-ME-Fire Damper-02","","LEVEL 07","Exhaust Air","MHT-ME-FAM-FAM-Fire Damper","NWB_DesignPkg","NWB-GEN-ME-SCM-1091-A","NWB-GEN-ME-SCM-1091-A","NWB-GEN-ME-SCM-1091-A","SKIP","already-matches","instance","Shared Parameter","7626167","NWB_DesignPkg","String","False","1","1","37","MDUC","Ductwork","Ductwork","connected:d2:15669872:Air Terminals","NWB-ARC-WBH-AR-MOD-0035","PPT.07.188","Universal Change, Staff, 7m2","PPT","","","PPT","","","WBH","HO","PPT","SI5","WBH-HO-07-PPT-ME-SI5"
"20260802_005303","NWB_PARAMETERS AutoFill","MECHANICAL DUCTWORK LAYOUT - LEVEL 07 - ZONE 153","model","selection","smart","Both","skip-other-users","15669850","Duct Accessories","MHT-ME-Fire Damper-02","","LEVEL 07","Exhaust Air","MHT-ME-FAM-FAM-Fire Damper","NWB_BuildingPermitPkg","WBH - BP09","","","SKIP","missing","","","","NWB_BuildingPermitPkg","","","0","0","37","MDUC","Ductwork","Ductwork","connected:d2:15669872:Air Terminals","NWB-ARC-WBH-AR-MOD-0035","PPT.07.188","Universal Change, Staff, 7m2","PPT","","","PPT","","","WBH","HO","PPT","SI5","WBH-HO-07-PPT-ME-SI5"
"20260802_005303","NWB_PARAMETERS AutoFill","MECHANICAL DUCTWORK LAYOUT - LEVEL 07 - ZONE 153","model","selection","smart","Both","skip-other-users","15669850","Duct Accessories","MHT-ME-Fire Damper-02","","LEVEL 07","Exhaust Air","MHT-ME-FAM-FAM-Fire Damper","NWB_WBS00","WBH","WBH","WBH","SKIP","already-matches","instance","Shared Parameter","9214738","NWB_WBS00","String","False","1","1","37","MDUC","Ductwork","Ductwork","connected:d2:15669872:Air Terminals","NWB-ARC-WBH-AR-MOD-0035","PPT.07.188","Universal Change, Staff, 7m2","PPT","","","PPT","","","WBH","HO","PPT","SI5","WBH-HO-07-PPT-ME-SI5"
"20260802_005303","NWB_PARAMETERS AutoFill","MECHANICAL DUCTWORK LAYOUT - LEVEL 07 - ZONE 153","model","selection","smart","Both","skip-other-users","15669850","Duct Accessories","MHT-ME-Fire Damper-02","","LEVEL 07","Exhaust Air","MHT-ME-FAM-FAM-Fire Damper","NWB_WBS01","HO","HO","HO","SKIP","already-matches","instance","Shared Parameter","9214798","NWB_WBS01","String","False","1","1","37","MDUC","Ductwork","Ductwork","connected:d2:15669872:Air Terminals","NWB-ARC-WBH-AR-MOD-0035","PPT.07.188","Universal Change, Staff, 7m2","PPT","","","PPT","","","WBH","HO","PPT","SI5","WBH-HO-07-PPT-ME-SI5"
"20260802_005303","NWB_PARAMETERS AutoFill","MECHANICAL DUCTWORK LAYOUT - LEVEL 07 - ZONE 153","model","selection","smart","Both","skip-other-users","15669850","Duct Accessories","MHT-ME-Fire Damper-02","","LEVEL 07","Exhaust Air","MHT-ME-FAM-FAM-Fire Damper","NWB_WBS02","07","07","07","SKIP","already-matches","instance","Shared Parameter","9214786","NWB_WBS02","String","False","1","1","37","MDUC","Ductwork","Ductwork","connected:d2:15669872:Air Terminals","NWB-ARC-WBH-AR-MOD-0035","PPT.07.188","Universal Change, Staff, 7m2","PPT","","","PPT","","","WBH","HO","PPT","SI5","WBH-HO-07-PPT-ME-SI5"
"20260802_005303","NWB_PARAMETERS AutoFill","MECHANICAL DUCTWORK LAYOUT - LEVEL 07 - ZONE 153","model","selection","smart","Both","skip-other-users","15669850","Duct Accessories","MHT-ME-Fire Damper-02","","LEVEL 07","Exhaust Air","MHT-ME-FAM-FAM-Fire Damper","NWB_WBS04","ME","ME","ME","SKIP","already-matches","instance","Shared Parameter","9214762","NWB_WBS04","String","False","1","1","37","MDUC","Ductwork","Ductwork","connected:d2:15669872:Air Terminals","NWB-ARC-WBH-AR-MOD-0035","PPT.07.188","Universal Change, Staff, 7m2","PPT","","","PPT","","","WBH","HO","PPT","SI5","WBH-HO-07-PPT-ME-SI5"
"20260802_005303","NWB_PARAMETERS AutoFill","MECHANICAL DUCTWORK LAYOUT - LEVEL 07 - ZONE 153","model","selection","smart","Both","skip-other-users","15669850","Duct Accessories","MHT-ME-Fire Damper-02","","LEVEL 07","Exhaust Air","MHT-ME-FAM-FAM-Fire Damper","NWB_WBS05","SI5","SI5","SI5","SKIP","already-matches","instance","Shared Parameter","9214810","NWB_WBS05","String","False","1","1","37","MDUC","Ductwork","Ductwork","connected:d2:15669872:Air Terminals","NWB-ARC-WBH-AR-MOD-0035","PPT.07.188","Universal Change, Staff, 7m2","PPT","","","PPT","","","WBH","HO","PPT","SI5","WBH-HO-07-PPT-ME-SI5"
"20260802_005303","NWB_PARAMETERS AutoFill","MECHANICAL DUCTWORK LAYOUT - LEVEL 07 - ZONE 153","model","selection","smart","Both","skip-other-users","15669852","Ducts","Rectangular Duct","","LEVEL 07","Exhaust Air","Flanged Long Radius Elbows / Shoe Branch","NWB_AssetTypeCode","MDUC","MDUC","MDUC","SKIP","already-matches","instance","Shared Parameter","7626182","NWB_AssetTypeCode","String","False","1","1","45","MDUC","Ductwork","Ductwork","connected:d3:15669900:Air Terminals","NWB-ARC-WBH-AR-MOD-0035","PPT.07.171","Cleaner's Room","PPT","","","PPT","","","WBH","HO","PPT","SI5","WBH-HO-07-PPT-ME-SI5"
"20260802_005303","NWB_PARAMETERS AutoFill","MECHANICAL DUCTWORK LAYOUT - LEVEL 07 - ZONE 153","model","selection","smart","Both","skip-other-users","15669852","Ducts","Rectangular Duct","","LEVEL 07","Exhaust Air","Flanged Long Radius Elbows / Shoe Branch","NWB_AssetType","Ductwork","Ductwork","Ductwork","SKIP","already-matches","instance","Shared Parameter","7626181","NWB_AssetType","String","False","1","1","45","MDUC","Ductwork","Ductwork","connected:d3:15669900:Air Terminals","NWB-ARC-WBH-AR-MOD-0035","PPT.07.171","Cleaner's Room","PPT","","","PPT","","","WBH","HO","PPT","SI5","WBH-HO-07-PPT-ME-SI5"
"20260802_005303","NWB_PARAMETERS AutoFill","MECHANICAL DUCTWORK LAYOUT - LEVEL 07 - ZONE 153","model","selection","smart","Both","skip-other-users","15669852","Ducts","Rectangular Duct","","LEVEL 07","Exhaust Air","Flanged Long Radius Elbows / Shoe Branch","NWB_Discipline","ME","ME","ME","SKIP","already-matches","instance","Shared Parameter","7626159","NWB_Discipline","String","False","1","1","45","MDUC","Ductwork","Ductwork","connected:d3:15669900:Air Terminals","NWB-ARC-WBH-AR-MOD-0035","PPT.07.171","Cleaner's Room","PPT","","","PPT","","","WBH","HO","PPT","SI5","WBH-HO-07-PPT-ME-SI5"
"20260802_005303","NWB_PARAMETERS AutoFill","MECHANICAL DUCTWORK LAYOUT - LEVEL 07 - ZONE 153","model","selection","smart","Both","skip-other-users","15669852","Ducts","Rectangular Duct","","LEVEL 07","Exhaust Air","Flanged Long Radius Elbows / Shoe Branch","NWB_Category","Ductwork","Ductwork","Ductwork","SKIP","already-matches","instance","Shared Parameter","7626160","NWB_Category","String","False","1","1","45","MDUC","Ductwork","Ductwork","connected:d3:15669900:Air Terminals","NWB-ARC-WBH-AR-MOD-0035","PPT.07.171","Cleaner's Room","PPT","","","PPT","","","WBH","HO","PPT","SI5","WBH-HO-07-PPT-ME-SI5"
"20260802_005303","NWB_PARAMETERS AutoFill","MECHANICAL DUCTWORK LAYOUT - LEVEL 07 - ZONE 153","model","selection","smart","Both","skip-other-users","15669852","Ducts","Rectangular Duct","","LEVEL 07","Exhaust Air","Flanged Long Radius Elbows / Shoe Branch","NWB_Material","","","","SKIP","workbook material blank and model material missing","","","","NWB_Material","","","","","45","MDUC","Ductwork","Ductwork","connected:d3:15669900:Air Terminals","NWB-ARC-WBH-AR-MOD-0035","PPT.07.171","Cleaner's Room","PPT","","","PPT","","","WBH","HO","PPT","SI5","WBH-HO-07-PPT-ME-SI5"
"20260802_005303","NWB_PARAMETERS AutoFill","MECHANICAL DUCTWORK LAYOUT - LEVEL 07 - ZONE 153","model","selection","smart","Both","skip-other-users","15669852","Ducts","Rectangular Duct","","LEVEL 07","Exhaust Air","Flanged Long Radius Elbows / Shoe Branch","NWB_System","Exhaust Air","Exhaust Air","Exhaust Air","SKIP","already-matches","instance","Shared Parameter","7626163","NWB_System","String","False","1","1","45","MDUC","Ductwork","Ductwork","connected:d3:15669900:Air Terminals","NWB-ARC-WBH-AR-MOD-0035","PPT.07.171","Cleaner's Room","PPT","","","PPT","","","WBH","HO","PPT","SI5","WBH-HO-07-PPT-ME-SI5"
"20260802_005303","NWB_PARAMETERS AutoFill","MECHANICAL DUCTWORK LAYOUT - LEVEL 07 - ZONE 153","model","selection","smart","Both","skip-other-users","15669852","Ducts","Rectangular Duct","","LEVEL 07","Exhaust Air","Flanged Long Radius Elbows / Shoe Branch","NWB_UniclassCode","Pr_65_65_25","Pr_65_65_25","Pr_65_65_25","SKIP","already-matches","instance","Shared Parameter","7626165","NWB_UniclassCode","String","False","1","1","45","MDUC","Ductwork","Ductwork","connected:d3:15669900:Air Terminals","NWB-ARC-WBH-AR-MOD-0035","PPT.07.171","Cleaner's Room","PPT","","","PPT","","","WBH","HO","PPT","SI5","WBH-HO-07-PPT-ME-SI5"
"20260802_005303","NWB_PARAMETERS AutoFill","MECHANICAL DUCTWORK LAYOUT - LEVEL 07 - ZONE 153","model","selection","smart","Both","skip-other-users","15669852","Ducts","Rectangular Duct","","LEVEL 07","Exhaust Air","Flanged Long Radius Elbows / Shoe Branch","NWB_UniclassDescription","Ductwork and fittings","Ductwork and fittings","Ductwork and fittings","SKIP","already-matches","instance","Shared Parameter","7626166","NWB_UniclassDescription","String","False","1","1","45","MDUC","Ductwork","Ductwork","connected:d3:15669900:Air Terminals","NWB-ARC-WBH-AR-MOD-0035","PPT.07.171","Cleaner's Room","PPT","","","PPT","","","WBH","HO","PPT","SI5","WBH-HO-07-PPT-ME-SI5"
"20260802_005303","NWB_PARAMETERS AutoFill","MECHANICAL DUCTWORK LAYOUT - LEVEL 07 - ZONE 153","model","selection","smart","Both","skip-other-users","15669852","Ducts","Rectangular Duct","","LEVEL 07","Exhaust Air","Flanged Long Radius Elbows / Shoe Branch","NWB_DesignPkg","NWB-GEN-ME-SCM-1091-A","NWB-GEN-ME-SCM-1091-A","NWB-GEN-ME-SCM-1091-A","SKIP","already-matches","instance","Shared Parameter","7626167","NWB_DesignPkg","String","False","1","1","45","MDUC","Ductwork","Ductwork","connected:d3:15669900:Air Terminals","NWB-ARC-WBH-AR-MOD-0035","PPT.07.171","Cleaner's Room","PPT","","","PPT","","","WBH","HO","PPT","SI5","WBH-HO-07-PPT-ME-SI5"
"20260802_005303","NWB_PARAMETERS AutoFill","MECHANICAL DUCTWORK LAYOUT - LEVEL 07 - ZONE 153","model","selection","smart","Both","skip-other-users","15669852","Ducts","Rectangular Duct","","LEVEL 07","Exhaust Air","Flanged Long Radius Elbows / Shoe Branch","NWB_BuildingPermitPkg","WBH - BP09","","","SKIP","missing","","","","NWB_BuildingPermitPkg","","","0","0","45","MDUC","Ductwork","Ductwork","connected:d3:15669900:Air Terminals","NWB-ARC-WBH-AR-MOD-0035","PPT.07.171","Cleaner's Room","PPT","","","PPT","","","WBH","HO","PPT","SI5","WBH-HO-07-PPT-ME-SI5"
"20260802_005303","NWB_PARAMETERS AutoFill","MECHANICAL DUCTWORK LAYOUT - LEVEL 07 - ZONE 153","model","selection","smart","Both","skip-other-users","15669852","Ducts","Rectangular Duct","","LEVEL 07","Exhaust Air","Flanged Long Radius Elbows / Shoe Branch","NWB_WBS00","WBH","WBH","WBH","SKIP","already-matches","instance","Shared Parameter","9214738","NWB_WBS00","String","False","1","1","45","MDUC","Ductwork","Ductwork","connected:d3:15669900:Air Terminals","NWB-ARC-WBH-AR-MOD-0035","PPT.07.171","Cleaner's Room","PPT","","","PPT","","","WBH","HO","PPT","SI5","WBH-HO-07-PPT-ME-SI5"
"20260802_005303","NWB_PARAMETERS AutoFill","MECHANICAL DUCTWORK LAYOUT - LEVEL 07 - ZONE 153","model","selection","smart","Both","skip-other-users","15669852","Ducts","Rectangular Duct","","LEVEL 07","Exhaust Air","Flanged Long Radius Elbows / Shoe Branch","NWB_WBS01","HO","HO","HO","SKIP","already-matches","instance","Shared Parameter","9214798","NWB_WBS01","String","False","1","1","45","MDUC","Ductwork","Ductwork","connected:d3:15669900:Air Terminals","NWB-ARC-WBH-AR-MOD-0035","PPT.07.171","Cleaner's Room","PPT","","","PPT","","","WBH","HO","PPT","SI5","WBH-HO-07-PPT-ME-SI5"
"20260802_005303","NWB_PARAMETERS AutoFill","MECHANICAL DUCTWORK LAYOUT - LEVEL 07 - ZONE 153","model","selection","smart","Both","skip-other-users","15669852","Ducts","Rectangular Duct","","LEVEL 07","Exhaust Air","Flanged Long Radius Elbows / Shoe Branch","NWB_WBS02","07","07","07","SKIP","already-matches","instance","Shared Parameter","9214786","NWB_WBS02","String","False","1","1","45","MDUC","Ductwork","Ductwork","connected:d3:15669900:Air Terminals","NWB-ARC-WBH-AR-MOD-0035","PPT.07.171","Cleaner's Room","PPT","","","PPT","","","WBH","HO","PPT","SI5","WBH-HO-07-PPT-ME-SI5"
"20260802_005303","NWB_PARAMETERS AutoFill","MECHANICAL DUCTWORK LAYOUT - LEVEL 07 - ZONE 153","model","selection","smart","Both","skip-other-users","15669852","Ducts","Rectangular Duct","","LEVEL 07","Exhaust Air","Flanged Long Radius Elbows / Shoe Branch","NWB_WBS04","ME","ME","ME","SKIP","already-matches","instance","Shared Parameter","9214762","NWB_WBS04","String","False","1","1","45","MDUC","Ductwork","Ductwork","connected:d3:15669900:Air Terminals","NWB-ARC-WBH-AR-MOD-0035","PPT.07.171","Cleaner's Room","PPT","","","PPT","","","WBH","HO","PPT","SI5","WBH-HO-07-PPT-ME-SI5"
"20260802_005303","NWB_PARAMETERS AutoFill","MECHANICAL DUCTWORK LAYOUT - LEVEL 07 - ZONE 153","model","selection","smart","Both","skip-other-users","15669852","Ducts","Rectangular Duct","","LEVEL 07","Exhaust Air","Flanged Long Radius Elbows / Shoe Branch","NWB_WBS05","SI5","SI5","SI5","SKIP","already-matches","instance","Shared Parameter","9214810","NWB_WBS05","String","False","1","1","45","MDUC","Ductwork","Ductwork","connected:d3:15669900:Air Terminals","NWB-ARC-WBH-AR-MOD-0035","PPT.07.171","Cleaner's Room","PPT","","","PPT","","","WBH","HO","PPT","SI5","WBH-HO-07-PPT-ME-SI5"
"20260802_005303","NWB_PARAMETERS AutoFill","MECHANICAL DUCTWORK LAYOUT - LEVEL 07 - ZONE 153","model","selection","smart","Both","skip-other-users","15671266","Duct Accessories","MHT-ME-Fire Damper-02","","LEVEL 07","Exhaust Air","MHT-ME-FAM-FAM-Fire Damper","NWB_AssetTypeCode","MDUC","MDUC","MDUC","SKIP","already-matches","instance","Shared Parameter","7626182","NWB_AssetTypeCode","String","False","1","1","37","MDUC","Ductwork","Ductwork","connected-miss:d4:visited10","","","","","","","","","","WBH","HO","Z00","SI5","WBH-HO-07-Z00-ME-SI5"
"20260802_005303","NWB_PARAMETERS AutoFill","MECHANICAL DUCTWORK LAYOUT - LEVEL 07 - ZONE 153","model","selection","smart","Both","skip-other-users","15671266","Duct Accessories","MHT-ME-Fire Damper-02","","LEVEL 07","Exhaust Air","MHT-ME-FAM-FAM-Fire Damper","NWB_AssetType","Ductwork","Ductwork","Ductwork","SKIP","already-matches","instance","Shared Parameter","7626181","NWB_AssetType","String","False","1","1","37","MDUC","Ductwork","Ductwork","connected-miss:d4:visited10","","","","","","","","","","WBH","HO","Z00","SI5","WBH-HO-07-Z00-ME-SI5"
"20260802_005303","NWB_PARAMETERS AutoFill","MECHANICAL DUCTWORK LAYOUT - LEVEL 07 - ZONE 153","model","selection","smart","Both","skip-other-users","15671266","Duct Accessories","MHT-ME-Fire Damper-02","","LEVEL 07","Exhaust Air","MHT-ME-FAM-FAM-Fire Damper","NWB_Discipline","ME","ME","ME","SKIP","already-matches","instance","Shared Parameter","7626159","NWB_Discipline","String","False","1","1","37","MDUC","Ductwork","Ductwork","connected-miss:d4:visited10","","","","","","","","","","WBH","HO","Z00","SI5","WBH-HO-07-Z00-ME-SI5"
"20260802_005303","NWB_PARAMETERS AutoFill","MECHANICAL DUCTWORK LAYOUT - LEVEL 07 - ZONE 153","model","selection","smart","Both","skip-other-users","15671266","Duct Accessories","MHT-ME-Fire Damper-02","","LEVEL 07","Exhaust Air","MHT-ME-FAM-FAM-Fire Damper","NWB_Category","Ductwork","Ductwork","Ductwork","SKIP","already-matches","instance","Shared Parameter","7626160","NWB_Category","String","False","1","1","37","MDUC","Ductwork","Ductwork","connected-miss:d4:visited10","","","","","","","","","","WBH","HO","Z00","SI5","WBH-HO-07-Z00-ME-SI5"
"20260802_005303","NWB_PARAMETERS AutoFill","MECHANICAL DUCTWORK LAYOUT - LEVEL 07 - ZONE 153","model","selection","smart","Both","skip-other-users","15671266","Duct Accessories","MHT-ME-Fire Damper-02","","LEVEL 07","Exhaust Air","MHT-ME-FAM-FAM-Fire Damper","NWB_Department","","","","SKIP","linked/direct room department unavailable (connected-miss:d4:visited10)","","","","NWB_Department","","","","","37","MDUC","Ductwork","Ductwork","connected-miss:d4:visited10","","","","","","","","","","WBH","HO","Z00","SI5","WBH-HO-07-Z00-ME-SI5"
"20260802_005303","NWB_PARAMETERS AutoFill","MECHANICAL DUCTWORK LAYOUT - LEVEL 07 - ZONE 153","model","selection","smart","Both","skip-other-users","15671266","Duct Accessories","MHT-ME-Fire Damper-02","","LEVEL 07","Exhaust Air","MHT-ME-FAM-FAM-Fire Damper","NWB_Material","","","","SKIP","workbook material blank and model material missing","","","","NWB_Material","","","","","37","MDUC","Ductwork","Ductwork","connected-miss:d4:visited10","","","","","","","","","","WBH","HO","Z00","SI5","WBH-HO-07-Z00-ME-SI5"
"20260802_005303","NWB_PARAMETERS AutoFill","MECHANICAL DUCTWORK LAYOUT - LEVEL 07 - ZONE 153","model","selection","smart","Both","skip-other-users","15671266","Duct Accessories","MHT-ME-Fire Damper-02","","LEVEL 07","Exhaust Air","MHT-ME-FAM-FAM-Fire Damper","NWB_System","Exhaust Air","Exhaust Air","Exhaust Air","SKIP","already-matches","instance","Shared Parameter","7626163","NWB_System","String","False","1","1","37","MDUC","Ductwork","Ductwork","connected-miss:d4:visited10","","","","","","","","","","WBH","HO","Z00","SI5","WBH-HO-07-Z00-ME-SI5"
"20260802_005303","NWB_PARAMETERS AutoFill","MECHANICAL DUCTWORK LAYOUT - LEVEL 07 - ZONE 153","model","selection","smart","Both","skip-other-users","15671266","Duct Accessories","MHT-ME-Fire Damper-02","","LEVEL 07","Exhaust Air","MHT-ME-FAM-FAM-Fire Damper","NWB_UniclassCode","Pr_65_65_25","Pr_65_65_25","Pr_65_65_25","SKIP","already-matches","instance","Shared Parameter","7626165","NWB_UniclassCode","String","False","1","1","37","MDUC","Ductwork","Ductwork","connected-miss:d4:visited10","","","","","","","","","","WBH","HO","Z00","SI5","WBH-HO-07-Z00-ME-SI5"
"20260802_005303","NWB_PARAMETERS AutoFill","MECHANICAL DUCTWORK LAYOUT - LEVEL 07 - ZONE 153","model","selection","smart","Both","skip-other-users","15671266","Duct Accessories","MHT-ME-Fire Damper-02","","LEVEL 07","Exhaust Air","MHT-ME-FAM-FAM-Fire Damper","NWB_UniclassDescription","Ductwork and fittings","Ductwork and fittings","Ductwork and fittings","SKIP","already-matches","instance","Shared Parameter","7626166","NWB_UniclassDescription","String","False","1","1","37","MDUC","Ductwork","Ductwork","connected-miss:d4:visited10","","","","","","","","","","WBH","HO","Z00","SI5","WBH-HO-07-Z00-ME-SI5"
"20260802_005303","NWB_PARAMETERS AutoFill","MECHANICAL DUCTWORK LAYOUT - LEVEL 07 - ZONE 153","model","selection","smart","Both","skip-other-users","15671266","Duct Accessories","MHT-ME-Fire Damper-02","","LEVEL 07","Exhaust Air","MHT-ME-FAM-FAM-Fire Damper","NWB_DesignPkg","NWB-GEN-ME-SCM-1091-A","NWB-GEN-ME-SCM-1091-A","NWB-GEN-ME-SCM-1091-A","SKIP","already-matches","instance","Shared Parameter","7626167","NWB_DesignPkg","String","False","1","1","37","MDUC","Ductwork","Ductwork","connected-miss:d4:visited10","","","","","","","","","","WBH","HO","Z00","SI5","WBH-HO-07-Z00-ME-SI5"
"20260802_005303","NWB_PARAMETERS AutoFill","MECHANICAL DUCTWORK LAYOUT - LEVEL 07 - ZONE 153","model","selection","smart","Both","skip-other-users","15671266","Duct Accessories","MHT-ME-Fire Damper-02","","LEVEL 07","Exhaust Air","MHT-ME-FAM-FAM-Fire Damper","NWB_BuildingPermitPkg","WBH - BP09","","","SKIP","missing","","","","NWB_BuildingPermitPkg","","","0","0","37","MDUC","Ductwork","Ductwork","connected-miss:d4:visited10","","","","","","","","","","WBH","HO","Z00","SI5","WBH-HO-07-Z00-ME-SI5"
"20260802_005303","NWB_PARAMETERS AutoFill","MECHANICAL DUCTWORK LAYOUT - LEVEL 07 - ZONE 153","model","selection","smart","Both","skip-other-users","15671266","Duct Accessories","MHT-ME-Fire Damper-02","","LEVEL 07","Exhaust Air","MHT-ME-FAM-FAM-Fire Damper","NWB_WBS00","WBH","WBH","WBH","SKIP","already-matches","instance","Shared Parameter","9214738","NWB_WBS00","String","False","1","1","37","MDUC","Ductwork","Ductwork","connected-miss:d4:visited10","","","","","","","","","","WBH","HO","Z00","SI5","WBH-HO-07-Z00-ME-SI5"
"20260802_005303","NWB_PARAMETERS AutoFill","MECHANICAL DUCTWORK LAYOUT - LEVEL 07 - ZONE 153","model","selection","smart","Both","skip-other-users","15671266","Duct Accessories","MHT-ME-Fire Damper-02","","LEVEL 07","Exhaust Air","MHT-ME-FAM-FAM-Fire Damper","NWB_WBS01","HO","HO","HO","SKIP","already-matches","instance","Shared Parameter","9214798","NWB_WBS01","String","False","1","1","37","MDUC","Ductwork","Ductwork","connected-miss:d4:visited10","","","","","","","","","","WBH","HO","Z00","SI5","WBH-HO-07-Z00-ME-SI5"
"20260802_005303","NWB_PARAMETERS AutoFill","MECHANICAL DUCTWORK LAYOUT - LEVEL 07 - ZONE 153","model","selection","smart","Both","skip-other-users","15671266","Duct Accessories","MHT-ME-Fire Damper-02","","LEVEL 07","Exhaust Air","MHT-ME-FAM-FAM-Fire Damper","NWB_WBS02","07","07","07","SKIP","already-matches","instance","Shared Parameter","9214786","NWB_WBS02","String","False","1","1","37","MDUC","Ductwork","Ductwork","connected-miss:d4:visited10","","","","","","","","","","WBH","HO","Z00","SI5","WBH-HO-07-Z00-ME-SI5"
"20260802_005303","NWB_PARAMETERS AutoFill","MECHANICAL DUCTWORK LAYOUT - LEVEL 07 - ZONE 153","model","selection","smart","Both","skip-other-users","15671266","Duct Accessories","MHT-ME-Fire Damper-02","","LEVEL 07","Exhaust Air","MHT-ME-FAM-FAM-Fire Damper","NWB_WBS03","Z00","Z00","Z00","SKIP","already-matches","instance","Shared Parameter","9214750","NWB_WBS03","String","False","1","1","37","MDUC","Ductwork","Ductwork","connected-miss:d4:visited10","","","","","","","","","","WBH","HO","Z00","SI5","WBH-HO-07-Z00-ME-SI5"
"20260802_005303","NWB_PARAMETERS AutoFill","MECHANICAL DUCTWORK LAYOUT - LEVEL 07 - ZONE 153","model","selection","smart","Both","skip-other-users","15671266","Duct Accessories","MHT-ME-Fire Damper-02","","LEVEL 07","Exhaust Air","MHT-ME-FAM-FAM-Fire Damper","NWB_WBS04","ME","ME","ME","SKIP","already-matches","instance","Shared Parameter","9214762","NWB_WBS04","String","False","1","1","37","MDUC","Ductwork","Ductwork","connected-miss:d4:visited10","","","","","","","","","","WBH","HO","Z00","SI5","WBH-HO-07-Z00-ME-SI5"
"20260802_005303","NWB_PARAMETERS AutoFill","MECHANICAL DUCTWORK LAYOUT - LEVEL 07 - ZONE 153","model","selection","smart","Both","skip-other-users","15671266","Duct Accessories","MHT-ME-Fire Damper-02","","LEVEL 07","Exhaust Air","MHT-ME-FAM-FAM-Fire Damper","NWB_WBS05","SI5","SI5","SI5","SKIP","already-matches","instance","Shared Parameter","9214810","NWB_WBS05","String","False","1","1","37","MDUC","Ductwork","Ductwork","connected-miss:d4:visited10","","","","","","","","","","WBH","HO","Z00","SI5","WBH-HO-07-Z00-ME-SI5"
"20260802_005303","NWB_PARAMETERS AutoFill","MECHANICAL DUCTWORK LAYOUT - LEVEL 07 - ZONE 153","model","selection","smart","Both","skip-other-users","15671266","Duct Accessories","MHT-ME-Fire Damper-02","","LEVEL 07","Exhaust Air","MHT-ME-FAM-FAM-Fire Damper","NWB_WBSCode","WBH-HO-07-Z00-ME-SI5","WBH-HO-07-Z00-ME-SI5","WBH-HO-07-Z00-ME-SI5","SKIP","already-matches","instance","Shared Parameter","9214774","NWB_WBSCode","String","False","1","1","37","MDUC","Ductwork","Ductwork","connected-miss:d4:visited10","","","","","","","","","","WBH","HO","Z00","SI5","WBH-HO-07-Z00-ME-SI5"
"20260802_005303","NWB_PARAMETERS AutoFill","MECHANICAL DUCTWORK LAYOUT - LEVEL 07 - ZONE 153","model","selection","smart","Both","skip-other-users","15671269","Ducts","Rectangular Duct","","LEVEL 07","Exhaust Air","Flanged Long Radius Elbows / Shoe Branch","NWB_AssetTypeCode","MDUC","MDUC","MDUC","SKIP","already-matches","instance","Shared Parameter","7626182","NWB_AssetTypeCode","String","False","1","1","45","MDUC","Ductwork","Ductwork","connected-miss:d4:visited8","","","","","","","PPT","","","WBH","HO","PPT","SI5","WBH-HO-07-PPT-ME-SI5"
"20260802_005303","NWB_PARAMETERS AutoFill","MECHANICAL DUCTWORK LAYOUT - LEVEL 07 - ZONE 153","model","selection","smart","Both","skip-other-users","15671269","Ducts","Rectangular Duct","","LEVEL 07","Exhaust Air","Flanged Long Radius Elbows / Shoe Branch","NWB_AssetType","Ductwork","Ductwork","Ductwork","SKIP","already-matches","instance","Shared Parameter","7626181","NWB_AssetType","String","False","1","1","45","MDUC","Ductwork","Ductwork","connected-miss:d4:visited8","","","","","","","PPT","","","WBH","HO","PPT","SI5","WBH-HO-07-PPT-ME-SI5"
"20260802_005303","NWB_PARAMETERS AutoFill","MECHANICAL DUCTWORK LAYOUT - LEVEL 07 - ZONE 153","model","selection","smart","Both","skip-other-users","15671269","Ducts","Rectangular Duct","","LEVEL 07","Exhaust Air","Flanged Long Radius Elbows / Shoe Branch","NWB_Discipline","ME","ME","ME","SKIP","already-matches","instance","Shared Parameter","7626159","NWB_Discipline","String","False","1","1","45","MDUC","Ductwork","Ductwork","connected-miss:d4:visited8","","","","","","","PPT","","","WBH","HO","PPT","SI5","WBH-HO-07-PPT-ME-SI5"
"20260802_005303","NWB_PARAMETERS AutoFill","MECHANICAL DUCTWORK LAYOUT - LEVEL 07 - ZONE 153","model","selection","smart","Both","skip-other-users","15671269","Ducts","Rectangular Duct","","LEVEL 07","Exhaust Air","Flanged Long Radius Elbows / Shoe Branch","NWB_Category","Ductwork","Ductwork","Ductwork","SKIP","already-matches","instance","Shared Parameter","7626160","NWB_Category","String","False","1","1","45","MDUC","Ductwork","Ductwork","connected-miss:d4:visited8","","","","","","","PPT","","","WBH","HO","PPT","SI5","WBH-HO-07-PPT-ME-SI5"
"20260802_005303","NWB_PARAMETERS AutoFill","MECHANICAL DUCTWORK LAYOUT - LEVEL 07 - ZONE 153","model","selection","smart","Both","skip-other-users","15671269","Ducts","Rectangular Duct","","LEVEL 07","Exhaust Air","Flanged Long Radius Elbows / Shoe Branch","NWB_Department","PPT","PPT","PPT","SKIP","already-matches","instance","Shared Parameter","7626168","NWB_Department","String","False","1","1","45","MDUC","Ductwork","Ductwork","connected-miss:d4:visited8","","","","","","","PPT","","","WBH","HO","PPT","SI5","WBH-HO-07-PPT-ME-SI5"
"20260802_005303","NWB_PARAMETERS AutoFill","MECHANICAL DUCTWORK LAYOUT - LEVEL 07 - ZONE 153","model","selection","smart","Both","skip-other-users","15671269","Ducts","Rectangular Duct","","LEVEL 07","Exhaust Air","Flanged Long Radius Elbows / Shoe Branch","NWB_Material","","","","SKIP","workbook material blank and model material missing","","","","NWB_Material","","","","","45","MDUC","Ductwork","Ductwork","connected-miss:d4:visited8","","","","","","","PPT","","","WBH","HO","PPT","SI5","WBH-HO-07-PPT-ME-SI5"
"20260802_005303","NWB_PARAMETERS AutoFill","MECHANICAL DUCTWORK LAYOUT - LEVEL 07 - ZONE 153","model","selection","smart","Both","skip-other-users","15671269","Ducts","Rectangular Duct","","LEVEL 07","Exhaust Air","Flanged Long Radius Elbows / Shoe Branch","NWB_System","Exhaust Air","Exhaust Air","Exhaust Air","SKIP","already-matches","instance","Shared Parameter","7626163","NWB_System","String","False","1","1","45","MDUC","Ductwork","Ductwork","connected-miss:d4:visited8","","","","","","","PPT","","","WBH","HO","PPT","SI5","WBH-HO-07-PPT-ME-SI5"
"20260802_005303","NWB_PARAMETERS AutoFill","MECHANICAL DUCTWORK LAYOUT - LEVEL 07 - ZONE 153","model","selection","smart","Both","skip-other-users","15671269","Ducts","Rectangular Duct","","LEVEL 07","Exhaust Air","Flanged Long Radius Elbows / Shoe Branch","NWB_UniclassCode","Pr_65_65_25","Pr_65_65_25","Pr_65_65_25","SKIP","already-matches","instance","Shared Parameter","7626165","NWB_UniclassCode","String","False","1","1","45","MDUC","Ductwork","Ductwork","connected-miss:d4:visited8","","","","","","","PPT","","","WBH","HO","PPT","SI5","WBH-HO-07-PPT-ME-SI5"
"20260802_005303","NWB_PARAMETERS AutoFill","MECHANICAL DUCTWORK LAYOUT - LEVEL 07 - ZONE 153","model","selection","smart","Both","skip-other-users","15671269","Ducts","Rectangular Duct","","LEVEL 07","Exhaust Air","Flanged Long Radius Elbows / Shoe Branch","NWB_UniclassDescription","Ductwork and fittings","Ductwork and fittings","Ductwork and fittings","SKIP","already-matches","instance","Shared Parameter","7626166","NWB_UniclassDescription","String","False","1","1","45","MDUC","Ductwork","Ductwork","connected-miss:d4:visited8","","","","","","","PPT","","","WBH","HO","PPT","SI5","WBH-HO-07-PPT-ME-SI5"
"20260802_005303","NWB_PARAMETERS AutoFill","MECHANICAL DUCTWORK LAYOUT - LEVEL 07 - ZONE 153","model","selection","smart","Both","skip-other-users","15671269","Ducts","Rectangular Duct","","LEVEL 07","Exhaust Air","Flanged Long Radius Elbows / Shoe Branch","NWB_DesignPkg","NWB-GEN-ME-SCM-1091-A","NWB-GEN-ME-SCM-1091-A","NWB-GEN-ME-SCM-1091-A","SKIP","already-matches","instance","Shared Parameter","7626167","NWB_DesignPkg","String","False","1","1","45","MDUC","Ductwork","Ductwork","connected-miss:d4:visited8","","","","","","","PPT","","","WBH","HO","PPT","SI5","WBH-HO-07-PPT-ME-SI5"
"20260802_005303","NWB_PARAMETERS AutoFill","MECHANICAL DUCTWORK LAYOUT - LEVEL 07 - ZONE 153","model","selection","smart","Both","skip-other-users","15671269","Ducts","Rectangular Duct","","LEVEL 07","Exhaust Air","Flanged Long Radius Elbows / Shoe Branch","NWB_BuildingPermitPkg","WBH - BP09","","","SKIP","missing","","","","NWB_BuildingPermitPkg","","","0","0","45","MDUC","Ductwork","Ductwork","connected-miss:d4:visited8","","","","","","","PPT","","","WBH","HO","PPT","SI5","WBH-HO-07-PPT-ME-SI5"
"20260802_005303","NWB_PARAMETERS AutoFill","MECHANICAL DUCTWORK LAYOUT - LEVEL 07 - ZONE 153","model","selection","smart","Both","skip-other-users","15671269","Ducts","Rectangular Duct","","LEVEL 07","Exhaust Air","Flanged Long Radius Elbows / Shoe Branch","NWB_WBS00","WBH","WBH","WBH","SKIP","already-matches","instance","Shared Parameter","9214738","NWB_WBS00","String","False","1","1","45","MDUC","Ductwork","Ductwork","connected-miss:d4:visited8","","","","","","","PPT","","","WBH","HO","PPT","SI5","WBH-HO-07-PPT-ME-SI5"
"20260802_005303","NWB_PARAMETERS AutoFill","MECHANICAL DUCTWORK LAYOUT - LEVEL 07 - ZONE 153","model","selection","smart","Both","skip-other-users","15671269","Ducts","Rectangular Duct","","LEVEL 07","Exhaust Air","Flanged Long Radius Elbows / Shoe Branch","NWB_WBS01","HO","HO","HO","SKIP","already-matches","instance","Shared Parameter","9214798","NWB_WBS01","String","False","1","1","45","MDUC","Ductwork","Ductwork","connected-miss:d4:visited8","","","","","","","PPT","","","WBH","HO","PPT","SI5","WBH-HO-07-PPT-ME-SI5"
"20260802_005303","NWB_PARAMETERS AutoFill","MECHANICAL DUCTWORK LAYOUT - LEVEL 07 - ZONE 153","model","selection","smart","Both","skip-other-users","15671269","Ducts","Rectangular Duct","","LEVEL 07","Exhaust Air","Flanged Long Radius Elbows / Shoe Branch","NWB_WBS02","07","07","07","SKIP","already-matches","instance","Shared Parameter","9214786","NWB_WBS02","String","False","1","1","45","MDUC","Ductwork","Ductwork","connected-miss:d4:visited8","","","","","","","PPT","","","WBH","HO","PPT","SI5","WBH-HO-07-PPT-ME-SI5"
"20260802_005303","NWB_PARAMETERS AutoFill","MECHANICAL DUCTWORK LAYOUT - LEVEL 07 - ZONE 153","model","selection","smart","Both","skip-other-users","15671269","Ducts","Rectangular Duct","","LEVEL 07","Exhaust Air","Flanged Long Radius Elbows / Shoe Branch","NWB_WBS03","PPT","PPT","PPT","SKIP","already-matches","instance","Shared Parameter","9214750","NWB_WBS03","String","False","1","1","45","MDUC","Ductwork","Ductwork","connected-miss:d4:visited8","","","","","","","PPT","","","WBH","HO","PPT","SI5","WBH-HO-07-PPT-ME-SI5"
"20260802_005303","NWB_PARAMETERS AutoFill","MECHANICAL DUCTWORK LAYOUT - LEVEL 07 - ZONE 153","model","selection","smart","Both","skip-other-users","15671269","Ducts","Rectangular Duct","","LEVEL 07","Exhaust Air","Flanged Long Radius Elbows / Shoe Branch","NWB_WBS04","ME","ME","ME","SKIP","already-matches","instance","Shared Parameter","9214762","NWB_WBS04","String","False","1","1","45","MDUC","Ductwork","Ductwork","connected-miss:d4:visited8","","","","","","","PPT","","","WBH","HO","PPT","SI5","WBH-HO-07-PPT-ME-SI5"
"20260802_005303","NWB_PARAMETERS AutoFill","MECHANICAL DUCTWORK LAYOUT - LEVEL 07 - ZONE 153","model","selection","smart","Both","skip-other-users","15671269","Ducts","Rectangular Duct","","LEVEL 07","Exhaust Air","Flanged Long Radius Elbows / Shoe Branch","NWB_WBS05","SI5","SI5","SI5","SKIP","already-matches","instance","Shared Parameter","9214810","NWB_WBS05","String","False","1","1","45","MDUC","Ductwork","Ductwork","connected-miss:d4:visited8","","","","","","","PPT","","","WBH","HO","PPT","SI5","WBH-HO-07-PPT-ME-SI5"
"20260802_005303","NWB_PARAMETERS AutoFill","MECHANICAL DUCTWORK LAYOUT - LEVEL 07 - ZONE 153","model","selection","smart","Both","skip-other-users","15671269","Ducts","Rectangular Duct","","LEVEL 07","Exhaust Air","Flanged Long Radius Elbows / Shoe Branch","NWB_WBSCode","WBH-HO-07-PPT-ME-SI5","WBH-HO-07-PPT-ME-SI5","WBH-HO-07-PPT-ME-SI5","SKIP","already-matches","instance","Shared Parameter","9214774","NWB_WBSCode","String","False","1","1","45","MDUC","Ductwork","Ductwork","connected-miss:d4:visited8","","","","","","","PPT","","","WBH","HO","PPT","SI5","WBH-HO-07-PPT-ME-SI5"
"20260802_005303","NWB_PARAMETERS AutoFill","MECHANICAL DUCTWORK LAYOUT - LEVEL 07 - ZONE 153","model","selection","smart","Both","skip-other-users","15671517","Ducts","Rectangular Duct","","LEVEL 07","Exhaust Air","Flanged Long Radius Elbows / Shoe Branch","NWB_AssetTypeCode","MDUC","MDUC","MDUC","SKIP","already-matches","instance","Shared Parameter","7626182","NWB_AssetTypeCode","String","False","1","1","45","MDUC","Ductwork","Ductwork","connected:d2:14893604:Air Terminals","NWB-ARC-WBH-AR-MOD-0035","PPT.07.183","Equipment Clean-Up, 14m2","PPT","","","PPT","","","WBH","HO","PPT","SI5","WBH-HO-07-PPT-ME-SI5"
"20260802_005303","NWB_PARAMETERS AutoFill","MECHANICAL DUCTWORK LAYOUT - LEVEL 07 - ZONE 153","model","selection","smart","Both","skip-other-users","15671517","Ducts","Rectangular Duct","","LEVEL 07","Exhaust Air","Flanged Long Radius Elbows / Shoe Branch","NWB_AssetType","Ductwork","Ductwork","Ductwork","SKIP","already-matches","instance","Shared Parameter","7626181","NWB_AssetType","String","False","1","1","45","MDUC","Ductwork","Ductwork","connected:d2:14893604:Air Terminals","NWB-ARC-WBH-AR-MOD-0035","PPT.07.183","Equipment Clean-Up, 14m2","PPT","","","PPT","","","WBH","HO","PPT","SI5","WBH-HO-07-PPT-ME-SI5"
"20260802_005303","NWB_PARAMETERS AutoFill","MECHANICAL DUCTWORK LAYOUT - LEVEL 07 - ZONE 153","model","selection","smart","Both","skip-other-users","15671517","Ducts","Rectangular Duct","","LEVEL 07","Exhaust Air","Flanged Long Radius Elbows / Shoe Branch","NWB_Discipline","ME","ME","ME","SKIP","already-matches","instance","Shared Parameter","7626159","NWB_Discipline","String","False","1","1","45","MDUC","Ductwork","Ductwork","connected:d2:14893604:Air Terminals","NWB-ARC-WBH-AR-MOD-0035","PPT.07.183","Equipment Clean-Up, 14m2","PPT","","","PPT","","","WBH","HO","PPT","SI5","WBH-HO-07-PPT-ME-SI5"
"20260802_005303","NWB_PARAMETERS AutoFill","MECHANICAL DUCTWORK LAYOUT - LEVEL 07 - ZONE 153","model","selection","smart","Both","skip-other-users","15671517","Ducts","Rectangular Duct","","LEVEL 07","Exhaust Air","Flanged Long Radius Elbows / Shoe Branch","NWB_Category","Ductwork","Ductwork","Ductwork","SKIP","already-matches","instance","Shared Parameter","7626160","NWB_Category","String","False","1","1","45","MDUC","Ductwork","Ductwork","connected:d2:14893604:Air Terminals","NWB-ARC-WBH-AR-MOD-0035","PPT.07.183","Equipment Clean-Up, 14m2","PPT","","","PPT","","","WBH","HO","PPT","SI5","WBH-HO-07-PPT-ME-SI5"
"20260802_005303","NWB_PARAMETERS AutoFill","MECHANICAL DUCTWORK LAYOUT - LEVEL 07 - ZONE 153","model","selection","smart","Both","skip-other-users","15671517","Ducts","Rectangular Duct","","LEVEL 07","Exhaust Air","Flanged Long Radius Elbows / Shoe Branch","NWB_Material","","","","SKIP","workbook material blank and model material missing","","","","NWB_Material","","","","","45","MDUC","Ductwork","Ductwork","connected:d2:14893604:Air Terminals","NWB-ARC-WBH-AR-MOD-0035","PPT.07.183","Equipment Clean-Up, 14m2","PPT","","","PPT","","","WBH","HO","PPT","SI5","WBH-HO-07-PPT-ME-SI5"
"20260802_005303","NWB_PARAMETERS AutoFill","MECHANICAL DUCTWORK LAYOUT - LEVEL 07 - ZONE 153","model","selection","smart","Both","skip-other-users","15671517","Ducts","Rectangular Duct","","LEVEL 07","Exhaust Air","Flanged Long Radius Elbows / Shoe Branch","NWB_System","Exhaust Air","Exhaust Air","Exhaust Air","SKIP","already-matches","instance","Shared Parameter","7626163","NWB_System","String","False","1","1","45","MDUC","Ductwork","Ductwork","connected:d2:14893604:Air Terminals","NWB-ARC-WBH-AR-MOD-0035","PPT.07.183","Equipment Clean-Up, 14m2","PPT","","","PPT","","","WBH","HO","PPT","SI5","WBH-HO-07-PPT-ME-SI5"
"20260802_005303","NWB_PARAMETERS AutoFill","MECHANICAL DUCTWORK LAYOUT - LEVEL 07 - ZONE 153","model","selection","smart","Both","skip-other-users","15671517","Ducts","Rectangular Duct","","LEVEL 07","Exhaust Air","Flanged Long Radius Elbows / Shoe Branch","NWB_UniclassCode","Pr_65_65_25","Pr_65_65_25","Pr_65_65_25","SKIP","already-matches","instance","Shared Parameter","7626165","NWB_UniclassCode","String","False","1","1","45","MDUC","Ductwork","Ductwork","connected:d2:14893604:Air Terminals","NWB-ARC-WBH-AR-MOD-0035","PPT.07.183","Equipment Clean-Up, 14m2","PPT","","","PPT","","","WBH","HO","PPT","SI5","WBH-HO-07-PPT-ME-SI5"
"20260802_005303","NWB_PARAMETERS AutoFill","MECHANICAL DUCTWORK LAYOUT - LEVEL 07 - ZONE 153","model","selection","smart","Both","skip-other-users","15671517","Ducts","Rectangular Duct","","LEVEL 07","Exhaust Air","Flanged Long Radius Elbows / Shoe Branch","NWB_UniclassDescription","Ductwork and fittings","Ductwork and fittings","Ductwork and fittings","SKIP","already-matches","instance","Shared Parameter","7626166","NWB_UniclassDescription","String","False","1","1","45","MDUC","Ductwork","Ductwork","connected:d2:14893604:Air Terminals","NWB-ARC-WBH-AR-MOD-0035","PPT.07.183","Equipment Clean-Up, 14m2","PPT","","","PPT","","","WBH","HO","PPT","SI5","WBH-HO-07-PPT-ME-SI5"
"20260802_005303","NWB_PARAMETERS AutoFill","MECHANICAL DUCTWORK LAYOUT - LEVEL 07 - ZONE 153","model","selection","smart","Both","skip-other-users","15671517","Ducts","Rectangular Duct","","LEVEL 07","Exhaust Air","Flanged Long Radius Elbows / Shoe Branch","NWB_DesignPkg","NWB-GEN-ME-SCM-1091-A","NWB-GEN-ME-SCM-1091-A","NWB-GEN-ME-SCM-1091-A","SKIP","already-matches","instance","Shared Parameter","7626167","NWB_DesignPkg","String","False","1","1","45","MDUC","Ductwork","Ductwork","connected:d2:14893604:Air Terminals","NWB-ARC-WBH-AR-MOD-0035","PPT.07.183","Equipment Clean-Up, 14m2","PPT","","","PPT","","","WBH","HO","PPT","SI5","WBH-HO-07-PPT-ME-SI5"
"20260802_005303","NWB_PARAMETERS AutoFill","MECHANICAL DUCTWORK LAYOUT - LEVEL 07 - ZONE 153","model","selection","smart","Both","skip-other-users","15671517","Ducts","Rectangular Duct","","LEVEL 07","Exhaust Air","Flanged Long Radius Elbows / Shoe Branch","NWB_BuildingPermitPkg","WBH - BP09","","","SKIP","missing","","","","NWB_BuildingPermitPkg","","","0","0","45","MDUC","Ductwork","Ductwork","connected:d2:14893604:Air Terminals","NWB-ARC-WBH-AR-MOD-0035","PPT.07.183","Equipment Clean-Up, 14m2","PPT","","","PPT","","","WBH","HO","PPT","SI5","WBH-HO-07-PPT-ME-SI5"
"20260802_005303","NWB_PARAMETERS AutoFill","MECHANICAL DUCTWORK LAYOUT - LEVEL 07 - ZONE 153","model","selection","smart","Both","skip-other-users","15671517","Ducts","Rectangular Duct","","LEVEL 07","Exhaust Air","Flanged Long Radius Elbows / Shoe Branch","NWB_WBS00","WBH","WBH","WBH","SKIP","already-matches","instance","Shared Parameter","9214738","NWB_WBS00","String","False","1","1","45","MDUC","Ductwork","Ductwork","connected:d2:14893604:Air Terminals","NWB-ARC-WBH-AR-MOD-0035","PPT.07.183","Equipment Clean-Up, 14m2","PPT","","","PPT","","","WBH","HO","PPT","SI5","WBH-HO-07-PPT-ME-SI5"
"20260802_005303","NWB_PARAMETERS AutoFill","MECHANICAL DUCTWORK LAYOUT - LEVEL 07 - ZONE 153","model","selection","smart","Both","skip-other-users","15671517","Ducts","Rectangular Duct","","LEVEL 07","Exhaust Air","Flanged Long Radius Elbows / Shoe Branch","NWB_WBS01","HO","HO","HO","SKIP","already-matches","instance","Shared Parameter","9214798","NWB_WBS01","String","False","1","1","45","MDUC","Ductwork","Ductwork","connected:d2:14893604:Air Terminals","NWB-ARC-WBH-AR-MOD-0035","PPT.07.183","Equipment Clean-Up, 14m2","PPT","","","PPT","","","WBH","HO","PPT","SI5","WBH-HO-07-PPT-ME-SI5"
"20260802_005303","NWB_PARAMETERS AutoFill","MECHANICAL DUCTWORK LAYOUT - LEVEL 07 - ZONE 153","model","selection","smart","Both","skip-other-users","15671517","Ducts","Rectangular Duct","","LEVEL 07","Exhaust Air","Flanged Long Radius Elbows / Shoe Branch","NWB_WBS02","07","07","07","SKIP","already-matches","instance","Shared Parameter","9214786","NWB_WBS02","String","False","1","1","45","MDUC","Ductwork","Ductwork","connected:d2:14893604:Air Terminals","NWB-ARC-WBH-AR-MOD-0035","PPT.07.183","Equipment Clean-Up, 14m2","PPT","","","PPT","","","WBH","HO","PPT","SI5","WBH-HO-07-PPT-ME-SI5"
"20260802_005303","NWB_PARAMETERS AutoFill","MECHANICAL DUCTWORK LAYOUT - LEVEL 07 - ZONE 153","model","selection","smart","Both","skip-other-users","15671517","Ducts","Rectangular Duct","","LEVEL 07","Exhaust Air","Flanged Long Radius Elbows / Shoe Branch","NWB_WBS04","ME","ME","ME","SKIP","already-matches","instance","Shared Parameter","9214762","NWB_WBS04","String","False","1","1","45","MDUC","Ductwork","Ductwork","connected:d2:14893604:Air Terminals","NWB-ARC-WBH-AR-MOD-0035","PPT.07.183","Equipment Clean-Up, 14m2","PPT","","","PPT","","","WBH","HO","PPT","SI5","WBH-HO-07-PPT-ME-SI5"
"20260802_005303","NWB_PARAMETERS AutoFill","MECHANICAL DUCTWORK LAYOUT - LEVEL 07 - ZONE 153","model","selection","smart","Both","skip-other-users","15671517","Ducts","Rectangular Duct","","LEVEL 07","Exhaust Air","Flanged Long Radius Elbows / Shoe Branch","NWB_WBS05","SI5","SI5","SI5","SKIP","already-matches","instance","Shared Parameter","9214810","NWB_WBS05","String","False","1","1","45","MDUC","Ductwork","Ductwork","connected:d2:14893604:Air Terminals","NWB-ARC-WBH-AR-MOD-0035","PPT.07.183","Equipment Clean-Up, 14m2","PPT","","","PPT","","","WBH","HO","PPT","SI5","WBH-HO-07-PPT-ME-SI5"
"20260802_005303","NWB_PARAMETERS AutoFill","MECHANICAL DUCTWORK LAYOUT - LEVEL 07 - ZONE 153","model","selection","smart","Both","skip-other-users","15671591","Duct Fittings","MHT-ME-DF-Rectangular Short Radius Bend - Flanged","","LEVEL 07","Exhaust Air","MHT-ME-DF-Rectangular Short Radius Bend - Flanged","NWB_AssetTypeCode","MDUC","MDUC","MDUC","SKIP","already-matches","instance","Shared Parameter","3045149","NWB_AssetTypeCode","String","False","2","2","45","MDUC","Ductwork","Ductwork","connected:d3:14953048:Air Terminals","NWB-ARC-WBH-AR-MOD-0035","PPT.07.170","Store - General","PPT","","","PPT","","","WBH","HO","PPT","SI5","WBH-HO-07-PPT-ME-SI5"
"20260802_005303","NWB_PARAMETERS AutoFill","MECHANICAL DUCTWORK LAYOUT - LEVEL 07 - ZONE 153","model","selection","smart","Both","skip-other-users","15671591","Duct Fittings","MHT-ME-DF-Rectangular Short Radius Bend - Flanged","","LEVEL 07","Exhaust Air","MHT-ME-DF-Rectangular Short Radius Bend - Flanged","NWB_AssetTypeCode","MDUC","MDUC","MDUC","SKIP","already-matches","instance","Shared Parameter","7626182","NWB_AssetTypeCode","String","False","2","2","45","MDUC","Ductwork","Ductwork","connected:d3:14953048:Air Terminals","NWB-ARC-WBH-AR-MOD-0035","PPT.07.170","Store - General","PPT","","","PPT","","","WBH","HO","PPT","SI5","WBH-HO-07-PPT-ME-SI5"
"20260802_005303","NWB_PARAMETERS AutoFill","MECHANICAL DUCTWORK LAYOUT - LEVEL 07 - ZONE 153","model","selection","smart","Both","skip-other-users","15671591","Duct Fittings","MHT-ME-DF-Rectangular Short Radius Bend - Flanged","","LEVEL 07","Exhaust Air","MHT-ME-DF-Rectangular Short Radius Bend - Flanged","NWB_AssetType","Ductwork","Ductwork","Ductwork","SKIP","already-matches","instance","Shared Parameter","3045150","NWB_AssetType","String","False","2","2","45","MDUC","Ductwork","Ductwork","connected:d3:14953048:Air Terminals","NWB-ARC-WBH-AR-MOD-0035","PPT.07.170","Store - General","PPT","","","PPT","","","WBH","HO","PPT","SI5","WBH-HO-07-PPT-ME-SI5"
"20260802_005303","NWB_PARAMETERS AutoFill","MECHANICAL DUCTWORK LAYOUT - LEVEL 07 - ZONE 153","model","selection","smart","Both","skip-other-users","15671591","Duct Fittings","MHT-ME-DF-Rectangular Short Radius Bend - Flanged","","LEVEL 07","Exhaust Air","MHT-ME-DF-Rectangular Short Radius Bend - Flanged","NWB_AssetType","Ductwork","Ductwork","Ductwork","SKIP","already-matches","instance","Shared Parameter","7626181","NWB_AssetType","String","False","2","2","45","MDUC","Ductwork","Ductwork","connected:d3:14953048:Air Terminals","NWB-ARC-WBH-AR-MOD-0035","PPT.07.170","Store - General","PPT","","","PPT","","","WBH","HO","PPT","SI5","WBH-HO-07-PPT-ME-SI5"
"20260802_005303","NWB_PARAMETERS AutoFill","MECHANICAL DUCTWORK LAYOUT - LEVEL 07 - ZONE 153","model","selection","smart","Both","skip-other-users","15671591","Duct Fittings","MHT-ME-DF-Rectangular Short Radius Bend - Flanged","","LEVEL 07","Exhaust Air","MHT-ME-DF-Rectangular Short Radius Bend - Flanged","NWB_Discipline","ME","ME","ME","SKIP","already-matches","instance","Shared Parameter","3045151","NWB_Discipline","String","False","2","2","45","MDUC","Ductwork","Ductwork","connected:d3:14953048:Air Terminals","NWB-ARC-WBH-AR-MOD-0035","PPT.07.170","Store - General","PPT","","","PPT","","","WBH","HO","PPT","SI5","WBH-HO-07-PPT-ME-SI5"
"20260802_005303","NWB_PARAMETERS AutoFill","MECHANICAL DUCTWORK LAYOUT - LEVEL 07 - ZONE 153","model","selection","smart","Both","skip-other-users","15671591","Duct Fittings","MHT-ME-DF-Rectangular Short Radius Bend - Flanged","","LEVEL 07","Exhaust Air","MHT-ME-DF-Rectangular Short Radius Bend - Flanged","NWB_Discipline","ME","ME","ME","SKIP","already-matches","instance","Shared Parameter","7626159","NWB_Discipline","String","False","2","2","45","MDUC","Ductwork","Ductwork","connected:d3:14953048:Air Terminals","NWB-ARC-WBH-AR-MOD-0035","PPT.07.170","Store - General","PPT","","","PPT","","","WBH","HO","PPT","SI5","WBH-HO-07-PPT-ME-SI5"
"20260802_005303","NWB_PARAMETERS AutoFill","MECHANICAL DUCTWORK LAYOUT - LEVEL 07 - ZONE 153","model","selection","smart","Both","skip-other-users","15671591","Duct Fittings","MHT-ME-DF-Rectangular Short Radius Bend - Flanged","","LEVEL 07","Exhaust Air","MHT-ME-DF-Rectangular Short Radius Bend - Flanged","NWB_Category","Ductwork","Ductwork","Ductwork","SKIP","already-matches","instance","Shared Parameter","3045152","NWB_Category","String","False","2","2","45","MDUC","Ductwork","Ductwork","connected:d3:14953048:Air Terminals","NWB-ARC-WBH-AR-MOD-0035","PPT.07.170","Store - General","PPT","","","PPT","","","WBH","HO","PPT","SI5","WBH-HO-07-PPT-ME-SI5"
"20260802_005303","NWB_PARAMETERS AutoFill","MECHANICAL DUCTWORK LAYOUT - LEVEL 07 - ZONE 153","model","selection","smart","Both","skip-other-users","15671591","Duct Fittings","MHT-ME-DF-Rectangular Short Radius Bend - Flanged","","LEVEL 07","Exhaust Air","MHT-ME-DF-Rectangular Short Radius Bend - Flanged","NWB_Category","Ductwork","Ductwork","Ductwork","SKIP","already-matches","instance","Shared Parameter","7626160","NWB_Category","String","False","2","2","45","MDUC","Ductwork","Ductwork","connected:d3:14953048:Air Terminals","NWB-ARC-WBH-AR-MOD-0035","PPT.07.170","Store - General","PPT","","","PPT","","","WBH","HO","PPT","SI5","WBH-HO-07-PPT-ME-SI5"
"20260802_005303","NWB_PARAMETERS AutoFill","MECHANICAL DUCTWORK LAYOUT - LEVEL 07 - ZONE 153","model","selection","smart","Both","skip-other-users","15671591","Duct Fittings","MHT-ME-DF-Rectangular Short Radius Bend - Flanged","","LEVEL 07","Exhaust Air","MHT-ME-DF-Rectangular Short Radius Bend - Flanged","NWB_Material","","","","SKIP","workbook material blank and model material missing","","","","NWB_Material","","","","","45","MDUC","Ductwork","Ductwork","connected:d3:14953048:Air Terminals","NWB-ARC-WBH-AR-MOD-0035","PPT.07.170","Store - General","PPT","","","PPT","","","WBH","HO","PPT","SI5","WBH-HO-07-PPT-ME-SI5"
"20260802_005303","NWB_PARAMETERS AutoFill","MECHANICAL DUCTWORK LAYOUT - LEVEL 07 - ZONE 153","model","selection","smart","Both","skip-other-users","15671591","Duct Fittings","MHT-ME-DF-Rectangular Short Radius Bend - Flanged","","LEVEL 07","Exhaust Air","MHT-ME-DF-Rectangular Short Radius Bend - Flanged","NWB_System","Exhaust Air","Exhaust Air","Exhaust Air","SKIP","already-matches","instance","Shared Parameter","3045155","NWB_System","String","False","2","2","45","MDUC","Ductwork","Ductwork","connected:d3:14953048:Air Terminals","NWB-ARC-WBH-AR-MOD-0035","PPT.07.170","Store - General","PPT","","","PPT","","","WBH","HO","PPT","SI5","WBH-HO-07-PPT-ME-SI5"
"20260802_005303","NWB_PARAMETERS AutoFill","MECHANICAL DUCTWORK LAYOUT - LEVEL 07 - ZONE 153","model","selection","smart","Both","skip-other-users","15671591","Duct Fittings","MHT-ME-DF-Rectangular Short Radius Bend - Flanged","","LEVEL 07","Exhaust Air","MHT-ME-DF-Rectangular Short Radius Bend - Flanged","NWB_System","Exhaust Air","Exhaust Air","Exhaust Air","SKIP","already-matches","instance","Shared Parameter","7626163","NWB_System","String","False","2","2","45","MDUC","Ductwork","Ductwork","connected:d3:14953048:Air Terminals","NWB-ARC-WBH-AR-MOD-0035","PPT.07.170","Store - General","PPT","","","PPT","","","WBH","HO","PPT","SI5","WBH-HO-07-PPT-ME-SI5"
"20260802_005303","NWB_PARAMETERS AutoFill","MECHANICAL DUCTWORK LAYOUT - LEVEL 07 - ZONE 153","model","selection","smart","Both","skip-other-users","15671591","Duct Fittings","MHT-ME-DF-Rectangular Short Radius Bend - Flanged","","LEVEL 07","Exhaust Air","MHT-ME-DF-Rectangular Short Radius Bend - Flanged","NWB_UniclassCode","Pr_65_65_25","Pr_65_65_25","Pr_65_65_25","SKIP","already-matches","instance","Shared Parameter","3045156","NWB_UniclassCode","String","False","2","2","45","MDUC","Ductwork","Ductwork","connected:d3:14953048:Air Terminals","NWB-ARC-WBH-AR-MOD-0035","PPT.07.170","Store - General","PPT","","","PPT","","","WBH","HO","PPT","SI5","WBH-HO-07-PPT-ME-SI5"
"20260802_005303","NWB_PARAMETERS AutoFill","MECHANICAL DUCTWORK LAYOUT - LEVEL 07 - ZONE 153","model","selection","smart","Both","skip-other-users","15671591","Duct Fittings","MHT-ME-DF-Rectangular Short Radius Bend - Flanged","","LEVEL 07","Exhaust Air","MHT-ME-DF-Rectangular Short Radius Bend - Flanged","NWB_UniclassCode","Pr_65_65_25","Pr_65_65_25","Pr_65_65_25","SKIP","already-matches","instance","Shared Parameter","7626165","NWB_UniclassCode","String","False","2","2","45","MDUC","Ductwork","Ductwork","connected:d3:14953048:Air Terminals","NWB-ARC-WBH-AR-MOD-0035","PPT.07.170","Store - General","PPT","","","PPT","","","WBH","HO","PPT","SI5","WBH-HO-07-PPT-ME-SI5"
"20260802_005303","NWB_PARAMETERS AutoFill","MECHANICAL DUCTWORK LAYOUT - LEVEL 07 - ZONE 153","model","selection","smart","Both","skip-other-users","15671591","Duct Fittings","MHT-ME-DF-Rectangular Short Radius Bend - Flanged","","LEVEL 07","Exhaust Air","MHT-ME-DF-Rectangular Short Radius Bend - Flanged","NWB_UniclassDescription","Ductwork and fittings","Ductwork and fittings","Ductwork and fittings","SKIP","already-matches","instance","Shared Parameter","3045157","NWB_UniclassDescription","String","False","2","2","45","MDUC","Ductwork","Ductwork","connected:d3:14953048:Air Terminals","NWB-ARC-WBH-AR-MOD-0035","PPT.07.170","Store - General","PPT","","","PPT","","","WBH","HO","PPT","SI5","WBH-HO-07-PPT-ME-SI5"
"20260802_005303","NWB_PARAMETERS AutoFill","MECHANICAL DUCTWORK LAYOUT - LEVEL 07 - ZONE 153","model","selection","smart","Both","skip-other-users","15671591","Duct Fittings","MHT-ME-DF-Rectangular Short Radius Bend - Flanged","","LEVEL 07","Exhaust Air","MHT-ME-DF-Rectangular Short Radius Bend - Flanged","NWB_UniclassDescription","Ductwork and fittings","Ductwork and fittings","Ductwork and fittings","SKIP","already-matches","instance","Shared Parameter","7626166","NWB_UniclassDescription","String","False","2","2","45","MDUC","Ductwork","Ductwork","connected:d3:14953048:Air Terminals","NWB-ARC-WBH-AR-MOD-0035","PPT.07.170","Store - General","PPT","","","PPT","","","WBH","HO","PPT","SI5","WBH-HO-07-PPT-ME-SI5"
"20260802_005303","NWB_PARAMETERS AutoFill","MECHANICAL DUCTWORK LAYOUT - LEVEL 07 - ZONE 153","model","selection","smart","Both","skip-other-users","15671591","Duct Fittings","MHT-ME-DF-Rectangular Short Radius Bend - Flanged","","LEVEL 07","Exhaust Air","MHT-ME-DF-Rectangular Short Radius Bend - Flanged","NWB_DesignPkg","NWB-GEN-ME-SCM-1091-A","NWB-GEN-ME-SCM-1091-A","NWB-GEN-ME-SCM-1091-A","SKIP","already-matches","instance","Shared Parameter","3045158","NWB_DesignPkg","String","False","2","2","45","MDUC","Ductwork","Ductwork","connected:d3:14953048:Air Terminals","NWB-ARC-WBH-AR-MOD-0035","PPT.07.170","Store - General","PPT","","","PPT","","","WBH","HO","PPT","SI5","WBH-HO-07-PPT-ME-SI5"
"20260802_005303","NWB_PARAMETERS AutoFill","MECHANICAL DUCTWORK LAYOUT - LEVEL 07 - ZONE 153","model","selection","smart","Both","skip-other-users","15671591","Duct Fittings","MHT-ME-DF-Rectangular Short Radius Bend - Flanged","","LEVEL 07","Exhaust Air","MHT-ME-DF-Rectangular Short Radius Bend - Flanged","NWB_DesignPkg","NWB-GEN-ME-SCM-1091-A","NWB-GEN-ME-SCM-1091-A","NWB-GEN-ME-SCM-1091-A","SKIP","already-matches","instance","Shared Parameter","7626167","NWB_DesignPkg","String","False","2","2","45","MDUC","Ductwork","Ductwork","connected:d3:14953048:Air Terminals","NWB-ARC-WBH-AR-MOD-0035","PPT.07.170","Store - General","PPT","","","PPT","","","WBH","HO","PPT","SI5","WBH-HO-07-PPT-ME-SI5"
"20260802_005303","NWB_PARAMETERS AutoFill","MECHANICAL DUCTWORK LAYOUT - LEVEL 07 - ZONE 153","model","selection","smart","Both","skip-other-users","15671591","Duct Fittings","MHT-ME-DF-Rectangular Short Radius Bend - Flanged","","LEVEL 07","Exhaust Air","MHT-ME-DF-Rectangular Short Radius Bend - Flanged","NWB_BuildingPermitPkg","WBH - BP09","","","SKIP","missing","","","","NWB_BuildingPermitPkg","","","0","0","45","MDUC","Ductwork","Ductwork","connected:d3:14953048:Air Terminals","NWB-ARC-WBH-AR-MOD-0035","PPT.07.170","Store - General","PPT","","","PPT","","","WBH","HO","PPT","SI5","WBH-HO-07-PPT-ME-SI5"
"20260802_005303","NWB_PARAMETERS AutoFill","MECHANICAL DUCTWORK LAYOUT - LEVEL 07 - ZONE 153","model","selection","smart","Both","skip-other-users","15671591","Duct Fittings","MHT-ME-DF-Rectangular Short Radius Bend - Flanged","","LEVEL 07","Exhaust Air","MHT-ME-DF-Rectangular Short Radius Bend - Flanged","NWB_WBS00","WBH","WBH","WBH","SKIP","already-matches","instance","Shared Parameter","9214738","NWB_WBS00","String","False","1","1","45","MDUC","Ductwork","Ductwork","connected:d3:14953048:Air Terminals","NWB-ARC-WBH-AR-MOD-0035","PPT.07.170","Store - General","PPT","","","PPT","","","WBH","HO","PPT","SI5","WBH-HO-07-PPT-ME-SI5"
"20260802_005303","NWB_PARAMETERS AutoFill","MECHANICAL DUCTWORK LAYOUT - LEVEL 07 - ZONE 153","model","selection","smart","Both","skip-other-users","15671591","Duct Fittings","MHT-ME-DF-Rectangular Short Radius Bend - Flanged","","LEVEL 07","Exhaust Air","MHT-ME-DF-Rectangular Short Radius Bend - Flanged","NWB_WBS01","HO","HO","HO","SKIP","already-matches","instance","Shared Parameter","9214798","NWB_WBS01","String","False","1","1","45","MDUC","Ductwork","Ductwork","connected:d3:14953048:Air Terminals","NWB-ARC-WBH-AR-MOD-0035","PPT.07.170","Store - General","PPT","","","PPT","","","WBH","HO","PPT","SI5","WBH-HO-07-PPT-ME-SI5"
"20260802_005303","NWB_PARAMETERS AutoFill","MECHANICAL DUCTWORK LAYOUT - LEVEL 07 - ZONE 153","model","selection","smart","Both","skip-other-users","15671591","Duct Fittings","MHT-ME-DF-Rectangular Short Radius Bend - Flanged","","LEVEL 07","Exhaust Air","MHT-ME-DF-Rectangular Short Radius Bend - Flanged","NWB_WBS02","07","07","07","SKIP","already-matches","instance","Shared Parameter","9214786","NWB_WBS02","String","False","1","1","45","MDUC","Ductwork","Ductwork","connected:d3:14953048:Air Terminals","NWB-ARC-WBH-AR-MOD-0035","PPT.07.170","Store - General","PPT","","","PPT","","","WBH","HO","PPT","SI5","WBH-HO-07-PPT-ME-SI5"
"20260802_005303","NWB_PARAMETERS AutoFill","MECHANICAL DUCTWORK LAYOUT - LEVEL 07 - ZONE 153","model","selection","smart","Both","skip-other-users","15671591","Duct Fittings","MHT-ME-DF-Rectangular Short Radius Bend - Flanged","","LEVEL 07","Exhaust Air","MHT-ME-DF-Rectangular Short Radius Bend - Flanged","NWB_WBS04","ME","ME","ME","SKIP","already-matches","instance","Shared Parameter","9214762","NWB_WBS04","String","False","1","1","45","MDUC","Ductwork","Ductwork","connected:d3:14953048:Air Terminals","NWB-ARC-WBH-AR-MOD-0035","PPT.07.170","Store - General","PPT","","","PPT","","","WBH","HO","PPT","SI5","WBH-HO-07-PPT-ME-SI5"
"20260802_005303","NWB_PARAMETERS AutoFill","MECHANICAL DUCTWORK LAYOUT - LEVEL 07 - ZONE 153","model","selection","smart","Both","skip-other-users","15671591","Duct Fittings","MHT-ME-DF-Rectangular Short Radius Bend - Flanged","","LEVEL 07","Exhaust Air","MHT-ME-DF-Rectangular Short Radius Bend - Flanged","NWB_WBS05","SI5","SI5","SI5","SKIP","already-matches","instance","Shared Parameter","9214810","NWB_WBS05","String","False","1","1","45","MDUC","Ductwork","Ductwork","connected:d3:14953048:Air Terminals","NWB-ARC-WBH-AR-MOD-0035","PPT.07.170","Store - General","PPT","","","PPT","","","WBH","HO","PPT","SI5","WBH-HO-07-PPT-ME-SI5"
"20260802_005303","NWB_PARAMETERS AutoFill","MECHANICAL DUCTWORK LAYOUT - LEVEL 07 - ZONE 153","model","selection","smart","Both","skip-other-users","15673154","Duct Accessories","MHT-ME-Fire Damper-02","","LEVEL 07","Exhaust Air","MHT-ME-FAM-FAM-Fire Damper","NWB_AssetTypeCode","MDUC","MDUC","MDUC","SKIP","already-matches","instance","Shared Parameter","7626182","NWB_AssetTypeCode","String","False","1","1","37","MDUC","Ductwork","Ductwork","connected:d2:14893475:Air Terminals","NWB-ARC-WBH-AR-MOD-0035","PAT.07.062","Clean-Up Room, 10m2","PAT","","","PAT","","","WBH","HO","PAT","SI5","WBH-HO-07-PAT-ME-SI5"
"20260802_005303","NWB_PARAMETERS AutoFill","MECHANICAL DUCTWORK LAYOUT - LEVEL 07 - ZONE 153","model","selection","smart","Both","skip-other-users","15673154","Duct Accessories","MHT-ME-Fire Damper-02","","LEVEL 07","Exhaust Air","MHT-ME-FAM-FAM-Fire Damper","NWB_AssetType","Ductwork","Ductwork","Ductwork","SKIP","already-matches","instance","Shared Parameter","7626181","NWB_AssetType","String","False","1","1","37","MDUC","Ductwork","Ductwork","connected:d2:14893475:Air Terminals","NWB-ARC-WBH-AR-MOD-0035","PAT.07.062","Clean-Up Room, 10m2","PAT","","","PAT","","","WBH","HO","PAT","SI5","WBH-HO-07-PAT-ME-SI5"
"20260802_005303","NWB_PARAMETERS AutoFill","MECHANICAL DUCTWORK LAYOUT - LEVEL 07 - ZONE 153","model","selection","smart","Both","skip-other-users","15673154","Duct Accessories","MHT-ME-Fire Damper-02","","LEVEL 07","Exhaust Air","MHT-ME-FAM-FAM-Fire Damper","NWB_Discipline","ME","ME","ME","SKIP","already-matches","instance","Shared Parameter","7626159","NWB_Discipline","String","False","1","1","37","MDUC","Ductwork","Ductwork","connected:d2:14893475:Air Terminals","NWB-ARC-WBH-AR-MOD-0035","PAT.07.062","Clean-Up Room, 10m2","PAT","","","PAT","","","WBH","HO","PAT","SI5","WBH-HO-07-PAT-ME-SI5"
"20260802_005303","NWB_PARAMETERS AutoFill","MECHANICAL DUCTWORK LAYOUT - LEVEL 07 - ZONE 153","model","selection","smart","Both","skip-other-users","15673154","Duct Accessories","MHT-ME-Fire Damper-02","","LEVEL 07","Exhaust Air","MHT-ME-FAM-FAM-Fire Damper","NWB_Category","Ductwork","Ductwork","Ductwork","SKIP","already-matches","instance","Shared Parameter","7626160","NWB_Category","String","False","1","1","37","MDUC","Ductwork","Ductwork","connected:d2:14893475:Air Terminals","NWB-ARC-WBH-AR-MOD-0035","PAT.07.062","Clean-Up Room, 10m2","PAT","","","PAT","","","WBH","HO","PAT","SI5","WBH-HO-07-PAT-ME-SI5"
"20260802_005303","NWB_PARAMETERS AutoFill","MECHANICAL DUCTWORK LAYOUT - LEVEL 07 - ZONE 153","model","selection","smart","Both","skip-other-users","15673154","Duct Accessories","MHT-ME-Fire Damper-02","","LEVEL 07","Exhaust Air","MHT-ME-FAM-FAM-Fire Damper","NWB_Material","","","","SKIP","workbook material blank and model material missing","","","","NWB_Material","","","","","37","MDUC","Ductwork","Ductwork","connected:d2:14893475:Air Terminals","NWB-ARC-WBH-AR-MOD-0035","PAT.07.062","Clean-Up Room, 10m2","PAT","","","PAT","","","WBH","HO","PAT","SI5","WBH-HO-07-PAT-ME-SI5"
"20260802_005303","NWB_PARAMETERS AutoFill","MECHANICAL DUCTWORK LAYOUT - LEVEL 07 - ZONE 153","model","selection","smart","Both","skip-other-users","15673154","Duct Accessories","MHT-ME-Fire Damper-02","","LEVEL 07","Exhaust Air","MHT-ME-FAM-FAM-Fire Damper","NWB_System","Exhaust Air","Exhaust Air","Exhaust Air","SKIP","already-matches","instance","Shared Parameter","7626163","NWB_System","String","False","1","1","37","MDUC","Ductwork","Ductwork","connected:d2:14893475:Air Terminals","NWB-ARC-WBH-AR-MOD-0035","PAT.07.062","Clean-Up Room, 10m2","PAT","","","PAT","","","WBH","HO","PAT","SI5","WBH-HO-07-PAT-ME-SI5"
"20260802_005303","NWB_PARAMETERS AutoFill","MECHANICAL DUCTWORK LAYOUT - LEVEL 07 - ZONE 153","model","selection","smart","Both","skip-other-users","15673154","Duct Accessories","MHT-ME-Fire Damper-02","","LEVEL 07","Exhaust Air","MHT-ME-FAM-FAM-Fire Damper","NWB_UniclassCode","Pr_65_65_25","Pr_65_65_25","Pr_65_65_25","SKIP","already-matches","instance","Shared Parameter","7626165","NWB_UniclassCode","String","False","1","1","37","MDUC","Ductwork","Ductwork","connected:d2:14893475:Air Terminals","NWB-ARC-WBH-AR-MOD-0035","PAT.07.062","Clean-Up Room, 10m2","PAT","","","PAT","","","WBH","HO","PAT","SI5","WBH-HO-07-PAT-ME-SI5"
"20260802_005303","NWB_PARAMETERS AutoFill","MECHANICAL DUCTWORK LAYOUT - LEVEL 07 - ZONE 153","model","selection","smart","Both","skip-other-users","15673154","Duct Accessories","MHT-ME-Fire Damper-02","","LEVEL 07","Exhaust Air","MHT-ME-FAM-FAM-Fire Damper","NWB_UniclassDescription","Ductwork and fittings","Ductwork and fittings","Ductwork and fittings","SKIP","already-matches","instance","Shared Parameter","7626166","NWB_UniclassDescription","String","False","1","1","37","MDUC","Ductwork","Ductwork","connected:d2:14893475:Air Terminals","NWB-ARC-WBH-AR-MOD-0035","PAT.07.062","Clean-Up Room, 10m2","PAT","","","PAT","","","WBH","HO","PAT","SI5","WBH-HO-07-PAT-ME-SI5"
"20260802_005303","NWB_PARAMETERS AutoFill","MECHANICAL DUCTWORK LAYOUT - LEVEL 07 - ZONE 153","model","selection","smart","Both","skip-other-users","15673154","Duct Accessories","MHT-ME-Fire Damper-02","","LEVEL 07","Exhaust Air","MHT-ME-FAM-FAM-Fire Damper","NWB_DesignPkg","NWB-GEN-ME-SCM-1091-A","NWB-GEN-ME-SCM-1091-A","NWB-GEN-ME-SCM-1091-A","SKIP","already-matches","instance","Shared Parameter","7626167","NWB_DesignPkg","String","False","1","1","37","MDUC","Ductwork","Ductwork","connected:d2:14893475:Air Terminals","NWB-ARC-WBH-AR-MOD-0035","PAT.07.062","Clean-Up Room, 10m2","PAT","","","PAT","","","WBH","HO","PAT","SI5","WBH-HO-07-PAT-ME-SI5"
"20260802_005303","NWB_PARAMETERS AutoFill","MECHANICAL DUCTWORK LAYOUT - LEVEL 07 - ZONE 153","model","selection","smart","Both","skip-other-users","15673154","Duct Accessories","MHT-ME-Fire Damper-02","","LEVEL 07","Exhaust Air","MHT-ME-FAM-FAM-Fire Damper","NWB_BuildingPermitPkg","WBH - BP09","","","SKIP","missing","","","","NWB_BuildingPermitPkg","","","0","0","37","MDUC","Ductwork","Ductwork","connected:d2:14893475:Air Terminals","NWB-ARC-WBH-AR-MOD-0035","PAT.07.062","Clean-Up Room, 10m2","PAT","","","PAT","","","WBH","HO","PAT","SI5","WBH-HO-07-PAT-ME-SI5"
"20260802_005303","NWB_PARAMETERS AutoFill","MECHANICAL DUCTWORK LAYOUT - LEVEL 07 - ZONE 153","model","selection","smart","Both","skip-other-users","15673154","Duct Accessories","MHT-ME-Fire Damper-02","","LEVEL 07","Exhaust Air","MHT-ME-FAM-FAM-Fire Damper","NWB_WBS00","WBH","WBH","WBH","SKIP","already-matches","instance","Shared Parameter","9214738","NWB_WBS00","String","False","1","1","37","MDUC","Ductwork","Ductwork","connected:d2:14893475:Air Terminals","NWB-ARC-WBH-AR-MOD-0035","PAT.07.062","Clean-Up Room, 10m2","PAT","","","PAT","","","WBH","HO","PAT","SI5","WBH-HO-07-PAT-ME-SI5"
"20260802_005303","NWB_PARAMETERS AutoFill","MECHANICAL DUCTWORK LAYOUT - LEVEL 07 - ZONE 153","model","selection","smart","Both","skip-other-users","15673154","Duct Accessories","MHT-ME-Fire Damper-02","","LEVEL 07","Exhaust Air","MHT-ME-FAM-FAM-Fire Damper","NWB_WBS01","HO","HO","HO","SKIP","already-matches","instance","Shared Parameter","9214798","NWB_WBS01","String","False","1","1","37","MDUC","Ductwork","Ductwork","connected:d2:14893475:Air Terminals","NWB-ARC-WBH-AR-MOD-0035","PAT.07.062","Clean-Up Room, 10m2","PAT","","","PAT","","","WBH","HO","PAT","SI5","WBH-HO-07-PAT-ME-SI5"
"20260802_005303","NWB_PARAMETERS AutoFill","MECHANICAL DUCTWORK LAYOUT - LEVEL 07 - ZONE 153","model","selection","smart","Both","skip-other-users","15673154","Duct Accessories","MHT-ME-Fire Damper-02","","LEVEL 07","Exhaust Air","MHT-ME-FAM-FAM-Fire Damper","NWB_WBS02","07","07","07","SKIP","already-matches","instance","Shared Parameter","9214786","NWB_WBS02","String","False","1","1","37","MDUC","Ductwork","Ductwork","connected:d2:14893475:Air Terminals","NWB-ARC-WBH-AR-MOD-0035","PAT.07.062","Clean-Up Room, 10m2","PAT","","","PAT","","","WBH","HO","PAT","SI5","WBH-HO-07-PAT-ME-SI5"
"20260802_005303","NWB_PARAMETERS AutoFill","MECHANICAL DUCTWORK LAYOUT - LEVEL 07 - ZONE 153","model","selection","smart","Both","skip-other-users","15673154","Duct Accessories","MHT-ME-Fire Damper-02","","LEVEL 07","Exhaust Air","MHT-ME-FAM-FAM-Fire Damper","NWB_WBS04","ME","ME","ME","SKIP","already-matches","instance","Shared Parameter","9214762","NWB_WBS04","String","False","1","1","37","MDUC","Ductwork","Ductwork","connected:d2:14893475:Air Terminals","NWB-ARC-WBH-AR-MOD-0035","PAT.07.062","Clean-Up Room, 10m2","PAT","","","PAT","","","WBH","HO","PAT","SI5","WBH-HO-07-PAT-ME-SI5"
"20260802_005303","NWB_PARAMETERS AutoFill","MECHANICAL DUCTWORK LAYOUT - LEVEL 07 - ZONE 153","model","selection","smart","Both","skip-other-users","15673154","Duct Accessories","MHT-ME-Fire Damper-02","","LEVEL 07","Exhaust Air","MHT-ME-FAM-FAM-Fire Damper","NWB_WBS05","SI5","SI5","SI5","SKIP","already-matches","instance","Shared Parameter","9214810","NWB_WBS05","String","False","1","1","37","MDUC","Ductwork","Ductwork","connected:d2:14893475:Air Terminals","NWB-ARC-WBH-AR-MOD-0035","PAT.07.062","Clean-Up Room, 10m2","PAT","","","PAT","","","WBH","HO","PAT","SI5","WBH-HO-07-PAT-ME-SI5"
"20260802_005303","NWB_PARAMETERS AutoFill","MECHANICAL DUCTWORK LAYOUT - LEVEL 07 - ZONE 153","model","selection","smart","Both","skip-other-users","15673192","Duct Accessories","MHT-ME-Fire Damper-02","","LEVEL 07","Exhaust Air","MHT-ME-FAM-FAM-Fire Damper","NWB_AssetTypeCode","MDUC","MDUC","MDUC","SKIP","already-matches","instance","Shared Parameter","7626182","NWB_AssetTypeCode","String","False","1","1","37","MDUC","Ductwork","Ductwork","connected:d3:14953025:Air Terminals","NWB-ARC-WBH-AR-MOD-0035","PPT.07.182","Store - General","PPT","","","PPT","","","WBH","HO","PPT","SI5","WBH-HO-07-PPT-ME-SI5"
"20260802_005303","NWB_PARAMETERS AutoFill","MECHANICAL DUCTWORK LAYOUT - LEVEL 07 - ZONE 153","model","selection","smart","Both","skip-other-users","15673192","Duct Accessories","MHT-ME-Fire Damper-02","","LEVEL 07","Exhaust Air","MHT-ME-FAM-FAM-Fire Damper","NWB_AssetType","Ductwork","Ductwork","Ductwork","SKIP","already-matches","instance","Shared Parameter","7626181","NWB_AssetType","String","False","1","1","37","MDUC","Ductwork","Ductwork","connected:d3:14953025:Air Terminals","NWB-ARC-WBH-AR-MOD-0035","PPT.07.182","Store - General","PPT","","","PPT","","","WBH","HO","PPT","SI5","WBH-HO-07-PPT-ME-SI5"
"20260802_005303","NWB_PARAMETERS AutoFill","MECHANICAL DUCTWORK LAYOUT - LEVEL 07 - ZONE 153","model","selection","smart","Both","skip-other-users","15673192","Duct Accessories","MHT-ME-Fire Damper-02","","LEVEL 07","Exhaust Air","MHT-ME-FAM-FAM-Fire Damper","NWB_Discipline","ME","ME","ME","SKIP","already-matches","instance","Shared Parameter","7626159","NWB_Discipline","String","False","1","1","37","MDUC","Ductwork","Ductwork","connected:d3:14953025:Air Terminals","NWB-ARC-WBH-AR-MOD-0035","PPT.07.182","Store - General","PPT","","","PPT","","","WBH","HO","PPT","SI5","WBH-HO-07-PPT-ME-SI5"
"20260802_005303","NWB_PARAMETERS AutoFill","MECHANICAL DUCTWORK LAYOUT - LEVEL 07 - ZONE 153","model","selection","smart","Both","skip-other-users","15673192","Duct Accessories","MHT-ME-Fire Damper-02","","LEVEL 07","Exhaust Air","MHT-ME-FAM-FAM-Fire Damper","NWB_Category","Ductwork","Ductwork","Ductwork","SKIP","already-matches","instance","Shared Parameter","7626160","NWB_Category","String","False","1","1","37","MDUC","Ductwork","Ductwork","connected:d3:14953025:Air Terminals","NWB-ARC-WBH-AR-MOD-0035","PPT.07.182","Store - General","PPT","","","PPT","","","WBH","HO","PPT","SI5","WBH-HO-07-PPT-ME-SI5"
"20260802_005303","NWB_PARAMETERS AutoFill","MECHANICAL DUCTWORK LAYOUT - LEVEL 07 - ZONE 153","model","selection","smart","Both","skip-other-users","15673192","Duct Accessories","MHT-ME-Fire Damper-02","","LEVEL 07","Exhaust Air","MHT-ME-FAM-FAM-Fire Damper","NWB_Material","","","","SKIP","workbook material blank and model material missing","","","","NWB_Material","","","","","37","MDUC","Ductwork","Ductwork","connected:d3:14953025:Air Terminals","NWB-ARC-WBH-AR-MOD-0035","PPT.07.182","Store - General","PPT","","","PPT","","","WBH","HO","PPT","SI5","WBH-HO-07-PPT-ME-SI5"
"20260802_005303","NWB_PARAMETERS AutoFill","MECHANICAL DUCTWORK LAYOUT - LEVEL 07 - ZONE 153","model","selection","smart","Both","skip-other-users","15673192","Duct Accessories","MHT-ME-Fire Damper-02","","LEVEL 07","Exhaust Air","MHT-ME-FAM-FAM-Fire Damper","NWB_System","Exhaust Air","Exhaust Air","Exhaust Air","SKIP","already-matches","instance","Shared Parameter","7626163","NWB_System","String","False","1","1","37","MDUC","Ductwork","Ductwork","connected:d3:14953025:Air Terminals","NWB-ARC-WBH-AR-MOD-0035","PPT.07.182","Store - General","PPT","","","PPT","","","WBH","HO","PPT","SI5","WBH-HO-07-PPT-ME-SI5"
"20260802_005303","NWB_PARAMETERS AutoFill","MECHANICAL DUCTWORK LAYOUT - LEVEL 07 - ZONE 153","model","selection","smart","Both","skip-other-users","15673192","Duct Accessories","MHT-ME-Fire Damper-02","","LEVEL 07","Exhaust Air","MHT-ME-FAM-FAM-Fire Damper","NWB_UniclassCode","Pr_65_65_25","Pr_65_65_25","Pr_65_65_25","SKIP","already-matches","instance","Shared Parameter","7626165","NWB_UniclassCode","String","False","1","1","37","MDUC","Ductwork","Ductwork","connected:d3:14953025:Air Terminals","NWB-ARC-WBH-AR-MOD-0035","PPT.07.182","Store - General","PPT","","","PPT","","","WBH","HO","PPT","SI5","WBH-HO-07-PPT-ME-SI5"
"20260802_005303","NWB_PARAMETERS AutoFill","MECHANICAL DUCTWORK LAYOUT - LEVEL 07 - ZONE 153","model","selection","smart","Both","skip-other-users","15673192","Duct Accessories","MHT-ME-Fire Damper-02","","LEVEL 07","Exhaust Air","MHT-ME-FAM-FAM-Fire Damper","NWB_UniclassDescription","Ductwork and fittings","Ductwork and fittings","Ductwork and fittings","SKIP","already-matches","instance","Shared Parameter","7626166","NWB_UniclassDescription","String","False","1","1","37","MDUC","Ductwork","Ductwork","connected:d3:14953025:Air Terminals","NWB-ARC-WBH-AR-MOD-0035","PPT.07.182","Store - General","PPT","","","PPT","","","WBH","HO","PPT","SI5","WBH-HO-07-PPT-ME-SI5"
"20260802_005303","NWB_PARAMETERS AutoFill","MECHANICAL DUCTWORK LAYOUT - LEVEL 07 - ZONE 153","model","selection","smart","Both","skip-other-users","15673192","Duct Accessories","MHT-ME-Fire Damper-02","","LEVEL 07","Exhaust Air","MHT-ME-FAM-FAM-Fire Damper","NWB_DesignPkg","NWB-GEN-ME-SCM-1091-A","NWB-GEN-ME-SCM-1091-A","NWB-GEN-ME-SCM-1091-A","SKIP","already-matches","instance","Shared Parameter","7626167","NWB_DesignPkg","String","False","1","1","37","MDUC","Ductwork","Ductwork","connected:d3:14953025:Air Terminals","NWB-ARC-WBH-AR-MOD-0035","PPT.07.182","Store - General","PPT","","","PPT","","","WBH","HO","PPT","SI5","WBH-HO-07-PPT-ME-SI5"
"20260802_005303","NWB_PARAMETERS AutoFill","MECHANICAL DUCTWORK LAYOUT - LEVEL 07 - ZONE 153","model","selection","smart","Both","skip-other-users","15673192","Duct Accessories","MHT-ME-Fire Damper-02","","LEVEL 07","Exhaust Air","MHT-ME-FAM-FAM-Fire Damper","NWB_BuildingPermitPkg","WBH - BP09","","","SKIP","missing","","","","NWB_BuildingPermitPkg","","","0","0","37","MDUC","Ductwork","Ductwork","connected:d3:14953025:Air Terminals","NWB-ARC-WBH-AR-MOD-0035","PPT.07.182","Store - General","PPT","","","PPT","","","WBH","HO","PPT","SI5","WBH-HO-07-PPT-ME-SI5"
"20260802_005303","NWB_PARAMETERS AutoFill","MECHANICAL DUCTWORK LAYOUT - LEVEL 07 - ZONE 153","model","selection","smart","Both","skip-other-users","15673192","Duct Accessories","MHT-ME-Fire Damper-02","","LEVEL 07","Exhaust Air","MHT-ME-FAM-FAM-Fire Damper","NWB_WBS00","WBH","WBH","WBH","SKIP","already-matches","instance","Shared Parameter","9214738","NWB_WBS00","String","False","1","1","37","MDUC","Ductwork","Ductwork","connected:d3:14953025:Air Terminals","NWB-ARC-WBH-AR-MOD-0035","PPT.07.182","Store - General","PPT","","","PPT","","","WBH","HO","PPT","SI5","WBH-HO-07-PPT-ME-SI5"
"20260802_005303","NWB_PARAMETERS AutoFill","MECHANICAL DUCTWORK LAYOUT - LEVEL 07 - ZONE 153","model","selection","smart","Both","skip-other-users","15673192","Duct Accessories","MHT-ME-Fire Damper-02","","LEVEL 07","Exhaust Air","MHT-ME-FAM-FAM-Fire Damper","NWB_WBS01","HO","HO","HO","SKIP","already-matches","instance","Shared Parameter","9214798","NWB_WBS01","String","False","1","1","37","MDUC","Ductwork","Ductwork","connected:d3:14953025:Air Terminals","NWB-ARC-WBH-AR-MOD-0035","PPT.07.182","Store - General","PPT","","","PPT","","","WBH","HO","PPT","SI5","WBH-HO-07-PPT-ME-SI5"
"20260802_005303","NWB_PARAMETERS AutoFill","MECHANICAL DUCTWORK LAYOUT - LEVEL 07 - ZONE 153","model","selection","smart","Both","skip-other-users","15673192","Duct Accessories","MHT-ME-Fire Damper-02","","LEVEL 07","Exhaust Air","MHT-ME-FAM-FAM-Fire Damper","NWB_WBS02","07","07","07","SKIP","already-matches","instance","Shared Parameter","9214786","NWB_WBS02","String","False","1","1","37","MDUC","Ductwork","Ductwork","connected:d3:14953025:Air Terminals","NWB-ARC-WBH-AR-MOD-0035","PPT.07.182","Store - General","PPT","","","PPT","","","WBH","HO","PPT","SI5","WBH-HO-07-PPT-ME-SI5"
"20260802_005303","NWB_PARAMETERS AutoFill","MECHANICAL DUCTWORK LAYOUT - LEVEL 07 - ZONE 153","model","selection","smart","Both","skip-other-users","15673192","Duct Accessories","MHT-ME-Fire Damper-02","","LEVEL 07","Exhaust Air","MHT-ME-FAM-FAM-Fire Damper","NWB_WBS04","ME","ME","ME","SKIP","already-matches","instance","Shared Parameter","9214762","NWB_WBS04","String","False","1","1","37","MDUC","Ductwork","Ductwork","connected:d3:14953025:Air Terminals","NWB-ARC-WBH-AR-MOD-0035","PPT.07.182","Store - General","PPT","","","PPT","","","WBH","HO","PPT","SI5","WBH-HO-07-PPT-ME-SI5"
"20260802_005303","NWB_PARAMETERS AutoFill","MECHANICAL DUCTWORK LAYOUT - LEVEL 07 - ZONE 153","model","selection","smart","Both","skip-other-users","15673192","Duct Accessories","MHT-ME-Fire Damper-02","","LEVEL 07","Exhaust Air","MHT-ME-FAM-FAM-Fire Damper","NWB_WBS05","SI5","SI5","SI5","SKIP","already-matches","instance","Shared Parameter","9214810","NWB_WBS05","String","False","1","1","37","MDUC","Ductwork","Ductwork","connected:d3:14953025:Air Terminals","NWB-ARC-WBH-AR-MOD-0035","PPT.07.182","Store - General","PPT","","","PPT","","","WBH","HO","PPT","SI5","WBH-HO-07-PPT-ME-SI5"
"20260802_005303","NWB_PARAMETERS AutoFill","MECHANICAL DUCTWORK LAYOUT - LEVEL 07 - ZONE 153","model","selection","smart","Both","skip-other-users","15673195","Ducts","Rectangular Duct","","LEVEL 07","Exhaust Air","Flanged Long Radius Elbows / Shoe Branch","NWB_AssetTypeCode","MDUC","MDUC","MDUC","SKIP","already-matches","instance","Shared Parameter","7626182","NWB_AssetTypeCode","String","False","1","1","45","MDUC","Ductwork","Ductwork","connected:d4:14893475:Air Terminals","NWB-ARC-WBH-AR-MOD-0035","PAT.07.062","Clean-Up Room, 10m2","PAT","","","PAT","","","WBH","HO","PAT","SI5","WBH-HO-07-PAT-ME-SI5"
"20260802_005303","NWB_PARAMETERS AutoFill","MECHANICAL DUCTWORK LAYOUT - LEVEL 07 - ZONE 153","model","selection","smart","Both","skip-other-users","15673195","Ducts","Rectangular Duct","","LEVEL 07","Exhaust Air","Flanged Long Radius Elbows / Shoe Branch","NWB_AssetType","Ductwork","Ductwork","Ductwork","SKIP","already-matches","instance","Shared Parameter","7626181","NWB_AssetType","String","False","1","1","45","MDUC","Ductwork","Ductwork","connected:d4:14893475:Air Terminals","NWB-ARC-WBH-AR-MOD-0035","PAT.07.062","Clean-Up Room, 10m2","PAT","","","PAT","","","WBH","HO","PAT","SI5","WBH-HO-07-PAT-ME-SI5"
"20260802_005303","NWB_PARAMETERS AutoFill","MECHANICAL DUCTWORK LAYOUT - LEVEL 07 - ZONE 153","model","selection","smart","Both","skip-other-users","15673195","Ducts","Rectangular Duct","","LEVEL 07","Exhaust Air","Flanged Long Radius Elbows / Shoe Branch","NWB_Discipline","ME","ME","ME","SKIP","already-matches","instance","Shared Parameter","7626159","NWB_Discipline","String","False","1","1","45","MDUC","Ductwork","Ductwork","connected:d4:14893475:Air Terminals","NWB-ARC-WBH-AR-MOD-0035","PAT.07.062","Clean-Up Room, 10m2","PAT","","","PAT","","","WBH","HO","PAT","SI5","WBH-HO-07-PAT-ME-SI5"
"20260802_005303","NWB_PARAMETERS AutoFill","MECHANICAL DUCTWORK LAYOUT - LEVEL 07 - ZONE 153","model","selection","smart","Both","skip-other-users","15673195","Ducts","Rectangular Duct","","LEVEL 07","Exhaust Air","Flanged Long Radius Elbows / Shoe Branch","NWB_Category","Ductwork","Ductwork","Ductwork","SKIP","already-matches","instance","Shared Parameter","7626160","NWB_Category","String","False","1","1","45","MDUC","Ductwork","Ductwork","connected:d4:14893475:Air Terminals","NWB-ARC-WBH-AR-MOD-0035","PAT.07.062","Clean-Up Room, 10m2","PAT","","","PAT","","","WBH","HO","PAT","SI5","WBH-HO-07-PAT-ME-SI5"
"20260802_005303","NWB_PARAMETERS AutoFill","MECHANICAL DUCTWORK LAYOUT - LEVEL 07 - ZONE 153","model","selection","smart","Both","skip-other-users","15673195","Ducts","Rectangular Duct","","LEVEL 07","Exhaust Air","Flanged Long Radius Elbows / Shoe Branch","NWB_Material","","","","SKIP","workbook material blank and model material missing","","","","NWB_Material","","","","","45","MDUC","Ductwork","Ductwork","connected:d4:14893475:Air Terminals","NWB-ARC-WBH-AR-MOD-0035","PAT.07.062","Clean-Up Room, 10m2","PAT","","","PAT","","","WBH","HO","PAT","SI5","WBH-HO-07-PAT-ME-SI5"
"20260802_005303","NWB_PARAMETERS AutoFill","MECHANICAL DUCTWORK LAYOUT - LEVEL 07 - ZONE 153","model","selection","smart","Both","skip-other-users","15673195","Ducts","Rectangular Duct","","LEVEL 07","Exhaust Air","Flanged Long Radius Elbows / Shoe Branch","NWB_System","Exhaust Air","Exhaust Air","Exhaust Air","SKIP","already-matches","instance","Shared Parameter","7626163","NWB_System","String","False","1","1","45","MDUC","Ductwork","Ductwork","connected:d4:14893475:Air Terminals","NWB-ARC-WBH-AR-MOD-0035","PAT.07.062","Clean-Up Room, 10m2","PAT","","","PAT","","","WBH","HO","PAT","SI5","WBH-HO-07-PAT-ME-SI5"
"20260802_005303","NWB_PARAMETERS AutoFill","MECHANICAL DUCTWORK LAYOUT - LEVEL 07 - ZONE 153","model","selection","smart","Both","skip-other-users","15673195","Ducts","Rectangular Duct","","LEVEL 07","Exhaust Air","Flanged Long Radius Elbows / Shoe Branch","NWB_UniclassCode","Pr_65_65_25","Pr_65_65_25","Pr_65_65_25","SKIP","already-matches","instance","Shared Parameter","7626165","NWB_UniclassCode","String","False","1","1","45","MDUC","Ductwork","Ductwork","connected:d4:14893475:Air Terminals","NWB-ARC-WBH-AR-MOD-0035","PAT.07.062","Clean-Up Room, 10m2","PAT","","","PAT","","","WBH","HO","PAT","SI5","WBH-HO-07-PAT-ME-SI5"
"20260802_005303","NWB_PARAMETERS AutoFill","MECHANICAL DUCTWORK LAYOUT - LEVEL 07 - ZONE 153","model","selection","smart","Both","skip-other-users","15673195","Ducts","Rectangular Duct","","LEVEL 07","Exhaust Air","Flanged Long Radius Elbows / Shoe Branch","NWB_UniclassDescription","Ductwork and fittings","Ductwork and fittings","Ductwork and fittings","SKIP","already-matches","instance","Shared Parameter","7626166","NWB_UniclassDescription","String","False","1","1","45","MDUC","Ductwork","Ductwork","connected:d4:14893475:Air Terminals","NWB-ARC-WBH-AR-MOD-0035","PAT.07.062","Clean-Up Room, 10m2","PAT","","","PAT","","","WBH","HO","PAT","SI5","WBH-HO-07-PAT-ME-SI5"
"20260802_005303","NWB_PARAMETERS AutoFill","MECHANICAL DUCTWORK LAYOUT - LEVEL 07 - ZONE 153","model","selection","smart","Both","skip-other-users","15673195","Ducts","Rectangular Duct","","LEVEL 07","Exhaust Air","Flanged Long Radius Elbows / Shoe Branch","NWB_DesignPkg","NWB-GEN-ME-SCM-1091-A","NWB-GEN-ME-SCM-1091-A","NWB-GEN-ME-SCM-1091-A","SKIP","already-matches","instance","Shared Parameter","7626167","NWB_DesignPkg","String","False","1","1","45","MDUC","Ductwork","Ductwork","connected:d4:14893475:Air Terminals","NWB-ARC-WBH-AR-MOD-0035","PAT.07.062","Clean-Up Room, 10m2","PAT","","","PAT","","","WBH","HO","PAT","SI5","WBH-HO-07-PAT-ME-SI5"
"20260802_005303","NWB_PARAMETERS AutoFill","MECHANICAL DUCTWORK LAYOUT - LEVEL 07 - ZONE 153","model","selection","smart","Both","skip-other-users","15673195","Ducts","Rectangular Duct","","LEVEL 07","Exhaust Air","Flanged Long Radius Elbows / Shoe Branch","NWB_BuildingPermitPkg","WBH - BP09","","","SKIP","missing","","","","NWB_BuildingPermitPkg","","","0","0","45","MDUC","Ductwork","Ductwork","connected:d4:14893475:Air Terminals","NWB-ARC-WBH-AR-MOD-0035","PAT.07.062","Clean-Up Room, 10m2","PAT","","","PAT","","","WBH","HO","PAT","SI5","WBH-HO-07-PAT-ME-SI5"
"20260802_005303","NWB_PARAMETERS AutoFill","MECHANICAL DUCTWORK LAYOUT - LEVEL 07 - ZONE 153","model","selection","smart","Both","skip-other-users","15673195","Ducts","Rectangular Duct","","LEVEL 07","Exhaust Air","Flanged Long Radius Elbows / Shoe Branch","NWB_WBS00","WBH","WBH","WBH","SKIP","already-matches","instance","Shared Parameter","9214738","NWB_WBS00","String","False","1","1","45","MDUC","Ductwork","Ductwork","connected:d4:14893475:Air Terminals","NWB-ARC-WBH-AR-MOD-0035","PAT.07.062","Clean-Up Room, 10m2","PAT","","","PAT","","","WBH","HO","PAT","SI5","WBH-HO-07-PAT-ME-SI5"
"20260802_005303","NWB_PARAMETERS AutoFill","MECHANICAL DUCTWORK LAYOUT - LEVEL 07 - ZONE 153","model","selection","smart","Both","skip-other-users","15673195","Ducts","Rectangular Duct","","LEVEL 07","Exhaust Air","Flanged Long Radius Elbows / Shoe Branch","NWB_WBS01","HO","HO","HO","SKIP","already-matches","instance","Shared Parameter","9214798","NWB_WBS01","String","False","1","1","45","MDUC","Ductwork","Ductwork","connected:d4:14893475:Air Terminals","NWB-ARC-WBH-AR-MOD-0035","PAT.07.062","Clean-Up Room, 10m2","PAT","","","PAT","","","WBH","HO","PAT","SI5","WBH-HO-07-PAT-ME-SI5"
"20260802_005303","NWB_PARAMETERS AutoFill","MECHANICAL DUCTWORK LAYOUT - LEVEL 07 - ZONE 153","model","selection","smart","Both","skip-other-users","15673195","Ducts","Rectangular Duct","","LEVEL 07","Exhaust Air","Flanged Long Radius Elbows / Shoe Branch","NWB_WBS02","07","07","07","SKIP","already-matches","instance","Shared Parameter","9214786","NWB_WBS02","String","False","1","1","45","MDUC","Ductwork","Ductwork","connected:d4:14893475:Air Terminals","NWB-ARC-WBH-AR-MOD-0035","PAT.07.062","Clean-Up Room, 10m2","PAT","","","PAT","","","WBH","HO","PAT","SI5","WBH-HO-07-PAT-ME-SI5"
"20260802_005303","NWB_PARAMETERS AutoFill","MECHANICAL DUCTWORK LAYOUT - LEVEL 07 - ZONE 153","model","selection","smart","Both","skip-other-users","15673195","Ducts","Rectangular Duct","","LEVEL 07","Exhaust Air","Flanged Long Radius Elbows / Shoe Branch","NWB_WBS04","ME","ME","ME","SKIP","already-matches","instance","Shared Parameter","9214762","NWB_WBS04","String","False","1","1","45","MDUC","Ductwork","Ductwork","connected:d4:14893475:Air Terminals","NWB-ARC-WBH-AR-MOD-0035","PAT.07.062","Clean-Up Room, 10m2","PAT","","","PAT","","","WBH","HO","PAT","SI5","WBH-HO-07-PAT-ME-SI5"
"20260802_005303","NWB_PARAMETERS AutoFill","MECHANICAL DUCTWORK LAYOUT - LEVEL 07 - ZONE 153","model","selection","smart","Both","skip-other-users","15673195","Ducts","Rectangular Duct","","LEVEL 07","Exhaust Air","Flanged Long Radius Elbows / Shoe Branch","NWB_WBS05","SI5","SI5","SI5","SKIP","already-matches","instance","Shared Parameter","9214810","NWB_WBS05","String","False","1","1","45","MDUC","Ductwork","Ductwork","connected:d4:14893475:Air Terminals","NWB-ARC-WBH-AR-MOD-0035","PAT.07.062","Clean-Up Room, 10m2","PAT","","","PAT","","","WBH","HO","PAT","SI5","WBH-HO-07-PAT-ME-SI5"
"20260802_005303","NWB_PARAMETERS AutoFill","MECHANICAL DUCTWORK LAYOUT - LEVEL 07 - ZONE 153","model","selection","smart","Both","skip-other-users","15679937","Duct Fittings","MHT-ME-DF-Rectangular Short Radius Bend - Flanged","","LEVEL 07","Exhaust Air","MHT-ME-DF-Rectangular Short Radius Bend - Flanged","NWB_AssetTypeCode","MDUC","MDUC","MDUC","SKIP","already-matches","instance","Shared Parameter","3045149","NWB_AssetTypeCode","String","False","2","2","45","MDUC","Ductwork","Ductwork","connected:d3:14950650:Air Terminals","NWB-ARC-WBH-AR-MOD-0035","PPT.07.186","Anteroom","PPT","","","PPT","","","WBH","HO","PPT","SI5","WBH-HO-07-PPT-ME-SI5"
"20260802_005303","NWB_PARAMETERS AutoFill","MECHANICAL DUCTWORK LAYOUT - LEVEL 07 - ZONE 153","model","selection","smart","Both","skip-other-users","15679937","Duct Fittings","MHT-ME-DF-Rectangular Short Radius Bend - Flanged","","LEVEL 07","Exhaust Air","MHT-ME-DF-Rectangular Short Radius Bend - Flanged","NWB_AssetTypeCode","MDUC","MDUC","MDUC","SKIP","already-matches","instance","Shared Parameter","7626182","NWB_AssetTypeCode","String","False","2","2","45","MDUC","Ductwork","Ductwork","connected:d3:14950650:Air Terminals","NWB-ARC-WBH-AR-MOD-0035","PPT.07.186","Anteroom","PPT","","","PPT","","","WBH","HO","PPT","SI5","WBH-HO-07-PPT-ME-SI5"
"20260802_005303","NWB_PARAMETERS AutoFill","MECHANICAL DUCTWORK LAYOUT - LEVEL 07 - ZONE 153","model","selection","smart","Both","skip-other-users","15679937","Duct Fittings","MHT-ME-DF-Rectangular Short Radius Bend - Flanged","","LEVEL 07","Exhaust Air","MHT-ME-DF-Rectangular Short Radius Bend - Flanged","NWB_AssetType","Ductwork","Ductwork","Ductwork","SKIP","already-matches","instance","Shared Parameter","3045150","NWB_AssetType","String","False","2","2","45","MDUC","Ductwork","Ductwork","connected:d3:14950650:Air Terminals","NWB-ARC-WBH-AR-MOD-0035","PPT.07.186","Anteroom","PPT","","","PPT","","","WBH","HO","PPT","SI5","WBH-HO-07-PPT-ME-SI5"
"20260802_005303","NWB_PARAMETERS AutoFill","MECHANICAL DUCTWORK LAYOUT - LEVEL 07 - ZONE 153","model","selection","smart","Both","skip-other-users","15679937","Duct Fittings","MHT-ME-DF-Rectangular Short Radius Bend - Flanged","","LEVEL 07","Exhaust Air","MHT-ME-DF-Rectangular Short Radius Bend - Flanged","NWB_AssetType","Ductwork","Ductwork","Ductwork","SKIP","already-matches","instance","Shared Parameter","7626181","NWB_AssetType","String","False","2","2","45","MDUC","Ductwork","Ductwork","connected:d3:14950650:Air Terminals","NWB-ARC-WBH-AR-MOD-0035","PPT.07.186","Anteroom","PPT","","","PPT","","","WBH","HO","PPT","SI5","WBH-HO-07-PPT-ME-SI5"
"20260802_005303","NWB_PARAMETERS AutoFill","MECHANICAL DUCTWORK LAYOUT - LEVEL 07 - ZONE 153","model","selection","smart","Both","skip-other-users","15679937","Duct Fittings","MHT-ME-DF-Rectangular Short Radius Bend - Flanged","","LEVEL 07","Exhaust Air","MHT-ME-DF-Rectangular Short Radius Bend - Flanged","NWB_Discipline","ME","ME","ME","SKIP","already-matches","instance","Shared Parameter","3045151","NWB_Discipline","String","False","2","2","45","MDUC","Ductwork","Ductwork","connected:d3:14950650:Air Terminals","NWB-ARC-WBH-AR-MOD-0035","PPT.07.186","Anteroom","PPT","","","PPT","","","WBH","HO","PPT","SI5","WBH-HO-07-PPT-ME-SI5"
"20260802_005303","NWB_PARAMETERS AutoFill","MECHANICAL DUCTWORK LAYOUT - LEVEL 07 - ZONE 153","model","selection","smart","Both","skip-other-users","15679937","Duct Fittings","MHT-ME-DF-Rectangular Short Radius Bend - Flanged","","LEVEL 07","Exhaust Air","MHT-ME-DF-Rectangular Short Radius Bend - Flanged","NWB_Discipline","ME","ME","ME","SKIP","already-matches","instance","Shared Parameter","7626159","NWB_Discipline","String","False","2","2","45","MDUC","Ductwork","Ductwork","connected:d3:14950650:Air Terminals","NWB-ARC-WBH-AR-MOD-0035","PPT.07.186","Anteroom","PPT","","","PPT","","","WBH","HO","PPT","SI5","WBH-HO-07-PPT-ME-SI5"
"20260802_005303","NWB_PARAMETERS AutoFill","MECHANICAL DUCTWORK LAYOUT - LEVEL 07 - ZONE 153","model","selection","smart","Both","skip-other-users","15679937","Duct Fittings","MHT-ME-DF-Rectangular Short Radius Bend - Flanged","","LEVEL 07","Exhaust Air","MHT-ME-DF-Rectangular Short Radius Bend - Flanged","NWB_Category","Ductwork","Ductwork","Ductwork","SKIP","already-matches","instance","Shared Parameter","3045152","NWB_Category","String","False","2","2","45","MDUC","Ductwork","Ductwork","connected:d3:14950650:Air Terminals","NWB-ARC-WBH-AR-MOD-0035","PPT.07.186","Anteroom","PPT","","","PPT","","","WBH","HO","PPT","SI5","WBH-HO-07-PPT-ME-SI5"
"20260802_005303","NWB_PARAMETERS AutoFill","MECHANICAL DUCTWORK LAYOUT - LEVEL 07 - ZONE 153","model","selection","smart","Both","skip-other-users","15679937","Duct Fittings","MHT-ME-DF-Rectangular Short Radius Bend - Flanged","","LEVEL 07","Exhaust Air","MHT-ME-DF-Rectangular Short Radius Bend - Flanged","NWB_Category","Ductwork","Ductwork","Ductwork","SKIP","already-matches","instance","Shared Parameter","7626160","NWB_Category","String","False","2","2","45","MDUC","Ductwork","Ductwork","connected:d3:14950650:Air Terminals","NWB-ARC-WBH-AR-MOD-0035","PPT.07.186","Anteroom","PPT","","","PPT","","","WBH","HO","PPT","SI5","WBH-HO-07-PPT-ME-SI5"
"20260802_005303","NWB_PARAMETERS AutoFill","MECHANICAL DUCTWORK LAYOUT - LEVEL 07 - ZONE 153","model","selection","smart","Both","skip-other-users","15679937","Duct Fittings","MHT-ME-DF-Rectangular Short Radius Bend - Flanged","","LEVEL 07","Exhaust Air","MHT-ME-DF-Rectangular Short Radius Bend - Flanged","NWB_Material","","","","SKIP","workbook material blank and model material missing","","","","NWB_Material","","","","","45","MDUC","Ductwork","Ductwork","connected:d3:14950650:Air Terminals","NWB-ARC-WBH-AR-MOD-0035","PPT.07.186","Anteroom","PPT","","","PPT","","","WBH","HO","PPT","SI5","WBH-HO-07-PPT-ME-SI5"
"20260802_005303","NWB_PARAMETERS AutoFill","MECHANICAL DUCTWORK LAYOUT - LEVEL 07 - ZONE 153","model","selection","smart","Both","skip-other-users","15679937","Duct Fittings","MHT-ME-DF-Rectangular Short Radius Bend - Flanged","","LEVEL 07","Exhaust Air","MHT-ME-DF-Rectangular Short Radius Bend - Flanged","NWB_System","Exhaust Air","Exhaust Air","Exhaust Air","SKIP","already-matches","instance","Shared Parameter","3045155","NWB_System","String","False","2","2","45","MDUC","Ductwork","Ductwork","connected:d3:14950650:Air Terminals","NWB-ARC-WBH-AR-MOD-0035","PPT.07.186","Anteroom","PPT","","","PPT","","","WBH","HO","PPT","SI5","WBH-HO-07-PPT-ME-SI5"
"20260802_005303","NWB_PARAMETERS AutoFill","MECHANICAL DUCTWORK LAYOUT - LEVEL 07 - ZONE 153","model","selection","smart","Both","skip-other-users","15679937","Duct Fittings","MHT-ME-DF-Rectangular Short Radius Bend - Flanged","","LEVEL 07","Exhaust Air","MHT-ME-DF-Rectangular Short Radius Bend - Flanged","NWB_System","Exhaust Air","Exhaust Air","Exhaust Air","SKIP","already-matches","instance","Shared Parameter","7626163","NWB_System","String","False","2","2","45","MDUC","Ductwork","Ductwork","connected:d3:14950650:Air Terminals","NWB-ARC-WBH-AR-MOD-0035","PPT.07.186","Anteroom","PPT","","","PPT","","","WBH","HO","PPT","SI5","WBH-HO-07-PPT-ME-SI5"
"20260802_005303","NWB_PARAMETERS AutoFill","MECHANICAL DUCTWORK LAYOUT - LEVEL 07 - ZONE 153","model","selection","smart","Both","skip-other-users","15679937","Duct Fittings","MHT-ME-DF-Rectangular Short Radius Bend - Flanged","","LEVEL 07","Exhaust Air","MHT-ME-DF-Rectangular Short Radius Bend - Flanged","NWB_UniclassCode","Pr_65_65_25","Pr_65_65_25","Pr_65_65_25","SKIP","already-matches","instance","Shared Parameter","3045156","NWB_UniclassCode","String","False","2","2","45","MDUC","Ductwork","Ductwork","connected:d3:14950650:Air Terminals","NWB-ARC-WBH-AR-MOD-0035","PPT.07.186","Anteroom","PPT","","","PPT","","","WBH","HO","PPT","SI5","WBH-HO-07-PPT-ME-SI5"
"20260802_005303","NWB_PARAMETERS AutoFill","MECHANICAL DUCTWORK LAYOUT - LEVEL 07 - ZONE 153","model","selection","smart","Both","skip-other-users","15679937","Duct Fittings","MHT-ME-DF-Rectangular Short Radius Bend - Flanged","","LEVEL 07","Exhaust Air","MHT-ME-DF-Rectangular Short Radius Bend - Flanged","NWB_UniclassCode","Pr_65_65_25","Pr_65_65_25","Pr_65_65_25","SKIP","already-matches","instance","Shared Parameter","7626165","NWB_UniclassCode","String","False","2","2","45","MDUC","Ductwork","Ductwork","connected:d3:14950650:Air Terminals","NWB-ARC-WBH-AR-MOD-0035","PPT.07.186","Anteroom","PPT","","","PPT","","","WBH","HO","PPT","SI5","WBH-HO-07-PPT-ME-SI5"
"20260802_005303","NWB_PARAMETERS AutoFill","MECHANICAL DUCTWORK LAYOUT - LEVEL 07 - ZONE 153","model","selection","smart","Both","skip-other-users","15679937","Duct Fittings","MHT-ME-DF-Rectangular Short Radius Bend - Flanged","","LEVEL 07","Exhaust Air","MHT-ME-DF-Rectangular Short Radius Bend - Flanged","NWB_UniclassDescription","Ductwork and fittings","Ductwork and fittings","Ductwork and fittings","SKIP","already-matches","instance","Shared Parameter","3045157","NWB_UniclassDescription","String","False","2","2","45","MDUC","Ductwork","Ductwork","connected:d3:14950650:Air Terminals","NWB-ARC-WBH-AR-MOD-0035","PPT.07.186","Anteroom","PPT","","","PPT","","","WBH","HO","PPT","SI5","WBH-HO-07-PPT-ME-SI5"
"20260802_005303","NWB_PARAMETERS AutoFill","MECHANICAL DUCTWORK LAYOUT - LEVEL 07 - ZONE 153","model","selection","smart","Both","skip-other-users","15679937","Duct Fittings","MHT-ME-DF-Rectangular Short Radius Bend - Flanged","","LEVEL 07","Exhaust Air","MHT-ME-DF-Rectangular Short Radius Bend - Flanged","NWB_UniclassDescription","Ductwork and fittings","Ductwork and fittings","Ductwork and fittings","SKIP","already-matches","instance","Shared Parameter","7626166","NWB_UniclassDescription","String","False","2","2","45","MDUC","Ductwork","Ductwork","connected:d3:14950650:Air Terminals","NWB-ARC-WBH-AR-MOD-0035","PPT.07.186","Anteroom","PPT","","","PPT","","","WBH","HO","PPT","SI5","WBH-HO-07-PPT-ME-SI5"
"20260802_005303","NWB_PARAMETERS AutoFill","MECHANICAL DUCTWORK LAYOUT - LEVEL 07 - ZONE 153","model","selection","smart","Both","skip-other-users","15679937","Duct Fittings","MHT-ME-DF-Rectangular Short Radius Bend - Flanged","","LEVEL 07","Exhaust Air","MHT-ME-DF-Rectangular Short Radius Bend - Flanged","NWB_DesignPkg","NWB-GEN-ME-SCM-1091-A","NWB-GEN-ME-SCM-1091-A","NWB-GEN-ME-SCM-1091-A","SKIP","already-matches","instance","Shared Parameter","3045158","NWB_DesignPkg","String","False","2","2","45","MDUC","Ductwork","Ductwork","connected:d3:14950650:Air Terminals","NWB-ARC-WBH-AR-MOD-0035","PPT.07.186","Anteroom","PPT","","","PPT","","","WBH","HO","PPT","SI5","WBH-HO-07-PPT-ME-SI5"
"20260802_005303","NWB_PARAMETERS AutoFill","MECHANICAL DUCTWORK LAYOUT - LEVEL 07 - ZONE 153","model","selection","smart","Both","skip-other-users","15679937","Duct Fittings","MHT-ME-DF-Rectangular Short Radius Bend - Flanged","","LEVEL 07","Exhaust Air","MHT-ME-DF-Rectangular Short Radius Bend - Flanged","NWB_DesignPkg","NWB-GEN-ME-SCM-1091-A","NWB-GEN-ME-SCM-1091-A","NWB-GEN-ME-SCM-1091-A","SKIP","already-matches","instance","Shared Parameter","7626167","NWB_DesignPkg","String","False","2","2","45","MDUC","Ductwork","Ductwork","connected:d3:14950650:Air Terminals","NWB-ARC-WBH-AR-MOD-0035","PPT.07.186","Anteroom","PPT","","","PPT","","","WBH","HO","PPT","SI5","WBH-HO-07-PPT-ME-SI5"
"20260802_005303","NWB_PARAMETERS AutoFill","MECHANICAL DUCTWORK LAYOUT - LEVEL 07 - ZONE 153","model","selection","smart","Both","skip-other-users","15679937","Duct Fittings","MHT-ME-DF-Rectangular Short Radius Bend - Flanged","","LEVEL 07","Exhaust Air","MHT-ME-DF-Rectangular Short Radius Bend - Flanged","NWB_BuildingPermitPkg","WBH - BP09","","","SKIP","missing","","","","NWB_BuildingPermitPkg","","","0","0","45","MDUC","Ductwork","Ductwork","connected:d3:14950650:Air Terminals","NWB-ARC-WBH-AR-MOD-0035","PPT.07.186","Anteroom","PPT","","","PPT","","","WBH","HO","PPT","SI5","WBH-HO-07-PPT-ME-SI5"
"20260802_005303","NWB_PARAMETERS AutoFill","MECHANICAL DUCTWORK LAYOUT - LEVEL 07 - ZONE 153","model","selection","smart","Both","skip-other-users","15679937","Duct Fittings","MHT-ME-DF-Rectangular Short Radius Bend - Flanged","","LEVEL 07","Exhaust Air","MHT-ME-DF-Rectangular Short Radius Bend - Flanged","NWB_WBS00","WBH","WBH","WBH","SKIP","already-matches","instance","Shared Parameter","9214738","NWB_WBS00","String","False","1","1","45","MDUC","Ductwork","Ductwork","connected:d3:14950650:Air Terminals","NWB-ARC-WBH-AR-MOD-0035","PPT.07.186","Anteroom","PPT","","","PPT","","","WBH","HO","PPT","SI5","WBH-HO-07-PPT-ME-SI5"
"20260802_005303","NWB_PARAMETERS AutoFill","MECHANICAL DUCTWORK LAYOUT - LEVEL 07 - ZONE 153","model","selection","smart","Both","skip-other-users","15679937","Duct Fittings","MHT-ME-DF-Rectangular Short Radius Bend - Flanged","","LEVEL 07","Exhaust Air","MHT-ME-DF-Rectangular Short Radius Bend - Flanged","NWB_WBS01","HO","HO","HO","SKIP","already-matches","instance","Shared Parameter","9214798","NWB_WBS01","String","False","1","1","45","MDUC","Ductwork","Ductwork","connected:d3:14950650:Air Terminals","NWB-ARC-WBH-AR-MOD-0035","PPT.07.186","Anteroom","PPT","","","PPT","","","WBH","HO","PPT","SI5","WBH-HO-07-PPT-ME-SI5"
"20260802_005303","NWB_PARAMETERS AutoFill","MECHANICAL DUCTWORK LAYOUT - LEVEL 07 - ZONE 153","model","selection","smart","Both","skip-other-users","15679937","Duct Fittings","MHT-ME-DF-Rectangular Short Radius Bend - Flanged","","LEVEL 07","Exhaust Air","MHT-ME-DF-Rectangular Short Radius Bend - Flanged","NWB_WBS02","07","07","07","SKIP","already-matches","instance","Shared Parameter","9214786","NWB_WBS02","String","False","1","1","45","MDUC","Ductwork","Ductwork","connected:d3:14950650:Air Terminals","NWB-ARC-WBH-AR-MOD-0035","PPT.07.186","Anteroom","PPT","","","PPT","","","WBH","HO","PPT","SI5","WBH-HO-07-PPT-ME-SI5"
"20260802_005303","NWB_PARAMETERS AutoFill","MECHANICAL DUCTWORK LAYOUT - LEVEL 07 - ZONE 153","model","selection","smart","Both","skip-other-users","15679937","Duct Fittings","MHT-ME-DF-Rectangular Short Radius Bend - Flanged","","LEVEL 07","Exhaust Air","MHT-ME-DF-Rectangular Short Radius Bend - Flanged","NWB_WBS04","ME","ME","ME","SKIP","already-matches","instance","Shared Parameter","9214762","NWB_WBS04","String","False","1","1","45","MDUC","Ductwork","Ductwork","connected:d3:14950650:Air Terminals","NWB-ARC-WBH-AR-MOD-0035","PPT.07.186","Anteroom","PPT","","","PPT","","","WBH","HO","PPT","SI5","WBH-HO-07-PPT-ME-SI5"
"20260802_005303","NWB_PARAMETERS AutoFill","MECHANICAL DUCTWORK LAYOUT - LEVEL 07 - ZONE 153","model","selection","smart","Both","skip-other-users","15679937","Duct Fittings","MHT-ME-DF-Rectangular Short Radius Bend - Flanged","","LEVEL 07","Exhaust Air","MHT-ME-DF-Rectangular Short Radius Bend - Flanged","NWB_WBS05","SI5","SI5","SI5","SKIP","already-matches","instance","Shared Parameter","9214810","NWB_WBS05","String","False","1","1","45","MDUC","Ductwork","Ductwork","connected:d3:14950650:Air Terminals","NWB-ARC-WBH-AR-MOD-0035","PPT.07.186","Anteroom","PPT","","","PPT","","","WBH","HO","PPT","SI5","WBH-HO-07-PPT-ME-SI5"
"20260802_005303","NWB_PARAMETERS AutoFill","MECHANICAL DUCTWORK LAYOUT - LEVEL 07 - ZONE 153","model","selection","smart","Both","skip-other-users","13970325","Duct Fittings","MHT-ME-DF-Rectangular Short Radius Bend - Flanged","","LEVEL 07","Supply Air","MHT-ME-DF-Rectangular Short Radius Bend - Flanged","NWB_Department","PPT","PPT","PPT","OK","verified","instance","Shared Parameter","3045159","NWB_Department","String","False","2","2","45","MDUC","Ductwork","Ductwork","connected:d4:13994316:Air Terminals","NWB-ARC-WBH-AR-MOD-0035","PPT.07.171","Cleaner's Room","PPT","","","PPT","","","WBH","HO","PPT","SI5","WBH-HO-07-PPT-ME-SI5"
"20260802_005303","NWB_PARAMETERS AutoFill","MECHANICAL DUCTWORK LAYOUT - LEVEL 07 - ZONE 153","model","selection","smart","Both","skip-other-users","13970325","Duct Fittings","MHT-ME-DF-Rectangular Short Radius Bend - Flanged","","LEVEL 07","Supply Air","MHT-ME-DF-Rectangular Short Radius Bend - Flanged","NWB_WBS03","PPT","PPT","PPT","OK","verified","instance","Shared Parameter","9214750","NWB_WBS03","String","False","1","1","45","MDUC","Ductwork","Ductwork","connected:d4:13994316:Air Terminals","NWB-ARC-WBH-AR-MOD-0035","PPT.07.171","Cleaner's Room","PPT","","","PPT","","","WBH","HO","PPT","SI5","WBH-HO-07-PPT-ME-SI5"
"20260802_005303","NWB_PARAMETERS AutoFill","MECHANICAL DUCTWORK LAYOUT - LEVEL 07 - ZONE 153","model","selection","smart","Both","skip-other-users","13970325","Duct Fittings","MHT-ME-DF-Rectangular Short Radius Bend - Flanged","","LEVEL 07","Supply Air","MHT-ME-DF-Rectangular Short Radius Bend - Flanged","NWB_WBSCode","WBH-HO-07-PPT-ME-SI5","WBH-HO-07-PPT-ME-SI5","WBH-HO-07-PPT-ME-SI5","OK","verified","instance","Shared Parameter","9214774","NWB_WBSCode","String","False","1","1","45","MDUC","Ductwork","Ductwork","connected:d4:13994316:Air Terminals","NWB-ARC-WBH-AR-MOD-0035","PPT.07.171","Cleaner's Room","PPT","","","PPT","","","WBH","HO","PPT","SI5","WBH-HO-07-PPT-ME-SI5"
"20260802_005303","NWB_PARAMETERS AutoFill","MECHANICAL DUCTWORK LAYOUT - LEVEL 07 - ZONE 153","model","selection","smart","Both","skip-other-users","13970401","Duct Fittings","MHT-ME-DF-Rectangular Short Radius Bend - Flanged","","LEVEL 07","Supply Air","MHT-ME-DF-Rectangular Short Radius Bend - Flanged","NWB_Department","PPT","PPT","PPT","OK","verified","instance","Shared Parameter","3045159","NWB_Department","String","False","2","2","45","MDUC","Ductwork","Ductwork","connected:d4:13972052:Air Terminals","NWB-ARC-WBH-AR-MOD-0035","PPT.07.166","Office, 1 Person, Pathology","PPT","","","PPT","","","WBH","HO","PPT","SI5","WBH-HO-07-PPT-ME-SI5"
"20260802_005303","NWB_PARAMETERS AutoFill","MECHANICAL DUCTWORK LAYOUT - LEVEL 07 - ZONE 153","model","selection","smart","Both","skip-other-users","13970401","Duct Fittings","MHT-ME-DF-Rectangular Short Radius Bend - Flanged","","LEVEL 07","Supply Air","MHT-ME-DF-Rectangular Short Radius Bend - Flanged","NWB_WBS03","PPT","PPT","PPT","OK","verified","instance","Shared Parameter","9214750","NWB_WBS03","String","False","1","1","45","MDUC","Ductwork","Ductwork","connected:d4:13972052:Air Terminals","NWB-ARC-WBH-AR-MOD-0035","PPT.07.166","Office, 1 Person, Pathology","PPT","","","PPT","","","WBH","HO","PPT","SI5","WBH-HO-07-PPT-ME-SI5"
"20260802_005303","NWB_PARAMETERS AutoFill","MECHANICAL DUCTWORK LAYOUT - LEVEL 07 - ZONE 153","model","selection","smart","Both","skip-other-users","13970401","Duct Fittings","MHT-ME-DF-Rectangular Short Radius Bend - Flanged","","LEVEL 07","Supply Air","MHT-ME-DF-Rectangular Short Radius Bend - Flanged","NWB_WBSCode","WBH-HO-07-PPT-ME-SI5","WBH-HO-07-PPT-ME-SI5","WBH-HO-07-PPT-ME-SI5","OK","verified","instance","Shared Parameter","9214774","NWB_WBSCode","String","False","1","1","45","MDUC","Ductwork","Ductwork","connected:d4:13972052:Air Terminals","NWB-ARC-WBH-AR-MOD-0035","PPT.07.166","Office, 1 Person, Pathology","PPT","","","PPT","","","WBH","HO","PPT","SI5","WBH-HO-07-PPT-ME-SI5"
"20260802_005303","NWB_PARAMETERS AutoFill","MECHANICAL DUCTWORK LAYOUT - LEVEL 07 - ZONE 153","model","selection","smart","Both","skip-other-users","13970802","Duct Fittings","MHT-ME-DF-Rectangular Short Radius Bend - Flanged","","LEVEL 07","Supply Air","MHT-ME-DF-Rectangular Short Radius Bend - Flanged","NWB_Department","PPT","PPT","PPT","OK","verified","instance","Shared Parameter","3045159","NWB_Department","String","False","2","2","45","MDUC","Ductwork","Ductwork","connected:d4:13971900:Air Terminals","NWB-ARC-WBH-AR-MOD-0035","PPT.07.C16","Corridor","PPT","","","PPT","","","WBH","HO","PPT","SI5","WBH-HO-07-PPT-ME-SI5"
"20260802_005303","NWB_PARAMETERS AutoFill","MECHANICAL DUCTWORK LAYOUT - LEVEL 07 - ZONE 153","model","selection","smart","Both","skip-other-users","13970802","Duct Fittings","MHT-ME-DF-Rectangular Short Radius Bend - Flanged","","LEVEL 07","Supply Air","MHT-ME-DF-Rectangular Short Radius Bend - Flanged","NWB_WBS03","PPT","PPT","PPT","OK","verified","instance","Shared Parameter","9214750","NWB_WBS03","String","False","1","1","45","MDUC","Ductwork","Ductwork","connected:d4:13971900:Air Terminals","NWB-ARC-WBH-AR-MOD-0035","PPT.07.C16","Corridor","PPT","","","PPT","","","WBH","HO","PPT","SI5","WBH-HO-07-PPT-ME-SI5"
"20260802_005303","NWB_PARAMETERS AutoFill","MECHANICAL DUCTWORK LAYOUT - LEVEL 07 - ZONE 153","model","selection","smart","Both","skip-other-users","13970802","Duct Fittings","MHT-ME-DF-Rectangular Short Radius Bend - Flanged","","LEVEL 07","Supply Air","MHT-ME-DF-Rectangular Short Radius Bend - Flanged","NWB_WBSCode","WBH-HO-07-PPT-ME-SI5","WBH-HO-07-PPT-ME-SI5","WBH-HO-07-PPT-ME-SI5","OK","verified","instance","Shared Parameter","9214774","NWB_WBSCode","String","False","1","1","45","MDUC","Ductwork","Ductwork","connected:d4:13971900:Air Terminals","NWB-ARC-WBH-AR-MOD-0035","PPT.07.C16","Corridor","PPT","","","PPT","","","WBH","HO","PPT","SI5","WBH-HO-07-PPT-ME-SI5"
"20260802_005303","NWB_PARAMETERS AutoFill","MECHANICAL DUCTWORK LAYOUT - LEVEL 07 - ZONE 153","model","selection","smart","Both","skip-other-users","14892679","Duct Accessories","MHT-ME-Fire Damper-02","","LEVEL 07","Exhaust Air","MHT-ME-FAM-FAM-Fire Damper","NWB_Department","PAT","PAT","PAT","OK","verified","instance","Shared Parameter","7626168","NWB_Department","String","False","1","1","37","MDUC","Ductwork","Ductwork","connected:d3:14893466:Air Terminals","NWB-ARC-WBH-AR-MOD-0035","PAT.07.106","Disposal Room, 10m2","PAT","","","PAT","","","WBH","HO","PAT","SI5","WBH-HO-07-PAT-ME-SI5"
"20260802_005303","NWB_PARAMETERS AutoFill","MECHANICAL DUCTWORK LAYOUT - LEVEL 07 - ZONE 153","model","selection","smart","Both","skip-other-users","14892679","Duct Accessories","MHT-ME-Fire Damper-02","","LEVEL 07","Exhaust Air","MHT-ME-FAM-FAM-Fire Damper","NWB_WBS03","PAT","PAT","PAT","OK","verified","instance","Shared Parameter","9214750","NWB_WBS03","String","False","1","1","37","MDUC","Ductwork","Ductwork","connected:d3:14893466:Air Terminals","NWB-ARC-WBH-AR-MOD-0035","PAT.07.106","Disposal Room, 10m2","PAT","","","PAT","","","WBH","HO","PAT","SI5","WBH-HO-07-PAT-ME-SI5"
"20260802_005303","NWB_PARAMETERS AutoFill","MECHANICAL DUCTWORK LAYOUT - LEVEL 07 - ZONE 153","model","selection","smart","Both","skip-other-users","14892679","Duct Accessories","MHT-ME-Fire Damper-02","","LEVEL 07","Exhaust Air","MHT-ME-FAM-FAM-Fire Damper","NWB_WBSCode","WBH-HO-07-PAT-ME-SI5","WBH-HO-07-PAT-ME-SI5","WBH-HO-07-PAT-ME-SI5","OK","verified","instance","Shared Parameter","9214774","NWB_WBSCode","String","False","1","1","37","MDUC","Ductwork","Ductwork","connected:d3:14893466:Air Terminals","NWB-ARC-WBH-AR-MOD-0035","PAT.07.106","Disposal Room, 10m2","PAT","","","PAT","","","WBH","HO","PAT","SI5","WBH-HO-07-PAT-ME-SI5"
"20260802_005303","NWB_PARAMETERS AutoFill","MECHANICAL DUCTWORK LAYOUT - LEVEL 07 - ZONE 153","model","selection","smart","Both","skip-other-users","15669817","Duct Fittings","MHT-ME-DF-Rectangular Short Radius Bend - Flanged","","LEVEL 07","Supply Air","MHT-ME-DF-Rectangular Short Radius Bend - Flanged","NWB_Department","PPT","PPT","PPT","OK","verified","instance","Shared Parameter","3045159","NWB_Department","String","False","2","2","45","MDUC","Ductwork","Ductwork","connected:d4:14932618:Air Terminals","NWB-ARC-WBH-AR-MOD-0035","PPT.07.173","Store, Tissue Samples, 4m2","PPT","","","PPT","","","WBH","HO","PPT","SI5","WBH-HO-07-PPT-ME-SI5"
"20260802_005303","NWB_PARAMETERS AutoFill","MECHANICAL DUCTWORK LAYOUT - LEVEL 07 - ZONE 153","model","selection","smart","Both","skip-other-users","15669817","Duct Fittings","MHT-ME-DF-Rectangular Short Radius Bend - Flanged","","LEVEL 07","Supply Air","MHT-ME-DF-Rectangular Short Radius Bend - Flanged","NWB_Department","PPT","PPT","PPT","OK","verified","instance","Shared Parameter","7626168","NWB_Department","String","False","2","2","45","MDUC","Ductwork","Ductwork","connected:d4:14932618:Air Terminals","NWB-ARC-WBH-AR-MOD-0035","PPT.07.173","Store, Tissue Samples, 4m2","PPT","","","PPT","","","WBH","HO","PPT","SI5","WBH-HO-07-PPT-ME-SI5"
"20260802_005303","NWB_PARAMETERS AutoFill","MECHANICAL DUCTWORK LAYOUT - LEVEL 07 - ZONE 153","model","selection","smart","Both","skip-other-users","15669817","Duct Fittings","MHT-ME-DF-Rectangular Short Radius Bend - Flanged","","LEVEL 07","Supply Air","MHT-ME-DF-Rectangular Short Radius Bend - Flanged","NWB_WBS03","PPT","PPT","PPT","OK","verified","instance","Shared Parameter","9214750","NWB_WBS03","String","False","1","1","45","MDUC","Ductwork","Ductwork","connected:d4:14932618:Air Terminals","NWB-ARC-WBH-AR-MOD-0035","PPT.07.173","Store, Tissue Samples, 4m2","PPT","","","PPT","","","WBH","HO","PPT","SI5","WBH-HO-07-PPT-ME-SI5"
"20260802_005303","NWB_PARAMETERS AutoFill","MECHANICAL DUCTWORK LAYOUT - LEVEL 07 - ZONE 153","model","selection","smart","Both","skip-other-users","15669817","Duct Fittings","MHT-ME-DF-Rectangular Short Radius Bend - Flanged","","LEVEL 07","Supply Air","MHT-ME-DF-Rectangular Short Radius Bend - Flanged","NWB_WBSCode","WBH-HO-07-PPT-ME-SI5","WBH-HO-07-PPT-ME-SI5","WBH-HO-07-PPT-ME-SI5","OK","verified","instance","Shared Parameter","9214774","NWB_WBSCode","String","False","1","1","45","MDUC","Ductwork","Ductwork","connected:d4:14932618:Air Terminals","NWB-ARC-WBH-AR-MOD-0035","PPT.07.173","Store, Tissue Samples, 4m2","PPT","","","PPT","","","WBH","HO","PPT","SI5","WBH-HO-07-PPT-ME-SI5"
"20260802_005303","NWB_PARAMETERS AutoFill","MECHANICAL DUCTWORK LAYOUT - LEVEL 07 - ZONE 153","model","selection","smart","Both","skip-other-users","15669825","Duct Fittings","MHT-ME-DF-Rectangular Shoe Branch - Flanged","","LEVEL 07","Supply Air","Standard","NWB_Department","ETC","ETC","ETC","OK","verified","instance","Shared Parameter","7626168","NWB_Department","String","False","1","1","45","MDUC","Ductwork","Ductwork","connected:d1:13181888:Duct Systems","NWB-ARC-WBH-AR-MOD-0035","ETC.08.098","Clinical Library","ETC","","","ETC","","","WBH","HO","ETC","SI5","WBH-HO-07-ETC-ME-SI5"
"20260802_005303","NWB_PARAMETERS AutoFill","MECHANICAL DUCTWORK LAYOUT - LEVEL 07 - ZONE 153","model","selection","smart","Both","skip-other-users","15669825","Duct Fittings","MHT-ME-DF-Rectangular Shoe Branch - Flanged","","LEVEL 07","Supply Air","Standard","NWB_WBS03","ETC","ETC","ETC","OK","verified","instance","Shared Parameter","9214750","NWB_WBS03","String","False","1","1","45","MDUC","Ductwork","Ductwork","connected:d1:13181888:Duct Systems","NWB-ARC-WBH-AR-MOD-0035","ETC.08.098","Clinical Library","ETC","","","ETC","","","WBH","HO","ETC","SI5","WBH-HO-07-ETC-ME-SI5"
"20260802_005303","NWB_PARAMETERS AutoFill","MECHANICAL DUCTWORK LAYOUT - LEVEL 07 - ZONE 153","model","selection","smart","Both","skip-other-users","15669825","Duct Fittings","MHT-ME-DF-Rectangular Shoe Branch - Flanged","","LEVEL 07","Supply Air","Standard","NWB_WBSCode","WBH-HO-07-ETC-ME-SI5","WBH-HO-07-ETC-ME-SI5","WBH-HO-07-ETC-ME-SI5","OK","verified","instance","Shared Parameter","9214774","NWB_WBSCode","String","False","1","1","45","MDUC","Ductwork","Ductwork","connected:d1:13181888:Duct Systems","NWB-ARC-WBH-AR-MOD-0035","ETC.08.098","Clinical Library","ETC","","","ETC","","","WBH","HO","ETC","SI5","WBH-HO-07-ETC-ME-SI5"
"20260802_005303","NWB_PARAMETERS AutoFill","MECHANICAL DUCTWORK LAYOUT - LEVEL 07 - ZONE 153","model","selection","smart","Both","skip-other-users","15669826","Duct Accessories","MHT-ME-Fire Damper-02","","LEVEL 07","Supply Air","MHT-ME-FAM-FAM-Fire Damper","NWB_Department","PPT","PPT","PPT","OK","verified","instance","Shared Parameter","7626168","NWB_Department","String","False","1","1","37","MDUC","Ductwork","Ductwork","connected:d2:14932618:Air Terminals","NWB-ARC-WBH-AR-MOD-0035","PPT.07.173","Store, Tissue Samples, 4m2","PPT","","","PPT","","","WBH","HO","PPT","SI5","WBH-HO-07-PPT-ME-SI5"
"20260802_005303","NWB_PARAMETERS AutoFill","MECHANICAL DUCTWORK LAYOUT - LEVEL 07 - ZONE 153","model","selection","smart","Both","skip-other-users","15669826","Duct Accessories","MHT-ME-Fire Damper-02","","LEVEL 07","Supply Air","MHT-ME-FAM-FAM-Fire Damper","NWB_WBS03","PPT","PPT","PPT","OK","verified","instance","Shared Parameter","9214750","NWB_WBS03","String","False","1","1","37","MDUC","Ductwork","Ductwork","connected:d2:14932618:Air Terminals","NWB-ARC-WBH-AR-MOD-0035","PPT.07.173","Store, Tissue Samples, 4m2","PPT","","","PPT","","","WBH","HO","PPT","SI5","WBH-HO-07-PPT-ME-SI5"
"20260802_005303","NWB_PARAMETERS AutoFill","MECHANICAL DUCTWORK LAYOUT - LEVEL 07 - ZONE 153","model","selection","smart","Both","skip-other-users","15669826","Duct Accessories","MHT-ME-Fire Damper-02","","LEVEL 07","Supply Air","MHT-ME-FAM-FAM-Fire Damper","NWB_WBSCode","WBH-HO-07-PPT-ME-SI5","WBH-HO-07-PPT-ME-SI5","WBH-HO-07-PPT-ME-SI5","OK","verified","instance","Shared Parameter","9214774","NWB_WBSCode","String","False","1","1","37","MDUC","Ductwork","Ductwork","connected:d2:14932618:Air Terminals","NWB-ARC-WBH-AR-MOD-0035","PPT.07.173","Store, Tissue Samples, 4m2","PPT","","","PPT","","","WBH","HO","PPT","SI5","WBH-HO-07-PPT-ME-SI5"
"20260802_005303","NWB_PARAMETERS AutoFill","MECHANICAL DUCTWORK LAYOUT - LEVEL 07 - ZONE 153","model","selection","smart","Both","skip-other-users","15669848","Duct Fittings","MHT-ME-DF-Rectangular Short Radius Bend - Flanged","","LEVEL 07","Exhaust Air","MHT-ME-DF-Rectangular Short Radius Bend - Flanged","NWB_Department","PPT","PPT","PPT","OK","verified","instance","Shared Parameter","3045159","NWB_Department","String","False","2","2","45","MDUC","Ductwork","Ductwork","connected:d4:15669900:Air Terminals","NWB-ARC-WBH-AR-MOD-0035","PPT.07.171","Cleaner's Room","PPT","","","PPT","","","WBH","HO","PPT","SI5","WBH-HO-07-PPT-ME-SI5"
"20260802_005303","NWB_PARAMETERS AutoFill","MECHANICAL DUCTWORK LAYOUT - LEVEL 07 - ZONE 153","model","selection","smart","Both","skip-other-users","15669848","Duct Fittings","MHT-ME-DF-Rectangular Short Radius Bend - Flanged","","LEVEL 07","Exhaust Air","MHT-ME-DF-Rectangular Short Radius Bend - Flanged","NWB_Department","PPT","PPT","PPT","OK","verified","instance","Shared Parameter","7626168","NWB_Department","String","False","2","2","45","MDUC","Ductwork","Ductwork","connected:d4:15669900:Air Terminals","NWB-ARC-WBH-AR-MOD-0035","PPT.07.171","Cleaner's Room","PPT","","","PPT","","","WBH","HO","PPT","SI5","WBH-HO-07-PPT-ME-SI5"
"20260802_005303","NWB_PARAMETERS AutoFill","MECHANICAL DUCTWORK LAYOUT - LEVEL 07 - ZONE 153","model","selection","smart","Both","skip-other-users","15669848","Duct Fittings","MHT-ME-DF-Rectangular Short Radius Bend - Flanged","","LEVEL 07","Exhaust Air","MHT-ME-DF-Rectangular Short Radius Bend - Flanged","NWB_WBS03","PPT","PPT","PPT","OK","verified","instance","Shared Parameter","9214750","NWB_WBS03","String","False","1","1","45","MDUC","Ductwork","Ductwork","connected:d4:15669900:Air Terminals","NWB-ARC-WBH-AR-MOD-0035","PPT.07.171","Cleaner's Room","PPT","","","PPT","","","WBH","HO","PPT","SI5","WBH-HO-07-PPT-ME-SI5"
"20260802_005303","NWB_PARAMETERS AutoFill","MECHANICAL DUCTWORK LAYOUT - LEVEL 07 - ZONE 153","model","selection","smart","Both","skip-other-users","15669848","Duct Fittings","MHT-ME-DF-Rectangular Short Radius Bend - Flanged","","LEVEL 07","Exhaust Air","MHT-ME-DF-Rectangular Short Radius Bend - Flanged","NWB_WBSCode","WBH-HO-07-PPT-ME-SI5","WBH-HO-07-PPT-ME-SI5","WBH-HO-07-PPT-ME-SI5","OK","verified","instance","Shared Parameter","9214774","NWB_WBSCode","String","False","1","1","45","MDUC","Ductwork","Ductwork","connected:d4:15669900:Air Terminals","NWB-ARC-WBH-AR-MOD-0035","PPT.07.171","Cleaner's Room","PPT","","","PPT","","","WBH","HO","PPT","SI5","WBH-HO-07-PPT-ME-SI5"
"20260802_005303","NWB_PARAMETERS AutoFill","MECHANICAL DUCTWORK LAYOUT - LEVEL 07 - ZONE 153","model","selection","smart","Both","skip-other-users","15669850","Duct Accessories","MHT-ME-Fire Damper-02","","LEVEL 07","Exhaust Air","MHT-ME-FAM-FAM-Fire Damper","NWB_Department","PPT","PPT","PPT","OK","verified","instance","Shared Parameter","7626168","NWB_Department","String","False","1","1","37","MDUC","Ductwork","Ductwork","connected:d2:15669872:Air Terminals","NWB-ARC-WBH-AR-MOD-0035","PPT.07.188","Universal Change, Staff, 7m2","PPT","","","PPT","","","WBH","HO","PPT","SI5","WBH-HO-07-PPT-ME-SI5"
"20260802_005303","NWB_PARAMETERS AutoFill","MECHANICAL DUCTWORK LAYOUT - LEVEL 07 - ZONE 153","model","selection","smart","Both","skip-other-users","15669850","Duct Accessories","MHT-ME-Fire Damper-02","","LEVEL 07","Exhaust Air","MHT-ME-FAM-FAM-Fire Damper","NWB_WBS03","PPT","PPT","PPT","OK","verified","instance","Shared Parameter","9214750","NWB_WBS03","String","False","1","1","37","MDUC","Ductwork","Ductwork","connected:d2:15669872:Air Terminals","NWB-ARC-WBH-AR-MOD-0035","PPT.07.188","Universal Change, Staff, 7m2","PPT","","","PPT","","","WBH","HO","PPT","SI5","WBH-HO-07-PPT-ME-SI5"
"20260802_005303","NWB_PARAMETERS AutoFill","MECHANICAL DUCTWORK LAYOUT - LEVEL 07 - ZONE 153","model","selection","smart","Both","skip-other-users","15669850","Duct Accessories","MHT-ME-Fire Damper-02","","LEVEL 07","Exhaust Air","MHT-ME-FAM-FAM-Fire Damper","NWB_WBSCode","WBH-HO-07-PPT-ME-SI5","WBH-HO-07-PPT-ME-SI5","WBH-HO-07-PPT-ME-SI5","OK","verified","instance","Shared Parameter","9214774","NWB_WBSCode","String","False","1","1","37","MDUC","Ductwork","Ductwork","connected:d2:15669872:Air Terminals","NWB-ARC-WBH-AR-MOD-0035","PPT.07.188","Universal Change, Staff, 7m2","PPT","","","PPT","","","WBH","HO","PPT","SI5","WBH-HO-07-PPT-ME-SI5"
"20260802_005303","NWB_PARAMETERS AutoFill","MECHANICAL DUCTWORK LAYOUT - LEVEL 07 - ZONE 153","model","selection","smart","Both","skip-other-users","15669852","Ducts","Rectangular Duct","","LEVEL 07","Exhaust Air","Flanged Long Radius Elbows / Shoe Branch","NWB_Department","PPT","PPT","PPT","OK","verified","instance","Shared Parameter","7626168","NWB_Department","String","False","1","1","45","MDUC","Ductwork","Ductwork","connected:d3:15669900:Air Terminals","NWB-ARC-WBH-AR-MOD-0035","PPT.07.171","Cleaner's Room","PPT","","","PPT","","","WBH","HO","PPT","SI5","WBH-HO-07-PPT-ME-SI5"
"20260802_005303","NWB_PARAMETERS AutoFill","MECHANICAL DUCTWORK LAYOUT - LEVEL 07 - ZONE 153","model","selection","smart","Both","skip-other-users","15669852","Ducts","Rectangular Duct","","LEVEL 07","Exhaust Air","Flanged Long Radius Elbows / Shoe Branch","NWB_WBS03","PPT","PPT","PPT","OK","verified","instance","Shared Parameter","9214750","NWB_WBS03","String","False","1","1","45","MDUC","Ductwork","Ductwork","connected:d3:15669900:Air Terminals","NWB-ARC-WBH-AR-MOD-0035","PPT.07.171","Cleaner's Room","PPT","","","PPT","","","WBH","HO","PPT","SI5","WBH-HO-07-PPT-ME-SI5"
"20260802_005303","NWB_PARAMETERS AutoFill","MECHANICAL DUCTWORK LAYOUT - LEVEL 07 - ZONE 153","model","selection","smart","Both","skip-other-users","15669852","Ducts","Rectangular Duct","","LEVEL 07","Exhaust Air","Flanged Long Radius Elbows / Shoe Branch","NWB_WBSCode","WBH-HO-07-PPT-ME-SI5","WBH-HO-07-PPT-ME-SI5","WBH-HO-07-PPT-ME-SI5","OK","verified","instance","Shared Parameter","9214774","NWB_WBSCode","String","False","1","1","45","MDUC","Ductwork","Ductwork","connected:d3:15669900:Air Terminals","NWB-ARC-WBH-AR-MOD-0035","PPT.07.171","Cleaner's Room","PPT","","","PPT","","","WBH","HO","PPT","SI5","WBH-HO-07-PPT-ME-SI5"
"20260802_005303","NWB_PARAMETERS AutoFill","MECHANICAL DUCTWORK LAYOUT - LEVEL 07 - ZONE 153","model","selection","smart","Both","skip-other-users","15671517","Ducts","Rectangular Duct","","LEVEL 07","Exhaust Air","Flanged Long Radius Elbows / Shoe Branch","NWB_Department","PPT","PPT","PPT","OK","verified","instance","Shared Parameter","7626168","NWB_Department","String","False","1","1","45","MDUC","Ductwork","Ductwork","connected:d2:14893604:Air Terminals","NWB-ARC-WBH-AR-MOD-0035","PPT.07.183","Equipment Clean-Up, 14m2","PPT","","","PPT","","","WBH","HO","PPT","SI5","WBH-HO-07-PPT-ME-SI5"
"20260802_005303","NWB_PARAMETERS AutoFill","MECHANICAL DUCTWORK LAYOUT - LEVEL 07 - ZONE 153","model","selection","smart","Both","skip-other-users","15671517","Ducts","Rectangular Duct","","LEVEL 07","Exhaust Air","Flanged Long Radius Elbows / Shoe Branch","NWB_WBS03","PPT","PPT","PPT","OK","verified","instance","Shared Parameter","9214750","NWB_WBS03","String","False","1","1","45","MDUC","Ductwork","Ductwork","connected:d2:14893604:Air Terminals","NWB-ARC-WBH-AR-MOD-0035","PPT.07.183","Equipment Clean-Up, 14m2","PPT","","","PPT","","","WBH","HO","PPT","SI5","WBH-HO-07-PPT-ME-SI5"
"20260802_005303","NWB_PARAMETERS AutoFill","MECHANICAL DUCTWORK LAYOUT - LEVEL 07 - ZONE 153","model","selection","smart","Both","skip-other-users","15671517","Ducts","Rectangular Duct","","LEVEL 07","Exhaust Air","Flanged Long Radius Elbows / Shoe Branch","NWB_WBSCode","WBH-HO-07-PPT-ME-SI5","WBH-HO-07-PPT-ME-SI5","WBH-HO-07-PPT-ME-SI5","OK","verified","instance","Shared Parameter","9214774","NWB_WBSCode","String","False","1","1","45","MDUC","Ductwork","Ductwork","connected:d2:14893604:Air Terminals","NWB-ARC-WBH-AR-MOD-0035","PPT.07.183","Equipment Clean-Up, 14m2","PPT","","","PPT","","","WBH","HO","PPT","SI5","WBH-HO-07-PPT-ME-SI5"
"20260802_005303","NWB_PARAMETERS AutoFill","MECHANICAL DUCTWORK LAYOUT - LEVEL 07 - ZONE 153","model","selection","smart","Both","skip-other-users","15671591","Duct Fittings","MHT-ME-DF-Rectangular Short Radius Bend - Flanged","","LEVEL 07","Exhaust Air","MHT-ME-DF-Rectangular Short Radius Bend - Flanged","NWB_Department","PPT","PPT","PPT","OK","verified","instance","Shared Parameter","3045159","NWB_Department","String","False","2","2","45","MDUC","Ductwork","Ductwork","connected:d3:14953048:Air Terminals","NWB-ARC-WBH-AR-MOD-0035","PPT.07.170","Store - General","PPT","","","PPT","","","WBH","HO","PPT","SI5","WBH-HO-07-PPT-ME-SI5"
"20260802_005303","NWB_PARAMETERS AutoFill","MECHANICAL DUCTWORK LAYOUT - LEVEL 07 - ZONE 153","model","selection","smart","Both","skip-other-users","15671591","Duct Fittings","MHT-ME-DF-Rectangular Short Radius Bend - Flanged","","LEVEL 07","Exhaust Air","MHT-ME-DF-Rectangular Short Radius Bend - Flanged","NWB_Department","PPT","PPT","PPT","OK","verified","instance","Shared Parameter","7626168","NWB_Department","String","False","2","2","45","MDUC","Ductwork","Ductwork","connected:d3:14953048:Air Terminals","NWB-ARC-WBH-AR-MOD-0035","PPT.07.170","Store - General","PPT","","","PPT","","","WBH","HO","PPT","SI5","WBH-HO-07-PPT-ME-SI5"
"20260802_005303","NWB_PARAMETERS AutoFill","MECHANICAL DUCTWORK LAYOUT - LEVEL 07 - ZONE 153","model","selection","smart","Both","skip-other-users","15671591","Duct Fittings","MHT-ME-DF-Rectangular Short Radius Bend - Flanged","","LEVEL 07","Exhaust Air","MHT-ME-DF-Rectangular Short Radius Bend - Flanged","NWB_WBS03","PPT","PPT","PPT","OK","verified","instance","Shared Parameter","9214750","NWB_WBS03","String","False","1","1","45","MDUC","Ductwork","Ductwork","connected:d3:14953048:Air Terminals","NWB-ARC-WBH-AR-MOD-0035","PPT.07.170","Store - General","PPT","","","PPT","","","WBH","HO","PPT","SI5","WBH-HO-07-PPT-ME-SI5"
"20260802_005303","NWB_PARAMETERS AutoFill","MECHANICAL DUCTWORK LAYOUT - LEVEL 07 - ZONE 153","model","selection","smart","Both","skip-other-users","15671591","Duct Fittings","MHT-ME-DF-Rectangular Short Radius Bend - Flanged","","LEVEL 07","Exhaust Air","MHT-ME-DF-Rectangular Short Radius Bend - Flanged","NWB_WBSCode","WBH-HO-07-PPT-ME-SI5","WBH-HO-07-PPT-ME-SI5","WBH-HO-07-PPT-ME-SI5","OK","verified","instance","Shared Parameter","9214774","NWB_WBSCode","String","False","1","1","45","MDUC","Ductwork","Ductwork","connected:d3:14953048:Air Terminals","NWB-ARC-WBH-AR-MOD-0035","PPT.07.170","Store - General","PPT","","","PPT","","","WBH","HO","PPT","SI5","WBH-HO-07-PPT-ME-SI5"
"20260802_005303","NWB_PARAMETERS AutoFill","MECHANICAL DUCTWORK LAYOUT - LEVEL 07 - ZONE 153","model","selection","smart","Both","skip-other-users","15673154","Duct Accessories","MHT-ME-Fire Damper-02","","LEVEL 07","Exhaust Air","MHT-ME-FAM-FAM-Fire Damper","NWB_Department","PAT","PAT","PAT","OK","verified","instance","Shared Parameter","7626168","NWB_Department","String","False","1","1","37","MDUC","Ductwork","Ductwork","connected:d2:14893475:Air Terminals","NWB-ARC-WBH-AR-MOD-0035","PAT.07.062","Clean-Up Room, 10m2","PAT","","","PAT","","","WBH","HO","PAT","SI5","WBH-HO-07-PAT-ME-SI5"
"20260802_005303","NWB_PARAMETERS AutoFill","MECHANICAL DUCTWORK LAYOUT - LEVEL 07 - ZONE 153","model","selection","smart","Both","skip-other-users","15673154","Duct Accessories","MHT-ME-Fire Damper-02","","LEVEL 07","Exhaust Air","MHT-ME-FAM-FAM-Fire Damper","NWB_WBS03","PAT","PAT","PAT","OK","verified","instance","Shared Parameter","9214750","NWB_WBS03","String","False","1","1","37","MDUC","Ductwork","Ductwork","connected:d2:14893475:Air Terminals","NWB-ARC-WBH-AR-MOD-0035","PAT.07.062","Clean-Up Room, 10m2","PAT","","","PAT","","","WBH","HO","PAT","SI5","WBH-HO-07-PAT-ME-SI5"
"20260802_005303","NWB_PARAMETERS AutoFill","MECHANICAL DUCTWORK LAYOUT - LEVEL 07 - ZONE 153","model","selection","smart","Both","skip-other-users","15673154","Duct Accessories","MHT-ME-Fire Damper-02","","LEVEL 07","Exhaust Air","MHT-ME-FAM-FAM-Fire Damper","NWB_WBSCode","WBH-HO-07-PAT-ME-SI5","WBH-HO-07-PAT-ME-SI5","WBH-HO-07-PAT-ME-SI5","OK","verified","instance","Shared Parameter","9214774","NWB_WBSCode","String","False","1","1","37","MDUC","Ductwork","Ductwork","connected:d2:14893475:Air Terminals","NWB-ARC-WBH-AR-MOD-0035","PAT.07.062","Clean-Up Room, 10m2","PAT","","","PAT","","","WBH","HO","PAT","SI5","WBH-HO-07-PAT-ME-SI5"
"20260802_005303","NWB_PARAMETERS AutoFill","MECHANICAL DUCTWORK LAYOUT - LEVEL 07 - ZONE 153","model","selection","smart","Both","skip-other-users","15673192","Duct Accessories","MHT-ME-Fire Damper-02","","LEVEL 07","Exhaust Air","MHT-ME-FAM-FAM-Fire Damper","NWB_Department","PPT","PPT","PPT","OK","verified","instance","Shared Parameter","7626168","NWB_Department","String","False","1","1","37","MDUC","Ductwork","Ductwork","connected:d3:14953025:Air Terminals","NWB-ARC-WBH-AR-MOD-0035","PPT.07.182","Store - General","PPT","","","PPT","","","WBH","HO","PPT","SI5","WBH-HO-07-PPT-ME-SI5"
"20260802_005303","NWB_PARAMETERS AutoFill","MECHANICAL DUCTWORK LAYOUT - LEVEL 07 - ZONE 153","model","selection","smart","Both","skip-other-users","15673192","Duct Accessories","MHT-ME-Fire Damper-02","","LEVEL 07","Exhaust Air","MHT-ME-FAM-FAM-Fire Damper","NWB_WBS03","PPT","PPT","PPT","OK","verified","instance","Shared Parameter","9214750","NWB_WBS03","String","False","1","1","37","MDUC","Ductwork","Ductwork","connected:d3:14953025:Air Terminals","NWB-ARC-WBH-AR-MOD-0035","PPT.07.182","Store - General","PPT","","","PPT","","","WBH","HO","PPT","SI5","WBH-HO-07-PPT-ME-SI5"
"20260802_005303","NWB_PARAMETERS AutoFill","MECHANICAL DUCTWORK LAYOUT - LEVEL 07 - ZONE 153","model","selection","smart","Both","skip-other-users","15673192","Duct Accessories","MHT-ME-Fire Damper-02","","LEVEL 07","Exhaust Air","MHT-ME-FAM-FAM-Fire Damper","NWB_WBSCode","WBH-HO-07-PPT-ME-SI5","WBH-HO-07-PPT-ME-SI5","WBH-HO-07-PPT-ME-SI5","OK","verified","instance","Shared Parameter","9214774","NWB_WBSCode","String","False","1","1","37","MDUC","Ductwork","Ductwork","connected:d3:14953025:Air Terminals","NWB-ARC-WBH-AR-MOD-0035","PPT.07.182","Store - General","PPT","","","PPT","","","WBH","HO","PPT","SI5","WBH-HO-07-PPT-ME-SI5"
"20260802_005303","NWB_PARAMETERS AutoFill","MECHANICAL DUCTWORK LAYOUT - LEVEL 07 - ZONE 153","model","selection","smart","Both","skip-other-users","15673195","Ducts","Rectangular Duct","","LEVEL 07","Exhaust Air","Flanged Long Radius Elbows / Shoe Branch","NWB_Department","PAT","PAT","PAT","OK","verified","instance","Shared Parameter","7626168","NWB_Department","String","False","1","1","45","MDUC","Ductwork","Ductwork","connected:d4:14893475:Air Terminals","NWB-ARC-WBH-AR-MOD-0035","PAT.07.062","Clean-Up Room, 10m2","PAT","","","PAT","","","WBH","HO","PAT","SI5","WBH-HO-07-PAT-ME-SI5"
"20260802_005303","NWB_PARAMETERS AutoFill","MECHANICAL DUCTWORK LAYOUT - LEVEL 07 - ZONE 153","model","selection","smart","Both","skip-other-users","15673195","Ducts","Rectangular Duct","","LEVEL 07","Exhaust Air","Flanged Long Radius Elbows / Shoe Branch","NWB_WBS03","PAT","PAT","PAT","OK","verified","instance","Shared Parameter","9214750","NWB_WBS03","String","False","1","1","45","MDUC","Ductwork","Ductwork","connected:d4:14893475:Air Terminals","NWB-ARC-WBH-AR-MOD-0035","PAT.07.062","Clean-Up Room, 10m2","PAT","","","PAT","","","WBH","HO","PAT","SI5","WBH-HO-07-PAT-ME-SI5"
"20260802_005303","NWB_PARAMETERS AutoFill","MECHANICAL DUCTWORK LAYOUT - LEVEL 07 - ZONE 153","model","selection","smart","Both","skip-other-users","15673195","Ducts","Rectangular Duct","","LEVEL 07","Exhaust Air","Flanged Long Radius Elbows / Shoe Branch","NWB_WBSCode","WBH-HO-07-PAT-ME-SI5","WBH-HO-07-PAT-ME-SI5","WBH-HO-07-PAT-ME-SI5","OK","verified","instance","Shared Parameter","9214774","NWB_WBSCode","String","False","1","1","45","MDUC","Ductwork","Ductwork","connected:d4:14893475:Air Terminals","NWB-ARC-WBH-AR-MOD-0035","PAT.07.062","Clean-Up Room, 10m2","PAT","","","PAT","","","WBH","HO","PAT","SI5","WBH-HO-07-PAT-ME-SI5"
"20260802_005303","NWB_PARAMETERS AutoFill","MECHANICAL DUCTWORK LAYOUT - LEVEL 07 - ZONE 153","model","selection","smart","Both","skip-other-users","15679937","Duct Fittings","MHT-ME-DF-Rectangular Short Radius Bend - Flanged","","LEVEL 07","Exhaust Air","MHT-ME-DF-Rectangular Short Radius Bend - Flanged","NWB_Department","PPT","PPT","PPT","OK","verified","instance","Shared Parameter","3045159","NWB_Department","String","False","2","2","45","MDUC","Ductwork","Ductwork","connected:d3:14950650:Air Terminals","NWB-ARC-WBH-AR-MOD-0035","PPT.07.186","Anteroom","PPT","","","PPT","","","WBH","HO","PPT","SI5","WBH-HO-07-PPT-ME-SI5"
"20260802_005303","NWB_PARAMETERS AutoFill","MECHANICAL DUCTWORK LAYOUT - LEVEL 07 - ZONE 153","model","selection","smart","Both","skip-other-users","15679937","Duct Fittings","MHT-ME-DF-Rectangular Short Radius Bend - Flanged","","LEVEL 07","Exhaust Air","MHT-ME-DF-Rectangular Short Radius Bend - Flanged","NWB_Department","PPT","PPT","PPT","OK","verified","instance","Shared Parameter","7626168","NWB_Department","String","False","2","2","45","MDUC","Ductwork","Ductwork","connected:d3:14950650:Air Terminals","NWB-ARC-WBH-AR-MOD-0035","PPT.07.186","Anteroom","PPT","","","PPT","","","WBH","HO","PPT","SI5","WBH-HO-07-PPT-ME-SI5"
"20260802_005303","NWB_PARAMETERS AutoFill","MECHANICAL DUCTWORK LAYOUT - LEVEL 07 - ZONE 153","model","selection","smart","Both","skip-other-users","15679937","Duct Fittings","MHT-ME-DF-Rectangular Short Radius Bend - Flanged","","LEVEL 07","Exhaust Air","MHT-ME-DF-Rectangular Short Radius Bend - Flanged","NWB_WBS03","PPT","PPT","PPT","OK","verified","instance","Shared Parameter","9214750","NWB_WBS03","String","False","1","1","45","MDUC","Ductwork","Ductwork","connected:d3:14950650:Air Terminals","NWB-ARC-WBH-AR-MOD-0035","PPT.07.186","Anteroom","PPT","","","PPT","","","WBH","HO","PPT","SI5","WBH-HO-07-PPT-ME-SI5"
"20260802_005303","NWB_PARAMETERS AutoFill","MECHANICAL DUCTWORK LAYOUT - LEVEL 07 - ZONE 153","model","selection","smart","Both","skip-other-users","15679937","Duct Fittings","MHT-ME-DF-Rectangular Short Radius Bend - Flanged","","LEVEL 07","Exhaust Air","MHT-ME-DF-Rectangular Short Radius Bend - Flanged","NWB_WBSCode","WBH-HO-07-PPT-ME-SI5","WBH-HO-07-PPT-ME-SI5","WBH-HO-07-PPT-ME-SI5","OK","verified","instance","Shared Parameter","9214774","NWB_WBSCode","String","False","1","1","45","MDUC","Ductwork","Ductwork","connected:d3:14950650:Air Terminals","NWB-ARC-WBH-AR-MOD-0035","PPT.07.186","Anteroom","PPT","","","PPT","","","WBH","HO","PPT","SI5","WBH-HO-07-PPT-ME-SI5"
