START | Tool=NWB_PARAMETERS AutoFill
START | View=MECHANICAL DUCTWORK LAYOUT - LEVEL 09
START | ViewId=9423012
START | ViewMode=model
START | WriteMode=smart
START | ParameterTargetMode=SharedOnly
START | WorksharingMode=skip-other-users
START | ProcessingScope=selection
START | SelectedInputCount=133
START | ArchRoomLink=AUTO
START | SiteOverride=WBH
START | BuildingOverride=WBH
START | DesignPkgOverride=
START | BuildingPermitOverride=
START | ExportAudit=True
START | AuditFile=C:\Users\Gino Moreno\AppData\Roaming\pyRevit\Extensions\MHTTools.extension\MEINHARDT.tab\MEP Data.panel\Data Manage.pulldown\NWB_PARAMETERS AutoFill.pushbutton\logs\NWB_PARAMETERS_AutoFill_20260801_160501_audit.csv
WORKBOOK | C:\Users\Gino Moreno\AppData\Roaming\pyRevit\Extensions\MHTTools.extension\MEINHARDT.tab\MEP Data.panel\Data Manage.pulldown\NWB Dim AutoFill.pushbutton\NWB-WAL-GEN-DE-REG-0003.xlsx
READY | Elements=133 | AssetRows=1299 | Log=C:\Users\Gino Moreno\AppData\Roaming\pyRevit\Extensions\MHTTools.extension\MEINHARDT.tab\MEP Data.panel\Data Manage.pulldown\NWB_PARAMETERS AutoFill.pushbutton\logs\NWB_PARAMETERS_AutoFill_20260801_160501.log
READY | CategoryBreakdown=Air Terminals=10; Duct Accessories=4; Duct Fittings=67; Ducts=44; Flex Ducts=6; Mechanical Equipment=2
READY | EligibleElementIds=13054927, 13054929, 13054931, 13054933, 13054934, 13054935, 13054936, 13054937, 13054941, 13054955, 13054957, 13055028, 13055291, 13055299, 13055379, 13055386, 13055389, 13055537, 13055646, 13056253, 13056255, 13056530, 13056753, 13058696, 13060677, 13561571, 13561587, 13561592, 13561596, 13645572, 13768125, 13768128, 13770473, 13770483, 13770484, 13770491, 13773200, 13773202, 13773204, 13773206, 13773211, 13773213, 13773216, 14668084, 14685772, 14849564, 14855358, 14855361, 14855362, 14855372, 14855388, 14855390, 14855394, 14855399, 14855402, 14855404, 14855406, 14855408, 14855412, 14855413, 14855414, 14855415, 14855417, 14855418, 14855422, 14855424, 14855439, 14855440, 14855442, 14855453, 14855457, 14855461, 14855462, 14855465, 14855467, 14855469, 14855471, 14855473, 14855493, 14855500, 14855505, 14855514, 14866500, 14924704, 14924705, 14924707, 14928811, 14997729, 14997751, 14997753, 14997755, 15255774, 15256316, 15267744, 15267746, 15267748, 15267750, 15267751, 15267752, 15267753, 15267754, 15267755, 15267756, 15267758, 15267761, 15267765, 15267766, 15267769, 15267770, 15267771, 15267777, 15267778, 15267782, 15267783, 15268815, 15268816, 15268817, 15268819, 15269037, 15269523, 15269525, 15269567, 15269568, 15269569, 15269570, 15269678, 15269679, 15269681, 15269683, 15269685, 15269686, 15269689, 15272860
INFO | Candidate: NWB_AssetTypeCode | Scope=instance | Storage=String | ReadOnly=False | Shared=True | Id=7626182
INFO | Writing INSTANCE parameter 'NWB_AssetTypeCode' on element 13054927
INFO | Element 13054927 | NWB_AssetTypeCode | Kind=Shared Parameter | Scope=instance | Storage=String | Old='MSAG' | New='MAGS'
INFO | Candidate: NWB_AssetType | Scope=instance | Storage=String | ReadOnly=False | Shared=True | Id=7626181
INFO | Writing INSTANCE parameter 'NWB_AssetType' on element 13054927
INFO | Element 13054927 | NWB_AssetType | Kind=Shared Parameter | Scope=instance | Storage=String | Old='Supply Air Grill' | New='Air Grilles'
INFO | Candidate: NWB_Discipline | Scope=instance | Storage=String | ReadOnly=False | Shared=True | Id=7626159
INFO | Writing INSTANCE parameter 'NWB_Discipline' on element 13054927
INFO | Element 13054927 | NWB_Discipline | Kind=Shared Parameter | Scope=instance | Storage=String | Old='Mechanical' | New='ME'
INFO | Candidate: NWB_Category | Scope=instance | Storage=String | ReadOnly=False | Shared=True | Id=7626160
INFO | Candidate: NWB_Department | Scope=instance | Storage=String | ReadOnly=False | Shared=True | Id=7626168
INFO | Writing INSTANCE parameter 'NWB_Department' on element 13054927
INFO | Element 13054927 | NWB_Department | Kind=Shared Parameter | Scope=instance | Storage=String | Old='' | New='High Dependency Unit'
INFO | Candidate: NWB_System | Scope=instance | Storage=String | ReadOnly=False | Shared=True | Id=7626163
INFO | Candidate: NWB_UniclassCode | Scope=instance | Storage=String | ReadOnly=False | Shared=True | Id=7626165
INFO | Candidate: NWB_UniclassDescription | Scope=instance | Storage=String | ReadOnly=False | Shared=True | Id=7626166
INFO | Writing INSTANCE parameter 'NWB_UniclassDescription' on element 13054927
INFO | Element 13054927 | NWB_UniclassDescription | Kind=Shared Parameter | Scope=instance | Storage=String | Old='' | New='Air grilles'
INFO | Candidate: NWB_DesignPkg | Scope=instance | Storage=String | ReadOnly=False | Shared=True | Id=7626167
INFO | Writing INSTANCE parameter 'NWB_DesignPkg' on element 13054927
INFO | Element 13054927 | NWB_DesignPkg | Kind=Shared Parameter | Scope=instance | Storage=String | Old='' | New='NWB-GEN-ME-SCM-1091-A'
ERROR | Element 13054927 | Category=Air Terminals | Family= | Parameter=NWB_BuildingPermitPkg | Reason=missing | Writable sample: AHU_AreaServed, AHU_Serves, AHU_Type, AHU_ZoneNumber, AQ, Building_No, COMPLETE Y/N, Classification.UniFormat.2010.Description, Classification.UniFormat.2010.Number, Comments, Elevation from Level, Export to IFC, Export to IFC As, Family, Family and Type, Flow, IFC Predefined Type, IfcGUID, Image, Legend Description
INFO | Candidate: NWB_WBS00 | Scope=instance | Storage=String | ReadOnly=True | Shared=True | Id=9214738
ERROR | Element 13054927 | Category=Air Terminals | Family= | Parameter=NWB_WBS00 | Reason=readonly | Writable sample: AHU_AreaServed, AHU_Serves, AHU_Type, AHU_ZoneNumber, AQ, Building_No, COMPLETE Y/N, Classification.UniFormat.2010.Description, Classification.UniFormat.2010.Number, Comments, Elevation from Level, Export to IFC, Export to IFC As, Family, Family and Type, Flow, IFC Predefined Type, IfcGUID, Image, Legend Description
INFO | Candidate: NWB_WBS01 | Scope=instance | Storage=String | ReadOnly=True | Shared=True | Id=9214798
ERROR | Element 13054927 | Category=Air Terminals | Family= | Parameter=NWB_WBS01 | Reason=readonly | Writable sample: AHU_AreaServed, AHU_Serves, AHU_Type, AHU_ZoneNumber, AQ, Building_No, COMPLETE Y/N, Classification.UniFormat.2010.Description, Classification.UniFormat.2010.Number, Comments, Elevation from Level, Export to IFC, Export to IFC As, Family, Family and Type, Flow, IFC Predefined Type, IfcGUID, Image, Legend Description
INFO | Candidate: NWB_WBS02 | Scope=instance | Storage=String | ReadOnly=False | Shared=True | Id=9214786
INFO | Candidate: NWB_WBS03 | Scope=instance | Storage=String | ReadOnly=False | Shared=True | Id=9214750
INFO | Writing INSTANCE parameter 'NWB_WBS03' on element 13054927
INFO | Element 13054927 | NWB_WBS03 | Kind=Shared Parameter | Scope=instance | Storage=String | Old='High Dependency Unit' | New='HDU'
INFO | Candidate: NWB_WBS04 | Scope=instance | Storage=String | ReadOnly=True | Shared=True | Id=9214762
ERROR | Element 13054927 | Category=Air Terminals | Family= | Parameter=NWB_WBS04 | Reason=readonly | Writable sample: AHU_AreaServed, AHU_Serves, AHU_Type, AHU_ZoneNumber, AQ, Building_No, COMPLETE Y/N, Classification.UniFormat.2010.Description, Classification.UniFormat.2010.Number, Comments, Elevation from Level, Export to IFC, Export to IFC As, Family, Family and Type, Flow, IFC Predefined Type, IfcGUID, Image, Legend Description
INFO | Candidate: NWB_WBS05 | Scope=instance | Storage=String | ReadOnly=True | Shared=True | Id=9214810
ERROR | Element 13054927 | Category=Air Terminals | Family= | Parameter=NWB_WBS05 | Reason=readonly | Writable sample: AHU_AreaServed, AHU_Serves, AHU_Type, AHU_ZoneNumber, AQ, Building_No, COMPLETE Y/N, Classification.UniFormat.2010.Description, Classification.UniFormat.2010.Number, Comments, Elevation from Level, Export to IFC, Export to IFC As, Family, Family and Type, Flow, IFC Predefined Type, IfcGUID, Image, Legend Description
INFO | Candidate: NWB_WBSCode | Scope=instance | Storage=String | ReadOnly=False | Shared=True | Id=9214774
INFO | Writing INSTANCE parameter 'NWB_WBSCode' on element 13054927
INFO | Element 13054927 | NWB_WBSCode | Kind=Shared Parameter | Scope=instance | Storage=String | Old='WBH-HO-09-IPG-ME-SI5' | New='WBH-HO-09-HDU-ME-SI5'
SOURCE | Element 13054927 | Cat=Air Terminals | Family=MHT_AT_S Air Diff Swirl | Type= | Level=LEVEL 09 | System=Supply Air | LinkedRoomLink=NWB-ACD-WBH-MH-MOD-0001 | LinkedRoomNumber=HDU.09.131 | LinkedRoomName=Meeting Room, 20m2 | LinkedRoomDept=High Dependency Unit | LinkedRoomBuilding= | LinkedRoomSite= | LinkedRoomSource=self | ResolvedDept=High Dependency Unit | ResolvedBuilding= | ResolvedSite= | DisciplineHint=mechanical | AssetCandidates=air terminals, air terminal | WBS00=WBH | WBS01=HO | WBS03=HDU | DesignPkg=NWB-GEN-ME-SCM-1091-A | BuildingPermitPkg=WBH - BP09
ELEMENT | 13054927 | Cat=Air Terminals | AssetScore=36 | AssetTypeCode=MAGS | AssetType=Air Grilles | AssetCategory=Air Terminal | Targets=NWB_AssetTypeCode=MAGS; NWB_AssetType=Air Grilles; NWB_Discipline=ME; NWB_Category=Air Terminal; NWB_Department=High Dependency Unit; NWB_Material=; NWB_System=Supply Air; NWB_UniclassCode=Pr_70_65_04_03; NWB_UniclassDescription=Air grilles; NWB_DesignPkg=NWB-GEN-ME-SCM-1091-A; NWB_BuildingPermitPkg=WBH - BP09; NWB_WBS00=WBH; NWB_WBS01=HO; NWB_WBS02=09; NWB_WBS03=HDU; NWB_WBS04=ME; NWB_WBS05=SI5; NWB_WBSCode=WBH-HO-09-HDU-ME-SI5
INFO | Candidate: NWB_AssetTypeCode | Scope=instance | Storage=String | ReadOnly=False | Shared=True | Id=7626182
INFO | Candidate: NWB_AssetType | Scope=instance | Storage=String | ReadOnly=False | Shared=True | Id=7626181
INFO | Candidate: NWB_Discipline | Scope=instance | Storage=String | ReadOnly=False | Shared=True | Id=7626159
INFO | Candidate: NWB_Category | Scope=instance | Storage=String | ReadOnly=False | Shared=True | Id=7626160
INFO | Candidate: NWB_System | Scope=instance | Storage=String | ReadOnly=False | Shared=True | Id=7626163
INFO | Candidate: NWB_UniclassCode | Scope=instance | Storage=String | ReadOnly=False | Shared=True | Id=7626165
INFO | Candidate: NWB_UniclassDescription | Scope=instance | Storage=String | ReadOnly=False | Shared=True | Id=7626166
INFO | Candidate: NWB_DesignPkg | Scope=instance | Storage=String | ReadOnly=False | Shared=True | Id=7626167
ERROR | Element 13054929 | Category=Ducts | Family= | Parameter=NWB_BuildingPermitPkg | Reason=missing | Writable sample: AHU, AHU_AreaServed, AHU_Serves, AHU_Type, AHU_ZoneNumber, Additional Flow, Building_No, COMPLETE Y/N, Classification.OmniClass.21.Description_INSTANCE, Classification.OmniClass.21.Number_INSTANCE, Classification.OmniClass.22.Description_INSTANCE, Classification.OmniClass.22.Number_INSTANCE, Classification.OmniClass.23.Description_INSTANCE, Classification.OmniClass.23.Number_INSTANCE, Classification.UniFormat.2010.Description, Classification.UniFormat.2010.Number, Comments, DUCT NUMBER, Description BOM Suffix, Duct Number
INFO | Candidate: NWB_WBS00 | Scope=instance | Storage=String | ReadOnly=False | Shared=True | Id=9214738
INFO | Candidate: NWB_WBS01 | Scope=instance | Storage=String | ReadOnly=False | Shared=True | Id=9214798
INFO | Candidate: NWB_WBS02 | Scope=instance | Storage=String | ReadOnly=False | Shared=True | Id=9214786
INFO | Candidate: NWB_WBS03 | Scope=instance | Storage=String | ReadOnly=False | Shared=True | Id=9214750
INFO | Candidate: NWB_WBS04 | Scope=instance | Storage=String | ReadOnly=False | Shared=True | Id=9214762
INFO | Candidate: NWB_WBS05 | Scope=instance | Storage=String | ReadOnly=False | Shared=True | Id=9214810
INFO | Writing INSTANCE parameter 'NWB_WBS05' on element 13054929
INFO | Element 13054929 | NWB_WBS05 | Kind=Shared Parameter | Scope=instance | Storage=String | Old='SP' | New='SI5'
INFO | Candidate: NWB_WBSCode | Scope=instance | Storage=String | ReadOnly=False | Shared=True | Id=9214774
INFO | Writing INSTANCE parameter 'NWB_WBSCode' on element 13054929
INFO | Element 13054929 | NWB_WBSCode | Kind=Shared Parameter | Scope=instance | Storage=String | Old='WBH-HO-09-Z00-ME-SP' | New='WBH-HO-09-Z00-ME-SI5'
SOURCE | Element 13054929 | Cat=Ducts | Family=Rectangular Duct | Type= | Level=LEVEL 09 | System=Supply Air | LinkedRoomLink= | LinkedRoomNumber= | LinkedRoomName= | LinkedRoomDept= | LinkedRoomBuilding= | LinkedRoomSite= | LinkedRoomSource= | ResolvedDept= | ResolvedBuilding= | ResolvedSite= | DisciplineHint=mechanical | AssetCandidates=ducts, ductwork | WBS00=WBH | WBS01=HO | WBS03=Z00 | DesignPkg=NWB-GEN-ME-SCM-1091-A | BuildingPermitPkg=WBH - BP09
WARN | Element 13054929 | Department unresolved | ExistingNWBDepartment= | ExistingWBS00=WBH | ExistingWBS01=HO | ExistingDiscipline=ME
ELEMENT | 13054929 | Cat=Ducts | AssetScore=45 | AssetTypeCode=MDUC | AssetType=Ductwork | AssetCategory=Ductwork | Targets=NWB_AssetTypeCode=MDUC; NWB_AssetType=Ductwork; NWB_Discipline=ME; NWB_Category=Ductwork; NWB_Department=; NWB_Material=; NWB_System=Supply Air; NWB_UniclassCode=Pr_65_65_25; NWB_UniclassDescription=Ductwork and fittings; NWB_DesignPkg=NWB-GEN-ME-SCM-1091-A; NWB_BuildingPermitPkg=WBH - BP09; NWB_WBS00=WBH; NWB_WBS01=HO; NWB_WBS02=09; NWB_WBS03=Z00; NWB_WBS04=ME; NWB_WBS05=SI5; NWB_WBSCode=WBH-HO-09-Z00-ME-SI5
INFO | Candidate: NWB_AssetTypeCode | Scope=instance | Storage=String | ReadOnly=False | Shared=True | Id=7626182
INFO | Writing INSTANCE parameter 'NWB_AssetTypeCode' on element 13054931
INFO | Element 13054931 | NWB_AssetTypeCode | Kind=Shared Parameter | Scope=instance | Storage=String | Old='' | New='MDUC'
INFO | Candidate: NWB_AssetType | Scope=instance | Storage=String | ReadOnly=False | Shared=True | Id=7626181
INFO | Writing INSTANCE parameter 'NWB_AssetType' on element 13054931
INFO | Element 13054931 | NWB_AssetType | Kind=Shared Parameter | Scope=instance | Storage=String | Old='' | New='Ductwork'
INFO | Candidate: NWB_Discipline | Scope=instance | Storage=String | ReadOnly=False | Shared=True | Id=7626159
INFO | Writing INSTANCE parameter 'NWB_Discipline' on element 13054931
INFO | Element 13054931 | NWB_Discipline | Kind=Shared Parameter | Scope=instance | Storage=String | Old='Mechanical' | New='ME'
INFO | Candidate: NWB_Category | Scope=instance | Storage=String | ReadOnly=False | Shared=True | Id=7626160
INFO | Writing INSTANCE parameter 'NWB_Category' on element 13054931
INFO | Element 13054931 | NWB_Category | Kind=Shared Parameter | Scope=instance | Storage=String | Old='' | New='Ductwork'
INFO | Candidate: NWB_Material | Scope=instance | Storage=String | ReadOnly=False | Shared=True | Id=7626176
INFO | Writing INSTANCE parameter 'NWB_Material' on element 13054931
INFO | Element 13054931 | NWB_Material | Kind=Shared Parameter | Scope=instance | Storage=String | Old='' | New='9479096'
INFO | Candidate: NWB_System | Scope=instance | Storage=String | ReadOnly=False | Shared=True | Id=7626163
INFO | Candidate: NWB_UniclassCode | Scope=instance | Storage=String | ReadOnly=False | Shared=True | Id=7626165
INFO | Writing INSTANCE parameter 'NWB_UniclassCode' on element 13054931
INFO | Element 13054931 | NWB_UniclassCode | Kind=Shared Parameter | Scope=instance | Storage=String | Old='' | New='Pr_65_65_25'
INFO | Candidate: NWB_UniclassDescription | Scope=instance | Storage=String | ReadOnly=False | Shared=True | Id=7626166
INFO | Writing INSTANCE parameter 'NWB_UniclassDescription' on element 13054931
INFO | Element 13054931 | NWB_UniclassDescription | Kind=Shared Parameter | Scope=instance | Storage=String | Old='' | New='Ductwork and fittings'
INFO | Candidate: NWB_DesignPkg | Scope=instance | Storage=String | ReadOnly=False | Shared=True | Id=7626167
INFO | Writing INSTANCE parameter 'NWB_DesignPkg' on element 13054931
INFO | Element 13054931 | NWB_DesignPkg | Kind=Shared Parameter | Scope=instance | Storage=String | Old='' | New='NWB-GEN-ME-SCM-1091-A'
ERROR | Element 13054931 | Category=Duct Fittings | Family= | Parameter=NWB_BuildingPermitPkg | Reason=missing | Writable sample: AHU, AHU_AreaServed, AHU_Serves, AHU_Type, AHU_ZoneNumber, Building_No, COMPLETE Y/N, Classification.OmniClass.21.Description_INSTANCE, Classification.OmniClass.21.Number_INSTANCE, Classification.OmniClass.22.Description_INSTANCE, Classification.OmniClass.22.Number_INSTANCE, Classification.OmniClass.23.Description_INSTANCE, Classification.OmniClass.23.Number_INSTANCE, Classification.UniFormat.2010.Description, Classification.UniFormat.2010.Number, Comments, Description BOM Suffix, Duct Height1, Duct Length 1, Duct Width1
INFO | Candidate: NWB_WBS00 | Scope=instance | Storage=String | ReadOnly=False | Shared=True | Id=9214738
INFO | Candidate: NWB_WBS01 | Scope=instance | Storage=String | ReadOnly=False | Shared=True | Id=9214798
INFO | Candidate: NWB_WBS02 | Scope=instance | Storage=String | ReadOnly=False | Shared=True | Id=9214786
INFO | Candidate: NWB_WBS03 | Scope=instance | Storage=String | ReadOnly=False | Shared=True | Id=9214750
INFO | Candidate: NWB_WBS04 | Scope=instance | Storage=String | ReadOnly=False | Shared=True | Id=9214762
INFO | Candidate: NWB_WBS05 | Scope=instance | Storage=String | ReadOnly=False | Shared=True | Id=9214810
INFO | Candidate: NWB_WBSCode | Scope=instance | Storage=String | ReadOnly=False | Shared=True | Id=9214774
SOURCE | Element 13054931 | Cat=Duct Fittings | Family=MHT-ME-DF-Square Cap-BMA | Type= | Level=LEVEL 09 | System=Supply Air | LinkedRoomLink= | LinkedRoomNumber= | LinkedRoomName= | LinkedRoomDept= | LinkedRoomBuilding= | LinkedRoomSite= | LinkedRoomSource= | ResolvedDept= | ResolvedBuilding= | ResolvedSite= | DisciplineHint=mechanical | AssetCandidates=duct fittings, ductwork | WBS00=WBH | WBS01=HO | WBS03=Z00 | DesignPkg=NWB-GEN-ME-SCM-1091-A | BuildingPermitPkg=WBH - BP09
WARN | Element 13054931 | Department unresolved | ExistingNWBDepartment= | ExistingWBS00=WBH | ExistingWBS01=HO | ExistingDiscipline=Mechanical
ELEMENT | 13054931 | Cat=Duct Fittings | AssetScore=45 | AssetTypeCode=MDUC | AssetType=Ductwork | AssetCategory=Ductwork | Targets=NWB_AssetTypeCode=MDUC; NWB_AssetType=Ductwork; NWB_Discipline=ME; NWB_Category=Ductwork; NWB_Department=; NWB_Material=9479096; NWB_System=Supply Air; NWB_UniclassCode=Pr_65_65_25; NWB_UniclassDescription=Ductwork and fittings; NWB_DesignPkg=NWB-GEN-ME-SCM-1091-A; NWB_BuildingPermitPkg=WBH - BP09; NWB_WBS00=WBH; NWB_WBS01=HO; NWB_WBS02=09; NWB_WBS03=Z00; NWB_WBS04=ME; NWB_WBS05=SI5; NWB_WBSCode=WBH-HO-09-Z00-ME-SI5
INFO | Candidate: NWB_AssetTypeCode | Scope=instance | Storage=String | ReadOnly=False | Shared=True | Id=7626182
INFO | Writing INSTANCE parameter 'NWB_AssetTypeCode' on element 13054933
INFO | Element 13054933 | NWB_AssetTypeCode | Kind=Shared Parameter | Scope=instance | Storage=String | Old='' | New='MDUC'
INFO | Candidate: NWB_AssetType | Scope=instance | Storage=String | ReadOnly=False | Shared=True | Id=7626181
INFO | Writing INSTANCE parameter 'NWB_AssetType' on element 13054933
INFO | Element 13054933 | NWB_AssetType | Kind=Shared Parameter | Scope=instance | Storage=String | Old='' | New='Ductwork'
INFO | Candidate: NWB_Discipline | Scope=instance | Storage=String | ReadOnly=False | Shared=True | Id=7626159
INFO | Writing INSTANCE parameter 'NWB_Discipline' on element 13054933
INFO | Element 13054933 | NWB_Discipline | Kind=Shared Parameter | Scope=instance | Storage=String | Old='Mechanical' | New='ME'
INFO | Candidate: NWB_Category | Scope=instance | Storage=String | ReadOnly=False | Shared=True | Id=7626160
INFO | Writing INSTANCE parameter 'NWB_Category' on element 13054933
INFO | Element 13054933 | NWB_Category | Kind=Shared Parameter | Scope=instance | Storage=String | Old='' | New='Ductwork'
INFO | Candidate: NWB_System | Scope=instance | Storage=String | ReadOnly=False | Shared=True | Id=7626163
INFO | Candidate: NWB_UniclassCode | Scope=instance | Storage=String | ReadOnly=False | Shared=True | Id=7626165
INFO | Writing INSTANCE parameter 'NWB_UniclassCode' on element 13054933
INFO | Element 13054933 | NWB_UniclassCode | Kind=Shared Parameter | Scope=instance | Storage=String | Old='' | New='Pr_65_65_25'
INFO | Candidate: NWB_UniclassDescription | Scope=instance | Storage=String | ReadOnly=False | Shared=True | Id=7626166
INFO | Writing INSTANCE parameter 'NWB_UniclassDescription' on element 13054933
INFO | Element 13054933 | NWB_UniclassDescription | Kind=Shared Parameter | Scope=instance | Storage=String | Old='' | New='Ductwork and fittings'
INFO | Candidate: NWB_DesignPkg | Scope=instance | Storage=String | ReadOnly=False | Shared=True | Id=7626167
INFO | Writing INSTANCE parameter 'NWB_DesignPkg' on element 13054933
INFO | Element 13054933 | NWB_DesignPkg | Kind=Shared Parameter | Scope=instance | Storage=String | Old='' | New='NWB-GEN-ME-SCM-1091-A'
ERROR | Element 13054933 | Category=Duct Fittings | Family= | Parameter=NWB_BuildingPermitPkg | Reason=missing | Writable sample: AHU, AHU_AreaServed, AHU_Serves, AHU_Type, AHU_ZoneNumber, AP LEFT, Building_No, COMPLETE Y/N, Classification.OmniClass.21.Description_INSTANCE, Classification.OmniClass.21.Number_INSTANCE, Classification.OmniClass.22.Description_INSTANCE, Classification.OmniClass.22.Number_INSTANCE, Classification.OmniClass.23.Description_INSTANCE, Classification.OmniClass.23.Number_INSTANCE, Classification.UniFormat.2010.Description, Classification.UniFormat.2010.Number, Comments, Description BOM Suffix, Duct Height 1, Duct Width 1
INFO | Candidate: NWB_WBS00 | Scope=instance | Storage=String | ReadOnly=False | Shared=True | Id=9214738
INFO | Candidate: NWB_WBS01 | Scope=instance | Storage=String | ReadOnly=False | Shared=True | Id=9214798
INFO | Candidate: NWB_WBS02 | Scope=instance | Storage=String | ReadOnly=False | Shared=True | Id=9214786
INFO | Candidate: NWB_WBS03 | Scope=instance | Storage=String | ReadOnly=False | Shared=True | Id=9214750
INFO | Candidate: NWB_WBS04 | Scope=instance | Storage=String | ReadOnly=False | Shared=True | Id=9214762
INFO | Candidate: NWB_WBS05 | Scope=instance | Storage=String | ReadOnly=False | Shared=True | Id=9214810
INFO | Candidate: NWB_WBSCode | Scope=instance | Storage=String | ReadOnly=False | Shared=True | Id=9214774
SOURCE | Element 13054933 | Cat=Duct Fittings | Family=Plenum Box with Filter-R1 | Type= | Level=LEVEL 09 | System=Return Air | LinkedRoomLink= | LinkedRoomNumber= | LinkedRoomName= | LinkedRoomDept= | LinkedRoomBuilding= | LinkedRoomSite= | LinkedRoomSource= | ResolvedDept= | ResolvedBuilding= | ResolvedSite= | DisciplineHint=mechanical | AssetCandidates=duct fittings, ductwork | WBS00=WBH | WBS01=HO | WBS03=Z00 | DesignPkg=NWB-GEN-ME-SCM-1091-A | BuildingPermitPkg=WBH - BP09
WARN | Element 13054933 | Department unresolved | ExistingNWBDepartment= | ExistingWBS00=WBH | ExistingWBS01=HO | ExistingDiscipline=Mechanical
ELEMENT | 13054933 | Cat=Duct Fittings | AssetScore=45 | AssetTypeCode=MDUC | AssetType=Ductwork | AssetCategory=Ductwork | Targets=NWB_AssetTypeCode=MDUC; NWB_AssetType=Ductwork; NWB_Discipline=ME; NWB_Category=Ductwork; NWB_Department=; NWB_Material=; NWB_System=Return Air; NWB_UniclassCode=Pr_65_65_25; NWB_UniclassDescription=Ductwork and fittings; NWB_DesignPkg=NWB-GEN-ME-SCM-1091-A; NWB_BuildingPermitPkg=WBH - BP09; NWB_WBS00=WBH; NWB_WBS01=HO; NWB_WBS02=09; NWB_WBS03=Z00; NWB_WBS04=ME; NWB_WBS05=SI5; NWB_WBSCode=WBH-HO-09-Z00-ME-SI5
INFO | Candidate: NWB_AssetTypeCode | Scope=instance | Storage=String | ReadOnly=False | Shared=True | Id=7626182
INFO | Writing INSTANCE parameter 'NWB_AssetTypeCode' on element 13054934
INFO | Element 13054934 | NWB_AssetTypeCode | Kind=Shared Parameter | Scope=instance | Storage=String | Old='' | New='MDUC'
INFO | Candidate: NWB_AssetType | Scope=instance | Storage=String | ReadOnly=False | Shared=True | Id=7626181
INFO | Writing INSTANCE parameter 'NWB_AssetType' on element 13054934
INFO | Element 13054934 | NWB_AssetType | Kind=Shared Parameter | Scope=instance | Storage=String | Old='' | New='Ductwork'
INFO | Candidate: NWB_Discipline | Scope=instance | Storage=String | ReadOnly=False | Shared=True | Id=7626159
INFO | Writing INSTANCE parameter 'NWB_Discipline' on element 13054934
INFO | Element 13054934 | NWB_Discipline | Kind=Shared Parameter | Scope=instance | Storage=String | Old='Mechanical' | New='ME'
INFO | Candidate: NWB_Category | Scope=instance | Storage=String | ReadOnly=False | Shared=True | Id=7626160
INFO | Writing INSTANCE parameter 'NWB_Category' on element 13054934
INFO | Element 13054934 | NWB_Category | Kind=Shared Parameter | Scope=instance | Storage=String | Old='' | New='Ductwork'
INFO | Candidate: NWB_System | Scope=instance | Storage=String | ReadOnly=False | Shared=True | Id=7626163
INFO | Writing INSTANCE parameter 'NWB_System' on element 13054934
INFO | Element 13054934 | NWB_System | Kind=Shared Parameter | Scope=instance | Storage=String | Old='' | New='Return Air'
INFO | Candidate: NWB_UniclassCode | Scope=instance | Storage=String | ReadOnly=False | Shared=True | Id=7626165
INFO | Writing INSTANCE parameter 'NWB_UniclassCode' on element 13054934
INFO | Element 13054934 | NWB_UniclassCode | Kind=Shared Parameter | Scope=instance | Storage=String | Old='' | New='Pr_65_65_25'
INFO | Candidate: NWB_UniclassDescription | Scope=instance | Storage=String | ReadOnly=False | Shared=True | Id=7626166
INFO | Writing INSTANCE parameter 'NWB_UniclassDescription' on element 13054934
INFO | Element 13054934 | NWB_UniclassDescription | Kind=Shared Parameter | Scope=instance | Storage=String | Old='' | New='Ductwork and fittings'
INFO | Candidate: NWB_DesignPkg | Scope=instance | Storage=String | ReadOnly=False | Shared=True | Id=7626167
INFO | Writing INSTANCE parameter 'NWB_DesignPkg' on element 13054934
INFO | Element 13054934 | NWB_DesignPkg | Kind=Shared Parameter | Scope=instance | Storage=String | Old='' | New='NWB-GEN-ME-SCM-1091-A'
ERROR | Element 13054934 | Category=Duct Accessories | Family= | Parameter=NWB_BuildingPermitPkg | Reason=missing | Writable sample: AHU, AHU_AreaServed, AHU_Serves, AHU_Type, AHU_ZoneNumber, AIR OFF CONNECTION, AIR ON CONNECTION, ARRANGEMENT, Building_No, COMPLETE Y/N, Classification.UniFormat.2010.Description, Classification.UniFormat.2010.Number, Comments, Description BOM Suffix, EQUIP TAG, Elevation from Level, Export to IFC, Export to IFC As, FLANGE SIZE, Family
INFO | Candidate: NWB_WBS00 | Scope=instance | Storage=String | ReadOnly=False | Shared=True | Id=9214738
INFO | Candidate: NWB_WBS01 | Scope=instance | Storage=String | ReadOnly=False | Shared=True | Id=9214798
INFO | Candidate: NWB_WBS02 | Scope=instance | Storage=String | ReadOnly=False | Shared=True | Id=9214786
INFO | Candidate: NWB_WBS03 | Scope=instance | Storage=String | ReadOnly=False | Shared=True | Id=9214750
INFO | Candidate: NWB_WBS04 | Scope=instance | Storage=String | ReadOnly=False | Shared=True | Id=9214762
INFO | Candidate: NWB_WBS05 | Scope=instance | Storage=String | ReadOnly=False | Shared=True | Id=9214810
INFO | Candidate: NWB_WBSCode | Scope=instance | Storage=String | ReadOnly=False | Shared=True | Id=9214774
SOURCE | Element 13054934 | Cat=Duct Accessories | Family=VOLUME CONTROL DAMPER SQUARE | Type= | Level=LEVEL 09 | System=Return Air | LinkedRoomLink= | LinkedRoomNumber= | LinkedRoomName= | LinkedRoomDept= | LinkedRoomBuilding= | LinkedRoomSite= | LinkedRoomSource= | ResolvedDept= | ResolvedBuilding= | ResolvedSite= | DisciplineHint=mechanical | AssetCandidates=duct accessories, ductwork | WBS00=WBH | WBS01=HO | WBS03=Z00 | DesignPkg=NWB-GEN-ME-SCM-1091-A | BuildingPermitPkg=WBH - BP09
WARN | Element 13054934 | Department unresolved | ExistingNWBDepartment= | ExistingWBS00=WBH | ExistingWBS01=HO | ExistingDiscipline=Mechanical
ELEMENT | 13054934 | Cat=Duct Accessories | AssetScore=45 | AssetTypeCode=MDUC | AssetType=Ductwork | AssetCategory=Ductwork | Targets=NWB_AssetTypeCode=MDUC; NWB_AssetType=Ductwork; NWB_Discipline=ME; NWB_Category=Ductwork; NWB_Department=; NWB_Material=; NWB_System=Return Air; NWB_UniclassCode=Pr_65_65_25; NWB_UniclassDescription=Ductwork and fittings; NWB_DesignPkg=NWB-GEN-ME-SCM-1091-A; NWB_BuildingPermitPkg=WBH - BP09; NWB_WBS00=WBH; NWB_WBS01=HO; NWB_WBS02=09; NWB_WBS03=Z00; NWB_WBS04=ME; NWB_WBS05=SI5; NWB_WBSCode=WBH-HO-09-Z00-ME-SI5
INFO | Candidate: NWB_AssetTypeCode | Scope=instance | Storage=String | ReadOnly=False | Shared=True | Id=7626182
INFO | Writing INSTANCE parameter 'NWB_AssetTypeCode' on element 13054935
INFO | Element 13054935 | NWB_AssetTypeCode | Kind=Shared Parameter | Scope=instance | Storage=String | Old='' | New='MDUC'
INFO | Candidate: NWB_AssetType | Scope=instance | Storage=String | ReadOnly=False | Shared=True | Id=7626181
INFO | Writing INSTANCE parameter 'NWB_AssetType' on element 13054935
INFO | Element 13054935 | NWB_AssetType | Kind=Shared Parameter | Scope=instance | Storage=String | Old='' | New='Ductwork'
INFO | Candidate: NWB_Discipline | Scope=instance | Storage=String | ReadOnly=False | Shared=True | Id=7626159
INFO | Writing INSTANCE parameter 'NWB_Discipline' on element 13054935
INFO | Element 13054935 | NWB_Discipline | Kind=Shared Parameter | Scope=instance | Storage=String | Old='Mechanical' | New='ME'
INFO | Candidate: NWB_Category | Scope=instance | Storage=String | ReadOnly=False | Shared=True | Id=7626160
INFO | Writing INSTANCE parameter 'NWB_Category' on element 13054935
INFO | Element 13054935 | NWB_Category | Kind=Shared Parameter | Scope=instance | Storage=String | Old='' | New='Ductwork'
INFO | Candidate: NWB_System | Scope=instance | Storage=String | ReadOnly=False | Shared=True | Id=7626163
INFO | Writing INSTANCE parameter 'NWB_System' on element 13054935
INFO | Element 13054935 | NWB_System | Kind=Shared Parameter | Scope=instance | Storage=String | Old='Supply Air' | New='Return Air'
INFO | Candidate: NWB_UniclassCode | Scope=instance | Storage=String | ReadOnly=False | Shared=True | Id=7626165
INFO | Writing INSTANCE parameter 'NWB_UniclassCode' on element 13054935
INFO | Element 13054935 | NWB_UniclassCode | Kind=Shared Parameter | Scope=instance | Storage=String | Old='' | New='Pr_65_65_25'
INFO | Candidate: NWB_UniclassDescription | Scope=instance | Storage=String | ReadOnly=False | Shared=True | Id=7626166
INFO | Writing INSTANCE parameter 'NWB_UniclassDescription' on element 13054935
INFO | Element 13054935 | NWB_UniclassDescription | Kind=Shared Parameter | Scope=instance | Storage=String | Old='' | New='Ductwork and fittings'
INFO | Candidate: NWB_DesignPkg | Scope=instance | Storage=String | ReadOnly=False | Shared=True | Id=7626167
INFO | Writing INSTANCE parameter 'NWB_DesignPkg' on element 13054935
INFO | Element 13054935 | NWB_DesignPkg | Kind=Shared Parameter | Scope=instance | Storage=String | Old='' | New='NWB-GEN-ME-SCM-1091-A'
ERROR | Element 13054935 | Category=Duct Fittings | Family= | Parameter=NWB_BuildingPermitPkg | Reason=missing | Writable sample: AHU, AHU_AreaServed, AHU_Serves, AHU_Type, AHU_ZoneNumber, Building_No, COMPLETE Y/N, Classification.OmniClass.21.Description_INSTANCE, Classification.OmniClass.21.Number_INSTANCE, Classification.OmniClass.22.Description_INSTANCE, Classification.OmniClass.22.Number_INSTANCE, Classification.OmniClass.23.Description_INSTANCE, Classification.OmniClass.23.Number_INSTANCE, Classification.UniFormat.2010.Description, Classification.UniFormat.2010.Number, Comments, Description BOM Suffix, Ductwork Insulation - Lining, Elevation from Level, Export to IFC
INFO | Candidate: NWB_WBS00 | Scope=instance | Storage=String | ReadOnly=False | Shared=True | Id=9214738
INFO | Candidate: NWB_WBS01 | Scope=instance | Storage=String | ReadOnly=False | Shared=True | Id=9214798
INFO | Candidate: NWB_WBS02 | Scope=instance | Storage=String | ReadOnly=False | Shared=True | Id=9214786
INFO | Candidate: NWB_WBS03 | Scope=instance | Storage=String | ReadOnly=False | Shared=True | Id=9214750
INFO | Candidate: NWB_WBS04 | Scope=instance | Storage=String | ReadOnly=False | Shared=True | Id=9214762
INFO | Candidate: NWB_WBS05 | Scope=instance | Storage=String | ReadOnly=False | Shared=True | Id=9214810
INFO | Candidate: NWB_WBSCode | Scope=instance | Storage=String | ReadOnly=False | Shared=True | Id=9214774
SOURCE | Element 13054935 | Cat=Duct Fittings | Family=M_Rectangular_Transition_Angle | Type= | Level=LEVEL 09 | System=Return Air | LinkedRoomLink= | LinkedRoomNumber= | LinkedRoomName= | LinkedRoomDept= | LinkedRoomBuilding= | LinkedRoomSite= | LinkedRoomSource= | ResolvedDept= | ResolvedBuilding= | ResolvedSite= | DisciplineHint=mechanical | AssetCandidates=duct fittings, ductwork | WBS00=WBH | WBS01=HO | WBS03=Z00 | DesignPkg=NWB-GEN-ME-SCM-1091-A | BuildingPermitPkg=WBH - BP09
WARN | Element 13054935 | Department unresolved | ExistingNWBDepartment= | ExistingWBS00=WBH | ExistingWBS01=HO | ExistingDiscipline=Mechanical
ELEMENT | 13054935 | Cat=Duct Fittings | AssetScore=45 | AssetTypeCode=MDUC | AssetType=Ductwork | AssetCategory=Ductwork | Targets=NWB_AssetTypeCode=MDUC; NWB_AssetType=Ductwork; NWB_Discipline=ME; NWB_Category=Ductwork; NWB_Department=; NWB_Material=; NWB_System=Return Air; NWB_UniclassCode=Pr_65_65_25; NWB_UniclassDescription=Ductwork and fittings; NWB_DesignPkg=NWB-GEN-ME-SCM-1091-A; NWB_BuildingPermitPkg=WBH - BP09; NWB_WBS00=WBH; NWB_WBS01=HO; NWB_WBS02=09; NWB_WBS03=Z00; NWB_WBS04=ME; NWB_WBS05=SI5; NWB_WBSCode=WBH-HO-09-Z00-ME-SI5
INFO | Candidate: NWB_AssetTypeCode | Scope=instance | Storage=String | ReadOnly=False | Shared=True | Id=7626182
INFO | Writing INSTANCE parameter 'NWB_AssetTypeCode' on element 13054936
INFO | Element 13054936 | NWB_AssetTypeCode | Kind=Shared Parameter | Scope=instance | Storage=String | Old='' | New='MDUC'
INFO | Candidate: NWB_AssetType | Scope=instance | Storage=String | ReadOnly=False | Shared=True | Id=7626181
INFO | Writing INSTANCE parameter 'NWB_AssetType' on element 13054936
INFO | Element 13054936 | NWB_AssetType | Kind=Shared Parameter | Scope=instance | Storage=String | Old='' | New='Ductwork'
INFO | Candidate: NWB_Discipline | Scope=instance | Storage=String | ReadOnly=False | Shared=True | Id=7626159
INFO | Writing INSTANCE parameter 'NWB_Discipline' on element 13054936
INFO | Element 13054936 | NWB_Discipline | Kind=Shared Parameter | Scope=instance | Storage=String | Old='Mechanical' | New='ME'
INFO | Candidate: NWB_Category | Scope=instance | Storage=String | ReadOnly=False | Shared=True | Id=7626160
INFO | Writing INSTANCE parameter 'NWB_Category' on element 13054936
INFO | Element 13054936 | NWB_Category | Kind=Shared Parameter | Scope=instance | Storage=String | Old='' | New='Ductwork'
INFO | Candidate: NWB_System | Scope=instance | Storage=String | ReadOnly=False | Shared=True | Id=7626163
INFO | Candidate: NWB_UniclassCode | Scope=instance | Storage=String | ReadOnly=False | Shared=True | Id=7626165
INFO | Writing INSTANCE parameter 'NWB_UniclassCode' on element 13054936
INFO | Element 13054936 | NWB_UniclassCode | Kind=Shared Parameter | Scope=instance | Storage=String | Old='' | New='Pr_65_65_25'
INFO | Candidate: NWB_UniclassDescription | Scope=instance | Storage=String | ReadOnly=False | Shared=True | Id=7626166
INFO | Writing INSTANCE parameter 'NWB_UniclassDescription' on element 13054936
INFO | Element 13054936 | NWB_UniclassDescription | Kind=Shared Parameter | Scope=instance | Storage=String | Old='' | New='Ductwork and fittings'
INFO | Candidate: NWB_DesignPkg | Scope=instance | Storage=String | ReadOnly=False | Shared=True | Id=7626167
INFO | Writing INSTANCE parameter 'NWB_DesignPkg' on element 13054936
INFO | Element 13054936 | NWB_DesignPkg | Kind=Shared Parameter | Scope=instance | Storage=String | Old='' | New='NWB-GEN-ME-SCM-1091-A'
ERROR | Element 13054936 | Category=Duct Fittings | Family= | Parameter=NWB_BuildingPermitPkg | Reason=missing | Writable sample: AHU, AHU_AreaServed, AHU_Serves, AHU_Type, AHU_ZoneNumber, Building_No, COMPLETE Y/N, Classification.OmniClass.21.Description_INSTANCE, Classification.OmniClass.21.Number_INSTANCE, Classification.OmniClass.22.Description_INSTANCE, Classification.OmniClass.22.Number_INSTANCE, Classification.OmniClass.23.Description_INSTANCE, Classification.OmniClass.23.Number_INSTANCE, Classification.UniFormat.2010.Description, Classification.UniFormat.2010.Number, Comments, Description BOM Suffix, Ductwork Insulation - Lining, Elevation from Level, Export to IFC
INFO | Candidate: NWB_WBS00 | Scope=instance | Storage=String | ReadOnly=False | Shared=True | Id=9214738
INFO | Candidate: NWB_WBS01 | Scope=instance | Storage=String | ReadOnly=False | Shared=True | Id=9214798
INFO | Candidate: NWB_WBS02 | Scope=instance | Storage=String | ReadOnly=False | Shared=True | Id=9214786
INFO | Candidate: NWB_WBS03 | Scope=instance | Storage=String | ReadOnly=False | Shared=True | Id=9214750
INFO | Candidate: NWB_WBS04 | Scope=instance | Storage=String | ReadOnly=False | Shared=True | Id=9214762
INFO | Candidate: NWB_WBS05 | Scope=instance | Storage=String | ReadOnly=False | Shared=True | Id=9214810
INFO | Candidate: NWB_WBSCode | Scope=instance | Storage=String | ReadOnly=False | Shared=True | Id=9214774
SOURCE | Element 13054936 | Cat=Duct Fittings | Family=M_Rectangular_Transition_Angle | Type= | Level=LEVEL 09 | System=Return Air | LinkedRoomLink= | LinkedRoomNumber= | LinkedRoomName= | LinkedRoomDept= | LinkedRoomBuilding= | LinkedRoomSite= | LinkedRoomSource= | ResolvedDept= | ResolvedBuilding= | ResolvedSite= | DisciplineHint=mechanical | AssetCandidates=duct fittings, ductwork | WBS00=WBH | WBS01=HO | WBS03=Z00 | DesignPkg=NWB-GEN-ME-SCM-1091-A | BuildingPermitPkg=WBH - BP09
WARN | Element 13054936 | Department unresolved | ExistingNWBDepartment= | ExistingWBS00=WBH | ExistingWBS01=HO | ExistingDiscipline=Mechanical
ELEMENT | 13054936 | Cat=Duct Fittings | AssetScore=45 | AssetTypeCode=MDUC | AssetType=Ductwork | AssetCategory=Ductwork | Targets=NWB_AssetTypeCode=MDUC; NWB_AssetType=Ductwork; NWB_Discipline=ME; NWB_Category=Ductwork; NWB_Department=; NWB_Material=; NWB_System=Return Air; NWB_UniclassCode=Pr_65_65_25; NWB_UniclassDescription=Ductwork and fittings; NWB_DesignPkg=NWB-GEN-ME-SCM-1091-A; NWB_BuildingPermitPkg=WBH - BP09; NWB_WBS00=WBH; NWB_WBS01=HO; NWB_WBS02=09; NWB_WBS03=Z00; NWB_WBS04=ME; NWB_WBS05=SI5; NWB_WBSCode=WBH-HO-09-Z00-ME-SI5
INFO | Candidate: NWB_AssetTypeCode | Scope=instance | Storage=String | ReadOnly=False | Shared=True | Id=7626182
INFO | Writing INSTANCE parameter 'NWB_AssetTypeCode' on element 13054937
INFO | Element 13054937 | NWB_AssetTypeCode | Kind=Shared Parameter | Scope=instance | Storage=String | Old='' | New='MDUC'
INFO | Candidate: NWB_AssetType | Scope=instance | Storage=String | ReadOnly=False | Shared=True | Id=7626181
INFO | Writing INSTANCE parameter 'NWB_AssetType' on element 13054937
INFO | Element 13054937 | NWB_AssetType | Kind=Shared Parameter | Scope=instance | Storage=String | Old='' | New='Ductwork'
INFO | Candidate: NWB_Discipline | Scope=instance | Storage=String | ReadOnly=False | Shared=True | Id=7626159
INFO | Writing INSTANCE parameter 'NWB_Discipline' on element 13054937
INFO | Element 13054937 | NWB_Discipline | Kind=Shared Parameter | Scope=instance | Storage=String | Old='Mechanical' | New='ME'
INFO | Candidate: NWB_Category | Scope=instance | Storage=String | ReadOnly=False | Shared=True | Id=7626160
INFO | Writing INSTANCE parameter 'NWB_Category' on element 13054937
INFO | Element 13054937 | NWB_Category | Kind=Shared Parameter | Scope=instance | Storage=String | Old='' | New='Ductwork'
INFO | Candidate: NWB_System | Scope=instance | Storage=String | ReadOnly=False | Shared=True | Id=7626163
INFO | Writing INSTANCE parameter 'NWB_System' on element 13054937
INFO | Element 13054937 | NWB_System | Kind=Shared Parameter | Scope=instance | Storage=String | Old='' | New='Supply Air'
INFO | Candidate: NWB_UniclassCode | Scope=instance | Storage=String | ReadOnly=False | Shared=True | Id=7626165
INFO | Writing INSTANCE parameter 'NWB_UniclassCode' on element 13054937
INFO | Element 13054937 | NWB_UniclassCode | Kind=Shared Parameter | Scope=instance | Storage=String | Old='' | New='Pr_65_65_25'
INFO | Candidate: NWB_UniclassDescription | Scope=instance | Storage=String | ReadOnly=False | Shared=True | Id=7626166
INFO | Writing INSTANCE parameter 'NWB_UniclassDescription' on element 13054937
INFO | Element 13054937 | NWB_UniclassDescription | Kind=Shared Parameter | Scope=instance | Storage=String | Old='' | New='Ductwork and fittings'
INFO | Candidate: NWB_DesignPkg | Scope=instance | Storage=String | ReadOnly=False | Shared=True | Id=7626167
INFO | Writing INSTANCE parameter 'NWB_DesignPkg' on element 13054937
INFO | Element 13054937 | NWB_DesignPkg | Kind=Shared Parameter | Scope=instance | Storage=String | Old='' | New='NWB-GEN-ME-SCM-1091-A'
ERROR | Element 13054937 | Category=Duct Accessories | Family= | Parameter=NWB_BuildingPermitPkg | Reason=missing | Writable sample: AHU, AHU_AreaServed, AHU_Serves, AHU_Type, AHU_ZoneNumber, AIR OFF CONNECTION, AIR ON CONNECTION, ARRANGEMENT, Building_No, COMPLETE Y/N, Classification.UniFormat.2010.Description, Classification.UniFormat.2010.Number, Comments, Description BOM Suffix, EQUIP TAG, Elevation from Level, Export to IFC, Export to IFC As, FLANGE SIZE, Family
INFO | Candidate: NWB_WBS00 | Scope=instance | Storage=String | ReadOnly=False | Shared=True | Id=9214738
INFO | Candidate: NWB_WBS01 | Scope=instance | Storage=String | ReadOnly=False | Shared=True | Id=9214798
INFO | Candidate: NWB_WBS02 | Scope=instance | Storage=String | ReadOnly=False | Shared=True | Id=9214786
INFO | Candidate: NWB_WBS03 | Scope=instance | Storage=String | ReadOnly=False | Shared=True | Id=9214750
INFO | Candidate: NWB_WBS04 | Scope=instance | Storage=String | ReadOnly=False | Shared=True | Id=9214762
INFO | Candidate: NWB_WBS05 | Scope=instance | Storage=String | ReadOnly=False | Shared=True | Id=9214810
INFO | Candidate: NWB_WBSCode | Scope=instance | Storage=String | ReadOnly=False | Shared=True | Id=9214774
SOURCE | Element 13054937 | Cat=Duct Accessories | Family=VOLUME CONTROL DAMPER SQUARE | Type= | Level=LEVEL 09 | System=Supply Air | LinkedRoomLink= | LinkedRoomNumber= | LinkedRoomName= | LinkedRoomDept= | LinkedRoomBuilding= | LinkedRoomSite= | LinkedRoomSource= | ResolvedDept= | ResolvedBuilding= | ResolvedSite= | DisciplineHint=mechanical | AssetCandidates=duct accessories, ductwork | WBS00=WBH | WBS01=HO | WBS03=Z00 | DesignPkg=NWB-GEN-ME-SCM-1091-A | BuildingPermitPkg=WBH - BP09
WARN | Element 13054937 | Department unresolved | ExistingNWBDepartment= | ExistingWBS00=WBH | ExistingWBS01=HO | ExistingDiscipline=Mechanical
ELEMENT | 13054937 | Cat=Duct Accessories | AssetScore=45 | AssetTypeCode=MDUC | AssetType=Ductwork | AssetCategory=Ductwork | Targets=NWB_AssetTypeCode=MDUC; NWB_AssetType=Ductwork; NWB_Discipline=ME; NWB_Category=Ductwork; NWB_Department=; NWB_Material=; NWB_System=Supply Air; NWB_UniclassCode=Pr_65_65_25; NWB_UniclassDescription=Ductwork and fittings; NWB_DesignPkg=NWB-GEN-ME-SCM-1091-A; NWB_BuildingPermitPkg=WBH - BP09; NWB_WBS00=WBH; NWB_WBS01=HO; NWB_WBS02=09; NWB_WBS03=Z00; NWB_WBS04=ME; NWB_WBS05=SI5; NWB_WBSCode=WBH-HO-09-Z00-ME-SI5
INFO | Candidate: NWB_AssetTypeCode | Scope=instance | Storage=String | ReadOnly=False | Shared=True | Id=7626182
INFO | Writing INSTANCE parameter 'NWB_AssetTypeCode' on element 13054941
INFO | Element 13054941 | NWB_AssetTypeCode | Kind=Shared Parameter | Scope=instance | Storage=String | Old='' | New='MDUC'
INFO | Candidate: NWB_AssetType | Scope=instance | Storage=String | ReadOnly=False | Shared=True | Id=7626181
INFO | Writing INSTANCE parameter 'NWB_AssetType' on element 13054941
INFO | Element 13054941 | NWB_AssetType | Kind=Shared Parameter | Scope=instance | Storage=String | Old='' | New='Ductwork'
INFO | Candidate: NWB_Discipline | Scope=instance | Storage=String | ReadOnly=False | Shared=True | Id=7626159
INFO | Writing INSTANCE parameter 'NWB_Discipline' on element 13054941
INFO | Element 13054941 | NWB_Discipline | Kind=Shared Parameter | Scope=instance | Storage=String | Old='Mechanical' | New='ME'
INFO | Candidate: NWB_Category | Scope=instance | Storage=String | ReadOnly=False | Shared=True | Id=7626160
INFO | Writing INSTANCE parameter 'NWB_Category' on element 13054941
INFO | Element 13054941 | NWB_Category | Kind=Shared Parameter | Scope=instance | Storage=String | Old='' | New='Ductwork'
INFO | Candidate: NWB_System | Scope=instance | Storage=String | ReadOnly=False | Shared=True | Id=7626163
INFO | Candidate: NWB_UniclassCode | Scope=instance | Storage=String | ReadOnly=False | Shared=True | Id=7626165
INFO | Writing INSTANCE parameter 'NWB_UniclassCode' on element 13054941
INFO | Element 13054941 | NWB_UniclassCode | Kind=Shared Parameter | Scope=instance | Storage=String | Old='' | New='Pr_65_65_25'
INFO | Candidate: NWB_UniclassDescription | Scope=instance | Storage=String | ReadOnly=False | Shared=True | Id=7626166
INFO | Writing INSTANCE parameter 'NWB_UniclassDescription' on element 13054941
INFO | Element 13054941 | NWB_UniclassDescription | Kind=Shared Parameter | Scope=instance | Storage=String | Old='' | New='Ductwork and fittings'
INFO | Candidate: NWB_DesignPkg | Scope=instance | Storage=String | ReadOnly=False | Shared=True | Id=7626167
INFO | Writing INSTANCE parameter 'NWB_DesignPkg' on element 13054941
INFO | Element 13054941 | NWB_DesignPkg | Kind=Shared Parameter | Scope=instance | Storage=String | Old='' | New='NWB-GEN-ME-SCM-1091-A'
ERROR | Element 13054941 | Category=Duct Fittings | Family= | Parameter=NWB_BuildingPermitPkg | Reason=missing | Writable sample: AHU, AHU_AreaServed, AHU_Serves, AHU_Type, AHU_ZoneNumber, Building_No, COMPLETE Y/N, Classification.OmniClass.21.Description_INSTANCE, Classification.OmniClass.21.Number_INSTANCE, Classification.OmniClass.22.Description_INSTANCE, Classification.OmniClass.22.Number_INSTANCE, Classification.OmniClass.23.Description_INSTANCE, Classification.OmniClass.23.Number_INSTANCE, Classification.UniFormat.2010.Description, Classification.UniFormat.2010.Number, Comments, Description BOM Suffix, Ductwork Insulation - Lining, Elevation from Level, Export to IFC
INFO | Candidate: NWB_WBS00 | Scope=instance | Storage=String | ReadOnly=False | Shared=True | Id=9214738
INFO | Candidate: NWB_WBS01 | Scope=instance | Storage=String | ReadOnly=False | Shared=True | Id=9214798
INFO | Candidate: NWB_WBS02 | Scope=instance | Storage=String | ReadOnly=False | Shared=True | Id=9214786
INFO | Candidate: NWB_WBS03 | Scope=instance | Storage=String | ReadOnly=False | Shared=True | Id=9214750
INFO | Candidate: NWB_WBS04 | Scope=instance | Storage=String | ReadOnly=False | Shared=True | Id=9214762
INFO | Candidate: NWB_WBS05 | Scope=instance | Storage=String | ReadOnly=False | Shared=True | Id=9214810
INFO | Candidate: NWB_WBSCode | Scope=instance | Storage=String | ReadOnly=False | Shared=True | Id=9214774
SOURCE | Element 13054941 | Cat=Duct Fittings | Family=M_Rectangular_Transition_Angle | Type= | Level=LEVEL 09 | System=Return Air | LinkedRoomLink= | LinkedRoomNumber= | LinkedRoomName= | LinkedRoomDept= | LinkedRoomBuilding= | LinkedRoomSite= | LinkedRoomSource= | ResolvedDept= | ResolvedBuilding= | ResolvedSite= | DisciplineHint=mechanical | AssetCandidates=duct fittings, ductwork | WBS00=WBH | WBS01=HO | WBS03=Z00 | DesignPkg=NWB-GEN-ME-SCM-1091-A | BuildingPermitPkg=WBH - BP09
WARN | Element 13054941 | Department unresolved | ExistingNWBDepartment= | ExistingWBS00=WBH | ExistingWBS01=HO | ExistingDiscipline=Mechanical
ELEMENT | 13054941 | Cat=Duct Fittings | AssetScore=45 | AssetTypeCode=MDUC | AssetType=Ductwork | AssetCategory=Ductwork | Targets=NWB_AssetTypeCode=MDUC; NWB_AssetType=Ductwork; NWB_Discipline=ME; NWB_Category=Ductwork; NWB_Department=; NWB_Material=; NWB_System=Return Air; NWB_UniclassCode=Pr_65_65_25; NWB_UniclassDescription=Ductwork and fittings; NWB_DesignPkg=NWB-GEN-ME-SCM-1091-A; NWB_BuildingPermitPkg=WBH - BP09; NWB_WBS00=WBH; NWB_WBS01=HO; NWB_WBS02=09; NWB_WBS03=Z00; NWB_WBS04=ME; NWB_WBS05=SI5; NWB_WBSCode=WBH-HO-09-Z00-ME-SI5
INFO | Candidate: NWB_AssetTypeCode | Scope=instance | Storage=String | ReadOnly=False | Shared=True | Id=7626182
INFO | Writing INSTANCE parameter 'NWB_AssetTypeCode' on element 13054955
INFO | Element 13054955 | NWB_AssetTypeCode | Kind=Shared Parameter | Scope=instance | Storage=String | Old='' | New='MDUC'
INFO | Candidate: NWB_AssetType | Scope=instance | Storage=String | ReadOnly=False | Shared=True | Id=7626181
INFO | Writing INSTANCE parameter 'NWB_AssetType' on element 13054955
INFO | Element 13054955 | NWB_AssetType | Kind=Shared Parameter | Scope=instance | Storage=String | Old='' | New='Ductwork'
INFO | Candidate: NWB_Discipline | Scope=instance | Storage=String | ReadOnly=False | Shared=True | Id=7626159
INFO | Writing INSTANCE parameter 'NWB_Discipline' on element 13054955
INFO | Element 13054955 | NWB_Discipline | Kind=Shared Parameter | Scope=instance | Storage=String | Old='Mechanical' | New='ME'
INFO | Candidate: NWB_Category | Scope=instance | Storage=String | ReadOnly=False | Shared=True | Id=7626160
INFO | Writing INSTANCE parameter 'NWB_Category' on element 13054955
INFO | Element 13054955 | NWB_Category | Kind=Shared Parameter | Scope=instance | Storage=String | Old='' | New='Ductwork'
INFO | Candidate: NWB_Department | Scope=instance | Storage=String | ReadOnly=False | Shared=True | Id=7626168
INFO | Writing INSTANCE parameter 'NWB_Department' on element 13054955
INFO | Element 13054955 | NWB_Department | Kind=Shared Parameter | Scope=instance | Storage=String | Old='' | New='High Dependency Unit'
INFO | Candidate: NWB_System | Scope=instance | Storage=String | ReadOnly=False | Shared=True | Id=7626163
INFO | Writing INSTANCE parameter 'NWB_System' on element 13054955
INFO | Element 13054955 | NWB_System | Kind=Shared Parameter | Scope=instance | Storage=String | Old='' | New='Supply Air'
INFO | Candidate: NWB_UniclassCode | Scope=instance | Storage=String | ReadOnly=False | Shared=True | Id=7626165
INFO | Writing INSTANCE parameter 'NWB_UniclassCode' on element 13054955
INFO | Element 13054955 | NWB_UniclassCode | Kind=Shared Parameter | Scope=instance | Storage=String | Old='' | New='Pr_65_65_25'
INFO | Candidate: NWB_UniclassDescription | Scope=instance | Storage=String | ReadOnly=False | Shared=True | Id=7626166
INFO | Writing INSTANCE parameter 'NWB_UniclassDescription' on element 13054955
INFO | Element 13054955 | NWB_UniclassDescription | Kind=Shared Parameter | Scope=instance | Storage=String | Old='' | New='Ductwork and fittings'
INFO | Candidate: NWB_DesignPkg | Scope=instance | Storage=String | ReadOnly=False | Shared=True | Id=7626167
INFO | Writing INSTANCE parameter 'NWB_DesignPkg' on element 13054955
INFO | Element 13054955 | NWB_DesignPkg | Kind=Shared Parameter | Scope=instance | Storage=String | Old='' | New='NWB-GEN-ME-SCM-1091-A'
ERROR | Element 13054955 | Category=Flex Ducts | Family= | Parameter=NWB_BuildingPermitPkg | Reason=missing | Writable sample: AHU_AreaServed, AHU_Serves, AHU_Type, AHU_ZoneNumber, Additional Flow, Building_No, COMPLETE Y/N, Classification.UniFormat.2010.Description, Classification.UniFormat.2010.Number, Comments, Diameter, Export to IFC, Export to IFC As, Family, Family and Type, Flex Pattern, IFC Predefined Type, IfcGUID, Image, Legend Description
INFO | Candidate: NWB_WBS00 | Scope=instance | Storage=String | ReadOnly=False | Shared=True | Id=9214738
INFO | Candidate: NWB_WBS01 | Scope=instance | Storage=String | ReadOnly=False | Shared=True | Id=9214798
INFO | Candidate: NWB_WBS02 | Scope=instance | Storage=String | ReadOnly=False | Shared=True | Id=9214786
INFO | Candidate: NWB_WBS03 | Scope=instance | Storage=String | ReadOnly=False | Shared=True | Id=9214750
INFO | Writing INSTANCE parameter 'NWB_WBS03' on element 13054955
INFO | Element 13054955 | NWB_WBS03 | Kind=Shared Parameter | Scope=instance | Storage=String | Old='Z00' | New='HDU'
INFO | Candidate: NWB_WBS04 | Scope=instance | Storage=String | ReadOnly=False | Shared=True | Id=9214762
INFO | Candidate: NWB_WBS05 | Scope=instance | Storage=String | ReadOnly=False | Shared=True | Id=9214810
INFO | Candidate: NWB_WBSCode | Scope=instance | Storage=String | ReadOnly=False | Shared=True | Id=9214774
INFO | Writing INSTANCE parameter 'NWB_WBSCode' on element 13054955
INFO | Element 13054955 | NWB_WBSCode | Kind=Shared Parameter | Scope=instance | Storage=String | Old='WBH-HO-09-Z00-ME-SI5' | New='WBH-HO-09-HDU-ME-SI5'
SOURCE | Element 13054955 | Cat=Flex Ducts | Family=Flex Duct Round | Type= | Level=LEVEL 09 | System=Supply Air | LinkedRoomLink=NWB-ACD-WBH-MH-MOD-0001 | LinkedRoomNumber=HDU.09.131 | LinkedRoomName=Meeting Room, 20m2 | LinkedRoomDept=High Dependency Unit | LinkedRoomBuilding= | LinkedRoomSite= | LinkedRoomSource=connected:13054927:Air Terminals | ResolvedDept=High Dependency Unit | ResolvedBuilding= | ResolvedSite= | DisciplineHint=mechanical | AssetCandidates=flex ducts, ductwork | WBS00=WBH | WBS01=HO | WBS03=HDU | DesignPkg=NWB-GEN-ME-SCM-1091-A | BuildingPermitPkg=WBH - BP09
ELEMENT | 13054955 | Cat=Flex Ducts | AssetScore=45 | AssetTypeCode=MDUC | AssetType=Ductwork | AssetCategory=Ductwork | Targets=NWB_AssetTypeCode=MDUC; NWB_AssetType=Ductwork; NWB_Discipline=ME; NWB_Category=Ductwork; NWB_Department=High Dependency Unit; NWB_Material=; NWB_System=Supply Air; NWB_UniclassCode=Pr_65_65_25; NWB_UniclassDescription=Ductwork and fittings; NWB_DesignPkg=NWB-GEN-ME-SCM-1091-A; NWB_BuildingPermitPkg=WBH - BP09; NWB_WBS00=WBH; NWB_WBS01=HO; NWB_WBS02=09; NWB_WBS03=HDU; NWB_WBS04=ME; NWB_WBS05=SI5; NWB_WBSCode=WBH-HO-09-HDU-ME-SI5
INFO | Candidate: NWB_AssetTypeCode | Scope=instance | Storage=String | ReadOnly=False | Shared=True | Id=7626182
INFO | Candidate: NWB_AssetType | Scope=instance | Storage=String | ReadOnly=False | Shared=True | Id=7626181
INFO | Candidate: NWB_Discipline | Scope=instance | Storage=String | ReadOnly=False | Shared=True | Id=7626159
INFO | Candidate: NWB_Category | Scope=instance | Storage=String | ReadOnly=False | Shared=True | Id=7626160
INFO | Candidate: NWB_System | Scope=instance | Storage=String | ReadOnly=False | Shared=True | Id=7626163
INFO | Candidate: NWB_UniclassCode | Scope=instance | Storage=String | ReadOnly=False | Shared=True | Id=7626165
INFO | Candidate: NWB_UniclassDescription | Scope=instance | Storage=String | ReadOnly=False | Shared=True | Id=7626166
INFO | Candidate: NWB_DesignPkg | Scope=instance | Storage=String | ReadOnly=False | Shared=True | Id=7626167
ERROR | Element 13054957 | Category=Ducts | Family= | Parameter=NWB_BuildingPermitPkg | Reason=missing | Writable sample: AHU, AHU_AreaServed, AHU_Serves, AHU_Type, AHU_ZoneNumber, Additional Flow, Building_No, COMPLETE Y/N, Classification.OmniClass.21.Description_INSTANCE, Classification.OmniClass.21.Number_INSTANCE, Classification.OmniClass.22.Description_INSTANCE, Classification.OmniClass.22.Number_INSTANCE, Classification.OmniClass.23.Description_INSTANCE, Classification.OmniClass.23.Number_INSTANCE, Classification.UniFormat.2010.Description, Classification.UniFormat.2010.Number, Comments, DUCT NUMBER, Description BOM Suffix, Duct Number
INFO | Candidate: NWB_WBS00 | Scope=instance | Storage=String | ReadOnly=False | Shared=True | Id=9214738
INFO | Candidate: NWB_WBS01 | Scope=instance | Storage=String | ReadOnly=False | Shared=True | Id=9214798
INFO | Candidate: NWB_WBS02 | Scope=instance | Storage=String | ReadOnly=False | Shared=True | Id=9214786
INFO | Candidate: NWB_WBS03 | Scope=instance | Storage=String | ReadOnly=False | Shared=True | Id=9214750
INFO | Candidate: NWB_WBS04 | Scope=instance | Storage=String | ReadOnly=False | Shared=True | Id=9214762
INFO | Candidate: NWB_WBS05 | Scope=instance | Storage=String | ReadOnly=False | Shared=True | Id=9214810
INFO | Writing INSTANCE parameter 'NWB_WBS05' on element 13054957
INFO | Element 13054957 | NWB_WBS05 | Kind=Shared Parameter | Scope=instance | Storage=String | Old='SP' | New='SI5'
INFO | Candidate: NWB_WBSCode | Scope=instance | Storage=String | ReadOnly=False | Shared=True | Id=9214774
INFO | Writing INSTANCE parameter 'NWB_WBSCode' on element 13054957
INFO | Element 13054957 | NWB_WBSCode | Kind=Shared Parameter | Scope=instance | Storage=String | Old='WBH-HO-09-Z00-ME-SP' | New='WBH-HO-09-Z00-ME-SI5'
SOURCE | Element 13054957 | Cat=Ducts | Family=Rectangular Duct | Type= | Level=LEVEL 09 | System=Supply Air | LinkedRoomLink= | LinkedRoomNumber= | LinkedRoomName= | LinkedRoomDept= | LinkedRoomBuilding= | LinkedRoomSite= | LinkedRoomSource= | ResolvedDept= | ResolvedBuilding= | ResolvedSite= | DisciplineHint=mechanical | AssetCandidates=ducts, ductwork | WBS00=WBH | WBS01=HO | WBS03=Z00 | DesignPkg=NWB-GEN-ME-SCM-1091-A | BuildingPermitPkg=WBH - BP09
WARN | Element 13054957 | Department unresolved | ExistingNWBDepartment= | ExistingWBS00=WBH | ExistingWBS01=HO | ExistingDiscipline=ME
ELEMENT | 13054957 | Cat=Ducts | AssetScore=45 | AssetTypeCode=MDUC | AssetType=Ductwork | AssetCategory=Ductwork | Targets=NWB_AssetTypeCode=MDUC; NWB_AssetType=Ductwork; NWB_Discipline=ME; NWB_Category=Ductwork; NWB_Department=; NWB_Material=; NWB_System=Supply Air; NWB_UniclassCode=Pr_65_65_25; NWB_UniclassDescription=Ductwork and fittings; NWB_DesignPkg=NWB-GEN-ME-SCM-1091-A; NWB_BuildingPermitPkg=WBH - BP09; NWB_WBS00=WBH; NWB_WBS01=HO; NWB_WBS02=09; NWB_WBS03=Z00; NWB_WBS04=ME; NWB_WBS05=SI5; NWB_WBSCode=WBH-HO-09-Z00-ME-SI5
INFO | Candidate: NWB_AssetTypeCode | Scope=instance | Storage=String | ReadOnly=False | Shared=True | Id=7626182
INFO | Candidate: NWB_AssetType | Scope=instance | Storage=String | ReadOnly=False | Shared=True | Id=7626181
INFO | Candidate: NWB_Discipline | Scope=instance | Storage=String | ReadOnly=False | Shared=True | Id=7626159
INFO | Candidate: NWB_Category | Scope=instance | Storage=String | ReadOnly=False | Shared=True | Id=7626160
INFO | Candidate: NWB_System | Scope=instance | Storage=String | ReadOnly=False | Shared=True | Id=7626163
INFO | Candidate: NWB_UniclassCode | Scope=instance | Storage=String | ReadOnly=False | Shared=True | Id=7626165
INFO | Candidate: NWB_UniclassDescription | Scope=instance | Storage=String | ReadOnly=False | Shared=True | Id=7626166
INFO | Candidate: NWB_DesignPkg | Scope=instance | Storage=String | ReadOnly=False | Shared=True | Id=7626167
ERROR | Element 13055028 | Category=Ducts | Family= | Parameter=NWB_BuildingPermitPkg | Reason=missing | Writable sample: AHU, AHU_AreaServed, AHU_Serves, AHU_Type, AHU_ZoneNumber, Additional Flow, Building_No, COMPLETE Y/N, Classification.OmniClass.21.Description_INSTANCE, Classification.OmniClass.21.Number_INSTANCE, Classification.OmniClass.22.Description_INSTANCE, Classification.OmniClass.22.Number_INSTANCE, Classification.OmniClass.23.Description_INSTANCE, Classification.OmniClass.23.Number_INSTANCE, Classification.UniFormat.2010.Description, Classification.UniFormat.2010.Number, Comments, DUCT NUMBER, Description BOM Suffix, Duct Number
INFO | Candidate: NWB_WBS00 | Scope=instance | Storage=String | ReadOnly=False | Shared=True | Id=9214738
INFO | Candidate: NWB_WBS01 | Scope=instance | Storage=String | ReadOnly=False | Shared=True | Id=9214798
INFO | Candidate: NWB_WBS02 | Scope=instance | Storage=String | ReadOnly=False | Shared=True | Id=9214786
INFO | Candidate: NWB_WBS03 | Scope=instance | Storage=String | ReadOnly=False | Shared=True | Id=9214750
INFO | Candidate: NWB_WBS04 | Scope=instance | Storage=String | ReadOnly=False | Shared=True | Id=9214762
INFO | Candidate: NWB_WBS05 | Scope=instance | Storage=String | ReadOnly=False | Shared=True | Id=9214810
INFO | Writing INSTANCE parameter 'NWB_WBS05' on element 13055028
INFO | Element 13055028 | NWB_WBS05 | Kind=Shared Parameter | Scope=instance | Storage=String | Old='SP' | New='SI5'
INFO | Candidate: NWB_WBSCode | Scope=instance | Storage=String | ReadOnly=False | Shared=True | Id=9214774
INFO | Writing INSTANCE parameter 'NWB_WBSCode' on element 13055028
INFO | Element 13055028 | NWB_WBSCode | Kind=Shared Parameter | Scope=instance | Storage=String | Old='WBH-HO-09-Z00-ME-SP' | New='WBH-HO-09-Z00-ME-SI5'
SOURCE | Element 13055028 | Cat=Ducts | Family=Rectangular Duct | Type= | Level=LEVEL 09 | System=Supply Air | LinkedRoomLink= | LinkedRoomNumber= | LinkedRoomName= | LinkedRoomDept= | LinkedRoomBuilding= | LinkedRoomSite= | LinkedRoomSource= | ResolvedDept= | ResolvedBuilding= | ResolvedSite= | DisciplineHint=mechanical | AssetCandidates=ducts, ductwork | WBS00=WBH | WBS01=HO | WBS03=Z00 | DesignPkg=NWB-GEN-ME-SCM-1091-A | BuildingPermitPkg=WBH - BP09
WARN | Element 13055028 | Department unresolved | ExistingNWBDepartment= | ExistingWBS00=WBH | ExistingWBS01=HO | ExistingDiscipline=ME
ELEMENT | 13055028 | Cat=Ducts | AssetScore=45 | AssetTypeCode=MDUC | AssetType=Ductwork | AssetCategory=Ductwork | Targets=NWB_AssetTypeCode=MDUC; NWB_AssetType=Ductwork; NWB_Discipline=ME; NWB_Category=Ductwork; NWB_Department=; NWB_Material=; NWB_System=Supply Air; NWB_UniclassCode=Pr_65_65_25; NWB_UniclassDescription=Ductwork and fittings; NWB_DesignPkg=NWB-GEN-ME-SCM-1091-A; NWB_BuildingPermitPkg=WBH - BP09; NWB_WBS00=WBH; NWB_WBS01=HO; NWB_WBS02=09; NWB_WBS03=Z00; NWB_WBS04=ME; NWB_WBS05=SI5; NWB_WBSCode=WBH-HO-09-Z00-ME-SI5
INFO | Candidate: NWB_AssetTypeCode | Scope=instance | Storage=String | ReadOnly=False | Shared=True | Id=7626182
INFO | Candidate: NWB_AssetType | Scope=instance | Storage=String | ReadOnly=False | Shared=True | Id=7626181
INFO | Candidate: NWB_Discipline | Scope=instance | Storage=String | ReadOnly=False | Shared=True | Id=7626159
INFO | Candidate: NWB_Category | Scope=instance | Storage=String | ReadOnly=False | Shared=True | Id=7626160
INFO | Candidate: NWB_System | Scope=instance | Storage=String | ReadOnly=False | Shared=True | Id=7626163
INFO | Candidate: NWB_UniclassCode | Scope=instance | Storage=String | ReadOnly=False | Shared=True | Id=7626165
INFO | Candidate: NWB_UniclassDescription | Scope=instance | Storage=String | ReadOnly=False | Shared=True | Id=7626166
INFO | Candidate: NWB_DesignPkg | Scope=instance | Storage=String | ReadOnly=False | Shared=True | Id=7626167
ERROR | Element 13055291 | Category=Ducts | Family= | Parameter=NWB_BuildingPermitPkg | Reason=missing | Writable sample: AHU, AHU_AreaServed, AHU_Serves, AHU_Type, AHU_ZoneNumber, Additional Flow, Building_No, COMPLETE Y/N, Classification.OmniClass.21.Description_INSTANCE, Classification.OmniClass.21.Number_INSTANCE, Classification.OmniClass.22.Description_INSTANCE, Classification.OmniClass.22.Number_INSTANCE, Classification.OmniClass.23.Description_INSTANCE, Classification.OmniClass.23.Number_INSTANCE, Classification.UniFormat.2010.Description, Classification.UniFormat.2010.Number, Comments, DUCT NUMBER, Description BOM Suffix, Duct Number
INFO | Candidate: NWB_WBS00 | Scope=instance | Storage=String | ReadOnly=False | Shared=True | Id=9214738
INFO | Candidate: NWB_WBS01 | Scope=instance | Storage=String | ReadOnly=False | Shared=True | Id=9214798
INFO | Candidate: NWB_WBS02 | Scope=instance | Storage=String | ReadOnly=False | Shared=True | Id=9214786
INFO | Candidate: NWB_WBS03 | Scope=instance | Storage=String | ReadOnly=False | Shared=True | Id=9214750
INFO | Candidate: NWB_WBS04 | Scope=instance | Storage=String | ReadOnly=False | Shared=True | Id=9214762
INFO | Candidate: NWB_WBS05 | Scope=instance | Storage=String | ReadOnly=False | Shared=True | Id=9214810
INFO | Writing INSTANCE parameter 'NWB_WBS05' on element 13055291
INFO | Element 13055291 | NWB_WBS05 | Kind=Shared Parameter | Scope=instance | Storage=String | Old='SP' | New='SI5'
INFO | Candidate: NWB_WBSCode | Scope=instance | Storage=String | ReadOnly=False | Shared=True | Id=9214774
INFO | Writing INSTANCE parameter 'NWB_WBSCode' on element 13055291
INFO | Element 13055291 | NWB_WBSCode | Kind=Shared Parameter | Scope=instance | Storage=String | Old='WBH-HO-09-Z00-ME-SP' | New='WBH-HO-09-Z00-ME-SI5'
SOURCE | Element 13055291 | Cat=Ducts | Family=Rectangular Duct | Type= | Level=LEVEL 09 | System=Supply Air | LinkedRoomLink= | LinkedRoomNumber= | LinkedRoomName= | LinkedRoomDept= | LinkedRoomBuilding= | LinkedRoomSite= | LinkedRoomSource= | ResolvedDept= | ResolvedBuilding= | ResolvedSite= | DisciplineHint=mechanical | AssetCandidates=ducts, ductwork | WBS00=WBH | WBS01=HO | WBS03=Z00 | DesignPkg=NWB-GEN-ME-SCM-1091-A | BuildingPermitPkg=WBH - BP09
WARN | Element 13055291 | Department unresolved | ExistingNWBDepartment= | ExistingWBS00=WBH | ExistingWBS01=HO | ExistingDiscipline=ME
ELEMENT | 13055291 | Cat=Ducts | AssetScore=45 | AssetTypeCode=MDUC | AssetType=Ductwork | AssetCategory=Ductwork | Targets=NWB_AssetTypeCode=MDUC; NWB_AssetType=Ductwork; NWB_Discipline=ME; NWB_Category=Ductwork; NWB_Department=; NWB_Material=; NWB_System=Supply Air; NWB_UniclassCode=Pr_65_65_25; NWB_UniclassDescription=Ductwork and fittings; NWB_DesignPkg=NWB-GEN-ME-SCM-1091-A; NWB_BuildingPermitPkg=WBH - BP09; NWB_WBS00=WBH; NWB_WBS01=HO; NWB_WBS02=09; NWB_WBS03=Z00; NWB_WBS04=ME; NWB_WBS05=SI5; NWB_WBSCode=WBH-HO-09-Z00-ME-SI5
INFO | Candidate: NWB_AssetTypeCode | Scope=instance | Storage=String | ReadOnly=False | Shared=True | Id=7626182
INFO | Candidate: NWB_AssetType | Scope=instance | Storage=String | ReadOnly=False | Shared=True | Id=7626181
INFO | Candidate: NWB_Discipline | Scope=instance | Storage=String | ReadOnly=False | Shared=True | Id=7626159
INFO | Candidate: NWB_Category | Scope=instance | Storage=String | ReadOnly=False | Shared=True | Id=7626160
INFO | Candidate: NWB_System | Scope=instance | Storage=String | ReadOnly=False | Shared=True | Id=7626163
INFO | Candidate: NWB_UniclassCode | Scope=instance | Storage=String | ReadOnly=False | Shared=True | Id=7626165
INFO | Candidate: NWB_UniclassDescription | Scope=instance | Storage=String | ReadOnly=False | Shared=True | Id=7626166
INFO | Candidate: NWB_DesignPkg | Scope=instance | Storage=String | ReadOnly=False | Shared=True | Id=7626167
ERROR | Element 13055299 | Category=Ducts | Family= | Parameter=NWB_BuildingPermitPkg | Reason=missing | Writable sample: AHU, AHU_AreaServed, AHU_Serves, AHU_Type, AHU_ZoneNumber, Additional Flow, Building_No, COMPLETE Y/N, Classification.OmniClass.21.Description_INSTANCE, Classification.OmniClass.21.Number_INSTANCE, Classification.OmniClass.22.Description_INSTANCE, Classification.OmniClass.22.Number_INSTANCE, Classification.OmniClass.23.Description_INSTANCE, Classification.OmniClass.23.Number_INSTANCE, Classification.UniFormat.2010.Description, Classification.UniFormat.2010.Number, Comments, DUCT NUMBER, Description BOM Suffix, Duct Number
INFO | Candidate: NWB_WBS00 | Scope=instance | Storage=String | ReadOnly=False | Shared=True | Id=9214738
INFO | Candidate: NWB_WBS01 | Scope=instance | Storage=String | ReadOnly=False | Shared=True | Id=9214798
INFO | Candidate: NWB_WBS02 | Scope=instance | Storage=String | ReadOnly=False | Shared=True | Id=9214786
INFO | Candidate: NWB_WBS03 | Scope=instance | Storage=String | ReadOnly=False | Shared=True | Id=9214750
INFO | Candidate: NWB_WBS04 | Scope=instance | Storage=String | ReadOnly=False | Shared=True | Id=9214762
INFO | Candidate: NWB_WBS05 | Scope=instance | Storage=String | ReadOnly=False | Shared=True | Id=9214810
INFO | Writing INSTANCE parameter 'NWB_WBS05' on element 13055299
INFO | Element 13055299 | NWB_WBS05 | Kind=Shared Parameter | Scope=instance | Storage=String | Old='SP' | New='SI5'
INFO | Candidate: NWB_WBSCode | Scope=instance | Storage=String | ReadOnly=False | Shared=True | Id=9214774
INFO | Writing INSTANCE parameter 'NWB_WBSCode' on element 13055299
INFO | Element 13055299 | NWB_WBSCode | Kind=Shared Parameter | Scope=instance | Storage=String | Old='WBH-HO-09-Z00-ME-SP' | New='WBH-HO-09-Z00-ME-SI5'
SOURCE | Element 13055299 | Cat=Ducts | Family=Rectangular Duct | Type= | Level=LEVEL 09 | System=Supply Air | LinkedRoomLink= | LinkedRoomNumber= | LinkedRoomName= | LinkedRoomDept= | LinkedRoomBuilding= | LinkedRoomSite= | LinkedRoomSource= | ResolvedDept= | ResolvedBuilding= | ResolvedSite= | DisciplineHint=mechanical | AssetCandidates=ducts, ductwork | WBS00=WBH | WBS01=HO | WBS03=Z00 | DesignPkg=NWB-GEN-ME-SCM-1091-A | BuildingPermitPkg=WBH - BP09
WARN | Element 13055299 | Department unresolved | ExistingNWBDepartment= | ExistingWBS00=WBH | ExistingWBS01=HO | ExistingDiscipline=ME
ELEMENT | 13055299 | Cat=Ducts | AssetScore=45 | AssetTypeCode=MDUC | AssetType=Ductwork | AssetCategory=Ductwork | Targets=NWB_AssetTypeCode=MDUC; NWB_AssetType=Ductwork; NWB_Discipline=ME; NWB_Category=Ductwork; NWB_Department=; NWB_Material=; NWB_System=Supply Air; NWB_UniclassCode=Pr_65_65_25; NWB_UniclassDescription=Ductwork and fittings; NWB_DesignPkg=NWB-GEN-ME-SCM-1091-A; NWB_BuildingPermitPkg=WBH - BP09; NWB_WBS00=WBH; NWB_WBS01=HO; NWB_WBS02=09; NWB_WBS03=Z00; NWB_WBS04=ME; NWB_WBS05=SI5; NWB_WBSCode=WBH-HO-09-Z00-ME-SI5
INFO | Candidate: NWB_AssetTypeCode | Scope=instance | Storage=String | ReadOnly=False | Shared=True | Id=7626182
INFO | Candidate: NWB_AssetType | Scope=instance | Storage=String | ReadOnly=False | Shared=True | Id=7626181
INFO | Candidate: NWB_Discipline | Scope=instance | Storage=String | ReadOnly=False | Shared=True | Id=7626159
INFO | Candidate: NWB_Category | Scope=instance | Storage=String | ReadOnly=False | Shared=True | Id=7626160
INFO | Candidate: NWB_System | Scope=instance | Storage=String | ReadOnly=False | Shared=True | Id=7626163
INFO | Candidate: NWB_UniclassCode | Scope=instance | Storage=String | ReadOnly=False | Shared=True | Id=7626165
INFO | Candidate: NWB_UniclassDescription | Scope=instance | Storage=String | ReadOnly=False | Shared=True | Id=7626166
INFO | Candidate: NWB_DesignPkg | Scope=instance | Storage=String | ReadOnly=False | Shared=True | Id=7626167
ERROR | Element 13055379 | Category=Ducts | Family= | Parameter=NWB_BuildingPermitPkg | Reason=missing | Writable sample: AHU, AHU_AreaServed, AHU_Serves, AHU_Type, AHU_ZoneNumber, Additional Flow, Building_No, COMPLETE Y/N, Classification.OmniClass.21.Description_INSTANCE, Classification.OmniClass.21.Number_INSTANCE, Classification.OmniClass.22.Description_INSTANCE, Classification.OmniClass.22.Number_INSTANCE, Classification.OmniClass.23.Description_INSTANCE, Classification.OmniClass.23.Number_INSTANCE, Classification.UniFormat.2010.Description, Classification.UniFormat.2010.Number, Comments, DUCT NUMBER, Description BOM Suffix, Duct Number
INFO | Candidate: NWB_WBS00 | Scope=instance | Storage=String | ReadOnly=False | Shared=True | Id=9214738
INFO | Candidate: NWB_WBS01 | Scope=instance | Storage=String | ReadOnly=False | Shared=True | Id=9214798
INFO | Candidate: NWB_WBS02 | Scope=instance | Storage=String | ReadOnly=False | Shared=True | Id=9214786
INFO | Candidate: NWB_WBS03 | Scope=instance | Storage=String | ReadOnly=False | Shared=True | Id=9214750
INFO | Candidate: NWB_WBS04 | Scope=instance | Storage=String | ReadOnly=False | Shared=True | Id=9214762
INFO | Candidate: NWB_WBS05 | Scope=instance | Storage=String | ReadOnly=False | Shared=True | Id=9214810
INFO | Writing INSTANCE parameter 'NWB_WBS05' on element 13055379
INFO | Element 13055379 | NWB_WBS05 | Kind=Shared Parameter | Scope=instance | Storage=String | Old='SP' | New='SI5'
INFO | Candidate: NWB_WBSCode | Scope=instance | Storage=String | ReadOnly=False | Shared=True | Id=9214774
INFO | Writing INSTANCE parameter 'NWB_WBSCode' on element 13055379
INFO | Element 13055379 | NWB_WBSCode | Kind=Shared Parameter | Scope=instance | Storage=String | Old='WBH-HO-09-Z00-ME-SP' | New='WBH-HO-09-Z00-ME-SI5'
SOURCE | Element 13055379 | Cat=Ducts | Family=Rectangular Duct | Type= | Level=LEVEL 09 | System=Supply Air | LinkedRoomLink= | LinkedRoomNumber= | LinkedRoomName= | LinkedRoomDept= | LinkedRoomBuilding= | LinkedRoomSite= | LinkedRoomSource= | ResolvedDept= | ResolvedBuilding= | ResolvedSite= | DisciplineHint=mechanical | AssetCandidates=ducts, ductwork | WBS00=WBH | WBS01=HO | WBS03=Z00 | DesignPkg=NWB-GEN-ME-SCM-1091-A | BuildingPermitPkg=WBH - BP09
WARN | Element 13055379 | Department unresolved | ExistingNWBDepartment= | ExistingWBS00=WBH | ExistingWBS01=HO | ExistingDiscipline=ME
ELEMENT | 13055379 | Cat=Ducts | AssetScore=45 | AssetTypeCode=MDUC | AssetType=Ductwork | AssetCategory=Ductwork | Targets=NWB_AssetTypeCode=MDUC; NWB_AssetType=Ductwork; NWB_Discipline=ME; NWB_Category=Ductwork; NWB_Department=; NWB_Material=; NWB_System=Supply Air; NWB_UniclassCode=Pr_65_65_25; NWB_UniclassDescription=Ductwork and fittings; NWB_DesignPkg=NWB-GEN-ME-SCM-1091-A; NWB_BuildingPermitPkg=WBH - BP09; NWB_WBS00=WBH; NWB_WBS01=HO; NWB_WBS02=09; NWB_WBS03=Z00; NWB_WBS04=ME; NWB_WBS05=SI5; NWB_WBSCode=WBH-HO-09-Z00-ME-SI5
INFO | Candidate: NWB_AssetTypeCode | Scope=instance | Storage=String | ReadOnly=False | Shared=True | Id=3045149
INFO | Candidate: NWB_AssetTypeCode | Scope=instance | Storage=String | ReadOnly=False | Shared=True | Id=7626182
INFO | Found 2 parameters named NWB_AssetTypeCode
INFO | SELECTED | Shared Parameter | Scope=instance | ReadOnly=False | Id=3045149
INFO | SELECTED | Shared Parameter | Scope=instance | ReadOnly=False | Id=7626182
INFO | Writing INSTANCE parameter 'NWB_AssetTypeCode' on element 13055386
INFO | Element 13055386 | NWB_AssetTypeCode | Kind=Shared Parameter | Scope=instance | Storage=String | Old='' | New='MDUC'
INFO | Writing INSTANCE parameter 'NWB_AssetTypeCode' on element 13055386
INFO | Element 13055386 | NWB_AssetTypeCode | Kind=Shared Parameter | Scope=instance | Storage=String | Old='' | New='MDUC'
INFO | Candidate: NWB_AssetType | Scope=instance | Storage=String | ReadOnly=False | Shared=True | Id=3045150
INFO | Candidate: NWB_AssetType | Scope=instance | Storage=String | ReadOnly=False | Shared=True | Id=7626181
INFO | Found 2 parameters named NWB_AssetType
INFO | SELECTED | Shared Parameter | Scope=instance | ReadOnly=False | Id=3045150
INFO | SELECTED | Shared Parameter | Scope=instance | ReadOnly=False | Id=7626181
INFO | Writing INSTANCE parameter 'NWB_AssetType' on element 13055386
INFO | Element 13055386 | NWB_AssetType | Kind=Shared Parameter | Scope=instance | Storage=String | Old='' | New='Ductwork'
INFO | Writing INSTANCE parameter 'NWB_AssetType' on element 13055386
INFO | Element 13055386 | NWB_AssetType | Kind=Shared Parameter | Scope=instance | Storage=String | Old='' | New='Ductwork'
INFO | Candidate: NWB_Discipline | Scope=instance | Storage=String | ReadOnly=False | Shared=True | Id=3045151
INFO | Candidate: NWB_Discipline | Scope=instance | Storage=String | ReadOnly=False | Shared=True | Id=7626159
INFO | Found 2 parameters named NWB_Discipline
INFO | SELECTED | Shared Parameter | Scope=instance | ReadOnly=False | Id=3045151
INFO | SELECTED | Shared Parameter | Scope=instance | ReadOnly=False | Id=7626159
INFO | Writing INSTANCE parameter 'NWB_Discipline' on element 13055386
INFO | Element 13055386 | NWB_Discipline | Kind=Shared Parameter | Scope=instance | Storage=String | Old='Mechanical' | New='ME'
INFO | Writing INSTANCE parameter 'NWB_Discipline' on element 13055386
INFO | Element 13055386 | NWB_Discipline | Kind=Shared Parameter | Scope=instance | Storage=String | Old='Mechanical' | New='ME'
INFO | Candidate: NWB_Category | Scope=instance | Storage=String | ReadOnly=False | Shared=True | Id=3045152
INFO | Candidate: NWB_Category | Scope=instance | Storage=String | ReadOnly=False | Shared=True | Id=7626160
INFO | Found 2 parameters named NWB_Category
INFO | SELECTED | Shared Parameter | Scope=instance | ReadOnly=False | Id=3045152
INFO | SELECTED | Shared Parameter | Scope=instance | ReadOnly=False | Id=7626160
INFO | Writing INSTANCE parameter 'NWB_Category' on element 13055386
INFO | Element 13055386 | NWB_Category | Kind=Shared Parameter | Scope=instance | Storage=String | Old='' | New='Ductwork'
INFO | Writing INSTANCE parameter 'NWB_Category' on element 13055386
INFO | Element 13055386 | NWB_Category | Kind=Shared Parameter | Scope=instance | Storage=String | Old='' | New='Ductwork'
INFO | Candidate: NWB_System | Scope=instance | Storage=String | ReadOnly=False | Shared=True | Id=3045155
INFO | Candidate: NWB_System | Scope=instance | Storage=String | ReadOnly=False | Shared=True | Id=7626163
INFO | Found 2 parameters named NWB_System
INFO | SELECTED | Shared Parameter | Scope=instance | ReadOnly=False | Id=3045155
INFO | SELECTED | Shared Parameter | Scope=instance | ReadOnly=False | Id=7626163
INFO | Writing INSTANCE parameter 'NWB_System' on element 13055386
INFO | Element 13055386 | NWB_System | Kind=Shared Parameter | Scope=instance | Storage=String | Old='' | New='Supply Air'
INFO | Candidate: NWB_UniclassCode | Scope=instance | Storage=String | ReadOnly=False | Shared=True | Id=3045156
INFO | Candidate: NWB_UniclassCode | Scope=instance | Storage=String | ReadOnly=False | Shared=True | Id=7626165
INFO | Found 2 parameters named NWB_UniclassCode
INFO | SELECTED | Shared Parameter | Scope=instance | ReadOnly=False | Id=3045156
INFO | SELECTED | Shared Parameter | Scope=instance | ReadOnly=False | Id=7626165
INFO | Writing INSTANCE parameter 'NWB_UniclassCode' on element 13055386
INFO | Element 13055386 | NWB_UniclassCode | Kind=Shared Parameter | Scope=instance | Storage=String | Old='' | New='Pr_65_65_25'
INFO | Writing INSTANCE parameter 'NWB_UniclassCode' on element 13055386
INFO | Element 13055386 | NWB_UniclassCode | Kind=Shared Parameter | Scope=instance | Storage=String | Old='' | New='Pr_65_65_25'
INFO | Candidate: NWB_UniclassDescription | Scope=instance | Storage=String | ReadOnly=False | Shared=True | Id=3045157
INFO | Candidate: NWB_UniclassDescription | Scope=instance | Storage=String | ReadOnly=False | Shared=True | Id=7626166
INFO | Found 2 parameters named NWB_UniclassDescription
INFO | SELECTED | Shared Parameter | Scope=instance | ReadOnly=False | Id=3045157
INFO | SELECTED | Shared Parameter | Scope=instance | ReadOnly=False | Id=7626166
INFO | Writing INSTANCE parameter 'NWB_UniclassDescription' on element 13055386
INFO | Element 13055386 | NWB_UniclassDescription | Kind=Shared Parameter | Scope=instance | Storage=String | Old='' | New='Ductwork and fittings'
INFO | Writing INSTANCE parameter 'NWB_UniclassDescription' on element 13055386
INFO | Element 13055386 | NWB_UniclassDescription | Kind=Shared Parameter | Scope=instance | Storage=String | Old='' | New='Ductwork and fittings'
INFO | Candidate: NWB_DesignPkg | Scope=instance | Storage=String | ReadOnly=False | Shared=True | Id=3045158
INFO | Candidate: NWB_DesignPkg | Scope=instance | Storage=String | ReadOnly=False | Shared=True | Id=7626167
INFO | Found 2 parameters named NWB_DesignPkg
INFO | SELECTED | Shared Parameter | Scope=instance | ReadOnly=False | Id=3045158
INFO | SELECTED | Shared Parameter | Scope=instance | ReadOnly=False | Id=7626167
INFO | Writing INSTANCE parameter 'NWB_DesignPkg' on element 13055386
INFO | Element 13055386 | NWB_DesignPkg | Kind=Shared Parameter | Scope=instance | Storage=String | Old='' | New='NWB-GEN-ME-SCM-1091-A'
INFO | Writing INSTANCE parameter 'NWB_DesignPkg' on element 13055386
INFO | Element 13055386 | NWB_DesignPkg | Kind=Shared Parameter | Scope=instance | Storage=String | Old='' | New='NWB-GEN-ME-SCM-1091-A'
ERROR | Element 13055386 | Category=Duct Fittings | Family= | Parameter=NWB_BuildingPermitPkg | Reason=missing | Writable sample: AHU, AHU_AreaServed, AHU_Serves, AHU_Type, AHU_ZoneNumber, Building_No, COMPLETE Y/N, Classification.OmniClass.21.Description_INSTANCE, Classification.OmniClass.21.Number_INSTANCE, Classification.OmniClass.22.Description_INSTANCE, Classification.OmniClass.22.Number_INSTANCE, Classification.OmniClass.23.Description_INSTANCE, Classification.OmniClass.23.Number_INSTANCE, Classification.UniFormat.2010.Description, Classification.UniFormat.2010.Number, Comments, Description BOM Suffix, Duct Height, Duct Width, Ductwork Insulation - Lining
INFO | Candidate: NWB_WBS00 | Scope=instance | Storage=String | ReadOnly=False | Shared=True | Id=9214738
INFO | Candidate: NWB_WBS01 | Scope=instance | Storage=String | ReadOnly=False | Shared=True | Id=9214798
INFO | Candidate: NWB_WBS02 | Scope=instance | Storage=String | ReadOnly=False | Shared=True | Id=9214786
INFO | Candidate: NWB_WBS03 | Scope=instance | Storage=String | ReadOnly=False | Shared=True | Id=9214750
INFO | Candidate: NWB_WBS04 | Scope=instance | Storage=String | ReadOnly=False | Shared=True | Id=9214762
INFO | Candidate: NWB_WBS05 | Scope=instance | Storage=String | ReadOnly=False | Shared=True | Id=9214810
INFO | Candidate: NWB_WBSCode | Scope=instance | Storage=String | ReadOnly=False | Shared=True | Id=9214774
SOURCE | Element 13055386 | Cat=Duct Fittings | Family=MHT-ME-DF-Rectangular Short Radius Bend - Flanged | Type= | Level=LEVEL 09 | System=Supply Air | LinkedRoomLink= | LinkedRoomNumber= | LinkedRoomName= | LinkedRoomDept= | LinkedRoomBuilding= | LinkedRoomSite= | LinkedRoomSource= | ResolvedDept= | ResolvedBuilding= | ResolvedSite= | DisciplineHint=mechanical | AssetCandidates=duct fittings, ductwork | WBS00=WBH | WBS01=HO | WBS03=Z00 | DesignPkg=NWB-GEN-ME-SCM-1091-A | BuildingPermitPkg=WBH - BP09
WARN | Element 13055386 | Department unresolved | ExistingNWBDepartment= | ExistingWBS00=WBH | ExistingWBS01=HO | ExistingDiscipline=Mechanical
ELEMENT | 13055386 | Cat=Duct Fittings | AssetScore=45 | AssetTypeCode=MDUC | AssetType=Ductwork | AssetCategory=Ductwork | Targets=NWB_AssetTypeCode=MDUC; NWB_AssetType=Ductwork; NWB_Discipline=ME; NWB_Category=Ductwork; NWB_Department=; NWB_Material=; NWB_System=Supply Air; NWB_UniclassCode=Pr_65_65_25; NWB_UniclassDescription=Ductwork and fittings; NWB_DesignPkg=NWB-GEN-ME-SCM-1091-A; NWB_BuildingPermitPkg=WBH - BP09; NWB_WBS00=WBH; NWB_WBS01=HO; NWB_WBS02=09; NWB_WBS03=Z00; NWB_WBS04=ME; NWB_WBS05=SI5; NWB_WBSCode=WBH-HO-09-Z00-ME-SI5
INFO | Candidate: NWB_AssetTypeCode | Scope=instance | Storage=String | ReadOnly=False | Shared=True | Id=7626182
INFO | Candidate: NWB_AssetType | Scope=instance | Storage=String | ReadOnly=False | Shared=True | Id=7626181
INFO | Candidate: NWB_Discipline | Scope=instance | Storage=String | ReadOnly=False | Shared=True | Id=7626159
INFO | Candidate: NWB_Category | Scope=instance | Storage=String | ReadOnly=False | Shared=True | Id=7626160
INFO | Candidate: NWB_System | Scope=instance | Storage=String | ReadOnly=False | Shared=True | Id=7626163
INFO | Candidate: NWB_UniclassCode | Scope=instance | Storage=String | ReadOnly=False | Shared=True | Id=7626165
INFO | Candidate: NWB_UniclassDescription | Scope=instance | Storage=String | ReadOnly=False | Shared=True | Id=7626166
INFO | Candidate: NWB_DesignPkg | Scope=instance | Storage=String | ReadOnly=False | Shared=True | Id=7626167
ERROR | Element 13055389 | Category=Ducts | Family= | Parameter=NWB_BuildingPermitPkg | Reason=missing | Writable sample: AHU, AHU_AreaServed, AHU_Serves, AHU_Type, AHU_ZoneNumber, Additional Flow, Building_No, COMPLETE Y/N, Classification.OmniClass.21.Description_INSTANCE, Classification.OmniClass.21.Number_INSTANCE, Classification.OmniClass.22.Description_INSTANCE, Classification.OmniClass.22.Number_INSTANCE, Classification.OmniClass.23.Description_INSTANCE, Classification.OmniClass.23.Number_INSTANCE, Classification.UniFormat.2010.Description, Classification.UniFormat.2010.Number, Comments, DUCT NUMBER, Description BOM Suffix, Duct Number
INFO | Candidate: NWB_WBS00 | Scope=instance | Storage=String | ReadOnly=False | Shared=True | Id=9214738
INFO | Candidate: NWB_WBS01 | Scope=instance | Storage=String | ReadOnly=False | Shared=True | Id=9214798
INFO | Candidate: NWB_WBS02 | Scope=instance | Storage=String | ReadOnly=False | Shared=True | Id=9214786
INFO | Candidate: NWB_WBS03 | Scope=instance | Storage=String | ReadOnly=False | Shared=True | Id=9214750
INFO | Candidate: NWB_WBS04 | Scope=instance | Storage=String | ReadOnly=False | Shared=True | Id=9214762
INFO | Candidate: NWB_WBS05 | Scope=instance | Storage=String | ReadOnly=False | Shared=True | Id=9214810
INFO | Writing INSTANCE parameter 'NWB_WBS05' on element 13055389
INFO | Element 13055389 | NWB_WBS05 | Kind=Shared Parameter | Scope=instance | Storage=String | Old='SP' | New='SI5'
INFO | Candidate: NWB_WBSCode | Scope=instance | Storage=String | ReadOnly=False | Shared=True | Id=9214774
INFO | Writing INSTANCE parameter 'NWB_WBSCode' on element 13055389
INFO | Element 13055389 | NWB_WBSCode | Kind=Shared Parameter | Scope=instance | Storage=String | Old='WBH-HO-09-Z00-ME-SP' | New='WBH-HO-09-Z00-ME-SI5'
SOURCE | Element 13055389 | Cat=Ducts | Family=Rectangular Duct | Type= | Level=LEVEL 09 | System=Supply Air | LinkedRoomLink= | LinkedRoomNumber= | LinkedRoomName= | LinkedRoomDept= | LinkedRoomBuilding= | LinkedRoomSite= | LinkedRoomSource= | ResolvedDept= | ResolvedBuilding= | ResolvedSite= | DisciplineHint=mechanical | AssetCandidates=ducts, ductwork | WBS00=WBH | WBS01=HO | WBS03=Z00 | DesignPkg=NWB-GEN-ME-SCM-1091-A | BuildingPermitPkg=WBH - BP09
WARN | Element 13055389 | Department unresolved | ExistingNWBDepartment= | ExistingWBS00=WBH | ExistingWBS01=HO | ExistingDiscipline=ME
ELEMENT | 13055389 | Cat=Ducts | AssetScore=45 | AssetTypeCode=MDUC | AssetType=Ductwork | AssetCategory=Ductwork | Targets=NWB_AssetTypeCode=MDUC; NWB_AssetType=Ductwork; NWB_Discipline=ME; NWB_Category=Ductwork; NWB_Department=; NWB_Material=; NWB_System=Supply Air; NWB_UniclassCode=Pr_65_65_25; NWB_UniclassDescription=Ductwork and fittings; NWB_DesignPkg=NWB-GEN-ME-SCM-1091-A; NWB_BuildingPermitPkg=WBH - BP09; NWB_WBS00=WBH; NWB_WBS01=HO; NWB_WBS02=09; NWB_WBS03=Z00; NWB_WBS04=ME; NWB_WBS05=SI5; NWB_WBSCode=WBH-HO-09-Z00-ME-SI5
INFO | Candidate: NWB_AssetTypeCode | Scope=instance | Storage=String | ReadOnly=False | Shared=True | Id=7626182
INFO | Candidate: NWB_AssetType | Scope=instance | Storage=String | ReadOnly=False | Shared=True | Id=7626181
INFO | Candidate: NWB_Discipline | Scope=instance | Storage=String | ReadOnly=False | Shared=True | Id=7626159
INFO | Candidate: NWB_Category | Scope=instance | Storage=String | ReadOnly=False | Shared=True | Id=7626160
INFO | Candidate: NWB_System | Scope=instance | Storage=String | ReadOnly=False | Shared=True | Id=7626163
INFO | Candidate: NWB_UniclassCode | Scope=instance | Storage=String | ReadOnly=False | Shared=True | Id=7626165
INFO | Candidate: NWB_UniclassDescription | Scope=instance | Storage=String | ReadOnly=False | Shared=True | Id=7626166
INFO | Candidate: NWB_DesignPkg | Scope=instance | Storage=String | ReadOnly=False | Shared=True | Id=7626167
ERROR | Element 13055537 | Category=Ducts | Family= | Parameter=NWB_BuildingPermitPkg | Reason=missing | Writable sample: AHU, AHU_AreaServed, AHU_Serves, AHU_Type, AHU_ZoneNumber, Additional Flow, Building_No, COMPLETE Y/N, Classification.OmniClass.21.Description_INSTANCE, Classification.OmniClass.21.Number_INSTANCE, Classification.OmniClass.22.Description_INSTANCE, Classification.OmniClass.22.Number_INSTANCE, Classification.OmniClass.23.Description_INSTANCE, Classification.OmniClass.23.Number_INSTANCE, Classification.UniFormat.2010.Description, Classification.UniFormat.2010.Number, Comments, DUCT NUMBER, Description BOM Suffix, Duct Number
INFO | Candidate: NWB_WBS00 | Scope=instance | Storage=String | ReadOnly=False | Shared=True | Id=9214738
INFO | Candidate: NWB_WBS01 | Scope=instance | Storage=String | ReadOnly=False | Shared=True | Id=9214798
INFO | Candidate: NWB_WBS02 | Scope=instance | Storage=String | ReadOnly=False | Shared=True | Id=9214786
INFO | Candidate: NWB_WBS03 | Scope=instance | Storage=String | ReadOnly=False | Shared=True | Id=9214750
INFO | Candidate: NWB_WBS04 | Scope=instance | Storage=String | ReadOnly=False | Shared=True | Id=9214762
INFO | Candidate: NWB_WBS05 | Scope=instance | Storage=String | ReadOnly=False | Shared=True | Id=9214810
INFO | Writing INSTANCE parameter 'NWB_WBS05' on element 13055537
INFO | Element 13055537 | NWB_WBS05 | Kind=Shared Parameter | Scope=instance | Storage=String | Old='SP' | New='SI5'
INFO | Candidate: NWB_WBSCode | Scope=instance | Storage=String | ReadOnly=False | Shared=True | Id=9214774
INFO | Writing INSTANCE parameter 'NWB_WBSCode' on element 13055537
INFO | Element 13055537 | NWB_WBSCode | Kind=Shared Parameter | Scope=instance | Storage=String | Old='WBH-HO-09-Z00-ME-SP' | New='WBH-HO-09-Z00-ME-SI5'
SOURCE | Element 13055537 | Cat=Ducts | Family=Rectangular Duct | Type= | Level=LEVEL 09 | System=Supply Air | LinkedRoomLink= | LinkedRoomNumber= | LinkedRoomName= | LinkedRoomDept= | LinkedRoomBuilding= | LinkedRoomSite= | LinkedRoomSource= | ResolvedDept= | ResolvedBuilding= | ResolvedSite= | DisciplineHint=mechanical | AssetCandidates=ducts, ductwork | WBS00=WBH | WBS01=HO | WBS03=Z00 | DesignPkg=NWB-GEN-ME-SCM-1091-A | BuildingPermitPkg=WBH - BP09
WARN | Element 13055537 | Department unresolved | ExistingNWBDepartment= | ExistingWBS00=WBH | ExistingWBS01=HO | ExistingDiscipline=ME
ELEMENT | 13055537 | Cat=Ducts | AssetScore=45 | AssetTypeCode=MDUC | AssetType=Ductwork | AssetCategory=Ductwork | Targets=NWB_AssetTypeCode=MDUC; NWB_AssetType=Ductwork; NWB_Discipline=ME; NWB_Category=Ductwork; NWB_Department=; NWB_Material=; NWB_System=Supply Air; NWB_UniclassCode=Pr_65_65_25; NWB_UniclassDescription=Ductwork and fittings; NWB_DesignPkg=NWB-GEN-ME-SCM-1091-A; NWB_BuildingPermitPkg=WBH - BP09; NWB_WBS00=WBH; NWB_WBS01=HO; NWB_WBS02=09; NWB_WBS03=Z00; NWB_WBS04=ME; NWB_WBS05=SI5; NWB_WBSCode=WBH-HO-09-Z00-ME-SI5
INFO | Candidate: NWB_AssetTypeCode | Scope=instance | Storage=String | ReadOnly=False | Shared=True | Id=7626182
INFO | Writing INSTANCE parameter 'NWB_AssetTypeCode' on element 13055646
INFO | Element 13055646 | NWB_AssetTypeCode | Kind=Shared Parameter | Scope=instance | Storage=String | Old='MSAG' | New='MAGS'
INFO | Candidate: NWB_AssetType | Scope=instance | Storage=String | ReadOnly=False | Shared=True | Id=7626181
INFO | Writing INSTANCE parameter 'NWB_AssetType' on element 13055646
INFO | Element 13055646 | NWB_AssetType | Kind=Shared Parameter | Scope=instance | Storage=String | Old='Supply Air Grill' | New='Air Grilles'
INFO | Candidate: NWB_Discipline | Scope=instance | Storage=String | ReadOnly=False | Shared=True | Id=7626159
INFO | Writing INSTANCE parameter 'NWB_Discipline' on element 13055646
INFO | Element 13055646 | NWB_Discipline | Kind=Shared Parameter | Scope=instance | Storage=String | Old='Mechanical' | New='ME'
INFO | Candidate: NWB_Category | Scope=instance | Storage=String | ReadOnly=False | Shared=True | Id=7626160
INFO | Candidate: NWB_System | Scope=instance | Storage=String | ReadOnly=False | Shared=True | Id=7626163
INFO | Candidate: NWB_UniclassCode | Scope=instance | Storage=String | ReadOnly=False | Shared=True | Id=7626165
INFO | Candidate: NWB_UniclassDescription | Scope=instance | Storage=String | ReadOnly=False | Shared=True | Id=7626166
INFO | Writing INSTANCE parameter 'NWB_UniclassDescription' on element 13055646
INFO | Element 13055646 | NWB_UniclassDescription | Kind=Shared Parameter | Scope=instance | Storage=String | Old='' | New='Air grilles'
INFO | Candidate: NWB_DesignPkg | Scope=instance | Storage=String | ReadOnly=False | Shared=True | Id=7626167
INFO | Writing INSTANCE parameter 'NWB_DesignPkg' on element 13055646
INFO | Element 13055646 | NWB_DesignPkg | Kind=Shared Parameter | Scope=instance | Storage=String | Old='' | New='NWB-GEN-ME-SCM-1091-A'
ERROR | Element 13055646 | Category=Air Terminals | Family= | Parameter=NWB_BuildingPermitPkg | Reason=missing | Writable sample: AHU_AreaServed, AHU_Serves, AHU_Type, AHU_ZoneNumber, AQ, Air Flow, Building_No, COMPLETE Y/N, Classification.UniFormat.2010.Description, Classification.UniFormat.2010.Number, Collar Size, Comments, Elevation from Level, Export to IFC, Export to IFC As, Family, Family and Type, Height, IFC Predefined Type, IfcGUID
INFO | Candidate: NWB_WBS00 | Scope=instance | Storage=String | ReadOnly=True | Shared=True | Id=9214738
ERROR | Element 13055646 | Category=Air Terminals | Family= | Parameter=NWB_WBS00 | Reason=readonly | Writable sample: AHU_AreaServed, AHU_Serves, AHU_Type, AHU_ZoneNumber, AQ, Air Flow, Building_No, COMPLETE Y/N, Classification.UniFormat.2010.Description, Classification.UniFormat.2010.Number, Collar Size, Comments, Elevation from Level, Export to IFC, Export to IFC As, Family, Family and Type, Height, IFC Predefined Type, IfcGUID
INFO | Candidate: NWB_WBS01 | Scope=instance | Storage=String | ReadOnly=True | Shared=True | Id=9214798
ERROR | Element 13055646 | Category=Air Terminals | Family= | Parameter=NWB_WBS01 | Reason=readonly | Writable sample: AHU_AreaServed, AHU_Serves, AHU_Type, AHU_ZoneNumber, AQ, Air Flow, Building_No, COMPLETE Y/N, Classification.UniFormat.2010.Description, Classification.UniFormat.2010.Number, Collar Size, Comments, Elevation from Level, Export to IFC, Export to IFC As, Family, Family and Type, Height, IFC Predefined Type, IfcGUID
INFO | Candidate: NWB_WBS02 | Scope=instance | Storage=String | ReadOnly=False | Shared=True | Id=9214786
INFO | Candidate: NWB_WBS03 | Scope=instance | Storage=String | ReadOnly=False | Shared=True | Id=9214750
INFO | Candidate: NWB_WBS04 | Scope=instance | Storage=String | ReadOnly=True | Shared=True | Id=9214762
ERROR | Element 13055646 | Category=Air Terminals | Family= | Parameter=NWB_WBS04 | Reason=readonly | Writable sample: AHU_AreaServed, AHU_Serves, AHU_Type, AHU_ZoneNumber, AQ, Air Flow, Building_No, COMPLETE Y/N, Classification.UniFormat.2010.Description, Classification.UniFormat.2010.Number, Collar Size, Comments, Elevation from Level, Export to IFC, Export to IFC As, Family, Family and Type, Height, IFC Predefined Type, IfcGUID
INFO | Candidate: NWB_WBS05 | Scope=instance | Storage=String | ReadOnly=True | Shared=True | Id=9214810
ERROR | Element 13055646 | Category=Air Terminals | Family= | Parameter=NWB_WBS05 | Reason=readonly | Writable sample: AHU_AreaServed, AHU_Serves, AHU_Type, AHU_ZoneNumber, AQ, Air Flow, Building_No, COMPLETE Y/N, Classification.UniFormat.2010.Description, Classification.UniFormat.2010.Number, Collar Size, Comments, Elevation from Level, Export to IFC, Export to IFC As, Family, Family and Type, Height, IFC Predefined Type, IfcGUID
INFO | Candidate: NWB_WBSCode | Scope=instance | Storage=String | ReadOnly=False | Shared=True | Id=9214774
SOURCE | Element 13055646 | Cat=Air Terminals | Family=AIR_LOUVER_N | Type= | Level=LEVEL 09 | System=Supply Air | LinkedRoomLink= | LinkedRoomNumber= | LinkedRoomName= | LinkedRoomDept= | LinkedRoomBuilding= | LinkedRoomSite= | LinkedRoomSource= | ResolvedDept= | ResolvedBuilding= | ResolvedSite= | DisciplineHint=mechanical | AssetCandidates=air terminals, air terminal | WBS00=WBH | WBS01=HO | WBS03=Z00 | DesignPkg=NWB-GEN-ME-SCM-1091-A | BuildingPermitPkg=WBH - BP09
WARN | Element 13055646 | Department unresolved | ExistingNWBDepartment= | ExistingWBS00=WBS | ExistingWBS01=HO | ExistingDiscipline=Mechanical
ELEMENT | 13055646 | Cat=Air Terminals | AssetScore=36 | AssetTypeCode=MAGS | AssetType=Air Grilles | AssetCategory=Air Terminal | Targets=NWB_AssetTypeCode=MAGS; NWB_AssetType=Air Grilles; NWB_Discipline=ME; NWB_Category=Air Terminal; NWB_Department=; NWB_Material=; NWB_System=Supply Air; NWB_UniclassCode=Pr_70_65_04_03; NWB_UniclassDescription=Air grilles; NWB_DesignPkg=NWB-GEN-ME-SCM-1091-A; NWB_BuildingPermitPkg=WBH - BP09; NWB_WBS00=WBH; NWB_WBS01=HO; NWB_WBS02=09; NWB_WBS03=Z00; NWB_WBS04=ME; NWB_WBS05=SI5; NWB_WBSCode=WBH-HO-09-Z00-ME-SI5
INFO | Candidate: NWB_AssetTypeCode | Scope=instance | Storage=String | ReadOnly=False | Shared=True | Id=7626182
INFO | Candidate: NWB_AssetType | Scope=instance | Storage=String | ReadOnly=False | Shared=True | Id=7626181
INFO | Candidate: NWB_Discipline | Scope=instance | Storage=String | ReadOnly=False | Shared=True | Id=7626159
INFO | Candidate: NWB_Category | Scope=instance | Storage=String | ReadOnly=False | Shared=True | Id=7626160
INFO | Candidate: NWB_System | Scope=instance | Storage=String | ReadOnly=False | Shared=True | Id=7626163
INFO | Candidate: NWB_UniclassCode | Scope=instance | Storage=String | ReadOnly=False | Shared=True | Id=7626165
INFO | Candidate: NWB_UniclassDescription | Scope=instance | Storage=String | ReadOnly=False | Shared=True | Id=7626166
INFO | Candidate: NWB_DesignPkg | Scope=instance | Storage=String | ReadOnly=False | Shared=True | Id=7626167
ERROR | Element 13056253 | Category=Ducts | Family= | Parameter=NWB_BuildingPermitPkg | Reason=missing | Writable sample: AHU, AHU_AreaServed, AHU_Serves, AHU_Type, AHU_ZoneNumber, Additional Flow, Building_No, COMPLETE Y/N, Classification.OmniClass.21.Description_INSTANCE, Classification.OmniClass.21.Number_INSTANCE, Classification.OmniClass.22.Description_INSTANCE, Classification.OmniClass.22.Number_INSTANCE, Classification.OmniClass.23.Description_INSTANCE, Classification.OmniClass.23.Number_INSTANCE, Classification.UniFormat.2010.Description, Classification.UniFormat.2010.Number, Comments, DUCT NUMBER, Description BOM Suffix, Duct Number
INFO | Candidate: NWB_WBS00 | Scope=instance | Storage=String | ReadOnly=False | Shared=True | Id=9214738
INFO | Candidate: NWB_WBS01 | Scope=instance | Storage=String | ReadOnly=False | Shared=True | Id=9214798
INFO | Candidate: NWB_WBS02 | Scope=instance | Storage=String | ReadOnly=False | Shared=True | Id=9214786
INFO | Candidate: NWB_WBS03 | Scope=instance | Storage=String | ReadOnly=False | Shared=True | Id=9214750
INFO | Candidate: NWB_WBS04 | Scope=instance | Storage=String | ReadOnly=False | Shared=True | Id=9214762
INFO | Candidate: NWB_WBS05 | Scope=instance | Storage=String | ReadOnly=False | Shared=True | Id=9214810
INFO | Writing INSTANCE parameter 'NWB_WBS05' on element 13056253
INFO | Element 13056253 | NWB_WBS05 | Kind=Shared Parameter | Scope=instance | Storage=String | Old='SP' | New='SI5'
INFO | Candidate: NWB_WBSCode | Scope=instance | Storage=String | ReadOnly=False | Shared=True | Id=9214774
INFO | Writing INSTANCE parameter 'NWB_WBSCode' on element 13056253
INFO | Element 13056253 | NWB_WBSCode | Kind=Shared Parameter | Scope=instance | Storage=String | Old='WBH-HO-09-Z00-ME-SP' | New='WBH-HO-09-Z00-ME-SI5'
SOURCE | Element 13056253 | Cat=Ducts | Family=Rectangular Duct | Type= | Level=LEVEL 09 | System=Supply Air | LinkedRoomLink= | LinkedRoomNumber= | LinkedRoomName= | LinkedRoomDept= | LinkedRoomBuilding= | LinkedRoomSite= | LinkedRoomSource= | ResolvedDept= | ResolvedBuilding= | ResolvedSite= | DisciplineHint=mechanical | AssetCandidates=ducts, ductwork | WBS00=WBH | WBS01=HO | WBS03=Z00 | DesignPkg=NWB-GEN-ME-SCM-1091-A | BuildingPermitPkg=WBH - BP09
WARN | Element 13056253 | Department unresolved | ExistingNWBDepartment= | ExistingWBS00=WBH | ExistingWBS01=HO | ExistingDiscipline=ME
ELEMENT | 13056253 | Cat=Ducts | AssetScore=45 | AssetTypeCode=MDUC | AssetType=Ductwork | AssetCategory=Ductwork | Targets=NWB_AssetTypeCode=MDUC; NWB_AssetType=Ductwork; NWB_Discipline=ME; NWB_Category=Ductwork; NWB_Department=; NWB_Material=; NWB_System=Supply Air; NWB_UniclassCode=Pr_65_65_25; NWB_UniclassDescription=Ductwork and fittings; NWB_DesignPkg=NWB-GEN-ME-SCM-1091-A; NWB_BuildingPermitPkg=WBH - BP09; NWB_WBS00=WBH; NWB_WBS01=HO; NWB_WBS02=09; NWB_WBS03=Z00; NWB_WBS04=ME; NWB_WBS05=SI5; NWB_WBSCode=WBH-HO-09-Z00-ME-SI5
INFO | Candidate: NWB_AssetTypeCode | Scope=instance | Storage=String | ReadOnly=False | Shared=True | Id=3045149
INFO | Candidate: NWB_AssetTypeCode | Scope=instance | Storage=String | ReadOnly=False | Shared=True | Id=7626182
INFO | Found 2 parameters named NWB_AssetTypeCode
INFO | SELECTED | Shared Parameter | Scope=instance | ReadOnly=False | Id=3045149
INFO | SELECTED | Shared Parameter | Scope=instance | ReadOnly=False | Id=7626182
INFO | Writing INSTANCE parameter 'NWB_AssetTypeCode' on element 13056255
INFO | Element 13056255 | NWB_AssetTypeCode | Kind=Shared Parameter | Scope=instance | Storage=String | Old='' | New='MDUC'
INFO | Writing INSTANCE parameter 'NWB_AssetTypeCode' on element 13056255
INFO | Element 13056255 | NWB_AssetTypeCode | Kind=Shared Parameter | Scope=instance | Storage=String | Old='' | New='MDUC'
INFO | Candidate: NWB_AssetType | Scope=instance | Storage=String | ReadOnly=False | Shared=True | Id=3045150
INFO | Candidate: NWB_AssetType | Scope=instance | Storage=String | ReadOnly=False | Shared=True | Id=7626181
INFO | Found 2 parameters named NWB_AssetType
INFO | SELECTED | Shared Parameter | Scope=instance | ReadOnly=False | Id=3045150
INFO | SELECTED | Shared Parameter | Scope=instance | ReadOnly=False | Id=7626181
INFO | Writing INSTANCE parameter 'NWB_AssetType' on element 13056255
INFO | Element 13056255 | NWB_AssetType | Kind=Shared Parameter | Scope=instance | Storage=String | Old='' | New='Ductwork'
INFO | Writing INSTANCE parameter 'NWB_AssetType' on element 13056255
INFO | Element 13056255 | NWB_AssetType | Kind=Shared Parameter | Scope=instance | Storage=String | Old='' | New='Ductwork'
INFO | Candidate: NWB_Discipline | Scope=instance | Storage=String | ReadOnly=False | Shared=True | Id=3045151
INFO | Candidate: NWB_Discipline | Scope=instance | Storage=String | ReadOnly=False | Shared=True | Id=7626159
INFO | Found 2 parameters named NWB_Discipline
INFO | SELECTED | Shared Parameter | Scope=instance | ReadOnly=False | Id=3045151
INFO | SELECTED | Shared Parameter | Scope=instance | ReadOnly=False | Id=7626159
INFO | Writing INSTANCE parameter 'NWB_Discipline' on element 13056255
INFO | Element 13056255 | NWB_Discipline | Kind=Shared Parameter | Scope=instance | Storage=String | Old='Mechanical' | New='ME'
INFO | Writing INSTANCE parameter 'NWB_Discipline' on element 13056255
INFO | Element 13056255 | NWB_Discipline | Kind=Shared Parameter | Scope=instance | Storage=String | Old='Mechanical' | New='ME'
INFO | Candidate: NWB_Category | Scope=instance | Storage=String | ReadOnly=False | Shared=True | Id=3045152
INFO | Candidate: NWB_Category | Scope=instance | Storage=String | ReadOnly=False | Shared=True | Id=7626160
INFO | Found 2 parameters named NWB_Category
INFO | SELECTED | Shared Parameter | Scope=instance | ReadOnly=False | Id=3045152
INFO | SELECTED | Shared Parameter | Scope=instance | ReadOnly=False | Id=7626160
INFO | Writing INSTANCE parameter 'NWB_Category' on element 13056255
INFO | Element 13056255 | NWB_Category | Kind=Shared Parameter | Scope=instance | Storage=String | Old='' | New='Ductwork'
INFO | Writing INSTANCE parameter 'NWB_Category' on element 13056255
INFO | Element 13056255 | NWB_Category | Kind=Shared Parameter | Scope=instance | Storage=String | Old='' | New='Ductwork'
INFO | Candidate: NWB_System | Scope=instance | Storage=String | ReadOnly=False | Shared=True | Id=3045155
INFO | Candidate: NWB_System | Scope=instance | Storage=String | ReadOnly=False | Shared=True | Id=7626163
INFO | Found 2 parameters named NWB_System
INFO | SELECTED | Shared Parameter | Scope=instance | ReadOnly=False | Id=3045155
INFO | SELECTED | Shared Parameter | Scope=instance | ReadOnly=False | Id=7626163
INFO | Writing INSTANCE parameter 'NWB_System' on element 13056255
INFO | Element 13056255 | NWB_System | Kind=Shared Parameter | Scope=instance | Storage=String | Old='' | New='Supply Air'
INFO | Candidate: NWB_UniclassCode | Scope=instance | Storage=String | ReadOnly=False | Shared=True | Id=3045156
INFO | Candidate: NWB_UniclassCode | Scope=instance | Storage=String | ReadOnly=False | Shared=True | Id=7626165
INFO | Found 2 parameters named NWB_UniclassCode
INFO | SELECTED | Shared Parameter | Scope=instance | ReadOnly=False | Id=3045156
INFO | SELECTED | Shared Parameter | Scope=instance | ReadOnly=False | Id=7626165
INFO | Writing INSTANCE parameter 'NWB_UniclassCode' on element 13056255
INFO | Element 13056255 | NWB_UniclassCode | Kind=Shared Parameter | Scope=instance | Storage=String | Old='' | New='Pr_65_65_25'
INFO | Writing INSTANCE parameter 'NWB_UniclassCode' on element 13056255
INFO | Element 13056255 | NWB_UniclassCode | Kind=Shared Parameter | Scope=instance | Storage=String | Old='' | New='Pr_65_65_25'
INFO | Candidate: NWB_UniclassDescription | Scope=instance | Storage=String | ReadOnly=False | Shared=True | Id=3045157
INFO | Candidate: NWB_UniclassDescription | Scope=instance | Storage=String | ReadOnly=False | Shared=True | Id=7626166
INFO | Found 2 parameters named NWB_UniclassDescription
INFO | SELECTED | Shared Parameter | Scope=instance | ReadOnly=False | Id=3045157
INFO | SELECTED | Shared Parameter | Scope=instance | ReadOnly=False | Id=7626166
INFO | Writing INSTANCE parameter 'NWB_UniclassDescription' on element 13056255
INFO | Element 13056255 | NWB_UniclassDescription | Kind=Shared Parameter | Scope=instance | Storage=String | Old='' | New='Ductwork and fittings'
INFO | Writing INSTANCE parameter 'NWB_UniclassDescription' on element 13056255
INFO | Element 13056255 | NWB_UniclassDescription | Kind=Shared Parameter | Scope=instance | Storage=String | Old='' | New='Ductwork and fittings'
INFO | Candidate: NWB_DesignPkg | Scope=instance | Storage=String | ReadOnly=False | Shared=True | Id=3045158
INFO | Candidate: NWB_DesignPkg | Scope=instance | Storage=String | ReadOnly=False | Shared=True | Id=7626167
INFO | Found 2 parameters named NWB_DesignPkg
INFO | SELECTED | Shared Parameter | Scope=instance | ReadOnly=False | Id=3045158
INFO | SELECTED | Shared Parameter | Scope=instance | ReadOnly=False | Id=7626167
INFO | Writing INSTANCE parameter 'NWB_DesignPkg' on element 13056255
INFO | Element 13056255 | NWB_DesignPkg | Kind=Shared Parameter | Scope=instance | Storage=String | Old='' | New='NWB-GEN-ME-SCM-1091-A'
INFO | Writing INSTANCE parameter 'NWB_DesignPkg' on element 13056255
INFO | Element 13056255 | NWB_DesignPkg | Kind=Shared Parameter | Scope=instance | Storage=String | Old='' | New='NWB-GEN-ME-SCM-1091-A'
ERROR | Element 13056255 | Category=Duct Fittings | Family= | Parameter=NWB_BuildingPermitPkg | Reason=missing | Writable sample: AHU, AHU_AreaServed, AHU_Serves, AHU_Type, AHU_ZoneNumber, Building_No, COMPLETE Y/N, Classification.OmniClass.21.Description_INSTANCE, Classification.OmniClass.21.Number_INSTANCE, Classification.OmniClass.22.Description_INSTANCE, Classification.OmniClass.22.Number_INSTANCE, Classification.OmniClass.23.Description_INSTANCE, Classification.OmniClass.23.Number_INSTANCE, Classification.UniFormat.2010.Description, Classification.UniFormat.2010.Number, Comments, Description BOM Suffix, Duct Height, Duct Width, Ductwork Insulation - Lining
INFO | Candidate: NWB_WBS00 | Scope=instance | Storage=String | ReadOnly=False | Shared=True | Id=9214738
INFO | Candidate: NWB_WBS01 | Scope=instance | Storage=String | ReadOnly=False | Shared=True | Id=9214798
INFO | Candidate: NWB_WBS02 | Scope=instance | Storage=String | ReadOnly=False | Shared=True | Id=9214786
INFO | Candidate: NWB_WBS03 | Scope=instance | Storage=String | ReadOnly=False | Shared=True | Id=9214750
INFO | Candidate: NWB_WBS04 | Scope=instance | Storage=String | ReadOnly=False | Shared=True | Id=9214762
INFO | Candidate: NWB_WBS05 | Scope=instance | Storage=String | ReadOnly=False | Shared=True | Id=9214810
INFO | Candidate: NWB_WBSCode | Scope=instance | Storage=String | ReadOnly=False | Shared=True | Id=9214774
SOURCE | Element 13056255 | Cat=Duct Fittings | Family=MHT-ME-DF-Rectangular Short Radius Bend - Flanged | Type= | Level=LEVEL 09 | System=Supply Air | LinkedRoomLink= | LinkedRoomNumber= | LinkedRoomName= | LinkedRoomDept= | LinkedRoomBuilding= | LinkedRoomSite= | LinkedRoomSource= | ResolvedDept= | ResolvedBuilding= | ResolvedSite= | DisciplineHint=mechanical | AssetCandidates=duct fittings, ductwork | WBS00=WBH | WBS01=HO | WBS03=Z00 | DesignPkg=NWB-GEN-ME-SCM-1091-A | BuildingPermitPkg=WBH - BP09
WARN | Element 13056255 | Department unresolved | ExistingNWBDepartment= | ExistingWBS00=WBH | ExistingWBS01=HO | ExistingDiscipline=Mechanical
ELEMENT | 13056255 | Cat=Duct Fittings | AssetScore=45 | AssetTypeCode=MDUC | AssetType=Ductwork | AssetCategory=Ductwork | Targets=NWB_AssetTypeCode=MDUC; NWB_AssetType=Ductwork; NWB_Discipline=ME; NWB_Category=Ductwork; NWB_Department=; NWB_Material=; NWB_System=Supply Air; NWB_UniclassCode=Pr_65_65_25; NWB_UniclassDescription=Ductwork and fittings; NWB_DesignPkg=NWB-GEN-ME-SCM-1091-A; NWB_BuildingPermitPkg=WBH - BP09; NWB_WBS00=WBH; NWB_WBS01=HO; NWB_WBS02=09; NWB_WBS03=Z00; NWB_WBS04=ME; NWB_WBS05=SI5; NWB_WBSCode=WBH-HO-09-Z00-ME-SI5
INFO | Candidate: NWB_AssetTypeCode | Scope=instance | Storage=String | ReadOnly=False | Shared=True | Id=7626182
INFO | Candidate: NWB_AssetType | Scope=instance | Storage=String | ReadOnly=False | Shared=True | Id=7626181
INFO | Candidate: NWB_Discipline | Scope=instance | Storage=String | ReadOnly=False | Shared=True | Id=7626159
INFO | Candidate: NWB_Category | Scope=instance | Storage=String | ReadOnly=False | Shared=True | Id=7626160
INFO | Candidate: NWB_Department | Scope=instance | Storage=String | ReadOnly=False | Shared=True | Id=7626168
INFO | Writing INSTANCE parameter 'NWB_Department' on element 13056530
INFO | Element 13056530 | NWB_Department | Kind=Shared Parameter | Scope=instance | Storage=String | Old='' | New='Inpatient Obstetric 3'
INFO | Candidate: NWB_System | Scope=instance | Storage=String | ReadOnly=False | Shared=True | Id=7626163
INFO | Candidate: NWB_UniclassCode | Scope=instance | Storage=String | ReadOnly=False | Shared=True | Id=7626165
INFO | Candidate: NWB_UniclassDescription | Scope=instance | Storage=String | ReadOnly=False | Shared=True | Id=7626166
INFO | Candidate: NWB_DesignPkg | Scope=instance | Storage=String | ReadOnly=False | Shared=True | Id=7626167
ERROR | Element 13056530 | Category=Ducts | Family= | Parameter=NWB_BuildingPermitPkg | Reason=missing | Writable sample: AHU, AHU_AreaServed, AHU_Serves, AHU_Type, AHU_ZoneNumber, Additional Flow, Building_No, COMPLETE Y/N, Classification.OmniClass.21.Description_INSTANCE, Classification.OmniClass.21.Number_INSTANCE, Classification.OmniClass.22.Description_INSTANCE, Classification.OmniClass.22.Number_INSTANCE, Classification.OmniClass.23.Description_INSTANCE, Classification.OmniClass.23.Number_INSTANCE, Classification.UniFormat.2010.Description, Classification.UniFormat.2010.Number, Comments, DUCT NUMBER, Description BOM Suffix, Duct Number
INFO | Candidate: NWB_WBS00 | Scope=instance | Storage=String | ReadOnly=False | Shared=True | Id=9214738
INFO | Candidate: NWB_WBS01 | Scope=instance | Storage=String | ReadOnly=False | Shared=True | Id=9214798
INFO | Candidate: NWB_WBS02 | Scope=instance | Storage=String | ReadOnly=False | Shared=True | Id=9214786
INFO | Candidate: NWB_WBS03 | Scope=instance | Storage=String | ReadOnly=False | Shared=True | Id=9214750
INFO | Writing INSTANCE parameter 'NWB_WBS03' on element 13056530
INFO | Element 13056530 | NWB_WBS03 | Kind=Shared Parameter | Scope=instance | Storage=String | Old='Z00' | New='IP3'
INFO | Candidate: NWB_WBS04 | Scope=instance | Storage=String | ReadOnly=False | Shared=True | Id=9214762
INFO | Candidate: NWB_WBS05 | Scope=instance | Storage=String | ReadOnly=False | Shared=True | Id=9214810
INFO | Writing INSTANCE parameter 'NWB_WBS05' on element 13056530
INFO | Element 13056530 | NWB_WBS05 | Kind=Shared Parameter | Scope=instance | Storage=String | Old='SP' | New='SI5'
INFO | Candidate: NWB_WBSCode | Scope=instance | Storage=String | ReadOnly=False | Shared=True | Id=9214774
INFO | Writing INSTANCE parameter 'NWB_WBSCode' on element 13056530
INFO | Element 13056530 | NWB_WBSCode | Kind=Shared Parameter | Scope=instance | Storage=String | Old='WBH-HO-09-Z00-ME-SP' | New='WBH-HO-09-IP3-ME-SI5'
SOURCE | Element 13056530 | Cat=Ducts | Family=Rectangular Duct | Type= | Level=LEVEL 09 | System=Return Air | LinkedRoomLink=NWB-ACD-WBH-MH-MOD-0001 | LinkedRoomNumber=IP3.11.C02 | LinkedRoomName=Corridor | LinkedRoomDept=Inpatient Obstetric 3 | LinkedRoomBuilding= | LinkedRoomSite= | LinkedRoomSource=connected:13056531:Duct Systems | ResolvedDept=Inpatient Obstetric 3 | ResolvedBuilding= | ResolvedSite= | DisciplineHint=mechanical | AssetCandidates=ducts, ductwork | WBS00=WBH | WBS01=HO | WBS03=IP3 | DesignPkg=NWB-GEN-ME-SCM-1091-A | BuildingPermitPkg=WBH - BP09
ELEMENT | 13056530 | Cat=Ducts | AssetScore=45 | AssetTypeCode=MDUC | AssetType=Ductwork | AssetCategory=Ductwork | Targets=NWB_AssetTypeCode=MDUC; NWB_AssetType=Ductwork; NWB_Discipline=ME; NWB_Category=Ductwork; NWB_Department=Inpatient Obstetric 3; NWB_Material=; NWB_System=Return Air; NWB_UniclassCode=Pr_65_65_25; NWB_UniclassDescription=Ductwork and fittings; NWB_DesignPkg=NWB-GEN-ME-SCM-1091-A; NWB_BuildingPermitPkg=WBH - BP09; NWB_WBS00=WBH; NWB_WBS01=HO; NWB_WBS02=09; NWB_WBS03=IP3; NWB_WBS04=ME; NWB_WBS05=SI5; NWB_WBSCode=WBH-HO-09-IP3-ME-SI5
INFO | Candidate: NWB_AssetTypeCode | Scope=instance | Storage=String | ReadOnly=False | Shared=True | Id=7626182
INFO | Writing INSTANCE parameter 'NWB_AssetTypeCode' on element 13056753
INFO | Element 13056753 | NWB_AssetTypeCode | Kind=Shared Parameter | Scope=instance | Storage=String | Old='MSAG' | New='MAGS'
INFO | Candidate: NWB_AssetType | Scope=instance | Storage=String | ReadOnly=False | Shared=True | Id=7626181
INFO | Writing INSTANCE parameter 'NWB_AssetType' on element 13056753
INFO | Element 13056753 | NWB_AssetType | Kind=Shared Parameter | Scope=instance | Storage=String | Old='Supply Air Grill' | New='Air Grilles'
INFO | Candidate: NWB_Discipline | Scope=instance | Storage=String | ReadOnly=False | Shared=True | Id=7626159
INFO | Writing INSTANCE parameter 'NWB_Discipline' on element 13056753
INFO | Element 13056753 | NWB_Discipline | Kind=Shared Parameter | Scope=instance | Storage=String | Old='Mechanical' | New='ME'
INFO | Candidate: NWB_Category | Scope=instance | Storage=String | ReadOnly=False | Shared=True | Id=7626160
INFO | Candidate: NWB_Department | Scope=instance | Storage=String | ReadOnly=False | Shared=True | Id=7626168
INFO | Writing INSTANCE parameter 'NWB_Department' on element 13056753
INFO | Element 13056753 | NWB_Department | Kind=Shared Parameter | Scope=instance | Storage=String | Old='' | New='High Dependency Unit'
INFO | Candidate: NWB_System | Scope=instance | Storage=String | ReadOnly=False | Shared=True | Id=7626163
INFO | Candidate: NWB_UniclassCode | Scope=instance | Storage=String | ReadOnly=False | Shared=True | Id=7626165
INFO | Candidate: NWB_UniclassDescription | Scope=instance | Storage=String | ReadOnly=False | Shared=True | Id=7626166
INFO | Writing INSTANCE parameter 'NWB_UniclassDescription' on element 13056753
INFO | Element 13056753 | NWB_UniclassDescription | Kind=Shared Parameter | Scope=instance | Storage=String | Old='' | New='Air grilles'
INFO | Candidate: NWB_DesignPkg | Scope=instance | Storage=String | ReadOnly=False | Shared=True | Id=7626167
INFO | Writing INSTANCE parameter 'NWB_DesignPkg' on element 13056753
INFO | Element 13056753 | NWB_DesignPkg | Kind=Shared Parameter | Scope=instance | Storage=String | Old='' | New='NWB-GEN-ME-SCM-1091-A'
ERROR | Element 13056753 | Category=Air Terminals | Family= | Parameter=NWB_BuildingPermitPkg | Reason=missing | Writable sample: AHU_AreaServed, AHU_Serves, AHU_Type, AHU_ZoneNumber, AQ, Building_No, COMPLETE Y/N, Classification.UniFormat.2010.Description, Classification.UniFormat.2010.Number, Comments, Elevation from Level, Export to IFC, Export to IFC As, Family, Family and Type, Flow, IFC Predefined Type, IfcGUID, Image, Legend Description
INFO | Candidate: NWB_WBS00 | Scope=instance | Storage=String | ReadOnly=True | Shared=True | Id=9214738
ERROR | Element 13056753 | Category=Air Terminals | Family= | Parameter=NWB_WBS00 | Reason=readonly | Writable sample: AHU_AreaServed, AHU_Serves, AHU_Type, AHU_ZoneNumber, AQ, Building_No, COMPLETE Y/N, Classification.UniFormat.2010.Description, Classification.UniFormat.2010.Number, Comments, Elevation from Level, Export to IFC, Export to IFC As, Family, Family and Type, Flow, IFC Predefined Type, IfcGUID, Image, Legend Description
INFO | Candidate: NWB_WBS01 | Scope=instance | Storage=String | ReadOnly=True | Shared=True | Id=9214798
ERROR | Element 13056753 | Category=Air Terminals | Family= | Parameter=NWB_WBS01 | Reason=readonly | Writable sample: AHU_AreaServed, AHU_Serves, AHU_Type, AHU_ZoneNumber, AQ, Building_No, COMPLETE Y/N, Classification.UniFormat.2010.Description, Classification.UniFormat.2010.Number, Comments, Elevation from Level, Export to IFC, Export to IFC As, Family, Family and Type, Flow, IFC Predefined Type, IfcGUID, Image, Legend Description
INFO | Candidate: NWB_WBS02 | Scope=instance | Storage=String | ReadOnly=False | Shared=True | Id=9214786
INFO | Candidate: NWB_WBS03 | Scope=instance | Storage=String | ReadOnly=False | Shared=True | Id=9214750
INFO | Writing INSTANCE parameter 'NWB_WBS03' on element 13056753
INFO | Element 13056753 | NWB_WBS03 | Kind=Shared Parameter | Scope=instance | Storage=String | Old='High Dependency Unit' | New='HDU'
INFO | Candidate: NWB_WBS04 | Scope=instance | Storage=String | ReadOnly=True | Shared=True | Id=9214762
ERROR | Element 13056753 | Category=Air Terminals | Family= | Parameter=NWB_WBS04 | Reason=readonly | Writable sample: AHU_AreaServed, AHU_Serves, AHU_Type, AHU_ZoneNumber, AQ, Building_No, COMPLETE Y/N, Classification.UniFormat.2010.Description, Classification.UniFormat.2010.Number, Comments, Elevation from Level, Export to IFC, Export to IFC As, Family, Family and Type, Flow, IFC Predefined Type, IfcGUID, Image, Legend Description
INFO | Candidate: NWB_WBS05 | Scope=instance | Storage=String | ReadOnly=True | Shared=True | Id=9214810
ERROR | Element 13056753 | Category=Air Terminals | Family= | Parameter=NWB_WBS05 | Reason=readonly | Writable sample: AHU_AreaServed, AHU_Serves, AHU_Type, AHU_ZoneNumber, AQ, Building_No, COMPLETE Y/N, Classification.UniFormat.2010.Description, Classification.UniFormat.2010.Number, Comments, Elevation from Level, Export to IFC, Export to IFC As, Family, Family and Type, Flow, IFC Predefined Type, IfcGUID, Image, Legend Description
INFO | Candidate: NWB_WBSCode | Scope=instance | Storage=String | ReadOnly=False | Shared=True | Id=9214774
SOURCE | Element 13056753 | Cat=Air Terminals | Family=MHT_AT_S Air Diff Swirl | Type= | Level=LEVEL 09 | System=Supply Air | LinkedRoomLink=NWB-ACD-WBH-MH-MOD-0001 | LinkedRoomNumber=HDU.09.146 | LinkedRoomName=Office - Workstation, 8 Person | LinkedRoomDept=High Dependency Unit | LinkedRoomBuilding= | LinkedRoomSite= | LinkedRoomSource=self | ResolvedDept=High Dependency Unit | ResolvedBuilding= | ResolvedSite= | DisciplineHint=mechanical | AssetCandidates=air terminals, air terminal | WBS00=WBH | WBS01=HO | WBS03=HDU | DesignPkg=NWB-GEN-ME-SCM-1091-A | BuildingPermitPkg=WBH - BP09
ELEMENT | 13056753 | Cat=Air Terminals | AssetScore=36 | AssetTypeCode=MAGS | AssetType=Air Grilles | AssetCategory=Air Terminal | Targets=NWB_AssetTypeCode=MAGS; NWB_AssetType=Air Grilles; NWB_Discipline=ME; NWB_Category=Air Terminal; NWB_Department=High Dependency Unit; NWB_Material=; NWB_System=Supply Air; NWB_UniclassCode=Pr_70_65_04_03; NWB_UniclassDescription=Air grilles; NWB_DesignPkg=NWB-GEN-ME-SCM-1091-A; NWB_BuildingPermitPkg=WBH - BP09; NWB_WBS00=WBH; NWB_WBS01=HO; NWB_WBS02=09; NWB_WBS03=HDU; NWB_WBS04=ME; NWB_WBS05=SI5; NWB_WBSCode=WBH-HO-09-HDU-ME-SI5
INFO | Candidate: NWB_AssetTypeCode | Scope=instance | Storage=String | ReadOnly=False | Shared=True | Id=7626182
INFO | Candidate: NWB_AssetType | Scope=instance | Storage=String | ReadOnly=False | Shared=True | Id=7626181
INFO | Candidate: NWB_Discipline | Scope=instance | Storage=String | ReadOnly=False | Shared=True | Id=7626159
INFO | Candidate: NWB_Category | Scope=instance | Storage=String | ReadOnly=False | Shared=True | Id=7626160
INFO | Candidate: NWB_System | Scope=instance | Storage=String | ReadOnly=False | Shared=True | Id=7626163
INFO | Candidate: NWB_UniclassCode | Scope=instance | Storage=String | ReadOnly=False | Shared=True | Id=7626165
INFO | Candidate: NWB_UniclassDescription | Scope=instance | Storage=String | ReadOnly=False | Shared=True | Id=7626166
INFO | Candidate: NWB_DesignPkg | Scope=instance | Storage=String | ReadOnly=False | Shared=True | Id=7626167
ERROR | Element 13058696 | Category=Ducts | Family= | Parameter=NWB_BuildingPermitPkg | Reason=missing | Writable sample: AHU, AHU_AreaServed, AHU_Serves, AHU_Type, AHU_ZoneNumber, Additional Flow, Building_No, COMPLETE Y/N, Classification.OmniClass.21.Description_INSTANCE, Classification.OmniClass.21.Number_INSTANCE, Classification.OmniClass.22.Description_INSTANCE, Classification.OmniClass.22.Number_INSTANCE, Classification.OmniClass.23.Description_INSTANCE, Classification.OmniClass.23.Number_INSTANCE, Classification.UniFormat.2010.Description, Classification.UniFormat.2010.Number, Comments, DUCT NUMBER, Description BOM Suffix, Duct Number
INFO | Candidate: NWB_WBS00 | Scope=instance | Storage=String | ReadOnly=False | Shared=True | Id=9214738
INFO | Candidate: NWB_WBS01 | Scope=instance | Storage=String | ReadOnly=False | Shared=True | Id=9214798
INFO | Candidate: NWB_WBS02 | Scope=instance | Storage=String | ReadOnly=False | Shared=True | Id=9214786
INFO | Candidate: NWB_WBS03 | Scope=instance | Storage=String | ReadOnly=False | Shared=True | Id=9214750
INFO | Candidate: NWB_WBS04 | Scope=instance | Storage=String | ReadOnly=False | Shared=True | Id=9214762
INFO | Candidate: NWB_WBS05 | Scope=instance | Storage=String | ReadOnly=False | Shared=True | Id=9214810
INFO | Writing INSTANCE parameter 'NWB_WBS05' on element 13058696
INFO | Element 13058696 | NWB_WBS05 | Kind=Shared Parameter | Scope=instance | Storage=String | Old='SP' | New='SI5'
INFO | Candidate: NWB_WBSCode | Scope=instance | Storage=String | ReadOnly=False | Shared=True | Id=9214774
INFO | Writing INSTANCE parameter 'NWB_WBSCode' on element 13058696
INFO | Element 13058696 | NWB_WBSCode | Kind=Shared Parameter | Scope=instance | Storage=String | Old='WBH-HO-09-Z00-ME-SP' | New='WBH-HO-09-Z00-ME-SI5'
SOURCE | Element 13058696 | Cat=Ducts | Family=Rectangular Duct | Type= | Level=LEVEL 09 | System=Return Air | LinkedRoomLink= | LinkedRoomNumber= | LinkedRoomName= | LinkedRoomDept= | LinkedRoomBuilding= | LinkedRoomSite= | LinkedRoomSource= | ResolvedDept= | ResolvedBuilding= | ResolvedSite= | DisciplineHint=mechanical | AssetCandidates=ducts, ductwork | WBS00=WBH | WBS01=HO | WBS03=Z00 | DesignPkg=NWB-GEN-ME-SCM-1091-A | BuildingPermitPkg=WBH - BP09
WARN | Element 13058696 | Department unresolved | ExistingNWBDepartment= | ExistingWBS00=WBH | ExistingWBS01=HO | ExistingDiscipline=ME
ELEMENT | 13058696 | Cat=Ducts | AssetScore=45 | AssetTypeCode=MDUC | AssetType=Ductwork | AssetCategory=Ductwork | Targets=NWB_AssetTypeCode=MDUC; NWB_AssetType=Ductwork; NWB_Discipline=ME; NWB_Category=Ductwork; NWB_Department=; NWB_Material=; NWB_System=Return Air; NWB_UniclassCode=Pr_65_65_25; NWB_UniclassDescription=Ductwork and fittings; NWB_DesignPkg=NWB-GEN-ME-SCM-1091-A; NWB_BuildingPermitPkg=WBH - BP09; NWB_WBS00=WBH; NWB_WBS01=HO; NWB_WBS02=09; NWB_WBS03=Z00; NWB_WBS04=ME; NWB_WBS05=SI5; NWB_WBSCode=WBH-HO-09-Z00-ME-SI5
INFO | Candidate: NWB_AssetTypeCode | Scope=instance | Storage=String | ReadOnly=False | Shared=True | Id=7626182
INFO | Writing INSTANCE parameter 'NWB_AssetTypeCode' on element 13060677
INFO | Element 13060677 | NWB_AssetTypeCode | Kind=Shared Parameter | Scope=instance | Storage=String | Old='' | New='MDUC'
INFO | Candidate: NWB_AssetType | Scope=instance | Storage=String | ReadOnly=False | Shared=True | Id=7626181
INFO | Writing INSTANCE parameter 'NWB_AssetType' on element 13060677
INFO | Element 13060677 | NWB_AssetType | Kind=Shared Parameter | Scope=instance | Storage=String | Old='' | New='Ductwork'
INFO | Candidate: NWB_Discipline | Scope=instance | Storage=String | ReadOnly=False | Shared=True | Id=7626159
INFO | Writing INSTANCE parameter 'NWB_Discipline' on element 13060677
INFO | Element 13060677 | NWB_Discipline | Kind=Shared Parameter | Scope=instance | Storage=String | Old='Mechanical' | New='ME'
INFO | Candidate: NWB_Category | Scope=instance | Storage=String | ReadOnly=False | Shared=True | Id=7626160
INFO | Writing INSTANCE parameter 'NWB_Category' on element 13060677
INFO | Element 13060677 | NWB_Category | Kind=Shared Parameter | Scope=instance | Storage=String | Old='' | New='Ductwork'
INFO | Candidate: NWB_Department | Scope=instance | Storage=String | ReadOnly=False | Shared=True | Id=7626168
INFO | Writing INSTANCE parameter 'NWB_Department' on element 13060677
INFO | Element 13060677 | NWB_Department | Kind=Shared Parameter | Scope=instance | Storage=String | Old='' | New='High Dependency Unit'
INFO | Candidate: NWB_System | Scope=instance | Storage=String | ReadOnly=False | Shared=True | Id=7626163
INFO | Writing INSTANCE parameter 'NWB_System' on element 13060677
INFO | Element 13060677 | NWB_System | Kind=Shared Parameter | Scope=instance | Storage=String | Old='' | New='Supply Air'
INFO | Candidate: NWB_UniclassCode | Scope=instance | Storage=String | ReadOnly=False | Shared=True | Id=7626165
INFO | Writing INSTANCE parameter 'NWB_UniclassCode' on element 13060677
INFO | Element 13060677 | NWB_UniclassCode | Kind=Shared Parameter | Scope=instance | Storage=String | Old='' | New='Pr_65_65_25'
INFO | Candidate: NWB_UniclassDescription | Scope=instance | Storage=String | ReadOnly=False | Shared=True | Id=7626166
INFO | Writing INSTANCE parameter 'NWB_UniclassDescription' on element 13060677
INFO | Element 13060677 | NWB_UniclassDescription | Kind=Shared Parameter | Scope=instance | Storage=String | Old='' | New='Ductwork and fittings'
INFO | Candidate: NWB_DesignPkg | Scope=instance | Storage=String | ReadOnly=False | Shared=True | Id=7626167
INFO | Writing INSTANCE parameter 'NWB_DesignPkg' on element 13060677
INFO | Element 13060677 | NWB_DesignPkg | Kind=Shared Parameter | Scope=instance | Storage=String | Old='' | New='NWB-GEN-ME-SCM-1091-A'
ERROR | Element 13060677 | Category=Flex Ducts | Family= | Parameter=NWB_BuildingPermitPkg | Reason=missing | Writable sample: AHU_AreaServed, AHU_Serves, AHU_Type, AHU_ZoneNumber, Additional Flow, Building_No, COMPLETE Y/N, Classification.UniFormat.2010.Description, Classification.UniFormat.2010.Number, Comments, Diameter, Export to IFC, Export to IFC As, Family, Family and Type, Flex Pattern, IFC Predefined Type, IfcGUID, Image, Legend Description
INFO | Candidate: NWB_WBS00 | Scope=instance | Storage=String | ReadOnly=False | Shared=True | Id=9214738
INFO | Candidate: NWB_WBS01 | Scope=instance | Storage=String | ReadOnly=False | Shared=True | Id=9214798
INFO | Candidate: NWB_WBS02 | Scope=instance | Storage=String | ReadOnly=False | Shared=True | Id=9214786
INFO | Candidate: NWB_WBS03 | Scope=instance | Storage=String | ReadOnly=False | Shared=True | Id=9214750
INFO | Writing INSTANCE parameter 'NWB_WBS03' on element 13060677
INFO | Element 13060677 | NWB_WBS03 | Kind=Shared Parameter | Scope=instance | Storage=String | Old='Z00' | New='HDU'
INFO | Candidate: NWB_WBS04 | Scope=instance | Storage=String | ReadOnly=False | Shared=True | Id=9214762
INFO | Candidate: NWB_WBS05 | Scope=instance | Storage=String | ReadOnly=False | Shared=True | Id=9214810
INFO | Candidate: NWB_WBSCode | Scope=instance | Storage=String | ReadOnly=False | Shared=True | Id=9214774
INFO | Writing INSTANCE parameter 'NWB_WBSCode' on element 13060677
INFO | Element 13060677 | NWB_WBSCode | Kind=Shared Parameter | Scope=instance | Storage=String | Old='WBH-HO-09-Z00-ME-SI5' | New='WBH-HO-09-HDU-ME-SI5'
SOURCE | Element 13060677 | Cat=Flex Ducts | Family=Flex Duct Round | Type= | Level=LEVEL 09 | System=Supply Air | LinkedRoomLink=NWB-ACD-WBH-MH-MOD-0001 | LinkedRoomNumber=HDU.09.146 | LinkedRoomName=Office - Workstation, 8 Person | LinkedRoomDept=High Dependency Unit | LinkedRoomBuilding= | LinkedRoomSite= | LinkedRoomSource=connected:13056753:Air Terminals | ResolvedDept=High Dependency Unit | ResolvedBuilding= | ResolvedSite= | DisciplineHint=mechanical | AssetCandidates=flex ducts, ductwork | WBS00=WBH | WBS01=HO | WBS03=HDU | DesignPkg=NWB-GEN-ME-SCM-1091-A | BuildingPermitPkg=WBH - BP09
ELEMENT | 13060677 | Cat=Flex Ducts | AssetScore=45 | AssetTypeCode=MDUC | AssetType=Ductwork | AssetCategory=Ductwork | Targets=NWB_AssetTypeCode=MDUC; NWB_AssetType=Ductwork; NWB_Discipline=ME; NWB_Category=Ductwork; NWB_Department=High Dependency Unit; NWB_Material=; NWB_System=Supply Air; NWB_UniclassCode=Pr_65_65_25; NWB_UniclassDescription=Ductwork and fittings; NWB_DesignPkg=NWB-GEN-ME-SCM-1091-A; NWB_BuildingPermitPkg=WBH - BP09; NWB_WBS00=WBH; NWB_WBS01=HO; NWB_WBS02=09; NWB_WBS03=HDU; NWB_WBS04=ME; NWB_WBS05=SI5; NWB_WBSCode=WBH-HO-09-HDU-ME-SI5
INFO | Candidate: NWB_AssetTypeCode | Scope=instance | Storage=String | ReadOnly=False | Shared=True | Id=7626182
INFO | Candidate: NWB_AssetType | Scope=instance | Storage=String | ReadOnly=False | Shared=True | Id=7626181
INFO | Candidate: NWB_Discipline | Scope=instance | Storage=String | ReadOnly=False | Shared=True | Id=7626159
INFO | Candidate: NWB_Category | Scope=instance | Storage=String | ReadOnly=False | Shared=True | Id=7626160
INFO | Candidate: NWB_System | Scope=instance | Storage=String | ReadOnly=False | Shared=True | Id=7626163
INFO | Candidate: NWB_UniclassCode | Scope=instance | Storage=String | ReadOnly=False | Shared=True | Id=7626165
INFO | Candidate: NWB_UniclassDescription | Scope=instance | Storage=String | ReadOnly=False | Shared=True | Id=7626166
INFO | Candidate: NWB_DesignPkg | Scope=instance | Storage=String | ReadOnly=False | Shared=True | Id=7626167
ERROR | Element 13561571 | Category=Ducts | Family= | Parameter=NWB_BuildingPermitPkg | Reason=missing | Writable sample: AHU, AHU_AreaServed, AHU_Serves, AHU_Type, AHU_ZoneNumber, Additional Flow, Building_No, COMPLETE Y/N, Classification.OmniClass.21.Description_INSTANCE, Classification.OmniClass.21.Number_INSTANCE, Classification.OmniClass.22.Description_INSTANCE, Classification.OmniClass.22.Number_INSTANCE, Classification.OmniClass.23.Description_INSTANCE, Classification.OmniClass.23.Number_INSTANCE, Classification.UniFormat.2010.Description, Classification.UniFormat.2010.Number, Comments, DUCT NUMBER, Description BOM Suffix, Duct Number
INFO | Candidate: NWB_WBS00 | Scope=instance | Storage=String | ReadOnly=False | Shared=True | Id=9214738
INFO | Candidate: NWB_WBS01 | Scope=instance | Storage=String | ReadOnly=False | Shared=True | Id=9214798
INFO | Candidate: NWB_WBS02 | Scope=instance | Storage=String | ReadOnly=False | Shared=True | Id=9214786
INFO | Candidate: NWB_WBS03 | Scope=instance | Storage=String | ReadOnly=False | Shared=True | Id=9214750
INFO | Candidate: NWB_WBS04 | Scope=instance | Storage=String | ReadOnly=False | Shared=True | Id=9214762
INFO | Candidate: NWB_WBS05 | Scope=instance | Storage=String | ReadOnly=False | Shared=True | Id=9214810
INFO | Writing INSTANCE parameter 'NWB_WBS05' on element 13561571
INFO | Element 13561571 | NWB_WBS05 | Kind=Shared Parameter | Scope=instance | Storage=String | Old='SP' | New='SI5'
INFO | Candidate: NWB_WBSCode | Scope=instance | Storage=String | ReadOnly=False | Shared=True | Id=9214774
INFO | Writing INSTANCE parameter 'NWB_WBSCode' on element 13561571
INFO | Element 13561571 | NWB_WBSCode | Kind=Shared Parameter | Scope=instance | Storage=String | Old='WBH-HO-09-Z00-ME-SP' | New='WBH-HO-09-Z00-ME-SI5'
SOURCE | Element 13561571 | Cat=Ducts | Family=Rectangular Duct | Type= | Level=LEVEL 09 | System=Return Air | LinkedRoomLink= | LinkedRoomNumber= | LinkedRoomName= | LinkedRoomDept= | LinkedRoomBuilding= | LinkedRoomSite= | LinkedRoomSource= | ResolvedDept= | ResolvedBuilding= | ResolvedSite= | DisciplineHint=mechanical | AssetCandidates=ducts, ductwork | WBS00=WBH | WBS01=HO | WBS03=Z00 | DesignPkg=NWB-GEN-ME-SCM-1091-A | BuildingPermitPkg=WBH - BP09
WARN | Element 13561571 | Department unresolved | ExistingNWBDepartment= | ExistingWBS00=WBH | ExistingWBS01=HO | ExistingDiscipline=ME
ELEMENT | 13561571 | Cat=Ducts | AssetScore=45 | AssetTypeCode=MDUC | AssetType=Ductwork | AssetCategory=Ductwork | Targets=NWB_AssetTypeCode=MDUC; NWB_AssetType=Ductwork; NWB_Discipline=ME; NWB_Category=Ductwork; NWB_Department=; NWB_Material=; NWB_System=Return Air; NWB_UniclassCode=Pr_65_65_25; NWB_UniclassDescription=Ductwork and fittings; NWB_DesignPkg=NWB-GEN-ME-SCM-1091-A; NWB_BuildingPermitPkg=WBH - BP09; NWB_WBS00=WBH; NWB_WBS01=HO; NWB_WBS02=09; NWB_WBS03=Z00; NWB_WBS04=ME; NWB_WBS05=SI5; NWB_WBSCode=WBH-HO-09-Z00-ME-SI5
INFO | Candidate: NWB_AssetTypeCode | Scope=instance | Storage=String | ReadOnly=False | Shared=True | Id=7626182
INFO | Writing INSTANCE parameter 'NWB_AssetTypeCode' on element 13561587
INFO | Element 13561587 | NWB_AssetTypeCode | Kind=Shared Parameter | Scope=instance | Storage=String | Old='' | New='MDUC'
INFO | Candidate: NWB_AssetType | Scope=instance | Storage=String | ReadOnly=False | Shared=True | Id=7626181
INFO | Writing INSTANCE parameter 'NWB_AssetType' on element 13561587
INFO | Element 13561587 | NWB_AssetType | Kind=Shared Parameter | Scope=instance | Storage=String | Old='' | New='Ductwork'
INFO | Candidate: NWB_Discipline | Scope=instance | Storage=String | ReadOnly=False | Shared=True | Id=7626159
INFO | Writing INSTANCE parameter 'NWB_Discipline' on element 13561587
INFO | Element 13561587 | NWB_Discipline | Kind=Shared Parameter | Scope=instance | Storage=String | Old='Mechanical' | New='ME'
INFO | Candidate: NWB_Category | Scope=instance | Storage=String | ReadOnly=False | Shared=True | Id=7626160
INFO | Writing INSTANCE parameter 'NWB_Category' on element 13561587
INFO | Element 13561587 | NWB_Category | Kind=Shared Parameter | Scope=instance | Storage=String | Old='' | New='Ductwork'
INFO | Candidate: NWB_Department | Scope=instance | Storage=String | ReadOnly=False | Shared=True | Id=7626168
INFO | Writing INSTANCE parameter 'NWB_Department' on element 13561587
INFO | Element 13561587 | NWB_Department | Kind=Shared Parameter | Scope=instance | Storage=String | Old='' | New='High Dependency Unit'
INFO | Candidate: NWB_System | Scope=instance | Storage=String | ReadOnly=False | Shared=True | Id=7626163
INFO | Candidate: NWB_UniclassCode | Scope=instance | Storage=String | ReadOnly=False | Shared=True | Id=7626165
INFO | Writing INSTANCE parameter 'NWB_UniclassCode' on element 13561587
INFO | Element 13561587 | NWB_UniclassCode | Kind=Shared Parameter | Scope=instance | Storage=String | Old='' | New='Pr_65_65_25'
INFO | Candidate: NWB_UniclassDescription | Scope=instance | Storage=String | ReadOnly=False | Shared=True | Id=7626166
INFO | Writing INSTANCE parameter 'NWB_UniclassDescription' on element 13561587
INFO | Element 13561587 | NWB_UniclassDescription | Kind=Shared Parameter | Scope=instance | Storage=String | Old='' | New='Ductwork and fittings'
INFO | Candidate: NWB_DesignPkg | Scope=instance | Storage=String | ReadOnly=False | Shared=True | Id=7626167
INFO | Writing INSTANCE parameter 'NWB_DesignPkg' on element 13561587
INFO | Element 13561587 | NWB_DesignPkg | Kind=Shared Parameter | Scope=instance | Storage=String | Old='' | New='NWB-GEN-ME-SCM-1091-A'
ERROR | Element 13561587 | Category=Duct Fittings | Family= | Parameter=NWB_BuildingPermitPkg | Reason=missing | Writable sample: AHU, AHU_AreaServed, AHU_Serves, AHU_Type, AHU_ZoneNumber, Building_No, COMPLETE Y/N, Classification.OmniClass.21.Description_INSTANCE, Classification.OmniClass.21.Number_INSTANCE, Classification.OmniClass.22.Description_INSTANCE, Classification.OmniClass.22.Number_INSTANCE, Classification.OmniClass.23.Description_INSTANCE, Classification.OmniClass.23.Number_INSTANCE, Classification.UniFormat.2010.Description, Classification.UniFormat.2010.Number, Comments, Description BOM Suffix, Duct Length 1, Ductwork Insulation - Lining, Elevation from Level
INFO | Candidate: NWB_WBS00 | Scope=instance | Storage=String | ReadOnly=False | Shared=True | Id=9214738
INFO | Candidate: NWB_WBS01 | Scope=instance | Storage=String | ReadOnly=False | Shared=True | Id=9214798
INFO | Candidate: NWB_WBS02 | Scope=instance | Storage=String | ReadOnly=False | Shared=True | Id=9214786
INFO | Candidate: NWB_WBS03 | Scope=instance | Storage=String | ReadOnly=False | Shared=True | Id=9214750
INFO | Writing INSTANCE parameter 'NWB_WBS03' on element 13561587
INFO | Element 13561587 | NWB_WBS03 | Kind=Shared Parameter | Scope=instance | Storage=String | Old='Z00' | New='HDU'
INFO | Candidate: NWB_WBS04 | Scope=instance | Storage=String | ReadOnly=False | Shared=True | Id=9214762
INFO | Candidate: NWB_WBS05 | Scope=instance | Storage=String | ReadOnly=False | Shared=True | Id=9214810
INFO | Candidate: NWB_WBSCode | Scope=instance | Storage=String | ReadOnly=False | Shared=True | Id=9214774
INFO | Writing INSTANCE parameter 'NWB_WBSCode' on element 13561587
INFO | Element 13561587 | NWB_WBSCode | Kind=Shared Parameter | Scope=instance | Storage=String | Old='WBH-HO-09-Z00-ME-SI5' | New='WBH-HO-09-HDU-ME-SI5'
SOURCE | Element 13561587 | Cat=Duct Fittings | Family=MHT-ME-DF-Rectangular Eccentric Taper - Flanged-Manula Length | Type= | Level=LEVEL 09 | System=Return Air | LinkedRoomLink=NWB-ACD-WBH-MH-MOD-0001 | LinkedRoomNumber=HDU.09.131 | LinkedRoomName=Meeting Room, 20m2 | LinkedRoomDept=High Dependency Unit | LinkedRoomBuilding= | LinkedRoomSite= | LinkedRoomSource=connected:14685772:Air Terminals | ResolvedDept=High Dependency Unit | ResolvedBuilding= | ResolvedSite= | DisciplineHint=mechanical | AssetCandidates=duct fittings, ductwork | WBS00=WBH | WBS01=HO | WBS03=HDU | DesignPkg=NWB-GEN-ME-SCM-1091-A | BuildingPermitPkg=WBH - BP09
ELEMENT | 13561587 | Cat=Duct Fittings | AssetScore=45 | AssetTypeCode=MDUC | AssetType=Ductwork | AssetCategory=Ductwork | Targets=NWB_AssetTypeCode=MDUC; NWB_AssetType=Ductwork; NWB_Discipline=ME; NWB_Category=Ductwork; NWB_Department=High Dependency Unit; NWB_Material=; NWB_System=Return Air; NWB_UniclassCode=Pr_65_65_25; NWB_UniclassDescription=Ductwork and fittings; NWB_DesignPkg=NWB-GEN-ME-SCM-1091-A; NWB_BuildingPermitPkg=WBH - BP09; NWB_WBS00=WBH; NWB_WBS01=HO; NWB_WBS02=09; NWB_WBS03=HDU; NWB_WBS04=ME; NWB_WBS05=SI5; NWB_WBSCode=WBH-HO-09-HDU-ME-SI5
INFO | Candidate: NWB_AssetTypeCode | Scope=instance | Storage=String | ReadOnly=False | Shared=True | Id=7626182
INFO | Candidate: NWB_AssetType | Scope=instance | Storage=String | ReadOnly=False | Shared=True | Id=7626181
INFO | Candidate: NWB_Discipline | Scope=instance | Storage=String | ReadOnly=False | Shared=True | Id=7626159
INFO | Candidate: NWB_Category | Scope=instance | Storage=String | ReadOnly=False | Shared=True | Id=7626160
INFO | Candidate: NWB_System | Scope=instance | Storage=String | ReadOnly=False | Shared=True | Id=7626163
INFO | Candidate: NWB_UniclassCode | Scope=instance | Storage=String | ReadOnly=False | Shared=True | Id=7626165
INFO | Candidate: NWB_UniclassDescription | Scope=instance | Storage=String | ReadOnly=False | Shared=True | Id=7626166
INFO | Candidate: NWB_DesignPkg | Scope=instance | Storage=String | ReadOnly=False | Shared=True | Id=7626167
ERROR | Element 13561592 | Category=Ducts | Family= | Parameter=NWB_BuildingPermitPkg | Reason=missing | Writable sample: AHU, AHU_AreaServed, AHU_Serves, AHU_Type, AHU_ZoneNumber, Additional Flow, Building_No, COMPLETE Y/N, Classification.OmniClass.21.Description_INSTANCE, Classification.OmniClass.21.Number_INSTANCE, Classification.OmniClass.22.Description_INSTANCE, Classification.OmniClass.22.Number_INSTANCE, Classification.OmniClass.23.Description_INSTANCE, Classification.OmniClass.23.Number_INSTANCE, Classification.UniFormat.2010.Description, Classification.UniFormat.2010.Number, Comments, DUCT NUMBER, Description BOM Suffix, Duct Number
INFO | Candidate: NWB_WBS00 | Scope=instance | Storage=String | ReadOnly=False | Shared=True | Id=9214738
INFO | Candidate: NWB_WBS01 | Scope=instance | Storage=String | ReadOnly=False | Shared=True | Id=9214798
INFO | Candidate: NWB_WBS02 | Scope=instance | Storage=String | ReadOnly=False | Shared=True | Id=9214786
INFO | Candidate: NWB_WBS03 | Scope=instance | Storage=String | ReadOnly=False | Shared=True | Id=9214750
INFO | Candidate: NWB_WBS04 | Scope=instance | Storage=String | ReadOnly=False | Shared=True | Id=9214762
INFO | Candidate: NWB_WBS05 | Scope=instance | Storage=String | ReadOnly=False | Shared=True | Id=9214810
INFO | Writing INSTANCE parameter 'NWB_WBS05' on element 13561592
INFO | Element 13561592 | NWB_WBS05 | Kind=Shared Parameter | Scope=instance | Storage=String | Old='SP' | New='SI5'
INFO | Candidate: NWB_WBSCode | Scope=instance | Storage=String | ReadOnly=False | Shared=True | Id=9214774
INFO | Writing INSTANCE parameter 'NWB_WBSCode' on element 13561592
INFO | Element 13561592 | NWB_WBSCode | Kind=Shared Parameter | Scope=instance | Storage=String | Old='WBH-HO-09-Z00-ME-SP' | New='WBH-HO-09-Z00-ME-SI5'
SOURCE | Element 13561592 | Cat=Ducts | Family=Rectangular Duct | Type= | Level=LEVEL 09 | System=Return Air | LinkedRoomLink= | LinkedRoomNumber= | LinkedRoomName= | LinkedRoomDept= | LinkedRoomBuilding= | LinkedRoomSite= | LinkedRoomSource= | ResolvedDept= | ResolvedBuilding= | ResolvedSite= | DisciplineHint=mechanical | AssetCandidates=ducts, ductwork | WBS00=WBH | WBS01=HO | WBS03=Z00 | DesignPkg=NWB-GEN-ME-SCM-1091-A | BuildingPermitPkg=WBH - BP09
WARN | Element 13561592 | Department unresolved | ExistingNWBDepartment= | ExistingWBS00=WBH | ExistingWBS01=HO | ExistingDiscipline=ME
ELEMENT | 13561592 | Cat=Ducts | AssetScore=45 | AssetTypeCode=MDUC | AssetType=Ductwork | AssetCategory=Ductwork | Targets=NWB_AssetTypeCode=MDUC; NWB_AssetType=Ductwork; NWB_Discipline=ME; NWB_Category=Ductwork; NWB_Department=; NWB_Material=; NWB_System=Return Air; NWB_UniclassCode=Pr_65_65_25; NWB_UniclassDescription=Ductwork and fittings; NWB_DesignPkg=NWB-GEN-ME-SCM-1091-A; NWB_BuildingPermitPkg=WBH - BP09; NWB_WBS00=WBH; NWB_WBS01=HO; NWB_WBS02=09; NWB_WBS03=Z00; NWB_WBS04=ME; NWB_WBS05=SI5; NWB_WBSCode=WBH-HO-09-Z00-ME-SI5
INFO | Candidate: NWB_AssetTypeCode | Scope=instance | Storage=String | ReadOnly=False | Shared=True | Id=3045149
INFO | Candidate: NWB_AssetTypeCode | Scope=instance | Storage=String | ReadOnly=False | Shared=True | Id=7626182
INFO | Found 2 parameters named NWB_AssetTypeCode
INFO | SELECTED | Shared Parameter | Scope=instance | ReadOnly=False | Id=3045149
INFO | SELECTED | Shared Parameter | Scope=instance | ReadOnly=False | Id=7626182
INFO | Writing INSTANCE parameter 'NWB_AssetTypeCode' on element 13561596
INFO | Element 13561596 | NWB_AssetTypeCode | Kind=Shared Parameter | Scope=instance | Storage=String | Old='' | New='MDUC'
INFO | Writing INSTANCE parameter 'NWB_AssetTypeCode' on element 13561596
INFO | Element 13561596 | NWB_AssetTypeCode | Kind=Shared Parameter | Scope=instance | Storage=String | Old='' | New='MDUC'
INFO | Candidate: NWB_AssetType | Scope=instance | Storage=String | ReadOnly=False | Shared=True | Id=3045150
INFO | Candidate: NWB_AssetType | Scope=instance | Storage=String | ReadOnly=False | Shared=True | Id=7626181
INFO | Found 2 parameters named NWB_AssetType
INFO | SELECTED | Shared Parameter | Scope=instance | ReadOnly=False | Id=3045150
INFO | SELECTED | Shared Parameter | Scope=instance | ReadOnly=False | Id=7626181
INFO | Writing INSTANCE parameter 'NWB_AssetType' on element 13561596
INFO | Element 13561596 | NWB_AssetType | Kind=Shared Parameter | Scope=instance | Storage=String | Old='' | New='Ductwork'
INFO | Writing INSTANCE parameter 'NWB_AssetType' on element 13561596
INFO | Element 13561596 | NWB_AssetType | Kind=Shared Parameter | Scope=instance | Storage=String | Old='' | New='Ductwork'
INFO | Candidate: NWB_Discipline | Scope=instance | Storage=String | ReadOnly=False | Shared=True | Id=3045151
INFO | Candidate: NWB_Discipline | Scope=instance | Storage=String | ReadOnly=False | Shared=True | Id=7626159
INFO | Found 2 parameters named NWB_Discipline
INFO | SELECTED | Shared Parameter | Scope=instance | ReadOnly=False | Id=3045151
INFO | SELECTED | Shared Parameter | Scope=instance | ReadOnly=False | Id=7626159
INFO | Writing INSTANCE parameter 'NWB_Discipline' on element 13561596
INFO | Element 13561596 | NWB_Discipline | Kind=Shared Parameter | Scope=instance | Storage=String | Old='Mechanical' | New='ME'
INFO | Writing INSTANCE parameter 'NWB_Discipline' on element 13561596
INFO | Element 13561596 | NWB_Discipline | Kind=Shared Parameter | Scope=instance | Storage=String | Old='Mechanical' | New='ME'
INFO | Candidate: NWB_Category | Scope=instance | Storage=String | ReadOnly=False | Shared=True | Id=3045152
INFO | Candidate: NWB_Category | Scope=instance | Storage=String | ReadOnly=False | Shared=True | Id=7626160
INFO | Found 2 parameters named NWB_Category
INFO | SELECTED | Shared Parameter | Scope=instance | ReadOnly=False | Id=3045152
INFO | SELECTED | Shared Parameter | Scope=instance | ReadOnly=False | Id=7626160
INFO | Writing INSTANCE parameter 'NWB_Category' on element 13561596
INFO | Element 13561596 | NWB_Category | Kind=Shared Parameter | Scope=instance | Storage=String | Old='' | New='Ductwork'
INFO | Writing INSTANCE parameter 'NWB_Category' on element 13561596
INFO | Element 13561596 | NWB_Category | Kind=Shared Parameter | Scope=instance | Storage=String | Old='' | New='Ductwork'
INFO | Candidate: NWB_System | Scope=instance | Storage=String | ReadOnly=False | Shared=True | Id=3045155
INFO | Candidate: NWB_System | Scope=instance | Storage=String | ReadOnly=False | Shared=True | Id=7626163
INFO | Found 2 parameters named NWB_System
INFO | SELECTED | Shared Parameter | Scope=instance | ReadOnly=False | Id=3045155
INFO | SELECTED | Shared Parameter | Scope=instance | ReadOnly=False | Id=7626163
INFO | Writing INSTANCE parameter 'NWB_System' on element 13561596
INFO | Element 13561596 | NWB_System | Kind=Shared Parameter | Scope=instance | Storage=String | Old='Supply Air' | New='Return Air'
INFO | Writing INSTANCE parameter 'NWB_System' on element 13561596
INFO | Element 13561596 | NWB_System | Kind=Shared Parameter | Scope=instance | Storage=String | Old='' | New='Return Air'
INFO | Candidate: NWB_UniclassCode | Scope=instance | Storage=String | ReadOnly=False | Shared=True | Id=3045156
INFO | Candidate: NWB_UniclassCode | Scope=instance | Storage=String | ReadOnly=False | Shared=True | Id=7626165
INFO | Found 2 parameters named NWB_UniclassCode
INFO | SELECTED | Shared Parameter | Scope=instance | ReadOnly=False | Id=3045156
INFO | SELECTED | Shared Parameter | Scope=instance | ReadOnly=False | Id=7626165
INFO | Writing INSTANCE parameter 'NWB_UniclassCode' on element 13561596
INFO | Element 13561596 | NWB_UniclassCode | Kind=Shared Parameter | Scope=instance | Storage=String | Old='' | New='Pr_65_65_25'
INFO | Writing INSTANCE parameter 'NWB_UniclassCode' on element 13561596
INFO | Element 13561596 | NWB_UniclassCode | Kind=Shared Parameter | Scope=instance | Storage=String | Old='' | New='Pr_65_65_25'
INFO | Candidate: NWB_UniclassDescription | Scope=instance | Storage=String | ReadOnly=False | Shared=True | Id=3045157
INFO | Candidate: NWB_UniclassDescription | Scope=instance | Storage=String | ReadOnly=False | Shared=True | Id=7626166
INFO | Found 2 parameters named NWB_UniclassDescription
INFO | SELECTED | Shared Parameter | Scope=instance | ReadOnly=False | Id=3045157
INFO | SELECTED | Shared Parameter | Scope=instance | ReadOnly=False | Id=7626166
INFO | Writing INSTANCE parameter 'NWB_UniclassDescription' on element 13561596
INFO | Element 13561596 | NWB_UniclassDescription | Kind=Shared Parameter | Scope=instance | Storage=String | Old='' | New='Ductwork and fittings'
INFO | Writing INSTANCE parameter 'NWB_UniclassDescription' on element 13561596
INFO | Element 13561596 | NWB_UniclassDescription | Kind=Shared Parameter | Scope=instance | Storage=String | Old='' | New='Ductwork and fittings'
INFO | Candidate: NWB_DesignPkg | Scope=instance | Storage=String | ReadOnly=False | Shared=True | Id=3045158
INFO | Candidate: NWB_DesignPkg | Scope=instance | Storage=String | ReadOnly=False | Shared=True | Id=7626167
INFO | Found 2 parameters named NWB_DesignPkg
INFO | SELECTED | Shared Parameter | Scope=instance | ReadOnly=False | Id=3045158
INFO | SELECTED | Shared Parameter | Scope=instance | ReadOnly=False | Id=7626167
INFO | Writing INSTANCE parameter 'NWB_DesignPkg' on element 13561596
INFO | Element 13561596 | NWB_DesignPkg | Kind=Shared Parameter | Scope=instance | Storage=String | Old='' | New='NWB-GEN-ME-SCM-1091-A'
INFO | Writing INSTANCE parameter 'NWB_DesignPkg' on element 13561596
INFO | Element 13561596 | NWB_DesignPkg | Kind=Shared Parameter | Scope=instance | Storage=String | Old='' | New='NWB-GEN-ME-SCM-1091-A'
ERROR | Element 13561596 | Category=Duct Fittings | Family= | Parameter=NWB_BuildingPermitPkg | Reason=missing | Writable sample: AHU, AHU_AreaServed, AHU_Serves, AHU_Type, AHU_ZoneNumber, Building_No, COMPLETE Y/N, Classification.OmniClass.21.Description_INSTANCE, Classification.OmniClass.21.Number_INSTANCE, Classification.OmniClass.22.Description_INSTANCE, Classification.OmniClass.22.Number_INSTANCE, Classification.OmniClass.23.Description_INSTANCE, Classification.OmniClass.23.Number_INSTANCE, Classification.UniFormat.2010.Description, Classification.UniFormat.2010.Number, Comments, Description BOM Suffix, Duct Height, Duct Width, Ductwork Insulation - Lining
INFO | Candidate: NWB_WBS00 | Scope=instance | Storage=String | ReadOnly=False | Shared=True | Id=9214738
INFO | Candidate: NWB_WBS01 | Scope=instance | Storage=String | ReadOnly=False | Shared=True | Id=9214798
INFO | Candidate: NWB_WBS02 | Scope=instance | Storage=String | ReadOnly=False | Shared=True | Id=9214786
INFO | Candidate: NWB_WBS03 | Scope=instance | Storage=String | ReadOnly=False | Shared=True | Id=9214750
INFO | Candidate: NWB_WBS04 | Scope=instance | Storage=String | ReadOnly=False | Shared=True | Id=9214762
INFO | Candidate: NWB_WBS05 | Scope=instance | Storage=String | ReadOnly=False | Shared=True | Id=9214810
INFO | Candidate: NWB_WBSCode | Scope=instance | Storage=String | ReadOnly=False | Shared=True | Id=9214774
SOURCE | Element 13561596 | Cat=Duct Fittings | Family=MHT-ME-DF-Rectangular Short Radius Bend - Flanged | Type= | Level=LEVEL 09 | System=Return Air | LinkedRoomLink= | LinkedRoomNumber= | LinkedRoomName= | LinkedRoomDept= | LinkedRoomBuilding= | LinkedRoomSite= | LinkedRoomSource= | ResolvedDept= | ResolvedBuilding= | ResolvedSite= | DisciplineHint=mechanical | AssetCandidates=duct fittings, ductwork | WBS00=WBH | WBS01=HO | WBS03=Z00 | DesignPkg=NWB-GEN-ME-SCM-1091-A | BuildingPermitPkg=WBH - BP09
WARN | Element 13561596 | Department unresolved | ExistingNWBDepartment= | ExistingWBS00=WBH | ExistingWBS01=HO | ExistingDiscipline=Mechanical
ELEMENT | 13561596 | Cat=Duct Fittings | AssetScore=45 | AssetTypeCode=MDUC | AssetType=Ductwork | AssetCategory=Ductwork | Targets=NWB_AssetTypeCode=MDUC; NWB_AssetType=Ductwork; NWB_Discipline=ME; NWB_Category=Ductwork; NWB_Department=; NWB_Material=; NWB_System=Return Air; NWB_UniclassCode=Pr_65_65_25; NWB_UniclassDescription=Ductwork and fittings; NWB_DesignPkg=NWB-GEN-ME-SCM-1091-A; NWB_BuildingPermitPkg=WBH - BP09; NWB_WBS00=WBH; NWB_WBS01=HO; NWB_WBS02=09; NWB_WBS03=Z00; NWB_WBS04=ME; NWB_WBS05=SI5; NWB_WBSCode=WBH-HO-09-Z00-ME-SI5
INFO | Candidate: NWB_AssetTypeCode | Scope=instance | Storage=String | ReadOnly=False | Shared=True | Id=3045149
INFO | Candidate: NWB_AssetTypeCode | Scope=instance | Storage=String | ReadOnly=False | Shared=True | Id=7626182
INFO | Found 2 parameters named NWB_AssetTypeCode
INFO | SELECTED | Shared Parameter | Scope=instance | ReadOnly=False | Id=3045149
INFO | SELECTED | Shared Parameter | Scope=instance | ReadOnly=False | Id=7626182
INFO | Writing INSTANCE parameter 'NWB_AssetTypeCode' on element 13645572
INFO | Element 13645572 | NWB_AssetTypeCode | Kind=Shared Parameter | Scope=instance | Storage=String | Old='' | New='MDUC'
INFO | Writing INSTANCE parameter 'NWB_AssetTypeCode' on element 13645572
INFO | Element 13645572 | NWB_AssetTypeCode | Kind=Shared Parameter | Scope=instance | Storage=String | Old='' | New='MDUC'
INFO | Candidate: NWB_AssetType | Scope=instance | Storage=String | ReadOnly=False | Shared=True | Id=3045150
INFO | Candidate: NWB_AssetType | Scope=instance | Storage=String | ReadOnly=False | Shared=True | Id=7626181
INFO | Found 2 parameters named NWB_AssetType
INFO | SELECTED | Shared Parameter | Scope=instance | ReadOnly=False | Id=3045150
INFO | SELECTED | Shared Parameter | Scope=instance | ReadOnly=False | Id=7626181
INFO | Writing INSTANCE parameter 'NWB_AssetType' on element 13645572
INFO | Element 13645572 | NWB_AssetType | Kind=Shared Parameter | Scope=instance | Storage=String | Old='' | New='Ductwork'
INFO | Writing INSTANCE parameter 'NWB_AssetType' on element 13645572
INFO | Element 13645572 | NWB_AssetType | Kind=Shared Parameter | Scope=instance | Storage=String | Old='' | New='Ductwork'
INFO | Candidate: NWB_Discipline | Scope=instance | Storage=String | ReadOnly=False | Shared=True | Id=3045151
INFO | Candidate: NWB_Discipline | Scope=instance | Storage=String | ReadOnly=False | Shared=True | Id=7626159
INFO | Found 2 parameters named NWB_Discipline
INFO | SELECTED | Shared Parameter | Scope=instance | ReadOnly=False | Id=3045151
INFO | SELECTED | Shared Parameter | Scope=instance | ReadOnly=False | Id=7626159
INFO | Writing INSTANCE parameter 'NWB_Discipline' on element 13645572
INFO | Element 13645572 | NWB_Discipline | Kind=Shared Parameter | Scope=instance | Storage=String | Old='Mechanical' | New='ME'
INFO | Writing INSTANCE parameter 'NWB_Discipline' on element 13645572
INFO | Element 13645572 | NWB_Discipline | Kind=Shared Parameter | Scope=instance | Storage=String | Old='Mechanical' | New='ME'
INFO | Candidate: NWB_Category | Scope=instance | Storage=String | ReadOnly=False | Shared=True | Id=3045152
INFO | Candidate: NWB_Category | Scope=instance | Storage=String | ReadOnly=False | Shared=True | Id=7626160
INFO | Found 2 parameters named NWB_Category
INFO | SELECTED | Shared Parameter | Scope=instance | ReadOnly=False | Id=3045152
INFO | SELECTED | Shared Parameter | Scope=instance | ReadOnly=False | Id=7626160
INFO | Writing INSTANCE parameter 'NWB_Category' on element 13645572
INFO | Element 13645572 | NWB_Category | Kind=Shared Parameter | Scope=instance | Storage=String | Old='' | New='Ductwork'
INFO | Writing INSTANCE parameter 'NWB_Category' on element 13645572
INFO | Element 13645572 | NWB_Category | Kind=Shared Parameter | Scope=instance | Storage=String | Old='' | New='Ductwork'
INFO | Candidate: NWB_System | Scope=instance | Storage=String | ReadOnly=False | Shared=True | Id=3045155
INFO | Candidate: NWB_System | Scope=instance | Storage=String | ReadOnly=False | Shared=True | Id=7626163
INFO | Found 2 parameters named NWB_System
INFO | SELECTED | Shared Parameter | Scope=instance | ReadOnly=False | Id=3045155
INFO | SELECTED | Shared Parameter | Scope=instance | ReadOnly=False | Id=7626163
INFO | Writing INSTANCE parameter 'NWB_System' on element 13645572
INFO | Element 13645572 | NWB_System | Kind=Shared Parameter | Scope=instance | Storage=String | Old='Return Air' | New='Supply Air'
INFO | Writing INSTANCE parameter 'NWB_System' on element 13645572
INFO | Element 13645572 | NWB_System | Kind=Shared Parameter | Scope=instance | Storage=String | Old='' | New='Supply Air'
INFO | Candidate: NWB_UniclassCode | Scope=instance | Storage=String | ReadOnly=False | Shared=True | Id=3045156
INFO | Candidate: NWB_UniclassCode | Scope=instance | Storage=String | ReadOnly=False | Shared=True | Id=7626165
INFO | Found 2 parameters named NWB_UniclassCode
INFO | SELECTED | Shared Parameter | Scope=instance | ReadOnly=False | Id=3045156
INFO | SELECTED | Shared Parameter | Scope=instance | ReadOnly=False | Id=7626165
INFO | Writing INSTANCE parameter 'NWB_UniclassCode' on element 13645572
INFO | Element 13645572 | NWB_UniclassCode | Kind=Shared Parameter | Scope=instance | Storage=String | Old='' | New='Pr_65_65_25'
INFO | Writing INSTANCE parameter 'NWB_UniclassCode' on element 13645572
INFO | Element 13645572 | NWB_UniclassCode | Kind=Shared Parameter | Scope=instance | Storage=String | Old='' | New='Pr_65_65_25'
INFO | Candidate: NWB_UniclassDescription | Scope=instance | Storage=String | ReadOnly=False | Shared=True | Id=3045157
INFO | Candidate: NWB_UniclassDescription | Scope=instance | Storage=String | ReadOnly=False | Shared=True | Id=7626166
INFO | Found 2 parameters named NWB_UniclassDescription
INFO | SELECTED | Shared Parameter | Scope=instance | ReadOnly=False | Id=3045157
INFO | SELECTED | Shared Parameter | Scope=instance | ReadOnly=False | Id=7626166
INFO | Writing INSTANCE parameter 'NWB_UniclassDescription' on element 13645572
INFO | Element 13645572 | NWB_UniclassDescription | Kind=Shared Parameter | Scope=instance | Storage=String | Old='' | New='Ductwork and fittings'
INFO | Writing INSTANCE parameter 'NWB_UniclassDescription' on element 13645572
INFO | Element 13645572 | NWB_UniclassDescription | Kind=Shared Parameter | Scope=instance | Storage=String | Old='' | New='Ductwork and fittings'
INFO | Candidate: NWB_DesignPkg | Scope=instance | Storage=String | ReadOnly=False | Shared=True | Id=3045158
INFO | Candidate: NWB_DesignPkg | Scope=instance | Storage=String | ReadOnly=False | Shared=True | Id=7626167
INFO | Found 2 parameters named NWB_DesignPkg
INFO | SELECTED | Shared Parameter | Scope=instance | ReadOnly=False | Id=3045158
INFO | SELECTED | Shared Parameter | Scope=instance | ReadOnly=False | Id=7626167
INFO | Writing INSTANCE parameter 'NWB_DesignPkg' on element 13645572
INFO | Element 13645572 | NWB_DesignPkg | Kind=Shared Parameter | Scope=instance | Storage=String | Old='' | New='NWB-GEN-ME-SCM-1091-A'
INFO | Writing INSTANCE parameter 'NWB_DesignPkg' on element 13645572
INFO | Element 13645572 | NWB_DesignPkg | Kind=Shared Parameter | Scope=instance | Storage=String | Old='' | New='NWB-GEN-ME-SCM-1091-A'
ERROR | Element 13645572 | Category=Duct Fittings | Family= | Parameter=NWB_BuildingPermitPkg | Reason=missing | Writable sample: AHU, AHU_AreaServed, AHU_Serves, AHU_Type, AHU_ZoneNumber, Building_No, COMPLETE Y/N, Classification.OmniClass.21.Description_INSTANCE, Classification.OmniClass.21.Number_INSTANCE, Classification.OmniClass.22.Description_INSTANCE, Classification.OmniClass.22.Number_INSTANCE, Classification.OmniClass.23.Description_INSTANCE, Classification.OmniClass.23.Number_INSTANCE, Classification.UniFormat.2010.Description, Classification.UniFormat.2010.Number, Comments, Description BOM Suffix, Duct Height, Duct Width, Ductwork Insulation - Lining
INFO | Candidate: NWB_WBS00 | Scope=instance | Storage=String | ReadOnly=False | Shared=True | Id=9214738
INFO | Candidate: NWB_WBS01 | Scope=instance | Storage=String | ReadOnly=False | Shared=True | Id=9214798
INFO | Candidate: NWB_WBS02 | Scope=instance | Storage=String | ReadOnly=False | Shared=True | Id=9214786
INFO | Candidate: NWB_WBS03 | Scope=instance | Storage=String | ReadOnly=False | Shared=True | Id=9214750
INFO | Candidate: NWB_WBS04 | Scope=instance | Storage=String | ReadOnly=False | Shared=True | Id=9214762
INFO | Candidate: NWB_WBS05 | Scope=instance | Storage=String | ReadOnly=False | Shared=True | Id=9214810
INFO | Candidate: NWB_WBSCode | Scope=instance | Storage=String | ReadOnly=False | Shared=True | Id=9214774
SOURCE | Element 13645572 | Cat=Duct Fittings | Family=MHT-ME-DF-Rectangular Short Radius Bend - Flanged | Type= | Level=LEVEL 09 | System=Supply Air | LinkedRoomLink= | LinkedRoomNumber= | LinkedRoomName= | LinkedRoomDept= | LinkedRoomBuilding= | LinkedRoomSite= | LinkedRoomSource= | ResolvedDept= | ResolvedBuilding= | ResolvedSite= | DisciplineHint=mechanical | AssetCandidates=duct fittings, ductwork | WBS00=WBH | WBS01=HO | WBS03=Z00 | DesignPkg=NWB-GEN-ME-SCM-1091-A | BuildingPermitPkg=WBH - BP09
WARN | Element 13645572 | Department unresolved | ExistingNWBDepartment= | ExistingWBS00=WBH | ExistingWBS01=HO | ExistingDiscipline=Mechanical
ELEMENT | 13645572 | Cat=Duct Fittings | AssetScore=45 | AssetTypeCode=MDUC | AssetType=Ductwork | AssetCategory=Ductwork | Targets=NWB_AssetTypeCode=MDUC; NWB_AssetType=Ductwork; NWB_Discipline=ME; NWB_Category=Ductwork; NWB_Department=; NWB_Material=; NWB_System=Supply Air; NWB_UniclassCode=Pr_65_65_25; NWB_UniclassDescription=Ductwork and fittings; NWB_DesignPkg=NWB-GEN-ME-SCM-1091-A; NWB_BuildingPermitPkg=WBH - BP09; NWB_WBS00=WBH; NWB_WBS01=HO; NWB_WBS02=09; NWB_WBS03=Z00; NWB_WBS04=ME; NWB_WBS05=SI5; NWB_WBSCode=WBH-HO-09-Z00-ME-SI5
INFO | Candidate: NWB_AssetTypeCode | Scope=instance | Storage=String | ReadOnly=False | Shared=True | Id=3045149
INFO | Candidate: NWB_AssetTypeCode | Scope=instance | Storage=String | ReadOnly=False | Shared=True | Id=7626182
INFO | Found 2 parameters named NWB_AssetTypeCode
INFO | SELECTED | Shared Parameter | Scope=instance | ReadOnly=False | Id=3045149
INFO | SELECTED | Shared Parameter | Scope=instance | ReadOnly=False | Id=7626182
INFO | Writing INSTANCE parameter 'NWB_AssetTypeCode' on element 13768125
INFO | Element 13768125 | NWB_AssetTypeCode | Kind=Shared Parameter | Scope=instance | Storage=String | Old='' | New='MDUC'
INFO | Writing INSTANCE parameter 'NWB_AssetTypeCode' on element 13768125
INFO | Element 13768125 | NWB_AssetTypeCode | Kind=Shared Parameter | Scope=instance | Storage=String | Old='' | New='MDUC'
INFO | Candidate: NWB_AssetType | Scope=instance | Storage=String | ReadOnly=False | Shared=True | Id=3045150
INFO | Candidate: NWB_AssetType | Scope=instance | Storage=String | ReadOnly=False | Shared=True | Id=7626181
INFO | Found 2 parameters named NWB_AssetType
INFO | SELECTED | Shared Parameter | Scope=instance | ReadOnly=False | Id=3045150
INFO | SELECTED | Shared Parameter | Scope=instance | ReadOnly=False | Id=7626181
INFO | Writing INSTANCE parameter 'NWB_AssetType' on element 13768125
INFO | Element 13768125 | NWB_AssetType | Kind=Shared Parameter | Scope=instance | Storage=String | Old='' | New='Ductwork'
INFO | Writing INSTANCE parameter 'NWB_AssetType' on element 13768125
INFO | Element 13768125 | NWB_AssetType | Kind=Shared Parameter | Scope=instance | Storage=String | Old='' | New='Ductwork'
INFO | Candidate: NWB_Discipline | Scope=instance | Storage=String | ReadOnly=False | Shared=True | Id=3045151
INFO | Candidate: NWB_Discipline | Scope=instance | Storage=String | ReadOnly=False | Shared=True | Id=7626159
INFO | Found 2 parameters named NWB_Discipline
INFO | SELECTED | Shared Parameter | Scope=instance | ReadOnly=False | Id=3045151
INFO | SELECTED | Shared Parameter | Scope=instance | ReadOnly=False | Id=7626159
INFO | Writing INSTANCE parameter 'NWB_Discipline' on element 13768125
INFO | Element 13768125 | NWB_Discipline | Kind=Shared Parameter | Scope=instance | Storage=String | Old='Mechanical' | New='ME'
INFO | Writing INSTANCE parameter 'NWB_Discipline' on element 13768125
INFO | Element 13768125 | NWB_Discipline | Kind=Shared Parameter | Scope=instance | Storage=String | Old='Mechanical' | New='ME'
INFO | Candidate: NWB_Category | Scope=instance | Storage=String | ReadOnly=False | Shared=True | Id=3045152
INFO | Candidate: NWB_Category | Scope=instance | Storage=String | ReadOnly=False | Shared=True | Id=7626160
INFO | Found 2 parameters named NWB_Category
INFO | SELECTED | Shared Parameter | Scope=instance | ReadOnly=False | Id=3045152
INFO | SELECTED | Shared Parameter | Scope=instance | ReadOnly=False | Id=7626160
INFO | Writing INSTANCE parameter 'NWB_Category' on element 13768125
INFO | Element 13768125 | NWB_Category | Kind=Shared Parameter | Scope=instance | Storage=String | Old='' | New='Ductwork'
INFO | Writing INSTANCE parameter 'NWB_Category' on element 13768125
INFO | Element 13768125 | NWB_Category | Kind=Shared Parameter | Scope=instance | Storage=String | Old='' | New='Ductwork'
INFO | Candidate: NWB_System | Scope=instance | Storage=String | ReadOnly=False | Shared=True | Id=3045155
INFO | Candidate: NWB_System | Scope=instance | Storage=String | ReadOnly=False | Shared=True | Id=7626163
INFO | Found 2 parameters named NWB_System
INFO | SELECTED | Shared Parameter | Scope=instance | ReadOnly=False | Id=3045155
INFO | SELECTED | Shared Parameter | Scope=instance | ReadOnly=False | Id=7626163
INFO | Writing INSTANCE parameter 'NWB_System' on element 13768125
INFO | Element 13768125 | NWB_System | Kind=Shared Parameter | Scope=instance | Storage=String | Old='' | New='Supply Air'
INFO | Candidate: NWB_UniclassCode | Scope=instance | Storage=String | ReadOnly=False | Shared=True | Id=3045156
INFO | Candidate: NWB_UniclassCode | Scope=instance | Storage=String | ReadOnly=False | Shared=True | Id=7626165
INFO | Found 2 parameters named NWB_UniclassCode
INFO | SELECTED | Shared Parameter | Scope=instance | ReadOnly=False | Id=3045156
INFO | SELECTED | Shared Parameter | Scope=instance | ReadOnly=False | Id=7626165
INFO | Writing INSTANCE parameter 'NWB_UniclassCode' on element 13768125
INFO | Element 13768125 | NWB_UniclassCode | Kind=Shared Parameter | Scope=instance | Storage=String | Old='' | New='Pr_65_65_25'
INFO | Writing INSTANCE parameter 'NWB_UniclassCode' on element 13768125
INFO | Element 13768125 | NWB_UniclassCode | Kind=Shared Parameter | Scope=instance | Storage=String | Old='' | New='Pr_65_65_25'
INFO | Candidate: NWB_UniclassDescription | Scope=instance | Storage=String | ReadOnly=False | Shared=True | Id=3045157
INFO | Candidate: NWB_UniclassDescription | Scope=instance | Storage=String | ReadOnly=False | Shared=True | Id=7626166
INFO | Found 2 parameters named NWB_UniclassDescription
INFO | SELECTED | Shared Parameter | Scope=instance | ReadOnly=False | Id=3045157
INFO | SELECTED | Shared Parameter | Scope=instance | ReadOnly=False | Id=7626166
INFO | Writing INSTANCE parameter 'NWB_UniclassDescription' on element 13768125
INFO | Element 13768125 | NWB_UniclassDescription | Kind=Shared Parameter | Scope=instance | Storage=String | Old='' | New='Ductwork and fittings'
INFO | Writing INSTANCE parameter 'NWB_UniclassDescription' on element 13768125
INFO | Element 13768125 | NWB_UniclassDescription | Kind=Shared Parameter | Scope=instance | Storage=String | Old='' | New='Ductwork and fittings'
INFO | Candidate: NWB_DesignPkg | Scope=instance | Storage=String | ReadOnly=False | Shared=True | Id=3045158
INFO | Candidate: NWB_DesignPkg | Scope=instance | Storage=String | ReadOnly=False | Shared=True | Id=7626167
INFO | Found 2 parameters named NWB_DesignPkg
INFO | SELECTED | Shared Parameter | Scope=instance | ReadOnly=False | Id=3045158
INFO | SELECTED | Shared Parameter | Scope=instance | ReadOnly=False | Id=7626167
INFO | Writing INSTANCE parameter 'NWB_DesignPkg' on element 13768125
INFO | Element 13768125 | NWB_DesignPkg | Kind=Shared Parameter | Scope=instance | Storage=String | Old='' | New='NWB-GEN-ME-SCM-1091-A'
INFO | Writing INSTANCE parameter 'NWB_DesignPkg' on element 13768125
INFO | Element 13768125 | NWB_DesignPkg | Kind=Shared Parameter | Scope=instance | Storage=String | Old='' | New='NWB-GEN-ME-SCM-1091-A'
ERROR | Element 13768125 | Category=Duct Fittings | Family= | Parameter=NWB_BuildingPermitPkg | Reason=missing | Writable sample: AHU, AHU_AreaServed, AHU_Serves, AHU_Type, AHU_ZoneNumber, Building_No, COMPLETE Y/N, Classification.OmniClass.21.Description_INSTANCE, Classification.OmniClass.21.Number_INSTANCE, Classification.OmniClass.22.Description_INSTANCE, Classification.OmniClass.22.Number_INSTANCE, Classification.OmniClass.23.Description_INSTANCE, Classification.OmniClass.23.Number_INSTANCE, Classification.UniFormat.2010.Description, Classification.UniFormat.2010.Number, Comments, Description BOM Suffix, Ductwork Insulation - Lining, Elevation from Level, Export to IFC
INFO | Candidate: NWB_WBS00 | Scope=instance | Storage=String | ReadOnly=False | Shared=True | Id=9214738
INFO | Candidate: NWB_WBS01 | Scope=instance | Storage=String | ReadOnly=False | Shared=True | Id=9214798
INFO | Candidate: NWB_WBS02 | Scope=instance | Storage=String | ReadOnly=False | Shared=True | Id=9214786
INFO | Candidate: NWB_WBS03 | Scope=instance | Storage=String | ReadOnly=False | Shared=True | Id=9214750
INFO | Candidate: NWB_WBS04 | Scope=instance | Storage=String | ReadOnly=False | Shared=True | Id=9214762
INFO | Candidate: NWB_WBS05 | Scope=instance | Storage=String | ReadOnly=False | Shared=True | Id=9214810
INFO | Candidate: NWB_WBSCode | Scope=instance | Storage=String | ReadOnly=False | Shared=True | Id=9214774
SOURCE | Element 13768125 | Cat=Duct Fittings | Family=MHT-ME-DF-Rectangular Eccentric Taper - Flanged-01 | Type= | Level=LEVEL 09 | System=Supply Air | LinkedRoomLink= | LinkedRoomNumber= | LinkedRoomName= | LinkedRoomDept= | LinkedRoomBuilding= | LinkedRoomSite= | LinkedRoomSource= | ResolvedDept= | ResolvedBuilding= | ResolvedSite= | DisciplineHint=mechanical | AssetCandidates=duct fittings, ductwork | WBS00=WBH | WBS01=HO | WBS03=Z00 | DesignPkg=NWB-GEN-ME-SCM-1091-A | BuildingPermitPkg=WBH - BP09
WARN | Element 13768125 | Department unresolved | ExistingNWBDepartment= | ExistingWBS00=WBH | ExistingWBS01=HO | ExistingDiscipline=Mechanical
ELEMENT | 13768125 | Cat=Duct Fittings | AssetScore=45 | AssetTypeCode=MDUC | AssetType=Ductwork | AssetCategory=Ductwork | Targets=NWB_AssetTypeCode=MDUC; NWB_AssetType=Ductwork; NWB_Discipline=ME; NWB_Category=Ductwork; NWB_Department=; NWB_Material=; NWB_System=Supply Air; NWB_UniclassCode=Pr_65_65_25; NWB_UniclassDescription=Ductwork and fittings; NWB_DesignPkg=NWB-GEN-ME-SCM-1091-A; NWB_BuildingPermitPkg=WBH - BP09; NWB_WBS00=WBH; NWB_WBS01=HO; NWB_WBS02=09; NWB_WBS03=Z00; NWB_WBS04=ME; NWB_WBS05=SI5; NWB_WBSCode=WBH-HO-09-Z00-ME-SI5
INFO | Candidate: NWB_AssetTypeCode | Scope=instance | Storage=String | ReadOnly=False | Shared=True | Id=7626182
INFO | Writing INSTANCE parameter 'NWB_AssetTypeCode' on element 13768128
INFO | Element 13768128 | NWB_AssetTypeCode | Kind=Shared Parameter | Scope=instance | Storage=String | Old='' | New='MDUC'
INFO | Candidate: NWB_AssetType | Scope=instance | Storage=String | ReadOnly=False | Shared=True | Id=7626181
INFO | Writing INSTANCE parameter 'NWB_AssetType' on element 13768128
INFO | Element 13768128 | NWB_AssetType | Kind=Shared Parameter | Scope=instance | Storage=String | Old='' | New='Ductwork'
INFO | Candidate: NWB_Discipline | Scope=instance | Storage=String | ReadOnly=False | Shared=True | Id=7626159
INFO | Writing INSTANCE parameter 'NWB_Discipline' on element 13768128
INFO | Element 13768128 | NWB_Discipline | Kind=Shared Parameter | Scope=instance | Storage=String | Old='Mechanical' | New='ME'
INFO | Candidate: NWB_Category | Scope=instance | Storage=String | ReadOnly=False | Shared=True | Id=7626160
INFO | Writing INSTANCE parameter 'NWB_Category' on element 13768128
INFO | Element 13768128 | NWB_Category | Kind=Shared Parameter | Scope=instance | Storage=String | Old='' | New='Ductwork'
INFO | Candidate: NWB_System | Scope=instance | Storage=String | ReadOnly=False | Shared=True | Id=7626163
INFO | Candidate: NWB_UniclassCode | Scope=instance | Storage=String | ReadOnly=False | Shared=True | Id=7626165
INFO | Writing INSTANCE parameter 'NWB_UniclassCode' on element 13768128
INFO | Element 13768128 | NWB_UniclassCode | Kind=Shared Parameter | Scope=instance | Storage=String | Old='' | New='Pr_65_65_25'
INFO | Candidate: NWB_UniclassDescription | Scope=instance | Storage=String | ReadOnly=False | Shared=True | Id=7626166
INFO | Writing INSTANCE parameter 'NWB_UniclassDescription' on element 13768128
INFO | Element 13768128 | NWB_UniclassDescription | Kind=Shared Parameter | Scope=instance | Storage=String | Old='' | New='Ductwork and fittings'
INFO | Candidate: NWB_DesignPkg | Scope=instance | Storage=String | ReadOnly=False | Shared=True | Id=7626167
INFO | Writing INSTANCE parameter 'NWB_DesignPkg' on element 13768128
INFO | Element 13768128 | NWB_DesignPkg | Kind=Shared Parameter | Scope=instance | Storage=String | Old='' | New='NWB-GEN-ME-SCM-1091-A'
ERROR | Element 13768128 | Category=Duct Fittings | Family= | Parameter=NWB_BuildingPermitPkg | Reason=missing | Writable sample: AHU, AHU_AreaServed, AHU_Serves, AHU_Type, AHU_ZoneNumber, Building_No, COMPLETE Y/N, Classification.OmniClass.21.Description_INSTANCE, Classification.OmniClass.21.Number_INSTANCE, Classification.OmniClass.22.Description_INSTANCE, Classification.OmniClass.22.Number_INSTANCE, Classification.OmniClass.23.Description_INSTANCE, Classification.OmniClass.23.Number_INSTANCE, Classification.UniFormat.2010.Description, Classification.UniFormat.2010.Number, Comments, Description BOM Suffix, Duct Diameter, Ductwork Insulation - Lining, Elevation from Level
INFO | Candidate: NWB_WBS00 | Scope=instance | Storage=String | ReadOnly=False | Shared=True | Id=9214738
INFO | Candidate: NWB_WBS01 | Scope=instance | Storage=String | ReadOnly=False | Shared=True | Id=9214798
INFO | Candidate: NWB_WBS02 | Scope=instance | Storage=String | ReadOnly=False | Shared=True | Id=9214786
INFO | Candidate: NWB_WBS03 | Scope=instance | Storage=String | ReadOnly=False | Shared=True | Id=9214750
INFO | Candidate: NWB_WBS04 | Scope=instance | Storage=String | ReadOnly=False | Shared=True | Id=9214762
INFO | Candidate: NWB_WBS05 | Scope=instance | Storage=String | ReadOnly=False | Shared=True | Id=9214810
INFO | Candidate: NWB_WBSCode | Scope=instance | Storage=String | ReadOnly=False | Shared=True | Id=9214774
SOURCE | Element 13768128 | Cat=Duct Fittings | Family=MHT_DF_Spigot | Type= | Level=LEVEL 09 | System=Supply Air | LinkedRoomLink= | LinkedRoomNumber= | LinkedRoomName= | LinkedRoomDept= | LinkedRoomBuilding= | LinkedRoomSite= | LinkedRoomSource= | ResolvedDept= | ResolvedBuilding= | ResolvedSite= | DisciplineHint=mechanical | AssetCandidates=duct fittings, ductwork, damper, motorised damper | WBS00=WBH | WBS01=HO | WBS03=Z00 | DesignPkg=NWB-GEN-ME-SCM-1091-A | BuildingPermitPkg=WBH - BP09
WARN | Element 13768128 | Department unresolved | ExistingNWBDepartment= | ExistingWBS00=WBH | ExistingWBS01=HO | ExistingDiscipline=Mechanical
ELEMENT | 13768128 | Cat=Duct Fittings | AssetScore=45 | AssetTypeCode=MDUC | AssetType=Ductwork | AssetCategory=Ductwork | Targets=NWB_AssetTypeCode=MDUC; NWB_AssetType=Ductwork; NWB_Discipline=ME; NWB_Category=Ductwork; NWB_Department=; NWB_Material=; NWB_System=Supply Air; NWB_UniclassCode=Pr_65_65_25; NWB_UniclassDescription=Ductwork and fittings; NWB_DesignPkg=NWB-GEN-ME-SCM-1091-A; NWB_BuildingPermitPkg=WBH - BP09; NWB_WBS00=WBH; NWB_WBS01=HO; NWB_WBS02=09; NWB_WBS03=Z00; NWB_WBS04=ME; NWB_WBS05=SI5; NWB_WBSCode=WBH-HO-09-Z00-ME-SI5
INFO | Candidate: NWB_AssetTypeCode | Scope=instance | Storage=String | ReadOnly=False | Shared=True | Id=7626182
INFO | Candidate: NWB_AssetType | Scope=instance | Storage=String | ReadOnly=False | Shared=True | Id=7626181
INFO | Candidate: NWB_Discipline | Scope=instance | Storage=String | ReadOnly=False | Shared=True | Id=7626159
INFO | Candidate: NWB_Category | Scope=instance | Storage=String | ReadOnly=False | Shared=True | Id=7626160
INFO | Candidate: NWB_System | Scope=instance | Storage=String | ReadOnly=False | Shared=True | Id=7626163
INFO | Candidate: NWB_UniclassCode | Scope=instance | Storage=String | ReadOnly=False | Shared=True | Id=7626165
INFO | Candidate: NWB_UniclassDescription | Scope=instance | Storage=String | ReadOnly=False | Shared=True | Id=7626166
INFO | Candidate: NWB_DesignPkg | Scope=instance | Storage=String | ReadOnly=False | Shared=True | Id=7626167
ERROR | Element 13770473 | Category=Ducts | Family= | Parameter=NWB_BuildingPermitPkg | Reason=missing | Writable sample: AHU, AHU_AreaServed, AHU_Serves, AHU_Type, AHU_ZoneNumber, Additional Flow, Building_No, COMPLETE Y/N, Classification.OmniClass.21.Description_INSTANCE, Classification.OmniClass.21.Number_INSTANCE, Classification.OmniClass.22.Description_INSTANCE, Classification.OmniClass.22.Number_INSTANCE, Classification.OmniClass.23.Description_INSTANCE, Classification.OmniClass.23.Number_INSTANCE, Classification.UniFormat.2010.Description, Classification.UniFormat.2010.Number, Comments, DUCT NUMBER, Description BOM Suffix, Duct Number
INFO | Candidate: NWB_WBS00 | Scope=instance | Storage=String | ReadOnly=False | Shared=True | Id=9214738
INFO | Candidate: NWB_WBS01 | Scope=instance | Storage=String | ReadOnly=False | Shared=True | Id=9214798
INFO | Candidate: NWB_WBS02 | Scope=instance | Storage=String | ReadOnly=False | Shared=True | Id=9214786
INFO | Candidate: NWB_WBS03 | Scope=instance | Storage=String | ReadOnly=False | Shared=True | Id=9214750
INFO | Candidate: NWB_WBS04 | Scope=instance | Storage=String | ReadOnly=False | Shared=True | Id=9214762
INFO | Candidate: NWB_WBS05 | Scope=instance | Storage=String | ReadOnly=False | Shared=True | Id=9214810
INFO | Writing INSTANCE parameter 'NWB_WBS05' on element 13770473
INFO | Element 13770473 | NWB_WBS05 | Kind=Shared Parameter | Scope=instance | Storage=String | Old='SP' | New='SI5'
INFO | Candidate: NWB_WBSCode | Scope=instance | Storage=String | ReadOnly=False | Shared=True | Id=9214774
INFO | Writing INSTANCE parameter 'NWB_WBSCode' on element 13770473
INFO | Element 13770473 | NWB_WBSCode | Kind=Shared Parameter | Scope=instance | Storage=String | Old='WBH-HO-09-Z00-ME-SP' | New='WBH-HO-09-Z00-ME-SI5'
SOURCE | Element 13770473 | Cat=Ducts | Family=Rectangular Duct | Type= | Level=LEVEL 09 | System=Supply Air | LinkedRoomLink= | LinkedRoomNumber= | LinkedRoomName= | LinkedRoomDept= | LinkedRoomBuilding= | LinkedRoomSite= | LinkedRoomSource= | ResolvedDept= | ResolvedBuilding= | ResolvedSite= | DisciplineHint=mechanical | AssetCandidates=ducts, ductwork | WBS00=WBH | WBS01=HO | WBS03=Z00 | DesignPkg=NWB-GEN-ME-SCM-1091-A | BuildingPermitPkg=WBH - BP09
WARN | Element 13770473 | Department unresolved | ExistingNWBDepartment= | ExistingWBS00=WBH | ExistingWBS01=HO | ExistingDiscipline=ME
ELEMENT | 13770473 | Cat=Ducts | AssetScore=45 | AssetTypeCode=MDUC | AssetType=Ductwork | AssetCategory=Ductwork | Targets=NWB_AssetTypeCode=MDUC; NWB_AssetType=Ductwork; NWB_Discipline=ME; NWB_Category=Ductwork; NWB_Department=; NWB_Material=; NWB_System=Supply Air; NWB_UniclassCode=Pr_65_65_25; NWB_UniclassDescription=Ductwork and fittings; NWB_DesignPkg=NWB-GEN-ME-SCM-1091-A; NWB_BuildingPermitPkg=WBH - BP09; NWB_WBS00=WBH; NWB_WBS01=HO; NWB_WBS02=09; NWB_WBS03=Z00; NWB_WBS04=ME; NWB_WBS05=SI5; NWB_WBSCode=WBH-HO-09-Z00-ME-SI5
INFO | Candidate: NWB_AssetTypeCode | Scope=instance | Storage=String | ReadOnly=False | Shared=True | Id=3045149
INFO | Candidate: NWB_AssetTypeCode | Scope=instance | Storage=String | ReadOnly=False | Shared=True | Id=7626182
INFO | Found 2 parameters named NWB_AssetTypeCode
INFO | SELECTED | Shared Parameter | Scope=instance | ReadOnly=False | Id=3045149
INFO | SELECTED | Shared Parameter | Scope=instance | ReadOnly=False | Id=7626182
INFO | Writing INSTANCE parameter 'NWB_AssetTypeCode' on element 13770483
INFO | Element 13770483 | NWB_AssetTypeCode | Kind=Shared Parameter | Scope=instance | Storage=String | Old='' | New='MDUC'
INFO | Writing INSTANCE parameter 'NWB_AssetTypeCode' on element 13770483
INFO | Element 13770483 | NWB_AssetTypeCode | Kind=Shared Parameter | Scope=instance | Storage=String | Old='' | New='MDUC'
INFO | Candidate: NWB_AssetType | Scope=instance | Storage=String | ReadOnly=False | Shared=True | Id=3045150
INFO | Candidate: NWB_AssetType | Scope=instance | Storage=String | ReadOnly=False | Shared=True | Id=7626181
INFO | Found 2 parameters named NWB_AssetType
INFO | SELECTED | Shared Parameter | Scope=instance | ReadOnly=False | Id=3045150
INFO | SELECTED | Shared Parameter | Scope=instance | ReadOnly=False | Id=7626181
INFO | Writing INSTANCE parameter 'NWB_AssetType' on element 13770483
INFO | Element 13770483 | NWB_AssetType | Kind=Shared Parameter | Scope=instance | Storage=String | Old='' | New='Ductwork'
INFO | Writing INSTANCE parameter 'NWB_AssetType' on element 13770483
INFO | Element 13770483 | NWB_AssetType | Kind=Shared Parameter | Scope=instance | Storage=String | Old='' | New='Ductwork'
INFO | Candidate: NWB_Discipline | Scope=instance | Storage=String | ReadOnly=False | Shared=True | Id=3045151
INFO | Candidate: NWB_Discipline | Scope=instance | Storage=String | ReadOnly=False | Shared=True | Id=7626159
INFO | Found 2 parameters named NWB_Discipline
INFO | SELECTED | Shared Parameter | Scope=instance | ReadOnly=False | Id=3045151
INFO | SELECTED | Shared Parameter | Scope=instance | ReadOnly=False | Id=7626159
INFO | Writing INSTANCE parameter 'NWB_Discipline' on element 13770483
INFO | Element 13770483 | NWB_Discipline | Kind=Shared Parameter | Scope=instance | Storage=String | Old='Mechanical' | New='ME'
INFO | Writing INSTANCE parameter 'NWB_Discipline' on element 13770483
INFO | Element 13770483 | NWB_Discipline | Kind=Shared Parameter | Scope=instance | Storage=String | Old='Mechanical' | New='ME'
INFO | Candidate: NWB_Category | Scope=instance | Storage=String | ReadOnly=False | Shared=True | Id=3045152
INFO | Candidate: NWB_Category | Scope=instance | Storage=String | ReadOnly=False | Shared=True | Id=7626160
INFO | Found 2 parameters named NWB_Category
INFO | SELECTED | Shared Parameter | Scope=instance | ReadOnly=False | Id=3045152
INFO | SELECTED | Shared Parameter | Scope=instance | ReadOnly=False | Id=7626160
INFO | Writing INSTANCE parameter 'NWB_Category' on element 13770483
INFO | Element 13770483 | NWB_Category | Kind=Shared Parameter | Scope=instance | Storage=String | Old='' | New='Ductwork'
INFO | Writing INSTANCE parameter 'NWB_Category' on element 13770483
INFO | Element 13770483 | NWB_Category | Kind=Shared Parameter | Scope=instance | Storage=String | Old='' | New='Ductwork'
INFO | Candidate: NWB_System | Scope=instance | Storage=String | ReadOnly=False | Shared=True | Id=3045155
INFO | Candidate: NWB_System | Scope=instance | Storage=String | ReadOnly=False | Shared=True | Id=7626163
INFO | Found 2 parameters named NWB_System
INFO | SELECTED | Shared Parameter | Scope=instance | ReadOnly=False | Id=3045155
INFO | SELECTED | Shared Parameter | Scope=instance | ReadOnly=False | Id=7626163
INFO | Writing INSTANCE parameter 'NWB_System' on element 13770483
INFO | Element 13770483 | NWB_System | Kind=Shared Parameter | Scope=instance | Storage=String | Old='Return Air' | New='Supply Air'
INFO | Writing INSTANCE parameter 'NWB_System' on element 13770483
INFO | Element 13770483 | NWB_System | Kind=Shared Parameter | Scope=instance | Storage=String | Old='' | New='Supply Air'
INFO | Candidate: NWB_UniclassCode | Scope=instance | Storage=String | ReadOnly=False | Shared=True | Id=3045156
INFO | Candidate: NWB_UniclassCode | Scope=instance | Storage=String | ReadOnly=False | Shared=True | Id=7626165
INFO | Found 2 parameters named NWB_UniclassCode
INFO | SELECTED | Shared Parameter | Scope=instance | ReadOnly=False | Id=3045156
INFO | SELECTED | Shared Parameter | Scope=instance | ReadOnly=False | Id=7626165
INFO | Writing INSTANCE parameter 'NWB_UniclassCode' on element 13770483
INFO | Element 13770483 | NWB_UniclassCode | Kind=Shared Parameter | Scope=instance | Storage=String | Old='' | New='Pr_65_65_25'
INFO | Writing INSTANCE parameter 'NWB_UniclassCode' on element 13770483
INFO | Element 13770483 | NWB_UniclassCode | Kind=Shared Parameter | Scope=instance | Storage=String | Old='' | New='Pr_65_65_25'
INFO | Candidate: NWB_UniclassDescription | Scope=instance | Storage=String | ReadOnly=False | Shared=True | Id=3045157
INFO | Candidate: NWB_UniclassDescription | Scope=instance | Storage=String | ReadOnly=False | Shared=True | Id=7626166
INFO | Found 2 parameters named NWB_UniclassDescription
INFO | SELECTED | Shared Parameter | Scope=instance | ReadOnly=False | Id=3045157
INFO | SELECTED | Shared Parameter | Scope=instance | ReadOnly=False | Id=7626166
INFO | Writing INSTANCE parameter 'NWB_UniclassDescription' on element 13770483
INFO | Element 13770483 | NWB_UniclassDescription | Kind=Shared Parameter | Scope=instance | Storage=String | Old='' | New='Ductwork and fittings'
INFO | Writing INSTANCE parameter 'NWB_UniclassDescription' on element 13770483
INFO | Element 13770483 | NWB_UniclassDescription | Kind=Shared Parameter | Scope=instance | Storage=String | Old='' | New='Ductwork and fittings'
INFO | Candidate: NWB_DesignPkg | Scope=instance | Storage=String | ReadOnly=False | Shared=True | Id=3045158
INFO | Candidate: NWB_DesignPkg | Scope=instance | Storage=String | ReadOnly=False | Shared=True | Id=7626167
INFO | Found 2 parameters named NWB_DesignPkg
INFO | SELECTED | Shared Parameter | Scope=instance | ReadOnly=False | Id=3045158
INFO | SELECTED | Shared Parameter | Scope=instance | ReadOnly=False | Id=7626167
INFO | Writing INSTANCE parameter 'NWB_DesignPkg' on element 13770483
INFO | Element 13770483 | NWB_DesignPkg | Kind=Shared Parameter | Scope=instance | Storage=String | Old='' | New='NWB-GEN-ME-SCM-1091-A'
INFO | Writing INSTANCE parameter 'NWB_DesignPkg' on element 13770483
INFO | Element 13770483 | NWB_DesignPkg | Kind=Shared Parameter | Scope=instance | Storage=String | Old='' | New='NWB-GEN-ME-SCM-1091-A'
ERROR | Element 13770483 | Category=Duct Fittings | Family= | Parameter=NWB_BuildingPermitPkg | Reason=missing | Writable sample: AHU, AHU_AreaServed, AHU_Serves, AHU_Type, AHU_ZoneNumber, Building_No, COMPLETE Y/N, Classification.OmniClass.21.Description_INSTANCE, Classification.OmniClass.21.Number_INSTANCE, Classification.OmniClass.22.Description_INSTANCE, Classification.OmniClass.22.Number_INSTANCE, Classification.OmniClass.23.Description_INSTANCE, Classification.OmniClass.23.Number_INSTANCE, Classification.UniFormat.2010.Description, Classification.UniFormat.2010.Number, Comments, Description BOM Suffix, Duct Height, Duct Width, Ductwork Insulation - Lining
INFO | Candidate: NWB_WBS00 | Scope=instance | Storage=String | ReadOnly=False | Shared=True | Id=9214738
INFO | Candidate: NWB_WBS01 | Scope=instance | Storage=String | ReadOnly=False | Shared=True | Id=9214798
INFO | Candidate: NWB_WBS02 | Scope=instance | Storage=String | ReadOnly=False | Shared=True | Id=9214786
INFO | Candidate: NWB_WBS03 | Scope=instance | Storage=String | ReadOnly=False | Shared=True | Id=9214750
INFO | Candidate: NWB_WBS04 | Scope=instance | Storage=String | ReadOnly=False | Shared=True | Id=9214762
INFO | Candidate: NWB_WBS05 | Scope=instance | Storage=String | ReadOnly=False | Shared=True | Id=9214810
INFO | Candidate: NWB_WBSCode | Scope=instance | Storage=String | ReadOnly=False | Shared=True | Id=9214774
SOURCE | Element 13770483 | Cat=Duct Fittings | Family=MHT-ME-DF-Rectangular Short Radius Bend - Flanged | Type= | Level=LEVEL 09 | System=Supply Air | LinkedRoomLink= | LinkedRoomNumber= | LinkedRoomName= | LinkedRoomDept= | LinkedRoomBuilding= | LinkedRoomSite= | LinkedRoomSource= | ResolvedDept= | ResolvedBuilding= | ResolvedSite= | DisciplineHint=mechanical | AssetCandidates=duct fittings, ductwork | WBS00=WBH | WBS01=HO | WBS03=Z00 | DesignPkg=NWB-GEN-ME-SCM-1091-A | BuildingPermitPkg=WBH - BP09
WARN | Element 13770483 | Department unresolved | ExistingNWBDepartment= | ExistingWBS00=WBH | ExistingWBS01=HO | ExistingDiscipline=Mechanical
ELEMENT | 13770483 | Cat=Duct Fittings | AssetScore=45 | AssetTypeCode=MDUC | AssetType=Ductwork | AssetCategory=Ductwork | Targets=NWB_AssetTypeCode=MDUC; NWB_AssetType=Ductwork; NWB_Discipline=ME; NWB_Category=Ductwork; NWB_Department=; NWB_Material=; NWB_System=Supply Air; NWB_UniclassCode=Pr_65_65_25; NWB_UniclassDescription=Ductwork and fittings; NWB_DesignPkg=NWB-GEN-ME-SCM-1091-A; NWB_BuildingPermitPkg=WBH - BP09; NWB_WBS00=WBH; NWB_WBS01=HO; NWB_WBS02=09; NWB_WBS03=Z00; NWB_WBS04=ME; NWB_WBS05=SI5; NWB_WBSCode=WBH-HO-09-Z00-ME-SI5
INFO | Candidate: NWB_AssetTypeCode | Scope=instance | Storage=String | ReadOnly=False | Shared=True | Id=7626182
INFO | Candidate: NWB_AssetType | Scope=instance | Storage=String | ReadOnly=False | Shared=True | Id=7626181
INFO | Candidate: NWB_Discipline | Scope=instance | Storage=String | ReadOnly=False | Shared=True | Id=7626159
INFO | Candidate: NWB_Category | Scope=instance | Storage=String | ReadOnly=False | Shared=True | Id=7626160
INFO | Candidate: NWB_System | Scope=instance | Storage=String | ReadOnly=False | Shared=True | Id=7626163
INFO | Candidate: NWB_UniclassCode | Scope=instance | Storage=String | ReadOnly=False | Shared=True | Id=7626165
INFO | Candidate: NWB_UniclassDescription | Scope=instance | Storage=String | ReadOnly=False | Shared=True | Id=7626166
INFO | Candidate: NWB_DesignPkg | Scope=instance | Storage=String | ReadOnly=False | Shared=True | Id=7626167
ERROR | Element 13770484 | Category=Ducts | Family= | Parameter=NWB_BuildingPermitPkg | Reason=missing | Writable sample: AHU, AHU_AreaServed, AHU_Serves, AHU_Type, AHU_ZoneNumber, Additional Flow, Building_No, COMPLETE Y/N, Classification.OmniClass.21.Description_INSTANCE, Classification.OmniClass.21.Number_INSTANCE, Classification.OmniClass.22.Description_INSTANCE, Classification.OmniClass.22.Number_INSTANCE, Classification.OmniClass.23.Description_INSTANCE, Classification.OmniClass.23.Number_INSTANCE, Classification.UniFormat.2010.Description, Classification.UniFormat.2010.Number, Comments, DUCT NUMBER, Description BOM Suffix, Duct Number
INFO | Candidate: NWB_WBS00 | Scope=instance | Storage=String | ReadOnly=False | Shared=True | Id=9214738
INFO | Candidate: NWB_WBS01 | Scope=instance | Storage=String | ReadOnly=False | Shared=True | Id=9214798
INFO | Candidate: NWB_WBS02 | Scope=instance | Storage=String | ReadOnly=False | Shared=True | Id=9214786
INFO | Candidate: NWB_WBS03 | Scope=instance | Storage=String | ReadOnly=False | Shared=True | Id=9214750
INFO | Candidate: NWB_WBS04 | Scope=instance | Storage=String | ReadOnly=False | Shared=True | Id=9214762
INFO | Candidate: NWB_WBS05 | Scope=instance | Storage=String | ReadOnly=False | Shared=True | Id=9214810
INFO | Writing INSTANCE parameter 'NWB_WBS05' on element 13770484
INFO | Element 13770484 | NWB_WBS05 | Kind=Shared Parameter | Scope=instance | Storage=String | Old='SP' | New='SI5'
INFO | Candidate: NWB_WBSCode | Scope=instance | Storage=String | ReadOnly=False | Shared=True | Id=9214774
INFO | Writing INSTANCE parameter 'NWB_WBSCode' on element 13770484
INFO | Element 13770484 | NWB_WBSCode | Kind=Shared Parameter | Scope=instance | Storage=String | Old='WBH-HO-09-Z00-ME-SP' | New='WBH-HO-09-Z00-ME-SI5'
SOURCE | Element 13770484 | Cat=Ducts | Family=Rectangular Duct | Type= | Level=LEVEL 09 | System=Supply Air | LinkedRoomLink= | LinkedRoomNumber= | LinkedRoomName= | LinkedRoomDept= | LinkedRoomBuilding= | LinkedRoomSite= | LinkedRoomSource= | ResolvedDept= | ResolvedBuilding= | ResolvedSite= | DisciplineHint=mechanical | AssetCandidates=ducts, ductwork | WBS00=WBH | WBS01=HO | WBS03=Z00 | DesignPkg=NWB-GEN-ME-SCM-1091-A | BuildingPermitPkg=WBH - BP09
WARN | Element 13770484 | Department unresolved | ExistingNWBDepartment= | ExistingWBS00=WBH | ExistingWBS01=HO | ExistingDiscipline=ME
ELEMENT | 13770484 | Cat=Ducts | AssetScore=45 | AssetTypeCode=MDUC | AssetType=Ductwork | AssetCategory=Ductwork | Targets=NWB_AssetTypeCode=MDUC; NWB_AssetType=Ductwork; NWB_Discipline=ME; NWB_Category=Ductwork; NWB_Department=; NWB_Material=; NWB_System=Supply Air; NWB_UniclassCode=Pr_65_65_25; NWB_UniclassDescription=Ductwork and fittings; NWB_DesignPkg=NWB-GEN-ME-SCM-1091-A; NWB_BuildingPermitPkg=WBH - BP09; NWB_WBS00=WBH; NWB_WBS01=HO; NWB_WBS02=09; NWB_WBS03=Z00; NWB_WBS04=ME; NWB_WBS05=SI5; NWB_WBSCode=WBH-HO-09-Z00-ME-SI5
INFO | Candidate: NWB_AssetTypeCode | Scope=instance | Storage=String | ReadOnly=False | Shared=True | Id=3045149
INFO | Candidate: NWB_AssetTypeCode | Scope=instance | Storage=String | ReadOnly=False | Shared=True | Id=7626182
INFO | Found 2 parameters named NWB_AssetTypeCode
INFO | SELECTED | Shared Parameter | Scope=instance | ReadOnly=False | Id=3045149
INFO | SELECTED | Shared Parameter | Scope=instance | ReadOnly=False | Id=7626182
INFO | Writing INSTANCE parameter 'NWB_AssetTypeCode' on element 13770491
INFO | Element 13770491 | NWB_AssetTypeCode | Kind=Shared Parameter | Scope=instance | Storage=String | Old='' | New='MDUC'
INFO | Writing INSTANCE parameter 'NWB_AssetTypeCode' on element 13770491
INFO | Element 13770491 | NWB_AssetTypeCode | Kind=Shared Parameter | Scope=instance | Storage=String | Old='' | New='MDUC'
INFO | Candidate: NWB_AssetType | Scope=instance | Storage=String | ReadOnly=False | Shared=True | Id=3045150
INFO | Candidate: NWB_AssetType | Scope=instance | Storage=String | ReadOnly=False | Shared=True | Id=7626181
INFO | Found 2 parameters named NWB_AssetType
INFO | SELECTED | Shared Parameter | Scope=instance | ReadOnly=False | Id=3045150
INFO | SELECTED | Shared Parameter | Scope=instance | ReadOnly=False | Id=7626181
INFO | Writing INSTANCE parameter 'NWB_AssetType' on element 13770491
INFO | Element 13770491 | NWB_AssetType | Kind=Shared Parameter | Scope=instance | Storage=String | Old='' | New='Ductwork'
INFO | Writing INSTANCE parameter 'NWB_AssetType' on element 13770491
INFO | Element 13770491 | NWB_AssetType | Kind=Shared Parameter | Scope=instance | Storage=String | Old='' | New='Ductwork'
INFO | Candidate: NWB_Discipline | Scope=instance | Storage=String | ReadOnly=False | Shared=True | Id=3045151
INFO | Candidate: NWB_Discipline | Scope=instance | Storage=String | ReadOnly=False | Shared=True | Id=7626159
INFO | Found 2 parameters named NWB_Discipline
INFO | SELECTED | Shared Parameter | Scope=instance | ReadOnly=False | Id=3045151
INFO | SELECTED | Shared Parameter | Scope=instance | ReadOnly=False | Id=7626159
INFO | Writing INSTANCE parameter 'NWB_Discipline' on element 13770491
INFO | Element 13770491 | NWB_Discipline | Kind=Shared Parameter | Scope=instance | Storage=String | Old='Mechanical' | New='ME'
INFO | Writing INSTANCE parameter 'NWB_Discipline' on element 13770491
INFO | Element 13770491 | NWB_Discipline | Kind=Shared Parameter | Scope=instance | Storage=String | Old='Mechanical' | New='ME'
INFO | Candidate: NWB_Category | Scope=instance | Storage=String | ReadOnly=False | Shared=True | Id=3045152
INFO | Candidate: NWB_Category | Scope=instance | Storage=String | ReadOnly=False | Shared=True | Id=7626160
INFO | Found 2 parameters named NWB_Category
INFO | SELECTED | Shared Parameter | Scope=instance | ReadOnly=False | Id=3045152
INFO | SELECTED | Shared Parameter | Scope=instance | ReadOnly=False | Id=7626160
INFO | Writing INSTANCE parameter 'NWB_Category' on element 13770491
INFO | Element 13770491 | NWB_Category | Kind=Shared Parameter | Scope=instance | Storage=String | Old='' | New='Ductwork'
INFO | Writing INSTANCE parameter 'NWB_Category' on element 13770491
INFO | Element 13770491 | NWB_Category | Kind=Shared Parameter | Scope=instance | Storage=String | Old='' | New='Ductwork'
INFO | Candidate: NWB_System | Scope=instance | Storage=String | ReadOnly=False | Shared=True | Id=3045155
INFO | Candidate: NWB_System | Scope=instance | Storage=String | ReadOnly=False | Shared=True | Id=7626163
INFO | Found 2 parameters named NWB_System
INFO | SELECTED | Shared Parameter | Scope=instance | ReadOnly=False | Id=3045155
INFO | SELECTED | Shared Parameter | Scope=instance | ReadOnly=False | Id=7626163
INFO | Writing INSTANCE parameter 'NWB_System' on element 13770491
INFO | Element 13770491 | NWB_System | Kind=Shared Parameter | Scope=instance | Storage=String | Old='' | New='Supply Air'
INFO | Candidate: NWB_UniclassCode | Scope=instance | Storage=String | ReadOnly=False | Shared=True | Id=3045156
INFO | Candidate: NWB_UniclassCode | Scope=instance | Storage=String | ReadOnly=False | Shared=True | Id=7626165
INFO | Found 2 parameters named NWB_UniclassCode
INFO | SELECTED | Shared Parameter | Scope=instance | ReadOnly=False | Id=3045156
INFO | SELECTED | Shared Parameter | Scope=instance | ReadOnly=False | Id=7626165
INFO | Writing INSTANCE parameter 'NWB_UniclassCode' on element 13770491
INFO | Element 13770491 | NWB_UniclassCode | Kind=Shared Parameter | Scope=instance | Storage=String | Old='' | New='Pr_65_65_25'
INFO | Writing INSTANCE parameter 'NWB_UniclassCode' on element 13770491
INFO | Element 13770491 | NWB_UniclassCode | Kind=Shared Parameter | Scope=instance | Storage=String | Old='' | New='Pr_65_65_25'
INFO | Candidate: NWB_UniclassDescription | Scope=instance | Storage=String | ReadOnly=False | Shared=True | Id=3045157
INFO | Candidate: NWB_UniclassDescription | Scope=instance | Storage=String | ReadOnly=False | Shared=True | Id=7626166
INFO | Found 2 parameters named NWB_UniclassDescription
INFO | SELECTED | Shared Parameter | Scope=instance | ReadOnly=False | Id=3045157
INFO | SELECTED | Shared Parameter | Scope=instance | ReadOnly=False | Id=7626166
INFO | Writing INSTANCE parameter 'NWB_UniclassDescription' on element 13770491
INFO | Element 13770491 | NWB_UniclassDescription | Kind=Shared Parameter | Scope=instance | Storage=String | Old='' | New='Ductwork and fittings'
INFO | Writing INSTANCE parameter 'NWB_UniclassDescription' on element 13770491
INFO | Element 13770491 | NWB_UniclassDescription | Kind=Shared Parameter | Scope=instance | Storage=String | Old='' | New='Ductwork and fittings'
INFO | Candidate: NWB_DesignPkg | Scope=instance | Storage=String | ReadOnly=False | Shared=True | Id=3045158
INFO | Candidate: NWB_DesignPkg | Scope=instance | Storage=String | ReadOnly=False | Shared=True | Id=7626167
INFO | Found 2 parameters named NWB_DesignPkg
INFO | SELECTED | Shared Parameter | Scope=instance | ReadOnly=False | Id=3045158
INFO | SELECTED | Shared Parameter | Scope=instance | ReadOnly=False | Id=7626167
INFO | Writing INSTANCE parameter 'NWB_DesignPkg' on element 13770491
INFO | Element 13770491 | NWB_DesignPkg | Kind=Shared Parameter | Scope=instance | Storage=String | Old='' | New='NWB-GEN-ME-SCM-1091-A'
INFO | Writing INSTANCE parameter 'NWB_DesignPkg' on element 13770491
INFO | Element 13770491 | NWB_DesignPkg | Kind=Shared Parameter | Scope=instance | Storage=String | Old='' | New='NWB-GEN-ME-SCM-1091-A'
ERROR | Element 13770491 | Category=Duct Fittings | Family= | Parameter=NWB_BuildingPermitPkg | Reason=missing | Writable sample: AHU, AHU_AreaServed, AHU_Serves, AHU_Type, AHU_ZoneNumber, Building_No, COMPLETE Y/N, Classification.OmniClass.21.Description_INSTANCE, Classification.OmniClass.21.Number_INSTANCE, Classification.OmniClass.22.Description_INSTANCE, Classification.OmniClass.22.Number_INSTANCE, Classification.OmniClass.23.Description_INSTANCE, Classification.OmniClass.23.Number_INSTANCE, Classification.UniFormat.2010.Description, Classification.UniFormat.2010.Number, Comments, Description BOM Suffix, Duct Height, Duct Width, Ductwork Insulation - Lining
INFO | Candidate: NWB_WBS00 | Scope=instance | Storage=String | ReadOnly=False | Shared=True | Id=9214738
INFO | Candidate: NWB_WBS01 | Scope=instance | Storage=String | ReadOnly=False | Shared=True | Id=9214798
INFO | Candidate: NWB_WBS02 | Scope=instance | Storage=String | ReadOnly=False | Shared=True | Id=9214786
INFO | Candidate: NWB_WBS03 | Scope=instance | Storage=String | ReadOnly=False | Shared=True | Id=9214750
INFO | Candidate: NWB_WBS04 | Scope=instance | Storage=String | ReadOnly=False | Shared=True | Id=9214762
INFO | Candidate: NWB_WBS05 | Scope=instance | Storage=String | ReadOnly=False | Shared=True | Id=9214810
INFO | Candidate: NWB_WBSCode | Scope=instance | Storage=String | ReadOnly=False | Shared=True | Id=9214774
SOURCE | Element 13770491 | Cat=Duct Fittings | Family=MHT-ME-DF-Rectangular Short Radius Bend - Flanged | Type= | Level=LEVEL 09 | System=Supply Air | LinkedRoomLink= | LinkedRoomNumber= | LinkedRoomName= | LinkedRoomDept= | LinkedRoomBuilding= | LinkedRoomSite= | LinkedRoomSource= | ResolvedDept= | ResolvedBuilding= | ResolvedSite= | DisciplineHint=mechanical | AssetCandidates=duct fittings, ductwork | WBS00=WBH | WBS01=HO | WBS03=Z00 | DesignPkg=NWB-GEN-ME-SCM-1091-A | BuildingPermitPkg=WBH - BP09
WARN | Element 13770491 | Department unresolved | ExistingNWBDepartment= | ExistingWBS00=WBH | ExistingWBS01=HO | ExistingDiscipline=Mechanical
ELEMENT | 13770491 | Cat=Duct Fittings | AssetScore=45 | AssetTypeCode=MDUC | AssetType=Ductwork | AssetCategory=Ductwork | Targets=NWB_AssetTypeCode=MDUC; NWB_AssetType=Ductwork; NWB_Discipline=ME; NWB_Category=Ductwork; NWB_Department=; NWB_Material=; NWB_System=Supply Air; NWB_UniclassCode=Pr_65_65_25; NWB_UniclassDescription=Ductwork and fittings; NWB_DesignPkg=NWB-GEN-ME-SCM-1091-A; NWB_BuildingPermitPkg=WBH - BP09; NWB_WBS00=WBH; NWB_WBS01=HO; NWB_WBS02=09; NWB_WBS03=Z00; NWB_WBS04=ME; NWB_WBS05=SI5; NWB_WBSCode=WBH-HO-09-Z00-ME-SI5
INFO | Candidate: NWB_AssetTypeCode | Scope=instance | Storage=String | ReadOnly=False | Shared=True | Id=7626182
INFO | Writing INSTANCE parameter 'NWB_AssetTypeCode' on element 13773200
INFO | Element 13773200 | NWB_AssetTypeCode | Kind=Shared Parameter | Scope=instance | Storage=String | Old='' | New='MDUC'
INFO | Candidate: NWB_AssetType | Scope=instance | Storage=String | ReadOnly=False | Shared=True | Id=7626181
INFO | Writing INSTANCE parameter 'NWB_AssetType' on element 13773200
INFO | Element 13773200 | NWB_AssetType | Kind=Shared Parameter | Scope=instance | Storage=String | Old='' | New='Ductwork'
INFO | Candidate: NWB_Discipline | Scope=instance | Storage=String | ReadOnly=False | Shared=True | Id=7626159
INFO | Writing INSTANCE parameter 'NWB_Discipline' on element 13773200
INFO | Element 13773200 | NWB_Discipline | Kind=Shared Parameter | Scope=instance | Storage=String | Old='Mechanical' | New='ME'
INFO | Candidate: NWB_Category | Scope=instance | Storage=String | ReadOnly=False | Shared=True | Id=7626160
INFO | Writing INSTANCE parameter 'NWB_Category' on element 13773200
INFO | Element 13773200 | NWB_Category | Kind=Shared Parameter | Scope=instance | Storage=String | Old='' | New='Ductwork'
INFO | Candidate: NWB_System | Scope=instance | Storage=String | ReadOnly=False | Shared=True | Id=7626163
INFO | Candidate: NWB_UniclassCode | Scope=instance | Storage=String | ReadOnly=False | Shared=True | Id=7626165
INFO | Writing INSTANCE parameter 'NWB_UniclassCode' on element 13773200
INFO | Element 13773200 | NWB_UniclassCode | Kind=Shared Parameter | Scope=instance | Storage=String | Old='' | New='Pr_65_65_25'
INFO | Candidate: NWB_UniclassDescription | Scope=instance | Storage=String | ReadOnly=False | Shared=True | Id=7626166
INFO | Writing INSTANCE parameter 'NWB_UniclassDescription' on element 13773200
INFO | Element 13773200 | NWB_UniclassDescription | Kind=Shared Parameter | Scope=instance | Storage=String | Old='' | New='Ductwork and fittings'
INFO | Candidate: NWB_DesignPkg | Scope=instance | Storage=String | ReadOnly=False | Shared=True | Id=7626167
INFO | Writing INSTANCE parameter 'NWB_DesignPkg' on element 13773200
INFO | Element 13773200 | NWB_DesignPkg | Kind=Shared Parameter | Scope=instance | Storage=String | Old='' | New='NWB-GEN-ME-SCM-1091-A'
ERROR | Element 13773200 | Category=Duct Fittings | Family= | Parameter=NWB_BuildingPermitPkg | Reason=missing | Writable sample: AHU, AHU_AreaServed, AHU_Serves, AHU_Type, AHU_ZoneNumber, Angle, Building_No, COMPLETE Y/N, Classification.OmniClass.21.Description_INSTANCE, Classification.OmniClass.21.Number_INSTANCE, Classification.OmniClass.22.Description_INSTANCE, Classification.OmniClass.22.Number_INSTANCE, Classification.OmniClass.23.Description_INSTANCE, Classification.OmniClass.23.Number_INSTANCE, Classification.UniFormat.2010.Description, Classification.UniFormat.2010.Number, Comments, Description BOM Suffix, Ductwork Insulation - Lining, Elevation from Level
INFO | Candidate: NWB_WBS00 | Scope=instance | Storage=String | ReadOnly=False | Shared=True | Id=9214738
INFO | Candidate: NWB_WBS01 | Scope=instance | Storage=String | ReadOnly=False | Shared=True | Id=9214798
INFO | Candidate: NWB_WBS02 | Scope=instance | Storage=String | ReadOnly=False | Shared=True | Id=9214786
INFO | Candidate: NWB_WBS03 | Scope=instance | Storage=String | ReadOnly=False | Shared=True | Id=9214750
INFO | Candidate: NWB_WBS04 | Scope=instance | Storage=String | ReadOnly=False | Shared=True | Id=9214762
INFO | Candidate: NWB_WBS05 | Scope=instance | Storage=String | ReadOnly=False | Shared=True | Id=9214810
INFO | Candidate: NWB_WBSCode | Scope=instance | Storage=String | ReadOnly=False | Shared=True | Id=9214774
SOURCE | Element 13773200 | Cat=Duct Fittings | Family=MHT-ME-DF-BRANCH-TAP-01 | Type= | Level=LEVEL 09 | System=Supply Air | LinkedRoomLink= | LinkedRoomNumber= | LinkedRoomName= | LinkedRoomDept= | LinkedRoomBuilding= | LinkedRoomSite= | LinkedRoomSource= | ResolvedDept= | ResolvedBuilding= | ResolvedSite= | DisciplineHint=mechanical | AssetCandidates=duct fittings, ductwork | WBS00=WBH | WBS01=HO | WBS03=Z00 | DesignPkg=NWB-GEN-ME-SCM-1091-A | BuildingPermitPkg=WBH - BP09
WARN | Element 13773200 | Department unresolved | ExistingNWBDepartment= | ExistingWBS00=WBH | ExistingWBS01=HO | ExistingDiscipline=Mechanical
ELEMENT | 13773200 | Cat=Duct Fittings | AssetScore=45 | AssetTypeCode=MDUC | AssetType=Ductwork | AssetCategory=Ductwork | Targets=NWB_AssetTypeCode=MDUC; NWB_AssetType=Ductwork; NWB_Discipline=ME; NWB_Category=Ductwork; NWB_Department=; NWB_Material=; NWB_System=Supply Air; NWB_UniclassCode=Pr_65_65_25; NWB_UniclassDescription=Ductwork and fittings; NWB_DesignPkg=NWB-GEN-ME-SCM-1091-A; NWB_BuildingPermitPkg=WBH - BP09; NWB_WBS00=WBH; NWB_WBS01=HO; NWB_WBS02=09; NWB_WBS03=Z00; NWB_WBS04=ME; NWB_WBS05=SI5; NWB_WBSCode=WBH-HO-09-Z00-ME-SI5
INFO | Candidate: NWB_AssetTypeCode | Scope=instance | Storage=String | ReadOnly=False | Shared=True | Id=3045149
INFO | Candidate: NWB_AssetTypeCode | Scope=instance | Storage=String | ReadOnly=False | Shared=True | Id=7626182
INFO | Found 2 parameters named NWB_AssetTypeCode
INFO | SELECTED | Shared Parameter | Scope=instance | ReadOnly=False | Id=3045149
INFO | SELECTED | Shared Parameter | Scope=instance | ReadOnly=False | Id=7626182
INFO | Writing INSTANCE parameter 'NWB_AssetTypeCode' on element 13773202
INFO | Element 13773202 | NWB_AssetTypeCode | Kind=Shared Parameter | Scope=instance | Storage=String | Old='' | New='MDUC'
INFO | Writing INSTANCE parameter 'NWB_AssetTypeCode' on element 13773202
INFO | Element 13773202 | NWB_AssetTypeCode | Kind=Shared Parameter | Scope=instance | Storage=String | Old='' | New='MDUC'
INFO | Candidate: NWB_AssetType | Scope=instance | Storage=String | ReadOnly=False | Shared=True | Id=3045150
INFO | Candidate: NWB_AssetType | Scope=instance | Storage=String | ReadOnly=False | Shared=True | Id=7626181
INFO | Found 2 parameters named NWB_AssetType
INFO | SELECTED | Shared Parameter | Scope=instance | ReadOnly=False | Id=3045150
INFO | SELECTED | Shared Parameter | Scope=instance | ReadOnly=False | Id=7626181
INFO | Writing INSTANCE parameter 'NWB_AssetType' on element 13773202
INFO | Element 13773202 | NWB_AssetType | Kind=Shared Parameter | Scope=instance | Storage=String | Old='' | New='Ductwork'
INFO | Writing INSTANCE parameter 'NWB_AssetType' on element 13773202
INFO | Element 13773202 | NWB_AssetType | Kind=Shared Parameter | Scope=instance | Storage=String | Old='' | New='Ductwork'
INFO | Candidate: NWB_Discipline | Scope=instance | Storage=String | ReadOnly=False | Shared=True | Id=3045151
INFO | Candidate: NWB_Discipline | Scope=instance | Storage=String | ReadOnly=False | Shared=True | Id=7626159
INFO | Found 2 parameters named NWB_Discipline
INFO | SELECTED | Shared Parameter | Scope=instance | ReadOnly=False | Id=3045151
INFO | SELECTED | Shared Parameter | Scope=instance | ReadOnly=False | Id=7626159
INFO | Writing INSTANCE parameter 'NWB_Discipline' on element 13773202
INFO | Element 13773202 | NWB_Discipline | Kind=Shared Parameter | Scope=instance | Storage=String | Old='Mechanical' | New='ME'
INFO | Writing INSTANCE parameter 'NWB_Discipline' on element 13773202
INFO | Element 13773202 | NWB_Discipline | Kind=Shared Parameter | Scope=instance | Storage=String | Old='Mechanical' | New='ME'
INFO | Candidate: NWB_Category | Scope=instance | Storage=String | ReadOnly=False | Shared=True | Id=3045152
INFO | Candidate: NWB_Category | Scope=instance | Storage=String | ReadOnly=False | Shared=True | Id=7626160
INFO | Found 2 parameters named NWB_Category
INFO | SELECTED | Shared Parameter | Scope=instance | ReadOnly=False | Id=3045152
INFO | SELECTED | Shared Parameter | Scope=instance | ReadOnly=False | Id=7626160
INFO | Writing INSTANCE parameter 'NWB_Category' on element 13773202
INFO | Element 13773202 | NWB_Category | Kind=Shared Parameter | Scope=instance | Storage=String | Old='' | New='Ductwork'
INFO | Writing INSTANCE parameter 'NWB_Category' on element 13773202
INFO | Element 13773202 | NWB_Category | Kind=Shared Parameter | Scope=instance | Storage=String | Old='' | New='Ductwork'
INFO | Candidate: NWB_System | Scope=instance | Storage=String | ReadOnly=False | Shared=True | Id=3045155
INFO | Candidate: NWB_System | Scope=instance | Storage=String | ReadOnly=False | Shared=True | Id=7626163
INFO | Found 2 parameters named NWB_System
INFO | SELECTED | Shared Parameter | Scope=instance | ReadOnly=False | Id=3045155
INFO | SELECTED | Shared Parameter | Scope=instance | ReadOnly=False | Id=7626163
INFO | Writing INSTANCE parameter 'NWB_System' on element 13773202
INFO | Element 13773202 | NWB_System | Kind=Shared Parameter | Scope=instance | Storage=String | Old='' | New='Supply Air'
INFO | Candidate: NWB_UniclassCode | Scope=instance | Storage=String | ReadOnly=False | Shared=True | Id=3045156
INFO | Candidate: NWB_UniclassCode | Scope=instance | Storage=String | ReadOnly=False | Shared=True | Id=7626165
INFO | Found 2 parameters named NWB_UniclassCode
INFO | SELECTED | Shared Parameter | Scope=instance | ReadOnly=False | Id=3045156
INFO | SELECTED | Shared Parameter | Scope=instance | ReadOnly=False | Id=7626165
INFO | Writing INSTANCE parameter 'NWB_UniclassCode' on element 13773202
INFO | Element 13773202 | NWB_UniclassCode | Kind=Shared Parameter | Scope=instance | Storage=String | Old='' | New='Pr_65_65_25'
INFO | Writing INSTANCE parameter 'NWB_UniclassCode' on element 13773202
INFO | Element 13773202 | NWB_UniclassCode | Kind=Shared Parameter | Scope=instance | Storage=String | Old='' | New='Pr_65_65_25'
INFO | Candidate: NWB_UniclassDescription | Scope=instance | Storage=String | ReadOnly=False | Shared=True | Id=3045157
INFO | Candidate: NWB_UniclassDescription | Scope=instance | Storage=String | ReadOnly=False | Shared=True | Id=7626166
INFO | Found 2 parameters named NWB_UniclassDescription
INFO | SELECTED | Shared Parameter | Scope=instance | ReadOnly=False | Id=3045157
INFO | SELECTED | Shared Parameter | Scope=instance | ReadOnly=False | Id=7626166
INFO | Writing INSTANCE parameter 'NWB_UniclassDescription' on element 13773202
INFO | Element 13773202 | NWB_UniclassDescription | Kind=Shared Parameter | Scope=instance | Storage=String | Old='' | New='Ductwork and fittings'
INFO | Writing INSTANCE parameter 'NWB_UniclassDescription' on element 13773202
INFO | Element 13773202 | NWB_UniclassDescription | Kind=Shared Parameter | Scope=instance | Storage=String | Old='' | New='Ductwork and fittings'
INFO | Candidate: NWB_DesignPkg | Scope=instance | Storage=String | ReadOnly=False | Shared=True | Id=3045158
INFO | Candidate: NWB_DesignPkg | Scope=instance | Storage=String | ReadOnly=False | Shared=True | Id=7626167
INFO | Found 2 parameters named NWB_DesignPkg
INFO | SELECTED | Shared Parameter | Scope=instance | ReadOnly=False | Id=3045158
INFO | SELECTED | Shared Parameter | Scope=instance | ReadOnly=False | Id=7626167
INFO | Writing INSTANCE parameter 'NWB_DesignPkg' on element 13773202
INFO | Element 13773202 | NWB_DesignPkg | Kind=Shared Parameter | Scope=instance | Storage=String | Old='' | New='NWB-GEN-ME-SCM-1091-A'
INFO | Writing INSTANCE parameter 'NWB_DesignPkg' on element 13773202
INFO | Element 13773202 | NWB_DesignPkg | Kind=Shared Parameter | Scope=instance | Storage=String | Old='' | New='NWB-GEN-ME-SCM-1091-A'
ERROR | Element 13773202 | Category=Duct Fittings | Family= | Parameter=NWB_BuildingPermitPkg | Reason=missing | Writable sample: AHU, AHU_AreaServed, AHU_Serves, AHU_Type, AHU_ZoneNumber, Building_No, COMPLETE Y/N, Classification.OmniClass.21.Description_INSTANCE, Classification.OmniClass.21.Number_INSTANCE, Classification.OmniClass.22.Description_INSTANCE, Classification.OmniClass.22.Number_INSTANCE, Classification.OmniClass.23.Description_INSTANCE, Classification.OmniClass.23.Number_INSTANCE, Classification.UniFormat.2010.Description, Classification.UniFormat.2010.Number, Comments, Description BOM Suffix, Duct Height, Duct Width, Ductwork Insulation - Lining
INFO | Candidate: NWB_WBS00 | Scope=instance | Storage=String | ReadOnly=False | Shared=True | Id=9214738
INFO | Candidate: NWB_WBS01 | Scope=instance | Storage=String | ReadOnly=False | Shared=True | Id=9214798
INFO | Candidate: NWB_WBS02 | Scope=instance | Storage=String | ReadOnly=False | Shared=True | Id=9214786
INFO | Candidate: NWB_WBS03 | Scope=instance | Storage=String | ReadOnly=False | Shared=True | Id=9214750
INFO | Candidate: NWB_WBS04 | Scope=instance | Storage=String | ReadOnly=False | Shared=True | Id=9214762
INFO | Candidate: NWB_WBS05 | Scope=instance | Storage=String | ReadOnly=False | Shared=True | Id=9214810
INFO | Candidate: NWB_WBSCode | Scope=instance | Storage=String | ReadOnly=False | Shared=True | Id=9214774
SOURCE | Element 13773202 | Cat=Duct Fittings | Family=MHT-ME-DF-Rectangular Short Radius Bend - Flanged | Type= | Level=LEVEL 09 | System=Supply Air | LinkedRoomLink= | LinkedRoomNumber= | LinkedRoomName= | LinkedRoomDept= | LinkedRoomBuilding= | LinkedRoomSite= | LinkedRoomSource= | ResolvedDept= | ResolvedBuilding= | ResolvedSite= | DisciplineHint=mechanical | AssetCandidates=duct fittings, ductwork | WBS00=WBH | WBS01=HO | WBS03=Z00 | DesignPkg=NWB-GEN-ME-SCM-1091-A | BuildingPermitPkg=WBH - BP09
WARN | Element 13773202 | Department unresolved | ExistingNWBDepartment= | ExistingWBS00=WBH | ExistingWBS01=HO | ExistingDiscipline=Mechanical
ELEMENT | 13773202 | Cat=Duct Fittings | AssetScore=45 | AssetTypeCode=MDUC | AssetType=Ductwork | AssetCategory=Ductwork | Targets=NWB_AssetTypeCode=MDUC; NWB_AssetType=Ductwork; NWB_Discipline=ME; NWB_Category=Ductwork; NWB_Department=; NWB_Material=; NWB_System=Supply Air; NWB_UniclassCode=Pr_65_65_25; NWB_UniclassDescription=Ductwork and fittings; NWB_DesignPkg=NWB-GEN-ME-SCM-1091-A; NWB_BuildingPermitPkg=WBH - BP09; NWB_WBS00=WBH; NWB_WBS01=HO; NWB_WBS02=09; NWB_WBS03=Z00; NWB_WBS04=ME; NWB_WBS05=SI5; NWB_WBSCode=WBH-HO-09-Z00-ME-SI5
INFO | Candidate: NWB_AssetTypeCode | Scope=instance | Storage=String | ReadOnly=False | Shared=True | Id=3045149
INFO | Candidate: NWB_AssetTypeCode | Scope=instance | Storage=String | ReadOnly=False | Shared=True | Id=7626182
INFO | Found 2 parameters named NWB_AssetTypeCode
INFO | SELECTED | Shared Parameter | Scope=instance | ReadOnly=False | Id=3045149
INFO | SELECTED | Shared Parameter | Scope=instance | ReadOnly=False | Id=7626182
INFO | Writing INSTANCE parameter 'NWB_AssetTypeCode' on element 13773204
INFO | Element 13773204 | NWB_AssetTypeCode | Kind=Shared Parameter | Scope=instance | Storage=String | Old='' | New='MDUC'
INFO | Writing INSTANCE parameter 'NWB_AssetTypeCode' on element 13773204
INFO | Element 13773204 | NWB_AssetTypeCode | Kind=Shared Parameter | Scope=instance | Storage=String | Old='' | New='MDUC'
INFO | Candidate: NWB_AssetType | Scope=instance | Storage=String | ReadOnly=False | Shared=True | Id=3045150
INFO | Candidate: NWB_AssetType | Scope=instance | Storage=String | ReadOnly=False | Shared=True | Id=7626181
INFO | Found 2 parameters named NWB_AssetType
INFO | SELECTED | Shared Parameter | Scope=instance | ReadOnly=False | Id=3045150
INFO | SELECTED | Shared Parameter | Scope=instance | ReadOnly=False | Id=7626181
INFO | Writing INSTANCE parameter 'NWB_AssetType' on element 13773204
INFO | Element 13773204 | NWB_AssetType | Kind=Shared Parameter | Scope=instance | Storage=String | Old='' | New='Ductwork'
INFO | Writing INSTANCE parameter 'NWB_AssetType' on element 13773204
INFO | Element 13773204 | NWB_AssetType | Kind=Shared Parameter | Scope=instance | Storage=String | Old='' | New='Ductwork'
INFO | Candidate: NWB_Discipline | Scope=instance | Storage=String | ReadOnly=False | Shared=True | Id=3045151
INFO | Candidate: NWB_Discipline | Scope=instance | Storage=String | ReadOnly=False | Shared=True | Id=7626159
INFO | Found 2 parameters named NWB_Discipline
INFO | SELECTED | Shared Parameter | Scope=instance | ReadOnly=False | Id=3045151
INFO | SELECTED | Shared Parameter | Scope=instance | ReadOnly=False | Id=7626159
INFO | Writing INSTANCE parameter 'NWB_Discipline' on element 13773204
INFO | Element 13773204 | NWB_Discipline | Kind=Shared Parameter | Scope=instance | Storage=String | Old='Mechanical' | New='ME'
INFO | Writing INSTANCE parameter 'NWB_Discipline' on element 13773204
INFO | Element 13773204 | NWB_Discipline | Kind=Shared Parameter | Scope=instance | Storage=String | Old='Mechanical' | New='ME'
INFO | Candidate: NWB_Category | Scope=instance | Storage=String | ReadOnly=False | Shared=True | Id=3045152
INFO | Candidate: NWB_Category | Scope=instance | Storage=String | ReadOnly=False | Shared=True | Id=7626160
INFO | Found 2 parameters named NWB_Category
INFO | SELECTED | Shared Parameter | Scope=instance | ReadOnly=False | Id=3045152
INFO | SELECTED | Shared Parameter | Scope=instance | ReadOnly=False | Id=7626160
INFO | Writing INSTANCE parameter 'NWB_Category' on element 13773204
INFO | Element 13773204 | NWB_Category | Kind=Shared Parameter | Scope=instance | Storage=String | Old='' | New='Ductwork'
INFO | Writing INSTANCE parameter 'NWB_Category' on element 13773204
INFO | Element 13773204 | NWB_Category | Kind=Shared Parameter | Scope=instance | Storage=String | Old='' | New='Ductwork'
INFO | Candidate: NWB_System | Scope=instance | Storage=String | ReadOnly=False | Shared=True | Id=3045155
INFO | Candidate: NWB_System | Scope=instance | Storage=String | ReadOnly=False | Shared=True | Id=7626163
INFO | Found 2 parameters named NWB_System
INFO | SELECTED | Shared Parameter | Scope=instance | ReadOnly=False | Id=3045155
INFO | SELECTED | Shared Parameter | Scope=instance | ReadOnly=False | Id=7626163
INFO | Writing INSTANCE parameter 'NWB_System' on element 13773204
INFO | Element 13773204 | NWB_System | Kind=Shared Parameter | Scope=instance | Storage=String | Old='' | New='Supply Air'
INFO | Candidate: NWB_UniclassCode | Scope=instance | Storage=String | ReadOnly=False | Shared=True | Id=3045156
INFO | Candidate: NWB_UniclassCode | Scope=instance | Storage=String | ReadOnly=False | Shared=True | Id=7626165
INFO | Found 2 parameters named NWB_UniclassCode
INFO | SELECTED | Shared Parameter | Scope=instance | ReadOnly=False | Id=3045156
INFO | SELECTED | Shared Parameter | Scope=instance | ReadOnly=False | Id=7626165
INFO | Writing INSTANCE parameter 'NWB_UniclassCode' on element 13773204
INFO | Element 13773204 | NWB_UniclassCode | Kind=Shared Parameter | Scope=instance | Storage=String | Old='' | New='Pr_65_65_25'
INFO | Writing INSTANCE parameter 'NWB_UniclassCode' on element 13773204
INFO | Element 13773204 | NWB_UniclassCode | Kind=Shared Parameter | Scope=instance | Storage=String | Old='' | New='Pr_65_65_25'
INFO | Candidate: NWB_UniclassDescription | Scope=instance | Storage=String | ReadOnly=False | Shared=True | Id=3045157
INFO | Candidate: NWB_UniclassDescription | Scope=instance | Storage=String | ReadOnly=False | Shared=True | Id=7626166
INFO | Found 2 parameters named NWB_UniclassDescription
INFO | SELECTED | Shared Parameter | Scope=instance | ReadOnly=False | Id=3045157
INFO | SELECTED | Shared Parameter | Scope=instance | ReadOnly=False | Id=7626166
INFO | Writing INSTANCE parameter 'NWB_UniclassDescription' on element 13773204
INFO | Element 13773204 | NWB_UniclassDescription | Kind=Shared Parameter | Scope=instance | Storage=String | Old='' | New='Ductwork and fittings'
INFO | Writing INSTANCE parameter 'NWB_UniclassDescription' on element 13773204
INFO | Element 13773204 | NWB_UniclassDescription | Kind=Shared Parameter | Scope=instance | Storage=String | Old='' | New='Ductwork and fittings'
INFO | Candidate: NWB_DesignPkg | Scope=instance | Storage=String | ReadOnly=False | Shared=True | Id=3045158
INFO | Candidate: NWB_DesignPkg | Scope=instance | Storage=String | ReadOnly=False | Shared=True | Id=7626167
INFO | Found 2 parameters named NWB_DesignPkg
INFO | SELECTED | Shared Parameter | Scope=instance | ReadOnly=False | Id=3045158
INFO | SELECTED | Shared Parameter | Scope=instance | ReadOnly=False | Id=7626167
INFO | Writing INSTANCE parameter 'NWB_DesignPkg' on element 13773204
INFO | Element 13773204 | NWB_DesignPkg | Kind=Shared Parameter | Scope=instance | Storage=String | Old='' | New='NWB-GEN-ME-SCM-1091-A'
INFO | Writing INSTANCE parameter 'NWB_DesignPkg' on element 13773204
INFO | Element 13773204 | NWB_DesignPkg | Kind=Shared Parameter | Scope=instance | Storage=String | Old='' | New='NWB-GEN-ME-SCM-1091-A'
ERROR | Element 13773204 | Category=Duct Fittings | Family= | Parameter=NWB_BuildingPermitPkg | Reason=missing | Writable sample: AHU, AHU_AreaServed, AHU_Serves, AHU_Type, AHU_ZoneNumber, Building_No, COMPLETE Y/N, Classification.OmniClass.21.Description_INSTANCE, Classification.OmniClass.21.Number_INSTANCE, Classification.OmniClass.22.Description_INSTANCE, Classification.OmniClass.22.Number_INSTANCE, Classification.OmniClass.23.Description_INSTANCE, Classification.OmniClass.23.Number_INSTANCE, Classification.UniFormat.2010.Description, Classification.UniFormat.2010.Number, Comments, Description BOM Suffix, Duct Height, Duct Width, Ductwork Insulation - Lining
INFO | Candidate: NWB_WBS00 | Scope=instance | Storage=String | ReadOnly=False | Shared=True | Id=9214738
INFO | Candidate: NWB_WBS01 | Scope=instance | Storage=String | ReadOnly=False | Shared=True | Id=9214798
INFO | Candidate: NWB_WBS02 | Scope=instance | Storage=String | ReadOnly=False | Shared=True | Id=9214786
INFO | Candidate: NWB_WBS03 | Scope=instance | Storage=String | ReadOnly=False | Shared=True | Id=9214750
INFO | Candidate: NWB_WBS04 | Scope=instance | Storage=String | ReadOnly=False | Shared=True | Id=9214762
INFO | Candidate: NWB_WBS05 | Scope=instance | Storage=String | ReadOnly=False | Shared=True | Id=9214810
INFO | Candidate: NWB_WBSCode | Scope=instance | Storage=String | ReadOnly=False | Shared=True | Id=9214774
SOURCE | Element 13773204 | Cat=Duct Fittings | Family=MHT-ME-DF-Rectangular Short Radius Bend - Flanged | Type= | Level=LEVEL 09 | System=Supply Air | LinkedRoomLink= | LinkedRoomNumber= | LinkedRoomName= | LinkedRoomDept= | LinkedRoomBuilding= | LinkedRoomSite= | LinkedRoomSource= | ResolvedDept= | ResolvedBuilding= | ResolvedSite= | DisciplineHint=mechanical | AssetCandidates=duct fittings, ductwork | WBS00=WBH | WBS01=HO | WBS03=Z00 | DesignPkg=NWB-GEN-ME-SCM-1091-A | BuildingPermitPkg=WBH - BP09
WARN | Element 13773204 | Department unresolved | ExistingNWBDepartment= | ExistingWBS00=WBH | ExistingWBS01=HO | ExistingDiscipline=Mechanical
ELEMENT | 13773204 | Cat=Duct Fittings | AssetScore=45 | AssetTypeCode=MDUC | AssetType=Ductwork | AssetCategory=Ductwork | Targets=NWB_AssetTypeCode=MDUC; NWB_AssetType=Ductwork; NWB_Discipline=ME; NWB_Category=Ductwork; NWB_Department=; NWB_Material=; NWB_System=Supply Air; NWB_UniclassCode=Pr_65_65_25; NWB_UniclassDescription=Ductwork and fittings; NWB_DesignPkg=NWB-GEN-ME-SCM-1091-A; NWB_BuildingPermitPkg=WBH - BP09; NWB_WBS00=WBH; NWB_WBS01=HO; NWB_WBS02=09; NWB_WBS03=Z00; NWB_WBS04=ME; NWB_WBS05=SI5; NWB_WBSCode=WBH-HO-09-Z00-ME-SI5
INFO | Candidate: NWB_AssetTypeCode | Scope=instance | Storage=String | ReadOnly=False | Shared=True | Id=7626182
INFO | Candidate: NWB_AssetType | Scope=instance | Storage=String | ReadOnly=False | Shared=True | Id=7626181
INFO | Candidate: NWB_Discipline | Scope=instance | Storage=String | ReadOnly=False | Shared=True | Id=7626159
INFO | Candidate: NWB_Category | Scope=instance | Storage=String | ReadOnly=False | Shared=True | Id=7626160
INFO | Candidate: NWB_System | Scope=instance | Storage=String | ReadOnly=False | Shared=True | Id=7626163
INFO | Candidate: NWB_UniclassCode | Scope=instance | Storage=String | ReadOnly=False | Shared=True | Id=7626165
INFO | Candidate: NWB_UniclassDescription | Scope=instance | Storage=String | ReadOnly=False | Shared=True | Id=7626166
INFO | Candidate: NWB_DesignPkg | Scope=instance | Storage=String | ReadOnly=False | Shared=True | Id=7626167
ERROR | Element 13773206 | Category=Ducts | Family= | Parameter=NWB_BuildingPermitPkg | Reason=missing | Writable sample: AHU, AHU_AreaServed, AHU_Serves, AHU_Type, AHU_ZoneNumber, Additional Flow, Building_No, COMPLETE Y/N, Classification.OmniClass.21.Description_INSTANCE, Classification.OmniClass.21.Number_INSTANCE, Classification.OmniClass.22.Description_INSTANCE, Classification.OmniClass.22.Number_INSTANCE, Classification.OmniClass.23.Description_INSTANCE, Classification.OmniClass.23.Number_INSTANCE, Classification.UniFormat.2010.Description, Classification.UniFormat.2010.Number, Comments, DUCT NUMBER, Description BOM Suffix, Duct Number
INFO | Candidate: NWB_WBS00 | Scope=instance | Storage=String | ReadOnly=False | Shared=True | Id=9214738
INFO | Candidate: NWB_WBS01 | Scope=instance | Storage=String | ReadOnly=False | Shared=True | Id=9214798
INFO | Candidate: NWB_WBS02 | Scope=instance | Storage=String | ReadOnly=False | Shared=True | Id=9214786
INFO | Candidate: NWB_WBS03 | Scope=instance | Storage=String | ReadOnly=False | Shared=True | Id=9214750
INFO | Candidate: NWB_WBS04 | Scope=instance | Storage=String | ReadOnly=False | Shared=True | Id=9214762
INFO | Candidate: NWB_WBS05 | Scope=instance | Storage=String | ReadOnly=False | Shared=True | Id=9214810
INFO | Writing INSTANCE parameter 'NWB_WBS05' on element 13773206
INFO | Element 13773206 | NWB_WBS05 | Kind=Shared Parameter | Scope=instance | Storage=String | Old='SP' | New='SI5'
INFO | Candidate: NWB_WBSCode | Scope=instance | Storage=String | ReadOnly=False | Shared=True | Id=9214774
INFO | Writing INSTANCE parameter 'NWB_WBSCode' on element 13773206
INFO | Element 13773206 | NWB_WBSCode | Kind=Shared Parameter | Scope=instance | Storage=String | Old='WBH-HO-09-Z00-ME-SP' | New='WBH-HO-09-Z00-ME-SI5'
SOURCE | Element 13773206 | Cat=Ducts | Family=Rectangular Duct | Type= | Level=LEVEL 09 | System=Supply Air | LinkedRoomLink= | LinkedRoomNumber= | LinkedRoomName= | LinkedRoomDept= | LinkedRoomBuilding= | LinkedRoomSite= | LinkedRoomSource= | ResolvedDept= | ResolvedBuilding= | ResolvedSite= | DisciplineHint=mechanical | AssetCandidates=ducts, ductwork | WBS00=WBH | WBS01=HO | WBS03=Z00 | DesignPkg=NWB-GEN-ME-SCM-1091-A | BuildingPermitPkg=WBH - BP09
WARN | Element 13773206 | Department unresolved | ExistingNWBDepartment= | ExistingWBS00=WBH | ExistingWBS01=HO | ExistingDiscipline=ME
ELEMENT | 13773206 | Cat=Ducts | AssetScore=45 | AssetTypeCode=MDUC | AssetType=Ductwork | AssetCategory=Ductwork | Targets=NWB_AssetTypeCode=MDUC; NWB_AssetType=Ductwork; NWB_Discipline=ME; NWB_Category=Ductwork; NWB_Department=; NWB_Material=; NWB_System=Supply Air; NWB_UniclassCode=Pr_65_65_25; NWB_UniclassDescription=Ductwork and fittings; NWB_DesignPkg=NWB-GEN-ME-SCM-1091-A; NWB_BuildingPermitPkg=WBH - BP09; NWB_WBS00=WBH; NWB_WBS01=HO; NWB_WBS02=09; NWB_WBS03=Z00; NWB_WBS04=ME; NWB_WBS05=SI5; NWB_WBSCode=WBH-HO-09-Z00-ME-SI5
INFO | Candidate: NWB_AssetTypeCode | Scope=instance | Storage=String | ReadOnly=False | Shared=True | Id=7626182
INFO | Candidate: NWB_AssetType | Scope=instance | Storage=String | ReadOnly=False | Shared=True | Id=7626181
INFO | Candidate: NWB_Discipline | Scope=instance | Storage=String | ReadOnly=False | Shared=True | Id=7626159
INFO | Candidate: NWB_Category | Scope=instance | Storage=String | ReadOnly=False | Shared=True | Id=7626160
INFO | Candidate: NWB_System | Scope=instance | Storage=String | ReadOnly=False | Shared=True | Id=7626163
INFO | Candidate: NWB_UniclassCode | Scope=instance | Storage=String | ReadOnly=False | Shared=True | Id=7626165
INFO | Candidate: NWB_UniclassDescription | Scope=instance | Storage=String | ReadOnly=False | Shared=True | Id=7626166
INFO | Candidate: NWB_DesignPkg | Scope=instance | Storage=String | ReadOnly=False | Shared=True | Id=7626167
ERROR | Element 13773211 | Category=Ducts | Family= | Parameter=NWB_BuildingPermitPkg | Reason=missing | Writable sample: AHU, AHU_AreaServed, AHU_Serves, AHU_Type, AHU_ZoneNumber, Additional Flow, Building_No, COMPLETE Y/N, Classification.OmniClass.21.Description_INSTANCE, Classification.OmniClass.21.Number_INSTANCE, Classification.OmniClass.22.Description_INSTANCE, Classification.OmniClass.22.Number_INSTANCE, Classification.OmniClass.23.Description_INSTANCE, Classification.OmniClass.23.Number_INSTANCE, Classification.UniFormat.2010.Description, Classification.UniFormat.2010.Number, Comments, DUCT NUMBER, Description BOM Suffix, Duct Number
INFO | Candidate: NWB_WBS00 | Scope=instance | Storage=String | ReadOnly=False | Shared=True | Id=9214738
INFO | Candidate: NWB_WBS01 | Scope=instance | Storage=String | ReadOnly=False | Shared=True | Id=9214798
INFO | Candidate: NWB_WBS02 | Scope=instance | Storage=String | ReadOnly=False | Shared=True | Id=9214786
INFO | Candidate: NWB_WBS03 | Scope=instance | Storage=String | ReadOnly=False | Shared=True | Id=9214750
INFO | Candidate: NWB_WBS04 | Scope=instance | Storage=String | ReadOnly=False | Shared=True | Id=9214762
INFO | Candidate: NWB_WBS05 | Scope=instance | Storage=String | ReadOnly=False | Shared=True | Id=9214810
INFO | Writing INSTANCE parameter 'NWB_WBS05' on element 13773211
INFO | Element 13773211 | NWB_WBS05 | Kind=Shared Parameter | Scope=instance | Storage=String | Old='SP' | New='SI5'
INFO | Candidate: NWB_WBSCode | Scope=instance | Storage=String | ReadOnly=False | Shared=True | Id=9214774
INFO | Writing INSTANCE parameter 'NWB_WBSCode' on element 13773211
INFO | Element 13773211 | NWB_WBSCode | Kind=Shared Parameter | Scope=instance | Storage=String | Old='WBH-HO-09-Z00-ME-SP' | New='WBH-HO-09-Z00-ME-SI5'
SOURCE | Element 13773211 | Cat=Ducts | Family=Rectangular Duct | Type= | Level=LEVEL 09 | System=Supply Air | LinkedRoomLink= | LinkedRoomNumber= | LinkedRoomName= | LinkedRoomDept= | LinkedRoomBuilding= | LinkedRoomSite= | LinkedRoomSource= | ResolvedDept= | ResolvedBuilding= | ResolvedSite= | DisciplineHint=mechanical | AssetCandidates=ducts, ductwork | WBS00=WBH | WBS01=HO | WBS03=Z00 | DesignPkg=NWB-GEN-ME-SCM-1091-A | BuildingPermitPkg=WBH - BP09
WARN | Element 13773211 | Department unresolved | ExistingNWBDepartment= | ExistingWBS00=WBH | ExistingWBS01=HO | ExistingDiscipline=ME
ELEMENT | 13773211 | Cat=Ducts | AssetScore=45 | AssetTypeCode=MDUC | AssetType=Ductwork | AssetCategory=Ductwork | Targets=NWB_AssetTypeCode=MDUC; NWB_AssetType=Ductwork; NWB_Discipline=ME; NWB_Category=Ductwork; NWB_Department=; NWB_Material=; NWB_System=Supply Air; NWB_UniclassCode=Pr_65_65_25; NWB_UniclassDescription=Ductwork and fittings; NWB_DesignPkg=NWB-GEN-ME-SCM-1091-A; NWB_BuildingPermitPkg=WBH - BP09; NWB_WBS00=WBH; NWB_WBS01=HO; NWB_WBS02=09; NWB_WBS03=Z00; NWB_WBS04=ME; NWB_WBS05=SI5; NWB_WBSCode=WBH-HO-09-Z00-ME-SI5
INFO | Candidate: NWB_AssetTypeCode | Scope=instance | Storage=String | ReadOnly=False | Shared=True | Id=3045149
INFO | Candidate: NWB_AssetTypeCode | Scope=instance | Storage=String | ReadOnly=False | Shared=True | Id=7626182
INFO | Found 2 parameters named NWB_AssetTypeCode
INFO | SELECTED | Shared Parameter | Scope=instance | ReadOnly=False | Id=3045149
INFO | SELECTED | Shared Parameter | Scope=instance | ReadOnly=False | Id=7626182
INFO | Writing INSTANCE parameter 'NWB_AssetTypeCode' on element 13773213
INFO | Element 13773213 | NWB_AssetTypeCode | Kind=Shared Parameter | Scope=instance | Storage=String | Old='' | New='MDUC'
INFO | Writing INSTANCE parameter 'NWB_AssetTypeCode' on element 13773213
INFO | Element 13773213 | NWB_AssetTypeCode | Kind=Shared Parameter | Scope=instance | Storage=String | Old='' | New='MDUC'
INFO | Candidate: NWB_AssetType | Scope=instance | Storage=String | ReadOnly=False | Shared=True | Id=3045150
INFO | Candidate: NWB_AssetType | Scope=instance | Storage=String | ReadOnly=False | Shared=True | Id=7626181
INFO | Found 2 parameters named NWB_AssetType
INFO | SELECTED | Shared Parameter | Scope=instance | ReadOnly=False | Id=3045150
INFO | SELECTED | Shared Parameter | Scope=instance | ReadOnly=False | Id=7626181
INFO | Writing INSTANCE parameter 'NWB_AssetType' on element 13773213
INFO | Element 13773213 | NWB_AssetType | Kind=Shared Parameter | Scope=instance | Storage=String | Old='' | New='Ductwork'
INFO | Writing INSTANCE parameter 'NWB_AssetType' on element 13773213
INFO | Element 13773213 | NWB_AssetType | Kind=Shared Parameter | Scope=instance | Storage=String | Old='' | New='Ductwork'
INFO | Candidate: NWB_Discipline | Scope=instance | Storage=String | ReadOnly=False | Shared=True | Id=3045151
INFO | Candidate: NWB_Discipline | Scope=instance | Storage=String | ReadOnly=False | Shared=True | Id=7626159
INFO | Found 2 parameters named NWB_Discipline
INFO | SELECTED | Shared Parameter | Scope=instance | ReadOnly=False | Id=3045151
INFO | SELECTED | Shared Parameter | Scope=instance | ReadOnly=False | Id=7626159
INFO | Writing INSTANCE parameter 'NWB_Discipline' on element 13773213
INFO | Element 13773213 | NWB_Discipline | Kind=Shared Parameter | Scope=instance | Storage=String | Old='Mechanical' | New='ME'
INFO | Writing INSTANCE parameter 'NWB_Discipline' on element 13773213
INFO | Element 13773213 | NWB_Discipline | Kind=Shared Parameter | Scope=instance | Storage=String | Old='Mechanical' | New='ME'
INFO | Candidate: NWB_Category | Scope=instance | Storage=String | ReadOnly=False | Shared=True | Id=3045152
INFO | Candidate: NWB_Category | Scope=instance | Storage=String | ReadOnly=False | Shared=True | Id=7626160
INFO | Found 2 parameters named NWB_Category
INFO | SELECTED | Shared Parameter | Scope=instance | ReadOnly=False | Id=3045152
INFO | SELECTED | Shared Parameter | Scope=instance | ReadOnly=False | Id=7626160
INFO | Writing INSTANCE parameter 'NWB_Category' on element 13773213
INFO | Element 13773213 | NWB_Category | Kind=Shared Parameter | Scope=instance | Storage=String | Old='' | New='Ductwork'
INFO | Writing INSTANCE parameter 'NWB_Category' on element 13773213
INFO | Element 13773213 | NWB_Category | Kind=Shared Parameter | Scope=instance | Storage=String | Old='' | New='Ductwork'
INFO | Candidate: NWB_System | Scope=instance | Storage=String | ReadOnly=False | Shared=True | Id=3045155
INFO | Candidate: NWB_System | Scope=instance | Storage=String | ReadOnly=False | Shared=True | Id=7626163
INFO | Found 2 parameters named NWB_System
INFO | SELECTED | Shared Parameter | Scope=instance | ReadOnly=False | Id=3045155
INFO | SELECTED | Shared Parameter | Scope=instance | ReadOnly=False | Id=7626163
INFO | Writing INSTANCE parameter 'NWB_System' on element 13773213
INFO | Element 13773213 | NWB_System | Kind=Shared Parameter | Scope=instance | Storage=String | Old='' | New='Supply Air'
INFO | Candidate: NWB_UniclassCode | Scope=instance | Storage=String | ReadOnly=False | Shared=True | Id=3045156
INFO | Candidate: NWB_UniclassCode | Scope=instance | Storage=String | ReadOnly=False | Shared=True | Id=7626165
INFO | Found 2 parameters named NWB_UniclassCode
INFO | SELECTED | Shared Parameter | Scope=instance | ReadOnly=False | Id=3045156
INFO | SELECTED | Shared Parameter | Scope=instance | ReadOnly=False | Id=7626165
INFO | Writing INSTANCE parameter 'NWB_UniclassCode' on element 13773213
INFO | Element 13773213 | NWB_UniclassCode | Kind=Shared Parameter | Scope=instance | Storage=String | Old='' | New='Pr_65_65_25'
INFO | Writing INSTANCE parameter 'NWB_UniclassCode' on element 13773213
INFO | Element 13773213 | NWB_UniclassCode | Kind=Shared Parameter | Scope=instance | Storage=String | Old='' | New='Pr_65_65_25'
INFO | Candidate: NWB_UniclassDescription | Scope=instance | Storage=String | ReadOnly=False | Shared=True | Id=3045157
INFO | Candidate: NWB_UniclassDescription | Scope=instance | Storage=String | ReadOnly=False | Shared=True | Id=7626166
INFO | Found 2 parameters named NWB_UniclassDescription
INFO | SELECTED | Shared Parameter | Scope=instance | ReadOnly=False | Id=3045157
INFO | SELECTED | Shared Parameter | Scope=instance | ReadOnly=False | Id=7626166
INFO | Writing INSTANCE parameter 'NWB_UniclassDescription' on element 13773213
INFO | Element 13773213 | NWB_UniclassDescription | Kind=Shared Parameter | Scope=instance | Storage=String | Old='' | New='Ductwork and fittings'
INFO | Writing INSTANCE parameter 'NWB_UniclassDescription' on element 13773213
INFO | Element 13773213 | NWB_UniclassDescription | Kind=Shared Parameter | Scope=instance | Storage=String | Old='' | New='Ductwork and fittings'
INFO | Candidate: NWB_DesignPkg | Scope=instance | Storage=String | ReadOnly=False | Shared=True | Id=3045158
INFO | Candidate: NWB_DesignPkg | Scope=instance | Storage=String | ReadOnly=False | Shared=True | Id=7626167
INFO | Found 2 parameters named NWB_DesignPkg
INFO | SELECTED | Shared Parameter | Scope=instance | ReadOnly=False | Id=3045158
INFO | SELECTED | Shared Parameter | Scope=instance | ReadOnly=False | Id=7626167
INFO | Writing INSTANCE parameter 'NWB_DesignPkg' on element 13773213
INFO | Element 13773213 | NWB_DesignPkg | Kind=Shared Parameter | Scope=instance | Storage=String | Old='' | New='NWB-GEN-ME-SCM-1091-A'
INFO | Writing INSTANCE parameter 'NWB_DesignPkg' on element 13773213
INFO | Element 13773213 | NWB_DesignPkg | Kind=Shared Parameter | Scope=instance | Storage=String | Old='' | New='NWB-GEN-ME-SCM-1091-A'
ERROR | Element 13773213 | Category=Duct Fittings | Family= | Parameter=NWB_BuildingPermitPkg | Reason=missing | Writable sample: AHU, AHU_AreaServed, AHU_Serves, AHU_Type, AHU_ZoneNumber, Building_No, COMPLETE Y/N, Classification.OmniClass.21.Description_INSTANCE, Classification.OmniClass.21.Number_INSTANCE, Classification.OmniClass.22.Description_INSTANCE, Classification.OmniClass.22.Number_INSTANCE, Classification.OmniClass.23.Description_INSTANCE, Classification.OmniClass.23.Number_INSTANCE, Classification.UniFormat.2010.Description, Classification.UniFormat.2010.Number, Comments, Description BOM Suffix, Duct Height, Duct Width, Ductwork Insulation - Lining
INFO | Candidate: NWB_WBS00 | Scope=instance | Storage=String | ReadOnly=False | Shared=True | Id=9214738
INFO | Candidate: NWB_WBS01 | Scope=instance | Storage=String | ReadOnly=False | Shared=True | Id=9214798
INFO | Candidate: NWB_WBS02 | Scope=instance | Storage=String | ReadOnly=False | Shared=True | Id=9214786
INFO | Candidate: NWB_WBS03 | Scope=instance | Storage=String | ReadOnly=False | Shared=True | Id=9214750
INFO | Candidate: NWB_WBS04 | Scope=instance | Storage=String | ReadOnly=False | Shared=True | Id=9214762
INFO | Candidate: NWB_WBS05 | Scope=instance | Storage=String | ReadOnly=False | Shared=True | Id=9214810
INFO | Candidate: NWB_WBSCode | Scope=instance | Storage=String | ReadOnly=False | Shared=True | Id=9214774
SOURCE | Element 13773213 | Cat=Duct Fittings | Family=MHT-ME-DF-Rectangular Short Radius Bend - Flanged | Type= | Level=LEVEL 09 | System=Supply Air | LinkedRoomLink= | LinkedRoomNumber= | LinkedRoomName= | LinkedRoomDept= | LinkedRoomBuilding= | LinkedRoomSite= | LinkedRoomSource= | ResolvedDept= | ResolvedBuilding= | ResolvedSite= | DisciplineHint=mechanical | AssetCandidates=duct fittings, ductwork | WBS00=WBH | WBS01=HO | WBS03=Z00 | DesignPkg=NWB-GEN-ME-SCM-1091-A | BuildingPermitPkg=WBH - BP09
WARN | Element 13773213 | Department unresolved | ExistingNWBDepartment= | ExistingWBS00=WBH | ExistingWBS01=HO | ExistingDiscipline=Mechanical
ELEMENT | 13773213 | Cat=Duct Fittings | AssetScore=45 | AssetTypeCode=MDUC | AssetType=Ductwork | AssetCategory=Ductwork | Targets=NWB_AssetTypeCode=MDUC; NWB_AssetType=Ductwork; NWB_Discipline=ME; NWB_Category=Ductwork; NWB_Department=; NWB_Material=; NWB_System=Supply Air; NWB_UniclassCode=Pr_65_65_25; NWB_UniclassDescription=Ductwork and fittings; NWB_DesignPkg=NWB-GEN-ME-SCM-1091-A; NWB_BuildingPermitPkg=WBH - BP09; NWB_WBS00=WBH; NWB_WBS01=HO; NWB_WBS02=09; NWB_WBS03=Z00; NWB_WBS04=ME; NWB_WBS05=SI5; NWB_WBSCode=WBH-HO-09-Z00-ME-SI5
INFO | Candidate: NWB_AssetTypeCode | Scope=instance | Storage=String | ReadOnly=False | Shared=True | Id=3045149
INFO | Candidate: NWB_AssetTypeCode | Scope=instance | Storage=String | ReadOnly=False | Shared=True | Id=7626182
INFO | Found 2 parameters named NWB_AssetTypeCode
INFO | SELECTED | Shared Parameter | Scope=instance | ReadOnly=False | Id=3045149
INFO | SELECTED | Shared Parameter | Scope=instance | ReadOnly=False | Id=7626182
INFO | Writing INSTANCE parameter 'NWB_AssetTypeCode' on element 13773216
INFO | Element 13773216 | NWB_AssetTypeCode | Kind=Shared Parameter | Scope=instance | Storage=String | Old='' | New='MDUC'
INFO | Writing INSTANCE parameter 'NWB_AssetTypeCode' on element 13773216
INFO | Element 13773216 | NWB_AssetTypeCode | Kind=Shared Parameter | Scope=instance | Storage=String | Old='' | New='MDUC'
INFO | Candidate: NWB_AssetType | Scope=instance | Storage=String | ReadOnly=False | Shared=True | Id=3045150
INFO | Candidate: NWB_AssetType | Scope=instance | Storage=String | ReadOnly=False | Shared=True | Id=7626181
INFO | Found 2 parameters named NWB_AssetType
INFO | SELECTED | Shared Parameter | Scope=instance | ReadOnly=False | Id=3045150
INFO | SELECTED | Shared Parameter | Scope=instance | ReadOnly=False | Id=7626181
INFO | Writing INSTANCE parameter 'NWB_AssetType' on element 13773216
INFO | Element 13773216 | NWB_AssetType | Kind=Shared Parameter | Scope=instance | Storage=String | Old='' | New='Ductwork'
INFO | Writing INSTANCE parameter 'NWB_AssetType' on element 13773216
INFO | Element 13773216 | NWB_AssetType | Kind=Shared Parameter | Scope=instance | Storage=String | Old='' | New='Ductwork'
INFO | Candidate: NWB_Discipline | Scope=instance | Storage=String | ReadOnly=False | Shared=True | Id=3045151
INFO | Candidate: NWB_Discipline | Scope=instance | Storage=String | ReadOnly=False | Shared=True | Id=7626159
INFO | Found 2 parameters named NWB_Discipline
INFO | SELECTED | Shared Parameter | Scope=instance | ReadOnly=False | Id=3045151
INFO | SELECTED | Shared Parameter | Scope=instance | ReadOnly=False | Id=7626159
INFO | Writing INSTANCE parameter 'NWB_Discipline' on element 13773216
INFO | Element 13773216 | NWB_Discipline | Kind=Shared Parameter | Scope=instance | Storage=String | Old='Mechanical' | New='ME'
INFO | Writing INSTANCE parameter 'NWB_Discipline' on element 13773216
INFO | Element 13773216 | NWB_Discipline | Kind=Shared Parameter | Scope=instance | Storage=String | Old='Mechanical' | New='ME'
INFO | Candidate: NWB_Category | Scope=instance | Storage=String | ReadOnly=False | Shared=True | Id=3045152
INFO | Candidate: NWB_Category | Scope=instance | Storage=String | ReadOnly=False | Shared=True | Id=7626160
INFO | Found 2 parameters named NWB_Category
INFO | SELECTED | Shared Parameter | Scope=instance | ReadOnly=False | Id=3045152
INFO | SELECTED | Shared Parameter | Scope=instance | ReadOnly=False | Id=7626160
INFO | Writing INSTANCE parameter 'NWB_Category' on element 13773216
INFO | Element 13773216 | NWB_Category | Kind=Shared Parameter | Scope=instance | Storage=String | Old='' | New='Ductwork'
INFO | Writing INSTANCE parameter 'NWB_Category' on element 13773216
INFO | Element 13773216 | NWB_Category | Kind=Shared Parameter | Scope=instance | Storage=String | Old='' | New='Ductwork'
INFO | Candidate: NWB_System | Scope=instance | Storage=String | ReadOnly=False | Shared=True | Id=3045155
INFO | Candidate: NWB_System | Scope=instance | Storage=String | ReadOnly=False | Shared=True | Id=7626163
INFO | Found 2 parameters named NWB_System
INFO | SELECTED | Shared Parameter | Scope=instance | ReadOnly=False | Id=3045155
INFO | SELECTED | Shared Parameter | Scope=instance | ReadOnly=False | Id=7626163
INFO | Writing INSTANCE parameter 'NWB_System' on element 13773216
INFO | Element 13773216 | NWB_System | Kind=Shared Parameter | Scope=instance | Storage=String | Old='' | New='Supply Air'
INFO | Candidate: NWB_UniclassCode | Scope=instance | Storage=String | ReadOnly=False | Shared=True | Id=3045156
INFO | Candidate: NWB_UniclassCode | Scope=instance | Storage=String | ReadOnly=False | Shared=True | Id=7626165
INFO | Found 2 parameters named NWB_UniclassCode
INFO | SELECTED | Shared Parameter | Scope=instance | ReadOnly=False | Id=3045156
INFO | SELECTED | Shared Parameter | Scope=instance | ReadOnly=False | Id=7626165
INFO | Writing INSTANCE parameter 'NWB_UniclassCode' on element 13773216
INFO | Element 13773216 | NWB_UniclassCode | Kind=Shared Parameter | Scope=instance | Storage=String | Old='' | New='Pr_65_65_25'
INFO | Writing INSTANCE parameter 'NWB_UniclassCode' on element 13773216
INFO | Element 13773216 | NWB_UniclassCode | Kind=Shared Parameter | Scope=instance | Storage=String | Old='' | New='Pr_65_65_25'
INFO | Candidate: NWB_UniclassDescription | Scope=instance | Storage=String | ReadOnly=False | Shared=True | Id=3045157
INFO | Candidate: NWB_UniclassDescription | Scope=instance | Storage=String | ReadOnly=False | Shared=True | Id=7626166
INFO | Found 2 parameters named NWB_UniclassDescription
INFO | SELECTED | Shared Parameter | Scope=instance | ReadOnly=False | Id=3045157
INFO | SELECTED | Shared Parameter | Scope=instance | ReadOnly=False | Id=7626166
INFO | Writing INSTANCE parameter 'NWB_UniclassDescription' on element 13773216
INFO | Element 13773216 | NWB_UniclassDescription | Kind=Shared Parameter | Scope=instance | Storage=String | Old='' | New='Ductwork and fittings'
INFO | Writing INSTANCE parameter 'NWB_UniclassDescription' on element 13773216
INFO | Element 13773216 | NWB_UniclassDescription | Kind=Shared Parameter | Scope=instance | Storage=String | Old='' | New='Ductwork and fittings'
INFO | Candidate: NWB_DesignPkg | Scope=instance | Storage=String | ReadOnly=False | Shared=True | Id=3045158
INFO | Candidate: NWB_DesignPkg | Scope=instance | Storage=String | ReadOnly=False | Shared=True | Id=7626167
INFO | Found 2 parameters named NWB_DesignPkg
INFO | SELECTED | Shared Parameter | Scope=instance | ReadOnly=False | Id=3045158
INFO | SELECTED | Shared Parameter | Scope=instance | ReadOnly=False | Id=7626167
INFO | Writing INSTANCE parameter 'NWB_DesignPkg' on element 13773216
INFO | Element 13773216 | NWB_DesignPkg | Kind=Shared Parameter | Scope=instance | Storage=String | Old='' | New='NWB-GEN-ME-SCM-1091-A'
INFO | Writing INSTANCE parameter 'NWB_DesignPkg' on element 13773216
INFO | Element 13773216 | NWB_DesignPkg | Kind=Shared Parameter | Scope=instance | Storage=String | Old='' | New='NWB-GEN-ME-SCM-1091-A'
ERROR | Element 13773216 | Category=Duct Fittings | Family= | Parameter=NWB_BuildingPermitPkg | Reason=missing | Writable sample: AHU, AHU_AreaServed, AHU_Serves, AHU_Type, AHU_ZoneNumber, Building_No, COMPLETE Y/N, Classification.OmniClass.21.Description_INSTANCE, Classification.OmniClass.21.Number_INSTANCE, Classification.OmniClass.22.Description_INSTANCE, Classification.OmniClass.22.Number_INSTANCE, Classification.OmniClass.23.Description_INSTANCE, Classification.OmniClass.23.Number_INSTANCE, Classification.UniFormat.2010.Description, Classification.UniFormat.2010.Number, Comments, Description BOM Suffix, Duct Height, Duct Width, Ductwork Insulation - Lining
INFO | Candidate: NWB_WBS00 | Scope=instance | Storage=String | ReadOnly=False | Shared=True | Id=9214738
INFO | Candidate: NWB_WBS01 | Scope=instance | Storage=String | ReadOnly=False | Shared=True | Id=9214798
INFO | Candidate: NWB_WBS02 | Scope=instance | Storage=String | ReadOnly=False | Shared=True | Id=9214786
INFO | Candidate: NWB_WBS03 | Scope=instance | Storage=String | ReadOnly=False | Shared=True | Id=9214750
INFO | Candidate: NWB_WBS04 | Scope=instance | Storage=String | ReadOnly=False | Shared=True | Id=9214762
INFO | Candidate: NWB_WBS05 | Scope=instance | Storage=String | ReadOnly=False | Shared=True | Id=9214810
INFO | Candidate: NWB_WBSCode | Scope=instance | Storage=String | ReadOnly=False | Shared=True | Id=9214774
SOURCE | Element 13773216 | Cat=Duct Fittings | Family=MHT-ME-DF-Rectangular Short Radius Bend - Flanged | Type= | Level=LEVEL 09 | System=Supply Air | LinkedRoomLink= | LinkedRoomNumber= | LinkedRoomName= | LinkedRoomDept= | LinkedRoomBuilding= | LinkedRoomSite= | LinkedRoomSource= | ResolvedDept= | ResolvedBuilding= | ResolvedSite= | DisciplineHint=mechanical | AssetCandidates=duct fittings, ductwork | WBS00=WBH | WBS01=HO | WBS03=Z00 | DesignPkg=NWB-GEN-ME-SCM-1091-A | BuildingPermitPkg=WBH - BP09
WARN | Element 13773216 | Department unresolved | ExistingNWBDepartment= | ExistingWBS00=WBH | ExistingWBS01=HO | ExistingDiscipline=Mechanical
ELEMENT | 13773216 | Cat=Duct Fittings | AssetScore=45 | AssetTypeCode=MDUC | AssetType=Ductwork | AssetCategory=Ductwork | Targets=NWB_AssetTypeCode=MDUC; NWB_AssetType=Ductwork; NWB_Discipline=ME; NWB_Category=Ductwork; NWB_Department=; NWB_Material=; NWB_System=Supply Air; NWB_UniclassCode=Pr_65_65_25; NWB_UniclassDescription=Ductwork and fittings; NWB_DesignPkg=NWB-GEN-ME-SCM-1091-A; NWB_BuildingPermitPkg=WBH - BP09; NWB_WBS00=WBH; NWB_WBS01=HO; NWB_WBS02=09; NWB_WBS03=Z00; NWB_WBS04=ME; NWB_WBS05=SI5; NWB_WBSCode=WBH-HO-09-Z00-ME-SI5
INFO | Candidate: NWB_AssetTypeCode | Scope=instance | Storage=String | ReadOnly=False | Shared=True | Id=7626182
INFO | Writing INSTANCE parameter 'NWB_AssetTypeCode' on element 14668084
INFO | Element 14668084 | NWB_AssetTypeCode | Kind=Shared Parameter | Scope=instance | Storage=String | Old='MRAG' | New='MAGS'
INFO | Candidate: NWB_AssetType | Scope=instance | Storage=String | ReadOnly=False | Shared=True | Id=7626181
INFO | Writing INSTANCE parameter 'NWB_AssetType' on element 14668084
INFO | Element 14668084 | NWB_AssetType | Kind=Shared Parameter | Scope=instance | Storage=String | Old='Return Air Grille' | New='Air Grilles'
INFO | Candidate: NWB_Discipline | Scope=instance | Storage=String | ReadOnly=False | Shared=True | Id=7626159
INFO | Writing INSTANCE parameter 'NWB_Discipline' on element 14668084
INFO | Element 14668084 | NWB_Discipline | Kind=Shared Parameter | Scope=instance | Storage=String | Old='Mechanical' | New='ME'
INFO | Candidate: NWB_Category | Scope=instance | Storage=String | ReadOnly=False | Shared=True | Id=7626160
INFO | Candidate: NWB_Department | Scope=instance | Storage=String | ReadOnly=False | Shared=True | Id=7626168
INFO | Writing INSTANCE parameter 'NWB_Department' on element 14668084
INFO | Element 14668084 | NWB_Department | Kind=Shared Parameter | Scope=instance | Storage=String | Old='' | New='High Dependency Unit'
INFO | Candidate: NWB_System | Scope=instance | Storage=String | ReadOnly=False | Shared=True | Id=7626163
INFO | Candidate: NWB_UniclassCode | Scope=instance | Storage=String | ReadOnly=False | Shared=True | Id=7626165
INFO | Candidate: NWB_UniclassDescription | Scope=instance | Storage=String | ReadOnly=False | Shared=True | Id=7626166
INFO | Writing INSTANCE parameter 'NWB_UniclassDescription' on element 14668084
INFO | Element 14668084 | NWB_UniclassDescription | Kind=Shared Parameter | Scope=instance | Storage=String | Old='Air Grills' | New='Air grilles'
INFO | Candidate: NWB_DesignPkg | Scope=instance | Storage=String | ReadOnly=False | Shared=True | Id=7626167
INFO | Writing INSTANCE parameter 'NWB_DesignPkg' on element 14668084
INFO | Element 14668084 | NWB_DesignPkg | Kind=Shared Parameter | Scope=instance | Storage=String | Old='' | New='NWB-GEN-ME-SCM-1091-A'
ERROR | Element 14668084 | Category=Air Terminals | Family= | Parameter=NWB_BuildingPermitPkg | Reason=missing | Writable sample: AHU_AreaServed, AHU_Serves, AHU_Type, AHU_ZoneNumber, AQ, Building_No, COMPLETE Y/N, Classification.UniFormat.2010.Description, Classification.UniFormat.2010.Number, Comments, Elevation from Level, Export to IFC, Export to IFC As, Family, Family and Type, Flow, IFC Predefined Type, IfcGUID, Image, Legend Description
INFO | Candidate: NWB_WBS00 | Scope=instance | Storage=String | ReadOnly=True | Shared=True | Id=9214738
ERROR | Element 14668084 | Category=Air Terminals | Family= | Parameter=NWB_WBS00 | Reason=readonly | Writable sample: AHU_AreaServed, AHU_Serves, AHU_Type, AHU_ZoneNumber, AQ, Building_No, COMPLETE Y/N, Classification.UniFormat.2010.Description, Classification.UniFormat.2010.Number, Comments, Elevation from Level, Export to IFC, Export to IFC As, Family, Family and Type, Flow, IFC Predefined Type, IfcGUID, Image, Legend Description
INFO | Candidate: NWB_WBS01 | Scope=instance | Storage=String | ReadOnly=True | Shared=True | Id=9214798
ERROR | Element 14668084 | Category=Air Terminals | Family= | Parameter=NWB_WBS01 | Reason=readonly | Writable sample: AHU_AreaServed, AHU_Serves, AHU_Type, AHU_ZoneNumber, AQ, Building_No, COMPLETE Y/N, Classification.UniFormat.2010.Description, Classification.UniFormat.2010.Number, Comments, Elevation from Level, Export to IFC, Export to IFC As, Family, Family and Type, Flow, IFC Predefined Type, IfcGUID, Image, Legend Description
INFO | Candidate: NWB_WBS02 | Scope=instance | Storage=String | ReadOnly=False | Shared=True | Id=9214786
INFO | Candidate: NWB_WBS03 | Scope=instance | Storage=String | ReadOnly=False | Shared=True | Id=9214750
INFO | Writing INSTANCE parameter 'NWB_WBS03' on element 14668084
INFO | Element 14668084 | NWB_WBS03 | Kind=Shared Parameter | Scope=instance | Storage=String | Old='' | New='HDU'
INFO | Candidate: NWB_WBS04 | Scope=instance | Storage=String | ReadOnly=True | Shared=True | Id=9214762
ERROR | Element 14668084 | Category=Air Terminals | Family= | Parameter=NWB_WBS04 | Reason=readonly | Writable sample: AHU_AreaServed, AHU_Serves, AHU_Type, AHU_ZoneNumber, AQ, Building_No, COMPLETE Y/N, Classification.UniFormat.2010.Description, Classification.UniFormat.2010.Number, Comments, Elevation from Level, Export to IFC, Export to IFC As, Family, Family and Type, Flow, IFC Predefined Type, IfcGUID, Image, Legend Description
INFO | Candidate: NWB_WBS05 | Scope=instance | Storage=String | ReadOnly=True | Shared=True | Id=9214810
ERROR | Element 14668084 | Category=Air Terminals | Family= | Parameter=NWB_WBS05 | Reason=readonly | Writable sample: AHU_AreaServed, AHU_Serves, AHU_Type, AHU_ZoneNumber, AQ, Building_No, COMPLETE Y/N, Classification.UniFormat.2010.Description, Classification.UniFormat.2010.Number, Comments, Elevation from Level, Export to IFC, Export to IFC As, Family, Family and Type, Flow, IFC Predefined Type, IfcGUID, Image, Legend Description
INFO | Candidate: NWB_WBSCode | Scope=instance | Storage=String | ReadOnly=False | Shared=True | Id=9214774
INFO | Writing INSTANCE parameter 'NWB_WBSCode' on element 14668084
INFO | Element 14668084 | NWB_WBSCode | Kind=Shared Parameter | Scope=instance | Storage=String | Old='' | New='WBH-HO-09-HDU-ME-SI5'
SOURCE | Element 14668084 | Cat=Air Terminals | Family=MHT_AT_RA ECG cw plenum | Type= | Level=LEVEL 09 | System=Return Air | LinkedRoomLink=NWB-ACD-WBH-MH-MOD-0001 | LinkedRoomNumber=HDU.09.130 | LinkedRoomName=Office, Telehealth/Focus | LinkedRoomDept=High Dependency Unit | LinkedRoomBuilding= | LinkedRoomSite= | LinkedRoomSource=self | ResolvedDept=High Dependency Unit | ResolvedBuilding= | ResolvedSite= | DisciplineHint=mechanical | AssetCandidates=air terminals, air terminal | WBS00=WBH | WBS01=HO | WBS03=HDU | DesignPkg=NWB-GEN-ME-SCM-1091-A | BuildingPermitPkg=WBH - BP09
ELEMENT | 14668084 | Cat=Air Terminals | AssetScore=36 | AssetTypeCode=MAGS | AssetType=Air Grilles | AssetCategory=Air Terminal | Targets=NWB_AssetTypeCode=MAGS; NWB_AssetType=Air Grilles; NWB_Discipline=ME; NWB_Category=Air Terminal; NWB_Department=High Dependency Unit; NWB_Material=; NWB_System=Return Air; NWB_UniclassCode=Pr_70_65_04_03; NWB_UniclassDescription=Air grilles; NWB_DesignPkg=NWB-GEN-ME-SCM-1091-A; NWB_BuildingPermitPkg=WBH - BP09; NWB_WBS00=WBH; NWB_WBS01=HO; NWB_WBS02=09; NWB_WBS03=HDU; NWB_WBS04=ME; NWB_WBS05=SI5; NWB_WBSCode=WBH-HO-09-HDU-ME-SI5
INFO | Candidate: NWB_AssetTypeCode | Scope=instance | Storage=String | ReadOnly=False | Shared=True | Id=7626182
INFO | Candidate: NWB_AssetType | Scope=instance | Storage=String | ReadOnly=False | Shared=True | Id=7626181
INFO | Writing INSTANCE parameter 'NWB_AssetType' on element 14685772
INFO | Element 14685772 | NWB_AssetType | Kind=Shared Parameter | Scope=instance | Storage=String | Old='Supply Air Grill' | New='Supply Air Grille'
INFO | Candidate: NWB_Discipline | Scope=instance | Storage=String | ReadOnly=False | Shared=True | Id=7626159
INFO | Writing INSTANCE parameter 'NWB_Discipline' on element 14685772
INFO | Element 14685772 | NWB_Discipline | Kind=Shared Parameter | Scope=instance | Storage=String | Old='Mechanical' | New='ME'
INFO | Candidate: NWB_Category | Scope=instance | Storage=String | ReadOnly=False | Shared=True | Id=7626160
INFO | Candidate: NWB_Department | Scope=instance | Storage=String | ReadOnly=False | Shared=True | Id=7626168
INFO | Writing INSTANCE parameter 'NWB_Department' on element 14685772
INFO | Element 14685772 | NWB_Department | Kind=Shared Parameter | Scope=instance | Storage=String | Old='' | New='High Dependency Unit'
INFO | Candidate: NWB_System | Scope=instance | Storage=String | ReadOnly=False | Shared=True | Id=7626163
INFO | Candidate: NWB_UniclassCode | Scope=instance | Storage=String | ReadOnly=False | Shared=True | Id=7626165
INFO | Candidate: NWB_UniclassDescription | Scope=instance | Storage=String | ReadOnly=False | Shared=True | Id=7626166
INFO | Writing INSTANCE parameter 'NWB_UniclassDescription' on element 14685772
INFO | Element 14685772 | NWB_UniclassDescription | Kind=Shared Parameter | Scope=instance | Storage=String | Old='' | New='Air grilles'
INFO | Candidate: NWB_DesignPkg | Scope=instance | Storage=String | ReadOnly=False | Shared=True | Id=7626167
INFO | Writing INSTANCE parameter 'NWB_DesignPkg' on element 14685772
INFO | Element 14685772 | NWB_DesignPkg | Kind=Shared Parameter | Scope=instance | Storage=String | Old='' | New='NWB-GEN-ME-SCM-1091-A'
ERROR | Element 14685772 | Category=Air Terminals | Family= | Parameter=NWB_BuildingPermitPkg | Reason=missing | Writable sample: AHU_AreaServed, AHU_Serves, AHU_Type, AHU_ZoneNumber, AQ, Building_No, COMPLETE Y/N, Classification.UniFormat.2010.Description, Classification.UniFormat.2010.Number, Comments, Export to IFC, Export to IFC As, Family, Family and Type, Flow, IFC Predefined Type, IfcGUID, Image, Legend Description, Location
INFO | Candidate: NWB_WBS00 | Scope=instance | Storage=String | ReadOnly=True | Shared=True | Id=9214738
ERROR | Element 14685772 | Category=Air Terminals | Family= | Parameter=NWB_WBS00 | Reason=readonly | Writable sample: AHU_AreaServed, AHU_Serves, AHU_Type, AHU_ZoneNumber, AQ, Building_No, COMPLETE Y/N, Classification.UniFormat.2010.Description, Classification.UniFormat.2010.Number, Comments, Export to IFC, Export to IFC As, Family, Family and Type, Flow, IFC Predefined Type, IfcGUID, Image, Legend Description, Location
INFO | Candidate: NWB_WBS01 | Scope=instance | Storage=String | ReadOnly=True | Shared=True | Id=9214798
ERROR | Element 14685772 | Category=Air Terminals | Family= | Parameter=NWB_WBS01 | Reason=readonly | Writable sample: AHU_AreaServed, AHU_Serves, AHU_Type, AHU_ZoneNumber, AQ, Building_No, COMPLETE Y/N, Classification.UniFormat.2010.Description, Classification.UniFormat.2010.Number, Comments, Export to IFC, Export to IFC As, Family, Family and Type, Flow, IFC Predefined Type, IfcGUID, Image, Legend Description, Location
INFO | Candidate: NWB_WBS02 | Scope=instance | Storage=String | ReadOnly=False | Shared=True | Id=9214786
INFO | Candidate: NWB_WBS03 | Scope=instance | Storage=String | ReadOnly=False | Shared=True | Id=9214750
INFO | Writing INSTANCE parameter 'NWB_WBS03' on element 14685772
INFO | Element 14685772 | NWB_WBS03 | Kind=Shared Parameter | Scope=instance | Storage=String | Old='IPG' | New='HDU'
INFO | Candidate: NWB_WBS04 | Scope=instance | Storage=String | ReadOnly=True | Shared=True | Id=9214762
ERROR | Element 14685772 | Category=Air Terminals | Family= | Parameter=NWB_WBS04 | Reason=readonly | Writable sample: AHU_AreaServed, AHU_Serves, AHU_Type, AHU_ZoneNumber, AQ, Building_No, COMPLETE Y/N, Classification.UniFormat.2010.Description, Classification.UniFormat.2010.Number, Comments, Export to IFC, Export to IFC As, Family, Family and Type, Flow, IFC Predefined Type, IfcGUID, Image, Legend Description, Location
INFO | Candidate: NWB_WBS05 | Scope=instance | Storage=String | ReadOnly=True | Shared=True | Id=9214810
ERROR | Element 14685772 | Category=Air Terminals | Family= | Parameter=NWB_WBS05 | Reason=readonly | Writable sample: AHU_AreaServed, AHU_Serves, AHU_Type, AHU_ZoneNumber, AQ, Building_No, COMPLETE Y/N, Classification.UniFormat.2010.Description, Classification.UniFormat.2010.Number, Comments, Export to IFC, Export to IFC As, Family, Family and Type, Flow, IFC Predefined Type, IfcGUID, Image, Legend Description, Location
INFO | Candidate: NWB_WBSCode | Scope=instance | Storage=String | ReadOnly=False | Shared=True | Id=9214774
INFO | Writing INSTANCE parameter 'NWB_WBSCode' on element 14685772
INFO | Element 14685772 | NWB_WBSCode | Kind=Shared Parameter | Scope=instance | Storage=String | Old='WBH-HO-NS-IPG-ME-SI5' | New='WBH-HO-09-HDU-ME-SI5'
SOURCE | Element 14685772 | Cat=Air Terminals | Family=MHT-ME-AT - Supply Air Grille | Type= | Level= | System=Supply Air | LinkedRoomLink=NWB-ACD-WBH-MH-MOD-0001 | LinkedRoomNumber=HDU.09.131 | LinkedRoomName=Meeting Room, 20m2 | LinkedRoomDept=High Dependency Unit | LinkedRoomBuilding= | LinkedRoomSite= | LinkedRoomSource=self | ResolvedDept=High Dependency Unit | ResolvedBuilding= | ResolvedSite= | DisciplineHint=mechanical | AssetCandidates=air terminals, air terminal | WBS00=WBH | WBS01=HO | WBS03=HDU | DesignPkg=NWB-GEN-ME-SCM-1091-A | BuildingPermitPkg=WBH - BP09
ELEMENT | 14685772 | Cat=Air Terminals | AssetScore=45 | AssetTypeCode=MSAG | AssetType=Supply Air Grille | AssetCategory=Air Terminal | Targets=NWB_AssetTypeCode=MSAG; NWB_AssetType=Supply Air Grille; NWB_Discipline=ME; NWB_Category=Air Terminal; NWB_Department=High Dependency Unit; NWB_Material=; NWB_System=Supply Air; NWB_UniclassCode=Pr_70_65_04_03; NWB_UniclassDescription=Air grilles; NWB_DesignPkg=NWB-GEN-ME-SCM-1091-A; NWB_BuildingPermitPkg=WBH - BP09; NWB_WBS00=WBH; NWB_WBS01=HO; NWB_WBS02=09; NWB_WBS03=HDU; NWB_WBS04=ME; NWB_WBS05=SI5; NWB_WBSCode=WBH-HO-09-HDU-ME-SI5
INFO | Candidate: NWB_AssetTypeCode | Scope=instance | Storage=String | ReadOnly=False | Shared=True | Id=3045149
INFO | Candidate: NWB_AssetTypeCode | Scope=instance | Storage=String | ReadOnly=False | Shared=True | Id=7626182
INFO | Found 2 parameters named NWB_AssetTypeCode
INFO | SELECTED | Shared Parameter | Scope=instance | ReadOnly=False | Id=3045149
INFO | SELECTED | Shared Parameter | Scope=instance | ReadOnly=False | Id=7626182
INFO | Writing INSTANCE parameter 'NWB_AssetTypeCode' on element 14849564
INFO | Element 14849564 | NWB_AssetTypeCode | Kind=Shared Parameter | Scope=instance | Storage=String | Old='' | New='MDUC'
INFO | Writing INSTANCE parameter 'NWB_AssetTypeCode' on element 14849564
INFO | Element 14849564 | NWB_AssetTypeCode | Kind=Shared Parameter | Scope=instance | Storage=String | Old='' | New='MDUC'
INFO | Candidate: NWB_AssetType | Scope=instance | Storage=String | ReadOnly=False | Shared=True | Id=3045150
INFO | Candidate: NWB_AssetType | Scope=instance | Storage=String | ReadOnly=False | Shared=True | Id=7626181
INFO | Found 2 parameters named NWB_AssetType
INFO | SELECTED | Shared Parameter | Scope=instance | ReadOnly=False | Id=3045150
INFO | SELECTED | Shared Parameter | Scope=instance | ReadOnly=False | Id=7626181
INFO | Writing INSTANCE parameter 'NWB_AssetType' on element 14849564
INFO | Element 14849564 | NWB_AssetType | Kind=Shared Parameter | Scope=instance | Storage=String | Old='' | New='Ductwork'
INFO | Writing INSTANCE parameter 'NWB_AssetType' on element 14849564
INFO | Element 14849564 | NWB_AssetType | Kind=Shared Parameter | Scope=instance | Storage=String | Old='' | New='Ductwork'
INFO | Candidate: NWB_Discipline | Scope=instance | Storage=String | ReadOnly=False | Shared=True | Id=3045151
INFO | Candidate: NWB_Discipline | Scope=instance | Storage=String | ReadOnly=False | Shared=True | Id=7626159
INFO | Found 2 parameters named NWB_Discipline
INFO | SELECTED | Shared Parameter | Scope=instance | ReadOnly=False | Id=3045151
INFO | SELECTED | Shared Parameter | Scope=instance | ReadOnly=False | Id=7626159
INFO | Writing INSTANCE parameter 'NWB_Discipline' on element 14849564
INFO | Element 14849564 | NWB_Discipline | Kind=Shared Parameter | Scope=instance | Storage=String | Old='Mechanical' | New='ME'
INFO | Writing INSTANCE parameter 'NWB_Discipline' on element 14849564
INFO | Element 14849564 | NWB_Discipline | Kind=Shared Parameter | Scope=instance | Storage=String | Old='Mechanical' | New='ME'
INFO | Candidate: NWB_Category | Scope=instance | Storage=String | ReadOnly=False | Shared=True | Id=3045152
INFO | Candidate: NWB_Category | Scope=instance | Storage=String | ReadOnly=False | Shared=True | Id=7626160
INFO | Found 2 parameters named NWB_Category
INFO | SELECTED | Shared Parameter | Scope=instance | ReadOnly=False | Id=3045152
INFO | SELECTED | Shared Parameter | Scope=instance | ReadOnly=False | Id=7626160
INFO | Writing INSTANCE parameter 'NWB_Category' on element 14849564
INFO | Element 14849564 | NWB_Category | Kind=Shared Parameter | Scope=instance | Storage=String | Old='' | New='Ductwork'
INFO | Writing INSTANCE parameter 'NWB_Category' on element 14849564
INFO | Element 14849564 | NWB_Category | Kind=Shared Parameter | Scope=instance | Storage=String | Old='' | New='Ductwork'
INFO | Candidate: NWB_System | Scope=instance | Storage=String | ReadOnly=False | Shared=True | Id=3045155
INFO | Candidate: NWB_System | Scope=instance | Storage=String | ReadOnly=False | Shared=True | Id=7626163
INFO | Found 2 parameters named NWB_System
INFO | SELECTED | Shared Parameter | Scope=instance | ReadOnly=False | Id=3045155
INFO | SELECTED | Shared Parameter | Scope=instance | ReadOnly=False | Id=7626163
INFO | Writing INSTANCE parameter 'NWB_System' on element 14849564
INFO | Element 14849564 | NWB_System | Kind=Shared Parameter | Scope=instance | Storage=String | Old='' | New='Exhaust Air'
INFO | Candidate: NWB_UniclassCode | Scope=instance | Storage=String | ReadOnly=False | Shared=True | Id=3045156
INFO | Candidate: NWB_UniclassCode | Scope=instance | Storage=String | ReadOnly=False | Shared=True | Id=7626165
INFO | Found 2 parameters named NWB_UniclassCode
INFO | SELECTED | Shared Parameter | Scope=instance | ReadOnly=False | Id=3045156
INFO | SELECTED | Shared Parameter | Scope=instance | ReadOnly=False | Id=7626165
INFO | Writing INSTANCE parameter 'NWB_UniclassCode' on element 14849564
INFO | Element 14849564 | NWB_UniclassCode | Kind=Shared Parameter | Scope=instance | Storage=String | Old='' | New='Pr_65_65_25'
INFO | Writing INSTANCE parameter 'NWB_UniclassCode' on element 14849564
INFO | Element 14849564 | NWB_UniclassCode | Kind=Shared Parameter | Scope=instance | Storage=String | Old='' | New='Pr_65_65_25'
INFO | Candidate: NWB_UniclassDescription | Scope=instance | Storage=String | ReadOnly=False | Shared=True | Id=3045157
INFO | Candidate: NWB_UniclassDescription | Scope=instance | Storage=String | ReadOnly=False | Shared=True | Id=7626166
INFO | Found 2 parameters named NWB_UniclassDescription
INFO | SELECTED | Shared Parameter | Scope=instance | ReadOnly=False | Id=3045157
INFO | SELECTED | Shared Parameter | Scope=instance | ReadOnly=False | Id=7626166
INFO | Writing INSTANCE parameter 'NWB_UniclassDescription' on element 14849564
INFO | Element 14849564 | NWB_UniclassDescription | Kind=Shared Parameter | Scope=instance | Storage=String | Old='' | New='Ductwork and fittings'
INFO | Writing INSTANCE parameter 'NWB_UniclassDescription' on element 14849564
INFO | Element 14849564 | NWB_UniclassDescription | Kind=Shared Parameter | Scope=instance | Storage=String | Old='' | New='Ductwork and fittings'
INFO | Candidate: NWB_DesignPkg | Scope=instance | Storage=String | ReadOnly=False | Shared=True | Id=3045158
INFO | Candidate: NWB_DesignPkg | Scope=instance | Storage=String | ReadOnly=False | Shared=True | Id=7626167
INFO | Found 2 parameters named NWB_DesignPkg
INFO | SELECTED | Shared Parameter | Scope=instance | ReadOnly=False | Id=3045158
INFO | SELECTED | Shared Parameter | Scope=instance | ReadOnly=False | Id=7626167
INFO | Writing INSTANCE parameter 'NWB_DesignPkg' on element 14849564
INFO | Element 14849564 | NWB_DesignPkg | Kind=Shared Parameter | Scope=instance | Storage=String | Old='' | New='NWB-GEN-ME-SCM-1091-A'
INFO | Writing INSTANCE parameter 'NWB_DesignPkg' on element 14849564
INFO | Element 14849564 | NWB_DesignPkg | Kind=Shared Parameter | Scope=instance | Storage=String | Old='' | New='NWB-GEN-ME-SCM-1091-A'
ERROR | Element 14849564 | Category=Duct Fittings | Family= | Parameter=NWB_BuildingPermitPkg | Reason=missing | Writable sample: AHU, AHU_AreaServed, AHU_Serves, AHU_Type, AHU_ZoneNumber, Building_No, COMPLETE Y/N, Classification.OmniClass.21.Description_INSTANCE, Classification.OmniClass.21.Number_INSTANCE, Classification.OmniClass.22.Description_INSTANCE, Classification.OmniClass.22.Number_INSTANCE, Classification.OmniClass.23.Description_INSTANCE, Classification.OmniClass.23.Number_INSTANCE, Classification.UniFormat.2010.Description, Classification.UniFormat.2010.Number, Comments, Description BOM Suffix, Duct Height, Duct Width, Ductwork Insulation - Lining
INFO | Candidate: NWB_WBS00 | Scope=instance | Storage=String | ReadOnly=False | Shared=True | Id=9214738
INFO | Writing INSTANCE parameter 'NWB_WBS00' on element 14849564
INFO | Element 14849564 | NWB_WBS00 | Kind=Shared Parameter | Scope=instance | Storage=String | Old='' | New='WBH'
INFO | Candidate: NWB_WBS01 | Scope=instance | Storage=String | ReadOnly=False | Shared=True | Id=9214798
INFO | Writing INSTANCE parameter 'NWB_WBS01' on element 14849564
INFO | Element 14849564 | NWB_WBS01 | Kind=Shared Parameter | Scope=instance | Storage=String | Old='' | New='HO'
INFO | Candidate: NWB_WBS02 | Scope=instance | Storage=String | ReadOnly=False | Shared=True | Id=9214786
INFO | Candidate: NWB_WBS03 | Scope=instance | Storage=String | ReadOnly=False | Shared=True | Id=9214750
INFO | Writing INSTANCE parameter 'NWB_WBS03' on element 14849564
INFO | Element 14849564 | NWB_WBS03 | Kind=Shared Parameter | Scope=instance | Storage=String | Old='' | New='Z00'
INFO | Candidate: NWB_WBS04 | Scope=instance | Storage=String | ReadOnly=False | Shared=True | Id=9214762
INFO | Writing INSTANCE parameter 'NWB_WBS04' on element 14849564
INFO | Element 14849564 | NWB_WBS04 | Kind=Shared Parameter | Scope=instance | Storage=String | Old='' | New='ME'
INFO | Candidate: NWB_WBS05 | Scope=instance | Storage=String | ReadOnly=False | Shared=True | Id=9214810
INFO | Writing INSTANCE parameter 'NWB_WBS05' on element 14849564
INFO | Element 14849564 | NWB_WBS05 | Kind=Shared Parameter | Scope=instance | Storage=String | Old='' | New='SI5'
INFO | Candidate: NWB_WBSCode | Scope=instance | Storage=String | ReadOnly=False | Shared=True | Id=9214774
INFO | Writing INSTANCE parameter 'NWB_WBSCode' on element 14849564
INFO | Element 14849564 | NWB_WBSCode | Kind=Shared Parameter | Scope=instance | Storage=String | Old='' | New='WBH-HO-09-Z00-ME-SI5'
SOURCE | Element 14849564 | Cat=Duct Fittings | Family=MHT-ME-DF-Rectangular Short Radius Bend - Flanged | Type= | Level=LEVEL 09 | System=Exhaust Air | LinkedRoomLink= | LinkedRoomNumber= | LinkedRoomName= | LinkedRoomDept= | LinkedRoomBuilding= | LinkedRoomSite= | LinkedRoomSource= | ResolvedDept= | ResolvedBuilding= | ResolvedSite= | DisciplineHint=mechanical | AssetCandidates=duct fittings, ductwork | WBS00=WBH | WBS01=HO | WBS03=Z00 | DesignPkg=NWB-GEN-ME-SCM-1091-A | BuildingPermitPkg=WBH - BP09
WARN | Element 14849564 | Department unresolved | ExistingNWBDepartment= | ExistingWBS00= | ExistingWBS01= | ExistingDiscipline=Mechanical
ELEMENT | 14849564 | Cat=Duct Fittings | AssetScore=45 | AssetTypeCode=MDUC | AssetType=Ductwork | AssetCategory=Ductwork | Targets=NWB_AssetTypeCode=MDUC; NWB_AssetType=Ductwork; NWB_Discipline=ME; NWB_Category=Ductwork; NWB_Department=; NWB_Material=; NWB_System=Exhaust Air; NWB_UniclassCode=Pr_65_65_25; NWB_UniclassDescription=Ductwork and fittings; NWB_DesignPkg=NWB-GEN-ME-SCM-1091-A; NWB_BuildingPermitPkg=WBH - BP09; NWB_WBS00=WBH; NWB_WBS01=HO; NWB_WBS02=09; NWB_WBS03=Z00; NWB_WBS04=ME; NWB_WBS05=SI5; NWB_WBSCode=WBH-HO-09-Z00-ME-SI5
INFO | Candidate: NWB_AssetTypeCode | Scope=instance | Storage=String | ReadOnly=False | Shared=True | Id=7626182
INFO | Candidate: NWB_AssetType | Scope=instance | Storage=String | ReadOnly=False | Shared=True | Id=7626181
INFO | Candidate: NWB_Discipline | Scope=instance | Storage=String | ReadOnly=False | Shared=True | Id=7626159
INFO | Candidate: NWB_Category | Scope=instance | Storage=String | ReadOnly=False | Shared=True | Id=7626160
INFO | Candidate: NWB_Department | Scope=instance | Storage=String | ReadOnly=False | Shared=True | Id=7626168
INFO | Writing INSTANCE parameter 'NWB_Department' on element 14855358
INFO | Element 14855358 | NWB_Department | Kind=Shared Parameter | Scope=instance | Storage=String | Old='HDU' | New='Inpatient Obstetric 3'
INFO | Candidate: NWB_System | Scope=instance | Storage=String | ReadOnly=False | Shared=True | Id=7626163
INFO | Candidate: NWB_UniclassCode | Scope=instance | Storage=String | ReadOnly=False | Shared=True | Id=7626165
INFO | Candidate: NWB_UniclassDescription | Scope=instance | Storage=String | ReadOnly=False | Shared=True | Id=7626166
INFO | Candidate: NWB_DesignPkg | Scope=instance | Storage=String | ReadOnly=False | Shared=True | Id=7626167
ERROR | Element 14855358 | Category=Ducts | Family= | Parameter=NWB_BuildingPermitPkg | Reason=missing | Writable sample: AHU, AHU_AreaServed, AHU_Serves, AHU_Type, AHU_ZoneNumber, Additional Flow, Building_No, COMPLETE Y/N, Classification.OmniClass.21.Description_INSTANCE, Classification.OmniClass.21.Number_INSTANCE, Classification.OmniClass.22.Description_INSTANCE, Classification.OmniClass.22.Number_INSTANCE, Classification.OmniClass.23.Description_INSTANCE, Classification.OmniClass.23.Number_INSTANCE, Classification.UniFormat.2010.Description, Classification.UniFormat.2010.Number, Comments, DUCT NUMBER, Description BOM Suffix, Duct Number
INFO | Candidate: NWB_WBS00 | Scope=instance | Storage=String | ReadOnly=False | Shared=True | Id=9214738
INFO | Candidate: NWB_WBS01 | Scope=instance | Storage=String | ReadOnly=False | Shared=True | Id=9214798
INFO | Candidate: NWB_WBS02 | Scope=instance | Storage=String | ReadOnly=False | Shared=True | Id=9214786
INFO | Candidate: NWB_WBS03 | Scope=instance | Storage=String | ReadOnly=False | Shared=True | Id=9214750
INFO | Writing INSTANCE parameter 'NWB_WBS03' on element 14855358
INFO | Element 14855358 | NWB_WBS03 | Kind=Shared Parameter | Scope=instance | Storage=String | Old='HDU' | New='IP3'
INFO | Candidate: NWB_WBS04 | Scope=instance | Storage=String | ReadOnly=False | Shared=True | Id=9214762
INFO | Candidate: NWB_WBS05 | Scope=instance | Storage=String | ReadOnly=False | Shared=True | Id=9214810
INFO | Writing INSTANCE parameter 'NWB_WBS05' on element 14855358
INFO | Element 14855358 | NWB_WBS05 | Kind=Shared Parameter | Scope=instance | Storage=String | Old='SP' | New='SI5'
INFO | Candidate: NWB_WBSCode | Scope=instance | Storage=String | ReadOnly=False | Shared=True | Id=9214774
INFO | Writing INSTANCE parameter 'NWB_WBSCode' on element 14855358
INFO | Element 14855358 | NWB_WBSCode | Kind=Shared Parameter | Scope=instance | Storage=String | Old='WBH-HO-09-HDU-ME-SP' | New='WBH-HO-09-IP3-ME-SI5'
SOURCE | Element 14855358 | Cat=Ducts | Family=Rectangular Duct | Type= | Level=LEVEL 09 | System=Supply Air | LinkedRoomLink=NWB-ACD-WBH-MH-MOD-0001 | LinkedRoomNumber=IP3.11.C02 | LinkedRoomName=Corridor | LinkedRoomDept=Inpatient Obstetric 3 | LinkedRoomBuilding= | LinkedRoomSite= | LinkedRoomSource=connected:13056758:Duct Systems | ResolvedDept=Inpatient Obstetric 3 | ResolvedBuilding= | ResolvedSite= | DisciplineHint=mechanical | AssetCandidates=ducts, ductwork | WBS00=WBH | WBS01=HO | WBS03=IP3 | DesignPkg=NWB-GEN-ME-SCM-1091-A | BuildingPermitPkg=WBH - BP09
ELEMENT | 14855358 | Cat=Ducts | AssetScore=45 | AssetTypeCode=MDUC | AssetType=Ductwork | AssetCategory=Ductwork | Targets=NWB_AssetTypeCode=MDUC; NWB_AssetType=Ductwork; NWB_Discipline=ME; NWB_Category=Ductwork; NWB_Department=Inpatient Obstetric 3; NWB_Material=; NWB_System=Supply Air; NWB_UniclassCode=Pr_65_65_25; NWB_UniclassDescription=Ductwork and fittings; NWB_DesignPkg=NWB-GEN-ME-SCM-1091-A; NWB_BuildingPermitPkg=WBH - BP09; NWB_WBS00=WBH; NWB_WBS01=HO; NWB_WBS02=09; NWB_WBS03=IP3; NWB_WBS04=ME; NWB_WBS05=SI5; NWB_WBSCode=WBH-HO-09-IP3-ME-SI5
INFO | Candidate: NWB_AssetTypeCode | Scope=instance | Storage=String | ReadOnly=False | Shared=True | Id=3045149
INFO | Candidate: NWB_AssetTypeCode | Scope=instance | Storage=String | ReadOnly=False | Shared=True | Id=7626182
INFO | Found 2 parameters named NWB_AssetTypeCode
INFO | SELECTED | Shared Parameter | Scope=instance | ReadOnly=False | Id=3045149
INFO | SELECTED | Shared Parameter | Scope=instance | ReadOnly=False | Id=7626182
INFO | Writing INSTANCE parameter 'NWB_AssetTypeCode' on element 14855361
INFO | Element 14855361 | NWB_AssetTypeCode | Kind=Shared Parameter | Scope=instance | Storage=String | Old='' | New='MDUC'
INFO | Writing INSTANCE parameter 'NWB_AssetTypeCode' on element 14855361
INFO | Element 14855361 | NWB_AssetTypeCode | Kind=Shared Parameter | Scope=instance | Storage=String | Old='' | New='MDUC'
INFO | Candidate: NWB_AssetType | Scope=instance | Storage=String | ReadOnly=False | Shared=True | Id=3045150
INFO | Candidate: NWB_AssetType | Scope=instance | Storage=String | ReadOnly=False | Shared=True | Id=7626181
INFO | Found 2 parameters named NWB_AssetType
INFO | SELECTED | Shared Parameter | Scope=instance | ReadOnly=False | Id=3045150
INFO | SELECTED | Shared Parameter | Scope=instance | ReadOnly=False | Id=7626181
INFO | Writing INSTANCE parameter 'NWB_AssetType' on element 14855361
INFO | Element 14855361 | NWB_AssetType | Kind=Shared Parameter | Scope=instance | Storage=String | Old='' | New='Ductwork'
INFO | Writing INSTANCE parameter 'NWB_AssetType' on element 14855361
INFO | Element 14855361 | NWB_AssetType | Kind=Shared Parameter | Scope=instance | Storage=String | Old='' | New='Ductwork'
INFO | Candidate: NWB_Discipline | Scope=instance | Storage=String | ReadOnly=False | Shared=True | Id=3045151
INFO | Candidate: NWB_Discipline | Scope=instance | Storage=String | ReadOnly=False | Shared=True | Id=7626159
INFO | Found 2 parameters named NWB_Discipline
INFO | SELECTED | Shared Parameter | Scope=instance | ReadOnly=False | Id=3045151
INFO | SELECTED | Shared Parameter | Scope=instance | ReadOnly=False | Id=7626159
INFO | Writing INSTANCE parameter 'NWB_Discipline' on element 14855361
INFO | Element 14855361 | NWB_Discipline | Kind=Shared Parameter | Scope=instance | Storage=String | Old='Mechanical' | New='ME'
INFO | Writing INSTANCE parameter 'NWB_Discipline' on element 14855361
INFO | Element 14855361 | NWB_Discipline | Kind=Shared Parameter | Scope=instance | Storage=String | Old='Mechanical' | New='ME'
INFO | Candidate: NWB_Category | Scope=instance | Storage=String | ReadOnly=False | Shared=True | Id=3045152
INFO | Candidate: NWB_Category | Scope=instance | Storage=String | ReadOnly=False | Shared=True | Id=7626160
INFO | Found 2 parameters named NWB_Category
INFO | SELECTED | Shared Parameter | Scope=instance | ReadOnly=False | Id=3045152
INFO | SELECTED | Shared Parameter | Scope=instance | ReadOnly=False | Id=7626160
INFO | Writing INSTANCE parameter 'NWB_Category' on element 14855361
INFO | Element 14855361 | NWB_Category | Kind=Shared Parameter | Scope=instance | Storage=String | Old='' | New='Ductwork'
INFO | Writing INSTANCE parameter 'NWB_Category' on element 14855361
INFO | Element 14855361 | NWB_Category | Kind=Shared Parameter | Scope=instance | Storage=String | Old='' | New='Ductwork'
INFO | Candidate: NWB_System | Scope=instance | Storage=String | ReadOnly=False | Shared=True | Id=3045155
INFO | Candidate: NWB_System | Scope=instance | Storage=String | ReadOnly=False | Shared=True | Id=7626163
INFO | Found 2 parameters named NWB_System
INFO | SELECTED | Shared Parameter | Scope=instance | ReadOnly=False | Id=3045155
INFO | SELECTED | Shared Parameter | Scope=instance | ReadOnly=False | Id=7626163
INFO | Writing INSTANCE parameter 'NWB_System' on element 14855361
INFO | Element 14855361 | NWB_System | Kind=Shared Parameter | Scope=instance | Storage=String | Old='' | New='Supply Air'
INFO | Candidate: NWB_UniclassCode | Scope=instance | Storage=String | ReadOnly=False | Shared=True | Id=3045156
INFO | Candidate: NWB_UniclassCode | Scope=instance | Storage=String | ReadOnly=False | Shared=True | Id=7626165
INFO | Found 2 parameters named NWB_UniclassCode
INFO | SELECTED | Shared Parameter | Scope=instance | ReadOnly=False | Id=3045156
INFO | SELECTED | Shared Parameter | Scope=instance | ReadOnly=False | Id=7626165
INFO | Writing INSTANCE parameter 'NWB_UniclassCode' on element 14855361
INFO | Element 14855361 | NWB_UniclassCode | Kind=Shared Parameter | Scope=instance | Storage=String | Old='' | New='Pr_65_65_25'
INFO | Writing INSTANCE parameter 'NWB_UniclassCode' on element 14855361
INFO | Element 14855361 | NWB_UniclassCode | Kind=Shared Parameter | Scope=instance | Storage=String | Old='' | New='Pr_65_65_25'
INFO | Candidate: NWB_UniclassDescription | Scope=instance | Storage=String | ReadOnly=False | Shared=True | Id=3045157
INFO | Candidate: NWB_UniclassDescription | Scope=instance | Storage=String | ReadOnly=False | Shared=True | Id=7626166
INFO | Found 2 parameters named NWB_UniclassDescription
INFO | SELECTED | Shared Parameter | Scope=instance | ReadOnly=False | Id=3045157
INFO | SELECTED | Shared Parameter | Scope=instance | ReadOnly=False | Id=7626166
INFO | Writing INSTANCE parameter 'NWB_UniclassDescription' on element 14855361
INFO | Element 14855361 | NWB_UniclassDescription | Kind=Shared Parameter | Scope=instance | Storage=String | Old='' | New='Ductwork and fittings'
INFO | Writing INSTANCE parameter 'NWB_UniclassDescription' on element 14855361
INFO | Element 14855361 | NWB_UniclassDescription | Kind=Shared Parameter | Scope=instance | Storage=String | Old='' | New='Ductwork and fittings'
INFO | Candidate: NWB_DesignPkg | Scope=instance | Storage=String | ReadOnly=False | Shared=True | Id=3045158
INFO | Candidate: NWB_DesignPkg | Scope=instance | Storage=String | ReadOnly=False | Shared=True | Id=7626167
INFO | Found 2 parameters named NWB_DesignPkg
INFO | SELECTED | Shared Parameter | Scope=instance | ReadOnly=False | Id=3045158
INFO | SELECTED | Shared Parameter | Scope=instance | ReadOnly=False | Id=7626167
INFO | Writing INSTANCE parameter 'NWB_DesignPkg' on element 14855361
INFO | Element 14855361 | NWB_DesignPkg | Kind=Shared Parameter | Scope=instance | Storage=String | Old='' | New='NWB-GEN-ME-SCM-1091-A'
INFO | Writing INSTANCE parameter 'NWB_DesignPkg' on element 14855361
INFO | Element 14855361 | NWB_DesignPkg | Kind=Shared Parameter | Scope=instance | Storage=String | Old='' | New='NWB-GEN-ME-SCM-1091-A'
ERROR | Element 14855361 | Category=Duct Fittings | Family= | Parameter=NWB_BuildingPermitPkg | Reason=missing | Writable sample: AHU, AHU_AreaServed, AHU_Serves, AHU_Type, AHU_ZoneNumber, Building_No, COMPLETE Y/N, Classification.OmniClass.21.Description_INSTANCE, Classification.OmniClass.21.Number_INSTANCE, Classification.OmniClass.22.Description_INSTANCE, Classification.OmniClass.22.Number_INSTANCE, Classification.OmniClass.23.Description_INSTANCE, Classification.OmniClass.23.Number_INSTANCE, Classification.UniFormat.2010.Description, Classification.UniFormat.2010.Number, Comments, Description BOM Suffix, Duct Height, Duct Width, Ductwork Insulation - Lining
INFO | Candidate: NWB_WBS00 | Scope=instance | Storage=String | ReadOnly=False | Shared=True | Id=9214738
INFO | Writing INSTANCE parameter 'NWB_WBS00' on element 14855361
INFO | Element 14855361 | NWB_WBS00 | Kind=Shared Parameter | Scope=instance | Storage=String | Old='' | New='WBH'
INFO | Candidate: NWB_WBS01 | Scope=instance | Storage=String | ReadOnly=False | Shared=True | Id=9214798
INFO | Writing INSTANCE parameter 'NWB_WBS01' on element 14855361
INFO | Element 14855361 | NWB_WBS01 | Kind=Shared Parameter | Scope=instance | Storage=String | Old='' | New='HO'
INFO | Candidate: NWB_WBS02 | Scope=instance | Storage=String | ReadOnly=False | Shared=True | Id=9214786
INFO | Candidate: NWB_WBS03 | Scope=instance | Storage=String | ReadOnly=False | Shared=True | Id=9214750
INFO | Writing INSTANCE parameter 'NWB_WBS03' on element 14855361
INFO | Element 14855361 | NWB_WBS03 | Kind=Shared Parameter | Scope=instance | Storage=String | Old='' | New='Z00'
INFO | Candidate: NWB_WBS04 | Scope=instance | Storage=String | ReadOnly=False | Shared=True | Id=9214762
INFO | Writing INSTANCE parameter 'NWB_WBS04' on element 14855361
INFO | Element 14855361 | NWB_WBS04 | Kind=Shared Parameter | Scope=instance | Storage=String | Old='' | New='ME'
INFO | Candidate: NWB_WBS05 | Scope=instance | Storage=String | ReadOnly=False | Shared=True | Id=9214810
INFO | Writing INSTANCE parameter 'NWB_WBS05' on element 14855361
INFO | Element 14855361 | NWB_WBS05 | Kind=Shared Parameter | Scope=instance | Storage=String | Old='' | New='SI5'
INFO | Candidate: NWB_WBSCode | Scope=instance | Storage=String | ReadOnly=False | Shared=True | Id=9214774
INFO | Writing INSTANCE parameter 'NWB_WBSCode' on element 14855361
INFO | Element 14855361 | NWB_WBSCode | Kind=Shared Parameter | Scope=instance | Storage=String | Old='' | New='WBH-HO-09-Z00-ME-SI5'
SOURCE | Element 14855361 | Cat=Duct Fittings | Family=MHT-ME-DF-Rectangular Short Radius Bend - Flanged | Type= | Level=LEVEL 09 | System=Supply Air | LinkedRoomLink= | LinkedRoomNumber= | LinkedRoomName= | LinkedRoomDept= | LinkedRoomBuilding= | LinkedRoomSite= | LinkedRoomSource= | ResolvedDept= | ResolvedBuilding= | ResolvedSite= | DisciplineHint=mechanical | AssetCandidates=duct fittings, ductwork | WBS00=WBH | WBS01=HO | WBS03=Z00 | DesignPkg=NWB-GEN-ME-SCM-1091-A | BuildingPermitPkg=WBH - BP09
WARN | Element 14855361 | Department unresolved | ExistingNWBDepartment= | ExistingWBS00= | ExistingWBS01= | ExistingDiscipline=Mechanical
ELEMENT | 14855361 | Cat=Duct Fittings | AssetScore=45 | AssetTypeCode=MDUC | AssetType=Ductwork | AssetCategory=Ductwork | Targets=NWB_AssetTypeCode=MDUC; NWB_AssetType=Ductwork; NWB_Discipline=ME; NWB_Category=Ductwork; NWB_Department=; NWB_Material=; NWB_System=Supply Air; NWB_UniclassCode=Pr_65_65_25; NWB_UniclassDescription=Ductwork and fittings; NWB_DesignPkg=NWB-GEN-ME-SCM-1091-A; NWB_BuildingPermitPkg=WBH - BP09; NWB_WBS00=WBH; NWB_WBS01=HO; NWB_WBS02=09; NWB_WBS03=Z00; NWB_WBS04=ME; NWB_WBS05=SI5; NWB_WBSCode=WBH-HO-09-Z00-ME-SI5
INFO | Candidate: NWB_AssetTypeCode | Scope=instance | Storage=String | ReadOnly=False | Shared=True | Id=7626182
INFO | Writing INSTANCE parameter 'NWB_AssetTypeCode' on element 14855362
INFO | Element 14855362 | NWB_AssetTypeCode | Kind=Shared Parameter | Scope=instance | Storage=String | Old='' | New='MDUC'
INFO | Candidate: NWB_AssetType | Scope=instance | Storage=String | ReadOnly=False | Shared=True | Id=7626181
INFO | Writing INSTANCE parameter 'NWB_AssetType' on element 14855362
INFO | Element 14855362 | NWB_AssetType | Kind=Shared Parameter | Scope=instance | Storage=String | Old='' | New='Ductwork'
INFO | Candidate: NWB_Discipline | Scope=instance | Storage=String | ReadOnly=False | Shared=True | Id=7626159
INFO | Writing INSTANCE parameter 'NWB_Discipline' on element 14855362
INFO | Element 14855362 | NWB_Discipline | Kind=Shared Parameter | Scope=instance | Storage=String | Old='Mechanical' | New='ME'
INFO | Candidate: NWB_Category | Scope=instance | Storage=String | ReadOnly=False | Shared=True | Id=7626160
INFO | Writing INSTANCE parameter 'NWB_Category' on element 14855362
INFO | Element 14855362 | NWB_Category | Kind=Shared Parameter | Scope=instance | Storage=String | Old='' | New='Ductwork'
INFO | Candidate: NWB_Department | Scope=instance | Storage=String | ReadOnly=False | Shared=True | Id=7626168
INFO | Writing INSTANCE parameter 'NWB_Department' on element 14855362
INFO | Element 14855362 | NWB_Department | Kind=Shared Parameter | Scope=instance | Storage=String | Old='' | New='High Dependency Unit'
INFO | Candidate: NWB_System | Scope=instance | Storage=String | ReadOnly=False | Shared=True | Id=7626163
INFO | Writing INSTANCE parameter 'NWB_System' on element 14855362
INFO | Element 14855362 | NWB_System | Kind=Shared Parameter | Scope=instance | Storage=String | Old='' | New='Supply Air'
INFO | Candidate: NWB_UniclassCode | Scope=instance | Storage=String | ReadOnly=False | Shared=True | Id=7626165
INFO | Writing INSTANCE parameter 'NWB_UniclassCode' on element 14855362
INFO | Element 14855362 | NWB_UniclassCode | Kind=Shared Parameter | Scope=instance | Storage=String | Old='' | New='Pr_65_65_25'
INFO | Candidate: NWB_UniclassDescription | Scope=instance | Storage=String | ReadOnly=False | Shared=True | Id=7626166
INFO | Writing INSTANCE parameter 'NWB_UniclassDescription' on element 14855362
INFO | Element 14855362 | NWB_UniclassDescription | Kind=Shared Parameter | Scope=instance | Storage=String | Old='' | New='Ductwork and fittings'
INFO | Candidate: NWB_DesignPkg | Scope=instance | Storage=String | ReadOnly=False | Shared=True | Id=7626167
INFO | Writing INSTANCE parameter 'NWB_DesignPkg' on element 14855362
INFO | Element 14855362 | NWB_DesignPkg | Kind=Shared Parameter | Scope=instance | Storage=String | Old='' | New='NWB-GEN-ME-SCM-1091-A'
ERROR | Element 14855362 | Category=Flex Ducts | Family= | Parameter=NWB_BuildingPermitPkg | Reason=missing | Writable sample: AHU_AreaServed, AHU_Serves, AHU_Type, AHU_ZoneNumber, Additional Flow, Building_No, COMPLETE Y/N, Classification.UniFormat.2010.Description, Classification.UniFormat.2010.Number, Comments, Diameter, Export to IFC, Export to IFC As, Family, Family and Type, Flex Pattern, IFC Predefined Type, IfcGUID, Image, Legend Description
INFO | Candidate: NWB_WBS00 | Scope=instance | Storage=String | ReadOnly=False | Shared=True | Id=9214738
INFO | Candidate: NWB_WBS01 | Scope=instance | Storage=String | ReadOnly=False | Shared=True | Id=9214798
INFO | Writing INSTANCE parameter 'NWB_WBS01' on element 14855362
INFO | Element 14855362 | NWB_WBS01 | Kind=Shared Parameter | Scope=instance | Storage=String | Old='' | New='HO'
INFO | Candidate: NWB_WBS02 | Scope=instance | Storage=String | ReadOnly=False | Shared=True | Id=9214786
INFO | Writing INSTANCE parameter 'NWB_WBS02' on element 14855362
INFO | Element 14855362 | NWB_WBS02 | Kind=Shared Parameter | Scope=instance | Storage=String | Old='' | New='09'
INFO | Candidate: NWB_WBS03 | Scope=instance | Storage=String | ReadOnly=False | Shared=True | Id=9214750
INFO | Writing INSTANCE parameter 'NWB_WBS03' on element 14855362
INFO | Element 14855362 | NWB_WBS03 | Kind=Shared Parameter | Scope=instance | Storage=String | Old='' | New='HDU'
INFO | Candidate: NWB_WBS04 | Scope=instance | Storage=String | ReadOnly=False | Shared=True | Id=9214762
INFO | Writing INSTANCE parameter 'NWB_WBS04' on element 14855362
INFO | Element 14855362 | NWB_WBS04 | Kind=Shared Parameter | Scope=instance | Storage=String | Old='' | New='ME'
INFO | Candidate: NWB_WBS05 | Scope=instance | Storage=String | ReadOnly=False | Shared=True | Id=9214810
INFO | Writing INSTANCE parameter 'NWB_WBS05' on element 14855362
INFO | Element 14855362 | NWB_WBS05 | Kind=Shared Parameter | Scope=instance | Storage=String | Old='' | New='SI5'
INFO | Candidate: NWB_WBSCode | Scope=instance | Storage=String | ReadOnly=False | Shared=True | Id=9214774
INFO | Writing INSTANCE parameter 'NWB_WBSCode' on element 14855362
INFO | Element 14855362 | NWB_WBSCode | Kind=Shared Parameter | Scope=instance | Storage=String | Old='' | New='WBH-HO-09-HDU-ME-SI5'
SOURCE | Element 14855362 | Cat=Flex Ducts | Family=Flex Duct Round | Type= | Level=LEVEL 09 | System=Supply Air | LinkedRoomLink=NWB-ACD-WBH-MH-MOD-0001 | LinkedRoomNumber=HDU.09.130 | LinkedRoomName=Office, Telehealth/Focus | LinkedRoomDept=High Dependency Unit | LinkedRoomBuilding= | LinkedRoomSite= | LinkedRoomSource=connected:13761176:Air Terminals | ResolvedDept=High Dependency Unit | ResolvedBuilding= | ResolvedSite= | DisciplineHint=mechanical | AssetCandidates=flex ducts, ductwork | WBS00=WBH | WBS01=HO | WBS03=HDU | DesignPkg=NWB-GEN-ME-SCM-1091-A | BuildingPermitPkg=WBH - BP09
ELEMENT | 14855362 | Cat=Flex Ducts | AssetScore=45 | AssetTypeCode=MDUC | AssetType=Ductwork | AssetCategory=Ductwork | Targets=NWB_AssetTypeCode=MDUC; NWB_AssetType=Ductwork; NWB_Discipline=ME; NWB_Category=Ductwork; NWB_Department=High Dependency Unit; NWB_Material=; NWB_System=Supply Air; NWB_UniclassCode=Pr_65_65_25; NWB_UniclassDescription=Ductwork and fittings; NWB_DesignPkg=NWB-GEN-ME-SCM-1091-A; NWB_BuildingPermitPkg=WBH - BP09; NWB_WBS00=WBH; NWB_WBS01=HO; NWB_WBS02=09; NWB_WBS03=HDU; NWB_WBS04=ME; NWB_WBS05=SI5; NWB_WBSCode=WBH-HO-09-HDU-ME-SI5
INFO | Candidate: NWB_AssetTypeCode | Scope=instance | Storage=String | ReadOnly=False | Shared=True | Id=7626182
INFO | Writing INSTANCE parameter 'NWB_AssetTypeCode' on element 14855372
INFO | Element 14855372 | NWB_AssetTypeCode | Kind=Shared Parameter | Scope=instance | Storage=String | Old='' | New='MDUC'
INFO | Candidate: NWB_AssetType | Scope=instance | Storage=String | ReadOnly=False | Shared=True | Id=7626181
INFO | Writing INSTANCE parameter 'NWB_AssetType' on element 14855372
INFO | Element 14855372 | NWB_AssetType | Kind=Shared Parameter | Scope=instance | Storage=String | Old='' | New='Ductwork'
INFO | Candidate: NWB_Discipline | Scope=instance | Storage=String | ReadOnly=False | Shared=True | Id=7626159
INFO | Writing INSTANCE parameter 'NWB_Discipline' on element 14855372
INFO | Element 14855372 | NWB_Discipline | Kind=Shared Parameter | Scope=instance | Storage=String | Old='Mechanical' | New='ME'
INFO | Candidate: NWB_Category | Scope=instance | Storage=String | ReadOnly=False | Shared=True | Id=7626160
INFO | Writing INSTANCE parameter 'NWB_Category' on element 14855372
INFO | Element 14855372 | NWB_Category | Kind=Shared Parameter | Scope=instance | Storage=String | Old='' | New='Ductwork'
INFO | Candidate: NWB_System | Scope=instance | Storage=String | ReadOnly=False | Shared=True | Id=7626163
INFO | Candidate: NWB_UniclassCode | Scope=instance | Storage=String | ReadOnly=False | Shared=True | Id=7626165
INFO | Writing INSTANCE parameter 'NWB_UniclassCode' on element 14855372
INFO | Element 14855372 | NWB_UniclassCode | Kind=Shared Parameter | Scope=instance | Storage=String | Old='' | New='Pr_65_65_25'
INFO | Candidate: NWB_UniclassDescription | Scope=instance | Storage=String | ReadOnly=False | Shared=True | Id=7626166
INFO | Writing INSTANCE parameter 'NWB_UniclassDescription' on element 14855372
INFO | Element 14855372 | NWB_UniclassDescription | Kind=Shared Parameter | Scope=instance | Storage=String | Old='' | New='Ductwork and fittings'
INFO | Candidate: NWB_DesignPkg | Scope=instance | Storage=String | ReadOnly=False | Shared=True | Id=7626167
INFO | Writing INSTANCE parameter 'NWB_DesignPkg' on element 14855372
INFO | Element 14855372 | NWB_DesignPkg | Kind=Shared Parameter | Scope=instance | Storage=String | Old='' | New='NWB-GEN-ME-SCM-1091-A'
ERROR | Element 14855372 | Category=Duct Fittings | Family= | Parameter=NWB_BuildingPermitPkg | Reason=missing | Writable sample: AHU, AHU_AreaServed, AHU_Serves, AHU_Type, AHU_ZoneNumber, Building_No, COMPLETE Y/N, Classification.OmniClass.21.Description_INSTANCE, Classification.OmniClass.21.Number_INSTANCE, Classification.OmniClass.22.Description_INSTANCE, Classification.OmniClass.22.Number_INSTANCE, Classification.OmniClass.23.Description_INSTANCE, Classification.OmniClass.23.Number_INSTANCE, Classification.UniFormat.2010.Description, Classification.UniFormat.2010.Number, Comments, Description BOM Suffix, Duct Diameter, Ductwork Insulation - Lining, Elevation from Level
INFO | Candidate: NWB_WBS00 | Scope=instance | Storage=String | ReadOnly=False | Shared=True | Id=9214738
INFO | Writing INSTANCE parameter 'NWB_WBS00' on element 14855372
INFO | Element 14855372 | NWB_WBS00 | Kind=Shared Parameter | Scope=instance | Storage=String | Old='' | New='WBH'
INFO | Candidate: NWB_WBS01 | Scope=instance | Storage=String | ReadOnly=False | Shared=True | Id=9214798
INFO | Writing INSTANCE parameter 'NWB_WBS01' on element 14855372
INFO | Element 14855372 | NWB_WBS01 | Kind=Shared Parameter | Scope=instance | Storage=String | Old='' | New='HO'
INFO | Candidate: NWB_WBS02 | Scope=instance | Storage=String | ReadOnly=False | Shared=True | Id=9214786
INFO | Candidate: NWB_WBS03 | Scope=instance | Storage=String | ReadOnly=False | Shared=True | Id=9214750
INFO | Writing INSTANCE parameter 'NWB_WBS03' on element 14855372
INFO | Element 14855372 | NWB_WBS03 | Kind=Shared Parameter | Scope=instance | Storage=String | Old='' | New='Z00'
INFO | Candidate: NWB_WBS04 | Scope=instance | Storage=String | ReadOnly=False | Shared=True | Id=9214762
INFO | Writing INSTANCE parameter 'NWB_WBS04' on element 14855372
INFO | Element 14855372 | NWB_WBS04 | Kind=Shared Parameter | Scope=instance | Storage=String | Old='' | New='ME'
INFO | Candidate: NWB_WBS05 | Scope=instance | Storage=String | ReadOnly=False | Shared=True | Id=9214810
INFO | Writing INSTANCE parameter 'NWB_WBS05' on element 14855372
INFO | Element 14855372 | NWB_WBS05 | Kind=Shared Parameter | Scope=instance | Storage=String | Old='' | New='SI5'
INFO | Candidate: NWB_WBSCode | Scope=instance | Storage=String | ReadOnly=False | Shared=True | Id=9214774
INFO | Writing INSTANCE parameter 'NWB_WBSCode' on element 14855372
INFO | Element 14855372 | NWB_WBSCode | Kind=Shared Parameter | Scope=instance | Storage=String | Old='' | New='WBH-HO-09-Z00-ME-SI5'
SOURCE | Element 14855372 | Cat=Duct Fittings | Family=MHT_DF_Spigot | Type= | Level=LEVEL 09 | System=Supply Air | LinkedRoomLink= | LinkedRoomNumber= | LinkedRoomName= | LinkedRoomDept= | LinkedRoomBuilding= | LinkedRoomSite= | LinkedRoomSource= | ResolvedDept= | ResolvedBuilding= | ResolvedSite= | DisciplineHint=mechanical | AssetCandidates=duct fittings, ductwork, damper, motorised damper | WBS00=WBH | WBS01=HO | WBS03=Z00 | DesignPkg=NWB-GEN-ME-SCM-1091-A | BuildingPermitPkg=WBH - BP09
WARN | Element 14855372 | Department unresolved | ExistingNWBDepartment= | ExistingWBS00= | ExistingWBS01= | ExistingDiscipline=Mechanical
ELEMENT | 14855372 | Cat=Duct Fittings | AssetScore=45 | AssetTypeCode=MDUC | AssetType=Ductwork | AssetCategory=Ductwork | Targets=NWB_AssetTypeCode=MDUC; NWB_AssetType=Ductwork; NWB_Discipline=ME; NWB_Category=Ductwork; NWB_Department=; NWB_Material=; NWB_System=Supply Air; NWB_UniclassCode=Pr_65_65_25; NWB_UniclassDescription=Ductwork and fittings; NWB_DesignPkg=NWB-GEN-ME-SCM-1091-A; NWB_BuildingPermitPkg=WBH - BP09; NWB_WBS00=WBH; NWB_WBS01=HO; NWB_WBS02=09; NWB_WBS03=Z00; NWB_WBS04=ME; NWB_WBS05=SI5; NWB_WBSCode=WBH-HO-09-Z00-ME-SI5
INFO | Candidate: NWB_AssetTypeCode | Scope=instance | Storage=String | ReadOnly=False | Shared=True | Id=7626182
INFO | Candidate: NWB_AssetType | Scope=instance | Storage=String | ReadOnly=False | Shared=True | Id=7626181
INFO | Candidate: NWB_Discipline | Scope=instance | Storage=String | ReadOnly=False | Shared=True | Id=7626159
INFO | Candidate: NWB_Category | Scope=instance | Storage=String | ReadOnly=False | Shared=True | Id=7626160
INFO | Candidate: NWB_Department | Scope=instance | Storage=String | ReadOnly=False | Shared=True | Id=7626168
INFO | Candidate: NWB_System | Scope=instance | Storage=String | ReadOnly=False | Shared=True | Id=7626163
INFO | Candidate: NWB_UniclassCode | Scope=instance | Storage=String | ReadOnly=False | Shared=True | Id=7626165
INFO | Candidate: NWB_UniclassDescription | Scope=instance | Storage=String | ReadOnly=False | Shared=True | Id=7626166
INFO | Candidate: NWB_DesignPkg | Scope=instance | Storage=String | ReadOnly=False | Shared=True | Id=7626167
ERROR | Element 14855388 | Category=Ducts | Family= | Parameter=NWB_BuildingPermitPkg | Reason=missing | Writable sample: AHU, AHU_AreaServed, AHU_Serves, AHU_Type, AHU_ZoneNumber, Additional Flow, Building_No, COMPLETE Y/N, Classification.OmniClass.21.Description_INSTANCE, Classification.OmniClass.21.Number_INSTANCE, Classification.OmniClass.22.Description_INSTANCE, Classification.OmniClass.22.Number_INSTANCE, Classification.OmniClass.23.Description_INSTANCE, Classification.OmniClass.23.Number_INSTANCE, Classification.UniFormat.2010.Description, Classification.UniFormat.2010.Number, Comments, DUCT NUMBER, Description BOM Suffix, Duct Number
INFO | Candidate: NWB_WBS00 | Scope=instance | Storage=String | ReadOnly=False | Shared=True | Id=9214738
INFO | Candidate: NWB_WBS01 | Scope=instance | Storage=String | ReadOnly=False | Shared=True | Id=9214798
INFO | Candidate: NWB_WBS02 | Scope=instance | Storage=String | ReadOnly=False | Shared=True | Id=9214786
INFO | Candidate: NWB_WBS03 | Scope=instance | Storage=String | ReadOnly=False | Shared=True | Id=9214750
INFO | Candidate: NWB_WBS04 | Scope=instance | Storage=String | ReadOnly=False | Shared=True | Id=9214762
INFO | Candidate: NWB_WBS05 | Scope=instance | Storage=String | ReadOnly=False | Shared=True | Id=9214810
INFO | Writing INSTANCE parameter 'NWB_WBS05' on element 14855388
INFO | Element 14855388 | NWB_WBS05 | Kind=Shared Parameter | Scope=instance | Storage=String | Old='SP' | New='SI5'
INFO | Candidate: NWB_WBSCode | Scope=instance | Storage=String | ReadOnly=False | Shared=True | Id=9214774
INFO | Writing INSTANCE parameter 'NWB_WBSCode' on element 14855388
INFO | Element 14855388 | NWB_WBSCode | Kind=Shared Parameter | Scope=instance | Storage=String | Old='WBH-HO-09-HDU-ME-SP' | New='WBH-HO-09-HDU-ME-SI5'
SOURCE | Element 14855388 | Cat=Ducts | Family=Rectangular Duct | Type= | Level=LEVEL 09 | System=Supply Air | LinkedRoomLink= | LinkedRoomNumber= | LinkedRoomName= | LinkedRoomDept= | LinkedRoomBuilding= | LinkedRoomSite= | LinkedRoomSource= | ResolvedDept=HDU | ResolvedBuilding= | ResolvedSite= | DisciplineHint=mechanical | AssetCandidates=ducts, ductwork | WBS00=WBH | WBS01=HO | WBS03=HDU | DesignPkg=NWB-GEN-ME-SCM-1091-A | BuildingPermitPkg=WBH - BP09
ELEMENT | 14855388 | Cat=Ducts | AssetScore=45 | AssetTypeCode=MDUC | AssetType=Ductwork | AssetCategory=Ductwork | Targets=NWB_AssetTypeCode=MDUC; NWB_AssetType=Ductwork; NWB_Discipline=ME; NWB_Category=Ductwork; NWB_Department=HDU; NWB_Material=; NWB_System=Supply Air; NWB_UniclassCode=Pr_65_65_25; NWB_UniclassDescription=Ductwork and fittings; NWB_DesignPkg=NWB-GEN-ME-SCM-1091-A; NWB_BuildingPermitPkg=WBH - BP09; NWB_WBS00=WBH; NWB_WBS01=HO; NWB_WBS02=09; NWB_WBS03=HDU; NWB_WBS04=ME; NWB_WBS05=SI5; NWB_WBSCode=WBH-HO-09-HDU-ME-SI5
INFO | Candidate: NWB_AssetTypeCode | Scope=instance | Storage=String | ReadOnly=False | Shared=True | Id=7626182
INFO | Candidate: NWB_AssetType | Scope=instance | Storage=String | ReadOnly=False | Shared=True | Id=7626181
INFO | Candidate: NWB_Discipline | Scope=instance | Storage=String | ReadOnly=False | Shared=True | Id=7626159
INFO | Candidate: NWB_Category | Scope=instance | Storage=String | ReadOnly=False | Shared=True | Id=7626160
INFO | Candidate: NWB_Department | Scope=instance | Storage=String | ReadOnly=False | Shared=True | Id=7626168
INFO | Writing INSTANCE parameter 'NWB_Department' on element 14855390
INFO | Element 14855390 | NWB_Department | Kind=Shared Parameter | Scope=instance | Storage=String | Old='HDU' | New='Inpatient Obstetric 3'
INFO | Candidate: NWB_System | Scope=instance | Storage=String | ReadOnly=False | Shared=True | Id=7626163
INFO | Candidate: NWB_UniclassCode | Scope=instance | Storage=String | ReadOnly=False | Shared=True | Id=7626165
INFO | Candidate: NWB_UniclassDescription | Scope=instance | Storage=String | ReadOnly=False | Shared=True | Id=7626166
INFO | Candidate: NWB_DesignPkg | Scope=instance | Storage=String | ReadOnly=False | Shared=True | Id=7626167
ERROR | Element 14855390 | Category=Ducts | Family= | Parameter=NWB_BuildingPermitPkg | Reason=missing | Writable sample: AHU, AHU_AreaServed, AHU_Serves, AHU_Type, AHU_ZoneNumber, Additional Flow, Building_No, COMPLETE Y/N, Classification.OmniClass.21.Description_INSTANCE, Classification.OmniClass.21.Number_INSTANCE, Classification.OmniClass.22.Description_INSTANCE, Classification.OmniClass.22.Number_INSTANCE, Classification.OmniClass.23.Description_INSTANCE, Classification.OmniClass.23.Number_INSTANCE, Classification.UniFormat.2010.Description, Classification.UniFormat.2010.Number, Comments, DUCT NUMBER, Description BOM Suffix, Duct Number
INFO | Candidate: NWB_WBS00 | Scope=instance | Storage=String | ReadOnly=False | Shared=True | Id=9214738
INFO | Candidate: NWB_WBS01 | Scope=instance | Storage=String | ReadOnly=False | Shared=True | Id=9214798
INFO | Candidate: NWB_WBS02 | Scope=instance | Storage=String | ReadOnly=False | Shared=True | Id=9214786
INFO | Candidate: NWB_WBS03 | Scope=instance | Storage=String | ReadOnly=False | Shared=True | Id=9214750
INFO | Writing INSTANCE parameter 'NWB_WBS03' on element 14855390
INFO | Element 14855390 | NWB_WBS03 | Kind=Shared Parameter | Scope=instance | Storage=String | Old='HDU' | New='IP3'
INFO | Candidate: NWB_WBS04 | Scope=instance | Storage=String | ReadOnly=False | Shared=True | Id=9214762
INFO | Candidate: NWB_WBS05 | Scope=instance | Storage=String | ReadOnly=False | Shared=True | Id=9214810
INFO | Writing INSTANCE parameter 'NWB_WBS05' on element 14855390
INFO | Element 14855390 | NWB_WBS05 | Kind=Shared Parameter | Scope=instance | Storage=String | Old='SP' | New='SI5'
INFO | Candidate: NWB_WBSCode | Scope=instance | Storage=String | ReadOnly=False | Shared=True | Id=9214774
INFO | Writing INSTANCE parameter 'NWB_WBSCode' on element 14855390
INFO | Element 14855390 | NWB_WBSCode | Kind=Shared Parameter | Scope=instance | Storage=String | Old='WBH-HO-09-HDU-ME-SP' | New='WBH-HO-09-IP3-ME-SI5'
SOURCE | Element 14855390 | Cat=Ducts | Family=Rectangular Duct | Type= | Level=LEVEL 09 | System=Supply Air | LinkedRoomLink=NWB-ACD-WBH-MH-MOD-0001 | LinkedRoomNumber=IP3.11.C02 | LinkedRoomName=Corridor | LinkedRoomDept=Inpatient Obstetric 3 | LinkedRoomBuilding= | LinkedRoomSite= | LinkedRoomSource=connected:13056758:Duct Systems | ResolvedDept=Inpatient Obstetric 3 | ResolvedBuilding= | ResolvedSite= | DisciplineHint=mechanical | AssetCandidates=ducts, ductwork | WBS00=WBH | WBS01=HO | WBS03=IP3 | DesignPkg=NWB-GEN-ME-SCM-1091-A | BuildingPermitPkg=WBH - BP09
ELEMENT | 14855390 | Cat=Ducts | AssetScore=45 | AssetTypeCode=MDUC | AssetType=Ductwork | AssetCategory=Ductwork | Targets=NWB_AssetTypeCode=MDUC; NWB_AssetType=Ductwork; NWB_Discipline=ME; NWB_Category=Ductwork; NWB_Department=Inpatient Obstetric 3; NWB_Material=; NWB_System=Supply Air; NWB_UniclassCode=Pr_65_65_25; NWB_UniclassDescription=Ductwork and fittings; NWB_DesignPkg=NWB-GEN-ME-SCM-1091-A; NWB_BuildingPermitPkg=WBH - BP09; NWB_WBS00=WBH; NWB_WBS01=HO; NWB_WBS02=09; NWB_WBS03=IP3; NWB_WBS04=ME; NWB_WBS05=SI5; NWB_WBSCode=WBH-HO-09-IP3-ME-SI5
INFO | Candidate: NWB_AssetTypeCode | Scope=instance | Storage=String | ReadOnly=False | Shared=True | Id=7626182
INFO | Writing INSTANCE parameter 'NWB_AssetTypeCode' on element 14855394
INFO | Element 14855394 | NWB_AssetTypeCode | Kind=Shared Parameter | Scope=instance | Storage=String | Old='' | New='MHPU'
INFO | Candidate: NWB_AssetType | Scope=instance | Storage=String | ReadOnly=False | Shared=True | Id=7626181
INFO | Writing INSTANCE parameter 'NWB_AssetType' on element 14855394
INFO | Element 14855394 | NWB_AssetType | Kind=Shared Parameter | Scope=instance | Storage=String | Old='' | New='Heat Pump Unit'
INFO | Candidate: NWB_Discipline | Scope=instance | Storage=String | ReadOnly=False | Shared=True | Id=7626159
INFO | Writing INSTANCE parameter 'NWB_Discipline' on element 14855394
INFO | Element 14855394 | NWB_Discipline | Kind=Shared Parameter | Scope=instance | Storage=String | Old='Mechanical' | New='ME'
INFO | Candidate: NWB_Category | Scope=instance | Storage=String | ReadOnly=False | Shared=True | Id=7626160
INFO | Writing INSTANCE parameter 'NWB_Category' on element 14855394
INFO | Element 14855394 | NWB_Category | Kind=Shared Parameter | Scope=instance | Storage=String | Old='' | New='Equipment'
INFO | Candidate: NWB_Department | Scope=instance | Storage=String | ReadOnly=False | Shared=True | Id=7626168
INFO | Writing INSTANCE parameter 'NWB_Department' on element 14855394
INFO | Element 14855394 | NWB_Department | Kind=Shared Parameter | Scope=instance | Storage=String | Old='' | New='Inpatient Obstetric 3'
INFO | Candidate: NWB_System | Scope=instance | Storage=String | ReadOnly=False | Shared=True | Id=7626163
INFO | Writing INSTANCE parameter 'NWB_System' on element 14855394
INFO | Element 14855394 | NWB_System | Kind=Shared Parameter | Scope=instance | Storage=String | Old='' | New='Supply Air,Power,Controls,Supply Air,Hydronic Return,Hydronic Supply'
INFO | Candidate: NWB_UniclassCode | Scope=instance | Storage=String | ReadOnly=False | Shared=True | Id=7626165
INFO | Writing INSTANCE parameter 'NWB_UniclassCode' on element 14855394
INFO | Element 14855394 | NWB_UniclassCode | Kind=Shared Parameter | Scope=instance | Storage=String | Old='' | New='Pr_70_60_37'
INFO | Candidate: NWB_UniclassDescription | Scope=instance | Storage=String | ReadOnly=False | Shared=True | Id=7626166
INFO | Writing INSTANCE parameter 'NWB_UniclassDescription' on element 14855394
INFO | Element 14855394 | NWB_UniclassDescription | Kind=Shared Parameter | Scope=instance | Storage=String | Old='' | New='Heat pumps'
INFO | Candidate: NWB_DesignPkg | Scope=instance | Storage=String | ReadOnly=False | Shared=True | Id=7626167
INFO | Writing INSTANCE parameter 'NWB_DesignPkg' on element 14855394
INFO | Element 14855394 | NWB_DesignPkg | Kind=Shared Parameter | Scope=instance | Storage=String | Old='' | New='NWB-GEN-ME-SCM-1091-A'
ERROR | Element 14855394 | Category=Mechanical Equipment | Family= | Parameter=NWB_BuildingPermitPkg | Reason=missing | Writable sample: AHU, AHU Zone, AHU_AreaServed, AHU_EquipmentLabel, AHU_LevelServed, AHU_Location, AHU_Number, AHU_Serves, AHU_SpillFan, AHU_SystemCode, AHU_Type, AHU_UniqueID, AHU_ZoneAirQty, AHU_ZoneNumber, ApparentLoad_ANZRS, Building_No, CMC_Height, CMC_Width, COMPLETE Y/N, Classification.UniFormat.2010.Description
INFO | Candidate: NWB_WBS00 | Scope=instance | Storage=String | ReadOnly=False | Shared=True | Id=9214738
INFO | Candidate: NWB_WBS01 | Scope=instance | Storage=String | ReadOnly=False | Shared=True | Id=9214798
INFO | Candidate: NWB_WBS02 | Scope=instance | Storage=String | ReadOnly=False | Shared=True | Id=9214786
INFO | Candidate: NWB_WBS03 | Scope=instance | Storage=String | ReadOnly=False | Shared=True | Id=9214750
INFO | Writing INSTANCE parameter 'NWB_WBS03' on element 14855394
INFO | Element 14855394 | NWB_WBS03 | Kind=Shared Parameter | Scope=instance | Storage=String | Old='IPG' | New='IP3'
INFO | Candidate: NWB_WBS04 | Scope=instance | Storage=String | ReadOnly=False | Shared=True | Id=9214762
INFO | Candidate: NWB_WBS05 | Scope=instance | Storage=String | ReadOnly=False | Shared=True | Id=9214810
INFO | Candidate: NWB_WBSCode | Scope=instance | Storage=String | ReadOnly=False | Shared=True | Id=9214774
INFO | Writing INSTANCE parameter 'NWB_WBSCode' on element 14855394
INFO | Element 14855394 | NWB_WBSCode | Kind=Shared Parameter | Scope=instance | Storage=String | Old='WBH-HO-09-IPG-ME-SI5' | New='WBH-HO-09-IP3-ME-SI5'
SOURCE | Element 14855394 | Cat=Mechanical Equipment | Family=MHT-ME-VAV TZ | Type= | Level=LEVEL 09 | System=Supply Air,Power,Controls,Supply Air,Hydronic Return,Hydronic Supply | LinkedRoomLink=NWB-ACD-WBH-MH-MOD-0001 | LinkedRoomNumber=IP3.11.C02 | LinkedRoomName=Corridor | LinkedRoomDept=Inpatient Obstetric 3 | LinkedRoomBuilding= | LinkedRoomSite= | LinkedRoomSource=connected:13056758:Duct Systems | ResolvedDept=Inpatient Obstetric 3 | ResolvedBuilding= | ResolvedSite= | DisciplineHint=mechanical | AssetCandidates=mechanical equipment, equipment | WBS00=WBH | WBS01=HO | WBS03=IP3 | DesignPkg=NWB-GEN-ME-SCM-1091-A | BuildingPermitPkg=WBH - BP09
ELEMENT | 14855394 | Cat=Mechanical Equipment | AssetScore=36 | AssetTypeCode=MHPU | AssetType=Heat Pump Unit | AssetCategory=Equipment | Targets=NWB_AssetTypeCode=MHPU; NWB_AssetType=Heat Pump Unit; NWB_Discipline=ME; NWB_Category=Equipment; NWB_Department=Inpatient Obstetric 3; NWB_Material=; NWB_System=Supply Air,Power,Controls,Supply Air,Hydronic Return,Hydronic Supply; NWB_UniclassCode=Pr_70_60_37; NWB_UniclassDescription=Heat pumps; NWB_DesignPkg=NWB-GEN-ME-SCM-1091-A; NWB_BuildingPermitPkg=WBH - BP09; NWB_WBS00=WBH; NWB_WBS01=HO; NWB_WBS02=09; NWB_WBS03=IP3; NWB_WBS04=ME; NWB_WBS05=SI5; NWB_WBSCode=WBH-HO-09-IP3-ME-SI5
INFO | Candidate: NWB_AssetTypeCode | Scope=instance | Storage=String | ReadOnly=False | Shared=True | Id=7626182
INFO | Writing INSTANCE parameter 'NWB_AssetTypeCode' on element 14855399
INFO | Element 14855399 | NWB_AssetTypeCode | Kind=Shared Parameter | Scope=instance | Storage=String | Old='MRAG' | New='MAGS'
INFO | Candidate: NWB_AssetType | Scope=instance | Storage=String | ReadOnly=False | Shared=True | Id=7626181
INFO | Writing INSTANCE parameter 'NWB_AssetType' on element 14855399
INFO | Element 14855399 | NWB_AssetType | Kind=Shared Parameter | Scope=instance | Storage=String | Old='Return Air Grille' | New='Air Grilles'
INFO | Candidate: NWB_Discipline | Scope=instance | Storage=String | ReadOnly=False | Shared=True | Id=7626159
INFO | Writing INSTANCE parameter 'NWB_Discipline' on element 14855399
INFO | Element 14855399 | NWB_Discipline | Kind=Shared Parameter | Scope=instance | Storage=String | Old='Mechanical' | New='ME'
INFO | Candidate: NWB_Category | Scope=instance | Storage=String | ReadOnly=False | Shared=True | Id=7626160
INFO | Candidate: NWB_Department | Scope=instance | Storage=String | ReadOnly=False | Shared=True | Id=7626168
INFO | Writing INSTANCE parameter 'NWB_Department' on element 14855399
INFO | Element 14855399 | NWB_Department | Kind=Shared Parameter | Scope=instance | Storage=String | Old='' | New='High Dependency Unit'
INFO | Candidate: NWB_System | Scope=instance | Storage=String | ReadOnly=False | Shared=True | Id=7626163
INFO | Candidate: NWB_UniclassCode | Scope=instance | Storage=String | ReadOnly=False | Shared=True | Id=7626165
INFO | Candidate: NWB_UniclassDescription | Scope=instance | Storage=String | ReadOnly=False | Shared=True | Id=7626166
INFO | Writing INSTANCE parameter 'NWB_UniclassDescription' on element 14855399
INFO | Element 14855399 | NWB_UniclassDescription | Kind=Shared Parameter | Scope=instance | Storage=String | Old='Air Grills' | New='Air grilles'
INFO | Candidate: NWB_DesignPkg | Scope=instance | Storage=String | ReadOnly=False | Shared=True | Id=7626167
INFO | Writing INSTANCE parameter 'NWB_DesignPkg' on element 14855399
INFO | Element 14855399 | NWB_DesignPkg | Kind=Shared Parameter | Scope=instance | Storage=String | Old='' | New='NWB-GEN-ME-SCM-1091-A'
ERROR | Element 14855399 | Category=Air Terminals | Family= | Parameter=NWB_BuildingPermitPkg | Reason=missing | Writable sample: AHU_AreaServed, AHU_Serves, AHU_Type, AHU_ZoneNumber, AQ, Building_No, COMPLETE Y/N, Classification.UniFormat.2010.Description, Classification.UniFormat.2010.Number, Comments, Elevation from Level, Export to IFC, Export to IFC As, Family, Family and Type, Flow, IFC Predefined Type, IfcGUID, Image, Legend Description
INFO | Candidate: NWB_WBS00 | Scope=instance | Storage=String | ReadOnly=True | Shared=True | Id=9214738
ERROR | Element 14855399 | Category=Air Terminals | Family= | Parameter=NWB_WBS00 | Reason=readonly | Writable sample: AHU_AreaServed, AHU_Serves, AHU_Type, AHU_ZoneNumber, AQ, Building_No, COMPLETE Y/N, Classification.UniFormat.2010.Description, Classification.UniFormat.2010.Number, Comments, Elevation from Level, Export to IFC, Export to IFC As, Family, Family and Type, Flow, IFC Predefined Type, IfcGUID, Image, Legend Description
INFO | Candidate: NWB_WBS01 | Scope=instance | Storage=String | ReadOnly=True | Shared=True | Id=9214798
ERROR | Element 14855399 | Category=Air Terminals | Family= | Parameter=NWB_WBS01 | Reason=readonly | Writable sample: AHU_AreaServed, AHU_Serves, AHU_Type, AHU_ZoneNumber, AQ, Building_No, COMPLETE Y/N, Classification.UniFormat.2010.Description, Classification.UniFormat.2010.Number, Comments, Elevation from Level, Export to IFC, Export to IFC As, Family, Family and Type, Flow, IFC Predefined Type, IfcGUID, Image, Legend Description
INFO | Candidate: NWB_WBS02 | Scope=instance | Storage=String | ReadOnly=False | Shared=True | Id=9214786
INFO | Candidate: NWB_WBS03 | Scope=instance | Storage=String | ReadOnly=False | Shared=True | Id=9214750
INFO | Writing INSTANCE parameter 'NWB_WBS03' on element 14855399
INFO | Element 14855399 | NWB_WBS03 | Kind=Shared Parameter | Scope=instance | Storage=String | Old='' | New='HDU'
INFO | Candidate: NWB_WBS04 | Scope=instance | Storage=String | ReadOnly=True | Shared=True | Id=9214762
ERROR | Element 14855399 | Category=Air Terminals | Family= | Parameter=NWB_WBS04 | Reason=readonly | Writable sample: AHU_AreaServed, AHU_Serves, AHU_Type, AHU_ZoneNumber, AQ, Building_No, COMPLETE Y/N, Classification.UniFormat.2010.Description, Classification.UniFormat.2010.Number, Comments, Elevation from Level, Export to IFC, Export to IFC As, Family, Family and Type, Flow, IFC Predefined Type, IfcGUID, Image, Legend Description
INFO | Candidate: NWB_WBS05 | Scope=instance | Storage=String | ReadOnly=True | Shared=True | Id=9214810
ERROR | Element 14855399 | Category=Air Terminals | Family= | Parameter=NWB_WBS05 | Reason=readonly | Writable sample: AHU_AreaServed, AHU_Serves, AHU_Type, AHU_ZoneNumber, AQ, Building_No, COMPLETE Y/N, Classification.UniFormat.2010.Description, Classification.UniFormat.2010.Number, Comments, Elevation from Level, Export to IFC, Export to IFC As, Family, Family and Type, Flow, IFC Predefined Type, IfcGUID, Image, Legend Description
INFO | Candidate: NWB_WBSCode | Scope=instance | Storage=String | ReadOnly=False | Shared=True | Id=9214774
INFO | Writing INSTANCE parameter 'NWB_WBSCode' on element 14855399
INFO | Element 14855399 | NWB_WBSCode | Kind=Shared Parameter | Scope=instance | Storage=String | Old='' | New='WBH-HO-09-HDU-ME-SI5'
SOURCE | Element 14855399 | Cat=Air Terminals | Family=MHT_AT_RA ECG cw plenum | Type= | Level=LEVEL 09 | System=Return Air | LinkedRoomLink=NWB-ACD-WBH-MH-MOD-0001 | LinkedRoomNumber=HDU.09.146 | LinkedRoomName=Office - Workstation, 8 Person | LinkedRoomDept=High Dependency Unit | LinkedRoomBuilding= | LinkedRoomSite= | LinkedRoomSource=self | ResolvedDept=High Dependency Unit | ResolvedBuilding= | ResolvedSite= | DisciplineHint=mechanical | AssetCandidates=air terminals, air terminal | WBS00=WBH | WBS01=HO | WBS03=HDU | DesignPkg=NWB-GEN-ME-SCM-1091-A | BuildingPermitPkg=WBH - BP09
ELEMENT | 14855399 | Cat=Air Terminals | AssetScore=36 | AssetTypeCode=MAGS | AssetType=Air Grilles | AssetCategory=Air Terminal | Targets=NWB_AssetTypeCode=MAGS; NWB_AssetType=Air Grilles; NWB_Discipline=ME; NWB_Category=Air Terminal; NWB_Department=High Dependency Unit; NWB_Material=; NWB_System=Return Air; NWB_UniclassCode=Pr_70_65_04_03; NWB_UniclassDescription=Air grilles; NWB_DesignPkg=NWB-GEN-ME-SCM-1091-A; NWB_BuildingPermitPkg=WBH - BP09; NWB_WBS00=WBH; NWB_WBS01=HO; NWB_WBS02=09; NWB_WBS03=HDU; NWB_WBS04=ME; NWB_WBS05=SI5; NWB_WBSCode=WBH-HO-09-HDU-ME-SI5
INFO | Candidate: NWB_AssetTypeCode | Scope=instance | Storage=String | ReadOnly=False | Shared=True | Id=7626182
INFO | Candidate: NWB_AssetType | Scope=instance | Storage=String | ReadOnly=False | Shared=True | Id=7626181
INFO | Candidate: NWB_Discipline | Scope=instance | Storage=String | ReadOnly=False | Shared=True | Id=7626159
INFO | Candidate: NWB_Category | Scope=instance | Storage=String | ReadOnly=False | Shared=True | Id=7626160
INFO | Candidate: NWB_Department | Scope=instance | Storage=String | ReadOnly=False | Shared=True | Id=7626168
INFO | Writing INSTANCE parameter 'NWB_Department' on element 14855402
INFO | Element 14855402 | NWB_Department | Kind=Shared Parameter | Scope=instance | Storage=String | Old='' | New='Inpatient Obstetric 3'
INFO | Candidate: NWB_System | Scope=instance | Storage=String | ReadOnly=False | Shared=True | Id=7626163
INFO | Candidate: NWB_UniclassCode | Scope=instance | Storage=String | ReadOnly=False | Shared=True | Id=7626165
INFO | Candidate: NWB_UniclassDescription | Scope=instance | Storage=String | ReadOnly=False | Shared=True | Id=7626166
INFO | Candidate: NWB_DesignPkg | Scope=instance | Storage=String | ReadOnly=False | Shared=True | Id=7626167
ERROR | Element 14855402 | Category=Ducts | Family= | Parameter=NWB_BuildingPermitPkg | Reason=missing | Writable sample: AHU, AHU_AreaServed, AHU_Serves, AHU_Type, AHU_ZoneNumber, Additional Flow, Building_No, COMPLETE Y/N, Classification.OmniClass.21.Description_INSTANCE, Classification.OmniClass.21.Number_INSTANCE, Classification.OmniClass.22.Description_INSTANCE, Classification.OmniClass.22.Number_INSTANCE, Classification.OmniClass.23.Description_INSTANCE, Classification.OmniClass.23.Number_INSTANCE, Classification.UniFormat.2010.Description, Classification.UniFormat.2010.Number, Comments, DUCT NUMBER, Description BOM Suffix, Duct Number
INFO | Candidate: NWB_WBS00 | Scope=instance | Storage=String | ReadOnly=False | Shared=True | Id=9214738
INFO | Candidate: NWB_WBS01 | Scope=instance | Storage=String | ReadOnly=False | Shared=True | Id=9214798
INFO | Candidate: NWB_WBS02 | Scope=instance | Storage=String | ReadOnly=False | Shared=True | Id=9214786
INFO | Candidate: NWB_WBS03 | Scope=instance | Storage=String | ReadOnly=False | Shared=True | Id=9214750
INFO | Writing INSTANCE parameter 'NWB_WBS03' on element 14855402
INFO | Element 14855402 | NWB_WBS03 | Kind=Shared Parameter | Scope=instance | Storage=String | Old='Z00' | New='IP3'
INFO | Candidate: NWB_WBS04 | Scope=instance | Storage=String | ReadOnly=False | Shared=True | Id=9214762
INFO | Candidate: NWB_WBS05 | Scope=instance | Storage=String | ReadOnly=False | Shared=True | Id=9214810
INFO | Writing INSTANCE parameter 'NWB_WBS05' on element 14855402
INFO | Element 14855402 | NWB_WBS05 | Kind=Shared Parameter | Scope=instance | Storage=String | Old='SP' | New='SI5'
INFO | Candidate: NWB_WBSCode | Scope=instance | Storage=String | ReadOnly=False | Shared=True | Id=9214774
INFO | Writing INSTANCE parameter 'NWB_WBSCode' on element 14855402
INFO | Element 14855402 | NWB_WBSCode | Kind=Shared Parameter | Scope=instance | Storage=String | Old='WBH-HO-09-Z00-ME-SP' | New='WBH-HO-09-IP3-ME-SI5'
SOURCE | Element 14855402 | Cat=Ducts | Family=Rectangular Duct | Type= | Level=LEVEL 09 | System=Return Air | LinkedRoomLink=NWB-ACD-WBH-MH-MOD-0001 | LinkedRoomNumber=IP3.11.C02 | LinkedRoomName=Corridor | LinkedRoomDept=Inpatient Obstetric 3 | LinkedRoomBuilding= | LinkedRoomSite= | LinkedRoomSource=connected:13056531:Duct Systems | ResolvedDept=Inpatient Obstetric 3 | ResolvedBuilding= | ResolvedSite= | DisciplineHint=mechanical | AssetCandidates=ducts, ductwork | WBS00=WBH | WBS01=HO | WBS03=IP3 | DesignPkg=NWB-GEN-ME-SCM-1091-A | BuildingPermitPkg=WBH - BP09
ELEMENT | 14855402 | Cat=Ducts | AssetScore=45 | AssetTypeCode=MDUC | AssetType=Ductwork | AssetCategory=Ductwork | Targets=NWB_AssetTypeCode=MDUC; NWB_AssetType=Ductwork; NWB_Discipline=ME; NWB_Category=Ductwork; NWB_Department=Inpatient Obstetric 3; NWB_Material=; NWB_System=Return Air; NWB_UniclassCode=Pr_65_65_25; NWB_UniclassDescription=Ductwork and fittings; NWB_DesignPkg=NWB-GEN-ME-SCM-1091-A; NWB_BuildingPermitPkg=WBH - BP09; NWB_WBS00=WBH; NWB_WBS01=HO; NWB_WBS02=09; NWB_WBS03=IP3; NWB_WBS04=ME; NWB_WBS05=SI5; NWB_WBSCode=WBH-HO-09-IP3-ME-SI5
INFO | Candidate: NWB_AssetTypeCode | Scope=instance | Storage=String | ReadOnly=False | Shared=True | Id=7626182
INFO | Writing INSTANCE parameter 'NWB_AssetTypeCode' on element 14855404
INFO | Element 14855404 | NWB_AssetTypeCode | Kind=Shared Parameter | Scope=instance | Storage=String | Old='' | New='MDUC'
INFO | Candidate: NWB_AssetType | Scope=instance | Storage=String | ReadOnly=False | Shared=True | Id=7626181
INFO | Writing INSTANCE parameter 'NWB_AssetType' on element 14855404
INFO | Element 14855404 | NWB_AssetType | Kind=Shared Parameter | Scope=instance | Storage=String | Old='' | New='Ductwork'
INFO | Candidate: NWB_Discipline | Scope=instance | Storage=String | ReadOnly=False | Shared=True | Id=7626159
INFO | Writing INSTANCE parameter 'NWB_Discipline' on element 14855404
INFO | Element 14855404 | NWB_Discipline | Kind=Shared Parameter | Scope=instance | Storage=String | Old='Mechanical' | New='ME'
INFO | Candidate: NWB_Category | Scope=instance | Storage=String | ReadOnly=False | Shared=True | Id=7626160
INFO | Writing INSTANCE parameter 'NWB_Category' on element 14855404
INFO | Element 14855404 | NWB_Category | Kind=Shared Parameter | Scope=instance | Storage=String | Old='' | New='Ductwork'
INFO | Candidate: NWB_Department | Scope=instance | Storage=String | ReadOnly=False | Shared=True | Id=7626168
INFO | Writing INSTANCE parameter 'NWB_Department' on element 14855404
INFO | Element 14855404 | NWB_Department | Kind=Shared Parameter | Scope=instance | Storage=String | Old='' | New='Inpatient Obstetric 3'
INFO | Candidate: NWB_Material | Scope=instance | Storage=String | ReadOnly=False | Shared=True | Id=7626176
INFO | Writing INSTANCE parameter 'NWB_Material' on element 14855404
INFO | Element 14855404 | NWB_Material | Kind=Shared Parameter | Scope=instance | Storage=String | Old='' | New='9479096'
INFO | Candidate: NWB_System | Scope=instance | Storage=String | ReadOnly=False | Shared=True | Id=7626163
INFO | Candidate: NWB_UniclassCode | Scope=instance | Storage=String | ReadOnly=False | Shared=True | Id=7626165
INFO | Writing INSTANCE parameter 'NWB_UniclassCode' on element 14855404
INFO | Element 14855404 | NWB_UniclassCode | Kind=Shared Parameter | Scope=instance | Storage=String | Old='' | New='Pr_65_65_25'
INFO | Candidate: NWB_UniclassDescription | Scope=instance | Storage=String | ReadOnly=False | Shared=True | Id=7626166
INFO | Writing INSTANCE parameter 'NWB_UniclassDescription' on element 14855404
INFO | Element 14855404 | NWB_UniclassDescription | Kind=Shared Parameter | Scope=instance | Storage=String | Old='' | New='Ductwork and fittings'
INFO | Candidate: NWB_DesignPkg | Scope=instance | Storage=String | ReadOnly=False | Shared=True | Id=7626167
INFO | Writing INSTANCE parameter 'NWB_DesignPkg' on element 14855404
INFO | Element 14855404 | NWB_DesignPkg | Kind=Shared Parameter | Scope=instance | Storage=String | Old='' | New='NWB-GEN-ME-SCM-1091-A'
ERROR | Element 14855404 | Category=Duct Fittings | Family= | Parameter=NWB_BuildingPermitPkg | Reason=missing | Writable sample: AHU, AHU_AreaServed, AHU_Serves, AHU_Type, AHU_ZoneNumber, Building_No, COMPLETE Y/N, Classification.OmniClass.21.Description_INSTANCE, Classification.OmniClass.21.Number_INSTANCE, Classification.OmniClass.22.Description_INSTANCE, Classification.OmniClass.22.Number_INSTANCE, Classification.OmniClass.23.Description_INSTANCE, Classification.OmniClass.23.Number_INSTANCE, Classification.UniFormat.2010.Description, Classification.UniFormat.2010.Number, Comments, Description BOM Suffix, Duct Height1, Duct Length 1, Duct Width1
INFO | Candidate: NWB_WBS00 | Scope=instance | Storage=String | ReadOnly=False | Shared=True | Id=9214738
INFO | Writing INSTANCE parameter 'NWB_WBS00' on element 14855404
INFO | Element 14855404 | NWB_WBS00 | Kind=Shared Parameter | Scope=instance | Storage=String | Old='' | New='WBH'
INFO | Candidate: NWB_WBS01 | Scope=instance | Storage=String | ReadOnly=False | Shared=True | Id=9214798
INFO | Writing INSTANCE parameter 'NWB_WBS01' on element 14855404
INFO | Element 14855404 | NWB_WBS01 | Kind=Shared Parameter | Scope=instance | Storage=String | Old='' | New='HO'
INFO | Candidate: NWB_WBS02 | Scope=instance | Storage=String | ReadOnly=False | Shared=True | Id=9214786
INFO | Candidate: NWB_WBS03 | Scope=instance | Storage=String | ReadOnly=False | Shared=True | Id=9214750
INFO | Writing INSTANCE parameter 'NWB_WBS03' on element 14855404
INFO | Element 14855404 | NWB_WBS03 | Kind=Shared Parameter | Scope=instance | Storage=String | Old='' | New='IP3'
INFO | Candidate: NWB_WBS04 | Scope=instance | Storage=String | ReadOnly=False | Shared=True | Id=9214762
INFO | Writing INSTANCE parameter 'NWB_WBS04' on element 14855404
INFO | Element 14855404 | NWB_WBS04 | Kind=Shared Parameter | Scope=instance | Storage=String | Old='' | New='ME'
INFO | Candidate: NWB_WBS05 | Scope=instance | Storage=String | ReadOnly=False | Shared=True | Id=9214810
INFO | Writing INSTANCE parameter 'NWB_WBS05' on element 14855404
INFO | Element 14855404 | NWB_WBS05 | Kind=Shared Parameter | Scope=instance | Storage=String | Old='' | New='SI5'
INFO | Candidate: NWB_WBSCode | Scope=instance | Storage=String | ReadOnly=False | Shared=True | Id=9214774
INFO | Writing INSTANCE parameter 'NWB_WBSCode' on element 14855404
INFO | Element 14855404 | NWB_WBSCode | Kind=Shared Parameter | Scope=instance | Storage=String | Old='' | New='WBH-HO-09-IP3-ME-SI5'
SOURCE | Element 14855404 | Cat=Duct Fittings | Family=MHT-ME-DF-Square Cap-BMA | Type= | Level=LEVEL 09 | System=Return Air | LinkedRoomLink=NWB-ACD-WBH-MH-MOD-0001 | LinkedRoomNumber=IP3.11.C02 | LinkedRoomName=Corridor | LinkedRoomDept=Inpatient Obstetric 3 | LinkedRoomBuilding= | LinkedRoomSite= | LinkedRoomSource=connected:13056531:Duct Systems | ResolvedDept=Inpatient Obstetric 3 | ResolvedBuilding= | ResolvedSite= | DisciplineHint=mechanical | AssetCandidates=duct fittings, ductwork | WBS00=WBH | WBS01=HO | WBS03=IP3 | DesignPkg=NWB-GEN-ME-SCM-1091-A | BuildingPermitPkg=WBH - BP09
ELEMENT | 14855404 | Cat=Duct Fittings | AssetScore=45 | AssetTypeCode=MDUC | AssetType=Ductwork | AssetCategory=Ductwork | Targets=NWB_AssetTypeCode=MDUC; NWB_AssetType=Ductwork; NWB_Discipline=ME; NWB_Category=Ductwork; NWB_Department=Inpatient Obstetric 3; NWB_Material=9479096; NWB_System=Return Air; NWB_UniclassCode=Pr_65_65_25; NWB_UniclassDescription=Ductwork and fittings; NWB_DesignPkg=NWB-GEN-ME-SCM-1091-A; NWB_BuildingPermitPkg=WBH - BP09; NWB_WBS00=WBH; NWB_WBS01=HO; NWB_WBS02=09; NWB_WBS03=IP3; NWB_WBS04=ME; NWB_WBS05=SI5; NWB_WBSCode=WBH-HO-09-IP3-ME-SI5
INFO | Candidate: NWB_AssetTypeCode | Scope=instance | Storage=String | ReadOnly=False | Shared=True | Id=7626182
INFO | Writing INSTANCE parameter 'NWB_AssetTypeCode' on element 14855406
INFO | Element 14855406 | NWB_AssetTypeCode | Kind=Shared Parameter | Scope=instance | Storage=String | Old='' | New='MDUC'
INFO | Candidate: NWB_AssetType | Scope=instance | Storage=String | ReadOnly=False | Shared=True | Id=7626181
INFO | Writing INSTANCE parameter 'NWB_AssetType' on element 14855406
INFO | Element 14855406 | NWB_AssetType | Kind=Shared Parameter | Scope=instance | Storage=String | Old='' | New='Ductwork'
INFO | Candidate: NWB_Discipline | Scope=instance | Storage=String | ReadOnly=False | Shared=True | Id=7626159
INFO | Writing INSTANCE parameter 'NWB_Discipline' on element 14855406
INFO | Element 14855406 | NWB_Discipline | Kind=Shared Parameter | Scope=instance | Storage=String | Old='Mechanical' | New='ME'
INFO | Candidate: NWB_Category | Scope=instance | Storage=String | ReadOnly=False | Shared=True | Id=7626160
INFO | Writing INSTANCE parameter 'NWB_Category' on element 14855406
INFO | Element 14855406 | NWB_Category | Kind=Shared Parameter | Scope=instance | Storage=String | Old='' | New='Ductwork'
INFO | Candidate: NWB_System | Scope=instance | Storage=String | ReadOnly=False | Shared=True | Id=7626163
INFO | Writing INSTANCE parameter 'NWB_System' on element 14855406
INFO | Element 14855406 | NWB_System | Kind=Shared Parameter | Scope=instance | Storage=String | Old='Supply Air' | New='Return Air'
INFO | Candidate: NWB_UniclassCode | Scope=instance | Storage=String | ReadOnly=False | Shared=True | Id=7626165
INFO | Writing INSTANCE parameter 'NWB_UniclassCode' on element 14855406
INFO | Element 14855406 | NWB_UniclassCode | Kind=Shared Parameter | Scope=instance | Storage=String | Old='' | New='Pr_65_65_25'
INFO | Candidate: NWB_UniclassDescription | Scope=instance | Storage=String | ReadOnly=False | Shared=True | Id=7626166
INFO | Writing INSTANCE parameter 'NWB_UniclassDescription' on element 14855406
INFO | Element 14855406 | NWB_UniclassDescription | Kind=Shared Parameter | Scope=instance | Storage=String | Old='' | New='Ductwork and fittings'
INFO | Candidate: NWB_DesignPkg | Scope=instance | Storage=String | ReadOnly=False | Shared=True | Id=7626167
INFO | Writing INSTANCE parameter 'NWB_DesignPkg' on element 14855406
INFO | Element 14855406 | NWB_DesignPkg | Kind=Shared Parameter | Scope=instance | Storage=String | Old='' | New='NWB-GEN-ME-SCM-1091-A'
ERROR | Element 14855406 | Category=Duct Fittings | Family= | Parameter=NWB_BuildingPermitPkg | Reason=missing | Writable sample: AHU, AHU_AreaServed, AHU_Serves, AHU_Type, AHU_ZoneNumber, Building_No, COMPLETE Y/N, Classification.OmniClass.21.Description_INSTANCE, Classification.OmniClass.21.Number_INSTANCE, Classification.OmniClass.22.Description_INSTANCE, Classification.OmniClass.22.Number_INSTANCE, Classification.OmniClass.23.Description_INSTANCE, Classification.OmniClass.23.Number_INSTANCE, Classification.UniFormat.2010.Description, Classification.UniFormat.2010.Number, Comments, Description BOM Suffix, Duct Diameter, Ductwork Insulation - Lining, Elevation from Level
INFO | Candidate: NWB_WBS00 | Scope=instance | Storage=String | ReadOnly=False | Shared=True | Id=9214738
INFO | Writing INSTANCE parameter 'NWB_WBS00' on element 14855406
INFO | Element 14855406 | NWB_WBS00 | Kind=Shared Parameter | Scope=instance | Storage=String | Old='' | New='WBH'
INFO | Candidate: NWB_WBS01 | Scope=instance | Storage=String | ReadOnly=False | Shared=True | Id=9214798
INFO | Writing INSTANCE parameter 'NWB_WBS01' on element 14855406
INFO | Element 14855406 | NWB_WBS01 | Kind=Shared Parameter | Scope=instance | Storage=String | Old='' | New='HO'
INFO | Candidate: NWB_WBS02 | Scope=instance | Storage=String | ReadOnly=False | Shared=True | Id=9214786
INFO | Candidate: NWB_WBS03 | Scope=instance | Storage=String | ReadOnly=False | Shared=True | Id=9214750
INFO | Writing INSTANCE parameter 'NWB_WBS03' on element 14855406
INFO | Element 14855406 | NWB_WBS03 | Kind=Shared Parameter | Scope=instance | Storage=String | Old='' | New='Z00'
INFO | Candidate: NWB_WBS04 | Scope=instance | Storage=String | ReadOnly=False | Shared=True | Id=9214762
INFO | Writing INSTANCE parameter 'NWB_WBS04' on element 14855406
INFO | Element 14855406 | NWB_WBS04 | Kind=Shared Parameter | Scope=instance | Storage=String | Old='' | New='ME'
INFO | Candidate: NWB_WBS05 | Scope=instance | Storage=String | ReadOnly=False | Shared=True | Id=9214810
INFO | Writing INSTANCE parameter 'NWB_WBS05' on element 14855406
INFO | Element 14855406 | NWB_WBS05 | Kind=Shared Parameter | Scope=instance | Storage=String | Old='' | New='SI5'
INFO | Candidate: NWB_WBSCode | Scope=instance | Storage=String | ReadOnly=False | Shared=True | Id=9214774
INFO | Writing INSTANCE parameter 'NWB_WBSCode' on element 14855406
INFO | Element 14855406 | NWB_WBSCode | Kind=Shared Parameter | Scope=instance | Storage=String | Old='' | New='WBH-HO-09-Z00-ME-SI5'
SOURCE | Element 14855406 | Cat=Duct Fittings | Family=MHT_DF_Spigot | Type= | Level=LEVEL 09 | System=Return Air | LinkedRoomLink= | LinkedRoomNumber= | LinkedRoomName= | LinkedRoomDept= | LinkedRoomBuilding= | LinkedRoomSite= | LinkedRoomSource= | ResolvedDept= | ResolvedBuilding= | ResolvedSite= | DisciplineHint=mechanical | AssetCandidates=duct fittings, ductwork, damper, motorised damper | WBS00=WBH | WBS01=HO | WBS03=Z00 | DesignPkg=NWB-GEN-ME-SCM-1091-A | BuildingPermitPkg=WBH - BP09
WARN | Element 14855406 | Department unresolved | ExistingNWBDepartment= | ExistingWBS00= | ExistingWBS01= | ExistingDiscipline=Mechanical
ELEMENT | 14855406 | Cat=Duct Fittings | AssetScore=45 | AssetTypeCode=MDUC | AssetType=Ductwork | AssetCategory=Ductwork | Targets=NWB_AssetTypeCode=MDUC; NWB_AssetType=Ductwork; NWB_Discipline=ME; NWB_Category=Ductwork; NWB_Department=; NWB_Material=; NWB_System=Return Air; NWB_UniclassCode=Pr_65_65_25; NWB_UniclassDescription=Ductwork and fittings; NWB_DesignPkg=NWB-GEN-ME-SCM-1091-A; NWB_BuildingPermitPkg=WBH - BP09; NWB_WBS00=WBH; NWB_WBS01=HO; NWB_WBS02=09; NWB_WBS03=Z00; NWB_WBS04=ME; NWB_WBS05=SI5; NWB_WBSCode=WBH-HO-09-Z00-ME-SI5
INFO | Candidate: NWB_AssetTypeCode | Scope=instance | Storage=String | ReadOnly=False | Shared=True | Id=7626182
INFO | Writing INSTANCE parameter 'NWB_AssetTypeCode' on element 14855408
INFO | Element 14855408 | NWB_AssetTypeCode | Kind=Shared Parameter | Scope=instance | Storage=String | Old='' | New='MDUC'
INFO | Candidate: NWB_AssetType | Scope=instance | Storage=String | ReadOnly=False | Shared=True | Id=7626181
INFO | Writing INSTANCE parameter 'NWB_AssetType' on element 14855408
INFO | Element 14855408 | NWB_AssetType | Kind=Shared Parameter | Scope=instance | Storage=String | Old='' | New='Ductwork'
INFO | Candidate: NWB_Discipline | Scope=instance | Storage=String | ReadOnly=False | Shared=True | Id=7626159
INFO | Writing INSTANCE parameter 'NWB_Discipline' on element 14855408
INFO | Element 14855408 | NWB_Discipline | Kind=Shared Parameter | Scope=instance | Storage=String | Old='Mechanical' | New='ME'
INFO | Candidate: NWB_Category | Scope=instance | Storage=String | ReadOnly=False | Shared=True | Id=7626160
INFO | Writing INSTANCE parameter 'NWB_Category' on element 14855408
INFO | Element 14855408 | NWB_Category | Kind=Shared Parameter | Scope=instance | Storage=String | Old='' | New='Ductwork'
INFO | Candidate: NWB_Department | Scope=instance | Storage=String | ReadOnly=False | Shared=True | Id=7626168
INFO | Writing INSTANCE parameter 'NWB_Department' on element 14855408
INFO | Element 14855408 | NWB_Department | Kind=Shared Parameter | Scope=instance | Storage=String | Old='' | New='Inpatient Obstetric 3'
INFO | Candidate: NWB_System | Scope=instance | Storage=String | ReadOnly=False | Shared=True | Id=7626163
INFO | Candidate: NWB_UniclassCode | Scope=instance | Storage=String | ReadOnly=False | Shared=True | Id=7626165
INFO | Writing INSTANCE parameter 'NWB_UniclassCode' on element 14855408
INFO | Element 14855408 | NWB_UniclassCode | Kind=Shared Parameter | Scope=instance | Storage=String | Old='' | New='Pr_65_65_25'
INFO | Candidate: NWB_UniclassDescription | Scope=instance | Storage=String | ReadOnly=False | Shared=True | Id=7626166
INFO | Writing INSTANCE parameter 'NWB_UniclassDescription' on element 14855408
INFO | Element 14855408 | NWB_UniclassDescription | Kind=Shared Parameter | Scope=instance | Storage=String | Old='' | New='Ductwork and fittings'
INFO | Candidate: NWB_DesignPkg | Scope=instance | Storage=String | ReadOnly=False | Shared=True | Id=7626167
INFO | Writing INSTANCE parameter 'NWB_DesignPkg' on element 14855408
INFO | Element 14855408 | NWB_DesignPkg | Kind=Shared Parameter | Scope=instance | Storage=String | Old='' | New='NWB-GEN-ME-SCM-1091-A'
ERROR | Element 14855408 | Category=Duct Fittings | Family= | Parameter=NWB_BuildingPermitPkg | Reason=missing | Writable sample: AHU, AHU_AreaServed, AHU_Serves, AHU_Type, AHU_ZoneNumber, Angle, Building_No, COMPLETE Y/N, Classification.OmniClass.21.Description_INSTANCE, Classification.OmniClass.21.Number_INSTANCE, Classification.OmniClass.22.Description_INSTANCE, Classification.OmniClass.22.Number_INSTANCE, Classification.OmniClass.23.Description_INSTANCE, Classification.OmniClass.23.Number_INSTANCE, Classification.UniFormat.2010.Description, Classification.UniFormat.2010.Number, Comments, Description BOM Suffix, Ductwork Insulation - Lining, Elevation from Level
INFO | Candidate: NWB_WBS00 | Scope=instance | Storage=String | ReadOnly=False | Shared=True | Id=9214738
INFO | Writing INSTANCE parameter 'NWB_WBS00' on element 14855408
INFO | Element 14855408 | NWB_WBS00 | Kind=Shared Parameter | Scope=instance | Storage=String | Old='' | New='WBH'
INFO | Candidate: NWB_WBS01 | Scope=instance | Storage=String | ReadOnly=False | Shared=True | Id=9214798
INFO | Writing INSTANCE parameter 'NWB_WBS01' on element 14855408
INFO | Element 14855408 | NWB_WBS01 | Kind=Shared Parameter | Scope=instance | Storage=String | Old='' | New='HO'
INFO | Candidate: NWB_WBS02 | Scope=instance | Storage=String | ReadOnly=False | Shared=True | Id=9214786
INFO | Candidate: NWB_WBS03 | Scope=instance | Storage=String | ReadOnly=False | Shared=True | Id=9214750
INFO | Writing INSTANCE parameter 'NWB_WBS03' on element 14855408
INFO | Element 14855408 | NWB_WBS03 | Kind=Shared Parameter | Scope=instance | Storage=String | Old='' | New='IP3'
INFO | Candidate: NWB_WBS04 | Scope=instance | Storage=String | ReadOnly=False | Shared=True | Id=9214762
INFO | Writing INSTANCE parameter 'NWB_WBS04' on element 14855408
INFO | Element 14855408 | NWB_WBS04 | Kind=Shared Parameter | Scope=instance | Storage=String | Old='' | New='ME'
INFO | Candidate: NWB_WBS05 | Scope=instance | Storage=String | ReadOnly=False | Shared=True | Id=9214810
INFO | Writing INSTANCE parameter 'NWB_WBS05' on element 14855408
INFO | Element 14855408 | NWB_WBS05 | Kind=Shared Parameter | Scope=instance | Storage=String | Old='' | New='SI5'
INFO | Candidate: NWB_WBSCode | Scope=instance | Storage=String | ReadOnly=False | Shared=True | Id=9214774
INFO | Writing INSTANCE parameter 'NWB_WBSCode' on element 14855408
INFO | Element 14855408 | NWB_WBSCode | Kind=Shared Parameter | Scope=instance | Storage=String | Old='' | New='WBH-HO-09-IP3-ME-SI5'
SOURCE | Element 14855408 | Cat=Duct Fittings | Family=MHT-ME-DF-Rectangular Shoe Branch - Flanged | Type= | Level=LEVEL 09 | System=Return Air | LinkedRoomLink=NWB-ACD-WBH-MH-MOD-0001 | LinkedRoomNumber=IP3.11.C02 | LinkedRoomName=Corridor | LinkedRoomDept=Inpatient Obstetric 3 | LinkedRoomBuilding= | LinkedRoomSite= | LinkedRoomSource=connected:13056531:Duct Systems | ResolvedDept=Inpatient Obstetric 3 | ResolvedBuilding= | ResolvedSite= | DisciplineHint=mechanical | AssetCandidates=duct fittings, ductwork | WBS00=WBH | WBS01=HO | WBS03=IP3 | DesignPkg=NWB-GEN-ME-SCM-1091-A | BuildingPermitPkg=WBH - BP09
ELEMENT | 14855408 | Cat=Duct Fittings | AssetScore=45 | AssetTypeCode=MDUC | AssetType=Ductwork | AssetCategory=Ductwork | Targets=NWB_AssetTypeCode=MDUC; NWB_AssetType=Ductwork; NWB_Discipline=ME; NWB_Category=Ductwork; NWB_Department=Inpatient Obstetric 3; NWB_Material=; NWB_System=Return Air; NWB_UniclassCode=Pr_65_65_25; NWB_UniclassDescription=Ductwork and fittings; NWB_DesignPkg=NWB-GEN-ME-SCM-1091-A; NWB_BuildingPermitPkg=WBH - BP09; NWB_WBS00=WBH; NWB_WBS01=HO; NWB_WBS02=09; NWB_WBS03=IP3; NWB_WBS04=ME; NWB_WBS05=SI5; NWB_WBSCode=WBH-HO-09-IP3-ME-SI5
INFO | Candidate: NWB_AssetTypeCode | Scope=instance | Storage=String | ReadOnly=False | Shared=True | Id=7626182
INFO | Candidate: NWB_AssetType | Scope=instance | Storage=String | ReadOnly=False | Shared=True | Id=7626181
INFO | Candidate: NWB_Discipline | Scope=instance | Storage=String | ReadOnly=False | Shared=True | Id=7626159
INFO | Candidate: NWB_Category | Scope=instance | Storage=String | ReadOnly=False | Shared=True | Id=7626160
INFO | Candidate: NWB_System | Scope=instance | Storage=String | ReadOnly=False | Shared=True | Id=7626163
INFO | Candidate: NWB_UniclassCode | Scope=instance | Storage=String | ReadOnly=False | Shared=True | Id=7626165
INFO | Candidate: NWB_UniclassDescription | Scope=instance | Storage=String | ReadOnly=False | Shared=True | Id=7626166
INFO | Candidate: NWB_DesignPkg | Scope=instance | Storage=String | ReadOnly=False | Shared=True | Id=7626167
ERROR | Element 14855412 | Category=Ducts | Family= | Parameter=NWB_BuildingPermitPkg | Reason=missing | Writable sample: AHU, AHU_AreaServed, AHU_Serves, AHU_Type, AHU_ZoneNumber, Additional Flow, Building_No, COMPLETE Y/N, Classification.OmniClass.21.Description_INSTANCE, Classification.OmniClass.21.Number_INSTANCE, Classification.OmniClass.22.Description_INSTANCE, Classification.OmniClass.22.Number_INSTANCE, Classification.OmniClass.23.Description_INSTANCE, Classification.OmniClass.23.Number_INSTANCE, Classification.UniFormat.2010.Description, Classification.UniFormat.2010.Number, Comments, DUCT NUMBER, Description BOM Suffix, Duct Number
INFO | Candidate: NWB_WBS00 | Scope=instance | Storage=String | ReadOnly=False | Shared=True | Id=9214738
INFO | Candidate: NWB_WBS01 | Scope=instance | Storage=String | ReadOnly=False | Shared=True | Id=9214798
INFO | Candidate: NWB_WBS02 | Scope=instance | Storage=String | ReadOnly=False | Shared=True | Id=9214786
INFO | Candidate: NWB_WBS03 | Scope=instance | Storage=String | ReadOnly=False | Shared=True | Id=9214750
INFO | Candidate: NWB_WBS04 | Scope=instance | Storage=String | ReadOnly=False | Shared=True | Id=9214762
INFO | Candidate: NWB_WBS05 | Scope=instance | Storage=String | ReadOnly=False | Shared=True | Id=9214810
INFO | Writing INSTANCE parameter 'NWB_WBS05' on element 14855412
INFO | Element 14855412 | NWB_WBS05 | Kind=Shared Parameter | Scope=instance | Storage=String | Old='SP' | New='SI5'
INFO | Candidate: NWB_WBSCode | Scope=instance | Storage=String | ReadOnly=False | Shared=True | Id=9214774
INFO | Writing INSTANCE parameter 'NWB_WBSCode' on element 14855412
INFO | Element 14855412 | NWB_WBSCode | Kind=Shared Parameter | Scope=instance | Storage=String | Old='WBH-HO-09-Z00-ME-SP' | New='WBH-HO-09-Z00-ME-SI5'
SOURCE | Element 14855412 | Cat=Ducts | Family=Rectangular Duct | Type= | Level=LEVEL 09 | System=Return Air | LinkedRoomLink= | LinkedRoomNumber= | LinkedRoomName= | LinkedRoomDept= | LinkedRoomBuilding= | LinkedRoomSite= | LinkedRoomSource= | ResolvedDept= | ResolvedBuilding= | ResolvedSite= | DisciplineHint=mechanical | AssetCandidates=ducts, ductwork | WBS00=WBH | WBS01=HO | WBS03=Z00 | DesignPkg=NWB-GEN-ME-SCM-1091-A | BuildingPermitPkg=WBH - BP09
WARN | Element 14855412 | Department unresolved | ExistingNWBDepartment= | ExistingWBS00=WBH | ExistingWBS01=HO | ExistingDiscipline=ME
ELEMENT | 14855412 | Cat=Ducts | AssetScore=45 | AssetTypeCode=MDUC | AssetType=Ductwork | AssetCategory=Ductwork | Targets=NWB_AssetTypeCode=MDUC; NWB_AssetType=Ductwork; NWB_Discipline=ME; NWB_Category=Ductwork; NWB_Department=; NWB_Material=; NWB_System=Return Air; NWB_UniclassCode=Pr_65_65_25; NWB_UniclassDescription=Ductwork and fittings; NWB_DesignPkg=NWB-GEN-ME-SCM-1091-A; NWB_BuildingPermitPkg=WBH - BP09; NWB_WBS00=WBH; NWB_WBS01=HO; NWB_WBS02=09; NWB_WBS03=Z00; NWB_WBS04=ME; NWB_WBS05=SI5; NWB_WBSCode=WBH-HO-09-Z00-ME-SI5
INFO | Candidate: NWB_AssetTypeCode | Scope=instance | Storage=String | ReadOnly=False | Shared=True | Id=7626182
INFO | Candidate: NWB_AssetType | Scope=instance | Storage=String | ReadOnly=False | Shared=True | Id=7626181
INFO | Candidate: NWB_Discipline | Scope=instance | Storage=String | ReadOnly=False | Shared=True | Id=7626159
INFO | Candidate: NWB_Category | Scope=instance | Storage=String | ReadOnly=False | Shared=True | Id=7626160
INFO | Candidate: NWB_System | Scope=instance | Storage=String | ReadOnly=False | Shared=True | Id=7626163
INFO | Candidate: NWB_UniclassCode | Scope=instance | Storage=String | ReadOnly=False | Shared=True | Id=7626165
INFO | Candidate: NWB_UniclassDescription | Scope=instance | Storage=String | ReadOnly=False | Shared=True | Id=7626166
INFO | Candidate: NWB_DesignPkg | Scope=instance | Storage=String | ReadOnly=False | Shared=True | Id=7626167
ERROR | Element 14855413 | Category=Ducts | Family= | Parameter=NWB_BuildingPermitPkg | Reason=missing | Writable sample: AHU, AHU_AreaServed, AHU_Serves, AHU_Type, AHU_ZoneNumber, Additional Flow, Building_No, COMPLETE Y/N, Classification.OmniClass.21.Description_INSTANCE, Classification.OmniClass.21.Number_INSTANCE, Classification.OmniClass.22.Description_INSTANCE, Classification.OmniClass.22.Number_INSTANCE, Classification.OmniClass.23.Description_INSTANCE, Classification.OmniClass.23.Number_INSTANCE, Classification.UniFormat.2010.Description, Classification.UniFormat.2010.Number, Comments, DUCT NUMBER, Description BOM Suffix, Duct Number
INFO | Candidate: NWB_WBS00 | Scope=instance | Storage=String | ReadOnly=False | Shared=True | Id=9214738
INFO | Candidate: NWB_WBS01 | Scope=instance | Storage=String | ReadOnly=False | Shared=True | Id=9214798
INFO | Candidate: NWB_WBS02 | Scope=instance | Storage=String | ReadOnly=False | Shared=True | Id=9214786
INFO | Candidate: NWB_WBS03 | Scope=instance | Storage=String | ReadOnly=False | Shared=True | Id=9214750
INFO | Candidate: NWB_WBS04 | Scope=instance | Storage=String | ReadOnly=False | Shared=True | Id=9214762
INFO | Candidate: NWB_WBS05 | Scope=instance | Storage=String | ReadOnly=False | Shared=True | Id=9214810
INFO | Writing INSTANCE parameter 'NWB_WBS05' on element 14855413
INFO | Element 14855413 | NWB_WBS05 | Kind=Shared Parameter | Scope=instance | Storage=String | Old='SP' | New='SI5'
INFO | Candidate: NWB_WBSCode | Scope=instance | Storage=String | ReadOnly=False | Shared=True | Id=9214774
INFO | Writing INSTANCE parameter 'NWB_WBSCode' on element 14855413
INFO | Element 14855413 | NWB_WBSCode | Kind=Shared Parameter | Scope=instance | Storage=String | Old='WBH-HO-09-Z00-ME-SP' | New='WBH-HO-09-Z00-ME-SI5'
SOURCE | Element 14855413 | Cat=Ducts | Family=Rectangular Duct | Type= | Level=LEVEL 09 | System=Return Air | LinkedRoomLink= | LinkedRoomNumber= | LinkedRoomName= | LinkedRoomDept= | LinkedRoomBuilding= | LinkedRoomSite= | LinkedRoomSource= | ResolvedDept= | ResolvedBuilding= | ResolvedSite= | DisciplineHint=mechanical | AssetCandidates=ducts, ductwork | WBS00=WBH | WBS01=HO | WBS03=Z00 | DesignPkg=NWB-GEN-ME-SCM-1091-A | BuildingPermitPkg=WBH - BP09
WARN | Element 14855413 | Department unresolved | ExistingNWBDepartment= | ExistingWBS00=WBH | ExistingWBS01=HO | ExistingDiscipline=ME
ELEMENT | 14855413 | Cat=Ducts | AssetScore=45 | AssetTypeCode=MDUC | AssetType=Ductwork | AssetCategory=Ductwork | Targets=NWB_AssetTypeCode=MDUC; NWB_AssetType=Ductwork; NWB_Discipline=ME; NWB_Category=Ductwork; NWB_Department=; NWB_Material=; NWB_System=Return Air; NWB_UniclassCode=Pr_65_65_25; NWB_UniclassDescription=Ductwork and fittings; NWB_DesignPkg=NWB-GEN-ME-SCM-1091-A; NWB_BuildingPermitPkg=WBH - BP09; NWB_WBS00=WBH; NWB_WBS01=HO; NWB_WBS02=09; NWB_WBS03=Z00; NWB_WBS04=ME; NWB_WBS05=SI5; NWB_WBSCode=WBH-HO-09-Z00-ME-SI5
INFO | Candidate: NWB_AssetTypeCode | Scope=instance | Storage=String | ReadOnly=False | Shared=True | Id=3045149
INFO | Candidate: NWB_AssetTypeCode | Scope=instance | Storage=String | ReadOnly=False | Shared=True | Id=7626182
INFO | Found 2 parameters named NWB_AssetTypeCode
INFO | SELECTED | Shared Parameter | Scope=instance | ReadOnly=False | Id=3045149
INFO | SELECTED | Shared Parameter | Scope=instance | ReadOnly=False | Id=7626182
INFO | Writing INSTANCE parameter 'NWB_AssetTypeCode' on element 14855414
INFO | Element 14855414 | NWB_AssetTypeCode | Kind=Shared Parameter | Scope=instance | Storage=String | Old='' | New='MDUC'
INFO | Writing INSTANCE parameter 'NWB_AssetTypeCode' on element 14855414
INFO | Element 14855414 | NWB_AssetTypeCode | Kind=Shared Parameter | Scope=instance | Storage=String | Old='' | New='MDUC'
INFO | Candidate: NWB_AssetType | Scope=instance | Storage=String | ReadOnly=False | Shared=True | Id=3045150
INFO | Candidate: NWB_AssetType | Scope=instance | Storage=String | ReadOnly=False | Shared=True | Id=7626181
INFO | Found 2 parameters named NWB_AssetType
INFO | SELECTED | Shared Parameter | Scope=instance | ReadOnly=False | Id=3045150
INFO | SELECTED | Shared Parameter | Scope=instance | ReadOnly=False | Id=7626181
INFO | Writing INSTANCE parameter 'NWB_AssetType' on element 14855414
INFO | Element 14855414 | NWB_AssetType | Kind=Shared Parameter | Scope=instance | Storage=String | Old='' | New='Ductwork'
INFO | Writing INSTANCE parameter 'NWB_AssetType' on element 14855414
INFO | Element 14855414 | NWB_AssetType | Kind=Shared Parameter | Scope=instance | Storage=String | Old='' | New='Ductwork'
INFO | Candidate: NWB_Discipline | Scope=instance | Storage=String | ReadOnly=False | Shared=True | Id=3045151
INFO | Candidate: NWB_Discipline | Scope=instance | Storage=String | ReadOnly=False | Shared=True | Id=7626159
INFO | Found 2 parameters named NWB_Discipline
INFO | SELECTED | Shared Parameter | Scope=instance | ReadOnly=False | Id=3045151
INFO | SELECTED | Shared Parameter | Scope=instance | ReadOnly=False | Id=7626159
INFO | Writing INSTANCE parameter 'NWB_Discipline' on element 14855414
INFO | Element 14855414 | NWB_Discipline | Kind=Shared Parameter | Scope=instance | Storage=String | Old='Mechanical' | New='ME'
INFO | Writing INSTANCE parameter 'NWB_Discipline' on element 14855414
INFO | Element 14855414 | NWB_Discipline | Kind=Shared Parameter | Scope=instance | Storage=String | Old='Mechanical' | New='ME'
INFO | Candidate: NWB_Category | Scope=instance | Storage=String | ReadOnly=False | Shared=True | Id=3045152
INFO | Candidate: NWB_Category | Scope=instance | Storage=String | ReadOnly=False | Shared=True | Id=7626160
INFO | Found 2 parameters named NWB_Category
INFO | SELECTED | Shared Parameter | Scope=instance | ReadOnly=False | Id=3045152
INFO | SELECTED | Shared Parameter | Scope=instance | ReadOnly=False | Id=7626160
INFO | Writing INSTANCE parameter 'NWB_Category' on element 14855414
INFO | Element 14855414 | NWB_Category | Kind=Shared Parameter | Scope=instance | Storage=String | Old='' | New='Ductwork'
INFO | Writing INSTANCE parameter 'NWB_Category' on element 14855414
INFO | Element 14855414 | NWB_Category | Kind=Shared Parameter | Scope=instance | Storage=String | Old='' | New='Ductwork'
INFO | Candidate: NWB_System | Scope=instance | Storage=String | ReadOnly=False | Shared=True | Id=3045155
INFO | Candidate: NWB_System | Scope=instance | Storage=String | ReadOnly=False | Shared=True | Id=7626163
INFO | Found 2 parameters named NWB_System
INFO | SELECTED | Shared Parameter | Scope=instance | ReadOnly=False | Id=3045155
INFO | SELECTED | Shared Parameter | Scope=instance | ReadOnly=False | Id=7626163
INFO | Writing INSTANCE parameter 'NWB_System' on element 14855414
INFO | Element 14855414 | NWB_System | Kind=Shared Parameter | Scope=instance | Storage=String | Old='' | New='Return Air'
INFO | Candidate: NWB_UniclassCode | Scope=instance | Storage=String | ReadOnly=False | Shared=True | Id=3045156
INFO | Candidate: NWB_UniclassCode | Scope=instance | Storage=String | ReadOnly=False | Shared=True | Id=7626165
INFO | Found 2 parameters named NWB_UniclassCode
INFO | SELECTED | Shared Parameter | Scope=instance | ReadOnly=False | Id=3045156
INFO | SELECTED | Shared Parameter | Scope=instance | ReadOnly=False | Id=7626165
INFO | Writing INSTANCE parameter 'NWB_UniclassCode' on element 14855414
INFO | Element 14855414 | NWB_UniclassCode | Kind=Shared Parameter | Scope=instance | Storage=String | Old='' | New='Pr_65_65_25'
INFO | Writing INSTANCE parameter 'NWB_UniclassCode' on element 14855414
INFO | Element 14855414 | NWB_UniclassCode | Kind=Shared Parameter | Scope=instance | Storage=String | Old='' | New='Pr_65_65_25'
INFO | Candidate: NWB_UniclassDescription | Scope=instance | Storage=String | ReadOnly=False | Shared=True | Id=3045157
INFO | Candidate: NWB_UniclassDescription | Scope=instance | Storage=String | ReadOnly=False | Shared=True | Id=7626166
INFO | Found 2 parameters named NWB_UniclassDescription
INFO | SELECTED | Shared Parameter | Scope=instance | ReadOnly=False | Id=3045157
INFO | SELECTED | Shared Parameter | Scope=instance | ReadOnly=False | Id=7626166
INFO | Writing INSTANCE parameter 'NWB_UniclassDescription' on element 14855414
INFO | Element 14855414 | NWB_UniclassDescription | Kind=Shared Parameter | Scope=instance | Storage=String | Old='' | New='Ductwork and fittings'
INFO | Writing INSTANCE parameter 'NWB_UniclassDescription' on element 14855414
INFO | Element 14855414 | NWB_UniclassDescription | Kind=Shared Parameter | Scope=instance | Storage=String | Old='' | New='Ductwork and fittings'
INFO | Candidate: NWB_DesignPkg | Scope=instance | Storage=String | ReadOnly=False | Shared=True | Id=3045158
INFO | Candidate: NWB_DesignPkg | Scope=instance | Storage=String | ReadOnly=False | Shared=True | Id=7626167
INFO | Found 2 parameters named NWB_DesignPkg
INFO | SELECTED | Shared Parameter | Scope=instance | ReadOnly=False | Id=3045158
INFO | SELECTED | Shared Parameter | Scope=instance | ReadOnly=False | Id=7626167
INFO | Writing INSTANCE parameter 'NWB_DesignPkg' on element 14855414
INFO | Element 14855414 | NWB_DesignPkg | Kind=Shared Parameter | Scope=instance | Storage=String | Old='' | New='NWB-GEN-ME-SCM-1091-A'
INFO | Writing INSTANCE parameter 'NWB_DesignPkg' on element 14855414
INFO | Element 14855414 | NWB_DesignPkg | Kind=Shared Parameter | Scope=instance | Storage=String | Old='' | New='NWB-GEN-ME-SCM-1091-A'
ERROR | Element 14855414 | Category=Duct Fittings | Family= | Parameter=NWB_BuildingPermitPkg | Reason=missing | Writable sample: AHU, AHU_AreaServed, AHU_Serves, AHU_Type, AHU_ZoneNumber, Building_No, COMPLETE Y/N, Classification.OmniClass.21.Description_INSTANCE, Classification.OmniClass.21.Number_INSTANCE, Classification.OmniClass.22.Description_INSTANCE, Classification.OmniClass.22.Number_INSTANCE, Classification.OmniClass.23.Description_INSTANCE, Classification.OmniClass.23.Number_INSTANCE, Classification.UniFormat.2010.Description, Classification.UniFormat.2010.Number, Comments, Description BOM Suffix, Duct Height, Duct Width, Ductwork Insulation - Lining
INFO | Candidate: NWB_WBS00 | Scope=instance | Storage=String | ReadOnly=False | Shared=True | Id=9214738
INFO | Writing INSTANCE parameter 'NWB_WBS00' on element 14855414
INFO | Element 14855414 | NWB_WBS00 | Kind=Shared Parameter | Scope=instance | Storage=String | Old='' | New='WBH'
INFO | Candidate: NWB_WBS01 | Scope=instance | Storage=String | ReadOnly=False | Shared=True | Id=9214798
INFO | Writing INSTANCE parameter 'NWB_WBS01' on element 14855414
INFO | Element 14855414 | NWB_WBS01 | Kind=Shared Parameter | Scope=instance | Storage=String | Old='' | New='HO'
INFO | Candidate: NWB_WBS02 | Scope=instance | Storage=String | ReadOnly=False | Shared=True | Id=9214786
INFO | Candidate: NWB_WBS03 | Scope=instance | Storage=String | ReadOnly=False | Shared=True | Id=9214750
INFO | Writing INSTANCE parameter 'NWB_WBS03' on element 14855414
INFO | Element 14855414 | NWB_WBS03 | Kind=Shared Parameter | Scope=instance | Storage=String | Old='' | New='Z00'
INFO | Candidate: NWB_WBS04 | Scope=instance | Storage=String | ReadOnly=False | Shared=True | Id=9214762
INFO | Writing INSTANCE parameter 'NWB_WBS04' on element 14855414
INFO | Element 14855414 | NWB_WBS04 | Kind=Shared Parameter | Scope=instance | Storage=String | Old='' | New='ME'
INFO | Candidate: NWB_WBS05 | Scope=instance | Storage=String | ReadOnly=False | Shared=True | Id=9214810
INFO | Writing INSTANCE parameter 'NWB_WBS05' on element 14855414
INFO | Element 14855414 | NWB_WBS05 | Kind=Shared Parameter | Scope=instance | Storage=String | Old='' | New='SI5'
INFO | Candidate: NWB_WBSCode | Scope=instance | Storage=String | ReadOnly=False | Shared=True | Id=9214774
INFO | Writing INSTANCE parameter 'NWB_WBSCode' on element 14855414
INFO | Element 14855414 | NWB_WBSCode | Kind=Shared Parameter | Scope=instance | Storage=String | Old='' | New='WBH-HO-09-Z00-ME-SI5'
SOURCE | Element 14855414 | Cat=Duct Fittings | Family=MHT-ME-DF-Rectangular Short Radius Bend - Flanged | Type= | Level=LEVEL 09 | System=Return Air | LinkedRoomLink= | LinkedRoomNumber= | LinkedRoomName= | LinkedRoomDept= | LinkedRoomBuilding= | LinkedRoomSite= | LinkedRoomSource= | ResolvedDept= | ResolvedBuilding= | ResolvedSite= | DisciplineHint=mechanical | AssetCandidates=duct fittings, ductwork | WBS00=WBH | WBS01=HO | WBS03=Z00 | DesignPkg=NWB-GEN-ME-SCM-1091-A | BuildingPermitPkg=WBH - BP09
WARN | Element 14855414 | Department unresolved | ExistingNWBDepartment= | ExistingWBS00= | ExistingWBS01= | ExistingDiscipline=Mechanical
ELEMENT | 14855414 | Cat=Duct Fittings | AssetScore=45 | AssetTypeCode=MDUC | AssetType=Ductwork | AssetCategory=Ductwork | Targets=NWB_AssetTypeCode=MDUC; NWB_AssetType=Ductwork; NWB_Discipline=ME; NWB_Category=Ductwork; NWB_Department=; NWB_Material=; NWB_System=Return Air; NWB_UniclassCode=Pr_65_65_25; NWB_UniclassDescription=Ductwork and fittings; NWB_DesignPkg=NWB-GEN-ME-SCM-1091-A; NWB_BuildingPermitPkg=WBH - BP09; NWB_WBS00=WBH; NWB_WBS01=HO; NWB_WBS02=09; NWB_WBS03=Z00; NWB_WBS04=ME; NWB_WBS05=SI5; NWB_WBSCode=WBH-HO-09-Z00-ME-SI5
INFO | Candidate: NWB_AssetTypeCode | Scope=instance | Storage=String | ReadOnly=False | Shared=True | Id=7626182
INFO | Candidate: NWB_AssetType | Scope=instance | Storage=String | ReadOnly=False | Shared=True | Id=7626181
INFO | Candidate: NWB_Discipline | Scope=instance | Storage=String | ReadOnly=False | Shared=True | Id=7626159
INFO | Candidate: NWB_Category | Scope=instance | Storage=String | ReadOnly=False | Shared=True | Id=7626160
INFO | Candidate: NWB_Department | Scope=instance | Storage=String | ReadOnly=False | Shared=True | Id=7626168
INFO | Writing INSTANCE parameter 'NWB_Department' on element 14855415
INFO | Element 14855415 | NWB_Department | Kind=Shared Parameter | Scope=instance | Storage=String | Old='' | New='Inpatient Obstetric 3'
INFO | Candidate: NWB_System | Scope=instance | Storage=String | ReadOnly=False | Shared=True | Id=7626163
INFO | Candidate: NWB_UniclassCode | Scope=instance | Storage=String | ReadOnly=False | Shared=True | Id=7626165
INFO | Candidate: NWB_UniclassDescription | Scope=instance | Storage=String | ReadOnly=False | Shared=True | Id=7626166
INFO | Candidate: NWB_DesignPkg | Scope=instance | Storage=String | ReadOnly=False | Shared=True | Id=7626167
ERROR | Element 14855415 | Category=Ducts | Family= | Parameter=NWB_BuildingPermitPkg | Reason=missing | Writable sample: AHU, AHU_AreaServed, AHU_Serves, AHU_Type, AHU_ZoneNumber, Additional Flow, Building_No, COMPLETE Y/N, Classification.OmniClass.21.Description_INSTANCE, Classification.OmniClass.21.Number_INSTANCE, Classification.OmniClass.22.Description_INSTANCE, Classification.OmniClass.22.Number_INSTANCE, Classification.OmniClass.23.Description_INSTANCE, Classification.OmniClass.23.Number_INSTANCE, Classification.UniFormat.2010.Description, Classification.UniFormat.2010.Number, Comments, DUCT NUMBER, Description BOM Suffix, Duct Number
INFO | Candidate: NWB_WBS00 | Scope=instance | Storage=String | ReadOnly=False | Shared=True | Id=9214738
INFO | Candidate: NWB_WBS01 | Scope=instance | Storage=String | ReadOnly=False | Shared=True | Id=9214798
INFO | Candidate: NWB_WBS02 | Scope=instance | Storage=String | ReadOnly=False | Shared=True | Id=9214786
INFO | Candidate: NWB_WBS03 | Scope=instance | Storage=String | ReadOnly=False | Shared=True | Id=9214750
INFO | Writing INSTANCE parameter 'NWB_WBS03' on element 14855415
INFO | Element 14855415 | NWB_WBS03 | Kind=Shared Parameter | Scope=instance | Storage=String | Old='Z00' | New='IP3'
INFO | Candidate: NWB_WBS04 | Scope=instance | Storage=String | ReadOnly=False | Shared=True | Id=9214762
INFO | Candidate: NWB_WBS05 | Scope=instance | Storage=String | ReadOnly=False | Shared=True | Id=9214810
INFO | Writing INSTANCE parameter 'NWB_WBS05' on element 14855415
INFO | Element 14855415 | NWB_WBS05 | Kind=Shared Parameter | Scope=instance | Storage=String | Old='SP' | New='SI5'
INFO | Candidate: NWB_WBSCode | Scope=instance | Storage=String | ReadOnly=False | Shared=True | Id=9214774
INFO | Writing INSTANCE parameter 'NWB_WBSCode' on element 14855415
INFO | Element 14855415 | NWB_WBSCode | Kind=Shared Parameter | Scope=instance | Storage=String | Old='WBH-HO-09-Z00-ME-SP' | New='WBH-HO-09-IP3-ME-SI5'
SOURCE | Element 14855415 | Cat=Ducts | Family=Rectangular Duct | Type= | Level=LEVEL 09 | System=Return Air | LinkedRoomLink=NWB-ACD-WBH-MH-MOD-0001 | LinkedRoomNumber=IP3.11.C02 | LinkedRoomName=Corridor | LinkedRoomDept=Inpatient Obstetric 3 | LinkedRoomBuilding= | LinkedRoomSite= | LinkedRoomSource=connected:13056531:Duct Systems | ResolvedDept=Inpatient Obstetric 3 | ResolvedBuilding= | ResolvedSite= | DisciplineHint=mechanical | AssetCandidates=ducts, ductwork | WBS00=WBH | WBS01=HO | WBS03=IP3 | DesignPkg=NWB-GEN-ME-SCM-1091-A | BuildingPermitPkg=WBH - BP09
ELEMENT | 14855415 | Cat=Ducts | AssetScore=45 | AssetTypeCode=MDUC | AssetType=Ductwork | AssetCategory=Ductwork | Targets=NWB_AssetTypeCode=MDUC; NWB_AssetType=Ductwork; NWB_Discipline=ME; NWB_Category=Ductwork; NWB_Department=Inpatient Obstetric 3; NWB_Material=; NWB_System=Return Air; NWB_UniclassCode=Pr_65_65_25; NWB_UniclassDescription=Ductwork and fittings; NWB_DesignPkg=NWB-GEN-ME-SCM-1091-A; NWB_BuildingPermitPkg=WBH - BP09; NWB_WBS00=WBH; NWB_WBS01=HO; NWB_WBS02=09; NWB_WBS03=IP3; NWB_WBS04=ME; NWB_WBS05=SI5; NWB_WBSCode=WBH-HO-09-IP3-ME-SI5
INFO | Candidate: NWB_AssetTypeCode | Scope=instance | Storage=String | ReadOnly=False | Shared=True | Id=3045149
INFO | Candidate: NWB_AssetTypeCode | Scope=instance | Storage=String | ReadOnly=False | Shared=True | Id=7626182
INFO | Found 2 parameters named NWB_AssetTypeCode
INFO | SELECTED | Shared Parameter | Scope=instance | ReadOnly=False | Id=3045149
INFO | SELECTED | Shared Parameter | Scope=instance | ReadOnly=False | Id=7626182
INFO | Writing INSTANCE parameter 'NWB_AssetTypeCode' on element 14855417
INFO | Element 14855417 | NWB_AssetTypeCode | Kind=Shared Parameter | Scope=instance | Storage=String | Old='' | New='MDUC'
INFO | Writing INSTANCE parameter 'NWB_AssetTypeCode' on element 14855417
INFO | Element 14855417 | NWB_AssetTypeCode | Kind=Shared Parameter | Scope=instance | Storage=String | Old='' | New='MDUC'
INFO | Candidate: NWB_AssetType | Scope=instance | Storage=String | ReadOnly=False | Shared=True | Id=3045150
INFO | Candidate: NWB_AssetType | Scope=instance | Storage=String | ReadOnly=False | Shared=True | Id=7626181
INFO | Found 2 parameters named NWB_AssetType
INFO | SELECTED | Shared Parameter | Scope=instance | ReadOnly=False | Id=3045150
INFO | SELECTED | Shared Parameter | Scope=instance | ReadOnly=False | Id=7626181
INFO | Writing INSTANCE parameter 'NWB_AssetType' on element 14855417
INFO | Element 14855417 | NWB_AssetType | Kind=Shared Parameter | Scope=instance | Storage=String | Old='' | New='Ductwork'
INFO | Writing INSTANCE parameter 'NWB_AssetType' on element 14855417
INFO | Element 14855417 | NWB_AssetType | Kind=Shared Parameter | Scope=instance | Storage=String | Old='' | New='Ductwork'
INFO | Candidate: NWB_Discipline | Scope=instance | Storage=String | ReadOnly=False | Shared=True | Id=3045151
INFO | Candidate: NWB_Discipline | Scope=instance | Storage=String | ReadOnly=False | Shared=True | Id=7626159
INFO | Found 2 parameters named NWB_Discipline
INFO | SELECTED | Shared Parameter | Scope=instance | ReadOnly=False | Id=3045151
INFO | SELECTED | Shared Parameter | Scope=instance | ReadOnly=False | Id=7626159
INFO | Writing INSTANCE parameter 'NWB_Discipline' on element 14855417
INFO | Element 14855417 | NWB_Discipline | Kind=Shared Parameter | Scope=instance | Storage=String | Old='Mechanical' | New='ME'
INFO | Writing INSTANCE parameter 'NWB_Discipline' on element 14855417
INFO | Element 14855417 | NWB_Discipline | Kind=Shared Parameter | Scope=instance | Storage=String | Old='Mechanical' | New='ME'
INFO | Candidate: NWB_Category | Scope=instance | Storage=String | ReadOnly=False | Shared=True | Id=3045152
INFO | Candidate: NWB_Category | Scope=instance | Storage=String | ReadOnly=False | Shared=True | Id=7626160
INFO | Found 2 parameters named NWB_Category
INFO | SELECTED | Shared Parameter | Scope=instance | ReadOnly=False | Id=3045152
INFO | SELECTED | Shared Parameter | Scope=instance | ReadOnly=False | Id=7626160
INFO | Writing INSTANCE parameter 'NWB_Category' on element 14855417
INFO | Element 14855417 | NWB_Category | Kind=Shared Parameter | Scope=instance | Storage=String | Old='' | New='Ductwork'
INFO | Writing INSTANCE parameter 'NWB_Category' on element 14855417
INFO | Element 14855417 | NWB_Category | Kind=Shared Parameter | Scope=instance | Storage=String | Old='' | New='Ductwork'
INFO | Candidate: NWB_System | Scope=instance | Storage=String | ReadOnly=False | Shared=True | Id=3045155
INFO | Candidate: NWB_System | Scope=instance | Storage=String | ReadOnly=False | Shared=True | Id=7626163
INFO | Found 2 parameters named NWB_System
INFO | SELECTED | Shared Parameter | Scope=instance | ReadOnly=False | Id=3045155
INFO | SELECTED | Shared Parameter | Scope=instance | ReadOnly=False | Id=7626163
INFO | Writing INSTANCE parameter 'NWB_System' on element 14855417
INFO | Element 14855417 | NWB_System | Kind=Shared Parameter | Scope=instance | Storage=String | Old='' | New='Return Air'
INFO | Candidate: NWB_UniclassCode | Scope=instance | Storage=String | ReadOnly=False | Shared=True | Id=3045156
INFO | Candidate: NWB_UniclassCode | Scope=instance | Storage=String | ReadOnly=False | Shared=True | Id=7626165
INFO | Found 2 parameters named NWB_UniclassCode
INFO | SELECTED | Shared Parameter | Scope=instance | ReadOnly=False | Id=3045156
INFO | SELECTED | Shared Parameter | Scope=instance | ReadOnly=False | Id=7626165
INFO | Writing INSTANCE parameter 'NWB_UniclassCode' on element 14855417
INFO | Element 14855417 | NWB_UniclassCode | Kind=Shared Parameter | Scope=instance | Storage=String | Old='' | New='Pr_65_65_25'
INFO | Writing INSTANCE parameter 'NWB_UniclassCode' on element 14855417
INFO | Element 14855417 | NWB_UniclassCode | Kind=Shared Parameter | Scope=instance | Storage=String | Old='' | New='Pr_65_65_25'
INFO | Candidate: NWB_UniclassDescription | Scope=instance | Storage=String | ReadOnly=False | Shared=True | Id=3045157
INFO | Candidate: NWB_UniclassDescription | Scope=instance | Storage=String | ReadOnly=False | Shared=True | Id=7626166
INFO | Found 2 parameters named NWB_UniclassDescription
INFO | SELECTED | Shared Parameter | Scope=instance | ReadOnly=False | Id=3045157
INFO | SELECTED | Shared Parameter | Scope=instance | ReadOnly=False | Id=7626166
INFO | Writing INSTANCE parameter 'NWB_UniclassDescription' on element 14855417
INFO | Element 14855417 | NWB_UniclassDescription | Kind=Shared Parameter | Scope=instance | Storage=String | Old='' | New='Ductwork and fittings'
INFO | Writing INSTANCE parameter 'NWB_UniclassDescription' on element 14855417
INFO | Element 14855417 | NWB_UniclassDescription | Kind=Shared Parameter | Scope=instance | Storage=String | Old='' | New='Ductwork and fittings'
INFO | Candidate: NWB_DesignPkg | Scope=instance | Storage=String | ReadOnly=False | Shared=True | Id=3045158
INFO | Candidate: NWB_DesignPkg | Scope=instance | Storage=String | ReadOnly=False | Shared=True | Id=7626167
INFO | Found 2 parameters named NWB_DesignPkg
INFO | SELECTED | Shared Parameter | Scope=instance | ReadOnly=False | Id=3045158
INFO | SELECTED | Shared Parameter | Scope=instance | ReadOnly=False | Id=7626167
INFO | Writing INSTANCE parameter 'NWB_DesignPkg' on element 14855417
INFO | Element 14855417 | NWB_DesignPkg | Kind=Shared Parameter | Scope=instance | Storage=String | Old='' | New='NWB-GEN-ME-SCM-1091-A'
INFO | Writing INSTANCE parameter 'NWB_DesignPkg' on element 14855417
INFO | Element 14855417 | NWB_DesignPkg | Kind=Shared Parameter | Scope=instance | Storage=String | Old='' | New='NWB-GEN-ME-SCM-1091-A'
ERROR | Element 14855417 | Category=Duct Fittings | Family= | Parameter=NWB_BuildingPermitPkg | Reason=missing | Writable sample: AHU, AHU_AreaServed, AHU_Serves, AHU_Type, AHU_ZoneNumber, Building_No, COMPLETE Y/N, Classification.OmniClass.21.Description_INSTANCE, Classification.OmniClass.21.Number_INSTANCE, Classification.OmniClass.22.Description_INSTANCE, Classification.OmniClass.22.Number_INSTANCE, Classification.OmniClass.23.Description_INSTANCE, Classification.OmniClass.23.Number_INSTANCE, Classification.UniFormat.2010.Description, Classification.UniFormat.2010.Number, Comments, Description BOM Suffix, Duct Height, Duct Width, Ductwork Insulation - Lining
INFO | Candidate: NWB_WBS00 | Scope=instance | Storage=String | ReadOnly=False | Shared=True | Id=9214738
INFO | Writing INSTANCE parameter 'NWB_WBS00' on element 14855417
INFO | Element 14855417 | NWB_WBS00 | Kind=Shared Parameter | Scope=instance | Storage=String | Old='' | New='WBH'
INFO | Candidate: NWB_WBS01 | Scope=instance | Storage=String | ReadOnly=False | Shared=True | Id=9214798
INFO | Writing INSTANCE parameter 'NWB_WBS01' on element 14855417
INFO | Element 14855417 | NWB_WBS01 | Kind=Shared Parameter | Scope=instance | Storage=String | Old='' | New='HO'
INFO | Candidate: NWB_WBS02 | Scope=instance | Storage=String | ReadOnly=False | Shared=True | Id=9214786
INFO | Candidate: NWB_WBS03 | Scope=instance | Storage=String | ReadOnly=False | Shared=True | Id=9214750
INFO | Writing INSTANCE parameter 'NWB_WBS03' on element 14855417
INFO | Element 14855417 | NWB_WBS03 | Kind=Shared Parameter | Scope=instance | Storage=String | Old='' | New='Z00'
INFO | Candidate: NWB_WBS04 | Scope=instance | Storage=String | ReadOnly=False | Shared=True | Id=9214762
INFO | Writing INSTANCE parameter 'NWB_WBS04' on element 14855417
INFO | Element 14855417 | NWB_WBS04 | Kind=Shared Parameter | Scope=instance | Storage=String | Old='' | New='ME'
INFO | Candidate: NWB_WBS05 | Scope=instance | Storage=String | ReadOnly=False | Shared=True | Id=9214810
INFO | Writing INSTANCE parameter 'NWB_WBS05' on element 14855417
INFO | Element 14855417 | NWB_WBS05 | Kind=Shared Parameter | Scope=instance | Storage=String | Old='' | New='SI5'
INFO | Candidate: NWB_WBSCode | Scope=instance | Storage=String | ReadOnly=False | Shared=True | Id=9214774
INFO | Writing INSTANCE parameter 'NWB_WBSCode' on element 14855417
INFO | Element 14855417 | NWB_WBSCode | Kind=Shared Parameter | Scope=instance | Storage=String | Old='' | New='WBH-HO-09-Z00-ME-SI5'
SOURCE | Element 14855417 | Cat=Duct Fittings | Family=MHT-ME-DF-Rectangular Short Radius Bend - Flanged | Type= | Level=LEVEL 09 | System=Return Air | LinkedRoomLink= | LinkedRoomNumber= | LinkedRoomName= | LinkedRoomDept= | LinkedRoomBuilding= | LinkedRoomSite= | LinkedRoomSource= | ResolvedDept= | ResolvedBuilding= | ResolvedSite= | DisciplineHint=mechanical | AssetCandidates=duct fittings, ductwork | WBS00=WBH | WBS01=HO | WBS03=Z00 | DesignPkg=NWB-GEN-ME-SCM-1091-A | BuildingPermitPkg=WBH - BP09
WARN | Element 14855417 | Department unresolved | ExistingNWBDepartment= | ExistingWBS00= | ExistingWBS01= | ExistingDiscipline=Mechanical
ELEMENT | 14855417 | Cat=Duct Fittings | AssetScore=45 | AssetTypeCode=MDUC | AssetType=Ductwork | AssetCategory=Ductwork | Targets=NWB_AssetTypeCode=MDUC; NWB_AssetType=Ductwork; NWB_Discipline=ME; NWB_Category=Ductwork; NWB_Department=; NWB_Material=; NWB_System=Return Air; NWB_UniclassCode=Pr_65_65_25; NWB_UniclassDescription=Ductwork and fittings; NWB_DesignPkg=NWB-GEN-ME-SCM-1091-A; NWB_BuildingPermitPkg=WBH - BP09; NWB_WBS00=WBH; NWB_WBS01=HO; NWB_WBS02=09; NWB_WBS03=Z00; NWB_WBS04=ME; NWB_WBS05=SI5; NWB_WBSCode=WBH-HO-09-Z00-ME-SI5
INFO | Candidate: NWB_AssetTypeCode | Scope=instance | Storage=String | ReadOnly=False | Shared=True | Id=7626182
INFO | Writing INSTANCE parameter 'NWB_AssetTypeCode' on element 14855418
INFO | Element 14855418 | NWB_AssetTypeCode | Kind=Shared Parameter | Scope=instance | Storage=String | Old='' | New='MDUC'
INFO | Candidate: NWB_AssetType | Scope=instance | Storage=String | ReadOnly=False | Shared=True | Id=7626181
INFO | Writing INSTANCE parameter 'NWB_AssetType' on element 14855418
INFO | Element 14855418 | NWB_AssetType | Kind=Shared Parameter | Scope=instance | Storage=String | Old='' | New='Ductwork'
INFO | Candidate: NWB_Discipline | Scope=instance | Storage=String | ReadOnly=False | Shared=True | Id=7626159
INFO | Writing INSTANCE parameter 'NWB_Discipline' on element 14855418
INFO | Element 14855418 | NWB_Discipline | Kind=Shared Parameter | Scope=instance | Storage=String | Old='Mechanical' | New='ME'
INFO | Candidate: NWB_Category | Scope=instance | Storage=String | ReadOnly=False | Shared=True | Id=7626160
INFO | Writing INSTANCE parameter 'NWB_Category' on element 14855418
INFO | Element 14855418 | NWB_Category | Kind=Shared Parameter | Scope=instance | Storage=String | Old='' | New='Ductwork'
INFO | Candidate: NWB_Department | Scope=instance | Storage=String | ReadOnly=False | Shared=True | Id=7626168
INFO | Writing INSTANCE parameter 'NWB_Department' on element 14855418
INFO | Element 14855418 | NWB_Department | Kind=Shared Parameter | Scope=instance | Storage=String | Old='' | New='High Dependency Unit'
INFO | Candidate: NWB_System | Scope=instance | Storage=String | ReadOnly=False | Shared=True | Id=7626163
INFO | Writing INSTANCE parameter 'NWB_System' on element 14855418
INFO | Element 14855418 | NWB_System | Kind=Shared Parameter | Scope=instance | Storage=String | Old='' | New='Return Air'
INFO | Candidate: NWB_UniclassCode | Scope=instance | Storage=String | ReadOnly=False | Shared=True | Id=7626165
INFO | Writing INSTANCE parameter 'NWB_UniclassCode' on element 14855418
INFO | Element 14855418 | NWB_UniclassCode | Kind=Shared Parameter | Scope=instance | Storage=String | Old='' | New='Pr_65_65_25'
INFO | Candidate: NWB_UniclassDescription | Scope=instance | Storage=String | ReadOnly=False | Shared=True | Id=7626166
INFO | Writing INSTANCE parameter 'NWB_UniclassDescription' on element 14855418
INFO | Element 14855418 | NWB_UniclassDescription | Kind=Shared Parameter | Scope=instance | Storage=String | Old='' | New='Ductwork and fittings'
INFO | Candidate: NWB_DesignPkg | Scope=instance | Storage=String | ReadOnly=False | Shared=True | Id=7626167
INFO | Writing INSTANCE parameter 'NWB_DesignPkg' on element 14855418
INFO | Element 14855418 | NWB_DesignPkg | Kind=Shared Parameter | Scope=instance | Storage=String | Old='' | New='NWB-GEN-ME-SCM-1091-A'
ERROR | Element 14855418 | Category=Flex Ducts | Family= | Parameter=NWB_BuildingPermitPkg | Reason=missing | Writable sample: AHU_AreaServed, AHU_Serves, AHU_Type, AHU_ZoneNumber, Additional Flow, Building_No, COMPLETE Y/N, Classification.UniFormat.2010.Description, Classification.UniFormat.2010.Number, Comments, Diameter, Export to IFC, Export to IFC As, Family, Family and Type, Flex Pattern, IFC Predefined Type, IfcGUID, Image, Legend Description
INFO | Candidate: NWB_WBS00 | Scope=instance | Storage=String | ReadOnly=False | Shared=True | Id=9214738
INFO | Candidate: NWB_WBS01 | Scope=instance | Storage=String | ReadOnly=False | Shared=True | Id=9214798
INFO | Writing INSTANCE parameter 'NWB_WBS01' on element 14855418
INFO | Element 14855418 | NWB_WBS01 | Kind=Shared Parameter | Scope=instance | Storage=String | Old='' | New='HO'
INFO | Candidate: NWB_WBS02 | Scope=instance | Storage=String | ReadOnly=False | Shared=True | Id=9214786
INFO | Writing INSTANCE parameter 'NWB_WBS02' on element 14855418
INFO | Element 14855418 | NWB_WBS02 | Kind=Shared Parameter | Scope=instance | Storage=String | Old='' | New='09'
INFO | Candidate: NWB_WBS03 | Scope=instance | Storage=String | ReadOnly=False | Shared=True | Id=9214750
INFO | Writing INSTANCE parameter 'NWB_WBS03' on element 14855418
INFO | Element 14855418 | NWB_WBS03 | Kind=Shared Parameter | Scope=instance | Storage=String | Old='' | New='HDU'
INFO | Candidate: NWB_WBS04 | Scope=instance | Storage=String | ReadOnly=False | Shared=True | Id=9214762
INFO | Writing INSTANCE parameter 'NWB_WBS04' on element 14855418
INFO | Element 14855418 | NWB_WBS04 | Kind=Shared Parameter | Scope=instance | Storage=String | Old='' | New='ME'
INFO | Candidate: NWB_WBS05 | Scope=instance | Storage=String | ReadOnly=False | Shared=True | Id=9214810
INFO | Writing INSTANCE parameter 'NWB_WBS05' on element 14855418
INFO | Element 14855418 | NWB_WBS05 | Kind=Shared Parameter | Scope=instance | Storage=String | Old='' | New='SI5'
INFO | Candidate: NWB_WBSCode | Scope=instance | Storage=String | ReadOnly=False | Shared=True | Id=9214774
INFO | Writing INSTANCE parameter 'NWB_WBSCode' on element 14855418
INFO | Element 14855418 | NWB_WBSCode | Kind=Shared Parameter | Scope=instance | Storage=String | Old='' | New='WBH-HO-09-HDU-ME-SI5'
SOURCE | Element 14855418 | Cat=Flex Ducts | Family=Flex Duct Round | Type= | Level=LEVEL 09 | System=Return Air | LinkedRoomLink=NWB-ACD-WBH-MH-MOD-0001 | LinkedRoomNumber=HDU.09.130 | LinkedRoomName=Office, Telehealth/Focus | LinkedRoomDept=High Dependency Unit | LinkedRoomBuilding= | LinkedRoomSite= | LinkedRoomSource=connected:14668084:Air Terminals | ResolvedDept=High Dependency Unit | ResolvedBuilding= | ResolvedSite= | DisciplineHint=mechanical | AssetCandidates=flex ducts, ductwork | WBS00=WBH | WBS01=HO | WBS03=HDU | DesignPkg=NWB-GEN-ME-SCM-1091-A | BuildingPermitPkg=WBH - BP09
ELEMENT | 14855418 | Cat=Flex Ducts | AssetScore=45 | AssetTypeCode=MDUC | AssetType=Ductwork | AssetCategory=Ductwork | Targets=NWB_AssetTypeCode=MDUC; NWB_AssetType=Ductwork; NWB_Discipline=ME; NWB_Category=Ductwork; NWB_Department=High Dependency Unit; NWB_Material=; NWB_System=Return Air; NWB_UniclassCode=Pr_65_65_25; NWB_UniclassDescription=Ductwork and fittings; NWB_DesignPkg=NWB-GEN-ME-SCM-1091-A; NWB_BuildingPermitPkg=WBH - BP09; NWB_WBS00=WBH; NWB_WBS01=HO; NWB_WBS02=09; NWB_WBS03=HDU; NWB_WBS04=ME; NWB_WBS05=SI5; NWB_WBSCode=WBH-HO-09-HDU-ME-SI5
INFO | Candidate: NWB_AssetTypeCode | Scope=instance | Storage=String | ReadOnly=False | Shared=True | Id=3045149
INFO | Candidate: NWB_AssetTypeCode | Scope=instance | Storage=String | ReadOnly=False | Shared=True | Id=7626182
INFO | Found 2 parameters named NWB_AssetTypeCode
INFO | SELECTED | Shared Parameter | Scope=instance | ReadOnly=False | Id=3045149
INFO | SELECTED | Shared Parameter | Scope=instance | ReadOnly=False | Id=7626182
INFO | Writing INSTANCE parameter 'NWB_AssetTypeCode' on element 14855422
INFO | Element 14855422 | NWB_AssetTypeCode | Kind=Shared Parameter | Scope=instance | Storage=String | Old='' | New='MDUC'
INFO | Writing INSTANCE parameter 'NWB_AssetTypeCode' on element 14855422
INFO | Element 14855422 | NWB_AssetTypeCode | Kind=Shared Parameter | Scope=instance | Storage=String | Old='' | New='MDUC'
INFO | Candidate: NWB_AssetType | Scope=instance | Storage=String | ReadOnly=False | Shared=True | Id=3045150
INFO | Candidate: NWB_AssetType | Scope=instance | Storage=String | ReadOnly=False | Shared=True | Id=7626181
INFO | Found 2 parameters named NWB_AssetType
INFO | SELECTED | Shared Parameter | Scope=instance | ReadOnly=False | Id=3045150
INFO | SELECTED | Shared Parameter | Scope=instance | ReadOnly=False | Id=7626181
INFO | Writing INSTANCE parameter 'NWB_AssetType' on element 14855422
INFO | Element 14855422 | NWB_AssetType | Kind=Shared Parameter | Scope=instance | Storage=String | Old='' | New='Ductwork'
INFO | Writing INSTANCE parameter 'NWB_AssetType' on element 14855422
INFO | Element 14855422 | NWB_AssetType | Kind=Shared Parameter | Scope=instance | Storage=String | Old='' | New='Ductwork'
INFO | Candidate: NWB_Discipline | Scope=instance | Storage=String | ReadOnly=False | Shared=True | Id=3045151
INFO | Candidate: NWB_Discipline | Scope=instance | Storage=String | ReadOnly=False | Shared=True | Id=7626159
INFO | Found 2 parameters named NWB_Discipline
INFO | SELECTED | Shared Parameter | Scope=instance | ReadOnly=False | Id=3045151
INFO | SELECTED | Shared Parameter | Scope=instance | ReadOnly=False | Id=7626159
INFO | Writing INSTANCE parameter 'NWB_Discipline' on element 14855422
INFO | Element 14855422 | NWB_Discipline | Kind=Shared Parameter | Scope=instance | Storage=String | Old='Mechanical' | New='ME'
INFO | Writing INSTANCE parameter 'NWB_Discipline' on element 14855422
INFO | Element 14855422 | NWB_Discipline | Kind=Shared Parameter | Scope=instance | Storage=String | Old='Mechanical' | New='ME'
INFO | Candidate: NWB_Category | Scope=instance | Storage=String | ReadOnly=False | Shared=True | Id=3045152
INFO | Candidate: NWB_Category | Scope=instance | Storage=String | ReadOnly=False | Shared=True | Id=7626160
INFO | Found 2 parameters named NWB_Category
INFO | SELECTED | Shared Parameter | Scope=instance | ReadOnly=False | Id=3045152
INFO | SELECTED | Shared Parameter | Scope=instance | ReadOnly=False | Id=7626160
INFO | Writing INSTANCE parameter 'NWB_Category' on element 14855422
INFO | Element 14855422 | NWB_Category | Kind=Shared Parameter | Scope=instance | Storage=String | Old='' | New='Ductwork'
INFO | Writing INSTANCE parameter 'NWB_Category' on element 14855422
INFO | Element 14855422 | NWB_Category | Kind=Shared Parameter | Scope=instance | Storage=String | Old='' | New='Ductwork'
INFO | Candidate: NWB_System | Scope=instance | Storage=String | ReadOnly=False | Shared=True | Id=3045155
INFO | Candidate: NWB_System | Scope=instance | Storage=String | ReadOnly=False | Shared=True | Id=7626163
INFO | Found 2 parameters named NWB_System
INFO | SELECTED | Shared Parameter | Scope=instance | ReadOnly=False | Id=3045155
INFO | SELECTED | Shared Parameter | Scope=instance | ReadOnly=False | Id=7626163
INFO | Writing INSTANCE parameter 'NWB_System' on element 14855422
INFO | Element 14855422 | NWB_System | Kind=Shared Parameter | Scope=instance | Storage=String | Old='' | New='Supply Air'
INFO | Candidate: NWB_UniclassCode | Scope=instance | Storage=String | ReadOnly=False | Shared=True | Id=3045156
INFO | Candidate: NWB_UniclassCode | Scope=instance | Storage=String | ReadOnly=False | Shared=True | Id=7626165
INFO | Found 2 parameters named NWB_UniclassCode
INFO | SELECTED | Shared Parameter | Scope=instance | ReadOnly=False | Id=3045156
INFO | SELECTED | Shared Parameter | Scope=instance | ReadOnly=False | Id=7626165
INFO | Writing INSTANCE parameter 'NWB_UniclassCode' on element 14855422
INFO | Element 14855422 | NWB_UniclassCode | Kind=Shared Parameter | Scope=instance | Storage=String | Old='' | New='Pr_65_65_25'
INFO | Writing INSTANCE parameter 'NWB_UniclassCode' on element 14855422
INFO | Element 14855422 | NWB_UniclassCode | Kind=Shared Parameter | Scope=instance | Storage=String | Old='' | New='Pr_65_65_25'
INFO | Candidate: NWB_UniclassDescription | Scope=instance | Storage=String | ReadOnly=False | Shared=True | Id=3045157
INFO | Candidate: NWB_UniclassDescription | Scope=instance | Storage=String | ReadOnly=False | Shared=True | Id=7626166
INFO | Found 2 parameters named NWB_UniclassDescription
INFO | SELECTED | Shared Parameter | Scope=instance | ReadOnly=False | Id=3045157
INFO | SELECTED | Shared Parameter | Scope=instance | ReadOnly=False | Id=7626166
INFO | Writing INSTANCE parameter 'NWB_UniclassDescription' on element 14855422
INFO | Element 14855422 | NWB_UniclassDescription | Kind=Shared Parameter | Scope=instance | Storage=String | Old='' | New='Ductwork and fittings'
INFO | Writing INSTANCE parameter 'NWB_UniclassDescription' on element 14855422
INFO | Element 14855422 | NWB_UniclassDescription | Kind=Shared Parameter | Scope=instance | Storage=String | Old='' | New='Ductwork and fittings'
INFO | Candidate: NWB_DesignPkg | Scope=instance | Storage=String | ReadOnly=False | Shared=True | Id=3045158
INFO | Candidate: NWB_DesignPkg | Scope=instance | Storage=String | ReadOnly=False | Shared=True | Id=7626167
INFO | Found 2 parameters named NWB_DesignPkg
INFO | SELECTED | Shared Parameter | Scope=instance | ReadOnly=False | Id=3045158
INFO | SELECTED | Shared Parameter | Scope=instance | ReadOnly=False | Id=7626167
INFO | Writing INSTANCE parameter 'NWB_DesignPkg' on element 14855422
INFO | Element 14855422 | NWB_DesignPkg | Kind=Shared Parameter | Scope=instance | Storage=String | Old='' | New='NWB-GEN-ME-SCM-1091-A'
INFO | Writing INSTANCE parameter 'NWB_DesignPkg' on element 14855422
INFO | Element 14855422 | NWB_DesignPkg | Kind=Shared Parameter | Scope=instance | Storage=String | Old='' | New='NWB-GEN-ME-SCM-1091-A'
ERROR | Element 14855422 | Category=Duct Fittings | Family= | Parameter=NWB_BuildingPermitPkg | Reason=missing | Writable sample: AHU, AHU_AreaServed, AHU_Serves, AHU_Type, AHU_ZoneNumber, Building_No, COMPLETE Y/N, Classification.OmniClass.21.Description_INSTANCE, Classification.OmniClass.21.Number_INSTANCE, Classification.OmniClass.22.Description_INSTANCE, Classification.OmniClass.22.Number_INSTANCE, Classification.OmniClass.23.Description_INSTANCE, Classification.OmniClass.23.Number_INSTANCE, Classification.UniFormat.2010.Description, Classification.UniFormat.2010.Number, Comments, Description BOM Suffix, Duct Height, Duct Width, Ductwork Insulation - Lining
INFO | Candidate: NWB_WBS00 | Scope=instance | Storage=String | ReadOnly=False | Shared=True | Id=9214738
INFO | Writing INSTANCE parameter 'NWB_WBS00' on element 14855422
INFO | Element 14855422 | NWB_WBS00 | Kind=Shared Parameter | Scope=instance | Storage=String | Old='' | New='WBH'
INFO | Candidate: NWB_WBS01 | Scope=instance | Storage=String | ReadOnly=False | Shared=True | Id=9214798
INFO | Writing INSTANCE parameter 'NWB_WBS01' on element 14855422
INFO | Element 14855422 | NWB_WBS01 | Kind=Shared Parameter | Scope=instance | Storage=String | Old='' | New='HO'
INFO | Candidate: NWB_WBS02 | Scope=instance | Storage=String | ReadOnly=False | Shared=True | Id=9214786
INFO | Candidate: NWB_WBS03 | Scope=instance | Storage=String | ReadOnly=False | Shared=True | Id=9214750
INFO | Writing INSTANCE parameter 'NWB_WBS03' on element 14855422
INFO | Element 14855422 | NWB_WBS03 | Kind=Shared Parameter | Scope=instance | Storage=String | Old='' | New='Z00'
INFO | Candidate: NWB_WBS04 | Scope=instance | Storage=String | ReadOnly=False | Shared=True | Id=9214762
INFO | Writing INSTANCE parameter 'NWB_WBS04' on element 14855422
INFO | Element 14855422 | NWB_WBS04 | Kind=Shared Parameter | Scope=instance | Storage=String | Old='' | New='ME'
INFO | Candidate: NWB_WBS05 | Scope=instance | Storage=String | ReadOnly=False | Shared=True | Id=9214810
INFO | Writing INSTANCE parameter 'NWB_WBS05' on element 14855422
INFO | Element 14855422 | NWB_WBS05 | Kind=Shared Parameter | Scope=instance | Storage=String | Old='' | New='SI5'
INFO | Candidate: NWB_WBSCode | Scope=instance | Storage=String | ReadOnly=False | Shared=True | Id=9214774
INFO | Writing INSTANCE parameter 'NWB_WBSCode' on element 14855422
INFO | Element 14855422 | NWB_WBSCode | Kind=Shared Parameter | Scope=instance | Storage=String | Old='' | New='WBH-HO-09-Z00-ME-SI5'
SOURCE | Element 14855422 | Cat=Duct Fittings | Family=MHT-ME-DF-Rectangular Short Radius Bend - Flanged | Type= | Level=LEVEL 09 | System=Supply Air | LinkedRoomLink= | LinkedRoomNumber= | LinkedRoomName= | LinkedRoomDept= | LinkedRoomBuilding= | LinkedRoomSite= | LinkedRoomSource= | ResolvedDept= | ResolvedBuilding= | ResolvedSite= | DisciplineHint=mechanical | AssetCandidates=duct fittings, ductwork | WBS00=WBH | WBS01=HO | WBS03=Z00 | DesignPkg=NWB-GEN-ME-SCM-1091-A | BuildingPermitPkg=WBH - BP09
WARN | Element 14855422 | Department unresolved | ExistingNWBDepartment= | ExistingWBS00= | ExistingWBS01= | ExistingDiscipline=Mechanical
ELEMENT | 14855422 | Cat=Duct Fittings | AssetScore=45 | AssetTypeCode=MDUC | AssetType=Ductwork | AssetCategory=Ductwork | Targets=NWB_AssetTypeCode=MDUC; NWB_AssetType=Ductwork; NWB_Discipline=ME; NWB_Category=Ductwork; NWB_Department=; NWB_Material=; NWB_System=Supply Air; NWB_UniclassCode=Pr_65_65_25; NWB_UniclassDescription=Ductwork and fittings; NWB_DesignPkg=NWB-GEN-ME-SCM-1091-A; NWB_BuildingPermitPkg=WBH - BP09; NWB_WBS00=WBH; NWB_WBS01=HO; NWB_WBS02=09; NWB_WBS03=Z00; NWB_WBS04=ME; NWB_WBS05=SI5; NWB_WBSCode=WBH-HO-09-Z00-ME-SI5
INFO | Candidate: NWB_AssetTypeCode | Scope=instance | Storage=String | ReadOnly=False | Shared=True | Id=7626182
INFO | Candidate: NWB_AssetType | Scope=instance | Storage=String | ReadOnly=False | Shared=True | Id=7626181
INFO | Candidate: NWB_Discipline | Scope=instance | Storage=String | ReadOnly=False | Shared=True | Id=7626159
INFO | Candidate: NWB_Category | Scope=instance | Storage=String | ReadOnly=False | Shared=True | Id=7626160
INFO | Candidate: NWB_Department | Scope=instance | Storage=String | ReadOnly=False | Shared=True | Id=7626168
INFO | Writing INSTANCE parameter 'NWB_Department' on element 14855424
INFO | Element 14855424 | NWB_Department | Kind=Shared Parameter | Scope=instance | Storage=String | Old='HDU' | New='Inpatient Obstetric 3'
INFO | Candidate: NWB_System | Scope=instance | Storage=String | ReadOnly=False | Shared=True | Id=7626163
INFO | Candidate: NWB_UniclassCode | Scope=instance | Storage=String | ReadOnly=False | Shared=True | Id=7626165
INFO | Candidate: NWB_UniclassDescription | Scope=instance | Storage=String | ReadOnly=False | Shared=True | Id=7626166
INFO | Candidate: NWB_DesignPkg | Scope=instance | Storage=String | ReadOnly=False | Shared=True | Id=7626167
ERROR | Element 14855424 | Category=Ducts | Family= | Parameter=NWB_BuildingPermitPkg | Reason=missing | Writable sample: AHU, AHU_AreaServed, AHU_Serves, AHU_Type, AHU_ZoneNumber, Additional Flow, Building_No, COMPLETE Y/N, Classification.OmniClass.21.Description_INSTANCE, Classification.OmniClass.21.Number_INSTANCE, Classification.OmniClass.22.Description_INSTANCE, Classification.OmniClass.22.Number_INSTANCE, Classification.OmniClass.23.Description_INSTANCE, Classification.OmniClass.23.Number_INSTANCE, Classification.UniFormat.2010.Description, Classification.UniFormat.2010.Number, Comments, DUCT NUMBER, Description BOM Suffix, Duct Number
INFO | Candidate: NWB_WBS00 | Scope=instance | Storage=String | ReadOnly=False | Shared=True | Id=9214738
INFO | Candidate: NWB_WBS01 | Scope=instance | Storage=String | ReadOnly=False | Shared=True | Id=9214798
INFO | Candidate: NWB_WBS02 | Scope=instance | Storage=String | ReadOnly=False | Shared=True | Id=9214786
INFO | Candidate: NWB_WBS03 | Scope=instance | Storage=String | ReadOnly=False | Shared=True | Id=9214750
INFO | Writing INSTANCE parameter 'NWB_WBS03' on element 14855424
INFO | Element 14855424 | NWB_WBS03 | Kind=Shared Parameter | Scope=instance | Storage=String | Old='HDU' | New='IP3'
INFO | Candidate: NWB_WBS04 | Scope=instance | Storage=String | ReadOnly=False | Shared=True | Id=9214762
INFO | Candidate: NWB_WBS05 | Scope=instance | Storage=String | ReadOnly=False | Shared=True | Id=9214810
INFO | Writing INSTANCE parameter 'NWB_WBS05' on element 14855424
INFO | Element 14855424 | NWB_WBS05 | Kind=Shared Parameter | Scope=instance | Storage=String | Old='SP' | New='SI5'
INFO | Candidate: NWB_WBSCode | Scope=instance | Storage=String | ReadOnly=False | Shared=True | Id=9214774
INFO | Writing INSTANCE parameter 'NWB_WBSCode' on element 14855424
INFO | Element 14855424 | NWB_WBSCode | Kind=Shared Parameter | Scope=instance | Storage=String | Old='WBH-HO-09-HDU-ME-SP' | New='WBH-HO-09-IP3-ME-SI5'
SOURCE | Element 14855424 | Cat=Ducts | Family=Rectangular Duct | Type= | Level=LEVEL 09 | System=Supply Air | LinkedRoomLink=NWB-ACD-WBH-MH-MOD-0001 | LinkedRoomNumber=IP3.11.C02 | LinkedRoomName=Corridor | LinkedRoomDept=Inpatient Obstetric 3 | LinkedRoomBuilding= | LinkedRoomSite= | LinkedRoomSource=connected:13056758:Duct Systems | ResolvedDept=Inpatient Obstetric 3 | ResolvedBuilding= | ResolvedSite= | DisciplineHint=mechanical | AssetCandidates=ducts, ductwork | WBS00=WBH | WBS01=HO | WBS03=IP3 | DesignPkg=NWB-GEN-ME-SCM-1091-A | BuildingPermitPkg=WBH - BP09
ELEMENT | 14855424 | Cat=Ducts | AssetScore=45 | AssetTypeCode=MDUC | AssetType=Ductwork | AssetCategory=Ductwork | Targets=NWB_AssetTypeCode=MDUC; NWB_AssetType=Ductwork; NWB_Discipline=ME; NWB_Category=Ductwork; NWB_Department=Inpatient Obstetric 3; NWB_Material=; NWB_System=Supply Air; NWB_UniclassCode=Pr_65_65_25; NWB_UniclassDescription=Ductwork and fittings; NWB_DesignPkg=NWB-GEN-ME-SCM-1091-A; NWB_BuildingPermitPkg=WBH - BP09; NWB_WBS00=WBH; NWB_WBS01=HO; NWB_WBS02=09; NWB_WBS03=IP3; NWB_WBS04=ME; NWB_WBS05=SI5; NWB_WBSCode=WBH-HO-09-IP3-ME-SI5
INFO | Candidate: NWB_AssetTypeCode | Scope=instance | Storage=String | ReadOnly=False | Shared=True | Id=7626182
INFO | Writing INSTANCE parameter 'NWB_AssetTypeCode' on element 14855439
INFO | Element 14855439 | NWB_AssetTypeCode | Kind=Shared Parameter | Scope=instance | Storage=String | Old='MSAG' | New='MAGS'
INFO | Candidate: NWB_AssetType | Scope=instance | Storage=String | ReadOnly=False | Shared=True | Id=7626181
INFO | Writing INSTANCE parameter 'NWB_AssetType' on element 14855439
INFO | Element 14855439 | NWB_AssetType | Kind=Shared Parameter | Scope=instance | Storage=String | Old='Supply Air Grill' | New='Air Grilles'
INFO | Candidate: NWB_Discipline | Scope=instance | Storage=String | ReadOnly=False | Shared=True | Id=7626159
INFO | Writing INSTANCE parameter 'NWB_Discipline' on element 14855439
INFO | Element 14855439 | NWB_Discipline | Kind=Shared Parameter | Scope=instance | Storage=String | Old='Mechanical' | New='ME'
INFO | Candidate: NWB_Category | Scope=instance | Storage=String | ReadOnly=False | Shared=True | Id=7626160
INFO | Candidate: NWB_Department | Scope=instance | Storage=String | ReadOnly=False | Shared=True | Id=7626168
INFO | Writing INSTANCE parameter 'NWB_Department' on element 14855439
INFO | Element 14855439 | NWB_Department | Kind=Shared Parameter | Scope=instance | Storage=String | Old='' | New='High Dependency Unit'
INFO | Candidate: NWB_System | Scope=instance | Storage=String | ReadOnly=False | Shared=True | Id=7626163
INFO | Candidate: NWB_UniclassCode | Scope=instance | Storage=String | ReadOnly=False | Shared=True | Id=7626165
INFO | Candidate: NWB_UniclassDescription | Scope=instance | Storage=String | ReadOnly=False | Shared=True | Id=7626166
INFO | Writing INSTANCE parameter 'NWB_UniclassDescription' on element 14855439
INFO | Element 14855439 | NWB_UniclassDescription | Kind=Shared Parameter | Scope=instance | Storage=String | Old='' | New='Air grilles'
INFO | Candidate: NWB_DesignPkg | Scope=instance | Storage=String | ReadOnly=False | Shared=True | Id=7626167
INFO | Writing INSTANCE parameter 'NWB_DesignPkg' on element 14855439
INFO | Element 14855439 | NWB_DesignPkg | Kind=Shared Parameter | Scope=instance | Storage=String | Old='' | New='NWB-GEN-ME-SCM-1091-A'
ERROR | Element 14855439 | Category=Air Terminals | Family= | Parameter=NWB_BuildingPermitPkg | Reason=missing | Writable sample: AHU_AreaServed, AHU_Serves, AHU_Type, AHU_ZoneNumber, AQ, Building_No, COMPLETE Y/N, Classification.UniFormat.2010.Description, Classification.UniFormat.2010.Number, Comments, Elevation from Level, Export to IFC, Export to IFC As, Family, Family and Type, Flow, IFC Predefined Type, IfcGUID, Image, Legend Description
INFO | Candidate: NWB_WBS00 | Scope=instance | Storage=String | ReadOnly=True | Shared=True | Id=9214738
ERROR | Element 14855439 | Category=Air Terminals | Family= | Parameter=NWB_WBS00 | Reason=readonly | Writable sample: AHU_AreaServed, AHU_Serves, AHU_Type, AHU_ZoneNumber, AQ, Building_No, COMPLETE Y/N, Classification.UniFormat.2010.Description, Classification.UniFormat.2010.Number, Comments, Elevation from Level, Export to IFC, Export to IFC As, Family, Family and Type, Flow, IFC Predefined Type, IfcGUID, Image, Legend Description
INFO | Candidate: NWB_WBS01 | Scope=instance | Storage=String | ReadOnly=True | Shared=True | Id=9214798
ERROR | Element 14855439 | Category=Air Terminals | Family= | Parameter=NWB_WBS01 | Reason=readonly | Writable sample: AHU_AreaServed, AHU_Serves, AHU_Type, AHU_ZoneNumber, AQ, Building_No, COMPLETE Y/N, Classification.UniFormat.2010.Description, Classification.UniFormat.2010.Number, Comments, Elevation from Level, Export to IFC, Export to IFC As, Family, Family and Type, Flow, IFC Predefined Type, IfcGUID, Image, Legend Description
INFO | Candidate: NWB_WBS02 | Scope=instance | Storage=String | ReadOnly=False | Shared=True | Id=9214786
INFO | Candidate: NWB_WBS03 | Scope=instance | Storage=String | ReadOnly=False | Shared=True | Id=9214750
INFO | Writing INSTANCE parameter 'NWB_WBS03' on element 14855439
INFO | Element 14855439 | NWB_WBS03 | Kind=Shared Parameter | Scope=instance | Storage=String | Old='High Dependency Unit' | New='HDU'
INFO | Candidate: NWB_WBS04 | Scope=instance | Storage=String | ReadOnly=True | Shared=True | Id=9214762
ERROR | Element 14855439 | Category=Air Terminals | Family= | Parameter=NWB_WBS04 | Reason=readonly | Writable sample: AHU_AreaServed, AHU_Serves, AHU_Type, AHU_ZoneNumber, AQ, Building_No, COMPLETE Y/N, Classification.UniFormat.2010.Description, Classification.UniFormat.2010.Number, Comments, Elevation from Level, Export to IFC, Export to IFC As, Family, Family and Type, Flow, IFC Predefined Type, IfcGUID, Image, Legend Description
INFO | Candidate: NWB_WBS05 | Scope=instance | Storage=String | ReadOnly=True | Shared=True | Id=9214810
ERROR | Element 14855439 | Category=Air Terminals | Family= | Parameter=NWB_WBS05 | Reason=readonly | Writable sample: AHU_AreaServed, AHU_Serves, AHU_Type, AHU_ZoneNumber, AQ, Building_No, COMPLETE Y/N, Classification.UniFormat.2010.Description, Classification.UniFormat.2010.Number, Comments, Elevation from Level, Export to IFC, Export to IFC As, Family, Family and Type, Flow, IFC Predefined Type, IfcGUID, Image, Legend Description
INFO | Candidate: NWB_WBSCode | Scope=instance | Storage=String | ReadOnly=False | Shared=True | Id=9214774
SOURCE | Element 14855439 | Cat=Air Terminals | Family=MHT_AT_S Air Diff Swirl | Type= | Level=LEVEL 09 | System=Supply Air | LinkedRoomLink=NWB-ACD-WBH-MH-MOD-0001 | LinkedRoomNumber=HDU.09.146 | LinkedRoomName=Office - Workstation, 8 Person | LinkedRoomDept=High Dependency Unit | LinkedRoomBuilding= | LinkedRoomSite= | LinkedRoomSource=self | ResolvedDept=High Dependency Unit | ResolvedBuilding= | ResolvedSite= | DisciplineHint=mechanical | AssetCandidates=air terminals, air terminal | WBS00=WBH | WBS01=HO | WBS03=HDU | DesignPkg=NWB-GEN-ME-SCM-1091-A | BuildingPermitPkg=WBH - BP09
ELEMENT | 14855439 | Cat=Air Terminals | AssetScore=36 | AssetTypeCode=MAGS | AssetType=Air Grilles | AssetCategory=Air Terminal | Targets=NWB_AssetTypeCode=MAGS; NWB_AssetType=Air Grilles; NWB_Discipline=ME; NWB_Category=Air Terminal; NWB_Department=High Dependency Unit; NWB_Material=; NWB_System=Supply Air; NWB_UniclassCode=Pr_70_65_04_03; NWB_UniclassDescription=Air grilles; NWB_DesignPkg=NWB-GEN-ME-SCM-1091-A; NWB_BuildingPermitPkg=WBH - BP09; NWB_WBS00=WBH; NWB_WBS01=HO; NWB_WBS02=09; NWB_WBS03=HDU; NWB_WBS04=ME; NWB_WBS05=SI5; NWB_WBSCode=WBH-HO-09-HDU-ME-SI5
INFO | Candidate: NWB_AssetTypeCode | Scope=instance | Storage=String | ReadOnly=False | Shared=True | Id=7626182
INFO | Writing INSTANCE parameter 'NWB_AssetTypeCode' on element 14855440
INFO | Element 14855440 | NWB_AssetTypeCode | Kind=Shared Parameter | Scope=instance | Storage=String | Old='' | New='MDUC'
INFO | Candidate: NWB_AssetType | Scope=instance | Storage=String | ReadOnly=False | Shared=True | Id=7626181
INFO | Writing INSTANCE parameter 'NWB_AssetType' on element 14855440
INFO | Element 14855440 | NWB_AssetType | Kind=Shared Parameter | Scope=instance | Storage=String | Old='' | New='Ductwork'
INFO | Candidate: NWB_Discipline | Scope=instance | Storage=String | ReadOnly=False | Shared=True | Id=7626159
INFO | Writing INSTANCE parameter 'NWB_Discipline' on element 14855440
INFO | Element 14855440 | NWB_Discipline | Kind=Shared Parameter | Scope=instance | Storage=String | Old='Mechanical' | New='ME'
INFO | Candidate: NWB_Category | Scope=instance | Storage=String | ReadOnly=False | Shared=True | Id=7626160
INFO | Writing INSTANCE parameter 'NWB_Category' on element 14855440
INFO | Element 14855440 | NWB_Category | Kind=Shared Parameter | Scope=instance | Storage=String | Old='' | New='Ductwork'
INFO | Candidate: NWB_System | Scope=instance | Storage=String | ReadOnly=False | Shared=True | Id=7626163
INFO | Candidate: NWB_UniclassCode | Scope=instance | Storage=String | ReadOnly=False | Shared=True | Id=7626165
INFO | Writing INSTANCE parameter 'NWB_UniclassCode' on element 14855440
INFO | Element 14855440 | NWB_UniclassCode | Kind=Shared Parameter | Scope=instance | Storage=String | Old='' | New='Pr_65_65_25'
INFO | Candidate: NWB_UniclassDescription | Scope=instance | Storage=String | ReadOnly=False | Shared=True | Id=7626166
INFO | Writing INSTANCE parameter 'NWB_UniclassDescription' on element 14855440
INFO | Element 14855440 | NWB_UniclassDescription | Kind=Shared Parameter | Scope=instance | Storage=String | Old='' | New='Ductwork and fittings'
INFO | Candidate: NWB_DesignPkg | Scope=instance | Storage=String | ReadOnly=False | Shared=True | Id=7626167
INFO | Writing INSTANCE parameter 'NWB_DesignPkg' on element 14855440
INFO | Element 14855440 | NWB_DesignPkg | Kind=Shared Parameter | Scope=instance | Storage=String | Old='' | New='NWB-GEN-ME-SCM-1091-A'
ERROR | Element 14855440 | Category=Duct Fittings | Family= | Parameter=NWB_BuildingPermitPkg | Reason=missing | Writable sample: AHU, AHU_AreaServed, AHU_Serves, AHU_Type, AHU_ZoneNumber, Building_No, COMPLETE Y/N, Classification.OmniClass.21.Description_INSTANCE, Classification.OmniClass.21.Number_INSTANCE, Classification.OmniClass.22.Description_INSTANCE, Classification.OmniClass.22.Number_INSTANCE, Classification.OmniClass.23.Description_INSTANCE, Classification.OmniClass.23.Number_INSTANCE, Classification.UniFormat.2010.Description, Classification.UniFormat.2010.Number, Comments, Description BOM Suffix, Duct Diameter, Ductwork Insulation - Lining, Elevation from Level
INFO | Candidate: NWB_WBS00 | Scope=instance | Storage=String | ReadOnly=False | Shared=True | Id=9214738
INFO | Writing INSTANCE parameter 'NWB_WBS00' on element 14855440
INFO | Element 14855440 | NWB_WBS00 | Kind=Shared Parameter | Scope=instance | Storage=String | Old='' | New='WBH'
INFO | Candidate: NWB_WBS01 | Scope=instance | Storage=String | ReadOnly=False | Shared=True | Id=9214798
INFO | Writing INSTANCE parameter 'NWB_WBS01' on element 14855440
INFO | Element 14855440 | NWB_WBS01 | Kind=Shared Parameter | Scope=instance | Storage=String | Old='' | New='HO'
INFO | Candidate: NWB_WBS02 | Scope=instance | Storage=String | ReadOnly=False | Shared=True | Id=9214786
INFO | Candidate: NWB_WBS03 | Scope=instance | Storage=String | ReadOnly=False | Shared=True | Id=9214750
INFO | Writing INSTANCE parameter 'NWB_WBS03' on element 14855440
INFO | Element 14855440 | NWB_WBS03 | Kind=Shared Parameter | Scope=instance | Storage=String | Old='' | New='Z00'
INFO | Candidate: NWB_WBS04 | Scope=instance | Storage=String | ReadOnly=False | Shared=True | Id=9214762
INFO | Writing INSTANCE parameter 'NWB_WBS04' on element 14855440
INFO | Element 14855440 | NWB_WBS04 | Kind=Shared Parameter | Scope=instance | Storage=String | Old='' | New='ME'
INFO | Candidate: NWB_WBS05 | Scope=instance | Storage=String | ReadOnly=False | Shared=True | Id=9214810
INFO | Writing INSTANCE parameter 'NWB_WBS05' on element 14855440
INFO | Element 14855440 | NWB_WBS05 | Kind=Shared Parameter | Scope=instance | Storage=String | Old='' | New='SI5'
INFO | Candidate: NWB_WBSCode | Scope=instance | Storage=String | ReadOnly=False | Shared=True | Id=9214774
INFO | Writing INSTANCE parameter 'NWB_WBSCode' on element 14855440
INFO | Element 14855440 | NWB_WBSCode | Kind=Shared Parameter | Scope=instance | Storage=String | Old='' | New='WBH-HO-09-Z00-ME-SI5'
SOURCE | Element 14855440 | Cat=Duct Fittings | Family=MHT_DF_Spigot | Type= | Level=LEVEL 09 | System=Supply Air | LinkedRoomLink= | LinkedRoomNumber= | LinkedRoomName= | LinkedRoomDept= | LinkedRoomBuilding= | LinkedRoomSite= | LinkedRoomSource= | ResolvedDept= | ResolvedBuilding= | ResolvedSite= | DisciplineHint=mechanical | AssetCandidates=duct fittings, ductwork, damper, motorised damper | WBS00=WBH | WBS01=HO | WBS03=Z00 | DesignPkg=NWB-GEN-ME-SCM-1091-A | BuildingPermitPkg=WBH - BP09
WARN | Element 14855440 | Department unresolved | ExistingNWBDepartment= | ExistingWBS00= | ExistingWBS01= | ExistingDiscipline=Mechanical
ELEMENT | 14855440 | Cat=Duct Fittings | AssetScore=45 | AssetTypeCode=MDUC | AssetType=Ductwork | AssetCategory=Ductwork | Targets=NWB_AssetTypeCode=MDUC; NWB_AssetType=Ductwork; NWB_Discipline=ME; NWB_Category=Ductwork; NWB_Department=; NWB_Material=; NWB_System=Supply Air; NWB_UniclassCode=Pr_65_65_25; NWB_UniclassDescription=Ductwork and fittings; NWB_DesignPkg=NWB-GEN-ME-SCM-1091-A; NWB_BuildingPermitPkg=WBH - BP09; NWB_WBS00=WBH; NWB_WBS01=HO; NWB_WBS02=09; NWB_WBS03=Z00; NWB_WBS04=ME; NWB_WBS05=SI5; NWB_WBSCode=WBH-HO-09-Z00-ME-SI5
INFO | Candidate: NWB_AssetTypeCode | Scope=instance | Storage=String | ReadOnly=False | Shared=True | Id=7626182
INFO | Writing INSTANCE parameter 'NWB_AssetTypeCode' on element 14855442
INFO | Element 14855442 | NWB_AssetTypeCode | Kind=Shared Parameter | Scope=instance | Storage=String | Old='' | New='MDUC'
INFO | Candidate: NWB_AssetType | Scope=instance | Storage=String | ReadOnly=False | Shared=True | Id=7626181
INFO | Writing INSTANCE parameter 'NWB_AssetType' on element 14855442
INFO | Element 14855442 | NWB_AssetType | Kind=Shared Parameter | Scope=instance | Storage=String | Old='' | New='Ductwork'
INFO | Candidate: NWB_Discipline | Scope=instance | Storage=String | ReadOnly=False | Shared=True | Id=7626159
INFO | Writing INSTANCE parameter 'NWB_Discipline' on element 14855442
INFO | Element 14855442 | NWB_Discipline | Kind=Shared Parameter | Scope=instance | Storage=String | Old='Mechanical' | New='ME'
INFO | Candidate: NWB_Category | Scope=instance | Storage=String | ReadOnly=False | Shared=True | Id=7626160
INFO | Writing INSTANCE parameter 'NWB_Category' on element 14855442
INFO | Element 14855442 | NWB_Category | Kind=Shared Parameter | Scope=instance | Storage=String | Old='' | New='Ductwork'
INFO | Candidate: NWB_Department | Scope=instance | Storage=String | ReadOnly=False | Shared=True | Id=7626168
INFO | Writing INSTANCE parameter 'NWB_Department' on element 14855442
INFO | Element 14855442 | NWB_Department | Kind=Shared Parameter | Scope=instance | Storage=String | Old='' | New='High Dependency Unit'
INFO | Candidate: NWB_System | Scope=instance | Storage=String | ReadOnly=False | Shared=True | Id=7626163
INFO | Writing INSTANCE parameter 'NWB_System' on element 14855442
INFO | Element 14855442 | NWB_System | Kind=Shared Parameter | Scope=instance | Storage=String | Old='' | New='Supply Air'
INFO | Candidate: NWB_UniclassCode | Scope=instance | Storage=String | ReadOnly=False | Shared=True | Id=7626165
INFO | Writing INSTANCE parameter 'NWB_UniclassCode' on element 14855442
INFO | Element 14855442 | NWB_UniclassCode | Kind=Shared Parameter | Scope=instance | Storage=String | Old='' | New='Pr_65_65_25'
INFO | Candidate: NWB_UniclassDescription | Scope=instance | Storage=String | ReadOnly=False | Shared=True | Id=7626166
INFO | Writing INSTANCE parameter 'NWB_UniclassDescription' on element 14855442
INFO | Element 14855442 | NWB_UniclassDescription | Kind=Shared Parameter | Scope=instance | Storage=String | Old='' | New='Ductwork and fittings'
INFO | Candidate: NWB_DesignPkg | Scope=instance | Storage=String | ReadOnly=False | Shared=True | Id=7626167
INFO | Writing INSTANCE parameter 'NWB_DesignPkg' on element 14855442
INFO | Element 14855442 | NWB_DesignPkg | Kind=Shared Parameter | Scope=instance | Storage=String | Old='' | New='NWB-GEN-ME-SCM-1091-A'
ERROR | Element 14855442 | Category=Flex Ducts | Family= | Parameter=NWB_BuildingPermitPkg | Reason=missing | Writable sample: AHU_AreaServed, AHU_Serves, AHU_Type, AHU_ZoneNumber, Additional Flow, Building_No, COMPLETE Y/N, Classification.UniFormat.2010.Description, Classification.UniFormat.2010.Number, Comments, Diameter, Export to IFC, Export to IFC As, Family, Family and Type, Flex Pattern, IFC Predefined Type, IfcGUID, Image, Legend Description
INFO | Candidate: NWB_WBS00 | Scope=instance | Storage=String | ReadOnly=False | Shared=True | Id=9214738
INFO | Candidate: NWB_WBS01 | Scope=instance | Storage=String | ReadOnly=False | Shared=True | Id=9214798
INFO | Writing INSTANCE parameter 'NWB_WBS01' on element 14855442
INFO | Element 14855442 | NWB_WBS01 | Kind=Shared Parameter | Scope=instance | Storage=String | Old='' | New='HO'
INFO | Candidate: NWB_WBS02 | Scope=instance | Storage=String | ReadOnly=False | Shared=True | Id=9214786
INFO | Writing INSTANCE parameter 'NWB_WBS02' on element 14855442
INFO | Element 14855442 | NWB_WBS02 | Kind=Shared Parameter | Scope=instance | Storage=String | Old='' | New='09'
INFO | Candidate: NWB_WBS03 | Scope=instance | Storage=String | ReadOnly=False | Shared=True | Id=9214750
INFO | Writing INSTANCE parameter 'NWB_WBS03' on element 14855442
INFO | Element 14855442 | NWB_WBS03 | Kind=Shared Parameter | Scope=instance | Storage=String | Old='' | New='HDU'
INFO | Candidate: NWB_WBS04 | Scope=instance | Storage=String | ReadOnly=False | Shared=True | Id=9214762
INFO | Writing INSTANCE parameter 'NWB_WBS04' on element 14855442
INFO | Element 14855442 | NWB_WBS04 | Kind=Shared Parameter | Scope=instance | Storage=String | Old='' | New='ME'
INFO | Candidate: NWB_WBS05 | Scope=instance | Storage=String | ReadOnly=False | Shared=True | Id=9214810
INFO | Writing INSTANCE parameter 'NWB_WBS05' on element 14855442
INFO | Element 14855442 | NWB_WBS05 | Kind=Shared Parameter | Scope=instance | Storage=String | Old='' | New='SI5'
INFO | Candidate: NWB_WBSCode | Scope=instance | Storage=String | ReadOnly=False | Shared=True | Id=9214774
INFO | Writing INSTANCE parameter 'NWB_WBSCode' on element 14855442
INFO | Element 14855442 | NWB_WBSCode | Kind=Shared Parameter | Scope=instance | Storage=String | Old='' | New='WBH-HO-09-HDU-ME-SI5'
SOURCE | Element 14855442 | Cat=Flex Ducts | Family=Flex Duct Round | Type= | Level=LEVEL 09 | System=Supply Air | LinkedRoomLink=NWB-ACD-WBH-MH-MOD-0001 | LinkedRoomNumber=HDU.09.146 | LinkedRoomName=Office - Workstation, 8 Person | LinkedRoomDept=High Dependency Unit | LinkedRoomBuilding= | LinkedRoomSite= | LinkedRoomSource=connected:14855439:Air Terminals | ResolvedDept=High Dependency Unit | ResolvedBuilding= | ResolvedSite= | DisciplineHint=mechanical | AssetCandidates=flex ducts, ductwork | WBS00=WBH | WBS01=HO | WBS03=HDU | DesignPkg=NWB-GEN-ME-SCM-1091-A | BuildingPermitPkg=WBH - BP09
ELEMENT | 14855442 | Cat=Flex Ducts | AssetScore=45 | AssetTypeCode=MDUC | AssetType=Ductwork | AssetCategory=Ductwork | Targets=NWB_AssetTypeCode=MDUC; NWB_AssetType=Ductwork; NWB_Discipline=ME; NWB_Category=Ductwork; NWB_Department=High Dependency Unit; NWB_Material=; NWB_System=Supply Air; NWB_UniclassCode=Pr_65_65_25; NWB_UniclassDescription=Ductwork and fittings; NWB_DesignPkg=NWB-GEN-ME-SCM-1091-A; NWB_BuildingPermitPkg=WBH - BP09; NWB_WBS00=WBH; NWB_WBS01=HO; NWB_WBS02=09; NWB_WBS03=HDU; NWB_WBS04=ME; NWB_WBS05=SI5; NWB_WBSCode=WBH-HO-09-HDU-ME-SI5
INFO | Candidate: NWB_AssetTypeCode | Scope=instance | Storage=String | ReadOnly=False | Shared=True | Id=7626182
INFO | Writing INSTANCE parameter 'NWB_AssetTypeCode' on element 14855453
INFO | Element 14855453 | NWB_AssetTypeCode | Kind=Shared Parameter | Scope=instance | Storage=String | Old='' | New='MDUC'
INFO | Candidate: NWB_AssetType | Scope=instance | Storage=String | ReadOnly=False | Shared=True | Id=7626181
INFO | Writing INSTANCE parameter 'NWB_AssetType' on element 14855453
INFO | Element 14855453 | NWB_AssetType | Kind=Shared Parameter | Scope=instance | Storage=String | Old='' | New='Ductwork'
INFO | Candidate: NWB_Discipline | Scope=instance | Storage=String | ReadOnly=False | Shared=True | Id=7626159
INFO | Writing INSTANCE parameter 'NWB_Discipline' on element 14855453
INFO | Element 14855453 | NWB_Discipline | Kind=Shared Parameter | Scope=instance | Storage=String | Old='Mechanical' | New='ME'
INFO | Candidate: NWB_Category | Scope=instance | Storage=String | ReadOnly=False | Shared=True | Id=7626160
INFO | Writing INSTANCE parameter 'NWB_Category' on element 14855453
INFO | Element 14855453 | NWB_Category | Kind=Shared Parameter | Scope=instance | Storage=String | Old='' | New='Ductwork'
INFO | Candidate: NWB_Department | Scope=instance | Storage=String | ReadOnly=False | Shared=True | Id=7626168
INFO | Writing INSTANCE parameter 'NWB_Department' on element 14855453
INFO | Element 14855453 | NWB_Department | Kind=Shared Parameter | Scope=instance | Storage=String | Old='' | New='Inpatient Obstetric 3'
INFO | Candidate: NWB_Material | Scope=instance | Storage=String | ReadOnly=False | Shared=True | Id=7626176
INFO | Writing INSTANCE parameter 'NWB_Material' on element 14855453
INFO | Element 14855453 | NWB_Material | Kind=Shared Parameter | Scope=instance | Storage=String | Old='' | New='9479096'
INFO | Candidate: NWB_System | Scope=instance | Storage=String | ReadOnly=False | Shared=True | Id=7626163
INFO | Candidate: NWB_UniclassCode | Scope=instance | Storage=String | ReadOnly=False | Shared=True | Id=7626165
INFO | Writing INSTANCE parameter 'NWB_UniclassCode' on element 14855453
INFO | Element 14855453 | NWB_UniclassCode | Kind=Shared Parameter | Scope=instance | Storage=String | Old='' | New='Pr_65_65_25'
INFO | Candidate: NWB_UniclassDescription | Scope=instance | Storage=String | ReadOnly=False | Shared=True | Id=7626166
INFO | Writing INSTANCE parameter 'NWB_UniclassDescription' on element 14855453
INFO | Element 14855453 | NWB_UniclassDescription | Kind=Shared Parameter | Scope=instance | Storage=String | Old='' | New='Ductwork and fittings'
INFO | Candidate: NWB_DesignPkg | Scope=instance | Storage=String | ReadOnly=False | Shared=True | Id=7626167
INFO | Writing INSTANCE parameter 'NWB_DesignPkg' on element 14855453
INFO | Element 14855453 | NWB_DesignPkg | Kind=Shared Parameter | Scope=instance | Storage=String | Old='' | New='NWB-GEN-ME-SCM-1091-A'
ERROR | Element 14855453 | Category=Duct Fittings | Family= | Parameter=NWB_BuildingPermitPkg | Reason=missing | Writable sample: AHU, AHU_AreaServed, AHU_Serves, AHU_Type, AHU_ZoneNumber, Building_No, COMPLETE Y/N, Classification.OmniClass.21.Description_INSTANCE, Classification.OmniClass.21.Number_INSTANCE, Classification.OmniClass.22.Description_INSTANCE, Classification.OmniClass.22.Number_INSTANCE, Classification.OmniClass.23.Description_INSTANCE, Classification.OmniClass.23.Number_INSTANCE, Classification.UniFormat.2010.Description, Classification.UniFormat.2010.Number, Comments, Description BOM Suffix, Duct Height1, Duct Length 1, Duct Width1
INFO | Candidate: NWB_WBS00 | Scope=instance | Storage=String | ReadOnly=False | Shared=True | Id=9214738
INFO | Writing INSTANCE parameter 'NWB_WBS00' on element 14855453
INFO | Element 14855453 | NWB_WBS00 | Kind=Shared Parameter | Scope=instance | Storage=String | Old='' | New='WBH'
INFO | Candidate: NWB_WBS01 | Scope=instance | Storage=String | ReadOnly=False | Shared=True | Id=9214798
INFO | Writing INSTANCE parameter 'NWB_WBS01' on element 14855453
INFO | Element 14855453 | NWB_WBS01 | Kind=Shared Parameter | Scope=instance | Storage=String | Old='' | New='HO'
INFO | Candidate: NWB_WBS02 | Scope=instance | Storage=String | ReadOnly=False | Shared=True | Id=9214786
INFO | Candidate: NWB_WBS03 | Scope=instance | Storage=String | ReadOnly=False | Shared=True | Id=9214750
INFO | Writing INSTANCE parameter 'NWB_WBS03' on element 14855453
INFO | Element 14855453 | NWB_WBS03 | Kind=Shared Parameter | Scope=instance | Storage=String | Old='' | New='IP3'
INFO | Candidate: NWB_WBS04 | Scope=instance | Storage=String | ReadOnly=False | Shared=True | Id=9214762
INFO | Writing INSTANCE parameter 'NWB_WBS04' on element 14855453
INFO | Element 14855453 | NWB_WBS04 | Kind=Shared Parameter | Scope=instance | Storage=String | Old='' | New='ME'
INFO | Candidate: NWB_WBS05 | Scope=instance | Storage=String | ReadOnly=False | Shared=True | Id=9214810
INFO | Writing INSTANCE parameter 'NWB_WBS05' on element 14855453
INFO | Element 14855453 | NWB_WBS05 | Kind=Shared Parameter | Scope=instance | Storage=String | Old='' | New='SI5'
INFO | Candidate: NWB_WBSCode | Scope=instance | Storage=String | ReadOnly=False | Shared=True | Id=9214774
INFO | Writing INSTANCE parameter 'NWB_WBSCode' on element 14855453
INFO | Element 14855453 | NWB_WBSCode | Kind=Shared Parameter | Scope=instance | Storage=String | Old='' | New='WBH-HO-09-IP3-ME-SI5'
SOURCE | Element 14855453 | Cat=Duct Fittings | Family=MHT-ME-DF-Square Cap-BMA | Type= | Level=LEVEL 09 | System=Supply Air | LinkedRoomLink=NWB-ACD-WBH-MH-MOD-0001 | LinkedRoomNumber=IP3.11.C02 | LinkedRoomName=Corridor | LinkedRoomDept=Inpatient Obstetric 3 | LinkedRoomBuilding= | LinkedRoomSite= | LinkedRoomSource=connected:13056758:Duct Systems | ResolvedDept=Inpatient Obstetric 3 | ResolvedBuilding= | ResolvedSite= | DisciplineHint=mechanical | AssetCandidates=duct fittings, ductwork | WBS00=WBH | WBS01=HO | WBS03=IP3 | DesignPkg=NWB-GEN-ME-SCM-1091-A | BuildingPermitPkg=WBH - BP09
ELEMENT | 14855453 | Cat=Duct Fittings | AssetScore=45 | AssetTypeCode=MDUC | AssetType=Ductwork | AssetCategory=Ductwork | Targets=NWB_AssetTypeCode=MDUC; NWB_AssetType=Ductwork; NWB_Discipline=ME; NWB_Category=Ductwork; NWB_Department=Inpatient Obstetric 3; NWB_Material=9479096; NWB_System=Supply Air; NWB_UniclassCode=Pr_65_65_25; NWB_UniclassDescription=Ductwork and fittings; NWB_DesignPkg=NWB-GEN-ME-SCM-1091-A; NWB_BuildingPermitPkg=WBH - BP09; NWB_WBS00=WBH; NWB_WBS01=HO; NWB_WBS02=09; NWB_WBS03=IP3; NWB_WBS04=ME; NWB_WBS05=SI5; NWB_WBSCode=WBH-HO-09-IP3-ME-SI5
INFO | Candidate: NWB_AssetTypeCode | Scope=instance | Storage=String | ReadOnly=False | Shared=True | Id=3045149
INFO | Candidate: NWB_AssetTypeCode | Scope=instance | Storage=String | ReadOnly=False | Shared=True | Id=7626182
INFO | Found 2 parameters named NWB_AssetTypeCode
INFO | SELECTED | Shared Parameter | Scope=instance | ReadOnly=False | Id=3045149
INFO | SELECTED | Shared Parameter | Scope=instance | ReadOnly=False | Id=7626182
INFO | Writing INSTANCE parameter 'NWB_AssetTypeCode' on element 14855457
INFO | Element 14855457 | NWB_AssetTypeCode | Kind=Shared Parameter | Scope=instance | Storage=String | Old='' | New='MDUC'
INFO | Writing INSTANCE parameter 'NWB_AssetTypeCode' on element 14855457
INFO | Element 14855457 | NWB_AssetTypeCode | Kind=Shared Parameter | Scope=instance | Storage=String | Old='' | New='MDUC'
INFO | Candidate: NWB_AssetType | Scope=instance | Storage=String | ReadOnly=False | Shared=True | Id=3045150
INFO | Candidate: NWB_AssetType | Scope=instance | Storage=String | ReadOnly=False | Shared=True | Id=7626181
INFO | Found 2 parameters named NWB_AssetType
INFO | SELECTED | Shared Parameter | Scope=instance | ReadOnly=False | Id=3045150
INFO | SELECTED | Shared Parameter | Scope=instance | ReadOnly=False | Id=7626181
INFO | Writing INSTANCE parameter 'NWB_AssetType' on element 14855457
INFO | Element 14855457 | NWB_AssetType | Kind=Shared Parameter | Scope=instance | Storage=String | Old='' | New='Ductwork'
INFO | Writing INSTANCE parameter 'NWB_AssetType' on element 14855457
INFO | Element 14855457 | NWB_AssetType | Kind=Shared Parameter | Scope=instance | Storage=String | Old='' | New='Ductwork'
INFO | Candidate: NWB_Discipline | Scope=instance | Storage=String | ReadOnly=False | Shared=True | Id=3045151
INFO | Candidate: NWB_Discipline | Scope=instance | Storage=String | ReadOnly=False | Shared=True | Id=7626159
INFO | Found 2 parameters named NWB_Discipline
INFO | SELECTED | Shared Parameter | Scope=instance | ReadOnly=False | Id=3045151
INFO | SELECTED | Shared Parameter | Scope=instance | ReadOnly=False | Id=7626159
INFO | Writing INSTANCE parameter 'NWB_Discipline' on element 14855457
INFO | Element 14855457 | NWB_Discipline | Kind=Shared Parameter | Scope=instance | Storage=String | Old='Mechanical' | New='ME'
INFO | Writing INSTANCE parameter 'NWB_Discipline' on element 14855457
INFO | Element 14855457 | NWB_Discipline | Kind=Shared Parameter | Scope=instance | Storage=String | Old='Mechanical' | New='ME'
INFO | Candidate: NWB_Category | Scope=instance | Storage=String | ReadOnly=False | Shared=True | Id=3045152
INFO | Candidate: NWB_Category | Scope=instance | Storage=String | ReadOnly=False | Shared=True | Id=7626160
INFO | Found 2 parameters named NWB_Category
INFO | SELECTED | Shared Parameter | Scope=instance | ReadOnly=False | Id=3045152
INFO | SELECTED | Shared Parameter | Scope=instance | ReadOnly=False | Id=7626160
INFO | Writing INSTANCE parameter 'NWB_Category' on element 14855457
INFO | Element 14855457 | NWB_Category | Kind=Shared Parameter | Scope=instance | Storage=String | Old='' | New='Ductwork'
INFO | Writing INSTANCE parameter 'NWB_Category' on element 14855457
INFO | Element 14855457 | NWB_Category | Kind=Shared Parameter | Scope=instance | Storage=String | Old='' | New='Ductwork'
INFO | Candidate: NWB_System | Scope=instance | Storage=String | ReadOnly=False | Shared=True | Id=3045155
INFO | Candidate: NWB_System | Scope=instance | Storage=String | ReadOnly=False | Shared=True | Id=7626163
INFO | Found 2 parameters named NWB_System
INFO | SELECTED | Shared Parameter | Scope=instance | ReadOnly=False | Id=3045155
INFO | SELECTED | Shared Parameter | Scope=instance | ReadOnly=False | Id=7626163
INFO | Writing INSTANCE parameter 'NWB_System' on element 14855457
INFO | Element 14855457 | NWB_System | Kind=Shared Parameter | Scope=instance | Storage=String | Old='' | New='Supply Air'
INFO | Candidate: NWB_UniclassCode | Scope=instance | Storage=String | ReadOnly=False | Shared=True | Id=3045156
INFO | Candidate: NWB_UniclassCode | Scope=instance | Storage=String | ReadOnly=False | Shared=True | Id=7626165
INFO | Found 2 parameters named NWB_UniclassCode
INFO | SELECTED | Shared Parameter | Scope=instance | ReadOnly=False | Id=3045156
INFO | SELECTED | Shared Parameter | Scope=instance | ReadOnly=False | Id=7626165
INFO | Writing INSTANCE parameter 'NWB_UniclassCode' on element 14855457
INFO | Element 14855457 | NWB_UniclassCode | Kind=Shared Parameter | Scope=instance | Storage=String | Old='' | New='Pr_65_65_25'
INFO | Writing INSTANCE parameter 'NWB_UniclassCode' on element 14855457
INFO | Element 14855457 | NWB_UniclassCode | Kind=Shared Parameter | Scope=instance | Storage=String | Old='' | New='Pr_65_65_25'
INFO | Candidate: NWB_UniclassDescription | Scope=instance | Storage=String | ReadOnly=False | Shared=True | Id=3045157
INFO | Candidate: NWB_UniclassDescription | Scope=instance | Storage=String | ReadOnly=False | Shared=True | Id=7626166
INFO | Found 2 parameters named NWB_UniclassDescription
INFO | SELECTED | Shared Parameter | Scope=instance | ReadOnly=False | Id=3045157
INFO | SELECTED | Shared Parameter | Scope=instance | ReadOnly=False | Id=7626166
INFO | Writing INSTANCE parameter 'NWB_UniclassDescription' on element 14855457
INFO | Element 14855457 | NWB_UniclassDescription | Kind=Shared Parameter | Scope=instance | Storage=String | Old='' | New='Ductwork and fittings'
INFO | Writing INSTANCE parameter 'NWB_UniclassDescription' on element 14855457
INFO | Element 14855457 | NWB_UniclassDescription | Kind=Shared Parameter | Scope=instance | Storage=String | Old='' | New='Ductwork and fittings'
INFO | Candidate: NWB_DesignPkg | Scope=instance | Storage=String | ReadOnly=False | Shared=True | Id=3045158
INFO | Candidate: NWB_DesignPkg | Scope=instance | Storage=String | ReadOnly=False | Shared=True | Id=7626167
INFO | Found 2 parameters named NWB_DesignPkg
INFO | SELECTED | Shared Parameter | Scope=instance | ReadOnly=False | Id=3045158
INFO | SELECTED | Shared Parameter | Scope=instance | ReadOnly=False | Id=7626167
INFO | Writing INSTANCE parameter 'NWB_DesignPkg' on element 14855457
INFO | Element 14855457 | NWB_DesignPkg | Kind=Shared Parameter | Scope=instance | Storage=String | Old='' | New='NWB-GEN-ME-SCM-1091-A'
INFO | Writing INSTANCE parameter 'NWB_DesignPkg' on element 14855457
INFO | Element 14855457 | NWB_DesignPkg | Kind=Shared Parameter | Scope=instance | Storage=String | Old='' | New='NWB-GEN-ME-SCM-1091-A'
ERROR | Element 14855457 | Category=Duct Fittings | Family= | Parameter=NWB_BuildingPermitPkg | Reason=missing | Writable sample: AHU, AHU_AreaServed, AHU_Serves, AHU_Type, AHU_ZoneNumber, Building_No, COMPLETE Y/N, Classification.OmniClass.21.Description_INSTANCE, Classification.OmniClass.21.Number_INSTANCE, Classification.OmniClass.22.Description_INSTANCE, Classification.OmniClass.22.Number_INSTANCE, Classification.OmniClass.23.Description_INSTANCE, Classification.OmniClass.23.Number_INSTANCE, Classification.UniFormat.2010.Description, Classification.UniFormat.2010.Number, Comments, Description BOM Suffix, Ductwork Insulation - Lining, Elevation from Level, Export to IFC
INFO | Candidate: NWB_WBS00 | Scope=instance | Storage=String | ReadOnly=False | Shared=True | Id=9214738
INFO | Writing INSTANCE parameter 'NWB_WBS00' on element 14855457
INFO | Element 14855457 | NWB_WBS00 | Kind=Shared Parameter | Scope=instance | Storage=String | Old='' | New='WBH'
INFO | Candidate: NWB_WBS01 | Scope=instance | Storage=String | ReadOnly=False | Shared=True | Id=9214798
INFO | Writing INSTANCE parameter 'NWB_WBS01' on element 14855457
INFO | Element 14855457 | NWB_WBS01 | Kind=Shared Parameter | Scope=instance | Storage=String | Old='' | New='HO'
INFO | Candidate: NWB_WBS02 | Scope=instance | Storage=String | ReadOnly=False | Shared=True | Id=9214786
INFO | Candidate: NWB_WBS03 | Scope=instance | Storage=String | ReadOnly=False | Shared=True | Id=9214750
INFO | Writing INSTANCE parameter 'NWB_WBS03' on element 14855457
INFO | Element 14855457 | NWB_WBS03 | Kind=Shared Parameter | Scope=instance | Storage=String | Old='' | New='Z00'
INFO | Candidate: NWB_WBS04 | Scope=instance | Storage=String | ReadOnly=False | Shared=True | Id=9214762
INFO | Writing INSTANCE parameter 'NWB_WBS04' on element 14855457
INFO | Element 14855457 | NWB_WBS04 | Kind=Shared Parameter | Scope=instance | Storage=String | Old='' | New='ME'
INFO | Candidate: NWB_WBS05 | Scope=instance | Storage=String | ReadOnly=False | Shared=True | Id=9214810
INFO | Writing INSTANCE parameter 'NWB_WBS05' on element 14855457
INFO | Element 14855457 | NWB_WBS05 | Kind=Shared Parameter | Scope=instance | Storage=String | Old='' | New='SI5'
INFO | Candidate: NWB_WBSCode | Scope=instance | Storage=String | ReadOnly=False | Shared=True | Id=9214774
INFO | Writing INSTANCE parameter 'NWB_WBSCode' on element 14855457
INFO | Element 14855457 | NWB_WBSCode | Kind=Shared Parameter | Scope=instance | Storage=String | Old='' | New='WBH-HO-09-Z00-ME-SI5'
SOURCE | Element 14855457 | Cat=Duct Fittings | Family=MHT-ME-DF-Rectangular Eccentric Taper - Flanged-01 | Type= | Level=LEVEL 09 | System=Supply Air | LinkedRoomLink= | LinkedRoomNumber= | LinkedRoomName= | LinkedRoomDept= | LinkedRoomBuilding= | LinkedRoomSite= | LinkedRoomSource= | ResolvedDept= | ResolvedBuilding= | ResolvedSite= | DisciplineHint=mechanical | AssetCandidates=duct fittings, ductwork | WBS00=WBH | WBS01=HO | WBS03=Z00 | DesignPkg=NWB-GEN-ME-SCM-1091-A | BuildingPermitPkg=WBH - BP09
WARN | Element 14855457 | Department unresolved | ExistingNWBDepartment= | ExistingWBS00= | ExistingWBS01= | ExistingDiscipline=Mechanical
ELEMENT | 14855457 | Cat=Duct Fittings | AssetScore=45 | AssetTypeCode=MDUC | AssetType=Ductwork | AssetCategory=Ductwork | Targets=NWB_AssetTypeCode=MDUC; NWB_AssetType=Ductwork; NWB_Discipline=ME; NWB_Category=Ductwork; NWB_Department=; NWB_Material=; NWB_System=Supply Air; NWB_UniclassCode=Pr_65_65_25; NWB_UniclassDescription=Ductwork and fittings; NWB_DesignPkg=NWB-GEN-ME-SCM-1091-A; NWB_BuildingPermitPkg=WBH - BP09; NWB_WBS00=WBH; NWB_WBS01=HO; NWB_WBS02=09; NWB_WBS03=Z00; NWB_WBS04=ME; NWB_WBS05=SI5; NWB_WBSCode=WBH-HO-09-Z00-ME-SI5
INFO | Candidate: NWB_AssetTypeCode | Scope=instance | Storage=String | ReadOnly=False | Shared=True | Id=7626182
INFO | Writing INSTANCE parameter 'NWB_AssetTypeCode' on element 14855461
INFO | Element 14855461 | NWB_AssetTypeCode | Kind=Shared Parameter | Scope=instance | Storage=String | Old='' | New='MDUC'
INFO | Candidate: NWB_AssetType | Scope=instance | Storage=String | ReadOnly=False | Shared=True | Id=7626181
INFO | Writing INSTANCE parameter 'NWB_AssetType' on element 14855461
INFO | Element 14855461 | NWB_AssetType | Kind=Shared Parameter | Scope=instance | Storage=String | Old='' | New='Ductwork'
INFO | Candidate: NWB_Discipline | Scope=instance | Storage=String | ReadOnly=False | Shared=True | Id=7626159
INFO | Writing INSTANCE parameter 'NWB_Discipline' on element 14855461
INFO | Element 14855461 | NWB_Discipline | Kind=Shared Parameter | Scope=instance | Storage=String | Old='Mechanical' | New='ME'
INFO | Candidate: NWB_Category | Scope=instance | Storage=String | ReadOnly=False | Shared=True | Id=7626160
INFO | Writing INSTANCE parameter 'NWB_Category' on element 14855461
INFO | Element 14855461 | NWB_Category | Kind=Shared Parameter | Scope=instance | Storage=String | Old='' | New='Ductwork'
INFO | Candidate: NWB_System | Scope=instance | Storage=String | ReadOnly=False | Shared=True | Id=7626163
INFO | Candidate: NWB_UniclassCode | Scope=instance | Storage=String | ReadOnly=False | Shared=True | Id=7626165
INFO | Writing INSTANCE parameter 'NWB_UniclassCode' on element 14855461
INFO | Element 14855461 | NWB_UniclassCode | Kind=Shared Parameter | Scope=instance | Storage=String | Old='' | New='Pr_65_65_25'
INFO | Candidate: NWB_UniclassDescription | Scope=instance | Storage=String | ReadOnly=False | Shared=True | Id=7626166
INFO | Writing INSTANCE parameter 'NWB_UniclassDescription' on element 14855461
INFO | Element 14855461 | NWB_UniclassDescription | Kind=Shared Parameter | Scope=instance | Storage=String | Old='' | New='Ductwork and fittings'
INFO | Candidate: NWB_DesignPkg | Scope=instance | Storage=String | ReadOnly=False | Shared=True | Id=7626167
INFO | Writing INSTANCE parameter 'NWB_DesignPkg' on element 14855461
INFO | Element 14855461 | NWB_DesignPkg | Kind=Shared Parameter | Scope=instance | Storage=String | Old='' | New='NWB-GEN-ME-SCM-1091-A'
ERROR | Element 14855461 | Category=Duct Fittings | Family= | Parameter=NWB_BuildingPermitPkg | Reason=missing | Writable sample: AHU, AHU_AreaServed, AHU_Serves, AHU_Type, AHU_ZoneNumber, Angle, Building_No, COMPLETE Y/N, Classification.OmniClass.21.Description_INSTANCE, Classification.OmniClass.21.Number_INSTANCE, Classification.OmniClass.22.Description_INSTANCE, Classification.OmniClass.22.Number_INSTANCE, Classification.OmniClass.23.Description_INSTANCE, Classification.OmniClass.23.Number_INSTANCE, Classification.UniFormat.2010.Description, Classification.UniFormat.2010.Number, Comments, Description BOM Suffix, Ductwork Insulation - Lining, Elevation from Level
INFO | Candidate: NWB_WBS00 | Scope=instance | Storage=String | ReadOnly=False | Shared=True | Id=9214738
INFO | Writing INSTANCE parameter 'NWB_WBS00' on element 14855461
INFO | Element 14855461 | NWB_WBS00 | Kind=Shared Parameter | Scope=instance | Storage=String | Old='' | New='WBH'
INFO | Candidate: NWB_WBS01 | Scope=instance | Storage=String | ReadOnly=False | Shared=True | Id=9214798
INFO | Writing INSTANCE parameter 'NWB_WBS01' on element 14855461
INFO | Element 14855461 | NWB_WBS01 | Kind=Shared Parameter | Scope=instance | Storage=String | Old='' | New='HO'
INFO | Candidate: NWB_WBS02 | Scope=instance | Storage=String | ReadOnly=False | Shared=True | Id=9214786
INFO | Candidate: NWB_WBS03 | Scope=instance | Storage=String | ReadOnly=False | Shared=True | Id=9214750
INFO | Writing INSTANCE parameter 'NWB_WBS03' on element 14855461
INFO | Element 14855461 | NWB_WBS03 | Kind=Shared Parameter | Scope=instance | Storage=String | Old='' | New='Z00'
INFO | Candidate: NWB_WBS04 | Scope=instance | Storage=String | ReadOnly=False | Shared=True | Id=9214762
INFO | Writing INSTANCE parameter 'NWB_WBS04' on element 14855461
INFO | Element 14855461 | NWB_WBS04 | Kind=Shared Parameter | Scope=instance | Storage=String | Old='' | New='ME'
INFO | Candidate: NWB_WBS05 | Scope=instance | Storage=String | ReadOnly=False | Shared=True | Id=9214810
INFO | Writing INSTANCE parameter 'NWB_WBS05' on element 14855461
INFO | Element 14855461 | NWB_WBS05 | Kind=Shared Parameter | Scope=instance | Storage=String | Old='' | New='SI5'
INFO | Candidate: NWB_WBSCode | Scope=instance | Storage=String | ReadOnly=False | Shared=True | Id=9214774
INFO | Writing INSTANCE parameter 'NWB_WBSCode' on element 14855461
INFO | Element 14855461 | NWB_WBSCode | Kind=Shared Parameter | Scope=instance | Storage=String | Old='' | New='WBH-HO-09-Z00-ME-SI5'
SOURCE | Element 14855461 | Cat=Duct Fittings | Family=MHT-ME-DF-Rectangular Shoe Branch - Flanged | Type= | Level=LEVEL 09 | System=Supply Air | LinkedRoomLink= | LinkedRoomNumber= | LinkedRoomName= | LinkedRoomDept= | LinkedRoomBuilding= | LinkedRoomSite= | LinkedRoomSource= | ResolvedDept= | ResolvedBuilding= | ResolvedSite= | DisciplineHint=mechanical | AssetCandidates=duct fittings, ductwork | WBS00=WBH | WBS01=HO | WBS03=Z00 | DesignPkg=NWB-GEN-ME-SCM-1091-A | BuildingPermitPkg=WBH - BP09
WARN | Element 14855461 | Department unresolved | ExistingNWBDepartment= | ExistingWBS00= | ExistingWBS01= | ExistingDiscipline=Mechanical
ELEMENT | 14855461 | Cat=Duct Fittings | AssetScore=45 | AssetTypeCode=MDUC | AssetType=Ductwork | AssetCategory=Ductwork | Targets=NWB_AssetTypeCode=MDUC; NWB_AssetType=Ductwork; NWB_Discipline=ME; NWB_Category=Ductwork; NWB_Department=; NWB_Material=; NWB_System=Supply Air; NWB_UniclassCode=Pr_65_65_25; NWB_UniclassDescription=Ductwork and fittings; NWB_DesignPkg=NWB-GEN-ME-SCM-1091-A; NWB_BuildingPermitPkg=WBH - BP09; NWB_WBS00=WBH; NWB_WBS01=HO; NWB_WBS02=09; NWB_WBS03=Z00; NWB_WBS04=ME; NWB_WBS05=SI5; NWB_WBSCode=WBH-HO-09-Z00-ME-SI5
INFO | Candidate: NWB_AssetTypeCode | Scope=instance | Storage=String | ReadOnly=False | Shared=True | Id=3045149
INFO | Candidate: NWB_AssetTypeCode | Scope=instance | Storage=String | ReadOnly=False | Shared=True | Id=7626182
INFO | Found 2 parameters named NWB_AssetTypeCode
INFO | SELECTED | Shared Parameter | Scope=instance | ReadOnly=False | Id=3045149
INFO | SELECTED | Shared Parameter | Scope=instance | ReadOnly=False | Id=7626182
INFO | Writing INSTANCE parameter 'NWB_AssetTypeCode' on element 14855462
INFO | Element 14855462 | NWB_AssetTypeCode | Kind=Shared Parameter | Scope=instance | Storage=String | Old='' | New='MDUC'
INFO | Writing INSTANCE parameter 'NWB_AssetTypeCode' on element 14855462
INFO | Element 14855462 | NWB_AssetTypeCode | Kind=Shared Parameter | Scope=instance | Storage=String | Old='' | New='MDUC'
INFO | Candidate: NWB_AssetType | Scope=instance | Storage=String | ReadOnly=False | Shared=True | Id=3045150
INFO | Candidate: NWB_AssetType | Scope=instance | Storage=String | ReadOnly=False | Shared=True | Id=7626181
INFO | Found 2 parameters named NWB_AssetType
INFO | SELECTED | Shared Parameter | Scope=instance | ReadOnly=False | Id=3045150
INFO | SELECTED | Shared Parameter | Scope=instance | ReadOnly=False | Id=7626181
INFO | Writing INSTANCE parameter 'NWB_AssetType' on element 14855462
INFO | Element 14855462 | NWB_AssetType | Kind=Shared Parameter | Scope=instance | Storage=String | Old='' | New='Ductwork'
INFO | Writing INSTANCE parameter 'NWB_AssetType' on element 14855462
INFO | Element 14855462 | NWB_AssetType | Kind=Shared Parameter | Scope=instance | Storage=String | Old='' | New='Ductwork'
INFO | Candidate: NWB_Discipline | Scope=instance | Storage=String | ReadOnly=False | Shared=True | Id=3045151
INFO | Candidate: NWB_Discipline | Scope=instance | Storage=String | ReadOnly=False | Shared=True | Id=7626159
INFO | Found 2 parameters named NWB_Discipline
INFO | SELECTED | Shared Parameter | Scope=instance | ReadOnly=False | Id=3045151
INFO | SELECTED | Shared Parameter | Scope=instance | ReadOnly=False | Id=7626159
INFO | Writing INSTANCE parameter 'NWB_Discipline' on element 14855462
INFO | Element 14855462 | NWB_Discipline | Kind=Shared Parameter | Scope=instance | Storage=String | Old='Mechanical' | New='ME'
INFO | Writing INSTANCE parameter 'NWB_Discipline' on element 14855462
INFO | Element 14855462 | NWB_Discipline | Kind=Shared Parameter | Scope=instance | Storage=String | Old='Mechanical' | New='ME'
INFO | Candidate: NWB_Category | Scope=instance | Storage=String | ReadOnly=False | Shared=True | Id=3045152
INFO | Candidate: NWB_Category | Scope=instance | Storage=String | ReadOnly=False | Shared=True | Id=7626160
INFO | Found 2 parameters named NWB_Category
INFO | SELECTED | Shared Parameter | Scope=instance | ReadOnly=False | Id=3045152
INFO | SELECTED | Shared Parameter | Scope=instance | ReadOnly=False | Id=7626160
INFO | Writing INSTANCE parameter 'NWB_Category' on element 14855462
INFO | Element 14855462 | NWB_Category | Kind=Shared Parameter | Scope=instance | Storage=String | Old='' | New='Ductwork'
INFO | Writing INSTANCE parameter 'NWB_Category' on element 14855462
INFO | Element 14855462 | NWB_Category | Kind=Shared Parameter | Scope=instance | Storage=String | Old='' | New='Ductwork'
INFO | Candidate: NWB_System | Scope=instance | Storage=String | ReadOnly=False | Shared=True | Id=3045155
INFO | Candidate: NWB_System | Scope=instance | Storage=String | ReadOnly=False | Shared=True | Id=7626163
INFO | Found 2 parameters named NWB_System
INFO | SELECTED | Shared Parameter | Scope=instance | ReadOnly=False | Id=3045155
INFO | SELECTED | Shared Parameter | Scope=instance | ReadOnly=False | Id=7626163
INFO | Writing INSTANCE parameter 'NWB_System' on element 14855462
INFO | Element 14855462 | NWB_System | Kind=Shared Parameter | Scope=instance | Storage=String | Old='' | New='Supply Air'
INFO | Candidate: NWB_UniclassCode | Scope=instance | Storage=String | ReadOnly=False | Shared=True | Id=3045156
INFO | Candidate: NWB_UniclassCode | Scope=instance | Storage=String | ReadOnly=False | Shared=True | Id=7626165
INFO | Found 2 parameters named NWB_UniclassCode
INFO | SELECTED | Shared Parameter | Scope=instance | ReadOnly=False | Id=3045156
INFO | SELECTED | Shared Parameter | Scope=instance | ReadOnly=False | Id=7626165
INFO | Writing INSTANCE parameter 'NWB_UniclassCode' on element 14855462
INFO | Element 14855462 | NWB_UniclassCode | Kind=Shared Parameter | Scope=instance | Storage=String | Old='' | New='Pr_65_65_25'
INFO | Writing INSTANCE parameter 'NWB_UniclassCode' on element 14855462
INFO | Element 14855462 | NWB_UniclassCode | Kind=Shared Parameter | Scope=instance | Storage=String | Old='' | New='Pr_65_65_25'
INFO | Candidate: NWB_UniclassDescription | Scope=instance | Storage=String | ReadOnly=False | Shared=True | Id=3045157
INFO | Candidate: NWB_UniclassDescription | Scope=instance | Storage=String | ReadOnly=False | Shared=True | Id=7626166
INFO | Found 2 parameters named NWB_UniclassDescription
INFO | SELECTED | Shared Parameter | Scope=instance | ReadOnly=False | Id=3045157
INFO | SELECTED | Shared Parameter | Scope=instance | ReadOnly=False | Id=7626166
INFO | Writing INSTANCE parameter 'NWB_UniclassDescription' on element 14855462
INFO | Element 14855462 | NWB_UniclassDescription | Kind=Shared Parameter | Scope=instance | Storage=String | Old='' | New='Ductwork and fittings'
INFO | Writing INSTANCE parameter 'NWB_UniclassDescription' on element 14855462
INFO | Element 14855462 | NWB_UniclassDescription | Kind=Shared Parameter | Scope=instance | Storage=String | Old='' | New='Ductwork and fittings'
INFO | Candidate: NWB_DesignPkg | Scope=instance | Storage=String | ReadOnly=False | Shared=True | Id=3045158
INFO | Candidate: NWB_DesignPkg | Scope=instance | Storage=String | ReadOnly=False | Shared=True | Id=7626167
INFO | Found 2 parameters named NWB_DesignPkg
INFO | SELECTED | Shared Parameter | Scope=instance | ReadOnly=False | Id=3045158
INFO | SELECTED | Shared Parameter | Scope=instance | ReadOnly=False | Id=7626167
INFO | Writing INSTANCE parameter 'NWB_DesignPkg' on element 14855462
INFO | Element 14855462 | NWB_DesignPkg | Kind=Shared Parameter | Scope=instance | Storage=String | Old='' | New='NWB-GEN-ME-SCM-1091-A'
INFO | Writing INSTANCE parameter 'NWB_DesignPkg' on element 14855462
INFO | Element 14855462 | NWB_DesignPkg | Kind=Shared Parameter | Scope=instance | Storage=String | Old='' | New='NWB-GEN-ME-SCM-1091-A'
ERROR | Element 14855462 | Category=Duct Fittings | Family= | Parameter=NWB_BuildingPermitPkg | Reason=missing | Writable sample: AHU, AHU_AreaServed, AHU_Serves, AHU_Type, AHU_ZoneNumber, Building_No, COMPLETE Y/N, Classification.OmniClass.21.Description_INSTANCE, Classification.OmniClass.21.Number_INSTANCE, Classification.OmniClass.22.Description_INSTANCE, Classification.OmniClass.22.Number_INSTANCE, Classification.OmniClass.23.Description_INSTANCE, Classification.OmniClass.23.Number_INSTANCE, Classification.UniFormat.2010.Description, Classification.UniFormat.2010.Number, Comments, Description BOM Suffix, Ductwork Insulation - Lining, Elevation from Level, Export to IFC
INFO | Candidate: NWB_WBS00 | Scope=instance | Storage=String | ReadOnly=False | Shared=True | Id=9214738
INFO | Writing INSTANCE parameter 'NWB_WBS00' on element 14855462
INFO | Element 14855462 | NWB_WBS00 | Kind=Shared Parameter | Scope=instance | Storage=String | Old='' | New='WBH'
INFO | Candidate: NWB_WBS01 | Scope=instance | Storage=String | ReadOnly=False | Shared=True | Id=9214798
INFO | Writing INSTANCE parameter 'NWB_WBS01' on element 14855462
INFO | Element 14855462 | NWB_WBS01 | Kind=Shared Parameter | Scope=instance | Storage=String | Old='' | New='HO'
INFO | Candidate: NWB_WBS02 | Scope=instance | Storage=String | ReadOnly=False | Shared=True | Id=9214786
INFO | Candidate: NWB_WBS03 | Scope=instance | Storage=String | ReadOnly=False | Shared=True | Id=9214750
INFO | Writing INSTANCE parameter 'NWB_WBS03' on element 14855462
INFO | Element 14855462 | NWB_WBS03 | Kind=Shared Parameter | Scope=instance | Storage=String | Old='' | New='Z00'
INFO | Candidate: NWB_WBS04 | Scope=instance | Storage=String | ReadOnly=False | Shared=True | Id=9214762
INFO | Writing INSTANCE parameter 'NWB_WBS04' on element 14855462
INFO | Element 14855462 | NWB_WBS04 | Kind=Shared Parameter | Scope=instance | Storage=String | Old='' | New='ME'
INFO | Candidate: NWB_WBS05 | Scope=instance | Storage=String | ReadOnly=False | Shared=True | Id=9214810
INFO | Writing INSTANCE parameter 'NWB_WBS05' on element 14855462
INFO | Element 14855462 | NWB_WBS05 | Kind=Shared Parameter | Scope=instance | Storage=String | Old='' | New='SI5'
INFO | Candidate: NWB_WBSCode | Scope=instance | Storage=String | ReadOnly=False | Shared=True | Id=9214774
INFO | Writing INSTANCE parameter 'NWB_WBSCode' on element 14855462
INFO | Element 14855462 | NWB_WBSCode | Kind=Shared Parameter | Scope=instance | Storage=String | Old='' | New='WBH-HO-09-Z00-ME-SI5'
SOURCE | Element 14855462 | Cat=Duct Fittings | Family=MHT-ME-DF-Rectangular Eccentric Taper - Flanged-01 | Type= | Level=LEVEL 09 | System=Supply Air | LinkedRoomLink= | LinkedRoomNumber= | LinkedRoomName= | LinkedRoomDept= | LinkedRoomBuilding= | LinkedRoomSite= | LinkedRoomSource= | ResolvedDept= | ResolvedBuilding= | ResolvedSite= | DisciplineHint=mechanical | AssetCandidates=duct fittings, ductwork | WBS00=WBH | WBS01=HO | WBS03=Z00 | DesignPkg=NWB-GEN-ME-SCM-1091-A | BuildingPermitPkg=WBH - BP09
WARN | Element 14855462 | Department unresolved | ExistingNWBDepartment= | ExistingWBS00= | ExistingWBS01= | ExistingDiscipline=Mechanical
ELEMENT | 14855462 | Cat=Duct Fittings | AssetScore=45 | AssetTypeCode=MDUC | AssetType=Ductwork | AssetCategory=Ductwork | Targets=NWB_AssetTypeCode=MDUC; NWB_AssetType=Ductwork; NWB_Discipline=ME; NWB_Category=Ductwork; NWB_Department=; NWB_Material=; NWB_System=Supply Air; NWB_UniclassCode=Pr_65_65_25; NWB_UniclassDescription=Ductwork and fittings; NWB_DesignPkg=NWB-GEN-ME-SCM-1091-A; NWB_BuildingPermitPkg=WBH - BP09; NWB_WBS00=WBH; NWB_WBS01=HO; NWB_WBS02=09; NWB_WBS03=Z00; NWB_WBS04=ME; NWB_WBS05=SI5; NWB_WBSCode=WBH-HO-09-Z00-ME-SI5
INFO | Candidate: NWB_AssetTypeCode | Scope=instance | Storage=String | ReadOnly=False | Shared=True | Id=7626182
INFO | Candidate: NWB_AssetType | Scope=instance | Storage=String | ReadOnly=False | Shared=True | Id=7626181
INFO | Candidate: NWB_Discipline | Scope=instance | Storage=String | ReadOnly=False | Shared=True | Id=7626159
INFO | Candidate: NWB_Category | Scope=instance | Storage=String | ReadOnly=False | Shared=True | Id=7626160
INFO | Candidate: NWB_Department | Scope=instance | Storage=String | ReadOnly=False | Shared=True | Id=7626168
INFO | Writing INSTANCE parameter 'NWB_Department' on element 14855465
INFO | Element 14855465 | NWB_Department | Kind=Shared Parameter | Scope=instance | Storage=String | Old='HDU' | New='Inpatient Obstetric 3'
INFO | Candidate: NWB_System | Scope=instance | Storage=String | ReadOnly=False | Shared=True | Id=7626163
INFO | Candidate: NWB_UniclassCode | Scope=instance | Storage=String | ReadOnly=False | Shared=True | Id=7626165
INFO | Candidate: NWB_UniclassDescription | Scope=instance | Storage=String | ReadOnly=False | Shared=True | Id=7626166
INFO | Candidate: NWB_DesignPkg | Scope=instance | Storage=String | ReadOnly=False | Shared=True | Id=7626167
ERROR | Element 14855465 | Category=Ducts | Family= | Parameter=NWB_BuildingPermitPkg | Reason=missing | Writable sample: AHU, AHU_AreaServed, AHU_Serves, AHU_Type, AHU_ZoneNumber, Additional Flow, Building_No, COMPLETE Y/N, Classification.OmniClass.21.Description_INSTANCE, Classification.OmniClass.21.Number_INSTANCE, Classification.OmniClass.22.Description_INSTANCE, Classification.OmniClass.22.Number_INSTANCE, Classification.OmniClass.23.Description_INSTANCE, Classification.OmniClass.23.Number_INSTANCE, Classification.UniFormat.2010.Description, Classification.UniFormat.2010.Number, Comments, DUCT NUMBER, Description BOM Suffix, Duct Number
INFO | Candidate: NWB_WBS00 | Scope=instance | Storage=String | ReadOnly=False | Shared=True | Id=9214738
INFO | Candidate: NWB_WBS01 | Scope=instance | Storage=String | ReadOnly=False | Shared=True | Id=9214798
INFO | Candidate: NWB_WBS02 | Scope=instance | Storage=String | ReadOnly=False | Shared=True | Id=9214786
INFO | Candidate: NWB_WBS03 | Scope=instance | Storage=String | ReadOnly=False | Shared=True | Id=9214750
INFO | Writing INSTANCE parameter 'NWB_WBS03' on element 14855465
INFO | Element 14855465 | NWB_WBS03 | Kind=Shared Parameter | Scope=instance | Storage=String | Old='HDU' | New='IP3'
INFO | Candidate: NWB_WBS04 | Scope=instance | Storage=String | ReadOnly=False | Shared=True | Id=9214762
INFO | Candidate: NWB_WBS05 | Scope=instance | Storage=String | ReadOnly=False | Shared=True | Id=9214810
INFO | Writing INSTANCE parameter 'NWB_WBS05' on element 14855465
INFO | Element 14855465 | NWB_WBS05 | Kind=Shared Parameter | Scope=instance | Storage=String | Old='SP' | New='SI5'
INFO | Candidate: NWB_WBSCode | Scope=instance | Storage=String | ReadOnly=False | Shared=True | Id=9214774
INFO | Writing INSTANCE parameter 'NWB_WBSCode' on element 14855465
INFO | Element 14855465 | NWB_WBSCode | Kind=Shared Parameter | Scope=instance | Storage=String | Old='WBH-HO-09-HDU-ME-SP' | New='WBH-HO-09-IP3-ME-SI5'
SOURCE | Element 14855465 | Cat=Ducts | Family=Rectangular Duct | Type= | Level=LEVEL 09 | System=Supply Air | LinkedRoomLink=NWB-ACD-WBH-MH-MOD-0001 | LinkedRoomNumber=IP3.11.C02 | LinkedRoomName=Corridor | LinkedRoomDept=Inpatient Obstetric 3 | LinkedRoomBuilding= | LinkedRoomSite= | LinkedRoomSource=connected:13056758:Duct Systems | ResolvedDept=Inpatient Obstetric 3 | ResolvedBuilding= | ResolvedSite= | DisciplineHint=mechanical | AssetCandidates=ducts, ductwork | WBS00=WBH | WBS01=HO | WBS03=IP3 | DesignPkg=NWB-GEN-ME-SCM-1091-A | BuildingPermitPkg=WBH - BP09
ELEMENT | 14855465 | Cat=Ducts | AssetScore=45 | AssetTypeCode=MDUC | AssetType=Ductwork | AssetCategory=Ductwork | Targets=NWB_AssetTypeCode=MDUC; NWB_AssetType=Ductwork; NWB_Discipline=ME; NWB_Category=Ductwork; NWB_Department=Inpatient Obstetric 3; NWB_Material=; NWB_System=Supply Air; NWB_UniclassCode=Pr_65_65_25; NWB_UniclassDescription=Ductwork and fittings; NWB_DesignPkg=NWB-GEN-ME-SCM-1091-A; NWB_BuildingPermitPkg=WBH - BP09; NWB_WBS00=WBH; NWB_WBS01=HO; NWB_WBS02=09; NWB_WBS03=IP3; NWB_WBS04=ME; NWB_WBS05=SI5; NWB_WBSCode=WBH-HO-09-IP3-ME-SI5
INFO | Candidate: NWB_AssetTypeCode | Scope=instance | Storage=String | ReadOnly=False | Shared=True | Id=7626182
INFO | Writing INSTANCE parameter 'NWB_AssetTypeCode' on element 14855467
INFO | Element 14855467 | NWB_AssetTypeCode | Kind=Shared Parameter | Scope=instance | Storage=String | Old='' | New='MHPU'
INFO | Candidate: NWB_AssetType | Scope=instance | Storage=String | ReadOnly=False | Shared=True | Id=7626181
INFO | Writing INSTANCE parameter 'NWB_AssetType' on element 14855467
INFO | Element 14855467 | NWB_AssetType | Kind=Shared Parameter | Scope=instance | Storage=String | Old='' | New='Heat Pump Unit'
INFO | Candidate: NWB_Discipline | Scope=instance | Storage=String | ReadOnly=False | Shared=True | Id=7626159
INFO | Writing INSTANCE parameter 'NWB_Discipline' on element 14855467
INFO | Element 14855467 | NWB_Discipline | Kind=Shared Parameter | Scope=instance | Storage=String | Old='Mechanical' | New='ME'
INFO | Candidate: NWB_Category | Scope=instance | Storage=String | ReadOnly=False | Shared=True | Id=7626160
INFO | Writing INSTANCE parameter 'NWB_Category' on element 14855467
INFO | Element 14855467 | NWB_Category | Kind=Shared Parameter | Scope=instance | Storage=String | Old='' | New='Equipment'
INFO | Candidate: NWB_System | Scope=instance | Storage=String | ReadOnly=False | Shared=True | Id=7626163
INFO | Writing INSTANCE parameter 'NWB_System' on element 14855467
INFO | Element 14855467 | NWB_System | Kind=Shared Parameter | Scope=instance | Storage=String | Old='' | New='Supply Air,Power,Controls,Supply Air,Hydronic Return,Hydronic Supply'
INFO | Candidate: NWB_UniclassCode | Scope=instance | Storage=String | ReadOnly=False | Shared=True | Id=7626165
INFO | Writing INSTANCE parameter 'NWB_UniclassCode' on element 14855467
INFO | Element 14855467 | NWB_UniclassCode | Kind=Shared Parameter | Scope=instance | Storage=String | Old='' | New='Pr_70_60_37'
INFO | Candidate: NWB_UniclassDescription | Scope=instance | Storage=String | ReadOnly=False | Shared=True | Id=7626166
INFO | Writing INSTANCE parameter 'NWB_UniclassDescription' on element 14855467
INFO | Element 14855467 | NWB_UniclassDescription | Kind=Shared Parameter | Scope=instance | Storage=String | Old='' | New='Heat pumps'
INFO | Candidate: NWB_DesignPkg | Scope=instance | Storage=String | ReadOnly=False | Shared=True | Id=7626167
INFO | Writing INSTANCE parameter 'NWB_DesignPkg' on element 14855467
INFO | Element 14855467 | NWB_DesignPkg | Kind=Shared Parameter | Scope=instance | Storage=String | Old='' | New='NWB-GEN-ME-SCM-1091-A'
ERROR | Element 14855467 | Category=Mechanical Equipment | Family= | Parameter=NWB_BuildingPermitPkg | Reason=missing | Writable sample: AHU, AHU Zone, AHU_AreaServed, AHU_EquipmentLabel, AHU_LevelServed, AHU_Location, AHU_Number, AHU_Serves, AHU_SpillFan, AHU_SystemCode, AHU_Type, AHU_UniqueID, AHU_ZoneAirQty, AHU_ZoneNumber, ApparentLoad_ANZRS, Building_No, CMC_Height, CMC_Width, COMPLETE Y/N, Classification.UniFormat.2010.Description
INFO | Candidate: NWB_WBS00 | Scope=instance | Storage=String | ReadOnly=False | Shared=True | Id=9214738
INFO | Candidate: NWB_WBS01 | Scope=instance | Storage=String | ReadOnly=False | Shared=True | Id=9214798
INFO | Candidate: NWB_WBS02 | Scope=instance | Storage=String | ReadOnly=False | Shared=True | Id=9214786
INFO | Candidate: NWB_WBS03 | Scope=instance | Storage=String | ReadOnly=False | Shared=True | Id=9214750
INFO | Writing INSTANCE parameter 'NWB_WBS03' on element 14855467
INFO | Element 14855467 | NWB_WBS03 | Kind=Shared Parameter | Scope=instance | Storage=String | Old='IPG' | New='Z00'
INFO | Candidate: NWB_WBS04 | Scope=instance | Storage=String | ReadOnly=False | Shared=True | Id=9214762
INFO | Candidate: NWB_WBS05 | Scope=instance | Storage=String | ReadOnly=False | Shared=True | Id=9214810
INFO | Candidate: NWB_WBSCode | Scope=instance | Storage=String | ReadOnly=False | Shared=True | Id=9214774
INFO | Writing INSTANCE parameter 'NWB_WBSCode' on element 14855467
INFO | Element 14855467 | NWB_WBSCode | Kind=Shared Parameter | Scope=instance | Storage=String | Old='WBH-HO-09-IPG-ME-SI5' | New='WBH-HO-09-Z00-ME-SI5'
SOURCE | Element 14855467 | Cat=Mechanical Equipment | Family=MHT-ME-VAV TZ | Type= | Level=LEVEL 09 | System=Supply Air,Power,Controls,Supply Air,Hydronic Return,Hydronic Supply | LinkedRoomLink= | LinkedRoomNumber= | LinkedRoomName= | LinkedRoomDept= | LinkedRoomBuilding= | LinkedRoomSite= | LinkedRoomSource= | ResolvedDept= | ResolvedBuilding= | ResolvedSite= | DisciplineHint=mechanical | AssetCandidates=mechanical equipment, equipment | WBS00=WBH | WBS01=HO | WBS03=Z00 | DesignPkg=NWB-GEN-ME-SCM-1091-A | BuildingPermitPkg=WBH - BP09
WARN | Element 14855467 | Department unresolved | ExistingNWBDepartment= | ExistingWBS00=WBH | ExistingWBS01=HO | ExistingDiscipline=Mechanical
ELEMENT | 14855467 | Cat=Mechanical Equipment | AssetScore=36 | AssetTypeCode=MHPU | AssetType=Heat Pump Unit | AssetCategory=Equipment | Targets=NWB_AssetTypeCode=MHPU; NWB_AssetType=Heat Pump Unit; NWB_Discipline=ME; NWB_Category=Equipment; NWB_Department=; NWB_Material=; NWB_System=Supply Air,Power,Controls,Supply Air,Hydronic Return,Hydronic Supply; NWB_UniclassCode=Pr_70_60_37; NWB_UniclassDescription=Heat pumps; NWB_DesignPkg=NWB-GEN-ME-SCM-1091-A; NWB_BuildingPermitPkg=WBH - BP09; NWB_WBS00=WBH; NWB_WBS01=HO; NWB_WBS02=09; NWB_WBS03=Z00; NWB_WBS04=ME; NWB_WBS05=SI5; NWB_WBSCode=WBH-HO-09-Z00-ME-SI5
INFO | Candidate: NWB_AssetTypeCode | Scope=instance | Storage=String | ReadOnly=False | Shared=True | Id=7626182
INFO | Candidate: NWB_AssetType | Scope=instance | Storage=String | ReadOnly=False | Shared=True | Id=7626181
INFO | Candidate: NWB_Discipline | Scope=instance | Storage=String | ReadOnly=False | Shared=True | Id=7626159
INFO | Candidate: NWB_Category | Scope=instance | Storage=String | ReadOnly=False | Shared=True | Id=7626160
INFO | Candidate: NWB_Department | Scope=instance | Storage=String | ReadOnly=False | Shared=True | Id=7626168
INFO | Candidate: NWB_System | Scope=instance | Storage=String | ReadOnly=False | Shared=True | Id=7626163
INFO | Candidate: NWB_UniclassCode | Scope=instance | Storage=String | ReadOnly=False | Shared=True | Id=7626165
INFO | Candidate: NWB_UniclassDescription | Scope=instance | Storage=String | ReadOnly=False | Shared=True | Id=7626166
INFO | Candidate: NWB_DesignPkg | Scope=instance | Storage=String | ReadOnly=False | Shared=True | Id=7626167
ERROR | Element 14855469 | Category=Ducts | Family= | Parameter=NWB_BuildingPermitPkg | Reason=missing | Writable sample: AHU, AHU_AreaServed, AHU_Serves, AHU_Type, AHU_ZoneNumber, Additional Flow, Building_No, COMPLETE Y/N, Classification.OmniClass.21.Description_INSTANCE, Classification.OmniClass.21.Number_INSTANCE, Classification.OmniClass.22.Description_INSTANCE, Classification.OmniClass.22.Number_INSTANCE, Classification.OmniClass.23.Description_INSTANCE, Classification.OmniClass.23.Number_INSTANCE, Classification.UniFormat.2010.Description, Classification.UniFormat.2010.Number, Comments, DUCT NUMBER, Description BOM Suffix, Duct Number
INFO | Candidate: NWB_WBS00 | Scope=instance | Storage=String | ReadOnly=False | Shared=True | Id=9214738
INFO | Candidate: NWB_WBS01 | Scope=instance | Storage=String | ReadOnly=False | Shared=True | Id=9214798
INFO | Candidate: NWB_WBS02 | Scope=instance | Storage=String | ReadOnly=False | Shared=True | Id=9214786
INFO | Candidate: NWB_WBS03 | Scope=instance | Storage=String | ReadOnly=False | Shared=True | Id=9214750
INFO | Candidate: NWB_WBS04 | Scope=instance | Storage=String | ReadOnly=False | Shared=True | Id=9214762
INFO | Candidate: NWB_WBS05 | Scope=instance | Storage=String | ReadOnly=False | Shared=True | Id=9214810
INFO | Writing INSTANCE parameter 'NWB_WBS05' on element 14855469
INFO | Element 14855469 | NWB_WBS05 | Kind=Shared Parameter | Scope=instance | Storage=String | Old='SP' | New='SI5'
INFO | Candidate: NWB_WBSCode | Scope=instance | Storage=String | ReadOnly=False | Shared=True | Id=9214774
INFO | Writing INSTANCE parameter 'NWB_WBSCode' on element 14855469
INFO | Element 14855469 | NWB_WBSCode | Kind=Shared Parameter | Scope=instance | Storage=String | Old='WBH-HO-09-HDU-ME-SP' | New='WBH-HO-09-HDU-ME-SI5'
SOURCE | Element 14855469 | Cat=Ducts | Family=Rectangular Duct | Type= | Level=LEVEL 09 | System=Supply Air | LinkedRoomLink= | LinkedRoomNumber= | LinkedRoomName= | LinkedRoomDept= | LinkedRoomBuilding= | LinkedRoomSite= | LinkedRoomSource= | ResolvedDept=HDU | ResolvedBuilding= | ResolvedSite= | DisciplineHint=mechanical | AssetCandidates=ducts, ductwork | WBS00=WBH | WBS01=HO | WBS03=HDU | DesignPkg=NWB-GEN-ME-SCM-1091-A | BuildingPermitPkg=WBH - BP09
ELEMENT | 14855469 | Cat=Ducts | AssetScore=45 | AssetTypeCode=MDUC | AssetType=Ductwork | AssetCategory=Ductwork | Targets=NWB_AssetTypeCode=MDUC; NWB_AssetType=Ductwork; NWB_Discipline=ME; NWB_Category=Ductwork; NWB_Department=HDU; NWB_Material=; NWB_System=Supply Air; NWB_UniclassCode=Pr_65_65_25; NWB_UniclassDescription=Ductwork and fittings; NWB_DesignPkg=NWB-GEN-ME-SCM-1091-A; NWB_BuildingPermitPkg=WBH - BP09; NWB_WBS00=WBH; NWB_WBS01=HO; NWB_WBS02=09; NWB_WBS03=HDU; NWB_WBS04=ME; NWB_WBS05=SI5; NWB_WBSCode=WBH-HO-09-HDU-ME-SI5
INFO | Candidate: NWB_AssetTypeCode | Scope=instance | Storage=String | ReadOnly=False | Shared=True | Id=7626182
INFO | Writing INSTANCE parameter 'NWB_AssetTypeCode' on element 14855471
INFO | Element 14855471 | NWB_AssetTypeCode | Kind=Shared Parameter | Scope=instance | Storage=String | Old='' | New='MDUC'
INFO | Candidate: NWB_AssetType | Scope=instance | Storage=String | ReadOnly=False | Shared=True | Id=7626181
INFO | Writing INSTANCE parameter 'NWB_AssetType' on element 14855471
INFO | Element 14855471 | NWB_AssetType | Kind=Shared Parameter | Scope=instance | Storage=String | Old='' | New='Ductwork'
INFO | Candidate: NWB_Discipline | Scope=instance | Storage=String | ReadOnly=False | Shared=True | Id=7626159
INFO | Writing INSTANCE parameter 'NWB_Discipline' on element 14855471
INFO | Element 14855471 | NWB_Discipline | Kind=Shared Parameter | Scope=instance | Storage=String | Old='Mechanical' | New='ME'
INFO | Candidate: NWB_Category | Scope=instance | Storage=String | ReadOnly=False | Shared=True | Id=7626160
INFO | Writing INSTANCE parameter 'NWB_Category' on element 14855471
INFO | Element 14855471 | NWB_Category | Kind=Shared Parameter | Scope=instance | Storage=String | Old='' | New='Ductwork'
INFO | Candidate: NWB_Material | Scope=instance | Storage=String | ReadOnly=False | Shared=True | Id=7626176
INFO | Writing INSTANCE parameter 'NWB_Material' on element 14855471
INFO | Element 14855471 | NWB_Material | Kind=Shared Parameter | Scope=instance | Storage=String | Old='' | New='9479096'
INFO | Candidate: NWB_System | Scope=instance | Storage=String | ReadOnly=False | Shared=True | Id=7626163
INFO | Candidate: NWB_UniclassCode | Scope=instance | Storage=String | ReadOnly=False | Shared=True | Id=7626165
INFO | Writing INSTANCE parameter 'NWB_UniclassCode' on element 14855471
INFO | Element 14855471 | NWB_UniclassCode | Kind=Shared Parameter | Scope=instance | Storage=String | Old='' | New='Pr_65_65_25'
INFO | Candidate: NWB_UniclassDescription | Scope=instance | Storage=String | ReadOnly=False | Shared=True | Id=7626166
INFO | Writing INSTANCE parameter 'NWB_UniclassDescription' on element 14855471
INFO | Element 14855471 | NWB_UniclassDescription | Kind=Shared Parameter | Scope=instance | Storage=String | Old='' | New='Ductwork and fittings'
INFO | Candidate: NWB_DesignPkg | Scope=instance | Storage=String | ReadOnly=False | Shared=True | Id=7626167
INFO | Writing INSTANCE parameter 'NWB_DesignPkg' on element 14855471
INFO | Element 14855471 | NWB_DesignPkg | Kind=Shared Parameter | Scope=instance | Storage=String | Old='' | New='NWB-GEN-ME-SCM-1091-A'
ERROR | Element 14855471 | Category=Duct Fittings | Family= | Parameter=NWB_BuildingPermitPkg | Reason=missing | Writable sample: AHU, AHU_AreaServed, AHU_Serves, AHU_Type, AHU_ZoneNumber, Building_No, COMPLETE Y/N, Classification.OmniClass.21.Description_INSTANCE, Classification.OmniClass.21.Number_INSTANCE, Classification.OmniClass.22.Description_INSTANCE, Classification.OmniClass.22.Number_INSTANCE, Classification.OmniClass.23.Description_INSTANCE, Classification.OmniClass.23.Number_INSTANCE, Classification.UniFormat.2010.Description, Classification.UniFormat.2010.Number, Comments, Description BOM Suffix, Duct Height1, Duct Length 1, Duct Width1
INFO | Candidate: NWB_WBS00 | Scope=instance | Storage=String | ReadOnly=False | Shared=True | Id=9214738
INFO | Writing INSTANCE parameter 'NWB_WBS00' on element 14855471
INFO | Element 14855471 | NWB_WBS00 | Kind=Shared Parameter | Scope=instance | Storage=String | Old='' | New='WBH'
INFO | Candidate: NWB_WBS01 | Scope=instance | Storage=String | ReadOnly=False | Shared=True | Id=9214798
INFO | Writing INSTANCE parameter 'NWB_WBS01' on element 14855471
INFO | Element 14855471 | NWB_WBS01 | Kind=Shared Parameter | Scope=instance | Storage=String | Old='' | New='HO'
INFO | Candidate: NWB_WBS02 | Scope=instance | Storage=String | ReadOnly=False | Shared=True | Id=9214786
INFO | Candidate: NWB_WBS03 | Scope=instance | Storage=String | ReadOnly=False | Shared=True | Id=9214750
INFO | Writing INSTANCE parameter 'NWB_WBS03' on element 14855471
INFO | Element 14855471 | NWB_WBS03 | Kind=Shared Parameter | Scope=instance | Storage=String | Old='' | New='Z00'
INFO | Candidate: NWB_WBS04 | Scope=instance | Storage=String | ReadOnly=False | Shared=True | Id=9214762
INFO | Writing INSTANCE parameter 'NWB_WBS04' on element 14855471
INFO | Element 14855471 | NWB_WBS04 | Kind=Shared Parameter | Scope=instance | Storage=String | Old='' | New='ME'
INFO | Candidate: NWB_WBS05 | Scope=instance | Storage=String | ReadOnly=False | Shared=True | Id=9214810
INFO | Writing INSTANCE parameter 'NWB_WBS05' on element 14855471
INFO | Element 14855471 | NWB_WBS05 | Kind=Shared Parameter | Scope=instance | Storage=String | Old='' | New='SI5'
INFO | Candidate: NWB_WBSCode | Scope=instance | Storage=String | ReadOnly=False | Shared=True | Id=9214774
INFO | Writing INSTANCE parameter 'NWB_WBSCode' on element 14855471
INFO | Element 14855471 | NWB_WBSCode | Kind=Shared Parameter | Scope=instance | Storage=String | Old='' | New='WBH-HO-09-Z00-ME-SI5'
SOURCE | Element 14855471 | Cat=Duct Fittings | Family=MHT-ME-DF-Square Cap-BMA | Type= | Level=LEVEL 09 | System=Supply Air | LinkedRoomLink= | LinkedRoomNumber= | LinkedRoomName= | LinkedRoomDept= | LinkedRoomBuilding= | LinkedRoomSite= | LinkedRoomSource= | ResolvedDept= | ResolvedBuilding= | ResolvedSite= | DisciplineHint=mechanical | AssetCandidates=duct fittings, ductwork | WBS00=WBH | WBS01=HO | WBS03=Z00 | DesignPkg=NWB-GEN-ME-SCM-1091-A | BuildingPermitPkg=WBH - BP09
WARN | Element 14855471 | Department unresolved | ExistingNWBDepartment= | ExistingWBS00= | ExistingWBS01= | ExistingDiscipline=Mechanical
ELEMENT | 14855471 | Cat=Duct Fittings | AssetScore=45 | AssetTypeCode=MDUC | AssetType=Ductwork | AssetCategory=Ductwork | Targets=NWB_AssetTypeCode=MDUC; NWB_AssetType=Ductwork; NWB_Discipline=ME; NWB_Category=Ductwork; NWB_Department=; NWB_Material=9479096; NWB_System=Supply Air; NWB_UniclassCode=Pr_65_65_25; NWB_UniclassDescription=Ductwork and fittings; NWB_DesignPkg=NWB-GEN-ME-SCM-1091-A; NWB_BuildingPermitPkg=WBH - BP09; NWB_WBS00=WBH; NWB_WBS01=HO; NWB_WBS02=09; NWB_WBS03=Z00; NWB_WBS04=ME; NWB_WBS05=SI5; NWB_WBSCode=WBH-HO-09-Z00-ME-SI5
INFO | Candidate: NWB_AssetTypeCode | Scope=instance | Storage=String | ReadOnly=False | Shared=True | Id=3045149
INFO | Candidate: NWB_AssetTypeCode | Scope=instance | Storage=String | ReadOnly=False | Shared=True | Id=7626182
INFO | Found 2 parameters named NWB_AssetTypeCode
INFO | SELECTED | Shared Parameter | Scope=instance | ReadOnly=False | Id=3045149
INFO | SELECTED | Shared Parameter | Scope=instance | ReadOnly=False | Id=7626182
INFO | Writing INSTANCE parameter 'NWB_AssetTypeCode' on element 14855473
INFO | Element 14855473 | NWB_AssetTypeCode | Kind=Shared Parameter | Scope=instance | Storage=String | Old='' | New='MDUC'
INFO | Writing INSTANCE parameter 'NWB_AssetTypeCode' on element 14855473
INFO | Element 14855473 | NWB_AssetTypeCode | Kind=Shared Parameter | Scope=instance | Storage=String | Old='' | New='MDUC'
INFO | Candidate: NWB_AssetType | Scope=instance | Storage=String | ReadOnly=False | Shared=True | Id=3045150
INFO | Candidate: NWB_AssetType | Scope=instance | Storage=String | ReadOnly=False | Shared=True | Id=7626181
INFO | Found 2 parameters named NWB_AssetType
INFO | SELECTED | Shared Parameter | Scope=instance | ReadOnly=False | Id=3045150
INFO | SELECTED | Shared Parameter | Scope=instance | ReadOnly=False | Id=7626181
INFO | Writing INSTANCE parameter 'NWB_AssetType' on element 14855473
INFO | Element 14855473 | NWB_AssetType | Kind=Shared Parameter | Scope=instance | Storage=String | Old='' | New='Ductwork'
INFO | Writing INSTANCE parameter 'NWB_AssetType' on element 14855473
INFO | Element 14855473 | NWB_AssetType | Kind=Shared Parameter | Scope=instance | Storage=String | Old='' | New='Ductwork'
INFO | Candidate: NWB_Discipline | Scope=instance | Storage=String | ReadOnly=False | Shared=True | Id=3045151
INFO | Candidate: NWB_Discipline | Scope=instance | Storage=String | ReadOnly=False | Shared=True | Id=7626159
INFO | Found 2 parameters named NWB_Discipline
INFO | SELECTED | Shared Parameter | Scope=instance | ReadOnly=False | Id=3045151
INFO | SELECTED | Shared Parameter | Scope=instance | ReadOnly=False | Id=7626159
INFO | Writing INSTANCE parameter 'NWB_Discipline' on element 14855473
INFO | Element 14855473 | NWB_Discipline | Kind=Shared Parameter | Scope=instance | Storage=String | Old='Mechanical' | New='ME'
INFO | Writing INSTANCE parameter 'NWB_Discipline' on element 14855473
INFO | Element 14855473 | NWB_Discipline | Kind=Shared Parameter | Scope=instance | Storage=String | Old='Mechanical' | New='ME'
INFO | Candidate: NWB_Category | Scope=instance | Storage=String | ReadOnly=False | Shared=True | Id=3045152
INFO | Candidate: NWB_Category | Scope=instance | Storage=String | ReadOnly=False | Shared=True | Id=7626160
INFO | Found 2 parameters named NWB_Category
INFO | SELECTED | Shared Parameter | Scope=instance | ReadOnly=False | Id=3045152
INFO | SELECTED | Shared Parameter | Scope=instance | ReadOnly=False | Id=7626160
INFO | Writing INSTANCE parameter 'NWB_Category' on element 14855473
INFO | Element 14855473 | NWB_Category | Kind=Shared Parameter | Scope=instance | Storage=String | Old='' | New='Ductwork'
INFO | Writing INSTANCE parameter 'NWB_Category' on element 14855473
INFO | Element 14855473 | NWB_Category | Kind=Shared Parameter | Scope=instance | Storage=String | Old='' | New='Ductwork'
INFO | Candidate: NWB_System | Scope=instance | Storage=String | ReadOnly=False | Shared=True | Id=3045155
INFO | Candidate: NWB_System | Scope=instance | Storage=String | ReadOnly=False | Shared=True | Id=7626163
INFO | Found 2 parameters named NWB_System
INFO | SELECTED | Shared Parameter | Scope=instance | ReadOnly=False | Id=3045155
INFO | SELECTED | Shared Parameter | Scope=instance | ReadOnly=False | Id=7626163
INFO | Writing INSTANCE parameter 'NWB_System' on element 14855473
INFO | Element 14855473 | NWB_System | Kind=Shared Parameter | Scope=instance | Storage=String | Old='' | New='Supply Air'
INFO | Candidate: NWB_UniclassCode | Scope=instance | Storage=String | ReadOnly=False | Shared=True | Id=3045156
INFO | Candidate: NWB_UniclassCode | Scope=instance | Storage=String | ReadOnly=False | Shared=True | Id=7626165
INFO | Found 2 parameters named NWB_UniclassCode
INFO | SELECTED | Shared Parameter | Scope=instance | ReadOnly=False | Id=3045156
INFO | SELECTED | Shared Parameter | Scope=instance | ReadOnly=False | Id=7626165
INFO | Writing INSTANCE parameter 'NWB_UniclassCode' on element 14855473
INFO | Element 14855473 | NWB_UniclassCode | Kind=Shared Parameter | Scope=instance | Storage=String | Old='' | New='Pr_65_65_25'
INFO | Writing INSTANCE parameter 'NWB_UniclassCode' on element 14855473
INFO | Element 14855473 | NWB_UniclassCode | Kind=Shared Parameter | Scope=instance | Storage=String | Old='' | New='Pr_65_65_25'
INFO | Candidate: NWB_UniclassDescription | Scope=instance | Storage=String | ReadOnly=False | Shared=True | Id=3045157
INFO | Candidate: NWB_UniclassDescription | Scope=instance | Storage=String | ReadOnly=False | Shared=True | Id=7626166
INFO | Found 2 parameters named NWB_UniclassDescription
INFO | SELECTED | Shared Parameter | Scope=instance | ReadOnly=False | Id=3045157
INFO | SELECTED | Shared Parameter | Scope=instance | ReadOnly=False | Id=7626166
INFO | Writing INSTANCE parameter 'NWB_UniclassDescription' on element 14855473
INFO | Element 14855473 | NWB_UniclassDescription | Kind=Shared Parameter | Scope=instance | Storage=String | Old='' | New='Ductwork and fittings'
INFO | Writing INSTANCE parameter 'NWB_UniclassDescription' on element 14855473
INFO | Element 14855473 | NWB_UniclassDescription | Kind=Shared Parameter | Scope=instance | Storage=String | Old='' | New='Ductwork and fittings'
INFO | Candidate: NWB_DesignPkg | Scope=instance | Storage=String | ReadOnly=False | Shared=True | Id=3045158
INFO | Candidate: NWB_DesignPkg | Scope=instance | Storage=String | ReadOnly=False | Shared=True | Id=7626167
INFO | Found 2 parameters named NWB_DesignPkg
INFO | SELECTED | Shared Parameter | Scope=instance | ReadOnly=False | Id=3045158
INFO | SELECTED | Shared Parameter | Scope=instance | ReadOnly=False | Id=7626167
INFO | Writing INSTANCE parameter 'NWB_DesignPkg' on element 14855473
INFO | Element 14855473 | NWB_DesignPkg | Kind=Shared Parameter | Scope=instance | Storage=String | Old='' | New='NWB-GEN-ME-SCM-1091-A'
INFO | Writing INSTANCE parameter 'NWB_DesignPkg' on element 14855473
INFO | Element 14855473 | NWB_DesignPkg | Kind=Shared Parameter | Scope=instance | Storage=String | Old='' | New='NWB-GEN-ME-SCM-1091-A'
ERROR | Element 14855473 | Category=Duct Fittings | Family= | Parameter=NWB_BuildingPermitPkg | Reason=missing | Writable sample: AHU, AHU_AreaServed, AHU_Serves, AHU_Type, AHU_ZoneNumber, Building_No, COMPLETE Y/N, Classification.OmniClass.21.Description_INSTANCE, Classification.OmniClass.21.Number_INSTANCE, Classification.OmniClass.22.Description_INSTANCE, Classification.OmniClass.22.Number_INSTANCE, Classification.OmniClass.23.Description_INSTANCE, Classification.OmniClass.23.Number_INSTANCE, Classification.UniFormat.2010.Description, Classification.UniFormat.2010.Number, Comments, Description BOM Suffix, Ductwork Insulation - Lining, Elevation from Level, Export to IFC
INFO | Candidate: NWB_WBS00 | Scope=instance | Storage=String | ReadOnly=False | Shared=True | Id=9214738
INFO | Writing INSTANCE parameter 'NWB_WBS00' on element 14855473
INFO | Element 14855473 | NWB_WBS00 | Kind=Shared Parameter | Scope=instance | Storage=String | Old='' | New='WBH'
INFO | Candidate: NWB_WBS01 | Scope=instance | Storage=String | ReadOnly=False | Shared=True | Id=9214798
INFO | Writing INSTANCE parameter 'NWB_WBS01' on element 14855473
INFO | Element 14855473 | NWB_WBS01 | Kind=Shared Parameter | Scope=instance | Storage=String | Old='' | New='HO'
INFO | Candidate: NWB_WBS02 | Scope=instance | Storage=String | ReadOnly=False | Shared=True | Id=9214786
INFO | Candidate: NWB_WBS03 | Scope=instance | Storage=String | ReadOnly=False | Shared=True | Id=9214750
INFO | Writing INSTANCE parameter 'NWB_WBS03' on element 14855473
INFO | Element 14855473 | NWB_WBS03 | Kind=Shared Parameter | Scope=instance | Storage=String | Old='' | New='Z00'
INFO | Candidate: NWB_WBS04 | Scope=instance | Storage=String | ReadOnly=False | Shared=True | Id=9214762
INFO | Writing INSTANCE parameter 'NWB_WBS04' on element 14855473
INFO | Element 14855473 | NWB_WBS04 | Kind=Shared Parameter | Scope=instance | Storage=String | Old='' | New='ME'
INFO | Candidate: NWB_WBS05 | Scope=instance | Storage=String | ReadOnly=False | Shared=True | Id=9214810
INFO | Writing INSTANCE parameter 'NWB_WBS05' on element 14855473
INFO | Element 14855473 | NWB_WBS05 | Kind=Shared Parameter | Scope=instance | Storage=String | Old='' | New='SI5'
INFO | Candidate: NWB_WBSCode | Scope=instance | Storage=String | ReadOnly=False | Shared=True | Id=9214774
INFO | Writing INSTANCE parameter 'NWB_WBSCode' on element 14855473
INFO | Element 14855473 | NWB_WBSCode | Kind=Shared Parameter | Scope=instance | Storage=String | Old='' | New='WBH-HO-09-Z00-ME-SI5'
SOURCE | Element 14855473 | Cat=Duct Fittings | Family=MHT-ME-DF-Rectangular Eccentric Taper - Flanged-01 | Type= | Level=LEVEL 09 | System=Supply Air | LinkedRoomLink= | LinkedRoomNumber= | LinkedRoomName= | LinkedRoomDept= | LinkedRoomBuilding= | LinkedRoomSite= | LinkedRoomSource= | ResolvedDept= | ResolvedBuilding= | ResolvedSite= | DisciplineHint=mechanical | AssetCandidates=duct fittings, ductwork | WBS00=WBH | WBS01=HO | WBS03=Z00 | DesignPkg=NWB-GEN-ME-SCM-1091-A | BuildingPermitPkg=WBH - BP09
WARN | Element 14855473 | Department unresolved | ExistingNWBDepartment= | ExistingWBS00= | ExistingWBS01= | ExistingDiscipline=Mechanical
ELEMENT | 14855473 | Cat=Duct Fittings | AssetScore=45 | AssetTypeCode=MDUC | AssetType=Ductwork | AssetCategory=Ductwork | Targets=NWB_AssetTypeCode=MDUC; NWB_AssetType=Ductwork; NWB_Discipline=ME; NWB_Category=Ductwork; NWB_Department=; NWB_Material=; NWB_System=Supply Air; NWB_UniclassCode=Pr_65_65_25; NWB_UniclassDescription=Ductwork and fittings; NWB_DesignPkg=NWB-GEN-ME-SCM-1091-A; NWB_BuildingPermitPkg=WBH - BP09; NWB_WBS00=WBH; NWB_WBS01=HO; NWB_WBS02=09; NWB_WBS03=Z00; NWB_WBS04=ME; NWB_WBS05=SI5; NWB_WBSCode=WBH-HO-09-Z00-ME-SI5
INFO | Candidate: NWB_AssetTypeCode | Scope=instance | Storage=String | ReadOnly=False | Shared=True | Id=3045149
INFO | Candidate: NWB_AssetTypeCode | Scope=instance | Storage=String | ReadOnly=False | Shared=True | Id=7626182
INFO | Found 2 parameters named NWB_AssetTypeCode
INFO | SELECTED | Shared Parameter | Scope=instance | ReadOnly=False | Id=3045149
INFO | SELECTED | Shared Parameter | Scope=instance | ReadOnly=False | Id=7626182
INFO | Writing INSTANCE parameter 'NWB_AssetTypeCode' on element 14855493
INFO | Element 14855493 | NWB_AssetTypeCode | Kind=Shared Parameter | Scope=instance | Storage=String | Old='' | New='MDUC'
INFO | Writing INSTANCE parameter 'NWB_AssetTypeCode' on element 14855493
INFO | Element 14855493 | NWB_AssetTypeCode | Kind=Shared Parameter | Scope=instance | Storage=String | Old='' | New='MDUC'
INFO | Candidate: NWB_AssetType | Scope=instance | Storage=String | ReadOnly=False | Shared=True | Id=3045150
INFO | Candidate: NWB_AssetType | Scope=instance | Storage=String | ReadOnly=False | Shared=True | Id=7626181
INFO | Found 2 parameters named NWB_AssetType
INFO | SELECTED | Shared Parameter | Scope=instance | ReadOnly=False | Id=3045150
INFO | SELECTED | Shared Parameter | Scope=instance | ReadOnly=False | Id=7626181
INFO | Writing INSTANCE parameter 'NWB_AssetType' on element 14855493
INFO | Element 14855493 | NWB_AssetType | Kind=Shared Parameter | Scope=instance | Storage=String | Old='' | New='Ductwork'
INFO | Writing INSTANCE parameter 'NWB_AssetType' on element 14855493
INFO | Element 14855493 | NWB_AssetType | Kind=Shared Parameter | Scope=instance | Storage=String | Old='' | New='Ductwork'
INFO | Candidate: NWB_Discipline | Scope=instance | Storage=String | ReadOnly=False | Shared=True | Id=3045151
INFO | Candidate: NWB_Discipline | Scope=instance | Storage=String | ReadOnly=False | Shared=True | Id=7626159
INFO | Found 2 parameters named NWB_Discipline
INFO | SELECTED | Shared Parameter | Scope=instance | ReadOnly=False | Id=3045151
INFO | SELECTED | Shared Parameter | Scope=instance | ReadOnly=False | Id=7626159
INFO | Writing INSTANCE parameter 'NWB_Discipline' on element 14855493
INFO | Element 14855493 | NWB_Discipline | Kind=Shared Parameter | Scope=instance | Storage=String | Old='Mechanical' | New='ME'
INFO | Writing INSTANCE parameter 'NWB_Discipline' on element 14855493
INFO | Element 14855493 | NWB_Discipline | Kind=Shared Parameter | Scope=instance | Storage=String | Old='Mechanical' | New='ME'
INFO | Candidate: NWB_Category | Scope=instance | Storage=String | ReadOnly=False | Shared=True | Id=3045152
INFO | Candidate: NWB_Category | Scope=instance | Storage=String | ReadOnly=False | Shared=True | Id=7626160
INFO | Found 2 parameters named NWB_Category
INFO | SELECTED | Shared Parameter | Scope=instance | ReadOnly=False | Id=3045152
INFO | SELECTED | Shared Parameter | Scope=instance | ReadOnly=False | Id=7626160
INFO | Writing INSTANCE parameter 'NWB_Category' on element 14855493
INFO | Element 14855493 | NWB_Category | Kind=Shared Parameter | Scope=instance | Storage=String | Old='' | New='Ductwork'
INFO | Writing INSTANCE parameter 'NWB_Category' on element 14855493
INFO | Element 14855493 | NWB_Category | Kind=Shared Parameter | Scope=instance | Storage=String | Old='' | New='Ductwork'
INFO | Candidate: NWB_System | Scope=instance | Storage=String | ReadOnly=False | Shared=True | Id=3045155
INFO | Candidate: NWB_System | Scope=instance | Storage=String | ReadOnly=False | Shared=True | Id=7626163
INFO | Found 2 parameters named NWB_System
INFO | SELECTED | Shared Parameter | Scope=instance | ReadOnly=False | Id=3045155
INFO | SELECTED | Shared Parameter | Scope=instance | ReadOnly=False | Id=7626163
INFO | Writing INSTANCE parameter 'NWB_System' on element 14855493
INFO | Element 14855493 | NWB_System | Kind=Shared Parameter | Scope=instance | Storage=String | Old='' | New='Supply Air'
INFO | Candidate: NWB_UniclassCode | Scope=instance | Storage=String | ReadOnly=False | Shared=True | Id=3045156
INFO | Candidate: NWB_UniclassCode | Scope=instance | Storage=String | ReadOnly=False | Shared=True | Id=7626165
INFO | Found 2 parameters named NWB_UniclassCode
INFO | SELECTED | Shared Parameter | Scope=instance | ReadOnly=False | Id=3045156
INFO | SELECTED | Shared Parameter | Scope=instance | ReadOnly=False | Id=7626165
INFO | Writing INSTANCE parameter 'NWB_UniclassCode' on element 14855493
INFO | Element 14855493 | NWB_UniclassCode | Kind=Shared Parameter | Scope=instance | Storage=String | Old='' | New='Pr_65_65_25'
INFO | Writing INSTANCE parameter 'NWB_UniclassCode' on element 14855493
INFO | Element 14855493 | NWB_UniclassCode | Kind=Shared Parameter | Scope=instance | Storage=String | Old='' | New='Pr_65_65_25'
INFO | Candidate: NWB_UniclassDescription | Scope=instance | Storage=String | ReadOnly=False | Shared=True | Id=3045157
INFO | Candidate: NWB_UniclassDescription | Scope=instance | Storage=String | ReadOnly=False | Shared=True | Id=7626166
INFO | Found 2 parameters named NWB_UniclassDescription
INFO | SELECTED | Shared Parameter | Scope=instance | ReadOnly=False | Id=3045157
INFO | SELECTED | Shared Parameter | Scope=instance | ReadOnly=False | Id=7626166
INFO | Writing INSTANCE parameter 'NWB_UniclassDescription' on element 14855493
INFO | Element 14855493 | NWB_UniclassDescription | Kind=Shared Parameter | Scope=instance | Storage=String | Old='' | New='Ductwork and fittings'
INFO | Writing INSTANCE parameter 'NWB_UniclassDescription' on element 14855493
INFO | Element 14855493 | NWB_UniclassDescription | Kind=Shared Parameter | Scope=instance | Storage=String | Old='' | New='Ductwork and fittings'
INFO | Candidate: NWB_DesignPkg | Scope=instance | Storage=String | ReadOnly=False | Shared=True | Id=3045158
INFO | Candidate: NWB_DesignPkg | Scope=instance | Storage=String | ReadOnly=False | Shared=True | Id=7626167
INFO | Found 2 parameters named NWB_DesignPkg
INFO | SELECTED | Shared Parameter | Scope=instance | ReadOnly=False | Id=3045158
INFO | SELECTED | Shared Parameter | Scope=instance | ReadOnly=False | Id=7626167
INFO | Writing INSTANCE parameter 'NWB_DesignPkg' on element 14855493
INFO | Element 14855493 | NWB_DesignPkg | Kind=Shared Parameter | Scope=instance | Storage=String | Old='' | New='NWB-GEN-ME-SCM-1091-A'
INFO | Writing INSTANCE parameter 'NWB_DesignPkg' on element 14855493
INFO | Element 14855493 | NWB_DesignPkg | Kind=Shared Parameter | Scope=instance | Storage=String | Old='' | New='NWB-GEN-ME-SCM-1091-A'
ERROR | Element 14855493 | Category=Duct Fittings | Family= | Parameter=NWB_BuildingPermitPkg | Reason=missing | Writable sample: AHU, AHU_AreaServed, AHU_Serves, AHU_Type, AHU_ZoneNumber, Building_No, COMPLETE Y/N, Classification.OmniClass.21.Description_INSTANCE, Classification.OmniClass.21.Number_INSTANCE, Classification.OmniClass.22.Description_INSTANCE, Classification.OmniClass.22.Number_INSTANCE, Classification.OmniClass.23.Description_INSTANCE, Classification.OmniClass.23.Number_INSTANCE, Classification.UniFormat.2010.Description, Classification.UniFormat.2010.Number, Comments, Description BOM Suffix, Ductwork Insulation - Lining, Elevation from Level, Export to IFC
INFO | Candidate: NWB_WBS00 | Scope=instance | Storage=String | ReadOnly=False | Shared=True | Id=9214738
INFO | Writing INSTANCE parameter 'NWB_WBS00' on element 14855493
INFO | Element 14855493 | NWB_WBS00 | Kind=Shared Parameter | Scope=instance | Storage=String | Old='' | New='WBH'
INFO | Candidate: NWB_WBS01 | Scope=instance | Storage=String | ReadOnly=False | Shared=True | Id=9214798
INFO | Writing INSTANCE parameter 'NWB_WBS01' on element 14855493
INFO | Element 14855493 | NWB_WBS01 | Kind=Shared Parameter | Scope=instance | Storage=String | Old='' | New='HO'
INFO | Candidate: NWB_WBS02 | Scope=instance | Storage=String | ReadOnly=False | Shared=True | Id=9214786
INFO | Candidate: NWB_WBS03 | Scope=instance | Storage=String | ReadOnly=False | Shared=True | Id=9214750
INFO | Writing INSTANCE parameter 'NWB_WBS03' on element 14855493
INFO | Element 14855493 | NWB_WBS03 | Kind=Shared Parameter | Scope=instance | Storage=String | Old='' | New='Z00'
INFO | Candidate: NWB_WBS04 | Scope=instance | Storage=String | ReadOnly=False | Shared=True | Id=9214762
INFO | Writing INSTANCE parameter 'NWB_WBS04' on element 14855493
INFO | Element 14855493 | NWB_WBS04 | Kind=Shared Parameter | Scope=instance | Storage=String | Old='' | New='ME'
INFO | Candidate: NWB_WBS05 | Scope=instance | Storage=String | ReadOnly=False | Shared=True | Id=9214810
INFO | Writing INSTANCE parameter 'NWB_WBS05' on element 14855493
INFO | Element 14855493 | NWB_WBS05 | Kind=Shared Parameter | Scope=instance | Storage=String | Old='' | New='SI5'
INFO | Candidate: NWB_WBSCode | Scope=instance | Storage=String | ReadOnly=False | Shared=True | Id=9214774
INFO | Writing INSTANCE parameter 'NWB_WBSCode' on element 14855493
INFO | Element 14855493 | NWB_WBSCode | Kind=Shared Parameter | Scope=instance | Storage=String | Old='' | New='WBH-HO-09-Z00-ME-SI5'
SOURCE | Element 14855493 | Cat=Duct Fittings | Family=MHT-ME-DF-Rectangular Eccentric Taper - Flanged-01 | Type= | Level=LEVEL 09 | System=Supply Air | LinkedRoomLink= | LinkedRoomNumber= | LinkedRoomName= | LinkedRoomDept= | LinkedRoomBuilding= | LinkedRoomSite= | LinkedRoomSource= | ResolvedDept= | ResolvedBuilding= | ResolvedSite= | DisciplineHint=mechanical | AssetCandidates=duct fittings, ductwork | WBS00=WBH | WBS01=HO | WBS03=Z00 | DesignPkg=NWB-GEN-ME-SCM-1091-A | BuildingPermitPkg=WBH - BP09
WARN | Element 14855493 | Department unresolved | ExistingNWBDepartment= | ExistingWBS00= | ExistingWBS01= | ExistingDiscipline=Mechanical
ELEMENT | 14855493 | Cat=Duct Fittings | AssetScore=45 | AssetTypeCode=MDUC | AssetType=Ductwork | AssetCategory=Ductwork | Targets=NWB_AssetTypeCode=MDUC; NWB_AssetType=Ductwork; NWB_Discipline=ME; NWB_Category=Ductwork; NWB_Department=; NWB_Material=; NWB_System=Supply Air; NWB_UniclassCode=Pr_65_65_25; NWB_UniclassDescription=Ductwork and fittings; NWB_DesignPkg=NWB-GEN-ME-SCM-1091-A; NWB_BuildingPermitPkg=WBH - BP09; NWB_WBS00=WBH; NWB_WBS01=HO; NWB_WBS02=09; NWB_WBS03=Z00; NWB_WBS04=ME; NWB_WBS05=SI5; NWB_WBSCode=WBH-HO-09-Z00-ME-SI5
INFO | Candidate: NWB_AssetTypeCode | Scope=instance | Storage=String | ReadOnly=False | Shared=True | Id=7626182
INFO | Candidate: NWB_AssetType | Scope=instance | Storage=String | ReadOnly=False | Shared=True | Id=7626181
INFO | Candidate: NWB_Discipline | Scope=instance | Storage=String | ReadOnly=False | Shared=True | Id=7626159
INFO | Candidate: NWB_Category | Scope=instance | Storage=String | ReadOnly=False | Shared=True | Id=7626160
INFO | Candidate: NWB_Department | Scope=instance | Storage=String | ReadOnly=False | Shared=True | Id=7626168
INFO | Candidate: NWB_System | Scope=instance | Storage=String | ReadOnly=False | Shared=True | Id=7626163
INFO | Candidate: NWB_UniclassCode | Scope=instance | Storage=String | ReadOnly=False | Shared=True | Id=7626165
INFO | Candidate: NWB_UniclassDescription | Scope=instance | Storage=String | ReadOnly=False | Shared=True | Id=7626166
INFO | Candidate: NWB_DesignPkg | Scope=instance | Storage=String | ReadOnly=False | Shared=True | Id=7626167
ERROR | Element 14855500 | Category=Ducts | Family= | Parameter=NWB_BuildingPermitPkg | Reason=missing | Writable sample: AHU, AHU_AreaServed, AHU_Serves, AHU_Type, AHU_ZoneNumber, Additional Flow, Building_No, COMPLETE Y/N, Classification.OmniClass.21.Description_INSTANCE, Classification.OmniClass.21.Number_INSTANCE, Classification.OmniClass.22.Description_INSTANCE, Classification.OmniClass.22.Number_INSTANCE, Classification.OmniClass.23.Description_INSTANCE, Classification.OmniClass.23.Number_INSTANCE, Classification.UniFormat.2010.Description, Classification.UniFormat.2010.Number, Comments, DUCT NUMBER, Description BOM Suffix, Duct Number
INFO | Candidate: NWB_WBS00 | Scope=instance | Storage=String | ReadOnly=False | Shared=True | Id=9214738
INFO | Candidate: NWB_WBS01 | Scope=instance | Storage=String | ReadOnly=False | Shared=True | Id=9214798
INFO | Candidate: NWB_WBS02 | Scope=instance | Storage=String | ReadOnly=False | Shared=True | Id=9214786
INFO | Candidate: NWB_WBS03 | Scope=instance | Storage=String | ReadOnly=False | Shared=True | Id=9214750
INFO | Candidate: NWB_WBS04 | Scope=instance | Storage=String | ReadOnly=False | Shared=True | Id=9214762
INFO | Candidate: NWB_WBS05 | Scope=instance | Storage=String | ReadOnly=False | Shared=True | Id=9214810
INFO | Writing INSTANCE parameter 'NWB_WBS05' on element 14855500
INFO | Element 14855500 | NWB_WBS05 | Kind=Shared Parameter | Scope=instance | Storage=String | Old='SP' | New='SI5'
INFO | Candidate: NWB_WBSCode | Scope=instance | Storage=String | ReadOnly=False | Shared=True | Id=9214774
INFO | Writing INSTANCE parameter 'NWB_WBSCode' on element 14855500
INFO | Element 14855500 | NWB_WBSCode | Kind=Shared Parameter | Scope=instance | Storage=String | Old='WBH-HO-09-HDU-ME-SP' | New='WBH-HO-09-HDU-ME-SI5'
SOURCE | Element 14855500 | Cat=Ducts | Family=Rectangular Duct | Type= | Level=LEVEL 09 | System=Supply Air | LinkedRoomLink= | LinkedRoomNumber= | LinkedRoomName= | LinkedRoomDept= | LinkedRoomBuilding= | LinkedRoomSite= | LinkedRoomSource= | ResolvedDept=HDU | ResolvedBuilding= | ResolvedSite= | DisciplineHint=mechanical | AssetCandidates=ducts, ductwork | WBS00=WBH | WBS01=HO | WBS03=HDU | DesignPkg=NWB-GEN-ME-SCM-1091-A | BuildingPermitPkg=WBH - BP09
ELEMENT | 14855500 | Cat=Ducts | AssetScore=45 | AssetTypeCode=MDUC | AssetType=Ductwork | AssetCategory=Ductwork | Targets=NWB_AssetTypeCode=MDUC; NWB_AssetType=Ductwork; NWB_Discipline=ME; NWB_Category=Ductwork; NWB_Department=HDU; NWB_Material=; NWB_System=Supply Air; NWB_UniclassCode=Pr_65_65_25; NWB_UniclassDescription=Ductwork and fittings; NWB_DesignPkg=NWB-GEN-ME-SCM-1091-A; NWB_BuildingPermitPkg=WBH - BP09; NWB_WBS00=WBH; NWB_WBS01=HO; NWB_WBS02=09; NWB_WBS03=HDU; NWB_WBS04=ME; NWB_WBS05=SI5; NWB_WBSCode=WBH-HO-09-HDU-ME-SI5
INFO | Candidate: NWB_AssetTypeCode | Scope=instance | Storage=String | ReadOnly=False | Shared=True | Id=7626182
INFO | Writing INSTANCE parameter 'NWB_AssetTypeCode' on element 14855505
INFO | Element 14855505 | NWB_AssetTypeCode | Kind=Shared Parameter | Scope=instance | Storage=String | Old='' | New='MDUC'
INFO | Candidate: NWB_AssetType | Scope=instance | Storage=String | ReadOnly=False | Shared=True | Id=7626181
INFO | Writing INSTANCE parameter 'NWB_AssetType' on element 14855505
INFO | Element 14855505 | NWB_AssetType | Kind=Shared Parameter | Scope=instance | Storage=String | Old='' | New='Ductwork'
INFO | Candidate: NWB_Discipline | Scope=instance | Storage=String | ReadOnly=False | Shared=True | Id=7626159
INFO | Writing INSTANCE parameter 'NWB_Discipline' on element 14855505
INFO | Element 14855505 | NWB_Discipline | Kind=Shared Parameter | Scope=instance | Storage=String | Old='Mechanical' | New='ME'
INFO | Candidate: NWB_Category | Scope=instance | Storage=String | ReadOnly=False | Shared=True | Id=7626160
INFO | Writing INSTANCE parameter 'NWB_Category' on element 14855505
INFO | Element 14855505 | NWB_Category | Kind=Shared Parameter | Scope=instance | Storage=String | Old='' | New='Ductwork'
INFO | Candidate: NWB_System | Scope=instance | Storage=String | ReadOnly=False | Shared=True | Id=7626163
INFO | Candidate: NWB_UniclassCode | Scope=instance | Storage=String | ReadOnly=False | Shared=True | Id=7626165
INFO | Writing INSTANCE parameter 'NWB_UniclassCode' on element 14855505
INFO | Element 14855505 | NWB_UniclassCode | Kind=Shared Parameter | Scope=instance | Storage=String | Old='' | New='Pr_65_65_25'
INFO | Candidate: NWB_UniclassDescription | Scope=instance | Storage=String | ReadOnly=False | Shared=True | Id=7626166
INFO | Writing INSTANCE parameter 'NWB_UniclassDescription' on element 14855505
INFO | Element 14855505 | NWB_UniclassDescription | Kind=Shared Parameter | Scope=instance | Storage=String | Old='' | New='Ductwork and fittings'
INFO | Candidate: NWB_DesignPkg | Scope=instance | Storage=String | ReadOnly=False | Shared=True | Id=7626167
INFO | Writing INSTANCE parameter 'NWB_DesignPkg' on element 14855505
INFO | Element 14855505 | NWB_DesignPkg | Kind=Shared Parameter | Scope=instance | Storage=String | Old='' | New='NWB-GEN-ME-SCM-1091-A'
ERROR | Element 14855505 | Category=Duct Fittings | Family= | Parameter=NWB_BuildingPermitPkg | Reason=missing | Writable sample: AHU, AHU_AreaServed, AHU_Serves, AHU_Type, AHU_ZoneNumber, Angle, Building_No, COMPLETE Y/N, Classification.OmniClass.21.Description_INSTANCE, Classification.OmniClass.21.Number_INSTANCE, Classification.OmniClass.22.Description_INSTANCE, Classification.OmniClass.22.Number_INSTANCE, Classification.OmniClass.23.Description_INSTANCE, Classification.OmniClass.23.Number_INSTANCE, Classification.UniFormat.2010.Description, Classification.UniFormat.2010.Number, Comments, Description BOM Suffix, Ductwork Insulation - Lining, Elevation from Level
INFO | Candidate: NWB_WBS00 | Scope=instance | Storage=String | ReadOnly=False | Shared=True | Id=9214738
INFO | Writing INSTANCE parameter 'NWB_WBS00' on element 14855505
INFO | Element 14855505 | NWB_WBS00 | Kind=Shared Parameter | Scope=instance | Storage=String | Old='' | New='WBH'
INFO | Candidate: NWB_WBS01 | Scope=instance | Storage=String | ReadOnly=False | Shared=True | Id=9214798
INFO | Writing INSTANCE parameter 'NWB_WBS01' on element 14855505
INFO | Element 14855505 | NWB_WBS01 | Kind=Shared Parameter | Scope=instance | Storage=String | Old='' | New='HO'
INFO | Candidate: NWB_WBS02 | Scope=instance | Storage=String | ReadOnly=False | Shared=True | Id=9214786
INFO | Candidate: NWB_WBS03 | Scope=instance | Storage=String | ReadOnly=False | Shared=True | Id=9214750
INFO | Writing INSTANCE parameter 'NWB_WBS03' on element 14855505
INFO | Element 14855505 | NWB_WBS03 | Kind=Shared Parameter | Scope=instance | Storage=String | Old='' | New='Z00'
INFO | Candidate: NWB_WBS04 | Scope=instance | Storage=String | ReadOnly=False | Shared=True | Id=9214762
INFO | Writing INSTANCE parameter 'NWB_WBS04' on element 14855505
INFO | Element 14855505 | NWB_WBS04 | Kind=Shared Parameter | Scope=instance | Storage=String | Old='' | New='ME'
INFO | Candidate: NWB_WBS05 | Scope=instance | Storage=String | ReadOnly=False | Shared=True | Id=9214810
INFO | Writing INSTANCE parameter 'NWB_WBS05' on element 14855505
INFO | Element 14855505 | NWB_WBS05 | Kind=Shared Parameter | Scope=instance | Storage=String | Old='' | New='SI5'
INFO | Candidate: NWB_WBSCode | Scope=instance | Storage=String | ReadOnly=False | Shared=True | Id=9214774
INFO | Writing INSTANCE parameter 'NWB_WBSCode' on element 14855505
INFO | Element 14855505 | NWB_WBSCode | Kind=Shared Parameter | Scope=instance | Storage=String | Old='' | New='WBH-HO-09-Z00-ME-SI5'
SOURCE | Element 14855505 | Cat=Duct Fittings | Family=MHT-ME-DF-Rectangular Shoe Branch - Flanged | Type= | Level=LEVEL 09 | System=Supply Air | LinkedRoomLink= | LinkedRoomNumber= | LinkedRoomName= | LinkedRoomDept= | LinkedRoomBuilding= | LinkedRoomSite= | LinkedRoomSource= | ResolvedDept= | ResolvedBuilding= | ResolvedSite= | DisciplineHint=mechanical | AssetCandidates=duct fittings, ductwork | WBS00=WBH | WBS01=HO | WBS03=Z00 | DesignPkg=NWB-GEN-ME-SCM-1091-A | BuildingPermitPkg=WBH - BP09
WARN | Element 14855505 | Department unresolved | ExistingNWBDepartment= | ExistingWBS00= | ExistingWBS01= | ExistingDiscipline=Mechanical
ELEMENT | 14855505 | Cat=Duct Fittings | AssetScore=45 | AssetTypeCode=MDUC | AssetType=Ductwork | AssetCategory=Ductwork | Targets=NWB_AssetTypeCode=MDUC; NWB_AssetType=Ductwork; NWB_Discipline=ME; NWB_Category=Ductwork; NWB_Department=; NWB_Material=; NWB_System=Supply Air; NWB_UniclassCode=Pr_65_65_25; NWB_UniclassDescription=Ductwork and fittings; NWB_DesignPkg=NWB-GEN-ME-SCM-1091-A; NWB_BuildingPermitPkg=WBH - BP09; NWB_WBS00=WBH; NWB_WBS01=HO; NWB_WBS02=09; NWB_WBS03=Z00; NWB_WBS04=ME; NWB_WBS05=SI5; NWB_WBSCode=WBH-HO-09-Z00-ME-SI5
INFO | Candidate: NWB_AssetTypeCode | Scope=instance | Storage=String | ReadOnly=False | Shared=True | Id=7626182
INFO | Writing INSTANCE parameter 'NWB_AssetTypeCode' on element 14855514
INFO | Element 14855514 | NWB_AssetTypeCode | Kind=Shared Parameter | Scope=instance | Storage=String | Old='' | New='MDUC'
INFO | Candidate: NWB_AssetType | Scope=instance | Storage=String | ReadOnly=False | Shared=True | Id=7626181
INFO | Writing INSTANCE parameter 'NWB_AssetType' on element 14855514
INFO | Element 14855514 | NWB_AssetType | Kind=Shared Parameter | Scope=instance | Storage=String | Old='' | New='Ductwork'
INFO | Candidate: NWB_Discipline | Scope=instance | Storage=String | ReadOnly=False | Shared=True | Id=7626159
INFO | Writing INSTANCE parameter 'NWB_Discipline' on element 14855514
INFO | Element 14855514 | NWB_Discipline | Kind=Shared Parameter | Scope=instance | Storage=String | Old='Mechanical' | New='ME'
INFO | Candidate: NWB_Category | Scope=instance | Storage=String | ReadOnly=False | Shared=True | Id=7626160
INFO | Writing INSTANCE parameter 'NWB_Category' on element 14855514
INFO | Element 14855514 | NWB_Category | Kind=Shared Parameter | Scope=instance | Storage=String | Old='' | New='Ductwork'
INFO | Candidate: NWB_Department | Scope=instance | Storage=String | ReadOnly=False | Shared=True | Id=7626168
INFO | Writing INSTANCE parameter 'NWB_Department' on element 14855514
INFO | Element 14855514 | NWB_Department | Kind=Shared Parameter | Scope=instance | Storage=String | Old='' | New='Inpatient Obstetric 3'
INFO | Candidate: NWB_Material | Scope=instance | Storage=String | ReadOnly=False | Shared=True | Id=7626176
INFO | Writing INSTANCE parameter 'NWB_Material' on element 14855514
INFO | Element 14855514 | NWB_Material | Kind=Shared Parameter | Scope=instance | Storage=String | Old='' | New='9479096'
INFO | Candidate: NWB_System | Scope=instance | Storage=String | ReadOnly=False | Shared=True | Id=7626163
INFO | Candidate: NWB_UniclassCode | Scope=instance | Storage=String | ReadOnly=False | Shared=True | Id=7626165
INFO | Writing INSTANCE parameter 'NWB_UniclassCode' on element 14855514
INFO | Element 14855514 | NWB_UniclassCode | Kind=Shared Parameter | Scope=instance | Storage=String | Old='' | New='Pr_65_65_25'
INFO | Candidate: NWB_UniclassDescription | Scope=instance | Storage=String | ReadOnly=False | Shared=True | Id=7626166
INFO | Writing INSTANCE parameter 'NWB_UniclassDescription' on element 14855514
INFO | Element 14855514 | NWB_UniclassDescription | Kind=Shared Parameter | Scope=instance | Storage=String | Old='' | New='Ductwork and fittings'
INFO | Candidate: NWB_DesignPkg | Scope=instance | Storage=String | ReadOnly=False | Shared=True | Id=7626167
INFO | Writing INSTANCE parameter 'NWB_DesignPkg' on element 14855514
INFO | Element 14855514 | NWB_DesignPkg | Kind=Shared Parameter | Scope=instance | Storage=String | Old='' | New='NWB-GEN-ME-SCM-1091-A'
ERROR | Element 14855514 | Category=Duct Fittings | Family= | Parameter=NWB_BuildingPermitPkg | Reason=missing | Writable sample: AHU, AHU_AreaServed, AHU_Serves, AHU_Type, AHU_ZoneNumber, Building_No, COMPLETE Y/N, Classification.OmniClass.21.Description_INSTANCE, Classification.OmniClass.21.Number_INSTANCE, Classification.OmniClass.22.Description_INSTANCE, Classification.OmniClass.22.Number_INSTANCE, Classification.OmniClass.23.Description_INSTANCE, Classification.OmniClass.23.Number_INSTANCE, Classification.UniFormat.2010.Description, Classification.UniFormat.2010.Number, Comments, Description BOM Suffix, Duct Height1, Duct Length 1, Duct Width1
INFO | Candidate: NWB_WBS00 | Scope=instance | Storage=String | ReadOnly=False | Shared=True | Id=9214738
INFO | Writing INSTANCE parameter 'NWB_WBS00' on element 14855514
INFO | Element 14855514 | NWB_WBS00 | Kind=Shared Parameter | Scope=instance | Storage=String | Old='' | New='WBH'
INFO | Candidate: NWB_WBS01 | Scope=instance | Storage=String | ReadOnly=False | Shared=True | Id=9214798
INFO | Writing INSTANCE parameter 'NWB_WBS01' on element 14855514
INFO | Element 14855514 | NWB_WBS01 | Kind=Shared Parameter | Scope=instance | Storage=String | Old='' | New='HO'
INFO | Candidate: NWB_WBS02 | Scope=instance | Storage=String | ReadOnly=False | Shared=True | Id=9214786
INFO | Candidate: NWB_WBS03 | Scope=instance | Storage=String | ReadOnly=False | Shared=True | Id=9214750
INFO | Writing INSTANCE parameter 'NWB_WBS03' on element 14855514
INFO | Element 14855514 | NWB_WBS03 | Kind=Shared Parameter | Scope=instance | Storage=String | Old='' | New='IP3'
INFO | Candidate: NWB_WBS04 | Scope=instance | Storage=String | ReadOnly=False | Shared=True | Id=9214762
INFO | Writing INSTANCE parameter 'NWB_WBS04' on element 14855514
INFO | Element 14855514 | NWB_WBS04 | Kind=Shared Parameter | Scope=instance | Storage=String | Old='' | New='ME'
INFO | Candidate: NWB_WBS05 | Scope=instance | Storage=String | ReadOnly=False | Shared=True | Id=9214810
INFO | Writing INSTANCE parameter 'NWB_WBS05' on element 14855514
INFO | Element 14855514 | NWB_WBS05 | Kind=Shared Parameter | Scope=instance | Storage=String | Old='' | New='SI5'
INFO | Candidate: NWB_WBSCode | Scope=instance | Storage=String | ReadOnly=False | Shared=True | Id=9214774
INFO | Writing INSTANCE parameter 'NWB_WBSCode' on element 14855514
INFO | Element 14855514 | NWB_WBSCode | Kind=Shared Parameter | Scope=instance | Storage=String | Old='' | New='WBH-HO-09-IP3-ME-SI5'
SOURCE | Element 14855514 | Cat=Duct Fittings | Family=MHT-ME-DF-Square Cap-BMA | Type= | Level=LEVEL 09 | System=Supply Air | LinkedRoomLink=NWB-ACD-WBH-MH-MOD-0001 | LinkedRoomNumber=IP3.11.C02 | LinkedRoomName=Corridor | LinkedRoomDept=Inpatient Obstetric 3 | LinkedRoomBuilding= | LinkedRoomSite= | LinkedRoomSource=connected:13056758:Duct Systems | ResolvedDept=Inpatient Obstetric 3 | ResolvedBuilding= | ResolvedSite= | DisciplineHint=mechanical | AssetCandidates=duct fittings, ductwork | WBS00=WBH | WBS01=HO | WBS03=IP3 | DesignPkg=NWB-GEN-ME-SCM-1091-A | BuildingPermitPkg=WBH - BP09
ELEMENT | 14855514 | Cat=Duct Fittings | AssetScore=45 | AssetTypeCode=MDUC | AssetType=Ductwork | AssetCategory=Ductwork | Targets=NWB_AssetTypeCode=MDUC; NWB_AssetType=Ductwork; NWB_Discipline=ME; NWB_Category=Ductwork; NWB_Department=Inpatient Obstetric 3; NWB_Material=9479096; NWB_System=Supply Air; NWB_UniclassCode=Pr_65_65_25; NWB_UniclassDescription=Ductwork and fittings; NWB_DesignPkg=NWB-GEN-ME-SCM-1091-A; NWB_BuildingPermitPkg=WBH - BP09; NWB_WBS00=WBH; NWB_WBS01=HO; NWB_WBS02=09; NWB_WBS03=IP3; NWB_WBS04=ME; NWB_WBS05=SI5; NWB_WBSCode=WBH-HO-09-IP3-ME-SI5
INFO | Candidate: NWB_AssetTypeCode | Scope=instance | Storage=String | ReadOnly=False | Shared=True | Id=7626182
INFO | Candidate: NWB_AssetType | Scope=instance | Storage=String | ReadOnly=False | Shared=True | Id=7626181
INFO | Candidate: NWB_Discipline | Scope=instance | Storage=String | ReadOnly=False | Shared=True | Id=7626159
INFO | Candidate: NWB_Category | Scope=instance | Storage=String | ReadOnly=False | Shared=True | Id=7626160
INFO | Candidate: NWB_System | Scope=instance | Storage=String | ReadOnly=False | Shared=True | Id=7626163
INFO | Candidate: NWB_UniclassCode | Scope=instance | Storage=String | ReadOnly=False | Shared=True | Id=7626165
INFO | Candidate: NWB_UniclassDescription | Scope=instance | Storage=String | ReadOnly=False | Shared=True | Id=7626166
INFO | Candidate: NWB_DesignPkg | Scope=instance | Storage=String | ReadOnly=False | Shared=True | Id=7626167
ERROR | Element 14866500 | Category=Ducts | Family= | Parameter=NWB_BuildingPermitPkg | Reason=missing | Writable sample: AHU, AHU_AreaServed, AHU_Serves, AHU_Type, AHU_ZoneNumber, Additional Flow, Building_No, COMPLETE Y/N, Classification.OmniClass.21.Description_INSTANCE, Classification.OmniClass.21.Number_INSTANCE, Classification.OmniClass.22.Description_INSTANCE, Classification.OmniClass.22.Number_INSTANCE, Classification.OmniClass.23.Description_INSTANCE, Classification.OmniClass.23.Number_INSTANCE, Classification.UniFormat.2010.Description, Classification.UniFormat.2010.Number, Comments, DUCT NUMBER, Description BOM Suffix, Duct Number
INFO | Candidate: NWB_WBS00 | Scope=instance | Storage=String | ReadOnly=False | Shared=True | Id=9214738
INFO | Candidate: NWB_WBS01 | Scope=instance | Storage=String | ReadOnly=False | Shared=True | Id=9214798
INFO | Candidate: NWB_WBS02 | Scope=instance | Storage=String | ReadOnly=False | Shared=True | Id=9214786
INFO | Candidate: NWB_WBS03 | Scope=instance | Storage=String | ReadOnly=False | Shared=True | Id=9214750
INFO | Candidate: NWB_WBS04 | Scope=instance | Storage=String | ReadOnly=False | Shared=True | Id=9214762
INFO | Candidate: NWB_WBS05 | Scope=instance | Storage=String | ReadOnly=False | Shared=True | Id=9214810
INFO | Writing INSTANCE parameter 'NWB_WBS05' on element 14866500
INFO | Element 14866500 | NWB_WBS05 | Kind=Shared Parameter | Scope=instance | Storage=String | Old='SP' | New='SI5'
INFO | Candidate: NWB_WBSCode | Scope=instance | Storage=String | ReadOnly=False | Shared=True | Id=9214774
INFO | Writing INSTANCE parameter 'NWB_WBSCode' on element 14866500
INFO | Element 14866500 | NWB_WBSCode | Kind=Shared Parameter | Scope=instance | Storage=String | Old='WBH-HO-09-Z00-ME-SP' | New='WBH-HO-09-Z00-ME-SI5'
SOURCE | Element 14866500 | Cat=Ducts | Family=Rectangular Duct | Type= | Level=LEVEL 09 | System=Return Air | LinkedRoomLink= | LinkedRoomNumber= | LinkedRoomName= | LinkedRoomDept= | LinkedRoomBuilding= | LinkedRoomSite= | LinkedRoomSource= | ResolvedDept= | ResolvedBuilding= | ResolvedSite= | DisciplineHint=mechanical | AssetCandidates=ducts, ductwork | WBS00=WBH | WBS01=HO | WBS03=Z00 | DesignPkg=NWB-GEN-ME-SCM-1091-A | BuildingPermitPkg=WBH - BP09
WARN | Element 14866500 | Department unresolved | ExistingNWBDepartment= | ExistingWBS00=WBH | ExistingWBS01=HO | ExistingDiscipline=ME
ELEMENT | 14866500 | Cat=Ducts | AssetScore=45 | AssetTypeCode=MDUC | AssetType=Ductwork | AssetCategory=Ductwork | Targets=NWB_AssetTypeCode=MDUC; NWB_AssetType=Ductwork; NWB_Discipline=ME; NWB_Category=Ductwork; NWB_Department=; NWB_Material=; NWB_System=Return Air; NWB_UniclassCode=Pr_65_65_25; NWB_UniclassDescription=Ductwork and fittings; NWB_DesignPkg=NWB-GEN-ME-SCM-1091-A; NWB_BuildingPermitPkg=WBH - BP09; NWB_WBS00=WBH; NWB_WBS01=HO; NWB_WBS02=09; NWB_WBS03=Z00; NWB_WBS04=ME; NWB_WBS05=SI5; NWB_WBSCode=WBH-HO-09-Z00-ME-SI5
INFO | Candidate: NWB_AssetTypeCode | Scope=instance | Storage=String | ReadOnly=False | Shared=True | Id=7626182
INFO | Writing INSTANCE parameter 'NWB_AssetTypeCode' on element 14924704
INFO | Element 14924704 | NWB_AssetTypeCode | Kind=Shared Parameter | Scope=instance | Storage=String | Old='' | New='MDUC'
INFO | Candidate: NWB_AssetType | Scope=instance | Storage=String | ReadOnly=False | Shared=True | Id=7626181
INFO | Writing INSTANCE parameter 'NWB_AssetType' on element 14924704
INFO | Element 14924704 | NWB_AssetType | Kind=Shared Parameter | Scope=instance | Storage=String | Old='' | New='Ductwork'
INFO | Candidate: NWB_Discipline | Scope=instance | Storage=String | ReadOnly=False | Shared=True | Id=7626159
INFO | Writing INSTANCE parameter 'NWB_Discipline' on element 14924704
INFO | Element 14924704 | NWB_Discipline | Kind=Shared Parameter | Scope=instance | Storage=String | Old='Mechanical' | New='ME'
INFO | Candidate: NWB_Category | Scope=instance | Storage=String | ReadOnly=False | Shared=True | Id=7626160
INFO | Writing INSTANCE parameter 'NWB_Category' on element 14924704
INFO | Element 14924704 | NWB_Category | Kind=Shared Parameter | Scope=instance | Storage=String | Old='' | New='Ductwork'
INFO | Candidate: NWB_System | Scope=instance | Storage=String | ReadOnly=False | Shared=True | Id=7626163
INFO | Writing INSTANCE parameter 'NWB_System' on element 14924704
INFO | Element 14924704 | NWB_System | Kind=Shared Parameter | Scope=instance | Storage=String | Old='Exhaust Air' | New='Return Air'
INFO | Candidate: NWB_UniclassCode | Scope=instance | Storage=String | ReadOnly=False | Shared=True | Id=7626165
INFO | Writing INSTANCE parameter 'NWB_UniclassCode' on element 14924704
INFO | Element 14924704 | NWB_UniclassCode | Kind=Shared Parameter | Scope=instance | Storage=String | Old='' | New='Pr_65_65_25'
INFO | Candidate: NWB_UniclassDescription | Scope=instance | Storage=String | ReadOnly=False | Shared=True | Id=7626166
INFO | Writing INSTANCE parameter 'NWB_UniclassDescription' on element 14924704
INFO | Element 14924704 | NWB_UniclassDescription | Kind=Shared Parameter | Scope=instance | Storage=String | Old='' | New='Ductwork and fittings'
INFO | Candidate: NWB_DesignPkg | Scope=instance | Storage=String | ReadOnly=False | Shared=True | Id=7626167
INFO | Writing INSTANCE parameter 'NWB_DesignPkg' on element 14924704
INFO | Element 14924704 | NWB_DesignPkg | Kind=Shared Parameter | Scope=instance | Storage=String | Old='' | New='NWB-GEN-ME-SCM-1091-A'
ERROR | Element 14924704 | Category=Duct Fittings | Family= | Parameter=NWB_BuildingPermitPkg | Reason=missing | Writable sample: AHU, AHU_AreaServed, AHU_Serves, AHU_Type, AHU_ZoneNumber, Angle, Building_No, COMPLETE Y/N, Classification.OmniClass.21.Description_INSTANCE, Classification.OmniClass.21.Number_INSTANCE, Classification.OmniClass.22.Description_INSTANCE, Classification.OmniClass.22.Number_INSTANCE, Classification.OmniClass.23.Description_INSTANCE, Classification.OmniClass.23.Number_INSTANCE, Classification.UniFormat.2010.Description, Classification.UniFormat.2010.Number, Comments, Description BOM Suffix, Ductwork Insulation - Lining, Elevation from Level
INFO | Candidate: NWB_WBS00 | Scope=instance | Storage=String | ReadOnly=False | Shared=True | Id=9214738
INFO | Writing INSTANCE parameter 'NWB_WBS00' on element 14924704
INFO | Element 14924704 | NWB_WBS00 | Kind=Shared Parameter | Scope=instance | Storage=String | Old='' | New='WBH'
INFO | Candidate: NWB_WBS01 | Scope=instance | Storage=String | ReadOnly=False | Shared=True | Id=9214798
INFO | Writing INSTANCE parameter 'NWB_WBS01' on element 14924704
INFO | Element 14924704 | NWB_WBS01 | Kind=Shared Parameter | Scope=instance | Storage=String | Old='' | New='HO'
INFO | Candidate: NWB_WBS02 | Scope=instance | Storage=String | ReadOnly=False | Shared=True | Id=9214786
INFO | Candidate: NWB_WBS03 | Scope=instance | Storage=String | ReadOnly=False | Shared=True | Id=9214750
INFO | Writing INSTANCE parameter 'NWB_WBS03' on element 14924704
INFO | Element 14924704 | NWB_WBS03 | Kind=Shared Parameter | Scope=instance | Storage=String | Old='' | New='Z00'
INFO | Candidate: NWB_WBS04 | Scope=instance | Storage=String | ReadOnly=False | Shared=True | Id=9214762
INFO | Writing INSTANCE parameter 'NWB_WBS04' on element 14924704
INFO | Element 14924704 | NWB_WBS04 | Kind=Shared Parameter | Scope=instance | Storage=String | Old='' | New='ME'
INFO | Candidate: NWB_WBS05 | Scope=instance | Storage=String | ReadOnly=False | Shared=True | Id=9214810
INFO | Writing INSTANCE parameter 'NWB_WBS05' on element 14924704
INFO | Element 14924704 | NWB_WBS05 | Kind=Shared Parameter | Scope=instance | Storage=String | Old='' | New='SI5'
INFO | Candidate: NWB_WBSCode | Scope=instance | Storage=String | ReadOnly=False | Shared=True | Id=9214774
INFO | Writing INSTANCE parameter 'NWB_WBSCode' on element 14924704
INFO | Element 14924704 | NWB_WBSCode | Kind=Shared Parameter | Scope=instance | Storage=String | Old='' | New='WBH-HO-09-Z00-ME-SI5'
SOURCE | Element 14924704 | Cat=Duct Fittings | Family=MHT-ME-DF-Rectangular Shoe Branch - Flanged | Type= | Level=LEVEL 09 | System=Return Air | LinkedRoomLink= | LinkedRoomNumber= | LinkedRoomName= | LinkedRoomDept= | LinkedRoomBuilding= | LinkedRoomSite= | LinkedRoomSource= | ResolvedDept= | ResolvedBuilding= | ResolvedSite= | DisciplineHint=mechanical | AssetCandidates=duct fittings, ductwork | WBS00=WBH | WBS01=HO | WBS03=Z00 | DesignPkg=NWB-GEN-ME-SCM-1091-A | BuildingPermitPkg=WBH - BP09
WARN | Element 14924704 | Department unresolved | ExistingNWBDepartment= | ExistingWBS00= | ExistingWBS01= | ExistingDiscipline=Mechanical
ELEMENT | 14924704 | Cat=Duct Fittings | AssetScore=45 | AssetTypeCode=MDUC | AssetType=Ductwork | AssetCategory=Ductwork | Targets=NWB_AssetTypeCode=MDUC; NWB_AssetType=Ductwork; NWB_Discipline=ME; NWB_Category=Ductwork; NWB_Department=; NWB_Material=; NWB_System=Return Air; NWB_UniclassCode=Pr_65_65_25; NWB_UniclassDescription=Ductwork and fittings; NWB_DesignPkg=NWB-GEN-ME-SCM-1091-A; NWB_BuildingPermitPkg=WBH - BP09; NWB_WBS00=WBH; NWB_WBS01=HO; NWB_WBS02=09; NWB_WBS03=Z00; NWB_WBS04=ME; NWB_WBS05=SI5; NWB_WBSCode=WBH-HO-09-Z00-ME-SI5
INFO | Candidate: NWB_AssetTypeCode | Scope=instance | Storage=String | ReadOnly=False | Shared=True | Id=7626182
INFO | Writing INSTANCE parameter 'NWB_AssetTypeCode' on element 14924705
INFO | Element 14924705 | NWB_AssetTypeCode | Kind=Shared Parameter | Scope=instance | Storage=String | Old='' | New='MDUC'
INFO | Candidate: NWB_AssetType | Scope=instance | Storage=String | ReadOnly=False | Shared=True | Id=7626181
INFO | Writing INSTANCE parameter 'NWB_AssetType' on element 14924705
INFO | Element 14924705 | NWB_AssetType | Kind=Shared Parameter | Scope=instance | Storage=String | Old='' | New='Ductwork'
INFO | Candidate: NWB_Discipline | Scope=instance | Storage=String | ReadOnly=False | Shared=True | Id=7626159
INFO | Writing INSTANCE parameter 'NWB_Discipline' on element 14924705
INFO | Element 14924705 | NWB_Discipline | Kind=Shared Parameter | Scope=instance | Storage=String | Old='Mechanical' | New='ME'
INFO | Candidate: NWB_Category | Scope=instance | Storage=String | ReadOnly=False | Shared=True | Id=7626160
INFO | Writing INSTANCE parameter 'NWB_Category' on element 14924705
INFO | Element 14924705 | NWB_Category | Kind=Shared Parameter | Scope=instance | Storage=String | Old='' | New='Ductwork'
INFO | Candidate: NWB_System | Scope=instance | Storage=String | ReadOnly=False | Shared=True | Id=7626163
INFO | Writing INSTANCE parameter 'NWB_System' on element 14924705
INFO | Element 14924705 | NWB_System | Kind=Shared Parameter | Scope=instance | Storage=String | Old='Exhaust Air' | New='Return Air'
INFO | Candidate: NWB_UniclassCode | Scope=instance | Storage=String | ReadOnly=False | Shared=True | Id=7626165
INFO | Writing INSTANCE parameter 'NWB_UniclassCode' on element 14924705
INFO | Element 14924705 | NWB_UniclassCode | Kind=Shared Parameter | Scope=instance | Storage=String | Old='' | New='Pr_65_65_25'
INFO | Candidate: NWB_UniclassDescription | Scope=instance | Storage=String | ReadOnly=False | Shared=True | Id=7626166
INFO | Writing INSTANCE parameter 'NWB_UniclassDescription' on element 14924705
INFO | Element 14924705 | NWB_UniclassDescription | Kind=Shared Parameter | Scope=instance | Storage=String | Old='' | New='Ductwork and fittings'
INFO | Candidate: NWB_DesignPkg | Scope=instance | Storage=String | ReadOnly=False | Shared=True | Id=7626167
INFO | Writing INSTANCE parameter 'NWB_DesignPkg' on element 14924705
INFO | Element 14924705 | NWB_DesignPkg | Kind=Shared Parameter | Scope=instance | Storage=String | Old='' | New='NWB-GEN-ME-SCM-1091-A'
ERROR | Element 14924705 | Category=Duct Fittings | Family= | Parameter=NWB_BuildingPermitPkg | Reason=missing | Writable sample: AHU, AHU_AreaServed, AHU_Serves, AHU_Type, AHU_ZoneNumber, Building_No, COMPLETE Y/N, Classification.OmniClass.21.Description_INSTANCE, Classification.OmniClass.21.Number_INSTANCE, Classification.OmniClass.22.Description_INSTANCE, Classification.OmniClass.22.Number_INSTANCE, Classification.OmniClass.23.Description_INSTANCE, Classification.OmniClass.23.Number_INSTANCE, Classification.UniFormat.2010.Description, Classification.UniFormat.2010.Number, Comments, Description BOM Suffix, Duct Diameter, Ductwork Insulation - Lining, Elevation from Level
INFO | Candidate: NWB_WBS00 | Scope=instance | Storage=String | ReadOnly=False | Shared=True | Id=9214738
INFO | Writing INSTANCE parameter 'NWB_WBS00' on element 14924705
INFO | Element 14924705 | NWB_WBS00 | Kind=Shared Parameter | Scope=instance | Storage=String | Old='' | New='WBH'
INFO | Candidate: NWB_WBS01 | Scope=instance | Storage=String | ReadOnly=False | Shared=True | Id=9214798
INFO | Writing INSTANCE parameter 'NWB_WBS01' on element 14924705
INFO | Element 14924705 | NWB_WBS01 | Kind=Shared Parameter | Scope=instance | Storage=String | Old='' | New='HO'
INFO | Candidate: NWB_WBS02 | Scope=instance | Storage=String | ReadOnly=False | Shared=True | Id=9214786
INFO | Candidate: NWB_WBS03 | Scope=instance | Storage=String | ReadOnly=False | Shared=True | Id=9214750
INFO | Writing INSTANCE parameter 'NWB_WBS03' on element 14924705
INFO | Element 14924705 | NWB_WBS03 | Kind=Shared Parameter | Scope=instance | Storage=String | Old='' | New='Z00'
INFO | Candidate: NWB_WBS04 | Scope=instance | Storage=String | ReadOnly=False | Shared=True | Id=9214762
INFO | Writing INSTANCE parameter 'NWB_WBS04' on element 14924705
INFO | Element 14924705 | NWB_WBS04 | Kind=Shared Parameter | Scope=instance | Storage=String | Old='' | New='ME'
INFO | Candidate: NWB_WBS05 | Scope=instance | Storage=String | ReadOnly=False | Shared=True | Id=9214810
INFO | Writing INSTANCE parameter 'NWB_WBS05' on element 14924705
INFO | Element 14924705 | NWB_WBS05 | Kind=Shared Parameter | Scope=instance | Storage=String | Old='' | New='SI5'
INFO | Candidate: NWB_WBSCode | Scope=instance | Storage=String | ReadOnly=False | Shared=True | Id=9214774
INFO | Writing INSTANCE parameter 'NWB_WBSCode' on element 14924705
INFO | Element 14924705 | NWB_WBSCode | Kind=Shared Parameter | Scope=instance | Storage=String | Old='' | New='WBH-HO-09-Z00-ME-SI5'
SOURCE | Element 14924705 | Cat=Duct Fittings | Family=MHT_DF_Spigot | Type= | Level=LEVEL 09 | System=Return Air | LinkedRoomLink= | LinkedRoomNumber= | LinkedRoomName= | LinkedRoomDept= | LinkedRoomBuilding= | LinkedRoomSite= | LinkedRoomSource= | ResolvedDept= | ResolvedBuilding= | ResolvedSite= | DisciplineHint=mechanical | AssetCandidates=duct fittings, ductwork, damper, motorised damper | WBS00=WBH | WBS01=HO | WBS03=Z00 | DesignPkg=NWB-GEN-ME-SCM-1091-A | BuildingPermitPkg=WBH - BP09
WARN | Element 14924705 | Department unresolved | ExistingNWBDepartment= | ExistingWBS00= | ExistingWBS01= | ExistingDiscipline=Mechanical
ELEMENT | 14924705 | Cat=Duct Fittings | AssetScore=45 | AssetTypeCode=MDUC | AssetType=Ductwork | AssetCategory=Ductwork | Targets=NWB_AssetTypeCode=MDUC; NWB_AssetType=Ductwork; NWB_Discipline=ME; NWB_Category=Ductwork; NWB_Department=; NWB_Material=; NWB_System=Return Air; NWB_UniclassCode=Pr_65_65_25; NWB_UniclassDescription=Ductwork and fittings; NWB_DesignPkg=NWB-GEN-ME-SCM-1091-A; NWB_BuildingPermitPkg=WBH - BP09; NWB_WBS00=WBH; NWB_WBS01=HO; NWB_WBS02=09; NWB_WBS03=Z00; NWB_WBS04=ME; NWB_WBS05=SI5; NWB_WBSCode=WBH-HO-09-Z00-ME-SI5
INFO | Candidate: NWB_AssetTypeCode | Scope=instance | Storage=String | ReadOnly=False | Shared=True | Id=7626182
INFO | Writing INSTANCE parameter 'NWB_AssetTypeCode' on element 14924707
INFO | Element 14924707 | NWB_AssetTypeCode | Kind=Shared Parameter | Scope=instance | Storage=String | Old='' | New='MDUC'
INFO | Candidate: NWB_AssetType | Scope=instance | Storage=String | ReadOnly=False | Shared=True | Id=7626181
INFO | Writing INSTANCE parameter 'NWB_AssetType' on element 14924707
INFO | Element 14924707 | NWB_AssetType | Kind=Shared Parameter | Scope=instance | Storage=String | Old='' | New='Ductwork'
INFO | Candidate: NWB_Discipline | Scope=instance | Storage=String | ReadOnly=False | Shared=True | Id=7626159
INFO | Writing INSTANCE parameter 'NWB_Discipline' on element 14924707
INFO | Element 14924707 | NWB_Discipline | Kind=Shared Parameter | Scope=instance | Storage=String | Old='Mechanical' | New='ME'
INFO | Candidate: NWB_Category | Scope=instance | Storage=String | ReadOnly=False | Shared=True | Id=7626160
INFO | Writing INSTANCE parameter 'NWB_Category' on element 14924707
INFO | Element 14924707 | NWB_Category | Kind=Shared Parameter | Scope=instance | Storage=String | Old='' | New='Ductwork'
INFO | Candidate: NWB_Department | Scope=instance | Storage=String | ReadOnly=False | Shared=True | Id=7626168
INFO | Writing INSTANCE parameter 'NWB_Department' on element 14924707
INFO | Element 14924707 | NWB_Department | Kind=Shared Parameter | Scope=instance | Storage=String | Old='' | New='Inpatient Obstetric 3'
INFO | Candidate: NWB_Material | Scope=instance | Storage=String | ReadOnly=False | Shared=True | Id=7626176
INFO | Writing INSTANCE parameter 'NWB_Material' on element 14924707
INFO | Element 14924707 | NWB_Material | Kind=Shared Parameter | Scope=instance | Storage=String | Old='' | New='9479096'
INFO | Candidate: NWB_System | Scope=instance | Storage=String | ReadOnly=False | Shared=True | Id=7626163
INFO | Candidate: NWB_UniclassCode | Scope=instance | Storage=String | ReadOnly=False | Shared=True | Id=7626165
INFO | Writing INSTANCE parameter 'NWB_UniclassCode' on element 14924707
INFO | Element 14924707 | NWB_UniclassCode | Kind=Shared Parameter | Scope=instance | Storage=String | Old='' | New='Pr_65_65_25'
INFO | Candidate: NWB_UniclassDescription | Scope=instance | Storage=String | ReadOnly=False | Shared=True | Id=7626166
INFO | Writing INSTANCE parameter 'NWB_UniclassDescription' on element 14924707
INFO | Element 14924707 | NWB_UniclassDescription | Kind=Shared Parameter | Scope=instance | Storage=String | Old='' | New='Ductwork and fittings'
INFO | Candidate: NWB_DesignPkg | Scope=instance | Storage=String | ReadOnly=False | Shared=True | Id=7626167
INFO | Writing INSTANCE parameter 'NWB_DesignPkg' on element 14924707
INFO | Element 14924707 | NWB_DesignPkg | Kind=Shared Parameter | Scope=instance | Storage=String | Old='' | New='NWB-GEN-ME-SCM-1091-A'
ERROR | Element 14924707 | Category=Duct Fittings | Family= | Parameter=NWB_BuildingPermitPkg | Reason=missing | Writable sample: AHU, AHU_AreaServed, AHU_Serves, AHU_Type, AHU_ZoneNumber, Building_No, COMPLETE Y/N, Classification.OmniClass.21.Description_INSTANCE, Classification.OmniClass.21.Number_INSTANCE, Classification.OmniClass.22.Description_INSTANCE, Classification.OmniClass.22.Number_INSTANCE, Classification.OmniClass.23.Description_INSTANCE, Classification.OmniClass.23.Number_INSTANCE, Classification.UniFormat.2010.Description, Classification.UniFormat.2010.Number, Comments, Description BOM Suffix, Duct Height1, Duct Length 1, Duct Width1
INFO | Candidate: NWB_WBS00 | Scope=instance | Storage=String | ReadOnly=False | Shared=True | Id=9214738
INFO | Writing INSTANCE parameter 'NWB_WBS00' on element 14924707
INFO | Element 14924707 | NWB_WBS00 | Kind=Shared Parameter | Scope=instance | Storage=String | Old='' | New='WBH'
INFO | Candidate: NWB_WBS01 | Scope=instance | Storage=String | ReadOnly=False | Shared=True | Id=9214798
INFO | Writing INSTANCE parameter 'NWB_WBS01' on element 14924707
INFO | Element 14924707 | NWB_WBS01 | Kind=Shared Parameter | Scope=instance | Storage=String | Old='' | New='HO'
INFO | Candidate: NWB_WBS02 | Scope=instance | Storage=String | ReadOnly=False | Shared=True | Id=9214786
INFO | Candidate: NWB_WBS03 | Scope=instance | Storage=String | ReadOnly=False | Shared=True | Id=9214750
INFO | Writing INSTANCE parameter 'NWB_WBS03' on element 14924707
INFO | Element 14924707 | NWB_WBS03 | Kind=Shared Parameter | Scope=instance | Storage=String | Old='' | New='IP3'
INFO | Candidate: NWB_WBS04 | Scope=instance | Storage=String | ReadOnly=False | Shared=True | Id=9214762
INFO | Writing INSTANCE parameter 'NWB_WBS04' on element 14924707
INFO | Element 14924707 | NWB_WBS04 | Kind=Shared Parameter | Scope=instance | Storage=String | Old='' | New='ME'
INFO | Candidate: NWB_WBS05 | Scope=instance | Storage=String | ReadOnly=False | Shared=True | Id=9214810
INFO | Writing INSTANCE parameter 'NWB_WBS05' on element 14924707
INFO | Element 14924707 | NWB_WBS05 | Kind=Shared Parameter | Scope=instance | Storage=String | Old='' | New='SI5'
INFO | Candidate: NWB_WBSCode | Scope=instance | Storage=String | ReadOnly=False | Shared=True | Id=9214774
INFO | Writing INSTANCE parameter 'NWB_WBSCode' on element 14924707
INFO | Element 14924707 | NWB_WBSCode | Kind=Shared Parameter | Scope=instance | Storage=String | Old='' | New='WBH-HO-09-IP3-ME-SI5'
SOURCE | Element 14924707 | Cat=Duct Fittings | Family=MHT-ME-DF-Square Cap-BMA | Type= | Level=LEVEL 09 | System=Return Air | LinkedRoomLink=NWB-ACD-WBH-MH-MOD-0001 | LinkedRoomNumber=IP3.11.C02 | LinkedRoomName=Corridor | LinkedRoomDept=Inpatient Obstetric 3 | LinkedRoomBuilding= | LinkedRoomSite= | LinkedRoomSource=connected:13056531:Duct Systems | ResolvedDept=Inpatient Obstetric 3 | ResolvedBuilding= | ResolvedSite= | DisciplineHint=mechanical | AssetCandidates=duct fittings, ductwork | WBS00=WBH | WBS01=HO | WBS03=IP3 | DesignPkg=NWB-GEN-ME-SCM-1091-A | BuildingPermitPkg=WBH - BP09
ELEMENT | 14924707 | Cat=Duct Fittings | AssetScore=45 | AssetTypeCode=MDUC | AssetType=Ductwork | AssetCategory=Ductwork | Targets=NWB_AssetTypeCode=MDUC; NWB_AssetType=Ductwork; NWB_Discipline=ME; NWB_Category=Ductwork; NWB_Department=Inpatient Obstetric 3; NWB_Material=9479096; NWB_System=Return Air; NWB_UniclassCode=Pr_65_65_25; NWB_UniclassDescription=Ductwork and fittings; NWB_DesignPkg=NWB-GEN-ME-SCM-1091-A; NWB_BuildingPermitPkg=WBH - BP09; NWB_WBS00=WBH; NWB_WBS01=HO; NWB_WBS02=09; NWB_WBS03=IP3; NWB_WBS04=ME; NWB_WBS05=SI5; NWB_WBSCode=WBH-HO-09-IP3-ME-SI5
INFO | Candidate: NWB_AssetTypeCode | Scope=instance | Storage=String | ReadOnly=False | Shared=True | Id=3045149
INFO | Candidate: NWB_AssetTypeCode | Scope=instance | Storage=String | ReadOnly=False | Shared=True | Id=7626182
INFO | Found 2 parameters named NWB_AssetTypeCode
INFO | SELECTED | Shared Parameter | Scope=instance | ReadOnly=False | Id=3045149
INFO | SELECTED | Shared Parameter | Scope=instance | ReadOnly=False | Id=7626182
INFO | Writing INSTANCE parameter 'NWB_AssetTypeCode' on element 14928811
INFO | Element 14928811 | NWB_AssetTypeCode | Kind=Shared Parameter | Scope=instance | Storage=String | Old='' | New='MDUC'
INFO | Writing INSTANCE parameter 'NWB_AssetTypeCode' on element 14928811
INFO | Element 14928811 | NWB_AssetTypeCode | Kind=Shared Parameter | Scope=instance | Storage=String | Old='' | New='MDUC'
INFO | Candidate: NWB_AssetType | Scope=instance | Storage=String | ReadOnly=False | Shared=True | Id=3045150
INFO | Candidate: NWB_AssetType | Scope=instance | Storage=String | ReadOnly=False | Shared=True | Id=7626181
INFO | Found 2 parameters named NWB_AssetType
INFO | SELECTED | Shared Parameter | Scope=instance | ReadOnly=False | Id=3045150
INFO | SELECTED | Shared Parameter | Scope=instance | ReadOnly=False | Id=7626181
INFO | Writing INSTANCE parameter 'NWB_AssetType' on element 14928811
INFO | Element 14928811 | NWB_AssetType | Kind=Shared Parameter | Scope=instance | Storage=String | Old='' | New='Ductwork'
INFO | Writing INSTANCE parameter 'NWB_AssetType' on element 14928811
INFO | Element 14928811 | NWB_AssetType | Kind=Shared Parameter | Scope=instance | Storage=String | Old='' | New='Ductwork'
INFO | Candidate: NWB_Discipline | Scope=instance | Storage=String | ReadOnly=False | Shared=True | Id=3045151
INFO | Candidate: NWB_Discipline | Scope=instance | Storage=String | ReadOnly=False | Shared=True | Id=7626159
INFO | Found 2 parameters named NWB_Discipline
INFO | SELECTED | Shared Parameter | Scope=instance | ReadOnly=False | Id=3045151
INFO | SELECTED | Shared Parameter | Scope=instance | ReadOnly=False | Id=7626159
INFO | Writing INSTANCE parameter 'NWB_Discipline' on element 14928811
INFO | Element 14928811 | NWB_Discipline | Kind=Shared Parameter | Scope=instance | Storage=String | Old='Mechanical' | New='ME'
INFO | Writing INSTANCE parameter 'NWB_Discipline' on element 14928811
INFO | Element 14928811 | NWB_Discipline | Kind=Shared Parameter | Scope=instance | Storage=String | Old='Mechanical' | New='ME'
INFO | Candidate: NWB_Category | Scope=instance | Storage=String | ReadOnly=False | Shared=True | Id=3045152
INFO | Candidate: NWB_Category | Scope=instance | Storage=String | ReadOnly=False | Shared=True | Id=7626160
INFO | Found 2 parameters named NWB_Category
INFO | SELECTED | Shared Parameter | Scope=instance | ReadOnly=False | Id=3045152
INFO | SELECTED | Shared Parameter | Scope=instance | ReadOnly=False | Id=7626160
INFO | Writing INSTANCE parameter 'NWB_Category' on element 14928811
INFO | Element 14928811 | NWB_Category | Kind=Shared Parameter | Scope=instance | Storage=String | Old='' | New='Ductwork'
INFO | Writing INSTANCE parameter 'NWB_Category' on element 14928811
INFO | Element 14928811 | NWB_Category | Kind=Shared Parameter | Scope=instance | Storage=String | Old='' | New='Ductwork'
INFO | Candidate: NWB_System | Scope=instance | Storage=String | ReadOnly=False | Shared=True | Id=3045155
INFO | Candidate: NWB_System | Scope=instance | Storage=String | ReadOnly=False | Shared=True | Id=7626163
INFO | Found 2 parameters named NWB_System
INFO | SELECTED | Shared Parameter | Scope=instance | ReadOnly=False | Id=3045155
INFO | SELECTED | Shared Parameter | Scope=instance | ReadOnly=False | Id=7626163
INFO | Writing INSTANCE parameter 'NWB_System' on element 14928811
INFO | Element 14928811 | NWB_System | Kind=Shared Parameter | Scope=instance | Storage=String | Old='' | New='Supply Air'
INFO | Candidate: NWB_UniclassCode | Scope=instance | Storage=String | ReadOnly=False | Shared=True | Id=3045156
INFO | Candidate: NWB_UniclassCode | Scope=instance | Storage=String | ReadOnly=False | Shared=True | Id=7626165
INFO | Found 2 parameters named NWB_UniclassCode
INFO | SELECTED | Shared Parameter | Scope=instance | ReadOnly=False | Id=3045156
INFO | SELECTED | Shared Parameter | Scope=instance | ReadOnly=False | Id=7626165
INFO | Writing INSTANCE parameter 'NWB_UniclassCode' on element 14928811
INFO | Element 14928811 | NWB_UniclassCode | Kind=Shared Parameter | Scope=instance | Storage=String | Old='' | New='Pr_65_65_25'
INFO | Writing INSTANCE parameter 'NWB_UniclassCode' on element 14928811
INFO | Element 14928811 | NWB_UniclassCode | Kind=Shared Parameter | Scope=instance | Storage=String | Old='' | New='Pr_65_65_25'
INFO | Candidate: NWB_UniclassDescription | Scope=instance | Storage=String | ReadOnly=False | Shared=True | Id=3045157
INFO | Candidate: NWB_UniclassDescription | Scope=instance | Storage=String | ReadOnly=False | Shared=True | Id=7626166
INFO | Found 2 parameters named NWB_UniclassDescription
INFO | SELECTED | Shared Parameter | Scope=instance | ReadOnly=False | Id=3045157
INFO | SELECTED | Shared Parameter | Scope=instance | ReadOnly=False | Id=7626166
INFO | Writing INSTANCE parameter 'NWB_UniclassDescription' on element 14928811
INFO | Element 14928811 | NWB_UniclassDescription | Kind=Shared Parameter | Scope=instance | Storage=String | Old='' | New='Ductwork and fittings'
INFO | Writing INSTANCE parameter 'NWB_UniclassDescription' on element 14928811
INFO | Element 14928811 | NWB_UniclassDescription | Kind=Shared Parameter | Scope=instance | Storage=String | Old='' | New='Ductwork and fittings'
INFO | Candidate: NWB_DesignPkg | Scope=instance | Storage=String | ReadOnly=False | Shared=True | Id=3045158
INFO | Candidate: NWB_DesignPkg | Scope=instance | Storage=String | ReadOnly=False | Shared=True | Id=7626167
INFO | Found 2 parameters named NWB_DesignPkg
INFO | SELECTED | Shared Parameter | Scope=instance | ReadOnly=False | Id=3045158
INFO | SELECTED | Shared Parameter | Scope=instance | ReadOnly=False | Id=7626167
INFO | Writing INSTANCE parameter 'NWB_DesignPkg' on element 14928811
INFO | Element 14928811 | NWB_DesignPkg | Kind=Shared Parameter | Scope=instance | Storage=String | Old='' | New='NWB-GEN-ME-SCM-1091-A'
INFO | Writing INSTANCE parameter 'NWB_DesignPkg' on element 14928811
INFO | Element 14928811 | NWB_DesignPkg | Kind=Shared Parameter | Scope=instance | Storage=String | Old='' | New='NWB-GEN-ME-SCM-1091-A'
ERROR | Element 14928811 | Category=Duct Fittings | Family= | Parameter=NWB_BuildingPermitPkg | Reason=missing | Writable sample: AHU, AHU_AreaServed, AHU_Serves, AHU_Type, AHU_ZoneNumber, Building_No, COMPLETE Y/N, Classification.OmniClass.21.Description_INSTANCE, Classification.OmniClass.21.Number_INSTANCE, Classification.OmniClass.22.Description_INSTANCE, Classification.OmniClass.22.Number_INSTANCE, Classification.OmniClass.23.Description_INSTANCE, Classification.OmniClass.23.Number_INSTANCE, Classification.UniFormat.2010.Description, Classification.UniFormat.2010.Number, Comments, Description BOM Suffix, Ductwork Insulation - Lining, Elevation from Level, Export to IFC
INFO | Candidate: NWB_WBS00 | Scope=instance | Storage=String | ReadOnly=False | Shared=True | Id=9214738
INFO | Writing INSTANCE parameter 'NWB_WBS00' on element 14928811
INFO | Element 14928811 | NWB_WBS00 | Kind=Shared Parameter | Scope=instance | Storage=String | Old='' | New='WBH'
INFO | Candidate: NWB_WBS01 | Scope=instance | Storage=String | ReadOnly=False | Shared=True | Id=9214798
INFO | Writing INSTANCE parameter 'NWB_WBS01' on element 14928811
INFO | Element 14928811 | NWB_WBS01 | Kind=Shared Parameter | Scope=instance | Storage=String | Old='' | New='HO'
INFO | Candidate: NWB_WBS02 | Scope=instance | Storage=String | ReadOnly=False | Shared=True | Id=9214786
INFO | Candidate: NWB_WBS03 | Scope=instance | Storage=String | ReadOnly=False | Shared=True | Id=9214750
INFO | Writing INSTANCE parameter 'NWB_WBS03' on element 14928811
INFO | Element 14928811 | NWB_WBS03 | Kind=Shared Parameter | Scope=instance | Storage=String | Old='' | New='Z00'
INFO | Candidate: NWB_WBS04 | Scope=instance | Storage=String | ReadOnly=False | Shared=True | Id=9214762
INFO | Writing INSTANCE parameter 'NWB_WBS04' on element 14928811
INFO | Element 14928811 | NWB_WBS04 | Kind=Shared Parameter | Scope=instance | Storage=String | Old='' | New='ME'
INFO | Candidate: NWB_WBS05 | Scope=instance | Storage=String | ReadOnly=False | Shared=True | Id=9214810
INFO | Writing INSTANCE parameter 'NWB_WBS05' on element 14928811
INFO | Element 14928811 | NWB_WBS05 | Kind=Shared Parameter | Scope=instance | Storage=String | Old='' | New='SI5'
INFO | Candidate: NWB_WBSCode | Scope=instance | Storage=String | ReadOnly=False | Shared=True | Id=9214774
INFO | Writing INSTANCE parameter 'NWB_WBSCode' on element 14928811
INFO | Element 14928811 | NWB_WBSCode | Kind=Shared Parameter | Scope=instance | Storage=String | Old='' | New='WBH-HO-09-Z00-ME-SI5'
SOURCE | Element 14928811 | Cat=Duct Fittings | Family=MHT-ME-DF-Rectangular Eccentric Taper - Flanged-01 | Type= | Level=LEVEL 09 | System=Supply Air | LinkedRoomLink= | LinkedRoomNumber= | LinkedRoomName= | LinkedRoomDept= | LinkedRoomBuilding= | LinkedRoomSite= | LinkedRoomSource= | ResolvedDept= | ResolvedBuilding= | ResolvedSite= | DisciplineHint=mechanical | AssetCandidates=duct fittings, ductwork | WBS00=WBH | WBS01=HO | WBS03=Z00 | DesignPkg=NWB-GEN-ME-SCM-1091-A | BuildingPermitPkg=WBH - BP09
WARN | Element 14928811 | Department unresolved | ExistingNWBDepartment= | ExistingWBS00= | ExistingWBS01= | ExistingDiscipline=Mechanical
ELEMENT | 14928811 | Cat=Duct Fittings | AssetScore=45 | AssetTypeCode=MDUC | AssetType=Ductwork | AssetCategory=Ductwork | Targets=NWB_AssetTypeCode=MDUC; NWB_AssetType=Ductwork; NWB_Discipline=ME; NWB_Category=Ductwork; NWB_Department=; NWB_Material=; NWB_System=Supply Air; NWB_UniclassCode=Pr_65_65_25; NWB_UniclassDescription=Ductwork and fittings; NWB_DesignPkg=NWB-GEN-ME-SCM-1091-A; NWB_BuildingPermitPkg=WBH - BP09; NWB_WBS00=WBH; NWB_WBS01=HO; NWB_WBS02=09; NWB_WBS03=Z00; NWB_WBS04=ME; NWB_WBS05=SI5; NWB_WBSCode=WBH-HO-09-Z00-ME-SI5
INFO | Candidate: NWB_AssetTypeCode | Scope=instance | Storage=String | ReadOnly=False | Shared=True | Id=7626182
INFO | Writing INSTANCE parameter 'NWB_AssetTypeCode' on element 14997729
INFO | Element 14997729 | NWB_AssetTypeCode | Kind=Shared Parameter | Scope=instance | Storage=String | Old='' | New='MDUC'
INFO | Candidate: NWB_AssetType | Scope=instance | Storage=String | ReadOnly=False | Shared=True | Id=7626181
INFO | Writing INSTANCE parameter 'NWB_AssetType' on element 14997729
INFO | Element 14997729 | NWB_AssetType | Kind=Shared Parameter | Scope=instance | Storage=String | Old='' | New='Ductwork'
INFO | Candidate: NWB_Discipline | Scope=instance | Storage=String | ReadOnly=False | Shared=True | Id=7626159
INFO | Writing INSTANCE parameter 'NWB_Discipline' on element 14997729
INFO | Element 14997729 | NWB_Discipline | Kind=Shared Parameter | Scope=instance | Storage=String | Old='Mechanical' | New='ME'
INFO | Candidate: NWB_Category | Scope=instance | Storage=String | ReadOnly=False | Shared=True | Id=7626160
INFO | Writing INSTANCE parameter 'NWB_Category' on element 14997729
INFO | Element 14997729 | NWB_Category | Kind=Shared Parameter | Scope=instance | Storage=String | Old='' | New='Ductwork'
INFO | Candidate: NWB_System | Scope=instance | Storage=String | ReadOnly=False | Shared=True | Id=7626163
INFO | Candidate: NWB_UniclassCode | Scope=instance | Storage=String | ReadOnly=False | Shared=True | Id=7626165
INFO | Writing INSTANCE parameter 'NWB_UniclassCode' on element 14997729
INFO | Element 14997729 | NWB_UniclassCode | Kind=Shared Parameter | Scope=instance | Storage=String | Old='' | New='Pr_65_65_25'
INFO | Candidate: NWB_UniclassDescription | Scope=instance | Storage=String | ReadOnly=False | Shared=True | Id=7626166
INFO | Writing INSTANCE parameter 'NWB_UniclassDescription' on element 14997729
INFO | Element 14997729 | NWB_UniclassDescription | Kind=Shared Parameter | Scope=instance | Storage=String | Old='' | New='Ductwork and fittings'
INFO | Candidate: NWB_DesignPkg | Scope=instance | Storage=String | ReadOnly=False | Shared=True | Id=7626167
INFO | Writing INSTANCE parameter 'NWB_DesignPkg' on element 14997729
INFO | Element 14997729 | NWB_DesignPkg | Kind=Shared Parameter | Scope=instance | Storage=String | Old='' | New='NWB-GEN-ME-SCM-1091-A'
ERROR | Element 14997729 | Category=Duct Fittings | Family= | Parameter=NWB_BuildingPermitPkg | Reason=missing | Writable sample: AHU, AHU_AreaServed, AHU_Serves, AHU_Type, AHU_ZoneNumber, Building_No, COMPLETE Y/N, Classification.OmniClass.21.Description_INSTANCE, Classification.OmniClass.21.Number_INSTANCE, Classification.OmniClass.22.Description_INSTANCE, Classification.OmniClass.22.Number_INSTANCE, Classification.OmniClass.23.Description_INSTANCE, Classification.OmniClass.23.Number_INSTANCE, Classification.UniFormat.2010.Description, Classification.UniFormat.2010.Number, Comments, Description BOM Suffix, Duct Diameter, Ductwork Insulation - Lining, Elevation from Level
INFO | Candidate: NWB_WBS00 | Scope=instance | Storage=String | ReadOnly=False | Shared=True | Id=9214738
INFO | Writing INSTANCE parameter 'NWB_WBS00' on element 14997729
INFO | Element 14997729 | NWB_WBS00 | Kind=Shared Parameter | Scope=instance | Storage=String | Old='' | New='WBH'
INFO | Candidate: NWB_WBS01 | Scope=instance | Storage=String | ReadOnly=False | Shared=True | Id=9214798
INFO | Writing INSTANCE parameter 'NWB_WBS01' on element 14997729
INFO | Element 14997729 | NWB_WBS01 | Kind=Shared Parameter | Scope=instance | Storage=String | Old='' | New='HO'
INFO | Candidate: NWB_WBS02 | Scope=instance | Storage=String | ReadOnly=False | Shared=True | Id=9214786
INFO | Candidate: NWB_WBS03 | Scope=instance | Storage=String | ReadOnly=False | Shared=True | Id=9214750
INFO | Writing INSTANCE parameter 'NWB_WBS03' on element 14997729
INFO | Element 14997729 | NWB_WBS03 | Kind=Shared Parameter | Scope=instance | Storage=String | Old='' | New='Z00'
INFO | Candidate: NWB_WBS04 | Scope=instance | Storage=String | ReadOnly=False | Shared=True | Id=9214762
INFO | Writing INSTANCE parameter 'NWB_WBS04' on element 14997729
INFO | Element 14997729 | NWB_WBS04 | Kind=Shared Parameter | Scope=instance | Storage=String | Old='' | New='ME'
INFO | Candidate: NWB_WBS05 | Scope=instance | Storage=String | ReadOnly=False | Shared=True | Id=9214810
INFO | Writing INSTANCE parameter 'NWB_WBS05' on element 14997729
INFO | Element 14997729 | NWB_WBS05 | Kind=Shared Parameter | Scope=instance | Storage=String | Old='' | New='SI5'
INFO | Candidate: NWB_WBSCode | Scope=instance | Storage=String | ReadOnly=False | Shared=True | Id=9214774
INFO | Writing INSTANCE parameter 'NWB_WBSCode' on element 14997729
INFO | Element 14997729 | NWB_WBSCode | Kind=Shared Parameter | Scope=instance | Storage=String | Old='' | New='WBH-HO-09-Z00-ME-SI5'
SOURCE | Element 14997729 | Cat=Duct Fittings | Family=MHT_DF_Spigot | Type= | Level=LEVEL 09 | System=Supply Air | LinkedRoomLink= | LinkedRoomNumber= | LinkedRoomName= | LinkedRoomDept= | LinkedRoomBuilding= | LinkedRoomSite= | LinkedRoomSource= | ResolvedDept= | ResolvedBuilding= | ResolvedSite= | DisciplineHint=mechanical | AssetCandidates=duct fittings, ductwork, damper, motorised damper | WBS00=WBH | WBS01=HO | WBS03=Z00 | DesignPkg=NWB-GEN-ME-SCM-1091-A | BuildingPermitPkg=WBH - BP09
WARN | Element 14997729 | Department unresolved | ExistingNWBDepartment= | ExistingWBS00= | ExistingWBS01= | ExistingDiscipline=Mechanical
ELEMENT | 14997729 | Cat=Duct Fittings | AssetScore=45 | AssetTypeCode=MDUC | AssetType=Ductwork | AssetCategory=Ductwork | Targets=NWB_AssetTypeCode=MDUC; NWB_AssetType=Ductwork; NWB_Discipline=ME; NWB_Category=Ductwork; NWB_Department=; NWB_Material=; NWB_System=Supply Air; NWB_UniclassCode=Pr_65_65_25; NWB_UniclassDescription=Ductwork and fittings; NWB_DesignPkg=NWB-GEN-ME-SCM-1091-A; NWB_BuildingPermitPkg=WBH - BP09; NWB_WBS00=WBH; NWB_WBS01=HO; NWB_WBS02=09; NWB_WBS03=Z00; NWB_WBS04=ME; NWB_WBS05=SI5; NWB_WBSCode=WBH-HO-09-Z00-ME-SI5
INFO | Candidate: NWB_AssetTypeCode | Scope=instance | Storage=String | ReadOnly=False | Shared=True | Id=3045149
INFO | Candidate: NWB_AssetTypeCode | Scope=instance | Storage=String | ReadOnly=False | Shared=True | Id=7626182
INFO | Found 2 parameters named NWB_AssetTypeCode
INFO | SELECTED | Shared Parameter | Scope=instance | ReadOnly=False | Id=3045149
INFO | SELECTED | Shared Parameter | Scope=instance | ReadOnly=False | Id=7626182
INFO | Writing INSTANCE parameter 'NWB_AssetTypeCode' on element 14997751
INFO | Element 14997751 | NWB_AssetTypeCode | Kind=Shared Parameter | Scope=instance | Storage=String | Old='' | New='MDUC'
INFO | Writing INSTANCE parameter 'NWB_AssetTypeCode' on element 14997751
INFO | Element 14997751 | NWB_AssetTypeCode | Kind=Shared Parameter | Scope=instance | Storage=String | Old='' | New='MDUC'
INFO | Candidate: NWB_AssetType | Scope=instance | Storage=String | ReadOnly=False | Shared=True | Id=3045150
INFO | Candidate: NWB_AssetType | Scope=instance | Storage=String | ReadOnly=False | Shared=True | Id=7626181
INFO | Found 2 parameters named NWB_AssetType
INFO | SELECTED | Shared Parameter | Scope=instance | ReadOnly=False | Id=3045150
INFO | SELECTED | Shared Parameter | Scope=instance | ReadOnly=False | Id=7626181
INFO | Writing INSTANCE parameter 'NWB_AssetType' on element 14997751
INFO | Element 14997751 | NWB_AssetType | Kind=Shared Parameter | Scope=instance | Storage=String | Old='' | New='Ductwork'
INFO | Writing INSTANCE parameter 'NWB_AssetType' on element 14997751
INFO | Element 14997751 | NWB_AssetType | Kind=Shared Parameter | Scope=instance | Storage=String | Old='' | New='Ductwork'
INFO | Candidate: NWB_Discipline | Scope=instance | Storage=String | ReadOnly=False | Shared=True | Id=3045151
INFO | Candidate: NWB_Discipline | Scope=instance | Storage=String | ReadOnly=False | Shared=True | Id=7626159
INFO | Found 2 parameters named NWB_Discipline
INFO | SELECTED | Shared Parameter | Scope=instance | ReadOnly=False | Id=3045151
INFO | SELECTED | Shared Parameter | Scope=instance | ReadOnly=False | Id=7626159
INFO | Writing INSTANCE parameter 'NWB_Discipline' on element 14997751
INFO | Element 14997751 | NWB_Discipline | Kind=Shared Parameter | Scope=instance | Storage=String | Old='Mechanical' | New='ME'
INFO | Writing INSTANCE parameter 'NWB_Discipline' on element 14997751
INFO | Element 14997751 | NWB_Discipline | Kind=Shared Parameter | Scope=instance | Storage=String | Old='Mechanical' | New='ME'
INFO | Candidate: NWB_Category | Scope=instance | Storage=String | ReadOnly=False | Shared=True | Id=3045152
INFO | Candidate: NWB_Category | Scope=instance | Storage=String | ReadOnly=False | Shared=True | Id=7626160
INFO | Found 2 parameters named NWB_Category
INFO | SELECTED | Shared Parameter | Scope=instance | ReadOnly=False | Id=3045152
INFO | SELECTED | Shared Parameter | Scope=instance | ReadOnly=False | Id=7626160
INFO | Writing INSTANCE parameter 'NWB_Category' on element 14997751
INFO | Element 14997751 | NWB_Category | Kind=Shared Parameter | Scope=instance | Storage=String | Old='' | New='Ductwork'
INFO | Writing INSTANCE parameter 'NWB_Category' on element 14997751
INFO | Element 14997751 | NWB_Category | Kind=Shared Parameter | Scope=instance | Storage=String | Old='' | New='Ductwork'
INFO | Candidate: NWB_System | Scope=instance | Storage=String | ReadOnly=False | Shared=True | Id=3045155
INFO | Candidate: NWB_System | Scope=instance | Storage=String | ReadOnly=False | Shared=True | Id=7626163
INFO | Found 2 parameters named NWB_System
INFO | SELECTED | Shared Parameter | Scope=instance | ReadOnly=False | Id=3045155
INFO | SELECTED | Shared Parameter | Scope=instance | ReadOnly=False | Id=7626163
INFO | Writing INSTANCE parameter 'NWB_System' on element 14997751
INFO | Element 14997751 | NWB_System | Kind=Shared Parameter | Scope=instance | Storage=String | Old='Supply Air' | New='Return Air'
INFO | Writing INSTANCE parameter 'NWB_System' on element 14997751
INFO | Element 14997751 | NWB_System | Kind=Shared Parameter | Scope=instance | Storage=String | Old='' | New='Return Air'
INFO | Candidate: NWB_UniclassCode | Scope=instance | Storage=String | ReadOnly=False | Shared=True | Id=3045156
INFO | Candidate: NWB_UniclassCode | Scope=instance | Storage=String | ReadOnly=False | Shared=True | Id=7626165
INFO | Found 2 parameters named NWB_UniclassCode
INFO | SELECTED | Shared Parameter | Scope=instance | ReadOnly=False | Id=3045156
INFO | SELECTED | Shared Parameter | Scope=instance | ReadOnly=False | Id=7626165
INFO | Writing INSTANCE parameter 'NWB_UniclassCode' on element 14997751
INFO | Element 14997751 | NWB_UniclassCode | Kind=Shared Parameter | Scope=instance | Storage=String | Old='' | New='Pr_65_65_25'
INFO | Writing INSTANCE parameter 'NWB_UniclassCode' on element 14997751
INFO | Element 14997751 | NWB_UniclassCode | Kind=Shared Parameter | Scope=instance | Storage=String | Old='' | New='Pr_65_65_25'
INFO | Candidate: NWB_UniclassDescription | Scope=instance | Storage=String | ReadOnly=False | Shared=True | Id=3045157
INFO | Candidate: NWB_UniclassDescription | Scope=instance | Storage=String | ReadOnly=False | Shared=True | Id=7626166
INFO | Found 2 parameters named NWB_UniclassDescription
INFO | SELECTED | Shared Parameter | Scope=instance | ReadOnly=False | Id=3045157
INFO | SELECTED | Shared Parameter | Scope=instance | ReadOnly=False | Id=7626166
INFO | Writing INSTANCE parameter 'NWB_UniclassDescription' on element 14997751
INFO | Element 14997751 | NWB_UniclassDescription | Kind=Shared Parameter | Scope=instance | Storage=String | Old='' | New='Ductwork and fittings'
INFO | Writing INSTANCE parameter 'NWB_UniclassDescription' on element 14997751
INFO | Element 14997751 | NWB_UniclassDescription | Kind=Shared Parameter | Scope=instance | Storage=String | Old='' | New='Ductwork and fittings'
INFO | Candidate: NWB_DesignPkg | Scope=instance | Storage=String | ReadOnly=False | Shared=True | Id=3045158
INFO | Candidate: NWB_DesignPkg | Scope=instance | Storage=String | ReadOnly=False | Shared=True | Id=7626167
INFO | Found 2 parameters named NWB_DesignPkg
INFO | SELECTED | Shared Parameter | Scope=instance | ReadOnly=False | Id=3045158
INFO | SELECTED | Shared Parameter | Scope=instance | ReadOnly=False | Id=7626167
INFO | Writing INSTANCE parameter 'NWB_DesignPkg' on element 14997751
INFO | Element 14997751 | NWB_DesignPkg | Kind=Shared Parameter | Scope=instance | Storage=String | Old='' | New='NWB-GEN-ME-SCM-1091-A'
INFO | Writing INSTANCE parameter 'NWB_DesignPkg' on element 14997751
INFO | Element 14997751 | NWB_DesignPkg | Kind=Shared Parameter | Scope=instance | Storage=String | Old='' | New='NWB-GEN-ME-SCM-1091-A'
ERROR | Element 14997751 | Category=Duct Fittings | Family= | Parameter=NWB_BuildingPermitPkg | Reason=missing | Writable sample: AHU, AHU_AreaServed, AHU_Serves, AHU_Type, AHU_ZoneNumber, Building_No, COMPLETE Y/N, Classification.OmniClass.21.Description_INSTANCE, Classification.OmniClass.21.Number_INSTANCE, Classification.OmniClass.22.Description_INSTANCE, Classification.OmniClass.22.Number_INSTANCE, Classification.OmniClass.23.Description_INSTANCE, Classification.OmniClass.23.Number_INSTANCE, Classification.UniFormat.2010.Description, Classification.UniFormat.2010.Number, Comments, Description BOM Suffix, Duct Height, Duct Width, Ductwork Insulation - Lining
INFO | Candidate: NWB_WBS00 | Scope=instance | Storage=String | ReadOnly=False | Shared=True | Id=9214738
INFO | Writing INSTANCE parameter 'NWB_WBS00' on element 14997751
INFO | Element 14997751 | NWB_WBS00 | Kind=Shared Parameter | Scope=instance | Storage=String | Old='' | New='WBH'
INFO | Candidate: NWB_WBS01 | Scope=instance | Storage=String | ReadOnly=False | Shared=True | Id=9214798
INFO | Writing INSTANCE parameter 'NWB_WBS01' on element 14997751
INFO | Element 14997751 | NWB_WBS01 | Kind=Shared Parameter | Scope=instance | Storage=String | Old='' | New='HO'
INFO | Candidate: NWB_WBS02 | Scope=instance | Storage=String | ReadOnly=False | Shared=True | Id=9214786
INFO | Candidate: NWB_WBS03 | Scope=instance | Storage=String | ReadOnly=False | Shared=True | Id=9214750
INFO | Writing INSTANCE parameter 'NWB_WBS03' on element 14997751
INFO | Element 14997751 | NWB_WBS03 | Kind=Shared Parameter | Scope=instance | Storage=String | Old='' | New='Z00'
INFO | Candidate: NWB_WBS04 | Scope=instance | Storage=String | ReadOnly=False | Shared=True | Id=9214762
INFO | Writing INSTANCE parameter 'NWB_WBS04' on element 14997751
INFO | Element 14997751 | NWB_WBS04 | Kind=Shared Parameter | Scope=instance | Storage=String | Old='' | New='ME'
INFO | Candidate: NWB_WBS05 | Scope=instance | Storage=String | ReadOnly=False | Shared=True | Id=9214810
INFO | Writing INSTANCE parameter 'NWB_WBS05' on element 14997751
INFO | Element 14997751 | NWB_WBS05 | Kind=Shared Parameter | Scope=instance | Storage=String | Old='' | New='SI5'
INFO | Candidate: NWB_WBSCode | Scope=instance | Storage=String | ReadOnly=False | Shared=True | Id=9214774
INFO | Writing INSTANCE parameter 'NWB_WBSCode' on element 14997751
INFO | Element 14997751 | NWB_WBSCode | Kind=Shared Parameter | Scope=instance | Storage=String | Old='' | New='WBH-HO-09-Z00-ME-SI5'
SOURCE | Element 14997751 | Cat=Duct Fittings | Family=MHT-ME-DF-Rectangular Short Radius Bend - Flanged | Type= | Level=LEVEL 09 | System=Return Air | LinkedRoomLink= | LinkedRoomNumber= | LinkedRoomName= | LinkedRoomDept= | LinkedRoomBuilding= | LinkedRoomSite= | LinkedRoomSource= | ResolvedDept= | ResolvedBuilding= | ResolvedSite= | DisciplineHint=mechanical | AssetCandidates=duct fittings, ductwork | WBS00=WBH | WBS01=HO | WBS03=Z00 | DesignPkg=NWB-GEN-ME-SCM-1091-A | BuildingPermitPkg=WBH - BP09
WARN | Element 14997751 | Department unresolved | ExistingNWBDepartment= | ExistingWBS00= | ExistingWBS01= | ExistingDiscipline=Mechanical
ELEMENT | 14997751 | Cat=Duct Fittings | AssetScore=45 | AssetTypeCode=MDUC | AssetType=Ductwork | AssetCategory=Ductwork | Targets=NWB_AssetTypeCode=MDUC; NWB_AssetType=Ductwork; NWB_Discipline=ME; NWB_Category=Ductwork; NWB_Department=; NWB_Material=; NWB_System=Return Air; NWB_UniclassCode=Pr_65_65_25; NWB_UniclassDescription=Ductwork and fittings; NWB_DesignPkg=NWB-GEN-ME-SCM-1091-A; NWB_BuildingPermitPkg=WBH - BP09; NWB_WBS00=WBH; NWB_WBS01=HO; NWB_WBS02=09; NWB_WBS03=Z00; NWB_WBS04=ME; NWB_WBS05=SI5; NWB_WBSCode=WBH-HO-09-Z00-ME-SI5
INFO | Candidate: NWB_AssetTypeCode | Scope=instance | Storage=String | ReadOnly=False | Shared=True | Id=7626182
INFO | Writing INSTANCE parameter 'NWB_AssetTypeCode' on element 14997753
INFO | Element 14997753 | NWB_AssetTypeCode | Kind=Shared Parameter | Scope=instance | Storage=String | Old='' | New='MDUC'
INFO | Candidate: NWB_AssetType | Scope=instance | Storage=String | ReadOnly=False | Shared=True | Id=7626181
INFO | Writing INSTANCE parameter 'NWB_AssetType' on element 14997753
INFO | Element 14997753 | NWB_AssetType | Kind=Shared Parameter | Scope=instance | Storage=String | Old='' | New='Ductwork'
INFO | Candidate: NWB_Discipline | Scope=instance | Storage=String | ReadOnly=False | Shared=True | Id=7626159
INFO | Writing INSTANCE parameter 'NWB_Discipline' on element 14997753
INFO | Element 14997753 | NWB_Discipline | Kind=Shared Parameter | Scope=instance | Storage=String | Old='Mechanical' | New='ME'
INFO | Candidate: NWB_Category | Scope=instance | Storage=String | ReadOnly=False | Shared=True | Id=7626160
INFO | Writing INSTANCE parameter 'NWB_Category' on element 14997753
INFO | Element 14997753 | NWB_Category | Kind=Shared Parameter | Scope=instance | Storage=String | Old='' | New='Ductwork'
INFO | Candidate: NWB_Department | Scope=instance | Storage=String | ReadOnly=False | Shared=True | Id=7626168
INFO | Writing INSTANCE parameter 'NWB_Department' on element 14997753
INFO | Element 14997753 | NWB_Department | Kind=Shared Parameter | Scope=instance | Storage=String | Old='' | New='Inpatient Obstetric 3'
INFO | Candidate: NWB_Material | Scope=instance | Storage=String | ReadOnly=False | Shared=True | Id=7626176
INFO | Writing INSTANCE parameter 'NWB_Material' on element 14997753
INFO | Element 14997753 | NWB_Material | Kind=Shared Parameter | Scope=instance | Storage=String | Old='' | New='9479096'
INFO | Candidate: NWB_System | Scope=instance | Storage=String | ReadOnly=False | Shared=True | Id=7626163
INFO | Writing INSTANCE parameter 'NWB_System' on element 14997753
INFO | Element 14997753 | NWB_System | Kind=Shared Parameter | Scope=instance | Storage=String | Old='Supply Air' | New='Return Air'
INFO | Candidate: NWB_UniclassCode | Scope=instance | Storage=String | ReadOnly=False | Shared=True | Id=7626165
INFO | Writing INSTANCE parameter 'NWB_UniclassCode' on element 14997753
INFO | Element 14997753 | NWB_UniclassCode | Kind=Shared Parameter | Scope=instance | Storage=String | Old='' | New='Pr_65_65_25'
INFO | Candidate: NWB_UniclassDescription | Scope=instance | Storage=String | ReadOnly=False | Shared=True | Id=7626166
INFO | Writing INSTANCE parameter 'NWB_UniclassDescription' on element 14997753
INFO | Element 14997753 | NWB_UniclassDescription | Kind=Shared Parameter | Scope=instance | Storage=String | Old='' | New='Ductwork and fittings'
INFO | Candidate: NWB_DesignPkg | Scope=instance | Storage=String | ReadOnly=False | Shared=True | Id=7626167
INFO | Writing INSTANCE parameter 'NWB_DesignPkg' on element 14997753
INFO | Element 14997753 | NWB_DesignPkg | Kind=Shared Parameter | Scope=instance | Storage=String | Old='' | New='NWB-GEN-ME-SCM-1091-A'
ERROR | Element 14997753 | Category=Duct Fittings | Family= | Parameter=NWB_BuildingPermitPkg | Reason=missing | Writable sample: AHU, AHU_AreaServed, AHU_Serves, AHU_Type, AHU_ZoneNumber, Building_No, COMPLETE Y/N, Classification.OmniClass.21.Description_INSTANCE, Classification.OmniClass.21.Number_INSTANCE, Classification.OmniClass.22.Description_INSTANCE, Classification.OmniClass.22.Number_INSTANCE, Classification.OmniClass.23.Description_INSTANCE, Classification.OmniClass.23.Number_INSTANCE, Classification.UniFormat.2010.Description, Classification.UniFormat.2010.Number, Comments, Description BOM Suffix, Duct Height1, Duct Length 1, Duct Width1
INFO | Candidate: NWB_WBS00 | Scope=instance | Storage=String | ReadOnly=False | Shared=True | Id=9214738
INFO | Writing INSTANCE parameter 'NWB_WBS00' on element 14997753
INFO | Element 14997753 | NWB_WBS00 | Kind=Shared Parameter | Scope=instance | Storage=String | Old='' | New='WBH'
INFO | Candidate: NWB_WBS01 | Scope=instance | Storage=String | ReadOnly=False | Shared=True | Id=9214798
INFO | Writing INSTANCE parameter 'NWB_WBS01' on element 14997753
INFO | Element 14997753 | NWB_WBS01 | Kind=Shared Parameter | Scope=instance | Storage=String | Old='' | New='HO'
INFO | Candidate: NWB_WBS02 | Scope=instance | Storage=String | ReadOnly=False | Shared=True | Id=9214786
INFO | Candidate: NWB_WBS03 | Scope=instance | Storage=String | ReadOnly=False | Shared=True | Id=9214750
INFO | Writing INSTANCE parameter 'NWB_WBS03' on element 14997753
INFO | Element 14997753 | NWB_WBS03 | Kind=Shared Parameter | Scope=instance | Storage=String | Old='' | New='IP3'
INFO | Candidate: NWB_WBS04 | Scope=instance | Storage=String | ReadOnly=False | Shared=True | Id=9214762
INFO | Writing INSTANCE parameter 'NWB_WBS04' on element 14997753
INFO | Element 14997753 | NWB_WBS04 | Kind=Shared Parameter | Scope=instance | Storage=String | Old='' | New='ME'
INFO | Candidate: NWB_WBS05 | Scope=instance | Storage=String | ReadOnly=False | Shared=True | Id=9214810
INFO | Writing INSTANCE parameter 'NWB_WBS05' on element 14997753
INFO | Element 14997753 | NWB_WBS05 | Kind=Shared Parameter | Scope=instance | Storage=String | Old='' | New='SI5'
INFO | Candidate: NWB_WBSCode | Scope=instance | Storage=String | ReadOnly=False | Shared=True | Id=9214774
INFO | Writing INSTANCE parameter 'NWB_WBSCode' on element 14997753
INFO | Element 14997753 | NWB_WBSCode | Kind=Shared Parameter | Scope=instance | Storage=String | Old='' | New='WBH-HO-09-IP3-ME-SI5'
SOURCE | Element 14997753 | Cat=Duct Fittings | Family=MHT-ME-DF-Square Cap-BMA | Type= | Level=LEVEL 09 | System=Return Air | LinkedRoomLink=NWB-ACD-WBH-MH-MOD-0001 | LinkedRoomNumber=IP3.11.C02 | LinkedRoomName=Corridor | LinkedRoomDept=Inpatient Obstetric 3 | LinkedRoomBuilding= | LinkedRoomSite= | LinkedRoomSource=connected:13056531:Duct Systems | ResolvedDept=Inpatient Obstetric 3 | ResolvedBuilding= | ResolvedSite= | DisciplineHint=mechanical | AssetCandidates=duct fittings, ductwork | WBS00=WBH | WBS01=HO | WBS03=IP3 | DesignPkg=NWB-GEN-ME-SCM-1091-A | BuildingPermitPkg=WBH - BP09
ELEMENT | 14997753 | Cat=Duct Fittings | AssetScore=45 | AssetTypeCode=MDUC | AssetType=Ductwork | AssetCategory=Ductwork | Targets=NWB_AssetTypeCode=MDUC; NWB_AssetType=Ductwork; NWB_Discipline=ME; NWB_Category=Ductwork; NWB_Department=Inpatient Obstetric 3; NWB_Material=9479096; NWB_System=Return Air; NWB_UniclassCode=Pr_65_65_25; NWB_UniclassDescription=Ductwork and fittings; NWB_DesignPkg=NWB-GEN-ME-SCM-1091-A; NWB_BuildingPermitPkg=WBH - BP09; NWB_WBS00=WBH; NWB_WBS01=HO; NWB_WBS02=09; NWB_WBS03=IP3; NWB_WBS04=ME; NWB_WBS05=SI5; NWB_WBSCode=WBH-HO-09-IP3-ME-SI5
INFO | Candidate: NWB_AssetTypeCode | Scope=instance | Storage=String | ReadOnly=False | Shared=True | Id=7626182
INFO | Writing INSTANCE parameter 'NWB_AssetTypeCode' on element 14997755
INFO | Element 14997755 | NWB_AssetTypeCode | Kind=Shared Parameter | Scope=instance | Storage=String | Old='' | New='MDUC'
INFO | Candidate: NWB_AssetType | Scope=instance | Storage=String | ReadOnly=False | Shared=True | Id=7626181
INFO | Writing INSTANCE parameter 'NWB_AssetType' on element 14997755
INFO | Element 14997755 | NWB_AssetType | Kind=Shared Parameter | Scope=instance | Storage=String | Old='' | New='Ductwork'
INFO | Candidate: NWB_Discipline | Scope=instance | Storage=String | ReadOnly=False | Shared=True | Id=7626159
INFO | Writing INSTANCE parameter 'NWB_Discipline' on element 14997755
INFO | Element 14997755 | NWB_Discipline | Kind=Shared Parameter | Scope=instance | Storage=String | Old='Mechanical' | New='ME'
INFO | Candidate: NWB_Category | Scope=instance | Storage=String | ReadOnly=False | Shared=True | Id=7626160
INFO | Writing INSTANCE parameter 'NWB_Category' on element 14997755
INFO | Element 14997755 | NWB_Category | Kind=Shared Parameter | Scope=instance | Storage=String | Old='' | New='Ductwork'
INFO | Candidate: NWB_System | Scope=instance | Storage=String | ReadOnly=False | Shared=True | Id=7626163
INFO | Candidate: NWB_UniclassCode | Scope=instance | Storage=String | ReadOnly=False | Shared=True | Id=7626165
INFO | Writing INSTANCE parameter 'NWB_UniclassCode' on element 14997755
INFO | Element 14997755 | NWB_UniclassCode | Kind=Shared Parameter | Scope=instance | Storage=String | Old='' | New='Pr_65_65_25'
INFO | Candidate: NWB_UniclassDescription | Scope=instance | Storage=String | ReadOnly=False | Shared=True | Id=7626166
INFO | Writing INSTANCE parameter 'NWB_UniclassDescription' on element 14997755
INFO | Element 14997755 | NWB_UniclassDescription | Kind=Shared Parameter | Scope=instance | Storage=String | Old='' | New='Ductwork and fittings'
INFO | Candidate: NWB_DesignPkg | Scope=instance | Storage=String | ReadOnly=False | Shared=True | Id=7626167
INFO | Writing INSTANCE parameter 'NWB_DesignPkg' on element 14997755
INFO | Element 14997755 | NWB_DesignPkg | Kind=Shared Parameter | Scope=instance | Storage=String | Old='' | New='NWB-GEN-ME-SCM-1091-A'
ERROR | Element 14997755 | Category=Duct Fittings | Family= | Parameter=NWB_BuildingPermitPkg | Reason=missing | Writable sample: AHU, AHU_AreaServed, AHU_Serves, AHU_Type, AHU_ZoneNumber, Building_No, COMPLETE Y/N, Classification.OmniClass.21.Description_INSTANCE, Classification.OmniClass.21.Number_INSTANCE, Classification.OmniClass.22.Description_INSTANCE, Classification.OmniClass.22.Number_INSTANCE, Classification.OmniClass.23.Description_INSTANCE, Classification.OmniClass.23.Number_INSTANCE, Classification.UniFormat.2010.Description, Classification.UniFormat.2010.Number, Comments, Description BOM Suffix, Duct Diameter, Ductwork Insulation - Lining, Elevation from Level
INFO | Candidate: NWB_WBS00 | Scope=instance | Storage=String | ReadOnly=False | Shared=True | Id=9214738
INFO | Writing INSTANCE parameter 'NWB_WBS00' on element 14997755
INFO | Element 14997755 | NWB_WBS00 | Kind=Shared Parameter | Scope=instance | Storage=String | Old='' | New='WBH'
INFO | Candidate: NWB_WBS01 | Scope=instance | Storage=String | ReadOnly=False | Shared=True | Id=9214798
INFO | Writing INSTANCE parameter 'NWB_WBS01' on element 14997755
INFO | Element 14997755 | NWB_WBS01 | Kind=Shared Parameter | Scope=instance | Storage=String | Old='' | New='HO'
INFO | Candidate: NWB_WBS02 | Scope=instance | Storage=String | ReadOnly=False | Shared=True | Id=9214786
INFO | Candidate: NWB_WBS03 | Scope=instance | Storage=String | ReadOnly=False | Shared=True | Id=9214750
INFO | Writing INSTANCE parameter 'NWB_WBS03' on element 14997755
INFO | Element 14997755 | NWB_WBS03 | Kind=Shared Parameter | Scope=instance | Storage=String | Old='' | New='Z00'
INFO | Candidate: NWB_WBS04 | Scope=instance | Storage=String | ReadOnly=False | Shared=True | Id=9214762
INFO | Writing INSTANCE parameter 'NWB_WBS04' on element 14997755
INFO | Element 14997755 | NWB_WBS04 | Kind=Shared Parameter | Scope=instance | Storage=String | Old='' | New='ME'
INFO | Candidate: NWB_WBS05 | Scope=instance | Storage=String | ReadOnly=False | Shared=True | Id=9214810
INFO | Writing INSTANCE parameter 'NWB_WBS05' on element 14997755
INFO | Element 14997755 | NWB_WBS05 | Kind=Shared Parameter | Scope=instance | Storage=String | Old='' | New='SI5'
INFO | Candidate: NWB_WBSCode | Scope=instance | Storage=String | ReadOnly=False | Shared=True | Id=9214774
INFO | Writing INSTANCE parameter 'NWB_WBSCode' on element 14997755
INFO | Element 14997755 | NWB_WBSCode | Kind=Shared Parameter | Scope=instance | Storage=String | Old='' | New='WBH-HO-09-Z00-ME-SI5'
SOURCE | Element 14997755 | Cat=Duct Fittings | Family=MHT_DF_Spigot | Type= | Level=LEVEL 09 | System=Supply Air | LinkedRoomLink= | LinkedRoomNumber= | LinkedRoomName= | LinkedRoomDept= | LinkedRoomBuilding= | LinkedRoomSite= | LinkedRoomSource= | ResolvedDept= | ResolvedBuilding= | ResolvedSite= | DisciplineHint=mechanical | AssetCandidates=duct fittings, ductwork, damper, motorised damper | WBS00=WBH | WBS01=HO | WBS03=Z00 | DesignPkg=NWB-GEN-ME-SCM-1091-A | BuildingPermitPkg=WBH - BP09
WARN | Element 14997755 | Department unresolved | ExistingNWBDepartment= | ExistingWBS00= | ExistingWBS01= | ExistingDiscipline=Mechanical
ELEMENT | 14997755 | Cat=Duct Fittings | AssetScore=45 | AssetTypeCode=MDUC | AssetType=Ductwork | AssetCategory=Ductwork | Targets=NWB_AssetTypeCode=MDUC; NWB_AssetType=Ductwork; NWB_Discipline=ME; NWB_Category=Ductwork; NWB_Department=; NWB_Material=; NWB_System=Supply Air; NWB_UniclassCode=Pr_65_65_25; NWB_UniclassDescription=Ductwork and fittings; NWB_DesignPkg=NWB-GEN-ME-SCM-1091-A; NWB_BuildingPermitPkg=WBH - BP09; NWB_WBS00=WBH; NWB_WBS01=HO; NWB_WBS02=09; NWB_WBS03=Z00; NWB_WBS04=ME; NWB_WBS05=SI5; NWB_WBSCode=WBH-HO-09-Z00-ME-SI5
INFO | Candidate: NWB_AssetTypeCode | Scope=instance | Storage=String | ReadOnly=False | Shared=True | Id=3045149
INFO | Candidate: NWB_AssetTypeCode | Scope=instance | Storage=String | ReadOnly=False | Shared=True | Id=7626182
INFO | Found 2 parameters named NWB_AssetTypeCode
INFO | SELECTED | Shared Parameter | Scope=instance | ReadOnly=False | Id=3045149
INFO | SELECTED | Shared Parameter | Scope=instance | ReadOnly=False | Id=7626182
INFO | Writing INSTANCE parameter 'NWB_AssetTypeCode' on element 15255774
INFO | Element 15255774 | NWB_AssetTypeCode | Kind=Shared Parameter | Scope=instance | Storage=String | Old='' | New='MDUC'
INFO | Writing INSTANCE parameter 'NWB_AssetTypeCode' on element 15255774
INFO | Element 15255774 | NWB_AssetTypeCode | Kind=Shared Parameter | Scope=instance | Storage=String | Old='' | New='MDUC'
INFO | Candidate: NWB_AssetType | Scope=instance | Storage=String | ReadOnly=False | Shared=True | Id=3045150
INFO | Candidate: NWB_AssetType | Scope=instance | Storage=String | ReadOnly=False | Shared=True | Id=7626181
INFO | Found 2 parameters named NWB_AssetType
INFO | SELECTED | Shared Parameter | Scope=instance | ReadOnly=False | Id=3045150
INFO | SELECTED | Shared Parameter | Scope=instance | ReadOnly=False | Id=7626181
INFO | Writing INSTANCE parameter 'NWB_AssetType' on element 15255774
INFO | Element 15255774 | NWB_AssetType | Kind=Shared Parameter | Scope=instance | Storage=String | Old='' | New='Ductwork'
INFO | Writing INSTANCE parameter 'NWB_AssetType' on element 15255774
INFO | Element 15255774 | NWB_AssetType | Kind=Shared Parameter | Scope=instance | Storage=String | Old='' | New='Ductwork'
INFO | Candidate: NWB_Discipline | Scope=instance | Storage=String | ReadOnly=False | Shared=True | Id=3045151
INFO | Candidate: NWB_Discipline | Scope=instance | Storage=String | ReadOnly=False | Shared=True | Id=7626159
INFO | Found 2 parameters named NWB_Discipline
INFO | SELECTED | Shared Parameter | Scope=instance | ReadOnly=False | Id=3045151
INFO | SELECTED | Shared Parameter | Scope=instance | ReadOnly=False | Id=7626159
INFO | Writing INSTANCE parameter 'NWB_Discipline' on element 15255774
INFO | Element 15255774 | NWB_Discipline | Kind=Shared Parameter | Scope=instance | Storage=String | Old='Mechanical' | New='ME'
INFO | Writing INSTANCE parameter 'NWB_Discipline' on element 15255774
INFO | Element 15255774 | NWB_Discipline | Kind=Shared Parameter | Scope=instance | Storage=String | Old='Mechanical' | New='ME'
INFO | Candidate: NWB_Category | Scope=instance | Storage=String | ReadOnly=False | Shared=True | Id=3045152
INFO | Candidate: NWB_Category | Scope=instance | Storage=String | ReadOnly=False | Shared=True | Id=7626160
INFO | Found 2 parameters named NWB_Category
INFO | SELECTED | Shared Parameter | Scope=instance | ReadOnly=False | Id=3045152
INFO | SELECTED | Shared Parameter | Scope=instance | ReadOnly=False | Id=7626160
INFO | Writing INSTANCE parameter 'NWB_Category' on element 15255774
INFO | Element 15255774 | NWB_Category | Kind=Shared Parameter | Scope=instance | Storage=String | Old='' | New='Ductwork'
INFO | Writing INSTANCE parameter 'NWB_Category' on element 15255774
INFO | Element 15255774 | NWB_Category | Kind=Shared Parameter | Scope=instance | Storage=String | Old='' | New='Ductwork'
INFO | Candidate: NWB_System | Scope=instance | Storage=String | ReadOnly=False | Shared=True | Id=3045155
INFO | Candidate: NWB_System | Scope=instance | Storage=String | ReadOnly=False | Shared=True | Id=7626163
INFO | Found 2 parameters named NWB_System
INFO | SELECTED | Shared Parameter | Scope=instance | ReadOnly=False | Id=3045155
INFO | SELECTED | Shared Parameter | Scope=instance | ReadOnly=False | Id=7626163
INFO | Writing INSTANCE parameter 'NWB_System' on element 15255774
INFO | Element 15255774 | NWB_System | Kind=Shared Parameter | Scope=instance | Storage=String | Old='Exhaust Air' | New='Return Air'
INFO | Writing INSTANCE parameter 'NWB_System' on element 15255774
INFO | Element 15255774 | NWB_System | Kind=Shared Parameter | Scope=instance | Storage=String | Old='' | New='Return Air'
INFO | Candidate: NWB_UniclassCode | Scope=instance | Storage=String | ReadOnly=False | Shared=True | Id=3045156
INFO | Candidate: NWB_UniclassCode | Scope=instance | Storage=String | ReadOnly=False | Shared=True | Id=7626165
INFO | Found 2 parameters named NWB_UniclassCode
INFO | SELECTED | Shared Parameter | Scope=instance | ReadOnly=False | Id=3045156
INFO | SELECTED | Shared Parameter | Scope=instance | ReadOnly=False | Id=7626165
INFO | Writing INSTANCE parameter 'NWB_UniclassCode' on element 15255774
INFO | Element 15255774 | NWB_UniclassCode | Kind=Shared Parameter | Scope=instance | Storage=String | Old='' | New='Pr_65_65_25'
INFO | Writing INSTANCE parameter 'NWB_UniclassCode' on element 15255774
INFO | Element 15255774 | NWB_UniclassCode | Kind=Shared Parameter | Scope=instance | Storage=String | Old='' | New='Pr_65_65_25'
INFO | Candidate: NWB_UniclassDescription | Scope=instance | Storage=String | ReadOnly=False | Shared=True | Id=3045157
INFO | Candidate: NWB_UniclassDescription | Scope=instance | Storage=String | ReadOnly=False | Shared=True | Id=7626166
INFO | Found 2 parameters named NWB_UniclassDescription
INFO | SELECTED | Shared Parameter | Scope=instance | ReadOnly=False | Id=3045157
INFO | SELECTED | Shared Parameter | Scope=instance | ReadOnly=False | Id=7626166
INFO | Writing INSTANCE parameter 'NWB_UniclassDescription' on element 15255774
INFO | Element 15255774 | NWB_UniclassDescription | Kind=Shared Parameter | Scope=instance | Storage=String | Old='' | New='Ductwork and fittings'
INFO | Writing INSTANCE parameter 'NWB_UniclassDescription' on element 15255774
INFO | Element 15255774 | NWB_UniclassDescription | Kind=Shared Parameter | Scope=instance | Storage=String | Old='' | New='Ductwork and fittings'
INFO | Candidate: NWB_DesignPkg | Scope=instance | Storage=String | ReadOnly=False | Shared=True | Id=3045158
INFO | Candidate: NWB_DesignPkg | Scope=instance | Storage=String | ReadOnly=False | Shared=True | Id=7626167
INFO | Found 2 parameters named NWB_DesignPkg
INFO | SELECTED | Shared Parameter | Scope=instance | ReadOnly=False | Id=3045158
INFO | SELECTED | Shared Parameter | Scope=instance | ReadOnly=False | Id=7626167
INFO | Writing INSTANCE parameter 'NWB_DesignPkg' on element 15255774
INFO | Element 15255774 | NWB_DesignPkg | Kind=Shared Parameter | Scope=instance | Storage=String | Old='' | New='NWB-GEN-ME-SCM-1091-A'
INFO | Writing INSTANCE parameter 'NWB_DesignPkg' on element 15255774
INFO | Element 15255774 | NWB_DesignPkg | Kind=Shared Parameter | Scope=instance | Storage=String | Old='' | New='NWB-GEN-ME-SCM-1091-A'
ERROR | Element 15255774 | Category=Duct Fittings | Family= | Parameter=NWB_BuildingPermitPkg | Reason=missing | Writable sample: AHU, AHU_AreaServed, AHU_Serves, AHU_Type, AHU_ZoneNumber, Building_No, COMPLETE Y/N, Classification.OmniClass.21.Description_INSTANCE, Classification.OmniClass.21.Number_INSTANCE, Classification.OmniClass.22.Description_INSTANCE, Classification.OmniClass.22.Number_INSTANCE, Classification.OmniClass.23.Description_INSTANCE, Classification.OmniClass.23.Number_INSTANCE, Classification.UniFormat.2010.Description, Classification.UniFormat.2010.Number, Comments, Description BOM Suffix, Duct Height, Duct Width, Ductwork Insulation - Lining
INFO | Candidate: NWB_WBS00 | Scope=instance | Storage=String | ReadOnly=False | Shared=True | Id=9214738
INFO | Writing INSTANCE parameter 'NWB_WBS00' on element 15255774
INFO | Element 15255774 | NWB_WBS00 | Kind=Shared Parameter | Scope=instance | Storage=String | Old='' | New='WBH'
INFO | Candidate: NWB_WBS01 | Scope=instance | Storage=String | ReadOnly=False | Shared=True | Id=9214798
INFO | Writing INSTANCE parameter 'NWB_WBS01' on element 15255774
INFO | Element 15255774 | NWB_WBS01 | Kind=Shared Parameter | Scope=instance | Storage=String | Old='' | New='HO'
INFO | Candidate: NWB_WBS02 | Scope=instance | Storage=String | ReadOnly=False | Shared=True | Id=9214786
INFO | Candidate: NWB_WBS03 | Scope=instance | Storage=String | ReadOnly=False | Shared=True | Id=9214750
INFO | Writing INSTANCE parameter 'NWB_WBS03' on element 15255774
INFO | Element 15255774 | NWB_WBS03 | Kind=Shared Parameter | Scope=instance | Storage=String | Old='' | New='Z00'
INFO | Candidate: NWB_WBS04 | Scope=instance | Storage=String | ReadOnly=False | Shared=True | Id=9214762
INFO | Writing INSTANCE parameter 'NWB_WBS04' on element 15255774
INFO | Element 15255774 | NWB_WBS04 | Kind=Shared Parameter | Scope=instance | Storage=String | Old='' | New='ME'
INFO | Candidate: NWB_WBS05 | Scope=instance | Storage=String | ReadOnly=False | Shared=True | Id=9214810
INFO | Writing INSTANCE parameter 'NWB_WBS05' on element 15255774
INFO | Element 15255774 | NWB_WBS05 | Kind=Shared Parameter | Scope=instance | Storage=String | Old='' | New='SI5'
INFO | Candidate: NWB_WBSCode | Scope=instance | Storage=String | ReadOnly=False | Shared=True | Id=9214774
INFO | Writing INSTANCE parameter 'NWB_WBSCode' on element 15255774
INFO | Element 15255774 | NWB_WBSCode | Kind=Shared Parameter | Scope=instance | Storage=String | Old='' | New='WBH-HO-09-Z00-ME-SI5'
SOURCE | Element 15255774 | Cat=Duct Fittings | Family=MHT-ME-DF-Rectangular Short Radius Bend - Flanged | Type= | Level=LEVEL 09 | System=Return Air | LinkedRoomLink= | LinkedRoomNumber= | LinkedRoomName= | LinkedRoomDept= | LinkedRoomBuilding= | LinkedRoomSite= | LinkedRoomSource= | ResolvedDept= | ResolvedBuilding= | ResolvedSite= | DisciplineHint=mechanical | AssetCandidates=duct fittings, ductwork | WBS00=WBH | WBS01=HO | WBS03=Z00 | DesignPkg=NWB-GEN-ME-SCM-1091-A | BuildingPermitPkg=WBH - BP09
WARN | Element 15255774 | Department unresolved | ExistingNWBDepartment= | ExistingWBS00= | ExistingWBS01= | ExistingDiscipline=Mechanical
ELEMENT | 15255774 | Cat=Duct Fittings | AssetScore=45 | AssetTypeCode=MDUC | AssetType=Ductwork | AssetCategory=Ductwork | Targets=NWB_AssetTypeCode=MDUC; NWB_AssetType=Ductwork; NWB_Discipline=ME; NWB_Category=Ductwork; NWB_Department=; NWB_Material=; NWB_System=Return Air; NWB_UniclassCode=Pr_65_65_25; NWB_UniclassDescription=Ductwork and fittings; NWB_DesignPkg=NWB-GEN-ME-SCM-1091-A; NWB_BuildingPermitPkg=WBH - BP09; NWB_WBS00=WBH; NWB_WBS01=HO; NWB_WBS02=09; NWB_WBS03=Z00; NWB_WBS04=ME; NWB_WBS05=SI5; NWB_WBSCode=WBH-HO-09-Z00-ME-SI5
INFO | Candidate: NWB_AssetTypeCode | Scope=instance | Storage=String | ReadOnly=False | Shared=True | Id=7626182
INFO | Writing INSTANCE parameter 'NWB_AssetTypeCode' on element 15256316
INFO | Element 15256316 | NWB_AssetTypeCode | Kind=Shared Parameter | Scope=instance | Storage=String | Old='' | New='MDUC'
INFO | Candidate: NWB_AssetType | Scope=instance | Storage=String | ReadOnly=False | Shared=True | Id=7626181
INFO | Writing INSTANCE parameter 'NWB_AssetType' on element 15256316
INFO | Element 15256316 | NWB_AssetType | Kind=Shared Parameter | Scope=instance | Storage=String | Old='' | New='Ductwork'
INFO | Candidate: NWB_Discipline | Scope=instance | Storage=String | ReadOnly=False | Shared=True | Id=7626159
INFO | Writing INSTANCE parameter 'NWB_Discipline' on element 15256316
INFO | Element 15256316 | NWB_Discipline | Kind=Shared Parameter | Scope=instance | Storage=String | Old='Mechanical' | New='ME'
INFO | Candidate: NWB_Category | Scope=instance | Storage=String | ReadOnly=False | Shared=True | Id=7626160
INFO | Writing INSTANCE parameter 'NWB_Category' on element 15256316
INFO | Element 15256316 | NWB_Category | Kind=Shared Parameter | Scope=instance | Storage=String | Old='' | New='Ductwork'
INFO | Candidate: NWB_System | Scope=instance | Storage=String | ReadOnly=False | Shared=True | Id=7626163
INFO | Candidate: NWB_UniclassCode | Scope=instance | Storage=String | ReadOnly=False | Shared=True | Id=7626165
INFO | Writing INSTANCE parameter 'NWB_UniclassCode' on element 15256316
INFO | Element 15256316 | NWB_UniclassCode | Kind=Shared Parameter | Scope=instance | Storage=String | Old='' | New='Pr_65_65_25'
INFO | Candidate: NWB_UniclassDescription | Scope=instance | Storage=String | ReadOnly=False | Shared=True | Id=7626166
INFO | Writing INSTANCE parameter 'NWB_UniclassDescription' on element 15256316
INFO | Element 15256316 | NWB_UniclassDescription | Kind=Shared Parameter | Scope=instance | Storage=String | Old='' | New='Ductwork and fittings'
INFO | Candidate: NWB_DesignPkg | Scope=instance | Storage=String | ReadOnly=False | Shared=True | Id=7626167
INFO | Writing INSTANCE parameter 'NWB_DesignPkg' on element 15256316
INFO | Element 15256316 | NWB_DesignPkg | Kind=Shared Parameter | Scope=instance | Storage=String | Old='' | New='NWB-GEN-ME-SCM-1091-A'
ERROR | Element 15256316 | Category=Duct Fittings | Family= | Parameter=NWB_BuildingPermitPkg | Reason=missing | Writable sample: AHU, AHU_AreaServed, AHU_Serves, AHU_Type, AHU_ZoneNumber, Building_No, COMPLETE Y/N, Classification.OmniClass.21.Description_INSTANCE, Classification.OmniClass.21.Number_INSTANCE, Classification.OmniClass.22.Description_INSTANCE, Classification.OmniClass.22.Number_INSTANCE, Classification.OmniClass.23.Description_INSTANCE, Classification.OmniClass.23.Number_INSTANCE, Classification.UniFormat.2010.Description, Classification.UniFormat.2010.Number, Comments, Description BOM Suffix, Duct Diameter, Ductwork Insulation - Lining, Elevation from Level
INFO | Candidate: NWB_WBS00 | Scope=instance | Storage=String | ReadOnly=False | Shared=True | Id=9214738
INFO | Writing INSTANCE parameter 'NWB_WBS00' on element 15256316
INFO | Element 15256316 | NWB_WBS00 | Kind=Shared Parameter | Scope=instance | Storage=String | Old='' | New='WBH'
INFO | Candidate: NWB_WBS01 | Scope=instance | Storage=String | ReadOnly=False | Shared=True | Id=9214798
INFO | Writing INSTANCE parameter 'NWB_WBS01' on element 15256316
INFO | Element 15256316 | NWB_WBS01 | Kind=Shared Parameter | Scope=instance | Storage=String | Old='' | New='HO'
INFO | Candidate: NWB_WBS02 | Scope=instance | Storage=String | ReadOnly=False | Shared=True | Id=9214786
INFO | Candidate: NWB_WBS03 | Scope=instance | Storage=String | ReadOnly=False | Shared=True | Id=9214750
INFO | Writing INSTANCE parameter 'NWB_WBS03' on element 15256316
INFO | Element 15256316 | NWB_WBS03 | Kind=Shared Parameter | Scope=instance | Storage=String | Old='' | New='Z00'
INFO | Candidate: NWB_WBS04 | Scope=instance | Storage=String | ReadOnly=False | Shared=True | Id=9214762
INFO | Writing INSTANCE parameter 'NWB_WBS04' on element 15256316
INFO | Element 15256316 | NWB_WBS04 | Kind=Shared Parameter | Scope=instance | Storage=String | Old='' | New='ME'
INFO | Candidate: NWB_WBS05 | Scope=instance | Storage=String | ReadOnly=False | Shared=True | Id=9214810
INFO | Writing INSTANCE parameter 'NWB_WBS05' on element 15256316
INFO | Element 15256316 | NWB_WBS05 | Kind=Shared Parameter | Scope=instance | Storage=String | Old='' | New='SI5'
INFO | Candidate: NWB_WBSCode | Scope=instance | Storage=String | ReadOnly=False | Shared=True | Id=9214774
INFO | Writing INSTANCE parameter 'NWB_WBSCode' on element 15256316
INFO | Element 15256316 | NWB_WBSCode | Kind=Shared Parameter | Scope=instance | Storage=String | Old='' | New='WBH-HO-09-Z00-ME-SI5'
SOURCE | Element 15256316 | Cat=Duct Fittings | Family=MHT_DF_Spigot | Type= | Level=LEVEL 09 | System=Return Air | LinkedRoomLink= | LinkedRoomNumber= | LinkedRoomName= | LinkedRoomDept= | LinkedRoomBuilding= | LinkedRoomSite= | LinkedRoomSource= | ResolvedDept= | ResolvedBuilding= | ResolvedSite= | DisciplineHint=mechanical | AssetCandidates=duct fittings, ductwork, damper, motorised damper | WBS00=WBH | WBS01=HO | WBS03=Z00 | DesignPkg=NWB-GEN-ME-SCM-1091-A | BuildingPermitPkg=WBH - BP09
WARN | Element 15256316 | Department unresolved | ExistingNWBDepartment= | ExistingWBS00= | ExistingWBS01= | ExistingDiscipline=Mechanical
ELEMENT | 15256316 | Cat=Duct Fittings | AssetScore=45 | AssetTypeCode=MDUC | AssetType=Ductwork | AssetCategory=Ductwork | Targets=NWB_AssetTypeCode=MDUC; NWB_AssetType=Ductwork; NWB_Discipline=ME; NWB_Category=Ductwork; NWB_Department=; NWB_Material=; NWB_System=Return Air; NWB_UniclassCode=Pr_65_65_25; NWB_UniclassDescription=Ductwork and fittings; NWB_DesignPkg=NWB-GEN-ME-SCM-1091-A; NWB_BuildingPermitPkg=WBH - BP09; NWB_WBS00=WBH; NWB_WBS01=HO; NWB_WBS02=09; NWB_WBS03=Z00; NWB_WBS04=ME; NWB_WBS05=SI5; NWB_WBSCode=WBH-HO-09-Z00-ME-SI5
INFO | Candidate: NWB_AssetTypeCode | Scope=instance | Storage=String | ReadOnly=False | Shared=True | Id=7626182
INFO | Writing INSTANCE parameter 'NWB_AssetTypeCode' on element 15267744
INFO | Element 15267744 | NWB_AssetTypeCode | Kind=Shared Parameter | Scope=instance | Storage=String | Old='MSAG' | New='MAGS'
INFO | Candidate: NWB_AssetType | Scope=instance | Storage=String | ReadOnly=False | Shared=True | Id=7626181
INFO | Writing INSTANCE parameter 'NWB_AssetType' on element 15267744
INFO | Element 15267744 | NWB_AssetType | Kind=Shared Parameter | Scope=instance | Storage=String | Old='Supply Air Grill' | New='Air Grilles'
INFO | Candidate: NWB_Discipline | Scope=instance | Storage=String | ReadOnly=False | Shared=True | Id=7626159
INFO | Writing INSTANCE parameter 'NWB_Discipline' on element 15267744
INFO | Element 15267744 | NWB_Discipline | Kind=Shared Parameter | Scope=instance | Storage=String | Old='Mechanical' | New='ME'
INFO | Candidate: NWB_Category | Scope=instance | Storage=String | ReadOnly=False | Shared=True | Id=7626160
INFO | Candidate: NWB_Department | Scope=instance | Storage=String | ReadOnly=False | Shared=True | Id=7626168
INFO | Writing INSTANCE parameter 'NWB_Department' on element 15267744
INFO | Element 15267744 | NWB_Department | Kind=Shared Parameter | Scope=instance | Storage=String | Old='' | New='High Dependency Unit'
INFO | Candidate: NWB_System | Scope=instance | Storage=String | ReadOnly=False | Shared=True | Id=7626163
INFO | Candidate: NWB_UniclassCode | Scope=instance | Storage=String | ReadOnly=False | Shared=True | Id=7626165
INFO | Candidate: NWB_UniclassDescription | Scope=instance | Storage=String | ReadOnly=False | Shared=True | Id=7626166
INFO | Writing INSTANCE parameter 'NWB_UniclassDescription' on element 15267744
INFO | Element 15267744 | NWB_UniclassDescription | Kind=Shared Parameter | Scope=instance | Storage=String | Old='' | New='Air grilles'
INFO | Candidate: NWB_DesignPkg | Scope=instance | Storage=String | ReadOnly=False | Shared=True | Id=7626167
INFO | Writing INSTANCE parameter 'NWB_DesignPkg' on element 15267744
INFO | Element 15267744 | NWB_DesignPkg | Kind=Shared Parameter | Scope=instance | Storage=String | Old='' | New='NWB-GEN-ME-SCM-1091-A'
ERROR | Element 15267744 | Category=Air Terminals | Family= | Parameter=NWB_BuildingPermitPkg | Reason=missing | Writable sample: AHU_AreaServed, AHU_Serves, AHU_Type, AHU_ZoneNumber, AQ, Building_No, COMPLETE Y/N, Classification.UniFormat.2010.Description, Classification.UniFormat.2010.Number, Comments, Elevation from Level, Export to IFC, Export to IFC As, Family, Family and Type, Flow, IFC Predefined Type, IfcGUID, Image, Legend Description
INFO | Candidate: NWB_WBS00 | Scope=instance | Storage=String | ReadOnly=True | Shared=True | Id=9214738
ERROR | Element 15267744 | Category=Air Terminals | Family= | Parameter=NWB_WBS00 | Reason=readonly | Writable sample: AHU_AreaServed, AHU_Serves, AHU_Type, AHU_ZoneNumber, AQ, Building_No, COMPLETE Y/N, Classification.UniFormat.2010.Description, Classification.UniFormat.2010.Number, Comments, Elevation from Level, Export to IFC, Export to IFC As, Family, Family and Type, Flow, IFC Predefined Type, IfcGUID, Image, Legend Description
INFO | Candidate: NWB_WBS01 | Scope=instance | Storage=String | ReadOnly=True | Shared=True | Id=9214798
ERROR | Element 15267744 | Category=Air Terminals | Family= | Parameter=NWB_WBS01 | Reason=readonly | Writable sample: AHU_AreaServed, AHU_Serves, AHU_Type, AHU_ZoneNumber, AQ, Building_No, COMPLETE Y/N, Classification.UniFormat.2010.Description, Classification.UniFormat.2010.Number, Comments, Elevation from Level, Export to IFC, Export to IFC As, Family, Family and Type, Flow, IFC Predefined Type, IfcGUID, Image, Legend Description
INFO | Candidate: NWB_WBS02 | Scope=instance | Storage=String | ReadOnly=False | Shared=True | Id=9214786
INFO | Candidate: NWB_WBS03 | Scope=instance | Storage=String | ReadOnly=False | Shared=True | Id=9214750
INFO | Writing INSTANCE parameter 'NWB_WBS03' on element 15267744
INFO | Element 15267744 | NWB_WBS03 | Kind=Shared Parameter | Scope=instance | Storage=String | Old='High Dependency Unit' | New='HDU'
INFO | Candidate: NWB_WBS04 | Scope=instance | Storage=String | ReadOnly=True | Shared=True | Id=9214762
ERROR | Element 15267744 | Category=Air Terminals | Family= | Parameter=NWB_WBS04 | Reason=readonly | Writable sample: AHU_AreaServed, AHU_Serves, AHU_Type, AHU_ZoneNumber, AQ, Building_No, COMPLETE Y/N, Classification.UniFormat.2010.Description, Classification.UniFormat.2010.Number, Comments, Elevation from Level, Export to IFC, Export to IFC As, Family, Family and Type, Flow, IFC Predefined Type, IfcGUID, Image, Legend Description
INFO | Candidate: NWB_WBS05 | Scope=instance | Storage=String | ReadOnly=True | Shared=True | Id=9214810
ERROR | Element 15267744 | Category=Air Terminals | Family= | Parameter=NWB_WBS05 | Reason=readonly | Writable sample: AHU_AreaServed, AHU_Serves, AHU_Type, AHU_ZoneNumber, AQ, Building_No, COMPLETE Y/N, Classification.UniFormat.2010.Description, Classification.UniFormat.2010.Number, Comments, Elevation from Level, Export to IFC, Export to IFC As, Family, Family and Type, Flow, IFC Predefined Type, IfcGUID, Image, Legend Description
INFO | Candidate: NWB_WBSCode | Scope=instance | Storage=String | ReadOnly=False | Shared=True | Id=9214774
INFO | Writing INSTANCE parameter 'NWB_WBSCode' on element 15267744
INFO | Element 15267744 | NWB_WBSCode | Kind=Shared Parameter | Scope=instance | Storage=String | Old='WBH-HO-09-IPG-ME-SI5' | New='WBH-HO-09-HDU-ME-SI5'
SOURCE | Element 15267744 | Cat=Air Terminals | Family=MHT_AT_S Air Diff Swirl | Type= | Level=LEVEL 09 | System=Supply Air | LinkedRoomLink=NWB-ACD-WBH-MH-MOD-0001 | LinkedRoomNumber=HDU.09.131 | LinkedRoomName=Meeting Room, 20m2 | LinkedRoomDept=High Dependency Unit | LinkedRoomBuilding= | LinkedRoomSite= | LinkedRoomSource=self | ResolvedDept=High Dependency Unit | ResolvedBuilding= | ResolvedSite= | DisciplineHint=mechanical | AssetCandidates=air terminals, air terminal | WBS00=WBH | WBS01=HO | WBS03=HDU | DesignPkg=NWB-GEN-ME-SCM-1091-A | BuildingPermitPkg=WBH - BP09
ELEMENT | 15267744 | Cat=Air Terminals | AssetScore=36 | AssetTypeCode=MAGS | AssetType=Air Grilles | AssetCategory=Air Terminal | Targets=NWB_AssetTypeCode=MAGS; NWB_AssetType=Air Grilles; NWB_Discipline=ME; NWB_Category=Air Terminal; NWB_Department=High Dependency Unit; NWB_Material=; NWB_System=Supply Air; NWB_UniclassCode=Pr_70_65_04_03; NWB_UniclassDescription=Air grilles; NWB_DesignPkg=NWB-GEN-ME-SCM-1091-A; NWB_BuildingPermitPkg=WBH - BP09; NWB_WBS00=WBH; NWB_WBS01=HO; NWB_WBS02=09; NWB_WBS03=HDU; NWB_WBS04=ME; NWB_WBS05=SI5; NWB_WBSCode=WBH-HO-09-HDU-ME-SI5
INFO | Candidate: NWB_AssetTypeCode | Scope=instance | Storage=String | ReadOnly=False | Shared=True | Id=7626182
INFO | Candidate: NWB_AssetType | Scope=instance | Storage=String | ReadOnly=False | Shared=True | Id=7626181
INFO | Candidate: NWB_Discipline | Scope=instance | Storage=String | ReadOnly=False | Shared=True | Id=7626159
INFO | Candidate: NWB_Category | Scope=instance | Storage=String | ReadOnly=False | Shared=True | Id=7626160
INFO | Candidate: NWB_System | Scope=instance | Storage=String | ReadOnly=False | Shared=True | Id=7626163
INFO | Candidate: NWB_UniclassCode | Scope=instance | Storage=String | ReadOnly=False | Shared=True | Id=7626165
INFO | Candidate: NWB_UniclassDescription | Scope=instance | Storage=String | ReadOnly=False | Shared=True | Id=7626166
INFO | Candidate: NWB_DesignPkg | Scope=instance | Storage=String | ReadOnly=False | Shared=True | Id=7626167
ERROR | Element 15267746 | Category=Ducts | Family= | Parameter=NWB_BuildingPermitPkg | Reason=missing | Writable sample: AHU, AHU_AreaServed, AHU_Serves, AHU_Type, AHU_ZoneNumber, Additional Flow, Building_No, COMPLETE Y/N, Classification.OmniClass.21.Description_INSTANCE, Classification.OmniClass.21.Number_INSTANCE, Classification.OmniClass.22.Description_INSTANCE, Classification.OmniClass.22.Number_INSTANCE, Classification.OmniClass.23.Description_INSTANCE, Classification.OmniClass.23.Number_INSTANCE, Classification.UniFormat.2010.Description, Classification.UniFormat.2010.Number, Comments, DUCT NUMBER, Description BOM Suffix, Duct Number
INFO | Candidate: NWB_WBS00 | Scope=instance | Storage=String | ReadOnly=False | Shared=True | Id=9214738
INFO | Candidate: NWB_WBS01 | Scope=instance | Storage=String | ReadOnly=False | Shared=True | Id=9214798
INFO | Candidate: NWB_WBS02 | Scope=instance | Storage=String | ReadOnly=False | Shared=True | Id=9214786
INFO | Candidate: NWB_WBS03 | Scope=instance | Storage=String | ReadOnly=False | Shared=True | Id=9214750
INFO | Candidate: NWB_WBS04 | Scope=instance | Storage=String | ReadOnly=False | Shared=True | Id=9214762
INFO | Candidate: NWB_WBS05 | Scope=instance | Storage=String | ReadOnly=False | Shared=True | Id=9214810
INFO | Writing INSTANCE parameter 'NWB_WBS05' on element 15267746
INFO | Element 15267746 | NWB_WBS05 | Kind=Shared Parameter | Scope=instance | Storage=String | Old='SP' | New='SI5'
INFO | Candidate: NWB_WBSCode | Scope=instance | Storage=String | ReadOnly=False | Shared=True | Id=9214774
INFO | Writing INSTANCE parameter 'NWB_WBSCode' on element 15267746
INFO | Element 15267746 | NWB_WBSCode | Kind=Shared Parameter | Scope=instance | Storage=String | Old='WBH-HO-09-Z00-ME-SP' | New='WBH-HO-09-Z00-ME-SI5'
SOURCE | Element 15267746 | Cat=Ducts | Family=Rectangular Duct | Type= | Level=LEVEL 09 | System=Supply Air | LinkedRoomLink= | LinkedRoomNumber= | LinkedRoomName= | LinkedRoomDept= | LinkedRoomBuilding= | LinkedRoomSite= | LinkedRoomSource= | ResolvedDept= | ResolvedBuilding= | ResolvedSite= | DisciplineHint=mechanical | AssetCandidates=ducts, ductwork | WBS00=WBH | WBS01=HO | WBS03=Z00 | DesignPkg=NWB-GEN-ME-SCM-1091-A | BuildingPermitPkg=WBH - BP09
WARN | Element 15267746 | Department unresolved | ExistingNWBDepartment= | ExistingWBS00=WBH | ExistingWBS01=HO | ExistingDiscipline=ME
ELEMENT | 15267746 | Cat=Ducts | AssetScore=45 | AssetTypeCode=MDUC | AssetType=Ductwork | AssetCategory=Ductwork | Targets=NWB_AssetTypeCode=MDUC; NWB_AssetType=Ductwork; NWB_Discipline=ME; NWB_Category=Ductwork; NWB_Department=; NWB_Material=; NWB_System=Supply Air; NWB_UniclassCode=Pr_65_65_25; NWB_UniclassDescription=Ductwork and fittings; NWB_DesignPkg=NWB-GEN-ME-SCM-1091-A; NWB_BuildingPermitPkg=WBH - BP09; NWB_WBS00=WBH; NWB_WBS01=HO; NWB_WBS02=09; NWB_WBS03=Z00; NWB_WBS04=ME; NWB_WBS05=SI5; NWB_WBSCode=WBH-HO-09-Z00-ME-SI5
INFO | Candidate: NWB_AssetTypeCode | Scope=instance | Storage=String | ReadOnly=False | Shared=True | Id=7626182
INFO | Writing INSTANCE parameter 'NWB_AssetTypeCode' on element 15267748
INFO | Element 15267748 | NWB_AssetTypeCode | Kind=Shared Parameter | Scope=instance | Storage=String | Old='' | New='MDUC'
INFO | Candidate: NWB_AssetType | Scope=instance | Storage=String | ReadOnly=False | Shared=True | Id=7626181
INFO | Writing INSTANCE parameter 'NWB_AssetType' on element 15267748
INFO | Element 15267748 | NWB_AssetType | Kind=Shared Parameter | Scope=instance | Storage=String | Old='' | New='Ductwork'
INFO | Candidate: NWB_Discipline | Scope=instance | Storage=String | ReadOnly=False | Shared=True | Id=7626159
INFO | Writing INSTANCE parameter 'NWB_Discipline' on element 15267748
INFO | Element 15267748 | NWB_Discipline | Kind=Shared Parameter | Scope=instance | Storage=String | Old='Mechanical' | New='ME'
INFO | Candidate: NWB_Category | Scope=instance | Storage=String | ReadOnly=False | Shared=True | Id=7626160
INFO | Writing INSTANCE parameter 'NWB_Category' on element 15267748
INFO | Element 15267748 | NWB_Category | Kind=Shared Parameter | Scope=instance | Storage=String | Old='' | New='Ductwork'
INFO | Candidate: NWB_Material | Scope=instance | Storage=String | ReadOnly=False | Shared=True | Id=7626176
INFO | Writing INSTANCE parameter 'NWB_Material' on element 15267748
INFO | Element 15267748 | NWB_Material | Kind=Shared Parameter | Scope=instance | Storage=String | Old='' | New='9479096'
INFO | Candidate: NWB_System | Scope=instance | Storage=String | ReadOnly=False | Shared=True | Id=7626163
INFO | Writing INSTANCE parameter 'NWB_System' on element 15267748
INFO | Element 15267748 | NWB_System | Kind=Shared Parameter | Scope=instance | Storage=String | Old='Return Air' | New='Supply Air'
INFO | Candidate: NWB_UniclassCode | Scope=instance | Storage=String | ReadOnly=False | Shared=True | Id=7626165
INFO | Writing INSTANCE parameter 'NWB_UniclassCode' on element 15267748
INFO | Element 15267748 | NWB_UniclassCode | Kind=Shared Parameter | Scope=instance | Storage=String | Old='' | New='Pr_65_65_25'
INFO | Candidate: NWB_UniclassDescription | Scope=instance | Storage=String | ReadOnly=False | Shared=True | Id=7626166
INFO | Writing INSTANCE parameter 'NWB_UniclassDescription' on element 15267748
INFO | Element 15267748 | NWB_UniclassDescription | Kind=Shared Parameter | Scope=instance | Storage=String | Old='' | New='Ductwork and fittings'
INFO | Candidate: NWB_DesignPkg | Scope=instance | Storage=String | ReadOnly=False | Shared=True | Id=7626167
INFO | Writing INSTANCE parameter 'NWB_DesignPkg' on element 15267748
INFO | Element 15267748 | NWB_DesignPkg | Kind=Shared Parameter | Scope=instance | Storage=String | Old='' | New='NWB-GEN-ME-SCM-1091-A'
ERROR | Element 15267748 | Category=Duct Fittings | Family= | Parameter=NWB_BuildingPermitPkg | Reason=missing | Writable sample: AHU, AHU_AreaServed, AHU_Serves, AHU_Type, AHU_ZoneNumber, Building_No, COMPLETE Y/N, Classification.OmniClass.21.Description_INSTANCE, Classification.OmniClass.21.Number_INSTANCE, Classification.OmniClass.22.Description_INSTANCE, Classification.OmniClass.22.Number_INSTANCE, Classification.OmniClass.23.Description_INSTANCE, Classification.OmniClass.23.Number_INSTANCE, Classification.UniFormat.2010.Description, Classification.UniFormat.2010.Number, Comments, Description BOM Suffix, Duct Height1, Duct Length 1, Duct Width1
INFO | Candidate: NWB_WBS00 | Scope=instance | Storage=String | ReadOnly=False | Shared=True | Id=9214738
INFO | Candidate: NWB_WBS01 | Scope=instance | Storage=String | ReadOnly=False | Shared=True | Id=9214798
INFO | Candidate: NWB_WBS02 | Scope=instance | Storage=String | ReadOnly=False | Shared=True | Id=9214786
INFO | Candidate: NWB_WBS03 | Scope=instance | Storage=String | ReadOnly=False | Shared=True | Id=9214750
INFO | Candidate: NWB_WBS04 | Scope=instance | Storage=String | ReadOnly=False | Shared=True | Id=9214762
INFO | Candidate: NWB_WBS05 | Scope=instance | Storage=String | ReadOnly=False | Shared=True | Id=9214810
INFO | Candidate: NWB_WBSCode | Scope=instance | Storage=String | ReadOnly=False | Shared=True | Id=9214774
SOURCE | Element 15267748 | Cat=Duct Fittings | Family=MHT-ME-DF-Square Cap-BMA | Type= | Level=LEVEL 09 | System=Supply Air | LinkedRoomLink= | LinkedRoomNumber= | LinkedRoomName= | LinkedRoomDept= | LinkedRoomBuilding= | LinkedRoomSite= | LinkedRoomSource= | ResolvedDept= | ResolvedBuilding= | ResolvedSite= | DisciplineHint=mechanical | AssetCandidates=duct fittings, ductwork | WBS00=WBH | WBS01=HO | WBS03=Z00 | DesignPkg=NWB-GEN-ME-SCM-1091-A | BuildingPermitPkg=WBH - BP09
WARN | Element 15267748 | Department unresolved | ExistingNWBDepartment= | ExistingWBS00=WBH | ExistingWBS01=HO | ExistingDiscipline=Mechanical
ELEMENT | 15267748 | Cat=Duct Fittings | AssetScore=45 | AssetTypeCode=MDUC | AssetType=Ductwork | AssetCategory=Ductwork | Targets=NWB_AssetTypeCode=MDUC; NWB_AssetType=Ductwork; NWB_Discipline=ME; NWB_Category=Ductwork; NWB_Department=; NWB_Material=9479096; NWB_System=Supply Air; NWB_UniclassCode=Pr_65_65_25; NWB_UniclassDescription=Ductwork and fittings; NWB_DesignPkg=NWB-GEN-ME-SCM-1091-A; NWB_BuildingPermitPkg=WBH - BP09; NWB_WBS00=WBH; NWB_WBS01=HO; NWB_WBS02=09; NWB_WBS03=Z00; NWB_WBS04=ME; NWB_WBS05=SI5; NWB_WBSCode=WBH-HO-09-Z00-ME-SI5
INFO | Candidate: NWB_AssetTypeCode | Scope=instance | Storage=String | ReadOnly=False | Shared=True | Id=7626182
INFO | Writing INSTANCE parameter 'NWB_AssetTypeCode' on element 15267750
INFO | Element 15267750 | NWB_AssetTypeCode | Kind=Shared Parameter | Scope=instance | Storage=String | Old='' | New='MDUC'
INFO | Candidate: NWB_AssetType | Scope=instance | Storage=String | ReadOnly=False | Shared=True | Id=7626181
INFO | Writing INSTANCE parameter 'NWB_AssetType' on element 15267750
INFO | Element 15267750 | NWB_AssetType | Kind=Shared Parameter | Scope=instance | Storage=String | Old='' | New='Ductwork'
INFO | Candidate: NWB_Discipline | Scope=instance | Storage=String | ReadOnly=False | Shared=True | Id=7626159
INFO | Writing INSTANCE parameter 'NWB_Discipline' on element 15267750
INFO | Element 15267750 | NWB_Discipline | Kind=Shared Parameter | Scope=instance | Storage=String | Old='Mechanical' | New='ME'
INFO | Candidate: NWB_Category | Scope=instance | Storage=String | ReadOnly=False | Shared=True | Id=7626160
INFO | Writing INSTANCE parameter 'NWB_Category' on element 15267750
INFO | Element 15267750 | NWB_Category | Kind=Shared Parameter | Scope=instance | Storage=String | Old='' | New='Ductwork'
INFO | Candidate: NWB_System | Scope=instance | Storage=String | ReadOnly=False | Shared=True | Id=7626163
INFO | Candidate: NWB_UniclassCode | Scope=instance | Storage=String | ReadOnly=False | Shared=True | Id=7626165
INFO | Writing INSTANCE parameter 'NWB_UniclassCode' on element 15267750
INFO | Element 15267750 | NWB_UniclassCode | Kind=Shared Parameter | Scope=instance | Storage=String | Old='' | New='Pr_65_65_25'
INFO | Candidate: NWB_UniclassDescription | Scope=instance | Storage=String | ReadOnly=False | Shared=True | Id=7626166
INFO | Writing INSTANCE parameter 'NWB_UniclassDescription' on element 15267750
INFO | Element 15267750 | NWB_UniclassDescription | Kind=Shared Parameter | Scope=instance | Storage=String | Old='' | New='Ductwork and fittings'
INFO | Candidate: NWB_DesignPkg | Scope=instance | Storage=String | ReadOnly=False | Shared=True | Id=7626167
INFO | Writing INSTANCE parameter 'NWB_DesignPkg' on element 15267750
INFO | Element 15267750 | NWB_DesignPkg | Kind=Shared Parameter | Scope=instance | Storage=String | Old='' | New='NWB-GEN-ME-SCM-1091-A'
ERROR | Element 15267750 | Category=Duct Fittings | Family= | Parameter=NWB_BuildingPermitPkg | Reason=missing | Writable sample: AHU, AHU_AreaServed, AHU_Serves, AHU_Type, AHU_ZoneNumber, AP LEFT, Building_No, COMPLETE Y/N, Classification.OmniClass.21.Description_INSTANCE, Classification.OmniClass.21.Number_INSTANCE, Classification.OmniClass.22.Description_INSTANCE, Classification.OmniClass.22.Number_INSTANCE, Classification.OmniClass.23.Description_INSTANCE, Classification.OmniClass.23.Number_INSTANCE, Classification.UniFormat.2010.Description, Classification.UniFormat.2010.Number, Comments, Description BOM Suffix, Duct Height 1, Duct Width 1
INFO | Candidate: NWB_WBS00 | Scope=instance | Storage=String | ReadOnly=False | Shared=True | Id=9214738
INFO | Candidate: NWB_WBS01 | Scope=instance | Storage=String | ReadOnly=False | Shared=True | Id=9214798
INFO | Candidate: NWB_WBS02 | Scope=instance | Storage=String | ReadOnly=False | Shared=True | Id=9214786
INFO | Candidate: NWB_WBS03 | Scope=instance | Storage=String | ReadOnly=False | Shared=True | Id=9214750
INFO | Candidate: NWB_WBS04 | Scope=instance | Storage=String | ReadOnly=False | Shared=True | Id=9214762
INFO | Candidate: NWB_WBS05 | Scope=instance | Storage=String | ReadOnly=False | Shared=True | Id=9214810
INFO | Candidate: NWB_WBSCode | Scope=instance | Storage=String | ReadOnly=False | Shared=True | Id=9214774
SOURCE | Element 15267750 | Cat=Duct Fittings | Family=Plenum Box with Filter-R1 | Type= | Level=LEVEL 09 | System=Return Air | LinkedRoomLink= | LinkedRoomNumber= | LinkedRoomName= | LinkedRoomDept= | LinkedRoomBuilding= | LinkedRoomSite= | LinkedRoomSource= | ResolvedDept= | ResolvedBuilding= | ResolvedSite= | DisciplineHint=mechanical | AssetCandidates=duct fittings, ductwork | WBS00=WBH | WBS01=HO | WBS03=Z00 | DesignPkg=NWB-GEN-ME-SCM-1091-A | BuildingPermitPkg=WBH - BP09
WARN | Element 15267750 | Department unresolved | ExistingNWBDepartment= | ExistingWBS00=WBH | ExistingWBS01=HO | ExistingDiscipline=Mechanical
ELEMENT | 15267750 | Cat=Duct Fittings | AssetScore=45 | AssetTypeCode=MDUC | AssetType=Ductwork | AssetCategory=Ductwork | Targets=NWB_AssetTypeCode=MDUC; NWB_AssetType=Ductwork; NWB_Discipline=ME; NWB_Category=Ductwork; NWB_Department=; NWB_Material=; NWB_System=Return Air; NWB_UniclassCode=Pr_65_65_25; NWB_UniclassDescription=Ductwork and fittings; NWB_DesignPkg=NWB-GEN-ME-SCM-1091-A; NWB_BuildingPermitPkg=WBH - BP09; NWB_WBS00=WBH; NWB_WBS01=HO; NWB_WBS02=09; NWB_WBS03=Z00; NWB_WBS04=ME; NWB_WBS05=SI5; NWB_WBSCode=WBH-HO-09-Z00-ME-SI5
INFO | Candidate: NWB_AssetTypeCode | Scope=instance | Storage=String | ReadOnly=False | Shared=True | Id=7626182
INFO | Writing INSTANCE parameter 'NWB_AssetTypeCode' on element 15267751
INFO | Element 15267751 | NWB_AssetTypeCode | Kind=Shared Parameter | Scope=instance | Storage=String | Old='' | New='MDUC'
INFO | Candidate: NWB_AssetType | Scope=instance | Storage=String | ReadOnly=False | Shared=True | Id=7626181
INFO | Writing INSTANCE parameter 'NWB_AssetType' on element 15267751
INFO | Element 15267751 | NWB_AssetType | Kind=Shared Parameter | Scope=instance | Storage=String | Old='' | New='Ductwork'
INFO | Candidate: NWB_Discipline | Scope=instance | Storage=String | ReadOnly=False | Shared=True | Id=7626159
INFO | Writing INSTANCE parameter 'NWB_Discipline' on element 15267751
INFO | Element 15267751 | NWB_Discipline | Kind=Shared Parameter | Scope=instance | Storage=String | Old='Mechanical' | New='ME'
INFO | Candidate: NWB_Category | Scope=instance | Storage=String | ReadOnly=False | Shared=True | Id=7626160
INFO | Writing INSTANCE parameter 'NWB_Category' on element 15267751
INFO | Element 15267751 | NWB_Category | Kind=Shared Parameter | Scope=instance | Storage=String | Old='' | New='Ductwork'
INFO | Candidate: NWB_System | Scope=instance | Storage=String | ReadOnly=False | Shared=True | Id=7626163
INFO | Writing INSTANCE parameter 'NWB_System' on element 15267751
INFO | Element 15267751 | NWB_System | Kind=Shared Parameter | Scope=instance | Storage=String | Old='' | New='Return Air'
INFO | Candidate: NWB_UniclassCode | Scope=instance | Storage=String | ReadOnly=False | Shared=True | Id=7626165
INFO | Writing INSTANCE parameter 'NWB_UniclassCode' on element 15267751
INFO | Element 15267751 | NWB_UniclassCode | Kind=Shared Parameter | Scope=instance | Storage=String | Old='' | New='Pr_65_65_25'
INFO | Candidate: NWB_UniclassDescription | Scope=instance | Storage=String | ReadOnly=False | Shared=True | Id=7626166
INFO | Writing INSTANCE parameter 'NWB_UniclassDescription' on element 15267751
INFO | Element 15267751 | NWB_UniclassDescription | Kind=Shared Parameter | Scope=instance | Storage=String | Old='' | New='Ductwork and fittings'
INFO | Candidate: NWB_DesignPkg | Scope=instance | Storage=String | ReadOnly=False | Shared=True | Id=7626167
INFO | Writing INSTANCE parameter 'NWB_DesignPkg' on element 15267751
INFO | Element 15267751 | NWB_DesignPkg | Kind=Shared Parameter | Scope=instance | Storage=String | Old='' | New='NWB-GEN-ME-SCM-1091-A'
ERROR | Element 15267751 | Category=Duct Accessories | Family= | Parameter=NWB_BuildingPermitPkg | Reason=missing | Writable sample: AHU, AHU_AreaServed, AHU_Serves, AHU_Type, AHU_ZoneNumber, AIR OFF CONNECTION, AIR ON CONNECTION, ARRANGEMENT, Building_No, COMPLETE Y/N, Classification.UniFormat.2010.Description, Classification.UniFormat.2010.Number, Comments, Description BOM Suffix, EQUIP TAG, Elevation from Level, Export to IFC, Export to IFC As, FLANGE SIZE, Family
INFO | Candidate: NWB_WBS00 | Scope=instance | Storage=String | ReadOnly=False | Shared=True | Id=9214738
INFO | Candidate: NWB_WBS01 | Scope=instance | Storage=String | ReadOnly=False | Shared=True | Id=9214798
INFO | Candidate: NWB_WBS02 | Scope=instance | Storage=String | ReadOnly=False | Shared=True | Id=9214786
INFO | Candidate: NWB_WBS03 | Scope=instance | Storage=String | ReadOnly=False | Shared=True | Id=9214750
INFO | Candidate: NWB_WBS04 | Scope=instance | Storage=String | ReadOnly=False | Shared=True | Id=9214762
INFO | Writing INSTANCE parameter 'NWB_WBS04' on element 15267751
INFO | Element 15267751 | NWB_WBS04 | Kind=Shared Parameter | Scope=instance | Storage=String | Old='HO' | New='ME'
INFO | Candidate: NWB_WBS05 | Scope=instance | Storage=String | ReadOnly=False | Shared=True | Id=9214810
INFO | Writing INSTANCE parameter 'NWB_WBS05' on element 15267751
INFO | Element 15267751 | NWB_WBS05 | Kind=Shared Parameter | Scope=instance | Storage=String | Old='S15' | New='SI5'
INFO | Candidate: NWB_WBSCode | Scope=instance | Storage=String | ReadOnly=False | Shared=True | Id=9214774
SOURCE | Element 15267751 | Cat=Duct Accessories | Family=VOLUME CONTROL DAMPER SQUARE | Type= | Level=LEVEL 09 | System=Return Air | LinkedRoomLink= | LinkedRoomNumber= | LinkedRoomName= | LinkedRoomDept= | LinkedRoomBuilding= | LinkedRoomSite= | LinkedRoomSource= | ResolvedDept= | ResolvedBuilding= | ResolvedSite= | DisciplineHint=mechanical | AssetCandidates=duct accessories, ductwork | WBS00=WBH | WBS01=HO | WBS03=Z00 | DesignPkg=NWB-GEN-ME-SCM-1091-A | BuildingPermitPkg=WBH - BP09
WARN | Element 15267751 | Department unresolved | ExistingNWBDepartment= | ExistingWBS00=WBH | ExistingWBS01=HO | ExistingDiscipline=Mechanical
ELEMENT | 15267751 | Cat=Duct Accessories | AssetScore=45 | AssetTypeCode=MDUC | AssetType=Ductwork | AssetCategory=Ductwork | Targets=NWB_AssetTypeCode=MDUC; NWB_AssetType=Ductwork; NWB_Discipline=ME; NWB_Category=Ductwork; NWB_Department=; NWB_Material=; NWB_System=Return Air; NWB_UniclassCode=Pr_65_65_25; NWB_UniclassDescription=Ductwork and fittings; NWB_DesignPkg=NWB-GEN-ME-SCM-1091-A; NWB_BuildingPermitPkg=WBH - BP09; NWB_WBS00=WBH; NWB_WBS01=HO; NWB_WBS02=09; NWB_WBS03=Z00; NWB_WBS04=ME; NWB_WBS05=SI5; NWB_WBSCode=WBH-HO-09-Z00-ME-SI5
INFO | Candidate: NWB_AssetTypeCode | Scope=instance | Storage=String | ReadOnly=False | Shared=True | Id=7626182
INFO | Writing INSTANCE parameter 'NWB_AssetTypeCode' on element 15267752
INFO | Element 15267752 | NWB_AssetTypeCode | Kind=Shared Parameter | Scope=instance | Storage=String | Old='' | New='MDUC'
INFO | Candidate: NWB_AssetType | Scope=instance | Storage=String | ReadOnly=False | Shared=True | Id=7626181
INFO | Writing INSTANCE parameter 'NWB_AssetType' on element 15267752
INFO | Element 15267752 | NWB_AssetType | Kind=Shared Parameter | Scope=instance | Storage=String | Old='' | New='Ductwork'
INFO | Candidate: NWB_Discipline | Scope=instance | Storage=String | ReadOnly=False | Shared=True | Id=7626159
INFO | Writing INSTANCE parameter 'NWB_Discipline' on element 15267752
INFO | Element 15267752 | NWB_Discipline | Kind=Shared Parameter | Scope=instance | Storage=String | Old='Mechanical' | New='ME'
INFO | Candidate: NWB_Category | Scope=instance | Storage=String | ReadOnly=False | Shared=True | Id=7626160
INFO | Writing INSTANCE parameter 'NWB_Category' on element 15267752
INFO | Element 15267752 | NWB_Category | Kind=Shared Parameter | Scope=instance | Storage=String | Old='' | New='Ductwork'
INFO | Candidate: NWB_System | Scope=instance | Storage=String | ReadOnly=False | Shared=True | Id=7626163
INFO | Writing INSTANCE parameter 'NWB_System' on element 15267752
INFO | Element 15267752 | NWB_System | Kind=Shared Parameter | Scope=instance | Storage=String | Old='Supply Air' | New='Return Air'
INFO | Candidate: NWB_UniclassCode | Scope=instance | Storage=String | ReadOnly=False | Shared=True | Id=7626165
INFO | Writing INSTANCE parameter 'NWB_UniclassCode' on element 15267752
INFO | Element 15267752 | NWB_UniclassCode | Kind=Shared Parameter | Scope=instance | Storage=String | Old='' | New='Pr_65_65_25'
INFO | Candidate: NWB_UniclassDescription | Scope=instance | Storage=String | ReadOnly=False | Shared=True | Id=7626166
INFO | Writing INSTANCE parameter 'NWB_UniclassDescription' on element 15267752
INFO | Element 15267752 | NWB_UniclassDescription | Kind=Shared Parameter | Scope=instance | Storage=String | Old='' | New='Ductwork and fittings'
INFO | Candidate: NWB_DesignPkg | Scope=instance | Storage=String | ReadOnly=False | Shared=True | Id=7626167
INFO | Writing INSTANCE parameter 'NWB_DesignPkg' on element 15267752
INFO | Element 15267752 | NWB_DesignPkg | Kind=Shared Parameter | Scope=instance | Storage=String | Old='' | New='NWB-GEN-ME-SCM-1091-A'
ERROR | Element 15267752 | Category=Duct Fittings | Family= | Parameter=NWB_BuildingPermitPkg | Reason=missing | Writable sample: AHU, AHU_AreaServed, AHU_Serves, AHU_Type, AHU_ZoneNumber, Building_No, COMPLETE Y/N, Classification.OmniClass.21.Description_INSTANCE, Classification.OmniClass.21.Number_INSTANCE, Classification.OmniClass.22.Description_INSTANCE, Classification.OmniClass.22.Number_INSTANCE, Classification.OmniClass.23.Description_INSTANCE, Classification.OmniClass.23.Number_INSTANCE, Classification.UniFormat.2010.Description, Classification.UniFormat.2010.Number, Comments, Description BOM Suffix, Ductwork Insulation - Lining, Elevation from Level, Export to IFC
INFO | Candidate: NWB_WBS00 | Scope=instance | Storage=String | ReadOnly=False | Shared=True | Id=9214738
INFO | Candidate: NWB_WBS01 | Scope=instance | Storage=String | ReadOnly=False | Shared=True | Id=9214798
INFO | Candidate: NWB_WBS02 | Scope=instance | Storage=String | ReadOnly=False | Shared=True | Id=9214786
INFO | Candidate: NWB_WBS03 | Scope=instance | Storage=String | ReadOnly=False | Shared=True | Id=9214750
INFO | Candidate: NWB_WBS04 | Scope=instance | Storage=String | ReadOnly=False | Shared=True | Id=9214762
INFO | Candidate: NWB_WBS05 | Scope=instance | Storage=String | ReadOnly=False | Shared=True | Id=9214810
INFO | Candidate: NWB_WBSCode | Scope=instance | Storage=String | ReadOnly=False | Shared=True | Id=9214774
SOURCE | Element 15267752 | Cat=Duct Fittings | Family=M_Rectangular_Transition_Angle | Type= | Level=LEVEL 09 | System=Return Air | LinkedRoomLink= | LinkedRoomNumber= | LinkedRoomName= | LinkedRoomDept= | LinkedRoomBuilding= | LinkedRoomSite= | LinkedRoomSource= | ResolvedDept= | ResolvedBuilding= | ResolvedSite= | DisciplineHint=mechanical | AssetCandidates=duct fittings, ductwork | WBS00=WBH | WBS01=HO | WBS03=Z00 | DesignPkg=NWB-GEN-ME-SCM-1091-A | BuildingPermitPkg=WBH - BP09
WARN | Element 15267752 | Department unresolved | ExistingNWBDepartment= | ExistingWBS00=WBH | ExistingWBS01=HO | ExistingDiscipline=Mechanical
ELEMENT | 15267752 | Cat=Duct Fittings | AssetScore=45 | AssetTypeCode=MDUC | AssetType=Ductwork | AssetCategory=Ductwork | Targets=NWB_AssetTypeCode=MDUC; NWB_AssetType=Ductwork; NWB_Discipline=ME; NWB_Category=Ductwork; NWB_Department=; NWB_Material=; NWB_System=Return Air; NWB_UniclassCode=Pr_65_65_25; NWB_UniclassDescription=Ductwork and fittings; NWB_DesignPkg=NWB-GEN-ME-SCM-1091-A; NWB_BuildingPermitPkg=WBH - BP09; NWB_WBS00=WBH; NWB_WBS01=HO; NWB_WBS02=09; NWB_WBS03=Z00; NWB_WBS04=ME; NWB_WBS05=SI5; NWB_WBSCode=WBH-HO-09-Z00-ME-SI5
INFO | Candidate: NWB_AssetTypeCode | Scope=instance | Storage=String | ReadOnly=False | Shared=True | Id=7626182
INFO | Writing INSTANCE parameter 'NWB_AssetTypeCode' on element 15267753
INFO | Element 15267753 | NWB_AssetTypeCode | Kind=Shared Parameter | Scope=instance | Storage=String | Old='' | New='MDUC'
INFO | Candidate: NWB_AssetType | Scope=instance | Storage=String | ReadOnly=False | Shared=True | Id=7626181
INFO | Writing INSTANCE parameter 'NWB_AssetType' on element 15267753
INFO | Element 15267753 | NWB_AssetType | Kind=Shared Parameter | Scope=instance | Storage=String | Old='' | New='Ductwork'
INFO | Candidate: NWB_Discipline | Scope=instance | Storage=String | ReadOnly=False | Shared=True | Id=7626159
INFO | Writing INSTANCE parameter 'NWB_Discipline' on element 15267753
INFO | Element 15267753 | NWB_Discipline | Kind=Shared Parameter | Scope=instance | Storage=String | Old='Mechanical' | New='ME'
INFO | Candidate: NWB_Category | Scope=instance | Storage=String | ReadOnly=False | Shared=True | Id=7626160
INFO | Writing INSTANCE parameter 'NWB_Category' on element 15267753
INFO | Element 15267753 | NWB_Category | Kind=Shared Parameter | Scope=instance | Storage=String | Old='' | New='Ductwork'
INFO | Candidate: NWB_System | Scope=instance | Storage=String | ReadOnly=False | Shared=True | Id=7626163
INFO | Candidate: NWB_UniclassCode | Scope=instance | Storage=String | ReadOnly=False | Shared=True | Id=7626165
INFO | Writing INSTANCE parameter 'NWB_UniclassCode' on element 15267753
INFO | Element 15267753 | NWB_UniclassCode | Kind=Shared Parameter | Scope=instance | Storage=String | Old='' | New='Pr_65_65_25'
INFO | Candidate: NWB_UniclassDescription | Scope=instance | Storage=String | ReadOnly=False | Shared=True | Id=7626166
INFO | Writing INSTANCE parameter 'NWB_UniclassDescription' on element 15267753
INFO | Element 15267753 | NWB_UniclassDescription | Kind=Shared Parameter | Scope=instance | Storage=String | Old='' | New='Ductwork and fittings'
INFO | Candidate: NWB_DesignPkg | Scope=instance | Storage=String | ReadOnly=False | Shared=True | Id=7626167
INFO | Writing INSTANCE parameter 'NWB_DesignPkg' on element 15267753
INFO | Element 15267753 | NWB_DesignPkg | Kind=Shared Parameter | Scope=instance | Storage=String | Old='' | New='NWB-GEN-ME-SCM-1091-A'
ERROR | Element 15267753 | Category=Duct Fittings | Family= | Parameter=NWB_BuildingPermitPkg | Reason=missing | Writable sample: AHU, AHU_AreaServed, AHU_Serves, AHU_Type, AHU_ZoneNumber, Building_No, COMPLETE Y/N, Classification.OmniClass.21.Description_INSTANCE, Classification.OmniClass.21.Number_INSTANCE, Classification.OmniClass.22.Description_INSTANCE, Classification.OmniClass.22.Number_INSTANCE, Classification.OmniClass.23.Description_INSTANCE, Classification.OmniClass.23.Number_INSTANCE, Classification.UniFormat.2010.Description, Classification.UniFormat.2010.Number, Comments, Description BOM Suffix, Ductwork Insulation - Lining, Elevation from Level, Export to IFC
INFO | Candidate: NWB_WBS00 | Scope=instance | Storage=String | ReadOnly=False | Shared=True | Id=9214738
INFO | Candidate: NWB_WBS01 | Scope=instance | Storage=String | ReadOnly=False | Shared=True | Id=9214798
INFO | Candidate: NWB_WBS02 | Scope=instance | Storage=String | ReadOnly=False | Shared=True | Id=9214786
INFO | Candidate: NWB_WBS03 | Scope=instance | Storage=String | ReadOnly=False | Shared=True | Id=9214750
INFO | Candidate: NWB_WBS04 | Scope=instance | Storage=String | ReadOnly=False | Shared=True | Id=9214762
INFO | Candidate: NWB_WBS05 | Scope=instance | Storage=String | ReadOnly=False | Shared=True | Id=9214810
INFO | Candidate: NWB_WBSCode | Scope=instance | Storage=String | ReadOnly=False | Shared=True | Id=9214774
SOURCE | Element 15267753 | Cat=Duct Fittings | Family=M_Rectangular_Transition_Angle | Type= | Level=LEVEL 09 | System=Return Air | LinkedRoomLink= | LinkedRoomNumber= | LinkedRoomName= | LinkedRoomDept= | LinkedRoomBuilding= | LinkedRoomSite= | LinkedRoomSource= | ResolvedDept= | ResolvedBuilding= | ResolvedSite= | DisciplineHint=mechanical | AssetCandidates=duct fittings, ductwork | WBS00=WBH | WBS01=HO | WBS03=Z00 | DesignPkg=NWB-GEN-ME-SCM-1091-A | BuildingPermitPkg=WBH - BP09
WARN | Element 15267753 | Department unresolved | ExistingNWBDepartment= | ExistingWBS00=WBH | ExistingWBS01=HO | ExistingDiscipline=Mechanical
ELEMENT | 15267753 | Cat=Duct Fittings | AssetScore=45 | AssetTypeCode=MDUC | AssetType=Ductwork | AssetCategory=Ductwork | Targets=NWB_AssetTypeCode=MDUC; NWB_AssetType=Ductwork; NWB_Discipline=ME; NWB_Category=Ductwork; NWB_Department=; NWB_Material=; NWB_System=Return Air; NWB_UniclassCode=Pr_65_65_25; NWB_UniclassDescription=Ductwork and fittings; NWB_DesignPkg=NWB-GEN-ME-SCM-1091-A; NWB_BuildingPermitPkg=WBH - BP09; NWB_WBS00=WBH; NWB_WBS01=HO; NWB_WBS02=09; NWB_WBS03=Z00; NWB_WBS04=ME; NWB_WBS05=SI5; NWB_WBSCode=WBH-HO-09-Z00-ME-SI5
INFO | Candidate: NWB_AssetTypeCode | Scope=instance | Storage=String | ReadOnly=False | Shared=True | Id=7626182
INFO | Writing INSTANCE parameter 'NWB_AssetTypeCode' on element 15267754
INFO | Element 15267754 | NWB_AssetTypeCode | Kind=Shared Parameter | Scope=instance | Storage=String | Old='' | New='MDUC'
INFO | Candidate: NWB_AssetType | Scope=instance | Storage=String | ReadOnly=False | Shared=True | Id=7626181
INFO | Writing INSTANCE parameter 'NWB_AssetType' on element 15267754
INFO | Element 15267754 | NWB_AssetType | Kind=Shared Parameter | Scope=instance | Storage=String | Old='' | New='Ductwork'
INFO | Candidate: NWB_Discipline | Scope=instance | Storage=String | ReadOnly=False | Shared=True | Id=7626159
INFO | Writing INSTANCE parameter 'NWB_Discipline' on element 15267754
INFO | Element 15267754 | NWB_Discipline | Kind=Shared Parameter | Scope=instance | Storage=String | Old='Mechanical' | New='ME'
INFO | Candidate: NWB_Category | Scope=instance | Storage=String | ReadOnly=False | Shared=True | Id=7626160
INFO | Writing INSTANCE parameter 'NWB_Category' on element 15267754
INFO | Element 15267754 | NWB_Category | Kind=Shared Parameter | Scope=instance | Storage=String | Old='' | New='Ductwork'
INFO | Candidate: NWB_System | Scope=instance | Storage=String | ReadOnly=False | Shared=True | Id=7626163
INFO | Writing INSTANCE parameter 'NWB_System' on element 15267754
INFO | Element 15267754 | NWB_System | Kind=Shared Parameter | Scope=instance | Storage=String | Old='' | New='Supply Air'
INFO | Candidate: NWB_UniclassCode | Scope=instance | Storage=String | ReadOnly=False | Shared=True | Id=7626165
INFO | Writing INSTANCE parameter 'NWB_UniclassCode' on element 15267754
INFO | Element 15267754 | NWB_UniclassCode | Kind=Shared Parameter | Scope=instance | Storage=String | Old='' | New='Pr_65_65_25'
INFO | Candidate: NWB_UniclassDescription | Scope=instance | Storage=String | ReadOnly=False | Shared=True | Id=7626166
INFO | Writing INSTANCE parameter 'NWB_UniclassDescription' on element 15267754
INFO | Element 15267754 | NWB_UniclassDescription | Kind=Shared Parameter | Scope=instance | Storage=String | Old='' | New='Ductwork and fittings'
INFO | Candidate: NWB_DesignPkg | Scope=instance | Storage=String | ReadOnly=False | Shared=True | Id=7626167
INFO | Writing INSTANCE parameter 'NWB_DesignPkg' on element 15267754
INFO | Element 15267754 | NWB_DesignPkg | Kind=Shared Parameter | Scope=instance | Storage=String | Old='' | New='NWB-GEN-ME-SCM-1091-A'
ERROR | Element 15267754 | Category=Duct Accessories | Family= | Parameter=NWB_BuildingPermitPkg | Reason=missing | Writable sample: AHU, AHU_AreaServed, AHU_Serves, AHU_Type, AHU_ZoneNumber, AIR OFF CONNECTION, AIR ON CONNECTION, ARRANGEMENT, Building_No, COMPLETE Y/N, Classification.UniFormat.2010.Description, Classification.UniFormat.2010.Number, Comments, Description BOM Suffix, EQUIP TAG, Elevation from Level, Export to IFC, Export to IFC As, FLANGE SIZE, Family
INFO | Candidate: NWB_WBS00 | Scope=instance | Storage=String | ReadOnly=False | Shared=True | Id=9214738
INFO | Candidate: NWB_WBS01 | Scope=instance | Storage=String | ReadOnly=False | Shared=True | Id=9214798
INFO | Candidate: NWB_WBS02 | Scope=instance | Storage=String | ReadOnly=False | Shared=True | Id=9214786
INFO | Candidate: NWB_WBS03 | Scope=instance | Storage=String | ReadOnly=False | Shared=True | Id=9214750
INFO | Candidate: NWB_WBS04 | Scope=instance | Storage=String | ReadOnly=False | Shared=True | Id=9214762
INFO | Writing INSTANCE parameter 'NWB_WBS04' on element 15267754
INFO | Element 15267754 | NWB_WBS04 | Kind=Shared Parameter | Scope=instance | Storage=String | Old='HO' | New='ME'
INFO | Candidate: NWB_WBS05 | Scope=instance | Storage=String | ReadOnly=False | Shared=True | Id=9214810
INFO | Writing INSTANCE parameter 'NWB_WBS05' on element 15267754
INFO | Element 15267754 | NWB_WBS05 | Kind=Shared Parameter | Scope=instance | Storage=String | Old='S15' | New='SI5'
INFO | Candidate: NWB_WBSCode | Scope=instance | Storage=String | ReadOnly=False | Shared=True | Id=9214774
SOURCE | Element 15267754 | Cat=Duct Accessories | Family=VOLUME CONTROL DAMPER SQUARE | Type= | Level=LEVEL 09 | System=Supply Air | LinkedRoomLink= | LinkedRoomNumber= | LinkedRoomName= | LinkedRoomDept= | LinkedRoomBuilding= | LinkedRoomSite= | LinkedRoomSource= | ResolvedDept= | ResolvedBuilding= | ResolvedSite= | DisciplineHint=mechanical | AssetCandidates=duct accessories, ductwork | WBS00=WBH | WBS01=HO | WBS03=Z00 | DesignPkg=NWB-GEN-ME-SCM-1091-A | BuildingPermitPkg=WBH - BP09
WARN | Element 15267754 | Department unresolved | ExistingNWBDepartment= | ExistingWBS00=WBH | ExistingWBS01=HO | ExistingDiscipline=Mechanical
ELEMENT | 15267754 | Cat=Duct Accessories | AssetScore=45 | AssetTypeCode=MDUC | AssetType=Ductwork | AssetCategory=Ductwork | Targets=NWB_AssetTypeCode=MDUC; NWB_AssetType=Ductwork; NWB_Discipline=ME; NWB_Category=Ductwork; NWB_Department=; NWB_Material=; NWB_System=Supply Air; NWB_UniclassCode=Pr_65_65_25; NWB_UniclassDescription=Ductwork and fittings; NWB_DesignPkg=NWB-GEN-ME-SCM-1091-A; NWB_BuildingPermitPkg=WBH - BP09; NWB_WBS00=WBH; NWB_WBS01=HO; NWB_WBS02=09; NWB_WBS03=Z00; NWB_WBS04=ME; NWB_WBS05=SI5; NWB_WBSCode=WBH-HO-09-Z00-ME-SI5
INFO | Candidate: NWB_AssetTypeCode | Scope=instance | Storage=String | ReadOnly=False | Shared=True | Id=7626182
INFO | Writing INSTANCE parameter 'NWB_AssetTypeCode' on element 15267755
INFO | Element 15267755 | NWB_AssetTypeCode | Kind=Shared Parameter | Scope=instance | Storage=String | Old='' | New='MDUC'
INFO | Candidate: NWB_AssetType | Scope=instance | Storage=String | ReadOnly=False | Shared=True | Id=7626181
INFO | Writing INSTANCE parameter 'NWB_AssetType' on element 15267755
INFO | Element 15267755 | NWB_AssetType | Kind=Shared Parameter | Scope=instance | Storage=String | Old='' | New='Ductwork'
INFO | Candidate: NWB_Discipline | Scope=instance | Storage=String | ReadOnly=False | Shared=True | Id=7626159
INFO | Writing INSTANCE parameter 'NWB_Discipline' on element 15267755
INFO | Element 15267755 | NWB_Discipline | Kind=Shared Parameter | Scope=instance | Storage=String | Old='Mechanical' | New='ME'
INFO | Candidate: NWB_Category | Scope=instance | Storage=String | ReadOnly=False | Shared=True | Id=7626160
INFO | Writing INSTANCE parameter 'NWB_Category' on element 15267755
INFO | Element 15267755 | NWB_Category | Kind=Shared Parameter | Scope=instance | Storage=String | Old='' | New='Ductwork'
INFO | Candidate: NWB_System | Scope=instance | Storage=String | ReadOnly=False | Shared=True | Id=7626163
INFO | Candidate: NWB_UniclassCode | Scope=instance | Storage=String | ReadOnly=False | Shared=True | Id=7626165
INFO | Writing INSTANCE parameter 'NWB_UniclassCode' on element 15267755
INFO | Element 15267755 | NWB_UniclassCode | Kind=Shared Parameter | Scope=instance | Storage=String | Old='' | New='Pr_65_65_25'
INFO | Candidate: NWB_UniclassDescription | Scope=instance | Storage=String | ReadOnly=False | Shared=True | Id=7626166
INFO | Writing INSTANCE parameter 'NWB_UniclassDescription' on element 15267755
INFO | Element 15267755 | NWB_UniclassDescription | Kind=Shared Parameter | Scope=instance | Storage=String | Old='' | New='Ductwork and fittings'
INFO | Candidate: NWB_DesignPkg | Scope=instance | Storage=String | ReadOnly=False | Shared=True | Id=7626167
INFO | Writing INSTANCE parameter 'NWB_DesignPkg' on element 15267755
INFO | Element 15267755 | NWB_DesignPkg | Kind=Shared Parameter | Scope=instance | Storage=String | Old='' | New='NWB-GEN-ME-SCM-1091-A'
ERROR | Element 15267755 | Category=Duct Fittings | Family= | Parameter=NWB_BuildingPermitPkg | Reason=missing | Writable sample: AHU, AHU_AreaServed, AHU_Serves, AHU_Type, AHU_ZoneNumber, Building_No, COMPLETE Y/N, Classification.OmniClass.21.Description_INSTANCE, Classification.OmniClass.21.Number_INSTANCE, Classification.OmniClass.22.Description_INSTANCE, Classification.OmniClass.22.Number_INSTANCE, Classification.OmniClass.23.Description_INSTANCE, Classification.OmniClass.23.Number_INSTANCE, Classification.UniFormat.2010.Description, Classification.UniFormat.2010.Number, Comments, Description BOM Suffix, Ductwork Insulation - Lining, Elevation from Level, Export to IFC
INFO | Candidate: NWB_WBS00 | Scope=instance | Storage=String | ReadOnly=False | Shared=True | Id=9214738
INFO | Candidate: NWB_WBS01 | Scope=instance | Storage=String | ReadOnly=False | Shared=True | Id=9214798
INFO | Candidate: NWB_WBS02 | Scope=instance | Storage=String | ReadOnly=False | Shared=True | Id=9214786
INFO | Candidate: NWB_WBS03 | Scope=instance | Storage=String | ReadOnly=False | Shared=True | Id=9214750
INFO | Candidate: NWB_WBS04 | Scope=instance | Storage=String | ReadOnly=False | Shared=True | Id=9214762
INFO | Candidate: NWB_WBS05 | Scope=instance | Storage=String | ReadOnly=False | Shared=True | Id=9214810
INFO | Candidate: NWB_WBSCode | Scope=instance | Storage=String | ReadOnly=False | Shared=True | Id=9214774
SOURCE | Element 15267755 | Cat=Duct Fittings | Family=M_Rectangular_Transition_Angle | Type= | Level=LEVEL 09 | System=Return Air | LinkedRoomLink= | LinkedRoomNumber= | LinkedRoomName= | LinkedRoomDept= | LinkedRoomBuilding= | LinkedRoomSite= | LinkedRoomSource= | ResolvedDept= | ResolvedBuilding= | ResolvedSite= | DisciplineHint=mechanical | AssetCandidates=duct fittings, ductwork | WBS00=WBH | WBS01=HO | WBS03=Z00 | DesignPkg=NWB-GEN-ME-SCM-1091-A | BuildingPermitPkg=WBH - BP09
WARN | Element 15267755 | Department unresolved | ExistingNWBDepartment= | ExistingWBS00=WBH | ExistingWBS01=HO | ExistingDiscipline=Mechanical
ELEMENT | 15267755 | Cat=Duct Fittings | AssetScore=45 | AssetTypeCode=MDUC | AssetType=Ductwork | AssetCategory=Ductwork | Targets=NWB_AssetTypeCode=MDUC; NWB_AssetType=Ductwork; NWB_Discipline=ME; NWB_Category=Ductwork; NWB_Department=; NWB_Material=; NWB_System=Return Air; NWB_UniclassCode=Pr_65_65_25; NWB_UniclassDescription=Ductwork and fittings; NWB_DesignPkg=NWB-GEN-ME-SCM-1091-A; NWB_BuildingPermitPkg=WBH - BP09; NWB_WBS00=WBH; NWB_WBS01=HO; NWB_WBS02=09; NWB_WBS03=Z00; NWB_WBS04=ME; NWB_WBS05=SI5; NWB_WBSCode=WBH-HO-09-Z00-ME-SI5
INFO | Candidate: NWB_AssetTypeCode | Scope=instance | Storage=String | ReadOnly=False | Shared=True | Id=7626182
INFO | Writing INSTANCE parameter 'NWB_AssetTypeCode' on element 15267756
INFO | Element 15267756 | NWB_AssetTypeCode | Kind=Shared Parameter | Scope=instance | Storage=String | Old='' | New='MDUC'
INFO | Candidate: NWB_AssetType | Scope=instance | Storage=String | ReadOnly=False | Shared=True | Id=7626181
INFO | Writing INSTANCE parameter 'NWB_AssetType' on element 15267756
INFO | Element 15267756 | NWB_AssetType | Kind=Shared Parameter | Scope=instance | Storage=String | Old='' | New='Ductwork'
INFO | Candidate: NWB_Discipline | Scope=instance | Storage=String | ReadOnly=False | Shared=True | Id=7626159
INFO | Writing INSTANCE parameter 'NWB_Discipline' on element 15267756
INFO | Element 15267756 | NWB_Discipline | Kind=Shared Parameter | Scope=instance | Storage=String | Old='Mechanical' | New='ME'
INFO | Candidate: NWB_Category | Scope=instance | Storage=String | ReadOnly=False | Shared=True | Id=7626160
INFO | Writing INSTANCE parameter 'NWB_Category' on element 15267756
INFO | Element 15267756 | NWB_Category | Kind=Shared Parameter | Scope=instance | Storage=String | Old='' | New='Ductwork'
INFO | Candidate: NWB_Department | Scope=instance | Storage=String | ReadOnly=False | Shared=True | Id=7626168
INFO | Writing INSTANCE parameter 'NWB_Department' on element 15267756
INFO | Element 15267756 | NWB_Department | Kind=Shared Parameter | Scope=instance | Storage=String | Old='' | New='High Dependency Unit'
INFO | Candidate: NWB_System | Scope=instance | Storage=String | ReadOnly=False | Shared=True | Id=7626163
INFO | Writing INSTANCE parameter 'NWB_System' on element 15267756
INFO | Element 15267756 | NWB_System | Kind=Shared Parameter | Scope=instance | Storage=String | Old='' | New='Supply Air'
INFO | Candidate: NWB_UniclassCode | Scope=instance | Storage=String | ReadOnly=False | Shared=True | Id=7626165
INFO | Writing INSTANCE parameter 'NWB_UniclassCode' on element 15267756
INFO | Element 15267756 | NWB_UniclassCode | Kind=Shared Parameter | Scope=instance | Storage=String | Old='' | New='Pr_65_65_25'
INFO | Candidate: NWB_UniclassDescription | Scope=instance | Storage=String | ReadOnly=False | Shared=True | Id=7626166
INFO | Writing INSTANCE parameter 'NWB_UniclassDescription' on element 15267756
INFO | Element 15267756 | NWB_UniclassDescription | Kind=Shared Parameter | Scope=instance | Storage=String | Old='' | New='Ductwork and fittings'
INFO | Candidate: NWB_DesignPkg | Scope=instance | Storage=String | ReadOnly=False | Shared=True | Id=7626167
INFO | Writing INSTANCE parameter 'NWB_DesignPkg' on element 15267756
INFO | Element 15267756 | NWB_DesignPkg | Kind=Shared Parameter | Scope=instance | Storage=String | Old='' | New='NWB-GEN-ME-SCM-1091-A'
ERROR | Element 15267756 | Category=Flex Ducts | Family= | Parameter=NWB_BuildingPermitPkg | Reason=missing | Writable sample: AHU_AreaServed, AHU_Serves, AHU_Type, AHU_ZoneNumber, Additional Flow, Building_No, COMPLETE Y/N, Classification.UniFormat.2010.Description, Classification.UniFormat.2010.Number, Comments, Diameter, Export to IFC, Export to IFC As, Family, Family and Type, Flex Pattern, IFC Predefined Type, IfcGUID, Image, Legend Description
INFO | Candidate: NWB_WBS00 | Scope=instance | Storage=String | ReadOnly=False | Shared=True | Id=9214738
INFO | Candidate: NWB_WBS01 | Scope=instance | Storage=String | ReadOnly=False | Shared=True | Id=9214798
INFO | Candidate: NWB_WBS02 | Scope=instance | Storage=String | ReadOnly=False | Shared=True | Id=9214786
INFO | Candidate: NWB_WBS03 | Scope=instance | Storage=String | ReadOnly=False | Shared=True | Id=9214750
INFO | Writing INSTANCE parameter 'NWB_WBS03' on element 15267756
INFO | Element 15267756 | NWB_WBS03 | Kind=Shared Parameter | Scope=instance | Storage=String | Old='Z00' | New='HDU'
INFO | Candidate: NWB_WBS04 | Scope=instance | Storage=String | ReadOnly=False | Shared=True | Id=9214762
INFO | Candidate: NWB_WBS05 | Scope=instance | Storage=String | ReadOnly=False | Shared=True | Id=9214810
INFO | Candidate: NWB_WBSCode | Scope=instance | Storage=String | ReadOnly=False | Shared=True | Id=9214774
INFO | Writing INSTANCE parameter 'NWB_WBSCode' on element 15267756
INFO | Element 15267756 | NWB_WBSCode | Kind=Shared Parameter | Scope=instance | Storage=String | Old='WBH-HO-09-Z00-ME-SI5' | New='WBH-HO-09-HDU-ME-SI5'
SOURCE | Element 15267756 | Cat=Flex Ducts | Family=Flex Duct Round | Type= | Level=LEVEL 09 | System=Supply Air | LinkedRoomLink=NWB-ACD-WBH-MH-MOD-0001 | LinkedRoomNumber=HDU.09.131 | LinkedRoomName=Meeting Room, 20m2 | LinkedRoomDept=High Dependency Unit | LinkedRoomBuilding= | LinkedRoomSite= | LinkedRoomSource=connected:15267744:Air Terminals | ResolvedDept=High Dependency Unit | ResolvedBuilding= | ResolvedSite= | DisciplineHint=mechanical | AssetCandidates=flex ducts, ductwork | WBS00=WBH | WBS01=HO | WBS03=HDU | DesignPkg=NWB-GEN-ME-SCM-1091-A | BuildingPermitPkg=WBH - BP09
ELEMENT | 15267756 | Cat=Flex Ducts | AssetScore=45 | AssetTypeCode=MDUC | AssetType=Ductwork | AssetCategory=Ductwork | Targets=NWB_AssetTypeCode=MDUC; NWB_AssetType=Ductwork; NWB_Discipline=ME; NWB_Category=Ductwork; NWB_Department=High Dependency Unit; NWB_Material=; NWB_System=Supply Air; NWB_UniclassCode=Pr_65_65_25; NWB_UniclassDescription=Ductwork and fittings; NWB_DesignPkg=NWB-GEN-ME-SCM-1091-A; NWB_BuildingPermitPkg=WBH - BP09; NWB_WBS00=WBH; NWB_WBS01=HO; NWB_WBS02=09; NWB_WBS03=HDU; NWB_WBS04=ME; NWB_WBS05=SI5; NWB_WBSCode=WBH-HO-09-HDU-ME-SI5
INFO | Candidate: NWB_AssetTypeCode | Scope=instance | Storage=String | ReadOnly=False | Shared=True | Id=7626182
INFO | Candidate: NWB_AssetType | Scope=instance | Storage=String | ReadOnly=False | Shared=True | Id=7626181
INFO | Candidate: NWB_Discipline | Scope=instance | Storage=String | ReadOnly=False | Shared=True | Id=7626159
INFO | Candidate: NWB_Category | Scope=instance | Storage=String | ReadOnly=False | Shared=True | Id=7626160
INFO | Candidate: NWB_System | Scope=instance | Storage=String | ReadOnly=False | Shared=True | Id=7626163
INFO | Candidate: NWB_UniclassCode | Scope=instance | Storage=String | ReadOnly=False | Shared=True | Id=7626165
INFO | Candidate: NWB_UniclassDescription | Scope=instance | Storage=String | ReadOnly=False | Shared=True | Id=7626166
INFO | Candidate: NWB_DesignPkg | Scope=instance | Storage=String | ReadOnly=False | Shared=True | Id=7626167
ERROR | Element 15267758 | Category=Ducts | Family= | Parameter=NWB_BuildingPermitPkg | Reason=missing | Writable sample: AHU, AHU_AreaServed, AHU_Serves, AHU_Type, AHU_ZoneNumber, Additional Flow, Building_No, COMPLETE Y/N, Classification.OmniClass.21.Description_INSTANCE, Classification.OmniClass.21.Number_INSTANCE, Classification.OmniClass.22.Description_INSTANCE, Classification.OmniClass.22.Number_INSTANCE, Classification.OmniClass.23.Description_INSTANCE, Classification.OmniClass.23.Number_INSTANCE, Classification.UniFormat.2010.Description, Classification.UniFormat.2010.Number, Comments, DUCT NUMBER, Description BOM Suffix, Duct Number
INFO | Candidate: NWB_WBS00 | Scope=instance | Storage=String | ReadOnly=False | Shared=True | Id=9214738
INFO | Candidate: NWB_WBS01 | Scope=instance | Storage=String | ReadOnly=False | Shared=True | Id=9214798
INFO | Candidate: NWB_WBS02 | Scope=instance | Storage=String | ReadOnly=False | Shared=True | Id=9214786
INFO | Candidate: NWB_WBS03 | Scope=instance | Storage=String | ReadOnly=False | Shared=True | Id=9214750
INFO | Candidate: NWB_WBS04 | Scope=instance | Storage=String | ReadOnly=False | Shared=True | Id=9214762
INFO | Candidate: NWB_WBS05 | Scope=instance | Storage=String | ReadOnly=False | Shared=True | Id=9214810
INFO | Writing INSTANCE parameter 'NWB_WBS05' on element 15267758
INFO | Element 15267758 | NWB_WBS05 | Kind=Shared Parameter | Scope=instance | Storage=String | Old='SP' | New='SI5'
INFO | Candidate: NWB_WBSCode | Scope=instance | Storage=String | ReadOnly=False | Shared=True | Id=9214774
INFO | Writing INSTANCE parameter 'NWB_WBSCode' on element 15267758
INFO | Element 15267758 | NWB_WBSCode | Kind=Shared Parameter | Scope=instance | Storage=String | Old='WBH-HO-09-Z00-ME-SP' | New='WBH-HO-09-Z00-ME-SI5'
SOURCE | Element 15267758 | Cat=Ducts | Family=Rectangular Duct | Type= | Level=LEVEL 09 | System=Supply Air | LinkedRoomLink= | LinkedRoomNumber= | LinkedRoomName= | LinkedRoomDept= | LinkedRoomBuilding= | LinkedRoomSite= | LinkedRoomSource= | ResolvedDept= | ResolvedBuilding= | ResolvedSite= | DisciplineHint=mechanical | AssetCandidates=ducts, ductwork | WBS00=WBH | WBS01=HO | WBS03=Z00 | DesignPkg=NWB-GEN-ME-SCM-1091-A | BuildingPermitPkg=WBH - BP09
WARN | Element 15267758 | Department unresolved | ExistingNWBDepartment= | ExistingWBS00=WBH | ExistingWBS01=HO | ExistingDiscipline=ME
ELEMENT | 15267758 | Cat=Ducts | AssetScore=45 | AssetTypeCode=MDUC | AssetType=Ductwork | AssetCategory=Ductwork | Targets=NWB_AssetTypeCode=MDUC; NWB_AssetType=Ductwork; NWB_Discipline=ME; NWB_Category=Ductwork; NWB_Department=; NWB_Material=; NWB_System=Supply Air; NWB_UniclassCode=Pr_65_65_25; NWB_UniclassDescription=Ductwork and fittings; NWB_DesignPkg=NWB-GEN-ME-SCM-1091-A; NWB_BuildingPermitPkg=WBH - BP09; NWB_WBS00=WBH; NWB_WBS01=HO; NWB_WBS02=09; NWB_WBS03=Z00; NWB_WBS04=ME; NWB_WBS05=SI5; NWB_WBSCode=WBH-HO-09-Z00-ME-SI5
INFO | Candidate: NWB_AssetTypeCode | Scope=instance | Storage=String | ReadOnly=False | Shared=True | Id=7626182
INFO | Candidate: NWB_AssetType | Scope=instance | Storage=String | ReadOnly=False | Shared=True | Id=7626181
INFO | Candidate: NWB_Discipline | Scope=instance | Storage=String | ReadOnly=False | Shared=True | Id=7626159
INFO | Candidate: NWB_Category | Scope=instance | Storage=String | ReadOnly=False | Shared=True | Id=7626160
INFO | Candidate: NWB_Department | Scope=instance | Storage=String | ReadOnly=False | Shared=True | Id=7626168
INFO | Candidate: NWB_System | Scope=instance | Storage=String | ReadOnly=False | Shared=True | Id=7626163
INFO | Candidate: NWB_UniclassCode | Scope=instance | Storage=String | ReadOnly=False | Shared=True | Id=7626165
INFO | Candidate: NWB_UniclassDescription | Scope=instance | Storage=String | ReadOnly=False | Shared=True | Id=7626166
INFO | Candidate: NWB_DesignPkg | Scope=instance | Storage=String | ReadOnly=False | Shared=True | Id=7626167
ERROR | Element 15267761 | Category=Ducts | Family= | Parameter=NWB_BuildingPermitPkg | Reason=missing | Writable sample: AHU, AHU_AreaServed, AHU_Serves, AHU_Type, AHU_ZoneNumber, Additional Flow, Building_No, COMPLETE Y/N, Classification.OmniClass.21.Description_INSTANCE, Classification.OmniClass.21.Number_INSTANCE, Classification.OmniClass.22.Description_INSTANCE, Classification.OmniClass.22.Number_INSTANCE, Classification.OmniClass.23.Description_INSTANCE, Classification.OmniClass.23.Number_INSTANCE, Classification.UniFormat.2010.Description, Classification.UniFormat.2010.Number, Comments, DUCT NUMBER, Description BOM Suffix, Duct Number
INFO | Candidate: NWB_WBS00 | Scope=instance | Storage=String | ReadOnly=False | Shared=True | Id=9214738
INFO | Candidate: NWB_WBS01 | Scope=instance | Storage=String | ReadOnly=False | Shared=True | Id=9214798
INFO | Candidate: NWB_WBS02 | Scope=instance | Storage=String | ReadOnly=False | Shared=True | Id=9214786
INFO | Candidate: NWB_WBS03 | Scope=instance | Storage=String | ReadOnly=False | Shared=True | Id=9214750
INFO | Candidate: NWB_WBS04 | Scope=instance | Storage=String | ReadOnly=False | Shared=True | Id=9214762
INFO | Candidate: NWB_WBS05 | Scope=instance | Storage=String | ReadOnly=False | Shared=True | Id=9214810
INFO | Writing INSTANCE parameter 'NWB_WBS05' on element 15267761
INFO | Element 15267761 | NWB_WBS05 | Kind=Shared Parameter | Scope=instance | Storage=String | Old='SP' | New='SI5'
INFO | Candidate: NWB_WBSCode | Scope=instance | Storage=String | ReadOnly=False | Shared=True | Id=9214774
INFO | Writing INSTANCE parameter 'NWB_WBSCode' on element 15267761
INFO | Element 15267761 | NWB_WBSCode | Kind=Shared Parameter | Scope=instance | Storage=String | Old='WBH-HO-09-HDU-ME-SP' | New='WBH-HO-09-HDU-ME-SI5'
SOURCE | Element 15267761 | Cat=Ducts | Family=Rectangular Duct | Type= | Level=LEVEL 09 | System=Supply Air | LinkedRoomLink= | LinkedRoomNumber= | LinkedRoomName= | LinkedRoomDept= | LinkedRoomBuilding= | LinkedRoomSite= | LinkedRoomSource= | ResolvedDept=HDU | ResolvedBuilding= | ResolvedSite= | DisciplineHint=mechanical | AssetCandidates=ducts, ductwork | WBS00=WBH | WBS01=HO | WBS03=HDU | DesignPkg=NWB-GEN-ME-SCM-1091-A | BuildingPermitPkg=WBH - BP09
ELEMENT | 15267761 | Cat=Ducts | AssetScore=45 | AssetTypeCode=MDUC | AssetType=Ductwork | AssetCategory=Ductwork | Targets=NWB_AssetTypeCode=MDUC; NWB_AssetType=Ductwork; NWB_Discipline=ME; NWB_Category=Ductwork; NWB_Department=HDU; NWB_Material=; NWB_System=Supply Air; NWB_UniclassCode=Pr_65_65_25; NWB_UniclassDescription=Ductwork and fittings; NWB_DesignPkg=NWB-GEN-ME-SCM-1091-A; NWB_BuildingPermitPkg=WBH - BP09; NWB_WBS00=WBH; NWB_WBS01=HO; NWB_WBS02=09; NWB_WBS03=HDU; NWB_WBS04=ME; NWB_WBS05=SI5; NWB_WBSCode=WBH-HO-09-HDU-ME-SI5
INFO | Candidate: NWB_AssetTypeCode | Scope=instance | Storage=String | ReadOnly=False | Shared=True | Id=7626182
INFO | Candidate: NWB_AssetType | Scope=instance | Storage=String | ReadOnly=False | Shared=True | Id=7626181
INFO | Candidate: NWB_Discipline | Scope=instance | Storage=String | ReadOnly=False | Shared=True | Id=7626159
INFO | Candidate: NWB_Category | Scope=instance | Storage=String | ReadOnly=False | Shared=True | Id=7626160
INFO | Candidate: NWB_System | Scope=instance | Storage=String | ReadOnly=False | Shared=True | Id=7626163
INFO | Candidate: NWB_UniclassCode | Scope=instance | Storage=String | ReadOnly=False | Shared=True | Id=7626165
INFO | Candidate: NWB_UniclassDescription | Scope=instance | Storage=String | ReadOnly=False | Shared=True | Id=7626166
INFO | Candidate: NWB_DesignPkg | Scope=instance | Storage=String | ReadOnly=False | Shared=True | Id=7626167
ERROR | Element 15267765 | Category=Ducts | Family= | Parameter=NWB_BuildingPermitPkg | Reason=missing | Writable sample: AHU, AHU_AreaServed, AHU_Serves, AHU_Type, AHU_ZoneNumber, Additional Flow, Building_No, COMPLETE Y/N, Classification.OmniClass.21.Description_INSTANCE, Classification.OmniClass.21.Number_INSTANCE, Classification.OmniClass.22.Description_INSTANCE, Classification.OmniClass.22.Number_INSTANCE, Classification.OmniClass.23.Description_INSTANCE, Classification.OmniClass.23.Number_INSTANCE, Classification.UniFormat.2010.Description, Classification.UniFormat.2010.Number, Comments, DUCT NUMBER, Description BOM Suffix, Duct Number
INFO | Candidate: NWB_WBS00 | Scope=instance | Storage=String | ReadOnly=False | Shared=True | Id=9214738
INFO | Candidate: NWB_WBS01 | Scope=instance | Storage=String | ReadOnly=False | Shared=True | Id=9214798
INFO | Candidate: NWB_WBS02 | Scope=instance | Storage=String | ReadOnly=False | Shared=True | Id=9214786
INFO | Candidate: NWB_WBS03 | Scope=instance | Storage=String | ReadOnly=False | Shared=True | Id=9214750
INFO | Candidate: NWB_WBS04 | Scope=instance | Storage=String | ReadOnly=False | Shared=True | Id=9214762
INFO | Candidate: NWB_WBS05 | Scope=instance | Storage=String | ReadOnly=False | Shared=True | Id=9214810
INFO | Writing INSTANCE parameter 'NWB_WBS05' on element 15267765
INFO | Element 15267765 | NWB_WBS05 | Kind=Shared Parameter | Scope=instance | Storage=String | Old='SP' | New='SI5'
INFO | Candidate: NWB_WBSCode | Scope=instance | Storage=String | ReadOnly=False | Shared=True | Id=9214774
INFO | Writing INSTANCE parameter 'NWB_WBSCode' on element 15267765
INFO | Element 15267765 | NWB_WBSCode | Kind=Shared Parameter | Scope=instance | Storage=String | Old='WBH-HO-09-Z00-ME-SP' | New='WBH-HO-09-Z00-ME-SI5'
SOURCE | Element 15267765 | Cat=Ducts | Family=Rectangular Duct | Type= | Level=LEVEL 09 | System=Supply Air | LinkedRoomLink= | LinkedRoomNumber= | LinkedRoomName= | LinkedRoomDept= | LinkedRoomBuilding= | LinkedRoomSite= | LinkedRoomSource= | ResolvedDept= | ResolvedBuilding= | ResolvedSite= | DisciplineHint=mechanical | AssetCandidates=ducts, ductwork | WBS00=WBH | WBS01=HO | WBS03=Z00 | DesignPkg=NWB-GEN-ME-SCM-1091-A | BuildingPermitPkg=WBH - BP09
WARN | Element 15267765 | Department unresolved | ExistingNWBDepartment= | ExistingWBS00=WBH | ExistingWBS01=HO | ExistingDiscipline=ME
ELEMENT | 15267765 | Cat=Ducts | AssetScore=45 | AssetTypeCode=MDUC | AssetType=Ductwork | AssetCategory=Ductwork | Targets=NWB_AssetTypeCode=MDUC; NWB_AssetType=Ductwork; NWB_Discipline=ME; NWB_Category=Ductwork; NWB_Department=; NWB_Material=; NWB_System=Supply Air; NWB_UniclassCode=Pr_65_65_25; NWB_UniclassDescription=Ductwork and fittings; NWB_DesignPkg=NWB-GEN-ME-SCM-1091-A; NWB_BuildingPermitPkg=WBH - BP09; NWB_WBS00=WBH; NWB_WBS01=HO; NWB_WBS02=09; NWB_WBS03=Z00; NWB_WBS04=ME; NWB_WBS05=SI5; NWB_WBSCode=WBH-HO-09-Z00-ME-SI5
INFO | Candidate: NWB_AssetTypeCode | Scope=instance | Storage=String | ReadOnly=False | Shared=True | Id=7626182
INFO | Candidate: NWB_AssetType | Scope=instance | Storage=String | ReadOnly=False | Shared=True | Id=7626181
INFO | Candidate: NWB_Discipline | Scope=instance | Storage=String | ReadOnly=False | Shared=True | Id=7626159
INFO | Candidate: NWB_Category | Scope=instance | Storage=String | ReadOnly=False | Shared=True | Id=7626160
INFO | Candidate: NWB_System | Scope=instance | Storage=String | ReadOnly=False | Shared=True | Id=7626163
INFO | Candidate: NWB_UniclassCode | Scope=instance | Storage=String | ReadOnly=False | Shared=True | Id=7626165
INFO | Candidate: NWB_UniclassDescription | Scope=instance | Storage=String | ReadOnly=False | Shared=True | Id=7626166
INFO | Candidate: NWB_DesignPkg | Scope=instance | Storage=String | ReadOnly=False | Shared=True | Id=7626167
ERROR | Element 15267766 | Category=Ducts | Family= | Parameter=NWB_BuildingPermitPkg | Reason=missing | Writable sample: AHU, AHU_AreaServed, AHU_Serves, AHU_Type, AHU_ZoneNumber, Additional Flow, Building_No, COMPLETE Y/N, Classification.OmniClass.21.Description_INSTANCE, Classification.OmniClass.21.Number_INSTANCE, Classification.OmniClass.22.Description_INSTANCE, Classification.OmniClass.22.Number_INSTANCE, Classification.OmniClass.23.Description_INSTANCE, Classification.OmniClass.23.Number_INSTANCE, Classification.UniFormat.2010.Description, Classification.UniFormat.2010.Number, Comments, DUCT NUMBER, Description BOM Suffix, Duct Number
INFO | Candidate: NWB_WBS00 | Scope=instance | Storage=String | ReadOnly=False | Shared=True | Id=9214738
INFO | Candidate: NWB_WBS01 | Scope=instance | Storage=String | ReadOnly=False | Shared=True | Id=9214798
INFO | Candidate: NWB_WBS02 | Scope=instance | Storage=String | ReadOnly=False | Shared=True | Id=9214786
INFO | Candidate: NWB_WBS03 | Scope=instance | Storage=String | ReadOnly=False | Shared=True | Id=9214750
INFO | Candidate: NWB_WBS04 | Scope=instance | Storage=String | ReadOnly=False | Shared=True | Id=9214762
INFO | Candidate: NWB_WBS05 | Scope=instance | Storage=String | ReadOnly=False | Shared=True | Id=9214810
INFO | Writing INSTANCE parameter 'NWB_WBS05' on element 15267766
INFO | Element 15267766 | NWB_WBS05 | Kind=Shared Parameter | Scope=instance | Storage=String | Old='SP' | New='SI5'
INFO | Candidate: NWB_WBSCode | Scope=instance | Storage=String | ReadOnly=False | Shared=True | Id=9214774
INFO | Writing INSTANCE parameter 'NWB_WBSCode' on element 15267766
INFO | Element 15267766 | NWB_WBSCode | Kind=Shared Parameter | Scope=instance | Storage=String | Old='WBH-HO-09-Z00-ME-SP' | New='WBH-HO-09-Z00-ME-SI5'
SOURCE | Element 15267766 | Cat=Ducts | Family=Rectangular Duct | Type= | Level=LEVEL 09 | System=Supply Air | LinkedRoomLink= | LinkedRoomNumber= | LinkedRoomName= | LinkedRoomDept= | LinkedRoomBuilding= | LinkedRoomSite= | LinkedRoomSource= | ResolvedDept= | ResolvedBuilding= | ResolvedSite= | DisciplineHint=mechanical | AssetCandidates=ducts, ductwork | WBS00=WBH | WBS01=HO | WBS03=Z00 | DesignPkg=NWB-GEN-ME-SCM-1091-A | BuildingPermitPkg=WBH - BP09
WARN | Element 15267766 | Department unresolved | ExistingNWBDepartment= | ExistingWBS00=WBH | ExistingWBS01=HO | ExistingDiscipline=ME
ELEMENT | 15267766 | Cat=Ducts | AssetScore=45 | AssetTypeCode=MDUC | AssetType=Ductwork | AssetCategory=Ductwork | Targets=NWB_AssetTypeCode=MDUC; NWB_AssetType=Ductwork; NWB_Discipline=ME; NWB_Category=Ductwork; NWB_Department=; NWB_Material=; NWB_System=Supply Air; NWB_UniclassCode=Pr_65_65_25; NWB_UniclassDescription=Ductwork and fittings; NWB_DesignPkg=NWB-GEN-ME-SCM-1091-A; NWB_BuildingPermitPkg=WBH - BP09; NWB_WBS00=WBH; NWB_WBS01=HO; NWB_WBS02=09; NWB_WBS03=Z00; NWB_WBS04=ME; NWB_WBS05=SI5; NWB_WBSCode=WBH-HO-09-Z00-ME-SI5
INFO | Candidate: NWB_AssetTypeCode | Scope=instance | Storage=String | ReadOnly=False | Shared=True | Id=7626182
INFO | Candidate: NWB_AssetType | Scope=instance | Storage=String | ReadOnly=False | Shared=True | Id=7626181
INFO | Candidate: NWB_Discipline | Scope=instance | Storage=String | ReadOnly=False | Shared=True | Id=7626159
INFO | Candidate: NWB_Category | Scope=instance | Storage=String | ReadOnly=False | Shared=True | Id=7626160
INFO | Candidate: NWB_Department | Scope=instance | Storage=String | ReadOnly=False | Shared=True | Id=7626168
INFO | Candidate: NWB_System | Scope=instance | Storage=String | ReadOnly=False | Shared=True | Id=7626163
INFO | Candidate: NWB_UniclassCode | Scope=instance | Storage=String | ReadOnly=False | Shared=True | Id=7626165
INFO | Candidate: NWB_UniclassDescription | Scope=instance | Storage=String | ReadOnly=False | Shared=True | Id=7626166
INFO | Candidate: NWB_DesignPkg | Scope=instance | Storage=String | ReadOnly=False | Shared=True | Id=7626167
ERROR | Element 15267769 | Category=Ducts | Family= | Parameter=NWB_BuildingPermitPkg | Reason=missing | Writable sample: AHU, AHU_AreaServed, AHU_Serves, AHU_Type, AHU_ZoneNumber, Additional Flow, Building_No, COMPLETE Y/N, Classification.OmniClass.21.Description_INSTANCE, Classification.OmniClass.21.Number_INSTANCE, Classification.OmniClass.22.Description_INSTANCE, Classification.OmniClass.22.Number_INSTANCE, Classification.OmniClass.23.Description_INSTANCE, Classification.OmniClass.23.Number_INSTANCE, Classification.UniFormat.2010.Description, Classification.UniFormat.2010.Number, Comments, DUCT NUMBER, Description BOM Suffix, Duct Number
INFO | Candidate: NWB_WBS00 | Scope=instance | Storage=String | ReadOnly=False | Shared=True | Id=9214738
INFO | Candidate: NWB_WBS01 | Scope=instance | Storage=String | ReadOnly=False | Shared=True | Id=9214798
INFO | Candidate: NWB_WBS02 | Scope=instance | Storage=String | ReadOnly=False | Shared=True | Id=9214786
INFO | Candidate: NWB_WBS03 | Scope=instance | Storage=String | ReadOnly=False | Shared=True | Id=9214750
INFO | Candidate: NWB_WBS04 | Scope=instance | Storage=String | ReadOnly=False | Shared=True | Id=9214762
INFO | Candidate: NWB_WBS05 | Scope=instance | Storage=String | ReadOnly=False | Shared=True | Id=9214810
INFO | Writing INSTANCE parameter 'NWB_WBS05' on element 15267769
INFO | Element 15267769 | NWB_WBS05 | Kind=Shared Parameter | Scope=instance | Storage=String | Old='SP' | New='SI5'
INFO | Candidate: NWB_WBSCode | Scope=instance | Storage=String | ReadOnly=False | Shared=True | Id=9214774
INFO | Writing INSTANCE parameter 'NWB_WBSCode' on element 15267769
INFO | Element 15267769 | NWB_WBSCode | Kind=Shared Parameter | Scope=instance | Storage=String | Old='WBH-HO-09-HDU-ME-SP' | New='WBH-HO-09-HDU-ME-SI5'
SOURCE | Element 15267769 | Cat=Ducts | Family=Rectangular Duct | Type= | Level=LEVEL 09 | System=Supply Air | LinkedRoomLink= | LinkedRoomNumber= | LinkedRoomName= | LinkedRoomDept= | LinkedRoomBuilding= | LinkedRoomSite= | LinkedRoomSource= | ResolvedDept=HDU | ResolvedBuilding= | ResolvedSite= | DisciplineHint=mechanical | AssetCandidates=ducts, ductwork | WBS00=WBH | WBS01=HO | WBS03=HDU | DesignPkg=NWB-GEN-ME-SCM-1091-A | BuildingPermitPkg=WBH - BP09
ELEMENT | 15267769 | Cat=Ducts | AssetScore=45 | AssetTypeCode=MDUC | AssetType=Ductwork | AssetCategory=Ductwork | Targets=NWB_AssetTypeCode=MDUC; NWB_AssetType=Ductwork; NWB_Discipline=ME; NWB_Category=Ductwork; NWB_Department=HDU; NWB_Material=; NWB_System=Supply Air; NWB_UniclassCode=Pr_65_65_25; NWB_UniclassDescription=Ductwork and fittings; NWB_DesignPkg=NWB-GEN-ME-SCM-1091-A; NWB_BuildingPermitPkg=WBH - BP09; NWB_WBS00=WBH; NWB_WBS01=HO; NWB_WBS02=09; NWB_WBS03=HDU; NWB_WBS04=ME; NWB_WBS05=SI5; NWB_WBSCode=WBH-HO-09-HDU-ME-SI5
INFO | Candidate: NWB_AssetTypeCode | Scope=instance | Storage=String | ReadOnly=False | Shared=True | Id=3045149
INFO | Candidate: NWB_AssetTypeCode | Scope=instance | Storage=String | ReadOnly=False | Shared=True | Id=7626182
INFO | Found 2 parameters named NWB_AssetTypeCode
INFO | SELECTED | Shared Parameter | Scope=instance | ReadOnly=False | Id=3045149
INFO | SELECTED | Shared Parameter | Scope=instance | ReadOnly=False | Id=7626182
INFO | Writing INSTANCE parameter 'NWB_AssetTypeCode' on element 15267770
INFO | Element 15267770 | NWB_AssetTypeCode | Kind=Shared Parameter | Scope=instance | Storage=String | Old='' | New='MDUC'
INFO | Writing INSTANCE parameter 'NWB_AssetTypeCode' on element 15267770
INFO | Element 15267770 | NWB_AssetTypeCode | Kind=Shared Parameter | Scope=instance | Storage=String | Old='' | New='MDUC'
INFO | Candidate: NWB_AssetType | Scope=instance | Storage=String | ReadOnly=False | Shared=True | Id=3045150
INFO | Candidate: NWB_AssetType | Scope=instance | Storage=String | ReadOnly=False | Shared=True | Id=7626181
INFO | Found 2 parameters named NWB_AssetType
INFO | SELECTED | Shared Parameter | Scope=instance | ReadOnly=False | Id=3045150
INFO | SELECTED | Shared Parameter | Scope=instance | ReadOnly=False | Id=7626181
INFO | Writing INSTANCE parameter 'NWB_AssetType' on element 15267770
INFO | Element 15267770 | NWB_AssetType | Kind=Shared Parameter | Scope=instance | Storage=String | Old='' | New='Ductwork'
INFO | Writing INSTANCE parameter 'NWB_AssetType' on element 15267770
INFO | Element 15267770 | NWB_AssetType | Kind=Shared Parameter | Scope=instance | Storage=String | Old='' | New='Ductwork'
INFO | Candidate: NWB_Discipline | Scope=instance | Storage=String | ReadOnly=False | Shared=True | Id=3045151
INFO | Candidate: NWB_Discipline | Scope=instance | Storage=String | ReadOnly=False | Shared=True | Id=7626159
INFO | Found 2 parameters named NWB_Discipline
INFO | SELECTED | Shared Parameter | Scope=instance | ReadOnly=False | Id=3045151
INFO | SELECTED | Shared Parameter | Scope=instance | ReadOnly=False | Id=7626159
INFO | Writing INSTANCE parameter 'NWB_Discipline' on element 15267770
INFO | Element 15267770 | NWB_Discipline | Kind=Shared Parameter | Scope=instance | Storage=String | Old='Mechanical' | New='ME'
INFO | Writing INSTANCE parameter 'NWB_Discipline' on element 15267770
INFO | Element 15267770 | NWB_Discipline | Kind=Shared Parameter | Scope=instance | Storage=String | Old='Mechanical' | New='ME'
INFO | Candidate: NWB_Category | Scope=instance | Storage=String | ReadOnly=False | Shared=True | Id=3045152
INFO | Candidate: NWB_Category | Scope=instance | Storage=String | ReadOnly=False | Shared=True | Id=7626160
INFO | Found 2 parameters named NWB_Category
INFO | SELECTED | Shared Parameter | Scope=instance | ReadOnly=False | Id=3045152
INFO | SELECTED | Shared Parameter | Scope=instance | ReadOnly=False | Id=7626160
INFO | Writing INSTANCE parameter 'NWB_Category' on element 15267770
INFO | Element 15267770 | NWB_Category | Kind=Shared Parameter | Scope=instance | Storage=String | Old='' | New='Ductwork'
INFO | Writing INSTANCE parameter 'NWB_Category' on element 15267770
INFO | Element 15267770 | NWB_Category | Kind=Shared Parameter | Scope=instance | Storage=String | Old='' | New='Ductwork'
INFO | Candidate: NWB_System | Scope=instance | Storage=String | ReadOnly=False | Shared=True | Id=3045155
INFO | Candidate: NWB_System | Scope=instance | Storage=String | ReadOnly=False | Shared=True | Id=7626163
INFO | Found 2 parameters named NWB_System
INFO | SELECTED | Shared Parameter | Scope=instance | ReadOnly=False | Id=3045155
INFO | SELECTED | Shared Parameter | Scope=instance | ReadOnly=False | Id=7626163
INFO | Writing INSTANCE parameter 'NWB_System' on element 15267770
INFO | Element 15267770 | NWB_System | Kind=Shared Parameter | Scope=instance | Storage=String | Old='' | New='Supply Air'
INFO | Candidate: NWB_UniclassCode | Scope=instance | Storage=String | ReadOnly=False | Shared=True | Id=3045156
INFO | Candidate: NWB_UniclassCode | Scope=instance | Storage=String | ReadOnly=False | Shared=True | Id=7626165
INFO | Found 2 parameters named NWB_UniclassCode
INFO | SELECTED | Shared Parameter | Scope=instance | ReadOnly=False | Id=3045156
INFO | SELECTED | Shared Parameter | Scope=instance | ReadOnly=False | Id=7626165
INFO | Writing INSTANCE parameter 'NWB_UniclassCode' on element 15267770
INFO | Element 15267770 | NWB_UniclassCode | Kind=Shared Parameter | Scope=instance | Storage=String | Old='' | New='Pr_65_65_25'
INFO | Writing INSTANCE parameter 'NWB_UniclassCode' on element 15267770
INFO | Element 15267770 | NWB_UniclassCode | Kind=Shared Parameter | Scope=instance | Storage=String | Old='' | New='Pr_65_65_25'
INFO | Candidate: NWB_UniclassDescription | Scope=instance | Storage=String | ReadOnly=False | Shared=True | Id=3045157
INFO | Candidate: NWB_UniclassDescription | Scope=instance | Storage=String | ReadOnly=False | Shared=True | Id=7626166
INFO | Found 2 parameters named NWB_UniclassDescription
INFO | SELECTED | Shared Parameter | Scope=instance | ReadOnly=False | Id=3045157
INFO | SELECTED | Shared Parameter | Scope=instance | ReadOnly=False | Id=7626166
INFO | Writing INSTANCE parameter 'NWB_UniclassDescription' on element 15267770
INFO | Element 15267770 | NWB_UniclassDescription | Kind=Shared Parameter | Scope=instance | Storage=String | Old='' | New='Ductwork and fittings'
INFO | Writing INSTANCE parameter 'NWB_UniclassDescription' on element 15267770
INFO | Element 15267770 | NWB_UniclassDescription | Kind=Shared Parameter | Scope=instance | Storage=String | Old='' | New='Ductwork and fittings'
INFO | Candidate: NWB_DesignPkg | Scope=instance | Storage=String | ReadOnly=False | Shared=True | Id=3045158
INFO | Candidate: NWB_DesignPkg | Scope=instance | Storage=String | ReadOnly=False | Shared=True | Id=7626167
INFO | Found 2 parameters named NWB_DesignPkg
INFO | SELECTED | Shared Parameter | Scope=instance | ReadOnly=False | Id=3045158
INFO | SELECTED | Shared Parameter | Scope=instance | ReadOnly=False | Id=7626167
INFO | Writing INSTANCE parameter 'NWB_DesignPkg' on element 15267770
INFO | Element 15267770 | NWB_DesignPkg | Kind=Shared Parameter | Scope=instance | Storage=String | Old='' | New='NWB-GEN-ME-SCM-1091-A'
INFO | Writing INSTANCE parameter 'NWB_DesignPkg' on element 15267770
INFO | Element 15267770 | NWB_DesignPkg | Kind=Shared Parameter | Scope=instance | Storage=String | Old='' | New='NWB-GEN-ME-SCM-1091-A'
ERROR | Element 15267770 | Category=Duct Fittings | Family= | Parameter=NWB_BuildingPermitPkg | Reason=missing | Writable sample: AHU, AHU_AreaServed, AHU_Serves, AHU_Type, AHU_ZoneNumber, Building_No, COMPLETE Y/N, Classification.OmniClass.21.Description_INSTANCE, Classification.OmniClass.21.Number_INSTANCE, Classification.OmniClass.22.Description_INSTANCE, Classification.OmniClass.22.Number_INSTANCE, Classification.OmniClass.23.Description_INSTANCE, Classification.OmniClass.23.Number_INSTANCE, Classification.UniFormat.2010.Description, Classification.UniFormat.2010.Number, Comments, Description BOM Suffix, Duct Height, Duct Width, Ductwork Insulation - Lining
INFO | Candidate: NWB_WBS00 | Scope=instance | Storage=String | ReadOnly=False | Shared=True | Id=9214738
INFO | Candidate: NWB_WBS01 | Scope=instance | Storage=String | ReadOnly=False | Shared=True | Id=9214798
INFO | Candidate: NWB_WBS02 | Scope=instance | Storage=String | ReadOnly=False | Shared=True | Id=9214786
INFO | Candidate: NWB_WBS03 | Scope=instance | Storage=String | ReadOnly=False | Shared=True | Id=9214750
INFO | Candidate: NWB_WBS04 | Scope=instance | Storage=String | ReadOnly=False | Shared=True | Id=9214762
INFO | Candidate: NWB_WBS05 | Scope=instance | Storage=String | ReadOnly=False | Shared=True | Id=9214810
INFO | Candidate: NWB_WBSCode | Scope=instance | Storage=String | ReadOnly=False | Shared=True | Id=9214774
SOURCE | Element 15267770 | Cat=Duct Fittings | Family=MHT-ME-DF-Rectangular Short Radius Bend - Flanged | Type= | Level=LEVEL 09 | System=Supply Air | LinkedRoomLink= | LinkedRoomNumber= | LinkedRoomName= | LinkedRoomDept= | LinkedRoomBuilding= | LinkedRoomSite= | LinkedRoomSource= | ResolvedDept= | ResolvedBuilding= | ResolvedSite= | DisciplineHint=mechanical | AssetCandidates=duct fittings, ductwork | WBS00=WBH | WBS01=HO | WBS03=Z00 | DesignPkg=NWB-GEN-ME-SCM-1091-A | BuildingPermitPkg=WBH - BP09
WARN | Element 15267770 | Department unresolved | ExistingNWBDepartment= | ExistingWBS00=WBH | ExistingWBS01=HO | ExistingDiscipline=Mechanical
ELEMENT | 15267770 | Cat=Duct Fittings | AssetScore=45 | AssetTypeCode=MDUC | AssetType=Ductwork | AssetCategory=Ductwork | Targets=NWB_AssetTypeCode=MDUC; NWB_AssetType=Ductwork; NWB_Discipline=ME; NWB_Category=Ductwork; NWB_Department=; NWB_Material=; NWB_System=Supply Air; NWB_UniclassCode=Pr_65_65_25; NWB_UniclassDescription=Ductwork and fittings; NWB_DesignPkg=NWB-GEN-ME-SCM-1091-A; NWB_BuildingPermitPkg=WBH - BP09; NWB_WBS00=WBH; NWB_WBS01=HO; NWB_WBS02=09; NWB_WBS03=Z00; NWB_WBS04=ME; NWB_WBS05=SI5; NWB_WBSCode=WBH-HO-09-Z00-ME-SI5
INFO | Candidate: NWB_AssetTypeCode | Scope=instance | Storage=String | ReadOnly=False | Shared=True | Id=7626182
INFO | Candidate: NWB_AssetType | Scope=instance | Storage=String | ReadOnly=False | Shared=True | Id=7626181
INFO | Candidate: NWB_Discipline | Scope=instance | Storage=String | ReadOnly=False | Shared=True | Id=7626159
INFO | Candidate: NWB_Category | Scope=instance | Storage=String | ReadOnly=False | Shared=True | Id=7626160
INFO | Candidate: NWB_System | Scope=instance | Storage=String | ReadOnly=False | Shared=True | Id=7626163
INFO | Candidate: NWB_UniclassCode | Scope=instance | Storage=String | ReadOnly=False | Shared=True | Id=7626165
INFO | Candidate: NWB_UniclassDescription | Scope=instance | Storage=String | ReadOnly=False | Shared=True | Id=7626166
INFO | Candidate: NWB_DesignPkg | Scope=instance | Storage=String | ReadOnly=False | Shared=True | Id=7626167
ERROR | Element 15267771 | Category=Ducts | Family= | Parameter=NWB_BuildingPermitPkg | Reason=missing | Writable sample: AHU, AHU_AreaServed, AHU_Serves, AHU_Type, AHU_ZoneNumber, Additional Flow, Building_No, COMPLETE Y/N, Classification.OmniClass.21.Description_INSTANCE, Classification.OmniClass.21.Number_INSTANCE, Classification.OmniClass.22.Description_INSTANCE, Classification.OmniClass.22.Number_INSTANCE, Classification.OmniClass.23.Description_INSTANCE, Classification.OmniClass.23.Number_INSTANCE, Classification.UniFormat.2010.Description, Classification.UniFormat.2010.Number, Comments, DUCT NUMBER, Description BOM Suffix, Duct Number
INFO | Candidate: NWB_WBS00 | Scope=instance | Storage=String | ReadOnly=False | Shared=True | Id=9214738
INFO | Candidate: NWB_WBS01 | Scope=instance | Storage=String | ReadOnly=False | Shared=True | Id=9214798
INFO | Candidate: NWB_WBS02 | Scope=instance | Storage=String | ReadOnly=False | Shared=True | Id=9214786
INFO | Candidate: NWB_WBS03 | Scope=instance | Storage=String | ReadOnly=False | Shared=True | Id=9214750
INFO | Candidate: NWB_WBS04 | Scope=instance | Storage=String | ReadOnly=False | Shared=True | Id=9214762
INFO | Candidate: NWB_WBS05 | Scope=instance | Storage=String | ReadOnly=False | Shared=True | Id=9214810
INFO | Writing INSTANCE parameter 'NWB_WBS05' on element 15267771
INFO | Element 15267771 | NWB_WBS05 | Kind=Shared Parameter | Scope=instance | Storage=String | Old='SP' | New='SI5'
INFO | Candidate: NWB_WBSCode | Scope=instance | Storage=String | ReadOnly=False | Shared=True | Id=9214774
INFO | Writing INSTANCE parameter 'NWB_WBSCode' on element 15267771
INFO | Element 15267771 | NWB_WBSCode | Kind=Shared Parameter | Scope=instance | Storage=String | Old='WBH-HO-09-Z00-ME-SP' | New='WBH-HO-09-Z00-ME-SI5'
SOURCE | Element 15267771 | Cat=Ducts | Family=Rectangular Duct | Type= | Level=LEVEL 09 | System=Supply Air | LinkedRoomLink= | LinkedRoomNumber= | LinkedRoomName= | LinkedRoomDept= | LinkedRoomBuilding= | LinkedRoomSite= | LinkedRoomSource= | ResolvedDept= | ResolvedBuilding= | ResolvedSite= | DisciplineHint=mechanical | AssetCandidates=ducts, ductwork | WBS00=WBH | WBS01=HO | WBS03=Z00 | DesignPkg=NWB-GEN-ME-SCM-1091-A | BuildingPermitPkg=WBH - BP09
WARN | Element 15267771 | Department unresolved | ExistingNWBDepartment= | ExistingWBS00=WBH | ExistingWBS01=HO | ExistingDiscipline=ME
ELEMENT | 15267771 | Cat=Ducts | AssetScore=45 | AssetTypeCode=MDUC | AssetType=Ductwork | AssetCategory=Ductwork | Targets=NWB_AssetTypeCode=MDUC; NWB_AssetType=Ductwork; NWB_Discipline=ME; NWB_Category=Ductwork; NWB_Department=; NWB_Material=; NWB_System=Supply Air; NWB_UniclassCode=Pr_65_65_25; NWB_UniclassDescription=Ductwork and fittings; NWB_DesignPkg=NWB-GEN-ME-SCM-1091-A; NWB_BuildingPermitPkg=WBH - BP09; NWB_WBS00=WBH; NWB_WBS01=HO; NWB_WBS02=09; NWB_WBS03=Z00; NWB_WBS04=ME; NWB_WBS05=SI5; NWB_WBSCode=WBH-HO-09-Z00-ME-SI5
INFO | Candidate: NWB_AssetTypeCode | Scope=instance | Storage=String | ReadOnly=False | Shared=True | Id=7626182
INFO | Candidate: NWB_AssetType | Scope=instance | Storage=String | ReadOnly=False | Shared=True | Id=7626181
INFO | Candidate: NWB_Discipline | Scope=instance | Storage=String | ReadOnly=False | Shared=True | Id=7626159
INFO | Candidate: NWB_Category | Scope=instance | Storage=String | ReadOnly=False | Shared=True | Id=7626160
INFO | Candidate: NWB_System | Scope=instance | Storage=String | ReadOnly=False | Shared=True | Id=7626163
INFO | Candidate: NWB_UniclassCode | Scope=instance | Storage=String | ReadOnly=False | Shared=True | Id=7626165
INFO | Candidate: NWB_UniclassDescription | Scope=instance | Storage=String | ReadOnly=False | Shared=True | Id=7626166
INFO | Candidate: NWB_DesignPkg | Scope=instance | Storage=String | ReadOnly=False | Shared=True | Id=7626167
ERROR | Element 15267777 | Category=Ducts | Family= | Parameter=NWB_BuildingPermitPkg | Reason=missing | Writable sample: AHU, AHU_AreaServed, AHU_Serves, AHU_Type, AHU_ZoneNumber, Additional Flow, Building_No, COMPLETE Y/N, Classification.OmniClass.21.Description_INSTANCE, Classification.OmniClass.21.Number_INSTANCE, Classification.OmniClass.22.Description_INSTANCE, Classification.OmniClass.22.Number_INSTANCE, Classification.OmniClass.23.Description_INSTANCE, Classification.OmniClass.23.Number_INSTANCE, Classification.UniFormat.2010.Description, Classification.UniFormat.2010.Number, Comments, DUCT NUMBER, Description BOM Suffix, Duct Number
INFO | Candidate: NWB_WBS00 | Scope=instance | Storage=String | ReadOnly=False | Shared=True | Id=9214738
INFO | Candidate: NWB_WBS01 | Scope=instance | Storage=String | ReadOnly=False | Shared=True | Id=9214798
INFO | Candidate: NWB_WBS02 | Scope=instance | Storage=String | ReadOnly=False | Shared=True | Id=9214786
INFO | Candidate: NWB_WBS03 | Scope=instance | Storage=String | ReadOnly=False | Shared=True | Id=9214750
INFO | Candidate: NWB_WBS04 | Scope=instance | Storage=String | ReadOnly=False | Shared=True | Id=9214762
INFO | Candidate: NWB_WBS05 | Scope=instance | Storage=String | ReadOnly=False | Shared=True | Id=9214810
INFO | Writing INSTANCE parameter 'NWB_WBS05' on element 15267777
INFO | Element 15267777 | NWB_WBS05 | Kind=Shared Parameter | Scope=instance | Storage=String | Old='SP' | New='SI5'
INFO | Candidate: NWB_WBSCode | Scope=instance | Storage=String | ReadOnly=False | Shared=True | Id=9214774
INFO | Writing INSTANCE parameter 'NWB_WBSCode' on element 15267777
INFO | Element 15267777 | NWB_WBSCode | Kind=Shared Parameter | Scope=instance | Storage=String | Old='WBH-HO-09-Z00-ME-SP' | New='WBH-HO-09-Z00-ME-SI5'
SOURCE | Element 15267777 | Cat=Ducts | Family=Rectangular Duct | Type= | Level=LEVEL 09 | System=Supply Air | LinkedRoomLink= | LinkedRoomNumber= | LinkedRoomName= | LinkedRoomDept= | LinkedRoomBuilding= | LinkedRoomSite= | LinkedRoomSource= | ResolvedDept= | ResolvedBuilding= | ResolvedSite= | DisciplineHint=mechanical | AssetCandidates=ducts, ductwork | WBS00=WBH | WBS01=HO | WBS03=Z00 | DesignPkg=NWB-GEN-ME-SCM-1091-A | BuildingPermitPkg=WBH - BP09
WARN | Element 15267777 | Department unresolved | ExistingNWBDepartment= | ExistingWBS00=WBH | ExistingWBS01=HO | ExistingDiscipline=ME
ELEMENT | 15267777 | Cat=Ducts | AssetScore=45 | AssetTypeCode=MDUC | AssetType=Ductwork | AssetCategory=Ductwork | Targets=NWB_AssetTypeCode=MDUC; NWB_AssetType=Ductwork; NWB_Discipline=ME; NWB_Category=Ductwork; NWB_Department=; NWB_Material=; NWB_System=Supply Air; NWB_UniclassCode=Pr_65_65_25; NWB_UniclassDescription=Ductwork and fittings; NWB_DesignPkg=NWB-GEN-ME-SCM-1091-A; NWB_BuildingPermitPkg=WBH - BP09; NWB_WBS00=WBH; NWB_WBS01=HO; NWB_WBS02=09; NWB_WBS03=Z00; NWB_WBS04=ME; NWB_WBS05=SI5; NWB_WBSCode=WBH-HO-09-Z00-ME-SI5
INFO | Candidate: NWB_AssetTypeCode | Scope=instance | Storage=String | ReadOnly=False | Shared=True | Id=7626182
INFO | Writing INSTANCE parameter 'NWB_AssetTypeCode' on element 15267778
INFO | Element 15267778 | NWB_AssetTypeCode | Kind=Shared Parameter | Scope=instance | Storage=String | Old='MSAG' | New='MAGS'
INFO | Candidate: NWB_AssetType | Scope=instance | Storage=String | ReadOnly=False | Shared=True | Id=7626181
INFO | Writing INSTANCE parameter 'NWB_AssetType' on element 15267778
INFO | Element 15267778 | NWB_AssetType | Kind=Shared Parameter | Scope=instance | Storage=String | Old='Supply Air Grill' | New='Air Grilles'
INFO | Candidate: NWB_Discipline | Scope=instance | Storage=String | ReadOnly=False | Shared=True | Id=7626159
INFO | Writing INSTANCE parameter 'NWB_Discipline' on element 15267778
INFO | Element 15267778 | NWB_Discipline | Kind=Shared Parameter | Scope=instance | Storage=String | Old='Mechanical' | New='ME'
INFO | Candidate: NWB_Category | Scope=instance | Storage=String | ReadOnly=False | Shared=True | Id=7626160
INFO | Candidate: NWB_System | Scope=instance | Storage=String | ReadOnly=False | Shared=True | Id=7626163
INFO | Candidate: NWB_UniclassCode | Scope=instance | Storage=String | ReadOnly=False | Shared=True | Id=7626165
INFO | Candidate: NWB_UniclassDescription | Scope=instance | Storage=String | ReadOnly=False | Shared=True | Id=7626166
INFO | Writing INSTANCE parameter 'NWB_UniclassDescription' on element 15267778
INFO | Element 15267778 | NWB_UniclassDescription | Kind=Shared Parameter | Scope=instance | Storage=String | Old='' | New='Air grilles'
INFO | Candidate: NWB_DesignPkg | Scope=instance | Storage=String | ReadOnly=False | Shared=True | Id=7626167
INFO | Writing INSTANCE parameter 'NWB_DesignPkg' on element 15267778
INFO | Element 15267778 | NWB_DesignPkg | Kind=Shared Parameter | Scope=instance | Storage=String | Old='' | New='NWB-GEN-ME-SCM-1091-A'
ERROR | Element 15267778 | Category=Air Terminals | Family= | Parameter=NWB_BuildingPermitPkg | Reason=missing | Writable sample: AHU_AreaServed, AHU_Serves, AHU_Type, AHU_ZoneNumber, AQ, Air Flow, Building_No, COMPLETE Y/N, Classification.UniFormat.2010.Description, Classification.UniFormat.2010.Number, Collar Size, Comments, Elevation from Level, Export to IFC, Export to IFC As, Family, Family and Type, Height, IFC Predefined Type, IfcGUID
INFO | Candidate: NWB_WBS00 | Scope=instance | Storage=String | ReadOnly=True | Shared=True | Id=9214738
ERROR | Element 15267778 | Category=Air Terminals | Family= | Parameter=NWB_WBS00 | Reason=readonly | Writable sample: AHU_AreaServed, AHU_Serves, AHU_Type, AHU_ZoneNumber, AQ, Air Flow, Building_No, COMPLETE Y/N, Classification.UniFormat.2010.Description, Classification.UniFormat.2010.Number, Collar Size, Comments, Elevation from Level, Export to IFC, Export to IFC As, Family, Family and Type, Height, IFC Predefined Type, IfcGUID
INFO | Candidate: NWB_WBS01 | Scope=instance | Storage=String | ReadOnly=True | Shared=True | Id=9214798
ERROR | Element 15267778 | Category=Air Terminals | Family= | Parameter=NWB_WBS01 | Reason=readonly | Writable sample: AHU_AreaServed, AHU_Serves, AHU_Type, AHU_ZoneNumber, AQ, Air Flow, Building_No, COMPLETE Y/N, Classification.UniFormat.2010.Description, Classification.UniFormat.2010.Number, Collar Size, Comments, Elevation from Level, Export to IFC, Export to IFC As, Family, Family and Type, Height, IFC Predefined Type, IfcGUID
INFO | Candidate: NWB_WBS02 | Scope=instance | Storage=String | ReadOnly=False | Shared=True | Id=9214786
INFO | Candidate: NWB_WBS03 | Scope=instance | Storage=String | ReadOnly=False | Shared=True | Id=9214750
INFO | Candidate: NWB_WBS04 | Scope=instance | Storage=String | ReadOnly=True | Shared=True | Id=9214762
ERROR | Element 15267778 | Category=Air Terminals | Family= | Parameter=NWB_WBS04 | Reason=readonly | Writable sample: AHU_AreaServed, AHU_Serves, AHU_Type, AHU_ZoneNumber, AQ, Air Flow, Building_No, COMPLETE Y/N, Classification.UniFormat.2010.Description, Classification.UniFormat.2010.Number, Collar Size, Comments, Elevation from Level, Export to IFC, Export to IFC As, Family, Family and Type, Height, IFC Predefined Type, IfcGUID
INFO | Candidate: NWB_WBS05 | Scope=instance | Storage=String | ReadOnly=True | Shared=True | Id=9214810
ERROR | Element 15267778 | Category=Air Terminals | Family= | Parameter=NWB_WBS05 | Reason=readonly | Writable sample: AHU_AreaServed, AHU_Serves, AHU_Type, AHU_ZoneNumber, AQ, Air Flow, Building_No, COMPLETE Y/N, Classification.UniFormat.2010.Description, Classification.UniFormat.2010.Number, Collar Size, Comments, Elevation from Level, Export to IFC, Export to IFC As, Family, Family and Type, Height, IFC Predefined Type, IfcGUID
INFO | Candidate: NWB_WBSCode | Scope=instance | Storage=String | ReadOnly=False | Shared=True | Id=9214774
SOURCE | Element 15267778 | Cat=Air Terminals | Family=AIR_LOUVER_N | Type= | Level=LEVEL 09 | System=Supply Air | LinkedRoomLink= | LinkedRoomNumber= | LinkedRoomName= | LinkedRoomDept= | LinkedRoomBuilding= | LinkedRoomSite= | LinkedRoomSource= | ResolvedDept= | ResolvedBuilding= | ResolvedSite= | DisciplineHint=mechanical | AssetCandidates=air terminals, air terminal | WBS00=WBH | WBS01=HO | WBS03=Z00 | DesignPkg=NWB-GEN-ME-SCM-1091-A | BuildingPermitPkg=WBH - BP09
WARN | Element 15267778 | Department unresolved | ExistingNWBDepartment= | ExistingWBS00=WBS | ExistingWBS01=HO | ExistingDiscipline=Mechanical
ELEMENT | 15267778 | Cat=Air Terminals | AssetScore=36 | AssetTypeCode=MAGS | AssetType=Air Grilles | AssetCategory=Air Terminal | Targets=NWB_AssetTypeCode=MAGS; NWB_AssetType=Air Grilles; NWB_Discipline=ME; NWB_Category=Air Terminal; NWB_Department=; NWB_Material=; NWB_System=Supply Air; NWB_UniclassCode=Pr_70_65_04_03; NWB_UniclassDescription=Air grilles; NWB_DesignPkg=NWB-GEN-ME-SCM-1091-A; NWB_BuildingPermitPkg=WBH - BP09; NWB_WBS00=WBH; NWB_WBS01=HO; NWB_WBS02=09; NWB_WBS03=Z00; NWB_WBS04=ME; NWB_WBS05=SI5; NWB_WBSCode=WBH-HO-09-Z00-ME-SI5
INFO | Candidate: NWB_AssetTypeCode | Scope=instance | Storage=String | ReadOnly=False | Shared=True | Id=7626182
INFO | Candidate: NWB_AssetType | Scope=instance | Storage=String | ReadOnly=False | Shared=True | Id=7626181
INFO | Candidate: NWB_Discipline | Scope=instance | Storage=String | ReadOnly=False | Shared=True | Id=7626159
INFO | Candidate: NWB_Category | Scope=instance | Storage=String | ReadOnly=False | Shared=True | Id=7626160
INFO | Candidate: NWB_System | Scope=instance | Storage=String | ReadOnly=False | Shared=True | Id=7626163
INFO | Candidate: NWB_UniclassCode | Scope=instance | Storage=String | ReadOnly=False | Shared=True | Id=7626165
INFO | Candidate: NWB_UniclassDescription | Scope=instance | Storage=String | ReadOnly=False | Shared=True | Id=7626166
INFO | Candidate: NWB_DesignPkg | Scope=instance | Storage=String | ReadOnly=False | Shared=True | Id=7626167
ERROR | Element 15267782 | Category=Ducts | Family= | Parameter=NWB_BuildingPermitPkg | Reason=missing | Writable sample: AHU, AHU_AreaServed, AHU_Serves, AHU_Type, AHU_ZoneNumber, Additional Flow, Building_No, COMPLETE Y/N, Classification.OmniClass.21.Description_INSTANCE, Classification.OmniClass.21.Number_INSTANCE, Classification.OmniClass.22.Description_INSTANCE, Classification.OmniClass.22.Number_INSTANCE, Classification.OmniClass.23.Description_INSTANCE, Classification.OmniClass.23.Number_INSTANCE, Classification.UniFormat.2010.Description, Classification.UniFormat.2010.Number, Comments, DUCT NUMBER, Description BOM Suffix, Duct Number
INFO | Candidate: NWB_WBS00 | Scope=instance | Storage=String | ReadOnly=False | Shared=True | Id=9214738
INFO | Candidate: NWB_WBS01 | Scope=instance | Storage=String | ReadOnly=False | Shared=True | Id=9214798
INFO | Candidate: NWB_WBS02 | Scope=instance | Storage=String | ReadOnly=False | Shared=True | Id=9214786
INFO | Candidate: NWB_WBS03 | Scope=instance | Storage=String | ReadOnly=False | Shared=True | Id=9214750
INFO | Candidate: NWB_WBS04 | Scope=instance | Storage=String | ReadOnly=False | Shared=True | Id=9214762
INFO | Candidate: NWB_WBS05 | Scope=instance | Storage=String | ReadOnly=False | Shared=True | Id=9214810
INFO | Writing INSTANCE parameter 'NWB_WBS05' on element 15267782
INFO | Element 15267782 | NWB_WBS05 | Kind=Shared Parameter | Scope=instance | Storage=String | Old='SP' | New='SI5'
INFO | Candidate: NWB_WBSCode | Scope=instance | Storage=String | ReadOnly=False | Shared=True | Id=9214774
INFO | Writing INSTANCE parameter 'NWB_WBSCode' on element 15267782
INFO | Element 15267782 | NWB_WBSCode | Kind=Shared Parameter | Scope=instance | Storage=String | Old='WBH-HO-09-Z00-ME-SP' | New='WBH-HO-09-Z00-ME-SI5'
SOURCE | Element 15267782 | Cat=Ducts | Family=Rectangular Duct | Type= | Level=LEVEL 09 | System=Supply Air | LinkedRoomLink= | LinkedRoomNumber= | LinkedRoomName= | LinkedRoomDept= | LinkedRoomBuilding= | LinkedRoomSite= | LinkedRoomSource= | ResolvedDept= | ResolvedBuilding= | ResolvedSite= | DisciplineHint=mechanical | AssetCandidates=ducts, ductwork | WBS00=WBH | WBS01=HO | WBS03=Z00 | DesignPkg=NWB-GEN-ME-SCM-1091-A | BuildingPermitPkg=WBH - BP09
WARN | Element 15267782 | Department unresolved | ExistingNWBDepartment= | ExistingWBS00=WBH | ExistingWBS01=HO | ExistingDiscipline=ME
ELEMENT | 15267782 | Cat=Ducts | AssetScore=45 | AssetTypeCode=MDUC | AssetType=Ductwork | AssetCategory=Ductwork | Targets=NWB_AssetTypeCode=MDUC; NWB_AssetType=Ductwork; NWB_Discipline=ME; NWB_Category=Ductwork; NWB_Department=; NWB_Material=; NWB_System=Supply Air; NWB_UniclassCode=Pr_65_65_25; NWB_UniclassDescription=Ductwork and fittings; NWB_DesignPkg=NWB-GEN-ME-SCM-1091-A; NWB_BuildingPermitPkg=WBH - BP09; NWB_WBS00=WBH; NWB_WBS01=HO; NWB_WBS02=09; NWB_WBS03=Z00; NWB_WBS04=ME; NWB_WBS05=SI5; NWB_WBSCode=WBH-HO-09-Z00-ME-SI5
INFO | Candidate: NWB_AssetTypeCode | Scope=instance | Storage=String | ReadOnly=False | Shared=True | Id=3045149
INFO | Candidate: NWB_AssetTypeCode | Scope=instance | Storage=String | ReadOnly=False | Shared=True | Id=7626182
INFO | Found 2 parameters named NWB_AssetTypeCode
INFO | SELECTED | Shared Parameter | Scope=instance | ReadOnly=False | Id=3045149
INFO | SELECTED | Shared Parameter | Scope=instance | ReadOnly=False | Id=7626182
INFO | Writing INSTANCE parameter 'NWB_AssetTypeCode' on element 15267783
INFO | Element 15267783 | NWB_AssetTypeCode | Kind=Shared Parameter | Scope=instance | Storage=String | Old='' | New='MDUC'
INFO | Writing INSTANCE parameter 'NWB_AssetTypeCode' on element 15267783
INFO | Element 15267783 | NWB_AssetTypeCode | Kind=Shared Parameter | Scope=instance | Storage=String | Old='' | New='MDUC'
INFO | Candidate: NWB_AssetType | Scope=instance | Storage=String | ReadOnly=False | Shared=True | Id=3045150
INFO | Candidate: NWB_AssetType | Scope=instance | Storage=String | ReadOnly=False | Shared=True | Id=7626181
INFO | Found 2 parameters named NWB_AssetType
INFO | SELECTED | Shared Parameter | Scope=instance | ReadOnly=False | Id=3045150
INFO | SELECTED | Shared Parameter | Scope=instance | ReadOnly=False | Id=7626181
INFO | Writing INSTANCE parameter 'NWB_AssetType' on element 15267783
INFO | Element 15267783 | NWB_AssetType | Kind=Shared Parameter | Scope=instance | Storage=String | Old='' | New='Ductwork'
INFO | Writing INSTANCE parameter 'NWB_AssetType' on element 15267783
INFO | Element 15267783 | NWB_AssetType | Kind=Shared Parameter | Scope=instance | Storage=String | Old='' | New='Ductwork'
INFO | Candidate: NWB_Discipline | Scope=instance | Storage=String | ReadOnly=False | Shared=True | Id=3045151
INFO | Candidate: NWB_Discipline | Scope=instance | Storage=String | ReadOnly=False | Shared=True | Id=7626159
INFO | Found 2 parameters named NWB_Discipline
INFO | SELECTED | Shared Parameter | Scope=instance | ReadOnly=False | Id=3045151
INFO | SELECTED | Shared Parameter | Scope=instance | ReadOnly=False | Id=7626159
INFO | Writing INSTANCE parameter 'NWB_Discipline' on element 15267783
INFO | Element 15267783 | NWB_Discipline | Kind=Shared Parameter | Scope=instance | Storage=String | Old='Mechanical' | New='ME'
INFO | Writing INSTANCE parameter 'NWB_Discipline' on element 15267783
INFO | Element 15267783 | NWB_Discipline | Kind=Shared Parameter | Scope=instance | Storage=String | Old='Mechanical' | New='ME'
INFO | Candidate: NWB_Category | Scope=instance | Storage=String | ReadOnly=False | Shared=True | Id=3045152
INFO | Candidate: NWB_Category | Scope=instance | Storage=String | ReadOnly=False | Shared=True | Id=7626160
INFO | Found 2 parameters named NWB_Category
INFO | SELECTED | Shared Parameter | Scope=instance | ReadOnly=False | Id=3045152
INFO | SELECTED | Shared Parameter | Scope=instance | ReadOnly=False | Id=7626160
INFO | Writing INSTANCE parameter 'NWB_Category' on element 15267783
INFO | Element 15267783 | NWB_Category | Kind=Shared Parameter | Scope=instance | Storage=String | Old='' | New='Ductwork'
INFO | Writing INSTANCE parameter 'NWB_Category' on element 15267783
INFO | Element 15267783 | NWB_Category | Kind=Shared Parameter | Scope=instance | Storage=String | Old='' | New='Ductwork'
INFO | Candidate: NWB_System | Scope=instance | Storage=String | ReadOnly=False | Shared=True | Id=3045155
INFO | Candidate: NWB_System | Scope=instance | Storage=String | ReadOnly=False | Shared=True | Id=7626163
INFO | Found 2 parameters named NWB_System
INFO | SELECTED | Shared Parameter | Scope=instance | ReadOnly=False | Id=3045155
INFO | SELECTED | Shared Parameter | Scope=instance | ReadOnly=False | Id=7626163
INFO | Writing INSTANCE parameter 'NWB_System' on element 15267783
INFO | Element 15267783 | NWB_System | Kind=Shared Parameter | Scope=instance | Storage=String | Old='' | New='Supply Air'
INFO | Candidate: NWB_UniclassCode | Scope=instance | Storage=String | ReadOnly=False | Shared=True | Id=3045156
INFO | Candidate: NWB_UniclassCode | Scope=instance | Storage=String | ReadOnly=False | Shared=True | Id=7626165
INFO | Found 2 parameters named NWB_UniclassCode
INFO | SELECTED | Shared Parameter | Scope=instance | ReadOnly=False | Id=3045156
INFO | SELECTED | Shared Parameter | Scope=instance | ReadOnly=False | Id=7626165
INFO | Writing INSTANCE parameter 'NWB_UniclassCode' on element 15267783
INFO | Element 15267783 | NWB_UniclassCode | Kind=Shared Parameter | Scope=instance | Storage=String | Old='' | New='Pr_65_65_25'
INFO | Writing INSTANCE parameter 'NWB_UniclassCode' on element 15267783
INFO | Element 15267783 | NWB_UniclassCode | Kind=Shared Parameter | Scope=instance | Storage=String | Old='' | New='Pr_65_65_25'
INFO | Candidate: NWB_UniclassDescription | Scope=instance | Storage=String | ReadOnly=False | Shared=True | Id=3045157
INFO | Candidate: NWB_UniclassDescription | Scope=instance | Storage=String | ReadOnly=False | Shared=True | Id=7626166
INFO | Found 2 parameters named NWB_UniclassDescription
INFO | SELECTED | Shared Parameter | Scope=instance | ReadOnly=False | Id=3045157
INFO | SELECTED | Shared Parameter | Scope=instance | ReadOnly=False | Id=7626166
INFO | Writing INSTANCE parameter 'NWB_UniclassDescription' on element 15267783
INFO | Element 15267783 | NWB_UniclassDescription | Kind=Shared Parameter | Scope=instance | Storage=String | Old='' | New='Ductwork and fittings'
INFO | Writing INSTANCE parameter 'NWB_UniclassDescription' on element 15267783
INFO | Element 15267783 | NWB_UniclassDescription | Kind=Shared Parameter | Scope=instance | Storage=String | Old='' | New='Ductwork and fittings'
INFO | Candidate: NWB_DesignPkg | Scope=instance | Storage=String | ReadOnly=False | Shared=True | Id=3045158
INFO | Candidate: NWB_DesignPkg | Scope=instance | Storage=String | ReadOnly=False | Shared=True | Id=7626167
INFO | Found 2 parameters named NWB_DesignPkg
INFO | SELECTED | Shared Parameter | Scope=instance | ReadOnly=False | Id=3045158
INFO | SELECTED | Shared Parameter | Scope=instance | ReadOnly=False | Id=7626167
INFO | Writing INSTANCE parameter 'NWB_DesignPkg' on element 15267783
INFO | Element 15267783 | NWB_DesignPkg | Kind=Shared Parameter | Scope=instance | Storage=String | Old='' | New='NWB-GEN-ME-SCM-1091-A'
INFO | Writing INSTANCE parameter 'NWB_DesignPkg' on element 15267783
INFO | Element 15267783 | NWB_DesignPkg | Kind=Shared Parameter | Scope=instance | Storage=String | Old='' | New='NWB-GEN-ME-SCM-1091-A'
ERROR | Element 15267783 | Category=Duct Fittings | Family= | Parameter=NWB_BuildingPermitPkg | Reason=missing | Writable sample: AHU, AHU_AreaServed, AHU_Serves, AHU_Type, AHU_ZoneNumber, Building_No, COMPLETE Y/N, Classification.OmniClass.21.Description_INSTANCE, Classification.OmniClass.21.Number_INSTANCE, Classification.OmniClass.22.Description_INSTANCE, Classification.OmniClass.22.Number_INSTANCE, Classification.OmniClass.23.Description_INSTANCE, Classification.OmniClass.23.Number_INSTANCE, Classification.UniFormat.2010.Description, Classification.UniFormat.2010.Number, Comments, Description BOM Suffix, Duct Height, Duct Width, Ductwork Insulation - Lining
INFO | Candidate: NWB_WBS00 | Scope=instance | Storage=String | ReadOnly=False | Shared=True | Id=9214738
INFO | Candidate: NWB_WBS01 | Scope=instance | Storage=String | ReadOnly=False | Shared=True | Id=9214798
INFO | Candidate: NWB_WBS02 | Scope=instance | Storage=String | ReadOnly=False | Shared=True | Id=9214786
INFO | Candidate: NWB_WBS03 | Scope=instance | Storage=String | ReadOnly=False | Shared=True | Id=9214750
INFO | Candidate: NWB_WBS04 | Scope=instance | Storage=String | ReadOnly=False | Shared=True | Id=9214762
INFO | Candidate: NWB_WBS05 | Scope=instance | Storage=String | ReadOnly=False | Shared=True | Id=9214810
INFO | Candidate: NWB_WBSCode | Scope=instance | Storage=String | ReadOnly=False | Shared=True | Id=9214774
SOURCE | Element 15267783 | Cat=Duct Fittings | Family=MHT-ME-DF-Rectangular Short Radius Bend - Flanged | Type= | Level=LEVEL 09 | System=Supply Air | LinkedRoomLink= | LinkedRoomNumber= | LinkedRoomName= | LinkedRoomDept= | LinkedRoomBuilding= | LinkedRoomSite= | LinkedRoomSource= | ResolvedDept= | ResolvedBuilding= | ResolvedSite= | DisciplineHint=mechanical | AssetCandidates=duct fittings, ductwork | WBS00=WBH | WBS01=HO | WBS03=Z00 | DesignPkg=NWB-GEN-ME-SCM-1091-A | BuildingPermitPkg=WBH - BP09
WARN | Element 15267783 | Department unresolved | ExistingNWBDepartment= | ExistingWBS00=WBH | ExistingWBS01=HO | ExistingDiscipline=Mechanical
ELEMENT | 15267783 | Cat=Duct Fittings | AssetScore=45 | AssetTypeCode=MDUC | AssetType=Ductwork | AssetCategory=Ductwork | Targets=NWB_AssetTypeCode=MDUC; NWB_AssetType=Ductwork; NWB_Discipline=ME; NWB_Category=Ductwork; NWB_Department=; NWB_Material=; NWB_System=Supply Air; NWB_UniclassCode=Pr_65_65_25; NWB_UniclassDescription=Ductwork and fittings; NWB_DesignPkg=NWB-GEN-ME-SCM-1091-A; NWB_BuildingPermitPkg=WBH - BP09; NWB_WBS00=WBH; NWB_WBS01=HO; NWB_WBS02=09; NWB_WBS03=Z00; NWB_WBS04=ME; NWB_WBS05=SI5; NWB_WBSCode=WBH-HO-09-Z00-ME-SI5
INFO | Candidate: NWB_AssetTypeCode | Scope=instance | Storage=String | ReadOnly=False | Shared=True | Id=7626182
INFO | Candidate: NWB_AssetType | Scope=instance | Storage=String | ReadOnly=False | Shared=True | Id=7626181
INFO | Candidate: NWB_Discipline | Scope=instance | Storage=String | ReadOnly=False | Shared=True | Id=7626159
INFO | Candidate: NWB_Category | Scope=instance | Storage=String | ReadOnly=False | Shared=True | Id=7626160
INFO | Candidate: NWB_Department | Scope=instance | Storage=String | ReadOnly=False | Shared=True | Id=7626168
INFO | Candidate: NWB_System | Scope=instance | Storage=String | ReadOnly=False | Shared=True | Id=7626163
INFO | Candidate: NWB_UniclassCode | Scope=instance | Storage=String | ReadOnly=False | Shared=True | Id=7626165
INFO | Candidate: NWB_UniclassDescription | Scope=instance | Storage=String | ReadOnly=False | Shared=True | Id=7626166
INFO | Candidate: NWB_DesignPkg | Scope=instance | Storage=String | ReadOnly=False | Shared=True | Id=7626167
ERROR | Element 15268815 | Category=Ducts | Family= | Parameter=NWB_BuildingPermitPkg | Reason=missing | Writable sample: AHU, AHU_AreaServed, AHU_Serves, AHU_Type, AHU_ZoneNumber, Additional Flow, Building_No, COMPLETE Y/N, Classification.OmniClass.21.Description_INSTANCE, Classification.OmniClass.21.Number_INSTANCE, Classification.OmniClass.22.Description_INSTANCE, Classification.OmniClass.22.Number_INSTANCE, Classification.OmniClass.23.Description_INSTANCE, Classification.OmniClass.23.Number_INSTANCE, Classification.UniFormat.2010.Description, Classification.UniFormat.2010.Number, Comments, DUCT NUMBER, Description BOM Suffix, Duct Number
INFO | Candidate: NWB_WBS00 | Scope=instance | Storage=String | ReadOnly=False | Shared=True | Id=9214738
INFO | Candidate: NWB_WBS01 | Scope=instance | Storage=String | ReadOnly=False | Shared=True | Id=9214798
INFO | Candidate: NWB_WBS02 | Scope=instance | Storage=String | ReadOnly=False | Shared=True | Id=9214786
INFO | Candidate: NWB_WBS03 | Scope=instance | Storage=String | ReadOnly=False | Shared=True | Id=9214750
INFO | Candidate: NWB_WBS04 | Scope=instance | Storage=String | ReadOnly=False | Shared=True | Id=9214762
INFO | Candidate: NWB_WBS05 | Scope=instance | Storage=String | ReadOnly=False | Shared=True | Id=9214810
INFO | Writing INSTANCE parameter 'NWB_WBS05' on element 15268815
INFO | Element 15268815 | NWB_WBS05 | Kind=Shared Parameter | Scope=instance | Storage=String | Old='SP' | New='SI5'
INFO | Candidate: NWB_WBSCode | Scope=instance | Storage=String | ReadOnly=False | Shared=True | Id=9214774
INFO | Writing INSTANCE parameter 'NWB_WBSCode' on element 15268815
INFO | Element 15268815 | NWB_WBSCode | Kind=Shared Parameter | Scope=instance | Storage=String | Old='WBH-HO-09-HDU-ME-SP' | New='WBH-HO-09-HDU-ME-SI5'
SOURCE | Element 15268815 | Cat=Ducts | Family=Rectangular Duct | Type= | Level=LEVEL 09 | System=Return Air | LinkedRoomLink= | LinkedRoomNumber= | LinkedRoomName= | LinkedRoomDept= | LinkedRoomBuilding= | LinkedRoomSite= | LinkedRoomSource= | ResolvedDept=HDU | ResolvedBuilding= | ResolvedSite= | DisciplineHint=mechanical | AssetCandidates=ducts, ductwork | WBS00=WBH | WBS01=HO | WBS03=HDU | DesignPkg=NWB-GEN-ME-SCM-1091-A | BuildingPermitPkg=WBH - BP09
ELEMENT | 15268815 | Cat=Ducts | AssetScore=45 | AssetTypeCode=MDUC | AssetType=Ductwork | AssetCategory=Ductwork | Targets=NWB_AssetTypeCode=MDUC; NWB_AssetType=Ductwork; NWB_Discipline=ME; NWB_Category=Ductwork; NWB_Department=HDU; NWB_Material=; NWB_System=Return Air; NWB_UniclassCode=Pr_65_65_25; NWB_UniclassDescription=Ductwork and fittings; NWB_DesignPkg=NWB-GEN-ME-SCM-1091-A; NWB_BuildingPermitPkg=WBH - BP09; NWB_WBS00=WBH; NWB_WBS01=HO; NWB_WBS02=09; NWB_WBS03=HDU; NWB_WBS04=ME; NWB_WBS05=SI5; NWB_WBSCode=WBH-HO-09-HDU-ME-SI5
INFO | Candidate: NWB_AssetTypeCode | Scope=instance | Storage=String | ReadOnly=False | Shared=True | Id=7626182
INFO | Writing INSTANCE parameter 'NWB_AssetTypeCode' on element 15268816
INFO | Element 15268816 | NWB_AssetTypeCode | Kind=Shared Parameter | Scope=instance | Storage=String | Old='' | New='MDUC'
INFO | Candidate: NWB_AssetType | Scope=instance | Storage=String | ReadOnly=False | Shared=True | Id=7626181
INFO | Writing INSTANCE parameter 'NWB_AssetType' on element 15268816
INFO | Element 15268816 | NWB_AssetType | Kind=Shared Parameter | Scope=instance | Storage=String | Old='' | New='Ductwork'
INFO | Candidate: NWB_Discipline | Scope=instance | Storage=String | ReadOnly=False | Shared=True | Id=7626159
INFO | Writing INSTANCE parameter 'NWB_Discipline' on element 15268816
INFO | Element 15268816 | NWB_Discipline | Kind=Shared Parameter | Scope=instance | Storage=String | Old='Mechanical; Ductwork' | New='ME'
INFO | Candidate: NWB_Category | Scope=instance | Storage=String | ReadOnly=False | Shared=True | Id=7626160
INFO | Writing INSTANCE parameter 'NWB_Category' on element 15268816
INFO | Element 15268816 | NWB_Category | Kind=Shared Parameter | Scope=instance | Storage=String | Old='' | New='Ductwork'
INFO | Candidate: NWB_Department | Scope=instance | Storage=String | ReadOnly=False | Shared=True | Id=7626168
INFO | Writing INSTANCE parameter 'NWB_Department' on element 15268816
INFO | Element 15268816 | NWB_Department | Kind=Shared Parameter | Scope=instance | Storage=String | Old='' | New='High Dependency Unit'
INFO | Candidate: NWB_System | Scope=instance | Storage=String | ReadOnly=False | Shared=True | Id=7626163
INFO | Writing INSTANCE parameter 'NWB_System' on element 15268816
INFO | Element 15268816 | NWB_System | Kind=Shared Parameter | Scope=instance | Storage=String | Old='Supply Air' | New='Return Air'
INFO | Candidate: NWB_UniclassCode | Scope=instance | Storage=String | ReadOnly=False | Shared=True | Id=7626165
INFO | Writing INSTANCE parameter 'NWB_UniclassCode' on element 15268816
INFO | Element 15268816 | NWB_UniclassCode | Kind=Shared Parameter | Scope=instance | Storage=String | Old='' | New='Pr_65_65_25'
INFO | Candidate: NWB_UniclassDescription | Scope=instance | Storage=String | ReadOnly=False | Shared=True | Id=7626166
INFO | Writing INSTANCE parameter 'NWB_UniclassDescription' on element 15268816
INFO | Element 15268816 | NWB_UniclassDescription | Kind=Shared Parameter | Scope=instance | Storage=String | Old='' | New='Ductwork and fittings'
INFO | Candidate: NWB_DesignPkg | Scope=instance | Storage=String | ReadOnly=False | Shared=True | Id=7626167
INFO | Writing INSTANCE parameter 'NWB_DesignPkg' on element 15268816
INFO | Element 15268816 | NWB_DesignPkg | Kind=Shared Parameter | Scope=instance | Storage=String | Old='' | New='NWB-GEN-ME-SCM-1091-A'
ERROR | Element 15268816 | Category=Duct Fittings | Family= | Parameter=NWB_BuildingPermitPkg | Reason=missing | Writable sample: AHU, AHU_AreaServed, AHU_Serves, AHU_Type, AHU_ZoneNumber, Building_No, COMPLETE Y/N, Classification.OmniClass.21.Description_INSTANCE, Classification.OmniClass.21.Number_INSTANCE, Classification.OmniClass.22.Description_INSTANCE, Classification.OmniClass.22.Number_INSTANCE, Classification.OmniClass.23.Description_INSTANCE, Classification.OmniClass.23.Number_INSTANCE, Classification.UniFormat.2010.Description, Classification.UniFormat.2010.Number, Comments, Description BOM Suffix, Duct Length 1, Ductwork Insulation - Lining, Elevation from Level
INFO | Candidate: NWB_WBS00 | Scope=instance | Storage=String | ReadOnly=False | Shared=True | Id=9214738
INFO | Candidate: NWB_WBS01 | Scope=instance | Storage=String | ReadOnly=False | Shared=True | Id=9214798
INFO | Candidate: NWB_WBS02 | Scope=instance | Storage=String | ReadOnly=False | Shared=True | Id=9214786
INFO | Candidate: NWB_WBS03 | Scope=instance | Storage=String | ReadOnly=False | Shared=True | Id=9214750
INFO | Writing INSTANCE parameter 'NWB_WBS03' on element 15268816
INFO | Element 15268816 | NWB_WBS03 | Kind=Shared Parameter | Scope=instance | Storage=String | Old='Z00' | New='HDU'
INFO | Candidate: NWB_WBS04 | Scope=instance | Storage=String | ReadOnly=False | Shared=True | Id=9214762
INFO | Candidate: NWB_WBS05 | Scope=instance | Storage=String | ReadOnly=False | Shared=True | Id=9214810
INFO | Candidate: NWB_WBSCode | Scope=instance | Storage=String | ReadOnly=False | Shared=True | Id=9214774
INFO | Writing INSTANCE parameter 'NWB_WBSCode' on element 15268816
INFO | Element 15268816 | NWB_WBSCode | Kind=Shared Parameter | Scope=instance | Storage=String | Old='WBH-HO-09-Z00-ME-SI5' | New='WBH-HO-09-HDU-ME-SI5'
SOURCE | Element 15268816 | Cat=Duct Fittings | Family=MHT-ME-DF-Rectangular Eccentric Taper - Flanged-Manula Length | Type= | Level=LEVEL 09 | System=Return Air | LinkedRoomLink=NWB-ACD-WBH-MH-MOD-0001 | LinkedRoomNumber=HDU.09.131 | LinkedRoomName=Meeting Room, 20m2 | LinkedRoomDept=High Dependency Unit | LinkedRoomBuilding= | LinkedRoomSite= | LinkedRoomSource=connected:15272860:Air Terminals | ResolvedDept=High Dependency Unit | ResolvedBuilding= | ResolvedSite= | DisciplineHint=mechanical | AssetCandidates=duct fittings, ductwork | WBS00=WBH | WBS01=HO | WBS03=HDU | DesignPkg=NWB-GEN-ME-SCM-1091-A | BuildingPermitPkg=WBH - BP09
ELEMENT | 15268816 | Cat=Duct Fittings | AssetScore=45 | AssetTypeCode=MDUC | AssetType=Ductwork | AssetCategory=Ductwork | Targets=NWB_AssetTypeCode=MDUC; NWB_AssetType=Ductwork; NWB_Discipline=ME; NWB_Category=Ductwork; NWB_Department=High Dependency Unit; NWB_Material=; NWB_System=Return Air; NWB_UniclassCode=Pr_65_65_25; NWB_UniclassDescription=Ductwork and fittings; NWB_DesignPkg=NWB-GEN-ME-SCM-1091-A; NWB_BuildingPermitPkg=WBH - BP09; NWB_WBS00=WBH; NWB_WBS01=HO; NWB_WBS02=09; NWB_WBS03=HDU; NWB_WBS04=ME; NWB_WBS05=SI5; NWB_WBSCode=WBH-HO-09-HDU-ME-SI5
INFO | Candidate: NWB_AssetTypeCode | Scope=instance | Storage=String | ReadOnly=False | Shared=True | Id=7626182
INFO | Candidate: NWB_AssetType | Scope=instance | Storage=String | ReadOnly=False | Shared=True | Id=7626181
INFO | Candidate: NWB_Discipline | Scope=instance | Storage=String | ReadOnly=False | Shared=True | Id=7626159
INFO | Candidate: NWB_Category | Scope=instance | Storage=String | ReadOnly=False | Shared=True | Id=7626160
INFO | Candidate: NWB_System | Scope=instance | Storage=String | ReadOnly=False | Shared=True | Id=7626163
INFO | Candidate: NWB_UniclassCode | Scope=instance | Storage=String | ReadOnly=False | Shared=True | Id=7626165
INFO | Candidate: NWB_UniclassDescription | Scope=instance | Storage=String | ReadOnly=False | Shared=True | Id=7626166
INFO | Candidate: NWB_DesignPkg | Scope=instance | Storage=String | ReadOnly=False | Shared=True | Id=7626167
ERROR | Element 15268817 | Category=Ducts | Family= | Parameter=NWB_BuildingPermitPkg | Reason=missing | Writable sample: AHU, AHU_AreaServed, AHU_Serves, AHU_Type, AHU_ZoneNumber, Additional Flow, Building_No, COMPLETE Y/N, Classification.OmniClass.21.Description_INSTANCE, Classification.OmniClass.21.Number_INSTANCE, Classification.OmniClass.22.Description_INSTANCE, Classification.OmniClass.22.Number_INSTANCE, Classification.OmniClass.23.Description_INSTANCE, Classification.OmniClass.23.Number_INSTANCE, Classification.UniFormat.2010.Description, Classification.UniFormat.2010.Number, Comments, DUCT NUMBER, Description BOM Suffix, Duct Number
INFO | Candidate: NWB_WBS00 | Scope=instance | Storage=String | ReadOnly=False | Shared=True | Id=9214738
INFO | Candidate: NWB_WBS01 | Scope=instance | Storage=String | ReadOnly=False | Shared=True | Id=9214798
INFO | Candidate: NWB_WBS02 | Scope=instance | Storage=String | ReadOnly=False | Shared=True | Id=9214786
INFO | Candidate: NWB_WBS03 | Scope=instance | Storage=String | ReadOnly=False | Shared=True | Id=9214750
INFO | Candidate: NWB_WBS04 | Scope=instance | Storage=String | ReadOnly=False | Shared=True | Id=9214762
INFO | Candidate: NWB_WBS05 | Scope=instance | Storage=String | ReadOnly=False | Shared=True | Id=9214810
INFO | Writing INSTANCE parameter 'NWB_WBS05' on element 15268817
INFO | Element 15268817 | NWB_WBS05 | Kind=Shared Parameter | Scope=instance | Storage=String | Old='SP' | New='SI5'
INFO | Candidate: NWB_WBSCode | Scope=instance | Storage=String | ReadOnly=False | Shared=True | Id=9214774
INFO | Writing INSTANCE parameter 'NWB_WBSCode' on element 15268817
INFO | Element 15268817 | NWB_WBSCode | Kind=Shared Parameter | Scope=instance | Storage=String | Old='WBH-HO-09-Z00-ME-SP' | New='WBH-HO-09-Z00-ME-SI5'
SOURCE | Element 15268817 | Cat=Ducts | Family=Rectangular Duct | Type= | Level=LEVEL 09 | System=Return Air | LinkedRoomLink= | LinkedRoomNumber= | LinkedRoomName= | LinkedRoomDept= | LinkedRoomBuilding= | LinkedRoomSite= | LinkedRoomSource= | ResolvedDept= | ResolvedBuilding= | ResolvedSite= | DisciplineHint=mechanical | AssetCandidates=ducts, ductwork | WBS00=WBH | WBS01=HO | WBS03=Z00 | DesignPkg=NWB-GEN-ME-SCM-1091-A | BuildingPermitPkg=WBH - BP09
WARN | Element 15268817 | Department unresolved | ExistingNWBDepartment= | ExistingWBS00=WBH | ExistingWBS01=HO | ExistingDiscipline=ME
ELEMENT | 15268817 | Cat=Ducts | AssetScore=45 | AssetTypeCode=MDUC | AssetType=Ductwork | AssetCategory=Ductwork | Targets=NWB_AssetTypeCode=MDUC; NWB_AssetType=Ductwork; NWB_Discipline=ME; NWB_Category=Ductwork; NWB_Department=; NWB_Material=; NWB_System=Return Air; NWB_UniclassCode=Pr_65_65_25; NWB_UniclassDescription=Ductwork and fittings; NWB_DesignPkg=NWB-GEN-ME-SCM-1091-A; NWB_BuildingPermitPkg=WBH - BP09; NWB_WBS00=WBH; NWB_WBS01=HO; NWB_WBS02=09; NWB_WBS03=Z00; NWB_WBS04=ME; NWB_WBS05=SI5; NWB_WBSCode=WBH-HO-09-Z00-ME-SI5
INFO | Candidate: NWB_AssetTypeCode | Scope=instance | Storage=String | ReadOnly=False | Shared=True | Id=3045149
INFO | Candidate: NWB_AssetTypeCode | Scope=instance | Storage=String | ReadOnly=False | Shared=True | Id=7626182
INFO | Found 2 parameters named NWB_AssetTypeCode
INFO | SELECTED | Shared Parameter | Scope=instance | ReadOnly=False | Id=3045149
INFO | SELECTED | Shared Parameter | Scope=instance | ReadOnly=False | Id=7626182
INFO | Writing INSTANCE parameter 'NWB_AssetTypeCode' on element 15268819
INFO | Element 15268819 | NWB_AssetTypeCode | Kind=Shared Parameter | Scope=instance | Storage=String | Old='' | New='MDUC'
INFO | Writing INSTANCE parameter 'NWB_AssetTypeCode' on element 15268819
INFO | Element 15268819 | NWB_AssetTypeCode | Kind=Shared Parameter | Scope=instance | Storage=String | Old='' | New='MDUC'
INFO | Candidate: NWB_AssetType | Scope=instance | Storage=String | ReadOnly=False | Shared=True | Id=3045150
INFO | Candidate: NWB_AssetType | Scope=instance | Storage=String | ReadOnly=False | Shared=True | Id=7626181
INFO | Found 2 parameters named NWB_AssetType
INFO | SELECTED | Shared Parameter | Scope=instance | ReadOnly=False | Id=3045150
INFO | SELECTED | Shared Parameter | Scope=instance | ReadOnly=False | Id=7626181
INFO | Writing INSTANCE parameter 'NWB_AssetType' on element 15268819
INFO | Element 15268819 | NWB_AssetType | Kind=Shared Parameter | Scope=instance | Storage=String | Old='' | New='Ductwork'
INFO | Writing INSTANCE parameter 'NWB_AssetType' on element 15268819
INFO | Element 15268819 | NWB_AssetType | Kind=Shared Parameter | Scope=instance | Storage=String | Old='' | New='Ductwork'
INFO | Candidate: NWB_Discipline | Scope=instance | Storage=String | ReadOnly=False | Shared=True | Id=3045151
INFO | Candidate: NWB_Discipline | Scope=instance | Storage=String | ReadOnly=False | Shared=True | Id=7626159
INFO | Found 2 parameters named NWB_Discipline
INFO | SELECTED | Shared Parameter | Scope=instance | ReadOnly=False | Id=3045151
INFO | SELECTED | Shared Parameter | Scope=instance | ReadOnly=False | Id=7626159
INFO | Writing INSTANCE parameter 'NWB_Discipline' on element 15268819
INFO | Element 15268819 | NWB_Discipline | Kind=Shared Parameter | Scope=instance | Storage=String | Old='Mechanical' | New='ME'
INFO | Writing INSTANCE parameter 'NWB_Discipline' on element 15268819
INFO | Element 15268819 | NWB_Discipline | Kind=Shared Parameter | Scope=instance | Storage=String | Old='Mechanical' | New='ME'
INFO | Candidate: NWB_Category | Scope=instance | Storage=String | ReadOnly=False | Shared=True | Id=3045152
INFO | Candidate: NWB_Category | Scope=instance | Storage=String | ReadOnly=False | Shared=True | Id=7626160
INFO | Found 2 parameters named NWB_Category
INFO | SELECTED | Shared Parameter | Scope=instance | ReadOnly=False | Id=3045152
INFO | SELECTED | Shared Parameter | Scope=instance | ReadOnly=False | Id=7626160
INFO | Writing INSTANCE parameter 'NWB_Category' on element 15268819
INFO | Element 15268819 | NWB_Category | Kind=Shared Parameter | Scope=instance | Storage=String | Old='' | New='Ductwork'
INFO | Writing INSTANCE parameter 'NWB_Category' on element 15268819
INFO | Element 15268819 | NWB_Category | Kind=Shared Parameter | Scope=instance | Storage=String | Old='' | New='Ductwork'
INFO | Candidate: NWB_System | Scope=instance | Storage=String | ReadOnly=False | Shared=True | Id=3045155
INFO | Candidate: NWB_System | Scope=instance | Storage=String | ReadOnly=False | Shared=True | Id=7626163
INFO | Found 2 parameters named NWB_System
INFO | SELECTED | Shared Parameter | Scope=instance | ReadOnly=False | Id=3045155
INFO | SELECTED | Shared Parameter | Scope=instance | ReadOnly=False | Id=7626163
INFO | Writing INSTANCE parameter 'NWB_System' on element 15268819
INFO | Element 15268819 | NWB_System | Kind=Shared Parameter | Scope=instance | Storage=String | Old='Supply Air' | New='Return Air'
INFO | Writing INSTANCE parameter 'NWB_System' on element 15268819
INFO | Element 15268819 | NWB_System | Kind=Shared Parameter | Scope=instance | Storage=String | Old='' | New='Return Air'
INFO | Candidate: NWB_UniclassCode | Scope=instance | Storage=String | ReadOnly=False | Shared=True | Id=3045156
INFO | Candidate: NWB_UniclassCode | Scope=instance | Storage=String | ReadOnly=False | Shared=True | Id=7626165
INFO | Found 2 parameters named NWB_UniclassCode
INFO | SELECTED | Shared Parameter | Scope=instance | ReadOnly=False | Id=3045156
INFO | SELECTED | Shared Parameter | Scope=instance | ReadOnly=False | Id=7626165
INFO | Writing INSTANCE parameter 'NWB_UniclassCode' on element 15268819
INFO | Element 15268819 | NWB_UniclassCode | Kind=Shared Parameter | Scope=instance | Storage=String | Old='' | New='Pr_65_65_25'
INFO | Writing INSTANCE parameter 'NWB_UniclassCode' on element 15268819
INFO | Element 15268819 | NWB_UniclassCode | Kind=Shared Parameter | Scope=instance | Storage=String | Old='' | New='Pr_65_65_25'
INFO | Candidate: NWB_UniclassDescription | Scope=instance | Storage=String | ReadOnly=False | Shared=True | Id=3045157
INFO | Candidate: NWB_UniclassDescription | Scope=instance | Storage=String | ReadOnly=False | Shared=True | Id=7626166
INFO | Found 2 parameters named NWB_UniclassDescription
INFO | SELECTED | Shared Parameter | Scope=instance | ReadOnly=False | Id=3045157
INFO | SELECTED | Shared Parameter | Scope=instance | ReadOnly=False | Id=7626166
INFO | Writing INSTANCE parameter 'NWB_UniclassDescription' on element 15268819
INFO | Element 15268819 | NWB_UniclassDescription | Kind=Shared Parameter | Scope=instance | Storage=String | Old='' | New='Ductwork and fittings'
INFO | Writing INSTANCE parameter 'NWB_UniclassDescription' on element 15268819
INFO | Element 15268819 | NWB_UniclassDescription | Kind=Shared Parameter | Scope=instance | Storage=String | Old='' | New='Ductwork and fittings'
INFO | Candidate: NWB_DesignPkg | Scope=instance | Storage=String | ReadOnly=False | Shared=True | Id=3045158
INFO | Candidate: NWB_DesignPkg | Scope=instance | Storage=String | ReadOnly=False | Shared=True | Id=7626167
INFO | Found 2 parameters named NWB_DesignPkg
INFO | SELECTED | Shared Parameter | Scope=instance | ReadOnly=False | Id=3045158
INFO | SELECTED | Shared Parameter | Scope=instance | ReadOnly=False | Id=7626167
INFO | Writing INSTANCE parameter 'NWB_DesignPkg' on element 15268819
INFO | Element 15268819 | NWB_DesignPkg | Kind=Shared Parameter | Scope=instance | Storage=String | Old='' | New='NWB-GEN-ME-SCM-1091-A'
INFO | Writing INSTANCE parameter 'NWB_DesignPkg' on element 15268819
INFO | Element 15268819 | NWB_DesignPkg | Kind=Shared Parameter | Scope=instance | Storage=String | Old='' | New='NWB-GEN-ME-SCM-1091-A'
ERROR | Element 15268819 | Category=Duct Fittings | Family= | Parameter=NWB_BuildingPermitPkg | Reason=missing | Writable sample: AHU, AHU_AreaServed, AHU_Serves, AHU_Type, AHU_ZoneNumber, Building_No, COMPLETE Y/N, Classification.OmniClass.21.Description_INSTANCE, Classification.OmniClass.21.Number_INSTANCE, Classification.OmniClass.22.Description_INSTANCE, Classification.OmniClass.22.Number_INSTANCE, Classification.OmniClass.23.Description_INSTANCE, Classification.OmniClass.23.Number_INSTANCE, Classification.UniFormat.2010.Description, Classification.UniFormat.2010.Number, Comments, Description BOM Suffix, Duct Height, Duct Width, Ductwork Insulation - Lining
INFO | Candidate: NWB_WBS00 | Scope=instance | Storage=String | ReadOnly=False | Shared=True | Id=9214738
INFO | Candidate: NWB_WBS01 | Scope=instance | Storage=String | ReadOnly=False | Shared=True | Id=9214798
INFO | Candidate: NWB_WBS02 | Scope=instance | Storage=String | ReadOnly=False | Shared=True | Id=9214786
INFO | Candidate: NWB_WBS03 | Scope=instance | Storage=String | ReadOnly=False | Shared=True | Id=9214750
INFO | Candidate: NWB_WBS04 | Scope=instance | Storage=String | ReadOnly=False | Shared=True | Id=9214762
INFO | Candidate: NWB_WBS05 | Scope=instance | Storage=String | ReadOnly=False | Shared=True | Id=9214810
INFO | Candidate: NWB_WBSCode | Scope=instance | Storage=String | ReadOnly=False | Shared=True | Id=9214774
SOURCE | Element 15268819 | Cat=Duct Fittings | Family=MHT-ME-DF-Rectangular Short Radius Bend - Flanged | Type= | Level=LEVEL 09 | System=Return Air | LinkedRoomLink= | LinkedRoomNumber= | LinkedRoomName= | LinkedRoomDept= | LinkedRoomBuilding= | LinkedRoomSite= | LinkedRoomSource= | ResolvedDept= | ResolvedBuilding= | ResolvedSite= | DisciplineHint=mechanical | AssetCandidates=duct fittings, ductwork | WBS00=WBH | WBS01=HO | WBS03=Z00 | DesignPkg=NWB-GEN-ME-SCM-1091-A | BuildingPermitPkg=WBH - BP09
WARN | Element 15268819 | Department unresolved | ExistingNWBDepartment= | ExistingWBS00=WBH | ExistingWBS01=HO | ExistingDiscipline=Mechanical
ELEMENT | 15268819 | Cat=Duct Fittings | AssetScore=45 | AssetTypeCode=MDUC | AssetType=Ductwork | AssetCategory=Ductwork | Targets=NWB_AssetTypeCode=MDUC; NWB_AssetType=Ductwork; NWB_Discipline=ME; NWB_Category=Ductwork; NWB_Department=; NWB_Material=; NWB_System=Return Air; NWB_UniclassCode=Pr_65_65_25; NWB_UniclassDescription=Ductwork and fittings; NWB_DesignPkg=NWB-GEN-ME-SCM-1091-A; NWB_BuildingPermitPkg=WBH - BP09; NWB_WBS00=WBH; NWB_WBS01=HO; NWB_WBS02=09; NWB_WBS03=Z00; NWB_WBS04=ME; NWB_WBS05=SI5; NWB_WBSCode=WBH-HO-09-Z00-ME-SI5
INFO | Candidate: NWB_AssetTypeCode | Scope=instance | Storage=String | ReadOnly=False | Shared=True | Id=3045149
INFO | Candidate: NWB_AssetTypeCode | Scope=instance | Storage=String | ReadOnly=False | Shared=True | Id=7626182
INFO | Found 2 parameters named NWB_AssetTypeCode
INFO | SELECTED | Shared Parameter | Scope=instance | ReadOnly=False | Id=3045149
INFO | SELECTED | Shared Parameter | Scope=instance | ReadOnly=False | Id=7626182
INFO | Writing INSTANCE parameter 'NWB_AssetTypeCode' on element 15269037
INFO | Element 15269037 | NWB_AssetTypeCode | Kind=Shared Parameter | Scope=instance | Storage=String | Old='' | New='MDUC'
INFO | Writing INSTANCE parameter 'NWB_AssetTypeCode' on element 15269037
INFO | Element 15269037 | NWB_AssetTypeCode | Kind=Shared Parameter | Scope=instance | Storage=String | Old='' | New='MDUC'
INFO | Candidate: NWB_AssetType | Scope=instance | Storage=String | ReadOnly=False | Shared=True | Id=3045150
INFO | Candidate: NWB_AssetType | Scope=instance | Storage=String | ReadOnly=False | Shared=True | Id=7626181
INFO | Found 2 parameters named NWB_AssetType
INFO | SELECTED | Shared Parameter | Scope=instance | ReadOnly=False | Id=3045150
INFO | SELECTED | Shared Parameter | Scope=instance | ReadOnly=False | Id=7626181
INFO | Writing INSTANCE parameter 'NWB_AssetType' on element 15269037
INFO | Element 15269037 | NWB_AssetType | Kind=Shared Parameter | Scope=instance | Storage=String | Old='' | New='Ductwork'
INFO | Writing INSTANCE parameter 'NWB_AssetType' on element 15269037
INFO | Element 15269037 | NWB_AssetType | Kind=Shared Parameter | Scope=instance | Storage=String | Old='' | New='Ductwork'
INFO | Candidate: NWB_Discipline | Scope=instance | Storage=String | ReadOnly=False | Shared=True | Id=3045151
INFO | Candidate: NWB_Discipline | Scope=instance | Storage=String | ReadOnly=False | Shared=True | Id=7626159
INFO | Found 2 parameters named NWB_Discipline
INFO | SELECTED | Shared Parameter | Scope=instance | ReadOnly=False | Id=3045151
INFO | SELECTED | Shared Parameter | Scope=instance | ReadOnly=False | Id=7626159
INFO | Writing INSTANCE parameter 'NWB_Discipline' on element 15269037
INFO | Element 15269037 | NWB_Discipline | Kind=Shared Parameter | Scope=instance | Storage=String | Old='Mechanical' | New='ME'
INFO | Writing INSTANCE parameter 'NWB_Discipline' on element 15269037
INFO | Element 15269037 | NWB_Discipline | Kind=Shared Parameter | Scope=instance | Storage=String | Old='Mechanical' | New='ME'
INFO | Candidate: NWB_Category | Scope=instance | Storage=String | ReadOnly=False | Shared=True | Id=3045152
INFO | Candidate: NWB_Category | Scope=instance | Storage=String | ReadOnly=False | Shared=True | Id=7626160
INFO | Found 2 parameters named NWB_Category
INFO | SELECTED | Shared Parameter | Scope=instance | ReadOnly=False | Id=3045152
INFO | SELECTED | Shared Parameter | Scope=instance | ReadOnly=False | Id=7626160
INFO | Writing INSTANCE parameter 'NWB_Category' on element 15269037
INFO | Element 15269037 | NWB_Category | Kind=Shared Parameter | Scope=instance | Storage=String | Old='' | New='Ductwork'
INFO | Writing INSTANCE parameter 'NWB_Category' on element 15269037
INFO | Element 15269037 | NWB_Category | Kind=Shared Parameter | Scope=instance | Storage=String | Old='' | New='Ductwork'
INFO | Candidate: NWB_System | Scope=instance | Storage=String | ReadOnly=False | Shared=True | Id=3045155
INFO | Candidate: NWB_System | Scope=instance | Storage=String | ReadOnly=False | Shared=True | Id=7626163
INFO | Found 2 parameters named NWB_System
INFO | SELECTED | Shared Parameter | Scope=instance | ReadOnly=False | Id=3045155
INFO | SELECTED | Shared Parameter | Scope=instance | ReadOnly=False | Id=7626163
INFO | Writing INSTANCE parameter 'NWB_System' on element 15269037
INFO | Element 15269037 | NWB_System | Kind=Shared Parameter | Scope=instance | Storage=String | Old='' | New='Supply Air'
INFO | Candidate: NWB_UniclassCode | Scope=instance | Storage=String | ReadOnly=False | Shared=True | Id=3045156
INFO | Candidate: NWB_UniclassCode | Scope=instance | Storage=String | ReadOnly=False | Shared=True | Id=7626165
INFO | Found 2 parameters named NWB_UniclassCode
INFO | SELECTED | Shared Parameter | Scope=instance | ReadOnly=False | Id=3045156
INFO | SELECTED | Shared Parameter | Scope=instance | ReadOnly=False | Id=7626165
INFO | Writing INSTANCE parameter 'NWB_UniclassCode' on element 15269037
INFO | Element 15269037 | NWB_UniclassCode | Kind=Shared Parameter | Scope=instance | Storage=String | Old='' | New='Pr_65_65_25'
INFO | Writing INSTANCE parameter 'NWB_UniclassCode' on element 15269037
INFO | Element 15269037 | NWB_UniclassCode | Kind=Shared Parameter | Scope=instance | Storage=String | Old='' | New='Pr_65_65_25'
INFO | Candidate: NWB_UniclassDescription | Scope=instance | Storage=String | ReadOnly=False | Shared=True | Id=3045157
INFO | Candidate: NWB_UniclassDescription | Scope=instance | Storage=String | ReadOnly=False | Shared=True | Id=7626166
INFO | Found 2 parameters named NWB_UniclassDescription
INFO | SELECTED | Shared Parameter | Scope=instance | ReadOnly=False | Id=3045157
INFO | SELECTED | Shared Parameter | Scope=instance | ReadOnly=False | Id=7626166
INFO | Writing INSTANCE parameter 'NWB_UniclassDescription' on element 15269037
INFO | Element 15269037 | NWB_UniclassDescription | Kind=Shared Parameter | Scope=instance | Storage=String | Old='' | New='Ductwork and fittings'
INFO | Writing INSTANCE parameter 'NWB_UniclassDescription' on element 15269037
INFO | Element 15269037 | NWB_UniclassDescription | Kind=Shared Parameter | Scope=instance | Storage=String | Old='' | New='Ductwork and fittings'
INFO | Candidate: NWB_DesignPkg | Scope=instance | Storage=String | ReadOnly=False | Shared=True | Id=3045158
INFO | Candidate: NWB_DesignPkg | Scope=instance | Storage=String | ReadOnly=False | Shared=True | Id=7626167
INFO | Found 2 parameters named NWB_DesignPkg
INFO | SELECTED | Shared Parameter | Scope=instance | ReadOnly=False | Id=3045158
INFO | SELECTED | Shared Parameter | Scope=instance | ReadOnly=False | Id=7626167
INFO | Writing INSTANCE parameter 'NWB_DesignPkg' on element 15269037
INFO | Element 15269037 | NWB_DesignPkg | Kind=Shared Parameter | Scope=instance | Storage=String | Old='' | New='NWB-GEN-ME-SCM-1091-A'
INFO | Writing INSTANCE parameter 'NWB_DesignPkg' on element 15269037
INFO | Element 15269037 | NWB_DesignPkg | Kind=Shared Parameter | Scope=instance | Storage=String | Old='' | New='NWB-GEN-ME-SCM-1091-A'
ERROR | Element 15269037 | Category=Duct Fittings | Family= | Parameter=NWB_BuildingPermitPkg | Reason=missing | Writable sample: AHU, AHU_AreaServed, AHU_Serves, AHU_Type, AHU_ZoneNumber, Building_No, COMPLETE Y/N, Classification.OmniClass.21.Description_INSTANCE, Classification.OmniClass.21.Number_INSTANCE, Classification.OmniClass.22.Description_INSTANCE, Classification.OmniClass.22.Number_INSTANCE, Classification.OmniClass.23.Description_INSTANCE, Classification.OmniClass.23.Number_INSTANCE, Classification.UniFormat.2010.Description, Classification.UniFormat.2010.Number, Comments, Description BOM Suffix, Duct Height, Duct Width, Ductwork Insulation - Lining
INFO | Candidate: NWB_WBS00 | Scope=instance | Storage=String | ReadOnly=False | Shared=True | Id=9214738
INFO | Candidate: NWB_WBS01 | Scope=instance | Storage=String | ReadOnly=False | Shared=True | Id=9214798
INFO | Candidate: NWB_WBS02 | Scope=instance | Storage=String | ReadOnly=False | Shared=True | Id=9214786
INFO | Candidate: NWB_WBS03 | Scope=instance | Storage=String | ReadOnly=False | Shared=True | Id=9214750
INFO | Candidate: NWB_WBS04 | Scope=instance | Storage=String | ReadOnly=False | Shared=True | Id=9214762
INFO | Candidate: NWB_WBS05 | Scope=instance | Storage=String | ReadOnly=False | Shared=True | Id=9214810
INFO | Candidate: NWB_WBSCode | Scope=instance | Storage=String | ReadOnly=False | Shared=True | Id=9214774
SOURCE | Element 15269037 | Cat=Duct Fittings | Family=MHT-ME-DF-Rectangular Short Radius Bend - Flanged | Type= | Level=LEVEL 09 | System=Supply Air | LinkedRoomLink= | LinkedRoomNumber= | LinkedRoomName= | LinkedRoomDept= | LinkedRoomBuilding= | LinkedRoomSite= | LinkedRoomSource= | ResolvedDept= | ResolvedBuilding= | ResolvedSite= | DisciplineHint=mechanical | AssetCandidates=duct fittings, ductwork | WBS00=WBH | WBS01=HO | WBS03=Z00 | DesignPkg=NWB-GEN-ME-SCM-1091-A | BuildingPermitPkg=WBH - BP09
WARN | Element 15269037 | Department unresolved | ExistingNWBDepartment= | ExistingWBS00=WBH | ExistingWBS01=HO | ExistingDiscipline=Mechanical
ELEMENT | 15269037 | Cat=Duct Fittings | AssetScore=45 | AssetTypeCode=MDUC | AssetType=Ductwork | AssetCategory=Ductwork | Targets=NWB_AssetTypeCode=MDUC; NWB_AssetType=Ductwork; NWB_Discipline=ME; NWB_Category=Ductwork; NWB_Department=; NWB_Material=; NWB_System=Supply Air; NWB_UniclassCode=Pr_65_65_25; NWB_UniclassDescription=Ductwork and fittings; NWB_DesignPkg=NWB-GEN-ME-SCM-1091-A; NWB_BuildingPermitPkg=WBH - BP09; NWB_WBS00=WBH; NWB_WBS01=HO; NWB_WBS02=09; NWB_WBS03=Z00; NWB_WBS04=ME; NWB_WBS05=SI5; NWB_WBSCode=WBH-HO-09-Z00-ME-SI5
INFO | Candidate: NWB_AssetTypeCode | Scope=instance | Storage=String | ReadOnly=False | Shared=True | Id=3045149
INFO | Candidate: NWB_AssetTypeCode | Scope=instance | Storage=String | ReadOnly=False | Shared=True | Id=7626182
INFO | Found 2 parameters named NWB_AssetTypeCode
INFO | SELECTED | Shared Parameter | Scope=instance | ReadOnly=False | Id=3045149
INFO | SELECTED | Shared Parameter | Scope=instance | ReadOnly=False | Id=7626182
INFO | Writing INSTANCE parameter 'NWB_AssetTypeCode' on element 15269523
INFO | Element 15269523 | NWB_AssetTypeCode | Kind=Shared Parameter | Scope=instance | Storage=String | Old='' | New='MDUC'
INFO | Writing INSTANCE parameter 'NWB_AssetTypeCode' on element 15269523
INFO | Element 15269523 | NWB_AssetTypeCode | Kind=Shared Parameter | Scope=instance | Storage=String | Old='' | New='MDUC'
INFO | Candidate: NWB_AssetType | Scope=instance | Storage=String | ReadOnly=False | Shared=True | Id=3045150
INFO | Candidate: NWB_AssetType | Scope=instance | Storage=String | ReadOnly=False | Shared=True | Id=7626181
INFO | Found 2 parameters named NWB_AssetType
INFO | SELECTED | Shared Parameter | Scope=instance | ReadOnly=False | Id=3045150
INFO | SELECTED | Shared Parameter | Scope=instance | ReadOnly=False | Id=7626181
INFO | Writing INSTANCE parameter 'NWB_AssetType' on element 15269523
INFO | Element 15269523 | NWB_AssetType | Kind=Shared Parameter | Scope=instance | Storage=String | Old='' | New='Ductwork'
INFO | Writing INSTANCE parameter 'NWB_AssetType' on element 15269523
INFO | Element 15269523 | NWB_AssetType | Kind=Shared Parameter | Scope=instance | Storage=String | Old='' | New='Ductwork'
INFO | Candidate: NWB_Discipline | Scope=instance | Storage=String | ReadOnly=False | Shared=True | Id=3045151
INFO | Candidate: NWB_Discipline | Scope=instance | Storage=String | ReadOnly=False | Shared=True | Id=7626159
INFO | Found 2 parameters named NWB_Discipline
INFO | SELECTED | Shared Parameter | Scope=instance | ReadOnly=False | Id=3045151
INFO | SELECTED | Shared Parameter | Scope=instance | ReadOnly=False | Id=7626159
INFO | Writing INSTANCE parameter 'NWB_Discipline' on element 15269523
INFO | Element 15269523 | NWB_Discipline | Kind=Shared Parameter | Scope=instance | Storage=String | Old='Mechanical' | New='ME'
INFO | Writing INSTANCE parameter 'NWB_Discipline' on element 15269523
INFO | Element 15269523 | NWB_Discipline | Kind=Shared Parameter | Scope=instance | Storage=String | Old='Mechanical' | New='ME'
INFO | Candidate: NWB_Category | Scope=instance | Storage=String | ReadOnly=False | Shared=True | Id=3045152
INFO | Candidate: NWB_Category | Scope=instance | Storage=String | ReadOnly=False | Shared=True | Id=7626160
INFO | Found 2 parameters named NWB_Category
INFO | SELECTED | Shared Parameter | Scope=instance | ReadOnly=False | Id=3045152
INFO | SELECTED | Shared Parameter | Scope=instance | ReadOnly=False | Id=7626160
INFO | Writing INSTANCE parameter 'NWB_Category' on element 15269523
INFO | Element 15269523 | NWB_Category | Kind=Shared Parameter | Scope=instance | Storage=String | Old='' | New='Ductwork'
INFO | Writing INSTANCE parameter 'NWB_Category' on element 15269523
INFO | Element 15269523 | NWB_Category | Kind=Shared Parameter | Scope=instance | Storage=String | Old='' | New='Ductwork'
INFO | Candidate: NWB_System | Scope=instance | Storage=String | ReadOnly=False | Shared=True | Id=3045155
INFO | Candidate: NWB_System | Scope=instance | Storage=String | ReadOnly=False | Shared=True | Id=7626163
INFO | Found 2 parameters named NWB_System
INFO | SELECTED | Shared Parameter | Scope=instance | ReadOnly=False | Id=3045155
INFO | SELECTED | Shared Parameter | Scope=instance | ReadOnly=False | Id=7626163
INFO | Writing INSTANCE parameter 'NWB_System' on element 15269523
INFO | Element 15269523 | NWB_System | Kind=Shared Parameter | Scope=instance | Storage=String | Old='' | New='Supply Air'
INFO | Candidate: NWB_UniclassCode | Scope=instance | Storage=String | ReadOnly=False | Shared=True | Id=3045156
INFO | Candidate: NWB_UniclassCode | Scope=instance | Storage=String | ReadOnly=False | Shared=True | Id=7626165
INFO | Found 2 parameters named NWB_UniclassCode
INFO | SELECTED | Shared Parameter | Scope=instance | ReadOnly=False | Id=3045156
INFO | SELECTED | Shared Parameter | Scope=instance | ReadOnly=False | Id=7626165
INFO | Writing INSTANCE parameter 'NWB_UniclassCode' on element 15269523
INFO | Element 15269523 | NWB_UniclassCode | Kind=Shared Parameter | Scope=instance | Storage=String | Old='' | New='Pr_65_65_25'
INFO | Writing INSTANCE parameter 'NWB_UniclassCode' on element 15269523
INFO | Element 15269523 | NWB_UniclassCode | Kind=Shared Parameter | Scope=instance | Storage=String | Old='' | New='Pr_65_65_25'
INFO | Candidate: NWB_UniclassDescription | Scope=instance | Storage=String | ReadOnly=False | Shared=True | Id=3045157
INFO | Candidate: NWB_UniclassDescription | Scope=instance | Storage=String | ReadOnly=False | Shared=True | Id=7626166
INFO | Found 2 parameters named NWB_UniclassDescription
INFO | SELECTED | Shared Parameter | Scope=instance | ReadOnly=False | Id=3045157
INFO | SELECTED | Shared Parameter | Scope=instance | ReadOnly=False | Id=7626166
INFO | Writing INSTANCE parameter 'NWB_UniclassDescription' on element 15269523
INFO | Element 15269523 | NWB_UniclassDescription | Kind=Shared Parameter | Scope=instance | Storage=String | Old='' | New='Ductwork and fittings'
INFO | Writing INSTANCE parameter 'NWB_UniclassDescription' on element 15269523
INFO | Element 15269523 | NWB_UniclassDescription | Kind=Shared Parameter | Scope=instance | Storage=String | Old='' | New='Ductwork and fittings'
INFO | Candidate: NWB_DesignPkg | Scope=instance | Storage=String | ReadOnly=False | Shared=True | Id=3045158
INFO | Candidate: NWB_DesignPkg | Scope=instance | Storage=String | ReadOnly=False | Shared=True | Id=7626167
INFO | Found 2 parameters named NWB_DesignPkg
INFO | SELECTED | Shared Parameter | Scope=instance | ReadOnly=False | Id=3045158
INFO | SELECTED | Shared Parameter | Scope=instance | ReadOnly=False | Id=7626167
INFO | Writing INSTANCE parameter 'NWB_DesignPkg' on element 15269523
INFO | Element 15269523 | NWB_DesignPkg | Kind=Shared Parameter | Scope=instance | Storage=String | Old='' | New='NWB-GEN-ME-SCM-1091-A'
INFO | Writing INSTANCE parameter 'NWB_DesignPkg' on element 15269523
INFO | Element 15269523 | NWB_DesignPkg | Kind=Shared Parameter | Scope=instance | Storage=String | Old='' | New='NWB-GEN-ME-SCM-1091-A'
ERROR | Element 15269523 | Category=Duct Fittings | Family= | Parameter=NWB_BuildingPermitPkg | Reason=missing | Writable sample: AHU, AHU_AreaServed, AHU_Serves, AHU_Type, AHU_ZoneNumber, Building_No, COMPLETE Y/N, Classification.OmniClass.21.Description_INSTANCE, Classification.OmniClass.21.Number_INSTANCE, Classification.OmniClass.22.Description_INSTANCE, Classification.OmniClass.22.Number_INSTANCE, Classification.OmniClass.23.Description_INSTANCE, Classification.OmniClass.23.Number_INSTANCE, Classification.UniFormat.2010.Description, Classification.UniFormat.2010.Number, Comments, Description BOM Suffix, Ductwork Insulation - Lining, Elevation from Level, Export to IFC
INFO | Candidate: NWB_WBS00 | Scope=instance | Storage=String | ReadOnly=False | Shared=True | Id=9214738
INFO | Candidate: NWB_WBS01 | Scope=instance | Storage=String | ReadOnly=False | Shared=True | Id=9214798
INFO | Candidate: NWB_WBS02 | Scope=instance | Storage=String | ReadOnly=False | Shared=True | Id=9214786
INFO | Candidate: NWB_WBS03 | Scope=instance | Storage=String | ReadOnly=False | Shared=True | Id=9214750
INFO | Candidate: NWB_WBS04 | Scope=instance | Storage=String | ReadOnly=False | Shared=True | Id=9214762
INFO | Candidate: NWB_WBS05 | Scope=instance | Storage=String | ReadOnly=False | Shared=True | Id=9214810
INFO | Candidate: NWB_WBSCode | Scope=instance | Storage=String | ReadOnly=False | Shared=True | Id=9214774
SOURCE | Element 15269523 | Cat=Duct Fittings | Family=MHT-ME-DF-Rectangular Eccentric Taper - Flanged-01 | Type= | Level=LEVEL 09 | System=Supply Air | LinkedRoomLink= | LinkedRoomNumber= | LinkedRoomName= | LinkedRoomDept= | LinkedRoomBuilding= | LinkedRoomSite= | LinkedRoomSource= | ResolvedDept= | ResolvedBuilding= | ResolvedSite= | DisciplineHint=mechanical | AssetCandidates=duct fittings, ductwork | WBS00=WBH | WBS01=HO | WBS03=Z00 | DesignPkg=NWB-GEN-ME-SCM-1091-A | BuildingPermitPkg=WBH - BP09
WARN | Element 15269523 | Department unresolved | ExistingNWBDepartment= | ExistingWBS00=WBH | ExistingWBS01=HO | ExistingDiscipline=Mechanical
ELEMENT | 15269523 | Cat=Duct Fittings | AssetScore=45 | AssetTypeCode=MDUC | AssetType=Ductwork | AssetCategory=Ductwork | Targets=NWB_AssetTypeCode=MDUC; NWB_AssetType=Ductwork; NWB_Discipline=ME; NWB_Category=Ductwork; NWB_Department=; NWB_Material=; NWB_System=Supply Air; NWB_UniclassCode=Pr_65_65_25; NWB_UniclassDescription=Ductwork and fittings; NWB_DesignPkg=NWB-GEN-ME-SCM-1091-A; NWB_BuildingPermitPkg=WBH - BP09; NWB_WBS00=WBH; NWB_WBS01=HO; NWB_WBS02=09; NWB_WBS03=Z00; NWB_WBS04=ME; NWB_WBS05=SI5; NWB_WBSCode=WBH-HO-09-Z00-ME-SI5
INFO | Candidate: NWB_AssetTypeCode | Scope=instance | Storage=String | ReadOnly=False | Shared=True | Id=7626182
INFO | Writing INSTANCE parameter 'NWB_AssetTypeCode' on element 15269525
INFO | Element 15269525 | NWB_AssetTypeCode | Kind=Shared Parameter | Scope=instance | Storage=String | Old='' | New='MDUC'
INFO | Candidate: NWB_AssetType | Scope=instance | Storage=String | ReadOnly=False | Shared=True | Id=7626181
INFO | Writing INSTANCE parameter 'NWB_AssetType' on element 15269525
INFO | Element 15269525 | NWB_AssetType | Kind=Shared Parameter | Scope=instance | Storage=String | Old='' | New='Ductwork'
INFO | Candidate: NWB_Discipline | Scope=instance | Storage=String | ReadOnly=False | Shared=True | Id=7626159
INFO | Writing INSTANCE parameter 'NWB_Discipline' on element 15269525
INFO | Element 15269525 | NWB_Discipline | Kind=Shared Parameter | Scope=instance | Storage=String | Old='Mechanical' | New='ME'
INFO | Candidate: NWB_Category | Scope=instance | Storage=String | ReadOnly=False | Shared=True | Id=7626160
INFO | Writing INSTANCE parameter 'NWB_Category' on element 15269525
INFO | Element 15269525 | NWB_Category | Kind=Shared Parameter | Scope=instance | Storage=String | Old='' | New='Ductwork'
INFO | Candidate: NWB_System | Scope=instance | Storage=String | ReadOnly=False | Shared=True | Id=7626163
INFO | Candidate: NWB_UniclassCode | Scope=instance | Storage=String | ReadOnly=False | Shared=True | Id=7626165
INFO | Writing INSTANCE parameter 'NWB_UniclassCode' on element 15269525
INFO | Element 15269525 | NWB_UniclassCode | Kind=Shared Parameter | Scope=instance | Storage=String | Old='' | New='Pr_65_65_25'
INFO | Candidate: NWB_UniclassDescription | Scope=instance | Storage=String | ReadOnly=False | Shared=True | Id=7626166
INFO | Writing INSTANCE parameter 'NWB_UniclassDescription' on element 15269525
INFO | Element 15269525 | NWB_UniclassDescription | Kind=Shared Parameter | Scope=instance | Storage=String | Old='' | New='Ductwork and fittings'
INFO | Candidate: NWB_DesignPkg | Scope=instance | Storage=String | ReadOnly=False | Shared=True | Id=7626167
INFO | Writing INSTANCE parameter 'NWB_DesignPkg' on element 15269525
INFO | Element 15269525 | NWB_DesignPkg | Kind=Shared Parameter | Scope=instance | Storage=String | Old='' | New='NWB-GEN-ME-SCM-1091-A'
ERROR | Element 15269525 | Category=Duct Fittings | Family= | Parameter=NWB_BuildingPermitPkg | Reason=missing | Writable sample: AHU, AHU_AreaServed, AHU_Serves, AHU_Type, AHU_ZoneNumber, Building_No, COMPLETE Y/N, Classification.OmniClass.21.Description_INSTANCE, Classification.OmniClass.21.Number_INSTANCE, Classification.OmniClass.22.Description_INSTANCE, Classification.OmniClass.22.Number_INSTANCE, Classification.OmniClass.23.Description_INSTANCE, Classification.OmniClass.23.Number_INSTANCE, Classification.UniFormat.2010.Description, Classification.UniFormat.2010.Number, Comments, Description BOM Suffix, Duct Diameter, Ductwork Insulation - Lining, Elevation from Level
INFO | Candidate: NWB_WBS00 | Scope=instance | Storage=String | ReadOnly=False | Shared=True | Id=9214738
INFO | Candidate: NWB_WBS01 | Scope=instance | Storage=String | ReadOnly=False | Shared=True | Id=9214798
INFO | Candidate: NWB_WBS02 | Scope=instance | Storage=String | ReadOnly=False | Shared=True | Id=9214786
INFO | Candidate: NWB_WBS03 | Scope=instance | Storage=String | ReadOnly=False | Shared=True | Id=9214750
INFO | Candidate: NWB_WBS04 | Scope=instance | Storage=String | ReadOnly=False | Shared=True | Id=9214762
INFO | Candidate: NWB_WBS05 | Scope=instance | Storage=String | ReadOnly=False | Shared=True | Id=9214810
INFO | Candidate: NWB_WBSCode | Scope=instance | Storage=String | ReadOnly=False | Shared=True | Id=9214774
SOURCE | Element 15269525 | Cat=Duct Fittings | Family=MHT_DF_Spigot | Type= | Level=LEVEL 09 | System=Supply Air | LinkedRoomLink= | LinkedRoomNumber= | LinkedRoomName= | LinkedRoomDept= | LinkedRoomBuilding= | LinkedRoomSite= | LinkedRoomSource= | ResolvedDept= | ResolvedBuilding= | ResolvedSite= | DisciplineHint=mechanical | AssetCandidates=duct fittings, ductwork, damper, motorised damper | WBS00=WBH | WBS01=HO | WBS03=Z00 | DesignPkg=NWB-GEN-ME-SCM-1091-A | BuildingPermitPkg=WBH - BP09
WARN | Element 15269525 | Department unresolved | ExistingNWBDepartment= | ExistingWBS00=WBH | ExistingWBS01=HO | ExistingDiscipline=Mechanical
ELEMENT | 15269525 | Cat=Duct Fittings | AssetScore=45 | AssetTypeCode=MDUC | AssetType=Ductwork | AssetCategory=Ductwork | Targets=NWB_AssetTypeCode=MDUC; NWB_AssetType=Ductwork; NWB_Discipline=ME; NWB_Category=Ductwork; NWB_Department=; NWB_Material=; NWB_System=Supply Air; NWB_UniclassCode=Pr_65_65_25; NWB_UniclassDescription=Ductwork and fittings; NWB_DesignPkg=NWB-GEN-ME-SCM-1091-A; NWB_BuildingPermitPkg=WBH - BP09; NWB_WBS00=WBH; NWB_WBS01=HO; NWB_WBS02=09; NWB_WBS03=Z00; NWB_WBS04=ME; NWB_WBS05=SI5; NWB_WBSCode=WBH-HO-09-Z00-ME-SI5
INFO | Candidate: NWB_AssetTypeCode | Scope=instance | Storage=String | ReadOnly=False | Shared=True | Id=7626182
INFO | Candidate: NWB_AssetType | Scope=instance | Storage=String | ReadOnly=False | Shared=True | Id=7626181
INFO | Candidate: NWB_Discipline | Scope=instance | Storage=String | ReadOnly=False | Shared=True | Id=7626159
INFO | Candidate: NWB_Category | Scope=instance | Storage=String | ReadOnly=False | Shared=True | Id=7626160
INFO | Candidate: NWB_System | Scope=instance | Storage=String | ReadOnly=False | Shared=True | Id=7626163
INFO | Candidate: NWB_UniclassCode | Scope=instance | Storage=String | ReadOnly=False | Shared=True | Id=7626165
INFO | Candidate: NWB_UniclassDescription | Scope=instance | Storage=String | ReadOnly=False | Shared=True | Id=7626166
INFO | Candidate: NWB_DesignPkg | Scope=instance | Storage=String | ReadOnly=False | Shared=True | Id=7626167
ERROR | Element 15269567 | Category=Ducts | Family= | Parameter=NWB_BuildingPermitPkg | Reason=missing | Writable sample: AHU, AHU_AreaServed, AHU_Serves, AHU_Type, AHU_ZoneNumber, Additional Flow, Building_No, COMPLETE Y/N, Classification.OmniClass.21.Description_INSTANCE, Classification.OmniClass.21.Number_INSTANCE, Classification.OmniClass.22.Description_INSTANCE, Classification.OmniClass.22.Number_INSTANCE, Classification.OmniClass.23.Description_INSTANCE, Classification.OmniClass.23.Number_INSTANCE, Classification.UniFormat.2010.Description, Classification.UniFormat.2010.Number, Comments, DUCT NUMBER, Description BOM Suffix, Duct Number
INFO | Candidate: NWB_WBS00 | Scope=instance | Storage=String | ReadOnly=False | Shared=True | Id=9214738
INFO | Candidate: NWB_WBS01 | Scope=instance | Storage=String | ReadOnly=False | Shared=True | Id=9214798
INFO | Candidate: NWB_WBS02 | Scope=instance | Storage=String | ReadOnly=False | Shared=True | Id=9214786
INFO | Candidate: NWB_WBS03 | Scope=instance | Storage=String | ReadOnly=False | Shared=True | Id=9214750
INFO | Candidate: NWB_WBS04 | Scope=instance | Storage=String | ReadOnly=False | Shared=True | Id=9214762
INFO | Candidate: NWB_WBS05 | Scope=instance | Storage=String | ReadOnly=False | Shared=True | Id=9214810
INFO | Writing INSTANCE parameter 'NWB_WBS05' on element 15269567
INFO | Element 15269567 | NWB_WBS05 | Kind=Shared Parameter | Scope=instance | Storage=String | Old='SP' | New='SI5'
INFO | Candidate: NWB_WBSCode | Scope=instance | Storage=String | ReadOnly=False | Shared=True | Id=9214774
INFO | Writing INSTANCE parameter 'NWB_WBSCode' on element 15269567
INFO | Element 15269567 | NWB_WBSCode | Kind=Shared Parameter | Scope=instance | Storage=String | Old='WBH-HO-09-Z00-ME-SP' | New='WBH-HO-09-Z00-ME-SI5'
SOURCE | Element 15269567 | Cat=Ducts | Family=Rectangular Duct | Type= | Level=LEVEL 09 | System=Supply Air | LinkedRoomLink= | LinkedRoomNumber= | LinkedRoomName= | LinkedRoomDept= | LinkedRoomBuilding= | LinkedRoomSite= | LinkedRoomSource= | ResolvedDept= | ResolvedBuilding= | ResolvedSite= | DisciplineHint=mechanical | AssetCandidates=ducts, ductwork | WBS00=WBH | WBS01=HO | WBS03=Z00 | DesignPkg=NWB-GEN-ME-SCM-1091-A | BuildingPermitPkg=WBH - BP09
WARN | Element 15269567 | Department unresolved | ExistingNWBDepartment= | ExistingWBS00=WBH | ExistingWBS01=HO | ExistingDiscipline=ME
ELEMENT | 15269567 | Cat=Ducts | AssetScore=45 | AssetTypeCode=MDUC | AssetType=Ductwork | AssetCategory=Ductwork | Targets=NWB_AssetTypeCode=MDUC; NWB_AssetType=Ductwork; NWB_Discipline=ME; NWB_Category=Ductwork; NWB_Department=; NWB_Material=; NWB_System=Supply Air; NWB_UniclassCode=Pr_65_65_25; NWB_UniclassDescription=Ductwork and fittings; NWB_DesignPkg=NWB-GEN-ME-SCM-1091-A; NWB_BuildingPermitPkg=WBH - BP09; NWB_WBS00=WBH; NWB_WBS01=HO; NWB_WBS02=09; NWB_WBS03=Z00; NWB_WBS04=ME; NWB_WBS05=SI5; NWB_WBSCode=WBH-HO-09-Z00-ME-SI5
INFO | Candidate: NWB_AssetTypeCode | Scope=instance | Storage=String | ReadOnly=False | Shared=True | Id=3045149
INFO | Candidate: NWB_AssetTypeCode | Scope=instance | Storage=String | ReadOnly=False | Shared=True | Id=7626182
INFO | Found 2 parameters named NWB_AssetTypeCode
INFO | SELECTED | Shared Parameter | Scope=instance | ReadOnly=False | Id=3045149
INFO | SELECTED | Shared Parameter | Scope=instance | ReadOnly=False | Id=7626182
INFO | Writing INSTANCE parameter 'NWB_AssetTypeCode' on element 15269568
INFO | Element 15269568 | NWB_AssetTypeCode | Kind=Shared Parameter | Scope=instance | Storage=String | Old='' | New='MDUC'
INFO | Writing INSTANCE parameter 'NWB_AssetTypeCode' on element 15269568
INFO | Element 15269568 | NWB_AssetTypeCode | Kind=Shared Parameter | Scope=instance | Storage=String | Old='' | New='MDUC'
INFO | Candidate: NWB_AssetType | Scope=instance | Storage=String | ReadOnly=False | Shared=True | Id=3045150
INFO | Candidate: NWB_AssetType | Scope=instance | Storage=String | ReadOnly=False | Shared=True | Id=7626181
INFO | Found 2 parameters named NWB_AssetType
INFO | SELECTED | Shared Parameter | Scope=instance | ReadOnly=False | Id=3045150
INFO | SELECTED | Shared Parameter | Scope=instance | ReadOnly=False | Id=7626181
INFO | Writing INSTANCE parameter 'NWB_AssetType' on element 15269568
INFO | Element 15269568 | NWB_AssetType | Kind=Shared Parameter | Scope=instance | Storage=String | Old='' | New='Ductwork'
INFO | Writing INSTANCE parameter 'NWB_AssetType' on element 15269568
INFO | Element 15269568 | NWB_AssetType | Kind=Shared Parameter | Scope=instance | Storage=String | Old='' | New='Ductwork'
INFO | Candidate: NWB_Discipline | Scope=instance | Storage=String | ReadOnly=False | Shared=True | Id=3045151
INFO | Candidate: NWB_Discipline | Scope=instance | Storage=String | ReadOnly=False | Shared=True | Id=7626159
INFO | Found 2 parameters named NWB_Discipline
INFO | SELECTED | Shared Parameter | Scope=instance | ReadOnly=False | Id=3045151
INFO | SELECTED | Shared Parameter | Scope=instance | ReadOnly=False | Id=7626159
INFO | Writing INSTANCE parameter 'NWB_Discipline' on element 15269568
INFO | Element 15269568 | NWB_Discipline | Kind=Shared Parameter | Scope=instance | Storage=String | Old='Mechanical' | New='ME'
INFO | Writing INSTANCE parameter 'NWB_Discipline' on element 15269568
INFO | Element 15269568 | NWB_Discipline | Kind=Shared Parameter | Scope=instance | Storage=String | Old='Mechanical' | New='ME'
INFO | Candidate: NWB_Category | Scope=instance | Storage=String | ReadOnly=False | Shared=True | Id=3045152
INFO | Candidate: NWB_Category | Scope=instance | Storage=String | ReadOnly=False | Shared=True | Id=7626160
INFO | Found 2 parameters named NWB_Category
INFO | SELECTED | Shared Parameter | Scope=instance | ReadOnly=False | Id=3045152
INFO | SELECTED | Shared Parameter | Scope=instance | ReadOnly=False | Id=7626160
INFO | Writing INSTANCE parameter 'NWB_Category' on element 15269568
INFO | Element 15269568 | NWB_Category | Kind=Shared Parameter | Scope=instance | Storage=String | Old='' | New='Ductwork'
INFO | Writing INSTANCE parameter 'NWB_Category' on element 15269568
INFO | Element 15269568 | NWB_Category | Kind=Shared Parameter | Scope=instance | Storage=String | Old='' | New='Ductwork'
INFO | Candidate: NWB_System | Scope=instance | Storage=String | ReadOnly=False | Shared=True | Id=3045155
INFO | Candidate: NWB_System | Scope=instance | Storage=String | ReadOnly=False | Shared=True | Id=7626163
INFO | Found 2 parameters named NWB_System
INFO | SELECTED | Shared Parameter | Scope=instance | ReadOnly=False | Id=3045155
INFO | SELECTED | Shared Parameter | Scope=instance | ReadOnly=False | Id=7626163
INFO | Writing INSTANCE parameter 'NWB_System' on element 15269568
INFO | Element 15269568 | NWB_System | Kind=Shared Parameter | Scope=instance | Storage=String | Old='' | New='Supply Air'
INFO | Candidate: NWB_UniclassCode | Scope=instance | Storage=String | ReadOnly=False | Shared=True | Id=3045156
INFO | Candidate: NWB_UniclassCode | Scope=instance | Storage=String | ReadOnly=False | Shared=True | Id=7626165
INFO | Found 2 parameters named NWB_UniclassCode
INFO | SELECTED | Shared Parameter | Scope=instance | ReadOnly=False | Id=3045156
INFO | SELECTED | Shared Parameter | Scope=instance | ReadOnly=False | Id=7626165
INFO | Writing INSTANCE parameter 'NWB_UniclassCode' on element 15269568
INFO | Element 15269568 | NWB_UniclassCode | Kind=Shared Parameter | Scope=instance | Storage=String | Old='' | New='Pr_65_65_25'
INFO | Writing INSTANCE parameter 'NWB_UniclassCode' on element 15269568
INFO | Element 15269568 | NWB_UniclassCode | Kind=Shared Parameter | Scope=instance | Storage=String | Old='' | New='Pr_65_65_25'
INFO | Candidate: NWB_UniclassDescription | Scope=instance | Storage=String | ReadOnly=False | Shared=True | Id=3045157
INFO | Candidate: NWB_UniclassDescription | Scope=instance | Storage=String | ReadOnly=False | Shared=True | Id=7626166
INFO | Found 2 parameters named NWB_UniclassDescription
INFO | SELECTED | Shared Parameter | Scope=instance | ReadOnly=False | Id=3045157
INFO | SELECTED | Shared Parameter | Scope=instance | ReadOnly=False | Id=7626166
INFO | Writing INSTANCE parameter 'NWB_UniclassDescription' on element 15269568
INFO | Element 15269568 | NWB_UniclassDescription | Kind=Shared Parameter | Scope=instance | Storage=String | Old='' | New='Ductwork and fittings'
INFO | Writing INSTANCE parameter 'NWB_UniclassDescription' on element 15269568
INFO | Element 15269568 | NWB_UniclassDescription | Kind=Shared Parameter | Scope=instance | Storage=String | Old='' | New='Ductwork and fittings'
INFO | Candidate: NWB_DesignPkg | Scope=instance | Storage=String | ReadOnly=False | Shared=True | Id=3045158
INFO | Candidate: NWB_DesignPkg | Scope=instance | Storage=String | ReadOnly=False | Shared=True | Id=7626167
INFO | Found 2 parameters named NWB_DesignPkg
INFO | SELECTED | Shared Parameter | Scope=instance | ReadOnly=False | Id=3045158
INFO | SELECTED | Shared Parameter | Scope=instance | ReadOnly=False | Id=7626167
INFO | Writing INSTANCE parameter 'NWB_DesignPkg' on element 15269568
INFO | Element 15269568 | NWB_DesignPkg | Kind=Shared Parameter | Scope=instance | Storage=String | Old='' | New='NWB-GEN-ME-SCM-1091-A'
INFO | Writing INSTANCE parameter 'NWB_DesignPkg' on element 15269568
INFO | Element 15269568 | NWB_DesignPkg | Kind=Shared Parameter | Scope=instance | Storage=String | Old='' | New='NWB-GEN-ME-SCM-1091-A'
ERROR | Element 15269568 | Category=Duct Fittings | Family= | Parameter=NWB_BuildingPermitPkg | Reason=missing | Writable sample: AHU, AHU_AreaServed, AHU_Serves, AHU_Type, AHU_ZoneNumber, Building_No, COMPLETE Y/N, Classification.OmniClass.21.Description_INSTANCE, Classification.OmniClass.21.Number_INSTANCE, Classification.OmniClass.22.Description_INSTANCE, Classification.OmniClass.22.Number_INSTANCE, Classification.OmniClass.23.Description_INSTANCE, Classification.OmniClass.23.Number_INSTANCE, Classification.UniFormat.2010.Description, Classification.UniFormat.2010.Number, Comments, Description BOM Suffix, Duct Height, Duct Width, Ductwork Insulation - Lining
INFO | Candidate: NWB_WBS00 | Scope=instance | Storage=String | ReadOnly=False | Shared=True | Id=9214738
INFO | Candidate: NWB_WBS01 | Scope=instance | Storage=String | ReadOnly=False | Shared=True | Id=9214798
INFO | Candidate: NWB_WBS02 | Scope=instance | Storage=String | ReadOnly=False | Shared=True | Id=9214786
INFO | Candidate: NWB_WBS03 | Scope=instance | Storage=String | ReadOnly=False | Shared=True | Id=9214750
INFO | Candidate: NWB_WBS04 | Scope=instance | Storage=String | ReadOnly=False | Shared=True | Id=9214762
INFO | Candidate: NWB_WBS05 | Scope=instance | Storage=String | ReadOnly=False | Shared=True | Id=9214810
INFO | Candidate: NWB_WBSCode | Scope=instance | Storage=String | ReadOnly=False | Shared=True | Id=9214774
SOURCE | Element 15269568 | Cat=Duct Fittings | Family=MHT-ME-DF-Rectangular Short Radius Bend - Flanged | Type= | Level=LEVEL 09 | System=Supply Air | LinkedRoomLink= | LinkedRoomNumber= | LinkedRoomName= | LinkedRoomDept= | LinkedRoomBuilding= | LinkedRoomSite= | LinkedRoomSource= | ResolvedDept= | ResolvedBuilding= | ResolvedSite= | DisciplineHint=mechanical | AssetCandidates=duct fittings, ductwork | WBS00=WBH | WBS01=HO | WBS03=Z00 | DesignPkg=NWB-GEN-ME-SCM-1091-A | BuildingPermitPkg=WBH - BP09
WARN | Element 15269568 | Department unresolved | ExistingNWBDepartment= | ExistingWBS00=WBH | ExistingWBS01=HO | ExistingDiscipline=Mechanical
ELEMENT | 15269568 | Cat=Duct Fittings | AssetScore=45 | AssetTypeCode=MDUC | AssetType=Ductwork | AssetCategory=Ductwork | Targets=NWB_AssetTypeCode=MDUC; NWB_AssetType=Ductwork; NWB_Discipline=ME; NWB_Category=Ductwork; NWB_Department=; NWB_Material=; NWB_System=Supply Air; NWB_UniclassCode=Pr_65_65_25; NWB_UniclassDescription=Ductwork and fittings; NWB_DesignPkg=NWB-GEN-ME-SCM-1091-A; NWB_BuildingPermitPkg=WBH - BP09; NWB_WBS00=WBH; NWB_WBS01=HO; NWB_WBS02=09; NWB_WBS03=Z00; NWB_WBS04=ME; NWB_WBS05=SI5; NWB_WBSCode=WBH-HO-09-Z00-ME-SI5
INFO | Candidate: NWB_AssetTypeCode | Scope=instance | Storage=String | ReadOnly=False | Shared=True | Id=7626182
INFO | Candidate: NWB_AssetType | Scope=instance | Storage=String | ReadOnly=False | Shared=True | Id=7626181
INFO | Candidate: NWB_Discipline | Scope=instance | Storage=String | ReadOnly=False | Shared=True | Id=7626159
INFO | Candidate: NWB_Category | Scope=instance | Storage=String | ReadOnly=False | Shared=True | Id=7626160
INFO | Candidate: NWB_System | Scope=instance | Storage=String | ReadOnly=False | Shared=True | Id=7626163
INFO | Candidate: NWB_UniclassCode | Scope=instance | Storage=String | ReadOnly=False | Shared=True | Id=7626165
INFO | Candidate: NWB_UniclassDescription | Scope=instance | Storage=String | ReadOnly=False | Shared=True | Id=7626166
INFO | Candidate: NWB_DesignPkg | Scope=instance | Storage=String | ReadOnly=False | Shared=True | Id=7626167
ERROR | Element 15269569 | Category=Ducts | Family= | Parameter=NWB_BuildingPermitPkg | Reason=missing | Writable sample: AHU, AHU_AreaServed, AHU_Serves, AHU_Type, AHU_ZoneNumber, Additional Flow, Building_No, COMPLETE Y/N, Classification.OmniClass.21.Description_INSTANCE, Classification.OmniClass.21.Number_INSTANCE, Classification.OmniClass.22.Description_INSTANCE, Classification.OmniClass.22.Number_INSTANCE, Classification.OmniClass.23.Description_INSTANCE, Classification.OmniClass.23.Number_INSTANCE, Classification.UniFormat.2010.Description, Classification.UniFormat.2010.Number, Comments, DUCT NUMBER, Description BOM Suffix, Duct Number
INFO | Candidate: NWB_WBS00 | Scope=instance | Storage=String | ReadOnly=False | Shared=True | Id=9214738
INFO | Candidate: NWB_WBS01 | Scope=instance | Storage=String | ReadOnly=False | Shared=True | Id=9214798
INFO | Candidate: NWB_WBS02 | Scope=instance | Storage=String | ReadOnly=False | Shared=True | Id=9214786
INFO | Candidate: NWB_WBS03 | Scope=instance | Storage=String | ReadOnly=False | Shared=True | Id=9214750
INFO | Candidate: NWB_WBS04 | Scope=instance | Storage=String | ReadOnly=False | Shared=True | Id=9214762
INFO | Candidate: NWB_WBS05 | Scope=instance | Storage=String | ReadOnly=False | Shared=True | Id=9214810
INFO | Writing INSTANCE parameter 'NWB_WBS05' on element 15269569
INFO | Element 15269569 | NWB_WBS05 | Kind=Shared Parameter | Scope=instance | Storage=String | Old='SP' | New='SI5'
INFO | Candidate: NWB_WBSCode | Scope=instance | Storage=String | ReadOnly=False | Shared=True | Id=9214774
INFO | Writing INSTANCE parameter 'NWB_WBSCode' on element 15269569
INFO | Element 15269569 | NWB_WBSCode | Kind=Shared Parameter | Scope=instance | Storage=String | Old='WBH-HO-09-Z00-ME-SP' | New='WBH-HO-09-Z00-ME-SI5'
SOURCE | Element 15269569 | Cat=Ducts | Family=Rectangular Duct | Type= | Level=LEVEL 09 | System=Supply Air | LinkedRoomLink= | LinkedRoomNumber= | LinkedRoomName= | LinkedRoomDept= | LinkedRoomBuilding= | LinkedRoomSite= | LinkedRoomSource= | ResolvedDept= | ResolvedBuilding= | ResolvedSite= | DisciplineHint=mechanical | AssetCandidates=ducts, ductwork | WBS00=WBH | WBS01=HO | WBS03=Z00 | DesignPkg=NWB-GEN-ME-SCM-1091-A | BuildingPermitPkg=WBH - BP09
WARN | Element 15269569 | Department unresolved | ExistingNWBDepartment= | ExistingWBS00=WBH | ExistingWBS01=HO | ExistingDiscipline=ME
ELEMENT | 15269569 | Cat=Ducts | AssetScore=45 | AssetTypeCode=MDUC | AssetType=Ductwork | AssetCategory=Ductwork | Targets=NWB_AssetTypeCode=MDUC; NWB_AssetType=Ductwork; NWB_Discipline=ME; NWB_Category=Ductwork; NWB_Department=; NWB_Material=; NWB_System=Supply Air; NWB_UniclassCode=Pr_65_65_25; NWB_UniclassDescription=Ductwork and fittings; NWB_DesignPkg=NWB-GEN-ME-SCM-1091-A; NWB_BuildingPermitPkg=WBH - BP09; NWB_WBS00=WBH; NWB_WBS01=HO; NWB_WBS02=09; NWB_WBS03=Z00; NWB_WBS04=ME; NWB_WBS05=SI5; NWB_WBSCode=WBH-HO-09-Z00-ME-SI5
INFO | Candidate: NWB_AssetTypeCode | Scope=instance | Storage=String | ReadOnly=False | Shared=True | Id=3045149
INFO | Candidate: NWB_AssetTypeCode | Scope=instance | Storage=String | ReadOnly=False | Shared=True | Id=7626182
INFO | Found 2 parameters named NWB_AssetTypeCode
INFO | SELECTED | Shared Parameter | Scope=instance | ReadOnly=False | Id=3045149
INFO | SELECTED | Shared Parameter | Scope=instance | ReadOnly=False | Id=7626182
INFO | Writing INSTANCE parameter 'NWB_AssetTypeCode' on element 15269570
INFO | Element 15269570 | NWB_AssetTypeCode | Kind=Shared Parameter | Scope=instance | Storage=String | Old='' | New='MDUC'
INFO | Writing INSTANCE parameter 'NWB_AssetTypeCode' on element 15269570
INFO | Element 15269570 | NWB_AssetTypeCode | Kind=Shared Parameter | Scope=instance | Storage=String | Old='' | New='MDUC'
INFO | Candidate: NWB_AssetType | Scope=instance | Storage=String | ReadOnly=False | Shared=True | Id=3045150
INFO | Candidate: NWB_AssetType | Scope=instance | Storage=String | ReadOnly=False | Shared=True | Id=7626181
INFO | Found 2 parameters named NWB_AssetType
INFO | SELECTED | Shared Parameter | Scope=instance | ReadOnly=False | Id=3045150
INFO | SELECTED | Shared Parameter | Scope=instance | ReadOnly=False | Id=7626181
INFO | Writing INSTANCE parameter 'NWB_AssetType' on element 15269570
INFO | Element 15269570 | NWB_AssetType | Kind=Shared Parameter | Scope=instance | Storage=String | Old='' | New='Ductwork'
INFO | Writing INSTANCE parameter 'NWB_AssetType' on element 15269570
INFO | Element 15269570 | NWB_AssetType | Kind=Shared Parameter | Scope=instance | Storage=String | Old='' | New='Ductwork'
INFO | Candidate: NWB_Discipline | Scope=instance | Storage=String | ReadOnly=False | Shared=True | Id=3045151
INFO | Candidate: NWB_Discipline | Scope=instance | Storage=String | ReadOnly=False | Shared=True | Id=7626159
INFO | Found 2 parameters named NWB_Discipline
INFO | SELECTED | Shared Parameter | Scope=instance | ReadOnly=False | Id=3045151
INFO | SELECTED | Shared Parameter | Scope=instance | ReadOnly=False | Id=7626159
INFO | Writing INSTANCE parameter 'NWB_Discipline' on element 15269570
INFO | Element 15269570 | NWB_Discipline | Kind=Shared Parameter | Scope=instance | Storage=String | Old='Mechanical' | New='ME'
INFO | Writing INSTANCE parameter 'NWB_Discipline' on element 15269570
INFO | Element 15269570 | NWB_Discipline | Kind=Shared Parameter | Scope=instance | Storage=String | Old='Mechanical' | New='ME'
INFO | Candidate: NWB_Category | Scope=instance | Storage=String | ReadOnly=False | Shared=True | Id=3045152
INFO | Candidate: NWB_Category | Scope=instance | Storage=String | ReadOnly=False | Shared=True | Id=7626160
INFO | Found 2 parameters named NWB_Category
INFO | SELECTED | Shared Parameter | Scope=instance | ReadOnly=False | Id=3045152
INFO | SELECTED | Shared Parameter | Scope=instance | ReadOnly=False | Id=7626160
INFO | Writing INSTANCE parameter 'NWB_Category' on element 15269570
INFO | Element 15269570 | NWB_Category | Kind=Shared Parameter | Scope=instance | Storage=String | Old='' | New='Ductwork'
INFO | Writing INSTANCE parameter 'NWB_Category' on element 15269570
INFO | Element 15269570 | NWB_Category | Kind=Shared Parameter | Scope=instance | Storage=String | Old='' | New='Ductwork'
INFO | Candidate: NWB_System | Scope=instance | Storage=String | ReadOnly=False | Shared=True | Id=3045155
INFO | Candidate: NWB_System | Scope=instance | Storage=String | ReadOnly=False | Shared=True | Id=7626163
INFO | Found 2 parameters named NWB_System
INFO | SELECTED | Shared Parameter | Scope=instance | ReadOnly=False | Id=3045155
INFO | SELECTED | Shared Parameter | Scope=instance | ReadOnly=False | Id=7626163
INFO | Writing INSTANCE parameter 'NWB_System' on element 15269570
INFO | Element 15269570 | NWB_System | Kind=Shared Parameter | Scope=instance | Storage=String | Old='' | New='Supply Air'
INFO | Candidate: NWB_UniclassCode | Scope=instance | Storage=String | ReadOnly=False | Shared=True | Id=3045156
INFO | Candidate: NWB_UniclassCode | Scope=instance | Storage=String | ReadOnly=False | Shared=True | Id=7626165
INFO | Found 2 parameters named NWB_UniclassCode
INFO | SELECTED | Shared Parameter | Scope=instance | ReadOnly=False | Id=3045156
INFO | SELECTED | Shared Parameter | Scope=instance | ReadOnly=False | Id=7626165
INFO | Writing INSTANCE parameter 'NWB_UniclassCode' on element 15269570
INFO | Element 15269570 | NWB_UniclassCode | Kind=Shared Parameter | Scope=instance | Storage=String | Old='' | New='Pr_65_65_25'
INFO | Writing INSTANCE parameter 'NWB_UniclassCode' on element 15269570
INFO | Element 15269570 | NWB_UniclassCode | Kind=Shared Parameter | Scope=instance | Storage=String | Old='' | New='Pr_65_65_25'
INFO | Candidate: NWB_UniclassDescription | Scope=instance | Storage=String | ReadOnly=False | Shared=True | Id=3045157
INFO | Candidate: NWB_UniclassDescription | Scope=instance | Storage=String | ReadOnly=False | Shared=True | Id=7626166
INFO | Found 2 parameters named NWB_UniclassDescription
INFO | SELECTED | Shared Parameter | Scope=instance | ReadOnly=False | Id=3045157
INFO | SELECTED | Shared Parameter | Scope=instance | ReadOnly=False | Id=7626166
INFO | Writing INSTANCE parameter 'NWB_UniclassDescription' on element 15269570
INFO | Element 15269570 | NWB_UniclassDescription | Kind=Shared Parameter | Scope=instance | Storage=String | Old='' | New='Ductwork and fittings'
INFO | Writing INSTANCE parameter 'NWB_UniclassDescription' on element 15269570
INFO | Element 15269570 | NWB_UniclassDescription | Kind=Shared Parameter | Scope=instance | Storage=String | Old='' | New='Ductwork and fittings'
INFO | Candidate: NWB_DesignPkg | Scope=instance | Storage=String | ReadOnly=False | Shared=True | Id=3045158
INFO | Candidate: NWB_DesignPkg | Scope=instance | Storage=String | ReadOnly=False | Shared=True | Id=7626167
INFO | Found 2 parameters named NWB_DesignPkg
INFO | SELECTED | Shared Parameter | Scope=instance | ReadOnly=False | Id=3045158
INFO | SELECTED | Shared Parameter | Scope=instance | ReadOnly=False | Id=7626167
INFO | Writing INSTANCE parameter 'NWB_DesignPkg' on element 15269570
INFO | Element 15269570 | NWB_DesignPkg | Kind=Shared Parameter | Scope=instance | Storage=String | Old='' | New='NWB-GEN-ME-SCM-1091-A'
INFO | Writing INSTANCE parameter 'NWB_DesignPkg' on element 15269570
INFO | Element 15269570 | NWB_DesignPkg | Kind=Shared Parameter | Scope=instance | Storage=String | Old='' | New='NWB-GEN-ME-SCM-1091-A'
ERROR | Element 15269570 | Category=Duct Fittings | Family= | Parameter=NWB_BuildingPermitPkg | Reason=missing | Writable sample: AHU, AHU_AreaServed, AHU_Serves, AHU_Type, AHU_ZoneNumber, Building_No, COMPLETE Y/N, Classification.OmniClass.21.Description_INSTANCE, Classification.OmniClass.21.Number_INSTANCE, Classification.OmniClass.22.Description_INSTANCE, Classification.OmniClass.22.Number_INSTANCE, Classification.OmniClass.23.Description_INSTANCE, Classification.OmniClass.23.Number_INSTANCE, Classification.UniFormat.2010.Description, Classification.UniFormat.2010.Number, Comments, Description BOM Suffix, Duct Height, Duct Width, Ductwork Insulation - Lining
INFO | Candidate: NWB_WBS00 | Scope=instance | Storage=String | ReadOnly=False | Shared=True | Id=9214738
INFO | Candidate: NWB_WBS01 | Scope=instance | Storage=String | ReadOnly=False | Shared=True | Id=9214798
INFO | Candidate: NWB_WBS02 | Scope=instance | Storage=String | ReadOnly=False | Shared=True | Id=9214786
INFO | Candidate: NWB_WBS03 | Scope=instance | Storage=String | ReadOnly=False | Shared=True | Id=9214750
INFO | Candidate: NWB_WBS04 | Scope=instance | Storage=String | ReadOnly=False | Shared=True | Id=9214762
INFO | Candidate: NWB_WBS05 | Scope=instance | Storage=String | ReadOnly=False | Shared=True | Id=9214810
INFO | Candidate: NWB_WBSCode | Scope=instance | Storage=String | ReadOnly=False | Shared=True | Id=9214774
SOURCE | Element 15269570 | Cat=Duct Fittings | Family=MHT-ME-DF-Rectangular Short Radius Bend - Flanged | Type= | Level=LEVEL 09 | System=Supply Air | LinkedRoomLink= | LinkedRoomNumber= | LinkedRoomName= | LinkedRoomDept= | LinkedRoomBuilding= | LinkedRoomSite= | LinkedRoomSource= | ResolvedDept= | ResolvedBuilding= | ResolvedSite= | DisciplineHint=mechanical | AssetCandidates=duct fittings, ductwork | WBS00=WBH | WBS01=HO | WBS03=Z00 | DesignPkg=NWB-GEN-ME-SCM-1091-A | BuildingPermitPkg=WBH - BP09
WARN | Element 15269570 | Department unresolved | ExistingNWBDepartment= | ExistingWBS00=WBH | ExistingWBS01=HO | ExistingDiscipline=Mechanical
ELEMENT | 15269570 | Cat=Duct Fittings | AssetScore=45 | AssetTypeCode=MDUC | AssetType=Ductwork | AssetCategory=Ductwork | Targets=NWB_AssetTypeCode=MDUC; NWB_AssetType=Ductwork; NWB_Discipline=ME; NWB_Category=Ductwork; NWB_Department=; NWB_Material=; NWB_System=Supply Air; NWB_UniclassCode=Pr_65_65_25; NWB_UniclassDescription=Ductwork and fittings; NWB_DesignPkg=NWB-GEN-ME-SCM-1091-A; NWB_BuildingPermitPkg=WBH - BP09; NWB_WBS00=WBH; NWB_WBS01=HO; NWB_WBS02=09; NWB_WBS03=Z00; NWB_WBS04=ME; NWB_WBS05=SI5; NWB_WBSCode=WBH-HO-09-Z00-ME-SI5
INFO | Candidate: NWB_AssetTypeCode | Scope=instance | Storage=String | ReadOnly=False | Shared=True | Id=7626182
INFO | Writing INSTANCE parameter 'NWB_AssetTypeCode' on element 15269678
INFO | Element 15269678 | NWB_AssetTypeCode | Kind=Shared Parameter | Scope=instance | Storage=String | Old='' | New='MDUC'
INFO | Candidate: NWB_AssetType | Scope=instance | Storage=String | ReadOnly=False | Shared=True | Id=7626181
INFO | Writing INSTANCE parameter 'NWB_AssetType' on element 15269678
INFO | Element 15269678 | NWB_AssetType | Kind=Shared Parameter | Scope=instance | Storage=String | Old='' | New='Ductwork'
INFO | Candidate: NWB_Discipline | Scope=instance | Storage=String | ReadOnly=False | Shared=True | Id=7626159
INFO | Writing INSTANCE parameter 'NWB_Discipline' on element 15269678
INFO | Element 15269678 | NWB_Discipline | Kind=Shared Parameter | Scope=instance | Storage=String | Old='Mechanical' | New='ME'
INFO | Candidate: NWB_Category | Scope=instance | Storage=String | ReadOnly=False | Shared=True | Id=7626160
INFO | Writing INSTANCE parameter 'NWB_Category' on element 15269678
INFO | Element 15269678 | NWB_Category | Kind=Shared Parameter | Scope=instance | Storage=String | Old='' | New='Ductwork'
INFO | Candidate: NWB_System | Scope=instance | Storage=String | ReadOnly=False | Shared=True | Id=7626163
INFO | Candidate: NWB_UniclassCode | Scope=instance | Storage=String | ReadOnly=False | Shared=True | Id=7626165
INFO | Writing INSTANCE parameter 'NWB_UniclassCode' on element 15269678
INFO | Element 15269678 | NWB_UniclassCode | Kind=Shared Parameter | Scope=instance | Storage=String | Old='' | New='Pr_65_65_25'
INFO | Candidate: NWB_UniclassDescription | Scope=instance | Storage=String | ReadOnly=False | Shared=True | Id=7626166
INFO | Writing INSTANCE parameter 'NWB_UniclassDescription' on element 15269678
INFO | Element 15269678 | NWB_UniclassDescription | Kind=Shared Parameter | Scope=instance | Storage=String | Old='' | New='Ductwork and fittings'
INFO | Candidate: NWB_DesignPkg | Scope=instance | Storage=String | ReadOnly=False | Shared=True | Id=7626167
INFO | Writing INSTANCE parameter 'NWB_DesignPkg' on element 15269678
INFO | Element 15269678 | NWB_DesignPkg | Kind=Shared Parameter | Scope=instance | Storage=String | Old='' | New='NWB-GEN-ME-SCM-1091-A'
ERROR | Element 15269678 | Category=Duct Fittings | Family= | Parameter=NWB_BuildingPermitPkg | Reason=missing | Writable sample: AHU, AHU_AreaServed, AHU_Serves, AHU_Type, AHU_ZoneNumber, Angle, Building_No, COMPLETE Y/N, Classification.OmniClass.21.Description_INSTANCE, Classification.OmniClass.21.Number_INSTANCE, Classification.OmniClass.22.Description_INSTANCE, Classification.OmniClass.22.Number_INSTANCE, Classification.OmniClass.23.Description_INSTANCE, Classification.OmniClass.23.Number_INSTANCE, Classification.UniFormat.2010.Description, Classification.UniFormat.2010.Number, Comments, Description BOM Suffix, Ductwork Insulation - Lining, Elevation from Level
INFO | Candidate: NWB_WBS00 | Scope=instance | Storage=String | ReadOnly=False | Shared=True | Id=9214738
INFO | Candidate: NWB_WBS01 | Scope=instance | Storage=String | ReadOnly=False | Shared=True | Id=9214798
INFO | Candidate: NWB_WBS02 | Scope=instance | Storage=String | ReadOnly=False | Shared=True | Id=9214786
INFO | Candidate: NWB_WBS03 | Scope=instance | Storage=String | ReadOnly=False | Shared=True | Id=9214750
INFO | Candidate: NWB_WBS04 | Scope=instance | Storage=String | ReadOnly=False | Shared=True | Id=9214762
INFO | Candidate: NWB_WBS05 | Scope=instance | Storage=String | ReadOnly=False | Shared=True | Id=9214810
INFO | Candidate: NWB_WBSCode | Scope=instance | Storage=String | ReadOnly=False | Shared=True | Id=9214774
SOURCE | Element 15269678 | Cat=Duct Fittings | Family=MHT-ME-DF-BRANCH-TAP-01 | Type= | Level=LEVEL 09 | System=Supply Air | LinkedRoomLink= | LinkedRoomNumber= | LinkedRoomName= | LinkedRoomDept= | LinkedRoomBuilding= | LinkedRoomSite= | LinkedRoomSource= | ResolvedDept= | ResolvedBuilding= | ResolvedSite= | DisciplineHint=mechanical | AssetCandidates=duct fittings, ductwork | WBS00=WBH | WBS01=HO | WBS03=Z00 | DesignPkg=NWB-GEN-ME-SCM-1091-A | BuildingPermitPkg=WBH - BP09
WARN | Element 15269678 | Department unresolved | ExistingNWBDepartment= | ExistingWBS00=WBH | ExistingWBS01=HO | ExistingDiscipline=Mechanical
ELEMENT | 15269678 | Cat=Duct Fittings | AssetScore=45 | AssetTypeCode=MDUC | AssetType=Ductwork | AssetCategory=Ductwork | Targets=NWB_AssetTypeCode=MDUC; NWB_AssetType=Ductwork; NWB_Discipline=ME; NWB_Category=Ductwork; NWB_Department=; NWB_Material=; NWB_System=Supply Air; NWB_UniclassCode=Pr_65_65_25; NWB_UniclassDescription=Ductwork and fittings; NWB_DesignPkg=NWB-GEN-ME-SCM-1091-A; NWB_BuildingPermitPkg=WBH - BP09; NWB_WBS00=WBH; NWB_WBS01=HO; NWB_WBS02=09; NWB_WBS03=Z00; NWB_WBS04=ME; NWB_WBS05=SI5; NWB_WBSCode=WBH-HO-09-Z00-ME-SI5
INFO | Candidate: NWB_AssetTypeCode | Scope=instance | Storage=String | ReadOnly=False | Shared=True | Id=3045149
INFO | Candidate: NWB_AssetTypeCode | Scope=instance | Storage=String | ReadOnly=False | Shared=True | Id=7626182
INFO | Found 2 parameters named NWB_AssetTypeCode
INFO | SELECTED | Shared Parameter | Scope=instance | ReadOnly=False | Id=3045149
INFO | SELECTED | Shared Parameter | Scope=instance | ReadOnly=False | Id=7626182
INFO | Writing INSTANCE parameter 'NWB_AssetTypeCode' on element 15269679
INFO | Element 15269679 | NWB_AssetTypeCode | Kind=Shared Parameter | Scope=instance | Storage=String | Old='' | New='MDUC'
INFO | Writing INSTANCE parameter 'NWB_AssetTypeCode' on element 15269679
INFO | Element 15269679 | NWB_AssetTypeCode | Kind=Shared Parameter | Scope=instance | Storage=String | Old='' | New='MDUC'
INFO | Candidate: NWB_AssetType | Scope=instance | Storage=String | ReadOnly=False | Shared=True | Id=3045150
INFO | Candidate: NWB_AssetType | Scope=instance | Storage=String | ReadOnly=False | Shared=True | Id=7626181
INFO | Found 2 parameters named NWB_AssetType
INFO | SELECTED | Shared Parameter | Scope=instance | ReadOnly=False | Id=3045150
INFO | SELECTED | Shared Parameter | Scope=instance | ReadOnly=False | Id=7626181
INFO | Writing INSTANCE parameter 'NWB_AssetType' on element 15269679
INFO | Element 15269679 | NWB_AssetType | Kind=Shared Parameter | Scope=instance | Storage=String | Old='' | New='Ductwork'
INFO | Writing INSTANCE parameter 'NWB_AssetType' on element 15269679
INFO | Element 15269679 | NWB_AssetType | Kind=Shared Parameter | Scope=instance | Storage=String | Old='' | New='Ductwork'
INFO | Candidate: NWB_Discipline | Scope=instance | Storage=String | ReadOnly=False | Shared=True | Id=3045151
INFO | Candidate: NWB_Discipline | Scope=instance | Storage=String | ReadOnly=False | Shared=True | Id=7626159
INFO | Found 2 parameters named NWB_Discipline
INFO | SELECTED | Shared Parameter | Scope=instance | ReadOnly=False | Id=3045151
INFO | SELECTED | Shared Parameter | Scope=instance | ReadOnly=False | Id=7626159
INFO | Writing INSTANCE parameter 'NWB_Discipline' on element 15269679
INFO | Element 15269679 | NWB_Discipline | Kind=Shared Parameter | Scope=instance | Storage=String | Old='Mechanical' | New='ME'
INFO | Writing INSTANCE parameter 'NWB_Discipline' on element 15269679
INFO | Element 15269679 | NWB_Discipline | Kind=Shared Parameter | Scope=instance | Storage=String | Old='Mechanical' | New='ME'
INFO | Candidate: NWB_Category | Scope=instance | Storage=String | ReadOnly=False | Shared=True | Id=3045152
INFO | Candidate: NWB_Category | Scope=instance | Storage=String | ReadOnly=False | Shared=True | Id=7626160
INFO | Found 2 parameters named NWB_Category
INFO | SELECTED | Shared Parameter | Scope=instance | ReadOnly=False | Id=3045152
INFO | SELECTED | Shared Parameter | Scope=instance | ReadOnly=False | Id=7626160
INFO | Writing INSTANCE parameter 'NWB_Category' on element 15269679
INFO | Element 15269679 | NWB_Category | Kind=Shared Parameter | Scope=instance | Storage=String | Old='' | New='Ductwork'
INFO | Writing INSTANCE parameter 'NWB_Category' on element 15269679
INFO | Element 15269679 | NWB_Category | Kind=Shared Parameter | Scope=instance | Storage=String | Old='' | New='Ductwork'
INFO | Candidate: NWB_System | Scope=instance | Storage=String | ReadOnly=False | Shared=True | Id=3045155
INFO | Candidate: NWB_System | Scope=instance | Storage=String | ReadOnly=False | Shared=True | Id=7626163
INFO | Found 2 parameters named NWB_System
INFO | SELECTED | Shared Parameter | Scope=instance | ReadOnly=False | Id=3045155
INFO | SELECTED | Shared Parameter | Scope=instance | ReadOnly=False | Id=7626163
INFO | Writing INSTANCE parameter 'NWB_System' on element 15269679
INFO | Element 15269679 | NWB_System | Kind=Shared Parameter | Scope=instance | Storage=String | Old='' | New='Supply Air'
INFO | Candidate: NWB_UniclassCode | Scope=instance | Storage=String | ReadOnly=False | Shared=True | Id=3045156
INFO | Candidate: NWB_UniclassCode | Scope=instance | Storage=String | ReadOnly=False | Shared=True | Id=7626165
INFO | Found 2 parameters named NWB_UniclassCode
INFO | SELECTED | Shared Parameter | Scope=instance | ReadOnly=False | Id=3045156
INFO | SELECTED | Shared Parameter | Scope=instance | ReadOnly=False | Id=7626165
INFO | Writing INSTANCE parameter 'NWB_UniclassCode' on element 15269679
INFO | Element 15269679 | NWB_UniclassCode | Kind=Shared Parameter | Scope=instance | Storage=String | Old='' | New='Pr_65_65_25'
INFO | Writing INSTANCE parameter 'NWB_UniclassCode' on element 15269679
INFO | Element 15269679 | NWB_UniclassCode | Kind=Shared Parameter | Scope=instance | Storage=String | Old='' | New='Pr_65_65_25'
INFO | Candidate: NWB_UniclassDescription | Scope=instance | Storage=String | ReadOnly=False | Shared=True | Id=3045157
INFO | Candidate: NWB_UniclassDescription | Scope=instance | Storage=String | ReadOnly=False | Shared=True | Id=7626166
INFO | Found 2 parameters named NWB_UniclassDescription
INFO | SELECTED | Shared Parameter | Scope=instance | ReadOnly=False | Id=3045157
INFO | SELECTED | Shared Parameter | Scope=instance | ReadOnly=False | Id=7626166
INFO | Writing INSTANCE parameter 'NWB_UniclassDescription' on element 15269679
INFO | Element 15269679 | NWB_UniclassDescription | Kind=Shared Parameter | Scope=instance | Storage=String | Old='' | New='Ductwork and fittings'
INFO | Writing INSTANCE parameter 'NWB_UniclassDescription' on element 15269679
INFO | Element 15269679 | NWB_UniclassDescription | Kind=Shared Parameter | Scope=instance | Storage=String | Old='' | New='Ductwork and fittings'
INFO | Candidate: NWB_DesignPkg | Scope=instance | Storage=String | ReadOnly=False | Shared=True | Id=3045158
INFO | Candidate: NWB_DesignPkg | Scope=instance | Storage=String | ReadOnly=False | Shared=True | Id=7626167
INFO | Found 2 parameters named NWB_DesignPkg
INFO | SELECTED | Shared Parameter | Scope=instance | ReadOnly=False | Id=3045158
INFO | SELECTED | Shared Parameter | Scope=instance | ReadOnly=False | Id=7626167
INFO | Writing INSTANCE parameter 'NWB_DesignPkg' on element 15269679
INFO | Element 15269679 | NWB_DesignPkg | Kind=Shared Parameter | Scope=instance | Storage=String | Old='' | New='NWB-GEN-ME-SCM-1091-A'
INFO | Writing INSTANCE parameter 'NWB_DesignPkg' on element 15269679
INFO | Element 15269679 | NWB_DesignPkg | Kind=Shared Parameter | Scope=instance | Storage=String | Old='' | New='NWB-GEN-ME-SCM-1091-A'
ERROR | Element 15269679 | Category=Duct Fittings | Family= | Parameter=NWB_BuildingPermitPkg | Reason=missing | Writable sample: AHU, AHU_AreaServed, AHU_Serves, AHU_Type, AHU_ZoneNumber, Building_No, COMPLETE Y/N, Classification.OmniClass.21.Description_INSTANCE, Classification.OmniClass.21.Number_INSTANCE, Classification.OmniClass.22.Description_INSTANCE, Classification.OmniClass.22.Number_INSTANCE, Classification.OmniClass.23.Description_INSTANCE, Classification.OmniClass.23.Number_INSTANCE, Classification.UniFormat.2010.Description, Classification.UniFormat.2010.Number, Comments, Description BOM Suffix, Duct Height, Duct Width, Ductwork Insulation - Lining
INFO | Candidate: NWB_WBS00 | Scope=instance | Storage=String | ReadOnly=False | Shared=True | Id=9214738
INFO | Candidate: NWB_WBS01 | Scope=instance | Storage=String | ReadOnly=False | Shared=True | Id=9214798
INFO | Candidate: NWB_WBS02 | Scope=instance | Storage=String | ReadOnly=False | Shared=True | Id=9214786
INFO | Candidate: NWB_WBS03 | Scope=instance | Storage=String | ReadOnly=False | Shared=True | Id=9214750
INFO | Candidate: NWB_WBS04 | Scope=instance | Storage=String | ReadOnly=False | Shared=True | Id=9214762
INFO | Candidate: NWB_WBS05 | Scope=instance | Storage=String | ReadOnly=False | Shared=True | Id=9214810
INFO | Candidate: NWB_WBSCode | Scope=instance | Storage=String | ReadOnly=False | Shared=True | Id=9214774
SOURCE | Element 15269679 | Cat=Duct Fittings | Family=MHT-ME-DF-Rectangular Short Radius Bend - Flanged | Type= | Level=LEVEL 09 | System=Supply Air | LinkedRoomLink= | LinkedRoomNumber= | LinkedRoomName= | LinkedRoomDept= | LinkedRoomBuilding= | LinkedRoomSite= | LinkedRoomSource= | ResolvedDept= | ResolvedBuilding= | ResolvedSite= | DisciplineHint=mechanical | AssetCandidates=duct fittings, ductwork | WBS00=WBH | WBS01=HO | WBS03=Z00 | DesignPkg=NWB-GEN-ME-SCM-1091-A | BuildingPermitPkg=WBH - BP09
WARN | Element 15269679 | Department unresolved | ExistingNWBDepartment= | ExistingWBS00=WBH | ExistingWBS01=HO | ExistingDiscipline=Mechanical
ELEMENT | 15269679 | Cat=Duct Fittings | AssetScore=45 | AssetTypeCode=MDUC | AssetType=Ductwork | AssetCategory=Ductwork | Targets=NWB_AssetTypeCode=MDUC; NWB_AssetType=Ductwork; NWB_Discipline=ME; NWB_Category=Ductwork; NWB_Department=; NWB_Material=; NWB_System=Supply Air; NWB_UniclassCode=Pr_65_65_25; NWB_UniclassDescription=Ductwork and fittings; NWB_DesignPkg=NWB-GEN-ME-SCM-1091-A; NWB_BuildingPermitPkg=WBH - BP09; NWB_WBS00=WBH; NWB_WBS01=HO; NWB_WBS02=09; NWB_WBS03=Z00; NWB_WBS04=ME; NWB_WBS05=SI5; NWB_WBSCode=WBH-HO-09-Z00-ME-SI5
INFO | Candidate: NWB_AssetTypeCode | Scope=instance | Storage=String | ReadOnly=False | Shared=True | Id=3045149
INFO | Candidate: NWB_AssetTypeCode | Scope=instance | Storage=String | ReadOnly=False | Shared=True | Id=7626182
INFO | Found 2 parameters named NWB_AssetTypeCode
INFO | SELECTED | Shared Parameter | Scope=instance | ReadOnly=False | Id=3045149
INFO | SELECTED | Shared Parameter | Scope=instance | ReadOnly=False | Id=7626182
INFO | Writing INSTANCE parameter 'NWB_AssetTypeCode' on element 15269681
INFO | Element 15269681 | NWB_AssetTypeCode | Kind=Shared Parameter | Scope=instance | Storage=String | Old='' | New='MDUC'
INFO | Writing INSTANCE parameter 'NWB_AssetTypeCode' on element 15269681
INFO | Element 15269681 | NWB_AssetTypeCode | Kind=Shared Parameter | Scope=instance | Storage=String | Old='' | New='MDUC'
INFO | Candidate: NWB_AssetType | Scope=instance | Storage=String | ReadOnly=False | Shared=True | Id=3045150
INFO | Candidate: NWB_AssetType | Scope=instance | Storage=String | ReadOnly=False | Shared=True | Id=7626181
INFO | Found 2 parameters named NWB_AssetType
INFO | SELECTED | Shared Parameter | Scope=instance | ReadOnly=False | Id=3045150
INFO | SELECTED | Shared Parameter | Scope=instance | ReadOnly=False | Id=7626181
INFO | Writing INSTANCE parameter 'NWB_AssetType' on element 15269681
INFO | Element 15269681 | NWB_AssetType | Kind=Shared Parameter | Scope=instance | Storage=String | Old='' | New='Ductwork'
INFO | Writing INSTANCE parameter 'NWB_AssetType' on element 15269681
INFO | Element 15269681 | NWB_AssetType | Kind=Shared Parameter | Scope=instance | Storage=String | Old='' | New='Ductwork'
INFO | Candidate: NWB_Discipline | Scope=instance | Storage=String | ReadOnly=False | Shared=True | Id=3045151
INFO | Candidate: NWB_Discipline | Scope=instance | Storage=String | ReadOnly=False | Shared=True | Id=7626159
INFO | Found 2 parameters named NWB_Discipline
INFO | SELECTED | Shared Parameter | Scope=instance | ReadOnly=False | Id=3045151
INFO | SELECTED | Shared Parameter | Scope=instance | ReadOnly=False | Id=7626159
INFO | Writing INSTANCE parameter 'NWB_Discipline' on element 15269681
INFO | Element 15269681 | NWB_Discipline | Kind=Shared Parameter | Scope=instance | Storage=String | Old='Mechanical' | New='ME'
INFO | Writing INSTANCE parameter 'NWB_Discipline' on element 15269681
INFO | Element 15269681 | NWB_Discipline | Kind=Shared Parameter | Scope=instance | Storage=String | Old='Mechanical' | New='ME'
INFO | Candidate: NWB_Category | Scope=instance | Storage=String | ReadOnly=False | Shared=True | Id=3045152
INFO | Candidate: NWB_Category | Scope=instance | Storage=String | ReadOnly=False | Shared=True | Id=7626160
INFO | Found 2 parameters named NWB_Category
INFO | SELECTED | Shared Parameter | Scope=instance | ReadOnly=False | Id=3045152
INFO | SELECTED | Shared Parameter | Scope=instance | ReadOnly=False | Id=7626160
INFO | Writing INSTANCE parameter 'NWB_Category' on element 15269681
INFO | Element 15269681 | NWB_Category | Kind=Shared Parameter | Scope=instance | Storage=String | Old='' | New='Ductwork'
INFO | Writing INSTANCE parameter 'NWB_Category' on element 15269681
INFO | Element 15269681 | NWB_Category | Kind=Shared Parameter | Scope=instance | Storage=String | Old='' | New='Ductwork'
INFO | Candidate: NWB_System | Scope=instance | Storage=String | ReadOnly=False | Shared=True | Id=3045155
INFO | Candidate: NWB_System | Scope=instance | Storage=String | ReadOnly=False | Shared=True | Id=7626163
INFO | Found 2 parameters named NWB_System
INFO | SELECTED | Shared Parameter | Scope=instance | ReadOnly=False | Id=3045155
INFO | SELECTED | Shared Parameter | Scope=instance | ReadOnly=False | Id=7626163
INFO | Writing INSTANCE parameter 'NWB_System' on element 15269681
INFO | Element 15269681 | NWB_System | Kind=Shared Parameter | Scope=instance | Storage=String | Old='' | New='Supply Air'
INFO | Candidate: NWB_UniclassCode | Scope=instance | Storage=String | ReadOnly=False | Shared=True | Id=3045156
INFO | Candidate: NWB_UniclassCode | Scope=instance | Storage=String | ReadOnly=False | Shared=True | Id=7626165
INFO | Found 2 parameters named NWB_UniclassCode
INFO | SELECTED | Shared Parameter | Scope=instance | ReadOnly=False | Id=3045156
INFO | SELECTED | Shared Parameter | Scope=instance | ReadOnly=False | Id=7626165
INFO | Writing INSTANCE parameter 'NWB_UniclassCode' on element 15269681
INFO | Element 15269681 | NWB_UniclassCode | Kind=Shared Parameter | Scope=instance | Storage=String | Old='' | New='Pr_65_65_25'
INFO | Writing INSTANCE parameter 'NWB_UniclassCode' on element 15269681
INFO | Element 15269681 | NWB_UniclassCode | Kind=Shared Parameter | Scope=instance | Storage=String | Old='' | New='Pr_65_65_25'
INFO | Candidate: NWB_UniclassDescription | Scope=instance | Storage=String | ReadOnly=False | Shared=True | Id=3045157
INFO | Candidate: NWB_UniclassDescription | Scope=instance | Storage=String | ReadOnly=False | Shared=True | Id=7626166
INFO | Found 2 parameters named NWB_UniclassDescription
INFO | SELECTED | Shared Parameter | Scope=instance | ReadOnly=False | Id=3045157
INFO | SELECTED | Shared Parameter | Scope=instance | ReadOnly=False | Id=7626166
INFO | Writing INSTANCE parameter 'NWB_UniclassDescription' on element 15269681
INFO | Element 15269681 | NWB_UniclassDescription | Kind=Shared Parameter | Scope=instance | Storage=String | Old='' | New='Ductwork and fittings'
INFO | Writing INSTANCE parameter 'NWB_UniclassDescription' on element 15269681
INFO | Element 15269681 | NWB_UniclassDescription | Kind=Shared Parameter | Scope=instance | Storage=String | Old='' | New='Ductwork and fittings'
INFO | Candidate: NWB_DesignPkg | Scope=instance | Storage=String | ReadOnly=False | Shared=True | Id=3045158
INFO | Candidate: NWB_DesignPkg | Scope=instance | Storage=String | ReadOnly=False | Shared=True | Id=7626167
INFO | Found 2 parameters named NWB_DesignPkg
INFO | SELECTED | Shared Parameter | Scope=instance | ReadOnly=False | Id=3045158
INFO | SELECTED | Shared Parameter | Scope=instance | ReadOnly=False | Id=7626167
INFO | Writing INSTANCE parameter 'NWB_DesignPkg' on element 15269681
INFO | Element 15269681 | NWB_DesignPkg | Kind=Shared Parameter | Scope=instance | Storage=String | Old='' | New='NWB-GEN-ME-SCM-1091-A'
INFO | Writing INSTANCE parameter 'NWB_DesignPkg' on element 15269681
INFO | Element 15269681 | NWB_DesignPkg | Kind=Shared Parameter | Scope=instance | Storage=String | Old='' | New='NWB-GEN-ME-SCM-1091-A'
ERROR | Element 15269681 | Category=Duct Fittings | Family= | Parameter=NWB_BuildingPermitPkg | Reason=missing | Writable sample: AHU, AHU_AreaServed, AHU_Serves, AHU_Type, AHU_ZoneNumber, Building_No, COMPLETE Y/N, Classification.OmniClass.21.Description_INSTANCE, Classification.OmniClass.21.Number_INSTANCE, Classification.OmniClass.22.Description_INSTANCE, Classification.OmniClass.22.Number_INSTANCE, Classification.OmniClass.23.Description_INSTANCE, Classification.OmniClass.23.Number_INSTANCE, Classification.UniFormat.2010.Description, Classification.UniFormat.2010.Number, Comments, Description BOM Suffix, Duct Height, Duct Width, Ductwork Insulation - Lining
INFO | Candidate: NWB_WBS00 | Scope=instance | Storage=String | ReadOnly=False | Shared=True | Id=9214738
INFO | Candidate: NWB_WBS01 | Scope=instance | Storage=String | ReadOnly=False | Shared=True | Id=9214798
INFO | Candidate: NWB_WBS02 | Scope=instance | Storage=String | ReadOnly=False | Shared=True | Id=9214786
INFO | Candidate: NWB_WBS03 | Scope=instance | Storage=String | ReadOnly=False | Shared=True | Id=9214750
INFO | Candidate: NWB_WBS04 | Scope=instance | Storage=String | ReadOnly=False | Shared=True | Id=9214762
INFO | Candidate: NWB_WBS05 | Scope=instance | Storage=String | ReadOnly=False | Shared=True | Id=9214810
INFO | Candidate: NWB_WBSCode | Scope=instance | Storage=String | ReadOnly=False | Shared=True | Id=9214774
SOURCE | Element 15269681 | Cat=Duct Fittings | Family=MHT-ME-DF-Rectangular Short Radius Bend - Flanged | Type= | Level=LEVEL 09 | System=Supply Air | LinkedRoomLink= | LinkedRoomNumber= | LinkedRoomName= | LinkedRoomDept= | LinkedRoomBuilding= | LinkedRoomSite= | LinkedRoomSource= | ResolvedDept= | ResolvedBuilding= | ResolvedSite= | DisciplineHint=mechanical | AssetCandidates=duct fittings, ductwork | WBS00=WBH | WBS01=HO | WBS03=Z00 | DesignPkg=NWB-GEN-ME-SCM-1091-A | BuildingPermitPkg=WBH - BP09
WARN | Element 15269681 | Department unresolved | ExistingNWBDepartment= | ExistingWBS00=WBH | ExistingWBS01=HO | ExistingDiscipline=Mechanical
ELEMENT | 15269681 | Cat=Duct Fittings | AssetScore=45 | AssetTypeCode=MDUC | AssetType=Ductwork | AssetCategory=Ductwork | Targets=NWB_AssetTypeCode=MDUC; NWB_AssetType=Ductwork; NWB_Discipline=ME; NWB_Category=Ductwork; NWB_Department=; NWB_Material=; NWB_System=Supply Air; NWB_UniclassCode=Pr_65_65_25; NWB_UniclassDescription=Ductwork and fittings; NWB_DesignPkg=NWB-GEN-ME-SCM-1091-A; NWB_BuildingPermitPkg=WBH - BP09; NWB_WBS00=WBH; NWB_WBS01=HO; NWB_WBS02=09; NWB_WBS03=Z00; NWB_WBS04=ME; NWB_WBS05=SI5; NWB_WBSCode=WBH-HO-09-Z00-ME-SI5
INFO | Candidate: NWB_AssetTypeCode | Scope=instance | Storage=String | ReadOnly=False | Shared=True | Id=7626182
INFO | Candidate: NWB_AssetType | Scope=instance | Storage=String | ReadOnly=False | Shared=True | Id=7626181
INFO | Candidate: NWB_Discipline | Scope=instance | Storage=String | ReadOnly=False | Shared=True | Id=7626159
INFO | Candidate: NWB_Category | Scope=instance | Storage=String | ReadOnly=False | Shared=True | Id=7626160
INFO | Candidate: NWB_System | Scope=instance | Storage=String | ReadOnly=False | Shared=True | Id=7626163
INFO | Candidate: NWB_UniclassCode | Scope=instance | Storage=String | ReadOnly=False | Shared=True | Id=7626165
INFO | Candidate: NWB_UniclassDescription | Scope=instance | Storage=String | ReadOnly=False | Shared=True | Id=7626166
INFO | Candidate: NWB_DesignPkg | Scope=instance | Storage=String | ReadOnly=False | Shared=True | Id=7626167
ERROR | Element 15269683 | Category=Ducts | Family= | Parameter=NWB_BuildingPermitPkg | Reason=missing | Writable sample: AHU, AHU_AreaServed, AHU_Serves, AHU_Type, AHU_ZoneNumber, Additional Flow, Building_No, COMPLETE Y/N, Classification.OmniClass.21.Description_INSTANCE, Classification.OmniClass.21.Number_INSTANCE, Classification.OmniClass.22.Description_INSTANCE, Classification.OmniClass.22.Number_INSTANCE, Classification.OmniClass.23.Description_INSTANCE, Classification.OmniClass.23.Number_INSTANCE, Classification.UniFormat.2010.Description, Classification.UniFormat.2010.Number, Comments, DUCT NUMBER, Description BOM Suffix, Duct Number
INFO | Candidate: NWB_WBS00 | Scope=instance | Storage=String | ReadOnly=False | Shared=True | Id=9214738
INFO | Candidate: NWB_WBS01 | Scope=instance | Storage=String | ReadOnly=False | Shared=True | Id=9214798
INFO | Candidate: NWB_WBS02 | Scope=instance | Storage=String | ReadOnly=False | Shared=True | Id=9214786
INFO | Candidate: NWB_WBS03 | Scope=instance | Storage=String | ReadOnly=False | Shared=True | Id=9214750
INFO | Candidate: NWB_WBS04 | Scope=instance | Storage=String | ReadOnly=False | Shared=True | Id=9214762
INFO | Candidate: NWB_WBS05 | Scope=instance | Storage=String | ReadOnly=False | Shared=True | Id=9214810
INFO | Writing INSTANCE parameter 'NWB_WBS05' on element 15269683
INFO | Element 15269683 | NWB_WBS05 | Kind=Shared Parameter | Scope=instance | Storage=String | Old='SP' | New='SI5'
INFO | Candidate: NWB_WBSCode | Scope=instance | Storage=String | ReadOnly=False | Shared=True | Id=9214774
INFO | Writing INSTANCE parameter 'NWB_WBSCode' on element 15269683
INFO | Element 15269683 | NWB_WBSCode | Kind=Shared Parameter | Scope=instance | Storage=String | Old='WBH-HO-09-Z00-ME-SP' | New='WBH-HO-09-Z00-ME-SI5'
SOURCE | Element 15269683 | Cat=Ducts | Family=Rectangular Duct | Type= | Level=LEVEL 09 | System=Supply Air | LinkedRoomLink= | LinkedRoomNumber= | LinkedRoomName= | LinkedRoomDept= | LinkedRoomBuilding= | LinkedRoomSite= | LinkedRoomSource= | ResolvedDept= | ResolvedBuilding= | ResolvedSite= | DisciplineHint=mechanical | AssetCandidates=ducts, ductwork | WBS00=WBH | WBS01=HO | WBS03=Z00 | DesignPkg=NWB-GEN-ME-SCM-1091-A | BuildingPermitPkg=WBH - BP09
WARN | Element 15269683 | Department unresolved | ExistingNWBDepartment= | ExistingWBS00=WBH | ExistingWBS01=HO | ExistingDiscipline=ME
ELEMENT | 15269683 | Cat=Ducts | AssetScore=45 | AssetTypeCode=MDUC | AssetType=Ductwork | AssetCategory=Ductwork | Targets=NWB_AssetTypeCode=MDUC; NWB_AssetType=Ductwork; NWB_Discipline=ME; NWB_Category=Ductwork; NWB_Department=; NWB_Material=; NWB_System=Supply Air; NWB_UniclassCode=Pr_65_65_25; NWB_UniclassDescription=Ductwork and fittings; NWB_DesignPkg=NWB-GEN-ME-SCM-1091-A; NWB_BuildingPermitPkg=WBH - BP09; NWB_WBS00=WBH; NWB_WBS01=HO; NWB_WBS02=09; NWB_WBS03=Z00; NWB_WBS04=ME; NWB_WBS05=SI5; NWB_WBSCode=WBH-HO-09-Z00-ME-SI5
INFO | Candidate: NWB_AssetTypeCode | Scope=instance | Storage=String | ReadOnly=False | Shared=True | Id=7626182
INFO | Candidate: NWB_AssetType | Scope=instance | Storage=String | ReadOnly=False | Shared=True | Id=7626181
INFO | Candidate: NWB_Discipline | Scope=instance | Storage=String | ReadOnly=False | Shared=True | Id=7626159
INFO | Candidate: NWB_Category | Scope=instance | Storage=String | ReadOnly=False | Shared=True | Id=7626160
INFO | Candidate: NWB_System | Scope=instance | Storage=String | ReadOnly=False | Shared=True | Id=7626163
INFO | Candidate: NWB_UniclassCode | Scope=instance | Storage=String | ReadOnly=False | Shared=True | Id=7626165
INFO | Candidate: NWB_UniclassDescription | Scope=instance | Storage=String | ReadOnly=False | Shared=True | Id=7626166
INFO | Candidate: NWB_DesignPkg | Scope=instance | Storage=String | ReadOnly=False | Shared=True | Id=7626167
ERROR | Element 15269685 | Category=Ducts | Family= | Parameter=NWB_BuildingPermitPkg | Reason=missing | Writable sample: AHU, AHU_AreaServed, AHU_Serves, AHU_Type, AHU_ZoneNumber, Additional Flow, Building_No, COMPLETE Y/N, Classification.OmniClass.21.Description_INSTANCE, Classification.OmniClass.21.Number_INSTANCE, Classification.OmniClass.22.Description_INSTANCE, Classification.OmniClass.22.Number_INSTANCE, Classification.OmniClass.23.Description_INSTANCE, Classification.OmniClass.23.Number_INSTANCE, Classification.UniFormat.2010.Description, Classification.UniFormat.2010.Number, Comments, DUCT NUMBER, Description BOM Suffix, Duct Number
INFO | Candidate: NWB_WBS00 | Scope=instance | Storage=String | ReadOnly=False | Shared=True | Id=9214738
INFO | Candidate: NWB_WBS01 | Scope=instance | Storage=String | ReadOnly=False | Shared=True | Id=9214798
INFO | Candidate: NWB_WBS02 | Scope=instance | Storage=String | ReadOnly=False | Shared=True | Id=9214786
INFO | Candidate: NWB_WBS03 | Scope=instance | Storage=String | ReadOnly=False | Shared=True | Id=9214750
INFO | Candidate: NWB_WBS04 | Scope=instance | Storage=String | ReadOnly=False | Shared=True | Id=9214762
INFO | Candidate: NWB_WBS05 | Scope=instance | Storage=String | ReadOnly=False | Shared=True | Id=9214810
INFO | Writing INSTANCE parameter 'NWB_WBS05' on element 15269685
INFO | Element 15269685 | NWB_WBS05 | Kind=Shared Parameter | Scope=instance | Storage=String | Old='SP' | New='SI5'
INFO | Candidate: NWB_WBSCode | Scope=instance | Storage=String | ReadOnly=False | Shared=True | Id=9214774
INFO | Writing INSTANCE parameter 'NWB_WBSCode' on element 15269685
INFO | Element 15269685 | NWB_WBSCode | Kind=Shared Parameter | Scope=instance | Storage=String | Old='WBH-HO-09-Z00-ME-SP' | New='WBH-HO-09-Z00-ME-SI5'
SOURCE | Element 15269685 | Cat=Ducts | Family=Rectangular Duct | Type= | Level=LEVEL 09 | System=Supply Air | LinkedRoomLink= | LinkedRoomNumber= | LinkedRoomName= | LinkedRoomDept= | LinkedRoomBuilding= | LinkedRoomSite= | LinkedRoomSource= | ResolvedDept= | ResolvedBuilding= | ResolvedSite= | DisciplineHint=mechanical | AssetCandidates=ducts, ductwork | WBS00=WBH | WBS01=HO | WBS03=Z00 | DesignPkg=NWB-GEN-ME-SCM-1091-A | BuildingPermitPkg=WBH - BP09
WARN | Element 15269685 | Department unresolved | ExistingNWBDepartment= | ExistingWBS00=WBH | ExistingWBS01=HO | ExistingDiscipline=ME
ELEMENT | 15269685 | Cat=Ducts | AssetScore=45 | AssetTypeCode=MDUC | AssetType=Ductwork | AssetCategory=Ductwork | Targets=NWB_AssetTypeCode=MDUC; NWB_AssetType=Ductwork; NWB_Discipline=ME; NWB_Category=Ductwork; NWB_Department=; NWB_Material=; NWB_System=Supply Air; NWB_UniclassCode=Pr_65_65_25; NWB_UniclassDescription=Ductwork and fittings; NWB_DesignPkg=NWB-GEN-ME-SCM-1091-A; NWB_BuildingPermitPkg=WBH - BP09; NWB_WBS00=WBH; NWB_WBS01=HO; NWB_WBS02=09; NWB_WBS03=Z00; NWB_WBS04=ME; NWB_WBS05=SI5; NWB_WBSCode=WBH-HO-09-Z00-ME-SI5
INFO | Candidate: NWB_AssetTypeCode | Scope=instance | Storage=String | ReadOnly=False | Shared=True | Id=3045149
INFO | Candidate: NWB_AssetTypeCode | Scope=instance | Storage=String | ReadOnly=False | Shared=True | Id=7626182
INFO | Found 2 parameters named NWB_AssetTypeCode
INFO | SELECTED | Shared Parameter | Scope=instance | ReadOnly=False | Id=3045149
INFO | SELECTED | Shared Parameter | Scope=instance | ReadOnly=False | Id=7626182
INFO | Writing INSTANCE parameter 'NWB_AssetTypeCode' on element 15269686
INFO | Element 15269686 | NWB_AssetTypeCode | Kind=Shared Parameter | Scope=instance | Storage=String | Old='' | New='MDUC'
INFO | Writing INSTANCE parameter 'NWB_AssetTypeCode' on element 15269686
INFO | Element 15269686 | NWB_AssetTypeCode | Kind=Shared Parameter | Scope=instance | Storage=String | Old='' | New='MDUC'
INFO | Candidate: NWB_AssetType | Scope=instance | Storage=String | ReadOnly=False | Shared=True | Id=3045150
INFO | Candidate: NWB_AssetType | Scope=instance | Storage=String | ReadOnly=False | Shared=True | Id=7626181
INFO | Found 2 parameters named NWB_AssetType
INFO | SELECTED | Shared Parameter | Scope=instance | ReadOnly=False | Id=3045150
INFO | SELECTED | Shared Parameter | Scope=instance | ReadOnly=False | Id=7626181
INFO | Writing INSTANCE parameter 'NWB_AssetType' on element 15269686
INFO | Element 15269686 | NWB_AssetType | Kind=Shared Parameter | Scope=instance | Storage=String | Old='' | New='Ductwork'
INFO | Writing INSTANCE parameter 'NWB_AssetType' on element 15269686
INFO | Element 15269686 | NWB_AssetType | Kind=Shared Parameter | Scope=instance | Storage=String | Old='' | New='Ductwork'
INFO | Candidate: NWB_Discipline | Scope=instance | Storage=String | ReadOnly=False | Shared=True | Id=3045151
INFO | Candidate: NWB_Discipline | Scope=instance | Storage=String | ReadOnly=False | Shared=True | Id=7626159
INFO | Found 2 parameters named NWB_Discipline
INFO | SELECTED | Shared Parameter | Scope=instance | ReadOnly=False | Id=3045151
INFO | SELECTED | Shared Parameter | Scope=instance | ReadOnly=False | Id=7626159
INFO | Writing INSTANCE parameter 'NWB_Discipline' on element 15269686
INFO | Element 15269686 | NWB_Discipline | Kind=Shared Parameter | Scope=instance | Storage=String | Old='Mechanical' | New='ME'
INFO | Writing INSTANCE parameter 'NWB_Discipline' on element 15269686
INFO | Element 15269686 | NWB_Discipline | Kind=Shared Parameter | Scope=instance | Storage=String | Old='Mechanical' | New='ME'
INFO | Candidate: NWB_Category | Scope=instance | Storage=String | ReadOnly=False | Shared=True | Id=3045152
INFO | Candidate: NWB_Category | Scope=instance | Storage=String | ReadOnly=False | Shared=True | Id=7626160
INFO | Found 2 parameters named NWB_Category
INFO | SELECTED | Shared Parameter | Scope=instance | ReadOnly=False | Id=3045152
INFO | SELECTED | Shared Parameter | Scope=instance | ReadOnly=False | Id=7626160
INFO | Writing INSTANCE parameter 'NWB_Category' on element 15269686
INFO | Element 15269686 | NWB_Category | Kind=Shared Parameter | Scope=instance | Storage=String | Old='' | New='Ductwork'
INFO | Writing INSTANCE parameter 'NWB_Category' on element 15269686
INFO | Element 15269686 | NWB_Category | Kind=Shared Parameter | Scope=instance | Storage=String | Old='' | New='Ductwork'
INFO | Candidate: NWB_System | Scope=instance | Storage=String | ReadOnly=False | Shared=True | Id=3045155
INFO | Candidate: NWB_System | Scope=instance | Storage=String | ReadOnly=False | Shared=True | Id=7626163
INFO | Found 2 parameters named NWB_System
INFO | SELECTED | Shared Parameter | Scope=instance | ReadOnly=False | Id=3045155
INFO | SELECTED | Shared Parameter | Scope=instance | ReadOnly=False | Id=7626163
INFO | Writing INSTANCE parameter 'NWB_System' on element 15269686
INFO | Element 15269686 | NWB_System | Kind=Shared Parameter | Scope=instance | Storage=String | Old='' | New='Supply Air'
INFO | Candidate: NWB_UniclassCode | Scope=instance | Storage=String | ReadOnly=False | Shared=True | Id=3045156
INFO | Candidate: NWB_UniclassCode | Scope=instance | Storage=String | ReadOnly=False | Shared=True | Id=7626165
INFO | Found 2 parameters named NWB_UniclassCode
INFO | SELECTED | Shared Parameter | Scope=instance | ReadOnly=False | Id=3045156
INFO | SELECTED | Shared Parameter | Scope=instance | ReadOnly=False | Id=7626165
INFO | Writing INSTANCE parameter 'NWB_UniclassCode' on element 15269686
INFO | Element 15269686 | NWB_UniclassCode | Kind=Shared Parameter | Scope=instance | Storage=String | Old='' | New='Pr_65_65_25'
INFO | Writing INSTANCE parameter 'NWB_UniclassCode' on element 15269686
INFO | Element 15269686 | NWB_UniclassCode | Kind=Shared Parameter | Scope=instance | Storage=String | Old='' | New='Pr_65_65_25'
INFO | Candidate: NWB_UniclassDescription | Scope=instance | Storage=String | ReadOnly=False | Shared=True | Id=3045157
INFO | Candidate: NWB_UniclassDescription | Scope=instance | Storage=String | ReadOnly=False | Shared=True | Id=7626166
INFO | Found 2 parameters named NWB_UniclassDescription
INFO | SELECTED | Shared Parameter | Scope=instance | ReadOnly=False | Id=3045157
INFO | SELECTED | Shared Parameter | Scope=instance | ReadOnly=False | Id=7626166
INFO | Writing INSTANCE parameter 'NWB_UniclassDescription' on element 15269686
INFO | Element 15269686 | NWB_UniclassDescription | Kind=Shared Parameter | Scope=instance | Storage=String | Old='' | New='Ductwork and fittings'
INFO | Writing INSTANCE parameter 'NWB_UniclassDescription' on element 15269686
INFO | Element 15269686 | NWB_UniclassDescription | Kind=Shared Parameter | Scope=instance | Storage=String | Old='' | New='Ductwork and fittings'
INFO | Candidate: NWB_DesignPkg | Scope=instance | Storage=String | ReadOnly=False | Shared=True | Id=3045158
INFO | Candidate: NWB_DesignPkg | Scope=instance | Storage=String | ReadOnly=False | Shared=True | Id=7626167
INFO | Found 2 parameters named NWB_DesignPkg
INFO | SELECTED | Shared Parameter | Scope=instance | ReadOnly=False | Id=3045158
INFO | SELECTED | Shared Parameter | Scope=instance | ReadOnly=False | Id=7626167
INFO | Writing INSTANCE parameter 'NWB_DesignPkg' on element 15269686
INFO | Element 15269686 | NWB_DesignPkg | Kind=Shared Parameter | Scope=instance | Storage=String | Old='' | New='NWB-GEN-ME-SCM-1091-A'
INFO | Writing INSTANCE parameter 'NWB_DesignPkg' on element 15269686
INFO | Element 15269686 | NWB_DesignPkg | Kind=Shared Parameter | Scope=instance | Storage=String | Old='' | New='NWB-GEN-ME-SCM-1091-A'
ERROR | Element 15269686 | Category=Duct Fittings | Family= | Parameter=NWB_BuildingPermitPkg | Reason=missing | Writable sample: AHU, AHU_AreaServed, AHU_Serves, AHU_Type, AHU_ZoneNumber, Building_No, COMPLETE Y/N, Classification.OmniClass.21.Description_INSTANCE, Classification.OmniClass.21.Number_INSTANCE, Classification.OmniClass.22.Description_INSTANCE, Classification.OmniClass.22.Number_INSTANCE, Classification.OmniClass.23.Description_INSTANCE, Classification.OmniClass.23.Number_INSTANCE, Classification.UniFormat.2010.Description, Classification.UniFormat.2010.Number, Comments, Description BOM Suffix, Duct Height, Duct Width, Ductwork Insulation - Lining
INFO | Candidate: NWB_WBS00 | Scope=instance | Storage=String | ReadOnly=False | Shared=True | Id=9214738
INFO | Candidate: NWB_WBS01 | Scope=instance | Storage=String | ReadOnly=False | Shared=True | Id=9214798
INFO | Candidate: NWB_WBS02 | Scope=instance | Storage=String | ReadOnly=False | Shared=True | Id=9214786
INFO | Candidate: NWB_WBS03 | Scope=instance | Storage=String | ReadOnly=False | Shared=True | Id=9214750
INFO | Candidate: NWB_WBS04 | Scope=instance | Storage=String | ReadOnly=False | Shared=True | Id=9214762
INFO | Candidate: NWB_WBS05 | Scope=instance | Storage=String | ReadOnly=False | Shared=True | Id=9214810
INFO | Candidate: NWB_WBSCode | Scope=instance | Storage=String | ReadOnly=False | Shared=True | Id=9214774
SOURCE | Element 15269686 | Cat=Duct Fittings | Family=MHT-ME-DF-Rectangular Short Radius Bend - Flanged | Type= | Level=LEVEL 09 | System=Supply Air | LinkedRoomLink= | LinkedRoomNumber= | LinkedRoomName= | LinkedRoomDept= | LinkedRoomBuilding= | LinkedRoomSite= | LinkedRoomSource= | ResolvedDept= | ResolvedBuilding= | ResolvedSite= | DisciplineHint=mechanical | AssetCandidates=duct fittings, ductwork | WBS00=WBH | WBS01=HO | WBS03=Z00 | DesignPkg=NWB-GEN-ME-SCM-1091-A | BuildingPermitPkg=WBH - BP09
WARN | Element 15269686 | Department unresolved | ExistingNWBDepartment= | ExistingWBS00=WBH | ExistingWBS01=HO | ExistingDiscipline=Mechanical
ELEMENT | 15269686 | Cat=Duct Fittings | AssetScore=45 | AssetTypeCode=MDUC | AssetType=Ductwork | AssetCategory=Ductwork | Targets=NWB_AssetTypeCode=MDUC; NWB_AssetType=Ductwork; NWB_Discipline=ME; NWB_Category=Ductwork; NWB_Department=; NWB_Material=; NWB_System=Supply Air; NWB_UniclassCode=Pr_65_65_25; NWB_UniclassDescription=Ductwork and fittings; NWB_DesignPkg=NWB-GEN-ME-SCM-1091-A; NWB_BuildingPermitPkg=WBH - BP09; NWB_WBS00=WBH; NWB_WBS01=HO; NWB_WBS02=09; NWB_WBS03=Z00; NWB_WBS04=ME; NWB_WBS05=SI5; NWB_WBSCode=WBH-HO-09-Z00-ME-SI5
INFO | Candidate: NWB_AssetTypeCode | Scope=instance | Storage=String | ReadOnly=False | Shared=True | Id=3045149
INFO | Candidate: NWB_AssetTypeCode | Scope=instance | Storage=String | ReadOnly=False | Shared=True | Id=7626182
INFO | Found 2 parameters named NWB_AssetTypeCode
INFO | SELECTED | Shared Parameter | Scope=instance | ReadOnly=False | Id=3045149
INFO | SELECTED | Shared Parameter | Scope=instance | ReadOnly=False | Id=7626182
INFO | Writing INSTANCE parameter 'NWB_AssetTypeCode' on element 15269689
INFO | Element 15269689 | NWB_AssetTypeCode | Kind=Shared Parameter | Scope=instance | Storage=String | Old='' | New='MDUC'
INFO | Writing INSTANCE parameter 'NWB_AssetTypeCode' on element 15269689
INFO | Element 15269689 | NWB_AssetTypeCode | Kind=Shared Parameter | Scope=instance | Storage=String | Old='' | New='MDUC'
INFO | Candidate: NWB_AssetType | Scope=instance | Storage=String | ReadOnly=False | Shared=True | Id=3045150
INFO | Candidate: NWB_AssetType | Scope=instance | Storage=String | ReadOnly=False | Shared=True | Id=7626181
INFO | Found 2 parameters named NWB_AssetType
INFO | SELECTED | Shared Parameter | Scope=instance | ReadOnly=False | Id=3045150
INFO | SELECTED | Shared Parameter | Scope=instance | ReadOnly=False | Id=7626181
INFO | Writing INSTANCE parameter 'NWB_AssetType' on element 15269689
INFO | Element 15269689 | NWB_AssetType | Kind=Shared Parameter | Scope=instance | Storage=String | Old='' | New='Ductwork'
INFO | Writing INSTANCE parameter 'NWB_AssetType' on element 15269689
INFO | Element 15269689 | NWB_AssetType | Kind=Shared Parameter | Scope=instance | Storage=String | Old='' | New='Ductwork'
INFO | Candidate: NWB_Discipline | Scope=instance | Storage=String | ReadOnly=False | Shared=True | Id=3045151
INFO | Candidate: NWB_Discipline | Scope=instance | Storage=String | ReadOnly=False | Shared=True | Id=7626159
INFO | Found 2 parameters named NWB_Discipline
INFO | SELECTED | Shared Parameter | Scope=instance | ReadOnly=False | Id=3045151
INFO | SELECTED | Shared Parameter | Scope=instance | ReadOnly=False | Id=7626159
INFO | Writing INSTANCE parameter 'NWB_Discipline' on element 15269689
INFO | Element 15269689 | NWB_Discipline | Kind=Shared Parameter | Scope=instance | Storage=String | Old='Mechanical' | New='ME'
INFO | Writing INSTANCE parameter 'NWB_Discipline' on element 15269689
INFO | Element 15269689 | NWB_Discipline | Kind=Shared Parameter | Scope=instance | Storage=String | Old='Mechanical' | New='ME'
INFO | Candidate: NWB_Category | Scope=instance | Storage=String | ReadOnly=False | Shared=True | Id=3045152
INFO | Candidate: NWB_Category | Scope=instance | Storage=String | ReadOnly=False | Shared=True | Id=7626160
INFO | Found 2 parameters named NWB_Category
INFO | SELECTED | Shared Parameter | Scope=instance | ReadOnly=False | Id=3045152
INFO | SELECTED | Shared Parameter | Scope=instance | ReadOnly=False | Id=7626160
INFO | Writing INSTANCE parameter 'NWB_Category' on element 15269689
INFO | Element 15269689 | NWB_Category | Kind=Shared Parameter | Scope=instance | Storage=String | Old='' | New='Ductwork'
INFO | Writing INSTANCE parameter 'NWB_Category' on element 15269689
INFO | Element 15269689 | NWB_Category | Kind=Shared Parameter | Scope=instance | Storage=String | Old='' | New='Ductwork'
INFO | Candidate: NWB_System | Scope=instance | Storage=String | ReadOnly=False | Shared=True | Id=3045155
INFO | Candidate: NWB_System | Scope=instance | Storage=String | ReadOnly=False | Shared=True | Id=7626163
INFO | Found 2 parameters named NWB_System
INFO | SELECTED | Shared Parameter | Scope=instance | ReadOnly=False | Id=3045155
INFO | SELECTED | Shared Parameter | Scope=instance | ReadOnly=False | Id=7626163
INFO | Writing INSTANCE parameter 'NWB_System' on element 15269689
INFO | Element 15269689 | NWB_System | Kind=Shared Parameter | Scope=instance | Storage=String | Old='' | New='Supply Air'
INFO | Candidate: NWB_UniclassCode | Scope=instance | Storage=String | ReadOnly=False | Shared=True | Id=3045156
INFO | Candidate: NWB_UniclassCode | Scope=instance | Storage=String | ReadOnly=False | Shared=True | Id=7626165
INFO | Found 2 parameters named NWB_UniclassCode
INFO | SELECTED | Shared Parameter | Scope=instance | ReadOnly=False | Id=3045156
INFO | SELECTED | Shared Parameter | Scope=instance | ReadOnly=False | Id=7626165
INFO | Writing INSTANCE parameter 'NWB_UniclassCode' on element 15269689
INFO | Element 15269689 | NWB_UniclassCode | Kind=Shared Parameter | Scope=instance | Storage=String | Old='' | New='Pr_65_65_25'
INFO | Writing INSTANCE parameter 'NWB_UniclassCode' on element 15269689
INFO | Element 15269689 | NWB_UniclassCode | Kind=Shared Parameter | Scope=instance | Storage=String | Old='' | New='Pr_65_65_25'
INFO | Candidate: NWB_UniclassDescription | Scope=instance | Storage=String | ReadOnly=False | Shared=True | Id=3045157
INFO | Candidate: NWB_UniclassDescription | Scope=instance | Storage=String | ReadOnly=False | Shared=True | Id=7626166
INFO | Found 2 parameters named NWB_UniclassDescription
INFO | SELECTED | Shared Parameter | Scope=instance | ReadOnly=False | Id=3045157
INFO | SELECTED | Shared Parameter | Scope=instance | ReadOnly=False | Id=7626166
INFO | Writing INSTANCE parameter 'NWB_UniclassDescription' on element 15269689
INFO | Element 15269689 | NWB_UniclassDescription | Kind=Shared Parameter | Scope=instance | Storage=String | Old='' | New='Ductwork and fittings'
INFO | Writing INSTANCE parameter 'NWB_UniclassDescription' on element 15269689
INFO | Element 15269689 | NWB_UniclassDescription | Kind=Shared Parameter | Scope=instance | Storage=String | Old='' | New='Ductwork and fittings'
INFO | Candidate: NWB_DesignPkg | Scope=instance | Storage=String | ReadOnly=False | Shared=True | Id=3045158
INFO | Candidate: NWB_DesignPkg | Scope=instance | Storage=String | ReadOnly=False | Shared=True | Id=7626167
INFO | Found 2 parameters named NWB_DesignPkg
INFO | SELECTED | Shared Parameter | Scope=instance | ReadOnly=False | Id=3045158
INFO | SELECTED | Shared Parameter | Scope=instance | ReadOnly=False | Id=7626167
INFO | Writing INSTANCE parameter 'NWB_DesignPkg' on element 15269689
INFO | Element 15269689 | NWB_DesignPkg | Kind=Shared Parameter | Scope=instance | Storage=String | Old='' | New='NWB-GEN-ME-SCM-1091-A'
INFO | Writing INSTANCE parameter 'NWB_DesignPkg' on element 15269689
INFO | Element 15269689 | NWB_DesignPkg | Kind=Shared Parameter | Scope=instance | Storage=String | Old='' | New='NWB-GEN-ME-SCM-1091-A'
ERROR | Element 15269689 | Category=Duct Fittings | Family= | Parameter=NWB_BuildingPermitPkg | Reason=missing | Writable sample: AHU, AHU_AreaServed, AHU_Serves, AHU_Type, AHU_ZoneNumber, Building_No, COMPLETE Y/N, Classification.OmniClass.21.Description_INSTANCE, Classification.OmniClass.21.Number_INSTANCE, Classification.OmniClass.22.Description_INSTANCE, Classification.OmniClass.22.Number_INSTANCE, Classification.OmniClass.23.Description_INSTANCE, Classification.OmniClass.23.Number_INSTANCE, Classification.UniFormat.2010.Description, Classification.UniFormat.2010.Number, Comments, Description BOM Suffix, Duct Height, Duct Width, Ductwork Insulation - Lining
INFO | Candidate: NWB_WBS00 | Scope=instance | Storage=String | ReadOnly=False | Shared=True | Id=9214738
INFO | Candidate: NWB_WBS01 | Scope=instance | Storage=String | ReadOnly=False | Shared=True | Id=9214798
INFO | Candidate: NWB_WBS02 | Scope=instance | Storage=String | ReadOnly=False | Shared=True | Id=9214786
INFO | Candidate: NWB_WBS03 | Scope=instance | Storage=String | ReadOnly=False | Shared=True | Id=9214750
INFO | Candidate: NWB_WBS04 | Scope=instance | Storage=String | ReadOnly=False | Shared=True | Id=9214762
INFO | Candidate: NWB_WBS05 | Scope=instance | Storage=String | ReadOnly=False | Shared=True | Id=9214810
INFO | Candidate: NWB_WBSCode | Scope=instance | Storage=String | ReadOnly=False | Shared=True | Id=9214774
SOURCE | Element 15269689 | Cat=Duct Fittings | Family=MHT-ME-DF-Rectangular Short Radius Bend - Flanged | Type= | Level=LEVEL 09 | System=Supply Air | LinkedRoomLink= | LinkedRoomNumber= | LinkedRoomName= | LinkedRoomDept= | LinkedRoomBuilding= | LinkedRoomSite= | LinkedRoomSource= | ResolvedDept= | ResolvedBuilding= | ResolvedSite= | DisciplineHint=mechanical | AssetCandidates=duct fittings, ductwork | WBS00=WBH | WBS01=HO | WBS03=Z00 | DesignPkg=NWB-GEN-ME-SCM-1091-A | BuildingPermitPkg=WBH - BP09
WARN | Element 15269689 | Department unresolved | ExistingNWBDepartment= | ExistingWBS00=WBH | ExistingWBS01=HO | ExistingDiscipline=Mechanical
ELEMENT | 15269689 | Cat=Duct Fittings | AssetScore=45 | AssetTypeCode=MDUC | AssetType=Ductwork | AssetCategory=Ductwork | Targets=NWB_AssetTypeCode=MDUC; NWB_AssetType=Ductwork; NWB_Discipline=ME; NWB_Category=Ductwork; NWB_Department=; NWB_Material=; NWB_System=Supply Air; NWB_UniclassCode=Pr_65_65_25; NWB_UniclassDescription=Ductwork and fittings; NWB_DesignPkg=NWB-GEN-ME-SCM-1091-A; NWB_BuildingPermitPkg=WBH - BP09; NWB_WBS00=WBH; NWB_WBS01=HO; NWB_WBS02=09; NWB_WBS03=Z00; NWB_WBS04=ME; NWB_WBS05=SI5; NWB_WBSCode=WBH-HO-09-Z00-ME-SI5
INFO | Candidate: NWB_AssetTypeCode | Scope=instance | Storage=String | ReadOnly=False | Shared=True | Id=7626182
INFO | Candidate: NWB_AssetType | Scope=instance | Storage=String | ReadOnly=False | Shared=True | Id=7626181
INFO | Writing INSTANCE parameter 'NWB_AssetType' on element 15272860
INFO | Element 15272860 | NWB_AssetType | Kind=Shared Parameter | Scope=instance | Storage=String | Old='Supply Air Grill' | New='Supply Air Grille'
INFO | Candidate: NWB_Discipline | Scope=instance | Storage=String | ReadOnly=False | Shared=True | Id=7626159
INFO | Writing INSTANCE parameter 'NWB_Discipline' on element 15272860
INFO | Element 15272860 | NWB_Discipline | Kind=Shared Parameter | Scope=instance | Storage=String | Old='Mechanical' | New='ME'
INFO | Candidate: NWB_Category | Scope=instance | Storage=String | ReadOnly=False | Shared=True | Id=7626160
INFO | Candidate: NWB_Department | Scope=instance | Storage=String | ReadOnly=False | Shared=True | Id=7626168
INFO | Writing INSTANCE parameter 'NWB_Department' on element 15272860
INFO | Element 15272860 | NWB_Department | Kind=Shared Parameter | Scope=instance | Storage=String | Old='' | New='High Dependency Unit'
INFO | Candidate: NWB_System | Scope=instance | Storage=String | ReadOnly=False | Shared=True | Id=7626163
INFO | Candidate: NWB_UniclassCode | Scope=instance | Storage=String | ReadOnly=False | Shared=True | Id=7626165
INFO | Candidate: NWB_UniclassDescription | Scope=instance | Storage=String | ReadOnly=False | Shared=True | Id=7626166
INFO | Writing INSTANCE parameter 'NWB_UniclassDescription' on element 15272860
INFO | Element 15272860 | NWB_UniclassDescription | Kind=Shared Parameter | Scope=instance | Storage=String | Old='' | New='Air grilles'
INFO | Candidate: NWB_DesignPkg | Scope=instance | Storage=String | ReadOnly=False | Shared=True | Id=7626167
INFO | Writing INSTANCE parameter 'NWB_DesignPkg' on element 15272860
INFO | Element 15272860 | NWB_DesignPkg | Kind=Shared Parameter | Scope=instance | Storage=String | Old='' | New='NWB-GEN-ME-SCM-1091-A'
ERROR | Element 15272860 | Category=Air Terminals | Family= | Parameter=NWB_BuildingPermitPkg | Reason=missing | Writable sample: AHU_AreaServed, AHU_Serves, AHU_Type, AHU_ZoneNumber, AQ, Building_No, COMPLETE Y/N, Classification.UniFormat.2010.Description, Classification.UniFormat.2010.Number, Comments, Export to IFC, Export to IFC As, Family, Family and Type, Flow, IFC Predefined Type, IfcGUID, Image, Legend Description, Location
INFO | Candidate: NWB_WBS00 | Scope=instance | Storage=String | ReadOnly=True | Shared=True | Id=9214738
ERROR | Element 15272860 | Category=Air Terminals | Family= | Parameter=NWB_WBS00 | Reason=readonly | Writable sample: AHU_AreaServed, AHU_Serves, AHU_Type, AHU_ZoneNumber, AQ, Building_No, COMPLETE Y/N, Classification.UniFormat.2010.Description, Classification.UniFormat.2010.Number, Comments, Export to IFC, Export to IFC As, Family, Family and Type, Flow, IFC Predefined Type, IfcGUID, Image, Legend Description, Location
INFO | Candidate: NWB_WBS01 | Scope=instance | Storage=String | ReadOnly=True | Shared=True | Id=9214798
ERROR | Element 15272860 | Category=Air Terminals | Family= | Parameter=NWB_WBS01 | Reason=readonly | Writable sample: AHU_AreaServed, AHU_Serves, AHU_Type, AHU_ZoneNumber, AQ, Building_No, COMPLETE Y/N, Classification.UniFormat.2010.Description, Classification.UniFormat.2010.Number, Comments, Export to IFC, Export to IFC As, Family, Family and Type, Flow, IFC Predefined Type, IfcGUID, Image, Legend Description, Location
INFO | Candidate: NWB_WBS02 | Scope=instance | Storage=String | ReadOnly=False | Shared=True | Id=9214786
INFO | Candidate: NWB_WBS03 | Scope=instance | Storage=String | ReadOnly=False | Shared=True | Id=9214750
INFO | Writing INSTANCE parameter 'NWB_WBS03' on element 15272860
INFO | Element 15272860 | NWB_WBS03 | Kind=Shared Parameter | Scope=instance | Storage=String | Old='IPG' | New='HDU'
INFO | Candidate: NWB_WBS04 | Scope=instance | Storage=String | ReadOnly=True | Shared=True | Id=9214762
ERROR | Element 15272860 | Category=Air Terminals | Family= | Parameter=NWB_WBS04 | Reason=readonly | Writable sample: AHU_AreaServed, AHU_Serves, AHU_Type, AHU_ZoneNumber, AQ, Building_No, COMPLETE Y/N, Classification.UniFormat.2010.Description, Classification.UniFormat.2010.Number, Comments, Export to IFC, Export to IFC As, Family, Family and Type, Flow, IFC Predefined Type, IfcGUID, Image, Legend Description, Location
INFO | Candidate: NWB_WBS05 | Scope=instance | Storage=String | ReadOnly=True | Shared=True | Id=9214810
ERROR | Element 15272860 | Category=Air Terminals | Family= | Parameter=NWB_WBS05 | Reason=readonly | Writable sample: AHU_AreaServed, AHU_Serves, AHU_Type, AHU_ZoneNumber, AQ, Building_No, COMPLETE Y/N, Classification.UniFormat.2010.Description, Classification.UniFormat.2010.Number, Comments, Export to IFC, Export to IFC As, Family, Family and Type, Flow, IFC Predefined Type, IfcGUID, Image, Legend Description, Location
INFO | Candidate: NWB_WBSCode | Scope=instance | Storage=String | ReadOnly=False | Shared=True | Id=9214774
INFO | Writing INSTANCE parameter 'NWB_WBSCode' on element 15272860
INFO | Element 15272860 | NWB_WBSCode | Kind=Shared Parameter | Scope=instance | Storage=String | Old='WBH-HO-NS-IPG-ME-SI5' | New='WBH-HO-09-HDU-ME-SI5'
SOURCE | Element 15272860 | Cat=Air Terminals | Family=MHT-ME-AT - Supply Air Grille | Type= | Level= | System=Supply Air | LinkedRoomLink=NWB-ACD-WBH-MH-MOD-0001 | LinkedRoomNumber=HDU.09.131 | LinkedRoomName=Meeting Room, 20m2 | LinkedRoomDept=High Dependency Unit | LinkedRoomBuilding= | LinkedRoomSite= | LinkedRoomSource=self | ResolvedDept=High Dependency Unit | ResolvedBuilding= | ResolvedSite= | DisciplineHint=mechanical | AssetCandidates=air terminals, air terminal | WBS00=WBH | WBS01=HO | WBS03=HDU | DesignPkg=NWB-GEN-ME-SCM-1091-A | BuildingPermitPkg=WBH - BP09
ELEMENT | 15272860 | Cat=Air Terminals | AssetScore=45 | AssetTypeCode=MSAG | AssetType=Supply Air Grille | AssetCategory=Air Terminal | Targets=NWB_AssetTypeCode=MSAG; NWB_AssetType=Supply Air Grille; NWB_Discipline=ME; NWB_Category=Air Terminal; NWB_Department=High Dependency Unit; NWB_Material=; NWB_System=Supply Air; NWB_UniclassCode=Pr_70_65_04_03; NWB_UniclassDescription=Air grilles; NWB_DesignPkg=NWB-GEN-ME-SCM-1091-A; NWB_BuildingPermitPkg=WBH - BP09; NWB_WBS00=WBH; NWB_WBS01=HO; NWB_WBS02=09; NWB_WBS03=HDU; NWB_WBS04=ME; NWB_WBS05=SI5; NWB_WBSCode=WBH-HO-09-HDU-ME-SI5
INFO | Transaction Status = RolledBack
ERROR | Transaction failed: RolledBack
END | Attempted=1256 | Written=0 | Skipped=1370 | VerifyFailed=0 | SharedWrites=1256 | FamilyWrites=0 | TypeWrites=0 | InstanceWrites=1256 | ReadOnly=40 | MissingTarget=133 | SkipTargetMode=0 | DuplicateParameter=272 | SkipWorksharing=0 | Failed=1256 | Cancelled=False
