START | Tool=NWB_PARAMETERS AutoFill
START | View=MECHANICAL DUCTWORK LAYOUT - LEVEL 09
START | ViewId=9423012
START | ViewMode=model
START | WriteMode=smart
START | ParameterTargetMode=SharedOnly
START | WorksharingMode=skip-other-users
START | ProcessingScope=selection
START | SelectedInputCount=140
START | ArchRoomLink=AUTO
START | SiteOverride=WBH
START | BuildingOverride=WBH
START | DesignPkgOverride=
START | BuildingPermitOverride=
START | ExportAudit=True
START | AuditFile=C:\Users\Gino Moreno\AppData\Roaming\pyRevit\Extensions\MHTTools.extension\MEINHARDT.tab\MEP Data.panel\Data Manage.pulldown\NWB_PARAMETERS AutoFill.pushbutton\logs\NWB_PARAMETERS_AutoFill_20260801_155431_audit.csv
WORKBOOK | C:\Users\Gino Moreno\AppData\Roaming\pyRevit\Extensions\MHTTools.extension\MEINHARDT.tab\MEP Data.panel\Data Manage.pulldown\NWB Dim AutoFill.pushbutton\NWB-WAL-GEN-DE-REG-0003.xlsx
READY | Elements=140 | AssetRows=1299 | Log=C:\Users\Gino Moreno\AppData\Roaming\pyRevit\Extensions\MHTTools.extension\MEINHARDT.tab\MEP Data.panel\Data Manage.pulldown\NWB_PARAMETERS AutoFill.pushbutton\logs\NWB_PARAMETERS_AutoFill_20260801_155431.log
READY | CategoryBreakdown=Air Terminals=26; Duct Fittings=61; Ducts=39; Flex Ducts=14
READY | EligibleElementIds=13123943, 13124053, 13141964, 13142057, 13142360, 13142556, 13142570, 13143241, 13143609, 13143615, 13143626, 13143629, 13143921, 13143992, 13144016, 13144112, 13144392, 13144438, 13169092, 13248158, 13248161, 13248162, 13248165, 13248166, 13248168, 13248190, 13248193, 13248197, 13248198, 13248200, 13363750, 13363752, 13363758, 13363759, 13363761, 13363762, 13363765, 13363766, 13363768, 13363772, 13363775, 13363776, 13363779, 13363780, 13363786, 13363789, 13363793, 13363794, 13363796, 13363839, 13363840, 13363842, 13363843, 13363846, 13363847, 13363849, 13380256, 13569042, 13569043, 13569045, 13569046, 13569049, 13569050, 13569052, 13637327, 13637420, 13932151, 14671174, 14671260, 14671291, 14671327, 14671407, 14671506, 14704170, 14704212, 14704231, 14704299, 14867768, 14867774, 14867783, 14870004, 14870017, 14874096, 14874103, 14887377, 14887906, 14906521, 14906529, 14907327, 14908172, 14908214, 14908340, 14908376, 14908708, 14908849, 14908879, 14908910, 14909063, 14909226, 14909238, 14909295, 14911394, 14914203, 14914274, 14914277, 14914279, 14914493, 14914526, 14915585, 14916764, 14916889, 14916901, 14928157, 14928168, 14928170, 15258755, 15336571, 15618819, 15618820, 15618874, 15618951, 15619029, 15619191, 15619328, 15619329, 15619604, 15619619, 15619620, 15619789, 15619805, 15620000, 15620037, 15620108, 15620234, 15621370, 15621371, 15621372, 15621378, 15639084, 15639088
INFO | Candidate: NWB_AssetTypeCode | Scope=instance | Storage=String | ReadOnly=False | Shared=True | Id=7626182
INFO | Candidate: NWB_AssetType | Scope=instance | Storage=String | ReadOnly=False | Shared=True | Id=7626181
INFO | Candidate: NWB_Discipline | Scope=instance | Storage=String | ReadOnly=False | Shared=True | Id=7626159
INFO | Candidate: NWB_Category | Scope=instance | Storage=String | ReadOnly=False | Shared=True | Id=7626160
INFO | Candidate: NWB_System | Scope=instance | Storage=String | ReadOnly=False | Shared=True | Id=7626163
INFO | Candidate: NWB_UniclassCode | Scope=instance | Storage=String | ReadOnly=False | Shared=True | Id=7626165
INFO | Candidate: NWB_UniclassDescription | Scope=instance | Storage=String | ReadOnly=False | Shared=True | Id=7626166
INFO | Candidate: NWB_DesignPkg | Scope=instance | Storage=String | ReadOnly=False | Shared=True | Id=7626167
ERROR | Element 13123943 | Category=Air Terminals | Family= | Parameter=NWB_BuildingPermitPkg | Reason=missing | Writable sample: AHU_AreaServed, AHU_Serves, AHU_Type, AHU_ZoneNumber, AQ, Building_No, COMPLETE Y/N, Classification.UniFormat.2010.Description, Classification.UniFormat.2010.Number, Comments, Elevation from Level, Export to IFC, Export to IFC As, Family, Family and Type, Flow, IFC Predefined Type, IfcGUID, Image, Legend Description
INFO | Candidate: NWB_WBS00 | Scope=instance | Storage=String | ReadOnly=True | Shared=True | Id=9214738
ERROR | Element 13123943 | Category=Air Terminals | Family= | Parameter=NWB_WBS00 | Reason=readonly | Writable sample: AHU_AreaServed, AHU_Serves, AHU_Type, AHU_ZoneNumber, AQ, Building_No, COMPLETE Y/N, Classification.UniFormat.2010.Description, Classification.UniFormat.2010.Number, Comments, Elevation from Level, Export to IFC, Export to IFC As, Family, Family and Type, Flow, IFC Predefined Type, IfcGUID, Image, Legend Description
INFO | Candidate: NWB_WBS01 | Scope=instance | Storage=String | ReadOnly=True | Shared=True | Id=9214798
ERROR | Element 13123943 | Category=Air Terminals | Family= | Parameter=NWB_WBS01 | Reason=readonly | Writable sample: AHU_AreaServed, AHU_Serves, AHU_Type, AHU_ZoneNumber, AQ, Building_No, COMPLETE Y/N, Classification.UniFormat.2010.Description, Classification.UniFormat.2010.Number, Comments, Elevation from Level, Export to IFC, Export to IFC As, Family, Family and Type, Flow, IFC Predefined Type, IfcGUID, Image, Legend Description
INFO | Candidate: NWB_WBS02 | Scope=instance | Storage=String | ReadOnly=False | Shared=True | Id=9214786
INFO | Candidate: NWB_WBS03 | Scope=instance | Storage=String | ReadOnly=False | Shared=True | Id=9214750
INFO | Candidate: NWB_WBS04 | Scope=instance | Storage=String | ReadOnly=True | Shared=True | Id=9214762
ERROR | Element 13123943 | Category=Air Terminals | Family= | Parameter=NWB_WBS04 | Reason=readonly | Writable sample: AHU_AreaServed, AHU_Serves, AHU_Type, AHU_ZoneNumber, AQ, Building_No, COMPLETE Y/N, Classification.UniFormat.2010.Description, Classification.UniFormat.2010.Number, Comments, Elevation from Level, Export to IFC, Export to IFC As, Family, Family and Type, Flow, IFC Predefined Type, IfcGUID, Image, Legend Description
INFO | Candidate: NWB_WBS05 | Scope=instance | Storage=String | ReadOnly=True | Shared=True | Id=9214810
ERROR | Element 13123943 | Category=Air Terminals | Family= | Parameter=NWB_WBS05 | Reason=readonly | Writable sample: AHU_AreaServed, AHU_Serves, AHU_Type, AHU_ZoneNumber, AQ, Building_No, COMPLETE Y/N, Classification.UniFormat.2010.Description, Classification.UniFormat.2010.Number, Comments, Elevation from Level, Export to IFC, Export to IFC As, Family, Family and Type, Flow, IFC Predefined Type, IfcGUID, Image, Legend Description
INFO | Candidate: NWB_WBSCode | Scope=instance | Storage=String | ReadOnly=False | Shared=True | Id=9214774
SOURCE | Element 13123943 | Cat=Air Terminals | Family=MHT_AT_S Air Diff Swirl | Type= | Level=LEVEL 09 | System=Supply Air | LinkedRoomLink= | LinkedRoomNumber= | LinkedRoomName= | LinkedRoomDept= | LinkedRoomBuilding= | LinkedRoomSite= | LinkedRoomSource= | ResolvedDept= | ResolvedBuilding= | ResolvedSite= | DisciplineHint=mechanical | AssetCandidates=air terminals, air terminal | WBS00=WBH | WBS01=HO | WBS03=Z00 | DesignPkg=NWB-GEN-ME-SCM-1091-A | BuildingPermitPkg=WBH - BP09
WARN | Element 13123943 | Department unresolved | ExistingNWBDepartment= | ExistingWBS00=WBS | ExistingWBS01=HO | ExistingDiscipline=ME
ELEMENT | 13123943 | Cat=Air Terminals | AssetScore=36 | AssetTypeCode=MAGS | AssetType=Air Grilles | AssetCategory=Air Terminal | Targets=NWB_AssetTypeCode=MAGS; NWB_AssetType=Air Grilles; NWB_Discipline=ME; NWB_Category=Air Terminal; NWB_Department=; NWB_Material=; NWB_System=Supply Air; NWB_UniclassCode=Pr_70_65_04_03; NWB_UniclassDescription=Air grilles; NWB_DesignPkg=NWB-GEN-ME-SCM-1091-A; NWB_BuildingPermitPkg=WBH - BP09; NWB_WBS00=WBH; NWB_WBS01=HO; NWB_WBS02=09; NWB_WBS03=Z00; NWB_WBS04=ME; NWB_WBS05=SI5; NWB_WBSCode=WBH-HO-09-Z00-ME-SI5
INFO | Candidate: NWB_AssetTypeCode | Scope=instance | Storage=String | ReadOnly=False | Shared=True | Id=7626182
INFO | Writing INSTANCE parameter 'NWB_AssetTypeCode' on element 13124053
INFO | Element 13124053 | NWB_AssetTypeCode | Kind=Shared Parameter | Scope=instance | Storage=String | Old='MSAG' | New='MAGS'
INFO | Candidate: NWB_AssetType | Scope=instance | Storage=String | ReadOnly=False | Shared=True | Id=7626181
INFO | Writing INSTANCE parameter 'NWB_AssetType' on element 13124053
INFO | Element 13124053 | NWB_AssetType | Kind=Shared Parameter | Scope=instance | Storage=String | Old='Supply Air Grill' | New='Air Grilles'
INFO | Candidate: NWB_Discipline | Scope=instance | Storage=String | ReadOnly=False | Shared=True | Id=7626159
INFO | Writing INSTANCE parameter 'NWB_Discipline' on element 13124053
INFO | Element 13124053 | NWB_Discipline | Kind=Shared Parameter | Scope=instance | Storage=String | Old='Mechanical' | New='ME'
INFO | Candidate: NWB_Category | Scope=instance | Storage=String | ReadOnly=False | Shared=True | Id=7626160
INFO | Candidate: NWB_System | Scope=instance | Storage=String | ReadOnly=False | Shared=True | Id=7626163
INFO | Candidate: NWB_UniclassCode | Scope=instance | Storage=String | ReadOnly=False | Shared=True | Id=7626165
INFO | Candidate: NWB_UniclassDescription | Scope=instance | Storage=String | ReadOnly=False | Shared=True | Id=7626166
INFO | Writing INSTANCE parameter 'NWB_UniclassDescription' on element 13124053
INFO | Element 13124053 | NWB_UniclassDescription | Kind=Shared Parameter | Scope=instance | Storage=String | Old='' | New='Air grilles'
INFO | Candidate: NWB_DesignPkg | Scope=instance | Storage=String | ReadOnly=False | Shared=True | Id=7626167
INFO | Writing INSTANCE parameter 'NWB_DesignPkg' on element 13124053
INFO | Element 13124053 | NWB_DesignPkg | Kind=Shared Parameter | Scope=instance | Storage=String | Old='' | New='NWB-GEN-ME-SCM-1091-A'
ERROR | Element 13124053 | Category=Air Terminals | Family= | Parameter=NWB_BuildingPermitPkg | Reason=missing | Writable sample: AHU_AreaServed, AHU_Serves, AHU_Type, AHU_ZoneNumber, AQ, Building_No, COMPLETE Y/N, Classification.UniFormat.2010.Description, Classification.UniFormat.2010.Number, Comments, Elevation from Level, Export to IFC, Export to IFC As, Family, Family and Type, Flow, IFC Predefined Type, IfcGUID, Image, Legend Description
INFO | Candidate: NWB_WBS00 | Scope=instance | Storage=String | ReadOnly=True | Shared=True | Id=9214738
ERROR | Element 13124053 | Category=Air Terminals | Family= | Parameter=NWB_WBS00 | Reason=readonly | Writable sample: AHU_AreaServed, AHU_Serves, AHU_Type, AHU_ZoneNumber, AQ, Building_No, COMPLETE Y/N, Classification.UniFormat.2010.Description, Classification.UniFormat.2010.Number, Comments, Elevation from Level, Export to IFC, Export to IFC As, Family, Family and Type, Flow, IFC Predefined Type, IfcGUID, Image, Legend Description
INFO | Candidate: NWB_WBS01 | Scope=instance | Storage=String | ReadOnly=True | Shared=True | Id=9214798
ERROR | Element 13124053 | Category=Air Terminals | Family= | Parameter=NWB_WBS01 | Reason=readonly | Writable sample: AHU_AreaServed, AHU_Serves, AHU_Type, AHU_ZoneNumber, AQ, Building_No, COMPLETE Y/N, Classification.UniFormat.2010.Description, Classification.UniFormat.2010.Number, Comments, Elevation from Level, Export to IFC, Export to IFC As, Family, Family and Type, Flow, IFC Predefined Type, IfcGUID, Image, Legend Description
INFO | Candidate: NWB_WBS02 | Scope=instance | Storage=String | ReadOnly=False | Shared=True | Id=9214786
INFO | Candidate: NWB_WBS03 | Scope=instance | Storage=String | ReadOnly=False | Shared=True | Id=9214750
INFO | Writing INSTANCE parameter 'NWB_WBS03' on element 13124053
INFO | Element 13124053 | NWB_WBS03 | Kind=Shared Parameter | Scope=instance | Storage=String | Old='HDU' | New='Z00'
INFO | Candidate: NWB_WBS04 | Scope=instance | Storage=String | ReadOnly=True | Shared=True | Id=9214762
ERROR | Element 13124053 | Category=Air Terminals | Family= | Parameter=NWB_WBS04 | Reason=readonly | Writable sample: AHU_AreaServed, AHU_Serves, AHU_Type, AHU_ZoneNumber, AQ, Building_No, COMPLETE Y/N, Classification.UniFormat.2010.Description, Classification.UniFormat.2010.Number, Comments, Elevation from Level, Export to IFC, Export to IFC As, Family, Family and Type, Flow, IFC Predefined Type, IfcGUID, Image, Legend Description
INFO | Candidate: NWB_WBS05 | Scope=instance | Storage=String | ReadOnly=True | Shared=True | Id=9214810
ERROR | Element 13124053 | Category=Air Terminals | Family= | Parameter=NWB_WBS05 | Reason=readonly | Writable sample: AHU_AreaServed, AHU_Serves, AHU_Type, AHU_ZoneNumber, AQ, Building_No, COMPLETE Y/N, Classification.UniFormat.2010.Description, Classification.UniFormat.2010.Number, Comments, Elevation from Level, Export to IFC, Export to IFC As, Family, Family and Type, Flow, IFC Predefined Type, IfcGUID, Image, Legend Description
INFO | Candidate: NWB_WBSCode | Scope=instance | Storage=String | ReadOnly=False | Shared=True | Id=9214774
INFO | Writing INSTANCE parameter 'NWB_WBSCode' on element 13124053
INFO | Element 13124053 | NWB_WBSCode | Kind=Shared Parameter | Scope=instance | Storage=String | Old='WBH-HO-09-HDU-ME-SI5' | New='WBH-HO-09-Z00-ME-SI5'
SOURCE | Element 13124053 | Cat=Air Terminals | Family=MHT_AT_S Air Diff Swirl | Type= | Level=LEVEL 09 | System=Supply Air | LinkedRoomLink= | LinkedRoomNumber= | LinkedRoomName= | LinkedRoomDept= | LinkedRoomBuilding= | LinkedRoomSite= | LinkedRoomSource= | ResolvedDept= | ResolvedBuilding= | ResolvedSite= | DisciplineHint=mechanical | AssetCandidates=air terminals, air terminal | WBS00=WBH | WBS01=HO | WBS03=Z00 | DesignPkg=NWB-GEN-ME-SCM-1091-A | BuildingPermitPkg=WBH - BP09
WARN | Element 13124053 | Department unresolved | ExistingNWBDepartment= | ExistingWBS00=WBS | ExistingWBS01=HO | ExistingDiscipline=Mechanical
ELEMENT | 13124053 | Cat=Air Terminals | AssetScore=36 | AssetTypeCode=MAGS | AssetType=Air Grilles | AssetCategory=Air Terminal | Targets=NWB_AssetTypeCode=MAGS; NWB_AssetType=Air Grilles; NWB_Discipline=ME; NWB_Category=Air Terminal; NWB_Department=; NWB_Material=; NWB_System=Supply Air; NWB_UniclassCode=Pr_70_65_04_03; NWB_UniclassDescription=Air grilles; NWB_DesignPkg=NWB-GEN-ME-SCM-1091-A; NWB_BuildingPermitPkg=WBH - BP09; NWB_WBS00=WBH; NWB_WBS01=HO; NWB_WBS02=09; NWB_WBS03=Z00; NWB_WBS04=ME; NWB_WBS05=SI5; NWB_WBSCode=WBH-HO-09-Z00-ME-SI5
INFO | Candidate: NWB_AssetTypeCode | Scope=instance | Storage=String | ReadOnly=False | Shared=True | Id=7626182
INFO | Candidate: NWB_AssetType | Scope=instance | Storage=String | ReadOnly=False | Shared=True | Id=7626181
INFO | Candidate: NWB_Discipline | Scope=instance | Storage=String | ReadOnly=False | Shared=True | Id=7626159
INFO | Candidate: NWB_Category | Scope=instance | Storage=String | ReadOnly=False | Shared=True | Id=7626160
INFO | Candidate: NWB_Department | Scope=instance | Storage=String | ReadOnly=False | Shared=True | Id=7626168
INFO | Candidate: NWB_System | Scope=instance | Storage=String | ReadOnly=False | Shared=True | Id=7626163
INFO | Candidate: NWB_UniclassCode | Scope=instance | Storage=String | ReadOnly=False | Shared=True | Id=7626165
INFO | Candidate: NWB_UniclassDescription | Scope=instance | Storage=String | ReadOnly=False | Shared=True | Id=7626166
INFO | Candidate: NWB_DesignPkg | Scope=instance | Storage=String | ReadOnly=False | Shared=True | Id=7626167
ERROR | Element 13141964 | Category=Ducts | Family= | Parameter=NWB_BuildingPermitPkg | Reason=missing | Writable sample: AHU, AHU_AreaServed, AHU_Serves, AHU_Type, AHU_ZoneNumber, Additional Flow, Building_No, COMPLETE Y/N, Classification.OmniClass.21.Description_INSTANCE, Classification.OmniClass.21.Number_INSTANCE, Classification.OmniClass.22.Description_INSTANCE, Classification.OmniClass.22.Number_INSTANCE, Classification.OmniClass.23.Description_INSTANCE, Classification.OmniClass.23.Number_INSTANCE, Classification.UniFormat.2010.Description, Classification.UniFormat.2010.Number, Comments, DUCT NUMBER, Description BOM Suffix, Duct Number
INFO | Candidate: NWB_WBS00 | Scope=instance | Storage=String | ReadOnly=False | Shared=True | Id=9214738
INFO | Candidate: NWB_WBS01 | Scope=instance | Storage=String | ReadOnly=False | Shared=True | Id=9214798
INFO | Candidate: NWB_WBS02 | Scope=instance | Storage=String | ReadOnly=False | Shared=True | Id=9214786
INFO | Candidate: NWB_WBS03 | Scope=instance | Storage=String | ReadOnly=False | Shared=True | Id=9214750
INFO | Candidate: NWB_WBS04 | Scope=instance | Storage=String | ReadOnly=False | Shared=True | Id=9214762
INFO | Candidate: NWB_WBS05 | Scope=instance | Storage=String | ReadOnly=False | Shared=True | Id=9214810
INFO | Candidate: NWB_WBSCode | Scope=instance | Storage=String | ReadOnly=False | Shared=True | Id=9214774
SOURCE | Element 13141964 | Cat=Ducts | Family=Rectangular Duct | Type= | Level=LEVEL 09 | System=Return Air | LinkedRoomLink=NWB-ACD-WBH-MH-MOD-0001 | LinkedRoomNumber=IP3.11.110 | LinkedRoomName=Lounge, Family | LinkedRoomDept=Inpatient Obstetric 3 | LinkedRoomBuilding= | LinkedRoomSite= | LinkedRoomSource=connected:13076014:Duct Systems | ResolvedDept=Inpatient Obstetric 3 | ResolvedBuilding= | ResolvedSite= | DisciplineHint=mechanical | AssetCandidates=ducts, ductwork | WBS00=WBH | WBS01=HO | WBS03=IP3 | DesignPkg=NWB-GEN-ME-SCM-1091-A | BuildingPermitPkg=WBH - BP09
ELEMENT | 13141964 | Cat=Ducts | AssetScore=45 | AssetTypeCode=MDUC | AssetType=Ductwork | AssetCategory=Ductwork | Targets=NWB_AssetTypeCode=MDUC; NWB_AssetType=Ductwork; NWB_Discipline=ME; NWB_Category=Ductwork; NWB_Department=Inpatient Obstetric 3; NWB_Material=; NWB_System=Return Air; NWB_UniclassCode=Pr_65_65_25; NWB_UniclassDescription=Ductwork and fittings; NWB_DesignPkg=NWB-GEN-ME-SCM-1091-A; NWB_BuildingPermitPkg=WBH - BP09; NWB_WBS00=WBH; NWB_WBS01=HO; NWB_WBS02=09; NWB_WBS03=IP3; NWB_WBS04=ME; NWB_WBS05=SI5; NWB_WBSCode=WBH-HO-09-IP3-ME-SI5
INFO | Candidate: NWB_AssetTypeCode | Scope=instance | Storage=String | ReadOnly=False | Shared=True | Id=7626182
INFO | Candidate: NWB_AssetType | Scope=instance | Storage=String | ReadOnly=False | Shared=True | Id=7626181
INFO | Candidate: NWB_Discipline | Scope=instance | Storage=String | ReadOnly=False | Shared=True | Id=7626159
INFO | Candidate: NWB_Category | Scope=instance | Storage=String | ReadOnly=False | Shared=True | Id=7626160
INFO | Candidate: NWB_Department | Scope=instance | Storage=String | ReadOnly=False | Shared=True | Id=7626168
INFO | Candidate: NWB_System | Scope=instance | Storage=String | ReadOnly=False | Shared=True | Id=7626163
INFO | Candidate: NWB_UniclassCode | Scope=instance | Storage=String | ReadOnly=False | Shared=True | Id=7626165
INFO | Candidate: NWB_UniclassDescription | Scope=instance | Storage=String | ReadOnly=False | Shared=True | Id=7626166
INFO | Candidate: NWB_DesignPkg | Scope=instance | Storage=String | ReadOnly=False | Shared=True | Id=7626167
ERROR | Element 13142057 | Category=Ducts | Family= | Parameter=NWB_BuildingPermitPkg | Reason=missing | Writable sample: AHU, AHU_AreaServed, AHU_Serves, AHU_Type, AHU_ZoneNumber, Additional Flow, Building_No, COMPLETE Y/N, Classification.OmniClass.21.Description_INSTANCE, Classification.OmniClass.21.Number_INSTANCE, Classification.OmniClass.22.Description_INSTANCE, Classification.OmniClass.22.Number_INSTANCE, Classification.OmniClass.23.Description_INSTANCE, Classification.OmniClass.23.Number_INSTANCE, Classification.UniFormat.2010.Description, Classification.UniFormat.2010.Number, Comments, DUCT NUMBER, Description BOM Suffix, Duct Number
INFO | Candidate: NWB_WBS00 | Scope=instance | Storage=String | ReadOnly=False | Shared=True | Id=9214738
INFO | Candidate: NWB_WBS01 | Scope=instance | Storage=String | ReadOnly=False | Shared=True | Id=9214798
INFO | Candidate: NWB_WBS02 | Scope=instance | Storage=String | ReadOnly=False | Shared=True | Id=9214786
INFO | Candidate: NWB_WBS03 | Scope=instance | Storage=String | ReadOnly=False | Shared=True | Id=9214750
INFO | Candidate: NWB_WBS04 | Scope=instance | Storage=String | ReadOnly=False | Shared=True | Id=9214762
INFO | Candidate: NWB_WBS05 | Scope=instance | Storage=String | ReadOnly=False | Shared=True | Id=9214810
INFO | Candidate: NWB_WBSCode | Scope=instance | Storage=String | ReadOnly=False | Shared=True | Id=9214774
SOURCE | Element 13142057 | Cat=Ducts | Family=Rectangular Duct | Type= | Level=LEVEL 09 | System=Supply Air | LinkedRoomLink= | LinkedRoomNumber= | LinkedRoomName= | LinkedRoomDept= | LinkedRoomBuilding= | LinkedRoomSite= | LinkedRoomSource= | ResolvedDept=HDU | ResolvedBuilding= | ResolvedSite= | DisciplineHint=mechanical | AssetCandidates=ducts, ductwork | WBS00=WBH | WBS01=HO | WBS03=HDU | DesignPkg=NWB-GEN-ME-SCM-1091-A | BuildingPermitPkg=WBH - BP09
ELEMENT | 13142057 | Cat=Ducts | AssetScore=45 | AssetTypeCode=MDUC | AssetType=Ductwork | AssetCategory=Ductwork | Targets=NWB_AssetTypeCode=MDUC; NWB_AssetType=Ductwork; NWB_Discipline=ME; NWB_Category=Ductwork; NWB_Department=HDU; NWB_Material=; NWB_System=Supply Air; NWB_UniclassCode=Pr_65_65_25; NWB_UniclassDescription=Ductwork and fittings; NWB_DesignPkg=NWB-GEN-ME-SCM-1091-A; NWB_BuildingPermitPkg=WBH - BP09; NWB_WBS00=WBH; NWB_WBS01=HO; NWB_WBS02=09; NWB_WBS03=HDU; NWB_WBS04=ME; NWB_WBS05=SI5; NWB_WBSCode=WBH-HO-09-HDU-ME-SI5
INFO | Candidate: NWB_AssetTypeCode | Scope=instance | Storage=String | ReadOnly=False | Shared=True | Id=7626182
INFO | Candidate: NWB_AssetType | Scope=instance | Storage=String | ReadOnly=False | Shared=True | Id=7626181
INFO | Candidate: NWB_Discipline | Scope=instance | Storage=String | ReadOnly=False | Shared=True | Id=7626159
INFO | Candidate: NWB_Category | Scope=instance | Storage=String | ReadOnly=False | Shared=True | Id=7626160
INFO | Candidate: NWB_Department | Scope=instance | Storage=String | ReadOnly=False | Shared=True | Id=7626168
INFO | Candidate: NWB_System | Scope=instance | Storage=String | ReadOnly=False | Shared=True | Id=7626163
INFO | Candidate: NWB_UniclassCode | Scope=instance | Storage=String | ReadOnly=False | Shared=True | Id=7626165
INFO | Candidate: NWB_UniclassDescription | Scope=instance | Storage=String | ReadOnly=False | Shared=True | Id=7626166
INFO | Candidate: NWB_DesignPkg | Scope=instance | Storage=String | ReadOnly=False | Shared=True | Id=7626167
ERROR | Element 13142360 | Category=Air Terminals | Family= | Parameter=NWB_BuildingPermitPkg | Reason=missing | Writable sample: AHU_AreaServed, AHU_Serves, AHU_Type, AHU_ZoneNumber, AQ, Building_No, COMPLETE Y/N, Classification.UniFormat.2010.Description, Classification.UniFormat.2010.Number, Comments, Elevation from Level, Export to IFC, Export to IFC As, Family, Family and Type, Flow, IFC Predefined Type, IfcGUID, Image, Legend Description
INFO | Candidate: NWB_WBS00 | Scope=instance | Storage=String | ReadOnly=True | Shared=True | Id=9214738
ERROR | Element 13142360 | Category=Air Terminals | Family= | Parameter=NWB_WBS00 | Reason=readonly | Writable sample: AHU_AreaServed, AHU_Serves, AHU_Type, AHU_ZoneNumber, AQ, Building_No, COMPLETE Y/N, Classification.UniFormat.2010.Description, Classification.UniFormat.2010.Number, Comments, Elevation from Level, Export to IFC, Export to IFC As, Family, Family and Type, Flow, IFC Predefined Type, IfcGUID, Image, Legend Description
INFO | Candidate: NWB_WBS01 | Scope=instance | Storage=String | ReadOnly=True | Shared=True | Id=9214798
ERROR | Element 13142360 | Category=Air Terminals | Family= | Parameter=NWB_WBS01 | Reason=readonly | Writable sample: AHU_AreaServed, AHU_Serves, AHU_Type, AHU_ZoneNumber, AQ, Building_No, COMPLETE Y/N, Classification.UniFormat.2010.Description, Classification.UniFormat.2010.Number, Comments, Elevation from Level, Export to IFC, Export to IFC As, Family, Family and Type, Flow, IFC Predefined Type, IfcGUID, Image, Legend Description
INFO | Candidate: NWB_WBS02 | Scope=instance | Storage=String | ReadOnly=False | Shared=True | Id=9214786
INFO | Candidate: NWB_WBS03 | Scope=instance | Storage=String | ReadOnly=False | Shared=True | Id=9214750
INFO | Candidate: NWB_WBS04 | Scope=instance | Storage=String | ReadOnly=True | Shared=True | Id=9214762
ERROR | Element 13142360 | Category=Air Terminals | Family= | Parameter=NWB_WBS04 | Reason=readonly | Writable sample: AHU_AreaServed, AHU_Serves, AHU_Type, AHU_ZoneNumber, AQ, Building_No, COMPLETE Y/N, Classification.UniFormat.2010.Description, Classification.UniFormat.2010.Number, Comments, Elevation from Level, Export to IFC, Export to IFC As, Family, Family and Type, Flow, IFC Predefined Type, IfcGUID, Image, Legend Description
INFO | Candidate: NWB_WBS05 | Scope=instance | Storage=String | ReadOnly=True | Shared=True | Id=9214810
ERROR | Element 13142360 | Category=Air Terminals | Family= | Parameter=NWB_WBS05 | Reason=readonly | Writable sample: AHU_AreaServed, AHU_Serves, AHU_Type, AHU_ZoneNumber, AQ, Building_No, COMPLETE Y/N, Classification.UniFormat.2010.Description, Classification.UniFormat.2010.Number, Comments, Elevation from Level, Export to IFC, Export to IFC As, Family, Family and Type, Flow, IFC Predefined Type, IfcGUID, Image, Legend Description
INFO | Candidate: NWB_WBSCode | Scope=instance | Storage=String | ReadOnly=False | Shared=True | Id=9214774
SOURCE | Element 13142360 | Cat=Air Terminals | Family=MHT_AT_S Air Diff Swirl | Type= | Level=LEVEL 09 | System=Supply Air | LinkedRoomLink=NWB-ACD-WBH-MH-MOD-0001 | LinkedRoomNumber=HDU.09.104 | LinkedRoomName=Store - General | LinkedRoomDept=High Dependency Unit | LinkedRoomBuilding= | LinkedRoomSite= | LinkedRoomSource=self | ResolvedDept=High Dependency Unit | ResolvedBuilding= | ResolvedSite= | DisciplineHint=mechanical | AssetCandidates=air terminals, air terminal | WBS00=WBH | WBS01=HO | WBS03=HDU | DesignPkg=NWB-GEN-ME-SCM-1091-A | BuildingPermitPkg=WBH - BP09
ELEMENT | 13142360 | Cat=Air Terminals | AssetScore=36 | AssetTypeCode=MAGS | AssetType=Air Grilles | AssetCategory=Air Terminal | Targets=NWB_AssetTypeCode=MAGS; NWB_AssetType=Air Grilles; NWB_Discipline=ME; NWB_Category=Air Terminal; NWB_Department=High Dependency Unit; NWB_Material=; NWB_System=Supply Air; NWB_UniclassCode=Pr_70_65_04_03; NWB_UniclassDescription=Air grilles; NWB_DesignPkg=NWB-GEN-ME-SCM-1091-A; NWB_BuildingPermitPkg=WBH - BP09; NWB_WBS00=WBH; NWB_WBS01=HO; NWB_WBS02=09; NWB_WBS03=HDU; NWB_WBS04=ME; NWB_WBS05=SI5; NWB_WBSCode=WBH-HO-09-HDU-ME-SI5
INFO | Candidate: NWB_AssetTypeCode | Scope=instance | Storage=String | ReadOnly=False | Shared=True | Id=7626182
INFO | Candidate: NWB_AssetType | Scope=instance | Storage=String | ReadOnly=False | Shared=True | Id=7626181
INFO | Candidate: NWB_Discipline | Scope=instance | Storage=String | ReadOnly=False | Shared=True | Id=7626159
INFO | Candidate: NWB_Category | Scope=instance | Storage=String | ReadOnly=False | Shared=True | Id=7626160
INFO | Candidate: NWB_Department | Scope=instance | Storage=String | ReadOnly=False | Shared=True | Id=7626168
INFO | Candidate: NWB_System | Scope=instance | Storage=String | ReadOnly=False | Shared=True | Id=7626163
INFO | Candidate: NWB_UniclassCode | Scope=instance | Storage=String | ReadOnly=False | Shared=True | Id=7626165
INFO | Candidate: NWB_UniclassDescription | Scope=instance | Storage=String | ReadOnly=False | Shared=True | Id=7626166
INFO | Candidate: NWB_DesignPkg | Scope=instance | Storage=String | ReadOnly=False | Shared=True | Id=7626167
ERROR | Element 13142556 | Category=Air Terminals | Family= | Parameter=NWB_BuildingPermitPkg | Reason=missing | Writable sample: AHU_AreaServed, AHU_Serves, AHU_Type, AHU_ZoneNumber, AQ, Building_No, COMPLETE Y/N, Classification.UniFormat.2010.Description, Classification.UniFormat.2010.Number, Comments, Elevation from Level, Export to IFC, Export to IFC As, Family, Family and Type, Flow, IFC Predefined Type, IfcGUID, Image, Legend Description
INFO | Candidate: NWB_WBS00 | Scope=instance | Storage=String | ReadOnly=True | Shared=True | Id=9214738
ERROR | Element 13142556 | Category=Air Terminals | Family= | Parameter=NWB_WBS00 | Reason=readonly | Writable sample: AHU_AreaServed, AHU_Serves, AHU_Type, AHU_ZoneNumber, AQ, Building_No, COMPLETE Y/N, Classification.UniFormat.2010.Description, Classification.UniFormat.2010.Number, Comments, Elevation from Level, Export to IFC, Export to IFC As, Family, Family and Type, Flow, IFC Predefined Type, IfcGUID, Image, Legend Description
INFO | Candidate: NWB_WBS01 | Scope=instance | Storage=String | ReadOnly=True | Shared=True | Id=9214798
ERROR | Element 13142556 | Category=Air Terminals | Family= | Parameter=NWB_WBS01 | Reason=readonly | Writable sample: AHU_AreaServed, AHU_Serves, AHU_Type, AHU_ZoneNumber, AQ, Building_No, COMPLETE Y/N, Classification.UniFormat.2010.Description, Classification.UniFormat.2010.Number, Comments, Elevation from Level, Export to IFC, Export to IFC As, Family, Family and Type, Flow, IFC Predefined Type, IfcGUID, Image, Legend Description
INFO | Candidate: NWB_WBS02 | Scope=instance | Storage=String | ReadOnly=False | Shared=True | Id=9214786
INFO | Candidate: NWB_WBS03 | Scope=instance | Storage=String | ReadOnly=False | Shared=True | Id=9214750
INFO | Candidate: NWB_WBS04 | Scope=instance | Storage=String | ReadOnly=True | Shared=True | Id=9214762
ERROR | Element 13142556 | Category=Air Terminals | Family= | Parameter=NWB_WBS04 | Reason=readonly | Writable sample: AHU_AreaServed, AHU_Serves, AHU_Type, AHU_ZoneNumber, AQ, Building_No, COMPLETE Y/N, Classification.UniFormat.2010.Description, Classification.UniFormat.2010.Number, Comments, Elevation from Level, Export to IFC, Export to IFC As, Family, Family and Type, Flow, IFC Predefined Type, IfcGUID, Image, Legend Description
INFO | Candidate: NWB_WBS05 | Scope=instance | Storage=String | ReadOnly=True | Shared=True | Id=9214810
ERROR | Element 13142556 | Category=Air Terminals | Family= | Parameter=NWB_WBS05 | Reason=readonly | Writable sample: AHU_AreaServed, AHU_Serves, AHU_Type, AHU_ZoneNumber, AQ, Building_No, COMPLETE Y/N, Classification.UniFormat.2010.Description, Classification.UniFormat.2010.Number, Comments, Elevation from Level, Export to IFC, Export to IFC As, Family, Family and Type, Flow, IFC Predefined Type, IfcGUID, Image, Legend Description
INFO | Candidate: NWB_WBSCode | Scope=instance | Storage=String | ReadOnly=False | Shared=True | Id=9214774
SOURCE | Element 13142556 | Cat=Air Terminals | Family=MHT_AT_S Air Diff Swirl | Type= | Level=LEVEL 09 | System=Supply Air | LinkedRoomLink=NWB-ACD-WBH-MH-MOD-0001 | LinkedRoomNumber=HDU.09.073 | LinkedRoomName=1 Bed Room, Intensive Care | LinkedRoomDept=High Dependency Unit | LinkedRoomBuilding= | LinkedRoomSite= | LinkedRoomSource=self | ResolvedDept=High Dependency Unit | ResolvedBuilding= | ResolvedSite= | DisciplineHint=mechanical | AssetCandidates=air terminals, air terminal | WBS00=WBH | WBS01=HO | WBS03=HDU | DesignPkg=NWB-GEN-ME-SCM-1091-A | BuildingPermitPkg=WBH - BP09
ELEMENT | 13142556 | Cat=Air Terminals | AssetScore=36 | AssetTypeCode=MAGS | AssetType=Air Grilles | AssetCategory=Air Terminal | Targets=NWB_AssetTypeCode=MAGS; NWB_AssetType=Air Grilles; NWB_Discipline=ME; NWB_Category=Air Terminal; NWB_Department=High Dependency Unit; NWB_Material=; NWB_System=Supply Air; NWB_UniclassCode=Pr_70_65_04_03; NWB_UniclassDescription=Air grilles; NWB_DesignPkg=NWB-GEN-ME-SCM-1091-A; NWB_BuildingPermitPkg=WBH - BP09; NWB_WBS00=WBH; NWB_WBS01=HO; NWB_WBS02=09; NWB_WBS03=HDU; NWB_WBS04=ME; NWB_WBS05=SI5; NWB_WBSCode=WBH-HO-09-HDU-ME-SI5
INFO | Candidate: NWB_AssetTypeCode | Scope=instance | Storage=String | ReadOnly=False | Shared=True | Id=7626182
INFO | Candidate: NWB_AssetType | Scope=instance | Storage=String | ReadOnly=False | Shared=True | Id=7626181
INFO | Candidate: NWB_Discipline | Scope=instance | Storage=String | ReadOnly=False | Shared=True | Id=7626159
INFO | Candidate: NWB_Category | Scope=instance | Storage=String | ReadOnly=False | Shared=True | Id=7626160
INFO | Candidate: NWB_Department | Scope=instance | Storage=String | ReadOnly=False | Shared=True | Id=7626168
INFO | Candidate: NWB_System | Scope=instance | Storage=String | ReadOnly=False | Shared=True | Id=7626163
INFO | Candidate: NWB_UniclassCode | Scope=instance | Storage=String | ReadOnly=False | Shared=True | Id=7626165
INFO | Candidate: NWB_UniclassDescription | Scope=instance | Storage=String | ReadOnly=False | Shared=True | Id=7626166
INFO | Candidate: NWB_DesignPkg | Scope=instance | Storage=String | ReadOnly=False | Shared=True | Id=7626167
ERROR | Element 13142570 | Category=Air Terminals | Family= | Parameter=NWB_BuildingPermitPkg | Reason=missing | Writable sample: AHU_AreaServed, AHU_Serves, AHU_Type, AHU_ZoneNumber, AQ, Building_No, COMPLETE Y/N, Classification.UniFormat.2010.Description, Classification.UniFormat.2010.Number, Comments, Elevation from Level, Export to IFC, Export to IFC As, Family, Family and Type, Flow, IFC Predefined Type, IfcGUID, Image, Legend Description
INFO | Candidate: NWB_WBS00 | Scope=instance | Storage=String | ReadOnly=True | Shared=True | Id=9214738
ERROR | Element 13142570 | Category=Air Terminals | Family= | Parameter=NWB_WBS00 | Reason=readonly | Writable sample: AHU_AreaServed, AHU_Serves, AHU_Type, AHU_ZoneNumber, AQ, Building_No, COMPLETE Y/N, Classification.UniFormat.2010.Description, Classification.UniFormat.2010.Number, Comments, Elevation from Level, Export to IFC, Export to IFC As, Family, Family and Type, Flow, IFC Predefined Type, IfcGUID, Image, Legend Description
INFO | Candidate: NWB_WBS01 | Scope=instance | Storage=String | ReadOnly=True | Shared=True | Id=9214798
ERROR | Element 13142570 | Category=Air Terminals | Family= | Parameter=NWB_WBS01 | Reason=readonly | Writable sample: AHU_AreaServed, AHU_Serves, AHU_Type, AHU_ZoneNumber, AQ, Building_No, COMPLETE Y/N, Classification.UniFormat.2010.Description, Classification.UniFormat.2010.Number, Comments, Elevation from Level, Export to IFC, Export to IFC As, Family, Family and Type, Flow, IFC Predefined Type, IfcGUID, Image, Legend Description
INFO | Candidate: NWB_WBS02 | Scope=instance | Storage=String | ReadOnly=False | Shared=True | Id=9214786
INFO | Candidate: NWB_WBS03 | Scope=instance | Storage=String | ReadOnly=False | Shared=True | Id=9214750
INFO | Candidate: NWB_WBS04 | Scope=instance | Storage=String | ReadOnly=True | Shared=True | Id=9214762
ERROR | Element 13142570 | Category=Air Terminals | Family= | Parameter=NWB_WBS04 | Reason=readonly | Writable sample: AHU_AreaServed, AHU_Serves, AHU_Type, AHU_ZoneNumber, AQ, Building_No, COMPLETE Y/N, Classification.UniFormat.2010.Description, Classification.UniFormat.2010.Number, Comments, Elevation from Level, Export to IFC, Export to IFC As, Family, Family and Type, Flow, IFC Predefined Type, IfcGUID, Image, Legend Description
INFO | Candidate: NWB_WBS05 | Scope=instance | Storage=String | ReadOnly=True | Shared=True | Id=9214810
ERROR | Element 13142570 | Category=Air Terminals | Family= | Parameter=NWB_WBS05 | Reason=readonly | Writable sample: AHU_AreaServed, AHU_Serves, AHU_Type, AHU_ZoneNumber, AQ, Building_No, COMPLETE Y/N, Classification.UniFormat.2010.Description, Classification.UniFormat.2010.Number, Comments, Elevation from Level, Export to IFC, Export to IFC As, Family, Family and Type, Flow, IFC Predefined Type, IfcGUID, Image, Legend Description
INFO | Candidate: NWB_WBSCode | Scope=instance | Storage=String | ReadOnly=False | Shared=True | Id=9214774
SOURCE | Element 13142570 | Cat=Air Terminals | Family=MHT_AT_S Air Diff Swirl | Type= | Level=LEVEL 09 | System=Supply Air | LinkedRoomLink=NWB-ACD-WBH-MH-MOD-0001 | LinkedRoomNumber=HDU.09.085 | LinkedRoomName=1 Bed Room, Intensive Care (Bariatric) | LinkedRoomDept=High Dependency Unit | LinkedRoomBuilding= | LinkedRoomSite= | LinkedRoomSource=self | ResolvedDept=High Dependency Unit | ResolvedBuilding= | ResolvedSite= | DisciplineHint=mechanical | AssetCandidates=air terminals, air terminal | WBS00=WBH | WBS01=HO | WBS03=HDU | DesignPkg=NWB-GEN-ME-SCM-1091-A | BuildingPermitPkg=WBH - BP09
ELEMENT | 13142570 | Cat=Air Terminals | AssetScore=36 | AssetTypeCode=MAGS | AssetType=Air Grilles | AssetCategory=Air Terminal | Targets=NWB_AssetTypeCode=MAGS; NWB_AssetType=Air Grilles; NWB_Discipline=ME; NWB_Category=Air Terminal; NWB_Department=High Dependency Unit; NWB_Material=; NWB_System=Supply Air; NWB_UniclassCode=Pr_70_65_04_03; NWB_UniclassDescription=Air grilles; NWB_DesignPkg=NWB-GEN-ME-SCM-1091-A; NWB_BuildingPermitPkg=WBH - BP09; NWB_WBS00=WBH; NWB_WBS01=HO; NWB_WBS02=09; NWB_WBS03=HDU; NWB_WBS04=ME; NWB_WBS05=SI5; NWB_WBSCode=WBH-HO-09-HDU-ME-SI5
INFO | Candidate: NWB_AssetTypeCode | Scope=instance | Storage=String | ReadOnly=False | Shared=True | Id=7626182
INFO | Candidate: NWB_AssetType | Scope=instance | Storage=String | ReadOnly=False | Shared=True | Id=7626181
INFO | Candidate: NWB_Discipline | Scope=instance | Storage=String | ReadOnly=False | Shared=True | Id=7626159
INFO | Candidate: NWB_Category | Scope=instance | Storage=String | ReadOnly=False | Shared=True | Id=7626160
INFO | Candidate: NWB_Department | Scope=instance | Storage=String | ReadOnly=False | Shared=True | Id=7626168
INFO | Writing INSTANCE parameter 'NWB_Department' on element 13143241
INFO | Element 13143241 | NWB_Department | Kind=Shared Parameter | Scope=instance | Storage=String | Old='' | New='High Dependency Unit'
INFO | Candidate: NWB_System | Scope=instance | Storage=String | ReadOnly=False | Shared=True | Id=7626163
INFO | Candidate: NWB_UniclassCode | Scope=instance | Storage=String | ReadOnly=False | Shared=True | Id=7626165
INFO | Candidate: NWB_UniclassDescription | Scope=instance | Storage=String | ReadOnly=False | Shared=True | Id=7626166
INFO | Candidate: NWB_DesignPkg | Scope=instance | Storage=String | ReadOnly=False | Shared=True | Id=7626167
ERROR | Element 13143241 | Category=Flex Ducts | Family= | Parameter=NWB_BuildingPermitPkg | Reason=missing | Writable sample: AHU_AreaServed, AHU_Serves, AHU_Type, AHU_ZoneNumber, Additional Flow, Building_No, COMPLETE Y/N, Classification.UniFormat.2010.Description, Classification.UniFormat.2010.Number, Comments, Diameter, Export to IFC, Export to IFC As, Family, Family and Type, Flex Pattern, IFC Predefined Type, IfcGUID, Image, Legend Description
INFO | Candidate: NWB_WBS00 | Scope=instance | Storage=String | ReadOnly=False | Shared=True | Id=9214738
INFO | Candidate: NWB_WBS01 | Scope=instance | Storage=String | ReadOnly=False | Shared=True | Id=9214798
INFO | Candidate: NWB_WBS02 | Scope=instance | Storage=String | ReadOnly=False | Shared=True | Id=9214786
INFO | Candidate: NWB_WBS03 | Scope=instance | Storage=String | ReadOnly=False | Shared=True | Id=9214750
INFO | Writing INSTANCE parameter 'NWB_WBS03' on element 13143241
INFO | Element 13143241 | NWB_WBS03 | Kind=Shared Parameter | Scope=instance | Storage=String | Old='Z00' | New='HDU'
INFO | Candidate: NWB_WBS04 | Scope=instance | Storage=String | ReadOnly=False | Shared=True | Id=9214762
INFO | Candidate: NWB_WBS05 | Scope=instance | Storage=String | ReadOnly=False | Shared=True | Id=9214810
INFO | Candidate: NWB_WBSCode | Scope=instance | Storage=String | ReadOnly=False | Shared=True | Id=9214774
INFO | Writing INSTANCE parameter 'NWB_WBSCode' on element 13143241
INFO | Element 13143241 | NWB_WBSCode | Kind=Shared Parameter | Scope=instance | Storage=String | Old='WBH-HO-09-Z00-ME-SI5' | New='WBH-HO-09-HDU-ME-SI5'
SOURCE | Element 13143241 | Cat=Flex Ducts | Family=Flex Duct Round | Type= | Level=LEVEL 09 | System=Return Air | LinkedRoomLink=NWB-ACD-WBH-MH-MOD-0001 | LinkedRoomNumber=HDU.09.104 | LinkedRoomName=Store - General | LinkedRoomDept=High Dependency Unit | LinkedRoomBuilding= | LinkedRoomSite= | LinkedRoomSource=connected:14671174:Air Terminals | ResolvedDept=High Dependency Unit | ResolvedBuilding= | ResolvedSite= | DisciplineHint=mechanical | AssetCandidates=flex ducts, ductwork | WBS00=WBH | WBS01=HO | WBS03=HDU | DesignPkg=NWB-GEN-ME-SCM-1091-A | BuildingPermitPkg=WBH - BP09
ELEMENT | 13143241 | Cat=Flex Ducts | AssetScore=45 | AssetTypeCode=MDUC | AssetType=Ductwork | AssetCategory=Ductwork | Targets=NWB_AssetTypeCode=MDUC; NWB_AssetType=Ductwork; NWB_Discipline=ME; NWB_Category=Ductwork; NWB_Department=High Dependency Unit; NWB_Material=; NWB_System=Return Air; NWB_UniclassCode=Pr_65_65_25; NWB_UniclassDescription=Ductwork and fittings; NWB_DesignPkg=NWB-GEN-ME-SCM-1091-A; NWB_BuildingPermitPkg=WBH - BP09; NWB_WBS00=WBH; NWB_WBS01=HO; NWB_WBS02=09; NWB_WBS03=HDU; NWB_WBS04=ME; NWB_WBS05=SI5; NWB_WBSCode=WBH-HO-09-HDU-ME-SI5
INFO | Candidate: NWB_AssetTypeCode | Scope=instance | Storage=String | ReadOnly=False | Shared=True | Id=7626182
INFO | Candidate: NWB_AssetType | Scope=instance | Storage=String | ReadOnly=False | Shared=True | Id=7626181
INFO | Candidate: NWB_Discipline | Scope=instance | Storage=String | ReadOnly=False | Shared=True | Id=7626159
INFO | Candidate: NWB_Category | Scope=instance | Storage=String | ReadOnly=False | Shared=True | Id=7626160
INFO | Candidate: NWB_Department | Scope=instance | Storage=String | ReadOnly=False | Shared=True | Id=7626168
INFO | Candidate: NWB_System | Scope=instance | Storage=String | ReadOnly=False | Shared=True | Id=7626163
INFO | Candidate: NWB_UniclassCode | Scope=instance | Storage=String | ReadOnly=False | Shared=True | Id=7626165
INFO | Candidate: NWB_UniclassDescription | Scope=instance | Storage=String | ReadOnly=False | Shared=True | Id=7626166
INFO | Candidate: NWB_DesignPkg | Scope=instance | Storage=String | ReadOnly=False | Shared=True | Id=7626167
ERROR | Element 13143609 | Category=Ducts | Family= | Parameter=NWB_BuildingPermitPkg | Reason=missing | Writable sample: AHU, AHU_AreaServed, AHU_Serves, AHU_Type, AHU_ZoneNumber, Additional Flow, Building_No, COMPLETE Y/N, Classification.OmniClass.21.Description_INSTANCE, Classification.OmniClass.21.Number_INSTANCE, Classification.OmniClass.22.Description_INSTANCE, Classification.OmniClass.22.Number_INSTANCE, Classification.OmniClass.23.Description_INSTANCE, Classification.OmniClass.23.Number_INSTANCE, Classification.UniFormat.2010.Description, Classification.UniFormat.2010.Number, Comments, DUCT NUMBER, Description BOM Suffix, Duct Number
INFO | Candidate: NWB_WBS00 | Scope=instance | Storage=String | ReadOnly=False | Shared=True | Id=9214738
INFO | Candidate: NWB_WBS01 | Scope=instance | Storage=String | ReadOnly=False | Shared=True | Id=9214798
INFO | Candidate: NWB_WBS02 | Scope=instance | Storage=String | ReadOnly=False | Shared=True | Id=9214786
INFO | Candidate: NWB_WBS03 | Scope=instance | Storage=String | ReadOnly=False | Shared=True | Id=9214750
INFO | Candidate: NWB_WBS04 | Scope=instance | Storage=String | ReadOnly=False | Shared=True | Id=9214762
INFO | Candidate: NWB_WBS05 | Scope=instance | Storage=String | ReadOnly=False | Shared=True | Id=9214810
INFO | Candidate: NWB_WBSCode | Scope=instance | Storage=String | ReadOnly=False | Shared=True | Id=9214774
SOURCE | Element 13143609 | Cat=Ducts | Family=Rectangular Duct | Type= | Level=LEVEL 09 | System=Supply Air | LinkedRoomLink= | LinkedRoomNumber= | LinkedRoomName= | LinkedRoomDept= | LinkedRoomBuilding= | LinkedRoomSite= | LinkedRoomSource= | ResolvedDept=HDU | ResolvedBuilding= | ResolvedSite= | DisciplineHint=mechanical | AssetCandidates=ducts, ductwork | WBS00=WBH | WBS01=HO | WBS03=HDU | DesignPkg=NWB-GEN-ME-SCM-1091-A | BuildingPermitPkg=WBH - BP09
ELEMENT | 13143609 | Cat=Ducts | AssetScore=45 | AssetTypeCode=MDUC | AssetType=Ductwork | AssetCategory=Ductwork | Targets=NWB_AssetTypeCode=MDUC; NWB_AssetType=Ductwork; NWB_Discipline=ME; NWB_Category=Ductwork; NWB_Department=HDU; NWB_Material=; NWB_System=Supply Air; NWB_UniclassCode=Pr_65_65_25; NWB_UniclassDescription=Ductwork and fittings; NWB_DesignPkg=NWB-GEN-ME-SCM-1091-A; NWB_BuildingPermitPkg=WBH - BP09; NWB_WBS00=WBH; NWB_WBS01=HO; NWB_WBS02=09; NWB_WBS03=HDU; NWB_WBS04=ME; NWB_WBS05=SI5; NWB_WBSCode=WBH-HO-09-HDU-ME-SI5
INFO | Candidate: NWB_AssetTypeCode | Scope=instance | Storage=String | ReadOnly=False | Shared=True | Id=7626182
INFO | Candidate: NWB_AssetType | Scope=instance | Storage=String | ReadOnly=False | Shared=True | Id=7626181
INFO | Candidate: NWB_Discipline | Scope=instance | Storage=String | ReadOnly=False | Shared=True | Id=7626159
INFO | Candidate: NWB_Category | Scope=instance | Storage=String | ReadOnly=False | Shared=True | Id=7626160
INFO | Candidate: NWB_System | Scope=instance | Storage=String | ReadOnly=False | Shared=True | Id=7626163
INFO | Candidate: NWB_UniclassCode | Scope=instance | Storage=String | ReadOnly=False | Shared=True | Id=7626165
INFO | Candidate: NWB_UniclassDescription | Scope=instance | Storage=String | ReadOnly=False | Shared=True | Id=7626166
INFO | Candidate: NWB_DesignPkg | Scope=instance | Storage=String | ReadOnly=False | Shared=True | Id=7626167
ERROR | Element 13143615 | Category=Duct Fittings | Family= | Parameter=NWB_BuildingPermitPkg | Reason=missing | Writable sample: AHU, AHU_AreaServed, AHU_Serves, AHU_Type, AHU_ZoneNumber, Building_No, COMPLETE Y/N, Classification.OmniClass.21.Description_INSTANCE, Classification.OmniClass.21.Number_INSTANCE, Classification.OmniClass.22.Description_INSTANCE, Classification.OmniClass.22.Number_INSTANCE, Classification.OmniClass.23.Description_INSTANCE, Classification.OmniClass.23.Number_INSTANCE, Classification.UniFormat.2010.Description, Classification.UniFormat.2010.Number, Comments, Description BOM Suffix, Duct Length 1, Ductwork Insulation - Lining, Elevation from Level
INFO | Candidate: NWB_WBS00 | Scope=instance | Storage=String | ReadOnly=False | Shared=True | Id=9214738
INFO | Candidate: NWB_WBS01 | Scope=instance | Storage=String | ReadOnly=False | Shared=True | Id=9214798
INFO | Candidate: NWB_WBS02 | Scope=instance | Storage=String | ReadOnly=False | Shared=True | Id=9214786
INFO | Candidate: NWB_WBS03 | Scope=instance | Storage=String | ReadOnly=False | Shared=True | Id=9214750
INFO | Candidate: NWB_WBS04 | Scope=instance | Storage=String | ReadOnly=False | Shared=True | Id=9214762
INFO | Candidate: NWB_WBS05 | Scope=instance | Storage=String | ReadOnly=False | Shared=True | Id=9214810
INFO | Candidate: NWB_WBSCode | Scope=instance | Storage=String | ReadOnly=False | Shared=True | Id=9214774
SOURCE | Element 13143615 | Cat=Duct Fittings | Family=MHT-ME-DF-Rectangular Eccentric Taper - Flanged-Manula Length | Type= | Level=LEVEL 09 | System=Supply Air | LinkedRoomLink= | LinkedRoomNumber= | LinkedRoomName= | LinkedRoomDept= | LinkedRoomBuilding= | LinkedRoomSite= | LinkedRoomSource= | ResolvedDept= | ResolvedBuilding= | ResolvedSite= | DisciplineHint=mechanical | AssetCandidates=duct fittings, ductwork | WBS00=WBH | WBS01=HO | WBS03=Z00 | DesignPkg=NWB-GEN-ME-SCM-1091-A | BuildingPermitPkg=WBH - BP09
WARN | Element 13143615 | Department unresolved | ExistingNWBDepartment= | ExistingWBS00=WBH | ExistingWBS01=HO | ExistingDiscipline=ME
ELEMENT | 13143615 | Cat=Duct Fittings | AssetScore=45 | AssetTypeCode=MDUC | AssetType=Ductwork | AssetCategory=Ductwork | Targets=NWB_AssetTypeCode=MDUC; NWB_AssetType=Ductwork; NWB_Discipline=ME; NWB_Category=Ductwork; NWB_Department=; NWB_Material=; NWB_System=Supply Air; NWB_UniclassCode=Pr_65_65_25; NWB_UniclassDescription=Ductwork and fittings; NWB_DesignPkg=NWB-GEN-ME-SCM-1091-A; NWB_BuildingPermitPkg=WBH - BP09; NWB_WBS00=WBH; NWB_WBS01=HO; NWB_WBS02=09; NWB_WBS03=Z00; NWB_WBS04=ME; NWB_WBS05=SI5; NWB_WBSCode=WBH-HO-09-Z00-ME-SI5
INFO | Candidate: NWB_AssetTypeCode | Scope=instance | Storage=String | ReadOnly=False | Shared=True | Id=3045149
INFO | Candidate: NWB_AssetTypeCode | Scope=instance | Storage=String | ReadOnly=False | Shared=True | Id=7626182
INFO | Found 2 parameters named NWB_AssetTypeCode
INFO | SELECTED | Shared Parameter | Scope=instance | ReadOnly=False | Id=3045149
INFO | SELECTED | Shared Parameter | Scope=instance | ReadOnly=False | Id=7626182
INFO | Candidate: NWB_AssetType | Scope=instance | Storage=String | ReadOnly=False | Shared=True | Id=3045150
INFO | Candidate: NWB_AssetType | Scope=instance | Storage=String | ReadOnly=False | Shared=True | Id=7626181
INFO | Found 2 parameters named NWB_AssetType
INFO | SELECTED | Shared Parameter | Scope=instance | ReadOnly=False | Id=3045150
INFO | SELECTED | Shared Parameter | Scope=instance | ReadOnly=False | Id=7626181
INFO | Candidate: NWB_Discipline | Scope=instance | Storage=String | ReadOnly=False | Shared=True | Id=3045151
INFO | Candidate: NWB_Discipline | Scope=instance | Storage=String | ReadOnly=False | Shared=True | Id=7626159
INFO | Found 2 parameters named NWB_Discipline
INFO | SELECTED | Shared Parameter | Scope=instance | ReadOnly=False | Id=3045151
INFO | SELECTED | Shared Parameter | Scope=instance | ReadOnly=False | Id=7626159
INFO | Candidate: NWB_Category | Scope=instance | Storage=String | ReadOnly=False | Shared=True | Id=3045152
INFO | Candidate: NWB_Category | Scope=instance | Storage=String | ReadOnly=False | Shared=True | Id=7626160
INFO | Found 2 parameters named NWB_Category
INFO | SELECTED | Shared Parameter | Scope=instance | ReadOnly=False | Id=3045152
INFO | SELECTED | Shared Parameter | Scope=instance | ReadOnly=False | Id=7626160
INFO | Candidate: NWB_System | Scope=instance | Storage=String | ReadOnly=False | Shared=True | Id=3045155
INFO | Candidate: NWB_System | Scope=instance | Storage=String | ReadOnly=False | Shared=True | Id=7626163
INFO | Found 2 parameters named NWB_System
INFO | SELECTED | Shared Parameter | Scope=instance | ReadOnly=False | Id=3045155
INFO | SELECTED | Shared Parameter | Scope=instance | ReadOnly=False | Id=7626163
INFO | Candidate: NWB_UniclassCode | Scope=instance | Storage=String | ReadOnly=False | Shared=True | Id=3045156
INFO | Candidate: NWB_UniclassCode | Scope=instance | Storage=String | ReadOnly=False | Shared=True | Id=7626165
INFO | Found 2 parameters named NWB_UniclassCode
INFO | SELECTED | Shared Parameter | Scope=instance | ReadOnly=False | Id=3045156
INFO | SELECTED | Shared Parameter | Scope=instance | ReadOnly=False | Id=7626165
INFO | Candidate: NWB_UniclassDescription | Scope=instance | Storage=String | ReadOnly=False | Shared=True | Id=3045157
INFO | Candidate: NWB_UniclassDescription | Scope=instance | Storage=String | ReadOnly=False | Shared=True | Id=7626166
INFO | Found 2 parameters named NWB_UniclassDescription
INFO | SELECTED | Shared Parameter | Scope=instance | ReadOnly=False | Id=3045157
INFO | SELECTED | Shared Parameter | Scope=instance | ReadOnly=False | Id=7626166
INFO | Candidate: NWB_DesignPkg | Scope=instance | Storage=String | ReadOnly=False | Shared=True | Id=3045158
INFO | Candidate: NWB_DesignPkg | Scope=instance | Storage=String | ReadOnly=False | Shared=True | Id=7626167
INFO | Found 2 parameters named NWB_DesignPkg
INFO | SELECTED | Shared Parameter | Scope=instance | ReadOnly=False | Id=3045158
INFO | SELECTED | Shared Parameter | Scope=instance | ReadOnly=False | Id=7626167
ERROR | Element 13143626 | Category=Duct Fittings | Family= | Parameter=NWB_BuildingPermitPkg | Reason=missing | Writable sample: AHU, AHU_AreaServed, AHU_Serves, AHU_Type, AHU_ZoneNumber, Building_No, COMPLETE Y/N, Classification.OmniClass.21.Description_INSTANCE, Classification.OmniClass.21.Number_INSTANCE, Classification.OmniClass.22.Description_INSTANCE, Classification.OmniClass.22.Number_INSTANCE, Classification.OmniClass.23.Description_INSTANCE, Classification.OmniClass.23.Number_INSTANCE, Classification.UniFormat.2010.Description, Classification.UniFormat.2010.Number, Comments, Description BOM Suffix, Ductwork Insulation - Lining, Elevation from Level, Export to IFC
INFO | Candidate: NWB_WBS00 | Scope=instance | Storage=String | ReadOnly=False | Shared=True | Id=9214738
INFO | Candidate: NWB_WBS01 | Scope=instance | Storage=String | ReadOnly=False | Shared=True | Id=9214798
INFO | Candidate: NWB_WBS02 | Scope=instance | Storage=String | ReadOnly=False | Shared=True | Id=9214786
INFO | Candidate: NWB_WBS03 | Scope=instance | Storage=String | ReadOnly=False | Shared=True | Id=9214750
INFO | Candidate: NWB_WBS04 | Scope=instance | Storage=String | ReadOnly=False | Shared=True | Id=9214762
INFO | Candidate: NWB_WBS05 | Scope=instance | Storage=String | ReadOnly=False | Shared=True | Id=9214810
INFO | Candidate: NWB_WBSCode | Scope=instance | Storage=String | ReadOnly=False | Shared=True | Id=9214774
SOURCE | Element 13143626 | Cat=Duct Fittings | Family=MHT-ME-DF-Rectangular Eccentric Taper - Flanged-01 | Type= | Level=LEVEL 09 | System=Supply Air | LinkedRoomLink= | LinkedRoomNumber= | LinkedRoomName= | LinkedRoomDept= | LinkedRoomBuilding= | LinkedRoomSite= | LinkedRoomSource= | ResolvedDept= | ResolvedBuilding= | ResolvedSite= | DisciplineHint=mechanical | AssetCandidates=duct fittings, ductwork | WBS00=WBH | WBS01=HO | WBS03=Z00 | DesignPkg=NWB-GEN-ME-SCM-1091-A | BuildingPermitPkg=WBH - BP09
WARN | Element 13143626 | Department unresolved | ExistingNWBDepartment= | ExistingWBS00=WBH | ExistingWBS01=HO | ExistingDiscipline=ME
ELEMENT | 13143626 | Cat=Duct Fittings | AssetScore=45 | AssetTypeCode=MDUC | AssetType=Ductwork | AssetCategory=Ductwork | Targets=NWB_AssetTypeCode=MDUC; NWB_AssetType=Ductwork; NWB_Discipline=ME; NWB_Category=Ductwork; NWB_Department=; NWB_Material=; NWB_System=Supply Air; NWB_UniclassCode=Pr_65_65_25; NWB_UniclassDescription=Ductwork and fittings; NWB_DesignPkg=NWB-GEN-ME-SCM-1091-A; NWB_BuildingPermitPkg=WBH - BP09; NWB_WBS00=WBH; NWB_WBS01=HO; NWB_WBS02=09; NWB_WBS03=Z00; NWB_WBS04=ME; NWB_WBS05=SI5; NWB_WBSCode=WBH-HO-09-Z00-ME-SI5
INFO | Candidate: NWB_AssetTypeCode | Scope=instance | Storage=String | ReadOnly=False | Shared=True | Id=7626182
INFO | Candidate: NWB_AssetType | Scope=instance | Storage=String | ReadOnly=False | Shared=True | Id=7626181
INFO | Candidate: NWB_Discipline | Scope=instance | Storage=String | ReadOnly=False | Shared=True | Id=7626159
INFO | Candidate: NWB_Category | Scope=instance | Storage=String | ReadOnly=False | Shared=True | Id=7626160
INFO | Candidate: NWB_Material | Scope=instance | Storage=String | ReadOnly=False | Shared=True | Id=7626176
INFO | Candidate: NWB_System | Scope=instance | Storage=String | ReadOnly=False | Shared=True | Id=7626163
INFO | Candidate: NWB_UniclassCode | Scope=instance | Storage=String | ReadOnly=False | Shared=True | Id=7626165
INFO | Candidate: NWB_UniclassDescription | Scope=instance | Storage=String | ReadOnly=False | Shared=True | Id=7626166
INFO | Candidate: NWB_DesignPkg | Scope=instance | Storage=String | ReadOnly=False | Shared=True | Id=7626167
ERROR | Element 13143629 | Category=Duct Fittings | Family= | Parameter=NWB_BuildingPermitPkg | Reason=missing | Writable sample: AHU, AHU_AreaServed, AHU_Serves, AHU_Type, AHU_ZoneNumber, Building_No, COMPLETE Y/N, Classification.OmniClass.21.Description_INSTANCE, Classification.OmniClass.21.Number_INSTANCE, Classification.OmniClass.22.Description_INSTANCE, Classification.OmniClass.22.Number_INSTANCE, Classification.OmniClass.23.Description_INSTANCE, Classification.OmniClass.23.Number_INSTANCE, Classification.UniFormat.2010.Description, Classification.UniFormat.2010.Number, Comments, Description BOM Suffix, Duct Height1, Duct Length 1, Duct Width1
INFO | Candidate: NWB_WBS00 | Scope=instance | Storage=String | ReadOnly=False | Shared=True | Id=9214738
INFO | Candidate: NWB_WBS01 | Scope=instance | Storage=String | ReadOnly=False | Shared=True | Id=9214798
INFO | Candidate: NWB_WBS02 | Scope=instance | Storage=String | ReadOnly=False | Shared=True | Id=9214786
INFO | Candidate: NWB_WBS03 | Scope=instance | Storage=String | ReadOnly=False | Shared=True | Id=9214750
INFO | Candidate: NWB_WBS04 | Scope=instance | Storage=String | ReadOnly=False | Shared=True | Id=9214762
INFO | Candidate: NWB_WBS05 | Scope=instance | Storage=String | ReadOnly=False | Shared=True | Id=9214810
INFO | Candidate: NWB_WBSCode | Scope=instance | Storage=String | ReadOnly=False | Shared=True | Id=9214774
SOURCE | Element 13143629 | Cat=Duct Fittings | Family=MHT-ME-DF-Square Cap-BMA | Type= | Level=LEVEL 09 | System=Supply Air | LinkedRoomLink= | LinkedRoomNumber= | LinkedRoomName= | LinkedRoomDept= | LinkedRoomBuilding= | LinkedRoomSite= | LinkedRoomSource= | ResolvedDept= | ResolvedBuilding= | ResolvedSite= | DisciplineHint=mechanical | AssetCandidates=duct fittings, ductwork | WBS00=WBH | WBS01=HO | WBS03=Z00 | DesignPkg=NWB-GEN-ME-SCM-1091-A | BuildingPermitPkg=WBH - BP09
WARN | Element 13143629 | Department unresolved | ExistingNWBDepartment= | ExistingWBS00=WBH | ExistingWBS01=HO | ExistingDiscipline=ME
ELEMENT | 13143629 | Cat=Duct Fittings | AssetScore=45 | AssetTypeCode=MDUC | AssetType=Ductwork | AssetCategory=Ductwork | Targets=NWB_AssetTypeCode=MDUC; NWB_AssetType=Ductwork; NWB_Discipline=ME; NWB_Category=Ductwork; NWB_Department=; NWB_Material=9479096; NWB_System=Supply Air; NWB_UniclassCode=Pr_65_65_25; NWB_UniclassDescription=Ductwork and fittings; NWB_DesignPkg=NWB-GEN-ME-SCM-1091-A; NWB_BuildingPermitPkg=WBH - BP09; NWB_WBS00=WBH; NWB_WBS01=HO; NWB_WBS02=09; NWB_WBS03=Z00; NWB_WBS04=ME; NWB_WBS05=SI5; NWB_WBSCode=WBH-HO-09-Z00-ME-SI5
INFO | Candidate: NWB_AssetTypeCode | Scope=instance | Storage=String | ReadOnly=False | Shared=True | Id=3045149
INFO | Candidate: NWB_AssetTypeCode | Scope=instance | Storage=String | ReadOnly=False | Shared=True | Id=7626182
INFO | Found 2 parameters named NWB_AssetTypeCode
INFO | SELECTED | Shared Parameter | Scope=instance | ReadOnly=False | Id=3045149
INFO | SELECTED | Shared Parameter | Scope=instance | ReadOnly=False | Id=7626182
INFO | Candidate: NWB_AssetType | Scope=instance | Storage=String | ReadOnly=False | Shared=True | Id=3045150
INFO | Candidate: NWB_AssetType | Scope=instance | Storage=String | ReadOnly=False | Shared=True | Id=7626181
INFO | Found 2 parameters named NWB_AssetType
INFO | SELECTED | Shared Parameter | Scope=instance | ReadOnly=False | Id=3045150
INFO | SELECTED | Shared Parameter | Scope=instance | ReadOnly=False | Id=7626181
INFO | Candidate: NWB_Discipline | Scope=instance | Storage=String | ReadOnly=False | Shared=True | Id=3045151
INFO | Candidate: NWB_Discipline | Scope=instance | Storage=String | ReadOnly=False | Shared=True | Id=7626159
INFO | Found 2 parameters named NWB_Discipline
INFO | SELECTED | Shared Parameter | Scope=instance | ReadOnly=False | Id=3045151
INFO | SELECTED | Shared Parameter | Scope=instance | ReadOnly=False | Id=7626159
INFO | Candidate: NWB_Category | Scope=instance | Storage=String | ReadOnly=False | Shared=True | Id=3045152
INFO | Candidate: NWB_Category | Scope=instance | Storage=String | ReadOnly=False | Shared=True | Id=7626160
INFO | Found 2 parameters named NWB_Category
INFO | SELECTED | Shared Parameter | Scope=instance | ReadOnly=False | Id=3045152
INFO | SELECTED | Shared Parameter | Scope=instance | ReadOnly=False | Id=7626160
INFO | Candidate: NWB_System | Scope=instance | Storage=String | ReadOnly=False | Shared=True | Id=3045155
INFO | Candidate: NWB_System | Scope=instance | Storage=String | ReadOnly=False | Shared=True | Id=7626163
INFO | Found 2 parameters named NWB_System
INFO | SELECTED | Shared Parameter | Scope=instance | ReadOnly=False | Id=3045155
INFO | SELECTED | Shared Parameter | Scope=instance | ReadOnly=False | Id=7626163
INFO | Candidate: NWB_UniclassCode | Scope=instance | Storage=String | ReadOnly=False | Shared=True | Id=3045156
INFO | Candidate: NWB_UniclassCode | Scope=instance | Storage=String | ReadOnly=False | Shared=True | Id=7626165
INFO | Found 2 parameters named NWB_UniclassCode
INFO | SELECTED | Shared Parameter | Scope=instance | ReadOnly=False | Id=3045156
INFO | SELECTED | Shared Parameter | Scope=instance | ReadOnly=False | Id=7626165
INFO | Candidate: NWB_UniclassDescription | Scope=instance | Storage=String | ReadOnly=False | Shared=True | Id=3045157
INFO | Candidate: NWB_UniclassDescription | Scope=instance | Storage=String | ReadOnly=False | Shared=True | Id=7626166
INFO | Found 2 parameters named NWB_UniclassDescription
INFO | SELECTED | Shared Parameter | Scope=instance | ReadOnly=False | Id=3045157
INFO | SELECTED | Shared Parameter | Scope=instance | ReadOnly=False | Id=7626166
INFO | Candidate: NWB_DesignPkg | Scope=instance | Storage=String | ReadOnly=False | Shared=True | Id=3045158
INFO | Candidate: NWB_DesignPkg | Scope=instance | Storage=String | ReadOnly=False | Shared=True | Id=7626167
INFO | Found 2 parameters named NWB_DesignPkg
INFO | SELECTED | Shared Parameter | Scope=instance | ReadOnly=False | Id=3045158
INFO | SELECTED | Shared Parameter | Scope=instance | ReadOnly=False | Id=7626167
ERROR | Element 13143921 | Category=Duct Fittings | Family= | Parameter=NWB_BuildingPermitPkg | Reason=missing | Writable sample: AHU, AHU_AreaServed, AHU_Serves, AHU_Type, AHU_ZoneNumber, Building_No, COMPLETE Y/N, Classification.OmniClass.21.Description_INSTANCE, Classification.OmniClass.21.Number_INSTANCE, Classification.OmniClass.22.Description_INSTANCE, Classification.OmniClass.22.Number_INSTANCE, Classification.OmniClass.23.Description_INSTANCE, Classification.OmniClass.23.Number_INSTANCE, Classification.UniFormat.2010.Description, Classification.UniFormat.2010.Number, Comments, Description BOM Suffix, Ductwork Insulation - Lining, Elevation from Level, Export to IFC
INFO | Candidate: NWB_WBS00 | Scope=instance | Storage=String | ReadOnly=False | Shared=True | Id=9214738
INFO | Candidate: NWB_WBS01 | Scope=instance | Storage=String | ReadOnly=False | Shared=True | Id=9214798
INFO | Candidate: NWB_WBS02 | Scope=instance | Storage=String | ReadOnly=False | Shared=True | Id=9214786
INFO | Candidate: NWB_WBS03 | Scope=instance | Storage=String | ReadOnly=False | Shared=True | Id=9214750
INFO | Candidate: NWB_WBS04 | Scope=instance | Storage=String | ReadOnly=False | Shared=True | Id=9214762
INFO | Candidate: NWB_WBS05 | Scope=instance | Storage=String | ReadOnly=False | Shared=True | Id=9214810
INFO | Candidate: NWB_WBSCode | Scope=instance | Storage=String | ReadOnly=False | Shared=True | Id=9214774
SOURCE | Element 13143921 | Cat=Duct Fittings | Family=MHT-ME-DF-Rectangular Eccentric Taper - Flanged-01 | Type= | Level=LEVEL 09 | System=Return Air | LinkedRoomLink= | LinkedRoomNumber= | LinkedRoomName= | LinkedRoomDept= | LinkedRoomBuilding= | LinkedRoomSite= | LinkedRoomSource= | ResolvedDept= | ResolvedBuilding= | ResolvedSite= | DisciplineHint=mechanical | AssetCandidates=duct fittings, ductwork | WBS00=WBH | WBS01=HO | WBS03=Z00 | DesignPkg=NWB-GEN-ME-SCM-1091-A | BuildingPermitPkg=WBH - BP09
WARN | Element 13143921 | Department unresolved | ExistingNWBDepartment= | ExistingWBS00=WBH | ExistingWBS01=HO | ExistingDiscipline=ME
ELEMENT | 13143921 | Cat=Duct Fittings | AssetScore=45 | AssetTypeCode=MDUC | AssetType=Ductwork | AssetCategory=Ductwork | Targets=NWB_AssetTypeCode=MDUC; NWB_AssetType=Ductwork; NWB_Discipline=ME; NWB_Category=Ductwork; NWB_Department=; NWB_Material=; NWB_System=Return Air; NWB_UniclassCode=Pr_65_65_25; NWB_UniclassDescription=Ductwork and fittings; NWB_DesignPkg=NWB-GEN-ME-SCM-1091-A; NWB_BuildingPermitPkg=WBH - BP09; NWB_WBS00=WBH; NWB_WBS01=HO; NWB_WBS02=09; NWB_WBS03=Z00; NWB_WBS04=ME; NWB_WBS05=SI5; NWB_WBSCode=WBH-HO-09-Z00-ME-SI5
INFO | Candidate: NWB_AssetTypeCode | Scope=instance | Storage=String | ReadOnly=False | Shared=True | Id=7626182
INFO | Candidate: NWB_AssetType | Scope=instance | Storage=String | ReadOnly=False | Shared=True | Id=7626181
INFO | Candidate: NWB_Discipline | Scope=instance | Storage=String | ReadOnly=False | Shared=True | Id=7626159
INFO | Candidate: NWB_Category | Scope=instance | Storage=String | ReadOnly=False | Shared=True | Id=7626160
INFO | Candidate: NWB_Department | Scope=instance | Storage=String | ReadOnly=False | Shared=True | Id=7626168
INFO | Candidate: NWB_System | Scope=instance | Storage=String | ReadOnly=False | Shared=True | Id=7626163
INFO | Candidate: NWB_UniclassCode | Scope=instance | Storage=String | ReadOnly=False | Shared=True | Id=7626165
INFO | Candidate: NWB_UniclassDescription | Scope=instance | Storage=String | ReadOnly=False | Shared=True | Id=7626166
INFO | Candidate: NWB_DesignPkg | Scope=instance | Storage=String | ReadOnly=False | Shared=True | Id=7626167
ERROR | Element 13143992 | Category=Ducts | Family= | Parameter=NWB_BuildingPermitPkg | Reason=missing | Writable sample: AHU, AHU_AreaServed, AHU_Serves, AHU_Type, AHU_ZoneNumber, Additional Flow, Building_No, COMPLETE Y/N, Classification.OmniClass.21.Description_INSTANCE, Classification.OmniClass.21.Number_INSTANCE, Classification.OmniClass.22.Description_INSTANCE, Classification.OmniClass.22.Number_INSTANCE, Classification.OmniClass.23.Description_INSTANCE, Classification.OmniClass.23.Number_INSTANCE, Classification.UniFormat.2010.Description, Classification.UniFormat.2010.Number, Comments, DUCT NUMBER, Description BOM Suffix, Duct Number
INFO | Candidate: NWB_WBS00 | Scope=instance | Storage=String | ReadOnly=False | Shared=True | Id=9214738
INFO | Candidate: NWB_WBS01 | Scope=instance | Storage=String | ReadOnly=False | Shared=True | Id=9214798
INFO | Candidate: NWB_WBS02 | Scope=instance | Storage=String | ReadOnly=False | Shared=True | Id=9214786
INFO | Candidate: NWB_WBS03 | Scope=instance | Storage=String | ReadOnly=False | Shared=True | Id=9214750
INFO | Candidate: NWB_WBS04 | Scope=instance | Storage=String | ReadOnly=False | Shared=True | Id=9214762
INFO | Candidate: NWB_WBS05 | Scope=instance | Storage=String | ReadOnly=False | Shared=True | Id=9214810
INFO | Candidate: NWB_WBSCode | Scope=instance | Storage=String | ReadOnly=False | Shared=True | Id=9214774
SOURCE | Element 13143992 | Cat=Ducts | Family=Rectangular Duct | Type= | Level=LEVEL 09 | System=Return Air | LinkedRoomLink= | LinkedRoomNumber= | LinkedRoomName= | LinkedRoomDept= | LinkedRoomBuilding= | LinkedRoomSite= | LinkedRoomSource= | ResolvedDept=HDU | ResolvedBuilding= | ResolvedSite= | DisciplineHint=mechanical | AssetCandidates=ducts, ductwork | WBS00=WBH | WBS01=HO | WBS03=HDU | DesignPkg=NWB-GEN-ME-SCM-1091-A | BuildingPermitPkg=WBH - BP09
ELEMENT | 13143992 | Cat=Ducts | AssetScore=45 | AssetTypeCode=MDUC | AssetType=Ductwork | AssetCategory=Ductwork | Targets=NWB_AssetTypeCode=MDUC; NWB_AssetType=Ductwork; NWB_Discipline=ME; NWB_Category=Ductwork; NWB_Department=HDU; NWB_Material=; NWB_System=Return Air; NWB_UniclassCode=Pr_65_65_25; NWB_UniclassDescription=Ductwork and fittings; NWB_DesignPkg=NWB-GEN-ME-SCM-1091-A; NWB_BuildingPermitPkg=WBH - BP09; NWB_WBS00=WBH; NWB_WBS01=HO; NWB_WBS02=09; NWB_WBS03=HDU; NWB_WBS04=ME; NWB_WBS05=SI5; NWB_WBSCode=WBH-HO-09-HDU-ME-SI5
INFO | Candidate: NWB_AssetTypeCode | Scope=instance | Storage=String | ReadOnly=False | Shared=True | Id=3045149
INFO | Candidate: NWB_AssetTypeCode | Scope=instance | Storage=String | ReadOnly=False | Shared=True | Id=7626182
INFO | Found 2 parameters named NWB_AssetTypeCode
INFO | SELECTED | Shared Parameter | Scope=instance | ReadOnly=False | Id=3045149
INFO | SELECTED | Shared Parameter | Scope=instance | ReadOnly=False | Id=7626182
INFO | Candidate: NWB_AssetType | Scope=instance | Storage=String | ReadOnly=False | Shared=True | Id=3045150
INFO | Candidate: NWB_AssetType | Scope=instance | Storage=String | ReadOnly=False | Shared=True | Id=7626181
INFO | Found 2 parameters named NWB_AssetType
INFO | SELECTED | Shared Parameter | Scope=instance | ReadOnly=False | Id=3045150
INFO | SELECTED | Shared Parameter | Scope=instance | ReadOnly=False | Id=7626181
INFO | Candidate: NWB_Discipline | Scope=instance | Storage=String | ReadOnly=False | Shared=True | Id=3045151
INFO | Candidate: NWB_Discipline | Scope=instance | Storage=String | ReadOnly=False | Shared=True | Id=7626159
INFO | Found 2 parameters named NWB_Discipline
INFO | SELECTED | Shared Parameter | Scope=instance | ReadOnly=False | Id=3045151
INFO | SELECTED | Shared Parameter | Scope=instance | ReadOnly=False | Id=7626159
INFO | Candidate: NWB_Category | Scope=instance | Storage=String | ReadOnly=False | Shared=True | Id=3045152
INFO | Candidate: NWB_Category | Scope=instance | Storage=String | ReadOnly=False | Shared=True | Id=7626160
INFO | Found 2 parameters named NWB_Category
INFO | SELECTED | Shared Parameter | Scope=instance | ReadOnly=False | Id=3045152
INFO | SELECTED | Shared Parameter | Scope=instance | ReadOnly=False | Id=7626160
INFO | Candidate: NWB_System | Scope=instance | Storage=String | ReadOnly=False | Shared=True | Id=3045155
INFO | Candidate: NWB_System | Scope=instance | Storage=String | ReadOnly=False | Shared=True | Id=7626163
INFO | Found 2 parameters named NWB_System
INFO | SELECTED | Shared Parameter | Scope=instance | ReadOnly=False | Id=3045155
INFO | SELECTED | Shared Parameter | Scope=instance | ReadOnly=False | Id=7626163
INFO | Candidate: NWB_UniclassCode | Scope=instance | Storage=String | ReadOnly=False | Shared=True | Id=3045156
INFO | Candidate: NWB_UniclassCode | Scope=instance | Storage=String | ReadOnly=False | Shared=True | Id=7626165
INFO | Found 2 parameters named NWB_UniclassCode
INFO | SELECTED | Shared Parameter | Scope=instance | ReadOnly=False | Id=3045156
INFO | SELECTED | Shared Parameter | Scope=instance | ReadOnly=False | Id=7626165
INFO | Candidate: NWB_UniclassDescription | Scope=instance | Storage=String | ReadOnly=False | Shared=True | Id=3045157
INFO | Candidate: NWB_UniclassDescription | Scope=instance | Storage=String | ReadOnly=False | Shared=True | Id=7626166
INFO | Found 2 parameters named NWB_UniclassDescription
INFO | SELECTED | Shared Parameter | Scope=instance | ReadOnly=False | Id=3045157
INFO | SELECTED | Shared Parameter | Scope=instance | ReadOnly=False | Id=7626166
INFO | Candidate: NWB_DesignPkg | Scope=instance | Storage=String | ReadOnly=False | Shared=True | Id=3045158
INFO | Candidate: NWB_DesignPkg | Scope=instance | Storage=String | ReadOnly=False | Shared=True | Id=7626167
INFO | Found 2 parameters named NWB_DesignPkg
INFO | SELECTED | Shared Parameter | Scope=instance | ReadOnly=False | Id=3045158
INFO | SELECTED | Shared Parameter | Scope=instance | ReadOnly=False | Id=7626167
ERROR | Element 13144016 | Category=Duct Fittings | Family= | Parameter=NWB_BuildingPermitPkg | Reason=missing | Writable sample: AHU, AHU_AreaServed, AHU_Serves, AHU_Type, AHU_ZoneNumber, Building_No, COMPLETE Y/N, Classification.OmniClass.21.Description_INSTANCE, Classification.OmniClass.21.Number_INSTANCE, Classification.OmniClass.22.Description_INSTANCE, Classification.OmniClass.22.Number_INSTANCE, Classification.OmniClass.23.Description_INSTANCE, Classification.OmniClass.23.Number_INSTANCE, Classification.UniFormat.2010.Description, Classification.UniFormat.2010.Number, Comments, Description BOM Suffix, Ductwork Insulation - Lining, Elevation from Level, Export to IFC
INFO | Candidate: NWB_WBS00 | Scope=instance | Storage=String | ReadOnly=False | Shared=True | Id=9214738
INFO | Candidate: NWB_WBS01 | Scope=instance | Storage=String | ReadOnly=False | Shared=True | Id=9214798
INFO | Candidate: NWB_WBS02 | Scope=instance | Storage=String | ReadOnly=False | Shared=True | Id=9214786
INFO | Candidate: NWB_WBS03 | Scope=instance | Storage=String | ReadOnly=False | Shared=True | Id=9214750
INFO | Candidate: NWB_WBS04 | Scope=instance | Storage=String | ReadOnly=False | Shared=True | Id=9214762
INFO | Candidate: NWB_WBS05 | Scope=instance | Storage=String | ReadOnly=False | Shared=True | Id=9214810
INFO | Candidate: NWB_WBSCode | Scope=instance | Storage=String | ReadOnly=False | Shared=True | Id=9214774
SOURCE | Element 13144016 | Cat=Duct Fittings | Family=MHT-ME-DF-Rectangular Eccentric Taper - Flanged-01 | Type= | Level=LEVEL 09 | System=Return Air | LinkedRoomLink= | LinkedRoomNumber= | LinkedRoomName= | LinkedRoomDept= | LinkedRoomBuilding= | LinkedRoomSite= | LinkedRoomSource= | ResolvedDept= | ResolvedBuilding= | ResolvedSite= | DisciplineHint=mechanical | AssetCandidates=duct fittings, ductwork | WBS00=WBH | WBS01=HO | WBS03=Z00 | DesignPkg=NWB-GEN-ME-SCM-1091-A | BuildingPermitPkg=WBH - BP09
WARN | Element 13144016 | Department unresolved | ExistingNWBDepartment= | ExistingWBS00=WBH | ExistingWBS01=HO | ExistingDiscipline=ME
ELEMENT | 13144016 | Cat=Duct Fittings | AssetScore=45 | AssetTypeCode=MDUC | AssetType=Ductwork | AssetCategory=Ductwork | Targets=NWB_AssetTypeCode=MDUC; NWB_AssetType=Ductwork; NWB_Discipline=ME; NWB_Category=Ductwork; NWB_Department=; NWB_Material=; NWB_System=Return Air; NWB_UniclassCode=Pr_65_65_25; NWB_UniclassDescription=Ductwork and fittings; NWB_DesignPkg=NWB-GEN-ME-SCM-1091-A; NWB_BuildingPermitPkg=WBH - BP09; NWB_WBS00=WBH; NWB_WBS01=HO; NWB_WBS02=09; NWB_WBS03=Z00; NWB_WBS04=ME; NWB_WBS05=SI5; NWB_WBSCode=WBH-HO-09-Z00-ME-SI5
INFO | Candidate: NWB_AssetTypeCode | Scope=instance | Storage=String | ReadOnly=False | Shared=True | Id=7626182
INFO | Candidate: NWB_AssetType | Scope=instance | Storage=String | ReadOnly=False | Shared=True | Id=7626181
INFO | Candidate: NWB_Discipline | Scope=instance | Storage=String | ReadOnly=False | Shared=True | Id=7626159
INFO | Candidate: NWB_Category | Scope=instance | Storage=String | ReadOnly=False | Shared=True | Id=7626160
INFO | Candidate: NWB_Department | Scope=instance | Storage=String | ReadOnly=False | Shared=True | Id=7626168
INFO | Candidate: NWB_System | Scope=instance | Storage=String | ReadOnly=False | Shared=True | Id=7626163
INFO | Candidate: NWB_UniclassCode | Scope=instance | Storage=String | ReadOnly=False | Shared=True | Id=7626165
INFO | Candidate: NWB_UniclassDescription | Scope=instance | Storage=String | ReadOnly=False | Shared=True | Id=7626166
INFO | Candidate: NWB_DesignPkg | Scope=instance | Storage=String | ReadOnly=False | Shared=True | Id=7626167
ERROR | Element 13144112 | Category=Flex Ducts | Family= | Parameter=NWB_BuildingPermitPkg | Reason=missing | Writable sample: AHU_AreaServed, AHU_Serves, AHU_Type, AHU_ZoneNumber, Additional Flow, Building_No, COMPLETE Y/N, Classification.UniFormat.2010.Description, Classification.UniFormat.2010.Number, Comments, Diameter, Export to IFC, Export to IFC As, Family, Family and Type, Flex Pattern, IFC Predefined Type, IfcGUID, Image, Legend Description
INFO | Candidate: NWB_WBS00 | Scope=instance | Storage=String | ReadOnly=False | Shared=True | Id=9214738
INFO | Candidate: NWB_WBS01 | Scope=instance | Storage=String | ReadOnly=False | Shared=True | Id=9214798
INFO | Candidate: NWB_WBS02 | Scope=instance | Storage=String | ReadOnly=False | Shared=True | Id=9214786
INFO | Candidate: NWB_WBS03 | Scope=instance | Storage=String | ReadOnly=False | Shared=True | Id=9214750
INFO | Candidate: NWB_WBS04 | Scope=instance | Storage=String | ReadOnly=False | Shared=True | Id=9214762
INFO | Candidate: NWB_WBS05 | Scope=instance | Storage=String | ReadOnly=False | Shared=True | Id=9214810
INFO | Candidate: NWB_WBSCode | Scope=instance | Storage=String | ReadOnly=False | Shared=True | Id=9214774
SOURCE | Element 13144112 | Cat=Flex Ducts | Family=Flex Duct Round | Type= | Level=LEVEL 09 | System=Return Air | LinkedRoomLink=NWB-ACD-WBH-MH-MOD-0001 | LinkedRoomNumber=HDU.09.073 | LinkedRoomName=1 Bed Room, Intensive Care | LinkedRoomDept=High Dependency Unit | LinkedRoomBuilding= | LinkedRoomSite= | LinkedRoomSource=connected:14671260:Air Terminals | ResolvedDept=High Dependency Unit | ResolvedBuilding= | ResolvedSite= | DisciplineHint=mechanical | AssetCandidates=flex ducts, ductwork | WBS00=WBH | WBS01=HO | WBS03=HDU | DesignPkg=NWB-GEN-ME-SCM-1091-A | BuildingPermitPkg=WBH - BP09
ELEMENT | 13144112 | Cat=Flex Ducts | AssetScore=45 | AssetTypeCode=MDUC | AssetType=Ductwork | AssetCategory=Ductwork | Targets=NWB_AssetTypeCode=MDUC; NWB_AssetType=Ductwork; NWB_Discipline=ME; NWB_Category=Ductwork; NWB_Department=High Dependency Unit; NWB_Material=; NWB_System=Return Air; NWB_UniclassCode=Pr_65_65_25; NWB_UniclassDescription=Ductwork and fittings; NWB_DesignPkg=NWB-GEN-ME-SCM-1091-A; NWB_BuildingPermitPkg=WBH - BP09; NWB_WBS00=WBH; NWB_WBS01=HO; NWB_WBS02=09; NWB_WBS03=HDU; NWB_WBS04=ME; NWB_WBS05=SI5; NWB_WBSCode=WBH-HO-09-HDU-ME-SI5
INFO | Candidate: NWB_AssetTypeCode | Scope=instance | Storage=String | ReadOnly=False | Shared=True | Id=7626182
INFO | Candidate: NWB_AssetType | Scope=instance | Storage=String | ReadOnly=False | Shared=True | Id=7626181
INFO | Candidate: NWB_Discipline | Scope=instance | Storage=String | ReadOnly=False | Shared=True | Id=7626159
INFO | Candidate: NWB_Category | Scope=instance | Storage=String | ReadOnly=False | Shared=True | Id=7626160
INFO | Candidate: NWB_Department | Scope=instance | Storage=String | ReadOnly=False | Shared=True | Id=7626168
INFO | Candidate: NWB_System | Scope=instance | Storage=String | ReadOnly=False | Shared=True | Id=7626163
INFO | Candidate: NWB_UniclassCode | Scope=instance | Storage=String | ReadOnly=False | Shared=True | Id=7626165
INFO | Candidate: NWB_UniclassDescription | Scope=instance | Storage=String | ReadOnly=False | Shared=True | Id=7626166
INFO | Candidate: NWB_DesignPkg | Scope=instance | Storage=String | ReadOnly=False | Shared=True | Id=7626167
ERROR | Element 13144392 | Category=Flex Ducts | Family= | Parameter=NWB_BuildingPermitPkg | Reason=missing | Writable sample: AHU_AreaServed, AHU_Serves, AHU_Type, AHU_ZoneNumber, Additional Flow, Building_No, COMPLETE Y/N, Classification.UniFormat.2010.Description, Classification.UniFormat.2010.Number, Comments, Diameter, Export to IFC, Export to IFC As, Family, Family and Type, Flex Pattern, IFC Predefined Type, IfcGUID, Image, Legend Description
INFO | Candidate: NWB_WBS00 | Scope=instance | Storage=String | ReadOnly=False | Shared=True | Id=9214738
INFO | Candidate: NWB_WBS01 | Scope=instance | Storage=String | ReadOnly=False | Shared=True | Id=9214798
INFO | Candidate: NWB_WBS02 | Scope=instance | Storage=String | ReadOnly=False | Shared=True | Id=9214786
INFO | Candidate: NWB_WBS03 | Scope=instance | Storage=String | ReadOnly=False | Shared=True | Id=9214750
INFO | Candidate: NWB_WBS04 | Scope=instance | Storage=String | ReadOnly=False | Shared=True | Id=9214762
INFO | Candidate: NWB_WBS05 | Scope=instance | Storage=String | ReadOnly=False | Shared=True | Id=9214810
INFO | Candidate: NWB_WBSCode | Scope=instance | Storage=String | ReadOnly=False | Shared=True | Id=9214774
SOURCE | Element 13144392 | Cat=Flex Ducts | Family=Flex Duct Round | Type= | Level=LEVEL 09 | System=Return Air | LinkedRoomLink=NWB-ACD-WBH-MH-MOD-0001 | LinkedRoomNumber=HDU.09.085 | LinkedRoomName=1 Bed Room, Intensive Care (Bariatric) | LinkedRoomDept=High Dependency Unit | LinkedRoomBuilding= | LinkedRoomSite= | LinkedRoomSource=connected:14671327:Air Terminals | ResolvedDept=High Dependency Unit | ResolvedBuilding= | ResolvedSite= | DisciplineHint=mechanical | AssetCandidates=flex ducts, ductwork | WBS00=WBH | WBS01=HO | WBS03=HDU | DesignPkg=NWB-GEN-ME-SCM-1091-A | BuildingPermitPkg=WBH - BP09
ELEMENT | 13144392 | Cat=Flex Ducts | AssetScore=45 | AssetTypeCode=MDUC | AssetType=Ductwork | AssetCategory=Ductwork | Targets=NWB_AssetTypeCode=MDUC; NWB_AssetType=Ductwork; NWB_Discipline=ME; NWB_Category=Ductwork; NWB_Department=High Dependency Unit; NWB_Material=; NWB_System=Return Air; NWB_UniclassCode=Pr_65_65_25; NWB_UniclassDescription=Ductwork and fittings; NWB_DesignPkg=NWB-GEN-ME-SCM-1091-A; NWB_BuildingPermitPkg=WBH - BP09; NWB_WBS00=WBH; NWB_WBS01=HO; NWB_WBS02=09; NWB_WBS03=HDU; NWB_WBS04=ME; NWB_WBS05=SI5; NWB_WBSCode=WBH-HO-09-HDU-ME-SI5
INFO | Candidate: NWB_AssetTypeCode | Scope=instance | Storage=String | ReadOnly=False | Shared=True | Id=7626182
INFO | Candidate: NWB_AssetType | Scope=instance | Storage=String | ReadOnly=False | Shared=True | Id=7626181
INFO | Candidate: NWB_Discipline | Scope=instance | Storage=String | ReadOnly=False | Shared=True | Id=7626159
INFO | Candidate: NWB_Category | Scope=instance | Storage=String | ReadOnly=False | Shared=True | Id=7626160
INFO | Candidate: NWB_Department | Scope=instance | Storage=String | ReadOnly=False | Shared=True | Id=7626168
INFO | Candidate: NWB_Material | Scope=instance | Storage=String | ReadOnly=False | Shared=True | Id=7626176
INFO | Candidate: NWB_System | Scope=instance | Storage=String | ReadOnly=False | Shared=True | Id=7626163
INFO | Candidate: NWB_UniclassCode | Scope=instance | Storage=String | ReadOnly=False | Shared=True | Id=7626165
INFO | Candidate: NWB_UniclassDescription | Scope=instance | Storage=String | ReadOnly=False | Shared=True | Id=7626166
INFO | Candidate: NWB_DesignPkg | Scope=instance | Storage=String | ReadOnly=False | Shared=True | Id=7626167
ERROR | Element 13144438 | Category=Duct Fittings | Family= | Parameter=NWB_BuildingPermitPkg | Reason=missing | Writable sample: AHU, AHU_AreaServed, AHU_Serves, AHU_Type, AHU_ZoneNumber, Building_No, COMPLETE Y/N, Classification.OmniClass.21.Description_INSTANCE, Classification.OmniClass.21.Number_INSTANCE, Classification.OmniClass.22.Description_INSTANCE, Classification.OmniClass.22.Number_INSTANCE, Classification.OmniClass.23.Description_INSTANCE, Classification.OmniClass.23.Number_INSTANCE, Classification.UniFormat.2010.Description, Classification.UniFormat.2010.Number, Comments, Description BOM Suffix, Duct Height1, Duct Length 1, Duct Width1
INFO | Candidate: NWB_WBS00 | Scope=instance | Storage=String | ReadOnly=False | Shared=True | Id=9214738
INFO | Candidate: NWB_WBS01 | Scope=instance | Storage=String | ReadOnly=False | Shared=True | Id=9214798
INFO | Candidate: NWB_WBS02 | Scope=instance | Storage=String | ReadOnly=False | Shared=True | Id=9214786
INFO | Candidate: NWB_WBS03 | Scope=instance | Storage=String | ReadOnly=False | Shared=True | Id=9214750
INFO | Candidate: NWB_WBS04 | Scope=instance | Storage=String | ReadOnly=False | Shared=True | Id=9214762
INFO | Candidate: NWB_WBS05 | Scope=instance | Storage=String | ReadOnly=False | Shared=True | Id=9214810
INFO | Candidate: NWB_WBSCode | Scope=instance | Storage=String | ReadOnly=False | Shared=True | Id=9214774
SOURCE | Element 13144438 | Cat=Duct Fittings | Family=MHT-ME-DF-Square Cap-BMA | Type= | Level=LEVEL 09 | System=Return Air | LinkedRoomLink=NWB-ACD-WBH-MH-MOD-0001 | LinkedRoomNumber=IP3.11.110 | LinkedRoomName=Lounge, Family | LinkedRoomDept=Inpatient Obstetric 3 | LinkedRoomBuilding= | LinkedRoomSite= | LinkedRoomSource=connected:13076014:Duct Systems | ResolvedDept=Inpatient Obstetric 3 | ResolvedBuilding= | ResolvedSite= | DisciplineHint=mechanical | AssetCandidates=duct fittings, ductwork | WBS00=WBH | WBS01=HO | WBS03=IP3 | DesignPkg=NWB-GEN-ME-SCM-1091-A | BuildingPermitPkg=WBH - BP09
ELEMENT | 13144438 | Cat=Duct Fittings | AssetScore=45 | AssetTypeCode=MDUC | AssetType=Ductwork | AssetCategory=Ductwork | Targets=NWB_AssetTypeCode=MDUC; NWB_AssetType=Ductwork; NWB_Discipline=ME; NWB_Category=Ductwork; NWB_Department=Inpatient Obstetric 3; NWB_Material=9479096; NWB_System=Return Air; NWB_UniclassCode=Pr_65_65_25; NWB_UniclassDescription=Ductwork and fittings; NWB_DesignPkg=NWB-GEN-ME-SCM-1091-A; NWB_BuildingPermitPkg=WBH - BP09; NWB_WBS00=WBH; NWB_WBS01=HO; NWB_WBS02=09; NWB_WBS03=IP3; NWB_WBS04=ME; NWB_WBS05=SI5; NWB_WBSCode=WBH-HO-09-IP3-ME-SI5
INFO | Candidate: NWB_AssetTypeCode | Scope=instance | Storage=String | ReadOnly=False | Shared=True | Id=7626182
INFO | Candidate: NWB_AssetType | Scope=instance | Storage=String | ReadOnly=False | Shared=True | Id=7626181
INFO | Candidate: NWB_Discipline | Scope=instance | Storage=String | ReadOnly=False | Shared=True | Id=7626159
INFO | Candidate: NWB_Category | Scope=instance | Storage=String | ReadOnly=False | Shared=True | Id=7626160
INFO | Candidate: NWB_Department | Scope=instance | Storage=String | ReadOnly=False | Shared=True | Id=7626168
INFO | Candidate: NWB_System | Scope=instance | Storage=String | ReadOnly=False | Shared=True | Id=7626163
INFO | Candidate: NWB_UniclassCode | Scope=instance | Storage=String | ReadOnly=False | Shared=True | Id=7626165
INFO | Candidate: NWB_UniclassDescription | Scope=instance | Storage=String | ReadOnly=False | Shared=True | Id=7626166
INFO | Candidate: NWB_DesignPkg | Scope=instance | Storage=String | ReadOnly=False | Shared=True | Id=7626167
ERROR | Element 13169092 | Category=Flex Ducts | Family= | Parameter=NWB_BuildingPermitPkg | Reason=missing | Writable sample: AHU_AreaServed, AHU_Serves, AHU_Type, AHU_ZoneNumber, Additional Flow, Building_No, COMPLETE Y/N, Classification.UniFormat.2010.Description, Classification.UniFormat.2010.Number, Comments, Diameter, Export to IFC, Export to IFC As, Family, Family and Type, Flex Pattern, IFC Predefined Type, IfcGUID, Image, Legend Description
INFO | Candidate: NWB_WBS00 | Scope=instance | Storage=String | ReadOnly=False | Shared=True | Id=9214738
INFO | Candidate: NWB_WBS01 | Scope=instance | Storage=String | ReadOnly=False | Shared=True | Id=9214798
INFO | Candidate: NWB_WBS02 | Scope=instance | Storage=String | ReadOnly=False | Shared=True | Id=9214786
INFO | Candidate: NWB_WBS03 | Scope=instance | Storage=String | ReadOnly=False | Shared=True | Id=9214750
INFO | Candidate: NWB_WBS04 | Scope=instance | Storage=String | ReadOnly=False | Shared=True | Id=9214762
INFO | Candidate: NWB_WBS05 | Scope=instance | Storage=String | ReadOnly=False | Shared=True | Id=9214810
INFO | Candidate: NWB_WBSCode | Scope=instance | Storage=String | ReadOnly=False | Shared=True | Id=9214774
SOURCE | Element 13169092 | Cat=Flex Ducts | Family=Flex Duct Round | Type= | Level=LEVEL 10 | System=Exhaust Air | LinkedRoomLink=NWB-ARC-WBH-AR-MOD-0036 | LinkedRoomNumber=HDU.09.081 | LinkedRoomName=Ensuite, Bariatric | LinkedRoomDept=HDU | LinkedRoomBuilding= | LinkedRoomSite= | LinkedRoomSource=connected:14704170:Air Terminals | ResolvedDept=HDU | ResolvedBuilding= | ResolvedSite= | DisciplineHint=mechanical | AssetCandidates=flex ducts, ductwork | WBS00=WBH | WBS01=HO | WBS03=HDU | DesignPkg=NWB-GEN-ME-SCM-1091-A | BuildingPermitPkg=WBH - BP09
ELEMENT | 13169092 | Cat=Flex Ducts | AssetScore=45 | AssetTypeCode=MDUC | AssetType=Ductwork | AssetCategory=Ductwork | Targets=NWB_AssetTypeCode=MDUC; NWB_AssetType=Ductwork; NWB_Discipline=ME; NWB_Category=Ductwork; NWB_Department=HDU; NWB_Material=; NWB_System=Exhaust Air; NWB_UniclassCode=Pr_65_65_25; NWB_UniclassDescription=Ductwork and fittings; NWB_DesignPkg=NWB-GEN-ME-SCM-1091-A; NWB_BuildingPermitPkg=WBH - BP09; NWB_WBS00=WBH; NWB_WBS01=HO; NWB_WBS02=10; NWB_WBS03=HDU; NWB_WBS04=ME; NWB_WBS05=SI5; NWB_WBSCode=WBH-HO-10-HDU-ME-SI5
INFO | Candidate: NWB_AssetTypeCode | Scope=instance | Storage=String | ReadOnly=False | Shared=True | Id=7626182
INFO | Candidate: NWB_AssetType | Scope=instance | Storage=String | ReadOnly=False | Shared=True | Id=7626181
INFO | Candidate: NWB_Discipline | Scope=instance | Storage=String | ReadOnly=False | Shared=True | Id=7626159
INFO | Candidate: NWB_Category | Scope=instance | Storage=String | ReadOnly=False | Shared=True | Id=7626160
INFO | Candidate: NWB_Department | Scope=instance | Storage=String | ReadOnly=False | Shared=True | Id=7626168
INFO | Candidate: NWB_System | Scope=instance | Storage=String | ReadOnly=False | Shared=True | Id=7626163
INFO | Candidate: NWB_UniclassCode | Scope=instance | Storage=String | ReadOnly=False | Shared=True | Id=7626165
INFO | Candidate: NWB_UniclassDescription | Scope=instance | Storage=String | ReadOnly=False | Shared=True | Id=7626166
INFO | Candidate: NWB_DesignPkg | Scope=instance | Storage=String | ReadOnly=False | Shared=True | Id=7626167
ERROR | Element 13248158 | Category=Ducts | Family= | Parameter=NWB_BuildingPermitPkg | Reason=missing | Writable sample: AHU, AHU_AreaServed, AHU_Serves, AHU_Type, AHU_ZoneNumber, Additional Flow, Building_No, COMPLETE Y/N, Classification.OmniClass.21.Description_INSTANCE, Classification.OmniClass.21.Number_INSTANCE, Classification.OmniClass.22.Description_INSTANCE, Classification.OmniClass.22.Number_INSTANCE, Classification.OmniClass.23.Description_INSTANCE, Classification.OmniClass.23.Number_INSTANCE, Classification.UniFormat.2010.Description, Classification.UniFormat.2010.Number, Comments, DUCT NUMBER, Description BOM Suffix, Duct Number
INFO | Candidate: NWB_WBS00 | Scope=instance | Storage=String | ReadOnly=False | Shared=True | Id=9214738
INFO | Candidate: NWB_WBS01 | Scope=instance | Storage=String | ReadOnly=False | Shared=True | Id=9214798
INFO | Candidate: NWB_WBS02 | Scope=instance | Storage=String | ReadOnly=False | Shared=True | Id=9214786
INFO | Candidate: NWB_WBS03 | Scope=instance | Storage=String | ReadOnly=False | Shared=True | Id=9214750
INFO | Candidate: NWB_WBS04 | Scope=instance | Storage=String | ReadOnly=False | Shared=True | Id=9214762
INFO | Candidate: NWB_WBS05 | Scope=instance | Storage=String | ReadOnly=False | Shared=True | Id=9214810
INFO | Candidate: NWB_WBSCode | Scope=instance | Storage=String | ReadOnly=False | Shared=True | Id=9214774
SOURCE | Element 13248158 | Cat=Ducts | Family=Rectangular Duct | Type= | Level=LEVEL 09 | System=Supply Air | LinkedRoomLink=NWB-ACD-WBH-MH-MOD-0001 | LinkedRoomNumber=HDU.09.085 | LinkedRoomName=1 Bed Room, Intensive Care (Bariatric) | LinkedRoomDept=High Dependency Unit | LinkedRoomBuilding= | LinkedRoomSite= | LinkedRoomSource=connected:13932151:Air Terminals | ResolvedDept=High Dependency Unit | ResolvedBuilding= | ResolvedSite= | DisciplineHint=mechanical | AssetCandidates=ducts, ductwork | WBS00=WBH | WBS01=HO | WBS03=HDU | DesignPkg=NWB-GEN-ME-SCM-1091-A | BuildingPermitPkg=WBH - BP09
ELEMENT | 13248158 | Cat=Ducts | AssetScore=45 | AssetTypeCode=MDUC | AssetType=Ductwork | AssetCategory=Ductwork | Targets=NWB_AssetTypeCode=MDUC; NWB_AssetType=Ductwork; NWB_Discipline=ME; NWB_Category=Ductwork; NWB_Department=High Dependency Unit; NWB_Material=; NWB_System=Supply Air; NWB_UniclassCode=Pr_65_65_25; NWB_UniclassDescription=Ductwork and fittings; NWB_DesignPkg=NWB-GEN-ME-SCM-1091-A; NWB_BuildingPermitPkg=WBH - BP09; NWB_WBS00=WBH; NWB_WBS01=HO; NWB_WBS02=09; NWB_WBS03=HDU; NWB_WBS04=ME; NWB_WBS05=SI5; NWB_WBSCode=WBH-HO-09-HDU-ME-SI5
INFO | Candidate: NWB_AssetTypeCode | Scope=instance | Storage=String | ReadOnly=False | Shared=True | Id=7626182
INFO | Candidate: NWB_AssetType | Scope=instance | Storage=String | ReadOnly=False | Shared=True | Id=7626181
INFO | Candidate: NWB_Discipline | Scope=instance | Storage=String | ReadOnly=False | Shared=True | Id=7626159
INFO | Candidate: NWB_Category | Scope=instance | Storage=String | ReadOnly=False | Shared=True | Id=7626160
INFO | Candidate: NWB_Department | Scope=instance | Storage=String | ReadOnly=False | Shared=True | Id=7626168
INFO | Candidate: NWB_System | Scope=instance | Storage=String | ReadOnly=False | Shared=True | Id=7626163
INFO | Candidate: NWB_UniclassCode | Scope=instance | Storage=String | ReadOnly=False | Shared=True | Id=7626165
INFO | Candidate: NWB_UniclassDescription | Scope=instance | Storage=String | ReadOnly=False | Shared=True | Id=7626166
INFO | Candidate: NWB_DesignPkg | Scope=instance | Storage=String | ReadOnly=False | Shared=True | Id=7626167
ERROR | Element 13248161 | Category=Ducts | Family= | Parameter=NWB_BuildingPermitPkg | Reason=missing | Writable sample: AHU, AHU_AreaServed, AHU_Serves, AHU_Type, AHU_ZoneNumber, Additional Flow, Building_No, COMPLETE Y/N, Classification.OmniClass.21.Description_INSTANCE, Classification.OmniClass.21.Number_INSTANCE, Classification.OmniClass.22.Description_INSTANCE, Classification.OmniClass.22.Number_INSTANCE, Classification.OmniClass.23.Description_INSTANCE, Classification.OmniClass.23.Number_INSTANCE, Classification.UniFormat.2010.Description, Classification.UniFormat.2010.Number, Comments, DUCT NUMBER, Description BOM Suffix, Duct Number
INFO | Candidate: NWB_WBS00 | Scope=instance | Storage=String | ReadOnly=False | Shared=True | Id=9214738
INFO | Candidate: NWB_WBS01 | Scope=instance | Storage=String | ReadOnly=False | Shared=True | Id=9214798
INFO | Candidate: NWB_WBS02 | Scope=instance | Storage=String | ReadOnly=False | Shared=True | Id=9214786
INFO | Candidate: NWB_WBS03 | Scope=instance | Storage=String | ReadOnly=False | Shared=True | Id=9214750
INFO | Candidate: NWB_WBS04 | Scope=instance | Storage=String | ReadOnly=False | Shared=True | Id=9214762
INFO | Candidate: NWB_WBS05 | Scope=instance | Storage=String | ReadOnly=False | Shared=True | Id=9214810
INFO | Candidate: NWB_WBSCode | Scope=instance | Storage=String | ReadOnly=False | Shared=True | Id=9214774
SOURCE | Element 13248161 | Cat=Ducts | Family=Rectangular Duct | Type= | Level=LEVEL 09 | System=Supply Air | LinkedRoomLink=NWB-ARC-WBH-AR-MOD-0036 | LinkedRoomNumber=HDU.09.081 | LinkedRoomName=Ensuite, Bariatric | LinkedRoomDept=HDU | LinkedRoomBuilding= | LinkedRoomSite= | LinkedRoomSource=connected:13248162:Air Terminals | ResolvedDept=HDU | ResolvedBuilding= | ResolvedSite= | DisciplineHint=mechanical | AssetCandidates=ducts, ductwork | WBS00=WBH | WBS01=HO | WBS03=HDU | DesignPkg=NWB-GEN-ME-SCM-1091-A | BuildingPermitPkg=WBH - BP09
ELEMENT | 13248161 | Cat=Ducts | AssetScore=45 | AssetTypeCode=MDUC | AssetType=Ductwork | AssetCategory=Ductwork | Targets=NWB_AssetTypeCode=MDUC; NWB_AssetType=Ductwork; NWB_Discipline=ME; NWB_Category=Ductwork; NWB_Department=HDU; NWB_Material=; NWB_System=Supply Air; NWB_UniclassCode=Pr_65_65_25; NWB_UniclassDescription=Ductwork and fittings; NWB_DesignPkg=NWB-GEN-ME-SCM-1091-A; NWB_BuildingPermitPkg=WBH - BP09; NWB_WBS00=WBH; NWB_WBS01=HO; NWB_WBS02=09; NWB_WBS03=HDU; NWB_WBS04=ME; NWB_WBS05=SI5; NWB_WBSCode=WBH-HO-09-HDU-ME-SI5
INFO | Candidate: NWB_AssetTypeCode | Scope=instance | Storage=String | ReadOnly=False | Shared=True | Id=7626182
INFO | Candidate: NWB_AssetType | Scope=instance | Storage=String | ReadOnly=False | Shared=True | Id=7626181
INFO | Candidate: NWB_Discipline | Scope=instance | Storage=String | ReadOnly=False | Shared=True | Id=7626159
INFO | Candidate: NWB_Category | Scope=instance | Storage=String | ReadOnly=False | Shared=True | Id=7626160
INFO | Candidate: NWB_Department | Scope=instance | Storage=String | ReadOnly=False | Shared=True | Id=7626168
INFO | Candidate: NWB_System | Scope=instance | Storage=String | ReadOnly=False | Shared=True | Id=7626163
INFO | Candidate: NWB_UniclassCode | Scope=instance | Storage=String | ReadOnly=False | Shared=True | Id=7626165
INFO | Candidate: NWB_UniclassDescription | Scope=instance | Storage=String | ReadOnly=False | Shared=True | Id=7626166
INFO | Candidate: NWB_DesignPkg | Scope=instance | Storage=String | ReadOnly=False | Shared=True | Id=7626167
ERROR | Element 13248162 | Category=Air Terminals | Family= | Parameter=NWB_BuildingPermitPkg | Reason=missing | Writable sample: AHU_AreaServed, AHU_Serves, AHU_Type, AHU_ZoneNumber, AQ, Building_No, COMPLETE Y/N, Classification.UniFormat.2010.Description, Classification.UniFormat.2010.Number, Comments, Export to IFC, Export to IFC As, Family, Family and Type, Flow, IFC Predefined Type, IfcGUID, Image, Legend Description, Location
INFO | Candidate: NWB_WBS00 | Scope=instance | Storage=String | ReadOnly=True | Shared=True | Id=9214738
ERROR | Element 13248162 | Category=Air Terminals | Family= | Parameter=NWB_WBS00 | Reason=readonly | Writable sample: AHU_AreaServed, AHU_Serves, AHU_Type, AHU_ZoneNumber, AQ, Building_No, COMPLETE Y/N, Classification.UniFormat.2010.Description, Classification.UniFormat.2010.Number, Comments, Export to IFC, Export to IFC As, Family, Family and Type, Flow, IFC Predefined Type, IfcGUID, Image, Legend Description, Location
INFO | Candidate: NWB_WBS01 | Scope=instance | Storage=String | ReadOnly=True | Shared=True | Id=9214798
ERROR | Element 13248162 | Category=Air Terminals | Family= | Parameter=NWB_WBS01 | Reason=readonly | Writable sample: AHU_AreaServed, AHU_Serves, AHU_Type, AHU_ZoneNumber, AQ, Building_No, COMPLETE Y/N, Classification.UniFormat.2010.Description, Classification.UniFormat.2010.Number, Comments, Export to IFC, Export to IFC As, Family, Family and Type, Flow, IFC Predefined Type, IfcGUID, Image, Legend Description, Location
INFO | Candidate: NWB_WBS02 | Scope=instance | Storage=String | ReadOnly=False | Shared=True | Id=9214786
INFO | Candidate: NWB_WBS03 | Scope=instance | Storage=String | ReadOnly=False | Shared=True | Id=9214750
INFO | Candidate: NWB_WBS04 | Scope=instance | Storage=String | ReadOnly=True | Shared=True | Id=9214762
ERROR | Element 13248162 | Category=Air Terminals | Family= | Parameter=NWB_WBS04 | Reason=readonly | Writable sample: AHU_AreaServed, AHU_Serves, AHU_Type, AHU_ZoneNumber, AQ, Building_No, COMPLETE Y/N, Classification.UniFormat.2010.Description, Classification.UniFormat.2010.Number, Comments, Export to IFC, Export to IFC As, Family, Family and Type, Flow, IFC Predefined Type, IfcGUID, Image, Legend Description, Location
INFO | Candidate: NWB_WBS05 | Scope=instance | Storage=String | ReadOnly=True | Shared=True | Id=9214810
ERROR | Element 13248162 | Category=Air Terminals | Family= | Parameter=NWB_WBS05 | Reason=readonly | Writable sample: AHU_AreaServed, AHU_Serves, AHU_Type, AHU_ZoneNumber, AQ, Building_No, COMPLETE Y/N, Classification.UniFormat.2010.Description, Classification.UniFormat.2010.Number, Comments, Export to IFC, Export to IFC As, Family, Family and Type, Flow, IFC Predefined Type, IfcGUID, Image, Legend Description, Location
INFO | Candidate: NWB_WBSCode | Scope=instance | Storage=String | ReadOnly=False | Shared=True | Id=9214774
SOURCE | Element 13248162 | Cat=Air Terminals | Family=MHT-ME-AT - Supply Air Grille | Type= | Level= | System=Supply Air | LinkedRoomLink=NWB-ARC-WBH-AR-MOD-0036 | LinkedRoomNumber=HDU.09.081 | LinkedRoomName=Ensuite, Bariatric | LinkedRoomDept=HDU | LinkedRoomBuilding= | LinkedRoomSite= | LinkedRoomSource=self | ResolvedDept=HDU | ResolvedBuilding= | ResolvedSite= | DisciplineHint=mechanical | AssetCandidates=air terminals, air terminal | WBS00=WBH | WBS01=HO | WBS03=HDU | DesignPkg=NWB-GEN-ME-SCM-1091-A | BuildingPermitPkg=WBH - BP09
ELEMENT | 13248162 | Cat=Air Terminals | AssetScore=45 | AssetTypeCode=MSAG | AssetType=Supply Air Grille | AssetCategory=Air Terminal | Targets=NWB_AssetTypeCode=MSAG; NWB_AssetType=Supply Air Grille; NWB_Discipline=ME; NWB_Category=Air Terminal; NWB_Department=HDU; NWB_Material=; NWB_System=Supply Air; NWB_UniclassCode=Pr_70_65_04_03; NWB_UniclassDescription=Air grilles; NWB_DesignPkg=NWB-GEN-ME-SCM-1091-A; NWB_BuildingPermitPkg=WBH - BP09; NWB_WBS00=WBH; NWB_WBS01=HO; NWB_WBS02=09; NWB_WBS03=HDU; NWB_WBS04=ME; NWB_WBS05=SI5; NWB_WBSCode=WBH-HO-09-HDU-ME-SI5
INFO | Candidate: NWB_AssetTypeCode | Scope=instance | Storage=String | ReadOnly=False | Shared=True | Id=7626182
INFO | Candidate: NWB_AssetType | Scope=instance | Storage=String | ReadOnly=False | Shared=True | Id=7626181
INFO | Candidate: NWB_Discipline | Scope=instance | Storage=String | ReadOnly=False | Shared=True | Id=7626159
INFO | Candidate: NWB_Category | Scope=instance | Storage=String | ReadOnly=False | Shared=True | Id=7626160
INFO | Candidate: NWB_Department | Scope=instance | Storage=String | ReadOnly=False | Shared=True | Id=7626168
INFO | Candidate: NWB_System | Scope=instance | Storage=String | ReadOnly=False | Shared=True | Id=7626163
INFO | Candidate: NWB_UniclassCode | Scope=instance | Storage=String | ReadOnly=False | Shared=True | Id=7626165
INFO | Candidate: NWB_UniclassDescription | Scope=instance | Storage=String | ReadOnly=False | Shared=True | Id=7626166
INFO | Candidate: NWB_DesignPkg | Scope=instance | Storage=String | ReadOnly=False | Shared=True | Id=7626167
ERROR | Element 13248165 | Category=Ducts | Family= | Parameter=NWB_BuildingPermitPkg | Reason=missing | Writable sample: AHU, AHU_AreaServed, AHU_Serves, AHU_Type, AHU_ZoneNumber, Additional Flow, Building_No, COMPLETE Y/N, Classification.OmniClass.21.Description_INSTANCE, Classification.OmniClass.21.Number_INSTANCE, Classification.OmniClass.22.Description_INSTANCE, Classification.OmniClass.22.Number_INSTANCE, Classification.OmniClass.23.Description_INSTANCE, Classification.OmniClass.23.Number_INSTANCE, Classification.UniFormat.2010.Description, Classification.UniFormat.2010.Number, Comments, DUCT NUMBER, Description BOM Suffix, Duct Number
INFO | Candidate: NWB_WBS00 | Scope=instance | Storage=String | ReadOnly=False | Shared=True | Id=9214738
INFO | Candidate: NWB_WBS01 | Scope=instance | Storage=String | ReadOnly=False | Shared=True | Id=9214798
INFO | Candidate: NWB_WBS02 | Scope=instance | Storage=String | ReadOnly=False | Shared=True | Id=9214786
INFO | Candidate: NWB_WBS03 | Scope=instance | Storage=String | ReadOnly=False | Shared=True | Id=9214750
INFO | Candidate: NWB_WBS04 | Scope=instance | Storage=String | ReadOnly=False | Shared=True | Id=9214762
INFO | Candidate: NWB_WBS05 | Scope=instance | Storage=String | ReadOnly=False | Shared=True | Id=9214810
INFO | Candidate: NWB_WBSCode | Scope=instance | Storage=String | ReadOnly=False | Shared=True | Id=9214774
SOURCE | Element 13248165 | Cat=Ducts | Family=Rectangular Duct | Type= | Level=LEVEL 09 | System=Supply Air | LinkedRoomLink= | LinkedRoomNumber= | LinkedRoomName= | LinkedRoomDept= | LinkedRoomBuilding= | LinkedRoomSite= | LinkedRoomSource= | ResolvedDept=HDU | ResolvedBuilding= | ResolvedSite= | DisciplineHint=mechanical | AssetCandidates=ducts, ductwork | WBS00=WBH | WBS01=HO | WBS03=HDU | DesignPkg=NWB-GEN-ME-SCM-1091-A | BuildingPermitPkg=WBH - BP09
ELEMENT | 13248165 | Cat=Ducts | AssetScore=45 | AssetTypeCode=MDUC | AssetType=Ductwork | AssetCategory=Ductwork | Targets=NWB_AssetTypeCode=MDUC; NWB_AssetType=Ductwork; NWB_Discipline=ME; NWB_Category=Ductwork; NWB_Department=HDU; NWB_Material=; NWB_System=Supply Air; NWB_UniclassCode=Pr_65_65_25; NWB_UniclassDescription=Ductwork and fittings; NWB_DesignPkg=NWB-GEN-ME-SCM-1091-A; NWB_BuildingPermitPkg=WBH - BP09; NWB_WBS00=WBH; NWB_WBS01=HO; NWB_WBS02=09; NWB_WBS03=HDU; NWB_WBS04=ME; NWB_WBS05=SI5; NWB_WBSCode=WBH-HO-09-HDU-ME-SI5
INFO | Candidate: NWB_AssetTypeCode | Scope=instance | Storage=String | ReadOnly=False | Shared=True | Id=7626182
INFO | Candidate: NWB_AssetType | Scope=instance | Storage=String | ReadOnly=False | Shared=True | Id=7626181
INFO | Candidate: NWB_Discipline | Scope=instance | Storage=String | ReadOnly=False | Shared=True | Id=7626159
INFO | Candidate: NWB_Category | Scope=instance | Storage=String | ReadOnly=False | Shared=True | Id=7626160
INFO | Candidate: NWB_System | Scope=instance | Storage=String | ReadOnly=False | Shared=True | Id=7626163
INFO | Candidate: NWB_UniclassCode | Scope=instance | Storage=String | ReadOnly=False | Shared=True | Id=7626165
INFO | Candidate: NWB_UniclassDescription | Scope=instance | Storage=String | ReadOnly=False | Shared=True | Id=7626166
INFO | Candidate: NWB_DesignPkg | Scope=instance | Storage=String | ReadOnly=False | Shared=True | Id=7626167
ERROR | Element 13248166 | Category=Duct Fittings | Family= | Parameter=NWB_BuildingPermitPkg | Reason=missing | Writable sample: AHU, AHU_AreaServed, AHU_Serves, AHU_Type, AHU_ZoneNumber, Building_No, COMPLETE Y/N, Classification.OmniClass.21.Description_INSTANCE, Classification.OmniClass.21.Number_INSTANCE, Classification.OmniClass.22.Description_INSTANCE, Classification.OmniClass.22.Number_INSTANCE, Classification.OmniClass.23.Description_INSTANCE, Classification.OmniClass.23.Number_INSTANCE, Classification.UniFormat.2010.Description, Classification.UniFormat.2010.Number, Comments, Description BOM Suffix, Duct Height, Duct Width, Ductwork Insulation - Lining
INFO | Candidate: NWB_WBS00 | Scope=instance | Storage=String | ReadOnly=False | Shared=True | Id=9214738
INFO | Candidate: NWB_WBS01 | Scope=instance | Storage=String | ReadOnly=False | Shared=True | Id=9214798
INFO | Candidate: NWB_WBS02 | Scope=instance | Storage=String | ReadOnly=False | Shared=True | Id=9214786
INFO | Candidate: NWB_WBS03 | Scope=instance | Storage=String | ReadOnly=False | Shared=True | Id=9214750
INFO | Candidate: NWB_WBS04 | Scope=instance | Storage=String | ReadOnly=False | Shared=True | Id=9214762
INFO | Candidate: NWB_WBS05 | Scope=instance | Storage=String | ReadOnly=False | Shared=True | Id=9214810
INFO | Candidate: NWB_WBSCode | Scope=instance | Storage=String | ReadOnly=False | Shared=True | Id=9214774
SOURCE | Element 13248166 | Cat=Duct Fittings | Family=MHT_Rectangular Elbow - Mitered - Single Thickness Vanes | Type= | Level=LEVEL 09 | System=Supply Air | LinkedRoomLink= | LinkedRoomNumber= | LinkedRoomName= | LinkedRoomDept= | LinkedRoomBuilding= | LinkedRoomSite= | LinkedRoomSource= | ResolvedDept= | ResolvedBuilding= | ResolvedSite= | DisciplineHint=mechanical | AssetCandidates=duct fittings, ductwork | WBS00=WBH | WBS01=HO | WBS03=Z00 | DesignPkg=NWB-GEN-ME-SCM-1091-A | BuildingPermitPkg=WBH - BP09
WARN | Element 13248166 | Department unresolved | ExistingNWBDepartment= | ExistingWBS00=WBH | ExistingWBS01=HO | ExistingDiscipline=ME
ELEMENT | 13248166 | Cat=Duct Fittings | AssetScore=45 | AssetTypeCode=MDUC | AssetType=Ductwork | AssetCategory=Ductwork | Targets=NWB_AssetTypeCode=MDUC; NWB_AssetType=Ductwork; NWB_Discipline=ME; NWB_Category=Ductwork; NWB_Department=; NWB_Material=; NWB_System=Supply Air; NWB_UniclassCode=Pr_65_65_25; NWB_UniclassDescription=Ductwork and fittings; NWB_DesignPkg=NWB-GEN-ME-SCM-1091-A; NWB_BuildingPermitPkg=WBH - BP09; NWB_WBS00=WBH; NWB_WBS01=HO; NWB_WBS02=09; NWB_WBS03=Z00; NWB_WBS04=ME; NWB_WBS05=SI5; NWB_WBSCode=WBH-HO-09-Z00-ME-SI5
INFO | Candidate: NWB_AssetTypeCode | Scope=instance | Storage=String | ReadOnly=False | Shared=True | Id=7626182
INFO | Candidate: NWB_AssetType | Scope=instance | Storage=String | ReadOnly=False | Shared=True | Id=7626181
INFO | Candidate: NWB_Discipline | Scope=instance | Storage=String | ReadOnly=False | Shared=True | Id=7626159
INFO | Candidate: NWB_Category | Scope=instance | Storage=String | ReadOnly=False | Shared=True | Id=7626160
INFO | Candidate: NWB_System | Scope=instance | Storage=String | ReadOnly=False | Shared=True | Id=7626163
INFO | Candidate: NWB_UniclassCode | Scope=instance | Storage=String | ReadOnly=False | Shared=True | Id=7626165
INFO | Candidate: NWB_UniclassDescription | Scope=instance | Storage=String | ReadOnly=False | Shared=True | Id=7626166
INFO | Candidate: NWB_DesignPkg | Scope=instance | Storage=String | ReadOnly=False | Shared=True | Id=7626167
ERROR | Element 13248168 | Category=Duct Fittings | Family= | Parameter=NWB_BuildingPermitPkg | Reason=missing | Writable sample: AHU, AHU_AreaServed, AHU_Serves, AHU_Type, AHU_ZoneNumber, Building_No, COMPLETE Y/N, Classification.OmniClass.21.Description_INSTANCE, Classification.OmniClass.21.Number_INSTANCE, Classification.OmniClass.22.Description_INSTANCE, Classification.OmniClass.22.Number_INSTANCE, Classification.OmniClass.23.Description_INSTANCE, Classification.OmniClass.23.Number_INSTANCE, Classification.UniFormat.2010.Description, Classification.UniFormat.2010.Number, Comments, Description BOM Suffix, Duct Height, Duct Width, Ductwork Insulation - Lining
INFO | Candidate: NWB_WBS00 | Scope=instance | Storage=String | ReadOnly=False | Shared=True | Id=9214738
INFO | Candidate: NWB_WBS01 | Scope=instance | Storage=String | ReadOnly=False | Shared=True | Id=9214798
INFO | Candidate: NWB_WBS02 | Scope=instance | Storage=String | ReadOnly=False | Shared=True | Id=9214786
INFO | Candidate: NWB_WBS03 | Scope=instance | Storage=String | ReadOnly=False | Shared=True | Id=9214750
INFO | Candidate: NWB_WBS04 | Scope=instance | Storage=String | ReadOnly=False | Shared=True | Id=9214762
INFO | Candidate: NWB_WBS05 | Scope=instance | Storage=String | ReadOnly=False | Shared=True | Id=9214810
INFO | Candidate: NWB_WBSCode | Scope=instance | Storage=String | ReadOnly=False | Shared=True | Id=9214774
SOURCE | Element 13248168 | Cat=Duct Fittings | Family=MHT_Rectangular Elbow - Mitered - Single Thickness Vanes | Type= | Level=LEVEL 09 | System=Supply Air | LinkedRoomLink= | LinkedRoomNumber= | LinkedRoomName= | LinkedRoomDept= | LinkedRoomBuilding= | LinkedRoomSite= | LinkedRoomSource= | ResolvedDept= | ResolvedBuilding= | ResolvedSite= | DisciplineHint=mechanical | AssetCandidates=duct fittings, ductwork | WBS00=WBH | WBS01=HO | WBS03=Z00 | DesignPkg=NWB-GEN-ME-SCM-1091-A | BuildingPermitPkg=WBH - BP09
WARN | Element 13248168 | Department unresolved | ExistingNWBDepartment= | ExistingWBS00=WBH | ExistingWBS01=HO | ExistingDiscipline=ME
ELEMENT | 13248168 | Cat=Duct Fittings | AssetScore=45 | AssetTypeCode=MDUC | AssetType=Ductwork | AssetCategory=Ductwork | Targets=NWB_AssetTypeCode=MDUC; NWB_AssetType=Ductwork; NWB_Discipline=ME; NWB_Category=Ductwork; NWB_Department=; NWB_Material=; NWB_System=Supply Air; NWB_UniclassCode=Pr_65_65_25; NWB_UniclassDescription=Ductwork and fittings; NWB_DesignPkg=NWB-GEN-ME-SCM-1091-A; NWB_BuildingPermitPkg=WBH - BP09; NWB_WBS00=WBH; NWB_WBS01=HO; NWB_WBS02=09; NWB_WBS03=Z00; NWB_WBS04=ME; NWB_WBS05=SI5; NWB_WBSCode=WBH-HO-09-Z00-ME-SI5
INFO | Candidate: NWB_AssetTypeCode | Scope=instance | Storage=String | ReadOnly=False | Shared=True | Id=7626182
INFO | Candidate: NWB_AssetType | Scope=instance | Storage=String | ReadOnly=False | Shared=True | Id=7626181
INFO | Candidate: NWB_Discipline | Scope=instance | Storage=String | ReadOnly=False | Shared=True | Id=7626159
INFO | Candidate: NWB_Category | Scope=instance | Storage=String | ReadOnly=False | Shared=True | Id=7626160
INFO | Candidate: NWB_Department | Scope=instance | Storage=String | ReadOnly=False | Shared=True | Id=7626168
INFO | Candidate: NWB_System | Scope=instance | Storage=String | ReadOnly=False | Shared=True | Id=7626163
INFO | Candidate: NWB_UniclassCode | Scope=instance | Storage=String | ReadOnly=False | Shared=True | Id=7626165
INFO | Candidate: NWB_UniclassDescription | Scope=instance | Storage=String | ReadOnly=False | Shared=True | Id=7626166
INFO | Candidate: NWB_DesignPkg | Scope=instance | Storage=String | ReadOnly=False | Shared=True | Id=7626167
ERROR | Element 13248190 | Category=Ducts | Family= | Parameter=NWB_BuildingPermitPkg | Reason=missing | Writable sample: AHU, AHU_AreaServed, AHU_Serves, AHU_Type, AHU_ZoneNumber, Additional Flow, Building_No, COMPLETE Y/N, Classification.OmniClass.21.Description_INSTANCE, Classification.OmniClass.21.Number_INSTANCE, Classification.OmniClass.22.Description_INSTANCE, Classification.OmniClass.22.Number_INSTANCE, Classification.OmniClass.23.Description_INSTANCE, Classification.OmniClass.23.Number_INSTANCE, Classification.UniFormat.2010.Description, Classification.UniFormat.2010.Number, Comments, DUCT NUMBER, Description BOM Suffix, Duct Number
INFO | Candidate: NWB_WBS00 | Scope=instance | Storage=String | ReadOnly=False | Shared=True | Id=9214738
INFO | Candidate: NWB_WBS01 | Scope=instance | Storage=String | ReadOnly=False | Shared=True | Id=9214798
INFO | Candidate: NWB_WBS02 | Scope=instance | Storage=String | ReadOnly=False | Shared=True | Id=9214786
INFO | Candidate: NWB_WBS03 | Scope=instance | Storage=String | ReadOnly=False | Shared=True | Id=9214750
INFO | Candidate: NWB_WBS04 | Scope=instance | Storage=String | ReadOnly=False | Shared=True | Id=9214762
INFO | Candidate: NWB_WBS05 | Scope=instance | Storage=String | ReadOnly=False | Shared=True | Id=9214810
INFO | Candidate: NWB_WBSCode | Scope=instance | Storage=String | ReadOnly=False | Shared=True | Id=9214774
SOURCE | Element 13248190 | Cat=Ducts | Family=Rectangular Duct | Type= | Level=LEVEL 09 | System=Undefined | LinkedRoomLink= | LinkedRoomNumber= | LinkedRoomName= | LinkedRoomDept= | LinkedRoomBuilding= | LinkedRoomSite= | LinkedRoomSource= | ResolvedDept=HDU | ResolvedBuilding= | ResolvedSite= | DisciplineHint=mechanical | AssetCandidates=ducts, ductwork | WBS00=WBH | WBS01=HO | WBS03=HDU | DesignPkg=NWB-GEN-ME-SCM-1091-A | BuildingPermitPkg=WBH - BP09
ELEMENT | 13248190 | Cat=Ducts | AssetScore=45 | AssetTypeCode=MDUC | AssetType=Ductwork | AssetCategory=Ductwork | Targets=NWB_AssetTypeCode=MDUC; NWB_AssetType=Ductwork; NWB_Discipline=ME; NWB_Category=Ductwork; NWB_Department=HDU; NWB_Material=; NWB_System=Undefined; NWB_UniclassCode=Pr_65_65_25; NWB_UniclassDescription=Ductwork and fittings; NWB_DesignPkg=NWB-GEN-ME-SCM-1091-A; NWB_BuildingPermitPkg=WBH - BP09; NWB_WBS00=WBH; NWB_WBS01=HO; NWB_WBS02=09; NWB_WBS03=HDU; NWB_WBS04=ME; NWB_WBS05=SI5; NWB_WBSCode=WBH-HO-09-HDU-ME-SI5
INFO | Candidate: NWB_AssetTypeCode | Scope=instance | Storage=String | ReadOnly=False | Shared=True | Id=7626182
INFO | Candidate: NWB_AssetType | Scope=instance | Storage=String | ReadOnly=False | Shared=True | Id=7626181
INFO | Candidate: NWB_Discipline | Scope=instance | Storage=String | ReadOnly=False | Shared=True | Id=7626159
INFO | Candidate: NWB_Category | Scope=instance | Storage=String | ReadOnly=False | Shared=True | Id=7626160
INFO | Candidate: NWB_Department | Scope=instance | Storage=String | ReadOnly=False | Shared=True | Id=7626168
INFO | Candidate: NWB_System | Scope=instance | Storage=String | ReadOnly=False | Shared=True | Id=7626163
INFO | Candidate: NWB_UniclassCode | Scope=instance | Storage=String | ReadOnly=False | Shared=True | Id=7626165
INFO | Candidate: NWB_UniclassDescription | Scope=instance | Storage=String | ReadOnly=False | Shared=True | Id=7626166
INFO | Candidate: NWB_DesignPkg | Scope=instance | Storage=String | ReadOnly=False | Shared=True | Id=7626167
ERROR | Element 13248193 | Category=Ducts | Family= | Parameter=NWB_BuildingPermitPkg | Reason=missing | Writable sample: AHU, AHU_AreaServed, AHU_Serves, AHU_Type, AHU_ZoneNumber, Additional Flow, Building_No, COMPLETE Y/N, Classification.OmniClass.21.Description_INSTANCE, Classification.OmniClass.21.Number_INSTANCE, Classification.OmniClass.22.Description_INSTANCE, Classification.OmniClass.22.Number_INSTANCE, Classification.OmniClass.23.Description_INSTANCE, Classification.OmniClass.23.Number_INSTANCE, Classification.UniFormat.2010.Description, Classification.UniFormat.2010.Number, Comments, DUCT NUMBER, Description BOM Suffix, Duct Number
INFO | Candidate: NWB_WBS00 | Scope=instance | Storage=String | ReadOnly=False | Shared=True | Id=9214738
INFO | Candidate: NWB_WBS01 | Scope=instance | Storage=String | ReadOnly=False | Shared=True | Id=9214798
INFO | Candidate: NWB_WBS02 | Scope=instance | Storage=String | ReadOnly=False | Shared=True | Id=9214786
INFO | Candidate: NWB_WBS03 | Scope=instance | Storage=String | ReadOnly=False | Shared=True | Id=9214750
INFO | Candidate: NWB_WBS04 | Scope=instance | Storage=String | ReadOnly=False | Shared=True | Id=9214762
INFO | Candidate: NWB_WBS05 | Scope=instance | Storage=String | ReadOnly=False | Shared=True | Id=9214810
INFO | Candidate: NWB_WBSCode | Scope=instance | Storage=String | ReadOnly=False | Shared=True | Id=9214774
SOURCE | Element 13248193 | Cat=Ducts | Family=Rectangular Duct | Type= | Level=LEVEL 09 | System=Undefined | LinkedRoomLink= | LinkedRoomNumber= | LinkedRoomName= | LinkedRoomDept= | LinkedRoomBuilding= | LinkedRoomSite= | LinkedRoomSource= | ResolvedDept=HDU | ResolvedBuilding= | ResolvedSite= | DisciplineHint=mechanical | AssetCandidates=ducts, ductwork | WBS00=WBH | WBS01=HO | WBS03=HDU | DesignPkg=NWB-GEN-ME-SCM-1091-A | BuildingPermitPkg=WBH - BP09
ELEMENT | 13248193 | Cat=Ducts | AssetScore=45 | AssetTypeCode=MDUC | AssetType=Ductwork | AssetCategory=Ductwork | Targets=NWB_AssetTypeCode=MDUC; NWB_AssetType=Ductwork; NWB_Discipline=ME; NWB_Category=Ductwork; NWB_Department=HDU; NWB_Material=; NWB_System=Undefined; NWB_UniclassCode=Pr_65_65_25; NWB_UniclassDescription=Ductwork and fittings; NWB_DesignPkg=NWB-GEN-ME-SCM-1091-A; NWB_BuildingPermitPkg=WBH - BP09; NWB_WBS00=WBH; NWB_WBS01=HO; NWB_WBS02=09; NWB_WBS03=HDU; NWB_WBS04=ME; NWB_WBS05=SI5; NWB_WBSCode=WBH-HO-09-HDU-ME-SI5
INFO | Candidate: NWB_AssetTypeCode | Scope=instance | Storage=String | ReadOnly=False | Shared=True | Id=7626182
INFO | Candidate: NWB_AssetType | Scope=instance | Storage=String | ReadOnly=False | Shared=True | Id=7626181
INFO | Candidate: NWB_Discipline | Scope=instance | Storage=String | ReadOnly=False | Shared=True | Id=7626159
INFO | Candidate: NWB_Category | Scope=instance | Storage=String | ReadOnly=False | Shared=True | Id=7626160
INFO | Candidate: NWB_Department | Scope=instance | Storage=String | ReadOnly=False | Shared=True | Id=7626168
INFO | Candidate: NWB_System | Scope=instance | Storage=String | ReadOnly=False | Shared=True | Id=7626163
INFO | Candidate: NWB_UniclassCode | Scope=instance | Storage=String | ReadOnly=False | Shared=True | Id=7626165
INFO | Candidate: NWB_UniclassDescription | Scope=instance | Storage=String | ReadOnly=False | Shared=True | Id=7626166
INFO | Candidate: NWB_DesignPkg | Scope=instance | Storage=String | ReadOnly=False | Shared=True | Id=7626167
ERROR | Element 13248197 | Category=Ducts | Family= | Parameter=NWB_BuildingPermitPkg | Reason=missing | Writable sample: AHU, AHU_AreaServed, AHU_Serves, AHU_Type, AHU_ZoneNumber, Additional Flow, Building_No, COMPLETE Y/N, Classification.OmniClass.21.Description_INSTANCE, Classification.OmniClass.21.Number_INSTANCE, Classification.OmniClass.22.Description_INSTANCE, Classification.OmniClass.22.Number_INSTANCE, Classification.OmniClass.23.Description_INSTANCE, Classification.OmniClass.23.Number_INSTANCE, Classification.UniFormat.2010.Description, Classification.UniFormat.2010.Number, Comments, DUCT NUMBER, Description BOM Suffix, Duct Number
INFO | Candidate: NWB_WBS00 | Scope=instance | Storage=String | ReadOnly=False | Shared=True | Id=9214738
INFO | Candidate: NWB_WBS01 | Scope=instance | Storage=String | ReadOnly=False | Shared=True | Id=9214798
INFO | Candidate: NWB_WBS02 | Scope=instance | Storage=String | ReadOnly=False | Shared=True | Id=9214786
INFO | Candidate: NWB_WBS03 | Scope=instance | Storage=String | ReadOnly=False | Shared=True | Id=9214750
INFO | Candidate: NWB_WBS04 | Scope=instance | Storage=String | ReadOnly=False | Shared=True | Id=9214762
INFO | Candidate: NWB_WBS05 | Scope=instance | Storage=String | ReadOnly=False | Shared=True | Id=9214810
INFO | Candidate: NWB_WBSCode | Scope=instance | Storage=String | ReadOnly=False | Shared=True | Id=9214774
SOURCE | Element 13248197 | Cat=Ducts | Family=Rectangular Duct | Type= | Level=LEVEL 09 | System=Undefined | LinkedRoomLink= | LinkedRoomNumber= | LinkedRoomName= | LinkedRoomDept= | LinkedRoomBuilding= | LinkedRoomSite= | LinkedRoomSource= | ResolvedDept=HDU | ResolvedBuilding= | ResolvedSite= | DisciplineHint=mechanical | AssetCandidates=ducts, ductwork | WBS00=WBH | WBS01=HO | WBS03=HDU | DesignPkg=NWB-GEN-ME-SCM-1091-A | BuildingPermitPkg=WBH - BP09
ELEMENT | 13248197 | Cat=Ducts | AssetScore=45 | AssetTypeCode=MDUC | AssetType=Ductwork | AssetCategory=Ductwork | Targets=NWB_AssetTypeCode=MDUC; NWB_AssetType=Ductwork; NWB_Discipline=ME; NWB_Category=Ductwork; NWB_Department=HDU; NWB_Material=; NWB_System=Undefined; NWB_UniclassCode=Pr_65_65_25; NWB_UniclassDescription=Ductwork and fittings; NWB_DesignPkg=NWB-GEN-ME-SCM-1091-A; NWB_BuildingPermitPkg=WBH - BP09; NWB_WBS00=WBH; NWB_WBS01=HO; NWB_WBS02=09; NWB_WBS03=HDU; NWB_WBS04=ME; NWB_WBS05=SI5; NWB_WBSCode=WBH-HO-09-HDU-ME-SI5
INFO | Candidate: NWB_AssetTypeCode | Scope=instance | Storage=String | ReadOnly=False | Shared=True | Id=7626182
INFO | Candidate: NWB_AssetType | Scope=instance | Storage=String | ReadOnly=False | Shared=True | Id=7626181
INFO | Candidate: NWB_Discipline | Scope=instance | Storage=String | ReadOnly=False | Shared=True | Id=7626159
INFO | Candidate: NWB_Category | Scope=instance | Storage=String | ReadOnly=False | Shared=True | Id=7626160
INFO | Candidate: NWB_System | Scope=instance | Storage=String | ReadOnly=False | Shared=True | Id=7626163
INFO | Candidate: NWB_UniclassCode | Scope=instance | Storage=String | ReadOnly=False | Shared=True | Id=7626165
INFO | Candidate: NWB_UniclassDescription | Scope=instance | Storage=String | ReadOnly=False | Shared=True | Id=7626166
INFO | Candidate: NWB_DesignPkg | Scope=instance | Storage=String | ReadOnly=False | Shared=True | Id=7626167
ERROR | Element 13248198 | Category=Duct Fittings | Family= | Parameter=NWB_BuildingPermitPkg | Reason=missing | Writable sample: AHU, AHU_AreaServed, AHU_Serves, AHU_Type, AHU_ZoneNumber, Building_No, COMPLETE Y/N, Classification.OmniClass.21.Description_INSTANCE, Classification.OmniClass.21.Number_INSTANCE, Classification.OmniClass.22.Description_INSTANCE, Classification.OmniClass.22.Number_INSTANCE, Classification.OmniClass.23.Description_INSTANCE, Classification.OmniClass.23.Number_INSTANCE, Classification.UniFormat.2010.Description, Classification.UniFormat.2010.Number, Comments, Description BOM Suffix, Duct Height, Duct Width, Ductwork Insulation - Lining
INFO | Candidate: NWB_WBS00 | Scope=instance | Storage=String | ReadOnly=False | Shared=True | Id=9214738
INFO | Candidate: NWB_WBS01 | Scope=instance | Storage=String | ReadOnly=False | Shared=True | Id=9214798
INFO | Candidate: NWB_WBS02 | Scope=instance | Storage=String | ReadOnly=False | Shared=True | Id=9214786
INFO | Candidate: NWB_WBS03 | Scope=instance | Storage=String | ReadOnly=False | Shared=True | Id=9214750
INFO | Candidate: NWB_WBS04 | Scope=instance | Storage=String | ReadOnly=False | Shared=True | Id=9214762
INFO | Candidate: NWB_WBS05 | Scope=instance | Storage=String | ReadOnly=False | Shared=True | Id=9214810
INFO | Candidate: NWB_WBSCode | Scope=instance | Storage=String | ReadOnly=False | Shared=True | Id=9214774
SOURCE | Element 13248198 | Cat=Duct Fittings | Family=MHT_Rectangular Elbow - Mitered - Single Thickness Vanes | Type= | Level=LEVEL 09 | System=Undefined | LinkedRoomLink= | LinkedRoomNumber= | LinkedRoomName= | LinkedRoomDept= | LinkedRoomBuilding= | LinkedRoomSite= | LinkedRoomSource= | ResolvedDept= | ResolvedBuilding= | ResolvedSite= | DisciplineHint=mechanical | AssetCandidates=duct fittings, ductwork | WBS00=WBH | WBS01=HO | WBS03=Z00 | DesignPkg=NWB-GEN-ME-SCM-1091-A | BuildingPermitPkg=WBH - BP09
WARN | Element 13248198 | Department unresolved | ExistingNWBDepartment= | ExistingWBS00=WBH | ExistingWBS01=HO | ExistingDiscipline=ME
ELEMENT | 13248198 | Cat=Duct Fittings | AssetScore=45 | AssetTypeCode=MDUC | AssetType=Ductwork | AssetCategory=Ductwork | Targets=NWB_AssetTypeCode=MDUC; NWB_AssetType=Ductwork; NWB_Discipline=ME; NWB_Category=Ductwork; NWB_Department=; NWB_Material=; NWB_System=Undefined; NWB_UniclassCode=Pr_65_65_25; NWB_UniclassDescription=Ductwork and fittings; NWB_DesignPkg=NWB-GEN-ME-SCM-1091-A; NWB_BuildingPermitPkg=WBH - BP09; NWB_WBS00=WBH; NWB_WBS01=HO; NWB_WBS02=09; NWB_WBS03=Z00; NWB_WBS04=ME; NWB_WBS05=SI5; NWB_WBSCode=WBH-HO-09-Z00-ME-SI5
INFO | Candidate: NWB_AssetTypeCode | Scope=instance | Storage=String | ReadOnly=False | Shared=True | Id=7626182
INFO | Candidate: NWB_AssetType | Scope=instance | Storage=String | ReadOnly=False | Shared=True | Id=7626181
INFO | Candidate: NWB_Discipline | Scope=instance | Storage=String | ReadOnly=False | Shared=True | Id=7626159
INFO | Candidate: NWB_Category | Scope=instance | Storage=String | ReadOnly=False | Shared=True | Id=7626160
INFO | Candidate: NWB_System | Scope=instance | Storage=String | ReadOnly=False | Shared=True | Id=7626163
INFO | Candidate: NWB_UniclassCode | Scope=instance | Storage=String | ReadOnly=False | Shared=True | Id=7626165
INFO | Candidate: NWB_UniclassDescription | Scope=instance | Storage=String | ReadOnly=False | Shared=True | Id=7626166
INFO | Candidate: NWB_DesignPkg | Scope=instance | Storage=String | ReadOnly=False | Shared=True | Id=7626167
ERROR | Element 13248200 | Category=Duct Fittings | Family= | Parameter=NWB_BuildingPermitPkg | Reason=missing | Writable sample: AHU, AHU_AreaServed, AHU_Serves, AHU_Type, AHU_ZoneNumber, Building_No, COMPLETE Y/N, Classification.OmniClass.21.Description_INSTANCE, Classification.OmniClass.21.Number_INSTANCE, Classification.OmniClass.22.Description_INSTANCE, Classification.OmniClass.22.Number_INSTANCE, Classification.OmniClass.23.Description_INSTANCE, Classification.OmniClass.23.Number_INSTANCE, Classification.UniFormat.2010.Description, Classification.UniFormat.2010.Number, Comments, Description BOM Suffix, Duct Height, Duct Width, Ductwork Insulation - Lining
INFO | Candidate: NWB_WBS00 | Scope=instance | Storage=String | ReadOnly=False | Shared=True | Id=9214738
INFO | Candidate: NWB_WBS01 | Scope=instance | Storage=String | ReadOnly=False | Shared=True | Id=9214798
INFO | Candidate: NWB_WBS02 | Scope=instance | Storage=String | ReadOnly=False | Shared=True | Id=9214786
INFO | Candidate: NWB_WBS03 | Scope=instance | Storage=String | ReadOnly=False | Shared=True | Id=9214750
INFO | Candidate: NWB_WBS04 | Scope=instance | Storage=String | ReadOnly=False | Shared=True | Id=9214762
INFO | Candidate: NWB_WBS05 | Scope=instance | Storage=String | ReadOnly=False | Shared=True | Id=9214810
INFO | Candidate: NWB_WBSCode | Scope=instance | Storage=String | ReadOnly=False | Shared=True | Id=9214774
SOURCE | Element 13248200 | Cat=Duct Fittings | Family=MHT_Rectangular Elbow - Mitered - Single Thickness Vanes | Type= | Level=LEVEL 09 | System=Undefined | LinkedRoomLink= | LinkedRoomNumber= | LinkedRoomName= | LinkedRoomDept= | LinkedRoomBuilding= | LinkedRoomSite= | LinkedRoomSource= | ResolvedDept= | ResolvedBuilding= | ResolvedSite= | DisciplineHint=mechanical | AssetCandidates=duct fittings, ductwork | WBS00=WBH | WBS01=HO | WBS03=Z00 | DesignPkg=NWB-GEN-ME-SCM-1091-A | BuildingPermitPkg=WBH - BP09
WARN | Element 13248200 | Department unresolved | ExistingNWBDepartment= | ExistingWBS00=WBH | ExistingWBS01=HO | ExistingDiscipline=ME
ELEMENT | 13248200 | Cat=Duct Fittings | AssetScore=45 | AssetTypeCode=MDUC | AssetType=Ductwork | AssetCategory=Ductwork | Targets=NWB_AssetTypeCode=MDUC; NWB_AssetType=Ductwork; NWB_Discipline=ME; NWB_Category=Ductwork; NWB_Department=; NWB_Material=; NWB_System=Undefined; NWB_UniclassCode=Pr_65_65_25; NWB_UniclassDescription=Ductwork and fittings; NWB_DesignPkg=NWB-GEN-ME-SCM-1091-A; NWB_BuildingPermitPkg=WBH - BP09; NWB_WBS00=WBH; NWB_WBS01=HO; NWB_WBS02=09; NWB_WBS03=Z00; NWB_WBS04=ME; NWB_WBS05=SI5; NWB_WBSCode=WBH-HO-09-Z00-ME-SI5
INFO | Candidate: NWB_AssetTypeCode | Scope=instance | Storage=String | ReadOnly=False | Shared=True | Id=3045149
INFO | Candidate: NWB_AssetTypeCode | Scope=instance | Storage=String | ReadOnly=False | Shared=True | Id=7626182
INFO | Found 2 parameters named NWB_AssetTypeCode
INFO | SELECTED | Shared Parameter | Scope=instance | ReadOnly=False | Id=3045149
INFO | SELECTED | Shared Parameter | Scope=instance | ReadOnly=False | Id=7626182
INFO | Candidate: NWB_AssetType | Scope=instance | Storage=String | ReadOnly=False | Shared=True | Id=3045150
INFO | Candidate: NWB_AssetType | Scope=instance | Storage=String | ReadOnly=False | Shared=True | Id=7626181
INFO | Found 2 parameters named NWB_AssetType
INFO | SELECTED | Shared Parameter | Scope=instance | ReadOnly=False | Id=3045150
INFO | SELECTED | Shared Parameter | Scope=instance | ReadOnly=False | Id=7626181
INFO | Candidate: NWB_Discipline | Scope=instance | Storage=String | ReadOnly=False | Shared=True | Id=3045151
INFO | Candidate: NWB_Discipline | Scope=instance | Storage=String | ReadOnly=False | Shared=True | Id=7626159
INFO | Found 2 parameters named NWB_Discipline
INFO | SELECTED | Shared Parameter | Scope=instance | ReadOnly=False | Id=3045151
INFO | SELECTED | Shared Parameter | Scope=instance | ReadOnly=False | Id=7626159
INFO | Candidate: NWB_Category | Scope=instance | Storage=String | ReadOnly=False | Shared=True | Id=3045152
INFO | Candidate: NWB_Category | Scope=instance | Storage=String | ReadOnly=False | Shared=True | Id=7626160
INFO | Found 2 parameters named NWB_Category
INFO | SELECTED | Shared Parameter | Scope=instance | ReadOnly=False | Id=3045152
INFO | SELECTED | Shared Parameter | Scope=instance | ReadOnly=False | Id=7626160
INFO | Candidate: NWB_System | Scope=instance | Storage=String | ReadOnly=False | Shared=True | Id=3045155
INFO | Candidate: NWB_System | Scope=instance | Storage=String | ReadOnly=False | Shared=True | Id=7626163
INFO | Found 2 parameters named NWB_System
INFO | SELECTED | Shared Parameter | Scope=instance | ReadOnly=False | Id=3045155
INFO | SELECTED | Shared Parameter | Scope=instance | ReadOnly=False | Id=7626163
INFO | Candidate: NWB_UniclassCode | Scope=instance | Storage=String | ReadOnly=False | Shared=True | Id=3045156
INFO | Candidate: NWB_UniclassCode | Scope=instance | Storage=String | ReadOnly=False | Shared=True | Id=7626165
INFO | Found 2 parameters named NWB_UniclassCode
INFO | SELECTED | Shared Parameter | Scope=instance | ReadOnly=False | Id=3045156
INFO | SELECTED | Shared Parameter | Scope=instance | ReadOnly=False | Id=7626165
INFO | Candidate: NWB_UniclassDescription | Scope=instance | Storage=String | ReadOnly=False | Shared=True | Id=3045157
INFO | Candidate: NWB_UniclassDescription | Scope=instance | Storage=String | ReadOnly=False | Shared=True | Id=7626166
INFO | Found 2 parameters named NWB_UniclassDescription
INFO | SELECTED | Shared Parameter | Scope=instance | ReadOnly=False | Id=3045157
INFO | SELECTED | Shared Parameter | Scope=instance | ReadOnly=False | Id=7626166
INFO | Candidate: NWB_DesignPkg | Scope=instance | Storage=String | ReadOnly=False | Shared=True | Id=3045158
INFO | Candidate: NWB_DesignPkg | Scope=instance | Storage=String | ReadOnly=False | Shared=True | Id=7626167
INFO | Found 2 parameters named NWB_DesignPkg
INFO | SELECTED | Shared Parameter | Scope=instance | ReadOnly=False | Id=3045158
INFO | SELECTED | Shared Parameter | Scope=instance | ReadOnly=False | Id=7626167
ERROR | Element 13363750 | Category=Duct Fittings | Family= | Parameter=NWB_BuildingPermitPkg | Reason=missing | Writable sample: AHU, AHU_AreaServed, AHU_Serves, AHU_Type, AHU_ZoneNumber, Building_No, COMPLETE Y/N, Classification.OmniClass.21.Description_INSTANCE, Classification.OmniClass.21.Number_INSTANCE, Classification.OmniClass.22.Description_INSTANCE, Classification.OmniClass.22.Number_INSTANCE, Classification.OmniClass.23.Description_INSTANCE, Classification.OmniClass.23.Number_INSTANCE, Classification.UniFormat.2010.Description, Classification.UniFormat.2010.Number, Comments, Description BOM Suffix, Ductwork Insulation - Lining, Elevation from Level, Export to IFC
INFO | Candidate: NWB_WBS00 | Scope=instance | Storage=String | ReadOnly=False | Shared=True | Id=9214738
INFO | Candidate: NWB_WBS01 | Scope=instance | Storage=String | ReadOnly=False | Shared=True | Id=9214798
INFO | Candidate: NWB_WBS02 | Scope=instance | Storage=String | ReadOnly=False | Shared=True | Id=9214786
INFO | Candidate: NWB_WBS03 | Scope=instance | Storage=String | ReadOnly=False | Shared=True | Id=9214750
INFO | Candidate: NWB_WBS04 | Scope=instance | Storage=String | ReadOnly=False | Shared=True | Id=9214762
INFO | Candidate: NWB_WBS05 | Scope=instance | Storage=String | ReadOnly=False | Shared=True | Id=9214810
INFO | Candidate: NWB_WBSCode | Scope=instance | Storage=String | ReadOnly=False | Shared=True | Id=9214774
SOURCE | Element 13363750 | Cat=Duct Fittings | Family=MHT-ME-DF-Rectangular Eccentric Taper - Flanged-01 | Type= | Level=LEVEL 09 | System=Undefined | LinkedRoomLink= | LinkedRoomNumber= | LinkedRoomName= | LinkedRoomDept= | LinkedRoomBuilding= | LinkedRoomSite= | LinkedRoomSource= | ResolvedDept= | ResolvedBuilding= | ResolvedSite= | DisciplineHint=mechanical | AssetCandidates=duct fittings, ductwork | WBS00=WBH | WBS01=HO | WBS03=Z00 | DesignPkg=NWB-GEN-ME-SCM-1091-A | BuildingPermitPkg=WBH - BP09
WARN | Element 13363750 | Department unresolved | ExistingNWBDepartment= | ExistingWBS00=WBH | ExistingWBS01=HO | ExistingDiscipline=ME
ELEMENT | 13363750 | Cat=Duct Fittings | AssetScore=45 | AssetTypeCode=MDUC | AssetType=Ductwork | AssetCategory=Ductwork | Targets=NWB_AssetTypeCode=MDUC; NWB_AssetType=Ductwork; NWB_Discipline=ME; NWB_Category=Ductwork; NWB_Department=; NWB_Material=; NWB_System=Undefined; NWB_UniclassCode=Pr_65_65_25; NWB_UniclassDescription=Ductwork and fittings; NWB_DesignPkg=NWB-GEN-ME-SCM-1091-A; NWB_BuildingPermitPkg=WBH - BP09; NWB_WBS00=WBH; NWB_WBS01=HO; NWB_WBS02=09; NWB_WBS03=Z00; NWB_WBS04=ME; NWB_WBS05=SI5; NWB_WBSCode=WBH-HO-09-Z00-ME-SI5
INFO | Candidate: NWB_AssetTypeCode | Scope=instance | Storage=String | ReadOnly=False | Shared=True | Id=3045149
INFO | Candidate: NWB_AssetTypeCode | Scope=instance | Storage=String | ReadOnly=False | Shared=True | Id=7626182
INFO | Found 2 parameters named NWB_AssetTypeCode
INFO | SELECTED | Shared Parameter | Scope=instance | ReadOnly=False | Id=3045149
INFO | SELECTED | Shared Parameter | Scope=instance | ReadOnly=False | Id=7626182
INFO | Candidate: NWB_AssetType | Scope=instance | Storage=String | ReadOnly=False | Shared=True | Id=3045150
INFO | Candidate: NWB_AssetType | Scope=instance | Storage=String | ReadOnly=False | Shared=True | Id=7626181
INFO | Found 2 parameters named NWB_AssetType
INFO | SELECTED | Shared Parameter | Scope=instance | ReadOnly=False | Id=3045150
INFO | SELECTED | Shared Parameter | Scope=instance | ReadOnly=False | Id=7626181
INFO | Candidate: NWB_Discipline | Scope=instance | Storage=String | ReadOnly=False | Shared=True | Id=3045151
INFO | Candidate: NWB_Discipline | Scope=instance | Storage=String | ReadOnly=False | Shared=True | Id=7626159
INFO | Found 2 parameters named NWB_Discipline
INFO | SELECTED | Shared Parameter | Scope=instance | ReadOnly=False | Id=3045151
INFO | SELECTED | Shared Parameter | Scope=instance | ReadOnly=False | Id=7626159
INFO | Candidate: NWB_Category | Scope=instance | Storage=String | ReadOnly=False | Shared=True | Id=3045152
INFO | Candidate: NWB_Category | Scope=instance | Storage=String | ReadOnly=False | Shared=True | Id=7626160
INFO | Found 2 parameters named NWB_Category
INFO | SELECTED | Shared Parameter | Scope=instance | ReadOnly=False | Id=3045152
INFO | SELECTED | Shared Parameter | Scope=instance | ReadOnly=False | Id=7626160
INFO | Candidate: NWB_System | Scope=instance | Storage=String | ReadOnly=False | Shared=True | Id=3045155
INFO | Candidate: NWB_System | Scope=instance | Storage=String | ReadOnly=False | Shared=True | Id=7626163
INFO | Found 2 parameters named NWB_System
INFO | SELECTED | Shared Parameter | Scope=instance | ReadOnly=False | Id=3045155
INFO | SELECTED | Shared Parameter | Scope=instance | ReadOnly=False | Id=7626163
INFO | Candidate: NWB_UniclassCode | Scope=instance | Storage=String | ReadOnly=False | Shared=True | Id=3045156
INFO | Candidate: NWB_UniclassCode | Scope=instance | Storage=String | ReadOnly=False | Shared=True | Id=7626165
INFO | Found 2 parameters named NWB_UniclassCode
INFO | SELECTED | Shared Parameter | Scope=instance | ReadOnly=False | Id=3045156
INFO | SELECTED | Shared Parameter | Scope=instance | ReadOnly=False | Id=7626165
INFO | Candidate: NWB_UniclassDescription | Scope=instance | Storage=String | ReadOnly=False | Shared=True | Id=3045157
INFO | Candidate: NWB_UniclassDescription | Scope=instance | Storage=String | ReadOnly=False | Shared=True | Id=7626166
INFO | Found 2 parameters named NWB_UniclassDescription
INFO | SELECTED | Shared Parameter | Scope=instance | ReadOnly=False | Id=3045157
INFO | SELECTED | Shared Parameter | Scope=instance | ReadOnly=False | Id=7626166
INFO | Candidate: NWB_DesignPkg | Scope=instance | Storage=String | ReadOnly=False | Shared=True | Id=3045158
INFO | Candidate: NWB_DesignPkg | Scope=instance | Storage=String | ReadOnly=False | Shared=True | Id=7626167
INFO | Found 2 parameters named NWB_DesignPkg
INFO | SELECTED | Shared Parameter | Scope=instance | ReadOnly=False | Id=3045158
INFO | SELECTED | Shared Parameter | Scope=instance | ReadOnly=False | Id=7626167
ERROR | Element 13363752 | Category=Duct Fittings | Family= | Parameter=NWB_BuildingPermitPkg | Reason=missing | Writable sample: AHU, AHU_AreaServed, AHU_Serves, AHU_Type, AHU_ZoneNumber, Building_No, COMPLETE Y/N, Classification.OmniClass.21.Description_INSTANCE, Classification.OmniClass.21.Number_INSTANCE, Classification.OmniClass.22.Description_INSTANCE, Classification.OmniClass.22.Number_INSTANCE, Classification.OmniClass.23.Description_INSTANCE, Classification.OmniClass.23.Number_INSTANCE, Classification.UniFormat.2010.Description, Classification.UniFormat.2010.Number, Comments, Description BOM Suffix, Ductwork Insulation - Lining, Elevation from Level, Export to IFC
INFO | Candidate: NWB_WBS00 | Scope=instance | Storage=String | ReadOnly=False | Shared=True | Id=9214738
INFO | Candidate: NWB_WBS01 | Scope=instance | Storage=String | ReadOnly=False | Shared=True | Id=9214798
INFO | Candidate: NWB_WBS02 | Scope=instance | Storage=String | ReadOnly=False | Shared=True | Id=9214786
INFO | Candidate: NWB_WBS03 | Scope=instance | Storage=String | ReadOnly=False | Shared=True | Id=9214750
INFO | Candidate: NWB_WBS04 | Scope=instance | Storage=String | ReadOnly=False | Shared=True | Id=9214762
INFO | Candidate: NWB_WBS05 | Scope=instance | Storage=String | ReadOnly=False | Shared=True | Id=9214810
INFO | Candidate: NWB_WBSCode | Scope=instance | Storage=String | ReadOnly=False | Shared=True | Id=9214774
SOURCE | Element 13363752 | Cat=Duct Fittings | Family=MHT-ME-DF-Rectangular Eccentric Taper - Flanged-01 | Type= | Level=LEVEL 09 | System=Undefined | LinkedRoomLink= | LinkedRoomNumber= | LinkedRoomName= | LinkedRoomDept= | LinkedRoomBuilding= | LinkedRoomSite= | LinkedRoomSource= | ResolvedDept= | ResolvedBuilding= | ResolvedSite= | DisciplineHint=mechanical | AssetCandidates=duct fittings, ductwork | WBS00=WBH | WBS01=HO | WBS03=Z00 | DesignPkg=NWB-GEN-ME-SCM-1091-A | BuildingPermitPkg=WBH - BP09
WARN | Element 13363752 | Department unresolved | ExistingNWBDepartment= | ExistingWBS00=WBH | ExistingWBS01=HO | ExistingDiscipline=ME
ELEMENT | 13363752 | Cat=Duct Fittings | AssetScore=45 | AssetTypeCode=MDUC | AssetType=Ductwork | AssetCategory=Ductwork | Targets=NWB_AssetTypeCode=MDUC; NWB_AssetType=Ductwork; NWB_Discipline=ME; NWB_Category=Ductwork; NWB_Department=; NWB_Material=; NWB_System=Undefined; NWB_UniclassCode=Pr_65_65_25; NWB_UniclassDescription=Ductwork and fittings; NWB_DesignPkg=NWB-GEN-ME-SCM-1091-A; NWB_BuildingPermitPkg=WBH - BP09; NWB_WBS00=WBH; NWB_WBS01=HO; NWB_WBS02=09; NWB_WBS03=Z00; NWB_WBS04=ME; NWB_WBS05=SI5; NWB_WBSCode=WBH-HO-09-Z00-ME-SI5
INFO | Candidate: NWB_AssetTypeCode | Scope=instance | Storage=String | ReadOnly=False | Shared=True | Id=7626182
INFO | Candidate: NWB_AssetType | Scope=instance | Storage=String | ReadOnly=False | Shared=True | Id=7626181
INFO | Candidate: NWB_Discipline | Scope=instance | Storage=String | ReadOnly=False | Shared=True | Id=7626159
INFO | Candidate: NWB_Category | Scope=instance | Storage=String | ReadOnly=False | Shared=True | Id=7626160
INFO | Candidate: NWB_Department | Scope=instance | Storage=String | ReadOnly=False | Shared=True | Id=7626168
INFO | Candidate: NWB_System | Scope=instance | Storage=String | ReadOnly=False | Shared=True | Id=7626163
INFO | Candidate: NWB_UniclassCode | Scope=instance | Storage=String | ReadOnly=False | Shared=True | Id=7626165
INFO | Candidate: NWB_UniclassDescription | Scope=instance | Storage=String | ReadOnly=False | Shared=True | Id=7626166
INFO | Candidate: NWB_DesignPkg | Scope=instance | Storage=String | ReadOnly=False | Shared=True | Id=7626167
ERROR | Element 13363758 | Category=Ducts | Family= | Parameter=NWB_BuildingPermitPkg | Reason=missing | Writable sample: AHU, AHU_AreaServed, AHU_Serves, AHU_Type, AHU_ZoneNumber, Additional Flow, Building_No, COMPLETE Y/N, Classification.OmniClass.21.Description_INSTANCE, Classification.OmniClass.21.Number_INSTANCE, Classification.OmniClass.22.Description_INSTANCE, Classification.OmniClass.22.Number_INSTANCE, Classification.OmniClass.23.Description_INSTANCE, Classification.OmniClass.23.Number_INSTANCE, Classification.UniFormat.2010.Description, Classification.UniFormat.2010.Number, Comments, DUCT NUMBER, Description BOM Suffix, Duct Number
INFO | Candidate: NWB_WBS00 | Scope=instance | Storage=String | ReadOnly=False | Shared=True | Id=9214738
INFO | Candidate: NWB_WBS01 | Scope=instance | Storage=String | ReadOnly=False | Shared=True | Id=9214798
INFO | Candidate: NWB_WBS02 | Scope=instance | Storage=String | ReadOnly=False | Shared=True | Id=9214786
INFO | Candidate: NWB_WBS03 | Scope=instance | Storage=String | ReadOnly=False | Shared=True | Id=9214750
INFO | Candidate: NWB_WBS04 | Scope=instance | Storage=String | ReadOnly=False | Shared=True | Id=9214762
INFO | Candidate: NWB_WBS05 | Scope=instance | Storage=String | ReadOnly=False | Shared=True | Id=9214810
INFO | Candidate: NWB_WBSCode | Scope=instance | Storage=String | ReadOnly=False | Shared=True | Id=9214774
SOURCE | Element 13363758 | Cat=Ducts | Family=Rectangular Duct | Type= | Level=LEVEL 09 | System=Supply Air | LinkedRoomLink=NWB-ACD-WBH-MH-MOD-0001 | LinkedRoomNumber=HDU.09.085 | LinkedRoomName=1 Bed Room, Intensive Care (Bariatric) | LinkedRoomDept=High Dependency Unit | LinkedRoomBuilding= | LinkedRoomSite= | LinkedRoomSource=self | ResolvedDept=High Dependency Unit | ResolvedBuilding= | ResolvedSite= | DisciplineHint=mechanical | AssetCandidates=ducts, ductwork | WBS00=WBH | WBS01=HO | WBS03=HDU | DesignPkg=NWB-GEN-ME-SCM-1091-A | BuildingPermitPkg=WBH - BP09
ELEMENT | 13363758 | Cat=Ducts | AssetScore=45 | AssetTypeCode=MDUC | AssetType=Ductwork | AssetCategory=Ductwork | Targets=NWB_AssetTypeCode=MDUC; NWB_AssetType=Ductwork; NWB_Discipline=ME; NWB_Category=Ductwork; NWB_Department=High Dependency Unit; NWB_Material=; NWB_System=Supply Air; NWB_UniclassCode=Pr_65_65_25; NWB_UniclassDescription=Ductwork and fittings; NWB_DesignPkg=NWB-GEN-ME-SCM-1091-A; NWB_BuildingPermitPkg=WBH - BP09; NWB_WBS00=WBH; NWB_WBS01=HO; NWB_WBS02=09; NWB_WBS03=HDU; NWB_WBS04=ME; NWB_WBS05=SI5; NWB_WBSCode=WBH-HO-09-HDU-ME-SI5
INFO | Candidate: NWB_AssetTypeCode | Scope=instance | Storage=String | ReadOnly=False | Shared=True | Id=7626182
INFO | Candidate: NWB_AssetType | Scope=instance | Storage=String | ReadOnly=False | Shared=True | Id=7626181
INFO | Candidate: NWB_Discipline | Scope=instance | Storage=String | ReadOnly=False | Shared=True | Id=7626159
INFO | Candidate: NWB_Category | Scope=instance | Storage=String | ReadOnly=False | Shared=True | Id=7626160
INFO | Candidate: NWB_Department | Scope=instance | Storage=String | ReadOnly=False | Shared=True | Id=7626168
INFO | Candidate: NWB_System | Scope=instance | Storage=String | ReadOnly=False | Shared=True | Id=7626163
INFO | Candidate: NWB_UniclassCode | Scope=instance | Storage=String | ReadOnly=False | Shared=True | Id=7626165
INFO | Candidate: NWB_UniclassDescription | Scope=instance | Storage=String | ReadOnly=False | Shared=True | Id=7626166
INFO | Candidate: NWB_DesignPkg | Scope=instance | Storage=String | ReadOnly=False | Shared=True | Id=7626167
ERROR | Element 13363759 | Category=Air Terminals | Family= | Parameter=NWB_BuildingPermitPkg | Reason=missing | Writable sample: AHU_AreaServed, AHU_Serves, AHU_Type, AHU_ZoneNumber, AQ, Building_No, COMPLETE Y/N, Classification.UniFormat.2010.Description, Classification.UniFormat.2010.Number, Comments, Export to IFC, Export to IFC As, Family, Family and Type, Flow, IFC Predefined Type, IfcGUID, Image, Legend Description, Location
INFO | Candidate: NWB_WBS00 | Scope=instance | Storage=String | ReadOnly=True | Shared=True | Id=9214738
ERROR | Element 13363759 | Category=Air Terminals | Family= | Parameter=NWB_WBS00 | Reason=readonly | Writable sample: AHU_AreaServed, AHU_Serves, AHU_Type, AHU_ZoneNumber, AQ, Building_No, COMPLETE Y/N, Classification.UniFormat.2010.Description, Classification.UniFormat.2010.Number, Comments, Export to IFC, Export to IFC As, Family, Family and Type, Flow, IFC Predefined Type, IfcGUID, Image, Legend Description, Location
INFO | Candidate: NWB_WBS01 | Scope=instance | Storage=String | ReadOnly=True | Shared=True | Id=9214798
ERROR | Element 13363759 | Category=Air Terminals | Family= | Parameter=NWB_WBS01 | Reason=readonly | Writable sample: AHU_AreaServed, AHU_Serves, AHU_Type, AHU_ZoneNumber, AQ, Building_No, COMPLETE Y/N, Classification.UniFormat.2010.Description, Classification.UniFormat.2010.Number, Comments, Export to IFC, Export to IFC As, Family, Family and Type, Flow, IFC Predefined Type, IfcGUID, Image, Legend Description, Location
INFO | Candidate: NWB_WBS02 | Scope=instance | Storage=String | ReadOnly=False | Shared=True | Id=9214786
INFO | Candidate: NWB_WBS03 | Scope=instance | Storage=String | ReadOnly=False | Shared=True | Id=9214750
INFO | Candidate: NWB_WBS04 | Scope=instance | Storage=String | ReadOnly=True | Shared=True | Id=9214762
ERROR | Element 13363759 | Category=Air Terminals | Family= | Parameter=NWB_WBS04 | Reason=readonly | Writable sample: AHU_AreaServed, AHU_Serves, AHU_Type, AHU_ZoneNumber, AQ, Building_No, COMPLETE Y/N, Classification.UniFormat.2010.Description, Classification.UniFormat.2010.Number, Comments, Export to IFC, Export to IFC As, Family, Family and Type, Flow, IFC Predefined Type, IfcGUID, Image, Legend Description, Location
INFO | Candidate: NWB_WBS05 | Scope=instance | Storage=String | ReadOnly=True | Shared=True | Id=9214810
ERROR | Element 13363759 | Category=Air Terminals | Family= | Parameter=NWB_WBS05 | Reason=readonly | Writable sample: AHU_AreaServed, AHU_Serves, AHU_Type, AHU_ZoneNumber, AQ, Building_No, COMPLETE Y/N, Classification.UniFormat.2010.Description, Classification.UniFormat.2010.Number, Comments, Export to IFC, Export to IFC As, Family, Family and Type, Flow, IFC Predefined Type, IfcGUID, Image, Legend Description, Location
INFO | Candidate: NWB_WBSCode | Scope=instance | Storage=String | ReadOnly=False | Shared=True | Id=9214774
SOURCE | Element 13363759 | Cat=Air Terminals | Family=MHT-ME-AT - Supply Air Grille | Type= | Level= | System=Supply Air | LinkedRoomLink=NWB-ACD-WBH-MH-MOD-0001 | LinkedRoomNumber=HDU.09.085 | LinkedRoomName=1 Bed Room, Intensive Care (Bariatric) | LinkedRoomDept=High Dependency Unit | LinkedRoomBuilding= | LinkedRoomSite= | LinkedRoomSource=self | ResolvedDept=High Dependency Unit | ResolvedBuilding= | ResolvedSite= | DisciplineHint=mechanical | AssetCandidates=air terminals, air terminal | WBS00=WBH | WBS01=HO | WBS03=HDU | DesignPkg=NWB-GEN-ME-SCM-1091-A | BuildingPermitPkg=WBH - BP09
ELEMENT | 13363759 | Cat=Air Terminals | AssetScore=45 | AssetTypeCode=MSAG | AssetType=Supply Air Grille | AssetCategory=Air Terminal | Targets=NWB_AssetTypeCode=MSAG; NWB_AssetType=Supply Air Grille; NWB_Discipline=ME; NWB_Category=Air Terminal; NWB_Department=High Dependency Unit; NWB_Material=; NWB_System=Supply Air; NWB_UniclassCode=Pr_70_65_04_03; NWB_UniclassDescription=Air grilles; NWB_DesignPkg=NWB-GEN-ME-SCM-1091-A; NWB_BuildingPermitPkg=WBH - BP09; NWB_WBS00=WBH; NWB_WBS01=HO; NWB_WBS02=09; NWB_WBS03=HDU; NWB_WBS04=ME; NWB_WBS05=SI5; NWB_WBSCode=WBH-HO-09-HDU-ME-SI5
INFO | Candidate: NWB_AssetTypeCode | Scope=instance | Storage=String | ReadOnly=False | Shared=True | Id=7626182
INFO | Candidate: NWB_AssetType | Scope=instance | Storage=String | ReadOnly=False | Shared=True | Id=7626181
INFO | Candidate: NWB_Discipline | Scope=instance | Storage=String | ReadOnly=False | Shared=True | Id=7626159
INFO | Candidate: NWB_Category | Scope=instance | Storage=String | ReadOnly=False | Shared=True | Id=7626160
INFO | Candidate: NWB_Department | Scope=instance | Storage=String | ReadOnly=False | Shared=True | Id=7626168
INFO | Candidate: NWB_System | Scope=instance | Storage=String | ReadOnly=False | Shared=True | Id=7626163
INFO | Candidate: NWB_UniclassCode | Scope=instance | Storage=String | ReadOnly=False | Shared=True | Id=7626165
INFO | Candidate: NWB_UniclassDescription | Scope=instance | Storage=String | ReadOnly=False | Shared=True | Id=7626166
INFO | Candidate: NWB_DesignPkg | Scope=instance | Storage=String | ReadOnly=False | Shared=True | Id=7626167
ERROR | Element 13363761 | Category=Ducts | Family= | Parameter=NWB_BuildingPermitPkg | Reason=missing | Writable sample: AHU, AHU_AreaServed, AHU_Serves, AHU_Type, AHU_ZoneNumber, Additional Flow, Building_No, COMPLETE Y/N, Classification.OmniClass.21.Description_INSTANCE, Classification.OmniClass.21.Number_INSTANCE, Classification.OmniClass.22.Description_INSTANCE, Classification.OmniClass.22.Number_INSTANCE, Classification.OmniClass.23.Description_INSTANCE, Classification.OmniClass.23.Number_INSTANCE, Classification.UniFormat.2010.Description, Classification.UniFormat.2010.Number, Comments, DUCT NUMBER, Description BOM Suffix, Duct Number
INFO | Candidate: NWB_WBS00 | Scope=instance | Storage=String | ReadOnly=False | Shared=True | Id=9214738
INFO | Candidate: NWB_WBS01 | Scope=instance | Storage=String | ReadOnly=False | Shared=True | Id=9214798
INFO | Candidate: NWB_WBS02 | Scope=instance | Storage=String | ReadOnly=False | Shared=True | Id=9214786
INFO | Candidate: NWB_WBS03 | Scope=instance | Storage=String | ReadOnly=False | Shared=True | Id=9214750
INFO | Candidate: NWB_WBS04 | Scope=instance | Storage=String | ReadOnly=False | Shared=True | Id=9214762
INFO | Candidate: NWB_WBS05 | Scope=instance | Storage=String | ReadOnly=False | Shared=True | Id=9214810
INFO | Candidate: NWB_WBSCode | Scope=instance | Storage=String | ReadOnly=False | Shared=True | Id=9214774
SOURCE | Element 13363761 | Cat=Ducts | Family=Rectangular Duct | Type= | Level=LEVEL 09 | System=Supply Air | LinkedRoomLink= | LinkedRoomNumber= | LinkedRoomName= | LinkedRoomDept= | LinkedRoomBuilding= | LinkedRoomSite= | LinkedRoomSource= | ResolvedDept=HDU | ResolvedBuilding= | ResolvedSite= | DisciplineHint=mechanical | AssetCandidates=ducts, ductwork | WBS00=WBH | WBS01=HO | WBS03=HDU | DesignPkg=NWB-GEN-ME-SCM-1091-A | BuildingPermitPkg=WBH - BP09
ELEMENT | 13363761 | Cat=Ducts | AssetScore=45 | AssetTypeCode=MDUC | AssetType=Ductwork | AssetCategory=Ductwork | Targets=NWB_AssetTypeCode=MDUC; NWB_AssetType=Ductwork; NWB_Discipline=ME; NWB_Category=Ductwork; NWB_Department=HDU; NWB_Material=; NWB_System=Supply Air; NWB_UniclassCode=Pr_65_65_25; NWB_UniclassDescription=Ductwork and fittings; NWB_DesignPkg=NWB-GEN-ME-SCM-1091-A; NWB_BuildingPermitPkg=WBH - BP09; NWB_WBS00=WBH; NWB_WBS01=HO; NWB_WBS02=09; NWB_WBS03=HDU; NWB_WBS04=ME; NWB_WBS05=SI5; NWB_WBSCode=WBH-HO-09-HDU-ME-SI5
INFO | Candidate: NWB_AssetTypeCode | Scope=instance | Storage=String | ReadOnly=False | Shared=True | Id=7626182
INFO | Candidate: NWB_AssetType | Scope=instance | Storage=String | ReadOnly=False | Shared=True | Id=7626181
INFO | Candidate: NWB_Discipline | Scope=instance | Storage=String | ReadOnly=False | Shared=True | Id=7626159
INFO | Candidate: NWB_Category | Scope=instance | Storage=String | ReadOnly=False | Shared=True | Id=7626160
INFO | Candidate: NWB_System | Scope=instance | Storage=String | ReadOnly=False | Shared=True | Id=7626163
INFO | Candidate: NWB_UniclassCode | Scope=instance | Storage=String | ReadOnly=False | Shared=True | Id=7626165
INFO | Candidate: NWB_UniclassDescription | Scope=instance | Storage=String | ReadOnly=False | Shared=True | Id=7626166
INFO | Candidate: NWB_DesignPkg | Scope=instance | Storage=String | ReadOnly=False | Shared=True | Id=7626167
ERROR | Element 13363762 | Category=Air Terminals | Family= | Parameter=NWB_BuildingPermitPkg | Reason=missing | Writable sample: AHU_AreaServed, AHU_Serves, AHU_Type, AHU_ZoneNumber, AQ, Building_No, COMPLETE Y/N, Classification.UniFormat.2010.Description, Classification.UniFormat.2010.Number, Comments, Export to IFC, Export to IFC As, Family, Family and Type, Flow, IFC Predefined Type, IfcGUID, Image, Legend Description, Location
INFO | Candidate: NWB_WBS00 | Scope=instance | Storage=String | ReadOnly=True | Shared=True | Id=9214738
ERROR | Element 13363762 | Category=Air Terminals | Family= | Parameter=NWB_WBS00 | Reason=readonly | Writable sample: AHU_AreaServed, AHU_Serves, AHU_Type, AHU_ZoneNumber, AQ, Building_No, COMPLETE Y/N, Classification.UniFormat.2010.Description, Classification.UniFormat.2010.Number, Comments, Export to IFC, Export to IFC As, Family, Family and Type, Flow, IFC Predefined Type, IfcGUID, Image, Legend Description, Location
INFO | Candidate: NWB_WBS01 | Scope=instance | Storage=String | ReadOnly=True | Shared=True | Id=9214798
ERROR | Element 13363762 | Category=Air Terminals | Family= | Parameter=NWB_WBS01 | Reason=readonly | Writable sample: AHU_AreaServed, AHU_Serves, AHU_Type, AHU_ZoneNumber, AQ, Building_No, COMPLETE Y/N, Classification.UniFormat.2010.Description, Classification.UniFormat.2010.Number, Comments, Export to IFC, Export to IFC As, Family, Family and Type, Flow, IFC Predefined Type, IfcGUID, Image, Legend Description, Location
INFO | Candidate: NWB_WBS02 | Scope=instance | Storage=String | ReadOnly=False | Shared=True | Id=9214786
INFO | Candidate: NWB_WBS03 | Scope=instance | Storage=String | ReadOnly=False | Shared=True | Id=9214750
INFO | Candidate: NWB_WBS04 | Scope=instance | Storage=String | ReadOnly=True | Shared=True | Id=9214762
ERROR | Element 13363762 | Category=Air Terminals | Family= | Parameter=NWB_WBS04 | Reason=readonly | Writable sample: AHU_AreaServed, AHU_Serves, AHU_Type, AHU_ZoneNumber, AQ, Building_No, COMPLETE Y/N, Classification.UniFormat.2010.Description, Classification.UniFormat.2010.Number, Comments, Export to IFC, Export to IFC As, Family, Family and Type, Flow, IFC Predefined Type, IfcGUID, Image, Legend Description, Location
INFO | Candidate: NWB_WBS05 | Scope=instance | Storage=String | ReadOnly=True | Shared=True | Id=9214810
ERROR | Element 13363762 | Category=Air Terminals | Family= | Parameter=NWB_WBS05 | Reason=readonly | Writable sample: AHU_AreaServed, AHU_Serves, AHU_Type, AHU_ZoneNumber, AQ, Building_No, COMPLETE Y/N, Classification.UniFormat.2010.Description, Classification.UniFormat.2010.Number, Comments, Export to IFC, Export to IFC As, Family, Family and Type, Flow, IFC Predefined Type, IfcGUID, Image, Legend Description, Location
INFO | Candidate: NWB_WBSCode | Scope=instance | Storage=String | ReadOnly=False | Shared=True | Id=9214774
SOURCE | Element 13363762 | Cat=Air Terminals | Family=MHT-ME-AT - Supply Air Grille | Type= | Level= | System=Supply Air | LinkedRoomLink= | LinkedRoomNumber= | LinkedRoomName= | LinkedRoomDept= | LinkedRoomBuilding= | LinkedRoomSite= | LinkedRoomSource= | ResolvedDept= | ResolvedBuilding= | ResolvedSite= | DisciplineHint=mechanical | AssetCandidates=air terminals, air terminal | WBS00=WBH | WBS01=HO | WBS03=Z00 | DesignPkg=NWB-GEN-ME-SCM-1091-A | BuildingPermitPkg=WBH - BP09
WARN | Element 13363762 | Department unresolved | ExistingNWBDepartment= | ExistingWBS00=WBS | ExistingWBS01=HO | ExistingDiscipline=ME
ELEMENT | 13363762 | Cat=Air Terminals | AssetScore=45 | AssetTypeCode=MSAG | AssetType=Supply Air Grille | AssetCategory=Air Terminal | Targets=NWB_AssetTypeCode=MSAG; NWB_AssetType=Supply Air Grille; NWB_Discipline=ME; NWB_Category=Air Terminal; NWB_Department=; NWB_Material=; NWB_System=Supply Air; NWB_UniclassCode=Pr_70_65_04_03; NWB_UniclassDescription=Air grilles; NWB_DesignPkg=NWB-GEN-ME-SCM-1091-A; NWB_BuildingPermitPkg=WBH - BP09; NWB_WBS00=WBH; NWB_WBS01=HO; NWB_WBS02=09; NWB_WBS03=Z00; NWB_WBS04=ME; NWB_WBS05=SI5; NWB_WBSCode=WBH-HO-09-Z00-ME-SI5
INFO | Candidate: NWB_AssetTypeCode | Scope=instance | Storage=String | ReadOnly=False | Shared=True | Id=7626182
INFO | Candidate: NWB_AssetType | Scope=instance | Storage=String | ReadOnly=False | Shared=True | Id=7626181
INFO | Candidate: NWB_Discipline | Scope=instance | Storage=String | ReadOnly=False | Shared=True | Id=7626159
INFO | Candidate: NWB_Category | Scope=instance | Storage=String | ReadOnly=False | Shared=True | Id=7626160
INFO | Candidate: NWB_Department | Scope=instance | Storage=String | ReadOnly=False | Shared=True | Id=7626168
INFO | Candidate: NWB_System | Scope=instance | Storage=String | ReadOnly=False | Shared=True | Id=7626163
INFO | Candidate: NWB_UniclassCode | Scope=instance | Storage=String | ReadOnly=False | Shared=True | Id=7626165
INFO | Candidate: NWB_UniclassDescription | Scope=instance | Storage=String | ReadOnly=False | Shared=True | Id=7626166
INFO | Candidate: NWB_DesignPkg | Scope=instance | Storage=String | ReadOnly=False | Shared=True | Id=7626167
ERROR | Element 13363765 | Category=Ducts | Family= | Parameter=NWB_BuildingPermitPkg | Reason=missing | Writable sample: AHU, AHU_AreaServed, AHU_Serves, AHU_Type, AHU_ZoneNumber, Additional Flow, Building_No, COMPLETE Y/N, Classification.OmniClass.21.Description_INSTANCE, Classification.OmniClass.21.Number_INSTANCE, Classification.OmniClass.22.Description_INSTANCE, Classification.OmniClass.22.Number_INSTANCE, Classification.OmniClass.23.Description_INSTANCE, Classification.OmniClass.23.Number_INSTANCE, Classification.UniFormat.2010.Description, Classification.UniFormat.2010.Number, Comments, DUCT NUMBER, Description BOM Suffix, Duct Number
INFO | Candidate: NWB_WBS00 | Scope=instance | Storage=String | ReadOnly=False | Shared=True | Id=9214738
INFO | Candidate: NWB_WBS01 | Scope=instance | Storage=String | ReadOnly=False | Shared=True | Id=9214798
INFO | Candidate: NWB_WBS02 | Scope=instance | Storage=String | ReadOnly=False | Shared=True | Id=9214786
INFO | Candidate: NWB_WBS03 | Scope=instance | Storage=String | ReadOnly=False | Shared=True | Id=9214750
INFO | Candidate: NWB_WBS04 | Scope=instance | Storage=String | ReadOnly=False | Shared=True | Id=9214762
INFO | Candidate: NWB_WBS05 | Scope=instance | Storage=String | ReadOnly=False | Shared=True | Id=9214810
INFO | Candidate: NWB_WBSCode | Scope=instance | Storage=String | ReadOnly=False | Shared=True | Id=9214774
SOURCE | Element 13363765 | Cat=Ducts | Family=Rectangular Duct | Type= | Level=LEVEL 09 | System=Supply Air | LinkedRoomLink= | LinkedRoomNumber= | LinkedRoomName= | LinkedRoomDept= | LinkedRoomBuilding= | LinkedRoomSite= | LinkedRoomSource= | ResolvedDept=HDU | ResolvedBuilding= | ResolvedSite= | DisciplineHint=mechanical | AssetCandidates=ducts, ductwork | WBS00=WBH | WBS01=HO | WBS03=HDU | DesignPkg=NWB-GEN-ME-SCM-1091-A | BuildingPermitPkg=WBH - BP09
ELEMENT | 13363765 | Cat=Ducts | AssetScore=45 | AssetTypeCode=MDUC | AssetType=Ductwork | AssetCategory=Ductwork | Targets=NWB_AssetTypeCode=MDUC; NWB_AssetType=Ductwork; NWB_Discipline=ME; NWB_Category=Ductwork; NWB_Department=HDU; NWB_Material=; NWB_System=Supply Air; NWB_UniclassCode=Pr_65_65_25; NWB_UniclassDescription=Ductwork and fittings; NWB_DesignPkg=NWB-GEN-ME-SCM-1091-A; NWB_BuildingPermitPkg=WBH - BP09; NWB_WBS00=WBH; NWB_WBS01=HO; NWB_WBS02=09; NWB_WBS03=HDU; NWB_WBS04=ME; NWB_WBS05=SI5; NWB_WBSCode=WBH-HO-09-HDU-ME-SI5
INFO | Candidate: NWB_AssetTypeCode | Scope=instance | Storage=String | ReadOnly=False | Shared=True | Id=7626182
INFO | Candidate: NWB_AssetType | Scope=instance | Storage=String | ReadOnly=False | Shared=True | Id=7626181
INFO | Candidate: NWB_Discipline | Scope=instance | Storage=String | ReadOnly=False | Shared=True | Id=7626159
INFO | Candidate: NWB_Category | Scope=instance | Storage=String | ReadOnly=False | Shared=True | Id=7626160
INFO | Candidate: NWB_System | Scope=instance | Storage=String | ReadOnly=False | Shared=True | Id=7626163
INFO | Candidate: NWB_UniclassCode | Scope=instance | Storage=String | ReadOnly=False | Shared=True | Id=7626165
INFO | Candidate: NWB_UniclassDescription | Scope=instance | Storage=String | ReadOnly=False | Shared=True | Id=7626166
INFO | Candidate: NWB_DesignPkg | Scope=instance | Storage=String | ReadOnly=False | Shared=True | Id=7626167
ERROR | Element 13363766 | Category=Duct Fittings | Family= | Parameter=NWB_BuildingPermitPkg | Reason=missing | Writable sample: AHU, AHU_AreaServed, AHU_Serves, AHU_Type, AHU_ZoneNumber, Building_No, COMPLETE Y/N, Classification.OmniClass.21.Description_INSTANCE, Classification.OmniClass.21.Number_INSTANCE, Classification.OmniClass.22.Description_INSTANCE, Classification.OmniClass.22.Number_INSTANCE, Classification.OmniClass.23.Description_INSTANCE, Classification.OmniClass.23.Number_INSTANCE, Classification.UniFormat.2010.Description, Classification.UniFormat.2010.Number, Comments, Description BOM Suffix, Duct Height, Duct Width, Ductwork Insulation - Lining
INFO | Candidate: NWB_WBS00 | Scope=instance | Storage=String | ReadOnly=False | Shared=True | Id=9214738
INFO | Candidate: NWB_WBS01 | Scope=instance | Storage=String | ReadOnly=False | Shared=True | Id=9214798
INFO | Candidate: NWB_WBS02 | Scope=instance | Storage=String | ReadOnly=False | Shared=True | Id=9214786
INFO | Candidate: NWB_WBS03 | Scope=instance | Storage=String | ReadOnly=False | Shared=True | Id=9214750
INFO | Candidate: NWB_WBS04 | Scope=instance | Storage=String | ReadOnly=False | Shared=True | Id=9214762
INFO | Candidate: NWB_WBS05 | Scope=instance | Storage=String | ReadOnly=False | Shared=True | Id=9214810
INFO | Candidate: NWB_WBSCode | Scope=instance | Storage=String | ReadOnly=False | Shared=True | Id=9214774
SOURCE | Element 13363766 | Cat=Duct Fittings | Family=MHT_Rectangular Elbow - Mitered - Single Thickness Vanes | Type= | Level=LEVEL 09 | System=Supply Air | LinkedRoomLink= | LinkedRoomNumber= | LinkedRoomName= | LinkedRoomDept= | LinkedRoomBuilding= | LinkedRoomSite= | LinkedRoomSource= | ResolvedDept= | ResolvedBuilding= | ResolvedSite= | DisciplineHint=mechanical | AssetCandidates=duct fittings, ductwork | WBS00=WBH | WBS01=HO | WBS03=Z00 | DesignPkg=NWB-GEN-ME-SCM-1091-A | BuildingPermitPkg=WBH - BP09
WARN | Element 13363766 | Department unresolved | ExistingNWBDepartment= | ExistingWBS00=WBH | ExistingWBS01=HO | ExistingDiscipline=ME
ELEMENT | 13363766 | Cat=Duct Fittings | AssetScore=45 | AssetTypeCode=MDUC | AssetType=Ductwork | AssetCategory=Ductwork | Targets=NWB_AssetTypeCode=MDUC; NWB_AssetType=Ductwork; NWB_Discipline=ME; NWB_Category=Ductwork; NWB_Department=; NWB_Material=; NWB_System=Supply Air; NWB_UniclassCode=Pr_65_65_25; NWB_UniclassDescription=Ductwork and fittings; NWB_DesignPkg=NWB-GEN-ME-SCM-1091-A; NWB_BuildingPermitPkg=WBH - BP09; NWB_WBS00=WBH; NWB_WBS01=HO; NWB_WBS02=09; NWB_WBS03=Z00; NWB_WBS04=ME; NWB_WBS05=SI5; NWB_WBSCode=WBH-HO-09-Z00-ME-SI5
INFO | Candidate: NWB_AssetTypeCode | Scope=instance | Storage=String | ReadOnly=False | Shared=True | Id=7626182
INFO | Candidate: NWB_AssetType | Scope=instance | Storage=String | ReadOnly=False | Shared=True | Id=7626181
INFO | Candidate: NWB_Discipline | Scope=instance | Storage=String | ReadOnly=False | Shared=True | Id=7626159
INFO | Candidate: NWB_Category | Scope=instance | Storage=String | ReadOnly=False | Shared=True | Id=7626160
INFO | Candidate: NWB_Department | Scope=instance | Storage=String | ReadOnly=False | Shared=True | Id=7626168
INFO | Candidate: NWB_System | Scope=instance | Storage=String | ReadOnly=False | Shared=True | Id=7626163
INFO | Candidate: NWB_UniclassCode | Scope=instance | Storage=String | ReadOnly=False | Shared=True | Id=7626165
INFO | Candidate: NWB_UniclassDescription | Scope=instance | Storage=String | ReadOnly=False | Shared=True | Id=7626166
INFO | Candidate: NWB_DesignPkg | Scope=instance | Storage=String | ReadOnly=False | Shared=True | Id=7626167
ERROR | Element 13363768 | Category=Duct Fittings | Family= | Parameter=NWB_BuildingPermitPkg | Reason=missing | Writable sample: AHU, AHU_AreaServed, AHU_Serves, AHU_Type, AHU_ZoneNumber, Building_No, COMPLETE Y/N, Classification.OmniClass.21.Description_INSTANCE, Classification.OmniClass.21.Number_INSTANCE, Classification.OmniClass.22.Description_INSTANCE, Classification.OmniClass.22.Number_INSTANCE, Classification.OmniClass.23.Description_INSTANCE, Classification.OmniClass.23.Number_INSTANCE, Classification.UniFormat.2010.Description, Classification.UniFormat.2010.Number, Comments, Description BOM Suffix, Duct Height, Duct Width, Ductwork Insulation - Lining
INFO | Candidate: NWB_WBS00 | Scope=instance | Storage=String | ReadOnly=False | Shared=True | Id=9214738
INFO | Candidate: NWB_WBS01 | Scope=instance | Storage=String | ReadOnly=False | Shared=True | Id=9214798
INFO | Candidate: NWB_WBS02 | Scope=instance | Storage=String | ReadOnly=False | Shared=True | Id=9214786
INFO | Candidate: NWB_WBS03 | Scope=instance | Storage=String | ReadOnly=False | Shared=True | Id=9214750
INFO | Candidate: NWB_WBS04 | Scope=instance | Storage=String | ReadOnly=False | Shared=True | Id=9214762
INFO | Candidate: NWB_WBS05 | Scope=instance | Storage=String | ReadOnly=False | Shared=True | Id=9214810
INFO | Candidate: NWB_WBSCode | Scope=instance | Storage=String | ReadOnly=False | Shared=True | Id=9214774
SOURCE | Element 13363768 | Cat=Duct Fittings | Family=MHT_Rectangular Elbow - Mitered - Single Thickness Vanes | Type= | Level=LEVEL 09 | System=Supply Air | LinkedRoomLink=NWB-ACD-WBH-MH-MOD-0001 | LinkedRoomNumber=HDU.09.085 | LinkedRoomName=1 Bed Room, Intensive Care (Bariatric) | LinkedRoomDept=High Dependency Unit | LinkedRoomBuilding= | LinkedRoomSite= | LinkedRoomSource=connected:13363758:Ducts | ResolvedDept=High Dependency Unit | ResolvedBuilding= | ResolvedSite= | DisciplineHint=mechanical | AssetCandidates=duct fittings, ductwork | WBS00=WBH | WBS01=HO | WBS03=HDU | DesignPkg=NWB-GEN-ME-SCM-1091-A | BuildingPermitPkg=WBH - BP09
ELEMENT | 13363768 | Cat=Duct Fittings | AssetScore=45 | AssetTypeCode=MDUC | AssetType=Ductwork | AssetCategory=Ductwork | Targets=NWB_AssetTypeCode=MDUC; NWB_AssetType=Ductwork; NWB_Discipline=ME; NWB_Category=Ductwork; NWB_Department=High Dependency Unit; NWB_Material=; NWB_System=Supply Air; NWB_UniclassCode=Pr_65_65_25; NWB_UniclassDescription=Ductwork and fittings; NWB_DesignPkg=NWB-GEN-ME-SCM-1091-A; NWB_BuildingPermitPkg=WBH - BP09; NWB_WBS00=WBH; NWB_WBS01=HO; NWB_WBS02=09; NWB_WBS03=HDU; NWB_WBS04=ME; NWB_WBS05=SI5; NWB_WBSCode=WBH-HO-09-HDU-ME-SI5
INFO | Candidate: NWB_AssetTypeCode | Scope=instance | Storage=String | ReadOnly=False | Shared=True | Id=7626182
INFO | Candidate: NWB_AssetType | Scope=instance | Storage=String | ReadOnly=False | Shared=True | Id=7626181
INFO | Candidate: NWB_Discipline | Scope=instance | Storage=String | ReadOnly=False | Shared=True | Id=7626159
INFO | Candidate: NWB_Category | Scope=instance | Storage=String | ReadOnly=False | Shared=True | Id=7626160
INFO | Candidate: NWB_Department | Scope=instance | Storage=String | ReadOnly=False | Shared=True | Id=7626168
INFO | Candidate: NWB_System | Scope=instance | Storage=String | ReadOnly=False | Shared=True | Id=7626163
INFO | Candidate: NWB_UniclassCode | Scope=instance | Storage=String | ReadOnly=False | Shared=True | Id=7626165
INFO | Candidate: NWB_UniclassDescription | Scope=instance | Storage=String | ReadOnly=False | Shared=True | Id=7626166
INFO | Candidate: NWB_DesignPkg | Scope=instance | Storage=String | ReadOnly=False | Shared=True | Id=7626167
ERROR | Element 13363772 | Category=Ducts | Family= | Parameter=NWB_BuildingPermitPkg | Reason=missing | Writable sample: AHU, AHU_AreaServed, AHU_Serves, AHU_Type, AHU_ZoneNumber, Additional Flow, Building_No, COMPLETE Y/N, Classification.OmniClass.21.Description_INSTANCE, Classification.OmniClass.21.Number_INSTANCE, Classification.OmniClass.22.Description_INSTANCE, Classification.OmniClass.22.Number_INSTANCE, Classification.OmniClass.23.Description_INSTANCE, Classification.OmniClass.23.Number_INSTANCE, Classification.UniFormat.2010.Description, Classification.UniFormat.2010.Number, Comments, DUCT NUMBER, Description BOM Suffix, Duct Number
INFO | Candidate: NWB_WBS00 | Scope=instance | Storage=String | ReadOnly=False | Shared=True | Id=9214738
INFO | Candidate: NWB_WBS01 | Scope=instance | Storage=String | ReadOnly=False | Shared=True | Id=9214798
INFO | Candidate: NWB_WBS02 | Scope=instance | Storage=String | ReadOnly=False | Shared=True | Id=9214786
INFO | Candidate: NWB_WBS03 | Scope=instance | Storage=String | ReadOnly=False | Shared=True | Id=9214750
INFO | Candidate: NWB_WBS04 | Scope=instance | Storage=String | ReadOnly=False | Shared=True | Id=9214762
INFO | Candidate: NWB_WBS05 | Scope=instance | Storage=String | ReadOnly=False | Shared=True | Id=9214810
INFO | Candidate: NWB_WBSCode | Scope=instance | Storage=String | ReadOnly=False | Shared=True | Id=9214774
SOURCE | Element 13363772 | Cat=Ducts | Family=Rectangular Duct | Type= | Level=LEVEL 09 | System=Supply Air | LinkedRoomLink=NWB-ACD-WBH-MH-MOD-0001 | LinkedRoomNumber=HDU.09.073 | LinkedRoomName=1 Bed Room, Intensive Care | LinkedRoomDept=High Dependency Unit | LinkedRoomBuilding= | LinkedRoomSite= | LinkedRoomSource=self | ResolvedDept=High Dependency Unit | ResolvedBuilding= | ResolvedSite= | DisciplineHint=mechanical | AssetCandidates=ducts, ductwork | WBS00=WBH | WBS01=HO | WBS03=HDU | DesignPkg=NWB-GEN-ME-SCM-1091-A | BuildingPermitPkg=WBH - BP09
ELEMENT | 13363772 | Cat=Ducts | AssetScore=45 | AssetTypeCode=MDUC | AssetType=Ductwork | AssetCategory=Ductwork | Targets=NWB_AssetTypeCode=MDUC; NWB_AssetType=Ductwork; NWB_Discipline=ME; NWB_Category=Ductwork; NWB_Department=High Dependency Unit; NWB_Material=; NWB_System=Supply Air; NWB_UniclassCode=Pr_65_65_25; NWB_UniclassDescription=Ductwork and fittings; NWB_DesignPkg=NWB-GEN-ME-SCM-1091-A; NWB_BuildingPermitPkg=WBH - BP09; NWB_WBS00=WBH; NWB_WBS01=HO; NWB_WBS02=09; NWB_WBS03=HDU; NWB_WBS04=ME; NWB_WBS05=SI5; NWB_WBSCode=WBH-HO-09-HDU-ME-SI5
INFO | Candidate: NWB_AssetTypeCode | Scope=instance | Storage=String | ReadOnly=False | Shared=True | Id=7626182
INFO | Candidate: NWB_AssetType | Scope=instance | Storage=String | ReadOnly=False | Shared=True | Id=7626181
INFO | Candidate: NWB_Discipline | Scope=instance | Storage=String | ReadOnly=False | Shared=True | Id=7626159
INFO | Candidate: NWB_Category | Scope=instance | Storage=String | ReadOnly=False | Shared=True | Id=7626160
INFO | Candidate: NWB_Department | Scope=instance | Storage=String | ReadOnly=False | Shared=True | Id=7626168
INFO | Candidate: NWB_System | Scope=instance | Storage=String | ReadOnly=False | Shared=True | Id=7626163
INFO | Candidate: NWB_UniclassCode | Scope=instance | Storage=String | ReadOnly=False | Shared=True | Id=7626165
INFO | Candidate: NWB_UniclassDescription | Scope=instance | Storage=String | ReadOnly=False | Shared=True | Id=7626166
INFO | Candidate: NWB_DesignPkg | Scope=instance | Storage=String | ReadOnly=False | Shared=True | Id=7626167
ERROR | Element 13363775 | Category=Ducts | Family= | Parameter=NWB_BuildingPermitPkg | Reason=missing | Writable sample: AHU, AHU_AreaServed, AHU_Serves, AHU_Type, AHU_ZoneNumber, Additional Flow, Building_No, COMPLETE Y/N, Classification.OmniClass.21.Description_INSTANCE, Classification.OmniClass.21.Number_INSTANCE, Classification.OmniClass.22.Description_INSTANCE, Classification.OmniClass.22.Number_INSTANCE, Classification.OmniClass.23.Description_INSTANCE, Classification.OmniClass.23.Number_INSTANCE, Classification.UniFormat.2010.Description, Classification.UniFormat.2010.Number, Comments, DUCT NUMBER, Description BOM Suffix, Duct Number
INFO | Candidate: NWB_WBS00 | Scope=instance | Storage=String | ReadOnly=False | Shared=True | Id=9214738
INFO | Candidate: NWB_WBS01 | Scope=instance | Storage=String | ReadOnly=False | Shared=True | Id=9214798
INFO | Candidate: NWB_WBS02 | Scope=instance | Storage=String | ReadOnly=False | Shared=True | Id=9214786
INFO | Candidate: NWB_WBS03 | Scope=instance | Storage=String | ReadOnly=False | Shared=True | Id=9214750
INFO | Candidate: NWB_WBS04 | Scope=instance | Storage=String | ReadOnly=False | Shared=True | Id=9214762
INFO | Candidate: NWB_WBS05 | Scope=instance | Storage=String | ReadOnly=False | Shared=True | Id=9214810
INFO | Candidate: NWB_WBSCode | Scope=instance | Storage=String | ReadOnly=False | Shared=True | Id=9214774
SOURCE | Element 13363775 | Cat=Ducts | Family=Rectangular Duct | Type= | Level=LEVEL 09 | System=Supply Air | LinkedRoomLink= | LinkedRoomNumber= | LinkedRoomName= | LinkedRoomDept= | LinkedRoomBuilding= | LinkedRoomSite= | LinkedRoomSource= | ResolvedDept=HDU | ResolvedBuilding= | ResolvedSite= | DisciplineHint=mechanical | AssetCandidates=ducts, ductwork | WBS00=WBH | WBS01=HO | WBS03=HDU | DesignPkg=NWB-GEN-ME-SCM-1091-A | BuildingPermitPkg=WBH - BP09
ELEMENT | 13363775 | Cat=Ducts | AssetScore=45 | AssetTypeCode=MDUC | AssetType=Ductwork | AssetCategory=Ductwork | Targets=NWB_AssetTypeCode=MDUC; NWB_AssetType=Ductwork; NWB_Discipline=ME; NWB_Category=Ductwork; NWB_Department=HDU; NWB_Material=; NWB_System=Supply Air; NWB_UniclassCode=Pr_65_65_25; NWB_UniclassDescription=Ductwork and fittings; NWB_DesignPkg=NWB-GEN-ME-SCM-1091-A; NWB_BuildingPermitPkg=WBH - BP09; NWB_WBS00=WBH; NWB_WBS01=HO; NWB_WBS02=09; NWB_WBS03=HDU; NWB_WBS04=ME; NWB_WBS05=SI5; NWB_WBSCode=WBH-HO-09-HDU-ME-SI5
INFO | Candidate: NWB_AssetTypeCode | Scope=instance | Storage=String | ReadOnly=False | Shared=True | Id=7626182
INFO | Candidate: NWB_AssetType | Scope=instance | Storage=String | ReadOnly=False | Shared=True | Id=7626181
INFO | Candidate: NWB_Discipline | Scope=instance | Storage=String | ReadOnly=False | Shared=True | Id=7626159
INFO | Candidate: NWB_Category | Scope=instance | Storage=String | ReadOnly=False | Shared=True | Id=7626160
INFO | Candidate: NWB_System | Scope=instance | Storage=String | ReadOnly=False | Shared=True | Id=7626163
INFO | Candidate: NWB_UniclassCode | Scope=instance | Storage=String | ReadOnly=False | Shared=True | Id=7626165
INFO | Candidate: NWB_UniclassDescription | Scope=instance | Storage=String | ReadOnly=False | Shared=True | Id=7626166
INFO | Candidate: NWB_DesignPkg | Scope=instance | Storage=String | ReadOnly=False | Shared=True | Id=7626167
ERROR | Element 13363776 | Category=Air Terminals | Family= | Parameter=NWB_BuildingPermitPkg | Reason=missing | Writable sample: AHU_AreaServed, AHU_Serves, AHU_Type, AHU_ZoneNumber, AQ, Building_No, COMPLETE Y/N, Classification.UniFormat.2010.Description, Classification.UniFormat.2010.Number, Comments, Export to IFC, Export to IFC As, Family, Family and Type, Flow, IFC Predefined Type, IfcGUID, Image, Legend Description, Location
INFO | Candidate: NWB_WBS00 | Scope=instance | Storage=String | ReadOnly=True | Shared=True | Id=9214738
ERROR | Element 13363776 | Category=Air Terminals | Family= | Parameter=NWB_WBS00 | Reason=readonly | Writable sample: AHU_AreaServed, AHU_Serves, AHU_Type, AHU_ZoneNumber, AQ, Building_No, COMPLETE Y/N, Classification.UniFormat.2010.Description, Classification.UniFormat.2010.Number, Comments, Export to IFC, Export to IFC As, Family, Family and Type, Flow, IFC Predefined Type, IfcGUID, Image, Legend Description, Location
INFO | Candidate: NWB_WBS01 | Scope=instance | Storage=String | ReadOnly=True | Shared=True | Id=9214798
ERROR | Element 13363776 | Category=Air Terminals | Family= | Parameter=NWB_WBS01 | Reason=readonly | Writable sample: AHU_AreaServed, AHU_Serves, AHU_Type, AHU_ZoneNumber, AQ, Building_No, COMPLETE Y/N, Classification.UniFormat.2010.Description, Classification.UniFormat.2010.Number, Comments, Export to IFC, Export to IFC As, Family, Family and Type, Flow, IFC Predefined Type, IfcGUID, Image, Legend Description, Location
INFO | Candidate: NWB_WBS02 | Scope=instance | Storage=String | ReadOnly=False | Shared=True | Id=9214786
INFO | Candidate: NWB_WBS03 | Scope=instance | Storage=String | ReadOnly=False | Shared=True | Id=9214750
INFO | Candidate: NWB_WBS04 | Scope=instance | Storage=String | ReadOnly=True | Shared=True | Id=9214762
ERROR | Element 13363776 | Category=Air Terminals | Family= | Parameter=NWB_WBS04 | Reason=readonly | Writable sample: AHU_AreaServed, AHU_Serves, AHU_Type, AHU_ZoneNumber, AQ, Building_No, COMPLETE Y/N, Classification.UniFormat.2010.Description, Classification.UniFormat.2010.Number, Comments, Export to IFC, Export to IFC As, Family, Family and Type, Flow, IFC Predefined Type, IfcGUID, Image, Legend Description, Location
INFO | Candidate: NWB_WBS05 | Scope=instance | Storage=String | ReadOnly=True | Shared=True | Id=9214810
ERROR | Element 13363776 | Category=Air Terminals | Family= | Parameter=NWB_WBS05 | Reason=readonly | Writable sample: AHU_AreaServed, AHU_Serves, AHU_Type, AHU_ZoneNumber, AQ, Building_No, COMPLETE Y/N, Classification.UniFormat.2010.Description, Classification.UniFormat.2010.Number, Comments, Export to IFC, Export to IFC As, Family, Family and Type, Flow, IFC Predefined Type, IfcGUID, Image, Legend Description, Location
INFO | Candidate: NWB_WBSCode | Scope=instance | Storage=String | ReadOnly=False | Shared=True | Id=9214774
SOURCE | Element 13363776 | Cat=Air Terminals | Family=MHT-ME-AT - Supply Air Grille | Type= | Level= | System=Supply Air | LinkedRoomLink= | LinkedRoomNumber= | LinkedRoomName= | LinkedRoomDept= | LinkedRoomBuilding= | LinkedRoomSite= | LinkedRoomSource= | ResolvedDept= | ResolvedBuilding= | ResolvedSite= | DisciplineHint=mechanical | AssetCandidates=air terminals, air terminal | WBS00=WBH | WBS01=HO | WBS03=Z00 | DesignPkg=NWB-GEN-ME-SCM-1091-A | BuildingPermitPkg=WBH - BP09
WARN | Element 13363776 | Department unresolved | ExistingNWBDepartment= | ExistingWBS00=WBS | ExistingWBS01=HO | ExistingDiscipline=ME
ELEMENT | 13363776 | Cat=Air Terminals | AssetScore=45 | AssetTypeCode=MSAG | AssetType=Supply Air Grille | AssetCategory=Air Terminal | Targets=NWB_AssetTypeCode=MSAG; NWB_AssetType=Supply Air Grille; NWB_Discipline=ME; NWB_Category=Air Terminal; NWB_Department=; NWB_Material=; NWB_System=Supply Air; NWB_UniclassCode=Pr_70_65_04_03; NWB_UniclassDescription=Air grilles; NWB_DesignPkg=NWB-GEN-ME-SCM-1091-A; NWB_BuildingPermitPkg=WBH - BP09; NWB_WBS00=WBH; NWB_WBS01=HO; NWB_WBS02=09; NWB_WBS03=Z00; NWB_WBS04=ME; NWB_WBS05=SI5; NWB_WBSCode=WBH-HO-09-Z00-ME-SI5
INFO | Candidate: NWB_AssetTypeCode | Scope=instance | Storage=String | ReadOnly=False | Shared=True | Id=7626182
INFO | Candidate: NWB_AssetType | Scope=instance | Storage=String | ReadOnly=False | Shared=True | Id=7626181
INFO | Candidate: NWB_Discipline | Scope=instance | Storage=String | ReadOnly=False | Shared=True | Id=7626159
INFO | Candidate: NWB_Category | Scope=instance | Storage=String | ReadOnly=False | Shared=True | Id=7626160
INFO | Candidate: NWB_Department | Scope=instance | Storage=String | ReadOnly=False | Shared=True | Id=7626168
INFO | Candidate: NWB_System | Scope=instance | Storage=String | ReadOnly=False | Shared=True | Id=7626163
INFO | Candidate: NWB_UniclassCode | Scope=instance | Storage=String | ReadOnly=False | Shared=True | Id=7626165
INFO | Candidate: NWB_UniclassDescription | Scope=instance | Storage=String | ReadOnly=False | Shared=True | Id=7626166
INFO | Candidate: NWB_DesignPkg | Scope=instance | Storage=String | ReadOnly=False | Shared=True | Id=7626167
ERROR | Element 13363779 | Category=Ducts | Family= | Parameter=NWB_BuildingPermitPkg | Reason=missing | Writable sample: AHU, AHU_AreaServed, AHU_Serves, AHU_Type, AHU_ZoneNumber, Additional Flow, Building_No, COMPLETE Y/N, Classification.OmniClass.21.Description_INSTANCE, Classification.OmniClass.21.Number_INSTANCE, Classification.OmniClass.22.Description_INSTANCE, Classification.OmniClass.22.Number_INSTANCE, Classification.OmniClass.23.Description_INSTANCE, Classification.OmniClass.23.Number_INSTANCE, Classification.UniFormat.2010.Description, Classification.UniFormat.2010.Number, Comments, DUCT NUMBER, Description BOM Suffix, Duct Number
INFO | Candidate: NWB_WBS00 | Scope=instance | Storage=String | ReadOnly=False | Shared=True | Id=9214738
INFO | Candidate: NWB_WBS01 | Scope=instance | Storage=String | ReadOnly=False | Shared=True | Id=9214798
INFO | Candidate: NWB_WBS02 | Scope=instance | Storage=String | ReadOnly=False | Shared=True | Id=9214786
INFO | Candidate: NWB_WBS03 | Scope=instance | Storage=String | ReadOnly=False | Shared=True | Id=9214750
INFO | Candidate: NWB_WBS04 | Scope=instance | Storage=String | ReadOnly=False | Shared=True | Id=9214762
INFO | Candidate: NWB_WBS05 | Scope=instance | Storage=String | ReadOnly=False | Shared=True | Id=9214810
INFO | Candidate: NWB_WBSCode | Scope=instance | Storage=String | ReadOnly=False | Shared=True | Id=9214774
SOURCE | Element 13363779 | Cat=Ducts | Family=Rectangular Duct | Type= | Level=LEVEL 09 | System=Supply Air | LinkedRoomLink= | LinkedRoomNumber= | LinkedRoomName= | LinkedRoomDept= | LinkedRoomBuilding= | LinkedRoomSite= | LinkedRoomSource= | ResolvedDept=HDU | ResolvedBuilding= | ResolvedSite= | DisciplineHint=mechanical | AssetCandidates=ducts, ductwork | WBS00=WBH | WBS01=HO | WBS03=HDU | DesignPkg=NWB-GEN-ME-SCM-1091-A | BuildingPermitPkg=WBH - BP09
ELEMENT | 13363779 | Cat=Ducts | AssetScore=45 | AssetTypeCode=MDUC | AssetType=Ductwork | AssetCategory=Ductwork | Targets=NWB_AssetTypeCode=MDUC; NWB_AssetType=Ductwork; NWB_Discipline=ME; NWB_Category=Ductwork; NWB_Department=HDU; NWB_Material=; NWB_System=Supply Air; NWB_UniclassCode=Pr_65_65_25; NWB_UniclassDescription=Ductwork and fittings; NWB_DesignPkg=NWB-GEN-ME-SCM-1091-A; NWB_BuildingPermitPkg=WBH - BP09; NWB_WBS00=WBH; NWB_WBS01=HO; NWB_WBS02=09; NWB_WBS03=HDU; NWB_WBS04=ME; NWB_WBS05=SI5; NWB_WBSCode=WBH-HO-09-HDU-ME-SI5
INFO | Candidate: NWB_AssetTypeCode | Scope=instance | Storage=String | ReadOnly=False | Shared=True | Id=7626182
INFO | Candidate: NWB_AssetType | Scope=instance | Storage=String | ReadOnly=False | Shared=True | Id=7626181
INFO | Candidate: NWB_Discipline | Scope=instance | Storage=String | ReadOnly=False | Shared=True | Id=7626159
INFO | Candidate: NWB_Category | Scope=instance | Storage=String | ReadOnly=False | Shared=True | Id=7626160
INFO | Candidate: NWB_System | Scope=instance | Storage=String | ReadOnly=False | Shared=True | Id=7626163
INFO | Candidate: NWB_UniclassCode | Scope=instance | Storage=String | ReadOnly=False | Shared=True | Id=7626165
INFO | Candidate: NWB_UniclassDescription | Scope=instance | Storage=String | ReadOnly=False | Shared=True | Id=7626166
INFO | Candidate: NWB_DesignPkg | Scope=instance | Storage=String | ReadOnly=False | Shared=True | Id=7626167
ERROR | Element 13363780 | Category=Duct Fittings | Family= | Parameter=NWB_BuildingPermitPkg | Reason=missing | Writable sample: AHU, AHU_AreaServed, AHU_Serves, AHU_Type, AHU_ZoneNumber, Building_No, COMPLETE Y/N, Classification.OmniClass.21.Description_INSTANCE, Classification.OmniClass.21.Number_INSTANCE, Classification.OmniClass.22.Description_INSTANCE, Classification.OmniClass.22.Number_INSTANCE, Classification.OmniClass.23.Description_INSTANCE, Classification.OmniClass.23.Number_INSTANCE, Classification.UniFormat.2010.Description, Classification.UniFormat.2010.Number, Comments, Description BOM Suffix, Duct Height, Duct Width, Ductwork Insulation - Lining
INFO | Candidate: NWB_WBS00 | Scope=instance | Storage=String | ReadOnly=False | Shared=True | Id=9214738
INFO | Candidate: NWB_WBS01 | Scope=instance | Storage=String | ReadOnly=False | Shared=True | Id=9214798
INFO | Candidate: NWB_WBS02 | Scope=instance | Storage=String | ReadOnly=False | Shared=True | Id=9214786
INFO | Candidate: NWB_WBS03 | Scope=instance | Storage=String | ReadOnly=False | Shared=True | Id=9214750
INFO | Candidate: NWB_WBS04 | Scope=instance | Storage=String | ReadOnly=False | Shared=True | Id=9214762
INFO | Candidate: NWB_WBS05 | Scope=instance | Storage=String | ReadOnly=False | Shared=True | Id=9214810
INFO | Candidate: NWB_WBSCode | Scope=instance | Storage=String | ReadOnly=False | Shared=True | Id=9214774
SOURCE | Element 13363780 | Cat=Duct Fittings | Family=MHT_Rectangular Elbow - Mitered - Single Thickness Vanes | Type= | Level=LEVEL 09 | System=Supply Air | LinkedRoomLink= | LinkedRoomNumber= | LinkedRoomName= | LinkedRoomDept= | LinkedRoomBuilding= | LinkedRoomSite= | LinkedRoomSource= | ResolvedDept= | ResolvedBuilding= | ResolvedSite= | DisciplineHint=mechanical | AssetCandidates=duct fittings, ductwork | WBS00=WBH | WBS01=HO | WBS03=Z00 | DesignPkg=NWB-GEN-ME-SCM-1091-A | BuildingPermitPkg=WBH - BP09
WARN | Element 13363780 | Department unresolved | ExistingNWBDepartment= | ExistingWBS00=WBH | ExistingWBS01=HO | ExistingDiscipline=ME
ELEMENT | 13363780 | Cat=Duct Fittings | AssetScore=45 | AssetTypeCode=MDUC | AssetType=Ductwork | AssetCategory=Ductwork | Targets=NWB_AssetTypeCode=MDUC; NWB_AssetType=Ductwork; NWB_Discipline=ME; NWB_Category=Ductwork; NWB_Department=; NWB_Material=; NWB_System=Supply Air; NWB_UniclassCode=Pr_65_65_25; NWB_UniclassDescription=Ductwork and fittings; NWB_DesignPkg=NWB-GEN-ME-SCM-1091-A; NWB_BuildingPermitPkg=WBH - BP09; NWB_WBS00=WBH; NWB_WBS01=HO; NWB_WBS02=09; NWB_WBS03=Z00; NWB_WBS04=ME; NWB_WBS05=SI5; NWB_WBSCode=WBH-HO-09-Z00-ME-SI5
INFO | Candidate: NWB_AssetTypeCode | Scope=instance | Storage=String | ReadOnly=False | Shared=True | Id=7626182
INFO | Candidate: NWB_AssetType | Scope=instance | Storage=String | ReadOnly=False | Shared=True | Id=7626181
INFO | Candidate: NWB_Discipline | Scope=instance | Storage=String | ReadOnly=False | Shared=True | Id=7626159
INFO | Candidate: NWB_Category | Scope=instance | Storage=String | ReadOnly=False | Shared=True | Id=7626160
INFO | Candidate: NWB_Department | Scope=instance | Storage=String | ReadOnly=False | Shared=True | Id=7626168
INFO | Candidate: NWB_System | Scope=instance | Storage=String | ReadOnly=False | Shared=True | Id=7626163
INFO | Candidate: NWB_UniclassCode | Scope=instance | Storage=String | ReadOnly=False | Shared=True | Id=7626165
INFO | Candidate: NWB_UniclassDescription | Scope=instance | Storage=String | ReadOnly=False | Shared=True | Id=7626166
INFO | Candidate: NWB_DesignPkg | Scope=instance | Storage=String | ReadOnly=False | Shared=True | Id=7626167
ERROR | Element 13363786 | Category=Ducts | Family= | Parameter=NWB_BuildingPermitPkg | Reason=missing | Writable sample: AHU, AHU_AreaServed, AHU_Serves, AHU_Type, AHU_ZoneNumber, Additional Flow, Building_No, COMPLETE Y/N, Classification.OmniClass.21.Description_INSTANCE, Classification.OmniClass.21.Number_INSTANCE, Classification.OmniClass.22.Description_INSTANCE, Classification.OmniClass.22.Number_INSTANCE, Classification.OmniClass.23.Description_INSTANCE, Classification.OmniClass.23.Number_INSTANCE, Classification.UniFormat.2010.Description, Classification.UniFormat.2010.Number, Comments, DUCT NUMBER, Description BOM Suffix, Duct Number
INFO | Candidate: NWB_WBS00 | Scope=instance | Storage=String | ReadOnly=False | Shared=True | Id=9214738
INFO | Candidate: NWB_WBS01 | Scope=instance | Storage=String | ReadOnly=False | Shared=True | Id=9214798
INFO | Candidate: NWB_WBS02 | Scope=instance | Storage=String | ReadOnly=False | Shared=True | Id=9214786
INFO | Candidate: NWB_WBS03 | Scope=instance | Storage=String | ReadOnly=False | Shared=True | Id=9214750
INFO | Candidate: NWB_WBS04 | Scope=instance | Storage=String | ReadOnly=False | Shared=True | Id=9214762
INFO | Candidate: NWB_WBS05 | Scope=instance | Storage=String | ReadOnly=False | Shared=True | Id=9214810
INFO | Candidate: NWB_WBSCode | Scope=instance | Storage=String | ReadOnly=False | Shared=True | Id=9214774
SOURCE | Element 13363786 | Cat=Ducts | Family=Rectangular Duct | Type= | Level=LEVEL 09 | System=Supply Air | LinkedRoomLink=NWB-ACD-WBH-MH-MOD-0001 | LinkedRoomNumber=HDU.09.073 | LinkedRoomName=1 Bed Room, Intensive Care | LinkedRoomDept=High Dependency Unit | LinkedRoomBuilding= | LinkedRoomSite= | LinkedRoomSource=self | ResolvedDept=High Dependency Unit | ResolvedBuilding= | ResolvedSite= | DisciplineHint=mechanical | AssetCandidates=ducts, ductwork | WBS00=WBH | WBS01=HO | WBS03=HDU | DesignPkg=NWB-GEN-ME-SCM-1091-A | BuildingPermitPkg=WBH - BP09
ELEMENT | 13363786 | Cat=Ducts | AssetScore=45 | AssetTypeCode=MDUC | AssetType=Ductwork | AssetCategory=Ductwork | Targets=NWB_AssetTypeCode=MDUC; NWB_AssetType=Ductwork; NWB_Discipline=ME; NWB_Category=Ductwork; NWB_Department=High Dependency Unit; NWB_Material=; NWB_System=Supply Air; NWB_UniclassCode=Pr_65_65_25; NWB_UniclassDescription=Ductwork and fittings; NWB_DesignPkg=NWB-GEN-ME-SCM-1091-A; NWB_BuildingPermitPkg=WBH - BP09; NWB_WBS00=WBH; NWB_WBS01=HO; NWB_WBS02=09; NWB_WBS03=HDU; NWB_WBS04=ME; NWB_WBS05=SI5; NWB_WBSCode=WBH-HO-09-HDU-ME-SI5
INFO | Candidate: NWB_AssetTypeCode | Scope=instance | Storage=String | ReadOnly=False | Shared=True | Id=7626182
INFO | Candidate: NWB_AssetType | Scope=instance | Storage=String | ReadOnly=False | Shared=True | Id=7626181
INFO | Candidate: NWB_Discipline | Scope=instance | Storage=String | ReadOnly=False | Shared=True | Id=7626159
INFO | Candidate: NWB_Category | Scope=instance | Storage=String | ReadOnly=False | Shared=True | Id=7626160
INFO | Candidate: NWB_Department | Scope=instance | Storage=String | ReadOnly=False | Shared=True | Id=7626168
INFO | Candidate: NWB_System | Scope=instance | Storage=String | ReadOnly=False | Shared=True | Id=7626163
INFO | Candidate: NWB_UniclassCode | Scope=instance | Storage=String | ReadOnly=False | Shared=True | Id=7626165
INFO | Candidate: NWB_UniclassDescription | Scope=instance | Storage=String | ReadOnly=False | Shared=True | Id=7626166
INFO | Candidate: NWB_DesignPkg | Scope=instance | Storage=String | ReadOnly=False | Shared=True | Id=7626167
ERROR | Element 13363789 | Category=Ducts | Family= | Parameter=NWB_BuildingPermitPkg | Reason=missing | Writable sample: AHU, AHU_AreaServed, AHU_Serves, AHU_Type, AHU_ZoneNumber, Additional Flow, Building_No, COMPLETE Y/N, Classification.OmniClass.21.Description_INSTANCE, Classification.OmniClass.21.Number_INSTANCE, Classification.OmniClass.22.Description_INSTANCE, Classification.OmniClass.22.Number_INSTANCE, Classification.OmniClass.23.Description_INSTANCE, Classification.OmniClass.23.Number_INSTANCE, Classification.UniFormat.2010.Description, Classification.UniFormat.2010.Number, Comments, DUCT NUMBER, Description BOM Suffix, Duct Number
INFO | Candidate: NWB_WBS00 | Scope=instance | Storage=String | ReadOnly=False | Shared=True | Id=9214738
INFO | Candidate: NWB_WBS01 | Scope=instance | Storage=String | ReadOnly=False | Shared=True | Id=9214798
INFO | Candidate: NWB_WBS02 | Scope=instance | Storage=String | ReadOnly=False | Shared=True | Id=9214786
INFO | Candidate: NWB_WBS03 | Scope=instance | Storage=String | ReadOnly=False | Shared=True | Id=9214750
INFO | Candidate: NWB_WBS04 | Scope=instance | Storage=String | ReadOnly=False | Shared=True | Id=9214762
INFO | Candidate: NWB_WBS05 | Scope=instance | Storage=String | ReadOnly=False | Shared=True | Id=9214810
INFO | Candidate: NWB_WBSCode | Scope=instance | Storage=String | ReadOnly=False | Shared=True | Id=9214774
SOURCE | Element 13363789 | Cat=Ducts | Family=Rectangular Duct | Type= | Level=LEVEL 09 | System=Supply Air | LinkedRoomLink=NWB-ARC-WBH-AR-MOD-0036 | LinkedRoomNumber=HDU.09.079 | LinkedRoomName=Ensuite, Special | LinkedRoomDept=HDU | LinkedRoomBuilding= | LinkedRoomSite= | LinkedRoomSource=self | ResolvedDept=HDU | ResolvedBuilding= | ResolvedSite= | DisciplineHint=mechanical | AssetCandidates=ducts, ductwork | WBS00=WBH | WBS01=HO | WBS03=HDU | DesignPkg=NWB-GEN-ME-SCM-1091-A | BuildingPermitPkg=WBH - BP09
ELEMENT | 13363789 | Cat=Ducts | AssetScore=45 | AssetTypeCode=MDUC | AssetType=Ductwork | AssetCategory=Ductwork | Targets=NWB_AssetTypeCode=MDUC; NWB_AssetType=Ductwork; NWB_Discipline=ME; NWB_Category=Ductwork; NWB_Department=HDU; NWB_Material=; NWB_System=Supply Air; NWB_UniclassCode=Pr_65_65_25; NWB_UniclassDescription=Ductwork and fittings; NWB_DesignPkg=NWB-GEN-ME-SCM-1091-A; NWB_BuildingPermitPkg=WBH - BP09; NWB_WBS00=WBH; NWB_WBS01=HO; NWB_WBS02=09; NWB_WBS03=HDU; NWB_WBS04=ME; NWB_WBS05=SI5; NWB_WBSCode=WBH-HO-09-HDU-ME-SI5
INFO | Candidate: NWB_AssetTypeCode | Scope=instance | Storage=String | ReadOnly=False | Shared=True | Id=7626182
INFO | Candidate: NWB_AssetType | Scope=instance | Storage=String | ReadOnly=False | Shared=True | Id=7626181
INFO | Candidate: NWB_Discipline | Scope=instance | Storage=String | ReadOnly=False | Shared=True | Id=7626159
INFO | Candidate: NWB_Category | Scope=instance | Storage=String | ReadOnly=False | Shared=True | Id=7626160
INFO | Candidate: NWB_Department | Scope=instance | Storage=String | ReadOnly=False | Shared=True | Id=7626168
INFO | Candidate: NWB_System | Scope=instance | Storage=String | ReadOnly=False | Shared=True | Id=7626163
INFO | Candidate: NWB_UniclassCode | Scope=instance | Storage=String | ReadOnly=False | Shared=True | Id=7626165
INFO | Candidate: NWB_UniclassDescription | Scope=instance | Storage=String | ReadOnly=False | Shared=True | Id=7626166
INFO | Candidate: NWB_DesignPkg | Scope=instance | Storage=String | ReadOnly=False | Shared=True | Id=7626167
ERROR | Element 13363793 | Category=Ducts | Family= | Parameter=NWB_BuildingPermitPkg | Reason=missing | Writable sample: AHU, AHU_AreaServed, AHU_Serves, AHU_Type, AHU_ZoneNumber, Additional Flow, Building_No, COMPLETE Y/N, Classification.OmniClass.21.Description_INSTANCE, Classification.OmniClass.21.Number_INSTANCE, Classification.OmniClass.22.Description_INSTANCE, Classification.OmniClass.22.Number_INSTANCE, Classification.OmniClass.23.Description_INSTANCE, Classification.OmniClass.23.Number_INSTANCE, Classification.UniFormat.2010.Description, Classification.UniFormat.2010.Number, Comments, DUCT NUMBER, Description BOM Suffix, Duct Number
INFO | Candidate: NWB_WBS00 | Scope=instance | Storage=String | ReadOnly=False | Shared=True | Id=9214738
INFO | Candidate: NWB_WBS01 | Scope=instance | Storage=String | ReadOnly=False | Shared=True | Id=9214798
INFO | Candidate: NWB_WBS02 | Scope=instance | Storage=String | ReadOnly=False | Shared=True | Id=9214786
INFO | Candidate: NWB_WBS03 | Scope=instance | Storage=String | ReadOnly=False | Shared=True | Id=9214750
INFO | Candidate: NWB_WBS04 | Scope=instance | Storage=String | ReadOnly=False | Shared=True | Id=9214762
INFO | Candidate: NWB_WBS05 | Scope=instance | Storage=String | ReadOnly=False | Shared=True | Id=9214810
INFO | Candidate: NWB_WBSCode | Scope=instance | Storage=String | ReadOnly=False | Shared=True | Id=9214774
SOURCE | Element 13363793 | Cat=Ducts | Family=Rectangular Duct | Type= | Level=LEVEL 09 | System=Supply Air | LinkedRoomLink= | LinkedRoomNumber= | LinkedRoomName= | LinkedRoomDept= | LinkedRoomBuilding= | LinkedRoomSite= | LinkedRoomSource= | ResolvedDept=HDU | ResolvedBuilding= | ResolvedSite= | DisciplineHint=mechanical | AssetCandidates=ducts, ductwork | WBS00=WBH | WBS01=HO | WBS03=HDU | DesignPkg=NWB-GEN-ME-SCM-1091-A | BuildingPermitPkg=WBH - BP09
ELEMENT | 13363793 | Cat=Ducts | AssetScore=45 | AssetTypeCode=MDUC | AssetType=Ductwork | AssetCategory=Ductwork | Targets=NWB_AssetTypeCode=MDUC; NWB_AssetType=Ductwork; NWB_Discipline=ME; NWB_Category=Ductwork; NWB_Department=HDU; NWB_Material=; NWB_System=Supply Air; NWB_UniclassCode=Pr_65_65_25; NWB_UniclassDescription=Ductwork and fittings; NWB_DesignPkg=NWB-GEN-ME-SCM-1091-A; NWB_BuildingPermitPkg=WBH - BP09; NWB_WBS00=WBH; NWB_WBS01=HO; NWB_WBS02=09; NWB_WBS03=HDU; NWB_WBS04=ME; NWB_WBS05=SI5; NWB_WBSCode=WBH-HO-09-HDU-ME-SI5
INFO | Candidate: NWB_AssetTypeCode | Scope=instance | Storage=String | ReadOnly=False | Shared=True | Id=7626182
INFO | Candidate: NWB_AssetType | Scope=instance | Storage=String | ReadOnly=False | Shared=True | Id=7626181
INFO | Candidate: NWB_Discipline | Scope=instance | Storage=String | ReadOnly=False | Shared=True | Id=7626159
INFO | Candidate: NWB_Category | Scope=instance | Storage=String | ReadOnly=False | Shared=True | Id=7626160
INFO | Candidate: NWB_Department | Scope=instance | Storage=String | ReadOnly=False | Shared=True | Id=7626168
INFO | Writing INSTANCE parameter 'NWB_Department' on element 13363794
INFO | Element 13363794 | NWB_Department | Kind=Shared Parameter | Scope=instance | Storage=String | Old='' | New='HDU'
INFO | Candidate: NWB_System | Scope=instance | Storage=String | ReadOnly=False | Shared=True | Id=7626163
INFO | Candidate: NWB_UniclassCode | Scope=instance | Storage=String | ReadOnly=False | Shared=True | Id=7626165
INFO | Candidate: NWB_UniclassDescription | Scope=instance | Storage=String | ReadOnly=False | Shared=True | Id=7626166
INFO | Candidate: NWB_DesignPkg | Scope=instance | Storage=String | ReadOnly=False | Shared=True | Id=7626167
ERROR | Element 13363794 | Category=Duct Fittings | Family= | Parameter=NWB_BuildingPermitPkg | Reason=missing | Writable sample: AHU, AHU_AreaServed, AHU_Serves, AHU_Type, AHU_ZoneNumber, Building_No, COMPLETE Y/N, Classification.OmniClass.21.Description_INSTANCE, Classification.OmniClass.21.Number_INSTANCE, Classification.OmniClass.22.Description_INSTANCE, Classification.OmniClass.22.Number_INSTANCE, Classification.OmniClass.23.Description_INSTANCE, Classification.OmniClass.23.Number_INSTANCE, Classification.UniFormat.2010.Description, Classification.UniFormat.2010.Number, Comments, Description BOM Suffix, Duct Height, Duct Width, Ductwork Insulation - Lining
INFO | Candidate: NWB_WBS00 | Scope=instance | Storage=String | ReadOnly=False | Shared=True | Id=9214738
INFO | Candidate: NWB_WBS01 | Scope=instance | Storage=String | ReadOnly=False | Shared=True | Id=9214798
INFO | Candidate: NWB_WBS02 | Scope=instance | Storage=String | ReadOnly=False | Shared=True | Id=9214786
INFO | Candidate: NWB_WBS03 | Scope=instance | Storage=String | ReadOnly=False | Shared=True | Id=9214750
INFO | Writing INSTANCE parameter 'NWB_WBS03' on element 13363794
INFO | Element 13363794 | NWB_WBS03 | Kind=Shared Parameter | Scope=instance | Storage=String | Old='Z00' | New='HDU'
INFO | Candidate: NWB_WBS04 | Scope=instance | Storage=String | ReadOnly=False | Shared=True | Id=9214762
INFO | Candidate: NWB_WBS05 | Scope=instance | Storage=String | ReadOnly=False | Shared=True | Id=9214810
INFO | Candidate: NWB_WBSCode | Scope=instance | Storage=String | ReadOnly=False | Shared=True | Id=9214774
INFO | Writing INSTANCE parameter 'NWB_WBSCode' on element 13363794
INFO | Element 13363794 | NWB_WBSCode | Kind=Shared Parameter | Scope=instance | Storage=String | Old='WBH-HO-09-Z00-ME-SI5' | New='WBH-HO-09-HDU-ME-SI5'
SOURCE | Element 13363794 | Cat=Duct Fittings | Family=MHT_Rectangular Elbow - Mitered - Single Thickness Vanes | Type= | Level=LEVEL 09 | System=Supply Air | LinkedRoomLink=NWB-ARC-WBH-AR-MOD-0036 | LinkedRoomNumber=HDU.09.079 | LinkedRoomName=Ensuite, Special | LinkedRoomDept=HDU | LinkedRoomBuilding= | LinkedRoomSite= | LinkedRoomSource=connected:13363789:Ducts | ResolvedDept=HDU | ResolvedBuilding= | ResolvedSite= | DisciplineHint=mechanical | AssetCandidates=duct fittings, ductwork | WBS00=WBH | WBS01=HO | WBS03=HDU | DesignPkg=NWB-GEN-ME-SCM-1091-A | BuildingPermitPkg=WBH - BP09
ELEMENT | 13363794 | Cat=Duct Fittings | AssetScore=45 | AssetTypeCode=MDUC | AssetType=Ductwork | AssetCategory=Ductwork | Targets=NWB_AssetTypeCode=MDUC; NWB_AssetType=Ductwork; NWB_Discipline=ME; NWB_Category=Ductwork; NWB_Department=HDU; NWB_Material=; NWB_System=Supply Air; NWB_UniclassCode=Pr_65_65_25; NWB_UniclassDescription=Ductwork and fittings; NWB_DesignPkg=NWB-GEN-ME-SCM-1091-A; NWB_BuildingPermitPkg=WBH - BP09; NWB_WBS00=WBH; NWB_WBS01=HO; NWB_WBS02=09; NWB_WBS03=HDU; NWB_WBS04=ME; NWB_WBS05=SI5; NWB_WBSCode=WBH-HO-09-HDU-ME-SI5
INFO | Candidate: NWB_AssetTypeCode | Scope=instance | Storage=String | ReadOnly=False | Shared=True | Id=7626182
INFO | Candidate: NWB_AssetType | Scope=instance | Storage=String | ReadOnly=False | Shared=True | Id=7626181
INFO | Candidate: NWB_Discipline | Scope=instance | Storage=String | ReadOnly=False | Shared=True | Id=7626159
INFO | Candidate: NWB_Category | Scope=instance | Storage=String | ReadOnly=False | Shared=True | Id=7626160
INFO | Candidate: NWB_Department | Scope=instance | Storage=String | ReadOnly=False | Shared=True | Id=7626168
INFO | Candidate: NWB_System | Scope=instance | Storage=String | ReadOnly=False | Shared=True | Id=7626163
INFO | Candidate: NWB_UniclassCode | Scope=instance | Storage=String | ReadOnly=False | Shared=True | Id=7626165
INFO | Candidate: NWB_UniclassDescription | Scope=instance | Storage=String | ReadOnly=False | Shared=True | Id=7626166
INFO | Candidate: NWB_DesignPkg | Scope=instance | Storage=String | ReadOnly=False | Shared=True | Id=7626167
ERROR | Element 13363796 | Category=Duct Fittings | Family= | Parameter=NWB_BuildingPermitPkg | Reason=missing | Writable sample: AHU, AHU_AreaServed, AHU_Serves, AHU_Type, AHU_ZoneNumber, Building_No, COMPLETE Y/N, Classification.OmniClass.21.Description_INSTANCE, Classification.OmniClass.21.Number_INSTANCE, Classification.OmniClass.22.Description_INSTANCE, Classification.OmniClass.22.Number_INSTANCE, Classification.OmniClass.23.Description_INSTANCE, Classification.OmniClass.23.Number_INSTANCE, Classification.UniFormat.2010.Description, Classification.UniFormat.2010.Number, Comments, Description BOM Suffix, Duct Height, Duct Width, Ductwork Insulation - Lining
INFO | Candidate: NWB_WBS00 | Scope=instance | Storage=String | ReadOnly=False | Shared=True | Id=9214738
INFO | Candidate: NWB_WBS01 | Scope=instance | Storage=String | ReadOnly=False | Shared=True | Id=9214798
INFO | Candidate: NWB_WBS02 | Scope=instance | Storage=String | ReadOnly=False | Shared=True | Id=9214786
INFO | Candidate: NWB_WBS03 | Scope=instance | Storage=String | ReadOnly=False | Shared=True | Id=9214750
INFO | Candidate: NWB_WBS04 | Scope=instance | Storage=String | ReadOnly=False | Shared=True | Id=9214762
INFO | Candidate: NWB_WBS05 | Scope=instance | Storage=String | ReadOnly=False | Shared=True | Id=9214810
INFO | Candidate: NWB_WBSCode | Scope=instance | Storage=String | ReadOnly=False | Shared=True | Id=9214774
SOURCE | Element 13363796 | Cat=Duct Fittings | Family=MHT_Rectangular Elbow - Mitered - Single Thickness Vanes | Type= | Level=LEVEL 09 | System=Supply Air | LinkedRoomLink=NWB-ACD-WBH-MH-MOD-0001 | LinkedRoomNumber=HDU.09.073 | LinkedRoomName=1 Bed Room, Intensive Care | LinkedRoomDept=High Dependency Unit | LinkedRoomBuilding= | LinkedRoomSite= | LinkedRoomSource=connected:13363786:Ducts | ResolvedDept=High Dependency Unit | ResolvedBuilding= | ResolvedSite= | DisciplineHint=mechanical | AssetCandidates=duct fittings, ductwork | WBS00=WBH | WBS01=HO | WBS03=HDU | DesignPkg=NWB-GEN-ME-SCM-1091-A | BuildingPermitPkg=WBH - BP09
ELEMENT | 13363796 | Cat=Duct Fittings | AssetScore=45 | AssetTypeCode=MDUC | AssetType=Ductwork | AssetCategory=Ductwork | Targets=NWB_AssetTypeCode=MDUC; NWB_AssetType=Ductwork; NWB_Discipline=ME; NWB_Category=Ductwork; NWB_Department=High Dependency Unit; NWB_Material=; NWB_System=Supply Air; NWB_UniclassCode=Pr_65_65_25; NWB_UniclassDescription=Ductwork and fittings; NWB_DesignPkg=NWB-GEN-ME-SCM-1091-A; NWB_BuildingPermitPkg=WBH - BP09; NWB_WBS00=WBH; NWB_WBS01=HO; NWB_WBS02=09; NWB_WBS03=HDU; NWB_WBS04=ME; NWB_WBS05=SI5; NWB_WBSCode=WBH-HO-09-HDU-ME-SI5
INFO | Candidate: NWB_AssetTypeCode | Scope=instance | Storage=String | ReadOnly=False | Shared=True | Id=7626182
INFO | Candidate: NWB_AssetType | Scope=instance | Storage=String | ReadOnly=False | Shared=True | Id=7626181
INFO | Candidate: NWB_Discipline | Scope=instance | Storage=String | ReadOnly=False | Shared=True | Id=7626159
INFO | Candidate: NWB_Category | Scope=instance | Storage=String | ReadOnly=False | Shared=True | Id=7626160
INFO | Candidate: NWB_Department | Scope=instance | Storage=String | ReadOnly=False | Shared=True | Id=7626168
INFO | Writing INSTANCE parameter 'NWB_Department' on element 13363839
INFO | Element 13363839 | NWB_Department | Kind=Shared Parameter | Scope=instance | Storage=String | Old='HDU' | New='High Dependency Unit'
INFO | Candidate: NWB_System | Scope=instance | Storage=String | ReadOnly=False | Shared=True | Id=7626163
INFO | Candidate: NWB_UniclassCode | Scope=instance | Storage=String | ReadOnly=False | Shared=True | Id=7626165
INFO | Candidate: NWB_UniclassDescription | Scope=instance | Storage=String | ReadOnly=False | Shared=True | Id=7626166
INFO | Candidate: NWB_DesignPkg | Scope=instance | Storage=String | ReadOnly=False | Shared=True | Id=7626167
ERROR | Element 13363839 | Category=Ducts | Family= | Parameter=NWB_BuildingPermitPkg | Reason=missing | Writable sample: AHU, AHU_AreaServed, AHU_Serves, AHU_Type, AHU_ZoneNumber, Additional Flow, Building_No, COMPLETE Y/N, Classification.OmniClass.21.Description_INSTANCE, Classification.OmniClass.21.Number_INSTANCE, Classification.OmniClass.22.Description_INSTANCE, Classification.OmniClass.22.Number_INSTANCE, Classification.OmniClass.23.Description_INSTANCE, Classification.OmniClass.23.Number_INSTANCE, Classification.UniFormat.2010.Description, Classification.UniFormat.2010.Number, Comments, DUCT NUMBER, Description BOM Suffix, Duct Number
INFO | Candidate: NWB_WBS00 | Scope=instance | Storage=String | ReadOnly=False | Shared=True | Id=9214738
INFO | Candidate: NWB_WBS01 | Scope=instance | Storage=String | ReadOnly=False | Shared=True | Id=9214798
INFO | Candidate: NWB_WBS02 | Scope=instance | Storage=String | ReadOnly=False | Shared=True | Id=9214786
INFO | Candidate: NWB_WBS03 | Scope=instance | Storage=String | ReadOnly=False | Shared=True | Id=9214750
INFO | Candidate: NWB_WBS04 | Scope=instance | Storage=String | ReadOnly=False | Shared=True | Id=9214762
INFO | Candidate: NWB_WBS05 | Scope=instance | Storage=String | ReadOnly=False | Shared=True | Id=9214810
INFO | Candidate: NWB_WBSCode | Scope=instance | Storage=String | ReadOnly=False | Shared=True | Id=9214774
SOURCE | Element 13363839 | Cat=Ducts | Family=Rectangular Duct | Type= | Level=LEVEL 09 | System=Supply Air | LinkedRoomLink=NWB-ACD-WBH-MH-MOD-0001 | LinkedRoomNumber=HDU.09.104 | LinkedRoomName=Store - General | LinkedRoomDept=High Dependency Unit | LinkedRoomBuilding= | LinkedRoomSite= | LinkedRoomSource=connected:13363840:Air Terminals | ResolvedDept=High Dependency Unit | ResolvedBuilding= | ResolvedSite= | DisciplineHint=mechanical | AssetCandidates=ducts, ductwork | WBS00=WBH | WBS01=HO | WBS03=HDU | DesignPkg=NWB-GEN-ME-SCM-1091-A | BuildingPermitPkg=WBH - BP09
ELEMENT | 13363839 | Cat=Ducts | AssetScore=45 | AssetTypeCode=MDUC | AssetType=Ductwork | AssetCategory=Ductwork | Targets=NWB_AssetTypeCode=MDUC; NWB_AssetType=Ductwork; NWB_Discipline=ME; NWB_Category=Ductwork; NWB_Department=High Dependency Unit; NWB_Material=; NWB_System=Supply Air; NWB_UniclassCode=Pr_65_65_25; NWB_UniclassDescription=Ductwork and fittings; NWB_DesignPkg=NWB-GEN-ME-SCM-1091-A; NWB_BuildingPermitPkg=WBH - BP09; NWB_WBS00=WBH; NWB_WBS01=HO; NWB_WBS02=09; NWB_WBS03=HDU; NWB_WBS04=ME; NWB_WBS05=SI5; NWB_WBSCode=WBH-HO-09-HDU-ME-SI5
INFO | Candidate: NWB_AssetTypeCode | Scope=instance | Storage=String | ReadOnly=False | Shared=True | Id=7626182
INFO | Candidate: NWB_AssetType | Scope=instance | Storage=String | ReadOnly=False | Shared=True | Id=7626181
INFO | Candidate: NWB_Discipline | Scope=instance | Storage=String | ReadOnly=False | Shared=True | Id=7626159
INFO | Candidate: NWB_Category | Scope=instance | Storage=String | ReadOnly=False | Shared=True | Id=7626160
INFO | Candidate: NWB_Department | Scope=instance | Storage=String | ReadOnly=False | Shared=True | Id=7626168
INFO | Candidate: NWB_System | Scope=instance | Storage=String | ReadOnly=False | Shared=True | Id=7626163
INFO | Candidate: NWB_UniclassCode | Scope=instance | Storage=String | ReadOnly=False | Shared=True | Id=7626165
INFO | Candidate: NWB_UniclassDescription | Scope=instance | Storage=String | ReadOnly=False | Shared=True | Id=7626166
INFO | Candidate: NWB_DesignPkg | Scope=instance | Storage=String | ReadOnly=False | Shared=True | Id=7626167
ERROR | Element 13363840 | Category=Air Terminals | Family= | Parameter=NWB_BuildingPermitPkg | Reason=missing | Writable sample: AHU_AreaServed, AHU_Serves, AHU_Type, AHU_ZoneNumber, AQ, Building_No, COMPLETE Y/N, Classification.UniFormat.2010.Description, Classification.UniFormat.2010.Number, Comments, Export to IFC, Export to IFC As, Family, Family and Type, Flow, IFC Predefined Type, IfcGUID, Image, Legend Description, Location
INFO | Candidate: NWB_WBS00 | Scope=instance | Storage=String | ReadOnly=True | Shared=True | Id=9214738
ERROR | Element 13363840 | Category=Air Terminals | Family= | Parameter=NWB_WBS00 | Reason=readonly | Writable sample: AHU_AreaServed, AHU_Serves, AHU_Type, AHU_ZoneNumber, AQ, Building_No, COMPLETE Y/N, Classification.UniFormat.2010.Description, Classification.UniFormat.2010.Number, Comments, Export to IFC, Export to IFC As, Family, Family and Type, Flow, IFC Predefined Type, IfcGUID, Image, Legend Description, Location
INFO | Candidate: NWB_WBS01 | Scope=instance | Storage=String | ReadOnly=True | Shared=True | Id=9214798
ERROR | Element 13363840 | Category=Air Terminals | Family= | Parameter=NWB_WBS01 | Reason=readonly | Writable sample: AHU_AreaServed, AHU_Serves, AHU_Type, AHU_ZoneNumber, AQ, Building_No, COMPLETE Y/N, Classification.UniFormat.2010.Description, Classification.UniFormat.2010.Number, Comments, Export to IFC, Export to IFC As, Family, Family and Type, Flow, IFC Predefined Type, IfcGUID, Image, Legend Description, Location
INFO | Candidate: NWB_WBS02 | Scope=instance | Storage=String | ReadOnly=False | Shared=True | Id=9214786
INFO | Candidate: NWB_WBS03 | Scope=instance | Storage=String | ReadOnly=False | Shared=True | Id=9214750
INFO | Candidate: NWB_WBS04 | Scope=instance | Storage=String | ReadOnly=True | Shared=True | Id=9214762
ERROR | Element 13363840 | Category=Air Terminals | Family= | Parameter=NWB_WBS04 | Reason=readonly | Writable sample: AHU_AreaServed, AHU_Serves, AHU_Type, AHU_ZoneNumber, AQ, Building_No, COMPLETE Y/N, Classification.UniFormat.2010.Description, Classification.UniFormat.2010.Number, Comments, Export to IFC, Export to IFC As, Family, Family and Type, Flow, IFC Predefined Type, IfcGUID, Image, Legend Description, Location
INFO | Candidate: NWB_WBS05 | Scope=instance | Storage=String | ReadOnly=True | Shared=True | Id=9214810
ERROR | Element 13363840 | Category=Air Terminals | Family= | Parameter=NWB_WBS05 | Reason=readonly | Writable sample: AHU_AreaServed, AHU_Serves, AHU_Type, AHU_ZoneNumber, AQ, Building_No, COMPLETE Y/N, Classification.UniFormat.2010.Description, Classification.UniFormat.2010.Number, Comments, Export to IFC, Export to IFC As, Family, Family and Type, Flow, IFC Predefined Type, IfcGUID, Image, Legend Description, Location
INFO | Candidate: NWB_WBSCode | Scope=instance | Storage=String | ReadOnly=False | Shared=True | Id=9214774
SOURCE | Element 13363840 | Cat=Air Terminals | Family=MHT-ME-AT - Supply Air Grille | Type= | Level= | System=Supply Air | LinkedRoomLink=NWB-ACD-WBH-MH-MOD-0001 | LinkedRoomNumber=HDU.09.104 | LinkedRoomName=Store - General | LinkedRoomDept=High Dependency Unit | LinkedRoomBuilding= | LinkedRoomSite= | LinkedRoomSource=self | ResolvedDept=High Dependency Unit | ResolvedBuilding= | ResolvedSite= | DisciplineHint=mechanical | AssetCandidates=air terminals, air terminal | WBS00=WBH | WBS01=HO | WBS03=HDU | DesignPkg=NWB-GEN-ME-SCM-1091-A | BuildingPermitPkg=WBH - BP09
ELEMENT | 13363840 | Cat=Air Terminals | AssetScore=45 | AssetTypeCode=MSAG | AssetType=Supply Air Grille | AssetCategory=Air Terminal | Targets=NWB_AssetTypeCode=MSAG; NWB_AssetType=Supply Air Grille; NWB_Discipline=ME; NWB_Category=Air Terminal; NWB_Department=High Dependency Unit; NWB_Material=; NWB_System=Supply Air; NWB_UniclassCode=Pr_70_65_04_03; NWB_UniclassDescription=Air grilles; NWB_DesignPkg=NWB-GEN-ME-SCM-1091-A; NWB_BuildingPermitPkg=WBH - BP09; NWB_WBS00=WBH; NWB_WBS01=HO; NWB_WBS02=09; NWB_WBS03=HDU; NWB_WBS04=ME; NWB_WBS05=SI5; NWB_WBSCode=WBH-HO-09-HDU-ME-SI5
INFO | Candidate: NWB_AssetTypeCode | Scope=instance | Storage=String | ReadOnly=False | Shared=True | Id=7626182
INFO | Candidate: NWB_AssetType | Scope=instance | Storage=String | ReadOnly=False | Shared=True | Id=7626181
INFO | Candidate: NWB_Discipline | Scope=instance | Storage=String | ReadOnly=False | Shared=True | Id=7626159
INFO | Candidate: NWB_Category | Scope=instance | Storage=String | ReadOnly=False | Shared=True | Id=7626160
INFO | Candidate: NWB_Department | Scope=instance | Storage=String | ReadOnly=False | Shared=True | Id=7626168
INFO | Writing INSTANCE parameter 'NWB_Department' on element 13363842
INFO | Element 13363842 | NWB_Department | Kind=Shared Parameter | Scope=instance | Storage=String | Old='HDU' | New='High Dependency Unit'
INFO | Candidate: NWB_System | Scope=instance | Storage=String | ReadOnly=False | Shared=True | Id=7626163
INFO | Candidate: NWB_UniclassCode | Scope=instance | Storage=String | ReadOnly=False | Shared=True | Id=7626165
INFO | Candidate: NWB_UniclassDescription | Scope=instance | Storage=String | ReadOnly=False | Shared=True | Id=7626166
INFO | Candidate: NWB_DesignPkg | Scope=instance | Storage=String | ReadOnly=False | Shared=True | Id=7626167
ERROR | Element 13363842 | Category=Ducts | Family= | Parameter=NWB_BuildingPermitPkg | Reason=missing | Writable sample: AHU, AHU_AreaServed, AHU_Serves, AHU_Type, AHU_ZoneNumber, Additional Flow, Building_No, COMPLETE Y/N, Classification.OmniClass.21.Description_INSTANCE, Classification.OmniClass.21.Number_INSTANCE, Classification.OmniClass.22.Description_INSTANCE, Classification.OmniClass.22.Number_INSTANCE, Classification.OmniClass.23.Description_INSTANCE, Classification.OmniClass.23.Number_INSTANCE, Classification.UniFormat.2010.Description, Classification.UniFormat.2010.Number, Comments, DUCT NUMBER, Description BOM Suffix, Duct Number
INFO | Candidate: NWB_WBS00 | Scope=instance | Storage=String | ReadOnly=False | Shared=True | Id=9214738
INFO | Candidate: NWB_WBS01 | Scope=instance | Storage=String | ReadOnly=False | Shared=True | Id=9214798
INFO | Candidate: NWB_WBS02 | Scope=instance | Storage=String | ReadOnly=False | Shared=True | Id=9214786
INFO | Candidate: NWB_WBS03 | Scope=instance | Storage=String | ReadOnly=False | Shared=True | Id=9214750
INFO | Candidate: NWB_WBS04 | Scope=instance | Storage=String | ReadOnly=False | Shared=True | Id=9214762
INFO | Candidate: NWB_WBS05 | Scope=instance | Storage=String | ReadOnly=False | Shared=True | Id=9214810
INFO | Candidate: NWB_WBSCode | Scope=instance | Storage=String | ReadOnly=False | Shared=True | Id=9214774
SOURCE | Element 13363842 | Cat=Ducts | Family=Rectangular Duct | Type= | Level=LEVEL 09 | System=Supply Air | LinkedRoomLink=NWB-ACD-WBH-MH-MOD-0001 | LinkedRoomNumber=HDU.09.066 | LinkedRoomName=Lounge, Patient/Visitor | LinkedRoomDept=High Dependency Unit | LinkedRoomBuilding= | LinkedRoomSite= | LinkedRoomSource=connected:13363843:Air Terminals | ResolvedDept=High Dependency Unit | ResolvedBuilding= | ResolvedSite= | DisciplineHint=mechanical | AssetCandidates=ducts, ductwork | WBS00=WBH | WBS01=HO | WBS03=HDU | DesignPkg=NWB-GEN-ME-SCM-1091-A | BuildingPermitPkg=WBH - BP09
ELEMENT | 13363842 | Cat=Ducts | AssetScore=45 | AssetTypeCode=MDUC | AssetType=Ductwork | AssetCategory=Ductwork | Targets=NWB_AssetTypeCode=MDUC; NWB_AssetType=Ductwork; NWB_Discipline=ME; NWB_Category=Ductwork; NWB_Department=High Dependency Unit; NWB_Material=; NWB_System=Supply Air; NWB_UniclassCode=Pr_65_65_25; NWB_UniclassDescription=Ductwork and fittings; NWB_DesignPkg=NWB-GEN-ME-SCM-1091-A; NWB_BuildingPermitPkg=WBH - BP09; NWB_WBS00=WBH; NWB_WBS01=HO; NWB_WBS02=09; NWB_WBS03=HDU; NWB_WBS04=ME; NWB_WBS05=SI5; NWB_WBSCode=WBH-HO-09-HDU-ME-SI5
INFO | Candidate: NWB_AssetTypeCode | Scope=instance | Storage=String | ReadOnly=False | Shared=True | Id=7626182
INFO | Candidate: NWB_AssetType | Scope=instance | Storage=String | ReadOnly=False | Shared=True | Id=7626181
INFO | Candidate: NWB_Discipline | Scope=instance | Storage=String | ReadOnly=False | Shared=True | Id=7626159
INFO | Candidate: NWB_Category | Scope=instance | Storage=String | ReadOnly=False | Shared=True | Id=7626160
INFO | Candidate: NWB_Department | Scope=instance | Storage=String | ReadOnly=False | Shared=True | Id=7626168
INFO | Candidate: NWB_System | Scope=instance | Storage=String | ReadOnly=False | Shared=True | Id=7626163
INFO | Candidate: NWB_UniclassCode | Scope=instance | Storage=String | ReadOnly=False | Shared=True | Id=7626165
INFO | Candidate: NWB_UniclassDescription | Scope=instance | Storage=String | ReadOnly=False | Shared=True | Id=7626166
INFO | Candidate: NWB_DesignPkg | Scope=instance | Storage=String | ReadOnly=False | Shared=True | Id=7626167
ERROR | Element 13363843 | Category=Air Terminals | Family= | Parameter=NWB_BuildingPermitPkg | Reason=missing | Writable sample: AHU_AreaServed, AHU_Serves, AHU_Type, AHU_ZoneNumber, AQ, Building_No, COMPLETE Y/N, Classification.UniFormat.2010.Description, Classification.UniFormat.2010.Number, Comments, Export to IFC, Export to IFC As, Family, Family and Type, Flow, IFC Predefined Type, IfcGUID, Image, Legend Description, Location
INFO | Candidate: NWB_WBS00 | Scope=instance | Storage=String | ReadOnly=True | Shared=True | Id=9214738
ERROR | Element 13363843 | Category=Air Terminals | Family= | Parameter=NWB_WBS00 | Reason=readonly | Writable sample: AHU_AreaServed, AHU_Serves, AHU_Type, AHU_ZoneNumber, AQ, Building_No, COMPLETE Y/N, Classification.UniFormat.2010.Description, Classification.UniFormat.2010.Number, Comments, Export to IFC, Export to IFC As, Family, Family and Type, Flow, IFC Predefined Type, IfcGUID, Image, Legend Description, Location
INFO | Candidate: NWB_WBS01 | Scope=instance | Storage=String | ReadOnly=True | Shared=True | Id=9214798
ERROR | Element 13363843 | Category=Air Terminals | Family= | Parameter=NWB_WBS01 | Reason=readonly | Writable sample: AHU_AreaServed, AHU_Serves, AHU_Type, AHU_ZoneNumber, AQ, Building_No, COMPLETE Y/N, Classification.UniFormat.2010.Description, Classification.UniFormat.2010.Number, Comments, Export to IFC, Export to IFC As, Family, Family and Type, Flow, IFC Predefined Type, IfcGUID, Image, Legend Description, Location
INFO | Candidate: NWB_WBS02 | Scope=instance | Storage=String | ReadOnly=False | Shared=True | Id=9214786
INFO | Candidate: NWB_WBS03 | Scope=instance | Storage=String | ReadOnly=False | Shared=True | Id=9214750
INFO | Candidate: NWB_WBS04 | Scope=instance | Storage=String | ReadOnly=True | Shared=True | Id=9214762
ERROR | Element 13363843 | Category=Air Terminals | Family= | Parameter=NWB_WBS04 | Reason=readonly | Writable sample: AHU_AreaServed, AHU_Serves, AHU_Type, AHU_ZoneNumber, AQ, Building_No, COMPLETE Y/N, Classification.UniFormat.2010.Description, Classification.UniFormat.2010.Number, Comments, Export to IFC, Export to IFC As, Family, Family and Type, Flow, IFC Predefined Type, IfcGUID, Image, Legend Description, Location
INFO | Candidate: NWB_WBS05 | Scope=instance | Storage=String | ReadOnly=True | Shared=True | Id=9214810
ERROR | Element 13363843 | Category=Air Terminals | Family= | Parameter=NWB_WBS05 | Reason=readonly | Writable sample: AHU_AreaServed, AHU_Serves, AHU_Type, AHU_ZoneNumber, AQ, Building_No, COMPLETE Y/N, Classification.UniFormat.2010.Description, Classification.UniFormat.2010.Number, Comments, Export to IFC, Export to IFC As, Family, Family and Type, Flow, IFC Predefined Type, IfcGUID, Image, Legend Description, Location
INFO | Candidate: NWB_WBSCode | Scope=instance | Storage=String | ReadOnly=False | Shared=True | Id=9214774
SOURCE | Element 13363843 | Cat=Air Terminals | Family=MHT-ME-AT - Supply Air Grille | Type= | Level= | System=Supply Air | LinkedRoomLink=NWB-ACD-WBH-MH-MOD-0001 | LinkedRoomNumber=HDU.09.066 | LinkedRoomName=Lounge, Patient/Visitor | LinkedRoomDept=High Dependency Unit | LinkedRoomBuilding= | LinkedRoomSite= | LinkedRoomSource=self | ResolvedDept=High Dependency Unit | ResolvedBuilding= | ResolvedSite= | DisciplineHint=mechanical | AssetCandidates=air terminals, air terminal | WBS00=WBH | WBS01=HO | WBS03=HDU | DesignPkg=NWB-GEN-ME-SCM-1091-A | BuildingPermitPkg=WBH - BP09
ELEMENT | 13363843 | Cat=Air Terminals | AssetScore=45 | AssetTypeCode=MSAG | AssetType=Supply Air Grille | AssetCategory=Air Terminal | Targets=NWB_AssetTypeCode=MSAG; NWB_AssetType=Supply Air Grille; NWB_Discipline=ME; NWB_Category=Air Terminal; NWB_Department=High Dependency Unit; NWB_Material=; NWB_System=Supply Air; NWB_UniclassCode=Pr_70_65_04_03; NWB_UniclassDescription=Air grilles; NWB_DesignPkg=NWB-GEN-ME-SCM-1091-A; NWB_BuildingPermitPkg=WBH - BP09; NWB_WBS00=WBH; NWB_WBS01=HO; NWB_WBS02=09; NWB_WBS03=HDU; NWB_WBS04=ME; NWB_WBS05=SI5; NWB_WBSCode=WBH-HO-09-HDU-ME-SI5
INFO | Candidate: NWB_AssetTypeCode | Scope=instance | Storage=String | ReadOnly=False | Shared=True | Id=7626182
INFO | Candidate: NWB_AssetType | Scope=instance | Storage=String | ReadOnly=False | Shared=True | Id=7626181
INFO | Candidate: NWB_Discipline | Scope=instance | Storage=String | ReadOnly=False | Shared=True | Id=7626159
INFO | Candidate: NWB_Category | Scope=instance | Storage=String | ReadOnly=False | Shared=True | Id=7626160
INFO | Candidate: NWB_Department | Scope=instance | Storage=String | ReadOnly=False | Shared=True | Id=7626168
INFO | Candidate: NWB_System | Scope=instance | Storage=String | ReadOnly=False | Shared=True | Id=7626163
INFO | Candidate: NWB_UniclassCode | Scope=instance | Storage=String | ReadOnly=False | Shared=True | Id=7626165
INFO | Candidate: NWB_UniclassDescription | Scope=instance | Storage=String | ReadOnly=False | Shared=True | Id=7626166
INFO | Candidate: NWB_DesignPkg | Scope=instance | Storage=String | ReadOnly=False | Shared=True | Id=7626167
ERROR | Element 13363846 | Category=Ducts | Family= | Parameter=NWB_BuildingPermitPkg | Reason=missing | Writable sample: AHU, AHU_AreaServed, AHU_Serves, AHU_Type, AHU_ZoneNumber, Additional Flow, Building_No, COMPLETE Y/N, Classification.OmniClass.21.Description_INSTANCE, Classification.OmniClass.21.Number_INSTANCE, Classification.OmniClass.22.Description_INSTANCE, Classification.OmniClass.22.Number_INSTANCE, Classification.OmniClass.23.Description_INSTANCE, Classification.OmniClass.23.Number_INSTANCE, Classification.UniFormat.2010.Description, Classification.UniFormat.2010.Number, Comments, DUCT NUMBER, Description BOM Suffix, Duct Number
INFO | Candidate: NWB_WBS00 | Scope=instance | Storage=String | ReadOnly=False | Shared=True | Id=9214738
INFO | Candidate: NWB_WBS01 | Scope=instance | Storage=String | ReadOnly=False | Shared=True | Id=9214798
INFO | Candidate: NWB_WBS02 | Scope=instance | Storage=String | ReadOnly=False | Shared=True | Id=9214786
INFO | Candidate: NWB_WBS03 | Scope=instance | Storage=String | ReadOnly=False | Shared=True | Id=9214750
INFO | Candidate: NWB_WBS04 | Scope=instance | Storage=String | ReadOnly=False | Shared=True | Id=9214762
INFO | Candidate: NWB_WBS05 | Scope=instance | Storage=String | ReadOnly=False | Shared=True | Id=9214810
INFO | Candidate: NWB_WBSCode | Scope=instance | Storage=String | ReadOnly=False | Shared=True | Id=9214774
SOURCE | Element 13363846 | Cat=Ducts | Family=Rectangular Duct | Type= | Level=LEVEL 09 | System=Supply Air | LinkedRoomLink= | LinkedRoomNumber= | LinkedRoomName= | LinkedRoomDept= | LinkedRoomBuilding= | LinkedRoomSite= | LinkedRoomSource= | ResolvedDept=HDU | ResolvedBuilding= | ResolvedSite= | DisciplineHint=mechanical | AssetCandidates=ducts, ductwork | WBS00=WBH | WBS01=HO | WBS03=HDU | DesignPkg=NWB-GEN-ME-SCM-1091-A | BuildingPermitPkg=WBH - BP09
ELEMENT | 13363846 | Cat=Ducts | AssetScore=45 | AssetTypeCode=MDUC | AssetType=Ductwork | AssetCategory=Ductwork | Targets=NWB_AssetTypeCode=MDUC; NWB_AssetType=Ductwork; NWB_Discipline=ME; NWB_Category=Ductwork; NWB_Department=HDU; NWB_Material=; NWB_System=Supply Air; NWB_UniclassCode=Pr_65_65_25; NWB_UniclassDescription=Ductwork and fittings; NWB_DesignPkg=NWB-GEN-ME-SCM-1091-A; NWB_BuildingPermitPkg=WBH - BP09; NWB_WBS00=WBH; NWB_WBS01=HO; NWB_WBS02=09; NWB_WBS03=HDU; NWB_WBS04=ME; NWB_WBS05=SI5; NWB_WBSCode=WBH-HO-09-HDU-ME-SI5
INFO | Candidate: NWB_AssetTypeCode | Scope=instance | Storage=String | ReadOnly=False | Shared=True | Id=7626182
INFO | Candidate: NWB_AssetType | Scope=instance | Storage=String | ReadOnly=False | Shared=True | Id=7626181
INFO | Candidate: NWB_Discipline | Scope=instance | Storage=String | ReadOnly=False | Shared=True | Id=7626159
INFO | Candidate: NWB_Category | Scope=instance | Storage=String | ReadOnly=False | Shared=True | Id=7626160
INFO | Candidate: NWB_System | Scope=instance | Storage=String | ReadOnly=False | Shared=True | Id=7626163
INFO | Candidate: NWB_UniclassCode | Scope=instance | Storage=String | ReadOnly=False | Shared=True | Id=7626165
INFO | Candidate: NWB_UniclassDescription | Scope=instance | Storage=String | ReadOnly=False | Shared=True | Id=7626166
INFO | Candidate: NWB_DesignPkg | Scope=instance | Storage=String | ReadOnly=False | Shared=True | Id=7626167
ERROR | Element 13363847 | Category=Duct Fittings | Family= | Parameter=NWB_BuildingPermitPkg | Reason=missing | Writable sample: AHU, AHU_AreaServed, AHU_Serves, AHU_Type, AHU_ZoneNumber, Building_No, COMPLETE Y/N, Classification.OmniClass.21.Description_INSTANCE, Classification.OmniClass.21.Number_INSTANCE, Classification.OmniClass.22.Description_INSTANCE, Classification.OmniClass.22.Number_INSTANCE, Classification.OmniClass.23.Description_INSTANCE, Classification.OmniClass.23.Number_INSTANCE, Classification.UniFormat.2010.Description, Classification.UniFormat.2010.Number, Comments, Description BOM Suffix, Duct Height, Duct Width, Ductwork Insulation - Lining
INFO | Candidate: NWB_WBS00 | Scope=instance | Storage=String | ReadOnly=False | Shared=True | Id=9214738
INFO | Candidate: NWB_WBS01 | Scope=instance | Storage=String | ReadOnly=False | Shared=True | Id=9214798
INFO | Candidate: NWB_WBS02 | Scope=instance | Storage=String | ReadOnly=False | Shared=True | Id=9214786
INFO | Candidate: NWB_WBS03 | Scope=instance | Storage=String | ReadOnly=False | Shared=True | Id=9214750
INFO | Candidate: NWB_WBS04 | Scope=instance | Storage=String | ReadOnly=False | Shared=True | Id=9214762
INFO | Candidate: NWB_WBS05 | Scope=instance | Storage=String | ReadOnly=False | Shared=True | Id=9214810
INFO | Candidate: NWB_WBSCode | Scope=instance | Storage=String | ReadOnly=False | Shared=True | Id=9214774
SOURCE | Element 13363847 | Cat=Duct Fittings | Family=MHT_Rectangular Elbow - Mitered - Single Thickness Vanes | Type= | Level=LEVEL 09 | System=Supply Air | LinkedRoomLink= | LinkedRoomNumber= | LinkedRoomName= | LinkedRoomDept= | LinkedRoomBuilding= | LinkedRoomSite= | LinkedRoomSource= | ResolvedDept= | ResolvedBuilding= | ResolvedSite= | DisciplineHint=mechanical | AssetCandidates=duct fittings, ductwork | WBS00=WBH | WBS01=HO | WBS03=Z00 | DesignPkg=NWB-GEN-ME-SCM-1091-A | BuildingPermitPkg=WBH - BP09
WARN | Element 13363847 | Department unresolved | ExistingNWBDepartment= | ExistingWBS00=WBH | ExistingWBS01=HO | ExistingDiscipline=ME
ELEMENT | 13363847 | Cat=Duct Fittings | AssetScore=45 | AssetTypeCode=MDUC | AssetType=Ductwork | AssetCategory=Ductwork | Targets=NWB_AssetTypeCode=MDUC; NWB_AssetType=Ductwork; NWB_Discipline=ME; NWB_Category=Ductwork; NWB_Department=; NWB_Material=; NWB_System=Supply Air; NWB_UniclassCode=Pr_65_65_25; NWB_UniclassDescription=Ductwork and fittings; NWB_DesignPkg=NWB-GEN-ME-SCM-1091-A; NWB_BuildingPermitPkg=WBH - BP09; NWB_WBS00=WBH; NWB_WBS01=HO; NWB_WBS02=09; NWB_WBS03=Z00; NWB_WBS04=ME; NWB_WBS05=SI5; NWB_WBSCode=WBH-HO-09-Z00-ME-SI5
INFO | Candidate: NWB_AssetTypeCode | Scope=instance | Storage=String | ReadOnly=False | Shared=True | Id=7626182
INFO | Candidate: NWB_AssetType | Scope=instance | Storage=String | ReadOnly=False | Shared=True | Id=7626181
INFO | Candidate: NWB_Discipline | Scope=instance | Storage=String | ReadOnly=False | Shared=True | Id=7626159
INFO | Candidate: NWB_Category | Scope=instance | Storage=String | ReadOnly=False | Shared=True | Id=7626160
INFO | Candidate: NWB_System | Scope=instance | Storage=String | ReadOnly=False | Shared=True | Id=7626163
INFO | Candidate: NWB_UniclassCode | Scope=instance | Storage=String | ReadOnly=False | Shared=True | Id=7626165
INFO | Candidate: NWB_UniclassDescription | Scope=instance | Storage=String | ReadOnly=False | Shared=True | Id=7626166
INFO | Candidate: NWB_DesignPkg | Scope=instance | Storage=String | ReadOnly=False | Shared=True | Id=7626167
ERROR | Element 13363849 | Category=Duct Fittings | Family= | Parameter=NWB_BuildingPermitPkg | Reason=missing | Writable sample: AHU, AHU_AreaServed, AHU_Serves, AHU_Type, AHU_ZoneNumber, Building_No, COMPLETE Y/N, Classification.OmniClass.21.Description_INSTANCE, Classification.OmniClass.21.Number_INSTANCE, Classification.OmniClass.22.Description_INSTANCE, Classification.OmniClass.22.Number_INSTANCE, Classification.OmniClass.23.Description_INSTANCE, Classification.OmniClass.23.Number_INSTANCE, Classification.UniFormat.2010.Description, Classification.UniFormat.2010.Number, Comments, Description BOM Suffix, Duct Height, Duct Width, Ductwork Insulation - Lining
INFO | Candidate: NWB_WBS00 | Scope=instance | Storage=String | ReadOnly=False | Shared=True | Id=9214738
INFO | Candidate: NWB_WBS01 | Scope=instance | Storage=String | ReadOnly=False | Shared=True | Id=9214798
INFO | Candidate: NWB_WBS02 | Scope=instance | Storage=String | ReadOnly=False | Shared=True | Id=9214786
INFO | Candidate: NWB_WBS03 | Scope=instance | Storage=String | ReadOnly=False | Shared=True | Id=9214750
INFO | Candidate: NWB_WBS04 | Scope=instance | Storage=String | ReadOnly=False | Shared=True | Id=9214762
INFO | Candidate: NWB_WBS05 | Scope=instance | Storage=String | ReadOnly=False | Shared=True | Id=9214810
INFO | Candidate: NWB_WBSCode | Scope=instance | Storage=String | ReadOnly=False | Shared=True | Id=9214774
SOURCE | Element 13363849 | Cat=Duct Fittings | Family=MHT_Rectangular Elbow - Mitered - Single Thickness Vanes | Type= | Level=LEVEL 09 | System=Supply Air | LinkedRoomLink= | LinkedRoomNumber= | LinkedRoomName= | LinkedRoomDept= | LinkedRoomBuilding= | LinkedRoomSite= | LinkedRoomSource= | ResolvedDept= | ResolvedBuilding= | ResolvedSite= | DisciplineHint=mechanical | AssetCandidates=duct fittings, ductwork | WBS00=WBH | WBS01=HO | WBS03=Z00 | DesignPkg=NWB-GEN-ME-SCM-1091-A | BuildingPermitPkg=WBH - BP09
WARN | Element 13363849 | Department unresolved | ExistingNWBDepartment= | ExistingWBS00=WBH | ExistingWBS01=HO | ExistingDiscipline=ME
ELEMENT | 13363849 | Cat=Duct Fittings | AssetScore=45 | AssetTypeCode=MDUC | AssetType=Ductwork | AssetCategory=Ductwork | Targets=NWB_AssetTypeCode=MDUC; NWB_AssetType=Ductwork; NWB_Discipline=ME; NWB_Category=Ductwork; NWB_Department=; NWB_Material=; NWB_System=Supply Air; NWB_UniclassCode=Pr_65_65_25; NWB_UniclassDescription=Ductwork and fittings; NWB_DesignPkg=NWB-GEN-ME-SCM-1091-A; NWB_BuildingPermitPkg=WBH - BP09; NWB_WBS00=WBH; NWB_WBS01=HO; NWB_WBS02=09; NWB_WBS03=Z00; NWB_WBS04=ME; NWB_WBS05=SI5; NWB_WBSCode=WBH-HO-09-Z00-ME-SI5
INFO | Candidate: NWB_AssetTypeCode | Scope=instance | Storage=String | ReadOnly=False | Shared=True | Id=7626182
INFO | Candidate: NWB_AssetType | Scope=instance | Storage=String | ReadOnly=False | Shared=True | Id=7626181
INFO | Candidate: NWB_Discipline | Scope=instance | Storage=String | ReadOnly=False | Shared=True | Id=7626159
INFO | Candidate: NWB_Category | Scope=instance | Storage=String | ReadOnly=False | Shared=True | Id=7626160
INFO | Candidate: NWB_Department | Scope=instance | Storage=String | ReadOnly=False | Shared=True | Id=7626168
INFO | Candidate: NWB_System | Scope=instance | Storage=String | ReadOnly=False | Shared=True | Id=7626163
INFO | Candidate: NWB_UniclassCode | Scope=instance | Storage=String | ReadOnly=False | Shared=True | Id=7626165
INFO | Candidate: NWB_UniclassDescription | Scope=instance | Storage=String | ReadOnly=False | Shared=True | Id=7626166
INFO | Candidate: NWB_DesignPkg | Scope=instance | Storage=String | ReadOnly=False | Shared=True | Id=7626167
ERROR | Element 13380256 | Category=Flex Ducts | Family= | Parameter=NWB_BuildingPermitPkg | Reason=missing | Writable sample: AHU_AreaServed, AHU_Serves, AHU_Type, AHU_ZoneNumber, Additional Flow, Building_No, COMPLETE Y/N, Classification.UniFormat.2010.Description, Classification.UniFormat.2010.Number, Comments, Diameter, Export to IFC, Export to IFC As, Family, Family and Type, Flex Pattern, IFC Predefined Type, IfcGUID, Image, Legend Description
INFO | Candidate: NWB_WBS00 | Scope=instance | Storage=String | ReadOnly=False | Shared=True | Id=9214738
INFO | Candidate: NWB_WBS01 | Scope=instance | Storage=String | ReadOnly=False | Shared=True | Id=9214798
INFO | Candidate: NWB_WBS02 | Scope=instance | Storage=String | ReadOnly=False | Shared=True | Id=9214786
INFO | Candidate: NWB_WBS03 | Scope=instance | Storage=String | ReadOnly=False | Shared=True | Id=9214750
INFO | Candidate: NWB_WBS04 | Scope=instance | Storage=String | ReadOnly=False | Shared=True | Id=9214762
INFO | Candidate: NWB_WBS05 | Scope=instance | Storage=String | ReadOnly=False | Shared=True | Id=9214810
INFO | Candidate: NWB_WBSCode | Scope=instance | Storage=String | ReadOnly=False | Shared=True | Id=9214774
SOURCE | Element 13380256 | Cat=Flex Ducts | Family=Flex Duct Round | Type= | Level=LEVEL 09 | System=Return Air | LinkedRoomLink=NWB-ACD-WBH-MH-MOD-0001 | LinkedRoomNumber=HDU.09.124 | LinkedRoomName=Office, 1 Person | LinkedRoomDept=High Dependency Unit | LinkedRoomBuilding= | LinkedRoomSite= | LinkedRoomSource=connected:14671506:Air Terminals | ResolvedDept=High Dependency Unit | ResolvedBuilding= | ResolvedSite= | DisciplineHint=mechanical | AssetCandidates=flex ducts, ductwork | WBS00=WBH | WBS01=HO | WBS03=HDU | DesignPkg=NWB-GEN-ME-SCM-1091-A | BuildingPermitPkg=WBH - BP09
ELEMENT | 13380256 | Cat=Flex Ducts | AssetScore=45 | AssetTypeCode=MDUC | AssetType=Ductwork | AssetCategory=Ductwork | Targets=NWB_AssetTypeCode=MDUC; NWB_AssetType=Ductwork; NWB_Discipline=ME; NWB_Category=Ductwork; NWB_Department=High Dependency Unit; NWB_Material=; NWB_System=Return Air; NWB_UniclassCode=Pr_65_65_25; NWB_UniclassDescription=Ductwork and fittings; NWB_DesignPkg=NWB-GEN-ME-SCM-1091-A; NWB_BuildingPermitPkg=WBH - BP09; NWB_WBS00=WBH; NWB_WBS01=HO; NWB_WBS02=09; NWB_WBS03=HDU; NWB_WBS04=ME; NWB_WBS05=SI5; NWB_WBSCode=WBH-HO-09-HDU-ME-SI5
INFO | Candidate: NWB_AssetTypeCode | Scope=instance | Storage=String | ReadOnly=False | Shared=True | Id=7626182
INFO | Candidate: NWB_AssetType | Scope=instance | Storage=String | ReadOnly=False | Shared=True | Id=7626181
INFO | Candidate: NWB_Discipline | Scope=instance | Storage=String | ReadOnly=False | Shared=True | Id=7626159
INFO | Candidate: NWB_Category | Scope=instance | Storage=String | ReadOnly=False | Shared=True | Id=7626160
INFO | Candidate: NWB_Department | Scope=instance | Storage=String | ReadOnly=False | Shared=True | Id=7626168
INFO | Candidate: NWB_System | Scope=instance | Storage=String | ReadOnly=False | Shared=True | Id=7626163
INFO | Candidate: NWB_UniclassCode | Scope=instance | Storage=String | ReadOnly=False | Shared=True | Id=7626165
INFO | Candidate: NWB_UniclassDescription | Scope=instance | Storage=String | ReadOnly=False | Shared=True | Id=7626166
INFO | Candidate: NWB_DesignPkg | Scope=instance | Storage=String | ReadOnly=False | Shared=True | Id=7626167
ERROR | Element 13569042 | Category=Ducts | Family= | Parameter=NWB_BuildingPermitPkg | Reason=missing | Writable sample: AHU, AHU_AreaServed, AHU_Serves, AHU_Type, AHU_ZoneNumber, Additional Flow, Building_No, COMPLETE Y/N, Classification.OmniClass.21.Description_INSTANCE, Classification.OmniClass.21.Number_INSTANCE, Classification.OmniClass.22.Description_INSTANCE, Classification.OmniClass.22.Number_INSTANCE, Classification.OmniClass.23.Description_INSTANCE, Classification.OmniClass.23.Number_INSTANCE, Classification.UniFormat.2010.Description, Classification.UniFormat.2010.Number, Comments, DUCT NUMBER, Description BOM Suffix, Duct Number
INFO | Candidate: NWB_WBS00 | Scope=instance | Storage=String | ReadOnly=False | Shared=True | Id=9214738
INFO | Candidate: NWB_WBS01 | Scope=instance | Storage=String | ReadOnly=False | Shared=True | Id=9214798
INFO | Candidate: NWB_WBS02 | Scope=instance | Storage=String | ReadOnly=False | Shared=True | Id=9214786
INFO | Candidate: NWB_WBS03 | Scope=instance | Storage=String | ReadOnly=False | Shared=True | Id=9214750
INFO | Candidate: NWB_WBS04 | Scope=instance | Storage=String | ReadOnly=False | Shared=True | Id=9214762
INFO | Candidate: NWB_WBS05 | Scope=instance | Storage=String | ReadOnly=False | Shared=True | Id=9214810
INFO | Candidate: NWB_WBSCode | Scope=instance | Storage=String | ReadOnly=False | Shared=True | Id=9214774
SOURCE | Element 13569042 | Cat=Ducts | Family=Rectangular Duct | Type= | Level=LEVEL 09 | System=Supply Air | LinkedRoomLink=NWB-ARC-WBH-AR-MOD-0036 | LinkedRoomNumber=HDU.09.129 | LinkedRoomName=Toilet, Accessible, 6m2 | LinkedRoomDept=HDU | LinkedRoomBuilding= | LinkedRoomSite= | LinkedRoomSource=connected:13569043:Air Terminals | ResolvedDept=HDU | ResolvedBuilding= | ResolvedSite= | DisciplineHint=mechanical | AssetCandidates=ducts, ductwork | WBS00=WBH | WBS01=HO | WBS03=HDU | DesignPkg=NWB-GEN-ME-SCM-1091-A | BuildingPermitPkg=WBH - BP09
ELEMENT | 13569042 | Cat=Ducts | AssetScore=45 | AssetTypeCode=MDUC | AssetType=Ductwork | AssetCategory=Ductwork | Targets=NWB_AssetTypeCode=MDUC; NWB_AssetType=Ductwork; NWB_Discipline=ME; NWB_Category=Ductwork; NWB_Department=HDU; NWB_Material=; NWB_System=Supply Air; NWB_UniclassCode=Pr_65_65_25; NWB_UniclassDescription=Ductwork and fittings; NWB_DesignPkg=NWB-GEN-ME-SCM-1091-A; NWB_BuildingPermitPkg=WBH - BP09; NWB_WBS00=WBH; NWB_WBS01=HO; NWB_WBS02=09; NWB_WBS03=HDU; NWB_WBS04=ME; NWB_WBS05=SI5; NWB_WBSCode=WBH-HO-09-HDU-ME-SI5
INFO | Candidate: NWB_AssetTypeCode | Scope=instance | Storage=String | ReadOnly=False | Shared=True | Id=7626182
INFO | Candidate: NWB_AssetType | Scope=instance | Storage=String | ReadOnly=False | Shared=True | Id=7626181
INFO | Candidate: NWB_Discipline | Scope=instance | Storage=String | ReadOnly=False | Shared=True | Id=7626159
INFO | Candidate: NWB_Category | Scope=instance | Storage=String | ReadOnly=False | Shared=True | Id=7626160
INFO | Candidate: NWB_Department | Scope=instance | Storage=String | ReadOnly=False | Shared=True | Id=7626168
INFO | Candidate: NWB_System | Scope=instance | Storage=String | ReadOnly=False | Shared=True | Id=7626163
INFO | Candidate: NWB_UniclassCode | Scope=instance | Storage=String | ReadOnly=False | Shared=True | Id=7626165
INFO | Candidate: NWB_UniclassDescription | Scope=instance | Storage=String | ReadOnly=False | Shared=True | Id=7626166
INFO | Candidate: NWB_DesignPkg | Scope=instance | Storage=String | ReadOnly=False | Shared=True | Id=7626167
ERROR | Element 13569043 | Category=Air Terminals | Family= | Parameter=NWB_BuildingPermitPkg | Reason=missing | Writable sample: AHU_AreaServed, AHU_Serves, AHU_Type, AHU_ZoneNumber, AQ, Building_No, COMPLETE Y/N, Classification.UniFormat.2010.Description, Classification.UniFormat.2010.Number, Comments, Export to IFC, Export to IFC As, Family, Family and Type, Flow, IFC Predefined Type, IfcGUID, Image, Legend Description, Location
INFO | Candidate: NWB_WBS00 | Scope=instance | Storage=String | ReadOnly=True | Shared=True | Id=9214738
ERROR | Element 13569043 | Category=Air Terminals | Family= | Parameter=NWB_WBS00 | Reason=readonly | Writable sample: AHU_AreaServed, AHU_Serves, AHU_Type, AHU_ZoneNumber, AQ, Building_No, COMPLETE Y/N, Classification.UniFormat.2010.Description, Classification.UniFormat.2010.Number, Comments, Export to IFC, Export to IFC As, Family, Family and Type, Flow, IFC Predefined Type, IfcGUID, Image, Legend Description, Location
INFO | Candidate: NWB_WBS01 | Scope=instance | Storage=String | ReadOnly=True | Shared=True | Id=9214798
ERROR | Element 13569043 | Category=Air Terminals | Family= | Parameter=NWB_WBS01 | Reason=readonly | Writable sample: AHU_AreaServed, AHU_Serves, AHU_Type, AHU_ZoneNumber, AQ, Building_No, COMPLETE Y/N, Classification.UniFormat.2010.Description, Classification.UniFormat.2010.Number, Comments, Export to IFC, Export to IFC As, Family, Family and Type, Flow, IFC Predefined Type, IfcGUID, Image, Legend Description, Location
INFO | Candidate: NWB_WBS02 | Scope=instance | Storage=String | ReadOnly=False | Shared=True | Id=9214786
INFO | Candidate: NWB_WBS03 | Scope=instance | Storage=String | ReadOnly=False | Shared=True | Id=9214750
INFO | Candidate: NWB_WBS04 | Scope=instance | Storage=String | ReadOnly=True | Shared=True | Id=9214762
ERROR | Element 13569043 | Category=Air Terminals | Family= | Parameter=NWB_WBS04 | Reason=readonly | Writable sample: AHU_AreaServed, AHU_Serves, AHU_Type, AHU_ZoneNumber, AQ, Building_No, COMPLETE Y/N, Classification.UniFormat.2010.Description, Classification.UniFormat.2010.Number, Comments, Export to IFC, Export to IFC As, Family, Family and Type, Flow, IFC Predefined Type, IfcGUID, Image, Legend Description, Location
INFO | Candidate: NWB_WBS05 | Scope=instance | Storage=String | ReadOnly=True | Shared=True | Id=9214810
ERROR | Element 13569043 | Category=Air Terminals | Family= | Parameter=NWB_WBS05 | Reason=readonly | Writable sample: AHU_AreaServed, AHU_Serves, AHU_Type, AHU_ZoneNumber, AQ, Building_No, COMPLETE Y/N, Classification.UniFormat.2010.Description, Classification.UniFormat.2010.Number, Comments, Export to IFC, Export to IFC As, Family, Family and Type, Flow, IFC Predefined Type, IfcGUID, Image, Legend Description, Location
INFO | Candidate: NWB_WBSCode | Scope=instance | Storage=String | ReadOnly=False | Shared=True | Id=9214774
SOURCE | Element 13569043 | Cat=Air Terminals | Family=MHT-ME-AT - Supply Air Grille | Type= | Level= | System=Supply Air | LinkedRoomLink=NWB-ARC-WBH-AR-MOD-0036 | LinkedRoomNumber=HDU.09.129 | LinkedRoomName=Toilet, Accessible, 6m2 | LinkedRoomDept=HDU | LinkedRoomBuilding= | LinkedRoomSite= | LinkedRoomSource=self | ResolvedDept=HDU | ResolvedBuilding= | ResolvedSite= | DisciplineHint=mechanical | AssetCandidates=air terminals, air terminal | WBS00=WBH | WBS01=HO | WBS03=HDU | DesignPkg=NWB-GEN-ME-SCM-1091-A | BuildingPermitPkg=WBH - BP09
ELEMENT | 13569043 | Cat=Air Terminals | AssetScore=45 | AssetTypeCode=MSAG | AssetType=Supply Air Grille | AssetCategory=Air Terminal | Targets=NWB_AssetTypeCode=MSAG; NWB_AssetType=Supply Air Grille; NWB_Discipline=ME; NWB_Category=Air Terminal; NWB_Department=HDU; NWB_Material=; NWB_System=Supply Air; NWB_UniclassCode=Pr_70_65_04_03; NWB_UniclassDescription=Air grilles; NWB_DesignPkg=NWB-GEN-ME-SCM-1091-A; NWB_BuildingPermitPkg=WBH - BP09; NWB_WBS00=WBH; NWB_WBS01=HO; NWB_WBS02=09; NWB_WBS03=HDU; NWB_WBS04=ME; NWB_WBS05=SI5; NWB_WBSCode=WBH-HO-09-HDU-ME-SI5
INFO | Candidate: NWB_AssetTypeCode | Scope=instance | Storage=String | ReadOnly=False | Shared=True | Id=7626182
INFO | Candidate: NWB_AssetType | Scope=instance | Storage=String | ReadOnly=False | Shared=True | Id=7626181
INFO | Candidate: NWB_Discipline | Scope=instance | Storage=String | ReadOnly=False | Shared=True | Id=7626159
INFO | Candidate: NWB_Category | Scope=instance | Storage=String | ReadOnly=False | Shared=True | Id=7626160
INFO | Candidate: NWB_Department | Scope=instance | Storage=String | ReadOnly=False | Shared=True | Id=7626168
INFO | Candidate: NWB_System | Scope=instance | Storage=String | ReadOnly=False | Shared=True | Id=7626163
INFO | Candidate: NWB_UniclassCode | Scope=instance | Storage=String | ReadOnly=False | Shared=True | Id=7626165
INFO | Candidate: NWB_UniclassDescription | Scope=instance | Storage=String | ReadOnly=False | Shared=True | Id=7626166
INFO | Candidate: NWB_DesignPkg | Scope=instance | Storage=String | ReadOnly=False | Shared=True | Id=7626167
ERROR | Element 13569045 | Category=Ducts | Family= | Parameter=NWB_BuildingPermitPkg | Reason=missing | Writable sample: AHU, AHU_AreaServed, AHU_Serves, AHU_Type, AHU_ZoneNumber, Additional Flow, Building_No, COMPLETE Y/N, Classification.OmniClass.21.Description_INSTANCE, Classification.OmniClass.21.Number_INSTANCE, Classification.OmniClass.22.Description_INSTANCE, Classification.OmniClass.22.Number_INSTANCE, Classification.OmniClass.23.Description_INSTANCE, Classification.OmniClass.23.Number_INSTANCE, Classification.UniFormat.2010.Description, Classification.UniFormat.2010.Number, Comments, DUCT NUMBER, Description BOM Suffix, Duct Number
INFO | Candidate: NWB_WBS00 | Scope=instance | Storage=String | ReadOnly=False | Shared=True | Id=9214738
INFO | Candidate: NWB_WBS01 | Scope=instance | Storage=String | ReadOnly=False | Shared=True | Id=9214798
INFO | Candidate: NWB_WBS02 | Scope=instance | Storage=String | ReadOnly=False | Shared=True | Id=9214786
INFO | Candidate: NWB_WBS03 | Scope=instance | Storage=String | ReadOnly=False | Shared=True | Id=9214750
INFO | Candidate: NWB_WBS04 | Scope=instance | Storage=String | ReadOnly=False | Shared=True | Id=9214762
INFO | Candidate: NWB_WBS05 | Scope=instance | Storage=String | ReadOnly=False | Shared=True | Id=9214810
INFO | Writing INSTANCE parameter 'NWB_WBS05' on element 13569045
INFO | Element 13569045 | NWB_WBS05 | Kind=Shared Parameter | Scope=instance | Storage=String | Old='SP' | New='SI5'
INFO | Candidate: NWB_WBSCode | Scope=instance | Storage=String | ReadOnly=False | Shared=True | Id=9214774
INFO | Writing INSTANCE parameter 'NWB_WBSCode' on element 13569045
INFO | Element 13569045 | NWB_WBSCode | Kind=Shared Parameter | Scope=instance | Storage=String | Old='WBH-HO-09-HDU-ME-SP' | New='WBH-HO-09-HDU-ME-SI5'
SOURCE | Element 13569045 | Cat=Ducts | Family=Rectangular Duct | Type= | Level=LEVEL 09 | System=Supply Air | LinkedRoomLink= | LinkedRoomNumber= | LinkedRoomName= | LinkedRoomDept= | LinkedRoomBuilding= | LinkedRoomSite= | LinkedRoomSource= | ResolvedDept=HDU | ResolvedBuilding= | ResolvedSite= | DisciplineHint=mechanical | AssetCandidates=ducts, ductwork | WBS00=WBH | WBS01=HO | WBS03=HDU | DesignPkg=NWB-GEN-ME-SCM-1091-A | BuildingPermitPkg=WBH - BP09
ELEMENT | 13569045 | Cat=Ducts | AssetScore=45 | AssetTypeCode=MDUC | AssetType=Ductwork | AssetCategory=Ductwork | Targets=NWB_AssetTypeCode=MDUC; NWB_AssetType=Ductwork; NWB_Discipline=ME; NWB_Category=Ductwork; NWB_Department=HDU; NWB_Material=; NWB_System=Supply Air; NWB_UniclassCode=Pr_65_65_25; NWB_UniclassDescription=Ductwork and fittings; NWB_DesignPkg=NWB-GEN-ME-SCM-1091-A; NWB_BuildingPermitPkg=WBH - BP09; NWB_WBS00=WBH; NWB_WBS01=HO; NWB_WBS02=09; NWB_WBS03=HDU; NWB_WBS04=ME; NWB_WBS05=SI5; NWB_WBSCode=WBH-HO-09-HDU-ME-SI5
INFO | Candidate: NWB_AssetTypeCode | Scope=instance | Storage=String | ReadOnly=False | Shared=True | Id=7626182
INFO | Candidate: NWB_AssetType | Scope=instance | Storage=String | ReadOnly=False | Shared=True | Id=7626181
INFO | Writing INSTANCE parameter 'NWB_AssetType' on element 13569046
INFO | Element 13569046 | NWB_AssetType | Kind=Shared Parameter | Scope=instance | Storage=String | Old='Supply Air Grill' | New='Supply Air Grille'
INFO | Candidate: NWB_Discipline | Scope=instance | Storage=String | ReadOnly=False | Shared=True | Id=7626159
INFO | Writing INSTANCE parameter 'NWB_Discipline' on element 13569046
INFO | Element 13569046 | NWB_Discipline | Kind=Shared Parameter | Scope=instance | Storage=String | Old='Mechanical' | New='ME'
INFO | Candidate: NWB_Category | Scope=instance | Storage=String | ReadOnly=False | Shared=True | Id=7626160
INFO | Candidate: NWB_System | Scope=instance | Storage=String | ReadOnly=False | Shared=True | Id=7626163
INFO | Candidate: NWB_UniclassCode | Scope=instance | Storage=String | ReadOnly=False | Shared=True | Id=7626165
INFO | Candidate: NWB_UniclassDescription | Scope=instance | Storage=String | ReadOnly=False | Shared=True | Id=7626166
INFO | Writing INSTANCE parameter 'NWB_UniclassDescription' on element 13569046
INFO | Element 13569046 | NWB_UniclassDescription | Kind=Shared Parameter | Scope=instance | Storage=String | Old='' | New='Air grilles'
INFO | Candidate: NWB_DesignPkg | Scope=instance | Storage=String | ReadOnly=False | Shared=True | Id=7626167
INFO | Writing INSTANCE parameter 'NWB_DesignPkg' on element 13569046
INFO | Element 13569046 | NWB_DesignPkg | Kind=Shared Parameter | Scope=instance | Storage=String | Old='' | New='NWB-GEN-ME-SCM-1091-A'
ERROR | Element 13569046 | Category=Air Terminals | Family= | Parameter=NWB_BuildingPermitPkg | Reason=missing | Writable sample: AHU_AreaServed, AHU_Serves, AHU_Type, AHU_ZoneNumber, AQ, Building_No, COMPLETE Y/N, Classification.UniFormat.2010.Description, Classification.UniFormat.2010.Number, Comments, Export to IFC, Export to IFC As, Family, Family and Type, Flow, IFC Predefined Type, IfcGUID, Image, Legend Description, Location
INFO | Candidate: NWB_WBS00 | Scope=instance | Storage=String | ReadOnly=True | Shared=True | Id=9214738
ERROR | Element 13569046 | Category=Air Terminals | Family= | Parameter=NWB_WBS00 | Reason=readonly | Writable sample: AHU_AreaServed, AHU_Serves, AHU_Type, AHU_ZoneNumber, AQ, Building_No, COMPLETE Y/N, Classification.UniFormat.2010.Description, Classification.UniFormat.2010.Number, Comments, Export to IFC, Export to IFC As, Family, Family and Type, Flow, IFC Predefined Type, IfcGUID, Image, Legend Description, Location
INFO | Candidate: NWB_WBS01 | Scope=instance | Storage=String | ReadOnly=True | Shared=True | Id=9214798
ERROR | Element 13569046 | Category=Air Terminals | Family= | Parameter=NWB_WBS01 | Reason=readonly | Writable sample: AHU_AreaServed, AHU_Serves, AHU_Type, AHU_ZoneNumber, AQ, Building_No, COMPLETE Y/N, Classification.UniFormat.2010.Description, Classification.UniFormat.2010.Number, Comments, Export to IFC, Export to IFC As, Family, Family and Type, Flow, IFC Predefined Type, IfcGUID, Image, Legend Description, Location
INFO | Candidate: NWB_WBS02 | Scope=instance | Storage=String | ReadOnly=False | Shared=True | Id=9214786
INFO | Candidate: NWB_WBS03 | Scope=instance | Storage=String | ReadOnly=False | Shared=True | Id=9214750
INFO | Writing INSTANCE parameter 'NWB_WBS03' on element 13569046
INFO | Element 13569046 | NWB_WBS03 | Kind=Shared Parameter | Scope=instance | Storage=String | Old='HDU' | New='Z00'
INFO | Candidate: NWB_WBS04 | Scope=instance | Storage=String | ReadOnly=True | Shared=True | Id=9214762
ERROR | Element 13569046 | Category=Air Terminals | Family= | Parameter=NWB_WBS04 | Reason=readonly | Writable sample: AHU_AreaServed, AHU_Serves, AHU_Type, AHU_ZoneNumber, AQ, Building_No, COMPLETE Y/N, Classification.UniFormat.2010.Description, Classification.UniFormat.2010.Number, Comments, Export to IFC, Export to IFC As, Family, Family and Type, Flow, IFC Predefined Type, IfcGUID, Image, Legend Description, Location
INFO | Candidate: NWB_WBS05 | Scope=instance | Storage=String | ReadOnly=True | Shared=True | Id=9214810
ERROR | Element 13569046 | Category=Air Terminals | Family= | Parameter=NWB_WBS05 | Reason=readonly | Writable sample: AHU_AreaServed, AHU_Serves, AHU_Type, AHU_ZoneNumber, AQ, Building_No, COMPLETE Y/N, Classification.UniFormat.2010.Description, Classification.UniFormat.2010.Number, Comments, Export to IFC, Export to IFC As, Family, Family and Type, Flow, IFC Predefined Type, IfcGUID, Image, Legend Description, Location
INFO | Candidate: NWB_WBSCode | Scope=instance | Storage=String | ReadOnly=False | Shared=True | Id=9214774
INFO | Writing INSTANCE parameter 'NWB_WBSCode' on element 13569046
INFO | Element 13569046 | NWB_WBSCode | Kind=Shared Parameter | Scope=instance | Storage=String | Old='WBH-HO-NS-HDU-ME-SI5' | New='WBH-HO-09-Z00-ME-SI5'
SOURCE | Element 13569046 | Cat=Air Terminals | Family=MHT-ME-AT - Supply Air Grille | Type= | Level= | System=Supply Air | LinkedRoomLink= | LinkedRoomNumber= | LinkedRoomName= | LinkedRoomDept= | LinkedRoomBuilding= | LinkedRoomSite= | LinkedRoomSource= | ResolvedDept= | ResolvedBuilding= | ResolvedSite= | DisciplineHint=mechanical | AssetCandidates=air terminals, air terminal | WBS00=WBH | WBS01=HO | WBS03=Z00 | DesignPkg=NWB-GEN-ME-SCM-1091-A | BuildingPermitPkg=WBH - BP09
WARN | Element 13569046 | Department unresolved | ExistingNWBDepartment= | ExistingWBS00=WBS | ExistingWBS01=HO | ExistingDiscipline=Mechanical
ELEMENT | 13569046 | Cat=Air Terminals | AssetScore=45 | AssetTypeCode=MSAG | AssetType=Supply Air Grille | AssetCategory=Air Terminal | Targets=NWB_AssetTypeCode=MSAG; NWB_AssetType=Supply Air Grille; NWB_Discipline=ME; NWB_Category=Air Terminal; NWB_Department=; NWB_Material=; NWB_System=Supply Air; NWB_UniclassCode=Pr_70_65_04_03; NWB_UniclassDescription=Air grilles; NWB_DesignPkg=NWB-GEN-ME-SCM-1091-A; NWB_BuildingPermitPkg=WBH - BP09; NWB_WBS00=WBH; NWB_WBS01=HO; NWB_WBS02=09; NWB_WBS03=Z00; NWB_WBS04=ME; NWB_WBS05=SI5; NWB_WBSCode=WBH-HO-09-Z00-ME-SI5
INFO | Candidate: NWB_AssetTypeCode | Scope=instance | Storage=String | ReadOnly=False | Shared=True | Id=7626182
INFO | Candidate: NWB_AssetType | Scope=instance | Storage=String | ReadOnly=False | Shared=True | Id=7626181
INFO | Candidate: NWB_Discipline | Scope=instance | Storage=String | ReadOnly=False | Shared=True | Id=7626159
INFO | Candidate: NWB_Category | Scope=instance | Storage=String | ReadOnly=False | Shared=True | Id=7626160
INFO | Candidate: NWB_Department | Scope=instance | Storage=String | ReadOnly=False | Shared=True | Id=7626168
INFO | Candidate: NWB_System | Scope=instance | Storage=String | ReadOnly=False | Shared=True | Id=7626163
INFO | Candidate: NWB_UniclassCode | Scope=instance | Storage=String | ReadOnly=False | Shared=True | Id=7626165
INFO | Candidate: NWB_UniclassDescription | Scope=instance | Storage=String | ReadOnly=False | Shared=True | Id=7626166
INFO | Candidate: NWB_DesignPkg | Scope=instance | Storage=String | ReadOnly=False | Shared=True | Id=7626167
ERROR | Element 13569049 | Category=Ducts | Family= | Parameter=NWB_BuildingPermitPkg | Reason=missing | Writable sample: AHU, AHU_AreaServed, AHU_Serves, AHU_Type, AHU_ZoneNumber, Additional Flow, Building_No, COMPLETE Y/N, Classification.OmniClass.21.Description_INSTANCE, Classification.OmniClass.21.Number_INSTANCE, Classification.OmniClass.22.Description_INSTANCE, Classification.OmniClass.22.Number_INSTANCE, Classification.OmniClass.23.Description_INSTANCE, Classification.OmniClass.23.Number_INSTANCE, Classification.UniFormat.2010.Description, Classification.UniFormat.2010.Number, Comments, DUCT NUMBER, Description BOM Suffix, Duct Number
INFO | Candidate: NWB_WBS00 | Scope=instance | Storage=String | ReadOnly=False | Shared=True | Id=9214738
INFO | Candidate: NWB_WBS01 | Scope=instance | Storage=String | ReadOnly=False | Shared=True | Id=9214798
INFO | Candidate: NWB_WBS02 | Scope=instance | Storage=String | ReadOnly=False | Shared=True | Id=9214786
INFO | Candidate: NWB_WBS03 | Scope=instance | Storage=String | ReadOnly=False | Shared=True | Id=9214750
INFO | Candidate: NWB_WBS04 | Scope=instance | Storage=String | ReadOnly=False | Shared=True | Id=9214762
INFO | Candidate: NWB_WBS05 | Scope=instance | Storage=String | ReadOnly=False | Shared=True | Id=9214810
INFO | Candidate: NWB_WBSCode | Scope=instance | Storage=String | ReadOnly=False | Shared=True | Id=9214774
SOURCE | Element 13569049 | Cat=Ducts | Family=Rectangular Duct | Type= | Level=LEVEL 09 | System=Supply Air | LinkedRoomLink= | LinkedRoomNumber= | LinkedRoomName= | LinkedRoomDept= | LinkedRoomBuilding= | LinkedRoomSite= | LinkedRoomSource= | ResolvedDept=HDU | ResolvedBuilding= | ResolvedSite= | DisciplineHint=mechanical | AssetCandidates=ducts, ductwork | WBS00=WBH | WBS01=HO | WBS03=HDU | DesignPkg=NWB-GEN-ME-SCM-1091-A | BuildingPermitPkg=WBH - BP09
ELEMENT | 13569049 | Cat=Ducts | AssetScore=45 | AssetTypeCode=MDUC | AssetType=Ductwork | AssetCategory=Ductwork | Targets=NWB_AssetTypeCode=MDUC; NWB_AssetType=Ductwork; NWB_Discipline=ME; NWB_Category=Ductwork; NWB_Department=HDU; NWB_Material=; NWB_System=Supply Air; NWB_UniclassCode=Pr_65_65_25; NWB_UniclassDescription=Ductwork and fittings; NWB_DesignPkg=NWB-GEN-ME-SCM-1091-A; NWB_BuildingPermitPkg=WBH - BP09; NWB_WBS00=WBH; NWB_WBS01=HO; NWB_WBS02=09; NWB_WBS03=HDU; NWB_WBS04=ME; NWB_WBS05=SI5; NWB_WBSCode=WBH-HO-09-HDU-ME-SI5
INFO | Candidate: NWB_AssetTypeCode | Scope=instance | Storage=String | ReadOnly=False | Shared=True | Id=7626182
INFO | Writing INSTANCE parameter 'NWB_AssetTypeCode' on element 13569050
INFO | Element 13569050 | NWB_AssetTypeCode | Kind=Shared Parameter | Scope=instance | Storage=String | Old='' | New='MDUC'
INFO | Candidate: NWB_AssetType | Scope=instance | Storage=String | ReadOnly=False | Shared=True | Id=7626181
INFO | Writing INSTANCE parameter 'NWB_AssetType' on element 13569050
INFO | Element 13569050 | NWB_AssetType | Kind=Shared Parameter | Scope=instance | Storage=String | Old='' | New='Ductwork'
INFO | Candidate: NWB_Discipline | Scope=instance | Storage=String | ReadOnly=False | Shared=True | Id=7626159
INFO | Writing INSTANCE parameter 'NWB_Discipline' on element 13569050
INFO | Element 13569050 | NWB_Discipline | Kind=Shared Parameter | Scope=instance | Storage=String | Old='Mechanical' | New='ME'
INFO | Candidate: NWB_Category | Scope=instance | Storage=String | ReadOnly=False | Shared=True | Id=7626160
INFO | Writing INSTANCE parameter 'NWB_Category' on element 13569050
INFO | Element 13569050 | NWB_Category | Kind=Shared Parameter | Scope=instance | Storage=String | Old='' | New='Ductwork'
INFO | Candidate: NWB_System | Scope=instance | Storage=String | ReadOnly=False | Shared=True | Id=7626163
INFO | Candidate: NWB_UniclassCode | Scope=instance | Storage=String | ReadOnly=False | Shared=True | Id=7626165
INFO | Writing INSTANCE parameter 'NWB_UniclassCode' on element 13569050
INFO | Element 13569050 | NWB_UniclassCode | Kind=Shared Parameter | Scope=instance | Storage=String | Old='' | New='Pr_65_65_25'
INFO | Candidate: NWB_UniclassDescription | Scope=instance | Storage=String | ReadOnly=False | Shared=True | Id=7626166
INFO | Writing INSTANCE parameter 'NWB_UniclassDescription' on element 13569050
INFO | Element 13569050 | NWB_UniclassDescription | Kind=Shared Parameter | Scope=instance | Storage=String | Old='' | New='Ductwork and fittings'
INFO | Candidate: NWB_DesignPkg | Scope=instance | Storage=String | ReadOnly=False | Shared=True | Id=7626167
INFO | Writing INSTANCE parameter 'NWB_DesignPkg' on element 13569050
INFO | Element 13569050 | NWB_DesignPkg | Kind=Shared Parameter | Scope=instance | Storage=String | Old='' | New='NWB-GEN-ME-SCM-1091-A'
ERROR | Element 13569050 | Category=Duct Fittings | Family= | Parameter=NWB_BuildingPermitPkg | Reason=missing | Writable sample: AHU, AHU_AreaServed, AHU_Serves, AHU_Type, AHU_ZoneNumber, Building_No, COMPLETE Y/N, Classification.OmniClass.21.Description_INSTANCE, Classification.OmniClass.21.Number_INSTANCE, Classification.OmniClass.22.Description_INSTANCE, Classification.OmniClass.22.Number_INSTANCE, Classification.OmniClass.23.Description_INSTANCE, Classification.OmniClass.23.Number_INSTANCE, Classification.UniFormat.2010.Description, Classification.UniFormat.2010.Number, Comments, Description BOM Suffix, Duct Height, Duct Width, Ductwork Insulation - Lining
INFO | Candidate: NWB_WBS00 | Scope=instance | Storage=String | ReadOnly=False | Shared=True | Id=9214738
INFO | Candidate: NWB_WBS01 | Scope=instance | Storage=String | ReadOnly=False | Shared=True | Id=9214798
INFO | Candidate: NWB_WBS02 | Scope=instance | Storage=String | ReadOnly=False | Shared=True | Id=9214786
INFO | Candidate: NWB_WBS03 | Scope=instance | Storage=String | ReadOnly=False | Shared=True | Id=9214750
INFO | Candidate: NWB_WBS04 | Scope=instance | Storage=String | ReadOnly=False | Shared=True | Id=9214762
INFO | Candidate: NWB_WBS05 | Scope=instance | Storage=String | ReadOnly=False | Shared=True | Id=9214810
INFO | Candidate: NWB_WBSCode | Scope=instance | Storage=String | ReadOnly=False | Shared=True | Id=9214774
SOURCE | Element 13569050 | Cat=Duct Fittings | Family=MHT_Rectangular Elbow - Mitered - Single Thickness Vanes | Type= | Level=LEVEL 09 | System=Supply Air | LinkedRoomLink= | LinkedRoomNumber= | LinkedRoomName= | LinkedRoomDept= | LinkedRoomBuilding= | LinkedRoomSite= | LinkedRoomSource= | ResolvedDept= | ResolvedBuilding= | ResolvedSite= | DisciplineHint=mechanical | AssetCandidates=duct fittings, ductwork | WBS00=WBH | WBS01=HO | WBS03=Z00 | DesignPkg=NWB-GEN-ME-SCM-1091-A | BuildingPermitPkg=WBH - BP09
WARN | Element 13569050 | Department unresolved | ExistingNWBDepartment= | ExistingWBS00=WBH | ExistingWBS01=HO | ExistingDiscipline=Mechanical
ELEMENT | 13569050 | Cat=Duct Fittings | AssetScore=45 | AssetTypeCode=MDUC | AssetType=Ductwork | AssetCategory=Ductwork | Targets=NWB_AssetTypeCode=MDUC; NWB_AssetType=Ductwork; NWB_Discipline=ME; NWB_Category=Ductwork; NWB_Department=; NWB_Material=; NWB_System=Supply Air; NWB_UniclassCode=Pr_65_65_25; NWB_UniclassDescription=Ductwork and fittings; NWB_DesignPkg=NWB-GEN-ME-SCM-1091-A; NWB_BuildingPermitPkg=WBH - BP09; NWB_WBS00=WBH; NWB_WBS01=HO; NWB_WBS02=09; NWB_WBS03=Z00; NWB_WBS04=ME; NWB_WBS05=SI5; NWB_WBSCode=WBH-HO-09-Z00-ME-SI5
INFO | Candidate: NWB_AssetTypeCode | Scope=instance | Storage=String | ReadOnly=False | Shared=True | Id=7626182
INFO | Candidate: NWB_AssetType | Scope=instance | Storage=String | ReadOnly=False | Shared=True | Id=7626181
INFO | Candidate: NWB_Discipline | Scope=instance | Storage=String | ReadOnly=False | Shared=True | Id=7626159
INFO | Candidate: NWB_Category | Scope=instance | Storage=String | ReadOnly=False | Shared=True | Id=7626160
INFO | Candidate: NWB_System | Scope=instance | Storage=String | ReadOnly=False | Shared=True | Id=7626163
INFO | Candidate: NWB_UniclassCode | Scope=instance | Storage=String | ReadOnly=False | Shared=True | Id=7626165
INFO | Candidate: NWB_UniclassDescription | Scope=instance | Storage=String | ReadOnly=False | Shared=True | Id=7626166
INFO | Candidate: NWB_DesignPkg | Scope=instance | Storage=String | ReadOnly=False | Shared=True | Id=7626167
ERROR | Element 13569052 | Category=Duct Fittings | Family= | Parameter=NWB_BuildingPermitPkg | Reason=missing | Writable sample: AHU, AHU_AreaServed, AHU_Serves, AHU_Type, AHU_ZoneNumber, Building_No, COMPLETE Y/N, Classification.OmniClass.21.Description_INSTANCE, Classification.OmniClass.21.Number_INSTANCE, Classification.OmniClass.22.Description_INSTANCE, Classification.OmniClass.22.Number_INSTANCE, Classification.OmniClass.23.Description_INSTANCE, Classification.OmniClass.23.Number_INSTANCE, Classification.UniFormat.2010.Description, Classification.UniFormat.2010.Number, Comments, Description BOM Suffix, Duct Height, Duct Width, Ductwork Insulation - Lining
INFO | Candidate: NWB_WBS00 | Scope=instance | Storage=String | ReadOnly=False | Shared=True | Id=9214738
INFO | Candidate: NWB_WBS01 | Scope=instance | Storage=String | ReadOnly=False | Shared=True | Id=9214798
INFO | Candidate: NWB_WBS02 | Scope=instance | Storage=String | ReadOnly=False | Shared=True | Id=9214786
INFO | Candidate: NWB_WBS03 | Scope=instance | Storage=String | ReadOnly=False | Shared=True | Id=9214750
INFO | Candidate: NWB_WBS04 | Scope=instance | Storage=String | ReadOnly=False | Shared=True | Id=9214762
INFO | Candidate: NWB_WBS05 | Scope=instance | Storage=String | ReadOnly=False | Shared=True | Id=9214810
INFO | Candidate: NWB_WBSCode | Scope=instance | Storage=String | ReadOnly=False | Shared=True | Id=9214774
SOURCE | Element 13569052 | Cat=Duct Fittings | Family=MHT_Rectangular Elbow - Mitered - Single Thickness Vanes | Type= | Level=LEVEL 09 | System=Supply Air | LinkedRoomLink= | LinkedRoomNumber= | LinkedRoomName= | LinkedRoomDept= | LinkedRoomBuilding= | LinkedRoomSite= | LinkedRoomSource= | ResolvedDept= | ResolvedBuilding= | ResolvedSite= | DisciplineHint=mechanical | AssetCandidates=duct fittings, ductwork | WBS00=WBH | WBS01=HO | WBS03=Z00 | DesignPkg=NWB-GEN-ME-SCM-1091-A | BuildingPermitPkg=WBH - BP09
WARN | Element 13569052 | Department unresolved | ExistingNWBDepartment= | ExistingWBS00=WBH | ExistingWBS01=HO | ExistingDiscipline=ME
ELEMENT | 13569052 | Cat=Duct Fittings | AssetScore=45 | AssetTypeCode=MDUC | AssetType=Ductwork | AssetCategory=Ductwork | Targets=NWB_AssetTypeCode=MDUC; NWB_AssetType=Ductwork; NWB_Discipline=ME; NWB_Category=Ductwork; NWB_Department=; NWB_Material=; NWB_System=Supply Air; NWB_UniclassCode=Pr_65_65_25; NWB_UniclassDescription=Ductwork and fittings; NWB_DesignPkg=NWB-GEN-ME-SCM-1091-A; NWB_BuildingPermitPkg=WBH - BP09; NWB_WBS00=WBH; NWB_WBS01=HO; NWB_WBS02=09; NWB_WBS03=Z00; NWB_WBS04=ME; NWB_WBS05=SI5; NWB_WBSCode=WBH-HO-09-Z00-ME-SI5
INFO | Candidate: NWB_AssetTypeCode | Scope=instance | Storage=String | ReadOnly=False | Shared=True | Id=7626182
INFO | Candidate: NWB_AssetType | Scope=instance | Storage=String | ReadOnly=False | Shared=True | Id=7626181
INFO | Candidate: NWB_Discipline | Scope=instance | Storage=String | ReadOnly=False | Shared=True | Id=7626159
INFO | Candidate: NWB_Category | Scope=instance | Storage=String | ReadOnly=False | Shared=True | Id=7626160
INFO | Candidate: NWB_System | Scope=instance | Storage=String | ReadOnly=False | Shared=True | Id=7626163
INFO | Candidate: NWB_UniclassCode | Scope=instance | Storage=String | ReadOnly=False | Shared=True | Id=7626165
INFO | Candidate: NWB_UniclassDescription | Scope=instance | Storage=String | ReadOnly=False | Shared=True | Id=7626166
INFO | Candidate: NWB_DesignPkg | Scope=instance | Storage=String | ReadOnly=False | Shared=True | Id=7626167
ERROR | Element 13637327 | Category=Flex Ducts | Family= | Parameter=NWB_BuildingPermitPkg | Reason=missing | Writable sample: AHU_AreaServed, AHU_Serves, AHU_Type, AHU_ZoneNumber, Additional Flow, Building_No, COMPLETE Y/N, Classification.UniFormat.2010.Description, Classification.UniFormat.2010.Number, Comments, Diameter, Export to IFC, Export to IFC As, Family, Family and Type, Flex Pattern, IFC Predefined Type, IfcGUID, Image, Legend Description
INFO | Candidate: NWB_WBS00 | Scope=instance | Storage=String | ReadOnly=False | Shared=True | Id=9214738
INFO | Candidate: NWB_WBS01 | Scope=instance | Storage=String | ReadOnly=False | Shared=True | Id=9214798
INFO | Candidate: NWB_WBS02 | Scope=instance | Storage=String | ReadOnly=False | Shared=True | Id=9214786
INFO | Candidate: NWB_WBS03 | Scope=instance | Storage=String | ReadOnly=False | Shared=True | Id=9214750
INFO | Candidate: NWB_WBS04 | Scope=instance | Storage=String | ReadOnly=False | Shared=True | Id=9214762
INFO | Candidate: NWB_WBS05 | Scope=instance | Storage=String | ReadOnly=False | Shared=True | Id=9214810
INFO | Candidate: NWB_WBSCode | Scope=instance | Storage=String | ReadOnly=False | Shared=True | Id=9214774
SOURCE | Element 13637327 | Cat=Flex Ducts | Family=Flex Duct Round | Type= | Level=LEVEL 09 | System=Supply Air | LinkedRoomLink= | LinkedRoomNumber= | LinkedRoomName= | LinkedRoomDept= | LinkedRoomBuilding= | LinkedRoomSite= | LinkedRoomSource= | ResolvedDept= | ResolvedBuilding= | ResolvedSite= | DisciplineHint=mechanical | AssetCandidates=flex ducts, ductwork | WBS00=WBH | WBS01=HO | WBS03=Z00 | DesignPkg=NWB-GEN-ME-SCM-1091-A | BuildingPermitPkg=WBH - BP09
WARN | Element 13637327 | Department unresolved | ExistingNWBDepartment= | ExistingWBS00=WBH | ExistingWBS01=HO | ExistingDiscipline=ME
ELEMENT | 13637327 | Cat=Flex Ducts | AssetScore=45 | AssetTypeCode=MDUC | AssetType=Ductwork | AssetCategory=Ductwork | Targets=NWB_AssetTypeCode=MDUC; NWB_AssetType=Ductwork; NWB_Discipline=ME; NWB_Category=Ductwork; NWB_Department=; NWB_Material=; NWB_System=Supply Air; NWB_UniclassCode=Pr_65_65_25; NWB_UniclassDescription=Ductwork and fittings; NWB_DesignPkg=NWB-GEN-ME-SCM-1091-A; NWB_BuildingPermitPkg=WBH - BP09; NWB_WBS00=WBH; NWB_WBS01=HO; NWB_WBS02=09; NWB_WBS03=Z00; NWB_WBS04=ME; NWB_WBS05=SI5; NWB_WBSCode=WBH-HO-09-Z00-ME-SI5
INFO | Candidate: NWB_AssetTypeCode | Scope=instance | Storage=String | ReadOnly=False | Shared=True | Id=7626182
INFO | Candidate: NWB_AssetType | Scope=instance | Storage=String | ReadOnly=False | Shared=True | Id=7626181
INFO | Candidate: NWB_Discipline | Scope=instance | Storage=String | ReadOnly=False | Shared=True | Id=7626159
INFO | Candidate: NWB_Category | Scope=instance | Storage=String | ReadOnly=False | Shared=True | Id=7626160
INFO | Candidate: NWB_System | Scope=instance | Storage=String | ReadOnly=False | Shared=True | Id=7626163
INFO | Candidate: NWB_UniclassCode | Scope=instance | Storage=String | ReadOnly=False | Shared=True | Id=7626165
INFO | Candidate: NWB_UniclassDescription | Scope=instance | Storage=String | ReadOnly=False | Shared=True | Id=7626166
INFO | Candidate: NWB_DesignPkg | Scope=instance | Storage=String | ReadOnly=False | Shared=True | Id=7626167
ERROR | Element 13637420 | Category=Flex Ducts | Family= | Parameter=NWB_BuildingPermitPkg | Reason=missing | Writable sample: AHU_AreaServed, AHU_Serves, AHU_Type, AHU_ZoneNumber, Additional Flow, Building_No, COMPLETE Y/N, Classification.UniFormat.2010.Description, Classification.UniFormat.2010.Number, Comments, Diameter, Export to IFC, Export to IFC As, Family, Family and Type, Flex Pattern, IFC Predefined Type, IfcGUID, Image, Legend Description
INFO | Candidate: NWB_WBS00 | Scope=instance | Storage=String | ReadOnly=False | Shared=True | Id=9214738
INFO | Candidate: NWB_WBS01 | Scope=instance | Storage=String | ReadOnly=False | Shared=True | Id=9214798
INFO | Candidate: NWB_WBS02 | Scope=instance | Storage=String | ReadOnly=False | Shared=True | Id=9214786
INFO | Candidate: NWB_WBS03 | Scope=instance | Storage=String | ReadOnly=False | Shared=True | Id=9214750
INFO | Candidate: NWB_WBS04 | Scope=instance | Storage=String | ReadOnly=False | Shared=True | Id=9214762
INFO | Candidate: NWB_WBS05 | Scope=instance | Storage=String | ReadOnly=False | Shared=True | Id=9214810
INFO | Candidate: NWB_WBSCode | Scope=instance | Storage=String | ReadOnly=False | Shared=True | Id=9214774
SOURCE | Element 13637420 | Cat=Flex Ducts | Family=Flex Duct Round | Type= | Level=LEVEL 09 | System=Supply Air | LinkedRoomLink= | LinkedRoomNumber= | LinkedRoomName= | LinkedRoomDept= | LinkedRoomBuilding= | LinkedRoomSite= | LinkedRoomSource= | ResolvedDept= | ResolvedBuilding= | ResolvedSite= | DisciplineHint=mechanical | AssetCandidates=flex ducts, ductwork | WBS00=WBH | WBS01=HO | WBS03=Z00 | DesignPkg=NWB-GEN-ME-SCM-1091-A | BuildingPermitPkg=WBH - BP09
WARN | Element 13637420 | Department unresolved | ExistingNWBDepartment= | ExistingWBS00=WBH | ExistingWBS01=HO | ExistingDiscipline=ME
ELEMENT | 13637420 | Cat=Flex Ducts | AssetScore=45 | AssetTypeCode=MDUC | AssetType=Ductwork | AssetCategory=Ductwork | Targets=NWB_AssetTypeCode=MDUC; NWB_AssetType=Ductwork; NWB_Discipline=ME; NWB_Category=Ductwork; NWB_Department=; NWB_Material=; NWB_System=Supply Air; NWB_UniclassCode=Pr_65_65_25; NWB_UniclassDescription=Ductwork and fittings; NWB_DesignPkg=NWB-GEN-ME-SCM-1091-A; NWB_BuildingPermitPkg=WBH - BP09; NWB_WBS00=WBH; NWB_WBS01=HO; NWB_WBS02=09; NWB_WBS03=Z00; NWB_WBS04=ME; NWB_WBS05=SI5; NWB_WBSCode=WBH-HO-09-Z00-ME-SI5
INFO | Candidate: NWB_AssetTypeCode | Scope=instance | Storage=String | ReadOnly=False | Shared=True | Id=7626182
INFO | Candidate: NWB_AssetType | Scope=instance | Storage=String | ReadOnly=False | Shared=True | Id=7626181
INFO | Candidate: NWB_Discipline | Scope=instance | Storage=String | ReadOnly=False | Shared=True | Id=7626159
INFO | Candidate: NWB_Category | Scope=instance | Storage=String | ReadOnly=False | Shared=True | Id=7626160
INFO | Candidate: NWB_Department | Scope=instance | Storage=String | ReadOnly=False | Shared=True | Id=7626168
INFO | Candidate: NWB_System | Scope=instance | Storage=String | ReadOnly=False | Shared=True | Id=7626163
INFO | Candidate: NWB_UniclassCode | Scope=instance | Storage=String | ReadOnly=False | Shared=True | Id=7626165
INFO | Candidate: NWB_UniclassDescription | Scope=instance | Storage=String | ReadOnly=False | Shared=True | Id=7626166
INFO | Candidate: NWB_DesignPkg | Scope=instance | Storage=String | ReadOnly=False | Shared=True | Id=7626167
ERROR | Element 13932151 | Category=Air Terminals | Family= | Parameter=NWB_BuildingPermitPkg | Reason=missing | Writable sample: AHU_AreaServed, AHU_Serves, AHU_Type, AHU_ZoneNumber, AQ, Building_No, COMPLETE Y/N, Classification.UniFormat.2010.Description, Classification.UniFormat.2010.Number, Comments, Export to IFC, Export to IFC As, Family, Family and Type, Flow, IFC Predefined Type, IfcGUID, Image, Legend Description, Location
INFO | Candidate: NWB_WBS00 | Scope=instance | Storage=String | ReadOnly=True | Shared=True | Id=9214738
ERROR | Element 13932151 | Category=Air Terminals | Family= | Parameter=NWB_WBS00 | Reason=readonly | Writable sample: AHU_AreaServed, AHU_Serves, AHU_Type, AHU_ZoneNumber, AQ, Building_No, COMPLETE Y/N, Classification.UniFormat.2010.Description, Classification.UniFormat.2010.Number, Comments, Export to IFC, Export to IFC As, Family, Family and Type, Flow, IFC Predefined Type, IfcGUID, Image, Legend Description, Location
INFO | Candidate: NWB_WBS01 | Scope=instance | Storage=String | ReadOnly=True | Shared=True | Id=9214798
ERROR | Element 13932151 | Category=Air Terminals | Family= | Parameter=NWB_WBS01 | Reason=readonly | Writable sample: AHU_AreaServed, AHU_Serves, AHU_Type, AHU_ZoneNumber, AQ, Building_No, COMPLETE Y/N, Classification.UniFormat.2010.Description, Classification.UniFormat.2010.Number, Comments, Export to IFC, Export to IFC As, Family, Family and Type, Flow, IFC Predefined Type, IfcGUID, Image, Legend Description, Location
INFO | Candidate: NWB_WBS02 | Scope=instance | Storage=String | ReadOnly=False | Shared=True | Id=9214786
INFO | Candidate: NWB_WBS03 | Scope=instance | Storage=String | ReadOnly=False | Shared=True | Id=9214750
INFO | Candidate: NWB_WBS04 | Scope=instance | Storage=String | ReadOnly=True | Shared=True | Id=9214762
ERROR | Element 13932151 | Category=Air Terminals | Family= | Parameter=NWB_WBS04 | Reason=readonly | Writable sample: AHU_AreaServed, AHU_Serves, AHU_Type, AHU_ZoneNumber, AQ, Building_No, COMPLETE Y/N, Classification.UniFormat.2010.Description, Classification.UniFormat.2010.Number, Comments, Export to IFC, Export to IFC As, Family, Family and Type, Flow, IFC Predefined Type, IfcGUID, Image, Legend Description, Location
INFO | Candidate: NWB_WBS05 | Scope=instance | Storage=String | ReadOnly=True | Shared=True | Id=9214810
ERROR | Element 13932151 | Category=Air Terminals | Family= | Parameter=NWB_WBS05 | Reason=readonly | Writable sample: AHU_AreaServed, AHU_Serves, AHU_Type, AHU_ZoneNumber, AQ, Building_No, COMPLETE Y/N, Classification.UniFormat.2010.Description, Classification.UniFormat.2010.Number, Comments, Export to IFC, Export to IFC As, Family, Family and Type, Flow, IFC Predefined Type, IfcGUID, Image, Legend Description, Location
INFO | Candidate: NWB_WBSCode | Scope=instance | Storage=String | ReadOnly=False | Shared=True | Id=9214774
SOURCE | Element 13932151 | Cat=Air Terminals | Family=MHT-ME-AT - Supply Air Grille | Type= | Level= | System=Supply Air | LinkedRoomLink=NWB-ACD-WBH-MH-MOD-0001 | LinkedRoomNumber=HDU.09.085 | LinkedRoomName=1 Bed Room, Intensive Care (Bariatric) | LinkedRoomDept=High Dependency Unit | LinkedRoomBuilding= | LinkedRoomSite= | LinkedRoomSource=self | ResolvedDept=High Dependency Unit | ResolvedBuilding= | ResolvedSite= | DisciplineHint=mechanical | AssetCandidates=air terminals, air terminal | WBS00=WBH | WBS01=HO | WBS03=HDU | DesignPkg=NWB-GEN-ME-SCM-1091-A | BuildingPermitPkg=WBH - BP09
ELEMENT | 13932151 | Cat=Air Terminals | AssetScore=45 | AssetTypeCode=MSAG | AssetType=Supply Air Grille | AssetCategory=Air Terminal | Targets=NWB_AssetTypeCode=MSAG; NWB_AssetType=Supply Air Grille; NWB_Discipline=ME; NWB_Category=Air Terminal; NWB_Department=High Dependency Unit; NWB_Material=; NWB_System=Supply Air; NWB_UniclassCode=Pr_70_65_04_03; NWB_UniclassDescription=Air grilles; NWB_DesignPkg=NWB-GEN-ME-SCM-1091-A; NWB_BuildingPermitPkg=WBH - BP09; NWB_WBS00=WBH; NWB_WBS01=HO; NWB_WBS02=09; NWB_WBS03=HDU; NWB_WBS04=ME; NWB_WBS05=SI5; NWB_WBSCode=WBH-HO-09-HDU-ME-SI5
INFO | Candidate: NWB_AssetTypeCode | Scope=instance | Storage=String | ReadOnly=False | Shared=True | Id=7626182
INFO | Candidate: NWB_AssetType | Scope=instance | Storage=String | ReadOnly=False | Shared=True | Id=7626181
INFO | Candidate: NWB_Discipline | Scope=instance | Storage=String | ReadOnly=False | Shared=True | Id=7626159
INFO | Candidate: NWB_Category | Scope=instance | Storage=String | ReadOnly=False | Shared=True | Id=7626160
INFO | Candidate: NWB_Department | Scope=instance | Storage=String | ReadOnly=False | Shared=True | Id=7626168
INFO | Candidate: NWB_System | Scope=instance | Storage=String | ReadOnly=False | Shared=True | Id=7626163
INFO | Candidate: NWB_UniclassCode | Scope=instance | Storage=String | ReadOnly=False | Shared=True | Id=7626165
INFO | Candidate: NWB_UniclassDescription | Scope=instance | Storage=String | ReadOnly=False | Shared=True | Id=7626166
INFO | Candidate: NWB_DesignPkg | Scope=instance | Storage=String | ReadOnly=False | Shared=True | Id=7626167
ERROR | Element 14671174 | Category=Air Terminals | Family= | Parameter=NWB_BuildingPermitPkg | Reason=missing | Writable sample: AHU_AreaServed, AHU_Serves, AHU_Type, AHU_ZoneNumber, AQ, Building_No, COMPLETE Y/N, Classification.UniFormat.2010.Description, Classification.UniFormat.2010.Number, Comments, Elevation from Level, Export to IFC, Export to IFC As, Family, Family and Type, Flow, IFC Predefined Type, IfcGUID, Image, Legend Description
INFO | Candidate: NWB_WBS00 | Scope=instance | Storage=String | ReadOnly=True | Shared=True | Id=9214738
ERROR | Element 14671174 | Category=Air Terminals | Family= | Parameter=NWB_WBS00 | Reason=readonly | Writable sample: AHU_AreaServed, AHU_Serves, AHU_Type, AHU_ZoneNumber, AQ, Building_No, COMPLETE Y/N, Classification.UniFormat.2010.Description, Classification.UniFormat.2010.Number, Comments, Elevation from Level, Export to IFC, Export to IFC As, Family, Family and Type, Flow, IFC Predefined Type, IfcGUID, Image, Legend Description
INFO | Candidate: NWB_WBS01 | Scope=instance | Storage=String | ReadOnly=True | Shared=True | Id=9214798
ERROR | Element 14671174 | Category=Air Terminals | Family= | Parameter=NWB_WBS01 | Reason=readonly | Writable sample: AHU_AreaServed, AHU_Serves, AHU_Type, AHU_ZoneNumber, AQ, Building_No, COMPLETE Y/N, Classification.UniFormat.2010.Description, Classification.UniFormat.2010.Number, Comments, Elevation from Level, Export to IFC, Export to IFC As, Family, Family and Type, Flow, IFC Predefined Type, IfcGUID, Image, Legend Description
INFO | Candidate: NWB_WBS02 | Scope=instance | Storage=String | ReadOnly=False | Shared=True | Id=9214786
INFO | Candidate: NWB_WBS03 | Scope=instance | Storage=String | ReadOnly=False | Shared=True | Id=9214750
INFO | Candidate: NWB_WBS04 | Scope=instance | Storage=String | ReadOnly=True | Shared=True | Id=9214762
ERROR | Element 14671174 | Category=Air Terminals | Family= | Parameter=NWB_WBS04 | Reason=readonly | Writable sample: AHU_AreaServed, AHU_Serves, AHU_Type, AHU_ZoneNumber, AQ, Building_No, COMPLETE Y/N, Classification.UniFormat.2010.Description, Classification.UniFormat.2010.Number, Comments, Elevation from Level, Export to IFC, Export to IFC As, Family, Family and Type, Flow, IFC Predefined Type, IfcGUID, Image, Legend Description
INFO | Candidate: NWB_WBS05 | Scope=instance | Storage=String | ReadOnly=True | Shared=True | Id=9214810
ERROR | Element 14671174 | Category=Air Terminals | Family= | Parameter=NWB_WBS05 | Reason=readonly | Writable sample: AHU_AreaServed, AHU_Serves, AHU_Type, AHU_ZoneNumber, AQ, Building_No, COMPLETE Y/N, Classification.UniFormat.2010.Description, Classification.UniFormat.2010.Number, Comments, Elevation from Level, Export to IFC, Export to IFC As, Family, Family and Type, Flow, IFC Predefined Type, IfcGUID, Image, Legend Description
INFO | Candidate: NWB_WBSCode | Scope=instance | Storage=String | ReadOnly=False | Shared=True | Id=9214774
SOURCE | Element 14671174 | Cat=Air Terminals | Family=MHT_AT_RA ECG cw plenum | Type= | Level=LEVEL 09 | System=Return Air | LinkedRoomLink=NWB-ACD-WBH-MH-MOD-0001 | LinkedRoomNumber=HDU.09.104 | LinkedRoomName=Store - General | LinkedRoomDept=High Dependency Unit | LinkedRoomBuilding= | LinkedRoomSite= | LinkedRoomSource=self | ResolvedDept=High Dependency Unit | ResolvedBuilding= | ResolvedSite= | DisciplineHint=mechanical | AssetCandidates=air terminals, air terminal | WBS00=WBH | WBS01=HO | WBS03=HDU | DesignPkg=NWB-GEN-ME-SCM-1091-A | BuildingPermitPkg=WBH - BP09
ELEMENT | 14671174 | Cat=Air Terminals | AssetScore=36 | AssetTypeCode=MAGS | AssetType=Air Grilles | AssetCategory=Air Terminal | Targets=NWB_AssetTypeCode=MAGS; NWB_AssetType=Air Grilles; NWB_Discipline=ME; NWB_Category=Air Terminal; NWB_Department=High Dependency Unit; NWB_Material=; NWB_System=Return Air; NWB_UniclassCode=Pr_70_65_04_03; NWB_UniclassDescription=Air grilles; NWB_DesignPkg=NWB-GEN-ME-SCM-1091-A; NWB_BuildingPermitPkg=WBH - BP09; NWB_WBS00=WBH; NWB_WBS01=HO; NWB_WBS02=09; NWB_WBS03=HDU; NWB_WBS04=ME; NWB_WBS05=SI5; NWB_WBSCode=WBH-HO-09-HDU-ME-SI5
INFO | Candidate: NWB_AssetTypeCode | Scope=instance | Storage=String | ReadOnly=False | Shared=True | Id=7626182
INFO | Candidate: NWB_AssetType | Scope=instance | Storage=String | ReadOnly=False | Shared=True | Id=7626181
INFO | Candidate: NWB_Discipline | Scope=instance | Storage=String | ReadOnly=False | Shared=True | Id=7626159
INFO | Candidate: NWB_Category | Scope=instance | Storage=String | ReadOnly=False | Shared=True | Id=7626160
INFO | Candidate: NWB_Department | Scope=instance | Storage=String | ReadOnly=False | Shared=True | Id=7626168
INFO | Candidate: NWB_System | Scope=instance | Storage=String | ReadOnly=False | Shared=True | Id=7626163
INFO | Candidate: NWB_UniclassCode | Scope=instance | Storage=String | ReadOnly=False | Shared=True | Id=7626165
INFO | Candidate: NWB_UniclassDescription | Scope=instance | Storage=String | ReadOnly=False | Shared=True | Id=7626166
INFO | Candidate: NWB_DesignPkg | Scope=instance | Storage=String | ReadOnly=False | Shared=True | Id=7626167
ERROR | Element 14671260 | Category=Air Terminals | Family= | Parameter=NWB_BuildingPermitPkg | Reason=missing | Writable sample: AHU_AreaServed, AHU_Serves, AHU_Type, AHU_ZoneNumber, AQ, Building_No, COMPLETE Y/N, Classification.UniFormat.2010.Description, Classification.UniFormat.2010.Number, Comments, Elevation from Level, Export to IFC, Export to IFC As, Family, Family and Type, Flow, IFC Predefined Type, IfcGUID, Image, Legend Description
INFO | Candidate: NWB_WBS00 | Scope=instance | Storage=String | ReadOnly=True | Shared=True | Id=9214738
ERROR | Element 14671260 | Category=Air Terminals | Family= | Parameter=NWB_WBS00 | Reason=readonly | Writable sample: AHU_AreaServed, AHU_Serves, AHU_Type, AHU_ZoneNumber, AQ, Building_No, COMPLETE Y/N, Classification.UniFormat.2010.Description, Classification.UniFormat.2010.Number, Comments, Elevation from Level, Export to IFC, Export to IFC As, Family, Family and Type, Flow, IFC Predefined Type, IfcGUID, Image, Legend Description
INFO | Candidate: NWB_WBS01 | Scope=instance | Storage=String | ReadOnly=True | Shared=True | Id=9214798
ERROR | Element 14671260 | Category=Air Terminals | Family= | Parameter=NWB_WBS01 | Reason=readonly | Writable sample: AHU_AreaServed, AHU_Serves, AHU_Type, AHU_ZoneNumber, AQ, Building_No, COMPLETE Y/N, Classification.UniFormat.2010.Description, Classification.UniFormat.2010.Number, Comments, Elevation from Level, Export to IFC, Export to IFC As, Family, Family and Type, Flow, IFC Predefined Type, IfcGUID, Image, Legend Description
INFO | Candidate: NWB_WBS02 | Scope=instance | Storage=String | ReadOnly=False | Shared=True | Id=9214786
INFO | Candidate: NWB_WBS03 | Scope=instance | Storage=String | ReadOnly=False | Shared=True | Id=9214750
INFO | Candidate: NWB_WBS04 | Scope=instance | Storage=String | ReadOnly=True | Shared=True | Id=9214762
ERROR | Element 14671260 | Category=Air Terminals | Family= | Parameter=NWB_WBS04 | Reason=readonly | Writable sample: AHU_AreaServed, AHU_Serves, AHU_Type, AHU_ZoneNumber, AQ, Building_No, COMPLETE Y/N, Classification.UniFormat.2010.Description, Classification.UniFormat.2010.Number, Comments, Elevation from Level, Export to IFC, Export to IFC As, Family, Family and Type, Flow, IFC Predefined Type, IfcGUID, Image, Legend Description
INFO | Candidate: NWB_WBS05 | Scope=instance | Storage=String | ReadOnly=True | Shared=True | Id=9214810
ERROR | Element 14671260 | Category=Air Terminals | Family= | Parameter=NWB_WBS05 | Reason=readonly | Writable sample: AHU_AreaServed, AHU_Serves, AHU_Type, AHU_ZoneNumber, AQ, Building_No, COMPLETE Y/N, Classification.UniFormat.2010.Description, Classification.UniFormat.2010.Number, Comments, Elevation from Level, Export to IFC, Export to IFC As, Family, Family and Type, Flow, IFC Predefined Type, IfcGUID, Image, Legend Description
INFO | Candidate: NWB_WBSCode | Scope=instance | Storage=String | ReadOnly=False | Shared=True | Id=9214774
SOURCE | Element 14671260 | Cat=Air Terminals | Family=MHT_AT_RA ECG cw plenum | Type= | Level=LEVEL 09 | System=Return Air | LinkedRoomLink=NWB-ACD-WBH-MH-MOD-0001 | LinkedRoomNumber=HDU.09.073 | LinkedRoomName=1 Bed Room, Intensive Care | LinkedRoomDept=High Dependency Unit | LinkedRoomBuilding= | LinkedRoomSite= | LinkedRoomSource=self | ResolvedDept=High Dependency Unit | ResolvedBuilding= | ResolvedSite= | DisciplineHint=mechanical | AssetCandidates=air terminals, air terminal | WBS00=WBH | WBS01=HO | WBS03=HDU | DesignPkg=NWB-GEN-ME-SCM-1091-A | BuildingPermitPkg=WBH - BP09
ELEMENT | 14671260 | Cat=Air Terminals | AssetScore=36 | AssetTypeCode=MAGS | AssetType=Air Grilles | AssetCategory=Air Terminal | Targets=NWB_AssetTypeCode=MAGS; NWB_AssetType=Air Grilles; NWB_Discipline=ME; NWB_Category=Air Terminal; NWB_Department=High Dependency Unit; NWB_Material=; NWB_System=Return Air; NWB_UniclassCode=Pr_70_65_04_03; NWB_UniclassDescription=Air grilles; NWB_DesignPkg=NWB-GEN-ME-SCM-1091-A; NWB_BuildingPermitPkg=WBH - BP09; NWB_WBS00=WBH; NWB_WBS01=HO; NWB_WBS02=09; NWB_WBS03=HDU; NWB_WBS04=ME; NWB_WBS05=SI5; NWB_WBSCode=WBH-HO-09-HDU-ME-SI5
INFO | Candidate: NWB_AssetTypeCode | Scope=instance | Storage=String | ReadOnly=False | Shared=True | Id=7626182
INFO | Candidate: NWB_AssetType | Scope=instance | Storage=String | ReadOnly=False | Shared=True | Id=7626181
INFO | Candidate: NWB_Discipline | Scope=instance | Storage=String | ReadOnly=False | Shared=True | Id=7626159
INFO | Candidate: NWB_Category | Scope=instance | Storage=String | ReadOnly=False | Shared=True | Id=7626160
INFO | Candidate: NWB_System | Scope=instance | Storage=String | ReadOnly=False | Shared=True | Id=7626163
INFO | Candidate: NWB_UniclassCode | Scope=instance | Storage=String | ReadOnly=False | Shared=True | Id=7626165
INFO | Candidate: NWB_UniclassDescription | Scope=instance | Storage=String | ReadOnly=False | Shared=True | Id=7626166
INFO | Candidate: NWB_DesignPkg | Scope=instance | Storage=String | ReadOnly=False | Shared=True | Id=7626167
ERROR | Element 14671291 | Category=Duct Fittings | Family= | Parameter=NWB_BuildingPermitPkg | Reason=missing | Writable sample: AHU, AHU_AreaServed, AHU_Serves, AHU_Type, AHU_ZoneNumber, Building_No, COMPLETE Y/N, Classification.OmniClass.21.Description_INSTANCE, Classification.OmniClass.21.Number_INSTANCE, Classification.OmniClass.22.Description_INSTANCE, Classification.OmniClass.22.Number_INSTANCE, Classification.OmniClass.23.Description_INSTANCE, Classification.OmniClass.23.Number_INSTANCE, Classification.UniFormat.2010.Description, Classification.UniFormat.2010.Number, Comments, Description BOM Suffix, Duct Diameter, Ductwork Insulation - Lining, Elevation from Level
INFO | Candidate: NWB_WBS00 | Scope=instance | Storage=String | ReadOnly=False | Shared=True | Id=9214738
INFO | Candidate: NWB_WBS01 | Scope=instance | Storage=String | ReadOnly=False | Shared=True | Id=9214798
INFO | Candidate: NWB_WBS02 | Scope=instance | Storage=String | ReadOnly=False | Shared=True | Id=9214786
INFO | Candidate: NWB_WBS03 | Scope=instance | Storage=String | ReadOnly=False | Shared=True | Id=9214750
INFO | Candidate: NWB_WBS04 | Scope=instance | Storage=String | ReadOnly=False | Shared=True | Id=9214762
INFO | Candidate: NWB_WBS05 | Scope=instance | Storage=String | ReadOnly=False | Shared=True | Id=9214810
INFO | Candidate: NWB_WBSCode | Scope=instance | Storage=String | ReadOnly=False | Shared=True | Id=9214774
SOURCE | Element 14671291 | Cat=Duct Fittings | Family=MHT_DF_Spigot | Type= | Level=LEVEL 09 | System=Return Air | LinkedRoomLink= | LinkedRoomNumber= | LinkedRoomName= | LinkedRoomDept= | LinkedRoomBuilding= | LinkedRoomSite= | LinkedRoomSource= | ResolvedDept= | ResolvedBuilding= | ResolvedSite= | DisciplineHint=mechanical | AssetCandidates=duct fittings, ductwork, damper, motorised damper | WBS00=WBH | WBS01=HO | WBS03=Z00 | DesignPkg=NWB-GEN-ME-SCM-1091-A | BuildingPermitPkg=WBH - BP09
WARN | Element 14671291 | Department unresolved | ExistingNWBDepartment= | ExistingWBS00=WBH | ExistingWBS01=HO | ExistingDiscipline=ME
ELEMENT | 14671291 | Cat=Duct Fittings | AssetScore=45 | AssetTypeCode=MDUC | AssetType=Ductwork | AssetCategory=Ductwork | Targets=NWB_AssetTypeCode=MDUC; NWB_AssetType=Ductwork; NWB_Discipline=ME; NWB_Category=Ductwork; NWB_Department=; NWB_Material=; NWB_System=Return Air; NWB_UniclassCode=Pr_65_65_25; NWB_UniclassDescription=Ductwork and fittings; NWB_DesignPkg=NWB-GEN-ME-SCM-1091-A; NWB_BuildingPermitPkg=WBH - BP09; NWB_WBS00=WBH; NWB_WBS01=HO; NWB_WBS02=09; NWB_WBS03=Z00; NWB_WBS04=ME; NWB_WBS05=SI5; NWB_WBSCode=WBH-HO-09-Z00-ME-SI5
INFO | Candidate: NWB_AssetTypeCode | Scope=instance | Storage=String | ReadOnly=False | Shared=True | Id=7626182
INFO | Candidate: NWB_AssetType | Scope=instance | Storage=String | ReadOnly=False | Shared=True | Id=7626181
INFO | Candidate: NWB_Discipline | Scope=instance | Storage=String | ReadOnly=False | Shared=True | Id=7626159
INFO | Candidate: NWB_Category | Scope=instance | Storage=String | ReadOnly=False | Shared=True | Id=7626160
INFO | Candidate: NWB_Department | Scope=instance | Storage=String | ReadOnly=False | Shared=True | Id=7626168
INFO | Candidate: NWB_System | Scope=instance | Storage=String | ReadOnly=False | Shared=True | Id=7626163
INFO | Candidate: NWB_UniclassCode | Scope=instance | Storage=String | ReadOnly=False | Shared=True | Id=7626165
INFO | Candidate: NWB_UniclassDescription | Scope=instance | Storage=String | ReadOnly=False | Shared=True | Id=7626166
INFO | Candidate: NWB_DesignPkg | Scope=instance | Storage=String | ReadOnly=False | Shared=True | Id=7626167
ERROR | Element 14671327 | Category=Air Terminals | Family= | Parameter=NWB_BuildingPermitPkg | Reason=missing | Writable sample: AHU_AreaServed, AHU_Serves, AHU_Type, AHU_ZoneNumber, AQ, Building_No, COMPLETE Y/N, Classification.UniFormat.2010.Description, Classification.UniFormat.2010.Number, Comments, Elevation from Level, Export to IFC, Export to IFC As, Family, Family and Type, Flow, IFC Predefined Type, IfcGUID, Image, Legend Description
INFO | Candidate: NWB_WBS00 | Scope=instance | Storage=String | ReadOnly=True | Shared=True | Id=9214738
ERROR | Element 14671327 | Category=Air Terminals | Family= | Parameter=NWB_WBS00 | Reason=readonly | Writable sample: AHU_AreaServed, AHU_Serves, AHU_Type, AHU_ZoneNumber, AQ, Building_No, COMPLETE Y/N, Classification.UniFormat.2010.Description, Classification.UniFormat.2010.Number, Comments, Elevation from Level, Export to IFC, Export to IFC As, Family, Family and Type, Flow, IFC Predefined Type, IfcGUID, Image, Legend Description
INFO | Candidate: NWB_WBS01 | Scope=instance | Storage=String | ReadOnly=True | Shared=True | Id=9214798
ERROR | Element 14671327 | Category=Air Terminals | Family= | Parameter=NWB_WBS01 | Reason=readonly | Writable sample: AHU_AreaServed, AHU_Serves, AHU_Type, AHU_ZoneNumber, AQ, Building_No, COMPLETE Y/N, Classification.UniFormat.2010.Description, Classification.UniFormat.2010.Number, Comments, Elevation from Level, Export to IFC, Export to IFC As, Family, Family and Type, Flow, IFC Predefined Type, IfcGUID, Image, Legend Description
INFO | Candidate: NWB_WBS02 | Scope=instance | Storage=String | ReadOnly=False | Shared=True | Id=9214786
INFO | Candidate: NWB_WBS03 | Scope=instance | Storage=String | ReadOnly=False | Shared=True | Id=9214750
INFO | Candidate: NWB_WBS04 | Scope=instance | Storage=String | ReadOnly=True | Shared=True | Id=9214762
ERROR | Element 14671327 | Category=Air Terminals | Family= | Parameter=NWB_WBS04 | Reason=readonly | Writable sample: AHU_AreaServed, AHU_Serves, AHU_Type, AHU_ZoneNumber, AQ, Building_No, COMPLETE Y/N, Classification.UniFormat.2010.Description, Classification.UniFormat.2010.Number, Comments, Elevation from Level, Export to IFC, Export to IFC As, Family, Family and Type, Flow, IFC Predefined Type, IfcGUID, Image, Legend Description
INFO | Candidate: NWB_WBS05 | Scope=instance | Storage=String | ReadOnly=True | Shared=True | Id=9214810
ERROR | Element 14671327 | Category=Air Terminals | Family= | Parameter=NWB_WBS05 | Reason=readonly | Writable sample: AHU_AreaServed, AHU_Serves, AHU_Type, AHU_ZoneNumber, AQ, Building_No, COMPLETE Y/N, Classification.UniFormat.2010.Description, Classification.UniFormat.2010.Number, Comments, Elevation from Level, Export to IFC, Export to IFC As, Family, Family and Type, Flow, IFC Predefined Type, IfcGUID, Image, Legend Description
INFO | Candidate: NWB_WBSCode | Scope=instance | Storage=String | ReadOnly=False | Shared=True | Id=9214774
SOURCE | Element 14671327 | Cat=Air Terminals | Family=MHT_AT_RA ECG cw plenum | Type= | Level=LEVEL 09 | System=Return Air | LinkedRoomLink=NWB-ACD-WBH-MH-MOD-0001 | LinkedRoomNumber=HDU.09.085 | LinkedRoomName=1 Bed Room, Intensive Care (Bariatric) | LinkedRoomDept=High Dependency Unit | LinkedRoomBuilding= | LinkedRoomSite= | LinkedRoomSource=self | ResolvedDept=High Dependency Unit | ResolvedBuilding= | ResolvedSite= | DisciplineHint=mechanical | AssetCandidates=air terminals, air terminal | WBS00=WBH | WBS01=HO | WBS03=HDU | DesignPkg=NWB-GEN-ME-SCM-1091-A | BuildingPermitPkg=WBH - BP09
ELEMENT | 14671327 | Cat=Air Terminals | AssetScore=36 | AssetTypeCode=MAGS | AssetType=Air Grilles | AssetCategory=Air Terminal | Targets=NWB_AssetTypeCode=MAGS; NWB_AssetType=Air Grilles; NWB_Discipline=ME; NWB_Category=Air Terminal; NWB_Department=High Dependency Unit; NWB_Material=; NWB_System=Return Air; NWB_UniclassCode=Pr_70_65_04_03; NWB_UniclassDescription=Air grilles; NWB_DesignPkg=NWB-GEN-ME-SCM-1091-A; NWB_BuildingPermitPkg=WBH - BP09; NWB_WBS00=WBH; NWB_WBS01=HO; NWB_WBS02=09; NWB_WBS03=HDU; NWB_WBS04=ME; NWB_WBS05=SI5; NWB_WBSCode=WBH-HO-09-HDU-ME-SI5
INFO | Candidate: NWB_AssetTypeCode | Scope=instance | Storage=String | ReadOnly=False | Shared=True | Id=7626182
INFO | Candidate: NWB_AssetType | Scope=instance | Storage=String | ReadOnly=False | Shared=True | Id=7626181
INFO | Candidate: NWB_Discipline | Scope=instance | Storage=String | ReadOnly=False | Shared=True | Id=7626159
INFO | Candidate: NWB_Category | Scope=instance | Storage=String | ReadOnly=False | Shared=True | Id=7626160
INFO | Candidate: NWB_System | Scope=instance | Storage=String | ReadOnly=False | Shared=True | Id=7626163
INFO | Candidate: NWB_UniclassCode | Scope=instance | Storage=String | ReadOnly=False | Shared=True | Id=7626165
INFO | Candidate: NWB_UniclassDescription | Scope=instance | Storage=String | ReadOnly=False | Shared=True | Id=7626166
INFO | Candidate: NWB_DesignPkg | Scope=instance | Storage=String | ReadOnly=False | Shared=True | Id=7626167
ERROR | Element 14671407 | Category=Duct Fittings | Family= | Parameter=NWB_BuildingPermitPkg | Reason=missing | Writable sample: AHU, AHU_AreaServed, AHU_Serves, AHU_Type, AHU_ZoneNumber, Building_No, COMPLETE Y/N, Classification.OmniClass.21.Description_INSTANCE, Classification.OmniClass.21.Number_INSTANCE, Classification.OmniClass.22.Description_INSTANCE, Classification.OmniClass.22.Number_INSTANCE, Classification.OmniClass.23.Description_INSTANCE, Classification.OmniClass.23.Number_INSTANCE, Classification.UniFormat.2010.Description, Classification.UniFormat.2010.Number, Comments, Description BOM Suffix, Duct Diameter, Ductwork Insulation - Lining, Elevation from Level
INFO | Candidate: NWB_WBS00 | Scope=instance | Storage=String | ReadOnly=False | Shared=True | Id=9214738
INFO | Candidate: NWB_WBS01 | Scope=instance | Storage=String | ReadOnly=False | Shared=True | Id=9214798
INFO | Candidate: NWB_WBS02 | Scope=instance | Storage=String | ReadOnly=False | Shared=True | Id=9214786
INFO | Candidate: NWB_WBS03 | Scope=instance | Storage=String | ReadOnly=False | Shared=True | Id=9214750
INFO | Candidate: NWB_WBS04 | Scope=instance | Storage=String | ReadOnly=False | Shared=True | Id=9214762
INFO | Candidate: NWB_WBS05 | Scope=instance | Storage=String | ReadOnly=False | Shared=True | Id=9214810
INFO | Candidate: NWB_WBSCode | Scope=instance | Storage=String | ReadOnly=False | Shared=True | Id=9214774
SOURCE | Element 14671407 | Cat=Duct Fittings | Family=MHT_DF_Spigot | Type= | Level=LEVEL 09 | System=Return Air | LinkedRoomLink= | LinkedRoomNumber= | LinkedRoomName= | LinkedRoomDept= | LinkedRoomBuilding= | LinkedRoomSite= | LinkedRoomSource= | ResolvedDept= | ResolvedBuilding= | ResolvedSite= | DisciplineHint=mechanical | AssetCandidates=duct fittings, ductwork, damper, motorised damper | WBS00=WBH | WBS01=HO | WBS03=Z00 | DesignPkg=NWB-GEN-ME-SCM-1091-A | BuildingPermitPkg=WBH - BP09
WARN | Element 14671407 | Department unresolved | ExistingNWBDepartment= | ExistingWBS00=WBH | ExistingWBS01=HO | ExistingDiscipline=ME
ELEMENT | 14671407 | Cat=Duct Fittings | AssetScore=45 | AssetTypeCode=MDUC | AssetType=Ductwork | AssetCategory=Ductwork | Targets=NWB_AssetTypeCode=MDUC; NWB_AssetType=Ductwork; NWB_Discipline=ME; NWB_Category=Ductwork; NWB_Department=; NWB_Material=; NWB_System=Return Air; NWB_UniclassCode=Pr_65_65_25; NWB_UniclassDescription=Ductwork and fittings; NWB_DesignPkg=NWB-GEN-ME-SCM-1091-A; NWB_BuildingPermitPkg=WBH - BP09; NWB_WBS00=WBH; NWB_WBS01=HO; NWB_WBS02=09; NWB_WBS03=Z00; NWB_WBS04=ME; NWB_WBS05=SI5; NWB_WBSCode=WBH-HO-09-Z00-ME-SI5
INFO | Candidate: NWB_AssetTypeCode | Scope=instance | Storage=String | ReadOnly=False | Shared=True | Id=7626182
INFO | Candidate: NWB_AssetType | Scope=instance | Storage=String | ReadOnly=False | Shared=True | Id=7626181
INFO | Candidate: NWB_Discipline | Scope=instance | Storage=String | ReadOnly=False | Shared=True | Id=7626159
INFO | Candidate: NWB_Category | Scope=instance | Storage=String | ReadOnly=False | Shared=True | Id=7626160
INFO | Candidate: NWB_Department | Scope=instance | Storage=String | ReadOnly=False | Shared=True | Id=7626168
INFO | Candidate: NWB_System | Scope=instance | Storage=String | ReadOnly=False | Shared=True | Id=7626163
INFO | Candidate: NWB_UniclassCode | Scope=instance | Storage=String | ReadOnly=False | Shared=True | Id=7626165
INFO | Candidate: NWB_UniclassDescription | Scope=instance | Storage=String | ReadOnly=False | Shared=True | Id=7626166
INFO | Candidate: NWB_DesignPkg | Scope=instance | Storage=String | ReadOnly=False | Shared=True | Id=7626167
ERROR | Element 14671506 | Category=Air Terminals | Family= | Parameter=NWB_BuildingPermitPkg | Reason=missing | Writable sample: AHU_AreaServed, AHU_Serves, AHU_Type, AHU_ZoneNumber, AQ, Building_No, COMPLETE Y/N, Classification.UniFormat.2010.Description, Classification.UniFormat.2010.Number, Comments, Elevation from Level, Export to IFC, Export to IFC As, Family, Family and Type, Flow, IFC Predefined Type, IfcGUID, Image, Legend Description
INFO | Candidate: NWB_WBS00 | Scope=instance | Storage=String | ReadOnly=True | Shared=True | Id=9214738
ERROR | Element 14671506 | Category=Air Terminals | Family= | Parameter=NWB_WBS00 | Reason=readonly | Writable sample: AHU_AreaServed, AHU_Serves, AHU_Type, AHU_ZoneNumber, AQ, Building_No, COMPLETE Y/N, Classification.UniFormat.2010.Description, Classification.UniFormat.2010.Number, Comments, Elevation from Level, Export to IFC, Export to IFC As, Family, Family and Type, Flow, IFC Predefined Type, IfcGUID, Image, Legend Description
INFO | Candidate: NWB_WBS01 | Scope=instance | Storage=String | ReadOnly=True | Shared=True | Id=9214798
ERROR | Element 14671506 | Category=Air Terminals | Family= | Parameter=NWB_WBS01 | Reason=readonly | Writable sample: AHU_AreaServed, AHU_Serves, AHU_Type, AHU_ZoneNumber, AQ, Building_No, COMPLETE Y/N, Classification.UniFormat.2010.Description, Classification.UniFormat.2010.Number, Comments, Elevation from Level, Export to IFC, Export to IFC As, Family, Family and Type, Flow, IFC Predefined Type, IfcGUID, Image, Legend Description
INFO | Candidate: NWB_WBS02 | Scope=instance | Storage=String | ReadOnly=False | Shared=True | Id=9214786
INFO | Candidate: NWB_WBS03 | Scope=instance | Storage=String | ReadOnly=False | Shared=True | Id=9214750
INFO | Candidate: NWB_WBS04 | Scope=instance | Storage=String | ReadOnly=True | Shared=True | Id=9214762
ERROR | Element 14671506 | Category=Air Terminals | Family= | Parameter=NWB_WBS04 | Reason=readonly | Writable sample: AHU_AreaServed, AHU_Serves, AHU_Type, AHU_ZoneNumber, AQ, Building_No, COMPLETE Y/N, Classification.UniFormat.2010.Description, Classification.UniFormat.2010.Number, Comments, Elevation from Level, Export to IFC, Export to IFC As, Family, Family and Type, Flow, IFC Predefined Type, IfcGUID, Image, Legend Description
INFO | Candidate: NWB_WBS05 | Scope=instance | Storage=String | ReadOnly=True | Shared=True | Id=9214810
ERROR | Element 14671506 | Category=Air Terminals | Family= | Parameter=NWB_WBS05 | Reason=readonly | Writable sample: AHU_AreaServed, AHU_Serves, AHU_Type, AHU_ZoneNumber, AQ, Building_No, COMPLETE Y/N, Classification.UniFormat.2010.Description, Classification.UniFormat.2010.Number, Comments, Elevation from Level, Export to IFC, Export to IFC As, Family, Family and Type, Flow, IFC Predefined Type, IfcGUID, Image, Legend Description
INFO | Candidate: NWB_WBSCode | Scope=instance | Storage=String | ReadOnly=False | Shared=True | Id=9214774
SOURCE | Element 14671506 | Cat=Air Terminals | Family=MHT_AT_RA ECG cw plenum | Type= | Level=LEVEL 09 | System=Return Air | LinkedRoomLink=NWB-ACD-WBH-MH-MOD-0001 | LinkedRoomNumber=HDU.09.124 | LinkedRoomName=Office, 1 Person | LinkedRoomDept=High Dependency Unit | LinkedRoomBuilding= | LinkedRoomSite= | LinkedRoomSource=self | ResolvedDept=High Dependency Unit | ResolvedBuilding= | ResolvedSite= | DisciplineHint=mechanical | AssetCandidates=air terminals, air terminal | WBS00=WBH | WBS01=HO | WBS03=HDU | DesignPkg=NWB-GEN-ME-SCM-1091-A | BuildingPermitPkg=WBH - BP09
ELEMENT | 14671506 | Cat=Air Terminals | AssetScore=36 | AssetTypeCode=MAGS | AssetType=Air Grilles | AssetCategory=Air Terminal | Targets=NWB_AssetTypeCode=MAGS; NWB_AssetType=Air Grilles; NWB_Discipline=ME; NWB_Category=Air Terminal; NWB_Department=High Dependency Unit; NWB_Material=; NWB_System=Return Air; NWB_UniclassCode=Pr_70_65_04_03; NWB_UniclassDescription=Air grilles; NWB_DesignPkg=NWB-GEN-ME-SCM-1091-A; NWB_BuildingPermitPkg=WBH - BP09; NWB_WBS00=WBH; NWB_WBS01=HO; NWB_WBS02=09; NWB_WBS03=HDU; NWB_WBS04=ME; NWB_WBS05=SI5; NWB_WBSCode=WBH-HO-09-HDU-ME-SI5
INFO | Candidate: NWB_AssetTypeCode | Scope=instance | Storage=String | ReadOnly=False | Shared=True | Id=7626182
INFO | Candidate: NWB_AssetType | Scope=instance | Storage=String | ReadOnly=False | Shared=True | Id=7626181
INFO | Candidate: NWB_Discipline | Scope=instance | Storage=String | ReadOnly=False | Shared=True | Id=7626159
INFO | Candidate: NWB_Category | Scope=instance | Storage=String | ReadOnly=False | Shared=True | Id=7626160
INFO | Candidate: NWB_Department | Scope=instance | Storage=String | ReadOnly=False | Shared=True | Id=7626168
INFO | Candidate: NWB_System | Scope=instance | Storage=String | ReadOnly=False | Shared=True | Id=7626163
INFO | Candidate: NWB_UniclassCode | Scope=instance | Storage=String | ReadOnly=False | Shared=True | Id=7626165
INFO | Candidate: NWB_UniclassDescription | Scope=instance | Storage=String | ReadOnly=False | Shared=True | Id=7626166
INFO | Candidate: NWB_DesignPkg | Scope=instance | Storage=String | ReadOnly=False | Shared=True | Id=7626167
ERROR | Element 14704170 | Category=Air Terminals | Family= | Parameter=NWB_BuildingPermitPkg | Reason=missing | Writable sample: AHU_AreaServed, AHU_Serves, AHU_Type, AHU_ZoneNumber, AQ, Building_No, COMPLETE Y/N, Classification.UniFormat.2010.Description, Classification.UniFormat.2010.Number, Comments, Elevation from Level, Export to IFC, Export to IFC As, Family, Family and Type, Flow, IFC Predefined Type, IfcGUID, Image, Legend Description
INFO | Candidate: NWB_WBS00 | Scope=instance | Storage=String | ReadOnly=True | Shared=True | Id=9214738
ERROR | Element 14704170 | Category=Air Terminals | Family= | Parameter=NWB_WBS00 | Reason=readonly | Writable sample: AHU_AreaServed, AHU_Serves, AHU_Type, AHU_ZoneNumber, AQ, Building_No, COMPLETE Y/N, Classification.UniFormat.2010.Description, Classification.UniFormat.2010.Number, Comments, Elevation from Level, Export to IFC, Export to IFC As, Family, Family and Type, Flow, IFC Predefined Type, IfcGUID, Image, Legend Description
INFO | Candidate: NWB_WBS01 | Scope=instance | Storage=String | ReadOnly=True | Shared=True | Id=9214798
ERROR | Element 14704170 | Category=Air Terminals | Family= | Parameter=NWB_WBS01 | Reason=readonly | Writable sample: AHU_AreaServed, AHU_Serves, AHU_Type, AHU_ZoneNumber, AQ, Building_No, COMPLETE Y/N, Classification.UniFormat.2010.Description, Classification.UniFormat.2010.Number, Comments, Elevation from Level, Export to IFC, Export to IFC As, Family, Family and Type, Flow, IFC Predefined Type, IfcGUID, Image, Legend Description
INFO | Candidate: NWB_WBS02 | Scope=instance | Storage=String | ReadOnly=False | Shared=True | Id=9214786
INFO | Candidate: NWB_WBS03 | Scope=instance | Storage=String | ReadOnly=False | Shared=True | Id=9214750
INFO | Candidate: NWB_WBS04 | Scope=instance | Storage=String | ReadOnly=True | Shared=True | Id=9214762
ERROR | Element 14704170 | Category=Air Terminals | Family= | Parameter=NWB_WBS04 | Reason=readonly | Writable sample: AHU_AreaServed, AHU_Serves, AHU_Type, AHU_ZoneNumber, AQ, Building_No, COMPLETE Y/N, Classification.UniFormat.2010.Description, Classification.UniFormat.2010.Number, Comments, Elevation from Level, Export to IFC, Export to IFC As, Family, Family and Type, Flow, IFC Predefined Type, IfcGUID, Image, Legend Description
INFO | Candidate: NWB_WBS05 | Scope=instance | Storage=String | ReadOnly=True | Shared=True | Id=9214810
ERROR | Element 14704170 | Category=Air Terminals | Family= | Parameter=NWB_WBS05 | Reason=readonly | Writable sample: AHU_AreaServed, AHU_Serves, AHU_Type, AHU_ZoneNumber, AQ, Building_No, COMPLETE Y/N, Classification.UniFormat.2010.Description, Classification.UniFormat.2010.Number, Comments, Elevation from Level, Export to IFC, Export to IFC As, Family, Family and Type, Flow, IFC Predefined Type, IfcGUID, Image, Legend Description
INFO | Candidate: NWB_WBSCode | Scope=instance | Storage=String | ReadOnly=False | Shared=True | Id=9214774
SOURCE | Element 14704170 | Cat=Air Terminals | Family=MHT_AT_RA ECG cw plenum | Type= | Level=LEVEL 09 | System=Return Air | LinkedRoomLink=NWB-ARC-WBH-AR-MOD-0036 | LinkedRoomNumber=HDU.09.081 | LinkedRoomName=Ensuite, Bariatric | LinkedRoomDept=HDU | LinkedRoomBuilding= | LinkedRoomSite= | LinkedRoomSource=self | ResolvedDept=HDU | ResolvedBuilding= | ResolvedSite= | DisciplineHint=mechanical | AssetCandidates=air terminals, air terminal | WBS00=WBH | WBS01=HO | WBS03=HDU | DesignPkg=NWB-GEN-ME-SCM-1091-A | BuildingPermitPkg=WBH - BP09
ELEMENT | 14704170 | Cat=Air Terminals | AssetScore=36 | AssetTypeCode=MAGS | AssetType=Air Grilles | AssetCategory=Air Terminal | Targets=NWB_AssetTypeCode=MAGS; NWB_AssetType=Air Grilles; NWB_Discipline=ME; NWB_Category=Air Terminal; NWB_Department=HDU; NWB_Material=; NWB_System=Return Air; NWB_UniclassCode=Pr_70_65_04_03; NWB_UniclassDescription=Air grilles; NWB_DesignPkg=NWB-GEN-ME-SCM-1091-A; NWB_BuildingPermitPkg=WBH - BP09; NWB_WBS00=WBH; NWB_WBS01=HO; NWB_WBS02=09; NWB_WBS03=HDU; NWB_WBS04=ME; NWB_WBS05=SI5; NWB_WBSCode=WBH-HO-09-HDU-ME-SI5
INFO | Candidate: NWB_AssetTypeCode | Scope=instance | Storage=String | ReadOnly=False | Shared=True | Id=7626182
INFO | Candidate: NWB_AssetType | Scope=instance | Storage=String | ReadOnly=False | Shared=True | Id=7626181
INFO | Candidate: NWB_Discipline | Scope=instance | Storage=String | ReadOnly=False | Shared=True | Id=7626159
INFO | Candidate: NWB_Category | Scope=instance | Storage=String | ReadOnly=False | Shared=True | Id=7626160
INFO | Candidate: NWB_Department | Scope=instance | Storage=String | ReadOnly=False | Shared=True | Id=7626168
INFO | Candidate: NWB_System | Scope=instance | Storage=String | ReadOnly=False | Shared=True | Id=7626163
INFO | Candidate: NWB_UniclassCode | Scope=instance | Storage=String | ReadOnly=False | Shared=True | Id=7626165
INFO | Candidate: NWB_UniclassDescription | Scope=instance | Storage=String | ReadOnly=False | Shared=True | Id=7626166
INFO | Candidate: NWB_DesignPkg | Scope=instance | Storage=String | ReadOnly=False | Shared=True | Id=7626167
ERROR | Element 14704212 | Category=Air Terminals | Family= | Parameter=NWB_BuildingPermitPkg | Reason=missing | Writable sample: AHU_AreaServed, AHU_Serves, AHU_Type, AHU_ZoneNumber, AQ, Building_No, COMPLETE Y/N, Classification.UniFormat.2010.Description, Classification.UniFormat.2010.Number, Comments, Elevation from Level, Export to IFC, Export to IFC As, Family, Family and Type, Flow, IFC Predefined Type, IfcGUID, Image, Legend Description
INFO | Candidate: NWB_WBS00 | Scope=instance | Storage=String | ReadOnly=True | Shared=True | Id=9214738
ERROR | Element 14704212 | Category=Air Terminals | Family= | Parameter=NWB_WBS00 | Reason=readonly | Writable sample: AHU_AreaServed, AHU_Serves, AHU_Type, AHU_ZoneNumber, AQ, Building_No, COMPLETE Y/N, Classification.UniFormat.2010.Description, Classification.UniFormat.2010.Number, Comments, Elevation from Level, Export to IFC, Export to IFC As, Family, Family and Type, Flow, IFC Predefined Type, IfcGUID, Image, Legend Description
INFO | Candidate: NWB_WBS01 | Scope=instance | Storage=String | ReadOnly=True | Shared=True | Id=9214798
ERROR | Element 14704212 | Category=Air Terminals | Family= | Parameter=NWB_WBS01 | Reason=readonly | Writable sample: AHU_AreaServed, AHU_Serves, AHU_Type, AHU_ZoneNumber, AQ, Building_No, COMPLETE Y/N, Classification.UniFormat.2010.Description, Classification.UniFormat.2010.Number, Comments, Elevation from Level, Export to IFC, Export to IFC As, Family, Family and Type, Flow, IFC Predefined Type, IfcGUID, Image, Legend Description
INFO | Candidate: NWB_WBS02 | Scope=instance | Storage=String | ReadOnly=False | Shared=True | Id=9214786
INFO | Candidate: NWB_WBS03 | Scope=instance | Storage=String | ReadOnly=False | Shared=True | Id=9214750
INFO | Candidate: NWB_WBS04 | Scope=instance | Storage=String | ReadOnly=True | Shared=True | Id=9214762
ERROR | Element 14704212 | Category=Air Terminals | Family= | Parameter=NWB_WBS04 | Reason=readonly | Writable sample: AHU_AreaServed, AHU_Serves, AHU_Type, AHU_ZoneNumber, AQ, Building_No, COMPLETE Y/N, Classification.UniFormat.2010.Description, Classification.UniFormat.2010.Number, Comments, Elevation from Level, Export to IFC, Export to IFC As, Family, Family and Type, Flow, IFC Predefined Type, IfcGUID, Image, Legend Description
INFO | Candidate: NWB_WBS05 | Scope=instance | Storage=String | ReadOnly=True | Shared=True | Id=9214810
ERROR | Element 14704212 | Category=Air Terminals | Family= | Parameter=NWB_WBS05 | Reason=readonly | Writable sample: AHU_AreaServed, AHU_Serves, AHU_Type, AHU_ZoneNumber, AQ, Building_No, COMPLETE Y/N, Classification.UniFormat.2010.Description, Classification.UniFormat.2010.Number, Comments, Elevation from Level, Export to IFC, Export to IFC As, Family, Family and Type, Flow, IFC Predefined Type, IfcGUID, Image, Legend Description
INFO | Candidate: NWB_WBSCode | Scope=instance | Storage=String | ReadOnly=False | Shared=True | Id=9214774
SOURCE | Element 14704212 | Cat=Air Terminals | Family=MHT_AT_RA ECG cw plenum | Type= | Level=LEVEL 09 | System=Return Air | LinkedRoomLink=NWB-ARC-WBH-AR-MOD-0036 | LinkedRoomNumber=HDU.09.079 | LinkedRoomName=Ensuite, Special | LinkedRoomDept=HDU | LinkedRoomBuilding= | LinkedRoomSite= | LinkedRoomSource=self | ResolvedDept=HDU | ResolvedBuilding= | ResolvedSite= | DisciplineHint=mechanical | AssetCandidates=air terminals, air terminal | WBS00=WBH | WBS01=HO | WBS03=HDU | DesignPkg=NWB-GEN-ME-SCM-1091-A | BuildingPermitPkg=WBH - BP09
ELEMENT | 14704212 | Cat=Air Terminals | AssetScore=36 | AssetTypeCode=MAGS | AssetType=Air Grilles | AssetCategory=Air Terminal | Targets=NWB_AssetTypeCode=MAGS; NWB_AssetType=Air Grilles; NWB_Discipline=ME; NWB_Category=Air Terminal; NWB_Department=HDU; NWB_Material=; NWB_System=Return Air; NWB_UniclassCode=Pr_70_65_04_03; NWB_UniclassDescription=Air grilles; NWB_DesignPkg=NWB-GEN-ME-SCM-1091-A; NWB_BuildingPermitPkg=WBH - BP09; NWB_WBS00=WBH; NWB_WBS01=HO; NWB_WBS02=09; NWB_WBS03=HDU; NWB_WBS04=ME; NWB_WBS05=SI5; NWB_WBSCode=WBH-HO-09-HDU-ME-SI5
INFO | Candidate: NWB_AssetTypeCode | Scope=instance | Storage=String | ReadOnly=False | Shared=True | Id=7626182
INFO | Candidate: NWB_AssetType | Scope=instance | Storage=String | ReadOnly=False | Shared=True | Id=7626181
INFO | Candidate: NWB_Discipline | Scope=instance | Storage=String | ReadOnly=False | Shared=True | Id=7626159
INFO | Candidate: NWB_Category | Scope=instance | Storage=String | ReadOnly=False | Shared=True | Id=7626160
INFO | Candidate: NWB_Department | Scope=instance | Storage=String | ReadOnly=False | Shared=True | Id=7626168
INFO | Candidate: NWB_System | Scope=instance | Storage=String | ReadOnly=False | Shared=True | Id=7626163
INFO | Candidate: NWB_UniclassCode | Scope=instance | Storage=String | ReadOnly=False | Shared=True | Id=7626165
INFO | Candidate: NWB_UniclassDescription | Scope=instance | Storage=String | ReadOnly=False | Shared=True | Id=7626166
INFO | Candidate: NWB_DesignPkg | Scope=instance | Storage=String | ReadOnly=False | Shared=True | Id=7626167
ERROR | Element 14704231 | Category=Air Terminals | Family= | Parameter=NWB_BuildingPermitPkg | Reason=missing | Writable sample: AHU_AreaServed, AHU_Serves, AHU_Type, AHU_ZoneNumber, AQ, Building_No, COMPLETE Y/N, Classification.UniFormat.2010.Description, Classification.UniFormat.2010.Number, Comments, Elevation from Level, Export to IFC, Export to IFC As, Family, Family and Type, Flow, IFC Predefined Type, IfcGUID, Image, Legend Description
INFO | Candidate: NWB_WBS00 | Scope=instance | Storage=String | ReadOnly=True | Shared=True | Id=9214738
ERROR | Element 14704231 | Category=Air Terminals | Family= | Parameter=NWB_WBS00 | Reason=readonly | Writable sample: AHU_AreaServed, AHU_Serves, AHU_Type, AHU_ZoneNumber, AQ, Building_No, COMPLETE Y/N, Classification.UniFormat.2010.Description, Classification.UniFormat.2010.Number, Comments, Elevation from Level, Export to IFC, Export to IFC As, Family, Family and Type, Flow, IFC Predefined Type, IfcGUID, Image, Legend Description
INFO | Candidate: NWB_WBS01 | Scope=instance | Storage=String | ReadOnly=True | Shared=True | Id=9214798
ERROR | Element 14704231 | Category=Air Terminals | Family= | Parameter=NWB_WBS01 | Reason=readonly | Writable sample: AHU_AreaServed, AHU_Serves, AHU_Type, AHU_ZoneNumber, AQ, Building_No, COMPLETE Y/N, Classification.UniFormat.2010.Description, Classification.UniFormat.2010.Number, Comments, Elevation from Level, Export to IFC, Export to IFC As, Family, Family and Type, Flow, IFC Predefined Type, IfcGUID, Image, Legend Description
INFO | Candidate: NWB_WBS02 | Scope=instance | Storage=String | ReadOnly=False | Shared=True | Id=9214786
INFO | Candidate: NWB_WBS03 | Scope=instance | Storage=String | ReadOnly=False | Shared=True | Id=9214750
INFO | Candidate: NWB_WBS04 | Scope=instance | Storage=String | ReadOnly=True | Shared=True | Id=9214762
ERROR | Element 14704231 | Category=Air Terminals | Family= | Parameter=NWB_WBS04 | Reason=readonly | Writable sample: AHU_AreaServed, AHU_Serves, AHU_Type, AHU_ZoneNumber, AQ, Building_No, COMPLETE Y/N, Classification.UniFormat.2010.Description, Classification.UniFormat.2010.Number, Comments, Elevation from Level, Export to IFC, Export to IFC As, Family, Family and Type, Flow, IFC Predefined Type, IfcGUID, Image, Legend Description
INFO | Candidate: NWB_WBS05 | Scope=instance | Storage=String | ReadOnly=True | Shared=True | Id=9214810
ERROR | Element 14704231 | Category=Air Terminals | Family= | Parameter=NWB_WBS05 | Reason=readonly | Writable sample: AHU_AreaServed, AHU_Serves, AHU_Type, AHU_ZoneNumber, AQ, Building_No, COMPLETE Y/N, Classification.UniFormat.2010.Description, Classification.UniFormat.2010.Number, Comments, Elevation from Level, Export to IFC, Export to IFC As, Family, Family and Type, Flow, IFC Predefined Type, IfcGUID, Image, Legend Description
INFO | Candidate: NWB_WBSCode | Scope=instance | Storage=String | ReadOnly=False | Shared=True | Id=9214774
SOURCE | Element 14704231 | Cat=Air Terminals | Family=MHT_AT_RA ECG cw plenum | Type= | Level=LEVEL 09 | System=Return Air | LinkedRoomLink=NWB-ACD-WBH-MH-MOD-0001 | LinkedRoomNumber=HDU.09.129 | LinkedRoomName=Toilet, Accessible, 6m2 | LinkedRoomDept=High Dependency Unit | LinkedRoomBuilding= | LinkedRoomSite= | LinkedRoomSource=self | ResolvedDept=High Dependency Unit | ResolvedBuilding= | ResolvedSite= | DisciplineHint=mechanical | AssetCandidates=air terminals, air terminal | WBS00=WBH | WBS01=HO | WBS03=HDU | DesignPkg=NWB-GEN-ME-SCM-1091-A | BuildingPermitPkg=WBH - BP09
ELEMENT | 14704231 | Cat=Air Terminals | AssetScore=36 | AssetTypeCode=MAGS | AssetType=Air Grilles | AssetCategory=Air Terminal | Targets=NWB_AssetTypeCode=MAGS; NWB_AssetType=Air Grilles; NWB_Discipline=ME; NWB_Category=Air Terminal; NWB_Department=High Dependency Unit; NWB_Material=; NWB_System=Return Air; NWB_UniclassCode=Pr_70_65_04_03; NWB_UniclassDescription=Air grilles; NWB_DesignPkg=NWB-GEN-ME-SCM-1091-A; NWB_BuildingPermitPkg=WBH - BP09; NWB_WBS00=WBH; NWB_WBS01=HO; NWB_WBS02=09; NWB_WBS03=HDU; NWB_WBS04=ME; NWB_WBS05=SI5; NWB_WBSCode=WBH-HO-09-HDU-ME-SI5
INFO | Candidate: NWB_AssetTypeCode | Scope=instance | Storage=String | ReadOnly=False | Shared=True | Id=7626182
INFO | Candidate: NWB_AssetType | Scope=instance | Storage=String | ReadOnly=False | Shared=True | Id=7626181
INFO | Candidate: NWB_Discipline | Scope=instance | Storage=String | ReadOnly=False | Shared=True | Id=7626159
INFO | Candidate: NWB_Category | Scope=instance | Storage=String | ReadOnly=False | Shared=True | Id=7626160
INFO | Candidate: NWB_Department | Scope=instance | Storage=String | ReadOnly=False | Shared=True | Id=7626168
INFO | Candidate: NWB_System | Scope=instance | Storage=String | ReadOnly=False | Shared=True | Id=7626163
INFO | Candidate: NWB_UniclassCode | Scope=instance | Storage=String | ReadOnly=False | Shared=True | Id=7626165
INFO | Candidate: NWB_UniclassDescription | Scope=instance | Storage=String | ReadOnly=False | Shared=True | Id=7626166
INFO | Candidate: NWB_DesignPkg | Scope=instance | Storage=String | ReadOnly=False | Shared=True | Id=7626167
ERROR | Element 14704299 | Category=Air Terminals | Family= | Parameter=NWB_BuildingPermitPkg | Reason=missing | Writable sample: AHU_AreaServed, AHU_Serves, AHU_Type, AHU_ZoneNumber, AQ, Building_No, COMPLETE Y/N, Classification.UniFormat.2010.Description, Classification.UniFormat.2010.Number, Comments, Elevation from Level, Export to IFC, Export to IFC As, Family, Family and Type, Flow, IFC Predefined Type, IfcGUID, Image, Legend Description
INFO | Candidate: NWB_WBS00 | Scope=instance | Storage=String | ReadOnly=True | Shared=True | Id=9214738
ERROR | Element 14704299 | Category=Air Terminals | Family= | Parameter=NWB_WBS00 | Reason=readonly | Writable sample: AHU_AreaServed, AHU_Serves, AHU_Type, AHU_ZoneNumber, AQ, Building_No, COMPLETE Y/N, Classification.UniFormat.2010.Description, Classification.UniFormat.2010.Number, Comments, Elevation from Level, Export to IFC, Export to IFC As, Family, Family and Type, Flow, IFC Predefined Type, IfcGUID, Image, Legend Description
INFO | Candidate: NWB_WBS01 | Scope=instance | Storage=String | ReadOnly=True | Shared=True | Id=9214798
ERROR | Element 14704299 | Category=Air Terminals | Family= | Parameter=NWB_WBS01 | Reason=readonly | Writable sample: AHU_AreaServed, AHU_Serves, AHU_Type, AHU_ZoneNumber, AQ, Building_No, COMPLETE Y/N, Classification.UniFormat.2010.Description, Classification.UniFormat.2010.Number, Comments, Elevation from Level, Export to IFC, Export to IFC As, Family, Family and Type, Flow, IFC Predefined Type, IfcGUID, Image, Legend Description
INFO | Candidate: NWB_WBS02 | Scope=instance | Storage=String | ReadOnly=False | Shared=True | Id=9214786
INFO | Candidate: NWB_WBS03 | Scope=instance | Storage=String | ReadOnly=False | Shared=True | Id=9214750
INFO | Candidate: NWB_WBS04 | Scope=instance | Storage=String | ReadOnly=True | Shared=True | Id=9214762
ERROR | Element 14704299 | Category=Air Terminals | Family= | Parameter=NWB_WBS04 | Reason=readonly | Writable sample: AHU_AreaServed, AHU_Serves, AHU_Type, AHU_ZoneNumber, AQ, Building_No, COMPLETE Y/N, Classification.UniFormat.2010.Description, Classification.UniFormat.2010.Number, Comments, Elevation from Level, Export to IFC, Export to IFC As, Family, Family and Type, Flow, IFC Predefined Type, IfcGUID, Image, Legend Description
INFO | Candidate: NWB_WBS05 | Scope=instance | Storage=String | ReadOnly=True | Shared=True | Id=9214810
ERROR | Element 14704299 | Category=Air Terminals | Family= | Parameter=NWB_WBS05 | Reason=readonly | Writable sample: AHU_AreaServed, AHU_Serves, AHU_Type, AHU_ZoneNumber, AQ, Building_No, COMPLETE Y/N, Classification.UniFormat.2010.Description, Classification.UniFormat.2010.Number, Comments, Elevation from Level, Export to IFC, Export to IFC As, Family, Family and Type, Flow, IFC Predefined Type, IfcGUID, Image, Legend Description
INFO | Candidate: NWB_WBSCode | Scope=instance | Storage=String | ReadOnly=False | Shared=True | Id=9214774
SOURCE | Element 14704299 | Cat=Air Terminals | Family=MHT_AT_RA ECG cw plenum | Type= | Level=LEVEL 09 | System=Return Air | LinkedRoomLink=NWB-ACD-WBH-MH-MOD-0001 | LinkedRoomNumber=HDU.09.104 | LinkedRoomName=Store - General | LinkedRoomDept=High Dependency Unit | LinkedRoomBuilding= | LinkedRoomSite= | LinkedRoomSource=self | ResolvedDept=High Dependency Unit | ResolvedBuilding= | ResolvedSite= | DisciplineHint=mechanical | AssetCandidates=air terminals, air terminal | WBS00=WBH | WBS01=HO | WBS03=HDU | DesignPkg=NWB-GEN-ME-SCM-1091-A | BuildingPermitPkg=WBH - BP09
ELEMENT | 14704299 | Cat=Air Terminals | AssetScore=36 | AssetTypeCode=MAGS | AssetType=Air Grilles | AssetCategory=Air Terminal | Targets=NWB_AssetTypeCode=MAGS; NWB_AssetType=Air Grilles; NWB_Discipline=ME; NWB_Category=Air Terminal; NWB_Department=High Dependency Unit; NWB_Material=; NWB_System=Return Air; NWB_UniclassCode=Pr_70_65_04_03; NWB_UniclassDescription=Air grilles; NWB_DesignPkg=NWB-GEN-ME-SCM-1091-A; NWB_BuildingPermitPkg=WBH - BP09; NWB_WBS00=WBH; NWB_WBS01=HO; NWB_WBS02=09; NWB_WBS03=HDU; NWB_WBS04=ME; NWB_WBS05=SI5; NWB_WBSCode=WBH-HO-09-HDU-ME-SI5
INFO | Candidate: NWB_AssetTypeCode | Scope=instance | Storage=String | ReadOnly=False | Shared=True | Id=7626182
INFO | Candidate: NWB_AssetType | Scope=instance | Storage=String | ReadOnly=False | Shared=True | Id=7626181
INFO | Candidate: NWB_Discipline | Scope=instance | Storage=String | ReadOnly=False | Shared=True | Id=7626159
INFO | Candidate: NWB_Category | Scope=instance | Storage=String | ReadOnly=False | Shared=True | Id=7626160
INFO | Candidate: NWB_Department | Scope=instance | Storage=String | ReadOnly=False | Shared=True | Id=7626168
INFO | Candidate: NWB_System | Scope=instance | Storage=String | ReadOnly=False | Shared=True | Id=7626163
INFO | Candidate: NWB_UniclassCode | Scope=instance | Storage=String | ReadOnly=False | Shared=True | Id=7626165
INFO | Candidate: NWB_UniclassDescription | Scope=instance | Storage=String | ReadOnly=False | Shared=True | Id=7626166
INFO | Candidate: NWB_DesignPkg | Scope=instance | Storage=String | ReadOnly=False | Shared=True | Id=7626167
ERROR | Element 14867768 | Category=Ducts | Family= | Parameter=NWB_BuildingPermitPkg | Reason=missing | Writable sample: AHU, AHU_AreaServed, AHU_Serves, AHU_Type, AHU_ZoneNumber, Additional Flow, Building_No, COMPLETE Y/N, Classification.OmniClass.21.Description_INSTANCE, Classification.OmniClass.21.Number_INSTANCE, Classification.OmniClass.22.Description_INSTANCE, Classification.OmniClass.22.Number_INSTANCE, Classification.OmniClass.23.Description_INSTANCE, Classification.OmniClass.23.Number_INSTANCE, Classification.UniFormat.2010.Description, Classification.UniFormat.2010.Number, Comments, DUCT NUMBER, Description BOM Suffix, Duct Number
INFO | Candidate: NWB_WBS00 | Scope=instance | Storage=String | ReadOnly=False | Shared=True | Id=9214738
INFO | Candidate: NWB_WBS01 | Scope=instance | Storage=String | ReadOnly=False | Shared=True | Id=9214798
INFO | Candidate: NWB_WBS02 | Scope=instance | Storage=String | ReadOnly=False | Shared=True | Id=9214786
INFO | Candidate: NWB_WBS03 | Scope=instance | Storage=String | ReadOnly=False | Shared=True | Id=9214750
INFO | Candidate: NWB_WBS04 | Scope=instance | Storage=String | ReadOnly=False | Shared=True | Id=9214762
INFO | Candidate: NWB_WBS05 | Scope=instance | Storage=String | ReadOnly=False | Shared=True | Id=9214810
INFO | Candidate: NWB_WBSCode | Scope=instance | Storage=String | ReadOnly=False | Shared=True | Id=9214774
SOURCE | Element 14867768 | Cat=Ducts | Family=Rectangular Duct | Type= | Level=LEVEL 09 | System=Exhaust Air | LinkedRoomLink= | LinkedRoomNumber= | LinkedRoomName= | LinkedRoomDept= | LinkedRoomBuilding= | LinkedRoomSite= | LinkedRoomSource= | ResolvedDept=HDU | ResolvedBuilding= | ResolvedSite= | DisciplineHint=mechanical | AssetCandidates=ducts, ductwork | WBS00=WBH | WBS01=HO | WBS03=HDU | DesignPkg=NWB-GEN-ME-SCM-1091-A | BuildingPermitPkg=WBH - BP09
ELEMENT | 14867768 | Cat=Ducts | AssetScore=45 | AssetTypeCode=MDUC | AssetType=Ductwork | AssetCategory=Ductwork | Targets=NWB_AssetTypeCode=MDUC; NWB_AssetType=Ductwork; NWB_Discipline=ME; NWB_Category=Ductwork; NWB_Department=HDU; NWB_Material=; NWB_System=Exhaust Air; NWB_UniclassCode=Pr_65_65_25; NWB_UniclassDescription=Ductwork and fittings; NWB_DesignPkg=NWB-GEN-ME-SCM-1091-A; NWB_BuildingPermitPkg=WBH - BP09; NWB_WBS00=WBH; NWB_WBS01=HO; NWB_WBS02=09; NWB_WBS03=HDU; NWB_WBS04=ME; NWB_WBS05=SI5; NWB_WBSCode=WBH-HO-09-HDU-ME-SI5
INFO | Candidate: NWB_AssetTypeCode | Scope=instance | Storage=String | ReadOnly=False | Shared=True | Id=7626182
INFO | Candidate: NWB_AssetType | Scope=instance | Storage=String | ReadOnly=False | Shared=True | Id=7626181
INFO | Candidate: NWB_Discipline | Scope=instance | Storage=String | ReadOnly=False | Shared=True | Id=7626159
INFO | Candidate: NWB_Category | Scope=instance | Storage=String | ReadOnly=False | Shared=True | Id=7626160
INFO | Candidate: NWB_Department | Scope=instance | Storage=String | ReadOnly=False | Shared=True | Id=7626168
INFO | Candidate: NWB_System | Scope=instance | Storage=String | ReadOnly=False | Shared=True | Id=7626163
INFO | Candidate: NWB_UniclassCode | Scope=instance | Storage=String | ReadOnly=False | Shared=True | Id=7626165
INFO | Candidate: NWB_UniclassDescription | Scope=instance | Storage=String | ReadOnly=False | Shared=True | Id=7626166
INFO | Candidate: NWB_DesignPkg | Scope=instance | Storage=String | ReadOnly=False | Shared=True | Id=7626167
ERROR | Element 14867774 | Category=Ducts | Family= | Parameter=NWB_BuildingPermitPkg | Reason=missing | Writable sample: AHU, AHU_AreaServed, AHU_Serves, AHU_Type, AHU_ZoneNumber, Additional Flow, Building_No, COMPLETE Y/N, Classification.OmniClass.21.Description_INSTANCE, Classification.OmniClass.21.Number_INSTANCE, Classification.OmniClass.22.Description_INSTANCE, Classification.OmniClass.22.Number_INSTANCE, Classification.OmniClass.23.Description_INSTANCE, Classification.OmniClass.23.Number_INSTANCE, Classification.UniFormat.2010.Description, Classification.UniFormat.2010.Number, Comments, DUCT NUMBER, Description BOM Suffix, Duct Number
INFO | Candidate: NWB_WBS00 | Scope=instance | Storage=String | ReadOnly=False | Shared=True | Id=9214738
INFO | Candidate: NWB_WBS01 | Scope=instance | Storage=String | ReadOnly=False | Shared=True | Id=9214798
INFO | Candidate: NWB_WBS02 | Scope=instance | Storage=String | ReadOnly=False | Shared=True | Id=9214786
INFO | Candidate: NWB_WBS03 | Scope=instance | Storage=String | ReadOnly=False | Shared=True | Id=9214750
INFO | Candidate: NWB_WBS04 | Scope=instance | Storage=String | ReadOnly=False | Shared=True | Id=9214762
INFO | Candidate: NWB_WBS05 | Scope=instance | Storage=String | ReadOnly=False | Shared=True | Id=9214810
INFO | Candidate: NWB_WBSCode | Scope=instance | Storage=String | ReadOnly=False | Shared=True | Id=9214774
SOURCE | Element 14867774 | Cat=Ducts | Family=Rectangular Duct | Type= | Level=LEVEL 09 | System=Exhaust Air | LinkedRoomLink= | LinkedRoomNumber= | LinkedRoomName= | LinkedRoomDept= | LinkedRoomBuilding= | LinkedRoomSite= | LinkedRoomSource= | ResolvedDept=HDU | ResolvedBuilding= | ResolvedSite= | DisciplineHint=mechanical | AssetCandidates=ducts, ductwork | WBS00=WBH | WBS01=HO | WBS03=HDU | DesignPkg=NWB-GEN-ME-SCM-1091-A | BuildingPermitPkg=WBH - BP09
ELEMENT | 14867774 | Cat=Ducts | AssetScore=45 | AssetTypeCode=MDUC | AssetType=Ductwork | AssetCategory=Ductwork | Targets=NWB_AssetTypeCode=MDUC; NWB_AssetType=Ductwork; NWB_Discipline=ME; NWB_Category=Ductwork; NWB_Department=HDU; NWB_Material=; NWB_System=Exhaust Air; NWB_UniclassCode=Pr_65_65_25; NWB_UniclassDescription=Ductwork and fittings; NWB_DesignPkg=NWB-GEN-ME-SCM-1091-A; NWB_BuildingPermitPkg=WBH - BP09; NWB_WBS00=WBH; NWB_WBS01=HO; NWB_WBS02=09; NWB_WBS03=HDU; NWB_WBS04=ME; NWB_WBS05=SI5; NWB_WBSCode=WBH-HO-09-HDU-ME-SI5
INFO | Candidate: NWB_AssetTypeCode | Scope=instance | Storage=String | ReadOnly=False | Shared=True | Id=7626182
INFO | Candidate: NWB_AssetType | Scope=instance | Storage=String | ReadOnly=False | Shared=True | Id=7626181
INFO | Candidate: NWB_Discipline | Scope=instance | Storage=String | ReadOnly=False | Shared=True | Id=7626159
INFO | Candidate: NWB_Category | Scope=instance | Storage=String | ReadOnly=False | Shared=True | Id=7626160
INFO | Candidate: NWB_Department | Scope=instance | Storage=String | ReadOnly=False | Shared=True | Id=7626168
INFO | Candidate: NWB_System | Scope=instance | Storage=String | ReadOnly=False | Shared=True | Id=7626163
INFO | Candidate: NWB_UniclassCode | Scope=instance | Storage=String | ReadOnly=False | Shared=True | Id=7626165
INFO | Candidate: NWB_UniclassDescription | Scope=instance | Storage=String | ReadOnly=False | Shared=True | Id=7626166
INFO | Candidate: NWB_DesignPkg | Scope=instance | Storage=String | ReadOnly=False | Shared=True | Id=7626167
ERROR | Element 14867783 | Category=Ducts | Family= | Parameter=NWB_BuildingPermitPkg | Reason=missing | Writable sample: AHU, AHU_AreaServed, AHU_Serves, AHU_Type, AHU_ZoneNumber, Additional Flow, Building_No, COMPLETE Y/N, Classification.OmniClass.21.Description_INSTANCE, Classification.OmniClass.21.Number_INSTANCE, Classification.OmniClass.22.Description_INSTANCE, Classification.OmniClass.22.Number_INSTANCE, Classification.OmniClass.23.Description_INSTANCE, Classification.OmniClass.23.Number_INSTANCE, Classification.UniFormat.2010.Description, Classification.UniFormat.2010.Number, Comments, DUCT NUMBER, Description BOM Suffix, Duct Number
INFO | Candidate: NWB_WBS00 | Scope=instance | Storage=String | ReadOnly=False | Shared=True | Id=9214738
INFO | Candidate: NWB_WBS01 | Scope=instance | Storage=String | ReadOnly=False | Shared=True | Id=9214798
INFO | Candidate: NWB_WBS02 | Scope=instance | Storage=String | ReadOnly=False | Shared=True | Id=9214786
INFO | Candidate: NWB_WBS03 | Scope=instance | Storage=String | ReadOnly=False | Shared=True | Id=9214750
INFO | Candidate: NWB_WBS04 | Scope=instance | Storage=String | ReadOnly=False | Shared=True | Id=9214762
INFO | Candidate: NWB_WBS05 | Scope=instance | Storage=String | ReadOnly=False | Shared=True | Id=9214810
INFO | Candidate: NWB_WBSCode | Scope=instance | Storage=String | ReadOnly=False | Shared=True | Id=9214774
SOURCE | Element 14867783 | Cat=Ducts | Family=Rectangular Duct | Type= | Level=LEVEL 09 | System=Exhaust Air | LinkedRoomLink= | LinkedRoomNumber= | LinkedRoomName= | LinkedRoomDept= | LinkedRoomBuilding= | LinkedRoomSite= | LinkedRoomSource= | ResolvedDept=HDU | ResolvedBuilding= | ResolvedSite= | DisciplineHint=mechanical | AssetCandidates=ducts, ductwork | WBS00=WBH | WBS01=HO | WBS03=HDU | DesignPkg=NWB-GEN-ME-SCM-1091-A | BuildingPermitPkg=WBH - BP09
ELEMENT | 14867783 | Cat=Ducts | AssetScore=45 | AssetTypeCode=MDUC | AssetType=Ductwork | AssetCategory=Ductwork | Targets=NWB_AssetTypeCode=MDUC; NWB_AssetType=Ductwork; NWB_Discipline=ME; NWB_Category=Ductwork; NWB_Department=HDU; NWB_Material=; NWB_System=Exhaust Air; NWB_UniclassCode=Pr_65_65_25; NWB_UniclassDescription=Ductwork and fittings; NWB_DesignPkg=NWB-GEN-ME-SCM-1091-A; NWB_BuildingPermitPkg=WBH - BP09; NWB_WBS00=WBH; NWB_WBS01=HO; NWB_WBS02=09; NWB_WBS03=HDU; NWB_WBS04=ME; NWB_WBS05=SI5; NWB_WBSCode=WBH-HO-09-HDU-ME-SI5
INFO | Candidate: NWB_AssetTypeCode | Scope=instance | Storage=String | ReadOnly=False | Shared=True | Id=7626182
INFO | Candidate: NWB_AssetType | Scope=instance | Storage=String | ReadOnly=False | Shared=True | Id=7626181
INFO | Candidate: NWB_Discipline | Scope=instance | Storage=String | ReadOnly=False | Shared=True | Id=7626159
INFO | Candidate: NWB_Category | Scope=instance | Storage=String | ReadOnly=False | Shared=True | Id=7626160
INFO | Candidate: NWB_System | Scope=instance | Storage=String | ReadOnly=False | Shared=True | Id=7626163
INFO | Candidate: NWB_UniclassCode | Scope=instance | Storage=String | ReadOnly=False | Shared=True | Id=7626165
INFO | Candidate: NWB_UniclassDescription | Scope=instance | Storage=String | ReadOnly=False | Shared=True | Id=7626166
INFO | Candidate: NWB_DesignPkg | Scope=instance | Storage=String | ReadOnly=False | Shared=True | Id=7626167
ERROR | Element 14870004 | Category=Ducts | Family= | Parameter=NWB_BuildingPermitPkg | Reason=missing | Writable sample: AHU, AHU_AreaServed, AHU_Serves, AHU_Type, AHU_ZoneNumber, Additional Flow, Building_No, COMPLETE Y/N, Classification.OmniClass.21.Description_INSTANCE, Classification.OmniClass.21.Number_INSTANCE, Classification.OmniClass.22.Description_INSTANCE, Classification.OmniClass.22.Number_INSTANCE, Classification.OmniClass.23.Description_INSTANCE, Classification.OmniClass.23.Number_INSTANCE, Classification.UniFormat.2010.Description, Classification.UniFormat.2010.Number, Comments, DUCT NUMBER, Description BOM Suffix, Duct Number
INFO | Candidate: NWB_WBS00 | Scope=instance | Storage=String | ReadOnly=False | Shared=True | Id=9214738
INFO | Candidate: NWB_WBS01 | Scope=instance | Storage=String | ReadOnly=False | Shared=True | Id=9214798
INFO | Candidate: NWB_WBS02 | Scope=instance | Storage=String | ReadOnly=False | Shared=True | Id=9214786
INFO | Candidate: NWB_WBS03 | Scope=instance | Storage=String | ReadOnly=False | Shared=True | Id=9214750
INFO | Candidate: NWB_WBS04 | Scope=instance | Storage=String | ReadOnly=False | Shared=True | Id=9214762
INFO | Candidate: NWB_WBS05 | Scope=instance | Storage=String | ReadOnly=False | Shared=True | Id=9214810
INFO | Candidate: NWB_WBSCode | Scope=instance | Storage=String | ReadOnly=False | Shared=True | Id=9214774
SOURCE | Element 14870004 | Cat=Ducts | Family=Rectangular Duct | Type= | Level=LEVEL 09 | System=Supply Air | LinkedRoomLink= | LinkedRoomNumber= | LinkedRoomName= | LinkedRoomDept= | LinkedRoomBuilding= | LinkedRoomSite= | LinkedRoomSource= | ResolvedDept= | ResolvedBuilding= | ResolvedSite= | DisciplineHint=mechanical | AssetCandidates=ducts, ductwork | WBS00=WBH | WBS01=HO | WBS03=Z00 | DesignPkg=NWB-GEN-ME-SCM-1091-A | BuildingPermitPkg=WBH - BP09
WARN | Element 14870004 | Department unresolved | ExistingNWBDepartment= | ExistingWBS00=WBH | ExistingWBS01=HO | ExistingDiscipline=ME
ELEMENT | 14870004 | Cat=Ducts | AssetScore=45 | AssetTypeCode=MDUC | AssetType=Ductwork | AssetCategory=Ductwork | Targets=NWB_AssetTypeCode=MDUC; NWB_AssetType=Ductwork; NWB_Discipline=ME; NWB_Category=Ductwork; NWB_Department=; NWB_Material=; NWB_System=Supply Air; NWB_UniclassCode=Pr_65_65_25; NWB_UniclassDescription=Ductwork and fittings; NWB_DesignPkg=NWB-GEN-ME-SCM-1091-A; NWB_BuildingPermitPkg=WBH - BP09; NWB_WBS00=WBH; NWB_WBS01=HO; NWB_WBS02=09; NWB_WBS03=Z00; NWB_WBS04=ME; NWB_WBS05=SI5; NWB_WBSCode=WBH-HO-09-Z00-ME-SI5
INFO | Candidate: NWB_AssetTypeCode | Scope=instance | Storage=String | ReadOnly=False | Shared=True | Id=3045149
INFO | Candidate: NWB_AssetTypeCode | Scope=instance | Storage=String | ReadOnly=False | Shared=True | Id=7626182
INFO | Found 2 parameters named NWB_AssetTypeCode
INFO | SELECTED | Shared Parameter | Scope=instance | ReadOnly=False | Id=3045149
INFO | SELECTED | Shared Parameter | Scope=instance | ReadOnly=False | Id=7626182
INFO | Candidate: NWB_AssetType | Scope=instance | Storage=String | ReadOnly=False | Shared=True | Id=3045150
INFO | Candidate: NWB_AssetType | Scope=instance | Storage=String | ReadOnly=False | Shared=True | Id=7626181
INFO | Found 2 parameters named NWB_AssetType
INFO | SELECTED | Shared Parameter | Scope=instance | ReadOnly=False | Id=3045150
INFO | SELECTED | Shared Parameter | Scope=instance | ReadOnly=False | Id=7626181
INFO | Candidate: NWB_Discipline | Scope=instance | Storage=String | ReadOnly=False | Shared=True | Id=3045151
INFO | Candidate: NWB_Discipline | Scope=instance | Storage=String | ReadOnly=False | Shared=True | Id=7626159
INFO | Found 2 parameters named NWB_Discipline
INFO | SELECTED | Shared Parameter | Scope=instance | ReadOnly=False | Id=3045151
INFO | SELECTED | Shared Parameter | Scope=instance | ReadOnly=False | Id=7626159
INFO | Candidate: NWB_Category | Scope=instance | Storage=String | ReadOnly=False | Shared=True | Id=3045152
INFO | Candidate: NWB_Category | Scope=instance | Storage=String | ReadOnly=False | Shared=True | Id=7626160
INFO | Found 2 parameters named NWB_Category
INFO | SELECTED | Shared Parameter | Scope=instance | ReadOnly=False | Id=3045152
INFO | SELECTED | Shared Parameter | Scope=instance | ReadOnly=False | Id=7626160
INFO | Candidate: NWB_System | Scope=instance | Storage=String | ReadOnly=False | Shared=True | Id=3045155
INFO | Candidate: NWB_System | Scope=instance | Storage=String | ReadOnly=False | Shared=True | Id=7626163
INFO | Found 2 parameters named NWB_System
INFO | SELECTED | Shared Parameter | Scope=instance | ReadOnly=False | Id=3045155
INFO | SELECTED | Shared Parameter | Scope=instance | ReadOnly=False | Id=7626163
INFO | Candidate: NWB_UniclassCode | Scope=instance | Storage=String | ReadOnly=False | Shared=True | Id=3045156
INFO | Candidate: NWB_UniclassCode | Scope=instance | Storage=String | ReadOnly=False | Shared=True | Id=7626165
INFO | Found 2 parameters named NWB_UniclassCode
INFO | SELECTED | Shared Parameter | Scope=instance | ReadOnly=False | Id=3045156
INFO | SELECTED | Shared Parameter | Scope=instance | ReadOnly=False | Id=7626165
INFO | Candidate: NWB_UniclassDescription | Scope=instance | Storage=String | ReadOnly=False | Shared=True | Id=3045157
INFO | Candidate: NWB_UniclassDescription | Scope=instance | Storage=String | ReadOnly=False | Shared=True | Id=7626166
INFO | Found 2 parameters named NWB_UniclassDescription
INFO | SELECTED | Shared Parameter | Scope=instance | ReadOnly=False | Id=3045157
INFO | SELECTED | Shared Parameter | Scope=instance | ReadOnly=False | Id=7626166
INFO | Candidate: NWB_DesignPkg | Scope=instance | Storage=String | ReadOnly=False | Shared=True | Id=3045158
INFO | Candidate: NWB_DesignPkg | Scope=instance | Storage=String | ReadOnly=False | Shared=True | Id=7626167
INFO | Found 2 parameters named NWB_DesignPkg
INFO | SELECTED | Shared Parameter | Scope=instance | ReadOnly=False | Id=3045158
INFO | SELECTED | Shared Parameter | Scope=instance | ReadOnly=False | Id=7626167
ERROR | Element 14870017 | Category=Duct Fittings | Family= | Parameter=NWB_BuildingPermitPkg | Reason=missing | Writable sample: AHU, AHU_AreaServed, AHU_Serves, AHU_Type, AHU_ZoneNumber, Building_No, COMPLETE Y/N, Classification.OmniClass.21.Description_INSTANCE, Classification.OmniClass.21.Number_INSTANCE, Classification.OmniClass.22.Description_INSTANCE, Classification.OmniClass.22.Number_INSTANCE, Classification.OmniClass.23.Description_INSTANCE, Classification.OmniClass.23.Number_INSTANCE, Classification.UniFormat.2010.Description, Classification.UniFormat.2010.Number, Comments, Description BOM Suffix, Duct Height, Duct Width, Ductwork Insulation - Lining
INFO | Candidate: NWB_WBS00 | Scope=instance | Storage=String | ReadOnly=False | Shared=True | Id=9214738
INFO | Candidate: NWB_WBS01 | Scope=instance | Storage=String | ReadOnly=False | Shared=True | Id=9214798
INFO | Candidate: NWB_WBS02 | Scope=instance | Storage=String | ReadOnly=False | Shared=True | Id=9214786
INFO | Candidate: NWB_WBS03 | Scope=instance | Storage=String | ReadOnly=False | Shared=True | Id=9214750
INFO | Candidate: NWB_WBS04 | Scope=instance | Storage=String | ReadOnly=False | Shared=True | Id=9214762
INFO | Candidate: NWB_WBS05 | Scope=instance | Storage=String | ReadOnly=False | Shared=True | Id=9214810
INFO | Candidate: NWB_WBSCode | Scope=instance | Storage=String | ReadOnly=False | Shared=True | Id=9214774
SOURCE | Element 14870017 | Cat=Duct Fittings | Family=MHT-ME-DF-Rectangular Short Radius Bend - Flanged | Type= | Level=LEVEL 09 | System=Supply Air | LinkedRoomLink= | LinkedRoomNumber= | LinkedRoomName= | LinkedRoomDept= | LinkedRoomBuilding= | LinkedRoomSite= | LinkedRoomSource= | ResolvedDept= | ResolvedBuilding= | ResolvedSite= | DisciplineHint=mechanical | AssetCandidates=duct fittings, ductwork | WBS00=WBH | WBS01=HO | WBS03=Z00 | DesignPkg=NWB-GEN-ME-SCM-1091-A | BuildingPermitPkg=WBH - BP09
WARN | Element 14870017 | Department unresolved | ExistingNWBDepartment= | ExistingWBS00=WBH | ExistingWBS01=HO | ExistingDiscipline=ME
ELEMENT | 14870017 | Cat=Duct Fittings | AssetScore=45 | AssetTypeCode=MDUC | AssetType=Ductwork | AssetCategory=Ductwork | Targets=NWB_AssetTypeCode=MDUC; NWB_AssetType=Ductwork; NWB_Discipline=ME; NWB_Category=Ductwork; NWB_Department=; NWB_Material=; NWB_System=Supply Air; NWB_UniclassCode=Pr_65_65_25; NWB_UniclassDescription=Ductwork and fittings; NWB_DesignPkg=NWB-GEN-ME-SCM-1091-A; NWB_BuildingPermitPkg=WBH - BP09; NWB_WBS00=WBH; NWB_WBS01=HO; NWB_WBS02=09; NWB_WBS03=Z00; NWB_WBS04=ME; NWB_WBS05=SI5; NWB_WBSCode=WBH-HO-09-Z00-ME-SI5
INFO | Candidate: NWB_AssetTypeCode | Scope=instance | Storage=String | ReadOnly=False | Shared=True | Id=7626182
INFO | Candidate: NWB_AssetType | Scope=instance | Storage=String | ReadOnly=False | Shared=True | Id=7626181
INFO | Candidate: NWB_Discipline | Scope=instance | Storage=String | ReadOnly=False | Shared=True | Id=7626159
INFO | Candidate: NWB_Category | Scope=instance | Storage=String | ReadOnly=False | Shared=True | Id=7626160
INFO | Candidate: NWB_System | Scope=instance | Storage=String | ReadOnly=False | Shared=True | Id=7626163
INFO | Candidate: NWB_UniclassCode | Scope=instance | Storage=String | ReadOnly=False | Shared=True | Id=7626165
INFO | Candidate: NWB_UniclassDescription | Scope=instance | Storage=String | ReadOnly=False | Shared=True | Id=7626166
INFO | Candidate: NWB_DesignPkg | Scope=instance | Storage=String | ReadOnly=False | Shared=True | Id=7626167
ERROR | Element 14874096 | Category=Ducts | Family= | Parameter=NWB_BuildingPermitPkg | Reason=missing | Writable sample: AHU, AHU_AreaServed, AHU_Serves, AHU_Type, AHU_ZoneNumber, Additional Flow, Building_No, COMPLETE Y/N, Classification.OmniClass.21.Description_INSTANCE, Classification.OmniClass.21.Number_INSTANCE, Classification.OmniClass.22.Description_INSTANCE, Classification.OmniClass.22.Number_INSTANCE, Classification.OmniClass.23.Description_INSTANCE, Classification.OmniClass.23.Number_INSTANCE, Classification.UniFormat.2010.Description, Classification.UniFormat.2010.Number, Comments, DUCT NUMBER, Description BOM Suffix, Duct Number
INFO | Candidate: NWB_WBS00 | Scope=instance | Storage=String | ReadOnly=False | Shared=True | Id=9214738
INFO | Candidate: NWB_WBS01 | Scope=instance | Storage=String | ReadOnly=False | Shared=True | Id=9214798
INFO | Candidate: NWB_WBS02 | Scope=instance | Storage=String | ReadOnly=False | Shared=True | Id=9214786
INFO | Candidate: NWB_WBS03 | Scope=instance | Storage=String | ReadOnly=False | Shared=True | Id=9214750
INFO | Candidate: NWB_WBS04 | Scope=instance | Storage=String | ReadOnly=False | Shared=True | Id=9214762
INFO | Candidate: NWB_WBS05 | Scope=instance | Storage=String | ReadOnly=False | Shared=True | Id=9214810
INFO | Writing INSTANCE parameter 'NWB_WBS05' on element 14874096
INFO | Element 14874096 | NWB_WBS05 | Kind=Shared Parameter | Scope=instance | Storage=String | Old='SP' | New='SI5'
INFO | Candidate: NWB_WBSCode | Scope=instance | Storage=String | ReadOnly=False | Shared=True | Id=9214774
INFO | Writing INSTANCE parameter 'NWB_WBSCode' on element 14874096
INFO | Element 14874096 | NWB_WBSCode | Kind=Shared Parameter | Scope=instance | Storage=String | Old='WBH-HO-09-Z00-ME-SP' | New='WBH-HO-09-Z00-ME-SI5'
SOURCE | Element 14874096 | Cat=Ducts | Family=Rectangular Duct | Type= | Level=LEVEL 09 | System=Exhaust Air | LinkedRoomLink= | LinkedRoomNumber= | LinkedRoomName= | LinkedRoomDept= | LinkedRoomBuilding= | LinkedRoomSite= | LinkedRoomSource= | ResolvedDept= | ResolvedBuilding= | ResolvedSite= | DisciplineHint=mechanical | AssetCandidates=ducts, ductwork | WBS00=WBH | WBS01=HO | WBS03=Z00 | DesignPkg=NWB-GEN-ME-SCM-1091-A | BuildingPermitPkg=WBH - BP09
WARN | Element 14874096 | Department unresolved | ExistingNWBDepartment= | ExistingWBS00=WBH | ExistingWBS01=HO | ExistingDiscipline=ME
ELEMENT | 14874096 | Cat=Ducts | AssetScore=45 | AssetTypeCode=MDUC | AssetType=Ductwork | AssetCategory=Ductwork | Targets=NWB_AssetTypeCode=MDUC; NWB_AssetType=Ductwork; NWB_Discipline=ME; NWB_Category=Ductwork; NWB_Department=; NWB_Material=; NWB_System=Exhaust Air; NWB_UniclassCode=Pr_65_65_25; NWB_UniclassDescription=Ductwork and fittings; NWB_DesignPkg=NWB-GEN-ME-SCM-1091-A; NWB_BuildingPermitPkg=WBH - BP09; NWB_WBS00=WBH; NWB_WBS01=HO; NWB_WBS02=09; NWB_WBS03=Z00; NWB_WBS04=ME; NWB_WBS05=SI5; NWB_WBSCode=WBH-HO-09-Z00-ME-SI5
INFO | Candidate: NWB_AssetTypeCode | Scope=instance | Storage=String | ReadOnly=False | Shared=True | Id=3045149
INFO | Candidate: NWB_AssetTypeCode | Scope=instance | Storage=String | ReadOnly=False | Shared=True | Id=7626182
INFO | Found 2 parameters named NWB_AssetTypeCode
INFO | SELECTED | Shared Parameter | Scope=instance | ReadOnly=False | Id=3045149
INFO | SELECTED | Shared Parameter | Scope=instance | ReadOnly=False | Id=7626182
INFO | Writing INSTANCE parameter 'NWB_AssetTypeCode' on element 14874103
INFO | Element 14874103 | NWB_AssetTypeCode | Kind=Shared Parameter | Scope=instance | Storage=String | Old='' | New='MDUC'
INFO | Writing INSTANCE parameter 'NWB_AssetTypeCode' on element 14874103
INFO | Element 14874103 | NWB_AssetTypeCode | Kind=Shared Parameter | Scope=instance | Storage=String | Old='' | New='MDUC'
INFO | Candidate: NWB_AssetType | Scope=instance | Storage=String | ReadOnly=False | Shared=True | Id=3045150
INFO | Candidate: NWB_AssetType | Scope=instance | Storage=String | ReadOnly=False | Shared=True | Id=7626181
INFO | Found 2 parameters named NWB_AssetType
INFO | SELECTED | Shared Parameter | Scope=instance | ReadOnly=False | Id=3045150
INFO | SELECTED | Shared Parameter | Scope=instance | ReadOnly=False | Id=7626181
INFO | Writing INSTANCE parameter 'NWB_AssetType' on element 14874103
INFO | Element 14874103 | NWB_AssetType | Kind=Shared Parameter | Scope=instance | Storage=String | Old='' | New='Ductwork'
INFO | Writing INSTANCE parameter 'NWB_AssetType' on element 14874103
INFO | Element 14874103 | NWB_AssetType | Kind=Shared Parameter | Scope=instance | Storage=String | Old='' | New='Ductwork'
INFO | Candidate: NWB_Discipline | Scope=instance | Storage=String | ReadOnly=False | Shared=True | Id=3045151
INFO | Candidate: NWB_Discipline | Scope=instance | Storage=String | ReadOnly=False | Shared=True | Id=7626159
INFO | Found 2 parameters named NWB_Discipline
INFO | SELECTED | Shared Parameter | Scope=instance | ReadOnly=False | Id=3045151
INFO | SELECTED | Shared Parameter | Scope=instance | ReadOnly=False | Id=7626159
INFO | Writing INSTANCE parameter 'NWB_Discipline' on element 14874103
INFO | Element 14874103 | NWB_Discipline | Kind=Shared Parameter | Scope=instance | Storage=String | Old='Mechanical' | New='ME'
INFO | Writing INSTANCE parameter 'NWB_Discipline' on element 14874103
INFO | Element 14874103 | NWB_Discipline | Kind=Shared Parameter | Scope=instance | Storage=String | Old='Mechanical' | New='ME'
INFO | Candidate: NWB_Category | Scope=instance | Storage=String | ReadOnly=False | Shared=True | Id=3045152
INFO | Candidate: NWB_Category | Scope=instance | Storage=String | ReadOnly=False | Shared=True | Id=7626160
INFO | Found 2 parameters named NWB_Category
INFO | SELECTED | Shared Parameter | Scope=instance | ReadOnly=False | Id=3045152
INFO | SELECTED | Shared Parameter | Scope=instance | ReadOnly=False | Id=7626160
INFO | Writing INSTANCE parameter 'NWB_Category' on element 14874103
INFO | Element 14874103 | NWB_Category | Kind=Shared Parameter | Scope=instance | Storage=String | Old='' | New='Ductwork'
INFO | Writing INSTANCE parameter 'NWB_Category' on element 14874103
INFO | Element 14874103 | NWB_Category | Kind=Shared Parameter | Scope=instance | Storage=String | Old='' | New='Ductwork'
INFO | Candidate: NWB_System | Scope=instance | Storage=String | ReadOnly=False | Shared=True | Id=3045155
INFO | Candidate: NWB_System | Scope=instance | Storage=String | ReadOnly=False | Shared=True | Id=7626163
INFO | Found 2 parameters named NWB_System
INFO | SELECTED | Shared Parameter | Scope=instance | ReadOnly=False | Id=3045155
INFO | SELECTED | Shared Parameter | Scope=instance | ReadOnly=False | Id=7626163
INFO | Writing INSTANCE parameter 'NWB_System' on element 14874103
INFO | Element 14874103 | NWB_System | Kind=Shared Parameter | Scope=instance | Storage=String | Old='' | New='Exhaust Air'
INFO | Candidate: NWB_UniclassCode | Scope=instance | Storage=String | ReadOnly=False | Shared=True | Id=3045156
INFO | Candidate: NWB_UniclassCode | Scope=instance | Storage=String | ReadOnly=False | Shared=True | Id=7626165
INFO | Found 2 parameters named NWB_UniclassCode
INFO | SELECTED | Shared Parameter | Scope=instance | ReadOnly=False | Id=3045156
INFO | SELECTED | Shared Parameter | Scope=instance | ReadOnly=False | Id=7626165
INFO | Writing INSTANCE parameter 'NWB_UniclassCode' on element 14874103
INFO | Element 14874103 | NWB_UniclassCode | Kind=Shared Parameter | Scope=instance | Storage=String | Old='' | New='Pr_65_65_25'
INFO | Writing INSTANCE parameter 'NWB_UniclassCode' on element 14874103
INFO | Element 14874103 | NWB_UniclassCode | Kind=Shared Parameter | Scope=instance | Storage=String | Old='' | New='Pr_65_65_25'
INFO | Candidate: NWB_UniclassDescription | Scope=instance | Storage=String | ReadOnly=False | Shared=True | Id=3045157
INFO | Candidate: NWB_UniclassDescription | Scope=instance | Storage=String | ReadOnly=False | Shared=True | Id=7626166
INFO | Found 2 parameters named NWB_UniclassDescription
INFO | SELECTED | Shared Parameter | Scope=instance | ReadOnly=False | Id=3045157
INFO | SELECTED | Shared Parameter | Scope=instance | ReadOnly=False | Id=7626166
INFO | Writing INSTANCE parameter 'NWB_UniclassDescription' on element 14874103
INFO | Element 14874103 | NWB_UniclassDescription | Kind=Shared Parameter | Scope=instance | Storage=String | Old='' | New='Ductwork and fittings'
INFO | Writing INSTANCE parameter 'NWB_UniclassDescription' on element 14874103
INFO | Element 14874103 | NWB_UniclassDescription | Kind=Shared Parameter | Scope=instance | Storage=String | Old='' | New='Ductwork and fittings'
INFO | Candidate: NWB_DesignPkg | Scope=instance | Storage=String | ReadOnly=False | Shared=True | Id=3045158
INFO | Candidate: NWB_DesignPkg | Scope=instance | Storage=String | ReadOnly=False | Shared=True | Id=7626167
INFO | Found 2 parameters named NWB_DesignPkg
INFO | SELECTED | Shared Parameter | Scope=instance | ReadOnly=False | Id=3045158
INFO | SELECTED | Shared Parameter | Scope=instance | ReadOnly=False | Id=7626167
INFO | Writing INSTANCE parameter 'NWB_DesignPkg' on element 14874103
INFO | Element 14874103 | NWB_DesignPkg | Kind=Shared Parameter | Scope=instance | Storage=String | Old='' | New='NWB-GEN-ME-SCM-1091-A'
INFO | Writing INSTANCE parameter 'NWB_DesignPkg' on element 14874103
INFO | Element 14874103 | NWB_DesignPkg | Kind=Shared Parameter | Scope=instance | Storage=String | Old='' | New='NWB-GEN-ME-SCM-1091-A'
ERROR | Element 14874103 | Category=Duct Fittings | Family= | Parameter=NWB_BuildingPermitPkg | Reason=missing | Writable sample: AHU, AHU_AreaServed, AHU_Serves, AHU_Type, AHU_ZoneNumber, Building_No, COMPLETE Y/N, Classification.OmniClass.21.Description_INSTANCE, Classification.OmniClass.21.Number_INSTANCE, Classification.OmniClass.22.Description_INSTANCE, Classification.OmniClass.22.Number_INSTANCE, Classification.OmniClass.23.Description_INSTANCE, Classification.OmniClass.23.Number_INSTANCE, Classification.UniFormat.2010.Description, Classification.UniFormat.2010.Number, Comments, Description BOM Suffix, Duct Height, Duct Width, Ductwork Insulation - Lining
INFO | Candidate: NWB_WBS00 | Scope=instance | Storage=String | ReadOnly=False | Shared=True | Id=9214738
INFO | Writing INSTANCE parameter 'NWB_WBS00' on element 14874103
INFO | Element 14874103 | NWB_WBS00 | Kind=Shared Parameter | Scope=instance | Storage=String | Old='' | New='WBH'
INFO | Candidate: NWB_WBS01 | Scope=instance | Storage=String | ReadOnly=False | Shared=True | Id=9214798
INFO | Writing INSTANCE parameter 'NWB_WBS01' on element 14874103
INFO | Element 14874103 | NWB_WBS01 | Kind=Shared Parameter | Scope=instance | Storage=String | Old='' | New='HO'
INFO | Candidate: NWB_WBS02 | Scope=instance | Storage=String | ReadOnly=False | Shared=True | Id=9214786
INFO | Candidate: NWB_WBS03 | Scope=instance | Storage=String | ReadOnly=False | Shared=True | Id=9214750
INFO | Writing INSTANCE parameter 'NWB_WBS03' on element 14874103
INFO | Element 14874103 | NWB_WBS03 | Kind=Shared Parameter | Scope=instance | Storage=String | Old='' | New='Z00'
INFO | Candidate: NWB_WBS04 | Scope=instance | Storage=String | ReadOnly=False | Shared=True | Id=9214762
INFO | Writing INSTANCE parameter 'NWB_WBS04' on element 14874103
INFO | Element 14874103 | NWB_WBS04 | Kind=Shared Parameter | Scope=instance | Storage=String | Old='' | New='ME'
INFO | Candidate: NWB_WBS05 | Scope=instance | Storage=String | ReadOnly=False | Shared=True | Id=9214810
INFO | Writing INSTANCE parameter 'NWB_WBS05' on element 14874103
INFO | Element 14874103 | NWB_WBS05 | Kind=Shared Parameter | Scope=instance | Storage=String | Old='' | New='SI5'
INFO | Candidate: NWB_WBSCode | Scope=instance | Storage=String | ReadOnly=False | Shared=True | Id=9214774
INFO | Writing INSTANCE parameter 'NWB_WBSCode' on element 14874103
INFO | Element 14874103 | NWB_WBSCode | Kind=Shared Parameter | Scope=instance | Storage=String | Old='' | New='WBH-HO-09-Z00-ME-SI5'
SOURCE | Element 14874103 | Cat=Duct Fittings | Family=MHT-ME-DF-Rectangular Short Radius Bend - Flanged | Type= | Level=LEVEL 09 | System=Exhaust Air | LinkedRoomLink= | LinkedRoomNumber= | LinkedRoomName= | LinkedRoomDept= | LinkedRoomBuilding= | LinkedRoomSite= | LinkedRoomSource= | ResolvedDept= | ResolvedBuilding= | ResolvedSite= | DisciplineHint=mechanical | AssetCandidates=duct fittings, ductwork | WBS00=WBH | WBS01=HO | WBS03=Z00 | DesignPkg=NWB-GEN-ME-SCM-1091-A | BuildingPermitPkg=WBH - BP09
WARN | Element 14874103 | Department unresolved | ExistingNWBDepartment= | ExistingWBS00= | ExistingWBS01= | ExistingDiscipline=Mechanical
ELEMENT | 14874103 | Cat=Duct Fittings | AssetScore=45 | AssetTypeCode=MDUC | AssetType=Ductwork | AssetCategory=Ductwork | Targets=NWB_AssetTypeCode=MDUC; NWB_AssetType=Ductwork; NWB_Discipline=ME; NWB_Category=Ductwork; NWB_Department=; NWB_Material=; NWB_System=Exhaust Air; NWB_UniclassCode=Pr_65_65_25; NWB_UniclassDescription=Ductwork and fittings; NWB_DesignPkg=NWB-GEN-ME-SCM-1091-A; NWB_BuildingPermitPkg=WBH - BP09; NWB_WBS00=WBH; NWB_WBS01=HO; NWB_WBS02=09; NWB_WBS03=Z00; NWB_WBS04=ME; NWB_WBS05=SI5; NWB_WBSCode=WBH-HO-09-Z00-ME-SI5
INFO | Candidate: NWB_AssetTypeCode | Scope=instance | Storage=String | ReadOnly=False | Shared=True | Id=7626182
INFO | Candidate: NWB_AssetType | Scope=instance | Storage=String | ReadOnly=False | Shared=True | Id=7626181
INFO | Candidate: NWB_Discipline | Scope=instance | Storage=String | ReadOnly=False | Shared=True | Id=7626159
INFO | Candidate: NWB_Category | Scope=instance | Storage=String | ReadOnly=False | Shared=True | Id=7626160
INFO | Candidate: NWB_Department | Scope=instance | Storage=String | ReadOnly=False | Shared=True | Id=7626168
INFO | Candidate: NWB_System | Scope=instance | Storage=String | ReadOnly=False | Shared=True | Id=7626163
INFO | Candidate: NWB_UniclassCode | Scope=instance | Storage=String | ReadOnly=False | Shared=True | Id=7626165
INFO | Candidate: NWB_UniclassDescription | Scope=instance | Storage=String | ReadOnly=False | Shared=True | Id=7626166
INFO | Candidate: NWB_DesignPkg | Scope=instance | Storage=String | ReadOnly=False | Shared=True | Id=7626167
ERROR | Element 14887377 | Category=Air Terminals | Family= | Parameter=NWB_BuildingPermitPkg | Reason=missing | Writable sample: AHU_AreaServed, AHU_Serves, AHU_Type, AHU_ZoneNumber, AQ, Building_No, COMPLETE Y/N, Classification.UniFormat.2010.Description, Classification.UniFormat.2010.Number, Comments, Elevation from Level, Export to IFC, Export to IFC As, Family, Family and Type, Flow, IFC Predefined Type, IfcGUID, Image, Legend Description
INFO | Candidate: NWB_WBS00 | Scope=instance | Storage=String | ReadOnly=True | Shared=True | Id=9214738
ERROR | Element 14887377 | Category=Air Terminals | Family= | Parameter=NWB_WBS00 | Reason=readonly | Writable sample: AHU_AreaServed, AHU_Serves, AHU_Type, AHU_ZoneNumber, AQ, Building_No, COMPLETE Y/N, Classification.UniFormat.2010.Description, Classification.UniFormat.2010.Number, Comments, Elevation from Level, Export to IFC, Export to IFC As, Family, Family and Type, Flow, IFC Predefined Type, IfcGUID, Image, Legend Description
INFO | Candidate: NWB_WBS01 | Scope=instance | Storage=String | ReadOnly=True | Shared=True | Id=9214798
ERROR | Element 14887377 | Category=Air Terminals | Family= | Parameter=NWB_WBS01 | Reason=readonly | Writable sample: AHU_AreaServed, AHU_Serves, AHU_Type, AHU_ZoneNumber, AQ, Building_No, COMPLETE Y/N, Classification.UniFormat.2010.Description, Classification.UniFormat.2010.Number, Comments, Elevation from Level, Export to IFC, Export to IFC As, Family, Family and Type, Flow, IFC Predefined Type, IfcGUID, Image, Legend Description
INFO | Candidate: NWB_WBS02 | Scope=instance | Storage=String | ReadOnly=False | Shared=True | Id=9214786
INFO | Candidate: NWB_WBS03 | Scope=instance | Storage=String | ReadOnly=False | Shared=True | Id=9214750
INFO | Candidate: NWB_WBS04 | Scope=instance | Storage=String | ReadOnly=True | Shared=True | Id=9214762
ERROR | Element 14887377 | Category=Air Terminals | Family= | Parameter=NWB_WBS04 | Reason=readonly | Writable sample: AHU_AreaServed, AHU_Serves, AHU_Type, AHU_ZoneNumber, AQ, Building_No, COMPLETE Y/N, Classification.UniFormat.2010.Description, Classification.UniFormat.2010.Number, Comments, Elevation from Level, Export to IFC, Export to IFC As, Family, Family and Type, Flow, IFC Predefined Type, IfcGUID, Image, Legend Description
INFO | Candidate: NWB_WBS05 | Scope=instance | Storage=String | ReadOnly=True | Shared=True | Id=9214810
ERROR | Element 14887377 | Category=Air Terminals | Family= | Parameter=NWB_WBS05 | Reason=readonly | Writable sample: AHU_AreaServed, AHU_Serves, AHU_Type, AHU_ZoneNumber, AQ, Building_No, COMPLETE Y/N, Classification.UniFormat.2010.Description, Classification.UniFormat.2010.Number, Comments, Elevation from Level, Export to IFC, Export to IFC As, Family, Family and Type, Flow, IFC Predefined Type, IfcGUID, Image, Legend Description
INFO | Candidate: NWB_WBSCode | Scope=instance | Storage=String | ReadOnly=False | Shared=True | Id=9214774
SOURCE | Element 14887377 | Cat=Air Terminals | Family=MHT_AT_S Air Diff Swirl | Type= | Level=LEVEL 09 | System=Supply Air | LinkedRoomLink=NWB-ACD-WBH-MH-MOD-0001 | LinkedRoomNumber=HDU.09.124 | LinkedRoomName=Office, 1 Person | LinkedRoomDept=High Dependency Unit | LinkedRoomBuilding= | LinkedRoomSite= | LinkedRoomSource=self | ResolvedDept=High Dependency Unit | ResolvedBuilding= | ResolvedSite= | DisciplineHint=mechanical | AssetCandidates=air terminals, air terminal | WBS00=WBH | WBS01=HO | WBS03=HDU | DesignPkg=NWB-GEN-ME-SCM-1091-A | BuildingPermitPkg=WBH - BP09
ELEMENT | 14887377 | Cat=Air Terminals | AssetScore=36 | AssetTypeCode=MAGS | AssetType=Air Grilles | AssetCategory=Air Terminal | Targets=NWB_AssetTypeCode=MAGS; NWB_AssetType=Air Grilles; NWB_Discipline=ME; NWB_Category=Air Terminal; NWB_Department=High Dependency Unit; NWB_Material=; NWB_System=Supply Air; NWB_UniclassCode=Pr_70_65_04_03; NWB_UniclassDescription=Air grilles; NWB_DesignPkg=NWB-GEN-ME-SCM-1091-A; NWB_BuildingPermitPkg=WBH - BP09; NWB_WBS00=WBH; NWB_WBS01=HO; NWB_WBS02=09; NWB_WBS03=HDU; NWB_WBS04=ME; NWB_WBS05=SI5; NWB_WBSCode=WBH-HO-09-HDU-ME-SI5
INFO | Candidate: NWB_AssetTypeCode | Scope=instance | Storage=String | ReadOnly=False | Shared=True | Id=7626182
INFO | Candidate: NWB_AssetType | Scope=instance | Storage=String | ReadOnly=False | Shared=True | Id=7626181
INFO | Candidate: NWB_Discipline | Scope=instance | Storage=String | ReadOnly=False | Shared=True | Id=7626159
INFO | Candidate: NWB_Category | Scope=instance | Storage=String | ReadOnly=False | Shared=True | Id=7626160
INFO | Candidate: NWB_Department | Scope=instance | Storage=String | ReadOnly=False | Shared=True | Id=7626168
INFO | Candidate: NWB_Material | Scope=instance | Storage=String | ReadOnly=False | Shared=True | Id=7626176
INFO | Candidate: NWB_System | Scope=instance | Storage=String | ReadOnly=False | Shared=True | Id=7626163
INFO | Candidate: NWB_UniclassCode | Scope=instance | Storage=String | ReadOnly=False | Shared=True | Id=7626165
INFO | Candidate: NWB_UniclassDescription | Scope=instance | Storage=String | ReadOnly=False | Shared=True | Id=7626166
INFO | Candidate: NWB_DesignPkg | Scope=instance | Storage=String | ReadOnly=False | Shared=True | Id=7626167
ERROR | Element 14887906 | Category=Duct Fittings | Family= | Parameter=NWB_BuildingPermitPkg | Reason=missing | Writable sample: AHU, AHU_AreaServed, AHU_Serves, AHU_Type, AHU_ZoneNumber, Building_No, COMPLETE Y/N, Classification.OmniClass.21.Description_INSTANCE, Classification.OmniClass.21.Number_INSTANCE, Classification.OmniClass.22.Description_INSTANCE, Classification.OmniClass.22.Number_INSTANCE, Classification.OmniClass.23.Description_INSTANCE, Classification.OmniClass.23.Number_INSTANCE, Classification.UniFormat.2010.Description, Classification.UniFormat.2010.Number, Comments, Description BOM Suffix, Duct Height1, Duct Length 1, Duct Width1
INFO | Candidate: NWB_WBS00 | Scope=instance | Storage=String | ReadOnly=False | Shared=True | Id=9214738
INFO | Candidate: NWB_WBS01 | Scope=instance | Storage=String | ReadOnly=False | Shared=True | Id=9214798
INFO | Candidate: NWB_WBS02 | Scope=instance | Storage=String | ReadOnly=False | Shared=True | Id=9214786
INFO | Candidate: NWB_WBS03 | Scope=instance | Storage=String | ReadOnly=False | Shared=True | Id=9214750
INFO | Candidate: NWB_WBS04 | Scope=instance | Storage=String | ReadOnly=False | Shared=True | Id=9214762
INFO | Candidate: NWB_WBS05 | Scope=instance | Storage=String | ReadOnly=False | Shared=True | Id=9214810
INFO | Candidate: NWB_WBSCode | Scope=instance | Storage=String | ReadOnly=False | Shared=True | Id=9214774
SOURCE | Element 14887906 | Cat=Duct Fittings | Family=MHT-ME-DF-Square Cap-BMA | Type= | Level=LEVEL 09 | System=Supply Air | LinkedRoomLink=NWB-ACD-WBH-MH-MOD-0001 | LinkedRoomNumber=TRA.11.S01 | LinkedRoomName=Stair Core, 01 | LinkedRoomDept=Travel | LinkedRoomBuilding= | LinkedRoomSite= | LinkedRoomSource=connected:14886846:Duct Systems | ResolvedDept=Travel | ResolvedBuilding= | ResolvedSite= | DisciplineHint=mechanical | AssetCandidates=duct fittings, ductwork | WBS00=WBH | WBS01=HO | WBS03=TRA | DesignPkg=NWB-GEN-ME-SCM-1091-A | BuildingPermitPkg=WBH - BP09
ELEMENT | 14887906 | Cat=Duct Fittings | AssetScore=45 | AssetTypeCode=MDUC | AssetType=Ductwork | AssetCategory=Ductwork | Targets=NWB_AssetTypeCode=MDUC; NWB_AssetType=Ductwork; NWB_Discipline=ME; NWB_Category=Ductwork; NWB_Department=Travel; NWB_Material=9479096; NWB_System=Supply Air; NWB_UniclassCode=Pr_65_65_25; NWB_UniclassDescription=Ductwork and fittings; NWB_DesignPkg=NWB-GEN-ME-SCM-1091-A; NWB_BuildingPermitPkg=WBH - BP09; NWB_WBS00=WBH; NWB_WBS01=HO; NWB_WBS02=09; NWB_WBS03=TRA; NWB_WBS04=ME; NWB_WBS05=SI5; NWB_WBSCode=WBH-HO-09-TRA-ME-SI5
INFO | Candidate: NWB_AssetTypeCode | Scope=instance | Storage=String | ReadOnly=False | Shared=True | Id=7626182
INFO | Candidate: NWB_AssetType | Scope=instance | Storage=String | ReadOnly=False | Shared=True | Id=7626181
INFO | Candidate: NWB_Discipline | Scope=instance | Storage=String | ReadOnly=False | Shared=True | Id=7626159
INFO | Candidate: NWB_Category | Scope=instance | Storage=String | ReadOnly=False | Shared=True | Id=7626160
INFO | Candidate: NWB_Department | Scope=instance | Storage=String | ReadOnly=False | Shared=True | Id=7626168
INFO | Writing INSTANCE parameter 'NWB_Department' on element 14906521
INFO | Element 14906521 | NWB_Department | Kind=Shared Parameter | Scope=instance | Storage=String | Old='' | New='Inpatient Obstetric 3'
INFO | Candidate: NWB_System | Scope=instance | Storage=String | ReadOnly=False | Shared=True | Id=7626163
INFO | Candidate: NWB_UniclassCode | Scope=instance | Storage=String | ReadOnly=False | Shared=True | Id=7626165
INFO | Candidate: NWB_UniclassDescription | Scope=instance | Storage=String | ReadOnly=False | Shared=True | Id=7626166
INFO | Candidate: NWB_DesignPkg | Scope=instance | Storage=String | ReadOnly=False | Shared=True | Id=7626167
ERROR | Element 14906521 | Category=Ducts | Family= | Parameter=NWB_BuildingPermitPkg | Reason=missing | Writable sample: AHU, AHU_AreaServed, AHU_Serves, AHU_Type, AHU_ZoneNumber, Additional Flow, Building_No, COMPLETE Y/N, Classification.OmniClass.21.Description_INSTANCE, Classification.OmniClass.21.Number_INSTANCE, Classification.OmniClass.22.Description_INSTANCE, Classification.OmniClass.22.Number_INSTANCE, Classification.OmniClass.23.Description_INSTANCE, Classification.OmniClass.23.Number_INSTANCE, Classification.UniFormat.2010.Description, Classification.UniFormat.2010.Number, Comments, DUCT NUMBER, Description BOM Suffix, Duct Number
INFO | Candidate: NWB_WBS00 | Scope=instance | Storage=String | ReadOnly=False | Shared=True | Id=9214738
INFO | Candidate: NWB_WBS01 | Scope=instance | Storage=String | ReadOnly=False | Shared=True | Id=9214798
INFO | Candidate: NWB_WBS02 | Scope=instance | Storage=String | ReadOnly=False | Shared=True | Id=9214786
INFO | Candidate: NWB_WBS03 | Scope=instance | Storage=String | ReadOnly=False | Shared=True | Id=9214750
INFO | Writing INSTANCE parameter 'NWB_WBS03' on element 14906521
INFO | Element 14906521 | NWB_WBS03 | Kind=Shared Parameter | Scope=instance | Storage=String | Old='Z00' | New='IP3'
INFO | Candidate: NWB_WBS04 | Scope=instance | Storage=String | ReadOnly=False | Shared=True | Id=9214762
INFO | Candidate: NWB_WBS05 | Scope=instance | Storage=String | ReadOnly=False | Shared=True | Id=9214810
INFO | Candidate: NWB_WBSCode | Scope=instance | Storage=String | ReadOnly=False | Shared=True | Id=9214774
INFO | Writing INSTANCE parameter 'NWB_WBSCode' on element 14906521
INFO | Element 14906521 | NWB_WBSCode | Kind=Shared Parameter | Scope=instance | Storage=String | Old='WBH-HO-09-Z00-ME-SI5' | New='WBH-HO-09-IP3-ME-SI5'
SOURCE | Element 14906521 | Cat=Ducts | Family=Rectangular Duct | Type= | Level=LEVEL 09 | System=Return Air | LinkedRoomLink=NWB-ACD-WBH-MH-MOD-0001 | LinkedRoomNumber=IP3.11.110 | LinkedRoomName=Lounge, Family | LinkedRoomDept=Inpatient Obstetric 3 | LinkedRoomBuilding= | LinkedRoomSite= | LinkedRoomSource=connected:13076014:Duct Systems | ResolvedDept=Inpatient Obstetric 3 | ResolvedBuilding= | ResolvedSite= | DisciplineHint=mechanical | AssetCandidates=ducts, ductwork | WBS00=WBH | WBS01=HO | WBS03=IP3 | DesignPkg=NWB-GEN-ME-SCM-1091-A | BuildingPermitPkg=WBH - BP09
ELEMENT | 14906521 | Cat=Ducts | AssetScore=45 | AssetTypeCode=MDUC | AssetType=Ductwork | AssetCategory=Ductwork | Targets=NWB_AssetTypeCode=MDUC; NWB_AssetType=Ductwork; NWB_Discipline=ME; NWB_Category=Ductwork; NWB_Department=Inpatient Obstetric 3; NWB_Material=; NWB_System=Return Air; NWB_UniclassCode=Pr_65_65_25; NWB_UniclassDescription=Ductwork and fittings; NWB_DesignPkg=NWB-GEN-ME-SCM-1091-A; NWB_BuildingPermitPkg=WBH - BP09; NWB_WBS00=WBH; NWB_WBS01=HO; NWB_WBS02=09; NWB_WBS03=IP3; NWB_WBS04=ME; NWB_WBS05=SI5; NWB_WBSCode=WBH-HO-09-IP3-ME-SI5
INFO | Candidate: NWB_AssetTypeCode | Scope=instance | Storage=String | ReadOnly=False | Shared=True | Id=3045149
INFO | Candidate: NWB_AssetTypeCode | Scope=instance | Storage=String | ReadOnly=False | Shared=True | Id=7626182
INFO | Found 2 parameters named NWB_AssetTypeCode
INFO | SELECTED | Shared Parameter | Scope=instance | ReadOnly=False | Id=3045149
INFO | SELECTED | Shared Parameter | Scope=instance | ReadOnly=False | Id=7626182
INFO | Candidate: NWB_AssetType | Scope=instance | Storage=String | ReadOnly=False | Shared=True | Id=3045150
INFO | Candidate: NWB_AssetType | Scope=instance | Storage=String | ReadOnly=False | Shared=True | Id=7626181
INFO | Found 2 parameters named NWB_AssetType
INFO | SELECTED | Shared Parameter | Scope=instance | ReadOnly=False | Id=3045150
INFO | SELECTED | Shared Parameter | Scope=instance | ReadOnly=False | Id=7626181
INFO | Candidate: NWB_Discipline | Scope=instance | Storage=String | ReadOnly=False | Shared=True | Id=3045151
INFO | Candidate: NWB_Discipline | Scope=instance | Storage=String | ReadOnly=False | Shared=True | Id=7626159
INFO | Found 2 parameters named NWB_Discipline
INFO | SELECTED | Shared Parameter | Scope=instance | ReadOnly=False | Id=3045151
INFO | SELECTED | Shared Parameter | Scope=instance | ReadOnly=False | Id=7626159
INFO | Candidate: NWB_Category | Scope=instance | Storage=String | ReadOnly=False | Shared=True | Id=3045152
INFO | Candidate: NWB_Category | Scope=instance | Storage=String | ReadOnly=False | Shared=True | Id=7626160
INFO | Found 2 parameters named NWB_Category
INFO | SELECTED | Shared Parameter | Scope=instance | ReadOnly=False | Id=3045152
INFO | SELECTED | Shared Parameter | Scope=instance | ReadOnly=False | Id=7626160
INFO | Candidate: NWB_System | Scope=instance | Storage=String | ReadOnly=False | Shared=True | Id=3045155
INFO | Candidate: NWB_System | Scope=instance | Storage=String | ReadOnly=False | Shared=True | Id=7626163
INFO | Found 2 parameters named NWB_System
INFO | SELECTED | Shared Parameter | Scope=instance | ReadOnly=False | Id=3045155
INFO | SELECTED | Shared Parameter | Scope=instance | ReadOnly=False | Id=7626163
INFO | Candidate: NWB_UniclassCode | Scope=instance | Storage=String | ReadOnly=False | Shared=True | Id=3045156
INFO | Candidate: NWB_UniclassCode | Scope=instance | Storage=String | ReadOnly=False | Shared=True | Id=7626165
INFO | Found 2 parameters named NWB_UniclassCode
INFO | SELECTED | Shared Parameter | Scope=instance | ReadOnly=False | Id=3045156
INFO | SELECTED | Shared Parameter | Scope=instance | ReadOnly=False | Id=7626165
INFO | Candidate: NWB_UniclassDescription | Scope=instance | Storage=String | ReadOnly=False | Shared=True | Id=3045157
INFO | Candidate: NWB_UniclassDescription | Scope=instance | Storage=String | ReadOnly=False | Shared=True | Id=7626166
INFO | Found 2 parameters named NWB_UniclassDescription
INFO | SELECTED | Shared Parameter | Scope=instance | ReadOnly=False | Id=3045157
INFO | SELECTED | Shared Parameter | Scope=instance | ReadOnly=False | Id=7626166
INFO | Candidate: NWB_DesignPkg | Scope=instance | Storage=String | ReadOnly=False | Shared=True | Id=3045158
INFO | Candidate: NWB_DesignPkg | Scope=instance | Storage=String | ReadOnly=False | Shared=True | Id=7626167
INFO | Found 2 parameters named NWB_DesignPkg
INFO | SELECTED | Shared Parameter | Scope=instance | ReadOnly=False | Id=3045158
INFO | SELECTED | Shared Parameter | Scope=instance | ReadOnly=False | Id=7626167
ERROR | Element 14906529 | Category=Duct Fittings | Family= | Parameter=NWB_BuildingPermitPkg | Reason=missing | Writable sample: AHU, AHU_AreaServed, AHU_Serves, AHU_Type, AHU_ZoneNumber, Building_No, COMPLETE Y/N, Classification.OmniClass.21.Description_INSTANCE, Classification.OmniClass.21.Number_INSTANCE, Classification.OmniClass.22.Description_INSTANCE, Classification.OmniClass.22.Number_INSTANCE, Classification.OmniClass.23.Description_INSTANCE, Classification.OmniClass.23.Number_INSTANCE, Classification.UniFormat.2010.Description, Classification.UniFormat.2010.Number, Comments, Description BOM Suffix, Duct Height, Duct Width, Ductwork Insulation - Lining
INFO | Candidate: NWB_WBS00 | Scope=instance | Storage=String | ReadOnly=False | Shared=True | Id=9214738
INFO | Candidate: NWB_WBS01 | Scope=instance | Storage=String | ReadOnly=False | Shared=True | Id=9214798
INFO | Candidate: NWB_WBS02 | Scope=instance | Storage=String | ReadOnly=False | Shared=True | Id=9214786
INFO | Candidate: NWB_WBS03 | Scope=instance | Storage=String | ReadOnly=False | Shared=True | Id=9214750
INFO | Candidate: NWB_WBS04 | Scope=instance | Storage=String | ReadOnly=False | Shared=True | Id=9214762
INFO | Candidate: NWB_WBS05 | Scope=instance | Storage=String | ReadOnly=False | Shared=True | Id=9214810
INFO | Candidate: NWB_WBSCode | Scope=instance | Storage=String | ReadOnly=False | Shared=True | Id=9214774
SOURCE | Element 14906529 | Cat=Duct Fittings | Family=MHT-ME-DF-Rectangular Short Radius Bend - Flanged | Type= | Level=LEVEL 09 | System=Return Air | LinkedRoomLink= | LinkedRoomNumber= | LinkedRoomName= | LinkedRoomDept= | LinkedRoomBuilding= | LinkedRoomSite= | LinkedRoomSource= | ResolvedDept= | ResolvedBuilding= | ResolvedSite= | DisciplineHint=mechanical | AssetCandidates=duct fittings, ductwork | WBS00=WBH | WBS01=HO | WBS03=Z00 | DesignPkg=NWB-GEN-ME-SCM-1091-A | BuildingPermitPkg=WBH - BP09
WARN | Element 14906529 | Department unresolved | ExistingNWBDepartment= | ExistingWBS00=WBH | ExistingWBS01=HO | ExistingDiscipline=ME
ELEMENT | 14906529 | Cat=Duct Fittings | AssetScore=45 | AssetTypeCode=MDUC | AssetType=Ductwork | AssetCategory=Ductwork | Targets=NWB_AssetTypeCode=MDUC; NWB_AssetType=Ductwork; NWB_Discipline=ME; NWB_Category=Ductwork; NWB_Department=; NWB_Material=; NWB_System=Return Air; NWB_UniclassCode=Pr_65_65_25; NWB_UniclassDescription=Ductwork and fittings; NWB_DesignPkg=NWB-GEN-ME-SCM-1091-A; NWB_BuildingPermitPkg=WBH - BP09; NWB_WBS00=WBH; NWB_WBS01=HO; NWB_WBS02=09; NWB_WBS03=Z00; NWB_WBS04=ME; NWB_WBS05=SI5; NWB_WBSCode=WBH-HO-09-Z00-ME-SI5
INFO | Candidate: NWB_AssetTypeCode | Scope=instance | Storage=String | ReadOnly=False | Shared=True | Id=7626182
INFO | Candidate: NWB_AssetType | Scope=instance | Storage=String | ReadOnly=False | Shared=True | Id=7626181
INFO | Candidate: NWB_Discipline | Scope=instance | Storage=String | ReadOnly=False | Shared=True | Id=7626159
INFO | Candidate: NWB_Category | Scope=instance | Storage=String | ReadOnly=False | Shared=True | Id=7626160
INFO | Candidate: NWB_Department | Scope=instance | Storage=String | ReadOnly=False | Shared=True | Id=7626168
INFO | Writing INSTANCE parameter 'NWB_Department' on element 14907327
INFO | Element 14907327 | NWB_Department | Kind=Shared Parameter | Scope=instance | Storage=String | Old='' | New='High Dependency Unit'
INFO | Candidate: NWB_System | Scope=instance | Storage=String | ReadOnly=False | Shared=True | Id=7626163
INFO | Candidate: NWB_UniclassCode | Scope=instance | Storage=String | ReadOnly=False | Shared=True | Id=7626165
INFO | Candidate: NWB_UniclassDescription | Scope=instance | Storage=String | ReadOnly=False | Shared=True | Id=7626166
INFO | Candidate: NWB_DesignPkg | Scope=instance | Storage=String | ReadOnly=False | Shared=True | Id=7626167
ERROR | Element 14907327 | Category=Flex Ducts | Family= | Parameter=NWB_BuildingPermitPkg | Reason=missing | Writable sample: AHU_AreaServed, AHU_Serves, AHU_Type, AHU_ZoneNumber, Additional Flow, Building_No, COMPLETE Y/N, Classification.UniFormat.2010.Description, Classification.UniFormat.2010.Number, Comments, Diameter, Export to IFC, Export to IFC As, Family, Family and Type, Flex Pattern, IFC Predefined Type, IfcGUID, Image, Legend Description
INFO | Candidate: NWB_WBS00 | Scope=instance | Storage=String | ReadOnly=False | Shared=True | Id=9214738
INFO | Candidate: NWB_WBS01 | Scope=instance | Storage=String | ReadOnly=False | Shared=True | Id=9214798
INFO | Candidate: NWB_WBS02 | Scope=instance | Storage=String | ReadOnly=False | Shared=True | Id=9214786
INFO | Candidate: NWB_WBS03 | Scope=instance | Storage=String | ReadOnly=False | Shared=True | Id=9214750
INFO | Writing INSTANCE parameter 'NWB_WBS03' on element 14907327
INFO | Element 14907327 | NWB_WBS03 | Kind=Shared Parameter | Scope=instance | Storage=String | Old='Z00' | New='HDU'
INFO | Candidate: NWB_WBS04 | Scope=instance | Storage=String | ReadOnly=False | Shared=True | Id=9214762
INFO | Candidate: NWB_WBS05 | Scope=instance | Storage=String | ReadOnly=False | Shared=True | Id=9214810
INFO | Candidate: NWB_WBSCode | Scope=instance | Storage=String | ReadOnly=False | Shared=True | Id=9214774
INFO | Writing INSTANCE parameter 'NWB_WBSCode' on element 14907327
INFO | Element 14907327 | NWB_WBSCode | Kind=Shared Parameter | Scope=instance | Storage=String | Old='WBH-HO-09-Z00-ME-SI5' | New='WBH-HO-09-HDU-ME-SI5'
SOURCE | Element 14907327 | Cat=Flex Ducts | Family=Flex Duct Round | Type= | Level=LEVEL 09 | System=Supply Air | LinkedRoomLink=NWB-ACD-WBH-MH-MOD-0001 | LinkedRoomNumber=HDU.09.104 | LinkedRoomName=Store - General | LinkedRoomDept=High Dependency Unit | LinkedRoomBuilding= | LinkedRoomSite= | LinkedRoomSource=connected:13142360:Air Terminals | ResolvedDept=High Dependency Unit | ResolvedBuilding= | ResolvedSite= | DisciplineHint=mechanical | AssetCandidates=flex ducts, ductwork | WBS00=WBH | WBS01=HO | WBS03=HDU | DesignPkg=NWB-GEN-ME-SCM-1091-A | BuildingPermitPkg=WBH - BP09
ELEMENT | 14907327 | Cat=Flex Ducts | AssetScore=45 | AssetTypeCode=MDUC | AssetType=Ductwork | AssetCategory=Ductwork | Targets=NWB_AssetTypeCode=MDUC; NWB_AssetType=Ductwork; NWB_Discipline=ME; NWB_Category=Ductwork; NWB_Department=High Dependency Unit; NWB_Material=; NWB_System=Supply Air; NWB_UniclassCode=Pr_65_65_25; NWB_UniclassDescription=Ductwork and fittings; NWB_DesignPkg=NWB-GEN-ME-SCM-1091-A; NWB_BuildingPermitPkg=WBH - BP09; NWB_WBS00=WBH; NWB_WBS01=HO; NWB_WBS02=09; NWB_WBS03=HDU; NWB_WBS04=ME; NWB_WBS05=SI5; NWB_WBSCode=WBH-HO-09-HDU-ME-SI5
INFO | Candidate: NWB_AssetTypeCode | Scope=instance | Storage=String | ReadOnly=False | Shared=True | Id=7626182
INFO | Candidate: NWB_AssetType | Scope=instance | Storage=String | ReadOnly=False | Shared=True | Id=7626181
INFO | Candidate: NWB_Discipline | Scope=instance | Storage=String | ReadOnly=False | Shared=True | Id=7626159
INFO | Candidate: NWB_Category | Scope=instance | Storage=String | ReadOnly=False | Shared=True | Id=7626160
INFO | Candidate: NWB_Department | Scope=instance | Storage=String | ReadOnly=False | Shared=True | Id=7626168
INFO | Candidate: NWB_System | Scope=instance | Storage=String | ReadOnly=False | Shared=True | Id=7626163
INFO | Candidate: NWB_UniclassCode | Scope=instance | Storage=String | ReadOnly=False | Shared=True | Id=7626165
INFO | Candidate: NWB_UniclassDescription | Scope=instance | Storage=String | ReadOnly=False | Shared=True | Id=7626166
INFO | Candidate: NWB_DesignPkg | Scope=instance | Storage=String | ReadOnly=False | Shared=True | Id=7626167
ERROR | Element 14908172 | Category=Flex Ducts | Family= | Parameter=NWB_BuildingPermitPkg | Reason=missing | Writable sample: AHU_AreaServed, AHU_Serves, AHU_Type, AHU_ZoneNumber, Additional Flow, Building_No, COMPLETE Y/N, Classification.UniFormat.2010.Description, Classification.UniFormat.2010.Number, Comments, Diameter, Export to IFC, Export to IFC As, Family, Family and Type, Flex Pattern, IFC Predefined Type, IfcGUID, Image, Legend Description
INFO | Candidate: NWB_WBS00 | Scope=instance | Storage=String | ReadOnly=False | Shared=True | Id=9214738
INFO | Candidate: NWB_WBS01 | Scope=instance | Storage=String | ReadOnly=False | Shared=True | Id=9214798
INFO | Candidate: NWB_WBS02 | Scope=instance | Storage=String | ReadOnly=False | Shared=True | Id=9214786
INFO | Candidate: NWB_WBS03 | Scope=instance | Storage=String | ReadOnly=False | Shared=True | Id=9214750
INFO | Candidate: NWB_WBS04 | Scope=instance | Storage=String | ReadOnly=False | Shared=True | Id=9214762
INFO | Candidate: NWB_WBS05 | Scope=instance | Storage=String | ReadOnly=False | Shared=True | Id=9214810
INFO | Candidate: NWB_WBSCode | Scope=instance | Storage=String | ReadOnly=False | Shared=True | Id=9214774
SOURCE | Element 14908172 | Cat=Flex Ducts | Family=Flex Duct Round | Type= | Level=LEVEL 09 | System=Supply Air | LinkedRoomLink=NWB-ACD-WBH-MH-MOD-0001 | LinkedRoomNumber=HDU.09.073 | LinkedRoomName=1 Bed Room, Intensive Care | LinkedRoomDept=High Dependency Unit | LinkedRoomBuilding= | LinkedRoomSite= | LinkedRoomSource=connected:13142556:Air Terminals | ResolvedDept=High Dependency Unit | ResolvedBuilding= | ResolvedSite= | DisciplineHint=mechanical | AssetCandidates=flex ducts, ductwork | WBS00=WBH | WBS01=HO | WBS03=HDU | DesignPkg=NWB-GEN-ME-SCM-1091-A | BuildingPermitPkg=WBH - BP09
ELEMENT | 14908172 | Cat=Flex Ducts | AssetScore=45 | AssetTypeCode=MDUC | AssetType=Ductwork | AssetCategory=Ductwork | Targets=NWB_AssetTypeCode=MDUC; NWB_AssetType=Ductwork; NWB_Discipline=ME; NWB_Category=Ductwork; NWB_Department=High Dependency Unit; NWB_Material=; NWB_System=Supply Air; NWB_UniclassCode=Pr_65_65_25; NWB_UniclassDescription=Ductwork and fittings; NWB_DesignPkg=NWB-GEN-ME-SCM-1091-A; NWB_BuildingPermitPkg=WBH - BP09; NWB_WBS00=WBH; NWB_WBS01=HO; NWB_WBS02=09; NWB_WBS03=HDU; NWB_WBS04=ME; NWB_WBS05=SI5; NWB_WBSCode=WBH-HO-09-HDU-ME-SI5
INFO | Candidate: NWB_AssetTypeCode | Scope=instance | Storage=String | ReadOnly=False | Shared=True | Id=7626182
INFO | Candidate: NWB_AssetType | Scope=instance | Storage=String | ReadOnly=False | Shared=True | Id=7626181
INFO | Candidate: NWB_Discipline | Scope=instance | Storage=String | ReadOnly=False | Shared=True | Id=7626159
INFO | Candidate: NWB_Category | Scope=instance | Storage=String | ReadOnly=False | Shared=True | Id=7626160
INFO | Candidate: NWB_System | Scope=instance | Storage=String | ReadOnly=False | Shared=True | Id=7626163
INFO | Candidate: NWB_UniclassCode | Scope=instance | Storage=String | ReadOnly=False | Shared=True | Id=7626165
INFO | Candidate: NWB_UniclassDescription | Scope=instance | Storage=String | ReadOnly=False | Shared=True | Id=7626166
INFO | Candidate: NWB_DesignPkg | Scope=instance | Storage=String | ReadOnly=False | Shared=True | Id=7626167
ERROR | Element 14908214 | Category=Duct Fittings | Family= | Parameter=NWB_BuildingPermitPkg | Reason=missing | Writable sample: AHU, AHU_AreaServed, AHU_Serves, AHU_Type, AHU_ZoneNumber, Building_No, COMPLETE Y/N, Classification.OmniClass.21.Description_INSTANCE, Classification.OmniClass.21.Number_INSTANCE, Classification.OmniClass.22.Description_INSTANCE, Classification.OmniClass.22.Number_INSTANCE, Classification.OmniClass.23.Description_INSTANCE, Classification.OmniClass.23.Number_INSTANCE, Classification.UniFormat.2010.Description, Classification.UniFormat.2010.Number, Comments, Description BOM Suffix, Duct Diameter, Ductwork Insulation - Lining, Elevation from Level
INFO | Candidate: NWB_WBS00 | Scope=instance | Storage=String | ReadOnly=False | Shared=True | Id=9214738
INFO | Candidate: NWB_WBS01 | Scope=instance | Storage=String | ReadOnly=False | Shared=True | Id=9214798
INFO | Candidate: NWB_WBS02 | Scope=instance | Storage=String | ReadOnly=False | Shared=True | Id=9214786
INFO | Candidate: NWB_WBS03 | Scope=instance | Storage=String | ReadOnly=False | Shared=True | Id=9214750
INFO | Candidate: NWB_WBS04 | Scope=instance | Storage=String | ReadOnly=False | Shared=True | Id=9214762
INFO | Candidate: NWB_WBS05 | Scope=instance | Storage=String | ReadOnly=False | Shared=True | Id=9214810
INFO | Candidate: NWB_WBSCode | Scope=instance | Storage=String | ReadOnly=False | Shared=True | Id=9214774
SOURCE | Element 14908214 | Cat=Duct Fittings | Family=MHT_DF_Spigot | Type= | Level=LEVEL 09 | System=Supply Air | LinkedRoomLink= | LinkedRoomNumber= | LinkedRoomName= | LinkedRoomDept= | LinkedRoomBuilding= | LinkedRoomSite= | LinkedRoomSource= | ResolvedDept= | ResolvedBuilding= | ResolvedSite= | DisciplineHint=mechanical | AssetCandidates=duct fittings, ductwork, damper, motorised damper | WBS00=WBH | WBS01=HO | WBS03=Z00 | DesignPkg=NWB-GEN-ME-SCM-1091-A | BuildingPermitPkg=WBH - BP09
WARN | Element 14908214 | Department unresolved | ExistingNWBDepartment= | ExistingWBS00=WBH | ExistingWBS01=HO | ExistingDiscipline=ME
ELEMENT | 14908214 | Cat=Duct Fittings | AssetScore=45 | AssetTypeCode=MDUC | AssetType=Ductwork | AssetCategory=Ductwork | Targets=NWB_AssetTypeCode=MDUC; NWB_AssetType=Ductwork; NWB_Discipline=ME; NWB_Category=Ductwork; NWB_Department=; NWB_Material=; NWB_System=Supply Air; NWB_UniclassCode=Pr_65_65_25; NWB_UniclassDescription=Ductwork and fittings; NWB_DesignPkg=NWB-GEN-ME-SCM-1091-A; NWB_BuildingPermitPkg=WBH - BP09; NWB_WBS00=WBH; NWB_WBS01=HO; NWB_WBS02=09; NWB_WBS03=Z00; NWB_WBS04=ME; NWB_WBS05=SI5; NWB_WBSCode=WBH-HO-09-Z00-ME-SI5
INFO | Candidate: NWB_AssetTypeCode | Scope=instance | Storage=String | ReadOnly=False | Shared=True | Id=7626182
INFO | Candidate: NWB_AssetType | Scope=instance | Storage=String | ReadOnly=False | Shared=True | Id=7626181
INFO | Candidate: NWB_Discipline | Scope=instance | Storage=String | ReadOnly=False | Shared=True | Id=7626159
INFO | Candidate: NWB_Category | Scope=instance | Storage=String | ReadOnly=False | Shared=True | Id=7626160
INFO | Candidate: NWB_Department | Scope=instance | Storage=String | ReadOnly=False | Shared=True | Id=7626168
INFO | Candidate: NWB_System | Scope=instance | Storage=String | ReadOnly=False | Shared=True | Id=7626163
INFO | Candidate: NWB_UniclassCode | Scope=instance | Storage=String | ReadOnly=False | Shared=True | Id=7626165
INFO | Candidate: NWB_UniclassDescription | Scope=instance | Storage=String | ReadOnly=False | Shared=True | Id=7626166
INFO | Candidate: NWB_DesignPkg | Scope=instance | Storage=String | ReadOnly=False | Shared=True | Id=7626167
ERROR | Element 14908340 | Category=Flex Ducts | Family= | Parameter=NWB_BuildingPermitPkg | Reason=missing | Writable sample: AHU_AreaServed, AHU_Serves, AHU_Type, AHU_ZoneNumber, Additional Flow, Building_No, COMPLETE Y/N, Classification.UniFormat.2010.Description, Classification.UniFormat.2010.Number, Comments, Diameter, Export to IFC, Export to IFC As, Family, Family and Type, Flex Pattern, IFC Predefined Type, IfcGUID, Image, Legend Description
INFO | Candidate: NWB_WBS00 | Scope=instance | Storage=String | ReadOnly=False | Shared=True | Id=9214738
INFO | Candidate: NWB_WBS01 | Scope=instance | Storage=String | ReadOnly=False | Shared=True | Id=9214798
INFO | Candidate: NWB_WBS02 | Scope=instance | Storage=String | ReadOnly=False | Shared=True | Id=9214786
INFO | Candidate: NWB_WBS03 | Scope=instance | Storage=String | ReadOnly=False | Shared=True | Id=9214750
INFO | Candidate: NWB_WBS04 | Scope=instance | Storage=String | ReadOnly=False | Shared=True | Id=9214762
INFO | Candidate: NWB_WBS05 | Scope=instance | Storage=String | ReadOnly=False | Shared=True | Id=9214810
INFO | Candidate: NWB_WBSCode | Scope=instance | Storage=String | ReadOnly=False | Shared=True | Id=9214774
SOURCE | Element 14908340 | Cat=Flex Ducts | Family=Flex Duct Round | Type= | Level=LEVEL 09 | System=Supply Air | LinkedRoomLink=NWB-ACD-WBH-MH-MOD-0001 | LinkedRoomNumber=HDU.09.085 | LinkedRoomName=1 Bed Room, Intensive Care (Bariatric) | LinkedRoomDept=High Dependency Unit | LinkedRoomBuilding= | LinkedRoomSite= | LinkedRoomSource=connected:13142570:Air Terminals | ResolvedDept=High Dependency Unit | ResolvedBuilding= | ResolvedSite= | DisciplineHint=mechanical | AssetCandidates=flex ducts, ductwork | WBS00=WBH | WBS01=HO | WBS03=HDU | DesignPkg=NWB-GEN-ME-SCM-1091-A | BuildingPermitPkg=WBH - BP09
ELEMENT | 14908340 | Cat=Flex Ducts | AssetScore=45 | AssetTypeCode=MDUC | AssetType=Ductwork | AssetCategory=Ductwork | Targets=NWB_AssetTypeCode=MDUC; NWB_AssetType=Ductwork; NWB_Discipline=ME; NWB_Category=Ductwork; NWB_Department=High Dependency Unit; NWB_Material=; NWB_System=Supply Air; NWB_UniclassCode=Pr_65_65_25; NWB_UniclassDescription=Ductwork and fittings; NWB_DesignPkg=NWB-GEN-ME-SCM-1091-A; NWB_BuildingPermitPkg=WBH - BP09; NWB_WBS00=WBH; NWB_WBS01=HO; NWB_WBS02=09; NWB_WBS03=HDU; NWB_WBS04=ME; NWB_WBS05=SI5; NWB_WBSCode=WBH-HO-09-HDU-ME-SI5
INFO | Candidate: NWB_AssetTypeCode | Scope=instance | Storage=String | ReadOnly=False | Shared=True | Id=7626182
INFO | Candidate: NWB_AssetType | Scope=instance | Storage=String | ReadOnly=False | Shared=True | Id=7626181
INFO | Candidate: NWB_Discipline | Scope=instance | Storage=String | ReadOnly=False | Shared=True | Id=7626159
INFO | Candidate: NWB_Category | Scope=instance | Storage=String | ReadOnly=False | Shared=True | Id=7626160
INFO | Candidate: NWB_System | Scope=instance | Storage=String | ReadOnly=False | Shared=True | Id=7626163
INFO | Candidate: NWB_UniclassCode | Scope=instance | Storage=String | ReadOnly=False | Shared=True | Id=7626165
INFO | Candidate: NWB_UniclassDescription | Scope=instance | Storage=String | ReadOnly=False | Shared=True | Id=7626166
INFO | Candidate: NWB_DesignPkg | Scope=instance | Storage=String | ReadOnly=False | Shared=True | Id=7626167
ERROR | Element 14908376 | Category=Duct Fittings | Family= | Parameter=NWB_BuildingPermitPkg | Reason=missing | Writable sample: AHU, AHU_AreaServed, AHU_Serves, AHU_Type, AHU_ZoneNumber, Building_No, COMPLETE Y/N, Classification.OmniClass.21.Description_INSTANCE, Classification.OmniClass.21.Number_INSTANCE, Classification.OmniClass.22.Description_INSTANCE, Classification.OmniClass.22.Number_INSTANCE, Classification.OmniClass.23.Description_INSTANCE, Classification.OmniClass.23.Number_INSTANCE, Classification.UniFormat.2010.Description, Classification.UniFormat.2010.Number, Comments, Description BOM Suffix, Duct Diameter, Ductwork Insulation - Lining, Elevation from Level
INFO | Candidate: NWB_WBS00 | Scope=instance | Storage=String | ReadOnly=False | Shared=True | Id=9214738
INFO | Candidate: NWB_WBS01 | Scope=instance | Storage=String | ReadOnly=False | Shared=True | Id=9214798
INFO | Candidate: NWB_WBS02 | Scope=instance | Storage=String | ReadOnly=False | Shared=True | Id=9214786
INFO | Candidate: NWB_WBS03 | Scope=instance | Storage=String | ReadOnly=False | Shared=True | Id=9214750
INFO | Candidate: NWB_WBS04 | Scope=instance | Storage=String | ReadOnly=False | Shared=True | Id=9214762
INFO | Candidate: NWB_WBS05 | Scope=instance | Storage=String | ReadOnly=False | Shared=True | Id=9214810
INFO | Candidate: NWB_WBSCode | Scope=instance | Storage=String | ReadOnly=False | Shared=True | Id=9214774
SOURCE | Element 14908376 | Cat=Duct Fittings | Family=MHT_DF_Spigot | Type= | Level=LEVEL 09 | System=Supply Air | LinkedRoomLink= | LinkedRoomNumber= | LinkedRoomName= | LinkedRoomDept= | LinkedRoomBuilding= | LinkedRoomSite= | LinkedRoomSource= | ResolvedDept= | ResolvedBuilding= | ResolvedSite= | DisciplineHint=mechanical | AssetCandidates=duct fittings, ductwork, damper, motorised damper | WBS00=WBH | WBS01=HO | WBS03=Z00 | DesignPkg=NWB-GEN-ME-SCM-1091-A | BuildingPermitPkg=WBH - BP09
WARN | Element 14908376 | Department unresolved | ExistingNWBDepartment= | ExistingWBS00=WBH | ExistingWBS01=HO | ExistingDiscipline=ME
ELEMENT | 14908376 | Cat=Duct Fittings | AssetScore=45 | AssetTypeCode=MDUC | AssetType=Ductwork | AssetCategory=Ductwork | Targets=NWB_AssetTypeCode=MDUC; NWB_AssetType=Ductwork; NWB_Discipline=ME; NWB_Category=Ductwork; NWB_Department=; NWB_Material=; NWB_System=Supply Air; NWB_UniclassCode=Pr_65_65_25; NWB_UniclassDescription=Ductwork and fittings; NWB_DesignPkg=NWB-GEN-ME-SCM-1091-A; NWB_BuildingPermitPkg=WBH - BP09; NWB_WBS00=WBH; NWB_WBS01=HO; NWB_WBS02=09; NWB_WBS03=Z00; NWB_WBS04=ME; NWB_WBS05=SI5; NWB_WBSCode=WBH-HO-09-Z00-ME-SI5
INFO | Candidate: NWB_AssetTypeCode | Scope=instance | Storage=String | ReadOnly=False | Shared=True | Id=7626182
INFO | Candidate: NWB_AssetType | Scope=instance | Storage=String | ReadOnly=False | Shared=True | Id=7626181
INFO | Candidate: NWB_Discipline | Scope=instance | Storage=String | ReadOnly=False | Shared=True | Id=7626159
INFO | Candidate: NWB_Category | Scope=instance | Storage=String | ReadOnly=False | Shared=True | Id=7626160
INFO | Candidate: NWB_System | Scope=instance | Storage=String | ReadOnly=False | Shared=True | Id=7626163
INFO | Candidate: NWB_UniclassCode | Scope=instance | Storage=String | ReadOnly=False | Shared=True | Id=7626165
INFO | Candidate: NWB_UniclassDescription | Scope=instance | Storage=String | ReadOnly=False | Shared=True | Id=7626166
INFO | Candidate: NWB_DesignPkg | Scope=instance | Storage=String | ReadOnly=False | Shared=True | Id=7626167
ERROR | Element 14908708 | Category=Ducts | Family= | Parameter=NWB_BuildingPermitPkg | Reason=missing | Writable sample: AHU, AHU_AreaServed, AHU_Serves, AHU_Type, AHU_ZoneNumber, Additional Flow, Building_No, COMPLETE Y/N, Classification.OmniClass.21.Description_INSTANCE, Classification.OmniClass.21.Number_INSTANCE, Classification.OmniClass.22.Description_INSTANCE, Classification.OmniClass.22.Number_INSTANCE, Classification.OmniClass.23.Description_INSTANCE, Classification.OmniClass.23.Number_INSTANCE, Classification.UniFormat.2010.Description, Classification.UniFormat.2010.Number, Comments, DUCT NUMBER, Description BOM Suffix, Duct Number
INFO | Candidate: NWB_WBS00 | Scope=instance | Storage=String | ReadOnly=False | Shared=True | Id=9214738
INFO | Candidate: NWB_WBS01 | Scope=instance | Storage=String | ReadOnly=False | Shared=True | Id=9214798
INFO | Candidate: NWB_WBS02 | Scope=instance | Storage=String | ReadOnly=False | Shared=True | Id=9214786
INFO | Candidate: NWB_WBS03 | Scope=instance | Storage=String | ReadOnly=False | Shared=True | Id=9214750
INFO | Candidate: NWB_WBS04 | Scope=instance | Storage=String | ReadOnly=False | Shared=True | Id=9214762
INFO | Candidate: NWB_WBS05 | Scope=instance | Storage=String | ReadOnly=False | Shared=True | Id=9214810
INFO | Candidate: NWB_WBSCode | Scope=instance | Storage=String | ReadOnly=False | Shared=True | Id=9214774
SOURCE | Element 14908708 | Cat=Ducts | Family=Rectangular Duct | Type= | Level=LEVEL 09 | System=Exhaust Air | LinkedRoomLink= | LinkedRoomNumber= | LinkedRoomName= | LinkedRoomDept= | LinkedRoomBuilding= | LinkedRoomSite= | LinkedRoomSource= | ResolvedDept= | ResolvedBuilding= | ResolvedSite= | DisciplineHint=mechanical | AssetCandidates=ducts, ductwork | WBS00=WBH | WBS01=HO | WBS03=Z00 | DesignPkg=NWB-GEN-ME-SCM-1091-A | BuildingPermitPkg=WBH - BP09
WARN | Element 14908708 | Department unresolved | ExistingNWBDepartment= | ExistingWBS00=WBH | ExistingWBS01=HO | ExistingDiscipline=ME
ELEMENT | 14908708 | Cat=Ducts | AssetScore=45 | AssetTypeCode=MDUC | AssetType=Ductwork | AssetCategory=Ductwork | Targets=NWB_AssetTypeCode=MDUC; NWB_AssetType=Ductwork; NWB_Discipline=ME; NWB_Category=Ductwork; NWB_Department=; NWB_Material=; NWB_System=Exhaust Air; NWB_UniclassCode=Pr_65_65_25; NWB_UniclassDescription=Ductwork and fittings; NWB_DesignPkg=NWB-GEN-ME-SCM-1091-A; NWB_BuildingPermitPkg=WBH - BP09; NWB_WBS00=WBH; NWB_WBS01=HO; NWB_WBS02=09; NWB_WBS03=Z00; NWB_WBS04=ME; NWB_WBS05=SI5; NWB_WBSCode=WBH-HO-09-Z00-ME-SI5
INFO | Candidate: NWB_AssetTypeCode | Scope=instance | Storage=String | ReadOnly=False | Shared=True | Id=7626182
INFO | Candidate: NWB_AssetType | Scope=instance | Storage=String | ReadOnly=False | Shared=True | Id=7626181
INFO | Candidate: NWB_Discipline | Scope=instance | Storage=String | ReadOnly=False | Shared=True | Id=7626159
INFO | Candidate: NWB_Category | Scope=instance | Storage=String | ReadOnly=False | Shared=True | Id=7626160
INFO | Candidate: NWB_Department | Scope=instance | Storage=String | ReadOnly=False | Shared=True | Id=7626168
INFO | Writing INSTANCE parameter 'NWB_Department' on element 14908849
INFO | Element 14908849 | NWB_Department | Kind=Shared Parameter | Scope=instance | Storage=String | Old='' | New='HDU'
INFO | Candidate: NWB_System | Scope=instance | Storage=String | ReadOnly=False | Shared=True | Id=7626163
INFO | Candidate: NWB_UniclassCode | Scope=instance | Storage=String | ReadOnly=False | Shared=True | Id=7626165
INFO | Candidate: NWB_UniclassDescription | Scope=instance | Storage=String | ReadOnly=False | Shared=True | Id=7626166
INFO | Candidate: NWB_DesignPkg | Scope=instance | Storage=String | ReadOnly=False | Shared=True | Id=7626167
ERROR | Element 14908849 | Category=Duct Fittings | Family= | Parameter=NWB_BuildingPermitPkg | Reason=missing | Writable sample: AHU, AHU_AreaServed, AHU_Serves, AHU_Type, AHU_ZoneNumber, Building_No, COMPLETE Y/N, Classification.OmniClass.21.Description_INSTANCE, Classification.OmniClass.21.Number_INSTANCE, Classification.OmniClass.22.Description_INSTANCE, Classification.OmniClass.22.Number_INSTANCE, Classification.OmniClass.23.Description_INSTANCE, Classification.OmniClass.23.Number_INSTANCE, Classification.UniFormat.2010.Description, Classification.UniFormat.2010.Number, Comments, Description BOM Suffix, Duct Diameter, Ductwork Insulation - Lining, Elevation from Level
INFO | Candidate: NWB_WBS00 | Scope=instance | Storage=String | ReadOnly=False | Shared=True | Id=9214738
INFO | Candidate: NWB_WBS01 | Scope=instance | Storage=String | ReadOnly=False | Shared=True | Id=9214798
INFO | Candidate: NWB_WBS02 | Scope=instance | Storage=String | ReadOnly=False | Shared=True | Id=9214786
INFO | Candidate: NWB_WBS03 | Scope=instance | Storage=String | ReadOnly=False | Shared=True | Id=9214750
INFO | Writing INSTANCE parameter 'NWB_WBS03' on element 14908849
INFO | Element 14908849 | NWB_WBS03 | Kind=Shared Parameter | Scope=instance | Storage=String | Old='Z00' | New='HDU'
INFO | Candidate: NWB_WBS04 | Scope=instance | Storage=String | ReadOnly=False | Shared=True | Id=9214762
INFO | Candidate: NWB_WBS05 | Scope=instance | Storage=String | ReadOnly=False | Shared=True | Id=9214810
INFO | Candidate: NWB_WBSCode | Scope=instance | Storage=String | ReadOnly=False | Shared=True | Id=9214774
INFO | Writing INSTANCE parameter 'NWB_WBSCode' on element 14908849
INFO | Element 14908849 | NWB_WBSCode | Kind=Shared Parameter | Scope=instance | Storage=String | Old='WBH-HO-09-Z00-ME-SI5' | New='WBH-HO-09-HDU-ME-SI5'
SOURCE | Element 14908849 | Cat=Duct Fittings | Family=MHT_DF_Spigot | Type= | Level=LEVEL 09 | System=Exhaust Air | LinkedRoomLink=NWB-ARC-WBH-AR-MOD-0036 | LinkedRoomNumber=HDU.09.079 | LinkedRoomName=Ensuite, Special | LinkedRoomDept=HDU | LinkedRoomBuilding= | LinkedRoomSite= | LinkedRoomSource=connected:14909063:Flex Ducts | ResolvedDept=HDU | ResolvedBuilding= | ResolvedSite= | DisciplineHint=mechanical | AssetCandidates=duct fittings, ductwork, damper, motorised damper | WBS00=WBH | WBS01=HO | WBS03=HDU | DesignPkg=NWB-GEN-ME-SCM-1091-A | BuildingPermitPkg=WBH - BP09
ELEMENT | 14908849 | Cat=Duct Fittings | AssetScore=45 | AssetTypeCode=MDUC | AssetType=Ductwork | AssetCategory=Ductwork | Targets=NWB_AssetTypeCode=MDUC; NWB_AssetType=Ductwork; NWB_Discipline=ME; NWB_Category=Ductwork; NWB_Department=HDU; NWB_Material=; NWB_System=Exhaust Air; NWB_UniclassCode=Pr_65_65_25; NWB_UniclassDescription=Ductwork and fittings; NWB_DesignPkg=NWB-GEN-ME-SCM-1091-A; NWB_BuildingPermitPkg=WBH - BP09; NWB_WBS00=WBH; NWB_WBS01=HO; NWB_WBS02=09; NWB_WBS03=HDU; NWB_WBS04=ME; NWB_WBS05=SI5; NWB_WBSCode=WBH-HO-09-HDU-ME-SI5
INFO | Candidate: NWB_AssetTypeCode | Scope=instance | Storage=String | ReadOnly=False | Shared=True | Id=7626182
INFO | Candidate: NWB_AssetType | Scope=instance | Storage=String | ReadOnly=False | Shared=True | Id=7626181
INFO | Candidate: NWB_Discipline | Scope=instance | Storage=String | ReadOnly=False | Shared=True | Id=7626159
INFO | Candidate: NWB_Category | Scope=instance | Storage=String | ReadOnly=False | Shared=True | Id=7626160
INFO | Candidate: NWB_Material | Scope=instance | Storage=String | ReadOnly=False | Shared=True | Id=7626176
INFO | Candidate: NWB_System | Scope=instance | Storage=String | ReadOnly=False | Shared=True | Id=7626163
INFO | Candidate: NWB_UniclassCode | Scope=instance | Storage=String | ReadOnly=False | Shared=True | Id=7626165
INFO | Candidate: NWB_UniclassDescription | Scope=instance | Storage=String | ReadOnly=False | Shared=True | Id=7626166
INFO | Candidate: NWB_DesignPkg | Scope=instance | Storage=String | ReadOnly=False | Shared=True | Id=7626167
ERROR | Element 14908879 | Category=Duct Fittings | Family= | Parameter=NWB_BuildingPermitPkg | Reason=missing | Writable sample: AHU, AHU_AreaServed, AHU_Serves, AHU_Type, AHU_ZoneNumber, Building_No, COMPLETE Y/N, Classification.OmniClass.21.Description_INSTANCE, Classification.OmniClass.21.Number_INSTANCE, Classification.OmniClass.22.Description_INSTANCE, Classification.OmniClass.22.Number_INSTANCE, Classification.OmniClass.23.Description_INSTANCE, Classification.OmniClass.23.Number_INSTANCE, Classification.UniFormat.2010.Description, Classification.UniFormat.2010.Number, Comments, Description BOM Suffix, Duct Height1, Duct Length 1, Duct Width1
INFO | Candidate: NWB_WBS00 | Scope=instance | Storage=String | ReadOnly=False | Shared=True | Id=9214738
INFO | Candidate: NWB_WBS01 | Scope=instance | Storage=String | ReadOnly=False | Shared=True | Id=9214798
INFO | Candidate: NWB_WBS02 | Scope=instance | Storage=String | ReadOnly=False | Shared=True | Id=9214786
INFO | Candidate: NWB_WBS03 | Scope=instance | Storage=String | ReadOnly=False | Shared=True | Id=9214750
INFO | Candidate: NWB_WBS04 | Scope=instance | Storage=String | ReadOnly=False | Shared=True | Id=9214762
INFO | Candidate: NWB_WBS05 | Scope=instance | Storage=String | ReadOnly=False | Shared=True | Id=9214810
INFO | Candidate: NWB_WBSCode | Scope=instance | Storage=String | ReadOnly=False | Shared=True | Id=9214774
SOURCE | Element 14908879 | Cat=Duct Fittings | Family=MHT-ME-DF-Square Cap-BMA | Type= | Level=LEVEL 09 | System=Exhaust Air | LinkedRoomLink= | LinkedRoomNumber= | LinkedRoomName= | LinkedRoomDept= | LinkedRoomBuilding= | LinkedRoomSite= | LinkedRoomSource= | ResolvedDept= | ResolvedBuilding= | ResolvedSite= | DisciplineHint=mechanical | AssetCandidates=duct fittings, ductwork | WBS00=WBH | WBS01=HO | WBS03=Z00 | DesignPkg=NWB-GEN-ME-SCM-1091-A | BuildingPermitPkg=WBH - BP09
WARN | Element 14908879 | Department unresolved | ExistingNWBDepartment= | ExistingWBS00=WBH | ExistingWBS01=HO | ExistingDiscipline=ME
ELEMENT | 14908879 | Cat=Duct Fittings | AssetScore=45 | AssetTypeCode=MDUC | AssetType=Ductwork | AssetCategory=Ductwork | Targets=NWB_AssetTypeCode=MDUC; NWB_AssetType=Ductwork; NWB_Discipline=ME; NWB_Category=Ductwork; NWB_Department=; NWB_Material=9479096; NWB_System=Exhaust Air; NWB_UniclassCode=Pr_65_65_25; NWB_UniclassDescription=Ductwork and fittings; NWB_DesignPkg=NWB-GEN-ME-SCM-1091-A; NWB_BuildingPermitPkg=WBH - BP09; NWB_WBS00=WBH; NWB_WBS01=HO; NWB_WBS02=09; NWB_WBS03=Z00; NWB_WBS04=ME; NWB_WBS05=SI5; NWB_WBSCode=WBH-HO-09-Z00-ME-SI5
INFO | Candidate: NWB_AssetTypeCode | Scope=instance | Storage=String | ReadOnly=False | Shared=True | Id=7626182
INFO | Candidate: NWB_AssetType | Scope=instance | Storage=String | ReadOnly=False | Shared=True | Id=7626181
INFO | Candidate: NWB_Discipline | Scope=instance | Storage=String | ReadOnly=False | Shared=True | Id=7626159
INFO | Candidate: NWB_Category | Scope=instance | Storage=String | ReadOnly=False | Shared=True | Id=7626160
INFO | Candidate: NWB_Material | Scope=instance | Storage=String | ReadOnly=False | Shared=True | Id=7626176
INFO | Candidate: NWB_System | Scope=instance | Storage=String | ReadOnly=False | Shared=True | Id=7626163
INFO | Candidate: NWB_UniclassCode | Scope=instance | Storage=String | ReadOnly=False | Shared=True | Id=7626165
INFO | Candidate: NWB_UniclassDescription | Scope=instance | Storage=String | ReadOnly=False | Shared=True | Id=7626166
INFO | Candidate: NWB_DesignPkg | Scope=instance | Storage=String | ReadOnly=False | Shared=True | Id=7626167
ERROR | Element 14908910 | Category=Duct Fittings | Family= | Parameter=NWB_BuildingPermitPkg | Reason=missing | Writable sample: AHU, AHU_AreaServed, AHU_Serves, AHU_Type, AHU_ZoneNumber, Building_No, COMPLETE Y/N, Classification.OmniClass.21.Description_INSTANCE, Classification.OmniClass.21.Number_INSTANCE, Classification.OmniClass.22.Description_INSTANCE, Classification.OmniClass.22.Number_INSTANCE, Classification.OmniClass.23.Description_INSTANCE, Classification.OmniClass.23.Number_INSTANCE, Classification.UniFormat.2010.Description, Classification.UniFormat.2010.Number, Comments, Description BOM Suffix, Duct Height1, Duct Length 1, Duct Width1
INFO | Candidate: NWB_WBS00 | Scope=instance | Storage=String | ReadOnly=False | Shared=True | Id=9214738
INFO | Candidate: NWB_WBS01 | Scope=instance | Storage=String | ReadOnly=False | Shared=True | Id=9214798
INFO | Candidate: NWB_WBS02 | Scope=instance | Storage=String | ReadOnly=False | Shared=True | Id=9214786
INFO | Candidate: NWB_WBS03 | Scope=instance | Storage=String | ReadOnly=False | Shared=True | Id=9214750
INFO | Candidate: NWB_WBS04 | Scope=instance | Storage=String | ReadOnly=False | Shared=True | Id=9214762
INFO | Candidate: NWB_WBS05 | Scope=instance | Storage=String | ReadOnly=False | Shared=True | Id=9214810
INFO | Candidate: NWB_WBSCode | Scope=instance | Storage=String | ReadOnly=False | Shared=True | Id=9214774
SOURCE | Element 14908910 | Cat=Duct Fittings | Family=MHT-ME-DF-Square Cap-BMA | Type= | Level=LEVEL 09 | System=Exhaust Air | LinkedRoomLink= | LinkedRoomNumber= | LinkedRoomName= | LinkedRoomDept= | LinkedRoomBuilding= | LinkedRoomSite= | LinkedRoomSource= | ResolvedDept= | ResolvedBuilding= | ResolvedSite= | DisciplineHint=mechanical | AssetCandidates=duct fittings, ductwork | WBS00=WBH | WBS01=HO | WBS03=Z00 | DesignPkg=NWB-GEN-ME-SCM-1091-A | BuildingPermitPkg=WBH - BP09
WARN | Element 14908910 | Department unresolved | ExistingNWBDepartment= | ExistingWBS00=WBH | ExistingWBS01=HO | ExistingDiscipline=ME
ELEMENT | 14908910 | Cat=Duct Fittings | AssetScore=45 | AssetTypeCode=MDUC | AssetType=Ductwork | AssetCategory=Ductwork | Targets=NWB_AssetTypeCode=MDUC; NWB_AssetType=Ductwork; NWB_Discipline=ME; NWB_Category=Ductwork; NWB_Department=; NWB_Material=9479096; NWB_System=Exhaust Air; NWB_UniclassCode=Pr_65_65_25; NWB_UniclassDescription=Ductwork and fittings; NWB_DesignPkg=NWB-GEN-ME-SCM-1091-A; NWB_BuildingPermitPkg=WBH - BP09; NWB_WBS00=WBH; NWB_WBS01=HO; NWB_WBS02=09; NWB_WBS03=Z00; NWB_WBS04=ME; NWB_WBS05=SI5; NWB_WBSCode=WBH-HO-09-Z00-ME-SI5
INFO | Candidate: NWB_AssetTypeCode | Scope=instance | Storage=String | ReadOnly=False | Shared=True | Id=7626182
INFO | Candidate: NWB_AssetType | Scope=instance | Storage=String | ReadOnly=False | Shared=True | Id=7626181
INFO | Candidate: NWB_Discipline | Scope=instance | Storage=String | ReadOnly=False | Shared=True | Id=7626159
INFO | Candidate: NWB_Category | Scope=instance | Storage=String | ReadOnly=False | Shared=True | Id=7626160
INFO | Candidate: NWB_Department | Scope=instance | Storage=String | ReadOnly=False | Shared=True | Id=7626168
INFO | Candidate: NWB_System | Scope=instance | Storage=String | ReadOnly=False | Shared=True | Id=7626163
INFO | Candidate: NWB_UniclassCode | Scope=instance | Storage=String | ReadOnly=False | Shared=True | Id=7626165
INFO | Candidate: NWB_UniclassDescription | Scope=instance | Storage=String | ReadOnly=False | Shared=True | Id=7626166
INFO | Candidate: NWB_DesignPkg | Scope=instance | Storage=String | ReadOnly=False | Shared=True | Id=7626167
ERROR | Element 14909063 | Category=Flex Ducts | Family= | Parameter=NWB_BuildingPermitPkg | Reason=missing | Writable sample: AHU_AreaServed, AHU_Serves, AHU_Type, AHU_ZoneNumber, Additional Flow, Building_No, COMPLETE Y/N, Classification.UniFormat.2010.Description, Classification.UniFormat.2010.Number, Comments, Diameter, Export to IFC, Export to IFC As, Family, Family and Type, Flex Pattern, IFC Predefined Type, IfcGUID, Image, Legend Description
INFO | Candidate: NWB_WBS00 | Scope=instance | Storage=String | ReadOnly=False | Shared=True | Id=9214738
INFO | Candidate: NWB_WBS01 | Scope=instance | Storage=String | ReadOnly=False | Shared=True | Id=9214798
INFO | Candidate: NWB_WBS02 | Scope=instance | Storage=String | ReadOnly=False | Shared=True | Id=9214786
INFO | Candidate: NWB_WBS03 | Scope=instance | Storage=String | ReadOnly=False | Shared=True | Id=9214750
INFO | Candidate: NWB_WBS04 | Scope=instance | Storage=String | ReadOnly=False | Shared=True | Id=9214762
INFO | Candidate: NWB_WBS05 | Scope=instance | Storage=String | ReadOnly=False | Shared=True | Id=9214810
INFO | Candidate: NWB_WBSCode | Scope=instance | Storage=String | ReadOnly=False | Shared=True | Id=9214774
SOURCE | Element 14909063 | Cat=Flex Ducts | Family=Flex Duct Round | Type= | Level=LEVEL 09 | System=Exhaust Air | LinkedRoomLink=NWB-ARC-WBH-AR-MOD-0036 | LinkedRoomNumber=HDU.09.079 | LinkedRoomName=Ensuite, Special | LinkedRoomDept=HDU | LinkedRoomBuilding= | LinkedRoomSite= | LinkedRoomSource=self | ResolvedDept=HDU | ResolvedBuilding= | ResolvedSite= | DisciplineHint=mechanical | AssetCandidates=flex ducts, ductwork | WBS00=WBH | WBS01=HO | WBS03=HDU | DesignPkg=NWB-GEN-ME-SCM-1091-A | BuildingPermitPkg=WBH - BP09
ELEMENT | 14909063 | Cat=Flex Ducts | AssetScore=45 | AssetTypeCode=MDUC | AssetType=Ductwork | AssetCategory=Ductwork | Targets=NWB_AssetTypeCode=MDUC; NWB_AssetType=Ductwork; NWB_Discipline=ME; NWB_Category=Ductwork; NWB_Department=HDU; NWB_Material=; NWB_System=Exhaust Air; NWB_UniclassCode=Pr_65_65_25; NWB_UniclassDescription=Ductwork and fittings; NWB_DesignPkg=NWB-GEN-ME-SCM-1091-A; NWB_BuildingPermitPkg=WBH - BP09; NWB_WBS00=WBH; NWB_WBS01=HO; NWB_WBS02=09; NWB_WBS03=HDU; NWB_WBS04=ME; NWB_WBS05=SI5; NWB_WBSCode=WBH-HO-09-HDU-ME-SI5
INFO | Candidate: NWB_AssetTypeCode | Scope=instance | Storage=String | ReadOnly=False | Shared=True | Id=7626182
INFO | Candidate: NWB_AssetType | Scope=instance | Storage=String | ReadOnly=False | Shared=True | Id=7626181
INFO | Candidate: NWB_Discipline | Scope=instance | Storage=String | ReadOnly=False | Shared=True | Id=7626159
INFO | Candidate: NWB_Category | Scope=instance | Storage=String | ReadOnly=False | Shared=True | Id=7626160
INFO | Candidate: NWB_Department | Scope=instance | Storage=String | ReadOnly=False | Shared=True | Id=7626168
INFO | Candidate: NWB_System | Scope=instance | Storage=String | ReadOnly=False | Shared=True | Id=7626163
INFO | Candidate: NWB_UniclassCode | Scope=instance | Storage=String | ReadOnly=False | Shared=True | Id=7626165
INFO | Candidate: NWB_UniclassDescription | Scope=instance | Storage=String | ReadOnly=False | Shared=True | Id=7626166
INFO | Candidate: NWB_DesignPkg | Scope=instance | Storage=String | ReadOnly=False | Shared=True | Id=7626167
ERROR | Element 14909226 | Category=Flex Ducts | Family= | Parameter=NWB_BuildingPermitPkg | Reason=missing | Writable sample: AHU_AreaServed, AHU_Serves, AHU_Type, AHU_ZoneNumber, Additional Flow, Building_No, COMPLETE Y/N, Classification.UniFormat.2010.Description, Classification.UniFormat.2010.Number, Comments, Diameter, Export to IFC, Export to IFC As, Family, Family and Type, Flex Pattern, IFC Predefined Type, IfcGUID, Image, Legend Description
INFO | Candidate: NWB_WBS00 | Scope=instance | Storage=String | ReadOnly=False | Shared=True | Id=9214738
INFO | Candidate: NWB_WBS01 | Scope=instance | Storage=String | ReadOnly=False | Shared=True | Id=9214798
INFO | Candidate: NWB_WBS02 | Scope=instance | Storage=String | ReadOnly=False | Shared=True | Id=9214786
INFO | Candidate: NWB_WBS03 | Scope=instance | Storage=String | ReadOnly=False | Shared=True | Id=9214750
INFO | Candidate: NWB_WBS04 | Scope=instance | Storage=String | ReadOnly=False | Shared=True | Id=9214762
INFO | Candidate: NWB_WBS05 | Scope=instance | Storage=String | ReadOnly=False | Shared=True | Id=9214810
INFO | Candidate: NWB_WBSCode | Scope=instance | Storage=String | ReadOnly=False | Shared=True | Id=9214774
SOURCE | Element 14909226 | Cat=Flex Ducts | Family=Flex Duct Round | Type= | Level=LEVEL 09 | System=Exhaust Air | LinkedRoomLink=NWB-ARC-WBH-AR-MOD-0036 | LinkedRoomNumber=HDU.09.129 | LinkedRoomName=Toilet, Accessible, 6m2 | LinkedRoomDept=HDU | LinkedRoomBuilding= | LinkedRoomSite= | LinkedRoomSource=self | ResolvedDept=HDU | ResolvedBuilding= | ResolvedSite= | DisciplineHint=mechanical | AssetCandidates=flex ducts, ductwork | WBS00=WBH | WBS01=HO | WBS03=HDU | DesignPkg=NWB-GEN-ME-SCM-1091-A | BuildingPermitPkg=WBH - BP09
ELEMENT | 14909226 | Cat=Flex Ducts | AssetScore=45 | AssetTypeCode=MDUC | AssetType=Ductwork | AssetCategory=Ductwork | Targets=NWB_AssetTypeCode=MDUC; NWB_AssetType=Ductwork; NWB_Discipline=ME; NWB_Category=Ductwork; NWB_Department=HDU; NWB_Material=; NWB_System=Exhaust Air; NWB_UniclassCode=Pr_65_65_25; NWB_UniclassDescription=Ductwork and fittings; NWB_DesignPkg=NWB-GEN-ME-SCM-1091-A; NWB_BuildingPermitPkg=WBH - BP09; NWB_WBS00=WBH; NWB_WBS01=HO; NWB_WBS02=09; NWB_WBS03=HDU; NWB_WBS04=ME; NWB_WBS05=SI5; NWB_WBSCode=WBH-HO-09-HDU-ME-SI5
INFO | Candidate: NWB_AssetTypeCode | Scope=instance | Storage=String | ReadOnly=False | Shared=True | Id=7626182
INFO | Candidate: NWB_AssetType | Scope=instance | Storage=String | ReadOnly=False | Shared=True | Id=7626181
INFO | Candidate: NWB_Discipline | Scope=instance | Storage=String | ReadOnly=False | Shared=True | Id=7626159
INFO | Candidate: NWB_Category | Scope=instance | Storage=String | ReadOnly=False | Shared=True | Id=7626160
INFO | Candidate: NWB_Material | Scope=instance | Storage=String | ReadOnly=False | Shared=True | Id=7626176
INFO | Candidate: NWB_System | Scope=instance | Storage=String | ReadOnly=False | Shared=True | Id=7626163
INFO | Candidate: NWB_UniclassCode | Scope=instance | Storage=String | ReadOnly=False | Shared=True | Id=7626165
INFO | Candidate: NWB_UniclassDescription | Scope=instance | Storage=String | ReadOnly=False | Shared=True | Id=7626166
INFO | Candidate: NWB_DesignPkg | Scope=instance | Storage=String | ReadOnly=False | Shared=True | Id=7626167
ERROR | Element 14909238 | Category=Duct Fittings | Family= | Parameter=NWB_BuildingPermitPkg | Reason=missing | Writable sample: AHU, AHU_AreaServed, AHU_Serves, AHU_Type, AHU_ZoneNumber, Building_No, COMPLETE Y/N, Classification.OmniClass.21.Description_INSTANCE, Classification.OmniClass.21.Number_INSTANCE, Classification.OmniClass.22.Description_INSTANCE, Classification.OmniClass.22.Number_INSTANCE, Classification.OmniClass.23.Description_INSTANCE, Classification.OmniClass.23.Number_INSTANCE, Classification.UniFormat.2010.Description, Classification.UniFormat.2010.Number, Comments, Description BOM Suffix, Duct Height1, Duct Length 1, Duct Width1
INFO | Candidate: NWB_WBS00 | Scope=instance | Storage=String | ReadOnly=False | Shared=True | Id=9214738
INFO | Candidate: NWB_WBS01 | Scope=instance | Storage=String | ReadOnly=False | Shared=True | Id=9214798
INFO | Candidate: NWB_WBS02 | Scope=instance | Storage=String | ReadOnly=False | Shared=True | Id=9214786
INFO | Candidate: NWB_WBS03 | Scope=instance | Storage=String | ReadOnly=False | Shared=True | Id=9214750
INFO | Candidate: NWB_WBS04 | Scope=instance | Storage=String | ReadOnly=False | Shared=True | Id=9214762
INFO | Candidate: NWB_WBS05 | Scope=instance | Storage=String | ReadOnly=False | Shared=True | Id=9214810
INFO | Candidate: NWB_WBSCode | Scope=instance | Storage=String | ReadOnly=False | Shared=True | Id=9214774
SOURCE | Element 14909238 | Cat=Duct Fittings | Family=MHT-ME-DF-Square Cap-BMA | Type= | Level=LEVEL 09 | System=Supply Air | LinkedRoomLink= | LinkedRoomNumber= | LinkedRoomName= | LinkedRoomDept= | LinkedRoomBuilding= | LinkedRoomSite= | LinkedRoomSource= | ResolvedDept= | ResolvedBuilding= | ResolvedSite= | DisciplineHint=mechanical | AssetCandidates=duct fittings, ductwork | WBS00=WBH | WBS01=HO | WBS03=Z00 | DesignPkg=NWB-GEN-ME-SCM-1091-A | BuildingPermitPkg=WBH - BP09
WARN | Element 14909238 | Department unresolved | ExistingNWBDepartment= | ExistingWBS00=WBH | ExistingWBS01=HO | ExistingDiscipline=ME
ELEMENT | 14909238 | Cat=Duct Fittings | AssetScore=45 | AssetTypeCode=MDUC | AssetType=Ductwork | AssetCategory=Ductwork | Targets=NWB_AssetTypeCode=MDUC; NWB_AssetType=Ductwork; NWB_Discipline=ME; NWB_Category=Ductwork; NWB_Department=; NWB_Material=9479096; NWB_System=Supply Air; NWB_UniclassCode=Pr_65_65_25; NWB_UniclassDescription=Ductwork and fittings; NWB_DesignPkg=NWB-GEN-ME-SCM-1091-A; NWB_BuildingPermitPkg=WBH - BP09; NWB_WBS00=WBH; NWB_WBS01=HO; NWB_WBS02=09; NWB_WBS03=Z00; NWB_WBS04=ME; NWB_WBS05=SI5; NWB_WBSCode=WBH-HO-09-Z00-ME-SI5
INFO | Candidate: NWB_AssetTypeCode | Scope=instance | Storage=String | ReadOnly=False | Shared=True | Id=7626182
INFO | Candidate: NWB_AssetType | Scope=instance | Storage=String | ReadOnly=False | Shared=True | Id=7626181
INFO | Candidate: NWB_Discipline | Scope=instance | Storage=String | ReadOnly=False | Shared=True | Id=7626159
INFO | Candidate: NWB_Category | Scope=instance | Storage=String | ReadOnly=False | Shared=True | Id=7626160
INFO | Candidate: NWB_Department | Scope=instance | Storage=String | ReadOnly=False | Shared=True | Id=7626168
INFO | Writing INSTANCE parameter 'NWB_Department' on element 14909295
INFO | Element 14909295 | NWB_Department | Kind=Shared Parameter | Scope=instance | Storage=String | Old='' | New='Inpatient Obstetric 3'
INFO | Candidate: NWB_Material | Scope=instance | Storage=String | ReadOnly=False | Shared=True | Id=7626176
INFO | Candidate: NWB_System | Scope=instance | Storage=String | ReadOnly=False | Shared=True | Id=7626163
INFO | Candidate: NWB_UniclassCode | Scope=instance | Storage=String | ReadOnly=False | Shared=True | Id=7626165
INFO | Candidate: NWB_UniclassDescription | Scope=instance | Storage=String | ReadOnly=False | Shared=True | Id=7626166
INFO | Candidate: NWB_DesignPkg | Scope=instance | Storage=String | ReadOnly=False | Shared=True | Id=7626167
ERROR | Element 14909295 | Category=Duct Fittings | Family= | Parameter=NWB_BuildingPermitPkg | Reason=missing | Writable sample: AHU, AHU_AreaServed, AHU_Serves, AHU_Type, AHU_ZoneNumber, Building_No, COMPLETE Y/N, Classification.OmniClass.21.Description_INSTANCE, Classification.OmniClass.21.Number_INSTANCE, Classification.OmniClass.22.Description_INSTANCE, Classification.OmniClass.22.Number_INSTANCE, Classification.OmniClass.23.Description_INSTANCE, Classification.OmniClass.23.Number_INSTANCE, Classification.UniFormat.2010.Description, Classification.UniFormat.2010.Number, Comments, Description BOM Suffix, Duct Height1, Duct Length 1, Duct Width1
INFO | Candidate: NWB_WBS00 | Scope=instance | Storage=String | ReadOnly=False | Shared=True | Id=9214738
INFO | Candidate: NWB_WBS01 | Scope=instance | Storage=String | ReadOnly=False | Shared=True | Id=9214798
INFO | Candidate: NWB_WBS02 | Scope=instance | Storage=String | ReadOnly=False | Shared=True | Id=9214786
INFO | Candidate: NWB_WBS03 | Scope=instance | Storage=String | ReadOnly=False | Shared=True | Id=9214750
INFO | Writing INSTANCE parameter 'NWB_WBS03' on element 14909295
INFO | Element 14909295 | NWB_WBS03 | Kind=Shared Parameter | Scope=instance | Storage=String | Old='Z00' | New='IP3'
INFO | Candidate: NWB_WBS04 | Scope=instance | Storage=String | ReadOnly=False | Shared=True | Id=9214762
INFO | Candidate: NWB_WBS05 | Scope=instance | Storage=String | ReadOnly=False | Shared=True | Id=9214810
INFO | Candidate: NWB_WBSCode | Scope=instance | Storage=String | ReadOnly=False | Shared=True | Id=9214774
INFO | Writing INSTANCE parameter 'NWB_WBSCode' on element 14909295
INFO | Element 14909295 | NWB_WBSCode | Kind=Shared Parameter | Scope=instance | Storage=String | Old='WBH-HO-09-Z00-ME-SI5' | New='WBH-HO-09-IP3-ME-SI5'
SOURCE | Element 14909295 | Cat=Duct Fittings | Family=MHT-ME-DF-Square Cap-BMA | Type= | Level=LEVEL 09 | System=Return Air | LinkedRoomLink=NWB-ACD-WBH-MH-MOD-0001 | LinkedRoomNumber=IP3.11.110 | LinkedRoomName=Lounge, Family | LinkedRoomDept=Inpatient Obstetric 3 | LinkedRoomBuilding= | LinkedRoomSite= | LinkedRoomSource=connected:13076014:Duct Systems | ResolvedDept=Inpatient Obstetric 3 | ResolvedBuilding= | ResolvedSite= | DisciplineHint=mechanical | AssetCandidates=duct fittings, ductwork | WBS00=WBH | WBS01=HO | WBS03=IP3 | DesignPkg=NWB-GEN-ME-SCM-1091-A | BuildingPermitPkg=WBH - BP09
ELEMENT | 14909295 | Cat=Duct Fittings | AssetScore=45 | AssetTypeCode=MDUC | AssetType=Ductwork | AssetCategory=Ductwork | Targets=NWB_AssetTypeCode=MDUC; NWB_AssetType=Ductwork; NWB_Discipline=ME; NWB_Category=Ductwork; NWB_Department=Inpatient Obstetric 3; NWB_Material=9479096; NWB_System=Return Air; NWB_UniclassCode=Pr_65_65_25; NWB_UniclassDescription=Ductwork and fittings; NWB_DesignPkg=NWB-GEN-ME-SCM-1091-A; NWB_BuildingPermitPkg=WBH - BP09; NWB_WBS00=WBH; NWB_WBS01=HO; NWB_WBS02=09; NWB_WBS03=IP3; NWB_WBS04=ME; NWB_WBS05=SI5; NWB_WBSCode=WBH-HO-09-IP3-ME-SI5
INFO | Candidate: NWB_AssetTypeCode | Scope=instance | Storage=String | ReadOnly=False | Shared=True | Id=7626182
INFO | Candidate: NWB_AssetType | Scope=instance | Storage=String | ReadOnly=False | Shared=True | Id=7626181
INFO | Candidate: NWB_Discipline | Scope=instance | Storage=String | ReadOnly=False | Shared=True | Id=7626159
INFO | Candidate: NWB_Category | Scope=instance | Storage=String | ReadOnly=False | Shared=True | Id=7626160
INFO | Candidate: NWB_System | Scope=instance | Storage=String | ReadOnly=False | Shared=True | Id=7626163
INFO | Candidate: NWB_UniclassCode | Scope=instance | Storage=String | ReadOnly=False | Shared=True | Id=7626165
INFO | Candidate: NWB_UniclassDescription | Scope=instance | Storage=String | ReadOnly=False | Shared=True | Id=7626166
INFO | Candidate: NWB_DesignPkg | Scope=instance | Storage=String | ReadOnly=False | Shared=True | Id=7626167
ERROR | Element 14911394 | Category=Duct Fittings | Family= | Parameter=NWB_BuildingPermitPkg | Reason=missing | Writable sample: AHU, AHU_AreaServed, AHU_Serves, AHU_Type, AHU_ZoneNumber, Building_No, COMPLETE Y/N, Classification.OmniClass.21.Description_INSTANCE, Classification.OmniClass.21.Number_INSTANCE, Classification.OmniClass.22.Description_INSTANCE, Classification.OmniClass.22.Number_INSTANCE, Classification.OmniClass.23.Description_INSTANCE, Classification.OmniClass.23.Number_INSTANCE, Classification.UniFormat.2010.Description, Classification.UniFormat.2010.Number, Comments, Description BOM Suffix, Duct Diameter, Ductwork Insulation - Lining, Elevation from Level
INFO | Candidate: NWB_WBS00 | Scope=instance | Storage=String | ReadOnly=False | Shared=True | Id=9214738
INFO | Candidate: NWB_WBS01 | Scope=instance | Storage=String | ReadOnly=False | Shared=True | Id=9214798
INFO | Candidate: NWB_WBS02 | Scope=instance | Storage=String | ReadOnly=False | Shared=True | Id=9214786
INFO | Candidate: NWB_WBS03 | Scope=instance | Storage=String | ReadOnly=False | Shared=True | Id=9214750
INFO | Candidate: NWB_WBS04 | Scope=instance | Storage=String | ReadOnly=False | Shared=True | Id=9214762
INFO | Candidate: NWB_WBS05 | Scope=instance | Storage=String | ReadOnly=False | Shared=True | Id=9214810
INFO | Candidate: NWB_WBSCode | Scope=instance | Storage=String | ReadOnly=False | Shared=True | Id=9214774
SOURCE | Element 14911394 | Cat=Duct Fittings | Family=MHT_DF_Spigot | Type= | Level=LEVEL 09 | System=Return Air | LinkedRoomLink= | LinkedRoomNumber= | LinkedRoomName= | LinkedRoomDept= | LinkedRoomBuilding= | LinkedRoomSite= | LinkedRoomSource= | ResolvedDept= | ResolvedBuilding= | ResolvedSite= | DisciplineHint=mechanical | AssetCandidates=duct fittings, ductwork, damper, motorised damper | WBS00=WBH | WBS01=HO | WBS03=Z00 | DesignPkg=NWB-GEN-ME-SCM-1091-A | BuildingPermitPkg=WBH - BP09
WARN | Element 14911394 | Department unresolved | ExistingNWBDepartment= | ExistingWBS00=WBH | ExistingWBS01=HO | ExistingDiscipline=ME
ELEMENT | 14911394 | Cat=Duct Fittings | AssetScore=45 | AssetTypeCode=MDUC | AssetType=Ductwork | AssetCategory=Ductwork | Targets=NWB_AssetTypeCode=MDUC; NWB_AssetType=Ductwork; NWB_Discipline=ME; NWB_Category=Ductwork; NWB_Department=; NWB_Material=; NWB_System=Return Air; NWB_UniclassCode=Pr_65_65_25; NWB_UniclassDescription=Ductwork and fittings; NWB_DesignPkg=NWB-GEN-ME-SCM-1091-A; NWB_BuildingPermitPkg=WBH - BP09; NWB_WBS00=WBH; NWB_WBS01=HO; NWB_WBS02=09; NWB_WBS03=Z00; NWB_WBS04=ME; NWB_WBS05=SI5; NWB_WBSCode=WBH-HO-09-Z00-ME-SI5
INFO | Candidate: NWB_AssetTypeCode | Scope=instance | Storage=String | ReadOnly=False | Shared=True | Id=7626182
INFO | Writing INSTANCE parameter 'NWB_AssetTypeCode' on element 14914203
INFO | Element 14914203 | NWB_AssetTypeCode | Kind=Shared Parameter | Scope=instance | Storage=String | Old='' | New='MDUC'
INFO | Candidate: NWB_AssetType | Scope=instance | Storage=String | ReadOnly=False | Shared=True | Id=7626181
INFO | Writing INSTANCE parameter 'NWB_AssetType' on element 14914203
INFO | Element 14914203 | NWB_AssetType | Kind=Shared Parameter | Scope=instance | Storage=String | Old='' | New='Ductwork'
INFO | Candidate: NWB_Discipline | Scope=instance | Storage=String | ReadOnly=False | Shared=True | Id=7626159
INFO | Writing INSTANCE parameter 'NWB_Discipline' on element 14914203
INFO | Element 14914203 | NWB_Discipline | Kind=Shared Parameter | Scope=instance | Storage=String | Old='Mechanical' | New='ME'
INFO | Candidate: NWB_Category | Scope=instance | Storage=String | ReadOnly=False | Shared=True | Id=7626160
INFO | Writing INSTANCE parameter 'NWB_Category' on element 14914203
INFO | Element 14914203 | NWB_Category | Kind=Shared Parameter | Scope=instance | Storage=String | Old='' | New='Ductwork'
INFO | Candidate: NWB_System | Scope=instance | Storage=String | ReadOnly=False | Shared=True | Id=7626163
INFO | Candidate: NWB_UniclassCode | Scope=instance | Storage=String | ReadOnly=False | Shared=True | Id=7626165
INFO | Writing INSTANCE parameter 'NWB_UniclassCode' on element 14914203
INFO | Element 14914203 | NWB_UniclassCode | Kind=Shared Parameter | Scope=instance | Storage=String | Old='' | New='Pr_65_65_25'
INFO | Candidate: NWB_UniclassDescription | Scope=instance | Storage=String | ReadOnly=False | Shared=True | Id=7626166
INFO | Writing INSTANCE parameter 'NWB_UniclassDescription' on element 14914203
INFO | Element 14914203 | NWB_UniclassDescription | Kind=Shared Parameter | Scope=instance | Storage=String | Old='' | New='Ductwork and fittings'
INFO | Candidate: NWB_DesignPkg | Scope=instance | Storage=String | ReadOnly=False | Shared=True | Id=7626167
INFO | Writing INSTANCE parameter 'NWB_DesignPkg' on element 14914203
INFO | Element 14914203 | NWB_DesignPkg | Kind=Shared Parameter | Scope=instance | Storage=String | Old='' | New='NWB-GEN-ME-SCM-1091-A'
ERROR | Element 14914203 | Category=Duct Fittings | Family= | Parameter=NWB_BuildingPermitPkg | Reason=missing | Writable sample: AHU, AHU_AreaServed, AHU_Serves, AHU_Type, AHU_ZoneNumber, Building_No, COMPLETE Y/N, Classification.OmniClass.21.Description_INSTANCE, Classification.OmniClass.21.Number_INSTANCE, Classification.OmniClass.22.Description_INSTANCE, Classification.OmniClass.22.Number_INSTANCE, Classification.OmniClass.23.Description_INSTANCE, Classification.OmniClass.23.Number_INSTANCE, Classification.UniFormat.2010.Description, Classification.UniFormat.2010.Number, Comments, Description BOM Suffix, Duct Diameter, Ductwork Insulation - Lining, Elevation from Level
INFO | Candidate: NWB_WBS00 | Scope=instance | Storage=String | ReadOnly=False | Shared=True | Id=9214738
INFO | Writing INSTANCE parameter 'NWB_WBS00' on element 14914203
INFO | Element 14914203 | NWB_WBS00 | Kind=Shared Parameter | Scope=instance | Storage=String | Old='' | New='WBH'
INFO | Candidate: NWB_WBS01 | Scope=instance | Storage=String | ReadOnly=False | Shared=True | Id=9214798
INFO | Writing INSTANCE parameter 'NWB_WBS01' on element 14914203
INFO | Element 14914203 | NWB_WBS01 | Kind=Shared Parameter | Scope=instance | Storage=String | Old='' | New='HO'
INFO | Candidate: NWB_WBS02 | Scope=instance | Storage=String | ReadOnly=False | Shared=True | Id=9214786
INFO | Candidate: NWB_WBS03 | Scope=instance | Storage=String | ReadOnly=False | Shared=True | Id=9214750
INFO | Writing INSTANCE parameter 'NWB_WBS03' on element 14914203
INFO | Element 14914203 | NWB_WBS03 | Kind=Shared Parameter | Scope=instance | Storage=String | Old='' | New='Z00'
INFO | Candidate: NWB_WBS04 | Scope=instance | Storage=String | ReadOnly=False | Shared=True | Id=9214762
INFO | Writing INSTANCE parameter 'NWB_WBS04' on element 14914203
INFO | Element 14914203 | NWB_WBS04 | Kind=Shared Parameter | Scope=instance | Storage=String | Old='' | New='ME'
INFO | Candidate: NWB_WBS05 | Scope=instance | Storage=String | ReadOnly=False | Shared=True | Id=9214810
INFO | Writing INSTANCE parameter 'NWB_WBS05' on element 14914203
INFO | Element 14914203 | NWB_WBS05 | Kind=Shared Parameter | Scope=instance | Storage=String | Old='' | New='SI5'
INFO | Candidate: NWB_WBSCode | Scope=instance | Storage=String | ReadOnly=False | Shared=True | Id=9214774
INFO | Writing INSTANCE parameter 'NWB_WBSCode' on element 14914203
INFO | Element 14914203 | NWB_WBSCode | Kind=Shared Parameter | Scope=instance | Storage=String | Old='' | New='WBH-HO-09-Z00-ME-SI5'
SOURCE | Element 14914203 | Cat=Duct Fittings | Family=MHT_DF_Spigot | Type= | Level=LEVEL 09 | System=Supply Air | LinkedRoomLink= | LinkedRoomNumber= | LinkedRoomName= | LinkedRoomDept= | LinkedRoomBuilding= | LinkedRoomSite= | LinkedRoomSource= | ResolvedDept= | ResolvedBuilding= | ResolvedSite= | DisciplineHint=mechanical | AssetCandidates=duct fittings, ductwork, damper, motorised damper | WBS00=WBH | WBS01=HO | WBS03=Z00 | DesignPkg=NWB-GEN-ME-SCM-1091-A | BuildingPermitPkg=WBH - BP09
WARN | Element 14914203 | Department unresolved | ExistingNWBDepartment= | ExistingWBS00= | ExistingWBS01= | ExistingDiscipline=Mechanical
ELEMENT | 14914203 | Cat=Duct Fittings | AssetScore=45 | AssetTypeCode=MDUC | AssetType=Ductwork | AssetCategory=Ductwork | Targets=NWB_AssetTypeCode=MDUC; NWB_AssetType=Ductwork; NWB_Discipline=ME; NWB_Category=Ductwork; NWB_Department=; NWB_Material=; NWB_System=Supply Air; NWB_UniclassCode=Pr_65_65_25; NWB_UniclassDescription=Ductwork and fittings; NWB_DesignPkg=NWB-GEN-ME-SCM-1091-A; NWB_BuildingPermitPkg=WBH - BP09; NWB_WBS00=WBH; NWB_WBS01=HO; NWB_WBS02=09; NWB_WBS03=Z00; NWB_WBS04=ME; NWB_WBS05=SI5; NWB_WBSCode=WBH-HO-09-Z00-ME-SI5
INFO | Candidate: NWB_AssetTypeCode | Scope=instance | Storage=String | ReadOnly=False | Shared=True | Id=7626182
INFO | Candidate: NWB_AssetType | Scope=instance | Storage=String | ReadOnly=False | Shared=True | Id=7626181
INFO | Candidate: NWB_Discipline | Scope=instance | Storage=String | ReadOnly=False | Shared=True | Id=7626159
INFO | Candidate: NWB_Category | Scope=instance | Storage=String | ReadOnly=False | Shared=True | Id=7626160
INFO | Candidate: NWB_System | Scope=instance | Storage=String | ReadOnly=False | Shared=True | Id=7626163
INFO | Candidate: NWB_UniclassCode | Scope=instance | Storage=String | ReadOnly=False | Shared=True | Id=7626165
INFO | Candidate: NWB_UniclassDescription | Scope=instance | Storage=String | ReadOnly=False | Shared=True | Id=7626166
INFO | Candidate: NWB_DesignPkg | Scope=instance | Storage=String | ReadOnly=False | Shared=True | Id=7626167
ERROR | Element 14914274 | Category=Duct Fittings | Family= | Parameter=NWB_BuildingPermitPkg | Reason=missing | Writable sample: AHU, AHU_AreaServed, AHU_Serves, AHU_Type, AHU_ZoneNumber, Building_No, COMPLETE Y/N, Classification.OmniClass.21.Description_INSTANCE, Classification.OmniClass.21.Number_INSTANCE, Classification.OmniClass.22.Description_INSTANCE, Classification.OmniClass.22.Number_INSTANCE, Classification.OmniClass.23.Description_INSTANCE, Classification.OmniClass.23.Number_INSTANCE, Classification.UniFormat.2010.Description, Classification.UniFormat.2010.Number, Comments, Description BOM Suffix, Duct Diameter, Ductwork Insulation - Lining, Elevation from Level
INFO | Candidate: NWB_WBS00 | Scope=instance | Storage=String | ReadOnly=False | Shared=True | Id=9214738
INFO | Candidate: NWB_WBS01 | Scope=instance | Storage=String | ReadOnly=False | Shared=True | Id=9214798
INFO | Candidate: NWB_WBS02 | Scope=instance | Storage=String | ReadOnly=False | Shared=True | Id=9214786
INFO | Candidate: NWB_WBS03 | Scope=instance | Storage=String | ReadOnly=False | Shared=True | Id=9214750
INFO | Candidate: NWB_WBS04 | Scope=instance | Storage=String | ReadOnly=False | Shared=True | Id=9214762
INFO | Candidate: NWB_WBS05 | Scope=instance | Storage=String | ReadOnly=False | Shared=True | Id=9214810
INFO | Candidate: NWB_WBSCode | Scope=instance | Storage=String | ReadOnly=False | Shared=True | Id=9214774
SOURCE | Element 14914274 | Cat=Duct Fittings | Family=MHT_DF_Spigot | Type= | Level=LEVEL 09 | System=Supply Air | LinkedRoomLink= | LinkedRoomNumber= | LinkedRoomName= | LinkedRoomDept= | LinkedRoomBuilding= | LinkedRoomSite= | LinkedRoomSource= | ResolvedDept= | ResolvedBuilding= | ResolvedSite= | DisciplineHint=mechanical | AssetCandidates=duct fittings, ductwork, damper, motorised damper | WBS00=WBH | WBS01=HO | WBS03=Z00 | DesignPkg=NWB-GEN-ME-SCM-1091-A | BuildingPermitPkg=WBH - BP09
WARN | Element 14914274 | Department unresolved | ExistingNWBDepartment= | ExistingWBS00=WBH | ExistingWBS01=HO | ExistingDiscipline=ME
ELEMENT | 14914274 | Cat=Duct Fittings | AssetScore=45 | AssetTypeCode=MDUC | AssetType=Ductwork | AssetCategory=Ductwork | Targets=NWB_AssetTypeCode=MDUC; NWB_AssetType=Ductwork; NWB_Discipline=ME; NWB_Category=Ductwork; NWB_Department=; NWB_Material=; NWB_System=Supply Air; NWB_UniclassCode=Pr_65_65_25; NWB_UniclassDescription=Ductwork and fittings; NWB_DesignPkg=NWB-GEN-ME-SCM-1091-A; NWB_BuildingPermitPkg=WBH - BP09; NWB_WBS00=WBH; NWB_WBS01=HO; NWB_WBS02=09; NWB_WBS03=Z00; NWB_WBS04=ME; NWB_WBS05=SI5; NWB_WBSCode=WBH-HO-09-Z00-ME-SI5
INFO | Candidate: NWB_AssetTypeCode | Scope=instance | Storage=String | ReadOnly=False | Shared=True | Id=7626182
INFO | Candidate: NWB_AssetType | Scope=instance | Storage=String | ReadOnly=False | Shared=True | Id=7626181
INFO | Candidate: NWB_Discipline | Scope=instance | Storage=String | ReadOnly=False | Shared=True | Id=7626159
INFO | Candidate: NWB_Category | Scope=instance | Storage=String | ReadOnly=False | Shared=True | Id=7626160
INFO | Candidate: NWB_System | Scope=instance | Storage=String | ReadOnly=False | Shared=True | Id=7626163
INFO | Candidate: NWB_UniclassCode | Scope=instance | Storage=String | ReadOnly=False | Shared=True | Id=7626165
INFO | Candidate: NWB_UniclassDescription | Scope=instance | Storage=String | ReadOnly=False | Shared=True | Id=7626166
INFO | Candidate: NWB_DesignPkg | Scope=instance | Storage=String | ReadOnly=False | Shared=True | Id=7626167
ERROR | Element 14914277 | Category=Duct Fittings | Family= | Parameter=NWB_BuildingPermitPkg | Reason=missing | Writable sample: AHU, AHU_AreaServed, AHU_Serves, AHU_Type, AHU_ZoneNumber, Building_No, COMPLETE Y/N, Classification.OmniClass.21.Description_INSTANCE, Classification.OmniClass.21.Number_INSTANCE, Classification.OmniClass.22.Description_INSTANCE, Classification.OmniClass.22.Number_INSTANCE, Classification.OmniClass.23.Description_INSTANCE, Classification.OmniClass.23.Number_INSTANCE, Classification.UniFormat.2010.Description, Classification.UniFormat.2010.Number, Comments, Description BOM Suffix, Duct Diameter, Ductwork Insulation - Lining, Elevation from Level
INFO | Candidate: NWB_WBS00 | Scope=instance | Storage=String | ReadOnly=False | Shared=True | Id=9214738
INFO | Candidate: NWB_WBS01 | Scope=instance | Storage=String | ReadOnly=False | Shared=True | Id=9214798
INFO | Candidate: NWB_WBS02 | Scope=instance | Storage=String | ReadOnly=False | Shared=True | Id=9214786
INFO | Candidate: NWB_WBS03 | Scope=instance | Storage=String | ReadOnly=False | Shared=True | Id=9214750
INFO | Candidate: NWB_WBS04 | Scope=instance | Storage=String | ReadOnly=False | Shared=True | Id=9214762
INFO | Candidate: NWB_WBS05 | Scope=instance | Storage=String | ReadOnly=False | Shared=True | Id=9214810
INFO | Candidate: NWB_WBSCode | Scope=instance | Storage=String | ReadOnly=False | Shared=True | Id=9214774
SOURCE | Element 14914277 | Cat=Duct Fittings | Family=MHT_DF_Spigot | Type= | Level=LEVEL 09 | System=Supply Air | LinkedRoomLink= | LinkedRoomNumber= | LinkedRoomName= | LinkedRoomDept= | LinkedRoomBuilding= | LinkedRoomSite= | LinkedRoomSource= | ResolvedDept= | ResolvedBuilding= | ResolvedSite= | DisciplineHint=mechanical | AssetCandidates=duct fittings, ductwork, damper, motorised damper | WBS00=WBH | WBS01=HO | WBS03=Z00 | DesignPkg=NWB-GEN-ME-SCM-1091-A | BuildingPermitPkg=WBH - BP09
WARN | Element 14914277 | Department unresolved | ExistingNWBDepartment= | ExistingWBS00=WBH | ExistingWBS01=HO | ExistingDiscipline=ME
ELEMENT | 14914277 | Cat=Duct Fittings | AssetScore=45 | AssetTypeCode=MDUC | AssetType=Ductwork | AssetCategory=Ductwork | Targets=NWB_AssetTypeCode=MDUC; NWB_AssetType=Ductwork; NWB_Discipline=ME; NWB_Category=Ductwork; NWB_Department=; NWB_Material=; NWB_System=Supply Air; NWB_UniclassCode=Pr_65_65_25; NWB_UniclassDescription=Ductwork and fittings; NWB_DesignPkg=NWB-GEN-ME-SCM-1091-A; NWB_BuildingPermitPkg=WBH - BP09; NWB_WBS00=WBH; NWB_WBS01=HO; NWB_WBS02=09; NWB_WBS03=Z00; NWB_WBS04=ME; NWB_WBS05=SI5; NWB_WBSCode=WBH-HO-09-Z00-ME-SI5
INFO | Candidate: NWB_AssetTypeCode | Scope=instance | Storage=String | ReadOnly=False | Shared=True | Id=3045149
INFO | Candidate: NWB_AssetTypeCode | Scope=instance | Storage=String | ReadOnly=False | Shared=True | Id=7626182
INFO | Found 2 parameters named NWB_AssetTypeCode
INFO | SELECTED | Shared Parameter | Scope=instance | ReadOnly=False | Id=3045149
INFO | SELECTED | Shared Parameter | Scope=instance | ReadOnly=False | Id=7626182
INFO | Writing INSTANCE parameter 'NWB_AssetTypeCode' on element 14914279
INFO | Element 14914279 | NWB_AssetTypeCode | Kind=Shared Parameter | Scope=instance | Storage=String | Old='' | New='MDUC'
INFO | Writing INSTANCE parameter 'NWB_AssetTypeCode' on element 14914279
INFO | Element 14914279 | NWB_AssetTypeCode | Kind=Shared Parameter | Scope=instance | Storage=String | Old='' | New='MDUC'
INFO | Candidate: NWB_AssetType | Scope=instance | Storage=String | ReadOnly=False | Shared=True | Id=3045150
INFO | Candidate: NWB_AssetType | Scope=instance | Storage=String | ReadOnly=False | Shared=True | Id=7626181
INFO | Found 2 parameters named NWB_AssetType
INFO | SELECTED | Shared Parameter | Scope=instance | ReadOnly=False | Id=3045150
INFO | SELECTED | Shared Parameter | Scope=instance | ReadOnly=False | Id=7626181
INFO | Writing INSTANCE parameter 'NWB_AssetType' on element 14914279
INFO | Element 14914279 | NWB_AssetType | Kind=Shared Parameter | Scope=instance | Storage=String | Old='' | New='Ductwork'
INFO | Writing INSTANCE parameter 'NWB_AssetType' on element 14914279
INFO | Element 14914279 | NWB_AssetType | Kind=Shared Parameter | Scope=instance | Storage=String | Old='' | New='Ductwork'
INFO | Candidate: NWB_Discipline | Scope=instance | Storage=String | ReadOnly=False | Shared=True | Id=3045151
INFO | Candidate: NWB_Discipline | Scope=instance | Storage=String | ReadOnly=False | Shared=True | Id=7626159
INFO | Found 2 parameters named NWB_Discipline
INFO | SELECTED | Shared Parameter | Scope=instance | ReadOnly=False | Id=3045151
INFO | SELECTED | Shared Parameter | Scope=instance | ReadOnly=False | Id=7626159
INFO | Writing INSTANCE parameter 'NWB_Discipline' on element 14914279
INFO | Element 14914279 | NWB_Discipline | Kind=Shared Parameter | Scope=instance | Storage=String | Old='Mechanical' | New='ME'
INFO | Writing INSTANCE parameter 'NWB_Discipline' on element 14914279
INFO | Element 14914279 | NWB_Discipline | Kind=Shared Parameter | Scope=instance | Storage=String | Old='Mechanical' | New='ME'
INFO | Candidate: NWB_Category | Scope=instance | Storage=String | ReadOnly=False | Shared=True | Id=3045152
INFO | Candidate: NWB_Category | Scope=instance | Storage=String | ReadOnly=False | Shared=True | Id=7626160
INFO | Found 2 parameters named NWB_Category
INFO | SELECTED | Shared Parameter | Scope=instance | ReadOnly=False | Id=3045152
INFO | SELECTED | Shared Parameter | Scope=instance | ReadOnly=False | Id=7626160
INFO | Writing INSTANCE parameter 'NWB_Category' on element 14914279
INFO | Element 14914279 | NWB_Category | Kind=Shared Parameter | Scope=instance | Storage=String | Old='' | New='Ductwork'
INFO | Writing INSTANCE parameter 'NWB_Category' on element 14914279
INFO | Element 14914279 | NWB_Category | Kind=Shared Parameter | Scope=instance | Storage=String | Old='' | New='Ductwork'
INFO | Candidate: NWB_System | Scope=instance | Storage=String | ReadOnly=False | Shared=True | Id=3045155
INFO | Candidate: NWB_System | Scope=instance | Storage=String | ReadOnly=False | Shared=True | Id=7626163
INFO | Found 2 parameters named NWB_System
INFO | SELECTED | Shared Parameter | Scope=instance | ReadOnly=False | Id=3045155
INFO | SELECTED | Shared Parameter | Scope=instance | ReadOnly=False | Id=7626163
INFO | Writing INSTANCE parameter 'NWB_System' on element 14914279
INFO | Element 14914279 | NWB_System | Kind=Shared Parameter | Scope=instance | Storage=String | Old='' | New='Supply Air'
INFO | Candidate: NWB_UniclassCode | Scope=instance | Storage=String | ReadOnly=False | Shared=True | Id=3045156
INFO | Candidate: NWB_UniclassCode | Scope=instance | Storage=String | ReadOnly=False | Shared=True | Id=7626165
INFO | Found 2 parameters named NWB_UniclassCode
INFO | SELECTED | Shared Parameter | Scope=instance | ReadOnly=False | Id=3045156
INFO | SELECTED | Shared Parameter | Scope=instance | ReadOnly=False | Id=7626165
INFO | Writing INSTANCE parameter 'NWB_UniclassCode' on element 14914279
INFO | Element 14914279 | NWB_UniclassCode | Kind=Shared Parameter | Scope=instance | Storage=String | Old='' | New='Pr_65_65_25'
INFO | Writing INSTANCE parameter 'NWB_UniclassCode' on element 14914279
INFO | Element 14914279 | NWB_UniclassCode | Kind=Shared Parameter | Scope=instance | Storage=String | Old='' | New='Pr_65_65_25'
INFO | Candidate: NWB_UniclassDescription | Scope=instance | Storage=String | ReadOnly=False | Shared=True | Id=3045157
INFO | Candidate: NWB_UniclassDescription | Scope=instance | Storage=String | ReadOnly=False | Shared=True | Id=7626166
INFO | Found 2 parameters named NWB_UniclassDescription
INFO | SELECTED | Shared Parameter | Scope=instance | ReadOnly=False | Id=3045157
INFO | SELECTED | Shared Parameter | Scope=instance | ReadOnly=False | Id=7626166
INFO | Writing INSTANCE parameter 'NWB_UniclassDescription' on element 14914279
INFO | Element 14914279 | NWB_UniclassDescription | Kind=Shared Parameter | Scope=instance | Storage=String | Old='' | New='Ductwork and fittings'
INFO | Writing INSTANCE parameter 'NWB_UniclassDescription' on element 14914279
INFO | Element 14914279 | NWB_UniclassDescription | Kind=Shared Parameter | Scope=instance | Storage=String | Old='' | New='Ductwork and fittings'
INFO | Candidate: NWB_DesignPkg | Scope=instance | Storage=String | ReadOnly=False | Shared=True | Id=3045158
INFO | Candidate: NWB_DesignPkg | Scope=instance | Storage=String | ReadOnly=False | Shared=True | Id=7626167
INFO | Found 2 parameters named NWB_DesignPkg
INFO | SELECTED | Shared Parameter | Scope=instance | ReadOnly=False | Id=3045158
INFO | SELECTED | Shared Parameter | Scope=instance | ReadOnly=False | Id=7626167
INFO | Writing INSTANCE parameter 'NWB_DesignPkg' on element 14914279
INFO | Element 14914279 | NWB_DesignPkg | Kind=Shared Parameter | Scope=instance | Storage=String | Old='' | New='NWB-GEN-ME-SCM-1091-A'
INFO | Writing INSTANCE parameter 'NWB_DesignPkg' on element 14914279
INFO | Element 14914279 | NWB_DesignPkg | Kind=Shared Parameter | Scope=instance | Storage=String | Old='' | New='NWB-GEN-ME-SCM-1091-A'
ERROR | Element 14914279 | Category=Duct Fittings | Family= | Parameter=NWB_BuildingPermitPkg | Reason=missing | Writable sample: AHU, AHU_AreaServed, AHU_Serves, AHU_Type, AHU_ZoneNumber, Building_No, COMPLETE Y/N, Classification.OmniClass.21.Description_INSTANCE, Classification.OmniClass.21.Number_INSTANCE, Classification.OmniClass.22.Description_INSTANCE, Classification.OmniClass.22.Number_INSTANCE, Classification.OmniClass.23.Description_INSTANCE, Classification.OmniClass.23.Number_INSTANCE, Classification.UniFormat.2010.Description, Classification.UniFormat.2010.Number, Comments, Description BOM Suffix, Ductwork Insulation - Lining, Elevation from Level, Export to IFC
INFO | Candidate: NWB_WBS00 | Scope=instance | Storage=String | ReadOnly=False | Shared=True | Id=9214738
INFO | Writing INSTANCE parameter 'NWB_WBS00' on element 14914279
INFO | Element 14914279 | NWB_WBS00 | Kind=Shared Parameter | Scope=instance | Storage=String | Old='' | New='WBH'
INFO | Candidate: NWB_WBS01 | Scope=instance | Storage=String | ReadOnly=False | Shared=True | Id=9214798
INFO | Writing INSTANCE parameter 'NWB_WBS01' on element 14914279
INFO | Element 14914279 | NWB_WBS01 | Kind=Shared Parameter | Scope=instance | Storage=String | Old='' | New='HO'
INFO | Candidate: NWB_WBS02 | Scope=instance | Storage=String | ReadOnly=False | Shared=True | Id=9214786
INFO | Candidate: NWB_WBS03 | Scope=instance | Storage=String | ReadOnly=False | Shared=True | Id=9214750
INFO | Writing INSTANCE parameter 'NWB_WBS03' on element 14914279
INFO | Element 14914279 | NWB_WBS03 | Kind=Shared Parameter | Scope=instance | Storage=String | Old='' | New='Z00'
INFO | Candidate: NWB_WBS04 | Scope=instance | Storage=String | ReadOnly=False | Shared=True | Id=9214762
INFO | Writing INSTANCE parameter 'NWB_WBS04' on element 14914279
INFO | Element 14914279 | NWB_WBS04 | Kind=Shared Parameter | Scope=instance | Storage=String | Old='' | New='ME'
INFO | Candidate: NWB_WBS05 | Scope=instance | Storage=String | ReadOnly=False | Shared=True | Id=9214810
INFO | Writing INSTANCE parameter 'NWB_WBS05' on element 14914279
INFO | Element 14914279 | NWB_WBS05 | Kind=Shared Parameter | Scope=instance | Storage=String | Old='' | New='SI5'
INFO | Candidate: NWB_WBSCode | Scope=instance | Storage=String | ReadOnly=False | Shared=True | Id=9214774
INFO | Writing INSTANCE parameter 'NWB_WBSCode' on element 14914279
INFO | Element 14914279 | NWB_WBSCode | Kind=Shared Parameter | Scope=instance | Storage=String | Old='' | New='WBH-HO-09-Z00-ME-SI5'
SOURCE | Element 14914279 | Cat=Duct Fittings | Family=MHT-ME-DF-Rectangular Eccentric Taper - Flanged-01 | Type= | Level=LEVEL 09 | System=Supply Air | LinkedRoomLink= | LinkedRoomNumber= | LinkedRoomName= | LinkedRoomDept= | LinkedRoomBuilding= | LinkedRoomSite= | LinkedRoomSource= | ResolvedDept= | ResolvedBuilding= | ResolvedSite= | DisciplineHint=mechanical | AssetCandidates=duct fittings, ductwork | WBS00=WBH | WBS01=HO | WBS03=Z00 | DesignPkg=NWB-GEN-ME-SCM-1091-A | BuildingPermitPkg=WBH - BP09
WARN | Element 14914279 | Department unresolved | ExistingNWBDepartment= | ExistingWBS00= | ExistingWBS01= | ExistingDiscipline=Mechanical
ELEMENT | 14914279 | Cat=Duct Fittings | AssetScore=45 | AssetTypeCode=MDUC | AssetType=Ductwork | AssetCategory=Ductwork | Targets=NWB_AssetTypeCode=MDUC; NWB_AssetType=Ductwork; NWB_Discipline=ME; NWB_Category=Ductwork; NWB_Department=; NWB_Material=; NWB_System=Supply Air; NWB_UniclassCode=Pr_65_65_25; NWB_UniclassDescription=Ductwork and fittings; NWB_DesignPkg=NWB-GEN-ME-SCM-1091-A; NWB_BuildingPermitPkg=WBH - BP09; NWB_WBS00=WBH; NWB_WBS01=HO; NWB_WBS02=09; NWB_WBS03=Z00; NWB_WBS04=ME; NWB_WBS05=SI5; NWB_WBSCode=WBH-HO-09-Z00-ME-SI5
INFO | Candidate: NWB_AssetTypeCode | Scope=instance | Storage=String | ReadOnly=False | Shared=True | Id=7626182
INFO | Candidate: NWB_AssetType | Scope=instance | Storage=String | ReadOnly=False | Shared=True | Id=7626181
INFO | Candidate: NWB_Discipline | Scope=instance | Storage=String | ReadOnly=False | Shared=True | Id=7626159
INFO | Candidate: NWB_Category | Scope=instance | Storage=String | ReadOnly=False | Shared=True | Id=7626160
INFO | Candidate: NWB_System | Scope=instance | Storage=String | ReadOnly=False | Shared=True | Id=7626163
INFO | Candidate: NWB_UniclassCode | Scope=instance | Storage=String | ReadOnly=False | Shared=True | Id=7626165
INFO | Candidate: NWB_UniclassDescription | Scope=instance | Storage=String | ReadOnly=False | Shared=True | Id=7626166
INFO | Candidate: NWB_DesignPkg | Scope=instance | Storage=String | ReadOnly=False | Shared=True | Id=7626167
ERROR | Element 14914493 | Category=Ducts | Family= | Parameter=NWB_BuildingPermitPkg | Reason=missing | Writable sample: AHU, AHU_AreaServed, AHU_Serves, AHU_Type, AHU_ZoneNumber, Additional Flow, Building_No, COMPLETE Y/N, Classification.OmniClass.21.Description_INSTANCE, Classification.OmniClass.21.Number_INSTANCE, Classification.OmniClass.22.Description_INSTANCE, Classification.OmniClass.22.Number_INSTANCE, Classification.OmniClass.23.Description_INSTANCE, Classification.OmniClass.23.Number_INSTANCE, Classification.UniFormat.2010.Description, Classification.UniFormat.2010.Number, Comments, DUCT NUMBER, Description BOM Suffix, Duct Number
INFO | Candidate: NWB_WBS00 | Scope=instance | Storage=String | ReadOnly=False | Shared=True | Id=9214738
INFO | Candidate: NWB_WBS01 | Scope=instance | Storage=String | ReadOnly=False | Shared=True | Id=9214798
INFO | Candidate: NWB_WBS02 | Scope=instance | Storage=String | ReadOnly=False | Shared=True | Id=9214786
INFO | Candidate: NWB_WBS03 | Scope=instance | Storage=String | ReadOnly=False | Shared=True | Id=9214750
INFO | Candidate: NWB_WBS04 | Scope=instance | Storage=String | ReadOnly=False | Shared=True | Id=9214762
INFO | Candidate: NWB_WBS05 | Scope=instance | Storage=String | ReadOnly=False | Shared=True | Id=9214810
INFO | Writing INSTANCE parameter 'NWB_WBS05' on element 14914493
INFO | Element 14914493 | NWB_WBS05 | Kind=Shared Parameter | Scope=instance | Storage=String | Old='SP' | New='SI5'
INFO | Candidate: NWB_WBSCode | Scope=instance | Storage=String | ReadOnly=False | Shared=True | Id=9214774
INFO | Writing INSTANCE parameter 'NWB_WBSCode' on element 14914493
INFO | Element 14914493 | NWB_WBSCode | Kind=Shared Parameter | Scope=instance | Storage=String | Old='WBH-HO-09-Z00-ME-SP' | New='WBH-HO-09-Z00-ME-SI5'
SOURCE | Element 14914493 | Cat=Ducts | Family=Rectangular Duct | Type= | Level=LEVEL 09 | System=Supply Air | LinkedRoomLink= | LinkedRoomNumber= | LinkedRoomName= | LinkedRoomDept= | LinkedRoomBuilding= | LinkedRoomSite= | LinkedRoomSource= | ResolvedDept= | ResolvedBuilding= | ResolvedSite= | DisciplineHint=mechanical | AssetCandidates=ducts, ductwork | WBS00=WBH | WBS01=HO | WBS03=Z00 | DesignPkg=NWB-GEN-ME-SCM-1091-A | BuildingPermitPkg=WBH - BP09
WARN | Element 14914493 | Department unresolved | ExistingNWBDepartment= | ExistingWBS00=WBH | ExistingWBS01=HO | ExistingDiscipline=ME
ELEMENT | 14914493 | Cat=Ducts | AssetScore=45 | AssetTypeCode=MDUC | AssetType=Ductwork | AssetCategory=Ductwork | Targets=NWB_AssetTypeCode=MDUC; NWB_AssetType=Ductwork; NWB_Discipline=ME; NWB_Category=Ductwork; NWB_Department=; NWB_Material=; NWB_System=Supply Air; NWB_UniclassCode=Pr_65_65_25; NWB_UniclassDescription=Ductwork and fittings; NWB_DesignPkg=NWB-GEN-ME-SCM-1091-A; NWB_BuildingPermitPkg=WBH - BP09; NWB_WBS00=WBH; NWB_WBS01=HO; NWB_WBS02=09; NWB_WBS03=Z00; NWB_WBS04=ME; NWB_WBS05=SI5; NWB_WBSCode=WBH-HO-09-Z00-ME-SI5
INFO | Candidate: NWB_AssetTypeCode | Scope=instance | Storage=String | ReadOnly=False | Shared=True | Id=3045149
INFO | Candidate: NWB_AssetTypeCode | Scope=instance | Storage=String | ReadOnly=False | Shared=True | Id=7626182
INFO | Found 2 parameters named NWB_AssetTypeCode
INFO | SELECTED | Shared Parameter | Scope=instance | ReadOnly=False | Id=3045149
INFO | SELECTED | Shared Parameter | Scope=instance | ReadOnly=False | Id=7626182
INFO | Candidate: NWB_AssetType | Scope=instance | Storage=String | ReadOnly=False | Shared=True | Id=3045150
INFO | Candidate: NWB_AssetType | Scope=instance | Storage=String | ReadOnly=False | Shared=True | Id=7626181
INFO | Found 2 parameters named NWB_AssetType
INFO | SELECTED | Shared Parameter | Scope=instance | ReadOnly=False | Id=3045150
INFO | SELECTED | Shared Parameter | Scope=instance | ReadOnly=False | Id=7626181
INFO | Candidate: NWB_Discipline | Scope=instance | Storage=String | ReadOnly=False | Shared=True | Id=3045151
INFO | Candidate: NWB_Discipline | Scope=instance | Storage=String | ReadOnly=False | Shared=True | Id=7626159
INFO | Found 2 parameters named NWB_Discipline
INFO | SELECTED | Shared Parameter | Scope=instance | ReadOnly=False | Id=3045151
INFO | SELECTED | Shared Parameter | Scope=instance | ReadOnly=False | Id=7626159
INFO | Candidate: NWB_Category | Scope=instance | Storage=String | ReadOnly=False | Shared=True | Id=3045152
INFO | Candidate: NWB_Category | Scope=instance | Storage=String | ReadOnly=False | Shared=True | Id=7626160
INFO | Found 2 parameters named NWB_Category
INFO | SELECTED | Shared Parameter | Scope=instance | ReadOnly=False | Id=3045152
INFO | SELECTED | Shared Parameter | Scope=instance | ReadOnly=False | Id=7626160
INFO | Candidate: NWB_System | Scope=instance | Storage=String | ReadOnly=False | Shared=True | Id=3045155
INFO | Candidate: NWB_System | Scope=instance | Storage=String | ReadOnly=False | Shared=True | Id=7626163
INFO | Found 2 parameters named NWB_System
INFO | SELECTED | Shared Parameter | Scope=instance | ReadOnly=False | Id=3045155
INFO | SELECTED | Shared Parameter | Scope=instance | ReadOnly=False | Id=7626163
INFO | Candidate: NWB_UniclassCode | Scope=instance | Storage=String | ReadOnly=False | Shared=True | Id=3045156
INFO | Candidate: NWB_UniclassCode | Scope=instance | Storage=String | ReadOnly=False | Shared=True | Id=7626165
INFO | Found 2 parameters named NWB_UniclassCode
INFO | SELECTED | Shared Parameter | Scope=instance | ReadOnly=False | Id=3045156
INFO | SELECTED | Shared Parameter | Scope=instance | ReadOnly=False | Id=7626165
INFO | Candidate: NWB_UniclassDescription | Scope=instance | Storage=String | ReadOnly=False | Shared=True | Id=3045157
INFO | Candidate: NWB_UniclassDescription | Scope=instance | Storage=String | ReadOnly=False | Shared=True | Id=7626166
INFO | Found 2 parameters named NWB_UniclassDescription
INFO | SELECTED | Shared Parameter | Scope=instance | ReadOnly=False | Id=3045157
INFO | SELECTED | Shared Parameter | Scope=instance | ReadOnly=False | Id=7626166
INFO | Candidate: NWB_DesignPkg | Scope=instance | Storage=String | ReadOnly=False | Shared=True | Id=3045158
INFO | Candidate: NWB_DesignPkg | Scope=instance | Storage=String | ReadOnly=False | Shared=True | Id=7626167
INFO | Found 2 parameters named NWB_DesignPkg
INFO | SELECTED | Shared Parameter | Scope=instance | ReadOnly=False | Id=3045158
INFO | SELECTED | Shared Parameter | Scope=instance | ReadOnly=False | Id=7626167
ERROR | Element 14914526 | Category=Duct Fittings | Family= | Parameter=NWB_BuildingPermitPkg | Reason=missing | Writable sample: AHU, AHU_AreaServed, AHU_Serves, AHU_Type, AHU_ZoneNumber, Building_No, COMPLETE Y/N, Classification.OmniClass.21.Description_INSTANCE, Classification.OmniClass.21.Number_INSTANCE, Classification.OmniClass.22.Description_INSTANCE, Classification.OmniClass.22.Number_INSTANCE, Classification.OmniClass.23.Description_INSTANCE, Classification.OmniClass.23.Number_INSTANCE, Classification.UniFormat.2010.Description, Classification.UniFormat.2010.Number, Comments, Description BOM Suffix, Ductwork Insulation - Lining, Elevation from Level, Export to IFC
INFO | Candidate: NWB_WBS00 | Scope=instance | Storage=String | ReadOnly=False | Shared=True | Id=9214738
INFO | Candidate: NWB_WBS01 | Scope=instance | Storage=String | ReadOnly=False | Shared=True | Id=9214798
INFO | Candidate: NWB_WBS02 | Scope=instance | Storage=String | ReadOnly=False | Shared=True | Id=9214786
INFO | Candidate: NWB_WBS03 | Scope=instance | Storage=String | ReadOnly=False | Shared=True | Id=9214750
INFO | Candidate: NWB_WBS04 | Scope=instance | Storage=String | ReadOnly=False | Shared=True | Id=9214762
INFO | Candidate: NWB_WBS05 | Scope=instance | Storage=String | ReadOnly=False | Shared=True | Id=9214810
INFO | Candidate: NWB_WBSCode | Scope=instance | Storage=String | ReadOnly=False | Shared=True | Id=9214774
SOURCE | Element 14914526 | Cat=Duct Fittings | Family=MHT-ME-DF-Rectangular Eccentric Taper - Flanged-01 | Type= | Level=LEVEL 09 | System=Supply Air | LinkedRoomLink= | LinkedRoomNumber= | LinkedRoomName= | LinkedRoomDept= | LinkedRoomBuilding= | LinkedRoomSite= | LinkedRoomSource= | ResolvedDept= | ResolvedBuilding= | ResolvedSite= | DisciplineHint=mechanical | AssetCandidates=duct fittings, ductwork | WBS00=WBH | WBS01=HO | WBS03=Z00 | DesignPkg=NWB-GEN-ME-SCM-1091-A | BuildingPermitPkg=WBH - BP09
WARN | Element 14914526 | Department unresolved | ExistingNWBDepartment= | ExistingWBS00=WBH | ExistingWBS01=HO | ExistingDiscipline=ME
ELEMENT | 14914526 | Cat=Duct Fittings | AssetScore=45 | AssetTypeCode=MDUC | AssetType=Ductwork | AssetCategory=Ductwork | Targets=NWB_AssetTypeCode=MDUC; NWB_AssetType=Ductwork; NWB_Discipline=ME; NWB_Category=Ductwork; NWB_Department=; NWB_Material=; NWB_System=Supply Air; NWB_UniclassCode=Pr_65_65_25; NWB_UniclassDescription=Ductwork and fittings; NWB_DesignPkg=NWB-GEN-ME-SCM-1091-A; NWB_BuildingPermitPkg=WBH - BP09; NWB_WBS00=WBH; NWB_WBS01=HO; NWB_WBS02=09; NWB_WBS03=Z00; NWB_WBS04=ME; NWB_WBS05=SI5; NWB_WBSCode=WBH-HO-09-Z00-ME-SI5
INFO | Candidate: NWB_AssetTypeCode | Scope=instance | Storage=String | ReadOnly=False | Shared=True | Id=7626182
INFO | Candidate: NWB_AssetType | Scope=instance | Storage=String | ReadOnly=False | Shared=True | Id=7626181
INFO | Candidate: NWB_Discipline | Scope=instance | Storage=String | ReadOnly=False | Shared=True | Id=7626159
INFO | Candidate: NWB_Category | Scope=instance | Storage=String | ReadOnly=False | Shared=True | Id=7626160
INFO | Candidate: NWB_Department | Scope=instance | Storage=String | ReadOnly=False | Shared=True | Id=7626168
INFO | Candidate: NWB_Material | Scope=instance | Storage=String | ReadOnly=False | Shared=True | Id=7626176
INFO | Candidate: NWB_System | Scope=instance | Storage=String | ReadOnly=False | Shared=True | Id=7626163
INFO | Candidate: NWB_UniclassCode | Scope=instance | Storage=String | ReadOnly=False | Shared=True | Id=7626165
INFO | Candidate: NWB_UniclassDescription | Scope=instance | Storage=String | ReadOnly=False | Shared=True | Id=7626166
INFO | Candidate: NWB_DesignPkg | Scope=instance | Storage=String | ReadOnly=False | Shared=True | Id=7626167
ERROR | Element 14915585 | Category=Duct Fittings | Family= | Parameter=NWB_BuildingPermitPkg | Reason=missing | Writable sample: AHU, AHU_AreaServed, AHU_Serves, AHU_Type, AHU_ZoneNumber, Building_No, COMPLETE Y/N, Classification.OmniClass.21.Description_INSTANCE, Classification.OmniClass.21.Number_INSTANCE, Classification.OmniClass.22.Description_INSTANCE, Classification.OmniClass.22.Number_INSTANCE, Classification.OmniClass.23.Description_INSTANCE, Classification.OmniClass.23.Number_INSTANCE, Classification.UniFormat.2010.Description, Classification.UniFormat.2010.Number, Comments, Description BOM Suffix, Duct Height1, Duct Length 1, Duct Width1
INFO | Candidate: NWB_WBS00 | Scope=instance | Storage=String | ReadOnly=False | Shared=True | Id=9214738
INFO | Candidate: NWB_WBS01 | Scope=instance | Storage=String | ReadOnly=False | Shared=True | Id=9214798
INFO | Candidate: NWB_WBS02 | Scope=instance | Storage=String | ReadOnly=False | Shared=True | Id=9214786
INFO | Candidate: NWB_WBS03 | Scope=instance | Storage=String | ReadOnly=False | Shared=True | Id=9214750
INFO | Candidate: NWB_WBS04 | Scope=instance | Storage=String | ReadOnly=False | Shared=True | Id=9214762
INFO | Candidate: NWB_WBS05 | Scope=instance | Storage=String | ReadOnly=False | Shared=True | Id=9214810
INFO | Candidate: NWB_WBSCode | Scope=instance | Storage=String | ReadOnly=False | Shared=True | Id=9214774
SOURCE | Element 14915585 | Cat=Duct Fittings | Family=MHT-ME-DF-Square Cap-BMA | Type= | Level=LEVEL 09 | System=Return Air | LinkedRoomLink=NWB-ACD-WBH-MH-MOD-0001 | LinkedRoomNumber=IP3.11.116 | LinkedRoomName=Office, Clinical Workroom | LinkedRoomDept=Inpatient Obstetric 3 | LinkedRoomBuilding= | LinkedRoomSite= | LinkedRoomSource=connected:13024499:Duct Systems | ResolvedDept=Inpatient Obstetric 3 | ResolvedBuilding= | ResolvedSite= | DisciplineHint=mechanical | AssetCandidates=duct fittings, ductwork | WBS00=WBH | WBS01=HO | WBS03=IP3 | DesignPkg=NWB-GEN-ME-SCM-1091-A | BuildingPermitPkg=WBH - BP09
ELEMENT | 14915585 | Cat=Duct Fittings | AssetScore=45 | AssetTypeCode=MDUC | AssetType=Ductwork | AssetCategory=Ductwork | Targets=NWB_AssetTypeCode=MDUC; NWB_AssetType=Ductwork; NWB_Discipline=ME; NWB_Category=Ductwork; NWB_Department=Inpatient Obstetric 3; NWB_Material=9479096; NWB_System=Return Air; NWB_UniclassCode=Pr_65_65_25; NWB_UniclassDescription=Ductwork and fittings; NWB_DesignPkg=NWB-GEN-ME-SCM-1091-A; NWB_BuildingPermitPkg=WBH - BP09; NWB_WBS00=WBH; NWB_WBS01=HO; NWB_WBS02=09; NWB_WBS03=IP3; NWB_WBS04=ME; NWB_WBS05=SI5; NWB_WBSCode=WBH-HO-09-IP3-ME-SI5
INFO | Candidate: NWB_AssetTypeCode | Scope=instance | Storage=String | ReadOnly=False | Shared=True | Id=7626182
INFO | Candidate: NWB_AssetType | Scope=instance | Storage=String | ReadOnly=False | Shared=True | Id=7626181
INFO | Candidate: NWB_Discipline | Scope=instance | Storage=String | ReadOnly=False | Shared=True | Id=7626159
INFO | Candidate: NWB_Category | Scope=instance | Storage=String | ReadOnly=False | Shared=True | Id=7626160
INFO | Candidate: NWB_System | Scope=instance | Storage=String | ReadOnly=False | Shared=True | Id=7626163
INFO | Candidate: NWB_UniclassCode | Scope=instance | Storage=String | ReadOnly=False | Shared=True | Id=7626165
INFO | Candidate: NWB_UniclassDescription | Scope=instance | Storage=String | ReadOnly=False | Shared=True | Id=7626166
INFO | Candidate: NWB_DesignPkg | Scope=instance | Storage=String | ReadOnly=False | Shared=True | Id=7626167
ERROR | Element 14916764 | Category=Duct Fittings | Family= | Parameter=NWB_BuildingPermitPkg | Reason=missing | Writable sample: AHU, AHU_AreaServed, AHU_Serves, AHU_Type, AHU_ZoneNumber, Building_No, COMPLETE Y/N, Classification.OmniClass.21.Description_INSTANCE, Classification.OmniClass.21.Number_INSTANCE, Classification.OmniClass.22.Description_INSTANCE, Classification.OmniClass.22.Number_INSTANCE, Classification.OmniClass.23.Description_INSTANCE, Classification.OmniClass.23.Number_INSTANCE, Classification.UniFormat.2010.Description, Classification.UniFormat.2010.Number, Comments, Description BOM Suffix, Duct Diameter, Ductwork Insulation - Lining, Elevation from Level
INFO | Candidate: NWB_WBS00 | Scope=instance | Storage=String | ReadOnly=False | Shared=True | Id=9214738
INFO | Candidate: NWB_WBS01 | Scope=instance | Storage=String | ReadOnly=False | Shared=True | Id=9214798
INFO | Candidate: NWB_WBS02 | Scope=instance | Storage=String | ReadOnly=False | Shared=True | Id=9214786
INFO | Candidate: NWB_WBS03 | Scope=instance | Storage=String | ReadOnly=False | Shared=True | Id=9214750
INFO | Candidate: NWB_WBS04 | Scope=instance | Storage=String | ReadOnly=False | Shared=True | Id=9214762
INFO | Candidate: NWB_WBS05 | Scope=instance | Storage=String | ReadOnly=False | Shared=True | Id=9214810
INFO | Candidate: NWB_WBSCode | Scope=instance | Storage=String | ReadOnly=False | Shared=True | Id=9214774
SOURCE | Element 14916764 | Cat=Duct Fittings | Family=MHT_DF_Spigot | Type= | Level=LEVEL 09 | System=Supply Air | LinkedRoomLink= | LinkedRoomNumber= | LinkedRoomName= | LinkedRoomDept= | LinkedRoomBuilding= | LinkedRoomSite= | LinkedRoomSource= | ResolvedDept= | ResolvedBuilding= | ResolvedSite= | DisciplineHint=mechanical | AssetCandidates=duct fittings, ductwork, damper, motorised damper | WBS00=WBH | WBS01=HO | WBS03=Z00 | DesignPkg=NWB-GEN-ME-SCM-1091-A | BuildingPermitPkg=WBH - BP09
WARN | Element 14916764 | Department unresolved | ExistingNWBDepartment= | ExistingWBS00=WBH | ExistingWBS01=HO | ExistingDiscipline=ME
ELEMENT | 14916764 | Cat=Duct Fittings | AssetScore=45 | AssetTypeCode=MDUC | AssetType=Ductwork | AssetCategory=Ductwork | Targets=NWB_AssetTypeCode=MDUC; NWB_AssetType=Ductwork; NWB_Discipline=ME; NWB_Category=Ductwork; NWB_Department=; NWB_Material=; NWB_System=Supply Air; NWB_UniclassCode=Pr_65_65_25; NWB_UniclassDescription=Ductwork and fittings; NWB_DesignPkg=NWB-GEN-ME-SCM-1091-A; NWB_BuildingPermitPkg=WBH - BP09; NWB_WBS00=WBH; NWB_WBS01=HO; NWB_WBS02=09; NWB_WBS03=Z00; NWB_WBS04=ME; NWB_WBS05=SI5; NWB_WBSCode=WBH-HO-09-Z00-ME-SI5
INFO | Candidate: NWB_AssetTypeCode | Scope=instance | Storage=String | ReadOnly=False | Shared=True | Id=7626182
INFO | Candidate: NWB_AssetType | Scope=instance | Storage=String | ReadOnly=False | Shared=True | Id=7626181
INFO | Candidate: NWB_Discipline | Scope=instance | Storage=String | ReadOnly=False | Shared=True | Id=7626159
INFO | Candidate: NWB_Category | Scope=instance | Storage=String | ReadOnly=False | Shared=True | Id=7626160
INFO | Candidate: NWB_Department | Scope=instance | Storage=String | ReadOnly=False | Shared=True | Id=7626168
INFO | Candidate: NWB_System | Scope=instance | Storage=String | ReadOnly=False | Shared=True | Id=7626163
INFO | Candidate: NWB_UniclassCode | Scope=instance | Storage=String | ReadOnly=False | Shared=True | Id=7626165
INFO | Candidate: NWB_UniclassDescription | Scope=instance | Storage=String | ReadOnly=False | Shared=True | Id=7626166
INFO | Candidate: NWB_DesignPkg | Scope=instance | Storage=String | ReadOnly=False | Shared=True | Id=7626167
ERROR | Element 14916889 | Category=Flex Ducts | Family= | Parameter=NWB_BuildingPermitPkg | Reason=missing | Writable sample: AHU_AreaServed, AHU_Serves, AHU_Type, AHU_ZoneNumber, Additional Flow, Building_No, COMPLETE Y/N, Classification.UniFormat.2010.Description, Classification.UniFormat.2010.Number, Comments, Diameter, Export to IFC, Export to IFC As, Family, Family and Type, Flex Pattern, IFC Predefined Type, IfcGUID, Image, Legend Description
INFO | Candidate: NWB_WBS00 | Scope=instance | Storage=String | ReadOnly=False | Shared=True | Id=9214738
INFO | Candidate: NWB_WBS01 | Scope=instance | Storage=String | ReadOnly=False | Shared=True | Id=9214798
INFO | Candidate: NWB_WBS02 | Scope=instance | Storage=String | ReadOnly=False | Shared=True | Id=9214786
INFO | Candidate: NWB_WBS03 | Scope=instance | Storage=String | ReadOnly=False | Shared=True | Id=9214750
INFO | Candidate: NWB_WBS04 | Scope=instance | Storage=String | ReadOnly=False | Shared=True | Id=9214762
INFO | Candidate: NWB_WBS05 | Scope=instance | Storage=String | ReadOnly=False | Shared=True | Id=9214810
INFO | Candidate: NWB_WBSCode | Scope=instance | Storage=String | ReadOnly=False | Shared=True | Id=9214774
SOURCE | Element 14916889 | Cat=Flex Ducts | Family=Flex Duct Round | Type= | Level=LEVEL 09 | System=Supply Air | LinkedRoomLink=NWB-ACD-WBH-MH-MOD-0001 | LinkedRoomNumber=HDU.09.124 | LinkedRoomName=Office, 1 Person | LinkedRoomDept=High Dependency Unit | LinkedRoomBuilding= | LinkedRoomSite= | LinkedRoomSource=connected:14887377:Air Terminals | ResolvedDept=High Dependency Unit | ResolvedBuilding= | ResolvedSite= | DisciplineHint=mechanical | AssetCandidates=flex ducts, ductwork | WBS00=WBH | WBS01=HO | WBS03=HDU | DesignPkg=NWB-GEN-ME-SCM-1091-A | BuildingPermitPkg=WBH - BP09
ELEMENT | 14916889 | Cat=Flex Ducts | AssetScore=45 | AssetTypeCode=MDUC | AssetType=Ductwork | AssetCategory=Ductwork | Targets=NWB_AssetTypeCode=MDUC; NWB_AssetType=Ductwork; NWB_Discipline=ME; NWB_Category=Ductwork; NWB_Department=High Dependency Unit; NWB_Material=; NWB_System=Supply Air; NWB_UniclassCode=Pr_65_65_25; NWB_UniclassDescription=Ductwork and fittings; NWB_DesignPkg=NWB-GEN-ME-SCM-1091-A; NWB_BuildingPermitPkg=WBH - BP09; NWB_WBS00=WBH; NWB_WBS01=HO; NWB_WBS02=09; NWB_WBS03=HDU; NWB_WBS04=ME; NWB_WBS05=SI5; NWB_WBSCode=WBH-HO-09-HDU-ME-SI5
INFO | Candidate: NWB_AssetTypeCode | Scope=instance | Storage=String | ReadOnly=False | Shared=True | Id=7626182
INFO | Candidate: NWB_AssetType | Scope=instance | Storage=String | ReadOnly=False | Shared=True | Id=7626181
INFO | Candidate: NWB_Discipline | Scope=instance | Storage=String | ReadOnly=False | Shared=True | Id=7626159
INFO | Candidate: NWB_Category | Scope=instance | Storage=String | ReadOnly=False | Shared=True | Id=7626160
INFO | Candidate: NWB_System | Scope=instance | Storage=String | ReadOnly=False | Shared=True | Id=7626163
INFO | Candidate: NWB_UniclassCode | Scope=instance | Storage=String | ReadOnly=False | Shared=True | Id=7626165
INFO | Candidate: NWB_UniclassDescription | Scope=instance | Storage=String | ReadOnly=False | Shared=True | Id=7626166
INFO | Candidate: NWB_DesignPkg | Scope=instance | Storage=String | ReadOnly=False | Shared=True | Id=7626167
ERROR | Element 14916901 | Category=Duct Fittings | Family= | Parameter=NWB_BuildingPermitPkg | Reason=missing | Writable sample: AHU, AHU_AreaServed, AHU_Serves, AHU_Type, AHU_ZoneNumber, Building_No, COMPLETE Y/N, Classification.OmniClass.21.Description_INSTANCE, Classification.OmniClass.21.Number_INSTANCE, Classification.OmniClass.22.Description_INSTANCE, Classification.OmniClass.22.Number_INSTANCE, Classification.OmniClass.23.Description_INSTANCE, Classification.OmniClass.23.Number_INSTANCE, Classification.UniFormat.2010.Description, Classification.UniFormat.2010.Number, Comments, Description BOM Suffix, Duct Diameter, Ductwork Insulation - Lining, Elevation from Level
INFO | Candidate: NWB_WBS00 | Scope=instance | Storage=String | ReadOnly=False | Shared=True | Id=9214738
INFO | Candidate: NWB_WBS01 | Scope=instance | Storage=String | ReadOnly=False | Shared=True | Id=9214798
INFO | Candidate: NWB_WBS02 | Scope=instance | Storage=String | ReadOnly=False | Shared=True | Id=9214786
INFO | Candidate: NWB_WBS03 | Scope=instance | Storage=String | ReadOnly=False | Shared=True | Id=9214750
INFO | Candidate: NWB_WBS04 | Scope=instance | Storage=String | ReadOnly=False | Shared=True | Id=9214762
INFO | Candidate: NWB_WBS05 | Scope=instance | Storage=String | ReadOnly=False | Shared=True | Id=9214810
INFO | Candidate: NWB_WBSCode | Scope=instance | Storage=String | ReadOnly=False | Shared=True | Id=9214774
SOURCE | Element 14916901 | Cat=Duct Fittings | Family=MHT_DF_Spigot | Type= | Level=LEVEL 09 | System=Return Air | LinkedRoomLink= | LinkedRoomNumber= | LinkedRoomName= | LinkedRoomDept= | LinkedRoomBuilding= | LinkedRoomSite= | LinkedRoomSource= | ResolvedDept= | ResolvedBuilding= | ResolvedSite= | DisciplineHint=mechanical | AssetCandidates=duct fittings, ductwork, damper, motorised damper | WBS00=WBH | WBS01=HO | WBS03=Z00 | DesignPkg=NWB-GEN-ME-SCM-1091-A | BuildingPermitPkg=WBH - BP09
WARN | Element 14916901 | Department unresolved | ExistingNWBDepartment= | ExistingWBS00=WBH | ExistingWBS01=HO | ExistingDiscipline=ME
ELEMENT | 14916901 | Cat=Duct Fittings | AssetScore=45 | AssetTypeCode=MDUC | AssetType=Ductwork | AssetCategory=Ductwork | Targets=NWB_AssetTypeCode=MDUC; NWB_AssetType=Ductwork; NWB_Discipline=ME; NWB_Category=Ductwork; NWB_Department=; NWB_Material=; NWB_System=Return Air; NWB_UniclassCode=Pr_65_65_25; NWB_UniclassDescription=Ductwork and fittings; NWB_DesignPkg=NWB-GEN-ME-SCM-1091-A; NWB_BuildingPermitPkg=WBH - BP09; NWB_WBS00=WBH; NWB_WBS01=HO; NWB_WBS02=09; NWB_WBS03=Z00; NWB_WBS04=ME; NWB_WBS05=SI5; NWB_WBSCode=WBH-HO-09-Z00-ME-SI5
INFO | Candidate: NWB_AssetTypeCode | Scope=instance | Storage=String | ReadOnly=False | Shared=True | Id=7626182
INFO | Candidate: NWB_AssetType | Scope=instance | Storage=String | ReadOnly=False | Shared=True | Id=7626181
INFO | Candidate: NWB_Discipline | Scope=instance | Storage=String | ReadOnly=False | Shared=True | Id=7626159
INFO | Candidate: NWB_Category | Scope=instance | Storage=String | ReadOnly=False | Shared=True | Id=7626160
INFO | Candidate: NWB_Department | Scope=instance | Storage=String | ReadOnly=False | Shared=True | Id=7626168
INFO | Candidate: NWB_System | Scope=instance | Storage=String | ReadOnly=False | Shared=True | Id=7626163
INFO | Candidate: NWB_UniclassCode | Scope=instance | Storage=String | ReadOnly=False | Shared=True | Id=7626165
INFO | Candidate: NWB_UniclassDescription | Scope=instance | Storage=String | ReadOnly=False | Shared=True | Id=7626166
INFO | Candidate: NWB_DesignPkg | Scope=instance | Storage=String | ReadOnly=False | Shared=True | Id=7626167
ERROR | Element 14928157 | Category=Ducts | Family= | Parameter=NWB_BuildingPermitPkg | Reason=missing | Writable sample: AHU, AHU_AreaServed, AHU_Serves, AHU_Type, AHU_ZoneNumber, Additional Flow, Building_No, COMPLETE Y/N, Classification.OmniClass.21.Description_INSTANCE, Classification.OmniClass.21.Number_INSTANCE, Classification.OmniClass.22.Description_INSTANCE, Classification.OmniClass.22.Number_INSTANCE, Classification.OmniClass.23.Description_INSTANCE, Classification.OmniClass.23.Number_INSTANCE, Classification.UniFormat.2010.Description, Classification.UniFormat.2010.Number, Comments, DUCT NUMBER, Description BOM Suffix, Duct Number
INFO | Candidate: NWB_WBS00 | Scope=instance | Storage=String | ReadOnly=False | Shared=True | Id=9214738
INFO | Candidate: NWB_WBS01 | Scope=instance | Storage=String | ReadOnly=False | Shared=True | Id=9214798
INFO | Candidate: NWB_WBS02 | Scope=instance | Storage=String | ReadOnly=False | Shared=True | Id=9214786
INFO | Candidate: NWB_WBS03 | Scope=instance | Storage=String | ReadOnly=False | Shared=True | Id=9214750
INFO | Candidate: NWB_WBS04 | Scope=instance | Storage=String | ReadOnly=False | Shared=True | Id=9214762
INFO | Candidate: NWB_WBS05 | Scope=instance | Storage=String | ReadOnly=False | Shared=True | Id=9214810
INFO | Candidate: NWB_WBSCode | Scope=instance | Storage=String | ReadOnly=False | Shared=True | Id=9214774
SOURCE | Element 14928157 | Cat=Ducts | Family=Rectangular Duct | Type= | Level=LEVEL 09 | System=Exhaust Air | LinkedRoomLink= | LinkedRoomNumber= | LinkedRoomName= | LinkedRoomDept= | LinkedRoomBuilding= | LinkedRoomSite= | LinkedRoomSource= | ResolvedDept=HDU | ResolvedBuilding= | ResolvedSite= | DisciplineHint=mechanical | AssetCandidates=ducts, ductwork | WBS00=WBH | WBS01=HO | WBS03=HDU | DesignPkg=NWB-GEN-ME-SCM-1091-A | BuildingPermitPkg=WBH - BP09
ELEMENT | 14928157 | Cat=Ducts | AssetScore=45 | AssetTypeCode=MDUC | AssetType=Ductwork | AssetCategory=Ductwork | Targets=NWB_AssetTypeCode=MDUC; NWB_AssetType=Ductwork; NWB_Discipline=ME; NWB_Category=Ductwork; NWB_Department=HDU; NWB_Material=; NWB_System=Exhaust Air; NWB_UniclassCode=Pr_65_65_25; NWB_UniclassDescription=Ductwork and fittings; NWB_DesignPkg=NWB-GEN-ME-SCM-1091-A; NWB_BuildingPermitPkg=WBH - BP09; NWB_WBS00=WBH; NWB_WBS01=HO; NWB_WBS02=09; NWB_WBS03=HDU; NWB_WBS04=ME; NWB_WBS05=SI5; NWB_WBSCode=WBH-HO-09-HDU-ME-SI5
INFO | Candidate: NWB_AssetTypeCode | Scope=instance | Storage=String | ReadOnly=False | Shared=True | Id=7626182
INFO | Candidate: NWB_AssetType | Scope=instance | Storage=String | ReadOnly=False | Shared=True | Id=7626181
INFO | Candidate: NWB_Discipline | Scope=instance | Storage=String | ReadOnly=False | Shared=True | Id=7626159
INFO | Candidate: NWB_Category | Scope=instance | Storage=String | ReadOnly=False | Shared=True | Id=7626160
INFO | Candidate: NWB_System | Scope=instance | Storage=String | ReadOnly=False | Shared=True | Id=7626163
INFO | Candidate: NWB_UniclassCode | Scope=instance | Storage=String | ReadOnly=False | Shared=True | Id=7626165
INFO | Candidate: NWB_UniclassDescription | Scope=instance | Storage=String | ReadOnly=False | Shared=True | Id=7626166
INFO | Candidate: NWB_DesignPkg | Scope=instance | Storage=String | ReadOnly=False | Shared=True | Id=7626167
ERROR | Element 14928168 | Category=Duct Fittings | Family= | Parameter=NWB_BuildingPermitPkg | Reason=missing | Writable sample: AHU, AHU_AreaServed, AHU_Serves, AHU_Type, AHU_ZoneNumber, Angle, Building_No, COMPLETE Y/N, Classification.OmniClass.21.Description_INSTANCE, Classification.OmniClass.21.Number_INSTANCE, Classification.OmniClass.22.Description_INSTANCE, Classification.OmniClass.22.Number_INSTANCE, Classification.OmniClass.23.Description_INSTANCE, Classification.OmniClass.23.Number_INSTANCE, Classification.UniFormat.2010.Description, Classification.UniFormat.2010.Number, Comments, Description BOM Suffix, Ductwork Insulation - Lining, Elevation from Level
INFO | Candidate: NWB_WBS00 | Scope=instance | Storage=String | ReadOnly=False | Shared=True | Id=9214738
INFO | Candidate: NWB_WBS01 | Scope=instance | Storage=String | ReadOnly=False | Shared=True | Id=9214798
INFO | Candidate: NWB_WBS02 | Scope=instance | Storage=String | ReadOnly=False | Shared=True | Id=9214786
INFO | Candidate: NWB_WBS03 | Scope=instance | Storage=String | ReadOnly=False | Shared=True | Id=9214750
INFO | Candidate: NWB_WBS04 | Scope=instance | Storage=String | ReadOnly=False | Shared=True | Id=9214762
INFO | Candidate: NWB_WBS05 | Scope=instance | Storage=String | ReadOnly=False | Shared=True | Id=9214810
INFO | Candidate: NWB_WBSCode | Scope=instance | Storage=String | ReadOnly=False | Shared=True | Id=9214774
SOURCE | Element 14928168 | Cat=Duct Fittings | Family=MHT-ME-DF-Rectangular Shoe Branch - Flanged | Type= | Level=LEVEL 09 | System=Exhaust Air | LinkedRoomLink= | LinkedRoomNumber= | LinkedRoomName= | LinkedRoomDept= | LinkedRoomBuilding= | LinkedRoomSite= | LinkedRoomSource= | ResolvedDept= | ResolvedBuilding= | ResolvedSite= | DisciplineHint=mechanical | AssetCandidates=duct fittings, ductwork | WBS00=WBH | WBS01=HO | WBS03=Z00 | DesignPkg=NWB-GEN-ME-SCM-1091-A | BuildingPermitPkg=WBH - BP09
WARN | Element 14928168 | Department unresolved | ExistingNWBDepartment= | ExistingWBS00=WBH | ExistingWBS01=HO | ExistingDiscipline=ME
ELEMENT | 14928168 | Cat=Duct Fittings | AssetScore=45 | AssetTypeCode=MDUC | AssetType=Ductwork | AssetCategory=Ductwork | Targets=NWB_AssetTypeCode=MDUC; NWB_AssetType=Ductwork; NWB_Discipline=ME; NWB_Category=Ductwork; NWB_Department=; NWB_Material=; NWB_System=Exhaust Air; NWB_UniclassCode=Pr_65_65_25; NWB_UniclassDescription=Ductwork and fittings; NWB_DesignPkg=NWB-GEN-ME-SCM-1091-A; NWB_BuildingPermitPkg=WBH - BP09; NWB_WBS00=WBH; NWB_WBS01=HO; NWB_WBS02=09; NWB_WBS03=Z00; NWB_WBS04=ME; NWB_WBS05=SI5; NWB_WBSCode=WBH-HO-09-Z00-ME-SI5
INFO | Candidate: NWB_AssetTypeCode | Scope=instance | Storage=String | ReadOnly=False | Shared=True | Id=7626182
INFO | Candidate: NWB_AssetType | Scope=instance | Storage=String | ReadOnly=False | Shared=True | Id=7626181
INFO | Candidate: NWB_Discipline | Scope=instance | Storage=String | ReadOnly=False | Shared=True | Id=7626159
INFO | Candidate: NWB_Category | Scope=instance | Storage=String | ReadOnly=False | Shared=True | Id=7626160
INFO | Candidate: NWB_Department | Scope=instance | Storage=String | ReadOnly=False | Shared=True | Id=7626168
INFO | Writing INSTANCE parameter 'NWB_Department' on element 14928170
INFO | Element 14928170 | NWB_Department | Kind=Shared Parameter | Scope=instance | Storage=String | Old='' | New='HDU'
INFO | Candidate: NWB_System | Scope=instance | Storage=String | ReadOnly=False | Shared=True | Id=7626163
INFO | Candidate: NWB_UniclassCode | Scope=instance | Storage=String | ReadOnly=False | Shared=True | Id=7626165
INFO | Candidate: NWB_UniclassDescription | Scope=instance | Storage=String | ReadOnly=False | Shared=True | Id=7626166
INFO | Candidate: NWB_DesignPkg | Scope=instance | Storage=String | ReadOnly=False | Shared=True | Id=7626167
ERROR | Element 14928170 | Category=Duct Fittings | Family= | Parameter=NWB_BuildingPermitPkg | Reason=missing | Writable sample: AHU, AHU_AreaServed, AHU_Serves, AHU_Type, AHU_ZoneNumber, Building_No, COMPLETE Y/N, Classification.OmniClass.21.Description_INSTANCE, Classification.OmniClass.21.Number_INSTANCE, Classification.OmniClass.22.Description_INSTANCE, Classification.OmniClass.22.Number_INSTANCE, Classification.OmniClass.23.Description_INSTANCE, Classification.OmniClass.23.Number_INSTANCE, Classification.UniFormat.2010.Description, Classification.UniFormat.2010.Number, Comments, Description BOM Suffix, Duct Diameter, Ductwork Insulation - Lining, Elevation from Level
INFO | Candidate: NWB_WBS00 | Scope=instance | Storage=String | ReadOnly=False | Shared=True | Id=9214738
INFO | Candidate: NWB_WBS01 | Scope=instance | Storage=String | ReadOnly=False | Shared=True | Id=9214798
INFO | Candidate: NWB_WBS02 | Scope=instance | Storage=String | ReadOnly=False | Shared=True | Id=9214786
INFO | Candidate: NWB_WBS03 | Scope=instance | Storage=String | ReadOnly=False | Shared=True | Id=9214750
INFO | Writing INSTANCE parameter 'NWB_WBS03' on element 14928170
INFO | Element 14928170 | NWB_WBS03 | Kind=Shared Parameter | Scope=instance | Storage=String | Old='Z00' | New='HDU'
INFO | Candidate: NWB_WBS04 | Scope=instance | Storage=String | ReadOnly=False | Shared=True | Id=9214762
INFO | Candidate: NWB_WBS05 | Scope=instance | Storage=String | ReadOnly=False | Shared=True | Id=9214810
INFO | Candidate: NWB_WBSCode | Scope=instance | Storage=String | ReadOnly=False | Shared=True | Id=9214774
INFO | Writing INSTANCE parameter 'NWB_WBSCode' on element 14928170
INFO | Element 14928170 | NWB_WBSCode | Kind=Shared Parameter | Scope=instance | Storage=String | Old='WBH-HO-09-Z00-ME-SI5' | New='WBH-HO-09-HDU-ME-SI5'
SOURCE | Element 14928170 | Cat=Duct Fittings | Family=MHT_DF_Spigot | Type= | Level=LEVEL 09 | System=Exhaust Air | LinkedRoomLink=NWB-ARC-WBH-AR-MOD-0036 | LinkedRoomNumber=HDU.09.129 | LinkedRoomName=Toilet, Accessible, 6m2 | LinkedRoomDept=HDU | LinkedRoomBuilding= | LinkedRoomSite= | LinkedRoomSource=connected:14909226:Flex Ducts | ResolvedDept=HDU | ResolvedBuilding= | ResolvedSite= | DisciplineHint=mechanical | AssetCandidates=duct fittings, ductwork, damper, motorised damper | WBS00=WBH | WBS01=HO | WBS03=HDU | DesignPkg=NWB-GEN-ME-SCM-1091-A | BuildingPermitPkg=WBH - BP09
ELEMENT | 14928170 | Cat=Duct Fittings | AssetScore=45 | AssetTypeCode=MDUC | AssetType=Ductwork | AssetCategory=Ductwork | Targets=NWB_AssetTypeCode=MDUC; NWB_AssetType=Ductwork; NWB_Discipline=ME; NWB_Category=Ductwork; NWB_Department=HDU; NWB_Material=; NWB_System=Exhaust Air; NWB_UniclassCode=Pr_65_65_25; NWB_UniclassDescription=Ductwork and fittings; NWB_DesignPkg=NWB-GEN-ME-SCM-1091-A; NWB_BuildingPermitPkg=WBH - BP09; NWB_WBS00=WBH; NWB_WBS01=HO; NWB_WBS02=09; NWB_WBS03=HDU; NWB_WBS04=ME; NWB_WBS05=SI5; NWB_WBSCode=WBH-HO-09-HDU-ME-SI5
INFO | Candidate: NWB_AssetTypeCode | Scope=instance | Storage=String | ReadOnly=False | Shared=True | Id=7626182
INFO | Candidate: NWB_AssetType | Scope=instance | Storage=String | ReadOnly=False | Shared=True | Id=7626181
INFO | Candidate: NWB_Discipline | Scope=instance | Storage=String | ReadOnly=False | Shared=True | Id=7626159
INFO | Candidate: NWB_Category | Scope=instance | Storage=String | ReadOnly=False | Shared=True | Id=7626160
INFO | Candidate: NWB_System | Scope=instance | Storage=String | ReadOnly=False | Shared=True | Id=7626163
INFO | Candidate: NWB_UniclassCode | Scope=instance | Storage=String | ReadOnly=False | Shared=True | Id=7626165
INFO | Candidate: NWB_UniclassDescription | Scope=instance | Storage=String | ReadOnly=False | Shared=True | Id=7626166
INFO | Candidate: NWB_DesignPkg | Scope=instance | Storage=String | ReadOnly=False | Shared=True | Id=7626167
ERROR | Element 15258755 | Category=Duct Fittings | Family= | Parameter=NWB_BuildingPermitPkg | Reason=missing | Writable sample: AHU, AHU_AreaServed, AHU_Serves, AHU_Type, AHU_ZoneNumber, Building_No, COMPLETE Y/N, Classification.OmniClass.21.Description_INSTANCE, Classification.OmniClass.21.Number_INSTANCE, Classification.OmniClass.22.Description_INSTANCE, Classification.OmniClass.22.Number_INSTANCE, Classification.OmniClass.23.Description_INSTANCE, Classification.OmniClass.23.Number_INSTANCE, Classification.UniFormat.2010.Description, Classification.UniFormat.2010.Number, Comments, Description BOM Suffix, Duct Diameter, Ductwork Insulation - Lining, Elevation from Level
INFO | Candidate: NWB_WBS00 | Scope=instance | Storage=String | ReadOnly=False | Shared=True | Id=9214738
INFO | Candidate: NWB_WBS01 | Scope=instance | Storage=String | ReadOnly=False | Shared=True | Id=9214798
INFO | Candidate: NWB_WBS02 | Scope=instance | Storage=String | ReadOnly=False | Shared=True | Id=9214786
INFO | Candidate: NWB_WBS03 | Scope=instance | Storage=String | ReadOnly=False | Shared=True | Id=9214750
INFO | Candidate: NWB_WBS04 | Scope=instance | Storage=String | ReadOnly=False | Shared=True | Id=9214762
INFO | Candidate: NWB_WBS05 | Scope=instance | Storage=String | ReadOnly=False | Shared=True | Id=9214810
INFO | Candidate: NWB_WBSCode | Scope=instance | Storage=String | ReadOnly=False | Shared=True | Id=9214774
SOURCE | Element 15258755 | Cat=Duct Fittings | Family=MHT_DF_Spigot | Type= | Level=LEVEL 09 | System=Supply Air | LinkedRoomLink= | LinkedRoomNumber= | LinkedRoomName= | LinkedRoomDept= | LinkedRoomBuilding= | LinkedRoomSite= | LinkedRoomSource= | ResolvedDept= | ResolvedBuilding= | ResolvedSite= | DisciplineHint=mechanical | AssetCandidates=duct fittings, ductwork, damper, motorised damper | WBS00=WBH | WBS01=HO | WBS03=Z00 | DesignPkg=NWB-GEN-ME-SCM-1091-A | BuildingPermitPkg=WBH - BP09
WARN | Element 15258755 | Department unresolved | ExistingNWBDepartment= | ExistingWBS00=WBH | ExistingWBS01=HO | ExistingDiscipline=ME
ELEMENT | 15258755 | Cat=Duct Fittings | AssetScore=45 | AssetTypeCode=MDUC | AssetType=Ductwork | AssetCategory=Ductwork | Targets=NWB_AssetTypeCode=MDUC; NWB_AssetType=Ductwork; NWB_Discipline=ME; NWB_Category=Ductwork; NWB_Department=; NWB_Material=; NWB_System=Supply Air; NWB_UniclassCode=Pr_65_65_25; NWB_UniclassDescription=Ductwork and fittings; NWB_DesignPkg=NWB-GEN-ME-SCM-1091-A; NWB_BuildingPermitPkg=WBH - BP09; NWB_WBS00=WBH; NWB_WBS01=HO; NWB_WBS02=09; NWB_WBS03=Z00; NWB_WBS04=ME; NWB_WBS05=SI5; NWB_WBSCode=WBH-HO-09-Z00-ME-SI5
INFO | Candidate: NWB_AssetTypeCode | Scope=instance | Storage=String | ReadOnly=False | Shared=True | Id=7626182
INFO | Candidate: NWB_AssetType | Scope=instance | Storage=String | ReadOnly=False | Shared=True | Id=7626181
INFO | Candidate: NWB_Discipline | Scope=instance | Storage=String | ReadOnly=False | Shared=True | Id=7626159
INFO | Candidate: NWB_Category | Scope=instance | Storage=String | ReadOnly=False | Shared=True | Id=7626160
INFO | Candidate: NWB_Material | Scope=instance | Storage=String | ReadOnly=False | Shared=True | Id=7626176
INFO | Candidate: NWB_System | Scope=instance | Storage=String | ReadOnly=False | Shared=True | Id=7626163
INFO | Candidate: NWB_UniclassCode | Scope=instance | Storage=String | ReadOnly=False | Shared=True | Id=7626165
INFO | Candidate: NWB_UniclassDescription | Scope=instance | Storage=String | ReadOnly=False | Shared=True | Id=7626166
INFO | Candidate: NWB_DesignPkg | Scope=instance | Storage=String | ReadOnly=False | Shared=True | Id=7626167
ERROR | Element 15336571 | Category=Duct Fittings | Family= | Parameter=NWB_BuildingPermitPkg | Reason=missing | Writable sample: AHU, AHU_AreaServed, AHU_Serves, AHU_Type, AHU_ZoneNumber, Building_No, COMPLETE Y/N, Classification.OmniClass.21.Description_INSTANCE, Classification.OmniClass.21.Number_INSTANCE, Classification.OmniClass.22.Description_INSTANCE, Classification.OmniClass.22.Number_INSTANCE, Classification.OmniClass.23.Description_INSTANCE, Classification.OmniClass.23.Number_INSTANCE, Classification.UniFormat.2010.Description, Classification.UniFormat.2010.Number, Comments, Description BOM Suffix, Duct Height1, Duct Length 1, Duct Width1
INFO | Candidate: NWB_WBS00 | Scope=instance | Storage=String | ReadOnly=False | Shared=True | Id=9214738
INFO | Candidate: NWB_WBS01 | Scope=instance | Storage=String | ReadOnly=False | Shared=True | Id=9214798
INFO | Candidate: NWB_WBS02 | Scope=instance | Storage=String | ReadOnly=False | Shared=True | Id=9214786
INFO | Candidate: NWB_WBS03 | Scope=instance | Storage=String | ReadOnly=False | Shared=True | Id=9214750
INFO | Candidate: NWB_WBS04 | Scope=instance | Storage=String | ReadOnly=False | Shared=True | Id=9214762
INFO | Candidate: NWB_WBS05 | Scope=instance | Storage=String | ReadOnly=False | Shared=True | Id=9214810
INFO | Candidate: NWB_WBSCode | Scope=instance | Storage=String | ReadOnly=False | Shared=True | Id=9214774
SOURCE | Element 15336571 | Cat=Duct Fittings | Family=MHT-ME-DF-Square Cap-BMA | Type= | Level=LEVEL 09 | System=Exhaust Air | LinkedRoomLink= | LinkedRoomNumber= | LinkedRoomName= | LinkedRoomDept= | LinkedRoomBuilding= | LinkedRoomSite= | LinkedRoomSource= | ResolvedDept= | ResolvedBuilding= | ResolvedSite= | DisciplineHint=mechanical | AssetCandidates=duct fittings, ductwork | WBS00=WBH | WBS01=HO | WBS03=Z00 | DesignPkg=NWB-GEN-ME-SCM-1091-A | BuildingPermitPkg=WBH - BP09
WARN | Element 15336571 | Department unresolved | ExistingNWBDepartment= | ExistingWBS00=WBH | ExistingWBS01=HO | ExistingDiscipline=ME
ELEMENT | 15336571 | Cat=Duct Fittings | AssetScore=45 | AssetTypeCode=MDUC | AssetType=Ductwork | AssetCategory=Ductwork | Targets=NWB_AssetTypeCode=MDUC; NWB_AssetType=Ductwork; NWB_Discipline=ME; NWB_Category=Ductwork; NWB_Department=; NWB_Material=9479096; NWB_System=Exhaust Air; NWB_UniclassCode=Pr_65_65_25; NWB_UniclassDescription=Ductwork and fittings; NWB_DesignPkg=NWB-GEN-ME-SCM-1091-A; NWB_BuildingPermitPkg=WBH - BP09; NWB_WBS00=WBH; NWB_WBS01=HO; NWB_WBS02=09; NWB_WBS03=Z00; NWB_WBS04=ME; NWB_WBS05=SI5; NWB_WBSCode=WBH-HO-09-Z00-ME-SI5
INFO | Candidate: NWB_AssetTypeCode | Scope=instance | Storage=String | ReadOnly=False | Shared=True | Id=7626182
INFO | Candidate: NWB_AssetType | Scope=instance | Storage=String | ReadOnly=False | Shared=True | Id=7626181
INFO | Candidate: NWB_Discipline | Scope=instance | Storage=String | ReadOnly=False | Shared=True | Id=7626159
INFO | Candidate: NWB_Category | Scope=instance | Storage=String | ReadOnly=False | Shared=True | Id=7626160
INFO | Candidate: NWB_Department | Scope=instance | Storage=String | ReadOnly=False | Shared=True | Id=7626168
INFO | Candidate: NWB_System | Scope=instance | Storage=String | ReadOnly=False | Shared=True | Id=7626163
INFO | Candidate: NWB_UniclassCode | Scope=instance | Storage=String | ReadOnly=False | Shared=True | Id=7626165
INFO | Candidate: NWB_UniclassDescription | Scope=instance | Storage=String | ReadOnly=False | Shared=True | Id=7626166
INFO | Candidate: NWB_DesignPkg | Scope=instance | Storage=String | ReadOnly=False | Shared=True | Id=7626167
ERROR | Element 15618819 | Category=Air Terminals | Family= | Parameter=NWB_BuildingPermitPkg | Reason=missing | Writable sample: AHU_AreaServed, AHU_Serves, AHU_Type, AHU_ZoneNumber, AQ, Building_No, COMPLETE Y/N, Classification.UniFormat.2010.Description, Classification.UniFormat.2010.Number, Comments, Export to IFC, Export to IFC As, Family, Family and Type, Flow, IFC Predefined Type, IfcGUID, Image, Legend Description, Location
INFO | Candidate: NWB_WBS00 | Scope=instance | Storage=String | ReadOnly=True | Shared=True | Id=9214738
ERROR | Element 15618819 | Category=Air Terminals | Family= | Parameter=NWB_WBS00 | Reason=readonly | Writable sample: AHU_AreaServed, AHU_Serves, AHU_Type, AHU_ZoneNumber, AQ, Building_No, COMPLETE Y/N, Classification.UniFormat.2010.Description, Classification.UniFormat.2010.Number, Comments, Export to IFC, Export to IFC As, Family, Family and Type, Flow, IFC Predefined Type, IfcGUID, Image, Legend Description, Location
INFO | Candidate: NWB_WBS01 | Scope=instance | Storage=String | ReadOnly=True | Shared=True | Id=9214798
ERROR | Element 15618819 | Category=Air Terminals | Family= | Parameter=NWB_WBS01 | Reason=readonly | Writable sample: AHU_AreaServed, AHU_Serves, AHU_Type, AHU_ZoneNumber, AQ, Building_No, COMPLETE Y/N, Classification.UniFormat.2010.Description, Classification.UniFormat.2010.Number, Comments, Export to IFC, Export to IFC As, Family, Family and Type, Flow, IFC Predefined Type, IfcGUID, Image, Legend Description, Location
INFO | Candidate: NWB_WBS02 | Scope=instance | Storage=String | ReadOnly=False | Shared=True | Id=9214786
INFO | Candidate: NWB_WBS03 | Scope=instance | Storage=String | ReadOnly=False | Shared=True | Id=9214750
INFO | Candidate: NWB_WBS04 | Scope=instance | Storage=String | ReadOnly=True | Shared=True | Id=9214762
ERROR | Element 15618819 | Category=Air Terminals | Family= | Parameter=NWB_WBS04 | Reason=readonly | Writable sample: AHU_AreaServed, AHU_Serves, AHU_Type, AHU_ZoneNumber, AQ, Building_No, COMPLETE Y/N, Classification.UniFormat.2010.Description, Classification.UniFormat.2010.Number, Comments, Export to IFC, Export to IFC As, Family, Family and Type, Flow, IFC Predefined Type, IfcGUID, Image, Legend Description, Location
INFO | Candidate: NWB_WBS05 | Scope=instance | Storage=String | ReadOnly=True | Shared=True | Id=9214810
ERROR | Element 15618819 | Category=Air Terminals | Family= | Parameter=NWB_WBS05 | Reason=readonly | Writable sample: AHU_AreaServed, AHU_Serves, AHU_Type, AHU_ZoneNumber, AQ, Building_No, COMPLETE Y/N, Classification.UniFormat.2010.Description, Classification.UniFormat.2010.Number, Comments, Export to IFC, Export to IFC As, Family, Family and Type, Flow, IFC Predefined Type, IfcGUID, Image, Legend Description, Location
INFO | Candidate: NWB_WBSCode | Scope=instance | Storage=String | ReadOnly=False | Shared=True | Id=9214774
SOURCE | Element 15618819 | Cat=Air Terminals | Family=MHT-ME-AT - Supply Air Grille | Type= | Level= | System=Supply Air | LinkedRoomLink=NWB-ACD-WBH-MH-MOD-0001 | LinkedRoomNumber=HDU.09.073 | LinkedRoomName=1 Bed Room, Intensive Care | LinkedRoomDept=High Dependency Unit | LinkedRoomBuilding= | LinkedRoomSite= | LinkedRoomSource=self | ResolvedDept=High Dependency Unit | ResolvedBuilding= | ResolvedSite= | DisciplineHint=mechanical | AssetCandidates=air terminals, air terminal | WBS00=WBH | WBS01=HO | WBS03=HDU | DesignPkg=NWB-GEN-ME-SCM-1091-A | BuildingPermitPkg=WBH - BP09
ELEMENT | 15618819 | Cat=Air Terminals | AssetScore=45 | AssetTypeCode=MSAG | AssetType=Supply Air Grille | AssetCategory=Air Terminal | Targets=NWB_AssetTypeCode=MSAG; NWB_AssetType=Supply Air Grille; NWB_Discipline=ME; NWB_Category=Air Terminal; NWB_Department=High Dependency Unit; NWB_Material=; NWB_System=Supply Air; NWB_UniclassCode=Pr_70_65_04_03; NWB_UniclassDescription=Air grilles; NWB_DesignPkg=NWB-GEN-ME-SCM-1091-A; NWB_BuildingPermitPkg=WBH - BP09; NWB_WBS00=WBH; NWB_WBS01=HO; NWB_WBS02=09; NWB_WBS03=HDU; NWB_WBS04=ME; NWB_WBS05=SI5; NWB_WBSCode=WBH-HO-09-HDU-ME-SI5
INFO | Candidate: NWB_AssetTypeCode | Scope=instance | Storage=String | ReadOnly=False | Shared=True | Id=7626182
INFO | Candidate: NWB_AssetType | Scope=instance | Storage=String | ReadOnly=False | Shared=True | Id=7626181
INFO | Candidate: NWB_Discipline | Scope=instance | Storage=String | ReadOnly=False | Shared=True | Id=7626159
INFO | Candidate: NWB_Category | Scope=instance | Storage=String | ReadOnly=False | Shared=True | Id=7626160
INFO | Candidate: NWB_Department | Scope=instance | Storage=String | ReadOnly=False | Shared=True | Id=7626168
INFO | Candidate: NWB_System | Scope=instance | Storage=String | ReadOnly=False | Shared=True | Id=7626163
INFO | Candidate: NWB_UniclassCode | Scope=instance | Storage=String | ReadOnly=False | Shared=True | Id=7626165
INFO | Candidate: NWB_UniclassDescription | Scope=instance | Storage=String | ReadOnly=False | Shared=True | Id=7626166
INFO | Candidate: NWB_DesignPkg | Scope=instance | Storage=String | ReadOnly=False | Shared=True | Id=7626167
ERROR | Element 15618820 | Category=Air Terminals | Family= | Parameter=NWB_BuildingPermitPkg | Reason=missing | Writable sample: AHU_AreaServed, AHU_Serves, AHU_Type, AHU_ZoneNumber, AQ, Building_No, COMPLETE Y/N, Classification.UniFormat.2010.Description, Classification.UniFormat.2010.Number, Comments, Export to IFC, Export to IFC As, Family, Family and Type, Flow, IFC Predefined Type, IfcGUID, Image, Legend Description, Location
INFO | Candidate: NWB_WBS00 | Scope=instance | Storage=String | ReadOnly=True | Shared=True | Id=9214738
ERROR | Element 15618820 | Category=Air Terminals | Family= | Parameter=NWB_WBS00 | Reason=readonly | Writable sample: AHU_AreaServed, AHU_Serves, AHU_Type, AHU_ZoneNumber, AQ, Building_No, COMPLETE Y/N, Classification.UniFormat.2010.Description, Classification.UniFormat.2010.Number, Comments, Export to IFC, Export to IFC As, Family, Family and Type, Flow, IFC Predefined Type, IfcGUID, Image, Legend Description, Location
INFO | Candidate: NWB_WBS01 | Scope=instance | Storage=String | ReadOnly=True | Shared=True | Id=9214798
ERROR | Element 15618820 | Category=Air Terminals | Family= | Parameter=NWB_WBS01 | Reason=readonly | Writable sample: AHU_AreaServed, AHU_Serves, AHU_Type, AHU_ZoneNumber, AQ, Building_No, COMPLETE Y/N, Classification.UniFormat.2010.Description, Classification.UniFormat.2010.Number, Comments, Export to IFC, Export to IFC As, Family, Family and Type, Flow, IFC Predefined Type, IfcGUID, Image, Legend Description, Location
INFO | Candidate: NWB_WBS02 | Scope=instance | Storage=String | ReadOnly=False | Shared=True | Id=9214786
INFO | Candidate: NWB_WBS03 | Scope=instance | Storage=String | ReadOnly=False | Shared=True | Id=9214750
INFO | Candidate: NWB_WBS04 | Scope=instance | Storage=String | ReadOnly=True | Shared=True | Id=9214762
ERROR | Element 15618820 | Category=Air Terminals | Family= | Parameter=NWB_WBS04 | Reason=readonly | Writable sample: AHU_AreaServed, AHU_Serves, AHU_Type, AHU_ZoneNumber, AQ, Building_No, COMPLETE Y/N, Classification.UniFormat.2010.Description, Classification.UniFormat.2010.Number, Comments, Export to IFC, Export to IFC As, Family, Family and Type, Flow, IFC Predefined Type, IfcGUID, Image, Legend Description, Location
INFO | Candidate: NWB_WBS05 | Scope=instance | Storage=String | ReadOnly=True | Shared=True | Id=9214810
ERROR | Element 15618820 | Category=Air Terminals | Family= | Parameter=NWB_WBS05 | Reason=readonly | Writable sample: AHU_AreaServed, AHU_Serves, AHU_Type, AHU_ZoneNumber, AQ, Building_No, COMPLETE Y/N, Classification.UniFormat.2010.Description, Classification.UniFormat.2010.Number, Comments, Export to IFC, Export to IFC As, Family, Family and Type, Flow, IFC Predefined Type, IfcGUID, Image, Legend Description, Location
INFO | Candidate: NWB_WBSCode | Scope=instance | Storage=String | ReadOnly=False | Shared=True | Id=9214774
SOURCE | Element 15618820 | Cat=Air Terminals | Family=MHT-ME-AT - Supply Air Grille | Type= | Level= | System=Supply Air | LinkedRoomLink=NWB-ACD-WBH-MH-MOD-0001 | LinkedRoomNumber=HDU.09.073 | LinkedRoomName=1 Bed Room, Intensive Care | LinkedRoomDept=High Dependency Unit | LinkedRoomBuilding= | LinkedRoomSite= | LinkedRoomSource=self | ResolvedDept=High Dependency Unit | ResolvedBuilding= | ResolvedSite= | DisciplineHint=mechanical | AssetCandidates=air terminals, air terminal | WBS00=WBH | WBS01=HO | WBS03=HDU | DesignPkg=NWB-GEN-ME-SCM-1091-A | BuildingPermitPkg=WBH - BP09
ELEMENT | 15618820 | Cat=Air Terminals | AssetScore=45 | AssetTypeCode=MSAG | AssetType=Supply Air Grille | AssetCategory=Air Terminal | Targets=NWB_AssetTypeCode=MSAG; NWB_AssetType=Supply Air Grille; NWB_Discipline=ME; NWB_Category=Air Terminal; NWB_Department=High Dependency Unit; NWB_Material=; NWB_System=Supply Air; NWB_UniclassCode=Pr_70_65_04_03; NWB_UniclassDescription=Air grilles; NWB_DesignPkg=NWB-GEN-ME-SCM-1091-A; NWB_BuildingPermitPkg=WBH - BP09; NWB_WBS00=WBH; NWB_WBS01=HO; NWB_WBS02=09; NWB_WBS03=HDU; NWB_WBS04=ME; NWB_WBS05=SI5; NWB_WBSCode=WBH-HO-09-HDU-ME-SI5
INFO | Candidate: NWB_AssetTypeCode | Scope=instance | Storage=String | ReadOnly=False | Shared=True | Id=7626182
INFO | Candidate: NWB_AssetType | Scope=instance | Storage=String | ReadOnly=False | Shared=True | Id=7626181
INFO | Candidate: NWB_Discipline | Scope=instance | Storage=String | ReadOnly=False | Shared=True | Id=7626159
INFO | Candidate: NWB_Category | Scope=instance | Storage=String | ReadOnly=False | Shared=True | Id=7626160
INFO | Candidate: NWB_Department | Scope=instance | Storage=String | ReadOnly=False | Shared=True | Id=7626168
INFO | Candidate: NWB_System | Scope=instance | Storage=String | ReadOnly=False | Shared=True | Id=7626163
INFO | Candidate: NWB_UniclassCode | Scope=instance | Storage=String | ReadOnly=False | Shared=True | Id=7626165
INFO | Candidate: NWB_UniclassDescription | Scope=instance | Storage=String | ReadOnly=False | Shared=True | Id=7626166
INFO | Candidate: NWB_DesignPkg | Scope=instance | Storage=String | ReadOnly=False | Shared=True | Id=7626167
ERROR | Element 15618874 | Category=Duct Fittings | Family= | Parameter=NWB_BuildingPermitPkg | Reason=missing | Writable sample: AHU, AHU_AreaServed, AHU_Serves, AHU_Type, AHU_ZoneNumber, Building_No, COMPLETE Y/N, Classification.OmniClass.21.Description_INSTANCE, Classification.OmniClass.21.Number_INSTANCE, Classification.OmniClass.22.Description_INSTANCE, Classification.OmniClass.22.Number_INSTANCE, Classification.OmniClass.23.Description_INSTANCE, Classification.OmniClass.23.Number_INSTANCE, Classification.UniFormat.2010.Description, Classification.UniFormat.2010.Number, Comments, Description BOM Suffix, Duct Height, Duct Width, Ductwork Insulation - Lining
INFO | Candidate: NWB_WBS00 | Scope=instance | Storage=String | ReadOnly=False | Shared=True | Id=9214738
INFO | Candidate: NWB_WBS01 | Scope=instance | Storage=String | ReadOnly=False | Shared=True | Id=9214798
INFO | Candidate: NWB_WBS02 | Scope=instance | Storage=String | ReadOnly=False | Shared=True | Id=9214786
INFO | Candidate: NWB_WBS03 | Scope=instance | Storage=String | ReadOnly=False | Shared=True | Id=9214750
INFO | Candidate: NWB_WBS04 | Scope=instance | Storage=String | ReadOnly=False | Shared=True | Id=9214762
INFO | Candidate: NWB_WBS05 | Scope=instance | Storage=String | ReadOnly=False | Shared=True | Id=9214810
INFO | Candidate: NWB_WBSCode | Scope=instance | Storage=String | ReadOnly=False | Shared=True | Id=9214774
SOURCE | Element 15618874 | Cat=Duct Fittings | Family=MHT_Rectangular Elbow - Mitered - Single Thickness Vanes | Type= | Level=LEVEL 09 | System=Supply Air | LinkedRoomLink=NWB-ACD-WBH-MH-MOD-0001 | LinkedRoomNumber=HDU.09.073 | LinkedRoomName=1 Bed Room, Intensive Care | LinkedRoomDept=High Dependency Unit | LinkedRoomBuilding= | LinkedRoomSite= | LinkedRoomSource=connected:13363772:Ducts | ResolvedDept=High Dependency Unit | ResolvedBuilding= | ResolvedSite= | DisciplineHint=mechanical | AssetCandidates=duct fittings, ductwork | WBS00=WBH | WBS01=HO | WBS03=HDU | DesignPkg=NWB-GEN-ME-SCM-1091-A | BuildingPermitPkg=WBH - BP09
ELEMENT | 15618874 | Cat=Duct Fittings | AssetScore=45 | AssetTypeCode=MDUC | AssetType=Ductwork | AssetCategory=Ductwork | Targets=NWB_AssetTypeCode=MDUC; NWB_AssetType=Ductwork; NWB_Discipline=ME; NWB_Category=Ductwork; NWB_Department=High Dependency Unit; NWB_Material=; NWB_System=Supply Air; NWB_UniclassCode=Pr_65_65_25; NWB_UniclassDescription=Ductwork and fittings; NWB_DesignPkg=NWB-GEN-ME-SCM-1091-A; NWB_BuildingPermitPkg=WBH - BP09; NWB_WBS00=WBH; NWB_WBS01=HO; NWB_WBS02=09; NWB_WBS03=HDU; NWB_WBS04=ME; NWB_WBS05=SI5; NWB_WBSCode=WBH-HO-09-HDU-ME-SI5
INFO | Candidate: NWB_AssetTypeCode | Scope=instance | Storage=String | ReadOnly=False | Shared=True | Id=7626182
INFO | Candidate: NWB_AssetType | Scope=instance | Storage=String | ReadOnly=False | Shared=True | Id=7626181
INFO | Candidate: NWB_Discipline | Scope=instance | Storage=String | ReadOnly=False | Shared=True | Id=7626159
INFO | Candidate: NWB_Category | Scope=instance | Storage=String | ReadOnly=False | Shared=True | Id=7626160
INFO | Candidate: NWB_System | Scope=instance | Storage=String | ReadOnly=False | Shared=True | Id=7626163
INFO | Candidate: NWB_UniclassCode | Scope=instance | Storage=String | ReadOnly=False | Shared=True | Id=7626165
INFO | Candidate: NWB_UniclassDescription | Scope=instance | Storage=String | ReadOnly=False | Shared=True | Id=7626166
INFO | Candidate: NWB_DesignPkg | Scope=instance | Storage=String | ReadOnly=False | Shared=True | Id=7626167
ERROR | Element 15618951 | Category=Duct Fittings | Family= | Parameter=NWB_BuildingPermitPkg | Reason=missing | Writable sample: AHU, AHU_AreaServed, AHU_Serves, AHU_Type, AHU_ZoneNumber, Building_No, COMPLETE Y/N, Classification.OmniClass.21.Description_INSTANCE, Classification.OmniClass.21.Number_INSTANCE, Classification.OmniClass.22.Description_INSTANCE, Classification.OmniClass.22.Number_INSTANCE, Classification.OmniClass.23.Description_INSTANCE, Classification.OmniClass.23.Number_INSTANCE, Classification.UniFormat.2010.Description, Classification.UniFormat.2010.Number, Comments, Description BOM Suffix, Duct Diameter, Ductwork Insulation - Lining, Elevation from Level
INFO | Candidate: NWB_WBS00 | Scope=instance | Storage=String | ReadOnly=False | Shared=True | Id=9214738
INFO | Candidate: NWB_WBS01 | Scope=instance | Storage=String | ReadOnly=False | Shared=True | Id=9214798
INFO | Candidate: NWB_WBS02 | Scope=instance | Storage=String | ReadOnly=False | Shared=True | Id=9214786
INFO | Candidate: NWB_WBS03 | Scope=instance | Storage=String | ReadOnly=False | Shared=True | Id=9214750
INFO | Candidate: NWB_WBS04 | Scope=instance | Storage=String | ReadOnly=False | Shared=True | Id=9214762
INFO | Candidate: NWB_WBS05 | Scope=instance | Storage=String | ReadOnly=False | Shared=True | Id=9214810
INFO | Candidate: NWB_WBSCode | Scope=instance | Storage=String | ReadOnly=False | Shared=True | Id=9214774
SOURCE | Element 15618951 | Cat=Duct Fittings | Family=MHT_DF_Spigot | Type= | Level=LEVEL 09 | System=Exhaust Air | LinkedRoomLink= | LinkedRoomNumber= | LinkedRoomName= | LinkedRoomDept= | LinkedRoomBuilding= | LinkedRoomSite= | LinkedRoomSource= | ResolvedDept= | ResolvedBuilding= | ResolvedSite= | DisciplineHint=mechanical | AssetCandidates=duct fittings, ductwork, damper, motorised damper | WBS00=WBH | WBS01=HO | WBS03=Z00 | DesignPkg=NWB-GEN-ME-SCM-1091-A | BuildingPermitPkg=WBH - BP09
WARN | Element 15618951 | Department unresolved | ExistingNWBDepartment= | ExistingWBS00=WBH | ExistingWBS01=HO | ExistingDiscipline=ME
ELEMENT | 15618951 | Cat=Duct Fittings | AssetScore=45 | AssetTypeCode=MDUC | AssetType=Ductwork | AssetCategory=Ductwork | Targets=NWB_AssetTypeCode=MDUC; NWB_AssetType=Ductwork; NWB_Discipline=ME; NWB_Category=Ductwork; NWB_Department=; NWB_Material=; NWB_System=Exhaust Air; NWB_UniclassCode=Pr_65_65_25; NWB_UniclassDescription=Ductwork and fittings; NWB_DesignPkg=NWB-GEN-ME-SCM-1091-A; NWB_BuildingPermitPkg=WBH - BP09; NWB_WBS00=WBH; NWB_WBS01=HO; NWB_WBS02=09; NWB_WBS03=Z00; NWB_WBS04=ME; NWB_WBS05=SI5; NWB_WBSCode=WBH-HO-09-Z00-ME-SI5
INFO | Candidate: NWB_AssetTypeCode | Scope=instance | Storage=String | ReadOnly=False | Shared=True | Id=7626182
INFO | Candidate: NWB_AssetType | Scope=instance | Storage=String | ReadOnly=False | Shared=True | Id=7626181
INFO | Candidate: NWB_Discipline | Scope=instance | Storage=String | ReadOnly=False | Shared=True | Id=7626159
INFO | Candidate: NWB_Category | Scope=instance | Storage=String | ReadOnly=False | Shared=True | Id=7626160
INFO | Candidate: NWB_Department | Scope=instance | Storage=String | ReadOnly=False | Shared=True | Id=7626168
INFO | Writing INSTANCE parameter 'NWB_Department' on element 15619029
INFO | Element 15619029 | NWB_Department | Kind=Shared Parameter | Scope=instance | Storage=String | Old='' | New='High Dependency Unit'
INFO | Candidate: NWB_System | Scope=instance | Storage=String | ReadOnly=False | Shared=True | Id=7626163
INFO | Candidate: NWB_UniclassCode | Scope=instance | Storage=String | ReadOnly=False | Shared=True | Id=7626165
INFO | Candidate: NWB_UniclassDescription | Scope=instance | Storage=String | ReadOnly=False | Shared=True | Id=7626166
INFO | Candidate: NWB_DesignPkg | Scope=instance | Storage=String | ReadOnly=False | Shared=True | Id=7626167
ERROR | Element 15619029 | Category=Flex Ducts | Family= | Parameter=NWB_BuildingPermitPkg | Reason=missing | Writable sample: AHU_AreaServed, AHU_Serves, AHU_Type, AHU_ZoneNumber, Additional Flow, Building_No, COMPLETE Y/N, Classification.UniFormat.2010.Description, Classification.UniFormat.2010.Number, Comments, Diameter, Export to IFC, Export to IFC As, Family, Family and Type, Flex Pattern, IFC Predefined Type, IfcGUID, Image, Legend Description
INFO | Candidate: NWB_WBS00 | Scope=instance | Storage=String | ReadOnly=False | Shared=True | Id=9214738
INFO | Candidate: NWB_WBS01 | Scope=instance | Storage=String | ReadOnly=False | Shared=True | Id=9214798
INFO | Candidate: NWB_WBS02 | Scope=instance | Storage=String | ReadOnly=False | Shared=True | Id=9214786
INFO | Candidate: NWB_WBS03 | Scope=instance | Storage=String | ReadOnly=False | Shared=True | Id=9214750
INFO | Writing INSTANCE parameter 'NWB_WBS03' on element 15619029
INFO | Element 15619029 | NWB_WBS03 | Kind=Shared Parameter | Scope=instance | Storage=String | Old='Z00' | New='HDU'
INFO | Candidate: NWB_WBS04 | Scope=instance | Storage=String | ReadOnly=False | Shared=True | Id=9214762
INFO | Candidate: NWB_WBS05 | Scope=instance | Storage=String | ReadOnly=False | Shared=True | Id=9214810
INFO | Candidate: NWB_WBSCode | Scope=instance | Storage=String | ReadOnly=False | Shared=True | Id=9214774
INFO | Writing INSTANCE parameter 'NWB_WBSCode' on element 15619029
INFO | Element 15619029 | NWB_WBSCode | Kind=Shared Parameter | Scope=instance | Storage=String | Old='WBH-HO-09-Z00-ME-SI5' | New='WBH-HO-09-HDU-ME-SI5'
SOURCE | Element 15619029 | Cat=Flex Ducts | Family=Flex Duct Round | Type= | Level=LEVEL 09 | System=Exhaust Air | LinkedRoomLink=NWB-ACD-WBH-MH-MOD-0001 | LinkedRoomNumber=HDU.09.104 | LinkedRoomName=Store - General | LinkedRoomDept=High Dependency Unit | LinkedRoomBuilding= | LinkedRoomSite= | LinkedRoomSource=connected:14704299:Air Terminals | ResolvedDept=High Dependency Unit | ResolvedBuilding= | ResolvedSite= | DisciplineHint=mechanical | AssetCandidates=flex ducts, ductwork | WBS00=WBH | WBS01=HO | WBS03=HDU | DesignPkg=NWB-GEN-ME-SCM-1091-A | BuildingPermitPkg=WBH - BP09
ELEMENT | 15619029 | Cat=Flex Ducts | AssetScore=45 | AssetTypeCode=MDUC | AssetType=Ductwork | AssetCategory=Ductwork | Targets=NWB_AssetTypeCode=MDUC; NWB_AssetType=Ductwork; NWB_Discipline=ME; NWB_Category=Ductwork; NWB_Department=High Dependency Unit; NWB_Material=; NWB_System=Exhaust Air; NWB_UniclassCode=Pr_65_65_25; NWB_UniclassDescription=Ductwork and fittings; NWB_DesignPkg=NWB-GEN-ME-SCM-1091-A; NWB_BuildingPermitPkg=WBH - BP09; NWB_WBS00=WBH; NWB_WBS01=HO; NWB_WBS02=09; NWB_WBS03=HDU; NWB_WBS04=ME; NWB_WBS05=SI5; NWB_WBSCode=WBH-HO-09-HDU-ME-SI5
INFO | Candidate: NWB_AssetTypeCode | Scope=instance | Storage=String | ReadOnly=False | Shared=True | Id=7626182
INFO | Candidate: NWB_AssetType | Scope=instance | Storage=String | ReadOnly=False | Shared=True | Id=7626181
INFO | Candidate: NWB_Discipline | Scope=instance | Storage=String | ReadOnly=False | Shared=True | Id=7626159
INFO | Candidate: NWB_Category | Scope=instance | Storage=String | ReadOnly=False | Shared=True | Id=7626160
INFO | Candidate: NWB_Department | Scope=instance | Storage=String | ReadOnly=False | Shared=True | Id=7626168
INFO | Candidate: NWB_System | Scope=instance | Storage=String | ReadOnly=False | Shared=True | Id=7626163
INFO | Candidate: NWB_UniclassCode | Scope=instance | Storage=String | ReadOnly=False | Shared=True | Id=7626165
INFO | Candidate: NWB_UniclassDescription | Scope=instance | Storage=String | ReadOnly=False | Shared=True | Id=7626166
INFO | Candidate: NWB_DesignPkg | Scope=instance | Storage=String | ReadOnly=False | Shared=True | Id=7626167
ERROR | Element 15619191 | Category=Ducts | Family= | Parameter=NWB_BuildingPermitPkg | Reason=missing | Writable sample: AHU, AHU_AreaServed, AHU_Serves, AHU_Type, AHU_ZoneNumber, Additional Flow, Building_No, COMPLETE Y/N, Classification.OmniClass.21.Description_INSTANCE, Classification.OmniClass.21.Number_INSTANCE, Classification.OmniClass.22.Description_INSTANCE, Classification.OmniClass.22.Number_INSTANCE, Classification.OmniClass.23.Description_INSTANCE, Classification.OmniClass.23.Number_INSTANCE, Classification.UniFormat.2010.Description, Classification.UniFormat.2010.Number, Comments, DUCT NUMBER, Description BOM Suffix, Duct Number
INFO | Candidate: NWB_WBS00 | Scope=instance | Storage=String | ReadOnly=False | Shared=True | Id=9214738
INFO | Candidate: NWB_WBS01 | Scope=instance | Storage=String | ReadOnly=False | Shared=True | Id=9214798
INFO | Candidate: NWB_WBS02 | Scope=instance | Storage=String | ReadOnly=False | Shared=True | Id=9214786
INFO | Candidate: NWB_WBS03 | Scope=instance | Storage=String | ReadOnly=False | Shared=True | Id=9214750
INFO | Candidate: NWB_WBS04 | Scope=instance | Storage=String | ReadOnly=False | Shared=True | Id=9214762
INFO | Candidate: NWB_WBS05 | Scope=instance | Storage=String | ReadOnly=False | Shared=True | Id=9214810
INFO | Candidate: NWB_WBSCode | Scope=instance | Storage=String | ReadOnly=False | Shared=True | Id=9214774
SOURCE | Element 15619191 | Cat=Ducts | Family=Rectangular Duct | Type= | Level=LEVEL 09 | System=Supply Air | LinkedRoomLink= | LinkedRoomNumber= | LinkedRoomName= | LinkedRoomDept= | LinkedRoomBuilding= | LinkedRoomSite= | LinkedRoomSource= | ResolvedDept=HDU | ResolvedBuilding= | ResolvedSite= | DisciplineHint=mechanical | AssetCandidates=ducts, ductwork | WBS00=WBH | WBS01=HO | WBS03=HDU | DesignPkg=NWB-GEN-ME-SCM-1091-A | BuildingPermitPkg=WBH - BP09
ELEMENT | 15619191 | Cat=Ducts | AssetScore=45 | AssetTypeCode=MDUC | AssetType=Ductwork | AssetCategory=Ductwork | Targets=NWB_AssetTypeCode=MDUC; NWB_AssetType=Ductwork; NWB_Discipline=ME; NWB_Category=Ductwork; NWB_Department=HDU; NWB_Material=; NWB_System=Supply Air; NWB_UniclassCode=Pr_65_65_25; NWB_UniclassDescription=Ductwork and fittings; NWB_DesignPkg=NWB-GEN-ME-SCM-1091-A; NWB_BuildingPermitPkg=WBH - BP09; NWB_WBS00=WBH; NWB_WBS01=HO; NWB_WBS02=09; NWB_WBS03=HDU; NWB_WBS04=ME; NWB_WBS05=SI5; NWB_WBSCode=WBH-HO-09-HDU-ME-SI5
INFO | Candidate: NWB_AssetTypeCode | Scope=instance | Storage=String | ReadOnly=False | Shared=True | Id=3045149
INFO | Candidate: NWB_AssetTypeCode | Scope=instance | Storage=String | ReadOnly=False | Shared=True | Id=7626182
INFO | Found 2 parameters named NWB_AssetTypeCode
INFO | SELECTED | Shared Parameter | Scope=instance | ReadOnly=False | Id=3045149
INFO | SELECTED | Shared Parameter | Scope=instance | ReadOnly=False | Id=7626182
INFO | Candidate: NWB_AssetType | Scope=instance | Storage=String | ReadOnly=False | Shared=True | Id=3045150
INFO | Candidate: NWB_AssetType | Scope=instance | Storage=String | ReadOnly=False | Shared=True | Id=7626181
INFO | Found 2 parameters named NWB_AssetType
INFO | SELECTED | Shared Parameter | Scope=instance | ReadOnly=False | Id=3045150
INFO | SELECTED | Shared Parameter | Scope=instance | ReadOnly=False | Id=7626181
INFO | Candidate: NWB_Discipline | Scope=instance | Storage=String | ReadOnly=False | Shared=True | Id=3045151
INFO | Candidate: NWB_Discipline | Scope=instance | Storage=String | ReadOnly=False | Shared=True | Id=7626159
INFO | Found 2 parameters named NWB_Discipline
INFO | SELECTED | Shared Parameter | Scope=instance | ReadOnly=False | Id=3045151
INFO | SELECTED | Shared Parameter | Scope=instance | ReadOnly=False | Id=7626159
INFO | Candidate: NWB_Category | Scope=instance | Storage=String | ReadOnly=False | Shared=True | Id=3045152
INFO | Candidate: NWB_Category | Scope=instance | Storage=String | ReadOnly=False | Shared=True | Id=7626160
INFO | Found 2 parameters named NWB_Category
INFO | SELECTED | Shared Parameter | Scope=instance | ReadOnly=False | Id=3045152
INFO | SELECTED | Shared Parameter | Scope=instance | ReadOnly=False | Id=7626160
INFO | Candidate: NWB_System | Scope=instance | Storage=String | ReadOnly=False | Shared=True | Id=3045155
INFO | Candidate: NWB_System | Scope=instance | Storage=String | ReadOnly=False | Shared=True | Id=7626163
INFO | Found 2 parameters named NWB_System
INFO | SELECTED | Shared Parameter | Scope=instance | ReadOnly=False | Id=3045155
INFO | SELECTED | Shared Parameter | Scope=instance | ReadOnly=False | Id=7626163
INFO | Candidate: NWB_UniclassCode | Scope=instance | Storage=String | ReadOnly=False | Shared=True | Id=3045156
INFO | Candidate: NWB_UniclassCode | Scope=instance | Storage=String | ReadOnly=False | Shared=True | Id=7626165
INFO | Found 2 parameters named NWB_UniclassCode
INFO | SELECTED | Shared Parameter | Scope=instance | ReadOnly=False | Id=3045156
INFO | SELECTED | Shared Parameter | Scope=instance | ReadOnly=False | Id=7626165
INFO | Candidate: NWB_UniclassDescription | Scope=instance | Storage=String | ReadOnly=False | Shared=True | Id=3045157
INFO | Candidate: NWB_UniclassDescription | Scope=instance | Storage=String | ReadOnly=False | Shared=True | Id=7626166
INFO | Found 2 parameters named NWB_UniclassDescription
INFO | SELECTED | Shared Parameter | Scope=instance | ReadOnly=False | Id=3045157
INFO | SELECTED | Shared Parameter | Scope=instance | ReadOnly=False | Id=7626166
INFO | Candidate: NWB_DesignPkg | Scope=instance | Storage=String | ReadOnly=False | Shared=True | Id=3045158
INFO | Candidate: NWB_DesignPkg | Scope=instance | Storage=String | ReadOnly=False | Shared=True | Id=7626167
INFO | Found 2 parameters named NWB_DesignPkg
INFO | SELECTED | Shared Parameter | Scope=instance | ReadOnly=False | Id=3045158
INFO | SELECTED | Shared Parameter | Scope=instance | ReadOnly=False | Id=7626167
ERROR | Element 15619328 | Category=Duct Fittings | Family= | Parameter=NWB_BuildingPermitPkg | Reason=missing | Writable sample: AHU, AHU_AreaServed, AHU_Serves, AHU_Type, AHU_ZoneNumber, Building_No, COMPLETE Y/N, Classification.OmniClass.21.Description_INSTANCE, Classification.OmniClass.21.Number_INSTANCE, Classification.OmniClass.22.Description_INSTANCE, Classification.OmniClass.22.Number_INSTANCE, Classification.OmniClass.23.Description_INSTANCE, Classification.OmniClass.23.Number_INSTANCE, Classification.UniFormat.2010.Description, Classification.UniFormat.2010.Number, Comments, Description BOM Suffix, Duct Height, Duct Width, Ductwork Insulation - Lining
INFO | Candidate: NWB_WBS00 | Scope=instance | Storage=String | ReadOnly=False | Shared=True | Id=9214738
INFO | Candidate: NWB_WBS01 | Scope=instance | Storage=String | ReadOnly=False | Shared=True | Id=9214798
INFO | Candidate: NWB_WBS02 | Scope=instance | Storage=String | ReadOnly=False | Shared=True | Id=9214786
INFO | Candidate: NWB_WBS03 | Scope=instance | Storage=String | ReadOnly=False | Shared=True | Id=9214750
INFO | Candidate: NWB_WBS04 | Scope=instance | Storage=String | ReadOnly=False | Shared=True | Id=9214762
INFO | Candidate: NWB_WBS05 | Scope=instance | Storage=String | ReadOnly=False | Shared=True | Id=9214810
INFO | Candidate: NWB_WBSCode | Scope=instance | Storage=String | ReadOnly=False | Shared=True | Id=9214774
SOURCE | Element 15619328 | Cat=Duct Fittings | Family=MHT-ME-DF-Rectangular Short Radius Bend - Flanged | Type= | Level=LEVEL 09 | System=Exhaust Air | LinkedRoomLink= | LinkedRoomNumber= | LinkedRoomName= | LinkedRoomDept= | LinkedRoomBuilding= | LinkedRoomSite= | LinkedRoomSource= | ResolvedDept= | ResolvedBuilding= | ResolvedSite= | DisciplineHint=mechanical | AssetCandidates=duct fittings, ductwork | WBS00=WBH | WBS01=HO | WBS03=Z00 | DesignPkg=NWB-GEN-ME-SCM-1091-A | BuildingPermitPkg=WBH - BP09
WARN | Element 15619328 | Department unresolved | ExistingNWBDepartment= | ExistingWBS00=WBH | ExistingWBS01=HO | ExistingDiscipline=ME
ELEMENT | 15619328 | Cat=Duct Fittings | AssetScore=45 | AssetTypeCode=MDUC | AssetType=Ductwork | AssetCategory=Ductwork | Targets=NWB_AssetTypeCode=MDUC; NWB_AssetType=Ductwork; NWB_Discipline=ME; NWB_Category=Ductwork; NWB_Department=; NWB_Material=; NWB_System=Exhaust Air; NWB_UniclassCode=Pr_65_65_25; NWB_UniclassDescription=Ductwork and fittings; NWB_DesignPkg=NWB-GEN-ME-SCM-1091-A; NWB_BuildingPermitPkg=WBH - BP09; NWB_WBS00=WBH; NWB_WBS01=HO; NWB_WBS02=09; NWB_WBS03=Z00; NWB_WBS04=ME; NWB_WBS05=SI5; NWB_WBSCode=WBH-HO-09-Z00-ME-SI5
INFO | Candidate: NWB_AssetTypeCode | Scope=instance | Storage=String | ReadOnly=False | Shared=True | Id=3045149
INFO | Candidate: NWB_AssetTypeCode | Scope=instance | Storage=String | ReadOnly=False | Shared=True | Id=7626182
INFO | Found 2 parameters named NWB_AssetTypeCode
INFO | SELECTED | Shared Parameter | Scope=instance | ReadOnly=False | Id=3045149
INFO | SELECTED | Shared Parameter | Scope=instance | ReadOnly=False | Id=7626182
INFO | Candidate: NWB_AssetType | Scope=instance | Storage=String | ReadOnly=False | Shared=True | Id=3045150
INFO | Candidate: NWB_AssetType | Scope=instance | Storage=String | ReadOnly=False | Shared=True | Id=7626181
INFO | Found 2 parameters named NWB_AssetType
INFO | SELECTED | Shared Parameter | Scope=instance | ReadOnly=False | Id=3045150
INFO | SELECTED | Shared Parameter | Scope=instance | ReadOnly=False | Id=7626181
INFO | Candidate: NWB_Discipline | Scope=instance | Storage=String | ReadOnly=False | Shared=True | Id=3045151
INFO | Candidate: NWB_Discipline | Scope=instance | Storage=String | ReadOnly=False | Shared=True | Id=7626159
INFO | Found 2 parameters named NWB_Discipline
INFO | SELECTED | Shared Parameter | Scope=instance | ReadOnly=False | Id=3045151
INFO | SELECTED | Shared Parameter | Scope=instance | ReadOnly=False | Id=7626159
INFO | Candidate: NWB_Category | Scope=instance | Storage=String | ReadOnly=False | Shared=True | Id=3045152
INFO | Candidate: NWB_Category | Scope=instance | Storage=String | ReadOnly=False | Shared=True | Id=7626160
INFO | Found 2 parameters named NWB_Category
INFO | SELECTED | Shared Parameter | Scope=instance | ReadOnly=False | Id=3045152
INFO | SELECTED | Shared Parameter | Scope=instance | ReadOnly=False | Id=7626160
INFO | Candidate: NWB_System | Scope=instance | Storage=String | ReadOnly=False | Shared=True | Id=3045155
INFO | Candidate: NWB_System | Scope=instance | Storage=String | ReadOnly=False | Shared=True | Id=7626163
INFO | Found 2 parameters named NWB_System
INFO | SELECTED | Shared Parameter | Scope=instance | ReadOnly=False | Id=3045155
INFO | SELECTED | Shared Parameter | Scope=instance | ReadOnly=False | Id=7626163
INFO | Candidate: NWB_UniclassCode | Scope=instance | Storage=String | ReadOnly=False | Shared=True | Id=3045156
INFO | Candidate: NWB_UniclassCode | Scope=instance | Storage=String | ReadOnly=False | Shared=True | Id=7626165
INFO | Found 2 parameters named NWB_UniclassCode
INFO | SELECTED | Shared Parameter | Scope=instance | ReadOnly=False | Id=3045156
INFO | SELECTED | Shared Parameter | Scope=instance | ReadOnly=False | Id=7626165
INFO | Candidate: NWB_UniclassDescription | Scope=instance | Storage=String | ReadOnly=False | Shared=True | Id=3045157
INFO | Candidate: NWB_UniclassDescription | Scope=instance | Storage=String | ReadOnly=False | Shared=True | Id=7626166
INFO | Found 2 parameters named NWB_UniclassDescription
INFO | SELECTED | Shared Parameter | Scope=instance | ReadOnly=False | Id=3045157
INFO | SELECTED | Shared Parameter | Scope=instance | ReadOnly=False | Id=7626166
INFO | Candidate: NWB_DesignPkg | Scope=instance | Storage=String | ReadOnly=False | Shared=True | Id=3045158
INFO | Candidate: NWB_DesignPkg | Scope=instance | Storage=String | ReadOnly=False | Shared=True | Id=7626167
INFO | Found 2 parameters named NWB_DesignPkg
INFO | SELECTED | Shared Parameter | Scope=instance | ReadOnly=False | Id=3045158
INFO | SELECTED | Shared Parameter | Scope=instance | ReadOnly=False | Id=7626167
ERROR | Element 15619329 | Category=Duct Fittings | Family= | Parameter=NWB_BuildingPermitPkg | Reason=missing | Writable sample: AHU, AHU_AreaServed, AHU_Serves, AHU_Type, AHU_ZoneNumber, Building_No, COMPLETE Y/N, Classification.OmniClass.21.Description_INSTANCE, Classification.OmniClass.21.Number_INSTANCE, Classification.OmniClass.22.Description_INSTANCE, Classification.OmniClass.22.Number_INSTANCE, Classification.OmniClass.23.Description_INSTANCE, Classification.OmniClass.23.Number_INSTANCE, Classification.UniFormat.2010.Description, Classification.UniFormat.2010.Number, Comments, Description BOM Suffix, Duct Height, Duct Width, Ductwork Insulation - Lining
INFO | Candidate: NWB_WBS00 | Scope=instance | Storage=String | ReadOnly=False | Shared=True | Id=9214738
INFO | Candidate: NWB_WBS01 | Scope=instance | Storage=String | ReadOnly=False | Shared=True | Id=9214798
INFO | Candidate: NWB_WBS02 | Scope=instance | Storage=String | ReadOnly=False | Shared=True | Id=9214786
INFO | Candidate: NWB_WBS03 | Scope=instance | Storage=String | ReadOnly=False | Shared=True | Id=9214750
INFO | Candidate: NWB_WBS04 | Scope=instance | Storage=String | ReadOnly=False | Shared=True | Id=9214762
INFO | Candidate: NWB_WBS05 | Scope=instance | Storage=String | ReadOnly=False | Shared=True | Id=9214810
INFO | Candidate: NWB_WBSCode | Scope=instance | Storage=String | ReadOnly=False | Shared=True | Id=9214774
SOURCE | Element 15619329 | Cat=Duct Fittings | Family=MHT-ME-DF-Rectangular Short Radius Bend - Flanged | Type= | Level=LEVEL 09 | System=Exhaust Air | LinkedRoomLink= | LinkedRoomNumber= | LinkedRoomName= | LinkedRoomDept= | LinkedRoomBuilding= | LinkedRoomSite= | LinkedRoomSource= | ResolvedDept= | ResolvedBuilding= | ResolvedSite= | DisciplineHint=mechanical | AssetCandidates=duct fittings, ductwork | WBS00=WBH | WBS01=HO | WBS03=Z00 | DesignPkg=NWB-GEN-ME-SCM-1091-A | BuildingPermitPkg=WBH - BP09
WARN | Element 15619329 | Department unresolved | ExistingNWBDepartment= | ExistingWBS00=WBH | ExistingWBS01=HO | ExistingDiscipline=ME
ELEMENT | 15619329 | Cat=Duct Fittings | AssetScore=45 | AssetTypeCode=MDUC | AssetType=Ductwork | AssetCategory=Ductwork | Targets=NWB_AssetTypeCode=MDUC; NWB_AssetType=Ductwork; NWB_Discipline=ME; NWB_Category=Ductwork; NWB_Department=; NWB_Material=; NWB_System=Exhaust Air; NWB_UniclassCode=Pr_65_65_25; NWB_UniclassDescription=Ductwork and fittings; NWB_DesignPkg=NWB-GEN-ME-SCM-1091-A; NWB_BuildingPermitPkg=WBH - BP09; NWB_WBS00=WBH; NWB_WBS01=HO; NWB_WBS02=09; NWB_WBS03=Z00; NWB_WBS04=ME; NWB_WBS05=SI5; NWB_WBSCode=WBH-HO-09-Z00-ME-SI5
INFO | Candidate: NWB_AssetTypeCode | Scope=instance | Storage=String | ReadOnly=False | Shared=True | Id=7626182
INFO | Candidate: NWB_AssetType | Scope=instance | Storage=String | ReadOnly=False | Shared=True | Id=7626181
INFO | Candidate: NWB_Discipline | Scope=instance | Storage=String | ReadOnly=False | Shared=True | Id=7626159
INFO | Candidate: NWB_Category | Scope=instance | Storage=String | ReadOnly=False | Shared=True | Id=7626160
INFO | Candidate: NWB_System | Scope=instance | Storage=String | ReadOnly=False | Shared=True | Id=7626163
INFO | Candidate: NWB_UniclassCode | Scope=instance | Storage=String | ReadOnly=False | Shared=True | Id=7626165
INFO | Candidate: NWB_UniclassDescription | Scope=instance | Storage=String | ReadOnly=False | Shared=True | Id=7626166
INFO | Candidate: NWB_DesignPkg | Scope=instance | Storage=String | ReadOnly=False | Shared=True | Id=7626167
ERROR | Element 15619604 | Category=Ducts | Family= | Parameter=NWB_BuildingPermitPkg | Reason=missing | Writable sample: AHU, AHU_AreaServed, AHU_Serves, AHU_Type, AHU_ZoneNumber, Additional Flow, Building_No, COMPLETE Y/N, Classification.OmniClass.21.Description_INSTANCE, Classification.OmniClass.21.Number_INSTANCE, Classification.OmniClass.22.Description_INSTANCE, Classification.OmniClass.22.Number_INSTANCE, Classification.OmniClass.23.Description_INSTANCE, Classification.OmniClass.23.Number_INSTANCE, Classification.UniFormat.2010.Description, Classification.UniFormat.2010.Number, Comments, DUCT NUMBER, Description BOM Suffix, Duct Number
INFO | Candidate: NWB_WBS00 | Scope=instance | Storage=String | ReadOnly=False | Shared=True | Id=9214738
INFO | Candidate: NWB_WBS01 | Scope=instance | Storage=String | ReadOnly=False | Shared=True | Id=9214798
INFO | Candidate: NWB_WBS02 | Scope=instance | Storage=String | ReadOnly=False | Shared=True | Id=9214786
INFO | Candidate: NWB_WBS03 | Scope=instance | Storage=String | ReadOnly=False | Shared=True | Id=9214750
INFO | Candidate: NWB_WBS04 | Scope=instance | Storage=String | ReadOnly=False | Shared=True | Id=9214762
INFO | Candidate: NWB_WBS05 | Scope=instance | Storage=String | ReadOnly=False | Shared=True | Id=9214810
INFO | Candidate: NWB_WBSCode | Scope=instance | Storage=String | ReadOnly=False | Shared=True | Id=9214774
SOURCE | Element 15619604 | Cat=Ducts | Family=Rectangular Duct | Type= | Level=LEVEL 09 | System=Exhaust Air | LinkedRoomLink= | LinkedRoomNumber= | LinkedRoomName= | LinkedRoomDept= | LinkedRoomBuilding= | LinkedRoomSite= | LinkedRoomSource= | ResolvedDept= | ResolvedBuilding= | ResolvedSite= | DisciplineHint=mechanical | AssetCandidates=ducts, ductwork | WBS00=WBH | WBS01=HO | WBS03=Z00 | DesignPkg=NWB-GEN-ME-SCM-1091-A | BuildingPermitPkg=WBH - BP09
WARN | Element 15619604 | Department unresolved | ExistingNWBDepartment= | ExistingWBS00=WBH | ExistingWBS01=HO | ExistingDiscipline=ME
ELEMENT | 15619604 | Cat=Ducts | AssetScore=45 | AssetTypeCode=MDUC | AssetType=Ductwork | AssetCategory=Ductwork | Targets=NWB_AssetTypeCode=MDUC; NWB_AssetType=Ductwork; NWB_Discipline=ME; NWB_Category=Ductwork; NWB_Department=; NWB_Material=; NWB_System=Exhaust Air; NWB_UniclassCode=Pr_65_65_25; NWB_UniclassDescription=Ductwork and fittings; NWB_DesignPkg=NWB-GEN-ME-SCM-1091-A; NWB_BuildingPermitPkg=WBH - BP09; NWB_WBS00=WBH; NWB_WBS01=HO; NWB_WBS02=09; NWB_WBS03=Z00; NWB_WBS04=ME; NWB_WBS05=SI5; NWB_WBSCode=WBH-HO-09-Z00-ME-SI5
INFO | Candidate: NWB_AssetTypeCode | Scope=instance | Storage=String | ReadOnly=False | Shared=True | Id=3045149
INFO | Candidate: NWB_AssetTypeCode | Scope=instance | Storage=String | ReadOnly=False | Shared=True | Id=7626182
INFO | Found 2 parameters named NWB_AssetTypeCode
INFO | SELECTED | Shared Parameter | Scope=instance | ReadOnly=False | Id=3045149
INFO | SELECTED | Shared Parameter | Scope=instance | ReadOnly=False | Id=7626182
INFO | Candidate: NWB_AssetType | Scope=instance | Storage=String | ReadOnly=False | Shared=True | Id=3045150
INFO | Candidate: NWB_AssetType | Scope=instance | Storage=String | ReadOnly=False | Shared=True | Id=7626181
INFO | Found 2 parameters named NWB_AssetType
INFO | SELECTED | Shared Parameter | Scope=instance | ReadOnly=False | Id=3045150
INFO | SELECTED | Shared Parameter | Scope=instance | ReadOnly=False | Id=7626181
INFO | Candidate: NWB_Discipline | Scope=instance | Storage=String | ReadOnly=False | Shared=True | Id=3045151
INFO | Candidate: NWB_Discipline | Scope=instance | Storage=String | ReadOnly=False | Shared=True | Id=7626159
INFO | Found 2 parameters named NWB_Discipline
INFO | SELECTED | Shared Parameter | Scope=instance | ReadOnly=False | Id=3045151
INFO | SELECTED | Shared Parameter | Scope=instance | ReadOnly=False | Id=7626159
INFO | Candidate: NWB_Category | Scope=instance | Storage=String | ReadOnly=False | Shared=True | Id=3045152
INFO | Candidate: NWB_Category | Scope=instance | Storage=String | ReadOnly=False | Shared=True | Id=7626160
INFO | Found 2 parameters named NWB_Category
INFO | SELECTED | Shared Parameter | Scope=instance | ReadOnly=False | Id=3045152
INFO | SELECTED | Shared Parameter | Scope=instance | ReadOnly=False | Id=7626160
INFO | Candidate: NWB_System | Scope=instance | Storage=String | ReadOnly=False | Shared=True | Id=3045155
INFO | Candidate: NWB_System | Scope=instance | Storage=String | ReadOnly=False | Shared=True | Id=7626163
INFO | Found 2 parameters named NWB_System
INFO | SELECTED | Shared Parameter | Scope=instance | ReadOnly=False | Id=3045155
INFO | SELECTED | Shared Parameter | Scope=instance | ReadOnly=False | Id=7626163
INFO | Candidate: NWB_UniclassCode | Scope=instance | Storage=String | ReadOnly=False | Shared=True | Id=3045156
INFO | Candidate: NWB_UniclassCode | Scope=instance | Storage=String | ReadOnly=False | Shared=True | Id=7626165
INFO | Found 2 parameters named NWB_UniclassCode
INFO | SELECTED | Shared Parameter | Scope=instance | ReadOnly=False | Id=3045156
INFO | SELECTED | Shared Parameter | Scope=instance | ReadOnly=False | Id=7626165
INFO | Candidate: NWB_UniclassDescription | Scope=instance | Storage=String | ReadOnly=False | Shared=True | Id=3045157
INFO | Candidate: NWB_UniclassDescription | Scope=instance | Storage=String | ReadOnly=False | Shared=True | Id=7626166
INFO | Found 2 parameters named NWB_UniclassDescription
INFO | SELECTED | Shared Parameter | Scope=instance | ReadOnly=False | Id=3045157
INFO | SELECTED | Shared Parameter | Scope=instance | ReadOnly=False | Id=7626166
INFO | Candidate: NWB_DesignPkg | Scope=instance | Storage=String | ReadOnly=False | Shared=True | Id=3045158
INFO | Candidate: NWB_DesignPkg | Scope=instance | Storage=String | ReadOnly=False | Shared=True | Id=7626167
INFO | Found 2 parameters named NWB_DesignPkg
INFO | SELECTED | Shared Parameter | Scope=instance | ReadOnly=False | Id=3045158
INFO | SELECTED | Shared Parameter | Scope=instance | ReadOnly=False | Id=7626167
ERROR | Element 15619619 | Category=Duct Fittings | Family= | Parameter=NWB_BuildingPermitPkg | Reason=missing | Writable sample: AHU, AHU_AreaServed, AHU_Serves, AHU_Type, AHU_ZoneNumber, Building_No, COMPLETE Y/N, Classification.OmniClass.21.Description_INSTANCE, Classification.OmniClass.21.Number_INSTANCE, Classification.OmniClass.22.Description_INSTANCE, Classification.OmniClass.22.Number_INSTANCE, Classification.OmniClass.23.Description_INSTANCE, Classification.OmniClass.23.Number_INSTANCE, Classification.UniFormat.2010.Description, Classification.UniFormat.2010.Number, Comments, Description BOM Suffix, Duct Height, Duct Width, Ductwork Insulation - Lining
INFO | Candidate: NWB_WBS00 | Scope=instance | Storage=String | ReadOnly=False | Shared=True | Id=9214738
INFO | Candidate: NWB_WBS01 | Scope=instance | Storage=String | ReadOnly=False | Shared=True | Id=9214798
INFO | Candidate: NWB_WBS02 | Scope=instance | Storage=String | ReadOnly=False | Shared=True | Id=9214786
INFO | Candidate: NWB_WBS03 | Scope=instance | Storage=String | ReadOnly=False | Shared=True | Id=9214750
INFO | Candidate: NWB_WBS04 | Scope=instance | Storage=String | ReadOnly=False | Shared=True | Id=9214762
INFO | Candidate: NWB_WBS05 | Scope=instance | Storage=String | ReadOnly=False | Shared=True | Id=9214810
INFO | Candidate: NWB_WBSCode | Scope=instance | Storage=String | ReadOnly=False | Shared=True | Id=9214774
SOURCE | Element 15619619 | Cat=Duct Fittings | Family=MHT-ME-DF-Rectangular Short Radius Bend - Flanged | Type= | Level=LEVEL 09 | System=Exhaust Air | LinkedRoomLink= | LinkedRoomNumber= | LinkedRoomName= | LinkedRoomDept= | LinkedRoomBuilding= | LinkedRoomSite= | LinkedRoomSource= | ResolvedDept= | ResolvedBuilding= | ResolvedSite= | DisciplineHint=mechanical | AssetCandidates=duct fittings, ductwork | WBS00=WBH | WBS01=HO | WBS03=Z00 | DesignPkg=NWB-GEN-ME-SCM-1091-A | BuildingPermitPkg=WBH - BP09
WARN | Element 15619619 | Department unresolved | ExistingNWBDepartment= | ExistingWBS00=WBH | ExistingWBS01=HO | ExistingDiscipline=ME
ELEMENT | 15619619 | Cat=Duct Fittings | AssetScore=45 | AssetTypeCode=MDUC | AssetType=Ductwork | AssetCategory=Ductwork | Targets=NWB_AssetTypeCode=MDUC; NWB_AssetType=Ductwork; NWB_Discipline=ME; NWB_Category=Ductwork; NWB_Department=; NWB_Material=; NWB_System=Exhaust Air; NWB_UniclassCode=Pr_65_65_25; NWB_UniclassDescription=Ductwork and fittings; NWB_DesignPkg=NWB-GEN-ME-SCM-1091-A; NWB_BuildingPermitPkg=WBH - BP09; NWB_WBS00=WBH; NWB_WBS01=HO; NWB_WBS02=09; NWB_WBS03=Z00; NWB_WBS04=ME; NWB_WBS05=SI5; NWB_WBSCode=WBH-HO-09-Z00-ME-SI5
INFO | Candidate: NWB_AssetTypeCode | Scope=instance | Storage=String | ReadOnly=False | Shared=True | Id=3045149
INFO | Candidate: NWB_AssetTypeCode | Scope=instance | Storage=String | ReadOnly=False | Shared=True | Id=7626182
INFO | Found 2 parameters named NWB_AssetTypeCode
INFO | SELECTED | Shared Parameter | Scope=instance | ReadOnly=False | Id=3045149
INFO | SELECTED | Shared Parameter | Scope=instance | ReadOnly=False | Id=7626182
INFO | Candidate: NWB_AssetType | Scope=instance | Storage=String | ReadOnly=False | Shared=True | Id=3045150
INFO | Candidate: NWB_AssetType | Scope=instance | Storage=String | ReadOnly=False | Shared=True | Id=7626181
INFO | Found 2 parameters named NWB_AssetType
INFO | SELECTED | Shared Parameter | Scope=instance | ReadOnly=False | Id=3045150
INFO | SELECTED | Shared Parameter | Scope=instance | ReadOnly=False | Id=7626181
INFO | Candidate: NWB_Discipline | Scope=instance | Storage=String | ReadOnly=False | Shared=True | Id=3045151
INFO | Candidate: NWB_Discipline | Scope=instance | Storage=String | ReadOnly=False | Shared=True | Id=7626159
INFO | Found 2 parameters named NWB_Discipline
INFO | SELECTED | Shared Parameter | Scope=instance | ReadOnly=False | Id=3045151
INFO | SELECTED | Shared Parameter | Scope=instance | ReadOnly=False | Id=7626159
INFO | Candidate: NWB_Category | Scope=instance | Storage=String | ReadOnly=False | Shared=True | Id=3045152
INFO | Candidate: NWB_Category | Scope=instance | Storage=String | ReadOnly=False | Shared=True | Id=7626160
INFO | Found 2 parameters named NWB_Category
INFO | SELECTED | Shared Parameter | Scope=instance | ReadOnly=False | Id=3045152
INFO | SELECTED | Shared Parameter | Scope=instance | ReadOnly=False | Id=7626160
INFO | Candidate: NWB_System | Scope=instance | Storage=String | ReadOnly=False | Shared=True | Id=3045155
INFO | Candidate: NWB_System | Scope=instance | Storage=String | ReadOnly=False | Shared=True | Id=7626163
INFO | Found 2 parameters named NWB_System
INFO | SELECTED | Shared Parameter | Scope=instance | ReadOnly=False | Id=3045155
INFO | SELECTED | Shared Parameter | Scope=instance | ReadOnly=False | Id=7626163
INFO | Candidate: NWB_UniclassCode | Scope=instance | Storage=String | ReadOnly=False | Shared=True | Id=3045156
INFO | Candidate: NWB_UniclassCode | Scope=instance | Storage=String | ReadOnly=False | Shared=True | Id=7626165
INFO | Found 2 parameters named NWB_UniclassCode
INFO | SELECTED | Shared Parameter | Scope=instance | ReadOnly=False | Id=3045156
INFO | SELECTED | Shared Parameter | Scope=instance | ReadOnly=False | Id=7626165
INFO | Candidate: NWB_UniclassDescription | Scope=instance | Storage=String | ReadOnly=False | Shared=True | Id=3045157
INFO | Candidate: NWB_UniclassDescription | Scope=instance | Storage=String | ReadOnly=False | Shared=True | Id=7626166
INFO | Found 2 parameters named NWB_UniclassDescription
INFO | SELECTED | Shared Parameter | Scope=instance | ReadOnly=False | Id=3045157
INFO | SELECTED | Shared Parameter | Scope=instance | ReadOnly=False | Id=7626166
INFO | Candidate: NWB_DesignPkg | Scope=instance | Storage=String | ReadOnly=False | Shared=True | Id=3045158
INFO | Candidate: NWB_DesignPkg | Scope=instance | Storage=String | ReadOnly=False | Shared=True | Id=7626167
INFO | Found 2 parameters named NWB_DesignPkg
INFO | SELECTED | Shared Parameter | Scope=instance | ReadOnly=False | Id=3045158
INFO | SELECTED | Shared Parameter | Scope=instance | ReadOnly=False | Id=7626167
ERROR | Element 15619620 | Category=Duct Fittings | Family= | Parameter=NWB_BuildingPermitPkg | Reason=missing | Writable sample: AHU, AHU_AreaServed, AHU_Serves, AHU_Type, AHU_ZoneNumber, Building_No, COMPLETE Y/N, Classification.OmniClass.21.Description_INSTANCE, Classification.OmniClass.21.Number_INSTANCE, Classification.OmniClass.22.Description_INSTANCE, Classification.OmniClass.22.Number_INSTANCE, Classification.OmniClass.23.Description_INSTANCE, Classification.OmniClass.23.Number_INSTANCE, Classification.UniFormat.2010.Description, Classification.UniFormat.2010.Number, Comments, Description BOM Suffix, Duct Height, Duct Width, Ductwork Insulation - Lining
INFO | Candidate: NWB_WBS00 | Scope=instance | Storage=String | ReadOnly=False | Shared=True | Id=9214738
INFO | Candidate: NWB_WBS01 | Scope=instance | Storage=String | ReadOnly=False | Shared=True | Id=9214798
INFO | Candidate: NWB_WBS02 | Scope=instance | Storage=String | ReadOnly=False | Shared=True | Id=9214786
INFO | Candidate: NWB_WBS03 | Scope=instance | Storage=String | ReadOnly=False | Shared=True | Id=9214750
INFO | Candidate: NWB_WBS04 | Scope=instance | Storage=String | ReadOnly=False | Shared=True | Id=9214762
INFO | Candidate: NWB_WBS05 | Scope=instance | Storage=String | ReadOnly=False | Shared=True | Id=9214810
INFO | Candidate: NWB_WBSCode | Scope=instance | Storage=String | ReadOnly=False | Shared=True | Id=9214774
SOURCE | Element 15619620 | Cat=Duct Fittings | Family=MHT-ME-DF-Rectangular Short Radius Bend - Flanged | Type= | Level=LEVEL 09 | System=Exhaust Air | LinkedRoomLink= | LinkedRoomNumber= | LinkedRoomName= | LinkedRoomDept= | LinkedRoomBuilding= | LinkedRoomSite= | LinkedRoomSource= | ResolvedDept= | ResolvedBuilding= | ResolvedSite= | DisciplineHint=mechanical | AssetCandidates=duct fittings, ductwork | WBS00=WBH | WBS01=HO | WBS03=Z00 | DesignPkg=NWB-GEN-ME-SCM-1091-A | BuildingPermitPkg=WBH - BP09
WARN | Element 15619620 | Department unresolved | ExistingNWBDepartment= | ExistingWBS00=WBH | ExistingWBS01=HO | ExistingDiscipline=ME
ELEMENT | 15619620 | Cat=Duct Fittings | AssetScore=45 | AssetTypeCode=MDUC | AssetType=Ductwork | AssetCategory=Ductwork | Targets=NWB_AssetTypeCode=MDUC; NWB_AssetType=Ductwork; NWB_Discipline=ME; NWB_Category=Ductwork; NWB_Department=; NWB_Material=; NWB_System=Exhaust Air; NWB_UniclassCode=Pr_65_65_25; NWB_UniclassDescription=Ductwork and fittings; NWB_DesignPkg=NWB-GEN-ME-SCM-1091-A; NWB_BuildingPermitPkg=WBH - BP09; NWB_WBS00=WBH; NWB_WBS01=HO; NWB_WBS02=09; NWB_WBS03=Z00; NWB_WBS04=ME; NWB_WBS05=SI5; NWB_WBSCode=WBH-HO-09-Z00-ME-SI5
INFO | Candidate: NWB_AssetTypeCode | Scope=instance | Storage=String | ReadOnly=False | Shared=True | Id=7626182
INFO | Candidate: NWB_AssetType | Scope=instance | Storage=String | ReadOnly=False | Shared=True | Id=7626181
INFO | Candidate: NWB_Discipline | Scope=instance | Storage=String | ReadOnly=False | Shared=True | Id=7626159
INFO | Candidate: NWB_Category | Scope=instance | Storage=String | ReadOnly=False | Shared=True | Id=7626160
INFO | Candidate: NWB_System | Scope=instance | Storage=String | ReadOnly=False | Shared=True | Id=7626163
INFO | Candidate: NWB_UniclassCode | Scope=instance | Storage=String | ReadOnly=False | Shared=True | Id=7626165
INFO | Candidate: NWB_UniclassDescription | Scope=instance | Storage=String | ReadOnly=False | Shared=True | Id=7626166
INFO | Candidate: NWB_DesignPkg | Scope=instance | Storage=String | ReadOnly=False | Shared=True | Id=7626167
ERROR | Element 15619789 | Category=Ducts | Family= | Parameter=NWB_BuildingPermitPkg | Reason=missing | Writable sample: AHU, AHU_AreaServed, AHU_Serves, AHU_Type, AHU_ZoneNumber, Additional Flow, Building_No, COMPLETE Y/N, Classification.OmniClass.21.Description_INSTANCE, Classification.OmniClass.21.Number_INSTANCE, Classification.OmniClass.22.Description_INSTANCE, Classification.OmniClass.22.Number_INSTANCE, Classification.OmniClass.23.Description_INSTANCE, Classification.OmniClass.23.Number_INSTANCE, Classification.UniFormat.2010.Description, Classification.UniFormat.2010.Number, Comments, DUCT NUMBER, Description BOM Suffix, Duct Number
INFO | Candidate: NWB_WBS00 | Scope=instance | Storage=String | ReadOnly=False | Shared=True | Id=9214738
INFO | Candidate: NWB_WBS01 | Scope=instance | Storage=String | ReadOnly=False | Shared=True | Id=9214798
INFO | Candidate: NWB_WBS02 | Scope=instance | Storage=String | ReadOnly=False | Shared=True | Id=9214786
INFO | Candidate: NWB_WBS03 | Scope=instance | Storage=String | ReadOnly=False | Shared=True | Id=9214750
INFO | Candidate: NWB_WBS04 | Scope=instance | Storage=String | ReadOnly=False | Shared=True | Id=9214762
INFO | Candidate: NWB_WBS05 | Scope=instance | Storage=String | ReadOnly=False | Shared=True | Id=9214810
INFO | Candidate: NWB_WBSCode | Scope=instance | Storage=String | ReadOnly=False | Shared=True | Id=9214774
SOURCE | Element 15619789 | Cat=Ducts | Family=Rectangular Duct | Type= | Level=LEVEL 09 | System=Exhaust Air | LinkedRoomLink= | LinkedRoomNumber= | LinkedRoomName= | LinkedRoomDept= | LinkedRoomBuilding= | LinkedRoomSite= | LinkedRoomSource= | ResolvedDept= | ResolvedBuilding= | ResolvedSite= | DisciplineHint=mechanical | AssetCandidates=ducts, ductwork | WBS00=WBH | WBS01=HO | WBS03=Z00 | DesignPkg=NWB-GEN-ME-SCM-1091-A | BuildingPermitPkg=WBH - BP09
WARN | Element 15619789 | Department unresolved | ExistingNWBDepartment= | ExistingWBS00=WBH | ExistingWBS01=HO | ExistingDiscipline=ME
ELEMENT | 15619789 | Cat=Ducts | AssetScore=45 | AssetTypeCode=MDUC | AssetType=Ductwork | AssetCategory=Ductwork | Targets=NWB_AssetTypeCode=MDUC; NWB_AssetType=Ductwork; NWB_Discipline=ME; NWB_Category=Ductwork; NWB_Department=; NWB_Material=; NWB_System=Exhaust Air; NWB_UniclassCode=Pr_65_65_25; NWB_UniclassDescription=Ductwork and fittings; NWB_DesignPkg=NWB-GEN-ME-SCM-1091-A; NWB_BuildingPermitPkg=WBH - BP09; NWB_WBS00=WBH; NWB_WBS01=HO; NWB_WBS02=09; NWB_WBS03=Z00; NWB_WBS04=ME; NWB_WBS05=SI5; NWB_WBSCode=WBH-HO-09-Z00-ME-SI5
INFO | Candidate: NWB_AssetTypeCode | Scope=instance | Storage=String | ReadOnly=False | Shared=True | Id=3045149
INFO | Candidate: NWB_AssetTypeCode | Scope=instance | Storage=String | ReadOnly=False | Shared=True | Id=7626182
INFO | Found 2 parameters named NWB_AssetTypeCode
INFO | SELECTED | Shared Parameter | Scope=instance | ReadOnly=False | Id=3045149
INFO | SELECTED | Shared Parameter | Scope=instance | ReadOnly=False | Id=7626182
INFO | Candidate: NWB_AssetType | Scope=instance | Storage=String | ReadOnly=False | Shared=True | Id=3045150
INFO | Candidate: NWB_AssetType | Scope=instance | Storage=String | ReadOnly=False | Shared=True | Id=7626181
INFO | Found 2 parameters named NWB_AssetType
INFO | SELECTED | Shared Parameter | Scope=instance | ReadOnly=False | Id=3045150
INFO | SELECTED | Shared Parameter | Scope=instance | ReadOnly=False | Id=7626181
INFO | Candidate: NWB_Discipline | Scope=instance | Storage=String | ReadOnly=False | Shared=True | Id=3045151
INFO | Candidate: NWB_Discipline | Scope=instance | Storage=String | ReadOnly=False | Shared=True | Id=7626159
INFO | Found 2 parameters named NWB_Discipline
INFO | SELECTED | Shared Parameter | Scope=instance | ReadOnly=False | Id=3045151
INFO | SELECTED | Shared Parameter | Scope=instance | ReadOnly=False | Id=7626159
INFO | Candidate: NWB_Category | Scope=instance | Storage=String | ReadOnly=False | Shared=True | Id=3045152
INFO | Candidate: NWB_Category | Scope=instance | Storage=String | ReadOnly=False | Shared=True | Id=7626160
INFO | Found 2 parameters named NWB_Category
INFO | SELECTED | Shared Parameter | Scope=instance | ReadOnly=False | Id=3045152
INFO | SELECTED | Shared Parameter | Scope=instance | ReadOnly=False | Id=7626160
INFO | Candidate: NWB_System | Scope=instance | Storage=String | ReadOnly=False | Shared=True | Id=3045155
INFO | Candidate: NWB_System | Scope=instance | Storage=String | ReadOnly=False | Shared=True | Id=7626163
INFO | Found 2 parameters named NWB_System
INFO | SELECTED | Shared Parameter | Scope=instance | ReadOnly=False | Id=3045155
INFO | SELECTED | Shared Parameter | Scope=instance | ReadOnly=False | Id=7626163
INFO | Candidate: NWB_UniclassCode | Scope=instance | Storage=String | ReadOnly=False | Shared=True | Id=3045156
INFO | Candidate: NWB_UniclassCode | Scope=instance | Storage=String | ReadOnly=False | Shared=True | Id=7626165
INFO | Found 2 parameters named NWB_UniclassCode
INFO | SELECTED | Shared Parameter | Scope=instance | ReadOnly=False | Id=3045156
INFO | SELECTED | Shared Parameter | Scope=instance | ReadOnly=False | Id=7626165
INFO | Candidate: NWB_UniclassDescription | Scope=instance | Storage=String | ReadOnly=False | Shared=True | Id=3045157
INFO | Candidate: NWB_UniclassDescription | Scope=instance | Storage=String | ReadOnly=False | Shared=True | Id=7626166
INFO | Found 2 parameters named NWB_UniclassDescription
INFO | SELECTED | Shared Parameter | Scope=instance | ReadOnly=False | Id=3045157
INFO | SELECTED | Shared Parameter | Scope=instance | ReadOnly=False | Id=7626166
INFO | Candidate: NWB_DesignPkg | Scope=instance | Storage=String | ReadOnly=False | Shared=True | Id=3045158
INFO | Candidate: NWB_DesignPkg | Scope=instance | Storage=String | ReadOnly=False | Shared=True | Id=7626167
INFO | Found 2 parameters named NWB_DesignPkg
INFO | SELECTED | Shared Parameter | Scope=instance | ReadOnly=False | Id=3045158
INFO | SELECTED | Shared Parameter | Scope=instance | ReadOnly=False | Id=7626167
ERROR | Element 15619805 | Category=Duct Fittings | Family= | Parameter=NWB_BuildingPermitPkg | Reason=missing | Writable sample: AHU, AHU_AreaServed, AHU_Serves, AHU_Type, AHU_ZoneNumber, Building_No, COMPLETE Y/N, Classification.OmniClass.21.Description_INSTANCE, Classification.OmniClass.21.Number_INSTANCE, Classification.OmniClass.22.Description_INSTANCE, Classification.OmniClass.22.Number_INSTANCE, Classification.OmniClass.23.Description_INSTANCE, Classification.OmniClass.23.Number_INSTANCE, Classification.UniFormat.2010.Description, Classification.UniFormat.2010.Number, Comments, Description BOM Suffix, Ductwork Insulation - Lining, Elevation from Level, Export to IFC
INFO | Candidate: NWB_WBS00 | Scope=instance | Storage=String | ReadOnly=False | Shared=True | Id=9214738
INFO | Candidate: NWB_WBS01 | Scope=instance | Storage=String | ReadOnly=False | Shared=True | Id=9214798
INFO | Candidate: NWB_WBS02 | Scope=instance | Storage=String | ReadOnly=False | Shared=True | Id=9214786
INFO | Candidate: NWB_WBS03 | Scope=instance | Storage=String | ReadOnly=False | Shared=True | Id=9214750
INFO | Candidate: NWB_WBS04 | Scope=instance | Storage=String | ReadOnly=False | Shared=True | Id=9214762
INFO | Candidate: NWB_WBS05 | Scope=instance | Storage=String | ReadOnly=False | Shared=True | Id=9214810
INFO | Candidate: NWB_WBSCode | Scope=instance | Storage=String | ReadOnly=False | Shared=True | Id=9214774
SOURCE | Element 15619805 | Cat=Duct Fittings | Family=MHT-ME-DF-Rectangular Eccentric Taper - Flanged-01 | Type= | Level=LEVEL 09 | System=Exhaust Air | LinkedRoomLink= | LinkedRoomNumber= | LinkedRoomName= | LinkedRoomDept= | LinkedRoomBuilding= | LinkedRoomSite= | LinkedRoomSource= | ResolvedDept= | ResolvedBuilding= | ResolvedSite= | DisciplineHint=mechanical | AssetCandidates=duct fittings, ductwork | WBS00=WBH | WBS01=HO | WBS03=Z00 | DesignPkg=NWB-GEN-ME-SCM-1091-A | BuildingPermitPkg=WBH - BP09
WARN | Element 15619805 | Department unresolved | ExistingNWBDepartment= | ExistingWBS00=WBH | ExistingWBS01=HO | ExistingDiscipline=ME
ELEMENT | 15619805 | Cat=Duct Fittings | AssetScore=45 | AssetTypeCode=MDUC | AssetType=Ductwork | AssetCategory=Ductwork | Targets=NWB_AssetTypeCode=MDUC; NWB_AssetType=Ductwork; NWB_Discipline=ME; NWB_Category=Ductwork; NWB_Department=; NWB_Material=; NWB_System=Exhaust Air; NWB_UniclassCode=Pr_65_65_25; NWB_UniclassDescription=Ductwork and fittings; NWB_DesignPkg=NWB-GEN-ME-SCM-1091-A; NWB_BuildingPermitPkg=WBH - BP09; NWB_WBS00=WBH; NWB_WBS01=HO; NWB_WBS02=09; NWB_WBS03=Z00; NWB_WBS04=ME; NWB_WBS05=SI5; NWB_WBSCode=WBH-HO-09-Z00-ME-SI5
INFO | Candidate: NWB_AssetTypeCode | Scope=instance | Storage=String | ReadOnly=False | Shared=True | Id=7626182
INFO | Candidate: NWB_AssetType | Scope=instance | Storage=String | ReadOnly=False | Shared=True | Id=7626181
INFO | Candidate: NWB_Discipline | Scope=instance | Storage=String | ReadOnly=False | Shared=True | Id=7626159
INFO | Candidate: NWB_Category | Scope=instance | Storage=String | ReadOnly=False | Shared=True | Id=7626160
INFO | Candidate: NWB_System | Scope=instance | Storage=String | ReadOnly=False | Shared=True | Id=7626163
INFO | Candidate: NWB_UniclassCode | Scope=instance | Storage=String | ReadOnly=False | Shared=True | Id=7626165
INFO | Candidate: NWB_UniclassDescription | Scope=instance | Storage=String | ReadOnly=False | Shared=True | Id=7626166
INFO | Candidate: NWB_DesignPkg | Scope=instance | Storage=String | ReadOnly=False | Shared=True | Id=7626167
ERROR | Element 15620000 | Category=Duct Fittings | Family= | Parameter=NWB_BuildingPermitPkg | Reason=missing | Writable sample: AHU, AHU_AreaServed, AHU_Serves, AHU_Type, AHU_ZoneNumber, Building_No, COMPLETE Y/N, Classification.OmniClass.21.Description_INSTANCE, Classification.OmniClass.21.Number_INSTANCE, Classification.OmniClass.22.Description_INSTANCE, Classification.OmniClass.22.Number_INSTANCE, Classification.OmniClass.23.Description_INSTANCE, Classification.OmniClass.23.Number_INSTANCE, Classification.UniFormat.2010.Description, Classification.UniFormat.2010.Number, Comments, Description BOM Suffix, Duct Diameter, Ductwork Insulation - Lining, Elevation from Level
INFO | Candidate: NWB_WBS00 | Scope=instance | Storage=String | ReadOnly=False | Shared=True | Id=9214738
INFO | Candidate: NWB_WBS01 | Scope=instance | Storage=String | ReadOnly=False | Shared=True | Id=9214798
INFO | Candidate: NWB_WBS02 | Scope=instance | Storage=String | ReadOnly=False | Shared=True | Id=9214786
INFO | Candidate: NWB_WBS03 | Scope=instance | Storage=String | ReadOnly=False | Shared=True | Id=9214750
INFO | Candidate: NWB_WBS04 | Scope=instance | Storage=String | ReadOnly=False | Shared=True | Id=9214762
INFO | Candidate: NWB_WBS05 | Scope=instance | Storage=String | ReadOnly=False | Shared=True | Id=9214810
INFO | Candidate: NWB_WBSCode | Scope=instance | Storage=String | ReadOnly=False | Shared=True | Id=9214774
SOURCE | Element 15620000 | Cat=Duct Fittings | Family=MHT_DF_Spigot | Type= | Level=LEVEL 10 | System=Exhaust Air | LinkedRoomLink= | LinkedRoomNumber= | LinkedRoomName= | LinkedRoomDept= | LinkedRoomBuilding= | LinkedRoomSite= | LinkedRoomSource= | ResolvedDept= | ResolvedBuilding= | ResolvedSite= | DisciplineHint=mechanical | AssetCandidates=duct fittings, ductwork, damper, motorised damper | WBS00=WBH | WBS01=HO | WBS03=Z00 | DesignPkg=NWB-GEN-ME-SCM-1091-A | BuildingPermitPkg=WBH - BP09
WARN | Element 15620000 | Department unresolved | ExistingNWBDepartment= | ExistingWBS00=WBH | ExistingWBS01=HO | ExistingDiscipline=ME
ELEMENT | 15620000 | Cat=Duct Fittings | AssetScore=45 | AssetTypeCode=MDUC | AssetType=Ductwork | AssetCategory=Ductwork | Targets=NWB_AssetTypeCode=MDUC; NWB_AssetType=Ductwork; NWB_Discipline=ME; NWB_Category=Ductwork; NWB_Department=; NWB_Material=; NWB_System=Exhaust Air; NWB_UniclassCode=Pr_65_65_25; NWB_UniclassDescription=Ductwork and fittings; NWB_DesignPkg=NWB-GEN-ME-SCM-1091-A; NWB_BuildingPermitPkg=WBH - BP09; NWB_WBS00=WBH; NWB_WBS01=HO; NWB_WBS02=10; NWB_WBS03=Z00; NWB_WBS04=ME; NWB_WBS05=SI5; NWB_WBSCode=WBH-HO-10-Z00-ME-SI5
INFO | Candidate: NWB_AssetTypeCode | Scope=instance | Storage=String | ReadOnly=False | Shared=True | Id=7626182
INFO | Candidate: NWB_AssetType | Scope=instance | Storage=String | ReadOnly=False | Shared=True | Id=7626181
INFO | Candidate: NWB_Discipline | Scope=instance | Storage=String | ReadOnly=False | Shared=True | Id=7626159
INFO | Candidate: NWB_Category | Scope=instance | Storage=String | ReadOnly=False | Shared=True | Id=7626160
INFO | Candidate: NWB_Material | Scope=instance | Storage=String | ReadOnly=False | Shared=True | Id=7626176
INFO | Candidate: NWB_System | Scope=instance | Storage=String | ReadOnly=False | Shared=True | Id=7626163
INFO | Candidate: NWB_UniclassCode | Scope=instance | Storage=String | ReadOnly=False | Shared=True | Id=7626165
INFO | Candidate: NWB_UniclassDescription | Scope=instance | Storage=String | ReadOnly=False | Shared=True | Id=7626166
INFO | Candidate: NWB_DesignPkg | Scope=instance | Storage=String | ReadOnly=False | Shared=True | Id=7626167
ERROR | Element 15620037 | Category=Duct Fittings | Family= | Parameter=NWB_BuildingPermitPkg | Reason=missing | Writable sample: AHU, AHU_AreaServed, AHU_Serves, AHU_Type, AHU_ZoneNumber, Building_No, COMPLETE Y/N, Classification.OmniClass.21.Description_INSTANCE, Classification.OmniClass.21.Number_INSTANCE, Classification.OmniClass.22.Description_INSTANCE, Classification.OmniClass.22.Number_INSTANCE, Classification.OmniClass.23.Description_INSTANCE, Classification.OmniClass.23.Number_INSTANCE, Classification.UniFormat.2010.Description, Classification.UniFormat.2010.Number, Comments, Description BOM Suffix, Duct Height1, Duct Length 1, Duct Width1
INFO | Candidate: NWB_WBS00 | Scope=instance | Storage=String | ReadOnly=False | Shared=True | Id=9214738
INFO | Candidate: NWB_WBS01 | Scope=instance | Storage=String | ReadOnly=False | Shared=True | Id=9214798
INFO | Candidate: NWB_WBS02 | Scope=instance | Storage=String | ReadOnly=False | Shared=True | Id=9214786
INFO | Candidate: NWB_WBS03 | Scope=instance | Storage=String | ReadOnly=False | Shared=True | Id=9214750
INFO | Candidate: NWB_WBS04 | Scope=instance | Storage=String | ReadOnly=False | Shared=True | Id=9214762
INFO | Candidate: NWB_WBS05 | Scope=instance | Storage=String | ReadOnly=False | Shared=True | Id=9214810
INFO | Candidate: NWB_WBSCode | Scope=instance | Storage=String | ReadOnly=False | Shared=True | Id=9214774
SOURCE | Element 15620037 | Cat=Duct Fittings | Family=MHT-ME-DF-Square Cap-BMA | Type= | Level=LEVEL 09 | System=Exhaust Air | LinkedRoomLink= | LinkedRoomNumber= | LinkedRoomName= | LinkedRoomDept= | LinkedRoomBuilding= | LinkedRoomSite= | LinkedRoomSource= | ResolvedDept= | ResolvedBuilding= | ResolvedSite= | DisciplineHint=mechanical | AssetCandidates=duct fittings, ductwork | WBS00=WBH | WBS01=HO | WBS03=Z00 | DesignPkg=NWB-GEN-ME-SCM-1091-A | BuildingPermitPkg=WBH - BP09
WARN | Element 15620037 | Department unresolved | ExistingNWBDepartment= | ExistingWBS00=WBH | ExistingWBS01=HO | ExistingDiscipline=ME
ELEMENT | 15620037 | Cat=Duct Fittings | AssetScore=45 | AssetTypeCode=MDUC | AssetType=Ductwork | AssetCategory=Ductwork | Targets=NWB_AssetTypeCode=MDUC; NWB_AssetType=Ductwork; NWB_Discipline=ME; NWB_Category=Ductwork; NWB_Department=; NWB_Material=9479096; NWB_System=Exhaust Air; NWB_UniclassCode=Pr_65_65_25; NWB_UniclassDescription=Ductwork and fittings; NWB_DesignPkg=NWB-GEN-ME-SCM-1091-A; NWB_BuildingPermitPkg=WBH - BP09; NWB_WBS00=WBH; NWB_WBS01=HO; NWB_WBS02=09; NWB_WBS03=Z00; NWB_WBS04=ME; NWB_WBS05=SI5; NWB_WBSCode=WBH-HO-09-Z00-ME-SI5
INFO | Candidate: NWB_AssetTypeCode | Scope=instance | Storage=String | ReadOnly=False | Shared=True | Id=7626182
INFO | Candidate: NWB_AssetType | Scope=instance | Storage=String | ReadOnly=False | Shared=True | Id=7626181
INFO | Candidate: NWB_Discipline | Scope=instance | Storage=String | ReadOnly=False | Shared=True | Id=7626159
INFO | Candidate: NWB_Category | Scope=instance | Storage=String | ReadOnly=False | Shared=True | Id=7626160
INFO | Candidate: NWB_System | Scope=instance | Storage=String | ReadOnly=False | Shared=True | Id=7626163
INFO | Candidate: NWB_UniclassCode | Scope=instance | Storage=String | ReadOnly=False | Shared=True | Id=7626165
INFO | Candidate: NWB_UniclassDescription | Scope=instance | Storage=String | ReadOnly=False | Shared=True | Id=7626166
INFO | Candidate: NWB_DesignPkg | Scope=instance | Storage=String | ReadOnly=False | Shared=True | Id=7626167
ERROR | Element 15620108 | Category=Duct Fittings | Family= | Parameter=NWB_BuildingPermitPkg | Reason=missing | Writable sample: AHU, AHU_AreaServed, AHU_Serves, AHU_Type, AHU_ZoneNumber, Angle, Building_No, COMPLETE Y/N, Classification.OmniClass.21.Description_INSTANCE, Classification.OmniClass.21.Number_INSTANCE, Classification.OmniClass.22.Description_INSTANCE, Classification.OmniClass.22.Number_INSTANCE, Classification.OmniClass.23.Description_INSTANCE, Classification.OmniClass.23.Number_INSTANCE, Classification.UniFormat.2010.Description, Classification.UniFormat.2010.Number, Comments, Description BOM Suffix, Ductwork Insulation - Lining, Elevation from Level
INFO | Candidate: NWB_WBS00 | Scope=instance | Storage=String | ReadOnly=False | Shared=True | Id=9214738
INFO | Candidate: NWB_WBS01 | Scope=instance | Storage=String | ReadOnly=False | Shared=True | Id=9214798
INFO | Candidate: NWB_WBS02 | Scope=instance | Storage=String | ReadOnly=False | Shared=True | Id=9214786
INFO | Candidate: NWB_WBS03 | Scope=instance | Storage=String | ReadOnly=False | Shared=True | Id=9214750
INFO | Candidate: NWB_WBS04 | Scope=instance | Storage=String | ReadOnly=False | Shared=True | Id=9214762
INFO | Candidate: NWB_WBS05 | Scope=instance | Storage=String | ReadOnly=False | Shared=True | Id=9214810
INFO | Candidate: NWB_WBSCode | Scope=instance | Storage=String | ReadOnly=False | Shared=True | Id=9214774
SOURCE | Element 15620108 | Cat=Duct Fittings | Family=MHT-ME-DF-Rectangular Shoe Branch - Flanged | Type= | Level=LEVEL 09 | System=Exhaust Air | LinkedRoomLink= | LinkedRoomNumber= | LinkedRoomName= | LinkedRoomDept= | LinkedRoomBuilding= | LinkedRoomSite= | LinkedRoomSource= | ResolvedDept= | ResolvedBuilding= | ResolvedSite= | DisciplineHint=mechanical | AssetCandidates=duct fittings, ductwork | WBS00=WBH | WBS01=HO | WBS03=Z00 | DesignPkg=NWB-GEN-ME-SCM-1091-A | BuildingPermitPkg=WBH - BP09
WARN | Element 15620108 | Department unresolved | ExistingNWBDepartment= | ExistingWBS00=WBH | ExistingWBS01=HO | ExistingDiscipline=ME
ELEMENT | 15620108 | Cat=Duct Fittings | AssetScore=45 | AssetTypeCode=MDUC | AssetType=Ductwork | AssetCategory=Ductwork | Targets=NWB_AssetTypeCode=MDUC; NWB_AssetType=Ductwork; NWB_Discipline=ME; NWB_Category=Ductwork; NWB_Department=; NWB_Material=; NWB_System=Exhaust Air; NWB_UniclassCode=Pr_65_65_25; NWB_UniclassDescription=Ductwork and fittings; NWB_DesignPkg=NWB-GEN-ME-SCM-1091-A; NWB_BuildingPermitPkg=WBH - BP09; NWB_WBS00=WBH; NWB_WBS01=HO; NWB_WBS02=09; NWB_WBS03=Z00; NWB_WBS04=ME; NWB_WBS05=SI5; NWB_WBSCode=WBH-HO-09-Z00-ME-SI5
INFO | Candidate: NWB_AssetTypeCode | Scope=instance | Storage=String | ReadOnly=False | Shared=True | Id=7626182
INFO | Candidate: NWB_AssetType | Scope=instance | Storage=String | ReadOnly=False | Shared=True | Id=7626181
INFO | Candidate: NWB_Discipline | Scope=instance | Storage=String | ReadOnly=False | Shared=True | Id=7626159
INFO | Candidate: NWB_Category | Scope=instance | Storage=String | ReadOnly=False | Shared=True | Id=7626160
INFO | Candidate: NWB_Department | Scope=instance | Storage=String | ReadOnly=False | Shared=True | Id=7626168
INFO | Candidate: NWB_System | Scope=instance | Storage=String | ReadOnly=False | Shared=True | Id=7626163
INFO | Candidate: NWB_UniclassCode | Scope=instance | Storage=String | ReadOnly=False | Shared=True | Id=7626165
INFO | Candidate: NWB_UniclassDescription | Scope=instance | Storage=String | ReadOnly=False | Shared=True | Id=7626166
INFO | Candidate: NWB_DesignPkg | Scope=instance | Storage=String | ReadOnly=False | Shared=True | Id=7626167
ERROR | Element 15620234 | Category=Air Terminals | Family= | Parameter=NWB_BuildingPermitPkg | Reason=missing | Writable sample: AHU_AreaServed, AHU_Serves, AHU_Type, AHU_ZoneNumber, AQ, Building_No, COMPLETE Y/N, Classification.UniFormat.2010.Description, Classification.UniFormat.2010.Number, Comments, Export to IFC, Export to IFC As, Family, Family and Type, Flow, IFC Predefined Type, IfcGUID, Image, Legend Description, Location
INFO | Candidate: NWB_WBS00 | Scope=instance | Storage=String | ReadOnly=True | Shared=True | Id=9214738
ERROR | Element 15620234 | Category=Air Terminals | Family= | Parameter=NWB_WBS00 | Reason=readonly | Writable sample: AHU_AreaServed, AHU_Serves, AHU_Type, AHU_ZoneNumber, AQ, Building_No, COMPLETE Y/N, Classification.UniFormat.2010.Description, Classification.UniFormat.2010.Number, Comments, Export to IFC, Export to IFC As, Family, Family and Type, Flow, IFC Predefined Type, IfcGUID, Image, Legend Description, Location
INFO | Candidate: NWB_WBS01 | Scope=instance | Storage=String | ReadOnly=True | Shared=True | Id=9214798
ERROR | Element 15620234 | Category=Air Terminals | Family= | Parameter=NWB_WBS01 | Reason=readonly | Writable sample: AHU_AreaServed, AHU_Serves, AHU_Type, AHU_ZoneNumber, AQ, Building_No, COMPLETE Y/N, Classification.UniFormat.2010.Description, Classification.UniFormat.2010.Number, Comments, Export to IFC, Export to IFC As, Family, Family and Type, Flow, IFC Predefined Type, IfcGUID, Image, Legend Description, Location
INFO | Candidate: NWB_WBS02 | Scope=instance | Storage=String | ReadOnly=False | Shared=True | Id=9214786
INFO | Candidate: NWB_WBS03 | Scope=instance | Storage=String | ReadOnly=False | Shared=True | Id=9214750
INFO | Candidate: NWB_WBS04 | Scope=instance | Storage=String | ReadOnly=True | Shared=True | Id=9214762
ERROR | Element 15620234 | Category=Air Terminals | Family= | Parameter=NWB_WBS04 | Reason=readonly | Writable sample: AHU_AreaServed, AHU_Serves, AHU_Type, AHU_ZoneNumber, AQ, Building_No, COMPLETE Y/N, Classification.UniFormat.2010.Description, Classification.UniFormat.2010.Number, Comments, Export to IFC, Export to IFC As, Family, Family and Type, Flow, IFC Predefined Type, IfcGUID, Image, Legend Description, Location
INFO | Candidate: NWB_WBS05 | Scope=instance | Storage=String | ReadOnly=True | Shared=True | Id=9214810
ERROR | Element 15620234 | Category=Air Terminals | Family= | Parameter=NWB_WBS05 | Reason=readonly | Writable sample: AHU_AreaServed, AHU_Serves, AHU_Type, AHU_ZoneNumber, AQ, Building_No, COMPLETE Y/N, Classification.UniFormat.2010.Description, Classification.UniFormat.2010.Number, Comments, Export to IFC, Export to IFC As, Family, Family and Type, Flow, IFC Predefined Type, IfcGUID, Image, Legend Description, Location
INFO | Candidate: NWB_WBSCode | Scope=instance | Storage=String | ReadOnly=False | Shared=True | Id=9214774
SOURCE | Element 15620234 | Cat=Air Terminals | Family=MHT-ME-AT - Supply Air Grille | Type= | Level= | System=Supply Air | LinkedRoomLink=NWB-ARC-WBH-AR-MOD-0036 | LinkedRoomNumber=HDU.09.079 | LinkedRoomName=Ensuite, Special | LinkedRoomDept=HDU | LinkedRoomBuilding= | LinkedRoomSite= | LinkedRoomSource=self | ResolvedDept=HDU | ResolvedBuilding= | ResolvedSite= | DisciplineHint=mechanical | AssetCandidates=air terminals, air terminal | WBS00=WBH | WBS01=HO | WBS03=HDU | DesignPkg=NWB-GEN-ME-SCM-1091-A | BuildingPermitPkg=WBH - BP09
ELEMENT | 15620234 | Cat=Air Terminals | AssetScore=45 | AssetTypeCode=MSAG | AssetType=Supply Air Grille | AssetCategory=Air Terminal | Targets=NWB_AssetTypeCode=MSAG; NWB_AssetType=Supply Air Grille; NWB_Discipline=ME; NWB_Category=Air Terminal; NWB_Department=HDU; NWB_Material=; NWB_System=Supply Air; NWB_UniclassCode=Pr_70_65_04_03; NWB_UniclassDescription=Air grilles; NWB_DesignPkg=NWB-GEN-ME-SCM-1091-A; NWB_BuildingPermitPkg=WBH - BP09; NWB_WBS00=WBH; NWB_WBS01=HO; NWB_WBS02=09; NWB_WBS03=HDU; NWB_WBS04=ME; NWB_WBS05=SI5; NWB_WBSCode=WBH-HO-09-HDU-ME-SI5
INFO | Candidate: NWB_AssetTypeCode | Scope=instance | Storage=String | ReadOnly=False | Shared=True | Id=7626182
INFO | Candidate: NWB_AssetType | Scope=instance | Storage=String | ReadOnly=False | Shared=True | Id=7626181
INFO | Candidate: NWB_Discipline | Scope=instance | Storage=String | ReadOnly=False | Shared=True | Id=7626159
INFO | Candidate: NWB_Category | Scope=instance | Storage=String | ReadOnly=False | Shared=True | Id=7626160
INFO | Candidate: NWB_System | Scope=instance | Storage=String | ReadOnly=False | Shared=True | Id=7626163
INFO | Candidate: NWB_UniclassCode | Scope=instance | Storage=String | ReadOnly=False | Shared=True | Id=7626165
INFO | Candidate: NWB_UniclassDescription | Scope=instance | Storage=String | ReadOnly=False | Shared=True | Id=7626166
INFO | Candidate: NWB_DesignPkg | Scope=instance | Storage=String | ReadOnly=False | Shared=True | Id=7626167
ERROR | Element 15621370 | Category=Ducts | Family= | Parameter=NWB_BuildingPermitPkg | Reason=missing | Writable sample: AHU, AHU_AreaServed, AHU_Serves, AHU_Type, AHU_ZoneNumber, Additional Flow, Building_No, COMPLETE Y/N, Classification.OmniClass.21.Description_INSTANCE, Classification.OmniClass.21.Number_INSTANCE, Classification.OmniClass.22.Description_INSTANCE, Classification.OmniClass.22.Number_INSTANCE, Classification.OmniClass.23.Description_INSTANCE, Classification.OmniClass.23.Number_INSTANCE, Classification.UniFormat.2010.Description, Classification.UniFormat.2010.Number, Comments, DUCT NUMBER, Description BOM Suffix, Duct Number
INFO | Candidate: NWB_WBS00 | Scope=instance | Storage=String | ReadOnly=False | Shared=True | Id=9214738
INFO | Candidate: NWB_WBS01 | Scope=instance | Storage=String | ReadOnly=False | Shared=True | Id=9214798
INFO | Candidate: NWB_WBS02 | Scope=instance | Storage=String | ReadOnly=False | Shared=True | Id=9214786
INFO | Candidate: NWB_WBS03 | Scope=instance | Storage=String | ReadOnly=False | Shared=True | Id=9214750
INFO | Candidate: NWB_WBS04 | Scope=instance | Storage=String | ReadOnly=False | Shared=True | Id=9214762
INFO | Candidate: NWB_WBS05 | Scope=instance | Storage=String | ReadOnly=False | Shared=True | Id=9214810
INFO | Candidate: NWB_WBSCode | Scope=instance | Storage=String | ReadOnly=False | Shared=True | Id=9214774
SOURCE | Element 15621370 | Cat=Ducts | Family=Rectangular Duct | Type= | Level=LEVEL 09 | System=Exhaust Air | LinkedRoomLink= | LinkedRoomNumber= | LinkedRoomName= | LinkedRoomDept= | LinkedRoomBuilding= | LinkedRoomSite= | LinkedRoomSource= | ResolvedDept= | ResolvedBuilding= | ResolvedSite= | DisciplineHint=mechanical | AssetCandidates=ducts, ductwork | WBS00=WBH | WBS01=HO | WBS03=Z00 | DesignPkg=NWB-GEN-ME-SCM-1091-A | BuildingPermitPkg=WBH - BP09
WARN | Element 15621370 | Department unresolved | ExistingNWBDepartment= | ExistingWBS00=WBH | ExistingWBS01=HO | ExistingDiscipline=ME
ELEMENT | 15621370 | Cat=Ducts | AssetScore=45 | AssetTypeCode=MDUC | AssetType=Ductwork | AssetCategory=Ductwork | Targets=NWB_AssetTypeCode=MDUC; NWB_AssetType=Ductwork; NWB_Discipline=ME; NWB_Category=Ductwork; NWB_Department=; NWB_Material=; NWB_System=Exhaust Air; NWB_UniclassCode=Pr_65_65_25; NWB_UniclassDescription=Ductwork and fittings; NWB_DesignPkg=NWB-GEN-ME-SCM-1091-A; NWB_BuildingPermitPkg=WBH - BP09; NWB_WBS00=WBH; NWB_WBS01=HO; NWB_WBS02=09; NWB_WBS03=Z00; NWB_WBS04=ME; NWB_WBS05=SI5; NWB_WBSCode=WBH-HO-09-Z00-ME-SI5
INFO | Candidate: NWB_AssetTypeCode | Scope=instance | Storage=String | ReadOnly=False | Shared=True | Id=7626182
INFO | Candidate: NWB_AssetType | Scope=instance | Storage=String | ReadOnly=False | Shared=True | Id=7626181
INFO | Candidate: NWB_Discipline | Scope=instance | Storage=String | ReadOnly=False | Shared=True | Id=7626159
INFO | Candidate: NWB_Category | Scope=instance | Storage=String | ReadOnly=False | Shared=True | Id=7626160
INFO | Candidate: NWB_System | Scope=instance | Storage=String | ReadOnly=False | Shared=True | Id=7626163
INFO | Candidate: NWB_UniclassCode | Scope=instance | Storage=String | ReadOnly=False | Shared=True | Id=7626165
INFO | Candidate: NWB_UniclassDescription | Scope=instance | Storage=String | ReadOnly=False | Shared=True | Id=7626166
INFO | Candidate: NWB_DesignPkg | Scope=instance | Storage=String | ReadOnly=False | Shared=True | Id=7626167
ERROR | Element 15621371 | Category=Ducts | Family= | Parameter=NWB_BuildingPermitPkg | Reason=missing | Writable sample: AHU, AHU_AreaServed, AHU_Serves, AHU_Type, AHU_ZoneNumber, Additional Flow, Building_No, COMPLETE Y/N, Classification.OmniClass.21.Description_INSTANCE, Classification.OmniClass.21.Number_INSTANCE, Classification.OmniClass.22.Description_INSTANCE, Classification.OmniClass.22.Number_INSTANCE, Classification.OmniClass.23.Description_INSTANCE, Classification.OmniClass.23.Number_INSTANCE, Classification.UniFormat.2010.Description, Classification.UniFormat.2010.Number, Comments, DUCT NUMBER, Description BOM Suffix, Duct Number
INFO | Candidate: NWB_WBS00 | Scope=instance | Storage=String | ReadOnly=False | Shared=True | Id=9214738
INFO | Candidate: NWB_WBS01 | Scope=instance | Storage=String | ReadOnly=False | Shared=True | Id=9214798
INFO | Candidate: NWB_WBS02 | Scope=instance | Storage=String | ReadOnly=False | Shared=True | Id=9214786
INFO | Candidate: NWB_WBS03 | Scope=instance | Storage=String | ReadOnly=False | Shared=True | Id=9214750
INFO | Candidate: NWB_WBS04 | Scope=instance | Storage=String | ReadOnly=False | Shared=True | Id=9214762
INFO | Candidate: NWB_WBS05 | Scope=instance | Storage=String | ReadOnly=False | Shared=True | Id=9214810
INFO | Candidate: NWB_WBSCode | Scope=instance | Storage=String | ReadOnly=False | Shared=True | Id=9214774
SOURCE | Element 15621371 | Cat=Ducts | Family=Rectangular Duct | Type= | Level=LEVEL 09 | System=Exhaust Air | LinkedRoomLink= | LinkedRoomNumber= | LinkedRoomName= | LinkedRoomDept= | LinkedRoomBuilding= | LinkedRoomSite= | LinkedRoomSource= | ResolvedDept= | ResolvedBuilding= | ResolvedSite= | DisciplineHint=mechanical | AssetCandidates=ducts, ductwork | WBS00=WBH | WBS01=HO | WBS03=Z00 | DesignPkg=NWB-GEN-ME-SCM-1091-A | BuildingPermitPkg=WBH - BP09
WARN | Element 15621371 | Department unresolved | ExistingNWBDepartment= | ExistingWBS00=WBH | ExistingWBS01=HO | ExistingDiscipline=ME
ELEMENT | 15621371 | Cat=Ducts | AssetScore=45 | AssetTypeCode=MDUC | AssetType=Ductwork | AssetCategory=Ductwork | Targets=NWB_AssetTypeCode=MDUC; NWB_AssetType=Ductwork; NWB_Discipline=ME; NWB_Category=Ductwork; NWB_Department=; NWB_Material=; NWB_System=Exhaust Air; NWB_UniclassCode=Pr_65_65_25; NWB_UniclassDescription=Ductwork and fittings; NWB_DesignPkg=NWB-GEN-ME-SCM-1091-A; NWB_BuildingPermitPkg=WBH - BP09; NWB_WBS00=WBH; NWB_WBS01=HO; NWB_WBS02=09; NWB_WBS03=Z00; NWB_WBS04=ME; NWB_WBS05=SI5; NWB_WBSCode=WBH-HO-09-Z00-ME-SI5
INFO | Candidate: NWB_AssetTypeCode | Scope=instance | Storage=String | ReadOnly=False | Shared=True | Id=3045149
INFO | Candidate: NWB_AssetTypeCode | Scope=instance | Storage=String | ReadOnly=False | Shared=True | Id=7626182
INFO | Found 2 parameters named NWB_AssetTypeCode
INFO | SELECTED | Shared Parameter | Scope=instance | ReadOnly=False | Id=3045149
INFO | SELECTED | Shared Parameter | Scope=instance | ReadOnly=False | Id=7626182
INFO | Candidate: NWB_AssetType | Scope=instance | Storage=String | ReadOnly=False | Shared=True | Id=3045150
INFO | Candidate: NWB_AssetType | Scope=instance | Storage=String | ReadOnly=False | Shared=True | Id=7626181
INFO | Found 2 parameters named NWB_AssetType
INFO | SELECTED | Shared Parameter | Scope=instance | ReadOnly=False | Id=3045150
INFO | SELECTED | Shared Parameter | Scope=instance | ReadOnly=False | Id=7626181
INFO | Candidate: NWB_Discipline | Scope=instance | Storage=String | ReadOnly=False | Shared=True | Id=3045151
INFO | Candidate: NWB_Discipline | Scope=instance | Storage=String | ReadOnly=False | Shared=True | Id=7626159
INFO | Found 2 parameters named NWB_Discipline
INFO | SELECTED | Shared Parameter | Scope=instance | ReadOnly=False | Id=3045151
INFO | SELECTED | Shared Parameter | Scope=instance | ReadOnly=False | Id=7626159
INFO | Candidate: NWB_Category | Scope=instance | Storage=String | ReadOnly=False | Shared=True | Id=3045152
INFO | Candidate: NWB_Category | Scope=instance | Storage=String | ReadOnly=False | Shared=True | Id=7626160
INFO | Found 2 parameters named NWB_Category
INFO | SELECTED | Shared Parameter | Scope=instance | ReadOnly=False | Id=3045152
INFO | SELECTED | Shared Parameter | Scope=instance | ReadOnly=False | Id=7626160
INFO | Candidate: NWB_System | Scope=instance | Storage=String | ReadOnly=False | Shared=True | Id=3045155
INFO | Candidate: NWB_System | Scope=instance | Storage=String | ReadOnly=False | Shared=True | Id=7626163
INFO | Found 2 parameters named NWB_System
INFO | SELECTED | Shared Parameter | Scope=instance | ReadOnly=False | Id=3045155
INFO | SELECTED | Shared Parameter | Scope=instance | ReadOnly=False | Id=7626163
INFO | Candidate: NWB_UniclassCode | Scope=instance | Storage=String | ReadOnly=False | Shared=True | Id=3045156
INFO | Candidate: NWB_UniclassCode | Scope=instance | Storage=String | ReadOnly=False | Shared=True | Id=7626165
INFO | Found 2 parameters named NWB_UniclassCode
INFO | SELECTED | Shared Parameter | Scope=instance | ReadOnly=False | Id=3045156
INFO | SELECTED | Shared Parameter | Scope=instance | ReadOnly=False | Id=7626165
INFO | Candidate: NWB_UniclassDescription | Scope=instance | Storage=String | ReadOnly=False | Shared=True | Id=3045157
INFO | Candidate: NWB_UniclassDescription | Scope=instance | Storage=String | ReadOnly=False | Shared=True | Id=7626166
INFO | Found 2 parameters named NWB_UniclassDescription
INFO | SELECTED | Shared Parameter | Scope=instance | ReadOnly=False | Id=3045157
INFO | SELECTED | Shared Parameter | Scope=instance | ReadOnly=False | Id=7626166
INFO | Candidate: NWB_DesignPkg | Scope=instance | Storage=String | ReadOnly=False | Shared=True | Id=3045158
INFO | Candidate: NWB_DesignPkg | Scope=instance | Storage=String | ReadOnly=False | Shared=True | Id=7626167
INFO | Found 2 parameters named NWB_DesignPkg
INFO | SELECTED | Shared Parameter | Scope=instance | ReadOnly=False | Id=3045158
INFO | SELECTED | Shared Parameter | Scope=instance | ReadOnly=False | Id=7626167
ERROR | Element 15621372 | Category=Duct Fittings | Family= | Parameter=NWB_BuildingPermitPkg | Reason=missing | Writable sample: AHU, AHU_AreaServed, AHU_Serves, AHU_Type, AHU_ZoneNumber, Building_No, COMPLETE Y/N, Classification.OmniClass.21.Description_INSTANCE, Classification.OmniClass.21.Number_INSTANCE, Classification.OmniClass.22.Description_INSTANCE, Classification.OmniClass.22.Number_INSTANCE, Classification.OmniClass.23.Description_INSTANCE, Classification.OmniClass.23.Number_INSTANCE, Classification.UniFormat.2010.Description, Classification.UniFormat.2010.Number, Comments, Description BOM Suffix, Duct Height, Duct Width, Ductwork Insulation - Lining
INFO | Candidate: NWB_WBS00 | Scope=instance | Storage=String | ReadOnly=False | Shared=True | Id=9214738
INFO | Candidate: NWB_WBS01 | Scope=instance | Storage=String | ReadOnly=False | Shared=True | Id=9214798
INFO | Candidate: NWB_WBS02 | Scope=instance | Storage=String | ReadOnly=False | Shared=True | Id=9214786
INFO | Candidate: NWB_WBS03 | Scope=instance | Storage=String | ReadOnly=False | Shared=True | Id=9214750
INFO | Candidate: NWB_WBS04 | Scope=instance | Storage=String | ReadOnly=False | Shared=True | Id=9214762
INFO | Candidate: NWB_WBS05 | Scope=instance | Storage=String | ReadOnly=False | Shared=True | Id=9214810
INFO | Candidate: NWB_WBSCode | Scope=instance | Storage=String | ReadOnly=False | Shared=True | Id=9214774
SOURCE | Element 15621372 | Cat=Duct Fittings | Family=MHT-ME-DF-Rectangular Short Radius Bend - Flanged | Type= | Level=LEVEL 09 | System=Exhaust Air | LinkedRoomLink= | LinkedRoomNumber= | LinkedRoomName= | LinkedRoomDept= | LinkedRoomBuilding= | LinkedRoomSite= | LinkedRoomSource= | ResolvedDept= | ResolvedBuilding= | ResolvedSite= | DisciplineHint=mechanical | AssetCandidates=duct fittings, ductwork | WBS00=WBH | WBS01=HO | WBS03=Z00 | DesignPkg=NWB-GEN-ME-SCM-1091-A | BuildingPermitPkg=WBH - BP09
WARN | Element 15621372 | Department unresolved | ExistingNWBDepartment= | ExistingWBS00=WBH | ExistingWBS01=HO | ExistingDiscipline=ME
ELEMENT | 15621372 | Cat=Duct Fittings | AssetScore=45 | AssetTypeCode=MDUC | AssetType=Ductwork | AssetCategory=Ductwork | Targets=NWB_AssetTypeCode=MDUC; NWB_AssetType=Ductwork; NWB_Discipline=ME; NWB_Category=Ductwork; NWB_Department=; NWB_Material=; NWB_System=Exhaust Air; NWB_UniclassCode=Pr_65_65_25; NWB_UniclassDescription=Ductwork and fittings; NWB_DesignPkg=NWB-GEN-ME-SCM-1091-A; NWB_BuildingPermitPkg=WBH - BP09; NWB_WBS00=WBH; NWB_WBS01=HO; NWB_WBS02=09; NWB_WBS03=Z00; NWB_WBS04=ME; NWB_WBS05=SI5; NWB_WBSCode=WBH-HO-09-Z00-ME-SI5
INFO | Candidate: NWB_AssetTypeCode | Scope=instance | Storage=String | ReadOnly=False | Shared=True | Id=3045149
INFO | Candidate: NWB_AssetTypeCode | Scope=instance | Storage=String | ReadOnly=False | Shared=True | Id=7626182
INFO | Found 2 parameters named NWB_AssetTypeCode
INFO | SELECTED | Shared Parameter | Scope=instance | ReadOnly=False | Id=3045149
INFO | SELECTED | Shared Parameter | Scope=instance | ReadOnly=False | Id=7626182
INFO | Candidate: NWB_AssetType | Scope=instance | Storage=String | ReadOnly=False | Shared=True | Id=3045150
INFO | Candidate: NWB_AssetType | Scope=instance | Storage=String | ReadOnly=False | Shared=True | Id=7626181
INFO | Found 2 parameters named NWB_AssetType
INFO | SELECTED | Shared Parameter | Scope=instance | ReadOnly=False | Id=3045150
INFO | SELECTED | Shared Parameter | Scope=instance | ReadOnly=False | Id=7626181
INFO | Candidate: NWB_Discipline | Scope=instance | Storage=String | ReadOnly=False | Shared=True | Id=3045151
INFO | Candidate: NWB_Discipline | Scope=instance | Storage=String | ReadOnly=False | Shared=True | Id=7626159
INFO | Found 2 parameters named NWB_Discipline
INFO | SELECTED | Shared Parameter | Scope=instance | ReadOnly=False | Id=3045151
INFO | SELECTED | Shared Parameter | Scope=instance | ReadOnly=False | Id=7626159
INFO | Candidate: NWB_Category | Scope=instance | Storage=String | ReadOnly=False | Shared=True | Id=3045152
INFO | Candidate: NWB_Category | Scope=instance | Storage=String | ReadOnly=False | Shared=True | Id=7626160
INFO | Found 2 parameters named NWB_Category
INFO | SELECTED | Shared Parameter | Scope=instance | ReadOnly=False | Id=3045152
INFO | SELECTED | Shared Parameter | Scope=instance | ReadOnly=False | Id=7626160
INFO | Candidate: NWB_System | Scope=instance | Storage=String | ReadOnly=False | Shared=True | Id=3045155
INFO | Candidate: NWB_System | Scope=instance | Storage=String | ReadOnly=False | Shared=True | Id=7626163
INFO | Found 2 parameters named NWB_System
INFO | SELECTED | Shared Parameter | Scope=instance | ReadOnly=False | Id=3045155
INFO | SELECTED | Shared Parameter | Scope=instance | ReadOnly=False | Id=7626163
INFO | Candidate: NWB_UniclassCode | Scope=instance | Storage=String | ReadOnly=False | Shared=True | Id=3045156
INFO | Candidate: NWB_UniclassCode | Scope=instance | Storage=String | ReadOnly=False | Shared=True | Id=7626165
INFO | Found 2 parameters named NWB_UniclassCode
INFO | SELECTED | Shared Parameter | Scope=instance | ReadOnly=False | Id=3045156
INFO | SELECTED | Shared Parameter | Scope=instance | ReadOnly=False | Id=7626165
INFO | Candidate: NWB_UniclassDescription | Scope=instance | Storage=String | ReadOnly=False | Shared=True | Id=3045157
INFO | Candidate: NWB_UniclassDescription | Scope=instance | Storage=String | ReadOnly=False | Shared=True | Id=7626166
INFO | Found 2 parameters named NWB_UniclassDescription
INFO | SELECTED | Shared Parameter | Scope=instance | ReadOnly=False | Id=3045157
INFO | SELECTED | Shared Parameter | Scope=instance | ReadOnly=False | Id=7626166
INFO | Candidate: NWB_DesignPkg | Scope=instance | Storage=String | ReadOnly=False | Shared=True | Id=3045158
INFO | Candidate: NWB_DesignPkg | Scope=instance | Storage=String | ReadOnly=False | Shared=True | Id=7626167
INFO | Found 2 parameters named NWB_DesignPkg
INFO | SELECTED | Shared Parameter | Scope=instance | ReadOnly=False | Id=3045158
INFO | SELECTED | Shared Parameter | Scope=instance | ReadOnly=False | Id=7626167
ERROR | Element 15621378 | Category=Duct Fittings | Family= | Parameter=NWB_BuildingPermitPkg | Reason=missing | Writable sample: AHU, AHU_AreaServed, AHU_Serves, AHU_Type, AHU_ZoneNumber, Building_No, COMPLETE Y/N, Classification.OmniClass.21.Description_INSTANCE, Classification.OmniClass.21.Number_INSTANCE, Classification.OmniClass.22.Description_INSTANCE, Classification.OmniClass.22.Number_INSTANCE, Classification.OmniClass.23.Description_INSTANCE, Classification.OmniClass.23.Number_INSTANCE, Classification.UniFormat.2010.Description, Classification.UniFormat.2010.Number, Comments, Description BOM Suffix, Duct Height, Duct Width, Ductwork Insulation - Lining
INFO | Candidate: NWB_WBS00 | Scope=instance | Storage=String | ReadOnly=False | Shared=True | Id=9214738
INFO | Candidate: NWB_WBS01 | Scope=instance | Storage=String | ReadOnly=False | Shared=True | Id=9214798
INFO | Candidate: NWB_WBS02 | Scope=instance | Storage=String | ReadOnly=False | Shared=True | Id=9214786
INFO | Candidate: NWB_WBS03 | Scope=instance | Storage=String | ReadOnly=False | Shared=True | Id=9214750
INFO | Candidate: NWB_WBS04 | Scope=instance | Storage=String | ReadOnly=False | Shared=True | Id=9214762
INFO | Candidate: NWB_WBS05 | Scope=instance | Storage=String | ReadOnly=False | Shared=True | Id=9214810
INFO | Candidate: NWB_WBSCode | Scope=instance | Storage=String | ReadOnly=False | Shared=True | Id=9214774
SOURCE | Element 15621378 | Cat=Duct Fittings | Family=MHT-ME-DF-Rectangular Short Radius Bend - Flanged | Type= | Level=LEVEL 09 | System=Exhaust Air | LinkedRoomLink= | LinkedRoomNumber= | LinkedRoomName= | LinkedRoomDept= | LinkedRoomBuilding= | LinkedRoomSite= | LinkedRoomSource= | ResolvedDept= | ResolvedBuilding= | ResolvedSite= | DisciplineHint=mechanical | AssetCandidates=duct fittings, ductwork | WBS00=WBH | WBS01=HO | WBS03=Z00 | DesignPkg=NWB-GEN-ME-SCM-1091-A | BuildingPermitPkg=WBH - BP09
WARN | Element 15621378 | Department unresolved | ExistingNWBDepartment= | ExistingWBS00=WBH | ExistingWBS01=HO | ExistingDiscipline=ME
ELEMENT | 15621378 | Cat=Duct Fittings | AssetScore=45 | AssetTypeCode=MDUC | AssetType=Ductwork | AssetCategory=Ductwork | Targets=NWB_AssetTypeCode=MDUC; NWB_AssetType=Ductwork; NWB_Discipline=ME; NWB_Category=Ductwork; NWB_Department=; NWB_Material=; NWB_System=Exhaust Air; NWB_UniclassCode=Pr_65_65_25; NWB_UniclassDescription=Ductwork and fittings; NWB_DesignPkg=NWB-GEN-ME-SCM-1091-A; NWB_BuildingPermitPkg=WBH - BP09; NWB_WBS00=WBH; NWB_WBS01=HO; NWB_WBS02=09; NWB_WBS03=Z00; NWB_WBS04=ME; NWB_WBS05=SI5; NWB_WBSCode=WBH-HO-09-Z00-ME-SI5
INFO | Candidate: NWB_AssetTypeCode | Scope=instance | Storage=String | ReadOnly=False | Shared=True | Id=3045149
INFO | Candidate: NWB_AssetTypeCode | Scope=instance | Storage=String | ReadOnly=False | Shared=True | Id=7626182
INFO | Found 2 parameters named NWB_AssetTypeCode
INFO | SELECTED | Shared Parameter | Scope=instance | ReadOnly=False | Id=3045149
INFO | SELECTED | Shared Parameter | Scope=instance | ReadOnly=False | Id=7626182
INFO | Candidate: NWB_AssetType | Scope=instance | Storage=String | ReadOnly=False | Shared=True | Id=3045150
INFO | Candidate: NWB_AssetType | Scope=instance | Storage=String | ReadOnly=False | Shared=True | Id=7626181
INFO | Found 2 parameters named NWB_AssetType
INFO | SELECTED | Shared Parameter | Scope=instance | ReadOnly=False | Id=3045150
INFO | SELECTED | Shared Parameter | Scope=instance | ReadOnly=False | Id=7626181
INFO | Candidate: NWB_Discipline | Scope=instance | Storage=String | ReadOnly=False | Shared=True | Id=3045151
INFO | Candidate: NWB_Discipline | Scope=instance | Storage=String | ReadOnly=False | Shared=True | Id=7626159
INFO | Found 2 parameters named NWB_Discipline
INFO | SELECTED | Shared Parameter | Scope=instance | ReadOnly=False | Id=3045151
INFO | SELECTED | Shared Parameter | Scope=instance | ReadOnly=False | Id=7626159
INFO | Candidate: NWB_Category | Scope=instance | Storage=String | ReadOnly=False | Shared=True | Id=3045152
INFO | Candidate: NWB_Category | Scope=instance | Storage=String | ReadOnly=False | Shared=True | Id=7626160
INFO | Found 2 parameters named NWB_Category
INFO | SELECTED | Shared Parameter | Scope=instance | ReadOnly=False | Id=3045152
INFO | SELECTED | Shared Parameter | Scope=instance | ReadOnly=False | Id=7626160
INFO | Candidate: NWB_System | Scope=instance | Storage=String | ReadOnly=False | Shared=True | Id=3045155
INFO | Candidate: NWB_System | Scope=instance | Storage=String | ReadOnly=False | Shared=True | Id=7626163
INFO | Found 2 parameters named NWB_System
INFO | SELECTED | Shared Parameter | Scope=instance | ReadOnly=False | Id=3045155
INFO | SELECTED | Shared Parameter | Scope=instance | ReadOnly=False | Id=7626163
INFO | Candidate: NWB_UniclassCode | Scope=instance | Storage=String | ReadOnly=False | Shared=True | Id=3045156
INFO | Candidate: NWB_UniclassCode | Scope=instance | Storage=String | ReadOnly=False | Shared=True | Id=7626165
INFO | Found 2 parameters named NWB_UniclassCode
INFO | SELECTED | Shared Parameter | Scope=instance | ReadOnly=False | Id=3045156
INFO | SELECTED | Shared Parameter | Scope=instance | ReadOnly=False | Id=7626165
INFO | Candidate: NWB_UniclassDescription | Scope=instance | Storage=String | ReadOnly=False | Shared=True | Id=3045157
INFO | Candidate: NWB_UniclassDescription | Scope=instance | Storage=String | ReadOnly=False | Shared=True | Id=7626166
INFO | Found 2 parameters named NWB_UniclassDescription
INFO | SELECTED | Shared Parameter | Scope=instance | ReadOnly=False | Id=3045157
INFO | SELECTED | Shared Parameter | Scope=instance | ReadOnly=False | Id=7626166
INFO | Candidate: NWB_DesignPkg | Scope=instance | Storage=String | ReadOnly=False | Shared=True | Id=3045158
INFO | Candidate: NWB_DesignPkg | Scope=instance | Storage=String | ReadOnly=False | Shared=True | Id=7626167
INFO | Found 2 parameters named NWB_DesignPkg
INFO | SELECTED | Shared Parameter | Scope=instance | ReadOnly=False | Id=3045158
INFO | SELECTED | Shared Parameter | Scope=instance | ReadOnly=False | Id=7626167
ERROR | Element 15639084 | Category=Duct Fittings | Family= | Parameter=NWB_BuildingPermitPkg | Reason=missing | Writable sample: AHU, AHU_AreaServed, AHU_Serves, AHU_Type, AHU_ZoneNumber, Building_No, COMPLETE Y/N, Classification.OmniClass.21.Description_INSTANCE, Classification.OmniClass.21.Number_INSTANCE, Classification.OmniClass.22.Description_INSTANCE, Classification.OmniClass.22.Number_INSTANCE, Classification.OmniClass.23.Description_INSTANCE, Classification.OmniClass.23.Number_INSTANCE, Classification.UniFormat.2010.Description, Classification.UniFormat.2010.Number, Comments, Description BOM Suffix, Ductwork Insulation - Lining, Elevation from Level, Export to IFC
INFO | Candidate: NWB_WBS00 | Scope=instance | Storage=String | ReadOnly=False | Shared=True | Id=9214738
INFO | Candidate: NWB_WBS01 | Scope=instance | Storage=String | ReadOnly=False | Shared=True | Id=9214798
INFO | Candidate: NWB_WBS02 | Scope=instance | Storage=String | ReadOnly=False | Shared=True | Id=9214786
INFO | Candidate: NWB_WBS03 | Scope=instance | Storage=String | ReadOnly=False | Shared=True | Id=9214750
INFO | Candidate: NWB_WBS04 | Scope=instance | Storage=String | ReadOnly=False | Shared=True | Id=9214762
INFO | Candidate: NWB_WBS05 | Scope=instance | Storage=String | ReadOnly=False | Shared=True | Id=9214810
INFO | Candidate: NWB_WBSCode | Scope=instance | Storage=String | ReadOnly=False | Shared=True | Id=9214774
SOURCE | Element 15639084 | Cat=Duct Fittings | Family=MHT-ME-DF-Rectangular Eccentric Taper - Flanged-01 | Type= | Level=LEVEL 09 | System=Supply Air | LinkedRoomLink= | LinkedRoomNumber= | LinkedRoomName= | LinkedRoomDept= | LinkedRoomBuilding= | LinkedRoomSite= | LinkedRoomSource= | ResolvedDept= | ResolvedBuilding= | ResolvedSite= | DisciplineHint=mechanical | AssetCandidates=duct fittings, ductwork | WBS00=WBH | WBS01=HO | WBS03=Z00 | DesignPkg=NWB-GEN-ME-SCM-1091-A | BuildingPermitPkg=WBH - BP09
WARN | Element 15639084 | Department unresolved | ExistingNWBDepartment= | ExistingWBS00=WBH | ExistingWBS01=HO | ExistingDiscipline=ME
ELEMENT | 15639084 | Cat=Duct Fittings | AssetScore=45 | AssetTypeCode=MDUC | AssetType=Ductwork | AssetCategory=Ductwork | Targets=NWB_AssetTypeCode=MDUC; NWB_AssetType=Ductwork; NWB_Discipline=ME; NWB_Category=Ductwork; NWB_Department=; NWB_Material=; NWB_System=Supply Air; NWB_UniclassCode=Pr_65_65_25; NWB_UniclassDescription=Ductwork and fittings; NWB_DesignPkg=NWB-GEN-ME-SCM-1091-A; NWB_BuildingPermitPkg=WBH - BP09; NWB_WBS00=WBH; NWB_WBS01=HO; NWB_WBS02=09; NWB_WBS03=Z00; NWB_WBS04=ME; NWB_WBS05=SI5; NWB_WBSCode=WBH-HO-09-Z00-ME-SI5
INFO | Candidate: NWB_AssetTypeCode | Scope=instance | Storage=String | ReadOnly=False | Shared=True | Id=3045149
INFO | Candidate: NWB_AssetTypeCode | Scope=instance | Storage=String | ReadOnly=False | Shared=True | Id=7626182
INFO | Found 2 parameters named NWB_AssetTypeCode
INFO | SELECTED | Shared Parameter | Scope=instance | ReadOnly=False | Id=3045149
INFO | SELECTED | Shared Parameter | Scope=instance | ReadOnly=False | Id=7626182
INFO | Candidate: NWB_AssetType | Scope=instance | Storage=String | ReadOnly=False | Shared=True | Id=3045150
INFO | Candidate: NWB_AssetType | Scope=instance | Storage=String | ReadOnly=False | Shared=True | Id=7626181
INFO | Found 2 parameters named NWB_AssetType
INFO | SELECTED | Shared Parameter | Scope=instance | ReadOnly=False | Id=3045150
INFO | SELECTED | Shared Parameter | Scope=instance | ReadOnly=False | Id=7626181
INFO | Candidate: NWB_Discipline | Scope=instance | Storage=String | ReadOnly=False | Shared=True | Id=3045151
INFO | Candidate: NWB_Discipline | Scope=instance | Storage=String | ReadOnly=False | Shared=True | Id=7626159
INFO | Found 2 parameters named NWB_Discipline
INFO | SELECTED | Shared Parameter | Scope=instance | ReadOnly=False | Id=3045151
INFO | SELECTED | Shared Parameter | Scope=instance | ReadOnly=False | Id=7626159
INFO | Candidate: NWB_Category | Scope=instance | Storage=String | ReadOnly=False | Shared=True | Id=3045152
INFO | Candidate: NWB_Category | Scope=instance | Storage=String | ReadOnly=False | Shared=True | Id=7626160
INFO | Found 2 parameters named NWB_Category
INFO | SELECTED | Shared Parameter | Scope=instance | ReadOnly=False | Id=3045152
INFO | SELECTED | Shared Parameter | Scope=instance | ReadOnly=False | Id=7626160
INFO | Candidate: NWB_System | Scope=instance | Storage=String | ReadOnly=False | Shared=True | Id=3045155
INFO | Candidate: NWB_System | Scope=instance | Storage=String | ReadOnly=False | Shared=True | Id=7626163
INFO | Found 2 parameters named NWB_System
INFO | SELECTED | Shared Parameter | Scope=instance | ReadOnly=False | Id=3045155
INFO | SELECTED | Shared Parameter | Scope=instance | ReadOnly=False | Id=7626163
INFO | Candidate: NWB_UniclassCode | Scope=instance | Storage=String | ReadOnly=False | Shared=True | Id=3045156
INFO | Candidate: NWB_UniclassCode | Scope=instance | Storage=String | ReadOnly=False | Shared=True | Id=7626165
INFO | Found 2 parameters named NWB_UniclassCode
INFO | SELECTED | Shared Parameter | Scope=instance | ReadOnly=False | Id=3045156
INFO | SELECTED | Shared Parameter | Scope=instance | ReadOnly=False | Id=7626165
INFO | Candidate: NWB_UniclassDescription | Scope=instance | Storage=String | ReadOnly=False | Shared=True | Id=3045157
INFO | Candidate: NWB_UniclassDescription | Scope=instance | Storage=String | ReadOnly=False | Shared=True | Id=7626166
INFO | Found 2 parameters named NWB_UniclassDescription
INFO | SELECTED | Shared Parameter | Scope=instance | ReadOnly=False | Id=3045157
INFO | SELECTED | Shared Parameter | Scope=instance | ReadOnly=False | Id=7626166
INFO | Candidate: NWB_DesignPkg | Scope=instance | Storage=String | ReadOnly=False | Shared=True | Id=3045158
INFO | Candidate: NWB_DesignPkg | Scope=instance | Storage=String | ReadOnly=False | Shared=True | Id=7626167
INFO | Found 2 parameters named NWB_DesignPkg
INFO | SELECTED | Shared Parameter | Scope=instance | ReadOnly=False | Id=3045158
INFO | SELECTED | Shared Parameter | Scope=instance | ReadOnly=False | Id=7626167
ERROR | Element 15639088 | Category=Duct Fittings | Family= | Parameter=NWB_BuildingPermitPkg | Reason=missing | Writable sample: AHU, AHU_AreaServed, AHU_Serves, AHU_Type, AHU_ZoneNumber, Building_No, COMPLETE Y/N, Classification.OmniClass.21.Description_INSTANCE, Classification.OmniClass.21.Number_INSTANCE, Classification.OmniClass.22.Description_INSTANCE, Classification.OmniClass.22.Number_INSTANCE, Classification.OmniClass.23.Description_INSTANCE, Classification.OmniClass.23.Number_INSTANCE, Classification.UniFormat.2010.Description, Classification.UniFormat.2010.Number, Comments, Description BOM Suffix, Ductwork Insulation - Lining, Elevation from Level, Export to IFC
INFO | Candidate: NWB_WBS00 | Scope=instance | Storage=String | ReadOnly=False | Shared=True | Id=9214738
INFO | Candidate: NWB_WBS01 | Scope=instance | Storage=String | ReadOnly=False | Shared=True | Id=9214798
INFO | Candidate: NWB_WBS02 | Scope=instance | Storage=String | ReadOnly=False | Shared=True | Id=9214786
INFO | Candidate: NWB_WBS03 | Scope=instance | Storage=String | ReadOnly=False | Shared=True | Id=9214750
INFO | Candidate: NWB_WBS04 | Scope=instance | Storage=String | ReadOnly=False | Shared=True | Id=9214762
INFO | Candidate: NWB_WBS05 | Scope=instance | Storage=String | ReadOnly=False | Shared=True | Id=9214810
INFO | Candidate: NWB_WBSCode | Scope=instance | Storage=String | ReadOnly=False | Shared=True | Id=9214774
SOURCE | Element 15639088 | Cat=Duct Fittings | Family=MHT-ME-DF-Rectangular Eccentric Taper - Flanged-01 | Type= | Level=LEVEL 09 | System=Supply Air | LinkedRoomLink= | LinkedRoomNumber= | LinkedRoomName= | LinkedRoomDept= | LinkedRoomBuilding= | LinkedRoomSite= | LinkedRoomSource= | ResolvedDept= | ResolvedBuilding= | ResolvedSite= | DisciplineHint=mechanical | AssetCandidates=duct fittings, ductwork | WBS00=WBH | WBS01=HO | WBS03=Z00 | DesignPkg=NWB-GEN-ME-SCM-1091-A | BuildingPermitPkg=WBH - BP09
WARN | Element 15639088 | Department unresolved | ExistingNWBDepartment= | ExistingWBS00=WBH | ExistingWBS01=HO | ExistingDiscipline=ME
ELEMENT | 15639088 | Cat=Duct Fittings | AssetScore=45 | AssetTypeCode=MDUC | AssetType=Ductwork | AssetCategory=Ductwork | Targets=NWB_AssetTypeCode=MDUC; NWB_AssetType=Ductwork; NWB_Discipline=ME; NWB_Category=Ductwork; NWB_Department=; NWB_Material=; NWB_System=Supply Air; NWB_UniclassCode=Pr_65_65_25; NWB_UniclassDescription=Ductwork and fittings; NWB_DesignPkg=NWB-GEN-ME-SCM-1091-A; NWB_BuildingPermitPkg=WBH - BP09; NWB_WBS00=WBH; NWB_WBS01=HO; NWB_WBS02=09; NWB_WBS03=Z00; NWB_WBS04=ME; NWB_WBS05=SI5; NWB_WBSCode=WBH-HO-09-Z00-ME-SI5
INFO | Transaction Status = Committed
CHUNK COMMIT | Status=Committed | Processed=140
INFO | VERIFY OK | Element 13124053 | Parameter=NWB_AssetTypeCode | Kind=Shared Parameter | Scope=instance | Id=7626182 | Actual='MAGS'
INFO | VERIFY OK | Element 13124053 | Parameter=NWB_AssetType | Kind=Shared Parameter | Scope=instance | Id=7626181 | Actual='Air Grilles'
INFO | VERIFY OK | Element 13124053 | Parameter=NWB_Discipline | Kind=Shared Parameter | Scope=instance | Id=7626159 | Actual='ME'
INFO | VERIFY OK | Element 13124053 | Parameter=NWB_UniclassDescription | Kind=Shared Parameter | Scope=instance | Id=7626166 | Actual='Air grilles'
INFO | VERIFY OK | Element 13124053 | Parameter=NWB_DesignPkg | Kind=Shared Parameter | Scope=instance | Id=7626167 | Actual='NWB-GEN-ME-SCM-1091-A'
INFO | VERIFY OK | Element 13124053 | Parameter=NWB_WBS03 | Kind=Shared Parameter | Scope=instance | Id=9214750 | Actual='Z00'
INFO | VERIFY OK | Element 13124053 | Parameter=NWB_WBSCode | Kind=Shared Parameter | Scope=instance | Id=9214774 | Actual='WBH-HO-09-Z00-ME-SI5'
INFO | VERIFY OK | Element 13143241 | Parameter=NWB_Department | Kind=Shared Parameter | Scope=instance | Id=7626168 | Actual='High Dependency Unit'
INFO | VERIFY OK | Element 13143241 | Parameter=NWB_WBS03 | Kind=Shared Parameter | Scope=instance | Id=9214750 | Actual='HDU'
INFO | VERIFY OK | Element 13143241 | Parameter=NWB_WBSCode | Kind=Shared Parameter | Scope=instance | Id=9214774 | Actual='WBH-HO-09-HDU-ME-SI5'
INFO | VERIFY OK | Element 13363794 | Parameter=NWB_Department | Kind=Shared Parameter | Scope=instance | Id=7626168 | Actual='HDU'
INFO | VERIFY OK | Element 13363794 | Parameter=NWB_WBS03 | Kind=Shared Parameter | Scope=instance | Id=9214750 | Actual='HDU'
INFO | VERIFY OK | Element 13363794 | Parameter=NWB_WBSCode | Kind=Shared Parameter | Scope=instance | Id=9214774 | Actual='WBH-HO-09-HDU-ME-SI5'
INFO | VERIFY OK | Element 13363839 | Parameter=NWB_Department | Kind=Shared Parameter | Scope=instance | Id=7626168 | Actual='High Dependency Unit'
INFO | VERIFY OK | Element 13363842 | Parameter=NWB_Department | Kind=Shared Parameter | Scope=instance | Id=7626168 | Actual='High Dependency Unit'
INFO | VERIFY OK | Element 13569045 | Parameter=NWB_WBS05 | Kind=Shared Parameter | Scope=instance | Id=9214810 | Actual='SI5'
INFO | VERIFY OK | Element 13569045 | Parameter=NWB_WBSCode | Kind=Shared Parameter | Scope=instance | Id=9214774 | Actual='WBH-HO-09-HDU-ME-SI5'
INFO | VERIFY OK | Element 13569046 | Parameter=NWB_AssetType | Kind=Shared Parameter | Scope=instance | Id=7626181 | Actual='Supply Air Grille'
INFO | VERIFY OK | Element 13569046 | Parameter=NWB_Discipline | Kind=Shared Parameter | Scope=instance | Id=7626159 | Actual='ME'
INFO | VERIFY OK | Element 13569046 | Parameter=NWB_UniclassDescription | Kind=Shared Parameter | Scope=instance | Id=7626166 | Actual='Air grilles'
INFO | VERIFY OK | Element 13569046 | Parameter=NWB_DesignPkg | Kind=Shared Parameter | Scope=instance | Id=7626167 | Actual='NWB-GEN-ME-SCM-1091-A'
INFO | VERIFY OK | Element 13569046 | Parameter=NWB_WBS03 | Kind=Shared Parameter | Scope=instance | Id=9214750 | Actual='Z00'
INFO | VERIFY OK | Element 13569046 | Parameter=NWB_WBSCode | Kind=Shared Parameter | Scope=instance | Id=9214774 | Actual='WBH-HO-09-Z00-ME-SI5'
INFO | VERIFY OK | Element 13569050 | Parameter=NWB_AssetTypeCode | Kind=Shared Parameter | Scope=instance | Id=7626182 | Actual='MDUC'
INFO | VERIFY OK | Element 13569050 | Parameter=NWB_AssetType | Kind=Shared Parameter | Scope=instance | Id=7626181 | Actual='Ductwork'
INFO | VERIFY OK | Element 13569050 | Parameter=NWB_Discipline | Kind=Shared Parameter | Scope=instance | Id=7626159 | Actual='ME'
INFO | VERIFY OK | Element 13569050 | Parameter=NWB_Category | Kind=Shared Parameter | Scope=instance | Id=7626160 | Actual='Ductwork'
INFO | VERIFY OK | Element 13569050 | Parameter=NWB_UniclassCode | Kind=Shared Parameter | Scope=instance | Id=7626165 | Actual='Pr_65_65_25'
INFO | VERIFY OK | Element 13569050 | Parameter=NWB_UniclassDescription | Kind=Shared Parameter | Scope=instance | Id=7626166 | Actual='Ductwork and fittings'
INFO | VERIFY OK | Element 13569050 | Parameter=NWB_DesignPkg | Kind=Shared Parameter | Scope=instance | Id=7626167 | Actual='NWB-GEN-ME-SCM-1091-A'
INFO | VERIFY OK | Element 14874096 | Parameter=NWB_WBS05 | Kind=Shared Parameter | Scope=instance | Id=9214810 | Actual='SI5'
INFO | VERIFY OK | Element 14874096 | Parameter=NWB_WBSCode | Kind=Shared Parameter | Scope=instance | Id=9214774 | Actual='WBH-HO-09-Z00-ME-SI5'
INFO | VERIFY OK | Element 14874103 | Parameter=NWB_AssetTypeCode | Kind=Shared Parameter | Scope=instance | Id=3045149 | Actual='MDUC'
INFO | VERIFY OK | Element 14874103 | Parameter=NWB_AssetTypeCode | Kind=Shared Parameter | Scope=instance | Id=7626182 | Actual='MDUC'
INFO | VERIFY OK | Element 14874103 | Parameter=NWB_AssetType | Kind=Shared Parameter | Scope=instance | Id=3045150 | Actual='Ductwork'
INFO | VERIFY OK | Element 14874103 | Parameter=NWB_AssetType | Kind=Shared Parameter | Scope=instance | Id=7626181 | Actual='Ductwork'
INFO | VERIFY OK | Element 14874103 | Parameter=NWB_Discipline | Kind=Shared Parameter | Scope=instance | Id=3045151 | Actual='ME'
INFO | VERIFY OK | Element 14874103 | Parameter=NWB_Discipline | Kind=Shared Parameter | Scope=instance | Id=7626159 | Actual='ME'
INFO | VERIFY OK | Element 14874103 | Parameter=NWB_Category | Kind=Shared Parameter | Scope=instance | Id=3045152 | Actual='Ductwork'
INFO | VERIFY OK | Element 14874103 | Parameter=NWB_Category | Kind=Shared Parameter | Scope=instance | Id=7626160 | Actual='Ductwork'
INFO | VERIFY OK | Element 14874103 | Parameter=NWB_System | Kind=Shared Parameter | Scope=instance | Id=7626163 | Actual='Exhaust Air'
INFO | VERIFY OK | Element 14874103 | Parameter=NWB_UniclassCode | Kind=Shared Parameter | Scope=instance | Id=3045156 | Actual='Pr_65_65_25'
INFO | VERIFY OK | Element 14874103 | Parameter=NWB_UniclassCode | Kind=Shared Parameter | Scope=instance | Id=7626165 | Actual='Pr_65_65_25'
INFO | VERIFY OK | Element 14874103 | Parameter=NWB_UniclassDescription | Kind=Shared Parameter | Scope=instance | Id=3045157 | Actual='Ductwork and fittings'
INFO | VERIFY OK | Element 14874103 | Parameter=NWB_UniclassDescription | Kind=Shared Parameter | Scope=instance | Id=7626166 | Actual='Ductwork and fittings'
INFO | VERIFY OK | Element 14874103 | Parameter=NWB_DesignPkg | Kind=Shared Parameter | Scope=instance | Id=3045158 | Actual='NWB-GEN-ME-SCM-1091-A'
INFO | VERIFY OK | Element 14874103 | Parameter=NWB_DesignPkg | Kind=Shared Parameter | Scope=instance | Id=7626167 | Actual='NWB-GEN-ME-SCM-1091-A'
INFO | VERIFY OK | Element 14874103 | Parameter=NWB_WBS00 | Kind=Shared Parameter | Scope=instance | Id=9214738 | Actual='WBH'
INFO | VERIFY OK | Element 14874103 | Parameter=NWB_WBS01 | Kind=Shared Parameter | Scope=instance | Id=9214798 | Actual='HO'
INFO | VERIFY OK | Element 14874103 | Parameter=NWB_WBS03 | Kind=Shared Parameter | Scope=instance | Id=9214750 | Actual='Z00'
INFO | VERIFY OK | Element 14874103 | Parameter=NWB_WBS04 | Kind=Shared Parameter | Scope=instance | Id=9214762 | Actual='ME'
INFO | VERIFY OK | Element 14874103 | Parameter=NWB_WBS05 | Kind=Shared Parameter | Scope=instance | Id=9214810 | Actual='SI5'
INFO | VERIFY OK | Element 14874103 | Parameter=NWB_WBSCode | Kind=Shared Parameter | Scope=instance | Id=9214774 | Actual='WBH-HO-09-Z00-ME-SI5'
INFO | VERIFY OK | Element 14906521 | Parameter=NWB_Department | Kind=Shared Parameter | Scope=instance | Id=7626168 | Actual='Inpatient Obstetric 3'
INFO | VERIFY OK | Element 14906521 | Parameter=NWB_WBS03 | Kind=Shared Parameter | Scope=instance | Id=9214750 | Actual='IP3'
INFO | VERIFY OK | Element 14906521 | Parameter=NWB_WBSCode | Kind=Shared Parameter | Scope=instance | Id=9214774 | Actual='WBH-HO-09-IP3-ME-SI5'
INFO | VERIFY OK | Element 14907327 | Parameter=NWB_Department | Kind=Shared Parameter | Scope=instance | Id=7626168 | Actual='High Dependency Unit'
INFO | VERIFY OK | Element 14907327 | Parameter=NWB_WBS03 | Kind=Shared Parameter | Scope=instance | Id=9214750 | Actual='HDU'
INFO | VERIFY OK | Element 14907327 | Parameter=NWB_WBSCode | Kind=Shared Parameter | Scope=instance | Id=9214774 | Actual='WBH-HO-09-HDU-ME-SI5'
INFO | VERIFY OK | Element 14908849 | Parameter=NWB_Department | Kind=Shared Parameter | Scope=instance | Id=7626168 | Actual='HDU'
INFO | VERIFY OK | Element 14908849 | Parameter=NWB_WBS03 | Kind=Shared Parameter | Scope=instance | Id=9214750 | Actual='HDU'
INFO | VERIFY OK | Element 14908849 | Parameter=NWB_WBSCode | Kind=Shared Parameter | Scope=instance | Id=9214774 | Actual='WBH-HO-09-HDU-ME-SI5'
INFO | VERIFY OK | Element 14909295 | Parameter=NWB_Department | Kind=Shared Parameter | Scope=instance | Id=7626168 | Actual='Inpatient Obstetric 3'
INFO | VERIFY OK | Element 14909295 | Parameter=NWB_WBS03 | Kind=Shared Parameter | Scope=instance | Id=9214750 | Actual='IP3'
INFO | VERIFY OK | Element 14909295 | Parameter=NWB_WBSCode | Kind=Shared Parameter | Scope=instance | Id=9214774 | Actual='WBH-HO-09-IP3-ME-SI5'
INFO | VERIFY OK | Element 14914203 | Parameter=NWB_AssetTypeCode | Kind=Shared Parameter | Scope=instance | Id=7626182 | Actual='MDUC'
INFO | VERIFY OK | Element 14914203 | Parameter=NWB_AssetType | Kind=Shared Parameter | Scope=instance | Id=7626181 | Actual='Ductwork'
INFO | VERIFY OK | Element 14914203 | Parameter=NWB_Discipline | Kind=Shared Parameter | Scope=instance | Id=7626159 | Actual='ME'
INFO | VERIFY OK | Element 14914203 | Parameter=NWB_Category | Kind=Shared Parameter | Scope=instance | Id=7626160 | Actual='Ductwork'
INFO | VERIFY OK | Element 14914203 | Parameter=NWB_UniclassCode | Kind=Shared Parameter | Scope=instance | Id=7626165 | Actual='Pr_65_65_25'
INFO | VERIFY OK | Element 14914203 | Parameter=NWB_UniclassDescription | Kind=Shared Parameter | Scope=instance | Id=7626166 | Actual='Ductwork and fittings'
INFO | VERIFY OK | Element 14914203 | Parameter=NWB_DesignPkg | Kind=Shared Parameter | Scope=instance | Id=7626167 | Actual='NWB-GEN-ME-SCM-1091-A'
INFO | VERIFY OK | Element 14914203 | Parameter=NWB_WBS00 | Kind=Shared Parameter | Scope=instance | Id=9214738 | Actual='WBH'
INFO | VERIFY OK | Element 14914203 | Parameter=NWB_WBS01 | Kind=Shared Parameter | Scope=instance | Id=9214798 | Actual='HO'
INFO | VERIFY OK | Element 14914203 | Parameter=NWB_WBS03 | Kind=Shared Parameter | Scope=instance | Id=9214750 | Actual='Z00'
INFO | VERIFY OK | Element 14914203 | Parameter=NWB_WBS04 | Kind=Shared Parameter | Scope=instance | Id=9214762 | Actual='ME'
INFO | VERIFY OK | Element 14914203 | Parameter=NWB_WBS05 | Kind=Shared Parameter | Scope=instance | Id=9214810 | Actual='SI5'
INFO | VERIFY OK | Element 14914203 | Parameter=NWB_WBSCode | Kind=Shared Parameter | Scope=instance | Id=9214774 | Actual='WBH-HO-09-Z00-ME-SI5'
INFO | VERIFY OK | Element 14914279 | Parameter=NWB_AssetTypeCode | Kind=Shared Parameter | Scope=instance | Id=3045149 | Actual='MDUC'
INFO | VERIFY OK | Element 14914279 | Parameter=NWB_AssetTypeCode | Kind=Shared Parameter | Scope=instance | Id=7626182 | Actual='MDUC'
INFO | VERIFY OK | Element 14914279 | Parameter=NWB_AssetType | Kind=Shared Parameter | Scope=instance | Id=3045150 | Actual='Ductwork'
INFO | VERIFY OK | Element 14914279 | Parameter=NWB_AssetType | Kind=Shared Parameter | Scope=instance | Id=7626181 | Actual='Ductwork'
INFO | VERIFY OK | Element 14914279 | Parameter=NWB_Discipline | Kind=Shared Parameter | Scope=instance | Id=3045151 | Actual='ME'
INFO | VERIFY OK | Element 14914279 | Parameter=NWB_Discipline | Kind=Shared Parameter | Scope=instance | Id=7626159 | Actual='ME'
INFO | VERIFY OK | Element 14914279 | Parameter=NWB_Category | Kind=Shared Parameter | Scope=instance | Id=3045152 | Actual='Ductwork'
INFO | VERIFY OK | Element 14914279 | Parameter=NWB_Category | Kind=Shared Parameter | Scope=instance | Id=7626160 | Actual='Ductwork'
INFO | VERIFY OK | Element 14914279 | Parameter=NWB_System | Kind=Shared Parameter | Scope=instance | Id=7626163 | Actual='Supply Air'
INFO | VERIFY OK | Element 14914279 | Parameter=NWB_UniclassCode | Kind=Shared Parameter | Scope=instance | Id=3045156 | Actual='Pr_65_65_25'
INFO | VERIFY OK | Element 14914279 | Parameter=NWB_UniclassCode | Kind=Shared Parameter | Scope=instance | Id=7626165 | Actual='Pr_65_65_25'
INFO | VERIFY OK | Element 14914279 | Parameter=NWB_UniclassDescription | Kind=Shared Parameter | Scope=instance | Id=3045157 | Actual='Ductwork and fittings'
INFO | VERIFY OK | Element 14914279 | Parameter=NWB_UniclassDescription | Kind=Shared Parameter | Scope=instance | Id=7626166 | Actual='Ductwork and fittings'
INFO | VERIFY OK | Element 14914279 | Parameter=NWB_DesignPkg | Kind=Shared Parameter | Scope=instance | Id=3045158 | Actual='NWB-GEN-ME-SCM-1091-A'
INFO | VERIFY OK | Element 14914279 | Parameter=NWB_DesignPkg | Kind=Shared Parameter | Scope=instance | Id=7626167 | Actual='NWB-GEN-ME-SCM-1091-A'
INFO | VERIFY OK | Element 14914279 | Parameter=NWB_WBS00 | Kind=Shared Parameter | Scope=instance | Id=9214738 | Actual='WBH'
INFO | VERIFY OK | Element 14914279 | Parameter=NWB_WBS01 | Kind=Shared Parameter | Scope=instance | Id=9214798 | Actual='HO'
INFO | VERIFY OK | Element 14914279 | Parameter=NWB_WBS03 | Kind=Shared Parameter | Scope=instance | Id=9214750 | Actual='Z00'
INFO | VERIFY OK | Element 14914279 | Parameter=NWB_WBS04 | Kind=Shared Parameter | Scope=instance | Id=9214762 | Actual='ME'
INFO | VERIFY OK | Element 14914279 | Parameter=NWB_WBS05 | Kind=Shared Parameter | Scope=instance | Id=9214810 | Actual='SI5'
INFO | VERIFY OK | Element 14914279 | Parameter=NWB_WBSCode | Kind=Shared Parameter | Scope=instance | Id=9214774 | Actual='WBH-HO-09-Z00-ME-SI5'
INFO | VERIFY OK | Element 14914493 | Parameter=NWB_WBS05 | Kind=Shared Parameter | Scope=instance | Id=9214810 | Actual='SI5'
INFO | VERIFY OK | Element 14914493 | Parameter=NWB_WBSCode | Kind=Shared Parameter | Scope=instance | Id=9214774 | Actual='WBH-HO-09-Z00-ME-SI5'
INFO | VERIFY OK | Element 14928170 | Parameter=NWB_Department | Kind=Shared Parameter | Scope=instance | Id=7626168 | Actual='HDU'
INFO | VERIFY OK | Element 14928170 | Parameter=NWB_WBS03 | Kind=Shared Parameter | Scope=instance | Id=9214750 | Actual='HDU'
INFO | VERIFY OK | Element 14928170 | Parameter=NWB_WBSCode | Kind=Shared Parameter | Scope=instance | Id=9214774 | Actual='WBH-HO-09-HDU-ME-SI5'
INFO | VERIFY OK | Element 15619029 | Parameter=NWB_Department | Kind=Shared Parameter | Scope=instance | Id=7626168 | Actual='High Dependency Unit'
INFO | VERIFY OK | Element 15619029 | Parameter=NWB_WBS03 | Kind=Shared Parameter | Scope=instance | Id=9214750 | Actual='HDU'
INFO | VERIFY OK | Element 15619029 | Parameter=NWB_WBSCode | Kind=Shared Parameter | Scope=instance | Id=9214774 | Actual='WBH-HO-09-HDU-ME-SI5'
END | Attempted=107 | Written=107 | Skipped=2461 | VerifyFailed=0 | SharedWrites=107 | FamilyWrites=0 | TypeWrites=0 | InstanceWrites=107 | ReadOnly=104 | MissingTarget=140 | SkipTargetMode=0 | DuplicateParameter=152 | SkipWorksharing=0 | Failed=0 | Cancelled=False
