"run_stamp","tool","view_name","view_mode","processing_scope","write_mode","parameter_target_mode","worksharing_mode","element_id","category","family","type","level","name","size_text","parsed_width","parsed_height","parsed_diameter","target_parameter","requested_value","actual_before","actual_after","outcome","reason","target_scope","target_kind","target_param_id","target_definition_name","target_storage","target_is_read_only","candidate_count","selected_target_count"
"20260814_142509","NWB Dim AutoFill","Multi-Category Schedule 2","schedule","view","skip","SharedOnly","skip-other-users","264298","Duct Systems","Duct System","","","SPS 5","","","","","","","","","SKIP","size empty","","","","","","","",""
"20260814_142509","NWB Dim AutoFill","Multi-Category Schedule 2","schedule","view","skip","SharedOnly","skip-other-users","269814","Duct Systems","Duct System","","","SPS 3","","","","","","","","","SKIP","size empty","","","","","","","",""
"20260814_142509","NWB Dim AutoFill","Multi-Category Schedule 2","schedule","view","skip","SharedOnly","skip-other-users","270499","Ducts","Rectangular Duct","","GROUND","Flanged Long Radius Elbows / Shoe Branch","2350x1175","2350","1175","","NWB_DimDiameter","","","","SKIP","no parsed value","","","","NWB_DimDiameter","","","",""
"20260814_142509","NWB Dim AutoFill","Multi-Category Schedule 2","schedule","view","skip","SharedOnly","skip-other-users","270634","Ducts","Rectangular Duct","","GROUND","Flanged Long Radius Elbows / Shoe Branch","2350x1175","2350","1175","","NWB_DimWidth","2350","2350","2350","SKIP","existing-kept","instance","Shared Parameter","7626175","NWB_DimWidth","String","False","1","1"
"20260814_142509","NWB Dim AutoFill","Multi-Category Schedule 2","schedule","view","skip","SharedOnly","skip-other-users","270634","Ducts","Rectangular Duct","","GROUND","Flanged Long Radius Elbows / Shoe Branch","2350x1175","2350","1175","","NWB_DimHeight","1175","1175","1175","SKIP","existing-kept","instance","Shared Parameter","7626170","NWB_DimHeight","String","False","1","1"
"20260814_142509","NWB Dim AutoFill","Multi-Category Schedule 2","schedule","view","skip","SharedOnly","skip-other-users","270634","Ducts","Rectangular Duct","","GROUND","Flanged Long Radius Elbows / Shoe Branch","2350x1175","2350","1175","","NWB_DimDiameter","","","","SKIP","no parsed value","","","","NWB_DimDiameter","","","",""
"20260814_142509","NWB Dim AutoFill","Multi-Category Schedule 2","schedule","view","skip","SharedOnly","skip-other-users","489601","Generic Models","MHT-ME-GM-Placeholder","","LEVEL 01","MHT-ME-GM-Placeholder 1","","","","","","","","","SKIP","size empty","","","","","","","",""
"20260814_142509","NWB Dim AutoFill","Multi-Category Schedule 2","schedule","view","skip","SharedOnly","skip-other-users","490749","Generic Models","MHT-ME-GM-Placeholder","","LEVEL 02","MHT-ME-GM-Placeholder 1","","","","","","","","","SKIP","size empty","","","","","","","",""
"20260814_142509","NWB Dim AutoFill","Multi-Category Schedule 2","schedule","view","skip","SharedOnly","skip-other-users","491064","Generic Models","MHT-ME-GM-Placeholder","","LEVEL 03","MHT-ME-GM-Placeholder 1","","","","","","","","","SKIP","size empty","","","","","","","",""
"20260814_142509","NWB Dim AutoFill","Multi-Category Schedule 2","schedule","view","skip","SharedOnly","skip-other-users","495147","Generic Models","MHT-ME-GM-Placeholder","","LEVEL 06","MHT-ME-GM-Placeholder 1","","","","","","","","","SKIP","size empty","","","","","","","",""
"20260814_142509","NWB Dim AutoFill","Multi-Category Schedule 2","schedule","view","skip","SharedOnly","skip-other-users","497104","Generic Models","MHT-ME-GM-Placeholder","","LEVEL 12","MHT-ME-GM-Placeholder 1","","","","","","","","","SKIP","size empty","","","","","","","",""
"20260814_142509","NWB Dim AutoFill","Multi-Category Schedule 2","schedule","view","skip","SharedOnly","skip-other-users","517135","Ducts","Rectangular Duct","","LEVEL 06","Flanged Long Radius Elbows / Shoe Branch","1200x850","1200","850","","NWB_DimWidth","1200","2350","2350","SKIP","existing-kept","instance","Shared Parameter","7626175","NWB_DimWidth","String","False","1","1"
"20260814_142509","NWB Dim AutoFill","Multi-Category Schedule 2","schedule","view","skip","SharedOnly","skip-other-users","517135","Ducts","Rectangular Duct","","LEVEL 06","Flanged Long Radius Elbows / Shoe Branch","1200x850","1200","850","","NWB_DimHeight","850","1175","1175","SKIP","existing-kept","instance","Shared Parameter","7626170","NWB_DimHeight","String","False","1","1"
"20260814_142509","NWB Dim AutoFill","Multi-Category Schedule 2","schedule","view","skip","SharedOnly","skip-other-users","517135","Ducts","Rectangular Duct","","LEVEL 06","Flanged Long Radius Elbows / Shoe Branch","1200x850","1200","850","","NWB_DimDiameter","","","","SKIP","no parsed value","","","","NWB_DimDiameter","","","",""
"20260814_142509","NWB Dim AutoFill","Multi-Category Schedule 2","schedule","view","skip","SharedOnly","skip-other-users","517136","Duct Systems","Duct System","","","Mechanical PNEUMATIC RISER 1","","","","","","","","","SKIP","size empty","","","","","","","",""
"20260814_142509","NWB Dim AutoFill","Multi-Category Schedule 2","schedule","view","skip","SharedOnly","skip-other-users","523732","Generic Models","MHT-ME-GM-Placeholder","","LEVEL 07","MHT-ME-GM-Placeholder 1","","","","","","","","","SKIP","size empty","","","","","","","",""
"20260814_142509","NWB Dim AutoFill","Multi-Category Schedule 2","schedule","view","skip","SharedOnly","skip-other-users","1283824","Generic Models","MHT-ME-GM-Access Zone","","LEVEL 06","MHT-ME-GM-Access Zone","","","","","","","","","SKIP","size empty","","","","","","","",""
"20260814_142509","NWB Dim AutoFill","Multi-Category Schedule 2","schedule","view","skip","SharedOnly","skip-other-users","1283879","Generic Models","MHT-ME-GM-Access Zone","","LEVEL 06","MHT-ME-GM-Access Zone","","","","","","","","","SKIP","size empty","","","","","","","",""
"20260814_142509","NWB Dim AutoFill","Multi-Category Schedule 2","schedule","view","skip","SharedOnly","skip-other-users","1284585","Generic Models","MHT-ME-GM-Access Zone","","LEVEL 06","MHT-ME-GM-Access Zone","","","","","","","","","SKIP","size empty","","","","","","","",""
"20260814_142509","NWB Dim AutoFill","Multi-Category Schedule 2","schedule","view","skip","SharedOnly","skip-other-users","1284758","Generic Models","MHT-ME-GM-Access Zone","","LEVEL 06","MHT-ME-GM-Access Zone","","","","","","","","","SKIP","size empty","","","","","","","",""
"20260814_142509","NWB Dim AutoFill","Multi-Category Schedule 2","schedule","view","skip","SharedOnly","skip-other-users","1284792","Generic Models","MHT-ME-GM-Access Zone","","LEVEL 06","MHT-ME-GM-Access Zone","","","","","","","","","SKIP","size empty","","","","","","","",""
"20260814_142509","NWB Dim AutoFill","Multi-Category Schedule 2","schedule","view","skip","SharedOnly","skip-other-users","1284944","Generic Models","MHT-ME-GM-Access Zone","","LEVEL 06","MHT-ME-GM-Access Zone","","","","","","","","","SKIP","size empty","","","","","","","",""
"20260814_142509","NWB Dim AutoFill","Multi-Category Schedule 2","schedule","view","skip","SharedOnly","skip-other-users","1287284","Generic Models","MHT-ME-GM-Access Zone","","LEVEL 06","MHT-ME-GM-Access Zone","","","","","","","","","SKIP","size empty","","","","","","","",""
"20260814_142509","NWB Dim AutoFill","Multi-Category Schedule 2","schedule","view","skip","SharedOnly","skip-other-users","1287673","Generic Models","MHT-ME-GM-Access Zone","","LEVEL 06","MHT-ME-GM-Access Zone","","","","","","","","","SKIP","size empty","","","","","","","",""
"20260814_142509","NWB Dim AutoFill","Multi-Category Schedule 2","schedule","view","skip","SharedOnly","skip-other-users","1380934","Generic Models","MHT-ME-GM-Walk Zone","","GROUND LOWER","MHT-ME-GM-Walk Zone 1","","","","","","","","","SKIP","size empty","","","","","","","",""
"20260814_142509","NWB Dim AutoFill","Multi-Category Schedule 2","schedule","view","skip","SharedOnly","skip-other-users","1505568","Generic Models","MHT-ME-GM-Pipe Zone","","LEVEL 06","MHT-ME-GM-Pipe Zone","","","","","","","","","SKIP","size empty","","","","","","","",""
"20260814_142509","NWB Dim AutoFill","Multi-Category Schedule 2","schedule","view","skip","SharedOnly","skip-other-users","1507008","Generic Models","MHT-ME-GM-Pipe Zone","","LEVEL 06","MHT-ME-GM-Pipe Zone","","","","","","","","","SKIP","size empty","","","","","","","",""
"20260814_142509","NWB Dim AutoFill","Multi-Category Schedule 2","schedule","view","skip","SharedOnly","skip-other-users","1507095","Generic Models","MHT-ME-GM-Pipe Zone","","LEVEL 06","MHT-ME-GM-Pipe Zone","","","","","","","","","SKIP","size empty","","","","","","","",""
"20260814_142509","NWB Dim AutoFill","Multi-Category Schedule 2","schedule","view","skip","SharedOnly","skip-other-users","1507361","Generic Models","MHT-ME-GM-Pipe Zone","","LEVEL 06","MHT-ME-GM-Pipe Zone","","","","","","","","","SKIP","size empty","","","","","","","",""
"20260814_142509","NWB Dim AutoFill","Multi-Category Schedule 2","schedule","view","skip","SharedOnly","skip-other-users","1507601","Generic Models","MHT-ME-GM-Pipe Zone","","LEVEL 06","MHT-ME-GM-Pipe Zone","","","","","","","","","SKIP","size empty","","","","","","","",""
"20260814_142509","NWB Dim AutoFill","Multi-Category Schedule 2","schedule","view","skip","SharedOnly","skip-other-users","1507724","Generic Models","MHT-ME-GM-Access Zone","","LEVEL 06","MHT-ME-GM-Access Zone","","","","","","","","","SKIP","size empty","","","","","","","",""
"20260814_142509","NWB Dim AutoFill","Multi-Category Schedule 2","schedule","view","skip","SharedOnly","skip-other-users","1507923","Generic Models","MHT-ME-GM-Access Zone","","LEVEL 06","MHT-ME-GM-Access Zone","","","","","","","","","SKIP","size empty","","","","","","","",""
"20260814_142509","NWB Dim AutoFill","Multi-Category Schedule 2","schedule","view","skip","SharedOnly","skip-other-users","1508198","Generic Models","MHT-ME-GM-Pipe Zone","","LEVEL 06","MHT-ME-GM-Pipe Zone","","","","","","","","","SKIP","size empty","","","","","","","",""
"20260814_142509","NWB Dim AutoFill","Multi-Category Schedule 2","schedule","view","skip","SharedOnly","skip-other-users","1508342","Generic Models","MHT-ME-GM-Pipe Zone","","LEVEL 06","MHT-ME-GM-Pipe Zone","","","","","","","","","SKIP","size empty","","","","","","","",""
"20260814_142509","NWB Dim AutoFill","Multi-Category Schedule 2","schedule","view","skip","SharedOnly","skip-other-users","1508538","Generic Models","MHT-ME-GM-Access Zone","","LEVEL 06","MHT-ME-GM-Access Zone","","","","","","","","","SKIP","size empty","","","","","","","",""
"20260814_142509","NWB Dim AutoFill","Multi-Category Schedule 2","schedule","view","skip","SharedOnly","skip-other-users","1693032","Pipes","Pipe Types","","LEVEL 01","Carbon Steel","400ø","","","400","NWB_DimWidth","","","","SKIP","no parsed value","","","","NWB_DimWidth","","","",""
"20260814_142509","NWB Dim AutoFill","Multi-Category Schedule 2","schedule","view","skip","SharedOnly","skip-other-users","1693032","Pipes","Pipe Types","","LEVEL 01","Carbon Steel","400ø","","","400","NWB_DimHeight","","","","SKIP","no parsed value","","","","NWB_DimHeight","","","",""
"20260814_142509","NWB Dim AutoFill","Multi-Category Schedule 2","schedule","view","skip","SharedOnly","skip-other-users","1693032","Pipes","Pipe Types","","LEVEL 01","Carbon Steel","400ø","","","400","NWB_DimDiameter","400","400","400","SKIP","existing-kept","instance","Shared Parameter","7626172","NWB_DimDiameter","String","False","1","1"
"20260814_142509","NWB Dim AutoFill","Multi-Category Schedule 2","schedule","view","skip","SharedOnly","skip-other-users","1693038","Piping Systems","Piping System","","","HWf 5","","","","","","","","","SKIP","size empty","","","","","","","",""
"20260814_142509","NWB Dim AutoFill","Multi-Category Schedule 2","schedule","view","skip","SharedOnly","skip-other-users","1900694","Generic Models","MHT-ME-GM-Walk Zone","","GROUND LOWER","MHT-ME-GM-Walk Zone 1","","","","","","","","","SKIP","size empty","","","","","","","",""
"20260814_142509","NWB Dim AutoFill","Multi-Category Schedule 2","schedule","view","skip","SharedOnly","skip-other-users","1901116","Generic Models","MHT-ME-GM-Walk Zone","","GROUND LOWER","MHT-ME-GM-Walk Zone 1","","","","","","","","","SKIP","size empty","","","","","","","",""
"20260814_142509","NWB Dim AutoFill","Multi-Category Schedule 2","schedule","view","skip","SharedOnly","skip-other-users","1901486","Generic Models","MHT-ME-GM-Walk Zone","","GROUND LOWER","MHT-ME-GM-Walk Zone 1","","","","","","","","","SKIP","size empty","","","","","","","",""
"20260814_142509","NWB Dim AutoFill","Multi-Category Schedule 2","schedule","view","skip","SharedOnly","skip-other-users","1952039","Generic Models","MHT-ME-GM-Walk Zone","","GROUND LOWER","MHT-ME-GM-Walk Zone 1","","","","","","","","","SKIP","size empty","","","","","","","",""
"20260814_142509","NWB Dim AutoFill","Multi-Category Schedule 2","schedule","view","skip","SharedOnly","skip-other-users","1957742","Generic Models","MHT-ME-GM-Placeholder","","GROUND LOWER","MHT-ME-GM-Placeholder","","","","","","","","","SKIP","size empty","","","","","","","",""
"20260814_142509","NWB Dim AutoFill","Multi-Category Schedule 2","schedule","view","skip","SharedOnly","skip-other-users","2012788","Generic Models","MHT-ME-GM-Walk Zone","","GROUND LOWER","MHT-ME-GM-Walk Zone 1","","","","","","","","","SKIP","size empty","","","","","","","",""
"20260814_142509","NWB Dim AutoFill","Multi-Category Schedule 2","schedule","view","skip","SharedOnly","skip-other-users","2012841","Generic Models","MHT-ME-GM-Walk Zone","","GROUND LOWER","MHT-ME-GM-Walk Zone 1","","","","","","","","","SKIP","size empty","","","","","","","",""
"20260814_142509","NWB Dim AutoFill","Multi-Category Schedule 2","schedule","view","skip","SharedOnly","skip-other-users","2012896","Generic Models","MHT-ME-GM-Walk Zone","","GROUND LOWER","MHT-ME-GM-Walk Zone 1","","","","","","","","","SKIP","size empty","","","","","","","",""
"20260814_142509","NWB Dim AutoFill","Multi-Category Schedule 2","schedule","view","skip","SharedOnly","skip-other-users","2012927","Generic Models","MHT-ME-GM-Walk Zone","","GROUND LOWER","MHT-ME-GM-Walk Zone 1","","","","","","","","","SKIP","size empty","","","","","","","",""
"20260814_142509","NWB Dim AutoFill","Multi-Category Schedule 2","schedule","view","skip","SharedOnly","skip-other-users","2061463","Generic Models","MHT-ME-CHILLER PLINTH","","LEVEL 12","MHT-ME-CHILLER PLINTH","","","","","","","","","SKIP","size empty","","","","","","","",""
"20260814_142509","NWB Dim AutoFill","Multi-Category Schedule 2","schedule","view","skip","SharedOnly","skip-other-users","2097886","Generic Models","MHT-ME-GM-Walk Zone","","LEVEL 06","MHT-ME-GM-Walk Zone 1","","","","","","","","","SKIP","size empty","","","","","","","",""
"20260814_142509","NWB Dim AutoFill","Multi-Category Schedule 2","schedule","view","skip","SharedOnly","skip-other-users","2140019","Pipe Insulations","Pipe Insulation","","","Default","","","","","","","","","SKIP","size empty","","","","","","","",""
"20260814_142509","NWB Dim AutoFill","Multi-Category Schedule 2","schedule","view","skip","SharedOnly","skip-other-users","2165497","Generic Models","MHT-ME-GM-Placeholder","","LEVEL 07","MHT-ME-GM-Placeholder 1","","","","","","","","","SKIP","size empty","","","","","","","",""
"20260814_142509","NWB Dim AutoFill","Multi-Category Schedule 2","schedule","view","skip","SharedOnly","skip-other-users","2191228","Generic Models","MHT-ME-GM-Access Zone","","LEVEL 03","MHT-ME-GM-Access Zone","","","","","","","","","SKIP","size empty","","","","","","","",""
"20260814_142509","NWB Dim AutoFill","Multi-Category Schedule 2","schedule","view","skip","SharedOnly","skip-other-users","2191510","Generic Models","MHT-ME-GM-Access Zone","","LEVEL 03","MHT-ME-GM-Access Zone","","","","","","","","","SKIP","size empty","","","","","","","",""
"20260814_142509","NWB Dim AutoFill","Multi-Category Schedule 2","schedule","view","skip","SharedOnly","skip-other-users","2192861","Generic Models","MHT-ME-GM-Placeholder","","LEVEL 07","MHT-ME-GM-Placeholder 1","","","","","","","","","SKIP","size empty","","","","","","","",""
"20260814_142509","NWB Dim AutoFill","Multi-Category Schedule 2","schedule","view","skip","SharedOnly","skip-other-users","2257456","Generic Models","MHT-ME-GM-Placeholder","","LEVEL 03","MHT-ME-GM-Placeholder 1","","","","","","","","","SKIP","size empty","","","","","","","",""
"20260814_142509","NWB Dim AutoFill","Multi-Category Schedule 2","schedule","view","skip","SharedOnly","skip-other-users","2444557","Generic Models","MHT-ME-GM-Placeholder","","LEVEL 02","MHT-ME-GM-Placeholder 1","","","","","","","","","SKIP","size empty","","","","","","","",""
"20260814_142509","NWB Dim AutoFill","Multi-Category Schedule 2","schedule","view","skip","SharedOnly","skip-other-users","2597858","Generic Models","MHT-ME-GM-Placeholder","","LEVEL 12","MHT-ME-GM-Placeholder 1","","","","","","","","","SKIP","size empty","","","","","","","",""
"20260814_142509","NWB Dim AutoFill","Multi-Category Schedule 2","schedule","view","skip","SharedOnly","skip-other-users","2598433","Generic Models","MHT-ME-GM-Placeholder","","LEVEL 12","MHT-ME-GM-Placeholder 1","","","","","","","","","SKIP","size empty","","","","","","","",""
"20260814_142509","NWB Dim AutoFill","Multi-Category Schedule 2","schedule","view","skip","SharedOnly","skip-other-users","2612404","Ducts","Rectangular Duct","","LEVEL 06","Flanged Long Radius Elbows / Shoe Branch","1200x850","1200","850","","NWB_DimWidth","1200","2350","2350","SKIP","existing-kept","instance","Shared Parameter","7626175","NWB_DimWidth","String","False","1","1"
"20260814_142509","NWB Dim AutoFill","Multi-Category Schedule 2","schedule","view","skip","SharedOnly","skip-other-users","2612404","Ducts","Rectangular Duct","","LEVEL 06","Flanged Long Radius Elbows / Shoe Branch","1200x850","1200","850","","NWB_DimHeight","850","1175","1175","SKIP","existing-kept","instance","Shared Parameter","7626170","NWB_DimHeight","String","False","1","1"
"20260814_142509","NWB Dim AutoFill","Multi-Category Schedule 2","schedule","view","skip","SharedOnly","skip-other-users","2612404","Ducts","Rectangular Duct","","LEVEL 06","Flanged Long Radius Elbows / Shoe Branch","1200x850","1200","850","","NWB_DimDiameter","","","","SKIP","no parsed value","","","","NWB_DimDiameter","","","",""
"20260814_142509","NWB Dim AutoFill","Multi-Category Schedule 2","schedule","view","skip","SharedOnly","skip-other-users","2612405","Duct Systems","Duct System","","","Mechanical PNEUMATIC RISER 2","","","","","","","","","SKIP","size empty","","","","","","","",""
"20260814_142509","NWB Dim AutoFill","Multi-Category Schedule 2","schedule","view","skip","SharedOnly","skip-other-users","2613423","Ducts","Rectangular Duct","","GROUND","Flanged Long Radius Elbows / Shoe Branch","1100x1000","1100","1000","","NWB_DimWidth","1100","2350","2350","SKIP","existing-kept","instance","Shared Parameter","7626175","NWB_DimWidth","String","False","1","1"
"20260814_142509","NWB Dim AutoFill","Multi-Category Schedule 2","schedule","view","skip","SharedOnly","skip-other-users","2613423","Ducts","Rectangular Duct","","GROUND","Flanged Long Radius Elbows / Shoe Branch","1100x1000","1100","1000","","NWB_DimHeight","1000","1175","1175","SKIP","existing-kept","instance","Shared Parameter","7626170","NWB_DimHeight","String","False","1","1"
"20260814_142509","NWB Dim AutoFill","Multi-Category Schedule 2","schedule","view","skip","SharedOnly","skip-other-users","2613423","Ducts","Rectangular Duct","","GROUND","Flanged Long Radius Elbows / Shoe Branch","1100x1000","1100","1000","","NWB_DimDiameter","","","","SKIP","no parsed value","","","","NWB_DimDiameter","","","",""
"20260814_142509","NWB Dim AutoFill","Multi-Category Schedule 2","schedule","view","skip","SharedOnly","skip-other-users","2613424","Duct Systems","Duct System","","","RA 24","","","","","","","","","SKIP","size empty","","","","","","","",""
"20260814_142509","NWB Dim AutoFill","Multi-Category Schedule 2","schedule","view","skip","SharedOnly","skip-other-users","2621606","Generic Models","MHT-ME-GM-Placeholder","","LEVEL 09","MHT-ME-GM-Placeholder 1","","","","","","","","","SKIP","size empty","","","","","","","",""
"20260814_142509","NWB Dim AutoFill","Multi-Category Schedule 2","schedule","view","skip","SharedOnly","skip-other-users","2624162","Generic Models","MHT-ME-GM-Placeholder","","LEVEL 07","MHT-ME-GM-Placeholder 1","","","","","","","","","SKIP","size empty","","","","","","","",""
"20260814_142509","NWB Dim AutoFill","Multi-Category Schedule 2","schedule","view","skip","SharedOnly","skip-other-users","2624911","Generic Models","MHT-ME-GM-Placeholder","","LEVEL 09","MHT-ME-GM-Placeholder 1","","","","","","","","","SKIP","size empty","","","","","","","",""
"20260814_142509","NWB Dim AutoFill","Multi-Category Schedule 2","schedule","view","skip","SharedOnly","skip-other-users","2641357","Walls","Basic Wall","","LEVEL 12","Wall 1","","","","","","","","","SKIP","size empty","","","","","","","",""
"20260814_142509","NWB Dim AutoFill","Multi-Category Schedule 2","schedule","view","skip","SharedOnly","skip-other-users","2644670","Ducts","Rectangular Duct","","GROUND","Flanged Long Radius Elbows / Shoe Branch","1700x1700","1700","1700","","NWB_DimWidth","1700","2350","2350","SKIP","existing-kept","instance","Shared Parameter","7626175","NWB_DimWidth","String","False","1","1"
"20260814_142509","NWB Dim AutoFill","Multi-Category Schedule 2","schedule","view","skip","SharedOnly","skip-other-users","2644670","Ducts","Rectangular Duct","","GROUND","Flanged Long Radius Elbows / Shoe Branch","1700x1700","1700","1700","","NWB_DimHeight","1700","1175","1175","SKIP","existing-kept","instance","Shared Parameter","7626170","NWB_DimHeight","String","False","1","1"
"20260814_142509","NWB Dim AutoFill","Multi-Category Schedule 2","schedule","view","skip","SharedOnly","skip-other-users","2644670","Ducts","Rectangular Duct","","GROUND","Flanged Long Radius Elbows / Shoe Branch","1700x1700","1700","1700","","NWB_DimDiameter","","","","SKIP","no parsed value","","","","NWB_DimDiameter","","","",""
"20260814_142509","NWB Dim AutoFill","Multi-Category Schedule 2","schedule","view","skip","SharedOnly","skip-other-users","2644815","Ducts","Rectangular Duct","","GROUND","Flanged Long Radius Elbows / Shoe Branch","1700x1700","1700","1700","","NWB_DimWidth","1700","2350","2350","SKIP","existing-kept","instance","Shared Parameter","7626175","NWB_DimWidth","String","False","1","1"
"20260814_142509","NWB Dim AutoFill","Multi-Category Schedule 2","schedule","view","skip","SharedOnly","skip-other-users","2644815","Ducts","Rectangular Duct","","GROUND","Flanged Long Radius Elbows / Shoe Branch","1700x1700","1700","1700","","NWB_DimHeight","1700","1175","1175","SKIP","existing-kept","instance","Shared Parameter","7626170","NWB_DimHeight","String","False","1","1"
"20260814_142509","NWB Dim AutoFill","Multi-Category Schedule 2","schedule","view","skip","SharedOnly","skip-other-users","2644815","Ducts","Rectangular Duct","","GROUND","Flanged Long Radius Elbows / Shoe Branch","1700x1700","1700","1700","","NWB_DimDiameter","","","","SKIP","no parsed value","","","","NWB_DimDiameter","","","",""
"20260814_142509","NWB Dim AutoFill","Multi-Category Schedule 2","schedule","view","skip","SharedOnly","skip-other-users","2644823","Duct Systems","Duct System","","","SE 47","","","","","","","","","SKIP","size empty","","","","","","","",""
"20260814_142509","NWB Dim AutoFill","Multi-Category Schedule 2","schedule","view","skip","SharedOnly","skip-other-users","2645642","Duct Systems","Duct System","","","SE 46","","","","","","","","","SKIP","size empty","","","","","","","",""
"20260814_142509","NWB Dim AutoFill","Multi-Category Schedule 2","schedule","view","skip","SharedOnly","skip-other-users","2647679","Generic Models","MHT-ME-GM-Placeholder","","LEVEL 02","MHT-ME-GM-Placeholder 1","","","","","","","","","SKIP","size empty","","","","","","","",""
"20260814_142509","NWB Dim AutoFill","Multi-Category Schedule 2","schedule","view","skip","SharedOnly","skip-other-users","2664395","Piping Systems","Piping System","","","MG 1","","","","","","","","","SKIP","size empty","","","","","","","",""
"20260814_142509","NWB Dim AutoFill","Multi-Category Schedule 2","schedule","view","skip","SharedOnly","skip-other-users","2664396","Piping Systems","Piping System","","","MG 2","","","","","","","","","SKIP","size empty","","","","","","","",""
"20260814_142509","NWB Dim AutoFill","Multi-Category Schedule 2","schedule","view","skip","SharedOnly","skip-other-users","2664397","Piping Systems","Piping System","","","MG 3","","","","","","","","","SKIP","size empty","","","","","","","",""
"20260814_142509","NWB Dim AutoFill","Multi-Category Schedule 2","schedule","view","skip","SharedOnly","skip-other-users","2664398","Piping Systems","Piping System","","","MG 4","","","","","","","","","SKIP","size empty","","","","","","","",""
"20260814_142509","NWB Dim AutoFill","Multi-Category Schedule 2","schedule","view","skip","SharedOnly","skip-other-users","2664399","Piping Systems","Piping System","","","MG 5","","","","","","","","","SKIP","size empty","","","","","","","",""
"20260814_142509","NWB Dim AutoFill","Multi-Category Schedule 2","schedule","view","skip","SharedOnly","skip-other-users","2664400","Piping Systems","Piping System","","","MG 6","","","","","","","","","SKIP","size empty","","","","","","","",""
"20260814_142509","NWB Dim AutoFill","Multi-Category Schedule 2","schedule","view","skip","SharedOnly","skip-other-users","2664492","Pipes","Pipe Types","","GROUND LOWER","08_Galvanized steel pipe","100ø","","","100","NWB_DimWidth","","","","SKIP","no parsed value","","","","NWB_DimWidth","","","",""
"20260814_142509","NWB Dim AutoFill","Multi-Category Schedule 2","schedule","view","skip","SharedOnly","skip-other-users","2664492","Pipes","Pipe Types","","GROUND LOWER","08_Galvanized steel pipe","100ø","","","100","NWB_DimHeight","","","","SKIP","no parsed value","","","","NWB_DimHeight","","","",""
"20260814_142509","NWB Dim AutoFill","Multi-Category Schedule 2","schedule","view","skip","SharedOnly","skip-other-users","2664492","Pipes","Pipe Types","","GROUND LOWER","08_Galvanized steel pipe","100ø","","","100","NWB_DimDiameter","100","100","100","SKIP","existing-kept","instance","Shared Parameter","7626172","NWB_DimDiameter","String","False","1","1"
"20260814_142509","NWB Dim AutoFill","Multi-Category Schedule 2","schedule","view","skip","SharedOnly","skip-other-users","2664536","Pipes","Pipe Types","","GROUND LOWER","08_Galvanized steel pipe","100ø","","","100","NWB_DimWidth","","","","SKIP","no parsed value","","","","NWB_DimWidth","","","",""
"20260814_142509","NWB Dim AutoFill","Multi-Category Schedule 2","schedule","view","skip","SharedOnly","skip-other-users","2664536","Pipes","Pipe Types","","GROUND LOWER","08_Galvanized steel pipe","100ø","","","100","NWB_DimHeight","","","","SKIP","no parsed value","","","","NWB_DimHeight","","","",""
"20260814_142509","NWB Dim AutoFill","Multi-Category Schedule 2","schedule","view","skip","SharedOnly","skip-other-users","2664536","Pipes","Pipe Types","","GROUND LOWER","08_Galvanized steel pipe","100ø","","","100","NWB_DimDiameter","100","100","100","SKIP","existing-kept","instance","Shared Parameter","7626172","NWB_DimDiameter","String","False","1","1"
"20260814_142509","NWB Dim AutoFill","Multi-Category Schedule 2","schedule","view","skip","SharedOnly","skip-other-users","2664558","Pipes","Pipe Types","","GROUND LOWER","08_Galvanized steel pipe","100ø","","","100","NWB_DimWidth","","","","SKIP","no parsed value","","","","NWB_DimWidth","","","",""
"20260814_142509","NWB Dim AutoFill","Multi-Category Schedule 2","schedule","view","skip","SharedOnly","skip-other-users","2664558","Pipes","Pipe Types","","GROUND LOWER","08_Galvanized steel pipe","100ø","","","100","NWB_DimHeight","","","","SKIP","no parsed value","","","","NWB_DimHeight","","","",""
"20260814_142509","NWB Dim AutoFill","Multi-Category Schedule 2","schedule","view","skip","SharedOnly","skip-other-users","2664558","Pipes","Pipe Types","","GROUND LOWER","08_Galvanized steel pipe","100ø","","","100","NWB_DimDiameter","100","100","100","SKIP","existing-kept","instance","Shared Parameter","7626172","NWB_DimDiameter","String","False","1","1"
"20260814_142509","NWB Dim AutoFill","Multi-Category Schedule 2","schedule","view","skip","SharedOnly","skip-other-users","2664632","Pipes","Pipe Types","","GROUND LOWER","08_Galvanized steel pipe","100ø","","","100","NWB_DimWidth","","","","SKIP","no parsed value","","","","NWB_DimWidth","","","",""
"20260814_142509","NWB Dim AutoFill","Multi-Category Schedule 2","schedule","view","skip","SharedOnly","skip-other-users","2664632","Pipes","Pipe Types","","GROUND LOWER","08_Galvanized steel pipe","100ø","","","100","NWB_DimHeight","","","","SKIP","no parsed value","","","","NWB_DimHeight","","","",""
"20260814_142509","NWB Dim AutoFill","Multi-Category Schedule 2","schedule","view","skip","SharedOnly","skip-other-users","2664632","Pipes","Pipe Types","","GROUND LOWER","08_Galvanized steel pipe","100ø","","","100","NWB_DimDiameter","100","100","100","SKIP","existing-kept","instance","Shared Parameter","7626172","NWB_DimDiameter","String","False","1","1"
"20260814_142509","NWB Dim AutoFill","Multi-Category Schedule 2","schedule","view","skip","SharedOnly","skip-other-users","2664648","Pipes","Pipe Types","","GROUND LOWER","08_Galvanized steel pipe","100ø","","","100","NWB_DimWidth","","","","SKIP","no parsed value","","","","NWB_DimWidth","","","",""
"20260814_142509","NWB Dim AutoFill","Multi-Category Schedule 2","schedule","view","skip","SharedOnly","skip-other-users","2664648","Pipes","Pipe Types","","GROUND LOWER","08_Galvanized steel pipe","100ø","","","100","NWB_DimHeight","","","","SKIP","no parsed value","","","","NWB_DimHeight","","","",""
"20260814_142509","NWB Dim AutoFill","Multi-Category Schedule 2","schedule","view","skip","SharedOnly","skip-other-users","2664648","Pipes","Pipe Types","","GROUND LOWER","08_Galvanized steel pipe","100ø","","","100","NWB_DimDiameter","100","100","100","SKIP","existing-kept","instance","Shared Parameter","7626172","NWB_DimDiameter","String","False","1","1"
"20260814_142509","NWB Dim AutoFill","Multi-Category Schedule 2","schedule","view","skip","SharedOnly","skip-other-users","2664664","Pipes","Pipe Types","","GROUND LOWER","08_Galvanized steel pipe","100ø","","","100","NWB_DimWidth","","","","SKIP","no parsed value","","","","NWB_DimWidth","","","",""
"20260814_142509","NWB Dim AutoFill","Multi-Category Schedule 2","schedule","view","skip","SharedOnly","skip-other-users","2664664","Pipes","Pipe Types","","GROUND LOWER","08_Galvanized steel pipe","100ø","","","100","NWB_DimHeight","","","","SKIP","no parsed value","","","","NWB_DimHeight","","","",""
"20260814_142509","NWB Dim AutoFill","Multi-Category Schedule 2","schedule","view","skip","SharedOnly","skip-other-users","2664664","Pipes","Pipe Types","","GROUND LOWER","08_Galvanized steel pipe","100ø","","","100","NWB_DimDiameter","100","100","100","SKIP","existing-kept","instance","Shared Parameter","7626172","NWB_DimDiameter","String","False","1","1"
"20260814_142509","NWB Dim AutoFill","Multi-Category Schedule 2","schedule","view","skip","SharedOnly","skip-other-users","2665291","Pipes","Pipe Types","","GROUND LOWER","08_Galvanized steel pipe","100ø","","","100","NWB_DimWidth","","","","SKIP","no parsed value","","","","NWB_DimWidth","","","",""
"20260814_142509","NWB Dim AutoFill","Multi-Category Schedule 2","schedule","view","skip","SharedOnly","skip-other-users","2665291","Pipes","Pipe Types","","GROUND LOWER","08_Galvanized steel pipe","100ø","","","100","NWB_DimHeight","","","","SKIP","no parsed value","","","","NWB_DimHeight","","","",""
"20260814_142509","NWB Dim AutoFill","Multi-Category Schedule 2","schedule","view","skip","SharedOnly","skip-other-users","2665291","Pipes","Pipe Types","","GROUND LOWER","08_Galvanized steel pipe","100ø","","","100","NWB_DimDiameter","100","100","100","SKIP","existing-kept","instance","Shared Parameter","7626172","NWB_DimDiameter","String","False","1","1"
"20260814_142509","NWB Dim AutoFill","Multi-Category Schedule 2","schedule","view","skip","SharedOnly","skip-other-users","2665295","Pipes","Pipe Types","","GROUND LOWER","08_Galvanized steel pipe","100ø","","","100","NWB_DimWidth","","","","SKIP","no parsed value","","","","NWB_DimWidth","","","",""
"20260814_142509","NWB Dim AutoFill","Multi-Category Schedule 2","schedule","view","skip","SharedOnly","skip-other-users","2665295","Pipes","Pipe Types","","GROUND LOWER","08_Galvanized steel pipe","100ø","","","100","NWB_DimHeight","","","","SKIP","no parsed value","","","","NWB_DimHeight","","","",""
"20260814_142509","NWB Dim AutoFill","Multi-Category Schedule 2","schedule","view","skip","SharedOnly","skip-other-users","2665295","Pipes","Pipe Types","","GROUND LOWER","08_Galvanized steel pipe","100ø","","","100","NWB_DimDiameter","100","100","100","SKIP","existing-kept","instance","Shared Parameter","7626172","NWB_DimDiameter","String","False","1","1"
"20260814_142509","NWB Dim AutoFill","Multi-Category Schedule 2","schedule","view","skip","SharedOnly","skip-other-users","2665299","Pipes","Pipe Types","","GROUND LOWER","08_Galvanized steel pipe","100ø","","","100","NWB_DimWidth","","","","SKIP","no parsed value","","","","NWB_DimWidth","","","",""
"20260814_142509","NWB Dim AutoFill","Multi-Category Schedule 2","schedule","view","skip","SharedOnly","skip-other-users","2665299","Pipes","Pipe Types","","GROUND LOWER","08_Galvanized steel pipe","100ø","","","100","NWB_DimHeight","","","","SKIP","no parsed value","","","","NWB_DimHeight","","","",""
"20260814_142509","NWB Dim AutoFill","Multi-Category Schedule 2","schedule","view","skip","SharedOnly","skip-other-users","2665299","Pipes","Pipe Types","","GROUND LOWER","08_Galvanized steel pipe","100ø","","","100","NWB_DimDiameter","100","100","100","SKIP","existing-kept","instance","Shared Parameter","7626172","NWB_DimDiameter","String","False","1","1"
"20260814_142509","NWB Dim AutoFill","Multi-Category Schedule 2","schedule","view","skip","SharedOnly","skip-other-users","2665303","Pipes","Pipe Types","","GROUND LOWER","08_Galvanized steel pipe","100ø","","","100","NWB_DimWidth","","","","SKIP","no parsed value","","","","NWB_DimWidth","","","",""
"20260814_142509","NWB Dim AutoFill","Multi-Category Schedule 2","schedule","view","skip","SharedOnly","skip-other-users","2665303","Pipes","Pipe Types","","GROUND LOWER","08_Galvanized steel pipe","100ø","","","100","NWB_DimHeight","","","","SKIP","no parsed value","","","","NWB_DimHeight","","","",""
"20260814_142509","NWB Dim AutoFill","Multi-Category Schedule 2","schedule","view","skip","SharedOnly","skip-other-users","2665303","Pipes","Pipe Types","","GROUND LOWER","08_Galvanized steel pipe","100ø","","","100","NWB_DimDiameter","100","100","100","SKIP","existing-kept","instance","Shared Parameter","7626172","NWB_DimDiameter","String","False","1","1"
"20260814_142509","NWB Dim AutoFill","Multi-Category Schedule 2","schedule","view","skip","SharedOnly","skip-other-users","2665305","Pipes","Pipe Types","","GROUND LOWER","08_Galvanized steel pipe","100ø","","","100","NWB_DimWidth","","","","SKIP","no parsed value","","","","NWB_DimWidth","","","",""
"20260814_142509","NWB Dim AutoFill","Multi-Category Schedule 2","schedule","view","skip","SharedOnly","skip-other-users","2665305","Pipes","Pipe Types","","GROUND LOWER","08_Galvanized steel pipe","100ø","","","100","NWB_DimHeight","","","","SKIP","no parsed value","","","","NWB_DimHeight","","","",""
"20260814_142509","NWB Dim AutoFill","Multi-Category Schedule 2","schedule","view","skip","SharedOnly","skip-other-users","2665305","Pipes","Pipe Types","","GROUND LOWER","08_Galvanized steel pipe","100ø","","","100","NWB_DimDiameter","100","100","100","SKIP","existing-kept","instance","Shared Parameter","7626172","NWB_DimDiameter","String","False","1","1"
"20260814_142509","NWB Dim AutoFill","Multi-Category Schedule 2","schedule","view","skip","SharedOnly","skip-other-users","2665307","Pipes","Pipe Types","","GROUND LOWER","08_Galvanized steel pipe","100ø","","","100","NWB_DimWidth","","","","SKIP","no parsed value","","","","NWB_DimWidth","","","",""
"20260814_142509","NWB Dim AutoFill","Multi-Category Schedule 2","schedule","view","skip","SharedOnly","skip-other-users","2665307","Pipes","Pipe Types","","GROUND LOWER","08_Galvanized steel pipe","100ø","","","100","NWB_DimHeight","","","","SKIP","no parsed value","","","","NWB_DimHeight","","","",""
"20260814_142509","NWB Dim AutoFill","Multi-Category Schedule 2","schedule","view","skip","SharedOnly","skip-other-users","2665307","Pipes","Pipe Types","","GROUND LOWER","08_Galvanized steel pipe","100ø","","","100","NWB_DimDiameter","100","100","100","SKIP","existing-kept","instance","Shared Parameter","7626172","NWB_DimDiameter","String","False","1","1"
"20260814_142509","NWB Dim AutoFill","Multi-Category Schedule 2","schedule","view","skip","SharedOnly","skip-other-users","2665312","Piping Systems","Piping System","","","MG 7","","","","","","","","","SKIP","size empty","","","","","","","",""
"20260814_142509","NWB Dim AutoFill","Multi-Category Schedule 2","schedule","view","skip","SharedOnly","skip-other-users","2665314","Piping Systems","Piping System","","","MG 8","","","","","","","","","SKIP","size empty","","","","","","","",""
"20260814_142509","NWB Dim AutoFill","Multi-Category Schedule 2","schedule","view","skip","SharedOnly","skip-other-users","2665316","Piping Systems","Piping System","","","MG 9","","","","","","","","","SKIP","size empty","","","","","","","",""
"20260814_142509","NWB Dim AutoFill","Multi-Category Schedule 2","schedule","view","skip","SharedOnly","skip-other-users","2665318","Piping Systems","Piping System","","","MG 10","","","","","","","","","SKIP","size empty","","","","","","","",""
"20260814_142509","NWB Dim AutoFill","Multi-Category Schedule 2","schedule","view","skip","SharedOnly","skip-other-users","2665319","Piping Systems","Piping System","","","MG 11","","","","","","","","","SKIP","size empty","","","","","","","",""
"20260814_142509","NWB Dim AutoFill","Multi-Category Schedule 2","schedule","view","skip","SharedOnly","skip-other-users","2665320","Piping Systems","Piping System","","","MG 12","","","","","","","","","SKIP","size empty","","","","","","","",""
"20260814_142509","NWB Dim AutoFill","Multi-Category Schedule 2","schedule","view","skip","SharedOnly","skip-other-users","2667702","Ducts","Rectangular Duct","","LEVEL 05","Flanged Long Radius Elbows / Shoe Branch","3100x2000","3100","2000","","NWB_DimWidth","3100","2350","2350","SKIP","existing-kept","instance","Shared Parameter","7626175","NWB_DimWidth","String","False","1","1"
"20260814_142509","NWB Dim AutoFill","Multi-Category Schedule 2","schedule","view","skip","SharedOnly","skip-other-users","2667702","Ducts","Rectangular Duct","","LEVEL 05","Flanged Long Radius Elbows / Shoe Branch","3100x2000","3100","2000","","NWB_DimHeight","2000","1175","1175","SKIP","existing-kept","instance","Shared Parameter","7626170","NWB_DimHeight","String","False","1","1"
"20260814_142509","NWB Dim AutoFill","Multi-Category Schedule 2","schedule","view","skip","SharedOnly","skip-other-users","2667702","Ducts","Rectangular Duct","","LEVEL 05","Flanged Long Radius Elbows / Shoe Branch","3100x2000","3100","2000","","NWB_DimDiameter","","","","SKIP","no parsed value","","","","NWB_DimDiameter","","","",""
"20260814_142509","NWB Dim AutoFill","Multi-Category Schedule 2","schedule","view","skip","SharedOnly","skip-other-users","2667703","Duct Systems","Duct System","","","SA 42","","","","","","","","","SKIP","size empty","","","","","","","",""
"20260814_142509","NWB Dim AutoFill","Multi-Category Schedule 2","schedule","view","skip","SharedOnly","skip-other-users","2896283","Generic Models","MHT-ME-GM-Placeholder","","LEVEL 02","MHT-ME-GM-Placeholder 1","","","","","","","","","SKIP","size empty","","","","","","","",""
"20260814_142509","NWB Dim AutoFill","Multi-Category Schedule 2","schedule","view","skip","SharedOnly","skip-other-users","2941990","Generic Models","MHT-ME-GM-Placeholder","","LEVEL 07","MHT-ME-GM-Placeholder 1","","","","","","","","","SKIP","size empty","","","","","","","",""
"20260814_142509","NWB Dim AutoFill","Multi-Category Schedule 2","schedule","view","skip","SharedOnly","skip-other-users","2942521","Generic Models","MHT-ME-GM-Placeholder","","LEVEL 07","MHT-ME-GM-Placeholder 1","","","","","","","","","SKIP","size empty","","","","","","","",""
"20260814_142509","NWB Dim AutoFill","Multi-Category Schedule 2","schedule","view","skip","SharedOnly","skip-other-users","2952812","Ducts","Rectangular Duct","","LEVEL 07","Flanged Long Radius Elbows / Shoe Branch","3100x2000","3100","2000","","NWB_DimWidth","3100","2350","2350","SKIP","existing-kept","instance","Shared Parameter","7626175","NWB_DimWidth","String","False","1","1"
"20260814_142509","NWB Dim AutoFill","Multi-Category Schedule 2","schedule","view","skip","SharedOnly","skip-other-users","2952812","Ducts","Rectangular Duct","","LEVEL 07","Flanged Long Radius Elbows / Shoe Branch","3100x2000","3100","2000","","NWB_DimHeight","2000","1175","1175","SKIP","existing-kept","instance","Shared Parameter","7626170","NWB_DimHeight","String","False","1","1"
"20260814_142509","NWB Dim AutoFill","Multi-Category Schedule 2","schedule","view","skip","SharedOnly","skip-other-users","2952812","Ducts","Rectangular Duct","","LEVEL 07","Flanged Long Radius Elbows / Shoe Branch","3100x2000","3100","2000","","NWB_DimDiameter","","","","SKIP","no parsed value","","","","NWB_DimDiameter","","","",""
"20260814_142509","NWB Dim AutoFill","Multi-Category Schedule 2","schedule","view","skip","SharedOnly","skip-other-users","2952813","Duct Systems","Duct System","","","SA 54","","","","","","","","","SKIP","size empty","","","","","","","",""
"20260814_142509","NWB Dim AutoFill","Multi-Category Schedule 2","schedule","view","skip","SharedOnly","skip-other-users","2953734","Ducts","Rectangular Duct","","LEVEL 07","Flanged Long Radius Elbows / Shoe Branch","3100x2000","3100","2000","","NWB_DimWidth","3100","2350","2350","SKIP","existing-kept","instance","Shared Parameter","7626175","NWB_DimWidth","String","False","1","1"
"20260814_142509","NWB Dim AutoFill","Multi-Category Schedule 2","schedule","view","skip","SharedOnly","skip-other-users","2953734","Ducts","Rectangular Duct","","LEVEL 07","Flanged Long Radius Elbows / Shoe Branch","3100x2000","3100","2000","","NWB_DimHeight","2000","1175","1175","SKIP","existing-kept","instance","Shared Parameter","7626170","NWB_DimHeight","String","False","1","1"
"20260814_142509","NWB Dim AutoFill","Multi-Category Schedule 2","schedule","view","skip","SharedOnly","skip-other-users","2953734","Ducts","Rectangular Duct","","LEVEL 07","Flanged Long Radius Elbows / Shoe Branch","3100x2000","3100","2000","","NWB_DimDiameter","","","","SKIP","no parsed value","","","","NWB_DimDiameter","","","",""
"20260814_142509","NWB Dim AutoFill","Multi-Category Schedule 2","schedule","view","skip","SharedOnly","skip-other-users","2953735","Duct Systems","Duct System","","","SA 80","","","","","","","","","SKIP","size empty","","","","","","","",""
"20260814_142509","NWB Dim AutoFill","Multi-Category Schedule 2","schedule","view","skip","SharedOnly","skip-other-users","2954954","Ducts","Rectangular Duct","","GROUND","Flanged Long Radius Elbows / Shoe Branch","1000x2400","1000","2400","","NWB_DimWidth","1000","2350","2350","SKIP","existing-kept","instance","Shared Parameter","7626175","NWB_DimWidth","String","False","1","1"
"20260814_142509","NWB Dim AutoFill","Multi-Category Schedule 2","schedule","view","skip","SharedOnly","skip-other-users","2954954","Ducts","Rectangular Duct","","GROUND","Flanged Long Radius Elbows / Shoe Branch","1000x2400","1000","2400","","NWB_DimHeight","2400","1175","1175","SKIP","existing-kept","instance","Shared Parameter","7626170","NWB_DimHeight","String","False","1","1"
"20260814_142509","NWB Dim AutoFill","Multi-Category Schedule 2","schedule","view","skip","SharedOnly","skip-other-users","2954954","Ducts","Rectangular Duct","","GROUND","Flanged Long Radius Elbows / Shoe Branch","1000x2400","1000","2400","","NWB_DimDiameter","","","","SKIP","no parsed value","","","","NWB_DimDiameter","","","",""
"20260814_142509","NWB Dim AutoFill","Multi-Category Schedule 2","schedule","view","skip","SharedOnly","skip-other-users","2954955","Duct Systems","Duct System","","","SPS 6","","","","","","","","","SKIP","size empty","","","","","","","",""
"20260814_142509","NWB Dim AutoFill","Multi-Category Schedule 2","schedule","view","skip","SharedOnly","skip-other-users","2955390","Ducts","Rectangular Duct","","LEVEL 09","Flanged Long Radius Elbows / Shoe Branch","2800x1000","2800","1000","","NWB_DimWidth","2800","2350","2350","SKIP","existing-kept","instance","Shared Parameter","7626175","NWB_DimWidth","String","False","1","1"
"20260814_142509","NWB Dim AutoFill","Multi-Category Schedule 2","schedule","view","skip","SharedOnly","skip-other-users","2955390","Ducts","Rectangular Duct","","LEVEL 09","Flanged Long Radius Elbows / Shoe Branch","2800x1000","2800","1000","","NWB_DimHeight","1000","1175","1175","SKIP","existing-kept","instance","Shared Parameter","7626170","NWB_DimHeight","String","False","1","1"
"20260814_142509","NWB Dim AutoFill","Multi-Category Schedule 2","schedule","view","skip","SharedOnly","skip-other-users","2955390","Ducts","Rectangular Duct","","LEVEL 09","Flanged Long Radius Elbows / Shoe Branch","2800x1000","2800","1000","","NWB_DimDiameter","","","","SKIP","no parsed value","","","","NWB_DimDiameter","","","",""
"20260814_142509","NWB Dim AutoFill","Multi-Category Schedule 2","schedule","view","skip","SharedOnly","skip-other-users","2955391","Duct Systems","Duct System","","","GE 7","","","","","","","","","SKIP","size empty","","","","","","","",""
"20260814_142509","NWB Dim AutoFill","Multi-Category Schedule 2","schedule","view","skip","SharedOnly","skip-other-users","2964088","Mechanical Equipment","MHT_ME_Air Gas Tank","","","Not a Type - Load Type Catalog","","","","","","","","","SKIP","size empty","","","","","","","",""
"20260814_142509","NWB Dim AutoFill","Multi-Category Schedule 2","schedule","view","skip","SharedOnly","skip-other-users","2964540","Mechanical Equipment","MHT_ME_Air Gas Tank","","","Not a Type - Load Type Catalog","","","","","","","","","SKIP","size empty","","","","","","","",""
"20260814_142509","NWB Dim AutoFill","Multi-Category Schedule 2","schedule","view","skip","SharedOnly","skip-other-users","3004131","Ducts","Rectangular Duct","","LEVEL 01","Flanged Long Radius Elbows / Shoe Branch","1000x1100","1000","1100","","NWB_DimWidth","1000","2350","2350","SKIP","existing-kept","instance","Shared Parameter","7626175","NWB_DimWidth","String","False","1","1"
"20260814_142509","NWB Dim AutoFill","Multi-Category Schedule 2","schedule","view","skip","SharedOnly","skip-other-users","3004131","Ducts","Rectangular Duct","","LEVEL 01","Flanged Long Radius Elbows / Shoe Branch","1000x1100","1000","1100","","NWB_DimHeight","1100","1175","1175","SKIP","existing-kept","instance","Shared Parameter","7626170","NWB_DimHeight","String","False","1","1"
"20260814_142509","NWB Dim AutoFill","Multi-Category Schedule 2","schedule","view","skip","SharedOnly","skip-other-users","3004131","Ducts","Rectangular Duct","","LEVEL 01","Flanged Long Radius Elbows / Shoe Branch","1000x1100","1000","1100","","NWB_DimDiameter","","","","SKIP","no parsed value","","","","NWB_DimDiameter","","","",""
"20260814_142509","NWB Dim AutoFill","Multi-Category Schedule 2","schedule","view","skip","SharedOnly","skip-other-users","3004132","Duct Systems","Duct System","","","GE 12","","","","","","","","","SKIP","size empty","","","","","","","",""
"20260814_142509","NWB Dim AutoFill","Multi-Category Schedule 2","schedule","view","skip","SharedOnly","skip-other-users","3004257","Ducts","Rectangular Duct","","LEVEL 01","Flanged Long Radius Elbows / Shoe Branch","2000x800","2000","800","","NWB_DimWidth","2000","2350","2350","SKIP","existing-kept","instance","Shared Parameter","7626175","NWB_DimWidth","String","False","1","1"
"20260814_142509","NWB Dim AutoFill","Multi-Category Schedule 2","schedule","view","skip","SharedOnly","skip-other-users","3004257","Ducts","Rectangular Duct","","LEVEL 01","Flanged Long Radius Elbows / Shoe Branch","2000x800","2000","800","","NWB_DimHeight","800","1175","1175","SKIP","existing-kept","instance","Shared Parameter","7626170","NWB_DimHeight","String","False","1","1"
"20260814_142509","NWB Dim AutoFill","Multi-Category Schedule 2","schedule","view","skip","SharedOnly","skip-other-users","3004257","Ducts","Rectangular Duct","","LEVEL 01","Flanged Long Radius Elbows / Shoe Branch","2000x800","2000","800","","NWB_DimDiameter","","","","SKIP","no parsed value","","","","NWB_DimDiameter","","","",""
"20260814_142509","NWB Dim AutoFill","Multi-Category Schedule 2","schedule","view","skip","SharedOnly","skip-other-users","3004258","Duct Systems","Duct System","","","GE 13","","","","","","","","","SKIP","size empty","","","","","","","",""
"20260814_142509","NWB Dim AutoFill","Multi-Category Schedule 2","schedule","view","skip","SharedOnly","skip-other-users","3019856","Ducts","Rectangular Duct","","LEVEL 01","Flanged Long Radius Elbows / Shoe Branch","1700x1700","1700","1700","","NWB_DimWidth","1700","2350","2350","SKIP","existing-kept","instance","Shared Parameter","7626175","NWB_DimWidth","String","False","1","1"
"20260814_142509","NWB Dim AutoFill","Multi-Category Schedule 2","schedule","view","skip","SharedOnly","skip-other-users","3019856","Ducts","Rectangular Duct","","LEVEL 01","Flanged Long Radius Elbows / Shoe Branch","1700x1700","1700","1700","","NWB_DimHeight","1700","1175","1175","SKIP","existing-kept","instance","Shared Parameter","7626170","NWB_DimHeight","String","False","1","1"
"20260814_142509","NWB Dim AutoFill","Multi-Category Schedule 2","schedule","view","skip","SharedOnly","skip-other-users","3019856","Ducts","Rectangular Duct","","LEVEL 01","Flanged Long Radius Elbows / Shoe Branch","1700x1700","1700","1700","","NWB_DimDiameter","","","","SKIP","no parsed value","","","","NWB_DimDiameter","","","",""
"20260814_142509","NWB Dim AutoFill","Multi-Category Schedule 2","schedule","view","skip","SharedOnly","skip-other-users","3020063","Duct Systems","Duct System","","","SE 20","","","","","","","","","SKIP","size empty","","","","","","","",""
"20260814_142509","NWB Dim AutoFill","Multi-Category Schedule 2","schedule","view","skip","SharedOnly","skip-other-users","3624278","Ducts","Rectangular Duct","","LEVEL 05","Flanged Long Radius Elbows / Shoe Branch","250x700","250","700","","NWB_DimWidth","250","2350","2350","SKIP","existing-kept","instance","Shared Parameter","7626175","NWB_DimWidth","String","False","1","1"
"20260814_142509","NWB Dim AutoFill","Multi-Category Schedule 2","schedule","view","skip","SharedOnly","skip-other-users","3624278","Ducts","Rectangular Duct","","LEVEL 05","Flanged Long Radius Elbows / Shoe Branch","250x700","250","700","","NWB_DimHeight","700","1175","1175","SKIP","existing-kept","instance","Shared Parameter","7626170","NWB_DimHeight","String","False","1","1"
"20260814_142509","NWB Dim AutoFill","Multi-Category Schedule 2","schedule","view","skip","SharedOnly","skip-other-users","3624278","Ducts","Rectangular Duct","","LEVEL 05","Flanged Long Radius Elbows / Shoe Branch","250x700","250","700","","NWB_DimDiameter","","","","SKIP","no parsed value","","","","NWB_DimDiameter","","","",""
"20260814_142509","NWB Dim AutoFill","Multi-Category Schedule 2","schedule","view","skip","SharedOnly","skip-other-users","3624280","Duct Insulations","Duct Insulation","","","External Insulation","","","","","","","","","SKIP","size empty","","","","","","","",""
"20260814_142509","NWB Dim AutoFill","Multi-Category Schedule 2","schedule","view","skip","SharedOnly","skip-other-users","3624282","Ducts","Rectangular Duct","","LEVEL 05","Flanged Long Radius Elbows / Shoe Branch","250x700","250","700","","NWB_DimWidth","250","2350","2350","SKIP","existing-kept","instance","Shared Parameter","7626175","NWB_DimWidth","String","False","1","1"
"20260814_142509","NWB Dim AutoFill","Multi-Category Schedule 2","schedule","view","skip","SharedOnly","skip-other-users","3624282","Ducts","Rectangular Duct","","LEVEL 05","Flanged Long Radius Elbows / Shoe Branch","250x700","250","700","","NWB_DimHeight","700","1175","1175","SKIP","existing-kept","instance","Shared Parameter","7626170","NWB_DimHeight","String","False","1","1"
"20260814_142509","NWB Dim AutoFill","Multi-Category Schedule 2","schedule","view","skip","SharedOnly","skip-other-users","3624282","Ducts","Rectangular Duct","","LEVEL 05","Flanged Long Radius Elbows / Shoe Branch","250x700","250","700","","NWB_DimDiameter","","","","SKIP","no parsed value","","","","NWB_DimDiameter","","","",""
"20260814_142509","NWB Dim AutoFill","Multi-Category Schedule 2","schedule","view","skip","SharedOnly","skip-other-users","3624284","Duct Insulations","Duct Insulation","","","External Insulation","","","","","","","","","SKIP","size empty","","","","","","","",""
"20260814_142509","NWB Dim AutoFill","Multi-Category Schedule 2","schedule","view","skip","SharedOnly","skip-other-users","3624286","Ducts","Rectangular Duct","","LEVEL 05","Flanged Long Radius Elbows / Shoe Branch","250x700","250","700","","NWB_DimWidth","250","2350","2350","SKIP","existing-kept","instance","Shared Parameter","7626175","NWB_DimWidth","String","False","1","1"
"20260814_142509","NWB Dim AutoFill","Multi-Category Schedule 2","schedule","view","skip","SharedOnly","skip-other-users","3624286","Ducts","Rectangular Duct","","LEVEL 05","Flanged Long Radius Elbows / Shoe Branch","250x700","250","700","","NWB_DimHeight","700","1175","1175","SKIP","existing-kept","instance","Shared Parameter","7626170","NWB_DimHeight","String","False","1","1"
"20260814_142509","NWB Dim AutoFill","Multi-Category Schedule 2","schedule","view","skip","SharedOnly","skip-other-users","3624286","Ducts","Rectangular Duct","","LEVEL 05","Flanged Long Radius Elbows / Shoe Branch","250x700","250","700","","NWB_DimDiameter","","","","SKIP","no parsed value","","","","NWB_DimDiameter","","","",""
"20260814_142509","NWB Dim AutoFill","Multi-Category Schedule 2","schedule","view","skip","SharedOnly","skip-other-users","3624288","Duct Insulations","Duct Insulation","","","External Insulation","","","","","","","","","SKIP","size empty","","","","","","","",""
"20260814_142509","NWB Dim AutoFill","Multi-Category Schedule 2","schedule","view","skip","SharedOnly","skip-other-users","3624303","Duct Systems","Duct System","","","SA 373","","","","","","","","","SKIP","size empty","","","","","","","",""
"20260814_142509","NWB Dim AutoFill","Multi-Category Schedule 2","schedule","view","skip","SharedOnly","skip-other-users","3624305","Duct Systems","Duct System","","","SA 336","","","","","","","","","SKIP","size empty","","","","","","","",""
"20260814_142509","NWB Dim AutoFill","Multi-Category Schedule 2","schedule","view","skip","SharedOnly","skip-other-users","3624307","Duct Systems","Duct System","","","SA 338","","","","","","","","","SKIP","size empty","","","","","","","",""
"20260814_142509","NWB Dim AutoFill","Multi-Category Schedule 2","schedule","view","skip","SharedOnly","skip-other-users","3775602","Duct Insulations","Duct Insulation","","","R1.2","","","","","","","","","SKIP","size empty","","","","","","","",""
"20260814_142509","NWB Dim AutoFill","Multi-Category Schedule 2","schedule","view","skip","SharedOnly","skip-other-users","3775604","Ducts","Rectangular Duct","","LEVEL 02","Flanged Long Radius Elbows / Shoe Branch","200x650","200","650","","NWB_DimWidth","200","2350","2350","SKIP","existing-kept","instance","Shared Parameter","7626175","NWB_DimWidth","String","False","1","1"
"20260814_142509","NWB Dim AutoFill","Multi-Category Schedule 2","schedule","view","skip","SharedOnly","skip-other-users","3775604","Ducts","Rectangular Duct","","LEVEL 02","Flanged Long Radius Elbows / Shoe Branch","200x650","200","650","","NWB_DimHeight","650","1175","1175","SKIP","existing-kept","instance","Shared Parameter","7626170","NWB_DimHeight","String","False","1","1"
"20260814_142509","NWB Dim AutoFill","Multi-Category Schedule 2","schedule","view","skip","SharedOnly","skip-other-users","3775604","Ducts","Rectangular Duct","","LEVEL 02","Flanged Long Radius Elbows / Shoe Branch","200x650","200","650","","NWB_DimDiameter","","","","SKIP","no parsed value","","","","NWB_DimDiameter","","","",""
"20260814_142509","NWB Dim AutoFill","Multi-Category Schedule 2","schedule","view","skip","SharedOnly","skip-other-users","3775608","Ducts","Rectangular Duct","","LEVEL 02","Flanged Long Radius Elbows / Shoe Branch","200x350","200","350","","NWB_DimWidth","200","2350","2350","SKIP","existing-kept","instance","Shared Parameter","7626175","NWB_DimWidth","String","False","1","1"
"20260814_142509","NWB Dim AutoFill","Multi-Category Schedule 2","schedule","view","skip","SharedOnly","skip-other-users","3775608","Ducts","Rectangular Duct","","LEVEL 02","Flanged Long Radius Elbows / Shoe Branch","200x350","200","350","","NWB_DimHeight","350","1175","1175","SKIP","existing-kept","instance","Shared Parameter","7626170","NWB_DimHeight","String","False","1","1"
"20260814_142509","NWB Dim AutoFill","Multi-Category Schedule 2","schedule","view","skip","SharedOnly","skip-other-users","3775608","Ducts","Rectangular Duct","","LEVEL 02","Flanged Long Radius Elbows / Shoe Branch","200x350","200","350","","NWB_DimDiameter","","","","SKIP","no parsed value","","","","NWB_DimDiameter","","","",""
"20260814_142509","NWB Dim AutoFill","Multi-Category Schedule 2","schedule","view","skip","SharedOnly","skip-other-users","3775611","Ducts","Rectangular Duct","","LEVEL 02","Flanged Long Radius Elbows / Shoe Branch","400x450","400","450","","NWB_DimWidth","400","2350","2350","SKIP","existing-kept","instance","Shared Parameter","7626175","NWB_DimWidth","String","False","1","1"
"20260814_142509","NWB Dim AutoFill","Multi-Category Schedule 2","schedule","view","skip","SharedOnly","skip-other-users","3775611","Ducts","Rectangular Duct","","LEVEL 02","Flanged Long Radius Elbows / Shoe Branch","400x450","400","450","","NWB_DimHeight","450","1175","1175","SKIP","existing-kept","instance","Shared Parameter","7626170","NWB_DimHeight","String","False","1","1"
"20260814_142509","NWB Dim AutoFill","Multi-Category Schedule 2","schedule","view","skip","SharedOnly","skip-other-users","3775611","Ducts","Rectangular Duct","","LEVEL 02","Flanged Long Radius Elbows / Shoe Branch","400x450","400","450","","NWB_DimDiameter","","","","SKIP","no parsed value","","","","NWB_DimDiameter","","","",""
"20260814_142509","NWB Dim AutoFill","Multi-Category Schedule 2","schedule","view","skip","SharedOnly","skip-other-users","3775612","Duct Insulations","Duct Insulation","","","External Insulation","","","","","","","","","SKIP","size empty","","","","","","","",""
"20260814_142509","NWB Dim AutoFill","Multi-Category Schedule 2","schedule","view","skip","SharedOnly","skip-other-users","3775613","Duct Insulations","Duct Insulation","","","External Insulation","","","","","","","","","SKIP","size empty","","","","","","","",""
"20260814_142509","NWB Dim AutoFill","Multi-Category Schedule 2","schedule","view","skip","SharedOnly","skip-other-users","3775617","Ducts","Rectangular Duct","","LEVEL 02","Flanged Long Radius Elbows / Shoe Branch","200x650","200","650","","NWB_DimWidth","200","2350","2350","SKIP","existing-kept","instance","Shared Parameter","7626175","NWB_DimWidth","String","False","1","1"
"20260814_142509","NWB Dim AutoFill","Multi-Category Schedule 2","schedule","view","skip","SharedOnly","skip-other-users","3775617","Ducts","Rectangular Duct","","LEVEL 02","Flanged Long Radius Elbows / Shoe Branch","200x650","200","650","","NWB_DimHeight","650","1175","1175","SKIP","existing-kept","instance","Shared Parameter","7626170","NWB_DimHeight","String","False","1","1"
"20260814_142509","NWB Dim AutoFill","Multi-Category Schedule 2","schedule","view","skip","SharedOnly","skip-other-users","3775617","Ducts","Rectangular Duct","","LEVEL 02","Flanged Long Radius Elbows / Shoe Branch","200x650","200","650","","NWB_DimDiameter","","","","SKIP","no parsed value","","","","NWB_DimDiameter","","","",""
"20260814_142509","NWB Dim AutoFill","Multi-Category Schedule 2","schedule","view","skip","SharedOnly","skip-other-users","3775621","Ducts","Rectangular Duct","","LEVEL 02","Flanged Long Radius Elbows / Shoe Branch","200x350","200","350","","NWB_DimWidth","200","2350","2350","SKIP","existing-kept","instance","Shared Parameter","7626175","NWB_DimWidth","String","False","1","1"
"20260814_142509","NWB Dim AutoFill","Multi-Category Schedule 2","schedule","view","skip","SharedOnly","skip-other-users","3775621","Ducts","Rectangular Duct","","LEVEL 02","Flanged Long Radius Elbows / Shoe Branch","200x350","200","350","","NWB_DimHeight","350","1175","1175","SKIP","existing-kept","instance","Shared Parameter","7626170","NWB_DimHeight","String","False","1","1"
"20260814_142509","NWB Dim AutoFill","Multi-Category Schedule 2","schedule","view","skip","SharedOnly","skip-other-users","3775621","Ducts","Rectangular Duct","","LEVEL 02","Flanged Long Radius Elbows / Shoe Branch","200x350","200","350","","NWB_DimDiameter","","","","SKIP","no parsed value","","","","NWB_DimDiameter","","","",""
"20260814_142509","NWB Dim AutoFill","Multi-Category Schedule 2","schedule","view","skip","SharedOnly","skip-other-users","3775624","Duct Insulations","Duct Insulation","","","External Insulation","","","","","","","","","SKIP","size empty","","","","","","","",""
"20260814_142509","NWB Dim AutoFill","Multi-Category Schedule 2","schedule","view","skip","SharedOnly","skip-other-users","3775625","Duct Insulations","Duct Insulation","","","External Insulation","","","","","","","","","SKIP","size empty","","","","","","","",""
"20260814_142509","NWB Dim AutoFill","Multi-Category Schedule 2","schedule","view","skip","SharedOnly","skip-other-users","3775629","Ducts","Rectangular Duct","","LEVEL 02","Flanged Long Radius Elbows / Shoe Branch","200x650","200","650","","NWB_DimWidth","200","2350","2350","SKIP","existing-kept","instance","Shared Parameter","7626175","NWB_DimWidth","String","False","1","1"
"20260814_142509","NWB Dim AutoFill","Multi-Category Schedule 2","schedule","view","skip","SharedOnly","skip-other-users","3775629","Ducts","Rectangular Duct","","LEVEL 02","Flanged Long Radius Elbows / Shoe Branch","200x650","200","650","","NWB_DimHeight","650","1175","1175","SKIP","existing-kept","instance","Shared Parameter","7626170","NWB_DimHeight","String","False","1","1"
"20260814_142509","NWB Dim AutoFill","Multi-Category Schedule 2","schedule","view","skip","SharedOnly","skip-other-users","3775629","Ducts","Rectangular Duct","","LEVEL 02","Flanged Long Radius Elbows / Shoe Branch","200x650","200","650","","NWB_DimDiameter","","","","SKIP","no parsed value","","","","NWB_DimDiameter","","","",""
"20260814_142509","NWB Dim AutoFill","Multi-Category Schedule 2","schedule","view","skip","SharedOnly","skip-other-users","3775633","Ducts","Rectangular Duct","","LEVEL 02","Flanged Long Radius Elbows / Shoe Branch","200x350","200","350","","NWB_DimWidth","200","2350","2350","SKIP","existing-kept","instance","Shared Parameter","7626175","NWB_DimWidth","String","False","1","1"
"20260814_142509","NWB Dim AutoFill","Multi-Category Schedule 2","schedule","view","skip","SharedOnly","skip-other-users","3775633","Ducts","Rectangular Duct","","LEVEL 02","Flanged Long Radius Elbows / Shoe Branch","200x350","200","350","","NWB_DimHeight","350","1175","1175","SKIP","existing-kept","instance","Shared Parameter","7626170","NWB_DimHeight","String","False","1","1"
"20260814_142509","NWB Dim AutoFill","Multi-Category Schedule 2","schedule","view","skip","SharedOnly","skip-other-users","3775633","Ducts","Rectangular Duct","","LEVEL 02","Flanged Long Radius Elbows / Shoe Branch","200x350","200","350","","NWB_DimDiameter","","","","SKIP","no parsed value","","","","NWB_DimDiameter","","","",""
"20260814_142509","NWB Dim AutoFill","Multi-Category Schedule 2","schedule","view","skip","SharedOnly","skip-other-users","3775636","Duct Insulations","Duct Insulation","","","External Insulation","","","","","","","","","SKIP","size empty","","","","","","","",""
"20260814_142509","NWB Dim AutoFill","Multi-Category Schedule 2","schedule","view","skip","SharedOnly","skip-other-users","3775637","Duct Insulations","Duct Insulation","","","External Insulation","","","","","","","","","SKIP","size empty","","","","","","","",""
"20260814_142509","NWB Dim AutoFill","Multi-Category Schedule 2","schedule","view","skip","SharedOnly","skip-other-users","3775641","Ducts","Rectangular Duct","","LEVEL 02","Flanged Long Radius Elbows / Shoe Branch","200x650","200","650","","NWB_DimWidth","200","2350","2350","SKIP","existing-kept","instance","Shared Parameter","7626175","NWB_DimWidth","String","False","1","1"
"20260814_142509","NWB Dim AutoFill","Multi-Category Schedule 2","schedule","view","skip","SharedOnly","skip-other-users","3775641","Ducts","Rectangular Duct","","LEVEL 02","Flanged Long Radius Elbows / Shoe Branch","200x650","200","650","","NWB_DimHeight","650","1175","1175","SKIP","existing-kept","instance","Shared Parameter","7626170","NWB_DimHeight","String","False","1","1"
"20260814_142509","NWB Dim AutoFill","Multi-Category Schedule 2","schedule","view","skip","SharedOnly","skip-other-users","3775641","Ducts","Rectangular Duct","","LEVEL 02","Flanged Long Radius Elbows / Shoe Branch","200x650","200","650","","NWB_DimDiameter","","","","SKIP","no parsed value","","","","NWB_DimDiameter","","","",""
"20260814_142509","NWB Dim AutoFill","Multi-Category Schedule 2","schedule","view","skip","SharedOnly","skip-other-users","3775645","Ducts","Rectangular Duct","","LEVEL 02","Flanged Long Radius Elbows / Shoe Branch","200x350","200","350","","NWB_DimWidth","200","2350","2350","SKIP","existing-kept","instance","Shared Parameter","7626175","NWB_DimWidth","String","False","1","1"
"20260814_142509","NWB Dim AutoFill","Multi-Category Schedule 2","schedule","view","skip","SharedOnly","skip-other-users","3775645","Ducts","Rectangular Duct","","LEVEL 02","Flanged Long Radius Elbows / Shoe Branch","200x350","200","350","","NWB_DimHeight","350","1175","1175","SKIP","existing-kept","instance","Shared Parameter","7626170","NWB_DimHeight","String","False","1","1"
"20260814_142509","NWB Dim AutoFill","Multi-Category Schedule 2","schedule","view","skip","SharedOnly","skip-other-users","3775645","Ducts","Rectangular Duct","","LEVEL 02","Flanged Long Radius Elbows / Shoe Branch","200x350","200","350","","NWB_DimDiameter","","","","SKIP","no parsed value","","","","NWB_DimDiameter","","","",""
"20260814_142509","NWB Dim AutoFill","Multi-Category Schedule 2","schedule","view","skip","SharedOnly","skip-other-users","3775648","Duct Insulations","Duct Insulation","","","External Insulation","","","","","","","","","SKIP","size empty","","","","","","","",""
"20260814_142509","NWB Dim AutoFill","Multi-Category Schedule 2","schedule","view","skip","SharedOnly","skip-other-users","3775649","Duct Insulations","Duct Insulation","","","External Insulation","","","","","","","","","SKIP","size empty","","","","","","","",""
"20260814_142509","NWB Dim AutoFill","Multi-Category Schedule 2","schedule","view","skip","SharedOnly","skip-other-users","3775650","Ducts","Rectangular Duct","","LEVEL 02","Flanged Long Radius Elbows / Shoe Branch","1600x500","1600","500","","NWB_DimWidth","1600","2350","2350","SKIP","existing-kept","instance","Shared Parameter","7626175","NWB_DimWidth","String","False","1","1"
"20260814_142509","NWB Dim AutoFill","Multi-Category Schedule 2","schedule","view","skip","SharedOnly","skip-other-users","3775650","Ducts","Rectangular Duct","","LEVEL 02","Flanged Long Radius Elbows / Shoe Branch","1600x500","1600","500","","NWB_DimHeight","500","1175","1175","SKIP","existing-kept","instance","Shared Parameter","7626170","NWB_DimHeight","String","False","1","1"
"20260814_142509","NWB Dim AutoFill","Multi-Category Schedule 2","schedule","view","skip","SharedOnly","skip-other-users","3775650","Ducts","Rectangular Duct","","LEVEL 02","Flanged Long Radius Elbows / Shoe Branch","1600x500","1600","500","","NWB_DimDiameter","","","","SKIP","no parsed value","","","","NWB_DimDiameter","","","",""
"20260814_142509","NWB Dim AutoFill","Multi-Category Schedule 2","schedule","view","skip","SharedOnly","skip-other-users","3775651","Duct Fittings","M_Rectangular Duct Takeoff","","LEVEL 02","M_Standard","200x650-200x650","200","650","","NWB_DimWidth","200","200","200","SKIP","existing-kept","instance","Shared Parameter","7626175","NWB_DimWidth","String","False","2","1"
"20260814_142509","NWB Dim AutoFill","Multi-Category Schedule 2","schedule","view","skip","SharedOnly","skip-other-users","3775651","Duct Fittings","M_Rectangular Duct Takeoff","","LEVEL 02","M_Standard","200x650-200x650","200","650","","NWB_DimDiameter","","","","SKIP","no parsed value","","","","NWB_DimDiameter","","","",""
"20260814_142509","NWB Dim AutoFill","Multi-Category Schedule 2","schedule","view","skip","SharedOnly","skip-other-users","3775652","Duct Fittings","M_Rectangular Duct Takeoff","","LEVEL 02","M_Standard","200x650-200x650","200","650","","NWB_DimWidth","200","200","200","SKIP","existing-kept","instance","Shared Parameter","7626175","NWB_DimWidth","String","False","2","1"
"20260814_142509","NWB Dim AutoFill","Multi-Category Schedule 2","schedule","view","skip","SharedOnly","skip-other-users","3775652","Duct Fittings","M_Rectangular Duct Takeoff","","LEVEL 02","M_Standard","200x650-200x650","200","650","","NWB_DimHeight","650","650","650","SKIP","existing-kept","instance","Shared Parameter","7626170","NWB_DimHeight","String","False","2","1"
"20260814_142509","NWB Dim AutoFill","Multi-Category Schedule 2","schedule","view","skip","SharedOnly","skip-other-users","3775652","Duct Fittings","M_Rectangular Duct Takeoff","","LEVEL 02","M_Standard","200x650-200x650","200","650","","NWB_DimDiameter","","","","SKIP","no parsed value","","","","NWB_DimDiameter","","","",""
"20260814_142509","NWB Dim AutoFill","Multi-Category Schedule 2","schedule","view","skip","SharedOnly","skip-other-users","3775653","Duct Fittings","M_Rectangular Duct Takeoff","","LEVEL 02","M_Standard","200x650-200x650","200","650","","NWB_DimWidth","200","200","200","SKIP","existing-kept","instance","Shared Parameter","7626175","NWB_DimWidth","String","False","2","1"
"20260814_142509","NWB Dim AutoFill","Multi-Category Schedule 2","schedule","view","skip","SharedOnly","skip-other-users","3775653","Duct Fittings","M_Rectangular Duct Takeoff","","LEVEL 02","M_Standard","200x650-200x650","200","650","","NWB_DimHeight","650","650","650","SKIP","existing-kept","instance","Shared Parameter","7626170","NWB_DimHeight","String","False","2","1"
"20260814_142509","NWB Dim AutoFill","Multi-Category Schedule 2","schedule","view","skip","SharedOnly","skip-other-users","3775653","Duct Fittings","M_Rectangular Duct Takeoff","","LEVEL 02","M_Standard","200x650-200x650","200","650","","NWB_DimDiameter","","","","SKIP","no parsed value","","","","NWB_DimDiameter","","","",""
"20260814_142509","NWB Dim AutoFill","Multi-Category Schedule 2","schedule","view","skip","SharedOnly","skip-other-users","3775654","Duct Fittings","M_Rectangular Duct Takeoff","","LEVEL 02","M_Standard","200x650-200x650","200","650","","NWB_DimWidth","200","200","200","SKIP","existing-kept","instance","Shared Parameter","7626175","NWB_DimWidth","String","False","2","1"
"20260814_142509","NWB Dim AutoFill","Multi-Category Schedule 2","schedule","view","skip","SharedOnly","skip-other-users","3775654","Duct Fittings","M_Rectangular Duct Takeoff","","LEVEL 02","M_Standard","200x650-200x650","200","650","","NWB_DimHeight","650","650","650","SKIP","existing-kept","instance","Shared Parameter","7626170","NWB_DimHeight","String","False","2","1"
"20260814_142509","NWB Dim AutoFill","Multi-Category Schedule 2","schedule","view","skip","SharedOnly","skip-other-users","3775654","Duct Fittings","M_Rectangular Duct Takeoff","","LEVEL 02","M_Standard","200x650-200x650","200","650","","NWB_DimDiameter","","","","SKIP","no parsed value","","","","NWB_DimDiameter","","","",""
"20260814_142509","NWB Dim AutoFill","Multi-Category Schedule 2","schedule","view","skip","SharedOnly","skip-other-users","3775655","Duct Fittings","M_Rectangular Duct Takeoff","","LEVEL 02","M_Standard","200x350-200x350","200","350","","NWB_DimWidth","200","200","200","SKIP","existing-kept","instance","Shared Parameter","7626175","NWB_DimWidth","String","False","2","1"
"20260814_142509","NWB Dim AutoFill","Multi-Category Schedule 2","schedule","view","skip","SharedOnly","skip-other-users","3775655","Duct Fittings","M_Rectangular Duct Takeoff","","LEVEL 02","M_Standard","200x350-200x350","200","350","","NWB_DimHeight","350","650","650","SKIP","existing-kept","instance","Shared Parameter","7626170","NWB_DimHeight","String","False","2","1"
"20260814_142509","NWB Dim AutoFill","Multi-Category Schedule 2","schedule","view","skip","SharedOnly","skip-other-users","3775655","Duct Fittings","M_Rectangular Duct Takeoff","","LEVEL 02","M_Standard","200x350-200x350","200","350","","NWB_DimDiameter","","","","SKIP","no parsed value","","","","NWB_DimDiameter","","","",""
"20260814_142509","NWB Dim AutoFill","Multi-Category Schedule 2","schedule","view","skip","SharedOnly","skip-other-users","3775656","Duct Fittings","M_Rectangular Duct Takeoff","","LEVEL 02","M_Standard","200x350-200x350","200","350","","NWB_DimWidth","200","200","200","SKIP","existing-kept","instance","Shared Parameter","7626175","NWB_DimWidth","String","False","2","1"
"20260814_142509","NWB Dim AutoFill","Multi-Category Schedule 2","schedule","view","skip","SharedOnly","skip-other-users","3775656","Duct Fittings","M_Rectangular Duct Takeoff","","LEVEL 02","M_Standard","200x350-200x350","200","350","","NWB_DimHeight","350","650","650","SKIP","existing-kept","instance","Shared Parameter","7626170","NWB_DimHeight","String","False","2","1"
"20260814_142509","NWB Dim AutoFill","Multi-Category Schedule 2","schedule","view","skip","SharedOnly","skip-other-users","3775656","Duct Fittings","M_Rectangular Duct Takeoff","","LEVEL 02","M_Standard","200x350-200x350","200","350","","NWB_DimDiameter","","","","SKIP","no parsed value","","","","NWB_DimDiameter","","","",""
"20260814_142509","NWB Dim AutoFill","Multi-Category Schedule 2","schedule","view","skip","SharedOnly","skip-other-users","3775657","Duct Fittings","M_Rectangular Duct Takeoff","","LEVEL 02","M_Standard","200x350-200x350","200","350","","NWB_DimWidth","200","200","200","SKIP","existing-kept","instance","Shared Parameter","7626175","NWB_DimWidth","String","False","2","1"
"20260814_142509","NWB Dim AutoFill","Multi-Category Schedule 2","schedule","view","skip","SharedOnly","skip-other-users","3775657","Duct Fittings","M_Rectangular Duct Takeoff","","LEVEL 02","M_Standard","200x350-200x350","200","350","","NWB_DimHeight","350","650","650","SKIP","existing-kept","instance","Shared Parameter","7626170","NWB_DimHeight","String","False","2","1"
"20260814_142509","NWB Dim AutoFill","Multi-Category Schedule 2","schedule","view","skip","SharedOnly","skip-other-users","3775657","Duct Fittings","M_Rectangular Duct Takeoff","","LEVEL 02","M_Standard","200x350-200x350","200","350","","NWB_DimDiameter","","","","SKIP","no parsed value","","","","NWB_DimDiameter","","","",""
"20260814_142509","NWB Dim AutoFill","Multi-Category Schedule 2","schedule","view","skip","SharedOnly","skip-other-users","3775658","Duct Fittings","M_Rectangular Duct Takeoff","","LEVEL 02","M_Standard","200x350-200x350","200","350","","NWB_DimWidth","200","200","200","SKIP","existing-kept","instance","Shared Parameter","7626175","NWB_DimWidth","String","False","2","1"
"20260814_142509","NWB Dim AutoFill","Multi-Category Schedule 2","schedule","view","skip","SharedOnly","skip-other-users","3775658","Duct Fittings","M_Rectangular Duct Takeoff","","LEVEL 02","M_Standard","200x350-200x350","200","350","","NWB_DimHeight","350","650","650","SKIP","existing-kept","instance","Shared Parameter","7626170","NWB_DimHeight","String","False","2","1"
"20260814_142509","NWB Dim AutoFill","Multi-Category Schedule 2","schedule","view","skip","SharedOnly","skip-other-users","3775658","Duct Fittings","M_Rectangular Duct Takeoff","","LEVEL 02","M_Standard","200x350-200x350","200","350","","NWB_DimDiameter","","","","SKIP","no parsed value","","","","NWB_DimDiameter","","","",""
"20260814_142509","NWB Dim AutoFill","Multi-Category Schedule 2","schedule","view","skip","SharedOnly","skip-other-users","3775659","Duct Insulations","Duct Insulation","","","External Insulation","","","","","","","","","SKIP","size empty","","","","","","","",""
"20260814_142509","NWB Dim AutoFill","Multi-Category Schedule 2","schedule","view","skip","SharedOnly","skip-other-users","3775660","Duct Insulations","Duct Insulation","","","External Insulation","","","","","","","","","SKIP","size empty","","","","","","","",""
"20260814_142509","NWB Dim AutoFill","Multi-Category Schedule 2","schedule","view","skip","SharedOnly","skip-other-users","3775661","Duct Insulations","Duct Insulation","","","External Insulation","","","","","","","","","SKIP","size empty","","","","","","","",""
"20260814_142509","NWB Dim AutoFill","Multi-Category Schedule 2","schedule","view","skip","SharedOnly","skip-other-users","3775662","Duct Insulations","Duct Insulation","","","External Insulation","","","","","","","","","SKIP","size empty","","","","","","","",""
"20260814_142509","NWB Dim AutoFill","Multi-Category Schedule 2","schedule","view","skip","SharedOnly","skip-other-users","3775663","Duct Insulations","Duct Insulation","","","External Insulation","","","","","","","","","SKIP","size empty","","","","","","","",""
"20260814_142509","NWB Dim AutoFill","Multi-Category Schedule 2","schedule","view","skip","SharedOnly","skip-other-users","3775664","Duct Insulations","Duct Insulation","","","External Insulation","","","","","","","","","SKIP","size empty","","","","","","","",""
"20260814_142509","NWB Dim AutoFill","Multi-Category Schedule 2","schedule","view","skip","SharedOnly","skip-other-users","3775665","Duct Insulations","Duct Insulation","","","External Insulation","","","","","","","","","SKIP","size empty","","","","","","","",""
"20260814_142509","NWB Dim AutoFill","Multi-Category Schedule 2","schedule","view","skip","SharedOnly","skip-other-users","3775666","Duct Insulations","Duct Insulation","","","External Insulation","","","","","","","","","SKIP","size empty","","","","","","","",""
"20260814_142509","NWB Dim AutoFill","Multi-Category Schedule 2","schedule","view","skip","SharedOnly","skip-other-users","3775667","Duct Insulations","Duct Insulation","","","External Insulation","","","","","","","","","SKIP","size empty","","","","","","","",""
"20260814_142509","NWB Dim AutoFill","Multi-Category Schedule 2","schedule","view","skip","SharedOnly","skip-other-users","3775668","Duct Fittings","Rectangular Blank End","","LEVEL 02","Standard","1600x500","1600","500","","NWB_DimDiameter","","","","SKIP","no parsed value","","","","NWB_DimDiameter","","","",""
"20260814_142509","NWB Dim AutoFill","Multi-Category Schedule 2","schedule","view","skip","SharedOnly","skip-other-users","3775669","Duct Insulations","Duct Insulation","","","External Insulation","","","","","","","","","SKIP","size empty","","","","","","","",""
"20260814_142509","NWB Dim AutoFill","Multi-Category Schedule 2","schedule","view","skip","SharedOnly","skip-other-users","3775670","Duct Fittings","Rectangular Blank End","","LEVEL 02","Standard","1600x500","1600","500","","NWB_DimWidth","1600","1600","1600","SKIP","existing-kept","instance","Shared Parameter","7626175","NWB_DimWidth","String","False","2","1"
"20260814_142509","NWB Dim AutoFill","Multi-Category Schedule 2","schedule","view","skip","SharedOnly","skip-other-users","3775670","Duct Fittings","Rectangular Blank End","","LEVEL 02","Standard","1600x500","1600","500","","NWB_DimHeight","500","500","500","SKIP","existing-kept","instance","Shared Parameter","7626170","NWB_DimHeight","String","False","2","1"
"20260814_142509","NWB Dim AutoFill","Multi-Category Schedule 2","schedule","view","skip","SharedOnly","skip-other-users","3775670","Duct Fittings","Rectangular Blank End","","LEVEL 02","Standard","1600x500","1600","500","","NWB_DimDiameter","","","","SKIP","no parsed value","","","","NWB_DimDiameter","","","",""
"20260814_142509","NWB Dim AutoFill","Multi-Category Schedule 2","schedule","view","skip","SharedOnly","skip-other-users","3775671","Duct Insulations","Duct Insulation","","","External Insulation","","","","","","","","","SKIP","size empty","","","","","","","",""
"20260814_142509","NWB Dim AutoFill","Multi-Category Schedule 2","schedule","view","skip","SharedOnly","skip-other-users","3775672","Duct Insulations","Duct Insulation","","","R1.2","","","","","","","","","SKIP","size empty","","","","","","","",""
"20260814_142509","NWB Dim AutoFill","Multi-Category Schedule 2","schedule","view","skip","SharedOnly","skip-other-users","3775673","Ducts","Rectangular Duct","","LEVEL 02","Flanged Long Radius Elbows / Shoe Branch","400x450","400","450","","NWB_DimWidth","400","2350","2350","SKIP","existing-kept","instance","Shared Parameter","7626175","NWB_DimWidth","String","False","1","1"
"20260814_142509","NWB Dim AutoFill","Multi-Category Schedule 2","schedule","view","skip","SharedOnly","skip-other-users","3775673","Ducts","Rectangular Duct","","LEVEL 02","Flanged Long Radius Elbows / Shoe Branch","400x450","400","450","","NWB_DimHeight","450","1175","1175","SKIP","existing-kept","instance","Shared Parameter","7626170","NWB_DimHeight","String","False","1","1"
"20260814_142509","NWB Dim AutoFill","Multi-Category Schedule 2","schedule","view","skip","SharedOnly","skip-other-users","3775673","Ducts","Rectangular Duct","","LEVEL 02","Flanged Long Radius Elbows / Shoe Branch","400x450","400","450","","NWB_DimDiameter","","","","SKIP","no parsed value","","","","NWB_DimDiameter","","","",""
"20260814_142509","NWB Dim AutoFill","Multi-Category Schedule 2","schedule","view","skip","SharedOnly","skip-other-users","3775674","Duct Insulations","Duct Insulation","","","R1.2","","","","","","","","","SKIP","size empty","","","","","","","",""
"20260814_142509","NWB Dim AutoFill","Multi-Category Schedule 2","schedule","view","skip","SharedOnly","skip-other-users","3775675","Ducts","Rectangular Duct","","LEVEL 02","Flanged Long Radius Elbows / Shoe Branch","400x450","400","450","","NWB_DimWidth","400","2350","2350","SKIP","existing-kept","instance","Shared Parameter","7626175","NWB_DimWidth","String","False","1","1"
"20260814_142509","NWB Dim AutoFill","Multi-Category Schedule 2","schedule","view","skip","SharedOnly","skip-other-users","3775675","Ducts","Rectangular Duct","","LEVEL 02","Flanged Long Radius Elbows / Shoe Branch","400x450","400","450","","NWB_DimHeight","450","1175","1175","SKIP","existing-kept","instance","Shared Parameter","7626170","NWB_DimHeight","String","False","1","1"
"20260814_142509","NWB Dim AutoFill","Multi-Category Schedule 2","schedule","view","skip","SharedOnly","skip-other-users","3775675","Ducts","Rectangular Duct","","LEVEL 02","Flanged Long Radius Elbows / Shoe Branch","400x450","400","450","","NWB_DimDiameter","","","","SKIP","no parsed value","","","","NWB_DimDiameter","","","",""
"20260814_142509","NWB Dim AutoFill","Multi-Category Schedule 2","schedule","view","skip","SharedOnly","skip-other-users","3775676","Duct Insulations","Duct Insulation","","","R1.2","","","","","","","","","SKIP","size empty","","","","","","","",""
"20260814_142509","NWB Dim AutoFill","Multi-Category Schedule 2","schedule","view","skip","SharedOnly","skip-other-users","3775677","Ducts","Rectangular Duct","","LEVEL 02","Flanged Long Radius Elbows / Shoe Branch","400x450","400","450","","NWB_DimWidth","400","2350","2350","SKIP","existing-kept","instance","Shared Parameter","7626175","NWB_DimWidth","String","False","1","1"
"20260814_142509","NWB Dim AutoFill","Multi-Category Schedule 2","schedule","view","skip","SharedOnly","skip-other-users","3775677","Ducts","Rectangular Duct","","LEVEL 02","Flanged Long Radius Elbows / Shoe Branch","400x450","400","450","","NWB_DimHeight","450","1175","1175","SKIP","existing-kept","instance","Shared Parameter","7626170","NWB_DimHeight","String","False","1","1"
"20260814_142509","NWB Dim AutoFill","Multi-Category Schedule 2","schedule","view","skip","SharedOnly","skip-other-users","3775677","Ducts","Rectangular Duct","","LEVEL 02","Flanged Long Radius Elbows / Shoe Branch","400x450","400","450","","NWB_DimDiameter","","","","SKIP","no parsed value","","","","NWB_DimDiameter","","","",""
"20260814_142509","NWB Dim AutoFill","Multi-Category Schedule 2","schedule","view","skip","SharedOnly","skip-other-users","3775686","Duct Systems","Duct System","","","SA 157","","","","","","","","","SKIP","size empty","","","","","","","",""
"20260814_142509","NWB Dim AutoFill","Multi-Category Schedule 2","schedule","view","skip","SharedOnly","skip-other-users","3779781","Generic Models","MHT-ME-GM-Walk Zone","","GROUND LOWER","MHT-ME-GM-Walk Zone 1","","","","","","","","","SKIP","size empty","","","","","","","",""
"20260814_142509","NWB Dim AutoFill","Multi-Category Schedule 2","schedule","view","skip","SharedOnly","skip-other-users","3779927","Generic Models","MHT-ME-GM-Walk Zone","","GROUND LOWER","MHT-ME-GM-Walk Zone 1","","","","","","","","","SKIP","size empty","","","","","","","",""
"20260814_142509","NWB Dim AutoFill","Multi-Category Schedule 2","schedule","view","skip","SharedOnly","skip-other-users","3780943","Generic Models","MHT-ME-GM-Walk Zone","","GROUND LOWER","MHT-ME-GM-Walk Zone 1","","","","","","","","","SKIP","size empty","","","","","","","",""
"20260814_142509","NWB Dim AutoFill","Multi-Category Schedule 2","schedule","view","skip","SharedOnly","skip-other-users","3785449","Generic Models","MHT-ME-GM-Walk Zone","","GROUND LOWER","MHT-ME-GM-Walk Zone 1","","","","","","","","","SKIP","size empty","","","","","","","",""
"20260814_142509","NWB Dim AutoFill","Multi-Category Schedule 2","schedule","view","skip","SharedOnly","skip-other-users","3785884","Generic Models","MHT-ME-GM-Placeholder","","GROUND LOWER","MHT-ME-GM-Placeholder","","","","","","","","","SKIP","size empty","","","","","","","",""
"20260814_142509","NWB Dim AutoFill","Multi-Category Schedule 2","schedule","view","skip","SharedOnly","skip-other-users","3785981","Generic Models","MHT-ME-GM-Walk Zone","","GROUND LOWER","MHT-ME-GM-Walk Zone 1","","","","","","","","","SKIP","size empty","","","","","","","",""
"20260814_142509","NWB Dim AutoFill","Multi-Category Schedule 2","schedule","view","skip","SharedOnly","skip-other-users","3786388","Generic Models","MHT-ME-GM-Placeholder","","GROUND LOWER","MHT-ME-GM-Placeholder","","","","","","","","","SKIP","size empty","","","","","","","",""
"20260814_142509","NWB Dim AutoFill","Multi-Category Schedule 2","schedule","view","skip","SharedOnly","skip-other-users","3838670","Generic Models","MHT-ME-GM-Walk Zone","","GROUND LOWER","MHT-ME-GM-Walk Zone 1","","","","","","","","","SKIP","size empty","","","","","","","",""
"20260814_142509","NWB Dim AutoFill","Multi-Category Schedule 2","schedule","view","skip","SharedOnly","skip-other-users","4157210","Generic Models","MHT-ME-GM-Placeholder","","LEVEL 12","MHT-ME-GM-Placeholder","","","","","","","","","SKIP","size empty","","","","","","","",""
"20260814_142509","NWB Dim AutoFill","Multi-Category Schedule 2","schedule","view","skip","SharedOnly","skip-other-users","4253567","Generic Models","MHT-ME-CHILLER PLINTH_SMALL","","LEVEL 12","MHT-ME-CHILLER PLINTH_SMALL","","","","","","","","","SKIP","size empty","","","","","","","",""
"20260814_142509","NWB Dim AutoFill","Multi-Category Schedule 2","schedule","view","skip","SharedOnly","skip-other-users","4254494","Generic Models","MHT-ME-GM-Placeholder","","LEVEL 12","MHT-ME-GM-Placeholder","","","","","","","","","SKIP","size empty","","","","","","","",""
"20260814_142509","NWB Dim AutoFill","Multi-Category Schedule 2","schedule","view","skip","SharedOnly","skip-other-users","4254526","Generic Models","MHT-ME-GM-Placeholder","","LEVEL 12","MHT-ME-GM-Placeholder","","","","","","","","","SKIP","size empty","","","","","","","",""
"20260814_142509","NWB Dim AutoFill","Multi-Category Schedule 2","schedule","view","skip","SharedOnly","skip-other-users","4254555","Generic Models","MHT-ME-GM-Placeholder","","LEVEL 12","MHT-ME-GM-Placeholder","","","","","","","","","SKIP","size empty","","","","","","","",""
"20260814_142509","NWB Dim AutoFill","Multi-Category Schedule 2","schedule","view","skip","SharedOnly","skip-other-users","4256745","Generic Models","MHT-ME-GM-Placeholder","","LEVEL 12","MHT-ME-GM-Placeholder","","","","","","","","","SKIP","size empty","","","","","","","",""
"20260814_142509","NWB Dim AutoFill","Multi-Category Schedule 2","schedule","view","skip","SharedOnly","skip-other-users","4256807","Generic Models","MHT-ME-GM-Placeholder","","LEVEL 12","MHT-ME-GM-Placeholder","","","","","","","","","SKIP","size empty","","","","","","","",""
"20260814_142509","NWB Dim AutoFill","Multi-Category Schedule 2","schedule","view","skip","SharedOnly","skip-other-users","4257001","Generic Models","MHT-ME-GM-Placeholder","","LEVEL 12","MHT-ME-GM-Placeholder","","","","","","","","","SKIP","size empty","","","","","","","",""
"20260814_142509","NWB Dim AutoFill","Multi-Category Schedule 2","schedule","view","skip","SharedOnly","skip-other-users","4257073","Generic Models","MHT-ME-GM-Placeholder","","LEVEL 12","MHT-ME-GM-Placeholder","","","","","","","","","SKIP","size empty","","","","","","","",""
"20260814_142509","NWB Dim AutoFill","Multi-Category Schedule 2","schedule","view","skip","SharedOnly","skip-other-users","4257270","Generic Models","MHT-ME-GM-Placeholder","","LEVEL 12","MHT-ME-GM-Placeholder","","","","","","","","","SKIP","size empty","","","","","","","",""
"20260814_142509","NWB Dim AutoFill","Multi-Category Schedule 2","schedule","view","skip","SharedOnly","skip-other-users","4413611","Generic Models","EGRESS PATH1","","","EGRESS PATH","","","","","","","","","SKIP","size empty","","","","","","","",""
"20260814_142509","NWB Dim AutoFill","Multi-Category Schedule 2","schedule","view","skip","SharedOnly","skip-other-users","4416451","Generic Models","EGRESS PATH3","","","EGRESS PATH","","","","","","","","","SKIP","size empty","","","","","","","",""
"20260814_142509","NWB Dim AutoFill","Multi-Category Schedule 2","schedule","view","skip","SharedOnly","skip-other-users","4416890","Generic Models","EGRESS PATH4","","","EGRESS PATH","","","","","","","","","SKIP","size empty","","","","","","","",""
"20260814_142509","NWB Dim AutoFill","Multi-Category Schedule 2","schedule","view","skip","SharedOnly","skip-other-users","4417581","Generic Models","MHT-ME-GM-Placeholder","","LEVEL 03","MHT-ME-GM-Placeholder","","","","","","","","","SKIP","size empty","","","","","","","",""
"20260814_142509","NWB Dim AutoFill","Multi-Category Schedule 2","schedule","view","skip","SharedOnly","skip-other-users","4432971","Generic Models","MHT-ME-GM-Placeholder","","LEVEL 03","MHT-ME-GM-Placeholder","","","","","","","","","SKIP","size empty","","","","","","","",""
"20260814_142509","NWB Dim AutoFill","Multi-Category Schedule 2","schedule","view","skip","SharedOnly","skip-other-users","4623400","Generic Models","EGRESS PATH2","","","EGRESS PATH","","","","","","","","","SKIP","size empty","","","","","","","",""
"20260814_142509","NWB Dim AutoFill","Multi-Category Schedule 2","schedule","view","skip","SharedOnly","skip-other-users","4794853","Generic Models","EGRESS PATH6","","","EGRESS PATH","","","","","","","","","SKIP","size empty","","","","","","","",""
"20260814_142509","NWB Dim AutoFill","Multi-Category Schedule 2","schedule","view","skip","SharedOnly","skip-other-users","4794903","Generic Models","EGRESS PATH7","","","EGRESS PATH","","","","","","","","","SKIP","size empty","","","","","","","",""
"20260814_142509","NWB Dim AutoFill","Multi-Category Schedule 2","schedule","view","skip","SharedOnly","skip-other-users","5067764","Generic Models","MHT-ME-GM-Placeholder","","LEVEL 07","MHT-ME-GM-Placeholder 1","","","","","","","","","SKIP","size empty","","","","","","","",""
"20260814_142509","NWB Dim AutoFill","Multi-Category Schedule 2","schedule","view","skip","SharedOnly","skip-other-users","5068149","Generic Models","MHT-ME-GM-Placeholder","","LEVEL 07","MHT-ME-GM-Placeholder 1","","","","","","","","","SKIP","size empty","","","","","","","",""
"20260814_142509","NWB Dim AutoFill","Multi-Category Schedule 2","schedule","view","skip","SharedOnly","skip-other-users","5068246","Generic Models","MHT-ME-GM-Placeholder","","LEVEL 12","MHT-ME-GM-Placeholder","","","","","","","","","SKIP","size empty","","","","","","","",""
"20260814_142509","NWB Dim AutoFill","Multi-Category Schedule 2","schedule","view","skip","SharedOnly","skip-other-users","5068451","Generic Models","MHT-ME-GM-Placeholder","","LEVEL 12","MHT-ME-GM-Placeholder","","","","","","","","","SKIP","size empty","","","","","","","",""
"20260814_142509","NWB Dim AutoFill","Multi-Category Schedule 2","schedule","view","skip","SharedOnly","skip-other-users","5068542","Generic Models","MHT-ME-GM-Placeholder","","LEVEL 07","MHT-ME-GM-Placeholder 1","","","","","","","","","SKIP","size empty","","","","","","","",""
"20260814_142509","NWB Dim AutoFill","Multi-Category Schedule 2","schedule","view","skip","SharedOnly","skip-other-users","5068996","Generic Models","MHT-ME-GM-Placeholder","","LEVEL 12","MHT-ME-GM-Placeholder","","","","","","","","","SKIP","size empty","","","","","","","",""
"20260814_142509","NWB Dim AutoFill","Multi-Category Schedule 2","schedule","view","skip","SharedOnly","skip-other-users","5073257","Generic Models","MHT-ME-GM-Placeholder","","LEVEL 12","MHT-ME-GM-Placeholder","","","","","","","","","SKIP","size empty","","","","","","","",""
"20260814_142509","NWB Dim AutoFill","Multi-Category Schedule 2","schedule","view","skip","SharedOnly","skip-other-users","5073564","Generic Models","MHT-ME-GM-Placeholder","","LEVEL 12","MHT-ME-GM-Placeholder","","","","","","","","","SKIP","size empty","","","","","","","",""
"20260814_142509","NWB Dim AutoFill","Multi-Category Schedule 2","schedule","view","skip","SharedOnly","skip-other-users","5079689","Generic Models","MHT-ME-GM-Placeholder","","LEVEL 12","MHT-ME-GM-Placeholder","","","","","","","","","SKIP","size empty","","","","","","","",""
"20260814_142509","NWB Dim AutoFill","Multi-Category Schedule 2","schedule","view","skip","SharedOnly","skip-other-users","5081145","Generic Models","MHT-ME-GM-Placeholder","","LEVEL 12","MHT-ME-GM-Placeholder","","","","","","","","","SKIP","size empty","","","","","","","",""
"20260814_142509","NWB Dim AutoFill","Multi-Category Schedule 2","schedule","view","skip","SharedOnly","skip-other-users","5081419","Generic Models","MHT-ME-GM-Placeholder","","LEVEL 12","MHT-ME-GM-Placeholder","","","","","","","","","SKIP","size empty","","","","","","","",""
"20260814_142509","NWB Dim AutoFill","Multi-Category Schedule 2","schedule","view","skip","SharedOnly","skip-other-users","5107250","Electrical Equipment","MHT-ME-EQ-MainSwitchboard","","LEVEL 02","MSSB- 1500 x 450w x 2000h 3","","","","","","","","","SKIP","size empty","","","","","","","",""
"20260814_142509","NWB Dim AutoFill","Multi-Category Schedule 2","schedule","view","skip","SharedOnly","skip-other-users","5116416","Generic Models","MHT-ME-GM-Placeholder","","LEVEL 12","MHT-ME-GM-Placeholder","","","","","","","","","SKIP","size empty","","","","","","","",""
"20260814_142509","NWB Dim AutoFill","Multi-Category Schedule 2","schedule","view","skip","SharedOnly","skip-other-users","5120727","Pipes","Pipe Types","","LEVEL 03","Butt Welded_Mech","250ø","","","250","NWB_DimWidth","","","","SKIP","no parsed value","","","","NWB_DimWidth","","","",""
"20260814_142509","NWB Dim AutoFill","Multi-Category Schedule 2","schedule","view","skip","SharedOnly","skip-other-users","5120727","Pipes","Pipe Types","","LEVEL 03","Butt Welded_Mech","250ø","","","250","NWB_DimHeight","","","","SKIP","no parsed value","","","","NWB_DimHeight","","","",""
"20260814_142509","NWB Dim AutoFill","Multi-Category Schedule 2","schedule","view","skip","SharedOnly","skip-other-users","5120727","Pipes","Pipe Types","","LEVEL 03","Butt Welded_Mech","250ø","","","250","NWB_DimDiameter","250","250","250","SKIP","existing-kept","instance","Shared Parameter","7626172","NWB_DimDiameter","String","False","1","1"
"20260814_142509","NWB Dim AutoFill","Multi-Category Schedule 2","schedule","view","skip","SharedOnly","skip-other-users","5120746","Pipes","Pipe Types","","LEVEL 03","Butt Welded_Mech","250ø","","","250","NWB_DimWidth","","","","SKIP","no parsed value","","","","NWB_DimWidth","","","",""
"20260814_142509","NWB Dim AutoFill","Multi-Category Schedule 2","schedule","view","skip","SharedOnly","skip-other-users","5120746","Pipes","Pipe Types","","LEVEL 03","Butt Welded_Mech","250ø","","","250","NWB_DimHeight","","","","SKIP","no parsed value","","","","NWB_DimHeight","","","",""
"20260814_142509","NWB Dim AutoFill","Multi-Category Schedule 2","schedule","view","skip","SharedOnly","skip-other-users","5120746","Pipes","Pipe Types","","LEVEL 03","Butt Welded_Mech","250ø","","","250","NWB_DimDiameter","250","250","250","SKIP","existing-kept","instance","Shared Parameter","7626172","NWB_DimDiameter","String","False","1","1"
"20260814_142509","NWB Dim AutoFill","Multi-Category Schedule 2","schedule","view","skip","SharedOnly","skip-other-users","5285077","Ducts","Rectangular Duct","","GROUND","Flanged Long Radius Elbows / Shoe Branch","1700x1700","1700","1700","","NWB_DimWidth","1700","2350","2350","SKIP","existing-kept","instance","Shared Parameter","7626175","NWB_DimWidth","String","False","1","1"
"20260814_142509","NWB Dim AutoFill","Multi-Category Schedule 2","schedule","view","skip","SharedOnly","skip-other-users","5285077","Ducts","Rectangular Duct","","GROUND","Flanged Long Radius Elbows / Shoe Branch","1700x1700","1700","1700","","NWB_DimHeight","1700","1175","1175","SKIP","existing-kept","instance","Shared Parameter","7626170","NWB_DimHeight","String","False","1","1"
"20260814_142509","NWB Dim AutoFill","Multi-Category Schedule 2","schedule","view","skip","SharedOnly","skip-other-users","5285077","Ducts","Rectangular Duct","","GROUND","Flanged Long Radius Elbows / Shoe Branch","1700x1700","1700","1700","","NWB_DimDiameter","","","","SKIP","no parsed value","","","","NWB_DimDiameter","","","",""
"20260814_142509","NWB Dim AutoFill","Multi-Category Schedule 2","schedule","view","skip","SharedOnly","skip-other-users","5285088","Ducts","Rectangular Duct","","GROUND","Flanged Long Radius Elbows / Shoe Branch","1700x1700","1700","1700","","NWB_DimWidth","1700","2350","2350","SKIP","existing-kept","instance","Shared Parameter","7626175","NWB_DimWidth","String","False","1","1"
"20260814_142509","NWB Dim AutoFill","Multi-Category Schedule 2","schedule","view","skip","SharedOnly","skip-other-users","5285088","Ducts","Rectangular Duct","","GROUND","Flanged Long Radius Elbows / Shoe Branch","1700x1700","1700","1700","","NWB_DimHeight","1700","1175","1175","SKIP","existing-kept","instance","Shared Parameter","7626170","NWB_DimHeight","String","False","1","1"
"20260814_142509","NWB Dim AutoFill","Multi-Category Schedule 2","schedule","view","skip","SharedOnly","skip-other-users","5285088","Ducts","Rectangular Duct","","GROUND","Flanged Long Radius Elbows / Shoe Branch","1700x1700","1700","1700","","NWB_DimDiameter","","","","SKIP","no parsed value","","","","NWB_DimDiameter","","","",""
"20260814_142509","NWB Dim AutoFill","Multi-Category Schedule 2","schedule","view","skip","SharedOnly","skip-other-users","5364828","Ducts","Rectangular Duct","","GROUND","Flanged Long Radius Elbows / Shoe Branch","1700x1700","1700","1700","","NWB_DimWidth","1700","2350","2350","SKIP","existing-kept","instance","Shared Parameter","7626175","NWB_DimWidth","String","False","1","1"
"20260814_142509","NWB Dim AutoFill","Multi-Category Schedule 2","schedule","view","skip","SharedOnly","skip-other-users","5364828","Ducts","Rectangular Duct","","GROUND","Flanged Long Radius Elbows / Shoe Branch","1700x1700","1700","1700","","NWB_DimHeight","1700","1175","1175","SKIP","existing-kept","instance","Shared Parameter","7626170","NWB_DimHeight","String","False","1","1"
"20260814_142509","NWB Dim AutoFill","Multi-Category Schedule 2","schedule","view","skip","SharedOnly","skip-other-users","5364828","Ducts","Rectangular Duct","","GROUND","Flanged Long Radius Elbows / Shoe Branch","1700x1700","1700","1700","","NWB_DimDiameter","","","","SKIP","no parsed value","","","","NWB_DimDiameter","","","",""
"20260814_142509","NWB Dim AutoFill","Multi-Category Schedule 2","schedule","view","skip","SharedOnly","skip-other-users","5364984","Ducts","Rectangular Duct","","GROUND","Flanged Long Radius Elbows / Shoe Branch","1700x1700","1700","1700","","NWB_DimWidth","1700","2350","2350","SKIP","existing-kept","instance","Shared Parameter","7626175","NWB_DimWidth","String","False","1","1"
"20260814_142509","NWB Dim AutoFill","Multi-Category Schedule 2","schedule","view","skip","SharedOnly","skip-other-users","5364984","Ducts","Rectangular Duct","","GROUND","Flanged Long Radius Elbows / Shoe Branch","1700x1700","1700","1700","","NWB_DimHeight","1700","1175","1175","SKIP","existing-kept","instance","Shared Parameter","7626170","NWB_DimHeight","String","False","1","1"
"20260814_142509","NWB Dim AutoFill","Multi-Category Schedule 2","schedule","view","skip","SharedOnly","skip-other-users","5364984","Ducts","Rectangular Duct","","GROUND","Flanged Long Radius Elbows / Shoe Branch","1700x1700","1700","1700","","NWB_DimDiameter","","","","SKIP","no parsed value","","","","NWB_DimDiameter","","","",""
"20260814_142509","NWB Dim AutoFill","Multi-Category Schedule 2","schedule","view","skip","SharedOnly","skip-other-users","5364985","Duct Fittings","MHT-ME-DF-Rectangular Union-01","","GROUND","Standard","1700x1700-1700x1700","1700","1700","","NWB_DimDiameter","","","","SKIP","no parsed value","","","","NWB_DimDiameter","","","",""
"20260814_142509","NWB Dim AutoFill","Multi-Category Schedule 2","schedule","view","skip","SharedOnly","skip-other-users","5365610","Duct Systems","Duct System","","","SE 14","","","","","","","","","SKIP","size empty","","","","","","","",""
"20260814_142509","NWB Dim AutoFill","Multi-Category Schedule 2","schedule","view","skip","SharedOnly","skip-other-users","5367891","Duct Fittings","M_Rectangular Duct Takeoff","","LEVEL 02","M_Standard","400x450-400x450","400","450","","NWB_DimWidth","400","200","200","SKIP","existing-kept","instance","Shared Parameter","7626175","NWB_DimWidth","String","False","2","1"
"20260814_142509","NWB Dim AutoFill","Multi-Category Schedule 2","schedule","view","skip","SharedOnly","skip-other-users","5367891","Duct Fittings","M_Rectangular Duct Takeoff","","LEVEL 02","M_Standard","400x450-400x450","400","450","","NWB_DimHeight","450","650","650","SKIP","existing-kept","instance","Shared Parameter","7626170","NWB_DimHeight","String","False","2","1"
"20260814_142509","NWB Dim AutoFill","Multi-Category Schedule 2","schedule","view","skip","SharedOnly","skip-other-users","5367891","Duct Fittings","M_Rectangular Duct Takeoff","","LEVEL 02","M_Standard","400x450-400x450","400","450","","NWB_DimDiameter","","","","SKIP","no parsed value","","","","NWB_DimDiameter","","","",""
"20260814_142509","NWB Dim AutoFill","Multi-Category Schedule 2","schedule","view","skip","SharedOnly","skip-other-users","5367893","Duct Insulations","Duct Insulation","","","External Insulation","","","","","","","","","SKIP","size empty","","","","","","","",""
"20260814_142509","NWB Dim AutoFill","Multi-Category Schedule 2","schedule","view","skip","SharedOnly","skip-other-users","5367912","Duct Fittings","M_Rectangular Duct Takeoff","","LEVEL 02","M_Standard","400x450-400x450","400","450","","NWB_DimWidth","400","200","200","SKIP","existing-kept","instance","Shared Parameter","7626175","NWB_DimWidth","String","False","2","1"
"20260814_142509","NWB Dim AutoFill","Multi-Category Schedule 2","schedule","view","skip","SharedOnly","skip-other-users","5367912","Duct Fittings","M_Rectangular Duct Takeoff","","LEVEL 02","M_Standard","400x450-400x450","400","450","","NWB_DimHeight","450","650","650","SKIP","existing-kept","instance","Shared Parameter","7626170","NWB_DimHeight","String","False","2","1"
"20260814_142509","NWB Dim AutoFill","Multi-Category Schedule 2","schedule","view","skip","SharedOnly","skip-other-users","5367912","Duct Fittings","M_Rectangular Duct Takeoff","","LEVEL 02","M_Standard","400x450-400x450","400","450","","NWB_DimDiameter","","","","SKIP","no parsed value","","","","NWB_DimDiameter","","","",""
"20260814_142509","NWB Dim AutoFill","Multi-Category Schedule 2","schedule","view","skip","SharedOnly","skip-other-users","5367914","Duct Insulations","Duct Insulation","","","External Insulation","","","","","","","","","SKIP","size empty","","","","","","","",""
"20260814_142509","NWB Dim AutoFill","Multi-Category Schedule 2","schedule","view","skip","SharedOnly","skip-other-users","5367933","Duct Fittings","M_Rectangular Duct Takeoff","","LEVEL 02","M_Standard","400x450-400x450","400","450","","NWB_DimWidth","400","200","200","SKIP","existing-kept","instance","Shared Parameter","7626175","NWB_DimWidth","String","False","2","1"
"20260814_142509","NWB Dim AutoFill","Multi-Category Schedule 2","schedule","view","skip","SharedOnly","skip-other-users","5367933","Duct Fittings","M_Rectangular Duct Takeoff","","LEVEL 02","M_Standard","400x450-400x450","400","450","","NWB_DimHeight","450","650","650","SKIP","existing-kept","instance","Shared Parameter","7626170","NWB_DimHeight","String","False","2","1"
"20260814_142509","NWB Dim AutoFill","Multi-Category Schedule 2","schedule","view","skip","SharedOnly","skip-other-users","5367933","Duct Fittings","M_Rectangular Duct Takeoff","","LEVEL 02","M_Standard","400x450-400x450","400","450","","NWB_DimDiameter","","","","SKIP","no parsed value","","","","NWB_DimDiameter","","","",""
"20260814_142509","NWB Dim AutoFill","Multi-Category Schedule 2","schedule","view","skip","SharedOnly","skip-other-users","5367935","Duct Insulations","Duct Insulation","","","External Insulation","","","","","","","","","SKIP","size empty","","","","","","","",""
"20260814_142509","NWB Dim AutoFill","Multi-Category Schedule 2","schedule","view","skip","SharedOnly","skip-other-users","5368015","Duct Fittings","M_Rectangular Duct Takeoff","","LEVEL 02","M_Standard","400x450-400x450","400","450","","NWB_DimWidth","400","200","200","SKIP","existing-kept","instance","Shared Parameter","7626175","NWB_DimWidth","String","False","2","1"
"20260814_142509","NWB Dim AutoFill","Multi-Category Schedule 2","schedule","view","skip","SharedOnly","skip-other-users","5368015","Duct Fittings","M_Rectangular Duct Takeoff","","LEVEL 02","M_Standard","400x450-400x450","400","450","","NWB_DimHeight","450","650","650","SKIP","existing-kept","instance","Shared Parameter","7626170","NWB_DimHeight","String","False","2","1"
"20260814_142509","NWB Dim AutoFill","Multi-Category Schedule 2","schedule","view","skip","SharedOnly","skip-other-users","5368015","Duct Fittings","M_Rectangular Duct Takeoff","","LEVEL 02","M_Standard","400x450-400x450","400","450","","NWB_DimDiameter","","","","SKIP","no parsed value","","","","NWB_DimDiameter","","","",""
"20260814_142509","NWB Dim AutoFill","Multi-Category Schedule 2","schedule","view","skip","SharedOnly","skip-other-users","5368017","Duct Insulations","Duct Insulation","","","External Insulation","","","","","","","","","SKIP","size empty","","","","","","","",""
"20260814_142509","NWB Dim AutoFill","Multi-Category Schedule 2","schedule","view","skip","SharedOnly","skip-other-users","5523679","Ducts","Rectangular Duct","","GROUND","Flanged Long Radius Elbows / Shoe Branch","1100x1000","1100","1000","","NWB_DimWidth","1100","2350","2350","SKIP","existing-kept","instance","Shared Parameter","7626175","NWB_DimWidth","String","False","1","1"
"20260814_142509","NWB Dim AutoFill","Multi-Category Schedule 2","schedule","view","skip","SharedOnly","skip-other-users","5523679","Ducts","Rectangular Duct","","GROUND","Flanged Long Radius Elbows / Shoe Branch","1100x1000","1100","1000","","NWB_DimHeight","1000","1175","1175","SKIP","existing-kept","instance","Shared Parameter","7626170","NWB_DimHeight","String","False","1","1"
"20260814_142509","NWB Dim AutoFill","Multi-Category Schedule 2","schedule","view","skip","SharedOnly","skip-other-users","5523679","Ducts","Rectangular Duct","","GROUND","Flanged Long Radius Elbows / Shoe Branch","1100x1000","1100","1000","","NWB_DimDiameter","","","","SKIP","no parsed value","","","","NWB_DimDiameter","","","",""
"20260814_142509","NWB Dim AutoFill","Multi-Category Schedule 2","schedule","view","skip","SharedOnly","skip-other-users","5523680","Duct Systems","Duct System","","","SPS 1","","","","","","","","","SKIP","size empty","","","","","","","",""
"20260814_142509","NWB Dim AutoFill","Multi-Category Schedule 2","schedule","view","skip","SharedOnly","skip-other-users","5523701","Ducts","Rectangular Duct","","GROUND","Flanged Long Radius Elbows / Shoe Branch","1400x1200","1400","1200","","NWB_DimWidth","1400","2350","2350","SKIP","existing-kept","instance","Shared Parameter","7626175","NWB_DimWidth","String","False","1","1"
"20260814_142509","NWB Dim AutoFill","Multi-Category Schedule 2","schedule","view","skip","SharedOnly","skip-other-users","5523701","Ducts","Rectangular Duct","","GROUND","Flanged Long Radius Elbows / Shoe Branch","1400x1200","1400","1200","","NWB_DimHeight","1200","1175","1175","SKIP","existing-kept","instance","Shared Parameter","7626170","NWB_DimHeight","String","False","1","1"
"20260814_142509","NWB Dim AutoFill","Multi-Category Schedule 2","schedule","view","skip","SharedOnly","skip-other-users","5523701","Ducts","Rectangular Duct","","GROUND","Flanged Long Radius Elbows / Shoe Branch","1400x1200","1400","1200","","NWB_DimDiameter","","","","SKIP","no parsed value","","","","NWB_DimDiameter","","","",""
"20260814_142509","NWB Dim AutoFill","Multi-Category Schedule 2","schedule","view","skip","SharedOnly","skip-other-users","5523702","Duct Systems","Duct System","","","MG 1","","","","","","","","","SKIP","size empty","","","","","","","",""
"20260814_142509","NWB Dim AutoFill","Multi-Category Schedule 2","schedule","view","skip","SharedOnly","skip-other-users","5532983","Ducts","Rectangular Duct","","LEVEL 01","Flanged Long Radius Elbows / Shoe Branch","1700x1700","1700","1700","","NWB_DimWidth","1700","2350","2350","SKIP","existing-kept","instance","Shared Parameter","7626175","NWB_DimWidth","String","False","1","1"
"20260814_142509","NWB Dim AutoFill","Multi-Category Schedule 2","schedule","view","skip","SharedOnly","skip-other-users","5532983","Ducts","Rectangular Duct","","LEVEL 01","Flanged Long Radius Elbows / Shoe Branch","1700x1700","1700","1700","","NWB_DimHeight","1700","1175","1175","SKIP","existing-kept","instance","Shared Parameter","7626170","NWB_DimHeight","String","False","1","1"
"20260814_142509","NWB Dim AutoFill","Multi-Category Schedule 2","schedule","view","skip","SharedOnly","skip-other-users","5532983","Ducts","Rectangular Duct","","LEVEL 01","Flanged Long Radius Elbows / Shoe Branch","1700x1700","1700","1700","","NWB_DimDiameter","","","","SKIP","no parsed value","","","","NWB_DimDiameter","","","",""
"20260814_142509","NWB Dim AutoFill","Multi-Category Schedule 2","schedule","view","skip","SharedOnly","skip-other-users","5532984","Duct Systems","Duct System","","","SE 12","","","","","","","","","SKIP","size empty","","","","","","","",""
"20260814_142509","NWB Dim AutoFill","Multi-Category Schedule 2","schedule","view","skip","SharedOnly","skip-other-users","5533018","Ducts","Rectangular Duct","","LEVEL 01","Flanged Long Radius Elbows / Shoe Branch","2000x800","2000","800","","NWB_DimWidth","2000","2350","2350","SKIP","existing-kept","instance","Shared Parameter","7626175","NWB_DimWidth","String","False","1","1"
"20260814_142509","NWB Dim AutoFill","Multi-Category Schedule 2","schedule","view","skip","SharedOnly","skip-other-users","5533018","Ducts","Rectangular Duct","","LEVEL 01","Flanged Long Radius Elbows / Shoe Branch","2000x800","2000","800","","NWB_DimHeight","800","1175","1175","SKIP","existing-kept","instance","Shared Parameter","7626170","NWB_DimHeight","String","False","1","1"
"20260814_142509","NWB Dim AutoFill","Multi-Category Schedule 2","schedule","view","skip","SharedOnly","skip-other-users","5533018","Ducts","Rectangular Duct","","LEVEL 01","Flanged Long Radius Elbows / Shoe Branch","2000x800","2000","800","","NWB_DimDiameter","","","","SKIP","no parsed value","","","","NWB_DimDiameter","","","",""
"20260814_142509","NWB Dim AutoFill","Multi-Category Schedule 2","schedule","view","skip","SharedOnly","skip-other-users","5533020","Duct Systems","Duct System","","","GE 11","","","","","","","","","SKIP","size empty","","","","","","","",""
"20260814_142509","NWB Dim AutoFill","Multi-Category Schedule 2","schedule","view","skip","SharedOnly","skip-other-users","5533022","Ducts","Rectangular Duct","","LEVEL 01","Flanged Long Radius Elbows / Shoe Branch","3400x1200","3400","1200","","NWB_DimWidth","3400","2350","2350","SKIP","existing-kept","instance","Shared Parameter","7626175","NWB_DimWidth","String","False","1","1"
"20260814_142509","NWB Dim AutoFill","Multi-Category Schedule 2","schedule","view","skip","SharedOnly","skip-other-users","5533022","Ducts","Rectangular Duct","","LEVEL 01","Flanged Long Radius Elbows / Shoe Branch","3400x1200","3400","1200","","NWB_DimHeight","1200","1175","1175","SKIP","existing-kept","instance","Shared Parameter","7626170","NWB_DimHeight","String","False","1","1"
"20260814_142509","NWB Dim AutoFill","Multi-Category Schedule 2","schedule","view","skip","SharedOnly","skip-other-users","5533022","Ducts","Rectangular Duct","","LEVEL 01","Flanged Long Radius Elbows / Shoe Branch","3400x1200","3400","1200","","NWB_DimDiameter","","","","SKIP","no parsed value","","","","NWB_DimDiameter","","","",""
"20260814_142509","NWB Dim AutoFill","Multi-Category Schedule 2","schedule","view","skip","SharedOnly","skip-other-users","5533023","Duct Systems","Duct System","","","SA 226","","","","","","","","","SKIP","size empty","","","","","","","",""
"20260814_142509","NWB Dim AutoFill","Multi-Category Schedule 2","schedule","view","skip","SharedOnly","skip-other-users","5533028","Ducts","Rectangular Duct","","GROUND","Flanged Long Radius Elbows / Shoe Branch","800x1000","800","1000","","NWB_DimWidth","800","2350","2350","SKIP","existing-kept","instance","Shared Parameter","7626175","NWB_DimWidth","String","False","1","1"
"20260814_142509","NWB Dim AutoFill","Multi-Category Schedule 2","schedule","view","skip","SharedOnly","skip-other-users","5533028","Ducts","Rectangular Duct","","GROUND","Flanged Long Radius Elbows / Shoe Branch","800x1000","800","1000","","NWB_DimHeight","1000","1175","1175","SKIP","existing-kept","instance","Shared Parameter","7626170","NWB_DimHeight","String","False","1","1"
"20260814_142509","NWB Dim AutoFill","Multi-Category Schedule 2","schedule","view","skip","SharedOnly","skip-other-users","5533028","Ducts","Rectangular Duct","","GROUND","Flanged Long Radius Elbows / Shoe Branch","800x1000","800","1000","","NWB_DimDiameter","","","","SKIP","no parsed value","","","","NWB_DimDiameter","","","",""
"20260814_142509","NWB Dim AutoFill","Multi-Category Schedule 2","schedule","view","skip","SharedOnly","skip-other-users","5533029","Duct Systems","Duct System","","","SA 231","","","","","","","","","SKIP","size empty","","","","","","","",""
"20260814_142509","NWB Dim AutoFill","Multi-Category Schedule 2","schedule","view","skip","SharedOnly","skip-other-users","5533032","Ducts","Rectangular Duct","","GROUND","Flanged Long Radius Elbows / Shoe Branch","1000x1000","1000","1000","","NWB_DimWidth","1000","2350","2350","SKIP","existing-kept","instance","Shared Parameter","7626175","NWB_DimWidth","String","False","1","1"
"20260814_142509","NWB Dim AutoFill","Multi-Category Schedule 2","schedule","view","skip","SharedOnly","skip-other-users","5533032","Ducts","Rectangular Duct","","GROUND","Flanged Long Radius Elbows / Shoe Branch","1000x1000","1000","1000","","NWB_DimHeight","1000","1175","1175","SKIP","existing-kept","instance","Shared Parameter","7626170","NWB_DimHeight","String","False","1","1"
"20260814_142509","NWB Dim AutoFill","Multi-Category Schedule 2","schedule","view","skip","SharedOnly","skip-other-users","5533032","Ducts","Rectangular Duct","","GROUND","Flanged Long Radius Elbows / Shoe Branch","1000x1000","1000","1000","","NWB_DimDiameter","","","","SKIP","no parsed value","","","","NWB_DimDiameter","","","",""
"20260814_142509","NWB Dim AutoFill","Multi-Category Schedule 2","schedule","view","skip","SharedOnly","skip-other-users","5533033","Duct Systems","Duct System","","","SA 233","","","","","","","","","SKIP","size empty","","","","","","","",""
"20260814_142509","NWB Dim AutoFill","Multi-Category Schedule 2","schedule","view","skip","SharedOnly","skip-other-users","5533035","Ducts","Rectangular Duct","","GROUND","Flanged Long Radius Elbows / Shoe Branch","1000x1500","1000","1500","","NWB_DimWidth","1000","2350","2350","SKIP","existing-kept","instance","Shared Parameter","7626175","NWB_DimWidth","String","False","1","1"
"20260814_142509","NWB Dim AutoFill","Multi-Category Schedule 2","schedule","view","skip","SharedOnly","skip-other-users","5533035","Ducts","Rectangular Duct","","GROUND","Flanged Long Radius Elbows / Shoe Branch","1000x1500","1000","1500","","NWB_DimHeight","1500","1175","1175","SKIP","existing-kept","instance","Shared Parameter","7626170","NWB_DimHeight","String","False","1","1"
"20260814_142509","NWB Dim AutoFill","Multi-Category Schedule 2","schedule","view","skip","SharedOnly","skip-other-users","5533035","Ducts","Rectangular Duct","","GROUND","Flanged Long Radius Elbows / Shoe Branch","1000x1500","1000","1500","","NWB_DimDiameter","","","","SKIP","no parsed value","","","","NWB_DimDiameter","","","",""
"20260814_142509","NWB Dim AutoFill","Multi-Category Schedule 2","schedule","view","skip","SharedOnly","skip-other-users","5533036","Duct Systems","Duct System","","","RA 7","","","","","","","","","SKIP","size empty","","","","","","","",""
"20260814_142509","NWB Dim AutoFill","Multi-Category Schedule 2","schedule","view","skip","SharedOnly","skip-other-users","5533038","Ducts","Rectangular Duct","","GROUND","Flanged Long Radius Elbows / Shoe Branch","1000x700","1000","700","","NWB_DimWidth","1000","2350","2350","SKIP","existing-kept","instance","Shared Parameter","7626175","NWB_DimWidth","String","False","1","1"
"20260814_142509","NWB Dim AutoFill","Multi-Category Schedule 2","schedule","view","skip","SharedOnly","skip-other-users","5533038","Ducts","Rectangular Duct","","GROUND","Flanged Long Radius Elbows / Shoe Branch","1000x700","1000","700","","NWB_DimHeight","700","1175","1175","SKIP","existing-kept","instance","Shared Parameter","7626170","NWB_DimHeight","String","False","1","1"
"20260814_142509","NWB Dim AutoFill","Multi-Category Schedule 2","schedule","view","skip","SharedOnly","skip-other-users","5533038","Ducts","Rectangular Duct","","GROUND","Flanged Long Radius Elbows / Shoe Branch","1000x700","1000","700","","NWB_DimDiameter","","","","SKIP","no parsed value","","","","NWB_DimDiameter","","","",""
"20260814_142509","NWB Dim AutoFill","Multi-Category Schedule 2","schedule","view","skip","SharedOnly","skip-other-users","5533039","Duct Systems","Duct System","","","SA 266","","","","","","","","","SKIP","size empty","","","","","","","",""
"20260814_142509","NWB Dim AutoFill","Multi-Category Schedule 2","schedule","view","skip","SharedOnly","skip-other-users","270499","Ducts","Rectangular Duct","","GROUND","Flanged Long Radius Elbows / Shoe Branch","2350x1175","2350","1175","","NWB_DimWidth","2350","2350","2350","OK","verified","instance","Shared Parameter","7626175","NWB_DimWidth","String","False","1","1"
"20260814_142509","NWB Dim AutoFill","Multi-Category Schedule 2","schedule","view","skip","SharedOnly","skip-other-users","270499","Ducts","Rectangular Duct","","GROUND","Flanged Long Radius Elbows / Shoe Branch","2350x1175","2350","1175","","NWB_DimHeight","1175","1175","1175","OK","verified","instance","Shared Parameter","7626170","NWB_DimHeight","String","False","1","1"
"20260814_142509","NWB Dim AutoFill","Multi-Category Schedule 2","schedule","view","skip","SharedOnly","skip-other-users","3775651","Duct Fittings","M_Rectangular Duct Takeoff","","LEVEL 02","M_Standard","200x650-200x650","200","650","","NWB_DimHeight","650","650","650","OK","verified","instance","Shared Parameter","7626170","NWB_DimHeight","String","False","2","1"
"20260814_142509","NWB Dim AutoFill","Multi-Category Schedule 2","schedule","view","skip","SharedOnly","skip-other-users","3775668","Duct Fittings","Rectangular Blank End","","LEVEL 02","Standard","1600x500","1600","500","","NWB_DimWidth","1600","1600","1600","OK","verified","instance","Shared Parameter","7626175","NWB_DimWidth","String","False","2","1"
"20260814_142509","NWB Dim AutoFill","Multi-Category Schedule 2","schedule","view","skip","SharedOnly","skip-other-users","3775668","Duct Fittings","Rectangular Blank End","","LEVEL 02","Standard","1600x500","1600","500","","NWB_DimHeight","500","500","500","OK","verified","instance","Shared Parameter","7626170","NWB_DimHeight","String","False","2","1"
"20260814_142509","NWB Dim AutoFill","Multi-Category Schedule 2","schedule","view","skip","SharedOnly","skip-other-users","5364985","Duct Fittings","MHT-ME-DF-Rectangular Union-01","","GROUND","Standard","1700x1700-1700x1700","1700","1700","","NWB_DimWidth","1700","1700","1700","OK","verified","instance","Shared Parameter","7626175","NWB_DimWidth","String","False","2","1"
"20260814_142509","NWB Dim AutoFill","Multi-Category Schedule 2","schedule","view","skip","SharedOnly","skip-other-users","5364985","Duct Fittings","MHT-ME-DF-Rectangular Union-01","","GROUND","Standard","1700x1700-1700x1700","1700","1700","","NWB_DimHeight","1700","1700","1700","OK","verified","instance","Shared Parameter","7626170","NWB_DimHeight","String","False","2","1"
"20260814_142509","NWB Dim AutoFill","Multi-Category Schedule 2","schedule","view","skip","SharedOnly","skip-other-users","5533041","Ducts","Rectangular Duct","","GROUND","Flanged Long Radius Elbows / Shoe Branch","1000x2000","1000","2000","","NWB_DimWidth","1000","2350","2350","SKIP","existing-kept","instance","Shared Parameter","7626175","NWB_DimWidth","String","False","1","1"
"20260814_142509","NWB Dim AutoFill","Multi-Category Schedule 2","schedule","view","skip","SharedOnly","skip-other-users","5533041","Ducts","Rectangular Duct","","GROUND","Flanged Long Radius Elbows / Shoe Branch","1000x2000","1000","2000","","NWB_DimHeight","2000","1175","1175","SKIP","existing-kept","instance","Shared Parameter","7626170","NWB_DimHeight","String","False","1","1"
"20260814_142509","NWB Dim AutoFill","Multi-Category Schedule 2","schedule","view","skip","SharedOnly","skip-other-users","5533041","Ducts","Rectangular Duct","","GROUND","Flanged Long Radius Elbows / Shoe Branch","1000x2000","1000","2000","","NWB_DimDiameter","","","","SKIP","no parsed value","","","","NWB_DimDiameter","","","",""
"20260814_142509","NWB Dim AutoFill","Multi-Category Schedule 2","schedule","view","skip","SharedOnly","skip-other-users","5533042","Duct Systems","Duct System","","","RA 9","","","","","","","","","SKIP","size empty","","","","","","","",""
"20260814_142509","NWB Dim AutoFill","Multi-Category Schedule 2","schedule","view","skip","SharedOnly","skip-other-users","5533044","Ducts","Rectangular Duct","","GROUND","Flanged Long Radius Elbows / Shoe Branch","1000x800","1000","800","","NWB_DimWidth","1000","2350","2350","SKIP","existing-kept","instance","Shared Parameter","7626175","NWB_DimWidth","String","False","1","1"
"20260814_142509","NWB Dim AutoFill","Multi-Category Schedule 2","schedule","view","skip","SharedOnly","skip-other-users","5533044","Ducts","Rectangular Duct","","GROUND","Flanged Long Radius Elbows / Shoe Branch","1000x800","1000","800","","NWB_DimHeight","800","1175","1175","SKIP","existing-kept","instance","Shared Parameter","7626170","NWB_DimHeight","String","False","1","1"
"20260814_142509","NWB Dim AutoFill","Multi-Category Schedule 2","schedule","view","skip","SharedOnly","skip-other-users","5533044","Ducts","Rectangular Duct","","GROUND","Flanged Long Radius Elbows / Shoe Branch","1000x800","1000","800","","NWB_DimDiameter","","","","SKIP","no parsed value","","","","NWB_DimDiameter","","","",""
"20260814_142509","NWB Dim AutoFill","Multi-Category Schedule 2","schedule","view","skip","SharedOnly","skip-other-users","5533045","Duct Systems","Duct System","","","SA 290","","","","","","","","","SKIP","size empty","","","","","","","",""
"20260814_142509","NWB Dim AutoFill","Multi-Category Schedule 2","schedule","view","skip","SharedOnly","skip-other-users","5533047","Ducts","Rectangular Duct","","GROUND","Flanged Long Radius Elbows / Shoe Branch","1000x1100","1000","1100","","NWB_DimWidth","1000","2350","2350","SKIP","existing-kept","instance","Shared Parameter","7626175","NWB_DimWidth","String","False","1","1"
"20260814_142509","NWB Dim AutoFill","Multi-Category Schedule 2","schedule","view","skip","SharedOnly","skip-other-users","5533047","Ducts","Rectangular Duct","","GROUND","Flanged Long Radius Elbows / Shoe Branch","1000x1100","1000","1100","","NWB_DimHeight","1100","1175","1175","SKIP","existing-kept","instance","Shared Parameter","7626170","NWB_DimHeight","String","False","1","1"
"20260814_142509","NWB Dim AutoFill","Multi-Category Schedule 2","schedule","view","skip","SharedOnly","skip-other-users","5533047","Ducts","Rectangular Duct","","GROUND","Flanged Long Radius Elbows / Shoe Branch","1000x1100","1000","1100","","NWB_DimDiameter","","","","SKIP","no parsed value","","","","NWB_DimDiameter","","","",""
"20260814_142509","NWB Dim AutoFill","Multi-Category Schedule 2","schedule","view","skip","SharedOnly","skip-other-users","5533048","Duct Systems","Duct System","","","SA 292","","","","","","","","","SKIP","size empty","","","","","","","",""
"20260814_142509","NWB Dim AutoFill","Multi-Category Schedule 2","schedule","view","skip","SharedOnly","skip-other-users","5533090","Ducts","Rectangular Duct","","LEVEL 06","Flanged Long Radius Elbows / Shoe Branch","1700x1700","1700","1700","","NWB_DimWidth","1700","2350","2350","SKIP","existing-kept","instance","Shared Parameter","7626175","NWB_DimWidth","String","False","1","1"
"20260814_142509","NWB Dim AutoFill","Multi-Category Schedule 2","schedule","view","skip","SharedOnly","skip-other-users","5533090","Ducts","Rectangular Duct","","LEVEL 06","Flanged Long Radius Elbows / Shoe Branch","1700x1700","1700","1700","","NWB_DimHeight","1700","1175","1175","SKIP","existing-kept","instance","Shared Parameter","7626170","NWB_DimHeight","String","False","1","1"
"20260814_142509","NWB Dim AutoFill","Multi-Category Schedule 2","schedule","view","skip","SharedOnly","skip-other-users","5533090","Ducts","Rectangular Duct","","LEVEL 06","Flanged Long Radius Elbows / Shoe Branch","1700x1700","1700","1700","","NWB_DimDiameter","","","","SKIP","no parsed value","","","","NWB_DimDiameter","","","",""
"20260814_142509","NWB Dim AutoFill","Multi-Category Schedule 2","schedule","view","skip","SharedOnly","skip-other-users","5533091","Duct Systems","Duct System","","","SE 35","","","","","","","","","SKIP","size empty","","","","","","","",""
"20260814_142509","NWB Dim AutoFill","Multi-Category Schedule 2","schedule","view","skip","SharedOnly","skip-other-users","5533099","Ducts","Rectangular Duct","","LEVEL 06","Flanged Long Radius Elbows / Shoe Branch","1700x1700","1700","1700","","NWB_DimWidth","1700","2350","2350","SKIP","existing-kept","instance","Shared Parameter","7626175","NWB_DimWidth","String","False","1","1"
"20260814_142509","NWB Dim AutoFill","Multi-Category Schedule 2","schedule","view","skip","SharedOnly","skip-other-users","5533099","Ducts","Rectangular Duct","","LEVEL 06","Flanged Long Radius Elbows / Shoe Branch","1700x1700","1700","1700","","NWB_DimHeight","1700","1175","1175","SKIP","existing-kept","instance","Shared Parameter","7626170","NWB_DimHeight","String","False","1","1"
"20260814_142509","NWB Dim AutoFill","Multi-Category Schedule 2","schedule","view","skip","SharedOnly","skip-other-users","5533099","Ducts","Rectangular Duct","","LEVEL 06","Flanged Long Radius Elbows / Shoe Branch","1700x1700","1700","1700","","NWB_DimDiameter","","","","SKIP","no parsed value","","","","NWB_DimDiameter","","","",""
"20260814_142509","NWB Dim AutoFill","Multi-Category Schedule 2","schedule","view","skip","SharedOnly","skip-other-users","6947438","Ducts","Rectangular Duct","","GROUND","VOID RISER_PLACE HOLDER","1500x1500","1500","1500","","NWB_DimDiameter","","","","SKIP","no parsed value","","","","NWB_DimDiameter","","","",""
"20260814_142509","NWB Dim AutoFill","Multi-Category Schedule 2","schedule","view","skip","SharedOnly","skip-other-users","6947447","Duct Systems","Duct System","","","SA 957","","","","","","","","","SKIP","size empty","","","","","","","",""
"20260814_142509","NWB Dim AutoFill","Multi-Category Schedule 2","schedule","view","skip","SharedOnly","skip-other-users","6947456","Duct Systems","Duct System","","","GE 26","","","","","","","","","SKIP","size empty","","","","","","","",""
"20260814_142509","NWB Dim AutoFill","Multi-Category Schedule 2","schedule","view","skip","SharedOnly","skip-other-users","6947469","Duct Systems","Duct System","","","SPS 2","","","","","","","","","SKIP","size empty","","","","","","","",""
"20260814_142509","NWB Dim AutoFill","Multi-Category Schedule 2","schedule","view","skip","SharedOnly","skip-other-users","6947484","Duct Systems","Duct System","","","KE 2","","","","","","","","","SKIP","size empty","","","","","","","",""
"20260814_142509","NWB Dim AutoFill","Multi-Category Schedule 2","schedule","view","skip","SharedOnly","skip-other-users","6947490","Duct Systems","Duct System","","","SA 1072","","","","","","","","","SKIP","size empty","","","","","","","",""
"20260814_142509","NWB Dim AutoFill","Multi-Category Schedule 2","schedule","view","skip","SharedOnly","skip-other-users","6951244","Walls","Basic Wall","","LEVEL 05","Wall 190","","","","","","","","","SKIP","size empty","","","","","","","",""
"20260814_142509","NWB Dim AutoFill","Multi-Category Schedule 2","schedule","view","skip","SharedOnly","skip-other-users","6951247","Doors","Doors_SCO_ExtDbl_Flush","","LEVEL 05","1510x2110mm","","","","","","","","","SKIP","size empty","","","","","","","",""
"20260814_142509","NWB Dim AutoFill","Multi-Category Schedule 2","schedule","view","skip","SharedOnly","skip-other-users","6951261","Walls","Basic Wall","","LEVEL 05","Wall 90","","","","","","","","","SKIP","size empty","","","","","","","",""
"20260814_142509","NWB Dim AutoFill","Multi-Category Schedule 2","schedule","view","skip","SharedOnly","skip-other-users","6951262","Walls","Basic Wall","","LEVEL 05","Wall 90","","","","","","","","","SKIP","size empty","","","","","","","",""
"20260814_142509","NWB Dim AutoFill","Multi-Category Schedule 2","schedule","view","skip","SharedOnly","skip-other-users","6951263","Walls","Basic Wall","","LEVEL 05","Wall 90","","","","","","","","","SKIP","size empty","","","","","","","",""
"20260814_142509","NWB Dim AutoFill","Multi-Category Schedule 2","schedule","view","skip","SharedOnly","skip-other-users","6951333","Walls","Basic Wall","","LEVEL 04","Wall 190","","","","","","","","","SKIP","size empty","","","","","","","",""
"20260814_142509","NWB Dim AutoFill","Multi-Category Schedule 2","schedule","view","skip","SharedOnly","skip-other-users","6951339","Walls","Basic Wall","","LEVEL 05","Wall 90","","","","","","","","","SKIP","size empty","","","","","","","",""
"20260814_142509","NWB Dim AutoFill","Multi-Category Schedule 2","schedule","view","skip","SharedOnly","skip-other-users","6951340","Walls","Basic Wall","","LEVEL 05","Wall 90","","","","","","","","","SKIP","size empty","","","","","","","",""
"20260814_142509","NWB Dim AutoFill","Multi-Category Schedule 2","schedule","view","skip","SharedOnly","skip-other-users","6951341","Walls","Basic Wall","","LEVEL 05","Wall 90","","","","","","","","","SKIP","size empty","","","","","","","",""
"20260814_142509","NWB Dim AutoFill","Multi-Category Schedule 2","schedule","view","skip","SharedOnly","skip-other-users","6951365","Walls","Basic Wall","","LEVEL 04","Wall 90","","","","","","","","","SKIP","size empty","","","","","","","",""
"20260814_142509","NWB Dim AutoFill","Multi-Category Schedule 2","schedule","view","skip","SharedOnly","skip-other-users","6951366","Walls","Basic Wall","","LEVEL 04","Wall 90","","","","","","","","","SKIP","size empty","","","","","","","",""
"20260814_142509","NWB Dim AutoFill","Multi-Category Schedule 2","schedule","view","skip","SharedOnly","skip-other-users","6951367","Walls","Basic Wall","","LEVEL 04","Wall 90","","","","","","","","","SKIP","size empty","","","","","","","",""
"20260814_142509","NWB Dim AutoFill","Multi-Category Schedule 2","schedule","view","skip","SharedOnly","skip-other-users","6951368","Walls","Basic Wall","","LEVEL 04","Wall 90","","","","","","","","","SKIP","size empty","","","","","","","",""
"20260814_142509","NWB Dim AutoFill","Multi-Category Schedule 2","schedule","view","skip","SharedOnly","skip-other-users","6951369","Walls","Basic Wall","","LEVEL 04","Wall 90","","","","","","","","","SKIP","size empty","","","","","","","",""
"20260814_142509","NWB Dim AutoFill","Multi-Category Schedule 2","schedule","view","skip","SharedOnly","skip-other-users","6951370","Walls","Basic Wall","","LEVEL 04","Wall 90","","","","","","","","","SKIP","size empty","","","","","","","",""
"20260814_142509","NWB Dim AutoFill","Multi-Category Schedule 2","schedule","view","skip","SharedOnly","skip-other-users","6954724","Walls","Basic Wall","","LEVEL 03","Wall 190","","","","","","","","","SKIP","size empty","","","","","","","",""
"20260814_142509","NWB Dim AutoFill","Multi-Category Schedule 2","schedule","view","skip","SharedOnly","skip-other-users","6954726","Walls","Basic Wall","","LEVEL 03","Wall 90","","","","","","","","","SKIP","size empty","","","","","","","",""
"20260814_142509","NWB Dim AutoFill","Multi-Category Schedule 2","schedule","view","skip","SharedOnly","skip-other-users","6954727","Walls","Basic Wall","","LEVEL 03","Wall 90","","","","","","","","","SKIP","size empty","","","","","","","",""
"20260814_142509","NWB Dim AutoFill","Multi-Category Schedule 2","schedule","view","skip","SharedOnly","skip-other-users","6954728","Walls","Basic Wall","","LEVEL 03","Wall 90","","","","","","","","","SKIP","size empty","","","","","","","",""
"20260814_142509","NWB Dim AutoFill","Multi-Category Schedule 2","schedule","view","skip","SharedOnly","skip-other-users","6954729","Walls","Basic Wall","","LEVEL 03","Wall 90","","","","","","","","","SKIP","size empty","","","","","","","",""
"20260814_142509","NWB Dim AutoFill","Multi-Category Schedule 2","schedule","view","skip","SharedOnly","skip-other-users","6954730","Walls","Basic Wall","","LEVEL 03","Wall 90","","","","","","","","","SKIP","size empty","","","","","","","",""
"20260814_142509","NWB Dim AutoFill","Multi-Category Schedule 2","schedule","view","skip","SharedOnly","skip-other-users","6954731","Walls","Basic Wall","","LEVEL 03","Wall 90","","","","","","","","","SKIP","size empty","","","","","","","",""
"20260814_142509","NWB Dim AutoFill","Multi-Category Schedule 2","schedule","view","skip","SharedOnly","skip-other-users","6954799","Walls","Basic Wall","","LEVEL 02","Wall 90","","","","","","","","","SKIP","size empty","","","","","","","",""
"20260814_142509","NWB Dim AutoFill","Multi-Category Schedule 2","schedule","view","skip","SharedOnly","skip-other-users","6954800","Walls","Basic Wall","","LEVEL 02","Wall 90","","","","","","","","","SKIP","size empty","","","","","","","",""
"20260814_142509","NWB Dim AutoFill","Multi-Category Schedule 2","schedule","view","skip","SharedOnly","skip-other-users","6954801","Walls","Basic Wall","","LEVEL 02","Wall 90","","","","","","","","","SKIP","size empty","","","","","","","",""
"20260814_142509","NWB Dim AutoFill","Multi-Category Schedule 2","schedule","view","skip","SharedOnly","skip-other-users","6954802","Walls","Basic Wall","","LEVEL 02","Wall 90","","","","","","","","","SKIP","size empty","","","","","","","",""
"20260814_142509","NWB Dim AutoFill","Multi-Category Schedule 2","schedule","view","skip","SharedOnly","skip-other-users","6954803","Walls","Basic Wall","","LEVEL 02","Wall 90","","","","","","","","","SKIP","size empty","","","","","","","",""
"20260814_142509","NWB Dim AutoFill","Multi-Category Schedule 2","schedule","view","skip","SharedOnly","skip-other-users","6954804","Walls","Basic Wall","","LEVEL 02","Wall 90","","","","","","","","","SKIP","size empty","","","","","","","",""
"20260814_142509","NWB Dim AutoFill","Multi-Category Schedule 2","schedule","view","skip","SharedOnly","skip-other-users","6954811","Walls","Basic Wall","","LEVEL 02","Wall 190","","","","","","","","","SKIP","size empty","","","","","","","",""
"20260814_142509","NWB Dim AutoFill","Multi-Category Schedule 2","schedule","view","skip","SharedOnly","skip-other-users","6955454","Walls","Basic Wall","","LEVEL 01","Wall 90","","","","","","","","","SKIP","size empty","","","","","","","",""
"20260814_142509","NWB Dim AutoFill","Multi-Category Schedule 2","schedule","view","skip","SharedOnly","skip-other-users","6955455","Walls","Basic Wall","","LEVEL 01","Wall 90","","","","","","","","","SKIP","size empty","","","","","","","",""
"20260814_142509","NWB Dim AutoFill","Multi-Category Schedule 2","schedule","view","skip","SharedOnly","skip-other-users","6955456","Walls","Basic Wall","","LEVEL 01","Wall 90","","","","","","","","","SKIP","size empty","","","","","","","",""
"20260814_142509","NWB Dim AutoFill","Multi-Category Schedule 2","schedule","view","skip","SharedOnly","skip-other-users","6955457","Walls","Basic Wall","","LEVEL 01","Wall 90","","","","","","","","","SKIP","size empty","","","","","","","",""
"20260814_142509","NWB Dim AutoFill","Multi-Category Schedule 2","schedule","view","skip","SharedOnly","skip-other-users","6955458","Walls","Basic Wall","","LEVEL 01","Wall 90","","","","","","","","","SKIP","size empty","","","","","","","",""
"20260814_142509","NWB Dim AutoFill","Multi-Category Schedule 2","schedule","view","skip","SharedOnly","skip-other-users","6955459","Walls","Basic Wall","","LEVEL 01","Wall 90","","","","","","","","","SKIP","size empty","","","","","","","",""
"20260814_142509","NWB Dim AutoFill","Multi-Category Schedule 2","schedule","view","skip","SharedOnly","skip-other-users","6955466","Walls","Basic Wall","","LEVEL 01","Wall 190","","","","","","","","","SKIP","size empty","","","","","","","",""
"20260814_142509","NWB Dim AutoFill","Multi-Category Schedule 2","schedule","view","skip","SharedOnly","skip-other-users","6956220","Walls","Basic Wall","","GROUND","Wall 190","","","","","","","","","SKIP","size empty","","","","","","","",""
"20260814_142509","NWB Dim AutoFill","Multi-Category Schedule 2","schedule","view","skip","SharedOnly","skip-other-users","6956221","Doors","M_Single-Flush","","GROUND","0762 x 2032mm","","","","","","","","","SKIP","size empty","","","","","","","",""
"20260814_142509","NWB Dim AutoFill","Multi-Category Schedule 2","schedule","view","skip","SharedOnly","skip-other-users","6956265","Walls","Basic Wall","","GROUND","Wall 90","","","","","","","","","SKIP","size empty","","","","","","","",""
"20260814_142509","NWB Dim AutoFill","Multi-Category Schedule 2","schedule","view","skip","SharedOnly","skip-other-users","6956266","Walls","Basic Wall","","GROUND","Wall 90","","","","","","","","","SKIP","size empty","","","","","","","",""
"20260814_142509","NWB Dim AutoFill","Multi-Category Schedule 2","schedule","view","skip","SharedOnly","skip-other-users","6956267","Walls","Basic Wall","","GROUND","Wall 90","","","","","","","","","SKIP","size empty","","","","","","","",""
"20260814_142509","NWB Dim AutoFill","Multi-Category Schedule 2","schedule","view","skip","SharedOnly","skip-other-users","6962411","Doors","M_Single-Flush","","LEVEL 05","0762 x 2032mm","","","","","","","","","SKIP","size empty","","","","","","","",""
"20260814_142509","NWB Dim AutoFill","Multi-Category Schedule 2","schedule","view","skip","SharedOnly","skip-other-users","6962555","Doors","Doors_SCO_ExtDbl_Flush","","LEVEL 05","1510x2110mm","","","","","","","","","SKIP","size empty","","","","","","","",""
"20260814_142509","NWB Dim AutoFill","Multi-Category Schedule 2","schedule","view","skip","SharedOnly","skip-other-users","6962926","Doors","M_Single-Flush","","LEVEL 04","0762 x 2032mm","","","","","","","","","SKIP","size empty","","","","","","","",""
"20260814_142509","NWB Dim AutoFill","Multi-Category Schedule 2","schedule","view","skip","SharedOnly","skip-other-users","6962927","Doors","Doors_SCO_ExtDbl_Flush","","LEVEL 04","1510x2110mm","","","","","","","","","SKIP","size empty","","","","","","","",""
"20260814_142509","NWB Dim AutoFill","Multi-Category Schedule 2","schedule","view","skip","SharedOnly","skip-other-users","6962937","Doors","M_Single-Flush","","LEVEL 03","0762 x 2032mm","","","","","","","","","SKIP","size empty","","","","","","","",""
"20260814_142509","NWB Dim AutoFill","Multi-Category Schedule 2","schedule","view","skip","SharedOnly","skip-other-users","6962938","Doors","Doors_SCO_ExtDbl_Flush","","LEVEL 03","1510x2110mm","","","","","","","","","SKIP","size empty","","","","","","","",""
"20260814_142509","NWB Dim AutoFill","Multi-Category Schedule 2","schedule","view","skip","SharedOnly","skip-other-users","6962954","Doors","Doors_SCO_ExtDbl_Flush","","LEVEL 02","1510x2110mm","","","","","","","","","SKIP","size empty","","","","","","","",""
"20260814_142509","NWB Dim AutoFill","Multi-Category Schedule 2","schedule","view","skip","SharedOnly","skip-other-users","6962969","Doors","M_Single-Flush","","LEVEL 01","0762 x 2032mm","","","","","","","","","SKIP","size empty","","","","","","","",""
"20260814_142509","NWB Dim AutoFill","Multi-Category Schedule 2","schedule","view","skip","SharedOnly","skip-other-users","6962970","Doors","Doors_SCO_ExtDbl_Flush","","LEVEL 01","1510x2110mm","","","","","","","","","SKIP","size empty","","","","","","","",""
"20260814_142509","NWB Dim AutoFill","Multi-Category Schedule 2","schedule","view","skip","SharedOnly","skip-other-users","7062558","Doors","Doors_SCO_ExtDbl_Flush","","LEVEL 05","2500x2500","","","","","","","","","SKIP","size empty","","","","","","","",""
"20260814_142509","NWB Dim AutoFill","Multi-Category Schedule 2","schedule","view","skip","SharedOnly","skip-other-users","7085443","Air Terminals","MHT-ME-AT-13","","LEVEL 04","1200X1200_HC 2","0x1200","0","1200","0","NWB_DimWidth","0","1200","1200","SKIP","existing-kept","instance","Shared Parameter","7626175","NWB_DimWidth","String","False","1","1"
"20260814_142509","NWB Dim AutoFill","Multi-Category Schedule 2","schedule","view","skip","SharedOnly","skip-other-users","7085443","Air Terminals","MHT-ME-AT-13","","LEVEL 04","1200X1200_HC 2","0x1200","0","1200","0","NWB_DimHeight","1200","1200","1200","SKIP","existing-kept","instance","Shared Parameter","7626170","NWB_DimHeight","String","False","1","1"
"20260814_142509","NWB Dim AutoFill","Multi-Category Schedule 2","schedule","view","skip","SharedOnly","skip-other-users","7085445","Duct Systems","Duct System","","","SPS 8","","","","","","","","","SKIP","size empty","","","","","","","",""
"20260814_142509","NWB Dim AutoFill","Multi-Category Schedule 2","schedule","view","skip","SharedOnly","skip-other-users","7085648","Air Terminals","MHT-ME-AT-13","","LEVEL 02","1300X1300_HC","0x1300","0","1300","0","NWB_DimWidth","0","1300","1300","SKIP","existing-kept","instance","Shared Parameter","7626175","NWB_DimWidth","String","False","1","1"
"20260814_142509","NWB Dim AutoFill","Multi-Category Schedule 2","schedule","view","skip","SharedOnly","skip-other-users","7085648","Air Terminals","MHT-ME-AT-13","","LEVEL 02","1300X1300_HC","0x1300","0","1300","0","NWB_DimHeight","1300","1300","1300","SKIP","existing-kept","instance","Shared Parameter","7626170","NWB_DimHeight","String","False","1","1"
"20260814_142509","NWB Dim AutoFill","Multi-Category Schedule 2","schedule","view","skip","SharedOnly","skip-other-users","7085662","Air Terminals","MHT-ME-AT-13","","GROUND","1300X1300_HC","0x1300","0","1300","0","NWB_DimWidth","0","1300","1300","SKIP","existing-kept","instance","Shared Parameter","7626175","NWB_DimWidth","String","False","1","1"
"20260814_142509","NWB Dim AutoFill","Multi-Category Schedule 2","schedule","view","skip","SharedOnly","skip-other-users","7085662","Air Terminals","MHT-ME-AT-13","","GROUND","1300X1300_HC","0x1300","0","1300","0","NWB_DimHeight","1300","1300","1300","SKIP","existing-kept","instance","Shared Parameter","7626170","NWB_DimHeight","String","False","1","1"
"20260814_142509","NWB Dim AutoFill","Multi-Category Schedule 2","schedule","view","skip","SharedOnly","skip-other-users","7085662","Air Terminals","MHT-ME-AT-13","","GROUND","1300X1300_HC","0x1300","0","1300","0","NWB_DimDiameter","0","0","0","SKIP","existing-kept","instance","Shared Parameter","7626172","NWB_DimDiameter","String","False","1","1"
"20260814_142509","NWB Dim AutoFill","Multi-Category Schedule 2","schedule","view","skip","SharedOnly","skip-other-users","7086709","Air Terminals","MHT-ME-AT-13","","LEVEL 02","1200X1200_HC 2","0x1200","0","1200","0","NWB_DimWidth","0","1200","1200","SKIP","existing-kept","instance","Shared Parameter","7626175","NWB_DimWidth","String","False","1","1"
"20260814_142509","NWB Dim AutoFill","Multi-Category Schedule 2","schedule","view","skip","SharedOnly","skip-other-users","7086709","Air Terminals","MHT-ME-AT-13","","LEVEL 02","1200X1200_HC 2","0x1200","0","1200","0","NWB_DimHeight","1200","1200","1200","SKIP","existing-kept","instance","Shared Parameter","7626170","NWB_DimHeight","String","False","1","1"
"20260814_142509","NWB Dim AutoFill","Multi-Category Schedule 2","schedule","view","skip","SharedOnly","skip-other-users","7086709","Air Terminals","MHT-ME-AT-13","","LEVEL 02","1200X1200_HC 2","0x1200","0","1200","0","NWB_DimDiameter","0","0","0","SKIP","existing-kept","instance","Shared Parameter","7626172","NWB_DimDiameter","String","False","1","1"
"20260814_142509","NWB Dim AutoFill","Multi-Category Schedule 2","schedule","view","skip","SharedOnly","skip-other-users","7086723","Air Terminals","MHT-ME-AT-13","","GROUND","1200X1200_HC 2","0x1200","0","1200","0","NWB_DimWidth","0","1200","1200","SKIP","existing-kept","instance","Shared Parameter","7626175","NWB_DimWidth","String","False","1","1"
"20260814_142509","NWB Dim AutoFill","Multi-Category Schedule 2","schedule","view","skip","SharedOnly","skip-other-users","7086723","Air Terminals","MHT-ME-AT-13","","GROUND","1200X1200_HC 2","0x1200","0","1200","0","NWB_DimHeight","1200","1200","1200","SKIP","existing-kept","instance","Shared Parameter","7626170","NWB_DimHeight","String","False","1","1"
"20260814_142509","NWB Dim AutoFill","Multi-Category Schedule 2","schedule","view","skip","SharedOnly","skip-other-users","7086723","Air Terminals","MHT-ME-AT-13","","GROUND","1200X1200_HC 2","0x1200","0","1200","0","NWB_DimDiameter","0","0","0","SKIP","existing-kept","instance","Shared Parameter","7626172","NWB_DimDiameter","String","False","1","1"
"20260814_142509","NWB Dim AutoFill","Multi-Category Schedule 2","schedule","view","skip","SharedOnly","skip-other-users","7086735","Air Terminals","MHT-ME-AT-13","","GROUND LOWER","1200X1200_HC 2","0x1200","0","1200","0","NWB_DimWidth","0","1200","1200","SKIP","existing-kept","instance","Shared Parameter","7626175","NWB_DimWidth","String","False","1","1"
"20260814_142509","NWB Dim AutoFill","Multi-Category Schedule 2","schedule","view","skip","SharedOnly","skip-other-users","7086735","Air Terminals","MHT-ME-AT-13","","GROUND LOWER","1200X1200_HC 2","0x1200","0","1200","0","NWB_DimHeight","1200","1200","1200","SKIP","existing-kept","instance","Shared Parameter","7626170","NWB_DimHeight","String","False","1","1"
"20260814_142509","NWB Dim AutoFill","Multi-Category Schedule 2","schedule","view","skip","SharedOnly","skip-other-users","7086735","Air Terminals","MHT-ME-AT-13","","GROUND LOWER","1200X1200_HC 2","0x1200","0","1200","0","NWB_DimDiameter","0","0","0","SKIP","existing-kept","instance","Shared Parameter","7626172","NWB_DimDiameter","String","False","1","1"
"20260814_142509","NWB Dim AutoFill","Multi-Category Schedule 2","schedule","view","skip","SharedOnly","skip-other-users","7090628","Doors","Doors_SCO_ExtDbl_Flush","","LEVEL 04","2500x2500","","","","","","","","","SKIP","size empty","","","","","","","",""
"20260814_142509","NWB Dim AutoFill","Multi-Category Schedule 2","schedule","view","skip","SharedOnly","skip-other-users","7090632","Doors","Doors_SCO_ExtDbl_Flush","","LEVEL 03","2500x2500","","","","","","","","","SKIP","size empty","","","","","","","",""
"20260814_142509","NWB Dim AutoFill","Multi-Category Schedule 2","schedule","view","skip","SharedOnly","skip-other-users","7099968","Ducts","Rectangular Duct","","GROUND","VOID RISER_PLACE HOLDER","1100x650","1100","650","","NWB_DimWidth","1100","1500","1500","SKIP","existing-kept","instance","Shared Parameter","7626175","NWB_DimWidth","String","False","1","1"
"20260814_142509","NWB Dim AutoFill","Multi-Category Schedule 2","schedule","view","skip","SharedOnly","skip-other-users","7099968","Ducts","Rectangular Duct","","GROUND","VOID RISER_PLACE HOLDER","1100x650","1100","650","","NWB_DimHeight","650","1500","1500","SKIP","existing-kept","instance","Shared Parameter","7626170","NWB_DimHeight","String","False","1","1"
"20260814_142509","NWB Dim AutoFill","Multi-Category Schedule 2","schedule","view","skip","SharedOnly","skip-other-users","7099968","Ducts","Rectangular Duct","","GROUND","VOID RISER_PLACE HOLDER","1100x650","1100","650","","NWB_DimDiameter","","","","SKIP","no parsed value","","","","NWB_DimDiameter","","","",""
"20260814_142509","NWB Dim AutoFill","Multi-Category Schedule 2","schedule","view","skip","SharedOnly","skip-other-users","7100318","Ducts","Rectangular Duct","","LEVEL 06","VOID RISER_PLACE HOLDER","1150x550","1150","550","","NWB_DimWidth","1150","1500","1500","SKIP","existing-kept","instance","Shared Parameter","7626175","NWB_DimWidth","String","False","1","1"
"20260814_142509","NWB Dim AutoFill","Multi-Category Schedule 2","schedule","view","skip","SharedOnly","skip-other-users","7100318","Ducts","Rectangular Duct","","LEVEL 06","VOID RISER_PLACE HOLDER","1150x550","1150","550","","NWB_DimHeight","550","1500","1500","SKIP","existing-kept","instance","Shared Parameter","7626170","NWB_DimHeight","String","False","1","1"
"20260814_142509","NWB Dim AutoFill","Multi-Category Schedule 2","schedule","view","skip","SharedOnly","skip-other-users","7100318","Ducts","Rectangular Duct","","LEVEL 06","VOID RISER_PLACE HOLDER","1150x550","1150","550","","NWB_DimDiameter","","","","SKIP","no parsed value","","","","NWB_DimDiameter","","","",""
"20260814_142509","NWB Dim AutoFill","Multi-Category Schedule 2","schedule","view","skip","SharedOnly","skip-other-users","7100387","Duct Linings","Duct Lining","","","Internal Insulation","","","","","","","","","SKIP","size empty","","","","","","","",""
"20260814_142509","NWB Dim AutoFill","Multi-Category Schedule 2","schedule","view","skip","SharedOnly","skip-other-users","7100403","Walls","Basic Wall","","LEVEL 06","Wall 90","","","","","","","","","SKIP","size empty","","","","","","","",""
"20260814_142509","NWB Dim AutoFill","Multi-Category Schedule 2","schedule","view","skip","SharedOnly","skip-other-users","7100406","Walls","Basic Wall","","LEVEL 06","Wall 90","","","","","","","","","SKIP","size empty","","","","","","","",""
"20260814_142509","NWB Dim AutoFill","Multi-Category Schedule 2","schedule","view","skip","SharedOnly","skip-other-users","7100437","Mechanical Equipment","MHT-EQUIP-GENERIC","","LEVEL 06","AHU_CORP-INT-01","","","","","","","","","SKIP","size empty","","","","","","","",""
"20260814_142509","NWB Dim AutoFill","Multi-Category Schedule 2","schedule","view","skip","SharedOnly","skip-other-users","7100439","Mechanical Equipment","MHT-EQUIP-GENERIC","","LEVEL 06","MHT-ME-MEQ-AHU-CORP-INT-2","","","","","","","","","SKIP","size empty","","","","","","","",""
"20260814_142509","NWB Dim AutoFill","Multi-Category Schedule 2","schedule","view","skip","SharedOnly","skip-other-users","7100441","Mechanical Equipment","MHT-EQUIP-GENERIC","","LEVEL 06","MHT-ME-MEQ-AHU-CORP-N","","","","","","","","","SKIP","size empty","","","","","","","",""
"20260814_142509","NWB Dim AutoFill","Multi-Category Schedule 2","schedule","view","skip","SharedOnly","skip-other-users","7100443","Mechanical Equipment","MHT-EQUIP-GENERIC","","LEVEL 06","MHT-ME-MEQ-AHU-CORP-S","","","","","","","","","SKIP","size empty","","","","","","","",""
"20260814_142509","NWB Dim AutoFill","Multi-Category Schedule 2","schedule","view","skip","SharedOnly","skip-other-users","7100445","Mechanical Equipment","MHT-EQUIP-GENERIC","","LEVEL 06","MHT-ME-MEQ-AHU-CORP-E","","","","","","","","","SKIP","size empty","","","","","","","",""
"20260814_142509","NWB Dim AutoFill","Multi-Category Schedule 2","schedule","view","skip","SharedOnly","skip-other-users","7100446","Mechanical Equipment","MHT-EQUIP-GENERIC","","LEVEL 06","MHT-ME-MEQ-AHU-CORP-W","","","","","","","","","SKIP","size empty","","","","","","","",""
"20260814_142509","NWB Dim AutoFill","Multi-Category Schedule 2","schedule","view","skip","SharedOnly","skip-other-users","7100448","Mechanical Equipment","MHT-EQUIP-GENERIC","","LEVEL 06","MHT-ME-MEQ-AHU-MTNG-I","","","","","","","","","SKIP","size empty","","","","","","","",""
"20260814_142509","NWB Dim AutoFill","Multi-Category Schedule 2","schedule","view","skip","SharedOnly","skip-other-users","7100450","Mechanical Equipment","MHT-EQUIP-GENERIC","","LEVEL 06","MHT-ME-MEQ-AHU-NICU-W","","","","","","","","","SKIP","size empty","","","","","","","",""
"20260814_142509","NWB Dim AutoFill","Multi-Category Schedule 2","schedule","view","skip","SharedOnly","skip-other-users","7100451","Mechanical Equipment","MHT-EQUIP-GENERIC","","LEVEL 06","MHT-ME-MEQ-AHU-MTNG-W","","","","","","","","","SKIP","size empty","","","","","","","",""
"20260814_142509","NWB Dim AutoFill","Multi-Category Schedule 2","schedule","view","skip","SharedOnly","skip-other-users","7100452","Mechanical Equipment","MHT-EQUIP-GENERIC","","LEVEL 06","MHT-ME-MEQ-AHU-MTNG-E","","","","","","","","","SKIP","size empty","","","","","","","",""
"20260814_142509","NWB Dim AutoFill","Multi-Category Schedule 2","schedule","view","skip","SharedOnly","skip-other-users","7101628","Walls","Basic Wall","","LEVEL 06","Wall 90","","","","","","","","","SKIP","size empty","","","","","","","",""
"20260814_142509","NWB Dim AutoFill","Multi-Category Schedule 2","schedule","view","skip","SharedOnly","skip-other-users","7101677","Walls","Basic Wall","","LEVEL 06","Wall 90","","","","","","","","","SKIP","size empty","","","","","","","",""
"20260814_142509","NWB Dim AutoFill","Multi-Category Schedule 2","schedule","view","skip","SharedOnly","skip-other-users","7101782","Walls","Basic Wall","","LEVEL 06","Wall 90","","","","","","","","","SKIP","size empty","","","","","","","",""
"20260814_142509","NWB Dim AutoFill","Multi-Category Schedule 2","schedule","view","skip","SharedOnly","skip-other-users","7101856","Walls","Basic Wall","","LEVEL 06","Wall 90","","","","","","","","","SKIP","size empty","","","","","","","",""
"20260814_142509","NWB Dim AutoFill","Multi-Category Schedule 2","schedule","view","skip","SharedOnly","skip-other-users","7102683","Ducts","Rectangular Duct","","LEVEL 06","VOID RISER_PLACE HOLDER","10000x4000","10000","4000","","NWB_DimWidth","10000","1500","1500","SKIP","existing-kept","instance","Shared Parameter","7626175","NWB_DimWidth","String","False","1","1"
"20260814_142509","NWB Dim AutoFill","Multi-Category Schedule 2","schedule","view","skip","SharedOnly","skip-other-users","7102683","Ducts","Rectangular Duct","","LEVEL 06","VOID RISER_PLACE HOLDER","10000x4000","10000","4000","","NWB_DimHeight","4000","1500","1500","SKIP","existing-kept","instance","Shared Parameter","7626170","NWB_DimHeight","String","False","1","1"
"20260814_142509","NWB Dim AutoFill","Multi-Category Schedule 2","schedule","view","skip","SharedOnly","skip-other-users","7102683","Ducts","Rectangular Duct","","LEVEL 06","VOID RISER_PLACE HOLDER","10000x4000","10000","4000","","NWB_DimDiameter","","","","SKIP","no parsed value","","","","NWB_DimDiameter","","","",""
"20260814_142509","NWB Dim AutoFill","Multi-Category Schedule 2","schedule","view","skip","SharedOnly","skip-other-users","7102684","Duct Systems","Duct System","","","OA 4","","","","","","","","","SKIP","size empty","","","","","","","",""
"20260814_142509","NWB Dim AutoFill","Multi-Category Schedule 2","schedule","view","skip","SharedOnly","skip-other-users","7103389","Ducts","Rectangular Duct","","LEVEL 01","VOID RISER_PLACE HOLDER","1000x700","1000","700","","NWB_DimWidth","1000","1500","1500","SKIP","existing-kept","instance","Shared Parameter","7626175","NWB_DimWidth","String","False","1","1"
"20260814_142509","NWB Dim AutoFill","Multi-Category Schedule 2","schedule","view","skip","SharedOnly","skip-other-users","7103389","Ducts","Rectangular Duct","","LEVEL 01","VOID RISER_PLACE HOLDER","1000x700","1000","700","","NWB_DimHeight","700","1500","1500","SKIP","existing-kept","instance","Shared Parameter","7626170","NWB_DimHeight","String","False","1","1"
"20260814_142509","NWB Dim AutoFill","Multi-Category Schedule 2","schedule","view","skip","SharedOnly","skip-other-users","7103389","Ducts","Rectangular Duct","","LEVEL 01","VOID RISER_PLACE HOLDER","1000x700","1000","700","","NWB_DimDiameter","","","","SKIP","no parsed value","","","","NWB_DimDiameter","","","",""
"20260814_142509","NWB Dim AutoFill","Multi-Category Schedule 2","schedule","view","skip","SharedOnly","skip-other-users","7103413","Duct Linings","Duct Lining","","","Internal Insulation","","","","","","","","","SKIP","size empty","","","","","","","",""
"20260814_142509","NWB Dim AutoFill","Multi-Category Schedule 2","schedule","view","skip","SharedOnly","skip-other-users","7103503","Duct Fittings","MHT-ME-DF-Rectangular Short Radius Bend - Flanged","","LEVEL 01","MHT-ME-DF-Rectangular Short Radius Bend - Flanged","700x1000-700x1000","700","1000","","NWB_DimWidth","700","700","700","SKIP","existing-kept","instance","Shared Parameter","7626175","NWB_DimWidth","String","False","2","1"
"20260814_142509","NWB Dim AutoFill","Multi-Category Schedule 2","schedule","view","skip","SharedOnly","skip-other-users","7103503","Duct Fittings","MHT-ME-DF-Rectangular Short Radius Bend - Flanged","","LEVEL 01","MHT-ME-DF-Rectangular Short Radius Bend - Flanged","700x1000-700x1000","700","1000","","NWB_DimHeight","1000","1000","1000","SKIP","existing-kept","instance","Shared Parameter","7626170","NWB_DimHeight","String","False","2","1"
"20260814_142509","NWB Dim AutoFill","Multi-Category Schedule 2","schedule","view","skip","SharedOnly","skip-other-users","7103503","Duct Fittings","MHT-ME-DF-Rectangular Short Radius Bend - Flanged","","LEVEL 01","MHT-ME-DF-Rectangular Short Radius Bend - Flanged","700x1000-700x1000","700","1000","","NWB_DimDiameter","","","","SKIP","no parsed value","","","","NWB_DimDiameter","","","",""
"20260814_142509","NWB Dim AutoFill","Multi-Category Schedule 2","schedule","view","skip","SharedOnly","skip-other-users","7103505","Duct Linings","Duct Lining","","","Internal Insulation","","","","","","","","","SKIP","size empty","","","","","","","",""
"20260814_142509","NWB Dim AutoFill","Multi-Category Schedule 2","schedule","view","skip","SharedOnly","skip-other-users","7104680","Ducts","Rectangular Duct","","GROUND","VOID RISER_PLACE HOLDER","1000x600","1000","600","","NWB_DimWidth","1000","1500","1500","SKIP","existing-kept","instance","Shared Parameter","7626175","NWB_DimWidth","String","False","1","1"
"20260814_142509","NWB Dim AutoFill","Multi-Category Schedule 2","schedule","view","skip","SharedOnly","skip-other-users","7104680","Ducts","Rectangular Duct","","GROUND","VOID RISER_PLACE HOLDER","1000x600","1000","600","","NWB_DimHeight","600","1500","1500","SKIP","existing-kept","instance","Shared Parameter","7626170","NWB_DimHeight","String","False","1","1"
"20260814_142509","NWB Dim AutoFill","Multi-Category Schedule 2","schedule","view","skip","SharedOnly","skip-other-users","7104680","Ducts","Rectangular Duct","","GROUND","VOID RISER_PLACE HOLDER","1000x600","1000","600","","NWB_DimDiameter","","","","SKIP","no parsed value","","","","NWB_DimDiameter","","","",""
"20260814_142509","NWB Dim AutoFill","Multi-Category Schedule 2","schedule","view","skip","SharedOnly","skip-other-users","7105144","Ducts","Rectangular Duct","","GROUND","VOID RISER_PLACE HOLDER","850x600","850","600","","NWB_DimWidth","850","1500","1500","SKIP","existing-kept","instance","Shared Parameter","7626175","NWB_DimWidth","String","False","1","1"
"20260814_142509","NWB Dim AutoFill","Multi-Category Schedule 2","schedule","view","skip","SharedOnly","skip-other-users","7105144","Ducts","Rectangular Duct","","GROUND","VOID RISER_PLACE HOLDER","850x600","850","600","","NWB_DimHeight","600","1500","1500","SKIP","existing-kept","instance","Shared Parameter","7626170","NWB_DimHeight","String","False","1","1"
"20260814_142509","NWB Dim AutoFill","Multi-Category Schedule 2","schedule","view","skip","SharedOnly","skip-other-users","7105144","Ducts","Rectangular Duct","","GROUND","VOID RISER_PLACE HOLDER","850x600","850","600","","NWB_DimDiameter","","","","SKIP","no parsed value","","","","NWB_DimDiameter","","","",""
"20260814_142509","NWB Dim AutoFill","Multi-Category Schedule 2","schedule","view","skip","SharedOnly","skip-other-users","7105243","Duct Linings","Duct Lining","","","Internal Insulation","","","","","","","","","SKIP","size empty","","","","","","","",""
"20260814_142509","NWB Dim AutoFill","Multi-Category Schedule 2","schedule","view","skip","SharedOnly","skip-other-users","7105286","Duct Fittings","MHT-ME-DF-Rectangular Square Bend - Flanged","","GROUND","MHT-ME-DF-Rectangular Square Bend - Flanged","600x850-600x850","600","850","","NWB_DimDiameter","","","","SKIP","no parsed value","","","","NWB_DimDiameter","","","",""
"20260814_142509","NWB Dim AutoFill","Multi-Category Schedule 2","schedule","view","skip","SharedOnly","skip-other-users","7105288","Duct Linings","Duct Lining","","","Internal Insulation","","","","","","","","","SKIP","size empty","","","","","","","",""
"20260814_142509","NWB Dim AutoFill","Multi-Category Schedule 2","schedule","view","skip","SharedOnly","skip-other-users","7105320","Ducts","Rectangular Duct","","LEVEL 06","VOID RISER_PLACE HOLDER","700x700","700","700","","NWB_DimWidth","700","1500","1500","SKIP","existing-kept","instance","Shared Parameter","7626175","NWB_DimWidth","String","False","1","1"
"20260814_142509","NWB Dim AutoFill","Multi-Category Schedule 2","schedule","view","skip","SharedOnly","skip-other-users","7105320","Ducts","Rectangular Duct","","LEVEL 06","VOID RISER_PLACE HOLDER","700x700","700","700","","NWB_DimHeight","700","1500","1500","SKIP","existing-kept","instance","Shared Parameter","7626170","NWB_DimHeight","String","False","1","1"
"20260814_142509","NWB Dim AutoFill","Multi-Category Schedule 2","schedule","view","skip","SharedOnly","skip-other-users","7105320","Ducts","Rectangular Duct","","LEVEL 06","VOID RISER_PLACE HOLDER","700x700","700","700","","NWB_DimDiameter","","","","SKIP","no parsed value","","","","NWB_DimDiameter","","","",""
"20260814_142509","NWB Dim AutoFill","Multi-Category Schedule 2","schedule","view","skip","SharedOnly","skip-other-users","7105344","Duct Linings","Duct Lining","","","Internal Insulation","","","","","","","","","SKIP","size empty","","","","","","","",""
"20260814_142509","NWB Dim AutoFill","Multi-Category Schedule 2","schedule","view","skip","SharedOnly","skip-other-users","7105383","Duct Fittings","MHT-ME-DF-Rectangular Square Bend - Flanged","","GROUND","MHT-ME-DF-Rectangular Square Bend - Flanged","600x850-600x850","600","850","","NWB_DimWidth","600","600","600","SKIP","existing-kept","instance","Shared Parameter","7626175","NWB_DimWidth","String","False","2","1"
"20260814_142509","NWB Dim AutoFill","Multi-Category Schedule 2","schedule","view","skip","SharedOnly","skip-other-users","7105383","Duct Fittings","MHT-ME-DF-Rectangular Square Bend - Flanged","","GROUND","MHT-ME-DF-Rectangular Square Bend - Flanged","600x850-600x850","600","850","","NWB_DimHeight","850","850","850","SKIP","existing-kept","instance","Shared Parameter","7626170","NWB_DimHeight","String","False","2","1"
"20260814_142509","NWB Dim AutoFill","Multi-Category Schedule 2","schedule","view","skip","SharedOnly","skip-other-users","7105383","Duct Fittings","MHT-ME-DF-Rectangular Square Bend - Flanged","","GROUND","MHT-ME-DF-Rectangular Square Bend - Flanged","600x850-600x850","600","850","","NWB_DimDiameter","","","","SKIP","no parsed value","","","","NWB_DimDiameter","","","",""
"20260814_142509","NWB Dim AutoFill","Multi-Category Schedule 2","schedule","view","skip","SharedOnly","skip-other-users","7105385","Duct Linings","Duct Lining","","","Internal Insulation","","","","","","","","","SKIP","size empty","","","","","","","",""
"20260814_142509","NWB Dim AutoFill","Multi-Category Schedule 2","schedule","view","skip","SharedOnly","skip-other-users","7105903","Ducts","Rectangular Duct","","GROUND","VOID RISER_PLACE HOLDER","550x750","550","750","","NWB_DimWidth","550","1500","1500","SKIP","existing-kept","instance","Shared Parameter","7626175","NWB_DimWidth","String","False","1","1"
"20260814_142509","NWB Dim AutoFill","Multi-Category Schedule 2","schedule","view","skip","SharedOnly","skip-other-users","7105903","Ducts","Rectangular Duct","","GROUND","VOID RISER_PLACE HOLDER","550x750","550","750","","NWB_DimHeight","750","1500","1500","SKIP","existing-kept","instance","Shared Parameter","7626170","NWB_DimHeight","String","False","1","1"
"20260814_142509","NWB Dim AutoFill","Multi-Category Schedule 2","schedule","view","skip","SharedOnly","skip-other-users","7105903","Ducts","Rectangular Duct","","GROUND","VOID RISER_PLACE HOLDER","550x750","550","750","","NWB_DimDiameter","","","","SKIP","no parsed value","","","","NWB_DimDiameter","","","",""
"20260814_142509","NWB Dim AutoFill","Multi-Category Schedule 2","schedule","view","skip","SharedOnly","skip-other-users","7106086","Duct Linings","Duct Lining","","","Internal Insulation","","","","","","","","","SKIP","size empty","","","","","","","",""
"20260814_142509","NWB Dim AutoFill","Multi-Category Schedule 2","schedule","view","skip","SharedOnly","skip-other-users","7106105","Duct Linings","Duct Lining","","","Internal Insulation","","","","","","","","","SKIP","size empty","","","","","","","",""
"20260814_142509","NWB Dim AutoFill","Multi-Category Schedule 2","schedule","view","skip","SharedOnly","skip-other-users","7106180","Duct Linings","Duct Lining","","","Internal Insulation","","","","","","","","","SKIP","size empty","","","","","","","",""
"20260814_142509","NWB Dim AutoFill","Multi-Category Schedule 2","schedule","view","skip","SharedOnly","skip-other-users","7106348","Duct Fittings","MHT-ME-DF-Rectangular Square Bend - Flanged","","GROUND","MHT-ME-DF-Rectangular Square Bend - Flanged","750x550-750x550","750","550","","NWB_DimWidth","750","600","600","SKIP","existing-kept","instance","Shared Parameter","7626175","NWB_DimWidth","String","False","2","1"
"20260814_142509","NWB Dim AutoFill","Multi-Category Schedule 2","schedule","view","skip","SharedOnly","skip-other-users","7106348","Duct Fittings","MHT-ME-DF-Rectangular Square Bend - Flanged","","GROUND","MHT-ME-DF-Rectangular Square Bend - Flanged","750x550-750x550","750","550","","NWB_DimHeight","550","850","850","SKIP","existing-kept","instance","Shared Parameter","7626170","NWB_DimHeight","String","False","2","1"
"20260814_142509","NWB Dim AutoFill","Multi-Category Schedule 2","schedule","view","skip","SharedOnly","skip-other-users","7106348","Duct Fittings","MHT-ME-DF-Rectangular Square Bend - Flanged","","GROUND","MHT-ME-DF-Rectangular Square Bend - Flanged","750x550-750x550","750","550","","NWB_DimDiameter","","","","SKIP","no parsed value","","","","NWB_DimDiameter","","","",""
"20260814_142509","NWB Dim AutoFill","Multi-Category Schedule 2","schedule","view","skip","SharedOnly","skip-other-users","7106350","Duct Linings","Duct Lining","","","Internal Insulation","","","","","","","","","SKIP","size empty","","","","","","","",""
"20260814_142509","NWB Dim AutoFill","Multi-Category Schedule 2","schedule","view","skip","SharedOnly","skip-other-users","7106353","Duct Fittings","MHT-ME-DF-Rectangular Square Bend - Flanged","","GROUND","MHT-ME-DF-Rectangular Square Bend - Flanged","1800x1800-1800x1800","1800","1800","","NWB_DimWidth","1800","600","600","SKIP","existing-kept","instance","Shared Parameter","7626175","NWB_DimWidth","String","False","2","1"
"20260814_142509","NWB Dim AutoFill","Multi-Category Schedule 2","schedule","view","skip","SharedOnly","skip-other-users","7106353","Duct Fittings","MHT-ME-DF-Rectangular Square Bend - Flanged","","GROUND","MHT-ME-DF-Rectangular Square Bend - Flanged","1800x1800-1800x1800","1800","1800","","NWB_DimHeight","1800","850","850","SKIP","existing-kept","instance","Shared Parameter","7626170","NWB_DimHeight","String","False","2","1"
"20260814_142509","NWB Dim AutoFill","Multi-Category Schedule 2","schedule","view","skip","SharedOnly","skip-other-users","7106353","Duct Fittings","MHT-ME-DF-Rectangular Square Bend - Flanged","","GROUND","MHT-ME-DF-Rectangular Square Bend - Flanged","1800x1800-1800x1800","1800","1800","","NWB_DimDiameter","","","","SKIP","no parsed value","","","","NWB_DimDiameter","","","",""
"20260814_142509","NWB Dim AutoFill","Multi-Category Schedule 2","schedule","view","skip","SharedOnly","skip-other-users","7106356","Duct Linings","Duct Lining","","","Internal Insulation","","","","","","","","","SKIP","size empty","","","","","","","",""
"20260814_142509","NWB Dim AutoFill","Multi-Category Schedule 2","schedule","view","skip","SharedOnly","skip-other-users","7106359","Duct Fittings","MHT-ME-DF-Rectangular Square Bend - Flanged","","GROUND","MHT-ME-DF-Rectangular Square Bend - Flanged","750x550-750x550","750","550","","NWB_DimWidth","750","600","600","SKIP","existing-kept","instance","Shared Parameter","7626175","NWB_DimWidth","String","False","2","1"
"20260814_142509","NWB Dim AutoFill","Multi-Category Schedule 2","schedule","view","skip","SharedOnly","skip-other-users","7106359","Duct Fittings","MHT-ME-DF-Rectangular Square Bend - Flanged","","GROUND","MHT-ME-DF-Rectangular Square Bend - Flanged","750x550-750x550","750","550","","NWB_DimHeight","550","850","850","SKIP","existing-kept","instance","Shared Parameter","7626170","NWB_DimHeight","String","False","2","1"
"20260814_142509","NWB Dim AutoFill","Multi-Category Schedule 2","schedule","view","skip","SharedOnly","skip-other-users","7106359","Duct Fittings","MHT-ME-DF-Rectangular Square Bend - Flanged","","GROUND","MHT-ME-DF-Rectangular Square Bend - Flanged","750x550-750x550","750","550","","NWB_DimDiameter","","","","SKIP","no parsed value","","","","NWB_DimDiameter","","","",""
"20260814_142509","NWB Dim AutoFill","Multi-Category Schedule 2","schedule","view","skip","SharedOnly","skip-other-users","7106361","Duct Linings","Duct Lining","","","Internal Insulation","","","","","","","","","SKIP","size empty","","","","","","","",""
"20260814_142509","NWB Dim AutoFill","Multi-Category Schedule 2","schedule","view","skip","SharedOnly","skip-other-users","7106966","Ducts","Rectangular Duct","","GROUND","VOID RISER_PLACE HOLDER","1200x1000","1200","1000","","NWB_DimWidth","1200","1500","1500","SKIP","existing-kept","instance","Shared Parameter","7626175","NWB_DimWidth","String","False","1","1"
"20260814_142509","NWB Dim AutoFill","Multi-Category Schedule 2","schedule","view","skip","SharedOnly","skip-other-users","7106966","Ducts","Rectangular Duct","","GROUND","VOID RISER_PLACE HOLDER","1200x1000","1200","1000","","NWB_DimHeight","1000","1500","1500","SKIP","existing-kept","instance","Shared Parameter","7626170","NWB_DimHeight","String","False","1","1"
"20260814_142509","NWB Dim AutoFill","Multi-Category Schedule 2","schedule","view","skip","SharedOnly","skip-other-users","7106966","Ducts","Rectangular Duct","","GROUND","VOID RISER_PLACE HOLDER","1200x1000","1200","1000","","NWB_DimDiameter","","","","SKIP","no parsed value","","","","NWB_DimDiameter","","","",""
"20260814_142509","NWB Dim AutoFill","Multi-Category Schedule 2","schedule","view","skip","SharedOnly","skip-other-users","7107138","Duct Fittings","MHT-ME-DF-Rectangular Square Bend - Flanged","","GROUND","MHT-ME-DF-Rectangular Square Bend - Flanged","1000x1200-1000x1200","1000","1200","","NWB_DimWidth","1000","600","600","SKIP","existing-kept","instance","Shared Parameter","7626175","NWB_DimWidth","String","False","2","1"
"20260814_142509","NWB Dim AutoFill","Multi-Category Schedule 2","schedule","view","skip","SharedOnly","skip-other-users","7107138","Duct Fittings","MHT-ME-DF-Rectangular Square Bend - Flanged","","GROUND","MHT-ME-DF-Rectangular Square Bend - Flanged","1000x1200-1000x1200","1000","1200","","NWB_DimHeight","1200","850","850","SKIP","existing-kept","instance","Shared Parameter","7626170","NWB_DimHeight","String","False","2","1"
"20260814_142509","NWB Dim AutoFill","Multi-Category Schedule 2","schedule","view","skip","SharedOnly","skip-other-users","7107138","Duct Fittings","MHT-ME-DF-Rectangular Square Bend - Flanged","","GROUND","MHT-ME-DF-Rectangular Square Bend - Flanged","1000x1200-1000x1200","1000","1200","","NWB_DimDiameter","","","","SKIP","no parsed value","","","","NWB_DimDiameter","","","",""
"20260814_142509","NWB Dim AutoFill","Multi-Category Schedule 2","schedule","view","skip","SharedOnly","skip-other-users","7107262","Ducts","Rectangular Duct","","GROUND","VOID RISER_PLACE HOLDER","1200x1000","1200","1000","","NWB_DimWidth","1200","1500","1500","SKIP","existing-kept","instance","Shared Parameter","7626175","NWB_DimWidth","String","False","1","1"
"20260814_142509","NWB Dim AutoFill","Multi-Category Schedule 2","schedule","view","skip","SharedOnly","skip-other-users","7107262","Ducts","Rectangular Duct","","GROUND","VOID RISER_PLACE HOLDER","1200x1000","1200","1000","","NWB_DimHeight","1000","1500","1500","SKIP","existing-kept","instance","Shared Parameter","7626170","NWB_DimHeight","String","False","1","1"
"20260814_142509","NWB Dim AutoFill","Multi-Category Schedule 2","schedule","view","skip","SharedOnly","skip-other-users","7107262","Ducts","Rectangular Duct","","GROUND","VOID RISER_PLACE HOLDER","1200x1000","1200","1000","","NWB_DimDiameter","","","","SKIP","no parsed value","","","","NWB_DimDiameter","","","",""
"20260814_142509","NWB Dim AutoFill","Multi-Category Schedule 2","schedule","view","skip","SharedOnly","skip-other-users","7107359","Ducts","Rectangular Duct","","LEVEL 06","VOID RISER_PLACE HOLDER","10000x4000","10000","4000","","NWB_DimWidth","10000","1500","1500","SKIP","existing-kept","instance","Shared Parameter","7626175","NWB_DimWidth","String","False","1","1"
"20260814_142509","NWB Dim AutoFill","Multi-Category Schedule 2","schedule","view","skip","SharedOnly","skip-other-users","7107359","Ducts","Rectangular Duct","","LEVEL 06","VOID RISER_PLACE HOLDER","10000x4000","10000","4000","","NWB_DimHeight","4000","1500","1500","SKIP","existing-kept","instance","Shared Parameter","7626170","NWB_DimHeight","String","False","1","1"
"20260814_142509","NWB Dim AutoFill","Multi-Category Schedule 2","schedule","view","skip","SharedOnly","skip-other-users","7107359","Ducts","Rectangular Duct","","LEVEL 06","VOID RISER_PLACE HOLDER","10000x4000","10000","4000","","NWB_DimDiameter","","","","SKIP","no parsed value","","","","NWB_DimDiameter","","","",""
"20260814_142509","NWB Dim AutoFill","Multi-Category Schedule 2","schedule","view","skip","SharedOnly","skip-other-users","7107360","Duct Systems","Duct System","","","OA 39","","","","","","","","","SKIP","size empty","","","","","","","",""
"20260814_142509","NWB Dim AutoFill","Multi-Category Schedule 2","schedule","view","skip","SharedOnly","skip-other-users","7107771","Ducts","Rectangular Duct","","GROUND","VOID RISER_PLACE HOLDER","850x1000","850","1000","","NWB_DimWidth","850","1500","1500","SKIP","existing-kept","instance","Shared Parameter","7626175","NWB_DimWidth","String","False","1","1"
"20260814_142509","NWB Dim AutoFill","Multi-Category Schedule 2","schedule","view","skip","SharedOnly","skip-other-users","7107771","Ducts","Rectangular Duct","","GROUND","VOID RISER_PLACE HOLDER","850x1000","850","1000","","NWB_DimHeight","1000","1500","1500","SKIP","existing-kept","instance","Shared Parameter","7626170","NWB_DimHeight","String","False","1","1"
"20260814_142509","NWB Dim AutoFill","Multi-Category Schedule 2","schedule","view","skip","SharedOnly","skip-other-users","7107771","Ducts","Rectangular Duct","","GROUND","VOID RISER_PLACE HOLDER","850x1000","850","1000","","NWB_DimDiameter","","","","SKIP","no parsed value","","","","NWB_DimDiameter","","","",""
"20260814_142509","NWB Dim AutoFill","Multi-Category Schedule 2","schedule","view","skip","SharedOnly","skip-other-users","7107797","Ducts","Rectangular Duct","","GROUND","VOID RISER_PLACE HOLDER","800x700","800","700","","NWB_DimWidth","800","1500","1500","SKIP","existing-kept","instance","Shared Parameter","7626175","NWB_DimWidth","String","False","1","1"
"20260814_142509","NWB Dim AutoFill","Multi-Category Schedule 2","schedule","view","skip","SharedOnly","skip-other-users","7107797","Ducts","Rectangular Duct","","GROUND","VOID RISER_PLACE HOLDER","800x700","800","700","","NWB_DimHeight","700","1500","1500","SKIP","existing-kept","instance","Shared Parameter","7626170","NWB_DimHeight","String","False","1","1"
"20260814_142509","NWB Dim AutoFill","Multi-Category Schedule 2","schedule","view","skip","SharedOnly","skip-other-users","7107797","Ducts","Rectangular Duct","","GROUND","VOID RISER_PLACE HOLDER","800x700","800","700","","NWB_DimDiameter","","","","SKIP","no parsed value","","","","NWB_DimDiameter","","","",""
"20260814_142509","NWB Dim AutoFill","Multi-Category Schedule 2","schedule","view","skip","SharedOnly","skip-other-users","7107866","Duct Fittings","MHT-ME-DF-Rectangular Short Radius Bend - Flanged","","GROUND","MHT-ME-DF-Rectangular Short Radius Bend - Flanged","1200x1000-1200x1000","1200","1000","","NWB_DimWidth","1200","700","700","SKIP","existing-kept","instance","Shared Parameter","7626175","NWB_DimWidth","String","False","2","1"
"20260814_142509","NWB Dim AutoFill","Multi-Category Schedule 2","schedule","view","skip","SharedOnly","skip-other-users","7107866","Duct Fittings","MHT-ME-DF-Rectangular Short Radius Bend - Flanged","","GROUND","MHT-ME-DF-Rectangular Short Radius Bend - Flanged","1200x1000-1200x1000","1200","1000","","NWB_DimHeight","1000","1000","1000","SKIP","existing-kept","instance","Shared Parameter","7626170","NWB_DimHeight","String","False","2","1"
"20260814_142509","NWB Dim AutoFill","Multi-Category Schedule 2","schedule","view","skip","SharedOnly","skip-other-users","7107866","Duct Fittings","MHT-ME-DF-Rectangular Short Radius Bend - Flanged","","GROUND","MHT-ME-DF-Rectangular Short Radius Bend - Flanged","1200x1000-1200x1000","1200","1000","","NWB_DimDiameter","","","","SKIP","no parsed value","","","","NWB_DimDiameter","","","",""
"20260814_142509","NWB Dim AutoFill","Multi-Category Schedule 2","schedule","view","skip","SharedOnly","skip-other-users","7107871","Ducts","Rectangular Duct","","GROUND","VOID RISER_PLACE HOLDER","1200x1000","1200","1000","","NWB_DimWidth","1200","1500","1500","SKIP","existing-kept","instance","Shared Parameter","7626175","NWB_DimWidth","String","False","1","1"
"20260814_142509","NWB Dim AutoFill","Multi-Category Schedule 2","schedule","view","skip","SharedOnly","skip-other-users","7107871","Ducts","Rectangular Duct","","GROUND","VOID RISER_PLACE HOLDER","1200x1000","1200","1000","","NWB_DimHeight","1000","1500","1500","SKIP","existing-kept","instance","Shared Parameter","7626170","NWB_DimHeight","String","False","1","1"
"20260814_142509","NWB Dim AutoFill","Multi-Category Schedule 2","schedule","view","skip","SharedOnly","skip-other-users","7107871","Ducts","Rectangular Duct","","GROUND","VOID RISER_PLACE HOLDER","1200x1000","1200","1000","","NWB_DimDiameter","","","","SKIP","no parsed value","","","","NWB_DimDiameter","","","",""
"20260814_142509","NWB Dim AutoFill","Multi-Category Schedule 2","schedule","view","skip","SharedOnly","skip-other-users","7107878","Duct Fittings","MHT-ME-DF-Rectangular Short Radius Bend - Flanged","","GROUND","MHT-ME-DF-Rectangular Short Radius Bend - Flanged","1200x1000-1200x1000","1200","1000","","NWB_DimWidth","1200","700","700","SKIP","existing-kept","instance","Shared Parameter","7626175","NWB_DimWidth","String","False","2","1"
"20260814_142509","NWB Dim AutoFill","Multi-Category Schedule 2","schedule","view","skip","SharedOnly","skip-other-users","7107878","Duct Fittings","MHT-ME-DF-Rectangular Short Radius Bend - Flanged","","GROUND","MHT-ME-DF-Rectangular Short Radius Bend - Flanged","1200x1000-1200x1000","1200","1000","","NWB_DimHeight","1000","1000","1000","SKIP","existing-kept","instance","Shared Parameter","7626170","NWB_DimHeight","String","False","2","1"
"20260814_142509","NWB Dim AutoFill","Multi-Category Schedule 2","schedule","view","skip","SharedOnly","skip-other-users","7107878","Duct Fittings","MHT-ME-DF-Rectangular Short Radius Bend - Flanged","","GROUND","MHT-ME-DF-Rectangular Short Radius Bend - Flanged","1200x1000-1200x1000","1200","1000","","NWB_DimDiameter","","","","SKIP","no parsed value","","","","NWB_DimDiameter","","","",""
"20260814_142509","NWB Dim AutoFill","Multi-Category Schedule 2","schedule","view","skip","SharedOnly","skip-other-users","7108022","Ducts","Rectangular Duct","","GROUND","VOID RISER_PLACE HOLDER","2500x525","2500","525","","NWB_DimWidth","2500","1500","1500","SKIP","existing-kept","instance","Shared Parameter","7626175","NWB_DimWidth","String","False","1","1"
"20260814_142509","NWB Dim AutoFill","Multi-Category Schedule 2","schedule","view","skip","SharedOnly","skip-other-users","7108022","Ducts","Rectangular Duct","","GROUND","VOID RISER_PLACE HOLDER","2500x525","2500","525","","NWB_DimHeight","525","1500","1500","SKIP","existing-kept","instance","Shared Parameter","7626170","NWB_DimHeight","String","False","1","1"
"20260814_142509","NWB Dim AutoFill","Multi-Category Schedule 2","schedule","view","skip","SharedOnly","skip-other-users","7108022","Ducts","Rectangular Duct","","GROUND","VOID RISER_PLACE HOLDER","2500x525","2500","525","","NWB_DimDiameter","","","","SKIP","no parsed value","","","","NWB_DimDiameter","","","",""
"20260814_142509","NWB Dim AutoFill","Multi-Category Schedule 2","schedule","view","skip","SharedOnly","skip-other-users","7108549","Ducts","Rectangular Duct","","GROUND","VOID RISER_PLACE HOLDER","1000x600","1000","600","","NWB_DimWidth","1000","1500","1500","SKIP","existing-kept","instance","Shared Parameter","7626175","NWB_DimWidth","String","False","1","1"
"20260814_142509","NWB Dim AutoFill","Multi-Category Schedule 2","schedule","view","skip","SharedOnly","skip-other-users","7108549","Ducts","Rectangular Duct","","GROUND","VOID RISER_PLACE HOLDER","1000x600","1000","600","","NWB_DimHeight","600","1500","1500","SKIP","existing-kept","instance","Shared Parameter","7626170","NWB_DimHeight","String","False","1","1"
"20260814_142509","NWB Dim AutoFill","Multi-Category Schedule 2","schedule","view","skip","SharedOnly","skip-other-users","7108549","Ducts","Rectangular Duct","","GROUND","VOID RISER_PLACE HOLDER","1000x600","1000","600","","NWB_DimDiameter","","","","SKIP","no parsed value","","","","NWB_DimDiameter","","","",""
"20260814_142509","NWB Dim AutoFill","Multi-Category Schedule 2","schedule","view","skip","SharedOnly","skip-other-users","7108608","Duct Fittings","MHT-ME-DF-Rectangular Square Bend - Flanged","","GROUND","MHT-ME-DF-Rectangular Square Bend - Flanged","1000x850-1000x850","1000","850","","NWB_DimWidth","1000","600","600","SKIP","existing-kept","instance","Shared Parameter","7626175","NWB_DimWidth","String","False","2","1"
"20260814_142509","NWB Dim AutoFill","Multi-Category Schedule 2","schedule","view","skip","SharedOnly","skip-other-users","7108608","Duct Fittings","MHT-ME-DF-Rectangular Square Bend - Flanged","","GROUND","MHT-ME-DF-Rectangular Square Bend - Flanged","1000x850-1000x850","1000","850","","NWB_DimHeight","850","850","850","SKIP","existing-kept","instance","Shared Parameter","7626170","NWB_DimHeight","String","False","2","1"
"20260814_142509","NWB Dim AutoFill","Multi-Category Schedule 2","schedule","view","skip","SharedOnly","skip-other-users","7108608","Duct Fittings","MHT-ME-DF-Rectangular Square Bend - Flanged","","GROUND","MHT-ME-DF-Rectangular Square Bend - Flanged","1000x850-1000x850","1000","850","","NWB_DimDiameter","","","","SKIP","no parsed value","","","","NWB_DimDiameter","","","",""
"20260814_142509","NWB Dim AutoFill","Multi-Category Schedule 2","schedule","view","skip","SharedOnly","skip-other-users","7108632","Duct Fittings","MHT-ME-DF-Rectangular Square Bend - Flanged","","GROUND","MHT-ME-DF-Rectangular Square Bend - Flanged","700x800-700x800","700","800","","NWB_DimWidth","700","600","600","SKIP","existing-kept","instance","Shared Parameter","7626175","NWB_DimWidth","String","False","2","1"
"20260814_142509","NWB Dim AutoFill","Multi-Category Schedule 2","schedule","view","skip","SharedOnly","skip-other-users","7108632","Duct Fittings","MHT-ME-DF-Rectangular Square Bend - Flanged","","GROUND","MHT-ME-DF-Rectangular Square Bend - Flanged","700x800-700x800","700","800","","NWB_DimHeight","800","850","850","SKIP","existing-kept","instance","Shared Parameter","7626170","NWB_DimHeight","String","False","2","1"
"20260814_142509","NWB Dim AutoFill","Multi-Category Schedule 2","schedule","view","skip","SharedOnly","skip-other-users","7108632","Duct Fittings","MHT-ME-DF-Rectangular Square Bend - Flanged","","GROUND","MHT-ME-DF-Rectangular Square Bend - Flanged","700x800-700x800","700","800","","NWB_DimDiameter","","","","SKIP","no parsed value","","","","NWB_DimDiameter","","","",""
"20260814_142509","NWB Dim AutoFill","Multi-Category Schedule 2","schedule","view","skip","SharedOnly","skip-other-users","7109076","Duct Accessories","DUCT ACCESS PANEL","","","CUSTOM_2200x900","","","","","","","","","SKIP","size empty","","","","","","","",""
"20260814_142509","NWB Dim AutoFill","Multi-Category Schedule 2","schedule","view","skip","SharedOnly","skip-other-users","7109331","Duct Accessories","DUCT ACCESS PANEL","","","CUSTOM_2200x900","","","","","","","","","SKIP","size empty","","","","","","","",""
"20260814_142509","NWB Dim AutoFill","Multi-Category Schedule 2","schedule","view","skip","SharedOnly","skip-other-users","7110664","Pipes","Pipe Types","","LEVEL 03","Butt Welded_Mech","150ø","","","150","NWB_DimWidth","","","","SKIP","no parsed value","","","","NWB_DimWidth","","","",""
"20260814_142509","NWB Dim AutoFill","Multi-Category Schedule 2","schedule","view","skip","SharedOnly","skip-other-users","7110664","Pipes","Pipe Types","","LEVEL 03","Butt Welded_Mech","150ø","","","150","NWB_DimHeight","","","","SKIP","no parsed value","","","","NWB_DimHeight","","","",""
"20260814_142509","NWB Dim AutoFill","Multi-Category Schedule 2","schedule","view","skip","SharedOnly","skip-other-users","7110664","Pipes","Pipe Types","","LEVEL 03","Butt Welded_Mech","150ø","","","150","NWB_DimDiameter","150","250","250","SKIP","existing-kept","instance","Shared Parameter","7626172","NWB_DimDiameter","String","False","1","1"
"20260814_142509","NWB Dim AutoFill","Multi-Category Schedule 2","schedule","view","skip","SharedOnly","skip-other-users","7110666","Piping Systems","Piping System","","","CCWR 2","","","","","","","","","SKIP","size empty","","","","","","","",""
"20260814_142509","NWB Dim AutoFill","Multi-Category Schedule 2","schedule","view","skip","SharedOnly","skip-other-users","7110668","Pipes","Pipe Types","","LEVEL 06","Butt Welded_Mech","200ø","","","200","NWB_DimWidth","","","","SKIP","no parsed value","","","","NWB_DimWidth","","","",""
"20260814_142509","NWB Dim AutoFill","Multi-Category Schedule 2","schedule","view","skip","SharedOnly","skip-other-users","7110668","Pipes","Pipe Types","","LEVEL 06","Butt Welded_Mech","200ø","","","200","NWB_DimHeight","","","","SKIP","no parsed value","","","","NWB_DimHeight","","","",""
"20260814_142509","NWB Dim AutoFill","Multi-Category Schedule 2","schedule","view","skip","SharedOnly","skip-other-users","7110668","Pipes","Pipe Types","","LEVEL 06","Butt Welded_Mech","200ø","","","200","NWB_DimDiameter","200","250","250","SKIP","existing-kept","instance","Shared Parameter","7626172","NWB_DimDiameter","String","False","1","1"
"20260814_142509","NWB Dim AutoFill","Multi-Category Schedule 2","schedule","view","skip","SharedOnly","skip-other-users","7110670","Piping Systems","Piping System","","","HTHWf 1","","","","","","","","","SKIP","size empty","","","","","","","",""
"20260814_142509","NWB Dim AutoFill","Multi-Category Schedule 2","schedule","view","skip","SharedOnly","skip-other-users","7110672","Pipes","Pipe Types","","LEVEL 06","Butt Welded_Mech","200ø","","","200","NWB_DimWidth","","","","SKIP","no parsed value","","","","NWB_DimWidth","","","",""
"20260814_142509","NWB Dim AutoFill","Multi-Category Schedule 2","schedule","view","skip","SharedOnly","skip-other-users","7110672","Pipes","Pipe Types","","LEVEL 06","Butt Welded_Mech","200ø","","","200","NWB_DimHeight","","","","SKIP","no parsed value","","","","NWB_DimHeight","","","",""
"20260814_142509","NWB Dim AutoFill","Multi-Category Schedule 2","schedule","view","skip","SharedOnly","skip-other-users","7110672","Pipes","Pipe Types","","LEVEL 06","Butt Welded_Mech","200ø","","","200","NWB_DimDiameter","200","250","250","SKIP","existing-kept","instance","Shared Parameter","7626172","NWB_DimDiameter","String","False","1","1"
"20260814_142509","NWB Dim AutoFill","Multi-Category Schedule 2","schedule","view","skip","SharedOnly","skip-other-users","7110674","Piping Systems","Piping System","","","HTHWf 2","","","","","","","","","SKIP","size empty","","","","","","","",""
"20260814_142509","NWB Dim AutoFill","Multi-Category Schedule 2","schedule","view","skip","SharedOnly","skip-other-users","7110676","Pipes","Pipe Types","","LEVEL 06","Butt Welded_Mech","200ø","","","200","NWB_DimWidth","","","","SKIP","no parsed value","","","","NWB_DimWidth","","","",""
"20260814_142509","NWB Dim AutoFill","Multi-Category Schedule 2","schedule","view","skip","SharedOnly","skip-other-users","7110676","Pipes","Pipe Types","","LEVEL 06","Butt Welded_Mech","200ø","","","200","NWB_DimHeight","","","","SKIP","no parsed value","","","","NWB_DimHeight","","","",""
"20260814_142509","NWB Dim AutoFill","Multi-Category Schedule 2","schedule","view","skip","SharedOnly","skip-other-users","7110676","Pipes","Pipe Types","","LEVEL 06","Butt Welded_Mech","200ø","","","200","NWB_DimDiameter","200","250","250","SKIP","existing-kept","instance","Shared Parameter","7626172","NWB_DimDiameter","String","False","1","1"
"20260814_142509","NWB Dim AutoFill","Multi-Category Schedule 2","schedule","view","skip","SharedOnly","skip-other-users","7110678","Pipes","Pipe Types","","LEVEL 06","Butt Welded_Mech","200ø","","","200","NWB_DimWidth","","","","SKIP","no parsed value","","","","NWB_DimWidth","","","",""
"20260814_142509","NWB Dim AutoFill","Multi-Category Schedule 2","schedule","view","skip","SharedOnly","skip-other-users","7110678","Pipes","Pipe Types","","LEVEL 06","Butt Welded_Mech","200ø","","","200","NWB_DimHeight","","","","SKIP","no parsed value","","","","NWB_DimHeight","","","",""
"20260814_142509","NWB Dim AutoFill","Multi-Category Schedule 2","schedule","view","skip","SharedOnly","skip-other-users","7110678","Pipes","Pipe Types","","LEVEL 06","Butt Welded_Mech","200ø","","","200","NWB_DimDiameter","200","250","250","SKIP","existing-kept","instance","Shared Parameter","7626172","NWB_DimDiameter","String","False","1","1"
"20260814_142509","NWB Dim AutoFill","Multi-Category Schedule 2","schedule","view","skip","SharedOnly","skip-other-users","7110680","Piping Systems","Piping System","","","CHWf 8","","","","","","","","","SKIP","size empty","","","","","","","",""
"20260814_142509","NWB Dim AutoFill","Multi-Category Schedule 2","schedule","view","skip","SharedOnly","skip-other-users","7110681","Piping Systems","Piping System","","","CHWf 10","","","","","","","","","SKIP","size empty","","","","","","","",""
"20260814_142509","NWB Dim AutoFill","Multi-Category Schedule 2","schedule","view","skip","SharedOnly","skip-other-users","7110684","Pipes","Pipe Types","","LEVEL 06","Butt Welded_Mech","32ø","","","32","NWB_DimWidth","","","","SKIP","no parsed value","","","","NWB_DimWidth","","","",""
"20260814_142509","NWB Dim AutoFill","Multi-Category Schedule 2","schedule","view","skip","SharedOnly","skip-other-users","7110684","Pipes","Pipe Types","","LEVEL 06","Butt Welded_Mech","32ø","","","32","NWB_DimHeight","","","","SKIP","no parsed value","","","","NWB_DimHeight","","","",""
"20260814_142509","NWB Dim AutoFill","Multi-Category Schedule 2","schedule","view","skip","SharedOnly","skip-other-users","7110684","Pipes","Pipe Types","","LEVEL 06","Butt Welded_Mech","32ø","","","32","NWB_DimDiameter","32","250","250","SKIP","existing-kept","instance","Shared Parameter","7626172","NWB_DimDiameter","String","False","1","1"
"20260814_142509","NWB Dim AutoFill","Multi-Category Schedule 2","schedule","view","skip","SharedOnly","skip-other-users","7110686","Pipes","Pipe Types","","LEVEL 06","Butt Welded_Mech","32ø","","","32","NWB_DimWidth","","","","SKIP","no parsed value","","","","NWB_DimWidth","","","",""
"20260814_142509","NWB Dim AutoFill","Multi-Category Schedule 2","schedule","view","skip","SharedOnly","skip-other-users","7110686","Pipes","Pipe Types","","LEVEL 06","Butt Welded_Mech","32ø","","","32","NWB_DimHeight","","","","SKIP","no parsed value","","","","NWB_DimHeight","","","",""
"20260814_142509","NWB Dim AutoFill","Multi-Category Schedule 2","schedule","view","skip","SharedOnly","skip-other-users","7110686","Pipes","Pipe Types","","LEVEL 06","Butt Welded_Mech","32ø","","","32","NWB_DimDiameter","32","250","250","SKIP","existing-kept","instance","Shared Parameter","7626172","NWB_DimDiameter","String","False","1","1"
"20260814_142509","NWB Dim AutoFill","Multi-Category Schedule 2","schedule","view","skip","SharedOnly","skip-other-users","7110688","Pipes","Pipe Types","","LEVEL 06","Butt Welded_Mech","32ø","","","32","NWB_DimWidth","","","","SKIP","no parsed value","","","","NWB_DimWidth","","","",""
"20260814_142509","NWB Dim AutoFill","Multi-Category Schedule 2","schedule","view","skip","SharedOnly","skip-other-users","7110688","Pipes","Pipe Types","","LEVEL 06","Butt Welded_Mech","32ø","","","32","NWB_DimHeight","","","","SKIP","no parsed value","","","","NWB_DimHeight","","","",""
"20260814_142509","NWB Dim AutoFill","Multi-Category Schedule 2","schedule","view","skip","SharedOnly","skip-other-users","7110688","Pipes","Pipe Types","","LEVEL 06","Butt Welded_Mech","32ø","","","32","NWB_DimDiameter","32","250","250","SKIP","existing-kept","instance","Shared Parameter","7626172","NWB_DimDiameter","String","False","1","1"
"20260814_142509","NWB Dim AutoFill","Multi-Category Schedule 2","schedule","view","skip","SharedOnly","skip-other-users","7110690","Pipes","Pipe Types","","LEVEL 06","Butt Welded_Mech","32ø","","","32","NWB_DimWidth","","","","SKIP","no parsed value","","","","NWB_DimWidth","","","",""
"20260814_142509","NWB Dim AutoFill","Multi-Category Schedule 2","schedule","view","skip","SharedOnly","skip-other-users","7110690","Pipes","Pipe Types","","LEVEL 06","Butt Welded_Mech","32ø","","","32","NWB_DimHeight","","","","SKIP","no parsed value","","","","NWB_DimHeight","","","",""
"20260814_142509","NWB Dim AutoFill","Multi-Category Schedule 2","schedule","view","skip","SharedOnly","skip-other-users","7110690","Pipes","Pipe Types","","LEVEL 06","Butt Welded_Mech","32ø","","","32","NWB_DimDiameter","32","250","250","SKIP","existing-kept","instance","Shared Parameter","7626172","NWB_DimDiameter","String","False","1","1"
"20260814_142509","NWB Dim AutoFill","Multi-Category Schedule 2","schedule","view","skip","SharedOnly","skip-other-users","7110692","Piping Systems","Piping System","","","R 1","","","","","","","","","SKIP","size empty","","","","","","","",""
"20260814_142509","NWB Dim AutoFill","Multi-Category Schedule 2","schedule","view","skip","SharedOnly","skip-other-users","7110693","Piping Systems","Piping System","","","R 2","","","","","","","","","SKIP","size empty","","","","","","","",""
"20260814_142509","NWB Dim AutoFill","Multi-Category Schedule 2","schedule","view","skip","SharedOnly","skip-other-users","7110694","Piping Systems","Piping System","","","R 3","","","","","","","","","SKIP","size empty","","","","","","","",""
"20260814_142509","NWB Dim AutoFill","Multi-Category Schedule 2","schedule","view","skip","SharedOnly","skip-other-users","7110695","Piping Systems","Piping System","","","R 4","","","","","","","","","SKIP","size empty","","","","","","","",""
"20260814_142509","NWB Dim AutoFill","Multi-Category Schedule 2","schedule","view","skip","SharedOnly","skip-other-users","7111166","Pipes","Pipe Types","","LEVEL 06","Butt Welded_Mech","200ø","","","200","NWB_DimWidth","","","","SKIP","no parsed value","","","","NWB_DimWidth","","","",""
"20260814_142509","NWB Dim AutoFill","Multi-Category Schedule 2","schedule","view","skip","SharedOnly","skip-other-users","7111166","Pipes","Pipe Types","","LEVEL 06","Butt Welded_Mech","200ø","","","200","NWB_DimHeight","","","","SKIP","no parsed value","","","","NWB_DimHeight","","","",""
"20260814_142509","NWB Dim AutoFill","Multi-Category Schedule 2","schedule","view","skip","SharedOnly","skip-other-users","7111166","Pipes","Pipe Types","","LEVEL 06","Butt Welded_Mech","200ø","","","200","NWB_DimDiameter","200","250","250","SKIP","existing-kept","instance","Shared Parameter","7626172","NWB_DimDiameter","String","False","1","1"
"20260814_142509","NWB Dim AutoFill","Multi-Category Schedule 2","schedule","view","skip","SharedOnly","skip-other-users","7111168","Pipes","Pipe Types","","LEVEL 06","Butt Welded_Mech","200ø","","","200","NWB_DimWidth","","","","SKIP","no parsed value","","","","NWB_DimWidth","","","",""
"20260814_142509","NWB Dim AutoFill","Multi-Category Schedule 2","schedule","view","skip","SharedOnly","skip-other-users","7111168","Pipes","Pipe Types","","LEVEL 06","Butt Welded_Mech","200ø","","","200","NWB_DimHeight","","","","SKIP","no parsed value","","","","NWB_DimHeight","","","",""
"20260814_142509","NWB Dim AutoFill","Multi-Category Schedule 2","schedule","view","skip","SharedOnly","skip-other-users","7111168","Pipes","Pipe Types","","LEVEL 06","Butt Welded_Mech","200ø","","","200","NWB_DimDiameter","200","250","250","SKIP","existing-kept","instance","Shared Parameter","7626172","NWB_DimDiameter","String","False","1","1"
"20260814_142509","NWB Dim AutoFill","Multi-Category Schedule 2","schedule","view","skip","SharedOnly","skip-other-users","7111170","Piping Systems","Piping System","","","CCWF 1","","","","","","","","","SKIP","size empty","","","","","","","",""
"20260814_142509","NWB Dim AutoFill","Multi-Category Schedule 2","schedule","view","skip","SharedOnly","skip-other-users","7111171","Piping Systems","Piping System","","","CCWF 2","","","","","","","","","SKIP","size empty","","","","","","","",""
"20260814_142509","NWB Dim AutoFill","Multi-Category Schedule 2","schedule","view","skip","SharedOnly","skip-other-users","7174096","Mechanical Equipment","MHT-EQUIP-GENERIC","","LEVEL 06","MHT-ME-MEQ-AHU-PRECON","","","","","","","","","SKIP","size empty","","","","","","","",""
"20260814_142509","NWB Dim AutoFill","Multi-Category Schedule 2","schedule","view","skip","SharedOnly","skip-other-users","7174214","Mechanical Equipment","MHT-EQUIP-GENERIC","","LEVEL 06","MHT-ME-MEQ-AHU-L5","","","","","","","","","SKIP","size empty","","","","","","","",""
"20260814_142509","NWB Dim AutoFill","Multi-Category Schedule 2","schedule","view","skip","SharedOnly","skip-other-users","7174638","Duct Fittings","MHT-ME-DF-Rectangular Short Radius Bend - Flanged","","GROUND","MHT-ME-DF-Rectangular Short Radius Bend - Flanged","1000x850-1000x850","1000","850","","NWB_DimWidth","1000","700","700","SKIP","existing-kept","instance","Shared Parameter","7626175","NWB_DimWidth","String","False","2","1"
"20260814_142509","NWB Dim AutoFill","Multi-Category Schedule 2","schedule","view","skip","SharedOnly","skip-other-users","7174638","Duct Fittings","MHT-ME-DF-Rectangular Short Radius Bend - Flanged","","GROUND","MHT-ME-DF-Rectangular Short Radius Bend - Flanged","1000x850-1000x850","1000","850","","NWB_DimHeight","850","1000","1000","SKIP","existing-kept","instance","Shared Parameter","7626170","NWB_DimHeight","String","False","2","1"
"20260814_142509","NWB Dim AutoFill","Multi-Category Schedule 2","schedule","view","skip","SharedOnly","skip-other-users","7174638","Duct Fittings","MHT-ME-DF-Rectangular Short Radius Bend - Flanged","","GROUND","MHT-ME-DF-Rectangular Short Radius Bend - Flanged","1000x850-1000x850","1000","850","","NWB_DimDiameter","","","","SKIP","no parsed value","","","","NWB_DimDiameter","","","",""
"20260814_142509","NWB Dim AutoFill","Multi-Category Schedule 2","schedule","view","skip","SharedOnly","skip-other-users","7174767","Ducts","Rectangular Duct","","GROUND","VOID RISER_PLACE HOLDER","850x1000","850","1000","","NWB_DimWidth","850","1500","1500","SKIP","existing-kept","instance","Shared Parameter","7626175","NWB_DimWidth","String","False","1","1"
"20260814_142509","NWB Dim AutoFill","Multi-Category Schedule 2","schedule","view","skip","SharedOnly","skip-other-users","7174767","Ducts","Rectangular Duct","","GROUND","VOID RISER_PLACE HOLDER","850x1000","850","1000","","NWB_DimHeight","1000","1500","1500","SKIP","existing-kept","instance","Shared Parameter","7626170","NWB_DimHeight","String","False","1","1"
"20260814_142509","NWB Dim AutoFill","Multi-Category Schedule 2","schedule","view","skip","SharedOnly","skip-other-users","7174767","Ducts","Rectangular Duct","","GROUND","VOID RISER_PLACE HOLDER","850x1000","850","1000","","NWB_DimDiameter","","","","SKIP","no parsed value","","","","NWB_DimDiameter","","","",""
"20260814_142509","NWB Dim AutoFill","Multi-Category Schedule 2","schedule","view","skip","SharedOnly","skip-other-users","7174817","Ducts","Rectangular Duct","","GROUND","VOID RISER_PLACE HOLDER","850x1000","850","1000","","NWB_DimWidth","850","1500","1500","SKIP","existing-kept","instance","Shared Parameter","7626175","NWB_DimWidth","String","False","1","1"
"20260814_142509","NWB Dim AutoFill","Multi-Category Schedule 2","schedule","view","skip","SharedOnly","skip-other-users","7174817","Ducts","Rectangular Duct","","GROUND","VOID RISER_PLACE HOLDER","850x1000","850","1000","","NWB_DimHeight","1000","1500","1500","SKIP","existing-kept","instance","Shared Parameter","7626170","NWB_DimHeight","String","False","1","1"
"20260814_142509","NWB Dim AutoFill","Multi-Category Schedule 2","schedule","view","skip","SharedOnly","skip-other-users","7174817","Ducts","Rectangular Duct","","GROUND","VOID RISER_PLACE HOLDER","850x1000","850","1000","","NWB_DimDiameter","","","","SKIP","no parsed value","","","","NWB_DimDiameter","","","",""
"20260814_142509","NWB Dim AutoFill","Multi-Category Schedule 2","schedule","view","skip","SharedOnly","skip-other-users","7174835","Duct Fittings","MHT-ME-DF-Rectangular Short Radius Bend - Flanged","","GROUND","MHT-ME-DF-Rectangular Short Radius Bend - Flanged","850x1000-850x1000","850","1000","","NWB_DimWidth","850","700","700","SKIP","existing-kept","instance","Shared Parameter","7626175","NWB_DimWidth","String","False","2","1"
"20260814_142509","NWB Dim AutoFill","Multi-Category Schedule 2","schedule","view","skip","SharedOnly","skip-other-users","7174835","Duct Fittings","MHT-ME-DF-Rectangular Short Radius Bend - Flanged","","GROUND","MHT-ME-DF-Rectangular Short Radius Bend - Flanged","850x1000-850x1000","850","1000","","NWB_DimHeight","1000","1000","1000","SKIP","existing-kept","instance","Shared Parameter","7626170","NWB_DimHeight","String","False","2","1"
"20260814_142509","NWB Dim AutoFill","Multi-Category Schedule 2","schedule","view","skip","SharedOnly","skip-other-users","7174835","Duct Fittings","MHT-ME-DF-Rectangular Short Radius Bend - Flanged","","GROUND","MHT-ME-DF-Rectangular Short Radius Bend - Flanged","850x1000-850x1000","850","1000","","NWB_DimDiameter","","","","SKIP","no parsed value","","","","NWB_DimDiameter","","","",""
"20260814_142509","NWB Dim AutoFill","Multi-Category Schedule 2","schedule","view","skip","SharedOnly","skip-other-users","7174836","Duct Fittings","MHT-ME-DF-Rectangular Short Radius Bend - Flanged","","GROUND","MHT-ME-DF-Rectangular Short Radius Bend - Flanged","850x1000-850x1000","850","1000","","NWB_DimWidth","850","700","700","SKIP","existing-kept","instance","Shared Parameter","7626175","NWB_DimWidth","String","False","2","1"
"20260814_142509","NWB Dim AutoFill","Multi-Category Schedule 2","schedule","view","skip","SharedOnly","skip-other-users","7174836","Duct Fittings","MHT-ME-DF-Rectangular Short Radius Bend - Flanged","","GROUND","MHT-ME-DF-Rectangular Short Radius Bend - Flanged","850x1000-850x1000","850","1000","","NWB_DimHeight","1000","1000","1000","SKIP","existing-kept","instance","Shared Parameter","7626170","NWB_DimHeight","String","False","2","1"
"20260814_142509","NWB Dim AutoFill","Multi-Category Schedule 2","schedule","view","skip","SharedOnly","skip-other-users","7174836","Duct Fittings","MHT-ME-DF-Rectangular Short Radius Bend - Flanged","","GROUND","MHT-ME-DF-Rectangular Short Radius Bend - Flanged","850x1000-850x1000","850","1000","","NWB_DimDiameter","","","","SKIP","no parsed value","","","","NWB_DimDiameter","","","",""
"20260814_142509","NWB Dim AutoFill","Multi-Category Schedule 2","schedule","view","skip","SharedOnly","skip-other-users","7174877","Duct Fittings","MHT-ME-DF-Rectangular Short Radius Bend - Flanged","","GROUND","MHT-ME-DF-Rectangular Short Radius Bend - Flanged","600x1000-600x1000","600","1000","","NWB_DimWidth","600","700","700","SKIP","existing-kept","instance","Shared Parameter","7626175","NWB_DimWidth","String","False","2","1"
"20260814_142509","NWB Dim AutoFill","Multi-Category Schedule 2","schedule","view","skip","SharedOnly","skip-other-users","7174877","Duct Fittings","MHT-ME-DF-Rectangular Short Radius Bend - Flanged","","GROUND","MHT-ME-DF-Rectangular Short Radius Bend - Flanged","600x1000-600x1000","600","1000","","NWB_DimHeight","1000","1000","1000","SKIP","existing-kept","instance","Shared Parameter","7626170","NWB_DimHeight","String","False","2","1"
"20260814_142509","NWB Dim AutoFill","Multi-Category Schedule 2","schedule","view","skip","SharedOnly","skip-other-users","7174877","Duct Fittings","MHT-ME-DF-Rectangular Short Radius Bend - Flanged","","GROUND","MHT-ME-DF-Rectangular Short Radius Bend - Flanged","600x1000-600x1000","600","1000","","NWB_DimDiameter","","","","SKIP","no parsed value","","","","NWB_DimDiameter","","","",""
"20260814_142509","NWB Dim AutoFill","Multi-Category Schedule 2","schedule","view","skip","SharedOnly","skip-other-users","7175149","Ducts","Round Duct","","GROUND","Taps / Short Radius","1200ø","","","1200","NWB_DimWidth","","","","SKIP","no parsed value","","","","NWB_DimWidth","","","",""
"20260814_142509","NWB Dim AutoFill","Multi-Category Schedule 2","schedule","view","skip","SharedOnly","skip-other-users","7175149","Ducts","Round Duct","","GROUND","Taps / Short Radius","1200ø","","","1200","NWB_DimHeight","","","","SKIP","no parsed value","","","","NWB_DimHeight","","","",""
"20260814_142509","NWB Dim AutoFill","Multi-Category Schedule 2","schedule","view","skip","SharedOnly","skip-other-users","7175351","Ducts","Rectangular Duct","","GROUND","VOID RISER_PLACE HOLDER","1000x600","1000","600","","NWB_DimWidth","1000","1500","1500","SKIP","existing-kept","instance","Shared Parameter","7626175","NWB_DimWidth","String","False","1","1"
"20260814_142509","NWB Dim AutoFill","Multi-Category Schedule 2","schedule","view","skip","SharedOnly","skip-other-users","7175351","Ducts","Rectangular Duct","","GROUND","VOID RISER_PLACE HOLDER","1000x600","1000","600","","NWB_DimHeight","600","1500","1500","SKIP","existing-kept","instance","Shared Parameter","7626170","NWB_DimHeight","String","False","1","1"
"20260814_142509","NWB Dim AutoFill","Multi-Category Schedule 2","schedule","view","skip","SharedOnly","skip-other-users","7175351","Ducts","Rectangular Duct","","GROUND","VOID RISER_PLACE HOLDER","1000x600","1000","600","","NWB_DimDiameter","","","","SKIP","no parsed value","","","","NWB_DimDiameter","","","",""
"20260814_142509","NWB Dim AutoFill","Multi-Category Schedule 2","schedule","view","skip","SharedOnly","skip-other-users","7182953","Walls","Basic Wall","","LEVEL 06","Wall 90","","","","","","","","","SKIP","size empty","","","","","","","",""
"20260814_142509","NWB Dim AutoFill","Multi-Category Schedule 2","schedule","view","skip","SharedOnly","skip-other-users","7183022","Doors","Doors_SCO_ExtDbl_Flush","","LEVEL 06","1810x2110mm","","","","","","","","","SKIP","size empty","","","","","","","",""
"20260814_142509","NWB Dim AutoFill","Multi-Category Schedule 2","schedule","view","skip","SharedOnly","skip-other-users","7183108","Walls","Basic Wall","","LEVEL 06","Wall 90","","","","","","","","","SKIP","size empty","","","","","","","",""
"20260814_142509","NWB Dim AutoFill","Multi-Category Schedule 2","schedule","view","skip","SharedOnly","skip-other-users","7183109","Doors","Doors_SCO_ExtDbl_Flush","","LEVEL 06","1810x2110mm","","","","","","","","","SKIP","size empty","","","","","","","",""
"20260814_142509","NWB Dim AutoFill","Multi-Category Schedule 2","schedule","view","skip","SharedOnly","skip-other-users","7220269","Ducts","Rectangular Duct","","GROUND","VOID RISER_PLACE HOLDER","850x600","850","600","","NWB_DimWidth","850","1500","1500","SKIP","existing-kept","instance","Shared Parameter","7626175","NWB_DimWidth","String","False","1","1"
"20260814_142509","NWB Dim AutoFill","Multi-Category Schedule 2","schedule","view","skip","SharedOnly","skip-other-users","7220269","Ducts","Rectangular Duct","","GROUND","VOID RISER_PLACE HOLDER","850x600","850","600","","NWB_DimHeight","600","1500","1500","SKIP","existing-kept","instance","Shared Parameter","7626170","NWB_DimHeight","String","False","1","1"
"20260814_142509","NWB Dim AutoFill","Multi-Category Schedule 2","schedule","view","skip","SharedOnly","skip-other-users","7220269","Ducts","Rectangular Duct","","GROUND","VOID RISER_PLACE HOLDER","850x600","850","600","","NWB_DimDiameter","","","","SKIP","no parsed value","","","","NWB_DimDiameter","","","",""
"20260814_142509","NWB Dim AutoFill","Multi-Category Schedule 2","schedule","view","skip","SharedOnly","skip-other-users","7220270","Duct Linings","Duct Lining","","","Internal Insulation","","","","","","","","","SKIP","size empty","","","","","","","",""
"20260814_142509","NWB Dim AutoFill","Multi-Category Schedule 2","schedule","view","skip","SharedOnly","skip-other-users","7221246","Ducts","Rectangular Duct","","GROUND","VOID RISER_PLACE HOLDER","900x900","900","900","","NWB_DimWidth","900","1500","1500","SKIP","existing-kept","instance","Shared Parameter","7626175","NWB_DimWidth","String","False","1","1"
"20260814_142509","NWB Dim AutoFill","Multi-Category Schedule 2","schedule","view","skip","SharedOnly","skip-other-users","7221246","Ducts","Rectangular Duct","","GROUND","VOID RISER_PLACE HOLDER","900x900","900","900","","NWB_DimHeight","900","1500","1500","SKIP","existing-kept","instance","Shared Parameter","7626170","NWB_DimHeight","String","False","1","1"
"20260814_142509","NWB Dim AutoFill","Multi-Category Schedule 2","schedule","view","skip","SharedOnly","skip-other-users","7221246","Ducts","Rectangular Duct","","GROUND","VOID RISER_PLACE HOLDER","900x900","900","900","","NWB_DimDiameter","","","","SKIP","no parsed value","","","","NWB_DimDiameter","","","",""
"20260814_142509","NWB Dim AutoFill","Multi-Category Schedule 2","schedule","view","skip","SharedOnly","skip-other-users","7221313","Ducts","Rectangular Duct","","GROUND","VOID RISER_PLACE HOLDER","550x750","550","750","","NWB_DimWidth","550","1500","1500","SKIP","existing-kept","instance","Shared Parameter","7626175","NWB_DimWidth","String","False","1","1"
"20260814_142509","NWB Dim AutoFill","Multi-Category Schedule 2","schedule","view","skip","SharedOnly","skip-other-users","7221313","Ducts","Rectangular Duct","","GROUND","VOID RISER_PLACE HOLDER","550x750","550","750","","NWB_DimHeight","750","1500","1500","SKIP","existing-kept","instance","Shared Parameter","7626170","NWB_DimHeight","String","False","1","1"
"20260814_142509","NWB Dim AutoFill","Multi-Category Schedule 2","schedule","view","skip","SharedOnly","skip-other-users","7221313","Ducts","Rectangular Duct","","GROUND","VOID RISER_PLACE HOLDER","550x750","550","750","","NWB_DimDiameter","","","","SKIP","no parsed value","","","","NWB_DimDiameter","","","",""
"20260814_142509","NWB Dim AutoFill","Multi-Category Schedule 2","schedule","view","skip","SharedOnly","skip-other-users","7221314","Duct Linings","Duct Lining","","","Internal Insulation","","","","","","","","","SKIP","size empty","","","","","","","",""
"20260814_142509","NWB Dim AutoFill","Multi-Category Schedule 2","schedule","view","skip","SharedOnly","skip-other-users","7226793","Duct Insulations","Duct Insulation","","","R1.2","","","","","","","","","SKIP","size empty","","","","","","","",""
"20260814_142509","NWB Dim AutoFill","Multi-Category Schedule 2","schedule","view","skip","SharedOnly","skip-other-users","7226844","Duct Insulations","Duct Insulation","","","R1.2","","","","","","","","","SKIP","size empty","","","","","","","",""
"20260814_142509","NWB Dim AutoFill","Multi-Category Schedule 2","schedule","view","skip","SharedOnly","skip-other-users","7227041","Duct Insulations","Duct Insulation","","","R1.2","","","","","","","","","SKIP","size empty","","","","","","","",""
"20260814_142509","NWB Dim AutoFill","Multi-Category Schedule 2","schedule","view","skip","SharedOnly","skip-other-users","7227042","Duct Insulations","Duct Insulation","","","R1.2","","","","","","","","","SKIP","size empty","","","","","","","",""
"20260814_142509","NWB Dim AutoFill","Multi-Category Schedule 2","schedule","view","skip","SharedOnly","skip-other-users","7227043","Duct Insulations","Duct Insulation","","","R1.2","","","","","","","","","SKIP","size empty","","","","","","","",""
"20260814_142509","NWB Dim AutoFill","Multi-Category Schedule 2","schedule","view","skip","SharedOnly","skip-other-users","7227044","Duct Insulations","Duct Insulation","","","R1.2","","","","","","","","","SKIP","size empty","","","","","","","",""
"20260814_142509","NWB Dim AutoFill","Multi-Category Schedule 2","schedule","view","skip","SharedOnly","skip-other-users","7227045","Duct Insulations","Duct Insulation","","","R1.2","","","","","","","","","SKIP","size empty","","","","","","","",""
"20260814_142509","NWB Dim AutoFill","Multi-Category Schedule 2","schedule","view","skip","SharedOnly","skip-other-users","7227046","Duct Insulations","Duct Insulation","","","R1.2","","","","","","","","","SKIP","size empty","","","","","","","",""
"20260814_142509","NWB Dim AutoFill","Multi-Category Schedule 2","schedule","view","skip","SharedOnly","skip-other-users","7227047","Duct Insulations","Duct Insulation","","","R1.2","","","","","","","","","SKIP","size empty","","","","","","","",""
"20260814_142509","NWB Dim AutoFill","Multi-Category Schedule 2","schedule","view","skip","SharedOnly","skip-other-users","7227048","Duct Insulations","Duct Insulation","","","R1.2","","","","","","","","","SKIP","size empty","","","","","","","",""
"20260814_142509","NWB Dim AutoFill","Multi-Category Schedule 2","schedule","view","skip","SharedOnly","skip-other-users","7227049","Duct Insulations","Duct Insulation","","","R1.2","","","","","","","","","SKIP","size empty","","","","","","","",""
"20260814_142509","NWB Dim AutoFill","Multi-Category Schedule 2","schedule","view","skip","SharedOnly","skip-other-users","7227050","Duct Insulations","Duct Insulation","","","R1.2","","","","","","","","","SKIP","size empty","","","","","","","",""
"20260814_142509","NWB Dim AutoFill","Multi-Category Schedule 2","schedule","view","skip","SharedOnly","skip-other-users","7227051","Duct Insulations","Duct Insulation","","","R1.2","","","","","","","","","SKIP","size empty","","","","","","","",""
"20260814_142509","NWB Dim AutoFill","Multi-Category Schedule 2","schedule","view","skip","SharedOnly","skip-other-users","7227052","Duct Insulations","Duct Insulation","","","R1.2","","","","","","","","","SKIP","size empty","","","","","","","",""
"20260814_142509","NWB Dim AutoFill","Multi-Category Schedule 2","schedule","view","skip","SharedOnly","skip-other-users","7227053","Duct Insulations","Duct Insulation","","","R1.2","","","","","","","","","SKIP","size empty","","","","","","","",""
"20260814_142509","NWB Dim AutoFill","Multi-Category Schedule 2","schedule","view","skip","SharedOnly","skip-other-users","7227054","Duct Insulations","Duct Insulation","","","R1.2","","","","","","","","","SKIP","size empty","","","","","","","",""
"20260814_142509","NWB Dim AutoFill","Multi-Category Schedule 2","schedule","view","skip","SharedOnly","skip-other-users","7227055","Duct Insulations","Duct Insulation","","","R1.2","","","","","","","","","SKIP","size empty","","","","","","","",""
"20260814_142509","NWB Dim AutoFill","Multi-Category Schedule 2","schedule","view","skip","SharedOnly","skip-other-users","7227056","Duct Insulations","Duct Insulation","","","R1.2","","","","","","","","","SKIP","size empty","","","","","","","",""
"20260814_142509","NWB Dim AutoFill","Multi-Category Schedule 2","schedule","view","skip","SharedOnly","skip-other-users","7227057","Duct Insulations","Duct Insulation","","","R1.2","","","","","","","","","SKIP","size empty","","","","","","","",""
"20260814_142509","NWB Dim AutoFill","Multi-Category Schedule 2","schedule","view","skip","SharedOnly","skip-other-users","7227058","Duct Insulations","Duct Insulation","","","R1.2","","","","","","","","","SKIP","size empty","","","","","","","",""
"20260814_142509","NWB Dim AutoFill","Multi-Category Schedule 2","schedule","view","skip","SharedOnly","skip-other-users","7227059","Duct Insulations","Duct Insulation","","","R1.2","","","","","","","","","SKIP","size empty","","","","","","","",""
"20260814_142509","NWB Dim AutoFill","Multi-Category Schedule 2","schedule","view","skip","SharedOnly","skip-other-users","7227060","Duct Insulations","Duct Insulation","","","R1.2","","","","","","","","","SKIP","size empty","","","","","","","",""
"20260814_142509","NWB Dim AutoFill","Multi-Category Schedule 2","schedule","view","skip","SharedOnly","skip-other-users","7227061","Duct Insulations","Duct Insulation","","","R1.2","","","","","","","","","SKIP","size empty","","","","","","","",""
"20260814_142509","NWB Dim AutoFill","Multi-Category Schedule 2","schedule","view","skip","SharedOnly","skip-other-users","7227062","Duct Insulations","Duct Insulation","","","R1.2","","","","","","","","","SKIP","size empty","","","","","","","",""
"20260814_142509","NWB Dim AutoFill","Multi-Category Schedule 2","schedule","view","skip","SharedOnly","skip-other-users","7227063","Duct Insulations","Duct Insulation","","","R1.2","","","","","","","","","SKIP","size empty","","","","","","","",""
"20260814_142509","NWB Dim AutoFill","Multi-Category Schedule 2","schedule","view","skip","SharedOnly","skip-other-users","7227064","Duct Insulations","Duct Insulation","","","R1.2","","","","","","","","","SKIP","size empty","","","","","","","",""
"20260814_142509","NWB Dim AutoFill","Multi-Category Schedule 2","schedule","view","skip","SharedOnly","skip-other-users","7227065","Duct Insulations","Duct Insulation","","","R1.2","","","","","","","","","SKIP","size empty","","","","","","","",""
"20260814_142509","NWB Dim AutoFill","Multi-Category Schedule 2","schedule","view","skip","SharedOnly","skip-other-users","7249616","Ducts","Rectangular Duct","","LEVEL 09","Flanged Long Radius Elbows / Shoe Branch","500x500","500","500","","NWB_DimWidth","500","2350","2350","SKIP","existing-kept","instance","Shared Parameter","7626175","NWB_DimWidth","String","False","1","1"
"20260814_142509","NWB Dim AutoFill","Multi-Category Schedule 2","schedule","view","skip","SharedOnly","skip-other-users","7249616","Ducts","Rectangular Duct","","LEVEL 09","Flanged Long Radius Elbows / Shoe Branch","500x500","500","500","","NWB_DimHeight","500","1175","1175","SKIP","existing-kept","instance","Shared Parameter","7626170","NWB_DimHeight","String","False","1","1"
"20260814_142509","NWB Dim AutoFill","Multi-Category Schedule 2","schedule","view","skip","SharedOnly","skip-other-users","7249616","Ducts","Rectangular Duct","","LEVEL 09","Flanged Long Radius Elbows / Shoe Branch","500x500","500","500","","NWB_DimDiameter","","","","SKIP","no parsed value","","","","NWB_DimDiameter","","","",""
"20260814_142509","NWB Dim AutoFill","Multi-Category Schedule 2","schedule","view","skip","SharedOnly","skip-other-users","7249617","Duct Systems","Duct System","","","SA 4","","","","","","","","","SKIP","size empty","","","","","","","",""
"20260814_142509","NWB Dim AutoFill","Multi-Category Schedule 2","schedule","view","skip","SharedOnly","skip-other-users","7249619","Ducts","Rectangular Duct","","LEVEL 09","Flanged Long Radius Elbows / Shoe Branch","500x500","500","500","","NWB_DimWidth","500","2350","2350","SKIP","existing-kept","instance","Shared Parameter","7626175","NWB_DimWidth","String","False","1","1"
"20260814_142509","NWB Dim AutoFill","Multi-Category Schedule 2","schedule","view","skip","SharedOnly","skip-other-users","7249619","Ducts","Rectangular Duct","","LEVEL 09","Flanged Long Radius Elbows / Shoe Branch","500x500","500","500","","NWB_DimHeight","500","1175","1175","SKIP","existing-kept","instance","Shared Parameter","7626170","NWB_DimHeight","String","False","1","1"
"20260814_142509","NWB Dim AutoFill","Multi-Category Schedule 2","schedule","view","skip","SharedOnly","skip-other-users","7249619","Ducts","Rectangular Duct","","LEVEL 09","Flanged Long Radius Elbows / Shoe Branch","500x500","500","500","","NWB_DimDiameter","","","","SKIP","no parsed value","","","","NWB_DimDiameter","","","",""
"20260814_142509","NWB Dim AutoFill","Multi-Category Schedule 2","schedule","view","skip","SharedOnly","skip-other-users","7249625","Ducts","Rectangular Duct","","LEVEL 09","Flanged Long Radius Elbows / Shoe Branch","500x350","500","350","","NWB_DimWidth","500","2350","2350","SKIP","existing-kept","instance","Shared Parameter","7626175","NWB_DimWidth","String","False","1","1"
"20260814_142509","NWB Dim AutoFill","Multi-Category Schedule 2","schedule","view","skip","SharedOnly","skip-other-users","7249625","Ducts","Rectangular Duct","","LEVEL 09","Flanged Long Radius Elbows / Shoe Branch","500x350","500","350","","NWB_DimHeight","350","1175","1175","SKIP","existing-kept","instance","Shared Parameter","7626170","NWB_DimHeight","String","False","1","1"
"20260814_142509","NWB Dim AutoFill","Multi-Category Schedule 2","schedule","view","skip","SharedOnly","skip-other-users","7249625","Ducts","Rectangular Duct","","LEVEL 09","Flanged Long Radius Elbows / Shoe Branch","500x350","500","350","","NWB_DimDiameter","","","","SKIP","no parsed value","","","","NWB_DimDiameter","","","",""
"20260814_142509","NWB Dim AutoFill","Multi-Category Schedule 2","schedule","view","skip","SharedOnly","skip-other-users","7249637","Ducts","Rectangular Duct","","LEVEL 09","Flanged Long Radius Elbows / Shoe Branch","500x200","500","200","","NWB_DimWidth","500","2350","2350","SKIP","existing-kept","instance","Shared Parameter","7626175","NWB_DimWidth","String","False","1","1"
"20260814_142509","NWB Dim AutoFill","Multi-Category Schedule 2","schedule","view","skip","SharedOnly","skip-other-users","7249637","Ducts","Rectangular Duct","","LEVEL 09","Flanged Long Radius Elbows / Shoe Branch","500x200","500","200","","NWB_DimHeight","200","1175","1175","SKIP","existing-kept","instance","Shared Parameter","7626170","NWB_DimHeight","String","False","1","1"
"20260814_142509","NWB Dim AutoFill","Multi-Category Schedule 2","schedule","view","skip","SharedOnly","skip-other-users","7249637","Ducts","Rectangular Duct","","LEVEL 09","Flanged Long Radius Elbows / Shoe Branch","500x200","500","200","","NWB_DimDiameter","","","","SKIP","no parsed value","","","","NWB_DimDiameter","","","",""
"20260814_142509","NWB Dim AutoFill","Multi-Category Schedule 2","schedule","view","skip","SharedOnly","skip-other-users","7249672","Duct Systems","Duct System","","","RA 80","","","","","","","","","SKIP","size empty","","","","","","","",""
"20260814_142509","NWB Dim AutoFill","Multi-Category Schedule 2","schedule","view","skip","SharedOnly","skip-other-users","7249677","Ducts","Rectangular Duct","","LEVEL 09","Flanged Long Radius Elbows / Shoe Branch","300x300","300","300","","NWB_DimWidth","300","2350","2350","SKIP","existing-kept","instance","Shared Parameter","7626175","NWB_DimWidth","String","False","1","1"
"20260814_142509","NWB Dim AutoFill","Multi-Category Schedule 2","schedule","view","skip","SharedOnly","skip-other-users","7249677","Ducts","Rectangular Duct","","LEVEL 09","Flanged Long Radius Elbows / Shoe Branch","300x300","300","300","","NWB_DimHeight","300","1175","1175","SKIP","existing-kept","instance","Shared Parameter","7626170","NWB_DimHeight","String","False","1","1"
"20260814_142509","NWB Dim AutoFill","Multi-Category Schedule 2","schedule","view","skip","SharedOnly","skip-other-users","7249677","Ducts","Rectangular Duct","","LEVEL 09","Flanged Long Radius Elbows / Shoe Branch","300x300","300","300","","NWB_DimDiameter","","","","SKIP","no parsed value","","","","NWB_DimDiameter","","","",""
"20260814_142509","NWB Dim AutoFill","Multi-Category Schedule 2","schedule","view","skip","SharedOnly","skip-other-users","7249688","Ducts","Rectangular Duct","","LEVEL 09","Flanged Long Radius Elbows / Shoe Branch","600x550","600","550","","NWB_DimWidth","600","2350","2350","SKIP","existing-kept","instance","Shared Parameter","7626175","NWB_DimWidth","String","False","1","1"
"20260814_142509","NWB Dim AutoFill","Multi-Category Schedule 2","schedule","view","skip","SharedOnly","skip-other-users","7249688","Ducts","Rectangular Duct","","LEVEL 09","Flanged Long Radius Elbows / Shoe Branch","600x550","600","550","","NWB_DimHeight","550","1175","1175","SKIP","existing-kept","instance","Shared Parameter","7626170","NWB_DimHeight","String","False","1","1"
"20260814_142509","NWB Dim AutoFill","Multi-Category Schedule 2","schedule","view","skip","SharedOnly","skip-other-users","7249688","Ducts","Rectangular Duct","","LEVEL 09","Flanged Long Radius Elbows / Shoe Branch","600x550","600","550","","NWB_DimDiameter","","","","SKIP","no parsed value","","","","NWB_DimDiameter","","","",""
"20260814_142509","NWB Dim AutoFill","Multi-Category Schedule 2","schedule","view","skip","SharedOnly","skip-other-users","7249689","Ducts","Rectangular Duct","","LEVEL 09","Flanged Long Radius Elbows / Shoe Branch","600x550","600","550","","NWB_DimWidth","600","2350","2350","SKIP","existing-kept","instance","Shared Parameter","7626175","NWB_DimWidth","String","False","1","1"
"20260814_142509","NWB Dim AutoFill","Multi-Category Schedule 2","schedule","view","skip","SharedOnly","skip-other-users","7249689","Ducts","Rectangular Duct","","LEVEL 09","Flanged Long Radius Elbows / Shoe Branch","600x550","600","550","","NWB_DimHeight","550","1175","1175","SKIP","existing-kept","instance","Shared Parameter","7626170","NWB_DimHeight","String","False","1","1"
"20260814_142509","NWB Dim AutoFill","Multi-Category Schedule 2","schedule","view","skip","SharedOnly","skip-other-users","7249689","Ducts","Rectangular Duct","","LEVEL 09","Flanged Long Radius Elbows / Shoe Branch","600x550","600","550","","NWB_DimDiameter","","","","SKIP","no parsed value","","","","NWB_DimDiameter","","","",""
"20260814_142509","NWB Dim AutoFill","Multi-Category Schedule 2","schedule","view","skip","SharedOnly","skip-other-users","7249691","Duct Systems","Duct System","","","RA 244","","","","","","","","","SKIP","size empty","","","","","","","",""
"20260814_142509","NWB Dim AutoFill","Multi-Category Schedule 2","schedule","view","skip","SharedOnly","skip-other-users","7249695","Ducts","Rectangular Duct","","LEVEL 09","Flanged Long Radius Elbows / Shoe Branch","650x550","650","550","","NWB_DimWidth","650","2350","2350","SKIP","existing-kept","instance","Shared Parameter","7626175","NWB_DimWidth","String","False","1","1"
"20260814_142509","NWB Dim AutoFill","Multi-Category Schedule 2","schedule","view","skip","SharedOnly","skip-other-users","7249695","Ducts","Rectangular Duct","","LEVEL 09","Flanged Long Radius Elbows / Shoe Branch","650x550","650","550","","NWB_DimHeight","550","1175","1175","SKIP","existing-kept","instance","Shared Parameter","7626170","NWB_DimHeight","String","False","1","1"
"20260814_142509","NWB Dim AutoFill","Multi-Category Schedule 2","schedule","view","skip","SharedOnly","skip-other-users","7249695","Ducts","Rectangular Duct","","LEVEL 09","Flanged Long Radius Elbows / Shoe Branch","650x550","650","550","","NWB_DimDiameter","","","","SKIP","no parsed value","","","","NWB_DimDiameter","","","",""
"20260814_142509","NWB Dim AutoFill","Multi-Category Schedule 2","schedule","view","skip","SharedOnly","skip-other-users","7249701","Ducts","Rectangular Duct","","LEVEL 09","Flanged Long Radius Elbows / Shoe Branch","650x550","650","550","","NWB_DimWidth","650","2350","2350","SKIP","existing-kept","instance","Shared Parameter","7626175","NWB_DimWidth","String","False","1","1"
"20260814_142509","NWB Dim AutoFill","Multi-Category Schedule 2","schedule","view","skip","SharedOnly","skip-other-users","7249701","Ducts","Rectangular Duct","","LEVEL 09","Flanged Long Radius Elbows / Shoe Branch","650x550","650","550","","NWB_DimHeight","550","1175","1175","SKIP","existing-kept","instance","Shared Parameter","7626170","NWB_DimHeight","String","False","1","1"
"20260814_142509","NWB Dim AutoFill","Multi-Category Schedule 2","schedule","view","skip","SharedOnly","skip-other-users","7249701","Ducts","Rectangular Duct","","LEVEL 09","Flanged Long Radius Elbows / Shoe Branch","650x550","650","550","","NWB_DimDiameter","","","","SKIP","no parsed value","","","","NWB_DimDiameter","","","",""
"20260814_142509","NWB Dim AutoFill","Multi-Category Schedule 2","schedule","view","skip","SharedOnly","skip-other-users","7249740","Ducts","Rectangular Duct","","LEVEL 09","Flanged Long Radius Elbows / Shoe Branch","200x250","200","250","","NWB_DimWidth","200","2350","2350","SKIP","existing-kept","instance","Shared Parameter","7626175","NWB_DimWidth","String","False","1","1"
"20260814_142509","NWB Dim AutoFill","Multi-Category Schedule 2","schedule","view","skip","SharedOnly","skip-other-users","7249740","Ducts","Rectangular Duct","","LEVEL 09","Flanged Long Radius Elbows / Shoe Branch","200x250","200","250","","NWB_DimHeight","250","1175","1175","SKIP","existing-kept","instance","Shared Parameter","7626170","NWB_DimHeight","String","False","1","1"
"20260814_142509","NWB Dim AutoFill","Multi-Category Schedule 2","schedule","view","skip","SharedOnly","skip-other-users","7249740","Ducts","Rectangular Duct","","LEVEL 09","Flanged Long Radius Elbows / Shoe Branch","200x250","200","250","","NWB_DimDiameter","","","","SKIP","no parsed value","","","","NWB_DimDiameter","","","",""
"20260814_142509","NWB Dim AutoFill","Multi-Category Schedule 2","schedule","view","skip","SharedOnly","skip-other-users","7249741","Ducts","Rectangular Duct","","LEVEL 09","Flanged Long Radius Elbows / Shoe Branch","200x250","200","250","","NWB_DimWidth","200","2350","2350","SKIP","existing-kept","instance","Shared Parameter","7626175","NWB_DimWidth","String","False","1","1"
"20260814_142509","NWB Dim AutoFill","Multi-Category Schedule 2","schedule","view","skip","SharedOnly","skip-other-users","7249741","Ducts","Rectangular Duct","","LEVEL 09","Flanged Long Radius Elbows / Shoe Branch","200x250","200","250","","NWB_DimHeight","250","1175","1175","SKIP","existing-kept","instance","Shared Parameter","7626170","NWB_DimHeight","String","False","1","1"
"20260814_142509","NWB Dim AutoFill","Multi-Category Schedule 2","schedule","view","skip","SharedOnly","skip-other-users","7249741","Ducts","Rectangular Duct","","LEVEL 09","Flanged Long Radius Elbows / Shoe Branch","200x250","200","250","","NWB_DimDiameter","","","","SKIP","no parsed value","","","","NWB_DimDiameter","","","",""
"20260814_142509","NWB Dim AutoFill","Multi-Category Schedule 2","schedule","view","skip","SharedOnly","skip-other-users","7249915","Ducts","Rectangular Duct","","LEVEL 09","Flanged Long Radius Elbows / Shoe Branch","375x350","375","350","","NWB_DimWidth","375","2350","2350","SKIP","existing-kept","instance","Shared Parameter","7626175","NWB_DimWidth","String","False","1","1"
"20260814_142509","NWB Dim AutoFill","Multi-Category Schedule 2","schedule","view","skip","SharedOnly","skip-other-users","7249915","Ducts","Rectangular Duct","","LEVEL 09","Flanged Long Radius Elbows / Shoe Branch","375x350","375","350","","NWB_DimHeight","350","1175","1175","SKIP","existing-kept","instance","Shared Parameter","7626170","NWB_DimHeight","String","False","1","1"
"20260814_142509","NWB Dim AutoFill","Multi-Category Schedule 2","schedule","view","skip","SharedOnly","skip-other-users","7249915","Ducts","Rectangular Duct","","LEVEL 09","Flanged Long Radius Elbows / Shoe Branch","375x350","375","350","","NWB_DimDiameter","","","","SKIP","no parsed value","","","","NWB_DimDiameter","","","",""
"20260814_142509","NWB Dim AutoFill","Multi-Category Schedule 2","schedule","view","skip","SharedOnly","skip-other-users","7250077","Ducts","Rectangular Duct","","LEVEL 09","Flanged Long Radius Elbows / Shoe Branch","675x675","675","675","","NWB_DimWidth","675","2350","2350","SKIP","existing-kept","instance","Shared Parameter","7626175","NWB_DimWidth","String","False","1","1"
"20260814_142509","NWB Dim AutoFill","Multi-Category Schedule 2","schedule","view","skip","SharedOnly","skip-other-users","7250077","Ducts","Rectangular Duct","","LEVEL 09","Flanged Long Radius Elbows / Shoe Branch","675x675","675","675","","NWB_DimHeight","675","1175","1175","SKIP","existing-kept","instance","Shared Parameter","7626170","NWB_DimHeight","String","False","1","1"
"20260814_142509","NWB Dim AutoFill","Multi-Category Schedule 2","schedule","view","skip","SharedOnly","skip-other-users","7250077","Ducts","Rectangular Duct","","LEVEL 09","Flanged Long Radius Elbows / Shoe Branch","675x675","675","675","","NWB_DimDiameter","","","","SKIP","no parsed value","","","","NWB_DimDiameter","","","",""
"20260814_142509","NWB Dim AutoFill","Multi-Category Schedule 2","schedule","view","skip","SharedOnly","skip-other-users","7250078","Ducts","Rectangular Duct","","LEVEL 09","Flanged Long Radius Elbows / Shoe Branch","500x500","500","500","","NWB_DimWidth","500","2350","2350","SKIP","existing-kept","instance","Shared Parameter","7626175","NWB_DimWidth","String","False","1","1"
"20260814_142509","NWB Dim AutoFill","Multi-Category Schedule 2","schedule","view","skip","SharedOnly","skip-other-users","7250078","Ducts","Rectangular Duct","","LEVEL 09","Flanged Long Radius Elbows / Shoe Branch","500x500","500","500","","NWB_DimHeight","500","1175","1175","SKIP","existing-kept","instance","Shared Parameter","7626170","NWB_DimHeight","String","False","1","1"
"20260814_142509","NWB Dim AutoFill","Multi-Category Schedule 2","schedule","view","skip","SharedOnly","skip-other-users","7250078","Ducts","Rectangular Duct","","LEVEL 09","Flanged Long Radius Elbows / Shoe Branch","500x500","500","500","","NWB_DimDiameter","","","","SKIP","no parsed value","","","","NWB_DimDiameter","","","",""
"20260814_142509","NWB Dim AutoFill","Multi-Category Schedule 2","schedule","view","skip","SharedOnly","skip-other-users","7252592","Pipes","Pipe Types","","LEVEL 01","Carbon Steel","450ø","","","450","NWB_DimWidth","","","","SKIP","no parsed value","","","","NWB_DimWidth","","","",""
"20260814_142509","NWB Dim AutoFill","Multi-Category Schedule 2","schedule","view","skip","SharedOnly","skip-other-users","7252592","Pipes","Pipe Types","","LEVEL 01","Carbon Steel","450ø","","","450","NWB_DimHeight","","","","SKIP","no parsed value","","","","NWB_DimHeight","","","",""
"20260814_142509","NWB Dim AutoFill","Multi-Category Schedule 2","schedule","view","skip","SharedOnly","skip-other-users","7252592","Pipes","Pipe Types","","LEVEL 01","Carbon Steel","450ø","","","450","NWB_DimDiameter","450","400","400","SKIP","existing-kept","instance","Shared Parameter","7626172","NWB_DimDiameter","String","False","1","1"
"20260814_142509","NWB Dim AutoFill","Multi-Category Schedule 2","schedule","view","skip","SharedOnly","skip-other-users","7252986","Ducts","Rectangular Duct","","LEVEL 09","Flanged Long Radius Elbows / Shoe Branch","850x750","850","750","","NWB_DimWidth","850","2350","2350","SKIP","existing-kept","instance","Shared Parameter","7626175","NWB_DimWidth","String","False","1","1"
"20260814_142509","NWB Dim AutoFill","Multi-Category Schedule 2","schedule","view","skip","SharedOnly","skip-other-users","7252986","Ducts","Rectangular Duct","","LEVEL 09","Flanged Long Radius Elbows / Shoe Branch","850x750","850","750","","NWB_DimHeight","750","1175","1175","SKIP","existing-kept","instance","Shared Parameter","7626170","NWB_DimHeight","String","False","1","1"
"20260814_142509","NWB Dim AutoFill","Multi-Category Schedule 2","schedule","view","skip","SharedOnly","skip-other-users","7252986","Ducts","Rectangular Duct","","LEVEL 09","Flanged Long Radius Elbows / Shoe Branch","850x750","850","750","","NWB_DimDiameter","","","","SKIP","no parsed value","","","","NWB_DimDiameter","","","",""
"20260814_142509","NWB Dim AutoFill","Multi-Category Schedule 2","schedule","view","skip","SharedOnly","skip-other-users","7252988","Duct Systems","Duct System","","","RA 254","","","","","","","","","SKIP","size empty","","","","","","","",""
"20260814_142509","NWB Dim AutoFill","Multi-Category Schedule 2","schedule","view","skip","SharedOnly","skip-other-users","7253554","Duct Systems","Duct System","","","GE 40","","","","","","","","","SKIP","size empty","","","","","","","",""
"20260814_142509","NWB Dim AutoFill","Multi-Category Schedule 2","schedule","view","skip","SharedOnly","skip-other-users","7253635","Duct Systems","Duct System","","","GE 41","","","","","","","","","SKIP","size empty","","","","","","","",""
"20260814_142509","NWB Dim AutoFill","Multi-Category Schedule 2","schedule","view","skip","SharedOnly","skip-other-users","7253825","Ducts","Rectangular Duct","","LEVEL 09","Flanged Long Radius Elbows / Shoe Branch","850x750","850","750","","NWB_DimWidth","850","2350","2350","SKIP","existing-kept","instance","Shared Parameter","7626175","NWB_DimWidth","String","False","1","1"
"20260814_142509","NWB Dim AutoFill","Multi-Category Schedule 2","schedule","view","skip","SharedOnly","skip-other-users","7253825","Ducts","Rectangular Duct","","LEVEL 09","Flanged Long Radius Elbows / Shoe Branch","850x750","850","750","","NWB_DimHeight","750","1175","1175","SKIP","existing-kept","instance","Shared Parameter","7626170","NWB_DimHeight","String","False","1","1"
"20260814_142509","NWB Dim AutoFill","Multi-Category Schedule 2","schedule","view","skip","SharedOnly","skip-other-users","7253825","Ducts","Rectangular Duct","","LEVEL 09","Flanged Long Radius Elbows / Shoe Branch","850x750","850","750","","NWB_DimDiameter","","","","SKIP","no parsed value","","","","NWB_DimDiameter","","","",""
"20260814_142509","NWB Dim AutoFill","Multi-Category Schedule 2","schedule","view","skip","SharedOnly","skip-other-users","7253826","Duct Systems","Duct System","","","SA 516","","","","","","","","","SKIP","size empty","","","","","","","",""
"20260814_142509","NWB Dim AutoFill","Multi-Category Schedule 2","schedule","view","skip","SharedOnly","skip-other-users","7254974","Ducts","Round Duct","","LEVEL 09","Default","350ø","","","350","NWB_DimWidth","","","","SKIP","no parsed value","","","","NWB_DimWidth","","","",""
"20260814_142509","NWB Dim AutoFill","Multi-Category Schedule 2","schedule","view","skip","SharedOnly","skip-other-users","7254974","Ducts","Round Duct","","LEVEL 09","Default","350ø","","","350","NWB_DimHeight","","","","SKIP","no parsed value","","","","NWB_DimHeight","","","",""
"20260814_142509","NWB Dim AutoFill","Multi-Category Schedule 2","schedule","view","skip","SharedOnly","skip-other-users","7254974","Ducts","Round Duct","","LEVEL 09","Default","350ø","","","350","NWB_DimDiameter","350","350","350","SKIP","existing-kept","instance","Shared Parameter","7626172","NWB_DimDiameter","String","False","1","1"
"20260814_142509","NWB Dim AutoFill","Multi-Category Schedule 2","schedule","view","skip","SharedOnly","skip-other-users","7254985","Ducts","Round Duct","","LEVEL 09","Default","350ø","","","350","NWB_DimWidth","","","","SKIP","no parsed value","","","","NWB_DimWidth","","","",""
"20260814_142509","NWB Dim AutoFill","Multi-Category Schedule 2","schedule","view","skip","SharedOnly","skip-other-users","7254985","Ducts","Round Duct","","LEVEL 09","Default","350ø","","","350","NWB_DimHeight","","","","SKIP","no parsed value","","","","NWB_DimHeight","","","",""
"20260814_142509","NWB Dim AutoFill","Multi-Category Schedule 2","schedule","view","skip","SharedOnly","skip-other-users","7254985","Ducts","Round Duct","","LEVEL 09","Default","350ø","","","350","NWB_DimDiameter","350","350","350","SKIP","existing-kept","instance","Shared Parameter","7626172","NWB_DimDiameter","String","False","1","1"
"20260814_142509","NWB Dim AutoFill","Multi-Category Schedule 2","schedule","view","skip","SharedOnly","skip-other-users","7255046","Ducts","Round Duct","","LEVEL 09","Default","350ø","","","350","NWB_DimWidth","","","","SKIP","no parsed value","","","","NWB_DimWidth","","","",""
"20260814_142509","NWB Dim AutoFill","Multi-Category Schedule 2","schedule","view","skip","SharedOnly","skip-other-users","7255046","Ducts","Round Duct","","LEVEL 09","Default","350ø","","","350","NWB_DimHeight","","","","SKIP","no parsed value","","","","NWB_DimHeight","","","",""
"20260814_142509","NWB Dim AutoFill","Multi-Category Schedule 2","schedule","view","skip","SharedOnly","skip-other-users","7255046","Ducts","Round Duct","","LEVEL 09","Default","350ø","","","350","NWB_DimDiameter","350","350","350","SKIP","existing-kept","instance","Shared Parameter","7626172","NWB_DimDiameter","String","False","1","1"
"20260814_142509","NWB Dim AutoFill","Multi-Category Schedule 2","schedule","view","skip","SharedOnly","skip-other-users","7255048","Ducts","Round Duct","","LEVEL 09","Default","350ø","","","350","NWB_DimWidth","","","","SKIP","no parsed value","","","","NWB_DimWidth","","","",""
"20260814_142509","NWB Dim AutoFill","Multi-Category Schedule 2","schedule","view","skip","SharedOnly","skip-other-users","7255048","Ducts","Round Duct","","LEVEL 09","Default","350ø","","","350","NWB_DimHeight","","","","SKIP","no parsed value","","","","NWB_DimHeight","","","",""
"20260814_142509","NWB Dim AutoFill","Multi-Category Schedule 2","schedule","view","skip","SharedOnly","skip-other-users","7255048","Ducts","Round Duct","","LEVEL 09","Default","350ø","","","350","NWB_DimDiameter","350","350","350","SKIP","existing-kept","instance","Shared Parameter","7626172","NWB_DimDiameter","String","False","1","1"
"20260814_142509","NWB Dim AutoFill","Multi-Category Schedule 2","schedule","view","skip","SharedOnly","skip-other-users","7255050","Ducts","Round Duct","","LEVEL 09","Default","350ø","","","350","NWB_DimWidth","","","","SKIP","no parsed value","","","","NWB_DimWidth","","","",""
"20260814_142509","NWB Dim AutoFill","Multi-Category Schedule 2","schedule","view","skip","SharedOnly","skip-other-users","7255050","Ducts","Round Duct","","LEVEL 09","Default","350ø","","","350","NWB_DimHeight","","","","SKIP","no parsed value","","","","NWB_DimHeight","","","",""
"20260814_142509","NWB Dim AutoFill","Multi-Category Schedule 2","schedule","view","skip","SharedOnly","skip-other-users","7255050","Ducts","Round Duct","","LEVEL 09","Default","350ø","","","350","NWB_DimDiameter","350","350","350","SKIP","existing-kept","instance","Shared Parameter","7626172","NWB_DimDiameter","String","False","1","1"
"20260814_142509","NWB Dim AutoFill","Multi-Category Schedule 2","schedule","view","skip","SharedOnly","skip-other-users","7255237","Ducts","Round Duct","","LEVEL 09","Default","350ø","","","350","NWB_DimWidth","","","","SKIP","no parsed value","","","","NWB_DimWidth","","","",""
"20260814_142509","NWB Dim AutoFill","Multi-Category Schedule 2","schedule","view","skip","SharedOnly","skip-other-users","7255237","Ducts","Round Duct","","LEVEL 09","Default","350ø","","","350","NWB_DimHeight","","","","SKIP","no parsed value","","","","NWB_DimHeight","","","",""
"20260814_142509","NWB Dim AutoFill","Multi-Category Schedule 2","schedule","view","skip","SharedOnly","skip-other-users","7255237","Ducts","Round Duct","","LEVEL 09","Default","350ø","","","350","NWB_DimDiameter","350","350","350","SKIP","existing-kept","instance","Shared Parameter","7626172","NWB_DimDiameter","String","False","1","1"
"20260814_142509","NWB Dim AutoFill","Multi-Category Schedule 2","schedule","view","skip","SharedOnly","skip-other-users","7256271","Pipes","Pipe Types","","LEVEL 01","Carbon Steel","300ø","","","300","NWB_DimWidth","","","","SKIP","no parsed value","","","","NWB_DimWidth","","","",""
"20260814_142509","NWB Dim AutoFill","Multi-Category Schedule 2","schedule","view","skip","SharedOnly","skip-other-users","7256271","Pipes","Pipe Types","","LEVEL 01","Carbon Steel","300ø","","","300","NWB_DimHeight","","","","SKIP","no parsed value","","","","NWB_DimHeight","","","",""
"20260814_142509","NWB Dim AutoFill","Multi-Category Schedule 2","schedule","view","skip","SharedOnly","skip-other-users","7256271","Pipes","Pipe Types","","LEVEL 01","Carbon Steel","300ø","","","300","NWB_DimDiameter","300","400","400","SKIP","existing-kept","instance","Shared Parameter","7626172","NWB_DimDiameter","String","False","1","1"
"20260814_142509","NWB Dim AutoFill","Multi-Category Schedule 2","schedule","view","skip","SharedOnly","skip-other-users","7256274","Pipes","Pipe Types","","LEVEL 01","Carbon Steel","300ø","","","300","NWB_DimWidth","","","","SKIP","no parsed value","","","","NWB_DimWidth","","","",""
"20260814_142509","NWB Dim AutoFill","Multi-Category Schedule 2","schedule","view","skip","SharedOnly","skip-other-users","7256274","Pipes","Pipe Types","","LEVEL 01","Carbon Steel","300ø","","","300","NWB_DimHeight","","","","SKIP","no parsed value","","","","NWB_DimHeight","","","",""
"20260814_142509","NWB Dim AutoFill","Multi-Category Schedule 2","schedule","view","skip","SharedOnly","skip-other-users","7256274","Pipes","Pipe Types","","LEVEL 01","Carbon Steel","300ø","","","300","NWB_DimDiameter","300","400","400","SKIP","existing-kept","instance","Shared Parameter","7626172","NWB_DimDiameter","String","False","1","1"
"20260814_142509","NWB Dim AutoFill","Multi-Category Schedule 2","schedule","view","skip","SharedOnly","skip-other-users","7256287","Piping Systems","Piping System","","","CCWR 7","","","","","","","","","SKIP","size empty","","","","","","","",""
"20260814_142509","NWB Dim AutoFill","Multi-Category Schedule 2","schedule","view","skip","SharedOnly","skip-other-users","7256300","Pipes","Pipe Types","","LEVEL 01","Carbon Steel","300ø","","","300","NWB_DimWidth","","","","SKIP","no parsed value","","","","NWB_DimWidth","","","",""
"20260814_142509","NWB Dim AutoFill","Multi-Category Schedule 2","schedule","view","skip","SharedOnly","skip-other-users","7256300","Pipes","Pipe Types","","LEVEL 01","Carbon Steel","300ø","","","300","NWB_DimHeight","","","","SKIP","no parsed value","","","","NWB_DimHeight","","","",""
"20260814_142509","NWB Dim AutoFill","Multi-Category Schedule 2","schedule","view","skip","SharedOnly","skip-other-users","7256300","Pipes","Pipe Types","","LEVEL 01","Carbon Steel","300ø","","","300","NWB_DimDiameter","300","400","400","SKIP","existing-kept","instance","Shared Parameter","7626172","NWB_DimDiameter","String","False","1","1"
"20260814_142509","NWB Dim AutoFill","Multi-Category Schedule 2","schedule","view","skip","SharedOnly","skip-other-users","7256303","Pipes","Pipe Types","","LEVEL 01","Carbon Steel","300ø","","","300","NWB_DimWidth","","","","SKIP","no parsed value","","","","NWB_DimWidth","","","",""
"20260814_142509","NWB Dim AutoFill","Multi-Category Schedule 2","schedule","view","skip","SharedOnly","skip-other-users","7256303","Pipes","Pipe Types","","LEVEL 01","Carbon Steel","300ø","","","300","NWB_DimHeight","","","","SKIP","no parsed value","","","","NWB_DimHeight","","","",""
"20260814_142509","NWB Dim AutoFill","Multi-Category Schedule 2","schedule","view","skip","SharedOnly","skip-other-users","7256303","Pipes","Pipe Types","","LEVEL 01","Carbon Steel","300ø","","","300","NWB_DimDiameter","300","400","400","SKIP","existing-kept","instance","Shared Parameter","7626172","NWB_DimDiameter","String","False","1","1"
"20260814_142509","NWB Dim AutoFill","Multi-Category Schedule 2","schedule","view","skip","SharedOnly","skip-other-users","7256401","Ducts","Rectangular Duct","","LEVEL 09","Flanged Long Radius Elbows / Shoe Branch","600x600","600","600","","NWB_DimWidth","600","2350","2350","SKIP","existing-kept","instance","Shared Parameter","7626175","NWB_DimWidth","String","False","1","1"
"20260814_142509","NWB Dim AutoFill","Multi-Category Schedule 2","schedule","view","skip","SharedOnly","skip-other-users","7256401","Ducts","Rectangular Duct","","LEVEL 09","Flanged Long Radius Elbows / Shoe Branch","600x600","600","600","","NWB_DimHeight","600","1175","1175","SKIP","existing-kept","instance","Shared Parameter","7626170","NWB_DimHeight","String","False","1","1"
"20260814_142509","NWB Dim AutoFill","Multi-Category Schedule 2","schedule","view","skip","SharedOnly","skip-other-users","7256401","Ducts","Rectangular Duct","","LEVEL 09","Flanged Long Radius Elbows / Shoe Branch","600x600","600","600","","NWB_DimDiameter","","","","SKIP","no parsed value","","","","NWB_DimDiameter","","","",""
"20260814_142509","NWB Dim AutoFill","Multi-Category Schedule 2","schedule","view","skip","SharedOnly","skip-other-users","7256402","Ducts","Rectangular Duct","","LEVEL 09","Flanged Long Radius Elbows / Shoe Branch","600x600","600","600","","NWB_DimWidth","600","2350","2350","SKIP","existing-kept","instance","Shared Parameter","7626175","NWB_DimWidth","String","False","1","1"
"20260814_142509","NWB Dim AutoFill","Multi-Category Schedule 2","schedule","view","skip","SharedOnly","skip-other-users","7256402","Ducts","Rectangular Duct","","LEVEL 09","Flanged Long Radius Elbows / Shoe Branch","600x600","600","600","","NWB_DimHeight","600","1175","1175","SKIP","existing-kept","instance","Shared Parameter","7626170","NWB_DimHeight","String","False","1","1"
"20260814_142509","NWB Dim AutoFill","Multi-Category Schedule 2","schedule","view","skip","SharedOnly","skip-other-users","7256402","Ducts","Rectangular Duct","","LEVEL 09","Flanged Long Radius Elbows / Shoe Branch","600x600","600","600","","NWB_DimDiameter","","","","SKIP","no parsed value","","","","NWB_DimDiameter","","","",""
"20260814_142509","NWB Dim AutoFill","Multi-Category Schedule 2","schedule","view","skip","SharedOnly","skip-other-users","6947438","Ducts","Rectangular Duct","","GROUND","VOID RISER_PLACE HOLDER","1500x1500","1500","1500","","NWB_DimWidth","1500","1500","1500","OK","verified","instance","Shared Parameter","7626175","NWB_DimWidth","String","False","1","1"
"20260814_142509","NWB Dim AutoFill","Multi-Category Schedule 2","schedule","view","skip","SharedOnly","skip-other-users","6947438","Ducts","Rectangular Duct","","GROUND","VOID RISER_PLACE HOLDER","1500x1500","1500","1500","","NWB_DimHeight","1500","1500","1500","OK","verified","instance","Shared Parameter","7626170","NWB_DimHeight","String","False","1","1"
"20260814_142509","NWB Dim AutoFill","Multi-Category Schedule 2","schedule","view","skip","SharedOnly","skip-other-users","7085443","Air Terminals","MHT-ME-AT-13","","LEVEL 04","1200X1200_HC 2","0x1200","0","1200","0","NWB_DimDiameter","0","0","0","OK","verified","instance","Shared Parameter","7626172","NWB_DimDiameter","String","False","1","1"
"20260814_142509","NWB Dim AutoFill","Multi-Category Schedule 2","schedule","view","skip","SharedOnly","skip-other-users","7085648","Air Terminals","MHT-ME-AT-13","","LEVEL 02","1300X1300_HC","0x1300","0","1300","0","NWB_DimDiameter","0","0","0","OK","verified","instance","Shared Parameter","7626172","NWB_DimDiameter","String","False","1","1"
"20260814_142509","NWB Dim AutoFill","Multi-Category Schedule 2","schedule","view","skip","SharedOnly","skip-other-users","7105286","Duct Fittings","MHT-ME-DF-Rectangular Square Bend - Flanged","","GROUND","MHT-ME-DF-Rectangular Square Bend - Flanged","600x850-600x850","600","850","","NWB_DimWidth","600","600","600","OK","verified","instance","Shared Parameter","7626175","NWB_DimWidth","String","False","2","1"
"20260814_142509","NWB Dim AutoFill","Multi-Category Schedule 2","schedule","view","skip","SharedOnly","skip-other-users","7105286","Duct Fittings","MHT-ME-DF-Rectangular Square Bend - Flanged","","GROUND","MHT-ME-DF-Rectangular Square Bend - Flanged","600x850-600x850","600","850","","NWB_DimHeight","850","850","850","OK","verified","instance","Shared Parameter","7626170","NWB_DimHeight","String","False","2","1"
"20260814_142509","NWB Dim AutoFill","Multi-Category Schedule 2","schedule","view","skip","SharedOnly","skip-other-users","7175149","Ducts","Round Duct","","GROUND","Taps / Short Radius","1200ø","","","1200","NWB_DimDiameter","1200","1200","1200","OK","verified","instance","Shared Parameter","7626172","NWB_DimDiameter","String","False","1","1"
