START | Tool=NWB Dim AutoFill
START | View=MECHANICAL PIPEWORK LAYOUT - LEVEL 10 - ZONE 152
START | ViewMode=model
START | WriteMode=skip
START | ParameterTargetMode=SharedOnly
START | WorksharingMode=skip-other-users
START | ProcessingScope=view
READY | Elements=1559 | Log=C:\Users\Gino Moreno\AppData\Roaming\pyRevit\Extensions\MHTTools.extension\MEINHARDT.tab\MEP Data.panel\Data Manage.pulldown\NWB Dim AutoFill.pushbutton\logs\NWB_Dim_AutoFill_20260731_220939.log
SKIP | Element 10540572 | Size empty
SKIP | Element 11513018 | Size empty
SKIP | Element 11591312 | Size empty
SKIP | Element 11591324 | Size empty
SKIP | Element 12337422 | Size empty
SKIP | Element 12347846 | Size empty
SKIP | Element 12347866 | Size empty
SKIP | Element 12407658 | Size empty
SKIP | Element 12407659 | Size empty
SKIP | Element 12407660 | Size empty
SKIP | Element 12407661 | Size empty
SKIP | Element 12407662 | Size empty
SKIP | Element 12407663 | Size empty
SKIP | Element 12407664 | Size empty
SKIP | Element 12407665 | Size empty
SKIP | Element 12407666 | Size empty
SKIP | Element 12407667 | Size empty
SKIP | Element 12407668 | Size empty
SKIP | Element 12407669 | Size empty
SKIP | Element 12407670 | Size empty
SKIP | Element 12407671 | Size empty
SKIP | Element 12407672 | Size empty
SKIP | Element 12407673 | Size empty
SKIP | Element 12407674 | Size empty
SKIP | Element 12407675 | Size empty
SKIP | Element 12407676 | Size empty
SKIP | Element 12407677 | Size empty
SKIP | Element 12407679 | Size empty
SKIP | Element 12407680 | Size empty
SKIP | Element 12557485 | Size empty
SKIP | Element 12557986 | Size empty
SKIP | Element 12558040 | Size empty
SKIP | Element 12558084 | Size empty
SKIP | Element 12558126 | Size empty
SKIP | Element 12558358 | Size empty
SKIP | Element 12558466 | Size empty
SKIP | Element 12558688 | Size empty
SKIP | Element 12558816 | Size empty
SKIP | Element 12558892 | Size empty
SKIP | Element 12559065 | Size empty
SKIP | Element 12559415 | Size empty
SKIP | Element 12559466 | Size empty
SKIP | Element 12559561 | Size empty
SKIP | Element 12559842 | Size empty
SKIP | Element 12559921 | Size empty
SKIP | Element 12559983 | Size empty
SKIP | Element 12560138 | Size empty
SKIP | Element 12560842 | Size empty
SKIP | Element 12560956 | Size empty
SKIP | Element 12896796 | Size empty
SKIP | Element 12896797 | Size empty
SKIP | Element 12896798 | Size empty
SKIP | Element 12896799 | Size empty
SKIP | Element 12896800 | Size empty
SKIP | Element 12896801 | Size empty
SKIP | Element 12896802 | Size empty
SKIP | Element 12896803 | Size empty
SKIP | Element 12896804 | Size empty
SKIP | Element 12896805 | Size empty
SKIP | Element 12896806 | Size empty
SKIP | Element 12896807 | Size empty
SKIP | Element 12896808 | Size empty
SKIP | Element 12896809 | Size empty
SKIP | Element 12896810 | Size empty
SKIP | Element 12896811 | Size empty
SKIP | Element 12896812 | Size empty
SKIP | Element 12896813 | Size empty
SKIP | Element 12896814 | Size empty
SKIP | Element 12896815 | Size empty
SKIP | Element 12896817 | Size empty
SKIP | Element 12896818 | Size empty
SKIP | Element 12896819 | Size empty
SKIP | Element 12896865 | Size empty
SKIP | Element 12896866 | Size empty
SKIP | Element 12896935 | Size empty
SKIP | Element 13071281 | Size empty
SKIP | Element 13708016 | Size empty
SKIP | Element 13708336 | Size empty
SKIP | Element 13708449 | Size empty
SKIP | Element 13708966 | Size empty
SKIP | Element 13709043 | Size empty
SKIP | Element 13709142 | Size empty
SKIP | Element 13709225 | Size empty
SKIP | Element 13709305 | Size empty
SKIP | Element 13709454 | Size empty
SKIP | Element 13709516 | Size empty
SKIP | Element 13765467 | Size empty
SKIP | Element 13765468 | Size empty
SKIP | Element 13765469 | Size empty
SKIP | Element 13765470 | Size empty
SKIP | Element 13765471 | Size empty
SKIP | Element 13765639 | Size empty
SKIP | Element 13765864 | Size empty
SKIP | Element 13765920 | Size empty
SKIP | Element 13897403 | Size empty
SKIP | Element 13898547 | Size empty
SKIP | Element 13899999 | Size empty
SKIP | Element 13900774 | Size empty
SKIP | Element 13905221 | Size empty
SKIP | Element 14026946 | Size empty
SKIP | Element 14028942 | Size empty
SKIP | Element 14032209 | Size empty
SKIP | Element 14039627 | Size empty
SKIP | Element 14040143 | Size empty
SKIP | Element 14064719 | Size empty
SKIP | Element 14067336 | Size empty
SKIP | Element 14071641 | Size empty
SKIP | Element 14079257 | Size empty
SKIP | Element 14128435 | Size empty
SKIP | Element 14132865 | Size empty
SKIP | Element 14133428 | Size empty
SKIP | Element 14960665 | Size empty
SKIP | Element 14994698 | Size empty
SKIP | Element 15267816 | Size empty
SKIP | Element 15269825 | Size empty
SKIP | Element 15546146 | Size empty
INFO | Candidate: NWB_DimDiameter | Scope=instance | Storage=String | ReadOnly=False | Shared=True | Id=7626172
ELEMENT | 5120727 | Size='250ø' | Width='' | Height='' | Diameter='250' | Statuses=NWB_DimWidth:SKIP; NWB_DimHeight:SKIP; NWB_DimDiameter:SKIP
INFO | Candidate: NWB_DimDiameter | Scope=instance | Storage=String | ReadOnly=False | Shared=True | Id=7626172
ELEMENT | 5120746 | Size='250ø' | Width='' | Height='' | Diameter='250' | Statuses=NWB_DimWidth:SKIP; NWB_DimHeight:SKIP; NWB_DimDiameter:SKIP
INFO | Candidate: NWB_DimDiameter | Scope=instance | Storage=String | ReadOnly=False | Shared=True | Id=7626172
ELEMENT | 7256271 | Size='300ø' | Width='' | Height='' | Diameter='300' | Statuses=NWB_DimWidth:SKIP; NWB_DimHeight:SKIP; NWB_DimDiameter:SKIP
INFO | Candidate: NWB_DimDiameter | Scope=instance | Storage=String | ReadOnly=False | Shared=True | Id=7626172
ELEMENT | 7256274 | Size='300ø' | Width='' | Height='' | Diameter='300' | Statuses=NWB_DimWidth:SKIP; NWB_DimHeight:SKIP; NWB_DimDiameter:SKIP
INFO | Candidate: NWB_DimDiameter | Scope=instance | Storage=String | ReadOnly=False | Shared=True | Id=7626172
ELEMENT | 8340987 | Size='600ø' | Width='' | Height='' | Diameter='600' | Statuses=NWB_DimWidth:SKIP; NWB_DimHeight:SKIP; NWB_DimDiameter:SKIP
INFO | Candidate: NWB_DimDiameter | Scope=instance | Storage=String | ReadOnly=False | Shared=True | Id=7626172
ELEMENT | 8341019 | Size='600ø' | Width='' | Height='' | Diameter='600' | Statuses=NWB_DimWidth:SKIP; NWB_DimHeight:SKIP; NWB_DimDiameter:SKIP
INFO | Candidate: NWB_DimDiameter | Scope=instance | Storage=String | ReadOnly=False | Shared=True | Id=7626172
ELEMENT | 8345478 | Size='600ø' | Width='' | Height='' | Diameter='600' | Statuses=NWB_DimWidth:SKIP; NWB_DimHeight:SKIP; NWB_DimDiameter:SKIP
INFO | Candidate: NWB_DimDiameter | Scope=instance | Storage=String | ReadOnly=False | Shared=True | Id=7626172
ELEMENT | 8345583 | Size='600ø' | Width='' | Height='' | Diameter='600' | Statuses=NWB_DimWidth:SKIP; NWB_DimHeight:SKIP; NWB_DimDiameter:SKIP
INFO | Candidate: NWB_DimDiameter | Scope=instance | Storage=String | ReadOnly=False | Shared=True | Id=7626172
ELEMENT | 11591313 | Size='160ø' | Width='' | Height='' | Diameter='160' | Statuses=NWB_DimWidth:SKIP; NWB_DimHeight:SKIP; NWB_DimDiameter:SKIP
INFO | Candidate: NWB_DimDiameter | Scope=instance | Storage=String | ReadOnly=False | Shared=True | Id=7626172
ELEMENT | 11591320 | Size='160ø' | Width='' | Height='' | Diameter='160' | Statuses=NWB_DimWidth:SKIP; NWB_DimHeight:SKIP; NWB_DimDiameter:SKIP
INFO | Candidate: NWB_DimDiameter | Scope=instance | Storage=String | ReadOnly=False | Shared=True | Id=7626172
ELEMENT | 11591326 | Size='160ø' | Width='' | Height='' | Diameter='160' | Statuses=NWB_DimWidth:SKIP; NWB_DimHeight:SKIP; NWB_DimDiameter:SKIP
INFO | Candidate: NWB_DimDiameter | Scope=instance | Storage=String | ReadOnly=False | Shared=True | Id=7626172
ELEMENT | 11610353 | Size='160ø' | Width='' | Height='' | Diameter='160' | Statuses=NWB_DimWidth:SKIP; NWB_DimHeight:SKIP; NWB_DimDiameter:SKIP
INFO | Candidate: NWB_DimDiameter | Scope=instance | Storage=String | ReadOnly=False | Shared=True | Id=7626172
ELEMENT | 13367313 | Size='50ø' | Width='' | Height='' | Diameter='50' | Statuses=NWB_DimWidth:SKIP; NWB_DimHeight:SKIP; NWB_DimDiameter:SKIP
INFO | Candidate: NWB_DimDiameter | Scope=instance | Storage=String | ReadOnly=False | Shared=True | Id=7626172
ELEMENT | 13368633 | Size='25ø' | Width='' | Height='' | Diameter='25' | Statuses=NWB_DimWidth:SKIP; NWB_DimHeight:SKIP; NWB_DimDiameter:SKIP
INFO | Candidate: NWB_DimDiameter | Scope=instance | Storage=String | ReadOnly=False | Shared=True | Id=7626172
ELEMENT | 13368679 | Size='25ø' | Width='' | Height='' | Diameter='25' | Statuses=NWB_DimWidth:SKIP; NWB_DimHeight:SKIP; NWB_DimDiameter:SKIP
INFO | Candidate: NWB_DimDiameter | Scope=instance | Storage=String | ReadOnly=False | Shared=True | Id=7626172
ELEMENT | 13369313 | Size='25ø' | Width='' | Height='' | Diameter='25' | Statuses=NWB_DimWidth:SKIP; NWB_DimHeight:SKIP; NWB_DimDiameter:SKIP
INFO | Candidate: NWB_DimDiameter | Scope=instance | Storage=String | ReadOnly=False | Shared=True | Id=7626172
ELEMENT | 13369345 | Size='25ø' | Width='' | Height='' | Diameter='25' | Statuses=NWB_DimWidth:SKIP; NWB_DimHeight:SKIP; NWB_DimDiameter:SKIP
INFO | Candidate: NWB_DimDiameter | Scope=instance | Storage=String | ReadOnly=False | Shared=True | Id=7626172
ELEMENT | 13369355 | Size='25ø' | Width='' | Height='' | Diameter='25' | Statuses=NWB_DimWidth:SKIP; NWB_DimHeight:SKIP; NWB_DimDiameter:SKIP
INFO | Candidate: NWB_DimDiameter | Scope=instance | Storage=String | ReadOnly=False | Shared=True | Id=7626172
ELEMENT | 13433509 | Size='25ø' | Width='' | Height='' | Diameter='25' | Statuses=NWB_DimWidth:SKIP; NWB_DimHeight:SKIP; NWB_DimDiameter:SKIP
INFO | Candidate: NWB_DimDiameter | Scope=instance | Storage=String | ReadOnly=False | Shared=True | Id=7626172
ELEMENT | 13513407 | Size='32ø' | Width='' | Height='' | Diameter='32' | Statuses=NWB_DimWidth:SKIP; NWB_DimHeight:SKIP; NWB_DimDiameter:SKIP
INFO | Candidate: NWB_DimDiameter | Scope=instance | Storage=String | ReadOnly=False | Shared=True | Id=7626172
ELEMENT | 13641789 | Size='32ø' | Width='' | Height='' | Diameter='32' | Statuses=NWB_DimWidth:SKIP; NWB_DimHeight:SKIP; NWB_DimDiameter:SKIP
INFO | Candidate: NWB_DimDiameter | Scope=instance | Storage=String | ReadOnly=False | Shared=True | Id=7626172
ELEMENT | 13641831 | Size='32ø' | Width='' | Height='' | Diameter='32' | Statuses=NWB_DimWidth:SKIP; NWB_DimHeight:SKIP; NWB_DimDiameter:SKIP
INFO | Candidate: NWB_DimDiameter | Scope=instance | Storage=String | ReadOnly=False | Shared=True | Id=7626172
ELEMENT | 13641984 | Size='32ø' | Width='' | Height='' | Diameter='32' | Statuses=NWB_DimWidth:SKIP; NWB_DimHeight:SKIP; NWB_DimDiameter:SKIP
INFO | Candidate: NWB_DimDiameter | Scope=instance | Storage=String | ReadOnly=False | Shared=True | Id=7626172
ELEMENT | 13642372 | Size='25ø' | Width='' | Height='' | Diameter='25' | Statuses=NWB_DimWidth:SKIP; NWB_DimHeight:SKIP; NWB_DimDiameter:SKIP
INFO | Candidate: NWB_DimDiameter | Scope=instance | Storage=String | ReadOnly=False | Shared=True | Id=7626172
ELEMENT | 13642442 | Size='32ø' | Width='' | Height='' | Diameter='32' | Statuses=NWB_DimWidth:SKIP; NWB_DimHeight:SKIP; NWB_DimDiameter:SKIP
INFO | Candidate: NWB_DimDiameter | Scope=instance | Storage=String | ReadOnly=False | Shared=True | Id=7626172
ELEMENT | 13642459 | Size='32ø' | Width='' | Height='' | Diameter='32' | Statuses=NWB_DimWidth:SKIP; NWB_DimHeight:SKIP; NWB_DimDiameter:SKIP
INFO | Candidate: NWB_DimDiameter | Scope=instance | Storage=String | ReadOnly=False | Shared=True | Id=7626172
ELEMENT | 13642576 | Size='25ø' | Width='' | Height='' | Diameter='25' | Statuses=NWB_DimWidth:SKIP; NWB_DimHeight:SKIP; NWB_DimDiameter:SKIP
INFO | Candidate: NWB_DimDiameter | Scope=instance | Storage=String | ReadOnly=False | Shared=True | Id=7626172
ELEMENT | 13642882 | Size='32ø' | Width='' | Height='' | Diameter='32' | Statuses=NWB_DimWidth:SKIP; NWB_DimHeight:SKIP; NWB_DimDiameter:SKIP
INFO | Candidate: NWB_DimDiameter | Scope=instance | Storage=String | ReadOnly=False | Shared=True | Id=7626172
ELEMENT | 13642938 | Size='25ø' | Width='' | Height='' | Diameter='25' | Statuses=NWB_DimWidth:SKIP; NWB_DimHeight:SKIP; NWB_DimDiameter:SKIP
INFO | Candidate: NWB_DimDiameter | Scope=instance | Storage=String | ReadOnly=False | Shared=True | Id=7626172
ELEMENT | 13642941 | Size='25ø' | Width='' | Height='' | Diameter='25' | Statuses=NWB_DimWidth:SKIP; NWB_DimHeight:SKIP; NWB_DimDiameter:SKIP
INFO | Candidate: NWB_DimDiameter | Scope=instance | Storage=String | ReadOnly=False | Shared=True | Id=7626172
ELEMENT | 13643007 | Size='25ø' | Width='' | Height='' | Diameter='25' | Statuses=NWB_DimWidth:SKIP; NWB_DimHeight:SKIP; NWB_DimDiameter:SKIP
INFO | Candidate: NWB_DimDiameter | Scope=instance | Storage=String | ReadOnly=False | Shared=True | Id=7626172
ELEMENT | 13643017 | Size='25ø' | Width='' | Height='' | Diameter='25' | Statuses=NWB_DimWidth:SKIP; NWB_DimHeight:SKIP; NWB_DimDiameter:SKIP
INFO | Candidate: NWB_DimDiameter | Scope=instance | Storage=String | ReadOnly=False | Shared=True | Id=7626172
ELEMENT | 13643072 | Size='25ø' | Width='' | Height='' | Diameter='25' | Statuses=NWB_DimWidth:SKIP; NWB_DimHeight:SKIP; NWB_DimDiameter:SKIP
INFO | Candidate: NWB_DimDiameter | Scope=instance | Storage=String | ReadOnly=False | Shared=True | Id=7626172
ELEMENT | 13643082 | Size='25ø' | Width='' | Height='' | Diameter='25' | Statuses=NWB_DimWidth:SKIP; NWB_DimHeight:SKIP; NWB_DimDiameter:SKIP
INFO | Candidate: NWB_DimDiameter | Scope=instance | Storage=String | ReadOnly=False | Shared=True | Id=7626172
ELEMENT | 13643189 | Size='25ø' | Width='' | Height='' | Diameter='25' | Statuses=NWB_DimWidth:SKIP; NWB_DimHeight:SKIP; NWB_DimDiameter:SKIP
INFO | Candidate: NWB_DimDiameter | Scope=instance | Storage=String | ReadOnly=False | Shared=True | Id=7626172
ELEMENT | 13643325 | Size='32ø' | Width='' | Height='' | Diameter='32' | Statuses=NWB_DimWidth:SKIP; NWB_DimHeight:SKIP; NWB_DimDiameter:SKIP
INFO | Candidate: NWB_DimDiameter | Scope=instance | Storage=String | ReadOnly=False | Shared=True | Id=7626172
ELEMENT | 13643368 | Size='25ø' | Width='' | Height='' | Diameter='25' | Statuses=NWB_DimWidth:SKIP; NWB_DimHeight:SKIP; NWB_DimDiameter:SKIP
INFO | Candidate: NWB_DimDiameter | Scope=instance | Storage=String | ReadOnly=False | Shared=True | Id=7626172
ELEMENT | 13643721 | Size='32ø' | Width='' | Height='' | Diameter='32' | Statuses=NWB_DimWidth:SKIP; NWB_DimHeight:SKIP; NWB_DimDiameter:SKIP
INFO | Candidate: NWB_DimDiameter | Scope=instance | Storage=String | ReadOnly=False | Shared=True | Id=7626172
ELEMENT | 13643736 | Size='25ø' | Width='' | Height='' | Diameter='25' | Statuses=NWB_DimWidth:SKIP; NWB_DimHeight:SKIP; NWB_DimDiameter:SKIP
INFO | Candidate: NWB_DimDiameter | Scope=instance | Storage=String | ReadOnly=False | Shared=True | Id=7626172
ELEMENT | 13643753 | Size='25ø' | Width='' | Height='' | Diameter='25' | Statuses=NWB_DimWidth:SKIP; NWB_DimHeight:SKIP; NWB_DimDiameter:SKIP
INFO | Candidate: NWB_DimDiameter | Scope=instance | Storage=String | ReadOnly=False | Shared=True | Id=7626172
ELEMENT | 13645866 | Size='32ø' | Width='' | Height='' | Diameter='32' | Statuses=NWB_DimWidth:SKIP; NWB_DimHeight:SKIP; NWB_DimDiameter:SKIP
INFO | Candidate: NWB_DimDiameter | Scope=instance | Storage=String | ReadOnly=False | Shared=True | Id=7626172
ELEMENT | 13647390 | Size='50ø' | Width='' | Height='' | Diameter='50' | Statuses=NWB_DimWidth:SKIP; NWB_DimHeight:SKIP; NWB_DimDiameter:SKIP
INFO | Candidate: NWB_DimDiameter | Scope=instance | Storage=String | ReadOnly=False | Shared=True | Id=7626172
ELEMENT | 13647615 | Size='50ø' | Width='' | Height='' | Diameter='50' | Statuses=NWB_DimWidth:SKIP; NWB_DimHeight:SKIP; NWB_DimDiameter:SKIP
INFO | Candidate: NWB_DimDiameter | Scope=instance | Storage=String | ReadOnly=False | Shared=True | Id=7626172
ELEMENT | 13648074 | Size='50ø' | Width='' | Height='' | Diameter='50' | Statuses=NWB_DimWidth:SKIP; NWB_DimHeight:SKIP; NWB_DimDiameter:SKIP
INFO | Candidate: NWB_DimDiameter | Scope=instance | Storage=String | ReadOnly=False | Shared=True | Id=7626172
ELEMENT | 13648076 | Size='50ø' | Width='' | Height='' | Diameter='50' | Statuses=NWB_DimWidth:SKIP; NWB_DimHeight:SKIP; NWB_DimDiameter:SKIP
INFO | Candidate: NWB_DimDiameter | Scope=instance | Storage=String | ReadOnly=False | Shared=True | Id=7626172
ELEMENT | 13648203 | Size='50ø' | Width='' | Height='' | Diameter='50' | Statuses=NWB_DimWidth:SKIP; NWB_DimHeight:SKIP; NWB_DimDiameter:SKIP
INFO | Candidate: NWB_DimDiameter | Scope=instance | Storage=String | ReadOnly=False | Shared=True | Id=7626172
ELEMENT | 13648767 | Size='40ø' | Width='' | Height='' | Diameter='40' | Statuses=NWB_DimWidth:SKIP; NWB_DimHeight:SKIP; NWB_DimDiameter:SKIP
INFO | Candidate: NWB_DimDiameter | Scope=instance | Storage=String | ReadOnly=False | Shared=True | Id=7626172
ELEMENT | 13648886 | Size='40ø' | Width='' | Height='' | Diameter='40' | Statuses=NWB_DimWidth:SKIP; NWB_DimHeight:SKIP; NWB_DimDiameter:SKIP
INFO | Candidate: NWB_DimDiameter | Scope=instance | Storage=String | ReadOnly=False | Shared=True | Id=7626172
ELEMENT | 13648935 | Size='40ø' | Width='' | Height='' | Diameter='40' | Statuses=NWB_DimWidth:SKIP; NWB_DimHeight:SKIP; NWB_DimDiameter:SKIP
INFO | Candidate: NWB_DimDiameter | Scope=instance | Storage=String | ReadOnly=False | Shared=True | Id=7626172
ELEMENT | 13649184 | Size='40ø' | Width='' | Height='' | Diameter='40' | Statuses=NWB_DimWidth:SKIP; NWB_DimHeight:SKIP; NWB_DimDiameter:SKIP
INFO | Candidate: NWB_DimDiameter | Scope=instance | Storage=String | ReadOnly=False | Shared=True | Id=7626172
ELEMENT | 13676226 | Size='50ø' | Width='' | Height='' | Diameter='50' | Statuses=NWB_DimWidth:SKIP; NWB_DimHeight:SKIP; NWB_DimDiameter:SKIP
INFO | Candidate: NWB_DimDiameter | Scope=instance | Storage=String | ReadOnly=False | Shared=True | Id=7626172
ELEMENT | 13676353 | Size='25ø' | Width='' | Height='' | Diameter='25' | Statuses=NWB_DimWidth:SKIP; NWB_DimHeight:SKIP; NWB_DimDiameter:SKIP
INFO | Candidate: NWB_DimDiameter | Scope=instance | Storage=String | ReadOnly=False | Shared=True | Id=7626172
ELEMENT | 13676362 | Size='25ø' | Width='' | Height='' | Diameter='25' | Statuses=NWB_DimWidth:SKIP; NWB_DimHeight:SKIP; NWB_DimDiameter:SKIP
INFO | Candidate: NWB_DimDiameter | Scope=instance | Storage=String | ReadOnly=False | Shared=True | Id=7626172
ELEMENT | 13676372 | Size='25ø' | Width='' | Height='' | Diameter='25' | Statuses=NWB_DimWidth:SKIP; NWB_DimHeight:SKIP; NWB_DimDiameter:SKIP
INFO | Candidate: NWB_DimDiameter | Scope=instance | Storage=String | ReadOnly=False | Shared=True | Id=7626172
ELEMENT | 13678073 | Size='25ø' | Width='' | Height='' | Diameter='25' | Statuses=NWB_DimWidth:SKIP; NWB_DimHeight:SKIP; NWB_DimDiameter:SKIP
INFO | Candidate: NWB_DimDiameter | Scope=instance | Storage=String | ReadOnly=False | Shared=True | Id=7626172
ELEMENT | 13678796 | Size='32ø' | Width='' | Height='' | Diameter='32' | Statuses=NWB_DimWidth:SKIP; NWB_DimHeight:SKIP; NWB_DimDiameter:SKIP
INFO | Candidate: NWB_DimDiameter | Scope=instance | Storage=String | ReadOnly=False | Shared=True | Id=7626172
ELEMENT | 13688550 | Size='50ø' | Width='' | Height='' | Diameter='50' | Statuses=NWB_DimWidth:SKIP; NWB_DimHeight:SKIP; NWB_DimDiameter:SKIP
INFO | Candidate: NWB_DimDiameter | Scope=instance | Storage=String | ReadOnly=False | Shared=True | Id=7626172
ELEMENT | 13688805 | Size='50ø' | Width='' | Height='' | Diameter='50' | Statuses=NWB_DimWidth:SKIP; NWB_DimHeight:SKIP; NWB_DimDiameter:SKIP
INFO | Candidate: NWB_DimDiameter | Scope=instance | Storage=String | ReadOnly=False | Shared=True | Id=7626172
ELEMENT | 13692921 | Size='32ø' | Width='' | Height='' | Diameter='32' | Statuses=NWB_DimWidth:SKIP; NWB_DimHeight:SKIP; NWB_DimDiameter:SKIP
INFO | Candidate: NWB_DimDiameter | Scope=instance | Storage=String | ReadOnly=False | Shared=True | Id=7626172
ELEMENT | 13693783 | Size='40ø' | Width='' | Height='' | Diameter='40' | Statuses=NWB_DimWidth:SKIP; NWB_DimHeight:SKIP; NWB_DimDiameter:SKIP
INFO | Candidate: NWB_DimDiameter | Scope=instance | Storage=String | ReadOnly=False | Shared=True | Id=7626172
ELEMENT | 13693796 | Size='40ø' | Width='' | Height='' | Diameter='40' | Statuses=NWB_DimWidth:SKIP; NWB_DimHeight:SKIP; NWB_DimDiameter:SKIP
INFO | Candidate: NWB_DimDiameter | Scope=instance | Storage=String | ReadOnly=False | Shared=True | Id=7626172
ELEMENT | 13693848 | Size='40ø' | Width='' | Height='' | Diameter='40' | Statuses=NWB_DimWidth:SKIP; NWB_DimHeight:SKIP; NWB_DimDiameter:SKIP
INFO | Candidate: NWB_DimDiameter | Scope=instance | Storage=String | ReadOnly=False | Shared=True | Id=7626172
ELEMENT | 13755004 | Size='25ø' | Width='' | Height='' | Diameter='25' | Statuses=NWB_DimWidth:SKIP; NWB_DimHeight:SKIP; NWB_DimDiameter:SKIP
INFO | Candidate: NWB_DimDiameter | Scope=instance | Storage=String | ReadOnly=False | Shared=True | Id=7626172
ELEMENT | 13755018 | Size='25ø' | Width='' | Height='' | Diameter='25' | Statuses=NWB_DimWidth:SKIP; NWB_DimHeight:SKIP; NWB_DimDiameter:SKIP
INFO | Candidate: NWB_DimDiameter | Scope=instance | Storage=String | ReadOnly=False | Shared=True | Id=7626172
ELEMENT | 13770612 | Size='32ø' | Width='' | Height='' | Diameter='32' | Statuses=NWB_DimWidth:SKIP; NWB_DimHeight:SKIP; NWB_DimDiameter:SKIP
INFO | Candidate: NWB_DimDiameter | Scope=instance | Storage=String | ReadOnly=False | Shared=True | Id=7626172
ELEMENT | 13770616 | Size='32ø' | Width='' | Height='' | Diameter='32' | Statuses=NWB_DimWidth:SKIP; NWB_DimHeight:SKIP; NWB_DimDiameter:SKIP
INFO | Candidate: NWB_DimDiameter | Scope=instance | Storage=String | ReadOnly=False | Shared=True | Id=7626172
ELEMENT | 13770678 | Size='32ø' | Width='' | Height='' | Diameter='32' | Statuses=NWB_DimWidth:SKIP; NWB_DimHeight:SKIP; NWB_DimDiameter:SKIP
INFO | Candidate: NWB_DimDiameter | Scope=instance | Storage=String | ReadOnly=False | Shared=True | Id=7626172
ELEMENT | 13770687 | Size='32ø' | Width='' | Height='' | Diameter='32' | Statuses=NWB_DimWidth:SKIP; NWB_DimHeight:SKIP; NWB_DimDiameter:SKIP
INFO | Candidate: NWB_DimDiameter | Scope=instance | Storage=String | ReadOnly=False | Shared=True | Id=7626172
ELEMENT | 13771359 | Size='32ø' | Width='' | Height='' | Diameter='32' | Statuses=NWB_DimWidth:SKIP; NWB_DimHeight:SKIP; NWB_DimDiameter:SKIP
INFO | Candidate: NWB_DimDiameter | Scope=instance | Storage=String | ReadOnly=False | Shared=True | Id=7626172
ELEMENT | 13771691 | Size='32ø' | Width='' | Height='' | Diameter='32' | Statuses=NWB_DimWidth:SKIP; NWB_DimHeight:SKIP; NWB_DimDiameter:SKIP
INFO | Candidate: NWB_DimDiameter | Scope=instance | Storage=String | ReadOnly=False | Shared=True | Id=7626172
ELEMENT | 13771704 | Size='32ø' | Width='' | Height='' | Diameter='32' | Statuses=NWB_DimWidth:SKIP; NWB_DimHeight:SKIP; NWB_DimDiameter:SKIP
INFO | Candidate: NWB_DimDiameter | Scope=instance | Storage=String | ReadOnly=False | Shared=True | Id=7626172
ELEMENT | 13771740 | Size='32ø' | Width='' | Height='' | Diameter='32' | Statuses=NWB_DimWidth:SKIP; NWB_DimHeight:SKIP; NWB_DimDiameter:SKIP
INFO | Candidate: NWB_DimDiameter | Scope=instance | Storage=String | ReadOnly=False | Shared=True | Id=7626172
ELEMENT | 13771748 | Size='32ø' | Width='' | Height='' | Diameter='32' | Statuses=NWB_DimWidth:SKIP; NWB_DimHeight:SKIP; NWB_DimDiameter:SKIP
INFO | Candidate: NWB_DimDiameter | Scope=instance | Storage=String | ReadOnly=False | Shared=True | Id=7626172
ELEMENT | 13771775 | Size='32ø' | Width='' | Height='' | Diameter='32' | Statuses=NWB_DimWidth:SKIP; NWB_DimHeight:SKIP; NWB_DimDiameter:SKIP
INFO | Candidate: NWB_DimDiameter | Scope=instance | Storage=String | ReadOnly=False | Shared=True | Id=7626172
ELEMENT | 13771815 | Size='32ø' | Width='' | Height='' | Diameter='32' | Statuses=NWB_DimWidth:SKIP; NWB_DimHeight:SKIP; NWB_DimDiameter:SKIP
INFO | Candidate: NWB_DimDiameter | Scope=instance | Storage=String | ReadOnly=False | Shared=True | Id=7626172
ELEMENT | 13773269 | Size='25ø' | Width='' | Height='' | Diameter='25' | Statuses=NWB_DimWidth:SKIP; NWB_DimHeight:SKIP; NWB_DimDiameter:SKIP
INFO | Candidate: NWB_DimDiameter | Scope=instance | Storage=String | ReadOnly=False | Shared=True | Id=7626172
ELEMENT | 13773272 | Size='32ø' | Width='' | Height='' | Diameter='32' | Statuses=NWB_DimWidth:SKIP; NWB_DimHeight:SKIP; NWB_DimDiameter:SKIP
INFO | Candidate: NWB_DimDiameter | Scope=instance | Storage=String | ReadOnly=False | Shared=True | Id=7626172
ELEMENT | 13773692 | Size='32ø' | Width='' | Height='' | Diameter='32' | Statuses=NWB_DimWidth:SKIP; NWB_DimHeight:SKIP; NWB_DimDiameter:SKIP
INFO | Candidate: NWB_DimDiameter | Scope=instance | Storage=String | ReadOnly=False | Shared=True | Id=7626172
ELEMENT | 13773731 | Size='32ø' | Width='' | Height='' | Diameter='32' | Statuses=NWB_DimWidth:SKIP; NWB_DimHeight:SKIP; NWB_DimDiameter:SKIP
INFO | Candidate: NWB_DimDiameter | Scope=instance | Storage=String | ReadOnly=False | Shared=True | Id=7626172
ELEMENT | 13773738 | Size='32ø' | Width='' | Height='' | Diameter='32' | Statuses=NWB_DimWidth:SKIP; NWB_DimHeight:SKIP; NWB_DimDiameter:SKIP
INFO | Candidate: NWB_DimDiameter | Scope=instance | Storage=String | ReadOnly=False | Shared=True | Id=7626172
ELEMENT | 13773764 | Size='32ø' | Width='' | Height='' | Diameter='32' | Statuses=NWB_DimWidth:SKIP; NWB_DimHeight:SKIP; NWB_DimDiameter:SKIP
INFO | Candidate: NWB_DimDiameter | Scope=instance | Storage=String | ReadOnly=False | Shared=True | Id=7626172
ELEMENT | 13773792 | Size='32ø' | Width='' | Height='' | Diameter='32' | Statuses=NWB_DimWidth:SKIP; NWB_DimHeight:SKIP; NWB_DimDiameter:SKIP
INFO | Candidate: NWB_DimDiameter | Scope=instance | Storage=String | ReadOnly=False | Shared=True | Id=7626172
ELEMENT | 13773800 | Size='32ø' | Width='' | Height='' | Diameter='32' | Statuses=NWB_DimWidth:SKIP; NWB_DimHeight:SKIP; NWB_DimDiameter:SKIP
INFO | Candidate: NWB_DimDiameter | Scope=instance | Storage=String | ReadOnly=False | Shared=True | Id=7626172
ELEMENT | 13773809 | Size='32ø' | Width='' | Height='' | Diameter='32' | Statuses=NWB_DimWidth:SKIP; NWB_DimHeight:SKIP; NWB_DimDiameter:SKIP
INFO | Candidate: NWB_DimDiameter | Scope=instance | Storage=String | ReadOnly=False | Shared=True | Id=7626172
ELEMENT | 13773812 | Size='32ø' | Width='' | Height='' | Diameter='32' | Statuses=NWB_DimWidth:SKIP; NWB_DimHeight:SKIP; NWB_DimDiameter:SKIP
INFO | Candidate: NWB_DimDiameter | Scope=instance | Storage=String | ReadOnly=False | Shared=True | Id=7626172
ELEMENT | 13773855 | Size='32ø' | Width='' | Height='' | Diameter='32' | Statuses=NWB_DimWidth:SKIP; NWB_DimHeight:SKIP; NWB_DimDiameter:SKIP
INFO | Candidate: NWB_DimDiameter | Scope=instance | Storage=String | ReadOnly=False | Shared=True | Id=7626172
ELEMENT | 13773858 | Size='32ø' | Width='' | Height='' | Diameter='32' | Statuses=NWB_DimWidth:SKIP; NWB_DimHeight:SKIP; NWB_DimDiameter:SKIP
INFO | Candidate: NWB_DimDiameter | Scope=instance | Storage=String | ReadOnly=False | Shared=True | Id=7626172
ELEMENT | 13774025 | Size='32ø' | Width='' | Height='' | Diameter='32' | Statuses=NWB_DimWidth:SKIP; NWB_DimHeight:SKIP; NWB_DimDiameter:SKIP
INFO | Candidate: NWB_DimDiameter | Scope=instance | Storage=String | ReadOnly=False | Shared=True | Id=7626172
ELEMENT | 13774082 | Size='32ø' | Width='' | Height='' | Diameter='32' | Statuses=NWB_DimWidth:SKIP; NWB_DimHeight:SKIP; NWB_DimDiameter:SKIP
INFO | Candidate: NWB_DimDiameter | Scope=instance | Storage=String | ReadOnly=False | Shared=True | Id=7626172
ELEMENT | 14024628 | Size='25ø' | Width='' | Height='' | Diameter='25' | Statuses=NWB_DimWidth:SKIP; NWB_DimHeight:SKIP; NWB_DimDiameter:SKIP
INFO | Candidate: NWB_DimDiameter | Scope=instance | Storage=String | ReadOnly=False | Shared=True | Id=7626172
ELEMENT | 14028781 | Size='25ø' | Width='' | Height='' | Diameter='25' | Statuses=NWB_DimWidth:SKIP; NWB_DimHeight:SKIP; NWB_DimDiameter:SKIP
INFO | Candidate: NWB_DimDiameter | Scope=instance | Storage=String | ReadOnly=False | Shared=True | Id=7626172
ELEMENT | 14029379 | Size='32ø' | Width='' | Height='' | Diameter='32' | Statuses=NWB_DimWidth:SKIP; NWB_DimHeight:SKIP; NWB_DimDiameter:SKIP
INFO | Candidate: NWB_DimDiameter | Scope=instance | Storage=String | ReadOnly=False | Shared=True | Id=7626172
ELEMENT | 14029388 | Size='32ø' | Width='' | Height='' | Diameter='32' | Statuses=NWB_DimWidth:SKIP; NWB_DimHeight:SKIP; NWB_DimDiameter:SKIP
INFO | Candidate: NWB_DimDiameter | Scope=instance | Storage=String | ReadOnly=False | Shared=True | Id=7626172
ELEMENT | 14029424 | Size='25ø' | Width='' | Height='' | Diameter='25' | Statuses=NWB_DimWidth:SKIP; NWB_DimHeight:SKIP; NWB_DimDiameter:SKIP
INFO | Candidate: NWB_DimDiameter | Scope=instance | Storage=String | ReadOnly=False | Shared=True | Id=7626172
ELEMENT | 14030234 | Size='32ø' | Width='' | Height='' | Diameter='32' | Statuses=NWB_DimWidth:SKIP; NWB_DimHeight:SKIP; NWB_DimDiameter:SKIP
INFO | Candidate: NWB_DimDiameter | Scope=instance | Storage=String | ReadOnly=False | Shared=True | Id=7626172
ELEMENT | 14030268 | Size='32ø' | Width='' | Height='' | Diameter='32' | Statuses=NWB_DimWidth:SKIP; NWB_DimHeight:SKIP; NWB_DimDiameter:SKIP
INFO | Candidate: NWB_DimDiameter | Scope=instance | Storage=String | ReadOnly=False | Shared=True | Id=7626172
ELEMENT | 14030278 | Size='32ø' | Width='' | Height='' | Diameter='32' | Statuses=NWB_DimWidth:SKIP; NWB_DimHeight:SKIP; NWB_DimDiameter:SKIP
INFO | Candidate: NWB_DimDiameter | Scope=instance | Storage=String | ReadOnly=False | Shared=True | Id=7626172
ELEMENT | 14030303 | Size='32ø' | Width='' | Height='' | Diameter='32' | Statuses=NWB_DimWidth:SKIP; NWB_DimHeight:SKIP; NWB_DimDiameter:SKIP
INFO | Candidate: NWB_DimDiameter | Scope=instance | Storage=String | ReadOnly=False | Shared=True | Id=7626172
ELEMENT | 14030313 | Size='32ø' | Width='' | Height='' | Diameter='32' | Statuses=NWB_DimWidth:SKIP; NWB_DimHeight:SKIP; NWB_DimDiameter:SKIP
INFO | Candidate: NWB_DimDiameter | Scope=instance | Storage=String | ReadOnly=False | Shared=True | Id=7626172
ELEMENT | 14030367 | Size='32ø' | Width='' | Height='' | Diameter='32' | Statuses=NWB_DimWidth:SKIP; NWB_DimHeight:SKIP; NWB_DimDiameter:SKIP
INFO | Candidate: NWB_DimDiameter | Scope=instance | Storage=String | ReadOnly=False | Shared=True | Id=7626172
ELEMENT | 14030407 | Size='32ø' | Width='' | Height='' | Diameter='32' | Statuses=NWB_DimWidth:SKIP; NWB_DimHeight:SKIP; NWB_DimDiameter:SKIP
INFO | Candidate: NWB_DimDiameter | Scope=instance | Storage=String | ReadOnly=False | Shared=True | Id=7626172
ELEMENT | 14030434 | Size='32ø' | Width='' | Height='' | Diameter='32' | Statuses=NWB_DimWidth:SKIP; NWB_DimHeight:SKIP; NWB_DimDiameter:SKIP
INFO | Candidate: NWB_DimDiameter | Scope=instance | Storage=String | ReadOnly=False | Shared=True | Id=7626172
ELEMENT | 14030446 | Size='32ø' | Width='' | Height='' | Diameter='32' | Statuses=NWB_DimWidth:SKIP; NWB_DimHeight:SKIP; NWB_DimDiameter:SKIP
INFO | Candidate: NWB_DimDiameter | Scope=instance | Storage=String | ReadOnly=False | Shared=True | Id=7626172
ELEMENT | 14030477 | Size='32ø' | Width='' | Height='' | Diameter='32' | Statuses=NWB_DimWidth:SKIP; NWB_DimHeight:SKIP; NWB_DimDiameter:SKIP
INFO | Candidate: NWB_DimDiameter | Scope=instance | Storage=String | ReadOnly=False | Shared=True | Id=7626172
ELEMENT | 14030487 | Size='32ø' | Width='' | Height='' | Diameter='32' | Statuses=NWB_DimWidth:SKIP; NWB_DimHeight:SKIP; NWB_DimDiameter:SKIP
INFO | Candidate: NWB_DimDiameter | Scope=instance | Storage=String | ReadOnly=False | Shared=True | Id=7626172
ELEMENT | 14030643 | Size='25ø' | Width='' | Height='' | Diameter='25' | Statuses=NWB_DimWidth:SKIP; NWB_DimHeight:SKIP; NWB_DimDiameter:SKIP
INFO | Candidate: NWB_DimDiameter | Scope=instance | Storage=String | ReadOnly=False | Shared=True | Id=7626172
ELEMENT | 14030670 | Size='25ø' | Width='' | Height='' | Diameter='25' | Statuses=NWB_DimWidth:SKIP; NWB_DimHeight:SKIP; NWB_DimDiameter:SKIP
INFO | Candidate: NWB_DimDiameter | Scope=instance | Storage=String | ReadOnly=False | Shared=True | Id=7626172
ELEMENT | 14030731 | Size='25ø' | Width='' | Height='' | Diameter='25' | Statuses=NWB_DimWidth:SKIP; NWB_DimHeight:SKIP; NWB_DimDiameter:SKIP
INFO | Candidate: NWB_DimDiameter | Scope=instance | Storage=String | ReadOnly=False | Shared=True | Id=7626172
ELEMENT | 14030885 | Size='32ø' | Width='' | Height='' | Diameter='32' | Statuses=NWB_DimWidth:SKIP; NWB_DimHeight:SKIP; NWB_DimDiameter:SKIP
INFO | Candidate: NWB_DimDiameter | Scope=instance | Storage=String | ReadOnly=False | Shared=True | Id=7626172
ELEMENT | 14030941 | Size='25ø' | Width='' | Height='' | Diameter='25' | Statuses=NWB_DimWidth:SKIP; NWB_DimHeight:SKIP; NWB_DimDiameter:SKIP
INFO | Candidate: NWB_DimDiameter | Scope=instance | Storage=String | ReadOnly=False | Shared=True | Id=7626172
ELEMENT | 14030989 | Size='32ø' | Width='' | Height='' | Diameter='32' | Statuses=NWB_DimWidth:SKIP; NWB_DimHeight:SKIP; NWB_DimDiameter:SKIP
INFO | Candidate: NWB_DimDiameter | Scope=instance | Storage=String | ReadOnly=False | Shared=True | Id=7626172
ELEMENT | 14031035 | Size='25ø' | Width='' | Height='' | Diameter='25' | Statuses=NWB_DimWidth:SKIP; NWB_DimHeight:SKIP; NWB_DimDiameter:SKIP
INFO | Candidate: NWB_DimDiameter | Scope=instance | Storage=String | ReadOnly=False | Shared=True | Id=7626172
ELEMENT | 14031057 | Size='25ø' | Width='' | Height='' | Diameter='25' | Statuses=NWB_DimWidth:SKIP; NWB_DimHeight:SKIP; NWB_DimDiameter:SKIP
INFO | Candidate: NWB_DimDiameter | Scope=instance | Storage=String | ReadOnly=False | Shared=True | Id=7626172
ELEMENT | 14031077 | Size='25ø' | Width='' | Height='' | Diameter='25' | Statuses=NWB_DimWidth:SKIP; NWB_DimHeight:SKIP; NWB_DimDiameter:SKIP
INFO | Candidate: NWB_DimDiameter | Scope=instance | Storage=String | ReadOnly=False | Shared=True | Id=7626172
ELEMENT | 14031124 | Size='25ø' | Width='' | Height='' | Diameter='25' | Statuses=NWB_DimWidth:SKIP; NWB_DimHeight:SKIP; NWB_DimDiameter:SKIP
INFO | Candidate: NWB_DimDiameter | Scope=instance | Storage=String | ReadOnly=False | Shared=True | Id=7626172
ELEMENT | 14031211 | Size='25ø' | Width='' | Height='' | Diameter='25' | Statuses=NWB_DimWidth:SKIP; NWB_DimHeight:SKIP; NWB_DimDiameter:SKIP
INFO | Candidate: NWB_DimDiameter | Scope=instance | Storage=String | ReadOnly=False | Shared=True | Id=7626172
ELEMENT | 14031250 | Size='25ø' | Width='' | Height='' | Diameter='25' | Statuses=NWB_DimWidth:SKIP; NWB_DimHeight:SKIP; NWB_DimDiameter:SKIP
INFO | Candidate: NWB_DimDiameter | Scope=instance | Storage=String | ReadOnly=False | Shared=True | Id=7626172
ELEMENT | 14034117 | Size='25ø' | Width='' | Height='' | Diameter='25' | Statuses=NWB_DimWidth:SKIP; NWB_DimHeight:SKIP; NWB_DimDiameter:SKIP
INFO | Candidate: NWB_DimDiameter | Scope=instance | Storage=String | ReadOnly=False | Shared=True | Id=7626172
ELEMENT | 14034121 | Size='32ø' | Width='' | Height='' | Diameter='32' | Statuses=NWB_DimWidth:SKIP; NWB_DimHeight:SKIP; NWB_DimDiameter:SKIP
INFO | Candidate: NWB_DimDiameter | Scope=instance | Storage=String | ReadOnly=False | Shared=True | Id=7626172
ELEMENT | 14034134 | Size='25ø' | Width='' | Height='' | Diameter='25' | Statuses=NWB_DimWidth:SKIP; NWB_DimHeight:SKIP; NWB_DimDiameter:SKIP
INFO | Candidate: NWB_DimDiameter | Scope=instance | Storage=String | ReadOnly=False | Shared=True | Id=7626172
ELEMENT | 14034139 | Size='25ø' | Width='' | Height='' | Diameter='25' | Statuses=NWB_DimWidth:SKIP; NWB_DimHeight:SKIP; NWB_DimDiameter:SKIP
INFO | Candidate: NWB_DimDiameter | Scope=instance | Storage=String | ReadOnly=False | Shared=True | Id=7626172
ELEMENT | 14034142 | Size='25ø' | Width='' | Height='' | Diameter='25' | Statuses=NWB_DimWidth:SKIP; NWB_DimHeight:SKIP; NWB_DimDiameter:SKIP
INFO | Candidate: NWB_DimDiameter | Scope=instance | Storage=String | ReadOnly=False | Shared=True | Id=7626172
ELEMENT | 14034231 | Size='25ø' | Width='' | Height='' | Diameter='25' | Statuses=NWB_DimWidth:SKIP; NWB_DimHeight:SKIP; NWB_DimDiameter:SKIP
INFO | Candidate: NWB_DimDiameter | Scope=instance | Storage=String | ReadOnly=False | Shared=True | Id=7626172
ELEMENT | 14034279 | Size='32ø' | Width='' | Height='' | Diameter='32' | Statuses=NWB_DimWidth:SKIP; NWB_DimHeight:SKIP; NWB_DimDiameter:SKIP
INFO | Transaction Status = Committed
WARN | Regenerate after commit failed: Modification of the document is forbidden.  Typically, this is because there is no open transaction;  consult documentation for Document.IsModified for other possible causes.
CHUNK COMMIT | Status=Committed | Processed=240
INFO | Candidate: NWB_DimDiameter | Scope=instance | Storage=String | ReadOnly=False | Shared=True | Id=7626172
ELEMENT | 14034285 | Size='25ø' | Width='' | Height='' | Diameter='25' | Statuses=NWB_DimWidth:SKIP; NWB_DimHeight:SKIP; NWB_DimDiameter:SKIP
INFO | Candidate: NWB_DimDiameter | Scope=instance | Storage=String | ReadOnly=False | Shared=True | Id=7626172
ELEMENT | 14034291 | Size='32ø' | Width='' | Height='' | Diameter='32' | Statuses=NWB_DimWidth:SKIP; NWB_DimHeight:SKIP; NWB_DimDiameter:SKIP
INFO | Candidate: NWB_DimDiameter | Scope=instance | Storage=String | ReadOnly=False | Shared=True | Id=7626172
ELEMENT | 14034294 | Size='32ø' | Width='' | Height='' | Diameter='32' | Statuses=NWB_DimWidth:SKIP; NWB_DimHeight:SKIP; NWB_DimDiameter:SKIP
INFO | Candidate: NWB_DimDiameter | Scope=instance | Storage=String | ReadOnly=False | Shared=True | Id=7626172
ELEMENT | 14034308 | Size='32ø' | Width='' | Height='' | Diameter='32' | Statuses=NWB_DimWidth:SKIP; NWB_DimHeight:SKIP; NWB_DimDiameter:SKIP
INFO | Candidate: NWB_DimDiameter | Scope=instance | Storage=String | ReadOnly=False | Shared=True | Id=7626172
ELEMENT | 14034311 | Size='32ø' | Width='' | Height='' | Diameter='32' | Statuses=NWB_DimWidth:SKIP; NWB_DimHeight:SKIP; NWB_DimDiameter:SKIP
INFO | Candidate: NWB_DimDiameter | Scope=instance | Storage=String | ReadOnly=False | Shared=True | Id=7626172
ELEMENT | 14045054 | Size='32ø' | Width='' | Height='' | Diameter='32' | Statuses=NWB_DimWidth:SKIP; NWB_DimHeight:SKIP; NWB_DimDiameter:SKIP
INFO | Candidate: NWB_DimDiameter | Scope=instance | Storage=String | ReadOnly=False | Shared=True | Id=7626172
ELEMENT | 14045080 | Size='32ø' | Width='' | Height='' | Diameter='32' | Statuses=NWB_DimWidth:SKIP; NWB_DimHeight:SKIP; NWB_DimDiameter:SKIP
INFO | Candidate: NWB_DimDiameter | Scope=instance | Storage=String | ReadOnly=False | Shared=True | Id=7626172
ELEMENT | 14045091 | Size='32ø' | Width='' | Height='' | Diameter='32' | Statuses=NWB_DimWidth:SKIP; NWB_DimHeight:SKIP; NWB_DimDiameter:SKIP
INFO | Candidate: NWB_DimDiameter | Scope=instance | Storage=String | ReadOnly=False | Shared=True | Id=7626172
ELEMENT | 14045119 | Size='32ø' | Width='' | Height='' | Diameter='32' | Statuses=NWB_DimWidth:SKIP; NWB_DimHeight:SKIP; NWB_DimDiameter:SKIP
INFO | Candidate: NWB_DimDiameter | Scope=instance | Storage=String | ReadOnly=False | Shared=True | Id=7626172
ELEMENT | 14045122 | Size='32ø' | Width='' | Height='' | Diameter='32' | Statuses=NWB_DimWidth:SKIP; NWB_DimHeight:SKIP; NWB_DimDiameter:SKIP
INFO | Candidate: NWB_DimDiameter | Scope=instance | Storage=String | ReadOnly=False | Shared=True | Id=7626172
ELEMENT | 14045148 | Size='32ø' | Width='' | Height='' | Diameter='32' | Statuses=NWB_DimWidth:SKIP; NWB_DimHeight:SKIP; NWB_DimDiameter:SKIP
INFO | Candidate: NWB_DimDiameter | Scope=instance | Storage=String | ReadOnly=False | Shared=True | Id=7626172
ELEMENT | 14045151 | Size='32ø' | Width='' | Height='' | Diameter='32' | Statuses=NWB_DimWidth:SKIP; NWB_DimHeight:SKIP; NWB_DimDiameter:SKIP
INFO | Candidate: NWB_DimDiameter | Scope=instance | Storage=String | ReadOnly=False | Shared=True | Id=7626172
ELEMENT | 14045165 | Size='32ø' | Width='' | Height='' | Diameter='32' | Statuses=NWB_DimWidth:SKIP; NWB_DimHeight:SKIP; NWB_DimDiameter:SKIP
INFO | Candidate: NWB_DimDiameter | Scope=instance | Storage=String | ReadOnly=False | Shared=True | Id=7626172
ELEMENT | 14045168 | Size='32ø' | Width='' | Height='' | Diameter='32' | Statuses=NWB_DimWidth:SKIP; NWB_DimHeight:SKIP; NWB_DimDiameter:SKIP
INFO | Candidate: NWB_DimDiameter | Scope=instance | Storage=String | ReadOnly=False | Shared=True | Id=7626172
ELEMENT | 14045188 | Size='32ø' | Width='' | Height='' | Diameter='32' | Statuses=NWB_DimWidth:SKIP; NWB_DimHeight:SKIP; NWB_DimDiameter:SKIP
INFO | Candidate: NWB_DimDiameter | Scope=instance | Storage=String | ReadOnly=False | Shared=True | Id=7626172
ELEMENT | 14045191 | Size='32ø' | Width='' | Height='' | Diameter='32' | Statuses=NWB_DimWidth:SKIP; NWB_DimHeight:SKIP; NWB_DimDiameter:SKIP
INFO | Candidate: NWB_DimDiameter | Scope=instance | Storage=String | ReadOnly=False | Shared=True | Id=7626172
ELEMENT | 14045215 | Size='25ø' | Width='' | Height='' | Diameter='25' | Statuses=NWB_DimWidth:SKIP; NWB_DimHeight:SKIP; NWB_DimDiameter:SKIP
INFO | Candidate: NWB_DimDiameter | Scope=instance | Storage=String | ReadOnly=False | Shared=True | Id=7626172
ELEMENT | 14049628 | Size='32ø' | Width='' | Height='' | Diameter='32' | Statuses=NWB_DimWidth:SKIP; NWB_DimHeight:SKIP; NWB_DimDiameter:SKIP
INFO | Candidate: NWB_DimDiameter | Scope=instance | Storage=String | ReadOnly=False | Shared=True | Id=7626172
ELEMENT | 14049631 | Size='32ø' | Width='' | Height='' | Diameter='32' | Statuses=NWB_DimWidth:SKIP; NWB_DimHeight:SKIP; NWB_DimDiameter:SKIP
INFO | Candidate: NWB_DimDiameter | Scope=instance | Storage=String | ReadOnly=False | Shared=True | Id=7626172
ELEMENT | 14049646 | Size='32ø' | Width='' | Height='' | Diameter='32' | Statuses=NWB_DimWidth:SKIP; NWB_DimHeight:SKIP; NWB_DimDiameter:SKIP
INFO | Candidate: NWB_DimDiameter | Scope=instance | Storage=String | ReadOnly=False | Shared=True | Id=7626172
ELEMENT | 14049649 | Size='32ø' | Width='' | Height='' | Diameter='32' | Statuses=NWB_DimWidth:SKIP; NWB_DimHeight:SKIP; NWB_DimDiameter:SKIP
INFO | Candidate: NWB_DimDiameter | Scope=instance | Storage=String | ReadOnly=False | Shared=True | Id=7626172
ELEMENT | 14049675 | Size='32ø' | Width='' | Height='' | Diameter='32' | Statuses=NWB_DimWidth:SKIP; NWB_DimHeight:SKIP; NWB_DimDiameter:SKIP
INFO | Candidate: NWB_DimDiameter | Scope=instance | Storage=String | ReadOnly=False | Shared=True | Id=7626172
ELEMENT | 14049688 | Size='32ø' | Width='' | Height='' | Diameter='32' | Statuses=NWB_DimWidth:SKIP; NWB_DimHeight:SKIP; NWB_DimDiameter:SKIP
INFO | Candidate: NWB_DimDiameter | Scope=instance | Storage=String | ReadOnly=False | Shared=True | Id=7626172
ELEMENT | 14049700 | Size='32ø' | Width='' | Height='' | Diameter='32' | Statuses=NWB_DimWidth:SKIP; NWB_DimHeight:SKIP; NWB_DimDiameter:SKIP
INFO | Candidate: NWB_DimDiameter | Scope=instance | Storage=String | ReadOnly=False | Shared=True | Id=7626172
ELEMENT | 14049725 | Size='32ø' | Width='' | Height='' | Diameter='32' | Statuses=NWB_DimWidth:SKIP; NWB_DimHeight:SKIP; NWB_DimDiameter:SKIP
INFO | Candidate: NWB_DimDiameter | Scope=instance | Storage=String | ReadOnly=False | Shared=True | Id=7626172
ELEMENT | 14049731 | Size='32ø' | Width='' | Height='' | Diameter='32' | Statuses=NWB_DimWidth:SKIP; NWB_DimHeight:SKIP; NWB_DimDiameter:SKIP
INFO | Candidate: NWB_DimDiameter | Scope=instance | Storage=String | ReadOnly=False | Shared=True | Id=7626172
ELEMENT | 14049876 | Size='25ø' | Width='' | Height='' | Diameter='25' | Statuses=NWB_DimWidth:SKIP; NWB_DimHeight:SKIP; NWB_DimDiameter:SKIP
INFO | Candidate: NWB_DimDiameter | Scope=instance | Storage=String | ReadOnly=False | Shared=True | Id=7626172
ELEMENT | 14050124 | Size='32ø' | Width='' | Height='' | Diameter='32' | Statuses=NWB_DimWidth:SKIP; NWB_DimHeight:SKIP; NWB_DimDiameter:SKIP
INFO | Candidate: NWB_DimDiameter | Scope=instance | Storage=String | ReadOnly=False | Shared=True | Id=7626172
ELEMENT | 14050161 | Size='32ø' | Width='' | Height='' | Diameter='32' | Statuses=NWB_DimWidth:SKIP; NWB_DimHeight:SKIP; NWB_DimDiameter:SKIP
INFO | Candidate: NWB_DimDiameter | Scope=instance | Storage=String | ReadOnly=False | Shared=True | Id=7626172
ELEMENT | 14050195 | Size='32ø' | Width='' | Height='' | Diameter='32' | Statuses=NWB_DimWidth:SKIP; NWB_DimHeight:SKIP; NWB_DimDiameter:SKIP
INFO | Candidate: NWB_DimDiameter | Scope=instance | Storage=String | ReadOnly=False | Shared=True | Id=7626172
ELEMENT | 14050232 | Size='32ø' | Width='' | Height='' | Diameter='32' | Statuses=NWB_DimWidth:SKIP; NWB_DimHeight:SKIP; NWB_DimDiameter:SKIP
INFO | Candidate: NWB_DimDiameter | Scope=instance | Storage=String | ReadOnly=False | Shared=True | Id=7626172
ELEMENT | 14050329 | Size='32ø' | Width='' | Height='' | Diameter='32' | Statuses=NWB_DimWidth:SKIP; NWB_DimHeight:SKIP; NWB_DimDiameter:SKIP
INFO | Candidate: NWB_DimDiameter | Scope=instance | Storage=String | ReadOnly=False | Shared=True | Id=7626172
ELEMENT | 14050376 | Size='32ø' | Width='' | Height='' | Diameter='32' | Statuses=NWB_DimWidth:SKIP; NWB_DimHeight:SKIP; NWB_DimDiameter:SKIP
INFO | Candidate: NWB_DimDiameter | Scope=instance | Storage=String | ReadOnly=False | Shared=True | Id=7626172
ELEMENT | 14050379 | Size='32ø' | Width='' | Height='' | Diameter='32' | Statuses=NWB_DimWidth:SKIP; NWB_DimHeight:SKIP; NWB_DimDiameter:SKIP
INFO | Candidate: NWB_DimDiameter | Scope=instance | Storage=String | ReadOnly=False | Shared=True | Id=7626172
ELEMENT | 14050432 | Size='32ø' | Width='' | Height='' | Diameter='32' | Statuses=NWB_DimWidth:SKIP; NWB_DimHeight:SKIP; NWB_DimDiameter:SKIP
INFO | Candidate: NWB_DimDiameter | Scope=instance | Storage=String | ReadOnly=False | Shared=True | Id=7626172
ELEMENT | 14050435 | Size='32ø' | Width='' | Height='' | Diameter='32' | Statuses=NWB_DimWidth:SKIP; NWB_DimHeight:SKIP; NWB_DimDiameter:SKIP
INFO | Candidate: NWB_DimDiameter | Scope=instance | Storage=String | ReadOnly=False | Shared=True | Id=7626172
ELEMENT | 14616335 | Size='250ø' | Width='' | Height='' | Diameter='250' | Statuses=NWB_DimWidth:SKIP; NWB_DimHeight:SKIP; NWB_DimDiameter:SKIP
INFO | Candidate: NWB_DimDiameter | Scope=instance | Storage=String | ReadOnly=False | Shared=True | Id=7626172
ELEMENT | 14616337 | Size='250ø' | Width='' | Height='' | Diameter='250' | Statuses=NWB_DimWidth:SKIP; NWB_DimHeight:SKIP; NWB_DimDiameter:SKIP
INFO | Candidate: NWB_DimDiameter | Scope=instance | Storage=String | ReadOnly=False | Shared=True | Id=7626172
ELEMENT | 15053634 | Size='32ø' | Width='' | Height='' | Diameter='32' | Statuses=NWB_DimWidth:SKIP; NWB_DimHeight:SKIP; NWB_DimDiameter:SKIP
INFO | Candidate: NWB_DimDiameter | Scope=instance | Storage=String | ReadOnly=False | Shared=True | Id=7626172
ELEMENT | 15053645 | Size='32ø' | Width='' | Height='' | Diameter='32' | Statuses=NWB_DimWidth:SKIP; NWB_DimHeight:SKIP; NWB_DimDiameter:SKIP
INFO | Candidate: NWB_DimDiameter | Scope=instance | Storage=String | ReadOnly=False | Shared=True | Id=7626172
ELEMENT | 15053648 | Size='32ø' | Width='' | Height='' | Diameter='32' | Statuses=NWB_DimWidth:SKIP; NWB_DimHeight:SKIP; NWB_DimDiameter:SKIP
INFO | Candidate: NWB_DimDiameter | Scope=instance | Storage=String | ReadOnly=False | Shared=True | Id=7626172
ELEMENT | 15053664 | Size='32ø' | Width='' | Height='' | Diameter='32' | Statuses=NWB_DimWidth:SKIP; NWB_DimHeight:SKIP; NWB_DimDiameter:SKIP
INFO | Candidate: NWB_DimDiameter | Scope=instance | Storage=String | ReadOnly=False | Shared=True | Id=7626172
ELEMENT | 15053687 | Size='32ø' | Width='' | Height='' | Diameter='32' | Statuses=NWB_DimWidth:SKIP; NWB_DimHeight:SKIP; NWB_DimDiameter:SKIP
INFO | Candidate: NWB_DimDiameter | Scope=instance | Storage=String | ReadOnly=False | Shared=True | Id=7626172
ELEMENT | 15053696 | Size='32ø' | Width='' | Height='' | Diameter='32' | Statuses=NWB_DimWidth:SKIP; NWB_DimHeight:SKIP; NWB_DimDiameter:SKIP
INFO | Candidate: NWB_DimDiameter | Scope=instance | Storage=String | ReadOnly=False | Shared=True | Id=7626172
ELEMENT | 15053699 | Size='32ø' | Width='' | Height='' | Diameter='32' | Statuses=NWB_DimWidth:SKIP; NWB_DimHeight:SKIP; NWB_DimDiameter:SKIP
INFO | Candidate: NWB_DimDiameter | Scope=instance | Storage=String | ReadOnly=False | Shared=True | Id=7626172
ELEMENT | 15053708 | Size='32ø' | Width='' | Height='' | Diameter='32' | Statuses=NWB_DimWidth:SKIP; NWB_DimHeight:SKIP; NWB_DimDiameter:SKIP
INFO | Candidate: NWB_DimDiameter | Scope=instance | Storage=String | ReadOnly=False | Shared=True | Id=7626172
ELEMENT | 15099039 | Size='25ø' | Width='' | Height='' | Diameter='25' | Statuses=NWB_DimWidth:SKIP; NWB_DimHeight:SKIP; NWB_DimDiameter:SKIP
INFO | Candidate: NWB_DimDiameter | Scope=instance | Storage=String | ReadOnly=False | Shared=True | Id=7626172
ELEMENT | 15099041 | Size='25ø' | Width='' | Height='' | Diameter='25' | Statuses=NWB_DimWidth:SKIP; NWB_DimHeight:SKIP; NWB_DimDiameter:SKIP
INFO | Candidate: NWB_DimDiameter | Scope=instance | Storage=String | ReadOnly=False | Shared=True | Id=7626172
ELEMENT | 15099043 | Size='15ø' | Width='' | Height='' | Diameter='15' | Statuses=NWB_DimWidth:SKIP; NWB_DimHeight:SKIP; NWB_DimDiameter:SKIP
INFO | Candidate: NWB_DimDiameter | Scope=instance | Storage=String | ReadOnly=False | Shared=True | Id=7626172
ELEMENT | 15099045 | Size='15ø' | Width='' | Height='' | Diameter='15' | Statuses=NWB_DimWidth:SKIP; NWB_DimHeight:SKIP; NWB_DimDiameter:SKIP
INFO | Candidate: NWB_DimDiameter | Scope=instance | Storage=String | ReadOnly=False | Shared=True | Id=7626172
ELEMENT | 15099051 | Size='25ø' | Width='' | Height='' | Diameter='25' | Statuses=NWB_DimWidth:SKIP; NWB_DimHeight:SKIP; NWB_DimDiameter:SKIP
INFO | Candidate: NWB_DimDiameter | Scope=instance | Storage=String | ReadOnly=False | Shared=True | Id=7626172
ELEMENT | 15099055 | Size='15ø' | Width='' | Height='' | Diameter='15' | Statuses=NWB_DimWidth:SKIP; NWB_DimHeight:SKIP; NWB_DimDiameter:SKIP
INFO | Candidate: NWB_DimDiameter | Scope=instance | Storage=String | ReadOnly=False | Shared=True | Id=7626172
ELEMENT | 15099114 | Size='50ø' | Width='' | Height='' | Diameter='50' | Statuses=NWB_DimWidth:SKIP; NWB_DimHeight:SKIP; NWB_DimDiameter:SKIP
INFO | Candidate: NWB_DimDiameter | Scope=instance | Storage=String | ReadOnly=False | Shared=True | Id=7626172
ELEMENT | 15182571 | Size='32ø' | Width='' | Height='' | Diameter='32' | Statuses=NWB_DimWidth:SKIP; NWB_DimHeight:SKIP; NWB_DimDiameter:SKIP
INFO | Candidate: NWB_DimDiameter | Scope=instance | Storage=String | ReadOnly=False | Shared=True | Id=7626172
ELEMENT | 15182607 | Size='32ø' | Width='' | Height='' | Diameter='32' | Statuses=NWB_DimWidth:SKIP; NWB_DimHeight:SKIP; NWB_DimDiameter:SKIP
INFO | Candidate: NWB_DimDiameter | Scope=instance | Storage=String | ReadOnly=False | Shared=True | Id=7626172
ELEMENT | 15182673 | Size='32ø' | Width='' | Height='' | Diameter='32' | Statuses=NWB_DimWidth:SKIP; NWB_DimHeight:SKIP; NWB_DimDiameter:SKIP
INFO | Candidate: NWB_DimDiameter | Scope=instance | Storage=String | ReadOnly=False | Shared=True | Id=7626172
ELEMENT | 15183628 | Size='15ø' | Width='' | Height='' | Diameter='15' | Statuses=NWB_DimWidth:SKIP; NWB_DimHeight:SKIP; NWB_DimDiameter:SKIP
INFO | Candidate: NWB_DimDiameter | Scope=instance | Storage=String | ReadOnly=False | Shared=True | Id=7626172
ELEMENT | 15183680 | Size='25ø' | Width='' | Height='' | Diameter='25' | Statuses=NWB_DimWidth:SKIP; NWB_DimHeight:SKIP; NWB_DimDiameter:SKIP
INFO | Candidate: NWB_DimDiameter | Scope=instance | Storage=String | ReadOnly=False | Shared=True | Id=7626172
ELEMENT | 15183929 | Size='40ø' | Width='' | Height='' | Diameter='40' | Statuses=NWB_DimWidth:SKIP; NWB_DimHeight:SKIP; NWB_DimDiameter:SKIP
INFO | Candidate: NWB_DimDiameter | Scope=instance | Storage=String | ReadOnly=False | Shared=True | Id=7626172
ELEMENT | 15183979 | Size='40ø' | Width='' | Height='' | Diameter='40' | Statuses=NWB_DimWidth:SKIP; NWB_DimHeight:SKIP; NWB_DimDiameter:SKIP
INFO | Candidate: NWB_DimDiameter | Scope=instance | Storage=String | ReadOnly=False | Shared=True | Id=7626172
ELEMENT | 15263740 | Size='25ø' | Width='' | Height='' | Diameter='25' | Statuses=NWB_DimWidth:SKIP; NWB_DimHeight:SKIP; NWB_DimDiameter:SKIP
INFO | Candidate: NWB_DimDiameter | Scope=instance | Storage=String | ReadOnly=False | Shared=True | Id=7626172
ELEMENT | 15263742 | Size='25ø' | Width='' | Height='' | Diameter='25' | Statuses=NWB_DimWidth:SKIP; NWB_DimHeight:SKIP; NWB_DimDiameter:SKIP
INFO | Candidate: NWB_DimDiameter | Scope=instance | Storage=String | ReadOnly=False | Shared=True | Id=7626172
ELEMENT | 15263746 | Size='32ø' | Width='' | Height='' | Diameter='32' | Statuses=NWB_DimWidth:SKIP; NWB_DimHeight:SKIP; NWB_DimDiameter:SKIP
INFO | Candidate: NWB_DimDiameter | Scope=instance | Storage=String | ReadOnly=False | Shared=True | Id=7626172
ELEMENT | 15263758 | Size='32ø' | Width='' | Height='' | Diameter='32' | Statuses=NWB_DimWidth:SKIP; NWB_DimHeight:SKIP; NWB_DimDiameter:SKIP
INFO | Candidate: NWB_DimDiameter | Scope=instance | Storage=String | ReadOnly=False | Shared=True | Id=7626172
ELEMENT | 15263761 | Size='32ø' | Width='' | Height='' | Diameter='32' | Statuses=NWB_DimWidth:SKIP; NWB_DimHeight:SKIP; NWB_DimDiameter:SKIP
INFO | Candidate: NWB_DimDiameter | Scope=instance | Storage=String | ReadOnly=False | Shared=True | Id=7626172
ELEMENT | 15263770 | Size='25ø' | Width='' | Height='' | Diameter='25' | Statuses=NWB_DimWidth:SKIP; NWB_DimHeight:SKIP; NWB_DimDiameter:SKIP
INFO | Candidate: NWB_DimDiameter | Scope=instance | Storage=String | ReadOnly=False | Shared=True | Id=7626172
ELEMENT | 15263774 | Size='25ø' | Width='' | Height='' | Diameter='25' | Statuses=NWB_DimWidth:SKIP; NWB_DimHeight:SKIP; NWB_DimDiameter:SKIP
INFO | Candidate: NWB_DimDiameter | Scope=instance | Storage=String | ReadOnly=False | Shared=True | Id=7626172
ELEMENT | 15263778 | Size='25ø' | Width='' | Height='' | Diameter='25' | Statuses=NWB_DimWidth:SKIP; NWB_DimHeight:SKIP; NWB_DimDiameter:SKIP
INFO | Candidate: NWB_DimDiameter | Scope=instance | Storage=String | ReadOnly=False | Shared=True | Id=7626172
ELEMENT | 15263782 | Size='25ø' | Width='' | Height='' | Diameter='25' | Statuses=NWB_DimWidth:SKIP; NWB_DimHeight:SKIP; NWB_DimDiameter:SKIP
INFO | Candidate: NWB_DimDiameter | Scope=instance | Storage=String | ReadOnly=False | Shared=True | Id=7626172
ELEMENT | 15263797 | Size='32ø' | Width='' | Height='' | Diameter='32' | Statuses=NWB_DimWidth:SKIP; NWB_DimHeight:SKIP; NWB_DimDiameter:SKIP
INFO | Candidate: NWB_DimDiameter | Scope=instance | Storage=String | ReadOnly=False | Shared=True | Id=7626172
ELEMENT | 15263799 | Size='32ø' | Width='' | Height='' | Diameter='32' | Statuses=NWB_DimWidth:SKIP; NWB_DimHeight:SKIP; NWB_DimDiameter:SKIP
INFO | Candidate: NWB_DimDiameter | Scope=instance | Storage=String | ReadOnly=False | Shared=True | Id=7626172
ELEMENT | 15263807 | Size='32ø' | Width='' | Height='' | Diameter='32' | Statuses=NWB_DimWidth:SKIP; NWB_DimHeight:SKIP; NWB_DimDiameter:SKIP
INFO | Candidate: NWB_DimDiameter | Scope=instance | Storage=String | ReadOnly=False | Shared=True | Id=7626172
ELEMENT | 15263811 | Size='32ø' | Width='' | Height='' | Diameter='32' | Statuses=NWB_DimWidth:SKIP; NWB_DimHeight:SKIP; NWB_DimDiameter:SKIP
INFO | Candidate: NWB_DimDiameter | Scope=instance | Storage=String | ReadOnly=False | Shared=True | Id=7626172
ELEMENT | 15263815 | Size='32ø' | Width='' | Height='' | Diameter='32' | Statuses=NWB_DimWidth:SKIP; NWB_DimHeight:SKIP; NWB_DimDiameter:SKIP
INFO | Candidate: NWB_DimDiameter | Scope=instance | Storage=String | ReadOnly=False | Shared=True | Id=7626172
ELEMENT | 15263823 | Size='32ø' | Width='' | Height='' | Diameter='32' | Statuses=NWB_DimWidth:SKIP; NWB_DimHeight:SKIP; NWB_DimDiameter:SKIP
INFO | Candidate: NWB_DimDiameter | Scope=instance | Storage=String | ReadOnly=False | Shared=True | Id=7626172
ELEMENT | 15263832 | Size='25ø' | Width='' | Height='' | Diameter='25' | Statuses=NWB_DimWidth:SKIP; NWB_DimHeight:SKIP; NWB_DimDiameter:SKIP
INFO | Candidate: NWB_DimDiameter | Scope=instance | Storage=String | ReadOnly=False | Shared=True | Id=7626172
ELEMENT | 15263834 | Size='25ø' | Width='' | Height='' | Diameter='25' | Statuses=NWB_DimWidth:SKIP; NWB_DimHeight:SKIP; NWB_DimDiameter:SKIP
INFO | Candidate: NWB_DimDiameter | Scope=instance | Storage=String | ReadOnly=False | Shared=True | Id=7626172
ELEMENT | 15263842 | Size='25ø' | Width='' | Height='' | Diameter='25' | Statuses=NWB_DimWidth:SKIP; NWB_DimHeight:SKIP; NWB_DimDiameter:SKIP
INFO | Candidate: NWB_DimDiameter | Scope=instance | Storage=String | ReadOnly=False | Shared=True | Id=7626172
ELEMENT | 15263851 | Size='25ø' | Width='' | Height='' | Diameter='25' | Statuses=NWB_DimWidth:SKIP; NWB_DimHeight:SKIP; NWB_DimDiameter:SKIP
INFO | Candidate: NWB_DimDiameter | Scope=instance | Storage=String | ReadOnly=False | Shared=True | Id=7626172
ELEMENT | 15263863 | Size='25ø' | Width='' | Height='' | Diameter='25' | Statuses=NWB_DimWidth:SKIP; NWB_DimHeight:SKIP; NWB_DimDiameter:SKIP
INFO | Candidate: NWB_DimDiameter | Scope=instance | Storage=String | ReadOnly=False | Shared=True | Id=7626172
ELEMENT | 15263872 | Size='25ø' | Width='' | Height='' | Diameter='25' | Statuses=NWB_DimWidth:SKIP; NWB_DimHeight:SKIP; NWB_DimDiameter:SKIP
INFO | Candidate: NWB_DimDiameter | Scope=instance | Storage=String | ReadOnly=False | Shared=True | Id=7626172
ELEMENT | 15263884 | Size='32ø' | Width='' | Height='' | Diameter='32' | Statuses=NWB_DimWidth:SKIP; NWB_DimHeight:SKIP; NWB_DimDiameter:SKIP
INFO | Candidate: NWB_DimDiameter | Scope=instance | Storage=String | ReadOnly=False | Shared=True | Id=7626172
ELEMENT | 15263887 | Size='32ø' | Width='' | Height='' | Diameter='32' | Statuses=NWB_DimWidth:SKIP; NWB_DimHeight:SKIP; NWB_DimDiameter:SKIP
INFO | Candidate: NWB_DimDiameter | Scope=instance | Storage=String | ReadOnly=False | Shared=True | Id=7626172
ELEMENT | 15263898 | Size='32ø' | Width='' | Height='' | Diameter='32' | Statuses=NWB_DimWidth:SKIP; NWB_DimHeight:SKIP; NWB_DimDiameter:SKIP
INFO | Candidate: NWB_DimDiameter | Scope=instance | Storage=String | ReadOnly=False | Shared=True | Id=7626172
ELEMENT | 15263901 | Size='32ø' | Width='' | Height='' | Diameter='32' | Statuses=NWB_DimWidth:SKIP; NWB_DimHeight:SKIP; NWB_DimDiameter:SKIP
INFO | Candidate: NWB_DimDiameter | Scope=instance | Storage=String | ReadOnly=False | Shared=True | Id=7626172
ELEMENT | 15268008 | Size='50ø' | Width='' | Height='' | Diameter='50' | Statuses=NWB_DimWidth:SKIP; NWB_DimHeight:SKIP; NWB_DimDiameter:SKIP
INFO | Candidate: NWB_DimDiameter | Scope=instance | Storage=String | ReadOnly=False | Shared=True | Id=7626172
ELEMENT | 15269118 | Size='50ø' | Width='' | Height='' | Diameter='50' | Statuses=NWB_DimWidth:SKIP; NWB_DimHeight:SKIP; NWB_DimDiameter:SKIP
INFO | Candidate: NWB_DimDiameter | Scope=instance | Storage=String | ReadOnly=False | Shared=True | Id=7626172
ELEMENT | 15269128 | Size='50ø' | Width='' | Height='' | Diameter='50' | Statuses=NWB_DimWidth:SKIP; NWB_DimHeight:SKIP; NWB_DimDiameter:SKIP
INFO | Candidate: NWB_DimDiameter | Scope=instance | Storage=String | ReadOnly=False | Shared=True | Id=7626172
ELEMENT | 15269130 | Size='50ø' | Width='' | Height='' | Diameter='50' | Statuses=NWB_DimWidth:SKIP; NWB_DimHeight:SKIP; NWB_DimDiameter:SKIP
INFO | Candidate: NWB_DimDiameter | Scope=instance | Storage=String | ReadOnly=False | Shared=True | Id=7626172
ELEMENT | 15269159 | Size='50ø' | Width='' | Height='' | Diameter='50' | Statuses=NWB_DimWidth:SKIP; NWB_DimHeight:SKIP; NWB_DimDiameter:SKIP
INFO | Candidate: NWB_DimDiameter | Scope=instance | Storage=String | ReadOnly=False | Shared=True | Id=7626172
ELEMENT | 15269173 | Size='20ø' | Width='' | Height='' | Diameter='20' | Statuses=NWB_DimWidth:SKIP; NWB_DimHeight:SKIP; NWB_DimDiameter:SKIP
INFO | Candidate: NWB_DimDiameter | Scope=instance | Storage=String | ReadOnly=False | Shared=True | Id=7626172
ELEMENT | 15269177 | Size='20ø' | Width='' | Height='' | Diameter='20' | Statuses=NWB_DimWidth:SKIP; NWB_DimHeight:SKIP; NWB_DimDiameter:SKIP
INFO | Candidate: NWB_DimDiameter | Scope=instance | Storage=String | ReadOnly=False | Shared=True | Id=7626172
ELEMENT | 15269179 | Size='50ø' | Width='' | Height='' | Diameter='50' | Statuses=NWB_DimWidth:SKIP; NWB_DimHeight:SKIP; NWB_DimDiameter:SKIP
INFO | Candidate: NWB_DimDiameter | Scope=instance | Storage=String | ReadOnly=False | Shared=True | Id=7626172
ELEMENT | 15269184 | Size='50ø' | Width='' | Height='' | Diameter='50' | Statuses=NWB_DimWidth:SKIP; NWB_DimHeight:SKIP; NWB_DimDiameter:SKIP
INFO | Candidate: NWB_DimDiameter | Scope=instance | Storage=String | ReadOnly=False | Shared=True | Id=7626172
ELEMENT | 15269243 | Size='20ø' | Width='' | Height='' | Diameter='20' | Statuses=NWB_DimWidth:SKIP; NWB_DimHeight:SKIP; NWB_DimDiameter:SKIP
INFO | Candidate: NWB_DimDiameter | Scope=instance | Storage=String | ReadOnly=False | Shared=True | Id=7626172
ELEMENT | 15269247 | Size='20ø' | Width='' | Height='' | Diameter='20' | Statuses=NWB_DimWidth:SKIP; NWB_DimHeight:SKIP; NWB_DimDiameter:SKIP
INFO | Candidate: NWB_DimDiameter | Scope=instance | Storage=String | ReadOnly=False | Shared=True | Id=7626172
ELEMENT | 15269631 | Size='50ø' | Width='' | Height='' | Diameter='50' | Statuses=NWB_DimWidth:SKIP; NWB_DimHeight:SKIP; NWB_DimDiameter:SKIP
INFO | Candidate: NWB_DimDiameter | Scope=instance | Storage=String | ReadOnly=False | Shared=True | Id=7626172
ELEMENT | 15269633 | Size='50ø' | Width='' | Height='' | Diameter='50' | Statuses=NWB_DimWidth:SKIP; NWB_DimHeight:SKIP; NWB_DimDiameter:SKIP
INFO | Candidate: NWB_DimDiameter | Scope=instance | Storage=String | ReadOnly=False | Shared=True | Id=7626172
ELEMENT | 15269799 | Size='50ø' | Width='' | Height='' | Diameter='50' | Statuses=NWB_DimWidth:SKIP; NWB_DimHeight:SKIP; NWB_DimDiameter:SKIP
INFO | Candidate: NWB_DimDiameter | Scope=instance | Storage=String | ReadOnly=False | Shared=True | Id=7626172
ELEMENT | 15269864 | Size='20ø' | Width='' | Height='' | Diameter='20' | Statuses=NWB_DimWidth:SKIP; NWB_DimHeight:SKIP; NWB_DimDiameter:SKIP
INFO | Candidate: NWB_DimDiameter | Scope=instance | Storage=String | ReadOnly=False | Shared=True | Id=7626172
ELEMENT | 15270272 | Size='50ø' | Width='' | Height='' | Diameter='50' | Statuses=NWB_DimWidth:SKIP; NWB_DimHeight:SKIP; NWB_DimDiameter:SKIP
INFO | Candidate: NWB_DimDiameter | Scope=instance | Storage=String | ReadOnly=False | Shared=True | Id=7626172
ELEMENT | 15270344 | Size='20ø' | Width='' | Height='' | Diameter='20' | Statuses=NWB_DimWidth:SKIP; NWB_DimHeight:SKIP; NWB_DimDiameter:SKIP
INFO | Candidate: NWB_DimDiameter | Scope=instance | Storage=String | ReadOnly=False | Shared=True | Id=7626172
ELEMENT | 15270475 | Size='25ø' | Width='' | Height='' | Diameter='25' | Statuses=NWB_DimWidth:SKIP; NWB_DimHeight:SKIP; NWB_DimDiameter:SKIP
INFO | Candidate: NWB_DimDiameter | Scope=instance | Storage=String | ReadOnly=False | Shared=True | Id=7626172
ELEMENT | 15270571 | Size='50ø' | Width='' | Height='' | Diameter='50' | Statuses=NWB_DimWidth:SKIP; NWB_DimHeight:SKIP; NWB_DimDiameter:SKIP
INFO | Candidate: NWB_DimDiameter | Scope=instance | Storage=String | ReadOnly=False | Shared=True | Id=7626172
ELEMENT | 15270574 | Size='50ø' | Width='' | Height='' | Diameter='50' | Statuses=NWB_DimWidth:SKIP; NWB_DimHeight:SKIP; NWB_DimDiameter:SKIP
INFO | Candidate: NWB_DimDiameter | Scope=instance | Storage=String | ReadOnly=False | Shared=True | Id=7626172
ELEMENT | 15294136 | Size='300ø' | Width='' | Height='' | Diameter='300' | Statuses=NWB_DimWidth:SKIP; NWB_DimHeight:SKIP; NWB_DimDiameter:SKIP
INFO | Candidate: NWB_DimDiameter | Scope=instance | Storage=String | ReadOnly=False | Shared=True | Id=7626172
ELEMENT | 15294138 | Size='300ø' | Width='' | Height='' | Diameter='300' | Statuses=NWB_DimWidth:SKIP; NWB_DimHeight:SKIP; NWB_DimDiameter:SKIP
INFO | Candidate: NWB_DimDiameter | Scope=instance | Storage=String | ReadOnly=False | Shared=True | Id=7626172
ELEMENT | 15294140 | Size='600ø' | Width='' | Height='' | Diameter='600' | Statuses=NWB_DimWidth:SKIP; NWB_DimHeight:SKIP; NWB_DimDiameter:SKIP
INFO | Candidate: NWB_DimDiameter | Scope=instance | Storage=String | ReadOnly=False | Shared=True | Id=7626172
ELEMENT | 15294142 | Size='600ø' | Width='' | Height='' | Diameter='600' | Statuses=NWB_DimWidth:SKIP; NWB_DimHeight:SKIP; NWB_DimDiameter:SKIP
INFO | Candidate: NWB_DimDiameter | Scope=instance | Storage=String | ReadOnly=False | Shared=True | Id=7626172
ELEMENT | 15328406 | Size='25ø' | Width='' | Height='' | Diameter='25' | Statuses=NWB_DimWidth:SKIP; NWB_DimHeight:SKIP; NWB_DimDiameter:SKIP
INFO | Candidate: NWB_DimDiameter | Scope=instance | Storage=String | ReadOnly=False | Shared=True | Id=7626172
ELEMENT | 15328409 | Size='25ø' | Width='' | Height='' | Diameter='25' | Statuses=NWB_DimWidth:SKIP; NWB_DimHeight:SKIP; NWB_DimDiameter:SKIP
INFO | Candidate: NWB_DimDiameter | Scope=instance | Storage=String | ReadOnly=False | Shared=True | Id=7626172
ELEMENT | 15465472 | Size='25ø' | Width='' | Height='' | Diameter='25' | Statuses=NWB_DimWidth:SKIP; NWB_DimHeight:SKIP; NWB_DimDiameter:SKIP
INFO | Candidate: NWB_DimDiameter | Scope=instance | Storage=String | ReadOnly=False | Shared=True | Id=7626172
ELEMENT | 15465475 | Size='32ø' | Width='' | Height='' | Diameter='32' | Statuses=NWB_DimWidth:SKIP; NWB_DimHeight:SKIP; NWB_DimDiameter:SKIP
INFO | Candidate: NWB_DimDiameter | Scope=instance | Storage=String | ReadOnly=False | Shared=True | Id=7626172
ELEMENT | 15465492 | Size='25ø' | Width='' | Height='' | Diameter='25' | Statuses=NWB_DimWidth:SKIP; NWB_DimHeight:SKIP; NWB_DimDiameter:SKIP
INFO | Candidate: NWB_DimDiameter | Scope=instance | Storage=String | ReadOnly=False | Shared=True | Id=7626172
ELEMENT | 15465495 | Size='25ø' | Width='' | Height='' | Diameter='25' | Statuses=NWB_DimWidth:SKIP; NWB_DimHeight:SKIP; NWB_DimDiameter:SKIP
INFO | Candidate: NWB_DimDiameter | Scope=instance | Storage=String | ReadOnly=False | Shared=True | Id=7626172
ELEMENT | 15465508 | Size='25ø' | Width='' | Height='' | Diameter='25' | Statuses=NWB_DimWidth:SKIP; NWB_DimHeight:SKIP; NWB_DimDiameter:SKIP
INFO | Candidate: NWB_DimDiameter | Scope=instance | Storage=String | ReadOnly=False | Shared=True | Id=7626172
ELEMENT | 15465523 | Size='32ø' | Width='' | Height='' | Diameter='32' | Statuses=NWB_DimWidth:SKIP; NWB_DimHeight:SKIP; NWB_DimDiameter:SKIP
INFO | Candidate: NWB_DimDiameter | Scope=instance | Storage=String | ReadOnly=False | Shared=True | Id=7626172
ELEMENT | 15465538 | Size='25ø' | Width='' | Height='' | Diameter='25' | Statuses=NWB_DimWidth:SKIP; NWB_DimHeight:SKIP; NWB_DimDiameter:SKIP
INFO | Candidate: NWB_DimDiameter | Scope=instance | Storage=String | ReadOnly=False | Shared=True | Id=7626172
ELEMENT | 15465541 | Size='25ø' | Width='' | Height='' | Diameter='25' | Statuses=NWB_DimWidth:SKIP; NWB_DimHeight:SKIP; NWB_DimDiameter:SKIP
INFO | Candidate: NWB_DimDiameter | Scope=instance | Storage=String | ReadOnly=False | Shared=True | Id=7626172
ELEMENT | 15465554 | Size='15ø' | Width='' | Height='' | Diameter='15' | Statuses=NWB_DimWidth:SKIP; NWB_DimHeight:SKIP; NWB_DimDiameter:SKIP
INFO | Candidate: NWB_DimDiameter | Scope=instance | Storage=String | ReadOnly=False | Shared=True | Id=7626172
ELEMENT | 15465557 | Size='32ø' | Width='' | Height='' | Diameter='32' | Statuses=NWB_DimWidth:SKIP; NWB_DimHeight:SKIP; NWB_DimDiameter:SKIP
INFO | Candidate: NWB_DimDiameter | Scope=instance | Storage=String | ReadOnly=False | Shared=True | Id=7626172
ELEMENT | 15465578 | Size='450ø' | Width='' | Height='' | Diameter='450' | Statuses=NWB_DimWidth:SKIP; NWB_DimHeight:SKIP; NWB_DimDiameter:SKIP
INFO | Candidate: NWB_DimDiameter | Scope=instance | Storage=String | ReadOnly=False | Shared=True | Id=7626172
ELEMENT | 15466493 | Size='450ø' | Width='' | Height='' | Diameter='450' | Statuses=NWB_DimWidth:SKIP; NWB_DimHeight:SKIP; NWB_DimDiameter:SKIP
INFO | Candidate: NWB_DimDiameter | Scope=instance | Storage=String | ReadOnly=False | Shared=True | Id=7626172
ELEMENT | 15467008 | Size='40ø' | Width='' | Height='' | Diameter='40' | Statuses=NWB_DimWidth:SKIP; NWB_DimHeight:SKIP; NWB_DimDiameter:SKIP
INFO | Candidate: NWB_DimDiameter | Scope=instance | Storage=String | ReadOnly=False | Shared=True | Id=7626172
ELEMENT | 15467016 | Size='40ø' | Width='' | Height='' | Diameter='40' | Statuses=NWB_DimWidth:SKIP; NWB_DimHeight:SKIP; NWB_DimDiameter:SKIP
INFO | Candidate: NWB_DimDiameter | Scope=instance | Storage=String | ReadOnly=False | Shared=True | Id=7626172
ELEMENT | 15467039 | Size='40ø' | Width='' | Height='' | Diameter='40' | Statuses=NWB_DimWidth:SKIP; NWB_DimHeight:SKIP; NWB_DimDiameter:SKIP
INFO | Candidate: NWB_DimDiameter | Scope=instance | Storage=String | ReadOnly=False | Shared=True | Id=7626172
ELEMENT | 15467049 | Size='40ø' | Width='' | Height='' | Diameter='40' | Statuses=NWB_DimWidth:SKIP; NWB_DimHeight:SKIP; NWB_DimDiameter:SKIP
INFO | Candidate: NWB_DimDiameter | Scope=instance | Storage=String | ReadOnly=False | Shared=True | Id=7626172
ELEMENT | 15468298 | Size='15ø' | Width='' | Height='' | Diameter='15' | Statuses=NWB_DimWidth:SKIP; NWB_DimHeight:SKIP; NWB_DimDiameter:SKIP
INFO | Candidate: NWB_DimDiameter | Scope=instance | Storage=String | ReadOnly=False | Shared=True | Id=7626172
ELEMENT | 15468312 | Size='25ø' | Width='' | Height='' | Diameter='25' | Statuses=NWB_DimWidth:SKIP; NWB_DimHeight:SKIP; NWB_DimDiameter:SKIP
INFO | Candidate: NWB_DimDiameter | Scope=instance | Storage=String | ReadOnly=False | Shared=True | Id=7626172
ELEMENT | 15468387 | Size='15ø' | Width='' | Height='' | Diameter='15' | Statuses=NWB_DimWidth:SKIP; NWB_DimHeight:SKIP; NWB_DimDiameter:SKIP
INFO | Candidate: NWB_DimDiameter | Scope=instance | Storage=String | ReadOnly=False | Shared=True | Id=7626172
ELEMENT | 15468419 | Size='25ø' | Width='' | Height='' | Diameter='25' | Statuses=NWB_DimWidth:SKIP; NWB_DimHeight:SKIP; NWB_DimDiameter:SKIP
INFO | Candidate: NWB_DimDiameter | Scope=instance | Storage=String | ReadOnly=False | Shared=True | Id=7626172
ELEMENT | 15468970 | Size='32ø' | Width='' | Height='' | Diameter='32' | Statuses=NWB_DimWidth:SKIP; NWB_DimHeight:SKIP; NWB_DimDiameter:SKIP
INFO | Candidate: NWB_DimDiameter | Scope=instance | Storage=String | ReadOnly=False | Shared=True | Id=7626172
ELEMENT | 15469061 | Size='32ø' | Width='' | Height='' | Diameter='32' | Statuses=NWB_DimWidth:SKIP; NWB_DimHeight:SKIP; NWB_DimDiameter:SKIP
INFO | Candidate: NWB_DimDiameter | Scope=instance | Storage=String | ReadOnly=False | Shared=True | Id=7626172
ELEMENT | 15469130 | Size='32ø' | Width='' | Height='' | Diameter='32' | Statuses=NWB_DimWidth:SKIP; NWB_DimHeight:SKIP; NWB_DimDiameter:SKIP
INFO | Candidate: NWB_DimDiameter | Scope=instance | Storage=String | ReadOnly=False | Shared=True | Id=7626172
ELEMENT | 15469167 | Size='32ø' | Width='' | Height='' | Diameter='32' | Statuses=NWB_DimWidth:SKIP; NWB_DimHeight:SKIP; NWB_DimDiameter:SKIP
INFO | Candidate: NWB_DimDiameter | Scope=instance | Storage=String | ReadOnly=False | Shared=True | Id=7626172
ELEMENT | 15549084 | Size='25ø' | Width='' | Height='' | Diameter='25' | Statuses=NWB_DimWidth:SKIP; NWB_DimHeight:SKIP; NWB_DimDiameter:SKIP
INFO | Candidate: NWB_DimDiameter | Scope=instance | Storage=String | ReadOnly=False | Shared=True | Id=7626172
ELEMENT | 15549086 | Size='25ø' | Width='' | Height='' | Diameter='25' | Statuses=NWB_DimWidth:SKIP; NWB_DimHeight:SKIP; NWB_DimDiameter:SKIP
INFO | Candidate: NWB_DimDiameter | Scope=instance | Storage=String | ReadOnly=False | Shared=True | Id=7626172
ELEMENT | 15549088 | Size='25ø' | Width='' | Height='' | Diameter='25' | Statuses=NWB_DimWidth:SKIP; NWB_DimHeight:SKIP; NWB_DimDiameter:SKIP
INFO | Candidate: NWB_DimDiameter | Scope=instance | Storage=String | ReadOnly=False | Shared=True | Id=7626172
ELEMENT | 15549098 | Size='25ø' | Width='' | Height='' | Diameter='25' | Statuses=NWB_DimWidth:SKIP; NWB_DimHeight:SKIP; NWB_DimDiameter:SKIP
INFO | Candidate: NWB_DimDiameter | Scope=instance | Storage=String | ReadOnly=False | Shared=True | Id=7626172
ELEMENT | 15555597 | Size='25ø' | Width='' | Height='' | Diameter='25' | Statuses=NWB_DimWidth:SKIP; NWB_DimHeight:SKIP; NWB_DimDiameter:SKIP
INFO | Candidate: NWB_DimDiameter | Scope=instance | Storage=String | ReadOnly=False | Shared=True | Id=7626172
ELEMENT | 15555605 | Size='25ø' | Width='' | Height='' | Diameter='25' | Statuses=NWB_DimWidth:SKIP; NWB_DimHeight:SKIP; NWB_DimDiameter:SKIP
INFO | Candidate: NWB_DimDiameter | Scope=instance | Storage=String | ReadOnly=False | Shared=True | Id=7626172
ELEMENT | 15555608 | Size='32ø' | Width='' | Height='' | Diameter='32' | Statuses=NWB_DimWidth:SKIP; NWB_DimHeight:SKIP; NWB_DimDiameter:SKIP
INFO | Candidate: NWB_DimDiameter | Scope=instance | Storage=String | ReadOnly=False | Shared=True | Id=7626172
ELEMENT | 15555619 | Size='25ø' | Width='' | Height='' | Diameter='25' | Statuses=NWB_DimWidth:SKIP; NWB_DimHeight:SKIP; NWB_DimDiameter:SKIP
INFO | Candidate: NWB_DimDiameter | Scope=instance | Storage=String | ReadOnly=False | Shared=True | Id=7626172
ELEMENT | 15555622 | Size='32ø' | Width='' | Height='' | Diameter='32' | Statuses=NWB_DimWidth:SKIP; NWB_DimHeight:SKIP; NWB_DimDiameter:SKIP
INFO | Candidate: NWB_DimDiameter | Scope=instance | Storage=String | ReadOnly=False | Shared=True | Id=7626172
ELEMENT | 15555634 | Size='25ø' | Width='' | Height='' | Diameter='25' | Statuses=NWB_DimWidth:SKIP; NWB_DimHeight:SKIP; NWB_DimDiameter:SKIP
INFO | Candidate: NWB_DimDiameter | Scope=instance | Storage=String | ReadOnly=False | Shared=True | Id=7626172
ELEMENT | 15555638 | Size='25ø' | Width='' | Height='' | Diameter='25' | Statuses=NWB_DimWidth:SKIP; NWB_DimHeight:SKIP; NWB_DimDiameter:SKIP
INFO | Candidate: NWB_DimDiameter | Scope=instance | Storage=String | ReadOnly=False | Shared=True | Id=7626172
ELEMENT | 15555644 | Size='25ø' | Width='' | Height='' | Diameter='25' | Statuses=NWB_DimWidth:SKIP; NWB_DimHeight:SKIP; NWB_DimDiameter:SKIP
INFO | Candidate: NWB_DimDiameter | Scope=instance | Storage=String | ReadOnly=False | Shared=True | Id=7626172
ELEMENT | 15555655 | Size='25ø' | Width='' | Height='' | Diameter='25' | Statuses=NWB_DimWidth:SKIP; NWB_DimHeight:SKIP; NWB_DimDiameter:SKIP
INFO | Candidate: NWB_DimDiameter | Scope=instance | Storage=String | ReadOnly=False | Shared=True | Id=7626172
ELEMENT | 15555658 | Size='25ø' | Width='' | Height='' | Diameter='25' | Statuses=NWB_DimWidth:SKIP; NWB_DimHeight:SKIP; NWB_DimDiameter:SKIP
INFO | Candidate: NWB_DimDiameter | Scope=instance | Storage=String | ReadOnly=False | Shared=True | Id=7626172
ELEMENT | 15555662 | Size='25ø' | Width='' | Height='' | Diameter='25' | Statuses=NWB_DimWidth:SKIP; NWB_DimHeight:SKIP; NWB_DimDiameter:SKIP
INFO | Candidate: NWB_DimDiameter | Scope=instance | Storage=String | ReadOnly=False | Shared=True | Id=7626172
ELEMENT | 15555668 | Size='25ø' | Width='' | Height='' | Diameter='25' | Statuses=NWB_DimWidth:SKIP; NWB_DimHeight:SKIP; NWB_DimDiameter:SKIP
INFO | Candidate: NWB_DimDiameter | Scope=instance | Storage=String | ReadOnly=False | Shared=True | Id=7626172
ELEMENT | 15556604 | Size='25ø' | Width='' | Height='' | Diameter='25' | Statuses=NWB_DimWidth:SKIP; NWB_DimHeight:SKIP; NWB_DimDiameter:SKIP
INFO | Candidate: NWB_DimDiameter | Scope=instance | Storage=String | ReadOnly=False | Shared=True | Id=7626172
ELEMENT | 15556635 | Size='25ø' | Width='' | Height='' | Diameter='25' | Statuses=NWB_DimWidth:SKIP; NWB_DimHeight:SKIP; NWB_DimDiameter:SKIP
INFO | Candidate: NWB_DimDiameter | Scope=instance | Storage=String | ReadOnly=False | Shared=True | Id=7626172
ELEMENT | 15556638 | Size='32ø' | Width='' | Height='' | Diameter='32' | Statuses=NWB_DimWidth:SKIP; NWB_DimHeight:SKIP; NWB_DimDiameter:SKIP
INFO | Candidate: NWB_DimDiameter | Scope=instance | Storage=String | ReadOnly=False | Shared=True | Id=7626172
ELEMENT | 15556747 | Size='25ø' | Width='' | Height='' | Diameter='25' | Statuses=NWB_DimWidth:SKIP; NWB_DimHeight:SKIP; NWB_DimDiameter:SKIP
INFO | Candidate: NWB_DimDiameter | Scope=instance | Storage=String | ReadOnly=False | Shared=True | Id=7626172
ELEMENT | 15556750 | Size='32ø' | Width='' | Height='' | Diameter='32' | Statuses=NWB_DimWidth:SKIP; NWB_DimHeight:SKIP; NWB_DimDiameter:SKIP
INFO | Candidate: NWB_DimDiameter | Scope=instance | Storage=String | ReadOnly=False | Shared=True | Id=7626172
ELEMENT | 15556798 | Size='25ø' | Width='' | Height='' | Diameter='25' | Statuses=NWB_DimWidth:SKIP; NWB_DimHeight:SKIP; NWB_DimDiameter:SKIP
INFO | Candidate: NWB_DimDiameter | Scope=instance | Storage=String | ReadOnly=False | Shared=True | Id=7626172
ELEMENT | 15556826 | Size='25ø' | Width='' | Height='' | Diameter='25' | Statuses=NWB_DimWidth:SKIP; NWB_DimHeight:SKIP; NWB_DimDiameter:SKIP
INFO | Candidate: NWB_DimDiameter | Scope=instance | Storage=String | ReadOnly=False | Shared=True | Id=7626172
ELEMENT | 15556835 | Size='25ø' | Width='' | Height='' | Diameter='25' | Statuses=NWB_DimWidth:SKIP; NWB_DimHeight:SKIP; NWB_DimDiameter:SKIP
INFO | Candidate: NWB_DimDiameter | Scope=instance | Storage=String | ReadOnly=False | Shared=True | Id=7626172
ELEMENT | 15556986 | Size='50ø' | Width='' | Height='' | Diameter='50' | Statuses=NWB_DimWidth:SKIP; NWB_DimHeight:SKIP; NWB_DimDiameter:SKIP
INFO | Candidate: NWB_DimDiameter | Scope=instance | Storage=String | ReadOnly=False | Shared=True | Id=7626172
ELEMENT | 15557002 | Size='50ø' | Width='' | Height='' | Diameter='50' | Statuses=NWB_DimWidth:SKIP; NWB_DimHeight:SKIP; NWB_DimDiameter:SKIP
INFO | Candidate: NWB_DimDiameter | Scope=instance | Storage=String | ReadOnly=False | Shared=True | Id=7626172
ELEMENT | 15557038 | Size='50ø' | Width='' | Height='' | Diameter='50' | Statuses=NWB_DimWidth:SKIP; NWB_DimHeight:SKIP; NWB_DimDiameter:SKIP
INFO | Candidate: NWB_DimDiameter | Scope=instance | Storage=String | ReadOnly=False | Shared=True | Id=7626172
ELEMENT | 15557047 | Size='50ø' | Width='' | Height='' | Diameter='50' | Statuses=NWB_DimWidth:SKIP; NWB_DimHeight:SKIP; NWB_DimDiameter:SKIP
INFO | Candidate: NWB_DimDiameter | Scope=instance | Storage=String | ReadOnly=False | Shared=True | Id=7626172
ELEMENT | 15557059 | Size='50ø' | Width='' | Height='' | Diameter='50' | Statuses=NWB_DimWidth:SKIP; NWB_DimHeight:SKIP; NWB_DimDiameter:SKIP
INFO | Candidate: NWB_DimDiameter | Scope=instance | Storage=String | ReadOnly=False | Shared=True | Id=7626172
ELEMENT | 15557102 | Size='25ø' | Width='' | Height='' | Diameter='25' | Statuses=NWB_DimWidth:SKIP; NWB_DimHeight:SKIP; NWB_DimDiameter:SKIP
INFO | Candidate: NWB_DimDiameter | Scope=instance | Storage=String | ReadOnly=False | Shared=True | Id=7626172
ELEMENT | 15557195 | Size='25ø' | Width='' | Height='' | Diameter='25' | Statuses=NWB_DimWidth:SKIP; NWB_DimHeight:SKIP; NWB_DimDiameter:SKIP
INFO | Candidate: NWB_DimDiameter | Scope=instance | Storage=String | ReadOnly=False | Shared=True | Id=7626172
ELEMENT | 15557198 | Size='50ø' | Width='' | Height='' | Diameter='50' | Statuses=NWB_DimWidth:SKIP; NWB_DimHeight:SKIP; NWB_DimDiameter:SKIP
INFO | Candidate: NWB_DimDiameter | Scope=instance | Storage=String | ReadOnly=False | Shared=True | Id=7626172
ELEMENT | 15557231 | Size='50ø' | Width='' | Height='' | Diameter='50' | Statuses=NWB_DimWidth:SKIP; NWB_DimHeight:SKIP; NWB_DimDiameter:SKIP
INFO | Candidate: NWB_DimDiameter | Scope=instance | Storage=String | ReadOnly=False | Shared=True | Id=7626172
ELEMENT | 15557234 | Size='50ø' | Width='' | Height='' | Diameter='50' | Statuses=NWB_DimWidth:SKIP; NWB_DimHeight:SKIP; NWB_DimDiameter:SKIP
INFO | Candidate: NWB_DimDiameter | Scope=instance | Storage=String | ReadOnly=False | Shared=True | Id=7626172
ELEMENT | 15557276 | Size='25ø' | Width='' | Height='' | Diameter='25' | Statuses=NWB_DimWidth:SKIP; NWB_DimHeight:SKIP; NWB_DimDiameter:SKIP
INFO | Candidate: NWB_DimDiameter | Scope=instance | Storage=String | ReadOnly=False | Shared=True | Id=7626172
ELEMENT | 15557302 | Size='25ø' | Width='' | Height='' | Diameter='25' | Statuses=NWB_DimWidth:SKIP; NWB_DimHeight:SKIP; NWB_DimDiameter:SKIP
INFO | Candidate: NWB_DimDiameter | Scope=instance | Storage=String | ReadOnly=False | Shared=True | Id=7626172
ELEMENT | 15557310 | Size='25ø' | Width='' | Height='' | Diameter='25' | Statuses=NWB_DimWidth:SKIP; NWB_DimHeight:SKIP; NWB_DimDiameter:SKIP
INFO | Candidate: NWB_DimDiameter | Scope=instance | Storage=String | ReadOnly=False | Shared=True | Id=7626172
ELEMENT | 15558444 | Size='25ø' | Width='' | Height='' | Diameter='25' | Statuses=NWB_DimWidth:SKIP; NWB_DimHeight:SKIP; NWB_DimDiameter:SKIP
INFO | Candidate: NWB_DimDiameter | Scope=instance | Storage=String | ReadOnly=False | Shared=True | Id=7626172
ELEMENT | 15558505 | Size='25ø' | Width='' | Height='' | Diameter='25' | Statuses=NWB_DimWidth:SKIP; NWB_DimHeight:SKIP; NWB_DimDiameter:SKIP
INFO | Candidate: NWB_DimDiameter | Scope=instance | Storage=String | ReadOnly=False | Shared=True | Id=7626172
ELEMENT | 15558515 | Size='25ø' | Width='' | Height='' | Diameter='25' | Statuses=NWB_DimWidth:SKIP; NWB_DimHeight:SKIP; NWB_DimDiameter:SKIP
INFO | Candidate: NWB_DimDiameter | Scope=instance | Storage=String | ReadOnly=False | Shared=True | Id=7626172
ELEMENT | 15558523 | Size='25ø' | Width='' | Height='' | Diameter='25' | Statuses=NWB_DimWidth:SKIP; NWB_DimHeight:SKIP; NWB_DimDiameter:SKIP
INFO | Candidate: NWB_DimDiameter | Scope=instance | Storage=String | ReadOnly=False | Shared=True | Id=7626172
ELEMENT | 15558549 | Size='25ø' | Width='' | Height='' | Diameter='25' | Statuses=NWB_DimWidth:SKIP; NWB_DimHeight:SKIP; NWB_DimDiameter:SKIP
INFO | Candidate: NWB_DimDiameter | Scope=instance | Storage=String | ReadOnly=False | Shared=True | Id=7626172
ELEMENT | 15558559 | Size='25ø' | Width='' | Height='' | Diameter='25' | Statuses=NWB_DimWidth:SKIP; NWB_DimHeight:SKIP; NWB_DimDiameter:SKIP
INFO | Candidate: NWB_DimDiameter | Scope=instance | Storage=String | ReadOnly=False | Shared=True | Id=7626172
ELEMENT | 15558696 | Size='450ø' | Width='' | Height='' | Diameter='450' | Statuses=NWB_DimWidth:SKIP; NWB_DimHeight:SKIP; NWB_DimDiameter:SKIP
INFO | Candidate: NWB_DimDiameter | Scope=instance | Storage=String | ReadOnly=False | Shared=True | Id=7626172
ELEMENT | 15558991 | Size='25ø' | Width='' | Height='' | Diameter='25' | Statuses=NWB_DimWidth:SKIP; NWB_DimHeight:SKIP; NWB_DimDiameter:SKIP
INFO | Candidate: NWB_DimDiameter | Scope=instance | Storage=String | ReadOnly=False | Shared=True | Id=7626172
ELEMENT | 15558994 | Size='50ø' | Width='' | Height='' | Diameter='50' | Statuses=NWB_DimWidth:SKIP; NWB_DimHeight:SKIP; NWB_DimDiameter:SKIP
INFO | Candidate: NWB_DimDiameter | Scope=instance | Storage=String | ReadOnly=False | Shared=True | Id=7626172
ELEMENT | 15559029 | Size='50ø' | Width='' | Height='' | Diameter='50' | Statuses=NWB_DimWidth:SKIP; NWB_DimHeight:SKIP; NWB_DimDiameter:SKIP
INFO | Candidate: NWB_DimDiameter | Scope=instance | Storage=String | ReadOnly=False | Shared=True | Id=7626172
ELEMENT | 15559032 | Size='50ø' | Width='' | Height='' | Diameter='50' | Statuses=NWB_DimWidth:SKIP; NWB_DimHeight:SKIP; NWB_DimDiameter:SKIP
INFO | Candidate: NWB_DimDiameter | Scope=instance | Storage=String | ReadOnly=False | Shared=True | Id=7626172
ELEMENT | 15559469 | Size='25ø' | Width='' | Height='' | Diameter='25' | Statuses=NWB_DimWidth:SKIP; NWB_DimHeight:SKIP; NWB_DimDiameter:SKIP
INFO | Candidate: NWB_DimDiameter | Scope=instance | Storage=String | ReadOnly=False | Shared=True | Id=7626172
ELEMENT | 15559471 | Size='25ø' | Width='' | Height='' | Diameter='25' | Statuses=NWB_DimWidth:SKIP; NWB_DimHeight:SKIP; NWB_DimDiameter:SKIP
INFO | Candidate: NWB_DimDiameter | Scope=instance | Storage=String | ReadOnly=False | Shared=True | Id=7626172
ELEMENT | 15559475 | Size='25ø' | Width='' | Height='' | Diameter='25' | Statuses=NWB_DimWidth:SKIP; NWB_DimHeight:SKIP; NWB_DimDiameter:SKIP
INFO | Candidate: NWB_DimDiameter | Scope=instance | Storage=String | ReadOnly=False | Shared=True | Id=7626172
ELEMENT | 15559479 | Size='25ø' | Width='' | Height='' | Diameter='25' | Statuses=NWB_DimWidth:SKIP; NWB_DimHeight:SKIP; NWB_DimDiameter:SKIP
INFO | Candidate: NWB_DimDiameter | Scope=instance | Storage=String | ReadOnly=False | Shared=True | Id=7626172
ELEMENT | 15559487 | Size='25ø' | Width='' | Height='' | Diameter='25' | Statuses=NWB_DimWidth:SKIP; NWB_DimHeight:SKIP; NWB_DimDiameter:SKIP
INFO | Candidate: NWB_DimDiameter | Scope=instance | Storage=String | ReadOnly=False | Shared=True | Id=7626172
ELEMENT | 15559495 | Size='25ø' | Width='' | Height='' | Diameter='25' | Statuses=NWB_DimWidth:SKIP; NWB_DimHeight:SKIP; NWB_DimDiameter:SKIP
INFO | Candidate: NWB_DimDiameter | Scope=instance | Storage=String | ReadOnly=False | Shared=True | Id=7626172
ELEMENT | 15559725 | Size='25ø' | Width='' | Height='' | Diameter='25' | Statuses=NWB_DimWidth:SKIP; NWB_DimHeight:SKIP; NWB_DimDiameter:SKIP
INFO | Candidate: NWB_DimDiameter | Scope=instance | Storage=String | ReadOnly=False | Shared=True | Id=7626172
ELEMENT | 15559796 | Size='25ø' | Width='' | Height='' | Diameter='25' | Statuses=NWB_DimWidth:SKIP; NWB_DimHeight:SKIP; NWB_DimDiameter:SKIP
INFO | Candidate: NWB_DimDiameter | Scope=instance | Storage=String | ReadOnly=False | Shared=True | Id=7626172
ELEMENT | 15559799 | Size='32ø' | Width='' | Height='' | Diameter='32' | Statuses=NWB_DimWidth:SKIP; NWB_DimHeight:SKIP; NWB_DimDiameter:SKIP
INFO | Candidate: NWB_DimDiameter | Scope=instance | Storage=String | ReadOnly=False | Shared=True | Id=7626172
ELEMENT | 15563439 | Size='25ø' | Width='' | Height='' | Diameter='25' | Statuses=NWB_DimWidth:SKIP; NWB_DimHeight:SKIP; NWB_DimDiameter:SKIP
INFO | Candidate: NWB_DimDiameter | Scope=instance | Storage=String | ReadOnly=False | Shared=True | Id=7626172
ELEMENT | 15563442 | Size='25ø' | Width='' | Height='' | Diameter='25' | Statuses=NWB_DimWidth:SKIP; NWB_DimHeight:SKIP; NWB_DimDiameter:SKIP
INFO | Candidate: NWB_DimDiameter | Scope=instance | Storage=String | ReadOnly=False | Shared=True | Id=7626172
ELEMENT | 15563473 | Size='25ø' | Width='' | Height='' | Diameter='25' | Statuses=NWB_DimWidth:SKIP; NWB_DimHeight:SKIP; NWB_DimDiameter:SKIP
INFO | Candidate: NWB_DimDiameter | Scope=instance | Storage=String | ReadOnly=False | Shared=True | Id=7626172
ELEMENT | 15563476 | Size='32ø' | Width='' | Height='' | Diameter='32' | Statuses=NWB_DimWidth:SKIP; NWB_DimHeight:SKIP; NWB_DimDiameter:SKIP
INFO | Candidate: NWB_DimDiameter | Scope=instance | Storage=String | ReadOnly=False | Shared=True | Id=7626172
ELEMENT | 15563519 | Size='25ø' | Width='' | Height='' | Diameter='25' | Statuses=NWB_DimWidth:SKIP; NWB_DimHeight:SKIP; NWB_DimDiameter:SKIP
INFO | Candidate: NWB_DimDiameter | Scope=instance | Storage=String | ReadOnly=False | Shared=True | Id=7626172
ELEMENT | 15563522 | Size='32ø' | Width='' | Height='' | Diameter='32' | Statuses=NWB_DimWidth:SKIP; NWB_DimHeight:SKIP; NWB_DimDiameter:SKIP
INFO | Candidate: NWB_DimDiameter | Scope=instance | Storage=String | ReadOnly=False | Shared=True | Id=7626172
ELEMENT | 15563704 | Size='25ø' | Width='' | Height='' | Diameter='25' | Statuses=NWB_DimWidth:SKIP; NWB_DimHeight:SKIP; NWB_DimDiameter:SKIP
INFO | Candidate: NWB_DimDiameter | Scope=instance | Storage=String | ReadOnly=False | Shared=True | Id=7626172
ELEMENT | 15563723 | Size='25ø' | Width='' | Height='' | Diameter='25' | Statuses=NWB_DimWidth:SKIP; NWB_DimHeight:SKIP; NWB_DimDiameter:SKIP
INFO | Candidate: NWB_DimDiameter | Scope=instance | Storage=String | ReadOnly=False | Shared=True | Id=7626172
ELEMENT | 15563819 | Size='25ø' | Width='' | Height='' | Diameter='25' | Statuses=NWB_DimWidth:SKIP; NWB_DimHeight:SKIP; NWB_DimDiameter:SKIP
INFO | Candidate: NWB_DimDiameter | Scope=instance | Storage=String | ReadOnly=False | Shared=True | Id=7626172
ELEMENT | 15563851 | Size='25ø' | Width='' | Height='' | Diameter='25' | Statuses=NWB_DimWidth:SKIP; NWB_DimHeight:SKIP; NWB_DimDiameter:SKIP
INFO | Candidate: NWB_DimDiameter | Scope=instance | Storage=String | ReadOnly=False | Shared=True | Id=7626172
ELEMENT | 15612676 | Size='40ø' | Width='' | Height='' | Diameter='40' | Statuses=NWB_DimWidth:SKIP; NWB_DimHeight:SKIP; NWB_DimDiameter:SKIP
INFO | Candidate: NWB_DimDiameter | Scope=instance | Storage=String | ReadOnly=False | Shared=True | Id=7626172
ELEMENT | 15612696 | Size='25ø' | Width='' | Height='' | Diameter='25' | Statuses=NWB_DimWidth:SKIP; NWB_DimHeight:SKIP; NWB_DimDiameter:SKIP
INFO | Candidate: NWB_DimDiameter | Scope=instance | Storage=String | ReadOnly=False | Shared=True | Id=7626172
ELEMENT | 15612699 | Size='40ø' | Width='' | Height='' | Diameter='40' | Statuses=NWB_DimWidth:SKIP; NWB_DimHeight:SKIP; NWB_DimDiameter:SKIP
INFO | Candidate: NWB_DimDiameter | Scope=instance | Storage=String | ReadOnly=False | Shared=True | Id=7626172
ELEMENT | 15612787 | Size='50ø' | Width='' | Height='' | Diameter='50' | Statuses=NWB_DimWidth:SKIP; NWB_DimHeight:SKIP; NWB_DimDiameter:SKIP
INFO | Candidate: NWB_DimDiameter | Scope=instance | Storage=String | ReadOnly=False | Shared=True | Id=7626172
ELEMENT | 15612803 | Size='50ø' | Width='' | Height='' | Diameter='50' | Statuses=NWB_DimWidth:SKIP; NWB_DimHeight:SKIP; NWB_DimDiameter:SKIP
INFO | Candidate: NWB_DimDiameter | Scope=instance | Storage=String | ReadOnly=False | Shared=True | Id=7626172
ELEMENT | 15612834 | Size='50ø' | Width='' | Height='' | Diameter='50' | Statuses=NWB_DimWidth:SKIP; NWB_DimHeight:SKIP; NWB_DimDiameter:SKIP
INFO | Candidate: NWB_DimDiameter | Scope=instance | Storage=String | ReadOnly=False | Shared=True | Id=7626172
ELEMENT | 15612978 | Size='32ø' | Width='' | Height='' | Diameter='32' | Statuses=NWB_DimWidth:SKIP; NWB_DimHeight:SKIP; NWB_DimDiameter:SKIP
INFO | Candidate: NWB_DimDiameter | Scope=instance | Storage=String | ReadOnly=False | Shared=True | Id=7626172
ELEMENT | 15613032 | Size='32ø' | Width='' | Height='' | Diameter='32' | Statuses=NWB_DimWidth:SKIP; NWB_DimHeight:SKIP; NWB_DimDiameter:SKIP
INFO | Candidate: NWB_DimDiameter | Scope=instance | Storage=String | ReadOnly=False | Shared=True | Id=7626172
ELEMENT | 15615741 | Size='25ø' | Width='' | Height='' | Diameter='25' | Statuses=NWB_DimWidth:SKIP; NWB_DimHeight:SKIP; NWB_DimDiameter:SKIP
INFO | Candidate: NWB_DimDiameter | Scope=instance | Storage=String | ReadOnly=False | Shared=True | Id=7626172
ELEMENT | 15615761 | Size='25ø' | Width='' | Height='' | Diameter='25' | Statuses=NWB_DimWidth:SKIP; NWB_DimHeight:SKIP; NWB_DimDiameter:SKIP
INFO | Candidate: NWB_DimDiameter | Scope=instance | Storage=String | ReadOnly=False | Shared=True | Id=7626172
ELEMENT | 15639414 | Size='25ø' | Width='' | Height='' | Diameter='25' | Statuses=NWB_DimWidth:SKIP; NWB_DimHeight:SKIP; NWB_DimDiameter:SKIP
INFO | Candidate: NWB_DimDiameter | Scope=instance | Storage=String | ReadOnly=False | Shared=True | Id=7626172
ELEMENT | 15639461 | Size='25ø' | Width='' | Height='' | Diameter='25' | Statuses=NWB_DimWidth:SKIP; NWB_DimHeight:SKIP; NWB_DimDiameter:SKIP
INFO | Candidate: NWB_DimDiameter | Scope=instance | Storage=String | ReadOnly=False | Shared=True | Id=7626172
ELEMENT | 15639470 | Size='25ø' | Width='' | Height='' | Diameter='25' | Statuses=NWB_DimWidth:SKIP; NWB_DimHeight:SKIP; NWB_DimDiameter:SKIP
INFO | Candidate: NWB_DimDiameter | Scope=instance | Storage=String | ReadOnly=False | Shared=True | Id=7626172
ELEMENT | 15639672 | Size='25ø' | Width='' | Height='' | Diameter='25' | Statuses=NWB_DimWidth:SKIP; NWB_DimHeight:SKIP; NWB_DimDiameter:SKIP
INFO | Candidate: NWB_DimDiameter | Scope=instance | Storage=String | ReadOnly=False | Shared=True | Id=7626172
ELEMENT | 15640004 | Size='25ø' | Width='' | Height='' | Diameter='25' | Statuses=NWB_DimWidth:SKIP; NWB_DimHeight:SKIP; NWB_DimDiameter:SKIP
INFO | Candidate: NWB_DimDiameter | Scope=instance | Storage=String | ReadOnly=False | Shared=True | Id=7626172
ELEMENT | 15664456 | Size='15ø' | Width='' | Height='' | Diameter='15' | Statuses=NWB_DimWidth:SKIP; NWB_DimHeight:SKIP; NWB_DimDiameter:SKIP
INFO | Candidate: NWB_DimDiameter | Scope=instance | Storage=String | ReadOnly=False | Shared=True | Id=7626172
ELEMENT | 15664466 | Size='25ø' | Width='' | Height='' | Diameter='25' | Statuses=NWB_DimWidth:SKIP; NWB_DimHeight:SKIP; NWB_DimDiameter:SKIP
INFO | Candidate: NWB_DimDiameter | Scope=instance | Storage=String | ReadOnly=False | Shared=True | Id=7626172
ELEMENT | 15664479 | Size='25ø' | Width='' | Height='' | Diameter='25' | Statuses=NWB_DimWidth:SKIP; NWB_DimHeight:SKIP; NWB_DimDiameter:SKIP
INFO | Candidate: NWB_DimDiameter | Scope=instance | Storage=String | ReadOnly=False | Shared=True | Id=7626172
ELEMENT | 15664491 | Size='15ø' | Width='' | Height='' | Diameter='15' | Statuses=NWB_DimWidth:SKIP; NWB_DimHeight:SKIP; NWB_DimDiameter:SKIP
INFO | Candidate: NWB_DimDiameter | Scope=instance | Storage=String | ReadOnly=False | Shared=True | Id=7626172
ELEMENT | 15664768 | Size='25ø' | Width='' | Height='' | Diameter='25' | Statuses=NWB_DimWidth:SKIP; NWB_DimHeight:SKIP; NWB_DimDiameter:SKIP
INFO | Candidate: NWB_DimDiameter | Scope=instance | Storage=String | ReadOnly=False | Shared=True | Id=7626172
ELEMENT | 15664771 | Size='25ø' | Width='' | Height='' | Diameter='25' | Statuses=NWB_DimWidth:SKIP; NWB_DimHeight:SKIP; NWB_DimDiameter:SKIP
INFO | Candidate: NWB_DimDiameter | Scope=instance | Storage=String | ReadOnly=False | Shared=True | Id=7626172
ELEMENT | 15664774 | Size='25ø' | Width='' | Height='' | Diameter='25' | Statuses=NWB_DimWidth:SKIP; NWB_DimHeight:SKIP; NWB_DimDiameter:SKIP
INFO | Candidate: NWB_DimDiameter | Scope=instance | Storage=String | ReadOnly=False | Shared=True | Id=7626172
ELEMENT | 15664780 | Size='25ø' | Width='' | Height='' | Diameter='25' | Statuses=NWB_DimWidth:SKIP; NWB_DimHeight:SKIP; NWB_DimDiameter:SKIP
INFO | Candidate: NWB_DimDiameter | Scope=instance | Storage=String | ReadOnly=False | Shared=True | Id=7626172
ELEMENT | 15664786 | Size='25ø' | Width='' | Height='' | Diameter='25' | Statuses=NWB_DimWidth:SKIP; NWB_DimHeight:SKIP; NWB_DimDiameter:SKIP
INFO | Candidate: NWB_DimDiameter | Scope=instance | Storage=String | ReadOnly=False | Shared=True | Id=7626172
ELEMENT | 15664789 | Size='25ø' | Width='' | Height='' | Diameter='25' | Statuses=NWB_DimWidth:SKIP; NWB_DimHeight:SKIP; NWB_DimDiameter:SKIP
INFO | Candidate: NWB_DimDiameter | Scope=instance | Storage=String | ReadOnly=False | Shared=True | Id=7626172
ELEMENT | 15664798 | Size='25ø' | Width='' | Height='' | Diameter='25' | Statuses=NWB_DimWidth:SKIP; NWB_DimHeight:SKIP; NWB_DimDiameter:SKIP
INFO | Candidate: NWB_DimDiameter | Scope=instance | Storage=String | ReadOnly=False | Shared=True | Id=7626172
ELEMENT | 15664802 | Size='25ø' | Width='' | Height='' | Diameter='25' | Statuses=NWB_DimWidth:SKIP; NWB_DimHeight:SKIP; NWB_DimDiameter:SKIP
INFO | Candidate: NWB_DimDiameter | Scope=instance | Storage=String | ReadOnly=False | Shared=True | Id=7626172
ELEMENT | 15664824 | Size='25ø' | Width='' | Height='' | Diameter='25' | Statuses=NWB_DimWidth:SKIP; NWB_DimHeight:SKIP; NWB_DimDiameter:SKIP
INFO | Candidate: NWB_DimDiameter | Scope=instance | Storage=String | ReadOnly=False | Shared=True | Id=7626172
ELEMENT | 15664827 | Size='32ø' | Width='' | Height='' | Diameter='32' | Statuses=NWB_DimWidth:SKIP; NWB_DimHeight:SKIP; NWB_DimDiameter:SKIP
INFO | Candidate: NWB_DimDiameter | Scope=instance | Storage=String | ReadOnly=False | Shared=True | Id=7626172
ELEMENT | 15664841 | Size='25ø' | Width='' | Height='' | Diameter='25' | Statuses=NWB_DimWidth:SKIP; NWB_DimHeight:SKIP; NWB_DimDiameter:SKIP
INFO | Candidate: NWB_DimDiameter | Scope=instance | Storage=String | ReadOnly=False | Shared=True | Id=7626172
ELEMENT | 15664844 | Size='32ø' | Width='' | Height='' | Diameter='32' | Statuses=NWB_DimWidth:SKIP; NWB_DimHeight:SKIP; NWB_DimDiameter:SKIP
INFO | Candidate: NWB_DimDiameter | Scope=instance | Storage=String | ReadOnly=False | Shared=True | Id=7626172
ELEMENT | 15664859 | Size='25ø' | Width='' | Height='' | Diameter='25' | Statuses=NWB_DimWidth:SKIP; NWB_DimHeight:SKIP; NWB_DimDiameter:SKIP
INFO | Candidate: NWB_DimDiameter | Scope=instance | Storage=String | ReadOnly=False | Shared=True | Id=7626172
ELEMENT | 15664861 | Size='25ø' | Width='' | Height='' | Diameter='25' | Statuses=NWB_DimWidth:SKIP; NWB_DimHeight:SKIP; NWB_DimDiameter:SKIP
INFO | Candidate: NWB_DimDiameter | Scope=instance | Storage=String | ReadOnly=False | Shared=True | Id=7626172
ELEMENT | 15664865 | Size='25ø' | Width='' | Height='' | Diameter='25' | Statuses=NWB_DimWidth:SKIP; NWB_DimHeight:SKIP; NWB_DimDiameter:SKIP
INFO | Candidate: NWB_DimDiameter | Scope=instance | Storage=String | ReadOnly=False | Shared=True | Id=7626172
ELEMENT | 15664868 | Size='32ø' | Width='' | Height='' | Diameter='32' | Statuses=NWB_DimWidth:SKIP; NWB_DimHeight:SKIP; NWB_DimDiameter:SKIP
INFO | Candidate: NWB_DimDiameter | Scope=instance | Storage=String | ReadOnly=False | Shared=True | Id=7626172
ELEMENT | 15664879 | Size='25ø' | Width='' | Height='' | Diameter='25' | Statuses=NWB_DimWidth:SKIP; NWB_DimHeight:SKIP; NWB_DimDiameter:SKIP
INFO | Candidate: NWB_DimDiameter | Scope=instance | Storage=String | ReadOnly=False | Shared=True | Id=7626172
ELEMENT | 15664882 | Size='32ø' | Width='' | Height='' | Diameter='32' | Statuses=NWB_DimWidth:SKIP; NWB_DimHeight:SKIP; NWB_DimDiameter:SKIP
INFO | Candidate: NWB_DimDiameter | Scope=instance | Storage=String | ReadOnly=False | Shared=True | Id=7626172
ELEMENT | 15664894 | Size='25ø' | Width='' | Height='' | Diameter='25' | Statuses=NWB_DimWidth:SKIP; NWB_DimHeight:SKIP; NWB_DimDiameter:SKIP
INFO | Transaction Status = Committed
WARN | Regenerate after commit failed: Modification of the document is forbidden.  Typically, this is because there is no open transaction;  consult documentation for Document.IsModified for other possible causes.
CHUNK COMMIT | Status=Committed | Processed=480
INFO | Candidate: NWB_DimDiameter | Scope=instance | Storage=String | ReadOnly=False | Shared=True | Id=7626172
ELEMENT | 15664898 | Size='25ø' | Width='' | Height='' | Diameter='25' | Statuses=NWB_DimWidth:SKIP; NWB_DimHeight:SKIP; NWB_DimDiameter:SKIP
INFO | Candidate: NWB_DimDiameter | Scope=instance | Storage=String | ReadOnly=False | Shared=True | Id=7626172
ELEMENT | 15664907 | Size='32ø' | Width='' | Height='' | Diameter='32' | Statuses=NWB_DimWidth:SKIP; NWB_DimHeight:SKIP; NWB_DimDiameter:SKIP
INFO | Candidate: NWB_DimDiameter | Scope=instance | Storage=String | ReadOnly=False | Shared=True | Id=7626172
ELEMENT | 15664910 | Size='32ø' | Width='' | Height='' | Diameter='32' | Statuses=NWB_DimWidth:SKIP; NWB_DimHeight:SKIP; NWB_DimDiameter:SKIP
INFO | Candidate: NWB_DimDiameter | Scope=instance | Storage=String | ReadOnly=False | Shared=True | Id=7626172
ELEMENT | 15664913 | Size='32ø' | Width='' | Height='' | Diameter='32' | Statuses=NWB_DimWidth:SKIP; NWB_DimHeight:SKIP; NWB_DimDiameter:SKIP
INFO | Candidate: NWB_DimDiameter | Scope=instance | Storage=String | ReadOnly=False | Shared=True | Id=7626172
ELEMENT | 15664916 | Size='32ø' | Width='' | Height='' | Diameter='32' | Statuses=NWB_DimWidth:SKIP; NWB_DimHeight:SKIP; NWB_DimDiameter:SKIP
INFO | Candidate: NWB_DimDiameter | Scope=instance | Storage=String | ReadOnly=False | Shared=True | Id=7626172
ELEMENT | 15664925 | Size='32ø' | Width='' | Height='' | Diameter='32' | Statuses=NWB_DimWidth:SKIP; NWB_DimHeight:SKIP; NWB_DimDiameter:SKIP
INFO | Candidate: NWB_DimDiameter | Scope=instance | Storage=String | ReadOnly=False | Shared=True | Id=7626172
ELEMENT | 15664928 | Size='32ø' | Width='' | Height='' | Diameter='32' | Statuses=NWB_DimWidth:SKIP; NWB_DimHeight:SKIP; NWB_DimDiameter:SKIP
INFO | Candidate: NWB_DimDiameter | Scope=instance | Storage=String | ReadOnly=False | Shared=True | Id=7626172
ELEMENT | 15664937 | Size='32ø' | Width='' | Height='' | Diameter='32' | Statuses=NWB_DimWidth:SKIP; NWB_DimHeight:SKIP; NWB_DimDiameter:SKIP
INFO | Candidate: NWB_DimDiameter | Scope=instance | Storage=String | ReadOnly=False | Shared=True | Id=7626172
ELEMENT | 15664941 | Size='32ø' | Width='' | Height='' | Diameter='32' | Statuses=NWB_DimWidth:SKIP; NWB_DimHeight:SKIP; NWB_DimDiameter:SKIP
INFO | Candidate: NWB_DimDiameter | Scope=instance | Storage=String | ReadOnly=False | Shared=True | Id=7626172
ELEMENT | 15664944 | Size='32ø' | Width='' | Height='' | Diameter='32' | Statuses=NWB_DimWidth:SKIP; NWB_DimHeight:SKIP; NWB_DimDiameter:SKIP
INFO | Candidate: NWB_DimDiameter | Scope=instance | Storage=String | ReadOnly=False | Shared=True | Id=7626172
ELEMENT | 15664947 | Size='32ø' | Width='' | Height='' | Diameter='32' | Statuses=NWB_DimWidth:SKIP; NWB_DimHeight:SKIP; NWB_DimDiameter:SKIP
INFO | Candidate: NWB_DimDiameter | Scope=instance | Storage=String | ReadOnly=False | Shared=True | Id=7626172
ELEMENT | 15664950 | Size='32ø' | Width='' | Height='' | Diameter='32' | Statuses=NWB_DimWidth:SKIP; NWB_DimHeight:SKIP; NWB_DimDiameter:SKIP
INFO | Candidate: NWB_DimDiameter | Scope=instance | Storage=String | ReadOnly=False | Shared=True | Id=7626172
ELEMENT | 15664960 | Size='32ø' | Width='' | Height='' | Diameter='32' | Statuses=NWB_DimWidth:SKIP; NWB_DimHeight:SKIP; NWB_DimDiameter:SKIP
INFO | Candidate: NWB_DimDiameter | Scope=instance | Storage=String | ReadOnly=False | Shared=True | Id=7626172
ELEMENT | 15664969 | Size='32ø' | Width='' | Height='' | Diameter='32' | Statuses=NWB_DimWidth:SKIP; NWB_DimHeight:SKIP; NWB_DimDiameter:SKIP
INFO | Candidate: NWB_DimDiameter | Scope=instance | Storage=String | ReadOnly=False | Shared=True | Id=7626172
ELEMENT | 15664978 | Size='32ø' | Width='' | Height='' | Diameter='32' | Statuses=NWB_DimWidth:SKIP; NWB_DimHeight:SKIP; NWB_DimDiameter:SKIP
INFO | Candidate: NWB_DimDiameter | Scope=instance | Storage=String | ReadOnly=False | Shared=True | Id=7626172
ELEMENT | 15673710 | Size='450ø' | Width='' | Height='' | Diameter='450' | Statuses=NWB_DimWidth:SKIP; NWB_DimHeight:SKIP; NWB_DimDiameter:SKIP
INFO | Candidate: NWB_DimDiameter | Scope=instance | Storage=String | ReadOnly=False | Shared=True | Id=7626172
ELEMENT | 15760501 | Size='32ø' | Width='' | Height='' | Diameter='32' | Statuses=NWB_DimWidth:SKIP; NWB_DimHeight:SKIP; NWB_DimDiameter:SKIP
INFO | Candidate: NWB_DimDiameter | Scope=instance | Storage=String | ReadOnly=False | Shared=True | Id=7626172
ELEMENT | 15760518 | Size='32ø' | Width='' | Height='' | Diameter='32' | Statuses=NWB_DimWidth:SKIP; NWB_DimHeight:SKIP; NWB_DimDiameter:SKIP
INFO | Candidate: NWB_DimDiameter | Scope=instance | Storage=String | ReadOnly=False | Shared=True | Id=7626172
ELEMENT | 13513429 | Size='32ø-32ø' | Width='' | Height='' | Diameter='32' | Statuses=NWB_DimWidth:SKIP; NWB_DimHeight:SKIP; NWB_DimDiameter:SKIP
INFO | Candidate: NWB_DimDiameter | Scope=instance | Storage=String | ReadOnly=False | Shared=True | Id=7626172
ELEMENT | 13513463 | Size='32ø-32ø' | Width='' | Height='' | Diameter='32' | Statuses=NWB_DimWidth:SKIP; NWB_DimHeight:SKIP; NWB_DimDiameter:SKIP
INFO | Candidate: NWB_DimDiameter | Scope=instance | Storage=Double | ReadOnly=False | Shared=True | Id=3045162
INFO | Candidate: NWB_DimDiameter | Scope=instance | Storage=String | ReadOnly=False | Shared=True | Id=7626172
INFO | Found 2 parameters named NWB_DimDiameter
INFO | SELECTED | Shared Parameter | Scope=instance | ReadOnly=False | Id=7626172
INFO | IGNORED (SharedOnly) | Shared Parameter | Scope=instance | ReadOnly=False | Id=3045162
ELEMENT | 13642527 | Size='25ø-15ø' | Width='' | Height='' | Diameter='25' | Statuses=NWB_DimWidth:SKIP; NWB_DimHeight:SKIP; NWB_DimDiameter:SKIP
INFO | Candidate: NWB_DimDiameter | Scope=instance | Storage=String | ReadOnly=False | Shared=True | Id=7626172
ELEMENT | 13642879 | Size='25ø-25ø' | Width='' | Height='' | Diameter='25' | Statuses=NWB_DimWidth:SKIP; NWB_DimHeight:SKIP; NWB_DimDiameter:SKIP
INFO | Candidate: NWB_DimDiameter | Scope=instance | Storage=Double | ReadOnly=False | Shared=True | Id=3045162
INFO | Candidate: NWB_DimDiameter | Scope=instance | Storage=String | ReadOnly=False | Shared=True | Id=7626172
INFO | Found 2 parameters named NWB_DimDiameter
INFO | SELECTED | Shared Parameter | Scope=instance | ReadOnly=False | Id=7626172
INFO | IGNORED (SharedOnly) | Shared Parameter | Scope=instance | ReadOnly=False | Id=3045162
ELEMENT | 13642881 | Size='25ø-25ø-25ø' | Width='' | Height='' | Diameter='25' | Statuses=NWB_DimWidth:SKIP; NWB_DimHeight:SKIP; NWB_DimDiameter:SKIP
INFO | Candidate: NWB_DimDiameter | Scope=instance | Storage=String | ReadOnly=False | Shared=True | Id=7626172
ELEMENT | 13643015 | Size='25ø-25ø' | Width='' | Height='' | Diameter='25' | Statuses=NWB_DimWidth:SKIP; NWB_DimHeight:SKIP; NWB_DimDiameter:SKIP
INFO | Candidate: NWB_DimDiameter | Scope=instance | Storage=String | ReadOnly=False | Shared=True | Id=7626172
ELEMENT | 13643025 | Size='25ø-25ø' | Width='' | Height='' | Diameter='25' | Statuses=NWB_DimWidth:SKIP; NWB_DimHeight:SKIP; NWB_DimDiameter:SKIP
INFO | Candidate: NWB_DimDiameter | Scope=instance | Storage=String | ReadOnly=False | Shared=True | Id=7626172
ELEMENT | 13643080 | Size='25ø-25ø' | Width='' | Height='' | Diameter='25' | Statuses=NWB_DimWidth:SKIP; NWB_DimHeight:SKIP; NWB_DimDiameter:SKIP
INFO | Candidate: NWB_DimDiameter | Scope=instance | Storage=String | ReadOnly=False | Shared=True | Id=7626172
ELEMENT | 13643151 | Size='25ø-25ø' | Width='' | Height='' | Diameter='25' | Statuses=NWB_DimWidth:SKIP; NWB_DimHeight:SKIP; NWB_DimDiameter:SKIP
INFO | Candidate: NWB_DimDiameter | Scope=instance | Storage=String | ReadOnly=False | Shared=True | Id=7626172
ELEMENT | 13643197 | Size='25ø-25ø' | Width='' | Height='' | Diameter='25' | Statuses=NWB_DimWidth:SKIP; NWB_DimHeight:SKIP; NWB_DimDiameter:SKIP
INFO | Candidate: NWB_DimDiameter | Scope=instance | Storage=String | ReadOnly=False | Shared=True | Id=7626172
ELEMENT | 13643291 | Size='32ø-32ø' | Width='' | Height='' | Diameter='32' | Statuses=NWB_DimWidth:SKIP; NWB_DimHeight:SKIP; NWB_DimDiameter:SKIP
INFO | Candidate: NWB_DimDiameter | Scope=instance | Storage=Double | ReadOnly=False | Shared=True | Id=3045162
INFO | Candidate: NWB_DimDiameter | Scope=instance | Storage=String | ReadOnly=False | Shared=True | Id=7626172
INFO | Found 2 parameters named NWB_DimDiameter
INFO | SELECTED | Shared Parameter | Scope=instance | ReadOnly=False | Id=7626172
INFO | IGNORED (SharedOnly) | Shared Parameter | Scope=instance | ReadOnly=False | Id=3045162
ELEMENT | 13643312 | Size='25ø-25ø-25ø' | Width='' | Height='' | Diameter='25' | Statuses=NWB_DimWidth:SKIP; NWB_DimHeight:SKIP; NWB_DimDiameter:SKIP
INFO | Candidate: NWB_DimDiameter | Scope=instance | Storage=String | ReadOnly=False | Shared=True | Id=7626172
ELEMENT | 13643376 | Size='25ø-25ø' | Width='' | Height='' | Diameter='25' | Statuses=NWB_DimWidth:SKIP; NWB_DimHeight:SKIP; NWB_DimDiameter:SKIP
INFO | Candidate: NWB_DimDiameter | Scope=instance | Storage=String | ReadOnly=False | Shared=True | Id=7626172
ELEMENT | 13643468 | Size='32ø-32ø' | Width='' | Height='' | Diameter='32' | Statuses=NWB_DimWidth:SKIP; NWB_DimHeight:SKIP; NWB_DimDiameter:SKIP
INFO | Candidate: NWB_DimDiameter | Scope=instance | Storage=Double | ReadOnly=False | Shared=True | Id=3045162
INFO | Candidate: NWB_DimDiameter | Scope=instance | Storage=String | ReadOnly=False | Shared=True | Id=7626172
INFO | Found 2 parameters named NWB_DimDiameter
INFO | SELECTED | Shared Parameter | Scope=instance | ReadOnly=False | Id=7626172
INFO | IGNORED (SharedOnly) | Shared Parameter | Scope=instance | ReadOnly=False | Id=3045162
ELEMENT | 13643491 | Size='25ø-25ø-25ø' | Width='' | Height='' | Diameter='25' | Statuses=NWB_DimWidth:SKIP; NWB_DimHeight:SKIP; NWB_DimDiameter:SKIP
INFO | Candidate: NWB_DimDiameter | Scope=instance | Storage=Double | ReadOnly=False | Shared=True | Id=3045162
INFO | Candidate: NWB_DimDiameter | Scope=instance | Storage=String | ReadOnly=False | Shared=True | Id=7626172
INFO | Found 2 parameters named NWB_DimDiameter
INFO | SELECTED | Shared Parameter | Scope=instance | ReadOnly=False | Id=7626172
INFO | IGNORED (SharedOnly) | Shared Parameter | Scope=instance | ReadOnly=False | Id=3045162
ELEMENT | 13643648 | Size='25ø-15ø' | Width='' | Height='' | Diameter='25' | Statuses=NWB_DimWidth:SKIP; NWB_DimHeight:SKIP; NWB_DimDiameter:SKIP
INFO | Candidate: NWB_DimDiameter | Scope=instance | Storage=Double | ReadOnly=False | Shared=True | Id=3045162
INFO | Candidate: NWB_DimDiameter | Scope=instance | Storage=String | ReadOnly=False | Shared=True | Id=7626172
INFO | Found 2 parameters named NWB_DimDiameter
INFO | SELECTED | Shared Parameter | Scope=instance | ReadOnly=False | Id=7626172
INFO | IGNORED (SharedOnly) | Shared Parameter | Scope=instance | ReadOnly=False | Id=3045162
ELEMENT | 13643720 | Size='25ø-25ø-25ø' | Width='' | Height='' | Diameter='25' | Statuses=NWB_DimWidth:SKIP; NWB_DimHeight:SKIP; NWB_DimDiameter:SKIP
INFO | Candidate: NWB_DimDiameter | Scope=instance | Storage=String | ReadOnly=False | Shared=True | Id=7626172
ELEMENT | 13643765 | Size='25ø-25ø' | Width='' | Height='' | Diameter='25' | Statuses=NWB_DimWidth:SKIP; NWB_DimHeight:SKIP; NWB_DimDiameter:SKIP
INFO | Candidate: NWB_DimDiameter | Scope=instance | Storage=String | ReadOnly=False | Shared=True | Id=7626172
ELEMENT | 13644692 | Size='32ø-32ø' | Width='' | Height='' | Diameter='32' | Statuses=NWB_DimWidth:SKIP; NWB_DimHeight:SKIP; NWB_DimDiameter:SKIP
INFO | Candidate: NWB_DimDiameter | Scope=instance | Storage=String | ReadOnly=False | Shared=True | Id=7626172
ELEMENT | 13647636 | Size='50ø-50ø' | Width='' | Height='' | Diameter='50' | Statuses=NWB_DimWidth:SKIP; NWB_DimHeight:SKIP; NWB_DimDiameter:SKIP
INFO | Candidate: NWB_DimDiameter | Scope=instance | Storage=Double | ReadOnly=False | Shared=True | Id=3045162
INFO | Candidate: NWB_DimDiameter | Scope=instance | Storage=String | ReadOnly=False | Shared=True | Id=7626172
INFO | Found 2 parameters named NWB_DimDiameter
INFO | SELECTED | Shared Parameter | Scope=instance | ReadOnly=False | Id=7626172
INFO | IGNORED (SharedOnly) | Shared Parameter | Scope=instance | ReadOnly=False | Id=3045162
ELEMENT | 13648202 | Size='50ø-50ø-50ø' | Width='' | Height='' | Diameter='50' | Statuses=NWB_DimWidth:SKIP; NWB_DimHeight:SKIP; NWB_DimDiameter:SKIP
INFO | Candidate: NWB_DimDiameter | Scope=instance | Storage=String | ReadOnly=False | Shared=True | Id=7626172
ELEMENT | 13688807 | Size='50ø-50ø' | Width='' | Height='' | Diameter='50' | Statuses=NWB_DimWidth:SKIP; NWB_DimHeight:SKIP; NWB_DimDiameter:SKIP
INFO | Candidate: NWB_DimDiameter | Scope=instance | Storage=String | ReadOnly=False | Shared=True | Id=7626172
ELEMENT | 13689949 | Size='32ø-32ø' | Width='' | Height='' | Diameter='32' | Statuses=NWB_DimWidth:SKIP; NWB_DimHeight:SKIP; NWB_DimDiameter:SKIP
INFO | Candidate: NWB_DimDiameter | Scope=instance | Storage=String | ReadOnly=False | Shared=True | Id=7626172
ELEMENT | 13693936 | Size='40ø-40ø' | Width='' | Height='' | Diameter='40' | Statuses=NWB_DimWidth:SKIP; NWB_DimHeight:SKIP; NWB_DimDiameter:SKIP
INFO | Candidate: NWB_DimDiameter | Scope=instance | Storage=String | ReadOnly=False | Shared=True | Id=7626172
ELEMENT | 13693940 | Size='40ø-40ø' | Width='' | Height='' | Diameter='40' | Statuses=NWB_DimWidth:SKIP; NWB_DimHeight:SKIP; NWB_DimDiameter:SKIP
INFO | Candidate: NWB_DimDiameter | Scope=instance | Storage=String | ReadOnly=False | Shared=True | Id=7626172
ELEMENT | 13694047 | Size='40ø-40ø' | Width='' | Height='' | Diameter='40' | Statuses=NWB_DimWidth:SKIP; NWB_DimHeight:SKIP; NWB_DimDiameter:SKIP
INFO | Candidate: NWB_DimDiameter | Scope=instance | Storage=String | ReadOnly=False | Shared=True | Id=7626172
ELEMENT | 13694050 | Size='40ø-40ø' | Width='' | Height='' | Diameter='40' | Statuses=NWB_DimWidth:SKIP; NWB_DimHeight:SKIP; NWB_DimDiameter:SKIP
INFO | Candidate: NWB_DimDiameter | Scope=instance | Storage=String | ReadOnly=False | Shared=True | Id=7626172
ELEMENT | 13711977 | Size='160ø-160ø' | Width='' | Height='' | Diameter='160' | Statuses=NWB_DimWidth:SKIP; NWB_DimHeight:SKIP; NWB_DimDiameter:SKIP
INFO | Candidate: NWB_DimDiameter | Scope=instance | Storage=String | ReadOnly=False | Shared=True | Id=7626172
ELEMENT | 13755007 | Size='25ø-25ø' | Width='' | Height='' | Diameter='25' | Statuses=NWB_DimWidth:SKIP; NWB_DimHeight:SKIP; NWB_DimDiameter:SKIP
INFO | Candidate: NWB_DimDiameter | Scope=instance | Storage=String | ReadOnly=False | Shared=True | Id=7626172
ELEMENT | 13755013 | Size='25ø-25ø' | Width='' | Height='' | Diameter='25' | Statuses=NWB_DimWidth:SKIP; NWB_DimHeight:SKIP; NWB_DimDiameter:SKIP
INFO | Candidate: NWB_DimDiameter | Scope=instance | Storage=String | ReadOnly=False | Shared=True | Id=7626172
ELEMENT | 13755015 | Size='25ø-25ø' | Width='' | Height='' | Diameter='25' | Statuses=NWB_DimWidth:SKIP; NWB_DimHeight:SKIP; NWB_DimDiameter:SKIP
INFO | Candidate: NWB_DimDiameter | Scope=instance | Storage=String | ReadOnly=False | Shared=True | Id=7626172
ELEMENT | 13755021 | Size='25ø-25ø' | Width='' | Height='' | Diameter='25' | Statuses=NWB_DimWidth:SKIP; NWB_DimHeight:SKIP; NWB_DimDiameter:SKIP
INFO | Candidate: NWB_DimDiameter | Scope=instance | Storage=String | ReadOnly=False | Shared=True | Id=7626172
ELEMENT | 13755025 | Size='25ø-25ø' | Width='' | Height='' | Diameter='25' | Statuses=NWB_DimWidth:SKIP; NWB_DimHeight:SKIP; NWB_DimDiameter:SKIP
INFO | Candidate: NWB_DimDiameter | Scope=instance | Storage=String | ReadOnly=False | Shared=True | Id=7626172
ELEMENT | 13755028 | Size='25ø-25ø' | Width='' | Height='' | Diameter='25' | Statuses=NWB_DimWidth:SKIP; NWB_DimHeight:SKIP; NWB_DimDiameter:SKIP
INFO | Candidate: NWB_DimDiameter | Scope=instance | Storage=String | ReadOnly=False | Shared=True | Id=7626172
ELEMENT | 13770614 | Size='32ø-32ø' | Width='' | Height='' | Diameter='32' | Statuses=NWB_DimWidth:SKIP; NWB_DimHeight:SKIP; NWB_DimDiameter:SKIP
INFO | Candidate: NWB_DimDiameter | Scope=instance | Storage=String | ReadOnly=False | Shared=True | Id=7626172
ELEMENT | 13770695 | Size='32ø-32ø' | Width='' | Height='' | Diameter='32' | Statuses=NWB_DimWidth:SKIP; NWB_DimHeight:SKIP; NWB_DimDiameter:SKIP
INFO | Candidate: NWB_DimDiameter | Scope=instance | Storage=String | ReadOnly=False | Shared=True | Id=7626172
ELEMENT | 13771754 | Size='32ø-32ø' | Width='' | Height='' | Diameter='32' | Statuses=NWB_DimWidth:SKIP; NWB_DimHeight:SKIP; NWB_DimDiameter:SKIP
INFO | Candidate: NWB_DimDiameter | Scope=instance | Storage=String | ReadOnly=False | Shared=True | Id=7626172
ELEMENT | 13771777 | Size='32ø-32ø' | Width='' | Height='' | Diameter='32' | Statuses=NWB_DimWidth:SKIP; NWB_DimHeight:SKIP; NWB_DimDiameter:SKIP
INFO | Candidate: NWB_DimDiameter | Scope=instance | Storage=String | ReadOnly=False | Shared=True | Id=7626172
ELEMENT | 13771794 | Size='32ø-32ø' | Width='' | Height='' | Diameter='32' | Statuses=NWB_DimWidth:SKIP; NWB_DimHeight:SKIP; NWB_DimDiameter:SKIP
INFO | Candidate: NWB_DimDiameter | Scope=instance | Storage=String | ReadOnly=False | Shared=True | Id=7626172
ELEMENT | 13771817 | Size='32ø-32ø' | Width='' | Height='' | Diameter='32' | Statuses=NWB_DimWidth:SKIP; NWB_DimHeight:SKIP; NWB_DimDiameter:SKIP
INFO | Candidate: NWB_DimDiameter | Scope=instance | Storage=String | ReadOnly=False | Shared=True | Id=7626172
ELEMENT | 13771827 | Size='32ø-32ø' | Width='' | Height='' | Diameter='32' | Statuses=NWB_DimWidth:SKIP; NWB_DimHeight:SKIP; NWB_DimDiameter:SKIP
INFO | Candidate: NWB_DimDiameter | Scope=instance | Storage=String | ReadOnly=False | Shared=True | Id=7626172
ELEMENT | 13771829 | Size='32ø-32ø' | Width='' | Height='' | Diameter='32' | Statuses=NWB_DimWidth:SKIP; NWB_DimHeight:SKIP; NWB_DimDiameter:SKIP
INFO | Candidate: NWB_DimDiameter | Scope=instance | Storage=Double | ReadOnly=False | Shared=True | Id=3045162
INFO | Candidate: NWB_DimDiameter | Scope=instance | Storage=String | ReadOnly=False | Shared=True | Id=7626172
INFO | Found 2 parameters named NWB_DimDiameter
INFO | SELECTED | Shared Parameter | Scope=instance | ReadOnly=False | Id=7626172
INFO | IGNORED (SharedOnly) | Shared Parameter | Scope=instance | ReadOnly=False | Id=3045162
ELEMENT | 13773271 | Size='32ø-32ø-32ø' | Width='' | Height='' | Diameter='32' | Statuses=NWB_DimWidth:SKIP; NWB_DimHeight:SKIP; NWB_DimDiameter:SKIP
INFO | Candidate: NWB_DimDiameter | Scope=instance | Storage=String | ReadOnly=False | Shared=True | Id=7626172
ELEMENT | 13773297 | Size='25ø-25ø' | Width='' | Height='' | Diameter='25' | Statuses=NWB_DimWidth:SKIP; NWB_DimHeight:SKIP; NWB_DimDiameter:SKIP
INFO | Candidate: NWB_DimDiameter | Scope=instance | Storage=Double | ReadOnly=False | Shared=True | Id=3045162
INFO | Candidate: NWB_DimDiameter | Scope=instance | Storage=String | ReadOnly=False | Shared=True | Id=7626172
INFO | Found 2 parameters named NWB_DimDiameter
INFO | SELECTED | Shared Parameter | Scope=instance | ReadOnly=False | Id=7626172
INFO | IGNORED (SharedOnly) | Shared Parameter | Scope=instance | ReadOnly=False | Id=3045162
ELEMENT | 13773811 | Size='32ø-32ø-32ø' | Width='' | Height='' | Diameter='32' | Statuses=NWB_DimWidth:SKIP; NWB_DimHeight:SKIP; NWB_DimDiameter:SKIP
INFO | Candidate: NWB_DimDiameter | Scope=instance | Storage=String | ReadOnly=False | Shared=True | Id=7626172
ELEMENT | 13773823 | Size='32ø-32ø' | Width='' | Height='' | Diameter='32' | Statuses=NWB_DimWidth:SKIP; NWB_DimHeight:SKIP; NWB_DimDiameter:SKIP
INFO | Candidate: NWB_DimDiameter | Scope=instance | Storage=Double | ReadOnly=False | Shared=True | Id=3045162
INFO | Candidate: NWB_DimDiameter | Scope=instance | Storage=String | ReadOnly=False | Shared=True | Id=7626172
INFO | Found 2 parameters named NWB_DimDiameter
INFO | SELECTED | Shared Parameter | Scope=instance | ReadOnly=False | Id=7626172
INFO | IGNORED (SharedOnly) | Shared Parameter | Scope=instance | ReadOnly=False | Id=3045162
ELEMENT | 13773857 | Size='32ø-32ø-32ø' | Width='' | Height='' | Diameter='32' | Statuses=NWB_DimWidth:SKIP; NWB_DimHeight:SKIP; NWB_DimDiameter:SKIP
INFO | Candidate: NWB_DimDiameter | Scope=instance | Storage=String | ReadOnly=False | Shared=True | Id=7626172
ELEMENT | 13773876 | Size='32ø-32ø' | Width='' | Height='' | Diameter='32' | Statuses=NWB_DimWidth:SKIP; NWB_DimHeight:SKIP; NWB_DimDiameter:SKIP
INFO | Candidate: NWB_DimDiameter | Scope=instance | Storage=String | ReadOnly=False | Shared=True | Id=7626172
ELEMENT | 13774027 | Size='32ø-32ø' | Width='' | Height='' | Diameter='32' | Statuses=NWB_DimWidth:SKIP; NWB_DimHeight:SKIP; NWB_DimDiameter:SKIP
INFO | Candidate: NWB_DimDiameter | Scope=instance | Storage=String | ReadOnly=False | Shared=True | Id=7626172
ELEMENT | 13774036 | Size='32ø-32ø' | Width='' | Height='' | Diameter='32' | Statuses=NWB_DimWidth:SKIP; NWB_DimHeight:SKIP; NWB_DimDiameter:SKIP
INFO | Candidate: NWB_DimDiameter | Scope=instance | Storage=String | ReadOnly=False | Shared=True | Id=7626172
ELEMENT | 13774039 | Size='32ø-32ø' | Width='' | Height='' | Diameter='32' | Statuses=NWB_DimWidth:SKIP; NWB_DimHeight:SKIP; NWB_DimDiameter:SKIP
INFO | Candidate: NWB_DimDiameter | Scope=instance | Storage=String | ReadOnly=False | Shared=True | Id=7626172
ELEMENT | 13774084 | Size='32ø-32ø' | Width='' | Height='' | Diameter='32' | Statuses=NWB_DimWidth:SKIP; NWB_DimHeight:SKIP; NWB_DimDiameter:SKIP
INFO | Candidate: NWB_DimDiameter | Scope=instance | Storage=String | ReadOnly=False | Shared=True | Id=7626172
ELEMENT | 13774093 | Size='32ø-32ø' | Width='' | Height='' | Diameter='32' | Statuses=NWB_DimWidth:SKIP; NWB_DimHeight:SKIP; NWB_DimDiameter:SKIP
INFO | Candidate: NWB_DimDiameter | Scope=instance | Storage=String | ReadOnly=False | Shared=True | Id=7626172
ELEMENT | 13774096 | Size='32ø-32ø' | Width='' | Height='' | Diameter='32' | Statuses=NWB_DimWidth:SKIP; NWB_DimHeight:SKIP; NWB_DimDiameter:SKIP
INFO | Candidate: NWB_DimDiameter | Scope=instance | Storage=String | ReadOnly=False | Shared=True | Id=7626172
ELEMENT | 13814549 | Size='50ø-50ø' | Width='' | Height='' | Diameter='50' | Statuses=NWB_DimWidth:SKIP; NWB_DimHeight:SKIP; NWB_DimDiameter:SKIP
INFO | Candidate: NWB_DimDiameter | Scope=instance | Storage=Double | ReadOnly=False | Shared=True | Id=3045162
INFO | Candidate: NWB_DimDiameter | Scope=instance | Storage=String | ReadOnly=False | Shared=True | Id=7626172
INFO | Found 2 parameters named NWB_DimDiameter
INFO | SELECTED | Shared Parameter | Scope=instance | ReadOnly=False | Id=7626172
INFO | IGNORED (SharedOnly) | Shared Parameter | Scope=instance | ReadOnly=False | Id=3045162
ELEMENT | 14030280 | Size='32ø-32ø-32ø' | Width='' | Height='' | Diameter='32' | Statuses=NWB_DimWidth:SKIP; NWB_DimHeight:SKIP; NWB_DimDiameter:SKIP
INFO | Candidate: NWB_DimDiameter | Scope=instance | Storage=Double | ReadOnly=False | Shared=True | Id=3045162
INFO | Candidate: NWB_DimDiameter | Scope=instance | Storage=String | ReadOnly=False | Shared=True | Id=7626172
INFO | Found 2 parameters named NWB_DimDiameter
INFO | SELECTED | Shared Parameter | Scope=instance | ReadOnly=False | Id=7626172
INFO | IGNORED (SharedOnly) | Shared Parameter | Scope=instance | ReadOnly=False | Id=3045162
ELEMENT | 14030315 | Size='32ø-32ø-32ø' | Width='' | Height='' | Diameter='32' | Statuses=NWB_DimWidth:SKIP; NWB_DimHeight:SKIP; NWB_DimDiameter:SKIP
INFO | Candidate: NWB_DimDiameter | Scope=instance | Storage=Double | ReadOnly=False | Shared=True | Id=3045162
INFO | Candidate: NWB_DimDiameter | Scope=instance | Storage=String | ReadOnly=False | Shared=True | Id=7626172
INFO | Found 2 parameters named NWB_DimDiameter
INFO | SELECTED | Shared Parameter | Scope=instance | ReadOnly=False | Id=7626172
INFO | IGNORED (SharedOnly) | Shared Parameter | Scope=instance | ReadOnly=False | Id=3045162
ELEMENT | 14030448 | Size='32ø-32ø-32ø' | Width='' | Height='' | Diameter='32' | Statuses=NWB_DimWidth:SKIP; NWB_DimHeight:SKIP; NWB_DimDiameter:SKIP
INFO | Candidate: NWB_DimDiameter | Scope=instance | Storage=Double | ReadOnly=False | Shared=True | Id=3045162
INFO | Candidate: NWB_DimDiameter | Scope=instance | Storage=String | ReadOnly=False | Shared=True | Id=7626172
INFO | Found 2 parameters named NWB_DimDiameter
INFO | SELECTED | Shared Parameter | Scope=instance | ReadOnly=False | Id=7626172
INFO | IGNORED (SharedOnly) | Shared Parameter | Scope=instance | ReadOnly=False | Id=3045162
ELEMENT | 14030489 | Size='32ø-32ø-32ø' | Width='' | Height='' | Diameter='32' | Statuses=NWB_DimWidth:SKIP; NWB_DimHeight:SKIP; NWB_DimDiameter:SKIP
INFO | Candidate: NWB_DimDiameter | Scope=instance | Storage=String | ReadOnly=False | Shared=True | Id=7626172
ELEMENT | 14031231 | Size='25ø-25ø' | Width='' | Height='' | Diameter='25' | Statuses=NWB_DimWidth:SKIP; NWB_DimHeight:SKIP; NWB_DimDiameter:SKIP
INFO | Candidate: NWB_DimDiameter | Scope=instance | Storage=Double | ReadOnly=False | Shared=True | Id=3045162
INFO | Candidate: NWB_DimDiameter | Scope=instance | Storage=String | ReadOnly=False | Shared=True | Id=7626172
INFO | Found 2 parameters named NWB_DimDiameter
INFO | SELECTED | Shared Parameter | Scope=instance | ReadOnly=False | Id=7626172
INFO | IGNORED (SharedOnly) | Shared Parameter | Scope=instance | ReadOnly=False | Id=3045162
ELEMENT | 14034141 | Size='25ø-25ø-25ø' | Width='' | Height='' | Diameter='25' | Statuses=NWB_DimWidth:SKIP; NWB_DimHeight:SKIP; NWB_DimDiameter:SKIP
INFO | Candidate: NWB_DimDiameter | Scope=instance | Storage=Double | ReadOnly=False | Shared=True | Id=3045162
INFO | Candidate: NWB_DimDiameter | Scope=instance | Storage=String | ReadOnly=False | Shared=True | Id=7626172
INFO | Found 2 parameters named NWB_DimDiameter
INFO | SELECTED | Shared Parameter | Scope=instance | ReadOnly=False | Id=7626172
INFO | IGNORED (SharedOnly) | Shared Parameter | Scope=instance | ReadOnly=False | Id=3045162
ELEMENT | 14034293 | Size='32ø-32ø-32ø' | Width='' | Height='' | Diameter='32' | Statuses=NWB_DimWidth:SKIP; NWB_DimHeight:SKIP; NWB_DimDiameter:SKIP
INFO | Candidate: NWB_DimDiameter | Scope=instance | Storage=String | ReadOnly=False | Shared=True | Id=7626172
ELEMENT | 14034302 | Size='25ø-25ø' | Width='' | Height='' | Diameter='25' | Statuses=NWB_DimWidth:SKIP; NWB_DimHeight:SKIP; NWB_DimDiameter:SKIP
INFO | Candidate: NWB_DimDiameter | Scope=instance | Storage=String | ReadOnly=False | Shared=True | Id=7626172
ELEMENT | 14034305 | Size='32ø-32ø' | Width='' | Height='' | Diameter='32' | Statuses=NWB_DimWidth:SKIP; NWB_DimHeight:SKIP; NWB_DimDiameter:SKIP
INFO | Candidate: NWB_DimDiameter | Scope=instance | Storage=Double | ReadOnly=False | Shared=True | Id=3045162
INFO | Candidate: NWB_DimDiameter | Scope=instance | Storage=String | ReadOnly=False | Shared=True | Id=7626172
INFO | Found 2 parameters named NWB_DimDiameter
INFO | SELECTED | Shared Parameter | Scope=instance | ReadOnly=False | Id=7626172
INFO | IGNORED (SharedOnly) | Shared Parameter | Scope=instance | ReadOnly=False | Id=3045162
ELEMENT | 14034310 | Size='32ø-32ø-32ø' | Width='' | Height='' | Diameter='32' | Statuses=NWB_DimWidth:SKIP; NWB_DimHeight:SKIP; NWB_DimDiameter:SKIP
INFO | Candidate: NWB_DimDiameter | Scope=instance | Storage=String | ReadOnly=False | Shared=True | Id=7626172
ELEMENT | 14034319 | Size='32ø-32ø' | Width='' | Height='' | Diameter='32' | Statuses=NWB_DimWidth:SKIP; NWB_DimHeight:SKIP; NWB_DimDiameter:SKIP
INFO | Candidate: NWB_DimDiameter | Scope=instance | Storage=String | ReadOnly=False | Shared=True | Id=7626172
ELEMENT | 14034322 | Size='32ø-32ø' | Width='' | Height='' | Diameter='32' | Statuses=NWB_DimWidth:SKIP; NWB_DimHeight:SKIP; NWB_DimDiameter:SKIP
INFO | Candidate: NWB_DimDiameter | Scope=instance | Storage=String | ReadOnly=False | Shared=True | Id=7626172
ELEMENT | 14045085 | Size='32ø-32ø' | Width='' | Height='' | Diameter='32' | Statuses=NWB_DimWidth:SKIP; NWB_DimHeight:SKIP; NWB_DimDiameter:SKIP
INFO | Candidate: NWB_DimDiameter | Scope=instance | Storage=String | ReadOnly=False | Shared=True | Id=7626172
ELEMENT | 14045088 | Size='32ø-32ø' | Width='' | Height='' | Diameter='32' | Statuses=NWB_DimWidth:SKIP; NWB_DimHeight:SKIP; NWB_DimDiameter:SKIP
INFO | Candidate: NWB_DimDiameter | Scope=instance | Storage=String | ReadOnly=False | Shared=True | Id=7626172
ELEMENT | 14045093 | Size='32ø-32ø' | Width='' | Height='' | Diameter='32' | Statuses=NWB_DimWidth:SKIP; NWB_DimHeight:SKIP; NWB_DimDiameter:SKIP
INFO | Candidate: NWB_DimDiameter | Scope=instance | Storage=String | ReadOnly=False | Shared=True | Id=7626172
ELEMENT | 14045095 | Size='32ø-32ø' | Width='' | Height='' | Diameter='32' | Statuses=NWB_DimWidth:SKIP; NWB_DimHeight:SKIP; NWB_DimDiameter:SKIP
INFO | Candidate: NWB_DimDiameter | Scope=instance | Storage=Double | ReadOnly=False | Shared=True | Id=3045162
INFO | Candidate: NWB_DimDiameter | Scope=instance | Storage=String | ReadOnly=False | Shared=True | Id=7626172
INFO | Found 2 parameters named NWB_DimDiameter
INFO | SELECTED | Shared Parameter | Scope=instance | ReadOnly=False | Id=7626172
INFO | IGNORED (SharedOnly) | Shared Parameter | Scope=instance | ReadOnly=False | Id=3045162
ELEMENT | 14045150 | Size='32ø-32ø-32ø' | Width='' | Height='' | Diameter='32' | Statuses=NWB_DimWidth:SKIP; NWB_DimHeight:SKIP; NWB_DimDiameter:SKIP
INFO | Candidate: NWB_DimDiameter | Scope=instance | Storage=String | ReadOnly=False | Shared=True | Id=7626172
ELEMENT | 14045158 | Size='32ø-32ø' | Width='' | Height='' | Diameter='32' | Statuses=NWB_DimWidth:SKIP; NWB_DimHeight:SKIP; NWB_DimDiameter:SKIP
INFO | Candidate: NWB_DimDiameter | Scope=instance | Storage=String | ReadOnly=False | Shared=True | Id=7626172
ELEMENT | 14045162 | Size='32ø-32ø' | Width='' | Height='' | Diameter='32' | Statuses=NWB_DimWidth:SKIP; NWB_DimHeight:SKIP; NWB_DimDiameter:SKIP
INFO | Candidate: NWB_DimDiameter | Scope=instance | Storage=Double | ReadOnly=False | Shared=True | Id=3045162
INFO | Candidate: NWB_DimDiameter | Scope=instance | Storage=String | ReadOnly=False | Shared=True | Id=7626172
INFO | Found 2 parameters named NWB_DimDiameter
INFO | SELECTED | Shared Parameter | Scope=instance | ReadOnly=False | Id=7626172
INFO | IGNORED (SharedOnly) | Shared Parameter | Scope=instance | ReadOnly=False | Id=3045162
ELEMENT | 14045167 | Size='32ø-32ø-32ø' | Width='' | Height='' | Diameter='32' | Statuses=NWB_DimWidth:SKIP; NWB_DimHeight:SKIP; NWB_DimDiameter:SKIP
INFO | Candidate: NWB_DimDiameter | Scope=instance | Storage=String | ReadOnly=False | Shared=True | Id=7626172
ELEMENT | 14045175 | Size='32ø-32ø' | Width='' | Height='' | Diameter='32' | Statuses=NWB_DimWidth:SKIP; NWB_DimHeight:SKIP; NWB_DimDiameter:SKIP
INFO | Candidate: NWB_DimDiameter | Scope=instance | Storage=String | ReadOnly=False | Shared=True | Id=7626172
ELEMENT | 14045178 | Size='32ø-32ø' | Width='' | Height='' | Diameter='32' | Statuses=NWB_DimWidth:SKIP; NWB_DimHeight:SKIP; NWB_DimDiameter:SKIP
INFO | Candidate: NWB_DimDiameter | Scope=instance | Storage=Double | ReadOnly=False | Shared=True | Id=3045162
INFO | Candidate: NWB_DimDiameter | Scope=instance | Storage=String | ReadOnly=False | Shared=True | Id=7626172
INFO | Found 2 parameters named NWB_DimDiameter
INFO | SELECTED | Shared Parameter | Scope=instance | ReadOnly=False | Id=7626172
INFO | IGNORED (SharedOnly) | Shared Parameter | Scope=instance | ReadOnly=False | Id=3045162
ELEMENT | 14045190 | Size='32ø-32ø-32ø' | Width='' | Height='' | Diameter='32' | Statuses=NWB_DimWidth:SKIP; NWB_DimHeight:SKIP; NWB_DimDiameter:SKIP
INFO | Candidate: NWB_DimDiameter | Scope=instance | Storage=String | ReadOnly=False | Shared=True | Id=7626172
ELEMENT | 14045221 | Size='25ø-25ø' | Width='' | Height='' | Diameter='25' | Statuses=NWB_DimWidth:SKIP; NWB_DimHeight:SKIP; NWB_DimDiameter:SKIP
INFO | Candidate: NWB_DimDiameter | Scope=instance | Storage=String | ReadOnly=False | Shared=True | Id=7626172
ELEMENT | 14045224 | Size='25ø-25ø' | Width='' | Height='' | Diameter='25' | Statuses=NWB_DimWidth:SKIP; NWB_DimHeight:SKIP; NWB_DimDiameter:SKIP
INFO | Candidate: NWB_DimDiameter | Scope=instance | Storage=Double | ReadOnly=False | Shared=True | Id=3045162
INFO | Candidate: NWB_DimDiameter | Scope=instance | Storage=String | ReadOnly=False | Shared=True | Id=7626172
INFO | Found 2 parameters named NWB_DimDiameter
INFO | SELECTED | Shared Parameter | Scope=instance | ReadOnly=False | Id=7626172
INFO | IGNORED (SharedOnly) | Shared Parameter | Scope=instance | ReadOnly=False | Id=3045162
ELEMENT | 14049630 | Size='32ø-32ø-32ø' | Width='' | Height='' | Diameter='32' | Statuses=NWB_DimWidth:SKIP; NWB_DimHeight:SKIP; NWB_DimDiameter:SKIP
INFO | Candidate: NWB_DimDiameter | Scope=instance | Storage=String | ReadOnly=False | Shared=True | Id=7626172
ELEMENT | 14049684 | Size='32ø-32ø' | Width='' | Height='' | Diameter='32' | Statuses=NWB_DimWidth:SKIP; NWB_DimHeight:SKIP; NWB_DimDiameter:SKIP
INFO | Candidate: NWB_DimDiameter | Scope=instance | Storage=String | ReadOnly=False | Shared=True | Id=7626172
ELEMENT | 14049697 | Size='32ø-32ø' | Width='' | Height='' | Diameter='32' | Statuses=NWB_DimWidth:SKIP; NWB_DimHeight:SKIP; NWB_DimDiameter:SKIP
INFO | Candidate: NWB_DimDiameter | Scope=instance | Storage=String | ReadOnly=False | Shared=True | Id=7626172
ELEMENT | 14049719 | Size='32ø-32ø' | Width='' | Height='' | Diameter='32' | Statuses=NWB_DimWidth:SKIP; NWB_DimHeight:SKIP; NWB_DimDiameter:SKIP
INFO | Candidate: NWB_DimDiameter | Scope=instance | Storage=String | ReadOnly=False | Shared=True | Id=7626172
ELEMENT | 14049744 | Size='32ø-32ø' | Width='' | Height='' | Diameter='32' | Statuses=NWB_DimWidth:SKIP; NWB_DimHeight:SKIP; NWB_DimDiameter:SKIP
INFO | Candidate: NWB_DimDiameter | Scope=instance | Storage=String | ReadOnly=False | Shared=True | Id=7626172
ELEMENT | 14050163 | Size='32ø-32ø' | Width='' | Height='' | Diameter='32' | Statuses=NWB_DimWidth:SKIP; NWB_DimHeight:SKIP; NWB_DimDiameter:SKIP
INFO | Candidate: NWB_DimDiameter | Scope=instance | Storage=String | ReadOnly=False | Shared=True | Id=7626172
ELEMENT | 14050173 | Size='32ø-32ø' | Width='' | Height='' | Diameter='32' | Statuses=NWB_DimWidth:SKIP; NWB_DimHeight:SKIP; NWB_DimDiameter:SKIP
INFO | Candidate: NWB_DimDiameter | Scope=instance | Storage=String | ReadOnly=False | Shared=True | Id=7626172
ELEMENT | 14050175 | Size='32ø-32ø' | Width='' | Height='' | Diameter='32' | Statuses=NWB_DimWidth:SKIP; NWB_DimHeight:SKIP; NWB_DimDiameter:SKIP
INFO | Candidate: NWB_DimDiameter | Scope=instance | Storage=String | ReadOnly=False | Shared=True | Id=7626172
ELEMENT | 14050234 | Size='32ø-32ø' | Width='' | Height='' | Diameter='32' | Statuses=NWB_DimWidth:SKIP; NWB_DimHeight:SKIP; NWB_DimDiameter:SKIP
INFO | Candidate: NWB_DimDiameter | Scope=instance | Storage=String | ReadOnly=False | Shared=True | Id=7626172
ELEMENT | 14050244 | Size='32ø-32ø' | Width='' | Height='' | Diameter='32' | Statuses=NWB_DimWidth:SKIP; NWB_DimHeight:SKIP; NWB_DimDiameter:SKIP
INFO | Candidate: NWB_DimDiameter | Scope=instance | Storage=String | ReadOnly=False | Shared=True | Id=7626172
ELEMENT | 14050246 | Size='32ø-32ø' | Width='' | Height='' | Diameter='32' | Statuses=NWB_DimWidth:SKIP; NWB_DimHeight:SKIP; NWB_DimDiameter:SKIP
INFO | Candidate: NWB_DimDiameter | Scope=instance | Storage=Double | ReadOnly=False | Shared=True | Id=3045162
INFO | Candidate: NWB_DimDiameter | Scope=instance | Storage=String | ReadOnly=False | Shared=True | Id=7626172
INFO | Found 2 parameters named NWB_DimDiameter
INFO | SELECTED | Shared Parameter | Scope=instance | ReadOnly=False | Id=7626172
INFO | IGNORED (SharedOnly) | Shared Parameter | Scope=instance | ReadOnly=False | Id=3045162
ELEMENT | 14050378 | Size='32ø-32ø-32ø' | Width='' | Height='' | Diameter='32' | Statuses=NWB_DimWidth:SKIP; NWB_DimHeight:SKIP; NWB_DimDiameter:SKIP
INFO | Candidate: NWB_DimDiameter | Scope=instance | Storage=String | ReadOnly=False | Shared=True | Id=7626172
ELEMENT | 14050401 | Size='32ø-32ø' | Width='' | Height='' | Diameter='32' | Statuses=NWB_DimWidth:SKIP; NWB_DimHeight:SKIP; NWB_DimDiameter:SKIP
INFO | Candidate: NWB_DimDiameter | Scope=instance | Storage=Double | ReadOnly=False | Shared=True | Id=3045162
INFO | Candidate: NWB_DimDiameter | Scope=instance | Storage=String | ReadOnly=False | Shared=True | Id=7626172
INFO | Found 2 parameters named NWB_DimDiameter
INFO | SELECTED | Shared Parameter | Scope=instance | ReadOnly=False | Id=7626172
INFO | IGNORED (SharedOnly) | Shared Parameter | Scope=instance | ReadOnly=False | Id=3045162
ELEMENT | 14050434 | Size='32ø-32ø-32ø' | Width='' | Height='' | Diameter='32' | Statuses=NWB_DimWidth:SKIP; NWB_DimHeight:SKIP; NWB_DimDiameter:SKIP
INFO | Candidate: NWB_DimDiameter | Scope=instance | Storage=Double | ReadOnly=False | Shared=True | Id=3045162
INFO | Candidate: NWB_DimDiameter | Scope=instance | Storage=String | ReadOnly=False | Shared=True | Id=7626172
INFO | Found 2 parameters named NWB_DimDiameter
INFO | SELECTED | Shared Parameter | Scope=instance | ReadOnly=False | Id=7626172
INFO | IGNORED (SharedOnly) | Shared Parameter | Scope=instance | ReadOnly=False | Id=3045162
ELEMENT | 14368927 | Size='32ø-15ø' | Width='' | Height='' | Diameter='32' | Statuses=NWB_DimWidth:SKIP; NWB_DimHeight:SKIP; NWB_DimDiameter:SKIP
INFO | Candidate: NWB_DimDiameter | Scope=instance | Storage=Double | ReadOnly=False | Shared=True | Id=3045162
INFO | Candidate: NWB_DimDiameter | Scope=instance | Storage=String | ReadOnly=False | Shared=True | Id=7626172
INFO | Found 2 parameters named NWB_DimDiameter
INFO | SELECTED | Shared Parameter | Scope=instance | ReadOnly=False | Id=7626172
INFO | IGNORED (SharedOnly) | Shared Parameter | Scope=instance | ReadOnly=False | Id=3045162
ELEMENT | 14369315 | Size='60ø-25ø' | Width='' | Height='' | Diameter='60' | Statuses=NWB_DimWidth:SKIP; NWB_DimHeight:SKIP; NWB_DimDiameter:SKIP
INFO | Candidate: NWB_DimDiameter | Scope=instance | Storage=Double | ReadOnly=False | Shared=True | Id=3045162
INFO | Candidate: NWB_DimDiameter | Scope=instance | Storage=String | ReadOnly=False | Shared=True | Id=7626172
INFO | Found 2 parameters named NWB_DimDiameter
INFO | SELECTED | Shared Parameter | Scope=instance | ReadOnly=False | Id=7626172
INFO | IGNORED (SharedOnly) | Shared Parameter | Scope=instance | ReadOnly=False | Id=3045162
ELEMENT | 15053647 | Size='32ø-32ø-32ø' | Width='' | Height='' | Diameter='32' | Statuses=NWB_DimWidth:SKIP; NWB_DimHeight:SKIP; NWB_DimDiameter:SKIP
INFO | Candidate: NWB_DimDiameter | Scope=instance | Storage=String | ReadOnly=False | Shared=True | Id=7626172
ELEMENT | 15053660 | Size='32ø-32ø' | Width='' | Height='' | Diameter='32' | Statuses=NWB_DimWidth:SKIP; NWB_DimHeight:SKIP; NWB_DimDiameter:SKIP
INFO | Candidate: NWB_DimDiameter | Scope=instance | Storage=Double | ReadOnly=False | Shared=True | Id=3045162
INFO | Candidate: NWB_DimDiameter | Scope=instance | Storage=String | ReadOnly=False | Shared=True | Id=7626172
INFO | Found 2 parameters named NWB_DimDiameter
INFO | SELECTED | Shared Parameter | Scope=instance | ReadOnly=False | Id=7626172
INFO | IGNORED (SharedOnly) | Shared Parameter | Scope=instance | ReadOnly=False | Id=3045162
ELEMENT | 15053698 | Size='32ø-32ø-32ø' | Width='' | Height='' | Diameter='32' | Statuses=NWB_DimWidth:SKIP; NWB_DimHeight:SKIP; NWB_DimDiameter:SKIP
INFO | Candidate: NWB_DimDiameter | Scope=instance | Storage=String | ReadOnly=False | Shared=True | Id=7626172
ELEMENT | 15053704 | Size='32ø-32ø' | Width='' | Height='' | Diameter='32' | Statuses=NWB_DimWidth:SKIP; NWB_DimHeight:SKIP; NWB_DimDiameter:SKIP
INFO | Candidate: NWB_DimDiameter | Scope=instance | Storage=String | ReadOnly=False | Shared=True | Id=7626172
ELEMENT | 15099096 | Size='32ø-32ø' | Width='' | Height='' | Diameter='32' | Statuses=NWB_DimWidth:SKIP; NWB_DimHeight:SKIP; NWB_DimDiameter:SKIP
INFO | Candidate: NWB_DimDiameter | Scope=instance | Storage=String | ReadOnly=False | Shared=True | Id=7626172
ELEMENT | 15099099 | Size='32ø-32ø' | Width='' | Height='' | Diameter='32' | Statuses=NWB_DimWidth:SKIP; NWB_DimHeight:SKIP; NWB_DimDiameter:SKIP
INFO | Candidate: NWB_DimDiameter | Scope=instance | Storage=String | ReadOnly=False | Shared=True | Id=7626172
ELEMENT | 15099116 | Size='50ø-50ø' | Width='' | Height='' | Diameter='50' | Statuses=NWB_DimWidth:SKIP; NWB_DimHeight:SKIP; NWB_DimDiameter:SKIP
INFO | Candidate: NWB_DimDiameter | Scope=instance | Storage=String | ReadOnly=False | Shared=True | Id=7626172
ELEMENT | 15099120 | Size='50ø-50ø' | Width='' | Height='' | Diameter='50' | Statuses=NWB_DimWidth:SKIP; NWB_DimHeight:SKIP; NWB_DimDiameter:SKIP
INFO | Candidate: NWB_DimDiameter | Scope=instance | Storage=String | ReadOnly=False | Shared=True | Id=7626172
ELEMENT | 15099123 | Size='50ø-50ø' | Width='' | Height='' | Diameter='50' | Statuses=NWB_DimWidth:SKIP; NWB_DimHeight:SKIP; NWB_DimDiameter:SKIP
INFO | Candidate: NWB_DimDiameter | Scope=instance | Storage=Double | ReadOnly=False | Shared=True | Id=3045162
INFO | Candidate: NWB_DimDiameter | Scope=instance | Storage=String | ReadOnly=False | Shared=True | Id=7626172
INFO | Found 2 parameters named NWB_DimDiameter
INFO | SELECTED | Shared Parameter | Scope=instance | ReadOnly=False | Id=7626172
INFO | IGNORED (SharedOnly) | Shared Parameter | Scope=instance | ReadOnly=False | Id=3045162
ELEMENT | 15263748 | Size='32ø-32ø-32ø' | Width='' | Height='' | Diameter='32' | Statuses=NWB_DimWidth:SKIP; NWB_DimHeight:SKIP; NWB_DimDiameter:SKIP
INFO | Candidate: NWB_DimDiameter | Scope=instance | Storage=String | ReadOnly=False | Shared=True | Id=7626172
ELEMENT | 15263754 | Size='32ø-32ø' | Width='' | Height='' | Diameter='32' | Statuses=NWB_DimWidth:SKIP; NWB_DimHeight:SKIP; NWB_DimDiameter:SKIP
INFO | Candidate: NWB_DimDiameter | Scope=instance | Storage=Double | ReadOnly=False | Shared=True | Id=3045162
INFO | Candidate: NWB_DimDiameter | Scope=instance | Storage=String | ReadOnly=False | Shared=True | Id=7626172
INFO | Found 2 parameters named NWB_DimDiameter
INFO | SELECTED | Shared Parameter | Scope=instance | ReadOnly=False | Id=7626172
INFO | IGNORED (SharedOnly) | Shared Parameter | Scope=instance | ReadOnly=False | Id=3045162
ELEMENT | 15263760 | Size='32ø-32ø-32ø' | Width='' | Height='' | Diameter='32' | Statuses=NWB_DimWidth:SKIP; NWB_DimHeight:SKIP; NWB_DimDiameter:SKIP
INFO | Candidate: NWB_DimDiameter | Scope=instance | Storage=String | ReadOnly=False | Shared=True | Id=7626172
ELEMENT | 15263766 | Size='32ø-32ø' | Width='' | Height='' | Diameter='32' | Statuses=NWB_DimWidth:SKIP; NWB_DimHeight:SKIP; NWB_DimDiameter:SKIP
INFO | Candidate: NWB_DimDiameter | Scope=instance | Storage=String | ReadOnly=False | Shared=True | Id=7626172
ELEMENT | 15263772 | Size='25ø-25ø' | Width='' | Height='' | Diameter='25' | Statuses=NWB_DimWidth:SKIP; NWB_DimHeight:SKIP; NWB_DimDiameter:SKIP
INFO | Candidate: NWB_DimDiameter | Scope=instance | Storage=String | ReadOnly=False | Shared=True | Id=7626172
ELEMENT | 15263776 | Size='25ø-25ø' | Width='' | Height='' | Diameter='25' | Statuses=NWB_DimWidth:SKIP; NWB_DimHeight:SKIP; NWB_DimDiameter:SKIP
INFO | Candidate: NWB_DimDiameter | Scope=instance | Storage=String | ReadOnly=False | Shared=True | Id=7626172
ELEMENT | 15263780 | Size='25ø-25ø' | Width='' | Height='' | Diameter='25' | Statuses=NWB_DimWidth:SKIP; NWB_DimHeight:SKIP; NWB_DimDiameter:SKIP
INFO | Candidate: NWB_DimDiameter | Scope=instance | Storage=String | ReadOnly=False | Shared=True | Id=7626172
ELEMENT | 15263784 | Size='25ø-25ø' | Width='' | Height='' | Diameter='25' | Statuses=NWB_DimWidth:SKIP; NWB_DimHeight:SKIP; NWB_DimDiameter:SKIP
INFO | Candidate: NWB_DimDiameter | Scope=instance | Storage=String | ReadOnly=False | Shared=True | Id=7626172
ELEMENT | 15263844 | Size='25ø-25ø' | Width='' | Height='' | Diameter='25' | Statuses=NWB_DimWidth:SKIP; NWB_DimHeight:SKIP; NWB_DimDiameter:SKIP
INFO | Candidate: NWB_DimDiameter | Scope=instance | Storage=String | ReadOnly=False | Shared=True | Id=7626172
ELEMENT | 15263853 | Size='25ø-25ø' | Width='' | Height='' | Diameter='25' | Statuses=NWB_DimWidth:SKIP; NWB_DimHeight:SKIP; NWB_DimDiameter:SKIP
INFO | Candidate: NWB_DimDiameter | Scope=instance | Storage=String | ReadOnly=False | Shared=True | Id=7626172
ELEMENT | 15263857 | Size='25ø-25ø' | Width='' | Height='' | Diameter='25' | Statuses=NWB_DimWidth:SKIP; NWB_DimHeight:SKIP; NWB_DimDiameter:SKIP
INFO | Candidate: NWB_DimDiameter | Scope=instance | Storage=String | ReadOnly=False | Shared=True | Id=7626172
ELEMENT | 15263860 | Size='25ø-25ø' | Width='' | Height='' | Diameter='25' | Statuses=NWB_DimWidth:SKIP; NWB_DimHeight:SKIP; NWB_DimDiameter:SKIP
INFO | Candidate: NWB_DimDiameter | Scope=instance | Storage=String | ReadOnly=False | Shared=True | Id=7626172
ELEMENT | 15263865 | Size='25ø-25ø' | Width='' | Height='' | Diameter='25' | Statuses=NWB_DimWidth:SKIP; NWB_DimHeight:SKIP; NWB_DimDiameter:SKIP
INFO | Candidate: NWB_DimDiameter | Scope=instance | Storage=String | ReadOnly=False | Shared=True | Id=7626172
ELEMENT | 15263874 | Size='25ø-25ø' | Width='' | Height='' | Diameter='25' | Statuses=NWB_DimWidth:SKIP; NWB_DimHeight:SKIP; NWB_DimDiameter:SKIP
INFO | Candidate: NWB_DimDiameter | Scope=instance | Storage=String | ReadOnly=False | Shared=True | Id=7626172
ELEMENT | 15263878 | Size='25ø-25ø' | Width='' | Height='' | Diameter='25' | Statuses=NWB_DimWidth:SKIP; NWB_DimHeight:SKIP; NWB_DimDiameter:SKIP
INFO | Candidate: NWB_DimDiameter | Scope=instance | Storage=String | ReadOnly=False | Shared=True | Id=7626172
ELEMENT | 15263881 | Size='25ø-25ø' | Width='' | Height='' | Diameter='25' | Statuses=NWB_DimWidth:SKIP; NWB_DimHeight:SKIP; NWB_DimDiameter:SKIP
INFO | Candidate: NWB_DimDiameter | Scope=instance | Storage=Double | ReadOnly=False | Shared=True | Id=3045162
INFO | Candidate: NWB_DimDiameter | Scope=instance | Storage=String | ReadOnly=False | Shared=True | Id=7626172
INFO | Found 2 parameters named NWB_DimDiameter
INFO | SELECTED | Shared Parameter | Scope=instance | ReadOnly=False | Id=7626172
INFO | IGNORED (SharedOnly) | Shared Parameter | Scope=instance | ReadOnly=False | Id=3045162
ELEMENT | 15263886 | Size='32ø-32ø-32ø' | Width='' | Height='' | Diameter='32' | Statuses=NWB_DimWidth:SKIP; NWB_DimHeight:SKIP; NWB_DimDiameter:SKIP
INFO | Candidate: NWB_DimDiameter | Scope=instance | Storage=String | ReadOnly=False | Shared=True | Id=7626172
ELEMENT | 15263893 | Size='32ø-32ø' | Width='' | Height='' | Diameter='32' | Statuses=NWB_DimWidth:SKIP; NWB_DimHeight:SKIP; NWB_DimDiameter:SKIP
INFO | Candidate: NWB_DimDiameter | Scope=instance | Storage=String | ReadOnly=False | Shared=True | Id=7626172
ELEMENT | 15263895 | Size='32ø-32ø' | Width='' | Height='' | Diameter='32' | Statuses=NWB_DimWidth:SKIP; NWB_DimHeight:SKIP; NWB_DimDiameter:SKIP
INFO | Candidate: NWB_DimDiameter | Scope=instance | Storage=Double | ReadOnly=False | Shared=True | Id=3045162
INFO | Candidate: NWB_DimDiameter | Scope=instance | Storage=String | ReadOnly=False | Shared=True | Id=7626172
INFO | Found 2 parameters named NWB_DimDiameter
INFO | SELECTED | Shared Parameter | Scope=instance | ReadOnly=False | Id=7626172
INFO | IGNORED (SharedOnly) | Shared Parameter | Scope=instance | ReadOnly=False | Id=3045162
ELEMENT | 15263900 | Size='32ø-32ø-32ø' | Width='' | Height='' | Diameter='32' | Statuses=NWB_DimWidth:SKIP; NWB_DimHeight:SKIP; NWB_DimDiameter:SKIP
INFO | Candidate: NWB_DimDiameter | Scope=instance | Storage=String | ReadOnly=False | Shared=True | Id=7626172
ELEMENT | 15263907 | Size='32ø-32ø' | Width='' | Height='' | Diameter='32' | Statuses=NWB_DimWidth:SKIP; NWB_DimHeight:SKIP; NWB_DimDiameter:SKIP
INFO | Candidate: NWB_DimDiameter | Scope=instance | Storage=String | ReadOnly=False | Shared=True | Id=7626172
ELEMENT | 15263909 | Size='32ø-32ø' | Width='' | Height='' | Diameter='32' | Statuses=NWB_DimWidth:SKIP; NWB_DimHeight:SKIP; NWB_DimDiameter:SKIP
INFO | Candidate: NWB_DimDiameter | Scope=instance | Storage=String | ReadOnly=False | Shared=True | Id=7626172
ELEMENT | 15263916 | Size='25ø-25ø' | Width='' | Height='' | Diameter='25' | Statuses=NWB_DimWidth:SKIP; NWB_DimHeight:SKIP; NWB_DimDiameter:SKIP
INFO | Candidate: NWB_DimDiameter | Scope=instance | Storage=Double | ReadOnly=False | Shared=True | Id=3045162
INFO | Candidate: NWB_DimDiameter | Scope=instance | Storage=String | ReadOnly=False | Shared=True | Id=7626172
INFO | Found 2 parameters named NWB_DimDiameter
INFO | SELECTED | Shared Parameter | Scope=instance | ReadOnly=False | Id=7626172
INFO | IGNORED (SharedOnly) | Shared Parameter | Scope=instance | ReadOnly=False | Id=3045162
ELEMENT | 15263970 | Size='32ø-25ø' | Width='' | Height='' | Diameter='32' | Statuses=NWB_DimWidth:SKIP; NWB_DimHeight:SKIP; NWB_DimDiameter:SKIP
INFO | Candidate: NWB_DimDiameter | Scope=instance | Storage=Double | ReadOnly=False | Shared=True | Id=3045162
INFO | Candidate: NWB_DimDiameter | Scope=instance | Storage=String | ReadOnly=False | Shared=True | Id=7626172
INFO | Found 2 parameters named NWB_DimDiameter
INFO | SELECTED | Shared Parameter | Scope=instance | ReadOnly=False | Id=7626172
INFO | IGNORED (SharedOnly) | Shared Parameter | Scope=instance | ReadOnly=False | Id=3045162
ELEMENT | 15264013 | Size='32ø-25ø' | Width='' | Height='' | Diameter='32' | Statuses=NWB_DimWidth:SKIP; NWB_DimHeight:SKIP; NWB_DimDiameter:SKIP
INFO | Candidate: NWB_DimDiameter | Scope=instance | Storage=String | ReadOnly=False | Shared=True | Id=7626172
ELEMENT | 15269120 | Size='50ø-50ø' | Width='' | Height='' | Diameter='50' | Statuses=NWB_DimWidth:SKIP; NWB_DimHeight:SKIP; NWB_DimDiameter:SKIP
INFO | Candidate: NWB_DimDiameter | Scope=instance | Storage=String | ReadOnly=False | Shared=True | Id=7626172
ELEMENT | 15269156 | Size='50ø-50ø' | Width='' | Height='' | Diameter='50' | Statuses=NWB_DimWidth:SKIP; NWB_DimHeight:SKIP; NWB_DimDiameter:SKIP
INFO | Candidate: NWB_DimDiameter | Scope=instance | Storage=Double | ReadOnly=False | Shared=True | Id=3045162
INFO | Candidate: NWB_DimDiameter | Scope=instance | Storage=String | ReadOnly=False | Shared=True | Id=7626172
INFO | Found 2 parameters named NWB_DimDiameter
INFO | SELECTED | Shared Parameter | Scope=instance | ReadOnly=False | Id=7626172
INFO | IGNORED (SharedOnly) | Shared Parameter | Scope=instance | ReadOnly=False | Id=3045162
ELEMENT | 15269158 | Size='50ø-50ø-50ø' | Width='' | Height='' | Diameter='50' | Statuses=NWB_DimWidth:SKIP; NWB_DimHeight:SKIP; NWB_DimDiameter:SKIP
INFO | Candidate: NWB_DimDiameter | Scope=instance | Storage=Double | ReadOnly=False | Shared=True | Id=3045162
INFO | Candidate: NWB_DimDiameter | Scope=instance | Storage=String | ReadOnly=False | Shared=True | Id=7626172
INFO | Found 2 parameters named NWB_DimDiameter
INFO | SELECTED | Shared Parameter | Scope=instance | ReadOnly=False | Id=7626172
INFO | IGNORED (SharedOnly) | Shared Parameter | Scope=instance | ReadOnly=False | Id=3045162
ELEMENT | 15269183 | Size='50ø-50ø-50ø' | Width='' | Height='' | Diameter='50' | Statuses=NWB_DimWidth:SKIP; NWB_DimHeight:SKIP; NWB_DimDiameter:SKIP
INFO | Candidate: NWB_DimDiameter | Scope=instance | Storage=Double | ReadOnly=False | Shared=True | Id=3045162
INFO | Candidate: NWB_DimDiameter | Scope=instance | Storage=String | ReadOnly=False | Shared=True | Id=7626172
INFO | Found 2 parameters named NWB_DimDiameter
INFO | SELECTED | Shared Parameter | Scope=instance | ReadOnly=False | Id=7626172
INFO | IGNORED (SharedOnly) | Shared Parameter | Scope=instance | ReadOnly=False | Id=3045162
ELEMENT | 15269188 | Size='50ø-20ø' | Width='' | Height='' | Diameter='50' | Statuses=NWB_DimWidth:SKIP; NWB_DimHeight:SKIP; NWB_DimDiameter:SKIP
INFO | Candidate: NWB_DimDiameter | Scope=instance | Storage=String | ReadOnly=False | Shared=True | Id=7626172
ELEMENT | 15269635 | Size='50ø-50ø' | Width='' | Height='' | Diameter='50' | Statuses=NWB_DimWidth:SKIP; NWB_DimHeight:SKIP; NWB_DimDiameter:SKIP
INFO | Candidate: NWB_DimDiameter | Scope=instance | Storage=String | ReadOnly=False | Shared=True | Id=7626172
ELEMENT | 15269637 | Size='50ø-50ø' | Width='' | Height='' | Diameter='50' | Statuses=NWB_DimWidth:SKIP; NWB_DimHeight:SKIP; NWB_DimDiameter:SKIP
INFO | Candidate: NWB_DimDiameter | Scope=instance | Storage=String | ReadOnly=False | Shared=True | Id=7626172
ELEMENT | 15269639 | Size='50ø-50ø' | Width='' | Height='' | Diameter='50' | Statuses=NWB_DimWidth:SKIP; NWB_DimHeight:SKIP; NWB_DimDiameter:SKIP
INFO | Candidate: NWB_DimDiameter | Scope=instance | Storage=Double | ReadOnly=False | Shared=True | Id=3045162
INFO | Candidate: NWB_DimDiameter | Scope=instance | Storage=String | ReadOnly=False | Shared=True | Id=7626172
INFO | Found 2 parameters named NWB_DimDiameter
INFO | SELECTED | Shared Parameter | Scope=instance | ReadOnly=False | Id=7626172
INFO | IGNORED (SharedOnly) | Shared Parameter | Scope=instance | ReadOnly=False | Id=3045162
ELEMENT | 15269866 | Size='60ø-20ø' | Width='' | Height='' | Diameter='60' | Statuses=NWB_DimWidth:SKIP; NWB_DimHeight:SKIP; NWB_DimDiameter:SKIP
INFO | Candidate: NWB_DimDiameter | Scope=instance | Storage=String | ReadOnly=False | Shared=True | Id=7626172
ELEMENT | 15270274 | Size='50ø-50ø' | Width='' | Height='' | Diameter='50' | Statuses=NWB_DimWidth:SKIP; NWB_DimHeight:SKIP; NWB_DimDiameter:SKIP
INFO | Candidate: NWB_DimDiameter | Scope=instance | Storage=String | ReadOnly=False | Shared=True | Id=7626172
ELEMENT | 15270283 | Size='50ø-50ø' | Width='' | Height='' | Diameter='50' | Statuses=NWB_DimWidth:SKIP; NWB_DimHeight:SKIP; NWB_DimDiameter:SKIP
INFO | Candidate: NWB_DimDiameter | Scope=instance | Storage=String | ReadOnly=False | Shared=True | Id=7626172
ELEMENT | 15270346 | Size='20ø-20ø' | Width='' | Height='' | Diameter='20' | Statuses=NWB_DimWidth:SKIP; NWB_DimHeight:SKIP; NWB_DimDiameter:SKIP
INFO | Candidate: NWB_DimDiameter | Scope=instance | Storage=String | ReadOnly=False | Shared=True | Id=7626172
ELEMENT | 15270350 | Size='20ø-20ø' | Width='' | Height='' | Diameter='20' | Statuses=NWB_DimWidth:SKIP; NWB_DimHeight:SKIP; NWB_DimDiameter:SKIP
INFO | Candidate: NWB_DimDiameter | Scope=instance | Storage=String | ReadOnly=False | Shared=True | Id=7626172
ELEMENT | 15270353 | Size='20ø-20ø' | Width='' | Height='' | Diameter='20' | Statuses=NWB_DimWidth:SKIP; NWB_DimHeight:SKIP; NWB_DimDiameter:SKIP
INFO | Candidate: NWB_DimDiameter | Scope=instance | Storage=Double | ReadOnly=False | Shared=True | Id=3045162
INFO | Candidate: NWB_DimDiameter | Scope=instance | Storage=String | ReadOnly=False | Shared=True | Id=7626172
INFO | Found 2 parameters named NWB_DimDiameter
INFO | SELECTED | Shared Parameter | Scope=instance | ReadOnly=False | Id=7626172
INFO | IGNORED (SharedOnly) | Shared Parameter | Scope=instance | ReadOnly=False | Id=3045162
ELEMENT | 15299381 | Size='32ø-15ø' | Width='' | Height='' | Diameter='32' | Statuses=NWB_DimWidth:SKIP; NWB_DimHeight:SKIP; NWB_DimDiameter:SKIP
INFO | Candidate: NWB_DimDiameter | Scope=instance | Storage=Double | ReadOnly=False | Shared=True | Id=3045162
INFO | Candidate: NWB_DimDiameter | Scope=instance | Storage=String | ReadOnly=False | Shared=True | Id=7626172
INFO | Found 2 parameters named NWB_DimDiameter
INFO | SELECTED | Shared Parameter | Scope=instance | ReadOnly=False | Id=7626172
INFO | IGNORED (SharedOnly) | Shared Parameter | Scope=instance | ReadOnly=False | Id=3045162
ELEMENT | 15328270 | Size='32ø-25ø' | Width='' | Height='' | Diameter='32' | Statuses=NWB_DimWidth:SKIP; NWB_DimHeight:SKIP; NWB_DimDiameter:SKIP
INFO | Candidate: NWB_DimDiameter | Scope=instance | Storage=Double | ReadOnly=False | Shared=True | Id=3045162
INFO | Candidate: NWB_DimDiameter | Scope=instance | Storage=String | ReadOnly=False | Shared=True | Id=7626172
INFO | Found 2 parameters named NWB_DimDiameter
INFO | SELECTED | Shared Parameter | Scope=instance | ReadOnly=False | Id=7626172
INFO | IGNORED (SharedOnly) | Shared Parameter | Scope=instance | ReadOnly=False | Id=3045162
ELEMENT | 15328273 | Size='32ø-25ø' | Width='' | Height='' | Diameter='32' | Statuses=NWB_DimWidth:SKIP; NWB_DimHeight:SKIP; NWB_DimDiameter:SKIP
INFO | Candidate: NWB_DimDiameter | Scope=instance | Storage=String | ReadOnly=False | Shared=True | Id=7626172
ELEMENT | 15328314 | Size='25ø-25ø' | Width='' | Height='' | Diameter='25' | Statuses=NWB_DimWidth:SKIP; NWB_DimHeight:SKIP; NWB_DimDiameter:SKIP
INFO | Candidate: NWB_DimDiameter | Scope=instance | Storage=String | ReadOnly=False | Shared=True | Id=7626172
ELEMENT | 15328339 | Size='25ø-25ø' | Width='' | Height='' | Diameter='25' | Statuses=NWB_DimWidth:SKIP; NWB_DimHeight:SKIP; NWB_DimDiameter:SKIP
INFO | Candidate: NWB_DimDiameter | Scope=instance | Storage=String | ReadOnly=False | Shared=True | Id=7626172
ELEMENT | 15328342 | Size='25ø-25ø' | Width='' | Height='' | Diameter='25' | Statuses=NWB_DimWidth:SKIP; NWB_DimHeight:SKIP; NWB_DimDiameter:SKIP
INFO | Candidate: NWB_DimDiameter | Scope=instance | Storage=Double | ReadOnly=False | Shared=True | Id=3045162
INFO | Candidate: NWB_DimDiameter | Scope=instance | Storage=String | ReadOnly=False | Shared=True | Id=7626172
INFO | Found 2 parameters named NWB_DimDiameter
INFO | SELECTED | Shared Parameter | Scope=instance | ReadOnly=False | Id=7626172
INFO | IGNORED (SharedOnly) | Shared Parameter | Scope=instance | ReadOnly=False | Id=3045162
ELEMENT | 15328408 | Size='25ø-25ø-25ø' | Width='' | Height='' | Diameter='25' | Statuses=NWB_DimWidth:SKIP; NWB_DimHeight:SKIP; NWB_DimDiameter:SKIP
INFO | Candidate: NWB_DimDiameter | Scope=instance | Storage=String | ReadOnly=False | Shared=True | Id=7626172
ELEMENT | 15328414 | Size='25ø-25ø' | Width='' | Height='' | Diameter='25' | Statuses=NWB_DimWidth:SKIP; NWB_DimHeight:SKIP; NWB_DimDiameter:SKIP
INFO | Candidate: NWB_DimDiameter | Scope=instance | Storage=Double | ReadOnly=False | Shared=True | Id=3045162
INFO | Candidate: NWB_DimDiameter | Scope=instance | Storage=String | ReadOnly=False | Shared=True | Id=7626172
INFO | Found 2 parameters named NWB_DimDiameter
INFO | SELECTED | Shared Parameter | Scope=instance | ReadOnly=False | Id=7626172
INFO | IGNORED (SharedOnly) | Shared Parameter | Scope=instance | ReadOnly=False | Id=3045162
ELEMENT | 15328450 | Size='32ø-25ø' | Width='' | Height='' | Diameter='32' | Statuses=NWB_DimWidth:SKIP; NWB_DimHeight:SKIP; NWB_DimDiameter:SKIP
INFO | Candidate: NWB_DimDiameter | Scope=instance | Storage=String | ReadOnly=False | Shared=True | Id=7626172
ELEMENT | 15465466 | Size='32ø-32ø' | Width='' | Height='' | Diameter='32' | Statuses=NWB_DimWidth:SKIP; NWB_DimHeight:SKIP; NWB_DimDiameter:SKIP
INFO | Candidate: NWB_DimDiameter | Scope=instance | Storage=Double | ReadOnly=False | Shared=True | Id=3045162
INFO | Candidate: NWB_DimDiameter | Scope=instance | Storage=String | ReadOnly=False | Shared=True | Id=7626172
INFO | Found 2 parameters named NWB_DimDiameter
INFO | SELECTED | Shared Parameter | Scope=instance | ReadOnly=False | Id=7626172
INFO | IGNORED (SharedOnly) | Shared Parameter | Scope=instance | ReadOnly=False | Id=3045162
ELEMENT | 15465469 | Size='32ø-25ø' | Width='' | Height='' | Diameter='32' | Statuses=NWB_DimWidth:SKIP; NWB_DimHeight:SKIP; NWB_DimDiameter:SKIP
INFO | Candidate: NWB_DimDiameter | Scope=instance | Storage=Double | ReadOnly=False | Shared=True | Id=3045162
INFO | Candidate: NWB_DimDiameter | Scope=instance | Storage=String | ReadOnly=False | Shared=True | Id=7626172
INFO | Found 2 parameters named NWB_DimDiameter
INFO | SELECTED | Shared Parameter | Scope=instance | ReadOnly=False | Id=7626172
INFO | IGNORED (SharedOnly) | Shared Parameter | Scope=instance | ReadOnly=False | Id=3045162
ELEMENT | 15465474 | Size='32ø-32ø-32ø' | Width='' | Height='' | Diameter='32' | Statuses=NWB_DimWidth:SKIP; NWB_DimHeight:SKIP; NWB_DimDiameter:SKIP
INFO | Candidate: NWB_DimDiameter | Scope=instance | Storage=Double | ReadOnly=False | Shared=True | Id=3045162
INFO | Candidate: NWB_DimDiameter | Scope=instance | Storage=String | ReadOnly=False | Shared=True | Id=7626172
INFO | Found 2 parameters named NWB_DimDiameter
INFO | SELECTED | Shared Parameter | Scope=instance | ReadOnly=False | Id=7626172
INFO | IGNORED (SharedOnly) | Shared Parameter | Scope=instance | ReadOnly=False | Id=3045162
ELEMENT | 15465480 | Size='32ø-25ø' | Width='' | Height='' | Diameter='32' | Statuses=NWB_DimWidth:SKIP; NWB_DimHeight:SKIP; NWB_DimDiameter:SKIP
INFO | Candidate: NWB_DimDiameter | Scope=instance | Storage=String | ReadOnly=False | Shared=True | Id=7626172
ELEMENT | 15465482 | Size='25ø-25ø' | Width='' | Height='' | Diameter='25' | Statuses=NWB_DimWidth:SKIP; NWB_DimHeight:SKIP; NWB_DimDiameter:SKIP
INFO | Candidate: NWB_DimDiameter | Scope=instance | Storage=String | ReadOnly=False | Shared=True | Id=7626172
ELEMENT | 15465486 | Size='25ø-25ø' | Width='' | Height='' | Diameter='25' | Statuses=NWB_DimWidth:SKIP; NWB_DimHeight:SKIP; NWB_DimDiameter:SKIP
INFO | Candidate: NWB_DimDiameter | Scope=instance | Storage=Double | ReadOnly=False | Shared=True | Id=3045162
INFO | Candidate: NWB_DimDiameter | Scope=instance | Storage=String | ReadOnly=False | Shared=True | Id=7626172
INFO | Found 2 parameters named NWB_DimDiameter
INFO | SELECTED | Shared Parameter | Scope=instance | ReadOnly=False | Id=7626172
INFO | IGNORED (SharedOnly) | Shared Parameter | Scope=instance | ReadOnly=False | Id=3045162
ELEMENT | 15465494 | Size='25ø-25ø-25ø' | Width='' | Height='' | Diameter='25' | Statuses=NWB_DimWidth:SKIP; NWB_DimHeight:SKIP; NWB_DimDiameter:SKIP
INFO | Candidate: NWB_DimDiameter | Scope=instance | Storage=String | ReadOnly=False | Shared=True | Id=7626172
ELEMENT | 15465500 | Size='25ø-25ø' | Width='' | Height='' | Diameter='25' | Statuses=NWB_DimWidth:SKIP; NWB_DimHeight:SKIP; NWB_DimDiameter:SKIP
INFO | Candidate: NWB_DimDiameter | Scope=instance | Storage=String | ReadOnly=False | Shared=True | Id=7626172
ELEMENT | 15465517 | Size='25ø-25ø' | Width='' | Height='' | Diameter='25' | Statuses=NWB_DimWidth:SKIP; NWB_DimHeight:SKIP; NWB_DimDiameter:SKIP
INFO | Candidate: NWB_DimDiameter | Scope=instance | Storage=String | ReadOnly=False | Shared=True | Id=7626172
ELEMENT | 15465520 | Size='25ø-25ø' | Width='' | Height='' | Diameter='25' | Statuses=NWB_DimWidth:SKIP; NWB_DimHeight:SKIP; NWB_DimDiameter:SKIP
INFO | Candidate: NWB_DimDiameter | Scope=instance | Storage=String | ReadOnly=False | Shared=True | Id=7626172
ELEMENT | 15465532 | Size='32ø-32ø' | Width='' | Height='' | Diameter='32' | Statuses=NWB_DimWidth:SKIP; NWB_DimHeight:SKIP; NWB_DimDiameter:SKIP
INFO | Candidate: NWB_DimDiameter | Scope=instance | Storage=String | ReadOnly=False | Shared=True | Id=7626172
ELEMENT | 15465535 | Size='32ø-32ø' | Width='' | Height='' | Diameter='32' | Statuses=NWB_DimWidth:SKIP; NWB_DimHeight:SKIP; NWB_DimDiameter:SKIP
INFO | Candidate: NWB_DimDiameter | Scope=instance | Storage=Double | ReadOnly=False | Shared=True | Id=3045162
INFO | Candidate: NWB_DimDiameter | Scope=instance | Storage=String | ReadOnly=False | Shared=True | Id=7626172
INFO | Found 2 parameters named NWB_DimDiameter
INFO | SELECTED | Shared Parameter | Scope=instance | ReadOnly=False | Id=7626172
INFO | IGNORED (SharedOnly) | Shared Parameter | Scope=instance | ReadOnly=False | Id=3045162
ELEMENT | 15465540 | Size='25ø-25ø-25ø' | Width='' | Height='' | Diameter='25' | Statuses=NWB_DimWidth:SKIP; NWB_DimHeight:SKIP; NWB_DimDiameter:SKIP
INFO | Candidate: NWB_DimDiameter | Scope=instance | Storage=String | ReadOnly=False | Shared=True | Id=7626172
ELEMENT | 15465550 | Size='25ø-25ø' | Width='' | Height='' | Diameter='25' | Statuses=NWB_DimWidth:SKIP; NWB_DimHeight:SKIP; NWB_DimDiameter:SKIP
INFO | Candidate: NWB_DimDiameter | Scope=instance | Storage=Double | ReadOnly=False | Shared=True | Id=3045162
INFO | Candidate: NWB_DimDiameter | Scope=instance | Storage=String | ReadOnly=False | Shared=True | Id=7626172
INFO | Found 2 parameters named NWB_DimDiameter
INFO | SELECTED | Shared Parameter | Scope=instance | ReadOnly=False | Id=7626172
INFO | IGNORED (SharedOnly) | Shared Parameter | Scope=instance | ReadOnly=False | Id=3045162
ELEMENT | 15465556 | Size='32ø-32ø-32ø' | Width='' | Height='' | Diameter='32' | Statuses=NWB_DimWidth:SKIP; NWB_DimHeight:SKIP; NWB_DimDiameter:SKIP
INFO | Candidate: NWB_DimDiameter | Scope=instance | Storage=Double | ReadOnly=False | Shared=True | Id=3045162
INFO | Candidate: NWB_DimDiameter | Scope=instance | Storage=String | ReadOnly=False | Shared=True | Id=7626172
INFO | Found 2 parameters named NWB_DimDiameter
INFO | SELECTED | Shared Parameter | Scope=instance | ReadOnly=False | Id=7626172
INFO | IGNORED (SharedOnly) | Shared Parameter | Scope=instance | ReadOnly=False | Id=3045162
ELEMENT | 15465562 | Size='32ø-15ø' | Width='' | Height='' | Diameter='32' | Statuses=NWB_DimWidth:SKIP; NWB_DimHeight:SKIP; NWB_DimDiameter:SKIP
INFO | Candidate: NWB_DimDiameter | Scope=instance | Storage=String | ReadOnly=False | Shared=True | Id=7626172
ELEMENT | 15465568 | Size='15ø-15ø' | Width='' | Height='' | Diameter='15' | Statuses=NWB_DimWidth:SKIP; NWB_DimHeight:SKIP; NWB_DimDiameter:SKIP
INFO | Candidate: NWB_DimDiameter | Scope=instance | Storage=String | ReadOnly=False | Shared=True | Id=7626172
ELEMENT | 15465577 | Size='450ø-450ø-50ø' | Width='' | Height='' | Diameter='450' | Statuses=NWB_DimWidth:SKIP; NWB_DimHeight:SKIP; NWB_DimDiameter:SKIP
INFO | Candidate: NWB_DimDiameter | Scope=instance | Storage=String | ReadOnly=False | Shared=True | Id=7626172
ELEMENT | 15467018 | Size='40ø-40ø' | Width='' | Height='' | Diameter='40' | Statuses=NWB_DimWidth:SKIP; NWB_DimHeight:SKIP; NWB_DimDiameter:SKIP
INFO | Candidate: NWB_DimDiameter | Scope=instance | Storage=String | ReadOnly=False | Shared=True | Id=7626172
ELEMENT | 15467024 | Size='40ø-40ø' | Width='' | Height='' | Diameter='40' | Statuses=NWB_DimWidth:SKIP; NWB_DimHeight:SKIP; NWB_DimDiameter:SKIP
INFO | Candidate: NWB_DimDiameter | Scope=instance | Storage=String | ReadOnly=False | Shared=True | Id=7626172
ELEMENT | 15467030 | Size='40ø-40ø' | Width='' | Height='' | Diameter='40' | Statuses=NWB_DimWidth:SKIP; NWB_DimHeight:SKIP; NWB_DimDiameter:SKIP
INFO | Candidate: NWB_DimDiameter | Scope=instance | Storage=String | ReadOnly=False | Shared=True | Id=7626172
ELEMENT | 15467051 | Size='40ø-40ø' | Width='' | Height='' | Diameter='40' | Statuses=NWB_DimWidth:SKIP; NWB_DimHeight:SKIP; NWB_DimDiameter:SKIP
INFO | Candidate: NWB_DimDiameter | Scope=instance | Storage=String | ReadOnly=False | Shared=True | Id=7626172
ELEMENT | 15467057 | Size='40ø-40ø' | Width='' | Height='' | Diameter='40' | Statuses=NWB_DimWidth:SKIP; NWB_DimHeight:SKIP; NWB_DimDiameter:SKIP
INFO | Candidate: NWB_DimDiameter | Scope=instance | Storage=String | ReadOnly=False | Shared=True | Id=7626172
ELEMENT | 15467063 | Size='40ø-40ø' | Width='' | Height='' | Diameter='40' | Statuses=NWB_DimWidth:SKIP; NWB_DimHeight:SKIP; NWB_DimDiameter:SKIP
INFO | Candidate: NWB_DimDiameter | Scope=instance | Storage=String | ReadOnly=False | Shared=True | Id=7626172
ELEMENT | 15467152 | Size='40ø-40ø' | Width='' | Height='' | Diameter='40' | Statuses=NWB_DimWidth:SKIP; NWB_DimHeight:SKIP; NWB_DimDiameter:SKIP
INFO | Candidate: NWB_DimDiameter | Scope=instance | Storage=String | ReadOnly=False | Shared=True | Id=7626172
ELEMENT | 15467157 | Size='50ø-40ø' | Width='' | Height='' | Diameter='50' | Statuses=NWB_DimWidth:SKIP; NWB_DimHeight:SKIP; NWB_DimDiameter:SKIP
INFO | Candidate: NWB_DimDiameter | Scope=instance | Storage=String | ReadOnly=False | Shared=True | Id=7626172
ELEMENT | 15468389 | Size='15ø-15ø' | Width='' | Height='' | Diameter='15' | Statuses=NWB_DimWidth:SKIP; NWB_DimHeight:SKIP; NWB_DimDiameter:SKIP
INFO | Candidate: NWB_DimDiameter | Scope=instance | Storage=String | ReadOnly=False | Shared=True | Id=7626172
ELEMENT | 15468395 | Size='15ø-15ø' | Width='' | Height='' | Diameter='15' | Statuses=NWB_DimWidth:SKIP; NWB_DimHeight:SKIP; NWB_DimDiameter:SKIP
INFO | Candidate: NWB_DimDiameter | Scope=instance | Storage=String | ReadOnly=False | Shared=True | Id=7626172
ELEMENT | 15468421 | Size='25ø-25ø' | Width='' | Height='' | Diameter='25' | Statuses=NWB_DimWidth:SKIP; NWB_DimHeight:SKIP; NWB_DimDiameter:SKIP
INFO | Candidate: NWB_DimDiameter | Scope=instance | Storage=String | ReadOnly=False | Shared=True | Id=7626172
ELEMENT | 15468427 | Size='25ø-25ø' | Width='' | Height='' | Diameter='25' | Statuses=NWB_DimWidth:SKIP; NWB_DimHeight:SKIP; NWB_DimDiameter:SKIP
INFO | Candidate: NWB_DimDiameter | Scope=instance | Storage=String | ReadOnly=False | Shared=True | Id=7626172
ELEMENT | 15468460 | Size='32ø-32ø' | Width='' | Height='' | Diameter='32' | Statuses=NWB_DimWidth:SKIP; NWB_DimHeight:SKIP; NWB_DimDiameter:SKIP
INFO | Candidate: NWB_DimDiameter | Scope=instance | Storage=String | ReadOnly=False | Shared=True | Id=7626172
ELEMENT | 15468487 | Size='25ø-25ø' | Width='' | Height='' | Diameter='25' | Statuses=NWB_DimWidth:SKIP; NWB_DimHeight:SKIP; NWB_DimDiameter:SKIP
INFO | Candidate: NWB_DimDiameter | Scope=instance | Storage=String | ReadOnly=False | Shared=True | Id=7626172
ELEMENT | 15468492 | Size='25ø-25ø' | Width='' | Height='' | Diameter='25' | Statuses=NWB_DimWidth:SKIP; NWB_DimHeight:SKIP; NWB_DimDiameter:SKIP
INFO | Candidate: NWB_DimDiameter | Scope=instance | Storage=Double | ReadOnly=False | Shared=True | Id=3045162
INFO | Candidate: NWB_DimDiameter | Scope=instance | Storage=String | ReadOnly=False | Shared=True | Id=7626172
INFO | Found 2 parameters named NWB_DimDiameter
INFO | SELECTED | Shared Parameter | Scope=instance | ReadOnly=False | Id=7626172
INFO | IGNORED (SharedOnly) | Shared Parameter | Scope=instance | ReadOnly=False | Id=3045162
ELEMENT | 15468494 | Size='32ø-25ø' | Width='' | Height='' | Diameter='32' | Statuses=NWB_DimWidth:SKIP; NWB_DimHeight:SKIP; NWB_DimDiameter:SKIP
INFO | Candidate: NWB_DimDiameter | Scope=instance | Storage=String | ReadOnly=False | Shared=True | Id=7626172
ELEMENT | 15469132 | Size='32ø-32ø' | Width='' | Height='' | Diameter='32' | Statuses=NWB_DimWidth:SKIP; NWB_DimHeight:SKIP; NWB_DimDiameter:SKIP
INFO | Candidate: NWB_DimDiameter | Scope=instance | Storage=String | ReadOnly=False | Shared=True | Id=7626172
ELEMENT | 15469145 | Size='32ø-32ø' | Width='' | Height='' | Diameter='32' | Statuses=NWB_DimWidth:SKIP; NWB_DimHeight:SKIP; NWB_DimDiameter:SKIP
INFO | Candidate: NWB_DimDiameter | Scope=instance | Storage=String | ReadOnly=False | Shared=True | Id=7626172
ELEMENT | 15469169 | Size='32ø-32ø' | Width='' | Height='' | Diameter='32' | Statuses=NWB_DimWidth:SKIP; NWB_DimHeight:SKIP; NWB_DimDiameter:SKIP
INFO | Candidate: NWB_DimDiameter | Scope=instance | Storage=String | ReadOnly=False | Shared=True | Id=7626172
ELEMENT | 15469182 | Size='32ø-32ø' | Width='' | Height='' | Diameter='32' | Statuses=NWB_DimWidth:SKIP; NWB_DimHeight:SKIP; NWB_DimDiameter:SKIP
INFO | Candidate: NWB_DimDiameter | Scope=instance | Storage=String | ReadOnly=False | Shared=True | Id=7626172
ELEMENT | 15549090 | Size='25ø-25ø' | Width='' | Height='' | Diameter='25' | Statuses=NWB_DimWidth:SKIP; NWB_DimHeight:SKIP; NWB_DimDiameter:SKIP
INFO | Candidate: NWB_DimDiameter | Scope=instance | Storage=String | ReadOnly=False | Shared=True | Id=7626172
ELEMENT | 15549094 | Size='25ø-25ø' | Width='' | Height='' | Diameter='25' | Statuses=NWB_DimWidth:SKIP; NWB_DimHeight:SKIP; NWB_DimDiameter:SKIP
INFO | Candidate: NWB_DimDiameter | Scope=instance | Storage=String | ReadOnly=False | Shared=True | Id=7626172
ELEMENT | 15549096 | Size='25ø-25ø' | Width='' | Height='' | Diameter='25' | Statuses=NWB_DimWidth:SKIP; NWB_DimHeight:SKIP; NWB_DimDiameter:SKIP
INFO | Candidate: NWB_DimDiameter | Scope=instance | Storage=String | ReadOnly=False | Shared=True | Id=7626172
ELEMENT | 15549100 | Size='25ø-25ø' | Width='' | Height='' | Diameter='25' | Statuses=NWB_DimWidth:SKIP; NWB_DimHeight:SKIP; NWB_DimDiameter:SKIP
INFO | Candidate: NWB_DimDiameter | Scope=instance | Storage=String | ReadOnly=False | Shared=True | Id=7626172
ELEMENT | 15549102 | Size='25ø-25ø' | Width='' | Height='' | Diameter='25' | Statuses=NWB_DimWidth:SKIP; NWB_DimHeight:SKIP; NWB_DimDiameter:SKIP
INFO | Candidate: NWB_DimDiameter | Scope=instance | Storage=String | ReadOnly=False | Shared=True | Id=7626172
ELEMENT | 15549104 | Size='25ø-25ø' | Width='' | Height='' | Diameter='25' | Statuses=NWB_DimWidth:SKIP; NWB_DimHeight:SKIP; NWB_DimDiameter:SKIP
INFO | Candidate: NWB_DimDiameter | Scope=instance | Storage=Double | ReadOnly=False | Shared=True | Id=3045162
INFO | Candidate: NWB_DimDiameter | Scope=instance | Storage=String | ReadOnly=False | Shared=True | Id=7626172
INFO | Found 2 parameters named NWB_DimDiameter
INFO | SELECTED | Shared Parameter | Scope=instance | ReadOnly=False | Id=7626172
INFO | IGNORED (SharedOnly) | Shared Parameter | Scope=instance | ReadOnly=False | Id=3045162
ELEMENT | 15555607 | Size='32ø-32ø-32ø' | Width='' | Height='' | Diameter='32' | Statuses=NWB_DimWidth:SKIP; NWB_DimHeight:SKIP; NWB_DimDiameter:SKIP
INFO | Candidate: NWB_DimDiameter | Scope=instance | Storage=Double | ReadOnly=False | Shared=True | Id=3045162
INFO | Candidate: NWB_DimDiameter | Scope=instance | Storage=String | ReadOnly=False | Shared=True | Id=7626172
INFO | Found 2 parameters named NWB_DimDiameter
INFO | SELECTED | Shared Parameter | Scope=instance | ReadOnly=False | Id=7626172
INFO | IGNORED (SharedOnly) | Shared Parameter | Scope=instance | ReadOnly=False | Id=3045162
ELEMENT | 15555613 | Size='32ø-25ø' | Width='' | Height='' | Diameter='32' | Statuses=NWB_DimWidth:SKIP; NWB_DimHeight:SKIP; NWB_DimDiameter:SKIP
INFO | Candidate: NWB_DimDiameter | Scope=instance | Storage=Double | ReadOnly=False | Shared=True | Id=3045162
INFO | Candidate: NWB_DimDiameter | Scope=instance | Storage=String | ReadOnly=False | Shared=True | Id=7626172
INFO | Found 2 parameters named NWB_DimDiameter
INFO | SELECTED | Shared Parameter | Scope=instance | ReadOnly=False | Id=7626172
INFO | IGNORED (SharedOnly) | Shared Parameter | Scope=instance | ReadOnly=False | Id=3045162
ELEMENT | 15555621 | Size='32ø-32ø-32ø' | Width='' | Height='' | Diameter='32' | Statuses=NWB_DimWidth:SKIP; NWB_DimHeight:SKIP; NWB_DimDiameter:SKIP
INFO | Candidate: NWB_DimDiameter | Scope=instance | Storage=Double | ReadOnly=False | Shared=True | Id=3045162
INFO | Candidate: NWB_DimDiameter | Scope=instance | Storage=String | ReadOnly=False | Shared=True | Id=7626172
INFO | Found 2 parameters named NWB_DimDiameter
INFO | SELECTED | Shared Parameter | Scope=instance | ReadOnly=False | Id=7626172
INFO | IGNORED (SharedOnly) | Shared Parameter | Scope=instance | ReadOnly=False | Id=3045162
ELEMENT | 15555627 | Size='32ø-25ø' | Width='' | Height='' | Diameter='32' | Statuses=NWB_DimWidth:SKIP; NWB_DimHeight:SKIP; NWB_DimDiameter:SKIP
INFO | Candidate: NWB_DimDiameter | Scope=instance | Storage=String | ReadOnly=False | Shared=True | Id=7626172
ELEMENT | 15555653 | Size='25ø-25ø' | Width='' | Height='' | Diameter='25' | Statuses=NWB_DimWidth:SKIP; NWB_DimHeight:SKIP; NWB_DimDiameter:SKIP
INFO | Candidate: NWB_DimDiameter | Scope=instance | Storage=String | ReadOnly=False | Shared=True | Id=7626172
ELEMENT | 15555676 | Size='25ø-25ø' | Width='' | Height='' | Diameter='25' | Statuses=NWB_DimWidth:SKIP; NWB_DimHeight:SKIP; NWB_DimDiameter:SKIP
INFO | Candidate: NWB_DimDiameter | Scope=instance | Storage=Double | ReadOnly=False | Shared=True | Id=3045162
INFO | Candidate: NWB_DimDiameter | Scope=instance | Storage=String | ReadOnly=False | Shared=True | Id=7626172
INFO | Found 2 parameters named NWB_DimDiameter
INFO | SELECTED | Shared Parameter | Scope=instance | ReadOnly=False | Id=7626172
INFO | IGNORED (SharedOnly) | Shared Parameter | Scope=instance | ReadOnly=False | Id=3045162
ELEMENT | 15556637 | Size='32ø-32ø-32ø' | Width='' | Height='' | Diameter='32' | Statuses=NWB_DimWidth:SKIP; NWB_DimHeight:SKIP; NWB_DimDiameter:SKIP
INFO | Candidate: NWB_DimDiameter | Scope=instance | Storage=Double | ReadOnly=False | Shared=True | Id=3045162
INFO | Candidate: NWB_DimDiameter | Scope=instance | Storage=String | ReadOnly=False | Shared=True | Id=7626172
INFO | Found 2 parameters named NWB_DimDiameter
INFO | SELECTED | Shared Parameter | Scope=instance | ReadOnly=False | Id=7626172
INFO | IGNORED (SharedOnly) | Shared Parameter | Scope=instance | ReadOnly=False | Id=3045162
ELEMENT | 15556647 | Size='32ø-25ø' | Width='' | Height='' | Diameter='32' | Statuses=NWB_DimWidth:SKIP; NWB_DimHeight:SKIP; NWB_DimDiameter:SKIP
INFO | Candidate: NWB_DimDiameter | Scope=instance | Storage=String | ReadOnly=False | Shared=True | Id=7626172
ELEMENT | 15556649 | Size='25ø-25ø' | Width='' | Height='' | Diameter='25' | Statuses=NWB_DimWidth:SKIP; NWB_DimHeight:SKIP; NWB_DimDiameter:SKIP
INFO | Candidate: NWB_DimDiameter | Scope=instance | Storage=Double | ReadOnly=False | Shared=True | Id=3045162
INFO | Candidate: NWB_DimDiameter | Scope=instance | Storage=String | ReadOnly=False | Shared=True | Id=7626172
INFO | Found 2 parameters named NWB_DimDiameter
INFO | SELECTED | Shared Parameter | Scope=instance | ReadOnly=False | Id=7626172
INFO | IGNORED (SharedOnly) | Shared Parameter | Scope=instance | ReadOnly=False | Id=3045162
ELEMENT | 15556749 | Size='32ø-32ø-32ø' | Width='' | Height='' | Diameter='32' | Statuses=NWB_DimWidth:SKIP; NWB_DimHeight:SKIP; NWB_DimDiameter:SKIP
INFO | Candidate: NWB_DimDiameter | Scope=instance | Storage=Double | ReadOnly=False | Shared=True | Id=3045162
INFO | Candidate: NWB_DimDiameter | Scope=instance | Storage=String | ReadOnly=False | Shared=True | Id=7626172
INFO | Found 2 parameters named NWB_DimDiameter
INFO | SELECTED | Shared Parameter | Scope=instance | ReadOnly=False | Id=7626172
INFO | IGNORED (SharedOnly) | Shared Parameter | Scope=instance | ReadOnly=False | Id=3045162
ELEMENT | 15556759 | Size='32ø-25ø' | Width='' | Height='' | Diameter='32' | Statuses=NWB_DimWidth:SKIP; NWB_DimHeight:SKIP; NWB_DimDiameter:SKIP
INFO | Candidate: NWB_DimDiameter | Scope=instance | Storage=String | ReadOnly=False | Shared=True | Id=7626172
ELEMENT | 15556761 | Size='25ø-25ø' | Width='' | Height='' | Diameter='25' | Statuses=NWB_DimWidth:SKIP; NWB_DimHeight:SKIP; NWB_DimDiameter:SKIP
INFO | Candidate: NWB_DimDiameter | Scope=instance | Storage=String | ReadOnly=False | Shared=True | Id=7626172
ELEMENT | 15556808 | Size='25ø-25ø' | Width='' | Height='' | Diameter='25' | Statuses=NWB_DimWidth:SKIP; NWB_DimHeight:SKIP; NWB_DimDiameter:SKIP
INFO | Candidate: NWB_DimDiameter | Scope=instance | Storage=String | ReadOnly=False | Shared=True | Id=7626172
ELEMENT | 15556843 | Size='25ø-25ø' | Width='' | Height='' | Diameter='25' | Statuses=NWB_DimWidth:SKIP; NWB_DimHeight:SKIP; NWB_DimDiameter:SKIP
INFO | Candidate: NWB_DimDiameter | Scope=instance | Storage=String | ReadOnly=False | Shared=True | Id=7626172
ELEMENT | 15557000 | Size='50ø-50ø' | Width='' | Height='' | Diameter='50' | Statuses=NWB_DimWidth:SKIP; NWB_DimHeight:SKIP; NWB_DimDiameter:SKIP
INFO | Candidate: NWB_DimDiameter | Scope=instance | Storage=String | ReadOnly=False | Shared=True | Id=7626172
ELEMENT | 15557011 | Size='50ø-50ø' | Width='' | Height='' | Diameter='50' | Statuses=NWB_DimWidth:SKIP; NWB_DimHeight:SKIP; NWB_DimDiameter:SKIP
INFO | Candidate: NWB_DimDiameter | Scope=instance | Storage=String | ReadOnly=False | Shared=True | Id=7626172
ELEMENT | 15557057 | Size='50ø-50ø' | Width='' | Height='' | Diameter='50' | Statuses=NWB_DimWidth:SKIP; NWB_DimHeight:SKIP; NWB_DimDiameter:SKIP
INFO | Candidate: NWB_DimDiameter | Scope=instance | Storage=String | ReadOnly=False | Shared=True | Id=7626172
ELEMENT | 15557068 | Size='50ø-50ø' | Width='' | Height='' | Diameter='50' | Statuses=NWB_DimWidth:SKIP; NWB_DimHeight:SKIP; NWB_DimDiameter:SKIP
INFO | Candidate: NWB_DimDiameter | Scope=instance | Storage=Double | ReadOnly=False | Shared=True | Id=3045162
INFO | Candidate: NWB_DimDiameter | Scope=instance | Storage=String | ReadOnly=False | Shared=True | Id=7626172
INFO | Found 2 parameters named NWB_DimDiameter
INFO | SELECTED | Shared Parameter | Scope=instance | ReadOnly=False | Id=7626172
INFO | IGNORED (SharedOnly) | Shared Parameter | Scope=instance | ReadOnly=False | Id=3045162
ELEMENT | 15557197 | Size='50ø-50ø-50ø' | Width='' | Height='' | Diameter='50' | Statuses=NWB_DimWidth:SKIP; NWB_DimHeight:SKIP; NWB_DimDiameter:SKIP
INFO | Candidate: NWB_DimDiameter | Scope=instance | Storage=Double | ReadOnly=False | Shared=True | Id=3045162
INFO | Candidate: NWB_DimDiameter | Scope=instance | Storage=String | ReadOnly=False | Shared=True | Id=7626172
INFO | Found 2 parameters named NWB_DimDiameter
INFO | SELECTED | Shared Parameter | Scope=instance | ReadOnly=False | Id=7626172
INFO | IGNORED (SharedOnly) | Shared Parameter | Scope=instance | ReadOnly=False | Id=3045162
ELEMENT | 15557206 | Size='50ø-25ø' | Width='' | Height='' | Diameter='50' | Statuses=NWB_DimWidth:SKIP; NWB_DimHeight:SKIP; NWB_DimDiameter:SKIP
INFO | Candidate: NWB_DimDiameter | Scope=instance | Storage=String | ReadOnly=False | Shared=True | Id=7626172
ELEMENT | 15557209 | Size='25ø-25ø' | Width='' | Height='' | Diameter='25' | Statuses=NWB_DimWidth:SKIP; NWB_DimHeight:SKIP; NWB_DimDiameter:SKIP
INFO | Candidate: NWB_DimDiameter | Scope=instance | Storage=Double | ReadOnly=False | Shared=True | Id=3045162
INFO | Candidate: NWB_DimDiameter | Scope=instance | Storage=String | ReadOnly=False | Shared=True | Id=7626172
INFO | Found 2 parameters named NWB_DimDiameter
INFO | SELECTED | Shared Parameter | Scope=instance | ReadOnly=False | Id=7626172
INFO | IGNORED (SharedOnly) | Shared Parameter | Scope=instance | ReadOnly=False | Id=3045162
ELEMENT | 15557233 | Size='50ø-50ø-50ø' | Width='' | Height='' | Diameter='50' | Statuses=NWB_DimWidth:SKIP; NWB_DimHeight:SKIP; NWB_DimDiameter:SKIP
INFO | Candidate: NWB_DimDiameter | Scope=instance | Storage=String | ReadOnly=False | Shared=True | Id=7626172
ELEMENT | 15557239 | Size='50ø-50ø' | Width='' | Height='' | Diameter='50' | Statuses=NWB_DimWidth:SKIP; NWB_DimHeight:SKIP; NWB_DimDiameter:SKIP
INFO | Candidate: NWB_DimDiameter | Scope=instance | Storage=String | ReadOnly=False | Shared=True | Id=7626172
ELEMENT | 15557282 | Size='25ø-25ø' | Width='' | Height='' | Diameter='25' | Statuses=NWB_DimWidth:SKIP; NWB_DimHeight:SKIP; NWB_DimDiameter:SKIP
INFO | Candidate: NWB_DimDiameter | Scope=instance | Storage=String | ReadOnly=False | Shared=True | Id=7626172
ELEMENT | 15557316 | Size='25ø-25ø' | Width='' | Height='' | Diameter='25' | Statuses=NWB_DimWidth:SKIP; NWB_DimHeight:SKIP; NWB_DimDiameter:SKIP
INFO | Transaction Status = Committed
WARN | Regenerate after commit failed: Modification of the document is forbidden.  Typically, this is because there is no open transaction;  consult documentation for Document.IsModified for other possible causes.
CHUNK COMMIT | Status=Committed | Processed=720
INFO | Candidate: NWB_DimDiameter | Scope=instance | Storage=String | ReadOnly=False | Shared=True | Id=7626172
ELEMENT | 15558521 | Size='25ø-25ø' | Width='' | Height='' | Diameter='25' | Statuses=NWB_DimWidth:SKIP; NWB_DimHeight:SKIP; NWB_DimDiameter:SKIP
INFO | Candidate: NWB_DimDiameter | Scope=instance | Storage=String | ReadOnly=False | Shared=True | Id=7626172
ELEMENT | 15558533 | Size='25ø-25ø' | Width='' | Height='' | Diameter='25' | Statuses=NWB_DimWidth:SKIP; NWB_DimHeight:SKIP; NWB_DimDiameter:SKIP
INFO | Candidate: NWB_DimDiameter | Scope=instance | Storage=String | ReadOnly=False | Shared=True | Id=7626172
ELEMENT | 15558557 | Size='25ø-25ø' | Width='' | Height='' | Diameter='25' | Statuses=NWB_DimWidth:SKIP; NWB_DimHeight:SKIP; NWB_DimDiameter:SKIP
INFO | Candidate: NWB_DimDiameter | Scope=instance | Storage=String | ReadOnly=False | Shared=True | Id=7626172
ELEMENT | 15558567 | Size='25ø-25ø' | Width='' | Height='' | Diameter='25' | Statuses=NWB_DimWidth:SKIP; NWB_DimHeight:SKIP; NWB_DimDiameter:SKIP
INFO | Candidate: NWB_DimDiameter | Scope=instance | Storage=String | ReadOnly=False | Shared=True | Id=7626172
ELEMENT | 15558695 | Size='450ø-450ø-50ø' | Width='' | Height='' | Diameter='450' | Statuses=NWB_DimWidth:SKIP; NWB_DimHeight:SKIP; NWB_DimDiameter:SKIP
INFO | Candidate: NWB_DimDiameter | Scope=instance | Storage=String | ReadOnly=False | Shared=True | Id=7626172
ELEMENT | 15558705 | Size='50ø-50ø' | Width='' | Height='' | Diameter='50' | Statuses=NWB_DimWidth:SKIP; NWB_DimHeight:SKIP; NWB_DimDiameter:SKIP
INFO | Candidate: NWB_DimDiameter | Scope=instance | Storage=String | ReadOnly=False | Shared=True | Id=7626172
ELEMENT | 15558743 | Size='50ø-50ø' | Width='' | Height='' | Diameter='50' | Statuses=NWB_DimWidth:SKIP; NWB_DimHeight:SKIP; NWB_DimDiameter:SKIP
INFO | Candidate: NWB_DimDiameter | Scope=instance | Storage=String | ReadOnly=False | Shared=True | Id=7626172
ELEMENT | 15558746 | Size='50ø-50ø' | Width='' | Height='' | Diameter='50' | Statuses=NWB_DimWidth:SKIP; NWB_DimHeight:SKIP; NWB_DimDiameter:SKIP
INFO | Candidate: NWB_DimDiameter | Scope=instance | Storage=Double | ReadOnly=False | Shared=True | Id=3045162
INFO | Candidate: NWB_DimDiameter | Scope=instance | Storage=String | ReadOnly=False | Shared=True | Id=7626172
INFO | Found 2 parameters named NWB_DimDiameter
INFO | SELECTED | Shared Parameter | Scope=instance | ReadOnly=False | Id=7626172
INFO | IGNORED (SharedOnly) | Shared Parameter | Scope=instance | ReadOnly=False | Id=3045162
ELEMENT | 15558993 | Size='50ø-50ø-50ø' | Width='' | Height='' | Diameter='50' | Statuses=NWB_DimWidth:SKIP; NWB_DimHeight:SKIP; NWB_DimDiameter:SKIP
INFO | Candidate: NWB_DimDiameter | Scope=instance | Storage=String | ReadOnly=False | Shared=True | Id=7626172
ELEMENT | 15559007 | Size='25ø-25ø' | Width='' | Height='' | Diameter='25' | Statuses=NWB_DimWidth:SKIP; NWB_DimHeight:SKIP; NWB_DimDiameter:SKIP
INFO | Candidate: NWB_DimDiameter | Scope=instance | Storage=Double | ReadOnly=False | Shared=True | Id=3045162
INFO | Candidate: NWB_DimDiameter | Scope=instance | Storage=String | ReadOnly=False | Shared=True | Id=7626172
INFO | Found 2 parameters named NWB_DimDiameter
INFO | SELECTED | Shared Parameter | Scope=instance | ReadOnly=False | Id=7626172
INFO | IGNORED (SharedOnly) | Shared Parameter | Scope=instance | ReadOnly=False | Id=3045162
ELEMENT | 15559031 | Size='50ø-50ø-50ø' | Width='' | Height='' | Diameter='50' | Statuses=NWB_DimWidth:SKIP; NWB_DimHeight:SKIP; NWB_DimDiameter:SKIP
INFO | Candidate: NWB_DimDiameter | Scope=instance | Storage=String | ReadOnly=False | Shared=True | Id=7626172
ELEMENT | 15559045 | Size='50ø-50ø' | Width='' | Height='' | Diameter='50' | Statuses=NWB_DimWidth:SKIP; NWB_DimHeight:SKIP; NWB_DimDiameter:SKIP
INFO | Candidate: NWB_DimDiameter | Scope=instance | Storage=Double | ReadOnly=False | Shared=True | Id=3045162
INFO | Candidate: NWB_DimDiameter | Scope=instance | Storage=String | ReadOnly=False | Shared=True | Id=7626172
INFO | Found 2 parameters named NWB_DimDiameter
INFO | SELECTED | Shared Parameter | Scope=instance | ReadOnly=False | Id=7626172
INFO | IGNORED (SharedOnly) | Shared Parameter | Scope=instance | ReadOnly=False | Id=3045162
ELEMENT | 15559065 | Size='50ø-25ø' | Width='' | Height='' | Diameter='50' | Statuses=NWB_DimWidth:SKIP; NWB_DimHeight:SKIP; NWB_DimDiameter:SKIP
INFO | Candidate: NWB_DimDiameter | Scope=instance | Storage=Double | ReadOnly=False | Shared=True | Id=3045162
INFO | Candidate: NWB_DimDiameter | Scope=instance | Storage=String | ReadOnly=False | Shared=True | Id=7626172
INFO | Found 2 parameters named NWB_DimDiameter
INFO | SELECTED | Shared Parameter | Scope=instance | ReadOnly=False | Id=7626172
INFO | IGNORED (SharedOnly) | Shared Parameter | Scope=instance | ReadOnly=False | Id=3045162
ELEMENT | 15559451 | Size='32ø-32ø-32ø' | Width='' | Height='' | Diameter='32' | Statuses=NWB_DimWidth:SKIP; NWB_DimHeight:SKIP; NWB_DimDiameter:SKIP
INFO | Candidate: NWB_DimDiameter | Scope=instance | Storage=Double | ReadOnly=False | Shared=True | Id=3045162
INFO | Candidate: NWB_DimDiameter | Scope=instance | Storage=String | ReadOnly=False | Shared=True | Id=7626172
INFO | Found 2 parameters named NWB_DimDiameter
INFO | SELECTED | Shared Parameter | Scope=instance | ReadOnly=False | Id=7626172
INFO | IGNORED (SharedOnly) | Shared Parameter | Scope=instance | ReadOnly=False | Id=3045162
ELEMENT | 15559454 | Size='32ø-25ø' | Width='' | Height='' | Diameter='32' | Statuses=NWB_DimWidth:SKIP; NWB_DimHeight:SKIP; NWB_DimDiameter:SKIP
INFO | Candidate: NWB_DimDiameter | Scope=instance | Storage=Double | ReadOnly=False | Shared=True | Id=3045162
INFO | Candidate: NWB_DimDiameter | Scope=instance | Storage=String | ReadOnly=False | Shared=True | Id=7626172
INFO | Found 2 parameters named NWB_DimDiameter
INFO | SELECTED | Shared Parameter | Scope=instance | ReadOnly=False | Id=7626172
INFO | IGNORED (SharedOnly) | Shared Parameter | Scope=instance | ReadOnly=False | Id=3045162
ELEMENT | 15559458 | Size='32ø-32ø-32ø' | Width='' | Height='' | Diameter='32' | Statuses=NWB_DimWidth:SKIP; NWB_DimHeight:SKIP; NWB_DimDiameter:SKIP
INFO | Candidate: NWB_DimDiameter | Scope=instance | Storage=Double | ReadOnly=False | Shared=True | Id=3045162
INFO | Candidate: NWB_DimDiameter | Scope=instance | Storage=String | ReadOnly=False | Shared=True | Id=7626172
INFO | Found 2 parameters named NWB_DimDiameter
INFO | SELECTED | Shared Parameter | Scope=instance | ReadOnly=False | Id=7626172
INFO | IGNORED (SharedOnly) | Shared Parameter | Scope=instance | ReadOnly=False | Id=3045162
ELEMENT | 15559461 | Size='32ø-25ø' | Width='' | Height='' | Diameter='32' | Statuses=NWB_DimWidth:SKIP; NWB_DimHeight:SKIP; NWB_DimDiameter:SKIP
INFO | Candidate: NWB_DimDiameter | Scope=instance | Storage=Double | ReadOnly=False | Shared=True | Id=3045162
INFO | Candidate: NWB_DimDiameter | Scope=instance | Storage=String | ReadOnly=False | Shared=True | Id=7626172
INFO | Found 2 parameters named NWB_DimDiameter
INFO | SELECTED | Shared Parameter | Scope=instance | ReadOnly=False | Id=7626172
INFO | IGNORED (SharedOnly) | Shared Parameter | Scope=instance | ReadOnly=False | Id=3045162
ELEMENT | 15559467 | Size='32ø-25ø' | Width='' | Height='' | Diameter='32' | Statuses=NWB_DimWidth:SKIP; NWB_DimHeight:SKIP; NWB_DimDiameter:SKIP
INFO | Candidate: NWB_DimDiameter | Scope=instance | Storage=String | ReadOnly=False | Shared=True | Id=7626172
ELEMENT | 15559473 | Size='25ø-25ø' | Width='' | Height='' | Diameter='25' | Statuses=NWB_DimWidth:SKIP; NWB_DimHeight:SKIP; NWB_DimDiameter:SKIP
INFO | Candidate: NWB_DimDiameter | Scope=instance | Storage=String | ReadOnly=False | Shared=True | Id=7626172
ELEMENT | 15559477 | Size='25ø-25ø' | Width='' | Height='' | Diameter='25' | Statuses=NWB_DimWidth:SKIP; NWB_DimHeight:SKIP; NWB_DimDiameter:SKIP
INFO | Candidate: NWB_DimDiameter | Scope=instance | Storage=Double | ReadOnly=False | Shared=True | Id=3045162
INFO | Candidate: NWB_DimDiameter | Scope=instance | Storage=String | ReadOnly=False | Shared=True | Id=7626172
INFO | Found 2 parameters named NWB_DimDiameter
INFO | SELECTED | Shared Parameter | Scope=instance | ReadOnly=False | Id=7626172
INFO | IGNORED (SharedOnly) | Shared Parameter | Scope=instance | ReadOnly=False | Id=3045162
ELEMENT | 15559709 | Size='32ø-25ø' | Width='' | Height='' | Diameter='32' | Statuses=NWB_DimWidth:SKIP; NWB_DimHeight:SKIP; NWB_DimDiameter:SKIP
INFO | Candidate: NWB_DimDiameter | Scope=instance | Storage=Double | ReadOnly=False | Shared=True | Id=3045162
INFO | Candidate: NWB_DimDiameter | Scope=instance | Storage=String | ReadOnly=False | Shared=True | Id=7626172
INFO | Found 2 parameters named NWB_DimDiameter
INFO | SELECTED | Shared Parameter | Scope=instance | ReadOnly=False | Id=7626172
INFO | IGNORED (SharedOnly) | Shared Parameter | Scope=instance | ReadOnly=False | Id=3045162
ELEMENT | 15559798 | Size='32ø-32ø-32ø' | Width='' | Height='' | Diameter='32' | Statuses=NWB_DimWidth:SKIP; NWB_DimHeight:SKIP; NWB_DimDiameter:SKIP
INFO | Candidate: NWB_DimDiameter | Scope=instance | Storage=Double | ReadOnly=False | Shared=True | Id=3045162
INFO | Candidate: NWB_DimDiameter | Scope=instance | Storage=String | ReadOnly=False | Shared=True | Id=7626172
INFO | Found 2 parameters named NWB_DimDiameter
INFO | SELECTED | Shared Parameter | Scope=instance | ReadOnly=False | Id=7626172
INFO | IGNORED (SharedOnly) | Shared Parameter | Scope=instance | ReadOnly=False | Id=3045162
ELEMENT | 15559808 | Size='32ø-25ø' | Width='' | Height='' | Diameter='32' | Statuses=NWB_DimWidth:SKIP; NWB_DimHeight:SKIP; NWB_DimDiameter:SKIP
INFO | Candidate: NWB_DimDiameter | Scope=instance | Storage=String | ReadOnly=False | Shared=True | Id=7626172
ELEMENT | 15559810 | Size='25ø-25ø' | Width='' | Height='' | Diameter='25' | Statuses=NWB_DimWidth:SKIP; NWB_DimHeight:SKIP; NWB_DimDiameter:SKIP
INFO | Candidate: NWB_DimDiameter | Scope=instance | Storage=Double | ReadOnly=False | Shared=True | Id=3045162
INFO | Candidate: NWB_DimDiameter | Scope=instance | Storage=String | ReadOnly=False | Shared=True | Id=7626172
INFO | Found 2 parameters named NWB_DimDiameter
INFO | SELECTED | Shared Parameter | Scope=instance | ReadOnly=False | Id=7626172
INFO | IGNORED (SharedOnly) | Shared Parameter | Scope=instance | ReadOnly=False | Id=3045162
ELEMENT | 15563475 | Size='32ø-32ø-32ø' | Width='' | Height='' | Diameter='32' | Statuses=NWB_DimWidth:SKIP; NWB_DimHeight:SKIP; NWB_DimDiameter:SKIP
INFO | Candidate: NWB_DimDiameter | Scope=instance | Storage=Double | ReadOnly=False | Shared=True | Id=3045162
INFO | Candidate: NWB_DimDiameter | Scope=instance | Storage=String | ReadOnly=False | Shared=True | Id=7626172
INFO | Found 2 parameters named NWB_DimDiameter
INFO | SELECTED | Shared Parameter | Scope=instance | ReadOnly=False | Id=7626172
INFO | IGNORED (SharedOnly) | Shared Parameter | Scope=instance | ReadOnly=False | Id=3045162
ELEMENT | 15563485 | Size='32ø-25ø' | Width='' | Height='' | Diameter='32' | Statuses=NWB_DimWidth:SKIP; NWB_DimHeight:SKIP; NWB_DimDiameter:SKIP
INFO | Candidate: NWB_DimDiameter | Scope=instance | Storage=String | ReadOnly=False | Shared=True | Id=7626172
ELEMENT | 15563488 | Size='25ø-25ø' | Width='' | Height='' | Diameter='25' | Statuses=NWB_DimWidth:SKIP; NWB_DimHeight:SKIP; NWB_DimDiameter:SKIP
INFO | Candidate: NWB_DimDiameter | Scope=instance | Storage=Double | ReadOnly=False | Shared=True | Id=3045162
INFO | Candidate: NWB_DimDiameter | Scope=instance | Storage=String | ReadOnly=False | Shared=True | Id=7626172
INFO | Found 2 parameters named NWB_DimDiameter
INFO | SELECTED | Shared Parameter | Scope=instance | ReadOnly=False | Id=7626172
INFO | IGNORED (SharedOnly) | Shared Parameter | Scope=instance | ReadOnly=False | Id=3045162
ELEMENT | 15563521 | Size='32ø-32ø-32ø' | Width='' | Height='' | Diameter='32' | Statuses=NWB_DimWidth:SKIP; NWB_DimHeight:SKIP; NWB_DimDiameter:SKIP
INFO | Candidate: NWB_DimDiameter | Scope=instance | Storage=Double | ReadOnly=False | Shared=True | Id=3045162
INFO | Candidate: NWB_DimDiameter | Scope=instance | Storage=String | ReadOnly=False | Shared=True | Id=7626172
INFO | Found 2 parameters named NWB_DimDiameter
INFO | SELECTED | Shared Parameter | Scope=instance | ReadOnly=False | Id=7626172
INFO | IGNORED (SharedOnly) | Shared Parameter | Scope=instance | ReadOnly=False | Id=3045162
ELEMENT | 15563532 | Size='32ø-25ø' | Width='' | Height='' | Diameter='32' | Statuses=NWB_DimWidth:SKIP; NWB_DimHeight:SKIP; NWB_DimDiameter:SKIP
INFO | Candidate: NWB_DimDiameter | Scope=instance | Storage=String | ReadOnly=False | Shared=True | Id=7626172
ELEMENT | 15563534 | Size='25ø-25ø' | Width='' | Height='' | Diameter='25' | Statuses=NWB_DimWidth:SKIP; NWB_DimHeight:SKIP; NWB_DimDiameter:SKIP
INFO | Candidate: NWB_DimDiameter | Scope=instance | Storage=String | ReadOnly=False | Shared=True | Id=7626172
ELEMENT | 15563821 | Size='25ø-25ø' | Width='' | Height='' | Diameter='25' | Statuses=NWB_DimWidth:SKIP; NWB_DimHeight:SKIP; NWB_DimDiameter:SKIP
INFO | Candidate: NWB_DimDiameter | Scope=instance | Storage=String | ReadOnly=False | Shared=True | Id=7626172
ELEMENT | 15563827 | Size='25ø-25ø' | Width='' | Height='' | Diameter='25' | Statuses=NWB_DimWidth:SKIP; NWB_DimHeight:SKIP; NWB_DimDiameter:SKIP
INFO | Candidate: NWB_DimDiameter | Scope=instance | Storage=String | ReadOnly=False | Shared=True | Id=7626172
ELEMENT | 15563853 | Size='25ø-25ø' | Width='' | Height='' | Diameter='25' | Statuses=NWB_DimWidth:SKIP; NWB_DimHeight:SKIP; NWB_DimDiameter:SKIP
INFO | Candidate: NWB_DimDiameter | Scope=instance | Storage=String | ReadOnly=False | Shared=True | Id=7626172
ELEMENT | 15563859 | Size='25ø-25ø' | Width='' | Height='' | Diameter='25' | Statuses=NWB_DimWidth:SKIP; NWB_DimHeight:SKIP; NWB_DimDiameter:SKIP
INFO | Candidate: NWB_DimDiameter | Scope=instance | Storage=String | ReadOnly=False | Shared=True | Id=7626172
ELEMENT | 15612666 | Size='20ø-20ø' | Width='' | Height='' | Diameter='20' | Statuses=NWB_DimWidth:SKIP; NWB_DimHeight:SKIP; NWB_DimDiameter:SKIP
INFO | Candidate: NWB_DimDiameter | Scope=instance | Storage=String | ReadOnly=False | Shared=True | Id=7626172
ELEMENT | 15612669 | Size='20ø-20ø' | Width='' | Height='' | Diameter='20' | Statuses=NWB_DimWidth:SKIP; NWB_DimHeight:SKIP; NWB_DimDiameter:SKIP
INFO | Candidate: NWB_DimDiameter | Scope=instance | Storage=String | ReadOnly=False | Shared=True | Id=7626172
ELEMENT | 15612689 | Size='40ø-40ø' | Width='' | Height='' | Diameter='40' | Statuses=NWB_DimWidth:SKIP; NWB_DimHeight:SKIP; NWB_DimDiameter:SKIP
INFO | Candidate: NWB_DimDiameter | Scope=instance | Storage=Double | ReadOnly=False | Shared=True | Id=3045162
INFO | Candidate: NWB_DimDiameter | Scope=instance | Storage=String | ReadOnly=False | Shared=True | Id=7626172
INFO | Found 2 parameters named NWB_DimDiameter
INFO | SELECTED | Shared Parameter | Scope=instance | ReadOnly=False | Id=7626172
INFO | IGNORED (SharedOnly) | Shared Parameter | Scope=instance | ReadOnly=False | Id=3045162
ELEMENT | 15612698 | Size='40ø-40ø-40ø' | Width='' | Height='' | Diameter='40' | Statuses=NWB_DimWidth:SKIP; NWB_DimHeight:SKIP; NWB_DimDiameter:SKIP
INFO | Candidate: NWB_DimDiameter | Scope=instance | Storage=Double | ReadOnly=False | Shared=True | Id=3045162
INFO | Candidate: NWB_DimDiameter | Scope=instance | Storage=String | ReadOnly=False | Shared=True | Id=7626172
INFO | Found 2 parameters named NWB_DimDiameter
INFO | SELECTED | Shared Parameter | Scope=instance | ReadOnly=False | Id=7626172
INFO | IGNORED (SharedOnly) | Shared Parameter | Scope=instance | ReadOnly=False | Id=3045162
ELEMENT | 15612704 | Size='40ø-25ø' | Width='' | Height='' | Diameter='40' | Statuses=NWB_DimWidth:SKIP; NWB_DimHeight:SKIP; NWB_DimDiameter:SKIP
INFO | Candidate: NWB_DimDiameter | Scope=instance | Storage=String | ReadOnly=False | Shared=True | Id=7626172
ELEMENT | 15612710 | Size='25ø-25ø' | Width='' | Height='' | Diameter='25' | Statuses=NWB_DimWidth:SKIP; NWB_DimHeight:SKIP; NWB_DimDiameter:SKIP
INFO | Candidate: NWB_DimDiameter | Scope=instance | Storage=String | ReadOnly=False | Shared=True | Id=7626172
ELEMENT | 15612801 | Size='50ø-50ø' | Width='' | Height='' | Diameter='50' | Statuses=NWB_DimWidth:SKIP; NWB_DimHeight:SKIP; NWB_DimDiameter:SKIP
INFO | Candidate: NWB_DimDiameter | Scope=instance | Storage=String | ReadOnly=False | Shared=True | Id=7626172
ELEMENT | 15612812 | Size='50ø-50ø' | Width='' | Height='' | Diameter='50' | Statuses=NWB_DimWidth:SKIP; NWB_DimHeight:SKIP; NWB_DimDiameter:SKIP
INFO | Candidate: NWB_DimDiameter | Scope=instance | Storage=String | ReadOnly=False | Shared=True | Id=7626172
ELEMENT | 15612888 | Size='50ø-50ø' | Width='' | Height='' | Diameter='50' | Statuses=NWB_DimWidth:SKIP; NWB_DimHeight:SKIP; NWB_DimDiameter:SKIP
INFO | Candidate: NWB_DimDiameter | Scope=instance | Storage=String | ReadOnly=False | Shared=True | Id=7626172
ELEMENT | 15612892 | Size='50ø-50ø' | Width='' | Height='' | Diameter='50' | Statuses=NWB_DimWidth:SKIP; NWB_DimHeight:SKIP; NWB_DimDiameter:SKIP
INFO | Candidate: NWB_DimDiameter | Scope=instance | Storage=String | ReadOnly=False | Shared=True | Id=7626172
ELEMENT | 15612980 | Size='32ø-32ø' | Width='' | Height='' | Diameter='32' | Statuses=NWB_DimWidth:SKIP; NWB_DimHeight:SKIP; NWB_DimDiameter:SKIP
INFO | Candidate: NWB_DimDiameter | Scope=instance | Storage=String | ReadOnly=False | Shared=True | Id=7626172
ELEMENT | 15612984 | Size='32ø-32ø' | Width='' | Height='' | Diameter='32' | Statuses=NWB_DimWidth:SKIP; NWB_DimHeight:SKIP; NWB_DimDiameter:SKIP
INFO | Candidate: NWB_DimDiameter | Scope=instance | Storage=String | ReadOnly=False | Shared=True | Id=7626172
ELEMENT | 15613034 | Size='32ø-32ø' | Width='' | Height='' | Diameter='32' | Statuses=NWB_DimWidth:SKIP; NWB_DimHeight:SKIP; NWB_DimDiameter:SKIP
INFO | Candidate: NWB_DimDiameter | Scope=instance | Storage=String | ReadOnly=False | Shared=True | Id=7626172
ELEMENT | 15613038 | Size='32ø-32ø' | Width='' | Height='' | Diameter='32' | Statuses=NWB_DimWidth:SKIP; NWB_DimHeight:SKIP; NWB_DimDiameter:SKIP
INFO | Candidate: NWB_DimDiameter | Scope=instance | Storage=String | ReadOnly=False | Shared=True | Id=7626172
ELEMENT | 15615750 | Size='25ø-25ø' | Width='' | Height='' | Diameter='25' | Statuses=NWB_DimWidth:SKIP; NWB_DimHeight:SKIP; NWB_DimDiameter:SKIP
INFO | Candidate: NWB_DimDiameter | Scope=instance | Storage=String | ReadOnly=False | Shared=True | Id=7626172
ELEMENT | 15615770 | Size='25ø-25ø' | Width='' | Height='' | Diameter='25' | Statuses=NWB_DimWidth:SKIP; NWB_DimHeight:SKIP; NWB_DimDiameter:SKIP
INFO | Candidate: NWB_DimDiameter | Scope=instance | Storage=String | ReadOnly=False | Shared=True | Id=7626172
ELEMENT | 15639426 | Size='25ø-25ø' | Width='' | Height='' | Diameter='25' | Statuses=NWB_DimWidth:SKIP; NWB_DimHeight:SKIP; NWB_DimDiameter:SKIP
INFO | Candidate: NWB_DimDiameter | Scope=instance | Storage=String | ReadOnly=False | Shared=True | Id=7626172
ELEMENT | 15639478 | Size='25ø-25ø' | Width='' | Height='' | Diameter='25' | Statuses=NWB_DimWidth:SKIP; NWB_DimHeight:SKIP; NWB_DimDiameter:SKIP
INFO | Candidate: NWB_DimDiameter | Scope=instance | Storage=String | ReadOnly=False | Shared=True | Id=7626172
ELEMENT | 15639830 | Size='25ø-25ø' | Width='' | Height='' | Diameter='25' | Statuses=NWB_DimWidth:SKIP; NWB_DimHeight:SKIP; NWB_DimDiameter:SKIP
INFO | Candidate: NWB_DimDiameter | Scope=instance | Storage=Double | ReadOnly=False | Shared=True | Id=3045162
INFO | Candidate: NWB_DimDiameter | Scope=instance | Storage=String | ReadOnly=False | Shared=True | Id=7626172
INFO | Found 2 parameters named NWB_DimDiameter
INFO | SELECTED | Shared Parameter | Scope=instance | ReadOnly=False | Id=7626172
INFO | IGNORED (SharedOnly) | Shared Parameter | Scope=instance | ReadOnly=False | Id=3045162
ELEMENT | 15639965 | Size='32ø-25ø' | Width='' | Height='' | Diameter='32' | Statuses=NWB_DimWidth:SKIP; NWB_DimHeight:SKIP; NWB_DimDiameter:SKIP
INFO | Candidate: NWB_DimDiameter | Scope=instance | Storage=String | ReadOnly=False | Shared=True | Id=7626172
ELEMENT | 15640006 | Size='25ø-25ø' | Width='' | Height='' | Diameter='25' | Statuses=NWB_DimWidth:SKIP; NWB_DimHeight:SKIP; NWB_DimDiameter:SKIP
INFO | Candidate: NWB_DimDiameter | Scope=instance | Storage=String | ReadOnly=False | Shared=True | Id=7626172
ELEMENT | 15640013 | Size='25ø-25ø' | Width='' | Height='' | Diameter='25' | Statuses=NWB_DimWidth:SKIP; NWB_DimHeight:SKIP; NWB_DimDiameter:SKIP
INFO | Candidate: NWB_DimDiameter | Scope=instance | Storage=String | ReadOnly=False | Shared=True | Id=7626172
ELEMENT | 15640019 | Size='25ø-25ø' | Width='' | Height='' | Diameter='25' | Statuses=NWB_DimWidth:SKIP; NWB_DimHeight:SKIP; NWB_DimDiameter:SKIP
INFO | Candidate: NWB_DimDiameter | Scope=instance | Storage=String | ReadOnly=False | Shared=True | Id=7626172
ELEMENT | 15664451 | Size='15ø-15ø' | Width='' | Height='' | Diameter='15' | Statuses=NWB_DimWidth:SKIP; NWB_DimHeight:SKIP; NWB_DimDiameter:SKIP
INFO | Candidate: NWB_DimDiameter | Scope=instance | Storage=Double | ReadOnly=False | Shared=True | Id=3045162
INFO | Candidate: NWB_DimDiameter | Scope=instance | Storage=String | ReadOnly=False | Shared=True | Id=7626172
INFO | Found 2 parameters named NWB_DimDiameter
INFO | SELECTED | Shared Parameter | Scope=instance | ReadOnly=False | Id=7626172
INFO | IGNORED (SharedOnly) | Shared Parameter | Scope=instance | ReadOnly=False | Id=3045162
ELEMENT | 15664453 | Size='25ø-15ø' | Width='' | Height='' | Diameter='25' | Statuses=NWB_DimWidth:SKIP; NWB_DimHeight:SKIP; NWB_DimDiameter:SKIP
INFO | Candidate: NWB_DimDiameter | Scope=instance | Storage=String | ReadOnly=False | Shared=True | Id=7626172
ELEMENT | 15664458 | Size='15ø-15ø' | Width='' | Height='' | Diameter='15' | Statuses=NWB_DimWidth:SKIP; NWB_DimHeight:SKIP; NWB_DimDiameter:SKIP
INFO | Candidate: NWB_DimDiameter | Scope=instance | Storage=String | ReadOnly=False | Shared=True | Id=7626172
ELEMENT | 15664460 | Size='25ø-25ø' | Width='' | Height='' | Diameter='25' | Statuses=NWB_DimWidth:SKIP; NWB_DimHeight:SKIP; NWB_DimDiameter:SKIP
INFO | Candidate: NWB_DimDiameter | Scope=instance | Storage=Double | ReadOnly=False | Shared=True | Id=3045162
INFO | Candidate: NWB_DimDiameter | Scope=instance | Storage=String | ReadOnly=False | Shared=True | Id=7626172
INFO | Found 2 parameters named NWB_DimDiameter
INFO | SELECTED | Shared Parameter | Scope=instance | ReadOnly=False | Id=7626172
INFO | IGNORED (SharedOnly) | Shared Parameter | Scope=instance | ReadOnly=False | Id=3045162
ELEMENT | 15664462 | Size='32ø-25ø' | Width='' | Height='' | Diameter='32' | Statuses=NWB_DimWidth:SKIP; NWB_DimHeight:SKIP; NWB_DimDiameter:SKIP
INFO | Candidate: NWB_DimDiameter | Scope=instance | Storage=String | ReadOnly=False | Shared=True | Id=7626172
ELEMENT | 15664468 | Size='25ø-25ø' | Width='' | Height='' | Diameter='25' | Statuses=NWB_DimWidth:SKIP; NWB_DimHeight:SKIP; NWB_DimDiameter:SKIP
INFO | Candidate: NWB_DimDiameter | Scope=instance | Storage=String | ReadOnly=False | Shared=True | Id=7626172
ELEMENT | 15664481 | Size='25ø-25ø' | Width='' | Height='' | Diameter='25' | Statuses=NWB_DimWidth:SKIP; NWB_DimHeight:SKIP; NWB_DimDiameter:SKIP
INFO | Candidate: NWB_DimDiameter | Scope=instance | Storage=String | ReadOnly=False | Shared=True | Id=7626172
ELEMENT | 15664485 | Size='25ø-25ø' | Width='' | Height='' | Diameter='25' | Statuses=NWB_DimWidth:SKIP; NWB_DimHeight:SKIP; NWB_DimDiameter:SKIP
INFO | Candidate: NWB_DimDiameter | Scope=instance | Storage=String | ReadOnly=False | Shared=True | Id=7626172
ELEMENT | 15664488 | Size='25ø-25ø' | Width='' | Height='' | Diameter='25' | Statuses=NWB_DimWidth:SKIP; NWB_DimHeight:SKIP; NWB_DimDiameter:SKIP
INFO | Candidate: NWB_DimDiameter | Scope=instance | Storage=String | ReadOnly=False | Shared=True | Id=7626172
ELEMENT | 15664493 | Size='15ø-15ø' | Width='' | Height='' | Diameter='15' | Statuses=NWB_DimWidth:SKIP; NWB_DimHeight:SKIP; NWB_DimDiameter:SKIP
INFO | Candidate: NWB_DimDiameter | Scope=instance | Storage=String | ReadOnly=False | Shared=True | Id=7626172
ELEMENT | 15664497 | Size='15ø-15ø' | Width='' | Height='' | Diameter='15' | Statuses=NWB_DimWidth:SKIP; NWB_DimHeight:SKIP; NWB_DimDiameter:SKIP
INFO | Candidate: NWB_DimDiameter | Scope=instance | Storage=String | ReadOnly=False | Shared=True | Id=7626172
ELEMENT | 15664500 | Size='15ø-15ø' | Width='' | Height='' | Diameter='15' | Statuses=NWB_DimWidth:SKIP; NWB_DimHeight:SKIP; NWB_DimDiameter:SKIP
INFO | Candidate: NWB_DimDiameter | Scope=instance | Storage=String | ReadOnly=False | Shared=True | Id=7626172
ELEMENT | 15664776 | Size='25ø-25ø' | Width='' | Height='' | Diameter='25' | Statuses=NWB_DimWidth:SKIP; NWB_DimHeight:SKIP; NWB_DimDiameter:SKIP
INFO | Candidate: NWB_DimDiameter | Scope=instance | Storage=String | ReadOnly=False | Shared=True | Id=7626172
ELEMENT | 15664782 | Size='25ø-25ø' | Width='' | Height='' | Diameter='25' | Statuses=NWB_DimWidth:SKIP; NWB_DimHeight:SKIP; NWB_DimDiameter:SKIP
INFO | Candidate: NWB_DimDiameter | Scope=instance | Storage=String | ReadOnly=False | Shared=True | Id=7626172
ELEMENT | 15664792 | Size='25ø-25ø' | Width='' | Height='' | Diameter='25' | Statuses=NWB_DimWidth:SKIP; NWB_DimHeight:SKIP; NWB_DimDiameter:SKIP
INFO | Candidate: NWB_DimDiameter | Scope=instance | Storage=String | ReadOnly=False | Shared=True | Id=7626172
ELEMENT | 15664795 | Size='25ø-25ø' | Width='' | Height='' | Diameter='25' | Statuses=NWB_DimWidth:SKIP; NWB_DimHeight:SKIP; NWB_DimDiameter:SKIP
INFO | Candidate: NWB_DimDiameter | Scope=instance | Storage=String | ReadOnly=False | Shared=True | Id=7626172
ELEMENT | 15664800 | Size='25ø-25ø' | Width='' | Height='' | Diameter='25' | Statuses=NWB_DimWidth:SKIP; NWB_DimHeight:SKIP; NWB_DimDiameter:SKIP
INFO | Candidate: NWB_DimDiameter | Scope=instance | Storage=String | ReadOnly=False | Shared=True | Id=7626172
ELEMENT | 15664804 | Size='25ø-25ø' | Width='' | Height='' | Diameter='25' | Statuses=NWB_DimWidth:SKIP; NWB_DimHeight:SKIP; NWB_DimDiameter:SKIP
INFO | Candidate: NWB_DimDiameter | Scope=instance | Storage=String | ReadOnly=False | Shared=True | Id=7626172
ELEMENT | 15664810 | Size='25ø-25ø' | Width='' | Height='' | Diameter='25' | Statuses=NWB_DimWidth:SKIP; NWB_DimHeight:SKIP; NWB_DimDiameter:SKIP
INFO | Candidate: NWB_DimDiameter | Scope=instance | Storage=String | ReadOnly=False | Shared=True | Id=7626172
ELEMENT | 15664813 | Size='25ø-25ø' | Width='' | Height='' | Diameter='25' | Statuses=NWB_DimWidth:SKIP; NWB_DimHeight:SKIP; NWB_DimDiameter:SKIP
INFO | Candidate: NWB_DimDiameter | Scope=instance | Storage=String | ReadOnly=False | Shared=True | Id=7626172
ELEMENT | 15664817 | Size='25ø-25ø' | Width='' | Height='' | Diameter='25' | Statuses=NWB_DimWidth:SKIP; NWB_DimHeight:SKIP; NWB_DimDiameter:SKIP
INFO | Candidate: NWB_DimDiameter | Scope=instance | Storage=String | ReadOnly=False | Shared=True | Id=7626172
ELEMENT | 15664820 | Size='25ø-25ø' | Width='' | Height='' | Diameter='25' | Statuses=NWB_DimWidth:SKIP; NWB_DimHeight:SKIP; NWB_DimDiameter:SKIP
INFO | Candidate: NWB_DimDiameter | Scope=instance | Storage=Double | ReadOnly=False | Shared=True | Id=3045162
INFO | Candidate: NWB_DimDiameter | Scope=instance | Storage=String | ReadOnly=False | Shared=True | Id=7626172
INFO | Found 2 parameters named NWB_DimDiameter
INFO | SELECTED | Shared Parameter | Scope=instance | ReadOnly=False | Id=7626172
INFO | IGNORED (SharedOnly) | Shared Parameter | Scope=instance | ReadOnly=False | Id=3045162
ELEMENT | 15664826 | Size='32ø-32ø-32ø' | Width='' | Height='' | Diameter='32' | Statuses=NWB_DimWidth:SKIP; NWB_DimHeight:SKIP; NWB_DimDiameter:SKIP
INFO | Candidate: NWB_DimDiameter | Scope=instance | Storage=Double | ReadOnly=False | Shared=True | Id=3045162
INFO | Candidate: NWB_DimDiameter | Scope=instance | Storage=String | ReadOnly=False | Shared=True | Id=7626172
INFO | Found 2 parameters named NWB_DimDiameter
INFO | SELECTED | Shared Parameter | Scope=instance | ReadOnly=False | Id=7626172
INFO | IGNORED (SharedOnly) | Shared Parameter | Scope=instance | ReadOnly=False | Id=3045162
ELEMENT | 15664832 | Size='32ø-25ø' | Width='' | Height='' | Diameter='32' | Statuses=NWB_DimWidth:SKIP; NWB_DimHeight:SKIP; NWB_DimDiameter:SKIP
INFO | Candidate: NWB_DimDiameter | Scope=instance | Storage=String | ReadOnly=False | Shared=True | Id=7626172
ELEMENT | 15664835 | Size='25ø-25ø' | Width='' | Height='' | Diameter='25' | Statuses=NWB_DimWidth:SKIP; NWB_DimHeight:SKIP; NWB_DimDiameter:SKIP
INFO | Candidate: NWB_DimDiameter | Scope=instance | Storage=String | ReadOnly=False | Shared=True | Id=7626172
ELEMENT | 15664838 | Size='25ø-25ø' | Width='' | Height='' | Diameter='25' | Statuses=NWB_DimWidth:SKIP; NWB_DimHeight:SKIP; NWB_DimDiameter:SKIP
INFO | Candidate: NWB_DimDiameter | Scope=instance | Storage=Double | ReadOnly=False | Shared=True | Id=3045162
INFO | Candidate: NWB_DimDiameter | Scope=instance | Storage=String | ReadOnly=False | Shared=True | Id=7626172
INFO | Found 2 parameters named NWB_DimDiameter
INFO | SELECTED | Shared Parameter | Scope=instance | ReadOnly=False | Id=7626172
INFO | IGNORED (SharedOnly) | Shared Parameter | Scope=instance | ReadOnly=False | Id=3045162
ELEMENT | 15664843 | Size='32ø-32ø-32ø' | Width='' | Height='' | Diameter='32' | Statuses=NWB_DimWidth:SKIP; NWB_DimHeight:SKIP; NWB_DimDiameter:SKIP
INFO | Candidate: NWB_DimDiameter | Scope=instance | Storage=Double | ReadOnly=False | Shared=True | Id=3045162
INFO | Candidate: NWB_DimDiameter | Scope=instance | Storage=String | ReadOnly=False | Shared=True | Id=7626172
INFO | Found 2 parameters named NWB_DimDiameter
INFO | SELECTED | Shared Parameter | Scope=instance | ReadOnly=False | Id=7626172
INFO | IGNORED (SharedOnly) | Shared Parameter | Scope=instance | ReadOnly=False | Id=3045162
ELEMENT | 15664849 | Size='32ø-25ø' | Width='' | Height='' | Diameter='32' | Statuses=NWB_DimWidth:SKIP; NWB_DimHeight:SKIP; NWB_DimDiameter:SKIP
INFO | Candidate: NWB_DimDiameter | Scope=instance | Storage=String | ReadOnly=False | Shared=True | Id=7626172
ELEMENT | 15664853 | Size='25ø-25ø' | Width='' | Height='' | Diameter='25' | Statuses=NWB_DimWidth:SKIP; NWB_DimHeight:SKIP; NWB_DimDiameter:SKIP
INFO | Candidate: NWB_DimDiameter | Scope=instance | Storage=String | ReadOnly=False | Shared=True | Id=7626172
ELEMENT | 15664856 | Size='25ø-25ø' | Width='' | Height='' | Diameter='25' | Statuses=NWB_DimWidth:SKIP; NWB_DimHeight:SKIP; NWB_DimDiameter:SKIP
INFO | Candidate: NWB_DimDiameter | Scope=instance | Storage=Double | ReadOnly=False | Shared=True | Id=3045162
INFO | Candidate: NWB_DimDiameter | Scope=instance | Storage=String | ReadOnly=False | Shared=True | Id=7626172
INFO | Found 2 parameters named NWB_DimDiameter
INFO | SELECTED | Shared Parameter | Scope=instance | ReadOnly=False | Id=7626172
INFO | IGNORED (SharedOnly) | Shared Parameter | Scope=instance | ReadOnly=False | Id=3045162
ELEMENT | 15664867 | Size='32ø-32ø-32ø' | Width='' | Height='' | Diameter='32' | Statuses=NWB_DimWidth:SKIP; NWB_DimHeight:SKIP; NWB_DimDiameter:SKIP
INFO | Candidate: NWB_DimDiameter | Scope=instance | Storage=Double | ReadOnly=False | Shared=True | Id=3045162
INFO | Candidate: NWB_DimDiameter | Scope=instance | Storage=String | ReadOnly=False | Shared=True | Id=7626172
INFO | Found 2 parameters named NWB_DimDiameter
INFO | SELECTED | Shared Parameter | Scope=instance | ReadOnly=False | Id=7626172
INFO | IGNORED (SharedOnly) | Shared Parameter | Scope=instance | ReadOnly=False | Id=3045162
ELEMENT | 15664873 | Size='32ø-25ø' | Width='' | Height='' | Diameter='32' | Statuses=NWB_DimWidth:SKIP; NWB_DimHeight:SKIP; NWB_DimDiameter:SKIP
INFO | Candidate: NWB_DimDiameter | Scope=instance | Storage=String | ReadOnly=False | Shared=True | Id=7626172
ELEMENT | 15664875 | Size='25ø-25ø' | Width='' | Height='' | Diameter='25' | Statuses=NWB_DimWidth:SKIP; NWB_DimHeight:SKIP; NWB_DimDiameter:SKIP
INFO | Candidate: NWB_DimDiameter | Scope=instance | Storage=Double | ReadOnly=False | Shared=True | Id=3045162
INFO | Candidate: NWB_DimDiameter | Scope=instance | Storage=String | ReadOnly=False | Shared=True | Id=7626172
INFO | Found 2 parameters named NWB_DimDiameter
INFO | SELECTED | Shared Parameter | Scope=instance | ReadOnly=False | Id=7626172
INFO | IGNORED (SharedOnly) | Shared Parameter | Scope=instance | ReadOnly=False | Id=3045162
ELEMENT | 15664881 | Size='32ø-32ø-32ø' | Width='' | Height='' | Diameter='32' | Statuses=NWB_DimWidth:SKIP; NWB_DimHeight:SKIP; NWB_DimDiameter:SKIP
INFO | Candidate: NWB_DimDiameter | Scope=instance | Storage=Double | ReadOnly=False | Shared=True | Id=3045162
INFO | Candidate: NWB_DimDiameter | Scope=instance | Storage=String | ReadOnly=False | Shared=True | Id=7626172
INFO | Found 2 parameters named NWB_DimDiameter
INFO | SELECTED | Shared Parameter | Scope=instance | ReadOnly=False | Id=7626172
INFO | IGNORED (SharedOnly) | Shared Parameter | Scope=instance | ReadOnly=False | Id=3045162
ELEMENT | 15664887 | Size='32ø-25ø' | Width='' | Height='' | Diameter='32' | Statuses=NWB_DimWidth:SKIP; NWB_DimHeight:SKIP; NWB_DimDiameter:SKIP
INFO | Candidate: NWB_DimDiameter | Scope=instance | Storage=String | ReadOnly=False | Shared=True | Id=7626172
ELEMENT | 15664890 | Size='25ø-25ø' | Width='' | Height='' | Diameter='25' | Statuses=NWB_DimWidth:SKIP; NWB_DimHeight:SKIP; NWB_DimDiameter:SKIP
INFO | Candidate: NWB_DimDiameter | Scope=instance | Storage=String | ReadOnly=False | Shared=True | Id=7626172
ELEMENT | 15664896 | Size='25ø-25ø' | Width='' | Height='' | Diameter='25' | Statuses=NWB_DimWidth:SKIP; NWB_DimHeight:SKIP; NWB_DimDiameter:SKIP
INFO | Candidate: NWB_DimDiameter | Scope=instance | Storage=String | ReadOnly=False | Shared=True | Id=7626172
ELEMENT | 15664900 | Size='25ø-25ø' | Width='' | Height='' | Diameter='25' | Statuses=NWB_DimWidth:SKIP; NWB_DimHeight:SKIP; NWB_DimDiameter:SKIP
INFO | Candidate: NWB_DimDiameter | Scope=instance | Storage=Double | ReadOnly=False | Shared=True | Id=3045162
INFO | Candidate: NWB_DimDiameter | Scope=instance | Storage=String | ReadOnly=False | Shared=True | Id=7626172
INFO | Found 2 parameters named NWB_DimDiameter
INFO | SELECTED | Shared Parameter | Scope=instance | ReadOnly=False | Id=7626172
INFO | IGNORED (SharedOnly) | Shared Parameter | Scope=instance | ReadOnly=False | Id=3045162
ELEMENT | 15664915 | Size='32ø-32ø-32ø' | Width='' | Height='' | Diameter='32' | Statuses=NWB_DimWidth:SKIP; NWB_DimHeight:SKIP; NWB_DimDiameter:SKIP
INFO | Candidate: NWB_DimDiameter | Scope=instance | Storage=String | ReadOnly=False | Shared=True | Id=7626172
ELEMENT | 15664921 | Size='32ø-32ø' | Width='' | Height='' | Diameter='32' | Statuses=NWB_DimWidth:SKIP; NWB_DimHeight:SKIP; NWB_DimDiameter:SKIP
INFO | Candidate: NWB_DimDiameter | Scope=instance | Storage=Double | ReadOnly=False | Shared=True | Id=3045162
INFO | Candidate: NWB_DimDiameter | Scope=instance | Storage=String | ReadOnly=False | Shared=True | Id=7626172
INFO | Found 2 parameters named NWB_DimDiameter
INFO | SELECTED | Shared Parameter | Scope=instance | ReadOnly=False | Id=7626172
INFO | IGNORED (SharedOnly) | Shared Parameter | Scope=instance | ReadOnly=False | Id=3045162
ELEMENT | 15664927 | Size='32ø-32ø-32ø' | Width='' | Height='' | Diameter='32' | Statuses=NWB_DimWidth:SKIP; NWB_DimHeight:SKIP; NWB_DimDiameter:SKIP
INFO | Candidate: NWB_DimDiameter | Scope=instance | Storage=String | ReadOnly=False | Shared=True | Id=7626172
ELEMENT | 15664933 | Size='32ø-32ø' | Width='' | Height='' | Diameter='32' | Statuses=NWB_DimWidth:SKIP; NWB_DimHeight:SKIP; NWB_DimDiameter:SKIP
INFO | Candidate: NWB_DimDiameter | Scope=instance | Storage=String | ReadOnly=False | Shared=True | Id=7626172
ELEMENT | 15664953 | Size='32ø-32ø' | Width='' | Height='' | Diameter='32' | Statuses=NWB_DimWidth:SKIP; NWB_DimHeight:SKIP; NWB_DimDiameter:SKIP
INFO | Candidate: NWB_DimDiameter | Scope=instance | Storage=String | ReadOnly=False | Shared=True | Id=7626172
ELEMENT | 15664957 | Size='32ø-32ø' | Width='' | Height='' | Diameter='32' | Statuses=NWB_DimWidth:SKIP; NWB_DimHeight:SKIP; NWB_DimDiameter:SKIP
INFO | Candidate: NWB_DimDiameter | Scope=instance | Storage=String | ReadOnly=False | Shared=True | Id=7626172
ELEMENT | 15664963 | Size='32ø-32ø' | Width='' | Height='' | Diameter='32' | Statuses=NWB_DimWidth:SKIP; NWB_DimHeight:SKIP; NWB_DimDiameter:SKIP
INFO | Candidate: NWB_DimDiameter | Scope=instance | Storage=String | ReadOnly=False | Shared=True | Id=7626172
ELEMENT | 15664966 | Size='32ø-32ø' | Width='' | Height='' | Diameter='32' | Statuses=NWB_DimWidth:SKIP; NWB_DimHeight:SKIP; NWB_DimDiameter:SKIP
INFO | Candidate: NWB_DimDiameter | Scope=instance | Storage=String | ReadOnly=False | Shared=True | Id=7626172
ELEMENT | 15664972 | Size='32ø-32ø' | Width='' | Height='' | Diameter='32' | Statuses=NWB_DimWidth:SKIP; NWB_DimHeight:SKIP; NWB_DimDiameter:SKIP
INFO | Candidate: NWB_DimDiameter | Scope=instance | Storage=String | ReadOnly=False | Shared=True | Id=7626172
ELEMENT | 15664975 | Size='32ø-32ø' | Width='' | Height='' | Diameter='32' | Statuses=NWB_DimWidth:SKIP; NWB_DimHeight:SKIP; NWB_DimDiameter:SKIP
INFO | Candidate: NWB_DimDiameter | Scope=instance | Storage=String | ReadOnly=False | Shared=True | Id=7626172
ELEMENT | 15664981 | Size='32ø-32ø' | Width='' | Height='' | Diameter='32' | Statuses=NWB_DimWidth:SKIP; NWB_DimHeight:SKIP; NWB_DimDiameter:SKIP
INFO | Candidate: NWB_DimDiameter | Scope=instance | Storage=String | ReadOnly=False | Shared=True | Id=7626172
ELEMENT | 15664984 | Size='32ø-32ø' | Width='' | Height='' | Diameter='32' | Statuses=NWB_DimWidth:SKIP; NWB_DimHeight:SKIP; NWB_DimDiameter:SKIP
INFO | Candidate: NWB_DimDiameter | Scope=instance | Storage=String | ReadOnly=False | Shared=True | Id=7626172
ELEMENT | 15664987 | Size='32ø-32ø' | Width='' | Height='' | Diameter='32' | Statuses=NWB_DimWidth:SKIP; NWB_DimHeight:SKIP; NWB_DimDiameter:SKIP
INFO | Candidate: NWB_DimDiameter | Scope=instance | Storage=String | ReadOnly=False | Shared=True | Id=7626172
ELEMENT | 15664990 | Size='32ø-32ø' | Width='' | Height='' | Diameter='32' | Statuses=NWB_DimWidth:SKIP; NWB_DimHeight:SKIP; NWB_DimDiameter:SKIP
INFO | Candidate: NWB_DimDiameter | Scope=instance | Storage=Double | ReadOnly=False | Shared=True | Id=3045162
INFO | Candidate: NWB_DimDiameter | Scope=instance | Storage=String | ReadOnly=False | Shared=True | Id=7626172
INFO | Found 2 parameters named NWB_DimDiameter
INFO | SELECTED | Shared Parameter | Scope=instance | ReadOnly=False | Id=7626172
INFO | IGNORED (SharedOnly) | Shared Parameter | Scope=instance | ReadOnly=False | Id=3045162
ELEMENT | 15747689 | Size='50ø-25ø' | Width='' | Height='' | Diameter='50' | Statuses=NWB_DimWidth:SKIP; NWB_DimHeight:SKIP; NWB_DimDiameter:SKIP
INFO | Candidate: NWB_DimDiameter | Scope=instance | Storage=Double | ReadOnly=False | Shared=True | Id=3045162
INFO | Candidate: NWB_DimDiameter | Scope=instance | Storage=String | ReadOnly=False | Shared=True | Id=7626172
INFO | Found 2 parameters named NWB_DimDiameter
INFO | SELECTED | Shared Parameter | Scope=instance | ReadOnly=False | Id=7626172
INFO | IGNORED (SharedOnly) | Shared Parameter | Scope=instance | ReadOnly=False | Id=3045162
ELEMENT | 15747692 | Size='50ø-25ø' | Width='' | Height='' | Diameter='50' | Statuses=NWB_DimWidth:SKIP; NWB_DimHeight:SKIP; NWB_DimDiameter:SKIP
INFO | Candidate: NWB_DimDiameter | Scope=instance | Storage=String | ReadOnly=False | Shared=True | Id=7626172
ELEMENT | 15747700 | Size='50ø-40ø' | Width='' | Height='' | Diameter='50' | Statuses=NWB_DimWidth:SKIP; NWB_DimHeight:SKIP; NWB_DimDiameter:SKIP
INFO | Candidate: NWB_DimDiameter | Scope=instance | Storage=String | ReadOnly=False | Shared=True | Id=7626172
ELEMENT | 15760467 | Size='25ø-25ø' | Width='' | Height='' | Diameter='25' | Statuses=NWB_DimWidth:SKIP; NWB_DimHeight:SKIP; NWB_DimDiameter:SKIP
INFO | Candidate: NWB_DimDiameter | Scope=instance | Storage=String | ReadOnly=False | Shared=True | Id=7626172
ELEMENT | 15760470 | Size='25ø-25ø' | Width='' | Height='' | Diameter='25' | Statuses=NWB_DimWidth:SKIP; NWB_DimHeight:SKIP; NWB_DimDiameter:SKIP
INFO | Candidate: NWB_DimDiameter | Scope=instance | Storage=String | ReadOnly=False | Shared=True | Id=7626172
ELEMENT | 15760503 | Size='32ø-32ø' | Width='' | Height='' | Diameter='32' | Statuses=NWB_DimWidth:SKIP; NWB_DimHeight:SKIP; NWB_DimDiameter:SKIP
INFO | Candidate: NWB_DimDiameter | Scope=instance | Storage=String | ReadOnly=False | Shared=True | Id=7626172
ELEMENT | 15760507 | Size='32ø-32ø' | Width='' | Height='' | Diameter='32' | Statuses=NWB_DimWidth:SKIP; NWB_DimHeight:SKIP; NWB_DimDiameter:SKIP
INFO | Candidate: NWB_DimDiameter | Scope=instance | Storage=String | ReadOnly=False | Shared=True | Id=7626172
ELEMENT | 15760512 | Size='32ø-32ø' | Width='' | Height='' | Diameter='32' | Statuses=NWB_DimWidth:SKIP; NWB_DimHeight:SKIP; NWB_DimDiameter:SKIP
INFO | Candidate: NWB_DimDiameter | Scope=instance | Storage=String | ReadOnly=False | Shared=True | Id=7626172
ELEMENT | 15760523 | Size='32ø-32ø' | Width='' | Height='' | Diameter='32' | Statuses=NWB_DimWidth:SKIP; NWB_DimHeight:SKIP; NWB_DimDiameter:SKIP
INFO | Candidate: NWB_DimDiameter | Scope=instance | Storage=String | ReadOnly=False | Shared=True | Id=7626172
ELEMENT | 15760527 | Size='32ø-32ø' | Width='' | Height='' | Diameter='32' | Statuses=NWB_DimWidth:SKIP; NWB_DimHeight:SKIP; NWB_DimDiameter:SKIP
INFO | Candidate: NWB_DimDiameter | Scope=instance | Storage=String | ReadOnly=False | Shared=True | Id=7626172
ELEMENT | 15760533 | Size='32ø-32ø' | Width='' | Height='' | Diameter='32' | Statuses=NWB_DimWidth:SKIP; NWB_DimHeight:SKIP; NWB_DimDiameter:SKIP
INFO | Candidate: NWB_DimDiameter | Scope=instance | Storage=String | ReadOnly=False | Shared=True | Id=7626172
ELEMENT | 15760569 | Size='32ø-32ø' | Width='' | Height='' | Diameter='32' | Statuses=NWB_DimWidth:SKIP; NWB_DimHeight:SKIP; NWB_DimDiameter:SKIP
INFO | Candidate: NWB_DimDiameter | Scope=instance | Storage=String | ReadOnly=False | Shared=True | Id=7626172
ELEMENT | 15760574 | Size='32ø-32ø' | Width='' | Height='' | Diameter='32' | Statuses=NWB_DimWidth:SKIP; NWB_DimHeight:SKIP; NWB_DimDiameter:SKIP
INFO | Candidate: NWB_DimDiameter | Scope=instance | Storage=Double | ReadOnly=False | Shared=True | Id=3045162
INFO | Candidate: NWB_DimDiameter | Scope=instance | Storage=String | ReadOnly=False | Shared=True | Id=7626172
INFO | Found 2 parameters named NWB_DimDiameter
INFO | SELECTED | Shared Parameter | Scope=instance | ReadOnly=False | Id=7626172
INFO | IGNORED (SharedOnly) | Shared Parameter | Scope=instance | ReadOnly=False | Id=3045162
ELEMENT | 15760577 | Size='32ø-25ø' | Width='' | Height='' | Diameter='32' | Statuses=NWB_DimWidth:SKIP; NWB_DimHeight:SKIP; NWB_DimDiameter:SKIP
INFO | Candidate: NWB_DimDiameter | Scope=instance | Storage=Double | ReadOnly=False | Shared=True | Id=3045162
INFO | Candidate: NWB_DimDiameter | Scope=instance | Storage=String | ReadOnly=False | Shared=True | Id=7626172
INFO | Found 2 parameters named NWB_DimDiameter
INFO | SELECTED | Shared Parameter | Scope=instance | ReadOnly=False | Id=7626172
INFO | IGNORED (SharedOnly) | Shared Parameter | Scope=instance | ReadOnly=False | Id=3045162
ELEMENT | 15760580 | Size='32ø-25ø' | Width='' | Height='' | Diameter='32' | Statuses=NWB_DimWidth:SKIP; NWB_DimHeight:SKIP; NWB_DimDiameter:SKIP
INFO | Candidate: NWB_DimDiameter | Scope=instance | Storage=Double | ReadOnly=False | Shared=True | Id=3045162
INFO | Candidate: NWB_DimDiameter | Scope=instance | Storage=String | ReadOnly=False | Shared=True | Id=7626172
INFO | Found 2 parameters named NWB_DimDiameter
INFO | SELECTED | Shared Parameter | Scope=instance | ReadOnly=False | Id=7626172
INFO | IGNORED (SharedOnly) | Shared Parameter | Scope=instance | ReadOnly=False | Id=3045162
ELEMENT | 15760583 | Size='32ø-25ø' | Width='' | Height='' | Diameter='32' | Statuses=NWB_DimWidth:SKIP; NWB_DimHeight:SKIP; NWB_DimDiameter:SKIP
INFO | Candidate: NWB_DimDiameter | Scope=instance | Storage=Double | ReadOnly=False | Shared=True | Id=3045162
INFO | Candidate: NWB_DimDiameter | Scope=instance | Storage=String | ReadOnly=False | Shared=True | Id=7626172
INFO | Found 2 parameters named NWB_DimDiameter
INFO | SELECTED | Shared Parameter | Scope=instance | ReadOnly=False | Id=7626172
INFO | IGNORED (SharedOnly) | Shared Parameter | Scope=instance | ReadOnly=False | Id=3045162
ELEMENT | 15760586 | Size='32ø-25ø' | Width='' | Height='' | Diameter='32' | Statuses=NWB_DimWidth:SKIP; NWB_DimHeight:SKIP; NWB_DimDiameter:SKIP
INFO | Candidate: NWB_DimDiameter | Scope=instance | Storage=Double | ReadOnly=False | Shared=True | Id=3045162
INFO | Candidate: NWB_DimDiameter | Scope=instance | Storage=String | ReadOnly=False | Shared=True | Id=7626172
INFO | Found 2 parameters named NWB_DimDiameter
INFO | SELECTED | Shared Parameter | Scope=instance | ReadOnly=False | Id=7626172
INFO | IGNORED (SharedOnly) | Shared Parameter | Scope=instance | ReadOnly=False | Id=3045162
ELEMENT | 15760589 | Size='25ø-15ø' | Width='' | Height='' | Diameter='25' | Statuses=NWB_DimWidth:SKIP; NWB_DimHeight:SKIP; NWB_DimDiameter:SKIP
INFO | Candidate: NWB_DimDiameter | Scope=instance | Storage=Double | ReadOnly=False | Shared=True | Id=3045162
INFO | Candidate: NWB_DimDiameter | Scope=instance | Storage=String | ReadOnly=False | Shared=True | Id=7626172
INFO | Found 2 parameters named NWB_DimDiameter
INFO | SELECTED | Shared Parameter | Scope=instance | ReadOnly=False | Id=7626172
INFO | IGNORED (SharedOnly) | Shared Parameter | Scope=instance | ReadOnly=False | Id=3045162
ELEMENT | 15760592 | Size='32ø-25ø' | Width='' | Height='' | Diameter='32' | Statuses=NWB_DimWidth:SKIP; NWB_DimHeight:SKIP; NWB_DimDiameter:SKIP
INFO | Candidate: NWB_DimDiameter | Scope=instance | Storage=Double | ReadOnly=False | Shared=True | Id=3045162
INFO | Candidate: NWB_DimDiameter | Scope=instance | Storage=String | ReadOnly=False | Shared=True | Id=7626172
INFO | Found 2 parameters named NWB_DimDiameter
INFO | SELECTED | Shared Parameter | Scope=instance | ReadOnly=False | Id=7626172
INFO | IGNORED (SharedOnly) | Shared Parameter | Scope=instance | ReadOnly=False | Id=3045162
ELEMENT | 15760595 | Size='32ø-25ø' | Width='' | Height='' | Diameter='32' | Statuses=NWB_DimWidth:SKIP; NWB_DimHeight:SKIP; NWB_DimDiameter:SKIP
INFO | Candidate: NWB_DimDiameter | Scope=instance | Storage=Double | ReadOnly=False | Shared=True | Id=3045162
INFO | Candidate: NWB_DimDiameter | Scope=instance | Storage=String | ReadOnly=False | Shared=True | Id=7626172
INFO | Found 2 parameters named NWB_DimDiameter
INFO | SELECTED | Shared Parameter | Scope=instance | ReadOnly=False | Id=7626172
INFO | IGNORED (SharedOnly) | Shared Parameter | Scope=instance | ReadOnly=False | Id=3045162
ELEMENT | 15760598 | Size='32ø-25ø' | Width='' | Height='' | Diameter='32' | Statuses=NWB_DimWidth:SKIP; NWB_DimHeight:SKIP; NWB_DimDiameter:SKIP
INFO | Candidate: NWB_DimDiameter | Scope=instance | Storage=Double | ReadOnly=False | Shared=True | Id=3045162
INFO | Candidate: NWB_DimDiameter | Scope=instance | Storage=String | ReadOnly=False | Shared=True | Id=7626172
INFO | Found 2 parameters named NWB_DimDiameter
INFO | SELECTED | Shared Parameter | Scope=instance | ReadOnly=False | Id=7626172
INFO | IGNORED (SharedOnly) | Shared Parameter | Scope=instance | ReadOnly=False | Id=3045162
ELEMENT | 15760601 | Size='32ø-25ø' | Width='' | Height='' | Diameter='32' | Statuses=NWB_DimWidth:SKIP; NWB_DimHeight:SKIP; NWB_DimDiameter:SKIP
SKIP | Element 7367710 | Size empty
SKIP | Element 7514850 | Size empty
SKIP | Element 13367322 | Size empty
SKIP | Element 13368724 | Size empty
SKIP | Element 13368726 | Size empty
SKIP | Element 13369374 | Size empty
SKIP | Element 13369376 | Size empty
SKIP | Element 13513434 | Size empty
SKIP | Element 13513465 | Size empty
SKIP | Element 13641796 | Size empty
SKIP | Element 13642461 | Size empty
SKIP | Element 13642940 | Size empty
SKIP | Element 13643347 | Size empty
SKIP | Element 13643348 | Size empty
SKIP | Element 13643472 | Size empty
SKIP | Element 13643526 | Size empty
SKIP | Element 13643555 | Size empty
SKIP | Element 13643556 | Size empty
SKIP | Element 13643650 | Size empty
SKIP | Element 13643723 | Size empty
SKIP | Element 13643725 | Size empty
SKIP | Element 13643742 | Size empty
SKIP | Element 13643764 | Size empty
SKIP | Element 13643767 | Size empty
SKIP | Element 13644696 | Size empty
SKIP | Element 13647725 | Size empty
SKIP | Element 13647727 | Size empty
SKIP | Element 13647728 | Size empty
SKIP | Element 13648205 | Size empty
SKIP | Element 13648207 | Size empty
SKIP | Element 13648264 | Size empty
SKIP | Element 13648265 | Size empty
SKIP | Element 13648766 | Size empty
SKIP | Element 13648791 | Size empty
SKIP | Element 13648806 | Size empty
SKIP | Element 13648971 | Size empty
SKIP | Element 13649220 | Size empty
SKIP | Element 13649403 | Size empty
SKIP | Element 13676361 | Size empty
SKIP | Element 13677847 | Size empty
SKIP | Element 13677849 | Size empty
SKIP | Element 13678734 | Size empty
SKIP | Element 13687726 | Size empty
SKIP | Element 13688809 | Size empty
SKIP | Element 13688810 | Size empty
SKIP | Element 13688816 | Size empty
SKIP | Element 13693935 | Size empty
SKIP | Element 13693942 | Size empty
SKIP | Element 13693989 | Size empty
SKIP | Element 13693991 | Size empty
SKIP | Element 13693994 | Size empty
SKIP | Element 13694049 | Size empty
SKIP | Element 13694055 | Size empty
SKIP | Element 13755027 | Size empty
SKIP | Element 13770686 | Size empty
SKIP | Element 13770765 | Size empty
SKIP | Element 13770766 | Size empty
SKIP | Element 13771419 | Size empty
SKIP | Element 13772100 | Size empty
SKIP | Element 13772102 | Size empty
SKIP | Element 13772103 | Size empty
SKIP | Element 13772104 | Size empty
SKIP | Element 13772105 | Size empty
SKIP | Element 13772106 | Size empty
SKIP | Element 13773274 | Size empty
SKIP | Element 13773278 | Size empty
SKIP | Element 13773288 | Size empty
SKIP | Element 13773301 | Size empty
SKIP | Element 13773700 | Size empty
SKIP | Element 13773814 | Size empty
SKIP | Element 13773822 | Size empty
SKIP | Element 13773897 | Size empty
SKIP | Element 13773898 | Size empty
SKIP | Element 13773899 | Size empty
SKIP | Element 13773901 | Size empty
SKIP | Element 13774086 | Size empty
SKIP | Element 13774087 | Size empty
SKIP | Element 13774095 | Size empty
SKIP | Element 13774100 | Size empty
SKIP | Element 13814553 | Size empty
SKIP | Element 14025494 | Size empty
SKIP | Element 14030276 | Size empty
SKIP | Element 14030291 | Size empty
SKIP | Element 14030492 | Size empty
SKIP | Element 14030500 | Size empty
SKIP | Element 14031165 | Size empty
SKIP | Element 14031260 | Size empty
SKIP | Element 14034191 | Size empty
SKIP | Element 14034192 | Size empty
SKIP | Element 14034197 | Size empty
SKIP | Element 14034204 | Size empty
SKIP | Element 14034253 | Size empty
SKIP | Element 14034274 | Size empty
SKIP | Element 14034276 | Size empty
SKIP | Element 14034287 | Size empty
SKIP | Element 14034298 | Size empty
SKIP | Element 14034301 | Size empty
SKIP | Element 14034304 | Size empty
SKIP | Element 14034307 | Size empty
SKIP | Element 14045077 | Size empty
SKIP | Element 14045084 | Size empty
SKIP | Element 14045087 | Size empty
SKIP | Element 14045090 | Size empty
SKIP | Element 14045124 | Size empty
SKIP | Element 14045153 | Size empty
SKIP | Element 14045156 | Size empty
SKIP | Element 14045157 | Size empty
SKIP | Element 14045161 | Size empty
SKIP | Element 14045164 | Size empty
INFO | Transaction Status = Committed
WARN | Regenerate after commit failed: Modification of the document is forbidden.  Typically, this is because there is no open transaction;  consult documentation for Document.IsModified for other possible causes.
CHUNK COMMIT | Status=Committed | Processed=960
SKIP | Element 14045195 | Size empty
SKIP | Element 14045220 | Size empty
SKIP | Element 14045223 | Size empty
SKIP | Element 14045226 | Size empty
SKIP | Element 14049645 | Size empty
SKIP | Element 14049683 | Size empty
SKIP | Element 14049687 | Size empty
SKIP | Element 14049727 | Size empty
SKIP | Element 14049750 | Size empty
SKIP | Element 14049751 | Size empty
SKIP | Element 14049753 | Size empty
SKIP | Element 14051080 | Size empty
SKIP | Element 14051082 | Size empty
SKIP | Element 14051084 | Size empty
SKIP | Element 14051085 | Size empty
SKIP | Element 14051086 | Size empty
SKIP | Element 14051087 | Size empty
SKIP | Element 14051088 | Size empty
SKIP | Element 14051089 | Size empty
SKIP | Element 14051100 | Size empty
SKIP | Element 14051101 | Size empty
SKIP | Element 14051102 | Size empty
SKIP | Element 14368929 | Size empty
SKIP | Element 14369317 | Size empty
SKIP | Element 14616339 | Size empty
SKIP | Element 14616340 | Size empty
SKIP | Element 14635645 | Size empty
SKIP | Element 14639240 | Size empty
SKIP | Element 14639351 | Size empty
SKIP | Element 14639390 | Size empty
SKIP | Element 14639391 | Size empty
SKIP | Element 14639392 | Size empty
SKIP | Element 14639393 | Size empty
SKIP | Element 14639394 | Size empty
SKIP | Element 14639396 | Size empty
SKIP | Element 14639397 | Size empty
SKIP | Element 14639398 | Size empty
SKIP | Element 14639400 | Size empty
SKIP | Element 14639401 | Size empty
SKIP | Element 14639402 | Size empty
SKIP | Element 14639403 | Size empty
SKIP | Element 14639404 | Size empty
SKIP | Element 14639406 | Size empty
SKIP | Element 14639407 | Size empty
SKIP | Element 14639408 | Size empty
SKIP | Element 14639409 | Size empty
SKIP | Element 14639411 | Size empty
SKIP | Element 14639417 | Size empty
SKIP | Element 14639429 | Size empty
SKIP | Element 14639447 | Size empty
SKIP | Element 14639453 | Size empty
SKIP | Element 14639454 | Size empty
SKIP | Element 14639455 | Size empty
SKIP | Element 14639456 | Size empty
SKIP | Element 14639457 | Size empty
SKIP | Element 14639458 | Size empty
SKIP | Element 14639459 | Size empty
SKIP | Element 14639460 | Size empty
SKIP | Element 14639461 | Size empty
SKIP | Element 14639469 | Size empty
SKIP | Element 14639470 | Size empty
SKIP | Element 14639471 | Size empty
SKIP | Element 14639472 | Size empty
SKIP | Element 14639473 | Size empty
SKIP | Element 14639474 | Size empty
SKIP | Element 14639476 | Size empty
SKIP | Element 14639477 | Size empty
SKIP | Element 14639478 | Size empty
SKIP | Element 14639479 | Size empty
SKIP | Element 14639480 | Size empty
SKIP | Element 14639487 | Size empty
SKIP | Element 14639490 | Size empty
SKIP | Element 14639491 | Size empty
SKIP | Element 14639493 | Size empty
SKIP | Element 14639494 | Size empty
SKIP | Element 14639495 | Size empty
SKIP | Element 14639496 | Size empty
SKIP | Element 14639501 | Size empty
SKIP | Element 14639502 | Size empty
SKIP | Element 14639503 | Size empty
SKIP | Element 14639504 | Size empty
SKIP | Element 14639508 | Size empty
SKIP | Element 14639509 | Size empty
SKIP | Element 14639514 | Size empty
SKIP | Element 14639517 | Size empty
SKIP | Element 14639524 | Size empty
SKIP | Element 14639529 | Size empty
SKIP | Element 14639530 | Size empty
SKIP | Element 14639532 | Size empty
SKIP | Element 14639533 | Size empty
SKIP | Element 14639534 | Size empty
SKIP | Element 14639545 | Size empty
SKIP | Element 14639552 | Size empty
SKIP | Element 14639554 | Size empty
SKIP | Element 14639555 | Size empty
SKIP | Element 14639556 | Size empty
SKIP | Element 14639558 | Size empty
SKIP | Element 14639559 | Size empty
SKIP | Element 14639562 | Size empty
SKIP | Element 14639563 | Size empty
SKIP | Element 14639564 | Size empty
SKIP | Element 14639565 | Size empty
SKIP | Element 14639566 | Size empty
SKIP | Element 14639567 | Size empty
SKIP | Element 14639568 | Size empty
SKIP | Element 14639569 | Size empty
SKIP | Element 14639570 | Size empty
SKIP | Element 14639571 | Size empty
SKIP | Element 14639572 | Size empty
SKIP | Element 14639573 | Size empty
SKIP | Element 14639575 | Size empty
SKIP | Element 14639576 | Size empty
SKIP | Element 14639577 | Size empty
SKIP | Element 14639578 | Size empty
SKIP | Element 14639584 | Size empty
SKIP | Element 14639594 | Size empty
SKIP | Element 14639595 | Size empty
SKIP | Element 14639596 | Size empty
SKIP | Element 14639597 | Size empty
SKIP | Element 14639598 | Size empty
SKIP | Element 14639599 | Size empty
SKIP | Element 14639601 | Size empty
SKIP | Element 14639602 | Size empty
SKIP | Element 14639603 | Size empty
SKIP | Element 14639605 | Size empty
SKIP | Element 14996893 | Size empty
SKIP | Element 14996894 | Size empty
SKIP | Element 14997083 | Size empty
SKIP | Element 15053659 | Size empty
SKIP | Element 15053703 | Size empty
SKIP | Element 15053724 | Size empty
SKIP | Element 15053725 | Size empty
SKIP | Element 15053727 | Size empty
SKIP | Element 15053728 | Size empty
SKIP | Element 15053730 | Size empty
SKIP | Element 15053731 | Size empty
SKIP | Element 15053732 | Size empty
SKIP | Element 15053733 | Size empty
SKIP | Element 15099047 | Size empty
SKIP | Element 15099048 | Size empty
SKIP | Element 15099049 | Size empty
SKIP | Element 15099050 | Size empty
SKIP | Element 15099059 | Size empty
SKIP | Element 15099061 | Size empty
SKIP | Element 15099063 | Size empty
SKIP | Element 15099098 | Size empty
SKIP | Element 15099101 | Size empty
SKIP | Element 15099118 | Size empty
SKIP | Element 15099119 | Size empty
SKIP | Element 15099122 | Size empty
SKIP | Element 15099125 | Size empty
SKIP | Element 15182522 | Size empty
SKIP | Element 15182523 | Size empty
SKIP | Element 15182524 | Size empty
SKIP | Element 15182525 | Size empty
SKIP | Element 15182527 | Size empty
SKIP | Element 15182528 | Size empty
SKIP | Element 15182529 | Size empty
SKIP | Element 15182530 | Size empty
SKIP | Element 15182532 | Size empty
SKIP | Element 15182615 | Size empty
SKIP | Element 15182682 | Size empty
SKIP | Element 15183702 | Size empty
SKIP | Element 15263744 | Size empty
SKIP | Element 15263745 | Size empty
SKIP | Element 15263751 | Size empty
SKIP | Element 15263753 | Size empty
SKIP | Element 15263756 | Size empty
SKIP | Element 15263757 | Size empty
SKIP | Element 15263763 | Size empty
SKIP | Element 15263765 | Size empty
SKIP | Element 15263768 | Size empty
SKIP | Element 15263769 | Size empty
SKIP | Element 15263789 | Size empty
SKIP | Element 15263790 | Size empty
SKIP | Element 15263791 | Size empty
SKIP | Element 15263792 | Size empty
SKIP | Element 15263793 | Size empty
SKIP | Element 15263794 | Size empty
SKIP | Element 15263795 | Size empty
SKIP | Element 15263796 | Size empty
SKIP | Element 15263801 | Size empty
SKIP | Element 15263802 | Size empty
SKIP | Element 15263817 | Size empty
SKIP | Element 15263825 | Size empty
SKIP | Element 15263836 | Size empty
SKIP | Element 15263837 | Size empty
SKIP | Element 15263846 | Size empty
SKIP | Element 15263847 | Size empty
SKIP | Element 15263855 | Size empty
SKIP | Element 15263856 | Size empty
SKIP | Element 15263859 | Size empty
SKIP | Element 15263862 | Size empty
SKIP | Element 15263867 | Size empty
SKIP | Element 15263868 | Size empty
SKIP | Element 15263876 | Size empty
SKIP | Element 15263877 | Size empty
SKIP | Element 15263880 | Size empty
SKIP | Element 15263883 | Size empty
SKIP | Element 15263889 | Size empty
SKIP | Element 15263891 | Size empty
SKIP | Element 15263892 | Size empty
SKIP | Element 15263897 | Size empty
SKIP | Element 15263903 | Size empty
SKIP | Element 15263905 | Size empty
SKIP | Element 15263906 | Size empty
SKIP | Element 15263911 | Size empty
SKIP | Element 15263912 | Size empty
SKIP | Element 15263913 | Size empty
SKIP | Element 15263914 | Size empty
SKIP | Element 15263915 | Size empty
SKIP | Element 15263918 | Size empty
SKIP | Element 15263972 | Size empty
SKIP | Element 15264015 | Size empty
SKIP | Element 15269161 | Size empty
SKIP | Element 15269163 | Size empty
SKIP | Element 15269164 | Size empty
SKIP | Element 15269165 | Size empty
SKIP | Element 15269166 | Size empty
SKIP | Element 15269186 | Size empty
SKIP | Element 15269190 | Size empty
SKIP | Element 15269193 | Size empty
SKIP | Element 15269195 | Size empty
SKIP | Element 15269273 | Size empty
SKIP | Element 15269275 | Size empty
SKIP | Element 15269869 | Size empty
SKIP | Element 15270276 | Size empty
SKIP | Element 15270277 | Size empty
SKIP | Element 15270285 | Size empty
SKIP | Element 15270348 | Size empty
SKIP | Element 15270349 | Size empty
SKIP | Element 15270352 | Size empty
SKIP | Element 15270355 | Size empty
SKIP | Element 15270477 | Size empty
SKIP | Element 15270573 | Size empty
SKIP | Element 15273447 | Size empty
SKIP | Element 15296046 | Size empty
SKIP | Element 15296047 | Size empty
SKIP | Element 15299383 | Size empty
SKIP | Element 15328272 | Size empty
INFO | Transaction Status = Committed
WARN | Regenerate after commit failed: Modification of the document is forbidden.  Typically, this is because there is no open transaction;  consult documentation for Document.IsModified for other possible causes.
CHUNK COMMIT | Status=Committed | Processed=1200
SKIP | Element 15328275 | Size empty
SKIP | Element 15328320 | Size empty
SKIP | Element 15328341 | Size empty
SKIP | Element 15328344 | Size empty
SKIP | Element 15328411 | Size empty
SKIP | Element 15328413 | Size empty
SKIP | Element 15328418 | Size empty
SKIP | Element 15328419 | Size empty
SKIP | Element 15328452 | Size empty
SKIP | Element 15465468 | Size empty
SKIP | Element 15465471 | Size empty
SKIP | Element 15465477 | Size empty
SKIP | Element 15465479 | Size empty
SKIP | Element 15465484 | Size empty
SKIP | Element 15465485 | Size empty
SKIP | Element 15465488 | Size empty
SKIP | Element 15465497 | Size empty
SKIP | Element 15465499 | Size empty
SKIP | Element 15465502 | Size empty
SKIP | Element 15465503 | Size empty
SKIP | Element 15465519 | Size empty
SKIP | Element 15465531 | Size empty
SKIP | Element 15465534 | Size empty
SKIP | Element 15465537 | Size empty
SKIP | Element 15465543 | Size empty
SKIP | Element 15465545 | Size empty
SKIP | Element 15465546 | Size empty
SKIP | Element 15465552 | Size empty
SKIP | Element 15465559 | Size empty
SKIP | Element 15465561 | Size empty
SKIP | Element 15465564 | Size empty
SKIP | Element 15465570 | Size empty
SKIP | Element 15465572 | Size empty
SKIP | Element 15465582 | Size empty
SKIP | Element 15466423 | Size empty
SKIP | Element 15466441 | Size empty
SKIP | Element 15466478 | Size empty
SKIP | Element 15467014 | Size empty
SKIP | Element 15467022 | Size empty
SKIP | Element 15467023 | Size empty
INFO | Transaction Status = Committed
WARN | Regenerate after commit failed: Modification of the document is forbidden.  Typically, this is because there is no open transaction;  consult documentation for Document.IsModified for other possible causes.
CHUNK COMMIT | Status=Committed | Processed=1240
END | Attempted=0 | Written=0 | Skipped=2205 | VerifyFailed=0 | SharedWrites=0 | FamilyWrites=0 | TypeWrites=0 | InstanceWrites=0 | ReadOnly=0 | MissingTarget=0 | SkipTargetMode=0 | DuplicateParameter=102 | SkipWorksharing=0 | Failed=0 | Cancelled=True
