START | Tool=NWB Dim AutoFill
START | View=MECHANICAL PIPEWORK LAYOUT - LEVEL 10 - ZONE 152
START | ViewMode=model
START | WriteMode=skip
START | ParameterTargetMode=Both
START | WorksharingMode=skip-other-users
START | ProcessingScope=view
READY | Elements=1559 | Log=C:\Users\Gino Moreno\AppData\Roaming\pyRevit\Extensions\MHTTools.extension\MEINHARDT.tab\MEP Data.panel\Data Manage.pulldown\NWB Dim AutoFill.pushbutton\logs\NWB_Dim_AutoFill_20260731_220056.log
SKIP | Element 10540572 | Size empty
SKIP | Element 11513018 | Size empty
SKIP | Element 11591312 | Size empty
SKIP | Element 11591324 | Size empty
SKIP | Element 12337422 | Size empty
SKIP | Element 12347846 | Size empty
SKIP | Element 12347866 | Size empty
SKIP | Element 12407658 | Size empty
SKIP | Element 12407659 | Size empty
SKIP | Element 12407660 | Size empty
SKIP | Element 12407661 | Size empty
SKIP | Element 12407662 | Size empty
SKIP | Element 12407663 | Size empty
SKIP | Element 12407664 | Size empty
SKIP | Element 12407665 | Size empty
SKIP | Element 12407666 | Size empty
SKIP | Element 12407667 | Size empty
SKIP | Element 12407668 | Size empty
SKIP | Element 12407669 | Size empty
SKIP | Element 12407670 | Size empty
SKIP | Element 12407671 | Size empty
SKIP | Element 12407672 | Size empty
SKIP | Element 12407673 | Size empty
SKIP | Element 12407674 | Size empty
SKIP | Element 12407675 | Size empty
SKIP | Element 12407676 | Size empty
SKIP | Element 12407677 | Size empty
SKIP | Element 12407679 | Size empty
SKIP | Element 12407680 | Size empty
SKIP | Element 12557485 | Size empty
SKIP | Element 12557986 | Size empty
SKIP | Element 12558040 | Size empty
SKIP | Element 12558084 | Size empty
SKIP | Element 12558126 | Size empty
SKIP | Element 12558358 | Size empty
SKIP | Element 12558466 | Size empty
SKIP | Element 12558688 | Size empty
SKIP | Element 12558816 | Size empty
SKIP | Element 12558892 | Size empty
SKIP | Element 12559065 | Size empty
SKIP | Element 12559415 | Size empty
SKIP | Element 12559466 | Size empty
SKIP | Element 12559561 | Size empty
SKIP | Element 12559842 | Size empty
SKIP | Element 12559921 | Size empty
SKIP | Element 12559983 | Size empty
SKIP | Element 12560138 | Size empty
SKIP | Element 12560842 | Size empty
SKIP | Element 12560956 | Size empty
SKIP | Element 12896796 | Size empty
SKIP | Element 12896797 | Size empty
SKIP | Element 12896798 | Size empty
SKIP | Element 12896799 | Size empty
SKIP | Element 12896800 | Size empty
SKIP | Element 12896801 | Size empty
SKIP | Element 12896802 | Size empty
SKIP | Element 12896803 | Size empty
SKIP | Element 12896804 | Size empty
SKIP | Element 12896805 | Size empty
SKIP | Element 12896806 | Size empty
SKIP | Element 12896807 | Size empty
SKIP | Element 12896808 | Size empty
SKIP | Element 12896809 | Size empty
SKIP | Element 12896810 | Size empty
SKIP | Element 12896811 | Size empty
SKIP | Element 12896812 | Size empty
SKIP | Element 12896813 | Size empty
SKIP | Element 12896814 | Size empty
SKIP | Element 12896815 | Size empty
SKIP | Element 12896817 | Size empty
SKIP | Element 12896818 | Size empty
SKIP | Element 12896819 | Size empty
SKIP | Element 12896865 | Size empty
SKIP | Element 12896866 | Size empty
SKIP | Element 12896935 | Size empty
SKIP | Element 13071281 | Size empty
SKIP | Element 13708016 | Size empty
SKIP | Element 13708336 | Size empty
SKIP | Element 13708449 | Size empty
SKIP | Element 13708966 | Size empty
SKIP | Element 13709043 | Size empty
SKIP | Element 13709142 | Size empty
SKIP | Element 13709225 | Size empty
SKIP | Element 13709305 | Size empty
SKIP | Element 13709454 | Size empty
SKIP | Element 13709516 | Size empty
SKIP | Element 13765467 | Size empty
SKIP | Element 13765468 | Size empty
SKIP | Element 13765469 | Size empty
SKIP | Element 13765470 | Size empty
SKIP | Element 13765471 | Size empty
SKIP | Element 13765639 | Size empty
SKIP | Element 13765864 | Size empty
SKIP | Element 13765920 | Size empty
SKIP | Element 13897403 | Size empty
SKIP | Element 13898547 | Size empty
SKIP | Element 13899999 | Size empty
SKIP | Element 13900774 | Size empty
SKIP | Element 13905221 | Size empty
SKIP | Element 14026946 | Size empty
SKIP | Element 14028942 | Size empty
SKIP | Element 14032209 | Size empty
SKIP | Element 14039627 | Size empty
SKIP | Element 14040143 | Size empty
SKIP | Element 14064719 | Size empty
SKIP | Element 14067336 | Size empty
SKIP | Element 14071641 | Size empty
SKIP | Element 14079257 | Size empty
SKIP | Element 14128435 | Size empty
SKIP | Element 14132865 | Size empty
SKIP | Element 14133428 | Size empty
SKIP | Element 14960665 | Size empty
SKIP | Element 14994698 | Size empty
SKIP | Element 15267816 | Size empty
SKIP | Element 15269825 | Size empty
SKIP | Element 15546146 | Size empty
INFO | Candidate: NWB_DimDiameter | Scope=instance | Storage=String | ReadOnly=False | Shared=True | Id=7626172
ELEMENT | 5120727 | Size='250ø' | Width='' | Height='' | Diameter='250' | Statuses=NWB_DimWidth:SKIP; NWB_DimHeight:SKIP; NWB_DimDiameter:SKIP
INFO | Candidate: NWB_DimDiameter | Scope=instance | Storage=String | ReadOnly=False | Shared=True | Id=7626172
ELEMENT | 5120746 | Size='250ø' | Width='' | Height='' | Diameter='250' | Statuses=NWB_DimWidth:SKIP; NWB_DimHeight:SKIP; NWB_DimDiameter:SKIP
INFO | Candidate: NWB_DimDiameter | Scope=instance | Storage=String | ReadOnly=False | Shared=True | Id=7626172
ELEMENT | 7256271 | Size='300ø' | Width='' | Height='' | Diameter='300' | Statuses=NWB_DimWidth:SKIP; NWB_DimHeight:SKIP; NWB_DimDiameter:SKIP
INFO | Candidate: NWB_DimDiameter | Scope=instance | Storage=String | ReadOnly=False | Shared=True | Id=7626172
ELEMENT | 7256274 | Size='300ø' | Width='' | Height='' | Diameter='300' | Statuses=NWB_DimWidth:SKIP; NWB_DimHeight:SKIP; NWB_DimDiameter:SKIP
INFO | Candidate: NWB_DimDiameter | Scope=instance | Storage=String | ReadOnly=False | Shared=True | Id=7626172
ELEMENT | 8340987 | Size='600ø' | Width='' | Height='' | Diameter='600' | Statuses=NWB_DimWidth:SKIP; NWB_DimHeight:SKIP; NWB_DimDiameter:SKIP
INFO | Candidate: NWB_DimDiameter | Scope=instance | Storage=String | ReadOnly=False | Shared=True | Id=7626172
ELEMENT | 8341019 | Size='600ø' | Width='' | Height='' | Diameter='600' | Statuses=NWB_DimWidth:SKIP; NWB_DimHeight:SKIP; NWB_DimDiameter:SKIP
INFO | Candidate: NWB_DimDiameter | Scope=instance | Storage=String | ReadOnly=False | Shared=True | Id=7626172
ELEMENT | 8345478 | Size='600ø' | Width='' | Height='' | Diameter='600' | Statuses=NWB_DimWidth:SKIP; NWB_DimHeight:SKIP; NWB_DimDiameter:SKIP
INFO | Candidate: NWB_DimDiameter | Scope=instance | Storage=String | ReadOnly=False | Shared=True | Id=7626172
ELEMENT | 8345583 | Size='600ø' | Width='' | Height='' | Diameter='600' | Statuses=NWB_DimWidth:SKIP; NWB_DimHeight:SKIP; NWB_DimDiameter:SKIP
INFO | Candidate: NWB_DimDiameter | Scope=instance | Storage=String | ReadOnly=False | Shared=True | Id=7626172
INFO | Element 11591313 | NWB_DimDiameter | Kind=Shared Parameter | Scope=instance | Storage=String | Old='' | New='160'
ELEMENT | 11591313 | Size='160ø' | Width='' | Height='' | Diameter='160' | Statuses=NWB_DimWidth:SKIP; NWB_DimHeight:SKIP; NWB_DimDiameter:OK
INFO | Candidate: NWB_DimDiameter | Scope=instance | Storage=String | ReadOnly=False | Shared=True | Id=7626172
INFO | Element 11591320 | NWB_DimDiameter | Kind=Shared Parameter | Scope=instance | Storage=String | Old='' | New='160'
ELEMENT | 11591320 | Size='160ø' | Width='' | Height='' | Diameter='160' | Statuses=NWB_DimWidth:SKIP; NWB_DimHeight:SKIP; NWB_DimDiameter:OK
INFO | Candidate: NWB_DimDiameter | Scope=instance | Storage=String | ReadOnly=False | Shared=True | Id=7626172
INFO | Element 11591326 | NWB_DimDiameter | Kind=Shared Parameter | Scope=instance | Storage=String | Old='' | New='160'
ELEMENT | 11591326 | Size='160ø' | Width='' | Height='' | Diameter='160' | Statuses=NWB_DimWidth:SKIP; NWB_DimHeight:SKIP; NWB_DimDiameter:OK
INFO | Candidate: NWB_DimDiameter | Scope=instance | Storage=String | ReadOnly=False | Shared=True | Id=7626172
INFO | Element 11610353 | NWB_DimDiameter | Kind=Shared Parameter | Scope=instance | Storage=String | Old='' | New='160'
ELEMENT | 11610353 | Size='160ø' | Width='' | Height='' | Diameter='160' | Statuses=NWB_DimWidth:SKIP; NWB_DimHeight:SKIP; NWB_DimDiameter:OK
INFO | Candidate: NWB_DimDiameter | Scope=instance | Storage=String | ReadOnly=False | Shared=True | Id=7626172
INFO | Element 13367313 | NWB_DimDiameter | Kind=Shared Parameter | Scope=instance | Storage=String | Old='' | New='50'
ELEMENT | 13367313 | Size='50ø' | Width='' | Height='' | Diameter='50' | Statuses=NWB_DimWidth:SKIP; NWB_DimHeight:SKIP; NWB_DimDiameter:OK
INFO | Candidate: NWB_DimDiameter | Scope=instance | Storage=String | ReadOnly=False | Shared=True | Id=7626172
INFO | Element 13368633 | NWB_DimDiameter | Kind=Shared Parameter | Scope=instance | Storage=String | Old='' | New='25'
ELEMENT | 13368633 | Size='25ø' | Width='' | Height='' | Diameter='25' | Statuses=NWB_DimWidth:SKIP; NWB_DimHeight:SKIP; NWB_DimDiameter:OK
INFO | Candidate: NWB_DimDiameter | Scope=instance | Storage=String | ReadOnly=False | Shared=True | Id=7626172
INFO | Element 13368679 | NWB_DimDiameter | Kind=Shared Parameter | Scope=instance | Storage=String | Old='' | New='25'
ELEMENT | 13368679 | Size='25ø' | Width='' | Height='' | Diameter='25' | Statuses=NWB_DimWidth:SKIP; NWB_DimHeight:SKIP; NWB_DimDiameter:OK
INFO | Candidate: NWB_DimDiameter | Scope=instance | Storage=String | ReadOnly=False | Shared=True | Id=7626172
INFO | Element 13369313 | NWB_DimDiameter | Kind=Shared Parameter | Scope=instance | Storage=String | Old='' | New='25'
ELEMENT | 13369313 | Size='25ø' | Width='' | Height='' | Diameter='25' | Statuses=NWB_DimWidth:SKIP; NWB_DimHeight:SKIP; NWB_DimDiameter:OK
INFO | Candidate: NWB_DimDiameter | Scope=instance | Storage=String | ReadOnly=False | Shared=True | Id=7626172
INFO | Element 13369345 | NWB_DimDiameter | Kind=Shared Parameter | Scope=instance | Storage=String | Old='' | New='25'
ELEMENT | 13369345 | Size='25ø' | Width='' | Height='' | Diameter='25' | Statuses=NWB_DimWidth:SKIP; NWB_DimHeight:SKIP; NWB_DimDiameter:OK
INFO | Candidate: NWB_DimDiameter | Scope=instance | Storage=String | ReadOnly=False | Shared=True | Id=7626172
INFO | Element 13369355 | NWB_DimDiameter | Kind=Shared Parameter | Scope=instance | Storage=String | Old='' | New='25'
ELEMENT | 13369355 | Size='25ø' | Width='' | Height='' | Diameter='25' | Statuses=NWB_DimWidth:SKIP; NWB_DimHeight:SKIP; NWB_DimDiameter:OK
INFO | Candidate: NWB_DimDiameter | Scope=instance | Storage=String | ReadOnly=False | Shared=True | Id=7626172
INFO | Element 13433509 | NWB_DimDiameter | Kind=Shared Parameter | Scope=instance | Storage=String | Old='' | New='25'
ELEMENT | 13433509 | Size='25ø' | Width='' | Height='' | Diameter='25' | Statuses=NWB_DimWidth:SKIP; NWB_DimHeight:SKIP; NWB_DimDiameter:OK
INFO | Candidate: NWB_DimDiameter | Scope=instance | Storage=String | ReadOnly=False | Shared=True | Id=7626172
INFO | Element 13513407 | NWB_DimDiameter | Kind=Shared Parameter | Scope=instance | Storage=String | Old='' | New='32'
ELEMENT | 13513407 | Size='32ø' | Width='' | Height='' | Diameter='32' | Statuses=NWB_DimWidth:SKIP; NWB_DimHeight:SKIP; NWB_DimDiameter:OK
INFO | Candidate: NWB_DimDiameter | Scope=instance | Storage=String | ReadOnly=False | Shared=True | Id=7626172
INFO | Element 13641789 | NWB_DimDiameter | Kind=Shared Parameter | Scope=instance | Storage=String | Old='' | New='32'
ELEMENT | 13641789 | Size='32ø' | Width='' | Height='' | Diameter='32' | Statuses=NWB_DimWidth:SKIP; NWB_DimHeight:SKIP; NWB_DimDiameter:OK
INFO | Candidate: NWB_DimDiameter | Scope=instance | Storage=String | ReadOnly=False | Shared=True | Id=7626172
INFO | Element 13641831 | NWB_DimDiameter | Kind=Shared Parameter | Scope=instance | Storage=String | Old='' | New='32'
ELEMENT | 13641831 | Size='32ø' | Width='' | Height='' | Diameter='32' | Statuses=NWB_DimWidth:SKIP; NWB_DimHeight:SKIP; NWB_DimDiameter:OK
INFO | Candidate: NWB_DimDiameter | Scope=instance | Storage=String | ReadOnly=False | Shared=True | Id=7626172
INFO | Element 13641984 | NWB_DimDiameter | Kind=Shared Parameter | Scope=instance | Storage=String | Old='' | New='32'
ELEMENT | 13641984 | Size='32ø' | Width='' | Height='' | Diameter='32' | Statuses=NWB_DimWidth:SKIP; NWB_DimHeight:SKIP; NWB_DimDiameter:OK
INFO | Candidate: NWB_DimDiameter | Scope=instance | Storage=String | ReadOnly=False | Shared=True | Id=7626172
INFO | Element 13642372 | NWB_DimDiameter | Kind=Shared Parameter | Scope=instance | Storage=String | Old='' | New='25'
ELEMENT | 13642372 | Size='25ø' | Width='' | Height='' | Diameter='25' | Statuses=NWB_DimWidth:SKIP; NWB_DimHeight:SKIP; NWB_DimDiameter:OK
INFO | Candidate: NWB_DimDiameter | Scope=instance | Storage=String | ReadOnly=False | Shared=True | Id=7626172
INFO | Element 13642442 | NWB_DimDiameter | Kind=Shared Parameter | Scope=instance | Storage=String | Old='' | New='32'
ELEMENT | 13642442 | Size='32ø' | Width='' | Height='' | Diameter='32' | Statuses=NWB_DimWidth:SKIP; NWB_DimHeight:SKIP; NWB_DimDiameter:OK
INFO | Candidate: NWB_DimDiameter | Scope=instance | Storage=String | ReadOnly=False | Shared=True | Id=7626172
INFO | Element 13642459 | NWB_DimDiameter | Kind=Shared Parameter | Scope=instance | Storage=String | Old='' | New='32'
ELEMENT | 13642459 | Size='32ø' | Width='' | Height='' | Diameter='32' | Statuses=NWB_DimWidth:SKIP; NWB_DimHeight:SKIP; NWB_DimDiameter:OK
INFO | Candidate: NWB_DimDiameter | Scope=instance | Storage=String | ReadOnly=False | Shared=True | Id=7626172
INFO | Element 13642576 | NWB_DimDiameter | Kind=Shared Parameter | Scope=instance | Storage=String | Old='' | New='25'
ELEMENT | 13642576 | Size='25ø' | Width='' | Height='' | Diameter='25' | Statuses=NWB_DimWidth:SKIP; NWB_DimHeight:SKIP; NWB_DimDiameter:OK
INFO | Candidate: NWB_DimDiameter | Scope=instance | Storage=String | ReadOnly=False | Shared=True | Id=7626172
INFO | Element 13642882 | NWB_DimDiameter | Kind=Shared Parameter | Scope=instance | Storage=String | Old='' | New='32'
ELEMENT | 13642882 | Size='32ø' | Width='' | Height='' | Diameter='32' | Statuses=NWB_DimWidth:SKIP; NWB_DimHeight:SKIP; NWB_DimDiameter:OK
INFO | Candidate: NWB_DimDiameter | Scope=instance | Storage=String | ReadOnly=False | Shared=True | Id=7626172
INFO | Element 13642938 | NWB_DimDiameter | Kind=Shared Parameter | Scope=instance | Storage=String | Old='' | New='25'
ELEMENT | 13642938 | Size='25ø' | Width='' | Height='' | Diameter='25' | Statuses=NWB_DimWidth:SKIP; NWB_DimHeight:SKIP; NWB_DimDiameter:OK
INFO | Candidate: NWB_DimDiameter | Scope=instance | Storage=String | ReadOnly=False | Shared=True | Id=7626172
INFO | Element 13642941 | NWB_DimDiameter | Kind=Shared Parameter | Scope=instance | Storage=String | Old='' | New='25'
ELEMENT | 13642941 | Size='25ø' | Width='' | Height='' | Diameter='25' | Statuses=NWB_DimWidth:SKIP; NWB_DimHeight:SKIP; NWB_DimDiameter:OK
INFO | Candidate: NWB_DimDiameter | Scope=instance | Storage=String | ReadOnly=False | Shared=True | Id=7626172
INFO | Element 13643007 | NWB_DimDiameter | Kind=Shared Parameter | Scope=instance | Storage=String | Old='' | New='25'
ELEMENT | 13643007 | Size='25ø' | Width='' | Height='' | Diameter='25' | Statuses=NWB_DimWidth:SKIP; NWB_DimHeight:SKIP; NWB_DimDiameter:OK
INFO | Candidate: NWB_DimDiameter | Scope=instance | Storage=String | ReadOnly=False | Shared=True | Id=7626172
INFO | Element 13643017 | NWB_DimDiameter | Kind=Shared Parameter | Scope=instance | Storage=String | Old='' | New='25'
ELEMENT | 13643017 | Size='25ø' | Width='' | Height='' | Diameter='25' | Statuses=NWB_DimWidth:SKIP; NWB_DimHeight:SKIP; NWB_DimDiameter:OK
INFO | Candidate: NWB_DimDiameter | Scope=instance | Storage=String | ReadOnly=False | Shared=True | Id=7626172
INFO | Element 13643072 | NWB_DimDiameter | Kind=Shared Parameter | Scope=instance | Storage=String | Old='' | New='25'
ELEMENT | 13643072 | Size='25ø' | Width='' | Height='' | Diameter='25' | Statuses=NWB_DimWidth:SKIP; NWB_DimHeight:SKIP; NWB_DimDiameter:OK
INFO | Candidate: NWB_DimDiameter | Scope=instance | Storage=String | ReadOnly=False | Shared=True | Id=7626172
INFO | Element 13643082 | NWB_DimDiameter | Kind=Shared Parameter | Scope=instance | Storage=String | Old='' | New='25'
ELEMENT | 13643082 | Size='25ø' | Width='' | Height='' | Diameter='25' | Statuses=NWB_DimWidth:SKIP; NWB_DimHeight:SKIP; NWB_DimDiameter:OK
INFO | Candidate: NWB_DimDiameter | Scope=instance | Storage=String | ReadOnly=False | Shared=True | Id=7626172
INFO | Element 13643189 | NWB_DimDiameter | Kind=Shared Parameter | Scope=instance | Storage=String | Old='' | New='25'
ELEMENT | 13643189 | Size='25ø' | Width='' | Height='' | Diameter='25' | Statuses=NWB_DimWidth:SKIP; NWB_DimHeight:SKIP; NWB_DimDiameter:OK
INFO | Candidate: NWB_DimDiameter | Scope=instance | Storage=String | ReadOnly=False | Shared=True | Id=7626172
INFO | Element 13643325 | NWB_DimDiameter | Kind=Shared Parameter | Scope=instance | Storage=String | Old='' | New='32'
ELEMENT | 13643325 | Size='32ø' | Width='' | Height='' | Diameter='32' | Statuses=NWB_DimWidth:SKIP; NWB_DimHeight:SKIP; NWB_DimDiameter:OK
INFO | Candidate: NWB_DimDiameter | Scope=instance | Storage=String | ReadOnly=False | Shared=True | Id=7626172
INFO | Element 13643368 | NWB_DimDiameter | Kind=Shared Parameter | Scope=instance | Storage=String | Old='' | New='25'
ELEMENT | 13643368 | Size='25ø' | Width='' | Height='' | Diameter='25' | Statuses=NWB_DimWidth:SKIP; NWB_DimHeight:SKIP; NWB_DimDiameter:OK
INFO | Candidate: NWB_DimDiameter | Scope=instance | Storage=String | ReadOnly=False | Shared=True | Id=7626172
INFO | Element 13643721 | NWB_DimDiameter | Kind=Shared Parameter | Scope=instance | Storage=String | Old='' | New='32'
ELEMENT | 13643721 | Size='32ø' | Width='' | Height='' | Diameter='32' | Statuses=NWB_DimWidth:SKIP; NWB_DimHeight:SKIP; NWB_DimDiameter:OK
INFO | Candidate: NWB_DimDiameter | Scope=instance | Storage=String | ReadOnly=False | Shared=True | Id=7626172
INFO | Element 13643736 | NWB_DimDiameter | Kind=Shared Parameter | Scope=instance | Storage=String | Old='' | New='25'
ELEMENT | 13643736 | Size='25ø' | Width='' | Height='' | Diameter='25' | Statuses=NWB_DimWidth:SKIP; NWB_DimHeight:SKIP; NWB_DimDiameter:OK
INFO | Candidate: NWB_DimDiameter | Scope=instance | Storage=String | ReadOnly=False | Shared=True | Id=7626172
INFO | Element 13643753 | NWB_DimDiameter | Kind=Shared Parameter | Scope=instance | Storage=String | Old='' | New='25'
ELEMENT | 13643753 | Size='25ø' | Width='' | Height='' | Diameter='25' | Statuses=NWB_DimWidth:SKIP; NWB_DimHeight:SKIP; NWB_DimDiameter:OK
INFO | Candidate: NWB_DimDiameter | Scope=instance | Storage=String | ReadOnly=False | Shared=True | Id=7626172
INFO | Element 13645866 | NWB_DimDiameter | Kind=Shared Parameter | Scope=instance | Storage=String | Old='' | New='32'
ELEMENT | 13645866 | Size='32ø' | Width='' | Height='' | Diameter='32' | Statuses=NWB_DimWidth:SKIP; NWB_DimHeight:SKIP; NWB_DimDiameter:OK
INFO | Candidate: NWB_DimDiameter | Scope=instance | Storage=String | ReadOnly=False | Shared=True | Id=7626172
INFO | Element 13647390 | NWB_DimDiameter | Kind=Shared Parameter | Scope=instance | Storage=String | Old='' | New='50'
ELEMENT | 13647390 | Size='50ø' | Width='' | Height='' | Diameter='50' | Statuses=NWB_DimWidth:SKIP; NWB_DimHeight:SKIP; NWB_DimDiameter:OK
INFO | Candidate: NWB_DimDiameter | Scope=instance | Storage=String | ReadOnly=False | Shared=True | Id=7626172
INFO | Element 13647615 | NWB_DimDiameter | Kind=Shared Parameter | Scope=instance | Storage=String | Old='' | New='50'
ELEMENT | 13647615 | Size='50ø' | Width='' | Height='' | Diameter='50' | Statuses=NWB_DimWidth:SKIP; NWB_DimHeight:SKIP; NWB_DimDiameter:OK
INFO | Candidate: NWB_DimDiameter | Scope=instance | Storage=String | ReadOnly=False | Shared=True | Id=7626172
INFO | Element 13648074 | NWB_DimDiameter | Kind=Shared Parameter | Scope=instance | Storage=String | Old='' | New='50'
ELEMENT | 13648074 | Size='50ø' | Width='' | Height='' | Diameter='50' | Statuses=NWB_DimWidth:SKIP; NWB_DimHeight:SKIP; NWB_DimDiameter:OK
INFO | Candidate: NWB_DimDiameter | Scope=instance | Storage=String | ReadOnly=False | Shared=True | Id=7626172
INFO | Element 13648076 | NWB_DimDiameter | Kind=Shared Parameter | Scope=instance | Storage=String | Old='' | New='50'
ELEMENT | 13648076 | Size='50ø' | Width='' | Height='' | Diameter='50' | Statuses=NWB_DimWidth:SKIP; NWB_DimHeight:SKIP; NWB_DimDiameter:OK
INFO | Candidate: NWB_DimDiameter | Scope=instance | Storage=String | ReadOnly=False | Shared=True | Id=7626172
INFO | Element 13648203 | NWB_DimDiameter | Kind=Shared Parameter | Scope=instance | Storage=String | Old='' | New='50'
ELEMENT | 13648203 | Size='50ø' | Width='' | Height='' | Diameter='50' | Statuses=NWB_DimWidth:SKIP; NWB_DimHeight:SKIP; NWB_DimDiameter:OK
INFO | Candidate: NWB_DimDiameter | Scope=instance | Storage=String | ReadOnly=False | Shared=True | Id=7626172
INFO | Element 13648767 | NWB_DimDiameter | Kind=Shared Parameter | Scope=instance | Storage=String | Old='' | New='40'
ELEMENT | 13648767 | Size='40ø' | Width='' | Height='' | Diameter='40' | Statuses=NWB_DimWidth:SKIP; NWB_DimHeight:SKIP; NWB_DimDiameter:OK
INFO | Candidate: NWB_DimDiameter | Scope=instance | Storage=String | ReadOnly=False | Shared=True | Id=7626172
INFO | Element 13648886 | NWB_DimDiameter | Kind=Shared Parameter | Scope=instance | Storage=String | Old='' | New='40'
ELEMENT | 13648886 | Size='40ø' | Width='' | Height='' | Diameter='40' | Statuses=NWB_DimWidth:SKIP; NWB_DimHeight:SKIP; NWB_DimDiameter:OK
INFO | Candidate: NWB_DimDiameter | Scope=instance | Storage=String | ReadOnly=False | Shared=True | Id=7626172
INFO | Element 13648935 | NWB_DimDiameter | Kind=Shared Parameter | Scope=instance | Storage=String | Old='' | New='40'
ELEMENT | 13648935 | Size='40ø' | Width='' | Height='' | Diameter='40' | Statuses=NWB_DimWidth:SKIP; NWB_DimHeight:SKIP; NWB_DimDiameter:OK
INFO | Candidate: NWB_DimDiameter | Scope=instance | Storage=String | ReadOnly=False | Shared=True | Id=7626172
INFO | Element 13649184 | NWB_DimDiameter | Kind=Shared Parameter | Scope=instance | Storage=String | Old='' | New='40'
ELEMENT | 13649184 | Size='40ø' | Width='' | Height='' | Diameter='40' | Statuses=NWB_DimWidth:SKIP; NWB_DimHeight:SKIP; NWB_DimDiameter:OK
INFO | Candidate: NWB_DimDiameter | Scope=instance | Storage=String | ReadOnly=False | Shared=True | Id=7626172
INFO | Element 13676226 | NWB_DimDiameter | Kind=Shared Parameter | Scope=instance | Storage=String | Old='' | New='50'
ELEMENT | 13676226 | Size='50ø' | Width='' | Height='' | Diameter='50' | Statuses=NWB_DimWidth:SKIP; NWB_DimHeight:SKIP; NWB_DimDiameter:OK
INFO | Candidate: NWB_DimDiameter | Scope=instance | Storage=String | ReadOnly=False | Shared=True | Id=7626172
INFO | Element 13676353 | NWB_DimDiameter | Kind=Shared Parameter | Scope=instance | Storage=String | Old='' | New='25'
ELEMENT | 13676353 | Size='25ø' | Width='' | Height='' | Diameter='25' | Statuses=NWB_DimWidth:SKIP; NWB_DimHeight:SKIP; NWB_DimDiameter:OK
INFO | Candidate: NWB_DimDiameter | Scope=instance | Storage=String | ReadOnly=False | Shared=True | Id=7626172
INFO | Element 13676362 | NWB_DimDiameter | Kind=Shared Parameter | Scope=instance | Storage=String | Old='' | New='25'
ELEMENT | 13676362 | Size='25ø' | Width='' | Height='' | Diameter='25' | Statuses=NWB_DimWidth:SKIP; NWB_DimHeight:SKIP; NWB_DimDiameter:OK
INFO | Candidate: NWB_DimDiameter | Scope=instance | Storage=String | ReadOnly=False | Shared=True | Id=7626172
INFO | Element 13676372 | NWB_DimDiameter | Kind=Shared Parameter | Scope=instance | Storage=String | Old='' | New='25'
ELEMENT | 13676372 | Size='25ø' | Width='' | Height='' | Diameter='25' | Statuses=NWB_DimWidth:SKIP; NWB_DimHeight:SKIP; NWB_DimDiameter:OK
INFO | Candidate: NWB_DimDiameter | Scope=instance | Storage=String | ReadOnly=False | Shared=True | Id=7626172
INFO | Element 13678073 | NWB_DimDiameter | Kind=Shared Parameter | Scope=instance | Storage=String | Old='' | New='25'
ELEMENT | 13678073 | Size='25ø' | Width='' | Height='' | Diameter='25' | Statuses=NWB_DimWidth:SKIP; NWB_DimHeight:SKIP; NWB_DimDiameter:OK
INFO | Candidate: NWB_DimDiameter | Scope=instance | Storage=String | ReadOnly=False | Shared=True | Id=7626172
INFO | Element 13678796 | NWB_DimDiameter | Kind=Shared Parameter | Scope=instance | Storage=String | Old='' | New='32'
ELEMENT | 13678796 | Size='32ø' | Width='' | Height='' | Diameter='32' | Statuses=NWB_DimWidth:SKIP; NWB_DimHeight:SKIP; NWB_DimDiameter:OK
INFO | Candidate: NWB_DimDiameter | Scope=instance | Storage=String | ReadOnly=False | Shared=True | Id=7626172
INFO | Element 13688550 | NWB_DimDiameter | Kind=Shared Parameter | Scope=instance | Storage=String | Old='' | New='50'
ELEMENT | 13688550 | Size='50ø' | Width='' | Height='' | Diameter='50' | Statuses=NWB_DimWidth:SKIP; NWB_DimHeight:SKIP; NWB_DimDiameter:OK
INFO | Candidate: NWB_DimDiameter | Scope=instance | Storage=String | ReadOnly=False | Shared=True | Id=7626172
INFO | Element 13688805 | NWB_DimDiameter | Kind=Shared Parameter | Scope=instance | Storage=String | Old='' | New='50'
ELEMENT | 13688805 | Size='50ø' | Width='' | Height='' | Diameter='50' | Statuses=NWB_DimWidth:SKIP; NWB_DimHeight:SKIP; NWB_DimDiameter:OK
INFO | Candidate: NWB_DimDiameter | Scope=instance | Storage=String | ReadOnly=False | Shared=True | Id=7626172
INFO | Element 13692921 | NWB_DimDiameter | Kind=Shared Parameter | Scope=instance | Storage=String | Old='' | New='32'
ELEMENT | 13692921 | Size='32ø' | Width='' | Height='' | Diameter='32' | Statuses=NWB_DimWidth:SKIP; NWB_DimHeight:SKIP; NWB_DimDiameter:OK
INFO | Candidate: NWB_DimDiameter | Scope=instance | Storage=String | ReadOnly=False | Shared=True | Id=7626172
INFO | Element 13693783 | NWB_DimDiameter | Kind=Shared Parameter | Scope=instance | Storage=String | Old='' | New='40'
ELEMENT | 13693783 | Size='40ø' | Width='' | Height='' | Diameter='40' | Statuses=NWB_DimWidth:SKIP; NWB_DimHeight:SKIP; NWB_DimDiameter:OK
INFO | Candidate: NWB_DimDiameter | Scope=instance | Storage=String | ReadOnly=False | Shared=True | Id=7626172
INFO | Element 13693796 | NWB_DimDiameter | Kind=Shared Parameter | Scope=instance | Storage=String | Old='' | New='40'
ELEMENT | 13693796 | Size='40ø' | Width='' | Height='' | Diameter='40' | Statuses=NWB_DimWidth:SKIP; NWB_DimHeight:SKIP; NWB_DimDiameter:OK
INFO | Candidate: NWB_DimDiameter | Scope=instance | Storage=String | ReadOnly=False | Shared=True | Id=7626172
INFO | Element 13693848 | NWB_DimDiameter | Kind=Shared Parameter | Scope=instance | Storage=String | Old='' | New='40'
ELEMENT | 13693848 | Size='40ø' | Width='' | Height='' | Diameter='40' | Statuses=NWB_DimWidth:SKIP; NWB_DimHeight:SKIP; NWB_DimDiameter:OK
INFO | Candidate: NWB_DimDiameter | Scope=instance | Storage=String | ReadOnly=False | Shared=True | Id=7626172
INFO | Element 13755004 | NWB_DimDiameter | Kind=Shared Parameter | Scope=instance | Storage=String | Old='' | New='25'
ELEMENT | 13755004 | Size='25ø' | Width='' | Height='' | Diameter='25' | Statuses=NWB_DimWidth:SKIP; NWB_DimHeight:SKIP; NWB_DimDiameter:OK
INFO | Candidate: NWB_DimDiameter | Scope=instance | Storage=String | ReadOnly=False | Shared=True | Id=7626172
INFO | Element 13755018 | NWB_DimDiameter | Kind=Shared Parameter | Scope=instance | Storage=String | Old='' | New='25'
ELEMENT | 13755018 | Size='25ø' | Width='' | Height='' | Diameter='25' | Statuses=NWB_DimWidth:SKIP; NWB_DimHeight:SKIP; NWB_DimDiameter:OK
INFO | Candidate: NWB_DimDiameter | Scope=instance | Storage=String | ReadOnly=False | Shared=True | Id=7626172
INFO | Element 13770612 | NWB_DimDiameter | Kind=Shared Parameter | Scope=instance | Storage=String | Old='' | New='32'
ELEMENT | 13770612 | Size='32ø' | Width='' | Height='' | Diameter='32' | Statuses=NWB_DimWidth:SKIP; NWB_DimHeight:SKIP; NWB_DimDiameter:OK
INFO | Candidate: NWB_DimDiameter | Scope=instance | Storage=String | ReadOnly=False | Shared=True | Id=7626172
INFO | Element 13770616 | NWB_DimDiameter | Kind=Shared Parameter | Scope=instance | Storage=String | Old='' | New='32'
ELEMENT | 13770616 | Size='32ø' | Width='' | Height='' | Diameter='32' | Statuses=NWB_DimWidth:SKIP; NWB_DimHeight:SKIP; NWB_DimDiameter:OK
INFO | Candidate: NWB_DimDiameter | Scope=instance | Storage=String | ReadOnly=False | Shared=True | Id=7626172
INFO | Element 13770678 | NWB_DimDiameter | Kind=Shared Parameter | Scope=instance | Storage=String | Old='' | New='32'
ELEMENT | 13770678 | Size='32ø' | Width='' | Height='' | Diameter='32' | Statuses=NWB_DimWidth:SKIP; NWB_DimHeight:SKIP; NWB_DimDiameter:OK
INFO | Candidate: NWB_DimDiameter | Scope=instance | Storage=String | ReadOnly=False | Shared=True | Id=7626172
INFO | Element 13770687 | NWB_DimDiameter | Kind=Shared Parameter | Scope=instance | Storage=String | Old='' | New='32'
ELEMENT | 13770687 | Size='32ø' | Width='' | Height='' | Diameter='32' | Statuses=NWB_DimWidth:SKIP; NWB_DimHeight:SKIP; NWB_DimDiameter:OK
INFO | Candidate: NWB_DimDiameter | Scope=instance | Storage=String | ReadOnly=False | Shared=True | Id=7626172
INFO | Element 13771359 | NWB_DimDiameter | Kind=Shared Parameter | Scope=instance | Storage=String | Old='' | New='32'
ELEMENT | 13771359 | Size='32ø' | Width='' | Height='' | Diameter='32' | Statuses=NWB_DimWidth:SKIP; NWB_DimHeight:SKIP; NWB_DimDiameter:OK
INFO | Candidate: NWB_DimDiameter | Scope=instance | Storage=String | ReadOnly=False | Shared=True | Id=7626172
INFO | Element 13771691 | NWB_DimDiameter | Kind=Shared Parameter | Scope=instance | Storage=String | Old='' | New='32'
ELEMENT | 13771691 | Size='32ø' | Width='' | Height='' | Diameter='32' | Statuses=NWB_DimWidth:SKIP; NWB_DimHeight:SKIP; NWB_DimDiameter:OK
INFO | Candidate: NWB_DimDiameter | Scope=instance | Storage=String | ReadOnly=False | Shared=True | Id=7626172
INFO | Element 13771704 | NWB_DimDiameter | Kind=Shared Parameter | Scope=instance | Storage=String | Old='' | New='32'
ELEMENT | 13771704 | Size='32ø' | Width='' | Height='' | Diameter='32' | Statuses=NWB_DimWidth:SKIP; NWB_DimHeight:SKIP; NWB_DimDiameter:OK
INFO | Candidate: NWB_DimDiameter | Scope=instance | Storage=String | ReadOnly=False | Shared=True | Id=7626172
INFO | Element 13771740 | NWB_DimDiameter | Kind=Shared Parameter | Scope=instance | Storage=String | Old='' | New='32'
ELEMENT | 13771740 | Size='32ø' | Width='' | Height='' | Diameter='32' | Statuses=NWB_DimWidth:SKIP; NWB_DimHeight:SKIP; NWB_DimDiameter:OK
INFO | Candidate: NWB_DimDiameter | Scope=instance | Storage=String | ReadOnly=False | Shared=True | Id=7626172
INFO | Element 13771748 | NWB_DimDiameter | Kind=Shared Parameter | Scope=instance | Storage=String | Old='' | New='32'
ELEMENT | 13771748 | Size='32ø' | Width='' | Height='' | Diameter='32' | Statuses=NWB_DimWidth:SKIP; NWB_DimHeight:SKIP; NWB_DimDiameter:OK
INFO | Candidate: NWB_DimDiameter | Scope=instance | Storage=String | ReadOnly=False | Shared=True | Id=7626172
INFO | Element 13771775 | NWB_DimDiameter | Kind=Shared Parameter | Scope=instance | Storage=String | Old='' | New='32'
ELEMENT | 13771775 | Size='32ø' | Width='' | Height='' | Diameter='32' | Statuses=NWB_DimWidth:SKIP; NWB_DimHeight:SKIP; NWB_DimDiameter:OK
INFO | Candidate: NWB_DimDiameter | Scope=instance | Storage=String | ReadOnly=False | Shared=True | Id=7626172
INFO | Element 13771815 | NWB_DimDiameter | Kind=Shared Parameter | Scope=instance | Storage=String | Old='' | New='32'
ELEMENT | 13771815 | Size='32ø' | Width='' | Height='' | Diameter='32' | Statuses=NWB_DimWidth:SKIP; NWB_DimHeight:SKIP; NWB_DimDiameter:OK
INFO | Candidate: NWB_DimDiameter | Scope=instance | Storage=String | ReadOnly=False | Shared=True | Id=7626172
INFO | Element 13773269 | NWB_DimDiameter | Kind=Shared Parameter | Scope=instance | Storage=String | Old='' | New='25'
ELEMENT | 13773269 | Size='25ø' | Width='' | Height='' | Diameter='25' | Statuses=NWB_DimWidth:SKIP; NWB_DimHeight:SKIP; NWB_DimDiameter:OK
INFO | Candidate: NWB_DimDiameter | Scope=instance | Storage=String | ReadOnly=False | Shared=True | Id=7626172
INFO | Element 13773272 | NWB_DimDiameter | Kind=Shared Parameter | Scope=instance | Storage=String | Old='' | New='32'
ELEMENT | 13773272 | Size='32ø' | Width='' | Height='' | Diameter='32' | Statuses=NWB_DimWidth:SKIP; NWB_DimHeight:SKIP; NWB_DimDiameter:OK
INFO | Candidate: NWB_DimDiameter | Scope=instance | Storage=String | ReadOnly=False | Shared=True | Id=7626172
INFO | Element 13773692 | NWB_DimDiameter | Kind=Shared Parameter | Scope=instance | Storage=String | Old='' | New='32'
ELEMENT | 13773692 | Size='32ø' | Width='' | Height='' | Diameter='32' | Statuses=NWB_DimWidth:SKIP; NWB_DimHeight:SKIP; NWB_DimDiameter:OK
INFO | Candidate: NWB_DimDiameter | Scope=instance | Storage=String | ReadOnly=False | Shared=True | Id=7626172
INFO | Element 13773731 | NWB_DimDiameter | Kind=Shared Parameter | Scope=instance | Storage=String | Old='' | New='32'
ELEMENT | 13773731 | Size='32ø' | Width='' | Height='' | Diameter='32' | Statuses=NWB_DimWidth:SKIP; NWB_DimHeight:SKIP; NWB_DimDiameter:OK
INFO | Candidate: NWB_DimDiameter | Scope=instance | Storage=String | ReadOnly=False | Shared=True | Id=7626172
INFO | Element 13773738 | NWB_DimDiameter | Kind=Shared Parameter | Scope=instance | Storage=String | Old='' | New='32'
ELEMENT | 13773738 | Size='32ø' | Width='' | Height='' | Diameter='32' | Statuses=NWB_DimWidth:SKIP; NWB_DimHeight:SKIP; NWB_DimDiameter:OK
INFO | Candidate: NWB_DimDiameter | Scope=instance | Storage=String | ReadOnly=False | Shared=True | Id=7626172
INFO | Element 13773764 | NWB_DimDiameter | Kind=Shared Parameter | Scope=instance | Storage=String | Old='' | New='32'
ELEMENT | 13773764 | Size='32ø' | Width='' | Height='' | Diameter='32' | Statuses=NWB_DimWidth:SKIP; NWB_DimHeight:SKIP; NWB_DimDiameter:OK
INFO | Candidate: NWB_DimDiameter | Scope=instance | Storage=String | ReadOnly=False | Shared=True | Id=7626172
INFO | Element 13773792 | NWB_DimDiameter | Kind=Shared Parameter | Scope=instance | Storage=String | Old='' | New='32'
ELEMENT | 13773792 | Size='32ø' | Width='' | Height='' | Diameter='32' | Statuses=NWB_DimWidth:SKIP; NWB_DimHeight:SKIP; NWB_DimDiameter:OK
INFO | Candidate: NWB_DimDiameter | Scope=instance | Storage=String | ReadOnly=False | Shared=True | Id=7626172
INFO | Element 13773800 | NWB_DimDiameter | Kind=Shared Parameter | Scope=instance | Storage=String | Old='' | New='32'
ELEMENT | 13773800 | Size='32ø' | Width='' | Height='' | Diameter='32' | Statuses=NWB_DimWidth:SKIP; NWB_DimHeight:SKIP; NWB_DimDiameter:OK
INFO | Candidate: NWB_DimDiameter | Scope=instance | Storage=String | ReadOnly=False | Shared=True | Id=7626172
INFO | Element 13773809 | NWB_DimDiameter | Kind=Shared Parameter | Scope=instance | Storage=String | Old='' | New='32'
ELEMENT | 13773809 | Size='32ø' | Width='' | Height='' | Diameter='32' | Statuses=NWB_DimWidth:SKIP; NWB_DimHeight:SKIP; NWB_DimDiameter:OK
INFO | Candidate: NWB_DimDiameter | Scope=instance | Storage=String | ReadOnly=False | Shared=True | Id=7626172
INFO | Element 13773812 | NWB_DimDiameter | Kind=Shared Parameter | Scope=instance | Storage=String | Old='' | New='32'
ELEMENT | 13773812 | Size='32ø' | Width='' | Height='' | Diameter='32' | Statuses=NWB_DimWidth:SKIP; NWB_DimHeight:SKIP; NWB_DimDiameter:OK
INFO | Candidate: NWB_DimDiameter | Scope=instance | Storage=String | ReadOnly=False | Shared=True | Id=7626172
INFO | Element 13773855 | NWB_DimDiameter | Kind=Shared Parameter | Scope=instance | Storage=String | Old='' | New='32'
ELEMENT | 13773855 | Size='32ø' | Width='' | Height='' | Diameter='32' | Statuses=NWB_DimWidth:SKIP; NWB_DimHeight:SKIP; NWB_DimDiameter:OK
INFO | Candidate: NWB_DimDiameter | Scope=instance | Storage=String | ReadOnly=False | Shared=True | Id=7626172
INFO | Element 13773858 | NWB_DimDiameter | Kind=Shared Parameter | Scope=instance | Storage=String | Old='' | New='32'
ELEMENT | 13773858 | Size='32ø' | Width='' | Height='' | Diameter='32' | Statuses=NWB_DimWidth:SKIP; NWB_DimHeight:SKIP; NWB_DimDiameter:OK
INFO | Candidate: NWB_DimDiameter | Scope=instance | Storage=String | ReadOnly=False | Shared=True | Id=7626172
INFO | Element 13774025 | NWB_DimDiameter | Kind=Shared Parameter | Scope=instance | Storage=String | Old='' | New='32'
ELEMENT | 13774025 | Size='32ø' | Width='' | Height='' | Diameter='32' | Statuses=NWB_DimWidth:SKIP; NWB_DimHeight:SKIP; NWB_DimDiameter:OK
INFO | Candidate: NWB_DimDiameter | Scope=instance | Storage=String | ReadOnly=False | Shared=True | Id=7626172
INFO | Element 13774082 | NWB_DimDiameter | Kind=Shared Parameter | Scope=instance | Storage=String | Old='' | New='32'
ELEMENT | 13774082 | Size='32ø' | Width='' | Height='' | Diameter='32' | Statuses=NWB_DimWidth:SKIP; NWB_DimHeight:SKIP; NWB_DimDiameter:OK
INFO | Candidate: NWB_DimDiameter | Scope=instance | Storage=String | ReadOnly=False | Shared=True | Id=7626172
INFO | Element 14024628 | NWB_DimDiameter | Kind=Shared Parameter | Scope=instance | Storage=String | Old='' | New='25'
ELEMENT | 14024628 | Size='25ø' | Width='' | Height='' | Diameter='25' | Statuses=NWB_DimWidth:SKIP; NWB_DimHeight:SKIP; NWB_DimDiameter:OK
INFO | Candidate: NWB_DimDiameter | Scope=instance | Storage=String | ReadOnly=False | Shared=True | Id=7626172
INFO | Element 14028781 | NWB_DimDiameter | Kind=Shared Parameter | Scope=instance | Storage=String | Old='' | New='25'
ELEMENT | 14028781 | Size='25ø' | Width='' | Height='' | Diameter='25' | Statuses=NWB_DimWidth:SKIP; NWB_DimHeight:SKIP; NWB_DimDiameter:OK
INFO | Candidate: NWB_DimDiameter | Scope=instance | Storage=String | ReadOnly=False | Shared=True | Id=7626172
INFO | Element 14029379 | NWB_DimDiameter | Kind=Shared Parameter | Scope=instance | Storage=String | Old='' | New='32'
ELEMENT | 14029379 | Size='32ø' | Width='' | Height='' | Diameter='32' | Statuses=NWB_DimWidth:SKIP; NWB_DimHeight:SKIP; NWB_DimDiameter:OK
INFO | Candidate: NWB_DimDiameter | Scope=instance | Storage=String | ReadOnly=False | Shared=True | Id=7626172
INFO | Element 14029388 | NWB_DimDiameter | Kind=Shared Parameter | Scope=instance | Storage=String | Old='' | New='32'
ELEMENT | 14029388 | Size='32ø' | Width='' | Height='' | Diameter='32' | Statuses=NWB_DimWidth:SKIP; NWB_DimHeight:SKIP; NWB_DimDiameter:OK
INFO | Candidate: NWB_DimDiameter | Scope=instance | Storage=String | ReadOnly=False | Shared=True | Id=7626172
INFO | Element 14029424 | NWB_DimDiameter | Kind=Shared Parameter | Scope=instance | Storage=String | Old='' | New='25'
ELEMENT | 14029424 | Size='25ø' | Width='' | Height='' | Diameter='25' | Statuses=NWB_DimWidth:SKIP; NWB_DimHeight:SKIP; NWB_DimDiameter:OK
INFO | Candidate: NWB_DimDiameter | Scope=instance | Storage=String | ReadOnly=False | Shared=True | Id=7626172
INFO | Element 14030234 | NWB_DimDiameter | Kind=Shared Parameter | Scope=instance | Storage=String | Old='' | New='32'
ELEMENT | 14030234 | Size='32ø' | Width='' | Height='' | Diameter='32' | Statuses=NWB_DimWidth:SKIP; NWB_DimHeight:SKIP; NWB_DimDiameter:OK
INFO | Candidate: NWB_DimDiameter | Scope=instance | Storage=String | ReadOnly=False | Shared=True | Id=7626172
INFO | Element 14030268 | NWB_DimDiameter | Kind=Shared Parameter | Scope=instance | Storage=String | Old='' | New='32'
ELEMENT | 14030268 | Size='32ø' | Width='' | Height='' | Diameter='32' | Statuses=NWB_DimWidth:SKIP; NWB_DimHeight:SKIP; NWB_DimDiameter:OK
INFO | Candidate: NWB_DimDiameter | Scope=instance | Storage=String | ReadOnly=False | Shared=True | Id=7626172
INFO | Element 14030278 | NWB_DimDiameter | Kind=Shared Parameter | Scope=instance | Storage=String | Old='' | New='32'
ELEMENT | 14030278 | Size='32ø' | Width='' | Height='' | Diameter='32' | Statuses=NWB_DimWidth:SKIP; NWB_DimHeight:SKIP; NWB_DimDiameter:OK
INFO | Candidate: NWB_DimDiameter | Scope=instance | Storage=String | ReadOnly=False | Shared=True | Id=7626172
INFO | Element 14030303 | NWB_DimDiameter | Kind=Shared Parameter | Scope=instance | Storage=String | Old='' | New='32'
ELEMENT | 14030303 | Size='32ø' | Width='' | Height='' | Diameter='32' | Statuses=NWB_DimWidth:SKIP; NWB_DimHeight:SKIP; NWB_DimDiameter:OK
INFO | Candidate: NWB_DimDiameter | Scope=instance | Storage=String | ReadOnly=False | Shared=True | Id=7626172
INFO | Element 14030313 | NWB_DimDiameter | Kind=Shared Parameter | Scope=instance | Storage=String | Old='' | New='32'
ELEMENT | 14030313 | Size='32ø' | Width='' | Height='' | Diameter='32' | Statuses=NWB_DimWidth:SKIP; NWB_DimHeight:SKIP; NWB_DimDiameter:OK
INFO | Candidate: NWB_DimDiameter | Scope=instance | Storage=String | ReadOnly=False | Shared=True | Id=7626172
INFO | Element 14030367 | NWB_DimDiameter | Kind=Shared Parameter | Scope=instance | Storage=String | Old='' | New='32'
ELEMENT | 14030367 | Size='32ø' | Width='' | Height='' | Diameter='32' | Statuses=NWB_DimWidth:SKIP; NWB_DimHeight:SKIP; NWB_DimDiameter:OK
INFO | Candidate: NWB_DimDiameter | Scope=instance | Storage=String | ReadOnly=False | Shared=True | Id=7626172
INFO | Element 14030407 | NWB_DimDiameter | Kind=Shared Parameter | Scope=instance | Storage=String | Old='' | New='32'
ELEMENT | 14030407 | Size='32ø' | Width='' | Height='' | Diameter='32' | Statuses=NWB_DimWidth:SKIP; NWB_DimHeight:SKIP; NWB_DimDiameter:OK
INFO | Candidate: NWB_DimDiameter | Scope=instance | Storage=String | ReadOnly=False | Shared=True | Id=7626172
INFO | Element 14030434 | NWB_DimDiameter | Kind=Shared Parameter | Scope=instance | Storage=String | Old='' | New='32'
ELEMENT | 14030434 | Size='32ø' | Width='' | Height='' | Diameter='32' | Statuses=NWB_DimWidth:SKIP; NWB_DimHeight:SKIP; NWB_DimDiameter:OK
INFO | Candidate: NWB_DimDiameter | Scope=instance | Storage=String | ReadOnly=False | Shared=True | Id=7626172
INFO | Element 14030446 | NWB_DimDiameter | Kind=Shared Parameter | Scope=instance | Storage=String | Old='' | New='32'
ELEMENT | 14030446 | Size='32ø' | Width='' | Height='' | Diameter='32' | Statuses=NWB_DimWidth:SKIP; NWB_DimHeight:SKIP; NWB_DimDiameter:OK
INFO | Candidate: NWB_DimDiameter | Scope=instance | Storage=String | ReadOnly=False | Shared=True | Id=7626172
INFO | Element 14030477 | NWB_DimDiameter | Kind=Shared Parameter | Scope=instance | Storage=String | Old='' | New='32'
ELEMENT | 14030477 | Size='32ø' | Width='' | Height='' | Diameter='32' | Statuses=NWB_DimWidth:SKIP; NWB_DimHeight:SKIP; NWB_DimDiameter:OK
INFO | Candidate: NWB_DimDiameter | Scope=instance | Storage=String | ReadOnly=False | Shared=True | Id=7626172
INFO | Element 14030487 | NWB_DimDiameter | Kind=Shared Parameter | Scope=instance | Storage=String | Old='' | New='32'
ELEMENT | 14030487 | Size='32ø' | Width='' | Height='' | Diameter='32' | Statuses=NWB_DimWidth:SKIP; NWB_DimHeight:SKIP; NWB_DimDiameter:OK
INFO | Candidate: NWB_DimDiameter | Scope=instance | Storage=String | ReadOnly=False | Shared=True | Id=7626172
INFO | Element 14030643 | NWB_DimDiameter | Kind=Shared Parameter | Scope=instance | Storage=String | Old='' | New='25'
ELEMENT | 14030643 | Size='25ø' | Width='' | Height='' | Diameter='25' | Statuses=NWB_DimWidth:SKIP; NWB_DimHeight:SKIP; NWB_DimDiameter:OK
INFO | Candidate: NWB_DimDiameter | Scope=instance | Storage=String | ReadOnly=False | Shared=True | Id=7626172
INFO | Element 14030670 | NWB_DimDiameter | Kind=Shared Parameter | Scope=instance | Storage=String | Old='' | New='25'
ELEMENT | 14030670 | Size='25ø' | Width='' | Height='' | Diameter='25' | Statuses=NWB_DimWidth:SKIP; NWB_DimHeight:SKIP; NWB_DimDiameter:OK
INFO | Candidate: NWB_DimDiameter | Scope=instance | Storage=String | ReadOnly=False | Shared=True | Id=7626172
INFO | Element 14030731 | NWB_DimDiameter | Kind=Shared Parameter | Scope=instance | Storage=String | Old='' | New='25'
ELEMENT | 14030731 | Size='25ø' | Width='' | Height='' | Diameter='25' | Statuses=NWB_DimWidth:SKIP; NWB_DimHeight:SKIP; NWB_DimDiameter:OK
INFO | Candidate: NWB_DimDiameter | Scope=instance | Storage=String | ReadOnly=False | Shared=True | Id=7626172
INFO | Element 14030885 | NWB_DimDiameter | Kind=Shared Parameter | Scope=instance | Storage=String | Old='' | New='32'
ELEMENT | 14030885 | Size='32ø' | Width='' | Height='' | Diameter='32' | Statuses=NWB_DimWidth:SKIP; NWB_DimHeight:SKIP; NWB_DimDiameter:OK
INFO | Candidate: NWB_DimDiameter | Scope=instance | Storage=String | ReadOnly=False | Shared=True | Id=7626172
INFO | Element 14030941 | NWB_DimDiameter | Kind=Shared Parameter | Scope=instance | Storage=String | Old='' | New='25'
ELEMENT | 14030941 | Size='25ø' | Width='' | Height='' | Diameter='25' | Statuses=NWB_DimWidth:SKIP; NWB_DimHeight:SKIP; NWB_DimDiameter:OK
INFO | Candidate: NWB_DimDiameter | Scope=instance | Storage=String | ReadOnly=False | Shared=True | Id=7626172
INFO | Element 14030989 | NWB_DimDiameter | Kind=Shared Parameter | Scope=instance | Storage=String | Old='' | New='32'
ELEMENT | 14030989 | Size='32ø' | Width='' | Height='' | Diameter='32' | Statuses=NWB_DimWidth:SKIP; NWB_DimHeight:SKIP; NWB_DimDiameter:OK
INFO | Candidate: NWB_DimDiameter | Scope=instance | Storage=String | ReadOnly=False | Shared=True | Id=7626172
INFO | Element 14031035 | NWB_DimDiameter | Kind=Shared Parameter | Scope=instance | Storage=String | Old='' | New='25'
ELEMENT | 14031035 | Size='25ø' | Width='' | Height='' | Diameter='25' | Statuses=NWB_DimWidth:SKIP; NWB_DimHeight:SKIP; NWB_DimDiameter:OK
INFO | Candidate: NWB_DimDiameter | Scope=instance | Storage=String | ReadOnly=False | Shared=True | Id=7626172
INFO | Element 14031057 | NWB_DimDiameter | Kind=Shared Parameter | Scope=instance | Storage=String | Old='' | New='25'
ELEMENT | 14031057 | Size='25ø' | Width='' | Height='' | Diameter='25' | Statuses=NWB_DimWidth:SKIP; NWB_DimHeight:SKIP; NWB_DimDiameter:OK
INFO | Candidate: NWB_DimDiameter | Scope=instance | Storage=String | ReadOnly=False | Shared=True | Id=7626172
INFO | Element 14031077 | NWB_DimDiameter | Kind=Shared Parameter | Scope=instance | Storage=String | Old='' | New='25'
ELEMENT | 14031077 | Size='25ø' | Width='' | Height='' | Diameter='25' | Statuses=NWB_DimWidth:SKIP; NWB_DimHeight:SKIP; NWB_DimDiameter:OK
INFO | Candidate: NWB_DimDiameter | Scope=instance | Storage=String | ReadOnly=False | Shared=True | Id=7626172
INFO | Element 14031124 | NWB_DimDiameter | Kind=Shared Parameter | Scope=instance | Storage=String | Old='' | New='25'
ELEMENT | 14031124 | Size='25ø' | Width='' | Height='' | Diameter='25' | Statuses=NWB_DimWidth:SKIP; NWB_DimHeight:SKIP; NWB_DimDiameter:OK
INFO | Candidate: NWB_DimDiameter | Scope=instance | Storage=String | ReadOnly=False | Shared=True | Id=7626172
INFO | Element 14031211 | NWB_DimDiameter | Kind=Shared Parameter | Scope=instance | Storage=String | Old='' | New='25'
ELEMENT | 14031211 | Size='25ø' | Width='' | Height='' | Diameter='25' | Statuses=NWB_DimWidth:SKIP; NWB_DimHeight:SKIP; NWB_DimDiameter:OK
INFO | Candidate: NWB_DimDiameter | Scope=instance | Storage=String | ReadOnly=False | Shared=True | Id=7626172
INFO | Element 14031250 | NWB_DimDiameter | Kind=Shared Parameter | Scope=instance | Storage=String | Old='' | New='25'
ELEMENT | 14031250 | Size='25ø' | Width='' | Height='' | Diameter='25' | Statuses=NWB_DimWidth:SKIP; NWB_DimHeight:SKIP; NWB_DimDiameter:OK
INFO | Candidate: NWB_DimDiameter | Scope=instance | Storage=String | ReadOnly=False | Shared=True | Id=7626172
INFO | Element 14034117 | NWB_DimDiameter | Kind=Shared Parameter | Scope=instance | Storage=String | Old='' | New='25'
ELEMENT | 14034117 | Size='25ø' | Width='' | Height='' | Diameter='25' | Statuses=NWB_DimWidth:SKIP; NWB_DimHeight:SKIP; NWB_DimDiameter:OK
INFO | Candidate: NWB_DimDiameter | Scope=instance | Storage=String | ReadOnly=False | Shared=True | Id=7626172
INFO | Element 14034121 | NWB_DimDiameter | Kind=Shared Parameter | Scope=instance | Storage=String | Old='' | New='32'
ELEMENT | 14034121 | Size='32ø' | Width='' | Height='' | Diameter='32' | Statuses=NWB_DimWidth:SKIP; NWB_DimHeight:SKIP; NWB_DimDiameter:OK
INFO | Candidate: NWB_DimDiameter | Scope=instance | Storage=String | ReadOnly=False | Shared=True | Id=7626172
INFO | Element 14034134 | NWB_DimDiameter | Kind=Shared Parameter | Scope=instance | Storage=String | Old='' | New='25'
ELEMENT | 14034134 | Size='25ø' | Width='' | Height='' | Diameter='25' | Statuses=NWB_DimWidth:SKIP; NWB_DimHeight:SKIP; NWB_DimDiameter:OK
INFO | Candidate: NWB_DimDiameter | Scope=instance | Storage=String | ReadOnly=False | Shared=True | Id=7626172
INFO | Element 14034139 | NWB_DimDiameter | Kind=Shared Parameter | Scope=instance | Storage=String | Old='' | New='25'
ELEMENT | 14034139 | Size='25ø' | Width='' | Height='' | Diameter='25' | Statuses=NWB_DimWidth:SKIP; NWB_DimHeight:SKIP; NWB_DimDiameter:OK
INFO | Candidate: NWB_DimDiameter | Scope=instance | Storage=String | ReadOnly=False | Shared=True | Id=7626172
INFO | Element 14034142 | NWB_DimDiameter | Kind=Shared Parameter | Scope=instance | Storage=String | Old='' | New='25'
ELEMENT | 14034142 | Size='25ø' | Width='' | Height='' | Diameter='25' | Statuses=NWB_DimWidth:SKIP; NWB_DimHeight:SKIP; NWB_DimDiameter:OK
INFO | Candidate: NWB_DimDiameter | Scope=instance | Storage=String | ReadOnly=False | Shared=True | Id=7626172
INFO | Element 14034231 | NWB_DimDiameter | Kind=Shared Parameter | Scope=instance | Storage=String | Old='' | New='25'
ELEMENT | 14034231 | Size='25ø' | Width='' | Height='' | Diameter='25' | Statuses=NWB_DimWidth:SKIP; NWB_DimHeight:SKIP; NWB_DimDiameter:OK
INFO | Candidate: NWB_DimDiameter | Scope=instance | Storage=String | ReadOnly=False | Shared=True | Id=7626172
INFO | Element 14034279 | NWB_DimDiameter | Kind=Shared Parameter | Scope=instance | Storage=String | Old='' | New='32'
ELEMENT | 14034279 | Size='32ø' | Width='' | Height='' | Diameter='32' | Statuses=NWB_DimWidth:SKIP; NWB_DimHeight:SKIP; NWB_DimDiameter:OK
INFO | Transaction Status = Committed
WARN | Regenerate after commit failed: Modification of the document is forbidden.  Typically, this is because there is no open transaction;  consult documentation for Document.IsModified for other possible causes.
CHUNK COMMIT | Status=Committed | Processed=240
INFO | VERIFY OK | Element 11591313 | Parameter=NWB_DimDiameter | Kind=Shared Parameter | Scope=instance | Id=7626172 | Actual='160'
INFO | VERIFY OK | Element 11591320 | Parameter=NWB_DimDiameter | Kind=Shared Parameter | Scope=instance | Id=7626172 | Actual='160'
INFO | VERIFY OK | Element 11591326 | Parameter=NWB_DimDiameter | Kind=Shared Parameter | Scope=instance | Id=7626172 | Actual='160'
INFO | VERIFY OK | Element 11610353 | Parameter=NWB_DimDiameter | Kind=Shared Parameter | Scope=instance | Id=7626172 | Actual='160'
INFO | VERIFY OK | Element 13367313 | Parameter=NWB_DimDiameter | Kind=Shared Parameter | Scope=instance | Id=7626172 | Actual='50'
INFO | VERIFY OK | Element 13368633 | Parameter=NWB_DimDiameter | Kind=Shared Parameter | Scope=instance | Id=7626172 | Actual='25'
INFO | VERIFY OK | Element 13368679 | Parameter=NWB_DimDiameter | Kind=Shared Parameter | Scope=instance | Id=7626172 | Actual='25'
INFO | VERIFY OK | Element 13369313 | Parameter=NWB_DimDiameter | Kind=Shared Parameter | Scope=instance | Id=7626172 | Actual='25'
INFO | VERIFY OK | Element 13369345 | Parameter=NWB_DimDiameter | Kind=Shared Parameter | Scope=instance | Id=7626172 | Actual='25'
INFO | VERIFY OK | Element 13369355 | Parameter=NWB_DimDiameter | Kind=Shared Parameter | Scope=instance | Id=7626172 | Actual='25'
INFO | VERIFY OK | Element 13433509 | Parameter=NWB_DimDiameter | Kind=Shared Parameter | Scope=instance | Id=7626172 | Actual='25'
INFO | VERIFY OK | Element 13513407 | Parameter=NWB_DimDiameter | Kind=Shared Parameter | Scope=instance | Id=7626172 | Actual='32'
INFO | VERIFY OK | Element 13641789 | Parameter=NWB_DimDiameter | Kind=Shared Parameter | Scope=instance | Id=7626172 | Actual='32'
INFO | VERIFY OK | Element 13641831 | Parameter=NWB_DimDiameter | Kind=Shared Parameter | Scope=instance | Id=7626172 | Actual='32'
INFO | VERIFY OK | Element 13641984 | Parameter=NWB_DimDiameter | Kind=Shared Parameter | Scope=instance | Id=7626172 | Actual='32'
INFO | VERIFY OK | Element 13642372 | Parameter=NWB_DimDiameter | Kind=Shared Parameter | Scope=instance | Id=7626172 | Actual='25'
INFO | VERIFY OK | Element 13642442 | Parameter=NWB_DimDiameter | Kind=Shared Parameter | Scope=instance | Id=7626172 | Actual='32'
INFO | VERIFY OK | Element 13642459 | Parameter=NWB_DimDiameter | Kind=Shared Parameter | Scope=instance | Id=7626172 | Actual='32'
INFO | VERIFY OK | Element 13642576 | Parameter=NWB_DimDiameter | Kind=Shared Parameter | Scope=instance | Id=7626172 | Actual='25'
INFO | VERIFY OK | Element 13642882 | Parameter=NWB_DimDiameter | Kind=Shared Parameter | Scope=instance | Id=7626172 | Actual='32'
INFO | VERIFY OK | Element 13642938 | Parameter=NWB_DimDiameter | Kind=Shared Parameter | Scope=instance | Id=7626172 | Actual='25'
INFO | VERIFY OK | Element 13642941 | Parameter=NWB_DimDiameter | Kind=Shared Parameter | Scope=instance | Id=7626172 | Actual='25'
INFO | VERIFY OK | Element 13643007 | Parameter=NWB_DimDiameter | Kind=Shared Parameter | Scope=instance | Id=7626172 | Actual='25'
INFO | VERIFY OK | Element 13643017 | Parameter=NWB_DimDiameter | Kind=Shared Parameter | Scope=instance | Id=7626172 | Actual='25'
INFO | VERIFY OK | Element 13643072 | Parameter=NWB_DimDiameter | Kind=Shared Parameter | Scope=instance | Id=7626172 | Actual='25'
INFO | VERIFY OK | Element 13643082 | Parameter=NWB_DimDiameter | Kind=Shared Parameter | Scope=instance | Id=7626172 | Actual='25'
INFO | VERIFY OK | Element 13643189 | Parameter=NWB_DimDiameter | Kind=Shared Parameter | Scope=instance | Id=7626172 | Actual='25'
INFO | VERIFY OK | Element 13643325 | Parameter=NWB_DimDiameter | Kind=Shared Parameter | Scope=instance | Id=7626172 | Actual='32'
INFO | VERIFY OK | Element 13643368 | Parameter=NWB_DimDiameter | Kind=Shared Parameter | Scope=instance | Id=7626172 | Actual='25'
INFO | VERIFY OK | Element 13643721 | Parameter=NWB_DimDiameter | Kind=Shared Parameter | Scope=instance | Id=7626172 | Actual='32'
INFO | VERIFY OK | Element 13643736 | Parameter=NWB_DimDiameter | Kind=Shared Parameter | Scope=instance | Id=7626172 | Actual='25'
INFO | VERIFY OK | Element 13643753 | Parameter=NWB_DimDiameter | Kind=Shared Parameter | Scope=instance | Id=7626172 | Actual='25'
INFO | VERIFY OK | Element 13645866 | Parameter=NWB_DimDiameter | Kind=Shared Parameter | Scope=instance | Id=7626172 | Actual='32'
INFO | VERIFY OK | Element 13647390 | Parameter=NWB_DimDiameter | Kind=Shared Parameter | Scope=instance | Id=7626172 | Actual='50'
INFO | VERIFY OK | Element 13647615 | Parameter=NWB_DimDiameter | Kind=Shared Parameter | Scope=instance | Id=7626172 | Actual='50'
INFO | VERIFY OK | Element 13648074 | Parameter=NWB_DimDiameter | Kind=Shared Parameter | Scope=instance | Id=7626172 | Actual='50'
INFO | VERIFY OK | Element 13648076 | Parameter=NWB_DimDiameter | Kind=Shared Parameter | Scope=instance | Id=7626172 | Actual='50'
INFO | VERIFY OK | Element 13648203 | Parameter=NWB_DimDiameter | Kind=Shared Parameter | Scope=instance | Id=7626172 | Actual='50'
INFO | VERIFY OK | Element 13648767 | Parameter=NWB_DimDiameter | Kind=Shared Parameter | Scope=instance | Id=7626172 | Actual='40'
INFO | VERIFY OK | Element 13648886 | Parameter=NWB_DimDiameter | Kind=Shared Parameter | Scope=instance | Id=7626172 | Actual='40'
INFO | VERIFY OK | Element 13648935 | Parameter=NWB_DimDiameter | Kind=Shared Parameter | Scope=instance | Id=7626172 | Actual='40'
INFO | VERIFY OK | Element 13649184 | Parameter=NWB_DimDiameter | Kind=Shared Parameter | Scope=instance | Id=7626172 | Actual='40'
INFO | VERIFY OK | Element 13676226 | Parameter=NWB_DimDiameter | Kind=Shared Parameter | Scope=instance | Id=7626172 | Actual='50'
INFO | VERIFY OK | Element 13676353 | Parameter=NWB_DimDiameter | Kind=Shared Parameter | Scope=instance | Id=7626172 | Actual='25'
INFO | VERIFY OK | Element 13676362 | Parameter=NWB_DimDiameter | Kind=Shared Parameter | Scope=instance | Id=7626172 | Actual='25'
INFO | VERIFY OK | Element 13676372 | Parameter=NWB_DimDiameter | Kind=Shared Parameter | Scope=instance | Id=7626172 | Actual='25'
INFO | VERIFY OK | Element 13678073 | Parameter=NWB_DimDiameter | Kind=Shared Parameter | Scope=instance | Id=7626172 | Actual='25'
INFO | VERIFY OK | Element 13678796 | Parameter=NWB_DimDiameter | Kind=Shared Parameter | Scope=instance | Id=7626172 | Actual='32'
INFO | VERIFY OK | Element 13688550 | Parameter=NWB_DimDiameter | Kind=Shared Parameter | Scope=instance | Id=7626172 | Actual='50'
INFO | VERIFY OK | Element 13688805 | Parameter=NWB_DimDiameter | Kind=Shared Parameter | Scope=instance | Id=7626172 | Actual='50'
INFO | VERIFY OK | Element 13692921 | Parameter=NWB_DimDiameter | Kind=Shared Parameter | Scope=instance | Id=7626172 | Actual='32'
INFO | VERIFY OK | Element 13693783 | Parameter=NWB_DimDiameter | Kind=Shared Parameter | Scope=instance | Id=7626172 | Actual='40'
INFO | VERIFY OK | Element 13693796 | Parameter=NWB_DimDiameter | Kind=Shared Parameter | Scope=instance | Id=7626172 | Actual='40'
INFO | VERIFY OK | Element 13693848 | Parameter=NWB_DimDiameter | Kind=Shared Parameter | Scope=instance | Id=7626172 | Actual='40'
INFO | VERIFY OK | Element 13755004 | Parameter=NWB_DimDiameter | Kind=Shared Parameter | Scope=instance | Id=7626172 | Actual='25'
INFO | VERIFY OK | Element 13755018 | Parameter=NWB_DimDiameter | Kind=Shared Parameter | Scope=instance | Id=7626172 | Actual='25'
INFO | VERIFY OK | Element 13770612 | Parameter=NWB_DimDiameter | Kind=Shared Parameter | Scope=instance | Id=7626172 | Actual='32'
INFO | VERIFY OK | Element 13770616 | Parameter=NWB_DimDiameter | Kind=Shared Parameter | Scope=instance | Id=7626172 | Actual='32'
INFO | VERIFY OK | Element 13770678 | Parameter=NWB_DimDiameter | Kind=Shared Parameter | Scope=instance | Id=7626172 | Actual='32'
INFO | VERIFY OK | Element 13770687 | Parameter=NWB_DimDiameter | Kind=Shared Parameter | Scope=instance | Id=7626172 | Actual='32'
INFO | VERIFY OK | Element 13771359 | Parameter=NWB_DimDiameter | Kind=Shared Parameter | Scope=instance | Id=7626172 | Actual='32'
INFO | VERIFY OK | Element 13771691 | Parameter=NWB_DimDiameter | Kind=Shared Parameter | Scope=instance | Id=7626172 | Actual='32'
INFO | VERIFY OK | Element 13771704 | Parameter=NWB_DimDiameter | Kind=Shared Parameter | Scope=instance | Id=7626172 | Actual='32'
INFO | VERIFY OK | Element 13771740 | Parameter=NWB_DimDiameter | Kind=Shared Parameter | Scope=instance | Id=7626172 | Actual='32'
INFO | VERIFY OK | Element 13771748 | Parameter=NWB_DimDiameter | Kind=Shared Parameter | Scope=instance | Id=7626172 | Actual='32'
INFO | VERIFY OK | Element 13771775 | Parameter=NWB_DimDiameter | Kind=Shared Parameter | Scope=instance | Id=7626172 | Actual='32'
INFO | VERIFY OK | Element 13771815 | Parameter=NWB_DimDiameter | Kind=Shared Parameter | Scope=instance | Id=7626172 | Actual='32'
INFO | VERIFY OK | Element 13773269 | Parameter=NWB_DimDiameter | Kind=Shared Parameter | Scope=instance | Id=7626172 | Actual='25'
INFO | VERIFY OK | Element 13773272 | Parameter=NWB_DimDiameter | Kind=Shared Parameter | Scope=instance | Id=7626172 | Actual='32'
INFO | VERIFY OK | Element 13773692 | Parameter=NWB_DimDiameter | Kind=Shared Parameter | Scope=instance | Id=7626172 | Actual='32'
INFO | VERIFY OK | Element 13773731 | Parameter=NWB_DimDiameter | Kind=Shared Parameter | Scope=instance | Id=7626172 | Actual='32'
INFO | VERIFY OK | Element 13773738 | Parameter=NWB_DimDiameter | Kind=Shared Parameter | Scope=instance | Id=7626172 | Actual='32'
INFO | VERIFY OK | Element 13773764 | Parameter=NWB_DimDiameter | Kind=Shared Parameter | Scope=instance | Id=7626172 | Actual='32'
INFO | VERIFY OK | Element 13773792 | Parameter=NWB_DimDiameter | Kind=Shared Parameter | Scope=instance | Id=7626172 | Actual='32'
INFO | VERIFY OK | Element 13773800 | Parameter=NWB_DimDiameter | Kind=Shared Parameter | Scope=instance | Id=7626172 | Actual='32'
INFO | VERIFY OK | Element 13773809 | Parameter=NWB_DimDiameter | Kind=Shared Parameter | Scope=instance | Id=7626172 | Actual='32'
INFO | VERIFY OK | Element 13773812 | Parameter=NWB_DimDiameter | Kind=Shared Parameter | Scope=instance | Id=7626172 | Actual='32'
INFO | VERIFY OK | Element 13773855 | Parameter=NWB_DimDiameter | Kind=Shared Parameter | Scope=instance | Id=7626172 | Actual='32'
INFO | VERIFY OK | Element 13773858 | Parameter=NWB_DimDiameter | Kind=Shared Parameter | Scope=instance | Id=7626172 | Actual='32'
INFO | VERIFY OK | Element 13774025 | Parameter=NWB_DimDiameter | Kind=Shared Parameter | Scope=instance | Id=7626172 | Actual='32'
INFO | VERIFY OK | Element 13774082 | Parameter=NWB_DimDiameter | Kind=Shared Parameter | Scope=instance | Id=7626172 | Actual='32'
INFO | VERIFY OK | Element 14024628 | Parameter=NWB_DimDiameter | Kind=Shared Parameter | Scope=instance | Id=7626172 | Actual='25'
INFO | VERIFY OK | Element 14028781 | Parameter=NWB_DimDiameter | Kind=Shared Parameter | Scope=instance | Id=7626172 | Actual='25'
INFO | VERIFY OK | Element 14029379 | Parameter=NWB_DimDiameter | Kind=Shared Parameter | Scope=instance | Id=7626172 | Actual='32'
INFO | VERIFY OK | Element 14029388 | Parameter=NWB_DimDiameter | Kind=Shared Parameter | Scope=instance | Id=7626172 | Actual='32'
INFO | VERIFY OK | Element 14029424 | Parameter=NWB_DimDiameter | Kind=Shared Parameter | Scope=instance | Id=7626172 | Actual='25'
INFO | VERIFY OK | Element 14030234 | Parameter=NWB_DimDiameter | Kind=Shared Parameter | Scope=instance | Id=7626172 | Actual='32'
INFO | VERIFY OK | Element 14030268 | Parameter=NWB_DimDiameter | Kind=Shared Parameter | Scope=instance | Id=7626172 | Actual='32'
INFO | VERIFY OK | Element 14030278 | Parameter=NWB_DimDiameter | Kind=Shared Parameter | Scope=instance | Id=7626172 | Actual='32'
INFO | VERIFY OK | Element 14030303 | Parameter=NWB_DimDiameter | Kind=Shared Parameter | Scope=instance | Id=7626172 | Actual='32'
INFO | VERIFY OK | Element 14030313 | Parameter=NWB_DimDiameter | Kind=Shared Parameter | Scope=instance | Id=7626172 | Actual='32'
INFO | VERIFY OK | Element 14030367 | Parameter=NWB_DimDiameter | Kind=Shared Parameter | Scope=instance | Id=7626172 | Actual='32'
INFO | VERIFY OK | Element 14030407 | Parameter=NWB_DimDiameter | Kind=Shared Parameter | Scope=instance | Id=7626172 | Actual='32'
INFO | VERIFY OK | Element 14030434 | Parameter=NWB_DimDiameter | Kind=Shared Parameter | Scope=instance | Id=7626172 | Actual='32'
INFO | VERIFY OK | Element 14030446 | Parameter=NWB_DimDiameter | Kind=Shared Parameter | Scope=instance | Id=7626172 | Actual='32'
INFO | VERIFY OK | Element 14030477 | Parameter=NWB_DimDiameter | Kind=Shared Parameter | Scope=instance | Id=7626172 | Actual='32'
INFO | VERIFY OK | Element 14030487 | Parameter=NWB_DimDiameter | Kind=Shared Parameter | Scope=instance | Id=7626172 | Actual='32'
INFO | VERIFY OK | Element 14030643 | Parameter=NWB_DimDiameter | Kind=Shared Parameter | Scope=instance | Id=7626172 | Actual='25'
INFO | VERIFY OK | Element 14030670 | Parameter=NWB_DimDiameter | Kind=Shared Parameter | Scope=instance | Id=7626172 | Actual='25'
INFO | VERIFY OK | Element 14030731 | Parameter=NWB_DimDiameter | Kind=Shared Parameter | Scope=instance | Id=7626172 | Actual='25'
INFO | VERIFY OK | Element 14030885 | Parameter=NWB_DimDiameter | Kind=Shared Parameter | Scope=instance | Id=7626172 | Actual='32'
INFO | VERIFY OK | Element 14030941 | Parameter=NWB_DimDiameter | Kind=Shared Parameter | Scope=instance | Id=7626172 | Actual='25'
INFO | VERIFY OK | Element 14030989 | Parameter=NWB_DimDiameter | Kind=Shared Parameter | Scope=instance | Id=7626172 | Actual='32'
INFO | VERIFY OK | Element 14031035 | Parameter=NWB_DimDiameter | Kind=Shared Parameter | Scope=instance | Id=7626172 | Actual='25'
INFO | VERIFY OK | Element 14031057 | Parameter=NWB_DimDiameter | Kind=Shared Parameter | Scope=instance | Id=7626172 | Actual='25'
INFO | VERIFY OK | Element 14031077 | Parameter=NWB_DimDiameter | Kind=Shared Parameter | Scope=instance | Id=7626172 | Actual='25'
INFO | VERIFY OK | Element 14031124 | Parameter=NWB_DimDiameter | Kind=Shared Parameter | Scope=instance | Id=7626172 | Actual='25'
INFO | VERIFY OK | Element 14031211 | Parameter=NWB_DimDiameter | Kind=Shared Parameter | Scope=instance | Id=7626172 | Actual='25'
INFO | VERIFY OK | Element 14031250 | Parameter=NWB_DimDiameter | Kind=Shared Parameter | Scope=instance | Id=7626172 | Actual='25'
INFO | VERIFY OK | Element 14034117 | Parameter=NWB_DimDiameter | Kind=Shared Parameter | Scope=instance | Id=7626172 | Actual='25'
INFO | VERIFY OK | Element 14034121 | Parameter=NWB_DimDiameter | Kind=Shared Parameter | Scope=instance | Id=7626172 | Actual='32'
INFO | VERIFY OK | Element 14034134 | Parameter=NWB_DimDiameter | Kind=Shared Parameter | Scope=instance | Id=7626172 | Actual='25'
INFO | VERIFY OK | Element 14034139 | Parameter=NWB_DimDiameter | Kind=Shared Parameter | Scope=instance | Id=7626172 | Actual='25'
INFO | VERIFY OK | Element 14034142 | Parameter=NWB_DimDiameter | Kind=Shared Parameter | Scope=instance | Id=7626172 | Actual='25'
INFO | VERIFY OK | Element 14034231 | Parameter=NWB_DimDiameter | Kind=Shared Parameter | Scope=instance | Id=7626172 | Actual='25'
INFO | VERIFY OK | Element 14034279 | Parameter=NWB_DimDiameter | Kind=Shared Parameter | Scope=instance | Id=7626172 | Actual='32'
INFO | Candidate: NWB_DimDiameter | Scope=instance | Storage=String | ReadOnly=False | Shared=True | Id=7626172
INFO | Element 14034285 | NWB_DimDiameter | Kind=Shared Parameter | Scope=instance | Storage=String | Old='' | New='25'
ELEMENT | 14034285 | Size='25ø' | Width='' | Height='' | Diameter='25' | Statuses=NWB_DimWidth:SKIP; NWB_DimHeight:SKIP; NWB_DimDiameter:OK
INFO | Candidate: NWB_DimDiameter | Scope=instance | Storage=String | ReadOnly=False | Shared=True | Id=7626172
INFO | Element 14034291 | NWB_DimDiameter | Kind=Shared Parameter | Scope=instance | Storage=String | Old='' | New='32'
ELEMENT | 14034291 | Size='32ø' | Width='' | Height='' | Diameter='32' | Statuses=NWB_DimWidth:SKIP; NWB_DimHeight:SKIP; NWB_DimDiameter:OK
INFO | Candidate: NWB_DimDiameter | Scope=instance | Storage=String | ReadOnly=False | Shared=True | Id=7626172
INFO | Element 14034294 | NWB_DimDiameter | Kind=Shared Parameter | Scope=instance | Storage=String | Old='' | New='32'
ELEMENT | 14034294 | Size='32ø' | Width='' | Height='' | Diameter='32' | Statuses=NWB_DimWidth:SKIP; NWB_DimHeight:SKIP; NWB_DimDiameter:OK
INFO | Candidate: NWB_DimDiameter | Scope=instance | Storage=String | ReadOnly=False | Shared=True | Id=7626172
INFO | Element 14034308 | NWB_DimDiameter | Kind=Shared Parameter | Scope=instance | Storage=String | Old='' | New='32'
ELEMENT | 14034308 | Size='32ø' | Width='' | Height='' | Diameter='32' | Statuses=NWB_DimWidth:SKIP; NWB_DimHeight:SKIP; NWB_DimDiameter:OK
INFO | Candidate: NWB_DimDiameter | Scope=instance | Storage=String | ReadOnly=False | Shared=True | Id=7626172
INFO | Element 14034311 | NWB_DimDiameter | Kind=Shared Parameter | Scope=instance | Storage=String | Old='' | New='32'
ELEMENT | 14034311 | Size='32ø' | Width='' | Height='' | Diameter='32' | Statuses=NWB_DimWidth:SKIP; NWB_DimHeight:SKIP; NWB_DimDiameter:OK
INFO | Candidate: NWB_DimDiameter | Scope=instance | Storage=String | ReadOnly=False | Shared=True | Id=7626172
INFO | Element 14045054 | NWB_DimDiameter | Kind=Shared Parameter | Scope=instance | Storage=String | Old='' | New='32'
ELEMENT | 14045054 | Size='32ø' | Width='' | Height='' | Diameter='32' | Statuses=NWB_DimWidth:SKIP; NWB_DimHeight:SKIP; NWB_DimDiameter:OK
INFO | Candidate: NWB_DimDiameter | Scope=instance | Storage=String | ReadOnly=False | Shared=True | Id=7626172
INFO | Element 14045080 | NWB_DimDiameter | Kind=Shared Parameter | Scope=instance | Storage=String | Old='' | New='32'
ELEMENT | 14045080 | Size='32ø' | Width='' | Height='' | Diameter='32' | Statuses=NWB_DimWidth:SKIP; NWB_DimHeight:SKIP; NWB_DimDiameter:OK
INFO | Candidate: NWB_DimDiameter | Scope=instance | Storage=String | ReadOnly=False | Shared=True | Id=7626172
INFO | Element 14045091 | NWB_DimDiameter | Kind=Shared Parameter | Scope=instance | Storage=String | Old='' | New='32'
ELEMENT | 14045091 | Size='32ø' | Width='' | Height='' | Diameter='32' | Statuses=NWB_DimWidth:SKIP; NWB_DimHeight:SKIP; NWB_DimDiameter:OK
INFO | Candidate: NWB_DimDiameter | Scope=instance | Storage=String | ReadOnly=False | Shared=True | Id=7626172
INFO | Element 14045119 | NWB_DimDiameter | Kind=Shared Parameter | Scope=instance | Storage=String | Old='' | New='32'
ELEMENT | 14045119 | Size='32ø' | Width='' | Height='' | Diameter='32' | Statuses=NWB_DimWidth:SKIP; NWB_DimHeight:SKIP; NWB_DimDiameter:OK
INFO | Candidate: NWB_DimDiameter | Scope=instance | Storage=String | ReadOnly=False | Shared=True | Id=7626172
INFO | Element 14045122 | NWB_DimDiameter | Kind=Shared Parameter | Scope=instance | Storage=String | Old='' | New='32'
ELEMENT | 14045122 | Size='32ø' | Width='' | Height='' | Diameter='32' | Statuses=NWB_DimWidth:SKIP; NWB_DimHeight:SKIP; NWB_DimDiameter:OK
INFO | Candidate: NWB_DimDiameter | Scope=instance | Storage=String | ReadOnly=False | Shared=True | Id=7626172
INFO | Element 14045148 | NWB_DimDiameter | Kind=Shared Parameter | Scope=instance | Storage=String | Old='' | New='32'
ELEMENT | 14045148 | Size='32ø' | Width='' | Height='' | Diameter='32' | Statuses=NWB_DimWidth:SKIP; NWB_DimHeight:SKIP; NWB_DimDiameter:OK
INFO | Candidate: NWB_DimDiameter | Scope=instance | Storage=String | ReadOnly=False | Shared=True | Id=7626172
INFO | Element 14045151 | NWB_DimDiameter | Kind=Shared Parameter | Scope=instance | Storage=String | Old='' | New='32'
ELEMENT | 14045151 | Size='32ø' | Width='' | Height='' | Diameter='32' | Statuses=NWB_DimWidth:SKIP; NWB_DimHeight:SKIP; NWB_DimDiameter:OK
INFO | Candidate: NWB_DimDiameter | Scope=instance | Storage=String | ReadOnly=False | Shared=True | Id=7626172
INFO | Element 14045165 | NWB_DimDiameter | Kind=Shared Parameter | Scope=instance | Storage=String | Old='' | New='32'
ELEMENT | 14045165 | Size='32ø' | Width='' | Height='' | Diameter='32' | Statuses=NWB_DimWidth:SKIP; NWB_DimHeight:SKIP; NWB_DimDiameter:OK
INFO | Candidate: NWB_DimDiameter | Scope=instance | Storage=String | ReadOnly=False | Shared=True | Id=7626172
INFO | Element 14045168 | NWB_DimDiameter | Kind=Shared Parameter | Scope=instance | Storage=String | Old='' | New='32'
ELEMENT | 14045168 | Size='32ø' | Width='' | Height='' | Diameter='32' | Statuses=NWB_DimWidth:SKIP; NWB_DimHeight:SKIP; NWB_DimDiameter:OK
INFO | Candidate: NWB_DimDiameter | Scope=instance | Storage=String | ReadOnly=False | Shared=True | Id=7626172
INFO | Element 14045188 | NWB_DimDiameter | Kind=Shared Parameter | Scope=instance | Storage=String | Old='' | New='32'
ELEMENT | 14045188 | Size='32ø' | Width='' | Height='' | Diameter='32' | Statuses=NWB_DimWidth:SKIP; NWB_DimHeight:SKIP; NWB_DimDiameter:OK
INFO | Candidate: NWB_DimDiameter | Scope=instance | Storage=String | ReadOnly=False | Shared=True | Id=7626172
INFO | Element 14045191 | NWB_DimDiameter | Kind=Shared Parameter | Scope=instance | Storage=String | Old='' | New='32'
ELEMENT | 14045191 | Size='32ø' | Width='' | Height='' | Diameter='32' | Statuses=NWB_DimWidth:SKIP; NWB_DimHeight:SKIP; NWB_DimDiameter:OK
INFO | Candidate: NWB_DimDiameter | Scope=instance | Storage=String | ReadOnly=False | Shared=True | Id=7626172
INFO | Element 14045215 | NWB_DimDiameter | Kind=Shared Parameter | Scope=instance | Storage=String | Old='' | New='25'
ELEMENT | 14045215 | Size='25ø' | Width='' | Height='' | Diameter='25' | Statuses=NWB_DimWidth:SKIP; NWB_DimHeight:SKIP; NWB_DimDiameter:OK
INFO | Candidate: NWB_DimDiameter | Scope=instance | Storage=String | ReadOnly=False | Shared=True | Id=7626172
INFO | Element 14049628 | NWB_DimDiameter | Kind=Shared Parameter | Scope=instance | Storage=String | Old='' | New='32'
ELEMENT | 14049628 | Size='32ø' | Width='' | Height='' | Diameter='32' | Statuses=NWB_DimWidth:SKIP; NWB_DimHeight:SKIP; NWB_DimDiameter:OK
INFO | Candidate: NWB_DimDiameter | Scope=instance | Storage=String | ReadOnly=False | Shared=True | Id=7626172
INFO | Element 14049631 | NWB_DimDiameter | Kind=Shared Parameter | Scope=instance | Storage=String | Old='' | New='32'
ELEMENT | 14049631 | Size='32ø' | Width='' | Height='' | Diameter='32' | Statuses=NWB_DimWidth:SKIP; NWB_DimHeight:SKIP; NWB_DimDiameter:OK
INFO | Candidate: NWB_DimDiameter | Scope=instance | Storage=String | ReadOnly=False | Shared=True | Id=7626172
INFO | Element 14049646 | NWB_DimDiameter | Kind=Shared Parameter | Scope=instance | Storage=String | Old='' | New='32'
ELEMENT | 14049646 | Size='32ø' | Width='' | Height='' | Diameter='32' | Statuses=NWB_DimWidth:SKIP; NWB_DimHeight:SKIP; NWB_DimDiameter:OK
INFO | Candidate: NWB_DimDiameter | Scope=instance | Storage=String | ReadOnly=False | Shared=True | Id=7626172
INFO | Element 14049649 | NWB_DimDiameter | Kind=Shared Parameter | Scope=instance | Storage=String | Old='' | New='32'
ELEMENT | 14049649 | Size='32ø' | Width='' | Height='' | Diameter='32' | Statuses=NWB_DimWidth:SKIP; NWB_DimHeight:SKIP; NWB_DimDiameter:OK
INFO | Candidate: NWB_DimDiameter | Scope=instance | Storage=String | ReadOnly=False | Shared=True | Id=7626172
INFO | Element 14049675 | NWB_DimDiameter | Kind=Shared Parameter | Scope=instance | Storage=String | Old='' | New='32'
ELEMENT | 14049675 | Size='32ø' | Width='' | Height='' | Diameter='32' | Statuses=NWB_DimWidth:SKIP; NWB_DimHeight:SKIP; NWB_DimDiameter:OK
INFO | Candidate: NWB_DimDiameter | Scope=instance | Storage=String | ReadOnly=False | Shared=True | Id=7626172
INFO | Element 14049688 | NWB_DimDiameter | Kind=Shared Parameter | Scope=instance | Storage=String | Old='' | New='32'
ELEMENT | 14049688 | Size='32ø' | Width='' | Height='' | Diameter='32' | Statuses=NWB_DimWidth:SKIP; NWB_DimHeight:SKIP; NWB_DimDiameter:OK
INFO | Candidate: NWB_DimDiameter | Scope=instance | Storage=String | ReadOnly=False | Shared=True | Id=7626172
INFO | Element 14049700 | NWB_DimDiameter | Kind=Shared Parameter | Scope=instance | Storage=String | Old='' | New='32'
ELEMENT | 14049700 | Size='32ø' | Width='' | Height='' | Diameter='32' | Statuses=NWB_DimWidth:SKIP; NWB_DimHeight:SKIP; NWB_DimDiameter:OK
INFO | Candidate: NWB_DimDiameter | Scope=instance | Storage=String | ReadOnly=False | Shared=True | Id=7626172
INFO | Element 14049725 | NWB_DimDiameter | Kind=Shared Parameter | Scope=instance | Storage=String | Old='' | New='32'
ELEMENT | 14049725 | Size='32ø' | Width='' | Height='' | Diameter='32' | Statuses=NWB_DimWidth:SKIP; NWB_DimHeight:SKIP; NWB_DimDiameter:OK
INFO | Candidate: NWB_DimDiameter | Scope=instance | Storage=String | ReadOnly=False | Shared=True | Id=7626172
INFO | Element 14049731 | NWB_DimDiameter | Kind=Shared Parameter | Scope=instance | Storage=String | Old='' | New='32'
ELEMENT | 14049731 | Size='32ø' | Width='' | Height='' | Diameter='32' | Statuses=NWB_DimWidth:SKIP; NWB_DimHeight:SKIP; NWB_DimDiameter:OK
INFO | Candidate: NWB_DimDiameter | Scope=instance | Storage=String | ReadOnly=False | Shared=True | Id=7626172
INFO | Element 14049876 | NWB_DimDiameter | Kind=Shared Parameter | Scope=instance | Storage=String | Old='' | New='25'
ELEMENT | 14049876 | Size='25ø' | Width='' | Height='' | Diameter='25' | Statuses=NWB_DimWidth:SKIP; NWB_DimHeight:SKIP; NWB_DimDiameter:OK
INFO | Candidate: NWB_DimDiameter | Scope=instance | Storage=String | ReadOnly=False | Shared=True | Id=7626172
INFO | Element 14050124 | NWB_DimDiameter | Kind=Shared Parameter | Scope=instance | Storage=String | Old='' | New='32'
ELEMENT | 14050124 | Size='32ø' | Width='' | Height='' | Diameter='32' | Statuses=NWB_DimWidth:SKIP; NWB_DimHeight:SKIP; NWB_DimDiameter:OK
INFO | Candidate: NWB_DimDiameter | Scope=instance | Storage=String | ReadOnly=False | Shared=True | Id=7626172
INFO | Element 14050161 | NWB_DimDiameter | Kind=Shared Parameter | Scope=instance | Storage=String | Old='' | New='32'
ELEMENT | 14050161 | Size='32ø' | Width='' | Height='' | Diameter='32' | Statuses=NWB_DimWidth:SKIP; NWB_DimHeight:SKIP; NWB_DimDiameter:OK
INFO | Candidate: NWB_DimDiameter | Scope=instance | Storage=String | ReadOnly=False | Shared=True | Id=7626172
INFO | Element 14050195 | NWB_DimDiameter | Kind=Shared Parameter | Scope=instance | Storage=String | Old='' | New='32'
ELEMENT | 14050195 | Size='32ø' | Width='' | Height='' | Diameter='32' | Statuses=NWB_DimWidth:SKIP; NWB_DimHeight:SKIP; NWB_DimDiameter:OK
INFO | Candidate: NWB_DimDiameter | Scope=instance | Storage=String | ReadOnly=False | Shared=True | Id=7626172
INFO | Element 14050232 | NWB_DimDiameter | Kind=Shared Parameter | Scope=instance | Storage=String | Old='' | New='32'
ELEMENT | 14050232 | Size='32ø' | Width='' | Height='' | Diameter='32' | Statuses=NWB_DimWidth:SKIP; NWB_DimHeight:SKIP; NWB_DimDiameter:OK
INFO | Candidate: NWB_DimDiameter | Scope=instance | Storage=String | ReadOnly=False | Shared=True | Id=7626172
INFO | Element 14050329 | NWB_DimDiameter | Kind=Shared Parameter | Scope=instance | Storage=String | Old='' | New='32'
ELEMENT | 14050329 | Size='32ø' | Width='' | Height='' | Diameter='32' | Statuses=NWB_DimWidth:SKIP; NWB_DimHeight:SKIP; NWB_DimDiameter:OK
INFO | Candidate: NWB_DimDiameter | Scope=instance | Storage=String | ReadOnly=False | Shared=True | Id=7626172
INFO | Element 14050376 | NWB_DimDiameter | Kind=Shared Parameter | Scope=instance | Storage=String | Old='' | New='32'
ELEMENT | 14050376 | Size='32ø' | Width='' | Height='' | Diameter='32' | Statuses=NWB_DimWidth:SKIP; NWB_DimHeight:SKIP; NWB_DimDiameter:OK
INFO | Candidate: NWB_DimDiameter | Scope=instance | Storage=String | ReadOnly=False | Shared=True | Id=7626172
INFO | Element 14050379 | NWB_DimDiameter | Kind=Shared Parameter | Scope=instance | Storage=String | Old='' | New='32'
ELEMENT | 14050379 | Size='32ø' | Width='' | Height='' | Diameter='32' | Statuses=NWB_DimWidth:SKIP; NWB_DimHeight:SKIP; NWB_DimDiameter:OK
INFO | Candidate: NWB_DimDiameter | Scope=instance | Storage=String | ReadOnly=False | Shared=True | Id=7626172
INFO | Element 14050432 | NWB_DimDiameter | Kind=Shared Parameter | Scope=instance | Storage=String | Old='' | New='32'
ELEMENT | 14050432 | Size='32ø' | Width='' | Height='' | Diameter='32' | Statuses=NWB_DimWidth:SKIP; NWB_DimHeight:SKIP; NWB_DimDiameter:OK
INFO | Candidate: NWB_DimDiameter | Scope=instance | Storage=String | ReadOnly=False | Shared=True | Id=7626172
INFO | Element 14050435 | NWB_DimDiameter | Kind=Shared Parameter | Scope=instance | Storage=String | Old='' | New='32'
ELEMENT | 14050435 | Size='32ø' | Width='' | Height='' | Diameter='32' | Statuses=NWB_DimWidth:SKIP; NWB_DimHeight:SKIP; NWB_DimDiameter:OK
INFO | Candidate: NWB_DimDiameter | Scope=instance | Storage=String | ReadOnly=False | Shared=True | Id=7626172
ELEMENT | 14616335 | Size='250ø' | Width='' | Height='' | Diameter='250' | Statuses=NWB_DimWidth:SKIP; NWB_DimHeight:SKIP; NWB_DimDiameter:SKIP
INFO | Candidate: NWB_DimDiameter | Scope=instance | Storage=String | ReadOnly=False | Shared=True | Id=7626172
ELEMENT | 14616337 | Size='250ø' | Width='' | Height='' | Diameter='250' | Statuses=NWB_DimWidth:SKIP; NWB_DimHeight:SKIP; NWB_DimDiameter:SKIP
INFO | Candidate: NWB_DimDiameter | Scope=instance | Storage=String | ReadOnly=False | Shared=True | Id=7626172
INFO | Element 15053634 | NWB_DimDiameter | Kind=Shared Parameter | Scope=instance | Storage=String | Old='' | New='32'
ELEMENT | 15053634 | Size='32ø' | Width='' | Height='' | Diameter='32' | Statuses=NWB_DimWidth:SKIP; NWB_DimHeight:SKIP; NWB_DimDiameter:OK
INFO | Candidate: NWB_DimDiameter | Scope=instance | Storage=String | ReadOnly=False | Shared=True | Id=7626172
INFO | Element 15053645 | NWB_DimDiameter | Kind=Shared Parameter | Scope=instance | Storage=String | Old='' | New='32'
ELEMENT | 15053645 | Size='32ø' | Width='' | Height='' | Diameter='32' | Statuses=NWB_DimWidth:SKIP; NWB_DimHeight:SKIP; NWB_DimDiameter:OK
INFO | Candidate: NWB_DimDiameter | Scope=instance | Storage=String | ReadOnly=False | Shared=True | Id=7626172
INFO | Element 15053648 | NWB_DimDiameter | Kind=Shared Parameter | Scope=instance | Storage=String | Old='' | New='32'
ELEMENT | 15053648 | Size='32ø' | Width='' | Height='' | Diameter='32' | Statuses=NWB_DimWidth:SKIP; NWB_DimHeight:SKIP; NWB_DimDiameter:OK
INFO | Candidate: NWB_DimDiameter | Scope=instance | Storage=String | ReadOnly=False | Shared=True | Id=7626172
INFO | Element 15053664 | NWB_DimDiameter | Kind=Shared Parameter | Scope=instance | Storage=String | Old='' | New='32'
ELEMENT | 15053664 | Size='32ø' | Width='' | Height='' | Diameter='32' | Statuses=NWB_DimWidth:SKIP; NWB_DimHeight:SKIP; NWB_DimDiameter:OK
INFO | Candidate: NWB_DimDiameter | Scope=instance | Storage=String | ReadOnly=False | Shared=True | Id=7626172
INFO | Element 15053687 | NWB_DimDiameter | Kind=Shared Parameter | Scope=instance | Storage=String | Old='' | New='32'
ELEMENT | 15053687 | Size='32ø' | Width='' | Height='' | Diameter='32' | Statuses=NWB_DimWidth:SKIP; NWB_DimHeight:SKIP; NWB_DimDiameter:OK
INFO | Candidate: NWB_DimDiameter | Scope=instance | Storage=String | ReadOnly=False | Shared=True | Id=7626172
INFO | Element 15053696 | NWB_DimDiameter | Kind=Shared Parameter | Scope=instance | Storage=String | Old='' | New='32'
ELEMENT | 15053696 | Size='32ø' | Width='' | Height='' | Diameter='32' | Statuses=NWB_DimWidth:SKIP; NWB_DimHeight:SKIP; NWB_DimDiameter:OK
INFO | Candidate: NWB_DimDiameter | Scope=instance | Storage=String | ReadOnly=False | Shared=True | Id=7626172
INFO | Element 15053699 | NWB_DimDiameter | Kind=Shared Parameter | Scope=instance | Storage=String | Old='' | New='32'
ELEMENT | 15053699 | Size='32ø' | Width='' | Height='' | Diameter='32' | Statuses=NWB_DimWidth:SKIP; NWB_DimHeight:SKIP; NWB_DimDiameter:OK
INFO | Candidate: NWB_DimDiameter | Scope=instance | Storage=String | ReadOnly=False | Shared=True | Id=7626172
INFO | Element 15053708 | NWB_DimDiameter | Kind=Shared Parameter | Scope=instance | Storage=String | Old='' | New='32'
ELEMENT | 15053708 | Size='32ø' | Width='' | Height='' | Diameter='32' | Statuses=NWB_DimWidth:SKIP; NWB_DimHeight:SKIP; NWB_DimDiameter:OK
INFO | Candidate: NWB_DimDiameter | Scope=instance | Storage=String | ReadOnly=False | Shared=True | Id=7626172
INFO | Element 15099039 | NWB_DimDiameter | Kind=Shared Parameter | Scope=instance | Storage=String | Old='' | New='25'
ELEMENT | 15099039 | Size='25ø' | Width='' | Height='' | Diameter='25' | Statuses=NWB_DimWidth:SKIP; NWB_DimHeight:SKIP; NWB_DimDiameter:OK
INFO | Candidate: NWB_DimDiameter | Scope=instance | Storage=String | ReadOnly=False | Shared=True | Id=7626172
INFO | Element 15099041 | NWB_DimDiameter | Kind=Shared Parameter | Scope=instance | Storage=String | Old='' | New='25'
ELEMENT | 15099041 | Size='25ø' | Width='' | Height='' | Diameter='25' | Statuses=NWB_DimWidth:SKIP; NWB_DimHeight:SKIP; NWB_DimDiameter:OK
INFO | Candidate: NWB_DimDiameter | Scope=instance | Storage=String | ReadOnly=False | Shared=True | Id=7626172
INFO | Element 15099043 | NWB_DimDiameter | Kind=Shared Parameter | Scope=instance | Storage=String | Old='' | New='15'
ELEMENT | 15099043 | Size='15ø' | Width='' | Height='' | Diameter='15' | Statuses=NWB_DimWidth:SKIP; NWB_DimHeight:SKIP; NWB_DimDiameter:OK
INFO | Candidate: NWB_DimDiameter | Scope=instance | Storage=String | ReadOnly=False | Shared=True | Id=7626172
INFO | Element 15099045 | NWB_DimDiameter | Kind=Shared Parameter | Scope=instance | Storage=String | Old='' | New='15'
ELEMENT | 15099045 | Size='15ø' | Width='' | Height='' | Diameter='15' | Statuses=NWB_DimWidth:SKIP; NWB_DimHeight:SKIP; NWB_DimDiameter:OK
INFO | Candidate: NWB_DimDiameter | Scope=instance | Storage=String | ReadOnly=False | Shared=True | Id=7626172
INFO | Element 15099051 | NWB_DimDiameter | Kind=Shared Parameter | Scope=instance | Storage=String | Old='' | New='25'
ELEMENT | 15099051 | Size='25ø' | Width='' | Height='' | Diameter='25' | Statuses=NWB_DimWidth:SKIP; NWB_DimHeight:SKIP; NWB_DimDiameter:OK
INFO | Candidate: NWB_DimDiameter | Scope=instance | Storage=String | ReadOnly=False | Shared=True | Id=7626172
INFO | Element 15099055 | NWB_DimDiameter | Kind=Shared Parameter | Scope=instance | Storage=String | Old='' | New='15'
ELEMENT | 15099055 | Size='15ø' | Width='' | Height='' | Diameter='15' | Statuses=NWB_DimWidth:SKIP; NWB_DimHeight:SKIP; NWB_DimDiameter:OK
INFO | Candidate: NWB_DimDiameter | Scope=instance | Storage=String | ReadOnly=False | Shared=True | Id=7626172
INFO | Element 15099114 | NWB_DimDiameter | Kind=Shared Parameter | Scope=instance | Storage=String | Old='' | New='50'
ELEMENT | 15099114 | Size='50ø' | Width='' | Height='' | Diameter='50' | Statuses=NWB_DimWidth:SKIP; NWB_DimHeight:SKIP; NWB_DimDiameter:OK
INFO | Candidate: NWB_DimDiameter | Scope=instance | Storage=String | ReadOnly=False | Shared=True | Id=7626172
INFO | Element 15182571 | NWB_DimDiameter | Kind=Shared Parameter | Scope=instance | Storage=String | Old='' | New='32'
ELEMENT | 15182571 | Size='32ø' | Width='' | Height='' | Diameter='32' | Statuses=NWB_DimWidth:SKIP; NWB_DimHeight:SKIP; NWB_DimDiameter:OK
INFO | Candidate: NWB_DimDiameter | Scope=instance | Storage=String | ReadOnly=False | Shared=True | Id=7626172
INFO | Element 15182607 | NWB_DimDiameter | Kind=Shared Parameter | Scope=instance | Storage=String | Old='' | New='32'
ELEMENT | 15182607 | Size='32ø' | Width='' | Height='' | Diameter='32' | Statuses=NWB_DimWidth:SKIP; NWB_DimHeight:SKIP; NWB_DimDiameter:OK
INFO | Candidate: NWB_DimDiameter | Scope=instance | Storage=String | ReadOnly=False | Shared=True | Id=7626172
INFO | Element 15182673 | NWB_DimDiameter | Kind=Shared Parameter | Scope=instance | Storage=String | Old='' | New='32'
ELEMENT | 15182673 | Size='32ø' | Width='' | Height='' | Diameter='32' | Statuses=NWB_DimWidth:SKIP; NWB_DimHeight:SKIP; NWB_DimDiameter:OK
INFO | Candidate: NWB_DimDiameter | Scope=instance | Storage=String | ReadOnly=False | Shared=True | Id=7626172
INFO | Element 15183628 | NWB_DimDiameter | Kind=Shared Parameter | Scope=instance | Storage=String | Old='' | New='15'
ELEMENT | 15183628 | Size='15ø' | Width='' | Height='' | Diameter='15' | Statuses=NWB_DimWidth:SKIP; NWB_DimHeight:SKIP; NWB_DimDiameter:OK
INFO | Candidate: NWB_DimDiameter | Scope=instance | Storage=String | ReadOnly=False | Shared=True | Id=7626172
INFO | Element 15183680 | NWB_DimDiameter | Kind=Shared Parameter | Scope=instance | Storage=String | Old='' | New='25'
ELEMENT | 15183680 | Size='25ø' | Width='' | Height='' | Diameter='25' | Statuses=NWB_DimWidth:SKIP; NWB_DimHeight:SKIP; NWB_DimDiameter:OK
INFO | Candidate: NWB_DimDiameter | Scope=instance | Storage=String | ReadOnly=False | Shared=True | Id=7626172
INFO | Element 15183929 | NWB_DimDiameter | Kind=Shared Parameter | Scope=instance | Storage=String | Old='' | New='40'
ELEMENT | 15183929 | Size='40ø' | Width='' | Height='' | Diameter='40' | Statuses=NWB_DimWidth:SKIP; NWB_DimHeight:SKIP; NWB_DimDiameter:OK
INFO | Candidate: NWB_DimDiameter | Scope=instance | Storage=String | ReadOnly=False | Shared=True | Id=7626172
INFO | Element 15183979 | NWB_DimDiameter | Kind=Shared Parameter | Scope=instance | Storage=String | Old='' | New='40'
ELEMENT | 15183979 | Size='40ø' | Width='' | Height='' | Diameter='40' | Statuses=NWB_DimWidth:SKIP; NWB_DimHeight:SKIP; NWB_DimDiameter:OK
INFO | Candidate: NWB_DimDiameter | Scope=instance | Storage=String | ReadOnly=False | Shared=True | Id=7626172
INFO | Element 15263740 | NWB_DimDiameter | Kind=Shared Parameter | Scope=instance | Storage=String | Old='' | New='25'
ELEMENT | 15263740 | Size='25ø' | Width='' | Height='' | Diameter='25' | Statuses=NWB_DimWidth:SKIP; NWB_DimHeight:SKIP; NWB_DimDiameter:OK
INFO | Candidate: NWB_DimDiameter | Scope=instance | Storage=String | ReadOnly=False | Shared=True | Id=7626172
INFO | Element 15263742 | NWB_DimDiameter | Kind=Shared Parameter | Scope=instance | Storage=String | Old='' | New='25'
ELEMENT | 15263742 | Size='25ø' | Width='' | Height='' | Diameter='25' | Statuses=NWB_DimWidth:SKIP; NWB_DimHeight:SKIP; NWB_DimDiameter:OK
INFO | Candidate: NWB_DimDiameter | Scope=instance | Storage=String | ReadOnly=False | Shared=True | Id=7626172
INFO | Element 15263746 | NWB_DimDiameter | Kind=Shared Parameter | Scope=instance | Storage=String | Old='' | New='32'
ELEMENT | 15263746 | Size='32ø' | Width='' | Height='' | Diameter='32' | Statuses=NWB_DimWidth:SKIP; NWB_DimHeight:SKIP; NWB_DimDiameter:OK
INFO | Candidate: NWB_DimDiameter | Scope=instance | Storage=String | ReadOnly=False | Shared=True | Id=7626172
INFO | Element 15263758 | NWB_DimDiameter | Kind=Shared Parameter | Scope=instance | Storage=String | Old='' | New='32'
ELEMENT | 15263758 | Size='32ø' | Width='' | Height='' | Diameter='32' | Statuses=NWB_DimWidth:SKIP; NWB_DimHeight:SKIP; NWB_DimDiameter:OK
INFO | Candidate: NWB_DimDiameter | Scope=instance | Storage=String | ReadOnly=False | Shared=True | Id=7626172
INFO | Element 15263761 | NWB_DimDiameter | Kind=Shared Parameter | Scope=instance | Storage=String | Old='' | New='32'
ELEMENT | 15263761 | Size='32ø' | Width='' | Height='' | Diameter='32' | Statuses=NWB_DimWidth:SKIP; NWB_DimHeight:SKIP; NWB_DimDiameter:OK
INFO | Candidate: NWB_DimDiameter | Scope=instance | Storage=String | ReadOnly=False | Shared=True | Id=7626172
INFO | Element 15263770 | NWB_DimDiameter | Kind=Shared Parameter | Scope=instance | Storage=String | Old='' | New='25'
ELEMENT | 15263770 | Size='25ø' | Width='' | Height='' | Diameter='25' | Statuses=NWB_DimWidth:SKIP; NWB_DimHeight:SKIP; NWB_DimDiameter:OK
INFO | Candidate: NWB_DimDiameter | Scope=instance | Storage=String | ReadOnly=False | Shared=True | Id=7626172
INFO | Element 15263774 | NWB_DimDiameter | Kind=Shared Parameter | Scope=instance | Storage=String | Old='' | New='25'
ELEMENT | 15263774 | Size='25ø' | Width='' | Height='' | Diameter='25' | Statuses=NWB_DimWidth:SKIP; NWB_DimHeight:SKIP; NWB_DimDiameter:OK
INFO | Candidate: NWB_DimDiameter | Scope=instance | Storage=String | ReadOnly=False | Shared=True | Id=7626172
INFO | Element 15263778 | NWB_DimDiameter | Kind=Shared Parameter | Scope=instance | Storage=String | Old='' | New='25'
ELEMENT | 15263778 | Size='25ø' | Width='' | Height='' | Diameter='25' | Statuses=NWB_DimWidth:SKIP; NWB_DimHeight:SKIP; NWB_DimDiameter:OK
INFO | Candidate: NWB_DimDiameter | Scope=instance | Storage=String | ReadOnly=False | Shared=True | Id=7626172
INFO | Element 15263782 | NWB_DimDiameter | Kind=Shared Parameter | Scope=instance | Storage=String | Old='' | New='25'
ELEMENT | 15263782 | Size='25ø' | Width='' | Height='' | Diameter='25' | Statuses=NWB_DimWidth:SKIP; NWB_DimHeight:SKIP; NWB_DimDiameter:OK
INFO | Candidate: NWB_DimDiameter | Scope=instance | Storage=String | ReadOnly=False | Shared=True | Id=7626172
INFO | Element 15263797 | NWB_DimDiameter | Kind=Shared Parameter | Scope=instance | Storage=String | Old='' | New='32'
ELEMENT | 15263797 | Size='32ø' | Width='' | Height='' | Diameter='32' | Statuses=NWB_DimWidth:SKIP; NWB_DimHeight:SKIP; NWB_DimDiameter:OK
INFO | Candidate: NWB_DimDiameter | Scope=instance | Storage=String | ReadOnly=False | Shared=True | Id=7626172
INFO | Element 15263799 | NWB_DimDiameter | Kind=Shared Parameter | Scope=instance | Storage=String | Old='' | New='32'
ELEMENT | 15263799 | Size='32ø' | Width='' | Height='' | Diameter='32' | Statuses=NWB_DimWidth:SKIP; NWB_DimHeight:SKIP; NWB_DimDiameter:OK
INFO | Candidate: NWB_DimDiameter | Scope=instance | Storage=String | ReadOnly=False | Shared=True | Id=7626172
INFO | Element 15263807 | NWB_DimDiameter | Kind=Shared Parameter | Scope=instance | Storage=String | Old='' | New='32'
ELEMENT | 15263807 | Size='32ø' | Width='' | Height='' | Diameter='32' | Statuses=NWB_DimWidth:SKIP; NWB_DimHeight:SKIP; NWB_DimDiameter:OK
INFO | Candidate: NWB_DimDiameter | Scope=instance | Storage=String | ReadOnly=False | Shared=True | Id=7626172
INFO | Element 15263811 | NWB_DimDiameter | Kind=Shared Parameter | Scope=instance | Storage=String | Old='' | New='32'
ELEMENT | 15263811 | Size='32ø' | Width='' | Height='' | Diameter='32' | Statuses=NWB_DimWidth:SKIP; NWB_DimHeight:SKIP; NWB_DimDiameter:OK
INFO | Candidate: NWB_DimDiameter | Scope=instance | Storage=String | ReadOnly=False | Shared=True | Id=7626172
INFO | Element 15263815 | NWB_DimDiameter | Kind=Shared Parameter | Scope=instance | Storage=String | Old='' | New='32'
ELEMENT | 15263815 | Size='32ø' | Width='' | Height='' | Diameter='32' | Statuses=NWB_DimWidth:SKIP; NWB_DimHeight:SKIP; NWB_DimDiameter:OK
INFO | Candidate: NWB_DimDiameter | Scope=instance | Storage=String | ReadOnly=False | Shared=True | Id=7626172
INFO | Element 15263823 | NWB_DimDiameter | Kind=Shared Parameter | Scope=instance | Storage=String | Old='' | New='32'
ELEMENT | 15263823 | Size='32ø' | Width='' | Height='' | Diameter='32' | Statuses=NWB_DimWidth:SKIP; NWB_DimHeight:SKIP; NWB_DimDiameter:OK
INFO | Candidate: NWB_DimDiameter | Scope=instance | Storage=String | ReadOnly=False | Shared=True | Id=7626172
INFO | Element 15263832 | NWB_DimDiameter | Kind=Shared Parameter | Scope=instance | Storage=String | Old='' | New='25'
ELEMENT | 15263832 | Size='25ø' | Width='' | Height='' | Diameter='25' | Statuses=NWB_DimWidth:SKIP; NWB_DimHeight:SKIP; NWB_DimDiameter:OK
INFO | Candidate: NWB_DimDiameter | Scope=instance | Storage=String | ReadOnly=False | Shared=True | Id=7626172
INFO | Element 15263834 | NWB_DimDiameter | Kind=Shared Parameter | Scope=instance | Storage=String | Old='' | New='25'
ELEMENT | 15263834 | Size='25ø' | Width='' | Height='' | Diameter='25' | Statuses=NWB_DimWidth:SKIP; NWB_DimHeight:SKIP; NWB_DimDiameter:OK
INFO | Candidate: NWB_DimDiameter | Scope=instance | Storage=String | ReadOnly=False | Shared=True | Id=7626172
INFO | Element 15263842 | NWB_DimDiameter | Kind=Shared Parameter | Scope=instance | Storage=String | Old='' | New='25'
ELEMENT | 15263842 | Size='25ø' | Width='' | Height='' | Diameter='25' | Statuses=NWB_DimWidth:SKIP; NWB_DimHeight:SKIP; NWB_DimDiameter:OK
INFO | Candidate: NWB_DimDiameter | Scope=instance | Storage=String | ReadOnly=False | Shared=True | Id=7626172
INFO | Element 15263851 | NWB_DimDiameter | Kind=Shared Parameter | Scope=instance | Storage=String | Old='' | New='25'
ELEMENT | 15263851 | Size='25ø' | Width='' | Height='' | Diameter='25' | Statuses=NWB_DimWidth:SKIP; NWB_DimHeight:SKIP; NWB_DimDiameter:OK
INFO | Candidate: NWB_DimDiameter | Scope=instance | Storage=String | ReadOnly=False | Shared=True | Id=7626172
INFO | Element 15263863 | NWB_DimDiameter | Kind=Shared Parameter | Scope=instance | Storage=String | Old='' | New='25'
ELEMENT | 15263863 | Size='25ø' | Width='' | Height='' | Diameter='25' | Statuses=NWB_DimWidth:SKIP; NWB_DimHeight:SKIP; NWB_DimDiameter:OK
INFO | Candidate: NWB_DimDiameter | Scope=instance | Storage=String | ReadOnly=False | Shared=True | Id=7626172
INFO | Element 15263872 | NWB_DimDiameter | Kind=Shared Parameter | Scope=instance | Storage=String | Old='' | New='25'
ELEMENT | 15263872 | Size='25ø' | Width='' | Height='' | Diameter='25' | Statuses=NWB_DimWidth:SKIP; NWB_DimHeight:SKIP; NWB_DimDiameter:OK
INFO | Candidate: NWB_DimDiameter | Scope=instance | Storage=String | ReadOnly=False | Shared=True | Id=7626172
INFO | Element 15263884 | NWB_DimDiameter | Kind=Shared Parameter | Scope=instance | Storage=String | Old='' | New='32'
ELEMENT | 15263884 | Size='32ø' | Width='' | Height='' | Diameter='32' | Statuses=NWB_DimWidth:SKIP; NWB_DimHeight:SKIP; NWB_DimDiameter:OK
INFO | Candidate: NWB_DimDiameter | Scope=instance | Storage=String | ReadOnly=False | Shared=True | Id=7626172
INFO | Element 15263887 | NWB_DimDiameter | Kind=Shared Parameter | Scope=instance | Storage=String | Old='' | New='32'
ELEMENT | 15263887 | Size='32ø' | Width='' | Height='' | Diameter='32' | Statuses=NWB_DimWidth:SKIP; NWB_DimHeight:SKIP; NWB_DimDiameter:OK
INFO | Candidate: NWB_DimDiameter | Scope=instance | Storage=String | ReadOnly=False | Shared=True | Id=7626172
INFO | Element 15263898 | NWB_DimDiameter | Kind=Shared Parameter | Scope=instance | Storage=String | Old='' | New='32'
ELEMENT | 15263898 | Size='32ø' | Width='' | Height='' | Diameter='32' | Statuses=NWB_DimWidth:SKIP; NWB_DimHeight:SKIP; NWB_DimDiameter:OK
INFO | Candidate: NWB_DimDiameter | Scope=instance | Storage=String | ReadOnly=False | Shared=True | Id=7626172
INFO | Element 15263901 | NWB_DimDiameter | Kind=Shared Parameter | Scope=instance | Storage=String | Old='' | New='32'
ELEMENT | 15263901 | Size='32ø' | Width='' | Height='' | Diameter='32' | Statuses=NWB_DimWidth:SKIP; NWB_DimHeight:SKIP; NWB_DimDiameter:OK
INFO | Candidate: NWB_DimDiameter | Scope=instance | Storage=String | ReadOnly=False | Shared=True | Id=7626172
INFO | Element 15268008 | NWB_DimDiameter | Kind=Shared Parameter | Scope=instance | Storage=String | Old='' | New='50'
ELEMENT | 15268008 | Size='50ø' | Width='' | Height='' | Diameter='50' | Statuses=NWB_DimWidth:SKIP; NWB_DimHeight:SKIP; NWB_DimDiameter:OK
INFO | Candidate: NWB_DimDiameter | Scope=instance | Storage=String | ReadOnly=False | Shared=True | Id=7626172
INFO | Element 15269118 | NWB_DimDiameter | Kind=Shared Parameter | Scope=instance | Storage=String | Old='' | New='50'
ELEMENT | 15269118 | Size='50ø' | Width='' | Height='' | Diameter='50' | Statuses=NWB_DimWidth:SKIP; NWB_DimHeight:SKIP; NWB_DimDiameter:OK
INFO | Candidate: NWB_DimDiameter | Scope=instance | Storage=String | ReadOnly=False | Shared=True | Id=7626172
INFO | Element 15269128 | NWB_DimDiameter | Kind=Shared Parameter | Scope=instance | Storage=String | Old='' | New='50'
ELEMENT | 15269128 | Size='50ø' | Width='' | Height='' | Diameter='50' | Statuses=NWB_DimWidth:SKIP; NWB_DimHeight:SKIP; NWB_DimDiameter:OK
INFO | Candidate: NWB_DimDiameter | Scope=instance | Storage=String | ReadOnly=False | Shared=True | Id=7626172
INFO | Element 15269130 | NWB_DimDiameter | Kind=Shared Parameter | Scope=instance | Storage=String | Old='' | New='50'
ELEMENT | 15269130 | Size='50ø' | Width='' | Height='' | Diameter='50' | Statuses=NWB_DimWidth:SKIP; NWB_DimHeight:SKIP; NWB_DimDiameter:OK
INFO | Candidate: NWB_DimDiameter | Scope=instance | Storage=String | ReadOnly=False | Shared=True | Id=7626172
INFO | Element 15269159 | NWB_DimDiameter | Kind=Shared Parameter | Scope=instance | Storage=String | Old='' | New='50'
ELEMENT | 15269159 | Size='50ø' | Width='' | Height='' | Diameter='50' | Statuses=NWB_DimWidth:SKIP; NWB_DimHeight:SKIP; NWB_DimDiameter:OK
INFO | Candidate: NWB_DimDiameter | Scope=instance | Storage=String | ReadOnly=False | Shared=True | Id=7626172
INFO | Element 15269173 | NWB_DimDiameter | Kind=Shared Parameter | Scope=instance | Storage=String | Old='' | New='20'
ELEMENT | 15269173 | Size='20ø' | Width='' | Height='' | Diameter='20' | Statuses=NWB_DimWidth:SKIP; NWB_DimHeight:SKIP; NWB_DimDiameter:OK
INFO | Candidate: NWB_DimDiameter | Scope=instance | Storage=String | ReadOnly=False | Shared=True | Id=7626172
INFO | Element 15269177 | NWB_DimDiameter | Kind=Shared Parameter | Scope=instance | Storage=String | Old='' | New='20'
ELEMENT | 15269177 | Size='20ø' | Width='' | Height='' | Diameter='20' | Statuses=NWB_DimWidth:SKIP; NWB_DimHeight:SKIP; NWB_DimDiameter:OK
INFO | Candidate: NWB_DimDiameter | Scope=instance | Storage=String | ReadOnly=False | Shared=True | Id=7626172
INFO | Element 15269179 | NWB_DimDiameter | Kind=Shared Parameter | Scope=instance | Storage=String | Old='' | New='50'
ELEMENT | 15269179 | Size='50ø' | Width='' | Height='' | Diameter='50' | Statuses=NWB_DimWidth:SKIP; NWB_DimHeight:SKIP; NWB_DimDiameter:OK
INFO | Candidate: NWB_DimDiameter | Scope=instance | Storage=String | ReadOnly=False | Shared=True | Id=7626172
INFO | Element 15269184 | NWB_DimDiameter | Kind=Shared Parameter | Scope=instance | Storage=String | Old='' | New='50'
ELEMENT | 15269184 | Size='50ø' | Width='' | Height='' | Diameter='50' | Statuses=NWB_DimWidth:SKIP; NWB_DimHeight:SKIP; NWB_DimDiameter:OK
INFO | Candidate: NWB_DimDiameter | Scope=instance | Storage=String | ReadOnly=False | Shared=True | Id=7626172
INFO | Element 15269243 | NWB_DimDiameter | Kind=Shared Parameter | Scope=instance | Storage=String | Old='' | New='20'
ELEMENT | 15269243 | Size='20ø' | Width='' | Height='' | Diameter='20' | Statuses=NWB_DimWidth:SKIP; NWB_DimHeight:SKIP; NWB_DimDiameter:OK
INFO | Candidate: NWB_DimDiameter | Scope=instance | Storage=String | ReadOnly=False | Shared=True | Id=7626172
INFO | Element 15269247 | NWB_DimDiameter | Kind=Shared Parameter | Scope=instance | Storage=String | Old='' | New='20'
ELEMENT | 15269247 | Size='20ø' | Width='' | Height='' | Diameter='20' | Statuses=NWB_DimWidth:SKIP; NWB_DimHeight:SKIP; NWB_DimDiameter:OK
INFO | Candidate: NWB_DimDiameter | Scope=instance | Storage=String | ReadOnly=False | Shared=True | Id=7626172
INFO | Element 15269631 | NWB_DimDiameter | Kind=Shared Parameter | Scope=instance | Storage=String | Old='' | New='50'
ELEMENT | 15269631 | Size='50ø' | Width='' | Height='' | Diameter='50' | Statuses=NWB_DimWidth:SKIP; NWB_DimHeight:SKIP; NWB_DimDiameter:OK
INFO | Candidate: NWB_DimDiameter | Scope=instance | Storage=String | ReadOnly=False | Shared=True | Id=7626172
INFO | Element 15269633 | NWB_DimDiameter | Kind=Shared Parameter | Scope=instance | Storage=String | Old='' | New='50'
ELEMENT | 15269633 | Size='50ø' | Width='' | Height='' | Diameter='50' | Statuses=NWB_DimWidth:SKIP; NWB_DimHeight:SKIP; NWB_DimDiameter:OK
INFO | Candidate: NWB_DimDiameter | Scope=instance | Storage=String | ReadOnly=False | Shared=True | Id=7626172
INFO | Element 15269799 | NWB_DimDiameter | Kind=Shared Parameter | Scope=instance | Storage=String | Old='' | New='50'
ELEMENT | 15269799 | Size='50ø' | Width='' | Height='' | Diameter='50' | Statuses=NWB_DimWidth:SKIP; NWB_DimHeight:SKIP; NWB_DimDiameter:OK
INFO | Candidate: NWB_DimDiameter | Scope=instance | Storage=String | ReadOnly=False | Shared=True | Id=7626172
INFO | Element 15269864 | NWB_DimDiameter | Kind=Shared Parameter | Scope=instance | Storage=String | Old='' | New='20'
ELEMENT | 15269864 | Size='20ø' | Width='' | Height='' | Diameter='20' | Statuses=NWB_DimWidth:SKIP; NWB_DimHeight:SKIP; NWB_DimDiameter:OK
INFO | Candidate: NWB_DimDiameter | Scope=instance | Storage=String | ReadOnly=False | Shared=True | Id=7626172
INFO | Element 15270272 | NWB_DimDiameter | Kind=Shared Parameter | Scope=instance | Storage=String | Old='' | New='50'
ELEMENT | 15270272 | Size='50ø' | Width='' | Height='' | Diameter='50' | Statuses=NWB_DimWidth:SKIP; NWB_DimHeight:SKIP; NWB_DimDiameter:OK
INFO | Candidate: NWB_DimDiameter | Scope=instance | Storage=String | ReadOnly=False | Shared=True | Id=7626172
INFO | Element 15270344 | NWB_DimDiameter | Kind=Shared Parameter | Scope=instance | Storage=String | Old='' | New='20'
ELEMENT | 15270344 | Size='20ø' | Width='' | Height='' | Diameter='20' | Statuses=NWB_DimWidth:SKIP; NWB_DimHeight:SKIP; NWB_DimDiameter:OK
INFO | Candidate: NWB_DimDiameter | Scope=instance | Storage=String | ReadOnly=False | Shared=True | Id=7626172
INFO | Element 15270475 | NWB_DimDiameter | Kind=Shared Parameter | Scope=instance | Storage=String | Old='' | New='25'
ELEMENT | 15270475 | Size='25ø' | Width='' | Height='' | Diameter='25' | Statuses=NWB_DimWidth:SKIP; NWB_DimHeight:SKIP; NWB_DimDiameter:OK
INFO | Candidate: NWB_DimDiameter | Scope=instance | Storage=String | ReadOnly=False | Shared=True | Id=7626172
INFO | Element 15270571 | NWB_DimDiameter | Kind=Shared Parameter | Scope=instance | Storage=String | Old='' | New='50'
ELEMENT | 15270571 | Size='50ø' | Width='' | Height='' | Diameter='50' | Statuses=NWB_DimWidth:SKIP; NWB_DimHeight:SKIP; NWB_DimDiameter:OK
INFO | Candidate: NWB_DimDiameter | Scope=instance | Storage=String | ReadOnly=False | Shared=True | Id=7626172
INFO | Element 15270574 | NWB_DimDiameter | Kind=Shared Parameter | Scope=instance | Storage=String | Old='' | New='50'
ELEMENT | 15270574 | Size='50ø' | Width='' | Height='' | Diameter='50' | Statuses=NWB_DimWidth:SKIP; NWB_DimHeight:SKIP; NWB_DimDiameter:OK
INFO | Candidate: NWB_DimDiameter | Scope=instance | Storage=String | ReadOnly=False | Shared=True | Id=7626172
ELEMENT | 15294136 | Size='300ø' | Width='' | Height='' | Diameter='300' | Statuses=NWB_DimWidth:SKIP; NWB_DimHeight:SKIP; NWB_DimDiameter:SKIP
INFO | Candidate: NWB_DimDiameter | Scope=instance | Storage=String | ReadOnly=False | Shared=True | Id=7626172
ELEMENT | 15294138 | Size='300ø' | Width='' | Height='' | Diameter='300' | Statuses=NWB_DimWidth:SKIP; NWB_DimHeight:SKIP; NWB_DimDiameter:SKIP
INFO | Candidate: NWB_DimDiameter | Scope=instance | Storage=String | ReadOnly=False | Shared=True | Id=7626172
ELEMENT | 15294140 | Size='600ø' | Width='' | Height='' | Diameter='600' | Statuses=NWB_DimWidth:SKIP; NWB_DimHeight:SKIP; NWB_DimDiameter:SKIP
INFO | Candidate: NWB_DimDiameter | Scope=instance | Storage=String | ReadOnly=False | Shared=True | Id=7626172
ELEMENT | 15294142 | Size='600ø' | Width='' | Height='' | Diameter='600' | Statuses=NWB_DimWidth:SKIP; NWB_DimHeight:SKIP; NWB_DimDiameter:SKIP
INFO | Candidate: NWB_DimDiameter | Scope=instance | Storage=String | ReadOnly=False | Shared=True | Id=7626172
INFO | Element 15328406 | NWB_DimDiameter | Kind=Shared Parameter | Scope=instance | Storage=String | Old='' | New='25'
ELEMENT | 15328406 | Size='25ø' | Width='' | Height='' | Diameter='25' | Statuses=NWB_DimWidth:SKIP; NWB_DimHeight:SKIP; NWB_DimDiameter:OK
INFO | Candidate: NWB_DimDiameter | Scope=instance | Storage=String | ReadOnly=False | Shared=True | Id=7626172
INFO | Element 15328409 | NWB_DimDiameter | Kind=Shared Parameter | Scope=instance | Storage=String | Old='' | New='25'
ELEMENT | 15328409 | Size='25ø' | Width='' | Height='' | Diameter='25' | Statuses=NWB_DimWidth:SKIP; NWB_DimHeight:SKIP; NWB_DimDiameter:OK
INFO | Candidate: NWB_DimDiameter | Scope=instance | Storage=String | ReadOnly=False | Shared=True | Id=7626172
INFO | Element 15465472 | NWB_DimDiameter | Kind=Shared Parameter | Scope=instance | Storage=String | Old='' | New='25'
ELEMENT | 15465472 | Size='25ø' | Width='' | Height='' | Diameter='25' | Statuses=NWB_DimWidth:SKIP; NWB_DimHeight:SKIP; NWB_DimDiameter:OK
INFO | Candidate: NWB_DimDiameter | Scope=instance | Storage=String | ReadOnly=False | Shared=True | Id=7626172
INFO | Element 15465475 | NWB_DimDiameter | Kind=Shared Parameter | Scope=instance | Storage=String | Old='' | New='32'
ELEMENT | 15465475 | Size='32ø' | Width='' | Height='' | Diameter='32' | Statuses=NWB_DimWidth:SKIP; NWB_DimHeight:SKIP; NWB_DimDiameter:OK
INFO | Candidate: NWB_DimDiameter | Scope=instance | Storage=String | ReadOnly=False | Shared=True | Id=7626172
INFO | Element 15465492 | NWB_DimDiameter | Kind=Shared Parameter | Scope=instance | Storage=String | Old='' | New='25'
ELEMENT | 15465492 | Size='25ø' | Width='' | Height='' | Diameter='25' | Statuses=NWB_DimWidth:SKIP; NWB_DimHeight:SKIP; NWB_DimDiameter:OK
INFO | Candidate: NWB_DimDiameter | Scope=instance | Storage=String | ReadOnly=False | Shared=True | Id=7626172
INFO | Element 15465495 | NWB_DimDiameter | Kind=Shared Parameter | Scope=instance | Storage=String | Old='' | New='25'
ELEMENT | 15465495 | Size='25ø' | Width='' | Height='' | Diameter='25' | Statuses=NWB_DimWidth:SKIP; NWB_DimHeight:SKIP; NWB_DimDiameter:OK
INFO | Candidate: NWB_DimDiameter | Scope=instance | Storage=String | ReadOnly=False | Shared=True | Id=7626172
INFO | Element 15465508 | NWB_DimDiameter | Kind=Shared Parameter | Scope=instance | Storage=String | Old='' | New='25'
ELEMENT | 15465508 | Size='25ø' | Width='' | Height='' | Diameter='25' | Statuses=NWB_DimWidth:SKIP; NWB_DimHeight:SKIP; NWB_DimDiameter:OK
INFO | Candidate: NWB_DimDiameter | Scope=instance | Storage=String | ReadOnly=False | Shared=True | Id=7626172
INFO | Element 15465523 | NWB_DimDiameter | Kind=Shared Parameter | Scope=instance | Storage=String | Old='' | New='32'
ELEMENT | 15465523 | Size='32ø' | Width='' | Height='' | Diameter='32' | Statuses=NWB_DimWidth:SKIP; NWB_DimHeight:SKIP; NWB_DimDiameter:OK
INFO | Candidate: NWB_DimDiameter | Scope=instance | Storage=String | ReadOnly=False | Shared=True | Id=7626172
INFO | Element 15465538 | NWB_DimDiameter | Kind=Shared Parameter | Scope=instance | Storage=String | Old='' | New='25'
ELEMENT | 15465538 | Size='25ø' | Width='' | Height='' | Diameter='25' | Statuses=NWB_DimWidth:SKIP; NWB_DimHeight:SKIP; NWB_DimDiameter:OK
INFO | Candidate: NWB_DimDiameter | Scope=instance | Storage=String | ReadOnly=False | Shared=True | Id=7626172
INFO | Element 15465541 | NWB_DimDiameter | Kind=Shared Parameter | Scope=instance | Storage=String | Old='' | New='25'
ELEMENT | 15465541 | Size='25ø' | Width='' | Height='' | Diameter='25' | Statuses=NWB_DimWidth:SKIP; NWB_DimHeight:SKIP; NWB_DimDiameter:OK
INFO | Candidate: NWB_DimDiameter | Scope=instance | Storage=String | ReadOnly=False | Shared=True | Id=7626172
INFO | Element 15465554 | NWB_DimDiameter | Kind=Shared Parameter | Scope=instance | Storage=String | Old='' | New='15'
ELEMENT | 15465554 | Size='15ø' | Width='' | Height='' | Diameter='15' | Statuses=NWB_DimWidth:SKIP; NWB_DimHeight:SKIP; NWB_DimDiameter:OK
INFO | Candidate: NWB_DimDiameter | Scope=instance | Storage=String | ReadOnly=False | Shared=True | Id=7626172
INFO | Element 15465557 | NWB_DimDiameter | Kind=Shared Parameter | Scope=instance | Storage=String | Old='' | New='32'
ELEMENT | 15465557 | Size='32ø' | Width='' | Height='' | Diameter='32' | Statuses=NWB_DimWidth:SKIP; NWB_DimHeight:SKIP; NWB_DimDiameter:OK
INFO | Candidate: NWB_DimDiameter | Scope=instance | Storage=String | ReadOnly=False | Shared=True | Id=7626172
ELEMENT | 15465578 | Size='450ø' | Width='' | Height='' | Diameter='450' | Statuses=NWB_DimWidth:SKIP; NWB_DimHeight:SKIP; NWB_DimDiameter:SKIP
INFO | Candidate: NWB_DimDiameter | Scope=instance | Storage=String | ReadOnly=False | Shared=True | Id=7626172
ELEMENT | 15466493 | Size='450ø' | Width='' | Height='' | Diameter='450' | Statuses=NWB_DimWidth:SKIP; NWB_DimHeight:SKIP; NWB_DimDiameter:SKIP
INFO | Candidate: NWB_DimDiameter | Scope=instance | Storage=String | ReadOnly=False | Shared=True | Id=7626172
INFO | Element 15467008 | NWB_DimDiameter | Kind=Shared Parameter | Scope=instance | Storage=String | Old='' | New='40'
ELEMENT | 15467008 | Size='40ø' | Width='' | Height='' | Diameter='40' | Statuses=NWB_DimWidth:SKIP; NWB_DimHeight:SKIP; NWB_DimDiameter:OK
INFO | Candidate: NWB_DimDiameter | Scope=instance | Storage=String | ReadOnly=False | Shared=True | Id=7626172
INFO | Element 15467016 | NWB_DimDiameter | Kind=Shared Parameter | Scope=instance | Storage=String | Old='' | New='40'
ELEMENT | 15467016 | Size='40ø' | Width='' | Height='' | Diameter='40' | Statuses=NWB_DimWidth:SKIP; NWB_DimHeight:SKIP; NWB_DimDiameter:OK
INFO | Candidate: NWB_DimDiameter | Scope=instance | Storage=String | ReadOnly=False | Shared=True | Id=7626172
INFO | Element 15467039 | NWB_DimDiameter | Kind=Shared Parameter | Scope=instance | Storage=String | Old='' | New='40'
ELEMENT | 15467039 | Size='40ø' | Width='' | Height='' | Diameter='40' | Statuses=NWB_DimWidth:SKIP; NWB_DimHeight:SKIP; NWB_DimDiameter:OK
INFO | Candidate: NWB_DimDiameter | Scope=instance | Storage=String | ReadOnly=False | Shared=True | Id=7626172
INFO | Element 15467049 | NWB_DimDiameter | Kind=Shared Parameter | Scope=instance | Storage=String | Old='' | New='40'
ELEMENT | 15467049 | Size='40ø' | Width='' | Height='' | Diameter='40' | Statuses=NWB_DimWidth:SKIP; NWB_DimHeight:SKIP; NWB_DimDiameter:OK
INFO | Candidate: NWB_DimDiameter | Scope=instance | Storage=String | ReadOnly=False | Shared=True | Id=7626172
INFO | Element 15468298 | NWB_DimDiameter | Kind=Shared Parameter | Scope=instance | Storage=String | Old='' | New='15'
ELEMENT | 15468298 | Size='15ø' | Width='' | Height='' | Diameter='15' | Statuses=NWB_DimWidth:SKIP; NWB_DimHeight:SKIP; NWB_DimDiameter:OK
INFO | Candidate: NWB_DimDiameter | Scope=instance | Storage=String | ReadOnly=False | Shared=True | Id=7626172
INFO | Element 15468312 | NWB_DimDiameter | Kind=Shared Parameter | Scope=instance | Storage=String | Old='' | New='25'
ELEMENT | 15468312 | Size='25ø' | Width='' | Height='' | Diameter='25' | Statuses=NWB_DimWidth:SKIP; NWB_DimHeight:SKIP; NWB_DimDiameter:OK
INFO | Candidate: NWB_DimDiameter | Scope=instance | Storage=String | ReadOnly=False | Shared=True | Id=7626172
INFO | Element 15468387 | NWB_DimDiameter | Kind=Shared Parameter | Scope=instance | Storage=String | Old='' | New='15'
ELEMENT | 15468387 | Size='15ø' | Width='' | Height='' | Diameter='15' | Statuses=NWB_DimWidth:SKIP; NWB_DimHeight:SKIP; NWB_DimDiameter:OK
INFO | Candidate: NWB_DimDiameter | Scope=instance | Storage=String | ReadOnly=False | Shared=True | Id=7626172
INFO | Element 15468419 | NWB_DimDiameter | Kind=Shared Parameter | Scope=instance | Storage=String | Old='' | New='25'
ELEMENT | 15468419 | Size='25ø' | Width='' | Height='' | Diameter='25' | Statuses=NWB_DimWidth:SKIP; NWB_DimHeight:SKIP; NWB_DimDiameter:OK
INFO | Candidate: NWB_DimDiameter | Scope=instance | Storage=String | ReadOnly=False | Shared=True | Id=7626172
INFO | Element 15468970 | NWB_DimDiameter | Kind=Shared Parameter | Scope=instance | Storage=String | Old='' | New='32'
ELEMENT | 15468970 | Size='32ø' | Width='' | Height='' | Diameter='32' | Statuses=NWB_DimWidth:SKIP; NWB_DimHeight:SKIP; NWB_DimDiameter:OK
INFO | Candidate: NWB_DimDiameter | Scope=instance | Storage=String | ReadOnly=False | Shared=True | Id=7626172
INFO | Element 15469061 | NWB_DimDiameter | Kind=Shared Parameter | Scope=instance | Storage=String | Old='' | New='32'
ELEMENT | 15469061 | Size='32ø' | Width='' | Height='' | Diameter='32' | Statuses=NWB_DimWidth:SKIP; NWB_DimHeight:SKIP; NWB_DimDiameter:OK
INFO | Candidate: NWB_DimDiameter | Scope=instance | Storage=String | ReadOnly=False | Shared=True | Id=7626172
INFO | Element 15469130 | NWB_DimDiameter | Kind=Shared Parameter | Scope=instance | Storage=String | Old='' | New='32'
ELEMENT | 15469130 | Size='32ø' | Width='' | Height='' | Diameter='32' | Statuses=NWB_DimWidth:SKIP; NWB_DimHeight:SKIP; NWB_DimDiameter:OK
INFO | Candidate: NWB_DimDiameter | Scope=instance | Storage=String | ReadOnly=False | Shared=True | Id=7626172
INFO | Element 15469167 | NWB_DimDiameter | Kind=Shared Parameter | Scope=instance | Storage=String | Old='' | New='32'
ELEMENT | 15469167 | Size='32ø' | Width='' | Height='' | Diameter='32' | Statuses=NWB_DimWidth:SKIP; NWB_DimHeight:SKIP; NWB_DimDiameter:OK
INFO | Candidate: NWB_DimDiameter | Scope=instance | Storage=String | ReadOnly=False | Shared=True | Id=7626172
INFO | Element 15549084 | NWB_DimDiameter | Kind=Shared Parameter | Scope=instance | Storage=String | Old='' | New='25'
ELEMENT | 15549084 | Size='25ø' | Width='' | Height='' | Diameter='25' | Statuses=NWB_DimWidth:SKIP; NWB_DimHeight:SKIP; NWB_DimDiameter:OK
INFO | Candidate: NWB_DimDiameter | Scope=instance | Storage=String | ReadOnly=False | Shared=True | Id=7626172
INFO | Element 15549086 | NWB_DimDiameter | Kind=Shared Parameter | Scope=instance | Storage=String | Old='' | New='25'
ELEMENT | 15549086 | Size='25ø' | Width='' | Height='' | Diameter='25' | Statuses=NWB_DimWidth:SKIP; NWB_DimHeight:SKIP; NWB_DimDiameter:OK
INFO | Candidate: NWB_DimDiameter | Scope=instance | Storage=String | ReadOnly=False | Shared=True | Id=7626172
INFO | Element 15549088 | NWB_DimDiameter | Kind=Shared Parameter | Scope=instance | Storage=String | Old='' | New='25'
ELEMENT | 15549088 | Size='25ø' | Width='' | Height='' | Diameter='25' | Statuses=NWB_DimWidth:SKIP; NWB_DimHeight:SKIP; NWB_DimDiameter:OK
INFO | Candidate: NWB_DimDiameter | Scope=instance | Storage=String | ReadOnly=False | Shared=True | Id=7626172
INFO | Element 15549098 | NWB_DimDiameter | Kind=Shared Parameter | Scope=instance | Storage=String | Old='' | New='25'
ELEMENT | 15549098 | Size='25ø' | Width='' | Height='' | Diameter='25' | Statuses=NWB_DimWidth:SKIP; NWB_DimHeight:SKIP; NWB_DimDiameter:OK
INFO | Candidate: NWB_DimDiameter | Scope=instance | Storage=String | ReadOnly=False | Shared=True | Id=7626172
INFO | Element 15555597 | NWB_DimDiameter | Kind=Shared Parameter | Scope=instance | Storage=String | Old='' | New='25'
ELEMENT | 15555597 | Size='25ø' | Width='' | Height='' | Diameter='25' | Statuses=NWB_DimWidth:SKIP; NWB_DimHeight:SKIP; NWB_DimDiameter:OK
INFO | Candidate: NWB_DimDiameter | Scope=instance | Storage=String | ReadOnly=False | Shared=True | Id=7626172
INFO | Element 15555605 | NWB_DimDiameter | Kind=Shared Parameter | Scope=instance | Storage=String | Old='' | New='25'
ELEMENT | 15555605 | Size='25ø' | Width='' | Height='' | Diameter='25' | Statuses=NWB_DimWidth:SKIP; NWB_DimHeight:SKIP; NWB_DimDiameter:OK
INFO | Candidate: NWB_DimDiameter | Scope=instance | Storage=String | ReadOnly=False | Shared=True | Id=7626172
INFO | Element 15555608 | NWB_DimDiameter | Kind=Shared Parameter | Scope=instance | Storage=String | Old='' | New='32'
ELEMENT | 15555608 | Size='32ø' | Width='' | Height='' | Diameter='32' | Statuses=NWB_DimWidth:SKIP; NWB_DimHeight:SKIP; NWB_DimDiameter:OK
INFO | Candidate: NWB_DimDiameter | Scope=instance | Storage=String | ReadOnly=False | Shared=True | Id=7626172
INFO | Element 15555619 | NWB_DimDiameter | Kind=Shared Parameter | Scope=instance | Storage=String | Old='' | New='25'
ELEMENT | 15555619 | Size='25ø' | Width='' | Height='' | Diameter='25' | Statuses=NWB_DimWidth:SKIP; NWB_DimHeight:SKIP; NWB_DimDiameter:OK
INFO | Candidate: NWB_DimDiameter | Scope=instance | Storage=String | ReadOnly=False | Shared=True | Id=7626172
INFO | Element 15555622 | NWB_DimDiameter | Kind=Shared Parameter | Scope=instance | Storage=String | Old='' | New='32'
ELEMENT | 15555622 | Size='32ø' | Width='' | Height='' | Diameter='32' | Statuses=NWB_DimWidth:SKIP; NWB_DimHeight:SKIP; NWB_DimDiameter:OK
INFO | Candidate: NWB_DimDiameter | Scope=instance | Storage=String | ReadOnly=False | Shared=True | Id=7626172
INFO | Element 15555634 | NWB_DimDiameter | Kind=Shared Parameter | Scope=instance | Storage=String | Old='' | New='25'
ELEMENT | 15555634 | Size='25ø' | Width='' | Height='' | Diameter='25' | Statuses=NWB_DimWidth:SKIP; NWB_DimHeight:SKIP; NWB_DimDiameter:OK
INFO | Candidate: NWB_DimDiameter | Scope=instance | Storage=String | ReadOnly=False | Shared=True | Id=7626172
INFO | Element 15555638 | NWB_DimDiameter | Kind=Shared Parameter | Scope=instance | Storage=String | Old='' | New='25'
ELEMENT | 15555638 | Size='25ø' | Width='' | Height='' | Diameter='25' | Statuses=NWB_DimWidth:SKIP; NWB_DimHeight:SKIP; NWB_DimDiameter:OK
INFO | Candidate: NWB_DimDiameter | Scope=instance | Storage=String | ReadOnly=False | Shared=True | Id=7626172
INFO | Element 15555644 | NWB_DimDiameter | Kind=Shared Parameter | Scope=instance | Storage=String | Old='' | New='25'
ELEMENT | 15555644 | Size='25ø' | Width='' | Height='' | Diameter='25' | Statuses=NWB_DimWidth:SKIP; NWB_DimHeight:SKIP; NWB_DimDiameter:OK
INFO | Candidate: NWB_DimDiameter | Scope=instance | Storage=String | ReadOnly=False | Shared=True | Id=7626172
INFO | Element 15555655 | NWB_DimDiameter | Kind=Shared Parameter | Scope=instance | Storage=String | Old='' | New='25'
ELEMENT | 15555655 | Size='25ø' | Width='' | Height='' | Diameter='25' | Statuses=NWB_DimWidth:SKIP; NWB_DimHeight:SKIP; NWB_DimDiameter:OK
INFO | Candidate: NWB_DimDiameter | Scope=instance | Storage=String | ReadOnly=False | Shared=True | Id=7626172
INFO | Element 15555658 | NWB_DimDiameter | Kind=Shared Parameter | Scope=instance | Storage=String | Old='' | New='25'
ELEMENT | 15555658 | Size='25ø' | Width='' | Height='' | Diameter='25' | Statuses=NWB_DimWidth:SKIP; NWB_DimHeight:SKIP; NWB_DimDiameter:OK
INFO | Candidate: NWB_DimDiameter | Scope=instance | Storage=String | ReadOnly=False | Shared=True | Id=7626172
INFO | Element 15555662 | NWB_DimDiameter | Kind=Shared Parameter | Scope=instance | Storage=String | Old='' | New='25'
ELEMENT | 15555662 | Size='25ø' | Width='' | Height='' | Diameter='25' | Statuses=NWB_DimWidth:SKIP; NWB_DimHeight:SKIP; NWB_DimDiameter:OK
INFO | Candidate: NWB_DimDiameter | Scope=instance | Storage=String | ReadOnly=False | Shared=True | Id=7626172
INFO | Element 15555668 | NWB_DimDiameter | Kind=Shared Parameter | Scope=instance | Storage=String | Old='' | New='25'
ELEMENT | 15555668 | Size='25ø' | Width='' | Height='' | Diameter='25' | Statuses=NWB_DimWidth:SKIP; NWB_DimHeight:SKIP; NWB_DimDiameter:OK
INFO | Candidate: NWB_DimDiameter | Scope=instance | Storage=String | ReadOnly=False | Shared=True | Id=7626172
INFO | Element 15556604 | NWB_DimDiameter | Kind=Shared Parameter | Scope=instance | Storage=String | Old='' | New='25'
ELEMENT | 15556604 | Size='25ø' | Width='' | Height='' | Diameter='25' | Statuses=NWB_DimWidth:SKIP; NWB_DimHeight:SKIP; NWB_DimDiameter:OK
INFO | Candidate: NWB_DimDiameter | Scope=instance | Storage=String | ReadOnly=False | Shared=True | Id=7626172
INFO | Element 15556635 | NWB_DimDiameter | Kind=Shared Parameter | Scope=instance | Storage=String | Old='' | New='25'
ELEMENT | 15556635 | Size='25ø' | Width='' | Height='' | Diameter='25' | Statuses=NWB_DimWidth:SKIP; NWB_DimHeight:SKIP; NWB_DimDiameter:OK
INFO | Candidate: NWB_DimDiameter | Scope=instance | Storage=String | ReadOnly=False | Shared=True | Id=7626172
INFO | Element 15556638 | NWB_DimDiameter | Kind=Shared Parameter | Scope=instance | Storage=String | Old='' | New='32'
ELEMENT | 15556638 | Size='32ø' | Width='' | Height='' | Diameter='32' | Statuses=NWB_DimWidth:SKIP; NWB_DimHeight:SKIP; NWB_DimDiameter:OK
INFO | Candidate: NWB_DimDiameter | Scope=instance | Storage=String | ReadOnly=False | Shared=True | Id=7626172
INFO | Element 15556747 | NWB_DimDiameter | Kind=Shared Parameter | Scope=instance | Storage=String | Old='' | New='25'
ELEMENT | 15556747 | Size='25ø' | Width='' | Height='' | Diameter='25' | Statuses=NWB_DimWidth:SKIP; NWB_DimHeight:SKIP; NWB_DimDiameter:OK
INFO | Candidate: NWB_DimDiameter | Scope=instance | Storage=String | ReadOnly=False | Shared=True | Id=7626172
INFO | Element 15556750 | NWB_DimDiameter | Kind=Shared Parameter | Scope=instance | Storage=String | Old='' | New='32'
ELEMENT | 15556750 | Size='32ø' | Width='' | Height='' | Diameter='32' | Statuses=NWB_DimWidth:SKIP; NWB_DimHeight:SKIP; NWB_DimDiameter:OK
INFO | Candidate: NWB_DimDiameter | Scope=instance | Storage=String | ReadOnly=False | Shared=True | Id=7626172
INFO | Element 15556798 | NWB_DimDiameter | Kind=Shared Parameter | Scope=instance | Storage=String | Old='' | New='25'
ELEMENT | 15556798 | Size='25ø' | Width='' | Height='' | Diameter='25' | Statuses=NWB_DimWidth:SKIP; NWB_DimHeight:SKIP; NWB_DimDiameter:OK
INFO | Candidate: NWB_DimDiameter | Scope=instance | Storage=String | ReadOnly=False | Shared=True | Id=7626172
INFO | Element 15556826 | NWB_DimDiameter | Kind=Shared Parameter | Scope=instance | Storage=String | Old='' | New='25'
ELEMENT | 15556826 | Size='25ø' | Width='' | Height='' | Diameter='25' | Statuses=NWB_DimWidth:SKIP; NWB_DimHeight:SKIP; NWB_DimDiameter:OK
INFO | Candidate: NWB_DimDiameter | Scope=instance | Storage=String | ReadOnly=False | Shared=True | Id=7626172
INFO | Element 15556835 | NWB_DimDiameter | Kind=Shared Parameter | Scope=instance | Storage=String | Old='' | New='25'
ELEMENT | 15556835 | Size='25ø' | Width='' | Height='' | Diameter='25' | Statuses=NWB_DimWidth:SKIP; NWB_DimHeight:SKIP; NWB_DimDiameter:OK
INFO | Candidate: NWB_DimDiameter | Scope=instance | Storage=String | ReadOnly=False | Shared=True | Id=7626172
INFO | Element 15556986 | NWB_DimDiameter | Kind=Shared Parameter | Scope=instance | Storage=String | Old='' | New='50'
ELEMENT | 15556986 | Size='50ø' | Width='' | Height='' | Diameter='50' | Statuses=NWB_DimWidth:SKIP; NWB_DimHeight:SKIP; NWB_DimDiameter:OK
INFO | Candidate: NWB_DimDiameter | Scope=instance | Storage=String | ReadOnly=False | Shared=True | Id=7626172
INFO | Element 15557002 | NWB_DimDiameter | Kind=Shared Parameter | Scope=instance | Storage=String | Old='' | New='50'
ELEMENT | 15557002 | Size='50ø' | Width='' | Height='' | Diameter='50' | Statuses=NWB_DimWidth:SKIP; NWB_DimHeight:SKIP; NWB_DimDiameter:OK
INFO | Candidate: NWB_DimDiameter | Scope=instance | Storage=String | ReadOnly=False | Shared=True | Id=7626172
INFO | Element 15557038 | NWB_DimDiameter | Kind=Shared Parameter | Scope=instance | Storage=String | Old='' | New='50'
ELEMENT | 15557038 | Size='50ø' | Width='' | Height='' | Diameter='50' | Statuses=NWB_DimWidth:SKIP; NWB_DimHeight:SKIP; NWB_DimDiameter:OK
INFO | Candidate: NWB_DimDiameter | Scope=instance | Storage=String | ReadOnly=False | Shared=True | Id=7626172
INFO | Element 15557047 | NWB_DimDiameter | Kind=Shared Parameter | Scope=instance | Storage=String | Old='' | New='50'
ELEMENT | 15557047 | Size='50ø' | Width='' | Height='' | Diameter='50' | Statuses=NWB_DimWidth:SKIP; NWB_DimHeight:SKIP; NWB_DimDiameter:OK
INFO | Candidate: NWB_DimDiameter | Scope=instance | Storage=String | ReadOnly=False | Shared=True | Id=7626172
INFO | Element 15557059 | NWB_DimDiameter | Kind=Shared Parameter | Scope=instance | Storage=String | Old='' | New='50'
ELEMENT | 15557059 | Size='50ø' | Width='' | Height='' | Diameter='50' | Statuses=NWB_DimWidth:SKIP; NWB_DimHeight:SKIP; NWB_DimDiameter:OK
INFO | Candidate: NWB_DimDiameter | Scope=instance | Storage=String | ReadOnly=False | Shared=True | Id=7626172
INFO | Element 15557102 | NWB_DimDiameter | Kind=Shared Parameter | Scope=instance | Storage=String | Old='' | New='25'
ELEMENT | 15557102 | Size='25ø' | Width='' | Height='' | Diameter='25' | Statuses=NWB_DimWidth:SKIP; NWB_DimHeight:SKIP; NWB_DimDiameter:OK
INFO | Candidate: NWB_DimDiameter | Scope=instance | Storage=String | ReadOnly=False | Shared=True | Id=7626172
INFO | Element 15557195 | NWB_DimDiameter | Kind=Shared Parameter | Scope=instance | Storage=String | Old='' | New='25'
ELEMENT | 15557195 | Size='25ø' | Width='' | Height='' | Diameter='25' | Statuses=NWB_DimWidth:SKIP; NWB_DimHeight:SKIP; NWB_DimDiameter:OK
INFO | Candidate: NWB_DimDiameter | Scope=instance | Storage=String | ReadOnly=False | Shared=True | Id=7626172
INFO | Element 15557198 | NWB_DimDiameter | Kind=Shared Parameter | Scope=instance | Storage=String | Old='' | New='50'
ELEMENT | 15557198 | Size='50ø' | Width='' | Height='' | Diameter='50' | Statuses=NWB_DimWidth:SKIP; NWB_DimHeight:SKIP; NWB_DimDiameter:OK
INFO | Candidate: NWB_DimDiameter | Scope=instance | Storage=String | ReadOnly=False | Shared=True | Id=7626172
INFO | Element 15557231 | NWB_DimDiameter | Kind=Shared Parameter | Scope=instance | Storage=String | Old='' | New='50'
ELEMENT | 15557231 | Size='50ø' | Width='' | Height='' | Diameter='50' | Statuses=NWB_DimWidth:SKIP; NWB_DimHeight:SKIP; NWB_DimDiameter:OK
INFO | Candidate: NWB_DimDiameter | Scope=instance | Storage=String | ReadOnly=False | Shared=True | Id=7626172
INFO | Element 15557234 | NWB_DimDiameter | Kind=Shared Parameter | Scope=instance | Storage=String | Old='' | New='50'
ELEMENT | 15557234 | Size='50ø' | Width='' | Height='' | Diameter='50' | Statuses=NWB_DimWidth:SKIP; NWB_DimHeight:SKIP; NWB_DimDiameter:OK
INFO | Candidate: NWB_DimDiameter | Scope=instance | Storage=String | ReadOnly=False | Shared=True | Id=7626172
INFO | Element 15557276 | NWB_DimDiameter | Kind=Shared Parameter | Scope=instance | Storage=String | Old='' | New='25'
ELEMENT | 15557276 | Size='25ø' | Width='' | Height='' | Diameter='25' | Statuses=NWB_DimWidth:SKIP; NWB_DimHeight:SKIP; NWB_DimDiameter:OK
INFO | Candidate: NWB_DimDiameter | Scope=instance | Storage=String | ReadOnly=False | Shared=True | Id=7626172
INFO | Element 15557302 | NWB_DimDiameter | Kind=Shared Parameter | Scope=instance | Storage=String | Old='' | New='25'
ELEMENT | 15557302 | Size='25ø' | Width='' | Height='' | Diameter='25' | Statuses=NWB_DimWidth:SKIP; NWB_DimHeight:SKIP; NWB_DimDiameter:OK
INFO | Candidate: NWB_DimDiameter | Scope=instance | Storage=String | ReadOnly=False | Shared=True | Id=7626172
INFO | Element 15557310 | NWB_DimDiameter | Kind=Shared Parameter | Scope=instance | Storage=String | Old='' | New='25'
ELEMENT | 15557310 | Size='25ø' | Width='' | Height='' | Diameter='25' | Statuses=NWB_DimWidth:SKIP; NWB_DimHeight:SKIP; NWB_DimDiameter:OK
INFO | Candidate: NWB_DimDiameter | Scope=instance | Storage=String | ReadOnly=False | Shared=True | Id=7626172
INFO | Element 15558444 | NWB_DimDiameter | Kind=Shared Parameter | Scope=instance | Storage=String | Old='' | New='25'
ELEMENT | 15558444 | Size='25ø' | Width='' | Height='' | Diameter='25' | Statuses=NWB_DimWidth:SKIP; NWB_DimHeight:SKIP; NWB_DimDiameter:OK
INFO | Candidate: NWB_DimDiameter | Scope=instance | Storage=String | ReadOnly=False | Shared=True | Id=7626172
INFO | Element 15558505 | NWB_DimDiameter | Kind=Shared Parameter | Scope=instance | Storage=String | Old='' | New='25'
ELEMENT | 15558505 | Size='25ø' | Width='' | Height='' | Diameter='25' | Statuses=NWB_DimWidth:SKIP; NWB_DimHeight:SKIP; NWB_DimDiameter:OK
INFO | Candidate: NWB_DimDiameter | Scope=instance | Storage=String | ReadOnly=False | Shared=True | Id=7626172
INFO | Element 15558515 | NWB_DimDiameter | Kind=Shared Parameter | Scope=instance | Storage=String | Old='' | New='25'
ELEMENT | 15558515 | Size='25ø' | Width='' | Height='' | Diameter='25' | Statuses=NWB_DimWidth:SKIP; NWB_DimHeight:SKIP; NWB_DimDiameter:OK
INFO | Candidate: NWB_DimDiameter | Scope=instance | Storage=String | ReadOnly=False | Shared=True | Id=7626172
INFO | Element 15558523 | NWB_DimDiameter | Kind=Shared Parameter | Scope=instance | Storage=String | Old='' | New='25'
ELEMENT | 15558523 | Size='25ø' | Width='' | Height='' | Diameter='25' | Statuses=NWB_DimWidth:SKIP; NWB_DimHeight:SKIP; NWB_DimDiameter:OK
INFO | Candidate: NWB_DimDiameter | Scope=instance | Storage=String | ReadOnly=False | Shared=True | Id=7626172
INFO | Element 15558549 | NWB_DimDiameter | Kind=Shared Parameter | Scope=instance | Storage=String | Old='' | New='25'
ELEMENT | 15558549 | Size='25ø' | Width='' | Height='' | Diameter='25' | Statuses=NWB_DimWidth:SKIP; NWB_DimHeight:SKIP; NWB_DimDiameter:OK
INFO | Candidate: NWB_DimDiameter | Scope=instance | Storage=String | ReadOnly=False | Shared=True | Id=7626172
INFO | Element 15558559 | NWB_DimDiameter | Kind=Shared Parameter | Scope=instance | Storage=String | Old='' | New='25'
ELEMENT | 15558559 | Size='25ø' | Width='' | Height='' | Diameter='25' | Statuses=NWB_DimWidth:SKIP; NWB_DimHeight:SKIP; NWB_DimDiameter:OK
INFO | Candidate: NWB_DimDiameter | Scope=instance | Storage=String | ReadOnly=False | Shared=True | Id=7626172
ELEMENT | 15558696 | Size='450ø' | Width='' | Height='' | Diameter='450' | Statuses=NWB_DimWidth:SKIP; NWB_DimHeight:SKIP; NWB_DimDiameter:SKIP
INFO | Candidate: NWB_DimDiameter | Scope=instance | Storage=String | ReadOnly=False | Shared=True | Id=7626172
INFO | Element 15558991 | NWB_DimDiameter | Kind=Shared Parameter | Scope=instance | Storage=String | Old='' | New='25'
ELEMENT | 15558991 | Size='25ø' | Width='' | Height='' | Diameter='25' | Statuses=NWB_DimWidth:SKIP; NWB_DimHeight:SKIP; NWB_DimDiameter:OK
INFO | Candidate: NWB_DimDiameter | Scope=instance | Storage=String | ReadOnly=False | Shared=True | Id=7626172
INFO | Element 15558994 | NWB_DimDiameter | Kind=Shared Parameter | Scope=instance | Storage=String | Old='' | New='50'
ELEMENT | 15558994 | Size='50ø' | Width='' | Height='' | Diameter='50' | Statuses=NWB_DimWidth:SKIP; NWB_DimHeight:SKIP; NWB_DimDiameter:OK
INFO | Candidate: NWB_DimDiameter | Scope=instance | Storage=String | ReadOnly=False | Shared=True | Id=7626172
INFO | Element 15559029 | NWB_DimDiameter | Kind=Shared Parameter | Scope=instance | Storage=String | Old='' | New='50'
ELEMENT | 15559029 | Size='50ø' | Width='' | Height='' | Diameter='50' | Statuses=NWB_DimWidth:SKIP; NWB_DimHeight:SKIP; NWB_DimDiameter:OK
INFO | Candidate: NWB_DimDiameter | Scope=instance | Storage=String | ReadOnly=False | Shared=True | Id=7626172
INFO | Element 15559032 | NWB_DimDiameter | Kind=Shared Parameter | Scope=instance | Storage=String | Old='' | New='50'
ELEMENT | 15559032 | Size='50ø' | Width='' | Height='' | Diameter='50' | Statuses=NWB_DimWidth:SKIP; NWB_DimHeight:SKIP; NWB_DimDiameter:OK
INFO | Candidate: NWB_DimDiameter | Scope=instance | Storage=String | ReadOnly=False | Shared=True | Id=7626172
INFO | Element 15559469 | NWB_DimDiameter | Kind=Shared Parameter | Scope=instance | Storage=String | Old='' | New='25'
ELEMENT | 15559469 | Size='25ø' | Width='' | Height='' | Diameter='25' | Statuses=NWB_DimWidth:SKIP; NWB_DimHeight:SKIP; NWB_DimDiameter:OK
INFO | Candidate: NWB_DimDiameter | Scope=instance | Storage=String | ReadOnly=False | Shared=True | Id=7626172
INFO | Element 15559471 | NWB_DimDiameter | Kind=Shared Parameter | Scope=instance | Storage=String | Old='' | New='25'
ELEMENT | 15559471 | Size='25ø' | Width='' | Height='' | Diameter='25' | Statuses=NWB_DimWidth:SKIP; NWB_DimHeight:SKIP; NWB_DimDiameter:OK
INFO | Candidate: NWB_DimDiameter | Scope=instance | Storage=String | ReadOnly=False | Shared=True | Id=7626172
INFO | Element 15559475 | NWB_DimDiameter | Kind=Shared Parameter | Scope=instance | Storage=String | Old='' | New='25'
ELEMENT | 15559475 | Size='25ø' | Width='' | Height='' | Diameter='25' | Statuses=NWB_DimWidth:SKIP; NWB_DimHeight:SKIP; NWB_DimDiameter:OK
INFO | Candidate: NWB_DimDiameter | Scope=instance | Storage=String | ReadOnly=False | Shared=True | Id=7626172
INFO | Element 15559479 | NWB_DimDiameter | Kind=Shared Parameter | Scope=instance | Storage=String | Old='' | New='25'
ELEMENT | 15559479 | Size='25ø' | Width='' | Height='' | Diameter='25' | Statuses=NWB_DimWidth:SKIP; NWB_DimHeight:SKIP; NWB_DimDiameter:OK
INFO | Candidate: NWB_DimDiameter | Scope=instance | Storage=String | ReadOnly=False | Shared=True | Id=7626172
INFO | Element 15559487 | NWB_DimDiameter | Kind=Shared Parameter | Scope=instance | Storage=String | Old='' | New='25'
ELEMENT | 15559487 | Size='25ø' | Width='' | Height='' | Diameter='25' | Statuses=NWB_DimWidth:SKIP; NWB_DimHeight:SKIP; NWB_DimDiameter:OK
INFO | Candidate: NWB_DimDiameter | Scope=instance | Storage=String | ReadOnly=False | Shared=True | Id=7626172
INFO | Element 15559495 | NWB_DimDiameter | Kind=Shared Parameter | Scope=instance | Storage=String | Old='' | New='25'
ELEMENT | 15559495 | Size='25ø' | Width='' | Height='' | Diameter='25' | Statuses=NWB_DimWidth:SKIP; NWB_DimHeight:SKIP; NWB_DimDiameter:OK
INFO | Candidate: NWB_DimDiameter | Scope=instance | Storage=String | ReadOnly=False | Shared=True | Id=7626172
INFO | Element 15559725 | NWB_DimDiameter | Kind=Shared Parameter | Scope=instance | Storage=String | Old='' | New='25'
ELEMENT | 15559725 | Size='25ø' | Width='' | Height='' | Diameter='25' | Statuses=NWB_DimWidth:SKIP; NWB_DimHeight:SKIP; NWB_DimDiameter:OK
INFO | Candidate: NWB_DimDiameter | Scope=instance | Storage=String | ReadOnly=False | Shared=True | Id=7626172
INFO | Element 15559796 | NWB_DimDiameter | Kind=Shared Parameter | Scope=instance | Storage=String | Old='' | New='25'
ELEMENT | 15559796 | Size='25ø' | Width='' | Height='' | Diameter='25' | Statuses=NWB_DimWidth:SKIP; NWB_DimHeight:SKIP; NWB_DimDiameter:OK
INFO | Candidate: NWB_DimDiameter | Scope=instance | Storage=String | ReadOnly=False | Shared=True | Id=7626172
INFO | Element 15559799 | NWB_DimDiameter | Kind=Shared Parameter | Scope=instance | Storage=String | Old='' | New='32'
ELEMENT | 15559799 | Size='32ø' | Width='' | Height='' | Diameter='32' | Statuses=NWB_DimWidth:SKIP; NWB_DimHeight:SKIP; NWB_DimDiameter:OK
INFO | Candidate: NWB_DimDiameter | Scope=instance | Storage=String | ReadOnly=False | Shared=True | Id=7626172
INFO | Element 15563439 | NWB_DimDiameter | Kind=Shared Parameter | Scope=instance | Storage=String | Old='' | New='25'
ELEMENT | 15563439 | Size='25ø' | Width='' | Height='' | Diameter='25' | Statuses=NWB_DimWidth:SKIP; NWB_DimHeight:SKIP; NWB_DimDiameter:OK
INFO | Candidate: NWB_DimDiameter | Scope=instance | Storage=String | ReadOnly=False | Shared=True | Id=7626172
INFO | Element 15563442 | NWB_DimDiameter | Kind=Shared Parameter | Scope=instance | Storage=String | Old='' | New='25'
ELEMENT | 15563442 | Size='25ø' | Width='' | Height='' | Diameter='25' | Statuses=NWB_DimWidth:SKIP; NWB_DimHeight:SKIP; NWB_DimDiameter:OK
INFO | Candidate: NWB_DimDiameter | Scope=instance | Storage=String | ReadOnly=False | Shared=True | Id=7626172
INFO | Element 15563473 | NWB_DimDiameter | Kind=Shared Parameter | Scope=instance | Storage=String | Old='' | New='25'
ELEMENT | 15563473 | Size='25ø' | Width='' | Height='' | Diameter='25' | Statuses=NWB_DimWidth:SKIP; NWB_DimHeight:SKIP; NWB_DimDiameter:OK
INFO | Candidate: NWB_DimDiameter | Scope=instance | Storage=String | ReadOnly=False | Shared=True | Id=7626172
INFO | Element 15563476 | NWB_DimDiameter | Kind=Shared Parameter | Scope=instance | Storage=String | Old='' | New='32'
ELEMENT | 15563476 | Size='32ø' | Width='' | Height='' | Diameter='32' | Statuses=NWB_DimWidth:SKIP; NWB_DimHeight:SKIP; NWB_DimDiameter:OK
INFO | Candidate: NWB_DimDiameter | Scope=instance | Storage=String | ReadOnly=False | Shared=True | Id=7626172
INFO | Element 15563519 | NWB_DimDiameter | Kind=Shared Parameter | Scope=instance | Storage=String | Old='' | New='25'
ELEMENT | 15563519 | Size='25ø' | Width='' | Height='' | Diameter='25' | Statuses=NWB_DimWidth:SKIP; NWB_DimHeight:SKIP; NWB_DimDiameter:OK
INFO | Candidate: NWB_DimDiameter | Scope=instance | Storage=String | ReadOnly=False | Shared=True | Id=7626172
INFO | Element 15563522 | NWB_DimDiameter | Kind=Shared Parameter | Scope=instance | Storage=String | Old='' | New='32'
ELEMENT | 15563522 | Size='32ø' | Width='' | Height='' | Diameter='32' | Statuses=NWB_DimWidth:SKIP; NWB_DimHeight:SKIP; NWB_DimDiameter:OK
INFO | Candidate: NWB_DimDiameter | Scope=instance | Storage=String | ReadOnly=False | Shared=True | Id=7626172
INFO | Element 15563704 | NWB_DimDiameter | Kind=Shared Parameter | Scope=instance | Storage=String | Old='' | New='25'
ELEMENT | 15563704 | Size='25ø' | Width='' | Height='' | Diameter='25' | Statuses=NWB_DimWidth:SKIP; NWB_DimHeight:SKIP; NWB_DimDiameter:OK
INFO | Candidate: NWB_DimDiameter | Scope=instance | Storage=String | ReadOnly=False | Shared=True | Id=7626172
INFO | Element 15563723 | NWB_DimDiameter | Kind=Shared Parameter | Scope=instance | Storage=String | Old='' | New='25'
ELEMENT | 15563723 | Size='25ø' | Width='' | Height='' | Diameter='25' | Statuses=NWB_DimWidth:SKIP; NWB_DimHeight:SKIP; NWB_DimDiameter:OK
INFO | Candidate: NWB_DimDiameter | Scope=instance | Storage=String | ReadOnly=False | Shared=True | Id=7626172
INFO | Element 15563819 | NWB_DimDiameter | Kind=Shared Parameter | Scope=instance | Storage=String | Old='' | New='25'
ELEMENT | 15563819 | Size='25ø' | Width='' | Height='' | Diameter='25' | Statuses=NWB_DimWidth:SKIP; NWB_DimHeight:SKIP; NWB_DimDiameter:OK
INFO | Candidate: NWB_DimDiameter | Scope=instance | Storage=String | ReadOnly=False | Shared=True | Id=7626172
INFO | Element 15563851 | NWB_DimDiameter | Kind=Shared Parameter | Scope=instance | Storage=String | Old='' | New='25'
ELEMENT | 15563851 | Size='25ø' | Width='' | Height='' | Diameter='25' | Statuses=NWB_DimWidth:SKIP; NWB_DimHeight:SKIP; NWB_DimDiameter:OK
INFO | Candidate: NWB_DimDiameter | Scope=instance | Storage=String | ReadOnly=False | Shared=True | Id=7626172
INFO | Element 15612676 | NWB_DimDiameter | Kind=Shared Parameter | Scope=instance | Storage=String | Old='' | New='40'
ELEMENT | 15612676 | Size='40ø' | Width='' | Height='' | Diameter='40' | Statuses=NWB_DimWidth:SKIP; NWB_DimHeight:SKIP; NWB_DimDiameter:OK
INFO | Candidate: NWB_DimDiameter | Scope=instance | Storage=String | ReadOnly=False | Shared=True | Id=7626172
INFO | Element 15612696 | NWB_DimDiameter | Kind=Shared Parameter | Scope=instance | Storage=String | Old='' | New='25'
ELEMENT | 15612696 | Size='25ø' | Width='' | Height='' | Diameter='25' | Statuses=NWB_DimWidth:SKIP; NWB_DimHeight:SKIP; NWB_DimDiameter:OK
INFO | Candidate: NWB_DimDiameter | Scope=instance | Storage=String | ReadOnly=False | Shared=True | Id=7626172
INFO | Element 15612699 | NWB_DimDiameter | Kind=Shared Parameter | Scope=instance | Storage=String | Old='' | New='40'
ELEMENT | 15612699 | Size='40ø' | Width='' | Height='' | Diameter='40' | Statuses=NWB_DimWidth:SKIP; NWB_DimHeight:SKIP; NWB_DimDiameter:OK
INFO | Candidate: NWB_DimDiameter | Scope=instance | Storage=String | ReadOnly=False | Shared=True | Id=7626172
INFO | Element 15612787 | NWB_DimDiameter | Kind=Shared Parameter | Scope=instance | Storage=String | Old='' | New='50'
ELEMENT | 15612787 | Size='50ø' | Width='' | Height='' | Diameter='50' | Statuses=NWB_DimWidth:SKIP; NWB_DimHeight:SKIP; NWB_DimDiameter:OK
INFO | Candidate: NWB_DimDiameter | Scope=instance | Storage=String | ReadOnly=False | Shared=True | Id=7626172
INFO | Element 15612803 | NWB_DimDiameter | Kind=Shared Parameter | Scope=instance | Storage=String | Old='' | New='50'
ELEMENT | 15612803 | Size='50ø' | Width='' | Height='' | Diameter='50' | Statuses=NWB_DimWidth:SKIP; NWB_DimHeight:SKIP; NWB_DimDiameter:OK
INFO | Candidate: NWB_DimDiameter | Scope=instance | Storage=String | ReadOnly=False | Shared=True | Id=7626172
INFO | Element 15612834 | NWB_DimDiameter | Kind=Shared Parameter | Scope=instance | Storage=String | Old='' | New='50'
ELEMENT | 15612834 | Size='50ø' | Width='' | Height='' | Diameter='50' | Statuses=NWB_DimWidth:SKIP; NWB_DimHeight:SKIP; NWB_DimDiameter:OK
INFO | Candidate: NWB_DimDiameter | Scope=instance | Storage=String | ReadOnly=False | Shared=True | Id=7626172
INFO | Element 15612978 | NWB_DimDiameter | Kind=Shared Parameter | Scope=instance | Storage=String | Old='' | New='32'
ELEMENT | 15612978 | Size='32ø' | Width='' | Height='' | Diameter='32' | Statuses=NWB_DimWidth:SKIP; NWB_DimHeight:SKIP; NWB_DimDiameter:OK
INFO | Candidate: NWB_DimDiameter | Scope=instance | Storage=String | ReadOnly=False | Shared=True | Id=7626172
INFO | Element 15613032 | NWB_DimDiameter | Kind=Shared Parameter | Scope=instance | Storage=String | Old='' | New='32'
ELEMENT | 15613032 | Size='32ø' | Width='' | Height='' | Diameter='32' | Statuses=NWB_DimWidth:SKIP; NWB_DimHeight:SKIP; NWB_DimDiameter:OK
INFO | Candidate: NWB_DimDiameter | Scope=instance | Storage=String | ReadOnly=False | Shared=True | Id=7626172
INFO | Element 15615741 | NWB_DimDiameter | Kind=Shared Parameter | Scope=instance | Storage=String | Old='' | New='25'
ELEMENT | 15615741 | Size='25ø' | Width='' | Height='' | Diameter='25' | Statuses=NWB_DimWidth:SKIP; NWB_DimHeight:SKIP; NWB_DimDiameter:OK
INFO | Candidate: NWB_DimDiameter | Scope=instance | Storage=String | ReadOnly=False | Shared=True | Id=7626172
INFO | Element 15615761 | NWB_DimDiameter | Kind=Shared Parameter | Scope=instance | Storage=String | Old='' | New='25'
ELEMENT | 15615761 | Size='25ø' | Width='' | Height='' | Diameter='25' | Statuses=NWB_DimWidth:SKIP; NWB_DimHeight:SKIP; NWB_DimDiameter:OK
INFO | Candidate: NWB_DimDiameter | Scope=instance | Storage=String | ReadOnly=False | Shared=True | Id=7626172
INFO | Element 15639414 | NWB_DimDiameter | Kind=Shared Parameter | Scope=instance | Storage=String | Old='' | New='25'
ELEMENT | 15639414 | Size='25ø' | Width='' | Height='' | Diameter='25' | Statuses=NWB_DimWidth:SKIP; NWB_DimHeight:SKIP; NWB_DimDiameter:OK
INFO | Candidate: NWB_DimDiameter | Scope=instance | Storage=String | ReadOnly=False | Shared=True | Id=7626172
INFO | Element 15639461 | NWB_DimDiameter | Kind=Shared Parameter | Scope=instance | Storage=String | Old='' | New='25'
ELEMENT | 15639461 | Size='25ø' | Width='' | Height='' | Diameter='25' | Statuses=NWB_DimWidth:SKIP; NWB_DimHeight:SKIP; NWB_DimDiameter:OK
INFO | Candidate: NWB_DimDiameter | Scope=instance | Storage=String | ReadOnly=False | Shared=True | Id=7626172
INFO | Element 15639470 | NWB_DimDiameter | Kind=Shared Parameter | Scope=instance | Storage=String | Old='' | New='25'
ELEMENT | 15639470 | Size='25ø' | Width='' | Height='' | Diameter='25' | Statuses=NWB_DimWidth:SKIP; NWB_DimHeight:SKIP; NWB_DimDiameter:OK
INFO | Candidate: NWB_DimDiameter | Scope=instance | Storage=String | ReadOnly=False | Shared=True | Id=7626172
INFO | Element 15639672 | NWB_DimDiameter | Kind=Shared Parameter | Scope=instance | Storage=String | Old='' | New='25'
ELEMENT | 15639672 | Size='25ø' | Width='' | Height='' | Diameter='25' | Statuses=NWB_DimWidth:SKIP; NWB_DimHeight:SKIP; NWB_DimDiameter:OK
INFO | Candidate: NWB_DimDiameter | Scope=instance | Storage=String | ReadOnly=False | Shared=True | Id=7626172
INFO | Element 15640004 | NWB_DimDiameter | Kind=Shared Parameter | Scope=instance | Storage=String | Old='' | New='25'
ELEMENT | 15640004 | Size='25ø' | Width='' | Height='' | Diameter='25' | Statuses=NWB_DimWidth:SKIP; NWB_DimHeight:SKIP; NWB_DimDiameter:OK
INFO | Candidate: NWB_DimDiameter | Scope=instance | Storage=String | ReadOnly=False | Shared=True | Id=7626172
INFO | Element 15664456 | NWB_DimDiameter | Kind=Shared Parameter | Scope=instance | Storage=String | Old='' | New='15'
ELEMENT | 15664456 | Size='15ø' | Width='' | Height='' | Diameter='15' | Statuses=NWB_DimWidth:SKIP; NWB_DimHeight:SKIP; NWB_DimDiameter:OK
INFO | Candidate: NWB_DimDiameter | Scope=instance | Storage=String | ReadOnly=False | Shared=True | Id=7626172
INFO | Element 15664466 | NWB_DimDiameter | Kind=Shared Parameter | Scope=instance | Storage=String | Old='' | New='25'
ELEMENT | 15664466 | Size='25ø' | Width='' | Height='' | Diameter='25' | Statuses=NWB_DimWidth:SKIP; NWB_DimHeight:SKIP; NWB_DimDiameter:OK
INFO | Candidate: NWB_DimDiameter | Scope=instance | Storage=String | ReadOnly=False | Shared=True | Id=7626172
INFO | Element 15664479 | NWB_DimDiameter | Kind=Shared Parameter | Scope=instance | Storage=String | Old='' | New='25'
ELEMENT | 15664479 | Size='25ø' | Width='' | Height='' | Diameter='25' | Statuses=NWB_DimWidth:SKIP; NWB_DimHeight:SKIP; NWB_DimDiameter:OK
INFO | Candidate: NWB_DimDiameter | Scope=instance | Storage=String | ReadOnly=False | Shared=True | Id=7626172
INFO | Element 15664491 | NWB_DimDiameter | Kind=Shared Parameter | Scope=instance | Storage=String | Old='' | New='15'
ELEMENT | 15664491 | Size='15ø' | Width='' | Height='' | Diameter='15' | Statuses=NWB_DimWidth:SKIP; NWB_DimHeight:SKIP; NWB_DimDiameter:OK
INFO | Candidate: NWB_DimDiameter | Scope=instance | Storage=String | ReadOnly=False | Shared=True | Id=7626172
INFO | Element 15664768 | NWB_DimDiameter | Kind=Shared Parameter | Scope=instance | Storage=String | Old='' | New='25'
ELEMENT | 15664768 | Size='25ø' | Width='' | Height='' | Diameter='25' | Statuses=NWB_DimWidth:SKIP; NWB_DimHeight:SKIP; NWB_DimDiameter:OK
INFO | Candidate: NWB_DimDiameter | Scope=instance | Storage=String | ReadOnly=False | Shared=True | Id=7626172
INFO | Element 15664771 | NWB_DimDiameter | Kind=Shared Parameter | Scope=instance | Storage=String | Old='' | New='25'
ELEMENT | 15664771 | Size='25ø' | Width='' | Height='' | Diameter='25' | Statuses=NWB_DimWidth:SKIP; NWB_DimHeight:SKIP; NWB_DimDiameter:OK
INFO | Candidate: NWB_DimDiameter | Scope=instance | Storage=String | ReadOnly=False | Shared=True | Id=7626172
INFO | Element 15664774 | NWB_DimDiameter | Kind=Shared Parameter | Scope=instance | Storage=String | Old='' | New='25'
ELEMENT | 15664774 | Size='25ø' | Width='' | Height='' | Diameter='25' | Statuses=NWB_DimWidth:SKIP; NWB_DimHeight:SKIP; NWB_DimDiameter:OK
INFO | Candidate: NWB_DimDiameter | Scope=instance | Storage=String | ReadOnly=False | Shared=True | Id=7626172
INFO | Element 15664780 | NWB_DimDiameter | Kind=Shared Parameter | Scope=instance | Storage=String | Old='' | New='25'
ELEMENT | 15664780 | Size='25ø' | Width='' | Height='' | Diameter='25' | Statuses=NWB_DimWidth:SKIP; NWB_DimHeight:SKIP; NWB_DimDiameter:OK
INFO | Candidate: NWB_DimDiameter | Scope=instance | Storage=String | ReadOnly=False | Shared=True | Id=7626172
INFO | Element 15664786 | NWB_DimDiameter | Kind=Shared Parameter | Scope=instance | Storage=String | Old='' | New='25'
ELEMENT | 15664786 | Size='25ø' | Width='' | Height='' | Diameter='25' | Statuses=NWB_DimWidth:SKIP; NWB_DimHeight:SKIP; NWB_DimDiameter:OK
INFO | Candidate: NWB_DimDiameter | Scope=instance | Storage=String | ReadOnly=False | Shared=True | Id=7626172
INFO | Element 15664789 | NWB_DimDiameter | Kind=Shared Parameter | Scope=instance | Storage=String | Old='' | New='25'
ELEMENT | 15664789 | Size='25ø' | Width='' | Height='' | Diameter='25' | Statuses=NWB_DimWidth:SKIP; NWB_DimHeight:SKIP; NWB_DimDiameter:OK
INFO | Candidate: NWB_DimDiameter | Scope=instance | Storage=String | ReadOnly=False | Shared=True | Id=7626172
INFO | Element 15664798 | NWB_DimDiameter | Kind=Shared Parameter | Scope=instance | Storage=String | Old='' | New='25'
ELEMENT | 15664798 | Size='25ø' | Width='' | Height='' | Diameter='25' | Statuses=NWB_DimWidth:SKIP; NWB_DimHeight:SKIP; NWB_DimDiameter:OK
INFO | Candidate: NWB_DimDiameter | Scope=instance | Storage=String | ReadOnly=False | Shared=True | Id=7626172
INFO | Element 15664802 | NWB_DimDiameter | Kind=Shared Parameter | Scope=instance | Storage=String | Old='' | New='25'
ELEMENT | 15664802 | Size='25ø' | Width='' | Height='' | Diameter='25' | Statuses=NWB_DimWidth:SKIP; NWB_DimHeight:SKIP; NWB_DimDiameter:OK
INFO | Candidate: NWB_DimDiameter | Scope=instance | Storage=String | ReadOnly=False | Shared=True | Id=7626172
INFO | Element 15664824 | NWB_DimDiameter | Kind=Shared Parameter | Scope=instance | Storage=String | Old='' | New='25'
ELEMENT | 15664824 | Size='25ø' | Width='' | Height='' | Diameter='25' | Statuses=NWB_DimWidth:SKIP; NWB_DimHeight:SKIP; NWB_DimDiameter:OK
INFO | Candidate: NWB_DimDiameter | Scope=instance | Storage=String | ReadOnly=False | Shared=True | Id=7626172
INFO | Element 15664827 | NWB_DimDiameter | Kind=Shared Parameter | Scope=instance | Storage=String | Old='' | New='32'
ELEMENT | 15664827 | Size='32ø' | Width='' | Height='' | Diameter='32' | Statuses=NWB_DimWidth:SKIP; NWB_DimHeight:SKIP; NWB_DimDiameter:OK
INFO | Candidate: NWB_DimDiameter | Scope=instance | Storage=String | ReadOnly=False | Shared=True | Id=7626172
INFO | Element 15664841 | NWB_DimDiameter | Kind=Shared Parameter | Scope=instance | Storage=String | Old='' | New='25'
ELEMENT | 15664841 | Size='25ø' | Width='' | Height='' | Diameter='25' | Statuses=NWB_DimWidth:SKIP; NWB_DimHeight:SKIP; NWB_DimDiameter:OK
INFO | Candidate: NWB_DimDiameter | Scope=instance | Storage=String | ReadOnly=False | Shared=True | Id=7626172
INFO | Element 15664844 | NWB_DimDiameter | Kind=Shared Parameter | Scope=instance | Storage=String | Old='' | New='32'
ELEMENT | 15664844 | Size='32ø' | Width='' | Height='' | Diameter='32' | Statuses=NWB_DimWidth:SKIP; NWB_DimHeight:SKIP; NWB_DimDiameter:OK
INFO | Candidate: NWB_DimDiameter | Scope=instance | Storage=String | ReadOnly=False | Shared=True | Id=7626172
INFO | Element 15664859 | NWB_DimDiameter | Kind=Shared Parameter | Scope=instance | Storage=String | Old='' | New='25'
ELEMENT | 15664859 | Size='25ø' | Width='' | Height='' | Diameter='25' | Statuses=NWB_DimWidth:SKIP; NWB_DimHeight:SKIP; NWB_DimDiameter:OK
INFO | Candidate: NWB_DimDiameter | Scope=instance | Storage=String | ReadOnly=False | Shared=True | Id=7626172
INFO | Element 15664861 | NWB_DimDiameter | Kind=Shared Parameter | Scope=instance | Storage=String | Old='' | New='25'
ELEMENT | 15664861 | Size='25ø' | Width='' | Height='' | Diameter='25' | Statuses=NWB_DimWidth:SKIP; NWB_DimHeight:SKIP; NWB_DimDiameter:OK
INFO | Candidate: NWB_DimDiameter | Scope=instance | Storage=String | ReadOnly=False | Shared=True | Id=7626172
INFO | Element 15664865 | NWB_DimDiameter | Kind=Shared Parameter | Scope=instance | Storage=String | Old='' | New='25'
ELEMENT | 15664865 | Size='25ø' | Width='' | Height='' | Diameter='25' | Statuses=NWB_DimWidth:SKIP; NWB_DimHeight:SKIP; NWB_DimDiameter:OK
INFO | Candidate: NWB_DimDiameter | Scope=instance | Storage=String | ReadOnly=False | Shared=True | Id=7626172
INFO | Element 15664868 | NWB_DimDiameter | Kind=Shared Parameter | Scope=instance | Storage=String | Old='' | New='32'
ELEMENT | 15664868 | Size='32ø' | Width='' | Height='' | Diameter='32' | Statuses=NWB_DimWidth:SKIP; NWB_DimHeight:SKIP; NWB_DimDiameter:OK
INFO | Candidate: NWB_DimDiameter | Scope=instance | Storage=String | ReadOnly=False | Shared=True | Id=7626172
INFO | Element 15664879 | NWB_DimDiameter | Kind=Shared Parameter | Scope=instance | Storage=String | Old='' | New='25'
ELEMENT | 15664879 | Size='25ø' | Width='' | Height='' | Diameter='25' | Statuses=NWB_DimWidth:SKIP; NWB_DimHeight:SKIP; NWB_DimDiameter:OK
INFO | Candidate: NWB_DimDiameter | Scope=instance | Storage=String | ReadOnly=False | Shared=True | Id=7626172
INFO | Element 15664882 | NWB_DimDiameter | Kind=Shared Parameter | Scope=instance | Storage=String | Old='' | New='32'
ELEMENT | 15664882 | Size='32ø' | Width='' | Height='' | Diameter='32' | Statuses=NWB_DimWidth:SKIP; NWB_DimHeight:SKIP; NWB_DimDiameter:OK
INFO | Candidate: NWB_DimDiameter | Scope=instance | Storage=String | ReadOnly=False | Shared=True | Id=7626172
INFO | Element 15664894 | NWB_DimDiameter | Kind=Shared Parameter | Scope=instance | Storage=String | Old='' | New='25'
ELEMENT | 15664894 | Size='25ø' | Width='' | Height='' | Diameter='25' | Statuses=NWB_DimWidth:SKIP; NWB_DimHeight:SKIP; NWB_DimDiameter:OK
INFO | Transaction Status = Committed
WARN | Regenerate after commit failed: Modification of the document is forbidden.  Typically, this is because there is no open transaction;  consult documentation for Document.IsModified for other possible causes.
CHUNK COMMIT | Status=Committed | Processed=480
INFO | VERIFY OK | Element 14034285 | Parameter=NWB_DimDiameter | Kind=Shared Parameter | Scope=instance | Id=7626172 | Actual='25'
INFO | VERIFY OK | Element 14034291 | Parameter=NWB_DimDiameter | Kind=Shared Parameter | Scope=instance | Id=7626172 | Actual='32'
INFO | VERIFY OK | Element 14034294 | Parameter=NWB_DimDiameter | Kind=Shared Parameter | Scope=instance | Id=7626172 | Actual='32'
INFO | VERIFY OK | Element 14034308 | Parameter=NWB_DimDiameter | Kind=Shared Parameter | Scope=instance | Id=7626172 | Actual='32'
INFO | VERIFY OK | Element 14034311 | Parameter=NWB_DimDiameter | Kind=Shared Parameter | Scope=instance | Id=7626172 | Actual='32'
INFO | VERIFY OK | Element 14045054 | Parameter=NWB_DimDiameter | Kind=Shared Parameter | Scope=instance | Id=7626172 | Actual='32'
INFO | VERIFY OK | Element 14045080 | Parameter=NWB_DimDiameter | Kind=Shared Parameter | Scope=instance | Id=7626172 | Actual='32'
INFO | VERIFY OK | Element 14045091 | Parameter=NWB_DimDiameter | Kind=Shared Parameter | Scope=instance | Id=7626172 | Actual='32'
INFO | VERIFY OK | Element 14045119 | Parameter=NWB_DimDiameter | Kind=Shared Parameter | Scope=instance | Id=7626172 | Actual='32'
INFO | VERIFY OK | Element 14045122 | Parameter=NWB_DimDiameter | Kind=Shared Parameter | Scope=instance | Id=7626172 | Actual='32'
INFO | VERIFY OK | Element 14045148 | Parameter=NWB_DimDiameter | Kind=Shared Parameter | Scope=instance | Id=7626172 | Actual='32'
INFO | VERIFY OK | Element 14045151 | Parameter=NWB_DimDiameter | Kind=Shared Parameter | Scope=instance | Id=7626172 | Actual='32'
INFO | VERIFY OK | Element 14045165 | Parameter=NWB_DimDiameter | Kind=Shared Parameter | Scope=instance | Id=7626172 | Actual='32'
INFO | VERIFY OK | Element 14045168 | Parameter=NWB_DimDiameter | Kind=Shared Parameter | Scope=instance | Id=7626172 | Actual='32'
INFO | VERIFY OK | Element 14045188 | Parameter=NWB_DimDiameter | Kind=Shared Parameter | Scope=instance | Id=7626172 | Actual='32'
INFO | VERIFY OK | Element 14045191 | Parameter=NWB_DimDiameter | Kind=Shared Parameter | Scope=instance | Id=7626172 | Actual='32'
INFO | VERIFY OK | Element 14045215 | Parameter=NWB_DimDiameter | Kind=Shared Parameter | Scope=instance | Id=7626172 | Actual='25'
INFO | VERIFY OK | Element 14049628 | Parameter=NWB_DimDiameter | Kind=Shared Parameter | Scope=instance | Id=7626172 | Actual='32'
INFO | VERIFY OK | Element 14049631 | Parameter=NWB_DimDiameter | Kind=Shared Parameter | Scope=instance | Id=7626172 | Actual='32'
INFO | VERIFY OK | Element 14049646 | Parameter=NWB_DimDiameter | Kind=Shared Parameter | Scope=instance | Id=7626172 | Actual='32'
INFO | VERIFY OK | Element 14049649 | Parameter=NWB_DimDiameter | Kind=Shared Parameter | Scope=instance | Id=7626172 | Actual='32'
INFO | VERIFY OK | Element 14049675 | Parameter=NWB_DimDiameter | Kind=Shared Parameter | Scope=instance | Id=7626172 | Actual='32'
INFO | VERIFY OK | Element 14049688 | Parameter=NWB_DimDiameter | Kind=Shared Parameter | Scope=instance | Id=7626172 | Actual='32'
INFO | VERIFY OK | Element 14049700 | Parameter=NWB_DimDiameter | Kind=Shared Parameter | Scope=instance | Id=7626172 | Actual='32'
INFO | VERIFY OK | Element 14049725 | Parameter=NWB_DimDiameter | Kind=Shared Parameter | Scope=instance | Id=7626172 | Actual='32'
INFO | VERIFY OK | Element 14049731 | Parameter=NWB_DimDiameter | Kind=Shared Parameter | Scope=instance | Id=7626172 | Actual='32'
INFO | VERIFY OK | Element 14049876 | Parameter=NWB_DimDiameter | Kind=Shared Parameter | Scope=instance | Id=7626172 | Actual='25'
INFO | VERIFY OK | Element 14050124 | Parameter=NWB_DimDiameter | Kind=Shared Parameter | Scope=instance | Id=7626172 | Actual='32'
INFO | VERIFY OK | Element 14050161 | Parameter=NWB_DimDiameter | Kind=Shared Parameter | Scope=instance | Id=7626172 | Actual='32'
INFO | VERIFY OK | Element 14050195 | Parameter=NWB_DimDiameter | Kind=Shared Parameter | Scope=instance | Id=7626172 | Actual='32'
INFO | VERIFY OK | Element 14050232 | Parameter=NWB_DimDiameter | Kind=Shared Parameter | Scope=instance | Id=7626172 | Actual='32'
INFO | VERIFY OK | Element 14050329 | Parameter=NWB_DimDiameter | Kind=Shared Parameter | Scope=instance | Id=7626172 | Actual='32'
INFO | VERIFY OK | Element 14050376 | Parameter=NWB_DimDiameter | Kind=Shared Parameter | Scope=instance | Id=7626172 | Actual='32'
INFO | VERIFY OK | Element 14050379 | Parameter=NWB_DimDiameter | Kind=Shared Parameter | Scope=instance | Id=7626172 | Actual='32'
INFO | VERIFY OK | Element 14050432 | Parameter=NWB_DimDiameter | Kind=Shared Parameter | Scope=instance | Id=7626172 | Actual='32'
INFO | VERIFY OK | Element 14050435 | Parameter=NWB_DimDiameter | Kind=Shared Parameter | Scope=instance | Id=7626172 | Actual='32'
INFO | VERIFY OK | Element 15053634 | Parameter=NWB_DimDiameter | Kind=Shared Parameter | Scope=instance | Id=7626172 | Actual='32'
INFO | VERIFY OK | Element 15053645 | Parameter=NWB_DimDiameter | Kind=Shared Parameter | Scope=instance | Id=7626172 | Actual='32'
INFO | VERIFY OK | Element 15053648 | Parameter=NWB_DimDiameter | Kind=Shared Parameter | Scope=instance | Id=7626172 | Actual='32'
INFO | VERIFY OK | Element 15053664 | Parameter=NWB_DimDiameter | Kind=Shared Parameter | Scope=instance | Id=7626172 | Actual='32'
INFO | VERIFY OK | Element 15053687 | Parameter=NWB_DimDiameter | Kind=Shared Parameter | Scope=instance | Id=7626172 | Actual='32'
INFO | VERIFY OK | Element 15053696 | Parameter=NWB_DimDiameter | Kind=Shared Parameter | Scope=instance | Id=7626172 | Actual='32'
INFO | VERIFY OK | Element 15053699 | Parameter=NWB_DimDiameter | Kind=Shared Parameter | Scope=instance | Id=7626172 | Actual='32'
INFO | VERIFY OK | Element 15053708 | Parameter=NWB_DimDiameter | Kind=Shared Parameter | Scope=instance | Id=7626172 | Actual='32'
INFO | VERIFY OK | Element 15099039 | Parameter=NWB_DimDiameter | Kind=Shared Parameter | Scope=instance | Id=7626172 | Actual='25'
INFO | VERIFY OK | Element 15099041 | Parameter=NWB_DimDiameter | Kind=Shared Parameter | Scope=instance | Id=7626172 | Actual='25'
INFO | VERIFY OK | Element 15099043 | Parameter=NWB_DimDiameter | Kind=Shared Parameter | Scope=instance | Id=7626172 | Actual='15'
INFO | VERIFY OK | Element 15099045 | Parameter=NWB_DimDiameter | Kind=Shared Parameter | Scope=instance | Id=7626172 | Actual='15'
INFO | VERIFY OK | Element 15099051 | Parameter=NWB_DimDiameter | Kind=Shared Parameter | Scope=instance | Id=7626172 | Actual='25'
INFO | VERIFY OK | Element 15099055 | Parameter=NWB_DimDiameter | Kind=Shared Parameter | Scope=instance | Id=7626172 | Actual='15'
INFO | VERIFY OK | Element 15099114 | Parameter=NWB_DimDiameter | Kind=Shared Parameter | Scope=instance | Id=7626172 | Actual='50'
INFO | VERIFY OK | Element 15182571 | Parameter=NWB_DimDiameter | Kind=Shared Parameter | Scope=instance | Id=7626172 | Actual='32'
INFO | VERIFY OK | Element 15182607 | Parameter=NWB_DimDiameter | Kind=Shared Parameter | Scope=instance | Id=7626172 | Actual='32'
INFO | VERIFY OK | Element 15182673 | Parameter=NWB_DimDiameter | Kind=Shared Parameter | Scope=instance | Id=7626172 | Actual='32'
INFO | VERIFY OK | Element 15183628 | Parameter=NWB_DimDiameter | Kind=Shared Parameter | Scope=instance | Id=7626172 | Actual='15'
INFO | VERIFY OK | Element 15183680 | Parameter=NWB_DimDiameter | Kind=Shared Parameter | Scope=instance | Id=7626172 | Actual='25'
INFO | VERIFY OK | Element 15183929 | Parameter=NWB_DimDiameter | Kind=Shared Parameter | Scope=instance | Id=7626172 | Actual='40'
INFO | VERIFY OK | Element 15183979 | Parameter=NWB_DimDiameter | Kind=Shared Parameter | Scope=instance | Id=7626172 | Actual='40'
INFO | VERIFY OK | Element 15263740 | Parameter=NWB_DimDiameter | Kind=Shared Parameter | Scope=instance | Id=7626172 | Actual='25'
INFO | VERIFY OK | Element 15263742 | Parameter=NWB_DimDiameter | Kind=Shared Parameter | Scope=instance | Id=7626172 | Actual='25'
INFO | VERIFY OK | Element 15263746 | Parameter=NWB_DimDiameter | Kind=Shared Parameter | Scope=instance | Id=7626172 | Actual='32'
INFO | VERIFY OK | Element 15263758 | Parameter=NWB_DimDiameter | Kind=Shared Parameter | Scope=instance | Id=7626172 | Actual='32'
INFO | VERIFY OK | Element 15263761 | Parameter=NWB_DimDiameter | Kind=Shared Parameter | Scope=instance | Id=7626172 | Actual='32'
INFO | VERIFY OK | Element 15263770 | Parameter=NWB_DimDiameter | Kind=Shared Parameter | Scope=instance | Id=7626172 | Actual='25'
INFO | VERIFY OK | Element 15263774 | Parameter=NWB_DimDiameter | Kind=Shared Parameter | Scope=instance | Id=7626172 | Actual='25'
INFO | VERIFY OK | Element 15263778 | Parameter=NWB_DimDiameter | Kind=Shared Parameter | Scope=instance | Id=7626172 | Actual='25'
INFO | VERIFY OK | Element 15263782 | Parameter=NWB_DimDiameter | Kind=Shared Parameter | Scope=instance | Id=7626172 | Actual='25'
INFO | VERIFY OK | Element 15263797 | Parameter=NWB_DimDiameter | Kind=Shared Parameter | Scope=instance | Id=7626172 | Actual='32'
INFO | VERIFY OK | Element 15263799 | Parameter=NWB_DimDiameter | Kind=Shared Parameter | Scope=instance | Id=7626172 | Actual='32'
INFO | VERIFY OK | Element 15263807 | Parameter=NWB_DimDiameter | Kind=Shared Parameter | Scope=instance | Id=7626172 | Actual='32'
INFO | VERIFY OK | Element 15263811 | Parameter=NWB_DimDiameter | Kind=Shared Parameter | Scope=instance | Id=7626172 | Actual='32'
INFO | VERIFY OK | Element 15263815 | Parameter=NWB_DimDiameter | Kind=Shared Parameter | Scope=instance | Id=7626172 | Actual='32'
INFO | VERIFY OK | Element 15263823 | Parameter=NWB_DimDiameter | Kind=Shared Parameter | Scope=instance | Id=7626172 | Actual='32'
INFO | VERIFY OK | Element 15263832 | Parameter=NWB_DimDiameter | Kind=Shared Parameter | Scope=instance | Id=7626172 | Actual='25'
INFO | VERIFY OK | Element 15263834 | Parameter=NWB_DimDiameter | Kind=Shared Parameter | Scope=instance | Id=7626172 | Actual='25'
INFO | VERIFY OK | Element 15263842 | Parameter=NWB_DimDiameter | Kind=Shared Parameter | Scope=instance | Id=7626172 | Actual='25'
INFO | VERIFY OK | Element 15263851 | Parameter=NWB_DimDiameter | Kind=Shared Parameter | Scope=instance | Id=7626172 | Actual='25'
INFO | VERIFY OK | Element 15263863 | Parameter=NWB_DimDiameter | Kind=Shared Parameter | Scope=instance | Id=7626172 | Actual='25'
INFO | VERIFY OK | Element 15263872 | Parameter=NWB_DimDiameter | Kind=Shared Parameter | Scope=instance | Id=7626172 | Actual='25'
INFO | VERIFY OK | Element 15263884 | Parameter=NWB_DimDiameter | Kind=Shared Parameter | Scope=instance | Id=7626172 | Actual='32'
INFO | VERIFY OK | Element 15263887 | Parameter=NWB_DimDiameter | Kind=Shared Parameter | Scope=instance | Id=7626172 | Actual='32'
INFO | VERIFY OK | Element 15263898 | Parameter=NWB_DimDiameter | Kind=Shared Parameter | Scope=instance | Id=7626172 | Actual='32'
INFO | VERIFY OK | Element 15263901 | Parameter=NWB_DimDiameter | Kind=Shared Parameter | Scope=instance | Id=7626172 | Actual='32'
INFO | VERIFY OK | Element 15268008 | Parameter=NWB_DimDiameter | Kind=Shared Parameter | Scope=instance | Id=7626172 | Actual='50'
INFO | VERIFY OK | Element 15269118 | Parameter=NWB_DimDiameter | Kind=Shared Parameter | Scope=instance | Id=7626172 | Actual='50'
INFO | VERIFY OK | Element 15269128 | Parameter=NWB_DimDiameter | Kind=Shared Parameter | Scope=instance | Id=7626172 | Actual='50'
INFO | VERIFY OK | Element 15269130 | Parameter=NWB_DimDiameter | Kind=Shared Parameter | Scope=instance | Id=7626172 | Actual='50'
INFO | VERIFY OK | Element 15269159 | Parameter=NWB_DimDiameter | Kind=Shared Parameter | Scope=instance | Id=7626172 | Actual='50'
INFO | VERIFY OK | Element 15269173 | Parameter=NWB_DimDiameter | Kind=Shared Parameter | Scope=instance | Id=7626172 | Actual='20'
INFO | VERIFY OK | Element 15269177 | Parameter=NWB_DimDiameter | Kind=Shared Parameter | Scope=instance | Id=7626172 | Actual='20'
INFO | VERIFY OK | Element 15269179 | Parameter=NWB_DimDiameter | Kind=Shared Parameter | Scope=instance | Id=7626172 | Actual='50'
INFO | VERIFY OK | Element 15269184 | Parameter=NWB_DimDiameter | Kind=Shared Parameter | Scope=instance | Id=7626172 | Actual='50'
INFO | VERIFY OK | Element 15269243 | Parameter=NWB_DimDiameter | Kind=Shared Parameter | Scope=instance | Id=7626172 | Actual='20'
INFO | VERIFY OK | Element 15269247 | Parameter=NWB_DimDiameter | Kind=Shared Parameter | Scope=instance | Id=7626172 | Actual='20'
INFO | VERIFY OK | Element 15269631 | Parameter=NWB_DimDiameter | Kind=Shared Parameter | Scope=instance | Id=7626172 | Actual='50'
INFO | VERIFY OK | Element 15269633 | Parameter=NWB_DimDiameter | Kind=Shared Parameter | Scope=instance | Id=7626172 | Actual='50'
INFO | VERIFY OK | Element 15269799 | Parameter=NWB_DimDiameter | Kind=Shared Parameter | Scope=instance | Id=7626172 | Actual='50'
INFO | VERIFY OK | Element 15269864 | Parameter=NWB_DimDiameter | Kind=Shared Parameter | Scope=instance | Id=7626172 | Actual='20'
INFO | VERIFY OK | Element 15270272 | Parameter=NWB_DimDiameter | Kind=Shared Parameter | Scope=instance | Id=7626172 | Actual='50'
INFO | VERIFY OK | Element 15270344 | Parameter=NWB_DimDiameter | Kind=Shared Parameter | Scope=instance | Id=7626172 | Actual='20'
INFO | VERIFY OK | Element 15270475 | Parameter=NWB_DimDiameter | Kind=Shared Parameter | Scope=instance | Id=7626172 | Actual='25'
INFO | VERIFY OK | Element 15270571 | Parameter=NWB_DimDiameter | Kind=Shared Parameter | Scope=instance | Id=7626172 | Actual='50'
INFO | VERIFY OK | Element 15270574 | Parameter=NWB_DimDiameter | Kind=Shared Parameter | Scope=instance | Id=7626172 | Actual='50'
INFO | VERIFY OK | Element 15328406 | Parameter=NWB_DimDiameter | Kind=Shared Parameter | Scope=instance | Id=7626172 | Actual='25'
INFO | VERIFY OK | Element 15328409 | Parameter=NWB_DimDiameter | Kind=Shared Parameter | Scope=instance | Id=7626172 | Actual='25'
INFO | VERIFY OK | Element 15465472 | Parameter=NWB_DimDiameter | Kind=Shared Parameter | Scope=instance | Id=7626172 | Actual='25'
INFO | VERIFY OK | Element 15465475 | Parameter=NWB_DimDiameter | Kind=Shared Parameter | Scope=instance | Id=7626172 | Actual='32'
INFO | VERIFY OK | Element 15465492 | Parameter=NWB_DimDiameter | Kind=Shared Parameter | Scope=instance | Id=7626172 | Actual='25'
INFO | VERIFY OK | Element 15465495 | Parameter=NWB_DimDiameter | Kind=Shared Parameter | Scope=instance | Id=7626172 | Actual='25'
INFO | VERIFY OK | Element 15465508 | Parameter=NWB_DimDiameter | Kind=Shared Parameter | Scope=instance | Id=7626172 | Actual='25'
INFO | VERIFY OK | Element 15465523 | Parameter=NWB_DimDiameter | Kind=Shared Parameter | Scope=instance | Id=7626172 | Actual='32'
INFO | VERIFY OK | Element 15465538 | Parameter=NWB_DimDiameter | Kind=Shared Parameter | Scope=instance | Id=7626172 | Actual='25'
INFO | VERIFY OK | Element 15465541 | Parameter=NWB_DimDiameter | Kind=Shared Parameter | Scope=instance | Id=7626172 | Actual='25'
INFO | VERIFY OK | Element 15465554 | Parameter=NWB_DimDiameter | Kind=Shared Parameter | Scope=instance | Id=7626172 | Actual='15'
INFO | VERIFY OK | Element 15465557 | Parameter=NWB_DimDiameter | Kind=Shared Parameter | Scope=instance | Id=7626172 | Actual='32'
INFO | VERIFY OK | Element 15467008 | Parameter=NWB_DimDiameter | Kind=Shared Parameter | Scope=instance | Id=7626172 | Actual='40'
INFO | VERIFY OK | Element 15467016 | Parameter=NWB_DimDiameter | Kind=Shared Parameter | Scope=instance | Id=7626172 | Actual='40'
INFO | VERIFY OK | Element 15467039 | Parameter=NWB_DimDiameter | Kind=Shared Parameter | Scope=instance | Id=7626172 | Actual='40'
INFO | VERIFY OK | Element 15467049 | Parameter=NWB_DimDiameter | Kind=Shared Parameter | Scope=instance | Id=7626172 | Actual='40'
INFO | VERIFY OK | Element 15468298 | Parameter=NWB_DimDiameter | Kind=Shared Parameter | Scope=instance | Id=7626172 | Actual='15'
INFO | VERIFY OK | Element 15468312 | Parameter=NWB_DimDiameter | Kind=Shared Parameter | Scope=instance | Id=7626172 | Actual='25'
INFO | VERIFY OK | Element 15468387 | Parameter=NWB_DimDiameter | Kind=Shared Parameter | Scope=instance | Id=7626172 | Actual='15'
INFO | VERIFY OK | Element 15468419 | Parameter=NWB_DimDiameter | Kind=Shared Parameter | Scope=instance | Id=7626172 | Actual='25'
INFO | VERIFY OK | Element 15468970 | Parameter=NWB_DimDiameter | Kind=Shared Parameter | Scope=instance | Id=7626172 | Actual='32'
INFO | VERIFY OK | Element 15469061 | Parameter=NWB_DimDiameter | Kind=Shared Parameter | Scope=instance | Id=7626172 | Actual='32'
INFO | VERIFY OK | Element 15469130 | Parameter=NWB_DimDiameter | Kind=Shared Parameter | Scope=instance | Id=7626172 | Actual='32'
INFO | VERIFY OK | Element 15469167 | Parameter=NWB_DimDiameter | Kind=Shared Parameter | Scope=instance | Id=7626172 | Actual='32'
INFO | VERIFY OK | Element 15549084 | Parameter=NWB_DimDiameter | Kind=Shared Parameter | Scope=instance | Id=7626172 | Actual='25'
INFO | VERIFY OK | Element 15549086 | Parameter=NWB_DimDiameter | Kind=Shared Parameter | Scope=instance | Id=7626172 | Actual='25'
INFO | VERIFY OK | Element 15549088 | Parameter=NWB_DimDiameter | Kind=Shared Parameter | Scope=instance | Id=7626172 | Actual='25'
INFO | VERIFY OK | Element 15549098 | Parameter=NWB_DimDiameter | Kind=Shared Parameter | Scope=instance | Id=7626172 | Actual='25'
INFO | VERIFY OK | Element 15555597 | Parameter=NWB_DimDiameter | Kind=Shared Parameter | Scope=instance | Id=7626172 | Actual='25'
INFO | VERIFY OK | Element 15555605 | Parameter=NWB_DimDiameter | Kind=Shared Parameter | Scope=instance | Id=7626172 | Actual='25'
INFO | VERIFY OK | Element 15555608 | Parameter=NWB_DimDiameter | Kind=Shared Parameter | Scope=instance | Id=7626172 | Actual='32'
INFO | VERIFY OK | Element 15555619 | Parameter=NWB_DimDiameter | Kind=Shared Parameter | Scope=instance | Id=7626172 | Actual='25'
INFO | VERIFY OK | Element 15555622 | Parameter=NWB_DimDiameter | Kind=Shared Parameter | Scope=instance | Id=7626172 | Actual='32'
INFO | VERIFY OK | Element 15555634 | Parameter=NWB_DimDiameter | Kind=Shared Parameter | Scope=instance | Id=7626172 | Actual='25'
INFO | VERIFY OK | Element 15555638 | Parameter=NWB_DimDiameter | Kind=Shared Parameter | Scope=instance | Id=7626172 | Actual='25'
INFO | VERIFY OK | Element 15555644 | Parameter=NWB_DimDiameter | Kind=Shared Parameter | Scope=instance | Id=7626172 | Actual='25'
INFO | VERIFY OK | Element 15555655 | Parameter=NWB_DimDiameter | Kind=Shared Parameter | Scope=instance | Id=7626172 | Actual='25'
INFO | VERIFY OK | Element 15555658 | Parameter=NWB_DimDiameter | Kind=Shared Parameter | Scope=instance | Id=7626172 | Actual='25'
INFO | VERIFY OK | Element 15555662 | Parameter=NWB_DimDiameter | Kind=Shared Parameter | Scope=instance | Id=7626172 | Actual='25'
INFO | VERIFY OK | Element 15555668 | Parameter=NWB_DimDiameter | Kind=Shared Parameter | Scope=instance | Id=7626172 | Actual='25'
INFO | VERIFY OK | Element 15556604 | Parameter=NWB_DimDiameter | Kind=Shared Parameter | Scope=instance | Id=7626172 | Actual='25'
INFO | VERIFY OK | Element 15556635 | Parameter=NWB_DimDiameter | Kind=Shared Parameter | Scope=instance | Id=7626172 | Actual='25'
INFO | VERIFY OK | Element 15556638 | Parameter=NWB_DimDiameter | Kind=Shared Parameter | Scope=instance | Id=7626172 | Actual='32'
INFO | VERIFY OK | Element 15556747 | Parameter=NWB_DimDiameter | Kind=Shared Parameter | Scope=instance | Id=7626172 | Actual='25'
INFO | VERIFY OK | Element 15556750 | Parameter=NWB_DimDiameter | Kind=Shared Parameter | Scope=instance | Id=7626172 | Actual='32'
INFO | VERIFY OK | Element 15556798 | Parameter=NWB_DimDiameter | Kind=Shared Parameter | Scope=instance | Id=7626172 | Actual='25'
INFO | VERIFY OK | Element 15556826 | Parameter=NWB_DimDiameter | Kind=Shared Parameter | Scope=instance | Id=7626172 | Actual='25'
INFO | VERIFY OK | Element 15556835 | Parameter=NWB_DimDiameter | Kind=Shared Parameter | Scope=instance | Id=7626172 | Actual='25'
INFO | VERIFY OK | Element 15556986 | Parameter=NWB_DimDiameter | Kind=Shared Parameter | Scope=instance | Id=7626172 | Actual='50'
INFO | VERIFY OK | Element 15557002 | Parameter=NWB_DimDiameter | Kind=Shared Parameter | Scope=instance | Id=7626172 | Actual='50'
INFO | VERIFY OK | Element 15557038 | Parameter=NWB_DimDiameter | Kind=Shared Parameter | Scope=instance | Id=7626172 | Actual='50'
INFO | VERIFY OK | Element 15557047 | Parameter=NWB_DimDiameter | Kind=Shared Parameter | Scope=instance | Id=7626172 | Actual='50'
INFO | VERIFY OK | Element 15557059 | Parameter=NWB_DimDiameter | Kind=Shared Parameter | Scope=instance | Id=7626172 | Actual='50'
INFO | VERIFY OK | Element 15557102 | Parameter=NWB_DimDiameter | Kind=Shared Parameter | Scope=instance | Id=7626172 | Actual='25'
INFO | VERIFY OK | Element 15557195 | Parameter=NWB_DimDiameter | Kind=Shared Parameter | Scope=instance | Id=7626172 | Actual='25'
INFO | VERIFY OK | Element 15557198 | Parameter=NWB_DimDiameter | Kind=Shared Parameter | Scope=instance | Id=7626172 | Actual='50'
INFO | VERIFY OK | Element 15557231 | Parameter=NWB_DimDiameter | Kind=Shared Parameter | Scope=instance | Id=7626172 | Actual='50'
INFO | VERIFY OK | Element 15557234 | Parameter=NWB_DimDiameter | Kind=Shared Parameter | Scope=instance | Id=7626172 | Actual='50'
INFO | VERIFY OK | Element 15557276 | Parameter=NWB_DimDiameter | Kind=Shared Parameter | Scope=instance | Id=7626172 | Actual='25'
INFO | VERIFY OK | Element 15557302 | Parameter=NWB_DimDiameter | Kind=Shared Parameter | Scope=instance | Id=7626172 | Actual='25'
INFO | VERIFY OK | Element 15557310 | Parameter=NWB_DimDiameter | Kind=Shared Parameter | Scope=instance | Id=7626172 | Actual='25'
INFO | VERIFY OK | Element 15558444 | Parameter=NWB_DimDiameter | Kind=Shared Parameter | Scope=instance | Id=7626172 | Actual='25'
INFO | VERIFY OK | Element 15558505 | Parameter=NWB_DimDiameter | Kind=Shared Parameter | Scope=instance | Id=7626172 | Actual='25'
INFO | VERIFY OK | Element 15558515 | Parameter=NWB_DimDiameter | Kind=Shared Parameter | Scope=instance | Id=7626172 | Actual='25'
INFO | VERIFY OK | Element 15558523 | Parameter=NWB_DimDiameter | Kind=Shared Parameter | Scope=instance | Id=7626172 | Actual='25'
INFO | VERIFY OK | Element 15558549 | Parameter=NWB_DimDiameter | Kind=Shared Parameter | Scope=instance | Id=7626172 | Actual='25'
INFO | VERIFY OK | Element 15558559 | Parameter=NWB_DimDiameter | Kind=Shared Parameter | Scope=instance | Id=7626172 | Actual='25'
INFO | VERIFY OK | Element 15558991 | Parameter=NWB_DimDiameter | Kind=Shared Parameter | Scope=instance | Id=7626172 | Actual='25'
INFO | VERIFY OK | Element 15558994 | Parameter=NWB_DimDiameter | Kind=Shared Parameter | Scope=instance | Id=7626172 | Actual='50'
INFO | VERIFY OK | Element 15559029 | Parameter=NWB_DimDiameter | Kind=Shared Parameter | Scope=instance | Id=7626172 | Actual='50'
INFO | VERIFY OK | Element 15559032 | Parameter=NWB_DimDiameter | Kind=Shared Parameter | Scope=instance | Id=7626172 | Actual='50'
INFO | VERIFY OK | Element 15559469 | Parameter=NWB_DimDiameter | Kind=Shared Parameter | Scope=instance | Id=7626172 | Actual='25'
INFO | VERIFY OK | Element 15559471 | Parameter=NWB_DimDiameter | Kind=Shared Parameter | Scope=instance | Id=7626172 | Actual='25'
INFO | VERIFY OK | Element 15559475 | Parameter=NWB_DimDiameter | Kind=Shared Parameter | Scope=instance | Id=7626172 | Actual='25'
INFO | VERIFY OK | Element 15559479 | Parameter=NWB_DimDiameter | Kind=Shared Parameter | Scope=instance | Id=7626172 | Actual='25'
INFO | VERIFY OK | Element 15559487 | Parameter=NWB_DimDiameter | Kind=Shared Parameter | Scope=instance | Id=7626172 | Actual='25'
INFO | VERIFY OK | Element 15559495 | Parameter=NWB_DimDiameter | Kind=Shared Parameter | Scope=instance | Id=7626172 | Actual='25'
INFO | VERIFY OK | Element 15559725 | Parameter=NWB_DimDiameter | Kind=Shared Parameter | Scope=instance | Id=7626172 | Actual='25'
INFO | VERIFY OK | Element 15559796 | Parameter=NWB_DimDiameter | Kind=Shared Parameter | Scope=instance | Id=7626172 | Actual='25'
INFO | VERIFY OK | Element 15559799 | Parameter=NWB_DimDiameter | Kind=Shared Parameter | Scope=instance | Id=7626172 | Actual='32'
INFO | VERIFY OK | Element 15563439 | Parameter=NWB_DimDiameter | Kind=Shared Parameter | Scope=instance | Id=7626172 | Actual='25'
INFO | VERIFY OK | Element 15563442 | Parameter=NWB_DimDiameter | Kind=Shared Parameter | Scope=instance | Id=7626172 | Actual='25'
INFO | VERIFY OK | Element 15563473 | Parameter=NWB_DimDiameter | Kind=Shared Parameter | Scope=instance | Id=7626172 | Actual='25'
INFO | VERIFY OK | Element 15563476 | Parameter=NWB_DimDiameter | Kind=Shared Parameter | Scope=instance | Id=7626172 | Actual='32'
INFO | VERIFY OK | Element 15563519 | Parameter=NWB_DimDiameter | Kind=Shared Parameter | Scope=instance | Id=7626172 | Actual='25'
INFO | VERIFY OK | Element 15563522 | Parameter=NWB_DimDiameter | Kind=Shared Parameter | Scope=instance | Id=7626172 | Actual='32'
INFO | VERIFY OK | Element 15563704 | Parameter=NWB_DimDiameter | Kind=Shared Parameter | Scope=instance | Id=7626172 | Actual='25'
INFO | VERIFY OK | Element 15563723 | Parameter=NWB_DimDiameter | Kind=Shared Parameter | Scope=instance | Id=7626172 | Actual='25'
INFO | VERIFY OK | Element 15563819 | Parameter=NWB_DimDiameter | Kind=Shared Parameter | Scope=instance | Id=7626172 | Actual='25'
INFO | VERIFY OK | Element 15563851 | Parameter=NWB_DimDiameter | Kind=Shared Parameter | Scope=instance | Id=7626172 | Actual='25'
INFO | VERIFY OK | Element 15612676 | Parameter=NWB_DimDiameter | Kind=Shared Parameter | Scope=instance | Id=7626172 | Actual='40'
INFO | VERIFY OK | Element 15612696 | Parameter=NWB_DimDiameter | Kind=Shared Parameter | Scope=instance | Id=7626172 | Actual='25'
INFO | VERIFY OK | Element 15612699 | Parameter=NWB_DimDiameter | Kind=Shared Parameter | Scope=instance | Id=7626172 | Actual='40'
INFO | VERIFY OK | Element 15612787 | Parameter=NWB_DimDiameter | Kind=Shared Parameter | Scope=instance | Id=7626172 | Actual='50'
INFO | VERIFY OK | Element 15612803 | Parameter=NWB_DimDiameter | Kind=Shared Parameter | Scope=instance | Id=7626172 | Actual='50'
INFO | VERIFY OK | Element 15612834 | Parameter=NWB_DimDiameter | Kind=Shared Parameter | Scope=instance | Id=7626172 | Actual='50'
INFO | VERIFY OK | Element 15612978 | Parameter=NWB_DimDiameter | Kind=Shared Parameter | Scope=instance | Id=7626172 | Actual='32'
INFO | VERIFY OK | Element 15613032 | Parameter=NWB_DimDiameter | Kind=Shared Parameter | Scope=instance | Id=7626172 | Actual='32'
INFO | VERIFY OK | Element 15615741 | Parameter=NWB_DimDiameter | Kind=Shared Parameter | Scope=instance | Id=7626172 | Actual='25'
INFO | VERIFY OK | Element 15615761 | Parameter=NWB_DimDiameter | Kind=Shared Parameter | Scope=instance | Id=7626172 | Actual='25'
INFO | VERIFY OK | Element 15639414 | Parameter=NWB_DimDiameter | Kind=Shared Parameter | Scope=instance | Id=7626172 | Actual='25'
INFO | VERIFY OK | Element 15639461 | Parameter=NWB_DimDiameter | Kind=Shared Parameter | Scope=instance | Id=7626172 | Actual='25'
INFO | VERIFY OK | Element 15639470 | Parameter=NWB_DimDiameter | Kind=Shared Parameter | Scope=instance | Id=7626172 | Actual='25'
INFO | VERIFY OK | Element 15639672 | Parameter=NWB_DimDiameter | Kind=Shared Parameter | Scope=instance | Id=7626172 | Actual='25'
INFO | VERIFY OK | Element 15640004 | Parameter=NWB_DimDiameter | Kind=Shared Parameter | Scope=instance | Id=7626172 | Actual='25'
INFO | VERIFY OK | Element 15664456 | Parameter=NWB_DimDiameter | Kind=Shared Parameter | Scope=instance | Id=7626172 | Actual='15'
INFO | VERIFY OK | Element 15664466 | Parameter=NWB_DimDiameter | Kind=Shared Parameter | Scope=instance | Id=7626172 | Actual='25'
INFO | VERIFY OK | Element 15664479 | Parameter=NWB_DimDiameter | Kind=Shared Parameter | Scope=instance | Id=7626172 | Actual='25'
INFO | VERIFY OK | Element 15664491 | Parameter=NWB_DimDiameter | Kind=Shared Parameter | Scope=instance | Id=7626172 | Actual='15'
INFO | VERIFY OK | Element 15664768 | Parameter=NWB_DimDiameter | Kind=Shared Parameter | Scope=instance | Id=7626172 | Actual='25'
INFO | VERIFY OK | Element 15664771 | Parameter=NWB_DimDiameter | Kind=Shared Parameter | Scope=instance | Id=7626172 | Actual='25'
INFO | VERIFY OK | Element 15664774 | Parameter=NWB_DimDiameter | Kind=Shared Parameter | Scope=instance | Id=7626172 | Actual='25'
INFO | VERIFY OK | Element 15664780 | Parameter=NWB_DimDiameter | Kind=Shared Parameter | Scope=instance | Id=7626172 | Actual='25'
INFO | VERIFY OK | Element 15664786 | Parameter=NWB_DimDiameter | Kind=Shared Parameter | Scope=instance | Id=7626172 | Actual='25'
INFO | VERIFY OK | Element 15664789 | Parameter=NWB_DimDiameter | Kind=Shared Parameter | Scope=instance | Id=7626172 | Actual='25'
INFO | VERIFY OK | Element 15664798 | Parameter=NWB_DimDiameter | Kind=Shared Parameter | Scope=instance | Id=7626172 | Actual='25'
INFO | VERIFY OK | Element 15664802 | Parameter=NWB_DimDiameter | Kind=Shared Parameter | Scope=instance | Id=7626172 | Actual='25'
INFO | VERIFY OK | Element 15664824 | Parameter=NWB_DimDiameter | Kind=Shared Parameter | Scope=instance | Id=7626172 | Actual='25'
INFO | VERIFY OK | Element 15664827 | Parameter=NWB_DimDiameter | Kind=Shared Parameter | Scope=instance | Id=7626172 | Actual='32'
INFO | VERIFY OK | Element 15664841 | Parameter=NWB_DimDiameter | Kind=Shared Parameter | Scope=instance | Id=7626172 | Actual='25'
INFO | VERIFY OK | Element 15664844 | Parameter=NWB_DimDiameter | Kind=Shared Parameter | Scope=instance | Id=7626172 | Actual='32'
INFO | VERIFY OK | Element 15664859 | Parameter=NWB_DimDiameter | Kind=Shared Parameter | Scope=instance | Id=7626172 | Actual='25'
INFO | VERIFY OK | Element 15664861 | Parameter=NWB_DimDiameter | Kind=Shared Parameter | Scope=instance | Id=7626172 | Actual='25'
INFO | VERIFY OK | Element 15664865 | Parameter=NWB_DimDiameter | Kind=Shared Parameter | Scope=instance | Id=7626172 | Actual='25'
INFO | VERIFY OK | Element 15664868 | Parameter=NWB_DimDiameter | Kind=Shared Parameter | Scope=instance | Id=7626172 | Actual='32'
INFO | VERIFY OK | Element 15664879 | Parameter=NWB_DimDiameter | Kind=Shared Parameter | Scope=instance | Id=7626172 | Actual='25'
INFO | VERIFY OK | Element 15664882 | Parameter=NWB_DimDiameter | Kind=Shared Parameter | Scope=instance | Id=7626172 | Actual='32'
INFO | VERIFY OK | Element 15664894 | Parameter=NWB_DimDiameter | Kind=Shared Parameter | Scope=instance | Id=7626172 | Actual='25'
INFO | Candidate: NWB_DimDiameter | Scope=instance | Storage=String | ReadOnly=False | Shared=True | Id=7626172
INFO | Element 15664898 | NWB_DimDiameter | Kind=Shared Parameter | Scope=instance | Storage=String | Old='' | New='25'
ELEMENT | 15664898 | Size='25ø' | Width='' | Height='' | Diameter='25' | Statuses=NWB_DimWidth:SKIP; NWB_DimHeight:SKIP; NWB_DimDiameter:OK
INFO | Candidate: NWB_DimDiameter | Scope=instance | Storage=String | ReadOnly=False | Shared=True | Id=7626172
INFO | Element 15664907 | NWB_DimDiameter | Kind=Shared Parameter | Scope=instance | Storage=String | Old='' | New='32'
ELEMENT | 15664907 | Size='32ø' | Width='' | Height='' | Diameter='32' | Statuses=NWB_DimWidth:SKIP; NWB_DimHeight:SKIP; NWB_DimDiameter:OK
INFO | Candidate: NWB_DimDiameter | Scope=instance | Storage=String | ReadOnly=False | Shared=True | Id=7626172
INFO | Element 15664910 | NWB_DimDiameter | Kind=Shared Parameter | Scope=instance | Storage=String | Old='' | New='32'
ELEMENT | 15664910 | Size='32ø' | Width='' | Height='' | Diameter='32' | Statuses=NWB_DimWidth:SKIP; NWB_DimHeight:SKIP; NWB_DimDiameter:OK
INFO | Candidate: NWB_DimDiameter | Scope=instance | Storage=String | ReadOnly=False | Shared=True | Id=7626172
INFO | Element 15664913 | NWB_DimDiameter | Kind=Shared Parameter | Scope=instance | Storage=String | Old='' | New='32'
ELEMENT | 15664913 | Size='32ø' | Width='' | Height='' | Diameter='32' | Statuses=NWB_DimWidth:SKIP; NWB_DimHeight:SKIP; NWB_DimDiameter:OK
INFO | Candidate: NWB_DimDiameter | Scope=instance | Storage=String | ReadOnly=False | Shared=True | Id=7626172
INFO | Element 15664916 | NWB_DimDiameter | Kind=Shared Parameter | Scope=instance | Storage=String | Old='' | New='32'
ELEMENT | 15664916 | Size='32ø' | Width='' | Height='' | Diameter='32' | Statuses=NWB_DimWidth:SKIP; NWB_DimHeight:SKIP; NWB_DimDiameter:OK
INFO | Candidate: NWB_DimDiameter | Scope=instance | Storage=String | ReadOnly=False | Shared=True | Id=7626172
INFO | Element 15664925 | NWB_DimDiameter | Kind=Shared Parameter | Scope=instance | Storage=String | Old='' | New='32'
ELEMENT | 15664925 | Size='32ø' | Width='' | Height='' | Diameter='32' | Statuses=NWB_DimWidth:SKIP; NWB_DimHeight:SKIP; NWB_DimDiameter:OK
INFO | Candidate: NWB_DimDiameter | Scope=instance | Storage=String | ReadOnly=False | Shared=True | Id=7626172
INFO | Element 15664928 | NWB_DimDiameter | Kind=Shared Parameter | Scope=instance | Storage=String | Old='' | New='32'
ELEMENT | 15664928 | Size='32ø' | Width='' | Height='' | Diameter='32' | Statuses=NWB_DimWidth:SKIP; NWB_DimHeight:SKIP; NWB_DimDiameter:OK
INFO | Candidate: NWB_DimDiameter | Scope=instance | Storage=String | ReadOnly=False | Shared=True | Id=7626172
INFO | Element 15664937 | NWB_DimDiameter | Kind=Shared Parameter | Scope=instance | Storage=String | Old='' | New='32'
ELEMENT | 15664937 | Size='32ø' | Width='' | Height='' | Diameter='32' | Statuses=NWB_DimWidth:SKIP; NWB_DimHeight:SKIP; NWB_DimDiameter:OK
INFO | Candidate: NWB_DimDiameter | Scope=instance | Storage=String | ReadOnly=False | Shared=True | Id=7626172
INFO | Element 15664941 | NWB_DimDiameter | Kind=Shared Parameter | Scope=instance | Storage=String | Old='' | New='32'
ELEMENT | 15664941 | Size='32ø' | Width='' | Height='' | Diameter='32' | Statuses=NWB_DimWidth:SKIP; NWB_DimHeight:SKIP; NWB_DimDiameter:OK
INFO | Candidate: NWB_DimDiameter | Scope=instance | Storage=String | ReadOnly=False | Shared=True | Id=7626172
INFO | Element 15664944 | NWB_DimDiameter | Kind=Shared Parameter | Scope=instance | Storage=String | Old='' | New='32'
ELEMENT | 15664944 | Size='32ø' | Width='' | Height='' | Diameter='32' | Statuses=NWB_DimWidth:SKIP; NWB_DimHeight:SKIP; NWB_DimDiameter:OK
INFO | Candidate: NWB_DimDiameter | Scope=instance | Storage=String | ReadOnly=False | Shared=True | Id=7626172
INFO | Element 15664947 | NWB_DimDiameter | Kind=Shared Parameter | Scope=instance | Storage=String | Old='' | New='32'
ELEMENT | 15664947 | Size='32ø' | Width='' | Height='' | Diameter='32' | Statuses=NWB_DimWidth:SKIP; NWB_DimHeight:SKIP; NWB_DimDiameter:OK
INFO | Candidate: NWB_DimDiameter | Scope=instance | Storage=String | ReadOnly=False | Shared=True | Id=7626172
INFO | Element 15664950 | NWB_DimDiameter | Kind=Shared Parameter | Scope=instance | Storage=String | Old='' | New='32'
ELEMENT | 15664950 | Size='32ø' | Width='' | Height='' | Diameter='32' | Statuses=NWB_DimWidth:SKIP; NWB_DimHeight:SKIP; NWB_DimDiameter:OK
INFO | Candidate: NWB_DimDiameter | Scope=instance | Storage=String | ReadOnly=False | Shared=True | Id=7626172
INFO | Element 15664960 | NWB_DimDiameter | Kind=Shared Parameter | Scope=instance | Storage=String | Old='' | New='32'
ELEMENT | 15664960 | Size='32ø' | Width='' | Height='' | Diameter='32' | Statuses=NWB_DimWidth:SKIP; NWB_DimHeight:SKIP; NWB_DimDiameter:OK
INFO | Candidate: NWB_DimDiameter | Scope=instance | Storage=String | ReadOnly=False | Shared=True | Id=7626172
INFO | Element 15664969 | NWB_DimDiameter | Kind=Shared Parameter | Scope=instance | Storage=String | Old='' | New='32'
ELEMENT | 15664969 | Size='32ø' | Width='' | Height='' | Diameter='32' | Statuses=NWB_DimWidth:SKIP; NWB_DimHeight:SKIP; NWB_DimDiameter:OK
INFO | Candidate: NWB_DimDiameter | Scope=instance | Storage=String | ReadOnly=False | Shared=True | Id=7626172
INFO | Element 15664978 | NWB_DimDiameter | Kind=Shared Parameter | Scope=instance | Storage=String | Old='' | New='32'
ELEMENT | 15664978 | Size='32ø' | Width='' | Height='' | Diameter='32' | Statuses=NWB_DimWidth:SKIP; NWB_DimHeight:SKIP; NWB_DimDiameter:OK
INFO | Candidate: NWB_DimDiameter | Scope=instance | Storage=String | ReadOnly=False | Shared=True | Id=7626172
ELEMENT | 15673710 | Size='450ø' | Width='' | Height='' | Diameter='450' | Statuses=NWB_DimWidth:SKIP; NWB_DimHeight:SKIP; NWB_DimDiameter:SKIP
INFO | Candidate: NWB_DimDiameter | Scope=instance | Storage=String | ReadOnly=False | Shared=True | Id=7626172
INFO | Element 15760501 | NWB_DimDiameter | Kind=Shared Parameter | Scope=instance | Storage=String | Old='' | New='32'
ELEMENT | 15760501 | Size='32ø' | Width='' | Height='' | Diameter='32' | Statuses=NWB_DimWidth:SKIP; NWB_DimHeight:SKIP; NWB_DimDiameter:OK
INFO | Candidate: NWB_DimDiameter | Scope=instance | Storage=String | ReadOnly=False | Shared=True | Id=7626172
INFO | Element 15760518 | NWB_DimDiameter | Kind=Shared Parameter | Scope=instance | Storage=String | Old='' | New='32'
ELEMENT | 15760518 | Size='32ø' | Width='' | Height='' | Diameter='32' | Statuses=NWB_DimWidth:SKIP; NWB_DimHeight:SKIP; NWB_DimDiameter:OK
INFO | Candidate: NWB_DimDiameter | Scope=instance | Storage=String | ReadOnly=False | Shared=True | Id=7626172
INFO | Element 13513429 | NWB_DimDiameter | Kind=Shared Parameter | Scope=instance | Storage=String | Old='' | New='32'
ELEMENT | 13513429 | Size='32ø-32ø' | Width='' | Height='' | Diameter='32' | Statuses=NWB_DimWidth:SKIP; NWB_DimHeight:SKIP; NWB_DimDiameter:OK
INFO | Candidate: NWB_DimDiameter | Scope=instance | Storage=String | ReadOnly=False | Shared=True | Id=7626172
INFO | Element 13513463 | NWB_DimDiameter | Kind=Shared Parameter | Scope=instance | Storage=String | Old='' | New='32'
ELEMENT | 13513463 | Size='32ø-32ø' | Width='' | Height='' | Diameter='32' | Statuses=NWB_DimWidth:SKIP; NWB_DimHeight:SKIP; NWB_DimDiameter:OK
INFO | Candidate: NWB_DimDiameter | Scope=instance | Storage=Double | ReadOnly=False | Shared=True | Id=3045162
INFO | Candidate: NWB_DimDiameter | Scope=instance | Storage=String | ReadOnly=False | Shared=True | Id=7626172
INFO | Found 2 parameters named NWB_DimDiameter
INFO | SELECTED | Shared Parameter | Scope=instance | ReadOnly=False | Id=7626172
INFO | SELECTED | Shared Parameter | Scope=instance | ReadOnly=False | Id=3045162
INFO | Element 13642527 | NWB_DimDiameter | Kind=Shared Parameter | Scope=instance | Storage=String | Old='' | New='25'
INFO | Element 13642527 | NWB_DimDiameter | Kind=Shared Parameter | Scope=instance | Storage=Double | Old='0' | New='25'
ELEMENT | 13642527 | Size='25ø-15ø' | Width='' | Height='' | Diameter='25' | Statuses=NWB_DimWidth:SKIP; NWB_DimHeight:SKIP; NWB_DimDiameter:OK
INFO | Candidate: NWB_DimDiameter | Scope=instance | Storage=String | ReadOnly=False | Shared=True | Id=7626172
INFO | Element 13642879 | NWB_DimDiameter | Kind=Shared Parameter | Scope=instance | Storage=String | Old='' | New='25'
ELEMENT | 13642879 | Size='25ø-25ø' | Width='' | Height='' | Diameter='25' | Statuses=NWB_DimWidth:SKIP; NWB_DimHeight:SKIP; NWB_DimDiameter:OK
INFO | Candidate: NWB_DimDiameter | Scope=instance | Storage=Double | ReadOnly=False | Shared=True | Id=3045162
INFO | Candidate: NWB_DimDiameter | Scope=instance | Storage=String | ReadOnly=False | Shared=True | Id=7626172
INFO | Found 2 parameters named NWB_DimDiameter
INFO | SELECTED | Shared Parameter | Scope=instance | ReadOnly=False | Id=7626172
INFO | SELECTED | Shared Parameter | Scope=instance | ReadOnly=False | Id=3045162
INFO | Element 13642881 | NWB_DimDiameter | Kind=Shared Parameter | Scope=instance | Storage=String | Old='' | New='25'
INFO | Element 13642881 | NWB_DimDiameter | Kind=Shared Parameter | Scope=instance | Storage=Double | Old='0' | New='25'
ELEMENT | 13642881 | Size='25ø-25ø-25ø' | Width='' | Height='' | Diameter='25' | Statuses=NWB_DimWidth:SKIP; NWB_DimHeight:SKIP; NWB_DimDiameter:OK
INFO | Candidate: NWB_DimDiameter | Scope=instance | Storage=String | ReadOnly=False | Shared=True | Id=7626172
INFO | Element 13643015 | NWB_DimDiameter | Kind=Shared Parameter | Scope=instance | Storage=String | Old='' | New='25'
ELEMENT | 13643015 | Size='25ø-25ø' | Width='' | Height='' | Diameter='25' | Statuses=NWB_DimWidth:SKIP; NWB_DimHeight:SKIP; NWB_DimDiameter:OK
INFO | Candidate: NWB_DimDiameter | Scope=instance | Storage=String | ReadOnly=False | Shared=True | Id=7626172
INFO | Element 13643025 | NWB_DimDiameter | Kind=Shared Parameter | Scope=instance | Storage=String | Old='' | New='25'
ELEMENT | 13643025 | Size='25ø-25ø' | Width='' | Height='' | Diameter='25' | Statuses=NWB_DimWidth:SKIP; NWB_DimHeight:SKIP; NWB_DimDiameter:OK
INFO | Candidate: NWB_DimDiameter | Scope=instance | Storage=String | ReadOnly=False | Shared=True | Id=7626172
INFO | Element 13643080 | NWB_DimDiameter | Kind=Shared Parameter | Scope=instance | Storage=String | Old='' | New='25'
ELEMENT | 13643080 | Size='25ø-25ø' | Width='' | Height='' | Diameter='25' | Statuses=NWB_DimWidth:SKIP; NWB_DimHeight:SKIP; NWB_DimDiameter:OK
INFO | Candidate: NWB_DimDiameter | Scope=instance | Storage=String | ReadOnly=False | Shared=True | Id=7626172
INFO | Element 13643151 | NWB_DimDiameter | Kind=Shared Parameter | Scope=instance | Storage=String | Old='' | New='25'
ELEMENT | 13643151 | Size='25ø-25ø' | Width='' | Height='' | Diameter='25' | Statuses=NWB_DimWidth:SKIP; NWB_DimHeight:SKIP; NWB_DimDiameter:OK
INFO | Candidate: NWB_DimDiameter | Scope=instance | Storage=String | ReadOnly=False | Shared=True | Id=7626172
INFO | Element 13643197 | NWB_DimDiameter | Kind=Shared Parameter | Scope=instance | Storage=String | Old='' | New='25'
ELEMENT | 13643197 | Size='25ø-25ø' | Width='' | Height='' | Diameter='25' | Statuses=NWB_DimWidth:SKIP; NWB_DimHeight:SKIP; NWB_DimDiameter:OK
INFO | Candidate: NWB_DimDiameter | Scope=instance | Storage=String | ReadOnly=False | Shared=True | Id=7626172
INFO | Element 13643291 | NWB_DimDiameter | Kind=Shared Parameter | Scope=instance | Storage=String | Old='' | New='32'
ELEMENT | 13643291 | Size='32ø-32ø' | Width='' | Height='' | Diameter='32' | Statuses=NWB_DimWidth:SKIP; NWB_DimHeight:SKIP; NWB_DimDiameter:OK
INFO | Candidate: NWB_DimDiameter | Scope=instance | Storage=Double | ReadOnly=False | Shared=True | Id=3045162
INFO | Candidate: NWB_DimDiameter | Scope=instance | Storage=String | ReadOnly=False | Shared=True | Id=7626172
INFO | Found 2 parameters named NWB_DimDiameter
INFO | SELECTED | Shared Parameter | Scope=instance | ReadOnly=False | Id=7626172
INFO | SELECTED | Shared Parameter | Scope=instance | ReadOnly=False | Id=3045162
INFO | Element 13643312 | NWB_DimDiameter | Kind=Shared Parameter | Scope=instance | Storage=String | Old='' | New='25'
INFO | Element 13643312 | NWB_DimDiameter | Kind=Shared Parameter | Scope=instance | Storage=Double | Old='0' | New='25'
ELEMENT | 13643312 | Size='25ø-25ø-25ø' | Width='' | Height='' | Diameter='25' | Statuses=NWB_DimWidth:SKIP; NWB_DimHeight:SKIP; NWB_DimDiameter:OK
INFO | Candidate: NWB_DimDiameter | Scope=instance | Storage=String | ReadOnly=False | Shared=True | Id=7626172
INFO | Element 13643376 | NWB_DimDiameter | Kind=Shared Parameter | Scope=instance | Storage=String | Old='' | New='25'
ELEMENT | 13643376 | Size='25ø-25ø' | Width='' | Height='' | Diameter='25' | Statuses=NWB_DimWidth:SKIP; NWB_DimHeight:SKIP; NWB_DimDiameter:OK
INFO | Candidate: NWB_DimDiameter | Scope=instance | Storage=String | ReadOnly=False | Shared=True | Id=7626172
INFO | Element 13643468 | NWB_DimDiameter | Kind=Shared Parameter | Scope=instance | Storage=String | Old='' | New='32'
ELEMENT | 13643468 | Size='32ø-32ø' | Width='' | Height='' | Diameter='32' | Statuses=NWB_DimWidth:SKIP; NWB_DimHeight:SKIP; NWB_DimDiameter:OK
INFO | Candidate: NWB_DimDiameter | Scope=instance | Storage=Double | ReadOnly=False | Shared=True | Id=3045162
INFO | Candidate: NWB_DimDiameter | Scope=instance | Storage=String | ReadOnly=False | Shared=True | Id=7626172
INFO | Found 2 parameters named NWB_DimDiameter
INFO | SELECTED | Shared Parameter | Scope=instance | ReadOnly=False | Id=7626172
INFO | SELECTED | Shared Parameter | Scope=instance | ReadOnly=False | Id=3045162
INFO | Element 13643491 | NWB_DimDiameter | Kind=Shared Parameter | Scope=instance | Storage=String | Old='' | New='25'
INFO | Element 13643491 | NWB_DimDiameter | Kind=Shared Parameter | Scope=instance | Storage=Double | Old='0' | New='25'
ELEMENT | 13643491 | Size='25ø-25ø-25ø' | Width='' | Height='' | Diameter='25' | Statuses=NWB_DimWidth:SKIP; NWB_DimHeight:SKIP; NWB_DimDiameter:OK
INFO | Candidate: NWB_DimDiameter | Scope=instance | Storage=Double | ReadOnly=False | Shared=True | Id=3045162
INFO | Candidate: NWB_DimDiameter | Scope=instance | Storage=String | ReadOnly=False | Shared=True | Id=7626172
INFO | Found 2 parameters named NWB_DimDiameter
INFO | SELECTED | Shared Parameter | Scope=instance | ReadOnly=False | Id=7626172
INFO | SELECTED | Shared Parameter | Scope=instance | ReadOnly=False | Id=3045162
INFO | Element 13643648 | NWB_DimDiameter | Kind=Shared Parameter | Scope=instance | Storage=String | Old='' | New='25'
INFO | Element 13643648 | NWB_DimDiameter | Kind=Shared Parameter | Scope=instance | Storage=Double | Old='0' | New='25'
ELEMENT | 13643648 | Size='25ø-15ø' | Width='' | Height='' | Diameter='25' | Statuses=NWB_DimWidth:SKIP; NWB_DimHeight:SKIP; NWB_DimDiameter:OK
INFO | Candidate: NWB_DimDiameter | Scope=instance | Storage=Double | ReadOnly=False | Shared=True | Id=3045162
INFO | Candidate: NWB_DimDiameter | Scope=instance | Storage=String | ReadOnly=False | Shared=True | Id=7626172
INFO | Found 2 parameters named NWB_DimDiameter
INFO | SELECTED | Shared Parameter | Scope=instance | ReadOnly=False | Id=7626172
INFO | SELECTED | Shared Parameter | Scope=instance | ReadOnly=False | Id=3045162
INFO | Element 13643720 | NWB_DimDiameter | Kind=Shared Parameter | Scope=instance | Storage=String | Old='' | New='25'
INFO | Element 13643720 | NWB_DimDiameter | Kind=Shared Parameter | Scope=instance | Storage=Double | Old='0' | New='25'
ELEMENT | 13643720 | Size='25ø-25ø-25ø' | Width='' | Height='' | Diameter='25' | Statuses=NWB_DimWidth:SKIP; NWB_DimHeight:SKIP; NWB_DimDiameter:OK
INFO | Candidate: NWB_DimDiameter | Scope=instance | Storage=String | ReadOnly=False | Shared=True | Id=7626172
INFO | Element 13643765 | NWB_DimDiameter | Kind=Shared Parameter | Scope=instance | Storage=String | Old='' | New='25'
ELEMENT | 13643765 | Size='25ø-25ø' | Width='' | Height='' | Diameter='25' | Statuses=NWB_DimWidth:SKIP; NWB_DimHeight:SKIP; NWB_DimDiameter:OK
INFO | Candidate: NWB_DimDiameter | Scope=instance | Storage=String | ReadOnly=False | Shared=True | Id=7626172
INFO | Element 13644692 | NWB_DimDiameter | Kind=Shared Parameter | Scope=instance | Storage=String | Old='' | New='32'
ELEMENT | 13644692 | Size='32ø-32ø' | Width='' | Height='' | Diameter='32' | Statuses=NWB_DimWidth:SKIP; NWB_DimHeight:SKIP; NWB_DimDiameter:OK
INFO | Candidate: NWB_DimDiameter | Scope=instance | Storage=String | ReadOnly=False | Shared=True | Id=7626172
INFO | Element 13647636 | NWB_DimDiameter | Kind=Shared Parameter | Scope=instance | Storage=String | Old='' | New='50'
ELEMENT | 13647636 | Size='50ø-50ø' | Width='' | Height='' | Diameter='50' | Statuses=NWB_DimWidth:SKIP; NWB_DimHeight:SKIP; NWB_DimDiameter:OK
INFO | Candidate: NWB_DimDiameter | Scope=instance | Storage=Double | ReadOnly=False | Shared=True | Id=3045162
INFO | Candidate: NWB_DimDiameter | Scope=instance | Storage=String | ReadOnly=False | Shared=True | Id=7626172
INFO | Found 2 parameters named NWB_DimDiameter
INFO | SELECTED | Shared Parameter | Scope=instance | ReadOnly=False | Id=7626172
INFO | SELECTED | Shared Parameter | Scope=instance | ReadOnly=False | Id=3045162
INFO | Element 13648202 | NWB_DimDiameter | Kind=Shared Parameter | Scope=instance | Storage=String | Old='' | New='50'
INFO | Element 13648202 | NWB_DimDiameter | Kind=Shared Parameter | Scope=instance | Storage=Double | Old='0' | New='50'
ELEMENT | 13648202 | Size='50ø-50ø-50ø' | Width='' | Height='' | Diameter='50' | Statuses=NWB_DimWidth:SKIP; NWB_DimHeight:SKIP; NWB_DimDiameter:OK
INFO | Candidate: NWB_DimDiameter | Scope=instance | Storage=String | ReadOnly=False | Shared=True | Id=7626172
INFO | Element 13688807 | NWB_DimDiameter | Kind=Shared Parameter | Scope=instance | Storage=String | Old='' | New='50'
ELEMENT | 13688807 | Size='50ø-50ø' | Width='' | Height='' | Diameter='50' | Statuses=NWB_DimWidth:SKIP; NWB_DimHeight:SKIP; NWB_DimDiameter:OK
INFO | Candidate: NWB_DimDiameter | Scope=instance | Storage=String | ReadOnly=False | Shared=True | Id=7626172
INFO | Element 13689949 | NWB_DimDiameter | Kind=Shared Parameter | Scope=instance | Storage=String | Old='' | New='32'
ELEMENT | 13689949 | Size='32ø-32ø' | Width='' | Height='' | Diameter='32' | Statuses=NWB_DimWidth:SKIP; NWB_DimHeight:SKIP; NWB_DimDiameter:OK
INFO | Candidate: NWB_DimDiameter | Scope=instance | Storage=String | ReadOnly=False | Shared=True | Id=7626172
INFO | Element 13693936 | NWB_DimDiameter | Kind=Shared Parameter | Scope=instance | Storage=String | Old='' | New='40'
ELEMENT | 13693936 | Size='40ø-40ø' | Width='' | Height='' | Diameter='40' | Statuses=NWB_DimWidth:SKIP; NWB_DimHeight:SKIP; NWB_DimDiameter:OK
INFO | Candidate: NWB_DimDiameter | Scope=instance | Storage=String | ReadOnly=False | Shared=True | Id=7626172
INFO | Element 13693940 | NWB_DimDiameter | Kind=Shared Parameter | Scope=instance | Storage=String | Old='' | New='40'
ELEMENT | 13693940 | Size='40ø-40ø' | Width='' | Height='' | Diameter='40' | Statuses=NWB_DimWidth:SKIP; NWB_DimHeight:SKIP; NWB_DimDiameter:OK
INFO | Candidate: NWB_DimDiameter | Scope=instance | Storage=String | ReadOnly=False | Shared=True | Id=7626172
INFO | Element 13694047 | NWB_DimDiameter | Kind=Shared Parameter | Scope=instance | Storage=String | Old='' | New='40'
ELEMENT | 13694047 | Size='40ø-40ø' | Width='' | Height='' | Diameter='40' | Statuses=NWB_DimWidth:SKIP; NWB_DimHeight:SKIP; NWB_DimDiameter:OK
INFO | Candidate: NWB_DimDiameter | Scope=instance | Storage=String | ReadOnly=False | Shared=True | Id=7626172
INFO | Element 13694050 | NWB_DimDiameter | Kind=Shared Parameter | Scope=instance | Storage=String | Old='' | New='40'
ELEMENT | 13694050 | Size='40ø-40ø' | Width='' | Height='' | Diameter='40' | Statuses=NWB_DimWidth:SKIP; NWB_DimHeight:SKIP; NWB_DimDiameter:OK
INFO | Candidate: NWB_DimDiameter | Scope=instance | Storage=String | ReadOnly=False | Shared=True | Id=7626172
INFO | Element 13711977 | NWB_DimDiameter | Kind=Shared Parameter | Scope=instance | Storage=String | Old='' | New='160'
ELEMENT | 13711977 | Size='160ø-160ø' | Width='' | Height='' | Diameter='160' | Statuses=NWB_DimWidth:SKIP; NWB_DimHeight:SKIP; NWB_DimDiameter:OK
INFO | Candidate: NWB_DimDiameter | Scope=instance | Storage=String | ReadOnly=False | Shared=True | Id=7626172
INFO | Element 13755007 | NWB_DimDiameter | Kind=Shared Parameter | Scope=instance | Storage=String | Old='' | New='25'
ELEMENT | 13755007 | Size='25ø-25ø' | Width='' | Height='' | Diameter='25' | Statuses=NWB_DimWidth:SKIP; NWB_DimHeight:SKIP; NWB_DimDiameter:OK
INFO | Candidate: NWB_DimDiameter | Scope=instance | Storage=String | ReadOnly=False | Shared=True | Id=7626172
INFO | Element 13755013 | NWB_DimDiameter | Kind=Shared Parameter | Scope=instance | Storage=String | Old='' | New='25'
ELEMENT | 13755013 | Size='25ø-25ø' | Width='' | Height='' | Diameter='25' | Statuses=NWB_DimWidth:SKIP; NWB_DimHeight:SKIP; NWB_DimDiameter:OK
INFO | Candidate: NWB_DimDiameter | Scope=instance | Storage=String | ReadOnly=False | Shared=True | Id=7626172
INFO | Element 13755015 | NWB_DimDiameter | Kind=Shared Parameter | Scope=instance | Storage=String | Old='' | New='25'
ELEMENT | 13755015 | Size='25ø-25ø' | Width='' | Height='' | Diameter='25' | Statuses=NWB_DimWidth:SKIP; NWB_DimHeight:SKIP; NWB_DimDiameter:OK
INFO | Candidate: NWB_DimDiameter | Scope=instance | Storage=String | ReadOnly=False | Shared=True | Id=7626172
INFO | Element 13755021 | NWB_DimDiameter | Kind=Shared Parameter | Scope=instance | Storage=String | Old='' | New='25'
ELEMENT | 13755021 | Size='25ø-25ø' | Width='' | Height='' | Diameter='25' | Statuses=NWB_DimWidth:SKIP; NWB_DimHeight:SKIP; NWB_DimDiameter:OK
INFO | Candidate: NWB_DimDiameter | Scope=instance | Storage=String | ReadOnly=False | Shared=True | Id=7626172
INFO | Element 13755025 | NWB_DimDiameter | Kind=Shared Parameter | Scope=instance | Storage=String | Old='' | New='25'
ELEMENT | 13755025 | Size='25ø-25ø' | Width='' | Height='' | Diameter='25' | Statuses=NWB_DimWidth:SKIP; NWB_DimHeight:SKIP; NWB_DimDiameter:OK
INFO | Candidate: NWB_DimDiameter | Scope=instance | Storage=String | ReadOnly=False | Shared=True | Id=7626172
INFO | Element 13755028 | NWB_DimDiameter | Kind=Shared Parameter | Scope=instance | Storage=String | Old='' | New='25'
ELEMENT | 13755028 | Size='25ø-25ø' | Width='' | Height='' | Diameter='25' | Statuses=NWB_DimWidth:SKIP; NWB_DimHeight:SKIP; NWB_DimDiameter:OK
INFO | Candidate: NWB_DimDiameter | Scope=instance | Storage=String | ReadOnly=False | Shared=True | Id=7626172
INFO | Element 13770614 | NWB_DimDiameter | Kind=Shared Parameter | Scope=instance | Storage=String | Old='' | New='32'
ELEMENT | 13770614 | Size='32ø-32ø' | Width='' | Height='' | Diameter='32' | Statuses=NWB_DimWidth:SKIP; NWB_DimHeight:SKIP; NWB_DimDiameter:OK
INFO | Candidate: NWB_DimDiameter | Scope=instance | Storage=String | ReadOnly=False | Shared=True | Id=7626172
INFO | Element 13770695 | NWB_DimDiameter | Kind=Shared Parameter | Scope=instance | Storage=String | Old='' | New='32'
ELEMENT | 13770695 | Size='32ø-32ø' | Width='' | Height='' | Diameter='32' | Statuses=NWB_DimWidth:SKIP; NWB_DimHeight:SKIP; NWB_DimDiameter:OK
INFO | Candidate: NWB_DimDiameter | Scope=instance | Storage=String | ReadOnly=False | Shared=True | Id=7626172
INFO | Element 13771754 | NWB_DimDiameter | Kind=Shared Parameter | Scope=instance | Storage=String | Old='' | New='32'
ELEMENT | 13771754 | Size='32ø-32ø' | Width='' | Height='' | Diameter='32' | Statuses=NWB_DimWidth:SKIP; NWB_DimHeight:SKIP; NWB_DimDiameter:OK
INFO | Candidate: NWB_DimDiameter | Scope=instance | Storage=String | ReadOnly=False | Shared=True | Id=7626172
INFO | Element 13771777 | NWB_DimDiameter | Kind=Shared Parameter | Scope=instance | Storage=String | Old='' | New='32'
ELEMENT | 13771777 | Size='32ø-32ø' | Width='' | Height='' | Diameter='32' | Statuses=NWB_DimWidth:SKIP; NWB_DimHeight:SKIP; NWB_DimDiameter:OK
INFO | Candidate: NWB_DimDiameter | Scope=instance | Storage=String | ReadOnly=False | Shared=True | Id=7626172
INFO | Element 13771794 | NWB_DimDiameter | Kind=Shared Parameter | Scope=instance | Storage=String | Old='' | New='32'
ELEMENT | 13771794 | Size='32ø-32ø' | Width='' | Height='' | Diameter='32' | Statuses=NWB_DimWidth:SKIP; NWB_DimHeight:SKIP; NWB_DimDiameter:OK
INFO | Candidate: NWB_DimDiameter | Scope=instance | Storage=String | ReadOnly=False | Shared=True | Id=7626172
INFO | Element 13771817 | NWB_DimDiameter | Kind=Shared Parameter | Scope=instance | Storage=String | Old='' | New='32'
ELEMENT | 13771817 | Size='32ø-32ø' | Width='' | Height='' | Diameter='32' | Statuses=NWB_DimWidth:SKIP; NWB_DimHeight:SKIP; NWB_DimDiameter:OK
INFO | Candidate: NWB_DimDiameter | Scope=instance | Storage=String | ReadOnly=False | Shared=True | Id=7626172
INFO | Element 13771827 | NWB_DimDiameter | Kind=Shared Parameter | Scope=instance | Storage=String | Old='' | New='32'
ELEMENT | 13771827 | Size='32ø-32ø' | Width='' | Height='' | Diameter='32' | Statuses=NWB_DimWidth:SKIP; NWB_DimHeight:SKIP; NWB_DimDiameter:OK
INFO | Candidate: NWB_DimDiameter | Scope=instance | Storage=String | ReadOnly=False | Shared=True | Id=7626172
INFO | Element 13771829 | NWB_DimDiameter | Kind=Shared Parameter | Scope=instance | Storage=String | Old='' | New='32'
ELEMENT | 13771829 | Size='32ø-32ø' | Width='' | Height='' | Diameter='32' | Statuses=NWB_DimWidth:SKIP; NWB_DimHeight:SKIP; NWB_DimDiameter:OK
INFO | Candidate: NWB_DimDiameter | Scope=instance | Storage=Double | ReadOnly=False | Shared=True | Id=3045162
INFO | Candidate: NWB_DimDiameter | Scope=instance | Storage=String | ReadOnly=False | Shared=True | Id=7626172
INFO | Found 2 parameters named NWB_DimDiameter
INFO | SELECTED | Shared Parameter | Scope=instance | ReadOnly=False | Id=7626172
INFO | SELECTED | Shared Parameter | Scope=instance | ReadOnly=False | Id=3045162
INFO | Element 13773271 | NWB_DimDiameter | Kind=Shared Parameter | Scope=instance | Storage=String | Old='' | New='32'
INFO | Element 13773271 | NWB_DimDiameter | Kind=Shared Parameter | Scope=instance | Storage=Double | Old='0' | New='32'
ELEMENT | 13773271 | Size='32ø-32ø-32ø' | Width='' | Height='' | Diameter='32' | Statuses=NWB_DimWidth:SKIP; NWB_DimHeight:SKIP; NWB_DimDiameter:OK
INFO | Candidate: NWB_DimDiameter | Scope=instance | Storage=String | ReadOnly=False | Shared=True | Id=7626172
INFO | Element 13773297 | NWB_DimDiameter | Kind=Shared Parameter | Scope=instance | Storage=String | Old='' | New='25'
ELEMENT | 13773297 | Size='25ø-25ø' | Width='' | Height='' | Diameter='25' | Statuses=NWB_DimWidth:SKIP; NWB_DimHeight:SKIP; NWB_DimDiameter:OK
INFO | Candidate: NWB_DimDiameter | Scope=instance | Storage=Double | ReadOnly=False | Shared=True | Id=3045162
INFO | Candidate: NWB_DimDiameter | Scope=instance | Storage=String | ReadOnly=False | Shared=True | Id=7626172
INFO | Found 2 parameters named NWB_DimDiameter
INFO | SELECTED | Shared Parameter | Scope=instance | ReadOnly=False | Id=7626172
INFO | SELECTED | Shared Parameter | Scope=instance | ReadOnly=False | Id=3045162
INFO | Element 13773811 | NWB_DimDiameter | Kind=Shared Parameter | Scope=instance | Storage=String | Old='' | New='32'
INFO | Element 13773811 | NWB_DimDiameter | Kind=Shared Parameter | Scope=instance | Storage=Double | Old='0' | New='32'
ELEMENT | 13773811 | Size='32ø-32ø-32ø' | Width='' | Height='' | Diameter='32' | Statuses=NWB_DimWidth:SKIP; NWB_DimHeight:SKIP; NWB_DimDiameter:OK
INFO | Candidate: NWB_DimDiameter | Scope=instance | Storage=String | ReadOnly=False | Shared=True | Id=7626172
INFO | Element 13773823 | NWB_DimDiameter | Kind=Shared Parameter | Scope=instance | Storage=String | Old='' | New='32'
ELEMENT | 13773823 | Size='32ø-32ø' | Width='' | Height='' | Diameter='32' | Statuses=NWB_DimWidth:SKIP; NWB_DimHeight:SKIP; NWB_DimDiameter:OK
INFO | Candidate: NWB_DimDiameter | Scope=instance | Storage=Double | ReadOnly=False | Shared=True | Id=3045162
INFO | Candidate: NWB_DimDiameter | Scope=instance | Storage=String | ReadOnly=False | Shared=True | Id=7626172
INFO | Found 2 parameters named NWB_DimDiameter
INFO | SELECTED | Shared Parameter | Scope=instance | ReadOnly=False | Id=7626172
INFO | SELECTED | Shared Parameter | Scope=instance | ReadOnly=False | Id=3045162
INFO | Element 13773857 | NWB_DimDiameter | Kind=Shared Parameter | Scope=instance | Storage=String | Old='' | New='32'
INFO | Element 13773857 | NWB_DimDiameter | Kind=Shared Parameter | Scope=instance | Storage=Double | Old='0' | New='32'
ELEMENT | 13773857 | Size='32ø-32ø-32ø' | Width='' | Height='' | Diameter='32' | Statuses=NWB_DimWidth:SKIP; NWB_DimHeight:SKIP; NWB_DimDiameter:OK
INFO | Candidate: NWB_DimDiameter | Scope=instance | Storage=String | ReadOnly=False | Shared=True | Id=7626172
INFO | Element 13773876 | NWB_DimDiameter | Kind=Shared Parameter | Scope=instance | Storage=String | Old='' | New='32'
ELEMENT | 13773876 | Size='32ø-32ø' | Width='' | Height='' | Diameter='32' | Statuses=NWB_DimWidth:SKIP; NWB_DimHeight:SKIP; NWB_DimDiameter:OK
INFO | Candidate: NWB_DimDiameter | Scope=instance | Storage=String | ReadOnly=False | Shared=True | Id=7626172
INFO | Element 13774027 | NWB_DimDiameter | Kind=Shared Parameter | Scope=instance | Storage=String | Old='' | New='32'
ELEMENT | 13774027 | Size='32ø-32ø' | Width='' | Height='' | Diameter='32' | Statuses=NWB_DimWidth:SKIP; NWB_DimHeight:SKIP; NWB_DimDiameter:OK
INFO | Candidate: NWB_DimDiameter | Scope=instance | Storage=String | ReadOnly=False | Shared=True | Id=7626172
INFO | Element 13774036 | NWB_DimDiameter | Kind=Shared Parameter | Scope=instance | Storage=String | Old='' | New='32'
ELEMENT | 13774036 | Size='32ø-32ø' | Width='' | Height='' | Diameter='32' | Statuses=NWB_DimWidth:SKIP; NWB_DimHeight:SKIP; NWB_DimDiameter:OK
INFO | Candidate: NWB_DimDiameter | Scope=instance | Storage=String | ReadOnly=False | Shared=True | Id=7626172
INFO | Element 13774039 | NWB_DimDiameter | Kind=Shared Parameter | Scope=instance | Storage=String | Old='' | New='32'
ELEMENT | 13774039 | Size='32ø-32ø' | Width='' | Height='' | Diameter='32' | Statuses=NWB_DimWidth:SKIP; NWB_DimHeight:SKIP; NWB_DimDiameter:OK
INFO | Candidate: NWB_DimDiameter | Scope=instance | Storage=String | ReadOnly=False | Shared=True | Id=7626172
INFO | Element 13774084 | NWB_DimDiameter | Kind=Shared Parameter | Scope=instance | Storage=String | Old='' | New='32'
ELEMENT | 13774084 | Size='32ø-32ø' | Width='' | Height='' | Diameter='32' | Statuses=NWB_DimWidth:SKIP; NWB_DimHeight:SKIP; NWB_DimDiameter:OK
INFO | Candidate: NWB_DimDiameter | Scope=instance | Storage=String | ReadOnly=False | Shared=True | Id=7626172
INFO | Element 13774093 | NWB_DimDiameter | Kind=Shared Parameter | Scope=instance | Storage=String | Old='' | New='32'
ELEMENT | 13774093 | Size='32ø-32ø' | Width='' | Height='' | Diameter='32' | Statuses=NWB_DimWidth:SKIP; NWB_DimHeight:SKIP; NWB_DimDiameter:OK
INFO | Candidate: NWB_DimDiameter | Scope=instance | Storage=String | ReadOnly=False | Shared=True | Id=7626172
INFO | Element 13774096 | NWB_DimDiameter | Kind=Shared Parameter | Scope=instance | Storage=String | Old='' | New='32'
ELEMENT | 13774096 | Size='32ø-32ø' | Width='' | Height='' | Diameter='32' | Statuses=NWB_DimWidth:SKIP; NWB_DimHeight:SKIP; NWB_DimDiameter:OK
INFO | Candidate: NWB_DimDiameter | Scope=instance | Storage=String | ReadOnly=False | Shared=True | Id=7626172
INFO | Element 13814549 | NWB_DimDiameter | Kind=Shared Parameter | Scope=instance | Storage=String | Old='' | New='50'
ELEMENT | 13814549 | Size='50ø-50ø' | Width='' | Height='' | Diameter='50' | Statuses=NWB_DimWidth:SKIP; NWB_DimHeight:SKIP; NWB_DimDiameter:OK
INFO | Candidate: NWB_DimDiameter | Scope=instance | Storage=Double | ReadOnly=False | Shared=True | Id=3045162
INFO | Candidate: NWB_DimDiameter | Scope=instance | Storage=String | ReadOnly=False | Shared=True | Id=7626172
INFO | Found 2 parameters named NWB_DimDiameter
INFO | SELECTED | Shared Parameter | Scope=instance | ReadOnly=False | Id=7626172
INFO | SELECTED | Shared Parameter | Scope=instance | ReadOnly=False | Id=3045162
INFO | Element 14030280 | NWB_DimDiameter | Kind=Shared Parameter | Scope=instance | Storage=String | Old='' | New='32'
INFO | Element 14030280 | NWB_DimDiameter | Kind=Shared Parameter | Scope=instance | Storage=Double | Old='0' | New='32'
ELEMENT | 14030280 | Size='32ø-32ø-32ø' | Width='' | Height='' | Diameter='32' | Statuses=NWB_DimWidth:SKIP; NWB_DimHeight:SKIP; NWB_DimDiameter:OK
INFO | Candidate: NWB_DimDiameter | Scope=instance | Storage=Double | ReadOnly=False | Shared=True | Id=3045162
INFO | Candidate: NWB_DimDiameter | Scope=instance | Storage=String | ReadOnly=False | Shared=True | Id=7626172
INFO | Found 2 parameters named NWB_DimDiameter
INFO | SELECTED | Shared Parameter | Scope=instance | ReadOnly=False | Id=7626172
INFO | SELECTED | Shared Parameter | Scope=instance | ReadOnly=False | Id=3045162
INFO | Element 14030315 | NWB_DimDiameter | Kind=Shared Parameter | Scope=instance | Storage=String | Old='' | New='32'
INFO | Element 14030315 | NWB_DimDiameter | Kind=Shared Parameter | Scope=instance | Storage=Double | Old='0' | New='32'
ELEMENT | 14030315 | Size='32ø-32ø-32ø' | Width='' | Height='' | Diameter='32' | Statuses=NWB_DimWidth:SKIP; NWB_DimHeight:SKIP; NWB_DimDiameter:OK
INFO | Candidate: NWB_DimDiameter | Scope=instance | Storage=Double | ReadOnly=False | Shared=True | Id=3045162
INFO | Candidate: NWB_DimDiameter | Scope=instance | Storage=String | ReadOnly=False | Shared=True | Id=7626172
INFO | Found 2 parameters named NWB_DimDiameter
INFO | SELECTED | Shared Parameter | Scope=instance | ReadOnly=False | Id=7626172
INFO | SELECTED | Shared Parameter | Scope=instance | ReadOnly=False | Id=3045162
INFO | Element 14030448 | NWB_DimDiameter | Kind=Shared Parameter | Scope=instance | Storage=String | Old='' | New='32'
INFO | Element 14030448 | NWB_DimDiameter | Kind=Shared Parameter | Scope=instance | Storage=Double | Old='0' | New='32'
ELEMENT | 14030448 | Size='32ø-32ø-32ø' | Width='' | Height='' | Diameter='32' | Statuses=NWB_DimWidth:SKIP; NWB_DimHeight:SKIP; NWB_DimDiameter:OK
INFO | Candidate: NWB_DimDiameter | Scope=instance | Storage=Double | ReadOnly=False | Shared=True | Id=3045162
INFO | Candidate: NWB_DimDiameter | Scope=instance | Storage=String | ReadOnly=False | Shared=True | Id=7626172
INFO | Found 2 parameters named NWB_DimDiameter
INFO | SELECTED | Shared Parameter | Scope=instance | ReadOnly=False | Id=7626172
INFO | SELECTED | Shared Parameter | Scope=instance | ReadOnly=False | Id=3045162
INFO | Element 14030489 | NWB_DimDiameter | Kind=Shared Parameter | Scope=instance | Storage=String | Old='' | New='32'
INFO | Element 14030489 | NWB_DimDiameter | Kind=Shared Parameter | Scope=instance | Storage=Double | Old='0' | New='32'
ELEMENT | 14030489 | Size='32ø-32ø-32ø' | Width='' | Height='' | Diameter='32' | Statuses=NWB_DimWidth:SKIP; NWB_DimHeight:SKIP; NWB_DimDiameter:OK
INFO | Candidate: NWB_DimDiameter | Scope=instance | Storage=String | ReadOnly=False | Shared=True | Id=7626172
INFO | Element 14031231 | NWB_DimDiameter | Kind=Shared Parameter | Scope=instance | Storage=String | Old='' | New='25'
ELEMENT | 14031231 | Size='25ø-25ø' | Width='' | Height='' | Diameter='25' | Statuses=NWB_DimWidth:SKIP; NWB_DimHeight:SKIP; NWB_DimDiameter:OK
INFO | Candidate: NWB_DimDiameter | Scope=instance | Storage=Double | ReadOnly=False | Shared=True | Id=3045162
INFO | Candidate: NWB_DimDiameter | Scope=instance | Storage=String | ReadOnly=False | Shared=True | Id=7626172
INFO | Found 2 parameters named NWB_DimDiameter
INFO | SELECTED | Shared Parameter | Scope=instance | ReadOnly=False | Id=7626172
INFO | SELECTED | Shared Parameter | Scope=instance | ReadOnly=False | Id=3045162
INFO | Element 14034141 | NWB_DimDiameter | Kind=Shared Parameter | Scope=instance | Storage=String | Old='' | New='25'
INFO | Element 14034141 | NWB_DimDiameter | Kind=Shared Parameter | Scope=instance | Storage=Double | Old='0' | New='25'
ELEMENT | 14034141 | Size='25ø-25ø-25ø' | Width='' | Height='' | Diameter='25' | Statuses=NWB_DimWidth:SKIP; NWB_DimHeight:SKIP; NWB_DimDiameter:OK
INFO | Candidate: NWB_DimDiameter | Scope=instance | Storage=Double | ReadOnly=False | Shared=True | Id=3045162
INFO | Candidate: NWB_DimDiameter | Scope=instance | Storage=String | ReadOnly=False | Shared=True | Id=7626172
INFO | Found 2 parameters named NWB_DimDiameter
INFO | SELECTED | Shared Parameter | Scope=instance | ReadOnly=False | Id=7626172
INFO | SELECTED | Shared Parameter | Scope=instance | ReadOnly=False | Id=3045162
INFO | Element 14034293 | NWB_DimDiameter | Kind=Shared Parameter | Scope=instance | Storage=String | Old='' | New='32'
INFO | Element 14034293 | NWB_DimDiameter | Kind=Shared Parameter | Scope=instance | Storage=Double | Old='0' | New='32'
ELEMENT | 14034293 | Size='32ø-32ø-32ø' | Width='' | Height='' | Diameter='32' | Statuses=NWB_DimWidth:SKIP; NWB_DimHeight:SKIP; NWB_DimDiameter:OK
INFO | Candidate: NWB_DimDiameter | Scope=instance | Storage=String | ReadOnly=False | Shared=True | Id=7626172
INFO | Element 14034302 | NWB_DimDiameter | Kind=Shared Parameter | Scope=instance | Storage=String | Old='' | New='25'
ELEMENT | 14034302 | Size='25ø-25ø' | Width='' | Height='' | Diameter='25' | Statuses=NWB_DimWidth:SKIP; NWB_DimHeight:SKIP; NWB_DimDiameter:OK
INFO | Candidate: NWB_DimDiameter | Scope=instance | Storage=String | ReadOnly=False | Shared=True | Id=7626172
INFO | Element 14034305 | NWB_DimDiameter | Kind=Shared Parameter | Scope=instance | Storage=String | Old='' | New='32'
ELEMENT | 14034305 | Size='32ø-32ø' | Width='' | Height='' | Diameter='32' | Statuses=NWB_DimWidth:SKIP; NWB_DimHeight:SKIP; NWB_DimDiameter:OK
INFO | Candidate: NWB_DimDiameter | Scope=instance | Storage=Double | ReadOnly=False | Shared=True | Id=3045162
INFO | Candidate: NWB_DimDiameter | Scope=instance | Storage=String | ReadOnly=False | Shared=True | Id=7626172
INFO | Found 2 parameters named NWB_DimDiameter
INFO | SELECTED | Shared Parameter | Scope=instance | ReadOnly=False | Id=7626172
INFO | SELECTED | Shared Parameter | Scope=instance | ReadOnly=False | Id=3045162
INFO | Element 14034310 | NWB_DimDiameter | Kind=Shared Parameter | Scope=instance | Storage=String | Old='' | New='32'
INFO | Element 14034310 | NWB_DimDiameter | Kind=Shared Parameter | Scope=instance | Storage=Double | Old='0' | New='32'
ELEMENT | 14034310 | Size='32ø-32ø-32ø' | Width='' | Height='' | Diameter='32' | Statuses=NWB_DimWidth:SKIP; NWB_DimHeight:SKIP; NWB_DimDiameter:OK
INFO | Candidate: NWB_DimDiameter | Scope=instance | Storage=String | ReadOnly=False | Shared=True | Id=7626172
INFO | Element 14034319 | NWB_DimDiameter | Kind=Shared Parameter | Scope=instance | Storage=String | Old='' | New='32'
ELEMENT | 14034319 | Size='32ø-32ø' | Width='' | Height='' | Diameter='32' | Statuses=NWB_DimWidth:SKIP; NWB_DimHeight:SKIP; NWB_DimDiameter:OK
INFO | Candidate: NWB_DimDiameter | Scope=instance | Storage=String | ReadOnly=False | Shared=True | Id=7626172
INFO | Element 14034322 | NWB_DimDiameter | Kind=Shared Parameter | Scope=instance | Storage=String | Old='' | New='32'
ELEMENT | 14034322 | Size='32ø-32ø' | Width='' | Height='' | Diameter='32' | Statuses=NWB_DimWidth:SKIP; NWB_DimHeight:SKIP; NWB_DimDiameter:OK
INFO | Candidate: NWB_DimDiameter | Scope=instance | Storage=String | ReadOnly=False | Shared=True | Id=7626172
INFO | Element 14045085 | NWB_DimDiameter | Kind=Shared Parameter | Scope=instance | Storage=String | Old='' | New='32'
ELEMENT | 14045085 | Size='32ø-32ø' | Width='' | Height='' | Diameter='32' | Statuses=NWB_DimWidth:SKIP; NWB_DimHeight:SKIP; NWB_DimDiameter:OK
INFO | Candidate: NWB_DimDiameter | Scope=instance | Storage=String | ReadOnly=False | Shared=True | Id=7626172
INFO | Element 14045088 | NWB_DimDiameter | Kind=Shared Parameter | Scope=instance | Storage=String | Old='' | New='32'
ELEMENT | 14045088 | Size='32ø-32ø' | Width='' | Height='' | Diameter='32' | Statuses=NWB_DimWidth:SKIP; NWB_DimHeight:SKIP; NWB_DimDiameter:OK
INFO | Candidate: NWB_DimDiameter | Scope=instance | Storage=String | ReadOnly=False | Shared=True | Id=7626172
INFO | Element 14045093 | NWB_DimDiameter | Kind=Shared Parameter | Scope=instance | Storage=String | Old='' | New='32'
ELEMENT | 14045093 | Size='32ø-32ø' | Width='' | Height='' | Diameter='32' | Statuses=NWB_DimWidth:SKIP; NWB_DimHeight:SKIP; NWB_DimDiameter:OK
INFO | Candidate: NWB_DimDiameter | Scope=instance | Storage=String | ReadOnly=False | Shared=True | Id=7626172
INFO | Element 14045095 | NWB_DimDiameter | Kind=Shared Parameter | Scope=instance | Storage=String | Old='' | New='32'
ELEMENT | 14045095 | Size='32ø-32ø' | Width='' | Height='' | Diameter='32' | Statuses=NWB_DimWidth:SKIP; NWB_DimHeight:SKIP; NWB_DimDiameter:OK
INFO | Candidate: NWB_DimDiameter | Scope=instance | Storage=Double | ReadOnly=False | Shared=True | Id=3045162
INFO | Candidate: NWB_DimDiameter | Scope=instance | Storage=String | ReadOnly=False | Shared=True | Id=7626172
INFO | Found 2 parameters named NWB_DimDiameter
INFO | SELECTED | Shared Parameter | Scope=instance | ReadOnly=False | Id=7626172
INFO | SELECTED | Shared Parameter | Scope=instance | ReadOnly=False | Id=3045162
INFO | Element 14045150 | NWB_DimDiameter | Kind=Shared Parameter | Scope=instance | Storage=String | Old='' | New='32'
INFO | Element 14045150 | NWB_DimDiameter | Kind=Shared Parameter | Scope=instance | Storage=Double | Old='0' | New='32'
ELEMENT | 14045150 | Size='32ø-32ø-32ø' | Width='' | Height='' | Diameter='32' | Statuses=NWB_DimWidth:SKIP; NWB_DimHeight:SKIP; NWB_DimDiameter:OK
INFO | Candidate: NWB_DimDiameter | Scope=instance | Storage=String | ReadOnly=False | Shared=True | Id=7626172
INFO | Element 14045158 | NWB_DimDiameter | Kind=Shared Parameter | Scope=instance | Storage=String | Old='' | New='32'
ELEMENT | 14045158 | Size='32ø-32ø' | Width='' | Height='' | Diameter='32' | Statuses=NWB_DimWidth:SKIP; NWB_DimHeight:SKIP; NWB_DimDiameter:OK
INFO | Candidate: NWB_DimDiameter | Scope=instance | Storage=String | ReadOnly=False | Shared=True | Id=7626172
INFO | Element 14045162 | NWB_DimDiameter | Kind=Shared Parameter | Scope=instance | Storage=String | Old='' | New='32'
ELEMENT | 14045162 | Size='32ø-32ø' | Width='' | Height='' | Diameter='32' | Statuses=NWB_DimWidth:SKIP; NWB_DimHeight:SKIP; NWB_DimDiameter:OK
INFO | Candidate: NWB_DimDiameter | Scope=instance | Storage=Double | ReadOnly=False | Shared=True | Id=3045162
INFO | Candidate: NWB_DimDiameter | Scope=instance | Storage=String | ReadOnly=False | Shared=True | Id=7626172
INFO | Found 2 parameters named NWB_DimDiameter
INFO | SELECTED | Shared Parameter | Scope=instance | ReadOnly=False | Id=7626172
INFO | SELECTED | Shared Parameter | Scope=instance | ReadOnly=False | Id=3045162
INFO | Element 14045167 | NWB_DimDiameter | Kind=Shared Parameter | Scope=instance | Storage=String | Old='' | New='32'
INFO | Element 14045167 | NWB_DimDiameter | Kind=Shared Parameter | Scope=instance | Storage=Double | Old='0' | New='32'
ELEMENT | 14045167 | Size='32ø-32ø-32ø' | Width='' | Height='' | Diameter='32' | Statuses=NWB_DimWidth:SKIP; NWB_DimHeight:SKIP; NWB_DimDiameter:OK
INFO | Candidate: NWB_DimDiameter | Scope=instance | Storage=String | ReadOnly=False | Shared=True | Id=7626172
INFO | Element 14045175 | NWB_DimDiameter | Kind=Shared Parameter | Scope=instance | Storage=String | Old='' | New='32'
ELEMENT | 14045175 | Size='32ø-32ø' | Width='' | Height='' | Diameter='32' | Statuses=NWB_DimWidth:SKIP; NWB_DimHeight:SKIP; NWB_DimDiameter:OK
INFO | Candidate: NWB_DimDiameter | Scope=instance | Storage=String | ReadOnly=False | Shared=True | Id=7626172
INFO | Element 14045178 | NWB_DimDiameter | Kind=Shared Parameter | Scope=instance | Storage=String | Old='' | New='32'
ELEMENT | 14045178 | Size='32ø-32ø' | Width='' | Height='' | Diameter='32' | Statuses=NWB_DimWidth:SKIP; NWB_DimHeight:SKIP; NWB_DimDiameter:OK
INFO | Candidate: NWB_DimDiameter | Scope=instance | Storage=Double | ReadOnly=False | Shared=True | Id=3045162
INFO | Candidate: NWB_DimDiameter | Scope=instance | Storage=String | ReadOnly=False | Shared=True | Id=7626172
INFO | Found 2 parameters named NWB_DimDiameter
INFO | SELECTED | Shared Parameter | Scope=instance | ReadOnly=False | Id=7626172
INFO | SELECTED | Shared Parameter | Scope=instance | ReadOnly=False | Id=3045162
INFO | Element 14045190 | NWB_DimDiameter | Kind=Shared Parameter | Scope=instance | Storage=String | Old='' | New='32'
INFO | Element 14045190 | NWB_DimDiameter | Kind=Shared Parameter | Scope=instance | Storage=Double | Old='0' | New='32'
ELEMENT | 14045190 | Size='32ø-32ø-32ø' | Width='' | Height='' | Diameter='32' | Statuses=NWB_DimWidth:SKIP; NWB_DimHeight:SKIP; NWB_DimDiameter:OK
INFO | Candidate: NWB_DimDiameter | Scope=instance | Storage=String | ReadOnly=False | Shared=True | Id=7626172
INFO | Element 14045221 | NWB_DimDiameter | Kind=Shared Parameter | Scope=instance | Storage=String | Old='' | New='25'
ELEMENT | 14045221 | Size='25ø-25ø' | Width='' | Height='' | Diameter='25' | Statuses=NWB_DimWidth:SKIP; NWB_DimHeight:SKIP; NWB_DimDiameter:OK
INFO | Candidate: NWB_DimDiameter | Scope=instance | Storage=String | ReadOnly=False | Shared=True | Id=7626172
INFO | Element 14045224 | NWB_DimDiameter | Kind=Shared Parameter | Scope=instance | Storage=String | Old='' | New='25'
ELEMENT | 14045224 | Size='25ø-25ø' | Width='' | Height='' | Diameter='25' | Statuses=NWB_DimWidth:SKIP; NWB_DimHeight:SKIP; NWB_DimDiameter:OK
INFO | Candidate: NWB_DimDiameter | Scope=instance | Storage=Double | ReadOnly=False | Shared=True | Id=3045162
INFO | Candidate: NWB_DimDiameter | Scope=instance | Storage=String | ReadOnly=False | Shared=True | Id=7626172
INFO | Found 2 parameters named NWB_DimDiameter
INFO | SELECTED | Shared Parameter | Scope=instance | ReadOnly=False | Id=7626172
INFO | SELECTED | Shared Parameter | Scope=instance | ReadOnly=False | Id=3045162
INFO | Element 14049630 | NWB_DimDiameter | Kind=Shared Parameter | Scope=instance | Storage=String | Old='' | New='32'
INFO | Element 14049630 | NWB_DimDiameter | Kind=Shared Parameter | Scope=instance | Storage=Double | Old='0' | New='32'
ELEMENT | 14049630 | Size='32ø-32ø-32ø' | Width='' | Height='' | Diameter='32' | Statuses=NWB_DimWidth:SKIP; NWB_DimHeight:SKIP; NWB_DimDiameter:OK
INFO | Candidate: NWB_DimDiameter | Scope=instance | Storage=String | ReadOnly=False | Shared=True | Id=7626172
INFO | Element 14049684 | NWB_DimDiameter | Kind=Shared Parameter | Scope=instance | Storage=String | Old='' | New='32'
ELEMENT | 14049684 | Size='32ø-32ø' | Width='' | Height='' | Diameter='32' | Statuses=NWB_DimWidth:SKIP; NWB_DimHeight:SKIP; NWB_DimDiameter:OK
INFO | Candidate: NWB_DimDiameter | Scope=instance | Storage=String | ReadOnly=False | Shared=True | Id=7626172
INFO | Element 14049697 | NWB_DimDiameter | Kind=Shared Parameter | Scope=instance | Storage=String | Old='' | New='32'
ELEMENT | 14049697 | Size='32ø-32ø' | Width='' | Height='' | Diameter='32' | Statuses=NWB_DimWidth:SKIP; NWB_DimHeight:SKIP; NWB_DimDiameter:OK
INFO | Candidate: NWB_DimDiameter | Scope=instance | Storage=String | ReadOnly=False | Shared=True | Id=7626172
INFO | Element 14049719 | NWB_DimDiameter | Kind=Shared Parameter | Scope=instance | Storage=String | Old='' | New='32'
ELEMENT | 14049719 | Size='32ø-32ø' | Width='' | Height='' | Diameter='32' | Statuses=NWB_DimWidth:SKIP; NWB_DimHeight:SKIP; NWB_DimDiameter:OK
INFO | Candidate: NWB_DimDiameter | Scope=instance | Storage=String | ReadOnly=False | Shared=True | Id=7626172
INFO | Element 14049744 | NWB_DimDiameter | Kind=Shared Parameter | Scope=instance | Storage=String | Old='' | New='32'
ELEMENT | 14049744 | Size='32ø-32ø' | Width='' | Height='' | Diameter='32' | Statuses=NWB_DimWidth:SKIP; NWB_DimHeight:SKIP; NWB_DimDiameter:OK
INFO | Candidate: NWB_DimDiameter | Scope=instance | Storage=String | ReadOnly=False | Shared=True | Id=7626172
INFO | Element 14050163 | NWB_DimDiameter | Kind=Shared Parameter | Scope=instance | Storage=String | Old='' | New='32'
ELEMENT | 14050163 | Size='32ø-32ø' | Width='' | Height='' | Diameter='32' | Statuses=NWB_DimWidth:SKIP; NWB_DimHeight:SKIP; NWB_DimDiameter:OK
INFO | Candidate: NWB_DimDiameter | Scope=instance | Storage=String | ReadOnly=False | Shared=True | Id=7626172
INFO | Element 14050173 | NWB_DimDiameter | Kind=Shared Parameter | Scope=instance | Storage=String | Old='' | New='32'
ELEMENT | 14050173 | Size='32ø-32ø' | Width='' | Height='' | Diameter='32' | Statuses=NWB_DimWidth:SKIP; NWB_DimHeight:SKIP; NWB_DimDiameter:OK
INFO | Candidate: NWB_DimDiameter | Scope=instance | Storage=String | ReadOnly=False | Shared=True | Id=7626172
INFO | Element 14050175 | NWB_DimDiameter | Kind=Shared Parameter | Scope=instance | Storage=String | Old='' | New='32'
ELEMENT | 14050175 | Size='32ø-32ø' | Width='' | Height='' | Diameter='32' | Statuses=NWB_DimWidth:SKIP; NWB_DimHeight:SKIP; NWB_DimDiameter:OK
INFO | Candidate: NWB_DimDiameter | Scope=instance | Storage=String | ReadOnly=False | Shared=True | Id=7626172
INFO | Element 14050234 | NWB_DimDiameter | Kind=Shared Parameter | Scope=instance | Storage=String | Old='' | New='32'
ELEMENT | 14050234 | Size='32ø-32ø' | Width='' | Height='' | Diameter='32' | Statuses=NWB_DimWidth:SKIP; NWB_DimHeight:SKIP; NWB_DimDiameter:OK
INFO | Candidate: NWB_DimDiameter | Scope=instance | Storage=String | ReadOnly=False | Shared=True | Id=7626172
INFO | Element 14050244 | NWB_DimDiameter | Kind=Shared Parameter | Scope=instance | Storage=String | Old='' | New='32'
ELEMENT | 14050244 | Size='32ø-32ø' | Width='' | Height='' | Diameter='32' | Statuses=NWB_DimWidth:SKIP; NWB_DimHeight:SKIP; NWB_DimDiameter:OK
INFO | Candidate: NWB_DimDiameter | Scope=instance | Storage=String | ReadOnly=False | Shared=True | Id=7626172
INFO | Element 14050246 | NWB_DimDiameter | Kind=Shared Parameter | Scope=instance | Storage=String | Old='' | New='32'
ELEMENT | 14050246 | Size='32ø-32ø' | Width='' | Height='' | Diameter='32' | Statuses=NWB_DimWidth:SKIP; NWB_DimHeight:SKIP; NWB_DimDiameter:OK
INFO | Candidate: NWB_DimDiameter | Scope=instance | Storage=Double | ReadOnly=False | Shared=True | Id=3045162
INFO | Candidate: NWB_DimDiameter | Scope=instance | Storage=String | ReadOnly=False | Shared=True | Id=7626172
INFO | Found 2 parameters named NWB_DimDiameter
INFO | SELECTED | Shared Parameter | Scope=instance | ReadOnly=False | Id=7626172
INFO | SELECTED | Shared Parameter | Scope=instance | ReadOnly=False | Id=3045162
INFO | Element 14050378 | NWB_DimDiameter | Kind=Shared Parameter | Scope=instance | Storage=String | Old='' | New='32'
INFO | Element 14050378 | NWB_DimDiameter | Kind=Shared Parameter | Scope=instance | Storage=Double | Old='0' | New='32'
ELEMENT | 14050378 | Size='32ø-32ø-32ø' | Width='' | Height='' | Diameter='32' | Statuses=NWB_DimWidth:SKIP; NWB_DimHeight:SKIP; NWB_DimDiameter:OK
INFO | Candidate: NWB_DimDiameter | Scope=instance | Storage=String | ReadOnly=False | Shared=True | Id=7626172
INFO | Element 14050401 | NWB_DimDiameter | Kind=Shared Parameter | Scope=instance | Storage=String | Old='' | New='32'
ELEMENT | 14050401 | Size='32ø-32ø' | Width='' | Height='' | Diameter='32' | Statuses=NWB_DimWidth:SKIP; NWB_DimHeight:SKIP; NWB_DimDiameter:OK
INFO | Candidate: NWB_DimDiameter | Scope=instance | Storage=Double | ReadOnly=False | Shared=True | Id=3045162
INFO | Candidate: NWB_DimDiameter | Scope=instance | Storage=String | ReadOnly=False | Shared=True | Id=7626172
INFO | Found 2 parameters named NWB_DimDiameter
INFO | SELECTED | Shared Parameter | Scope=instance | ReadOnly=False | Id=7626172
INFO | SELECTED | Shared Parameter | Scope=instance | ReadOnly=False | Id=3045162
INFO | Element 14050434 | NWB_DimDiameter | Kind=Shared Parameter | Scope=instance | Storage=String | Old='' | New='32'
INFO | Element 14050434 | NWB_DimDiameter | Kind=Shared Parameter | Scope=instance | Storage=Double | Old='0' | New='32'
ELEMENT | 14050434 | Size='32ø-32ø-32ø' | Width='' | Height='' | Diameter='32' | Statuses=NWB_DimWidth:SKIP; NWB_DimHeight:SKIP; NWB_DimDiameter:OK
INFO | Candidate: NWB_DimDiameter | Scope=instance | Storage=Double | ReadOnly=False | Shared=True | Id=3045162
INFO | Candidate: NWB_DimDiameter | Scope=instance | Storage=String | ReadOnly=False | Shared=True | Id=7626172
INFO | Found 2 parameters named NWB_DimDiameter
INFO | SELECTED | Shared Parameter | Scope=instance | ReadOnly=False | Id=7626172
INFO | SELECTED | Shared Parameter | Scope=instance | ReadOnly=False | Id=3045162
INFO | Element 14368927 | NWB_DimDiameter | Kind=Shared Parameter | Scope=instance | Storage=String | Old='' | New='32'
INFO | Element 14368927 | NWB_DimDiameter | Kind=Shared Parameter | Scope=instance | Storage=Double | Old='0' | New='32'
ELEMENT | 14368927 | Size='32ø-15ø' | Width='' | Height='' | Diameter='32' | Statuses=NWB_DimWidth:SKIP; NWB_DimHeight:SKIP; NWB_DimDiameter:OK
INFO | Candidate: NWB_DimDiameter | Scope=instance | Storage=Double | ReadOnly=False | Shared=True | Id=3045162
INFO | Candidate: NWB_DimDiameter | Scope=instance | Storage=String | ReadOnly=False | Shared=True | Id=7626172
INFO | Found 2 parameters named NWB_DimDiameter
INFO | SELECTED | Shared Parameter | Scope=instance | ReadOnly=False | Id=7626172
INFO | SELECTED | Shared Parameter | Scope=instance | ReadOnly=False | Id=3045162
INFO | Element 14369315 | NWB_DimDiameter | Kind=Shared Parameter | Scope=instance | Storage=String | Old='' | New='60'
INFO | Element 14369315 | NWB_DimDiameter | Kind=Shared Parameter | Scope=instance | Storage=Double | Old='0' | New='60'
ELEMENT | 14369315 | Size='60ø-25ø' | Width='' | Height='' | Diameter='60' | Statuses=NWB_DimWidth:SKIP; NWB_DimHeight:SKIP; NWB_DimDiameter:OK
INFO | Candidate: NWB_DimDiameter | Scope=instance | Storage=Double | ReadOnly=False | Shared=True | Id=3045162
INFO | Candidate: NWB_DimDiameter | Scope=instance | Storage=String | ReadOnly=False | Shared=True | Id=7626172
INFO | Found 2 parameters named NWB_DimDiameter
INFO | SELECTED | Shared Parameter | Scope=instance | ReadOnly=False | Id=7626172
INFO | SELECTED | Shared Parameter | Scope=instance | ReadOnly=False | Id=3045162
INFO | Element 15053647 | NWB_DimDiameter | Kind=Shared Parameter | Scope=instance | Storage=String | Old='' | New='32'
INFO | Element 15053647 | NWB_DimDiameter | Kind=Shared Parameter | Scope=instance | Storage=Double | Old='0' | New='32'
ELEMENT | 15053647 | Size='32ø-32ø-32ø' | Width='' | Height='' | Diameter='32' | Statuses=NWB_DimWidth:SKIP; NWB_DimHeight:SKIP; NWB_DimDiameter:OK
INFO | Candidate: NWB_DimDiameter | Scope=instance | Storage=String | ReadOnly=False | Shared=True | Id=7626172
INFO | Element 15053660 | NWB_DimDiameter | Kind=Shared Parameter | Scope=instance | Storage=String | Old='' | New='32'
ELEMENT | 15053660 | Size='32ø-32ø' | Width='' | Height='' | Diameter='32' | Statuses=NWB_DimWidth:SKIP; NWB_DimHeight:SKIP; NWB_DimDiameter:OK
INFO | Candidate: NWB_DimDiameter | Scope=instance | Storage=Double | ReadOnly=False | Shared=True | Id=3045162
INFO | Candidate: NWB_DimDiameter | Scope=instance | Storage=String | ReadOnly=False | Shared=True | Id=7626172
INFO | Found 2 parameters named NWB_DimDiameter
INFO | SELECTED | Shared Parameter | Scope=instance | ReadOnly=False | Id=7626172
INFO | SELECTED | Shared Parameter | Scope=instance | ReadOnly=False | Id=3045162
INFO | Element 15053698 | NWB_DimDiameter | Kind=Shared Parameter | Scope=instance | Storage=String | Old='' | New='32'
INFO | Element 15053698 | NWB_DimDiameter | Kind=Shared Parameter | Scope=instance | Storage=Double | Old='0' | New='32'
ELEMENT | 15053698 | Size='32ø-32ø-32ø' | Width='' | Height='' | Diameter='32' | Statuses=NWB_DimWidth:SKIP; NWB_DimHeight:SKIP; NWB_DimDiameter:OK
INFO | Candidate: NWB_DimDiameter | Scope=instance | Storage=String | ReadOnly=False | Shared=True | Id=7626172
INFO | Element 15053704 | NWB_DimDiameter | Kind=Shared Parameter | Scope=instance | Storage=String | Old='' | New='32'
ELEMENT | 15053704 | Size='32ø-32ø' | Width='' | Height='' | Diameter='32' | Statuses=NWB_DimWidth:SKIP; NWB_DimHeight:SKIP; NWB_DimDiameter:OK
INFO | Candidate: NWB_DimDiameter | Scope=instance | Storage=String | ReadOnly=False | Shared=True | Id=7626172
INFO | Element 15099096 | NWB_DimDiameter | Kind=Shared Parameter | Scope=instance | Storage=String | Old='' | New='32'
ELEMENT | 15099096 | Size='32ø-32ø' | Width='' | Height='' | Diameter='32' | Statuses=NWB_DimWidth:SKIP; NWB_DimHeight:SKIP; NWB_DimDiameter:OK
INFO | Candidate: NWB_DimDiameter | Scope=instance | Storage=String | ReadOnly=False | Shared=True | Id=7626172
INFO | Element 15099099 | NWB_DimDiameter | Kind=Shared Parameter | Scope=instance | Storage=String | Old='' | New='32'
ELEMENT | 15099099 | Size='32ø-32ø' | Width='' | Height='' | Diameter='32' | Statuses=NWB_DimWidth:SKIP; NWB_DimHeight:SKIP; NWB_DimDiameter:OK
INFO | Candidate: NWB_DimDiameter | Scope=instance | Storage=String | ReadOnly=False | Shared=True | Id=7626172
INFO | Element 15099116 | NWB_DimDiameter | Kind=Shared Parameter | Scope=instance | Storage=String | Old='' | New='50'
ELEMENT | 15099116 | Size='50ø-50ø' | Width='' | Height='' | Diameter='50' | Statuses=NWB_DimWidth:SKIP; NWB_DimHeight:SKIP; NWB_DimDiameter:OK
INFO | Candidate: NWB_DimDiameter | Scope=instance | Storage=String | ReadOnly=False | Shared=True | Id=7626172
INFO | Element 15099120 | NWB_DimDiameter | Kind=Shared Parameter | Scope=instance | Storage=String | Old='' | New='50'
ELEMENT | 15099120 | Size='50ø-50ø' | Width='' | Height='' | Diameter='50' | Statuses=NWB_DimWidth:SKIP; NWB_DimHeight:SKIP; NWB_DimDiameter:OK
INFO | Candidate: NWB_DimDiameter | Scope=instance | Storage=String | ReadOnly=False | Shared=True | Id=7626172
INFO | Element 15099123 | NWB_DimDiameter | Kind=Shared Parameter | Scope=instance | Storage=String | Old='' | New='50'
ELEMENT | 15099123 | Size='50ø-50ø' | Width='' | Height='' | Diameter='50' | Statuses=NWB_DimWidth:SKIP; NWB_DimHeight:SKIP; NWB_DimDiameter:OK
INFO | Candidate: NWB_DimDiameter | Scope=instance | Storage=Double | ReadOnly=False | Shared=True | Id=3045162
INFO | Candidate: NWB_DimDiameter | Scope=instance | Storage=String | ReadOnly=False | Shared=True | Id=7626172
INFO | Found 2 parameters named NWB_DimDiameter
INFO | SELECTED | Shared Parameter | Scope=instance | ReadOnly=False | Id=7626172
INFO | SELECTED | Shared Parameter | Scope=instance | ReadOnly=False | Id=3045162
INFO | Element 15263748 | NWB_DimDiameter | Kind=Shared Parameter | Scope=instance | Storage=String | Old='' | New='32'
INFO | Element 15263748 | NWB_DimDiameter | Kind=Shared Parameter | Scope=instance | Storage=Double | Old='0' | New='32'
ELEMENT | 15263748 | Size='32ø-32ø-32ø' | Width='' | Height='' | Diameter='32' | Statuses=NWB_DimWidth:SKIP; NWB_DimHeight:SKIP; NWB_DimDiameter:OK
INFO | Candidate: NWB_DimDiameter | Scope=instance | Storage=String | ReadOnly=False | Shared=True | Id=7626172
INFO | Element 15263754 | NWB_DimDiameter | Kind=Shared Parameter | Scope=instance | Storage=String | Old='' | New='32'
ELEMENT | 15263754 | Size='32ø-32ø' | Width='' | Height='' | Diameter='32' | Statuses=NWB_DimWidth:SKIP; NWB_DimHeight:SKIP; NWB_DimDiameter:OK
INFO | Candidate: NWB_DimDiameter | Scope=instance | Storage=Double | ReadOnly=False | Shared=True | Id=3045162
INFO | Candidate: NWB_DimDiameter | Scope=instance | Storage=String | ReadOnly=False | Shared=True | Id=7626172
INFO | Found 2 parameters named NWB_DimDiameter
INFO | SELECTED | Shared Parameter | Scope=instance | ReadOnly=False | Id=7626172
INFO | SELECTED | Shared Parameter | Scope=instance | ReadOnly=False | Id=3045162
INFO | Element 15263760 | NWB_DimDiameter | Kind=Shared Parameter | Scope=instance | Storage=String | Old='' | New='32'
INFO | Element 15263760 | NWB_DimDiameter | Kind=Shared Parameter | Scope=instance | Storage=Double | Old='0' | New='32'
ELEMENT | 15263760 | Size='32ø-32ø-32ø' | Width='' | Height='' | Diameter='32' | Statuses=NWB_DimWidth:SKIP; NWB_DimHeight:SKIP; NWB_DimDiameter:OK
INFO | Candidate: NWB_DimDiameter | Scope=instance | Storage=String | ReadOnly=False | Shared=True | Id=7626172
INFO | Element 15263766 | NWB_DimDiameter | Kind=Shared Parameter | Scope=instance | Storage=String | Old='' | New='32'
ELEMENT | 15263766 | Size='32ø-32ø' | Width='' | Height='' | Diameter='32' | Statuses=NWB_DimWidth:SKIP; NWB_DimHeight:SKIP; NWB_DimDiameter:OK
INFO | Candidate: NWB_DimDiameter | Scope=instance | Storage=String | ReadOnly=False | Shared=True | Id=7626172
INFO | Element 15263772 | NWB_DimDiameter | Kind=Shared Parameter | Scope=instance | Storage=String | Old='' | New='25'
ELEMENT | 15263772 | Size='25ø-25ø' | Width='' | Height='' | Diameter='25' | Statuses=NWB_DimWidth:SKIP; NWB_DimHeight:SKIP; NWB_DimDiameter:OK
INFO | Candidate: NWB_DimDiameter | Scope=instance | Storage=String | ReadOnly=False | Shared=True | Id=7626172
INFO | Element 15263776 | NWB_DimDiameter | Kind=Shared Parameter | Scope=instance | Storage=String | Old='' | New='25'
ELEMENT | 15263776 | Size='25ø-25ø' | Width='' | Height='' | Diameter='25' | Statuses=NWB_DimWidth:SKIP; NWB_DimHeight:SKIP; NWB_DimDiameter:OK
INFO | Candidate: NWB_DimDiameter | Scope=instance | Storage=String | ReadOnly=False | Shared=True | Id=7626172
INFO | Element 15263780 | NWB_DimDiameter | Kind=Shared Parameter | Scope=instance | Storage=String | Old='' | New='25'
ELEMENT | 15263780 | Size='25ø-25ø' | Width='' | Height='' | Diameter='25' | Statuses=NWB_DimWidth:SKIP; NWB_DimHeight:SKIP; NWB_DimDiameter:OK
INFO | Candidate: NWB_DimDiameter | Scope=instance | Storage=String | ReadOnly=False | Shared=True | Id=7626172
INFO | Element 15263784 | NWB_DimDiameter | Kind=Shared Parameter | Scope=instance | Storage=String | Old='' | New='25'
ELEMENT | 15263784 | Size='25ø-25ø' | Width='' | Height='' | Diameter='25' | Statuses=NWB_DimWidth:SKIP; NWB_DimHeight:SKIP; NWB_DimDiameter:OK
INFO | Candidate: NWB_DimDiameter | Scope=instance | Storage=String | ReadOnly=False | Shared=True | Id=7626172
INFO | Element 15263844 | NWB_DimDiameter | Kind=Shared Parameter | Scope=instance | Storage=String | Old='' | New='25'
ELEMENT | 15263844 | Size='25ø-25ø' | Width='' | Height='' | Diameter='25' | Statuses=NWB_DimWidth:SKIP; NWB_DimHeight:SKIP; NWB_DimDiameter:OK
INFO | Candidate: NWB_DimDiameter | Scope=instance | Storage=String | ReadOnly=False | Shared=True | Id=7626172
INFO | Element 15263853 | NWB_DimDiameter | Kind=Shared Parameter | Scope=instance | Storage=String | Old='' | New='25'
ELEMENT | 15263853 | Size='25ø-25ø' | Width='' | Height='' | Diameter='25' | Statuses=NWB_DimWidth:SKIP; NWB_DimHeight:SKIP; NWB_DimDiameter:OK
INFO | Candidate: NWB_DimDiameter | Scope=instance | Storage=String | ReadOnly=False | Shared=True | Id=7626172
INFO | Element 15263857 | NWB_DimDiameter | Kind=Shared Parameter | Scope=instance | Storage=String | Old='' | New='25'
ELEMENT | 15263857 | Size='25ø-25ø' | Width='' | Height='' | Diameter='25' | Statuses=NWB_DimWidth:SKIP; NWB_DimHeight:SKIP; NWB_DimDiameter:OK
INFO | Candidate: NWB_DimDiameter | Scope=instance | Storage=String | ReadOnly=False | Shared=True | Id=7626172
INFO | Element 15263860 | NWB_DimDiameter | Kind=Shared Parameter | Scope=instance | Storage=String | Old='' | New='25'
ELEMENT | 15263860 | Size='25ø-25ø' | Width='' | Height='' | Diameter='25' | Statuses=NWB_DimWidth:SKIP; NWB_DimHeight:SKIP; NWB_DimDiameter:OK
INFO | Candidate: NWB_DimDiameter | Scope=instance | Storage=String | ReadOnly=False | Shared=True | Id=7626172
INFO | Element 15263865 | NWB_DimDiameter | Kind=Shared Parameter | Scope=instance | Storage=String | Old='' | New='25'
ELEMENT | 15263865 | Size='25ø-25ø' | Width='' | Height='' | Diameter='25' | Statuses=NWB_DimWidth:SKIP; NWB_DimHeight:SKIP; NWB_DimDiameter:OK
INFO | Candidate: NWB_DimDiameter | Scope=instance | Storage=String | ReadOnly=False | Shared=True | Id=7626172
INFO | Element 15263874 | NWB_DimDiameter | Kind=Shared Parameter | Scope=instance | Storage=String | Old='' | New='25'
ELEMENT | 15263874 | Size='25ø-25ø' | Width='' | Height='' | Diameter='25' | Statuses=NWB_DimWidth:SKIP; NWB_DimHeight:SKIP; NWB_DimDiameter:OK
INFO | Candidate: NWB_DimDiameter | Scope=instance | Storage=String | ReadOnly=False | Shared=True | Id=7626172
INFO | Element 15263878 | NWB_DimDiameter | Kind=Shared Parameter | Scope=instance | Storage=String | Old='' | New='25'
ELEMENT | 15263878 | Size='25ø-25ø' | Width='' | Height='' | Diameter='25' | Statuses=NWB_DimWidth:SKIP; NWB_DimHeight:SKIP; NWB_DimDiameter:OK
INFO | Candidate: NWB_DimDiameter | Scope=instance | Storage=String | ReadOnly=False | Shared=True | Id=7626172
INFO | Element 15263881 | NWB_DimDiameter | Kind=Shared Parameter | Scope=instance | Storage=String | Old='' | New='25'
ELEMENT | 15263881 | Size='25ø-25ø' | Width='' | Height='' | Diameter='25' | Statuses=NWB_DimWidth:SKIP; NWB_DimHeight:SKIP; NWB_DimDiameter:OK
INFO | Candidate: NWB_DimDiameter | Scope=instance | Storage=Double | ReadOnly=False | Shared=True | Id=3045162
INFO | Candidate: NWB_DimDiameter | Scope=instance | Storage=String | ReadOnly=False | Shared=True | Id=7626172
INFO | Found 2 parameters named NWB_DimDiameter
INFO | SELECTED | Shared Parameter | Scope=instance | ReadOnly=False | Id=7626172
INFO | SELECTED | Shared Parameter | Scope=instance | ReadOnly=False | Id=3045162
INFO | Element 15263886 | NWB_DimDiameter | Kind=Shared Parameter | Scope=instance | Storage=String | Old='' | New='32'
INFO | Element 15263886 | NWB_DimDiameter | Kind=Shared Parameter | Scope=instance | Storage=Double | Old='0' | New='32'
ELEMENT | 15263886 | Size='32ø-32ø-32ø' | Width='' | Height='' | Diameter='32' | Statuses=NWB_DimWidth:SKIP; NWB_DimHeight:SKIP; NWB_DimDiameter:OK
INFO | Candidate: NWB_DimDiameter | Scope=instance | Storage=String | ReadOnly=False | Shared=True | Id=7626172
INFO | Element 15263893 | NWB_DimDiameter | Kind=Shared Parameter | Scope=instance | Storage=String | Old='' | New='32'
ELEMENT | 15263893 | Size='32ø-32ø' | Width='' | Height='' | Diameter='32' | Statuses=NWB_DimWidth:SKIP; NWB_DimHeight:SKIP; NWB_DimDiameter:OK
INFO | Candidate: NWB_DimDiameter | Scope=instance | Storage=String | ReadOnly=False | Shared=True | Id=7626172
INFO | Element 15263895 | NWB_DimDiameter | Kind=Shared Parameter | Scope=instance | Storage=String | Old='' | New='32'
ELEMENT | 15263895 | Size='32ø-32ø' | Width='' | Height='' | Diameter='32' | Statuses=NWB_DimWidth:SKIP; NWB_DimHeight:SKIP; NWB_DimDiameter:OK
INFO | Candidate: NWB_DimDiameter | Scope=instance | Storage=Double | ReadOnly=False | Shared=True | Id=3045162
INFO | Candidate: NWB_DimDiameter | Scope=instance | Storage=String | ReadOnly=False | Shared=True | Id=7626172
INFO | Found 2 parameters named NWB_DimDiameter
INFO | SELECTED | Shared Parameter | Scope=instance | ReadOnly=False | Id=7626172
INFO | SELECTED | Shared Parameter | Scope=instance | ReadOnly=False | Id=3045162
INFO | Element 15263900 | NWB_DimDiameter | Kind=Shared Parameter | Scope=instance | Storage=String | Old='' | New='32'
INFO | Element 15263900 | NWB_DimDiameter | Kind=Shared Parameter | Scope=instance | Storage=Double | Old='0' | New='32'
ELEMENT | 15263900 | Size='32ø-32ø-32ø' | Width='' | Height='' | Diameter='32' | Statuses=NWB_DimWidth:SKIP; NWB_DimHeight:SKIP; NWB_DimDiameter:OK
INFO | Candidate: NWB_DimDiameter | Scope=instance | Storage=String | ReadOnly=False | Shared=True | Id=7626172
INFO | Element 15263907 | NWB_DimDiameter | Kind=Shared Parameter | Scope=instance | Storage=String | Old='' | New='32'
ELEMENT | 15263907 | Size='32ø-32ø' | Width='' | Height='' | Diameter='32' | Statuses=NWB_DimWidth:SKIP; NWB_DimHeight:SKIP; NWB_DimDiameter:OK
INFO | Candidate: NWB_DimDiameter | Scope=instance | Storage=String | ReadOnly=False | Shared=True | Id=7626172
INFO | Element 15263909 | NWB_DimDiameter | Kind=Shared Parameter | Scope=instance | Storage=String | Old='' | New='32'
ELEMENT | 15263909 | Size='32ø-32ø' | Width='' | Height='' | Diameter='32' | Statuses=NWB_DimWidth:SKIP; NWB_DimHeight:SKIP; NWB_DimDiameter:OK
INFO | Candidate: NWB_DimDiameter | Scope=instance | Storage=String | ReadOnly=False | Shared=True | Id=7626172
INFO | Element 15263916 | NWB_DimDiameter | Kind=Shared Parameter | Scope=instance | Storage=String | Old='' | New='25'
ELEMENT | 15263916 | Size='25ø-25ø' | Width='' | Height='' | Diameter='25' | Statuses=NWB_DimWidth:SKIP; NWB_DimHeight:SKIP; NWB_DimDiameter:OK
INFO | Candidate: NWB_DimDiameter | Scope=instance | Storage=Double | ReadOnly=False | Shared=True | Id=3045162
INFO | Candidate: NWB_DimDiameter | Scope=instance | Storage=String | ReadOnly=False | Shared=True | Id=7626172
INFO | Found 2 parameters named NWB_DimDiameter
INFO | SELECTED | Shared Parameter | Scope=instance | ReadOnly=False | Id=7626172
INFO | SELECTED | Shared Parameter | Scope=instance | ReadOnly=False | Id=3045162
INFO | Element 15263970 | NWB_DimDiameter | Kind=Shared Parameter | Scope=instance | Storage=String | Old='' | New='32'
INFO | Element 15263970 | NWB_DimDiameter | Kind=Shared Parameter | Scope=instance | Storage=Double | Old='0' | New='32'
ELEMENT | 15263970 | Size='32ø-25ø' | Width='' | Height='' | Diameter='32' | Statuses=NWB_DimWidth:SKIP; NWB_DimHeight:SKIP; NWB_DimDiameter:OK
INFO | Candidate: NWB_DimDiameter | Scope=instance | Storage=Double | ReadOnly=False | Shared=True | Id=3045162
INFO | Candidate: NWB_DimDiameter | Scope=instance | Storage=String | ReadOnly=False | Shared=True | Id=7626172
INFO | Found 2 parameters named NWB_DimDiameter
INFO | SELECTED | Shared Parameter | Scope=instance | ReadOnly=False | Id=7626172
INFO | SELECTED | Shared Parameter | Scope=instance | ReadOnly=False | Id=3045162
INFO | Element 15264013 | NWB_DimDiameter | Kind=Shared Parameter | Scope=instance | Storage=String | Old='' | New='32'
INFO | Element 15264013 | NWB_DimDiameter | Kind=Shared Parameter | Scope=instance | Storage=Double | Old='0' | New='32'
ELEMENT | 15264013 | Size='32ø-25ø' | Width='' | Height='' | Diameter='32' | Statuses=NWB_DimWidth:SKIP; NWB_DimHeight:SKIP; NWB_DimDiameter:OK
INFO | Candidate: NWB_DimDiameter | Scope=instance | Storage=String | ReadOnly=False | Shared=True | Id=7626172
INFO | Element 15269120 | NWB_DimDiameter | Kind=Shared Parameter | Scope=instance | Storage=String | Old='' | New='50'
ELEMENT | 15269120 | Size='50ø-50ø' | Width='' | Height='' | Diameter='50' | Statuses=NWB_DimWidth:SKIP; NWB_DimHeight:SKIP; NWB_DimDiameter:OK
INFO | Candidate: NWB_DimDiameter | Scope=instance | Storage=String | ReadOnly=False | Shared=True | Id=7626172
INFO | Element 15269156 | NWB_DimDiameter | Kind=Shared Parameter | Scope=instance | Storage=String | Old='' | New='50'
ELEMENT | 15269156 | Size='50ø-50ø' | Width='' | Height='' | Diameter='50' | Statuses=NWB_DimWidth:SKIP; NWB_DimHeight:SKIP; NWB_DimDiameter:OK
INFO | Candidate: NWB_DimDiameter | Scope=instance | Storage=Double | ReadOnly=False | Shared=True | Id=3045162
INFO | Candidate: NWB_DimDiameter | Scope=instance | Storage=String | ReadOnly=False | Shared=True | Id=7626172
INFO | Found 2 parameters named NWB_DimDiameter
INFO | SELECTED | Shared Parameter | Scope=instance | ReadOnly=False | Id=7626172
INFO | SELECTED | Shared Parameter | Scope=instance | ReadOnly=False | Id=3045162
INFO | Element 15269158 | NWB_DimDiameter | Kind=Shared Parameter | Scope=instance | Storage=String | Old='' | New='50'
INFO | Element 15269158 | NWB_DimDiameter | Kind=Shared Parameter | Scope=instance | Storage=Double | Old='0' | New='50'
ELEMENT | 15269158 | Size='50ø-50ø-50ø' | Width='' | Height='' | Diameter='50' | Statuses=NWB_DimWidth:SKIP; NWB_DimHeight:SKIP; NWB_DimDiameter:OK
INFO | Candidate: NWB_DimDiameter | Scope=instance | Storage=Double | ReadOnly=False | Shared=True | Id=3045162
INFO | Candidate: NWB_DimDiameter | Scope=instance | Storage=String | ReadOnly=False | Shared=True | Id=7626172
INFO | Found 2 parameters named NWB_DimDiameter
INFO | SELECTED | Shared Parameter | Scope=instance | ReadOnly=False | Id=7626172
INFO | SELECTED | Shared Parameter | Scope=instance | ReadOnly=False | Id=3045162
INFO | Element 15269183 | NWB_DimDiameter | Kind=Shared Parameter | Scope=instance | Storage=String | Old='' | New='50'
INFO | Element 15269183 | NWB_DimDiameter | Kind=Shared Parameter | Scope=instance | Storage=Double | Old='0' | New='50'
ELEMENT | 15269183 | Size='50ø-50ø-50ø' | Width='' | Height='' | Diameter='50' | Statuses=NWB_DimWidth:SKIP; NWB_DimHeight:SKIP; NWB_DimDiameter:OK
INFO | Candidate: NWB_DimDiameter | Scope=instance | Storage=Double | ReadOnly=False | Shared=True | Id=3045162
INFO | Candidate: NWB_DimDiameter | Scope=instance | Storage=String | ReadOnly=False | Shared=True | Id=7626172
INFO | Found 2 parameters named NWB_DimDiameter
INFO | SELECTED | Shared Parameter | Scope=instance | ReadOnly=False | Id=7626172
INFO | SELECTED | Shared Parameter | Scope=instance | ReadOnly=False | Id=3045162
INFO | Element 15269188 | NWB_DimDiameter | Kind=Shared Parameter | Scope=instance | Storage=String | Old='' | New='50'
INFO | Element 15269188 | NWB_DimDiameter | Kind=Shared Parameter | Scope=instance | Storage=Double | Old='0' | New='50'
ELEMENT | 15269188 | Size='50ø-20ø' | Width='' | Height='' | Diameter='50' | Statuses=NWB_DimWidth:SKIP; NWB_DimHeight:SKIP; NWB_DimDiameter:OK
INFO | Candidate: NWB_DimDiameter | Scope=instance | Storage=String | ReadOnly=False | Shared=True | Id=7626172
INFO | Element 15269635 | NWB_DimDiameter | Kind=Shared Parameter | Scope=instance | Storage=String | Old='' | New='50'
ELEMENT | 15269635 | Size='50ø-50ø' | Width='' | Height='' | Diameter='50' | Statuses=NWB_DimWidth:SKIP; NWB_DimHeight:SKIP; NWB_DimDiameter:OK
INFO | Candidate: NWB_DimDiameter | Scope=instance | Storage=String | ReadOnly=False | Shared=True | Id=7626172
INFO | Element 15269637 | NWB_DimDiameter | Kind=Shared Parameter | Scope=instance | Storage=String | Old='' | New='50'
ELEMENT | 15269637 | Size='50ø-50ø' | Width='' | Height='' | Diameter='50' | Statuses=NWB_DimWidth:SKIP; NWB_DimHeight:SKIP; NWB_DimDiameter:OK
INFO | Candidate: NWB_DimDiameter | Scope=instance | Storage=String | ReadOnly=False | Shared=True | Id=7626172
INFO | Element 15269639 | NWB_DimDiameter | Kind=Shared Parameter | Scope=instance | Storage=String | Old='' | New='50'
ELEMENT | 15269639 | Size='50ø-50ø' | Width='' | Height='' | Diameter='50' | Statuses=NWB_DimWidth:SKIP; NWB_DimHeight:SKIP; NWB_DimDiameter:OK
INFO | Candidate: NWB_DimDiameter | Scope=instance | Storage=Double | ReadOnly=False | Shared=True | Id=3045162
INFO | Candidate: NWB_DimDiameter | Scope=instance | Storage=String | ReadOnly=False | Shared=True | Id=7626172
INFO | Found 2 parameters named NWB_DimDiameter
INFO | SELECTED | Shared Parameter | Scope=instance | ReadOnly=False | Id=7626172
INFO | SELECTED | Shared Parameter | Scope=instance | ReadOnly=False | Id=3045162
INFO | Element 15269866 | NWB_DimDiameter | Kind=Shared Parameter | Scope=instance | Storage=String | Old='' | New='60'
INFO | Element 15269866 | NWB_DimDiameter | Kind=Shared Parameter | Scope=instance | Storage=Double | Old='0' | New='60'
ELEMENT | 15269866 | Size='60ø-20ø' | Width='' | Height='' | Diameter='60' | Statuses=NWB_DimWidth:SKIP; NWB_DimHeight:SKIP; NWB_DimDiameter:OK
INFO | Candidate: NWB_DimDiameter | Scope=instance | Storage=String | ReadOnly=False | Shared=True | Id=7626172
INFO | Element 15270274 | NWB_DimDiameter | Kind=Shared Parameter | Scope=instance | Storage=String | Old='' | New='50'
ELEMENT | 15270274 | Size='50ø-50ø' | Width='' | Height='' | Diameter='50' | Statuses=NWB_DimWidth:SKIP; NWB_DimHeight:SKIP; NWB_DimDiameter:OK
INFO | Candidate: NWB_DimDiameter | Scope=instance | Storage=String | ReadOnly=False | Shared=True | Id=7626172
INFO | Element 15270283 | NWB_DimDiameter | Kind=Shared Parameter | Scope=instance | Storage=String | Old='' | New='50'
ELEMENT | 15270283 | Size='50ø-50ø' | Width='' | Height='' | Diameter='50' | Statuses=NWB_DimWidth:SKIP; NWB_DimHeight:SKIP; NWB_DimDiameter:OK
INFO | Candidate: NWB_DimDiameter | Scope=instance | Storage=String | ReadOnly=False | Shared=True | Id=7626172
INFO | Element 15270346 | NWB_DimDiameter | Kind=Shared Parameter | Scope=instance | Storage=String | Old='' | New='20'
ELEMENT | 15270346 | Size='20ø-20ø' | Width='' | Height='' | Diameter='20' | Statuses=NWB_DimWidth:SKIP; NWB_DimHeight:SKIP; NWB_DimDiameter:OK
INFO | Candidate: NWB_DimDiameter | Scope=instance | Storage=String | ReadOnly=False | Shared=True | Id=7626172
INFO | Element 15270350 | NWB_DimDiameter | Kind=Shared Parameter | Scope=instance | Storage=String | Old='' | New='20'
ELEMENT | 15270350 | Size='20ø-20ø' | Width='' | Height='' | Diameter='20' | Statuses=NWB_DimWidth:SKIP; NWB_DimHeight:SKIP; NWB_DimDiameter:OK
INFO | Candidate: NWB_DimDiameter | Scope=instance | Storage=String | ReadOnly=False | Shared=True | Id=7626172
INFO | Element 15270353 | NWB_DimDiameter | Kind=Shared Parameter | Scope=instance | Storage=String | Old='' | New='20'
ELEMENT | 15270353 | Size='20ø-20ø' | Width='' | Height='' | Diameter='20' | Statuses=NWB_DimWidth:SKIP; NWB_DimHeight:SKIP; NWB_DimDiameter:OK
INFO | Candidate: NWB_DimDiameter | Scope=instance | Storage=Double | ReadOnly=False | Shared=True | Id=3045162
INFO | Candidate: NWB_DimDiameter | Scope=instance | Storage=String | ReadOnly=False | Shared=True | Id=7626172
INFO | Found 2 parameters named NWB_DimDiameter
INFO | SELECTED | Shared Parameter | Scope=instance | ReadOnly=False | Id=7626172
INFO | SELECTED | Shared Parameter | Scope=instance | ReadOnly=False | Id=3045162
INFO | Element 15299381 | NWB_DimDiameter | Kind=Shared Parameter | Scope=instance | Storage=String | Old='' | New='32'
INFO | Element 15299381 | NWB_DimDiameter | Kind=Shared Parameter | Scope=instance | Storage=Double | Old='0' | New='32'
ELEMENT | 15299381 | Size='32ø-15ø' | Width='' | Height='' | Diameter='32' | Statuses=NWB_DimWidth:SKIP; NWB_DimHeight:SKIP; NWB_DimDiameter:OK
INFO | Candidate: NWB_DimDiameter | Scope=instance | Storage=Double | ReadOnly=False | Shared=True | Id=3045162
INFO | Candidate: NWB_DimDiameter | Scope=instance | Storage=String | ReadOnly=False | Shared=True | Id=7626172
INFO | Found 2 parameters named NWB_DimDiameter
INFO | SELECTED | Shared Parameter | Scope=instance | ReadOnly=False | Id=7626172
INFO | SELECTED | Shared Parameter | Scope=instance | ReadOnly=False | Id=3045162
INFO | Element 15328270 | NWB_DimDiameter | Kind=Shared Parameter | Scope=instance | Storage=String | Old='' | New='32'
INFO | Element 15328270 | NWB_DimDiameter | Kind=Shared Parameter | Scope=instance | Storage=Double | Old='0' | New='32'
ELEMENT | 15328270 | Size='32ø-25ø' | Width='' | Height='' | Diameter='32' | Statuses=NWB_DimWidth:SKIP; NWB_DimHeight:SKIP; NWB_DimDiameter:OK
INFO | Candidate: NWB_DimDiameter | Scope=instance | Storage=Double | ReadOnly=False | Shared=True | Id=3045162
INFO | Candidate: NWB_DimDiameter | Scope=instance | Storage=String | ReadOnly=False | Shared=True | Id=7626172
INFO | Found 2 parameters named NWB_DimDiameter
INFO | SELECTED | Shared Parameter | Scope=instance | ReadOnly=False | Id=7626172
INFO | SELECTED | Shared Parameter | Scope=instance | ReadOnly=False | Id=3045162
INFO | Element 15328273 | NWB_DimDiameter | Kind=Shared Parameter | Scope=instance | Storage=String | Old='' | New='32'
INFO | Element 15328273 | NWB_DimDiameter | Kind=Shared Parameter | Scope=instance | Storage=Double | Old='0' | New='32'
ELEMENT | 15328273 | Size='32ø-25ø' | Width='' | Height='' | Diameter='32' | Statuses=NWB_DimWidth:SKIP; NWB_DimHeight:SKIP; NWB_DimDiameter:OK
INFO | Candidate: NWB_DimDiameter | Scope=instance | Storage=String | ReadOnly=False | Shared=True | Id=7626172
INFO | Element 15328314 | NWB_DimDiameter | Kind=Shared Parameter | Scope=instance | Storage=String | Old='' | New='25'
ELEMENT | 15328314 | Size='25ø-25ø' | Width='' | Height='' | Diameter='25' | Statuses=NWB_DimWidth:SKIP; NWB_DimHeight:SKIP; NWB_DimDiameter:OK
INFO | Candidate: NWB_DimDiameter | Scope=instance | Storage=String | ReadOnly=False | Shared=True | Id=7626172
INFO | Element 15328339 | NWB_DimDiameter | Kind=Shared Parameter | Scope=instance | Storage=String | Old='' | New='25'
ELEMENT | 15328339 | Size='25ø-25ø' | Width='' | Height='' | Diameter='25' | Statuses=NWB_DimWidth:SKIP; NWB_DimHeight:SKIP; NWB_DimDiameter:OK
INFO | Candidate: NWB_DimDiameter | Scope=instance | Storage=String | ReadOnly=False | Shared=True | Id=7626172
INFO | Element 15328342 | NWB_DimDiameter | Kind=Shared Parameter | Scope=instance | Storage=String | Old='' | New='25'
ELEMENT | 15328342 | Size='25ø-25ø' | Width='' | Height='' | Diameter='25' | Statuses=NWB_DimWidth:SKIP; NWB_DimHeight:SKIP; NWB_DimDiameter:OK
INFO | Candidate: NWB_DimDiameter | Scope=instance | Storage=Double | ReadOnly=False | Shared=True | Id=3045162
INFO | Candidate: NWB_DimDiameter | Scope=instance | Storage=String | ReadOnly=False | Shared=True | Id=7626172
INFO | Found 2 parameters named NWB_DimDiameter
INFO | SELECTED | Shared Parameter | Scope=instance | ReadOnly=False | Id=7626172
INFO | SELECTED | Shared Parameter | Scope=instance | ReadOnly=False | Id=3045162
INFO | Element 15328408 | NWB_DimDiameter | Kind=Shared Parameter | Scope=instance | Storage=String | Old='' | New='25'
INFO | Element 15328408 | NWB_DimDiameter | Kind=Shared Parameter | Scope=instance | Storage=Double | Old='0' | New='25'
ELEMENT | 15328408 | Size='25ø-25ø-25ø' | Width='' | Height='' | Diameter='25' | Statuses=NWB_DimWidth:SKIP; NWB_DimHeight:SKIP; NWB_DimDiameter:OK
INFO | Candidate: NWB_DimDiameter | Scope=instance | Storage=String | ReadOnly=False | Shared=True | Id=7626172
INFO | Element 15328414 | NWB_DimDiameter | Kind=Shared Parameter | Scope=instance | Storage=String | Old='' | New='25'
ELEMENT | 15328414 | Size='25ø-25ø' | Width='' | Height='' | Diameter='25' | Statuses=NWB_DimWidth:SKIP; NWB_DimHeight:SKIP; NWB_DimDiameter:OK
INFO | Candidate: NWB_DimDiameter | Scope=instance | Storage=Double | ReadOnly=False | Shared=True | Id=3045162
INFO | Candidate: NWB_DimDiameter | Scope=instance | Storage=String | ReadOnly=False | Shared=True | Id=7626172
INFO | Found 2 parameters named NWB_DimDiameter
INFO | SELECTED | Shared Parameter | Scope=instance | ReadOnly=False | Id=7626172
INFO | SELECTED | Shared Parameter | Scope=instance | ReadOnly=False | Id=3045162
INFO | Element 15328450 | NWB_DimDiameter | Kind=Shared Parameter | Scope=instance | Storage=String | Old='' | New='32'
INFO | Element 15328450 | NWB_DimDiameter | Kind=Shared Parameter | Scope=instance | Storage=Double | Old='0' | New='32'
ELEMENT | 15328450 | Size='32ø-25ø' | Width='' | Height='' | Diameter='32' | Statuses=NWB_DimWidth:SKIP; NWB_DimHeight:SKIP; NWB_DimDiameter:OK
INFO | Candidate: NWB_DimDiameter | Scope=instance | Storage=String | ReadOnly=False | Shared=True | Id=7626172
INFO | Element 15465466 | NWB_DimDiameter | Kind=Shared Parameter | Scope=instance | Storage=String | Old='' | New='32'
ELEMENT | 15465466 | Size='32ø-32ø' | Width='' | Height='' | Diameter='32' | Statuses=NWB_DimWidth:SKIP; NWB_DimHeight:SKIP; NWB_DimDiameter:OK
INFO | Candidate: NWB_DimDiameter | Scope=instance | Storage=Double | ReadOnly=False | Shared=True | Id=3045162
INFO | Candidate: NWB_DimDiameter | Scope=instance | Storage=String | ReadOnly=False | Shared=True | Id=7626172
INFO | Found 2 parameters named NWB_DimDiameter
INFO | SELECTED | Shared Parameter | Scope=instance | ReadOnly=False | Id=7626172
INFO | SELECTED | Shared Parameter | Scope=instance | ReadOnly=False | Id=3045162
INFO | Element 15465469 | NWB_DimDiameter | Kind=Shared Parameter | Scope=instance | Storage=String | Old='' | New='32'
INFO | Element 15465469 | NWB_DimDiameter | Kind=Shared Parameter | Scope=instance | Storage=Double | Old='0' | New='32'
ELEMENT | 15465469 | Size='32ø-25ø' | Width='' | Height='' | Diameter='32' | Statuses=NWB_DimWidth:SKIP; NWB_DimHeight:SKIP; NWB_DimDiameter:OK
INFO | Candidate: NWB_DimDiameter | Scope=instance | Storage=Double | ReadOnly=False | Shared=True | Id=3045162
INFO | Candidate: NWB_DimDiameter | Scope=instance | Storage=String | ReadOnly=False | Shared=True | Id=7626172
INFO | Found 2 parameters named NWB_DimDiameter
INFO | SELECTED | Shared Parameter | Scope=instance | ReadOnly=False | Id=7626172
INFO | SELECTED | Shared Parameter | Scope=instance | ReadOnly=False | Id=3045162
INFO | Element 15465474 | NWB_DimDiameter | Kind=Shared Parameter | Scope=instance | Storage=String | Old='' | New='32'
INFO | Element 15465474 | NWB_DimDiameter | Kind=Shared Parameter | Scope=instance | Storage=Double | Old='0' | New='32'
ELEMENT | 15465474 | Size='32ø-32ø-32ø' | Width='' | Height='' | Diameter='32' | Statuses=NWB_DimWidth:SKIP; NWB_DimHeight:SKIP; NWB_DimDiameter:OK
INFO | Candidate: NWB_DimDiameter | Scope=instance | Storage=Double | ReadOnly=False | Shared=True | Id=3045162
INFO | Candidate: NWB_DimDiameter | Scope=instance | Storage=String | ReadOnly=False | Shared=True | Id=7626172
INFO | Found 2 parameters named NWB_DimDiameter
INFO | SELECTED | Shared Parameter | Scope=instance | ReadOnly=False | Id=7626172
INFO | SELECTED | Shared Parameter | Scope=instance | ReadOnly=False | Id=3045162
INFO | Element 15465480 | NWB_DimDiameter | Kind=Shared Parameter | Scope=instance | Storage=String | Old='' | New='32'
INFO | Element 15465480 | NWB_DimDiameter | Kind=Shared Parameter | Scope=instance | Storage=Double | Old='0' | New='32'
ELEMENT | 15465480 | Size='32ø-25ø' | Width='' | Height='' | Diameter='32' | Statuses=NWB_DimWidth:SKIP; NWB_DimHeight:SKIP; NWB_DimDiameter:OK
INFO | Candidate: NWB_DimDiameter | Scope=instance | Storage=String | ReadOnly=False | Shared=True | Id=7626172
INFO | Element 15465482 | NWB_DimDiameter | Kind=Shared Parameter | Scope=instance | Storage=String | Old='' | New='25'
ELEMENT | 15465482 | Size='25ø-25ø' | Width='' | Height='' | Diameter='25' | Statuses=NWB_DimWidth:SKIP; NWB_DimHeight:SKIP; NWB_DimDiameter:OK
INFO | Candidate: NWB_DimDiameter | Scope=instance | Storage=String | ReadOnly=False | Shared=True | Id=7626172
INFO | Element 15465486 | NWB_DimDiameter | Kind=Shared Parameter | Scope=instance | Storage=String | Old='' | New='25'
ELEMENT | 15465486 | Size='25ø-25ø' | Width='' | Height='' | Diameter='25' | Statuses=NWB_DimWidth:SKIP; NWB_DimHeight:SKIP; NWB_DimDiameter:OK
INFO | Candidate: NWB_DimDiameter | Scope=instance | Storage=Double | ReadOnly=False | Shared=True | Id=3045162
INFO | Candidate: NWB_DimDiameter | Scope=instance | Storage=String | ReadOnly=False | Shared=True | Id=7626172
INFO | Found 2 parameters named NWB_DimDiameter
INFO | SELECTED | Shared Parameter | Scope=instance | ReadOnly=False | Id=7626172
INFO | SELECTED | Shared Parameter | Scope=instance | ReadOnly=False | Id=3045162
INFO | Element 15465494 | NWB_DimDiameter | Kind=Shared Parameter | Scope=instance | Storage=String | Old='' | New='25'
INFO | Element 15465494 | NWB_DimDiameter | Kind=Shared Parameter | Scope=instance | Storage=Double | Old='0' | New='25'
ELEMENT | 15465494 | Size='25ø-25ø-25ø' | Width='' | Height='' | Diameter='25' | Statuses=NWB_DimWidth:SKIP; NWB_DimHeight:SKIP; NWB_DimDiameter:OK
INFO | Candidate: NWB_DimDiameter | Scope=instance | Storage=String | ReadOnly=False | Shared=True | Id=7626172
INFO | Element 15465500 | NWB_DimDiameter | Kind=Shared Parameter | Scope=instance | Storage=String | Old='' | New='25'
ELEMENT | 15465500 | Size='25ø-25ø' | Width='' | Height='' | Diameter='25' | Statuses=NWB_DimWidth:SKIP; NWB_DimHeight:SKIP; NWB_DimDiameter:OK
INFO | Candidate: NWB_DimDiameter | Scope=instance | Storage=String | ReadOnly=False | Shared=True | Id=7626172
INFO | Element 15465517 | NWB_DimDiameter | Kind=Shared Parameter | Scope=instance | Storage=String | Old='' | New='25'
ELEMENT | 15465517 | Size='25ø-25ø' | Width='' | Height='' | Diameter='25' | Statuses=NWB_DimWidth:SKIP; NWB_DimHeight:SKIP; NWB_DimDiameter:OK
INFO | Candidate: NWB_DimDiameter | Scope=instance | Storage=String | ReadOnly=False | Shared=True | Id=7626172
INFO | Element 15465520 | NWB_DimDiameter | Kind=Shared Parameter | Scope=instance | Storage=String | Old='' | New='25'
ELEMENT | 15465520 | Size='25ø-25ø' | Width='' | Height='' | Diameter='25' | Statuses=NWB_DimWidth:SKIP; NWB_DimHeight:SKIP; NWB_DimDiameter:OK
INFO | Candidate: NWB_DimDiameter | Scope=instance | Storage=String | ReadOnly=False | Shared=True | Id=7626172
INFO | Element 15465532 | NWB_DimDiameter | Kind=Shared Parameter | Scope=instance | Storage=String | Old='' | New='32'
ELEMENT | 15465532 | Size='32ø-32ø' | Width='' | Height='' | Diameter='32' | Statuses=NWB_DimWidth:SKIP; NWB_DimHeight:SKIP; NWB_DimDiameter:OK
INFO | Candidate: NWB_DimDiameter | Scope=instance | Storage=String | ReadOnly=False | Shared=True | Id=7626172
INFO | Element 15465535 | NWB_DimDiameter | Kind=Shared Parameter | Scope=instance | Storage=String | Old='' | New='32'
ELEMENT | 15465535 | Size='32ø-32ø' | Width='' | Height='' | Diameter='32' | Statuses=NWB_DimWidth:SKIP; NWB_DimHeight:SKIP; NWB_DimDiameter:OK
INFO | Candidate: NWB_DimDiameter | Scope=instance | Storage=Double | ReadOnly=False | Shared=True | Id=3045162
INFO | Candidate: NWB_DimDiameter | Scope=instance | Storage=String | ReadOnly=False | Shared=True | Id=7626172
INFO | Found 2 parameters named NWB_DimDiameter
INFO | SELECTED | Shared Parameter | Scope=instance | ReadOnly=False | Id=7626172
INFO | SELECTED | Shared Parameter | Scope=instance | ReadOnly=False | Id=3045162
INFO | Element 15465540 | NWB_DimDiameter | Kind=Shared Parameter | Scope=instance | Storage=String | Old='' | New='25'
INFO | Element 15465540 | NWB_DimDiameter | Kind=Shared Parameter | Scope=instance | Storage=Double | Old='0' | New='25'
ELEMENT | 15465540 | Size='25ø-25ø-25ø' | Width='' | Height='' | Diameter='25' | Statuses=NWB_DimWidth:SKIP; NWB_DimHeight:SKIP; NWB_DimDiameter:OK
INFO | Candidate: NWB_DimDiameter | Scope=instance | Storage=String | ReadOnly=False | Shared=True | Id=7626172
INFO | Element 15465550 | NWB_DimDiameter | Kind=Shared Parameter | Scope=instance | Storage=String | Old='' | New='25'
ELEMENT | 15465550 | Size='25ø-25ø' | Width='' | Height='' | Diameter='25' | Statuses=NWB_DimWidth:SKIP; NWB_DimHeight:SKIP; NWB_DimDiameter:OK
INFO | Candidate: NWB_DimDiameter | Scope=instance | Storage=Double | ReadOnly=False | Shared=True | Id=3045162
INFO | Candidate: NWB_DimDiameter | Scope=instance | Storage=String | ReadOnly=False | Shared=True | Id=7626172
INFO | Found 2 parameters named NWB_DimDiameter
INFO | SELECTED | Shared Parameter | Scope=instance | ReadOnly=False | Id=7626172
INFO | SELECTED | Shared Parameter | Scope=instance | ReadOnly=False | Id=3045162
INFO | Element 15465556 | NWB_DimDiameter | Kind=Shared Parameter | Scope=instance | Storage=String | Old='' | New='32'
INFO | Element 15465556 | NWB_DimDiameter | Kind=Shared Parameter | Scope=instance | Storage=Double | Old='0' | New='32'
ELEMENT | 15465556 | Size='32ø-32ø-32ø' | Width='' | Height='' | Diameter='32' | Statuses=NWB_DimWidth:SKIP; NWB_DimHeight:SKIP; NWB_DimDiameter:OK
INFO | Candidate: NWB_DimDiameter | Scope=instance | Storage=Double | ReadOnly=False | Shared=True | Id=3045162
INFO | Candidate: NWB_DimDiameter | Scope=instance | Storage=String | ReadOnly=False | Shared=True | Id=7626172
INFO | Found 2 parameters named NWB_DimDiameter
INFO | SELECTED | Shared Parameter | Scope=instance | ReadOnly=False | Id=7626172
INFO | SELECTED | Shared Parameter | Scope=instance | ReadOnly=False | Id=3045162
INFO | Element 15465562 | NWB_DimDiameter | Kind=Shared Parameter | Scope=instance | Storage=String | Old='' | New='32'
INFO | Element 15465562 | NWB_DimDiameter | Kind=Shared Parameter | Scope=instance | Storage=Double | Old='0' | New='32'
ELEMENT | 15465562 | Size='32ø-15ø' | Width='' | Height='' | Diameter='32' | Statuses=NWB_DimWidth:SKIP; NWB_DimHeight:SKIP; NWB_DimDiameter:OK
INFO | Candidate: NWB_DimDiameter | Scope=instance | Storage=String | ReadOnly=False | Shared=True | Id=7626172
INFO | Element 15465568 | NWB_DimDiameter | Kind=Shared Parameter | Scope=instance | Storage=String | Old='' | New='15'
ELEMENT | 15465568 | Size='15ø-15ø' | Width='' | Height='' | Diameter='15' | Statuses=NWB_DimWidth:SKIP; NWB_DimHeight:SKIP; NWB_DimDiameter:OK
INFO | Candidate: NWB_DimDiameter | Scope=instance | Storage=String | ReadOnly=False | Shared=True | Id=7626172
INFO | Element 15465577 | NWB_DimDiameter | Kind=Shared Parameter | Scope=instance | Storage=String | Old='' | New='450'
ELEMENT | 15465577 | Size='450ø-450ø-50ø' | Width='' | Height='' | Diameter='450' | Statuses=NWB_DimWidth:SKIP; NWB_DimHeight:SKIP; NWB_DimDiameter:OK
INFO | Candidate: NWB_DimDiameter | Scope=instance | Storage=String | ReadOnly=False | Shared=True | Id=7626172
INFO | Element 15467018 | NWB_DimDiameter | Kind=Shared Parameter | Scope=instance | Storage=String | Old='' | New='40'
ELEMENT | 15467018 | Size='40ø-40ø' | Width='' | Height='' | Diameter='40' | Statuses=NWB_DimWidth:SKIP; NWB_DimHeight:SKIP; NWB_DimDiameter:OK
INFO | Candidate: NWB_DimDiameter | Scope=instance | Storage=String | ReadOnly=False | Shared=True | Id=7626172
INFO | Element 15467024 | NWB_DimDiameter | Kind=Shared Parameter | Scope=instance | Storage=String | Old='' | New='40'
ELEMENT | 15467024 | Size='40ø-40ø' | Width='' | Height='' | Diameter='40' | Statuses=NWB_DimWidth:SKIP; NWB_DimHeight:SKIP; NWB_DimDiameter:OK
INFO | Candidate: NWB_DimDiameter | Scope=instance | Storage=String | ReadOnly=False | Shared=True | Id=7626172
INFO | Element 15467030 | NWB_DimDiameter | Kind=Shared Parameter | Scope=instance | Storage=String | Old='' | New='40'
ELEMENT | 15467030 | Size='40ø-40ø' | Width='' | Height='' | Diameter='40' | Statuses=NWB_DimWidth:SKIP; NWB_DimHeight:SKIP; NWB_DimDiameter:OK
INFO | Candidate: NWB_DimDiameter | Scope=instance | Storage=String | ReadOnly=False | Shared=True | Id=7626172
INFO | Element 15467051 | NWB_DimDiameter | Kind=Shared Parameter | Scope=instance | Storage=String | Old='' | New='40'
ELEMENT | 15467051 | Size='40ø-40ø' | Width='' | Height='' | Diameter='40' | Statuses=NWB_DimWidth:SKIP; NWB_DimHeight:SKIP; NWB_DimDiameter:OK
INFO | Candidate: NWB_DimDiameter | Scope=instance | Storage=String | ReadOnly=False | Shared=True | Id=7626172
INFO | Element 15467057 | NWB_DimDiameter | Kind=Shared Parameter | Scope=instance | Storage=String | Old='' | New='40'
ELEMENT | 15467057 | Size='40ø-40ø' | Width='' | Height='' | Diameter='40' | Statuses=NWB_DimWidth:SKIP; NWB_DimHeight:SKIP; NWB_DimDiameter:OK
INFO | Candidate: NWB_DimDiameter | Scope=instance | Storage=String | ReadOnly=False | Shared=True | Id=7626172
INFO | Element 15467063 | NWB_DimDiameter | Kind=Shared Parameter | Scope=instance | Storage=String | Old='' | New='40'
ELEMENT | 15467063 | Size='40ø-40ø' | Width='' | Height='' | Diameter='40' | Statuses=NWB_DimWidth:SKIP; NWB_DimHeight:SKIP; NWB_DimDiameter:OK
INFO | Candidate: NWB_DimDiameter | Scope=instance | Storage=String | ReadOnly=False | Shared=True | Id=7626172
INFO | Element 15467152 | NWB_DimDiameter | Kind=Shared Parameter | Scope=instance | Storage=String | Old='' | New='40'
ELEMENT | 15467152 | Size='40ø-40ø' | Width='' | Height='' | Diameter='40' | Statuses=NWB_DimWidth:SKIP; NWB_DimHeight:SKIP; NWB_DimDiameter:OK
INFO | Candidate: NWB_DimDiameter | Scope=instance | Storage=String | ReadOnly=False | Shared=True | Id=7626172
INFO | Element 15467157 | NWB_DimDiameter | Kind=Shared Parameter | Scope=instance | Storage=String | Old='' | New='50'
ELEMENT | 15467157 | Size='50ø-40ø' | Width='' | Height='' | Diameter='50' | Statuses=NWB_DimWidth:SKIP; NWB_DimHeight:SKIP; NWB_DimDiameter:OK
INFO | Candidate: NWB_DimDiameter | Scope=instance | Storage=String | ReadOnly=False | Shared=True | Id=7626172
INFO | Element 15468389 | NWB_DimDiameter | Kind=Shared Parameter | Scope=instance | Storage=String | Old='' | New='15'
ELEMENT | 15468389 | Size='15ø-15ø' | Width='' | Height='' | Diameter='15' | Statuses=NWB_DimWidth:SKIP; NWB_DimHeight:SKIP; NWB_DimDiameter:OK
INFO | Candidate: NWB_DimDiameter | Scope=instance | Storage=String | ReadOnly=False | Shared=True | Id=7626172
INFO | Element 15468395 | NWB_DimDiameter | Kind=Shared Parameter | Scope=instance | Storage=String | Old='' | New='15'
ELEMENT | 15468395 | Size='15ø-15ø' | Width='' | Height='' | Diameter='15' | Statuses=NWB_DimWidth:SKIP; NWB_DimHeight:SKIP; NWB_DimDiameter:OK
INFO | Candidate: NWB_DimDiameter | Scope=instance | Storage=String | ReadOnly=False | Shared=True | Id=7626172
INFO | Element 15468421 | NWB_DimDiameter | Kind=Shared Parameter | Scope=instance | Storage=String | Old='' | New='25'
ELEMENT | 15468421 | Size='25ø-25ø' | Width='' | Height='' | Diameter='25' | Statuses=NWB_DimWidth:SKIP; NWB_DimHeight:SKIP; NWB_DimDiameter:OK
INFO | Candidate: NWB_DimDiameter | Scope=instance | Storage=String | ReadOnly=False | Shared=True | Id=7626172
INFO | Element 15468427 | NWB_DimDiameter | Kind=Shared Parameter | Scope=instance | Storage=String | Old='' | New='25'
ELEMENT | 15468427 | Size='25ø-25ø' | Width='' | Height='' | Diameter='25' | Statuses=NWB_DimWidth:SKIP; NWB_DimHeight:SKIP; NWB_DimDiameter:OK
INFO | Candidate: NWB_DimDiameter | Scope=instance | Storage=String | ReadOnly=False | Shared=True | Id=7626172
INFO | Element 15468460 | NWB_DimDiameter | Kind=Shared Parameter | Scope=instance | Storage=String | Old='' | New='32'
ELEMENT | 15468460 | Size='32ø-32ø' | Width='' | Height='' | Diameter='32' | Statuses=NWB_DimWidth:SKIP; NWB_DimHeight:SKIP; NWB_DimDiameter:OK
INFO | Candidate: NWB_DimDiameter | Scope=instance | Storage=String | ReadOnly=False | Shared=True | Id=7626172
INFO | Element 15468487 | NWB_DimDiameter | Kind=Shared Parameter | Scope=instance | Storage=String | Old='' | New='25'
ELEMENT | 15468487 | Size='25ø-25ø' | Width='' | Height='' | Diameter='25' | Statuses=NWB_DimWidth:SKIP; NWB_DimHeight:SKIP; NWB_DimDiameter:OK
INFO | Candidate: NWB_DimDiameter | Scope=instance | Storage=String | ReadOnly=False | Shared=True | Id=7626172
INFO | Element 15468492 | NWB_DimDiameter | Kind=Shared Parameter | Scope=instance | Storage=String | Old='' | New='25'
ELEMENT | 15468492 | Size='25ø-25ø' | Width='' | Height='' | Diameter='25' | Statuses=NWB_DimWidth:SKIP; NWB_DimHeight:SKIP; NWB_DimDiameter:OK
INFO | Candidate: NWB_DimDiameter | Scope=instance | Storage=Double | ReadOnly=False | Shared=True | Id=3045162
INFO | Candidate: NWB_DimDiameter | Scope=instance | Storage=String | ReadOnly=False | Shared=True | Id=7626172
INFO | Found 2 parameters named NWB_DimDiameter
INFO | SELECTED | Shared Parameter | Scope=instance | ReadOnly=False | Id=7626172
INFO | SELECTED | Shared Parameter | Scope=instance | ReadOnly=False | Id=3045162
INFO | Element 15468494 | NWB_DimDiameter | Kind=Shared Parameter | Scope=instance | Storage=String | Old='' | New='32'
INFO | Element 15468494 | NWB_DimDiameter | Kind=Shared Parameter | Scope=instance | Storage=Double | Old='0' | New='32'
ELEMENT | 15468494 | Size='32ø-25ø' | Width='' | Height='' | Diameter='32' | Statuses=NWB_DimWidth:SKIP; NWB_DimHeight:SKIP; NWB_DimDiameter:OK
INFO | Candidate: NWB_DimDiameter | Scope=instance | Storage=String | ReadOnly=False | Shared=True | Id=7626172
INFO | Element 15469132 | NWB_DimDiameter | Kind=Shared Parameter | Scope=instance | Storage=String | Old='' | New='32'
ELEMENT | 15469132 | Size='32ø-32ø' | Width='' | Height='' | Diameter='32' | Statuses=NWB_DimWidth:SKIP; NWB_DimHeight:SKIP; NWB_DimDiameter:OK
INFO | Candidate: NWB_DimDiameter | Scope=instance | Storage=String | ReadOnly=False | Shared=True | Id=7626172
INFO | Element 15469145 | NWB_DimDiameter | Kind=Shared Parameter | Scope=instance | Storage=String | Old='' | New='32'
ELEMENT | 15469145 | Size='32ø-32ø' | Width='' | Height='' | Diameter='32' | Statuses=NWB_DimWidth:SKIP; NWB_DimHeight:SKIP; NWB_DimDiameter:OK
INFO | Candidate: NWB_DimDiameter | Scope=instance | Storage=String | ReadOnly=False | Shared=True | Id=7626172
INFO | Element 15469169 | NWB_DimDiameter | Kind=Shared Parameter | Scope=instance | Storage=String | Old='' | New='32'
ELEMENT | 15469169 | Size='32ø-32ø' | Width='' | Height='' | Diameter='32' | Statuses=NWB_DimWidth:SKIP; NWB_DimHeight:SKIP; NWB_DimDiameter:OK
INFO | Candidate: NWB_DimDiameter | Scope=instance | Storage=String | ReadOnly=False | Shared=True | Id=7626172
INFO | Element 15469182 | NWB_DimDiameter | Kind=Shared Parameter | Scope=instance | Storage=String | Old='' | New='32'
ELEMENT | 15469182 | Size='32ø-32ø' | Width='' | Height='' | Diameter='32' | Statuses=NWB_DimWidth:SKIP; NWB_DimHeight:SKIP; NWB_DimDiameter:OK
INFO | Candidate: NWB_DimDiameter | Scope=instance | Storage=String | ReadOnly=False | Shared=True | Id=7626172
INFO | Element 15549090 | NWB_DimDiameter | Kind=Shared Parameter | Scope=instance | Storage=String | Old='' | New='25'
ELEMENT | 15549090 | Size='25ø-25ø' | Width='' | Height='' | Diameter='25' | Statuses=NWB_DimWidth:SKIP; NWB_DimHeight:SKIP; NWB_DimDiameter:OK
INFO | Candidate: NWB_DimDiameter | Scope=instance | Storage=String | ReadOnly=False | Shared=True | Id=7626172
INFO | Element 15549094 | NWB_DimDiameter | Kind=Shared Parameter | Scope=instance | Storage=String | Old='' | New='25'
ELEMENT | 15549094 | Size='25ø-25ø' | Width='' | Height='' | Diameter='25' | Statuses=NWB_DimWidth:SKIP; NWB_DimHeight:SKIP; NWB_DimDiameter:OK
INFO | Candidate: NWB_DimDiameter | Scope=instance | Storage=String | ReadOnly=False | Shared=True | Id=7626172
INFO | Element 15549096 | NWB_DimDiameter | Kind=Shared Parameter | Scope=instance | Storage=String | Old='' | New='25'
ELEMENT | 15549096 | Size='25ø-25ø' | Width='' | Height='' | Diameter='25' | Statuses=NWB_DimWidth:SKIP; NWB_DimHeight:SKIP; NWB_DimDiameter:OK
INFO | Candidate: NWB_DimDiameter | Scope=instance | Storage=String | ReadOnly=False | Shared=True | Id=7626172
INFO | Element 15549100 | NWB_DimDiameter | Kind=Shared Parameter | Scope=instance | Storage=String | Old='' | New='25'
ELEMENT | 15549100 | Size='25ø-25ø' | Width='' | Height='' | Diameter='25' | Statuses=NWB_DimWidth:SKIP; NWB_DimHeight:SKIP; NWB_DimDiameter:OK
INFO | Candidate: NWB_DimDiameter | Scope=instance | Storage=String | ReadOnly=False | Shared=True | Id=7626172
INFO | Element 15549102 | NWB_DimDiameter | Kind=Shared Parameter | Scope=instance | Storage=String | Old='' | New='25'
ELEMENT | 15549102 | Size='25ø-25ø' | Width='' | Height='' | Diameter='25' | Statuses=NWB_DimWidth:SKIP; NWB_DimHeight:SKIP; NWB_DimDiameter:OK
INFO | Candidate: NWB_DimDiameter | Scope=instance | Storage=String | ReadOnly=False | Shared=True | Id=7626172
INFO | Element 15549104 | NWB_DimDiameter | Kind=Shared Parameter | Scope=instance | Storage=String | Old='' | New='25'
ELEMENT | 15549104 | Size='25ø-25ø' | Width='' | Height='' | Diameter='25' | Statuses=NWB_DimWidth:SKIP; NWB_DimHeight:SKIP; NWB_DimDiameter:OK
INFO | Candidate: NWB_DimDiameter | Scope=instance | Storage=Double | ReadOnly=False | Shared=True | Id=3045162
INFO | Candidate: NWB_DimDiameter | Scope=instance | Storage=String | ReadOnly=False | Shared=True | Id=7626172
INFO | Found 2 parameters named NWB_DimDiameter
INFO | SELECTED | Shared Parameter | Scope=instance | ReadOnly=False | Id=7626172
INFO | SELECTED | Shared Parameter | Scope=instance | ReadOnly=False | Id=3045162
INFO | Element 15555607 | NWB_DimDiameter | Kind=Shared Parameter | Scope=instance | Storage=String | Old='' | New='32'
INFO | Element 15555607 | NWB_DimDiameter | Kind=Shared Parameter | Scope=instance | Storage=Double | Old='0' | New='32'
ELEMENT | 15555607 | Size='32ø-32ø-32ø' | Width='' | Height='' | Diameter='32' | Statuses=NWB_DimWidth:SKIP; NWB_DimHeight:SKIP; NWB_DimDiameter:OK
INFO | Candidate: NWB_DimDiameter | Scope=instance | Storage=Double | ReadOnly=False | Shared=True | Id=3045162
INFO | Candidate: NWB_DimDiameter | Scope=instance | Storage=String | ReadOnly=False | Shared=True | Id=7626172
INFO | Found 2 parameters named NWB_DimDiameter
INFO | SELECTED | Shared Parameter | Scope=instance | ReadOnly=False | Id=7626172
INFO | SELECTED | Shared Parameter | Scope=instance | ReadOnly=False | Id=3045162
INFO | Element 15555613 | NWB_DimDiameter | Kind=Shared Parameter | Scope=instance | Storage=String | Old='' | New='32'
INFO | Element 15555613 | NWB_DimDiameter | Kind=Shared Parameter | Scope=instance | Storage=Double | Old='0' | New='32'
ELEMENT | 15555613 | Size='32ø-25ø' | Width='' | Height='' | Diameter='32' | Statuses=NWB_DimWidth:SKIP; NWB_DimHeight:SKIP; NWB_DimDiameter:OK
INFO | Candidate: NWB_DimDiameter | Scope=instance | Storage=Double | ReadOnly=False | Shared=True | Id=3045162
INFO | Candidate: NWB_DimDiameter | Scope=instance | Storage=String | ReadOnly=False | Shared=True | Id=7626172
INFO | Found 2 parameters named NWB_DimDiameter
INFO | SELECTED | Shared Parameter | Scope=instance | ReadOnly=False | Id=7626172
INFO | SELECTED | Shared Parameter | Scope=instance | ReadOnly=False | Id=3045162
INFO | Element 15555621 | NWB_DimDiameter | Kind=Shared Parameter | Scope=instance | Storage=String | Old='' | New='32'
INFO | Element 15555621 | NWB_DimDiameter | Kind=Shared Parameter | Scope=instance | Storage=Double | Old='0' | New='32'
ELEMENT | 15555621 | Size='32ø-32ø-32ø' | Width='' | Height='' | Diameter='32' | Statuses=NWB_DimWidth:SKIP; NWB_DimHeight:SKIP; NWB_DimDiameter:OK
INFO | Candidate: NWB_DimDiameter | Scope=instance | Storage=Double | ReadOnly=False | Shared=True | Id=3045162
INFO | Candidate: NWB_DimDiameter | Scope=instance | Storage=String | ReadOnly=False | Shared=True | Id=7626172
INFO | Found 2 parameters named NWB_DimDiameter
INFO | SELECTED | Shared Parameter | Scope=instance | ReadOnly=False | Id=7626172
INFO | SELECTED | Shared Parameter | Scope=instance | ReadOnly=False | Id=3045162
INFO | Element 15555627 | NWB_DimDiameter | Kind=Shared Parameter | Scope=instance | Storage=String | Old='' | New='32'
INFO | Element 15555627 | NWB_DimDiameter | Kind=Shared Parameter | Scope=instance | Storage=Double | Old='0' | New='32'
ELEMENT | 15555627 | Size='32ø-25ø' | Width='' | Height='' | Diameter='32' | Statuses=NWB_DimWidth:SKIP; NWB_DimHeight:SKIP; NWB_DimDiameter:OK
INFO | Candidate: NWB_DimDiameter | Scope=instance | Storage=String | ReadOnly=False | Shared=True | Id=7626172
INFO | Element 15555653 | NWB_DimDiameter | Kind=Shared Parameter | Scope=instance | Storage=String | Old='' | New='25'
ELEMENT | 15555653 | Size='25ø-25ø' | Width='' | Height='' | Diameter='25' | Statuses=NWB_DimWidth:SKIP; NWB_DimHeight:SKIP; NWB_DimDiameter:OK
INFO | Candidate: NWB_DimDiameter | Scope=instance | Storage=String | ReadOnly=False | Shared=True | Id=7626172
INFO | Element 15555676 | NWB_DimDiameter | Kind=Shared Parameter | Scope=instance | Storage=String | Old='' | New='25'
ELEMENT | 15555676 | Size='25ø-25ø' | Width='' | Height='' | Diameter='25' | Statuses=NWB_DimWidth:SKIP; NWB_DimHeight:SKIP; NWB_DimDiameter:OK
INFO | Candidate: NWB_DimDiameter | Scope=instance | Storage=Double | ReadOnly=False | Shared=True | Id=3045162
INFO | Candidate: NWB_DimDiameter | Scope=instance | Storage=String | ReadOnly=False | Shared=True | Id=7626172
INFO | Found 2 parameters named NWB_DimDiameter
INFO | SELECTED | Shared Parameter | Scope=instance | ReadOnly=False | Id=7626172
INFO | SELECTED | Shared Parameter | Scope=instance | ReadOnly=False | Id=3045162
INFO | Element 15556637 | NWB_DimDiameter | Kind=Shared Parameter | Scope=instance | Storage=String | Old='' | New='32'
INFO | Element 15556637 | NWB_DimDiameter | Kind=Shared Parameter | Scope=instance | Storage=Double | Old='0' | New='32'
ELEMENT | 15556637 | Size='32ø-32ø-32ø' | Width='' | Height='' | Diameter='32' | Statuses=NWB_DimWidth:SKIP; NWB_DimHeight:SKIP; NWB_DimDiameter:OK
INFO | Candidate: NWB_DimDiameter | Scope=instance | Storage=Double | ReadOnly=False | Shared=True | Id=3045162
INFO | Candidate: NWB_DimDiameter | Scope=instance | Storage=String | ReadOnly=False | Shared=True | Id=7626172
INFO | Found 2 parameters named NWB_DimDiameter
INFO | SELECTED | Shared Parameter | Scope=instance | ReadOnly=False | Id=7626172
INFO | SELECTED | Shared Parameter | Scope=instance | ReadOnly=False | Id=3045162
INFO | Element 15556647 | NWB_DimDiameter | Kind=Shared Parameter | Scope=instance | Storage=String | Old='' | New='32'
INFO | Element 15556647 | NWB_DimDiameter | Kind=Shared Parameter | Scope=instance | Storage=Double | Old='0' | New='32'
ELEMENT | 15556647 | Size='32ø-25ø' | Width='' | Height='' | Diameter='32' | Statuses=NWB_DimWidth:SKIP; NWB_DimHeight:SKIP; NWB_DimDiameter:OK
INFO | Candidate: NWB_DimDiameter | Scope=instance | Storage=String | ReadOnly=False | Shared=True | Id=7626172
INFO | Element 15556649 | NWB_DimDiameter | Kind=Shared Parameter | Scope=instance | Storage=String | Old='' | New='25'
ELEMENT | 15556649 | Size='25ø-25ø' | Width='' | Height='' | Diameter='25' | Statuses=NWB_DimWidth:SKIP; NWB_DimHeight:SKIP; NWB_DimDiameter:OK
INFO | Candidate: NWB_DimDiameter | Scope=instance | Storage=Double | ReadOnly=False | Shared=True | Id=3045162
INFO | Candidate: NWB_DimDiameter | Scope=instance | Storage=String | ReadOnly=False | Shared=True | Id=7626172
INFO | Found 2 parameters named NWB_DimDiameter
INFO | SELECTED | Shared Parameter | Scope=instance | ReadOnly=False | Id=7626172
INFO | SELECTED | Shared Parameter | Scope=instance | ReadOnly=False | Id=3045162
INFO | Element 15556749 | NWB_DimDiameter | Kind=Shared Parameter | Scope=instance | Storage=String | Old='' | New='32'
INFO | Element 15556749 | NWB_DimDiameter | Kind=Shared Parameter | Scope=instance | Storage=Double | Old='0' | New='32'
ELEMENT | 15556749 | Size='32ø-32ø-32ø' | Width='' | Height='' | Diameter='32' | Statuses=NWB_DimWidth:SKIP; NWB_DimHeight:SKIP; NWB_DimDiameter:OK
INFO | Candidate: NWB_DimDiameter | Scope=instance | Storage=Double | ReadOnly=False | Shared=True | Id=3045162
INFO | Candidate: NWB_DimDiameter | Scope=instance | Storage=String | ReadOnly=False | Shared=True | Id=7626172
INFO | Found 2 parameters named NWB_DimDiameter
INFO | SELECTED | Shared Parameter | Scope=instance | ReadOnly=False | Id=7626172
INFO | SELECTED | Shared Parameter | Scope=instance | ReadOnly=False | Id=3045162
INFO | Element 15556759 | NWB_DimDiameter | Kind=Shared Parameter | Scope=instance | Storage=String | Old='' | New='32'
INFO | Element 15556759 | NWB_DimDiameter | Kind=Shared Parameter | Scope=instance | Storage=Double | Old='0' | New='32'
ELEMENT | 15556759 | Size='32ø-25ø' | Width='' | Height='' | Diameter='32' | Statuses=NWB_DimWidth:SKIP; NWB_DimHeight:SKIP; NWB_DimDiameter:OK
INFO | Candidate: NWB_DimDiameter | Scope=instance | Storage=String | ReadOnly=False | Shared=True | Id=7626172
INFO | Element 15556761 | NWB_DimDiameter | Kind=Shared Parameter | Scope=instance | Storage=String | Old='' | New='25'
ELEMENT | 15556761 | Size='25ø-25ø' | Width='' | Height='' | Diameter='25' | Statuses=NWB_DimWidth:SKIP; NWB_DimHeight:SKIP; NWB_DimDiameter:OK
INFO | Candidate: NWB_DimDiameter | Scope=instance | Storage=String | ReadOnly=False | Shared=True | Id=7626172
INFO | Element 15556808 | NWB_DimDiameter | Kind=Shared Parameter | Scope=instance | Storage=String | Old='' | New='25'
ELEMENT | 15556808 | Size='25ø-25ø' | Width='' | Height='' | Diameter='25' | Statuses=NWB_DimWidth:SKIP; NWB_DimHeight:SKIP; NWB_DimDiameter:OK
INFO | Candidate: NWB_DimDiameter | Scope=instance | Storage=String | ReadOnly=False | Shared=True | Id=7626172
INFO | Element 15556843 | NWB_DimDiameter | Kind=Shared Parameter | Scope=instance | Storage=String | Old='' | New='25'
ELEMENT | 15556843 | Size='25ø-25ø' | Width='' | Height='' | Diameter='25' | Statuses=NWB_DimWidth:SKIP; NWB_DimHeight:SKIP; NWB_DimDiameter:OK
INFO | Candidate: NWB_DimDiameter | Scope=instance | Storage=String | ReadOnly=False | Shared=True | Id=7626172
INFO | Element 15557000 | NWB_DimDiameter | Kind=Shared Parameter | Scope=instance | Storage=String | Old='' | New='50'
ELEMENT | 15557000 | Size='50ø-50ø' | Width='' | Height='' | Diameter='50' | Statuses=NWB_DimWidth:SKIP; NWB_DimHeight:SKIP; NWB_DimDiameter:OK
INFO | Candidate: NWB_DimDiameter | Scope=instance | Storage=String | ReadOnly=False | Shared=True | Id=7626172
INFO | Element 15557011 | NWB_DimDiameter | Kind=Shared Parameter | Scope=instance | Storage=String | Old='' | New='50'
ELEMENT | 15557011 | Size='50ø-50ø' | Width='' | Height='' | Diameter='50' | Statuses=NWB_DimWidth:SKIP; NWB_DimHeight:SKIP; NWB_DimDiameter:OK
INFO | Candidate: NWB_DimDiameter | Scope=instance | Storage=String | ReadOnly=False | Shared=True | Id=7626172
INFO | Element 15557057 | NWB_DimDiameter | Kind=Shared Parameter | Scope=instance | Storage=String | Old='' | New='50'
ELEMENT | 15557057 | Size='50ø-50ø' | Width='' | Height='' | Diameter='50' | Statuses=NWB_DimWidth:SKIP; NWB_DimHeight:SKIP; NWB_DimDiameter:OK
INFO | Candidate: NWB_DimDiameter | Scope=instance | Storage=String | ReadOnly=False | Shared=True | Id=7626172
INFO | Element 15557068 | NWB_DimDiameter | Kind=Shared Parameter | Scope=instance | Storage=String | Old='' | New='50'
ELEMENT | 15557068 | Size='50ø-50ø' | Width='' | Height='' | Diameter='50' | Statuses=NWB_DimWidth:SKIP; NWB_DimHeight:SKIP; NWB_DimDiameter:OK
INFO | Candidate: NWB_DimDiameter | Scope=instance | Storage=Double | ReadOnly=False | Shared=True | Id=3045162
INFO | Candidate: NWB_DimDiameter | Scope=instance | Storage=String | ReadOnly=False | Shared=True | Id=7626172
INFO | Found 2 parameters named NWB_DimDiameter
INFO | SELECTED | Shared Parameter | Scope=instance | ReadOnly=False | Id=7626172
INFO | SELECTED | Shared Parameter | Scope=instance | ReadOnly=False | Id=3045162
INFO | Element 15557197 | NWB_DimDiameter | Kind=Shared Parameter | Scope=instance | Storage=String | Old='' | New='50'
INFO | Element 15557197 | NWB_DimDiameter | Kind=Shared Parameter | Scope=instance | Storage=Double | Old='0' | New='50'
ELEMENT | 15557197 | Size='50ø-50ø-50ø' | Width='' | Height='' | Diameter='50' | Statuses=NWB_DimWidth:SKIP; NWB_DimHeight:SKIP; NWB_DimDiameter:OK
INFO | Candidate: NWB_DimDiameter | Scope=instance | Storage=Double | ReadOnly=False | Shared=True | Id=3045162
INFO | Candidate: NWB_DimDiameter | Scope=instance | Storage=String | ReadOnly=False | Shared=True | Id=7626172
INFO | Found 2 parameters named NWB_DimDiameter
INFO | SELECTED | Shared Parameter | Scope=instance | ReadOnly=False | Id=7626172
INFO | SELECTED | Shared Parameter | Scope=instance | ReadOnly=False | Id=3045162
INFO | Element 15557206 | NWB_DimDiameter | Kind=Shared Parameter | Scope=instance | Storage=String | Old='' | New='50'
INFO | Element 15557206 | NWB_DimDiameter | Kind=Shared Parameter | Scope=instance | Storage=Double | Old='0' | New='50'
ELEMENT | 15557206 | Size='50ø-25ø' | Width='' | Height='' | Diameter='50' | Statuses=NWB_DimWidth:SKIP; NWB_DimHeight:SKIP; NWB_DimDiameter:OK
INFO | Candidate: NWB_DimDiameter | Scope=instance | Storage=String | ReadOnly=False | Shared=True | Id=7626172
INFO | Element 15557209 | NWB_DimDiameter | Kind=Shared Parameter | Scope=instance | Storage=String | Old='' | New='25'
ELEMENT | 15557209 | Size='25ø-25ø' | Width='' | Height='' | Diameter='25' | Statuses=NWB_DimWidth:SKIP; NWB_DimHeight:SKIP; NWB_DimDiameter:OK
INFO | Candidate: NWB_DimDiameter | Scope=instance | Storage=Double | ReadOnly=False | Shared=True | Id=3045162
INFO | Candidate: NWB_DimDiameter | Scope=instance | Storage=String | ReadOnly=False | Shared=True | Id=7626172
INFO | Found 2 parameters named NWB_DimDiameter
INFO | SELECTED | Shared Parameter | Scope=instance | ReadOnly=False | Id=7626172
INFO | SELECTED | Shared Parameter | Scope=instance | ReadOnly=False | Id=3045162
INFO | Element 15557233 | NWB_DimDiameter | Kind=Shared Parameter | Scope=instance | Storage=String | Old='' | New='50'
INFO | Element 15557233 | NWB_DimDiameter | Kind=Shared Parameter | Scope=instance | Storage=Double | Old='0' | New='50'
ELEMENT | 15557233 | Size='50ø-50ø-50ø' | Width='' | Height='' | Diameter='50' | Statuses=NWB_DimWidth:SKIP; NWB_DimHeight:SKIP; NWB_DimDiameter:OK
INFO | Candidate: NWB_DimDiameter | Scope=instance | Storage=String | ReadOnly=False | Shared=True | Id=7626172
INFO | Element 15557239 | NWB_DimDiameter | Kind=Shared Parameter | Scope=instance | Storage=String | Old='' | New='50'
ELEMENT | 15557239 | Size='50ø-50ø' | Width='' | Height='' | Diameter='50' | Statuses=NWB_DimWidth:SKIP; NWB_DimHeight:SKIP; NWB_DimDiameter:OK
INFO | Candidate: NWB_DimDiameter | Scope=instance | Storage=String | ReadOnly=False | Shared=True | Id=7626172
INFO | Element 15557282 | NWB_DimDiameter | Kind=Shared Parameter | Scope=instance | Storage=String | Old='' | New='25'
ELEMENT | 15557282 | Size='25ø-25ø' | Width='' | Height='' | Diameter='25' | Statuses=NWB_DimWidth:SKIP; NWB_DimHeight:SKIP; NWB_DimDiameter:OK
INFO | Candidate: NWB_DimDiameter | Scope=instance | Storage=String | ReadOnly=False | Shared=True | Id=7626172
INFO | Element 15557316 | NWB_DimDiameter | Kind=Shared Parameter | Scope=instance | Storage=String | Old='' | New='25'
ELEMENT | 15557316 | Size='25ø-25ø' | Width='' | Height='' | Diameter='25' | Statuses=NWB_DimWidth:SKIP; NWB_DimHeight:SKIP; NWB_DimDiameter:OK
INFO | Transaction Status = Committed
WARN | Regenerate after commit failed: Modification of the document is forbidden.  Typically, this is because there is no open transaction;  consult documentation for Document.IsModified for other possible causes.
CHUNK COMMIT | Status=Committed | Processed=720
INFO | VERIFY OK | Element 15664898 | Parameter=NWB_DimDiameter | Kind=Shared Parameter | Scope=instance | Id=7626172 | Actual='25'
INFO | VERIFY OK | Element 15664907 | Parameter=NWB_DimDiameter | Kind=Shared Parameter | Scope=instance | Id=7626172 | Actual='32'
INFO | VERIFY OK | Element 15664910 | Parameter=NWB_DimDiameter | Kind=Shared Parameter | Scope=instance | Id=7626172 | Actual='32'
INFO | VERIFY OK | Element 15664913 | Parameter=NWB_DimDiameter | Kind=Shared Parameter | Scope=instance | Id=7626172 | Actual='32'
INFO | VERIFY OK | Element 15664916 | Parameter=NWB_DimDiameter | Kind=Shared Parameter | Scope=instance | Id=7626172 | Actual='32'
INFO | VERIFY OK | Element 15664925 | Parameter=NWB_DimDiameter | Kind=Shared Parameter | Scope=instance | Id=7626172 | Actual='32'
INFO | VERIFY OK | Element 15664928 | Parameter=NWB_DimDiameter | Kind=Shared Parameter | Scope=instance | Id=7626172 | Actual='32'
INFO | VERIFY OK | Element 15664937 | Parameter=NWB_DimDiameter | Kind=Shared Parameter | Scope=instance | Id=7626172 | Actual='32'
INFO | VERIFY OK | Element 15664941 | Parameter=NWB_DimDiameter | Kind=Shared Parameter | Scope=instance | Id=7626172 | Actual='32'
INFO | VERIFY OK | Element 15664944 | Parameter=NWB_DimDiameter | Kind=Shared Parameter | Scope=instance | Id=7626172 | Actual='32'
INFO | VERIFY OK | Element 15664947 | Parameter=NWB_DimDiameter | Kind=Shared Parameter | Scope=instance | Id=7626172 | Actual='32'
INFO | VERIFY OK | Element 15664950 | Parameter=NWB_DimDiameter | Kind=Shared Parameter | Scope=instance | Id=7626172 | Actual='32'
INFO | VERIFY OK | Element 15664960 | Parameter=NWB_DimDiameter | Kind=Shared Parameter | Scope=instance | Id=7626172 | Actual='32'
INFO | VERIFY OK | Element 15664969 | Parameter=NWB_DimDiameter | Kind=Shared Parameter | Scope=instance | Id=7626172 | Actual='32'
INFO | VERIFY OK | Element 15664978 | Parameter=NWB_DimDiameter | Kind=Shared Parameter | Scope=instance | Id=7626172 | Actual='32'
INFO | VERIFY OK | Element 15760501 | Parameter=NWB_DimDiameter | Kind=Shared Parameter | Scope=instance | Id=7626172 | Actual='32'
INFO | VERIFY OK | Element 15760518 | Parameter=NWB_DimDiameter | Kind=Shared Parameter | Scope=instance | Id=7626172 | Actual='32'
INFO | VERIFY OK | Element 13513429 | Parameter=NWB_DimDiameter | Kind=Shared Parameter | Scope=instance | Id=7626172 | Actual='32'
INFO | VERIFY OK | Element 13513463 | Parameter=NWB_DimDiameter | Kind=Shared Parameter | Scope=instance | Id=7626172 | Actual='32'
INFO | VERIFY OK | Element 13642527 | Parameter=NWB_DimDiameter | Kind=Shared Parameter | Scope=instance | Id=7626172 | Actual='25'
INFO | VERIFY OK | Element 13642527 | Parameter=NWB_DimDiameter | Kind=Shared Parameter | Scope=instance | Id=3045162 | Actual='25'
INFO | VERIFY OK | Element 13642879 | Parameter=NWB_DimDiameter | Kind=Shared Parameter | Scope=instance | Id=7626172 | Actual='25'
INFO | VERIFY OK | Element 13642881 | Parameter=NWB_DimDiameter | Kind=Shared Parameter | Scope=instance | Id=7626172 | Actual='25'
INFO | VERIFY OK | Element 13642881 | Parameter=NWB_DimDiameter | Kind=Shared Parameter | Scope=instance | Id=3045162 | Actual='25'
INFO | VERIFY OK | Element 13643015 | Parameter=NWB_DimDiameter | Kind=Shared Parameter | Scope=instance | Id=7626172 | Actual='25'
INFO | VERIFY OK | Element 13643025 | Parameter=NWB_DimDiameter | Kind=Shared Parameter | Scope=instance | Id=7626172 | Actual='25'
INFO | VERIFY OK | Element 13643080 | Parameter=NWB_DimDiameter | Kind=Shared Parameter | Scope=instance | Id=7626172 | Actual='25'
INFO | VERIFY OK | Element 13643151 | Parameter=NWB_DimDiameter | Kind=Shared Parameter | Scope=instance | Id=7626172 | Actual='25'
INFO | VERIFY OK | Element 13643197 | Parameter=NWB_DimDiameter | Kind=Shared Parameter | Scope=instance | Id=7626172 | Actual='25'
INFO | VERIFY OK | Element 13643291 | Parameter=NWB_DimDiameter | Kind=Shared Parameter | Scope=instance | Id=7626172 | Actual='32'
INFO | VERIFY OK | Element 13643312 | Parameter=NWB_DimDiameter | Kind=Shared Parameter | Scope=instance | Id=7626172 | Actual='25'
INFO | VERIFY OK | Element 13643312 | Parameter=NWB_DimDiameter | Kind=Shared Parameter | Scope=instance | Id=3045162 | Actual='25'
INFO | VERIFY OK | Element 13643376 | Parameter=NWB_DimDiameter | Kind=Shared Parameter | Scope=instance | Id=7626172 | Actual='25'
INFO | VERIFY OK | Element 13643468 | Parameter=NWB_DimDiameter | Kind=Shared Parameter | Scope=instance | Id=7626172 | Actual='32'
INFO | VERIFY OK | Element 13643491 | Parameter=NWB_DimDiameter | Kind=Shared Parameter | Scope=instance | Id=7626172 | Actual='25'
INFO | VERIFY OK | Element 13643491 | Parameter=NWB_DimDiameter | Kind=Shared Parameter | Scope=instance | Id=3045162 | Actual='25'
INFO | VERIFY OK | Element 13643648 | Parameter=NWB_DimDiameter | Kind=Shared Parameter | Scope=instance | Id=7626172 | Actual='25'
INFO | VERIFY OK | Element 13643648 | Parameter=NWB_DimDiameter | Kind=Shared Parameter | Scope=instance | Id=3045162 | Actual='25'
INFO | VERIFY OK | Element 13643720 | Parameter=NWB_DimDiameter | Kind=Shared Parameter | Scope=instance | Id=7626172 | Actual='25'
INFO | VERIFY OK | Element 13643720 | Parameter=NWB_DimDiameter | Kind=Shared Parameter | Scope=instance | Id=3045162 | Actual='25'
INFO | VERIFY OK | Element 13643765 | Parameter=NWB_DimDiameter | Kind=Shared Parameter | Scope=instance | Id=7626172 | Actual='25'
INFO | VERIFY OK | Element 13644692 | Parameter=NWB_DimDiameter | Kind=Shared Parameter | Scope=instance | Id=7626172 | Actual='32'
INFO | VERIFY OK | Element 13647636 | Parameter=NWB_DimDiameter | Kind=Shared Parameter | Scope=instance | Id=7626172 | Actual='50'
INFO | VERIFY OK | Element 13648202 | Parameter=NWB_DimDiameter | Kind=Shared Parameter | Scope=instance | Id=7626172 | Actual='50'
INFO | VERIFY OK | Element 13648202 | Parameter=NWB_DimDiameter | Kind=Shared Parameter | Scope=instance | Id=3045162 | Actual='50'
INFO | VERIFY OK | Element 13688807 | Parameter=NWB_DimDiameter | Kind=Shared Parameter | Scope=instance | Id=7626172 | Actual='50'
INFO | VERIFY OK | Element 13689949 | Parameter=NWB_DimDiameter | Kind=Shared Parameter | Scope=instance | Id=7626172 | Actual='32'
INFO | VERIFY OK | Element 13693936 | Parameter=NWB_DimDiameter | Kind=Shared Parameter | Scope=instance | Id=7626172 | Actual='40'
INFO | VERIFY OK | Element 13693940 | Parameter=NWB_DimDiameter | Kind=Shared Parameter | Scope=instance | Id=7626172 | Actual='40'
INFO | VERIFY OK | Element 13694047 | Parameter=NWB_DimDiameter | Kind=Shared Parameter | Scope=instance | Id=7626172 | Actual='40'
INFO | VERIFY OK | Element 13694050 | Parameter=NWB_DimDiameter | Kind=Shared Parameter | Scope=instance | Id=7626172 | Actual='40'
INFO | VERIFY OK | Element 13711977 | Parameter=NWB_DimDiameter | Kind=Shared Parameter | Scope=instance | Id=7626172 | Actual='160'
INFO | VERIFY OK | Element 13755007 | Parameter=NWB_DimDiameter | Kind=Shared Parameter | Scope=instance | Id=7626172 | Actual='25'
INFO | VERIFY OK | Element 13755013 | Parameter=NWB_DimDiameter | Kind=Shared Parameter | Scope=instance | Id=7626172 | Actual='25'
INFO | VERIFY OK | Element 13755015 | Parameter=NWB_DimDiameter | Kind=Shared Parameter | Scope=instance | Id=7626172 | Actual='25'
INFO | VERIFY OK | Element 13755021 | Parameter=NWB_DimDiameter | Kind=Shared Parameter | Scope=instance | Id=7626172 | Actual='25'
INFO | VERIFY OK | Element 13755025 | Parameter=NWB_DimDiameter | Kind=Shared Parameter | Scope=instance | Id=7626172 | Actual='25'
INFO | VERIFY OK | Element 13755028 | Parameter=NWB_DimDiameter | Kind=Shared Parameter | Scope=instance | Id=7626172 | Actual='25'
INFO | VERIFY OK | Element 13770614 | Parameter=NWB_DimDiameter | Kind=Shared Parameter | Scope=instance | Id=7626172 | Actual='32'
INFO | VERIFY OK | Element 13770695 | Parameter=NWB_DimDiameter | Kind=Shared Parameter | Scope=instance | Id=7626172 | Actual='32'
INFO | VERIFY OK | Element 13771754 | Parameter=NWB_DimDiameter | Kind=Shared Parameter | Scope=instance | Id=7626172 | Actual='32'
INFO | VERIFY OK | Element 13771777 | Parameter=NWB_DimDiameter | Kind=Shared Parameter | Scope=instance | Id=7626172 | Actual='32'
INFO | VERIFY OK | Element 13771794 | Parameter=NWB_DimDiameter | Kind=Shared Parameter | Scope=instance | Id=7626172 | Actual='32'
INFO | VERIFY OK | Element 13771817 | Parameter=NWB_DimDiameter | Kind=Shared Parameter | Scope=instance | Id=7626172 | Actual='32'
INFO | VERIFY OK | Element 13771827 | Parameter=NWB_DimDiameter | Kind=Shared Parameter | Scope=instance | Id=7626172 | Actual='32'
INFO | VERIFY OK | Element 13771829 | Parameter=NWB_DimDiameter | Kind=Shared Parameter | Scope=instance | Id=7626172 | Actual='32'
INFO | VERIFY OK | Element 13773271 | Parameter=NWB_DimDiameter | Kind=Shared Parameter | Scope=instance | Id=7626172 | Actual='32'
INFO | VERIFY OK | Element 13773271 | Parameter=NWB_DimDiameter | Kind=Shared Parameter | Scope=instance | Id=3045162 | Actual='32'
INFO | VERIFY OK | Element 13773297 | Parameter=NWB_DimDiameter | Kind=Shared Parameter | Scope=instance | Id=7626172 | Actual='25'
INFO | VERIFY OK | Element 13773811 | Parameter=NWB_DimDiameter | Kind=Shared Parameter | Scope=instance | Id=7626172 | Actual='32'
INFO | VERIFY OK | Element 13773811 | Parameter=NWB_DimDiameter | Kind=Shared Parameter | Scope=instance | Id=3045162 | Actual='32'
INFO | VERIFY OK | Element 13773823 | Parameter=NWB_DimDiameter | Kind=Shared Parameter | Scope=instance | Id=7626172 | Actual='32'
INFO | VERIFY OK | Element 13773857 | Parameter=NWB_DimDiameter | Kind=Shared Parameter | Scope=instance | Id=7626172 | Actual='32'
INFO | VERIFY OK | Element 13773857 | Parameter=NWB_DimDiameter | Kind=Shared Parameter | Scope=instance | Id=3045162 | Actual='32'
INFO | VERIFY OK | Element 13773876 | Parameter=NWB_DimDiameter | Kind=Shared Parameter | Scope=instance | Id=7626172 | Actual='32'
INFO | VERIFY OK | Element 13774027 | Parameter=NWB_DimDiameter | Kind=Shared Parameter | Scope=instance | Id=7626172 | Actual='32'
INFO | VERIFY OK | Element 13774036 | Parameter=NWB_DimDiameter | Kind=Shared Parameter | Scope=instance | Id=7626172 | Actual='32'
INFO | VERIFY OK | Element 13774039 | Parameter=NWB_DimDiameter | Kind=Shared Parameter | Scope=instance | Id=7626172 | Actual='32'
INFO | VERIFY OK | Element 13774084 | Parameter=NWB_DimDiameter | Kind=Shared Parameter | Scope=instance | Id=7626172 | Actual='32'
INFO | VERIFY OK | Element 13774093 | Parameter=NWB_DimDiameter | Kind=Shared Parameter | Scope=instance | Id=7626172 | Actual='32'
INFO | VERIFY OK | Element 13774096 | Parameter=NWB_DimDiameter | Kind=Shared Parameter | Scope=instance | Id=7626172 | Actual='32'
INFO | VERIFY OK | Element 13814549 | Parameter=NWB_DimDiameter | Kind=Shared Parameter | Scope=instance | Id=7626172 | Actual='50'
INFO | VERIFY OK | Element 14030280 | Parameter=NWB_DimDiameter | Kind=Shared Parameter | Scope=instance | Id=7626172 | Actual='32'
INFO | VERIFY OK | Element 14030280 | Parameter=NWB_DimDiameter | Kind=Shared Parameter | Scope=instance | Id=3045162 | Actual='32'
INFO | VERIFY OK | Element 14030315 | Parameter=NWB_DimDiameter | Kind=Shared Parameter | Scope=instance | Id=7626172 | Actual='32'
INFO | VERIFY OK | Element 14030315 | Parameter=NWB_DimDiameter | Kind=Shared Parameter | Scope=instance | Id=3045162 | Actual='32'
INFO | VERIFY OK | Element 14030448 | Parameter=NWB_DimDiameter | Kind=Shared Parameter | Scope=instance | Id=7626172 | Actual='32'
INFO | VERIFY OK | Element 14030448 | Parameter=NWB_DimDiameter | Kind=Shared Parameter | Scope=instance | Id=3045162 | Actual='32'
INFO | VERIFY OK | Element 14030489 | Parameter=NWB_DimDiameter | Kind=Shared Parameter | Scope=instance | Id=7626172 | Actual='32'
INFO | VERIFY OK | Element 14030489 | Parameter=NWB_DimDiameter | Kind=Shared Parameter | Scope=instance | Id=3045162 | Actual='32'
INFO | VERIFY OK | Element 14031231 | Parameter=NWB_DimDiameter | Kind=Shared Parameter | Scope=instance | Id=7626172 | Actual='25'
INFO | VERIFY OK | Element 14034141 | Parameter=NWB_DimDiameter | Kind=Shared Parameter | Scope=instance | Id=7626172 | Actual='25'
INFO | VERIFY OK | Element 14034141 | Parameter=NWB_DimDiameter | Kind=Shared Parameter | Scope=instance | Id=3045162 | Actual='25'
INFO | VERIFY OK | Element 14034293 | Parameter=NWB_DimDiameter | Kind=Shared Parameter | Scope=instance | Id=7626172 | Actual='32'
INFO | VERIFY OK | Element 14034293 | Parameter=NWB_DimDiameter | Kind=Shared Parameter | Scope=instance | Id=3045162 | Actual='32'
INFO | VERIFY OK | Element 14034302 | Parameter=NWB_DimDiameter | Kind=Shared Parameter | Scope=instance | Id=7626172 | Actual='25'
INFO | VERIFY OK | Element 14034305 | Parameter=NWB_DimDiameter | Kind=Shared Parameter | Scope=instance | Id=7626172 | Actual='32'
INFO | VERIFY OK | Element 14034310 | Parameter=NWB_DimDiameter | Kind=Shared Parameter | Scope=instance | Id=7626172 | Actual='32'
INFO | VERIFY OK | Element 14034310 | Parameter=NWB_DimDiameter | Kind=Shared Parameter | Scope=instance | Id=3045162 | Actual='32'
INFO | VERIFY OK | Element 14034319 | Parameter=NWB_DimDiameter | Kind=Shared Parameter | Scope=instance | Id=7626172 | Actual='32'
INFO | VERIFY OK | Element 14034322 | Parameter=NWB_DimDiameter | Kind=Shared Parameter | Scope=instance | Id=7626172 | Actual='32'
INFO | VERIFY OK | Element 14045085 | Parameter=NWB_DimDiameter | Kind=Shared Parameter | Scope=instance | Id=7626172 | Actual='32'
INFO | VERIFY OK | Element 14045088 | Parameter=NWB_DimDiameter | Kind=Shared Parameter | Scope=instance | Id=7626172 | Actual='32'
INFO | VERIFY OK | Element 14045093 | Parameter=NWB_DimDiameter | Kind=Shared Parameter | Scope=instance | Id=7626172 | Actual='32'
INFO | VERIFY OK | Element 14045095 | Parameter=NWB_DimDiameter | Kind=Shared Parameter | Scope=instance | Id=7626172 | Actual='32'
INFO | VERIFY OK | Element 14045150 | Parameter=NWB_DimDiameter | Kind=Shared Parameter | Scope=instance | Id=7626172 | Actual='32'
INFO | VERIFY OK | Element 14045150 | Parameter=NWB_DimDiameter | Kind=Shared Parameter | Scope=instance | Id=3045162 | Actual='32'
INFO | VERIFY OK | Element 14045158 | Parameter=NWB_DimDiameter | Kind=Shared Parameter | Scope=instance | Id=7626172 | Actual='32'
INFO | VERIFY OK | Element 14045162 | Parameter=NWB_DimDiameter | Kind=Shared Parameter | Scope=instance | Id=7626172 | Actual='32'
INFO | VERIFY OK | Element 14045167 | Parameter=NWB_DimDiameter | Kind=Shared Parameter | Scope=instance | Id=7626172 | Actual='32'
INFO | VERIFY OK | Element 14045167 | Parameter=NWB_DimDiameter | Kind=Shared Parameter | Scope=instance | Id=3045162 | Actual='32'
INFO | VERIFY OK | Element 14045175 | Parameter=NWB_DimDiameter | Kind=Shared Parameter | Scope=instance | Id=7626172 | Actual='32'
INFO | VERIFY OK | Element 14045178 | Parameter=NWB_DimDiameter | Kind=Shared Parameter | Scope=instance | Id=7626172 | Actual='32'
INFO | VERIFY OK | Element 14045190 | Parameter=NWB_DimDiameter | Kind=Shared Parameter | Scope=instance | Id=7626172 | Actual='32'
INFO | VERIFY OK | Element 14045190 | Parameter=NWB_DimDiameter | Kind=Shared Parameter | Scope=instance | Id=3045162 | Actual='32'
INFO | VERIFY OK | Element 14045221 | Parameter=NWB_DimDiameter | Kind=Shared Parameter | Scope=instance | Id=7626172 | Actual='25'
INFO | VERIFY OK | Element 14045224 | Parameter=NWB_DimDiameter | Kind=Shared Parameter | Scope=instance | Id=7626172 | Actual='25'
INFO | VERIFY OK | Element 14049630 | Parameter=NWB_DimDiameter | Kind=Shared Parameter | Scope=instance | Id=7626172 | Actual='32'
INFO | VERIFY OK | Element 14049630 | Parameter=NWB_DimDiameter | Kind=Shared Parameter | Scope=instance | Id=3045162 | Actual='32'
INFO | VERIFY OK | Element 14049684 | Parameter=NWB_DimDiameter | Kind=Shared Parameter | Scope=instance | Id=7626172 | Actual='32'
INFO | VERIFY OK | Element 14049697 | Parameter=NWB_DimDiameter | Kind=Shared Parameter | Scope=instance | Id=7626172 | Actual='32'
INFO | VERIFY OK | Element 14049719 | Parameter=NWB_DimDiameter | Kind=Shared Parameter | Scope=instance | Id=7626172 | Actual='32'
INFO | VERIFY OK | Element 14049744 | Parameter=NWB_DimDiameter | Kind=Shared Parameter | Scope=instance | Id=7626172 | Actual='32'
INFO | VERIFY OK | Element 14050163 | Parameter=NWB_DimDiameter | Kind=Shared Parameter | Scope=instance | Id=7626172 | Actual='32'
INFO | VERIFY OK | Element 14050173 | Parameter=NWB_DimDiameter | Kind=Shared Parameter | Scope=instance | Id=7626172 | Actual='32'
INFO | VERIFY OK | Element 14050175 | Parameter=NWB_DimDiameter | Kind=Shared Parameter | Scope=instance | Id=7626172 | Actual='32'
INFO | VERIFY OK | Element 14050234 | Parameter=NWB_DimDiameter | Kind=Shared Parameter | Scope=instance | Id=7626172 | Actual='32'
INFO | VERIFY OK | Element 14050244 | Parameter=NWB_DimDiameter | Kind=Shared Parameter | Scope=instance | Id=7626172 | Actual='32'
INFO | VERIFY OK | Element 14050246 | Parameter=NWB_DimDiameter | Kind=Shared Parameter | Scope=instance | Id=7626172 | Actual='32'
INFO | VERIFY OK | Element 14050378 | Parameter=NWB_DimDiameter | Kind=Shared Parameter | Scope=instance | Id=7626172 | Actual='32'
INFO | VERIFY OK | Element 14050378 | Parameter=NWB_DimDiameter | Kind=Shared Parameter | Scope=instance | Id=3045162 | Actual='32'
INFO | VERIFY OK | Element 14050401 | Parameter=NWB_DimDiameter | Kind=Shared Parameter | Scope=instance | Id=7626172 | Actual='32'
INFO | VERIFY OK | Element 14050434 | Parameter=NWB_DimDiameter | Kind=Shared Parameter | Scope=instance | Id=7626172 | Actual='32'
INFO | VERIFY OK | Element 14050434 | Parameter=NWB_DimDiameter | Kind=Shared Parameter | Scope=instance | Id=3045162 | Actual='32'
INFO | VERIFY OK | Element 14368927 | Parameter=NWB_DimDiameter | Kind=Shared Parameter | Scope=instance | Id=7626172 | Actual='32'
INFO | VERIFY OK | Element 14368927 | Parameter=NWB_DimDiameter | Kind=Shared Parameter | Scope=instance | Id=3045162 | Actual='32'
INFO | VERIFY OK | Element 14369315 | Parameter=NWB_DimDiameter | Kind=Shared Parameter | Scope=instance | Id=7626172 | Actual='60'
INFO | VERIFY OK | Element 14369315 | Parameter=NWB_DimDiameter | Kind=Shared Parameter | Scope=instance | Id=3045162 | Actual='60'
INFO | VERIFY OK | Element 15053647 | Parameter=NWB_DimDiameter | Kind=Shared Parameter | Scope=instance | Id=7626172 | Actual='32'
INFO | VERIFY OK | Element 15053647 | Parameter=NWB_DimDiameter | Kind=Shared Parameter | Scope=instance | Id=3045162 | Actual='32'
INFO | VERIFY OK | Element 15053660 | Parameter=NWB_DimDiameter | Kind=Shared Parameter | Scope=instance | Id=7626172 | Actual='32'
INFO | VERIFY OK | Element 15053698 | Parameter=NWB_DimDiameter | Kind=Shared Parameter | Scope=instance | Id=7626172 | Actual='32'
INFO | VERIFY OK | Element 15053698 | Parameter=NWB_DimDiameter | Kind=Shared Parameter | Scope=instance | Id=3045162 | Actual='32'
INFO | VERIFY OK | Element 15053704 | Parameter=NWB_DimDiameter | Kind=Shared Parameter | Scope=instance | Id=7626172 | Actual='32'
INFO | VERIFY OK | Element 15099096 | Parameter=NWB_DimDiameter | Kind=Shared Parameter | Scope=instance | Id=7626172 | Actual='32'
INFO | VERIFY OK | Element 15099099 | Parameter=NWB_DimDiameter | Kind=Shared Parameter | Scope=instance | Id=7626172 | Actual='32'
INFO | VERIFY OK | Element 15099116 | Parameter=NWB_DimDiameter | Kind=Shared Parameter | Scope=instance | Id=7626172 | Actual='50'
INFO | VERIFY OK | Element 15099120 | Parameter=NWB_DimDiameter | Kind=Shared Parameter | Scope=instance | Id=7626172 | Actual='50'
INFO | VERIFY OK | Element 15099123 | Parameter=NWB_DimDiameter | Kind=Shared Parameter | Scope=instance | Id=7626172 | Actual='50'
INFO | VERIFY OK | Element 15263748 | Parameter=NWB_DimDiameter | Kind=Shared Parameter | Scope=instance | Id=7626172 | Actual='32'
INFO | VERIFY OK | Element 15263748 | Parameter=NWB_DimDiameter | Kind=Shared Parameter | Scope=instance | Id=3045162 | Actual='32'
INFO | VERIFY OK | Element 15263754 | Parameter=NWB_DimDiameter | Kind=Shared Parameter | Scope=instance | Id=7626172 | Actual='32'
INFO | VERIFY OK | Element 15263760 | Parameter=NWB_DimDiameter | Kind=Shared Parameter | Scope=instance | Id=7626172 | Actual='32'
INFO | VERIFY OK | Element 15263760 | Parameter=NWB_DimDiameter | Kind=Shared Parameter | Scope=instance | Id=3045162 | Actual='32'
INFO | VERIFY OK | Element 15263766 | Parameter=NWB_DimDiameter | Kind=Shared Parameter | Scope=instance | Id=7626172 | Actual='32'
INFO | VERIFY OK | Element 15263772 | Parameter=NWB_DimDiameter | Kind=Shared Parameter | Scope=instance | Id=7626172 | Actual='25'
INFO | VERIFY OK | Element 15263776 | Parameter=NWB_DimDiameter | Kind=Shared Parameter | Scope=instance | Id=7626172 | Actual='25'
INFO | VERIFY OK | Element 15263780 | Parameter=NWB_DimDiameter | Kind=Shared Parameter | Scope=instance | Id=7626172 | Actual='25'
INFO | VERIFY OK | Element 15263784 | Parameter=NWB_DimDiameter | Kind=Shared Parameter | Scope=instance | Id=7626172 | Actual='25'
INFO | VERIFY OK | Element 15263844 | Parameter=NWB_DimDiameter | Kind=Shared Parameter | Scope=instance | Id=7626172 | Actual='25'
INFO | VERIFY OK | Element 15263853 | Parameter=NWB_DimDiameter | Kind=Shared Parameter | Scope=instance | Id=7626172 | Actual='25'
INFO | VERIFY OK | Element 15263857 | Parameter=NWB_DimDiameter | Kind=Shared Parameter | Scope=instance | Id=7626172 | Actual='25'
INFO | VERIFY OK | Element 15263860 | Parameter=NWB_DimDiameter | Kind=Shared Parameter | Scope=instance | Id=7626172 | Actual='25'
INFO | VERIFY OK | Element 15263865 | Parameter=NWB_DimDiameter | Kind=Shared Parameter | Scope=instance | Id=7626172 | Actual='25'
INFO | VERIFY OK | Element 15263874 | Parameter=NWB_DimDiameter | Kind=Shared Parameter | Scope=instance | Id=7626172 | Actual='25'
INFO | VERIFY OK | Element 15263878 | Parameter=NWB_DimDiameter | Kind=Shared Parameter | Scope=instance | Id=7626172 | Actual='25'
INFO | VERIFY OK | Element 15263881 | Parameter=NWB_DimDiameter | Kind=Shared Parameter | Scope=instance | Id=7626172 | Actual='25'
INFO | VERIFY OK | Element 15263886 | Parameter=NWB_DimDiameter | Kind=Shared Parameter | Scope=instance | Id=7626172 | Actual='32'
INFO | VERIFY OK | Element 15263886 | Parameter=NWB_DimDiameter | Kind=Shared Parameter | Scope=instance | Id=3045162 | Actual='32'
INFO | VERIFY OK | Element 15263893 | Parameter=NWB_DimDiameter | Kind=Shared Parameter | Scope=instance | Id=7626172 | Actual='32'
INFO | VERIFY OK | Element 15263895 | Parameter=NWB_DimDiameter | Kind=Shared Parameter | Scope=instance | Id=7626172 | Actual='32'
INFO | VERIFY OK | Element 15263900 | Parameter=NWB_DimDiameter | Kind=Shared Parameter | Scope=instance | Id=7626172 | Actual='32'
INFO | VERIFY OK | Element 15263900 | Parameter=NWB_DimDiameter | Kind=Shared Parameter | Scope=instance | Id=3045162 | Actual='32'
INFO | VERIFY OK | Element 15263907 | Parameter=NWB_DimDiameter | Kind=Shared Parameter | Scope=instance | Id=7626172 | Actual='32'
INFO | VERIFY OK | Element 15263909 | Parameter=NWB_DimDiameter | Kind=Shared Parameter | Scope=instance | Id=7626172 | Actual='32'
INFO | VERIFY OK | Element 15263916 | Parameter=NWB_DimDiameter | Kind=Shared Parameter | Scope=instance | Id=7626172 | Actual='25'
INFO | VERIFY OK | Element 15263970 | Parameter=NWB_DimDiameter | Kind=Shared Parameter | Scope=instance | Id=7626172 | Actual='32'
INFO | VERIFY OK | Element 15263970 | Parameter=NWB_DimDiameter | Kind=Shared Parameter | Scope=instance | Id=3045162 | Actual='32'
INFO | VERIFY OK | Element 15264013 | Parameter=NWB_DimDiameter | Kind=Shared Parameter | Scope=instance | Id=7626172 | Actual='32'
INFO | VERIFY OK | Element 15264013 | Parameter=NWB_DimDiameter | Kind=Shared Parameter | Scope=instance | Id=3045162 | Actual='32'
INFO | VERIFY OK | Element 15269120 | Parameter=NWB_DimDiameter | Kind=Shared Parameter | Scope=instance | Id=7626172 | Actual='50'
INFO | VERIFY OK | Element 15269156 | Parameter=NWB_DimDiameter | Kind=Shared Parameter | Scope=instance | Id=7626172 | Actual='50'
INFO | VERIFY OK | Element 15269158 | Parameter=NWB_DimDiameter | Kind=Shared Parameter | Scope=instance | Id=7626172 | Actual='50'
INFO | VERIFY OK | Element 15269158 | Parameter=NWB_DimDiameter | Kind=Shared Parameter | Scope=instance | Id=3045162 | Actual='50'
INFO | VERIFY OK | Element 15269183 | Parameter=NWB_DimDiameter | Kind=Shared Parameter | Scope=instance | Id=7626172 | Actual='50'
INFO | VERIFY OK | Element 15269183 | Parameter=NWB_DimDiameter | Kind=Shared Parameter | Scope=instance | Id=3045162 | Actual='50'
INFO | VERIFY OK | Element 15269188 | Parameter=NWB_DimDiameter | Kind=Shared Parameter | Scope=instance | Id=7626172 | Actual='50'
INFO | VERIFY OK | Element 15269188 | Parameter=NWB_DimDiameter | Kind=Shared Parameter | Scope=instance | Id=3045162 | Actual='50'
INFO | VERIFY OK | Element 15269635 | Parameter=NWB_DimDiameter | Kind=Shared Parameter | Scope=instance | Id=7626172 | Actual='50'
INFO | VERIFY OK | Element 15269637 | Parameter=NWB_DimDiameter | Kind=Shared Parameter | Scope=instance | Id=7626172 | Actual='50'
INFO | VERIFY OK | Element 15269639 | Parameter=NWB_DimDiameter | Kind=Shared Parameter | Scope=instance | Id=7626172 | Actual='50'
INFO | VERIFY OK | Element 15269866 | Parameter=NWB_DimDiameter | Kind=Shared Parameter | Scope=instance | Id=7626172 | Actual='60'
INFO | VERIFY OK | Element 15269866 | Parameter=NWB_DimDiameter | Kind=Shared Parameter | Scope=instance | Id=3045162 | Actual='60'
INFO | VERIFY OK | Element 15270274 | Parameter=NWB_DimDiameter | Kind=Shared Parameter | Scope=instance | Id=7626172 | Actual='50'
INFO | VERIFY OK | Element 15270283 | Parameter=NWB_DimDiameter | Kind=Shared Parameter | Scope=instance | Id=7626172 | Actual='50'
INFO | VERIFY OK | Element 15270346 | Parameter=NWB_DimDiameter | Kind=Shared Parameter | Scope=instance | Id=7626172 | Actual='20'
INFO | VERIFY OK | Element 15270350 | Parameter=NWB_DimDiameter | Kind=Shared Parameter | Scope=instance | Id=7626172 | Actual='20'
INFO | VERIFY OK | Element 15270353 | Parameter=NWB_DimDiameter | Kind=Shared Parameter | Scope=instance | Id=7626172 | Actual='20'
INFO | VERIFY OK | Element 15299381 | Parameter=NWB_DimDiameter | Kind=Shared Parameter | Scope=instance | Id=7626172 | Actual='32'
INFO | VERIFY OK | Element 15299381 | Parameter=NWB_DimDiameter | Kind=Shared Parameter | Scope=instance | Id=3045162 | Actual='32'
INFO | VERIFY OK | Element 15328270 | Parameter=NWB_DimDiameter | Kind=Shared Parameter | Scope=instance | Id=7626172 | Actual='32'
INFO | VERIFY OK | Element 15328270 | Parameter=NWB_DimDiameter | Kind=Shared Parameter | Scope=instance | Id=3045162 | Actual='32'
INFO | VERIFY OK | Element 15328273 | Parameter=NWB_DimDiameter | Kind=Shared Parameter | Scope=instance | Id=7626172 | Actual='32'
INFO | VERIFY OK | Element 15328273 | Parameter=NWB_DimDiameter | Kind=Shared Parameter | Scope=instance | Id=3045162 | Actual='32'
INFO | VERIFY OK | Element 15328314 | Parameter=NWB_DimDiameter | Kind=Shared Parameter | Scope=instance | Id=7626172 | Actual='25'
INFO | VERIFY OK | Element 15328339 | Parameter=NWB_DimDiameter | Kind=Shared Parameter | Scope=instance | Id=7626172 | Actual='25'
INFO | VERIFY OK | Element 15328342 | Parameter=NWB_DimDiameter | Kind=Shared Parameter | Scope=instance | Id=7626172 | Actual='25'
INFO | VERIFY OK | Element 15328408 | Parameter=NWB_DimDiameter | Kind=Shared Parameter | Scope=instance | Id=7626172 | Actual='25'
INFO | VERIFY OK | Element 15328408 | Parameter=NWB_DimDiameter | Kind=Shared Parameter | Scope=instance | Id=3045162 | Actual='25'
INFO | VERIFY OK | Element 15328414 | Parameter=NWB_DimDiameter | Kind=Shared Parameter | Scope=instance | Id=7626172 | Actual='25'
INFO | VERIFY OK | Element 15328450 | Parameter=NWB_DimDiameter | Kind=Shared Parameter | Scope=instance | Id=7626172 | Actual='32'
INFO | VERIFY OK | Element 15328450 | Parameter=NWB_DimDiameter | Kind=Shared Parameter | Scope=instance | Id=3045162 | Actual='32'
INFO | VERIFY OK | Element 15465466 | Parameter=NWB_DimDiameter | Kind=Shared Parameter | Scope=instance | Id=7626172 | Actual='32'
INFO | VERIFY OK | Element 15465469 | Parameter=NWB_DimDiameter | Kind=Shared Parameter | Scope=instance | Id=7626172 | Actual='32'
INFO | VERIFY OK | Element 15465469 | Parameter=NWB_DimDiameter | Kind=Shared Parameter | Scope=instance | Id=3045162 | Actual='32'
INFO | VERIFY OK | Element 15465474 | Parameter=NWB_DimDiameter | Kind=Shared Parameter | Scope=instance | Id=7626172 | Actual='32'
INFO | VERIFY OK | Element 15465474 | Parameter=NWB_DimDiameter | Kind=Shared Parameter | Scope=instance | Id=3045162 | Actual='32'
INFO | VERIFY OK | Element 15465480 | Parameter=NWB_DimDiameter | Kind=Shared Parameter | Scope=instance | Id=7626172 | Actual='32'
INFO | VERIFY OK | Element 15465480 | Parameter=NWB_DimDiameter | Kind=Shared Parameter | Scope=instance | Id=3045162 | Actual='32'
INFO | VERIFY OK | Element 15465482 | Parameter=NWB_DimDiameter | Kind=Shared Parameter | Scope=instance | Id=7626172 | Actual='25'
INFO | VERIFY OK | Element 15465486 | Parameter=NWB_DimDiameter | Kind=Shared Parameter | Scope=instance | Id=7626172 | Actual='25'
INFO | VERIFY OK | Element 15465494 | Parameter=NWB_DimDiameter | Kind=Shared Parameter | Scope=instance | Id=7626172 | Actual='25'
INFO | VERIFY OK | Element 15465494 | Parameter=NWB_DimDiameter | Kind=Shared Parameter | Scope=instance | Id=3045162 | Actual='25'
INFO | VERIFY OK | Element 15465500 | Parameter=NWB_DimDiameter | Kind=Shared Parameter | Scope=instance | Id=7626172 | Actual='25'
INFO | VERIFY OK | Element 15465517 | Parameter=NWB_DimDiameter | Kind=Shared Parameter | Scope=instance | Id=7626172 | Actual='25'
INFO | VERIFY OK | Element 15465520 | Parameter=NWB_DimDiameter | Kind=Shared Parameter | Scope=instance | Id=7626172 | Actual='25'
INFO | VERIFY OK | Element 15465532 | Parameter=NWB_DimDiameter | Kind=Shared Parameter | Scope=instance | Id=7626172 | Actual='32'
INFO | VERIFY OK | Element 15465535 | Parameter=NWB_DimDiameter | Kind=Shared Parameter | Scope=instance | Id=7626172 | Actual='32'
INFO | VERIFY OK | Element 15465540 | Parameter=NWB_DimDiameter | Kind=Shared Parameter | Scope=instance | Id=7626172 | Actual='25'
INFO | VERIFY OK | Element 15465540 | Parameter=NWB_DimDiameter | Kind=Shared Parameter | Scope=instance | Id=3045162 | Actual='25'
INFO | VERIFY OK | Element 15465550 | Parameter=NWB_DimDiameter | Kind=Shared Parameter | Scope=instance | Id=7626172 | Actual='25'
INFO | VERIFY OK | Element 15465556 | Parameter=NWB_DimDiameter | Kind=Shared Parameter | Scope=instance | Id=7626172 | Actual='32'
INFO | VERIFY OK | Element 15465556 | Parameter=NWB_DimDiameter | Kind=Shared Parameter | Scope=instance | Id=3045162 | Actual='32'
INFO | VERIFY OK | Element 15465562 | Parameter=NWB_DimDiameter | Kind=Shared Parameter | Scope=instance | Id=7626172 | Actual='32'
INFO | VERIFY OK | Element 15465562 | Parameter=NWB_DimDiameter | Kind=Shared Parameter | Scope=instance | Id=3045162 | Actual='32'
INFO | VERIFY OK | Element 15465568 | Parameter=NWB_DimDiameter | Kind=Shared Parameter | Scope=instance | Id=7626172 | Actual='15'
INFO | VERIFY OK | Element 15465577 | Parameter=NWB_DimDiameter | Kind=Shared Parameter | Scope=instance | Id=7626172 | Actual='450'
INFO | VERIFY OK | Element 15467018 | Parameter=NWB_DimDiameter | Kind=Shared Parameter | Scope=instance | Id=7626172 | Actual='40'
INFO | VERIFY OK | Element 15467024 | Parameter=NWB_DimDiameter | Kind=Shared Parameter | Scope=instance | Id=7626172 | Actual='40'
INFO | VERIFY OK | Element 15467030 | Parameter=NWB_DimDiameter | Kind=Shared Parameter | Scope=instance | Id=7626172 | Actual='40'
INFO | VERIFY OK | Element 15467051 | Parameter=NWB_DimDiameter | Kind=Shared Parameter | Scope=instance | Id=7626172 | Actual='40'
INFO | VERIFY OK | Element 15467057 | Parameter=NWB_DimDiameter | Kind=Shared Parameter | Scope=instance | Id=7626172 | Actual='40'
INFO | VERIFY OK | Element 15467063 | Parameter=NWB_DimDiameter | Kind=Shared Parameter | Scope=instance | Id=7626172 | Actual='40'
INFO | VERIFY OK | Element 15467152 | Parameter=NWB_DimDiameter | Kind=Shared Parameter | Scope=instance | Id=7626172 | Actual='40'
INFO | VERIFY OK | Element 15467157 | Parameter=NWB_DimDiameter | Kind=Shared Parameter | Scope=instance | Id=7626172 | Actual='50'
INFO | VERIFY OK | Element 15468389 | Parameter=NWB_DimDiameter | Kind=Shared Parameter | Scope=instance | Id=7626172 | Actual='15'
INFO | VERIFY OK | Element 15468395 | Parameter=NWB_DimDiameter | Kind=Shared Parameter | Scope=instance | Id=7626172 | Actual='15'
INFO | VERIFY OK | Element 15468421 | Parameter=NWB_DimDiameter | Kind=Shared Parameter | Scope=instance | Id=7626172 | Actual='25'
INFO | VERIFY OK | Element 15468427 | Parameter=NWB_DimDiameter | Kind=Shared Parameter | Scope=instance | Id=7626172 | Actual='25'
INFO | VERIFY OK | Element 15468460 | Parameter=NWB_DimDiameter | Kind=Shared Parameter | Scope=instance | Id=7626172 | Actual='32'
INFO | VERIFY OK | Element 15468487 | Parameter=NWB_DimDiameter | Kind=Shared Parameter | Scope=instance | Id=7626172 | Actual='25'
INFO | VERIFY OK | Element 15468492 | Parameter=NWB_DimDiameter | Kind=Shared Parameter | Scope=instance | Id=7626172 | Actual='25'
INFO | VERIFY OK | Element 15468494 | Parameter=NWB_DimDiameter | Kind=Shared Parameter | Scope=instance | Id=7626172 | Actual='32'
INFO | VERIFY OK | Element 15468494 | Parameter=NWB_DimDiameter | Kind=Shared Parameter | Scope=instance | Id=3045162 | Actual='32'
INFO | VERIFY OK | Element 15469132 | Parameter=NWB_DimDiameter | Kind=Shared Parameter | Scope=instance | Id=7626172 | Actual='32'
INFO | VERIFY OK | Element 15469145 | Parameter=NWB_DimDiameter | Kind=Shared Parameter | Scope=instance | Id=7626172 | Actual='32'
INFO | VERIFY OK | Element 15469169 | Parameter=NWB_DimDiameter | Kind=Shared Parameter | Scope=instance | Id=7626172 | Actual='32'
INFO | VERIFY OK | Element 15469182 | Parameter=NWB_DimDiameter | Kind=Shared Parameter | Scope=instance | Id=7626172 | Actual='32'
INFO | VERIFY OK | Element 15549090 | Parameter=NWB_DimDiameter | Kind=Shared Parameter | Scope=instance | Id=7626172 | Actual='25'
INFO | VERIFY OK | Element 15549094 | Parameter=NWB_DimDiameter | Kind=Shared Parameter | Scope=instance | Id=7626172 | Actual='25'
INFO | VERIFY OK | Element 15549096 | Parameter=NWB_DimDiameter | Kind=Shared Parameter | Scope=instance | Id=7626172 | Actual='25'
INFO | VERIFY OK | Element 15549100 | Parameter=NWB_DimDiameter | Kind=Shared Parameter | Scope=instance | Id=7626172 | Actual='25'
INFO | VERIFY OK | Element 15549102 | Parameter=NWB_DimDiameter | Kind=Shared Parameter | Scope=instance | Id=7626172 | Actual='25'
INFO | VERIFY OK | Element 15549104 | Parameter=NWB_DimDiameter | Kind=Shared Parameter | Scope=instance | Id=7626172 | Actual='25'
INFO | VERIFY OK | Element 15555607 | Parameter=NWB_DimDiameter | Kind=Shared Parameter | Scope=instance | Id=7626172 | Actual='32'
INFO | VERIFY OK | Element 15555607 | Parameter=NWB_DimDiameter | Kind=Shared Parameter | Scope=instance | Id=3045162 | Actual='32'
INFO | VERIFY OK | Element 15555613 | Parameter=NWB_DimDiameter | Kind=Shared Parameter | Scope=instance | Id=7626172 | Actual='32'
INFO | VERIFY OK | Element 15555613 | Parameter=NWB_DimDiameter | Kind=Shared Parameter | Scope=instance | Id=3045162 | Actual='32'
INFO | VERIFY OK | Element 15555621 | Parameter=NWB_DimDiameter | Kind=Shared Parameter | Scope=instance | Id=7626172 | Actual='32'
INFO | VERIFY OK | Element 15555621 | Parameter=NWB_DimDiameter | Kind=Shared Parameter | Scope=instance | Id=3045162 | Actual='32'
INFO | VERIFY OK | Element 15555627 | Parameter=NWB_DimDiameter | Kind=Shared Parameter | Scope=instance | Id=7626172 | Actual='32'
INFO | VERIFY OK | Element 15555627 | Parameter=NWB_DimDiameter | Kind=Shared Parameter | Scope=instance | Id=3045162 | Actual='32'
INFO | VERIFY OK | Element 15555653 | Parameter=NWB_DimDiameter | Kind=Shared Parameter | Scope=instance | Id=7626172 | Actual='25'
INFO | VERIFY OK | Element 15555676 | Parameter=NWB_DimDiameter | Kind=Shared Parameter | Scope=instance | Id=7626172 | Actual='25'
INFO | VERIFY OK | Element 15556637 | Parameter=NWB_DimDiameter | Kind=Shared Parameter | Scope=instance | Id=7626172 | Actual='32'
INFO | VERIFY OK | Element 15556637 | Parameter=NWB_DimDiameter | Kind=Shared Parameter | Scope=instance | Id=3045162 | Actual='32'
INFO | VERIFY OK | Element 15556647 | Parameter=NWB_DimDiameter | Kind=Shared Parameter | Scope=instance | Id=7626172 | Actual='32'
INFO | VERIFY OK | Element 15556647 | Parameter=NWB_DimDiameter | Kind=Shared Parameter | Scope=instance | Id=3045162 | Actual='32'
INFO | VERIFY OK | Element 15556649 | Parameter=NWB_DimDiameter | Kind=Shared Parameter | Scope=instance | Id=7626172 | Actual='25'
INFO | VERIFY OK | Element 15556749 | Parameter=NWB_DimDiameter | Kind=Shared Parameter | Scope=instance | Id=7626172 | Actual='32'
INFO | VERIFY OK | Element 15556749 | Parameter=NWB_DimDiameter | Kind=Shared Parameter | Scope=instance | Id=3045162 | Actual='32'
INFO | VERIFY OK | Element 15556759 | Parameter=NWB_DimDiameter | Kind=Shared Parameter | Scope=instance | Id=7626172 | Actual='32'
INFO | VERIFY OK | Element 15556759 | Parameter=NWB_DimDiameter | Kind=Shared Parameter | Scope=instance | Id=3045162 | Actual='32'
INFO | VERIFY OK | Element 15556761 | Parameter=NWB_DimDiameter | Kind=Shared Parameter | Scope=instance | Id=7626172 | Actual='25'
INFO | VERIFY OK | Element 15556808 | Parameter=NWB_DimDiameter | Kind=Shared Parameter | Scope=instance | Id=7626172 | Actual='25'
INFO | VERIFY OK | Element 15556843 | Parameter=NWB_DimDiameter | Kind=Shared Parameter | Scope=instance | Id=7626172 | Actual='25'
INFO | VERIFY OK | Element 15557000 | Parameter=NWB_DimDiameter | Kind=Shared Parameter | Scope=instance | Id=7626172 | Actual='50'
INFO | VERIFY OK | Element 15557011 | Parameter=NWB_DimDiameter | Kind=Shared Parameter | Scope=instance | Id=7626172 | Actual='50'
INFO | VERIFY OK | Element 15557057 | Parameter=NWB_DimDiameter | Kind=Shared Parameter | Scope=instance | Id=7626172 | Actual='50'
INFO | VERIFY OK | Element 15557068 | Parameter=NWB_DimDiameter | Kind=Shared Parameter | Scope=instance | Id=7626172 | Actual='50'
INFO | VERIFY OK | Element 15557197 | Parameter=NWB_DimDiameter | Kind=Shared Parameter | Scope=instance | Id=7626172 | Actual='50'
INFO | VERIFY OK | Element 15557197 | Parameter=NWB_DimDiameter | Kind=Shared Parameter | Scope=instance | Id=3045162 | Actual='50'
INFO | VERIFY OK | Element 15557206 | Parameter=NWB_DimDiameter | Kind=Shared Parameter | Scope=instance | Id=7626172 | Actual='50'
INFO | VERIFY OK | Element 15557206 | Parameter=NWB_DimDiameter | Kind=Shared Parameter | Scope=instance | Id=3045162 | Actual='50'
INFO | VERIFY OK | Element 15557209 | Parameter=NWB_DimDiameter | Kind=Shared Parameter | Scope=instance | Id=7626172 | Actual='25'
INFO | VERIFY OK | Element 15557233 | Parameter=NWB_DimDiameter | Kind=Shared Parameter | Scope=instance | Id=7626172 | Actual='50'
INFO | VERIFY OK | Element 15557233 | Parameter=NWB_DimDiameter | Kind=Shared Parameter | Scope=instance | Id=3045162 | Actual='50'
INFO | VERIFY OK | Element 15557239 | Parameter=NWB_DimDiameter | Kind=Shared Parameter | Scope=instance | Id=7626172 | Actual='50'
INFO | VERIFY OK | Element 15557282 | Parameter=NWB_DimDiameter | Kind=Shared Parameter | Scope=instance | Id=7626172 | Actual='25'
INFO | VERIFY OK | Element 15557316 | Parameter=NWB_DimDiameter | Kind=Shared Parameter | Scope=instance | Id=7626172 | Actual='25'
INFO | Candidate: NWB_DimDiameter | Scope=instance | Storage=String | ReadOnly=False | Shared=True | Id=7626172
INFO | Element 15558521 | NWB_DimDiameter | Kind=Shared Parameter | Scope=instance | Storage=String | Old='' | New='25'
ELEMENT | 15558521 | Size='25ø-25ø' | Width='' | Height='' | Diameter='25' | Statuses=NWB_DimWidth:SKIP; NWB_DimHeight:SKIP; NWB_DimDiameter:OK
INFO | Candidate: NWB_DimDiameter | Scope=instance | Storage=String | ReadOnly=False | Shared=True | Id=7626172
INFO | Element 15558533 | NWB_DimDiameter | Kind=Shared Parameter | Scope=instance | Storage=String | Old='' | New='25'
ELEMENT | 15558533 | Size='25ø-25ø' | Width='' | Height='' | Diameter='25' | Statuses=NWB_DimWidth:SKIP; NWB_DimHeight:SKIP; NWB_DimDiameter:OK
INFO | Candidate: NWB_DimDiameter | Scope=instance | Storage=String | ReadOnly=False | Shared=True | Id=7626172
INFO | Element 15558557 | NWB_DimDiameter | Kind=Shared Parameter | Scope=instance | Storage=String | Old='' | New='25'
ELEMENT | 15558557 | Size='25ø-25ø' | Width='' | Height='' | Diameter='25' | Statuses=NWB_DimWidth:SKIP; NWB_DimHeight:SKIP; NWB_DimDiameter:OK
INFO | Candidate: NWB_DimDiameter | Scope=instance | Storage=String | ReadOnly=False | Shared=True | Id=7626172
INFO | Element 15558567 | NWB_DimDiameter | Kind=Shared Parameter | Scope=instance | Storage=String | Old='' | New='25'
ELEMENT | 15558567 | Size='25ø-25ø' | Width='' | Height='' | Diameter='25' | Statuses=NWB_DimWidth:SKIP; NWB_DimHeight:SKIP; NWB_DimDiameter:OK
INFO | Candidate: NWB_DimDiameter | Scope=instance | Storage=String | ReadOnly=False | Shared=True | Id=7626172
INFO | Element 15558695 | NWB_DimDiameter | Kind=Shared Parameter | Scope=instance | Storage=String | Old='' | New='450'
ELEMENT | 15558695 | Size='450ø-450ø-50ø' | Width='' | Height='' | Diameter='450' | Statuses=NWB_DimWidth:SKIP; NWB_DimHeight:SKIP; NWB_DimDiameter:OK
INFO | Candidate: NWB_DimDiameter | Scope=instance | Storage=String | ReadOnly=False | Shared=True | Id=7626172
INFO | Element 15558705 | NWB_DimDiameter | Kind=Shared Parameter | Scope=instance | Storage=String | Old='' | New='50'
ELEMENT | 15558705 | Size='50ø-50ø' | Width='' | Height='' | Diameter='50' | Statuses=NWB_DimWidth:SKIP; NWB_DimHeight:SKIP; NWB_DimDiameter:OK
INFO | Candidate: NWB_DimDiameter | Scope=instance | Storage=String | ReadOnly=False | Shared=True | Id=7626172
INFO | Element 15558743 | NWB_DimDiameter | Kind=Shared Parameter | Scope=instance | Storage=String | Old='' | New='50'
ELEMENT | 15558743 | Size='50ø-50ø' | Width='' | Height='' | Diameter='50' | Statuses=NWB_DimWidth:SKIP; NWB_DimHeight:SKIP; NWB_DimDiameter:OK
INFO | Candidate: NWB_DimDiameter | Scope=instance | Storage=String | ReadOnly=False | Shared=True | Id=7626172
INFO | Element 15558746 | NWB_DimDiameter | Kind=Shared Parameter | Scope=instance | Storage=String | Old='' | New='50'
ELEMENT | 15558746 | Size='50ø-50ø' | Width='' | Height='' | Diameter='50' | Statuses=NWB_DimWidth:SKIP; NWB_DimHeight:SKIP; NWB_DimDiameter:OK
INFO | Candidate: NWB_DimDiameter | Scope=instance | Storage=Double | ReadOnly=False | Shared=True | Id=3045162
INFO | Candidate: NWB_DimDiameter | Scope=instance | Storage=String | ReadOnly=False | Shared=True | Id=7626172
INFO | Found 2 parameters named NWB_DimDiameter
INFO | SELECTED | Shared Parameter | Scope=instance | ReadOnly=False | Id=7626172
INFO | SELECTED | Shared Parameter | Scope=instance | ReadOnly=False | Id=3045162
INFO | Element 15558993 | NWB_DimDiameter | Kind=Shared Parameter | Scope=instance | Storage=String | Old='' | New='50'
INFO | Element 15558993 | NWB_DimDiameter | Kind=Shared Parameter | Scope=instance | Storage=Double | Old='0' | New='50'
ELEMENT | 15558993 | Size='50ø-50ø-50ø' | Width='' | Height='' | Diameter='50' | Statuses=NWB_DimWidth:SKIP; NWB_DimHeight:SKIP; NWB_DimDiameter:OK
INFO | Candidate: NWB_DimDiameter | Scope=instance | Storage=String | ReadOnly=False | Shared=True | Id=7626172
INFO | Element 15559007 | NWB_DimDiameter | Kind=Shared Parameter | Scope=instance | Storage=String | Old='' | New='25'
ELEMENT | 15559007 | Size='25ø-25ø' | Width='' | Height='' | Diameter='25' | Statuses=NWB_DimWidth:SKIP; NWB_DimHeight:SKIP; NWB_DimDiameter:OK
INFO | Candidate: NWB_DimDiameter | Scope=instance | Storage=Double | ReadOnly=False | Shared=True | Id=3045162
INFO | Candidate: NWB_DimDiameter | Scope=instance | Storage=String | ReadOnly=False | Shared=True | Id=7626172
INFO | Found 2 parameters named NWB_DimDiameter
INFO | SELECTED | Shared Parameter | Scope=instance | ReadOnly=False | Id=7626172
INFO | SELECTED | Shared Parameter | Scope=instance | ReadOnly=False | Id=3045162
INFO | Element 15559031 | NWB_DimDiameter | Kind=Shared Parameter | Scope=instance | Storage=String | Old='' | New='50'
INFO | Element 15559031 | NWB_DimDiameter | Kind=Shared Parameter | Scope=instance | Storage=Double | Old='0' | New='50'
ELEMENT | 15559031 | Size='50ø-50ø-50ø' | Width='' | Height='' | Diameter='50' | Statuses=NWB_DimWidth:SKIP; NWB_DimHeight:SKIP; NWB_DimDiameter:OK
INFO | Candidate: NWB_DimDiameter | Scope=instance | Storage=String | ReadOnly=False | Shared=True | Id=7626172
INFO | Element 15559045 | NWB_DimDiameter | Kind=Shared Parameter | Scope=instance | Storage=String | Old='' | New='50'
ELEMENT | 15559045 | Size='50ø-50ø' | Width='' | Height='' | Diameter='50' | Statuses=NWB_DimWidth:SKIP; NWB_DimHeight:SKIP; NWB_DimDiameter:OK
INFO | Candidate: NWB_DimDiameter | Scope=instance | Storage=Double | ReadOnly=False | Shared=True | Id=3045162
INFO | Candidate: NWB_DimDiameter | Scope=instance | Storage=String | ReadOnly=False | Shared=True | Id=7626172
INFO | Found 2 parameters named NWB_DimDiameter
INFO | SELECTED | Shared Parameter | Scope=instance | ReadOnly=False | Id=7626172
INFO | SELECTED | Shared Parameter | Scope=instance | ReadOnly=False | Id=3045162
INFO | Element 15559065 | NWB_DimDiameter | Kind=Shared Parameter | Scope=instance | Storage=String | Old='' | New='50'
INFO | Element 15559065 | NWB_DimDiameter | Kind=Shared Parameter | Scope=instance | Storage=Double | Old='0' | New='50'
ELEMENT | 15559065 | Size='50ø-25ø' | Width='' | Height='' | Diameter='50' | Statuses=NWB_DimWidth:SKIP; NWB_DimHeight:SKIP; NWB_DimDiameter:OK
INFO | Candidate: NWB_DimDiameter | Scope=instance | Storage=Double | ReadOnly=False | Shared=True | Id=3045162
INFO | Candidate: NWB_DimDiameter | Scope=instance | Storage=String | ReadOnly=False | Shared=True | Id=7626172
INFO | Found 2 parameters named NWB_DimDiameter
INFO | SELECTED | Shared Parameter | Scope=instance | ReadOnly=False | Id=7626172
INFO | SELECTED | Shared Parameter | Scope=instance | ReadOnly=False | Id=3045162
INFO | Element 15559451 | NWB_DimDiameter | Kind=Shared Parameter | Scope=instance | Storage=String | Old='' | New='32'
INFO | Element 15559451 | NWB_DimDiameter | Kind=Shared Parameter | Scope=instance | Storage=Double | Old='0' | New='32'
ELEMENT | 15559451 | Size='32ø-32ø-32ø' | Width='' | Height='' | Diameter='32' | Statuses=NWB_DimWidth:SKIP; NWB_DimHeight:SKIP; NWB_DimDiameter:OK
INFO | Candidate: NWB_DimDiameter | Scope=instance | Storage=Double | ReadOnly=False | Shared=True | Id=3045162
INFO | Candidate: NWB_DimDiameter | Scope=instance | Storage=String | ReadOnly=False | Shared=True | Id=7626172
INFO | Found 2 parameters named NWB_DimDiameter
INFO | SELECTED | Shared Parameter | Scope=instance | ReadOnly=False | Id=7626172
INFO | SELECTED | Shared Parameter | Scope=instance | ReadOnly=False | Id=3045162
INFO | Element 15559454 | NWB_DimDiameter | Kind=Shared Parameter | Scope=instance | Storage=String | Old='' | New='32'
INFO | Element 15559454 | NWB_DimDiameter | Kind=Shared Parameter | Scope=instance | Storage=Double | Old='0' | New='32'
ELEMENT | 15559454 | Size='32ø-25ø' | Width='' | Height='' | Diameter='32' | Statuses=NWB_DimWidth:SKIP; NWB_DimHeight:SKIP; NWB_DimDiameter:OK
INFO | Candidate: NWB_DimDiameter | Scope=instance | Storage=Double | ReadOnly=False | Shared=True | Id=3045162
INFO | Candidate: NWB_DimDiameter | Scope=instance | Storage=String | ReadOnly=False | Shared=True | Id=7626172
INFO | Found 2 parameters named NWB_DimDiameter
INFO | SELECTED | Shared Parameter | Scope=instance | ReadOnly=False | Id=7626172
INFO | SELECTED | Shared Parameter | Scope=instance | ReadOnly=False | Id=3045162
INFO | Element 15559458 | NWB_DimDiameter | Kind=Shared Parameter | Scope=instance | Storage=String | Old='' | New='32'
INFO | Element 15559458 | NWB_DimDiameter | Kind=Shared Parameter | Scope=instance | Storage=Double | Old='0' | New='32'
ELEMENT | 15559458 | Size='32ø-32ø-32ø' | Width='' | Height='' | Diameter='32' | Statuses=NWB_DimWidth:SKIP; NWB_DimHeight:SKIP; NWB_DimDiameter:OK
INFO | Candidate: NWB_DimDiameter | Scope=instance | Storage=Double | ReadOnly=False | Shared=True | Id=3045162
INFO | Candidate: NWB_DimDiameter | Scope=instance | Storage=String | ReadOnly=False | Shared=True | Id=7626172
INFO | Found 2 parameters named NWB_DimDiameter
INFO | SELECTED | Shared Parameter | Scope=instance | ReadOnly=False | Id=7626172
INFO | SELECTED | Shared Parameter | Scope=instance | ReadOnly=False | Id=3045162
INFO | Element 15559461 | NWB_DimDiameter | Kind=Shared Parameter | Scope=instance | Storage=String | Old='' | New='32'
INFO | Element 15559461 | NWB_DimDiameter | Kind=Shared Parameter | Scope=instance | Storage=Double | Old='0' | New='32'
ELEMENT | 15559461 | Size='32ø-25ø' | Width='' | Height='' | Diameter='32' | Statuses=NWB_DimWidth:SKIP; NWB_DimHeight:SKIP; NWB_DimDiameter:OK
INFO | Candidate: NWB_DimDiameter | Scope=instance | Storage=Double | ReadOnly=False | Shared=True | Id=3045162
INFO | Candidate: NWB_DimDiameter | Scope=instance | Storage=String | ReadOnly=False | Shared=True | Id=7626172
INFO | Found 2 parameters named NWB_DimDiameter
INFO | SELECTED | Shared Parameter | Scope=instance | ReadOnly=False | Id=7626172
INFO | SELECTED | Shared Parameter | Scope=instance | ReadOnly=False | Id=3045162
INFO | Element 15559467 | NWB_DimDiameter | Kind=Shared Parameter | Scope=instance | Storage=String | Old='' | New='32'
INFO | Element 15559467 | NWB_DimDiameter | Kind=Shared Parameter | Scope=instance | Storage=Double | Old='0' | New='32'
ELEMENT | 15559467 | Size='32ø-25ø' | Width='' | Height='' | Diameter='32' | Statuses=NWB_DimWidth:SKIP; NWB_DimHeight:SKIP; NWB_DimDiameter:OK
INFO | Candidate: NWB_DimDiameter | Scope=instance | Storage=String | ReadOnly=False | Shared=True | Id=7626172
INFO | Element 15559473 | NWB_DimDiameter | Kind=Shared Parameter | Scope=instance | Storage=String | Old='' | New='25'
ELEMENT | 15559473 | Size='25ø-25ø' | Width='' | Height='' | Diameter='25' | Statuses=NWB_DimWidth:SKIP; NWB_DimHeight:SKIP; NWB_DimDiameter:OK
INFO | Candidate: NWB_DimDiameter | Scope=instance | Storage=String | ReadOnly=False | Shared=True | Id=7626172
INFO | Element 15559477 | NWB_DimDiameter | Kind=Shared Parameter | Scope=instance | Storage=String | Old='' | New='25'
ELEMENT | 15559477 | Size='25ø-25ø' | Width='' | Height='' | Diameter='25' | Statuses=NWB_DimWidth:SKIP; NWB_DimHeight:SKIP; NWB_DimDiameter:OK
INFO | Candidate: NWB_DimDiameter | Scope=instance | Storage=Double | ReadOnly=False | Shared=True | Id=3045162
INFO | Candidate: NWB_DimDiameter | Scope=instance | Storage=String | ReadOnly=False | Shared=True | Id=7626172
INFO | Found 2 parameters named NWB_DimDiameter
INFO | SELECTED | Shared Parameter | Scope=instance | ReadOnly=False | Id=7626172
INFO | SELECTED | Shared Parameter | Scope=instance | ReadOnly=False | Id=3045162
INFO | Element 15559709 | NWB_DimDiameter | Kind=Shared Parameter | Scope=instance | Storage=String | Old='' | New='32'
INFO | Element 15559709 | NWB_DimDiameter | Kind=Shared Parameter | Scope=instance | Storage=Double | Old='0' | New='32'
ELEMENT | 15559709 | Size='32ø-25ø' | Width='' | Height='' | Diameter='32' | Statuses=NWB_DimWidth:SKIP; NWB_DimHeight:SKIP; NWB_DimDiameter:OK
INFO | Candidate: NWB_DimDiameter | Scope=instance | Storage=Double | ReadOnly=False | Shared=True | Id=3045162
INFO | Candidate: NWB_DimDiameter | Scope=instance | Storage=String | ReadOnly=False | Shared=True | Id=7626172
INFO | Found 2 parameters named NWB_DimDiameter
INFO | SELECTED | Shared Parameter | Scope=instance | ReadOnly=False | Id=7626172
INFO | SELECTED | Shared Parameter | Scope=instance | ReadOnly=False | Id=3045162
INFO | Element 15559798 | NWB_DimDiameter | Kind=Shared Parameter | Scope=instance | Storage=String | Old='' | New='32'
INFO | Element 15559798 | NWB_DimDiameter | Kind=Shared Parameter | Scope=instance | Storage=Double | Old='0' | New='32'
ELEMENT | 15559798 | Size='32ø-32ø-32ø' | Width='' | Height='' | Diameter='32' | Statuses=NWB_DimWidth:SKIP; NWB_DimHeight:SKIP; NWB_DimDiameter:OK
INFO | Candidate: NWB_DimDiameter | Scope=instance | Storage=Double | ReadOnly=False | Shared=True | Id=3045162
INFO | Candidate: NWB_DimDiameter | Scope=instance | Storage=String | ReadOnly=False | Shared=True | Id=7626172
INFO | Found 2 parameters named NWB_DimDiameter
INFO | SELECTED | Shared Parameter | Scope=instance | ReadOnly=False | Id=7626172
INFO | SELECTED | Shared Parameter | Scope=instance | ReadOnly=False | Id=3045162
INFO | Element 15559808 | NWB_DimDiameter | Kind=Shared Parameter | Scope=instance | Storage=String | Old='' | New='32'
INFO | Element 15559808 | NWB_DimDiameter | Kind=Shared Parameter | Scope=instance | Storage=Double | Old='0' | New='32'
ELEMENT | 15559808 | Size='32ø-25ø' | Width='' | Height='' | Diameter='32' | Statuses=NWB_DimWidth:SKIP; NWB_DimHeight:SKIP; NWB_DimDiameter:OK
INFO | Candidate: NWB_DimDiameter | Scope=instance | Storage=String | ReadOnly=False | Shared=True | Id=7626172
INFO | Element 15559810 | NWB_DimDiameter | Kind=Shared Parameter | Scope=instance | Storage=String | Old='' | New='25'
ELEMENT | 15559810 | Size='25ø-25ø' | Width='' | Height='' | Diameter='25' | Statuses=NWB_DimWidth:SKIP; NWB_DimHeight:SKIP; NWB_DimDiameter:OK
INFO | Candidate: NWB_DimDiameter | Scope=instance | Storage=Double | ReadOnly=False | Shared=True | Id=3045162
INFO | Candidate: NWB_DimDiameter | Scope=instance | Storage=String | ReadOnly=False | Shared=True | Id=7626172
INFO | Found 2 parameters named NWB_DimDiameter
INFO | SELECTED | Shared Parameter | Scope=instance | ReadOnly=False | Id=7626172
INFO | SELECTED | Shared Parameter | Scope=instance | ReadOnly=False | Id=3045162
INFO | Element 15563475 | NWB_DimDiameter | Kind=Shared Parameter | Scope=instance | Storage=String | Old='' | New='32'
INFO | Element 15563475 | NWB_DimDiameter | Kind=Shared Parameter | Scope=instance | Storage=Double | Old='0' | New='32'
ELEMENT | 15563475 | Size='32ø-32ø-32ø' | Width='' | Height='' | Diameter='32' | Statuses=NWB_DimWidth:SKIP; NWB_DimHeight:SKIP; NWB_DimDiameter:OK
INFO | Candidate: NWB_DimDiameter | Scope=instance | Storage=Double | ReadOnly=False | Shared=True | Id=3045162
INFO | Candidate: NWB_DimDiameter | Scope=instance | Storage=String | ReadOnly=False | Shared=True | Id=7626172
INFO | Found 2 parameters named NWB_DimDiameter
INFO | SELECTED | Shared Parameter | Scope=instance | ReadOnly=False | Id=7626172
INFO | SELECTED | Shared Parameter | Scope=instance | ReadOnly=False | Id=3045162
INFO | Element 15563485 | NWB_DimDiameter | Kind=Shared Parameter | Scope=instance | Storage=String | Old='' | New='32'
INFO | Element 15563485 | NWB_DimDiameter | Kind=Shared Parameter | Scope=instance | Storage=Double | Old='0' | New='32'
ELEMENT | 15563485 | Size='32ø-25ø' | Width='' | Height='' | Diameter='32' | Statuses=NWB_DimWidth:SKIP; NWB_DimHeight:SKIP; NWB_DimDiameter:OK
INFO | Candidate: NWB_DimDiameter | Scope=instance | Storage=String | ReadOnly=False | Shared=True | Id=7626172
INFO | Element 15563488 | NWB_DimDiameter | Kind=Shared Parameter | Scope=instance | Storage=String | Old='' | New='25'
ELEMENT | 15563488 | Size='25ø-25ø' | Width='' | Height='' | Diameter='25' | Statuses=NWB_DimWidth:SKIP; NWB_DimHeight:SKIP; NWB_DimDiameter:OK
INFO | Candidate: NWB_DimDiameter | Scope=instance | Storage=Double | ReadOnly=False | Shared=True | Id=3045162
INFO | Candidate: NWB_DimDiameter | Scope=instance | Storage=String | ReadOnly=False | Shared=True | Id=7626172
INFO | Found 2 parameters named NWB_DimDiameter
INFO | SELECTED | Shared Parameter | Scope=instance | ReadOnly=False | Id=7626172
INFO | SELECTED | Shared Parameter | Scope=instance | ReadOnly=False | Id=3045162
INFO | Element 15563521 | NWB_DimDiameter | Kind=Shared Parameter | Scope=instance | Storage=String | Old='' | New='32'
INFO | Element 15563521 | NWB_DimDiameter | Kind=Shared Parameter | Scope=instance | Storage=Double | Old='0' | New='32'
ELEMENT | 15563521 | Size='32ø-32ø-32ø' | Width='' | Height='' | Diameter='32' | Statuses=NWB_DimWidth:SKIP; NWB_DimHeight:SKIP; NWB_DimDiameter:OK
INFO | Candidate: NWB_DimDiameter | Scope=instance | Storage=Double | ReadOnly=False | Shared=True | Id=3045162
INFO | Candidate: NWB_DimDiameter | Scope=instance | Storage=String | ReadOnly=False | Shared=True | Id=7626172
INFO | Found 2 parameters named NWB_DimDiameter
INFO | SELECTED | Shared Parameter | Scope=instance | ReadOnly=False | Id=7626172
INFO | SELECTED | Shared Parameter | Scope=instance | ReadOnly=False | Id=3045162
INFO | Element 15563532 | NWB_DimDiameter | Kind=Shared Parameter | Scope=instance | Storage=String | Old='' | New='32'
INFO | Element 15563532 | NWB_DimDiameter | Kind=Shared Parameter | Scope=instance | Storage=Double | Old='0' | New='32'
ELEMENT | 15563532 | Size='32ø-25ø' | Width='' | Height='' | Diameter='32' | Statuses=NWB_DimWidth:SKIP; NWB_DimHeight:SKIP; NWB_DimDiameter:OK
INFO | Candidate: NWB_DimDiameter | Scope=instance | Storage=String | ReadOnly=False | Shared=True | Id=7626172
INFO | Element 15563534 | NWB_DimDiameter | Kind=Shared Parameter | Scope=instance | Storage=String | Old='' | New='25'
ELEMENT | 15563534 | Size='25ø-25ø' | Width='' | Height='' | Diameter='25' | Statuses=NWB_DimWidth:SKIP; NWB_DimHeight:SKIP; NWB_DimDiameter:OK
INFO | Candidate: NWB_DimDiameter | Scope=instance | Storage=String | ReadOnly=False | Shared=True | Id=7626172
INFO | Element 15563821 | NWB_DimDiameter | Kind=Shared Parameter | Scope=instance | Storage=String | Old='' | New='25'
ELEMENT | 15563821 | Size='25ø-25ø' | Width='' | Height='' | Diameter='25' | Statuses=NWB_DimWidth:SKIP; NWB_DimHeight:SKIP; NWB_DimDiameter:OK
INFO | Candidate: NWB_DimDiameter | Scope=instance | Storage=String | ReadOnly=False | Shared=True | Id=7626172
INFO | Element 15563827 | NWB_DimDiameter | Kind=Shared Parameter | Scope=instance | Storage=String | Old='' | New='25'
ELEMENT | 15563827 | Size='25ø-25ø' | Width='' | Height='' | Diameter='25' | Statuses=NWB_DimWidth:SKIP; NWB_DimHeight:SKIP; NWB_DimDiameter:OK
INFO | Candidate: NWB_DimDiameter | Scope=instance | Storage=String | ReadOnly=False | Shared=True | Id=7626172
INFO | Element 15563853 | NWB_DimDiameter | Kind=Shared Parameter | Scope=instance | Storage=String | Old='' | New='25'
ELEMENT | 15563853 | Size='25ø-25ø' | Width='' | Height='' | Diameter='25' | Statuses=NWB_DimWidth:SKIP; NWB_DimHeight:SKIP; NWB_DimDiameter:OK
INFO | Candidate: NWB_DimDiameter | Scope=instance | Storage=String | ReadOnly=False | Shared=True | Id=7626172
INFO | Element 15563859 | NWB_DimDiameter | Kind=Shared Parameter | Scope=instance | Storage=String | Old='' | New='25'
ELEMENT | 15563859 | Size='25ø-25ø' | Width='' | Height='' | Diameter='25' | Statuses=NWB_DimWidth:SKIP; NWB_DimHeight:SKIP; NWB_DimDiameter:OK
INFO | Candidate: NWB_DimDiameter | Scope=instance | Storage=String | ReadOnly=False | Shared=True | Id=7626172
INFO | Element 15612666 | NWB_DimDiameter | Kind=Shared Parameter | Scope=instance | Storage=String | Old='' | New='20'
ELEMENT | 15612666 | Size='20ø-20ø' | Width='' | Height='' | Diameter='20' | Statuses=NWB_DimWidth:SKIP; NWB_DimHeight:SKIP; NWB_DimDiameter:OK
INFO | Candidate: NWB_DimDiameter | Scope=instance | Storage=String | ReadOnly=False | Shared=True | Id=7626172
INFO | Element 15612669 | NWB_DimDiameter | Kind=Shared Parameter | Scope=instance | Storage=String | Old='' | New='20'
ELEMENT | 15612669 | Size='20ø-20ø' | Width='' | Height='' | Diameter='20' | Statuses=NWB_DimWidth:SKIP; NWB_DimHeight:SKIP; NWB_DimDiameter:OK
INFO | Candidate: NWB_DimDiameter | Scope=instance | Storage=String | ReadOnly=False | Shared=True | Id=7626172
INFO | Element 15612689 | NWB_DimDiameter | Kind=Shared Parameter | Scope=instance | Storage=String | Old='' | New='40'
ELEMENT | 15612689 | Size='40ø-40ø' | Width='' | Height='' | Diameter='40' | Statuses=NWB_DimWidth:SKIP; NWB_DimHeight:SKIP; NWB_DimDiameter:OK
INFO | Candidate: NWB_DimDiameter | Scope=instance | Storage=Double | ReadOnly=False | Shared=True | Id=3045162
INFO | Candidate: NWB_DimDiameter | Scope=instance | Storage=String | ReadOnly=False | Shared=True | Id=7626172
INFO | Found 2 parameters named NWB_DimDiameter
INFO | SELECTED | Shared Parameter | Scope=instance | ReadOnly=False | Id=7626172
INFO | SELECTED | Shared Parameter | Scope=instance | ReadOnly=False | Id=3045162
INFO | Element 15612698 | NWB_DimDiameter | Kind=Shared Parameter | Scope=instance | Storage=String | Old='' | New='40'
INFO | Element 15612698 | NWB_DimDiameter | Kind=Shared Parameter | Scope=instance | Storage=Double | Old='0' | New='40'
ELEMENT | 15612698 | Size='40ø-40ø-40ø' | Width='' | Height='' | Diameter='40' | Statuses=NWB_DimWidth:SKIP; NWB_DimHeight:SKIP; NWB_DimDiameter:OK
INFO | Candidate: NWB_DimDiameter | Scope=instance | Storage=Double | ReadOnly=False | Shared=True | Id=3045162
INFO | Candidate: NWB_DimDiameter | Scope=instance | Storage=String | ReadOnly=False | Shared=True | Id=7626172
INFO | Found 2 parameters named NWB_DimDiameter
INFO | SELECTED | Shared Parameter | Scope=instance | ReadOnly=False | Id=7626172
INFO | SELECTED | Shared Parameter | Scope=instance | ReadOnly=False | Id=3045162
INFO | Element 15612704 | NWB_DimDiameter | Kind=Shared Parameter | Scope=instance | Storage=String | Old='' | New='40'
INFO | Element 15612704 | NWB_DimDiameter | Kind=Shared Parameter | Scope=instance | Storage=Double | Old='0' | New='40'
ELEMENT | 15612704 | Size='40ø-25ø' | Width='' | Height='' | Diameter='40' | Statuses=NWB_DimWidth:SKIP; NWB_DimHeight:SKIP; NWB_DimDiameter:OK
INFO | Candidate: NWB_DimDiameter | Scope=instance | Storage=String | ReadOnly=False | Shared=True | Id=7626172
INFO | Element 15612710 | NWB_DimDiameter | Kind=Shared Parameter | Scope=instance | Storage=String | Old='' | New='25'
ELEMENT | 15612710 | Size='25ø-25ø' | Width='' | Height='' | Diameter='25' | Statuses=NWB_DimWidth:SKIP; NWB_DimHeight:SKIP; NWB_DimDiameter:OK
INFO | Candidate: NWB_DimDiameter | Scope=instance | Storage=String | ReadOnly=False | Shared=True | Id=7626172
INFO | Element 15612801 | NWB_DimDiameter | Kind=Shared Parameter | Scope=instance | Storage=String | Old='' | New='50'
ELEMENT | 15612801 | Size='50ø-50ø' | Width='' | Height='' | Diameter='50' | Statuses=NWB_DimWidth:SKIP; NWB_DimHeight:SKIP; NWB_DimDiameter:OK
INFO | Candidate: NWB_DimDiameter | Scope=instance | Storage=String | ReadOnly=False | Shared=True | Id=7626172
INFO | Element 15612812 | NWB_DimDiameter | Kind=Shared Parameter | Scope=instance | Storage=String | Old='' | New='50'
ELEMENT | 15612812 | Size='50ø-50ø' | Width='' | Height='' | Diameter='50' | Statuses=NWB_DimWidth:SKIP; NWB_DimHeight:SKIP; NWB_DimDiameter:OK
INFO | Candidate: NWB_DimDiameter | Scope=instance | Storage=String | ReadOnly=False | Shared=True | Id=7626172
INFO | Element 15612888 | NWB_DimDiameter | Kind=Shared Parameter | Scope=instance | Storage=String | Old='' | New='50'
ELEMENT | 15612888 | Size='50ø-50ø' | Width='' | Height='' | Diameter='50' | Statuses=NWB_DimWidth:SKIP; NWB_DimHeight:SKIP; NWB_DimDiameter:OK
INFO | Candidate: NWB_DimDiameter | Scope=instance | Storage=String | ReadOnly=False | Shared=True | Id=7626172
INFO | Element 15612892 | NWB_DimDiameter | Kind=Shared Parameter | Scope=instance | Storage=String | Old='' | New='50'
ELEMENT | 15612892 | Size='50ø-50ø' | Width='' | Height='' | Diameter='50' | Statuses=NWB_DimWidth:SKIP; NWB_DimHeight:SKIP; NWB_DimDiameter:OK
INFO | Candidate: NWB_DimDiameter | Scope=instance | Storage=String | ReadOnly=False | Shared=True | Id=7626172
INFO | Element 15612980 | NWB_DimDiameter | Kind=Shared Parameter | Scope=instance | Storage=String | Old='' | New='32'
ELEMENT | 15612980 | Size='32ø-32ø' | Width='' | Height='' | Diameter='32' | Statuses=NWB_DimWidth:SKIP; NWB_DimHeight:SKIP; NWB_DimDiameter:OK
INFO | Candidate: NWB_DimDiameter | Scope=instance | Storage=String | ReadOnly=False | Shared=True | Id=7626172
INFO | Element 15612984 | NWB_DimDiameter | Kind=Shared Parameter | Scope=instance | Storage=String | Old='' | New='32'
ELEMENT | 15612984 | Size='32ø-32ø' | Width='' | Height='' | Diameter='32' | Statuses=NWB_DimWidth:SKIP; NWB_DimHeight:SKIP; NWB_DimDiameter:OK
INFO | Candidate: NWB_DimDiameter | Scope=instance | Storage=String | ReadOnly=False | Shared=True | Id=7626172
INFO | Element 15613034 | NWB_DimDiameter | Kind=Shared Parameter | Scope=instance | Storage=String | Old='' | New='32'
ELEMENT | 15613034 | Size='32ø-32ø' | Width='' | Height='' | Diameter='32' | Statuses=NWB_DimWidth:SKIP; NWB_DimHeight:SKIP; NWB_DimDiameter:OK
INFO | Candidate: NWB_DimDiameter | Scope=instance | Storage=String | ReadOnly=False | Shared=True | Id=7626172
INFO | Element 15613038 | NWB_DimDiameter | Kind=Shared Parameter | Scope=instance | Storage=String | Old='' | New='32'
ELEMENT | 15613038 | Size='32ø-32ø' | Width='' | Height='' | Diameter='32' | Statuses=NWB_DimWidth:SKIP; NWB_DimHeight:SKIP; NWB_DimDiameter:OK
INFO | Candidate: NWB_DimDiameter | Scope=instance | Storage=String | ReadOnly=False | Shared=True | Id=7626172
INFO | Element 15615750 | NWB_DimDiameter | Kind=Shared Parameter | Scope=instance | Storage=String | Old='' | New='25'
ELEMENT | 15615750 | Size='25ø-25ø' | Width='' | Height='' | Diameter='25' | Statuses=NWB_DimWidth:SKIP; NWB_DimHeight:SKIP; NWB_DimDiameter:OK
INFO | Candidate: NWB_DimDiameter | Scope=instance | Storage=String | ReadOnly=False | Shared=True | Id=7626172
INFO | Element 15615770 | NWB_DimDiameter | Kind=Shared Parameter | Scope=instance | Storage=String | Old='' | New='25'
ELEMENT | 15615770 | Size='25ø-25ø' | Width='' | Height='' | Diameter='25' | Statuses=NWB_DimWidth:SKIP; NWB_DimHeight:SKIP; NWB_DimDiameter:OK
INFO | Candidate: NWB_DimDiameter | Scope=instance | Storage=String | ReadOnly=False | Shared=True | Id=7626172
INFO | Element 15639426 | NWB_DimDiameter | Kind=Shared Parameter | Scope=instance | Storage=String | Old='' | New='25'
ELEMENT | 15639426 | Size='25ø-25ø' | Width='' | Height='' | Diameter='25' | Statuses=NWB_DimWidth:SKIP; NWB_DimHeight:SKIP; NWB_DimDiameter:OK
INFO | Candidate: NWB_DimDiameter | Scope=instance | Storage=String | ReadOnly=False | Shared=True | Id=7626172
INFO | Element 15639478 | NWB_DimDiameter | Kind=Shared Parameter | Scope=instance | Storage=String | Old='' | New='25'
ELEMENT | 15639478 | Size='25ø-25ø' | Width='' | Height='' | Diameter='25' | Statuses=NWB_DimWidth:SKIP; NWB_DimHeight:SKIP; NWB_DimDiameter:OK
INFO | Candidate: NWB_DimDiameter | Scope=instance | Storage=String | ReadOnly=False | Shared=True | Id=7626172
INFO | Element 15639830 | NWB_DimDiameter | Kind=Shared Parameter | Scope=instance | Storage=String | Old='' | New='25'
ELEMENT | 15639830 | Size='25ø-25ø' | Width='' | Height='' | Diameter='25' | Statuses=NWB_DimWidth:SKIP; NWB_DimHeight:SKIP; NWB_DimDiameter:OK
INFO | Candidate: NWB_DimDiameter | Scope=instance | Storage=Double | ReadOnly=False | Shared=True | Id=3045162
INFO | Candidate: NWB_DimDiameter | Scope=instance | Storage=String | ReadOnly=False | Shared=True | Id=7626172
INFO | Found 2 parameters named NWB_DimDiameter
INFO | SELECTED | Shared Parameter | Scope=instance | ReadOnly=False | Id=7626172
INFO | SELECTED | Shared Parameter | Scope=instance | ReadOnly=False | Id=3045162
INFO | Element 15639965 | NWB_DimDiameter | Kind=Shared Parameter | Scope=instance | Storage=String | Old='' | New='32'
INFO | Element 15639965 | NWB_DimDiameter | Kind=Shared Parameter | Scope=instance | Storage=Double | Old='0' | New='32'
ELEMENT | 15639965 | Size='32ø-25ø' | Width='' | Height='' | Diameter='32' | Statuses=NWB_DimWidth:SKIP; NWB_DimHeight:SKIP; NWB_DimDiameter:OK
INFO | Candidate: NWB_DimDiameter | Scope=instance | Storage=String | ReadOnly=False | Shared=True | Id=7626172
INFO | Element 15640006 | NWB_DimDiameter | Kind=Shared Parameter | Scope=instance | Storage=String | Old='' | New='25'
ELEMENT | 15640006 | Size='25ø-25ø' | Width='' | Height='' | Diameter='25' | Statuses=NWB_DimWidth:SKIP; NWB_DimHeight:SKIP; NWB_DimDiameter:OK
INFO | Candidate: NWB_DimDiameter | Scope=instance | Storage=String | ReadOnly=False | Shared=True | Id=7626172
INFO | Element 15640013 | NWB_DimDiameter | Kind=Shared Parameter | Scope=instance | Storage=String | Old='' | New='25'
ELEMENT | 15640013 | Size='25ø-25ø' | Width='' | Height='' | Diameter='25' | Statuses=NWB_DimWidth:SKIP; NWB_DimHeight:SKIP; NWB_DimDiameter:OK
INFO | Candidate: NWB_DimDiameter | Scope=instance | Storage=String | ReadOnly=False | Shared=True | Id=7626172
INFO | Element 15640019 | NWB_DimDiameter | Kind=Shared Parameter | Scope=instance | Storage=String | Old='' | New='25'
ELEMENT | 15640019 | Size='25ø-25ø' | Width='' | Height='' | Diameter='25' | Statuses=NWB_DimWidth:SKIP; NWB_DimHeight:SKIP; NWB_DimDiameter:OK
INFO | Candidate: NWB_DimDiameter | Scope=instance | Storage=String | ReadOnly=False | Shared=True | Id=7626172
INFO | Element 15664451 | NWB_DimDiameter | Kind=Shared Parameter | Scope=instance | Storage=String | Old='' | New='15'
ELEMENT | 15664451 | Size='15ø-15ø' | Width='' | Height='' | Diameter='15' | Statuses=NWB_DimWidth:SKIP; NWB_DimHeight:SKIP; NWB_DimDiameter:OK
INFO | Candidate: NWB_DimDiameter | Scope=instance | Storage=Double | ReadOnly=False | Shared=True | Id=3045162
INFO | Candidate: NWB_DimDiameter | Scope=instance | Storage=String | ReadOnly=False | Shared=True | Id=7626172
INFO | Found 2 parameters named NWB_DimDiameter
INFO | SELECTED | Shared Parameter | Scope=instance | ReadOnly=False | Id=7626172
INFO | SELECTED | Shared Parameter | Scope=instance | ReadOnly=False | Id=3045162
INFO | Element 15664453 | NWB_DimDiameter | Kind=Shared Parameter | Scope=instance | Storage=String | Old='' | New='25'
INFO | Element 15664453 | NWB_DimDiameter | Kind=Shared Parameter | Scope=instance | Storage=Double | Old='0' | New='25'
ELEMENT | 15664453 | Size='25ø-15ø' | Width='' | Height='' | Diameter='25' | Statuses=NWB_DimWidth:SKIP; NWB_DimHeight:SKIP; NWB_DimDiameter:OK
INFO | Candidate: NWB_DimDiameter | Scope=instance | Storage=String | ReadOnly=False | Shared=True | Id=7626172
INFO | Element 15664458 | NWB_DimDiameter | Kind=Shared Parameter | Scope=instance | Storage=String | Old='' | New='15'
ELEMENT | 15664458 | Size='15ø-15ø' | Width='' | Height='' | Diameter='15' | Statuses=NWB_DimWidth:SKIP; NWB_DimHeight:SKIP; NWB_DimDiameter:OK
INFO | Candidate: NWB_DimDiameter | Scope=instance | Storage=String | ReadOnly=False | Shared=True | Id=7626172
INFO | Element 15664460 | NWB_DimDiameter | Kind=Shared Parameter | Scope=instance | Storage=String | Old='' | New='25'
ELEMENT | 15664460 | Size='25ø-25ø' | Width='' | Height='' | Diameter='25' | Statuses=NWB_DimWidth:SKIP; NWB_DimHeight:SKIP; NWB_DimDiameter:OK
INFO | Candidate: NWB_DimDiameter | Scope=instance | Storage=Double | ReadOnly=False | Shared=True | Id=3045162
INFO | Candidate: NWB_DimDiameter | Scope=instance | Storage=String | ReadOnly=False | Shared=True | Id=7626172
INFO | Found 2 parameters named NWB_DimDiameter
INFO | SELECTED | Shared Parameter | Scope=instance | ReadOnly=False | Id=7626172
INFO | SELECTED | Shared Parameter | Scope=instance | ReadOnly=False | Id=3045162
INFO | Element 15664462 | NWB_DimDiameter | Kind=Shared Parameter | Scope=instance | Storage=String | Old='' | New='32'
INFO | Element 15664462 | NWB_DimDiameter | Kind=Shared Parameter | Scope=instance | Storage=Double | Old='0' | New='32'
ELEMENT | 15664462 | Size='32ø-25ø' | Width='' | Height='' | Diameter='32' | Statuses=NWB_DimWidth:SKIP; NWB_DimHeight:SKIP; NWB_DimDiameter:OK
INFO | Candidate: NWB_DimDiameter | Scope=instance | Storage=String | ReadOnly=False | Shared=True | Id=7626172
INFO | Element 15664468 | NWB_DimDiameter | Kind=Shared Parameter | Scope=instance | Storage=String | Old='' | New='25'
ELEMENT | 15664468 | Size='25ø-25ø' | Width='' | Height='' | Diameter='25' | Statuses=NWB_DimWidth:SKIP; NWB_DimHeight:SKIP; NWB_DimDiameter:OK
INFO | Candidate: NWB_DimDiameter | Scope=instance | Storage=String | ReadOnly=False | Shared=True | Id=7626172
INFO | Element 15664481 | NWB_DimDiameter | Kind=Shared Parameter | Scope=instance | Storage=String | Old='' | New='25'
ELEMENT | 15664481 | Size='25ø-25ø' | Width='' | Height='' | Diameter='25' | Statuses=NWB_DimWidth:SKIP; NWB_DimHeight:SKIP; NWB_DimDiameter:OK
INFO | Candidate: NWB_DimDiameter | Scope=instance | Storage=String | ReadOnly=False | Shared=True | Id=7626172
INFO | Element 15664485 | NWB_DimDiameter | Kind=Shared Parameter | Scope=instance | Storage=String | Old='' | New='25'
ELEMENT | 15664485 | Size='25ø-25ø' | Width='' | Height='' | Diameter='25' | Statuses=NWB_DimWidth:SKIP; NWB_DimHeight:SKIP; NWB_DimDiameter:OK
INFO | Candidate: NWB_DimDiameter | Scope=instance | Storage=String | ReadOnly=False | Shared=True | Id=7626172
INFO | Element 15664488 | NWB_DimDiameter | Kind=Shared Parameter | Scope=instance | Storage=String | Old='' | New='25'
ELEMENT | 15664488 | Size='25ø-25ø' | Width='' | Height='' | Diameter='25' | Statuses=NWB_DimWidth:SKIP; NWB_DimHeight:SKIP; NWB_DimDiameter:OK
INFO | Candidate: NWB_DimDiameter | Scope=instance | Storage=String | ReadOnly=False | Shared=True | Id=7626172
INFO | Element 15664493 | NWB_DimDiameter | Kind=Shared Parameter | Scope=instance | Storage=String | Old='' | New='15'
ELEMENT | 15664493 | Size='15ø-15ø' | Width='' | Height='' | Diameter='15' | Statuses=NWB_DimWidth:SKIP; NWB_DimHeight:SKIP; NWB_DimDiameter:OK
INFO | Candidate: NWB_DimDiameter | Scope=instance | Storage=String | ReadOnly=False | Shared=True | Id=7626172
INFO | Element 15664497 | NWB_DimDiameter | Kind=Shared Parameter | Scope=instance | Storage=String | Old='' | New='15'
ELEMENT | 15664497 | Size='15ø-15ø' | Width='' | Height='' | Diameter='15' | Statuses=NWB_DimWidth:SKIP; NWB_DimHeight:SKIP; NWB_DimDiameter:OK
INFO | Candidate: NWB_DimDiameter | Scope=instance | Storage=String | ReadOnly=False | Shared=True | Id=7626172
INFO | Element 15664500 | NWB_DimDiameter | Kind=Shared Parameter | Scope=instance | Storage=String | Old='' | New='15'
ELEMENT | 15664500 | Size='15ø-15ø' | Width='' | Height='' | Diameter='15' | Statuses=NWB_DimWidth:SKIP; NWB_DimHeight:SKIP; NWB_DimDiameter:OK
INFO | Candidate: NWB_DimDiameter | Scope=instance | Storage=String | ReadOnly=False | Shared=True | Id=7626172
INFO | Element 15664776 | NWB_DimDiameter | Kind=Shared Parameter | Scope=instance | Storage=String | Old='' | New='25'
ELEMENT | 15664776 | Size='25ø-25ø' | Width='' | Height='' | Diameter='25' | Statuses=NWB_DimWidth:SKIP; NWB_DimHeight:SKIP; NWB_DimDiameter:OK
INFO | Candidate: NWB_DimDiameter | Scope=instance | Storage=String | ReadOnly=False | Shared=True | Id=7626172
INFO | Element 15664782 | NWB_DimDiameter | Kind=Shared Parameter | Scope=instance | Storage=String | Old='' | New='25'
ELEMENT | 15664782 | Size='25ø-25ø' | Width='' | Height='' | Diameter='25' | Statuses=NWB_DimWidth:SKIP; NWB_DimHeight:SKIP; NWB_DimDiameter:OK
INFO | Candidate: NWB_DimDiameter | Scope=instance | Storage=String | ReadOnly=False | Shared=True | Id=7626172
INFO | Element 15664792 | NWB_DimDiameter | Kind=Shared Parameter | Scope=instance | Storage=String | Old='' | New='25'
ELEMENT | 15664792 | Size='25ø-25ø' | Width='' | Height='' | Diameter='25' | Statuses=NWB_DimWidth:SKIP; NWB_DimHeight:SKIP; NWB_DimDiameter:OK
INFO | Candidate: NWB_DimDiameter | Scope=instance | Storage=String | ReadOnly=False | Shared=True | Id=7626172
INFO | Element 15664795 | NWB_DimDiameter | Kind=Shared Parameter | Scope=instance | Storage=String | Old='' | New='25'
ELEMENT | 15664795 | Size='25ø-25ø' | Width='' | Height='' | Diameter='25' | Statuses=NWB_DimWidth:SKIP; NWB_DimHeight:SKIP; NWB_DimDiameter:OK
INFO | Candidate: NWB_DimDiameter | Scope=instance | Storage=String | ReadOnly=False | Shared=True | Id=7626172
INFO | Element 15664800 | NWB_DimDiameter | Kind=Shared Parameter | Scope=instance | Storage=String | Old='' | New='25'
ELEMENT | 15664800 | Size='25ø-25ø' | Width='' | Height='' | Diameter='25' | Statuses=NWB_DimWidth:SKIP; NWB_DimHeight:SKIP; NWB_DimDiameter:OK
INFO | Candidate: NWB_DimDiameter | Scope=instance | Storage=String | ReadOnly=False | Shared=True | Id=7626172
INFO | Element 15664804 | NWB_DimDiameter | Kind=Shared Parameter | Scope=instance | Storage=String | Old='' | New='25'
ELEMENT | 15664804 | Size='25ø-25ø' | Width='' | Height='' | Diameter='25' | Statuses=NWB_DimWidth:SKIP; NWB_DimHeight:SKIP; NWB_DimDiameter:OK
INFO | Candidate: NWB_DimDiameter | Scope=instance | Storage=String | ReadOnly=False | Shared=True | Id=7626172
INFO | Element 15664810 | NWB_DimDiameter | Kind=Shared Parameter | Scope=instance | Storage=String | Old='' | New='25'
ELEMENT | 15664810 | Size='25ø-25ø' | Width='' | Height='' | Diameter='25' | Statuses=NWB_DimWidth:SKIP; NWB_DimHeight:SKIP; NWB_DimDiameter:OK
INFO | Candidate: NWB_DimDiameter | Scope=instance | Storage=String | ReadOnly=False | Shared=True | Id=7626172
INFO | Element 15664813 | NWB_DimDiameter | Kind=Shared Parameter | Scope=instance | Storage=String | Old='' | New='25'
ELEMENT | 15664813 | Size='25ø-25ø' | Width='' | Height='' | Diameter='25' | Statuses=NWB_DimWidth:SKIP; NWB_DimHeight:SKIP; NWB_DimDiameter:OK
INFO | Candidate: NWB_DimDiameter | Scope=instance | Storage=String | ReadOnly=False | Shared=True | Id=7626172
INFO | Element 15664817 | NWB_DimDiameter | Kind=Shared Parameter | Scope=instance | Storage=String | Old='' | New='25'
ELEMENT | 15664817 | Size='25ø-25ø' | Width='' | Height='' | Diameter='25' | Statuses=NWB_DimWidth:SKIP; NWB_DimHeight:SKIP; NWB_DimDiameter:OK
INFO | Candidate: NWB_DimDiameter | Scope=instance | Storage=String | ReadOnly=False | Shared=True | Id=7626172
INFO | Element 15664820 | NWB_DimDiameter | Kind=Shared Parameter | Scope=instance | Storage=String | Old='' | New='25'
ELEMENT | 15664820 | Size='25ø-25ø' | Width='' | Height='' | Diameter='25' | Statuses=NWB_DimWidth:SKIP; NWB_DimHeight:SKIP; NWB_DimDiameter:OK
INFO | Candidate: NWB_DimDiameter | Scope=instance | Storage=Double | ReadOnly=False | Shared=True | Id=3045162
INFO | Candidate: NWB_DimDiameter | Scope=instance | Storage=String | ReadOnly=False | Shared=True | Id=7626172
INFO | Found 2 parameters named NWB_DimDiameter
INFO | SELECTED | Shared Parameter | Scope=instance | ReadOnly=False | Id=7626172
INFO | SELECTED | Shared Parameter | Scope=instance | ReadOnly=False | Id=3045162
INFO | Element 15664826 | NWB_DimDiameter | Kind=Shared Parameter | Scope=instance | Storage=String | Old='' | New='32'
INFO | Element 15664826 | NWB_DimDiameter | Kind=Shared Parameter | Scope=instance | Storage=Double | Old='0' | New='32'
ELEMENT | 15664826 | Size='32ø-32ø-32ø' | Width='' | Height='' | Diameter='32' | Statuses=NWB_DimWidth:SKIP; NWB_DimHeight:SKIP; NWB_DimDiameter:OK
INFO | Candidate: NWB_DimDiameter | Scope=instance | Storage=Double | ReadOnly=False | Shared=True | Id=3045162
INFO | Candidate: NWB_DimDiameter | Scope=instance | Storage=String | ReadOnly=False | Shared=True | Id=7626172
INFO | Found 2 parameters named NWB_DimDiameter
INFO | SELECTED | Shared Parameter | Scope=instance | ReadOnly=False | Id=7626172
INFO | SELECTED | Shared Parameter | Scope=instance | ReadOnly=False | Id=3045162
INFO | Element 15664832 | NWB_DimDiameter | Kind=Shared Parameter | Scope=instance | Storage=String | Old='' | New='32'
INFO | Element 15664832 | NWB_DimDiameter | Kind=Shared Parameter | Scope=instance | Storage=Double | Old='0' | New='32'
ELEMENT | 15664832 | Size='32ø-25ø' | Width='' | Height='' | Diameter='32' | Statuses=NWB_DimWidth:SKIP; NWB_DimHeight:SKIP; NWB_DimDiameter:OK
INFO | Candidate: NWB_DimDiameter | Scope=instance | Storage=String | ReadOnly=False | Shared=True | Id=7626172
INFO | Element 15664835 | NWB_DimDiameter | Kind=Shared Parameter | Scope=instance | Storage=String | Old='' | New='25'
ELEMENT | 15664835 | Size='25ø-25ø' | Width='' | Height='' | Diameter='25' | Statuses=NWB_DimWidth:SKIP; NWB_DimHeight:SKIP; NWB_DimDiameter:OK
INFO | Candidate: NWB_DimDiameter | Scope=instance | Storage=String | ReadOnly=False | Shared=True | Id=7626172
INFO | Element 15664838 | NWB_DimDiameter | Kind=Shared Parameter | Scope=instance | Storage=String | Old='' | New='25'
ELEMENT | 15664838 | Size='25ø-25ø' | Width='' | Height='' | Diameter='25' | Statuses=NWB_DimWidth:SKIP; NWB_DimHeight:SKIP; NWB_DimDiameter:OK
INFO | Candidate: NWB_DimDiameter | Scope=instance | Storage=Double | ReadOnly=False | Shared=True | Id=3045162
INFO | Candidate: NWB_DimDiameter | Scope=instance | Storage=String | ReadOnly=False | Shared=True | Id=7626172
INFO | Found 2 parameters named NWB_DimDiameter
INFO | SELECTED | Shared Parameter | Scope=instance | ReadOnly=False | Id=7626172
INFO | SELECTED | Shared Parameter | Scope=instance | ReadOnly=False | Id=3045162
INFO | Element 15664843 | NWB_DimDiameter | Kind=Shared Parameter | Scope=instance | Storage=String | Old='' | New='32'
INFO | Element 15664843 | NWB_DimDiameter | Kind=Shared Parameter | Scope=instance | Storage=Double | Old='0' | New='32'
ELEMENT | 15664843 | Size='32ø-32ø-32ø' | Width='' | Height='' | Diameter='32' | Statuses=NWB_DimWidth:SKIP; NWB_DimHeight:SKIP; NWB_DimDiameter:OK
INFO | Candidate: NWB_DimDiameter | Scope=instance | Storage=Double | ReadOnly=False | Shared=True | Id=3045162
INFO | Candidate: NWB_DimDiameter | Scope=instance | Storage=String | ReadOnly=False | Shared=True | Id=7626172
INFO | Found 2 parameters named NWB_DimDiameter
INFO | SELECTED | Shared Parameter | Scope=instance | ReadOnly=False | Id=7626172
INFO | SELECTED | Shared Parameter | Scope=instance | ReadOnly=False | Id=3045162
INFO | Element 15664849 | NWB_DimDiameter | Kind=Shared Parameter | Scope=instance | Storage=String | Old='' | New='32'
INFO | Element 15664849 | NWB_DimDiameter | Kind=Shared Parameter | Scope=instance | Storage=Double | Old='0' | New='32'
ELEMENT | 15664849 | Size='32ø-25ø' | Width='' | Height='' | Diameter='32' | Statuses=NWB_DimWidth:SKIP; NWB_DimHeight:SKIP; NWB_DimDiameter:OK
INFO | Candidate: NWB_DimDiameter | Scope=instance | Storage=String | ReadOnly=False | Shared=True | Id=7626172
INFO | Element 15664853 | NWB_DimDiameter | Kind=Shared Parameter | Scope=instance | Storage=String | Old='' | New='25'
ELEMENT | 15664853 | Size='25ø-25ø' | Width='' | Height='' | Diameter='25' | Statuses=NWB_DimWidth:SKIP; NWB_DimHeight:SKIP; NWB_DimDiameter:OK
INFO | Candidate: NWB_DimDiameter | Scope=instance | Storage=String | ReadOnly=False | Shared=True | Id=7626172
INFO | Element 15664856 | NWB_DimDiameter | Kind=Shared Parameter | Scope=instance | Storage=String | Old='' | New='25'
ELEMENT | 15664856 | Size='25ø-25ø' | Width='' | Height='' | Diameter='25' | Statuses=NWB_DimWidth:SKIP; NWB_DimHeight:SKIP; NWB_DimDiameter:OK
INFO | Candidate: NWB_DimDiameter | Scope=instance | Storage=Double | ReadOnly=False | Shared=True | Id=3045162
INFO | Candidate: NWB_DimDiameter | Scope=instance | Storage=String | ReadOnly=False | Shared=True | Id=7626172
INFO | Found 2 parameters named NWB_DimDiameter
INFO | SELECTED | Shared Parameter | Scope=instance | ReadOnly=False | Id=7626172
INFO | SELECTED | Shared Parameter | Scope=instance | ReadOnly=False | Id=3045162
INFO | Element 15664867 | NWB_DimDiameter | Kind=Shared Parameter | Scope=instance | Storage=String | Old='' | New='32'
INFO | Element 15664867 | NWB_DimDiameter | Kind=Shared Parameter | Scope=instance | Storage=Double | Old='0' | New='32'
ELEMENT | 15664867 | Size='32ø-32ø-32ø' | Width='' | Height='' | Diameter='32' | Statuses=NWB_DimWidth:SKIP; NWB_DimHeight:SKIP; NWB_DimDiameter:OK
INFO | Candidate: NWB_DimDiameter | Scope=instance | Storage=Double | ReadOnly=False | Shared=True | Id=3045162
INFO | Candidate: NWB_DimDiameter | Scope=instance | Storage=String | ReadOnly=False | Shared=True | Id=7626172
INFO | Found 2 parameters named NWB_DimDiameter
INFO | SELECTED | Shared Parameter | Scope=instance | ReadOnly=False | Id=7626172
INFO | SELECTED | Shared Parameter | Scope=instance | ReadOnly=False | Id=3045162
INFO | Element 15664873 | NWB_DimDiameter | Kind=Shared Parameter | Scope=instance | Storage=String | Old='' | New='32'
INFO | Element 15664873 | NWB_DimDiameter | Kind=Shared Parameter | Scope=instance | Storage=Double | Old='0' | New='32'
ELEMENT | 15664873 | Size='32ø-25ø' | Width='' | Height='' | Diameter='32' | Statuses=NWB_DimWidth:SKIP; NWB_DimHeight:SKIP; NWB_DimDiameter:OK
INFO | Candidate: NWB_DimDiameter | Scope=instance | Storage=String | ReadOnly=False | Shared=True | Id=7626172
INFO | Element 15664875 | NWB_DimDiameter | Kind=Shared Parameter | Scope=instance | Storage=String | Old='' | New='25'
ELEMENT | 15664875 | Size='25ø-25ø' | Width='' | Height='' | Diameter='25' | Statuses=NWB_DimWidth:SKIP; NWB_DimHeight:SKIP; NWB_DimDiameter:OK
INFO | Candidate: NWB_DimDiameter | Scope=instance | Storage=Double | ReadOnly=False | Shared=True | Id=3045162
INFO | Candidate: NWB_DimDiameter | Scope=instance | Storage=String | ReadOnly=False | Shared=True | Id=7626172
INFO | Found 2 parameters named NWB_DimDiameter
INFO | SELECTED | Shared Parameter | Scope=instance | ReadOnly=False | Id=7626172
INFO | SELECTED | Shared Parameter | Scope=instance | ReadOnly=False | Id=3045162
INFO | Element 15664881 | NWB_DimDiameter | Kind=Shared Parameter | Scope=instance | Storage=String | Old='' | New='32'
INFO | Element 15664881 | NWB_DimDiameter | Kind=Shared Parameter | Scope=instance | Storage=Double | Old='0' | New='32'
ELEMENT | 15664881 | Size='32ø-32ø-32ø' | Width='' | Height='' | Diameter='32' | Statuses=NWB_DimWidth:SKIP; NWB_DimHeight:SKIP; NWB_DimDiameter:OK
INFO | Candidate: NWB_DimDiameter | Scope=instance | Storage=Double | ReadOnly=False | Shared=True | Id=3045162
INFO | Candidate: NWB_DimDiameter | Scope=instance | Storage=String | ReadOnly=False | Shared=True | Id=7626172
INFO | Found 2 parameters named NWB_DimDiameter
INFO | SELECTED | Shared Parameter | Scope=instance | ReadOnly=False | Id=7626172
INFO | SELECTED | Shared Parameter | Scope=instance | ReadOnly=False | Id=3045162
INFO | Element 15664887 | NWB_DimDiameter | Kind=Shared Parameter | Scope=instance | Storage=String | Old='' | New='32'
INFO | Element 15664887 | NWB_DimDiameter | Kind=Shared Parameter | Scope=instance | Storage=Double | Old='0' | New='32'
ELEMENT | 15664887 | Size='32ø-25ø' | Width='' | Height='' | Diameter='32' | Statuses=NWB_DimWidth:SKIP; NWB_DimHeight:SKIP; NWB_DimDiameter:OK
INFO | Candidate: NWB_DimDiameter | Scope=instance | Storage=String | ReadOnly=False | Shared=True | Id=7626172
INFO | Element 15664890 | NWB_DimDiameter | Kind=Shared Parameter | Scope=instance | Storage=String | Old='' | New='25'
ELEMENT | 15664890 | Size='25ø-25ø' | Width='' | Height='' | Diameter='25' | Statuses=NWB_DimWidth:SKIP; NWB_DimHeight:SKIP; NWB_DimDiameter:OK
INFO | Candidate: NWB_DimDiameter | Scope=instance | Storage=String | ReadOnly=False | Shared=True | Id=7626172
INFO | Element 15664896 | NWB_DimDiameter | Kind=Shared Parameter | Scope=instance | Storage=String | Old='' | New='25'
ELEMENT | 15664896 | Size='25ø-25ø' | Width='' | Height='' | Diameter='25' | Statuses=NWB_DimWidth:SKIP; NWB_DimHeight:SKIP; NWB_DimDiameter:OK
INFO | Candidate: NWB_DimDiameter | Scope=instance | Storage=String | ReadOnly=False | Shared=True | Id=7626172
INFO | Element 15664900 | NWB_DimDiameter | Kind=Shared Parameter | Scope=instance | Storage=String | Old='' | New='25'
ELEMENT | 15664900 | Size='25ø-25ø' | Width='' | Height='' | Diameter='25' | Statuses=NWB_DimWidth:SKIP; NWB_DimHeight:SKIP; NWB_DimDiameter:OK
INFO | Candidate: NWB_DimDiameter | Scope=instance | Storage=Double | ReadOnly=False | Shared=True | Id=3045162
INFO | Candidate: NWB_DimDiameter | Scope=instance | Storage=String | ReadOnly=False | Shared=True | Id=7626172
INFO | Found 2 parameters named NWB_DimDiameter
INFO | SELECTED | Shared Parameter | Scope=instance | ReadOnly=False | Id=7626172
INFO | SELECTED | Shared Parameter | Scope=instance | ReadOnly=False | Id=3045162
INFO | Element 15664915 | NWB_DimDiameter | Kind=Shared Parameter | Scope=instance | Storage=String | Old='' | New='32'
INFO | Element 15664915 | NWB_DimDiameter | Kind=Shared Parameter | Scope=instance | Storage=Double | Old='0' | New='32'
ELEMENT | 15664915 | Size='32ø-32ø-32ø' | Width='' | Height='' | Diameter='32' | Statuses=NWB_DimWidth:SKIP; NWB_DimHeight:SKIP; NWB_DimDiameter:OK
INFO | Candidate: NWB_DimDiameter | Scope=instance | Storage=String | ReadOnly=False | Shared=True | Id=7626172
INFO | Element 15664921 | NWB_DimDiameter | Kind=Shared Parameter | Scope=instance | Storage=String | Old='' | New='32'
ELEMENT | 15664921 | Size='32ø-32ø' | Width='' | Height='' | Diameter='32' | Statuses=NWB_DimWidth:SKIP; NWB_DimHeight:SKIP; NWB_DimDiameter:OK
INFO | Candidate: NWB_DimDiameter | Scope=instance | Storage=Double | ReadOnly=False | Shared=True | Id=3045162
INFO | Candidate: NWB_DimDiameter | Scope=instance | Storage=String | ReadOnly=False | Shared=True | Id=7626172
INFO | Found 2 parameters named NWB_DimDiameter
INFO | SELECTED | Shared Parameter | Scope=instance | ReadOnly=False | Id=7626172
INFO | SELECTED | Shared Parameter | Scope=instance | ReadOnly=False | Id=3045162
INFO | Element 15664927 | NWB_DimDiameter | Kind=Shared Parameter | Scope=instance | Storage=String | Old='' | New='32'
INFO | Element 15664927 | NWB_DimDiameter | Kind=Shared Parameter | Scope=instance | Storage=Double | Old='0' | New='32'
ELEMENT | 15664927 | Size='32ø-32ø-32ø' | Width='' | Height='' | Diameter='32' | Statuses=NWB_DimWidth:SKIP; NWB_DimHeight:SKIP; NWB_DimDiameter:OK
INFO | Candidate: NWB_DimDiameter | Scope=instance | Storage=String | ReadOnly=False | Shared=True | Id=7626172
INFO | Element 15664933 | NWB_DimDiameter | Kind=Shared Parameter | Scope=instance | Storage=String | Old='' | New='32'
ELEMENT | 15664933 | Size='32ø-32ø' | Width='' | Height='' | Diameter='32' | Statuses=NWB_DimWidth:SKIP; NWB_DimHeight:SKIP; NWB_DimDiameter:OK
INFO | Candidate: NWB_DimDiameter | Scope=instance | Storage=String | ReadOnly=False | Shared=True | Id=7626172
INFO | Element 15664953 | NWB_DimDiameter | Kind=Shared Parameter | Scope=instance | Storage=String | Old='' | New='32'
ELEMENT | 15664953 | Size='32ø-32ø' | Width='' | Height='' | Diameter='32' | Statuses=NWB_DimWidth:SKIP; NWB_DimHeight:SKIP; NWB_DimDiameter:OK
INFO | Candidate: NWB_DimDiameter | Scope=instance | Storage=String | ReadOnly=False | Shared=True | Id=7626172
INFO | Element 15664957 | NWB_DimDiameter | Kind=Shared Parameter | Scope=instance | Storage=String | Old='' | New='32'
ELEMENT | 15664957 | Size='32ø-32ø' | Width='' | Height='' | Diameter='32' | Statuses=NWB_DimWidth:SKIP; NWB_DimHeight:SKIP; NWB_DimDiameter:OK
INFO | Candidate: NWB_DimDiameter | Scope=instance | Storage=String | ReadOnly=False | Shared=True | Id=7626172
INFO | Element 15664963 | NWB_DimDiameter | Kind=Shared Parameter | Scope=instance | Storage=String | Old='' | New='32'
ELEMENT | 15664963 | Size='32ø-32ø' | Width='' | Height='' | Diameter='32' | Statuses=NWB_DimWidth:SKIP; NWB_DimHeight:SKIP; NWB_DimDiameter:OK
INFO | Candidate: NWB_DimDiameter | Scope=instance | Storage=String | ReadOnly=False | Shared=True | Id=7626172
INFO | Element 15664966 | NWB_DimDiameter | Kind=Shared Parameter | Scope=instance | Storage=String | Old='' | New='32'
ELEMENT | 15664966 | Size='32ø-32ø' | Width='' | Height='' | Diameter='32' | Statuses=NWB_DimWidth:SKIP; NWB_DimHeight:SKIP; NWB_DimDiameter:OK
INFO | Candidate: NWB_DimDiameter | Scope=instance | Storage=String | ReadOnly=False | Shared=True | Id=7626172
INFO | Element 15664972 | NWB_DimDiameter | Kind=Shared Parameter | Scope=instance | Storage=String | Old='' | New='32'
ELEMENT | 15664972 | Size='32ø-32ø' | Width='' | Height='' | Diameter='32' | Statuses=NWB_DimWidth:SKIP; NWB_DimHeight:SKIP; NWB_DimDiameter:OK
INFO | Candidate: NWB_DimDiameter | Scope=instance | Storage=String | ReadOnly=False | Shared=True | Id=7626172
INFO | Element 15664975 | NWB_DimDiameter | Kind=Shared Parameter | Scope=instance | Storage=String | Old='' | New='32'
ELEMENT | 15664975 | Size='32ø-32ø' | Width='' | Height='' | Diameter='32' | Statuses=NWB_DimWidth:SKIP; NWB_DimHeight:SKIP; NWB_DimDiameter:OK
INFO | Candidate: NWB_DimDiameter | Scope=instance | Storage=String | ReadOnly=False | Shared=True | Id=7626172
INFO | Element 15664981 | NWB_DimDiameter | Kind=Shared Parameter | Scope=instance | Storage=String | Old='' | New='32'
ELEMENT | 15664981 | Size='32ø-32ø' | Width='' | Height='' | Diameter='32' | Statuses=NWB_DimWidth:SKIP; NWB_DimHeight:SKIP; NWB_DimDiameter:OK
INFO | Candidate: NWB_DimDiameter | Scope=instance | Storage=String | ReadOnly=False | Shared=True | Id=7626172
INFO | Element 15664984 | NWB_DimDiameter | Kind=Shared Parameter | Scope=instance | Storage=String | Old='' | New='32'
ELEMENT | 15664984 | Size='32ø-32ø' | Width='' | Height='' | Diameter='32' | Statuses=NWB_DimWidth:SKIP; NWB_DimHeight:SKIP; NWB_DimDiameter:OK
INFO | Candidate: NWB_DimDiameter | Scope=instance | Storage=String | ReadOnly=False | Shared=True | Id=7626172
INFO | Element 15664987 | NWB_DimDiameter | Kind=Shared Parameter | Scope=instance | Storage=String | Old='' | New='32'
ELEMENT | 15664987 | Size='32ø-32ø' | Width='' | Height='' | Diameter='32' | Statuses=NWB_DimWidth:SKIP; NWB_DimHeight:SKIP; NWB_DimDiameter:OK
INFO | Candidate: NWB_DimDiameter | Scope=instance | Storage=String | ReadOnly=False | Shared=True | Id=7626172
INFO | Element 15664990 | NWB_DimDiameter | Kind=Shared Parameter | Scope=instance | Storage=String | Old='' | New='32'
ELEMENT | 15664990 | Size='32ø-32ø' | Width='' | Height='' | Diameter='32' | Statuses=NWB_DimWidth:SKIP; NWB_DimHeight:SKIP; NWB_DimDiameter:OK
INFO | Candidate: NWB_DimDiameter | Scope=instance | Storage=Double | ReadOnly=False | Shared=True | Id=3045162
INFO | Candidate: NWB_DimDiameter | Scope=instance | Storage=String | ReadOnly=False | Shared=True | Id=7626172
INFO | Found 2 parameters named NWB_DimDiameter
INFO | SELECTED | Shared Parameter | Scope=instance | ReadOnly=False | Id=7626172
INFO | SELECTED | Shared Parameter | Scope=instance | ReadOnly=False | Id=3045162
INFO | Element 15747689 | NWB_DimDiameter | Kind=Shared Parameter | Scope=instance | Storage=String | Old='' | New='50'
INFO | Element 15747689 | NWB_DimDiameter | Kind=Shared Parameter | Scope=instance | Storage=Double | Old='0' | New='50'
ELEMENT | 15747689 | Size='50ø-25ø' | Width='' | Height='' | Diameter='50' | Statuses=NWB_DimWidth:SKIP; NWB_DimHeight:SKIP; NWB_DimDiameter:OK
INFO | Candidate: NWB_DimDiameter | Scope=instance | Storage=Double | ReadOnly=False | Shared=True | Id=3045162
INFO | Candidate: NWB_DimDiameter | Scope=instance | Storage=String | ReadOnly=False | Shared=True | Id=7626172
INFO | Found 2 parameters named NWB_DimDiameter
INFO | SELECTED | Shared Parameter | Scope=instance | ReadOnly=False | Id=7626172
INFO | SELECTED | Shared Parameter | Scope=instance | ReadOnly=False | Id=3045162
INFO | Element 15747692 | NWB_DimDiameter | Kind=Shared Parameter | Scope=instance | Storage=String | Old='' | New='50'
INFO | Element 15747692 | NWB_DimDiameter | Kind=Shared Parameter | Scope=instance | Storage=Double | Old='0' | New='50'
ELEMENT | 15747692 | Size='50ø-25ø' | Width='' | Height='' | Diameter='50' | Statuses=NWB_DimWidth:SKIP; NWB_DimHeight:SKIP; NWB_DimDiameter:OK
INFO | Candidate: NWB_DimDiameter | Scope=instance | Storage=String | ReadOnly=False | Shared=True | Id=7626172
INFO | Element 15747700 | NWB_DimDiameter | Kind=Shared Parameter | Scope=instance | Storage=String | Old='' | New='50'
ELEMENT | 15747700 | Size='50ø-40ø' | Width='' | Height='' | Diameter='50' | Statuses=NWB_DimWidth:SKIP; NWB_DimHeight:SKIP; NWB_DimDiameter:OK
INFO | Candidate: NWB_DimDiameter | Scope=instance | Storage=String | ReadOnly=False | Shared=True | Id=7626172
INFO | Element 15760467 | NWB_DimDiameter | Kind=Shared Parameter | Scope=instance | Storage=String | Old='' | New='25'
ELEMENT | 15760467 | Size='25ø-25ø' | Width='' | Height='' | Diameter='25' | Statuses=NWB_DimWidth:SKIP; NWB_DimHeight:SKIP; NWB_DimDiameter:OK
INFO | Candidate: NWB_DimDiameter | Scope=instance | Storage=String | ReadOnly=False | Shared=True | Id=7626172
INFO | Element 15760470 | NWB_DimDiameter | Kind=Shared Parameter | Scope=instance | Storage=String | Old='' | New='25'
ELEMENT | 15760470 | Size='25ø-25ø' | Width='' | Height='' | Diameter='25' | Statuses=NWB_DimWidth:SKIP; NWB_DimHeight:SKIP; NWB_DimDiameter:OK
INFO | Candidate: NWB_DimDiameter | Scope=instance | Storage=String | ReadOnly=False | Shared=True | Id=7626172
INFO | Element 15760503 | NWB_DimDiameter | Kind=Shared Parameter | Scope=instance | Storage=String | Old='' | New='32'
ELEMENT | 15760503 | Size='32ø-32ø' | Width='' | Height='' | Diameter='32' | Statuses=NWB_DimWidth:SKIP; NWB_DimHeight:SKIP; NWB_DimDiameter:OK
INFO | Candidate: NWB_DimDiameter | Scope=instance | Storage=String | ReadOnly=False | Shared=True | Id=7626172
INFO | Element 15760507 | NWB_DimDiameter | Kind=Shared Parameter | Scope=instance | Storage=String | Old='' | New='32'
ELEMENT | 15760507 | Size='32ø-32ø' | Width='' | Height='' | Diameter='32' | Statuses=NWB_DimWidth:SKIP; NWB_DimHeight:SKIP; NWB_DimDiameter:OK
INFO | Candidate: NWB_DimDiameter | Scope=instance | Storage=String | ReadOnly=False | Shared=True | Id=7626172
INFO | Element 15760512 | NWB_DimDiameter | Kind=Shared Parameter | Scope=instance | Storage=String | Old='' | New='32'
ELEMENT | 15760512 | Size='32ø-32ø' | Width='' | Height='' | Diameter='32' | Statuses=NWB_DimWidth:SKIP; NWB_DimHeight:SKIP; NWB_DimDiameter:OK
INFO | Candidate: NWB_DimDiameter | Scope=instance | Storage=String | ReadOnly=False | Shared=True | Id=7626172
INFO | Element 15760523 | NWB_DimDiameter | Kind=Shared Parameter | Scope=instance | Storage=String | Old='' | New='32'
ELEMENT | 15760523 | Size='32ø-32ø' | Width='' | Height='' | Diameter='32' | Statuses=NWB_DimWidth:SKIP; NWB_DimHeight:SKIP; NWB_DimDiameter:OK
INFO | Candidate: NWB_DimDiameter | Scope=instance | Storage=String | ReadOnly=False | Shared=True | Id=7626172
INFO | Element 15760527 | NWB_DimDiameter | Kind=Shared Parameter | Scope=instance | Storage=String | Old='' | New='32'
ELEMENT | 15760527 | Size='32ø-32ø' | Width='' | Height='' | Diameter='32' | Statuses=NWB_DimWidth:SKIP; NWB_DimHeight:SKIP; NWB_DimDiameter:OK
INFO | Candidate: NWB_DimDiameter | Scope=instance | Storage=String | ReadOnly=False | Shared=True | Id=7626172
INFO | Element 15760533 | NWB_DimDiameter | Kind=Shared Parameter | Scope=instance | Storage=String | Old='' | New='32'
ELEMENT | 15760533 | Size='32ø-32ø' | Width='' | Height='' | Diameter='32' | Statuses=NWB_DimWidth:SKIP; NWB_DimHeight:SKIP; NWB_DimDiameter:OK
INFO | Candidate: NWB_DimDiameter | Scope=instance | Storage=String | ReadOnly=False | Shared=True | Id=7626172
INFO | Element 15760569 | NWB_DimDiameter | Kind=Shared Parameter | Scope=instance | Storage=String | Old='' | New='32'
ELEMENT | 15760569 | Size='32ø-32ø' | Width='' | Height='' | Diameter='32' | Statuses=NWB_DimWidth:SKIP; NWB_DimHeight:SKIP; NWB_DimDiameter:OK
INFO | Candidate: NWB_DimDiameter | Scope=instance | Storage=String | ReadOnly=False | Shared=True | Id=7626172
INFO | Element 15760574 | NWB_DimDiameter | Kind=Shared Parameter | Scope=instance | Storage=String | Old='' | New='32'
ELEMENT | 15760574 | Size='32ø-32ø' | Width='' | Height='' | Diameter='32' | Statuses=NWB_DimWidth:SKIP; NWB_DimHeight:SKIP; NWB_DimDiameter:OK
INFO | Candidate: NWB_DimDiameter | Scope=instance | Storage=Double | ReadOnly=False | Shared=True | Id=3045162
INFO | Candidate: NWB_DimDiameter | Scope=instance | Storage=String | ReadOnly=False | Shared=True | Id=7626172
INFO | Found 2 parameters named NWB_DimDiameter
INFO | SELECTED | Shared Parameter | Scope=instance | ReadOnly=False | Id=7626172
INFO | SELECTED | Shared Parameter | Scope=instance | ReadOnly=False | Id=3045162
INFO | Element 15760577 | NWB_DimDiameter | Kind=Shared Parameter | Scope=instance | Storage=String | Old='' | New='32'
INFO | Element 15760577 | NWB_DimDiameter | Kind=Shared Parameter | Scope=instance | Storage=Double | Old='0' | New='32'
ELEMENT | 15760577 | Size='32ø-25ø' | Width='' | Height='' | Diameter='32' | Statuses=NWB_DimWidth:SKIP; NWB_DimHeight:SKIP; NWB_DimDiameter:OK
INFO | Candidate: NWB_DimDiameter | Scope=instance | Storage=Double | ReadOnly=False | Shared=True | Id=3045162
INFO | Candidate: NWB_DimDiameter | Scope=instance | Storage=String | ReadOnly=False | Shared=True | Id=7626172
INFO | Found 2 parameters named NWB_DimDiameter
INFO | SELECTED | Shared Parameter | Scope=instance | ReadOnly=False | Id=7626172
INFO | SELECTED | Shared Parameter | Scope=instance | ReadOnly=False | Id=3045162
INFO | Element 15760580 | NWB_DimDiameter | Kind=Shared Parameter | Scope=instance | Storage=String | Old='' | New='32'
INFO | Element 15760580 | NWB_DimDiameter | Kind=Shared Parameter | Scope=instance | Storage=Double | Old='0' | New='32'
ELEMENT | 15760580 | Size='32ø-25ø' | Width='' | Height='' | Diameter='32' | Statuses=NWB_DimWidth:SKIP; NWB_DimHeight:SKIP; NWB_DimDiameter:OK
INFO | Candidate: NWB_DimDiameter | Scope=instance | Storage=Double | ReadOnly=False | Shared=True | Id=3045162
INFO | Candidate: NWB_DimDiameter | Scope=instance | Storage=String | ReadOnly=False | Shared=True | Id=7626172
INFO | Found 2 parameters named NWB_DimDiameter
INFO | SELECTED | Shared Parameter | Scope=instance | ReadOnly=False | Id=7626172
INFO | SELECTED | Shared Parameter | Scope=instance | ReadOnly=False | Id=3045162
INFO | Element 15760583 | NWB_DimDiameter | Kind=Shared Parameter | Scope=instance | Storage=String | Old='' | New='32'
INFO | Element 15760583 | NWB_DimDiameter | Kind=Shared Parameter | Scope=instance | Storage=Double | Old='0' | New='32'
ELEMENT | 15760583 | Size='32ø-25ø' | Width='' | Height='' | Diameter='32' | Statuses=NWB_DimWidth:SKIP; NWB_DimHeight:SKIP; NWB_DimDiameter:OK
INFO | Candidate: NWB_DimDiameter | Scope=instance | Storage=Double | ReadOnly=False | Shared=True | Id=3045162
INFO | Candidate: NWB_DimDiameter | Scope=instance | Storage=String | ReadOnly=False | Shared=True | Id=7626172
INFO | Found 2 parameters named NWB_DimDiameter
INFO | SELECTED | Shared Parameter | Scope=instance | ReadOnly=False | Id=7626172
INFO | SELECTED | Shared Parameter | Scope=instance | ReadOnly=False | Id=3045162
INFO | Element 15760586 | NWB_DimDiameter | Kind=Shared Parameter | Scope=instance | Storage=String | Old='' | New='32'
INFO | Element 15760586 | NWB_DimDiameter | Kind=Shared Parameter | Scope=instance | Storage=Double | Old='0' | New='32'
ELEMENT | 15760586 | Size='32ø-25ø' | Width='' | Height='' | Diameter='32' | Statuses=NWB_DimWidth:SKIP; NWB_DimHeight:SKIP; NWB_DimDiameter:OK
INFO | Candidate: NWB_DimDiameter | Scope=instance | Storage=Double | ReadOnly=False | Shared=True | Id=3045162
INFO | Candidate: NWB_DimDiameter | Scope=instance | Storage=String | ReadOnly=False | Shared=True | Id=7626172
INFO | Found 2 parameters named NWB_DimDiameter
INFO | SELECTED | Shared Parameter | Scope=instance | ReadOnly=False | Id=7626172
INFO | SELECTED | Shared Parameter | Scope=instance | ReadOnly=False | Id=3045162
INFO | Element 15760589 | NWB_DimDiameter | Kind=Shared Parameter | Scope=instance | Storage=String | Old='' | New='25'
INFO | Element 15760589 | NWB_DimDiameter | Kind=Shared Parameter | Scope=instance | Storage=Double | Old='0' | New='25'
ELEMENT | 15760589 | Size='25ø-15ø' | Width='' | Height='' | Diameter='25' | Statuses=NWB_DimWidth:SKIP; NWB_DimHeight:SKIP; NWB_DimDiameter:OK
INFO | Candidate: NWB_DimDiameter | Scope=instance | Storage=Double | ReadOnly=False | Shared=True | Id=3045162
INFO | Candidate: NWB_DimDiameter | Scope=instance | Storage=String | ReadOnly=False | Shared=True | Id=7626172
INFO | Found 2 parameters named NWB_DimDiameter
INFO | SELECTED | Shared Parameter | Scope=instance | ReadOnly=False | Id=7626172
INFO | SELECTED | Shared Parameter | Scope=instance | ReadOnly=False | Id=3045162
INFO | Element 15760592 | NWB_DimDiameter | Kind=Shared Parameter | Scope=instance | Storage=String | Old='' | New='32'
INFO | Element 15760592 | NWB_DimDiameter | Kind=Shared Parameter | Scope=instance | Storage=Double | Old='0' | New='32'
ELEMENT | 15760592 | Size='32ø-25ø' | Width='' | Height='' | Diameter='32' | Statuses=NWB_DimWidth:SKIP; NWB_DimHeight:SKIP; NWB_DimDiameter:OK
INFO | Candidate: NWB_DimDiameter | Scope=instance | Storage=Double | ReadOnly=False | Shared=True | Id=3045162
INFO | Candidate: NWB_DimDiameter | Scope=instance | Storage=String | ReadOnly=False | Shared=True | Id=7626172
INFO | Found 2 parameters named NWB_DimDiameter
INFO | SELECTED | Shared Parameter | Scope=instance | ReadOnly=False | Id=7626172
INFO | SELECTED | Shared Parameter | Scope=instance | ReadOnly=False | Id=3045162
INFO | Element 15760595 | NWB_DimDiameter | Kind=Shared Parameter | Scope=instance | Storage=String | Old='' | New='32'
INFO | Element 15760595 | NWB_DimDiameter | Kind=Shared Parameter | Scope=instance | Storage=Double | Old='0' | New='32'
ELEMENT | 15760595 | Size='32ø-25ø' | Width='' | Height='' | Diameter='32' | Statuses=NWB_DimWidth:SKIP; NWB_DimHeight:SKIP; NWB_DimDiameter:OK
INFO | Candidate: NWB_DimDiameter | Scope=instance | Storage=Double | ReadOnly=False | Shared=True | Id=3045162
INFO | Candidate: NWB_DimDiameter | Scope=instance | Storage=String | ReadOnly=False | Shared=True | Id=7626172
INFO | Found 2 parameters named NWB_DimDiameter
INFO | SELECTED | Shared Parameter | Scope=instance | ReadOnly=False | Id=7626172
INFO | SELECTED | Shared Parameter | Scope=instance | ReadOnly=False | Id=3045162
INFO | Element 15760598 | NWB_DimDiameter | Kind=Shared Parameter | Scope=instance | Storage=String | Old='' | New='32'
INFO | Element 15760598 | NWB_DimDiameter | Kind=Shared Parameter | Scope=instance | Storage=Double | Old='0' | New='32'
ELEMENT | 15760598 | Size='32ø-25ø' | Width='' | Height='' | Diameter='32' | Statuses=NWB_DimWidth:SKIP; NWB_DimHeight:SKIP; NWB_DimDiameter:OK
INFO | Candidate: NWB_DimDiameter | Scope=instance | Storage=Double | ReadOnly=False | Shared=True | Id=3045162
INFO | Candidate: NWB_DimDiameter | Scope=instance | Storage=String | ReadOnly=False | Shared=True | Id=7626172
INFO | Found 2 parameters named NWB_DimDiameter
INFO | SELECTED | Shared Parameter | Scope=instance | ReadOnly=False | Id=7626172
INFO | SELECTED | Shared Parameter | Scope=instance | ReadOnly=False | Id=3045162
INFO | Element 15760601 | NWB_DimDiameter | Kind=Shared Parameter | Scope=instance | Storage=String | Old='' | New='32'
INFO | Element 15760601 | NWB_DimDiameter | Kind=Shared Parameter | Scope=instance | Storage=Double | Old='0' | New='32'
ELEMENT | 15760601 | Size='32ø-25ø' | Width='' | Height='' | Diameter='32' | Statuses=NWB_DimWidth:SKIP; NWB_DimHeight:SKIP; NWB_DimDiameter:OK
SKIP | Element 7367710 | Size empty
SKIP | Element 7514850 | Size empty
SKIP | Element 13367322 | Size empty
SKIP | Element 13368724 | Size empty
SKIP | Element 13368726 | Size empty
SKIP | Element 13369374 | Size empty
SKIP | Element 13369376 | Size empty
SKIP | Element 13513434 | Size empty
SKIP | Element 13513465 | Size empty
SKIP | Element 13641796 | Size empty
SKIP | Element 13642461 | Size empty
SKIP | Element 13642940 | Size empty
SKIP | Element 13643347 | Size empty
SKIP | Element 13643348 | Size empty
SKIP | Element 13643472 | Size empty
SKIP | Element 13643526 | Size empty
SKIP | Element 13643555 | Size empty
SKIP | Element 13643556 | Size empty
SKIP | Element 13643650 | Size empty
SKIP | Element 13643723 | Size empty
SKIP | Element 13643725 | Size empty
SKIP | Element 13643742 | Size empty
SKIP | Element 13643764 | Size empty
SKIP | Element 13643767 | Size empty
SKIP | Element 13644696 | Size empty
SKIP | Element 13647725 | Size empty
SKIP | Element 13647727 | Size empty
SKIP | Element 13647728 | Size empty
SKIP | Element 13648205 | Size empty
SKIP | Element 13648207 | Size empty
SKIP | Element 13648264 | Size empty
SKIP | Element 13648265 | Size empty
SKIP | Element 13648766 | Size empty
SKIP | Element 13648791 | Size empty
SKIP | Element 13648806 | Size empty
SKIP | Element 13648971 | Size empty
SKIP | Element 13649220 | Size empty
SKIP | Element 13649403 | Size empty
SKIP | Element 13676361 | Size empty
SKIP | Element 13677847 | Size empty
SKIP | Element 13677849 | Size empty
SKIP | Element 13678734 | Size empty
SKIP | Element 13687726 | Size empty
SKIP | Element 13688809 | Size empty
SKIP | Element 13688810 | Size empty
SKIP | Element 13688816 | Size empty
SKIP | Element 13693935 | Size empty
SKIP | Element 13693942 | Size empty
SKIP | Element 13693989 | Size empty
SKIP | Element 13693991 | Size empty
SKIP | Element 13693994 | Size empty
SKIP | Element 13694049 | Size empty
SKIP | Element 13694055 | Size empty
SKIP | Element 13755027 | Size empty
SKIP | Element 13770686 | Size empty
SKIP | Element 13770765 | Size empty
SKIP | Element 13770766 | Size empty
SKIP | Element 13771419 | Size empty
SKIP | Element 13772100 | Size empty
SKIP | Element 13772102 | Size empty
SKIP | Element 13772103 | Size empty
SKIP | Element 13772104 | Size empty
SKIP | Element 13772105 | Size empty
SKIP | Element 13772106 | Size empty
SKIP | Element 13773274 | Size empty
SKIP | Element 13773278 | Size empty
SKIP | Element 13773288 | Size empty
SKIP | Element 13773301 | Size empty
SKIP | Element 13773700 | Size empty
SKIP | Element 13773814 | Size empty
SKIP | Element 13773822 | Size empty
SKIP | Element 13773897 | Size empty
SKIP | Element 13773898 | Size empty
SKIP | Element 13773899 | Size empty
SKIP | Element 13773901 | Size empty
SKIP | Element 13774086 | Size empty
SKIP | Element 13774087 | Size empty
SKIP | Element 13774095 | Size empty
SKIP | Element 13774100 | Size empty
SKIP | Element 13814553 | Size empty
SKIP | Element 14025494 | Size empty
SKIP | Element 14030276 | Size empty
SKIP | Element 14030291 | Size empty
SKIP | Element 14030492 | Size empty
SKIP | Element 14030500 | Size empty
SKIP | Element 14031165 | Size empty
SKIP | Element 14031260 | Size empty
SKIP | Element 14034191 | Size empty
SKIP | Element 14034192 | Size empty
SKIP | Element 14034197 | Size empty
SKIP | Element 14034204 | Size empty
SKIP | Element 14034253 | Size empty
SKIP | Element 14034274 | Size empty
SKIP | Element 14034276 | Size empty
SKIP | Element 14034287 | Size empty
SKIP | Element 14034298 | Size empty
SKIP | Element 14034301 | Size empty
SKIP | Element 14034304 | Size empty
SKIP | Element 14034307 | Size empty
SKIP | Element 14045077 | Size empty
SKIP | Element 14045084 | Size empty
SKIP | Element 14045087 | Size empty
SKIP | Element 14045090 | Size empty
SKIP | Element 14045124 | Size empty
SKIP | Element 14045153 | Size empty
SKIP | Element 14045156 | Size empty
SKIP | Element 14045157 | Size empty
SKIP | Element 14045161 | Size empty
SKIP | Element 14045164 | Size empty
INFO | Transaction Status = Committed
WARN | Regenerate after commit failed: Modification of the document is forbidden.  Typically, this is because there is no open transaction;  consult documentation for Document.IsModified for other possible causes.
CHUNK COMMIT | Status=Committed | Processed=960
INFO | VERIFY OK | Element 15558521 | Parameter=NWB_DimDiameter | Kind=Shared Parameter | Scope=instance | Id=7626172 | Actual='25'
INFO | VERIFY OK | Element 15558533 | Parameter=NWB_DimDiameter | Kind=Shared Parameter | Scope=instance | Id=7626172 | Actual='25'
INFO | VERIFY OK | Element 15558557 | Parameter=NWB_DimDiameter | Kind=Shared Parameter | Scope=instance | Id=7626172 | Actual='25'
INFO | VERIFY OK | Element 15558567 | Parameter=NWB_DimDiameter | Kind=Shared Parameter | Scope=instance | Id=7626172 | Actual='25'
INFO | VERIFY OK | Element 15558695 | Parameter=NWB_DimDiameter | Kind=Shared Parameter | Scope=instance | Id=7626172 | Actual='450'
INFO | VERIFY OK | Element 15558705 | Parameter=NWB_DimDiameter | Kind=Shared Parameter | Scope=instance | Id=7626172 | Actual='50'
INFO | VERIFY OK | Element 15558743 | Parameter=NWB_DimDiameter | Kind=Shared Parameter | Scope=instance | Id=7626172 | Actual='50'
INFO | VERIFY OK | Element 15558746 | Parameter=NWB_DimDiameter | Kind=Shared Parameter | Scope=instance | Id=7626172 | Actual='50'
INFO | VERIFY OK | Element 15558993 | Parameter=NWB_DimDiameter | Kind=Shared Parameter | Scope=instance | Id=7626172 | Actual='50'
INFO | VERIFY OK | Element 15558993 | Parameter=NWB_DimDiameter | Kind=Shared Parameter | Scope=instance | Id=3045162 | Actual='50'
INFO | VERIFY OK | Element 15559007 | Parameter=NWB_DimDiameter | Kind=Shared Parameter | Scope=instance | Id=7626172 | Actual='25'
INFO | VERIFY OK | Element 15559031 | Parameter=NWB_DimDiameter | Kind=Shared Parameter | Scope=instance | Id=7626172 | Actual='50'
INFO | VERIFY OK | Element 15559031 | Parameter=NWB_DimDiameter | Kind=Shared Parameter | Scope=instance | Id=3045162 | Actual='50'
INFO | VERIFY OK | Element 15559045 | Parameter=NWB_DimDiameter | Kind=Shared Parameter | Scope=instance | Id=7626172 | Actual='50'
INFO | VERIFY OK | Element 15559065 | Parameter=NWB_DimDiameter | Kind=Shared Parameter | Scope=instance | Id=7626172 | Actual='50'
INFO | VERIFY OK | Element 15559065 | Parameter=NWB_DimDiameter | Kind=Shared Parameter | Scope=instance | Id=3045162 | Actual='50'
INFO | VERIFY OK | Element 15559451 | Parameter=NWB_DimDiameter | Kind=Shared Parameter | Scope=instance | Id=7626172 | Actual='32'
INFO | VERIFY OK | Element 15559451 | Parameter=NWB_DimDiameter | Kind=Shared Parameter | Scope=instance | Id=3045162 | Actual='32'
INFO | VERIFY OK | Element 15559454 | Parameter=NWB_DimDiameter | Kind=Shared Parameter | Scope=instance | Id=7626172 | Actual='32'
INFO | VERIFY OK | Element 15559454 | Parameter=NWB_DimDiameter | Kind=Shared Parameter | Scope=instance | Id=3045162 | Actual='32'
INFO | VERIFY OK | Element 15559458 | Parameter=NWB_DimDiameter | Kind=Shared Parameter | Scope=instance | Id=7626172 | Actual='32'
INFO | VERIFY OK | Element 15559458 | Parameter=NWB_DimDiameter | Kind=Shared Parameter | Scope=instance | Id=3045162 | Actual='32'
INFO | VERIFY OK | Element 15559461 | Parameter=NWB_DimDiameter | Kind=Shared Parameter | Scope=instance | Id=7626172 | Actual='32'
INFO | VERIFY OK | Element 15559461 | Parameter=NWB_DimDiameter | Kind=Shared Parameter | Scope=instance | Id=3045162 | Actual='32'
INFO | VERIFY OK | Element 15559467 | Parameter=NWB_DimDiameter | Kind=Shared Parameter | Scope=instance | Id=7626172 | Actual='32'
INFO | VERIFY OK | Element 15559467 | Parameter=NWB_DimDiameter | Kind=Shared Parameter | Scope=instance | Id=3045162 | Actual='32'
INFO | VERIFY OK | Element 15559473 | Parameter=NWB_DimDiameter | Kind=Shared Parameter | Scope=instance | Id=7626172 | Actual='25'
INFO | VERIFY OK | Element 15559477 | Parameter=NWB_DimDiameter | Kind=Shared Parameter | Scope=instance | Id=7626172 | Actual='25'
INFO | VERIFY OK | Element 15559709 | Parameter=NWB_DimDiameter | Kind=Shared Parameter | Scope=instance | Id=7626172 | Actual='32'
INFO | VERIFY OK | Element 15559709 | Parameter=NWB_DimDiameter | Kind=Shared Parameter | Scope=instance | Id=3045162 | Actual='32'
INFO | VERIFY OK | Element 15559798 | Parameter=NWB_DimDiameter | Kind=Shared Parameter | Scope=instance | Id=7626172 | Actual='32'
INFO | VERIFY OK | Element 15559798 | Parameter=NWB_DimDiameter | Kind=Shared Parameter | Scope=instance | Id=3045162 | Actual='32'
INFO | VERIFY OK | Element 15559808 | Parameter=NWB_DimDiameter | Kind=Shared Parameter | Scope=instance | Id=7626172 | Actual='32'
INFO | VERIFY OK | Element 15559808 | Parameter=NWB_DimDiameter | Kind=Shared Parameter | Scope=instance | Id=3045162 | Actual='32'
INFO | VERIFY OK | Element 15559810 | Parameter=NWB_DimDiameter | Kind=Shared Parameter | Scope=instance | Id=7626172 | Actual='25'
INFO | VERIFY OK | Element 15563475 | Parameter=NWB_DimDiameter | Kind=Shared Parameter | Scope=instance | Id=7626172 | Actual='32'
INFO | VERIFY OK | Element 15563475 | Parameter=NWB_DimDiameter | Kind=Shared Parameter | Scope=instance | Id=3045162 | Actual='32'
INFO | VERIFY OK | Element 15563485 | Parameter=NWB_DimDiameter | Kind=Shared Parameter | Scope=instance | Id=7626172 | Actual='32'
INFO | VERIFY OK | Element 15563485 | Parameter=NWB_DimDiameter | Kind=Shared Parameter | Scope=instance | Id=3045162 | Actual='32'
INFO | VERIFY OK | Element 15563488 | Parameter=NWB_DimDiameter | Kind=Shared Parameter | Scope=instance | Id=7626172 | Actual='25'
INFO | VERIFY OK | Element 15563521 | Parameter=NWB_DimDiameter | Kind=Shared Parameter | Scope=instance | Id=7626172 | Actual='32'
INFO | VERIFY OK | Element 15563521 | Parameter=NWB_DimDiameter | Kind=Shared Parameter | Scope=instance | Id=3045162 | Actual='32'
INFO | VERIFY OK | Element 15563532 | Parameter=NWB_DimDiameter | Kind=Shared Parameter | Scope=instance | Id=7626172 | Actual='32'
INFO | VERIFY OK | Element 15563532 | Parameter=NWB_DimDiameter | Kind=Shared Parameter | Scope=instance | Id=3045162 | Actual='32'
INFO | VERIFY OK | Element 15563534 | Parameter=NWB_DimDiameter | Kind=Shared Parameter | Scope=instance | Id=7626172 | Actual='25'
INFO | VERIFY OK | Element 15563821 | Parameter=NWB_DimDiameter | Kind=Shared Parameter | Scope=instance | Id=7626172 | Actual='25'
INFO | VERIFY OK | Element 15563827 | Parameter=NWB_DimDiameter | Kind=Shared Parameter | Scope=instance | Id=7626172 | Actual='25'
INFO | VERIFY OK | Element 15563853 | Parameter=NWB_DimDiameter | Kind=Shared Parameter | Scope=instance | Id=7626172 | Actual='25'
INFO | VERIFY OK | Element 15563859 | Parameter=NWB_DimDiameter | Kind=Shared Parameter | Scope=instance | Id=7626172 | Actual='25'
INFO | VERIFY OK | Element 15612666 | Parameter=NWB_DimDiameter | Kind=Shared Parameter | Scope=instance | Id=7626172 | Actual='20'
INFO | VERIFY OK | Element 15612669 | Parameter=NWB_DimDiameter | Kind=Shared Parameter | Scope=instance | Id=7626172 | Actual='20'
INFO | VERIFY OK | Element 15612689 | Parameter=NWB_DimDiameter | Kind=Shared Parameter | Scope=instance | Id=7626172 | Actual='40'
INFO | VERIFY OK | Element 15612698 | Parameter=NWB_DimDiameter | Kind=Shared Parameter | Scope=instance | Id=7626172 | Actual='40'
INFO | VERIFY OK | Element 15612698 | Parameter=NWB_DimDiameter | Kind=Shared Parameter | Scope=instance | Id=3045162 | Actual='40'
INFO | VERIFY OK | Element 15612704 | Parameter=NWB_DimDiameter | Kind=Shared Parameter | Scope=instance | Id=7626172 | Actual='40'
INFO | VERIFY OK | Element 15612704 | Parameter=NWB_DimDiameter | Kind=Shared Parameter | Scope=instance | Id=3045162 | Actual='40'
INFO | VERIFY OK | Element 15612710 | Parameter=NWB_DimDiameter | Kind=Shared Parameter | Scope=instance | Id=7626172 | Actual='25'
INFO | VERIFY OK | Element 15612801 | Parameter=NWB_DimDiameter | Kind=Shared Parameter | Scope=instance | Id=7626172 | Actual='50'
INFO | VERIFY OK | Element 15612812 | Parameter=NWB_DimDiameter | Kind=Shared Parameter | Scope=instance | Id=7626172 | Actual='50'
INFO | VERIFY OK | Element 15612888 | Parameter=NWB_DimDiameter | Kind=Shared Parameter | Scope=instance | Id=7626172 | Actual='50'
INFO | VERIFY OK | Element 15612892 | Parameter=NWB_DimDiameter | Kind=Shared Parameter | Scope=instance | Id=7626172 | Actual='50'
INFO | VERIFY OK | Element 15612980 | Parameter=NWB_DimDiameter | Kind=Shared Parameter | Scope=instance | Id=7626172 | Actual='32'
INFO | VERIFY OK | Element 15612984 | Parameter=NWB_DimDiameter | Kind=Shared Parameter | Scope=instance | Id=7626172 | Actual='32'
INFO | VERIFY OK | Element 15613034 | Parameter=NWB_DimDiameter | Kind=Shared Parameter | Scope=instance | Id=7626172 | Actual='32'
INFO | VERIFY OK | Element 15613038 | Parameter=NWB_DimDiameter | Kind=Shared Parameter | Scope=instance | Id=7626172 | Actual='32'
INFO | VERIFY OK | Element 15615750 | Parameter=NWB_DimDiameter | Kind=Shared Parameter | Scope=instance | Id=7626172 | Actual='25'
INFO | VERIFY OK | Element 15615770 | Parameter=NWB_DimDiameter | Kind=Shared Parameter | Scope=instance | Id=7626172 | Actual='25'
INFO | VERIFY OK | Element 15639426 | Parameter=NWB_DimDiameter | Kind=Shared Parameter | Scope=instance | Id=7626172 | Actual='25'
INFO | VERIFY OK | Element 15639478 | Parameter=NWB_DimDiameter | Kind=Shared Parameter | Scope=instance | Id=7626172 | Actual='25'
INFO | VERIFY OK | Element 15639830 | Parameter=NWB_DimDiameter | Kind=Shared Parameter | Scope=instance | Id=7626172 | Actual='25'
INFO | VERIFY OK | Element 15639965 | Parameter=NWB_DimDiameter | Kind=Shared Parameter | Scope=instance | Id=7626172 | Actual='32'
INFO | VERIFY OK | Element 15639965 | Parameter=NWB_DimDiameter | Kind=Shared Parameter | Scope=instance | Id=3045162 | Actual='32'
INFO | VERIFY OK | Element 15640006 | Parameter=NWB_DimDiameter | Kind=Shared Parameter | Scope=instance | Id=7626172 | Actual='25'
INFO | VERIFY OK | Element 15640013 | Parameter=NWB_DimDiameter | Kind=Shared Parameter | Scope=instance | Id=7626172 | Actual='25'
INFO | VERIFY OK | Element 15640019 | Parameter=NWB_DimDiameter | Kind=Shared Parameter | Scope=instance | Id=7626172 | Actual='25'
INFO | VERIFY OK | Element 15664451 | Parameter=NWB_DimDiameter | Kind=Shared Parameter | Scope=instance | Id=7626172 | Actual='15'
INFO | VERIFY OK | Element 15664453 | Parameter=NWB_DimDiameter | Kind=Shared Parameter | Scope=instance | Id=7626172 | Actual='25'
INFO | VERIFY OK | Element 15664453 | Parameter=NWB_DimDiameter | Kind=Shared Parameter | Scope=instance | Id=3045162 | Actual='25'
INFO | VERIFY OK | Element 15664458 | Parameter=NWB_DimDiameter | Kind=Shared Parameter | Scope=instance | Id=7626172 | Actual='15'
INFO | VERIFY OK | Element 15664460 | Parameter=NWB_DimDiameter | Kind=Shared Parameter | Scope=instance | Id=7626172 | Actual='25'
INFO | VERIFY OK | Element 15664462 | Parameter=NWB_DimDiameter | Kind=Shared Parameter | Scope=instance | Id=7626172 | Actual='32'
INFO | VERIFY OK | Element 15664462 | Parameter=NWB_DimDiameter | Kind=Shared Parameter | Scope=instance | Id=3045162 | Actual='32'
INFO | VERIFY OK | Element 15664468 | Parameter=NWB_DimDiameter | Kind=Shared Parameter | Scope=instance | Id=7626172 | Actual='25'
INFO | VERIFY OK | Element 15664481 | Parameter=NWB_DimDiameter | Kind=Shared Parameter | Scope=instance | Id=7626172 | Actual='25'
INFO | VERIFY OK | Element 15664485 | Parameter=NWB_DimDiameter | Kind=Shared Parameter | Scope=instance | Id=7626172 | Actual='25'
INFO | VERIFY OK | Element 15664488 | Parameter=NWB_DimDiameter | Kind=Shared Parameter | Scope=instance | Id=7626172 | Actual='25'
INFO | VERIFY OK | Element 15664493 | Parameter=NWB_DimDiameter | Kind=Shared Parameter | Scope=instance | Id=7626172 | Actual='15'
INFO | VERIFY OK | Element 15664497 | Parameter=NWB_DimDiameter | Kind=Shared Parameter | Scope=instance | Id=7626172 | Actual='15'
INFO | VERIFY OK | Element 15664500 | Parameter=NWB_DimDiameter | Kind=Shared Parameter | Scope=instance | Id=7626172 | Actual='15'
INFO | VERIFY OK | Element 15664776 | Parameter=NWB_DimDiameter | Kind=Shared Parameter | Scope=instance | Id=7626172 | Actual='25'
INFO | VERIFY OK | Element 15664782 | Parameter=NWB_DimDiameter | Kind=Shared Parameter | Scope=instance | Id=7626172 | Actual='25'
INFO | VERIFY OK | Element 15664792 | Parameter=NWB_DimDiameter | Kind=Shared Parameter | Scope=instance | Id=7626172 | Actual='25'
INFO | VERIFY OK | Element 15664795 | Parameter=NWB_DimDiameter | Kind=Shared Parameter | Scope=instance | Id=7626172 | Actual='25'
INFO | VERIFY OK | Element 15664800 | Parameter=NWB_DimDiameter | Kind=Shared Parameter | Scope=instance | Id=7626172 | Actual='25'
INFO | VERIFY OK | Element 15664804 | Parameter=NWB_DimDiameter | Kind=Shared Parameter | Scope=instance | Id=7626172 | Actual='25'
INFO | VERIFY OK | Element 15664810 | Parameter=NWB_DimDiameter | Kind=Shared Parameter | Scope=instance | Id=7626172 | Actual='25'
INFO | VERIFY OK | Element 15664813 | Parameter=NWB_DimDiameter | Kind=Shared Parameter | Scope=instance | Id=7626172 | Actual='25'
INFO | VERIFY OK | Element 15664817 | Parameter=NWB_DimDiameter | Kind=Shared Parameter | Scope=instance | Id=7626172 | Actual='25'
INFO | VERIFY OK | Element 15664820 | Parameter=NWB_DimDiameter | Kind=Shared Parameter | Scope=instance | Id=7626172 | Actual='25'
INFO | VERIFY OK | Element 15664826 | Parameter=NWB_DimDiameter | Kind=Shared Parameter | Scope=instance | Id=7626172 | Actual='32'
INFO | VERIFY OK | Element 15664826 | Parameter=NWB_DimDiameter | Kind=Shared Parameter | Scope=instance | Id=3045162 | Actual='32'
INFO | VERIFY OK | Element 15664832 | Parameter=NWB_DimDiameter | Kind=Shared Parameter | Scope=instance | Id=7626172 | Actual='32'
INFO | VERIFY OK | Element 15664832 | Parameter=NWB_DimDiameter | Kind=Shared Parameter | Scope=instance | Id=3045162 | Actual='32'
INFO | VERIFY OK | Element 15664835 | Parameter=NWB_DimDiameter | Kind=Shared Parameter | Scope=instance | Id=7626172 | Actual='25'
INFO | VERIFY OK | Element 15664838 | Parameter=NWB_DimDiameter | Kind=Shared Parameter | Scope=instance | Id=7626172 | Actual='25'
INFO | VERIFY OK | Element 15664843 | Parameter=NWB_DimDiameter | Kind=Shared Parameter | Scope=instance | Id=7626172 | Actual='32'
INFO | VERIFY OK | Element 15664843 | Parameter=NWB_DimDiameter | Kind=Shared Parameter | Scope=instance | Id=3045162 | Actual='32'
INFO | VERIFY OK | Element 15664849 | Parameter=NWB_DimDiameter | Kind=Shared Parameter | Scope=instance | Id=7626172 | Actual='32'
INFO | VERIFY OK | Element 15664849 | Parameter=NWB_DimDiameter | Kind=Shared Parameter | Scope=instance | Id=3045162 | Actual='32'
INFO | VERIFY OK | Element 15664853 | Parameter=NWB_DimDiameter | Kind=Shared Parameter | Scope=instance | Id=7626172 | Actual='25'
INFO | VERIFY OK | Element 15664856 | Parameter=NWB_DimDiameter | Kind=Shared Parameter | Scope=instance | Id=7626172 | Actual='25'
INFO | VERIFY OK | Element 15664867 | Parameter=NWB_DimDiameter | Kind=Shared Parameter | Scope=instance | Id=7626172 | Actual='32'
INFO | VERIFY OK | Element 15664867 | Parameter=NWB_DimDiameter | Kind=Shared Parameter | Scope=instance | Id=3045162 | Actual='32'
INFO | VERIFY OK | Element 15664873 | Parameter=NWB_DimDiameter | Kind=Shared Parameter | Scope=instance | Id=7626172 | Actual='32'
INFO | VERIFY OK | Element 15664873 | Parameter=NWB_DimDiameter | Kind=Shared Parameter | Scope=instance | Id=3045162 | Actual='32'
INFO | VERIFY OK | Element 15664875 | Parameter=NWB_DimDiameter | Kind=Shared Parameter | Scope=instance | Id=7626172 | Actual='25'
INFO | VERIFY OK | Element 15664881 | Parameter=NWB_DimDiameter | Kind=Shared Parameter | Scope=instance | Id=7626172 | Actual='32'
INFO | VERIFY OK | Element 15664881 | Parameter=NWB_DimDiameter | Kind=Shared Parameter | Scope=instance | Id=3045162 | Actual='32'
INFO | VERIFY OK | Element 15664887 | Parameter=NWB_DimDiameter | Kind=Shared Parameter | Scope=instance | Id=7626172 | Actual='32'
INFO | VERIFY OK | Element 15664887 | Parameter=NWB_DimDiameter | Kind=Shared Parameter | Scope=instance | Id=3045162 | Actual='32'
INFO | VERIFY OK | Element 15664890 | Parameter=NWB_DimDiameter | Kind=Shared Parameter | Scope=instance | Id=7626172 | Actual='25'
INFO | VERIFY OK | Element 15664896 | Parameter=NWB_DimDiameter | Kind=Shared Parameter | Scope=instance | Id=7626172 | Actual='25'
INFO | VERIFY OK | Element 15664900 | Parameter=NWB_DimDiameter | Kind=Shared Parameter | Scope=instance | Id=7626172 | Actual='25'
INFO | VERIFY OK | Element 15664915 | Parameter=NWB_DimDiameter | Kind=Shared Parameter | Scope=instance | Id=7626172 | Actual='32'
INFO | VERIFY OK | Element 15664915 | Parameter=NWB_DimDiameter | Kind=Shared Parameter | Scope=instance | Id=3045162 | Actual='32'
INFO | VERIFY OK | Element 15664921 | Parameter=NWB_DimDiameter | Kind=Shared Parameter | Scope=instance | Id=7626172 | Actual='32'
INFO | VERIFY OK | Element 15664927 | Parameter=NWB_DimDiameter | Kind=Shared Parameter | Scope=instance | Id=7626172 | Actual='32'
INFO | VERIFY OK | Element 15664927 | Parameter=NWB_DimDiameter | Kind=Shared Parameter | Scope=instance | Id=3045162 | Actual='32'
INFO | VERIFY OK | Element 15664933 | Parameter=NWB_DimDiameter | Kind=Shared Parameter | Scope=instance | Id=7626172 | Actual='32'
INFO | VERIFY OK | Element 15664953 | Parameter=NWB_DimDiameter | Kind=Shared Parameter | Scope=instance | Id=7626172 | Actual='32'
INFO | VERIFY OK | Element 15664957 | Parameter=NWB_DimDiameter | Kind=Shared Parameter | Scope=instance | Id=7626172 | Actual='32'
INFO | VERIFY OK | Element 15664963 | Parameter=NWB_DimDiameter | Kind=Shared Parameter | Scope=instance | Id=7626172 | Actual='32'
INFO | VERIFY OK | Element 15664966 | Parameter=NWB_DimDiameter | Kind=Shared Parameter | Scope=instance | Id=7626172 | Actual='32'
INFO | VERIFY OK | Element 15664972 | Parameter=NWB_DimDiameter | Kind=Shared Parameter | Scope=instance | Id=7626172 | Actual='32'
INFO | VERIFY OK | Element 15664975 | Parameter=NWB_DimDiameter | Kind=Shared Parameter | Scope=instance | Id=7626172 | Actual='32'
INFO | VERIFY OK | Element 15664981 | Parameter=NWB_DimDiameter | Kind=Shared Parameter | Scope=instance | Id=7626172 | Actual='32'
INFO | VERIFY OK | Element 15664984 | Parameter=NWB_DimDiameter | Kind=Shared Parameter | Scope=instance | Id=7626172 | Actual='32'
INFO | VERIFY OK | Element 15664987 | Parameter=NWB_DimDiameter | Kind=Shared Parameter | Scope=instance | Id=7626172 | Actual='32'
INFO | VERIFY OK | Element 15664990 | Parameter=NWB_DimDiameter | Kind=Shared Parameter | Scope=instance | Id=7626172 | Actual='32'
INFO | VERIFY OK | Element 15747689 | Parameter=NWB_DimDiameter | Kind=Shared Parameter | Scope=instance | Id=7626172 | Actual='50'
INFO | VERIFY OK | Element 15747689 | Parameter=NWB_DimDiameter | Kind=Shared Parameter | Scope=instance | Id=3045162 | Actual='50'
INFO | VERIFY OK | Element 15747692 | Parameter=NWB_DimDiameter | Kind=Shared Parameter | Scope=instance | Id=7626172 | Actual='50'
INFO | VERIFY OK | Element 15747692 | Parameter=NWB_DimDiameter | Kind=Shared Parameter | Scope=instance | Id=3045162 | Actual='50'
INFO | VERIFY OK | Element 15747700 | Parameter=NWB_DimDiameter | Kind=Shared Parameter | Scope=instance | Id=7626172 | Actual='50'
INFO | VERIFY OK | Element 15760467 | Parameter=NWB_DimDiameter | Kind=Shared Parameter | Scope=instance | Id=7626172 | Actual='25'
INFO | VERIFY OK | Element 15760470 | Parameter=NWB_DimDiameter | Kind=Shared Parameter | Scope=instance | Id=7626172 | Actual='25'
INFO | VERIFY OK | Element 15760503 | Parameter=NWB_DimDiameter | Kind=Shared Parameter | Scope=instance | Id=7626172 | Actual='32'
INFO | VERIFY OK | Element 15760507 | Parameter=NWB_DimDiameter | Kind=Shared Parameter | Scope=instance | Id=7626172 | Actual='32'
INFO | VERIFY OK | Element 15760512 | Parameter=NWB_DimDiameter | Kind=Shared Parameter | Scope=instance | Id=7626172 | Actual='32'
INFO | VERIFY OK | Element 15760523 | Parameter=NWB_DimDiameter | Kind=Shared Parameter | Scope=instance | Id=7626172 | Actual='32'
INFO | VERIFY OK | Element 15760527 | Parameter=NWB_DimDiameter | Kind=Shared Parameter | Scope=instance | Id=7626172 | Actual='32'
INFO | VERIFY OK | Element 15760533 | Parameter=NWB_DimDiameter | Kind=Shared Parameter | Scope=instance | Id=7626172 | Actual='32'
INFO | VERIFY OK | Element 15760569 | Parameter=NWB_DimDiameter | Kind=Shared Parameter | Scope=instance | Id=7626172 | Actual='32'
INFO | VERIFY OK | Element 15760574 | Parameter=NWB_DimDiameter | Kind=Shared Parameter | Scope=instance | Id=7626172 | Actual='32'
INFO | VERIFY OK | Element 15760577 | Parameter=NWB_DimDiameter | Kind=Shared Parameter | Scope=instance | Id=7626172 | Actual='32'
INFO | VERIFY OK | Element 15760577 | Parameter=NWB_DimDiameter | Kind=Shared Parameter | Scope=instance | Id=3045162 | Actual='32'
INFO | VERIFY OK | Element 15760580 | Parameter=NWB_DimDiameter | Kind=Shared Parameter | Scope=instance | Id=7626172 | Actual='32'
INFO | VERIFY OK | Element 15760580 | Parameter=NWB_DimDiameter | Kind=Shared Parameter | Scope=instance | Id=3045162 | Actual='32'
INFO | VERIFY OK | Element 15760583 | Parameter=NWB_DimDiameter | Kind=Shared Parameter | Scope=instance | Id=7626172 | Actual='32'
INFO | VERIFY OK | Element 15760583 | Parameter=NWB_DimDiameter | Kind=Shared Parameter | Scope=instance | Id=3045162 | Actual='32'
INFO | VERIFY OK | Element 15760586 | Parameter=NWB_DimDiameter | Kind=Shared Parameter | Scope=instance | Id=7626172 | Actual='32'
INFO | VERIFY OK | Element 15760586 | Parameter=NWB_DimDiameter | Kind=Shared Parameter | Scope=instance | Id=3045162 | Actual='32'
INFO | VERIFY OK | Element 15760589 | Parameter=NWB_DimDiameter | Kind=Shared Parameter | Scope=instance | Id=7626172 | Actual='25'
INFO | VERIFY OK | Element 15760589 | Parameter=NWB_DimDiameter | Kind=Shared Parameter | Scope=instance | Id=3045162 | Actual='25'
INFO | VERIFY OK | Element 15760592 | Parameter=NWB_DimDiameter | Kind=Shared Parameter | Scope=instance | Id=7626172 | Actual='32'
INFO | VERIFY OK | Element 15760592 | Parameter=NWB_DimDiameter | Kind=Shared Parameter | Scope=instance | Id=3045162 | Actual='32'
INFO | VERIFY OK | Element 15760595 | Parameter=NWB_DimDiameter | Kind=Shared Parameter | Scope=instance | Id=7626172 | Actual='32'
INFO | VERIFY OK | Element 15760595 | Parameter=NWB_DimDiameter | Kind=Shared Parameter | Scope=instance | Id=3045162 | Actual='32'
INFO | VERIFY OK | Element 15760598 | Parameter=NWB_DimDiameter | Kind=Shared Parameter | Scope=instance | Id=7626172 | Actual='32'
INFO | VERIFY OK | Element 15760598 | Parameter=NWB_DimDiameter | Kind=Shared Parameter | Scope=instance | Id=3045162 | Actual='32'
INFO | VERIFY OK | Element 15760601 | Parameter=NWB_DimDiameter | Kind=Shared Parameter | Scope=instance | Id=7626172 | Actual='32'
INFO | VERIFY OK | Element 15760601 | Parameter=NWB_DimDiameter | Kind=Shared Parameter | Scope=instance | Id=3045162 | Actual='32'
SKIP | Element 14045195 | Size empty
SKIP | Element 14045220 | Size empty
SKIP | Element 14045223 | Size empty
SKIP | Element 14045226 | Size empty
SKIP | Element 14049645 | Size empty
SKIP | Element 14049683 | Size empty
SKIP | Element 14049687 | Size empty
SKIP | Element 14049727 | Size empty
SKIP | Element 14049750 | Size empty
SKIP | Element 14049751 | Size empty
SKIP | Element 14049753 | Size empty
SKIP | Element 14051080 | Size empty
SKIP | Element 14051082 | Size empty
SKIP | Element 14051084 | Size empty
SKIP | Element 14051085 | Size empty
SKIP | Element 14051086 | Size empty
SKIP | Element 14051087 | Size empty
SKIP | Element 14051088 | Size empty
SKIP | Element 14051089 | Size empty
SKIP | Element 14051100 | Size empty
SKIP | Element 14051101 | Size empty
SKIP | Element 14051102 | Size empty
SKIP | Element 14368929 | Size empty
SKIP | Element 14369317 | Size empty
SKIP | Element 14616339 | Size empty
SKIP | Element 14616340 | Size empty
SKIP | Element 14635645 | Size empty
SKIP | Element 14639240 | Size empty
SKIP | Element 14639351 | Size empty
SKIP | Element 14639390 | Size empty
SKIP | Element 14639391 | Size empty
SKIP | Element 14639392 | Size empty
SKIP | Element 14639393 | Size empty
SKIP | Element 14639394 | Size empty
SKIP | Element 14639396 | Size empty
SKIP | Element 14639397 | Size empty
SKIP | Element 14639398 | Size empty
SKIP | Element 14639400 | Size empty
SKIP | Element 14639401 | Size empty
SKIP | Element 14639402 | Size empty
SKIP | Element 14639403 | Size empty
SKIP | Element 14639404 | Size empty
SKIP | Element 14639406 | Size empty
SKIP | Element 14639407 | Size empty
SKIP | Element 14639408 | Size empty
SKIP | Element 14639409 | Size empty
SKIP | Element 14639411 | Size empty
SKIP | Element 14639417 | Size empty
SKIP | Element 14639429 | Size empty
SKIP | Element 14639447 | Size empty
SKIP | Element 14639453 | Size empty
SKIP | Element 14639454 | Size empty
SKIP | Element 14639455 | Size empty
SKIP | Element 14639456 | Size empty
SKIP | Element 14639457 | Size empty
SKIP | Element 14639458 | Size empty
SKIP | Element 14639459 | Size empty
SKIP | Element 14639460 | Size empty
SKIP | Element 14639461 | Size empty
SKIP | Element 14639469 | Size empty
SKIP | Element 14639470 | Size empty
SKIP | Element 14639471 | Size empty
SKIP | Element 14639472 | Size empty
SKIP | Element 14639473 | Size empty
SKIP | Element 14639474 | Size empty
SKIP | Element 14639476 | Size empty
SKIP | Element 14639477 | Size empty
SKIP | Element 14639478 | Size empty
SKIP | Element 14639479 | Size empty
SKIP | Element 14639480 | Size empty
SKIP | Element 14639487 | Size empty
SKIP | Element 14639490 | Size empty
SKIP | Element 14639491 | Size empty
SKIP | Element 14639493 | Size empty
SKIP | Element 14639494 | Size empty
SKIP | Element 14639495 | Size empty
SKIP | Element 14639496 | Size empty
SKIP | Element 14639501 | Size empty
SKIP | Element 14639502 | Size empty
SKIP | Element 14639503 | Size empty
SKIP | Element 14639504 | Size empty
SKIP | Element 14639508 | Size empty
SKIP | Element 14639509 | Size empty
SKIP | Element 14639514 | Size empty
SKIP | Element 14639517 | Size empty
SKIP | Element 14639524 | Size empty
SKIP | Element 14639529 | Size empty
SKIP | Element 14639530 | Size empty
SKIP | Element 14639532 | Size empty
SKIP | Element 14639533 | Size empty
SKIP | Element 14639534 | Size empty
SKIP | Element 14639545 | Size empty
SKIP | Element 14639552 | Size empty
SKIP | Element 14639554 | Size empty
SKIP | Element 14639555 | Size empty
SKIP | Element 14639556 | Size empty
SKIP | Element 14639558 | Size empty
SKIP | Element 14639559 | Size empty
SKIP | Element 14639562 | Size empty
SKIP | Element 14639563 | Size empty
SKIP | Element 14639564 | Size empty
SKIP | Element 14639565 | Size empty
SKIP | Element 14639566 | Size empty
SKIP | Element 14639567 | Size empty
SKIP | Element 14639568 | Size empty
SKIP | Element 14639569 | Size empty
SKIP | Element 14639570 | Size empty
SKIP | Element 14639571 | Size empty
SKIP | Element 14639572 | Size empty
SKIP | Element 14639573 | Size empty
SKIP | Element 14639575 | Size empty
SKIP | Element 14639576 | Size empty
SKIP | Element 14639577 | Size empty
SKIP | Element 14639578 | Size empty
SKIP | Element 14639584 | Size empty
SKIP | Element 14639594 | Size empty
SKIP | Element 14639595 | Size empty
SKIP | Element 14639596 | Size empty
SKIP | Element 14639597 | Size empty
SKIP | Element 14639598 | Size empty
SKIP | Element 14639599 | Size empty
SKIP | Element 14639601 | Size empty
SKIP | Element 14639602 | Size empty
SKIP | Element 14639603 | Size empty
SKIP | Element 14639605 | Size empty
SKIP | Element 14996893 | Size empty
SKIP | Element 14996894 | Size empty
SKIP | Element 14997083 | Size empty
SKIP | Element 15053659 | Size empty
SKIP | Element 15053703 | Size empty
SKIP | Element 15053724 | Size empty
SKIP | Element 15053725 | Size empty
SKIP | Element 15053727 | Size empty
SKIP | Element 15053728 | Size empty
SKIP | Element 15053730 | Size empty
SKIP | Element 15053731 | Size empty
SKIP | Element 15053732 | Size empty
SKIP | Element 15053733 | Size empty
SKIP | Element 15099047 | Size empty
SKIP | Element 15099048 | Size empty
SKIP | Element 15099049 | Size empty
SKIP | Element 15099050 | Size empty
SKIP | Element 15099059 | Size empty
SKIP | Element 15099061 | Size empty
SKIP | Element 15099063 | Size empty
SKIP | Element 15099098 | Size empty
SKIP | Element 15099101 | Size empty
SKIP | Element 15099118 | Size empty
SKIP | Element 15099119 | Size empty
SKIP | Element 15099122 | Size empty
SKIP | Element 15099125 | Size empty
SKIP | Element 15182522 | Size empty
SKIP | Element 15182523 | Size empty
SKIP | Element 15182524 | Size empty
SKIP | Element 15182525 | Size empty
SKIP | Element 15182527 | Size empty
SKIP | Element 15182528 | Size empty
SKIP | Element 15182529 | Size empty
SKIP | Element 15182530 | Size empty
SKIP | Element 15182532 | Size empty
SKIP | Element 15182615 | Size empty
SKIP | Element 15182682 | Size empty
SKIP | Element 15183702 | Size empty
SKIP | Element 15263744 | Size empty
SKIP | Element 15263745 | Size empty
SKIP | Element 15263751 | Size empty
SKIP | Element 15263753 | Size empty
SKIP | Element 15263756 | Size empty
SKIP | Element 15263757 | Size empty
SKIP | Element 15263763 | Size empty
SKIP | Element 15263765 | Size empty
SKIP | Element 15263768 | Size empty
SKIP | Element 15263769 | Size empty
SKIP | Element 15263789 | Size empty
SKIP | Element 15263790 | Size empty
SKIP | Element 15263791 | Size empty
SKIP | Element 15263792 | Size empty
SKIP | Element 15263793 | Size empty
SKIP | Element 15263794 | Size empty
SKIP | Element 15263795 | Size empty
SKIP | Element 15263796 | Size empty
SKIP | Element 15263801 | Size empty
SKIP | Element 15263802 | Size empty
SKIP | Element 15263817 | Size empty
SKIP | Element 15263825 | Size empty
SKIP | Element 15263836 | Size empty
SKIP | Element 15263837 | Size empty
SKIP | Element 15263846 | Size empty
SKIP | Element 15263847 | Size empty
SKIP | Element 15263855 | Size empty
SKIP | Element 15263856 | Size empty
SKIP | Element 15263859 | Size empty
SKIP | Element 15263862 | Size empty
SKIP | Element 15263867 | Size empty
SKIP | Element 15263868 | Size empty
SKIP | Element 15263876 | Size empty
SKIP | Element 15263877 | Size empty
SKIP | Element 15263880 | Size empty
SKIP | Element 15263883 | Size empty
SKIP | Element 15263889 | Size empty
SKIP | Element 15263891 | Size empty
SKIP | Element 15263892 | Size empty
SKIP | Element 15263897 | Size empty
SKIP | Element 15263903 | Size empty
SKIP | Element 15263905 | Size empty
SKIP | Element 15263906 | Size empty
SKIP | Element 15263911 | Size empty
SKIP | Element 15263912 | Size empty
SKIP | Element 15263913 | Size empty
SKIP | Element 15263914 | Size empty
SKIP | Element 15263915 | Size empty
SKIP | Element 15263918 | Size empty
SKIP | Element 15263972 | Size empty
SKIP | Element 15264015 | Size empty
SKIP | Element 15269161 | Size empty
SKIP | Element 15269163 | Size empty
SKIP | Element 15269164 | Size empty
SKIP | Element 15269165 | Size empty
SKIP | Element 15269166 | Size empty
SKIP | Element 15269186 | Size empty
SKIP | Element 15269190 | Size empty
SKIP | Element 15269193 | Size empty
SKIP | Element 15269195 | Size empty
SKIP | Element 15269273 | Size empty
SKIP | Element 15269275 | Size empty
SKIP | Element 15269869 | Size empty
SKIP | Element 15270276 | Size empty
SKIP | Element 15270277 | Size empty
SKIP | Element 15270285 | Size empty
SKIP | Element 15270348 | Size empty
SKIP | Element 15270349 | Size empty
SKIP | Element 15270352 | Size empty
SKIP | Element 15270355 | Size empty
SKIP | Element 15270477 | Size empty
SKIP | Element 15270573 | Size empty
SKIP | Element 15273447 | Size empty
SKIP | Element 15296046 | Size empty
SKIP | Element 15296047 | Size empty
SKIP | Element 15299383 | Size empty
SKIP | Element 15328272 | Size empty
INFO | Transaction Status = Committed
WARN | Regenerate after commit failed: Modification of the document is forbidden.  Typically, this is because there is no open transaction;  consult documentation for Document.IsModified for other possible causes.
CHUNK COMMIT | Status=Committed | Processed=1200
SKIP | Element 15328275 | Size empty
SKIP | Element 15328320 | Size empty
SKIP | Element 15328341 | Size empty
SKIP | Element 15328344 | Size empty
SKIP | Element 15328411 | Size empty
SKIP | Element 15328413 | Size empty
SKIP | Element 15328418 | Size empty
SKIP | Element 15328419 | Size empty
SKIP | Element 15328452 | Size empty
SKIP | Element 15465468 | Size empty
SKIP | Element 15465471 | Size empty
SKIP | Element 15465477 | Size empty
SKIP | Element 15465479 | Size empty
SKIP | Element 15465484 | Size empty
SKIP | Element 15465485 | Size empty
SKIP | Element 15465488 | Size empty
SKIP | Element 15465497 | Size empty
SKIP | Element 15465499 | Size empty
SKIP | Element 15465502 | Size empty
SKIP | Element 15465503 | Size empty
SKIP | Element 15465519 | Size empty
SKIP | Element 15465531 | Size empty
SKIP | Element 15465534 | Size empty
SKIP | Element 15465537 | Size empty
SKIP | Element 15465543 | Size empty
SKIP | Element 15465545 | Size empty
SKIP | Element 15465546 | Size empty
SKIP | Element 15465552 | Size empty
SKIP | Element 15465559 | Size empty
SKIP | Element 15465561 | Size empty
SKIP | Element 15465564 | Size empty
SKIP | Element 15465570 | Size empty
SKIP | Element 15465572 | Size empty
SKIP | Element 15465582 | Size empty
SKIP | Element 15466423 | Size empty
SKIP | Element 15466441 | Size empty
SKIP | Element 15466478 | Size empty
SKIP | Element 15467014 | Size empty
SKIP | Element 15467022 | Size empty
SKIP | Element 15467023 | Size empty
SKIP | Element 15467029 | Size empty
SKIP | Element 15467032 | Size empty
SKIP | Element 15467047 | Size empty
SKIP | Element 15467055 | Size empty
SKIP | Element 15467056 | Size empty
SKIP | Element 15467062 | Size empty
SKIP | Element 15467065 | Size empty
SKIP | Element 15467156 | Size empty
SKIP | Element 15467159 | Size empty
SKIP | Element 15468300 | Size empty
SKIP | Element 15468314 | Size empty
SKIP | Element 15468393 | Size empty
SKIP | Element 15468394 | Size empty
SKIP | Element 15468399 | Size empty
SKIP | Element 15468425 | Size empty
SKIP | Element 15468426 | Size empty
SKIP | Element 15468431 | Size empty
SKIP | Element 15468462 | Size empty
SKIP | Element 15468491 | Size empty
SKIP | Element 15468496 | Size empty
SKIP | Element 15468497 | Size empty
SKIP | Element 15468972 | Size empty
SKIP | Element 15469063 | Size empty
SKIP | Element 15469136 | Size empty
SKIP | Element 15469137 | Size empty
SKIP | Element 15469149 | Size empty
SKIP | Element 15469173 | Size empty
SKIP | Element 15469174 | Size empty
SKIP | Element 15469186 | Size empty
SKIP | Element 15549106 | Size empty
SKIP | Element 15549107 | Size empty
SKIP | Element 15549108 | Size empty
SKIP | Element 15549109 | Size empty
SKIP | Element 15549110 | Size empty
SKIP | Element 15549111 | Size empty
SKIP | Element 15549112 | Size empty
SKIP | Element 15549113 | Size empty
SKIP | Element 15549114 | Size empty
SKIP | Element 15549115 | Size empty
SKIP | Element 15555600 | Size empty
SKIP | Element 15555610 | Size empty
SKIP | Element 15555612 | Size empty
SKIP | Element 15555618 | Size empty
SKIP | Element 15555624 | Size empty
SKIP | Element 15555626 | Size empty
SKIP | Element 15555633 | Size empty
SKIP | Element 15555657 | Size empty
SKIP | Element 15555678 | Size empty
SKIP | Element 15555679 | Size empty
SKIP | Element 15555680 | Size empty
SKIP | Element 15555683 | Size empty
SKIP | Element 15555684 | Size empty
SKIP | Element 15555685 | Size empty
SKIP | Element 15555686 | Size empty
SKIP | Element 15555689 | Size empty
SKIP | Element 15556606 | Size empty
SKIP | Element 15556640 | Size empty
SKIP | Element 15556644 | Size empty
SKIP | Element 15556653 | Size empty
SKIP | Element 15556654 | Size empty
SKIP | Element 15556752 | Size empty
SKIP | Element 15556756 | Size empty
SKIP | Element 15556765 | Size empty
SKIP | Element 15556766 | Size empty
SKIP | Element 15556834 | Size empty
SKIP | Element 15556877 | Size empty
SKIP | Element 15556878 | Size empty
SKIP | Element 15556879 | Size empty
SKIP | Element 15556880 | Size empty
SKIP | Element 15556929 | Size empty
SKIP | Element 15557010 | Size empty
SKIP | Element 15557046 | Size empty
SKIP | Element 15557067 | Size empty
SKIP | Element 15557070 | Size empty
SKIP | Element 15557071 | Size empty
SKIP | Element 15557072 | Size empty
SKIP | Element 15557073 | Size empty
SKIP | Element 15557074 | Size empty
SKIP | Element 15557075 | Size empty
SKIP | Element 15557200 | Size empty
SKIP | Element 15557208 | Size empty
SKIP | Element 15557236 | Size empty
SKIP | Element 15557238 | Size empty
SKIP | Element 15557328 | Size empty
SKIP | Element 15557329 | Size empty
SKIP | Element 15557330 | Size empty
SKIP | Element 15557331 | Size empty
SKIP | Element 15557332 | Size empty
SKIP | Element 15557333 | Size empty
SKIP | Element 15557334 | Size empty
SKIP | Element 15557335 | Size empty
SKIP | Element 15557336 | Size empty
SKIP | Element 15557337 | Size empty
SKIP | Element 15557338 | Size empty
SKIP | Element 15557521 | Size empty
SKIP | Element 15557556 | Size empty
SKIP | Element 15558702 | Size empty
SKIP | Element 15558707 | Size empty
SKIP | Element 15558745 | Size empty
SKIP | Element 15558748 | Size empty
SKIP | Element 15558996 | Size empty
SKIP | Element 15558998 | Size empty
SKIP | Element 15559034 | Size empty
SKIP | Element 15559036 | Size empty
SKIP | Element 15559067 | Size empty
SKIP | Element 15559069 | Size empty
SKIP | Element 15559071 | Size empty
SKIP | Element 15559072 | Size empty
SKIP | Element 15559073 | Size empty
SKIP | Element 15559074 | Size empty
SKIP | Element 15559075 | Size empty
SKIP | Element 15559076 | Size empty
SKIP | Element 15559077 | Size empty
SKIP | Element 15559078 | Size empty
SKIP | Element 15559079 | Size empty
SKIP | Element 15559088 | Size empty
SKIP | Element 15559090 | Size empty
SKIP | Element 15559091 | Size empty
SKIP | Element 15559093 | Size empty
SKIP | Element 15559456 | Size empty
SKIP | Element 15559457 | Size empty
SKIP | Element 15559463 | Size empty
SKIP | Element 15559464 | Size empty
SKIP | Element 15559512 | Size empty
SKIP | Element 15559513 | Size empty
SKIP | Element 15559514 | Size empty
SKIP | Element 15559515 | Size empty
SKIP | Element 15559516 | Size empty
SKIP | Element 15559517 | Size empty
SKIP | Element 15559518 | Size empty
SKIP | Element 15559519 | Size empty
SKIP | Element 15559521 | Size empty
SKIP | Element 15559711 | Size empty
SKIP | Element 15559727 | Size empty
SKIP | Element 15559801 | Size empty
SKIP | Element 15559805 | Size empty
SKIP | Element 15559814 | Size empty
SKIP | Element 15559815 | Size empty
SKIP | Element 15563441 | Size empty
SKIP | Element 15563444 | Size empty
SKIP | Element 15563478 | Size empty
SKIP | Element 15563482 | Size empty
SKIP | Element 15563492 | Size empty
SKIP | Element 15563493 | Size empty
SKIP | Element 15563524 | Size empty
SKIP | Element 15563529 | Size empty
SKIP | Element 15563538 | Size empty
SKIP | Element 15563539 | Size empty
SKIP | Element 15563706 | Size empty
SKIP | Element 15563725 | Size empty
SKIP | Element 15563825 | Size empty
SKIP | Element 15563826 | Size empty
SKIP | Element 15563831 | Size empty
SKIP | Element 15563857 | Size empty
SKIP | Element 15563858 | Size empty
SKIP | Element 15563863 | Size empty
SKIP | Element 15563999 | Size empty
SKIP | Element 15564000 | Size empty
SKIP | Element 15612668 | Size empty
SKIP | Element 15612671 | Size empty
SKIP | Element 15612678 | Size empty
SKIP | Element 15612691 | Size empty
SKIP | Element 15612701 | Size empty
SKIP | Element 15612703 | Size empty
SKIP | Element 15612706 | Size empty
SKIP | Element 15612712 | Size empty
SKIP | Element 15612890 | Size empty
SKIP | Element 15612891 | Size empty
SKIP | Element 15612894 | Size empty
SKIP | Element 15612908 | Size empty
SKIP | Element 15612909 | Size empty
SKIP | Element 15612910 | Size empty
SKIP | Element 15612928 | Size empty
SKIP | Element 15612929 | Size empty
SKIP | Element 15612930 | Size empty
SKIP | Element 15612931 | Size empty
SKIP | Element 15612932 | Size empty
SKIP | Element 15612933 | Size empty
SKIP | Element 15612937 | Size empty
SKIP | Element 15612938 | Size empty
SKIP | Element 15612939 | Size empty
SKIP | Element 15612940 | Size empty
SKIP | Element 15612982 | Size empty
SKIP | Element 15612983 | Size empty
SKIP | Element 15612988 | Size empty
SKIP | Element 15613036 | Size empty
SKIP | Element 15613037 | Size empty
SKIP | Element 15613042 | Size empty
SKIP | Element 15615749 | Size empty
SKIP | Element 15615752 | Size empty
SKIP | Element 15615769 | Size empty
SKIP | Element 15615772 | Size empty
SKIP | Element 15639469 | Size empty
SKIP | Element 15639487 | Size empty
SKIP | Element 15639488 | Size empty
SKIP | Element 15639489 | Size empty
SKIP | Element 15639490 | Size empty
SKIP | Element 15639711 | Size empty
SKIP | Element 15639832 | Size empty
SKIP | Element 15639967 | Size empty
INFO | Transaction Status = Committed
WARN | Regenerate after commit failed: Modification of the document is forbidden.  Typically, this is because there is no open transaction;  consult documentation for Document.IsModified for other possible causes.
CHUNK COMMIT | Status=Committed | Processed=1440
SKIP | Element 15640011 | Size empty
SKIP | Element 15640012 | Size empty
SKIP | Element 15640018 | Size empty
SKIP | Element 15640021 | Size empty
SKIP | Element 15664464 | Size empty
SKIP | Element 15664465 | Size empty
SKIP | Element 15664470 | Size empty
SKIP | Element 15664471 | Size empty
SKIP | Element 15664472 | Size empty
SKIP | Element 15664473 | Size empty
SKIP | Element 15664474 | Size empty
SKIP | Element 15664475 | Size empty
SKIP | Element 15664476 | Size empty
SKIP | Element 15664477 | Size empty
SKIP | Element 15664478 | Size empty
SKIP | Element 15664483 | Size empty
SKIP | Element 15664484 | Size empty
SKIP | Element 15664487 | Size empty
SKIP | Element 15664490 | Size empty
SKIP | Element 15664495 | Size empty
SKIP | Element 15664496 | Size empty
SKIP | Element 15664499 | Size empty
SKIP | Element 15664502 | Size empty
SKIP | Element 15664770 | Size empty
SKIP | Element 15664773 | Size empty
SKIP | Element 15664778 | Size empty
SKIP | Element 15664779 | Size empty
SKIP | Element 15664784 | Size empty
SKIP | Element 15664785 | Size empty
SKIP | Element 15664788 | Size empty
SKIP | Element 15664791 | Size empty
SKIP | Element 15664794 | Size empty
SKIP | Element 15664797 | Size empty
SKIP | Element 15664806 | Size empty
SKIP | Element 15664807 | Size empty
SKIP | Element 15664808 | Size empty
SKIP | Element 15664809 | Size empty
SKIP | Element 15664812 | Size empty
SKIP | Element 15664816 | Size empty
SKIP | Element 15664819 | Size empty
SKIP | Element 15664823 | Size empty
SKIP | Element 15664829 | Size empty
SKIP | Element 15664831 | Size empty
SKIP | Element 15664834 | Size empty
SKIP | Element 15664837 | Size empty
SKIP | Element 15664840 | Size empty
SKIP | Element 15664846 | Size empty
SKIP | Element 15664848 | Size empty
SKIP | Element 15664852 | Size empty
SKIP | Element 15664855 | Size empty
SKIP | Element 15664858 | Size empty
SKIP | Element 15664863 | Size empty
SKIP | Element 15664864 | Size empty
SKIP | Element 15664870 | Size empty
SKIP | Element 15664872 | Size empty
SKIP | Element 15664877 | Size empty
SKIP | Element 15664878 | Size empty
SKIP | Element 15664884 | Size empty
SKIP | Element 15664886 | Size empty
SKIP | Element 15664892 | Size empty
SKIP | Element 15664893 | Size empty
SKIP | Element 15664902 | Size empty
SKIP | Element 15664903 | Size empty
SKIP | Element 15664904 | Size empty
SKIP | Element 15664905 | Size empty
SKIP | Element 15664909 | Size empty
SKIP | Element 15664912 | Size empty
SKIP | Element 15664918 | Size empty
SKIP | Element 15664920 | Size empty
SKIP | Element 15664923 | Size empty
SKIP | Element 15664924 | Size empty
SKIP | Element 15664930 | Size empty
SKIP | Element 15664932 | Size empty
SKIP | Element 15664935 | Size empty
SKIP | Element 15664936 | Size empty
SKIP | Element 15664939 | Size empty
SKIP | Element 15664943 | Size empty
SKIP | Element 15664946 | Size empty
SKIP | Element 15664949 | Size empty
SKIP | Element 15664952 | Size empty
SKIP | Element 15664956 | Size empty
SKIP | Element 15664959 | Size empty
SKIP | Element 15664962 | Size empty
SKIP | Element 15664965 | Size empty
SKIP | Element 15664968 | Size empty
SKIP | Element 15664971 | Size empty
SKIP | Element 15664974 | Size empty
SKIP | Element 15664977 | Size empty
SKIP | Element 15664980 | Size empty
SKIP | Element 15664983 | Size empty
SKIP | Element 15664986 | Size empty
SKIP | Element 15664989 | Size empty
SKIP | Element 15664992 | Size empty
SKIP | Element 15747691 | Size empty
SKIP | Element 15747694 | Size empty
SKIP | Element 15747702 | Size empty
SKIP | Element 15760469 | Size empty
SKIP | Element 15760474 | Size empty
SKIP | Element 15760505 | Size empty
SKIP | Element 15760506 | Size empty
SKIP | Element 15760511 | Size empty
SKIP | Element 15760516 | Size empty
SKIP | Element 15760525 | Size empty
SKIP | Element 15760526 | Size empty
SKIP | Element 15760532 | Size empty
SKIP | Element 15760537 | Size empty
SKIP | Element 15760571 | Size empty
SKIP | Element 15760576 | Size empty
SKIP | Element 15760579 | Size empty
SKIP | Element 15760582 | Size empty
SKIP | Element 15760585 | Size empty
SKIP | Element 15760588 | Size empty
SKIP | Element 15760591 | Size empty
SKIP | Element 15760594 | Size empty
SKIP | Element 15760597 | Size empty
SKIP | Element 15760600 | Size empty
SKIP | Element 15760603 | Size empty
SKIP | Element 7533061 | Size empty
SKIP | Element 14905504 | Size empty
INFO | Transaction Status = Committed
WARN | Regenerate after commit failed: Modification of the document is forbidden.  Typically, this is because there is no open transaction;  consult documentation for Document.IsModified for other possible causes.
CHUNK COMMIT | Status=Committed | Processed=1559
END | Attempted=819 | Written=819 | Skipped=1488 | VerifyFailed=0 | SharedWrites=819 | FamilyWrites=0 | TypeWrites=0 | InstanceWrites=819 | ReadOnly=0 | MissingTarget=0 | SkipTargetMode=0 | DuplicateParameter=102 | SkipWorksharing=0 | Failed=0 | Cancelled=False
