"run_stamp","tool","view_name","view_mode","processing_scope","write_mode","parameter_target_mode","worksharing_mode","element_id","category","family","type","level","name","size_text","parsed_width","parsed_height","parsed_diameter","target_parameter","requested_value","actual_before","actual_after","outcome","reason","target_scope","target_kind","target_param_id","target_definition_name","target_storage","target_is_read_only","candidate_count","selected_target_count"
"20260810_130056","NWB Dim AutoFill","MECHANICAL DUCTWORK LAYOUT - LEVEL 07","model","selection","skip","Both","skip-other-users","7263267","Ducts","Rectangular Duct","","LEVEL 06","Flanged Long Radius Elbows / Shoe Branch","1650x1650","1650","1650","","NWB_DimWidth","1650","1650","1650","SKIP","existing-kept","instance","Shared Parameter","7626175","NWB_DimWidth","String","False","1","1"
"20260810_130056","NWB Dim AutoFill","MECHANICAL DUCTWORK LAYOUT - LEVEL 07","model","selection","skip","Both","skip-other-users","7263267","Ducts","Rectangular Duct","","LEVEL 06","Flanged Long Radius Elbows / Shoe Branch","1650x1650","1650","1650","","NWB_DimHeight","1650","1650","1650","SKIP","existing-kept","instance","Shared Parameter","7626170","NWB_DimHeight","String","False","1","1"
"20260810_130056","NWB Dim AutoFill","MECHANICAL DUCTWORK LAYOUT - LEVEL 07","model","selection","skip","Both","skip-other-users","7263267","Ducts","Rectangular Duct","","LEVEL 06","Flanged Long Radius Elbows / Shoe Branch","1650x1650","1650","1650","","NWB_DimDiameter","","","","SKIP","no parsed value","","","","NWB_DimDiameter","","","",""
"20260810_130056","NWB Dim AutoFill","MECHANICAL DUCTWORK LAYOUT - LEVEL 07","model","selection","skip","Both","skip-other-users","13043537","Air Terminals","MHT_AT_Sidewall Grille Supply","","LEVEL 07","Standard","0x700","0","700","0","NWB_DimWidth","0","1200","1200","SKIP","existing-kept","instance","Shared Parameter","7626175","NWB_DimWidth","String","False","1","1"
"20260810_130056","NWB Dim AutoFill","MECHANICAL DUCTWORK LAYOUT - LEVEL 07","model","selection","skip","Both","skip-other-users","13043537","Air Terminals","MHT_AT_Sidewall Grille Supply","","LEVEL 07","Standard","0x700","0","700","0","NWB_DimHeight","700","700","700","SKIP","existing-kept","instance","Shared Parameter","7626170","NWB_DimHeight","String","False","1","1"
"20260810_130056","NWB Dim AutoFill","MECHANICAL DUCTWORK LAYOUT - LEVEL 07","model","selection","skip","Both","skip-other-users","13043538","Duct Accessories","MHT-ME-Volume Control Damper - Rectangular-01","","LEVEL 07","MHT-ME-FAM-FAM-Volume Control Damper - Rectangular-01","1200x700-1200x700","1200","700","","NWB_DimWidth","1200","1200","1200","SKIP","existing-kept","instance","Shared Parameter","7626175","NWB_DimWidth","String","False","1","1"
"20260810_130056","NWB Dim AutoFill","MECHANICAL DUCTWORK LAYOUT - LEVEL 07","model","selection","skip","Both","skip-other-users","13043538","Duct Accessories","MHT-ME-Volume Control Damper - Rectangular-01","","LEVEL 07","MHT-ME-FAM-FAM-Volume Control Damper - Rectangular-01","1200x700-1200x700","1200","700","","NWB_DimHeight","700","700","700","SKIP","existing-kept","instance","Shared Parameter","7626170","NWB_DimHeight","String","False","1","1"
"20260810_130056","NWB Dim AutoFill","MECHANICAL DUCTWORK LAYOUT - LEVEL 07","model","selection","skip","Both","skip-other-users","13043538","Duct Accessories","MHT-ME-Volume Control Damper - Rectangular-01","","LEVEL 07","MHT-ME-FAM-FAM-Volume Control Damper - Rectangular-01","1200x700-1200x700","1200","700","","NWB_DimDiameter","","","","SKIP","no parsed value","","","","NWB_DimDiameter","","","",""
"20260810_130056","NWB Dim AutoFill","MECHANICAL DUCTWORK LAYOUT - LEVEL 07","model","selection","skip","Both","skip-other-users","13043539","Ducts","Rectangular Duct","","LEVEL 07","Flanged Long Radius Elbows / Shoe Branch","1200x700","1200","700","","NWB_DimWidth","1200","1200","1200","SKIP","existing-kept","instance","Shared Parameter","7626175","NWB_DimWidth","String","False","1","1"
"20260810_130056","NWB Dim AutoFill","MECHANICAL DUCTWORK LAYOUT - LEVEL 07","model","selection","skip","Both","skip-other-users","13043539","Ducts","Rectangular Duct","","LEVEL 07","Flanged Long Radius Elbows / Shoe Branch","1200x700","1200","700","","NWB_DimHeight","700","700","700","SKIP","existing-kept","instance","Shared Parameter","7626170","NWB_DimHeight","String","False","1","1"
"20260810_130056","NWB Dim AutoFill","MECHANICAL DUCTWORK LAYOUT - LEVEL 07","model","selection","skip","Both","skip-other-users","13043539","Ducts","Rectangular Duct","","LEVEL 07","Flanged Long Radius Elbows / Shoe Branch","1200x700","1200","700","","NWB_DimDiameter","","","","SKIP","no parsed value","","","","NWB_DimDiameter","","","",""
"20260810_130056","NWB Dim AutoFill","MECHANICAL DUCTWORK LAYOUT - LEVEL 07","model","selection","skip","Both","skip-other-users","13963076","Air Terminals","MHT_AT_S Air Diff Swirl","","LEVEL 07","No Damper 300X300","600x350","600","350","250","NWB_DimDiameter","250","250ø","250ø","SKIP","existing-kept","instance","Shared Parameter","7626172","NWB_DimDiameter","String","False","1","1"
"20260810_130056","NWB Dim AutoFill","MECHANICAL DUCTWORK LAYOUT - LEVEL 07","model","selection","skip","Both","skip-other-users","13963418","Air Terminals","MHT_AT_S Air Diff Swirl","","LEVEL 07","No Damper 300X300","600x350","600","350","250","NWB_DimDiameter","250","250ø","250ø","SKIP","existing-kept","instance","Shared Parameter","7626172","NWB_DimDiameter","String","False","1","1"
"20260810_130056","NWB Dim AutoFill","MECHANICAL DUCTWORK LAYOUT - LEVEL 07","model","selection","skip","Both","skip-other-users","13963833","Ducts","Rectangular Duct","","LEVEL 07","Flanged Long Radius Elbows / Shoe Branch","350x300","350","300","","NWB_DimWidth","350","350","350","SKIP","existing-kept","instance","Shared Parameter","7626175","NWB_DimWidth","String","False","1","1"
"20260810_130056","NWB Dim AutoFill","MECHANICAL DUCTWORK LAYOUT - LEVEL 07","model","selection","skip","Both","skip-other-users","13963833","Ducts","Rectangular Duct","","LEVEL 07","Flanged Long Radius Elbows / Shoe Branch","350x300","350","300","","NWB_DimHeight","300","300","300","SKIP","existing-kept","instance","Shared Parameter","7626170","NWB_DimHeight","String","False","1","1"
"20260810_130056","NWB Dim AutoFill","MECHANICAL DUCTWORK LAYOUT - LEVEL 07","model","selection","skip","Both","skip-other-users","13963833","Ducts","Rectangular Duct","","LEVEL 07","Flanged Long Radius Elbows / Shoe Branch","350x300","350","300","","NWB_DimDiameter","","","","SKIP","no parsed value","","","","NWB_DimDiameter","","","",""
"20260810_130056","NWB Dim AutoFill","MECHANICAL DUCTWORK LAYOUT - LEVEL 07","model","selection","skip","Both","skip-other-users","13963888","Ducts","Rectangular Duct","","LEVEL 07","Flanged Long Radius Elbows / Shoe Branch","300x300","300","300","","NWB_DimWidth","300","300","300","SKIP","existing-kept","instance","Shared Parameter","7626175","NWB_DimWidth","String","False","1","1"
"20260810_130056","NWB Dim AutoFill","MECHANICAL DUCTWORK LAYOUT - LEVEL 07","model","selection","skip","Both","skip-other-users","13963888","Ducts","Rectangular Duct","","LEVEL 07","Flanged Long Radius Elbows / Shoe Branch","300x300","300","300","","NWB_DimHeight","300","300","300","SKIP","existing-kept","instance","Shared Parameter","7626170","NWB_DimHeight","String","False","1","1"
"20260810_130056","NWB Dim AutoFill","MECHANICAL DUCTWORK LAYOUT - LEVEL 07","model","selection","skip","Both","skip-other-users","13963888","Ducts","Rectangular Duct","","LEVEL 07","Flanged Long Radius Elbows / Shoe Branch","300x300","300","300","","NWB_DimDiameter","","","","SKIP","no parsed value","","","","NWB_DimDiameter","","","",""
"20260810_130056","NWB Dim AutoFill","MECHANICAL DUCTWORK LAYOUT - LEVEL 07","model","selection","skip","Both","skip-other-users","13964002","Ducts","Rectangular Duct","","LEVEL 07","Flanged Long Radius Elbows / Shoe Branch","200x250","200","250","","NWB_DimWidth","200","200","200","SKIP","existing-kept","instance","Shared Parameter","7626175","NWB_DimWidth","String","False","1","1"
"20260810_130056","NWB Dim AutoFill","MECHANICAL DUCTWORK LAYOUT - LEVEL 07","model","selection","skip","Both","skip-other-users","13964002","Ducts","Rectangular Duct","","LEVEL 07","Flanged Long Radius Elbows / Shoe Branch","200x250","200","250","","NWB_DimHeight","250","250","250","SKIP","existing-kept","instance","Shared Parameter","7626170","NWB_DimHeight","String","False","1","1"
"20260810_130056","NWB Dim AutoFill","MECHANICAL DUCTWORK LAYOUT - LEVEL 07","model","selection","skip","Both","skip-other-users","13964002","Ducts","Rectangular Duct","","LEVEL 07","Flanged Long Radius Elbows / Shoe Branch","200x250","200","250","","NWB_DimDiameter","","","","SKIP","no parsed value","","","","NWB_DimDiameter","","","",""
"20260810_130056","NWB Dim AutoFill","MECHANICAL DUCTWORK LAYOUT - LEVEL 07","model","selection","skip","Both","skip-other-users","13964507","Air Terminals","MHT_AT_S Air Diff Swirl","","LEVEL 07","No Damper 300X300","600x350","600","350","250","NWB_DimDiameter","250","250ø","250ø","SKIP","existing-kept","instance","Shared Parameter","7626172","NWB_DimDiameter","String","False","1","1"
"20260810_130056","NWB Dim AutoFill","MECHANICAL DUCTWORK LAYOUT - LEVEL 07","model","selection","skip","Both","skip-other-users","13964572","Air Terminals","MHT_AT_S Air Diff Swirl","","LEVEL 07","No Damper 300X300","600x350","600","350","250","NWB_DimDiameter","250","250ø","250ø","SKIP","existing-kept","instance","Shared Parameter","7626172","NWB_DimDiameter","String","False","1","1"
"20260810_130056","NWB Dim AutoFill","MECHANICAL DUCTWORK LAYOUT - LEVEL 07","model","selection","skip","Both","skip-other-users","13964627","Air Terminals","MHT_AT_S Air Diff Swirl","","LEVEL 07","No Damper 300X300","600x350","600","350","250","NWB_DimDiameter","250","250ø","250ø","SKIP","existing-kept","instance","Shared Parameter","7626172","NWB_DimDiameter","String","False","1","1"
"20260810_130056","NWB Dim AutoFill","MECHANICAL DUCTWORK LAYOUT - LEVEL 07","model","selection","skip","Both","skip-other-users","13964669","Air Terminals","MHT_AT_S Air Diff Swirl","","LEVEL 07","No Damper 300X300","600x350","600","350","250","NWB_DimDiameter","250","250ø","250ø","SKIP","existing-kept","instance","Shared Parameter","7626172","NWB_DimDiameter","String","False","1","1"
"20260810_130056","NWB Dim AutoFill","MECHANICAL DUCTWORK LAYOUT - LEVEL 07","model","selection","skip","Both","skip-other-users","13964671","Air Terminals","MHT_AT_S Air Diff Swirl","","LEVEL 07","No Damper 300X300","600x350","600","350","250","NWB_DimDiameter","250","250ø","250ø","SKIP","existing-kept","instance","Shared Parameter","7626172","NWB_DimDiameter","String","False","1","1"
"20260810_130056","NWB Dim AutoFill","MECHANICAL DUCTWORK LAYOUT - LEVEL 07","model","selection","skip","Both","skip-other-users","13964717","Air Terminals","MHT_AT_S Air Diff Swirl","","LEVEL 07","No Damper 300X300","600x350","600","350","250","NWB_DimDiameter","250","250ø","250ø","SKIP","existing-kept","instance","Shared Parameter","7626172","NWB_DimDiameter","String","False","1","1"
"20260810_130056","NWB Dim AutoFill","MECHANICAL DUCTWORK LAYOUT - LEVEL 07","model","selection","skip","Both","skip-other-users","13965027","Air Terminals","MHT_AT_S Air Diff Swirl","","LEVEL 07","No Damper 300X300","600x500","600","500","400","NWB_DimDiameter","400","400ø","400ø","SKIP","existing-kept","instance","Shared Parameter","7626172","NWB_DimDiameter","String","False","1","1"
"20260810_130056","NWB Dim AutoFill","MECHANICAL DUCTWORK LAYOUT - LEVEL 07","model","selection","skip","Both","skip-other-users","13965029","Air Terminals","MHT_AT_S Air Diff Swirl","","LEVEL 07","No Damper 300X300","600x500","600","500","400","NWB_DimDiameter","400","400ø","400ø","SKIP","existing-kept","instance","Shared Parameter","7626172","NWB_DimDiameter","String","False","1","1"
"20260810_130056","NWB Dim AutoFill","MECHANICAL DUCTWORK LAYOUT - LEVEL 07","model","selection","skip","Both","skip-other-users","13965031","Air Terminals","MHT_AT_S Air Diff Swirl","","LEVEL 07","No Damper 300X300","600x500","600","500","400","NWB_DimDiameter","400","400ø","400ø","SKIP","existing-kept","instance","Shared Parameter","7626172","NWB_DimDiameter","String","False","1","1"
"20260810_130056","NWB Dim AutoFill","MECHANICAL DUCTWORK LAYOUT - LEVEL 07","model","selection","skip","Both","skip-other-users","13965330","Air Terminals","MHT_AT_S Air Diff Swirl","","LEVEL 07","No Damper 300X300","600x300","600","300","200","NWB_DimDiameter","200","200ø","200ø","SKIP","existing-kept","instance","Shared Parameter","7626172","NWB_DimDiameter","String","False","1","1"
"20260810_130056","NWB Dim AutoFill","MECHANICAL DUCTWORK LAYOUT - LEVEL 07","model","selection","skip","Both","skip-other-users","13965334","Air Terminals","MHT_AT_S Air Diff Swirl","","LEVEL 07","No Damper 300X300","600x300","600","300","200","NWB_DimDiameter","200","200ø","200ø","SKIP","existing-kept","instance","Shared Parameter","7626172","NWB_DimDiameter","String","False","1","1"
"20260810_130056","NWB Dim AutoFill","MECHANICAL DUCTWORK LAYOUT - LEVEL 07","model","selection","skip","Both","skip-other-users","13965377","Air Terminals","MHT_AT_S Air Diff Swirl","","LEVEL 07","No Damper 300X300","600x350","600","350","250","NWB_DimDiameter","250","250ø","250ø","SKIP","existing-kept","instance","Shared Parameter","7626172","NWB_DimDiameter","String","False","1","1"
"20260810_130056","NWB Dim AutoFill","MECHANICAL DUCTWORK LAYOUT - LEVEL 07","model","selection","skip","Both","skip-other-users","13965443","Air Terminals","MHT_AT_S Air Diff Swirl","","LEVEL 07","No Damper 300X300","600x350","600","350","250","NWB_DimDiameter","250","250ø","250ø","SKIP","existing-kept","instance","Shared Parameter","7626172","NWB_DimDiameter","String","False","1","1"
"20260810_130056","NWB Dim AutoFill","MECHANICAL DUCTWORK LAYOUT - LEVEL 07","model","selection","skip","Both","skip-other-users","13965488","Air Terminals","MHT_AT_S Air Diff Swirl","","LEVEL 07","No Damper 300X300","600x350","600","350","250","NWB_DimDiameter","250","250ø","250ø","SKIP","existing-kept","instance","Shared Parameter","7626172","NWB_DimDiameter","String","False","1","1"
"20260810_130056","NWB Dim AutoFill","MECHANICAL DUCTWORK LAYOUT - LEVEL 07","model","selection","skip","Both","skip-other-users","13965706","Ducts","Rectangular Duct","","LEVEL 07","Flanged Long Radius Elbows / Shoe Branch","250x250","250","250","","NWB_DimWidth","250","250","250","SKIP","existing-kept","instance","Shared Parameter","7626175","NWB_DimWidth","String","False","1","1"
"20260810_130056","NWB Dim AutoFill","MECHANICAL DUCTWORK LAYOUT - LEVEL 07","model","selection","skip","Both","skip-other-users","13965706","Ducts","Rectangular Duct","","LEVEL 07","Flanged Long Radius Elbows / Shoe Branch","250x250","250","250","","NWB_DimHeight","250","250","250","SKIP","existing-kept","instance","Shared Parameter","7626170","NWB_DimHeight","String","False","1","1"
"20260810_130056","NWB Dim AutoFill","MECHANICAL DUCTWORK LAYOUT - LEVEL 07","model","selection","skip","Both","skip-other-users","13965706","Ducts","Rectangular Duct","","LEVEL 07","Flanged Long Radius Elbows / Shoe Branch","250x250","250","250","","NWB_DimDiameter","","","","SKIP","no parsed value","","","","NWB_DimDiameter","","","",""
"20260810_130056","NWB Dim AutoFill","MECHANICAL DUCTWORK LAYOUT - LEVEL 07","model","selection","skip","Both","skip-other-users","13965719","Duct Fittings","MHT-ME-DF-Rectangular Short Radius Bend - Flanged","","LEVEL 07","MHT-ME-DF-Rectangular Short Radius Bend - Flanged","600x350-600x350","600","350","","NWB_DimWidth","600","550","550","SKIP","existing-kept","instance","Shared Parameter","3045165","NWB_DimWidth","Double","False","2","2"
"20260810_130056","NWB Dim AutoFill","MECHANICAL DUCTWORK LAYOUT - LEVEL 07","model","selection","skip","Both","skip-other-users","13965719","Duct Fittings","MHT-ME-DF-Rectangular Short Radius Bend - Flanged","","LEVEL 07","MHT-ME-DF-Rectangular Short Radius Bend - Flanged","600x350-600x350","600","350","","NWB_DimHeight","350","350","350","SKIP","existing-kept","instance","Shared Parameter","3045163","NWB_DimHeight","Double","False","2","2"
"20260810_130056","NWB Dim AutoFill","MECHANICAL DUCTWORK LAYOUT - LEVEL 07","model","selection","skip","Both","skip-other-users","13965719","Duct Fittings","MHT-ME-DF-Rectangular Short Radius Bend - Flanged","","LEVEL 07","MHT-ME-DF-Rectangular Short Radius Bend - Flanged","600x350-600x350","600","350","","NWB_DimDiameter","","","","SKIP","no parsed value","","","","NWB_DimDiameter","","","",""
"20260810_130056","NWB Dim AutoFill","MECHANICAL DUCTWORK LAYOUT - LEVEL 07","model","selection","skip","Both","skip-other-users","13965819","Ducts","Rectangular Duct","","LEVEL 07","Flanged Long Radius Elbows / Shoe Branch","350x300","350","300","","NWB_DimWidth","350","350","350","SKIP","existing-kept","instance","Shared Parameter","7626175","NWB_DimWidth","String","False","1","1"
"20260810_130056","NWB Dim AutoFill","MECHANICAL DUCTWORK LAYOUT - LEVEL 07","model","selection","skip","Both","skip-other-users","13965819","Ducts","Rectangular Duct","","LEVEL 07","Flanged Long Radius Elbows / Shoe Branch","350x300","350","300","","NWB_DimHeight","300","300","300","SKIP","existing-kept","instance","Shared Parameter","7626170","NWB_DimHeight","String","False","1","1"
"20260810_130056","NWB Dim AutoFill","MECHANICAL DUCTWORK LAYOUT - LEVEL 07","model","selection","skip","Both","skip-other-users","13965819","Ducts","Rectangular Duct","","LEVEL 07","Flanged Long Radius Elbows / Shoe Branch","350x300","350","300","","NWB_DimDiameter","","","","SKIP","no parsed value","","","","NWB_DimDiameter","","","",""
"20260810_130056","NWB Dim AutoFill","MECHANICAL DUCTWORK LAYOUT - LEVEL 07","model","selection","skip","Both","skip-other-users","13966274","Ducts","Rectangular Duct","","LEVEL 07","Flanged Long Radius Elbows / Shoe Branch","300x300","300","300","","NWB_DimWidth","300","300","300","SKIP","existing-kept","instance","Shared Parameter","7626175","NWB_DimWidth","String","False","1","1"
"20260810_130056","NWB Dim AutoFill","MECHANICAL DUCTWORK LAYOUT - LEVEL 07","model","selection","skip","Both","skip-other-users","13966274","Ducts","Rectangular Duct","","LEVEL 07","Flanged Long Radius Elbows / Shoe Branch","300x300","300","300","","NWB_DimHeight","300","300","300","SKIP","existing-kept","instance","Shared Parameter","7626170","NWB_DimHeight","String","False","1","1"
"20260810_130056","NWB Dim AutoFill","MECHANICAL DUCTWORK LAYOUT - LEVEL 07","model","selection","skip","Both","skip-other-users","13966274","Ducts","Rectangular Duct","","LEVEL 07","Flanged Long Radius Elbows / Shoe Branch","300x300","300","300","","NWB_DimDiameter","","","","SKIP","no parsed value","","","","NWB_DimDiameter","","","",""
"20260810_130056","NWB Dim AutoFill","MECHANICAL DUCTWORK LAYOUT - LEVEL 07","model","selection","skip","Both","skip-other-users","13966411","Ducts","Rectangular Duct","","LEVEL 07","Flanged Long Radius Elbows / Shoe Branch","250x250","250","250","","NWB_DimWidth","250","250","250","SKIP","existing-kept","instance","Shared Parameter","7626175","NWB_DimWidth","String","False","1","1"
"20260810_130056","NWB Dim AutoFill","MECHANICAL DUCTWORK LAYOUT - LEVEL 07","model","selection","skip","Both","skip-other-users","13966411","Ducts","Rectangular Duct","","LEVEL 07","Flanged Long Radius Elbows / Shoe Branch","250x250","250","250","","NWB_DimHeight","250","250","250","SKIP","existing-kept","instance","Shared Parameter","7626170","NWB_DimHeight","String","False","1","1"
"20260810_130056","NWB Dim AutoFill","MECHANICAL DUCTWORK LAYOUT - LEVEL 07","model","selection","skip","Both","skip-other-users","13966411","Ducts","Rectangular Duct","","LEVEL 07","Flanged Long Radius Elbows / Shoe Branch","250x250","250","250","","NWB_DimDiameter","","","","SKIP","no parsed value","","","","NWB_DimDiameter","","","",""
"20260810_130056","NWB Dim AutoFill","MECHANICAL DUCTWORK LAYOUT - LEVEL 07","model","selection","skip","Both","skip-other-users","13966483","Ducts","Rectangular Duct","","LEVEL 07","Flanged Long Radius Elbows / Shoe Branch","800x450","800","450","","NWB_DimWidth","800","800","800","SKIP","existing-kept","instance","Shared Parameter","7626175","NWB_DimWidth","String","False","1","1"
"20260810_130056","NWB Dim AutoFill","MECHANICAL DUCTWORK LAYOUT - LEVEL 07","model","selection","skip","Both","skip-other-users","13966483","Ducts","Rectangular Duct","","LEVEL 07","Flanged Long Radius Elbows / Shoe Branch","800x450","800","450","","NWB_DimHeight","450","450","450","SKIP","existing-kept","instance","Shared Parameter","7626170","NWB_DimHeight","String","False","1","1"
"20260810_130056","NWB Dim AutoFill","MECHANICAL DUCTWORK LAYOUT - LEVEL 07","model","selection","skip","Both","skip-other-users","13966483","Ducts","Rectangular Duct","","LEVEL 07","Flanged Long Radius Elbows / Shoe Branch","800x450","800","450","","NWB_DimDiameter","","","","SKIP","no parsed value","","","","NWB_DimDiameter","","","",""
"20260810_130056","NWB Dim AutoFill","MECHANICAL DUCTWORK LAYOUT - LEVEL 07","model","selection","skip","Both","skip-other-users","13966514","Duct Fittings","MHT-ME-DF-Rectangular Short Radius Bend - Flanged","","LEVEL 07","MHT-ME-DF-Rectangular Short Radius Bend - Flanged","800x450-800x450","800","450","","NWB_DimWidth","800","250","250","SKIP","existing-kept","instance","Shared Parameter","3045165","NWB_DimWidth","Double","False","2","2"
"20260810_130056","NWB Dim AutoFill","MECHANICAL DUCTWORK LAYOUT - LEVEL 07","model","selection","skip","Both","skip-other-users","13966514","Duct Fittings","MHT-ME-DF-Rectangular Short Radius Bend - Flanged","","LEVEL 07","MHT-ME-DF-Rectangular Short Radius Bend - Flanged","800x450-800x450","800","450","","NWB_DimHeight","450","250","250","SKIP","existing-kept","instance","Shared Parameter","3045163","NWB_DimHeight","Double","False","2","2"
"20260810_130056","NWB Dim AutoFill","MECHANICAL DUCTWORK LAYOUT - LEVEL 07","model","selection","skip","Both","skip-other-users","13966514","Duct Fittings","MHT-ME-DF-Rectangular Short Radius Bend - Flanged","","LEVEL 07","MHT-ME-DF-Rectangular Short Radius Bend - Flanged","800x450-800x450","800","450","","NWB_DimDiameter","","","","SKIP","no parsed value","","","","NWB_DimDiameter","","","",""
"20260810_130056","NWB Dim AutoFill","MECHANICAL DUCTWORK LAYOUT - LEVEL 07","model","selection","skip","Both","skip-other-users","13966596","Ducts","Rectangular Duct","","LEVEL 07","Flanged Long Radius Elbows / Shoe Branch","800x450","800","450","","NWB_DimWidth","800","800","800","SKIP","existing-kept","instance","Shared Parameter","7626175","NWB_DimWidth","String","False","1","1"
"20260810_130056","NWB Dim AutoFill","MECHANICAL DUCTWORK LAYOUT - LEVEL 07","model","selection","skip","Both","skip-other-users","13966596","Ducts","Rectangular Duct","","LEVEL 07","Flanged Long Radius Elbows / Shoe Branch","800x450","800","450","","NWB_DimHeight","450","450","450","SKIP","existing-kept","instance","Shared Parameter","7626170","NWB_DimHeight","String","False","1","1"
"20260810_130056","NWB Dim AutoFill","MECHANICAL DUCTWORK LAYOUT - LEVEL 07","model","selection","skip","Both","skip-other-users","13966596","Ducts","Rectangular Duct","","LEVEL 07","Flanged Long Radius Elbows / Shoe Branch","800x450","800","450","","NWB_DimDiameter","","","","SKIP","no parsed value","","","","NWB_DimDiameter","","","",""
"20260810_130056","NWB Dim AutoFill","MECHANICAL DUCTWORK LAYOUT - LEVEL 07","model","selection","skip","Both","skip-other-users","13966676","Ducts","Rectangular Duct","","LEVEL 07","Flanged Long Radius Elbows / Shoe Branch","800x450","800","450","","NWB_DimWidth","800","800","800","SKIP","existing-kept","instance","Shared Parameter","7626175","NWB_DimWidth","String","False","1","1"
"20260810_130056","NWB Dim AutoFill","MECHANICAL DUCTWORK LAYOUT - LEVEL 07","model","selection","skip","Both","skip-other-users","13966676","Ducts","Rectangular Duct","","LEVEL 07","Flanged Long Radius Elbows / Shoe Branch","800x450","800","450","","NWB_DimHeight","450","450","450","SKIP","existing-kept","instance","Shared Parameter","7626170","NWB_DimHeight","String","False","1","1"
"20260810_130056","NWB Dim AutoFill","MECHANICAL DUCTWORK LAYOUT - LEVEL 07","model","selection","skip","Both","skip-other-users","13966676","Ducts","Rectangular Duct","","LEVEL 07","Flanged Long Radius Elbows / Shoe Branch","800x450","800","450","","NWB_DimDiameter","","","","SKIP","no parsed value","","","","NWB_DimDiameter","","","",""
"20260810_130056","NWB Dim AutoFill","MECHANICAL DUCTWORK LAYOUT - LEVEL 07","model","selection","skip","Both","skip-other-users","13966748","Ducts","Rectangular Duct","","LEVEL 07","Flanged Long Radius Elbows / Shoe Branch","600x350","600","350","","NWB_DimWidth","600","600","600","SKIP","existing-kept","instance","Shared Parameter","7626175","NWB_DimWidth","String","False","1","1"
"20260810_130056","NWB Dim AutoFill","MECHANICAL DUCTWORK LAYOUT - LEVEL 07","model","selection","skip","Both","skip-other-users","13966748","Ducts","Rectangular Duct","","LEVEL 07","Flanged Long Radius Elbows / Shoe Branch","600x350","600","350","","NWB_DimHeight","350","350","350","SKIP","existing-kept","instance","Shared Parameter","7626170","NWB_DimHeight","String","False","1","1"
"20260810_130056","NWB Dim AutoFill","MECHANICAL DUCTWORK LAYOUT - LEVEL 07","model","selection","skip","Both","skip-other-users","13966748","Ducts","Rectangular Duct","","LEVEL 07","Flanged Long Radius Elbows / Shoe Branch","600x350","600","350","","NWB_DimDiameter","","","","SKIP","no parsed value","","","","NWB_DimDiameter","","","",""
"20260810_130056","NWB Dim AutoFill","MECHANICAL DUCTWORK LAYOUT - LEVEL 07","model","selection","skip","Both","skip-other-users","13966780","Duct Fittings","MHT-ME-DF-Rectangular Shoe Branch - Flanged","","LEVEL 07","Standard","300x300-300x300","300","300","","NWB_DimWidth","300","600","600","SKIP","existing-kept","instance","Shared Parameter","7626175","NWB_DimWidth","String","False","1","1"
"20260810_130056","NWB Dim AutoFill","MECHANICAL DUCTWORK LAYOUT - LEVEL 07","model","selection","skip","Both","skip-other-users","13966780","Duct Fittings","MHT-ME-DF-Rectangular Shoe Branch - Flanged","","LEVEL 07","Standard","300x300-300x300","300","300","","NWB_DimHeight","300","0","0","SKIP","existing-kept","instance","Shared Parameter","7626170","NWB_DimHeight","String","False","1","1"
"20260810_130056","NWB Dim AutoFill","MECHANICAL DUCTWORK LAYOUT - LEVEL 07","model","selection","skip","Both","skip-other-users","13966780","Duct Fittings","MHT-ME-DF-Rectangular Shoe Branch - Flanged","","LEVEL 07","Standard","300x300-300x300","300","300","","NWB_DimDiameter","","","","SKIP","no parsed value","","","","NWB_DimDiameter","","","",""
"20260810_130056","NWB Dim AutoFill","MECHANICAL DUCTWORK LAYOUT - LEVEL 07","model","selection","skip","Both","skip-other-users","13966781","Duct Fittings","MHT-ME-DF-Rectangular Shoe Branch - Flanged","","LEVEL 07","Standard","350x300-350x300","350","300","","NWB_DimWidth","350","800","800","SKIP","existing-kept","instance","Shared Parameter","7626175","NWB_DimWidth","String","False","1","1"
"20260810_130056","NWB Dim AutoFill","MECHANICAL DUCTWORK LAYOUT - LEVEL 07","model","selection","skip","Both","skip-other-users","13966781","Duct Fittings","MHT-ME-DF-Rectangular Shoe Branch - Flanged","","LEVEL 07","Standard","350x300-350x300","350","300","","NWB_DimHeight","300","0","0","SKIP","existing-kept","instance","Shared Parameter","7626170","NWB_DimHeight","String","False","1","1"
"20260810_130056","NWB Dim AutoFill","MECHANICAL DUCTWORK LAYOUT - LEVEL 07","model","selection","skip","Both","skip-other-users","13966781","Duct Fittings","MHT-ME-DF-Rectangular Shoe Branch - Flanged","","LEVEL 07","Standard","350x300-350x300","350","300","","NWB_DimDiameter","","","","SKIP","no parsed value","","","","NWB_DimDiameter","","","",""
"20260810_130056","NWB Dim AutoFill","MECHANICAL DUCTWORK LAYOUT - LEVEL 07","model","selection","skip","Both","skip-other-users","13966790","Duct Fittings","MHT-ME-DF-Rectangular Eccentric Taper - Flanged-01","","LEVEL 07","Standard","600x350-300x350","600","350","","NWB_DimWidth","600","300","300","SKIP","existing-kept","instance","Shared Parameter","3045165","NWB_DimWidth","Double","False","2","2"
"20260810_130056","NWB Dim AutoFill","MECHANICAL DUCTWORK LAYOUT - LEVEL 07","model","selection","skip","Both","skip-other-users","13966790","Duct Fittings","MHT-ME-DF-Rectangular Eccentric Taper - Flanged-01","","LEVEL 07","Standard","600x350-300x350","600","350","","NWB_DimHeight","350","300","300","SKIP","existing-kept","instance","Shared Parameter","3045163","NWB_DimHeight","Double","False","2","2"
"20260810_130056","NWB Dim AutoFill","MECHANICAL DUCTWORK LAYOUT - LEVEL 07","model","selection","skip","Both","skip-other-users","13966790","Duct Fittings","MHT-ME-DF-Rectangular Eccentric Taper - Flanged-01","","LEVEL 07","Standard","600x350-300x350","600","350","","NWB_DimDiameter","","","","SKIP","no parsed value","","","","NWB_DimDiameter","","","",""
"20260810_130056","NWB Dim AutoFill","MECHANICAL DUCTWORK LAYOUT - LEVEL 07","model","selection","skip","Both","skip-other-users","13966852","Ducts","Rectangular Duct","","LEVEL 07","Flanged Long Radius Elbows / Shoe Branch","250x250","250","250","","NWB_DimWidth","250","250","250","SKIP","existing-kept","instance","Shared Parameter","7626175","NWB_DimWidth","String","False","1","1"
"20260810_130056","NWB Dim AutoFill","MECHANICAL DUCTWORK LAYOUT - LEVEL 07","model","selection","skip","Both","skip-other-users","13966852","Ducts","Rectangular Duct","","LEVEL 07","Flanged Long Radius Elbows / Shoe Branch","250x250","250","250","","NWB_DimHeight","250","250","250","SKIP","existing-kept","instance","Shared Parameter","7626170","NWB_DimHeight","String","False","1","1"
"20260810_130056","NWB Dim AutoFill","MECHANICAL DUCTWORK LAYOUT - LEVEL 07","model","selection","skip","Both","skip-other-users","13966852","Ducts","Rectangular Duct","","LEVEL 07","Flanged Long Radius Elbows / Shoe Branch","250x250","250","250","","NWB_DimDiameter","","","","SKIP","no parsed value","","","","NWB_DimDiameter","","","",""
"20260810_130056","NWB Dim AutoFill","MECHANICAL DUCTWORK LAYOUT - LEVEL 07","model","selection","skip","Both","skip-other-users","13966859","Duct Fittings","MHT-ME-DF-Rectangular Short Radius Bend - Flanged","","LEVEL 07","MHT-ME-DF-Rectangular Short Radius Bend - Flanged","250x250-250x250","250","250","","NWB_DimWidth","250","350","350","SKIP","existing-kept","instance","Shared Parameter","3045165","NWB_DimWidth","Double","False","2","2"
"20260810_130056","NWB Dim AutoFill","MECHANICAL DUCTWORK LAYOUT - LEVEL 07","model","selection","skip","Both","skip-other-users","13966859","Duct Fittings","MHT-ME-DF-Rectangular Short Radius Bend - Flanged","","LEVEL 07","MHT-ME-DF-Rectangular Short Radius Bend - Flanged","250x250-250x250","250","250","","NWB_DimHeight","250","300","300","SKIP","existing-kept","instance","Shared Parameter","3045163","NWB_DimHeight","Double","False","2","2"
"20260810_130056","NWB Dim AutoFill","MECHANICAL DUCTWORK LAYOUT - LEVEL 07","model","selection","skip","Both","skip-other-users","13966859","Duct Fittings","MHT-ME-DF-Rectangular Short Radius Bend - Flanged","","LEVEL 07","MHT-ME-DF-Rectangular Short Radius Bend - Flanged","250x250-250x250","250","250","","NWB_DimDiameter","","","","SKIP","no parsed value","","","","NWB_DimDiameter","","","",""
"20260810_130056","NWB Dim AutoFill","MECHANICAL DUCTWORK LAYOUT - LEVEL 07","model","selection","skip","Both","skip-other-users","13966898","Duct Fittings","MHT-ME-DF-Rectangular Shoe Branch - Flanged","","LEVEL 07","Standard","250x250-250x250","250","250","","NWB_DimWidth","250","600","600","SKIP","existing-kept","instance","Shared Parameter","7626175","NWB_DimWidth","String","False","1","1"
"20260810_130056","NWB Dim AutoFill","MECHANICAL DUCTWORK LAYOUT - LEVEL 07","model","selection","skip","Both","skip-other-users","13966898","Duct Fittings","MHT-ME-DF-Rectangular Shoe Branch - Flanged","","LEVEL 07","Standard","250x250-250x250","250","250","","NWB_DimHeight","250","0","0","SKIP","existing-kept","instance","Shared Parameter","7626170","NWB_DimHeight","String","False","1","1"
"20260810_130056","NWB Dim AutoFill","MECHANICAL DUCTWORK LAYOUT - LEVEL 07","model","selection","skip","Both","skip-other-users","13966898","Duct Fittings","MHT-ME-DF-Rectangular Shoe Branch - Flanged","","LEVEL 07","Standard","250x250-250x250","250","250","","NWB_DimDiameter","","","","SKIP","no parsed value","","","","NWB_DimDiameter","","","",""
"20260810_130056","NWB Dim AutoFill","MECHANICAL DUCTWORK LAYOUT - LEVEL 07","model","selection","skip","Both","skip-other-users","13966981","Ducts","Rectangular Duct","","LEVEL 07","Flanged Long Radius Elbows / Shoe Branch","300x350","300","350","","NWB_DimWidth","300","300","300","SKIP","existing-kept","instance","Shared Parameter","7626175","NWB_DimWidth","String","False","1","1"
"20260810_130056","NWB Dim AutoFill","MECHANICAL DUCTWORK LAYOUT - LEVEL 07","model","selection","skip","Both","skip-other-users","13966981","Ducts","Rectangular Duct","","LEVEL 07","Flanged Long Radius Elbows / Shoe Branch","300x350","300","350","","NWB_DimHeight","350","350","350","SKIP","existing-kept","instance","Shared Parameter","7626170","NWB_DimHeight","String","False","1","1"
"20260810_130056","NWB Dim AutoFill","MECHANICAL DUCTWORK LAYOUT - LEVEL 07","model","selection","skip","Both","skip-other-users","13966981","Ducts","Rectangular Duct","","LEVEL 07","Flanged Long Radius Elbows / Shoe Branch","300x350","300","350","","NWB_DimDiameter","","","","SKIP","no parsed value","","","","NWB_DimDiameter","","","",""
"20260810_130056","NWB Dim AutoFill","MECHANICAL DUCTWORK LAYOUT - LEVEL 07","model","selection","skip","Both","skip-other-users","13967105","Ducts","Rectangular Duct","","LEVEL 07","Flanged Long Radius Elbows / Shoe Branch","800x450","800","450","","NWB_DimWidth","800","800","800","SKIP","existing-kept","instance","Shared Parameter","7626175","NWB_DimWidth","String","False","1","1"
"20260810_130056","NWB Dim AutoFill","MECHANICAL DUCTWORK LAYOUT - LEVEL 07","model","selection","skip","Both","skip-other-users","13967105","Ducts","Rectangular Duct","","LEVEL 07","Flanged Long Radius Elbows / Shoe Branch","800x450","800","450","","NWB_DimHeight","450","450","450","SKIP","existing-kept","instance","Shared Parameter","7626170","NWB_DimHeight","String","False","1","1"
"20260810_130056","NWB Dim AutoFill","MECHANICAL DUCTWORK LAYOUT - LEVEL 07","model","selection","skip","Both","skip-other-users","13967105","Ducts","Rectangular Duct","","LEVEL 07","Flanged Long Radius Elbows / Shoe Branch","800x450","800","450","","NWB_DimDiameter","","","","SKIP","no parsed value","","","","NWB_DimDiameter","","","",""
"20260810_130056","NWB Dim AutoFill","MECHANICAL DUCTWORK LAYOUT - LEVEL 07","model","selection","skip","Both","skip-other-users","13967112","Ducts","Rectangular Duct","","LEVEL 07","Flanged Long Radius Elbows / Shoe Branch","800x450","800","450","","NWB_DimWidth","800","800","800","SKIP","existing-kept","instance","Shared Parameter","7626175","NWB_DimWidth","String","False","1","1"
"20260810_130056","NWB Dim AutoFill","MECHANICAL DUCTWORK LAYOUT - LEVEL 07","model","selection","skip","Both","skip-other-users","13967112","Ducts","Rectangular Duct","","LEVEL 07","Flanged Long Radius Elbows / Shoe Branch","800x450","800","450","","NWB_DimHeight","450","450","450","SKIP","existing-kept","instance","Shared Parameter","7626170","NWB_DimHeight","String","False","1","1"
"20260810_130056","NWB Dim AutoFill","MECHANICAL DUCTWORK LAYOUT - LEVEL 07","model","selection","skip","Both","skip-other-users","13967112","Ducts","Rectangular Duct","","LEVEL 07","Flanged Long Radius Elbows / Shoe Branch","800x450","800","450","","NWB_DimDiameter","","","","SKIP","no parsed value","","","","NWB_DimDiameter","","","",""
"20260810_130056","NWB Dim AutoFill","MECHANICAL DUCTWORK LAYOUT - LEVEL 07","model","selection","skip","Both","skip-other-users","13967119","Duct Fittings","MHT-ME-DF-Rectangular Short Radius Bend - Flanged","","LEVEL 07","MHT-ME-DF-Rectangular Short Radius Bend - Flanged","800x450-800x450","800","450","","NWB_DimWidth","800","250","250","SKIP","existing-kept","instance","Shared Parameter","3045165","NWB_DimWidth","Double","False","2","2"
"20260810_130056","NWB Dim AutoFill","MECHANICAL DUCTWORK LAYOUT - LEVEL 07","model","selection","skip","Both","skip-other-users","13967119","Duct Fittings","MHT-ME-DF-Rectangular Short Radius Bend - Flanged","","LEVEL 07","MHT-ME-DF-Rectangular Short Radius Bend - Flanged","800x450-800x450","800","450","","NWB_DimHeight","450","250","250","SKIP","existing-kept","instance","Shared Parameter","3045163","NWB_DimHeight","Double","False","2","2"
"20260810_130056","NWB Dim AutoFill","MECHANICAL DUCTWORK LAYOUT - LEVEL 07","model","selection","skip","Both","skip-other-users","13967119","Duct Fittings","MHT-ME-DF-Rectangular Short Radius Bend - Flanged","","LEVEL 07","MHT-ME-DF-Rectangular Short Radius Bend - Flanged","800x450-800x450","800","450","","NWB_DimDiameter","","","","SKIP","no parsed value","","","","NWB_DimDiameter","","","",""
"20260810_130056","NWB Dim AutoFill","MECHANICAL DUCTWORK LAYOUT - LEVEL 07","model","selection","skip","Both","skip-other-users","13967120","Ducts","Rectangular Duct","","LEVEL 07","Flanged Long Radius Elbows / Shoe Branch","800x450","800","450","","NWB_DimWidth","800","800","800","SKIP","existing-kept","instance","Shared Parameter","7626175","NWB_DimWidth","String","False","1","1"
"20260810_130056","NWB Dim AutoFill","MECHANICAL DUCTWORK LAYOUT - LEVEL 07","model","selection","skip","Both","skip-other-users","13967120","Ducts","Rectangular Duct","","LEVEL 07","Flanged Long Radius Elbows / Shoe Branch","800x450","800","450","","NWB_DimHeight","450","450","450","SKIP","existing-kept","instance","Shared Parameter","7626170","NWB_DimHeight","String","False","1","1"
"20260810_130056","NWB Dim AutoFill","MECHANICAL DUCTWORK LAYOUT - LEVEL 07","model","selection","skip","Both","skip-other-users","13967120","Ducts","Rectangular Duct","","LEVEL 07","Flanged Long Radius Elbows / Shoe Branch","800x450","800","450","","NWB_DimDiameter","","","","SKIP","no parsed value","","","","NWB_DimDiameter","","","",""
"20260810_130056","NWB Dim AutoFill","MECHANICAL DUCTWORK LAYOUT - LEVEL 07","model","selection","skip","Both","skip-other-users","13967125","Duct Fittings","MHT-ME-DF-Rectangular Short Radius Bend - Flanged","","LEVEL 07","MHT-ME-DF-Rectangular Short Radius Bend - Flanged","800x450-800x450","800","450","","NWB_DimWidth","800","250","250","SKIP","existing-kept","instance","Shared Parameter","3045165","NWB_DimWidth","Double","False","2","2"
"20260810_130056","NWB Dim AutoFill","MECHANICAL DUCTWORK LAYOUT - LEVEL 07","model","selection","skip","Both","skip-other-users","13967125","Duct Fittings","MHT-ME-DF-Rectangular Short Radius Bend - Flanged","","LEVEL 07","MHT-ME-DF-Rectangular Short Radius Bend - Flanged","800x450-800x450","800","450","","NWB_DimHeight","450","250","250","SKIP","existing-kept","instance","Shared Parameter","3045163","NWB_DimHeight","Double","False","2","2"
"20260810_130056","NWB Dim AutoFill","MECHANICAL DUCTWORK LAYOUT - LEVEL 07","model","selection","skip","Both","skip-other-users","13967125","Duct Fittings","MHT-ME-DF-Rectangular Short Radius Bend - Flanged","","LEVEL 07","MHT-ME-DF-Rectangular Short Radius Bend - Flanged","800x450-800x450","800","450","","NWB_DimDiameter","","","","SKIP","no parsed value","","","","NWB_DimDiameter","","","",""
"20260810_130056","NWB Dim AutoFill","MECHANICAL DUCTWORK LAYOUT - LEVEL 07","model","selection","skip","Both","skip-other-users","13967126","Ducts","Rectangular Duct","","LEVEL 07","Flanged Long Radius Elbows / Shoe Branch","800x450","800","450","","NWB_DimWidth","800","800","800","SKIP","existing-kept","instance","Shared Parameter","7626175","NWB_DimWidth","String","False","1","1"
"20260810_130056","NWB Dim AutoFill","MECHANICAL DUCTWORK LAYOUT - LEVEL 07","model","selection","skip","Both","skip-other-users","13967126","Ducts","Rectangular Duct","","LEVEL 07","Flanged Long Radius Elbows / Shoe Branch","800x450","800","450","","NWB_DimHeight","450","450","450","SKIP","existing-kept","instance","Shared Parameter","7626170","NWB_DimHeight","String","False","1","1"
"20260810_130056","NWB Dim AutoFill","MECHANICAL DUCTWORK LAYOUT - LEVEL 07","model","selection","skip","Both","skip-other-users","13967126","Ducts","Rectangular Duct","","LEVEL 07","Flanged Long Radius Elbows / Shoe Branch","800x450","800","450","","NWB_DimDiameter","","","","SKIP","no parsed value","","","","NWB_DimDiameter","","","",""
"20260810_130056","NWB Dim AutoFill","MECHANICAL DUCTWORK LAYOUT - LEVEL 07","model","selection","skip","Both","skip-other-users","13967139","Duct Fittings","MHT-ME-DF-Rectangular Short Radius Bend - Flanged","","LEVEL 07","MHT-ME-DF-Rectangular Short Radius Bend - Flanged","800x450-800x450","800","450","","NWB_DimWidth","800","800","800","SKIP","existing-kept","instance","Shared Parameter","3045165","NWB_DimWidth","Double","False","2","2"
"20260810_130056","NWB Dim AutoFill","MECHANICAL DUCTWORK LAYOUT - LEVEL 07","model","selection","skip","Both","skip-other-users","13967139","Duct Fittings","MHT-ME-DF-Rectangular Short Radius Bend - Flanged","","LEVEL 07","MHT-ME-DF-Rectangular Short Radius Bend - Flanged","800x450-800x450","800","450","","NWB_DimHeight","450","450","450","SKIP","existing-kept","instance","Shared Parameter","3045163","NWB_DimHeight","Double","False","2","2"
"20260810_130056","NWB Dim AutoFill","MECHANICAL DUCTWORK LAYOUT - LEVEL 07","model","selection","skip","Both","skip-other-users","13967139","Duct Fittings","MHT-ME-DF-Rectangular Short Radius Bend - Flanged","","LEVEL 07","MHT-ME-DF-Rectangular Short Radius Bend - Flanged","800x450-800x450","800","450","","NWB_DimDiameter","","","","SKIP","no parsed value","","","","NWB_DimDiameter","","","",""
"20260810_130056","NWB Dim AutoFill","MECHANICAL DUCTWORK LAYOUT - LEVEL 07","model","selection","skip","Both","skip-other-users","13967140","Ducts","Rectangular Duct","","LEVEL 07","Flanged Long Radius Elbows / Shoe Branch","800x450","800","450","","NWB_DimWidth","800","800","800","SKIP","existing-kept","instance","Shared Parameter","7626175","NWB_DimWidth","String","False","1","1"
"20260810_130056","NWB Dim AutoFill","MECHANICAL DUCTWORK LAYOUT - LEVEL 07","model","selection","skip","Both","skip-other-users","13967140","Ducts","Rectangular Duct","","LEVEL 07","Flanged Long Radius Elbows / Shoe Branch","800x450","800","450","","NWB_DimHeight","450","450","450","SKIP","existing-kept","instance","Shared Parameter","7626170","NWB_DimHeight","String","False","1","1"
"20260810_130056","NWB Dim AutoFill","MECHANICAL DUCTWORK LAYOUT - LEVEL 07","model","selection","skip","Both","skip-other-users","13967140","Ducts","Rectangular Duct","","LEVEL 07","Flanged Long Radius Elbows / Shoe Branch","800x450","800","450","","NWB_DimDiameter","","","","SKIP","no parsed value","","","","NWB_DimDiameter","","","",""
"20260810_130056","NWB Dim AutoFill","MECHANICAL DUCTWORK LAYOUT - LEVEL 07","model","selection","skip","Both","skip-other-users","13967145","Duct Fittings","MHT-ME-DF-Rectangular Short Radius Bend - Flanged","","LEVEL 07","MHT-ME-DF-Rectangular Short Radius Bend - Flanged","800x450-800x450","800","450","","NWB_DimWidth","800","800","800","SKIP","existing-kept","instance","Shared Parameter","3045165","NWB_DimWidth","Double","False","2","2"
"20260810_130056","NWB Dim AutoFill","MECHANICAL DUCTWORK LAYOUT - LEVEL 07","model","selection","skip","Both","skip-other-users","13967145","Duct Fittings","MHT-ME-DF-Rectangular Short Radius Bend - Flanged","","LEVEL 07","MHT-ME-DF-Rectangular Short Radius Bend - Flanged","800x450-800x450","800","450","","NWB_DimHeight","450","450","450","SKIP","existing-kept","instance","Shared Parameter","3045163","NWB_DimHeight","Double","False","2","2"
"20260810_130056","NWB Dim AutoFill","MECHANICAL DUCTWORK LAYOUT - LEVEL 07","model","selection","skip","Both","skip-other-users","13967145","Duct Fittings","MHT-ME-DF-Rectangular Short Radius Bend - Flanged","","LEVEL 07","MHT-ME-DF-Rectangular Short Radius Bend - Flanged","800x450-800x450","800","450","","NWB_DimDiameter","","","","SKIP","no parsed value","","","","NWB_DimDiameter","","","",""
"20260810_130056","NWB Dim AutoFill","MECHANICAL DUCTWORK LAYOUT - LEVEL 07","model","selection","skip","Both","skip-other-users","13967290","Air Terminals","MHT_AT_S Air Diff Swirl","","LEVEL 07","No Damper 300X300","600x300","600","300","200","NWB_DimDiameter","200","200ø","200ø","SKIP","existing-kept","instance","Shared Parameter","7626172","NWB_DimDiameter","String","False","1","1"
"20260810_130056","NWB Dim AutoFill","MECHANICAL DUCTWORK LAYOUT - LEVEL 07","model","selection","skip","Both","skip-other-users","13967618","Air Terminals","MHT_AT_S Air Diff Swirl","","LEVEL 07","No Damper 300X300","600x350","600","350","250","NWB_DimDiameter","250","250ø","250ø","SKIP","existing-kept","instance","Shared Parameter","7626172","NWB_DimDiameter","String","False","1","1"
"20260810_130056","NWB Dim AutoFill","MECHANICAL DUCTWORK LAYOUT - LEVEL 07","model","selection","skip","Both","skip-other-users","13968135","Duct Fittings","MHT-ME-DF-Rectangular Short Radius Bend - Flanged","","LEVEL 07","MHT-ME-DF-Rectangular Short Radius Bend - Flanged","800x450-800x450","800","450","","NWB_DimWidth","800","800","800","SKIP","existing-kept","instance","Shared Parameter","3045165","NWB_DimWidth","Double","False","2","2"
"20260810_130056","NWB Dim AutoFill","MECHANICAL DUCTWORK LAYOUT - LEVEL 07","model","selection","skip","Both","skip-other-users","13968135","Duct Fittings","MHT-ME-DF-Rectangular Short Radius Bend - Flanged","","LEVEL 07","MHT-ME-DF-Rectangular Short Radius Bend - Flanged","800x450-800x450","800","450","","NWB_DimHeight","450","450","450","SKIP","existing-kept","instance","Shared Parameter","3045163","NWB_DimHeight","Double","False","2","2"
"20260810_130056","NWB Dim AutoFill","MECHANICAL DUCTWORK LAYOUT - LEVEL 07","model","selection","skip","Both","skip-other-users","13968135","Duct Fittings","MHT-ME-DF-Rectangular Short Radius Bend - Flanged","","LEVEL 07","MHT-ME-DF-Rectangular Short Radius Bend - Flanged","800x450-800x450","800","450","","NWB_DimDiameter","","","","SKIP","no parsed value","","","","NWB_DimDiameter","","","",""
"20260810_130056","NWB Dim AutoFill","MECHANICAL DUCTWORK LAYOUT - LEVEL 07","model","selection","skip","Both","skip-other-users","13968432","Ducts","Rectangular Duct","","LEVEL 07","Flanged Long Radius Elbows / Shoe Branch","400x300","400","300","","NWB_DimWidth","400","200","200","SKIP","existing-kept","instance","Shared Parameter","7626175","NWB_DimWidth","String","False","1","1"
"20260810_130056","NWB Dim AutoFill","MECHANICAL DUCTWORK LAYOUT - LEVEL 07","model","selection","skip","Both","skip-other-users","13968432","Ducts","Rectangular Duct","","LEVEL 07","Flanged Long Radius Elbows / Shoe Branch","400x300","400","300","","NWB_DimHeight","300","250","250","SKIP","existing-kept","instance","Shared Parameter","7626170","NWB_DimHeight","String","False","1","1"
"20260810_130056","NWB Dim AutoFill","MECHANICAL DUCTWORK LAYOUT - LEVEL 07","model","selection","skip","Both","skip-other-users","13968432","Ducts","Rectangular Duct","","LEVEL 07","Flanged Long Radius Elbows / Shoe Branch","400x300","400","300","","NWB_DimDiameter","","","","SKIP","no parsed value","","","","NWB_DimDiameter","","","",""
"20260810_130056","NWB Dim AutoFill","MECHANICAL DUCTWORK LAYOUT - LEVEL 07","model","selection","skip","Both","skip-other-users","13968439","Duct Fittings","MHT-ME-DF-Rectangular Short Radius Bend - Flanged","","LEVEL 07","MHT-ME-DF-Rectangular Short Radius Bend - Flanged","400x300-400x300","400","300","","NWB_DimWidth","400","800","800","SKIP","existing-kept","instance","Shared Parameter","3045165","NWB_DimWidth","Double","False","2","2"
"20260810_130056","NWB Dim AutoFill","MECHANICAL DUCTWORK LAYOUT - LEVEL 07","model","selection","skip","Both","skip-other-users","13968439","Duct Fittings","MHT-ME-DF-Rectangular Short Radius Bend - Flanged","","LEVEL 07","MHT-ME-DF-Rectangular Short Radius Bend - Flanged","400x300-400x300","400","300","","NWB_DimHeight","300","450","450","SKIP","existing-kept","instance","Shared Parameter","3045163","NWB_DimHeight","Double","False","2","2"
"20260810_130056","NWB Dim AutoFill","MECHANICAL DUCTWORK LAYOUT - LEVEL 07","model","selection","skip","Both","skip-other-users","13968439","Duct Fittings","MHT-ME-DF-Rectangular Short Radius Bend - Flanged","","LEVEL 07","MHT-ME-DF-Rectangular Short Radius Bend - Flanged","400x300-400x300","400","300","","NWB_DimDiameter","","","","SKIP","no parsed value","","","","NWB_DimDiameter","","","",""
"20260810_130056","NWB Dim AutoFill","MECHANICAL DUCTWORK LAYOUT - LEVEL 07","model","selection","skip","Both","skip-other-users","13968440","Ducts","Rectangular Duct","","LEVEL 07","Flanged Long Radius Elbows / Shoe Branch","400x300","400","300","","NWB_DimWidth","400","200","200","SKIP","existing-kept","instance","Shared Parameter","7626175","NWB_DimWidth","String","False","1","1"
"20260810_130056","NWB Dim AutoFill","MECHANICAL DUCTWORK LAYOUT - LEVEL 07","model","selection","skip","Both","skip-other-users","13968440","Ducts","Rectangular Duct","","LEVEL 07","Flanged Long Radius Elbows / Shoe Branch","400x300","400","300","","NWB_DimHeight","300","250","250","SKIP","existing-kept","instance","Shared Parameter","7626170","NWB_DimHeight","String","False","1","1"
"20260810_130056","NWB Dim AutoFill","MECHANICAL DUCTWORK LAYOUT - LEVEL 07","model","selection","skip","Both","skip-other-users","13968440","Ducts","Rectangular Duct","","LEVEL 07","Flanged Long Radius Elbows / Shoe Branch","400x300","400","300","","NWB_DimDiameter","","","","SKIP","no parsed value","","","","NWB_DimDiameter","","","",""
"20260810_130056","NWB Dim AutoFill","MECHANICAL DUCTWORK LAYOUT - LEVEL 07","model","selection","skip","Both","skip-other-users","13968445","Duct Fittings","MHT-ME-DF-Rectangular Short Radius Bend - Flanged","","LEVEL 07","MHT-ME-DF-Rectangular Short Radius Bend - Flanged","400x300-400x300","400","300","","NWB_DimWidth","400","800","800","SKIP","existing-kept","instance","Shared Parameter","3045165","NWB_DimWidth","Double","False","2","2"
"20260810_130056","NWB Dim AutoFill","MECHANICAL DUCTWORK LAYOUT - LEVEL 07","model","selection","skip","Both","skip-other-users","13968445","Duct Fittings","MHT-ME-DF-Rectangular Short Radius Bend - Flanged","","LEVEL 07","MHT-ME-DF-Rectangular Short Radius Bend - Flanged","400x300-400x300","400","300","","NWB_DimHeight","300","450","450","SKIP","existing-kept","instance","Shared Parameter","3045163","NWB_DimHeight","Double","False","2","2"
"20260810_130056","NWB Dim AutoFill","MECHANICAL DUCTWORK LAYOUT - LEVEL 07","model","selection","skip","Both","skip-other-users","13968445","Duct Fittings","MHT-ME-DF-Rectangular Short Radius Bend - Flanged","","LEVEL 07","MHT-ME-DF-Rectangular Short Radius Bend - Flanged","400x300-400x300","400","300","","NWB_DimDiameter","","","","SKIP","no parsed value","","","","NWB_DimDiameter","","","",""
"20260810_130056","NWB Dim AutoFill","MECHANICAL DUCTWORK LAYOUT - LEVEL 07","model","selection","skip","Both","skip-other-users","13968630","Ducts","Rectangular Duct","","LEVEL 07","Flanged Long Radius Elbows / Shoe Branch","500x350","500","350","","NWB_DimWidth","500","500","500","SKIP","existing-kept","instance","Shared Parameter","7626175","NWB_DimWidth","String","False","1","1"
"20260810_130056","NWB Dim AutoFill","MECHANICAL DUCTWORK LAYOUT - LEVEL 07","model","selection","skip","Both","skip-other-users","13968630","Ducts","Rectangular Duct","","LEVEL 07","Flanged Long Radius Elbows / Shoe Branch","500x350","500","350","","NWB_DimHeight","350","350","350","SKIP","existing-kept","instance","Shared Parameter","7626170","NWB_DimHeight","String","False","1","1"
"20260810_130056","NWB Dim AutoFill","MECHANICAL DUCTWORK LAYOUT - LEVEL 07","model","selection","skip","Both","skip-other-users","13968630","Ducts","Rectangular Duct","","LEVEL 07","Flanged Long Radius Elbows / Shoe Branch","500x350","500","350","","NWB_DimDiameter","","","","SKIP","no parsed value","","","","NWB_DimDiameter","","","",""
"20260810_130056","NWB Dim AutoFill","MECHANICAL DUCTWORK LAYOUT - LEVEL 07","model","selection","skip","Both","skip-other-users","13968637","Ducts","Rectangular Duct","","LEVEL 07","Flanged Long Radius Elbows / Shoe Branch","200x250","200","250","","NWB_DimWidth","200","200","200","SKIP","existing-kept","instance","Shared Parameter","7626175","NWB_DimWidth","String","False","1","1"
"20260810_130056","NWB Dim AutoFill","MECHANICAL DUCTWORK LAYOUT - LEVEL 07","model","selection","skip","Both","skip-other-users","13968637","Ducts","Rectangular Duct","","LEVEL 07","Flanged Long Radius Elbows / Shoe Branch","200x250","200","250","","NWB_DimHeight","250","250","250","SKIP","existing-kept","instance","Shared Parameter","7626170","NWB_DimHeight","String","False","1","1"
"20260810_130056","NWB Dim AutoFill","MECHANICAL DUCTWORK LAYOUT - LEVEL 07","model","selection","skip","Both","skip-other-users","13968637","Ducts","Rectangular Duct","","LEVEL 07","Flanged Long Radius Elbows / Shoe Branch","200x250","200","250","","NWB_DimDiameter","","","","SKIP","no parsed value","","","","NWB_DimDiameter","","","",""
"20260810_130056","NWB Dim AutoFill","MECHANICAL DUCTWORK LAYOUT - LEVEL 07","model","selection","skip","Both","skip-other-users","13968642","Duct Fittings","MHT-ME-DF-Rectangular Short Radius Bend - Flanged","","LEVEL 07","MHT-ME-DF-Rectangular Short Radius Bend - Flanged","500x350-500x350","500","350","","NWB_DimWidth","500","200","200","SKIP","existing-kept","instance","Shared Parameter","3045165","NWB_DimWidth","Double","False","2","2"
"20260810_130056","NWB Dim AutoFill","MECHANICAL DUCTWORK LAYOUT - LEVEL 07","model","selection","skip","Both","skip-other-users","13968642","Duct Fittings","MHT-ME-DF-Rectangular Short Radius Bend - Flanged","","LEVEL 07","MHT-ME-DF-Rectangular Short Radius Bend - Flanged","500x350-500x350","500","350","","NWB_DimHeight","350","250","250","SKIP","existing-kept","instance","Shared Parameter","3045163","NWB_DimHeight","Double","False","2","2"
"20260810_130056","NWB Dim AutoFill","MECHANICAL DUCTWORK LAYOUT - LEVEL 07","model","selection","skip","Both","skip-other-users","13968642","Duct Fittings","MHT-ME-DF-Rectangular Short Radius Bend - Flanged","","LEVEL 07","MHT-ME-DF-Rectangular Short Radius Bend - Flanged","500x350-500x350","500","350","","NWB_DimDiameter","","","","SKIP","no parsed value","","","","NWB_DimDiameter","","","",""
"20260810_130056","NWB Dim AutoFill","MECHANICAL DUCTWORK LAYOUT - LEVEL 07","model","selection","skip","Both","skip-other-users","13968643","Ducts","Rectangular Duct","","LEVEL 07","Flanged Long Radius Elbows / Shoe Branch","200x250","200","250","","NWB_DimWidth","200","200","200","SKIP","existing-kept","instance","Shared Parameter","7626175","NWB_DimWidth","String","False","1","1"
"20260810_130056","NWB Dim AutoFill","MECHANICAL DUCTWORK LAYOUT - LEVEL 07","model","selection","skip","Both","skip-other-users","13968643","Ducts","Rectangular Duct","","LEVEL 07","Flanged Long Radius Elbows / Shoe Branch","200x250","200","250","","NWB_DimHeight","250","250","250","SKIP","existing-kept","instance","Shared Parameter","7626170","NWB_DimHeight","String","False","1","1"
"20260810_130056","NWB Dim AutoFill","MECHANICAL DUCTWORK LAYOUT - LEVEL 07","model","selection","skip","Both","skip-other-users","13968643","Ducts","Rectangular Duct","","LEVEL 07","Flanged Long Radius Elbows / Shoe Branch","200x250","200","250","","NWB_DimDiameter","","","","SKIP","no parsed value","","","","NWB_DimDiameter","","","",""
"20260810_130056","NWB Dim AutoFill","MECHANICAL DUCTWORK LAYOUT - LEVEL 07","model","selection","skip","Both","skip-other-users","13968651","Duct Fittings","MHT-ME-DF-Rectangular Short Radius Bend - Flanged","","LEVEL 07","MHT-ME-DF-Rectangular Short Radius Bend - Flanged","200x250-200x250","200","250","","NWB_DimWidth","200","200","200","SKIP","existing-kept","instance","Shared Parameter","3045165","NWB_DimWidth","Double","False","2","2"
"20260810_130056","NWB Dim AutoFill","MECHANICAL DUCTWORK LAYOUT - LEVEL 07","model","selection","skip","Both","skip-other-users","13968651","Duct Fittings","MHT-ME-DF-Rectangular Short Radius Bend - Flanged","","LEVEL 07","MHT-ME-DF-Rectangular Short Radius Bend - Flanged","200x250-200x250","200","250","","NWB_DimHeight","250","250","250","SKIP","existing-kept","instance","Shared Parameter","3045163","NWB_DimHeight","Double","False","2","2"
"20260810_130056","NWB Dim AutoFill","MECHANICAL DUCTWORK LAYOUT - LEVEL 07","model","selection","skip","Both","skip-other-users","13968651","Duct Fittings","MHT-ME-DF-Rectangular Short Radius Bend - Flanged","","LEVEL 07","MHT-ME-DF-Rectangular Short Radius Bend - Flanged","200x250-200x250","200","250","","NWB_DimDiameter","","","","SKIP","no parsed value","","","","NWB_DimDiameter","","","",""
"20260810_130056","NWB Dim AutoFill","MECHANICAL DUCTWORK LAYOUT - LEVEL 07","model","selection","skip","Both","skip-other-users","13968667","Air Terminals","MHT_AT_S Air Diff Swirl","","LEVEL 07","No Damper 300X300","600x300","600","300","200","NWB_DimDiameter","200","200ø","200ø","SKIP","existing-kept","instance","Shared Parameter","7626172","NWB_DimDiameter","String","False","1","1"
"20260810_130056","NWB Dim AutoFill","MECHANICAL DUCTWORK LAYOUT - LEVEL 07","model","selection","skip","Both","skip-other-users","13968801","Air Terminals","MHT_AT_S Air Diff Swirl","","LEVEL 07","No Damper 300X300","600x300","600","300","200","NWB_DimDiameter","200","200ø","200ø","SKIP","existing-kept","instance","Shared Parameter","7626172","NWB_DimDiameter","String","False","1","1"
"20260810_130056","NWB Dim AutoFill","MECHANICAL DUCTWORK LAYOUT - LEVEL 07","model","selection","skip","Both","skip-other-users","13969201","Air Terminals","MHT_AT_S Air Diff Swirl","","LEVEL 07","No Damper 300X300","600x300","600","300","200","NWB_DimDiameter","200","200ø","200ø","SKIP","existing-kept","instance","Shared Parameter","7626172","NWB_DimDiameter","String","False","1","1"
"20260810_130056","NWB Dim AutoFill","MECHANICAL DUCTWORK LAYOUT - LEVEL 07","model","selection","skip","Both","skip-other-users","13969251","Air Terminals","MHT_AT_S Air Diff Swirl","","LEVEL 07","No Damper 300X300","600x250","600","250","150","NWB_DimDiameter","150","150ø","150ø","SKIP","existing-kept","instance","Shared Parameter","7626172","NWB_DimDiameter","String","False","1","1"
"20260810_130056","NWB Dim AutoFill","MECHANICAL DUCTWORK LAYOUT - LEVEL 07","model","selection","skip","Both","skip-other-users","13969304","Air Terminals","MHT_AT_S Air Diff Swirl","","LEVEL 07","No Damper 300X300","600x250","600","250","150","NWB_DimDiameter","150","150ø","150ø","SKIP","existing-kept","instance","Shared Parameter","7626172","NWB_DimDiameter","String","False","1","1"
"20260810_130056","NWB Dim AutoFill","MECHANICAL DUCTWORK LAYOUT - LEVEL 07","model","selection","skip","Both","skip-other-users","13970312","Ducts","Rectangular Duct","","LEVEL 07","Flanged Long Radius Elbows / Shoe Branch","300x300","300","300","","NWB_DimWidth","300","300","300","SKIP","existing-kept","instance","Shared Parameter","7626175","NWB_DimWidth","String","False","1","1"
"20260810_130056","NWB Dim AutoFill","MECHANICAL DUCTWORK LAYOUT - LEVEL 07","model","selection","skip","Both","skip-other-users","13970312","Ducts","Rectangular Duct","","LEVEL 07","Flanged Long Radius Elbows / Shoe Branch","300x300","300","300","","NWB_DimHeight","300","300","300","SKIP","existing-kept","instance","Shared Parameter","7626170","NWB_DimHeight","String","False","1","1"
"20260810_130056","NWB Dim AutoFill","MECHANICAL DUCTWORK LAYOUT - LEVEL 07","model","selection","skip","Both","skip-other-users","13970312","Ducts","Rectangular Duct","","LEVEL 07","Flanged Long Radius Elbows / Shoe Branch","300x300","300","300","","NWB_DimDiameter","","","","SKIP","no parsed value","","","","NWB_DimDiameter","","","",""
"20260810_130056","NWB Dim AutoFill","MECHANICAL DUCTWORK LAYOUT - LEVEL 07","model","selection","skip","Both","skip-other-users","13970320","Ducts","Rectangular Duct","","LEVEL 07","Flanged Long Radius Elbows / Shoe Branch","300x300","300","300","","NWB_DimWidth","300","300","300","SKIP","existing-kept","instance","Shared Parameter","7626175","NWB_DimWidth","String","False","1","1"
"20260810_130056","NWB Dim AutoFill","MECHANICAL DUCTWORK LAYOUT - LEVEL 07","model","selection","skip","Both","skip-other-users","13970320","Ducts","Rectangular Duct","","LEVEL 07","Flanged Long Radius Elbows / Shoe Branch","300x300","300","300","","NWB_DimHeight","300","300","300","SKIP","existing-kept","instance","Shared Parameter","7626170","NWB_DimHeight","String","False","1","1"
"20260810_130056","NWB Dim AutoFill","MECHANICAL DUCTWORK LAYOUT - LEVEL 07","model","selection","skip","Both","skip-other-users","13970320","Ducts","Rectangular Duct","","LEVEL 07","Flanged Long Radius Elbows / Shoe Branch","300x300","300","300","","NWB_DimDiameter","","","","SKIP","no parsed value","","","","NWB_DimDiameter","","","",""
"20260810_130056","NWB Dim AutoFill","MECHANICAL DUCTWORK LAYOUT - LEVEL 07","model","selection","skip","Both","skip-other-users","13970325","Duct Fittings","MHT-ME-DF-Rectangular Short Radius Bend - Flanged","","LEVEL 07","MHT-ME-DF-Rectangular Short Radius Bend - Flanged","300x300-300x300","300","300","","NWB_DimWidth","300","500","500","SKIP","existing-kept","instance","Shared Parameter","3045165","NWB_DimWidth","Double","False","2","2"
"20260810_130056","NWB Dim AutoFill","MECHANICAL DUCTWORK LAYOUT - LEVEL 07","model","selection","skip","Both","skip-other-users","13970325","Duct Fittings","MHT-ME-DF-Rectangular Short Radius Bend - Flanged","","LEVEL 07","MHT-ME-DF-Rectangular Short Radius Bend - Flanged","300x300-300x300","300","300","","NWB_DimHeight","300","350","350","SKIP","existing-kept","instance","Shared Parameter","3045163","NWB_DimHeight","Double","False","2","2"
"20260810_130056","NWB Dim AutoFill","MECHANICAL DUCTWORK LAYOUT - LEVEL 07","model","selection","skip","Both","skip-other-users","13970325","Duct Fittings","MHT-ME-DF-Rectangular Short Radius Bend - Flanged","","LEVEL 07","MHT-ME-DF-Rectangular Short Radius Bend - Flanged","300x300-300x300","300","300","","NWB_DimDiameter","","","","SKIP","no parsed value","","","","NWB_DimDiameter","","","",""
"20260810_130056","NWB Dim AutoFill","MECHANICAL DUCTWORK LAYOUT - LEVEL 07","model","selection","skip","Both","skip-other-users","13970326","Ducts","Rectangular Duct","","LEVEL 07","Flanged Long Radius Elbows / Shoe Branch","300x300","300","300","","NWB_DimWidth","300","300","300","SKIP","existing-kept","instance","Shared Parameter","7626175","NWB_DimWidth","String","False","1","1"
"20260810_130056","NWB Dim AutoFill","MECHANICAL DUCTWORK LAYOUT - LEVEL 07","model","selection","skip","Both","skip-other-users","13970326","Ducts","Rectangular Duct","","LEVEL 07","Flanged Long Radius Elbows / Shoe Branch","300x300","300","300","","NWB_DimHeight","300","300","300","SKIP","existing-kept","instance","Shared Parameter","7626170","NWB_DimHeight","String","False","1","1"
"20260810_130056","NWB Dim AutoFill","MECHANICAL DUCTWORK LAYOUT - LEVEL 07","model","selection","skip","Both","skip-other-users","13970326","Ducts","Rectangular Duct","","LEVEL 07","Flanged Long Radius Elbows / Shoe Branch","300x300","300","300","","NWB_DimDiameter","","","","SKIP","no parsed value","","","","NWB_DimDiameter","","","",""
"20260810_130056","NWB Dim AutoFill","MECHANICAL DUCTWORK LAYOUT - LEVEL 07","model","selection","skip","Both","skip-other-users","13970333","Duct Fittings","MHT-ME-DF-Rectangular Short Radius Bend - Flanged","","LEVEL 07","MHT-ME-DF-Rectangular Short Radius Bend - Flanged","300x300-300x300","300","300","","NWB_DimWidth","300","200","200","SKIP","existing-kept","instance","Shared Parameter","3045165","NWB_DimWidth","Double","False","2","2"
"20260810_130056","NWB Dim AutoFill","MECHANICAL DUCTWORK LAYOUT - LEVEL 07","model","selection","skip","Both","skip-other-users","13970333","Duct Fittings","MHT-ME-DF-Rectangular Short Radius Bend - Flanged","","LEVEL 07","MHT-ME-DF-Rectangular Short Radius Bend - Flanged","300x300-300x300","300","300","","NWB_DimHeight","300","250","250","SKIP","existing-kept","instance","Shared Parameter","3045163","NWB_DimHeight","Double","False","2","2"
"20260810_130056","NWB Dim AutoFill","MECHANICAL DUCTWORK LAYOUT - LEVEL 07","model","selection","skip","Both","skip-other-users","13970333","Duct Fittings","MHT-ME-DF-Rectangular Short Radius Bend - Flanged","","LEVEL 07","MHT-ME-DF-Rectangular Short Radius Bend - Flanged","300x300-300x300","300","300","","NWB_DimDiameter","","","","SKIP","no parsed value","","","","NWB_DimDiameter","","","",""
"20260810_130056","NWB Dim AutoFill","MECHANICAL DUCTWORK LAYOUT - LEVEL 07","model","selection","skip","Both","skip-other-users","13970388","Ducts","Rectangular Duct","","LEVEL 07","Flanged Long Radius Elbows / Shoe Branch","500x350","500","350","","NWB_DimWidth","500","500","500","SKIP","existing-kept","instance","Shared Parameter","7626175","NWB_DimWidth","String","False","1","1"
"20260810_130056","NWB Dim AutoFill","MECHANICAL DUCTWORK LAYOUT - LEVEL 07","model","selection","skip","Both","skip-other-users","13970388","Ducts","Rectangular Duct","","LEVEL 07","Flanged Long Radius Elbows / Shoe Branch","500x350","500","350","","NWB_DimHeight","350","350","350","SKIP","existing-kept","instance","Shared Parameter","7626170","NWB_DimHeight","String","False","1","1"
"20260810_130056","NWB Dim AutoFill","MECHANICAL DUCTWORK LAYOUT - LEVEL 07","model","selection","skip","Both","skip-other-users","13970388","Ducts","Rectangular Duct","","LEVEL 07","Flanged Long Radius Elbows / Shoe Branch","500x350","500","350","","NWB_DimDiameter","","","","SKIP","no parsed value","","","","NWB_DimDiameter","","","",""
"20260810_130056","NWB Dim AutoFill","MECHANICAL DUCTWORK LAYOUT - LEVEL 07","model","selection","skip","Both","skip-other-users","13970396","Ducts","Rectangular Duct","","LEVEL 07","Flanged Long Radius Elbows / Shoe Branch","500x350","500","350","","NWB_DimWidth","500","500","500","SKIP","existing-kept","instance","Shared Parameter","7626175","NWB_DimWidth","String","False","1","1"
"20260810_130056","NWB Dim AutoFill","MECHANICAL DUCTWORK LAYOUT - LEVEL 07","model","selection","skip","Both","skip-other-users","13970396","Ducts","Rectangular Duct","","LEVEL 07","Flanged Long Radius Elbows / Shoe Branch","500x350","500","350","","NWB_DimHeight","350","350","350","SKIP","existing-kept","instance","Shared Parameter","7626170","NWB_DimHeight","String","False","1","1"
"20260810_130056","NWB Dim AutoFill","MECHANICAL DUCTWORK LAYOUT - LEVEL 07","model","selection","skip","Both","skip-other-users","13970396","Ducts","Rectangular Duct","","LEVEL 07","Flanged Long Radius Elbows / Shoe Branch","500x350","500","350","","NWB_DimDiameter","","","","SKIP","no parsed value","","","","NWB_DimDiameter","","","",""
"20260810_130056","NWB Dim AutoFill","MECHANICAL DUCTWORK LAYOUT - LEVEL 07","model","selection","skip","Both","skip-other-users","13970401","Duct Fittings","MHT-ME-DF-Rectangular Short Radius Bend - Flanged","","LEVEL 07","MHT-ME-DF-Rectangular Short Radius Bend - Flanged","500x350-500x350","500","350","","NWB_DimWidth","500","300","300","SKIP","existing-kept","instance","Shared Parameter","3045165","NWB_DimWidth","Double","False","2","2"
"20260810_130056","NWB Dim AutoFill","MECHANICAL DUCTWORK LAYOUT - LEVEL 07","model","selection","skip","Both","skip-other-users","13970401","Duct Fittings","MHT-ME-DF-Rectangular Short Radius Bend - Flanged","","LEVEL 07","MHT-ME-DF-Rectangular Short Radius Bend - Flanged","500x350-500x350","500","350","","NWB_DimHeight","350","300","300","SKIP","existing-kept","instance","Shared Parameter","3045163","NWB_DimHeight","Double","False","2","2"
"20260810_130056","NWB Dim AutoFill","MECHANICAL DUCTWORK LAYOUT - LEVEL 07","model","selection","skip","Both","skip-other-users","13970401","Duct Fittings","MHT-ME-DF-Rectangular Short Radius Bend - Flanged","","LEVEL 07","MHT-ME-DF-Rectangular Short Radius Bend - Flanged","500x350-500x350","500","350","","NWB_DimDiameter","","","","SKIP","no parsed value","","","","NWB_DimDiameter","","","",""
"20260810_130056","NWB Dim AutoFill","MECHANICAL DUCTWORK LAYOUT - LEVEL 07","model","selection","skip","Both","skip-other-users","13970402","Ducts","Rectangular Duct","","LEVEL 07","Flanged Long Radius Elbows / Shoe Branch","500x350","500","350","","NWB_DimWidth","500","500","500","SKIP","existing-kept","instance","Shared Parameter","7626175","NWB_DimWidth","String","False","1","1"
"20260810_130056","NWB Dim AutoFill","MECHANICAL DUCTWORK LAYOUT - LEVEL 07","model","selection","skip","Both","skip-other-users","13970402","Ducts","Rectangular Duct","","LEVEL 07","Flanged Long Radius Elbows / Shoe Branch","500x350","500","350","","NWB_DimHeight","350","350","350","SKIP","existing-kept","instance","Shared Parameter","7626170","NWB_DimHeight","String","False","1","1"
"20260810_130056","NWB Dim AutoFill","MECHANICAL DUCTWORK LAYOUT - LEVEL 07","model","selection","skip","Both","skip-other-users","13970402","Ducts","Rectangular Duct","","LEVEL 07","Flanged Long Radius Elbows / Shoe Branch","500x350","500","350","","NWB_DimDiameter","","","","SKIP","no parsed value","","","","NWB_DimDiameter","","","",""
"20260810_130056","NWB Dim AutoFill","MECHANICAL DUCTWORK LAYOUT - LEVEL 07","model","selection","skip","Both","skip-other-users","13970789","Ducts","Rectangular Duct","","LEVEL 07","Flanged Long Radius Elbows / Shoe Branch","200x300","200","300","","NWB_DimWidth","200","200","200","SKIP","existing-kept","instance","Shared Parameter","7626175","NWB_DimWidth","String","False","1","1"
"20260810_130056","NWB Dim AutoFill","MECHANICAL DUCTWORK LAYOUT - LEVEL 07","model","selection","skip","Both","skip-other-users","13970789","Ducts","Rectangular Duct","","LEVEL 07","Flanged Long Radius Elbows / Shoe Branch","200x300","200","300","","NWB_DimHeight","300","300","300","SKIP","existing-kept","instance","Shared Parameter","7626170","NWB_DimHeight","String","False","1","1"
"20260810_130056","NWB Dim AutoFill","MECHANICAL DUCTWORK LAYOUT - LEVEL 07","model","selection","skip","Both","skip-other-users","13970789","Ducts","Rectangular Duct","","LEVEL 07","Flanged Long Radius Elbows / Shoe Branch","200x300","200","300","","NWB_DimDiameter","","","","SKIP","no parsed value","","","","NWB_DimDiameter","","","",""
"20260810_130056","NWB Dim AutoFill","MECHANICAL DUCTWORK LAYOUT - LEVEL 07","model","selection","skip","Both","skip-other-users","13970802","Duct Fittings","MHT-ME-DF-Rectangular Short Radius Bend - Flanged","","LEVEL 07","MHT-ME-DF-Rectangular Short Radius Bend - Flanged","400x300-400x300","400","300","","NWB_DimWidth","400","300","300","SKIP","existing-kept","instance","Shared Parameter","3045165","NWB_DimWidth","Double","False","2","2"
"20260810_130056","NWB Dim AutoFill","MECHANICAL DUCTWORK LAYOUT - LEVEL 07","model","selection","skip","Both","skip-other-users","13970802","Duct Fittings","MHT-ME-DF-Rectangular Short Radius Bend - Flanged","","LEVEL 07","MHT-ME-DF-Rectangular Short Radius Bend - Flanged","400x300-400x300","400","300","","NWB_DimHeight","300","300","300","SKIP","existing-kept","instance","Shared Parameter","3045163","NWB_DimHeight","Double","False","2","2"
"20260810_130056","NWB Dim AutoFill","MECHANICAL DUCTWORK LAYOUT - LEVEL 07","model","selection","skip","Both","skip-other-users","13970802","Duct Fittings","MHT-ME-DF-Rectangular Short Radius Bend - Flanged","","LEVEL 07","MHT-ME-DF-Rectangular Short Radius Bend - Flanged","400x300-400x300","400","300","","NWB_DimDiameter","","","","SKIP","no parsed value","","","","NWB_DimDiameter","","","",""
"20260810_130056","NWB Dim AutoFill","MECHANICAL DUCTWORK LAYOUT - LEVEL 07","model","selection","skip","Both","skip-other-users","13970915","Air Terminals","MHT_AT_S Air Diff Swirl","","LEVEL 07","No Damper 300X300","600x300","600","300","200","NWB_DimDiameter","200","200ø","200ø","SKIP","existing-kept","instance","Shared Parameter","7626172","NWB_DimDiameter","String","False","1","1"
"20260810_130056","NWB Dim AutoFill","MECHANICAL DUCTWORK LAYOUT - LEVEL 07","model","selection","skip","Both","skip-other-users","13971320","Ducts","Rectangular Duct","","LEVEL 07","Flanged Long Radius Elbows / Shoe Branch","200x250","200","250","","NWB_DimWidth","200","200","200","SKIP","existing-kept","instance","Shared Parameter","7626175","NWB_DimWidth","String","False","1","1"
"20260810_130056","NWB Dim AutoFill","MECHANICAL DUCTWORK LAYOUT - LEVEL 07","model","selection","skip","Both","skip-other-users","13971320","Ducts","Rectangular Duct","","LEVEL 07","Flanged Long Radius Elbows / Shoe Branch","200x250","200","250","","NWB_DimHeight","250","250","250","SKIP","existing-kept","instance","Shared Parameter","7626170","NWB_DimHeight","String","False","1","1"
"20260810_130056","NWB Dim AutoFill","MECHANICAL DUCTWORK LAYOUT - LEVEL 07","model","selection","skip","Both","skip-other-users","13971320","Ducts","Rectangular Duct","","LEVEL 07","Flanged Long Radius Elbows / Shoe Branch","200x250","200","250","","NWB_DimDiameter","","","","SKIP","no parsed value","","","","NWB_DimDiameter","","","",""
"20260810_130056","NWB Dim AutoFill","MECHANICAL DUCTWORK LAYOUT - LEVEL 07","model","selection","skip","Both","skip-other-users","13971375","Ducts","Rectangular Duct","","LEVEL 07","Flanged Long Radius Elbows / Shoe Branch","200x250","200","250","","NWB_DimWidth","200","200","200","SKIP","existing-kept","instance","Shared Parameter","7626175","NWB_DimWidth","String","False","1","1"
"20260810_130056","NWB Dim AutoFill","MECHANICAL DUCTWORK LAYOUT - LEVEL 07","model","selection","skip","Both","skip-other-users","13971375","Ducts","Rectangular Duct","","LEVEL 07","Flanged Long Radius Elbows / Shoe Branch","200x250","200","250","","NWB_DimHeight","250","250","250","SKIP","existing-kept","instance","Shared Parameter","7626170","NWB_DimHeight","String","False","1","1"
"20260810_130056","NWB Dim AutoFill","MECHANICAL DUCTWORK LAYOUT - LEVEL 07","model","selection","skip","Both","skip-other-users","13971375","Ducts","Rectangular Duct","","LEVEL 07","Flanged Long Radius Elbows / Shoe Branch","200x250","200","250","","NWB_DimDiameter","","","","SKIP","no parsed value","","","","NWB_DimDiameter","","","",""
"20260810_130056","NWB Dim AutoFill","MECHANICAL DUCTWORK LAYOUT - LEVEL 07","model","selection","skip","Both","skip-other-users","13971376","Ducts","Rectangular Duct","","LEVEL 07","Flanged Long Radius Elbows / Shoe Branch","200x250","200","250","","NWB_DimWidth","200","200","200","SKIP","existing-kept","instance","Shared Parameter","7626175","NWB_DimWidth","String","False","1","1"
"20260810_130056","NWB Dim AutoFill","MECHANICAL DUCTWORK LAYOUT - LEVEL 07","model","selection","skip","Both","skip-other-users","13971376","Ducts","Rectangular Duct","","LEVEL 07","Flanged Long Radius Elbows / Shoe Branch","200x250","200","250","","NWB_DimHeight","250","250","250","SKIP","existing-kept","instance","Shared Parameter","7626170","NWB_DimHeight","String","False","1","1"
"20260810_130056","NWB Dim AutoFill","MECHANICAL DUCTWORK LAYOUT - LEVEL 07","model","selection","skip","Both","skip-other-users","13971376","Ducts","Rectangular Duct","","LEVEL 07","Flanged Long Radius Elbows / Shoe Branch","200x250","200","250","","NWB_DimDiameter","","","","SKIP","no parsed value","","","","NWB_DimDiameter","","","",""
"20260810_130056","NWB Dim AutoFill","MECHANICAL DUCTWORK LAYOUT - LEVEL 07","model","selection","skip","Both","skip-other-users","13971378","Duct Fittings","MHT-ME-DF-Rectangular Short Radius Bend - Flanged","","LEVEL 07","MHT-ME-DF-Rectangular Short Radius Bend - Flanged","250x200-250x200","250","200","","NWB_DimWidth","250","500","500","SKIP","existing-kept","instance","Shared Parameter","3045165","NWB_DimWidth","Double","False","2","2"
"20260810_130056","NWB Dim AutoFill","MECHANICAL DUCTWORK LAYOUT - LEVEL 07","model","selection","skip","Both","skip-other-users","13971378","Duct Fittings","MHT-ME-DF-Rectangular Short Radius Bend - Flanged","","LEVEL 07","MHT-ME-DF-Rectangular Short Radius Bend - Flanged","250x200-250x200","250","200","","NWB_DimHeight","200","350","350","SKIP","existing-kept","instance","Shared Parameter","3045163","NWB_DimHeight","Double","False","2","2"
"20260810_130056","NWB Dim AutoFill","MECHANICAL DUCTWORK LAYOUT - LEVEL 07","model","selection","skip","Both","skip-other-users","13971378","Duct Fittings","MHT-ME-DF-Rectangular Short Radius Bend - Flanged","","LEVEL 07","MHT-ME-DF-Rectangular Short Radius Bend - Flanged","250x200-250x200","250","200","","NWB_DimDiameter","","","","SKIP","no parsed value","","","","NWB_DimDiameter","","","",""
"20260810_130056","NWB Dim AutoFill","MECHANICAL DUCTWORK LAYOUT - LEVEL 07","model","selection","skip","Both","skip-other-users","13971387","Duct Fittings","MHT-ME-DF-Rectangular Short Radius Bend - Flanged","","LEVEL 07","MHT-ME-DF-Rectangular Short Radius Bend - Flanged","250x200-250x200","250","200","","NWB_DimWidth","250","400","400","SKIP","existing-kept","instance","Shared Parameter","3045165","NWB_DimWidth","Double","False","2","2"
"20260810_130056","NWB Dim AutoFill","MECHANICAL DUCTWORK LAYOUT - LEVEL 07","model","selection","skip","Both","skip-other-users","13971387","Duct Fittings","MHT-ME-DF-Rectangular Short Radius Bend - Flanged","","LEVEL 07","MHT-ME-DF-Rectangular Short Radius Bend - Flanged","250x200-250x200","250","200","","NWB_DimHeight","200","300","300","SKIP","existing-kept","instance","Shared Parameter","3045163","NWB_DimHeight","Double","False","2","2"
"20260810_130056","NWB Dim AutoFill","MECHANICAL DUCTWORK LAYOUT - LEVEL 07","model","selection","skip","Both","skip-other-users","13971387","Duct Fittings","MHT-ME-DF-Rectangular Short Radius Bend - Flanged","","LEVEL 07","MHT-ME-DF-Rectangular Short Radius Bend - Flanged","250x200-250x200","250","200","","NWB_DimDiameter","","","","SKIP","no parsed value","","","","NWB_DimDiameter","","","",""
"20260810_130056","NWB Dim AutoFill","MECHANICAL DUCTWORK LAYOUT - LEVEL 07","model","selection","skip","Both","skip-other-users","13971477","Duct Fittings","MHT-ME-DF-Rectangular Short Radius Bend - Flanged","","LEVEL 07","MHT-ME-DF-Rectangular Short Radius Bend - Flanged","600x350-600x350","600","350","","NWB_DimWidth","600","250","250","SKIP","existing-kept","instance","Shared Parameter","3045165","NWB_DimWidth","Double","False","2","2"
"20260810_130056","NWB Dim AutoFill","MECHANICAL DUCTWORK LAYOUT - LEVEL 07","model","selection","skip","Both","skip-other-users","13971477","Duct Fittings","MHT-ME-DF-Rectangular Short Radius Bend - Flanged","","LEVEL 07","MHT-ME-DF-Rectangular Short Radius Bend - Flanged","600x350-600x350","600","350","","NWB_DimHeight","350","200","200","SKIP","existing-kept","instance","Shared Parameter","3045163","NWB_DimHeight","Double","False","2","2"
"20260810_130056","NWB Dim AutoFill","MECHANICAL DUCTWORK LAYOUT - LEVEL 07","model","selection","skip","Both","skip-other-users","13971477","Duct Fittings","MHT-ME-DF-Rectangular Short Radius Bend - Flanged","","LEVEL 07","MHT-ME-DF-Rectangular Short Radius Bend - Flanged","600x350-600x350","600","350","","NWB_DimDiameter","","","","SKIP","no parsed value","","","","NWB_DimDiameter","","","",""
"20260810_130056","NWB Dim AutoFill","MECHANICAL DUCTWORK LAYOUT - LEVEL 07","model","selection","skip","Both","skip-other-users","13971524","Ducts","Rectangular Duct","","LEVEL 07","Flanged Long Radius Elbows / Shoe Branch","600x350","600","350","","NWB_DimWidth","600","600","600","SKIP","existing-kept","instance","Shared Parameter","7626175","NWB_DimWidth","String","False","1","1"
"20260810_130056","NWB Dim AutoFill","MECHANICAL DUCTWORK LAYOUT - LEVEL 07","model","selection","skip","Both","skip-other-users","13971524","Ducts","Rectangular Duct","","LEVEL 07","Flanged Long Radius Elbows / Shoe Branch","600x350","600","350","","NWB_DimHeight","350","350","350","SKIP","existing-kept","instance","Shared Parameter","7626170","NWB_DimHeight","String","False","1","1"
"20260810_130056","NWB Dim AutoFill","MECHANICAL DUCTWORK LAYOUT - LEVEL 07","model","selection","skip","Both","skip-other-users","13971524","Ducts","Rectangular Duct","","LEVEL 07","Flanged Long Radius Elbows / Shoe Branch","600x350","600","350","","NWB_DimDiameter","","","","SKIP","no parsed value","","","","NWB_DimDiameter","","","",""
"20260810_130056","NWB Dim AutoFill","MECHANICAL DUCTWORK LAYOUT - LEVEL 07","model","selection","skip","Both","skip-other-users","13971539","Duct Fittings","MHT-ME-DF-Rectangular Short Radius Bend - Flanged","","LEVEL 07","MHT-ME-DF-Rectangular Short Radius Bend - Flanged","600x350-600x350","600","350","","NWB_DimWidth","600","250","250","SKIP","existing-kept","instance","Shared Parameter","3045165","NWB_DimWidth","Double","False","2","2"
"20260810_130056","NWB Dim AutoFill","MECHANICAL DUCTWORK LAYOUT - LEVEL 07","model","selection","skip","Both","skip-other-users","13971539","Duct Fittings","MHT-ME-DF-Rectangular Short Radius Bend - Flanged","","LEVEL 07","MHT-ME-DF-Rectangular Short Radius Bend - Flanged","600x350-600x350","600","350","","NWB_DimHeight","350","200","200","SKIP","existing-kept","instance","Shared Parameter","3045163","NWB_DimHeight","Double","False","2","2"
"20260810_130056","NWB Dim AutoFill","MECHANICAL DUCTWORK LAYOUT - LEVEL 07","model","selection","skip","Both","skip-other-users","13971539","Duct Fittings","MHT-ME-DF-Rectangular Short Radius Bend - Flanged","","LEVEL 07","MHT-ME-DF-Rectangular Short Radius Bend - Flanged","600x350-600x350","600","350","","NWB_DimDiameter","","","","SKIP","no parsed value","","","","NWB_DimDiameter","","","",""
"20260810_130056","NWB Dim AutoFill","MECHANICAL DUCTWORK LAYOUT - LEVEL 07","model","selection","skip","Both","skip-other-users","13971800","Air Terminals","MHT_AT_S Air Diff Swirl","","LEVEL 07","No Damper 300X300","600x350","600","350","250","NWB_DimDiameter","250","250ø","250ø","SKIP","existing-kept","instance","Shared Parameter","7626172","NWB_DimDiameter","String","False","1","1"
"20260810_130056","NWB Dim AutoFill","MECHANICAL DUCTWORK LAYOUT - LEVEL 07","model","selection","skip","Both","skip-other-users","13971877","Air Terminals","MHT_AT_S Air Diff Swirl","","LEVEL 07","No Damper 300X300","600x350","600","350","250","NWB_DimDiameter","250","250ø","250ø","SKIP","existing-kept","instance","Shared Parameter","7626172","NWB_DimDiameter","String","False","1","1"
"20260810_130056","NWB Dim AutoFill","MECHANICAL DUCTWORK LAYOUT - LEVEL 07","model","selection","skip","Both","skip-other-users","13971900","Air Terminals","MHT_AT_S Air Diff Swirl","","LEVEL 07","No Damper 300X300","600x350","600","350","250","NWB_DimDiameter","250","250ø","250ø","SKIP","existing-kept","instance","Shared Parameter","7626172","NWB_DimDiameter","String","False","1","1"
"20260810_130056","NWB Dim AutoFill","MECHANICAL DUCTWORK LAYOUT - LEVEL 07","model","selection","skip","Both","skip-other-users","13971924","Air Terminals","MHT_AT_S Air Diff Swirl","","LEVEL 07","No Damper 300X300","600x350","600","350","250","NWB_DimDiameter","250","250ø","250ø","SKIP","existing-kept","instance","Shared Parameter","7626172","NWB_DimDiameter","String","False","1","1"
"20260810_130056","NWB Dim AutoFill","MECHANICAL DUCTWORK LAYOUT - LEVEL 07","model","selection","skip","Both","skip-other-users","13971955","Air Terminals","MHT_AT_S Air Diff Swirl","","LEVEL 07","No Damper 300X300","600x350","600","350","250","NWB_DimDiameter","250","250ø","250ø","SKIP","existing-kept","instance","Shared Parameter","7626172","NWB_DimDiameter","String","False","1","1"
"20260810_130056","NWB Dim AutoFill","MECHANICAL DUCTWORK LAYOUT - LEVEL 07","model","selection","skip","Both","skip-other-users","13972032","Air Terminals","MHT_AT_S Air Diff Swirl","","LEVEL 07","No Damper 300X300","600x350","600","350","250","NWB_DimDiameter","250","250ø","250ø","SKIP","existing-kept","instance","Shared Parameter","7626172","NWB_DimDiameter","String","False","1","1"
"20260810_130056","NWB Dim AutoFill","MECHANICAL DUCTWORK LAYOUT - LEVEL 07","model","selection","skip","Both","skip-other-users","13972041","Air Terminals","MHT_AT_S Air Diff Swirl","","LEVEL 07","No Damper 300X300","600x350","600","350","250","NWB_DimDiameter","250","250ø","250ø","SKIP","existing-kept","instance","Shared Parameter","7626172","NWB_DimDiameter","String","False","1","1"
"20260810_130056","NWB Dim AutoFill","MECHANICAL DUCTWORK LAYOUT - LEVEL 07","model","selection","skip","Both","skip-other-users","13972052","Air Terminals","MHT_AT_S Air Diff Swirl","","LEVEL 07","No Damper 300X300","600x350","600","350","250","NWB_DimDiameter","250","250ø","250ø","SKIP","existing-kept","instance","Shared Parameter","7626172","NWB_DimDiameter","String","False","1","1"
"20260810_130056","NWB Dim AutoFill","MECHANICAL DUCTWORK LAYOUT - LEVEL 07","model","selection","skip","Both","skip-other-users","13972061","Air Terminals","MHT_AT_S Air Diff Swirl","","LEVEL 07","No Damper 300X300","600x300","600","300","200","NWB_DimDiameter","200","200ø","200ø","SKIP","existing-kept","instance","Shared Parameter","7626172","NWB_DimDiameter","String","False","1","1"
"20260810_130056","NWB Dim AutoFill","MECHANICAL DUCTWORK LAYOUT - LEVEL 07","model","selection","skip","Both","skip-other-users","13972098","Air Terminals","MHT_AT_S Air Diff Swirl","","LEVEL 07","No Damper 300X300","600x350","600","350","250","NWB_DimDiameter","250","250ø","250ø","SKIP","existing-kept","instance","Shared Parameter","7626172","NWB_DimDiameter","String","False","1","1"
"20260810_130056","NWB Dim AutoFill","MECHANICAL DUCTWORK LAYOUT - LEVEL 07","model","selection","skip","Both","skip-other-users","13972478","Air Terminals","MHT-ME-AT - Supply Air Grille","","","MHT-ME-AT - 1200x600","0x1","0","1","0","NWB_DimWidth","0","1200","1200","SKIP","existing-kept","instance","Shared Parameter","7626175","NWB_DimWidth","String","False","1","1"
"20260810_130056","NWB Dim AutoFill","MECHANICAL DUCTWORK LAYOUT - LEVEL 07","model","selection","skip","Both","skip-other-users","13972478","Air Terminals","MHT-ME-AT - Supply Air Grille","","","MHT-ME-AT - 1200x600","0x1","0","1","0","NWB_DimHeight","1","600","600","SKIP","existing-kept","instance","Shared Parameter","7626170","NWB_DimHeight","String","False","1","1"
"20260810_130056","NWB Dim AutoFill","MECHANICAL DUCTWORK LAYOUT - LEVEL 07","model","selection","skip","Both","skip-other-users","13973190","Air Terminals","MHT-ME-AT - Supply Air Grille","","","MHT-ME-AT - 1200x600","0x1","0","1","0","NWB_DimWidth","0","1200","1200","SKIP","existing-kept","instance","Shared Parameter","7626175","NWB_DimWidth","String","False","1","1"
"20260810_130056","NWB Dim AutoFill","MECHANICAL DUCTWORK LAYOUT - LEVEL 07","model","selection","skip","Both","skip-other-users","13973190","Air Terminals","MHT-ME-AT - Supply Air Grille","","","MHT-ME-AT - 1200x600","0x1","0","1","0","NWB_DimHeight","1","600","600","SKIP","existing-kept","instance","Shared Parameter","7626170","NWB_DimHeight","String","False","1","1"
"20260810_130056","NWB Dim AutoFill","MECHANICAL DUCTWORK LAYOUT - LEVEL 07","model","selection","skip","Both","skip-other-users","13973596","Duct Fittings","MHT-ME-DF-Rectangular Shoe Branch - Flanged","","LEVEL 07","Standard","200x250-200x250","200","250","","NWB_DimWidth","200","400","400","SKIP","existing-kept","instance","Shared Parameter","7626175","NWB_DimWidth","String","False","1","1"
"20260810_130056","NWB Dim AutoFill","MECHANICAL DUCTWORK LAYOUT - LEVEL 07","model","selection","skip","Both","skip-other-users","13973596","Duct Fittings","MHT-ME-DF-Rectangular Shoe Branch - Flanged","","LEVEL 07","Standard","200x250-200x250","200","250","","NWB_DimHeight","250","0","0","SKIP","existing-kept","instance","Shared Parameter","7626170","NWB_DimHeight","String","False","1","1"
"20260810_130056","NWB Dim AutoFill","MECHANICAL DUCTWORK LAYOUT - LEVEL 07","model","selection","skip","Both","skip-other-users","13973596","Duct Fittings","MHT-ME-DF-Rectangular Shoe Branch - Flanged","","LEVEL 07","Standard","200x250-200x250","200","250","","NWB_DimDiameter","","","","SKIP","no parsed value","","","","NWB_DimDiameter","","","",""
"20260810_130056","NWB Dim AutoFill","MECHANICAL DUCTWORK LAYOUT - LEVEL 07","model","selection","skip","Both","skip-other-users","13973711","Ducts","Rectangular Duct","","LEVEL 07","Flanged Long Radius Elbows / Shoe Branch","500x350","500","350","","NWB_DimWidth","500","500","500","SKIP","existing-kept","instance","Shared Parameter","7626175","NWB_DimWidth","String","False","1","1"
"20260810_130056","NWB Dim AutoFill","MECHANICAL DUCTWORK LAYOUT - LEVEL 07","model","selection","skip","Both","skip-other-users","13973711","Ducts","Rectangular Duct","","LEVEL 07","Flanged Long Radius Elbows / Shoe Branch","500x350","500","350","","NWB_DimHeight","350","350","350","SKIP","existing-kept","instance","Shared Parameter","7626170","NWB_DimHeight","String","False","1","1"
"20260810_130056","NWB Dim AutoFill","MECHANICAL DUCTWORK LAYOUT - LEVEL 07","model","selection","skip","Both","skip-other-users","13973711","Ducts","Rectangular Duct","","LEVEL 07","Flanged Long Radius Elbows / Shoe Branch","500x350","500","350","","NWB_DimDiameter","","","","SKIP","no parsed value","","","","NWB_DimDiameter","","","",""
"20260810_130056","NWB Dim AutoFill","MECHANICAL DUCTWORK LAYOUT - LEVEL 07","model","selection","skip","Both","skip-other-users","13973737","Duct Fittings","MHT-ME-DF-Rectangular Eccentric Taper - Flanged-01","","LEVEL 07","Standard","500x350-200x250","500","350","","NWB_DimWidth","500","300","300","SKIP","existing-kept","instance","Shared Parameter","3045165","NWB_DimWidth","Double","False","2","2"
"20260810_130056","NWB Dim AutoFill","MECHANICAL DUCTWORK LAYOUT - LEVEL 07","model","selection","skip","Both","skip-other-users","13973737","Duct Fittings","MHT-ME-DF-Rectangular Eccentric Taper - Flanged-01","","LEVEL 07","Standard","500x350-200x250","500","350","","NWB_DimHeight","350","400","400","SKIP","existing-kept","instance","Shared Parameter","3045163","NWB_DimHeight","Double","False","2","2"
"20260810_130056","NWB Dim AutoFill","MECHANICAL DUCTWORK LAYOUT - LEVEL 07","model","selection","skip","Both","skip-other-users","13973737","Duct Fittings","MHT-ME-DF-Rectangular Eccentric Taper - Flanged-01","","LEVEL 07","Standard","500x350-200x250","500","350","","NWB_DimDiameter","","","","SKIP","no parsed value","","","","NWB_DimDiameter","","","",""
"20260810_130056","NWB Dim AutoFill","MECHANICAL DUCTWORK LAYOUT - LEVEL 07","model","selection","skip","Both","skip-other-users","13973802","Duct Fittings","MHT-ME-DF-Square Cap-BMA","","LEVEL 07","Standard","300x300","300","300","","NWB_DimWidth","300","200","200","SKIP","existing-kept","instance","Shared Parameter","7626175","NWB_DimWidth","String","False","1","1"
"20260810_130056","NWB Dim AutoFill","MECHANICAL DUCTWORK LAYOUT - LEVEL 07","model","selection","skip","Both","skip-other-users","13973802","Duct Fittings","MHT-ME-DF-Square Cap-BMA","","LEVEL 07","Standard","300x300","300","300","","NWB_DimHeight","300","250","250","SKIP","existing-kept","instance","Shared Parameter","7626170","NWB_DimHeight","String","False","1","1"
"20260810_130056","NWB Dim AutoFill","MECHANICAL DUCTWORK LAYOUT - LEVEL 07","model","selection","skip","Both","skip-other-users","13973802","Duct Fittings","MHT-ME-DF-Square Cap-BMA","","LEVEL 07","Standard","300x300","300","300","","NWB_DimDiameter","","","","SKIP","no parsed value","","","","NWB_DimDiameter","","","",""
"20260810_130056","NWB Dim AutoFill","MECHANICAL DUCTWORK LAYOUT - LEVEL 07","model","selection","skip","Both","skip-other-users","13987289","Duct Fittings","MHT-ME-DF-Square Cap-BMA","","LEVEL 07","Standard","350x300","350","300","","NWB_DimWidth","350","350","350","SKIP","existing-kept","instance","Shared Parameter","7626175","NWB_DimWidth","String","False","1","1"
"20260810_130056","NWB Dim AutoFill","MECHANICAL DUCTWORK LAYOUT - LEVEL 07","model","selection","skip","Both","skip-other-users","13987289","Duct Fittings","MHT-ME-DF-Square Cap-BMA","","LEVEL 07","Standard","350x300","350","300","","NWB_DimHeight","300","300","300","SKIP","existing-kept","instance","Shared Parameter","7626170","NWB_DimHeight","String","False","1","1"
"20260810_130056","NWB Dim AutoFill","MECHANICAL DUCTWORK LAYOUT - LEVEL 07","model","selection","skip","Both","skip-other-users","13987289","Duct Fittings","MHT-ME-DF-Square Cap-BMA","","LEVEL 07","Standard","350x300","350","300","","NWB_DimDiameter","","","","SKIP","no parsed value","","","","NWB_DimDiameter","","","",""
"20260810_130056","NWB Dim AutoFill","MECHANICAL DUCTWORK LAYOUT - LEVEL 07","model","selection","skip","Both","skip-other-users","13987337","Flex Ducts","Flex Duct Round","","LEVEL 07","Flex - Round","250 mmø","","","250","NWB_DimWidth","","","","SKIP","no parsed value","","","","NWB_DimWidth","","","",""
"20260810_130056","NWB Dim AutoFill","MECHANICAL DUCTWORK LAYOUT - LEVEL 07","model","selection","skip","Both","skip-other-users","13987337","Flex Ducts","Flex Duct Round","","LEVEL 07","Flex - Round","250 mmø","","","250","NWB_DimHeight","","","","SKIP","no parsed value","","","","NWB_DimHeight","","","",""
"20260810_130056","NWB Dim AutoFill","MECHANICAL DUCTWORK LAYOUT - LEVEL 07","model","selection","skip","Both","skip-other-users","13987337","Flex Ducts","Flex Duct Round","","LEVEL 07","Flex - Round","250 mmø","","","250","NWB_DimDiameter","250","250","250","SKIP","existing-kept","instance","Shared Parameter","7626172","NWB_DimDiameter","String","False","1","1"
"20260810_130056","NWB Dim AutoFill","MECHANICAL DUCTWORK LAYOUT - LEVEL 07","model","selection","skip","Both","skip-other-users","13987340","Duct Fittings","MHT_DF_Spigot","","LEVEL 07","Damper","250ø-250ø","","","250","NWB_DimWidth","","","","SKIP","no parsed value","","","","NWB_DimWidth","","","",""
"20260810_130056","NWB Dim AutoFill","MECHANICAL DUCTWORK LAYOUT - LEVEL 07","model","selection","skip","Both","skip-other-users","13987340","Duct Fittings","MHT_DF_Spigot","","LEVEL 07","Damper","250ø-250ø","","","250","NWB_DimHeight","","","","SKIP","no parsed value","","","","NWB_DimHeight","","","",""
"20260810_130056","NWB Dim AutoFill","MECHANICAL DUCTWORK LAYOUT - LEVEL 07","model","selection","skip","Both","skip-other-users","13987340","Duct Fittings","MHT_DF_Spigot","","LEVEL 07","Damper","250ø-250ø","","","250","NWB_DimDiameter","250","250","250","SKIP","existing-kept","instance","Shared Parameter","7626172","NWB_DimDiameter","String","False","1","1"
"20260810_130056","NWB Dim AutoFill","MECHANICAL DUCTWORK LAYOUT - LEVEL 07","model","selection","skip","Both","skip-other-users","13987397","Flex Ducts","Flex Duct Round","","LEVEL 07","Flex - Round","250 mmø","","","250","NWB_DimWidth","","","","SKIP","no parsed value","","","","NWB_DimWidth","","","",""
"20260810_130056","NWB Dim AutoFill","MECHANICAL DUCTWORK LAYOUT - LEVEL 07","model","selection","skip","Both","skip-other-users","13987397","Flex Ducts","Flex Duct Round","","LEVEL 07","Flex - Round","250 mmø","","","250","NWB_DimHeight","","","","SKIP","no parsed value","","","","NWB_DimHeight","","","",""
"20260810_130056","NWB Dim AutoFill","MECHANICAL DUCTWORK LAYOUT - LEVEL 07","model","selection","skip","Both","skip-other-users","13987397","Flex Ducts","Flex Duct Round","","LEVEL 07","Flex - Round","250 mmø","","","250","NWB_DimDiameter","250","250","250","SKIP","existing-kept","instance","Shared Parameter","7626172","NWB_DimDiameter","String","False","1","1"
"20260810_130056","NWB Dim AutoFill","MECHANICAL DUCTWORK LAYOUT - LEVEL 07","model","selection","skip","Both","skip-other-users","13987400","Duct Fittings","MHT_DF_Spigot","","LEVEL 07","Damper","250ø-250ø","","","250","NWB_DimWidth","","","","SKIP","no parsed value","","","","NWB_DimWidth","","","",""
"20260810_130056","NWB Dim AutoFill","MECHANICAL DUCTWORK LAYOUT - LEVEL 07","model","selection","skip","Both","skip-other-users","13987400","Duct Fittings","MHT_DF_Spigot","","LEVEL 07","Damper","250ø-250ø","","","250","NWB_DimHeight","","","","SKIP","no parsed value","","","","NWB_DimHeight","","","",""
"20260810_130056","NWB Dim AutoFill","MECHANICAL DUCTWORK LAYOUT - LEVEL 07","model","selection","skip","Both","skip-other-users","13987446","Flex Ducts","Flex Duct Round","","LEVEL 07","Flex - Round","250 mmø","","","250","NWB_DimWidth","","","","SKIP","no parsed value","","","","NWB_DimWidth","","","",""
"20260810_130056","NWB Dim AutoFill","MECHANICAL DUCTWORK LAYOUT - LEVEL 07","model","selection","skip","Both","skip-other-users","13987446","Flex Ducts","Flex Duct Round","","LEVEL 07","Flex - Round","250 mmø","","","250","NWB_DimHeight","","","","SKIP","no parsed value","","","","NWB_DimHeight","","","",""
"20260810_130056","NWB Dim AutoFill","MECHANICAL DUCTWORK LAYOUT - LEVEL 07","model","selection","skip","Both","skip-other-users","13987446","Flex Ducts","Flex Duct Round","","LEVEL 07","Flex - Round","250 mmø","","","250","NWB_DimDiameter","250","250","250","SKIP","existing-kept","instance","Shared Parameter","7626172","NWB_DimDiameter","String","False","1","1"
"20260810_130056","NWB Dim AutoFill","MECHANICAL DUCTWORK LAYOUT - LEVEL 07","model","selection","skip","Both","skip-other-users","13987449","Duct Fittings","MHT_DF_Spigot","","LEVEL 07","Damper","250ø-250ø","","","250","NWB_DimWidth","","","","SKIP","no parsed value","","","","NWB_DimWidth","","","",""
"20260810_130056","NWB Dim AutoFill","MECHANICAL DUCTWORK LAYOUT - LEVEL 07","model","selection","skip","Both","skip-other-users","13987449","Duct Fittings","MHT_DF_Spigot","","LEVEL 07","Damper","250ø-250ø","","","250","NWB_DimHeight","","","","SKIP","no parsed value","","","","NWB_DimHeight","","","",""
"20260810_130056","NWB Dim AutoFill","MECHANICAL DUCTWORK LAYOUT - LEVEL 07","model","selection","skip","Both","skip-other-users","13987449","Duct Fittings","MHT_DF_Spigot","","LEVEL 07","Damper","250ø-250ø","","","250","NWB_DimDiameter","250","250","250","SKIP","existing-kept","instance","Shared Parameter","7626172","NWB_DimDiameter","String","False","1","1"
"20260810_130056","NWB Dim AutoFill","MECHANICAL DUCTWORK LAYOUT - LEVEL 07","model","selection","skip","Both","skip-other-users","13987502","Flex Ducts","Flex Duct Round","","LEVEL 07","Flex - Round","250 mmø","","","250","NWB_DimWidth","","","","SKIP","no parsed value","","","","NWB_DimWidth","","","",""
"20260810_130056","NWB Dim AutoFill","MECHANICAL DUCTWORK LAYOUT - LEVEL 07","model","selection","skip","Both","skip-other-users","13987502","Flex Ducts","Flex Duct Round","","LEVEL 07","Flex - Round","250 mmø","","","250","NWB_DimHeight","","","","SKIP","no parsed value","","","","NWB_DimHeight","","","",""
"20260810_130056","NWB Dim AutoFill","MECHANICAL DUCTWORK LAYOUT - LEVEL 07","model","selection","skip","Both","skip-other-users","13987502","Flex Ducts","Flex Duct Round","","LEVEL 07","Flex - Round","250 mmø","","","250","NWB_DimDiameter","250","250","250","SKIP","existing-kept","instance","Shared Parameter","7626172","NWB_DimDiameter","String","False","1","1"
"20260810_130056","NWB Dim AutoFill","MECHANICAL DUCTWORK LAYOUT - LEVEL 07","model","selection","skip","Both","skip-other-users","13987505","Duct Fittings","MHT_DF_Spigot","","LEVEL 07","Damper","250ø-250ø","","","250","NWB_DimWidth","","","","SKIP","no parsed value","","","","NWB_DimWidth","","","",""
"20260810_130056","NWB Dim AutoFill","MECHANICAL DUCTWORK LAYOUT - LEVEL 07","model","selection","skip","Both","skip-other-users","13987505","Duct Fittings","MHT_DF_Spigot","","LEVEL 07","Damper","250ø-250ø","","","250","NWB_DimHeight","","","","SKIP","no parsed value","","","","NWB_DimHeight","","","",""
"20260810_130056","NWB Dim AutoFill","MECHANICAL DUCTWORK LAYOUT - LEVEL 07","model","selection","skip","Both","skip-other-users","13987505","Duct Fittings","MHT_DF_Spigot","","LEVEL 07","Damper","250ø-250ø","","","250","NWB_DimDiameter","250","250","250","SKIP","existing-kept","instance","Shared Parameter","7626172","NWB_DimDiameter","String","False","1","1"
"20260810_130056","NWB Dim AutoFill","MECHANICAL DUCTWORK LAYOUT - LEVEL 07","model","selection","skip","Both","skip-other-users","13987616","Air Terminals","MHT-ME-AT - Supply Air Grille","","","MHT-ME-AT - 1200x600","0x1","0","1","0","NWB_DimWidth","0","1200","1200","SKIP","existing-kept","instance","Shared Parameter","7626175","NWB_DimWidth","String","False","1","1"
"20260810_130056","NWB Dim AutoFill","MECHANICAL DUCTWORK LAYOUT - LEVEL 07","model","selection","skip","Both","skip-other-users","13987616","Air Terminals","MHT-ME-AT - Supply Air Grille","","","MHT-ME-AT - 1200x600","0x1","0","1","0","NWB_DimHeight","1","600","600","SKIP","existing-kept","instance","Shared Parameter","7626170","NWB_DimHeight","String","False","1","1"
"20260810_130056","NWB Dim AutoFill","MECHANICAL DUCTWORK LAYOUT - LEVEL 07","model","selection","skip","Both","skip-other-users","13987617","Ducts","Rectangular Duct","","LEVEL 07","Flanged Long Radius Elbows / Shoe Branch","1200x600","1200","600","","NWB_DimWidth","1200","1200","1200","SKIP","existing-kept","instance","Shared Parameter","7626175","NWB_DimWidth","String","False","1","1"
"20260810_130056","NWB Dim AutoFill","MECHANICAL DUCTWORK LAYOUT - LEVEL 07","model","selection","skip","Both","skip-other-users","13987617","Ducts","Rectangular Duct","","LEVEL 07","Flanged Long Radius Elbows / Shoe Branch","1200x600","1200","600","","NWB_DimHeight","600","600","600","SKIP","existing-kept","instance","Shared Parameter","7626170","NWB_DimHeight","String","False","1","1"
"20260810_130056","NWB Dim AutoFill","MECHANICAL DUCTWORK LAYOUT - LEVEL 07","model","selection","skip","Both","skip-other-users","13987617","Ducts","Rectangular Duct","","LEVEL 07","Flanged Long Radius Elbows / Shoe Branch","1200x600","1200","600","","NWB_DimDiameter","","","","SKIP","no parsed value","","","","NWB_DimDiameter","","","",""
"20260810_130056","NWB Dim AutoFill","MECHANICAL DUCTWORK LAYOUT - LEVEL 07","model","selection","skip","Both","skip-other-users","13987618","Duct Fittings","MHT-ME-DF-Rectangular Union-01","","LEVEL 07","Standard","1200x600-1200x600","1200","600","","NWB_DimDiameter","","","","SKIP","no parsed value","","","","NWB_DimDiameter","","","",""
"20260810_130056","NWB Dim AutoFill","MECHANICAL DUCTWORK LAYOUT - LEVEL 07","model","selection","skip","Both","skip-other-users","13987822","Duct Fittings","MHT-ME-DF-Square Cap-BMA","","LEVEL 07","Standard","300x300","300","300","","NWB_DimWidth","300","300","300","SKIP","existing-kept","instance","Shared Parameter","7626175","NWB_DimWidth","String","False","1","1"
"20260810_130056","NWB Dim AutoFill","MECHANICAL DUCTWORK LAYOUT - LEVEL 07","model","selection","skip","Both","skip-other-users","13987822","Duct Fittings","MHT-ME-DF-Square Cap-BMA","","LEVEL 07","Standard","300x300","300","300","","NWB_DimHeight","300","300","300","SKIP","existing-kept","instance","Shared Parameter","7626170","NWB_DimHeight","String","False","1","1"
"20260810_130056","NWB Dim AutoFill","MECHANICAL DUCTWORK LAYOUT - LEVEL 07","model","selection","skip","Both","skip-other-users","13987822","Duct Fittings","MHT-ME-DF-Square Cap-BMA","","LEVEL 07","Standard","300x300","300","300","","NWB_DimDiameter","","","","SKIP","no parsed value","","","","NWB_DimDiameter","","","",""
"20260810_130056","NWB Dim AutoFill","MECHANICAL DUCTWORK LAYOUT - LEVEL 07","model","selection","skip","Both","skip-other-users","13987925","Flex Ducts","Flex Duct Round","","LEVEL 07","Flex - Round","250 mmø","","","250","NWB_DimWidth","","","","SKIP","no parsed value","","","","NWB_DimWidth","","","",""
"20260810_130056","NWB Dim AutoFill","MECHANICAL DUCTWORK LAYOUT - LEVEL 07","model","selection","skip","Both","skip-other-users","13987925","Flex Ducts","Flex Duct Round","","LEVEL 07","Flex - Round","250 mmø","","","250","NWB_DimHeight","","","","SKIP","no parsed value","","","","NWB_DimHeight","","","",""
"20260810_130056","NWB Dim AutoFill","MECHANICAL DUCTWORK LAYOUT - LEVEL 07","model","selection","skip","Both","skip-other-users","13987925","Flex Ducts","Flex Duct Round","","LEVEL 07","Flex - Round","250 mmø","","","250","NWB_DimDiameter","250","250","250","SKIP","existing-kept","instance","Shared Parameter","7626172","NWB_DimDiameter","String","False","1","1"
"20260810_130056","NWB Dim AutoFill","MECHANICAL DUCTWORK LAYOUT - LEVEL 07","model","selection","skip","Both","skip-other-users","13987928","Duct Fittings","MHT_DF_Spigot","","LEVEL 07","Damper","250ø-250ø","","","250","NWB_DimWidth","","","","SKIP","no parsed value","","","","NWB_DimWidth","","","",""
"20260810_130056","NWB Dim AutoFill","MECHANICAL DUCTWORK LAYOUT - LEVEL 07","model","selection","skip","Both","skip-other-users","13987928","Duct Fittings","MHT_DF_Spigot","","LEVEL 07","Damper","250ø-250ø","","","250","NWB_DimHeight","","","","SKIP","no parsed value","","","","NWB_DimHeight","","","",""
"20260810_130056","NWB Dim AutoFill","MECHANICAL DUCTWORK LAYOUT - LEVEL 07","model","selection","skip","Both","skip-other-users","13987965","Flex Ducts","Flex Duct Round","","LEVEL 07","Flex - Round","250 mmø","","","250","NWB_DimWidth","","","","SKIP","no parsed value","","","","NWB_DimWidth","","","",""
"20260810_130056","NWB Dim AutoFill","MECHANICAL DUCTWORK LAYOUT - LEVEL 07","model","selection","skip","Both","skip-other-users","13987965","Flex Ducts","Flex Duct Round","","LEVEL 07","Flex - Round","250 mmø","","","250","NWB_DimHeight","","","","SKIP","no parsed value","","","","NWB_DimHeight","","","",""
"20260810_130056","NWB Dim AutoFill","MECHANICAL DUCTWORK LAYOUT - LEVEL 07","model","selection","skip","Both","skip-other-users","13987965","Flex Ducts","Flex Duct Round","","LEVEL 07","Flex - Round","250 mmø","","","250","NWB_DimDiameter","250","250","250","SKIP","existing-kept","instance","Shared Parameter","7626172","NWB_DimDiameter","String","False","1","1"
"20260810_130056","NWB Dim AutoFill","MECHANICAL DUCTWORK LAYOUT - LEVEL 07","model","selection","skip","Both","skip-other-users","13987968","Duct Fittings","MHT_DF_Spigot","","LEVEL 07","Damper","250ø-250ø","","","250","NWB_DimWidth","","","","SKIP","no parsed value","","","","NWB_DimWidth","","","",""
"20260810_130056","NWB Dim AutoFill","MECHANICAL DUCTWORK LAYOUT - LEVEL 07","model","selection","skip","Both","skip-other-users","13987968","Duct Fittings","MHT_DF_Spigot","","LEVEL 07","Damper","250ø-250ø","","","250","NWB_DimHeight","","","","SKIP","no parsed value","","","","NWB_DimHeight","","","",""
"20260810_130056","NWB Dim AutoFill","MECHANICAL DUCTWORK LAYOUT - LEVEL 07","model","selection","skip","Both","skip-other-users","13987995","Flex Ducts","Flex Duct Round","","LEVEL 07","Flex - Round","250 mmø","","","250","NWB_DimWidth","","","","SKIP","no parsed value","","","","NWB_DimWidth","","","",""
"20260810_130056","NWB Dim AutoFill","MECHANICAL DUCTWORK LAYOUT - LEVEL 07","model","selection","skip","Both","skip-other-users","13987995","Flex Ducts","Flex Duct Round","","LEVEL 07","Flex - Round","250 mmø","","","250","NWB_DimHeight","","","","SKIP","no parsed value","","","","NWB_DimHeight","","","",""
"20260810_130056","NWB Dim AutoFill","MECHANICAL DUCTWORK LAYOUT - LEVEL 07","model","selection","skip","Both","skip-other-users","13987995","Flex Ducts","Flex Duct Round","","LEVEL 07","Flex - Round","250 mmø","","","250","NWB_DimDiameter","250","250","250","SKIP","existing-kept","instance","Shared Parameter","7626172","NWB_DimDiameter","String","False","1","1"
"20260810_130056","NWB Dim AutoFill","MECHANICAL DUCTWORK LAYOUT - LEVEL 07","model","selection","skip","Both","skip-other-users","13987998","Duct Fittings","MHT_DF_Spigot","","LEVEL 07","Damper","250ø-250ø","","","250","NWB_DimWidth","","","","SKIP","no parsed value","","","","NWB_DimWidth","","","",""
"20260810_130056","NWB Dim AutoFill","MECHANICAL DUCTWORK LAYOUT - LEVEL 07","model","selection","skip","Both","skip-other-users","13987998","Duct Fittings","MHT_DF_Spigot","","LEVEL 07","Damper","250ø-250ø","","","250","NWB_DimHeight","","","","SKIP","no parsed value","","","","NWB_DimHeight","","","",""
"20260810_130056","NWB Dim AutoFill","MECHANICAL DUCTWORK LAYOUT - LEVEL 07","model","selection","skip","Both","skip-other-users","13987998","Duct Fittings","MHT_DF_Spigot","","LEVEL 07","Damper","250ø-250ø","","","250","NWB_DimDiameter","250","250","250","SKIP","existing-kept","instance","Shared Parameter","7626172","NWB_DimDiameter","String","False","1","1"
"20260810_130056","NWB Dim AutoFill","MECHANICAL DUCTWORK LAYOUT - LEVEL 07","model","selection","skip","Both","skip-other-users","13988010","Duct Fittings","MHT-ME-DF-Square Cap-BMA","","LEVEL 07","Standard","800x450","800","450","","NWB_DimWidth","800","800","800","SKIP","existing-kept","instance","Shared Parameter","7626175","NWB_DimWidth","String","False","1","1"
"20260810_130056","NWB Dim AutoFill","MECHANICAL DUCTWORK LAYOUT - LEVEL 07","model","selection","skip","Both","skip-other-users","13988010","Duct Fittings","MHT-ME-DF-Square Cap-BMA","","LEVEL 07","Standard","800x450","800","450","","NWB_DimHeight","450","450","450","SKIP","existing-kept","instance","Shared Parameter","7626170","NWB_DimHeight","String","False","1","1"
"20260810_130056","NWB Dim AutoFill","MECHANICAL DUCTWORK LAYOUT - LEVEL 07","model","selection","skip","Both","skip-other-users","13988010","Duct Fittings","MHT-ME-DF-Square Cap-BMA","","LEVEL 07","Standard","800x450","800","450","","NWB_DimDiameter","","","","SKIP","no parsed value","","","","NWB_DimDiameter","","","",""
"20260810_130056","NWB Dim AutoFill","MECHANICAL DUCTWORK LAYOUT - LEVEL 07","model","selection","skip","Both","skip-other-users","13988024","Air Terminals","MHT-ME-AT - Supply Air Grille","","","MHT-ME-AT - 1200x600","0x1","0","1","0","NWB_DimWidth","0","1200","1200","SKIP","existing-kept","instance","Shared Parameter","7626175","NWB_DimWidth","String","False","1","1"
"20260810_130056","NWB Dim AutoFill","MECHANICAL DUCTWORK LAYOUT - LEVEL 07","model","selection","skip","Both","skip-other-users","13988024","Air Terminals","MHT-ME-AT - Supply Air Grille","","","MHT-ME-AT - 1200x600","0x1","0","1","0","NWB_DimHeight","1","600","600","SKIP","existing-kept","instance","Shared Parameter","7626170","NWB_DimHeight","String","False","1","1"
"20260810_130056","NWB Dim AutoFill","MECHANICAL DUCTWORK LAYOUT - LEVEL 07","model","selection","skip","Both","skip-other-users","13988025","Ducts","Rectangular Duct","","LEVEL 07","Flanged Long Radius Elbows / Shoe Branch","1200x600","1200","600","","NWB_DimWidth","1200","1200","1200","SKIP","existing-kept","instance","Shared Parameter","7626175","NWB_DimWidth","String","False","1","1"
"20260810_130056","NWB Dim AutoFill","MECHANICAL DUCTWORK LAYOUT - LEVEL 07","model","selection","skip","Both","skip-other-users","13988025","Ducts","Rectangular Duct","","LEVEL 07","Flanged Long Radius Elbows / Shoe Branch","1200x600","1200","600","","NWB_DimHeight","600","600","600","SKIP","existing-kept","instance","Shared Parameter","7626170","NWB_DimHeight","String","False","1","1"
"20260810_130056","NWB Dim AutoFill","MECHANICAL DUCTWORK LAYOUT - LEVEL 07","model","selection","skip","Both","skip-other-users","13988025","Ducts","Rectangular Duct","","LEVEL 07","Flanged Long Radius Elbows / Shoe Branch","1200x600","1200","600","","NWB_DimDiameter","","","","SKIP","no parsed value","","","","NWB_DimDiameter","","","",""
"20260810_130056","NWB Dim AutoFill","MECHANICAL DUCTWORK LAYOUT - LEVEL 07","model","selection","skip","Both","skip-other-users","13988026","Duct Fittings","MHT-ME-DF-Rectangular Union-01","","LEVEL 07","Standard","1200x600-1200x600","1200","600","","NWB_DimDiameter","","","","SKIP","no parsed value","","","","NWB_DimDiameter","","","",""
"20260810_130056","NWB Dim AutoFill","MECHANICAL DUCTWORK LAYOUT - LEVEL 07","model","selection","skip","Both","skip-other-users","13988134","Air Terminals","MHT-ME-AT - Supply Air Grille","","","MHT-ME-AT - 1200x600","0x1","0","1","0","NWB_DimWidth","0","1200","1200","SKIP","existing-kept","instance","Shared Parameter","7626175","NWB_DimWidth","String","False","1","1"
"20260810_130056","NWB Dim AutoFill","MECHANICAL DUCTWORK LAYOUT - LEVEL 07","model","selection","skip","Both","skip-other-users","13988134","Air Terminals","MHT-ME-AT - Supply Air Grille","","","MHT-ME-AT - 1200x600","0x1","0","1","0","NWB_DimHeight","1","600","600","SKIP","existing-kept","instance","Shared Parameter","7626170","NWB_DimHeight","String","False","1","1"
"20260810_130056","NWB Dim AutoFill","MECHANICAL DUCTWORK LAYOUT - LEVEL 07","model","selection","skip","Both","skip-other-users","13988135","Ducts","Rectangular Duct","","LEVEL 07","Flanged Long Radius Elbows / Shoe Branch","1200x600","1200","600","","NWB_DimWidth","1200","1200","1200","SKIP","existing-kept","instance","Shared Parameter","7626175","NWB_DimWidth","String","False","1","1"
"20260810_130056","NWB Dim AutoFill","MECHANICAL DUCTWORK LAYOUT - LEVEL 07","model","selection","skip","Both","skip-other-users","13988135","Ducts","Rectangular Duct","","LEVEL 07","Flanged Long Radius Elbows / Shoe Branch","1200x600","1200","600","","NWB_DimHeight","600","600","600","SKIP","existing-kept","instance","Shared Parameter","7626170","NWB_DimHeight","String","False","1","1"
"20260810_130056","NWB Dim AutoFill","MECHANICAL DUCTWORK LAYOUT - LEVEL 07","model","selection","skip","Both","skip-other-users","13988135","Ducts","Rectangular Duct","","LEVEL 07","Flanged Long Radius Elbows / Shoe Branch","1200x600","1200","600","","NWB_DimDiameter","","","","SKIP","no parsed value","","","","NWB_DimDiameter","","","",""
"20260810_130056","NWB Dim AutoFill","MECHANICAL DUCTWORK LAYOUT - LEVEL 07","model","selection","skip","Both","skip-other-users","13988136","Duct Fittings","MHT-ME-DF-Rectangular Union-01","","LEVEL 07","Standard","1200x600-1200x600","1200","600","","NWB_DimWidth","1200","800","800","SKIP","existing-kept","instance","Shared Parameter","3045165","NWB_DimWidth","Double","False","2","2"
"20260810_130056","NWB Dim AutoFill","MECHANICAL DUCTWORK LAYOUT - LEVEL 07","model","selection","skip","Both","skip-other-users","13988136","Duct Fittings","MHT-ME-DF-Rectangular Union-01","","LEVEL 07","Standard","1200x600-1200x600","1200","600","","NWB_DimHeight","600","450","450","SKIP","existing-kept","instance","Shared Parameter","3045163","NWB_DimHeight","Double","False","2","2"
"20260810_130056","NWB Dim AutoFill","MECHANICAL DUCTWORK LAYOUT - LEVEL 07","model","selection","skip","Both","skip-other-users","13988136","Duct Fittings","MHT-ME-DF-Rectangular Union-01","","LEVEL 07","Standard","1200x600-1200x600","1200","600","","NWB_DimDiameter","","","","SKIP","no parsed value","","","","NWB_DimDiameter","","","",""
"20260810_130056","NWB Dim AutoFill","MECHANICAL DUCTWORK LAYOUT - LEVEL 07","model","selection","skip","Both","skip-other-users","13988219","Flex Ducts","Flex Duct Round","","LEVEL 07","Flex - Round","400 mmø","","","400","NWB_DimWidth","","","","SKIP","no parsed value","","","","NWB_DimWidth","","","",""
"20260810_130056","NWB Dim AutoFill","MECHANICAL DUCTWORK LAYOUT - LEVEL 07","model","selection","skip","Both","skip-other-users","13988219","Flex Ducts","Flex Duct Round","","LEVEL 07","Flex - Round","400 mmø","","","400","NWB_DimHeight","","","","SKIP","no parsed value","","","","NWB_DimHeight","","","",""
"20260810_130056","NWB Dim AutoFill","MECHANICAL DUCTWORK LAYOUT - LEVEL 07","model","selection","skip","Both","skip-other-users","13988219","Flex Ducts","Flex Duct Round","","LEVEL 07","Flex - Round","400 mmø","","","400","NWB_DimDiameter","400","400","400","SKIP","existing-kept","instance","Shared Parameter","7626172","NWB_DimDiameter","String","False","1","1"
"20260810_130056","NWB Dim AutoFill","MECHANICAL DUCTWORK LAYOUT - LEVEL 07","model","selection","skip","Both","skip-other-users","13988302","Flex Ducts","Flex Duct Round","","LEVEL 07","Flex - Round","400 mmø","","","400","NWB_DimWidth","","","","SKIP","no parsed value","","","","NWB_DimWidth","","","",""
"20260810_130056","NWB Dim AutoFill","MECHANICAL DUCTWORK LAYOUT - LEVEL 07","model","selection","skip","Both","skip-other-users","13988302","Flex Ducts","Flex Duct Round","","LEVEL 07","Flex - Round","400 mmø","","","400","NWB_DimHeight","","","","SKIP","no parsed value","","","","NWB_DimHeight","","","",""
"20260810_130056","NWB Dim AutoFill","MECHANICAL DUCTWORK LAYOUT - LEVEL 07","model","selection","skip","Both","skip-other-users","13988302","Flex Ducts","Flex Duct Round","","LEVEL 07","Flex - Round","400 mmø","","","400","NWB_DimDiameter","400","400","400","SKIP","existing-kept","instance","Shared Parameter","7626172","NWB_DimDiameter","String","False","1","1"
"20260810_130056","NWB Dim AutoFill","MECHANICAL DUCTWORK LAYOUT - LEVEL 07","model","selection","skip","Both","skip-other-users","13988389","Flex Ducts","Flex Duct Round","","LEVEL 07","Flex - Round","400 mmø","","","400","NWB_DimWidth","","","","SKIP","no parsed value","","","","NWB_DimWidth","","","",""
"20260810_130056","NWB Dim AutoFill","MECHANICAL DUCTWORK LAYOUT - LEVEL 07","model","selection","skip","Both","skip-other-users","13988389","Flex Ducts","Flex Duct Round","","LEVEL 07","Flex - Round","400 mmø","","","400","NWB_DimHeight","","","","SKIP","no parsed value","","","","NWB_DimHeight","","","",""
"20260810_130056","NWB Dim AutoFill","MECHANICAL DUCTWORK LAYOUT - LEVEL 07","model","selection","skip","Both","skip-other-users","13988389","Flex Ducts","Flex Duct Round","","LEVEL 07","Flex - Round","400 mmø","","","400","NWB_DimDiameter","400","400","400","SKIP","existing-kept","instance","Shared Parameter","7626172","NWB_DimDiameter","String","False","1","1"
"20260810_130056","NWB Dim AutoFill","MECHANICAL DUCTWORK LAYOUT - LEVEL 07","model","selection","skip","Both","skip-other-users","13988580","Duct Fittings","MHT_DF_Spigot","","LEVEL 07","Damper","450ø-450ø","","","450","NWB_DimWidth","","","","SKIP","no parsed value","","","","NWB_DimWidth","","","",""
"20260810_130056","NWB Dim AutoFill","MECHANICAL DUCTWORK LAYOUT - LEVEL 07","model","selection","skip","Both","skip-other-users","13988580","Duct Fittings","MHT_DF_Spigot","","LEVEL 07","Damper","450ø-450ø","","","450","NWB_DimHeight","","","","SKIP","no parsed value","","","","NWB_DimHeight","","","",""
"20260810_130056","NWB Dim AutoFill","MECHANICAL DUCTWORK LAYOUT - LEVEL 07","model","selection","skip","Both","skip-other-users","13988591","Duct Fittings","MHT_DF_Spigot","","LEVEL 07","Damper","450ø-450ø","","","450","NWB_DimWidth","","","","SKIP","no parsed value","","","","NWB_DimWidth","","","",""
"20260810_130056","NWB Dim AutoFill","MECHANICAL DUCTWORK LAYOUT - LEVEL 07","model","selection","skip","Both","skip-other-users","13988591","Duct Fittings","MHT_DF_Spigot","","LEVEL 07","Damper","450ø-450ø","","","450","NWB_DimHeight","","","","SKIP","no parsed value","","","","NWB_DimHeight","","","",""
"20260810_130056","NWB Dim AutoFill","MECHANICAL DUCTWORK LAYOUT - LEVEL 07","model","selection","skip","Both","skip-other-users","13988847","Duct Fittings","MHT-ME-DF-Square Cap-BMA","","LEVEL 07","Standard","800x450","800","450","","NWB_DimWidth","800","800","800","SKIP","existing-kept","instance","Shared Parameter","7626175","NWB_DimWidth","String","False","1","1"
"20260810_130056","NWB Dim AutoFill","MECHANICAL DUCTWORK LAYOUT - LEVEL 07","model","selection","skip","Both","skip-other-users","13988847","Duct Fittings","MHT-ME-DF-Square Cap-BMA","","LEVEL 07","Standard","800x450","800","450","","NWB_DimHeight","450","450","450","SKIP","existing-kept","instance","Shared Parameter","7626170","NWB_DimHeight","String","False","1","1"
"20260810_130056","NWB Dim AutoFill","MECHANICAL DUCTWORK LAYOUT - LEVEL 07","model","selection","skip","Both","skip-other-users","13988847","Duct Fittings","MHT-ME-DF-Square Cap-BMA","","LEVEL 07","Standard","800x450","800","450","","NWB_DimDiameter","","","","SKIP","no parsed value","","","","NWB_DimDiameter","","","",""
"20260810_130056","NWB Dim AutoFill","MECHANICAL DUCTWORK LAYOUT - LEVEL 07","model","selection","skip","Both","skip-other-users","13988865","Flex Ducts","Flex Duct Round","","LEVEL 07","Flex - Round","450 mmø","","","450","NWB_DimWidth","","","","SKIP","no parsed value","","","","NWB_DimWidth","","","",""
"20260810_130056","NWB Dim AutoFill","MECHANICAL DUCTWORK LAYOUT - LEVEL 07","model","selection","skip","Both","skip-other-users","13988865","Flex Ducts","Flex Duct Round","","LEVEL 07","Flex - Round","450 mmø","","","450","NWB_DimHeight","","","","SKIP","no parsed value","","","","NWB_DimHeight","","","",""
"20260810_130056","NWB Dim AutoFill","MECHANICAL DUCTWORK LAYOUT - LEVEL 07","model","selection","skip","Both","skip-other-users","13988865","Flex Ducts","Flex Duct Round","","LEVEL 07","Flex - Round","450 mmø","","","450","NWB_DimDiameter","450","450","450","SKIP","existing-kept","instance","Shared Parameter","7626172","NWB_DimDiameter","String","False","1","1"
"20260810_130056","NWB Dim AutoFill","MECHANICAL DUCTWORK LAYOUT - LEVEL 07","model","selection","skip","Both","skip-other-users","13988868","Duct Fittings","MHT_DF_Spigot","","LEVEL 07","Damper","450ø-450ø","","","450","NWB_DimWidth","","","","SKIP","no parsed value","","","","NWB_DimWidth","","","",""
"20260810_130056","NWB Dim AutoFill","MECHANICAL DUCTWORK LAYOUT - LEVEL 07","model","selection","skip","Both","skip-other-users","13988868","Duct Fittings","MHT_DF_Spigot","","LEVEL 07","Damper","450ø-450ø","","","450","NWB_DimHeight","","","","SKIP","no parsed value","","","","NWB_DimHeight","","","",""
"20260810_130056","NWB Dim AutoFill","MECHANICAL DUCTWORK LAYOUT - LEVEL 07","model","selection","skip","Both","skip-other-users","13988868","Duct Fittings","MHT_DF_Spigot","","LEVEL 07","Damper","450ø-450ø","","","450","NWB_DimDiameter","450","450","450","SKIP","existing-kept","instance","Shared Parameter","7626172","NWB_DimDiameter","String","False","1","1"
"20260810_130056","NWB Dim AutoFill","MECHANICAL DUCTWORK LAYOUT - LEVEL 07","model","selection","skip","Both","skip-other-users","13988915","Flex Ducts","Flex Duct Round","","LEVEL 07","Flex - Round","450 mmø","","","450","NWB_DimWidth","","","","SKIP","no parsed value","","","","NWB_DimWidth","","","",""
"20260810_130056","NWB Dim AutoFill","MECHANICAL DUCTWORK LAYOUT - LEVEL 07","model","selection","skip","Both","skip-other-users","13988915","Flex Ducts","Flex Duct Round","","LEVEL 07","Flex - Round","450 mmø","","","450","NWB_DimHeight","","","","SKIP","no parsed value","","","","NWB_DimHeight","","","",""
"20260810_130056","NWB Dim AutoFill","MECHANICAL DUCTWORK LAYOUT - LEVEL 07","model","selection","skip","Both","skip-other-users","13988915","Flex Ducts","Flex Duct Round","","LEVEL 07","Flex - Round","450 mmø","","","450","NWB_DimDiameter","450","450","450","SKIP","existing-kept","instance","Shared Parameter","7626172","NWB_DimDiameter","String","False","1","1"
"20260810_130056","NWB Dim AutoFill","MECHANICAL DUCTWORK LAYOUT - LEVEL 07","model","selection","skip","Both","skip-other-users","13988918","Duct Fittings","MHT_DF_Spigot","","LEVEL 07","Damper","450ø-450ø","","","450","NWB_DimWidth","","","","SKIP","no parsed value","","","","NWB_DimWidth","","","",""
"20260810_130056","NWB Dim AutoFill","MECHANICAL DUCTWORK LAYOUT - LEVEL 07","model","selection","skip","Both","skip-other-users","13988918","Duct Fittings","MHT_DF_Spigot","","LEVEL 07","Damper","450ø-450ø","","","450","NWB_DimHeight","","","","SKIP","no parsed value","","","","NWB_DimHeight","","","",""
"20260810_130056","NWB Dim AutoFill","MECHANICAL DUCTWORK LAYOUT - LEVEL 07","model","selection","skip","Both","skip-other-users","13988989","Duct Fittings","MHT-ME-DF-Square Cap-BMA","","LEVEL 07","Standard","250x250","250","250","","NWB_DimWidth","250","250","250","SKIP","existing-kept","instance","Shared Parameter","7626175","NWB_DimWidth","String","False","1","1"
"20260810_130056","NWB Dim AutoFill","MECHANICAL DUCTWORK LAYOUT - LEVEL 07","model","selection","skip","Both","skip-other-users","13988989","Duct Fittings","MHT-ME-DF-Square Cap-BMA","","LEVEL 07","Standard","250x250","250","250","","NWB_DimHeight","250","250","250","SKIP","existing-kept","instance","Shared Parameter","7626170","NWB_DimHeight","String","False","1","1"
"20260810_130056","NWB Dim AutoFill","MECHANICAL DUCTWORK LAYOUT - LEVEL 07","model","selection","skip","Both","skip-other-users","13988989","Duct Fittings","MHT-ME-DF-Square Cap-BMA","","LEVEL 07","Standard","250x250","250","250","","NWB_DimDiameter","","","","SKIP","no parsed value","","","","NWB_DimDiameter","","","",""
"20260810_130056","NWB Dim AutoFill","MECHANICAL DUCTWORK LAYOUT - LEVEL 07","model","selection","skip","Both","skip-other-users","13989066","Flex Ducts","Flex Duct Round","","LEVEL 07","Flex - Round","200 mmø","","","200","NWB_DimWidth","","","","SKIP","no parsed value","","","","NWB_DimWidth","","","",""
"20260810_130056","NWB Dim AutoFill","MECHANICAL DUCTWORK LAYOUT - LEVEL 07","model","selection","skip","Both","skip-other-users","13989066","Flex Ducts","Flex Duct Round","","LEVEL 07","Flex - Round","200 mmø","","","200","NWB_DimHeight","","","","SKIP","no parsed value","","","","NWB_DimHeight","","","",""
"20260810_130056","NWB Dim AutoFill","MECHANICAL DUCTWORK LAYOUT - LEVEL 07","model","selection","skip","Both","skip-other-users","13989066","Flex Ducts","Flex Duct Round","","LEVEL 07","Flex - Round","200 mmø","","","200","NWB_DimDiameter","200","200","200","SKIP","existing-kept","instance","Shared Parameter","7626172","NWB_DimDiameter","String","False","1","1"
"20260810_130056","NWB Dim AutoFill","MECHANICAL DUCTWORK LAYOUT - LEVEL 07","model","selection","skip","Both","skip-other-users","13989069","Duct Fittings","MHT_DF_Spigot","","LEVEL 07","Damper","200ø-200ø","","","200","NWB_DimWidth","","","","SKIP","no parsed value","","","","NWB_DimWidth","","","",""
"20260810_130056","NWB Dim AutoFill","MECHANICAL DUCTWORK LAYOUT - LEVEL 07","model","selection","skip","Both","skip-other-users","13989069","Duct Fittings","MHT_DF_Spigot","","LEVEL 07","Damper","200ø-200ø","","","200","NWB_DimHeight","","","","SKIP","no parsed value","","","","NWB_DimHeight","","","",""
"20260810_130056","NWB Dim AutoFill","MECHANICAL DUCTWORK LAYOUT - LEVEL 07","model","selection","skip","Both","skip-other-users","13989069","Duct Fittings","MHT_DF_Spigot","","LEVEL 07","Damper","200ø-200ø","","","200","NWB_DimDiameter","200","450","450","SKIP","existing-kept","instance","Shared Parameter","7626172","NWB_DimDiameter","String","False","1","1"
"20260810_130056","NWB Dim AutoFill","MECHANICAL DUCTWORK LAYOUT - LEVEL 07","model","selection","skip","Both","skip-other-users","13989072","Flex Ducts","Flex Duct Round","","LEVEL 07","Flex - Round","200 mmø","","","200","NWB_DimWidth","","","","SKIP","no parsed value","","","","NWB_DimWidth","","","",""
"20260810_130056","NWB Dim AutoFill","MECHANICAL DUCTWORK LAYOUT - LEVEL 07","model","selection","skip","Both","skip-other-users","13989072","Flex Ducts","Flex Duct Round","","LEVEL 07","Flex - Round","200 mmø","","","200","NWB_DimHeight","","","","SKIP","no parsed value","","","","NWB_DimHeight","","","",""
"20260810_130056","NWB Dim AutoFill","MECHANICAL DUCTWORK LAYOUT - LEVEL 07","model","selection","skip","Both","skip-other-users","13989072","Flex Ducts","Flex Duct Round","","LEVEL 07","Flex - Round","200 mmø","","","200","NWB_DimDiameter","200","200","200","SKIP","existing-kept","instance","Shared Parameter","7626172","NWB_DimDiameter","String","False","1","1"
"20260810_130056","NWB Dim AutoFill","MECHANICAL DUCTWORK LAYOUT - LEVEL 07","model","selection","skip","Both","skip-other-users","13989075","Duct Fittings","MHT_DF_Spigot","","LEVEL 07","Damper","200ø-200ø","","","200","NWB_DimWidth","","","","SKIP","no parsed value","","","","NWB_DimWidth","","","",""
"20260810_130056","NWB Dim AutoFill","MECHANICAL DUCTWORK LAYOUT - LEVEL 07","model","selection","skip","Both","skip-other-users","13989075","Duct Fittings","MHT_DF_Spigot","","LEVEL 07","Damper","200ø-200ø","","","200","NWB_DimHeight","","","","SKIP","no parsed value","","","","NWB_DimHeight","","","",""
"20260810_130056","NWB Dim AutoFill","MECHANICAL DUCTWORK LAYOUT - LEVEL 07","model","selection","skip","Both","skip-other-users","13989262","Duct Fittings","MHT-ME-DF-Square Cap-BMA","","LEVEL 07","Standard","200x250","200","250","","NWB_DimWidth","200","200","200","SKIP","existing-kept","instance","Shared Parameter","7626175","NWB_DimWidth","String","False","1","1"
"20260810_130056","NWB Dim AutoFill","MECHANICAL DUCTWORK LAYOUT - LEVEL 07","model","selection","skip","Both","skip-other-users","13989262","Duct Fittings","MHT-ME-DF-Square Cap-BMA","","LEVEL 07","Standard","200x250","200","250","","NWB_DimHeight","250","250","250","SKIP","existing-kept","instance","Shared Parameter","7626170","NWB_DimHeight","String","False","1","1"
"20260810_130056","NWB Dim AutoFill","MECHANICAL DUCTWORK LAYOUT - LEVEL 07","model","selection","skip","Both","skip-other-users","13989262","Duct Fittings","MHT-ME-DF-Square Cap-BMA","","LEVEL 07","Standard","200x250","200","250","","NWB_DimDiameter","","","","SKIP","no parsed value","","","","NWB_DimDiameter","","","",""
"20260810_130056","NWB Dim AutoFill","MECHANICAL DUCTWORK LAYOUT - LEVEL 07","model","selection","skip","Both","skip-other-users","13989307","Flex Ducts","Flex Duct Round","","LEVEL 07","Flex - Round","250 mmø","","","250","NWB_DimWidth","","","","SKIP","no parsed value","","","","NWB_DimWidth","","","",""
"20260810_130056","NWB Dim AutoFill","MECHANICAL DUCTWORK LAYOUT - LEVEL 07","model","selection","skip","Both","skip-other-users","13989307","Flex Ducts","Flex Duct Round","","LEVEL 07","Flex - Round","250 mmø","","","250","NWB_DimHeight","","","","SKIP","no parsed value","","","","NWB_DimHeight","","","",""
"20260810_130056","NWB Dim AutoFill","MECHANICAL DUCTWORK LAYOUT - LEVEL 07","model","selection","skip","Both","skip-other-users","13989307","Flex Ducts","Flex Duct Round","","LEVEL 07","Flex - Round","250 mmø","","","250","NWB_DimDiameter","250","250","250","SKIP","existing-kept","instance","Shared Parameter","7626172","NWB_DimDiameter","String","False","1","1"
"20260810_130056","NWB Dim AutoFill","MECHANICAL DUCTWORK LAYOUT - LEVEL 07","model","selection","skip","Both","skip-other-users","13989372","Duct Fittings","MHT-ME-DF-Square Cap-BMA","","LEVEL 07","Standard","250x250","250","250","","NWB_DimWidth","250","250","250","SKIP","existing-kept","instance","Shared Parameter","7626175","NWB_DimWidth","String","False","1","1"
"20260810_130056","NWB Dim AutoFill","MECHANICAL DUCTWORK LAYOUT - LEVEL 07","model","selection","skip","Both","skip-other-users","13989372","Duct Fittings","MHT-ME-DF-Square Cap-BMA","","LEVEL 07","Standard","250x250","250","250","","NWB_DimHeight","250","250","250","SKIP","existing-kept","instance","Shared Parameter","7626170","NWB_DimHeight","String","False","1","1"
"20260810_130056","NWB Dim AutoFill","MECHANICAL DUCTWORK LAYOUT - LEVEL 07","model","selection","skip","Both","skip-other-users","13989372","Duct Fittings","MHT-ME-DF-Square Cap-BMA","","LEVEL 07","Standard","250x250","250","250","","NWB_DimDiameter","","","","SKIP","no parsed value","","","","NWB_DimDiameter","","","",""
"20260810_130056","NWB Dim AutoFill","MECHANICAL DUCTWORK LAYOUT - LEVEL 07","model","selection","skip","Both","skip-other-users","13989538","Flex Ducts","Flex Duct Round","","LEVEL 07","Flex - Round","250 mmø","","","250","NWB_DimWidth","","","","SKIP","no parsed value","","","","NWB_DimWidth","","","",""
"20260810_130056","NWB Dim AutoFill","MECHANICAL DUCTWORK LAYOUT - LEVEL 07","model","selection","skip","Both","skip-other-users","13989538","Flex Ducts","Flex Duct Round","","LEVEL 07","Flex - Round","250 mmø","","","250","NWB_DimHeight","","","","SKIP","no parsed value","","","","NWB_DimHeight","","","",""
"20260810_130056","NWB Dim AutoFill","MECHANICAL DUCTWORK LAYOUT - LEVEL 07","model","selection","skip","Both","skip-other-users","13989538","Flex Ducts","Flex Duct Round","","LEVEL 07","Flex - Round","250 mmø","","","250","NWB_DimDiameter","250","250","250","SKIP","existing-kept","instance","Shared Parameter","7626172","NWB_DimDiameter","String","False","1","1"
"20260810_130056","NWB Dim AutoFill","MECHANICAL DUCTWORK LAYOUT - LEVEL 07","model","selection","skip","Both","skip-other-users","13989541","Duct Fittings","MHT_DF_Spigot","","LEVEL 07","Damper","250ø-250ø","","","250","NWB_DimWidth","","","","SKIP","no parsed value","","","","NWB_DimWidth","","","",""
"20260810_130056","NWB Dim AutoFill","MECHANICAL DUCTWORK LAYOUT - LEVEL 07","model","selection","skip","Both","skip-other-users","13989541","Duct Fittings","MHT_DF_Spigot","","LEVEL 07","Damper","250ø-250ø","","","250","NWB_DimHeight","","","","SKIP","no parsed value","","","","NWB_DimHeight","","","",""
"20260810_130056","NWB Dim AutoFill","MECHANICAL DUCTWORK LAYOUT - LEVEL 07","model","selection","skip","Both","skip-other-users","13989870","Flex Ducts","Flex Duct Round","","LEVEL 07","Flex - Round","250 mmø","","","250","NWB_DimWidth","","","","SKIP","no parsed value","","","","NWB_DimWidth","","","",""
"20260810_130056","NWB Dim AutoFill","MECHANICAL DUCTWORK LAYOUT - LEVEL 07","model","selection","skip","Both","skip-other-users","13989870","Flex Ducts","Flex Duct Round","","LEVEL 07","Flex - Round","250 mmø","","","250","NWB_DimHeight","","","","SKIP","no parsed value","","","","NWB_DimHeight","","","",""
"20260810_130056","NWB Dim AutoFill","MECHANICAL DUCTWORK LAYOUT - LEVEL 07","model","selection","skip","Both","skip-other-users","13989870","Flex Ducts","Flex Duct Round","","LEVEL 07","Flex - Round","250 mmø","","","250","NWB_DimDiameter","250","250","250","SKIP","existing-kept","instance","Shared Parameter","7626172","NWB_DimDiameter","String","False","1","1"
"20260810_130056","NWB Dim AutoFill","MECHANICAL DUCTWORK LAYOUT - LEVEL 07","model","selection","skip","Both","skip-other-users","13990876","Flex Ducts","Flex Duct Round","","LEVEL 07","Flex - Round","200 mmø","","","200","NWB_DimWidth","","","","SKIP","no parsed value","","","","NWB_DimWidth","","","",""
"20260810_130056","NWB Dim AutoFill","MECHANICAL DUCTWORK LAYOUT - LEVEL 07","model","selection","skip","Both","skip-other-users","13990876","Flex Ducts","Flex Duct Round","","LEVEL 07","Flex - Round","200 mmø","","","200","NWB_DimHeight","","","","SKIP","no parsed value","","","","NWB_DimHeight","","","",""
"20260810_130056","NWB Dim AutoFill","MECHANICAL DUCTWORK LAYOUT - LEVEL 07","model","selection","skip","Both","skip-other-users","13990876","Flex Ducts","Flex Duct Round","","LEVEL 07","Flex - Round","200 mmø","","","200","NWB_DimDiameter","200","200","200","SKIP","existing-kept","instance","Shared Parameter","7626172","NWB_DimDiameter","String","False","1","1"
"20260810_130056","NWB Dim AutoFill","MECHANICAL DUCTWORK LAYOUT - LEVEL 07","model","selection","skip","Both","skip-other-users","13991895","Flex Ducts","Flex Duct Round","","LEVEL 07","Flex - Round","250 mmø","","","250","NWB_DimWidth","","","","SKIP","no parsed value","","","","NWB_DimWidth","","","",""
"20260810_130056","NWB Dim AutoFill","MECHANICAL DUCTWORK LAYOUT - LEVEL 07","model","selection","skip","Both","skip-other-users","13991895","Flex Ducts","Flex Duct Round","","LEVEL 07","Flex - Round","250 mmø","","","250","NWB_DimHeight","","","","SKIP","no parsed value","","","","NWB_DimHeight","","","",""
"20260810_130056","NWB Dim AutoFill","MECHANICAL DUCTWORK LAYOUT - LEVEL 07","model","selection","skip","Both","skip-other-users","13991895","Flex Ducts","Flex Duct Round","","LEVEL 07","Flex - Round","250 mmø","","","250","NWB_DimDiameter","250","250","250","SKIP","existing-kept","instance","Shared Parameter","7626172","NWB_DimDiameter","String","False","1","1"
"20260810_130056","NWB Dim AutoFill","MECHANICAL DUCTWORK LAYOUT - LEVEL 07","model","selection","skip","Both","skip-other-users","13992037","Flex Ducts","Flex Duct Round","","LEVEL 07","Flex - Round","200 mmø","","","200","NWB_DimWidth","","","","SKIP","no parsed value","","","","NWB_DimWidth","","","",""
"20260810_130056","NWB Dim AutoFill","MECHANICAL DUCTWORK LAYOUT - LEVEL 07","model","selection","skip","Both","skip-other-users","13992037","Flex Ducts","Flex Duct Round","","LEVEL 07","Flex - Round","200 mmø","","","200","NWB_DimHeight","","","","SKIP","no parsed value","","","","NWB_DimHeight","","","",""
"20260810_130056","NWB Dim AutoFill","MECHANICAL DUCTWORK LAYOUT - LEVEL 07","model","selection","skip","Both","skip-other-users","13992037","Flex Ducts","Flex Duct Round","","LEVEL 07","Flex - Round","200 mmø","","","200","NWB_DimDiameter","200","200","200","SKIP","existing-kept","instance","Shared Parameter","7626172","NWB_DimDiameter","String","False","1","1"
"20260810_130056","NWB Dim AutoFill","MECHANICAL DUCTWORK LAYOUT - LEVEL 07","model","selection","skip","Both","skip-other-users","13992040","Duct Fittings","MHT_DF_Spigot","","LEVEL 07","Damper","200ø-200ø","","","200","NWB_DimWidth","","","","SKIP","no parsed value","","","","NWB_DimWidth","","","",""
"20260810_130056","NWB Dim AutoFill","MECHANICAL DUCTWORK LAYOUT - LEVEL 07","model","selection","skip","Both","skip-other-users","13992040","Duct Fittings","MHT_DF_Spigot","","LEVEL 07","Damper","200ø-200ø","","","200","NWB_DimHeight","","","","SKIP","no parsed value","","","","NWB_DimHeight","","","",""
"20260810_130056","NWB Dim AutoFill","MECHANICAL DUCTWORK LAYOUT - LEVEL 07","model","selection","skip","Both","skip-other-users","13992096","Flex Ducts","Flex Duct Round","","LEVEL 07","Flex - Round","250 mmø","","","250","NWB_DimWidth","","","","SKIP","no parsed value","","","","NWB_DimWidth","","","",""
"20260810_130056","NWB Dim AutoFill","MECHANICAL DUCTWORK LAYOUT - LEVEL 07","model","selection","skip","Both","skip-other-users","13992096","Flex Ducts","Flex Duct Round","","LEVEL 07","Flex - Round","250 mmø","","","250","NWB_DimHeight","","","","SKIP","no parsed value","","","","NWB_DimHeight","","","",""
"20260810_130056","NWB Dim AutoFill","MECHANICAL DUCTWORK LAYOUT - LEVEL 07","model","selection","skip","Both","skip-other-users","13992096","Flex Ducts","Flex Duct Round","","LEVEL 07","Flex - Round","250 mmø","","","250","NWB_DimDiameter","250","250","250","SKIP","existing-kept","instance","Shared Parameter","7626172","NWB_DimDiameter","String","False","1","1"
"20260810_130056","NWB Dim AutoFill","MECHANICAL DUCTWORK LAYOUT - LEVEL 07","model","selection","skip","Both","skip-other-users","13992099","Duct Fittings","MHT_DF_Spigot","","LEVEL 07","Damper","250ø-250ø","","","250","NWB_DimWidth","","","","SKIP","no parsed value","","","","NWB_DimWidth","","","",""
"20260810_130056","NWB Dim AutoFill","MECHANICAL DUCTWORK LAYOUT - LEVEL 07","model","selection","skip","Both","skip-other-users","13992099","Duct Fittings","MHT_DF_Spigot","","LEVEL 07","Damper","250ø-250ø","","","250","NWB_DimHeight","","","","SKIP","no parsed value","","","","NWB_DimHeight","","","",""
"20260810_130056","NWB Dim AutoFill","MECHANICAL DUCTWORK LAYOUT - LEVEL 07","model","selection","skip","Both","skip-other-users","13992108","Flex Ducts","Flex Duct Round","","LEVEL 07","Flex - Round","250 mmø","","","250","NWB_DimWidth","","","","SKIP","no parsed value","","","","NWB_DimWidth","","","",""
"20260810_130056","NWB Dim AutoFill","MECHANICAL DUCTWORK LAYOUT - LEVEL 07","model","selection","skip","Both","skip-other-users","13992108","Flex Ducts","Flex Duct Round","","LEVEL 07","Flex - Round","250 mmø","","","250","NWB_DimHeight","","","","SKIP","no parsed value","","","","NWB_DimHeight","","","",""
"20260810_130056","NWB Dim AutoFill","MECHANICAL DUCTWORK LAYOUT - LEVEL 07","model","selection","skip","Both","skip-other-users","13992108","Flex Ducts","Flex Duct Round","","LEVEL 07","Flex - Round","250 mmø","","","250","NWB_DimDiameter","250","250","250","SKIP","existing-kept","instance","Shared Parameter","7626172","NWB_DimDiameter","String","False","1","1"
"20260810_130056","NWB Dim AutoFill","MECHANICAL DUCTWORK LAYOUT - LEVEL 07","model","selection","skip","Both","skip-other-users","13992111","Duct Fittings","MHT_DF_Spigot","","LEVEL 07","Damper","250ø-250ø","","","250","NWB_DimWidth","","","","SKIP","no parsed value","","","","NWB_DimWidth","","","",""
"20260810_130056","NWB Dim AutoFill","MECHANICAL DUCTWORK LAYOUT - LEVEL 07","model","selection","skip","Both","skip-other-users","13992111","Duct Fittings","MHT_DF_Spigot","","LEVEL 07","Damper","250ø-250ø","","","250","NWB_DimHeight","","","","SKIP","no parsed value","","","","NWB_DimHeight","","","",""
"20260810_130056","NWB Dim AutoFill","MECHANICAL DUCTWORK LAYOUT - LEVEL 07","model","selection","skip","Both","skip-other-users","13992111","Duct Fittings","MHT_DF_Spigot","","LEVEL 07","Damper","250ø-250ø","","","250","NWB_DimDiameter","250","200","200","SKIP","existing-kept","instance","Shared Parameter","7626172","NWB_DimDiameter","String","False","1","1"
"20260810_130056","NWB Dim AutoFill","MECHANICAL DUCTWORK LAYOUT - LEVEL 07","model","selection","skip","Both","skip-other-users","13992139","Flex Ducts","Flex Duct Round","","LEVEL 07","Flex - Round","250 mmø","","","250","NWB_DimWidth","","","","SKIP","no parsed value","","","","NWB_DimWidth","","","",""
"20260810_130056","NWB Dim AutoFill","MECHANICAL DUCTWORK LAYOUT - LEVEL 07","model","selection","skip","Both","skip-other-users","13992139","Flex Ducts","Flex Duct Round","","LEVEL 07","Flex - Round","250 mmø","","","250","NWB_DimHeight","","","","SKIP","no parsed value","","","","NWB_DimHeight","","","",""
"20260810_130056","NWB Dim AutoFill","MECHANICAL DUCTWORK LAYOUT - LEVEL 07","model","selection","skip","Both","skip-other-users","13992139","Flex Ducts","Flex Duct Round","","LEVEL 07","Flex - Round","250 mmø","","","250","NWB_DimDiameter","250","250","250","SKIP","existing-kept","instance","Shared Parameter","7626172","NWB_DimDiameter","String","False","1","1"
"20260810_130056","NWB Dim AutoFill","MECHANICAL DUCTWORK LAYOUT - LEVEL 07","model","selection","skip","Both","skip-other-users","13992166","Flex Ducts","Flex Duct Round","","LEVEL 07","Flex - Round","250 mmø","","","250","NWB_DimWidth","","","","SKIP","no parsed value","","","","NWB_DimWidth","","","",""
"20260810_130056","NWB Dim AutoFill","MECHANICAL DUCTWORK LAYOUT - LEVEL 07","model","selection","skip","Both","skip-other-users","13992166","Flex Ducts","Flex Duct Round","","LEVEL 07","Flex - Round","250 mmø","","","250","NWB_DimHeight","","","","SKIP","no parsed value","","","","NWB_DimHeight","","","",""
"20260810_130056","NWB Dim AutoFill","MECHANICAL DUCTWORK LAYOUT - LEVEL 07","model","selection","skip","Both","skip-other-users","13992166","Flex Ducts","Flex Duct Round","","LEVEL 07","Flex - Round","250 mmø","","","250","NWB_DimDiameter","250","250","250","SKIP","existing-kept","instance","Shared Parameter","7626172","NWB_DimDiameter","String","False","1","1"
"20260810_130056","NWB Dim AutoFill","MECHANICAL DUCTWORK LAYOUT - LEVEL 07","model","selection","skip","Both","skip-other-users","13992189","Flex Ducts","Flex Duct Round","","LEVEL 07","Flex - Round","250 mmø","","","250","NWB_DimWidth","","","","SKIP","no parsed value","","","","NWB_DimWidth","","","",""
"20260810_130056","NWB Dim AutoFill","MECHANICAL DUCTWORK LAYOUT - LEVEL 07","model","selection","skip","Both","skip-other-users","13992189","Flex Ducts","Flex Duct Round","","LEVEL 07","Flex - Round","250 mmø","","","250","NWB_DimHeight","","","","SKIP","no parsed value","","","","NWB_DimHeight","","","",""
"20260810_130056","NWB Dim AutoFill","MECHANICAL DUCTWORK LAYOUT - LEVEL 07","model","selection","skip","Both","skip-other-users","13992189","Flex Ducts","Flex Duct Round","","LEVEL 07","Flex - Round","250 mmø","","","250","NWB_DimDiameter","250","250","250","SKIP","existing-kept","instance","Shared Parameter","7626172","NWB_DimDiameter","String","False","1","1"
"20260810_130056","NWB Dim AutoFill","MECHANICAL DUCTWORK LAYOUT - LEVEL 07","model","selection","skip","Both","skip-other-users","13992291","Flex Ducts","Flex Duct Round","","LEVEL 07","Flex - Round","250 mmø","","","250","NWB_DimWidth","","","","SKIP","no parsed value","","","","NWB_DimWidth","","","",""
"20260810_130056","NWB Dim AutoFill","MECHANICAL DUCTWORK LAYOUT - LEVEL 07","model","selection","skip","Both","skip-other-users","13992291","Flex Ducts","Flex Duct Round","","LEVEL 07","Flex - Round","250 mmø","","","250","NWB_DimHeight","","","","SKIP","no parsed value","","","","NWB_DimHeight","","","",""
"20260810_130056","NWB Dim AutoFill","MECHANICAL DUCTWORK LAYOUT - LEVEL 07","model","selection","skip","Both","skip-other-users","13992291","Flex Ducts","Flex Duct Round","","LEVEL 07","Flex - Round","250 mmø","","","250","NWB_DimDiameter","250","250","250","SKIP","existing-kept","instance","Shared Parameter","7626172","NWB_DimDiameter","String","False","1","1"
"20260810_130056","NWB Dim AutoFill","MECHANICAL DUCTWORK LAYOUT - LEVEL 07","model","selection","skip","Both","skip-other-users","13992294","Duct Fittings","MHT_DF_Spigot","","LEVEL 07","Damper","250ø-250ø","","","250","NWB_DimWidth","","","","SKIP","no parsed value","","","","NWB_DimWidth","","","",""
"20260810_130056","NWB Dim AutoFill","MECHANICAL DUCTWORK LAYOUT - LEVEL 07","model","selection","skip","Both","skip-other-users","13992294","Duct Fittings","MHT_DF_Spigot","","LEVEL 07","Damper","250ø-250ø","","","250","NWB_DimHeight","","","","SKIP","no parsed value","","","","NWB_DimHeight","","","",""
"20260810_130056","NWB Dim AutoFill","MECHANICAL DUCTWORK LAYOUT - LEVEL 07","model","selection","skip","Both","skip-other-users","13992294","Duct Fittings","MHT_DF_Spigot","","LEVEL 07","Damper","250ø-250ø","","","250","NWB_DimDiameter","250","250","250","SKIP","existing-kept","instance","Shared Parameter","7626172","NWB_DimDiameter","String","False","1","1"
"20260810_130056","NWB Dim AutoFill","MECHANICAL DUCTWORK LAYOUT - LEVEL 07","model","selection","skip","Both","skip-other-users","13992351","Flex Ducts","Flex Duct Round","","LEVEL 07","Flex - Round","150 mmø","","","150","NWB_DimWidth","","","","SKIP","no parsed value","","","","NWB_DimWidth","","","",""
"20260810_130056","NWB Dim AutoFill","MECHANICAL DUCTWORK LAYOUT - LEVEL 07","model","selection","skip","Both","skip-other-users","13992351","Flex Ducts","Flex Duct Round","","LEVEL 07","Flex - Round","150 mmø","","","150","NWB_DimHeight","","","","SKIP","no parsed value","","","","NWB_DimHeight","","","",""
"20260810_130056","NWB Dim AutoFill","MECHANICAL DUCTWORK LAYOUT - LEVEL 07","model","selection","skip","Both","skip-other-users","13992351","Flex Ducts","Flex Duct Round","","LEVEL 07","Flex - Round","150 mmø","","","150","NWB_DimDiameter","150","150","150","SKIP","existing-kept","instance","Shared Parameter","7626172","NWB_DimDiameter","String","False","1","1"
"20260810_130056","NWB Dim AutoFill","MECHANICAL DUCTWORK LAYOUT - LEVEL 07","model","selection","skip","Both","skip-other-users","13992354","Duct Fittings","MHT_DF_Spigot","","LEVEL 07","Damper","150ø-150ø","","","150","NWB_DimWidth","","","","SKIP","no parsed value","","","","NWB_DimWidth","","","",""
"20260810_130056","NWB Dim AutoFill","MECHANICAL DUCTWORK LAYOUT - LEVEL 07","model","selection","skip","Both","skip-other-users","13992354","Duct Fittings","MHT_DF_Spigot","","LEVEL 07","Damper","150ø-150ø","","","150","NWB_DimHeight","","","","SKIP","no parsed value","","","","NWB_DimHeight","","","",""
"20260810_130056","NWB Dim AutoFill","MECHANICAL DUCTWORK LAYOUT - LEVEL 07","model","selection","skip","Both","skip-other-users","13992354","Duct Fittings","MHT_DF_Spigot","","LEVEL 07","Damper","150ø-150ø","","","150","NWB_DimDiameter","150","250","250","SKIP","existing-kept","instance","Shared Parameter","7626172","NWB_DimDiameter","String","False","1","1"
"20260810_130056","NWB Dim AutoFill","MECHANICAL DUCTWORK LAYOUT - LEVEL 07","model","selection","skip","Both","skip-other-users","13992485","Flex Ducts","Flex Duct Round","","LEVEL 07","Flex - Round","150 mmø","","","150","NWB_DimWidth","","","","SKIP","no parsed value","","","","NWB_DimWidth","","","",""
"20260810_130056","NWB Dim AutoFill","MECHANICAL DUCTWORK LAYOUT - LEVEL 07","model","selection","skip","Both","skip-other-users","13992485","Flex Ducts","Flex Duct Round","","LEVEL 07","Flex - Round","150 mmø","","","150","NWB_DimHeight","","","","SKIP","no parsed value","","","","NWB_DimHeight","","","",""
"20260810_130056","NWB Dim AutoFill","MECHANICAL DUCTWORK LAYOUT - LEVEL 07","model","selection","skip","Both","skip-other-users","13992485","Flex Ducts","Flex Duct Round","","LEVEL 07","Flex - Round","150 mmø","","","150","NWB_DimDiameter","150","150","150","SKIP","existing-kept","instance","Shared Parameter","7626172","NWB_DimDiameter","String","False","1","1"
"20260810_130056","NWB Dim AutoFill","MECHANICAL DUCTWORK LAYOUT - LEVEL 07","model","selection","skip","Both","skip-other-users","13992488","Duct Fittings","MHT_DF_Spigot","","LEVEL 07","Damper","150ø-150ø","","","150","NWB_DimWidth","","","","SKIP","no parsed value","","","","NWB_DimWidth","","","",""
"20260810_130056","NWB Dim AutoFill","MECHANICAL DUCTWORK LAYOUT - LEVEL 07","model","selection","skip","Both","skip-other-users","13992488","Duct Fittings","MHT_DF_Spigot","","LEVEL 07","Damper","150ø-150ø","","","150","NWB_DimHeight","","","","SKIP","no parsed value","","","","NWB_DimHeight","","","",""
"20260810_130056","NWB Dim AutoFill","MECHANICAL DUCTWORK LAYOUT - LEVEL 07","model","selection","skip","Both","skip-other-users","13992488","Duct Fittings","MHT_DF_Spigot","","LEVEL 07","Damper","150ø-150ø","","","150","NWB_DimDiameter","150","250","250","SKIP","existing-kept","instance","Shared Parameter","7626172","NWB_DimDiameter","String","False","1","1"
"20260810_130056","NWB Dim AutoFill","MECHANICAL DUCTWORK LAYOUT - LEVEL 07","model","selection","skip","Both","skip-other-users","13992764","Duct Fittings","MHT-ME-DF-Rectangular Short Radius Bend - Flanged","","LEVEL 07","MHT-ME-DF-Rectangular Short Radius Bend - Flanged","500x350-500x350","500","350","","NWB_DimDiameter","","","","SKIP","no parsed value","","","","NWB_DimDiameter","","","",""
"20260810_130056","NWB Dim AutoFill","MECHANICAL DUCTWORK LAYOUT - LEVEL 07","model","selection","skip","Both","skip-other-users","13992990","Flex Ducts","Flex Duct Round","","LEVEL 07","Flex - Round","200 mmø","","","200","NWB_DimWidth","","","","SKIP","no parsed value","","","","NWB_DimWidth","","","",""
"20260810_130056","NWB Dim AutoFill","MECHANICAL DUCTWORK LAYOUT - LEVEL 07","model","selection","skip","Both","skip-other-users","13992990","Flex Ducts","Flex Duct Round","","LEVEL 07","Flex - Round","200 mmø","","","200","NWB_DimHeight","","","","SKIP","no parsed value","","","","NWB_DimHeight","","","",""
"20260810_130056","NWB Dim AutoFill","MECHANICAL DUCTWORK LAYOUT - LEVEL 07","model","selection","skip","Both","skip-other-users","13992990","Flex Ducts","Flex Duct Round","","LEVEL 07","Flex - Round","200 mmø","","","200","NWB_DimDiameter","200","200","200","SKIP","existing-kept","instance","Shared Parameter","7626172","NWB_DimDiameter","String","False","1","1"
"20260810_130056","NWB Dim AutoFill","MECHANICAL DUCTWORK LAYOUT - LEVEL 07","model","selection","skip","Both","skip-other-users","13992993","Duct Fittings","MHT_DF_Spigot","","LEVEL 07","Damper","200ø-200ø","","","200","NWB_DimWidth","","","","SKIP","no parsed value","","","","NWB_DimWidth","","","",""
"20260810_130056","NWB Dim AutoFill","MECHANICAL DUCTWORK LAYOUT - LEVEL 07","model","selection","skip","Both","skip-other-users","13992993","Duct Fittings","MHT_DF_Spigot","","LEVEL 07","Damper","200ø-200ø","","","200","NWB_DimHeight","","","","SKIP","no parsed value","","","","NWB_DimHeight","","","",""
"20260810_130056","NWB Dim AutoFill","MECHANICAL DUCTWORK LAYOUT - LEVEL 07","model","selection","skip","Both","skip-other-users","13992993","Duct Fittings","MHT_DF_Spigot","","LEVEL 07","Damper","200ø-200ø","","","200","NWB_DimDiameter","200","150","150","SKIP","existing-kept","instance","Shared Parameter","7626172","NWB_DimDiameter","String","False","1","1"
"20260810_130056","NWB Dim AutoFill","MECHANICAL DUCTWORK LAYOUT - LEVEL 07","model","selection","skip","Both","skip-other-users","13993017","Duct Fittings","MHT-ME-DF-Square Cap-BMA","","LEVEL 07","Standard","200x250","200","250","","NWB_DimWidth","200","200","200","SKIP","existing-kept","instance","Shared Parameter","7626175","NWB_DimWidth","String","False","1","1"
"20260810_130056","NWB Dim AutoFill","MECHANICAL DUCTWORK LAYOUT - LEVEL 07","model","selection","skip","Both","skip-other-users","13993017","Duct Fittings","MHT-ME-DF-Square Cap-BMA","","LEVEL 07","Standard","200x250","200","250","","NWB_DimHeight","250","250","250","SKIP","existing-kept","instance","Shared Parameter","7626170","NWB_DimHeight","String","False","1","1"
"20260810_130056","NWB Dim AutoFill","MECHANICAL DUCTWORK LAYOUT - LEVEL 07","model","selection","skip","Both","skip-other-users","13993017","Duct Fittings","MHT-ME-DF-Square Cap-BMA","","LEVEL 07","Standard","200x250","200","250","","NWB_DimDiameter","","","","SKIP","no parsed value","","","","NWB_DimDiameter","","","",""
"20260810_130056","NWB Dim AutoFill","MECHANICAL DUCTWORK LAYOUT - LEVEL 07","model","selection","skip","Both","skip-other-users","13993873","Duct Fittings","MHT-ME-DF-Square Cap-BMA","","LEVEL 07","Standard","400x300","400","300","","NWB_DimWidth","400","200","200","SKIP","existing-kept","instance","Shared Parameter","7626175","NWB_DimWidth","String","False","1","1"
"20260810_130056","NWB Dim AutoFill","MECHANICAL DUCTWORK LAYOUT - LEVEL 07","model","selection","skip","Both","skip-other-users","13993873","Duct Fittings","MHT-ME-DF-Square Cap-BMA","","LEVEL 07","Standard","400x300","400","300","","NWB_DimHeight","300","250","250","SKIP","existing-kept","instance","Shared Parameter","7626170","NWB_DimHeight","String","False","1","1"
"20260810_130056","NWB Dim AutoFill","MECHANICAL DUCTWORK LAYOUT - LEVEL 07","model","selection","skip","Both","skip-other-users","13993873","Duct Fittings","MHT-ME-DF-Square Cap-BMA","","LEVEL 07","Standard","400x300","400","300","","NWB_DimDiameter","","","","SKIP","no parsed value","","","","NWB_DimDiameter","","","",""
"20260810_130056","NWB Dim AutoFill","MECHANICAL DUCTWORK LAYOUT - LEVEL 07","model","selection","skip","Both","skip-other-users","13993941","Flex Ducts","Flex Duct Round","","LEVEL 07","Flex - Round","250 mmø","","","250","NWB_DimWidth","","","","SKIP","no parsed value","","","","NWB_DimWidth","","","",""
"20260810_130056","NWB Dim AutoFill","MECHANICAL DUCTWORK LAYOUT - LEVEL 07","model","selection","skip","Both","skip-other-users","13993941","Flex Ducts","Flex Duct Round","","LEVEL 07","Flex - Round","250 mmø","","","250","NWB_DimHeight","","","","SKIP","no parsed value","","","","NWB_DimHeight","","","",""
"20260810_130056","NWB Dim AutoFill","MECHANICAL DUCTWORK LAYOUT - LEVEL 07","model","selection","skip","Both","skip-other-users","13993941","Flex Ducts","Flex Duct Round","","LEVEL 07","Flex - Round","250 mmø","","","250","NWB_DimDiameter","250","250","250","SKIP","existing-kept","instance","Shared Parameter","7626172","NWB_DimDiameter","String","False","1","1"
"20260810_130056","NWB Dim AutoFill","MECHANICAL DUCTWORK LAYOUT - LEVEL 07","model","selection","skip","Both","skip-other-users","13994011","Flex Ducts","Flex Duct Round","","LEVEL 07","Flex - Round","200 mmø","","","200","NWB_DimWidth","","","","SKIP","no parsed value","","","","NWB_DimWidth","","","",""
"20260810_130056","NWB Dim AutoFill","MECHANICAL DUCTWORK LAYOUT - LEVEL 07","model","selection","skip","Both","skip-other-users","13994011","Flex Ducts","Flex Duct Round","","LEVEL 07","Flex - Round","200 mmø","","","200","NWB_DimHeight","","","","SKIP","no parsed value","","","","NWB_DimHeight","","","",""
"20260810_130056","NWB Dim AutoFill","MECHANICAL DUCTWORK LAYOUT - LEVEL 07","model","selection","skip","Both","skip-other-users","13994011","Flex Ducts","Flex Duct Round","","LEVEL 07","Flex - Round","200 mmø","","","200","NWB_DimDiameter","200","200","200","SKIP","existing-kept","instance","Shared Parameter","7626172","NWB_DimDiameter","String","False","1","1"
"20260810_130056","NWB Dim AutoFill","MECHANICAL DUCTWORK LAYOUT - LEVEL 07","model","selection","skip","Both","skip-other-users","13994038","Duct Fittings","MHT-ME-DF-Square Cap-BMA","","LEVEL 07","Standard","200x250","200","250","","NWB_DimWidth","200","200","200","SKIP","existing-kept","instance","Shared Parameter","7626175","NWB_DimWidth","String","False","1","1"
"20260810_130056","NWB Dim AutoFill","MECHANICAL DUCTWORK LAYOUT - LEVEL 07","model","selection","skip","Both","skip-other-users","13994038","Duct Fittings","MHT-ME-DF-Square Cap-BMA","","LEVEL 07","Standard","200x250","200","250","","NWB_DimHeight","250","250","250","SKIP","existing-kept","instance","Shared Parameter","7626170","NWB_DimHeight","String","False","1","1"
"20260810_130056","NWB Dim AutoFill","MECHANICAL DUCTWORK LAYOUT - LEVEL 07","model","selection","skip","Both","skip-other-users","13994038","Duct Fittings","MHT-ME-DF-Square Cap-BMA","","LEVEL 07","Standard","200x250","200","250","","NWB_DimDiameter","","","","SKIP","no parsed value","","","","NWB_DimDiameter","","","",""
"20260810_130056","NWB Dim AutoFill","MECHANICAL DUCTWORK LAYOUT - LEVEL 07","model","selection","skip","Both","skip-other-users","13994070","Flex Ducts","Flex Duct Round","","LEVEL 07","Flex - Round","200 mmø","","","200","NWB_DimWidth","","","","SKIP","no parsed value","","","","NWB_DimWidth","","","",""
"20260810_130056","NWB Dim AutoFill","MECHANICAL DUCTWORK LAYOUT - LEVEL 07","model","selection","skip","Both","skip-other-users","13994070","Flex Ducts","Flex Duct Round","","LEVEL 07","Flex - Round","200 mmø","","","200","NWB_DimHeight","","","","SKIP","no parsed value","","","","NWB_DimHeight","","","",""
"20260810_130056","NWB Dim AutoFill","MECHANICAL DUCTWORK LAYOUT - LEVEL 07","model","selection","skip","Both","skip-other-users","13994070","Flex Ducts","Flex Duct Round","","LEVEL 07","Flex - Round","200 mmø","","","200","NWB_DimDiameter","200","200","200","SKIP","existing-kept","instance","Shared Parameter","7626172","NWB_DimDiameter","String","False","1","1"
"20260810_130056","NWB Dim AutoFill","MECHANICAL DUCTWORK LAYOUT - LEVEL 07","model","selection","skip","Both","skip-other-users","13994073","Duct Fittings","MHT_DF_Spigot","","LEVEL 07","Damper","200ø-200ø","","","200","NWB_DimWidth","","","","SKIP","no parsed value","","","","NWB_DimWidth","","","",""
"20260810_130056","NWB Dim AutoFill","MECHANICAL DUCTWORK LAYOUT - LEVEL 07","model","selection","skip","Both","skip-other-users","13994073","Duct Fittings","MHT_DF_Spigot","","LEVEL 07","Damper","200ø-200ø","","","200","NWB_DimHeight","","","","SKIP","no parsed value","","","","NWB_DimHeight","","","",""
"20260810_130056","NWB Dim AutoFill","MECHANICAL DUCTWORK LAYOUT - LEVEL 07","model","selection","skip","Both","skip-other-users","13994073","Duct Fittings","MHT_DF_Spigot","","LEVEL 07","Damper","200ø-200ø","","","200","NWB_DimDiameter","200","200","200","SKIP","existing-kept","instance","Shared Parameter","7626172","NWB_DimDiameter","String","False","1","1"
"20260810_130056","NWB Dim AutoFill","MECHANICAL DUCTWORK LAYOUT - LEVEL 07","model","selection","skip","Both","skip-other-users","13994316","Air Terminals","MHT_AT_S Air Diff Swirl","","LEVEL 07","No Damper 300X300","600x350","600","350","250","NWB_DimDiameter","250","250ø","250ø","SKIP","existing-kept","instance","Shared Parameter","7626172","NWB_DimDiameter","String","False","1","1"
"20260810_130056","NWB Dim AutoFill","MECHANICAL DUCTWORK LAYOUT - LEVEL 07","model","selection","skip","Both","skip-other-users","13994461","Flex Ducts","Flex Duct Round","","LEVEL 07","Flex - Round","250 mmø","","","250","NWB_DimWidth","","","","SKIP","no parsed value","","","","NWB_DimWidth","","","",""
"20260810_130056","NWB Dim AutoFill","MECHANICAL DUCTWORK LAYOUT - LEVEL 07","model","selection","skip","Both","skip-other-users","13994461","Flex Ducts","Flex Duct Round","","LEVEL 07","Flex - Round","250 mmø","","","250","NWB_DimHeight","","","","SKIP","no parsed value","","","","NWB_DimHeight","","","",""
"20260810_130056","NWB Dim AutoFill","MECHANICAL DUCTWORK LAYOUT - LEVEL 07","model","selection","skip","Both","skip-other-users","13994461","Flex Ducts","Flex Duct Round","","LEVEL 07","Flex - Round","250 mmø","","","250","NWB_DimDiameter","250","250","250","SKIP","existing-kept","instance","Shared Parameter","7626172","NWB_DimDiameter","String","False","1","1"
"20260810_130056","NWB Dim AutoFill","MECHANICAL DUCTWORK LAYOUT - LEVEL 07","model","selection","skip","Both","skip-other-users","13994464","Duct Fittings","MHT_DF_Spigot","","LEVEL 07","Damper","250ø-250ø","","","250","NWB_DimWidth","","","","SKIP","no parsed value","","","","NWB_DimWidth","","","",""
"20260810_130056","NWB Dim AutoFill","MECHANICAL DUCTWORK LAYOUT - LEVEL 07","model","selection","skip","Both","skip-other-users","13994464","Duct Fittings","MHT_DF_Spigot","","LEVEL 07","Damper","250ø-250ø","","","250","NWB_DimHeight","","","","SKIP","no parsed value","","","","NWB_DimHeight","","","",""
"20260810_130056","NWB Dim AutoFill","MECHANICAL DUCTWORK LAYOUT - LEVEL 07","model","selection","skip","Both","skip-other-users","13994464","Duct Fittings","MHT_DF_Spigot","","LEVEL 07","Damper","250ø-250ø","","","250","NWB_DimDiameter","250","200","200","SKIP","existing-kept","instance","Shared Parameter","7626172","NWB_DimDiameter","String","False","1","1"
"20260810_130056","NWB Dim AutoFill","MECHANICAL DUCTWORK LAYOUT - LEVEL 07","model","selection","skip","Both","skip-other-users","13995744","Flex Ducts","Flex Duct Round","","LEVEL 07","Flex - Round","250 mmø","","","250","NWB_DimWidth","","","","SKIP","no parsed value","","","","NWB_DimWidth","","","",""
"20260810_130056","NWB Dim AutoFill","MECHANICAL DUCTWORK LAYOUT - LEVEL 07","model","selection","skip","Both","skip-other-users","13995744","Flex Ducts","Flex Duct Round","","LEVEL 07","Flex - Round","250 mmø","","","250","NWB_DimHeight","","","","SKIP","no parsed value","","","","NWB_DimHeight","","","",""
"20260810_130056","NWB Dim AutoFill","MECHANICAL DUCTWORK LAYOUT - LEVEL 07","model","selection","skip","Both","skip-other-users","13995744","Flex Ducts","Flex Duct Round","","LEVEL 07","Flex - Round","250 mmø","","","250","NWB_DimDiameter","250","250","250","SKIP","existing-kept","instance","Shared Parameter","7626172","NWB_DimDiameter","String","False","1","1"
"20260810_130056","NWB Dim AutoFill","MECHANICAL DUCTWORK LAYOUT - LEVEL 07","model","selection","skip","Both","skip-other-users","13995747","Duct Fittings","MHT_DF_Spigot","","LEVEL 07","Damper","250ø-250ø","","","250","NWB_DimWidth","","","","SKIP","no parsed value","","","","NWB_DimWidth","","","",""
"20260810_130056","NWB Dim AutoFill","MECHANICAL DUCTWORK LAYOUT - LEVEL 07","model","selection","skip","Both","skip-other-users","13995747","Duct Fittings","MHT_DF_Spigot","","LEVEL 07","Damper","250ø-250ø","","","250","NWB_DimHeight","","","","SKIP","no parsed value","","","","NWB_DimHeight","","","",""
"20260810_130056","NWB Dim AutoFill","MECHANICAL DUCTWORK LAYOUT - LEVEL 07","model","selection","skip","Both","skip-other-users","13995781","Flex Ducts","Flex Duct Round","","LEVEL 07","Flex - Round","250 mmø","","","250","NWB_DimWidth","","","","SKIP","no parsed value","","","","NWB_DimWidth","","","",""
"20260810_130056","NWB Dim AutoFill","MECHANICAL DUCTWORK LAYOUT - LEVEL 07","model","selection","skip","Both","skip-other-users","13995781","Flex Ducts","Flex Duct Round","","LEVEL 07","Flex - Round","250 mmø","","","250","NWB_DimHeight","","","","SKIP","no parsed value","","","","NWB_DimHeight","","","",""
"20260810_130056","NWB Dim AutoFill","MECHANICAL DUCTWORK LAYOUT - LEVEL 07","model","selection","skip","Both","skip-other-users","13995781","Flex Ducts","Flex Duct Round","","LEVEL 07","Flex - Round","250 mmø","","","250","NWB_DimDiameter","250","250","250","SKIP","existing-kept","instance","Shared Parameter","7626172","NWB_DimDiameter","String","False","1","1"
"20260810_130056","NWB Dim AutoFill","MECHANICAL DUCTWORK LAYOUT - LEVEL 07","model","selection","skip","Both","skip-other-users","13995784","Duct Fittings","MHT_DF_Spigot","","LEVEL 07","Damper","250ø-250ø","","","250","NWB_DimWidth","","","","SKIP","no parsed value","","","","NWB_DimWidth","","","",""
"20260810_130056","NWB Dim AutoFill","MECHANICAL DUCTWORK LAYOUT - LEVEL 07","model","selection","skip","Both","skip-other-users","13995784","Duct Fittings","MHT_DF_Spigot","","LEVEL 07","Damper","250ø-250ø","","","250","NWB_DimHeight","","","","SKIP","no parsed value","","","","NWB_DimHeight","","","",""
"20260810_130056","NWB Dim AutoFill","MECHANICAL DUCTWORK LAYOUT - LEVEL 07","model","selection","skip","Both","skip-other-users","13995784","Duct Fittings","MHT_DF_Spigot","","LEVEL 07","Damper","250ø-250ø","","","250","NWB_DimDiameter","250","250","250","SKIP","existing-kept","instance","Shared Parameter","7626172","NWB_DimDiameter","String","False","1","1"
"20260810_130056","NWB Dim AutoFill","MECHANICAL DUCTWORK LAYOUT - LEVEL 07","model","selection","skip","Both","skip-other-users","13995807","Flex Ducts","Flex Duct Round","","LEVEL 07","Flex - Round","250 mmø","","","250","NWB_DimWidth","","","","SKIP","no parsed value","","","","NWB_DimWidth","","","",""
"20260810_130056","NWB Dim AutoFill","MECHANICAL DUCTWORK LAYOUT - LEVEL 07","model","selection","skip","Both","skip-other-users","13995807","Flex Ducts","Flex Duct Round","","LEVEL 07","Flex - Round","250 mmø","","","250","NWB_DimHeight","","","","SKIP","no parsed value","","","","NWB_DimHeight","","","",""
"20260810_130056","NWB Dim AutoFill","MECHANICAL DUCTWORK LAYOUT - LEVEL 07","model","selection","skip","Both","skip-other-users","13995807","Flex Ducts","Flex Duct Round","","LEVEL 07","Flex - Round","250 mmø","","","250","NWB_DimDiameter","250","250","250","SKIP","existing-kept","instance","Shared Parameter","7626172","NWB_DimDiameter","String","False","1","1"
"20260810_130056","NWB Dim AutoFill","MECHANICAL DUCTWORK LAYOUT - LEVEL 07","model","selection","skip","Both","skip-other-users","13995810","Duct Fittings","MHT_DF_Spigot","","LEVEL 07","Damper","250ø-250ø","","","250","NWB_DimWidth","","","","SKIP","no parsed value","","","","NWB_DimWidth","","","",""
"20260810_130056","NWB Dim AutoFill","MECHANICAL DUCTWORK LAYOUT - LEVEL 07","model","selection","skip","Both","skip-other-users","13995810","Duct Fittings","MHT_DF_Spigot","","LEVEL 07","Damper","250ø-250ø","","","250","NWB_DimHeight","","","","SKIP","no parsed value","","","","NWB_DimHeight","","","",""
"20260810_130056","NWB Dim AutoFill","MECHANICAL DUCTWORK LAYOUT - LEVEL 07","model","selection","skip","Both","skip-other-users","13995810","Duct Fittings","MHT_DF_Spigot","","LEVEL 07","Damper","250ø-250ø","","","250","NWB_DimDiameter","250","250","250","SKIP","existing-kept","instance","Shared Parameter","7626172","NWB_DimDiameter","String","False","1","1"
"20260810_130056","NWB Dim AutoFill","MECHANICAL DUCTWORK LAYOUT - LEVEL 07","model","selection","skip","Both","skip-other-users","13995850","Flex Ducts","Flex Duct Round","","LEVEL 07","Flex - Round","250 mmø","","","250","NWB_DimWidth","","","","SKIP","no parsed value","","","","NWB_DimWidth","","","",""
"20260810_130056","NWB Dim AutoFill","MECHANICAL DUCTWORK LAYOUT - LEVEL 07","model","selection","skip","Both","skip-other-users","13995850","Flex Ducts","Flex Duct Round","","LEVEL 07","Flex - Round","250 mmø","","","250","NWB_DimHeight","","","","SKIP","no parsed value","","","","NWB_DimHeight","","","",""
"20260810_130056","NWB Dim AutoFill","MECHANICAL DUCTWORK LAYOUT - LEVEL 07","model","selection","skip","Both","skip-other-users","13995850","Flex Ducts","Flex Duct Round","","LEVEL 07","Flex - Round","250 mmø","","","250","NWB_DimDiameter","250","250","250","SKIP","existing-kept","instance","Shared Parameter","7626172","NWB_DimDiameter","String","False","1","1"
"20260810_130056","NWB Dim AutoFill","MECHANICAL DUCTWORK LAYOUT - LEVEL 07","model","selection","skip","Both","skip-other-users","13995872","Duct Fittings","MHT-ME-DF-Square Cap-BMA","","LEVEL 07","Standard","200x300","200","300","","NWB_DimWidth","200","200","200","SKIP","existing-kept","instance","Shared Parameter","7626175","NWB_DimWidth","String","False","1","1"
"20260810_130056","NWB Dim AutoFill","MECHANICAL DUCTWORK LAYOUT - LEVEL 07","model","selection","skip","Both","skip-other-users","13995872","Duct Fittings","MHT-ME-DF-Square Cap-BMA","","LEVEL 07","Standard","200x300","200","300","","NWB_DimHeight","300","300","300","SKIP","existing-kept","instance","Shared Parameter","7626170","NWB_DimHeight","String","False","1","1"
"20260810_130056","NWB Dim AutoFill","MECHANICAL DUCTWORK LAYOUT - LEVEL 07","model","selection","skip","Both","skip-other-users","13995872","Duct Fittings","MHT-ME-DF-Square Cap-BMA","","LEVEL 07","Standard","200x300","200","300","","NWB_DimDiameter","","","","SKIP","no parsed value","","","","NWB_DimDiameter","","","",""
"20260810_130056","NWB Dim AutoFill","MECHANICAL DUCTWORK LAYOUT - LEVEL 07","model","selection","skip","Both","skip-other-users","13995991","Ducts","Rectangular Duct","","LEVEL 07","Flanged Long Radius Elbows / Shoe Branch","400x300","400","300","","NWB_DimWidth","400","400","400","SKIP","existing-kept","instance","Shared Parameter","7626175","NWB_DimWidth","String","False","1","1"
"20260810_130056","NWB Dim AutoFill","MECHANICAL DUCTWORK LAYOUT - LEVEL 07","model","selection","skip","Both","skip-other-users","13995991","Ducts","Rectangular Duct","","LEVEL 07","Flanged Long Radius Elbows / Shoe Branch","400x300","400","300","","NWB_DimHeight","300","300","300","SKIP","existing-kept","instance","Shared Parameter","7626170","NWB_DimHeight","String","False","1","1"
"20260810_130056","NWB Dim AutoFill","MECHANICAL DUCTWORK LAYOUT - LEVEL 07","model","selection","skip","Both","skip-other-users","13995991","Ducts","Rectangular Duct","","LEVEL 07","Flanged Long Radius Elbows / Shoe Branch","400x300","400","300","","NWB_DimDiameter","","","","SKIP","no parsed value","","","","NWB_DimDiameter","","","",""
"20260810_130056","NWB Dim AutoFill","MECHANICAL DUCTWORK LAYOUT - LEVEL 07","model","selection","skip","Both","skip-other-users","13996022","Duct Fittings","MHT_DF_Spigot","","LEVEL 07","Damper","300ø-300ø","","","300","NWB_DimWidth","","","","SKIP","no parsed value","","","","NWB_DimWidth","","","",""
"20260810_130056","NWB Dim AutoFill","MECHANICAL DUCTWORK LAYOUT - LEVEL 07","model","selection","skip","Both","skip-other-users","13996022","Duct Fittings","MHT_DF_Spigot","","LEVEL 07","Damper","300ø-300ø","","","300","NWB_DimHeight","","","","SKIP","no parsed value","","","","NWB_DimHeight","","","",""
"20260810_130056","NWB Dim AutoFill","MECHANICAL DUCTWORK LAYOUT - LEVEL 07","model","selection","skip","Both","skip-other-users","13996022","Duct Fittings","MHT_DF_Spigot","","LEVEL 07","Damper","300ø-300ø","","","300","NWB_DimDiameter","300","250","250","SKIP","existing-kept","instance","Shared Parameter","7626172","NWB_DimDiameter","String","False","1","1"
"20260810_130056","NWB Dim AutoFill","MECHANICAL DUCTWORK LAYOUT - LEVEL 07","model","selection","skip","Both","skip-other-users","13996024","Duct Fittings","MHT-ME-DF-Rectangular Eccentric Taper - Flanged-01","","LEVEL 07","Standard","400x300-200x300","400","300","","NWB_DimWidth","400","200","200","SKIP","existing-kept","instance","Shared Parameter","3045165","NWB_DimWidth","Double","False","2","2"
"20260810_130056","NWB Dim AutoFill","MECHANICAL DUCTWORK LAYOUT - LEVEL 07","model","selection","skip","Both","skip-other-users","13996024","Duct Fittings","MHT-ME-DF-Rectangular Eccentric Taper - Flanged-01","","LEVEL 07","Standard","400x300-200x300","400","300","","NWB_DimHeight","300","300","300","SKIP","existing-kept","instance","Shared Parameter","3045163","NWB_DimHeight","Double","False","2","2"
"20260810_130056","NWB Dim AutoFill","MECHANICAL DUCTWORK LAYOUT - LEVEL 07","model","selection","skip","Both","skip-other-users","13996024","Duct Fittings","MHT-ME-DF-Rectangular Eccentric Taper - Flanged-01","","LEVEL 07","Standard","400x300-200x300","400","300","","NWB_DimDiameter","","","","SKIP","no parsed value","","","","NWB_DimDiameter","","","",""
"20260810_130056","NWB Dim AutoFill","MECHANICAL DUCTWORK LAYOUT - LEVEL 07","model","selection","skip","Both","skip-other-users","13996589","Ducts","Round Duct","","LEVEL 07","Taps / Short Radius","500ø","","","500","NWB_DimWidth","","","","SKIP","no parsed value","","","","NWB_DimWidth","","","",""
"20260810_130056","NWB Dim AutoFill","MECHANICAL DUCTWORK LAYOUT - LEVEL 07","model","selection","skip","Both","skip-other-users","13996589","Ducts","Round Duct","","LEVEL 07","Taps / Short Radius","500ø","","","500","NWB_DimHeight","","","","SKIP","no parsed value","","","","NWB_DimHeight","","","",""
"20260810_130056","NWB Dim AutoFill","MECHANICAL DUCTWORK LAYOUT - LEVEL 07","model","selection","skip","Both","skip-other-users","13996589","Ducts","Round Duct","","LEVEL 07","Taps / Short Radius","500ø","","","500","NWB_DimDiameter","500","500","500","SKIP","existing-kept","instance","Shared Parameter","7626172","NWB_DimDiameter","String","False","1","1"
"20260810_130056","NWB Dim AutoFill","MECHANICAL DUCTWORK LAYOUT - LEVEL 07","model","selection","skip","Both","skip-other-users","13996597","Ducts","Round Duct","","LEVEL 07","Taps / Short Radius","500ø","","","500","NWB_DimWidth","","","","SKIP","no parsed value","","","","NWB_DimWidth","","","",""
"20260810_130056","NWB Dim AutoFill","MECHANICAL DUCTWORK LAYOUT - LEVEL 07","model","selection","skip","Both","skip-other-users","13996597","Ducts","Round Duct","","LEVEL 07","Taps / Short Radius","500ø","","","500","NWB_DimHeight","","","","SKIP","no parsed value","","","","NWB_DimHeight","","","",""
"20260810_130056","NWB Dim AutoFill","MECHANICAL DUCTWORK LAYOUT - LEVEL 07","model","selection","skip","Both","skip-other-users","13996597","Ducts","Round Duct","","LEVEL 07","Taps / Short Radius","500ø","","","500","NWB_DimDiameter","500","500","500","SKIP","existing-kept","instance","Shared Parameter","7626172","NWB_DimDiameter","String","False","1","1"
"20260810_130056","NWB Dim AutoFill","MECHANICAL DUCTWORK LAYOUT - LEVEL 07","model","selection","skip","Both","skip-other-users","13996603","Duct Fittings","M_Round Duct Elbow","","LEVEL 07","M_1 D","500ø-500ø","","","500","NWB_DimWidth","","","","SKIP","no parsed value","","","","NWB_DimWidth","","","",""
"20260810_130056","NWB Dim AutoFill","MECHANICAL DUCTWORK LAYOUT - LEVEL 07","model","selection","skip","Both","skip-other-users","13996603","Duct Fittings","M_Round Duct Elbow","","LEVEL 07","M_1 D","500ø-500ø","","","500","NWB_DimHeight","","","","SKIP","no parsed value","","","","NWB_DimHeight","","","",""
"20260810_130056","NWB Dim AutoFill","MECHANICAL DUCTWORK LAYOUT - LEVEL 07","model","selection","skip","Both","skip-other-users","13996603","Duct Fittings","M_Round Duct Elbow","","LEVEL 07","M_1 D","500ø-500ø","","","500","NWB_DimDiameter","500","300","300","SKIP","existing-kept","instance","Shared Parameter","7626172","NWB_DimDiameter","String","False","1","1"
"20260810_130056","NWB Dim AutoFill","MECHANICAL DUCTWORK LAYOUT - LEVEL 07","model","selection","skip","Both","skip-other-users","13996605","Ducts","Round Duct","","LEVEL 07","Taps / Short Radius","500ø","","","500","NWB_DimWidth","","","","SKIP","no parsed value","","","","NWB_DimWidth","","","",""
"20260810_130056","NWB Dim AutoFill","MECHANICAL DUCTWORK LAYOUT - LEVEL 07","model","selection","skip","Both","skip-other-users","13996605","Ducts","Round Duct","","LEVEL 07","Taps / Short Radius","500ø","","","500","NWB_DimHeight","","","","SKIP","no parsed value","","","","NWB_DimHeight","","","",""
"20260810_130056","NWB Dim AutoFill","MECHANICAL DUCTWORK LAYOUT - LEVEL 07","model","selection","skip","Both","skip-other-users","13996605","Ducts","Round Duct","","LEVEL 07","Taps / Short Radius","500ø","","","500","NWB_DimDiameter","500","500","500","SKIP","existing-kept","instance","Shared Parameter","7626172","NWB_DimDiameter","String","False","1","1"
"20260810_130056","NWB Dim AutoFill","MECHANICAL DUCTWORK LAYOUT - LEVEL 07","model","selection","skip","Both","skip-other-users","13996613","Duct Fittings","M_Round Duct Elbow","","LEVEL 07","M_1 D","500ø-500ø","","","500","NWB_DimWidth","","","","SKIP","no parsed value","","","","NWB_DimWidth","","","",""
"20260810_130056","NWB Dim AutoFill","MECHANICAL DUCTWORK LAYOUT - LEVEL 07","model","selection","skip","Both","skip-other-users","13996613","Duct Fittings","M_Round Duct Elbow","","LEVEL 07","M_1 D","500ø-500ø","","","500","NWB_DimHeight","","","","SKIP","no parsed value","","","","NWB_DimHeight","","","",""
"20260810_130056","NWB Dim AutoFill","MECHANICAL DUCTWORK LAYOUT - LEVEL 07","model","selection","skip","Both","skip-other-users","13996764","Duct Accessories","MHT-ME-Fire Damper-02","","LEVEL 07","MHT-ME-FAM-FAM-Fire Damper","600x350-600x350","600","350","","NWB_DimWidth","600","600","600","SKIP","existing-kept","instance","Shared Parameter","7626175","NWB_DimWidth","String","False","1","1"
"20260810_130056","NWB Dim AutoFill","MECHANICAL DUCTWORK LAYOUT - LEVEL 07","model","selection","skip","Both","skip-other-users","13996764","Duct Accessories","MHT-ME-Fire Damper-02","","LEVEL 07","MHT-ME-FAM-FAM-Fire Damper","600x350-600x350","600","350","","NWB_DimHeight","350","350","350","SKIP","existing-kept","instance","Shared Parameter","7626170","NWB_DimHeight","String","False","1","1"
"20260810_130056","NWB Dim AutoFill","MECHANICAL DUCTWORK LAYOUT - LEVEL 07","model","selection","skip","Both","skip-other-users","13996764","Duct Accessories","MHT-ME-Fire Damper-02","","LEVEL 07","MHT-ME-FAM-FAM-Fire Damper","600x350-600x350","600","350","","NWB_DimDiameter","","","","SKIP","no parsed value","","","","NWB_DimDiameter","","","",""
"20260810_130056","NWB Dim AutoFill","MECHANICAL DUCTWORK LAYOUT - LEVEL 07","model","selection","skip","Both","skip-other-users","13996767","Ducts","Rectangular Duct","","LEVEL 07","Flanged Long Radius Elbows / Shoe Branch","600x350","600","350","","NWB_DimWidth","600","600","600","SKIP","existing-kept","instance","Shared Parameter","7626175","NWB_DimWidth","String","False","1","1"
"20260810_130056","NWB Dim AutoFill","MECHANICAL DUCTWORK LAYOUT - LEVEL 07","model","selection","skip","Both","skip-other-users","13996767","Ducts","Rectangular Duct","","LEVEL 07","Flanged Long Radius Elbows / Shoe Branch","600x350","600","350","","NWB_DimHeight","350","350","350","SKIP","existing-kept","instance","Shared Parameter","7626170","NWB_DimHeight","String","False","1","1"
"20260810_130056","NWB Dim AutoFill","MECHANICAL DUCTWORK LAYOUT - LEVEL 07","model","selection","skip","Both","skip-other-users","13996767","Ducts","Rectangular Duct","","LEVEL 07","Flanged Long Radius Elbows / Shoe Branch","600x350","600","350","","NWB_DimDiameter","","","","SKIP","no parsed value","","","","NWB_DimDiameter","","","",""
"20260810_130056","NWB Dim AutoFill","MECHANICAL DUCTWORK LAYOUT - LEVEL 07","model","selection","skip","Both","skip-other-users","13996781","Duct Accessories","MHT-ME-Fire Damper-02","","LEVEL 07","MHT-ME-FAM-FAM-Fire Damper","800x450-800x450","800","450","","NWB_DimWidth","800","800","800","SKIP","existing-kept","instance","Shared Parameter","7626175","NWB_DimWidth","String","False","1","1"
"20260810_130056","NWB Dim AutoFill","MECHANICAL DUCTWORK LAYOUT - LEVEL 07","model","selection","skip","Both","skip-other-users","13996781","Duct Accessories","MHT-ME-Fire Damper-02","","LEVEL 07","MHT-ME-FAM-FAM-Fire Damper","800x450-800x450","800","450","","NWB_DimHeight","450","450","450","SKIP","existing-kept","instance","Shared Parameter","7626170","NWB_DimHeight","String","False","1","1"
"20260810_130056","NWB Dim AutoFill","MECHANICAL DUCTWORK LAYOUT - LEVEL 07","model","selection","skip","Both","skip-other-users","13996781","Duct Accessories","MHT-ME-Fire Damper-02","","LEVEL 07","MHT-ME-FAM-FAM-Fire Damper","800x450-800x450","800","450","","NWB_DimDiameter","","","","SKIP","no parsed value","","","","NWB_DimDiameter","","","",""
"20260810_130056","NWB Dim AutoFill","MECHANICAL DUCTWORK LAYOUT - LEVEL 07","model","selection","skip","Both","skip-other-users","13996789","Ducts","Rectangular Duct","","LEVEL 07","Flanged Long Radius Elbows / Shoe Branch","800x450","800","450","","NWB_DimWidth","800","800","800","SKIP","existing-kept","instance","Shared Parameter","7626175","NWB_DimWidth","String","False","1","1"
"20260810_130056","NWB Dim AutoFill","MECHANICAL DUCTWORK LAYOUT - LEVEL 07","model","selection","skip","Both","skip-other-users","13996789","Ducts","Rectangular Duct","","LEVEL 07","Flanged Long Radius Elbows / Shoe Branch","800x450","800","450","","NWB_DimHeight","450","450","450","SKIP","existing-kept","instance","Shared Parameter","7626170","NWB_DimHeight","String","False","1","1"
"20260810_130056","NWB Dim AutoFill","MECHANICAL DUCTWORK LAYOUT - LEVEL 07","model","selection","skip","Both","skip-other-users","13996789","Ducts","Rectangular Duct","","LEVEL 07","Flanged Long Radius Elbows / Shoe Branch","800x450","800","450","","NWB_DimDiameter","","","","SKIP","no parsed value","","","","NWB_DimDiameter","","","",""
"20260810_130056","NWB Dim AutoFill","MECHANICAL DUCTWORK LAYOUT - LEVEL 07","model","selection","skip","Both","skip-other-users","13996885","Duct Accessories","MHT-ME-Fire Damper-02","","LEVEL 07","MHT-ME-FAM-FAM-Fire Damper","600x350-600x350","600","350","","NWB_DimWidth","600","600","600","SKIP","existing-kept","instance","Shared Parameter","7626175","NWB_DimWidth","String","False","1","1"
"20260810_130056","NWB Dim AutoFill","MECHANICAL DUCTWORK LAYOUT - LEVEL 07","model","selection","skip","Both","skip-other-users","13996885","Duct Accessories","MHT-ME-Fire Damper-02","","LEVEL 07","MHT-ME-FAM-FAM-Fire Damper","600x350-600x350","600","350","","NWB_DimHeight","350","350","350","SKIP","existing-kept","instance","Shared Parameter","7626170","NWB_DimHeight","String","False","1","1"
"20260810_130056","NWB Dim AutoFill","MECHANICAL DUCTWORK LAYOUT - LEVEL 07","model","selection","skip","Both","skip-other-users","13996885","Duct Accessories","MHT-ME-Fire Damper-02","","LEVEL 07","MHT-ME-FAM-FAM-Fire Damper","600x350-600x350","600","350","","NWB_DimDiameter","","","","SKIP","no parsed value","","","","NWB_DimDiameter","","","",""
"20260810_130056","NWB Dim AutoFill","MECHANICAL DUCTWORK LAYOUT - LEVEL 07","model","selection","skip","Both","skip-other-users","13996888","Ducts","Rectangular Duct","","LEVEL 07","Flanged Long Radius Elbows / Shoe Branch","600x350","600","350","","NWB_DimWidth","600","600","600","SKIP","existing-kept","instance","Shared Parameter","7626175","NWB_DimWidth","String","False","1","1"
"20260810_130056","NWB Dim AutoFill","MECHANICAL DUCTWORK LAYOUT - LEVEL 07","model","selection","skip","Both","skip-other-users","13996888","Ducts","Rectangular Duct","","LEVEL 07","Flanged Long Radius Elbows / Shoe Branch","600x350","600","350","","NWB_DimHeight","350","350","350","SKIP","existing-kept","instance","Shared Parameter","7626170","NWB_DimHeight","String","False","1","1"
"20260810_130056","NWB Dim AutoFill","MECHANICAL DUCTWORK LAYOUT - LEVEL 07","model","selection","skip","Both","skip-other-users","13996888","Ducts","Rectangular Duct","","LEVEL 07","Flanged Long Radius Elbows / Shoe Branch","600x350","600","350","","NWB_DimDiameter","","","","SKIP","no parsed value","","","","NWB_DimDiameter","","","",""
"20260810_130056","NWB Dim AutoFill","MECHANICAL DUCTWORK LAYOUT - LEVEL 07","model","selection","skip","Both","skip-other-users","13996903","Duct Accessories","MHT-ME-Fire Damper-02","","LEVEL 07","MHT-ME-FAM-FAM-Fire Damper","400x300-400x300","400","300","","NWB_DimWidth","400","400","400","SKIP","existing-kept","instance","Shared Parameter","7626175","NWB_DimWidth","String","False","1","1"
"20260810_130056","NWB Dim AutoFill","MECHANICAL DUCTWORK LAYOUT - LEVEL 07","model","selection","skip","Both","skip-other-users","13996903","Duct Accessories","MHT-ME-Fire Damper-02","","LEVEL 07","MHT-ME-FAM-FAM-Fire Damper","400x300-400x300","400","300","","NWB_DimHeight","300","300","300","SKIP","existing-kept","instance","Shared Parameter","7626170","NWB_DimHeight","String","False","1","1"
"20260810_130056","NWB Dim AutoFill","MECHANICAL DUCTWORK LAYOUT - LEVEL 07","model","selection","skip","Both","skip-other-users","13996903","Duct Accessories","MHT-ME-Fire Damper-02","","LEVEL 07","MHT-ME-FAM-FAM-Fire Damper","400x300-400x300","400","300","","NWB_DimDiameter","","","","SKIP","no parsed value","","","","NWB_DimDiameter","","","",""
"20260810_130056","NWB Dim AutoFill","MECHANICAL DUCTWORK LAYOUT - LEVEL 07","model","selection","skip","Both","skip-other-users","13996911","Ducts","Rectangular Duct","","LEVEL 07","Flanged Long Radius Elbows / Shoe Branch","400x300","400","300","","NWB_DimWidth","400","400","400","SKIP","existing-kept","instance","Shared Parameter","7626175","NWB_DimWidth","String","False","1","1"
"20260810_130056","NWB Dim AutoFill","MECHANICAL DUCTWORK LAYOUT - LEVEL 07","model","selection","skip","Both","skip-other-users","13996911","Ducts","Rectangular Duct","","LEVEL 07","Flanged Long Radius Elbows / Shoe Branch","400x300","400","300","","NWB_DimHeight","300","300","300","SKIP","existing-kept","instance","Shared Parameter","7626170","NWB_DimHeight","String","False","1","1"
"20260810_130056","NWB Dim AutoFill","MECHANICAL DUCTWORK LAYOUT - LEVEL 07","model","selection","skip","Both","skip-other-users","13996911","Ducts","Rectangular Duct","","LEVEL 07","Flanged Long Radius Elbows / Shoe Branch","400x300","400","300","","NWB_DimDiameter","","","","SKIP","no parsed value","","","","NWB_DimDiameter","","","",""
"20260810_130056","NWB Dim AutoFill","MECHANICAL DUCTWORK LAYOUT - LEVEL 07","model","selection","skip","Both","skip-other-users","13996926","Duct Accessories","MHT-ME-Fire Damper-02","","LEVEL 07","MHT-ME-FAM-FAM-Fire Damper","500x350-500x350","500","350","","NWB_DimWidth","500","500","500","SKIP","existing-kept","instance","Shared Parameter","7626175","NWB_DimWidth","String","False","1","1"
"20260810_130056","NWB Dim AutoFill","MECHANICAL DUCTWORK LAYOUT - LEVEL 07","model","selection","skip","Both","skip-other-users","13996926","Duct Accessories","MHT-ME-Fire Damper-02","","LEVEL 07","MHT-ME-FAM-FAM-Fire Damper","500x350-500x350","500","350","","NWB_DimHeight","350","350","350","SKIP","existing-kept","instance","Shared Parameter","7626170","NWB_DimHeight","String","False","1","1"
"20260810_130056","NWB Dim AutoFill","MECHANICAL DUCTWORK LAYOUT - LEVEL 07","model","selection","skip","Both","skip-other-users","13996926","Duct Accessories","MHT-ME-Fire Damper-02","","LEVEL 07","MHT-ME-FAM-FAM-Fire Damper","500x350-500x350","500","350","","NWB_DimDiameter","","","","SKIP","no parsed value","","","","NWB_DimDiameter","","","",""
"20260810_130056","NWB Dim AutoFill","MECHANICAL DUCTWORK LAYOUT - LEVEL 07","model","selection","skip","Both","skip-other-users","13996949","Duct Accessories","MHT-ME-Fire Damper-02","","LEVEL 07","MHT-ME-FAM-FAM-Fire Damper","300x300-300x300","300","300","","NWB_DimWidth","300","300","300","SKIP","existing-kept","instance","Shared Parameter","7626175","NWB_DimWidth","String","False","1","1"
"20260810_130056","NWB Dim AutoFill","MECHANICAL DUCTWORK LAYOUT - LEVEL 07","model","selection","skip","Both","skip-other-users","13996949","Duct Accessories","MHT-ME-Fire Damper-02","","LEVEL 07","MHT-ME-FAM-FAM-Fire Damper","300x300-300x300","300","300","","NWB_DimHeight","300","300","300","SKIP","existing-kept","instance","Shared Parameter","7626170","NWB_DimHeight","String","False","1","1"
"20260810_130056","NWB Dim AutoFill","MECHANICAL DUCTWORK LAYOUT - LEVEL 07","model","selection","skip","Both","skip-other-users","13996949","Duct Accessories","MHT-ME-Fire Damper-02","","LEVEL 07","MHT-ME-FAM-FAM-Fire Damper","300x300-300x300","300","300","","NWB_DimDiameter","","","","SKIP","no parsed value","","","","NWB_DimDiameter","","","",""
"20260810_130056","NWB Dim AutoFill","MECHANICAL DUCTWORK LAYOUT - LEVEL 07","model","selection","skip","Both","skip-other-users","13997007","Duct Accessories","MHT-ME-Fire Damper-02","","LEVEL 07","MHT-ME-FAM-FAM-Fire Damper","500x350-500x350","500","350","","NWB_DimWidth","500","500","500","SKIP","existing-kept","instance","Shared Parameter","7626175","NWB_DimWidth","String","False","1","1"
"20260810_130056","NWB Dim AutoFill","MECHANICAL DUCTWORK LAYOUT - LEVEL 07","model","selection","skip","Both","skip-other-users","13997007","Duct Accessories","MHT-ME-Fire Damper-02","","LEVEL 07","MHT-ME-FAM-FAM-Fire Damper","500x350-500x350","500","350","","NWB_DimHeight","350","350","350","SKIP","existing-kept","instance","Shared Parameter","7626170","NWB_DimHeight","String","False","1","1"
"20260810_130056","NWB Dim AutoFill","MECHANICAL DUCTWORK LAYOUT - LEVEL 07","model","selection","skip","Both","skip-other-users","13997007","Duct Accessories","MHT-ME-Fire Damper-02","","LEVEL 07","MHT-ME-FAM-FAM-Fire Damper","500x350-500x350","500","350","","NWB_DimDiameter","","","","SKIP","no parsed value","","","","NWB_DimDiameter","","","",""
"20260810_130056","NWB Dim AutoFill","MECHANICAL DUCTWORK LAYOUT - LEVEL 07","model","selection","skip","Both","skip-other-users","13997045","Duct Accessories","MHT-ME-Fire Damper-02","","LEVEL 07","MHT-ME-FAM-FAM-Fire Damper","800x450-800x450","800","450","","NWB_DimWidth","800","800","800","SKIP","existing-kept","instance","Shared Parameter","7626175","NWB_DimWidth","String","False","1","1"
"20260810_130056","NWB Dim AutoFill","MECHANICAL DUCTWORK LAYOUT - LEVEL 07","model","selection","skip","Both","skip-other-users","13997045","Duct Accessories","MHT-ME-Fire Damper-02","","LEVEL 07","MHT-ME-FAM-FAM-Fire Damper","800x450-800x450","800","450","","NWB_DimHeight","450","450","450","SKIP","existing-kept","instance","Shared Parameter","7626170","NWB_DimHeight","String","False","1","1"
"20260810_130056","NWB Dim AutoFill","MECHANICAL DUCTWORK LAYOUT - LEVEL 07","model","selection","skip","Both","skip-other-users","13997045","Duct Accessories","MHT-ME-Fire Damper-02","","LEVEL 07","MHT-ME-FAM-FAM-Fire Damper","800x450-800x450","800","450","","NWB_DimDiameter","","","","SKIP","no parsed value","","","","NWB_DimDiameter","","","",""
"20260810_130056","NWB Dim AutoFill","MECHANICAL DUCTWORK LAYOUT - LEVEL 07","model","selection","skip","Both","skip-other-users","13997071","Ducts","Rectangular Duct","","LEVEL 07","Flanged Long Radius Elbows / Shoe Branch","400x300","400","300","","NWB_DimWidth","400","200","200","SKIP","existing-kept","instance","Shared Parameter","7626175","NWB_DimWidth","String","False","1","1"
"20260810_130056","NWB Dim AutoFill","MECHANICAL DUCTWORK LAYOUT - LEVEL 07","model","selection","skip","Both","skip-other-users","13997071","Ducts","Rectangular Duct","","LEVEL 07","Flanged Long Radius Elbows / Shoe Branch","400x300","400","300","","NWB_DimHeight","300","250","250","SKIP","existing-kept","instance","Shared Parameter","7626170","NWB_DimHeight","String","False","1","1"
"20260810_130056","NWB Dim AutoFill","MECHANICAL DUCTWORK LAYOUT - LEVEL 07","model","selection","skip","Both","skip-other-users","13997071","Ducts","Rectangular Duct","","LEVEL 07","Flanged Long Radius Elbows / Shoe Branch","400x300","400","300","","NWB_DimDiameter","","","","SKIP","no parsed value","","","","NWB_DimDiameter","","","",""
"20260810_130056","NWB Dim AutoFill","MECHANICAL DUCTWORK LAYOUT - LEVEL 07","model","selection","skip","Both","skip-other-users","13997156","Ducts","Rectangular Duct","","LEVEL 07","Flanged Long Radius Elbows / Shoe Branch","400x300","400","300","","NWB_DimWidth","400","200","200","SKIP","existing-kept","instance","Shared Parameter","7626175","NWB_DimWidth","String","False","1","1"
"20260810_130056","NWB Dim AutoFill","MECHANICAL DUCTWORK LAYOUT - LEVEL 07","model","selection","skip","Both","skip-other-users","13997156","Ducts","Rectangular Duct","","LEVEL 07","Flanged Long Radius Elbows / Shoe Branch","400x300","400","300","","NWB_DimHeight","300","250","250","SKIP","existing-kept","instance","Shared Parameter","7626170","NWB_DimHeight","String","False","1","1"
"20260810_130056","NWB Dim AutoFill","MECHANICAL DUCTWORK LAYOUT - LEVEL 07","model","selection","skip","Both","skip-other-users","13997156","Ducts","Rectangular Duct","","LEVEL 07","Flanged Long Radius Elbows / Shoe Branch","400x300","400","300","","NWB_DimDiameter","","","","SKIP","no parsed value","","","","NWB_DimDiameter","","","",""
"20260810_130056","NWB Dim AutoFill","MECHANICAL DUCTWORK LAYOUT - LEVEL 07","model","selection","skip","Both","skip-other-users","13997397","Ducts","Rectangular Duct","","LEVEL 07","Flanged Long Radius Elbows / Shoe Branch","800x450","800","450","","NWB_DimWidth","800","800","800","SKIP","existing-kept","instance","Shared Parameter","7626175","NWB_DimWidth","String","False","1","1"
"20260810_130056","NWB Dim AutoFill","MECHANICAL DUCTWORK LAYOUT - LEVEL 07","model","selection","skip","Both","skip-other-users","13997397","Ducts","Rectangular Duct","","LEVEL 07","Flanged Long Radius Elbows / Shoe Branch","800x450","800","450","","NWB_DimHeight","450","450","450","SKIP","existing-kept","instance","Shared Parameter","7626170","NWB_DimHeight","String","False","1","1"
"20260810_130056","NWB Dim AutoFill","MECHANICAL DUCTWORK LAYOUT - LEVEL 07","model","selection","skip","Both","skip-other-users","13997397","Ducts","Rectangular Duct","","LEVEL 07","Flanged Long Radius Elbows / Shoe Branch","800x450","800","450","","NWB_DimDiameter","","","","SKIP","no parsed value","","","","NWB_DimDiameter","","","",""
"20260810_130056","NWB Dim AutoFill","MECHANICAL DUCTWORK LAYOUT - LEVEL 07","model","selection","skip","Both","skip-other-users","13997480","Ducts","Rectangular Duct","","LEVEL 07","Flanged Long Radius Elbows / Shoe Branch","800x450","800","450","","NWB_DimWidth","800","800","800","SKIP","existing-kept","instance","Shared Parameter","7626175","NWB_DimWidth","String","False","1","1"
"20260810_130056","NWB Dim AutoFill","MECHANICAL DUCTWORK LAYOUT - LEVEL 07","model","selection","skip","Both","skip-other-users","13997480","Ducts","Rectangular Duct","","LEVEL 07","Flanged Long Radius Elbows / Shoe Branch","800x450","800","450","","NWB_DimHeight","450","450","450","SKIP","existing-kept","instance","Shared Parameter","7626170","NWB_DimHeight","String","False","1","1"
"20260810_130056","NWB Dim AutoFill","MECHANICAL DUCTWORK LAYOUT - LEVEL 07","model","selection","skip","Both","skip-other-users","13997480","Ducts","Rectangular Duct","","LEVEL 07","Flanged Long Radius Elbows / Shoe Branch","800x450","800","450","","NWB_DimDiameter","","","","SKIP","no parsed value","","","","NWB_DimDiameter","","","",""
"20260810_130056","NWB Dim AutoFill","MECHANICAL DUCTWORK LAYOUT - LEVEL 07","model","selection","skip","Both","skip-other-users","13997491","Duct Fittings","MHT-ME-DF-Rectangular Short Radius Bend - Flanged","","LEVEL 07","MHT-ME-DF-Rectangular Short Radius Bend - Flanged","800x450-800x450","800","450","","NWB_DimDiameter","","","","SKIP","no parsed value","","","","NWB_DimDiameter","","","",""
"20260810_130056","NWB Dim AutoFill","MECHANICAL DUCTWORK LAYOUT - LEVEL 07","model","selection","skip","Both","skip-other-users","13997497","Duct Fittings","MHT-ME-DF-Rectangular Short Radius Bend - Flanged","","LEVEL 07","MHT-ME-DF-Rectangular Short Radius Bend - Flanged","800x450-800x450","800","450","","NWB_DimWidth","800","200","200","SKIP","existing-kept","instance","Shared Parameter","3045165","NWB_DimWidth","Double","False","2","2"
"20260810_130056","NWB Dim AutoFill","MECHANICAL DUCTWORK LAYOUT - LEVEL 07","model","selection","skip","Both","skip-other-users","13997497","Duct Fittings","MHT-ME-DF-Rectangular Short Radius Bend - Flanged","","LEVEL 07","MHT-ME-DF-Rectangular Short Radius Bend - Flanged","800x450-800x450","800","450","","NWB_DimHeight","450","250","250","SKIP","existing-kept","instance","Shared Parameter","3045163","NWB_DimHeight","Double","False","2","2"
"20260810_130056","NWB Dim AutoFill","MECHANICAL DUCTWORK LAYOUT - LEVEL 07","model","selection","skip","Both","skip-other-users","13997497","Duct Fittings","MHT-ME-DF-Rectangular Short Radius Bend - Flanged","","LEVEL 07","MHT-ME-DF-Rectangular Short Radius Bend - Flanged","800x450-800x450","800","450","","NWB_DimDiameter","","","","SKIP","no parsed value","","","","NWB_DimDiameter","","","",""
"20260810_130056","NWB Dim AutoFill","MECHANICAL DUCTWORK LAYOUT - LEVEL 07","model","selection","skip","Both","skip-other-users","13997500","Duct Fittings","MHT-ME-DF-Rectangular Eccentric Taper - Flanged-01","","LEVEL 07","Standard","800x450-800x450","800","450","","NWB_DimWidth","800","800","800","SKIP","existing-kept","instance","Shared Parameter","3045165","NWB_DimWidth","Double","False","2","2"
"20260810_130056","NWB Dim AutoFill","MECHANICAL DUCTWORK LAYOUT - LEVEL 07","model","selection","skip","Both","skip-other-users","13997500","Duct Fittings","MHT-ME-DF-Rectangular Eccentric Taper - Flanged-01","","LEVEL 07","Standard","800x450-800x450","800","450","","NWB_DimHeight","450","450","450","SKIP","existing-kept","instance","Shared Parameter","3045163","NWB_DimHeight","Double","False","2","2"
"20260810_130056","NWB Dim AutoFill","MECHANICAL DUCTWORK LAYOUT - LEVEL 07","model","selection","skip","Both","skip-other-users","13997500","Duct Fittings","MHT-ME-DF-Rectangular Eccentric Taper - Flanged-01","","LEVEL 07","Standard","800x450-800x450","800","450","","NWB_DimDiameter","","","","SKIP","no parsed value","","","","NWB_DimDiameter","","","",""
"20260810_130056","NWB Dim AutoFill","MECHANICAL DUCTWORK LAYOUT - LEVEL 07","model","selection","skip","Both","skip-other-users","14563826","Air Terminals","MHT-ME-AT - Supply Air Grille","","","MHT-ME-AT - 1200x600","0x1","0","1","0","NWB_DimWidth","0","1200","1200","SKIP","existing-kept","instance","Shared Parameter","7626175","NWB_DimWidth","String","False","1","1"
"20260810_130056","NWB Dim AutoFill","MECHANICAL DUCTWORK LAYOUT - LEVEL 07","model","selection","skip","Both","skip-other-users","14563826","Air Terminals","MHT-ME-AT - Supply Air Grille","","","MHT-ME-AT - 1200x600","0x1","0","1","0","NWB_DimHeight","1","600","600","SKIP","existing-kept","instance","Shared Parameter","7626170","NWB_DimHeight","String","False","1","1"
"20260810_130056","NWB Dim AutoFill","MECHANICAL DUCTWORK LAYOUT - LEVEL 07","model","selection","skip","Both","skip-other-users","14564051","Ducts","Rectangular Duct","","LEVEL 07","Flanged Long Radius Elbows / Shoe Branch","800x400","800","400","","NWB_DimWidth","800","800","800","SKIP","existing-kept","instance","Shared Parameter","7626175","NWB_DimWidth","String","False","1","1"
"20260810_130056","NWB Dim AutoFill","MECHANICAL DUCTWORK LAYOUT - LEVEL 07","model","selection","skip","Both","skip-other-users","14564051","Ducts","Rectangular Duct","","LEVEL 07","Flanged Long Radius Elbows / Shoe Branch","800x400","800","400","","NWB_DimHeight","400","400","400","SKIP","existing-kept","instance","Shared Parameter","7626170","NWB_DimHeight","String","False","1","1"
"20260810_130056","NWB Dim AutoFill","MECHANICAL DUCTWORK LAYOUT - LEVEL 07","model","selection","skip","Both","skip-other-users","14564051","Ducts","Rectangular Duct","","LEVEL 07","Flanged Long Radius Elbows / Shoe Branch","800x400","800","400","","NWB_DimDiameter","","","","SKIP","no parsed value","","","","NWB_DimDiameter","","","",""
"20260810_130056","NWB Dim AutoFill","MECHANICAL DUCTWORK LAYOUT - LEVEL 07","model","selection","skip","Both","skip-other-users","14564055","Duct Fittings","MHT_Rectangular Elbow - Mitered - Single Thickness Vanes","","LEVEL 07","Standard","400x800-400x800","400","800","","NWB_DimWidth","400","400","400","SKIP","existing-kept","instance","Shared Parameter","7626175","NWB_DimWidth","String","False","1","1"
"20260810_130056","NWB Dim AutoFill","MECHANICAL DUCTWORK LAYOUT - LEVEL 07","model","selection","skip","Both","skip-other-users","14564055","Duct Fittings","MHT_Rectangular Elbow - Mitered - Single Thickness Vanes","","LEVEL 07","Standard","400x800-400x800","400","800","","NWB_DimHeight","800","800","800","SKIP","existing-kept","instance","Shared Parameter","7626170","NWB_DimHeight","String","False","1","1"
"20260810_130056","NWB Dim AutoFill","MECHANICAL DUCTWORK LAYOUT - LEVEL 07","model","selection","skip","Both","skip-other-users","14564055","Duct Fittings","MHT_Rectangular Elbow - Mitered - Single Thickness Vanes","","LEVEL 07","Standard","400x800-400x800","400","800","","NWB_DimDiameter","","","","SKIP","no parsed value","","","","NWB_DimDiameter","","","",""
"20260810_130056","NWB Dim AutoFill","MECHANICAL DUCTWORK LAYOUT - LEVEL 07","model","selection","skip","Both","skip-other-users","14564089","Ducts","Rectangular Duct","","LEVEL 07","Flanged Long Radius Elbows / Shoe Branch","800x400","800","400","","NWB_DimWidth","800","800","800","SKIP","existing-kept","instance","Shared Parameter","7626175","NWB_DimWidth","String","False","1","1"
"20260810_130056","NWB Dim AutoFill","MECHANICAL DUCTWORK LAYOUT - LEVEL 07","model","selection","skip","Both","skip-other-users","14564089","Ducts","Rectangular Duct","","LEVEL 07","Flanged Long Radius Elbows / Shoe Branch","800x400","800","400","","NWB_DimHeight","400","400","400","SKIP","existing-kept","instance","Shared Parameter","7626170","NWB_DimHeight","String","False","1","1"
"20260810_130056","NWB Dim AutoFill","MECHANICAL DUCTWORK LAYOUT - LEVEL 07","model","selection","skip","Both","skip-other-users","14564089","Ducts","Rectangular Duct","","LEVEL 07","Flanged Long Radius Elbows / Shoe Branch","800x400","800","400","","NWB_DimDiameter","","","","SKIP","no parsed value","","","","NWB_DimDiameter","","","",""
"20260810_130056","NWB Dim AutoFill","MECHANICAL DUCTWORK LAYOUT - LEVEL 07","model","selection","skip","Both","skip-other-users","14564092","Ducts","Rectangular Duct","","LEVEL 07","Flanged Long Radius Elbows / Shoe Branch","800x400","800","400","","NWB_DimWidth","800","800","800","SKIP","existing-kept","instance","Shared Parameter","7626175","NWB_DimWidth","String","False","1","1"
"20260810_130056","NWB Dim AutoFill","MECHANICAL DUCTWORK LAYOUT - LEVEL 07","model","selection","skip","Both","skip-other-users","14564092","Ducts","Rectangular Duct","","LEVEL 07","Flanged Long Radius Elbows / Shoe Branch","800x400","800","400","","NWB_DimHeight","400","400","400","SKIP","existing-kept","instance","Shared Parameter","7626170","NWB_DimHeight","String","False","1","1"
"20260810_130056","NWB Dim AutoFill","MECHANICAL DUCTWORK LAYOUT - LEVEL 07","model","selection","skip","Both","skip-other-users","14564092","Ducts","Rectangular Duct","","LEVEL 07","Flanged Long Radius Elbows / Shoe Branch","800x400","800","400","","NWB_DimDiameter","","","","SKIP","no parsed value","","","","NWB_DimDiameter","","","",""
"20260810_130056","NWB Dim AutoFill","MECHANICAL DUCTWORK LAYOUT - LEVEL 07","model","selection","skip","Both","skip-other-users","14564093","Duct Fittings","MHT_Rectangular Elbow - Mitered - Single Thickness Vanes","","LEVEL 07","Standard","400x800-400x800","400","800","","NWB_DimWidth","400","400","400","SKIP","existing-kept","instance","Shared Parameter","7626175","NWB_DimWidth","String","False","1","1"
"20260810_130056","NWB Dim AutoFill","MECHANICAL DUCTWORK LAYOUT - LEVEL 07","model","selection","skip","Both","skip-other-users","14564093","Duct Fittings","MHT_Rectangular Elbow - Mitered - Single Thickness Vanes","","LEVEL 07","Standard","400x800-400x800","400","800","","NWB_DimHeight","800","800","800","SKIP","existing-kept","instance","Shared Parameter","7626170","NWB_DimHeight","String","False","1","1"
"20260810_130056","NWB Dim AutoFill","MECHANICAL DUCTWORK LAYOUT - LEVEL 07","model","selection","skip","Both","skip-other-users","14564093","Duct Fittings","MHT_Rectangular Elbow - Mitered - Single Thickness Vanes","","LEVEL 07","Standard","400x800-400x800","400","800","","NWB_DimDiameter","","","","SKIP","no parsed value","","","","NWB_DimDiameter","","","",""
"20260810_130056","NWB Dim AutoFill","MECHANICAL DUCTWORK LAYOUT - LEVEL 07","model","selection","skip","Both","skip-other-users","14564095","Duct Fittings","MHT-ME-DF-M-Rectangular Tee","","LEVEL 07","Standard","400x800-400x800-400x800","400","800","","NWB_DimWidth","400","400","400","SKIP","existing-kept","instance","Shared Parameter","7626175","NWB_DimWidth","String","False","1","1"
"20260810_130056","NWB Dim AutoFill","MECHANICAL DUCTWORK LAYOUT - LEVEL 07","model","selection","skip","Both","skip-other-users","14564095","Duct Fittings","MHT-ME-DF-M-Rectangular Tee","","LEVEL 07","Standard","400x800-400x800-400x800","400","800","","NWB_DimHeight","800","800","800","SKIP","existing-kept","instance","Shared Parameter","7626170","NWB_DimHeight","String","False","1","1"
"20260810_130056","NWB Dim AutoFill","MECHANICAL DUCTWORK LAYOUT - LEVEL 07","model","selection","skip","Both","skip-other-users","14564095","Duct Fittings","MHT-ME-DF-M-Rectangular Tee","","LEVEL 07","Standard","400x800-400x800-400x800","400","800","","NWB_DimDiameter","","","","SKIP","no parsed value","","","","NWB_DimDiameter","","","",""
"20260810_130056","NWB Dim AutoFill","MECHANICAL DUCTWORK LAYOUT - LEVEL 07","model","selection","skip","Both","skip-other-users","14681967","Air Terminals","MHT_AT_RA ECG cw plenum","","LEVEL 07","Damper","250x250","250","250","250","NWB_DimDiameter","250","250ø","250ø","SKIP","existing-kept","instance","Shared Parameter","7626172","NWB_DimDiameter","String","False","1","1"
"20260810_130056","NWB Dim AutoFill","MECHANICAL DUCTWORK LAYOUT - LEVEL 07","model","selection","skip","Both","skip-other-users","14682128","Air Terminals","MHT_AT_RA ECG cw plenum","","LEVEL 07","Damper","250x250","250","250","250","NWB_DimDiameter","250","250ø","250ø","SKIP","existing-kept","instance","Shared Parameter","7626172","NWB_DimDiameter","String","False","1","1"
"20260810_130056","NWB Dim AutoFill","MECHANICAL DUCTWORK LAYOUT - LEVEL 07","model","selection","skip","Both","skip-other-users","14682263","Air Terminals","MHT_AT_RA ECG cw plenum","","LEVEL 07","Damper","200x200","200","200","200","NWB_DimDiameter","200","200ø","200ø","SKIP","existing-kept","instance","Shared Parameter","7626172","NWB_DimDiameter","String","False","1","1"
"20260810_130056","NWB Dim AutoFill","MECHANICAL DUCTWORK LAYOUT - LEVEL 07","model","selection","skip","Both","skip-other-users","14682288","Air Terminals","MHT_AT_RA ECG cw plenum","","LEVEL 07","Damper","250x250","250","250","250","NWB_DimDiameter","250","250ø","250ø","SKIP","existing-kept","instance","Shared Parameter","7626172","NWB_DimDiameter","String","False","1","1"
"20260810_130056","NWB Dim AutoFill","MECHANICAL DUCTWORK LAYOUT - LEVEL 07","model","selection","skip","Both","skip-other-users","14682367","Duct Fittings","MHT_DF_Spigot","","LEVEL 07","Damper","250ø-250ø","","","250","NWB_DimWidth","","","","SKIP","no parsed value","","","","NWB_DimWidth","","","",""
"20260810_130056","NWB Dim AutoFill","MECHANICAL DUCTWORK LAYOUT - LEVEL 07","model","selection","skip","Both","skip-other-users","14682367","Duct Fittings","MHT_DF_Spigot","","LEVEL 07","Damper","250ø-250ø","","","250","NWB_DimHeight","","","","SKIP","no parsed value","","","","NWB_DimHeight","","","",""
"20260810_130056","NWB Dim AutoFill","MECHANICAL DUCTWORK LAYOUT - LEVEL 07","model","selection","skip","Both","skip-other-users","14682367","Duct Fittings","MHT_DF_Spigot","","LEVEL 07","Damper","250ø-250ø","","","250","NWB_DimDiameter","250","300","300","SKIP","existing-kept","instance","Shared Parameter","7626172","NWB_DimDiameter","String","False","1","1"
"20260810_130056","NWB Dim AutoFill","MECHANICAL DUCTWORK LAYOUT - LEVEL 07","model","selection","skip","Both","skip-other-users","14682388","Flex Ducts","Flex Duct Round","","LEVEL 07","Flex - Round","250 mmø","","","250","NWB_DimWidth","","","","SKIP","no parsed value","","","","NWB_DimWidth","","","",""
"20260810_130056","NWB Dim AutoFill","MECHANICAL DUCTWORK LAYOUT - LEVEL 07","model","selection","skip","Both","skip-other-users","14682388","Flex Ducts","Flex Duct Round","","LEVEL 07","Flex - Round","250 mmø","","","250","NWB_DimHeight","","","","SKIP","no parsed value","","","","NWB_DimHeight","","","",""
"20260810_130056","NWB Dim AutoFill","MECHANICAL DUCTWORK LAYOUT - LEVEL 07","model","selection","skip","Both","skip-other-users","14682388","Flex Ducts","Flex Duct Round","","LEVEL 07","Flex - Round","250 mmø","","","250","NWB_DimDiameter","250","250","250","SKIP","existing-kept","instance","Shared Parameter","7626172","NWB_DimDiameter","String","False","1","1"
"20260810_130056","NWB Dim AutoFill","MECHANICAL DUCTWORK LAYOUT - LEVEL 07","model","selection","skip","Both","skip-other-users","14682415","Air Terminals","MHT_AT_RA ECG cw plenum","","LEVEL 07","Damper","250x250","250","250","250","NWB_DimDiameter","250","250ø","250ø","SKIP","existing-kept","instance","Shared Parameter","7626172","NWB_DimDiameter","String","False","1","1"
"20260810_130056","NWB Dim AutoFill","MECHANICAL DUCTWORK LAYOUT - LEVEL 07","model","selection","skip","Both","skip-other-users","14682428","Duct Fittings","MHT_DF_Spigot","","LEVEL 07","Damper","250ø-250ø","","","250","NWB_DimWidth","","","","SKIP","no parsed value","","","","NWB_DimWidth","","","",""
"20260810_130056","NWB Dim AutoFill","MECHANICAL DUCTWORK LAYOUT - LEVEL 07","model","selection","skip","Both","skip-other-users","14682428","Duct Fittings","MHT_DF_Spigot","","LEVEL 07","Damper","250ø-250ø","","","250","NWB_DimHeight","","","","SKIP","no parsed value","","","","NWB_DimHeight","","","",""
"20260810_130056","NWB Dim AutoFill","MECHANICAL DUCTWORK LAYOUT - LEVEL 07","model","selection","skip","Both","skip-other-users","14682428","Duct Fittings","MHT_DF_Spigot","","LEVEL 07","Damper","250ø-250ø","","","250","NWB_DimDiameter","250","300","300","SKIP","existing-kept","instance","Shared Parameter","7626172","NWB_DimDiameter","String","False","1","1"
"20260810_130056","NWB Dim AutoFill","MECHANICAL DUCTWORK LAYOUT - LEVEL 07","model","selection","skip","Both","skip-other-users","14682460","Flex Ducts","Flex Duct Round","","LEVEL 07","Flex - Round","250 mmø","","","250","NWB_DimWidth","","","","SKIP","no parsed value","","","","NWB_DimWidth","","","",""
"20260810_130056","NWB Dim AutoFill","MECHANICAL DUCTWORK LAYOUT - LEVEL 07","model","selection","skip","Both","skip-other-users","14682460","Flex Ducts","Flex Duct Round","","LEVEL 07","Flex - Round","250 mmø","","","250","NWB_DimHeight","","","","SKIP","no parsed value","","","","NWB_DimHeight","","","",""
"20260810_130056","NWB Dim AutoFill","MECHANICAL DUCTWORK LAYOUT - LEVEL 07","model","selection","skip","Both","skip-other-users","14682460","Flex Ducts","Flex Duct Round","","LEVEL 07","Flex - Round","250 mmø","","","250","NWB_DimDiameter","250","250","250","SKIP","existing-kept","instance","Shared Parameter","7626172","NWB_DimDiameter","String","False","1","1"
"20260810_130056","NWB Dim AutoFill","MECHANICAL DUCTWORK LAYOUT - LEVEL 07","model","selection","skip","Both","skip-other-users","14682472","Air Terminals","MHT_AT_RA ECG cw plenum","","LEVEL 07","Damper","200x200","200","200","150","NWB_DimDiameter","150","150ø","150ø","SKIP","existing-kept","instance","Shared Parameter","7626172","NWB_DimDiameter","String","False","1","1"
"20260810_130056","NWB Dim AutoFill","MECHANICAL DUCTWORK LAYOUT - LEVEL 07","model","selection","skip","Both","skip-other-users","14683034","Air Terminals","MHT_AT_RA ECG cw plenum","","LEVEL 07","Damper","200x200","200","200","200","NWB_DimDiameter","200","200ø","200ø","SKIP","existing-kept","instance","Shared Parameter","7626172","NWB_DimDiameter","String","False","1","1"
"20260810_130056","NWB Dim AutoFill","MECHANICAL DUCTWORK LAYOUT - LEVEL 07","model","selection","skip","Both","skip-other-users","14683100","Air Terminals","MHT_AT_RA ECG cw plenum","","LEVEL 07","Damper","250x250","250","250","250","NWB_DimDiameter","250","250ø","250ø","SKIP","existing-kept","instance","Shared Parameter","7626172","NWB_DimDiameter","String","False","1","1"
"20260810_130056","NWB Dim AutoFill","MECHANICAL DUCTWORK LAYOUT - LEVEL 07","model","selection","skip","Both","skip-other-users","14892420","Ducts","Rectangular Duct","","LEVEL 07","Flanged Long Radius Elbows / Shoe Branch","200x200","200","200","","NWB_DimWidth","200","200","200","SKIP","existing-kept","instance","Shared Parameter","7626175","NWB_DimWidth","String","False","1","1"
"20260810_130056","NWB Dim AutoFill","MECHANICAL DUCTWORK LAYOUT - LEVEL 07","model","selection","skip","Both","skip-other-users","14892420","Ducts","Rectangular Duct","","LEVEL 07","Flanged Long Radius Elbows / Shoe Branch","200x200","200","200","","NWB_DimHeight","200","200","200","SKIP","existing-kept","instance","Shared Parameter","7626170","NWB_DimHeight","String","False","1","1"
"20260810_130056","NWB Dim AutoFill","MECHANICAL DUCTWORK LAYOUT - LEVEL 07","model","selection","skip","Both","skip-other-users","14892420","Ducts","Rectangular Duct","","LEVEL 07","Flanged Long Radius Elbows / Shoe Branch","200x200","200","200","","NWB_DimDiameter","","","","SKIP","no parsed value","","","","NWB_DimDiameter","","","",""
"20260810_130056","NWB Dim AutoFill","MECHANICAL DUCTWORK LAYOUT - LEVEL 07","model","selection","skip","Both","skip-other-users","14892486","Flex Ducts","Flex Duct Round","","LEVEL 07","Flex - Round","250 mmø","","","250","NWB_DimWidth","","","","SKIP","no parsed value","","","","NWB_DimWidth","","","",""
"20260810_130056","NWB Dim AutoFill","MECHANICAL DUCTWORK LAYOUT - LEVEL 07","model","selection","skip","Both","skip-other-users","14892486","Flex Ducts","Flex Duct Round","","LEVEL 07","Flex - Round","250 mmø","","","250","NWB_DimHeight","","","","SKIP","no parsed value","","","","NWB_DimHeight","","","",""
"20260810_130056","NWB Dim AutoFill","MECHANICAL DUCTWORK LAYOUT - LEVEL 07","model","selection","skip","Both","skip-other-users","14892486","Flex Ducts","Flex Duct Round","","LEVEL 07","Flex - Round","250 mmø","","","250","NWB_DimDiameter","250","250","250","SKIP","existing-kept","instance","Shared Parameter","7626172","NWB_DimDiameter","String","False","1","1"
"20260810_130056","NWB Dim AutoFill","MECHANICAL DUCTWORK LAYOUT - LEVEL 07","model","selection","skip","Both","skip-other-users","14892489","Duct Fittings","MHT_DF_Spigot","","LEVEL 07","Damper","250ø-250ø","","","250","NWB_DimWidth","","","","SKIP","no parsed value","","","","NWB_DimWidth","","","",""
"20260810_130056","NWB Dim AutoFill","MECHANICAL DUCTWORK LAYOUT - LEVEL 07","model","selection","skip","Both","skip-other-users","14892489","Duct Fittings","MHT_DF_Spigot","","LEVEL 07","Damper","250ø-250ø","","","250","NWB_DimHeight","","","","SKIP","no parsed value","","","","NWB_DimHeight","","","",""
"20260810_130056","NWB Dim AutoFill","MECHANICAL DUCTWORK LAYOUT - LEVEL 07","model","selection","skip","Both","skip-other-users","14892520","Air Terminals","MHT_AT_RA ECG cw plenum","","LEVEL 07","Damper","250x250","250","250","250","NWB_DimDiameter","250","250ø","250ø","SKIP","existing-kept","instance","Shared Parameter","7626172","NWB_DimDiameter","String","False","1","1"
"20260810_130056","NWB Dim AutoFill","MECHANICAL DUCTWORK LAYOUT - LEVEL 07","model","selection","skip","Both","skip-other-users","14892679","Duct Accessories","MHT-ME-Fire Damper-02","","LEVEL 07","MHT-ME-FAM-FAM-Fire Damper","350x300-350x300","350","300","","NWB_DimWidth","350","350","350","SKIP","existing-kept","instance","Shared Parameter","7626175","NWB_DimWidth","String","False","1","1"
"20260810_130056","NWB Dim AutoFill","MECHANICAL DUCTWORK LAYOUT - LEVEL 07","model","selection","skip","Both","skip-other-users","14892679","Duct Accessories","MHT-ME-Fire Damper-02","","LEVEL 07","MHT-ME-FAM-FAM-Fire Damper","350x300-350x300","350","300","","NWB_DimHeight","300","300","300","SKIP","existing-kept","instance","Shared Parameter","7626170","NWB_DimHeight","String","False","1","1"
"20260810_130056","NWB Dim AutoFill","MECHANICAL DUCTWORK LAYOUT - LEVEL 07","model","selection","skip","Both","skip-other-users","14892679","Duct Accessories","MHT-ME-Fire Damper-02","","LEVEL 07","MHT-ME-FAM-FAM-Fire Damper","350x300-350x300","350","300","","NWB_DimDiameter","","","","SKIP","no parsed value","","","","NWB_DimDiameter","","","",""
"20260810_130056","NWB Dim AutoFill","MECHANICAL DUCTWORK LAYOUT - LEVEL 07","model","selection","skip","Both","skip-other-users","14892700","Ducts","Rectangular Duct","","LEVEL 07","Flanged Long Radius Elbows / Shoe Branch","350x300","350","300","","NWB_DimWidth","350","350","350","SKIP","existing-kept","instance","Shared Parameter","7626175","NWB_DimWidth","String","False","1","1"
"20260810_130056","NWB Dim AutoFill","MECHANICAL DUCTWORK LAYOUT - LEVEL 07","model","selection","skip","Both","skip-other-users","14892700","Ducts","Rectangular Duct","","LEVEL 07","Flanged Long Radius Elbows / Shoe Branch","350x300","350","300","","NWB_DimHeight","300","300","300","SKIP","existing-kept","instance","Shared Parameter","7626170","NWB_DimHeight","String","False","1","1"
"20260810_130056","NWB Dim AutoFill","MECHANICAL DUCTWORK LAYOUT - LEVEL 07","model","selection","skip","Both","skip-other-users","14892700","Ducts","Rectangular Duct","","LEVEL 07","Flanged Long Radius Elbows / Shoe Branch","350x300","350","300","","NWB_DimDiameter","","","","SKIP","no parsed value","","","","NWB_DimDiameter","","","",""
"20260810_130056","NWB Dim AutoFill","MECHANICAL DUCTWORK LAYOUT - LEVEL 07","model","selection","skip","Both","skip-other-users","14892713","Ducts","Rectangular Duct","","LEVEL 07","Flanged Long Radius Elbows / Shoe Branch","300x300","300","300","","NWB_DimWidth","300","300","300","SKIP","existing-kept","instance","Shared Parameter","7626175","NWB_DimWidth","String","False","1","1"
"20260810_130056","NWB Dim AutoFill","MECHANICAL DUCTWORK LAYOUT - LEVEL 07","model","selection","skip","Both","skip-other-users","14892713","Ducts","Rectangular Duct","","LEVEL 07","Flanged Long Radius Elbows / Shoe Branch","300x300","300","300","","NWB_DimHeight","300","300","300","SKIP","existing-kept","instance","Shared Parameter","7626170","NWB_DimHeight","String","False","1","1"
"20260810_130056","NWB Dim AutoFill","MECHANICAL DUCTWORK LAYOUT - LEVEL 07","model","selection","skip","Both","skip-other-users","14892713","Ducts","Rectangular Duct","","LEVEL 07","Flanged Long Radius Elbows / Shoe Branch","300x300","300","300","","NWB_DimDiameter","","","","SKIP","no parsed value","","","","NWB_DimDiameter","","","",""
"20260810_130056","NWB Dim AutoFill","MECHANICAL DUCTWORK LAYOUT - LEVEL 07","model","selection","skip","Both","skip-other-users","13043537","Air Terminals","MHT_AT_Sidewall Grille Supply","","LEVEL 07","Standard","0x700","0","700","0","NWB_DimDiameter","0","0","0","OK","verified","instance","Shared Parameter","7626172","NWB_DimDiameter","String","False","1","1"
"20260810_130056","NWB Dim AutoFill","MECHANICAL DUCTWORK LAYOUT - LEVEL 07","model","selection","skip","Both","skip-other-users","13963076","Air Terminals","MHT_AT_S Air Diff Swirl","","LEVEL 07","No Damper 300X300","600x350","600","350","250","NWB_DimWidth","600","600","600","OK","verified","instance","Shared Parameter","7626175","NWB_DimWidth","String","False","1","1"
"20260810_130056","NWB Dim AutoFill","MECHANICAL DUCTWORK LAYOUT - LEVEL 07","model","selection","skip","Both","skip-other-users","13963076","Air Terminals","MHT_AT_S Air Diff Swirl","","LEVEL 07","No Damper 300X300","600x350","600","350","250","NWB_DimHeight","350","350","350","OK","verified","instance","Shared Parameter","7626170","NWB_DimHeight","String","False","1","1"
"20260810_130056","NWB Dim AutoFill","MECHANICAL DUCTWORK LAYOUT - LEVEL 07","model","selection","skip","Both","skip-other-users","13963418","Air Terminals","MHT_AT_S Air Diff Swirl","","LEVEL 07","No Damper 300X300","600x350","600","350","250","NWB_DimWidth","600","600","600","OK","verified","instance","Shared Parameter","7626175","NWB_DimWidth","String","False","1","1"
"20260810_130056","NWB Dim AutoFill","MECHANICAL DUCTWORK LAYOUT - LEVEL 07","model","selection","skip","Both","skip-other-users","13963418","Air Terminals","MHT_AT_S Air Diff Swirl","","LEVEL 07","No Damper 300X300","600x350","600","350","250","NWB_DimHeight","350","350","350","OK","verified","instance","Shared Parameter","7626170","NWB_DimHeight","String","False","1","1"
"20260810_130056","NWB Dim AutoFill","MECHANICAL DUCTWORK LAYOUT - LEVEL 07","model","selection","skip","Both","skip-other-users","13964507","Air Terminals","MHT_AT_S Air Diff Swirl","","LEVEL 07","No Damper 300X300","600x350","600","350","250","NWB_DimWidth","600","600","600","OK","verified","instance","Shared Parameter","7626175","NWB_DimWidth","String","False","1","1"
"20260810_130056","NWB Dim AutoFill","MECHANICAL DUCTWORK LAYOUT - LEVEL 07","model","selection","skip","Both","skip-other-users","13964507","Air Terminals","MHT_AT_S Air Diff Swirl","","LEVEL 07","No Damper 300X300","600x350","600","350","250","NWB_DimHeight","350","350","350","OK","verified","instance","Shared Parameter","7626170","NWB_DimHeight","String","False","1","1"
"20260810_130056","NWB Dim AutoFill","MECHANICAL DUCTWORK LAYOUT - LEVEL 07","model","selection","skip","Both","skip-other-users","13964572","Air Terminals","MHT_AT_S Air Diff Swirl","","LEVEL 07","No Damper 300X300","600x350","600","350","250","NWB_DimWidth","600","600","600","OK","verified","instance","Shared Parameter","7626175","NWB_DimWidth","String","False","1","1"
"20260810_130056","NWB Dim AutoFill","MECHANICAL DUCTWORK LAYOUT - LEVEL 07","model","selection","skip","Both","skip-other-users","13964572","Air Terminals","MHT_AT_S Air Diff Swirl","","LEVEL 07","No Damper 300X300","600x350","600","350","250","NWB_DimHeight","350","350","350","OK","verified","instance","Shared Parameter","7626170","NWB_DimHeight","String","False","1","1"
"20260810_130056","NWB Dim AutoFill","MECHANICAL DUCTWORK LAYOUT - LEVEL 07","model","selection","skip","Both","skip-other-users","13964627","Air Terminals","MHT_AT_S Air Diff Swirl","","LEVEL 07","No Damper 300X300","600x350","600","350","250","NWB_DimWidth","600","600","600","OK","verified","instance","Shared Parameter","7626175","NWB_DimWidth","String","False","1","1"
"20260810_130056","NWB Dim AutoFill","MECHANICAL DUCTWORK LAYOUT - LEVEL 07","model","selection","skip","Both","skip-other-users","13964627","Air Terminals","MHT_AT_S Air Diff Swirl","","LEVEL 07","No Damper 300X300","600x350","600","350","250","NWB_DimHeight","350","350","350","OK","verified","instance","Shared Parameter","7626170","NWB_DimHeight","String","False","1","1"
"20260810_130056","NWB Dim AutoFill","MECHANICAL DUCTWORK LAYOUT - LEVEL 07","model","selection","skip","Both","skip-other-users","13964669","Air Terminals","MHT_AT_S Air Diff Swirl","","LEVEL 07","No Damper 300X300","600x350","600","350","250","NWB_DimWidth","600","600","600","OK","verified","instance","Shared Parameter","7626175","NWB_DimWidth","String","False","1","1"
"20260810_130056","NWB Dim AutoFill","MECHANICAL DUCTWORK LAYOUT - LEVEL 07","model","selection","skip","Both","skip-other-users","13964669","Air Terminals","MHT_AT_S Air Diff Swirl","","LEVEL 07","No Damper 300X300","600x350","600","350","250","NWB_DimHeight","350","350","350","OK","verified","instance","Shared Parameter","7626170","NWB_DimHeight","String","False","1","1"
"20260810_130056","NWB Dim AutoFill","MECHANICAL DUCTWORK LAYOUT - LEVEL 07","model","selection","skip","Both","skip-other-users","13964671","Air Terminals","MHT_AT_S Air Diff Swirl","","LEVEL 07","No Damper 300X300","600x350","600","350","250","NWB_DimWidth","600","600","600","OK","verified","instance","Shared Parameter","7626175","NWB_DimWidth","String","False","1","1"
"20260810_130056","NWB Dim AutoFill","MECHANICAL DUCTWORK LAYOUT - LEVEL 07","model","selection","skip","Both","skip-other-users","13964671","Air Terminals","MHT_AT_S Air Diff Swirl","","LEVEL 07","No Damper 300X300","600x350","600","350","250","NWB_DimHeight","350","350","350","OK","verified","instance","Shared Parameter","7626170","NWB_DimHeight","String","False","1","1"
"20260810_130056","NWB Dim AutoFill","MECHANICAL DUCTWORK LAYOUT - LEVEL 07","model","selection","skip","Both","skip-other-users","13964717","Air Terminals","MHT_AT_S Air Diff Swirl","","LEVEL 07","No Damper 300X300","600x350","600","350","250","NWB_DimWidth","600","600","600","OK","verified","instance","Shared Parameter","7626175","NWB_DimWidth","String","False","1","1"
"20260810_130056","NWB Dim AutoFill","MECHANICAL DUCTWORK LAYOUT - LEVEL 07","model","selection","skip","Both","skip-other-users","13964717","Air Terminals","MHT_AT_S Air Diff Swirl","","LEVEL 07","No Damper 300X300","600x350","600","350","250","NWB_DimHeight","350","350","350","OK","verified","instance","Shared Parameter","7626170","NWB_DimHeight","String","False","1","1"
"20260810_130056","NWB Dim AutoFill","MECHANICAL DUCTWORK LAYOUT - LEVEL 07","model","selection","skip","Both","skip-other-users","13965027","Air Terminals","MHT_AT_S Air Diff Swirl","","LEVEL 07","No Damper 300X300","600x500","600","500","400","NWB_DimWidth","600","600","600","OK","verified","instance","Shared Parameter","7626175","NWB_DimWidth","String","False","1","1"
"20260810_130056","NWB Dim AutoFill","MECHANICAL DUCTWORK LAYOUT - LEVEL 07","model","selection","skip","Both","skip-other-users","13965027","Air Terminals","MHT_AT_S Air Diff Swirl","","LEVEL 07","No Damper 300X300","600x500","600","500","400","NWB_DimHeight","500","500","500","OK","verified","instance","Shared Parameter","7626170","NWB_DimHeight","String","False","1","1"
"20260810_130056","NWB Dim AutoFill","MECHANICAL DUCTWORK LAYOUT - LEVEL 07","model","selection","skip","Both","skip-other-users","13965029","Air Terminals","MHT_AT_S Air Diff Swirl","","LEVEL 07","No Damper 300X300","600x500","600","500","400","NWB_DimWidth","600","600","600","OK","verified","instance","Shared Parameter","7626175","NWB_DimWidth","String","False","1","1"
"20260810_130056","NWB Dim AutoFill","MECHANICAL DUCTWORK LAYOUT - LEVEL 07","model","selection","skip","Both","skip-other-users","13965029","Air Terminals","MHT_AT_S Air Diff Swirl","","LEVEL 07","No Damper 300X300","600x500","600","500","400","NWB_DimHeight","500","500","500","OK","verified","instance","Shared Parameter","7626170","NWB_DimHeight","String","False","1","1"
"20260810_130056","NWB Dim AutoFill","MECHANICAL DUCTWORK LAYOUT - LEVEL 07","model","selection","skip","Both","skip-other-users","13965031","Air Terminals","MHT_AT_S Air Diff Swirl","","LEVEL 07","No Damper 300X300","600x500","600","500","400","NWB_DimWidth","600","600","600","OK","verified","instance","Shared Parameter","7626175","NWB_DimWidth","String","False","1","1"
"20260810_130056","NWB Dim AutoFill","MECHANICAL DUCTWORK LAYOUT - LEVEL 07","model","selection","skip","Both","skip-other-users","13965031","Air Terminals","MHT_AT_S Air Diff Swirl","","LEVEL 07","No Damper 300X300","600x500","600","500","400","NWB_DimHeight","500","500","500","OK","verified","instance","Shared Parameter","7626170","NWB_DimHeight","String","False","1","1"
"20260810_130056","NWB Dim AutoFill","MECHANICAL DUCTWORK LAYOUT - LEVEL 07","model","selection","skip","Both","skip-other-users","13965330","Air Terminals","MHT_AT_S Air Diff Swirl","","LEVEL 07","No Damper 300X300","600x300","600","300","200","NWB_DimWidth","600","600","600","OK","verified","instance","Shared Parameter","7626175","NWB_DimWidth","String","False","1","1"
"20260810_130056","NWB Dim AutoFill","MECHANICAL DUCTWORK LAYOUT - LEVEL 07","model","selection","skip","Both","skip-other-users","13965330","Air Terminals","MHT_AT_S Air Diff Swirl","","LEVEL 07","No Damper 300X300","600x300","600","300","200","NWB_DimHeight","300","300","300","OK","verified","instance","Shared Parameter","7626170","NWB_DimHeight","String","False","1","1"
"20260810_130056","NWB Dim AutoFill","MECHANICAL DUCTWORK LAYOUT - LEVEL 07","model","selection","skip","Both","skip-other-users","13965334","Air Terminals","MHT_AT_S Air Diff Swirl","","LEVEL 07","No Damper 300X300","600x300","600","300","200","NWB_DimWidth","600","600","600","OK","verified","instance","Shared Parameter","7626175","NWB_DimWidth","String","False","1","1"
"20260810_130056","NWB Dim AutoFill","MECHANICAL DUCTWORK LAYOUT - LEVEL 07","model","selection","skip","Both","skip-other-users","13965334","Air Terminals","MHT_AT_S Air Diff Swirl","","LEVEL 07","No Damper 300X300","600x300","600","300","200","NWB_DimHeight","300","300","300","OK","verified","instance","Shared Parameter","7626170","NWB_DimHeight","String","False","1","1"
"20260810_130056","NWB Dim AutoFill","MECHANICAL DUCTWORK LAYOUT - LEVEL 07","model","selection","skip","Both","skip-other-users","13965377","Air Terminals","MHT_AT_S Air Diff Swirl","","LEVEL 07","No Damper 300X300","600x350","600","350","250","NWB_DimWidth","600","600","600","OK","verified","instance","Shared Parameter","7626175","NWB_DimWidth","String","False","1","1"
"20260810_130056","NWB Dim AutoFill","MECHANICAL DUCTWORK LAYOUT - LEVEL 07","model","selection","skip","Both","skip-other-users","13965377","Air Terminals","MHT_AT_S Air Diff Swirl","","LEVEL 07","No Damper 300X300","600x350","600","350","250","NWB_DimHeight","350","350","350","OK","verified","instance","Shared Parameter","7626170","NWB_DimHeight","String","False","1","1"
"20260810_130056","NWB Dim AutoFill","MECHANICAL DUCTWORK LAYOUT - LEVEL 07","model","selection","skip","Both","skip-other-users","13965443","Air Terminals","MHT_AT_S Air Diff Swirl","","LEVEL 07","No Damper 300X300","600x350","600","350","250","NWB_DimWidth","600","600","600","OK","verified","instance","Shared Parameter","7626175","NWB_DimWidth","String","False","1","1"
"20260810_130056","NWB Dim AutoFill","MECHANICAL DUCTWORK LAYOUT - LEVEL 07","model","selection","skip","Both","skip-other-users","13965443","Air Terminals","MHT_AT_S Air Diff Swirl","","LEVEL 07","No Damper 300X300","600x350","600","350","250","NWB_DimHeight","350","350","350","OK","verified","instance","Shared Parameter","7626170","NWB_DimHeight","String","False","1","1"
"20260810_130056","NWB Dim AutoFill","MECHANICAL DUCTWORK LAYOUT - LEVEL 07","model","selection","skip","Both","skip-other-users","13965488","Air Terminals","MHT_AT_S Air Diff Swirl","","LEVEL 07","No Damper 300X300","600x350","600","350","250","NWB_DimWidth","600","600","600","OK","verified","instance","Shared Parameter","7626175","NWB_DimWidth","String","False","1","1"
"20260810_130056","NWB Dim AutoFill","MECHANICAL DUCTWORK LAYOUT - LEVEL 07","model","selection","skip","Both","skip-other-users","13965488","Air Terminals","MHT_AT_S Air Diff Swirl","","LEVEL 07","No Damper 300X300","600x350","600","350","250","NWB_DimHeight","350","350","350","OK","verified","instance","Shared Parameter","7626170","NWB_DimHeight","String","False","1","1"
"20260810_130056","NWB Dim AutoFill","MECHANICAL DUCTWORK LAYOUT - LEVEL 07","model","selection","skip","Both","skip-other-users","13965719","Duct Fittings","MHT-ME-DF-Rectangular Short Radius Bend - Flanged","","LEVEL 07","MHT-ME-DF-Rectangular Short Radius Bend - Flanged","600x350-600x350","600","350","","NWB_DimWidth","600","600","600","OK","verified","instance","Shared Parameter","7626175","NWB_DimWidth","String","False","2","2"
"20260810_130056","NWB Dim AutoFill","MECHANICAL DUCTWORK LAYOUT - LEVEL 07","model","selection","skip","Both","skip-other-users","13965719","Duct Fittings","MHT-ME-DF-Rectangular Short Radius Bend - Flanged","","LEVEL 07","MHT-ME-DF-Rectangular Short Radius Bend - Flanged","600x350-600x350","600","350","","NWB_DimHeight","350","350","350","OK","verified","instance","Shared Parameter","7626170","NWB_DimHeight","String","False","2","2"
"20260810_130056","NWB Dim AutoFill","MECHANICAL DUCTWORK LAYOUT - LEVEL 07","model","selection","skip","Both","skip-other-users","13966514","Duct Fittings","MHT-ME-DF-Rectangular Short Radius Bend - Flanged","","LEVEL 07","MHT-ME-DF-Rectangular Short Radius Bend - Flanged","800x450-800x450","800","450","","NWB_DimWidth","800","800","800","OK","verified","instance","Shared Parameter","7626175","NWB_DimWidth","String","False","2","2"
"20260810_130056","NWB Dim AutoFill","MECHANICAL DUCTWORK LAYOUT - LEVEL 07","model","selection","skip","Both","skip-other-users","13966514","Duct Fittings","MHT-ME-DF-Rectangular Short Radius Bend - Flanged","","LEVEL 07","MHT-ME-DF-Rectangular Short Radius Bend - Flanged","800x450-800x450","800","450","","NWB_DimHeight","450","450","450","OK","verified","instance","Shared Parameter","7626170","NWB_DimHeight","String","False","2","2"
"20260810_130056","NWB Dim AutoFill","MECHANICAL DUCTWORK LAYOUT - LEVEL 07","model","selection","skip","Both","skip-other-users","13966790","Duct Fittings","MHT-ME-DF-Rectangular Eccentric Taper - Flanged-01","","LEVEL 07","Standard","600x350-300x350","600","350","","NWB_DimWidth","600","600","600","OK","verified","instance","Shared Parameter","7626175","NWB_DimWidth","String","False","2","2"
"20260810_130056","NWB Dim AutoFill","MECHANICAL DUCTWORK LAYOUT - LEVEL 07","model","selection","skip","Both","skip-other-users","13966790","Duct Fittings","MHT-ME-DF-Rectangular Eccentric Taper - Flanged-01","","LEVEL 07","Standard","600x350-300x350","600","350","","NWB_DimHeight","350","350","350","OK","verified","instance","Shared Parameter","7626170","NWB_DimHeight","String","False","2","2"
"20260810_130056","NWB Dim AutoFill","MECHANICAL DUCTWORK LAYOUT - LEVEL 07","model","selection","skip","Both","skip-other-users","13966859","Duct Fittings","MHT-ME-DF-Rectangular Short Radius Bend - Flanged","","LEVEL 07","MHT-ME-DF-Rectangular Short Radius Bend - Flanged","250x250-250x250","250","250","","NWB_DimWidth","250","250","250","OK","verified","instance","Shared Parameter","7626175","NWB_DimWidth","String","False","2","2"
"20260810_130056","NWB Dim AutoFill","MECHANICAL DUCTWORK LAYOUT - LEVEL 07","model","selection","skip","Both","skip-other-users","13966859","Duct Fittings","MHT-ME-DF-Rectangular Short Radius Bend - Flanged","","LEVEL 07","MHT-ME-DF-Rectangular Short Radius Bend - Flanged","250x250-250x250","250","250","","NWB_DimHeight","250","250","250","OK","verified","instance","Shared Parameter","7626170","NWB_DimHeight","String","False","2","2"
"20260810_130056","NWB Dim AutoFill","MECHANICAL DUCTWORK LAYOUT - LEVEL 07","model","selection","skip","Both","skip-other-users","13967119","Duct Fittings","MHT-ME-DF-Rectangular Short Radius Bend - Flanged","","LEVEL 07","MHT-ME-DF-Rectangular Short Radius Bend - Flanged","800x450-800x450","800","450","","NWB_DimWidth","800","800","800","OK","verified","instance","Shared Parameter","7626175","NWB_DimWidth","String","False","2","2"
"20260810_130056","NWB Dim AutoFill","MECHANICAL DUCTWORK LAYOUT - LEVEL 07","model","selection","skip","Both","skip-other-users","13967119","Duct Fittings","MHT-ME-DF-Rectangular Short Radius Bend - Flanged","","LEVEL 07","MHT-ME-DF-Rectangular Short Radius Bend - Flanged","800x450-800x450","800","450","","NWB_DimHeight","450","450","450","OK","verified","instance","Shared Parameter","7626170","NWB_DimHeight","String","False","2","2"
"20260810_130056","NWB Dim AutoFill","MECHANICAL DUCTWORK LAYOUT - LEVEL 07","model","selection","skip","Both","skip-other-users","13967125","Duct Fittings","MHT-ME-DF-Rectangular Short Radius Bend - Flanged","","LEVEL 07","MHT-ME-DF-Rectangular Short Radius Bend - Flanged","800x450-800x450","800","450","","NWB_DimWidth","800","800","800","OK","verified","instance","Shared Parameter","7626175","NWB_DimWidth","String","False","2","2"
"20260810_130056","NWB Dim AutoFill","MECHANICAL DUCTWORK LAYOUT - LEVEL 07","model","selection","skip","Both","skip-other-users","13967125","Duct Fittings","MHT-ME-DF-Rectangular Short Radius Bend - Flanged","","LEVEL 07","MHT-ME-DF-Rectangular Short Radius Bend - Flanged","800x450-800x450","800","450","","NWB_DimHeight","450","450","450","OK","verified","instance","Shared Parameter","7626170","NWB_DimHeight","String","False","2","2"
"20260810_130056","NWB Dim AutoFill","MECHANICAL DUCTWORK LAYOUT - LEVEL 07","model","selection","skip","Both","skip-other-users","13967139","Duct Fittings","MHT-ME-DF-Rectangular Short Radius Bend - Flanged","","LEVEL 07","MHT-ME-DF-Rectangular Short Radius Bend - Flanged","800x450-800x450","800","450","","NWB_DimWidth","800","800","800","OK","verified","instance","Shared Parameter","7626175","NWB_DimWidth","String","False","2","2"
"20260810_130056","NWB Dim AutoFill","MECHANICAL DUCTWORK LAYOUT - LEVEL 07","model","selection","skip","Both","skip-other-users","13967139","Duct Fittings","MHT-ME-DF-Rectangular Short Radius Bend - Flanged","","LEVEL 07","MHT-ME-DF-Rectangular Short Radius Bend - Flanged","800x450-800x450","800","450","","NWB_DimHeight","450","450","450","OK","verified","instance","Shared Parameter","7626170","NWB_DimHeight","String","False","2","2"
"20260810_130056","NWB Dim AutoFill","MECHANICAL DUCTWORK LAYOUT - LEVEL 07","model","selection","skip","Both","skip-other-users","13967145","Duct Fittings","MHT-ME-DF-Rectangular Short Radius Bend - Flanged","","LEVEL 07","MHT-ME-DF-Rectangular Short Radius Bend - Flanged","800x450-800x450","800","450","","NWB_DimWidth","800","800","800","OK","verified","instance","Shared Parameter","7626175","NWB_DimWidth","String","False","2","2"
"20260810_130056","NWB Dim AutoFill","MECHANICAL DUCTWORK LAYOUT - LEVEL 07","model","selection","skip","Both","skip-other-users","13967145","Duct Fittings","MHT-ME-DF-Rectangular Short Radius Bend - Flanged","","LEVEL 07","MHT-ME-DF-Rectangular Short Radius Bend - Flanged","800x450-800x450","800","450","","NWB_DimHeight","450","450","450","OK","verified","instance","Shared Parameter","7626170","NWB_DimHeight","String","False","2","2"
"20260810_130056","NWB Dim AutoFill","MECHANICAL DUCTWORK LAYOUT - LEVEL 07","model","selection","skip","Both","skip-other-users","13967290","Air Terminals","MHT_AT_S Air Diff Swirl","","LEVEL 07","No Damper 300X300","600x300","600","300","200","NWB_DimWidth","600","600","600","OK","verified","instance","Shared Parameter","7626175","NWB_DimWidth","String","False","1","1"
"20260810_130056","NWB Dim AutoFill","MECHANICAL DUCTWORK LAYOUT - LEVEL 07","model","selection","skip","Both","skip-other-users","13967290","Air Terminals","MHT_AT_S Air Diff Swirl","","LEVEL 07","No Damper 300X300","600x300","600","300","200","NWB_DimHeight","300","300","300","OK","verified","instance","Shared Parameter","7626170","NWB_DimHeight","String","False","1","1"
"20260810_130056","NWB Dim AutoFill","MECHANICAL DUCTWORK LAYOUT - LEVEL 07","model","selection","skip","Both","skip-other-users","13967618","Air Terminals","MHT_AT_S Air Diff Swirl","","LEVEL 07","No Damper 300X300","600x350","600","350","250","NWB_DimWidth","600","600","600","OK","verified","instance","Shared Parameter","7626175","NWB_DimWidth","String","False","1","1"
"20260810_130056","NWB Dim AutoFill","MECHANICAL DUCTWORK LAYOUT - LEVEL 07","model","selection","skip","Both","skip-other-users","13967618","Air Terminals","MHT_AT_S Air Diff Swirl","","LEVEL 07","No Damper 300X300","600x350","600","350","250","NWB_DimHeight","350","350","350","OK","verified","instance","Shared Parameter","7626170","NWB_DimHeight","String","False","1","1"
"20260810_130056","NWB Dim AutoFill","MECHANICAL DUCTWORK LAYOUT - LEVEL 07","model","selection","skip","Both","skip-other-users","13968135","Duct Fittings","MHT-ME-DF-Rectangular Short Radius Bend - Flanged","","LEVEL 07","MHT-ME-DF-Rectangular Short Radius Bend - Flanged","800x450-800x450","800","450","","NWB_DimWidth","800","800","800","OK","verified","instance","Shared Parameter","7626175","NWB_DimWidth","String","False","2","2"
"20260810_130056","NWB Dim AutoFill","MECHANICAL DUCTWORK LAYOUT - LEVEL 07","model","selection","skip","Both","skip-other-users","13968135","Duct Fittings","MHT-ME-DF-Rectangular Short Radius Bend - Flanged","","LEVEL 07","MHT-ME-DF-Rectangular Short Radius Bend - Flanged","800x450-800x450","800","450","","NWB_DimHeight","450","450","450","OK","verified","instance","Shared Parameter","7626170","NWB_DimHeight","String","False","2","2"
"20260810_130056","NWB Dim AutoFill","MECHANICAL DUCTWORK LAYOUT - LEVEL 07","model","selection","skip","Both","skip-other-users","13968439","Duct Fittings","MHT-ME-DF-Rectangular Short Radius Bend - Flanged","","LEVEL 07","MHT-ME-DF-Rectangular Short Radius Bend - Flanged","400x300-400x300","400","300","","NWB_DimWidth","400","400","400","OK","verified","instance","Shared Parameter","7626175","NWB_DimWidth","String","False","2","2"
"20260810_130056","NWB Dim AutoFill","MECHANICAL DUCTWORK LAYOUT - LEVEL 07","model","selection","skip","Both","skip-other-users","13968439","Duct Fittings","MHT-ME-DF-Rectangular Short Radius Bend - Flanged","","LEVEL 07","MHT-ME-DF-Rectangular Short Radius Bend - Flanged","400x300-400x300","400","300","","NWB_DimHeight","300","300","300","OK","verified","instance","Shared Parameter","7626170","NWB_DimHeight","String","False","2","2"
"20260810_130056","NWB Dim AutoFill","MECHANICAL DUCTWORK LAYOUT - LEVEL 07","model","selection","skip","Both","skip-other-users","13968445","Duct Fittings","MHT-ME-DF-Rectangular Short Radius Bend - Flanged","","LEVEL 07","MHT-ME-DF-Rectangular Short Radius Bend - Flanged","400x300-400x300","400","300","","NWB_DimWidth","400","400","400","OK","verified","instance","Shared Parameter","7626175","NWB_DimWidth","String","False","2","2"
"20260810_130056","NWB Dim AutoFill","MECHANICAL DUCTWORK LAYOUT - LEVEL 07","model","selection","skip","Both","skip-other-users","13968445","Duct Fittings","MHT-ME-DF-Rectangular Short Radius Bend - Flanged","","LEVEL 07","MHT-ME-DF-Rectangular Short Radius Bend - Flanged","400x300-400x300","400","300","","NWB_DimHeight","300","300","300","OK","verified","instance","Shared Parameter","7626170","NWB_DimHeight","String","False","2","2"
"20260810_130056","NWB Dim AutoFill","MECHANICAL DUCTWORK LAYOUT - LEVEL 07","model","selection","skip","Both","skip-other-users","13968642","Duct Fittings","MHT-ME-DF-Rectangular Short Radius Bend - Flanged","","LEVEL 07","MHT-ME-DF-Rectangular Short Radius Bend - Flanged","500x350-500x350","500","350","","NWB_DimWidth","500","500","500","OK","verified","instance","Shared Parameter","7626175","NWB_DimWidth","String","False","2","2"
"20260810_130056","NWB Dim AutoFill","MECHANICAL DUCTWORK LAYOUT - LEVEL 07","model","selection","skip","Both","skip-other-users","13968642","Duct Fittings","MHT-ME-DF-Rectangular Short Radius Bend - Flanged","","LEVEL 07","MHT-ME-DF-Rectangular Short Radius Bend - Flanged","500x350-500x350","500","350","","NWB_DimHeight","350","350","350","OK","verified","instance","Shared Parameter","7626170","NWB_DimHeight","String","False","2","2"
"20260810_130056","NWB Dim AutoFill","MECHANICAL DUCTWORK LAYOUT - LEVEL 07","model","selection","skip","Both","skip-other-users","13968651","Duct Fittings","MHT-ME-DF-Rectangular Short Radius Bend - Flanged","","LEVEL 07","MHT-ME-DF-Rectangular Short Radius Bend - Flanged","200x250-200x250","200","250","","NWB_DimWidth","200","200","200","OK","verified","instance","Shared Parameter","7626175","NWB_DimWidth","String","False","2","2"
"20260810_130056","NWB Dim AutoFill","MECHANICAL DUCTWORK LAYOUT - LEVEL 07","model","selection","skip","Both","skip-other-users","13968651","Duct Fittings","MHT-ME-DF-Rectangular Short Radius Bend - Flanged","","LEVEL 07","MHT-ME-DF-Rectangular Short Radius Bend - Flanged","200x250-200x250","200","250","","NWB_DimHeight","250","250","250","OK","verified","instance","Shared Parameter","7626170","NWB_DimHeight","String","False","2","2"
"20260810_130056","NWB Dim AutoFill","MECHANICAL DUCTWORK LAYOUT - LEVEL 07","model","selection","skip","Both","skip-other-users","13968667","Air Terminals","MHT_AT_S Air Diff Swirl","","LEVEL 07","No Damper 300X300","600x300","600","300","200","NWB_DimWidth","600","600","600","OK","verified","instance","Shared Parameter","7626175","NWB_DimWidth","String","False","1","1"
"20260810_130056","NWB Dim AutoFill","MECHANICAL DUCTWORK LAYOUT - LEVEL 07","model","selection","skip","Both","skip-other-users","13968667","Air Terminals","MHT_AT_S Air Diff Swirl","","LEVEL 07","No Damper 300X300","600x300","600","300","200","NWB_DimHeight","300","300","300","OK","verified","instance","Shared Parameter","7626170","NWB_DimHeight","String","False","1","1"
"20260810_130056","NWB Dim AutoFill","MECHANICAL DUCTWORK LAYOUT - LEVEL 07","model","selection","skip","Both","skip-other-users","13968801","Air Terminals","MHT_AT_S Air Diff Swirl","","LEVEL 07","No Damper 300X300","600x300","600","300","200","NWB_DimWidth","600","600","600","OK","verified","instance","Shared Parameter","7626175","NWB_DimWidth","String","False","1","1"
"20260810_130056","NWB Dim AutoFill","MECHANICAL DUCTWORK LAYOUT - LEVEL 07","model","selection","skip","Both","skip-other-users","13968801","Air Terminals","MHT_AT_S Air Diff Swirl","","LEVEL 07","No Damper 300X300","600x300","600","300","200","NWB_DimHeight","300","300","300","OK","verified","instance","Shared Parameter","7626170","NWB_DimHeight","String","False","1","1"
"20260810_130056","NWB Dim AutoFill","MECHANICAL DUCTWORK LAYOUT - LEVEL 07","model","selection","skip","Both","skip-other-users","13969201","Air Terminals","MHT_AT_S Air Diff Swirl","","LEVEL 07","No Damper 300X300","600x300","600","300","200","NWB_DimWidth","600","600","600","OK","verified","instance","Shared Parameter","7626175","NWB_DimWidth","String","False","1","1"
"20260810_130056","NWB Dim AutoFill","MECHANICAL DUCTWORK LAYOUT - LEVEL 07","model","selection","skip","Both","skip-other-users","13969201","Air Terminals","MHT_AT_S Air Diff Swirl","","LEVEL 07","No Damper 300X300","600x300","600","300","200","NWB_DimHeight","300","300","300","OK","verified","instance","Shared Parameter","7626170","NWB_DimHeight","String","False","1","1"
"20260810_130056","NWB Dim AutoFill","MECHANICAL DUCTWORK LAYOUT - LEVEL 07","model","selection","skip","Both","skip-other-users","13969251","Air Terminals","MHT_AT_S Air Diff Swirl","","LEVEL 07","No Damper 300X300","600x250","600","250","150","NWB_DimWidth","600","600","600","OK","verified","instance","Shared Parameter","7626175","NWB_DimWidth","String","False","1","1"
"20260810_130056","NWB Dim AutoFill","MECHANICAL DUCTWORK LAYOUT - LEVEL 07","model","selection","skip","Both","skip-other-users","13969251","Air Terminals","MHT_AT_S Air Diff Swirl","","LEVEL 07","No Damper 300X300","600x250","600","250","150","NWB_DimHeight","250","250","250","OK","verified","instance","Shared Parameter","7626170","NWB_DimHeight","String","False","1","1"
"20260810_130056","NWB Dim AutoFill","MECHANICAL DUCTWORK LAYOUT - LEVEL 07","model","selection","skip","Both","skip-other-users","13969304","Air Terminals","MHT_AT_S Air Diff Swirl","","LEVEL 07","No Damper 300X300","600x250","600","250","150","NWB_DimWidth","600","600","600","OK","verified","instance","Shared Parameter","7626175","NWB_DimWidth","String","False","1","1"
"20260810_130056","NWB Dim AutoFill","MECHANICAL DUCTWORK LAYOUT - LEVEL 07","model","selection","skip","Both","skip-other-users","13969304","Air Terminals","MHT_AT_S Air Diff Swirl","","LEVEL 07","No Damper 300X300","600x250","600","250","150","NWB_DimHeight","250","250","250","OK","verified","instance","Shared Parameter","7626170","NWB_DimHeight","String","False","1","1"
"20260810_130056","NWB Dim AutoFill","MECHANICAL DUCTWORK LAYOUT - LEVEL 07","model","selection","skip","Both","skip-other-users","13970325","Duct Fittings","MHT-ME-DF-Rectangular Short Radius Bend - Flanged","","LEVEL 07","MHT-ME-DF-Rectangular Short Radius Bend - Flanged","300x300-300x300","300","300","","NWB_DimWidth","300","300","300","OK","verified","instance","Shared Parameter","7626175","NWB_DimWidth","String","False","2","2"
"20260810_130056","NWB Dim AutoFill","MECHANICAL DUCTWORK LAYOUT - LEVEL 07","model","selection","skip","Both","skip-other-users","13970325","Duct Fittings","MHT-ME-DF-Rectangular Short Radius Bend - Flanged","","LEVEL 07","MHT-ME-DF-Rectangular Short Radius Bend - Flanged","300x300-300x300","300","300","","NWB_DimHeight","300","300","300","OK","verified","instance","Shared Parameter","7626170","NWB_DimHeight","String","False","2","2"
"20260810_130056","NWB Dim AutoFill","MECHANICAL DUCTWORK LAYOUT - LEVEL 07","model","selection","skip","Both","skip-other-users","13970333","Duct Fittings","MHT-ME-DF-Rectangular Short Radius Bend - Flanged","","LEVEL 07","MHT-ME-DF-Rectangular Short Radius Bend - Flanged","300x300-300x300","300","300","","NWB_DimWidth","300","300","300","OK","verified","instance","Shared Parameter","7626175","NWB_DimWidth","String","False","2","2"
"20260810_130056","NWB Dim AutoFill","MECHANICAL DUCTWORK LAYOUT - LEVEL 07","model","selection","skip","Both","skip-other-users","13970333","Duct Fittings","MHT-ME-DF-Rectangular Short Radius Bend - Flanged","","LEVEL 07","MHT-ME-DF-Rectangular Short Radius Bend - Flanged","300x300-300x300","300","300","","NWB_DimHeight","300","300","300","OK","verified","instance","Shared Parameter","7626170","NWB_DimHeight","String","False","2","2"
"20260810_130056","NWB Dim AutoFill","MECHANICAL DUCTWORK LAYOUT - LEVEL 07","model","selection","skip","Both","skip-other-users","13970401","Duct Fittings","MHT-ME-DF-Rectangular Short Radius Bend - Flanged","","LEVEL 07","MHT-ME-DF-Rectangular Short Radius Bend - Flanged","500x350-500x350","500","350","","NWB_DimWidth","500","500","500","OK","verified","instance","Shared Parameter","7626175","NWB_DimWidth","String","False","2","2"
"20260810_130056","NWB Dim AutoFill","MECHANICAL DUCTWORK LAYOUT - LEVEL 07","model","selection","skip","Both","skip-other-users","13970401","Duct Fittings","MHT-ME-DF-Rectangular Short Radius Bend - Flanged","","LEVEL 07","MHT-ME-DF-Rectangular Short Radius Bend - Flanged","500x350-500x350","500","350","","NWB_DimHeight","350","350","350","OK","verified","instance","Shared Parameter","7626170","NWB_DimHeight","String","False","2","2"
"20260810_130056","NWB Dim AutoFill","MECHANICAL DUCTWORK LAYOUT - LEVEL 07","model","selection","skip","Both","skip-other-users","13970802","Duct Fittings","MHT-ME-DF-Rectangular Short Radius Bend - Flanged","","LEVEL 07","MHT-ME-DF-Rectangular Short Radius Bend - Flanged","400x300-400x300","400","300","","NWB_DimWidth","400","400","400","OK","verified","instance","Shared Parameter","7626175","NWB_DimWidth","String","False","2","2"
"20260810_130056","NWB Dim AutoFill","MECHANICAL DUCTWORK LAYOUT - LEVEL 07","model","selection","skip","Both","skip-other-users","13970802","Duct Fittings","MHT-ME-DF-Rectangular Short Radius Bend - Flanged","","LEVEL 07","MHT-ME-DF-Rectangular Short Radius Bend - Flanged","400x300-400x300","400","300","","NWB_DimHeight","300","300","300","OK","verified","instance","Shared Parameter","7626170","NWB_DimHeight","String","False","2","2"
"20260810_130056","NWB Dim AutoFill","MECHANICAL DUCTWORK LAYOUT - LEVEL 07","model","selection","skip","Both","skip-other-users","13970915","Air Terminals","MHT_AT_S Air Diff Swirl","","LEVEL 07","No Damper 300X300","600x300","600","300","200","NWB_DimWidth","600","600","600","OK","verified","instance","Shared Parameter","7626175","NWB_DimWidth","String","False","1","1"
"20260810_130056","NWB Dim AutoFill","MECHANICAL DUCTWORK LAYOUT - LEVEL 07","model","selection","skip","Both","skip-other-users","13970915","Air Terminals","MHT_AT_S Air Diff Swirl","","LEVEL 07","No Damper 300X300","600x300","600","300","200","NWB_DimHeight","300","300","300","OK","verified","instance","Shared Parameter","7626170","NWB_DimHeight","String","False","1","1"
"20260810_130056","NWB Dim AutoFill","MECHANICAL DUCTWORK LAYOUT - LEVEL 07","model","selection","skip","Both","skip-other-users","13971378","Duct Fittings","MHT-ME-DF-Rectangular Short Radius Bend - Flanged","","LEVEL 07","MHT-ME-DF-Rectangular Short Radius Bend - Flanged","250x200-250x200","250","200","","NWB_DimWidth","250","250","250","OK","verified","instance","Shared Parameter","7626175","NWB_DimWidth","String","False","2","2"
"20260810_130056","NWB Dim AutoFill","MECHANICAL DUCTWORK LAYOUT - LEVEL 07","model","selection","skip","Both","skip-other-users","13971378","Duct Fittings","MHT-ME-DF-Rectangular Short Radius Bend - Flanged","","LEVEL 07","MHT-ME-DF-Rectangular Short Radius Bend - Flanged","250x200-250x200","250","200","","NWB_DimHeight","200","200","200","OK","verified","instance","Shared Parameter","7626170","NWB_DimHeight","String","False","2","2"
"20260810_130056","NWB Dim AutoFill","MECHANICAL DUCTWORK LAYOUT - LEVEL 07","model","selection","skip","Both","skip-other-users","13971387","Duct Fittings","MHT-ME-DF-Rectangular Short Radius Bend - Flanged","","LEVEL 07","MHT-ME-DF-Rectangular Short Radius Bend - Flanged","250x200-250x200","250","200","","NWB_DimWidth","250","250","250","OK","verified","instance","Shared Parameter","7626175","NWB_DimWidth","String","False","2","2"
"20260810_130056","NWB Dim AutoFill","MECHANICAL DUCTWORK LAYOUT - LEVEL 07","model","selection","skip","Both","skip-other-users","13971387","Duct Fittings","MHT-ME-DF-Rectangular Short Radius Bend - Flanged","","LEVEL 07","MHT-ME-DF-Rectangular Short Radius Bend - Flanged","250x200-250x200","250","200","","NWB_DimHeight","200","200","200","OK","verified","instance","Shared Parameter","7626170","NWB_DimHeight","String","False","2","2"
"20260810_130056","NWB Dim AutoFill","MECHANICAL DUCTWORK LAYOUT - LEVEL 07","model","selection","skip","Both","skip-other-users","13971477","Duct Fittings","MHT-ME-DF-Rectangular Short Radius Bend - Flanged","","LEVEL 07","MHT-ME-DF-Rectangular Short Radius Bend - Flanged","600x350-600x350","600","350","","NWB_DimWidth","600","600","600","OK","verified","instance","Shared Parameter","7626175","NWB_DimWidth","String","False","2","2"
"20260810_130056","NWB Dim AutoFill","MECHANICAL DUCTWORK LAYOUT - LEVEL 07","model","selection","skip","Both","skip-other-users","13971477","Duct Fittings","MHT-ME-DF-Rectangular Short Radius Bend - Flanged","","LEVEL 07","MHT-ME-DF-Rectangular Short Radius Bend - Flanged","600x350-600x350","600","350","","NWB_DimHeight","350","350","350","OK","verified","instance","Shared Parameter","7626170","NWB_DimHeight","String","False","2","2"
"20260810_130056","NWB Dim AutoFill","MECHANICAL DUCTWORK LAYOUT - LEVEL 07","model","selection","skip","Both","skip-other-users","13971539","Duct Fittings","MHT-ME-DF-Rectangular Short Radius Bend - Flanged","","LEVEL 07","MHT-ME-DF-Rectangular Short Radius Bend - Flanged","600x350-600x350","600","350","","NWB_DimWidth","600","600","600","OK","verified","instance","Shared Parameter","7626175","NWB_DimWidth","String","False","2","2"
"20260810_130056","NWB Dim AutoFill","MECHANICAL DUCTWORK LAYOUT - LEVEL 07","model","selection","skip","Both","skip-other-users","13971539","Duct Fittings","MHT-ME-DF-Rectangular Short Radius Bend - Flanged","","LEVEL 07","MHT-ME-DF-Rectangular Short Radius Bend - Flanged","600x350-600x350","600","350","","NWB_DimHeight","350","350","350","OK","verified","instance","Shared Parameter","7626170","NWB_DimHeight","String","False","2","2"
"20260810_130056","NWB Dim AutoFill","MECHANICAL DUCTWORK LAYOUT - LEVEL 07","model","selection","skip","Both","skip-other-users","13971800","Air Terminals","MHT_AT_S Air Diff Swirl","","LEVEL 07","No Damper 300X300","600x350","600","350","250","NWB_DimWidth","600","600","600","OK","verified","instance","Shared Parameter","7626175","NWB_DimWidth","String","False","1","1"
"20260810_130056","NWB Dim AutoFill","MECHANICAL DUCTWORK LAYOUT - LEVEL 07","model","selection","skip","Both","skip-other-users","13971800","Air Terminals","MHT_AT_S Air Diff Swirl","","LEVEL 07","No Damper 300X300","600x350","600","350","250","NWB_DimHeight","350","350","350","OK","verified","instance","Shared Parameter","7626170","NWB_DimHeight","String","False","1","1"
"20260810_130056","NWB Dim AutoFill","MECHANICAL DUCTWORK LAYOUT - LEVEL 07","model","selection","skip","Both","skip-other-users","13971877","Air Terminals","MHT_AT_S Air Diff Swirl","","LEVEL 07","No Damper 300X300","600x350","600","350","250","NWB_DimWidth","600","600","600","OK","verified","instance","Shared Parameter","7626175","NWB_DimWidth","String","False","1","1"
"20260810_130056","NWB Dim AutoFill","MECHANICAL DUCTWORK LAYOUT - LEVEL 07","model","selection","skip","Both","skip-other-users","13971877","Air Terminals","MHT_AT_S Air Diff Swirl","","LEVEL 07","No Damper 300X300","600x350","600","350","250","NWB_DimHeight","350","350","350","OK","verified","instance","Shared Parameter","7626170","NWB_DimHeight","String","False","1","1"
"20260810_130056","NWB Dim AutoFill","MECHANICAL DUCTWORK LAYOUT - LEVEL 07","model","selection","skip","Both","skip-other-users","13971900","Air Terminals","MHT_AT_S Air Diff Swirl","","LEVEL 07","No Damper 300X300","600x350","600","350","250","NWB_DimWidth","600","600","600","OK","verified","instance","Shared Parameter","7626175","NWB_DimWidth","String","False","1","1"
"20260810_130056","NWB Dim AutoFill","MECHANICAL DUCTWORK LAYOUT - LEVEL 07","model","selection","skip","Both","skip-other-users","13971900","Air Terminals","MHT_AT_S Air Diff Swirl","","LEVEL 07","No Damper 300X300","600x350","600","350","250","NWB_DimHeight","350","350","350","OK","verified","instance","Shared Parameter","7626170","NWB_DimHeight","String","False","1","1"
"20260810_130056","NWB Dim AutoFill","MECHANICAL DUCTWORK LAYOUT - LEVEL 07","model","selection","skip","Both","skip-other-users","13971924","Air Terminals","MHT_AT_S Air Diff Swirl","","LEVEL 07","No Damper 300X300","600x350","600","350","250","NWB_DimWidth","600","600","600","OK","verified","instance","Shared Parameter","7626175","NWB_DimWidth","String","False","1","1"
"20260810_130056","NWB Dim AutoFill","MECHANICAL DUCTWORK LAYOUT - LEVEL 07","model","selection","skip","Both","skip-other-users","13971924","Air Terminals","MHT_AT_S Air Diff Swirl","","LEVEL 07","No Damper 300X300","600x350","600","350","250","NWB_DimHeight","350","350","350","OK","verified","instance","Shared Parameter","7626170","NWB_DimHeight","String","False","1","1"
"20260810_130056","NWB Dim AutoFill","MECHANICAL DUCTWORK LAYOUT - LEVEL 07","model","selection","skip","Both","skip-other-users","13971955","Air Terminals","MHT_AT_S Air Diff Swirl","","LEVEL 07","No Damper 300X300","600x350","600","350","250","NWB_DimWidth","600","600","600","OK","verified","instance","Shared Parameter","7626175","NWB_DimWidth","String","False","1","1"
"20260810_130056","NWB Dim AutoFill","MECHANICAL DUCTWORK LAYOUT - LEVEL 07","model","selection","skip","Both","skip-other-users","13971955","Air Terminals","MHT_AT_S Air Diff Swirl","","LEVEL 07","No Damper 300X300","600x350","600","350","250","NWB_DimHeight","350","350","350","OK","verified","instance","Shared Parameter","7626170","NWB_DimHeight","String","False","1","1"
"20260810_130056","NWB Dim AutoFill","MECHANICAL DUCTWORK LAYOUT - LEVEL 07","model","selection","skip","Both","skip-other-users","13972032","Air Terminals","MHT_AT_S Air Diff Swirl","","LEVEL 07","No Damper 300X300","600x350","600","350","250","NWB_DimWidth","600","600","600","OK","verified","instance","Shared Parameter","7626175","NWB_DimWidth","String","False","1","1"
"20260810_130056","NWB Dim AutoFill","MECHANICAL DUCTWORK LAYOUT - LEVEL 07","model","selection","skip","Both","skip-other-users","13972032","Air Terminals","MHT_AT_S Air Diff Swirl","","LEVEL 07","No Damper 300X300","600x350","600","350","250","NWB_DimHeight","350","350","350","OK","verified","instance","Shared Parameter","7626170","NWB_DimHeight","String","False","1","1"
"20260810_130056","NWB Dim AutoFill","MECHANICAL DUCTWORK LAYOUT - LEVEL 07","model","selection","skip","Both","skip-other-users","13972041","Air Terminals","MHT_AT_S Air Diff Swirl","","LEVEL 07","No Damper 300X300","600x350","600","350","250","NWB_DimWidth","600","600","600","OK","verified","instance","Shared Parameter","7626175","NWB_DimWidth","String","False","1","1"
"20260810_130056","NWB Dim AutoFill","MECHANICAL DUCTWORK LAYOUT - LEVEL 07","model","selection","skip","Both","skip-other-users","13972041","Air Terminals","MHT_AT_S Air Diff Swirl","","LEVEL 07","No Damper 300X300","600x350","600","350","250","NWB_DimHeight","350","350","350","OK","verified","instance","Shared Parameter","7626170","NWB_DimHeight","String","False","1","1"
"20260810_130056","NWB Dim AutoFill","MECHANICAL DUCTWORK LAYOUT - LEVEL 07","model","selection","skip","Both","skip-other-users","13972052","Air Terminals","MHT_AT_S Air Diff Swirl","","LEVEL 07","No Damper 300X300","600x350","600","350","250","NWB_DimWidth","600","600","600","OK","verified","instance","Shared Parameter","7626175","NWB_DimWidth","String","False","1","1"
"20260810_130056","NWB Dim AutoFill","MECHANICAL DUCTWORK LAYOUT - LEVEL 07","model","selection","skip","Both","skip-other-users","13972052","Air Terminals","MHT_AT_S Air Diff Swirl","","LEVEL 07","No Damper 300X300","600x350","600","350","250","NWB_DimHeight","350","350","350","OK","verified","instance","Shared Parameter","7626170","NWB_DimHeight","String","False","1","1"
"20260810_130056","NWB Dim AutoFill","MECHANICAL DUCTWORK LAYOUT - LEVEL 07","model","selection","skip","Both","skip-other-users","13972061","Air Terminals","MHT_AT_S Air Diff Swirl","","LEVEL 07","No Damper 300X300","600x300","600","300","200","NWB_DimWidth","600","600","600","OK","verified","instance","Shared Parameter","7626175","NWB_DimWidth","String","False","1","1"
"20260810_130056","NWB Dim AutoFill","MECHANICAL DUCTWORK LAYOUT - LEVEL 07","model","selection","skip","Both","skip-other-users","13972061","Air Terminals","MHT_AT_S Air Diff Swirl","","LEVEL 07","No Damper 300X300","600x300","600","300","200","NWB_DimHeight","300","300","300","OK","verified","instance","Shared Parameter","7626170","NWB_DimHeight","String","False","1","1"
"20260810_130056","NWB Dim AutoFill","MECHANICAL DUCTWORK LAYOUT - LEVEL 07","model","selection","skip","Both","skip-other-users","13972098","Air Terminals","MHT_AT_S Air Diff Swirl","","LEVEL 07","No Damper 300X300","600x350","600","350","250","NWB_DimWidth","600","600","600","OK","verified","instance","Shared Parameter","7626175","NWB_DimWidth","String","False","1","1"
"20260810_130056","NWB Dim AutoFill","MECHANICAL DUCTWORK LAYOUT - LEVEL 07","model","selection","skip","Both","skip-other-users","13972098","Air Terminals","MHT_AT_S Air Diff Swirl","","LEVEL 07","No Damper 300X300","600x350","600","350","250","NWB_DimHeight","350","350","350","OK","verified","instance","Shared Parameter","7626170","NWB_DimHeight","String","False","1","1"
"20260810_130056","NWB Dim AutoFill","MECHANICAL DUCTWORK LAYOUT - LEVEL 07","model","selection","skip","Both","skip-other-users","13972478","Air Terminals","MHT-ME-AT - Supply Air Grille","","","MHT-ME-AT - 1200x600","0x1","0","1","0","NWB_DimDiameter","0","0","0","OK","verified","instance","Shared Parameter","7626172","NWB_DimDiameter","String","False","1","1"
"20260810_130056","NWB Dim AutoFill","MECHANICAL DUCTWORK LAYOUT - LEVEL 07","model","selection","skip","Both","skip-other-users","13973190","Air Terminals","MHT-ME-AT - Supply Air Grille","","","MHT-ME-AT - 1200x600","0x1","0","1","0","NWB_DimDiameter","0","0","0","OK","verified","instance","Shared Parameter","7626172","NWB_DimDiameter","String","False","1","1"
"20260810_130056","NWB Dim AutoFill","MECHANICAL DUCTWORK LAYOUT - LEVEL 07","model","selection","skip","Both","skip-other-users","13973737","Duct Fittings","MHT-ME-DF-Rectangular Eccentric Taper - Flanged-01","","LEVEL 07","Standard","500x350-200x250","500","350","","NWB_DimWidth","500","500","500","OK","verified","instance","Shared Parameter","7626175","NWB_DimWidth","String","False","2","2"
"20260810_130056","NWB Dim AutoFill","MECHANICAL DUCTWORK LAYOUT - LEVEL 07","model","selection","skip","Both","skip-other-users","13973737","Duct Fittings","MHT-ME-DF-Rectangular Eccentric Taper - Flanged-01","","LEVEL 07","Standard","500x350-200x250","500","350","","NWB_DimHeight","350","350","350","OK","verified","instance","Shared Parameter","7626170","NWB_DimHeight","String","False","2","2"
"20260810_130056","NWB Dim AutoFill","MECHANICAL DUCTWORK LAYOUT - LEVEL 07","model","selection","skip","Both","skip-other-users","13987400","Duct Fittings","MHT_DF_Spigot","","LEVEL 07","Damper","250ø-250ø","","","250","NWB_DimDiameter","250","250","250","OK","verified","instance","Shared Parameter","7626172","NWB_DimDiameter","String","False","1","1"
"20260810_130056","NWB Dim AutoFill","MECHANICAL DUCTWORK LAYOUT - LEVEL 07","model","selection","skip","Both","skip-other-users","13987616","Air Terminals","MHT-ME-AT - Supply Air Grille","","","MHT-ME-AT - 1200x600","0x1","0","1","0","NWB_DimDiameter","0","0","0","OK","verified","instance","Shared Parameter","7626172","NWB_DimDiameter","String","False","1","1"
"20260810_130056","NWB Dim AutoFill","MECHANICAL DUCTWORK LAYOUT - LEVEL 07","model","selection","skip","Both","skip-other-users","13987618","Duct Fittings","MHT-ME-DF-Rectangular Union-01","","LEVEL 07","Standard","1200x600-1200x600","1200","600","","NWB_DimWidth","1200","1200","1200","OK","verified","instance","Shared Parameter","7626175","NWB_DimWidth","String","False","2","2"
"20260810_130056","NWB Dim AutoFill","MECHANICAL DUCTWORK LAYOUT - LEVEL 07","model","selection","skip","Both","skip-other-users","13987618","Duct Fittings","MHT-ME-DF-Rectangular Union-01","","LEVEL 07","Standard","1200x600-1200x600","1200","600","","NWB_DimWidth","1200","1200","1200","OK","verified","instance","Shared Parameter","3045165","NWB_DimWidth","Double","False","2","2"
"20260810_130056","NWB Dim AutoFill","MECHANICAL DUCTWORK LAYOUT - LEVEL 07","model","selection","skip","Both","skip-other-users","13987618","Duct Fittings","MHT-ME-DF-Rectangular Union-01","","LEVEL 07","Standard","1200x600-1200x600","1200","600","","NWB_DimHeight","600","600","600","OK","verified","instance","Shared Parameter","7626170","NWB_DimHeight","String","False","2","2"
"20260810_130056","NWB Dim AutoFill","MECHANICAL DUCTWORK LAYOUT - LEVEL 07","model","selection","skip","Both","skip-other-users","13987618","Duct Fittings","MHT-ME-DF-Rectangular Union-01","","LEVEL 07","Standard","1200x600-1200x600","1200","600","","NWB_DimHeight","600","600","600","OK","verified","instance","Shared Parameter","3045163","NWB_DimHeight","Double","False","2","2"
"20260810_130056","NWB Dim AutoFill","MECHANICAL DUCTWORK LAYOUT - LEVEL 07","model","selection","skip","Both","skip-other-users","13987928","Duct Fittings","MHT_DF_Spigot","","LEVEL 07","Damper","250ø-250ø","","","250","NWB_DimDiameter","250","250","250","OK","verified","instance","Shared Parameter","7626172","NWB_DimDiameter","String","False","1","1"
"20260810_130056","NWB Dim AutoFill","MECHANICAL DUCTWORK LAYOUT - LEVEL 07","model","selection","skip","Both","skip-other-users","13987968","Duct Fittings","MHT_DF_Spigot","","LEVEL 07","Damper","250ø-250ø","","","250","NWB_DimDiameter","250","250","250","OK","verified","instance","Shared Parameter","7626172","NWB_DimDiameter","String","False","1","1"
"20260810_130056","NWB Dim AutoFill","MECHANICAL DUCTWORK LAYOUT - LEVEL 07","model","selection","skip","Both","skip-other-users","13988024","Air Terminals","MHT-ME-AT - Supply Air Grille","","","MHT-ME-AT - 1200x600","0x1","0","1","0","NWB_DimDiameter","0","0","0","OK","verified","instance","Shared Parameter","7626172","NWB_DimDiameter","String","False","1","1"
"20260810_130056","NWB Dim AutoFill","MECHANICAL DUCTWORK LAYOUT - LEVEL 07","model","selection","skip","Both","skip-other-users","13988026","Duct Fittings","MHT-ME-DF-Rectangular Union-01","","LEVEL 07","Standard","1200x600-1200x600","1200","600","","NWB_DimWidth","1200","1200","1200","OK","verified","instance","Shared Parameter","7626175","NWB_DimWidth","String","False","2","2"
"20260810_130056","NWB Dim AutoFill","MECHANICAL DUCTWORK LAYOUT - LEVEL 07","model","selection","skip","Both","skip-other-users","13988026","Duct Fittings","MHT-ME-DF-Rectangular Union-01","","LEVEL 07","Standard","1200x600-1200x600","1200","600","","NWB_DimWidth","1200","1200","1200","OK","verified","instance","Shared Parameter","3045165","NWB_DimWidth","Double","False","2","2"
"20260810_130056","NWB Dim AutoFill","MECHANICAL DUCTWORK LAYOUT - LEVEL 07","model","selection","skip","Both","skip-other-users","13988026","Duct Fittings","MHT-ME-DF-Rectangular Union-01","","LEVEL 07","Standard","1200x600-1200x600","1200","600","","NWB_DimHeight","600","600","600","OK","verified","instance","Shared Parameter","7626170","NWB_DimHeight","String","False","2","2"
"20260810_130056","NWB Dim AutoFill","MECHANICAL DUCTWORK LAYOUT - LEVEL 07","model","selection","skip","Both","skip-other-users","13988026","Duct Fittings","MHT-ME-DF-Rectangular Union-01","","LEVEL 07","Standard","1200x600-1200x600","1200","600","","NWB_DimHeight","600","600","600","OK","verified","instance","Shared Parameter","3045163","NWB_DimHeight","Double","False","2","2"
"20260810_130056","NWB Dim AutoFill","MECHANICAL DUCTWORK LAYOUT - LEVEL 07","model","selection","skip","Both","skip-other-users","13988134","Air Terminals","MHT-ME-AT - Supply Air Grille","","","MHT-ME-AT - 1200x600","0x1","0","1","0","NWB_DimDiameter","0","0","0","OK","verified","instance","Shared Parameter","7626172","NWB_DimDiameter","String","False","1","1"
"20260810_130056","NWB Dim AutoFill","MECHANICAL DUCTWORK LAYOUT - LEVEL 07","model","selection","skip","Both","skip-other-users","13988136","Duct Fittings","MHT-ME-DF-Rectangular Union-01","","LEVEL 07","Standard","1200x600-1200x600","1200","600","","NWB_DimWidth","1200","1200","1200","OK","verified","instance","Shared Parameter","7626175","NWB_DimWidth","String","False","2","2"
"20260810_130056","NWB Dim AutoFill","MECHANICAL DUCTWORK LAYOUT - LEVEL 07","model","selection","skip","Both","skip-other-users","13988136","Duct Fittings","MHT-ME-DF-Rectangular Union-01","","LEVEL 07","Standard","1200x600-1200x600","1200","600","","NWB_DimHeight","600","600","600","OK","verified","instance","Shared Parameter","7626170","NWB_DimHeight","String","False","2","2"
"20260810_130056","NWB Dim AutoFill","MECHANICAL DUCTWORK LAYOUT - LEVEL 07","model","selection","skip","Both","skip-other-users","13988580","Duct Fittings","MHT_DF_Spigot","","LEVEL 07","Damper","450ø-450ø","","","450","NWB_DimDiameter","450","450","450","OK","verified","instance","Shared Parameter","7626172","NWB_DimDiameter","String","False","1","1"
"20260810_130056","NWB Dim AutoFill","MECHANICAL DUCTWORK LAYOUT - LEVEL 07","model","selection","skip","Both","skip-other-users","13988591","Duct Fittings","MHT_DF_Spigot","","LEVEL 07","Damper","450ø-450ø","","","450","NWB_DimDiameter","450","450","450","OK","verified","instance","Shared Parameter","7626172","NWB_DimDiameter","String","False","1","1"
"20260810_130056","NWB Dim AutoFill","MECHANICAL DUCTWORK LAYOUT - LEVEL 07","model","selection","skip","Both","skip-other-users","13988918","Duct Fittings","MHT_DF_Spigot","","LEVEL 07","Damper","450ø-450ø","","","450","NWB_DimDiameter","450","450","450","OK","verified","instance","Shared Parameter","7626172","NWB_DimDiameter","String","False","1","1"
"20260810_130056","NWB Dim AutoFill","MECHANICAL DUCTWORK LAYOUT - LEVEL 07","model","selection","skip","Both","skip-other-users","13989075","Duct Fittings","MHT_DF_Spigot","","LEVEL 07","Damper","200ø-200ø","","","200","NWB_DimDiameter","200","200","200","OK","verified","instance","Shared Parameter","7626172","NWB_DimDiameter","String","False","1","1"
"20260810_130056","NWB Dim AutoFill","MECHANICAL DUCTWORK LAYOUT - LEVEL 07","model","selection","skip","Both","skip-other-users","13989541","Duct Fittings","MHT_DF_Spigot","","LEVEL 07","Damper","250ø-250ø","","","250","NWB_DimDiameter","250","250","250","OK","verified","instance","Shared Parameter","7626172","NWB_DimDiameter","String","False","1","1"
"20260810_130056","NWB Dim AutoFill","MECHANICAL DUCTWORK LAYOUT - LEVEL 07","model","selection","skip","Both","skip-other-users","13992040","Duct Fittings","MHT_DF_Spigot","","LEVEL 07","Damper","200ø-200ø","","","200","NWB_DimDiameter","200","200","200","OK","verified","instance","Shared Parameter","7626172","NWB_DimDiameter","String","False","1","1"
"20260810_130056","NWB Dim AutoFill","MECHANICAL DUCTWORK LAYOUT - LEVEL 07","model","selection","skip","Both","skip-other-users","13992099","Duct Fittings","MHT_DF_Spigot","","LEVEL 07","Damper","250ø-250ø","","","250","NWB_DimDiameter","250","250","250","OK","verified","instance","Shared Parameter","7626172","NWB_DimDiameter","String","False","1","1"
"20260810_130056","NWB Dim AutoFill","MECHANICAL DUCTWORK LAYOUT - LEVEL 07","model","selection","skip","Both","skip-other-users","13992764","Duct Fittings","MHT-ME-DF-Rectangular Short Radius Bend - Flanged","","LEVEL 07","MHT-ME-DF-Rectangular Short Radius Bend - Flanged","500x350-500x350","500","350","","NWB_DimWidth","500","500","500","OK","verified","instance","Shared Parameter","7626175","NWB_DimWidth","String","False","2","2"
"20260810_130056","NWB Dim AutoFill","MECHANICAL DUCTWORK LAYOUT - LEVEL 07","model","selection","skip","Both","skip-other-users","13992764","Duct Fittings","MHT-ME-DF-Rectangular Short Radius Bend - Flanged","","LEVEL 07","MHT-ME-DF-Rectangular Short Radius Bend - Flanged","500x350-500x350","500","350","","NWB_DimWidth","500","500","500","OK","verified","instance","Shared Parameter","3045165","NWB_DimWidth","Double","False","2","2"
"20260810_130056","NWB Dim AutoFill","MECHANICAL DUCTWORK LAYOUT - LEVEL 07","model","selection","skip","Both","skip-other-users","13992764","Duct Fittings","MHT-ME-DF-Rectangular Short Radius Bend - Flanged","","LEVEL 07","MHT-ME-DF-Rectangular Short Radius Bend - Flanged","500x350-500x350","500","350","","NWB_DimHeight","350","350","350","OK","verified","instance","Shared Parameter","7626170","NWB_DimHeight","String","False","2","2"
"20260810_130056","NWB Dim AutoFill","MECHANICAL DUCTWORK LAYOUT - LEVEL 07","model","selection","skip","Both","skip-other-users","13992764","Duct Fittings","MHT-ME-DF-Rectangular Short Radius Bend - Flanged","","LEVEL 07","MHT-ME-DF-Rectangular Short Radius Bend - Flanged","500x350-500x350","500","350","","NWB_DimHeight","350","350","350","OK","verified","instance","Shared Parameter","3045163","NWB_DimHeight","Double","False","2","2"
"20260810_130056","NWB Dim AutoFill","MECHANICAL DUCTWORK LAYOUT - LEVEL 07","model","selection","skip","Both","skip-other-users","13994316","Air Terminals","MHT_AT_S Air Diff Swirl","","LEVEL 07","No Damper 300X300","600x350","600","350","250","NWB_DimWidth","600","600","600","OK","verified","instance","Shared Parameter","7626175","NWB_DimWidth","String","False","1","1"
"20260810_130056","NWB Dim AutoFill","MECHANICAL DUCTWORK LAYOUT - LEVEL 07","model","selection","skip","Both","skip-other-users","13994316","Air Terminals","MHT_AT_S Air Diff Swirl","","LEVEL 07","No Damper 300X300","600x350","600","350","250","NWB_DimHeight","350","350","350","OK","verified","instance","Shared Parameter","7626170","NWB_DimHeight","String","False","1","1"
"20260810_130056","NWB Dim AutoFill","MECHANICAL DUCTWORK LAYOUT - LEVEL 07","model","selection","skip","Both","skip-other-users","13995747","Duct Fittings","MHT_DF_Spigot","","LEVEL 07","Damper","250ø-250ø","","","250","NWB_DimDiameter","250","250","250","OK","verified","instance","Shared Parameter","7626172","NWB_DimDiameter","String","False","1","1"
"20260810_130056","NWB Dim AutoFill","MECHANICAL DUCTWORK LAYOUT - LEVEL 07","model","selection","skip","Both","skip-other-users","13996024","Duct Fittings","MHT-ME-DF-Rectangular Eccentric Taper - Flanged-01","","LEVEL 07","Standard","400x300-200x300","400","300","","NWB_DimWidth","400","400","400","OK","verified","instance","Shared Parameter","7626175","NWB_DimWidth","String","False","2","2"
"20260810_130056","NWB Dim AutoFill","MECHANICAL DUCTWORK LAYOUT - LEVEL 07","model","selection","skip","Both","skip-other-users","13996024","Duct Fittings","MHT-ME-DF-Rectangular Eccentric Taper - Flanged-01","","LEVEL 07","Standard","400x300-200x300","400","300","","NWB_DimHeight","300","300","300","OK","verified","instance","Shared Parameter","7626170","NWB_DimHeight","String","False","2","2"
"20260810_130056","NWB Dim AutoFill","MECHANICAL DUCTWORK LAYOUT - LEVEL 07","model","selection","skip","Both","skip-other-users","13996613","Duct Fittings","M_Round Duct Elbow","","LEVEL 07","M_1 D","500ø-500ø","","","500","NWB_DimDiameter","500","500","500","OK","verified","instance","Shared Parameter","7626172","NWB_DimDiameter","String","False","1","1"
"20260810_130056","NWB Dim AutoFill","MECHANICAL DUCTWORK LAYOUT - LEVEL 07","model","selection","skip","Both","skip-other-users","13997491","Duct Fittings","MHT-ME-DF-Rectangular Short Radius Bend - Flanged","","LEVEL 07","MHT-ME-DF-Rectangular Short Radius Bend - Flanged","800x450-800x450","800","450","","NWB_DimWidth","800","800","800","OK","verified","instance","Shared Parameter","7626175","NWB_DimWidth","String","False","2","2"
"20260810_130056","NWB Dim AutoFill","MECHANICAL DUCTWORK LAYOUT - LEVEL 07","model","selection","skip","Both","skip-other-users","13997491","Duct Fittings","MHT-ME-DF-Rectangular Short Radius Bend - Flanged","","LEVEL 07","MHT-ME-DF-Rectangular Short Radius Bend - Flanged","800x450-800x450","800","450","","NWB_DimWidth","800","800","800","OK","verified","instance","Shared Parameter","3045165","NWB_DimWidth","Double","False","2","2"
"20260810_130056","NWB Dim AutoFill","MECHANICAL DUCTWORK LAYOUT - LEVEL 07","model","selection","skip","Both","skip-other-users","13997491","Duct Fittings","MHT-ME-DF-Rectangular Short Radius Bend - Flanged","","LEVEL 07","MHT-ME-DF-Rectangular Short Radius Bend - Flanged","800x450-800x450","800","450","","NWB_DimHeight","450","450","450","OK","verified","instance","Shared Parameter","7626170","NWB_DimHeight","String","False","2","2"
"20260810_130056","NWB Dim AutoFill","MECHANICAL DUCTWORK LAYOUT - LEVEL 07","model","selection","skip","Both","skip-other-users","13997491","Duct Fittings","MHT-ME-DF-Rectangular Short Radius Bend - Flanged","","LEVEL 07","MHT-ME-DF-Rectangular Short Radius Bend - Flanged","800x450-800x450","800","450","","NWB_DimHeight","450","450","450","OK","verified","instance","Shared Parameter","3045163","NWB_DimHeight","Double","False","2","2"
"20260810_130056","NWB Dim AutoFill","MECHANICAL DUCTWORK LAYOUT - LEVEL 07","model","selection","skip","Both","skip-other-users","13997497","Duct Fittings","MHT-ME-DF-Rectangular Short Radius Bend - Flanged","","LEVEL 07","MHT-ME-DF-Rectangular Short Radius Bend - Flanged","800x450-800x450","800","450","","NWB_DimWidth","800","800","800","OK","verified","instance","Shared Parameter","7626175","NWB_DimWidth","String","False","2","2"
"20260810_130056","NWB Dim AutoFill","MECHANICAL DUCTWORK LAYOUT - LEVEL 07","model","selection","skip","Both","skip-other-users","13997497","Duct Fittings","MHT-ME-DF-Rectangular Short Radius Bend - Flanged","","LEVEL 07","MHT-ME-DF-Rectangular Short Radius Bend - Flanged","800x450-800x450","800","450","","NWB_DimHeight","450","450","450","OK","verified","instance","Shared Parameter","7626170","NWB_DimHeight","String","False","2","2"
"20260810_130056","NWB Dim AutoFill","MECHANICAL DUCTWORK LAYOUT - LEVEL 07","model","selection","skip","Both","skip-other-users","13997500","Duct Fittings","MHT-ME-DF-Rectangular Eccentric Taper - Flanged-01","","LEVEL 07","Standard","800x450-800x450","800","450","","NWB_DimWidth","800","800","800","OK","verified","instance","Shared Parameter","7626175","NWB_DimWidth","String","False","2","2"
"20260810_130056","NWB Dim AutoFill","MECHANICAL DUCTWORK LAYOUT - LEVEL 07","model","selection","skip","Both","skip-other-users","13997500","Duct Fittings","MHT-ME-DF-Rectangular Eccentric Taper - Flanged-01","","LEVEL 07","Standard","800x450-800x450","800","450","","NWB_DimHeight","450","450","450","OK","verified","instance","Shared Parameter","7626170","NWB_DimHeight","String","False","2","2"
"20260810_130056","NWB Dim AutoFill","MECHANICAL DUCTWORK LAYOUT - LEVEL 07","model","selection","skip","Both","skip-other-users","14563826","Air Terminals","MHT-ME-AT - Supply Air Grille","","","MHT-ME-AT - 1200x600","0x1","0","1","0","NWB_DimDiameter","0","0","0","OK","verified","instance","Shared Parameter","7626172","NWB_DimDiameter","String","False","1","1"
"20260810_130056","NWB Dim AutoFill","MECHANICAL DUCTWORK LAYOUT - LEVEL 07","model","selection","skip","Both","skip-other-users","14681967","Air Terminals","MHT_AT_RA ECG cw plenum","","LEVEL 07","Damper","250x250","250","250","250","NWB_DimWidth","250","250","250","OK","verified","instance","Shared Parameter","7626175","NWB_DimWidth","String","False","1","1"
"20260810_130056","NWB Dim AutoFill","MECHANICAL DUCTWORK LAYOUT - LEVEL 07","model","selection","skip","Both","skip-other-users","14681967","Air Terminals","MHT_AT_RA ECG cw plenum","","LEVEL 07","Damper","250x250","250","250","250","NWB_DimHeight","250","250","250","OK","verified","instance","Shared Parameter","7626170","NWB_DimHeight","String","False","1","1"
"20260810_130056","NWB Dim AutoFill","MECHANICAL DUCTWORK LAYOUT - LEVEL 07","model","selection","skip","Both","skip-other-users","14682128","Air Terminals","MHT_AT_RA ECG cw plenum","","LEVEL 07","Damper","250x250","250","250","250","NWB_DimWidth","250","250","250","OK","verified","instance","Shared Parameter","7626175","NWB_DimWidth","String","False","1","1"
"20260810_130056","NWB Dim AutoFill","MECHANICAL DUCTWORK LAYOUT - LEVEL 07","model","selection","skip","Both","skip-other-users","14682128","Air Terminals","MHT_AT_RA ECG cw plenum","","LEVEL 07","Damper","250x250","250","250","250","NWB_DimHeight","250","250","250","OK","verified","instance","Shared Parameter","7626170","NWB_DimHeight","String","False","1","1"
"20260810_130056","NWB Dim AutoFill","MECHANICAL DUCTWORK LAYOUT - LEVEL 07","model","selection","skip","Both","skip-other-users","14682263","Air Terminals","MHT_AT_RA ECG cw plenum","","LEVEL 07","Damper","200x200","200","200","200","NWB_DimWidth","200","200","200","OK","verified","instance","Shared Parameter","7626175","NWB_DimWidth","String","False","1","1"
"20260810_130056","NWB Dim AutoFill","MECHANICAL DUCTWORK LAYOUT - LEVEL 07","model","selection","skip","Both","skip-other-users","14682263","Air Terminals","MHT_AT_RA ECG cw plenum","","LEVEL 07","Damper","200x200","200","200","200","NWB_DimHeight","200","200","200","OK","verified","instance","Shared Parameter","7626170","NWB_DimHeight","String","False","1","1"
"20260810_130056","NWB Dim AutoFill","MECHANICAL DUCTWORK LAYOUT - LEVEL 07","model","selection","skip","Both","skip-other-users","14682288","Air Terminals","MHT_AT_RA ECG cw plenum","","LEVEL 07","Damper","250x250","250","250","250","NWB_DimWidth","250","250","250","OK","verified","instance","Shared Parameter","7626175","NWB_DimWidth","String","False","1","1"
"20260810_130056","NWB Dim AutoFill","MECHANICAL DUCTWORK LAYOUT - LEVEL 07","model","selection","skip","Both","skip-other-users","14682288","Air Terminals","MHT_AT_RA ECG cw plenum","","LEVEL 07","Damper","250x250","250","250","250","NWB_DimHeight","250","250","250","OK","verified","instance","Shared Parameter","7626170","NWB_DimHeight","String","False","1","1"
"20260810_130056","NWB Dim AutoFill","MECHANICAL DUCTWORK LAYOUT - LEVEL 07","model","selection","skip","Both","skip-other-users","14682415","Air Terminals","MHT_AT_RA ECG cw plenum","","LEVEL 07","Damper","250x250","250","250","250","NWB_DimWidth","250","250","250","OK","verified","instance","Shared Parameter","7626175","NWB_DimWidth","String","False","1","1"
"20260810_130056","NWB Dim AutoFill","MECHANICAL DUCTWORK LAYOUT - LEVEL 07","model","selection","skip","Both","skip-other-users","14682415","Air Terminals","MHT_AT_RA ECG cw plenum","","LEVEL 07","Damper","250x250","250","250","250","NWB_DimHeight","250","250","250","OK","verified","instance","Shared Parameter","7626170","NWB_DimHeight","String","False","1","1"
"20260810_130056","NWB Dim AutoFill","MECHANICAL DUCTWORK LAYOUT - LEVEL 07","model","selection","skip","Both","skip-other-users","14682472","Air Terminals","MHT_AT_RA ECG cw plenum","","LEVEL 07","Damper","200x200","200","200","150","NWB_DimWidth","200","200","200","OK","verified","instance","Shared Parameter","7626175","NWB_DimWidth","String","False","1","1"
"20260810_130056","NWB Dim AutoFill","MECHANICAL DUCTWORK LAYOUT - LEVEL 07","model","selection","skip","Both","skip-other-users","14682472","Air Terminals","MHT_AT_RA ECG cw plenum","","LEVEL 07","Damper","200x200","200","200","150","NWB_DimHeight","200","200","200","OK","verified","instance","Shared Parameter","7626170","NWB_DimHeight","String","False","1","1"
"20260810_130056","NWB Dim AutoFill","MECHANICAL DUCTWORK LAYOUT - LEVEL 07","model","selection","skip","Both","skip-other-users","14683034","Air Terminals","MHT_AT_RA ECG cw plenum","","LEVEL 07","Damper","200x200","200","200","200","NWB_DimWidth","200","200","200","OK","verified","instance","Shared Parameter","7626175","NWB_DimWidth","String","False","1","1"
"20260810_130056","NWB Dim AutoFill","MECHANICAL DUCTWORK LAYOUT - LEVEL 07","model","selection","skip","Both","skip-other-users","14683034","Air Terminals","MHT_AT_RA ECG cw plenum","","LEVEL 07","Damper","200x200","200","200","200","NWB_DimHeight","200","200","200","OK","verified","instance","Shared Parameter","7626170","NWB_DimHeight","String","False","1","1"
"20260810_130056","NWB Dim AutoFill","MECHANICAL DUCTWORK LAYOUT - LEVEL 07","model","selection","skip","Both","skip-other-users","14683100","Air Terminals","MHT_AT_RA ECG cw plenum","","LEVEL 07","Damper","250x250","250","250","250","NWB_DimWidth","250","250","250","OK","verified","instance","Shared Parameter","7626175","NWB_DimWidth","String","False","1","1"
"20260810_130056","NWB Dim AutoFill","MECHANICAL DUCTWORK LAYOUT - LEVEL 07","model","selection","skip","Both","skip-other-users","14683100","Air Terminals","MHT_AT_RA ECG cw plenum","","LEVEL 07","Damper","250x250","250","250","250","NWB_DimHeight","250","250","250","OK","verified","instance","Shared Parameter","7626170","NWB_DimHeight","String","False","1","1"
"20260810_130056","NWB Dim AutoFill","MECHANICAL DUCTWORK LAYOUT - LEVEL 07","model","selection","skip","Both","skip-other-users","14892489","Duct Fittings","MHT_DF_Spigot","","LEVEL 07","Damper","250ø-250ø","","","250","NWB_DimDiameter","250","250","250","OK","verified","instance","Shared Parameter","7626172","NWB_DimDiameter","String","False","1","1"
"20260810_130056","NWB Dim AutoFill","MECHANICAL DUCTWORK LAYOUT - LEVEL 07","model","selection","skip","Both","skip-other-users","14892520","Air Terminals","MHT_AT_RA ECG cw plenum","","LEVEL 07","Damper","250x250","250","250","250","NWB_DimWidth","250","250","250","OK","verified","instance","Shared Parameter","7626175","NWB_DimWidth","String","False","1","1"
"20260810_130056","NWB Dim AutoFill","MECHANICAL DUCTWORK LAYOUT - LEVEL 07","model","selection","skip","Both","skip-other-users","14892520","Air Terminals","MHT_AT_RA ECG cw plenum","","LEVEL 07","Damper","250x250","250","250","250","NWB_DimHeight","250","250","250","OK","verified","instance","Shared Parameter","7626170","NWB_DimHeight","String","False","1","1"
"20260810_130056","NWB Dim AutoFill","MECHANICAL DUCTWORK LAYOUT - LEVEL 07","model","selection","skip","Both","skip-other-users","14892886","Ducts","Rectangular Duct","","LEVEL 07","Flanged Long Radius Elbows / Shoe Branch","200x200","200","200","","NWB_DimWidth","200","200","200","SKIP","existing-kept","instance","Shared Parameter","7626175","NWB_DimWidth","String","False","1","1"
"20260810_130056","NWB Dim AutoFill","MECHANICAL DUCTWORK LAYOUT - LEVEL 07","model","selection","skip","Both","skip-other-users","14892886","Ducts","Rectangular Duct","","LEVEL 07","Flanged Long Radius Elbows / Shoe Branch","200x200","200","200","","NWB_DimHeight","200","200","200","SKIP","existing-kept","instance","Shared Parameter","7626170","NWB_DimHeight","String","False","1","1"
"20260810_130056","NWB Dim AutoFill","MECHANICAL DUCTWORK LAYOUT - LEVEL 07","model","selection","skip","Both","skip-other-users","14892886","Ducts","Rectangular Duct","","LEVEL 07","Flanged Long Radius Elbows / Shoe Branch","200x200","200","200","","NWB_DimDiameter","","","","SKIP","no parsed value","","","","NWB_DimDiameter","","","",""
"20260810_130056","NWB Dim AutoFill","MECHANICAL DUCTWORK LAYOUT - LEVEL 07","model","selection","skip","Both","skip-other-users","14892887","Ducts","Rectangular Duct","","LEVEL 07","Flanged Long Radius Elbows / Shoe Branch","200x200","200","200","","NWB_DimWidth","200","200","200","SKIP","existing-kept","instance","Shared Parameter","7626175","NWB_DimWidth","String","False","1","1"
"20260810_130056","NWB Dim AutoFill","MECHANICAL DUCTWORK LAYOUT - LEVEL 07","model","selection","skip","Both","skip-other-users","14892887","Ducts","Rectangular Duct","","LEVEL 07","Flanged Long Radius Elbows / Shoe Branch","200x200","200","200","","NWB_DimHeight","200","200","200","SKIP","existing-kept","instance","Shared Parameter","7626170","NWB_DimHeight","String","False","1","1"
"20260810_130056","NWB Dim AutoFill","MECHANICAL DUCTWORK LAYOUT - LEVEL 07","model","selection","skip","Both","skip-other-users","14892887","Ducts","Rectangular Duct","","LEVEL 07","Flanged Long Radius Elbows / Shoe Branch","200x200","200","200","","NWB_DimDiameter","","","","SKIP","no parsed value","","","","NWB_DimDiameter","","","",""
"20260810_130056","NWB Dim AutoFill","MECHANICAL DUCTWORK LAYOUT - LEVEL 07","model","selection","skip","Both","skip-other-users","14892892","Duct Fittings","MHT-ME-DF-Rectangular Short Radius Bend - Flanged","","LEVEL 07","MHT-ME-DF-Rectangular Short Radius Bend - Flanged","200x200-200x200","200","200","","NWB_DimWidth","200","200","200","SKIP","existing-kept","instance","Shared Parameter","3045165","NWB_DimWidth","Double","False","2","2"
"20260810_130056","NWB Dim AutoFill","MECHANICAL DUCTWORK LAYOUT - LEVEL 07","model","selection","skip","Both","skip-other-users","14892892","Duct Fittings","MHT-ME-DF-Rectangular Short Radius Bend - Flanged","","LEVEL 07","MHT-ME-DF-Rectangular Short Radius Bend - Flanged","200x200-200x200","200","200","","NWB_DimHeight","200","200","200","SKIP","existing-kept","instance","Shared Parameter","3045163","NWB_DimHeight","Double","False","2","2"
"20260810_130056","NWB Dim AutoFill","MECHANICAL DUCTWORK LAYOUT - LEVEL 07","model","selection","skip","Both","skip-other-users","14892892","Duct Fittings","MHT-ME-DF-Rectangular Short Radius Bend - Flanged","","LEVEL 07","MHT-ME-DF-Rectangular Short Radius Bend - Flanged","200x200-200x200","200","200","","NWB_DimDiameter","","","","SKIP","no parsed value","","","","NWB_DimDiameter","","","",""
"20260810_130056","NWB Dim AutoFill","MECHANICAL DUCTWORK LAYOUT - LEVEL 07","model","selection","skip","Both","skip-other-users","14893230","Ducts","Rectangular Duct","","LEVEL 07","Flanged Long Radius Elbows / Shoe Branch","150x150","150","150","","NWB_DimWidth","150","150","150","SKIP","existing-kept","instance","Shared Parameter","7626175","NWB_DimWidth","String","False","1","1"
"20260810_130056","NWB Dim AutoFill","MECHANICAL DUCTWORK LAYOUT - LEVEL 07","model","selection","skip","Both","skip-other-users","14893230","Ducts","Rectangular Duct","","LEVEL 07","Flanged Long Radius Elbows / Shoe Branch","150x150","150","150","","NWB_DimHeight","150","150","150","SKIP","existing-kept","instance","Shared Parameter","7626170","NWB_DimHeight","String","False","1","1"
"20260810_130056","NWB Dim AutoFill","MECHANICAL DUCTWORK LAYOUT - LEVEL 07","model","selection","skip","Both","skip-other-users","14893230","Ducts","Rectangular Duct","","LEVEL 07","Flanged Long Radius Elbows / Shoe Branch","150x150","150","150","","NWB_DimDiameter","","","","SKIP","no parsed value","","","","NWB_DimDiameter","","","",""
"20260810_130056","NWB Dim AutoFill","MECHANICAL DUCTWORK LAYOUT - LEVEL 07","model","selection","skip","Both","skip-other-users","14893319","Ducts","Rectangular Duct","","LEVEL 07","Flanged Long Radius Elbows / Shoe Branch","350x300","350","300","","NWB_DimWidth","350","350","350","SKIP","existing-kept","instance","Shared Parameter","7626175","NWB_DimWidth","String","False","1","1"
"20260810_130056","NWB Dim AutoFill","MECHANICAL DUCTWORK LAYOUT - LEVEL 07","model","selection","skip","Both","skip-other-users","14893319","Ducts","Rectangular Duct","","LEVEL 07","Flanged Long Radius Elbows / Shoe Branch","350x300","350","300","","NWB_DimHeight","300","300","300","SKIP","existing-kept","instance","Shared Parameter","7626170","NWB_DimHeight","String","False","1","1"
"20260810_130056","NWB Dim AutoFill","MECHANICAL DUCTWORK LAYOUT - LEVEL 07","model","selection","skip","Both","skip-other-users","14893319","Ducts","Rectangular Duct","","LEVEL 07","Flanged Long Radius Elbows / Shoe Branch","350x300","350","300","","NWB_DimDiameter","","","","SKIP","no parsed value","","","","NWB_DimDiameter","","","",""
"20260810_130056","NWB Dim AutoFill","MECHANICAL DUCTWORK LAYOUT - LEVEL 07","model","selection","skip","Both","skip-other-users","14893604","Air Terminals","MHT_AT_RA ECG cw plenum","","LEVEL 07","Damper","200x200","200","200","150","NWB_DimDiameter","150","150ø","150ø","SKIP","existing-kept","instance","Shared Parameter","7626172","NWB_DimDiameter","String","False","1","1"
"20260810_130056","NWB Dim AutoFill","MECHANICAL DUCTWORK LAYOUT - LEVEL 07","model","selection","skip","Both","skip-other-users","14893622","Duct Fittings","MHT-ME-DF-Square Cap-BMA","","LEVEL 07","Standard","150x150","150","150","","NWB_DimWidth","150","150","150","SKIP","existing-kept","instance","Shared Parameter","7626175","NWB_DimWidth","String","False","1","1"
"20260810_130056","NWB Dim AutoFill","MECHANICAL DUCTWORK LAYOUT - LEVEL 07","model","selection","skip","Both","skip-other-users","14893622","Duct Fittings","MHT-ME-DF-Square Cap-BMA","","LEVEL 07","Standard","150x150","150","150","","NWB_DimHeight","150","150","150","SKIP","existing-kept","instance","Shared Parameter","7626170","NWB_DimHeight","String","False","1","1"
"20260810_130056","NWB Dim AutoFill","MECHANICAL DUCTWORK LAYOUT - LEVEL 07","model","selection","skip","Both","skip-other-users","14893622","Duct Fittings","MHT-ME-DF-Square Cap-BMA","","LEVEL 07","Standard","150x150","150","150","","NWB_DimDiameter","","","","SKIP","no parsed value","","","","NWB_DimDiameter","","","",""
"20260810_130056","NWB Dim AutoFill","MECHANICAL DUCTWORK LAYOUT - LEVEL 07","model","selection","skip","Both","skip-other-users","14893670","Flex Ducts","Flex Duct Round","","LEVEL 07","Flex - Round","150 mmø","","","150","NWB_DimWidth","","","","SKIP","no parsed value","","","","NWB_DimWidth","","","",""
"20260810_130056","NWB Dim AutoFill","MECHANICAL DUCTWORK LAYOUT - LEVEL 07","model","selection","skip","Both","skip-other-users","14893670","Flex Ducts","Flex Duct Round","","LEVEL 07","Flex - Round","150 mmø","","","150","NWB_DimHeight","","","","SKIP","no parsed value","","","","NWB_DimHeight","","","",""
"20260810_130056","NWB Dim AutoFill","MECHANICAL DUCTWORK LAYOUT - LEVEL 07","model","selection","skip","Both","skip-other-users","14893670","Flex Ducts","Flex Duct Round","","LEVEL 07","Flex - Round","150 mmø","","","150","NWB_DimDiameter","150","150","150","SKIP","existing-kept","instance","Shared Parameter","7626172","NWB_DimDiameter","String","False","1","1"
"20260810_130056","NWB Dim AutoFill","MECHANICAL DUCTWORK LAYOUT - LEVEL 07","model","selection","skip","Both","skip-other-users","14932590","Air Terminals","MHT_AT_R Air Diff ECG","","LEVEL 07","200x200","0x1","0","1","0","NWB_DimWidth","0","200","200","SKIP","existing-kept","instance","Shared Parameter","7626175","NWB_DimWidth","String","False","1","1"
"20260810_130056","NWB Dim AutoFill","MECHANICAL DUCTWORK LAYOUT - LEVEL 07","model","selection","skip","Both","skip-other-users","14932590","Air Terminals","MHT_AT_R Air Diff ECG","","LEVEL 07","200x200","0x1","0","1","0","NWB_DimHeight","1","200","200","SKIP","existing-kept","instance","Shared Parameter","7626170","NWB_DimHeight","String","False","1","1"
"20260810_130056","NWB Dim AutoFill","MECHANICAL DUCTWORK LAYOUT - LEVEL 07","model","selection","skip","Both","skip-other-users","14932591","Air Terminals","MHT_AT_R Air Diff ECG","","LEVEL 07","200x200","0x1","0","1","0","NWB_DimWidth","0","200","200","SKIP","existing-kept","instance","Shared Parameter","7626175","NWB_DimWidth","String","False","1","1"
"20260810_130056","NWB Dim AutoFill","MECHANICAL DUCTWORK LAYOUT - LEVEL 07","model","selection","skip","Both","skip-other-users","14932591","Air Terminals","MHT_AT_R Air Diff ECG","","LEVEL 07","200x200","0x1","0","1","0","NWB_DimHeight","1","200","200","SKIP","existing-kept","instance","Shared Parameter","7626170","NWB_DimHeight","String","False","1","1"
"20260810_130056","NWB Dim AutoFill","MECHANICAL DUCTWORK LAYOUT - LEVEL 07","model","selection","skip","Both","skip-other-users","14932592","Flex Ducts","Flex Duct Round","","LEVEL 07","Flex - Round","200 mmø","","","200","NWB_DimWidth","","","","SKIP","no parsed value","","","","NWB_DimWidth","","","",""
"20260810_130056","NWB Dim AutoFill","MECHANICAL DUCTWORK LAYOUT - LEVEL 07","model","selection","skip","Both","skip-other-users","14932592","Flex Ducts","Flex Duct Round","","LEVEL 07","Flex - Round","200 mmø","","","200","NWB_DimHeight","","","","SKIP","no parsed value","","","","NWB_DimHeight","","","",""
"20260810_130056","NWB Dim AutoFill","MECHANICAL DUCTWORK LAYOUT - LEVEL 07","model","selection","skip","Both","skip-other-users","14932592","Flex Ducts","Flex Duct Round","","LEVEL 07","Flex - Round","200 mmø","","","200","NWB_DimDiameter","200","200","200","SKIP","existing-kept","instance","Shared Parameter","7626172","NWB_DimDiameter","String","False","1","1"
"20260810_130056","NWB Dim AutoFill","MECHANICAL DUCTWORK LAYOUT - LEVEL 07","model","selection","skip","Both","skip-other-users","14932594","Duct Fittings","Square to Round Transition","","LEVEL 07","Square Transition - Gal Steel","200x200-200ø","200","200","200","NWB_DimWidth","200","200","200","SKIP","existing-kept","instance","Shared Parameter","7626175","NWB_DimWidth","String","False","1","1"
"20260810_130056","NWB Dim AutoFill","MECHANICAL DUCTWORK LAYOUT - LEVEL 07","model","selection","skip","Both","skip-other-users","14932594","Duct Fittings","Square to Round Transition","","LEVEL 07","Square Transition - Gal Steel","200x200-200ø","200","200","200","NWB_DimHeight","200","200","200","SKIP","existing-kept","instance","Shared Parameter","7626170","NWB_DimHeight","String","False","1","1"
"20260810_130056","NWB Dim AutoFill","MECHANICAL DUCTWORK LAYOUT - LEVEL 07","model","selection","skip","Both","skip-other-users","14932594","Duct Fittings","Square to Round Transition","","LEVEL 07","Square Transition - Gal Steel","200x200-200ø","200","200","200","NWB_DimDiameter","200","300","300","SKIP","existing-kept","instance","Shared Parameter","7626172","NWB_DimDiameter","String","False","1","1"
"20260810_130056","NWB Dim AutoFill","MECHANICAL DUCTWORK LAYOUT - LEVEL 07","model","selection","skip","Both","skip-other-users","14932595","Duct Fittings","Square to Round Transition","","LEVEL 07","Square Transition - Gal Steel","200x200-200ø","200","200","200","NWB_DimWidth","200","200","200","SKIP","existing-kept","instance","Shared Parameter","7626175","NWB_DimWidth","String","False","1","1"
"20260810_130056","NWB Dim AutoFill","MECHANICAL DUCTWORK LAYOUT - LEVEL 07","model","selection","skip","Both","skip-other-users","14932595","Duct Fittings","Square to Round Transition","","LEVEL 07","Square Transition - Gal Steel","200x200-200ø","200","200","200","NWB_DimHeight","200","200","200","SKIP","existing-kept","instance","Shared Parameter","7626170","NWB_DimHeight","String","False","1","1"
"20260810_130056","NWB Dim AutoFill","MECHANICAL DUCTWORK LAYOUT - LEVEL 07","model","selection","skip","Both","skip-other-users","14932595","Duct Fittings","Square to Round Transition","","LEVEL 07","Square Transition - Gal Steel","200x200-200ø","200","200","200","NWB_DimDiameter","200","300","300","SKIP","existing-kept","instance","Shared Parameter","7626172","NWB_DimDiameter","String","False","1","1"
"20260810_130056","NWB Dim AutoFill","MECHANICAL DUCTWORK LAYOUT - LEVEL 07","model","selection","skip","Both","skip-other-users","14932618","Air Terminals","MHT_AT_S Air Diff Swirl","","LEVEL 07","No Damper 300X300","600x300","600","300","200","NWB_DimDiameter","200","200ø","200ø","SKIP","existing-kept","instance","Shared Parameter","7626172","NWB_DimDiameter","String","False","1","1"
"20260810_130056","NWB Dim AutoFill","MECHANICAL DUCTWORK LAYOUT - LEVEL 07","model","selection","skip","Both","skip-other-users","14932668","Flex Ducts","Flex Duct Round","","LEVEL 07","Flex - Round","200 mmø","","","200","NWB_DimWidth","","","","SKIP","no parsed value","","","","NWB_DimWidth","","","",""
"20260810_130056","NWB Dim AutoFill","MECHANICAL DUCTWORK LAYOUT - LEVEL 07","model","selection","skip","Both","skip-other-users","14932668","Flex Ducts","Flex Duct Round","","LEVEL 07","Flex - Round","200 mmø","","","200","NWB_DimHeight","","","","SKIP","no parsed value","","","","NWB_DimHeight","","","",""
"20260810_130056","NWB Dim AutoFill","MECHANICAL DUCTWORK LAYOUT - LEVEL 07","model","selection","skip","Both","skip-other-users","14932668","Flex Ducts","Flex Duct Round","","LEVEL 07","Flex - Round","200 mmø","","","200","NWB_DimDiameter","200","200","200","SKIP","existing-kept","instance","Shared Parameter","7626172","NWB_DimDiameter","String","False","1","1"
"20260810_130056","NWB Dim AutoFill","MECHANICAL DUCTWORK LAYOUT - LEVEL 07","model","selection","skip","Both","skip-other-users","14946022","Ducts","Rectangular Duct","","LEVEL 07","Flanged Long Radius Elbows / Shoe Branch","150x250","150","250","","NWB_DimWidth","150","150","150","SKIP","existing-kept","instance","Shared Parameter","7626175","NWB_DimWidth","String","False","1","1"
"20260810_130056","NWB Dim AutoFill","MECHANICAL DUCTWORK LAYOUT - LEVEL 07","model","selection","skip","Both","skip-other-users","14946022","Ducts","Rectangular Duct","","LEVEL 07","Flanged Long Radius Elbows / Shoe Branch","150x250","150","250","","NWB_DimHeight","250","250","250","SKIP","existing-kept","instance","Shared Parameter","7626170","NWB_DimHeight","String","False","1","1"
"20260810_130056","NWB Dim AutoFill","MECHANICAL DUCTWORK LAYOUT - LEVEL 07","model","selection","skip","Both","skip-other-users","14946022","Ducts","Rectangular Duct","","LEVEL 07","Flanged Long Radius Elbows / Shoe Branch","150x250","150","250","","NWB_DimDiameter","","","","SKIP","no parsed value","","","","NWB_DimDiameter","","","",""
"20260810_130056","NWB Dim AutoFill","MECHANICAL DUCTWORK LAYOUT - LEVEL 07","model","selection","skip","Both","skip-other-users","14946024","Ducts","Rectangular Duct","","LEVEL 07","Flanged Long Radius Elbows / Shoe Branch","150x250","150","250","","NWB_DimWidth","150","150","150","SKIP","existing-kept","instance","Shared Parameter","7626175","NWB_DimWidth","String","False","1","1"
"20260810_130056","NWB Dim AutoFill","MECHANICAL DUCTWORK LAYOUT - LEVEL 07","model","selection","skip","Both","skip-other-users","14946024","Ducts","Rectangular Duct","","LEVEL 07","Flanged Long Radius Elbows / Shoe Branch","150x250","150","250","","NWB_DimHeight","250","250","250","SKIP","existing-kept","instance","Shared Parameter","7626170","NWB_DimHeight","String","False","1","1"
"20260810_130056","NWB Dim AutoFill","MECHANICAL DUCTWORK LAYOUT - LEVEL 07","model","selection","skip","Both","skip-other-users","14946024","Ducts","Rectangular Duct","","LEVEL 07","Flanged Long Radius Elbows / Shoe Branch","150x250","150","250","","NWB_DimDiameter","","","","SKIP","no parsed value","","","","NWB_DimDiameter","","","",""
"20260810_130056","NWB Dim AutoFill","MECHANICAL DUCTWORK LAYOUT - LEVEL 07","model","selection","skip","Both","skip-other-users","14946028","Air Terminals","MHT_AT_RA ECG cw plenum","","LEVEL 07","Damper","250x250","250","250","250","NWB_DimDiameter","250","250ø","250ø","SKIP","existing-kept","instance","Shared Parameter","7626172","NWB_DimDiameter","String","False","1","1"
"20260810_130056","NWB Dim AutoFill","MECHANICAL DUCTWORK LAYOUT - LEVEL 07","model","selection","skip","Both","skip-other-users","14946030","Ducts","Rectangular Duct","","LEVEL 07","Flanged Long Radius Elbows / Shoe Branch","150x250","150","250","","NWB_DimWidth","150","150","150","SKIP","existing-kept","instance","Shared Parameter","7626175","NWB_DimWidth","String","False","1","1"
"20260810_130056","NWB Dim AutoFill","MECHANICAL DUCTWORK LAYOUT - LEVEL 07","model","selection","skip","Both","skip-other-users","14946030","Ducts","Rectangular Duct","","LEVEL 07","Flanged Long Radius Elbows / Shoe Branch","150x250","150","250","","NWB_DimHeight","250","250","250","SKIP","existing-kept","instance","Shared Parameter","7626170","NWB_DimHeight","String","False","1","1"
"20260810_130056","NWB Dim AutoFill","MECHANICAL DUCTWORK LAYOUT - LEVEL 07","model","selection","skip","Both","skip-other-users","14946030","Ducts","Rectangular Duct","","LEVEL 07","Flanged Long Radius Elbows / Shoe Branch","150x250","150","250","","NWB_DimDiameter","","","","SKIP","no parsed value","","","","NWB_DimDiameter","","","",""
"20260810_130056","NWB Dim AutoFill","MECHANICAL DUCTWORK LAYOUT - LEVEL 07","model","selection","skip","Both","skip-other-users","14946031","Flex Ducts","Flex Duct Round","","LEVEL 07","Flex - Round","250 mmø","","","250","NWB_DimWidth","","","","SKIP","no parsed value","","","","NWB_DimWidth","","","",""
"20260810_130056","NWB Dim AutoFill","MECHANICAL DUCTWORK LAYOUT - LEVEL 07","model","selection","skip","Both","skip-other-users","14946031","Flex Ducts","Flex Duct Round","","LEVEL 07","Flex - Round","250 mmø","","","250","NWB_DimHeight","","","","SKIP","no parsed value","","","","NWB_DimHeight","","","",""
"20260810_130056","NWB Dim AutoFill","MECHANICAL DUCTWORK LAYOUT - LEVEL 07","model","selection","skip","Both","skip-other-users","14946031","Flex Ducts","Flex Duct Round","","LEVEL 07","Flex - Round","250 mmø","","","250","NWB_DimDiameter","250","250","250","SKIP","existing-kept","instance","Shared Parameter","7626172","NWB_DimDiameter","String","False","1","1"
"20260810_130056","NWB Dim AutoFill","MECHANICAL DUCTWORK LAYOUT - LEVEL 07","model","selection","skip","Both","skip-other-users","14946033","Duct Fittings","MHT_DF_Spigot","","LEVEL 07","Damper","250ø-250ø","","","250","NWB_DimWidth","","","","SKIP","no parsed value","","","","NWB_DimWidth","","","",""
"20260810_130056","NWB Dim AutoFill","MECHANICAL DUCTWORK LAYOUT - LEVEL 07","model","selection","skip","Both","skip-other-users","14946033","Duct Fittings","MHT_DF_Spigot","","LEVEL 07","Damper","250ø-250ø","","","250","NWB_DimHeight","","","","SKIP","no parsed value","","","","NWB_DimHeight","","","",""
"20260810_130056","NWB Dim AutoFill","MECHANICAL DUCTWORK LAYOUT - LEVEL 07","model","selection","skip","Both","skip-other-users","14946033","Duct Fittings","MHT_DF_Spigot","","LEVEL 07","Damper","250ø-250ø","","","250","NWB_DimDiameter","250","250","250","SKIP","existing-kept","instance","Shared Parameter","7626172","NWB_DimDiameter","String","False","1","1"
"20260810_130056","NWB Dim AutoFill","MECHANICAL DUCTWORK LAYOUT - LEVEL 07","model","selection","skip","Both","skip-other-users","14946035","Duct Fittings","MHT-ME-DF-Square Cap-BMA","","LEVEL 07","Standard","150x250","150","250","","NWB_DimWidth","150","150","150","SKIP","existing-kept","instance","Shared Parameter","7626175","NWB_DimWidth","String","False","1","1"
"20260810_130056","NWB Dim AutoFill","MECHANICAL DUCTWORK LAYOUT - LEVEL 07","model","selection","skip","Both","skip-other-users","14946035","Duct Fittings","MHT-ME-DF-Square Cap-BMA","","LEVEL 07","Standard","150x250","150","250","","NWB_DimHeight","250","0","0","SKIP","existing-kept","instance","Shared Parameter","7626170","NWB_DimHeight","String","False","1","1"
"20260810_130056","NWB Dim AutoFill","MECHANICAL DUCTWORK LAYOUT - LEVEL 07","model","selection","skip","Both","skip-other-users","14946035","Duct Fittings","MHT-ME-DF-Square Cap-BMA","","LEVEL 07","Standard","150x250","150","250","","NWB_DimDiameter","","","","SKIP","no parsed value","","","","NWB_DimDiameter","","","",""
"20260810_130056","NWB Dim AutoFill","MECHANICAL DUCTWORK LAYOUT - LEVEL 07","model","selection","skip","Both","skip-other-users","14948703","Ducts","Rectangular Duct","","LEVEL 07","Flanged Long Radius Elbows / Shoe Branch","500x400","500","400","","NWB_DimWidth","500","500","500","SKIP","existing-kept","instance","Shared Parameter","7626175","NWB_DimWidth","String","False","1","1"
"20260810_130056","NWB Dim AutoFill","MECHANICAL DUCTWORK LAYOUT - LEVEL 07","model","selection","skip","Both","skip-other-users","14948703","Ducts","Rectangular Duct","","LEVEL 07","Flanged Long Radius Elbows / Shoe Branch","500x400","500","400","","NWB_DimHeight","400","400","400","SKIP","existing-kept","instance","Shared Parameter","7626170","NWB_DimHeight","String","False","1","1"
"20260810_130056","NWB Dim AutoFill","MECHANICAL DUCTWORK LAYOUT - LEVEL 07","model","selection","skip","Both","skip-other-users","14948703","Ducts","Rectangular Duct","","LEVEL 07","Flanged Long Radius Elbows / Shoe Branch","500x400","500","400","","NWB_DimDiameter","","","","SKIP","no parsed value","","","","NWB_DimDiameter","","","",""
"20260810_130056","NWB Dim AutoFill","MECHANICAL DUCTWORK LAYOUT - LEVEL 07","model","selection","skip","Both","skip-other-users","14948704","Duct Fittings","MHT-ME-DF-Rectangular Short Radius Bend - Flanged","","LEVEL 07","MHT-ME-DF-Rectangular Short Radius Bend - Flanged","500x400-500x400","500","400","","NWB_DimWidth","500","200","200","SKIP","existing-kept","instance","Shared Parameter","3045165","NWB_DimWidth","Double","False","2","2"
"20260810_130056","NWB Dim AutoFill","MECHANICAL DUCTWORK LAYOUT - LEVEL 07","model","selection","skip","Both","skip-other-users","14948704","Duct Fittings","MHT-ME-DF-Rectangular Short Radius Bend - Flanged","","LEVEL 07","MHT-ME-DF-Rectangular Short Radius Bend - Flanged","500x400-500x400","500","400","","NWB_DimHeight","400","275","275","SKIP","existing-kept","instance","Shared Parameter","3045163","NWB_DimHeight","Double","False","2","2"
"20260810_130056","NWB Dim AutoFill","MECHANICAL DUCTWORK LAYOUT - LEVEL 07","model","selection","skip","Both","skip-other-users","14948704","Duct Fittings","MHT-ME-DF-Rectangular Short Radius Bend - Flanged","","LEVEL 07","MHT-ME-DF-Rectangular Short Radius Bend - Flanged","500x400-500x400","500","400","","NWB_DimDiameter","","","","SKIP","no parsed value","","","","NWB_DimDiameter","","","",""
"20260810_130056","NWB Dim AutoFill","MECHANICAL DUCTWORK LAYOUT - LEVEL 07","model","selection","skip","Both","skip-other-users","14948706","Ducts","Rectangular Duct","","LEVEL 07","Flanged Long Radius Elbows / Shoe Branch","200x300","200","300","","NWB_DimWidth","200","200","200","SKIP","existing-kept","instance","Shared Parameter","7626175","NWB_DimWidth","String","False","1","1"
"20260810_130056","NWB Dim AutoFill","MECHANICAL DUCTWORK LAYOUT - LEVEL 07","model","selection","skip","Both","skip-other-users","14948706","Ducts","Rectangular Duct","","LEVEL 07","Flanged Long Radius Elbows / Shoe Branch","200x300","200","300","","NWB_DimHeight","300","300","300","SKIP","existing-kept","instance","Shared Parameter","7626170","NWB_DimHeight","String","False","1","1"
"20260810_130056","NWB Dim AutoFill","MECHANICAL DUCTWORK LAYOUT - LEVEL 07","model","selection","skip","Both","skip-other-users","14948706","Ducts","Rectangular Duct","","LEVEL 07","Flanged Long Radius Elbows / Shoe Branch","200x300","200","300","","NWB_DimDiameter","","","","SKIP","no parsed value","","","","NWB_DimDiameter","","","",""
"20260810_130056","NWB Dim AutoFill","MECHANICAL DUCTWORK LAYOUT - LEVEL 07","model","selection","skip","Both","skip-other-users","14948708","Ducts","Rectangular Duct","","LEVEL 07","Flanged Long Radius Elbows / Shoe Branch","500x400","500","400","","NWB_DimWidth","500","500","500","SKIP","existing-kept","instance","Shared Parameter","7626175","NWB_DimWidth","String","False","1","1"
"20260810_130056","NWB Dim AutoFill","MECHANICAL DUCTWORK LAYOUT - LEVEL 07","model","selection","skip","Both","skip-other-users","14948708","Ducts","Rectangular Duct","","LEVEL 07","Flanged Long Radius Elbows / Shoe Branch","500x400","500","400","","NWB_DimHeight","400","400","400","SKIP","existing-kept","instance","Shared Parameter","7626170","NWB_DimHeight","String","False","1","1"
"20260810_130056","NWB Dim AutoFill","MECHANICAL DUCTWORK LAYOUT - LEVEL 07","model","selection","skip","Both","skip-other-users","14948708","Ducts","Rectangular Duct","","LEVEL 07","Flanged Long Radius Elbows / Shoe Branch","500x400","500","400","","NWB_DimDiameter","","","","SKIP","no parsed value","","","","NWB_DimDiameter","","","",""
"20260810_130056","NWB Dim AutoFill","MECHANICAL DUCTWORK LAYOUT - LEVEL 07","model","selection","skip","Both","skip-other-users","14948710","Duct Fittings","MHT-ME-DF-Rectangular Eccentric Taper - Flanged-01","","LEVEL 07","Standard","500x400-450x350","500","400","","NWB_DimWidth","500","400","400","SKIP","existing-kept","instance","Shared Parameter","3045165","NWB_DimWidth","Double","False","2","2"
"20260810_130056","NWB Dim AutoFill","MECHANICAL DUCTWORK LAYOUT - LEVEL 07","model","selection","skip","Both","skip-other-users","14948710","Duct Fittings","MHT-ME-DF-Rectangular Eccentric Taper - Flanged-01","","LEVEL 07","Standard","500x400-450x350","500","400","","NWB_DimHeight","400","300","300","SKIP","existing-kept","instance","Shared Parameter","3045163","NWB_DimHeight","Double","False","2","2"
"20260810_130056","NWB Dim AutoFill","MECHANICAL DUCTWORK LAYOUT - LEVEL 07","model","selection","skip","Both","skip-other-users","14948710","Duct Fittings","MHT-ME-DF-Rectangular Eccentric Taper - Flanged-01","","LEVEL 07","Standard","500x400-450x350","500","400","","NWB_DimDiameter","","","","SKIP","no parsed value","","","","NWB_DimDiameter","","","",""
"20260810_130056","NWB Dim AutoFill","MECHANICAL DUCTWORK LAYOUT - LEVEL 07","model","selection","skip","Both","skip-other-users","14950624","Ducts","Round Duct","","LEVEL 07","Taps / Short Radius","500ø","","","500","NWB_DimWidth","","","","SKIP","no parsed value","","","","NWB_DimWidth","","","",""
"20260810_130056","NWB Dim AutoFill","MECHANICAL DUCTWORK LAYOUT - LEVEL 07","model","selection","skip","Both","skip-other-users","14950624","Ducts","Round Duct","","LEVEL 07","Taps / Short Radius","500ø","","","500","NWB_DimHeight","","","","SKIP","no parsed value","","","","NWB_DimHeight","","","",""
"20260810_130056","NWB Dim AutoFill","MECHANICAL DUCTWORK LAYOUT - LEVEL 07","model","selection","skip","Both","skip-other-users","14950624","Ducts","Round Duct","","LEVEL 07","Taps / Short Radius","500ø","","","500","NWB_DimDiameter","500","500","500","SKIP","existing-kept","instance","Shared Parameter","7626172","NWB_DimDiameter","String","False","1","1"
"20260810_130056","NWB Dim AutoFill","MECHANICAL DUCTWORK LAYOUT - LEVEL 07","model","selection","skip","Both","skip-other-users","14950626","Ducts","Round Duct","","LEVEL 07","Taps / Short Radius","500ø","","","500","NWB_DimWidth","","","","SKIP","no parsed value","","","","NWB_DimWidth","","","",""
"20260810_130056","NWB Dim AutoFill","MECHANICAL DUCTWORK LAYOUT - LEVEL 07","model","selection","skip","Both","skip-other-users","14950626","Ducts","Round Duct","","LEVEL 07","Taps / Short Radius","500ø","","","500","NWB_DimHeight","","","","SKIP","no parsed value","","","","NWB_DimHeight","","","",""
"20260810_130056","NWB Dim AutoFill","MECHANICAL DUCTWORK LAYOUT - LEVEL 07","model","selection","skip","Both","skip-other-users","14950626","Ducts","Round Duct","","LEVEL 07","Taps / Short Radius","500ø","","","500","NWB_DimDiameter","500","500","500","SKIP","existing-kept","instance","Shared Parameter","7626172","NWB_DimDiameter","String","False","1","1"
"20260810_130056","NWB Dim AutoFill","MECHANICAL DUCTWORK LAYOUT - LEVEL 07","model","selection","skip","Both","skip-other-users","14950628","Duct Fittings","M_Round Duct Elbow","","LEVEL 07","M_1 D","500ø-500ø","","","500","NWB_DimWidth","","","","SKIP","no parsed value","","","","NWB_DimWidth","","","",""
"20260810_130056","NWB Dim AutoFill","MECHANICAL DUCTWORK LAYOUT - LEVEL 07","model","selection","skip","Both","skip-other-users","14950628","Duct Fittings","M_Round Duct Elbow","","LEVEL 07","M_1 D","500ø-500ø","","","500","NWB_DimHeight","","","","SKIP","no parsed value","","","","NWB_DimHeight","","","",""
"20260810_130056","NWB Dim AutoFill","MECHANICAL DUCTWORK LAYOUT - LEVEL 07","model","selection","skip","Both","skip-other-users","14950628","Duct Fittings","M_Round Duct Elbow","","LEVEL 07","M_1 D","500ø-500ø","","","500","NWB_DimDiameter","500","200","200","SKIP","existing-kept","instance","Shared Parameter","7626172","NWB_DimDiameter","String","False","1","1"
"20260810_130056","NWB Dim AutoFill","MECHANICAL DUCTWORK LAYOUT - LEVEL 07","model","selection","skip","Both","skip-other-users","14950630","Ducts","Round Duct","","LEVEL 07","Taps / Short Radius","500ø","","","500","NWB_DimWidth","","","","SKIP","no parsed value","","","","NWB_DimWidth","","","",""
"20260810_130056","NWB Dim AutoFill","MECHANICAL DUCTWORK LAYOUT - LEVEL 07","model","selection","skip","Both","skip-other-users","14950630","Ducts","Round Duct","","LEVEL 07","Taps / Short Radius","500ø","","","500","NWB_DimHeight","","","","SKIP","no parsed value","","","","NWB_DimHeight","","","",""
"20260810_130056","NWB Dim AutoFill","MECHANICAL DUCTWORK LAYOUT - LEVEL 07","model","selection","skip","Both","skip-other-users","14950630","Ducts","Round Duct","","LEVEL 07","Taps / Short Radius","500ø","","","500","NWB_DimDiameter","500","500","500","SKIP","existing-kept","instance","Shared Parameter","7626172","NWB_DimDiameter","String","False","1","1"
"20260810_130056","NWB Dim AutoFill","MECHANICAL DUCTWORK LAYOUT - LEVEL 07","model","selection","skip","Both","skip-other-users","14950632","Duct Fittings","M_Round Duct Elbow","","LEVEL 07","M_1 D","500ø-500ø","","","500","NWB_DimWidth","","","","SKIP","no parsed value","","","","NWB_DimWidth","","","",""
"20260810_130056","NWB Dim AutoFill","MECHANICAL DUCTWORK LAYOUT - LEVEL 07","model","selection","skip","Both","skip-other-users","14950632","Duct Fittings","M_Round Duct Elbow","","LEVEL 07","M_1 D","500ø-500ø","","","500","NWB_DimHeight","","","","SKIP","no parsed value","","","","NWB_DimHeight","","","",""
"20260810_130056","NWB Dim AutoFill","MECHANICAL DUCTWORK LAYOUT - LEVEL 07","model","selection","skip","Both","skip-other-users","14950632","Duct Fittings","M_Round Duct Elbow","","LEVEL 07","M_1 D","500ø-500ø","","","500","NWB_DimDiameter","500","500","500","SKIP","existing-kept","instance","Shared Parameter","7626172","NWB_DimDiameter","String","False","1","1"
"20260810_130056","NWB Dim AutoFill","MECHANICAL DUCTWORK LAYOUT - LEVEL 07","model","selection","skip","Both","skip-other-users","14950636","Air Terminals","MHT_AT_RA ECG cw plenum","","LEVEL 07","Damper","300x300","300","300","300","NWB_DimDiameter","300","300ø","300ø","SKIP","existing-kept","instance","Shared Parameter","7626172","NWB_DimDiameter","String","False","1","1"
"20260810_130056","NWB Dim AutoFill","MECHANICAL DUCTWORK LAYOUT - LEVEL 07","model","selection","skip","Both","skip-other-users","14950639","Duct Fittings","MHT-ME-DF-Rectangular Shoe Branch - Flanged","","LEVEL 07","Standard","200x300-200x300","200","300","","NWB_DimWidth","200","200","200","SKIP","existing-kept","instance","Shared Parameter","7626175","NWB_DimWidth","String","False","1","1"
"20260810_130056","NWB Dim AutoFill","MECHANICAL DUCTWORK LAYOUT - LEVEL 07","model","selection","skip","Both","skip-other-users","14950639","Duct Fittings","MHT-ME-DF-Rectangular Shoe Branch - Flanged","","LEVEL 07","Standard","200x300-200x300","200","300","","NWB_DimHeight","300","300","300","SKIP","existing-kept","instance","Shared Parameter","7626170","NWB_DimHeight","String","False","1","1"
"20260810_130056","NWB Dim AutoFill","MECHANICAL DUCTWORK LAYOUT - LEVEL 07","model","selection","skip","Both","skip-other-users","14950639","Duct Fittings","MHT-ME-DF-Rectangular Shoe Branch - Flanged","","LEVEL 07","Standard","200x300-200x300","200","300","","NWB_DimDiameter","","","","SKIP","no parsed value","","","","NWB_DimDiameter","","","",""
"20260810_130056","NWB Dim AutoFill","MECHANICAL DUCTWORK LAYOUT - LEVEL 07","model","selection","skip","Both","skip-other-users","14950640","Flex Ducts","Flex Duct Round","","LEVEL 07","Flex - Round","300 mmø","","","300","NWB_DimWidth","","","","SKIP","no parsed value","","","","NWB_DimWidth","","","",""
"20260810_130056","NWB Dim AutoFill","MECHANICAL DUCTWORK LAYOUT - LEVEL 07","model","selection","skip","Both","skip-other-users","14950640","Flex Ducts","Flex Duct Round","","LEVEL 07","Flex - Round","300 mmø","","","300","NWB_DimHeight","","","","SKIP","no parsed value","","","","NWB_DimHeight","","","",""
"20260810_130056","NWB Dim AutoFill","MECHANICAL DUCTWORK LAYOUT - LEVEL 07","model","selection","skip","Both","skip-other-users","14950640","Flex Ducts","Flex Duct Round","","LEVEL 07","Flex - Round","300 mmø","","","300","NWB_DimDiameter","300","300","300","SKIP","existing-kept","instance","Shared Parameter","7626172","NWB_DimDiameter","String","False","1","1"
"20260810_130056","NWB Dim AutoFill","MECHANICAL DUCTWORK LAYOUT - LEVEL 07","model","selection","skip","Both","skip-other-users","14950642","Duct Fittings","MHT_DF_Spigot","","LEVEL 07","Damper","300ø-300ø","","","300","NWB_DimWidth","","","","SKIP","no parsed value","","","","NWB_DimWidth","","","",""
"20260810_130056","NWB Dim AutoFill","MECHANICAL DUCTWORK LAYOUT - LEVEL 07","model","selection","skip","Both","skip-other-users","14950642","Duct Fittings","MHT_DF_Spigot","","LEVEL 07","Damper","300ø-300ø","","","300","NWB_DimHeight","","","","SKIP","no parsed value","","","","NWB_DimHeight","","","",""
"20260810_130056","NWB Dim AutoFill","MECHANICAL DUCTWORK LAYOUT - LEVEL 07","model","selection","skip","Both","skip-other-users","14950642","Duct Fittings","MHT_DF_Spigot","","LEVEL 07","Damper","300ø-300ø","","","300","NWB_DimDiameter","300","500","500","SKIP","existing-kept","instance","Shared Parameter","7626172","NWB_DimDiameter","String","False","1","1"
"20260810_130056","NWB Dim AutoFill","MECHANICAL DUCTWORK LAYOUT - LEVEL 07","model","selection","skip","Both","skip-other-users","14950645","Duct Fittings","MHT-ME-DF-Rectangular Shoe Branch - Flanged","","LEVEL 07","Standard","300x250-300x250","300","250","","NWB_DimWidth","300","200","200","SKIP","existing-kept","instance","Shared Parameter","7626175","NWB_DimWidth","String","False","1","1"
"20260810_130056","NWB Dim AutoFill","MECHANICAL DUCTWORK LAYOUT - LEVEL 07","model","selection","skip","Both","skip-other-users","14950645","Duct Fittings","MHT-ME-DF-Rectangular Shoe Branch - Flanged","","LEVEL 07","Standard","300x250-300x250","300","250","","NWB_DimHeight","250","300","300","SKIP","existing-kept","instance","Shared Parameter","7626170","NWB_DimHeight","String","False","1","1"
"20260810_130056","NWB Dim AutoFill","MECHANICAL DUCTWORK LAYOUT - LEVEL 07","model","selection","skip","Both","skip-other-users","14950645","Duct Fittings","MHT-ME-DF-Rectangular Shoe Branch - Flanged","","LEVEL 07","Standard","300x250-300x250","300","250","","NWB_DimDiameter","","","","SKIP","no parsed value","","","","NWB_DimDiameter","","","",""
"20260810_130056","NWB Dim AutoFill","MECHANICAL DUCTWORK LAYOUT - LEVEL 07","model","selection","skip","Both","skip-other-users","14950646","Air Terminals","MHT_AT_RA ECG cw plenum","","LEVEL 07","Damper","250x250","250","250","250","NWB_DimDiameter","250","250ø","250ø","SKIP","existing-kept","instance","Shared Parameter","7626172","NWB_DimDiameter","String","False","1","1"
"20260810_130056","NWB Dim AutoFill","MECHANICAL DUCTWORK LAYOUT - LEVEL 07","model","selection","skip","Both","skip-other-users","14950650","Air Terminals","MHT_AT_RA ECG cw plenum","","LEVEL 07","Damper","200x200","200","200","200","NWB_DimDiameter","200","200ø","200ø","SKIP","existing-kept","instance","Shared Parameter","7626172","NWB_DimDiameter","String","False","1","1"
"20260810_130056","NWB Dim AutoFill","MECHANICAL DUCTWORK LAYOUT - LEVEL 07","model","selection","skip","Both","skip-other-users","14950670","Ducts","Rectangular Duct","","LEVEL 07","Flanged Long Radius Elbows / Shoe Branch","350x300","350","300","","NWB_DimWidth","350","350","350","SKIP","existing-kept","instance","Shared Parameter","7626175","NWB_DimWidth","String","False","1","1"
"20260810_130056","NWB Dim AutoFill","MECHANICAL DUCTWORK LAYOUT - LEVEL 07","model","selection","skip","Both","skip-other-users","14950670","Ducts","Rectangular Duct","","LEVEL 07","Flanged Long Radius Elbows / Shoe Branch","350x300","350","300","","NWB_DimHeight","300","300","300","SKIP","existing-kept","instance","Shared Parameter","7626170","NWB_DimHeight","String","False","1","1"
"20260810_130056","NWB Dim AutoFill","MECHANICAL DUCTWORK LAYOUT - LEVEL 07","model","selection","skip","Both","skip-other-users","14950670","Ducts","Rectangular Duct","","LEVEL 07","Flanged Long Radius Elbows / Shoe Branch","350x300","350","300","","NWB_DimDiameter","","","","SKIP","no parsed value","","","","NWB_DimDiameter","","","",""
"20260810_130056","NWB Dim AutoFill","MECHANICAL DUCTWORK LAYOUT - LEVEL 07","model","selection","skip","Both","skip-other-users","14951359","Air Terminals","MHT_AT_RA ECG cw plenum","","LEVEL 07","Damper","250x250","250","250","250","NWB_DimDiameter","250","250ø","250ø","SKIP","existing-kept","instance","Shared Parameter","7626172","NWB_DimDiameter","String","False","1","1"
"20260810_130056","NWB Dim AutoFill","MECHANICAL DUCTWORK LAYOUT - LEVEL 07","model","selection","skip","Both","skip-other-users","14951903","Air Terminals","MHT_AT_RA ECG cw plenum","","LEVEL 07","Damper","250x250","250","250","250","NWB_DimDiameter","250","250ø","250ø","SKIP","existing-kept","instance","Shared Parameter","7626172","NWB_DimDiameter","String","False","1","1"
"20260810_130056","NWB Dim AutoFill","MECHANICAL DUCTWORK LAYOUT - LEVEL 07","model","selection","skip","Both","skip-other-users","14951974","Flex Ducts","Flex Duct Round","","LEVEL 07","Flex - Round","250 mmø","","","250","NWB_DimWidth","","","","SKIP","no parsed value","","","","NWB_DimWidth","","","",""
"20260810_130056","NWB Dim AutoFill","MECHANICAL DUCTWORK LAYOUT - LEVEL 07","model","selection","skip","Both","skip-other-users","14951974","Flex Ducts","Flex Duct Round","","LEVEL 07","Flex - Round","250 mmø","","","250","NWB_DimHeight","","","","SKIP","no parsed value","","","","NWB_DimHeight","","","",""
"20260810_130056","NWB Dim AutoFill","MECHANICAL DUCTWORK LAYOUT - LEVEL 07","model","selection","skip","Both","skip-other-users","14951974","Flex Ducts","Flex Duct Round","","LEVEL 07","Flex - Round","250 mmø","","","250","NWB_DimDiameter","250","250","250","SKIP","existing-kept","instance","Shared Parameter","7626172","NWB_DimDiameter","String","False","1","1"
"20260810_130056","NWB Dim AutoFill","MECHANICAL DUCTWORK LAYOUT - LEVEL 07","model","selection","skip","Both","skip-other-users","14951977","Duct Fittings","MHT_DF_Spigot","","LEVEL 07","Damper","250ø-250ø","","","250","NWB_DimWidth","","","","SKIP","no parsed value","","","","NWB_DimWidth","","","",""
"20260810_130056","NWB Dim AutoFill","MECHANICAL DUCTWORK LAYOUT - LEVEL 07","model","selection","skip","Both","skip-other-users","14951977","Duct Fittings","MHT_DF_Spigot","","LEVEL 07","Damper","250ø-250ø","","","250","NWB_DimHeight","","","","SKIP","no parsed value","","","","NWB_DimHeight","","","",""
"20260810_130056","NWB Dim AutoFill","MECHANICAL DUCTWORK LAYOUT - LEVEL 07","model","selection","skip","Both","skip-other-users","14951977","Duct Fittings","MHT_DF_Spigot","","LEVEL 07","Damper","250ø-250ø","","","250","NWB_DimDiameter","250","250","250","SKIP","existing-kept","instance","Shared Parameter","7626172","NWB_DimDiameter","String","False","1","1"
"20260810_130056","NWB Dim AutoFill","MECHANICAL DUCTWORK LAYOUT - LEVEL 07","model","selection","skip","Both","skip-other-users","14951980","Flex Ducts","Flex Duct Round","","LEVEL 07","Flex - Round","250 mmø","","","250","NWB_DimWidth","","","","SKIP","no parsed value","","","","NWB_DimWidth","","","",""
"20260810_130056","NWB Dim AutoFill","MECHANICAL DUCTWORK LAYOUT - LEVEL 07","model","selection","skip","Both","skip-other-users","14951980","Flex Ducts","Flex Duct Round","","LEVEL 07","Flex - Round","250 mmø","","","250","NWB_DimHeight","","","","SKIP","no parsed value","","","","NWB_DimHeight","","","",""
"20260810_130056","NWB Dim AutoFill","MECHANICAL DUCTWORK LAYOUT - LEVEL 07","model","selection","skip","Both","skip-other-users","14951980","Flex Ducts","Flex Duct Round","","LEVEL 07","Flex - Round","250 mmø","","","250","NWB_DimDiameter","250","250","250","SKIP","existing-kept","instance","Shared Parameter","7626172","NWB_DimDiameter","String","False","1","1"
"20260810_130056","NWB Dim AutoFill","MECHANICAL DUCTWORK LAYOUT - LEVEL 07","model","selection","skip","Both","skip-other-users","14951983","Duct Fittings","MHT_DF_Spigot","","LEVEL 07","Damper","250ø-250ø","","","250","NWB_DimWidth","","","","SKIP","no parsed value","","","","NWB_DimWidth","","","",""
"20260810_130056","NWB Dim AutoFill","MECHANICAL DUCTWORK LAYOUT - LEVEL 07","model","selection","skip","Both","skip-other-users","14951983","Duct Fittings","MHT_DF_Spigot","","LEVEL 07","Damper","250ø-250ø","","","250","NWB_DimHeight","","","","SKIP","no parsed value","","","","NWB_DimHeight","","","",""
"20260810_130056","NWB Dim AutoFill","MECHANICAL DUCTWORK LAYOUT - LEVEL 07","model","selection","skip","Both","skip-other-users","14951983","Duct Fittings","MHT_DF_Spigot","","LEVEL 07","Damper","250ø-250ø","","","250","NWB_DimDiameter","250","250","250","SKIP","existing-kept","instance","Shared Parameter","7626172","NWB_DimDiameter","String","False","1","1"
"20260810_130056","NWB Dim AutoFill","MECHANICAL DUCTWORK LAYOUT - LEVEL 07","model","selection","skip","Both","skip-other-users","14952141","Ducts","Rectangular Duct","","LEVEL 07","Flanged Long Radius Elbows / Shoe Branch","300x250","300","250","","NWB_DimWidth","300","300","300","SKIP","existing-kept","instance","Shared Parameter","7626175","NWB_DimWidth","String","False","1","1"
"20260810_130056","NWB Dim AutoFill","MECHANICAL DUCTWORK LAYOUT - LEVEL 07","model","selection","skip","Both","skip-other-users","14952141","Ducts","Rectangular Duct","","LEVEL 07","Flanged Long Radius Elbows / Shoe Branch","300x250","300","250","","NWB_DimHeight","250","250","250","SKIP","existing-kept","instance","Shared Parameter","7626170","NWB_DimHeight","String","False","1","1"
"20260810_130056","NWB Dim AutoFill","MECHANICAL DUCTWORK LAYOUT - LEVEL 07","model","selection","skip","Both","skip-other-users","14952141","Ducts","Rectangular Duct","","LEVEL 07","Flanged Long Radius Elbows / Shoe Branch","300x250","300","250","","NWB_DimDiameter","","","","SKIP","no parsed value","","","","NWB_DimDiameter","","","",""
"20260810_130056","NWB Dim AutoFill","MECHANICAL DUCTWORK LAYOUT - LEVEL 07","model","selection","skip","Both","skip-other-users","14952173","Duct Fittings","MHT-ME-DF-Square Cap-BMA","","LEVEL 07","Standard","300x250","300","250","","NWB_DimWidth","300","300","300","SKIP","existing-kept","instance","Shared Parameter","7626175","NWB_DimWidth","String","False","1","1"
"20260810_130056","NWB Dim AutoFill","MECHANICAL DUCTWORK LAYOUT - LEVEL 07","model","selection","skip","Both","skip-other-users","14952173","Duct Fittings","MHT-ME-DF-Square Cap-BMA","","LEVEL 07","Standard","300x250","300","250","","NWB_DimHeight","250","250","250","SKIP","existing-kept","instance","Shared Parameter","7626170","NWB_DimHeight","String","False","1","1"
"20260810_130056","NWB Dim AutoFill","MECHANICAL DUCTWORK LAYOUT - LEVEL 07","model","selection","skip","Both","skip-other-users","14952173","Duct Fittings","MHT-ME-DF-Square Cap-BMA","","LEVEL 07","Standard","300x250","300","250","","NWB_DimDiameter","","","","SKIP","no parsed value","","","","NWB_DimDiameter","","","",""
"20260810_130056","NWB Dim AutoFill","MECHANICAL DUCTWORK LAYOUT - LEVEL 07","model","selection","skip","Both","skip-other-users","14952241","Air Terminals","MHT_AT_RA ECG cw plenum","","LEVEL 07","Damper","250x250","250","250","250","NWB_DimDiameter","250","250ø","250ø","SKIP","existing-kept","instance","Shared Parameter","7626172","NWB_DimDiameter","String","False","1","1"
"20260810_130056","NWB Dim AutoFill","MECHANICAL DUCTWORK LAYOUT - LEVEL 07","model","selection","skip","Both","skip-other-users","14952243","Air Terminals","MHT_AT_RA ECG cw plenum","","LEVEL 07","Damper","250x250","250","250","250","NWB_DimDiameter","250","250ø","250ø","SKIP","existing-kept","instance","Shared Parameter","7626172","NWB_DimDiameter","String","False","1","1"
"20260810_130056","NWB Dim AutoFill","MECHANICAL DUCTWORK LAYOUT - LEVEL 07","model","selection","skip","Both","skip-other-users","14952245","Flex Ducts","Flex Duct Round","","LEVEL 07","Flex - Round","250 mmø","","","250","NWB_DimWidth","","","","SKIP","no parsed value","","","","NWB_DimWidth","","","",""
"20260810_130056","NWB Dim AutoFill","MECHANICAL DUCTWORK LAYOUT - LEVEL 07","model","selection","skip","Both","skip-other-users","14952245","Flex Ducts","Flex Duct Round","","LEVEL 07","Flex - Round","250 mmø","","","250","NWB_DimHeight","","","","SKIP","no parsed value","","","","NWB_DimHeight","","","",""
"20260810_130056","NWB Dim AutoFill","MECHANICAL DUCTWORK LAYOUT - LEVEL 07","model","selection","skip","Both","skip-other-users","14952245","Flex Ducts","Flex Duct Round","","LEVEL 07","Flex - Round","250 mmø","","","250","NWB_DimDiameter","250","250","250","SKIP","existing-kept","instance","Shared Parameter","7626172","NWB_DimDiameter","String","False","1","1"
"20260810_130056","NWB Dim AutoFill","MECHANICAL DUCTWORK LAYOUT - LEVEL 07","model","selection","skip","Both","skip-other-users","14952247","Duct Fittings","MHT_DF_Spigot","","LEVEL 07","Damper","250ø-250ø","","","250","NWB_DimWidth","","","","SKIP","no parsed value","","","","NWB_DimWidth","","","",""
"20260810_130056","NWB Dim AutoFill","MECHANICAL DUCTWORK LAYOUT - LEVEL 07","model","selection","skip","Both","skip-other-users","14952247","Duct Fittings","MHT_DF_Spigot","","LEVEL 07","Damper","250ø-250ø","","","250","NWB_DimHeight","","","","SKIP","no parsed value","","","","NWB_DimHeight","","","",""
"20260810_130056","NWB Dim AutoFill","MECHANICAL DUCTWORK LAYOUT - LEVEL 07","model","selection","skip","Both","skip-other-users","14952247","Duct Fittings","MHT_DF_Spigot","","LEVEL 07","Damper","250ø-250ø","","","250","NWB_DimDiameter","250","250","250","SKIP","existing-kept","instance","Shared Parameter","7626172","NWB_DimDiameter","String","False","1","1"
"20260810_130056","NWB Dim AutoFill","MECHANICAL DUCTWORK LAYOUT - LEVEL 07","model","selection","skip","Both","skip-other-users","14952249","Flex Ducts","Flex Duct Round","","LEVEL 07","Flex - Round","250 mmø","","","250","NWB_DimWidth","","","","SKIP","no parsed value","","","","NWB_DimWidth","","","",""
"20260810_130056","NWB Dim AutoFill","MECHANICAL DUCTWORK LAYOUT - LEVEL 07","model","selection","skip","Both","skip-other-users","14952249","Flex Ducts","Flex Duct Round","","LEVEL 07","Flex - Round","250 mmø","","","250","NWB_DimHeight","","","","SKIP","no parsed value","","","","NWB_DimHeight","","","",""
"20260810_130056","NWB Dim AutoFill","MECHANICAL DUCTWORK LAYOUT - LEVEL 07","model","selection","skip","Both","skip-other-users","14952249","Flex Ducts","Flex Duct Round","","LEVEL 07","Flex - Round","250 mmø","","","250","NWB_DimDiameter","250","250","250","SKIP","existing-kept","instance","Shared Parameter","7626172","NWB_DimDiameter","String","False","1","1"
"20260810_130056","NWB Dim AutoFill","MECHANICAL DUCTWORK LAYOUT - LEVEL 07","model","selection","skip","Both","skip-other-users","14952251","Duct Fittings","MHT_DF_Spigot","","LEVEL 07","Damper","250ø-250ø","","","250","NWB_DimWidth","","","","SKIP","no parsed value","","","","NWB_DimWidth","","","",""
"20260810_130056","NWB Dim AutoFill","MECHANICAL DUCTWORK LAYOUT - LEVEL 07","model","selection","skip","Both","skip-other-users","14952251","Duct Fittings","MHT_DF_Spigot","","LEVEL 07","Damper","250ø-250ø","","","250","NWB_DimHeight","","","","SKIP","no parsed value","","","","NWB_DimHeight","","","",""
"20260810_130056","NWB Dim AutoFill","MECHANICAL DUCTWORK LAYOUT - LEVEL 07","model","selection","skip","Both","skip-other-users","14952251","Duct Fittings","MHT_DF_Spigot","","LEVEL 07","Damper","250ø-250ø","","","250","NWB_DimDiameter","250","250","250","SKIP","existing-kept","instance","Shared Parameter","7626172","NWB_DimDiameter","String","False","1","1"
"20260810_130056","NWB Dim AutoFill","MECHANICAL DUCTWORK LAYOUT - LEVEL 07","model","selection","skip","Both","skip-other-users","14952253","Ducts","Rectangular Duct","","LEVEL 07","Flanged Long Radius Elbows / Shoe Branch","300x250","300","250","","NWB_DimWidth","300","300","300","SKIP","existing-kept","instance","Shared Parameter","7626175","NWB_DimWidth","String","False","1","1"
"20260810_130056","NWB Dim AutoFill","MECHANICAL DUCTWORK LAYOUT - LEVEL 07","model","selection","skip","Both","skip-other-users","14952253","Ducts","Rectangular Duct","","LEVEL 07","Flanged Long Radius Elbows / Shoe Branch","300x250","300","250","","NWB_DimHeight","250","250","250","SKIP","existing-kept","instance","Shared Parameter","7626170","NWB_DimHeight","String","False","1","1"
"20260810_130056","NWB Dim AutoFill","MECHANICAL DUCTWORK LAYOUT - LEVEL 07","model","selection","skip","Both","skip-other-users","14952253","Ducts","Rectangular Duct","","LEVEL 07","Flanged Long Radius Elbows / Shoe Branch","300x250","300","250","","NWB_DimDiameter","","","","SKIP","no parsed value","","","","NWB_DimDiameter","","","",""
"20260810_130056","NWB Dim AutoFill","MECHANICAL DUCTWORK LAYOUT - LEVEL 07","model","selection","skip","Both","skip-other-users","14952254","Duct Fittings","MHT-ME-DF-Square Cap-BMA","","LEVEL 07","Standard","300x250","300","250","","NWB_DimWidth","300","300","300","SKIP","existing-kept","instance","Shared Parameter","7626175","NWB_DimWidth","String","False","1","1"
"20260810_130056","NWB Dim AutoFill","MECHANICAL DUCTWORK LAYOUT - LEVEL 07","model","selection","skip","Both","skip-other-users","14952254","Duct Fittings","MHT-ME-DF-Square Cap-BMA","","LEVEL 07","Standard","300x250","300","250","","NWB_DimHeight","250","250","250","SKIP","existing-kept","instance","Shared Parameter","7626170","NWB_DimHeight","String","False","1","1"
"20260810_130056","NWB Dim AutoFill","MECHANICAL DUCTWORK LAYOUT - LEVEL 07","model","selection","skip","Both","skip-other-users","14952254","Duct Fittings","MHT-ME-DF-Square Cap-BMA","","LEVEL 07","Standard","300x250","300","250","","NWB_DimDiameter","","","","SKIP","no parsed value","","","","NWB_DimDiameter","","","",""
"20260810_130056","NWB Dim AutoFill","MECHANICAL DUCTWORK LAYOUT - LEVEL 07","model","selection","skip","Both","skip-other-users","14952317","Ducts","Rectangular Duct","","LEVEL 07","Flanged Long Radius Elbows / Shoe Branch","450x350","450","350","","NWB_DimWidth","450","450","450","SKIP","existing-kept","instance","Shared Parameter","7626175","NWB_DimWidth","String","False","1","1"
"20260810_130056","NWB Dim AutoFill","MECHANICAL DUCTWORK LAYOUT - LEVEL 07","model","selection","skip","Both","skip-other-users","14952317","Ducts","Rectangular Duct","","LEVEL 07","Flanged Long Radius Elbows / Shoe Branch","450x350","450","350","","NWB_DimHeight","350","350","350","SKIP","existing-kept","instance","Shared Parameter","7626170","NWB_DimHeight","String","False","1","1"
"20260810_130056","NWB Dim AutoFill","MECHANICAL DUCTWORK LAYOUT - LEVEL 07","model","selection","skip","Both","skip-other-users","14952317","Ducts","Rectangular Duct","","LEVEL 07","Flanged Long Radius Elbows / Shoe Branch","450x350","450","350","","NWB_DimDiameter","","","","SKIP","no parsed value","","","","NWB_DimDiameter","","","",""
"20260810_130056","NWB Dim AutoFill","MECHANICAL DUCTWORK LAYOUT - LEVEL 07","model","selection","skip","Both","skip-other-users","14952350","Duct Fittings","MHT-ME-DF-Rectangular Eccentric Taper - Flanged-01","","LEVEL 07","Standard","450x350-350x300","450","350","","NWB_DimWidth","450","450","450","SKIP","existing-kept","instance","Shared Parameter","3045165","NWB_DimWidth","Double","False","2","2"
"20260810_130056","NWB Dim AutoFill","MECHANICAL DUCTWORK LAYOUT - LEVEL 07","model","selection","skip","Both","skip-other-users","14952350","Duct Fittings","MHT-ME-DF-Rectangular Eccentric Taper - Flanged-01","","LEVEL 07","Standard","450x350-350x300","450","350","","NWB_DimHeight","350","350","350","SKIP","existing-kept","instance","Shared Parameter","3045163","NWB_DimHeight","Double","False","2","2"
"20260810_130056","NWB Dim AutoFill","MECHANICAL DUCTWORK LAYOUT - LEVEL 07","model","selection","skip","Both","skip-other-users","14952350","Duct Fittings","MHT-ME-DF-Rectangular Eccentric Taper - Flanged-01","","LEVEL 07","Standard","450x350-350x300","450","350","","NWB_DimDiameter","","","","SKIP","no parsed value","","","","NWB_DimDiameter","","","",""
"20260810_130056","NWB Dim AutoFill","MECHANICAL DUCTWORK LAYOUT - LEVEL 07","model","selection","skip","Both","skip-other-users","14952370","Duct Fittings","MHT-ME-DF-Rectangular Shoe Branch - Flanged","","LEVEL 07","Standard","300x250-300x250","300","250","","NWB_DimWidth","300","300","300","SKIP","existing-kept","instance","Shared Parameter","7626175","NWB_DimWidth","String","False","1","1"
"20260810_130056","NWB Dim AutoFill","MECHANICAL DUCTWORK LAYOUT - LEVEL 07","model","selection","skip","Both","skip-other-users","14952370","Duct Fittings","MHT-ME-DF-Rectangular Shoe Branch - Flanged","","LEVEL 07","Standard","300x250-300x250","300","250","","NWB_DimHeight","250","250","250","SKIP","existing-kept","instance","Shared Parameter","7626170","NWB_DimHeight","String","False","1","1"
"20260810_130056","NWB Dim AutoFill","MECHANICAL DUCTWORK LAYOUT - LEVEL 07","model","selection","skip","Both","skip-other-users","14952370","Duct Fittings","MHT-ME-DF-Rectangular Shoe Branch - Flanged","","LEVEL 07","Standard","300x250-300x250","300","250","","NWB_DimDiameter","","","","SKIP","no parsed value","","","","NWB_DimDiameter","","","",""
"20260810_130056","NWB Dim AutoFill","MECHANICAL DUCTWORK LAYOUT - LEVEL 07","model","selection","skip","Both","skip-other-users","14952507","Duct Fittings","MHT-ME-DF-Rectangular Eccentric Taper - Flanged-01","","LEVEL 07","Standard","300x300-200x200","300","300","","NWB_DimWidth","300","450","450","SKIP","existing-kept","instance","Shared Parameter","3045165","NWB_DimWidth","Double","False","2","2"
"20260810_130056","NWB Dim AutoFill","MECHANICAL DUCTWORK LAYOUT - LEVEL 07","model","selection","skip","Both","skip-other-users","14952507","Duct Fittings","MHT-ME-DF-Rectangular Eccentric Taper - Flanged-01","","LEVEL 07","Standard","300x300-200x200","300","300","","NWB_DimHeight","300","350","350","SKIP","existing-kept","instance","Shared Parameter","3045163","NWB_DimHeight","Double","False","2","2"
"20260810_130056","NWB Dim AutoFill","MECHANICAL DUCTWORK LAYOUT - LEVEL 07","model","selection","skip","Both","skip-other-users","14952507","Duct Fittings","MHT-ME-DF-Rectangular Eccentric Taper - Flanged-01","","LEVEL 07","Standard","300x300-200x200","300","300","","NWB_DimDiameter","","","","SKIP","no parsed value","","","","NWB_DimDiameter","","","",""
"20260810_130056","NWB Dim AutoFill","MECHANICAL DUCTWORK LAYOUT - LEVEL 07","model","selection","skip","Both","skip-other-users","14952551","Duct Fittings","MHT-ME-DF-Rectangular Shoe Branch - Flanged","","LEVEL 07","Standard","300x300-300x300","300","300","","NWB_DimWidth","300","300","300","SKIP","existing-kept","instance","Shared Parameter","7626175","NWB_DimWidth","String","False","1","1"
"20260810_130056","NWB Dim AutoFill","MECHANICAL DUCTWORK LAYOUT - LEVEL 07","model","selection","skip","Both","skip-other-users","14952551","Duct Fittings","MHT-ME-DF-Rectangular Shoe Branch - Flanged","","LEVEL 07","Standard","300x300-300x300","300","300","","NWB_DimHeight","300","0","0","SKIP","existing-kept","instance","Shared Parameter","7626170","NWB_DimHeight","String","False","1","1"
"20260810_130056","NWB Dim AutoFill","MECHANICAL DUCTWORK LAYOUT - LEVEL 07","model","selection","skip","Both","skip-other-users","14952551","Duct Fittings","MHT-ME-DF-Rectangular Shoe Branch - Flanged","","LEVEL 07","Standard","300x300-300x300","300","300","","NWB_DimDiameter","","","","SKIP","no parsed value","","","","NWB_DimDiameter","","","",""
"20260810_130056","NWB Dim AutoFill","MECHANICAL DUCTWORK LAYOUT - LEVEL 07","model","selection","skip","Both","skip-other-users","14952555","Duct Fittings","MHT-ME-DF-Rectangular Eccentric Taper - Flanged-01","","LEVEL 07","Standard","350x300-150x150","350","300","","NWB_DimWidth","350","350","350","SKIP","existing-kept","instance","Shared Parameter","3045165","NWB_DimWidth","Double","False","2","2"
"20260810_130056","NWB Dim AutoFill","MECHANICAL DUCTWORK LAYOUT - LEVEL 07","model","selection","skip","Both","skip-other-users","14952555","Duct Fittings","MHT-ME-DF-Rectangular Eccentric Taper - Flanged-01","","LEVEL 07","Standard","350x300-150x150","350","300","","NWB_DimHeight","300","300","300","SKIP","existing-kept","instance","Shared Parameter","3045163","NWB_DimHeight","Double","False","2","2"
"20260810_130056","NWB Dim AutoFill","MECHANICAL DUCTWORK LAYOUT - LEVEL 07","model","selection","skip","Both","skip-other-users","14952555","Duct Fittings","MHT-ME-DF-Rectangular Eccentric Taper - Flanged-01","","LEVEL 07","Standard","350x300-150x150","350","300","","NWB_DimDiameter","","","","SKIP","no parsed value","","","","NWB_DimDiameter","","","",""
"20260810_130056","NWB Dim AutoFill","MECHANICAL DUCTWORK LAYOUT - LEVEL 07","model","selection","skip","Both","skip-other-users","14952946","Duct Fittings","MHT-ME-DF-Rectangular Shoe Branch - Flanged","","LEVEL 07","Standard","275x250-275x250","275","250","","NWB_DimWidth","275","300","300","SKIP","existing-kept","instance","Shared Parameter","7626175","NWB_DimWidth","String","False","1","1"
"20260810_130056","NWB Dim AutoFill","MECHANICAL DUCTWORK LAYOUT - LEVEL 07","model","selection","skip","Both","skip-other-users","14952946","Duct Fittings","MHT-ME-DF-Rectangular Shoe Branch - Flanged","","LEVEL 07","Standard","275x250-275x250","275","250","","NWB_DimHeight","250","300","300","SKIP","existing-kept","instance","Shared Parameter","7626170","NWB_DimHeight","String","False","1","1"
"20260810_130056","NWB Dim AutoFill","MECHANICAL DUCTWORK LAYOUT - LEVEL 07","model","selection","skip","Both","skip-other-users","14952946","Duct Fittings","MHT-ME-DF-Rectangular Shoe Branch - Flanged","","LEVEL 07","Standard","275x250-275x250","275","250","","NWB_DimDiameter","","","","SKIP","no parsed value","","","","NWB_DimDiameter","","","",""
"20260810_130056","NWB Dim AutoFill","MECHANICAL DUCTWORK LAYOUT - LEVEL 07","model","selection","skip","Both","skip-other-users","14952956","Ducts","Rectangular Duct","","LEVEL 07","Flanged Long Radius Elbows / Shoe Branch","275x250","275","250","","NWB_DimWidth","275","275","275","SKIP","existing-kept","instance","Shared Parameter","7626175","NWB_DimWidth","String","False","1","1"
"20260810_130056","NWB Dim AutoFill","MECHANICAL DUCTWORK LAYOUT - LEVEL 07","model","selection","skip","Both","skip-other-users","14952956","Ducts","Rectangular Duct","","LEVEL 07","Flanged Long Radius Elbows / Shoe Branch","275x250","275","250","","NWB_DimHeight","250","250","250","SKIP","existing-kept","instance","Shared Parameter","7626170","NWB_DimHeight","String","False","1","1"
"20260810_130056","NWB Dim AutoFill","MECHANICAL DUCTWORK LAYOUT - LEVEL 07","model","selection","skip","Both","skip-other-users","14952956","Ducts","Rectangular Duct","","LEVEL 07","Flanged Long Radius Elbows / Shoe Branch","275x250","275","250","","NWB_DimDiameter","","","","SKIP","no parsed value","","","","NWB_DimDiameter","","","",""
"20260810_130056","NWB Dim AutoFill","MECHANICAL DUCTWORK LAYOUT - LEVEL 07","model","selection","skip","Both","skip-other-users","14952964","Ducts","Rectangular Duct","","LEVEL 07","Flanged Long Radius Elbows / Shoe Branch","275x250","275","250","","NWB_DimWidth","275","275","275","SKIP","existing-kept","instance","Shared Parameter","7626175","NWB_DimWidth","String","False","1","1"
"20260810_130056","NWB Dim AutoFill","MECHANICAL DUCTWORK LAYOUT - LEVEL 07","model","selection","skip","Both","skip-other-users","14952964","Ducts","Rectangular Duct","","LEVEL 07","Flanged Long Radius Elbows / Shoe Branch","275x250","275","250","","NWB_DimHeight","250","250","250","SKIP","existing-kept","instance","Shared Parameter","7626170","NWB_DimHeight","String","False","1","1"
"20260810_130056","NWB Dim AutoFill","MECHANICAL DUCTWORK LAYOUT - LEVEL 07","model","selection","skip","Both","skip-other-users","14952964","Ducts","Rectangular Duct","","LEVEL 07","Flanged Long Radius Elbows / Shoe Branch","275x250","275","250","","NWB_DimDiameter","","","","SKIP","no parsed value","","","","NWB_DimDiameter","","","",""
"20260810_130056","NWB Dim AutoFill","MECHANICAL DUCTWORK LAYOUT - LEVEL 07","model","selection","skip","Both","skip-other-users","14952973","Duct Fittings","MHT-ME-DF-Rectangular Short Radius Bend - Flanged","","LEVEL 07","MHT-ME-DF-Rectangular Short Radius Bend - Flanged","275x250-275x250","275","250","","NWB_DimWidth","275","350","350","SKIP","existing-kept","instance","Shared Parameter","3045165","NWB_DimWidth","Double","False","2","2"
"20260810_130056","NWB Dim AutoFill","MECHANICAL DUCTWORK LAYOUT - LEVEL 07","model","selection","skip","Both","skip-other-users","14952973","Duct Fittings","MHT-ME-DF-Rectangular Short Radius Bend - Flanged","","LEVEL 07","MHT-ME-DF-Rectangular Short Radius Bend - Flanged","275x250-275x250","275","250","","NWB_DimHeight","250","300","300","SKIP","existing-kept","instance","Shared Parameter","3045163","NWB_DimHeight","Double","False","2","2"
"20260810_130056","NWB Dim AutoFill","MECHANICAL DUCTWORK LAYOUT - LEVEL 07","model","selection","skip","Both","skip-other-users","14952973","Duct Fittings","MHT-ME-DF-Rectangular Short Radius Bend - Flanged","","LEVEL 07","MHT-ME-DF-Rectangular Short Radius Bend - Flanged","275x250-275x250","275","250","","NWB_DimDiameter","","","","SKIP","no parsed value","","","","NWB_DimDiameter","","","",""
"20260810_130056","NWB Dim AutoFill","MECHANICAL DUCTWORK LAYOUT - LEVEL 07","model","selection","skip","Both","skip-other-users","14953025","Air Terminals","MHT_AT_RA ECG cw plenum","","LEVEL 07","Damper","250x250","250","250","250","NWB_DimDiameter","250","250ø","250ø","SKIP","existing-kept","instance","Shared Parameter","7626172","NWB_DimDiameter","String","False","1","1"
"20260810_130056","NWB Dim AutoFill","MECHANICAL DUCTWORK LAYOUT - LEVEL 07","model","selection","skip","Both","skip-other-users","14953048","Air Terminals","MHT_AT_RA ECG cw plenum","","LEVEL 07","Damper","250x250","250","250","250","NWB_DimDiameter","250","250ø","250ø","SKIP","existing-kept","instance","Shared Parameter","7626172","NWB_DimDiameter","String","False","1","1"
"20260810_130056","NWB Dim AutoFill","MECHANICAL DUCTWORK LAYOUT - LEVEL 07","model","selection","skip","Both","skip-other-users","14953067","Flex Ducts","Flex Duct Round","","LEVEL 07","Flex - Round","250 mmø","","","250","NWB_DimWidth","","","","SKIP","no parsed value","","","","NWB_DimWidth","","","",""
"20260810_130056","NWB Dim AutoFill","MECHANICAL DUCTWORK LAYOUT - LEVEL 07","model","selection","skip","Both","skip-other-users","14953067","Flex Ducts","Flex Duct Round","","LEVEL 07","Flex - Round","250 mmø","","","250","NWB_DimHeight","","","","SKIP","no parsed value","","","","NWB_DimHeight","","","",""
"20260810_130056","NWB Dim AutoFill","MECHANICAL DUCTWORK LAYOUT - LEVEL 07","model","selection","skip","Both","skip-other-users","14953067","Flex Ducts","Flex Duct Round","","LEVEL 07","Flex - Round","250 mmø","","","250","NWB_DimDiameter","250","250","250","SKIP","existing-kept","instance","Shared Parameter","7626172","NWB_DimDiameter","String","False","1","1"
"20260810_130056","NWB Dim AutoFill","MECHANICAL DUCTWORK LAYOUT - LEVEL 07","model","selection","skip","Both","skip-other-users","14953070","Duct Fittings","MHT_DF_Spigot","","LEVEL 07","Damper","250ø-250ø","","","250","NWB_DimWidth","","","","SKIP","no parsed value","","","","NWB_DimWidth","","","",""
"20260810_130056","NWB Dim AutoFill","MECHANICAL DUCTWORK LAYOUT - LEVEL 07","model","selection","skip","Both","skip-other-users","14953070","Duct Fittings","MHT_DF_Spigot","","LEVEL 07","Damper","250ø-250ø","","","250","NWB_DimHeight","","","","SKIP","no parsed value","","","","NWB_DimHeight","","","",""
"20260810_130056","NWB Dim AutoFill","MECHANICAL DUCTWORK LAYOUT - LEVEL 07","model","selection","skip","Both","skip-other-users","14953070","Duct Fittings","MHT_DF_Spigot","","LEVEL 07","Damper","250ø-250ø","","","250","NWB_DimDiameter","250","250","250","SKIP","existing-kept","instance","Shared Parameter","7626172","NWB_DimDiameter","String","False","1","1"
"20260810_130056","NWB Dim AutoFill","MECHANICAL DUCTWORK LAYOUT - LEVEL 07","model","selection","skip","Both","skip-other-users","14953073","Flex Ducts","Flex Duct Round","","LEVEL 07","Flex - Round","250 mmø","","","250","NWB_DimWidth","","","","SKIP","no parsed value","","","","NWB_DimWidth","","","",""
"20260810_130056","NWB Dim AutoFill","MECHANICAL DUCTWORK LAYOUT - LEVEL 07","model","selection","skip","Both","skip-other-users","14953073","Flex Ducts","Flex Duct Round","","LEVEL 07","Flex - Round","250 mmø","","","250","NWB_DimHeight","","","","SKIP","no parsed value","","","","NWB_DimHeight","","","",""
"20260810_130056","NWB Dim AutoFill","MECHANICAL DUCTWORK LAYOUT - LEVEL 07","model","selection","skip","Both","skip-other-users","14953073","Flex Ducts","Flex Duct Round","","LEVEL 07","Flex - Round","250 mmø","","","250","NWB_DimDiameter","250","250","250","SKIP","existing-kept","instance","Shared Parameter","7626172","NWB_DimDiameter","String","False","1","1"
"20260810_130056","NWB Dim AutoFill","MECHANICAL DUCTWORK LAYOUT - LEVEL 07","model","selection","skip","Both","skip-other-users","14953076","Duct Fittings","MHT_DF_Spigot","","LEVEL 07","Damper","250ø-250ø","","","250","NWB_DimWidth","","","","SKIP","no parsed value","","","","NWB_DimWidth","","","",""
"20260810_130056","NWB Dim AutoFill","MECHANICAL DUCTWORK LAYOUT - LEVEL 07","model","selection","skip","Both","skip-other-users","14953076","Duct Fittings","MHT_DF_Spigot","","LEVEL 07","Damper","250ø-250ø","","","250","NWB_DimHeight","","","","SKIP","no parsed value","","","","NWB_DimHeight","","","",""
"20260810_130056","NWB Dim AutoFill","MECHANICAL DUCTWORK LAYOUT - LEVEL 07","model","selection","skip","Both","skip-other-users","14953076","Duct Fittings","MHT_DF_Spigot","","LEVEL 07","Damper","250ø-250ø","","","250","NWB_DimDiameter","250","250","250","SKIP","existing-kept","instance","Shared Parameter","7626172","NWB_DimDiameter","String","False","1","1"
"20260810_130056","NWB Dim AutoFill","MECHANICAL DUCTWORK LAYOUT - LEVEL 07","model","selection","skip","Both","skip-other-users","14953102","Duct Fittings","MHT-ME-DF-Square Cap-BMA","","LEVEL 07","Standard","275x250","275","250","","NWB_DimWidth","275","275","275","SKIP","existing-kept","instance","Shared Parameter","7626175","NWB_DimWidth","String","False","1","1"
"20260810_130056","NWB Dim AutoFill","MECHANICAL DUCTWORK LAYOUT - LEVEL 07","model","selection","skip","Both","skip-other-users","14953102","Duct Fittings","MHT-ME-DF-Square Cap-BMA","","LEVEL 07","Standard","275x250","275","250","","NWB_DimHeight","250","250","250","SKIP","existing-kept","instance","Shared Parameter","7626170","NWB_DimHeight","String","False","1","1"
"20260810_130056","NWB Dim AutoFill","MECHANICAL DUCTWORK LAYOUT - LEVEL 07","model","selection","skip","Both","skip-other-users","14953102","Duct Fittings","MHT-ME-DF-Square Cap-BMA","","LEVEL 07","Standard","275x250","275","250","","NWB_DimDiameter","","","","SKIP","no parsed value","","","","NWB_DimDiameter","","","",""
"20260810_130056","NWB Dim AutoFill","MECHANICAL DUCTWORK LAYOUT - LEVEL 07","model","selection","skip","Both","skip-other-users","14953347","Duct Fittings","MHT_DF_Spigot","","LEVEL 07","Damper","250ø-250ø","","","250","NWB_DimWidth","","","","SKIP","no parsed value","","","","NWB_DimWidth","","","",""
"20260810_130056","NWB Dim AutoFill","MECHANICAL DUCTWORK LAYOUT - LEVEL 07","model","selection","skip","Both","skip-other-users","14953347","Duct Fittings","MHT_DF_Spigot","","LEVEL 07","Damper","250ø-250ø","","","250","NWB_DimHeight","","","","SKIP","no parsed value","","","","NWB_DimHeight","","","",""
"20260810_130056","NWB Dim AutoFill","MECHANICAL DUCTWORK LAYOUT - LEVEL 07","model","selection","skip","Both","skip-other-users","14953347","Duct Fittings","MHT_DF_Spigot","","LEVEL 07","Damper","250ø-250ø","","","250","NWB_DimDiameter","250","250","250","SKIP","existing-kept","instance","Shared Parameter","7626172","NWB_DimDiameter","String","False","1","1"
"20260810_130056","NWB Dim AutoFill","MECHANICAL DUCTWORK LAYOUT - LEVEL 07","model","selection","skip","Both","skip-other-users","14953368","Air Terminals","MHT_AT_RA ECG cw plenum","","LEVEL 07","Damper","300x300","300","300","300","NWB_DimDiameter","300","300ø","300ø","SKIP","existing-kept","instance","Shared Parameter","7626172","NWB_DimDiameter","String","False","1","1"
"20260810_130056","NWB Dim AutoFill","MECHANICAL DUCTWORK LAYOUT - LEVEL 07","model","selection","skip","Both","skip-other-users","14953415","Air Terminals","MHT_AT_RA ECG cw plenum","","LEVEL 07","Damper","300x300","300","300","300","NWB_DimDiameter","300","300ø","300ø","SKIP","existing-kept","instance","Shared Parameter","7626172","NWB_DimDiameter","String","False","1","1"
"20260810_130056","NWB Dim AutoFill","MECHANICAL DUCTWORK LAYOUT - LEVEL 07","model","selection","skip","Both","skip-other-users","14953489","Ducts","Rectangular Duct","","LEVEL 07","Flanged Long Radius Elbows / Shoe Branch","350x300","350","300","","NWB_DimWidth","350","350","350","SKIP","existing-kept","instance","Shared Parameter","7626175","NWB_DimWidth","String","False","1","1"
"20260810_130056","NWB Dim AutoFill","MECHANICAL DUCTWORK LAYOUT - LEVEL 07","model","selection","skip","Both","skip-other-users","14953489","Ducts","Rectangular Duct","","LEVEL 07","Flanged Long Radius Elbows / Shoe Branch","350x300","350","300","","NWB_DimHeight","300","300","300","SKIP","existing-kept","instance","Shared Parameter","7626170","NWB_DimHeight","String","False","1","1"
"20260810_130056","NWB Dim AutoFill","MECHANICAL DUCTWORK LAYOUT - LEVEL 07","model","selection","skip","Both","skip-other-users","14953489","Ducts","Rectangular Duct","","LEVEL 07","Flanged Long Radius Elbows / Shoe Branch","350x300","350","300","","NWB_DimDiameter","","","","SKIP","no parsed value","","","","NWB_DimDiameter","","","",""
"20260810_130056","NWB Dim AutoFill","MECHANICAL DUCTWORK LAYOUT - LEVEL 07","model","selection","skip","Both","skip-other-users","14953601","Duct Fittings","MHT-ME-DF-Rectangular Eccentric Taper - Flanged-01","","LEVEL 07","Standard","350x300-200x300","350","300","","NWB_DimWidth","350","200","200","SKIP","existing-kept","instance","Shared Parameter","3045165","NWB_DimWidth","Double","False","2","2"
"20260810_130056","NWB Dim AutoFill","MECHANICAL DUCTWORK LAYOUT - LEVEL 07","model","selection","skip","Both","skip-other-users","14953601","Duct Fittings","MHT-ME-DF-Rectangular Eccentric Taper - Flanged-01","","LEVEL 07","Standard","350x300-200x300","350","300","","NWB_DimHeight","300","250","250","SKIP","existing-kept","instance","Shared Parameter","3045163","NWB_DimHeight","Double","False","2","2"
"20260810_130056","NWB Dim AutoFill","MECHANICAL DUCTWORK LAYOUT - LEVEL 07","model","selection","skip","Both","skip-other-users","14953601","Duct Fittings","MHT-ME-DF-Rectangular Eccentric Taper - Flanged-01","","LEVEL 07","Standard","350x300-200x300","350","300","","NWB_DimDiameter","","","","SKIP","no parsed value","","","","NWB_DimDiameter","","","",""
"20260810_130056","NWB Dim AutoFill","MECHANICAL DUCTWORK LAYOUT - LEVEL 07","model","selection","skip","Both","skip-other-users","14953664","Flex Ducts","Flex Duct Round","","LEVEL 07","Flex - Round","300 mmø","","","300","NWB_DimWidth","","","","SKIP","no parsed value","","","","NWB_DimWidth","","","",""
"20260810_130056","NWB Dim AutoFill","MECHANICAL DUCTWORK LAYOUT - LEVEL 07","model","selection","skip","Both","skip-other-users","14953664","Flex Ducts","Flex Duct Round","","LEVEL 07","Flex - Round","300 mmø","","","300","NWB_DimHeight","","","","SKIP","no parsed value","","","","NWB_DimHeight","","","",""
"20260810_130056","NWB Dim AutoFill","MECHANICAL DUCTWORK LAYOUT - LEVEL 07","model","selection","skip","Both","skip-other-users","14953664","Flex Ducts","Flex Duct Round","","LEVEL 07","Flex - Round","300 mmø","","","300","NWB_DimDiameter","300","300","300","SKIP","existing-kept","instance","Shared Parameter","7626172","NWB_DimDiameter","String","False","1","1"
"20260810_130056","NWB Dim AutoFill","MECHANICAL DUCTWORK LAYOUT - LEVEL 07","model","selection","skip","Both","skip-other-users","14953667","Duct Fittings","MHT_DF_Spigot","","LEVEL 07","Damper","300ø-300ø","","","300","NWB_DimWidth","","","","SKIP","no parsed value","","","","NWB_DimWidth","","","",""
"20260810_130056","NWB Dim AutoFill","MECHANICAL DUCTWORK LAYOUT - LEVEL 07","model","selection","skip","Both","skip-other-users","14953667","Duct Fittings","MHT_DF_Spigot","","LEVEL 07","Damper","300ø-300ø","","","300","NWB_DimHeight","","","","SKIP","no parsed value","","","","NWB_DimHeight","","","",""
"20260810_130056","NWB Dim AutoFill","MECHANICAL DUCTWORK LAYOUT - LEVEL 07","model","selection","skip","Both","skip-other-users","14953667","Duct Fittings","MHT_DF_Spigot","","LEVEL 07","Damper","300ø-300ø","","","300","NWB_DimDiameter","300","250","250","SKIP","existing-kept","instance","Shared Parameter","7626172","NWB_DimDiameter","String","False","1","1"
"20260810_130056","NWB Dim AutoFill","MECHANICAL DUCTWORK LAYOUT - LEVEL 07","model","selection","skip","Both","skip-other-users","14953749","Ducts","Rectangular Duct","","LEVEL 07","Flanged Long Radius Elbows / Shoe Branch","200x300","200","300","","NWB_DimWidth","200","200","200","SKIP","existing-kept","instance","Shared Parameter","7626175","NWB_DimWidth","String","False","1","1"
"20260810_130056","NWB Dim AutoFill","MECHANICAL DUCTWORK LAYOUT - LEVEL 07","model","selection","skip","Both","skip-other-users","14953749","Ducts","Rectangular Duct","","LEVEL 07","Flanged Long Radius Elbows / Shoe Branch","200x300","200","300","","NWB_DimHeight","300","300","300","SKIP","existing-kept","instance","Shared Parameter","7626170","NWB_DimHeight","String","False","1","1"
"20260810_130056","NWB Dim AutoFill","MECHANICAL DUCTWORK LAYOUT - LEVEL 07","model","selection","skip","Both","skip-other-users","14953749","Ducts","Rectangular Duct","","LEVEL 07","Flanged Long Radius Elbows / Shoe Branch","200x300","200","300","","NWB_DimDiameter","","","","SKIP","no parsed value","","","","NWB_DimDiameter","","","",""
"20260810_130056","NWB Dim AutoFill","MECHANICAL DUCTWORK LAYOUT - LEVEL 07","model","selection","skip","Both","skip-other-users","14953774","Duct Fittings","MHT-ME-DF-Square Cap-BMA","","LEVEL 07","Standard","200x300","200","300","","NWB_DimWidth","200","350","350","SKIP","existing-kept","instance","Shared Parameter","7626175","NWB_DimWidth","String","False","1","1"
"20260810_130056","NWB Dim AutoFill","MECHANICAL DUCTWORK LAYOUT - LEVEL 07","model","selection","skip","Both","skip-other-users","14953774","Duct Fittings","MHT-ME-DF-Square Cap-BMA","","LEVEL 07","Standard","200x300","200","300","","NWB_DimHeight","300","0","0","SKIP","existing-kept","instance","Shared Parameter","7626170","NWB_DimHeight","String","False","1","1"
"20260810_130056","NWB Dim AutoFill","MECHANICAL DUCTWORK LAYOUT - LEVEL 07","model","selection","skip","Both","skip-other-users","14953774","Duct Fittings","MHT-ME-DF-Square Cap-BMA","","LEVEL 07","Standard","200x300","200","300","","NWB_DimDiameter","","","","SKIP","no parsed value","","","","NWB_DimDiameter","","","",""
"20260810_130056","NWB Dim AutoFill","MECHANICAL DUCTWORK LAYOUT - LEVEL 07","model","selection","skip","Both","skip-other-users","14953792","Flex Ducts","Flex Duct Round","","LEVEL 07","Flex - Round","300 mmø","","","300","NWB_DimWidth","","","","SKIP","no parsed value","","","","NWB_DimWidth","","","",""
"20260810_130056","NWB Dim AutoFill","MECHANICAL DUCTWORK LAYOUT - LEVEL 07","model","selection","skip","Both","skip-other-users","14953792","Flex Ducts","Flex Duct Round","","LEVEL 07","Flex - Round","300 mmø","","","300","NWB_DimHeight","","","","SKIP","no parsed value","","","","NWB_DimHeight","","","",""
"20260810_130056","NWB Dim AutoFill","MECHANICAL DUCTWORK LAYOUT - LEVEL 07","model","selection","skip","Both","skip-other-users","14953792","Flex Ducts","Flex Duct Round","","LEVEL 07","Flex - Round","300 mmø","","","300","NWB_DimDiameter","300","300","300","SKIP","existing-kept","instance","Shared Parameter","7626172","NWB_DimDiameter","String","False","1","1"
"20260810_130056","NWB Dim AutoFill","MECHANICAL DUCTWORK LAYOUT - LEVEL 07","model","selection","skip","Both","skip-other-users","14953795","Duct Fittings","MHT_DF_Spigot","","LEVEL 07","Damper","300ø-300ø","","","300","NWB_DimWidth","","","","SKIP","no parsed value","","","","NWB_DimWidth","","","",""
"20260810_130056","NWB Dim AutoFill","MECHANICAL DUCTWORK LAYOUT - LEVEL 07","model","selection","skip","Both","skip-other-users","14953795","Duct Fittings","MHT_DF_Spigot","","LEVEL 07","Damper","300ø-300ø","","","300","NWB_DimHeight","","","","SKIP","no parsed value","","","","NWB_DimHeight","","","",""
"20260810_130056","NWB Dim AutoFill","MECHANICAL DUCTWORK LAYOUT - LEVEL 07","model","selection","skip","Both","skip-other-users","14953795","Duct Fittings","MHT_DF_Spigot","","LEVEL 07","Damper","300ø-300ø","","","300","NWB_DimDiameter","300","300","300","SKIP","existing-kept","instance","Shared Parameter","7626172","NWB_DimDiameter","String","False","1","1"
"20260810_130056","NWB Dim AutoFill","MECHANICAL DUCTWORK LAYOUT - LEVEL 07","model","selection","skip","Both","skip-other-users","14953935","Air Terminals","MHT_AT_RA ECG cw plenum","","LEVEL 07","Damper","250x250","250","250","250","NWB_DimDiameter","250","250ø","250ø","SKIP","existing-kept","instance","Shared Parameter","7626172","NWB_DimDiameter","String","False","1","1"
"20260810_130056","NWB Dim AutoFill","MECHANICAL DUCTWORK LAYOUT - LEVEL 07","model","selection","skip","Both","skip-other-users","14953954","Flex Ducts","Flex Duct Round","","LEVEL 07","Flex - Round","250 mmø","","","250","NWB_DimWidth","","","","SKIP","no parsed value","","","","NWB_DimWidth","","","",""
"20260810_130056","NWB Dim AutoFill","MECHANICAL DUCTWORK LAYOUT - LEVEL 07","model","selection","skip","Both","skip-other-users","14953954","Flex Ducts","Flex Duct Round","","LEVEL 07","Flex - Round","250 mmø","","","250","NWB_DimHeight","","","","SKIP","no parsed value","","","","NWB_DimHeight","","","",""
"20260810_130056","NWB Dim AutoFill","MECHANICAL DUCTWORK LAYOUT - LEVEL 07","model","selection","skip","Both","skip-other-users","14953954","Flex Ducts","Flex Duct Round","","LEVEL 07","Flex - Round","250 mmø","","","250","NWB_DimDiameter","250","250","250","SKIP","existing-kept","instance","Shared Parameter","7626172","NWB_DimDiameter","String","False","1","1"
"20260810_130056","NWB Dim AutoFill","MECHANICAL DUCTWORK LAYOUT - LEVEL 07","model","selection","skip","Both","skip-other-users","14953957","Duct Fittings","MHT_DF_Spigot","","LEVEL 07","Damper","250ø-250ø","","","250","NWB_DimWidth","","","","SKIP","no parsed value","","","","NWB_DimWidth","","","",""
"20260810_130056","NWB Dim AutoFill","MECHANICAL DUCTWORK LAYOUT - LEVEL 07","model","selection","skip","Both","skip-other-users","14953957","Duct Fittings","MHT_DF_Spigot","","LEVEL 07","Damper","250ø-250ø","","","250","NWB_DimHeight","","","","SKIP","no parsed value","","","","NWB_DimHeight","","","",""
"20260810_130056","NWB Dim AutoFill","MECHANICAL DUCTWORK LAYOUT - LEVEL 07","model","selection","skip","Both","skip-other-users","14953957","Duct Fittings","MHT_DF_Spigot","","LEVEL 07","Damper","250ø-250ø","","","250","NWB_DimDiameter","250","250","250","SKIP","existing-kept","instance","Shared Parameter","7626172","NWB_DimDiameter","String","False","1","1"
"20260810_130056","NWB Dim AutoFill","MECHANICAL DUCTWORK LAYOUT - LEVEL 07","model","selection","skip","Both","skip-other-users","14954053","Flex Ducts","Flex Duct Round","","LEVEL 07","Flex - Round","350 mmø","","","350","NWB_DimWidth","","","","SKIP","no parsed value","","","","NWB_DimWidth","","","",""
"20260810_130056","NWB Dim AutoFill","MECHANICAL DUCTWORK LAYOUT - LEVEL 07","model","selection","skip","Both","skip-other-users","14954053","Flex Ducts","Flex Duct Round","","LEVEL 07","Flex - Round","350 mmø","","","350","NWB_DimHeight","","","","SKIP","no parsed value","","","","NWB_DimHeight","","","",""
"20260810_130056","NWB Dim AutoFill","MECHANICAL DUCTWORK LAYOUT - LEVEL 07","model","selection","skip","Both","skip-other-users","14954053","Flex Ducts","Flex Duct Round","","LEVEL 07","Flex - Round","350 mmø","","","350","NWB_DimDiameter","350","350","350","SKIP","existing-kept","instance","Shared Parameter","7626172","NWB_DimDiameter","String","False","1","1"
"20260810_130056","NWB Dim AutoFill","MECHANICAL DUCTWORK LAYOUT - LEVEL 07","model","selection","skip","Both","skip-other-users","14954056","Duct Fittings","MHT_DF_Spigot","","LEVEL 07","Damper","350ø-350ø","","","350","NWB_DimWidth","","","","SKIP","no parsed value","","","","NWB_DimWidth","","","",""
"20260810_130056","NWB Dim AutoFill","MECHANICAL DUCTWORK LAYOUT - LEVEL 07","model","selection","skip","Both","skip-other-users","14954056","Duct Fittings","MHT_DF_Spigot","","LEVEL 07","Damper","350ø-350ø","","","350","NWB_DimHeight","","","","SKIP","no parsed value","","","","NWB_DimHeight","","","",""
"20260810_130056","NWB Dim AutoFill","MECHANICAL DUCTWORK LAYOUT - LEVEL 07","model","selection","skip","Both","skip-other-users","14954056","Duct Fittings","MHT_DF_Spigot","","LEVEL 07","Damper","350ø-350ø","","","350","NWB_DimDiameter","350","300","300","SKIP","existing-kept","instance","Shared Parameter","7626172","NWB_DimDiameter","String","False","1","1"
"20260810_130056","NWB Dim AutoFill","MECHANICAL DUCTWORK LAYOUT - LEVEL 07","model","selection","skip","Both","skip-other-users","14954162","Air Terminals","MHT-ME-AT - Supply Air Grille","","","MHT-ME-AT - 1200x600","0x1","0","1","0","NWB_DimWidth","0","1200","1200","SKIP","existing-kept","instance","Shared Parameter","7626175","NWB_DimWidth","String","False","1","1"
"20260810_130056","NWB Dim AutoFill","MECHANICAL DUCTWORK LAYOUT - LEVEL 07","model","selection","skip","Both","skip-other-users","14954162","Air Terminals","MHT-ME-AT - Supply Air Grille","","","MHT-ME-AT - 1200x600","0x1","0","1","0","NWB_DimHeight","1","600","600","SKIP","existing-kept","instance","Shared Parameter","7626170","NWB_DimHeight","String","False","1","1"
"20260810_130056","NWB Dim AutoFill","MECHANICAL DUCTWORK LAYOUT - LEVEL 07","model","selection","skip","Both","skip-other-users","14954163","Ducts","Rectangular Duct","","LEVEL 07","Flanged Long Radius Elbows / Shoe Branch","1200x600","1200","600","","NWB_DimWidth","1200","1200","1200","SKIP","existing-kept","instance","Shared Parameter","7626175","NWB_DimWidth","String","False","1","1"
"20260810_130056","NWB Dim AutoFill","MECHANICAL DUCTWORK LAYOUT - LEVEL 07","model","selection","skip","Both","skip-other-users","14954163","Ducts","Rectangular Duct","","LEVEL 07","Flanged Long Radius Elbows / Shoe Branch","1200x600","1200","600","","NWB_DimHeight","600","600","600","SKIP","existing-kept","instance","Shared Parameter","7626170","NWB_DimHeight","String","False","1","1"
"20260810_130056","NWB Dim AutoFill","MECHANICAL DUCTWORK LAYOUT - LEVEL 07","model","selection","skip","Both","skip-other-users","14954163","Ducts","Rectangular Duct","","LEVEL 07","Flanged Long Radius Elbows / Shoe Branch","1200x600","1200","600","","NWB_DimDiameter","","","","SKIP","no parsed value","","","","NWB_DimDiameter","","","",""
"20260810_130056","NWB Dim AutoFill","MECHANICAL DUCTWORK LAYOUT - LEVEL 07","model","selection","skip","Both","skip-other-users","14954164","Duct Fittings","MHT-ME-DF-Rectangular Union-01","","LEVEL 07","Standard","1200x600-1200x600","1200","600","","NWB_DimWidth","1200","1200","1200","SKIP","existing-kept","instance","Shared Parameter","3045165","NWB_DimWidth","Double","False","2","2"
"20260810_130056","NWB Dim AutoFill","MECHANICAL DUCTWORK LAYOUT - LEVEL 07","model","selection","skip","Both","skip-other-users","14954164","Duct Fittings","MHT-ME-DF-Rectangular Union-01","","LEVEL 07","Standard","1200x600-1200x600","1200","600","","NWB_DimHeight","600","600","600","SKIP","existing-kept","instance","Shared Parameter","3045163","NWB_DimHeight","Double","False","2","2"
"20260810_130056","NWB Dim AutoFill","MECHANICAL DUCTWORK LAYOUT - LEVEL 07","model","selection","skip","Both","skip-other-users","14954164","Duct Fittings","MHT-ME-DF-Rectangular Union-01","","LEVEL 07","Standard","1200x600-1200x600","1200","600","","NWB_DimDiameter","","","","SKIP","no parsed value","","","","NWB_DimDiameter","","","",""
"20260810_130056","NWB Dim AutoFill","MECHANICAL DUCTWORK LAYOUT - LEVEL 07","model","selection","skip","Both","skip-other-users","15368952","Ducts","Rectangular Duct","","LEVEL 07","Flanged Long Radius Elbows / Shoe Branch","400x350","400","350","","NWB_DimWidth","400","400","400","SKIP","existing-kept","instance","Shared Parameter","7626175","NWB_DimWidth","String","False","1","1"
"20260810_130056","NWB Dim AutoFill","MECHANICAL DUCTWORK LAYOUT - LEVEL 07","model","selection","skip","Both","skip-other-users","15368952","Ducts","Rectangular Duct","","LEVEL 07","Flanged Long Radius Elbows / Shoe Branch","400x350","400","350","","NWB_DimHeight","350","350","350","SKIP","existing-kept","instance","Shared Parameter","7626170","NWB_DimHeight","String","False","1","1"
"20260810_130056","NWB Dim AutoFill","MECHANICAL DUCTWORK LAYOUT - LEVEL 07","model","selection","skip","Both","skip-other-users","15368952","Ducts","Rectangular Duct","","LEVEL 07","Flanged Long Radius Elbows / Shoe Branch","400x350","400","350","","NWB_DimDiameter","","","","SKIP","no parsed value","","","","NWB_DimDiameter","","","",""
"20260810_130056","NWB Dim AutoFill","MECHANICAL DUCTWORK LAYOUT - LEVEL 07","model","selection","skip","Both","skip-other-users","15369001","Ducts","Rectangular Duct","","LEVEL 07","Flanged Long Radius Elbows / Shoe Branch","200x300","200","300","","NWB_DimWidth","200","200","200","SKIP","existing-kept","instance","Shared Parameter","7626175","NWB_DimWidth","String","False","1","1"
"20260810_130056","NWB Dim AutoFill","MECHANICAL DUCTWORK LAYOUT - LEVEL 07","model","selection","skip","Both","skip-other-users","15369001","Ducts","Rectangular Duct","","LEVEL 07","Flanged Long Radius Elbows / Shoe Branch","200x300","200","300","","NWB_DimHeight","300","300","300","SKIP","existing-kept","instance","Shared Parameter","7626170","NWB_DimHeight","String","False","1","1"
"20260810_130056","NWB Dim AutoFill","MECHANICAL DUCTWORK LAYOUT - LEVEL 07","model","selection","skip","Both","skip-other-users","15369001","Ducts","Rectangular Duct","","LEVEL 07","Flanged Long Radius Elbows / Shoe Branch","200x300","200","300","","NWB_DimDiameter","","","","SKIP","no parsed value","","","","NWB_DimDiameter","","","",""
"20260810_130056","NWB Dim AutoFill","MECHANICAL DUCTWORK LAYOUT - LEVEL 07","model","selection","skip","Both","skip-other-users","15369048","Duct Fittings","MHT_DF_Spigot","","LEVEL 07","Damper","300ø-300ø","","","300","NWB_DimWidth","","","","SKIP","no parsed value","","","","NWB_DimWidth","","","",""
"20260810_130056","NWB Dim AutoFill","MECHANICAL DUCTWORK LAYOUT - LEVEL 07","model","selection","skip","Both","skip-other-users","15369048","Duct Fittings","MHT_DF_Spigot","","LEVEL 07","Damper","300ø-300ø","","","300","NWB_DimHeight","","","","SKIP","no parsed value","","","","NWB_DimHeight","","","",""
"20260810_130056","NWB Dim AutoFill","MECHANICAL DUCTWORK LAYOUT - LEVEL 07","model","selection","skip","Both","skip-other-users","15369048","Duct Fittings","MHT_DF_Spigot","","LEVEL 07","Damper","300ø-300ø","","","300","NWB_DimDiameter","300","300","300","SKIP","existing-kept","instance","Shared Parameter","7626172","NWB_DimDiameter","String","False","1","1"
"20260810_130056","NWB Dim AutoFill","MECHANICAL DUCTWORK LAYOUT - LEVEL 07","model","selection","skip","Both","skip-other-users","15369051","Duct Fittings","MHT_DF_Spigot","","LEVEL 07","Damper","300ø-300ø","","","300","NWB_DimWidth","","","","SKIP","no parsed value","","","","NWB_DimWidth","","","",""
"20260810_130056","NWB Dim AutoFill","MECHANICAL DUCTWORK LAYOUT - LEVEL 07","model","selection","skip","Both","skip-other-users","15369051","Duct Fittings","MHT_DF_Spigot","","LEVEL 07","Damper","300ø-300ø","","","300","NWB_DimHeight","","","","SKIP","no parsed value","","","","NWB_DimHeight","","","",""
"20260810_130056","NWB Dim AutoFill","MECHANICAL DUCTWORK LAYOUT - LEVEL 07","model","selection","skip","Both","skip-other-users","15369051","Duct Fittings","MHT_DF_Spigot","","LEVEL 07","Damper","300ø-300ø","","","300","NWB_DimDiameter","300","300","300","SKIP","existing-kept","instance","Shared Parameter","7626172","NWB_DimDiameter","String","False","1","1"
"20260810_130056","NWB Dim AutoFill","MECHANICAL DUCTWORK LAYOUT - LEVEL 07","model","selection","skip","Both","skip-other-users","15369144","Duct Fittings","MHT-ME-DF-Rectangular Eccentric Taper - Flanged-Manula Length","","LEVEL 07","MHT-ME-DF-Rectangular Eccentric Taper - Flanged-Manual Length","500x350-400x350","500","350","","NWB_DimWidth","500","400","400","SKIP","existing-kept","instance","Shared Parameter","7626175","NWB_DimWidth","String","False","1","1"
"20260810_130056","NWB Dim AutoFill","MECHANICAL DUCTWORK LAYOUT - LEVEL 07","model","selection","skip","Both","skip-other-users","15369144","Duct Fittings","MHT-ME-DF-Rectangular Eccentric Taper - Flanged-Manula Length","","LEVEL 07","MHT-ME-DF-Rectangular Eccentric Taper - Flanged-Manual Length","500x350-400x350","500","350","","NWB_DimHeight","350","350","350","SKIP","existing-kept","instance","Shared Parameter","7626170","NWB_DimHeight","String","False","1","1"
"20260810_130056","NWB Dim AutoFill","MECHANICAL DUCTWORK LAYOUT - LEVEL 07","model","selection","skip","Both","skip-other-users","15369144","Duct Fittings","MHT-ME-DF-Rectangular Eccentric Taper - Flanged-Manula Length","","LEVEL 07","MHT-ME-DF-Rectangular Eccentric Taper - Flanged-Manual Length","500x350-400x350","500","350","","NWB_DimDiameter","","","","SKIP","no parsed value","","","","NWB_DimDiameter","","","",""
"20260810_130056","NWB Dim AutoFill","MECHANICAL DUCTWORK LAYOUT - LEVEL 07","model","selection","skip","Both","skip-other-users","15369210","Duct Fittings","MHT_DF_Spigot","","LEVEL 07","Damper","200ø-200ø","","","200","NWB_DimWidth","","","","SKIP","no parsed value","","","","NWB_DimWidth","","","",""
"20260810_130056","NWB Dim AutoFill","MECHANICAL DUCTWORK LAYOUT - LEVEL 07","model","selection","skip","Both","skip-other-users","15369210","Duct Fittings","MHT_DF_Spigot","","LEVEL 07","Damper","200ø-200ø","","","200","NWB_DimHeight","","","","SKIP","no parsed value","","","","NWB_DimHeight","","","",""
"20260810_130056","NWB Dim AutoFill","MECHANICAL DUCTWORK LAYOUT - LEVEL 07","model","selection","skip","Both","skip-other-users","15369210","Duct Fittings","MHT_DF_Spigot","","LEVEL 07","Damper","200ø-200ø","","","200","NWB_DimDiameter","200","300","300","SKIP","existing-kept","instance","Shared Parameter","7626172","NWB_DimDiameter","String","False","1","1"
"20260810_130056","NWB Dim AutoFill","MECHANICAL DUCTWORK LAYOUT - LEVEL 07","model","selection","skip","Both","skip-other-users","15369216","Duct Fittings","MHT_DF_Spigot","","LEVEL 07","Damper","250ø-250ø","","","250","NWB_DimWidth","","","","SKIP","no parsed value","","","","NWB_DimWidth","","","",""
"20260810_130056","NWB Dim AutoFill","MECHANICAL DUCTWORK LAYOUT - LEVEL 07","model","selection","skip","Both","skip-other-users","15369216","Duct Fittings","MHT_DF_Spigot","","LEVEL 07","Damper","250ø-250ø","","","250","NWB_DimHeight","","","","SKIP","no parsed value","","","","NWB_DimHeight","","","",""
"20260810_130056","NWB Dim AutoFill","MECHANICAL DUCTWORK LAYOUT - LEVEL 07","model","selection","skip","Both","skip-other-users","15369216","Duct Fittings","MHT_DF_Spigot","","LEVEL 07","Damper","250ø-250ø","","","250","NWB_DimDiameter","250","250","250","SKIP","existing-kept","instance","Shared Parameter","7626172","NWB_DimDiameter","String","False","1","1"
"20260810_130056","NWB Dim AutoFill","MECHANICAL DUCTWORK LAYOUT - LEVEL 07","model","selection","skip","Both","skip-other-users","15369322","Duct Fittings","MHT-ME-DF-Rectangular Eccentric Taper - Flanged-Manula Length","","LEVEL 07","MHT-ME-DF-Rectangular Eccentric Taper - Flanged-Manual Length","400x350-200x300","400","350","","NWB_DimWidth","400","400","400","SKIP","existing-kept","instance","Shared Parameter","7626175","NWB_DimWidth","String","False","1","1"
"20260810_130056","NWB Dim AutoFill","MECHANICAL DUCTWORK LAYOUT - LEVEL 07","model","selection","skip","Both","skip-other-users","15369322","Duct Fittings","MHT-ME-DF-Rectangular Eccentric Taper - Flanged-Manula Length","","LEVEL 07","MHT-ME-DF-Rectangular Eccentric Taper - Flanged-Manual Length","400x350-200x300","400","350","","NWB_DimHeight","350","350","350","SKIP","existing-kept","instance","Shared Parameter","7626170","NWB_DimHeight","String","False","1","1"
"20260810_130056","NWB Dim AutoFill","MECHANICAL DUCTWORK LAYOUT - LEVEL 07","model","selection","skip","Both","skip-other-users","15369322","Duct Fittings","MHT-ME-DF-Rectangular Eccentric Taper - Flanged-Manula Length","","LEVEL 07","MHT-ME-DF-Rectangular Eccentric Taper - Flanged-Manual Length","400x350-200x300","400","350","","NWB_DimDiameter","","","","SKIP","no parsed value","","","","NWB_DimDiameter","","","",""
"20260810_130056","NWB Dim AutoFill","MECHANICAL DUCTWORK LAYOUT - LEVEL 07","model","selection","skip","Both","skip-other-users","15369396","Duct Fittings","MHT_DF_Spigot","","LEVEL 07","Damper","250ø-250ø","","","250","NWB_DimWidth","","","","SKIP","no parsed value","","","","NWB_DimWidth","","","",""
"20260810_130056","NWB Dim AutoFill","MECHANICAL DUCTWORK LAYOUT - LEVEL 07","model","selection","skip","Both","skip-other-users","15369396","Duct Fittings","MHT_DF_Spigot","","LEVEL 07","Damper","250ø-250ø","","","250","NWB_DimHeight","","","","SKIP","no parsed value","","","","NWB_DimHeight","","","",""
"20260810_130056","NWB Dim AutoFill","MECHANICAL DUCTWORK LAYOUT - LEVEL 07","model","selection","skip","Both","skip-other-users","15369396","Duct Fittings","MHT_DF_Spigot","","LEVEL 07","Damper","250ø-250ø","","","250","NWB_DimDiameter","250","250","250","SKIP","existing-kept","instance","Shared Parameter","7626172","NWB_DimDiameter","String","False","1","1"
"20260810_130056","NWB Dim AutoFill","MECHANICAL DUCTWORK LAYOUT - LEVEL 07","model","selection","skip","Both","skip-other-users","15464575","Ducts","Rectangular Duct","","LEVEL 07","Flanged Long Radius Elbows / Shoe Branch","300x350","300","350","","NWB_DimWidth","300","300","300","SKIP","existing-kept","instance","Shared Parameter","7626175","NWB_DimWidth","String","False","1","1"
"20260810_130056","NWB Dim AutoFill","MECHANICAL DUCTWORK LAYOUT - LEVEL 07","model","selection","skip","Both","skip-other-users","15464575","Ducts","Rectangular Duct","","LEVEL 07","Flanged Long Radius Elbows / Shoe Branch","300x350","300","350","","NWB_DimHeight","350","350","350","SKIP","existing-kept","instance","Shared Parameter","7626170","NWB_DimHeight","String","False","1","1"
"20260810_130056","NWB Dim AutoFill","MECHANICAL DUCTWORK LAYOUT - LEVEL 07","model","selection","skip","Both","skip-other-users","15464575","Ducts","Rectangular Duct","","LEVEL 07","Flanged Long Radius Elbows / Shoe Branch","300x350","300","350","","NWB_DimDiameter","","","","SKIP","no parsed value","","","","NWB_DimDiameter","","","",""
"20260810_130056","NWB Dim AutoFill","MECHANICAL DUCTWORK LAYOUT - LEVEL 07","model","selection","skip","Both","skip-other-users","15464576","Ducts","Rectangular Duct","","LEVEL 07","Flanged Long Radius Elbows / Shoe Branch","300x350","300","350","","NWB_DimWidth","300","300","300","SKIP","existing-kept","instance","Shared Parameter","7626175","NWB_DimWidth","String","False","1","1"
"20260810_130056","NWB Dim AutoFill","MECHANICAL DUCTWORK LAYOUT - LEVEL 07","model","selection","skip","Both","skip-other-users","15464576","Ducts","Rectangular Duct","","LEVEL 07","Flanged Long Radius Elbows / Shoe Branch","300x350","300","350","","NWB_DimHeight","350","350","350","SKIP","existing-kept","instance","Shared Parameter","7626170","NWB_DimHeight","String","False","1","1"
"20260810_130056","NWB Dim AutoFill","MECHANICAL DUCTWORK LAYOUT - LEVEL 07","model","selection","skip","Both","skip-other-users","15464576","Ducts","Rectangular Duct","","LEVEL 07","Flanged Long Radius Elbows / Shoe Branch","300x350","300","350","","NWB_DimDiameter","","","","SKIP","no parsed value","","","","NWB_DimDiameter","","","",""
"20260810_130056","NWB Dim AutoFill","MECHANICAL DUCTWORK LAYOUT - LEVEL 07","model","selection","skip","Both","skip-other-users","15464578","Duct Fittings","MHT-ME-DF-Rectangular Short Radius Bend - Flanged","","LEVEL 07","MHT-ME-DF-Rectangular Short Radius Bend - Flanged","350x300-350x300","350","300","","NWB_DimWidth","350","200","200","SKIP","existing-kept","instance","Shared Parameter","3045165","NWB_DimWidth","Double","False","2","2"
"20260810_130056","NWB Dim AutoFill","MECHANICAL DUCTWORK LAYOUT - LEVEL 07","model","selection","skip","Both","skip-other-users","15464578","Duct Fittings","MHT-ME-DF-Rectangular Short Radius Bend - Flanged","","LEVEL 07","MHT-ME-DF-Rectangular Short Radius Bend - Flanged","350x300-350x300","350","300","","NWB_DimHeight","300","200","200","SKIP","existing-kept","instance","Shared Parameter","3045163","NWB_DimHeight","Double","False","2","2"
"20260810_130056","NWB Dim AutoFill","MECHANICAL DUCTWORK LAYOUT - LEVEL 07","model","selection","skip","Both","skip-other-users","15464578","Duct Fittings","MHT-ME-DF-Rectangular Short Radius Bend - Flanged","","LEVEL 07","MHT-ME-DF-Rectangular Short Radius Bend - Flanged","350x300-350x300","350","300","","NWB_DimDiameter","","","","SKIP","no parsed value","","","","NWB_DimDiameter","","","",""
"20260810_130056","NWB Dim AutoFill","MECHANICAL DUCTWORK LAYOUT - LEVEL 07","model","selection","skip","Both","skip-other-users","15464587","Duct Fittings","MHT-ME-DF-Rectangular Eccentric Taper - Flanged-01","","LEVEL 07","Standard","300x350-250x250","300","350","","NWB_DimWidth","300","300","300","SKIP","existing-kept","instance","Shared Parameter","3045165","NWB_DimWidth","Double","False","2","2"
"20260810_130056","NWB Dim AutoFill","MECHANICAL DUCTWORK LAYOUT - LEVEL 07","model","selection","skip","Both","skip-other-users","15464587","Duct Fittings","MHT-ME-DF-Rectangular Eccentric Taper - Flanged-01","","LEVEL 07","Standard","300x350-250x250","300","350","","NWB_DimHeight","350","300","300","SKIP","existing-kept","instance","Shared Parameter","3045163","NWB_DimHeight","Double","False","2","2"
"20260810_130056","NWB Dim AutoFill","MECHANICAL DUCTWORK LAYOUT - LEVEL 07","model","selection","skip","Both","skip-other-users","15464587","Duct Fittings","MHT-ME-DF-Rectangular Eccentric Taper - Flanged-01","","LEVEL 07","Standard","300x350-250x250","300","350","","NWB_DimDiameter","","","","SKIP","no parsed value","","","","NWB_DimDiameter","","","",""
"20260810_130056","NWB Dim AutoFill","MECHANICAL DUCTWORK LAYOUT - LEVEL 07","model","selection","skip","Both","skip-other-users","15464589","Duct Fittings","MHT-ME-DF-Rectangular Short Radius Bend - Flanged","","LEVEL 07","MHT-ME-DF-Rectangular Short Radius Bend - Flanged","350x300-350x300","350","300","","NWB_DimWidth","350","350","350","SKIP","existing-kept","instance","Shared Parameter","3045165","NWB_DimWidth","Double","False","2","2"
"20260810_130056","NWB Dim AutoFill","MECHANICAL DUCTWORK LAYOUT - LEVEL 07","model","selection","skip","Both","skip-other-users","15464589","Duct Fittings","MHT-ME-DF-Rectangular Short Radius Bend - Flanged","","LEVEL 07","MHT-ME-DF-Rectangular Short Radius Bend - Flanged","350x300-350x300","350","300","","NWB_DimHeight","300","300","300","SKIP","existing-kept","instance","Shared Parameter","3045163","NWB_DimHeight","Double","False","2","2"
"20260810_130056","NWB Dim AutoFill","MECHANICAL DUCTWORK LAYOUT - LEVEL 07","model","selection","skip","Both","skip-other-users","15464589","Duct Fittings","MHT-ME-DF-Rectangular Short Radius Bend - Flanged","","LEVEL 07","MHT-ME-DF-Rectangular Short Radius Bend - Flanged","350x300-350x300","350","300","","NWB_DimDiameter","","","","SKIP","no parsed value","","","","NWB_DimDiameter","","","",""
"20260810_130056","NWB Dim AutoFill","MECHANICAL DUCTWORK LAYOUT - LEVEL 07","model","selection","skip","Both","skip-other-users","15465201","Duct Fittings","MHT_DF_Spigot","","LEVEL 07","Damper","400ø-400ø","","","400","NWB_DimWidth","","","","SKIP","no parsed value","","","","NWB_DimWidth","","","",""
"20260810_130056","NWB Dim AutoFill","MECHANICAL DUCTWORK LAYOUT - LEVEL 07","model","selection","skip","Both","skip-other-users","15465201","Duct Fittings","MHT_DF_Spigot","","LEVEL 07","Damper","400ø-400ø","","","400","NWB_DimHeight","","","","SKIP","no parsed value","","","","NWB_DimHeight","","","",""
"20260810_130056","NWB Dim AutoFill","MECHANICAL DUCTWORK LAYOUT - LEVEL 07","model","selection","skip","Both","skip-other-users","15465201","Duct Fittings","MHT_DF_Spigot","","LEVEL 07","Damper","400ø-400ø","","","400","NWB_DimDiameter","400","400","400","SKIP","existing-kept","instance","Shared Parameter","7626172","NWB_DimDiameter","String","False","1","1"
"20260810_130056","NWB Dim AutoFill","MECHANICAL DUCTWORK LAYOUT - LEVEL 07","model","selection","skip","Both","skip-other-users","15465428","Duct Fittings","MHT_DF_Spigot","","LEVEL 07","Damper","400ø-400ø","","","400","NWB_DimWidth","","","","SKIP","no parsed value","","","","NWB_DimWidth","","","",""
"20260810_130056","NWB Dim AutoFill","MECHANICAL DUCTWORK LAYOUT - LEVEL 07","model","selection","skip","Both","skip-other-users","15465428","Duct Fittings","MHT_DF_Spigot","","LEVEL 07","Damper","400ø-400ø","","","400","NWB_DimHeight","","","","SKIP","no parsed value","","","","NWB_DimHeight","","","",""
"20260810_130056","NWB Dim AutoFill","MECHANICAL DUCTWORK LAYOUT - LEVEL 07","model","selection","skip","Both","skip-other-users","15465428","Duct Fittings","MHT_DF_Spigot","","LEVEL 07","Damper","400ø-400ø","","","400","NWB_DimDiameter","400","400","400","SKIP","existing-kept","instance","Shared Parameter","7626172","NWB_DimDiameter","String","False","1","1"
"20260810_130056","NWB Dim AutoFill","MECHANICAL DUCTWORK LAYOUT - LEVEL 07","model","selection","skip","Both","skip-other-users","15473068","Ducts","Rectangular Duct","","LEVEL 07","Flanged Long Radius Elbows / Shoe Branch","500x350","500","350","","NWB_DimWidth","500","500","500","SKIP","existing-kept","instance","Shared Parameter","7626175","NWB_DimWidth","String","False","1","1"
"20260810_130056","NWB Dim AutoFill","MECHANICAL DUCTWORK LAYOUT - LEVEL 07","model","selection","skip","Both","skip-other-users","15473068","Ducts","Rectangular Duct","","LEVEL 07","Flanged Long Radius Elbows / Shoe Branch","500x350","500","350","","NWB_DimHeight","350","350","350","SKIP","existing-kept","instance","Shared Parameter","7626170","NWB_DimHeight","String","False","1","1"
"20260810_130056","NWB Dim AutoFill","MECHANICAL DUCTWORK LAYOUT - LEVEL 07","model","selection","skip","Both","skip-other-users","15473068","Ducts","Rectangular Duct","","LEVEL 07","Flanged Long Radius Elbows / Shoe Branch","500x350","500","350","","NWB_DimDiameter","","","","SKIP","no parsed value","","","","NWB_DimDiameter","","","",""
"20260810_130056","NWB Dim AutoFill","MECHANICAL DUCTWORK LAYOUT - LEVEL 07","model","selection","skip","Both","skip-other-users","15473082","Duct Fittings","MHT-ME-DF-Rectangular Shoe Branch - Flanged","","LEVEL 07","Standard","350x500-350x500","350","500","","NWB_DimWidth","350","300","300","SKIP","existing-kept","instance","Shared Parameter","7626175","NWB_DimWidth","String","False","1","1"
"20260810_130056","NWB Dim AutoFill","MECHANICAL DUCTWORK LAYOUT - LEVEL 07","model","selection","skip","Both","skip-other-users","15473082","Duct Fittings","MHT-ME-DF-Rectangular Shoe Branch - Flanged","","LEVEL 07","Standard","350x500-350x500","350","500","","NWB_DimHeight","500","0","0","SKIP","existing-kept","instance","Shared Parameter","7626170","NWB_DimHeight","String","False","1","1"
"20260810_130056","NWB Dim AutoFill","MECHANICAL DUCTWORK LAYOUT - LEVEL 07","model","selection","skip","Both","skip-other-users","15473082","Duct Fittings","MHT-ME-DF-Rectangular Shoe Branch - Flanged","","LEVEL 07","Standard","350x500-350x500","350","500","","NWB_DimDiameter","","","","SKIP","no parsed value","","","","NWB_DimDiameter","","","",""
"20260810_130056","NWB Dim AutoFill","MECHANICAL DUCTWORK LAYOUT - LEVEL 07","model","selection","skip","Both","skip-other-users","15473114","Ducts","Rectangular Duct","","LEVEL 07","Flanged Long Radius Elbows / Shoe Branch","600x350","600","350","","NWB_DimWidth","600","600","600","SKIP","existing-kept","instance","Shared Parameter","7626175","NWB_DimWidth","String","False","1","1"
"20260810_130056","NWB Dim AutoFill","MECHANICAL DUCTWORK LAYOUT - LEVEL 07","model","selection","skip","Both","skip-other-users","15473114","Ducts","Rectangular Duct","","LEVEL 07","Flanged Long Radius Elbows / Shoe Branch","600x350","600","350","","NWB_DimHeight","350","350","350","SKIP","existing-kept","instance","Shared Parameter","7626170","NWB_DimHeight","String","False","1","1"
"20260810_130056","NWB Dim AutoFill","MECHANICAL DUCTWORK LAYOUT - LEVEL 07","model","selection","skip","Both","skip-other-users","15473114","Ducts","Rectangular Duct","","LEVEL 07","Flanged Long Radius Elbows / Shoe Branch","600x350","600","350","","NWB_DimDiameter","","","","SKIP","no parsed value","","","","NWB_DimDiameter","","","",""
"20260810_130056","NWB Dim AutoFill","MECHANICAL DUCTWORK LAYOUT - LEVEL 07","model","selection","skip","Both","skip-other-users","15473124","Ducts","Rectangular Duct","","LEVEL 07","Flanged Long Radius Elbows / Shoe Branch","600x350","600","350","","NWB_DimWidth","600","600","600","SKIP","existing-kept","instance","Shared Parameter","7626175","NWB_DimWidth","String","False","1","1"
"20260810_130056","NWB Dim AutoFill","MECHANICAL DUCTWORK LAYOUT - LEVEL 07","model","selection","skip","Both","skip-other-users","15473124","Ducts","Rectangular Duct","","LEVEL 07","Flanged Long Radius Elbows / Shoe Branch","600x350","600","350","","NWB_DimHeight","350","350","350","SKIP","existing-kept","instance","Shared Parameter","7626170","NWB_DimHeight","String","False","1","1"
"20260810_130056","NWB Dim AutoFill","MECHANICAL DUCTWORK LAYOUT - LEVEL 07","model","selection","skip","Both","skip-other-users","15473124","Ducts","Rectangular Duct","","LEVEL 07","Flanged Long Radius Elbows / Shoe Branch","600x350","600","350","","NWB_DimDiameter","","","","SKIP","no parsed value","","","","NWB_DimDiameter","","","",""
"20260810_130056","NWB Dim AutoFill","MECHANICAL DUCTWORK LAYOUT - LEVEL 07","model","selection","skip","Both","skip-other-users","15473132","Duct Fittings","MHT-ME-DF-Rectangular Shoe Branch - Flanged","","LEVEL 07","Standard","350x600-350x600","350","600","","NWB_DimWidth","350","250","250","SKIP","existing-kept","instance","Shared Parameter","7626175","NWB_DimWidth","String","False","1","1"
"20260810_130056","NWB Dim AutoFill","MECHANICAL DUCTWORK LAYOUT - LEVEL 07","model","selection","skip","Both","skip-other-users","15473132","Duct Fittings","MHT-ME-DF-Rectangular Shoe Branch - Flanged","","LEVEL 07","Standard","350x600-350x600","350","600","","NWB_DimHeight","600","200","200","SKIP","existing-kept","instance","Shared Parameter","7626170","NWB_DimHeight","String","False","1","1"
"20260810_130056","NWB Dim AutoFill","MECHANICAL DUCTWORK LAYOUT - LEVEL 07","model","selection","skip","Both","skip-other-users","15473132","Duct Fittings","MHT-ME-DF-Rectangular Shoe Branch - Flanged","","LEVEL 07","Standard","350x600-350x600","350","600","","NWB_DimDiameter","","","","SKIP","no parsed value","","","","NWB_DimDiameter","","","",""
"20260810_130056","NWB Dim AutoFill","MECHANICAL DUCTWORK LAYOUT - LEVEL 07","model","selection","skip","Both","skip-other-users","15473133","Duct Fittings","MHT-ME-DF-Rectangular Short Radius Bend - Flanged","","LEVEL 07","MHT-ME-DF-Rectangular Short Radius Bend - Flanged","600x350-600x350","600","350","","NWB_DimWidth","600","350","350","SKIP","existing-kept","instance","Shared Parameter","3045165","NWB_DimWidth","Double","False","2","2"
"20260810_130056","NWB Dim AutoFill","MECHANICAL DUCTWORK LAYOUT - LEVEL 07","model","selection","skip","Both","skip-other-users","15473133","Duct Fittings","MHT-ME-DF-Rectangular Short Radius Bend - Flanged","","LEVEL 07","MHT-ME-DF-Rectangular Short Radius Bend - Flanged","600x350-600x350","600","350","","NWB_DimHeight","350","500","500","SKIP","existing-kept","instance","Shared Parameter","3045163","NWB_DimHeight","Double","False","2","2"
"20260810_130056","NWB Dim AutoFill","MECHANICAL DUCTWORK LAYOUT - LEVEL 07","model","selection","skip","Both","skip-other-users","15473133","Duct Fittings","MHT-ME-DF-Rectangular Short Radius Bend - Flanged","","LEVEL 07","MHT-ME-DF-Rectangular Short Radius Bend - Flanged","600x350-600x350","600","350","","NWB_DimDiameter","","","","SKIP","no parsed value","","","","NWB_DimDiameter","","","",""
"20260810_130056","NWB Dim AutoFill","MECHANICAL DUCTWORK LAYOUT - LEVEL 07","model","selection","skip","Both","skip-other-users","15473199","Ducts","Rectangular Duct","","LEVEL 07","Flanged Long Radius Elbows / Shoe Branch","800x450","800","450","","NWB_DimWidth","800","800","800","SKIP","existing-kept","instance","Shared Parameter","7626175","NWB_DimWidth","String","False","1","1"
"20260810_130056","NWB Dim AutoFill","MECHANICAL DUCTWORK LAYOUT - LEVEL 07","model","selection","skip","Both","skip-other-users","15473199","Ducts","Rectangular Duct","","LEVEL 07","Flanged Long Radius Elbows / Shoe Branch","800x450","800","450","","NWB_DimHeight","450","450","450","SKIP","existing-kept","instance","Shared Parameter","7626170","NWB_DimHeight","String","False","1","1"
"20260810_130056","NWB Dim AutoFill","MECHANICAL DUCTWORK LAYOUT - LEVEL 07","model","selection","skip","Both","skip-other-users","15473199","Ducts","Rectangular Duct","","LEVEL 07","Flanged Long Radius Elbows / Shoe Branch","800x450","800","450","","NWB_DimDiameter","","","","SKIP","no parsed value","","","","NWB_DimDiameter","","","",""
"20260810_130056","NWB Dim AutoFill","MECHANICAL DUCTWORK LAYOUT - LEVEL 07","model","selection","skip","Both","skip-other-users","15473211","Ducts","Rectangular Duct","","LEVEL 07","Flanged Long Radius Elbows / Shoe Branch","800x450","800","450","","NWB_DimWidth","800","800","800","SKIP","existing-kept","instance","Shared Parameter","7626175","NWB_DimWidth","String","False","1","1"
"20260810_130056","NWB Dim AutoFill","MECHANICAL DUCTWORK LAYOUT - LEVEL 07","model","selection","skip","Both","skip-other-users","15473211","Ducts","Rectangular Duct","","LEVEL 07","Flanged Long Radius Elbows / Shoe Branch","800x450","800","450","","NWB_DimHeight","450","450","450","SKIP","existing-kept","instance","Shared Parameter","7626170","NWB_DimHeight","String","False","1","1"
"20260810_130056","NWB Dim AutoFill","MECHANICAL DUCTWORK LAYOUT - LEVEL 07","model","selection","skip","Both","skip-other-users","15473211","Ducts","Rectangular Duct","","LEVEL 07","Flanged Long Radius Elbows / Shoe Branch","800x450","800","450","","NWB_DimDiameter","","","","SKIP","no parsed value","","","","NWB_DimDiameter","","","",""
"20260810_130056","NWB Dim AutoFill","MECHANICAL DUCTWORK LAYOUT - LEVEL 07","model","selection","skip","Both","skip-other-users","15473221","Duct Fittings","MHT-ME-DF-Rectangular Short Radius Bend - Flanged","","LEVEL 07","MHT-ME-DF-Rectangular Short Radius Bend - Flanged","800x450-800x450","800","450","","NWB_DimWidth","800","600","600","SKIP","existing-kept","instance","Shared Parameter","3045165","NWB_DimWidth","Double","False","2","2"
"20260810_130056","NWB Dim AutoFill","MECHANICAL DUCTWORK LAYOUT - LEVEL 07","model","selection","skip","Both","skip-other-users","15473221","Duct Fittings","MHT-ME-DF-Rectangular Short Radius Bend - Flanged","","LEVEL 07","MHT-ME-DF-Rectangular Short Radius Bend - Flanged","800x450-800x450","800","450","","NWB_DimHeight","450","350","350","SKIP","existing-kept","instance","Shared Parameter","3045163","NWB_DimHeight","Double","False","2","2"
"20260810_130056","NWB Dim AutoFill","MECHANICAL DUCTWORK LAYOUT - LEVEL 07","model","selection","skip","Both","skip-other-users","15473221","Duct Fittings","MHT-ME-DF-Rectangular Short Radius Bend - Flanged","","LEVEL 07","MHT-ME-DF-Rectangular Short Radius Bend - Flanged","800x450-800x450","800","450","","NWB_DimDiameter","","","","SKIP","no parsed value","","","","NWB_DimDiameter","","","",""
"20260810_130056","NWB Dim AutoFill","MECHANICAL DUCTWORK LAYOUT - LEVEL 07","model","selection","skip","Both","skip-other-users","15473222","Ducts","Rectangular Duct","","LEVEL 07","Flanged Long Radius Elbows / Shoe Branch","800x450","800","450","","NWB_DimWidth","800","800","800","SKIP","existing-kept","instance","Shared Parameter","7626175","NWB_DimWidth","String","False","1","1"
"20260810_130056","NWB Dim AutoFill","MECHANICAL DUCTWORK LAYOUT - LEVEL 07","model","selection","skip","Both","skip-other-users","15473222","Ducts","Rectangular Duct","","LEVEL 07","Flanged Long Radius Elbows / Shoe Branch","800x450","800","450","","NWB_DimHeight","450","450","450","SKIP","existing-kept","instance","Shared Parameter","7626170","NWB_DimHeight","String","False","1","1"
"20260810_130056","NWB Dim AutoFill","MECHANICAL DUCTWORK LAYOUT - LEVEL 07","model","selection","skip","Both","skip-other-users","15473222","Ducts","Rectangular Duct","","LEVEL 07","Flanged Long Radius Elbows / Shoe Branch","800x450","800","450","","NWB_DimDiameter","","","","SKIP","no parsed value","","","","NWB_DimDiameter","","","",""
"20260810_130056","NWB Dim AutoFill","MECHANICAL DUCTWORK LAYOUT - LEVEL 07","model","selection","skip","Both","skip-other-users","15473483","Duct Fittings","MHT-ME-DF-Rectangular Shoe Branch - Flanged","","LEVEL 07","Standard","450x800-450x800","450","800","","NWB_DimWidth","450","350","350","SKIP","existing-kept","instance","Shared Parameter","7626175","NWB_DimWidth","String","False","1","1"
"20260810_130056","NWB Dim AutoFill","MECHANICAL DUCTWORK LAYOUT - LEVEL 07","model","selection","skip","Both","skip-other-users","15473483","Duct Fittings","MHT-ME-DF-Rectangular Shoe Branch - Flanged","","LEVEL 07","Standard","450x800-450x800","450","800","","NWB_DimHeight","800","550","550","SKIP","existing-kept","instance","Shared Parameter","7626170","NWB_DimHeight","String","False","1","1"
"20260810_130056","NWB Dim AutoFill","MECHANICAL DUCTWORK LAYOUT - LEVEL 07","model","selection","skip","Both","skip-other-users","15473483","Duct Fittings","MHT-ME-DF-Rectangular Shoe Branch - Flanged","","LEVEL 07","Standard","450x800-450x800","450","800","","NWB_DimDiameter","","","","SKIP","no parsed value","","","","NWB_DimDiameter","","","",""
"20260810_130056","NWB Dim AutoFill","MECHANICAL DUCTWORK LAYOUT - LEVEL 07","model","selection","skip","Both","skip-other-users","15473485","Duct Fittings","MHT-ME-DF-Rectangular Short Radius Bend - Flanged","","LEVEL 07","MHT-ME-DF-Rectangular Short Radius Bend - Flanged","800x450-800x450","800","450","","NWB_DimWidth","800","800","800","SKIP","existing-kept","instance","Shared Parameter","3045165","NWB_DimWidth","Double","False","2","2"
"20260810_130056","NWB Dim AutoFill","MECHANICAL DUCTWORK LAYOUT - LEVEL 07","model","selection","skip","Both","skip-other-users","15473485","Duct Fittings","MHT-ME-DF-Rectangular Short Radius Bend - Flanged","","LEVEL 07","MHT-ME-DF-Rectangular Short Radius Bend - Flanged","800x450-800x450","800","450","","NWB_DimHeight","450","450","450","SKIP","existing-kept","instance","Shared Parameter","3045163","NWB_DimHeight","Double","False","2","2"
"20260810_130056","NWB Dim AutoFill","MECHANICAL DUCTWORK LAYOUT - LEVEL 07","model","selection","skip","Both","skip-other-users","15473485","Duct Fittings","MHT-ME-DF-Rectangular Short Radius Bend - Flanged","","LEVEL 07","MHT-ME-DF-Rectangular Short Radius Bend - Flanged","800x450-800x450","800","450","","NWB_DimDiameter","","","","SKIP","no parsed value","","","","NWB_DimDiameter","","","",""
"20260810_130056","NWB Dim AutoFill","MECHANICAL DUCTWORK LAYOUT - LEVEL 07","model","selection","skip","Both","skip-other-users","15534709","Duct Accessories","MHT-ME-Fire Damper-02","","LEVEL 07","MHT-ME-FAM-FAM-Fire Damper","500x350-500x350","500","350","","NWB_DimWidth","500","500","500","SKIP","existing-kept","instance","Shared Parameter","7626175","NWB_DimWidth","String","False","1","1"
"20260810_130056","NWB Dim AutoFill","MECHANICAL DUCTWORK LAYOUT - LEVEL 07","model","selection","skip","Both","skip-other-users","15534709","Duct Accessories","MHT-ME-Fire Damper-02","","LEVEL 07","MHT-ME-FAM-FAM-Fire Damper","500x350-500x350","500","350","","NWB_DimHeight","350","350","350","SKIP","existing-kept","instance","Shared Parameter","7626170","NWB_DimHeight","String","False","1","1"
"20260810_130056","NWB Dim AutoFill","MECHANICAL DUCTWORK LAYOUT - LEVEL 07","model","selection","skip","Both","skip-other-users","15534709","Duct Accessories","MHT-ME-Fire Damper-02","","LEVEL 07","MHT-ME-FAM-FAM-Fire Damper","500x350-500x350","500","350","","NWB_DimDiameter","","","","SKIP","no parsed value","","","","NWB_DimDiameter","","","",""
"20260810_130056","NWB Dim AutoFill","MECHANICAL DUCTWORK LAYOUT - LEVEL 07","model","selection","skip","Both","skip-other-users","15534711","Ducts","Rectangular Duct","","LEVEL 07","Flanged Long Radius Elbows / Shoe Branch","500x350","500","350","","NWB_DimWidth","500","500","500","SKIP","existing-kept","instance","Shared Parameter","7626175","NWB_DimWidth","String","False","1","1"
"20260810_130056","NWB Dim AutoFill","MECHANICAL DUCTWORK LAYOUT - LEVEL 07","model","selection","skip","Both","skip-other-users","15534711","Ducts","Rectangular Duct","","LEVEL 07","Flanged Long Radius Elbows / Shoe Branch","500x350","500","350","","NWB_DimHeight","350","350","350","SKIP","existing-kept","instance","Shared Parameter","7626170","NWB_DimHeight","String","False","1","1"
"20260810_130056","NWB Dim AutoFill","MECHANICAL DUCTWORK LAYOUT - LEVEL 07","model","selection","skip","Both","skip-other-users","15534711","Ducts","Rectangular Duct","","LEVEL 07","Flanged Long Radius Elbows / Shoe Branch","500x350","500","350","","NWB_DimDiameter","","","","SKIP","no parsed value","","","","NWB_DimDiameter","","","",""
"20260810_130056","NWB Dim AutoFill","MECHANICAL DUCTWORK LAYOUT - LEVEL 07","model","selection","skip","Both","skip-other-users","15534725","Duct Accessories","MHT-ME-Fire Damper-02","","LEVEL 07","MHT-ME-FAM-FAM-Fire Damper","300x300-300x300","300","300","","NWB_DimWidth","300","300","300","SKIP","existing-kept","instance","Shared Parameter","7626175","NWB_DimWidth","String","False","1","1"
"20260810_130056","NWB Dim AutoFill","MECHANICAL DUCTWORK LAYOUT - LEVEL 07","model","selection","skip","Both","skip-other-users","15534725","Duct Accessories","MHT-ME-Fire Damper-02","","LEVEL 07","MHT-ME-FAM-FAM-Fire Damper","300x300-300x300","300","300","","NWB_DimHeight","300","300","300","SKIP","existing-kept","instance","Shared Parameter","7626170","NWB_DimHeight","String","False","1","1"
"20260810_130056","NWB Dim AutoFill","MECHANICAL DUCTWORK LAYOUT - LEVEL 07","model","selection","skip","Both","skip-other-users","15534725","Duct Accessories","MHT-ME-Fire Damper-02","","LEVEL 07","MHT-ME-FAM-FAM-Fire Damper","300x300-300x300","300","300","","NWB_DimDiameter","","","","SKIP","no parsed value","","","","NWB_DimDiameter","","","",""
"20260810_130056","NWB Dim AutoFill","MECHANICAL DUCTWORK LAYOUT - LEVEL 07","model","selection","skip","Both","skip-other-users","15534727","Ducts","Rectangular Duct","","LEVEL 07","Flanged Long Radius Elbows / Shoe Branch","300x300","300","300","","NWB_DimWidth","300","300","300","SKIP","existing-kept","instance","Shared Parameter","7626175","NWB_DimWidth","String","False","1","1"
"20260810_130056","NWB Dim AutoFill","MECHANICAL DUCTWORK LAYOUT - LEVEL 07","model","selection","skip","Both","skip-other-users","15534727","Ducts","Rectangular Duct","","LEVEL 07","Flanged Long Radius Elbows / Shoe Branch","300x300","300","300","","NWB_DimHeight","300","300","300","SKIP","existing-kept","instance","Shared Parameter","7626170","NWB_DimHeight","String","False","1","1"
"20260810_130056","NWB Dim AutoFill","MECHANICAL DUCTWORK LAYOUT - LEVEL 07","model","selection","skip","Both","skip-other-users","15534727","Ducts","Rectangular Duct","","LEVEL 07","Flanged Long Radius Elbows / Shoe Branch","300x300","300","300","","NWB_DimDiameter","","","","SKIP","no parsed value","","","","NWB_DimDiameter","","","",""
"20260810_130056","NWB Dim AutoFill","MECHANICAL DUCTWORK LAYOUT - LEVEL 07","model","selection","skip","Both","skip-other-users","15534731","Duct Accessories","MHT-ME-Fire Damper-02","","LEVEL 07","MHT-ME-FAM-FAM-Fire Damper","500x350-500x350","500","350","","NWB_DimWidth","500","500","500","SKIP","existing-kept","instance","Shared Parameter","7626175","NWB_DimWidth","String","False","1","1"
"20260810_130056","NWB Dim AutoFill","MECHANICAL DUCTWORK LAYOUT - LEVEL 07","model","selection","skip","Both","skip-other-users","15534731","Duct Accessories","MHT-ME-Fire Damper-02","","LEVEL 07","MHT-ME-FAM-FAM-Fire Damper","500x350-500x350","500","350","","NWB_DimHeight","350","350","350","SKIP","existing-kept","instance","Shared Parameter","7626170","NWB_DimHeight","String","False","1","1"
"20260810_130056","NWB Dim AutoFill","MECHANICAL DUCTWORK LAYOUT - LEVEL 07","model","selection","skip","Both","skip-other-users","15534731","Duct Accessories","MHT-ME-Fire Damper-02","","LEVEL 07","MHT-ME-FAM-FAM-Fire Damper","500x350-500x350","500","350","","NWB_DimDiameter","","","","SKIP","no parsed value","","","","NWB_DimDiameter","","","",""
"20260810_130056","NWB Dim AutoFill","MECHANICAL DUCTWORK LAYOUT - LEVEL 07","model","selection","skip","Both","skip-other-users","15534733","Ducts","Rectangular Duct","","LEVEL 07","Flanged Long Radius Elbows / Shoe Branch","500x350","500","350","","NWB_DimWidth","500","500","500","SKIP","existing-kept","instance","Shared Parameter","7626175","NWB_DimWidth","String","False","1","1"
"20260810_130056","NWB Dim AutoFill","MECHANICAL DUCTWORK LAYOUT - LEVEL 07","model","selection","skip","Both","skip-other-users","15534733","Ducts","Rectangular Duct","","LEVEL 07","Flanged Long Radius Elbows / Shoe Branch","500x350","500","350","","NWB_DimHeight","350","350","350","SKIP","existing-kept","instance","Shared Parameter","7626170","NWB_DimHeight","String","False","1","1"
"20260810_130056","NWB Dim AutoFill","MECHANICAL DUCTWORK LAYOUT - LEVEL 07","model","selection","skip","Both","skip-other-users","15534733","Ducts","Rectangular Duct","","LEVEL 07","Flanged Long Radius Elbows / Shoe Branch","500x350","500","350","","NWB_DimDiameter","","","","SKIP","no parsed value","","","","NWB_DimDiameter","","","",""
"20260810_130056","NWB Dim AutoFill","MECHANICAL DUCTWORK LAYOUT - LEVEL 07","model","selection","skip","Both","skip-other-users","15534736","Duct Accessories","MHT-ME-Fire Damper-02","","LEVEL 07","MHT-ME-FAM-FAM-Fire Damper","400x300-400x300","400","300","","NWB_DimWidth","400","400","400","SKIP","existing-kept","instance","Shared Parameter","7626175","NWB_DimWidth","String","False","1","1"
"20260810_130056","NWB Dim AutoFill","MECHANICAL DUCTWORK LAYOUT - LEVEL 07","model","selection","skip","Both","skip-other-users","15534736","Duct Accessories","MHT-ME-Fire Damper-02","","LEVEL 07","MHT-ME-FAM-FAM-Fire Damper","400x300-400x300","400","300","","NWB_DimHeight","300","300","300","SKIP","existing-kept","instance","Shared Parameter","7626170","NWB_DimHeight","String","False","1","1"
"20260810_130056","NWB Dim AutoFill","MECHANICAL DUCTWORK LAYOUT - LEVEL 07","model","selection","skip","Both","skip-other-users","15534736","Duct Accessories","MHT-ME-Fire Damper-02","","LEVEL 07","MHT-ME-FAM-FAM-Fire Damper","400x300-400x300","400","300","","NWB_DimDiameter","","","","SKIP","no parsed value","","","","NWB_DimDiameter","","","",""
"20260810_130056","NWB Dim AutoFill","MECHANICAL DUCTWORK LAYOUT - LEVEL 07","model","selection","skip","Both","skip-other-users","15534738","Ducts","Rectangular Duct","","LEVEL 07","Flanged Long Radius Elbows / Shoe Branch","400x300","400","300","","NWB_DimWidth","400","400","400","SKIP","existing-kept","instance","Shared Parameter","7626175","NWB_DimWidth","String","False","1","1"
"20260810_130056","NWB Dim AutoFill","MECHANICAL DUCTWORK LAYOUT - LEVEL 07","model","selection","skip","Both","skip-other-users","15534738","Ducts","Rectangular Duct","","LEVEL 07","Flanged Long Radius Elbows / Shoe Branch","400x300","400","300","","NWB_DimHeight","300","300","300","SKIP","existing-kept","instance","Shared Parameter","7626170","NWB_DimHeight","String","False","1","1"
"20260810_130056","NWB Dim AutoFill","MECHANICAL DUCTWORK LAYOUT - LEVEL 07","model","selection","skip","Both","skip-other-users","15534738","Ducts","Rectangular Duct","","LEVEL 07","Flanged Long Radius Elbows / Shoe Branch","400x300","400","300","","NWB_DimDiameter","","","","SKIP","no parsed value","","","","NWB_DimDiameter","","","",""
"20260810_130056","NWB Dim AutoFill","MECHANICAL DUCTWORK LAYOUT - LEVEL 07","model","selection","skip","Both","skip-other-users","15534743","Duct Accessories","MHT-ME-Fire Damper-02","","LEVEL 07","MHT-ME-FAM-FAM-Fire Damper","600x350-600x350","600","350","","NWB_DimWidth","600","600","600","SKIP","existing-kept","instance","Shared Parameter","7626175","NWB_DimWidth","String","False","1","1"
"20260810_130056","NWB Dim AutoFill","MECHANICAL DUCTWORK LAYOUT - LEVEL 07","model","selection","skip","Both","skip-other-users","15534743","Duct Accessories","MHT-ME-Fire Damper-02","","LEVEL 07","MHT-ME-FAM-FAM-Fire Damper","600x350-600x350","600","350","","NWB_DimHeight","350","350","350","SKIP","existing-kept","instance","Shared Parameter","7626170","NWB_DimHeight","String","False","1","1"
"20260810_130056","NWB Dim AutoFill","MECHANICAL DUCTWORK LAYOUT - LEVEL 07","model","selection","skip","Both","skip-other-users","15534743","Duct Accessories","MHT-ME-Fire Damper-02","","LEVEL 07","MHT-ME-FAM-FAM-Fire Damper","600x350-600x350","600","350","","NWB_DimDiameter","","","","SKIP","no parsed value","","","","NWB_DimDiameter","","","",""
"20260810_130056","NWB Dim AutoFill","MECHANICAL DUCTWORK LAYOUT - LEVEL 07","model","selection","skip","Both","skip-other-users","15534745","Ducts","Rectangular Duct","","LEVEL 07","Flanged Long Radius Elbows / Shoe Branch","600x350","600","350","","NWB_DimWidth","600","600","600","SKIP","existing-kept","instance","Shared Parameter","7626175","NWB_DimWidth","String","False","1","1"
"20260810_130056","NWB Dim AutoFill","MECHANICAL DUCTWORK LAYOUT - LEVEL 07","model","selection","skip","Both","skip-other-users","15534745","Ducts","Rectangular Duct","","LEVEL 07","Flanged Long Radius Elbows / Shoe Branch","600x350","600","350","","NWB_DimHeight","350","350","350","SKIP","existing-kept","instance","Shared Parameter","7626170","NWB_DimHeight","String","False","1","1"
"20260810_130056","NWB Dim AutoFill","MECHANICAL DUCTWORK LAYOUT - LEVEL 07","model","selection","skip","Both","skip-other-users","15534745","Ducts","Rectangular Duct","","LEVEL 07","Flanged Long Radius Elbows / Shoe Branch","600x350","600","350","","NWB_DimDiameter","","","","SKIP","no parsed value","","","","NWB_DimDiameter","","","",""
"20260810_130056","NWB Dim AutoFill","MECHANICAL DUCTWORK LAYOUT - LEVEL 07","model","selection","skip","Both","skip-other-users","15534748","Duct Accessories","MHT-ME-Fire Damper-02","","LEVEL 07","MHT-ME-FAM-FAM-Fire Damper","350x300-350x300","350","300","","NWB_DimWidth","350","350","350","SKIP","existing-kept","instance","Shared Parameter","7626175","NWB_DimWidth","String","False","1","1"
"20260810_130056","NWB Dim AutoFill","MECHANICAL DUCTWORK LAYOUT - LEVEL 07","model","selection","skip","Both","skip-other-users","15534748","Duct Accessories","MHT-ME-Fire Damper-02","","LEVEL 07","MHT-ME-FAM-FAM-Fire Damper","350x300-350x300","350","300","","NWB_DimHeight","300","300","300","SKIP","existing-kept","instance","Shared Parameter","7626170","NWB_DimHeight","String","False","1","1"
"20260810_130056","NWB Dim AutoFill","MECHANICAL DUCTWORK LAYOUT - LEVEL 07","model","selection","skip","Both","skip-other-users","15534748","Duct Accessories","MHT-ME-Fire Damper-02","","LEVEL 07","MHT-ME-FAM-FAM-Fire Damper","350x300-350x300","350","300","","NWB_DimDiameter","","","","SKIP","no parsed value","","","","NWB_DimDiameter","","","",""
"20260810_130056","NWB Dim AutoFill","MECHANICAL DUCTWORK LAYOUT - LEVEL 07","model","selection","skip","Both","skip-other-users","15534750","Ducts","Rectangular Duct","","LEVEL 07","Flanged Long Radius Elbows / Shoe Branch","350x300","350","300","","NWB_DimWidth","350","350","350","SKIP","existing-kept","instance","Shared Parameter","7626175","NWB_DimWidth","String","False","1","1"
"20260810_130056","NWB Dim AutoFill","MECHANICAL DUCTWORK LAYOUT - LEVEL 07","model","selection","skip","Both","skip-other-users","15534750","Ducts","Rectangular Duct","","LEVEL 07","Flanged Long Radius Elbows / Shoe Branch","350x300","350","300","","NWB_DimHeight","300","300","300","SKIP","existing-kept","instance","Shared Parameter","7626170","NWB_DimHeight","String","False","1","1"
"20260810_130056","NWB Dim AutoFill","MECHANICAL DUCTWORK LAYOUT - LEVEL 07","model","selection","skip","Both","skip-other-users","15534750","Ducts","Rectangular Duct","","LEVEL 07","Flanged Long Radius Elbows / Shoe Branch","350x300","350","300","","NWB_DimDiameter","","","","SKIP","no parsed value","","","","NWB_DimDiameter","","","",""
"20260810_130056","NWB Dim AutoFill","MECHANICAL DUCTWORK LAYOUT - LEVEL 07","model","selection","skip","Both","skip-other-users","15665496","Air Terminals","MHT_AT_S Air Diff Swirl","","LEVEL 07","No Damper 300X300","600x350","600","350","250","NWB_DimDiameter","250","250ø","250ø","SKIP","existing-kept","instance","Shared Parameter","7626172","NWB_DimDiameter","String","False","1","1"
"20260810_130056","NWB Dim AutoFill","MECHANICAL DUCTWORK LAYOUT - LEVEL 07","model","selection","skip","Both","skip-other-users","15665501","Flex Ducts","Flex Duct Round","","LEVEL 07","Flex - Round","250 mmø","","","250","NWB_DimWidth","","","","SKIP","no parsed value","","","","NWB_DimWidth","","","",""
"20260810_130056","NWB Dim AutoFill","MECHANICAL DUCTWORK LAYOUT - LEVEL 07","model","selection","skip","Both","skip-other-users","15665501","Flex Ducts","Flex Duct Round","","LEVEL 07","Flex - Round","250 mmø","","","250","NWB_DimHeight","","","","SKIP","no parsed value","","","","NWB_DimHeight","","","",""
"20260810_130056","NWB Dim AutoFill","MECHANICAL DUCTWORK LAYOUT - LEVEL 07","model","selection","skip","Both","skip-other-users","15665503","Duct Fittings","MHT_DF_Spigot","","LEVEL 07","Damper","250ø-250ø","","","250","NWB_DimWidth","","","","SKIP","no parsed value","","","","NWB_DimWidth","","","",""
"20260810_130056","NWB Dim AutoFill","MECHANICAL DUCTWORK LAYOUT - LEVEL 07","model","selection","skip","Both","skip-other-users","15665503","Duct Fittings","MHT_DF_Spigot","","LEVEL 07","Damper","250ø-250ø","","","250","NWB_DimHeight","","","","SKIP","no parsed value","","","","NWB_DimHeight","","","",""
"20260810_130056","NWB Dim AutoFill","MECHANICAL DUCTWORK LAYOUT - LEVEL 07","model","selection","skip","Both","skip-other-users","15665549","Duct Fittings","MHT-ME-DF-Square Cap-BMA","","LEVEL 07","Standard","200x300","200","300","","NWB_DimDiameter","","","","SKIP","no parsed value","","","","NWB_DimDiameter","","","",""
"20260810_130056","NWB Dim AutoFill","MECHANICAL DUCTWORK LAYOUT - LEVEL 07","model","selection","skip","Both","skip-other-users","15665588","Duct Fittings","MHT-ME-DF-Square Cap-BMA","","LEVEL 07","Standard","300x300","300","300","","NWB_DimDiameter","","","","SKIP","no parsed value","","","","NWB_DimDiameter","","","",""
"20260810_130056","NWB Dim AutoFill","MECHANICAL DUCTWORK LAYOUT - LEVEL 07","model","selection","skip","Both","skip-other-users","15665618","Duct Fittings","MHT-ME-DF-Square Cap-BMA","","LEVEL 07","Standard","200x200","200","200","","NWB_DimDiameter","","","","SKIP","no parsed value","","","","NWB_DimDiameter","","","",""
"20260810_130056","NWB Dim AutoFill","MECHANICAL DUCTWORK LAYOUT - LEVEL 07","model","selection","skip","Both","skip-other-users","15665895","Flex Ducts","Flex Duct Round","","LEVEL 07","Flex - Round","250 mmø","","","250","NWB_DimWidth","","","","SKIP","no parsed value","","","","NWB_DimWidth","","","",""
"20260810_130056","NWB Dim AutoFill","MECHANICAL DUCTWORK LAYOUT - LEVEL 07","model","selection","skip","Both","skip-other-users","15665895","Flex Ducts","Flex Duct Round","","LEVEL 07","Flex - Round","250 mmø","","","250","NWB_DimHeight","","","","SKIP","no parsed value","","","","NWB_DimHeight","","","",""
"20260810_130056","NWB Dim AutoFill","MECHANICAL DUCTWORK LAYOUT - LEVEL 07","model","selection","skip","Both","skip-other-users","15665898","Duct Fittings","MHT_DF_Spigot","","LEVEL 07","Damper","250ø-250ø","","","250","NWB_DimWidth","","","","SKIP","no parsed value","","","","NWB_DimWidth","","","",""
"20260810_130056","NWB Dim AutoFill","MECHANICAL DUCTWORK LAYOUT - LEVEL 07","model","selection","skip","Both","skip-other-users","15665898","Duct Fittings","MHT_DF_Spigot","","LEVEL 07","Damper","250ø-250ø","","","250","NWB_DimHeight","","","","SKIP","no parsed value","","","","NWB_DimHeight","","","",""
"20260810_130056","NWB Dim AutoFill","MECHANICAL DUCTWORK LAYOUT - LEVEL 07","model","selection","skip","Both","skip-other-users","15665956","Ducts","Rectangular Duct","","LEVEL 07","Flanged Long Radius Elbows / Shoe Branch","600x350","600","350","","NWB_DimWidth","600","600","600","SKIP","existing-kept","instance","Shared Parameter","7626175","NWB_DimWidth","String","False","1","1"
"20260810_130056","NWB Dim AutoFill","MECHANICAL DUCTWORK LAYOUT - LEVEL 07","model","selection","skip","Both","skip-other-users","15665956","Ducts","Rectangular Duct","","LEVEL 07","Flanged Long Radius Elbows / Shoe Branch","600x350","600","350","","NWB_DimHeight","350","350","350","SKIP","existing-kept","instance","Shared Parameter","7626170","NWB_DimHeight","String","False","1","1"
"20260810_130056","NWB Dim AutoFill","MECHANICAL DUCTWORK LAYOUT - LEVEL 07","model","selection","skip","Both","skip-other-users","15665956","Ducts","Rectangular Duct","","LEVEL 07","Flanged Long Radius Elbows / Shoe Branch","600x350","600","350","","NWB_DimDiameter","","","","SKIP","no parsed value","","","","NWB_DimDiameter","","","",""
"20260810_130056","NWB Dim AutoFill","MECHANICAL DUCTWORK LAYOUT - LEVEL 07","model","selection","skip","Both","skip-other-users","15666070","Duct Fittings","MHT-ME-DF-Rectangular Eccentric Taper - Flanged-01","","LEVEL 07","Standard","600x350-550x350","600","350","","NWB_DimDiameter","","","","SKIP","no parsed value","","","","NWB_DimDiameter","","","",""
"20260810_130056","NWB Dim AutoFill","MECHANICAL DUCTWORK LAYOUT - LEVEL 07","model","selection","skip","Both","skip-other-users","15666126","Ducts","Rectangular Duct","","LEVEL 07","Flanged Long Radius Elbows / Shoe Branch","550x350","550","350","","NWB_DimWidth","550","550","550","SKIP","existing-kept","instance","Shared Parameter","7626175","NWB_DimWidth","String","False","1","1"
"20260810_130056","NWB Dim AutoFill","MECHANICAL DUCTWORK LAYOUT - LEVEL 07","model","selection","skip","Both","skip-other-users","15666126","Ducts","Rectangular Duct","","LEVEL 07","Flanged Long Radius Elbows / Shoe Branch","550x350","550","350","","NWB_DimHeight","350","350","350","SKIP","existing-kept","instance","Shared Parameter","7626170","NWB_DimHeight","String","False","1","1"
"20260810_130056","NWB Dim AutoFill","MECHANICAL DUCTWORK LAYOUT - LEVEL 07","model","selection","skip","Both","skip-other-users","15666126","Ducts","Rectangular Duct","","LEVEL 07","Flanged Long Radius Elbows / Shoe Branch","550x350","550","350","","NWB_DimDiameter","","","","SKIP","no parsed value","","","","NWB_DimDiameter","","","",""
"20260810_130056","NWB Dim AutoFill","MECHANICAL DUCTWORK LAYOUT - LEVEL 07","model","selection","skip","Both","skip-other-users","15666140","Duct Fittings","MHT-ME-DF-Rectangular Short Radius Bend - Flanged","","LEVEL 07","MHT-ME-DF-Rectangular Short Radius Bend - Flanged","550x350-550x350","550","350","","NWB_DimDiameter","","","","SKIP","no parsed value","","","","NWB_DimDiameter","","","",""
"20260810_130056","NWB Dim AutoFill","MECHANICAL DUCTWORK LAYOUT - LEVEL 07","model","selection","skip","Both","skip-other-users","15666188","Duct Fittings","MHT-ME-DF-Rectangular Shoe Branch - Flanged","","LEVEL 07","Standard","200x250-200x250","200","250","","NWB_DimDiameter","","","","SKIP","no parsed value","","","","NWB_DimDiameter","","","",""
"20260810_130056","NWB Dim AutoFill","MECHANICAL DUCTWORK LAYOUT - LEVEL 07","model","selection","skip","Both","skip-other-users","15666299","Duct Fittings","MHT-ME-DF-Rectangular Shoe Branch - Flanged","","LEVEL 07","Standard","300x300-300x300","300","300","","NWB_DimDiameter","","","","SKIP","no parsed value","","","","NWB_DimDiameter","","","",""
"20260810_130056","NWB Dim AutoFill","MECHANICAL DUCTWORK LAYOUT - LEVEL 07","model","selection","skip","Both","skip-other-users","15666340","Ducts","Rectangular Duct","","LEVEL 07","Flanged Long Radius Elbows / Shoe Branch","550x350","550","350","","NWB_DimWidth","550","550","550","SKIP","existing-kept","instance","Shared Parameter","7626175","NWB_DimWidth","String","False","1","1"
"20260810_130056","NWB Dim AutoFill","MECHANICAL DUCTWORK LAYOUT - LEVEL 07","model","selection","skip","Both","skip-other-users","15666340","Ducts","Rectangular Duct","","LEVEL 07","Flanged Long Radius Elbows / Shoe Branch","550x350","550","350","","NWB_DimHeight","350","350","350","SKIP","existing-kept","instance","Shared Parameter","7626170","NWB_DimHeight","String","False","1","1"
"20260810_130056","NWB Dim AutoFill","MECHANICAL DUCTWORK LAYOUT - LEVEL 07","model","selection","skip","Both","skip-other-users","15666340","Ducts","Rectangular Duct","","LEVEL 07","Flanged Long Radius Elbows / Shoe Branch","550x350","550","350","","NWB_DimDiameter","","","","SKIP","no parsed value","","","","NWB_DimDiameter","","","",""
"20260810_130056","NWB Dim AutoFill","MECHANICAL DUCTWORK LAYOUT - LEVEL 07","model","selection","skip","Both","skip-other-users","15666388","Duct Fittings","MHT-ME-DF-Rectangular Eccentric Taper - Flanged-01","","LEVEL 07","Standard","550x350-350x300","550","350","","NWB_DimDiameter","","","","SKIP","no parsed value","","","","NWB_DimDiameter","","","",""
"20260810_130056","NWB Dim AutoFill","MECHANICAL DUCTWORK LAYOUT - LEVEL 07","model","selection","skip","Both","skip-other-users","15666412","Ducts","Rectangular Duct","","LEVEL 07","Flanged Long Radius Elbows / Shoe Branch","350x300","350","300","","NWB_DimWidth","350","350","350","SKIP","existing-kept","instance","Shared Parameter","7626175","NWB_DimWidth","String","False","1","1"
"20260810_130056","NWB Dim AutoFill","MECHANICAL DUCTWORK LAYOUT - LEVEL 07","model","selection","skip","Both","skip-other-users","15666412","Ducts","Rectangular Duct","","LEVEL 07","Flanged Long Radius Elbows / Shoe Branch","350x300","350","300","","NWB_DimHeight","300","300","300","SKIP","existing-kept","instance","Shared Parameter","7626170","NWB_DimHeight","String","False","1","1"
"20260810_130056","NWB Dim AutoFill","MECHANICAL DUCTWORK LAYOUT - LEVEL 07","model","selection","skip","Both","skip-other-users","15666412","Ducts","Rectangular Duct","","LEVEL 07","Flanged Long Radius Elbows / Shoe Branch","350x300","350","300","","NWB_DimDiameter","","","","SKIP","no parsed value","","","","NWB_DimDiameter","","","",""
"20260810_130056","NWB Dim AutoFill","MECHANICAL DUCTWORK LAYOUT - LEVEL 07","model","selection","skip","Both","skip-other-users","15666459","Duct Fittings","MHT-ME-DF-Rectangular Short Radius Bend - Flanged","","LEVEL 07","MHT-ME-DF-Rectangular Short Radius Bend - Flanged","350x300-350x300","350","300","","NWB_DimDiameter","","","","SKIP","no parsed value","","","","NWB_DimDiameter","","","",""
"20260810_130056","NWB Dim AutoFill","MECHANICAL DUCTWORK LAYOUT - LEVEL 07","model","selection","skip","Both","skip-other-users","15666472","Ducts","Rectangular Duct","","LEVEL 07","Flanged Long Radius Elbows / Shoe Branch","200x200","200","200","","NWB_DimWidth","200","200","200","SKIP","existing-kept","instance","Shared Parameter","7626175","NWB_DimWidth","String","False","1","1"
"20260810_130056","NWB Dim AutoFill","MECHANICAL DUCTWORK LAYOUT - LEVEL 07","model","selection","skip","Both","skip-other-users","15666472","Ducts","Rectangular Duct","","LEVEL 07","Flanged Long Radius Elbows / Shoe Branch","200x200","200","200","","NWB_DimHeight","200","200","200","SKIP","existing-kept","instance","Shared Parameter","7626170","NWB_DimHeight","String","False","1","1"
"20260810_130056","NWB Dim AutoFill","MECHANICAL DUCTWORK LAYOUT - LEVEL 07","model","selection","skip","Both","skip-other-users","15666472","Ducts","Rectangular Duct","","LEVEL 07","Flanged Long Radius Elbows / Shoe Branch","200x200","200","200","","NWB_DimDiameter","","","","SKIP","no parsed value","","","","NWB_DimDiameter","","","",""
"20260810_130056","NWB Dim AutoFill","MECHANICAL DUCTWORK LAYOUT - LEVEL 07","model","selection","skip","Both","skip-other-users","15666499","Duct Fittings","MHT-ME-DF-Rectangular Shoe Branch - Flanged","","LEVEL 07","Standard","200x200-200x200","200","200","","NWB_DimDiameter","","","","SKIP","no parsed value","","","","NWB_DimDiameter","","","",""
"20260810_130056","NWB Dim AutoFill","MECHANICAL DUCTWORK LAYOUT - LEVEL 07","model","selection","skip","Both","skip-other-users","15666547","Ducts","Rectangular Duct","","LEVEL 07","Flanged Long Radius Elbows / Shoe Branch","200x200","200","200","","NWB_DimWidth","200","200","200","SKIP","existing-kept","instance","Shared Parameter","7626175","NWB_DimWidth","String","False","1","1"
"20260810_130056","NWB Dim AutoFill","MECHANICAL DUCTWORK LAYOUT - LEVEL 07","model","selection","skip","Both","skip-other-users","15666547","Ducts","Rectangular Duct","","LEVEL 07","Flanged Long Radius Elbows / Shoe Branch","200x200","200","200","","NWB_DimHeight","200","200","200","SKIP","existing-kept","instance","Shared Parameter","7626170","NWB_DimHeight","String","False","1","1"
"20260810_130056","NWB Dim AutoFill","MECHANICAL DUCTWORK LAYOUT - LEVEL 07","model","selection","skip","Both","skip-other-users","15666547","Ducts","Rectangular Duct","","LEVEL 07","Flanged Long Radius Elbows / Shoe Branch","200x200","200","200","","NWB_DimDiameter","","","","SKIP","no parsed value","","","","NWB_DimDiameter","","","",""
"20260810_130056","NWB Dim AutoFill","MECHANICAL DUCTWORK LAYOUT - LEVEL 07","model","selection","skip","Both","skip-other-users","15666751","Ducts","Rectangular Duct","","LEVEL 07","Flanged Long Radius Elbows / Shoe Branch","200x200","200","200","","NWB_DimWidth","200","200","200","SKIP","existing-kept","instance","Shared Parameter","7626175","NWB_DimWidth","String","False","1","1"
"20260810_130056","NWB Dim AutoFill","MECHANICAL DUCTWORK LAYOUT - LEVEL 07","model","selection","skip","Both","skip-other-users","15666751","Ducts","Rectangular Duct","","LEVEL 07","Flanged Long Radius Elbows / Shoe Branch","200x200","200","200","","NWB_DimHeight","200","200","200","SKIP","existing-kept","instance","Shared Parameter","7626170","NWB_DimHeight","String","False","1","1"
"20260810_130056","NWB Dim AutoFill","MECHANICAL DUCTWORK LAYOUT - LEVEL 07","model","selection","skip","Both","skip-other-users","15666751","Ducts","Rectangular Duct","","LEVEL 07","Flanged Long Radius Elbows / Shoe Branch","200x200","200","200","","NWB_DimDiameter","","","","SKIP","no parsed value","","","","NWB_DimDiameter","","","",""
"20260810_130056","NWB Dim AutoFill","MECHANICAL DUCTWORK LAYOUT - LEVEL 07","model","selection","skip","Both","skip-other-users","15666752","Ducts","Rectangular Duct","","LEVEL 07","Flanged Long Radius Elbows / Shoe Branch","200x200","200","200","","NWB_DimWidth","200","200","200","SKIP","existing-kept","instance","Shared Parameter","7626175","NWB_DimWidth","String","False","1","1"
"20260810_130056","NWB Dim AutoFill","MECHANICAL DUCTWORK LAYOUT - LEVEL 07","model","selection","skip","Both","skip-other-users","15666752","Ducts","Rectangular Duct","","LEVEL 07","Flanged Long Radius Elbows / Shoe Branch","200x200","200","200","","NWB_DimHeight","200","200","200","SKIP","existing-kept","instance","Shared Parameter","7626170","NWB_DimHeight","String","False","1","1"
"20260810_130056","NWB Dim AutoFill","MECHANICAL DUCTWORK LAYOUT - LEVEL 07","model","selection","skip","Both","skip-other-users","15666752","Ducts","Rectangular Duct","","LEVEL 07","Flanged Long Radius Elbows / Shoe Branch","200x200","200","200","","NWB_DimDiameter","","","","SKIP","no parsed value","","","","NWB_DimDiameter","","","",""
"20260810_130056","NWB Dim AutoFill","MECHANICAL DUCTWORK LAYOUT - LEVEL 07","model","selection","skip","Both","skip-other-users","15666753","Duct Fittings","MHT-ME-DF-Rectangular Short Radius Bend - Flanged","","LEVEL 07","MHT-ME-DF-Rectangular Short Radius Bend - Flanged","200x200-200x200","200","200","","NWB_DimDiameter","","","","SKIP","no parsed value","","","","NWB_DimDiameter","","","",""
"20260810_130056","NWB Dim AutoFill","MECHANICAL DUCTWORK LAYOUT - LEVEL 07","model","selection","skip","Both","skip-other-users","15666756","Duct Fittings","MHT-ME-DF-Rectangular Short Radius Bend - Flanged","","LEVEL 07","MHT-ME-DF-Rectangular Short Radius Bend - Flanged","200x200-200x200","200","200","","NWB_DimDiameter","","","","SKIP","no parsed value","","","","NWB_DimDiameter","","","",""
"20260810_130056","NWB Dim AutoFill","MECHANICAL DUCTWORK LAYOUT - LEVEL 07","model","selection","skip","Both","skip-other-users","15666761","Duct Fittings","MHT-ME-DF-Rectangular Short Radius Bend - Flanged","","LEVEL 07","MHT-ME-DF-Rectangular Short Radius Bend - Flanged","200x200-200x200","200","200","","NWB_DimDiameter","","","","SKIP","no parsed value","","","","NWB_DimDiameter","","","",""
"20260810_130056","NWB Dim AutoFill","MECHANICAL DUCTWORK LAYOUT - LEVEL 07","model","selection","skip","Both","skip-other-users","15666795","Flex Ducts","Flex Duct Round","","LEVEL 07","Flex - Round","200 mmø","","","200","NWB_DimWidth","","","","SKIP","no parsed value","","","","NWB_DimWidth","","","",""
"20260810_130056","NWB Dim AutoFill","MECHANICAL DUCTWORK LAYOUT - LEVEL 07","model","selection","skip","Both","skip-other-users","15666795","Flex Ducts","Flex Duct Round","","LEVEL 07","Flex - Round","200 mmø","","","200","NWB_DimHeight","","","","SKIP","no parsed value","","","","NWB_DimHeight","","","",""
"20260810_130056","NWB Dim AutoFill","MECHANICAL DUCTWORK LAYOUT - LEVEL 07","model","selection","skip","Both","skip-other-users","15666798","Duct Fittings","MHT_DF_Spigot","","LEVEL 07","Damper","200ø-200ø","","","200","NWB_DimWidth","","","","SKIP","no parsed value","","","","NWB_DimWidth","","","",""
"20260810_130056","NWB Dim AutoFill","MECHANICAL DUCTWORK LAYOUT - LEVEL 07","model","selection","skip","Both","skip-other-users","15666798","Duct Fittings","MHT_DF_Spigot","","LEVEL 07","Damper","200ø-200ø","","","200","NWB_DimHeight","","","","SKIP","no parsed value","","","","NWB_DimHeight","","","",""
"20260810_130056","NWB Dim AutoFill","MECHANICAL DUCTWORK LAYOUT - LEVEL 07","model","selection","skip","Both","skip-other-users","15666924","Duct Fittings","MHT-ME-DF-Square Cap-BMA","","LEVEL 07","Standard","200x200","200","200","","NWB_DimDiameter","","","","SKIP","no parsed value","","","","NWB_DimDiameter","","","",""
"20260810_130056","NWB Dim AutoFill","MECHANICAL DUCTWORK LAYOUT - LEVEL 07","model","selection","skip","Both","skip-other-users","15667183","Ducts","Rectangular Duct","","LEVEL 07","Flanged Long Radius Elbows / Shoe Branch","200x200","200","200","","NWB_DimWidth","200","200","200","SKIP","existing-kept","instance","Shared Parameter","7626175","NWB_DimWidth","String","False","1","1"
"20260810_130056","NWB Dim AutoFill","MECHANICAL DUCTWORK LAYOUT - LEVEL 07","model","selection","skip","Both","skip-other-users","15667183","Ducts","Rectangular Duct","","LEVEL 07","Flanged Long Radius Elbows / Shoe Branch","200x200","200","200","","NWB_DimHeight","200","200","200","SKIP","existing-kept","instance","Shared Parameter","7626170","NWB_DimHeight","String","False","1","1"
"20260810_130056","NWB Dim AutoFill","MECHANICAL DUCTWORK LAYOUT - LEVEL 07","model","selection","skip","Both","skip-other-users","15667183","Ducts","Rectangular Duct","","LEVEL 07","Flanged Long Radius Elbows / Shoe Branch","200x200","200","200","","NWB_DimDiameter","","","","SKIP","no parsed value","","","","NWB_DimDiameter","","","",""
"20260810_130056","NWB Dim AutoFill","MECHANICAL DUCTWORK LAYOUT - LEVEL 07","model","selection","skip","Both","skip-other-users","15667184","Ducts","Rectangular Duct","","LEVEL 07","Flanged Long Radius Elbows / Shoe Branch","200x200","200","200","","NWB_DimWidth","200","200","200","SKIP","existing-kept","instance","Shared Parameter","7626175","NWB_DimWidth","String","False","1","1"
"20260810_130056","NWB Dim AutoFill","MECHANICAL DUCTWORK LAYOUT - LEVEL 07","model","selection","skip","Both","skip-other-users","15667184","Ducts","Rectangular Duct","","LEVEL 07","Flanged Long Radius Elbows / Shoe Branch","200x200","200","200","","NWB_DimHeight","200","200","200","SKIP","existing-kept","instance","Shared Parameter","7626170","NWB_DimHeight","String","False","1","1"
"20260810_130056","NWB Dim AutoFill","MECHANICAL DUCTWORK LAYOUT - LEVEL 07","model","selection","skip","Both","skip-other-users","15667184","Ducts","Rectangular Duct","","LEVEL 07","Flanged Long Radius Elbows / Shoe Branch","200x200","200","200","","NWB_DimDiameter","","","","SKIP","no parsed value","","","","NWB_DimDiameter","","","",""
"20260810_130056","NWB Dim AutoFill","MECHANICAL DUCTWORK LAYOUT - LEVEL 07","model","selection","skip","Both","skip-other-users","15667187","Ducts","Rectangular Duct","","LEVEL 07","Flanged Long Radius Elbows / Shoe Branch","200x200","200","200","","NWB_DimWidth","200","200","200","SKIP","existing-kept","instance","Shared Parameter","7626175","NWB_DimWidth","String","False","1","1"
"20260810_130056","NWB Dim AutoFill","MECHANICAL DUCTWORK LAYOUT - LEVEL 07","model","selection","skip","Both","skip-other-users","15667187","Ducts","Rectangular Duct","","LEVEL 07","Flanged Long Radius Elbows / Shoe Branch","200x200","200","200","","NWB_DimHeight","200","200","200","SKIP","existing-kept","instance","Shared Parameter","7626170","NWB_DimHeight","String","False","1","1"
"20260810_130056","NWB Dim AutoFill","MECHANICAL DUCTWORK LAYOUT - LEVEL 07","model","selection","skip","Both","skip-other-users","15667187","Ducts","Rectangular Duct","","LEVEL 07","Flanged Long Radius Elbows / Shoe Branch","200x200","200","200","","NWB_DimDiameter","","","","SKIP","no parsed value","","","","NWB_DimDiameter","","","",""
"20260810_130056","NWB Dim AutoFill","MECHANICAL DUCTWORK LAYOUT - LEVEL 07","model","selection","skip","Both","skip-other-users","15667188","Ducts","Rectangular Duct","","LEVEL 07","Flanged Long Radius Elbows / Shoe Branch","200x200","200","200","","NWB_DimWidth","200","200","200","SKIP","existing-kept","instance","Shared Parameter","7626175","NWB_DimWidth","String","False","1","1"
"20260810_130056","NWB Dim AutoFill","MECHANICAL DUCTWORK LAYOUT - LEVEL 07","model","selection","skip","Both","skip-other-users","15667188","Ducts","Rectangular Duct","","LEVEL 07","Flanged Long Radius Elbows / Shoe Branch","200x200","200","200","","NWB_DimHeight","200","200","200","SKIP","existing-kept","instance","Shared Parameter","7626170","NWB_DimHeight","String","False","1","1"
"20260810_130056","NWB Dim AutoFill","MECHANICAL DUCTWORK LAYOUT - LEVEL 07","model","selection","skip","Both","skip-other-users","15667188","Ducts","Rectangular Duct","","LEVEL 07","Flanged Long Radius Elbows / Shoe Branch","200x200","200","200","","NWB_DimDiameter","","","","SKIP","no parsed value","","","","NWB_DimDiameter","","","",""
"20260810_130056","NWB Dim AutoFill","MECHANICAL DUCTWORK LAYOUT - LEVEL 07","model","selection","skip","Both","skip-other-users","15667192","Duct Fittings","MHT-ME-DF-Rectangular Short Radius Bend - Flanged","","LEVEL 07","MHT-ME-DF-Rectangular Short Radius Bend - Flanged","200x200-200x200","200","200","","NWB_DimDiameter","","","","SKIP","no parsed value","","","","NWB_DimDiameter","","","",""
"20260810_130056","NWB Dim AutoFill","MECHANICAL DUCTWORK LAYOUT - LEVEL 07","model","selection","skip","Both","skip-other-users","15667195","Duct Fittings","MHT-ME-DF-Rectangular Short Radius Bend - Flanged","","LEVEL 07","MHT-ME-DF-Rectangular Short Radius Bend - Flanged","200x200-200x200","200","200","","NWB_DimDiameter","","","","SKIP","no parsed value","","","","NWB_DimDiameter","","","",""
"20260810_130056","NWB Dim AutoFill","MECHANICAL DUCTWORK LAYOUT - LEVEL 07","model","selection","skip","Both","skip-other-users","15667197","Duct Fittings","MHT-ME-DF-Square Cap-BMA","","LEVEL 07","Standard","200x200","200","200","","NWB_DimDiameter","","","","SKIP","no parsed value","","","","NWB_DimDiameter","","","",""
"20260810_130056","NWB Dim AutoFill","MECHANICAL DUCTWORK LAYOUT - LEVEL 07","model","selection","skip","Both","skip-other-users","15667235","Duct Fittings","MHT-ME-DF-Rectangular Shoe Branch - Flanged","","LEVEL 07","Standard","200x200-200x200","200","200","","NWB_DimDiameter","","","","SKIP","no parsed value","","","","NWB_DimDiameter","","","",""
"20260810_130056","NWB Dim AutoFill","MECHANICAL DUCTWORK LAYOUT - LEVEL 07","model","selection","skip","Both","skip-other-users","15667237","Duct Fittings","MHT-ME-DF-Rectangular Short Radius Bend - Flanged","","LEVEL 07","MHT-ME-DF-Rectangular Short Radius Bend - Flanged","200x200-200x200","200","200","","NWB_DimDiameter","","","","SKIP","no parsed value","","","","NWB_DimDiameter","","","",""
"20260810_130056","NWB Dim AutoFill","MECHANICAL DUCTWORK LAYOUT - LEVEL 07","model","selection","skip","Both","skip-other-users","15667252","Duct Fittings","MHT_DF_Spigot","","LEVEL 07","Damper","250ø-250ø","","","250","NWB_DimWidth","","","","SKIP","no parsed value","","","","NWB_DimWidth","","","",""
"20260810_130056","NWB Dim AutoFill","MECHANICAL DUCTWORK LAYOUT - LEVEL 07","model","selection","skip","Both","skip-other-users","15667252","Duct Fittings","MHT_DF_Spigot","","LEVEL 07","Damper","250ø-250ø","","","250","NWB_DimHeight","","","","SKIP","no parsed value","","","","NWB_DimHeight","","","",""
"20260810_130056","NWB Dim AutoFill","MECHANICAL DUCTWORK LAYOUT - LEVEL 07","model","selection","skip","Both","skip-other-users","15667275","Flex Ducts","Flex Duct Round","","LEVEL 07","Flex - Round","250 mmø","","","250","NWB_DimWidth","","","","SKIP","no parsed value","","","","NWB_DimWidth","","","",""
"20260810_130056","NWB Dim AutoFill","MECHANICAL DUCTWORK LAYOUT - LEVEL 07","model","selection","skip","Both","skip-other-users","15667275","Flex Ducts","Flex Duct Round","","LEVEL 07","Flex - Round","250 mmø","","","250","NWB_DimHeight","","","","SKIP","no parsed value","","","","NWB_DimHeight","","","",""
"20260810_130056","NWB Dim AutoFill","MECHANICAL DUCTWORK LAYOUT - LEVEL 07","model","selection","skip","Both","skip-other-users","15667278","Duct Fittings","MHT_DF_Spigot","","LEVEL 07","Damper","250ø-250ø","","","250","NWB_DimWidth","","","","SKIP","no parsed value","","","","NWB_DimWidth","","","",""
"20260810_130056","NWB Dim AutoFill","MECHANICAL DUCTWORK LAYOUT - LEVEL 07","model","selection","skip","Both","skip-other-users","15667278","Duct Fittings","MHT_DF_Spigot","","LEVEL 07","Damper","250ø-250ø","","","250","NWB_DimHeight","","","","SKIP","no parsed value","","","","NWB_DimHeight","","","",""
"20260810_130056","NWB Dim AutoFill","MECHANICAL DUCTWORK LAYOUT - LEVEL 07","model","selection","skip","Both","skip-other-users","15667752","Ducts","Rectangular Duct","","LEVEL 07","Flanged Medium Radius Elbows / Shoe Branch","1000x500","1000","500","","NWB_DimWidth","1000","1000","1000","SKIP","existing-kept","instance","Shared Parameter","7626175","NWB_DimWidth","String","False","1","1"
"20260810_130056","NWB Dim AutoFill","MECHANICAL DUCTWORK LAYOUT - LEVEL 07","model","selection","skip","Both","skip-other-users","15667752","Ducts","Rectangular Duct","","LEVEL 07","Flanged Medium Radius Elbows / Shoe Branch","1000x500","1000","500","","NWB_DimHeight","500","500","500","SKIP","existing-kept","instance","Shared Parameter","7626170","NWB_DimHeight","String","False","1","1"
"20260810_130056","NWB Dim AutoFill","MECHANICAL DUCTWORK LAYOUT - LEVEL 07","model","selection","skip","Both","skip-other-users","15667752","Ducts","Rectangular Duct","","LEVEL 07","Flanged Medium Radius Elbows / Shoe Branch","1000x500","1000","500","","NWB_DimDiameter","","","","SKIP","no parsed value","","","","NWB_DimDiameter","","","",""
"20260810_130056","NWB Dim AutoFill","MECHANICAL DUCTWORK LAYOUT - LEVEL 07","model","selection","skip","Both","skip-other-users","15667763","Ducts","Rectangular Duct","","LEVEL 07","Flanged Medium Radius Elbows / Shoe Branch","1000x500","1000","500","","NWB_DimWidth","1000","1000","1000","SKIP","existing-kept","instance","Shared Parameter","7626175","NWB_DimWidth","String","False","1","1"
"20260810_130056","NWB Dim AutoFill","MECHANICAL DUCTWORK LAYOUT - LEVEL 07","model","selection","skip","Both","skip-other-users","15667763","Ducts","Rectangular Duct","","LEVEL 07","Flanged Medium Radius Elbows / Shoe Branch","1000x500","1000","500","","NWB_DimHeight","500","500","500","SKIP","existing-kept","instance","Shared Parameter","7626170","NWB_DimHeight","String","False","1","1"
"20260810_130056","NWB Dim AutoFill","MECHANICAL DUCTWORK LAYOUT - LEVEL 07","model","selection","skip","Both","skip-other-users","15667763","Ducts","Rectangular Duct","","LEVEL 07","Flanged Medium Radius Elbows / Shoe Branch","1000x500","1000","500","","NWB_DimDiameter","","","","SKIP","no parsed value","","","","NWB_DimDiameter","","","",""
"20260810_130056","NWB Dim AutoFill","MECHANICAL DUCTWORK LAYOUT - LEVEL 07","model","selection","skip","Both","skip-other-users","15667827","Air Terminals","MHT_AT_RA ECG cw plenum","","LEVEL 07","Damper","600x600","600","600","300","NWB_DimDiameter","300","150ø","150ø","SKIP","existing-kept","instance","Shared Parameter","7626172","NWB_DimDiameter","String","False","1","1"
"20260810_130056","NWB Dim AutoFill","MECHANICAL DUCTWORK LAYOUT - LEVEL 07","model","selection","skip","Both","skip-other-users","15667879","Flex Ducts","Flex Duct Round","","LEVEL 07","Flex - Round","300 mmø","","","300","NWB_DimWidth","","","","SKIP","no parsed value","","","","NWB_DimWidth","","","",""
"20260810_130056","NWB Dim AutoFill","MECHANICAL DUCTWORK LAYOUT - LEVEL 07","model","selection","skip","Both","skip-other-users","15667879","Flex Ducts","Flex Duct Round","","LEVEL 07","Flex - Round","300 mmø","","","300","NWB_DimHeight","","","","SKIP","no parsed value","","","","NWB_DimHeight","","","",""
"20260810_130056","NWB Dim AutoFill","MECHANICAL DUCTWORK LAYOUT - LEVEL 07","model","selection","skip","Both","skip-other-users","15667882","Duct Fittings","MHT_DF_Spigot","","LEVEL 07","Damper","300ø-300ø","","","300","NWB_DimWidth","","","","SKIP","no parsed value","","","","NWB_DimWidth","","","",""
"20260810_130056","NWB Dim AutoFill","MECHANICAL DUCTWORK LAYOUT - LEVEL 07","model","selection","skip","Both","skip-other-users","15667882","Duct Fittings","MHT_DF_Spigot","","LEVEL 07","Damper","300ø-300ø","","","300","NWB_DimHeight","","","","SKIP","no parsed value","","","","NWB_DimHeight","","","",""
"20260810_130056","NWB Dim AutoFill","MECHANICAL DUCTWORK LAYOUT - LEVEL 07","model","selection","skip","Both","skip-other-users","15669809","Ducts","Rectangular Duct","","LEVEL 07","Flanged Long Radius Elbows / Shoe Branch","800x400","800","400","","NWB_DimWidth","800","800","800","SKIP","existing-kept","instance","Shared Parameter","7626175","NWB_DimWidth","String","False","1","1"
"20260810_130056","NWB Dim AutoFill","MECHANICAL DUCTWORK LAYOUT - LEVEL 07","model","selection","skip","Both","skip-other-users","15669809","Ducts","Rectangular Duct","","LEVEL 07","Flanged Long Radius Elbows / Shoe Branch","800x400","800","400","","NWB_DimHeight","400","400","400","SKIP","existing-kept","instance","Shared Parameter","7626170","NWB_DimHeight","String","False","1","1"
"20260810_130056","NWB Dim AutoFill","MECHANICAL DUCTWORK LAYOUT - LEVEL 07","model","selection","skip","Both","skip-other-users","15669809","Ducts","Rectangular Duct","","LEVEL 07","Flanged Long Radius Elbows / Shoe Branch","800x400","800","400","","NWB_DimDiameter","","","","SKIP","no parsed value","","","","NWB_DimDiameter","","","",""
"20260810_130056","NWB Dim AutoFill","MECHANICAL DUCTWORK LAYOUT - LEVEL 07","model","selection","skip","Both","skip-other-users","15669812","Ducts","Rectangular Duct","","LEVEL 07","Flanged Long Radius Elbows / Shoe Branch","800x400","800","400","","NWB_DimWidth","800","800","800","SKIP","existing-kept","instance","Shared Parameter","7626175","NWB_DimWidth","String","False","1","1"
"20260810_130056","NWB Dim AutoFill","MECHANICAL DUCTWORK LAYOUT - LEVEL 07","model","selection","skip","Both","skip-other-users","15669812","Ducts","Rectangular Duct","","LEVEL 07","Flanged Long Radius Elbows / Shoe Branch","800x400","800","400","","NWB_DimHeight","400","400","400","SKIP","existing-kept","instance","Shared Parameter","7626170","NWB_DimHeight","String","False","1","1"
"20260810_130056","NWB Dim AutoFill","MECHANICAL DUCTWORK LAYOUT - LEVEL 07","model","selection","skip","Both","skip-other-users","15669812","Ducts","Rectangular Duct","","LEVEL 07","Flanged Long Radius Elbows / Shoe Branch","800x400","800","400","","NWB_DimDiameter","","","","SKIP","no parsed value","","","","NWB_DimDiameter","","","",""
"20260810_130056","NWB Dim AutoFill","MECHANICAL DUCTWORK LAYOUT - LEVEL 07","model","selection","skip","Both","skip-other-users","15669813","Duct Fittings","MHT_Rectangular Elbow - Mitered - Single Thickness Vanes","","LEVEL 07","Standard","400x800-400x800","400","800","","NWB_DimDiameter","","","","SKIP","no parsed value","","","","NWB_DimDiameter","","","",""
"20260810_130056","NWB Dim AutoFill","MECHANICAL DUCTWORK LAYOUT - LEVEL 07","model","selection","skip","Both","skip-other-users","15669815","Air Terminals","MHT_AT_RA ECG cw plenum","","LEVEL 07","Damper","600x600","600","600","300","NWB_DimDiameter","300","150ø","150ø","SKIP","existing-kept","instance","Shared Parameter","7626172","NWB_DimDiameter","String","False","1","1"
"20260810_130056","NWB Dim AutoFill","MECHANICAL DUCTWORK LAYOUT - LEVEL 07","model","selection","skip","Both","skip-other-users","15669817","Duct Fittings","MHT-ME-DF-Rectangular Short Radius Bend - Flanged","","LEVEL 07","MHT-ME-DF-Rectangular Short Radius Bend - Flanged","400x300-400x300","400","300","","NWB_DimDiameter","","","","SKIP","no parsed value","","","","NWB_DimDiameter","","","",""
"20260810_130056","NWB Dim AutoFill","MECHANICAL DUCTWORK LAYOUT - LEVEL 07","model","selection","skip","Both","skip-other-users","15669819","Duct Fittings","MHT_DF_Spigot","","LEVEL 07","Damper","250ø-250ø","","","250","NWB_DimWidth","","","","SKIP","no parsed value","","","","NWB_DimWidth","","","",""
"20260810_130056","NWB Dim AutoFill","MECHANICAL DUCTWORK LAYOUT - LEVEL 07","model","selection","skip","Both","skip-other-users","15669819","Duct Fittings","MHT_DF_Spigot","","LEVEL 07","Damper","250ø-250ø","","","250","NWB_DimHeight","","","","SKIP","no parsed value","","","","NWB_DimHeight","","","",""
"20260810_130056","NWB Dim AutoFill","MECHANICAL DUCTWORK LAYOUT - LEVEL 07","model","selection","skip","Both","skip-other-users","15669821","Duct Fittings","MHT_DF_Spigot","","LEVEL 07","Damper","200ø-200ø","","","200","NWB_DimWidth","","","","SKIP","no parsed value","","","","NWB_DimWidth","","","",""
"20260810_130056","NWB Dim AutoFill","MECHANICAL DUCTWORK LAYOUT - LEVEL 07","model","selection","skip","Both","skip-other-users","15669821","Duct Fittings","MHT_DF_Spigot","","LEVEL 07","Damper","200ø-200ø","","","200","NWB_DimHeight","","","","SKIP","no parsed value","","","","NWB_DimHeight","","","",""
"20260810_130056","NWB Dim AutoFill","MECHANICAL DUCTWORK LAYOUT - LEVEL 07","model","selection","skip","Both","skip-other-users","15669823","Duct Fittings","MHT_DF_Spigot","","LEVEL 07","Damper","200ø-200ø","","","200","NWB_DimWidth","","","","SKIP","no parsed value","","","","NWB_DimWidth","","","",""
"20260810_130056","NWB Dim AutoFill","MECHANICAL DUCTWORK LAYOUT - LEVEL 07","model","selection","skip","Both","skip-other-users","15669823","Duct Fittings","MHT_DF_Spigot","","LEVEL 07","Damper","200ø-200ø","","","200","NWB_DimHeight","","","","SKIP","no parsed value","","","","NWB_DimHeight","","","",""
"20260810_130056","NWB Dim AutoFill","MECHANICAL DUCTWORK LAYOUT - LEVEL 07","model","selection","skip","Both","skip-other-users","15669825","Duct Fittings","MHT-ME-DF-Rectangular Shoe Branch - Flanged","","LEVEL 07","Standard","400x300-400x300","400","300","","NWB_DimDiameter","","","","SKIP","no parsed value","","","","NWB_DimDiameter","","","",""
"20260810_130056","NWB Dim AutoFill","MECHANICAL DUCTWORK LAYOUT - LEVEL 07","model","selection","skip","Both","skip-other-users","15669826","Duct Accessories","MHT-ME-Fire Damper-02","","LEVEL 07","MHT-ME-FAM-FAM-Fire Damper","400x300-400x300","400","300","","NWB_DimDiameter","","","","SKIP","no parsed value","","","","NWB_DimDiameter","","","",""
"20260810_130056","NWB Dim AutoFill","MECHANICAL DUCTWORK LAYOUT - LEVEL 07","model","selection","skip","Both","skip-other-users","15669831","Duct Accessories","MHT-ME-Fire Damper-02","","LEVEL 07","MHT-ME-FAM-FAM-Fire Damper","400x300-400x300","400","300","","NWB_DimDiameter","","","","SKIP","no parsed value","","","","NWB_DimDiameter","","","",""
"20260810_130056","NWB Dim AutoFill","MECHANICAL DUCTWORK LAYOUT - LEVEL 07","model","selection","skip","Both","skip-other-users","15669833","Ducts","Rectangular Duct","","LEVEL 07","Flanged Long Radius Elbows / Shoe Branch","400x300","400","300","","NWB_DimWidth","400","200","200","SKIP","existing-kept","instance","Shared Parameter","7626175","NWB_DimWidth","String","False","1","1"
"20260810_130056","NWB Dim AutoFill","MECHANICAL DUCTWORK LAYOUT - LEVEL 07","model","selection","skip","Both","skip-other-users","15669833","Ducts","Rectangular Duct","","LEVEL 07","Flanged Long Radius Elbows / Shoe Branch","400x300","400","300","","NWB_DimHeight","300","250","250","SKIP","existing-kept","instance","Shared Parameter","7626170","NWB_DimHeight","String","False","1","1"
"20260810_130056","NWB Dim AutoFill","MECHANICAL DUCTWORK LAYOUT - LEVEL 07","model","selection","skip","Both","skip-other-users","15669833","Ducts","Rectangular Duct","","LEVEL 07","Flanged Long Radius Elbows / Shoe Branch","400x300","400","300","","NWB_DimDiameter","","","","SKIP","no parsed value","","","","NWB_DimDiameter","","","",""
"20260810_130056","NWB Dim AutoFill","MECHANICAL DUCTWORK LAYOUT - LEVEL 07","model","selection","skip","Both","skip-other-users","15669838","Flex Ducts","Flex Duct Round","","LEVEL 07","Flex - Round","300 mmø","","","300","NWB_DimWidth","","","","SKIP","no parsed value","","","","NWB_DimWidth","","","",""
"20260810_130056","NWB Dim AutoFill","MECHANICAL DUCTWORK LAYOUT - LEVEL 07","model","selection","skip","Both","skip-other-users","15669838","Flex Ducts","Flex Duct Round","","LEVEL 07","Flex - Round","300 mmø","","","300","NWB_DimHeight","","","","SKIP","no parsed value","","","","NWB_DimHeight","","","",""
"20260810_130056","NWB Dim AutoFill","MECHANICAL DUCTWORK LAYOUT - LEVEL 07","model","selection","skip","Both","skip-other-users","15669840","Duct Fittings","MHT_DF_Spigot","","LEVEL 07","Damper","300ø-300ø","","","300","NWB_DimWidth","","","","SKIP","no parsed value","","","","NWB_DimWidth","","","",""
"20260810_130056","NWB Dim AutoFill","MECHANICAL DUCTWORK LAYOUT - LEVEL 07","model","selection","skip","Both","skip-other-users","15669840","Duct Fittings","MHT_DF_Spigot","","LEVEL 07","Damper","300ø-300ø","","","300","NWB_DimHeight","","","","SKIP","no parsed value","","","","NWB_DimHeight","","","",""
"20260810_130056","NWB Dim AutoFill","MECHANICAL DUCTWORK LAYOUT - LEVEL 07","model","selection","skip","Both","skip-other-users","15669848","Duct Fittings","MHT-ME-DF-Rectangular Short Radius Bend - Flanged","","LEVEL 07","MHT-ME-DF-Rectangular Short Radius Bend - Flanged","350x300-350x300","350","300","","NWB_DimDiameter","","","","SKIP","no parsed value","","","","NWB_DimDiameter","","","",""
"20260810_130056","NWB Dim AutoFill","MECHANICAL DUCTWORK LAYOUT - LEVEL 07","model","selection","skip","Both","skip-other-users","15669850","Duct Accessories","MHT-ME-Fire Damper-02","","LEVEL 07","MHT-ME-FAM-FAM-Fire Damper","350x300-350x300","350","300","","NWB_DimDiameter","","","","SKIP","no parsed value","","","","NWB_DimDiameter","","","",""
"20260810_130056","NWB Dim AutoFill","MECHANICAL DUCTWORK LAYOUT - LEVEL 07","model","selection","skip","Both","skip-other-users","15669852","Ducts","Rectangular Duct","","LEVEL 07","Flanged Long Radius Elbows / Shoe Branch","350x300","350","300","","NWB_DimWidth","350","350","350","SKIP","existing-kept","instance","Shared Parameter","7626175","NWB_DimWidth","String","False","1","1"
"20260810_130056","NWB Dim AutoFill","MECHANICAL DUCTWORK LAYOUT - LEVEL 07","model","selection","skip","Both","skip-other-users","15669852","Ducts","Rectangular Duct","","LEVEL 07","Flanged Long Radius Elbows / Shoe Branch","350x300","350","300","","NWB_DimHeight","300","300","300","SKIP","existing-kept","instance","Shared Parameter","7626170","NWB_DimHeight","String","False","1","1"
"20260810_130056","NWB Dim AutoFill","MECHANICAL DUCTWORK LAYOUT - LEVEL 07","model","selection","skip","Both","skip-other-users","15669852","Ducts","Rectangular Duct","","LEVEL 07","Flanged Long Radius Elbows / Shoe Branch","350x300","350","300","","NWB_DimDiameter","","","","SKIP","no parsed value","","","","NWB_DimDiameter","","","",""
"20260810_130056","NWB Dim AutoFill","MECHANICAL DUCTWORK LAYOUT - LEVEL 07","model","selection","skip","Both","skip-other-users","15669856","Ducts","Rectangular Duct","","LEVEL 07","Flanged Long Radius Elbows / Shoe Branch","250x250","250","250","","NWB_DimWidth","250","300","300","SKIP","existing-kept","instance","Shared Parameter","7626175","NWB_DimWidth","String","False","1","1"
"20260810_130056","NWB Dim AutoFill","MECHANICAL DUCTWORK LAYOUT - LEVEL 07","model","selection","skip","Both","skip-other-users","15669856","Ducts","Rectangular Duct","","LEVEL 07","Flanged Long Radius Elbows / Shoe Branch","250x250","250","250","","NWB_DimHeight","250","300","300","SKIP","existing-kept","instance","Shared Parameter","7626170","NWB_DimHeight","String","False","1","1"
"20260810_130056","NWB Dim AutoFill","MECHANICAL DUCTWORK LAYOUT - LEVEL 07","model","selection","skip","Both","skip-other-users","15669856","Ducts","Rectangular Duct","","LEVEL 07","Flanged Long Radius Elbows / Shoe Branch","250x250","250","250","","NWB_DimDiameter","","","","SKIP","no parsed value","","","","NWB_DimDiameter","","","",""
"20260810_130056","NWB Dim AutoFill","MECHANICAL DUCTWORK LAYOUT - LEVEL 07","model","selection","skip","Both","skip-other-users","15669869","Ducts","Rectangular Duct","","LEVEL 07","Flanged Long Radius Elbows / Shoe Branch","250x250","250","250","","NWB_DimWidth","250","250","250","SKIP","existing-kept","instance","Shared Parameter","7626175","NWB_DimWidth","String","False","1","1"
"20260810_130056","NWB Dim AutoFill","MECHANICAL DUCTWORK LAYOUT - LEVEL 07","model","selection","skip","Both","skip-other-users","15669869","Ducts","Rectangular Duct","","LEVEL 07","Flanged Long Radius Elbows / Shoe Branch","250x250","250","250","","NWB_DimHeight","250","250","250","SKIP","existing-kept","instance","Shared Parameter","7626170","NWB_DimHeight","String","False","1","1"
"20260810_130056","NWB Dim AutoFill","MECHANICAL DUCTWORK LAYOUT - LEVEL 07","model","selection","skip","Both","skip-other-users","15669869","Ducts","Rectangular Duct","","LEVEL 07","Flanged Long Radius Elbows / Shoe Branch","250x250","250","250","","NWB_DimDiameter","","","","SKIP","no parsed value","","","","NWB_DimDiameter","","","",""
"20260810_130056","NWB Dim AutoFill","MECHANICAL DUCTWORK LAYOUT - LEVEL 07","model","selection","skip","Both","skip-other-users","15669870","Duct Fittings","MHT-ME-DF-Rectangular Short Radius Bend - Flanged","","LEVEL 07","MHT-ME-DF-Rectangular Short Radius Bend - Flanged","250x250-250x250","250","250","","NWB_DimDiameter","","","","SKIP","no parsed value","","","","NWB_DimDiameter","","","",""
"20260810_130056","NWB Dim AutoFill","MECHANICAL DUCTWORK LAYOUT - LEVEL 07","model","selection","skip","Both","skip-other-users","15669871","Duct Fittings","MHT-ME-DF-Square Cap-BMA","","LEVEL 07","Standard","250x250","250","250","","NWB_DimDiameter","","","","SKIP","no parsed value","","","","NWB_DimDiameter","","","",""
"20260810_130056","NWB Dim AutoFill","MECHANICAL DUCTWORK LAYOUT - LEVEL 07","model","selection","skip","Both","skip-other-users","15669872","Air Terminals","MHT_AT_RA ECG cw plenum","","LEVEL 07","Damper","200x200","200","200","200","NWB_DimDiameter","200","200ø","200ø","SKIP","existing-kept","instance","Shared Parameter","7626172","NWB_DimDiameter","String","False","1","1"
"20260810_130056","NWB Dim AutoFill","MECHANICAL DUCTWORK LAYOUT - LEVEL 07","model","selection","skip","Both","skip-other-users","15669882","Air Terminals","MHT_AT_RA ECG cw plenum","","LEVEL 07","Damper","200x200","200","200","200","NWB_DimDiameter","200","200ø","200ø","SKIP","existing-kept","instance","Shared Parameter","7626172","NWB_DimDiameter","String","False","1","1"
"20260810_130056","NWB Dim AutoFill","MECHANICAL DUCTWORK LAYOUT - LEVEL 07","model","selection","skip","Both","skip-other-users","15669893","Flex Ducts","Flex Duct Round","","LEVEL 07","Flex - Round","250 mmø","","","250","NWB_DimWidth","","","","SKIP","no parsed value","","","","NWB_DimWidth","","","",""
"20260810_130056","NWB Dim AutoFill","MECHANICAL DUCTWORK LAYOUT - LEVEL 07","model","selection","skip","Both","skip-other-users","15669893","Flex Ducts","Flex Duct Round","","LEVEL 07","Flex - Round","250 mmø","","","250","NWB_DimHeight","","","","SKIP","no parsed value","","","","NWB_DimHeight","","","",""
"20260810_130056","NWB Dim AutoFill","MECHANICAL DUCTWORK LAYOUT - LEVEL 07","model","selection","skip","Both","skip-other-users","15669895","Duct Fittings","MHT_DF_Spigot","","LEVEL 07","Damper","250ø-250ø","","","250","NWB_DimWidth","","","","SKIP","no parsed value","","","","NWB_DimWidth","","","",""
"20260810_130056","NWB Dim AutoFill","MECHANICAL DUCTWORK LAYOUT - LEVEL 07","model","selection","skip","Both","skip-other-users","15669895","Duct Fittings","MHT_DF_Spigot","","LEVEL 07","Damper","250ø-250ø","","","250","NWB_DimHeight","","","","SKIP","no parsed value","","","","NWB_DimHeight","","","",""
"20260810_130056","NWB Dim AutoFill","MECHANICAL DUCTWORK LAYOUT - LEVEL 07","model","selection","skip","Both","skip-other-users","15669900","Air Terminals","MHT_AT_RA ECG cw plenum","","LEVEL 07","Damper","250x250","250","250","250","NWB_DimDiameter","250","250ø","250ø","SKIP","existing-kept","instance","Shared Parameter","7626172","NWB_DimDiameter","String","False","1","1"
"20260810_130056","NWB Dim AutoFill","MECHANICAL DUCTWORK LAYOUT - LEVEL 07","model","selection","skip","Both","skip-other-users","15670100","Ducts","Rectangular Duct","","LEVEL 07","Flanged Long Radius Elbows / Shoe Branch","300x300","300","300","","NWB_DimWidth","300","300","300","SKIP","existing-kept","instance","Shared Parameter","7626175","NWB_DimWidth","String","False","1","1"
"20260810_130056","NWB Dim AutoFill","MECHANICAL DUCTWORK LAYOUT - LEVEL 07","model","selection","skip","Both","skip-other-users","15670100","Ducts","Rectangular Duct","","LEVEL 07","Flanged Long Radius Elbows / Shoe Branch","300x300","300","300","","NWB_DimHeight","300","300","300","SKIP","existing-kept","instance","Shared Parameter","7626170","NWB_DimHeight","String","False","1","1"
"20260810_130056","NWB Dim AutoFill","MECHANICAL DUCTWORK LAYOUT - LEVEL 07","model","selection","skip","Both","skip-other-users","15670100","Ducts","Rectangular Duct","","LEVEL 07","Flanged Long Radius Elbows / Shoe Branch","300x300","300","300","","NWB_DimDiameter","","","","SKIP","no parsed value","","","","NWB_DimDiameter","","","",""
"20260810_130056","NWB Dim AutoFill","MECHANICAL DUCTWORK LAYOUT - LEVEL 07","model","selection","skip","Both","skip-other-users","15670138","Duct Fittings","MHT-ME-DF-Rectangular Shoe Branch - Flanged","","LEVEL 07","Standard","200x200-200x200","200","200","","NWB_DimDiameter","","","","SKIP","no parsed value","","","","NWB_DimDiameter","","","",""
"20260810_130056","NWB Dim AutoFill","MECHANICAL DUCTWORK LAYOUT - LEVEL 07","model","selection","skip","Both","skip-other-users","15670139","Duct Fittings","MHT-ME-DF-Rectangular Short Radius Bend - Flanged","","LEVEL 07","MHT-ME-DF-Rectangular Short Radius Bend - Flanged","200x200-200x200","200","200","","NWB_DimDiameter","","","","SKIP","no parsed value","","","","NWB_DimDiameter","","","",""
"20260810_130056","NWB Dim AutoFill","MECHANICAL DUCTWORK LAYOUT - LEVEL 07","model","selection","skip","Both","skip-other-users","15670165","Ducts","Rectangular Duct","","LEVEL 07","Flanged Long Radius Elbows / Shoe Branch","250x250","250","250","","NWB_DimWidth","250","300","300","SKIP","existing-kept","instance","Shared Parameter","7626175","NWB_DimWidth","String","False","1","1"
"20260810_130056","NWB Dim AutoFill","MECHANICAL DUCTWORK LAYOUT - LEVEL 07","model","selection","skip","Both","skip-other-users","15670165","Ducts","Rectangular Duct","","LEVEL 07","Flanged Long Radius Elbows / Shoe Branch","250x250","250","250","","NWB_DimHeight","250","300","300","SKIP","existing-kept","instance","Shared Parameter","7626170","NWB_DimHeight","String","False","1","1"
"20260810_130056","NWB Dim AutoFill","MECHANICAL DUCTWORK LAYOUT - LEVEL 07","model","selection","skip","Both","skip-other-users","15670165","Ducts","Rectangular Duct","","LEVEL 07","Flanged Long Radius Elbows / Shoe Branch","250x250","250","250","","NWB_DimDiameter","","","","SKIP","no parsed value","","","","NWB_DimDiameter","","","",""
"20260810_130056","NWB Dim AutoFill","MECHANICAL DUCTWORK LAYOUT - LEVEL 07","model","selection","skip","Both","skip-other-users","15670172","Duct Fittings","MHT-ME-DF-Rectangular Short Radius Bend - Flanged","","LEVEL 07","MHT-ME-DF-Rectangular Short Radius Bend - Flanged","250x250-250x250","250","250","","NWB_DimDiameter","","","","SKIP","no parsed value","","","","NWB_DimDiameter","","","",""
"20260810_130056","NWB Dim AutoFill","MECHANICAL DUCTWORK LAYOUT - LEVEL 07","model","selection","skip","Both","skip-other-users","15671070","Duct Fittings","MHT-ME-DF-Rectangular Eccentric Taper - Flanged-01","","LEVEL 07","Standard","350x300-300x300","350","300","","NWB_DimDiameter","","","","SKIP","no parsed value","","","","NWB_DimDiameter","","","",""
"20260810_130056","NWB Dim AutoFill","MECHANICAL DUCTWORK LAYOUT - LEVEL 07","model","selection","skip","Both","skip-other-users","15671266","Duct Accessories","MHT-ME-Fire Damper-02","","LEVEL 07","MHT-ME-FAM-FAM-Fire Damper","350x300-350x300","350","300","","NWB_DimDiameter","","","","SKIP","no parsed value","","","","NWB_DimDiameter","","","",""
"20260810_130056","NWB Dim AutoFill","MECHANICAL DUCTWORK LAYOUT - LEVEL 07","model","selection","skip","Both","skip-other-users","15671269","Ducts","Rectangular Duct","","LEVEL 07","Flanged Long Radius Elbows / Shoe Branch","350x300","350","300","","NWB_DimWidth","350","350","350","SKIP","existing-kept","instance","Shared Parameter","7626175","NWB_DimWidth","String","False","1","1"
"20260810_130056","NWB Dim AutoFill","MECHANICAL DUCTWORK LAYOUT - LEVEL 07","model","selection","skip","Both","skip-other-users","15671269","Ducts","Rectangular Duct","","LEVEL 07","Flanged Long Radius Elbows / Shoe Branch","350x300","350","300","","NWB_DimHeight","300","300","300","SKIP","existing-kept","instance","Shared Parameter","7626170","NWB_DimHeight","String","False","1","1"
"20260810_130056","NWB Dim AutoFill","MECHANICAL DUCTWORK LAYOUT - LEVEL 07","model","selection","skip","Both","skip-other-users","15671269","Ducts","Rectangular Duct","","LEVEL 07","Flanged Long Radius Elbows / Shoe Branch","350x300","350","300","","NWB_DimDiameter","","","","SKIP","no parsed value","","","","NWB_DimDiameter","","","",""
"20260810_130056","NWB Dim AutoFill","MECHANICAL DUCTWORK LAYOUT - LEVEL 07","model","selection","skip","Both","skip-other-users","15671517","Ducts","Rectangular Duct","","LEVEL 07","Flanged Long Radius Elbows / Shoe Branch","250x250","250","250","","NWB_DimWidth","250","250","250","SKIP","existing-kept","instance","Shared Parameter","7626175","NWB_DimWidth","String","False","1","1"
"20260810_130056","NWB Dim AutoFill","MECHANICAL DUCTWORK LAYOUT - LEVEL 07","model","selection","skip","Both","skip-other-users","15671517","Ducts","Rectangular Duct","","LEVEL 07","Flanged Long Radius Elbows / Shoe Branch","250x250","250","250","","NWB_DimHeight","250","250","250","SKIP","existing-kept","instance","Shared Parameter","7626170","NWB_DimHeight","String","False","1","1"
"20260810_130056","NWB Dim AutoFill","MECHANICAL DUCTWORK LAYOUT - LEVEL 07","model","selection","skip","Both","skip-other-users","15671517","Ducts","Rectangular Duct","","LEVEL 07","Flanged Long Radius Elbows / Shoe Branch","250x250","250","250","","NWB_DimDiameter","","","","SKIP","no parsed value","","","","NWB_DimDiameter","","","",""
"20260810_130056","NWB Dim AutoFill","MECHANICAL DUCTWORK LAYOUT - LEVEL 07","model","selection","skip","Both","skip-other-users","15671591","Duct Fittings","MHT-ME-DF-Rectangular Short Radius Bend - Flanged","","LEVEL 07","MHT-ME-DF-Rectangular Short Radius Bend - Flanged","250x250-250x250","250","250","","NWB_DimDiameter","","","","SKIP","no parsed value","","","","NWB_DimDiameter","","","",""
"20260810_130056","NWB Dim AutoFill","MECHANICAL DUCTWORK LAYOUT - LEVEL 07","model","selection","skip","Both","skip-other-users","15671690","Duct Fittings","MHT-ME-DF-Rectangular Shoe Branch - Flanged","","LEVEL 07","Standard","200x200-200x200","200","200","","NWB_DimDiameter","","","","SKIP","no parsed value","","","","NWB_DimDiameter","","","",""
"20260810_130056","NWB Dim AutoFill","MECHANICAL DUCTWORK LAYOUT - LEVEL 07","model","selection","skip","Both","skip-other-users","15671815","Ducts","Rectangular Duct","","LEVEL 07","Flanged Long Radius Elbows / Shoe Branch","200x200","200","200","","NWB_DimWidth","200","200","200","SKIP","existing-kept","instance","Shared Parameter","7626175","NWB_DimWidth","String","False","1","1"
"20260810_130056","NWB Dim AutoFill","MECHANICAL DUCTWORK LAYOUT - LEVEL 07","model","selection","skip","Both","skip-other-users","15671815","Ducts","Rectangular Duct","","LEVEL 07","Flanged Long Radius Elbows / Shoe Branch","200x200","200","200","","NWB_DimHeight","200","200","200","SKIP","existing-kept","instance","Shared Parameter","7626170","NWB_DimHeight","String","False","1","1"
"20260810_130056","NWB Dim AutoFill","MECHANICAL DUCTWORK LAYOUT - LEVEL 07","model","selection","skip","Both","skip-other-users","15671815","Ducts","Rectangular Duct","","LEVEL 07","Flanged Long Radius Elbows / Shoe Branch","200x200","200","200","","NWB_DimDiameter","","","","SKIP","no parsed value","","","","NWB_DimDiameter","","","",""
"20260810_130056","NWB Dim AutoFill","MECHANICAL DUCTWORK LAYOUT - LEVEL 07","model","selection","skip","Both","skip-other-users","15671816","Ducts","Rectangular Duct","","LEVEL 07","Flanged Long Radius Elbows / Shoe Branch","200x200","200","200","","NWB_DimWidth","200","200","200","SKIP","existing-kept","instance","Shared Parameter","7626175","NWB_DimWidth","String","False","1","1"
"20260810_130056","NWB Dim AutoFill","MECHANICAL DUCTWORK LAYOUT - LEVEL 07","model","selection","skip","Both","skip-other-users","15671816","Ducts","Rectangular Duct","","LEVEL 07","Flanged Long Radius Elbows / Shoe Branch","200x200","200","200","","NWB_DimHeight","200","200","200","SKIP","existing-kept","instance","Shared Parameter","7626170","NWB_DimHeight","String","False","1","1"
"20260810_130056","NWB Dim AutoFill","MECHANICAL DUCTWORK LAYOUT - LEVEL 07","model","selection","skip","Both","skip-other-users","15671816","Ducts","Rectangular Duct","","LEVEL 07","Flanged Long Radius Elbows / Shoe Branch","200x200","200","200","","NWB_DimDiameter","","","","SKIP","no parsed value","","","","NWB_DimDiameter","","","",""
"20260810_130056","NWB Dim AutoFill","MECHANICAL DUCTWORK LAYOUT - LEVEL 07","model","selection","skip","Both","skip-other-users","15671817","Duct Fittings","MHT-ME-DF-Rectangular Short Radius Bend - Flanged","","LEVEL 07","MHT-ME-DF-Rectangular Short Radius Bend - Flanged","200x200-200x200","200","200","","NWB_DimDiameter","","","","SKIP","no parsed value","","","","NWB_DimDiameter","","","",""
"20260810_130056","NWB Dim AutoFill","MECHANICAL DUCTWORK LAYOUT - LEVEL 07","model","selection","skip","Both","skip-other-users","15671823","Duct Fittings","MHT-ME-DF-Rectangular Short Radius Bend - Flanged","","LEVEL 07","MHT-ME-DF-Rectangular Short Radius Bend - Flanged","200x200-200x200","200","200","","NWB_DimDiameter","","","","SKIP","no parsed value","","","","NWB_DimDiameter","","","",""
"20260810_130056","NWB Dim AutoFill","MECHANICAL DUCTWORK LAYOUT - LEVEL 07","model","selection","skip","Both","skip-other-users","15672185","Flex Ducts","Flex Duct Round","","LEVEL 07","Flex - Round","200 mmø","","","200","NWB_DimWidth","","","","SKIP","no parsed value","","","","NWB_DimWidth","","","",""
"20260810_130056","NWB Dim AutoFill","MECHANICAL DUCTWORK LAYOUT - LEVEL 07","model","selection","skip","Both","skip-other-users","15672185","Flex Ducts","Flex Duct Round","","LEVEL 07","Flex - Round","200 mmø","","","200","NWB_DimHeight","","","","SKIP","no parsed value","","","","NWB_DimHeight","","","",""
"20260810_130056","NWB Dim AutoFill","MECHANICAL DUCTWORK LAYOUT - LEVEL 07","model","selection","skip","Both","skip-other-users","15672188","Duct Fittings","MHT_DF_Spigot","","LEVEL 07","Damper","200ø-200ø","","","200","NWB_DimWidth","","","","SKIP","no parsed value","","","","NWB_DimWidth","","","",""
"20260810_130056","NWB Dim AutoFill","MECHANICAL DUCTWORK LAYOUT - LEVEL 07","model","selection","skip","Both","skip-other-users","15672188","Duct Fittings","MHT_DF_Spigot","","LEVEL 07","Damper","200ø-200ø","","","200","NWB_DimHeight","","","","SKIP","no parsed value","","","","NWB_DimHeight","","","",""
"20260810_130056","NWB Dim AutoFill","MECHANICAL DUCTWORK LAYOUT - LEVEL 07","model","selection","skip","Both","skip-other-users","15672256","Ducts","Rectangular Duct","","LEVEL 07","Flanged Long Radius Elbows / Shoe Branch","250x250","250","250","","NWB_DimWidth","250","250","250","SKIP","existing-kept","instance","Shared Parameter","7626175","NWB_DimWidth","String","False","1","1"
"20260810_130056","NWB Dim AutoFill","MECHANICAL DUCTWORK LAYOUT - LEVEL 07","model","selection","skip","Both","skip-other-users","15672256","Ducts","Rectangular Duct","","LEVEL 07","Flanged Long Radius Elbows / Shoe Branch","250x250","250","250","","NWB_DimHeight","250","250","250","SKIP","existing-kept","instance","Shared Parameter","7626170","NWB_DimHeight","String","False","1","1"
"20260810_130056","NWB Dim AutoFill","MECHANICAL DUCTWORK LAYOUT - LEVEL 07","model","selection","skip","Both","skip-other-users","15672256","Ducts","Rectangular Duct","","LEVEL 07","Flanged Long Radius Elbows / Shoe Branch","250x250","250","250","","NWB_DimDiameter","","","","SKIP","no parsed value","","","","NWB_DimDiameter","","","",""
"20260810_130056","NWB Dim AutoFill","MECHANICAL DUCTWORK LAYOUT - LEVEL 07","model","selection","skip","Both","skip-other-users","15672367","Flex Ducts","Flex Duct Round","","LEVEL 07","Flex - Round","200 mmø","","","200","NWB_DimWidth","","","","SKIP","no parsed value","","","","NWB_DimWidth","","","",""
"20260810_130056","NWB Dim AutoFill","MECHANICAL DUCTWORK LAYOUT - LEVEL 07","model","selection","skip","Both","skip-other-users","15672367","Flex Ducts","Flex Duct Round","","LEVEL 07","Flex - Round","200 mmø","","","200","NWB_DimHeight","","","","SKIP","no parsed value","","","","NWB_DimHeight","","","",""
"20260810_130056","NWB Dim AutoFill","MECHANICAL DUCTWORK LAYOUT - LEVEL 07","model","selection","skip","Both","skip-other-users","15672370","Duct Fittings","MHT_DF_Spigot","","LEVEL 07","Damper","200ø-200ø","","","200","NWB_DimWidth","","","","SKIP","no parsed value","","","","NWB_DimWidth","","","",""
"20260810_130056","NWB Dim AutoFill","MECHANICAL DUCTWORK LAYOUT - LEVEL 07","model","selection","skip","Both","skip-other-users","15672370","Duct Fittings","MHT_DF_Spigot","","LEVEL 07","Damper","200ø-200ø","","","200","NWB_DimHeight","","","","SKIP","no parsed value","","","","NWB_DimHeight","","","",""
"20260810_130056","NWB Dim AutoFill","MECHANICAL DUCTWORK LAYOUT - LEVEL 07","model","selection","skip","Both","skip-other-users","15672418","Flex Ducts","Flex Duct Round","","LEVEL 07","Flex - Round","150 mmø","","","150","NWB_DimWidth","","","","SKIP","no parsed value","","","","NWB_DimWidth","","","",""
"20260810_130056","NWB Dim AutoFill","MECHANICAL DUCTWORK LAYOUT - LEVEL 07","model","selection","skip","Both","skip-other-users","15672418","Flex Ducts","Flex Duct Round","","LEVEL 07","Flex - Round","150 mmø","","","150","NWB_DimHeight","","","","SKIP","no parsed value","","","","NWB_DimHeight","","","",""
"20260810_130056","NWB Dim AutoFill","MECHANICAL DUCTWORK LAYOUT - LEVEL 07","model","selection","skip","Both","skip-other-users","15672421","Duct Fittings","MHT_DF_Spigot","","LEVEL 07","Damper","150ø-150ø","","","150","NWB_DimWidth","","","","SKIP","no parsed value","","","","NWB_DimWidth","","","",""
"20260810_130056","NWB Dim AutoFill","MECHANICAL DUCTWORK LAYOUT - LEVEL 07","model","selection","skip","Both","skip-other-users","15672421","Duct Fittings","MHT_DF_Spigot","","LEVEL 07","Damper","150ø-150ø","","","150","NWB_DimHeight","","","","SKIP","no parsed value","","","","NWB_DimHeight","","","",""
"20260810_130056","NWB Dim AutoFill","MECHANICAL DUCTWORK LAYOUT - LEVEL 07","model","selection","skip","Both","skip-other-users","15672703","Duct Fittings","MHT_DF_Spigot","","LEVEL 07","Damper","150ø-150ø","","","150","NWB_DimWidth","","","","SKIP","no parsed value","","","","NWB_DimWidth","","","",""
"20260810_130056","NWB Dim AutoFill","MECHANICAL DUCTWORK LAYOUT - LEVEL 07","model","selection","skip","Both","skip-other-users","15672703","Duct Fittings","MHT_DF_Spigot","","LEVEL 07","Damper","150ø-150ø","","","150","NWB_DimHeight","","","","SKIP","no parsed value","","","","NWB_DimHeight","","","",""
"20260810_130056","NWB Dim AutoFill","MECHANICAL DUCTWORK LAYOUT - LEVEL 07","model","selection","skip","Both","skip-other-users","15672789","Duct Fittings","MHT-ME-DF-Square Cap-BMA","","LEVEL 07","Standard","250x250","250","250","","NWB_DimDiameter","","","","SKIP","no parsed value","","","","NWB_DimDiameter","","","",""
"20260810_130056","NWB Dim AutoFill","MECHANICAL DUCTWORK LAYOUT - LEVEL 07","model","selection","skip","Both","skip-other-users","15672945","Flex Ducts","Flex Duct Round","","LEVEL 07","Flex - Round","250 mmø","","","250","NWB_DimWidth","","","","SKIP","no parsed value","","","","NWB_DimWidth","","","",""
"20260810_130056","NWB Dim AutoFill","MECHANICAL DUCTWORK LAYOUT - LEVEL 07","model","selection","skip","Both","skip-other-users","15672945","Flex Ducts","Flex Duct Round","","LEVEL 07","Flex - Round","250 mmø","","","250","NWB_DimHeight","","","","SKIP","no parsed value","","","","NWB_DimHeight","","","",""
"20260810_130056","NWB Dim AutoFill","MECHANICAL DUCTWORK LAYOUT - LEVEL 07","model","selection","skip","Both","skip-other-users","15672948","Duct Fittings","MHT_DF_Spigot","","LEVEL 07","Damper","250ø-250ø","","","250","NWB_DimWidth","","","","SKIP","no parsed value","","","","NWB_DimWidth","","","",""
"20260810_130056","NWB Dim AutoFill","MECHANICAL DUCTWORK LAYOUT - LEVEL 07","model","selection","skip","Both","skip-other-users","15672948","Duct Fittings","MHT_DF_Spigot","","LEVEL 07","Damper","250ø-250ø","","","250","NWB_DimHeight","","","","SKIP","no parsed value","","","","NWB_DimHeight","","","",""
"20260810_130056","NWB Dim AutoFill","MECHANICAL DUCTWORK LAYOUT - LEVEL 07","model","selection","skip","Both","skip-other-users","15673154","Duct Accessories","MHT-ME-Fire Damper-02","","LEVEL 07","MHT-ME-FAM-FAM-Fire Damper","250x250-250x250","250","250","","NWB_DimDiameter","","","","SKIP","no parsed value","","","","NWB_DimDiameter","","","",""
"20260810_130056","NWB Dim AutoFill","MECHANICAL DUCTWORK LAYOUT - LEVEL 07","model","selection","skip","Both","skip-other-users","15673192","Duct Accessories","MHT-ME-Fire Damper-02","","LEVEL 07","MHT-ME-FAM-FAM-Fire Damper","250x250-250x250","250","250","","NWB_DimDiameter","","","","SKIP","no parsed value","","","","NWB_DimDiameter","","","",""
"20260810_130056","NWB Dim AutoFill","MECHANICAL DUCTWORK LAYOUT - LEVEL 07","model","selection","skip","Both","skip-other-users","15673195","Ducts","Rectangular Duct","","LEVEL 07","Flanged Long Radius Elbows / Shoe Branch","250x250","250","250","","NWB_DimWidth","250","250","250","SKIP","existing-kept","instance","Shared Parameter","7626175","NWB_DimWidth","String","False","1","1"
"20260810_130056","NWB Dim AutoFill","MECHANICAL DUCTWORK LAYOUT - LEVEL 07","model","selection","skip","Both","skip-other-users","15673195","Ducts","Rectangular Duct","","LEVEL 07","Flanged Long Radius Elbows / Shoe Branch","250x250","250","250","","NWB_DimHeight","250","250","250","SKIP","existing-kept","instance","Shared Parameter","7626170","NWB_DimHeight","String","False","1","1"
"20260810_130056","NWB Dim AutoFill","MECHANICAL DUCTWORK LAYOUT - LEVEL 07","model","selection","skip","Both","skip-other-users","15673195","Ducts","Rectangular Duct","","LEVEL 07","Flanged Long Radius Elbows / Shoe Branch","250x250","250","250","","NWB_DimDiameter","","","","SKIP","no parsed value","","","","NWB_DimDiameter","","","",""
"20260810_130056","NWB Dim AutoFill","MECHANICAL DUCTWORK LAYOUT - LEVEL 07","model","selection","skip","Both","skip-other-users","15676938","Duct Fittings","MHT-ME-DF-Rectangular Short Radius Bend - Flanged","","LEVEL 07","MHT-ME-DF-Rectangular Short Radius Bend - Flanged","150x250-150x250","150","250","","NWB_DimDiameter","","","","SKIP","no parsed value","","","","NWB_DimDiameter","","","",""
"20260810_130056","NWB Dim AutoFill","MECHANICAL DUCTWORK LAYOUT - LEVEL 07","model","selection","skip","Both","skip-other-users","15676939","Duct Fittings","MHT-ME-DF-Rectangular Short Radius Bend - Flanged","","LEVEL 07","MHT-ME-DF-Rectangular Short Radius Bend - Flanged","150x250-150x250","150","250","","NWB_DimDiameter","","","","SKIP","no parsed value","","","","NWB_DimDiameter","","","",""
"20260810_130056","NWB Dim AutoFill","MECHANICAL DUCTWORK LAYOUT - LEVEL 07","model","selection","skip","Both","skip-other-users","15679936","Ducts","Rectangular Duct","","LEVEL 07","Flanged Long Radius Elbows / Shoe Branch","350x300","350","300","","NWB_DimWidth","350","350","350","SKIP","existing-kept","instance","Shared Parameter","7626175","NWB_DimWidth","String","False","1","1"
"20260810_130056","NWB Dim AutoFill","MECHANICAL DUCTWORK LAYOUT - LEVEL 07","model","selection","skip","Both","skip-other-users","15679936","Ducts","Rectangular Duct","","LEVEL 07","Flanged Long Radius Elbows / Shoe Branch","350x300","350","300","","NWB_DimHeight","300","300","300","SKIP","existing-kept","instance","Shared Parameter","7626170","NWB_DimHeight","String","False","1","1"
"20260810_130056","NWB Dim AutoFill","MECHANICAL DUCTWORK LAYOUT - LEVEL 07","model","selection","skip","Both","skip-other-users","15679936","Ducts","Rectangular Duct","","LEVEL 07","Flanged Long Radius Elbows / Shoe Branch","350x300","350","300","","NWB_DimDiameter","","","","SKIP","no parsed value","","","","NWB_DimDiameter","","","",""
"20260810_130056","NWB Dim AutoFill","MECHANICAL DUCTWORK LAYOUT - LEVEL 07","model","selection","skip","Both","skip-other-users","15679937","Duct Fittings","MHT-ME-DF-Rectangular Short Radius Bend - Flanged","","LEVEL 07","MHT-ME-DF-Rectangular Short Radius Bend - Flanged","350x300-350x300","350","300","","NWB_DimDiameter","","","","SKIP","no parsed value","","","","NWB_DimDiameter","","","",""
"20260810_130056","NWB Dim AutoFill","MECHANICAL DUCTWORK LAYOUT - LEVEL 07","model","selection","skip","Both","skip-other-users","15679943","Duct Fittings","MHT_DF_Spigot","","LEVEL 07","Damper","400ø-400ø","","","400","NWB_DimWidth","","","","SKIP","no parsed value","","","","NWB_DimWidth","","","",""
"20260810_130056","NWB Dim AutoFill","MECHANICAL DUCTWORK LAYOUT - LEVEL 07","model","selection","skip","Both","skip-other-users","15679943","Duct Fittings","MHT_DF_Spigot","","LEVEL 07","Damper","400ø-400ø","","","400","NWB_DimHeight","","","","SKIP","no parsed value","","","","NWB_DimHeight","","","",""
"20260810_130056","NWB Dim AutoFill","MECHANICAL DUCTWORK LAYOUT - LEVEL 07","model","selection","skip","Both","skip-other-users","14892892","Duct Fittings","MHT-ME-DF-Rectangular Short Radius Bend - Flanged","","LEVEL 07","MHT-ME-DF-Rectangular Short Radius Bend - Flanged","200x200-200x200","200","200","","NWB_DimWidth","200","200","200","OK","verified","instance","Shared Parameter","7626175","NWB_DimWidth","String","False","2","2"
"20260810_130056","NWB Dim AutoFill","MECHANICAL DUCTWORK LAYOUT - LEVEL 07","model","selection","skip","Both","skip-other-users","14892892","Duct Fittings","MHT-ME-DF-Rectangular Short Radius Bend - Flanged","","LEVEL 07","MHT-ME-DF-Rectangular Short Radius Bend - Flanged","200x200-200x200","200","200","","NWB_DimHeight","200","200","200","OK","verified","instance","Shared Parameter","7626170","NWB_DimHeight","String","False","2","2"
"20260810_130056","NWB Dim AutoFill","MECHANICAL DUCTWORK LAYOUT - LEVEL 07","model","selection","skip","Both","skip-other-users","14893604","Air Terminals","MHT_AT_RA ECG cw plenum","","LEVEL 07","Damper","200x200","200","200","150","NWB_DimWidth","200","200","200","OK","verified","instance","Shared Parameter","7626175","NWB_DimWidth","String","False","1","1"
"20260810_130056","NWB Dim AutoFill","MECHANICAL DUCTWORK LAYOUT - LEVEL 07","model","selection","skip","Both","skip-other-users","14893604","Air Terminals","MHT_AT_RA ECG cw plenum","","LEVEL 07","Damper","200x200","200","200","150","NWB_DimHeight","200","200","200","OK","verified","instance","Shared Parameter","7626170","NWB_DimHeight","String","False","1","1"
"20260810_130056","NWB Dim AutoFill","MECHANICAL DUCTWORK LAYOUT - LEVEL 07","model","selection","skip","Both","skip-other-users","14932590","Air Terminals","MHT_AT_R Air Diff ECG","","LEVEL 07","200x200","0x1","0","1","0","NWB_DimDiameter","0","0","0","OK","verified","instance","Shared Parameter","7626172","NWB_DimDiameter","String","False","1","1"
"20260810_130056","NWB Dim AutoFill","MECHANICAL DUCTWORK LAYOUT - LEVEL 07","model","selection","skip","Both","skip-other-users","14932591","Air Terminals","MHT_AT_R Air Diff ECG","","LEVEL 07","200x200","0x1","0","1","0","NWB_DimDiameter","0","0","0","OK","verified","instance","Shared Parameter","7626172","NWB_DimDiameter","String","False","1","1"
"20260810_130056","NWB Dim AutoFill","MECHANICAL DUCTWORK LAYOUT - LEVEL 07","model","selection","skip","Both","skip-other-users","14932618","Air Terminals","MHT_AT_S Air Diff Swirl","","LEVEL 07","No Damper 300X300","600x300","600","300","200","NWB_DimWidth","600","600","600","OK","verified","instance","Shared Parameter","7626175","NWB_DimWidth","String","False","1","1"
"20260810_130056","NWB Dim AutoFill","MECHANICAL DUCTWORK LAYOUT - LEVEL 07","model","selection","skip","Both","skip-other-users","14932618","Air Terminals","MHT_AT_S Air Diff Swirl","","LEVEL 07","No Damper 300X300","600x300","600","300","200","NWB_DimHeight","300","300","300","OK","verified","instance","Shared Parameter","7626170","NWB_DimHeight","String","False","1","1"
"20260810_130056","NWB Dim AutoFill","MECHANICAL DUCTWORK LAYOUT - LEVEL 07","model","selection","skip","Both","skip-other-users","14946028","Air Terminals","MHT_AT_RA ECG cw plenum","","LEVEL 07","Damper","250x250","250","250","250","NWB_DimWidth","250","250","250","OK","verified","instance","Shared Parameter","7626175","NWB_DimWidth","String","False","1","1"
"20260810_130056","NWB Dim AutoFill","MECHANICAL DUCTWORK LAYOUT - LEVEL 07","model","selection","skip","Both","skip-other-users","14946028","Air Terminals","MHT_AT_RA ECG cw plenum","","LEVEL 07","Damper","250x250","250","250","250","NWB_DimHeight","250","250","250","OK","verified","instance","Shared Parameter","7626170","NWB_DimHeight","String","False","1","1"
"20260810_130056","NWB Dim AutoFill","MECHANICAL DUCTWORK LAYOUT - LEVEL 07","model","selection","skip","Both","skip-other-users","14948704","Duct Fittings","MHT-ME-DF-Rectangular Short Radius Bend - Flanged","","LEVEL 07","MHT-ME-DF-Rectangular Short Radius Bend - Flanged","500x400-500x400","500","400","","NWB_DimWidth","500","500","500","OK","verified","instance","Shared Parameter","7626175","NWB_DimWidth","String","False","2","2"
"20260810_130056","NWB Dim AutoFill","MECHANICAL DUCTWORK LAYOUT - LEVEL 07","model","selection","skip","Both","skip-other-users","14948704","Duct Fittings","MHT-ME-DF-Rectangular Short Radius Bend - Flanged","","LEVEL 07","MHT-ME-DF-Rectangular Short Radius Bend - Flanged","500x400-500x400","500","400","","NWB_DimHeight","400","400","400","OK","verified","instance","Shared Parameter","7626170","NWB_DimHeight","String","False","2","2"
"20260810_130056","NWB Dim AutoFill","MECHANICAL DUCTWORK LAYOUT - LEVEL 07","model","selection","skip","Both","skip-other-users","14948710","Duct Fittings","MHT-ME-DF-Rectangular Eccentric Taper - Flanged-01","","LEVEL 07","Standard","500x400-450x350","500","400","","NWB_DimWidth","500","500","500","OK","verified","instance","Shared Parameter","7626175","NWB_DimWidth","String","False","2","2"
"20260810_130056","NWB Dim AutoFill","MECHANICAL DUCTWORK LAYOUT - LEVEL 07","model","selection","skip","Both","skip-other-users","14948710","Duct Fittings","MHT-ME-DF-Rectangular Eccentric Taper - Flanged-01","","LEVEL 07","Standard","500x400-450x350","500","400","","NWB_DimHeight","400","400","400","OK","verified","instance","Shared Parameter","7626170","NWB_DimHeight","String","False","2","2"
"20260810_130056","NWB Dim AutoFill","MECHANICAL DUCTWORK LAYOUT - LEVEL 07","model","selection","skip","Both","skip-other-users","14950636","Air Terminals","MHT_AT_RA ECG cw plenum","","LEVEL 07","Damper","300x300","300","300","300","NWB_DimWidth","300","300","300","OK","verified","instance","Shared Parameter","7626175","NWB_DimWidth","String","False","1","1"
"20260810_130056","NWB Dim AutoFill","MECHANICAL DUCTWORK LAYOUT - LEVEL 07","model","selection","skip","Both","skip-other-users","14950636","Air Terminals","MHT_AT_RA ECG cw plenum","","LEVEL 07","Damper","300x300","300","300","300","NWB_DimHeight","300","300","300","OK","verified","instance","Shared Parameter","7626170","NWB_DimHeight","String","False","1","1"
"20260810_130056","NWB Dim AutoFill","MECHANICAL DUCTWORK LAYOUT - LEVEL 07","model","selection","skip","Both","skip-other-users","14950646","Air Terminals","MHT_AT_RA ECG cw plenum","","LEVEL 07","Damper","250x250","250","250","250","NWB_DimWidth","250","250","250","OK","verified","instance","Shared Parameter","7626175","NWB_DimWidth","String","False","1","1"
"20260810_130056","NWB Dim AutoFill","MECHANICAL DUCTWORK LAYOUT - LEVEL 07","model","selection","skip","Both","skip-other-users","14950646","Air Terminals","MHT_AT_RA ECG cw plenum","","LEVEL 07","Damper","250x250","250","250","250","NWB_DimHeight","250","250","250","OK","verified","instance","Shared Parameter","7626170","NWB_DimHeight","String","False","1","1"
"20260810_130056","NWB Dim AutoFill","MECHANICAL DUCTWORK LAYOUT - LEVEL 07","model","selection","skip","Both","skip-other-users","14950650","Air Terminals","MHT_AT_RA ECG cw plenum","","LEVEL 07","Damper","200x200","200","200","200","NWB_DimWidth","200","200","200","OK","verified","instance","Shared Parameter","7626175","NWB_DimWidth","String","False","1","1"
"20260810_130056","NWB Dim AutoFill","MECHANICAL DUCTWORK LAYOUT - LEVEL 07","model","selection","skip","Both","skip-other-users","14950650","Air Terminals","MHT_AT_RA ECG cw plenum","","LEVEL 07","Damper","200x200","200","200","200","NWB_DimHeight","200","200","200","OK","verified","instance","Shared Parameter","7626170","NWB_DimHeight","String","False","1","1"
"20260810_130056","NWB Dim AutoFill","MECHANICAL DUCTWORK LAYOUT - LEVEL 07","model","selection","skip","Both","skip-other-users","14951359","Air Terminals","MHT_AT_RA ECG cw plenum","","LEVEL 07","Damper","250x250","250","250","250","NWB_DimWidth","250","250","250","OK","verified","instance","Shared Parameter","7626175","NWB_DimWidth","String","False","1","1"
"20260810_130056","NWB Dim AutoFill","MECHANICAL DUCTWORK LAYOUT - LEVEL 07","model","selection","skip","Both","skip-other-users","14951359","Air Terminals","MHT_AT_RA ECG cw plenum","","LEVEL 07","Damper","250x250","250","250","250","NWB_DimHeight","250","250","250","OK","verified","instance","Shared Parameter","7626170","NWB_DimHeight","String","False","1","1"
"20260810_130056","NWB Dim AutoFill","MECHANICAL DUCTWORK LAYOUT - LEVEL 07","model","selection","skip","Both","skip-other-users","14951903","Air Terminals","MHT_AT_RA ECG cw plenum","","LEVEL 07","Damper","250x250","250","250","250","NWB_DimWidth","250","250","250","OK","verified","instance","Shared Parameter","7626175","NWB_DimWidth","String","False","1","1"
"20260810_130056","NWB Dim AutoFill","MECHANICAL DUCTWORK LAYOUT - LEVEL 07","model","selection","skip","Both","skip-other-users","14951903","Air Terminals","MHT_AT_RA ECG cw plenum","","LEVEL 07","Damper","250x250","250","250","250","NWB_DimHeight","250","250","250","OK","verified","instance","Shared Parameter","7626170","NWB_DimHeight","String","False","1","1"
"20260810_130056","NWB Dim AutoFill","MECHANICAL DUCTWORK LAYOUT - LEVEL 07","model","selection","skip","Both","skip-other-users","14952241","Air Terminals","MHT_AT_RA ECG cw plenum","","LEVEL 07","Damper","250x250","250","250","250","NWB_DimWidth","250","250","250","OK","verified","instance","Shared Parameter","7626175","NWB_DimWidth","String","False","1","1"
"20260810_130056","NWB Dim AutoFill","MECHANICAL DUCTWORK LAYOUT - LEVEL 07","model","selection","skip","Both","skip-other-users","14952241","Air Terminals","MHT_AT_RA ECG cw plenum","","LEVEL 07","Damper","250x250","250","250","250","NWB_DimHeight","250","250","250","OK","verified","instance","Shared Parameter","7626170","NWB_DimHeight","String","False","1","1"
"20260810_130056","NWB Dim AutoFill","MECHANICAL DUCTWORK LAYOUT - LEVEL 07","model","selection","skip","Both","skip-other-users","14952243","Air Terminals","MHT_AT_RA ECG cw plenum","","LEVEL 07","Damper","250x250","250","250","250","NWB_DimWidth","250","250","250","OK","verified","instance","Shared Parameter","7626175","NWB_DimWidth","String","False","1","1"
"20260810_130056","NWB Dim AutoFill","MECHANICAL DUCTWORK LAYOUT - LEVEL 07","model","selection","skip","Both","skip-other-users","14952243","Air Terminals","MHT_AT_RA ECG cw plenum","","LEVEL 07","Damper","250x250","250","250","250","NWB_DimHeight","250","250","250","OK","verified","instance","Shared Parameter","7626170","NWB_DimHeight","String","False","1","1"
"20260810_130056","NWB Dim AutoFill","MECHANICAL DUCTWORK LAYOUT - LEVEL 07","model","selection","skip","Both","skip-other-users","14952350","Duct Fittings","MHT-ME-DF-Rectangular Eccentric Taper - Flanged-01","","LEVEL 07","Standard","450x350-350x300","450","350","","NWB_DimWidth","450","450","450","OK","verified","instance","Shared Parameter","7626175","NWB_DimWidth","String","False","2","2"
"20260810_130056","NWB Dim AutoFill","MECHANICAL DUCTWORK LAYOUT - LEVEL 07","model","selection","skip","Both","skip-other-users","14952350","Duct Fittings","MHT-ME-DF-Rectangular Eccentric Taper - Flanged-01","","LEVEL 07","Standard","450x350-350x300","450","350","","NWB_DimHeight","350","350","350","OK","verified","instance","Shared Parameter","7626170","NWB_DimHeight","String","False","2","2"
"20260810_130056","NWB Dim AutoFill","MECHANICAL DUCTWORK LAYOUT - LEVEL 07","model","selection","skip","Both","skip-other-users","14952507","Duct Fittings","MHT-ME-DF-Rectangular Eccentric Taper - Flanged-01","","LEVEL 07","Standard","300x300-200x200","300","300","","NWB_DimWidth","300","300","300","OK","verified","instance","Shared Parameter","7626175","NWB_DimWidth","String","False","2","2"
"20260810_130056","NWB Dim AutoFill","MECHANICAL DUCTWORK LAYOUT - LEVEL 07","model","selection","skip","Both","skip-other-users","14952507","Duct Fittings","MHT-ME-DF-Rectangular Eccentric Taper - Flanged-01","","LEVEL 07","Standard","300x300-200x200","300","300","","NWB_DimHeight","300","300","300","OK","verified","instance","Shared Parameter","7626170","NWB_DimHeight","String","False","2","2"
"20260810_130056","NWB Dim AutoFill","MECHANICAL DUCTWORK LAYOUT - LEVEL 07","model","selection","skip","Both","skip-other-users","14952555","Duct Fittings","MHT-ME-DF-Rectangular Eccentric Taper - Flanged-01","","LEVEL 07","Standard","350x300-150x150","350","300","","NWB_DimWidth","350","350","350","OK","verified","instance","Shared Parameter","7626175","NWB_DimWidth","String","False","2","2"
"20260810_130056","NWB Dim AutoFill","MECHANICAL DUCTWORK LAYOUT - LEVEL 07","model","selection","skip","Both","skip-other-users","14952555","Duct Fittings","MHT-ME-DF-Rectangular Eccentric Taper - Flanged-01","","LEVEL 07","Standard","350x300-150x150","350","300","","NWB_DimHeight","300","300","300","OK","verified","instance","Shared Parameter","7626170","NWB_DimHeight","String","False","2","2"
"20260810_130056","NWB Dim AutoFill","MECHANICAL DUCTWORK LAYOUT - LEVEL 07","model","selection","skip","Both","skip-other-users","14952973","Duct Fittings","MHT-ME-DF-Rectangular Short Radius Bend - Flanged","","LEVEL 07","MHT-ME-DF-Rectangular Short Radius Bend - Flanged","275x250-275x250","275","250","","NWB_DimWidth","275","275","275","OK","verified","instance","Shared Parameter","7626175","NWB_DimWidth","String","False","2","2"
"20260810_130056","NWB Dim AutoFill","MECHANICAL DUCTWORK LAYOUT - LEVEL 07","model","selection","skip","Both","skip-other-users","14952973","Duct Fittings","MHT-ME-DF-Rectangular Short Radius Bend - Flanged","","LEVEL 07","MHT-ME-DF-Rectangular Short Radius Bend - Flanged","275x250-275x250","275","250","","NWB_DimHeight","250","250","250","OK","verified","instance","Shared Parameter","7626170","NWB_DimHeight","String","False","2","2"
"20260810_130056","NWB Dim AutoFill","MECHANICAL DUCTWORK LAYOUT - LEVEL 07","model","selection","skip","Both","skip-other-users","14953025","Air Terminals","MHT_AT_RA ECG cw plenum","","LEVEL 07","Damper","250x250","250","250","250","NWB_DimWidth","250","250","250","OK","verified","instance","Shared Parameter","7626175","NWB_DimWidth","String","False","1","1"
"20260810_130056","NWB Dim AutoFill","MECHANICAL DUCTWORK LAYOUT - LEVEL 07","model","selection","skip","Both","skip-other-users","14953025","Air Terminals","MHT_AT_RA ECG cw plenum","","LEVEL 07","Damper","250x250","250","250","250","NWB_DimHeight","250","250","250","OK","verified","instance","Shared Parameter","7626170","NWB_DimHeight","String","False","1","1"
"20260810_130056","NWB Dim AutoFill","MECHANICAL DUCTWORK LAYOUT - LEVEL 07","model","selection","skip","Both","skip-other-users","14953048","Air Terminals","MHT_AT_RA ECG cw plenum","","LEVEL 07","Damper","250x250","250","250","250","NWB_DimWidth","250","250","250","OK","verified","instance","Shared Parameter","7626175","NWB_DimWidth","String","False","1","1"
"20260810_130056","NWB Dim AutoFill","MECHANICAL DUCTWORK LAYOUT - LEVEL 07","model","selection","skip","Both","skip-other-users","14953048","Air Terminals","MHT_AT_RA ECG cw plenum","","LEVEL 07","Damper","250x250","250","250","250","NWB_DimHeight","250","250","250","OK","verified","instance","Shared Parameter","7626170","NWB_DimHeight","String","False","1","1"
"20260810_130056","NWB Dim AutoFill","MECHANICAL DUCTWORK LAYOUT - LEVEL 07","model","selection","skip","Both","skip-other-users","14953368","Air Terminals","MHT_AT_RA ECG cw plenum","","LEVEL 07","Damper","300x300","300","300","300","NWB_DimWidth","300","300","300","OK","verified","instance","Shared Parameter","7626175","NWB_DimWidth","String","False","1","1"
"20260810_130056","NWB Dim AutoFill","MECHANICAL DUCTWORK LAYOUT - LEVEL 07","model","selection","skip","Both","skip-other-users","14953368","Air Terminals","MHT_AT_RA ECG cw plenum","","LEVEL 07","Damper","300x300","300","300","300","NWB_DimHeight","300","300","300","OK","verified","instance","Shared Parameter","7626170","NWB_DimHeight","String","False","1","1"
"20260810_130056","NWB Dim AutoFill","MECHANICAL DUCTWORK LAYOUT - LEVEL 07","model","selection","skip","Both","skip-other-users","14953415","Air Terminals","MHT_AT_RA ECG cw plenum","","LEVEL 07","Damper","300x300","300","300","300","NWB_DimWidth","300","300","300","OK","verified","instance","Shared Parameter","7626175","NWB_DimWidth","String","False","1","1"
"20260810_130056","NWB Dim AutoFill","MECHANICAL DUCTWORK LAYOUT - LEVEL 07","model","selection","skip","Both","skip-other-users","14953415","Air Terminals","MHT_AT_RA ECG cw plenum","","LEVEL 07","Damper","300x300","300","300","300","NWB_DimHeight","300","300","300","OK","verified","instance","Shared Parameter","7626170","NWB_DimHeight","String","False","1","1"
"20260810_130056","NWB Dim AutoFill","MECHANICAL DUCTWORK LAYOUT - LEVEL 07","model","selection","skip","Both","skip-other-users","14953601","Duct Fittings","MHT-ME-DF-Rectangular Eccentric Taper - Flanged-01","","LEVEL 07","Standard","350x300-200x300","350","300","","NWB_DimWidth","350","350","350","OK","verified","instance","Shared Parameter","7626175","NWB_DimWidth","String","False","2","2"
"20260810_130056","NWB Dim AutoFill","MECHANICAL DUCTWORK LAYOUT - LEVEL 07","model","selection","skip","Both","skip-other-users","14953601","Duct Fittings","MHT-ME-DF-Rectangular Eccentric Taper - Flanged-01","","LEVEL 07","Standard","350x300-200x300","350","300","","NWB_DimHeight","300","300","300","OK","verified","instance","Shared Parameter","7626170","NWB_DimHeight","String","False","2","2"
"20260810_130056","NWB Dim AutoFill","MECHANICAL DUCTWORK LAYOUT - LEVEL 07","model","selection","skip","Both","skip-other-users","14953935","Air Terminals","MHT_AT_RA ECG cw plenum","","LEVEL 07","Damper","250x250","250","250","250","NWB_DimWidth","250","250","250","OK","verified","instance","Shared Parameter","7626175","NWB_DimWidth","String","False","1","1"
"20260810_130056","NWB Dim AutoFill","MECHANICAL DUCTWORK LAYOUT - LEVEL 07","model","selection","skip","Both","skip-other-users","14953935","Air Terminals","MHT_AT_RA ECG cw plenum","","LEVEL 07","Damper","250x250","250","250","250","NWB_DimHeight","250","250","250","OK","verified","instance","Shared Parameter","7626170","NWB_DimHeight","String","False","1","1"
"20260810_130056","NWB Dim AutoFill","MECHANICAL DUCTWORK LAYOUT - LEVEL 07","model","selection","skip","Both","skip-other-users","14954162","Air Terminals","MHT-ME-AT - Supply Air Grille","","","MHT-ME-AT - 1200x600","0x1","0","1","0","NWB_DimDiameter","0","0","0","OK","verified","instance","Shared Parameter","7626172","NWB_DimDiameter","String","False","1","1"
"20260810_130056","NWB Dim AutoFill","MECHANICAL DUCTWORK LAYOUT - LEVEL 07","model","selection","skip","Both","skip-other-users","14954164","Duct Fittings","MHT-ME-DF-Rectangular Union-01","","LEVEL 07","Standard","1200x600-1200x600","1200","600","","NWB_DimWidth","1200","1200","1200","OK","verified","instance","Shared Parameter","7626175","NWB_DimWidth","String","False","2","2"
"20260810_130056","NWB Dim AutoFill","MECHANICAL DUCTWORK LAYOUT - LEVEL 07","model","selection","skip","Both","skip-other-users","14954164","Duct Fittings","MHT-ME-DF-Rectangular Union-01","","LEVEL 07","Standard","1200x600-1200x600","1200","600","","NWB_DimHeight","600","600","600","OK","verified","instance","Shared Parameter","7626170","NWB_DimHeight","String","False","2","2"
"20260810_130056","NWB Dim AutoFill","MECHANICAL DUCTWORK LAYOUT - LEVEL 07","model","selection","skip","Both","skip-other-users","15464578","Duct Fittings","MHT-ME-DF-Rectangular Short Radius Bend - Flanged","","LEVEL 07","MHT-ME-DF-Rectangular Short Radius Bend - Flanged","350x300-350x300","350","300","","NWB_DimWidth","350","350","350","OK","verified","instance","Shared Parameter","7626175","NWB_DimWidth","String","False","2","2"
"20260810_130056","NWB Dim AutoFill","MECHANICAL DUCTWORK LAYOUT - LEVEL 07","model","selection","skip","Both","skip-other-users","15464578","Duct Fittings","MHT-ME-DF-Rectangular Short Radius Bend - Flanged","","LEVEL 07","MHT-ME-DF-Rectangular Short Radius Bend - Flanged","350x300-350x300","350","300","","NWB_DimHeight","300","300","300","OK","verified","instance","Shared Parameter","7626170","NWB_DimHeight","String","False","2","2"
"20260810_130056","NWB Dim AutoFill","MECHANICAL DUCTWORK LAYOUT - LEVEL 07","model","selection","skip","Both","skip-other-users","15464587","Duct Fittings","MHT-ME-DF-Rectangular Eccentric Taper - Flanged-01","","LEVEL 07","Standard","300x350-250x250","300","350","","NWB_DimWidth","300","300","300","OK","verified","instance","Shared Parameter","7626175","NWB_DimWidth","String","False","2","2"
"20260810_130056","NWB Dim AutoFill","MECHANICAL DUCTWORK LAYOUT - LEVEL 07","model","selection","skip","Both","skip-other-users","15464587","Duct Fittings","MHT-ME-DF-Rectangular Eccentric Taper - Flanged-01","","LEVEL 07","Standard","300x350-250x250","300","350","","NWB_DimHeight","350","350","350","OK","verified","instance","Shared Parameter","7626170","NWB_DimHeight","String","False","2","2"
"20260810_130056","NWB Dim AutoFill","MECHANICAL DUCTWORK LAYOUT - LEVEL 07","model","selection","skip","Both","skip-other-users","15464589","Duct Fittings","MHT-ME-DF-Rectangular Short Radius Bend - Flanged","","LEVEL 07","MHT-ME-DF-Rectangular Short Radius Bend - Flanged","350x300-350x300","350","300","","NWB_DimWidth","350","350","350","OK","verified","instance","Shared Parameter","7626175","NWB_DimWidth","String","False","2","2"
"20260810_130056","NWB Dim AutoFill","MECHANICAL DUCTWORK LAYOUT - LEVEL 07","model","selection","skip","Both","skip-other-users","15464589","Duct Fittings","MHT-ME-DF-Rectangular Short Radius Bend - Flanged","","LEVEL 07","MHT-ME-DF-Rectangular Short Radius Bend - Flanged","350x300-350x300","350","300","","NWB_DimHeight","300","300","300","OK","verified","instance","Shared Parameter","7626170","NWB_DimHeight","String","False","2","2"
"20260810_130056","NWB Dim AutoFill","MECHANICAL DUCTWORK LAYOUT - LEVEL 07","model","selection","skip","Both","skip-other-users","15473133","Duct Fittings","MHT-ME-DF-Rectangular Short Radius Bend - Flanged","","LEVEL 07","MHT-ME-DF-Rectangular Short Radius Bend - Flanged","600x350-600x350","600","350","","NWB_DimWidth","600","600","600","OK","verified","instance","Shared Parameter","7626175","NWB_DimWidth","String","False","2","2"
"20260810_130056","NWB Dim AutoFill","MECHANICAL DUCTWORK LAYOUT - LEVEL 07","model","selection","skip","Both","skip-other-users","15473133","Duct Fittings","MHT-ME-DF-Rectangular Short Radius Bend - Flanged","","LEVEL 07","MHT-ME-DF-Rectangular Short Radius Bend - Flanged","600x350-600x350","600","350","","NWB_DimHeight","350","350","350","OK","verified","instance","Shared Parameter","7626170","NWB_DimHeight","String","False","2","2"
"20260810_130056","NWB Dim AutoFill","MECHANICAL DUCTWORK LAYOUT - LEVEL 07","model","selection","skip","Both","skip-other-users","15473221","Duct Fittings","MHT-ME-DF-Rectangular Short Radius Bend - Flanged","","LEVEL 07","MHT-ME-DF-Rectangular Short Radius Bend - Flanged","800x450-800x450","800","450","","NWB_DimWidth","800","800","800","OK","verified","instance","Shared Parameter","7626175","NWB_DimWidth","String","False","2","2"
"20260810_130056","NWB Dim AutoFill","MECHANICAL DUCTWORK LAYOUT - LEVEL 07","model","selection","skip","Both","skip-other-users","15473221","Duct Fittings","MHT-ME-DF-Rectangular Short Radius Bend - Flanged","","LEVEL 07","MHT-ME-DF-Rectangular Short Radius Bend - Flanged","800x450-800x450","800","450","","NWB_DimHeight","450","450","450","OK","verified","instance","Shared Parameter","7626170","NWB_DimHeight","String","False","2","2"
"20260810_130056","NWB Dim AutoFill","MECHANICAL DUCTWORK LAYOUT - LEVEL 07","model","selection","skip","Both","skip-other-users","15473485","Duct Fittings","MHT-ME-DF-Rectangular Short Radius Bend - Flanged","","LEVEL 07","MHT-ME-DF-Rectangular Short Radius Bend - Flanged","800x450-800x450","800","450","","NWB_DimWidth","800","800","800","OK","verified","instance","Shared Parameter","7626175","NWB_DimWidth","String","False","2","2"
"20260810_130056","NWB Dim AutoFill","MECHANICAL DUCTWORK LAYOUT - LEVEL 07","model","selection","skip","Both","skip-other-users","15473485","Duct Fittings","MHT-ME-DF-Rectangular Short Radius Bend - Flanged","","LEVEL 07","MHT-ME-DF-Rectangular Short Radius Bend - Flanged","800x450-800x450","800","450","","NWB_DimHeight","450","450","450","OK","verified","instance","Shared Parameter","7626170","NWB_DimHeight","String","False","2","2"
"20260810_130056","NWB Dim AutoFill","MECHANICAL DUCTWORK LAYOUT - LEVEL 07","model","selection","skip","Both","skip-other-users","15665496","Air Terminals","MHT_AT_S Air Diff Swirl","","LEVEL 07","No Damper 300X300","600x350","600","350","250","NWB_DimWidth","600","600","600","OK","verified","instance","Shared Parameter","7626175","NWB_DimWidth","String","False","1","1"
"20260810_130056","NWB Dim AutoFill","MECHANICAL DUCTWORK LAYOUT - LEVEL 07","model","selection","skip","Both","skip-other-users","15665496","Air Terminals","MHT_AT_S Air Diff Swirl","","LEVEL 07","No Damper 300X300","600x350","600","350","250","NWB_DimHeight","350","350","350","OK","verified","instance","Shared Parameter","7626170","NWB_DimHeight","String","False","1","1"
"20260810_130056","NWB Dim AutoFill","MECHANICAL DUCTWORK LAYOUT - LEVEL 07","model","selection","skip","Both","skip-other-users","15665501","Flex Ducts","Flex Duct Round","","LEVEL 07","Flex - Round","250 mmø","","","250","NWB_DimDiameter","250","250","250","OK","verified","instance","Shared Parameter","7626172","NWB_DimDiameter","String","False","1","1"
"20260810_130056","NWB Dim AutoFill","MECHANICAL DUCTWORK LAYOUT - LEVEL 07","model","selection","skip","Both","skip-other-users","15665503","Duct Fittings","MHT_DF_Spigot","","LEVEL 07","Damper","250ø-250ø","","","250","NWB_DimDiameter","250","250","250","OK","verified","instance","Shared Parameter","7626172","NWB_DimDiameter","String","False","1","1"
"20260810_130056","NWB Dim AutoFill","MECHANICAL DUCTWORK LAYOUT - LEVEL 07","model","selection","skip","Both","skip-other-users","15665549","Duct Fittings","MHT-ME-DF-Square Cap-BMA","","LEVEL 07","Standard","200x300","200","300","","NWB_DimWidth","200","200","200","OK","verified","instance","Shared Parameter","7626175","NWB_DimWidth","String","False","1","1"
"20260810_130056","NWB Dim AutoFill","MECHANICAL DUCTWORK LAYOUT - LEVEL 07","model","selection","skip","Both","skip-other-users","15665549","Duct Fittings","MHT-ME-DF-Square Cap-BMA","","LEVEL 07","Standard","200x300","200","300","","NWB_DimHeight","300","300","300","OK","verified","instance","Shared Parameter","7626170","NWB_DimHeight","String","False","1","1"
"20260810_130056","NWB Dim AutoFill","MECHANICAL DUCTWORK LAYOUT - LEVEL 07","model","selection","skip","Both","skip-other-users","15665588","Duct Fittings","MHT-ME-DF-Square Cap-BMA","","LEVEL 07","Standard","300x300","300","300","","NWB_DimWidth","300","300","300","OK","verified","instance","Shared Parameter","7626175","NWB_DimWidth","String","False","1","1"
"20260810_130056","NWB Dim AutoFill","MECHANICAL DUCTWORK LAYOUT - LEVEL 07","model","selection","skip","Both","skip-other-users","15665588","Duct Fittings","MHT-ME-DF-Square Cap-BMA","","LEVEL 07","Standard","300x300","300","300","","NWB_DimHeight","300","300","300","OK","verified","instance","Shared Parameter","7626170","NWB_DimHeight","String","False","1","1"
"20260810_130056","NWB Dim AutoFill","MECHANICAL DUCTWORK LAYOUT - LEVEL 07","model","selection","skip","Both","skip-other-users","15665618","Duct Fittings","MHT-ME-DF-Square Cap-BMA","","LEVEL 07","Standard","200x200","200","200","","NWB_DimWidth","200","200","200","OK","verified","instance","Shared Parameter","7626175","NWB_DimWidth","String","False","1","1"
"20260810_130056","NWB Dim AutoFill","MECHANICAL DUCTWORK LAYOUT - LEVEL 07","model","selection","skip","Both","skip-other-users","15665618","Duct Fittings","MHT-ME-DF-Square Cap-BMA","","LEVEL 07","Standard","200x200","200","200","","NWB_DimHeight","200","200","200","OK","verified","instance","Shared Parameter","7626170","NWB_DimHeight","String","False","1","1"
"20260810_130056","NWB Dim AutoFill","MECHANICAL DUCTWORK LAYOUT - LEVEL 07","model","selection","skip","Both","skip-other-users","15665895","Flex Ducts","Flex Duct Round","","LEVEL 07","Flex - Round","250 mmø","","","250","NWB_DimDiameter","250","250","250","OK","verified","instance","Shared Parameter","7626172","NWB_DimDiameter","String","False","1","1"
"20260810_130056","NWB Dim AutoFill","MECHANICAL DUCTWORK LAYOUT - LEVEL 07","model","selection","skip","Both","skip-other-users","15665898","Duct Fittings","MHT_DF_Spigot","","LEVEL 07","Damper","250ø-250ø","","","250","NWB_DimDiameter","250","250","250","OK","verified","instance","Shared Parameter","7626172","NWB_DimDiameter","String","False","1","1"
"20260810_130056","NWB Dim AutoFill","MECHANICAL DUCTWORK LAYOUT - LEVEL 07","model","selection","skip","Both","skip-other-users","15666070","Duct Fittings","MHT-ME-DF-Rectangular Eccentric Taper - Flanged-01","","LEVEL 07","Standard","600x350-550x350","600","350","","NWB_DimWidth","600","600","600","OK","verified","instance","Shared Parameter","7626175","NWB_DimWidth","String","False","2","2"
"20260810_130056","NWB Dim AutoFill","MECHANICAL DUCTWORK LAYOUT - LEVEL 07","model","selection","skip","Both","skip-other-users","15666070","Duct Fittings","MHT-ME-DF-Rectangular Eccentric Taper - Flanged-01","","LEVEL 07","Standard","600x350-550x350","600","350","","NWB_DimWidth","600","600","600","OK","verified","instance","Shared Parameter","3045165","NWB_DimWidth","Double","False","2","2"
"20260810_130056","NWB Dim AutoFill","MECHANICAL DUCTWORK LAYOUT - LEVEL 07","model","selection","skip","Both","skip-other-users","15666070","Duct Fittings","MHT-ME-DF-Rectangular Eccentric Taper - Flanged-01","","LEVEL 07","Standard","600x350-550x350","600","350","","NWB_DimHeight","350","350","350","OK","verified","instance","Shared Parameter","7626170","NWB_DimHeight","String","False","2","2"
"20260810_130056","NWB Dim AutoFill","MECHANICAL DUCTWORK LAYOUT - LEVEL 07","model","selection","skip","Both","skip-other-users","15666070","Duct Fittings","MHT-ME-DF-Rectangular Eccentric Taper - Flanged-01","","LEVEL 07","Standard","600x350-550x350","600","350","","NWB_DimHeight","350","350","350","OK","verified","instance","Shared Parameter","3045163","NWB_DimHeight","Double","False","2","2"
"20260810_130056","NWB Dim AutoFill","MECHANICAL DUCTWORK LAYOUT - LEVEL 07","model","selection","skip","Both","skip-other-users","15666140","Duct Fittings","MHT-ME-DF-Rectangular Short Radius Bend - Flanged","","LEVEL 07","MHT-ME-DF-Rectangular Short Radius Bend - Flanged","550x350-550x350","550","350","","NWB_DimWidth","550","550","550","OK","verified","instance","Shared Parameter","7626175","NWB_DimWidth","String","False","2","2"
"20260810_130056","NWB Dim AutoFill","MECHANICAL DUCTWORK LAYOUT - LEVEL 07","model","selection","skip","Both","skip-other-users","15666140","Duct Fittings","MHT-ME-DF-Rectangular Short Radius Bend - Flanged","","LEVEL 07","MHT-ME-DF-Rectangular Short Radius Bend - Flanged","550x350-550x350","550","350","","NWB_DimWidth","550","550","550","OK","verified","instance","Shared Parameter","3045165","NWB_DimWidth","Double","False","2","2"
"20260810_130056","NWB Dim AutoFill","MECHANICAL DUCTWORK LAYOUT - LEVEL 07","model","selection","skip","Both","skip-other-users","15666140","Duct Fittings","MHT-ME-DF-Rectangular Short Radius Bend - Flanged","","LEVEL 07","MHT-ME-DF-Rectangular Short Radius Bend - Flanged","550x350-550x350","550","350","","NWB_DimHeight","350","350","350","OK","verified","instance","Shared Parameter","7626170","NWB_DimHeight","String","False","2","2"
"20260810_130056","NWB Dim AutoFill","MECHANICAL DUCTWORK LAYOUT - LEVEL 07","model","selection","skip","Both","skip-other-users","15666140","Duct Fittings","MHT-ME-DF-Rectangular Short Radius Bend - Flanged","","LEVEL 07","MHT-ME-DF-Rectangular Short Radius Bend - Flanged","550x350-550x350","550","350","","NWB_DimHeight","350","350","350","OK","verified","instance","Shared Parameter","3045163","NWB_DimHeight","Double","False","2","2"
"20260810_130056","NWB Dim AutoFill","MECHANICAL DUCTWORK LAYOUT - LEVEL 07","model","selection","skip","Both","skip-other-users","15666188","Duct Fittings","MHT-ME-DF-Rectangular Shoe Branch - Flanged","","LEVEL 07","Standard","200x250-200x250","200","250","","NWB_DimWidth","200","200","200","OK","verified","instance","Shared Parameter","7626175","NWB_DimWidth","String","False","1","1"
"20260810_130056","NWB Dim AutoFill","MECHANICAL DUCTWORK LAYOUT - LEVEL 07","model","selection","skip","Both","skip-other-users","15666188","Duct Fittings","MHT-ME-DF-Rectangular Shoe Branch - Flanged","","LEVEL 07","Standard","200x250-200x250","200","250","","NWB_DimHeight","250","250","250","OK","verified","instance","Shared Parameter","7626170","NWB_DimHeight","String","False","1","1"
"20260810_130056","NWB Dim AutoFill","MECHANICAL DUCTWORK LAYOUT - LEVEL 07","model","selection","skip","Both","skip-other-users","15666299","Duct Fittings","MHT-ME-DF-Rectangular Shoe Branch - Flanged","","LEVEL 07","Standard","300x300-300x300","300","300","","NWB_DimWidth","300","300","300","OK","verified","instance","Shared Parameter","7626175","NWB_DimWidth","String","False","1","1"
"20260810_130056","NWB Dim AutoFill","MECHANICAL DUCTWORK LAYOUT - LEVEL 07","model","selection","skip","Both","skip-other-users","15666299","Duct Fittings","MHT-ME-DF-Rectangular Shoe Branch - Flanged","","LEVEL 07","Standard","300x300-300x300","300","300","","NWB_DimHeight","300","300","300","OK","verified","instance","Shared Parameter","7626170","NWB_DimHeight","String","False","1","1"
"20260810_130056","NWB Dim AutoFill","MECHANICAL DUCTWORK LAYOUT - LEVEL 07","model","selection","skip","Both","skip-other-users","15666388","Duct Fittings","MHT-ME-DF-Rectangular Eccentric Taper - Flanged-01","","LEVEL 07","Standard","550x350-350x300","550","350","","NWB_DimWidth","550","550","550","OK","verified","instance","Shared Parameter","7626175","NWB_DimWidth","String","False","2","2"
"20260810_130056","NWB Dim AutoFill","MECHANICAL DUCTWORK LAYOUT - LEVEL 07","model","selection","skip","Both","skip-other-users","15666388","Duct Fittings","MHT-ME-DF-Rectangular Eccentric Taper - Flanged-01","","LEVEL 07","Standard","550x350-350x300","550","350","","NWB_DimWidth","550","550","550","OK","verified","instance","Shared Parameter","3045165","NWB_DimWidth","Double","False","2","2"
"20260810_130056","NWB Dim AutoFill","MECHANICAL DUCTWORK LAYOUT - LEVEL 07","model","selection","skip","Both","skip-other-users","15666388","Duct Fittings","MHT-ME-DF-Rectangular Eccentric Taper - Flanged-01","","LEVEL 07","Standard","550x350-350x300","550","350","","NWB_DimHeight","350","350","350","OK","verified","instance","Shared Parameter","7626170","NWB_DimHeight","String","False","2","2"
"20260810_130056","NWB Dim AutoFill","MECHANICAL DUCTWORK LAYOUT - LEVEL 07","model","selection","skip","Both","skip-other-users","15666388","Duct Fittings","MHT-ME-DF-Rectangular Eccentric Taper - Flanged-01","","LEVEL 07","Standard","550x350-350x300","550","350","","NWB_DimHeight","350","350","350","OK","verified","instance","Shared Parameter","3045163","NWB_DimHeight","Double","False","2","2"
"20260810_130056","NWB Dim AutoFill","MECHANICAL DUCTWORK LAYOUT - LEVEL 07","model","selection","skip","Both","skip-other-users","15666459","Duct Fittings","MHT-ME-DF-Rectangular Short Radius Bend - Flanged","","LEVEL 07","MHT-ME-DF-Rectangular Short Radius Bend - Flanged","350x300-350x300","350","300","","NWB_DimWidth","350","350","350","OK","verified","instance","Shared Parameter","7626175","NWB_DimWidth","String","False","2","2"
"20260810_130056","NWB Dim AutoFill","MECHANICAL DUCTWORK LAYOUT - LEVEL 07","model","selection","skip","Both","skip-other-users","15666459","Duct Fittings","MHT-ME-DF-Rectangular Short Radius Bend - Flanged","","LEVEL 07","MHT-ME-DF-Rectangular Short Radius Bend - Flanged","350x300-350x300","350","300","","NWB_DimWidth","350","350","350","OK","verified","instance","Shared Parameter","3045165","NWB_DimWidth","Double","False","2","2"
"20260810_130056","NWB Dim AutoFill","MECHANICAL DUCTWORK LAYOUT - LEVEL 07","model","selection","skip","Both","skip-other-users","15666459","Duct Fittings","MHT-ME-DF-Rectangular Short Radius Bend - Flanged","","LEVEL 07","MHT-ME-DF-Rectangular Short Radius Bend - Flanged","350x300-350x300","350","300","","NWB_DimHeight","300","300","300","OK","verified","instance","Shared Parameter","7626170","NWB_DimHeight","String","False","2","2"
"20260810_130056","NWB Dim AutoFill","MECHANICAL DUCTWORK LAYOUT - LEVEL 07","model","selection","skip","Both","skip-other-users","15666459","Duct Fittings","MHT-ME-DF-Rectangular Short Radius Bend - Flanged","","LEVEL 07","MHT-ME-DF-Rectangular Short Radius Bend - Flanged","350x300-350x300","350","300","","NWB_DimHeight","300","300","300","OK","verified","instance","Shared Parameter","3045163","NWB_DimHeight","Double","False","2","2"
"20260810_130056","NWB Dim AutoFill","MECHANICAL DUCTWORK LAYOUT - LEVEL 07","model","selection","skip","Both","skip-other-users","15666499","Duct Fittings","MHT-ME-DF-Rectangular Shoe Branch - Flanged","","LEVEL 07","Standard","200x200-200x200","200","200","","NWB_DimWidth","200","200","200","OK","verified","instance","Shared Parameter","7626175","NWB_DimWidth","String","False","1","1"
"20260810_130056","NWB Dim AutoFill","MECHANICAL DUCTWORK LAYOUT - LEVEL 07","model","selection","skip","Both","skip-other-users","15666499","Duct Fittings","MHT-ME-DF-Rectangular Shoe Branch - Flanged","","LEVEL 07","Standard","200x200-200x200","200","200","","NWB_DimHeight","200","200","200","OK","verified","instance","Shared Parameter","7626170","NWB_DimHeight","String","False","1","1"
"20260810_130056","NWB Dim AutoFill","MECHANICAL DUCTWORK LAYOUT - LEVEL 07","model","selection","skip","Both","skip-other-users","15666753","Duct Fittings","MHT-ME-DF-Rectangular Short Radius Bend - Flanged","","LEVEL 07","MHT-ME-DF-Rectangular Short Radius Bend - Flanged","200x200-200x200","200","200","","NWB_DimWidth","200","200","200","OK","verified","instance","Shared Parameter","7626175","NWB_DimWidth","String","False","2","2"
"20260810_130056","NWB Dim AutoFill","MECHANICAL DUCTWORK LAYOUT - LEVEL 07","model","selection","skip","Both","skip-other-users","15666753","Duct Fittings","MHT-ME-DF-Rectangular Short Radius Bend - Flanged","","LEVEL 07","MHT-ME-DF-Rectangular Short Radius Bend - Flanged","200x200-200x200","200","200","","NWB_DimWidth","200","200","200","OK","verified","instance","Shared Parameter","3045165","NWB_DimWidth","Double","False","2","2"
"20260810_130056","NWB Dim AutoFill","MECHANICAL DUCTWORK LAYOUT - LEVEL 07","model","selection","skip","Both","skip-other-users","15666753","Duct Fittings","MHT-ME-DF-Rectangular Short Radius Bend - Flanged","","LEVEL 07","MHT-ME-DF-Rectangular Short Radius Bend - Flanged","200x200-200x200","200","200","","NWB_DimHeight","200","200","200","OK","verified","instance","Shared Parameter","7626170","NWB_DimHeight","String","False","2","2"
"20260810_130056","NWB Dim AutoFill","MECHANICAL DUCTWORK LAYOUT - LEVEL 07","model","selection","skip","Both","skip-other-users","15666753","Duct Fittings","MHT-ME-DF-Rectangular Short Radius Bend - Flanged","","LEVEL 07","MHT-ME-DF-Rectangular Short Radius Bend - Flanged","200x200-200x200","200","200","","NWB_DimHeight","200","200","200","OK","verified","instance","Shared Parameter","3045163","NWB_DimHeight","Double","False","2","2"
"20260810_130056","NWB Dim AutoFill","MECHANICAL DUCTWORK LAYOUT - LEVEL 07","model","selection","skip","Both","skip-other-users","15666756","Duct Fittings","MHT-ME-DF-Rectangular Short Radius Bend - Flanged","","LEVEL 07","MHT-ME-DF-Rectangular Short Radius Bend - Flanged","200x200-200x200","200","200","","NWB_DimWidth","200","200","200","OK","verified","instance","Shared Parameter","7626175","NWB_DimWidth","String","False","2","2"
"20260810_130056","NWB Dim AutoFill","MECHANICAL DUCTWORK LAYOUT - LEVEL 07","model","selection","skip","Both","skip-other-users","15666756","Duct Fittings","MHT-ME-DF-Rectangular Short Radius Bend - Flanged","","LEVEL 07","MHT-ME-DF-Rectangular Short Radius Bend - Flanged","200x200-200x200","200","200","","NWB_DimWidth","200","200","200","OK","verified","instance","Shared Parameter","3045165","NWB_DimWidth","Double","False","2","2"
"20260810_130056","NWB Dim AutoFill","MECHANICAL DUCTWORK LAYOUT - LEVEL 07","model","selection","skip","Both","skip-other-users","15666756","Duct Fittings","MHT-ME-DF-Rectangular Short Radius Bend - Flanged","","LEVEL 07","MHT-ME-DF-Rectangular Short Radius Bend - Flanged","200x200-200x200","200","200","","NWB_DimHeight","200","200","200","OK","verified","instance","Shared Parameter","7626170","NWB_DimHeight","String","False","2","2"
"20260810_130056","NWB Dim AutoFill","MECHANICAL DUCTWORK LAYOUT - LEVEL 07","model","selection","skip","Both","skip-other-users","15666756","Duct Fittings","MHT-ME-DF-Rectangular Short Radius Bend - Flanged","","LEVEL 07","MHT-ME-DF-Rectangular Short Radius Bend - Flanged","200x200-200x200","200","200","","NWB_DimHeight","200","200","200","OK","verified","instance","Shared Parameter","3045163","NWB_DimHeight","Double","False","2","2"
"20260810_130056","NWB Dim AutoFill","MECHANICAL DUCTWORK LAYOUT - LEVEL 07","model","selection","skip","Both","skip-other-users","15666761","Duct Fittings","MHT-ME-DF-Rectangular Short Radius Bend - Flanged","","LEVEL 07","MHT-ME-DF-Rectangular Short Radius Bend - Flanged","200x200-200x200","200","200","","NWB_DimWidth","200","200","200","OK","verified","instance","Shared Parameter","7626175","NWB_DimWidth","String","False","2","2"
"20260810_130056","NWB Dim AutoFill","MECHANICAL DUCTWORK LAYOUT - LEVEL 07","model","selection","skip","Both","skip-other-users","15666761","Duct Fittings","MHT-ME-DF-Rectangular Short Radius Bend - Flanged","","LEVEL 07","MHT-ME-DF-Rectangular Short Radius Bend - Flanged","200x200-200x200","200","200","","NWB_DimWidth","200","200","200","OK","verified","instance","Shared Parameter","3045165","NWB_DimWidth","Double","False","2","2"
"20260810_130056","NWB Dim AutoFill","MECHANICAL DUCTWORK LAYOUT - LEVEL 07","model","selection","skip","Both","skip-other-users","15666761","Duct Fittings","MHT-ME-DF-Rectangular Short Radius Bend - Flanged","","LEVEL 07","MHT-ME-DF-Rectangular Short Radius Bend - Flanged","200x200-200x200","200","200","","NWB_DimHeight","200","200","200","OK","verified","instance","Shared Parameter","7626170","NWB_DimHeight","String","False","2","2"
"20260810_130056","NWB Dim AutoFill","MECHANICAL DUCTWORK LAYOUT - LEVEL 07","model","selection","skip","Both","skip-other-users","15666761","Duct Fittings","MHT-ME-DF-Rectangular Short Radius Bend - Flanged","","LEVEL 07","MHT-ME-DF-Rectangular Short Radius Bend - Flanged","200x200-200x200","200","200","","NWB_DimHeight","200","200","200","OK","verified","instance","Shared Parameter","3045163","NWB_DimHeight","Double","False","2","2"
"20260810_130056","NWB Dim AutoFill","MECHANICAL DUCTWORK LAYOUT - LEVEL 07","model","selection","skip","Both","skip-other-users","15666795","Flex Ducts","Flex Duct Round","","LEVEL 07","Flex - Round","200 mmø","","","200","NWB_DimDiameter","200","200","200","OK","verified","instance","Shared Parameter","7626172","NWB_DimDiameter","String","False","1","1"
"20260810_130056","NWB Dim AutoFill","MECHANICAL DUCTWORK LAYOUT - LEVEL 07","model","selection","skip","Both","skip-other-users","15666798","Duct Fittings","MHT_DF_Spigot","","LEVEL 07","Damper","200ø-200ø","","","200","NWB_DimDiameter","200","200","200","OK","verified","instance","Shared Parameter","7626172","NWB_DimDiameter","String","False","1","1"
"20260810_130056","NWB Dim AutoFill","MECHANICAL DUCTWORK LAYOUT - LEVEL 07","model","selection","skip","Both","skip-other-users","15666924","Duct Fittings","MHT-ME-DF-Square Cap-BMA","","LEVEL 07","Standard","200x200","200","200","","NWB_DimWidth","200","200","200","OK","verified","instance","Shared Parameter","7626175","NWB_DimWidth","String","False","1","1"
"20260810_130056","NWB Dim AutoFill","MECHANICAL DUCTWORK LAYOUT - LEVEL 07","model","selection","skip","Both","skip-other-users","15666924","Duct Fittings","MHT-ME-DF-Square Cap-BMA","","LEVEL 07","Standard","200x200","200","200","","NWB_DimHeight","200","200","200","OK","verified","instance","Shared Parameter","7626170","NWB_DimHeight","String","False","1","1"
"20260810_130056","NWB Dim AutoFill","MECHANICAL DUCTWORK LAYOUT - LEVEL 07","model","selection","skip","Both","skip-other-users","15667192","Duct Fittings","MHT-ME-DF-Rectangular Short Radius Bend - Flanged","","LEVEL 07","MHT-ME-DF-Rectangular Short Radius Bend - Flanged","200x200-200x200","200","200","","NWB_DimWidth","200","200","200","OK","verified","instance","Shared Parameter","7626175","NWB_DimWidth","String","False","2","2"
"20260810_130056","NWB Dim AutoFill","MECHANICAL DUCTWORK LAYOUT - LEVEL 07","model","selection","skip","Both","skip-other-users","15667192","Duct Fittings","MHT-ME-DF-Rectangular Short Radius Bend - Flanged","","LEVEL 07","MHT-ME-DF-Rectangular Short Radius Bend - Flanged","200x200-200x200","200","200","","NWB_DimWidth","200","200","200","OK","verified","instance","Shared Parameter","3045165","NWB_DimWidth","Double","False","2","2"
"20260810_130056","NWB Dim AutoFill","MECHANICAL DUCTWORK LAYOUT - LEVEL 07","model","selection","skip","Both","skip-other-users","15667192","Duct Fittings","MHT-ME-DF-Rectangular Short Radius Bend - Flanged","","LEVEL 07","MHT-ME-DF-Rectangular Short Radius Bend - Flanged","200x200-200x200","200","200","","NWB_DimHeight","200","200","200","OK","verified","instance","Shared Parameter","7626170","NWB_DimHeight","String","False","2","2"
"20260810_130056","NWB Dim AutoFill","MECHANICAL DUCTWORK LAYOUT - LEVEL 07","model","selection","skip","Both","skip-other-users","15667192","Duct Fittings","MHT-ME-DF-Rectangular Short Radius Bend - Flanged","","LEVEL 07","MHT-ME-DF-Rectangular Short Radius Bend - Flanged","200x200-200x200","200","200","","NWB_DimHeight","200","200","200","OK","verified","instance","Shared Parameter","3045163","NWB_DimHeight","Double","False","2","2"
"20260810_130056","NWB Dim AutoFill","MECHANICAL DUCTWORK LAYOUT - LEVEL 07","model","selection","skip","Both","skip-other-users","15667195","Duct Fittings","MHT-ME-DF-Rectangular Short Radius Bend - Flanged","","LEVEL 07","MHT-ME-DF-Rectangular Short Radius Bend - Flanged","200x200-200x200","200","200","","NWB_DimWidth","200","200","200","OK","verified","instance","Shared Parameter","7626175","NWB_DimWidth","String","False","2","2"
"20260810_130056","NWB Dim AutoFill","MECHANICAL DUCTWORK LAYOUT - LEVEL 07","model","selection","skip","Both","skip-other-users","15667195","Duct Fittings","MHT-ME-DF-Rectangular Short Radius Bend - Flanged","","LEVEL 07","MHT-ME-DF-Rectangular Short Radius Bend - Flanged","200x200-200x200","200","200","","NWB_DimWidth","200","200","200","OK","verified","instance","Shared Parameter","3045165","NWB_DimWidth","Double","False","2","2"
"20260810_130056","NWB Dim AutoFill","MECHANICAL DUCTWORK LAYOUT - LEVEL 07","model","selection","skip","Both","skip-other-users","15667195","Duct Fittings","MHT-ME-DF-Rectangular Short Radius Bend - Flanged","","LEVEL 07","MHT-ME-DF-Rectangular Short Radius Bend - Flanged","200x200-200x200","200","200","","NWB_DimHeight","200","200","200","OK","verified","instance","Shared Parameter","7626170","NWB_DimHeight","String","False","2","2"
"20260810_130056","NWB Dim AutoFill","MECHANICAL DUCTWORK LAYOUT - LEVEL 07","model","selection","skip","Both","skip-other-users","15667195","Duct Fittings","MHT-ME-DF-Rectangular Short Radius Bend - Flanged","","LEVEL 07","MHT-ME-DF-Rectangular Short Radius Bend - Flanged","200x200-200x200","200","200","","NWB_DimHeight","200","200","200","OK","verified","instance","Shared Parameter","3045163","NWB_DimHeight","Double","False","2","2"
"20260810_130056","NWB Dim AutoFill","MECHANICAL DUCTWORK LAYOUT - LEVEL 07","model","selection","skip","Both","skip-other-users","15667197","Duct Fittings","MHT-ME-DF-Square Cap-BMA","","LEVEL 07","Standard","200x200","200","200","","NWB_DimWidth","200","200","200","OK","verified","instance","Shared Parameter","7626175","NWB_DimWidth","String","False","1","1"
"20260810_130056","NWB Dim AutoFill","MECHANICAL DUCTWORK LAYOUT - LEVEL 07","model","selection","skip","Both","skip-other-users","15667197","Duct Fittings","MHT-ME-DF-Square Cap-BMA","","LEVEL 07","Standard","200x200","200","200","","NWB_DimHeight","200","200","200","OK","verified","instance","Shared Parameter","7626170","NWB_DimHeight","String","False","1","1"
"20260810_130056","NWB Dim AutoFill","MECHANICAL DUCTWORK LAYOUT - LEVEL 07","model","selection","skip","Both","skip-other-users","15667235","Duct Fittings","MHT-ME-DF-Rectangular Shoe Branch - Flanged","","LEVEL 07","Standard","200x200-200x200","200","200","","NWB_DimWidth","200","200","200","OK","verified","instance","Shared Parameter","7626175","NWB_DimWidth","String","False","1","1"
"20260810_130056","NWB Dim AutoFill","MECHANICAL DUCTWORK LAYOUT - LEVEL 07","model","selection","skip","Both","skip-other-users","15667235","Duct Fittings","MHT-ME-DF-Rectangular Shoe Branch - Flanged","","LEVEL 07","Standard","200x200-200x200","200","200","","NWB_DimHeight","200","200","200","OK","verified","instance","Shared Parameter","7626170","NWB_DimHeight","String","False","1","1"
"20260810_130056","NWB Dim AutoFill","MECHANICAL DUCTWORK LAYOUT - LEVEL 07","model","selection","skip","Both","skip-other-users","15667237","Duct Fittings","MHT-ME-DF-Rectangular Short Radius Bend - Flanged","","LEVEL 07","MHT-ME-DF-Rectangular Short Radius Bend - Flanged","200x200-200x200","200","200","","NWB_DimWidth","200","200","200","OK","verified","instance","Shared Parameter","7626175","NWB_DimWidth","String","False","2","2"
"20260810_130056","NWB Dim AutoFill","MECHANICAL DUCTWORK LAYOUT - LEVEL 07","model","selection","skip","Both","skip-other-users","15667237","Duct Fittings","MHT-ME-DF-Rectangular Short Radius Bend - Flanged","","LEVEL 07","MHT-ME-DF-Rectangular Short Radius Bend - Flanged","200x200-200x200","200","200","","NWB_DimWidth","200","200","200","OK","verified","instance","Shared Parameter","3045165","NWB_DimWidth","Double","False","2","2"
"20260810_130056","NWB Dim AutoFill","MECHANICAL DUCTWORK LAYOUT - LEVEL 07","model","selection","skip","Both","skip-other-users","15667237","Duct Fittings","MHT-ME-DF-Rectangular Short Radius Bend - Flanged","","LEVEL 07","MHT-ME-DF-Rectangular Short Radius Bend - Flanged","200x200-200x200","200","200","","NWB_DimHeight","200","200","200","OK","verified","instance","Shared Parameter","7626170","NWB_DimHeight","String","False","2","2"
"20260810_130056","NWB Dim AutoFill","MECHANICAL DUCTWORK LAYOUT - LEVEL 07","model","selection","skip","Both","skip-other-users","15667237","Duct Fittings","MHT-ME-DF-Rectangular Short Radius Bend - Flanged","","LEVEL 07","MHT-ME-DF-Rectangular Short Radius Bend - Flanged","200x200-200x200","200","200","","NWB_DimHeight","200","200","200","OK","verified","instance","Shared Parameter","3045163","NWB_DimHeight","Double","False","2","2"
"20260810_130056","NWB Dim AutoFill","MECHANICAL DUCTWORK LAYOUT - LEVEL 07","model","selection","skip","Both","skip-other-users","15667252","Duct Fittings","MHT_DF_Spigot","","LEVEL 07","Damper","250ø-250ø","","","250","NWB_DimDiameter","250","250","250","OK","verified","instance","Shared Parameter","7626172","NWB_DimDiameter","String","False","1","1"
"20260810_130056","NWB Dim AutoFill","MECHANICAL DUCTWORK LAYOUT - LEVEL 07","model","selection","skip","Both","skip-other-users","15667275","Flex Ducts","Flex Duct Round","","LEVEL 07","Flex - Round","250 mmø","","","250","NWB_DimDiameter","250","250","250","OK","verified","instance","Shared Parameter","7626172","NWB_DimDiameter","String","False","1","1"
"20260810_130056","NWB Dim AutoFill","MECHANICAL DUCTWORK LAYOUT - LEVEL 07","model","selection","skip","Both","skip-other-users","15667278","Duct Fittings","MHT_DF_Spigot","","LEVEL 07","Damper","250ø-250ø","","","250","NWB_DimDiameter","250","250","250","OK","verified","instance","Shared Parameter","7626172","NWB_DimDiameter","String","False","1","1"
"20260810_130056","NWB Dim AutoFill","MECHANICAL DUCTWORK LAYOUT - LEVEL 07","model","selection","skip","Both","skip-other-users","15667753","Air Terminals","MHT_AT_Sidewall Grille Supply","","LEVEL 07","Standard","0x500","0","500","0","NWB_DimWidth","0","0","0","OK","verified","instance","Shared Parameter","7626175","NWB_DimWidth","String","False","1","1"
"20260810_130056","NWB Dim AutoFill","MECHANICAL DUCTWORK LAYOUT - LEVEL 07","model","selection","skip","Both","skip-other-users","15667753","Air Terminals","MHT_AT_Sidewall Grille Supply","","LEVEL 07","Standard","0x500","0","500","0","NWB_DimHeight","500","500","500","OK","verified","instance","Shared Parameter","7626170","NWB_DimHeight","String","False","1","1"
"20260810_130056","NWB Dim AutoFill","MECHANICAL DUCTWORK LAYOUT - LEVEL 07","model","selection","skip","Both","skip-other-users","15667753","Air Terminals","MHT_AT_Sidewall Grille Supply","","LEVEL 07","Standard","0x500","0","500","0","NWB_DimDiameter","0","0","0","OK","verified","instance","Shared Parameter","7626172","NWB_DimDiameter","String","False","1","1"
"20260810_130056","NWB Dim AutoFill","MECHANICAL DUCTWORK LAYOUT - LEVEL 07","model","selection","skip","Both","skip-other-users","15667764","Air Terminals","MHT_AT_Sidewall Grille Supply","","LEVEL 07","Standard","0x500","0","500","0","NWB_DimWidth","0","0","0","OK","verified","instance","Shared Parameter","7626175","NWB_DimWidth","String","False","1","1"
"20260810_130056","NWB Dim AutoFill","MECHANICAL DUCTWORK LAYOUT - LEVEL 07","model","selection","skip","Both","skip-other-users","15667764","Air Terminals","MHT_AT_Sidewall Grille Supply","","LEVEL 07","Standard","0x500","0","500","0","NWB_DimHeight","500","500","500","OK","verified","instance","Shared Parameter","7626170","NWB_DimHeight","String","False","1","1"
"20260810_130056","NWB Dim AutoFill","MECHANICAL DUCTWORK LAYOUT - LEVEL 07","model","selection","skip","Both","skip-other-users","15667764","Air Terminals","MHT_AT_Sidewall Grille Supply","","LEVEL 07","Standard","0x500","0","500","0","NWB_DimDiameter","0","0","0","OK","verified","instance","Shared Parameter","7626172","NWB_DimDiameter","String","False","1","1"
"20260810_130056","NWB Dim AutoFill","MECHANICAL DUCTWORK LAYOUT - LEVEL 07","model","selection","skip","Both","skip-other-users","15667827","Air Terminals","MHT_AT_RA ECG cw plenum","","LEVEL 07","Damper","600x600","600","600","300","NWB_DimWidth","600","600","600","OK","verified","instance","Shared Parameter","7626175","NWB_DimWidth","String","False","1","1"
"20260810_130056","NWB Dim AutoFill","MECHANICAL DUCTWORK LAYOUT - LEVEL 07","model","selection","skip","Both","skip-other-users","15667827","Air Terminals","MHT_AT_RA ECG cw plenum","","LEVEL 07","Damper","600x600","600","600","300","NWB_DimHeight","600","600","600","OK","verified","instance","Shared Parameter","7626170","NWB_DimHeight","String","False","1","1"
"20260810_130056","NWB Dim AutoFill","MECHANICAL DUCTWORK LAYOUT - LEVEL 07","model","selection","skip","Both","skip-other-users","15667879","Flex Ducts","Flex Duct Round","","LEVEL 07","Flex - Round","300 mmø","","","300","NWB_DimDiameter","300","300","300","OK","verified","instance","Shared Parameter","7626172","NWB_DimDiameter","String","False","1","1"
"20260810_130056","NWB Dim AutoFill","MECHANICAL DUCTWORK LAYOUT - LEVEL 07","model","selection","skip","Both","skip-other-users","15667882","Duct Fittings","MHT_DF_Spigot","","LEVEL 07","Damper","300ø-300ø","","","300","NWB_DimDiameter","300","300","300","OK","verified","instance","Shared Parameter","7626172","NWB_DimDiameter","String","False","1","1"
"20260810_130056","NWB Dim AutoFill","MECHANICAL DUCTWORK LAYOUT - LEVEL 07","model","selection","skip","Both","skip-other-users","15669813","Duct Fittings","MHT_Rectangular Elbow - Mitered - Single Thickness Vanes","","LEVEL 07","Standard","400x800-400x800","400","800","","NWB_DimWidth","400","400","400","OK","verified","instance","Shared Parameter","7626175","NWB_DimWidth","String","False","1","1"
"20260810_130056","NWB Dim AutoFill","MECHANICAL DUCTWORK LAYOUT - LEVEL 07","model","selection","skip","Both","skip-other-users","15669813","Duct Fittings","MHT_Rectangular Elbow - Mitered - Single Thickness Vanes","","LEVEL 07","Standard","400x800-400x800","400","800","","NWB_DimHeight","800","800","800","OK","verified","instance","Shared Parameter","7626170","NWB_DimHeight","String","False","1","1"
"20260810_130056","NWB Dim AutoFill","MECHANICAL DUCTWORK LAYOUT - LEVEL 07","model","selection","skip","Both","skip-other-users","15669815","Air Terminals","MHT_AT_RA ECG cw plenum","","LEVEL 07","Damper","600x600","600","600","300","NWB_DimWidth","600","600","600","OK","verified","instance","Shared Parameter","7626175","NWB_DimWidth","String","False","1","1"
"20260810_130056","NWB Dim AutoFill","MECHANICAL DUCTWORK LAYOUT - LEVEL 07","model","selection","skip","Both","skip-other-users","15669815","Air Terminals","MHT_AT_RA ECG cw plenum","","LEVEL 07","Damper","600x600","600","600","300","NWB_DimHeight","600","600","600","OK","verified","instance","Shared Parameter","7626170","NWB_DimHeight","String","False","1","1"
"20260810_130056","NWB Dim AutoFill","MECHANICAL DUCTWORK LAYOUT - LEVEL 07","model","selection","skip","Both","skip-other-users","15669817","Duct Fittings","MHT-ME-DF-Rectangular Short Radius Bend - Flanged","","LEVEL 07","MHT-ME-DF-Rectangular Short Radius Bend - Flanged","400x300-400x300","400","300","","NWB_DimWidth","400","400","400","OK","verified","instance","Shared Parameter","7626175","NWB_DimWidth","String","False","2","2"
"20260810_130056","NWB Dim AutoFill","MECHANICAL DUCTWORK LAYOUT - LEVEL 07","model","selection","skip","Both","skip-other-users","15669817","Duct Fittings","MHT-ME-DF-Rectangular Short Radius Bend - Flanged","","LEVEL 07","MHT-ME-DF-Rectangular Short Radius Bend - Flanged","400x300-400x300","400","300","","NWB_DimWidth","400","400","400","OK","verified","instance","Shared Parameter","3045165","NWB_DimWidth","Double","False","2","2"
"20260810_130056","NWB Dim AutoFill","MECHANICAL DUCTWORK LAYOUT - LEVEL 07","model","selection","skip","Both","skip-other-users","15669817","Duct Fittings","MHT-ME-DF-Rectangular Short Radius Bend - Flanged","","LEVEL 07","MHT-ME-DF-Rectangular Short Radius Bend - Flanged","400x300-400x300","400","300","","NWB_DimHeight","300","300","300","OK","verified","instance","Shared Parameter","7626170","NWB_DimHeight","String","False","2","2"
"20260810_130056","NWB Dim AutoFill","MECHANICAL DUCTWORK LAYOUT - LEVEL 07","model","selection","skip","Both","skip-other-users","15669817","Duct Fittings","MHT-ME-DF-Rectangular Short Radius Bend - Flanged","","LEVEL 07","MHT-ME-DF-Rectangular Short Radius Bend - Flanged","400x300-400x300","400","300","","NWB_DimHeight","300","300","300","OK","verified","instance","Shared Parameter","3045163","NWB_DimHeight","Double","False","2","2"
"20260810_130056","NWB Dim AutoFill","MECHANICAL DUCTWORK LAYOUT - LEVEL 07","model","selection","skip","Both","skip-other-users","15669819","Duct Fittings","MHT_DF_Spigot","","LEVEL 07","Damper","250ø-250ø","","","250","NWB_DimDiameter","250","250","250","OK","verified","instance","Shared Parameter","7626172","NWB_DimDiameter","String","False","1","1"
"20260810_130056","NWB Dim AutoFill","MECHANICAL DUCTWORK LAYOUT - LEVEL 07","model","selection","skip","Both","skip-other-users","15669821","Duct Fittings","MHT_DF_Spigot","","LEVEL 07","Damper","200ø-200ø","","","200","NWB_DimDiameter","200","200","200","OK","verified","instance","Shared Parameter","7626172","NWB_DimDiameter","String","False","1","1"
"20260810_130056","NWB Dim AutoFill","MECHANICAL DUCTWORK LAYOUT - LEVEL 07","model","selection","skip","Both","skip-other-users","15669823","Duct Fittings","MHT_DF_Spigot","","LEVEL 07","Damper","200ø-200ø","","","200","NWB_DimDiameter","200","200","200","OK","verified","instance","Shared Parameter","7626172","NWB_DimDiameter","String","False","1","1"
"20260810_130056","NWB Dim AutoFill","MECHANICAL DUCTWORK LAYOUT - LEVEL 07","model","selection","skip","Both","skip-other-users","15669825","Duct Fittings","MHT-ME-DF-Rectangular Shoe Branch - Flanged","","LEVEL 07","Standard","400x300-400x300","400","300","","NWB_DimWidth","400","400","400","OK","verified","instance","Shared Parameter","7626175","NWB_DimWidth","String","False","1","1"
"20260810_130056","NWB Dim AutoFill","MECHANICAL DUCTWORK LAYOUT - LEVEL 07","model","selection","skip","Both","skip-other-users","15669825","Duct Fittings","MHT-ME-DF-Rectangular Shoe Branch - Flanged","","LEVEL 07","Standard","400x300-400x300","400","300","","NWB_DimHeight","300","300","300","OK","verified","instance","Shared Parameter","7626170","NWB_DimHeight","String","False","1","1"
"20260810_130056","NWB Dim AutoFill","MECHANICAL DUCTWORK LAYOUT - LEVEL 07","model","selection","skip","Both","skip-other-users","15669826","Duct Accessories","MHT-ME-Fire Damper-02","","LEVEL 07","MHT-ME-FAM-FAM-Fire Damper","400x300-400x300","400","300","","NWB_DimWidth","400","400","400","OK","verified","instance","Shared Parameter","7626175","NWB_DimWidth","String","False","1","1"
"20260810_130056","NWB Dim AutoFill","MECHANICAL DUCTWORK LAYOUT - LEVEL 07","model","selection","skip","Both","skip-other-users","15669826","Duct Accessories","MHT-ME-Fire Damper-02","","LEVEL 07","MHT-ME-FAM-FAM-Fire Damper","400x300-400x300","400","300","","NWB_DimHeight","300","300","300","OK","verified","instance","Shared Parameter","7626170","NWB_DimHeight","String","False","1","1"
"20260810_130056","NWB Dim AutoFill","MECHANICAL DUCTWORK LAYOUT - LEVEL 07","model","selection","skip","Both","skip-other-users","15669831","Duct Accessories","MHT-ME-Fire Damper-02","","LEVEL 07","MHT-ME-FAM-FAM-Fire Damper","400x300-400x300","400","300","","NWB_DimWidth","400","400","400","OK","verified","instance","Shared Parameter","7626175","NWB_DimWidth","String","False","1","1"
"20260810_130056","NWB Dim AutoFill","MECHANICAL DUCTWORK LAYOUT - LEVEL 07","model","selection","skip","Both","skip-other-users","15669831","Duct Accessories","MHT-ME-Fire Damper-02","","LEVEL 07","MHT-ME-FAM-FAM-Fire Damper","400x300-400x300","400","300","","NWB_DimHeight","300","300","300","OK","verified","instance","Shared Parameter","7626170","NWB_DimHeight","String","False","1","1"
"20260810_130056","NWB Dim AutoFill","MECHANICAL DUCTWORK LAYOUT - LEVEL 07","model","selection","skip","Both","skip-other-users","15669838","Flex Ducts","Flex Duct Round","","LEVEL 07","Flex - Round","300 mmø","","","300","NWB_DimDiameter","300","300","300","OK","verified","instance","Shared Parameter","7626172","NWB_DimDiameter","String","False","1","1"
"20260810_130056","NWB Dim AutoFill","MECHANICAL DUCTWORK LAYOUT - LEVEL 07","model","selection","skip","Both","skip-other-users","15669840","Duct Fittings","MHT_DF_Spigot","","LEVEL 07","Damper","300ø-300ø","","","300","NWB_DimDiameter","300","300","300","OK","verified","instance","Shared Parameter","7626172","NWB_DimDiameter","String","False","1","1"
"20260810_130056","NWB Dim AutoFill","MECHANICAL DUCTWORK LAYOUT - LEVEL 07","model","selection","skip","Both","skip-other-users","15669848","Duct Fittings","MHT-ME-DF-Rectangular Short Radius Bend - Flanged","","LEVEL 07","MHT-ME-DF-Rectangular Short Radius Bend - Flanged","350x300-350x300","350","300","","NWB_DimWidth","350","350","350","OK","verified","instance","Shared Parameter","7626175","NWB_DimWidth","String","False","2","2"
"20260810_130056","NWB Dim AutoFill","MECHANICAL DUCTWORK LAYOUT - LEVEL 07","model","selection","skip","Both","skip-other-users","15669848","Duct Fittings","MHT-ME-DF-Rectangular Short Radius Bend - Flanged","","LEVEL 07","MHT-ME-DF-Rectangular Short Radius Bend - Flanged","350x300-350x300","350","300","","NWB_DimWidth","350","350","350","OK","verified","instance","Shared Parameter","3045165","NWB_DimWidth","Double","False","2","2"
"20260810_130056","NWB Dim AutoFill","MECHANICAL DUCTWORK LAYOUT - LEVEL 07","model","selection","skip","Both","skip-other-users","15669848","Duct Fittings","MHT-ME-DF-Rectangular Short Radius Bend - Flanged","","LEVEL 07","MHT-ME-DF-Rectangular Short Radius Bend - Flanged","350x300-350x300","350","300","","NWB_DimHeight","300","300","300","OK","verified","instance","Shared Parameter","7626170","NWB_DimHeight","String","False","2","2"
"20260810_130056","NWB Dim AutoFill","MECHANICAL DUCTWORK LAYOUT - LEVEL 07","model","selection","skip","Both","skip-other-users","15669848","Duct Fittings","MHT-ME-DF-Rectangular Short Radius Bend - Flanged","","LEVEL 07","MHT-ME-DF-Rectangular Short Radius Bend - Flanged","350x300-350x300","350","300","","NWB_DimHeight","300","300","300","OK","verified","instance","Shared Parameter","3045163","NWB_DimHeight","Double","False","2","2"
"20260810_130056","NWB Dim AutoFill","MECHANICAL DUCTWORK LAYOUT - LEVEL 07","model","selection","skip","Both","skip-other-users","15669850","Duct Accessories","MHT-ME-Fire Damper-02","","LEVEL 07","MHT-ME-FAM-FAM-Fire Damper","350x300-350x300","350","300","","NWB_DimWidth","350","350","350","OK","verified","instance","Shared Parameter","7626175","NWB_DimWidth","String","False","1","1"
"20260810_130056","NWB Dim AutoFill","MECHANICAL DUCTWORK LAYOUT - LEVEL 07","model","selection","skip","Both","skip-other-users","15669850","Duct Accessories","MHT-ME-Fire Damper-02","","LEVEL 07","MHT-ME-FAM-FAM-Fire Damper","350x300-350x300","350","300","","NWB_DimHeight","300","300","300","OK","verified","instance","Shared Parameter","7626170","NWB_DimHeight","String","False","1","1"
"20260810_130056","NWB Dim AutoFill","MECHANICAL DUCTWORK LAYOUT - LEVEL 07","model","selection","skip","Both","skip-other-users","15669870","Duct Fittings","MHT-ME-DF-Rectangular Short Radius Bend - Flanged","","LEVEL 07","MHT-ME-DF-Rectangular Short Radius Bend - Flanged","250x250-250x250","250","250","","NWB_DimWidth","250","250","250","OK","verified","instance","Shared Parameter","7626175","NWB_DimWidth","String","False","2","2"
"20260810_130056","NWB Dim AutoFill","MECHANICAL DUCTWORK LAYOUT - LEVEL 07","model","selection","skip","Both","skip-other-users","15669870","Duct Fittings","MHT-ME-DF-Rectangular Short Radius Bend - Flanged","","LEVEL 07","MHT-ME-DF-Rectangular Short Radius Bend - Flanged","250x250-250x250","250","250","","NWB_DimWidth","250","250","250","OK","verified","instance","Shared Parameter","3045165","NWB_DimWidth","Double","False","2","2"
"20260810_130056","NWB Dim AutoFill","MECHANICAL DUCTWORK LAYOUT - LEVEL 07","model","selection","skip","Both","skip-other-users","15669870","Duct Fittings","MHT-ME-DF-Rectangular Short Radius Bend - Flanged","","LEVEL 07","MHT-ME-DF-Rectangular Short Radius Bend - Flanged","250x250-250x250","250","250","","NWB_DimHeight","250","250","250","OK","verified","instance","Shared Parameter","7626170","NWB_DimHeight","String","False","2","2"
"20260810_130056","NWB Dim AutoFill","MECHANICAL DUCTWORK LAYOUT - LEVEL 07","model","selection","skip","Both","skip-other-users","15669870","Duct Fittings","MHT-ME-DF-Rectangular Short Radius Bend - Flanged","","LEVEL 07","MHT-ME-DF-Rectangular Short Radius Bend - Flanged","250x250-250x250","250","250","","NWB_DimHeight","250","250","250","OK","verified","instance","Shared Parameter","3045163","NWB_DimHeight","Double","False","2","2"
"20260810_130056","NWB Dim AutoFill","MECHANICAL DUCTWORK LAYOUT - LEVEL 07","model","selection","skip","Both","skip-other-users","15669871","Duct Fittings","MHT-ME-DF-Square Cap-BMA","","LEVEL 07","Standard","250x250","250","250","","NWB_DimWidth","250","250","250","OK","verified","instance","Shared Parameter","7626175","NWB_DimWidth","String","False","1","1"
"20260810_130056","NWB Dim AutoFill","MECHANICAL DUCTWORK LAYOUT - LEVEL 07","model","selection","skip","Both","skip-other-users","15669871","Duct Fittings","MHT-ME-DF-Square Cap-BMA","","LEVEL 07","Standard","250x250","250","250","","NWB_DimHeight","250","250","250","OK","verified","instance","Shared Parameter","7626170","NWB_DimHeight","String","False","1","1"
"20260810_130056","NWB Dim AutoFill","MECHANICAL DUCTWORK LAYOUT - LEVEL 07","model","selection","skip","Both","skip-other-users","15669872","Air Terminals","MHT_AT_RA ECG cw plenum","","LEVEL 07","Damper","200x200","200","200","200","NWB_DimWidth","200","200","200","OK","verified","instance","Shared Parameter","7626175","NWB_DimWidth","String","False","1","1"
"20260810_130056","NWB Dim AutoFill","MECHANICAL DUCTWORK LAYOUT - LEVEL 07","model","selection","skip","Both","skip-other-users","15669872","Air Terminals","MHT_AT_RA ECG cw plenum","","LEVEL 07","Damper","200x200","200","200","200","NWB_DimHeight","200","200","200","OK","verified","instance","Shared Parameter","7626170","NWB_DimHeight","String","False","1","1"
"20260810_130056","NWB Dim AutoFill","MECHANICAL DUCTWORK LAYOUT - LEVEL 07","model","selection","skip","Both","skip-other-users","15669882","Air Terminals","MHT_AT_RA ECG cw plenum","","LEVEL 07","Damper","200x200","200","200","200","NWB_DimWidth","200","200","200","OK","verified","instance","Shared Parameter","7626175","NWB_DimWidth","String","False","1","1"
"20260810_130056","NWB Dim AutoFill","MECHANICAL DUCTWORK LAYOUT - LEVEL 07","model","selection","skip","Both","skip-other-users","15669882","Air Terminals","MHT_AT_RA ECG cw plenum","","LEVEL 07","Damper","200x200","200","200","200","NWB_DimHeight","200","200","200","OK","verified","instance","Shared Parameter","7626170","NWB_DimHeight","String","False","1","1"
"20260810_130056","NWB Dim AutoFill","MECHANICAL DUCTWORK LAYOUT - LEVEL 07","model","selection","skip","Both","skip-other-users","15669893","Flex Ducts","Flex Duct Round","","LEVEL 07","Flex - Round","250 mmø","","","250","NWB_DimDiameter","250","250","250","OK","verified","instance","Shared Parameter","7626172","NWB_DimDiameter","String","False","1","1"
"20260810_130056","NWB Dim AutoFill","MECHANICAL DUCTWORK LAYOUT - LEVEL 07","model","selection","skip","Both","skip-other-users","15669895","Duct Fittings","MHT_DF_Spigot","","LEVEL 07","Damper","250ø-250ø","","","250","NWB_DimDiameter","250","250","250","OK","verified","instance","Shared Parameter","7626172","NWB_DimDiameter","String","False","1","1"
"20260810_130056","NWB Dim AutoFill","MECHANICAL DUCTWORK LAYOUT - LEVEL 07","model","selection","skip","Both","skip-other-users","15669900","Air Terminals","MHT_AT_RA ECG cw plenum","","LEVEL 07","Damper","250x250","250","250","250","NWB_DimWidth","250","250","250","OK","verified","instance","Shared Parameter","7626175","NWB_DimWidth","String","False","1","1"
"20260810_130056","NWB Dim AutoFill","MECHANICAL DUCTWORK LAYOUT - LEVEL 07","model","selection","skip","Both","skip-other-users","15669900","Air Terminals","MHT_AT_RA ECG cw plenum","","LEVEL 07","Damper","250x250","250","250","250","NWB_DimHeight","250","250","250","OK","verified","instance","Shared Parameter","7626170","NWB_DimHeight","String","False","1","1"
"20260810_130056","NWB Dim AutoFill","MECHANICAL DUCTWORK LAYOUT - LEVEL 07","model","selection","skip","Both","skip-other-users","15670138","Duct Fittings","MHT-ME-DF-Rectangular Shoe Branch - Flanged","","LEVEL 07","Standard","200x200-200x200","200","200","","NWB_DimWidth","200","200","200","OK","verified","instance","Shared Parameter","7626175","NWB_DimWidth","String","False","1","1"
"20260810_130056","NWB Dim AutoFill","MECHANICAL DUCTWORK LAYOUT - LEVEL 07","model","selection","skip","Both","skip-other-users","15670138","Duct Fittings","MHT-ME-DF-Rectangular Shoe Branch - Flanged","","LEVEL 07","Standard","200x200-200x200","200","200","","NWB_DimHeight","200","200","200","OK","verified","instance","Shared Parameter","7626170","NWB_DimHeight","String","False","1","1"
"20260810_130056","NWB Dim AutoFill","MECHANICAL DUCTWORK LAYOUT - LEVEL 07","model","selection","skip","Both","skip-other-users","15670139","Duct Fittings","MHT-ME-DF-Rectangular Short Radius Bend - Flanged","","LEVEL 07","MHT-ME-DF-Rectangular Short Radius Bend - Flanged","200x200-200x200","200","200","","NWB_DimWidth","200","200","200","OK","verified","instance","Shared Parameter","7626175","NWB_DimWidth","String","False","2","2"
"20260810_130056","NWB Dim AutoFill","MECHANICAL DUCTWORK LAYOUT - LEVEL 07","model","selection","skip","Both","skip-other-users","15670139","Duct Fittings","MHT-ME-DF-Rectangular Short Radius Bend - Flanged","","LEVEL 07","MHT-ME-DF-Rectangular Short Radius Bend - Flanged","200x200-200x200","200","200","","NWB_DimWidth","200","200","200","OK","verified","instance","Shared Parameter","3045165","NWB_DimWidth","Double","False","2","2"
"20260810_130056","NWB Dim AutoFill","MECHANICAL DUCTWORK LAYOUT - LEVEL 07","model","selection","skip","Both","skip-other-users","15670139","Duct Fittings","MHT-ME-DF-Rectangular Short Radius Bend - Flanged","","LEVEL 07","MHT-ME-DF-Rectangular Short Radius Bend - Flanged","200x200-200x200","200","200","","NWB_DimHeight","200","200","200","OK","verified","instance","Shared Parameter","7626170","NWB_DimHeight","String","False","2","2"
"20260810_130056","NWB Dim AutoFill","MECHANICAL DUCTWORK LAYOUT - LEVEL 07","model","selection","skip","Both","skip-other-users","15670139","Duct Fittings","MHT-ME-DF-Rectangular Short Radius Bend - Flanged","","LEVEL 07","MHT-ME-DF-Rectangular Short Radius Bend - Flanged","200x200-200x200","200","200","","NWB_DimHeight","200","200","200","OK","verified","instance","Shared Parameter","3045163","NWB_DimHeight","Double","False","2","2"
"20260810_130056","NWB Dim AutoFill","MECHANICAL DUCTWORK LAYOUT - LEVEL 07","model","selection","skip","Both","skip-other-users","15670172","Duct Fittings","MHT-ME-DF-Rectangular Short Radius Bend - Flanged","","LEVEL 07","MHT-ME-DF-Rectangular Short Radius Bend - Flanged","250x250-250x250","250","250","","NWB_DimWidth","250","250","250","OK","verified","instance","Shared Parameter","7626175","NWB_DimWidth","String","False","2","2"
"20260810_130056","NWB Dim AutoFill","MECHANICAL DUCTWORK LAYOUT - LEVEL 07","model","selection","skip","Both","skip-other-users","15670172","Duct Fittings","MHT-ME-DF-Rectangular Short Radius Bend - Flanged","","LEVEL 07","MHT-ME-DF-Rectangular Short Radius Bend - Flanged","250x250-250x250","250","250","","NWB_DimWidth","250","250","250","OK","verified","instance","Shared Parameter","3045165","NWB_DimWidth","Double","False","2","2"
"20260810_130056","NWB Dim AutoFill","MECHANICAL DUCTWORK LAYOUT - LEVEL 07","model","selection","skip","Both","skip-other-users","15670172","Duct Fittings","MHT-ME-DF-Rectangular Short Radius Bend - Flanged","","LEVEL 07","MHT-ME-DF-Rectangular Short Radius Bend - Flanged","250x250-250x250","250","250","","NWB_DimHeight","250","250","250","OK","verified","instance","Shared Parameter","7626170","NWB_DimHeight","String","False","2","2"
"20260810_130056","NWB Dim AutoFill","MECHANICAL DUCTWORK LAYOUT - LEVEL 07","model","selection","skip","Both","skip-other-users","15670172","Duct Fittings","MHT-ME-DF-Rectangular Short Radius Bend - Flanged","","LEVEL 07","MHT-ME-DF-Rectangular Short Radius Bend - Flanged","250x250-250x250","250","250","","NWB_DimHeight","250","250","250","OK","verified","instance","Shared Parameter","3045163","NWB_DimHeight","Double","False","2","2"
"20260810_130056","NWB Dim AutoFill","MECHANICAL DUCTWORK LAYOUT - LEVEL 07","model","selection","skip","Both","skip-other-users","15671070","Duct Fittings","MHT-ME-DF-Rectangular Eccentric Taper - Flanged-01","","LEVEL 07","Standard","350x300-300x300","350","300","","NWB_DimWidth","350","350","350","OK","verified","instance","Shared Parameter","7626175","NWB_DimWidth","String","False","2","2"
"20260810_130056","NWB Dim AutoFill","MECHANICAL DUCTWORK LAYOUT - LEVEL 07","model","selection","skip","Both","skip-other-users","15671070","Duct Fittings","MHT-ME-DF-Rectangular Eccentric Taper - Flanged-01","","LEVEL 07","Standard","350x300-300x300","350","300","","NWB_DimWidth","350","350","350","OK","verified","instance","Shared Parameter","3045165","NWB_DimWidth","Double","False","2","2"
"20260810_130056","NWB Dim AutoFill","MECHANICAL DUCTWORK LAYOUT - LEVEL 07","model","selection","skip","Both","skip-other-users","15671070","Duct Fittings","MHT-ME-DF-Rectangular Eccentric Taper - Flanged-01","","LEVEL 07","Standard","350x300-300x300","350","300","","NWB_DimHeight","300","300","300","OK","verified","instance","Shared Parameter","7626170","NWB_DimHeight","String","False","2","2"
"20260810_130056","NWB Dim AutoFill","MECHANICAL DUCTWORK LAYOUT - LEVEL 07","model","selection","skip","Both","skip-other-users","15671070","Duct Fittings","MHT-ME-DF-Rectangular Eccentric Taper - Flanged-01","","LEVEL 07","Standard","350x300-300x300","350","300","","NWB_DimHeight","300","300","300","OK","verified","instance","Shared Parameter","3045163","NWB_DimHeight","Double","False","2","2"
"20260810_130056","NWB Dim AutoFill","MECHANICAL DUCTWORK LAYOUT - LEVEL 07","model","selection","skip","Both","skip-other-users","15671266","Duct Accessories","MHT-ME-Fire Damper-02","","LEVEL 07","MHT-ME-FAM-FAM-Fire Damper","350x300-350x300","350","300","","NWB_DimWidth","350","350","350","OK","verified","instance","Shared Parameter","7626175","NWB_DimWidth","String","False","1","1"
"20260810_130056","NWB Dim AutoFill","MECHANICAL DUCTWORK LAYOUT - LEVEL 07","model","selection","skip","Both","skip-other-users","15671266","Duct Accessories","MHT-ME-Fire Damper-02","","LEVEL 07","MHT-ME-FAM-FAM-Fire Damper","350x300-350x300","350","300","","NWB_DimHeight","300","300","300","OK","verified","instance","Shared Parameter","7626170","NWB_DimHeight","String","False","1","1"
"20260810_130056","NWB Dim AutoFill","MECHANICAL DUCTWORK LAYOUT - LEVEL 07","model","selection","skip","Both","skip-other-users","15671591","Duct Fittings","MHT-ME-DF-Rectangular Short Radius Bend - Flanged","","LEVEL 07","MHT-ME-DF-Rectangular Short Radius Bend - Flanged","250x250-250x250","250","250","","NWB_DimWidth","250","250","250","OK","verified","instance","Shared Parameter","7626175","NWB_DimWidth","String","False","2","2"
"20260810_130056","NWB Dim AutoFill","MECHANICAL DUCTWORK LAYOUT - LEVEL 07","model","selection","skip","Both","skip-other-users","15671591","Duct Fittings","MHT-ME-DF-Rectangular Short Radius Bend - Flanged","","LEVEL 07","MHT-ME-DF-Rectangular Short Radius Bend - Flanged","250x250-250x250","250","250","","NWB_DimWidth","250","250","250","OK","verified","instance","Shared Parameter","3045165","NWB_DimWidth","Double","False","2","2"
"20260810_130056","NWB Dim AutoFill","MECHANICAL DUCTWORK LAYOUT - LEVEL 07","model","selection","skip","Both","skip-other-users","15671591","Duct Fittings","MHT-ME-DF-Rectangular Short Radius Bend - Flanged","","LEVEL 07","MHT-ME-DF-Rectangular Short Radius Bend - Flanged","250x250-250x250","250","250","","NWB_DimHeight","250","250","250","OK","verified","instance","Shared Parameter","7626170","NWB_DimHeight","String","False","2","2"
"20260810_130056","NWB Dim AutoFill","MECHANICAL DUCTWORK LAYOUT - LEVEL 07","model","selection","skip","Both","skip-other-users","15671591","Duct Fittings","MHT-ME-DF-Rectangular Short Radius Bend - Flanged","","LEVEL 07","MHT-ME-DF-Rectangular Short Radius Bend - Flanged","250x250-250x250","250","250","","NWB_DimHeight","250","250","250","OK","verified","instance","Shared Parameter","3045163","NWB_DimHeight","Double","False","2","2"
"20260810_130056","NWB Dim AutoFill","MECHANICAL DUCTWORK LAYOUT - LEVEL 07","model","selection","skip","Both","skip-other-users","15671690","Duct Fittings","MHT-ME-DF-Rectangular Shoe Branch - Flanged","","LEVEL 07","Standard","200x200-200x200","200","200","","NWB_DimWidth","200","200","200","OK","verified","instance","Shared Parameter","7626175","NWB_DimWidth","String","False","1","1"
"20260810_130056","NWB Dim AutoFill","MECHANICAL DUCTWORK LAYOUT - LEVEL 07","model","selection","skip","Both","skip-other-users","15671690","Duct Fittings","MHT-ME-DF-Rectangular Shoe Branch - Flanged","","LEVEL 07","Standard","200x200-200x200","200","200","","NWB_DimHeight","200","200","200","OK","verified","instance","Shared Parameter","7626170","NWB_DimHeight","String","False","1","1"
"20260810_130056","NWB Dim AutoFill","MECHANICAL DUCTWORK LAYOUT - LEVEL 07","model","selection","skip","Both","skip-other-users","15671817","Duct Fittings","MHT-ME-DF-Rectangular Short Radius Bend - Flanged","","LEVEL 07","MHT-ME-DF-Rectangular Short Radius Bend - Flanged","200x200-200x200","200","200","","NWB_DimWidth","200","200","200","OK","verified","instance","Shared Parameter","7626175","NWB_DimWidth","String","False","2","2"
"20260810_130056","NWB Dim AutoFill","MECHANICAL DUCTWORK LAYOUT - LEVEL 07","model","selection","skip","Both","skip-other-users","15671817","Duct Fittings","MHT-ME-DF-Rectangular Short Radius Bend - Flanged","","LEVEL 07","MHT-ME-DF-Rectangular Short Radius Bend - Flanged","200x200-200x200","200","200","","NWB_DimWidth","200","200","200","OK","verified","instance","Shared Parameter","3045165","NWB_DimWidth","Double","False","2","2"
"20260810_130056","NWB Dim AutoFill","MECHANICAL DUCTWORK LAYOUT - LEVEL 07","model","selection","skip","Both","skip-other-users","15671817","Duct Fittings","MHT-ME-DF-Rectangular Short Radius Bend - Flanged","","LEVEL 07","MHT-ME-DF-Rectangular Short Radius Bend - Flanged","200x200-200x200","200","200","","NWB_DimHeight","200","200","200","OK","verified","instance","Shared Parameter","7626170","NWB_DimHeight","String","False","2","2"
"20260810_130056","NWB Dim AutoFill","MECHANICAL DUCTWORK LAYOUT - LEVEL 07","model","selection","skip","Both","skip-other-users","15671817","Duct Fittings","MHT-ME-DF-Rectangular Short Radius Bend - Flanged","","LEVEL 07","MHT-ME-DF-Rectangular Short Radius Bend - Flanged","200x200-200x200","200","200","","NWB_DimHeight","200","200","200","OK","verified","instance","Shared Parameter","3045163","NWB_DimHeight","Double","False","2","2"
"20260810_130056","NWB Dim AutoFill","MECHANICAL DUCTWORK LAYOUT - LEVEL 07","model","selection","skip","Both","skip-other-users","15671823","Duct Fittings","MHT-ME-DF-Rectangular Short Radius Bend - Flanged","","LEVEL 07","MHT-ME-DF-Rectangular Short Radius Bend - Flanged","200x200-200x200","200","200","","NWB_DimWidth","200","200","200","OK","verified","instance","Shared Parameter","7626175","NWB_DimWidth","String","False","2","2"
"20260810_130056","NWB Dim AutoFill","MECHANICAL DUCTWORK LAYOUT - LEVEL 07","model","selection","skip","Both","skip-other-users","15671823","Duct Fittings","MHT-ME-DF-Rectangular Short Radius Bend - Flanged","","LEVEL 07","MHT-ME-DF-Rectangular Short Radius Bend - Flanged","200x200-200x200","200","200","","NWB_DimWidth","200","200","200","OK","verified","instance","Shared Parameter","3045165","NWB_DimWidth","Double","False","2","2"
"20260810_130056","NWB Dim AutoFill","MECHANICAL DUCTWORK LAYOUT - LEVEL 07","model","selection","skip","Both","skip-other-users","15671823","Duct Fittings","MHT-ME-DF-Rectangular Short Radius Bend - Flanged","","LEVEL 07","MHT-ME-DF-Rectangular Short Radius Bend - Flanged","200x200-200x200","200","200","","NWB_DimHeight","200","200","200","OK","verified","instance","Shared Parameter","7626170","NWB_DimHeight","String","False","2","2"
"20260810_130056","NWB Dim AutoFill","MECHANICAL DUCTWORK LAYOUT - LEVEL 07","model","selection","skip","Both","skip-other-users","15671823","Duct Fittings","MHT-ME-DF-Rectangular Short Radius Bend - Flanged","","LEVEL 07","MHT-ME-DF-Rectangular Short Radius Bend - Flanged","200x200-200x200","200","200","","NWB_DimHeight","200","200","200","OK","verified","instance","Shared Parameter","3045163","NWB_DimHeight","Double","False","2","2"
"20260810_130056","NWB Dim AutoFill","MECHANICAL DUCTWORK LAYOUT - LEVEL 07","model","selection","skip","Both","skip-other-users","15672185","Flex Ducts","Flex Duct Round","","LEVEL 07","Flex - Round","200 mmø","","","200","NWB_DimDiameter","200","200","200","OK","verified","instance","Shared Parameter","7626172","NWB_DimDiameter","String","False","1","1"
"20260810_130056","NWB Dim AutoFill","MECHANICAL DUCTWORK LAYOUT - LEVEL 07","model","selection","skip","Both","skip-other-users","15672188","Duct Fittings","MHT_DF_Spigot","","LEVEL 07","Damper","200ø-200ø","","","200","NWB_DimDiameter","200","200","200","OK","verified","instance","Shared Parameter","7626172","NWB_DimDiameter","String","False","1","1"
"20260810_130056","NWB Dim AutoFill","MECHANICAL DUCTWORK LAYOUT - LEVEL 07","model","selection","skip","Both","skip-other-users","15672367","Flex Ducts","Flex Duct Round","","LEVEL 07","Flex - Round","200 mmø","","","200","NWB_DimDiameter","200","200","200","OK","verified","instance","Shared Parameter","7626172","NWB_DimDiameter","String","False","1","1"
"20260810_130056","NWB Dim AutoFill","MECHANICAL DUCTWORK LAYOUT - LEVEL 07","model","selection","skip","Both","skip-other-users","15672370","Duct Fittings","MHT_DF_Spigot","","LEVEL 07","Damper","200ø-200ø","","","200","NWB_DimDiameter","200","200","200","OK","verified","instance","Shared Parameter","7626172","NWB_DimDiameter","String","False","1","1"
"20260810_130056","NWB Dim AutoFill","MECHANICAL DUCTWORK LAYOUT - LEVEL 07","model","selection","skip","Both","skip-other-users","15672418","Flex Ducts","Flex Duct Round","","LEVEL 07","Flex - Round","150 mmø","","","150","NWB_DimDiameter","150","150","150","OK","verified","instance","Shared Parameter","7626172","NWB_DimDiameter","String","False","1","1"
"20260810_130056","NWB Dim AutoFill","MECHANICAL DUCTWORK LAYOUT - LEVEL 07","model","selection","skip","Both","skip-other-users","15672421","Duct Fittings","MHT_DF_Spigot","","LEVEL 07","Damper","150ø-150ø","","","150","NWB_DimDiameter","150","150","150","OK","verified","instance","Shared Parameter","7626172","NWB_DimDiameter","String","False","1","1"
"20260810_130056","NWB Dim AutoFill","MECHANICAL DUCTWORK LAYOUT - LEVEL 07","model","selection","skip","Both","skip-other-users","15672703","Duct Fittings","MHT_DF_Spigot","","LEVEL 07","Damper","150ø-150ø","","","150","NWB_DimDiameter","150","150","150","OK","verified","instance","Shared Parameter","7626172","NWB_DimDiameter","String","False","1","1"
"20260810_130056","NWB Dim AutoFill","MECHANICAL DUCTWORK LAYOUT - LEVEL 07","model","selection","skip","Both","skip-other-users","15672789","Duct Fittings","MHT-ME-DF-Square Cap-BMA","","LEVEL 07","Standard","250x250","250","250","","NWB_DimWidth","250","250","250","OK","verified","instance","Shared Parameter","7626175","NWB_DimWidth","String","False","1","1"
"20260810_130056","NWB Dim AutoFill","MECHANICAL DUCTWORK LAYOUT - LEVEL 07","model","selection","skip","Both","skip-other-users","15672789","Duct Fittings","MHT-ME-DF-Square Cap-BMA","","LEVEL 07","Standard","250x250","250","250","","NWB_DimHeight","250","250","250","OK","verified","instance","Shared Parameter","7626170","NWB_DimHeight","String","False","1","1"
"20260810_130056","NWB Dim AutoFill","MECHANICAL DUCTWORK LAYOUT - LEVEL 07","model","selection","skip","Both","skip-other-users","15672945","Flex Ducts","Flex Duct Round","","LEVEL 07","Flex - Round","250 mmø","","","250","NWB_DimDiameter","250","250","250","OK","verified","instance","Shared Parameter","7626172","NWB_DimDiameter","String","False","1","1"
"20260810_130056","NWB Dim AutoFill","MECHANICAL DUCTWORK LAYOUT - LEVEL 07","model","selection","skip","Both","skip-other-users","15672948","Duct Fittings","MHT_DF_Spigot","","LEVEL 07","Damper","250ø-250ø","","","250","NWB_DimDiameter","250","250","250","OK","verified","instance","Shared Parameter","7626172","NWB_DimDiameter","String","False","1","1"
"20260810_130056","NWB Dim AutoFill","MECHANICAL DUCTWORK LAYOUT - LEVEL 07","model","selection","skip","Both","skip-other-users","15673154","Duct Accessories","MHT-ME-Fire Damper-02","","LEVEL 07","MHT-ME-FAM-FAM-Fire Damper","250x250-250x250","250","250","","NWB_DimWidth","250","250","250","OK","verified","instance","Shared Parameter","7626175","NWB_DimWidth","String","False","1","1"
"20260810_130056","NWB Dim AutoFill","MECHANICAL DUCTWORK LAYOUT - LEVEL 07","model","selection","skip","Both","skip-other-users","15673154","Duct Accessories","MHT-ME-Fire Damper-02","","LEVEL 07","MHT-ME-FAM-FAM-Fire Damper","250x250-250x250","250","250","","NWB_DimHeight","250","250","250","OK","verified","instance","Shared Parameter","7626170","NWB_DimHeight","String","False","1","1"
"20260810_130056","NWB Dim AutoFill","MECHANICAL DUCTWORK LAYOUT - LEVEL 07","model","selection","skip","Both","skip-other-users","15673192","Duct Accessories","MHT-ME-Fire Damper-02","","LEVEL 07","MHT-ME-FAM-FAM-Fire Damper","250x250-250x250","250","250","","NWB_DimWidth","250","250","250","OK","verified","instance","Shared Parameter","7626175","NWB_DimWidth","String","False","1","1"
"20260810_130056","NWB Dim AutoFill","MECHANICAL DUCTWORK LAYOUT - LEVEL 07","model","selection","skip","Both","skip-other-users","15673192","Duct Accessories","MHT-ME-Fire Damper-02","","LEVEL 07","MHT-ME-FAM-FAM-Fire Damper","250x250-250x250","250","250","","NWB_DimHeight","250","250","250","OK","verified","instance","Shared Parameter","7626170","NWB_DimHeight","String","False","1","1"
"20260810_130056","NWB Dim AutoFill","MECHANICAL DUCTWORK LAYOUT - LEVEL 07","model","selection","skip","Both","skip-other-users","15676938","Duct Fittings","MHT-ME-DF-Rectangular Short Radius Bend - Flanged","","LEVEL 07","MHT-ME-DF-Rectangular Short Radius Bend - Flanged","150x250-150x250","150","250","","NWB_DimWidth","150","150","150","OK","verified","instance","Shared Parameter","7626175","NWB_DimWidth","String","False","2","2"
"20260810_130056","NWB Dim AutoFill","MECHANICAL DUCTWORK LAYOUT - LEVEL 07","model","selection","skip","Both","skip-other-users","15676938","Duct Fittings","MHT-ME-DF-Rectangular Short Radius Bend - Flanged","","LEVEL 07","MHT-ME-DF-Rectangular Short Radius Bend - Flanged","150x250-150x250","150","250","","NWB_DimWidth","150","150","150","OK","verified","instance","Shared Parameter","3045165","NWB_DimWidth","Double","False","2","2"
"20260810_130056","NWB Dim AutoFill","MECHANICAL DUCTWORK LAYOUT - LEVEL 07","model","selection","skip","Both","skip-other-users","15676938","Duct Fittings","MHT-ME-DF-Rectangular Short Radius Bend - Flanged","","LEVEL 07","MHT-ME-DF-Rectangular Short Radius Bend - Flanged","150x250-150x250","150","250","","NWB_DimHeight","250","250","250","OK","verified","instance","Shared Parameter","7626170","NWB_DimHeight","String","False","2","2"
"20260810_130056","NWB Dim AutoFill","MECHANICAL DUCTWORK LAYOUT - LEVEL 07","model","selection","skip","Both","skip-other-users","15676938","Duct Fittings","MHT-ME-DF-Rectangular Short Radius Bend - Flanged","","LEVEL 07","MHT-ME-DF-Rectangular Short Radius Bend - Flanged","150x250-150x250","150","250","","NWB_DimHeight","250","250","250","OK","verified","instance","Shared Parameter","3045163","NWB_DimHeight","Double","False","2","2"
"20260810_130056","NWB Dim AutoFill","MECHANICAL DUCTWORK LAYOUT - LEVEL 07","model","selection","skip","Both","skip-other-users","15676939","Duct Fittings","MHT-ME-DF-Rectangular Short Radius Bend - Flanged","","LEVEL 07","MHT-ME-DF-Rectangular Short Radius Bend - Flanged","150x250-150x250","150","250","","NWB_DimWidth","150","150","150","OK","verified","instance","Shared Parameter","7626175","NWB_DimWidth","String","False","2","2"
"20260810_130056","NWB Dim AutoFill","MECHANICAL DUCTWORK LAYOUT - LEVEL 07","model","selection","skip","Both","skip-other-users","15676939","Duct Fittings","MHT-ME-DF-Rectangular Short Radius Bend - Flanged","","LEVEL 07","MHT-ME-DF-Rectangular Short Radius Bend - Flanged","150x250-150x250","150","250","","NWB_DimWidth","150","150","150","OK","verified","instance","Shared Parameter","3045165","NWB_DimWidth","Double","False","2","2"
"20260810_130056","NWB Dim AutoFill","MECHANICAL DUCTWORK LAYOUT - LEVEL 07","model","selection","skip","Both","skip-other-users","15676939","Duct Fittings","MHT-ME-DF-Rectangular Short Radius Bend - Flanged","","LEVEL 07","MHT-ME-DF-Rectangular Short Radius Bend - Flanged","150x250-150x250","150","250","","NWB_DimHeight","250","250","250","OK","verified","instance","Shared Parameter","7626170","NWB_DimHeight","String","False","2","2"
"20260810_130056","NWB Dim AutoFill","MECHANICAL DUCTWORK LAYOUT - LEVEL 07","model","selection","skip","Both","skip-other-users","15676939","Duct Fittings","MHT-ME-DF-Rectangular Short Radius Bend - Flanged","","LEVEL 07","MHT-ME-DF-Rectangular Short Radius Bend - Flanged","150x250-150x250","150","250","","NWB_DimHeight","250","250","250","OK","verified","instance","Shared Parameter","3045163","NWB_DimHeight","Double","False","2","2"
"20260810_130056","NWB Dim AutoFill","MECHANICAL DUCTWORK LAYOUT - LEVEL 07","model","selection","skip","Both","skip-other-users","15679937","Duct Fittings","MHT-ME-DF-Rectangular Short Radius Bend - Flanged","","LEVEL 07","MHT-ME-DF-Rectangular Short Radius Bend - Flanged","350x300-350x300","350","300","","NWB_DimWidth","350","350","350","OK","verified","instance","Shared Parameter","7626175","NWB_DimWidth","String","False","2","2"
"20260810_130056","NWB Dim AutoFill","MECHANICAL DUCTWORK LAYOUT - LEVEL 07","model","selection","skip","Both","skip-other-users","15679937","Duct Fittings","MHT-ME-DF-Rectangular Short Radius Bend - Flanged","","LEVEL 07","MHT-ME-DF-Rectangular Short Radius Bend - Flanged","350x300-350x300","350","300","","NWB_DimWidth","350","350","350","OK","verified","instance","Shared Parameter","3045165","NWB_DimWidth","Double","False","2","2"
"20260810_130056","NWB Dim AutoFill","MECHANICAL DUCTWORK LAYOUT - LEVEL 07","model","selection","skip","Both","skip-other-users","15679937","Duct Fittings","MHT-ME-DF-Rectangular Short Radius Bend - Flanged","","LEVEL 07","MHT-ME-DF-Rectangular Short Radius Bend - Flanged","350x300-350x300","350","300","","NWB_DimHeight","300","300","300","OK","verified","instance","Shared Parameter","7626170","NWB_DimHeight","String","False","2","2"
"20260810_130056","NWB Dim AutoFill","MECHANICAL DUCTWORK LAYOUT - LEVEL 07","model","selection","skip","Both","skip-other-users","15679937","Duct Fittings","MHT-ME-DF-Rectangular Short Radius Bend - Flanged","","LEVEL 07","MHT-ME-DF-Rectangular Short Radius Bend - Flanged","350x300-350x300","350","300","","NWB_DimHeight","300","300","300","OK","verified","instance","Shared Parameter","3045163","NWB_DimHeight","Double","False","2","2"
"20260810_130056","NWB Dim AutoFill","MECHANICAL DUCTWORK LAYOUT - LEVEL 07","model","selection","skip","Both","skip-other-users","15679943","Duct Fittings","MHT_DF_Spigot","","LEVEL 07","Damper","400ø-400ø","","","400","NWB_DimDiameter","400","400","400","OK","verified","instance","Shared Parameter","7626172","NWB_DimDiameter","String","False","1","1"
"20260810_130056","NWB Dim AutoFill","MECHANICAL DUCTWORK LAYOUT - LEVEL 07","model","selection","skip","Both","skip-other-users","15679956","Air Terminals","MHT_AT_S Air Diff Swirl","","LEVEL 07","No Damper 300X300","600x500","600","500","400","NWB_DimDiameter","400","400ø","400ø","SKIP","existing-kept","instance","Shared Parameter","7626172","NWB_DimDiameter","String","False","1","1"
"20260810_130056","NWB Dim AutoFill","MECHANICAL DUCTWORK LAYOUT - LEVEL 07","model","selection","skip","Both","skip-other-users","15679960","Flex Ducts","Flex Duct Round","","LEVEL 07","Flex - Round","400 mmø","","","400","NWB_DimWidth","","","","SKIP","no parsed value","","","","NWB_DimWidth","","","",""
"20260810_130056","NWB Dim AutoFill","MECHANICAL DUCTWORK LAYOUT - LEVEL 07","model","selection","skip","Both","skip-other-users","15679960","Flex Ducts","Flex Duct Round","","LEVEL 07","Flex - Round","400 mmø","","","400","NWB_DimHeight","","","","SKIP","no parsed value","","","","NWB_DimHeight","","","",""
"20260810_130056","NWB Dim AutoFill","MECHANICAL DUCTWORK LAYOUT - LEVEL 07","model","selection","skip","Both","skip-other-users","15679962","Duct Fittings","MHT_DF_Spigot","","LEVEL 07","Damper","400ø-400ø","","","400","NWB_DimWidth","","","","SKIP","no parsed value","","","","NWB_DimWidth","","","",""
"20260810_130056","NWB Dim AutoFill","MECHANICAL DUCTWORK LAYOUT - LEVEL 07","model","selection","skip","Both","skip-other-users","15679962","Duct Fittings","MHT_DF_Spigot","","LEVEL 07","Damper","400ø-400ø","","","400","NWB_DimHeight","","","","SKIP","no parsed value","","","","NWB_DimHeight","","","",""
"20260810_130056","NWB Dim AutoFill","MECHANICAL DUCTWORK LAYOUT - LEVEL 07","model","selection","skip","Both","skip-other-users","15906578","Ducts","Rectangular Duct","","LEVEL 07","Flanged Long Radius Elbows / Shoe Branch","200x200","200","200","","NWB_DimDiameter","","","","SKIP","no parsed value","","","","NWB_DimDiameter","","","",""
"20260810_130056","NWB Dim AutoFill","MECHANICAL DUCTWORK LAYOUT - LEVEL 07","model","selection","skip","Both","skip-other-users","15906585","Ducts","Rectangular Duct","","LEVEL 07","Flanged Long Radius Elbows / Shoe Branch","200x200","200","200","","NWB_DimDiameter","","","","SKIP","no parsed value","","","","NWB_DimDiameter","","","",""
"20260810_130056","NWB Dim AutoFill","MECHANICAL DUCTWORK LAYOUT - LEVEL 07","model","selection","skip","Both","skip-other-users","15906856","Ducts","Rectangular Duct","","LEVEL 07","Flanged Long Radius Elbows / Shoe Branch","200x200","200","200","","NWB_DimDiameter","","","","SKIP","no parsed value","","","","NWB_DimDiameter","","","",""
"20260810_130056","NWB Dim AutoFill","MECHANICAL DUCTWORK LAYOUT - LEVEL 07","model","selection","skip","Both","skip-other-users","15906920","Ducts","Rectangular Duct","","LEVEL 07","Flanged Long Radius Elbows / Shoe Branch","200x200","200","200","","NWB_DimDiameter","","","","SKIP","no parsed value","","","","NWB_DimDiameter","","","",""
"20260810_130056","NWB Dim AutoFill","MECHANICAL DUCTWORK LAYOUT - LEVEL 07","model","selection","skip","Both","skip-other-users","15906921","Ducts","Rectangular Duct","","LEVEL 07","Flanged Long Radius Elbows / Shoe Branch","200x200","200","200","","NWB_DimDiameter","","","","SKIP","no parsed value","","","","NWB_DimDiameter","","","",""
"20260810_130056","NWB Dim AutoFill","MECHANICAL DUCTWORK LAYOUT - LEVEL 07","model","selection","skip","Both","skip-other-users","15906922","Duct Fittings","MHT-ME-DF-Rectangular Short Radius Bend - Flanged","","LEVEL 07","MHT-ME-DF-Rectangular Short Radius Bend - Flanged","200x200-200x200","200","200","","NWB_DimDiameter","","","","SKIP","no parsed value","","","","NWB_DimDiameter","","","",""
"20260810_130056","NWB Dim AutoFill","MECHANICAL DUCTWORK LAYOUT - LEVEL 07","model","selection","skip","Both","skip-other-users","15906923","Duct Fittings","MHT-ME-DF-Rectangular Short Radius Bend - Flanged","","LEVEL 07","MHT-ME-DF-Rectangular Short Radius Bend - Flanged","200x200-200x200","200","200","","NWB_DimDiameter","","","","SKIP","no parsed value","","","","NWB_DimDiameter","","","",""
"20260810_130056","NWB Dim AutoFill","MECHANICAL DUCTWORK LAYOUT - LEVEL 07","model","selection","skip","Both","skip-other-users","15906925","Duct Fittings","MHT-ME-DF-Rectangular Short Radius Bend - Flanged","","LEVEL 07","MHT-ME-DF-Rectangular Short Radius Bend - Flanged","200x200-200x200","200","200","","NWB_DimDiameter","","","","SKIP","no parsed value","","","","NWB_DimDiameter","","","",""
"20260810_130056","NWB Dim AutoFill","MECHANICAL DUCTWORK LAYOUT - LEVEL 07","model","selection","skip","Both","skip-other-users","15906927","Duct Fittings","MHT-ME-DF-Rectangular Short Radius Bend - Flanged","","LEVEL 07","MHT-ME-DF-Rectangular Short Radius Bend - Flanged","200x200-200x200","200","200","","NWB_DimDiameter","","","","SKIP","no parsed value","","","","NWB_DimDiameter","","","",""
"20260810_130056","NWB Dim AutoFill","MECHANICAL DUCTWORK LAYOUT - LEVEL 07","model","selection","skip","Both","skip-other-users","15906992","Ducts","Rectangular Duct","","LEVEL 07","Flanged Long Radius Elbows / Shoe Branch","250x250","250","250","","NWB_DimWidth","250","300","300","SKIP","existing-kept","instance","Shared Parameter","7626175","NWB_DimWidth","String","False","1","1"
"20260810_130056","NWB Dim AutoFill","MECHANICAL DUCTWORK LAYOUT - LEVEL 07","model","selection","skip","Both","skip-other-users","15906992","Ducts","Rectangular Duct","","LEVEL 07","Flanged Long Radius Elbows / Shoe Branch","250x250","250","250","","NWB_DimHeight","250","300","300","SKIP","existing-kept","instance","Shared Parameter","7626170","NWB_DimHeight","String","False","1","1"
"20260810_130056","NWB Dim AutoFill","MECHANICAL DUCTWORK LAYOUT - LEVEL 07","model","selection","skip","Both","skip-other-users","15906992","Ducts","Rectangular Duct","","LEVEL 07","Flanged Long Radius Elbows / Shoe Branch","250x250","250","250","","NWB_DimDiameter","","","","SKIP","no parsed value","","","","NWB_DimDiameter","","","",""
"20260810_130056","NWB Dim AutoFill","MECHANICAL DUCTWORK LAYOUT - LEVEL 07","model","selection","skip","Both","skip-other-users","15907052","Duct Fittings","MHT-ME-DF-Rectangular Short Radius Bend - Flanged","","LEVEL 07","MHT-ME-DF-Rectangular Short Radius Bend - Flanged","250x250-250x250","250","250","","NWB_DimDiameter","","","","SKIP","no parsed value","","","","NWB_DimDiameter","","","",""
"20260810_130056","NWB Dim AutoFill","MECHANICAL DUCTWORK LAYOUT - LEVEL 07","model","selection","skip","Both","skip-other-users","15907053","Duct Fittings","MHT-ME-DF-Rectangular Eccentric Taper - Flanged-01","","LEVEL 07","Standard","300x300-250x250","300","300","","NWB_DimDiameter","","","","SKIP","no parsed value","","","","NWB_DimDiameter","","","",""
"20260810_130056","NWB Dim AutoFill","MECHANICAL DUCTWORK LAYOUT - LEVEL 07","model","selection","skip","Both","skip-other-users","15907129","Flex Ducts","Flex Duct Round","","LEVEL 07","Flex - Round","200 mmø","","","200","NWB_DimWidth","","","","SKIP","no parsed value","","","","NWB_DimWidth","","","",""
"20260810_130056","NWB Dim AutoFill","MECHANICAL DUCTWORK LAYOUT - LEVEL 07","model","selection","skip","Both","skip-other-users","15907129","Flex Ducts","Flex Duct Round","","LEVEL 07","Flex - Round","200 mmø","","","200","NWB_DimHeight","","","","SKIP","no parsed value","","","","NWB_DimHeight","","","",""
"20260810_130056","NWB Dim AutoFill","MECHANICAL DUCTWORK LAYOUT - LEVEL 07","model","selection","skip","Both","skip-other-users","15907132","Duct Fittings","MHT_DF_Spigot","","LEVEL 07","Damper","200ø-200ø","","","200","NWB_DimWidth","","","","SKIP","no parsed value","","","","NWB_DimWidth","","","",""
"20260810_130056","NWB Dim AutoFill","MECHANICAL DUCTWORK LAYOUT - LEVEL 07","model","selection","skip","Both","skip-other-users","15907132","Duct Fittings","MHT_DF_Spigot","","LEVEL 07","Damper","200ø-200ø","","","200","NWB_DimHeight","","","","SKIP","no parsed value","","","","NWB_DimHeight","","","",""
"20260810_130056","NWB Dim AutoFill","MECHANICAL DUCTWORK LAYOUT - LEVEL 07","model","selection","skip","Both","skip-other-users","15907149","Flex Ducts","Flex Duct Round","","LEVEL 07","Flex - Round","200 mmø","","","200","NWB_DimWidth","","","","SKIP","no parsed value","","","","NWB_DimWidth","","","",""
"20260810_130056","NWB Dim AutoFill","MECHANICAL DUCTWORK LAYOUT - LEVEL 07","model","selection","skip","Both","skip-other-users","15907149","Flex Ducts","Flex Duct Round","","LEVEL 07","Flex - Round","200 mmø","","","200","NWB_DimHeight","","","","SKIP","no parsed value","","","","NWB_DimHeight","","","",""
"20260810_130056","NWB Dim AutoFill","MECHANICAL DUCTWORK LAYOUT - LEVEL 07","model","selection","skip","Both","skip-other-users","15907152","Duct Fittings","MHT_DF_Spigot","","LEVEL 07","Damper","200ø-200ø","","","200","NWB_DimWidth","","","","SKIP","no parsed value","","","","NWB_DimWidth","","","",""
"20260810_130056","NWB Dim AutoFill","MECHANICAL DUCTWORK LAYOUT - LEVEL 07","model","selection","skip","Both","skip-other-users","15907152","Duct Fittings","MHT_DF_Spigot","","LEVEL 07","Damper","200ø-200ø","","","200","NWB_DimHeight","","","","SKIP","no parsed value","","","","NWB_DimHeight","","","",""
"20260810_130056","NWB Dim AutoFill","MECHANICAL DUCTWORK LAYOUT - LEVEL 07","model","selection","skip","Both","skip-other-users","15907214","Flex Ducts","Flex Duct Round","","LEVEL 07","Flex - Round","200 mmø","","","200","NWB_DimWidth","","","","SKIP","no parsed value","","","","NWB_DimWidth","","","",""
"20260810_130056","NWB Dim AutoFill","MECHANICAL DUCTWORK LAYOUT - LEVEL 07","model","selection","skip","Both","skip-other-users","15907214","Flex Ducts","Flex Duct Round","","LEVEL 07","Flex - Round","200 mmø","","","200","NWB_DimHeight","","","","SKIP","no parsed value","","","","NWB_DimHeight","","","",""
"20260810_130056","NWB Dim AutoFill","MECHANICAL DUCTWORK LAYOUT - LEVEL 07","model","selection","skip","Both","skip-other-users","15907217","Duct Fittings","MHT_DF_Spigot","","LEVEL 07","Damper","200ø-200ø","","","200","NWB_DimWidth","","","","SKIP","no parsed value","","","","NWB_DimWidth","","","",""
"20260810_130056","NWB Dim AutoFill","MECHANICAL DUCTWORK LAYOUT - LEVEL 07","model","selection","skip","Both","skip-other-users","15907217","Duct Fittings","MHT_DF_Spigot","","LEVEL 07","Damper","200ø-200ø","","","200","NWB_DimHeight","","","","SKIP","no parsed value","","","","NWB_DimHeight","","","",""
"20260810_130056","NWB Dim AutoFill","MECHANICAL DUCTWORK LAYOUT - LEVEL 07","model","selection","skip","Both","skip-other-users","15907250","Duct Fittings","MHT-ME-DF-Square Cap-BMA","","LEVEL 07","Standard","200x200","200","200","","NWB_DimDiameter","","","","SKIP","no parsed value","","","","NWB_DimDiameter","","","",""
"20260810_130056","NWB Dim AutoFill","MECHANICAL DUCTWORK LAYOUT - LEVEL 07","model","selection","skip","Both","skip-other-users","15679956","Air Terminals","MHT_AT_S Air Diff Swirl","","LEVEL 07","No Damper 300X300","600x500","600","500","400","NWB_DimWidth","600","600","600","OK","verified","instance","Shared Parameter","7626175","NWB_DimWidth","String","False","1","1"
"20260810_130056","NWB Dim AutoFill","MECHANICAL DUCTWORK LAYOUT - LEVEL 07","model","selection","skip","Both","skip-other-users","15679956","Air Terminals","MHT_AT_S Air Diff Swirl","","LEVEL 07","No Damper 300X300","600x500","600","500","400","NWB_DimHeight","500","500","500","OK","verified","instance","Shared Parameter","7626170","NWB_DimHeight","String","False","1","1"
"20260810_130056","NWB Dim AutoFill","MECHANICAL DUCTWORK LAYOUT - LEVEL 07","model","selection","skip","Both","skip-other-users","15679960","Flex Ducts","Flex Duct Round","","LEVEL 07","Flex - Round","400 mmø","","","400","NWB_DimDiameter","400","400","400","OK","verified","instance","Shared Parameter","7626172","NWB_DimDiameter","String","False","1","1"
"20260810_130056","NWB Dim AutoFill","MECHANICAL DUCTWORK LAYOUT - LEVEL 07","model","selection","skip","Both","skip-other-users","15679962","Duct Fittings","MHT_DF_Spigot","","LEVEL 07","Damper","400ø-400ø","","","400","NWB_DimDiameter","400","400","400","OK","verified","instance","Shared Parameter","7626172","NWB_DimDiameter","String","False","1","1"
"20260810_130056","NWB Dim AutoFill","MECHANICAL DUCTWORK LAYOUT - LEVEL 07","model","selection","skip","Both","skip-other-users","15906578","Ducts","Rectangular Duct","","LEVEL 07","Flanged Long Radius Elbows / Shoe Branch","200x200","200","200","","NWB_DimWidth","200","200","200","OK","verified","instance","Shared Parameter","7626175","NWB_DimWidth","String","False","1","1"
"20260810_130056","NWB Dim AutoFill","MECHANICAL DUCTWORK LAYOUT - LEVEL 07","model","selection","skip","Both","skip-other-users","15906578","Ducts","Rectangular Duct","","LEVEL 07","Flanged Long Radius Elbows / Shoe Branch","200x200","200","200","","NWB_DimHeight","200","200","200","OK","verified","instance","Shared Parameter","7626170","NWB_DimHeight","String","False","1","1"
"20260810_130056","NWB Dim AutoFill","MECHANICAL DUCTWORK LAYOUT - LEVEL 07","model","selection","skip","Both","skip-other-users","15906585","Ducts","Rectangular Duct","","LEVEL 07","Flanged Long Radius Elbows / Shoe Branch","200x200","200","200","","NWB_DimWidth","200","200","200","OK","verified","instance","Shared Parameter","7626175","NWB_DimWidth","String","False","1","1"
"20260810_130056","NWB Dim AutoFill","MECHANICAL DUCTWORK LAYOUT - LEVEL 07","model","selection","skip","Both","skip-other-users","15906585","Ducts","Rectangular Duct","","LEVEL 07","Flanged Long Radius Elbows / Shoe Branch","200x200","200","200","","NWB_DimHeight","200","200","200","OK","verified","instance","Shared Parameter","7626170","NWB_DimHeight","String","False","1","1"
"20260810_130056","NWB Dim AutoFill","MECHANICAL DUCTWORK LAYOUT - LEVEL 07","model","selection","skip","Both","skip-other-users","15906856","Ducts","Rectangular Duct","","LEVEL 07","Flanged Long Radius Elbows / Shoe Branch","200x200","200","200","","NWB_DimWidth","200","200","200","OK","verified","instance","Shared Parameter","7626175","NWB_DimWidth","String","False","1","1"
"20260810_130056","NWB Dim AutoFill","MECHANICAL DUCTWORK LAYOUT - LEVEL 07","model","selection","skip","Both","skip-other-users","15906856","Ducts","Rectangular Duct","","LEVEL 07","Flanged Long Radius Elbows / Shoe Branch","200x200","200","200","","NWB_DimHeight","200","200","200","OK","verified","instance","Shared Parameter","7626170","NWB_DimHeight","String","False","1","1"
"20260810_130056","NWB Dim AutoFill","MECHANICAL DUCTWORK LAYOUT - LEVEL 07","model","selection","skip","Both","skip-other-users","15906920","Ducts","Rectangular Duct","","LEVEL 07","Flanged Long Radius Elbows / Shoe Branch","200x200","200","200","","NWB_DimWidth","200","200","200","OK","verified","instance","Shared Parameter","7626175","NWB_DimWidth","String","False","1","1"
"20260810_130056","NWB Dim AutoFill","MECHANICAL DUCTWORK LAYOUT - LEVEL 07","model","selection","skip","Both","skip-other-users","15906920","Ducts","Rectangular Duct","","LEVEL 07","Flanged Long Radius Elbows / Shoe Branch","200x200","200","200","","NWB_DimHeight","200","200","200","OK","verified","instance","Shared Parameter","7626170","NWB_DimHeight","String","False","1","1"
"20260810_130056","NWB Dim AutoFill","MECHANICAL DUCTWORK LAYOUT - LEVEL 07","model","selection","skip","Both","skip-other-users","15906921","Ducts","Rectangular Duct","","LEVEL 07","Flanged Long Radius Elbows / Shoe Branch","200x200","200","200","","NWB_DimWidth","200","200","200","OK","verified","instance","Shared Parameter","7626175","NWB_DimWidth","String","False","1","1"
"20260810_130056","NWB Dim AutoFill","MECHANICAL DUCTWORK LAYOUT - LEVEL 07","model","selection","skip","Both","skip-other-users","15906921","Ducts","Rectangular Duct","","LEVEL 07","Flanged Long Radius Elbows / Shoe Branch","200x200","200","200","","NWB_DimHeight","200","200","200","OK","verified","instance","Shared Parameter","7626170","NWB_DimHeight","String","False","1","1"
"20260810_130056","NWB Dim AutoFill","MECHANICAL DUCTWORK LAYOUT - LEVEL 07","model","selection","skip","Both","skip-other-users","15906922","Duct Fittings","MHT-ME-DF-Rectangular Short Radius Bend - Flanged","","LEVEL 07","MHT-ME-DF-Rectangular Short Radius Bend - Flanged","200x200-200x200","200","200","","NWB_DimWidth","200","200","200","OK","verified","instance","Shared Parameter","7626175","NWB_DimWidth","String","False","2","2"
"20260810_130056","NWB Dim AutoFill","MECHANICAL DUCTWORK LAYOUT - LEVEL 07","model","selection","skip","Both","skip-other-users","15906922","Duct Fittings","MHT-ME-DF-Rectangular Short Radius Bend - Flanged","","LEVEL 07","MHT-ME-DF-Rectangular Short Radius Bend - Flanged","200x200-200x200","200","200","","NWB_DimWidth","200","200","200","OK","verified","instance","Shared Parameter","3045165","NWB_DimWidth","Double","False","2","2"
"20260810_130056","NWB Dim AutoFill","MECHANICAL DUCTWORK LAYOUT - LEVEL 07","model","selection","skip","Both","skip-other-users","15906922","Duct Fittings","MHT-ME-DF-Rectangular Short Radius Bend - Flanged","","LEVEL 07","MHT-ME-DF-Rectangular Short Radius Bend - Flanged","200x200-200x200","200","200","","NWB_DimHeight","200","200","200","OK","verified","instance","Shared Parameter","7626170","NWB_DimHeight","String","False","2","2"
"20260810_130056","NWB Dim AutoFill","MECHANICAL DUCTWORK LAYOUT - LEVEL 07","model","selection","skip","Both","skip-other-users","15906922","Duct Fittings","MHT-ME-DF-Rectangular Short Radius Bend - Flanged","","LEVEL 07","MHT-ME-DF-Rectangular Short Radius Bend - Flanged","200x200-200x200","200","200","","NWB_DimHeight","200","200","200","OK","verified","instance","Shared Parameter","3045163","NWB_DimHeight","Double","False","2","2"
"20260810_130056","NWB Dim AutoFill","MECHANICAL DUCTWORK LAYOUT - LEVEL 07","model","selection","skip","Both","skip-other-users","15906923","Duct Fittings","MHT-ME-DF-Rectangular Short Radius Bend - Flanged","","LEVEL 07","MHT-ME-DF-Rectangular Short Radius Bend - Flanged","200x200-200x200","200","200","","NWB_DimWidth","200","200","200","OK","verified","instance","Shared Parameter","7626175","NWB_DimWidth","String","False","2","2"
"20260810_130056","NWB Dim AutoFill","MECHANICAL DUCTWORK LAYOUT - LEVEL 07","model","selection","skip","Both","skip-other-users","15906923","Duct Fittings","MHT-ME-DF-Rectangular Short Radius Bend - Flanged","","LEVEL 07","MHT-ME-DF-Rectangular Short Radius Bend - Flanged","200x200-200x200","200","200","","NWB_DimWidth","200","200","200","OK","verified","instance","Shared Parameter","3045165","NWB_DimWidth","Double","False","2","2"
"20260810_130056","NWB Dim AutoFill","MECHANICAL DUCTWORK LAYOUT - LEVEL 07","model","selection","skip","Both","skip-other-users","15906923","Duct Fittings","MHT-ME-DF-Rectangular Short Radius Bend - Flanged","","LEVEL 07","MHT-ME-DF-Rectangular Short Radius Bend - Flanged","200x200-200x200","200","200","","NWB_DimHeight","200","200","200","OK","verified","instance","Shared Parameter","7626170","NWB_DimHeight","String","False","2","2"
"20260810_130056","NWB Dim AutoFill","MECHANICAL DUCTWORK LAYOUT - LEVEL 07","model","selection","skip","Both","skip-other-users","15906923","Duct Fittings","MHT-ME-DF-Rectangular Short Radius Bend - Flanged","","LEVEL 07","MHT-ME-DF-Rectangular Short Radius Bend - Flanged","200x200-200x200","200","200","","NWB_DimHeight","200","200","200","OK","verified","instance","Shared Parameter","3045163","NWB_DimHeight","Double","False","2","2"
"20260810_130056","NWB Dim AutoFill","MECHANICAL DUCTWORK LAYOUT - LEVEL 07","model","selection","skip","Both","skip-other-users","15906925","Duct Fittings","MHT-ME-DF-Rectangular Short Radius Bend - Flanged","","LEVEL 07","MHT-ME-DF-Rectangular Short Radius Bend - Flanged","200x200-200x200","200","200","","NWB_DimWidth","200","200","200","OK","verified","instance","Shared Parameter","7626175","NWB_DimWidth","String","False","2","2"
"20260810_130056","NWB Dim AutoFill","MECHANICAL DUCTWORK LAYOUT - LEVEL 07","model","selection","skip","Both","skip-other-users","15906925","Duct Fittings","MHT-ME-DF-Rectangular Short Radius Bend - Flanged","","LEVEL 07","MHT-ME-DF-Rectangular Short Radius Bend - Flanged","200x200-200x200","200","200","","NWB_DimWidth","200","200","200","OK","verified","instance","Shared Parameter","3045165","NWB_DimWidth","Double","False","2","2"
"20260810_130056","NWB Dim AutoFill","MECHANICAL DUCTWORK LAYOUT - LEVEL 07","model","selection","skip","Both","skip-other-users","15906925","Duct Fittings","MHT-ME-DF-Rectangular Short Radius Bend - Flanged","","LEVEL 07","MHT-ME-DF-Rectangular Short Radius Bend - Flanged","200x200-200x200","200","200","","NWB_DimHeight","200","200","200","OK","verified","instance","Shared Parameter","7626170","NWB_DimHeight","String","False","2","2"
"20260810_130056","NWB Dim AutoFill","MECHANICAL DUCTWORK LAYOUT - LEVEL 07","model","selection","skip","Both","skip-other-users","15906925","Duct Fittings","MHT-ME-DF-Rectangular Short Radius Bend - Flanged","","LEVEL 07","MHT-ME-DF-Rectangular Short Radius Bend - Flanged","200x200-200x200","200","200","","NWB_DimHeight","200","200","200","OK","verified","instance","Shared Parameter","3045163","NWB_DimHeight","Double","False","2","2"
"20260810_130056","NWB Dim AutoFill","MECHANICAL DUCTWORK LAYOUT - LEVEL 07","model","selection","skip","Both","skip-other-users","15906927","Duct Fittings","MHT-ME-DF-Rectangular Short Radius Bend - Flanged","","LEVEL 07","MHT-ME-DF-Rectangular Short Radius Bend - Flanged","200x200-200x200","200","200","","NWB_DimWidth","200","200","200","OK","verified","instance","Shared Parameter","7626175","NWB_DimWidth","String","False","2","2"
"20260810_130056","NWB Dim AutoFill","MECHANICAL DUCTWORK LAYOUT - LEVEL 07","model","selection","skip","Both","skip-other-users","15906927","Duct Fittings","MHT-ME-DF-Rectangular Short Radius Bend - Flanged","","LEVEL 07","MHT-ME-DF-Rectangular Short Radius Bend - Flanged","200x200-200x200","200","200","","NWB_DimWidth","200","200","200","OK","verified","instance","Shared Parameter","3045165","NWB_DimWidth","Double","False","2","2"
"20260810_130056","NWB Dim AutoFill","MECHANICAL DUCTWORK LAYOUT - LEVEL 07","model","selection","skip","Both","skip-other-users","15906927","Duct Fittings","MHT-ME-DF-Rectangular Short Radius Bend - Flanged","","LEVEL 07","MHT-ME-DF-Rectangular Short Radius Bend - Flanged","200x200-200x200","200","200","","NWB_DimHeight","200","200","200","OK","verified","instance","Shared Parameter","7626170","NWB_DimHeight","String","False","2","2"
"20260810_130056","NWB Dim AutoFill","MECHANICAL DUCTWORK LAYOUT - LEVEL 07","model","selection","skip","Both","skip-other-users","15906927","Duct Fittings","MHT-ME-DF-Rectangular Short Radius Bend - Flanged","","LEVEL 07","MHT-ME-DF-Rectangular Short Radius Bend - Flanged","200x200-200x200","200","200","","NWB_DimHeight","200","200","200","OK","verified","instance","Shared Parameter","3045163","NWB_DimHeight","Double","False","2","2"
"20260810_130056","NWB Dim AutoFill","MECHANICAL DUCTWORK LAYOUT - LEVEL 07","model","selection","skip","Both","skip-other-users","15907052","Duct Fittings","MHT-ME-DF-Rectangular Short Radius Bend - Flanged","","LEVEL 07","MHT-ME-DF-Rectangular Short Radius Bend - Flanged","250x250-250x250","250","250","","NWB_DimWidth","250","250","250","OK","verified","instance","Shared Parameter","7626175","NWB_DimWidth","String","False","2","2"
"20260810_130056","NWB Dim AutoFill","MECHANICAL DUCTWORK LAYOUT - LEVEL 07","model","selection","skip","Both","skip-other-users","15907052","Duct Fittings","MHT-ME-DF-Rectangular Short Radius Bend - Flanged","","LEVEL 07","MHT-ME-DF-Rectangular Short Radius Bend - Flanged","250x250-250x250","250","250","","NWB_DimWidth","250","250","250","OK","verified","instance","Shared Parameter","3045165","NWB_DimWidth","Double","False","2","2"
"20260810_130056","NWB Dim AutoFill","MECHANICAL DUCTWORK LAYOUT - LEVEL 07","model","selection","skip","Both","skip-other-users","15907052","Duct Fittings","MHT-ME-DF-Rectangular Short Radius Bend - Flanged","","LEVEL 07","MHT-ME-DF-Rectangular Short Radius Bend - Flanged","250x250-250x250","250","250","","NWB_DimHeight","250","250","250","OK","verified","instance","Shared Parameter","7626170","NWB_DimHeight","String","False","2","2"
"20260810_130056","NWB Dim AutoFill","MECHANICAL DUCTWORK LAYOUT - LEVEL 07","model","selection","skip","Both","skip-other-users","15907052","Duct Fittings","MHT-ME-DF-Rectangular Short Radius Bend - Flanged","","LEVEL 07","MHT-ME-DF-Rectangular Short Radius Bend - Flanged","250x250-250x250","250","250","","NWB_DimHeight","250","250","250","OK","verified","instance","Shared Parameter","3045163","NWB_DimHeight","Double","False","2","2"
"20260810_130056","NWB Dim AutoFill","MECHANICAL DUCTWORK LAYOUT - LEVEL 07","model","selection","skip","Both","skip-other-users","15907053","Duct Fittings","MHT-ME-DF-Rectangular Eccentric Taper - Flanged-01","","LEVEL 07","Standard","300x300-250x250","300","300","","NWB_DimWidth","300","300","300","OK","verified","instance","Shared Parameter","7626175","NWB_DimWidth","String","False","2","2"
"20260810_130056","NWB Dim AutoFill","MECHANICAL DUCTWORK LAYOUT - LEVEL 07","model","selection","skip","Both","skip-other-users","15907053","Duct Fittings","MHT-ME-DF-Rectangular Eccentric Taper - Flanged-01","","LEVEL 07","Standard","300x300-250x250","300","300","","NWB_DimWidth","300","300","300","OK","verified","instance","Shared Parameter","3045165","NWB_DimWidth","Double","False","2","2"
"20260810_130056","NWB Dim AutoFill","MECHANICAL DUCTWORK LAYOUT - LEVEL 07","model","selection","skip","Both","skip-other-users","15907053","Duct Fittings","MHT-ME-DF-Rectangular Eccentric Taper - Flanged-01","","LEVEL 07","Standard","300x300-250x250","300","300","","NWB_DimHeight","300","300","300","OK","verified","instance","Shared Parameter","7626170","NWB_DimHeight","String","False","2","2"
"20260810_130056","NWB Dim AutoFill","MECHANICAL DUCTWORK LAYOUT - LEVEL 07","model","selection","skip","Both","skip-other-users","15907053","Duct Fittings","MHT-ME-DF-Rectangular Eccentric Taper - Flanged-01","","LEVEL 07","Standard","300x300-250x250","300","300","","NWB_DimHeight","300","300","300","OK","verified","instance","Shared Parameter","3045163","NWB_DimHeight","Double","False","2","2"
"20260810_130056","NWB Dim AutoFill","MECHANICAL DUCTWORK LAYOUT - LEVEL 07","model","selection","skip","Both","skip-other-users","15907129","Flex Ducts","Flex Duct Round","","LEVEL 07","Flex - Round","200 mmø","","","200","NWB_DimDiameter","200","200","200","OK","verified","instance","Shared Parameter","7626172","NWB_DimDiameter","String","False","1","1"
"20260810_130056","NWB Dim AutoFill","MECHANICAL DUCTWORK LAYOUT - LEVEL 07","model","selection","skip","Both","skip-other-users","15907132","Duct Fittings","MHT_DF_Spigot","","LEVEL 07","Damper","200ø-200ø","","","200","NWB_DimDiameter","200","200","200","OK","verified","instance","Shared Parameter","7626172","NWB_DimDiameter","String","False","1","1"
"20260810_130056","NWB Dim AutoFill","MECHANICAL DUCTWORK LAYOUT - LEVEL 07","model","selection","skip","Both","skip-other-users","15907149","Flex Ducts","Flex Duct Round","","LEVEL 07","Flex - Round","200 mmø","","","200","NWB_DimDiameter","200","200","200","OK","verified","instance","Shared Parameter","7626172","NWB_DimDiameter","String","False","1","1"
"20260810_130056","NWB Dim AutoFill","MECHANICAL DUCTWORK LAYOUT - LEVEL 07","model","selection","skip","Both","skip-other-users","15907152","Duct Fittings","MHT_DF_Spigot","","LEVEL 07","Damper","200ø-200ø","","","200","NWB_DimDiameter","200","200","200","OK","verified","instance","Shared Parameter","7626172","NWB_DimDiameter","String","False","1","1"
"20260810_130056","NWB Dim AutoFill","MECHANICAL DUCTWORK LAYOUT - LEVEL 07","model","selection","skip","Both","skip-other-users","15907214","Flex Ducts","Flex Duct Round","","LEVEL 07","Flex - Round","200 mmø","","","200","NWB_DimDiameter","200","200","200","OK","verified","instance","Shared Parameter","7626172","NWB_DimDiameter","String","False","1","1"
"20260810_130056","NWB Dim AutoFill","MECHANICAL DUCTWORK LAYOUT - LEVEL 07","model","selection","skip","Both","skip-other-users","15907217","Duct Fittings","MHT_DF_Spigot","","LEVEL 07","Damper","200ø-200ø","","","200","NWB_DimDiameter","200","200","200","OK","verified","instance","Shared Parameter","7626172","NWB_DimDiameter","String","False","1","1"
"20260810_130056","NWB Dim AutoFill","MECHANICAL DUCTWORK LAYOUT - LEVEL 07","model","selection","skip","Both","skip-other-users","15907250","Duct Fittings","MHT-ME-DF-Square Cap-BMA","","LEVEL 07","Standard","200x200","200","200","","NWB_DimWidth","200","200","200","OK","verified","instance","Shared Parameter","7626175","NWB_DimWidth","String","False","1","1"
"20260810_130056","NWB Dim AutoFill","MECHANICAL DUCTWORK LAYOUT - LEVEL 07","model","selection","skip","Both","skip-other-users","15907250","Duct Fittings","MHT-ME-DF-Square Cap-BMA","","LEVEL 07","Standard","200x200","200","200","","NWB_DimHeight","200","200","200","OK","verified","instance","Shared Parameter","7626170","NWB_DimHeight","String","False","1","1"
