START | Tool=NWB Dim AutoFill
START | View=ACC-COORD-MAIN BUILDING LG-L06 PNEUMATIC TUBE
START | ViewId=17576488
START | ViewMode=model
START | WriteMode=override
START | ParameterTargetMode=SharedOnly
START | WorksharingMode=skip-other-users
START | ProcessingScope=view
START | SelectedInputCount=0
START | ExportAudit=False
READY | Full MEP set accepted: 707 elements in batches of 2000
READY | Elements=707 | Log=C:\Users\Gino Moreno\AppData\Roaming\pyRevit\Extensions\MHTTools.extension\MEINHARDT.tab\NWB.panel\NWB Dim AutoFill.pushbutton\logs\NWB_Dim_AutoFill_20260822_181144.log
READY | CategoryBreakdown=Electrical Equipment=1; Electrical Fixtures=5; Lighting Fixtures=5; Mechanical Equipment=45; Pipe Fittings=297; Pipes=349; Specialty Equipment=5
READY | EligibleElementIds=4613082, 4614208, 5614734, 5670075, 7178438, 12557397, 12557439, 12562304, 12562308, 12562368, 12690136, 12690161, 12690190, 12690201, 12692962, 12692986, 12693022, 12693071, 12693117, 12693157, 12693285, 12707380, 12708334, 12725853, 12725869, 13792676, 13793858, 13794746, 13802704, 13802705, 13802706, 13802707, 13813929, 13817246, 13817956, 13818252, 13823273, 13830342, 14084200, 14084547, 14084656, 14085336, 14085680, 14085719, 16722121, 12557408, 12557412, 12557416, 12557424, 12557426, 12557440, 12557447, 12557451, 12557459, 12557461, 12557465, 12562305, 12562309, 12562312, 12562316, 12562318, 12562322, 12562326, 12562338, 12562342, 12562346, 12562350, 12562354, 12562369, 12562371, 12562388, 12562398, 12562400, 12562404, 12562408, 12562412, 12562414, 12690115, 12690117, 12690121, 12690125, 12690133, 12690137, 12690144, 12690148, 12690152, 12690162, 12690164, 12690177, 12690181, 12690185, 12690191, 12690202, 12690211, 12690213, 12690217, 12690221, 12690225, 12690227, 12690231, 12690235, 12692963, 12692967, 12692976, 12692978, 12692987, 12692994, 12692996, 12693000, 12693004, 12693008, 12693012, 12693016, 12693023, 12693032, 12693040, 12693048, 12693050, 12693054, 12693072, 12693076, 12693085, 12693089, 12693093, 12693097, 12693105, 12693118, 12693125, 12693133, 12693158, 12693167, 12693169, 12693173, 12693177, 12693181, 12693286, 12693290, 12693467, 12708210, 12708225, 12708229, 12708238, 12708242, 12708300, 12708302, 12708304, 12708340, 12725837, 12725849, 12725876, 12725878, 12730709, 12730716, 12730718, 12739400, 12739406, 12739424, 12739439, 12739451, 12745043, 12745045, 12745051, 12745053, 12745064, 12745066, 12745077, 12745083, 12745102, 12745104, 12745112, 12745121, 12745127, 12745130, 13231534, 13231536, 13231540, 13231551, 13231556, 13760679, 13760726, 13760770, 13760772, 13760823, 13760830, 13761032, 13795001, 13796388, 13797805, 13797819, 13797944, 13797958, 13798036, 13798654, 13799375, 13799405, 13802664, 13802676, 13802678, 13802682, 13802684 ... (+507 more)
SKIP | Element 4613082 | Size empty | Cat=Mechanical Equipment | Family=MHT-ME-AHU-Duty_Standby_v2 | Type= | Level=LEVEL 01 | Name=4600L x1120W x 1525H
SKIP | Element 4614208 | Size empty | Cat=Mechanical Equipment | Family=MHT-ME-AHU-Duty_Standby_v2 | Type= | Level=LEVEL 01 | Name=5000L x 2650W x 2200H
SKIP | Element 5614734 | Size empty | Cat=Mechanical Equipment | Family=Carbon Filter Box | Type= | Level=LEVEL 01 | Name=0-1750 L/s
SKIP | Element 5670075 | Size empty | Cat=Mechanical Equipment | Family=MHT-ME-MEQ-Run Around Coil Pump | Type= | Level=LEVEL 01 | Name=2000L x 1000W x 1000H
SKIP | Element 7178438 | Size empty | Cat=Mechanical Equipment | Family=FRAME_PLINTH_INCLUDE IN PENETRATION DRAWING | Type= | Level=LEVEL 01 | Name=STANDARD
SKIP | Element 12557397 | Size empty | Cat=Mechanical Equipment | Family=MHT-ME-Pass-Through Station | Type= | Level=GROUND | Name=MHT-ME-Pass-Through Station
SKIP | Element 12557439 | Size empty | Cat=Mechanical Equipment | Family=MHT-ME-Pass-Through Station | Type= | Level=LEVEL 01 | Name=MHT-ME-Pass-Through Station
SKIP | Element 12562304 | Size empty | Cat=Mechanical Equipment | Family=MHT-ME-Pass-Through Station | Type= | Level=LEVEL 01 | Name=MHT-ME-Pass-Through Station
SKIP | Element 12562308 | Size empty | Cat=Mechanical Equipment | Family=MHT-ME-Pass-Through Station | Type= | Level=LEVEL 01 | Name=MHT-ME-Pass-Through Station
SKIP | Element 12562368 | Size empty | Cat=Mechanical Equipment | Family=MHT-ME-Pass-Through Station | Type= | Level=LEVEL 01 | Name=MHT-ME-Pass-Through Station
SKIP | Element 12690136 | Size empty | Cat=Mechanical Equipment | Family=MHT-ME-Pass-Through Station | Type= | Level=LEVEL 02 | Name=MHT-ME-Pass-Through Station
SKIP | Element 12690161 | Size empty | Cat=Mechanical Equipment | Family=MHT-ME-Pass-Through Station | Type= | Level=LEVEL 03 | Name=MHT-ME-Pass-Through Station
SKIP | Element 12690190 | Size empty | Cat=Mechanical Equipment | Family=MHT-ME-Pass-Through Station | Type= | Level=LEVEL 03 | Name=MHT-ME-Pass-Through Station
SKIP | Element 12690201 | Size empty | Cat=Mechanical Equipment | Family=MHT-ME-Pass-Through Station | Type= | Level=LEVEL 03 | Name=MHT-ME-Pass-Through Station
SKIP | Element 12692962 | Size empty | Cat=Mechanical Equipment | Family=MHT-ME-Pass-Through Station | Type= | Level=LEVEL 03 | Name=MHT-ME-Pass-Through Station
SKIP | Element 12692986 | Size empty | Cat=Mechanical Equipment | Family=MHT-ME-Pass-Through Station | Type= | Level=LEVEL 03 | Name=MHT-ME-Pass-Through Station
SKIP | Element 12693022 | Size empty | Cat=Mechanical Equipment | Family=MHT-ME-Pass-Through Station | Type= | Level=LEVEL 04 | Name=MHT-ME-Pass-Through Station
SKIP | Element 12693071 | Size empty | Cat=Mechanical Equipment | Family=MHT-ME-Pass-Through Station | Type= | Level=LEVEL 04 | Name=MHT-ME-Pass-Through Station
SKIP | Element 12693117 | Size empty | Cat=Mechanical Equipment | Family=MHT-ME-Pass-Through Station | Type= | Level=LEVEL 04 | Name=MHT-ME-Pass-Through Station
SKIP | Element 12693157 | Size empty | Cat=Mechanical Equipment | Family=MHT-ME-Pass-Through Station | Type= | Level=LEVEL 04 | Name=MHT-ME-Pass-Through Station
SKIP | Element 12693285 | Size empty | Cat=Mechanical Equipment | Family=MHT-ME-Pass-Through Station | Type= | Level=LEVEL 05 | Name=MHT-ME-Pass-Through Station
SKIP | Element 12707380 | Size empty | Cat=Mechanical Equipment | Family=MHT-ME-3 Way Diverter | Type= | Level=LEVEL 03 | Name=MHT-ME-3 Way Diverter
SKIP | Element 12708334 | Size empty | Cat=Mechanical Equipment | Family=MHT-ME-3 Way Diverter | Type= | Level=LEVEL 03 | Name=MHT-ME-3 Way Diverter
SKIP | Element 12725853 | Size empty | Cat=Mechanical Equipment | Family=MHT-ME-3 Way Diverter | Type= | Level=LEVEL 04 | Name=MHT-ME-3 Way Diverter
SKIP | Element 12725869 | Size empty | Cat=Mechanical Equipment | Family=MHT-ME-3 Way Diverter | Type= | Level=LEVEL 04 | Name=MHT-ME-3 Way Diverter
SKIP | Element 13792676 | Size empty | Cat=Mechanical Equipment | Family=MHT-ME-GA_Transfer Unit | Type= | Level=LEVEL 06 | Name=MHT-ME-GA_Transfer Unit
SKIP | Element 13793858 | Size empty | Cat=Mechanical Equipment | Family=MHT-ME-3 Way Diverter | Type= | Level=LEVEL 06 | Name=MHT-ME-3 Way Diverter
SKIP | Element 13794746 | Size empty | Cat=Mechanical Equipment | Family=MHT-ME-EQ-BPTS_PneumaticTubeBlower w Air Diverter | Type= | Level=LEVEL 06 | Name=Send /Receive End Station
SKIP | Element 13802704 | Size empty | Cat=Mechanical Equipment | Family=MHT-ME-3 Way Diverter | Type= | Level=LEVEL 06 | Name=MHT-ME-3 Way Diverter
SKIP | Element 13802705 | Size empty | Cat=Mechanical Equipment | Family=MHT-ME-3 Way Diverter | Type= | Level=LEVEL 06 | Name=MHT-ME-3 Way Diverter
SKIP | Element 13802706 | Size empty | Cat=Mechanical Equipment | Family=MHT-ME-3 Way Diverter | Type= | Level=LEVEL 06 | Name=MHT-ME-3 Way Diverter
SKIP | Element 13802707 | Size empty | Cat=Mechanical Equipment | Family=MHT-ME-3 Way Diverter | Type= | Level=LEVEL 06 | Name=MHT-ME-3 Way Diverter
SKIP | Element 13813929 | Size empty | Cat=Mechanical Equipment | Family=MHT-ME-3 Way Diverter | Type= | Level=LEVEL 06 | Name=MHT-ME-3 Way Diverter
SKIP | Element 13817246 | Size empty | Cat=Mechanical Equipment | Family=MHT-ME-3 Way Diverter | Type= | Level=LEVEL 06 | Name=MHT-ME-3 Way Diverter
SKIP | Element 13817956 | Size empty | Cat=Mechanical Equipment | Family=MHT-ME-3 Way Diverter | Type= | Level=LEVEL 06 | Name=MHT-ME-3 Way Diverter
SKIP | Element 13818252 | Size empty | Cat=Mechanical Equipment | Family=MHT-ME-3 Way Diverter | Type= | Level=LEVEL 06 | Name=MHT-ME-3 Way Diverter
SKIP | Element 13823273 | Size empty | Cat=Mechanical Equipment | Family=MHT-ME-3 Way Diverter | Type= | Level=LEVEL 06 | Name=MHT-ME-3 Way Diverter
SKIP | Element 13830342 | Size empty | Cat=Mechanical Equipment | Family=MHT-ME-3 Way Diverter | Type= | Level=LEVEL 06 | Name=MHT-ME-3 Way Diverter
SKIP | Element 14084200 | Size empty | Cat=Mechanical Equipment | Family=MHT-ME-EQ-BPTS_PneumaticTubeBlower w Air Diverter | Type= | Level=LEVEL 06 | Name=Send /Receive End Station
SKIP | Element 14084547 | Size empty | Cat=Mechanical Equipment | Family=MHT-ME-EQ-BPTS_PneumaticTubeBlower w Air Diverter | Type= | Level=LEVEL 06 | Name=Send /Receive End Station
SKIP | Element 14084656 | Size empty | Cat=Mechanical Equipment | Family=MHT-ME-EQ-BPTS_PneumaticTubeBlower w Air Diverter | Type= | Level=LEVEL 06 | Name=Send /Receive End Station
SKIP | Element 14085336 | Size empty | Cat=Mechanical Equipment | Family=MHT-ME-3 Way Diverter | Type= | Level=LEVEL 06 | Name=MHT-ME-3 Way Diverter
SKIP | Element 14085680 | Size empty | Cat=Mechanical Equipment | Family=MHT-ME-3 Way Diverter | Type= | Level=LEVEL 06 | Name=MHT-ME-3 Way Diverter
SKIP | Element 14085719 | Size empty | Cat=Mechanical Equipment | Family=MHT-ME-3 Way Diverter | Type= | Level=LEVEL 06 | Name=MHT-ME-3 Way Diverter
SKIP | Element 16722121 | Size empty | Cat=Mechanical Equipment | Family=MHT-ME-EQ-BPTS_PneumaticTubeBlower w Air Diverter | Type= | Level=LEVEL 06 | Name=Send /Receive End Station
INFO | Candidate: NWB_DimDiameter | Scope=instance | Storage=String | ReadOnly=False | Shared=True | Id=7626172
INFO | Candidate: NWB_DimDiameter | Scope=instance | Storage=String | ReadOnly=False | Shared=True | Id=13710673
INFO | Found 2 parameters named NWB_DimDiameter
INFO | SELECTED | Shared Parameter | Scope=instance | ReadOnly=False | Id=13710673
INFO | IGNORED (SharedOnly) | Shared Parameter | Scope=instance | ReadOnly=False | Id=7626172
INFO | Element 12557408 | NWB_DimDiameter | Kind=Shared Parameter | Scope=instance | Storage=String | Old='' | New='160'
SOURCE | Element 12557408 | Cat=Pipes | Family=Pipe Types | Type= | Level=GROUND | Name=MHT - PVC - PNEUMATIC TUBE SYSTEMS | System=Other | SizeText=160ø | Width= | Height= | Diameter=160
ELEMENT | 12557408 | Size='160ø' | Width='' | Height='' | Diameter='160' | Statuses=NWB_DimWidth:SKIP; NWB_DimHeight:SKIP; NWB_DimDiameter:OK
INFO | Candidate: NWB_DimDiameter | Scope=instance | Storage=String | ReadOnly=False | Shared=True | Id=7626172
INFO | Candidate: NWB_DimDiameter | Scope=instance | Storage=String | ReadOnly=False | Shared=True | Id=13710673
INFO | Found 2 parameters named NWB_DimDiameter
INFO | SELECTED | Shared Parameter | Scope=instance | ReadOnly=False | Id=13710673
INFO | IGNORED (SharedOnly) | Shared Parameter | Scope=instance | ReadOnly=False | Id=7626172
INFO | Element 12557412 | NWB_DimDiameter | Kind=Shared Parameter | Scope=instance | Storage=String | Old='' | New='160'
SOURCE | Element 12557412 | Cat=Pipes | Family=Pipe Types | Type= | Level=GROUND | Name=MHT - PVC - PNEUMATIC TUBE SYSTEMS | System=Other | SizeText=160ø | Width= | Height= | Diameter=160
ELEMENT | 12557412 | Size='160ø' | Width='' | Height='' | Diameter='160' | Statuses=NWB_DimWidth:SKIP; NWB_DimHeight:SKIP; NWB_DimDiameter:OK
INFO | Candidate: NWB_DimDiameter | Scope=instance | Storage=String | ReadOnly=False | Shared=True | Id=7626172
INFO | Candidate: NWB_DimDiameter | Scope=instance | Storage=String | ReadOnly=False | Shared=True | Id=13710673
INFO | Found 2 parameters named NWB_DimDiameter
INFO | SELECTED | Shared Parameter | Scope=instance | ReadOnly=False | Id=13710673
INFO | IGNORED (SharedOnly) | Shared Parameter | Scope=instance | ReadOnly=False | Id=7626172
INFO | Element 12557416 | NWB_DimDiameter | Kind=Shared Parameter | Scope=instance | Storage=String | Old='' | New='160'
SOURCE | Element 12557416 | Cat=Pipes | Family=Pipe Types | Type= | Level=GROUND | Name=MHT - PVC - PNEUMATIC TUBE SYSTEMS | System=Other | SizeText=160ø | Width= | Height= | Diameter=160
ELEMENT | 12557416 | Size='160ø' | Width='' | Height='' | Diameter='160' | Statuses=NWB_DimWidth:SKIP; NWB_DimHeight:SKIP; NWB_DimDiameter:OK
INFO | Candidate: NWB_DimDiameter | Scope=instance | Storage=String | ReadOnly=False | Shared=True | Id=7626172
INFO | Candidate: NWB_DimDiameter | Scope=instance | Storage=String | ReadOnly=False | Shared=True | Id=13710673
INFO | Found 2 parameters named NWB_DimDiameter
INFO | SELECTED | Shared Parameter | Scope=instance | ReadOnly=False | Id=13710673
INFO | IGNORED (SharedOnly) | Shared Parameter | Scope=instance | ReadOnly=False | Id=7626172
INFO | Element 12557424 | NWB_DimDiameter | Kind=Shared Parameter | Scope=instance | Storage=String | Old='' | New='160'
SOURCE | Element 12557424 | Cat=Pipes | Family=Pipe Types | Type= | Level=GROUND | Name=MHT - PVC - PNEUMATIC TUBE SYSTEMS | System=Other | SizeText=160ø | Width= | Height= | Diameter=160
ELEMENT | 12557424 | Size='160ø' | Width='' | Height='' | Diameter='160' | Statuses=NWB_DimWidth:SKIP; NWB_DimHeight:SKIP; NWB_DimDiameter:OK
INFO | Candidate: NWB_DimDiameter | Scope=instance | Storage=String | ReadOnly=False | Shared=True | Id=7626172
INFO | Candidate: NWB_DimDiameter | Scope=instance | Storage=String | ReadOnly=False | Shared=True | Id=13710673
INFO | Found 2 parameters named NWB_DimDiameter
INFO | SELECTED | Shared Parameter | Scope=instance | ReadOnly=False | Id=13710673
INFO | IGNORED (SharedOnly) | Shared Parameter | Scope=instance | ReadOnly=False | Id=7626172
INFO | Element 12557426 | NWB_DimDiameter | Kind=Shared Parameter | Scope=instance | Storage=String | Old='' | New='160'
SOURCE | Element 12557426 | Cat=Pipes | Family=Pipe Types | Type= | Level=GROUND | Name=MHT - PVC - PNEUMATIC TUBE SYSTEMS | System=Other | SizeText=160ø | Width= | Height= | Diameter=160
ELEMENT | 12557426 | Size='160ø' | Width='' | Height='' | Diameter='160' | Statuses=NWB_DimWidth:SKIP; NWB_DimHeight:SKIP; NWB_DimDiameter:OK
INFO | Candidate: NWB_DimDiameter | Scope=instance | Storage=String | ReadOnly=False | Shared=True | Id=7626172
INFO | Candidate: NWB_DimDiameter | Scope=instance | Storage=String | ReadOnly=False | Shared=True | Id=13710673
INFO | Found 2 parameters named NWB_DimDiameter
INFO | SELECTED | Shared Parameter | Scope=instance | ReadOnly=False | Id=13710673
INFO | IGNORED (SharedOnly) | Shared Parameter | Scope=instance | ReadOnly=False | Id=7626172
INFO | Element 12557440 | NWB_DimDiameter | Kind=Shared Parameter | Scope=instance | Storage=String | Old='' | New='160'
SOURCE | Element 12557440 | Cat=Pipes | Family=Pipe Types | Type= | Level=LEVEL 01 | Name=MHT - PVC - PNEUMATIC TUBE SYSTEMS | System=Other | SizeText=160ø | Width= | Height= | Diameter=160
ELEMENT | 12557440 | Size='160ø' | Width='' | Height='' | Diameter='160' | Statuses=NWB_DimWidth:SKIP; NWB_DimHeight:SKIP; NWB_DimDiameter:OK
INFO | Candidate: NWB_DimDiameter | Scope=instance | Storage=String | ReadOnly=False | Shared=True | Id=7626172
INFO | Candidate: NWB_DimDiameter | Scope=instance | Storage=String | ReadOnly=False | Shared=True | Id=13710673
INFO | Found 2 parameters named NWB_DimDiameter
INFO | SELECTED | Shared Parameter | Scope=instance | ReadOnly=False | Id=13710673
INFO | IGNORED (SharedOnly) | Shared Parameter | Scope=instance | ReadOnly=False | Id=7626172
INFO | Element 12557447 | NWB_DimDiameter | Kind=Shared Parameter | Scope=instance | Storage=String | Old='' | New='160'
SOURCE | Element 12557447 | Cat=Pipes | Family=Pipe Types | Type= | Level=LEVEL 01 | Name=MHT - PVC - PNEUMATIC TUBE SYSTEMS | System=Other | SizeText=160ø | Width= | Height= | Diameter=160
ELEMENT | 12557447 | Size='160ø' | Width='' | Height='' | Diameter='160' | Statuses=NWB_DimWidth:SKIP; NWB_DimHeight:SKIP; NWB_DimDiameter:OK
INFO | Candidate: NWB_DimDiameter | Scope=instance | Storage=String | ReadOnly=False | Shared=True | Id=7626172
INFO | Candidate: NWB_DimDiameter | Scope=instance | Storage=String | ReadOnly=False | Shared=True | Id=13710673
INFO | Found 2 parameters named NWB_DimDiameter
INFO | SELECTED | Shared Parameter | Scope=instance | ReadOnly=False | Id=13710673
INFO | IGNORED (SharedOnly) | Shared Parameter | Scope=instance | ReadOnly=False | Id=7626172
INFO | Element 12557451 | NWB_DimDiameter | Kind=Shared Parameter | Scope=instance | Storage=String | Old='' | New='160'
SOURCE | Element 12557451 | Cat=Pipes | Family=Pipe Types | Type= | Level=LEVEL 01 | Name=MHT - PVC - PNEUMATIC TUBE SYSTEMS | System=Other | SizeText=160ø | Width= | Height= | Diameter=160
ELEMENT | 12557451 | Size='160ø' | Width='' | Height='' | Diameter='160' | Statuses=NWB_DimWidth:SKIP; NWB_DimHeight:SKIP; NWB_DimDiameter:OK
INFO | Candidate: NWB_DimDiameter | Scope=instance | Storage=String | ReadOnly=False | Shared=True | Id=7626172
INFO | Candidate: NWB_DimDiameter | Scope=instance | Storage=String | ReadOnly=False | Shared=True | Id=13710673
INFO | Found 2 parameters named NWB_DimDiameter
INFO | SELECTED | Shared Parameter | Scope=instance | ReadOnly=False | Id=13710673
INFO | IGNORED (SharedOnly) | Shared Parameter | Scope=instance | ReadOnly=False | Id=7626172
INFO | Element 12557459 | NWB_DimDiameter | Kind=Shared Parameter | Scope=instance | Storage=String | Old='' | New='160'
SOURCE | Element 12557459 | Cat=Pipes | Family=Pipe Types | Type= | Level=LEVEL 01 | Name=MHT - PVC - PNEUMATIC TUBE SYSTEMS | System=Other | SizeText=160ø | Width= | Height= | Diameter=160
ELEMENT | 12557459 | Size='160ø' | Width='' | Height='' | Diameter='160' | Statuses=NWB_DimWidth:SKIP; NWB_DimHeight:SKIP; NWB_DimDiameter:OK
INFO | Candidate: NWB_DimDiameter | Scope=instance | Storage=String | ReadOnly=False | Shared=True | Id=7626172
INFO | Candidate: NWB_DimDiameter | Scope=instance | Storage=String | ReadOnly=False | Shared=True | Id=13710673
INFO | Found 2 parameters named NWB_DimDiameter
INFO | SELECTED | Shared Parameter | Scope=instance | ReadOnly=False | Id=13710673
INFO | IGNORED (SharedOnly) | Shared Parameter | Scope=instance | ReadOnly=False | Id=7626172
INFO | Element 12557461 | NWB_DimDiameter | Kind=Shared Parameter | Scope=instance | Storage=String | Old='' | New='160'
SOURCE | Element 12557461 | Cat=Pipes | Family=Pipe Types | Type= | Level=LEVEL 01 | Name=MHT - PVC - PNEUMATIC TUBE SYSTEMS | System=Other | SizeText=160ø | Width= | Height= | Diameter=160
ELEMENT | 12557461 | Size='160ø' | Width='' | Height='' | Diameter='160' | Statuses=NWB_DimWidth:SKIP; NWB_DimHeight:SKIP; NWB_DimDiameter:OK
INFO | Candidate: NWB_DimDiameter | Scope=instance | Storage=String | ReadOnly=False | Shared=True | Id=7626172
INFO | Candidate: NWB_DimDiameter | Scope=instance | Storage=String | ReadOnly=False | Shared=True | Id=13710673
INFO | Found 2 parameters named NWB_DimDiameter
INFO | SELECTED | Shared Parameter | Scope=instance | ReadOnly=False | Id=13710673
INFO | IGNORED (SharedOnly) | Shared Parameter | Scope=instance | ReadOnly=False | Id=7626172
INFO | Element 12557465 | NWB_DimDiameter | Kind=Shared Parameter | Scope=instance | Storage=String | Old='' | New='160'
SOURCE | Element 12557465 | Cat=Pipes | Family=Pipe Types | Type= | Level=LEVEL 01 | Name=MHT - PVC - PNEUMATIC TUBE SYSTEMS | System=Other | SizeText=160ø | Width= | Height= | Diameter=160
ELEMENT | 12557465 | Size='160ø' | Width='' | Height='' | Diameter='160' | Statuses=NWB_DimWidth:SKIP; NWB_DimHeight:SKIP; NWB_DimDiameter:OK
INFO | Candidate: NWB_DimDiameter | Scope=instance | Storage=String | ReadOnly=False | Shared=True | Id=7626172
INFO | Candidate: NWB_DimDiameter | Scope=instance | Storage=String | ReadOnly=False | Shared=True | Id=13710673
INFO | Found 2 parameters named NWB_DimDiameter
INFO | SELECTED | Shared Parameter | Scope=instance | ReadOnly=False | Id=13710673
INFO | IGNORED (SharedOnly) | Shared Parameter | Scope=instance | ReadOnly=False | Id=7626172
INFO | Element 12562305 | NWB_DimDiameter | Kind=Shared Parameter | Scope=instance | Storage=String | Old='' | New='160'
SOURCE | Element 12562305 | Cat=Pipes | Family=Pipe Types | Type= | Level=LEVEL 01 | Name=MHT - PVC - PNEUMATIC TUBE SYSTEMS | System=Other | SizeText=160ø | Width= | Height= | Diameter=160
ELEMENT | 12562305 | Size='160ø' | Width='' | Height='' | Diameter='160' | Statuses=NWB_DimWidth:SKIP; NWB_DimHeight:SKIP; NWB_DimDiameter:OK
INFO | Candidate: NWB_DimDiameter | Scope=instance | Storage=String | ReadOnly=False | Shared=True | Id=7626172
INFO | Candidate: NWB_DimDiameter | Scope=instance | Storage=String | ReadOnly=False | Shared=True | Id=13710673
INFO | Found 2 parameters named NWB_DimDiameter
INFO | SELECTED | Shared Parameter | Scope=instance | ReadOnly=False | Id=13710673
INFO | IGNORED (SharedOnly) | Shared Parameter | Scope=instance | ReadOnly=False | Id=7626172
INFO | Element 12562309 | NWB_DimDiameter | Kind=Shared Parameter | Scope=instance | Storage=String | Old='' | New='160'
SOURCE | Element 12562309 | Cat=Pipes | Family=Pipe Types | Type= | Level=LEVEL 01 | Name=MHT - PVC - PNEUMATIC TUBE SYSTEMS | System=Other | SizeText=160ø | Width= | Height= | Diameter=160
ELEMENT | 12562309 | Size='160ø' | Width='' | Height='' | Diameter='160' | Statuses=NWB_DimWidth:SKIP; NWB_DimHeight:SKIP; NWB_DimDiameter:OK
INFO | Candidate: NWB_DimDiameter | Scope=instance | Storage=String | ReadOnly=False | Shared=True | Id=7626172
INFO | Candidate: NWB_DimDiameter | Scope=instance | Storage=String | ReadOnly=False | Shared=True | Id=13710673
INFO | Found 2 parameters named NWB_DimDiameter
INFO | SELECTED | Shared Parameter | Scope=instance | ReadOnly=False | Id=13710673
INFO | IGNORED (SharedOnly) | Shared Parameter | Scope=instance | ReadOnly=False | Id=7626172
INFO | Element 12562312 | NWB_DimDiameter | Kind=Shared Parameter | Scope=instance | Storage=String | Old='' | New='160'
SOURCE | Element 12562312 | Cat=Pipes | Family=Pipe Types | Type= | Level=LEVEL 01 | Name=MHT - PVC - PNEUMATIC TUBE SYSTEMS | System=Other | SizeText=160ø | Width= | Height= | Diameter=160
ELEMENT | 12562312 | Size='160ø' | Width='' | Height='' | Diameter='160' | Statuses=NWB_DimWidth:SKIP; NWB_DimHeight:SKIP; NWB_DimDiameter:OK
INFO | Candidate: NWB_DimDiameter | Scope=instance | Storage=String | ReadOnly=False | Shared=True | Id=7626172
INFO | Candidate: NWB_DimDiameter | Scope=instance | Storage=String | ReadOnly=False | Shared=True | Id=13710673
INFO | Found 2 parameters named NWB_DimDiameter
INFO | SELECTED | Shared Parameter | Scope=instance | ReadOnly=False | Id=13710673
INFO | IGNORED (SharedOnly) | Shared Parameter | Scope=instance | ReadOnly=False | Id=7626172
INFO | Element 12562316 | NWB_DimDiameter | Kind=Shared Parameter | Scope=instance | Storage=String | Old='' | New='160'
SOURCE | Element 12562316 | Cat=Pipes | Family=Pipe Types | Type= | Level=LEVEL 01 | Name=MHT - PVC - PNEUMATIC TUBE SYSTEMS | System=Other | SizeText=160ø | Width= | Height= | Diameter=160
ELEMENT | 12562316 | Size='160ø' | Width='' | Height='' | Diameter='160' | Statuses=NWB_DimWidth:SKIP; NWB_DimHeight:SKIP; NWB_DimDiameter:OK
INFO | Candidate: NWB_DimDiameter | Scope=instance | Storage=String | ReadOnly=False | Shared=True | Id=7626172
INFO | Candidate: NWB_DimDiameter | Scope=instance | Storage=String | ReadOnly=False | Shared=True | Id=13710673
INFO | Found 2 parameters named NWB_DimDiameter
INFO | SELECTED | Shared Parameter | Scope=instance | ReadOnly=False | Id=13710673
INFO | IGNORED (SharedOnly) | Shared Parameter | Scope=instance | ReadOnly=False | Id=7626172
INFO | Element 12562318 | NWB_DimDiameter | Kind=Shared Parameter | Scope=instance | Storage=String | Old='' | New='160'
SOURCE | Element 12562318 | Cat=Pipes | Family=Pipe Types | Type= | Level=LEVEL 01 | Name=MHT - PVC - PNEUMATIC TUBE SYSTEMS | System=Other | SizeText=160ø | Width= | Height= | Diameter=160
ELEMENT | 12562318 | Size='160ø' | Width='' | Height='' | Diameter='160' | Statuses=NWB_DimWidth:SKIP; NWB_DimHeight:SKIP; NWB_DimDiameter:OK
INFO | Candidate: NWB_DimDiameter | Scope=instance | Storage=String | ReadOnly=False | Shared=True | Id=7626172
INFO | Candidate: NWB_DimDiameter | Scope=instance | Storage=String | ReadOnly=False | Shared=True | Id=13710673
INFO | Found 2 parameters named NWB_DimDiameter
INFO | SELECTED | Shared Parameter | Scope=instance | ReadOnly=False | Id=13710673
INFO | IGNORED (SharedOnly) | Shared Parameter | Scope=instance | ReadOnly=False | Id=7626172
INFO | Element 12562322 | NWB_DimDiameter | Kind=Shared Parameter | Scope=instance | Storage=String | Old='' | New='160'
SOURCE | Element 12562322 | Cat=Pipes | Family=Pipe Types | Type= | Level=LEVEL 01 | Name=MHT - PVC - PNEUMATIC TUBE SYSTEMS | System=Other | SizeText=160ø | Width= | Height= | Diameter=160
ELEMENT | 12562322 | Size='160ø' | Width='' | Height='' | Diameter='160' | Statuses=NWB_DimWidth:SKIP; NWB_DimHeight:SKIP; NWB_DimDiameter:OK
INFO | Candidate: NWB_DimDiameter | Scope=instance | Storage=String | ReadOnly=False | Shared=True | Id=7626172
INFO | Candidate: NWB_DimDiameter | Scope=instance | Storage=String | ReadOnly=False | Shared=True | Id=13710673
INFO | Found 2 parameters named NWB_DimDiameter
INFO | SELECTED | Shared Parameter | Scope=instance | ReadOnly=False | Id=13710673
INFO | IGNORED (SharedOnly) | Shared Parameter | Scope=instance | ReadOnly=False | Id=7626172
INFO | Element 12562326 | NWB_DimDiameter | Kind=Shared Parameter | Scope=instance | Storage=String | Old='' | New='160'
SOURCE | Element 12562326 | Cat=Pipes | Family=Pipe Types | Type= | Level=LEVEL 01 | Name=MHT - PVC - PNEUMATIC TUBE SYSTEMS | System=Other | SizeText=160ø | Width= | Height= | Diameter=160
ELEMENT | 12562326 | Size='160ø' | Width='' | Height='' | Diameter='160' | Statuses=NWB_DimWidth:SKIP; NWB_DimHeight:SKIP; NWB_DimDiameter:OK
INFO | Candidate: NWB_DimDiameter | Scope=instance | Storage=String | ReadOnly=False | Shared=True | Id=7626172
INFO | Candidate: NWB_DimDiameter | Scope=instance | Storage=String | ReadOnly=False | Shared=True | Id=13710673
INFO | Found 2 parameters named NWB_DimDiameter
INFO | SELECTED | Shared Parameter | Scope=instance | ReadOnly=False | Id=13710673
INFO | IGNORED (SharedOnly) | Shared Parameter | Scope=instance | ReadOnly=False | Id=7626172
INFO | Element 12562338 | NWB_DimDiameter | Kind=Shared Parameter | Scope=instance | Storage=String | Old='' | New='160'
SOURCE | Element 12562338 | Cat=Pipes | Family=Pipe Types | Type= | Level=LEVEL 01 | Name=MHT - PVC - PNEUMATIC TUBE SYSTEMS | System=Other | SizeText=160ø | Width= | Height= | Diameter=160
ELEMENT | 12562338 | Size='160ø' | Width='' | Height='' | Diameter='160' | Statuses=NWB_DimWidth:SKIP; NWB_DimHeight:SKIP; NWB_DimDiameter:OK
INFO | Candidate: NWB_DimDiameter | Scope=instance | Storage=String | ReadOnly=False | Shared=True | Id=7626172
INFO | Candidate: NWB_DimDiameter | Scope=instance | Storage=String | ReadOnly=False | Shared=True | Id=13710673
INFO | Found 2 parameters named NWB_DimDiameter
INFO | SELECTED | Shared Parameter | Scope=instance | ReadOnly=False | Id=13710673
INFO | IGNORED (SharedOnly) | Shared Parameter | Scope=instance | ReadOnly=False | Id=7626172
INFO | Element 12562342 | NWB_DimDiameter | Kind=Shared Parameter | Scope=instance | Storage=String | Old='' | New='160'
SOURCE | Element 12562342 | Cat=Pipes | Family=Pipe Types | Type= | Level=LEVEL 01 | Name=MHT - PVC - PNEUMATIC TUBE SYSTEMS | System=Other | SizeText=160ø | Width= | Height= | Diameter=160
ELEMENT | 12562342 | Size='160ø' | Width='' | Height='' | Diameter='160' | Statuses=NWB_DimWidth:SKIP; NWB_DimHeight:SKIP; NWB_DimDiameter:OK
INFO | Candidate: NWB_DimDiameter | Scope=instance | Storage=String | ReadOnly=False | Shared=True | Id=7626172
INFO | Candidate: NWB_DimDiameter | Scope=instance | Storage=String | ReadOnly=False | Shared=True | Id=13710673
INFO | Found 2 parameters named NWB_DimDiameter
INFO | SELECTED | Shared Parameter | Scope=instance | ReadOnly=False | Id=13710673
INFO | IGNORED (SharedOnly) | Shared Parameter | Scope=instance | ReadOnly=False | Id=7626172
INFO | Element 12562346 | NWB_DimDiameter | Kind=Shared Parameter | Scope=instance | Storage=String | Old='' | New='160'
SOURCE | Element 12562346 | Cat=Pipes | Family=Pipe Types | Type= | Level=LEVEL 01 | Name=MHT - PVC - PNEUMATIC TUBE SYSTEMS | System=Other | SizeText=160ø | Width= | Height= | Diameter=160
ELEMENT | 12562346 | Size='160ø' | Width='' | Height='' | Diameter='160' | Statuses=NWB_DimWidth:SKIP; NWB_DimHeight:SKIP; NWB_DimDiameter:OK
INFO | Candidate: NWB_DimDiameter | Scope=instance | Storage=String | ReadOnly=False | Shared=True | Id=7626172
INFO | Candidate: NWB_DimDiameter | Scope=instance | Storage=String | ReadOnly=False | Shared=True | Id=13710673
INFO | Found 2 parameters named NWB_DimDiameter
INFO | SELECTED | Shared Parameter | Scope=instance | ReadOnly=False | Id=13710673
INFO | IGNORED (SharedOnly) | Shared Parameter | Scope=instance | ReadOnly=False | Id=7626172
INFO | Element 12562350 | NWB_DimDiameter | Kind=Shared Parameter | Scope=instance | Storage=String | Old='' | New='160'
SOURCE | Element 12562350 | Cat=Pipes | Family=Pipe Types | Type= | Level=LEVEL 01 | Name=MHT - PVC - PNEUMATIC TUBE SYSTEMS | System=Other | SizeText=160ø | Width= | Height= | Diameter=160
ELEMENT | 12562350 | Size='160ø' | Width='' | Height='' | Diameter='160' | Statuses=NWB_DimWidth:SKIP; NWB_DimHeight:SKIP; NWB_DimDiameter:OK
INFO | Candidate: NWB_DimDiameter | Scope=instance | Storage=String | ReadOnly=False | Shared=True | Id=7626172
INFO | Candidate: NWB_DimDiameter | Scope=instance | Storage=String | ReadOnly=False | Shared=True | Id=13710673
INFO | Found 2 parameters named NWB_DimDiameter
INFO | SELECTED | Shared Parameter | Scope=instance | ReadOnly=False | Id=13710673
INFO | IGNORED (SharedOnly) | Shared Parameter | Scope=instance | ReadOnly=False | Id=7626172
INFO | Element 12562354 | NWB_DimDiameter | Kind=Shared Parameter | Scope=instance | Storage=String | Old='' | New='160'
SOURCE | Element 12562354 | Cat=Pipes | Family=Pipe Types | Type= | Level=LEVEL 01 | Name=MHT - PVC - PNEUMATIC TUBE SYSTEMS | System=Other | SizeText=160ø | Width= | Height= | Diameter=160
ELEMENT | 12562354 | Size='160ø' | Width='' | Height='' | Diameter='160' | Statuses=NWB_DimWidth:SKIP; NWB_DimHeight:SKIP; NWB_DimDiameter:OK
INFO | Candidate: NWB_DimDiameter | Scope=instance | Storage=String | ReadOnly=False | Shared=True | Id=7626172
INFO | Candidate: NWB_DimDiameter | Scope=instance | Storage=String | ReadOnly=False | Shared=True | Id=13710673
INFO | Found 2 parameters named NWB_DimDiameter
INFO | SELECTED | Shared Parameter | Scope=instance | ReadOnly=False | Id=13710673
INFO | IGNORED (SharedOnly) | Shared Parameter | Scope=instance | ReadOnly=False | Id=7626172
INFO | Element 12562369 | NWB_DimDiameter | Kind=Shared Parameter | Scope=instance | Storage=String | Old='' | New='160'
SOURCE | Element 12562369 | Cat=Pipes | Family=Pipe Types | Type= | Level=LEVEL 01 | Name=MHT - PVC - PNEUMATIC TUBE SYSTEMS | System=Other | SizeText=160ø | Width= | Height= | Diameter=160
ELEMENT | 12562369 | Size='160ø' | Width='' | Height='' | Diameter='160' | Statuses=NWB_DimWidth:SKIP; NWB_DimHeight:SKIP; NWB_DimDiameter:OK
INFO | Candidate: NWB_DimDiameter | Scope=instance | Storage=String | ReadOnly=False | Shared=True | Id=7626172
INFO | Candidate: NWB_DimDiameter | Scope=instance | Storage=String | ReadOnly=False | Shared=True | Id=13710673
INFO | Found 2 parameters named NWB_DimDiameter
INFO | SELECTED | Shared Parameter | Scope=instance | ReadOnly=False | Id=13710673
INFO | IGNORED (SharedOnly) | Shared Parameter | Scope=instance | ReadOnly=False | Id=7626172
INFO | Element 12562371 | NWB_DimDiameter | Kind=Shared Parameter | Scope=instance | Storage=String | Old='' | New='160'
SOURCE | Element 12562371 | Cat=Pipes | Family=Pipe Types | Type= | Level=LEVEL 01 | Name=MHT - PVC - PNEUMATIC TUBE SYSTEMS | System=Other | SizeText=160ø | Width= | Height= | Diameter=160
ELEMENT | 12562371 | Size='160ø' | Width='' | Height='' | Diameter='160' | Statuses=NWB_DimWidth:SKIP; NWB_DimHeight:SKIP; NWB_DimDiameter:OK
INFO | Candidate: NWB_DimDiameter | Scope=instance | Storage=String | ReadOnly=False | Shared=True | Id=7626172
INFO | Candidate: NWB_DimDiameter | Scope=instance | Storage=String | ReadOnly=False | Shared=True | Id=13710673
INFO | Found 2 parameters named NWB_DimDiameter
INFO | SELECTED | Shared Parameter | Scope=instance | ReadOnly=False | Id=13710673
INFO | IGNORED (SharedOnly) | Shared Parameter | Scope=instance | ReadOnly=False | Id=7626172
INFO | Element 12562388 | NWB_DimDiameter | Kind=Shared Parameter | Scope=instance | Storage=String | Old='' | New='160'
SOURCE | Element 12562388 | Cat=Pipes | Family=Pipe Types | Type= | Level=LEVEL 01 | Name=MHT - PVC - PNEUMATIC TUBE SYSTEMS | System=Other | SizeText=160ø | Width= | Height= | Diameter=160
ELEMENT | 12562388 | Size='160ø' | Width='' | Height='' | Diameter='160' | Statuses=NWB_DimWidth:SKIP; NWB_DimHeight:SKIP; NWB_DimDiameter:OK
INFO | Candidate: NWB_DimDiameter | Scope=instance | Storage=String | ReadOnly=False | Shared=True | Id=7626172
INFO | Candidate: NWB_DimDiameter | Scope=instance | Storage=String | ReadOnly=False | Shared=True | Id=13710673
INFO | Found 2 parameters named NWB_DimDiameter
INFO | SELECTED | Shared Parameter | Scope=instance | ReadOnly=False | Id=13710673
INFO | IGNORED (SharedOnly) | Shared Parameter | Scope=instance | ReadOnly=False | Id=7626172
INFO | Element 12562398 | NWB_DimDiameter | Kind=Shared Parameter | Scope=instance | Storage=String | Old='' | New='160'
SOURCE | Element 12562398 | Cat=Pipes | Family=Pipe Types | Type= | Level=LEVEL 01 | Name=MHT - PVC - PNEUMATIC TUBE SYSTEMS | System=Other | SizeText=160ø | Width= | Height= | Diameter=160
ELEMENT | 12562398 | Size='160ø' | Width='' | Height='' | Diameter='160' | Statuses=NWB_DimWidth:SKIP; NWB_DimHeight:SKIP; NWB_DimDiameter:OK
INFO | Candidate: NWB_DimDiameter | Scope=instance | Storage=String | ReadOnly=False | Shared=True | Id=7626172
INFO | Candidate: NWB_DimDiameter | Scope=instance | Storage=String | ReadOnly=False | Shared=True | Id=13710673
INFO | Found 2 parameters named NWB_DimDiameter
INFO | SELECTED | Shared Parameter | Scope=instance | ReadOnly=False | Id=13710673
INFO | IGNORED (SharedOnly) | Shared Parameter | Scope=instance | ReadOnly=False | Id=7626172
INFO | Element 12562400 | NWB_DimDiameter | Kind=Shared Parameter | Scope=instance | Storage=String | Old='' | New='160'
SOURCE | Element 12562400 | Cat=Pipes | Family=Pipe Types | Type= | Level=LEVEL 01 | Name=MHT - PVC - PNEUMATIC TUBE SYSTEMS | System=Other | SizeText=160ø | Width= | Height= | Diameter=160
ELEMENT | 12562400 | Size='160ø' | Width='' | Height='' | Diameter='160' | Statuses=NWB_DimWidth:SKIP; NWB_DimHeight:SKIP; NWB_DimDiameter:OK
INFO | Candidate: NWB_DimDiameter | Scope=instance | Storage=String | ReadOnly=False | Shared=True | Id=7626172
INFO | Candidate: NWB_DimDiameter | Scope=instance | Storage=String | ReadOnly=False | Shared=True | Id=13710673
INFO | Found 2 parameters named NWB_DimDiameter
INFO | SELECTED | Shared Parameter | Scope=instance | ReadOnly=False | Id=13710673
INFO | IGNORED (SharedOnly) | Shared Parameter | Scope=instance | ReadOnly=False | Id=7626172
INFO | Element 12562404 | NWB_DimDiameter | Kind=Shared Parameter | Scope=instance | Storage=String | Old='' | New='160'
SOURCE | Element 12562404 | Cat=Pipes | Family=Pipe Types | Type= | Level=LEVEL 01 | Name=MHT - PVC - PNEUMATIC TUBE SYSTEMS | System=Other | SizeText=160ø | Width= | Height= | Diameter=160
ELEMENT | 12562404 | Size='160ø' | Width='' | Height='' | Diameter='160' | Statuses=NWB_DimWidth:SKIP; NWB_DimHeight:SKIP; NWB_DimDiameter:OK
INFO | Candidate: NWB_DimDiameter | Scope=instance | Storage=String | ReadOnly=False | Shared=True | Id=7626172
INFO | Candidate: NWB_DimDiameter | Scope=instance | Storage=String | ReadOnly=False | Shared=True | Id=13710673
INFO | Found 2 parameters named NWB_DimDiameter
INFO | SELECTED | Shared Parameter | Scope=instance | ReadOnly=False | Id=13710673
INFO | IGNORED (SharedOnly) | Shared Parameter | Scope=instance | ReadOnly=False | Id=7626172
INFO | Element 12562408 | NWB_DimDiameter | Kind=Shared Parameter | Scope=instance | Storage=String | Old='' | New='160'
SOURCE | Element 12562408 | Cat=Pipes | Family=Pipe Types | Type= | Level=LEVEL 01 | Name=MHT - PVC - PNEUMATIC TUBE SYSTEMS | System=Other | SizeText=160ø | Width= | Height= | Diameter=160
ELEMENT | 12562408 | Size='160ø' | Width='' | Height='' | Diameter='160' | Statuses=NWB_DimWidth:SKIP; NWB_DimHeight:SKIP; NWB_DimDiameter:OK
INFO | Candidate: NWB_DimDiameter | Scope=instance | Storage=String | ReadOnly=False | Shared=True | Id=7626172
INFO | Candidate: NWB_DimDiameter | Scope=instance | Storage=String | ReadOnly=False | Shared=True | Id=13710673
INFO | Found 2 parameters named NWB_DimDiameter
INFO | SELECTED | Shared Parameter | Scope=instance | ReadOnly=False | Id=13710673
INFO | IGNORED (SharedOnly) | Shared Parameter | Scope=instance | ReadOnly=False | Id=7626172
INFO | Element 12562412 | NWB_DimDiameter | Kind=Shared Parameter | Scope=instance | Storage=String | Old='' | New='160'
SOURCE | Element 12562412 | Cat=Pipes | Family=Pipe Types | Type= | Level=LEVEL 01 | Name=MHT - PVC - PNEUMATIC TUBE SYSTEMS | System=Other | SizeText=160ø | Width= | Height= | Diameter=160
ELEMENT | 12562412 | Size='160ø' | Width='' | Height='' | Diameter='160' | Statuses=NWB_DimWidth:SKIP; NWB_DimHeight:SKIP; NWB_DimDiameter:OK
INFO | Candidate: NWB_DimDiameter | Scope=instance | Storage=String | ReadOnly=False | Shared=True | Id=7626172
INFO | Candidate: NWB_DimDiameter | Scope=instance | Storage=String | ReadOnly=False | Shared=True | Id=13710673
INFO | Found 2 parameters named NWB_DimDiameter
INFO | SELECTED | Shared Parameter | Scope=instance | ReadOnly=False | Id=13710673
INFO | IGNORED (SharedOnly) | Shared Parameter | Scope=instance | ReadOnly=False | Id=7626172
INFO | Element 12562414 | NWB_DimDiameter | Kind=Shared Parameter | Scope=instance | Storage=String | Old='' | New='160'
SOURCE | Element 12562414 | Cat=Pipes | Family=Pipe Types | Type= | Level=LEVEL 01 | Name=MHT - PVC - PNEUMATIC TUBE SYSTEMS | System=Other | SizeText=160ø | Width= | Height= | Diameter=160
ELEMENT | 12562414 | Size='160ø' | Width='' | Height='' | Diameter='160' | Statuses=NWB_DimWidth:SKIP; NWB_DimHeight:SKIP; NWB_DimDiameter:OK
INFO | Candidate: NWB_DimDiameter | Scope=instance | Storage=String | ReadOnly=False | Shared=True | Id=7626172
INFO | Candidate: NWB_DimDiameter | Scope=instance | Storage=String | ReadOnly=False | Shared=True | Id=13710673
INFO | Found 2 parameters named NWB_DimDiameter
INFO | SELECTED | Shared Parameter | Scope=instance | ReadOnly=False | Id=13710673
INFO | IGNORED (SharedOnly) | Shared Parameter | Scope=instance | ReadOnly=False | Id=7626172
INFO | Element 12690115 | NWB_DimDiameter | Kind=Shared Parameter | Scope=instance | Storage=String | Old='' | New='160'
SOURCE | Element 12690115 | Cat=Pipes | Family=Pipe Types | Type= | Level=LEVEL 02 | Name=MHT - PVC - PNEUMATIC TUBE SYSTEMS | System=Other | SizeText=160ø | Width= | Height= | Diameter=160
ELEMENT | 12690115 | Size='160ø' | Width='' | Height='' | Diameter='160' | Statuses=NWB_DimWidth:SKIP; NWB_DimHeight:SKIP; NWB_DimDiameter:OK
INFO | Candidate: NWB_DimDiameter | Scope=instance | Storage=String | ReadOnly=False | Shared=True | Id=7626172
INFO | Candidate: NWB_DimDiameter | Scope=instance | Storage=String | ReadOnly=False | Shared=True | Id=13710673
INFO | Found 2 parameters named NWB_DimDiameter
INFO | SELECTED | Shared Parameter | Scope=instance | ReadOnly=False | Id=13710673
INFO | IGNORED (SharedOnly) | Shared Parameter | Scope=instance | ReadOnly=False | Id=7626172
INFO | Element 12690117 | NWB_DimDiameter | Kind=Shared Parameter | Scope=instance | Storage=String | Old='' | New='160'
SOURCE | Element 12690117 | Cat=Pipes | Family=Pipe Types | Type= | Level=LEVEL 02 | Name=MHT - PVC - PNEUMATIC TUBE SYSTEMS | System=Other | SizeText=160ø | Width= | Height= | Diameter=160
ELEMENT | 12690117 | Size='160ø' | Width='' | Height='' | Diameter='160' | Statuses=NWB_DimWidth:SKIP; NWB_DimHeight:SKIP; NWB_DimDiameter:OK
INFO | Candidate: NWB_DimDiameter | Scope=instance | Storage=String | ReadOnly=False | Shared=True | Id=7626172
INFO | Candidate: NWB_DimDiameter | Scope=instance | Storage=String | ReadOnly=False | Shared=True | Id=13710673
INFO | Found 2 parameters named NWB_DimDiameter
INFO | SELECTED | Shared Parameter | Scope=instance | ReadOnly=False | Id=13710673
INFO | IGNORED (SharedOnly) | Shared Parameter | Scope=instance | ReadOnly=False | Id=7626172
INFO | Element 12690121 | NWB_DimDiameter | Kind=Shared Parameter | Scope=instance | Storage=String | Old='' | New='160'
SOURCE | Element 12690121 | Cat=Pipes | Family=Pipe Types | Type= | Level=LEVEL 02 | Name=MHT - PVC - PNEUMATIC TUBE SYSTEMS | System=Other | SizeText=160ø | Width= | Height= | Diameter=160
ELEMENT | 12690121 | Size='160ø' | Width='' | Height='' | Diameter='160' | Statuses=NWB_DimWidth:SKIP; NWB_DimHeight:SKIP; NWB_DimDiameter:OK
INFO | Candidate: NWB_DimDiameter | Scope=instance | Storage=String | ReadOnly=False | Shared=True | Id=7626172
INFO | Candidate: NWB_DimDiameter | Scope=instance | Storage=String | ReadOnly=False | Shared=True | Id=13710673
INFO | Found 2 parameters named NWB_DimDiameter
INFO | SELECTED | Shared Parameter | Scope=instance | ReadOnly=False | Id=13710673
INFO | IGNORED (SharedOnly) | Shared Parameter | Scope=instance | ReadOnly=False | Id=7626172
INFO | Element 12690125 | NWB_DimDiameter | Kind=Shared Parameter | Scope=instance | Storage=String | Old='' | New='160'
SOURCE | Element 12690125 | Cat=Pipes | Family=Pipe Types | Type= | Level=LEVEL 02 | Name=MHT - PVC - PNEUMATIC TUBE SYSTEMS | System=Other | SizeText=160ø | Width= | Height= | Diameter=160
ELEMENT | 12690125 | Size='160ø' | Width='' | Height='' | Diameter='160' | Statuses=NWB_DimWidth:SKIP; NWB_DimHeight:SKIP; NWB_DimDiameter:OK
INFO | Candidate: NWB_DimDiameter | Scope=instance | Storage=String | ReadOnly=False | Shared=True | Id=7626172
INFO | Candidate: NWB_DimDiameter | Scope=instance | Storage=String | ReadOnly=False | Shared=True | Id=13710673
INFO | Found 2 parameters named NWB_DimDiameter
INFO | SELECTED | Shared Parameter | Scope=instance | ReadOnly=False | Id=13710673
INFO | IGNORED (SharedOnly) | Shared Parameter | Scope=instance | ReadOnly=False | Id=7626172
INFO | Element 12690133 | NWB_DimDiameter | Kind=Shared Parameter | Scope=instance | Storage=String | Old='' | New='160'
SOURCE | Element 12690133 | Cat=Pipes | Family=Pipe Types | Type= | Level=LEVEL 02 | Name=MHT - PVC - PNEUMATIC TUBE SYSTEMS | System=Other | SizeText=160ø | Width= | Height= | Diameter=160
ELEMENT | 12690133 | Size='160ø' | Width='' | Height='' | Diameter='160' | Statuses=NWB_DimWidth:SKIP; NWB_DimHeight:SKIP; NWB_DimDiameter:OK
INFO | Candidate: NWB_DimDiameter | Scope=instance | Storage=String | ReadOnly=False | Shared=True | Id=7626172
INFO | Candidate: NWB_DimDiameter | Scope=instance | Storage=String | ReadOnly=False | Shared=True | Id=13710673
INFO | Found 2 parameters named NWB_DimDiameter
INFO | SELECTED | Shared Parameter | Scope=instance | ReadOnly=False | Id=13710673
INFO | IGNORED (SharedOnly) | Shared Parameter | Scope=instance | ReadOnly=False | Id=7626172
INFO | Element 12690137 | NWB_DimDiameter | Kind=Shared Parameter | Scope=instance | Storage=String | Old='' | New='160'
SOURCE | Element 12690137 | Cat=Pipes | Family=Pipe Types | Type= | Level=LEVEL 02 | Name=MHT - PVC - PNEUMATIC TUBE SYSTEMS | System=Other | SizeText=160ø | Width= | Height= | Diameter=160
ELEMENT | 12690137 | Size='160ø' | Width='' | Height='' | Diameter='160' | Statuses=NWB_DimWidth:SKIP; NWB_DimHeight:SKIP; NWB_DimDiameter:OK
INFO | Candidate: NWB_DimDiameter | Scope=instance | Storage=String | ReadOnly=False | Shared=True | Id=7626172
INFO | Candidate: NWB_DimDiameter | Scope=instance | Storage=String | ReadOnly=False | Shared=True | Id=13710673
INFO | Found 2 parameters named NWB_DimDiameter
INFO | SELECTED | Shared Parameter | Scope=instance | ReadOnly=False | Id=13710673
INFO | IGNORED (SharedOnly) | Shared Parameter | Scope=instance | ReadOnly=False | Id=7626172
INFO | Element 12690144 | NWB_DimDiameter | Kind=Shared Parameter | Scope=instance | Storage=String | Old='' | New='160'
SOURCE | Element 12690144 | Cat=Pipes | Family=Pipe Types | Type= | Level=LEVEL 02 | Name=MHT - PVC - PNEUMATIC TUBE SYSTEMS | System=Other | SizeText=160ø | Width= | Height= | Diameter=160
ELEMENT | 12690144 | Size='160ø' | Width='' | Height='' | Diameter='160' | Statuses=NWB_DimWidth:SKIP; NWB_DimHeight:SKIP; NWB_DimDiameter:OK
INFO | Candidate: NWB_DimDiameter | Scope=instance | Storage=String | ReadOnly=False | Shared=True | Id=7626172
INFO | Candidate: NWB_DimDiameter | Scope=instance | Storage=String | ReadOnly=False | Shared=True | Id=13710673
INFO | Found 2 parameters named NWB_DimDiameter
INFO | SELECTED | Shared Parameter | Scope=instance | ReadOnly=False | Id=13710673
INFO | IGNORED (SharedOnly) | Shared Parameter | Scope=instance | ReadOnly=False | Id=7626172
INFO | Element 12690148 | NWB_DimDiameter | Kind=Shared Parameter | Scope=instance | Storage=String | Old='' | New='160'
SOURCE | Element 12690148 | Cat=Pipes | Family=Pipe Types | Type= | Level=LEVEL 02 | Name=MHT - PVC - PNEUMATIC TUBE SYSTEMS | System=Other | SizeText=160ø | Width= | Height= | Diameter=160
ELEMENT | 12690148 | Size='160ø' | Width='' | Height='' | Diameter='160' | Statuses=NWB_DimWidth:SKIP; NWB_DimHeight:SKIP; NWB_DimDiameter:OK
INFO | Candidate: NWB_DimDiameter | Scope=instance | Storage=String | ReadOnly=False | Shared=True | Id=7626172
INFO | Candidate: NWB_DimDiameter | Scope=instance | Storage=String | ReadOnly=False | Shared=True | Id=13710673
INFO | Found 2 parameters named NWB_DimDiameter
INFO | SELECTED | Shared Parameter | Scope=instance | ReadOnly=False | Id=13710673
INFO | IGNORED (SharedOnly) | Shared Parameter | Scope=instance | ReadOnly=False | Id=7626172
INFO | Element 12690152 | NWB_DimDiameter | Kind=Shared Parameter | Scope=instance | Storage=String | Old='' | New='160'
SOURCE | Element 12690152 | Cat=Pipes | Family=Pipe Types | Type= | Level=LEVEL 02 | Name=MHT - PVC - PNEUMATIC TUBE SYSTEMS | System=Other | SizeText=160ø | Width= | Height= | Diameter=160
ELEMENT | 12690152 | Size='160ø' | Width='' | Height='' | Diameter='160' | Statuses=NWB_DimWidth:SKIP; NWB_DimHeight:SKIP; NWB_DimDiameter:OK
INFO | Candidate: NWB_DimDiameter | Scope=instance | Storage=String | ReadOnly=False | Shared=True | Id=7626172
INFO | Candidate: NWB_DimDiameter | Scope=instance | Storage=String | ReadOnly=False | Shared=True | Id=13710673
INFO | Found 2 parameters named NWB_DimDiameter
INFO | SELECTED | Shared Parameter | Scope=instance | ReadOnly=False | Id=13710673
INFO | IGNORED (SharedOnly) | Shared Parameter | Scope=instance | ReadOnly=False | Id=7626172
INFO | Element 12690162 | NWB_DimDiameter | Kind=Shared Parameter | Scope=instance | Storage=String | Old='' | New='160'
SOURCE | Element 12690162 | Cat=Pipes | Family=Pipe Types | Type= | Level=LEVEL 03 | Name=MHT - PVC - PNEUMATIC TUBE SYSTEMS | System=Other | SizeText=160ø | Width= | Height= | Diameter=160
ELEMENT | 12690162 | Size='160ø' | Width='' | Height='' | Diameter='160' | Statuses=NWB_DimWidth:SKIP; NWB_DimHeight:SKIP; NWB_DimDiameter:OK
INFO | Candidate: NWB_DimDiameter | Scope=instance | Storage=String | ReadOnly=False | Shared=True | Id=7626172
INFO | Candidate: NWB_DimDiameter | Scope=instance | Storage=String | ReadOnly=False | Shared=True | Id=13710673
INFO | Found 2 parameters named NWB_DimDiameter
INFO | SELECTED | Shared Parameter | Scope=instance | ReadOnly=False | Id=13710673
INFO | IGNORED (SharedOnly) | Shared Parameter | Scope=instance | ReadOnly=False | Id=7626172
INFO | Element 12690164 | NWB_DimDiameter | Kind=Shared Parameter | Scope=instance | Storage=String | Old='' | New='160'
SOURCE | Element 12690164 | Cat=Pipes | Family=Pipe Types | Type= | Level=LEVEL 03 | Name=MHT - PVC - PNEUMATIC TUBE SYSTEMS | System=Other | SizeText=160ø | Width= | Height= | Diameter=160
ELEMENT | 12690164 | Size='160ø' | Width='' | Height='' | Diameter='160' | Statuses=NWB_DimWidth:SKIP; NWB_DimHeight:SKIP; NWB_DimDiameter:OK
INFO | Candidate: NWB_DimDiameter | Scope=instance | Storage=String | ReadOnly=False | Shared=True | Id=7626172
INFO | Candidate: NWB_DimDiameter | Scope=instance | Storage=String | ReadOnly=False | Shared=True | Id=13710673
INFO | Found 2 parameters named NWB_DimDiameter
INFO | SELECTED | Shared Parameter | Scope=instance | ReadOnly=False | Id=13710673
INFO | IGNORED (SharedOnly) | Shared Parameter | Scope=instance | ReadOnly=False | Id=7626172
INFO | Element 12690177 | NWB_DimDiameter | Kind=Shared Parameter | Scope=instance | Storage=String | Old='' | New='160'
SOURCE | Element 12690177 | Cat=Pipes | Family=Pipe Types | Type= | Level=LEVEL 03 | Name=MHT - PVC - PNEUMATIC TUBE SYSTEMS | System=Other | SizeText=160ø | Width= | Height= | Diameter=160
ELEMENT | 12690177 | Size='160ø' | Width='' | Height='' | Diameter='160' | Statuses=NWB_DimWidth:SKIP; NWB_DimHeight:SKIP; NWB_DimDiameter:OK
INFO | Candidate: NWB_DimDiameter | Scope=instance | Storage=String | ReadOnly=False | Shared=True | Id=7626172
INFO | Candidate: NWB_DimDiameter | Scope=instance | Storage=String | ReadOnly=False | Shared=True | Id=13710673
INFO | Found 2 parameters named NWB_DimDiameter
INFO | SELECTED | Shared Parameter | Scope=instance | ReadOnly=False | Id=13710673
INFO | IGNORED (SharedOnly) | Shared Parameter | Scope=instance | ReadOnly=False | Id=7626172
INFO | Element 12690181 | NWB_DimDiameter | Kind=Shared Parameter | Scope=instance | Storage=String | Old='' | New='160'
SOURCE | Element 12690181 | Cat=Pipes | Family=Pipe Types | Type= | Level=LEVEL 03 | Name=MHT - PVC - PNEUMATIC TUBE SYSTEMS | System=Other | SizeText=160ø | Width= | Height= | Diameter=160
ELEMENT | 12690181 | Size='160ø' | Width='' | Height='' | Diameter='160' | Statuses=NWB_DimWidth:SKIP; NWB_DimHeight:SKIP; NWB_DimDiameter:OK
INFO | Candidate: NWB_DimDiameter | Scope=instance | Storage=String | ReadOnly=False | Shared=True | Id=7626172
INFO | Candidate: NWB_DimDiameter | Scope=instance | Storage=String | ReadOnly=False | Shared=True | Id=13710673
INFO | Found 2 parameters named NWB_DimDiameter
INFO | SELECTED | Shared Parameter | Scope=instance | ReadOnly=False | Id=13710673
INFO | IGNORED (SharedOnly) | Shared Parameter | Scope=instance | ReadOnly=False | Id=7626172
INFO | Element 12690185 | NWB_DimDiameter | Kind=Shared Parameter | Scope=instance | Storage=String | Old='' | New='160'
SOURCE | Element 12690185 | Cat=Pipes | Family=Pipe Types | Type= | Level=LEVEL 03 | Name=MHT - PVC - PNEUMATIC TUBE SYSTEMS | System=Other | SizeText=160ø | Width= | Height= | Diameter=160
ELEMENT | 12690185 | Size='160ø' | Width='' | Height='' | Diameter='160' | Statuses=NWB_DimWidth:SKIP; NWB_DimHeight:SKIP; NWB_DimDiameter:OK
INFO | Candidate: NWB_DimDiameter | Scope=instance | Storage=String | ReadOnly=False | Shared=True | Id=7626172
INFO | Candidate: NWB_DimDiameter | Scope=instance | Storage=String | ReadOnly=False | Shared=True | Id=13710673
INFO | Found 2 parameters named NWB_DimDiameter
INFO | SELECTED | Shared Parameter | Scope=instance | ReadOnly=False | Id=13710673
INFO | IGNORED (SharedOnly) | Shared Parameter | Scope=instance | ReadOnly=False | Id=7626172
INFO | Element 12690191 | NWB_DimDiameter | Kind=Shared Parameter | Scope=instance | Storage=String | Old='' | New='160'
SOURCE | Element 12690191 | Cat=Pipes | Family=Pipe Types | Type= | Level=LEVEL 03 | Name=MHT - PVC - PNEUMATIC TUBE SYSTEMS | System=Other | SizeText=160ø | Width= | Height= | Diameter=160
ELEMENT | 12690191 | Size='160ø' | Width='' | Height='' | Diameter='160' | Statuses=NWB_DimWidth:SKIP; NWB_DimHeight:SKIP; NWB_DimDiameter:OK
INFO | Candidate: NWB_DimDiameter | Scope=instance | Storage=String | ReadOnly=False | Shared=True | Id=7626172
INFO | Candidate: NWB_DimDiameter | Scope=instance | Storage=String | ReadOnly=False | Shared=True | Id=13710673
INFO | Found 2 parameters named NWB_DimDiameter
INFO | SELECTED | Shared Parameter | Scope=instance | ReadOnly=False | Id=13710673
INFO | IGNORED (SharedOnly) | Shared Parameter | Scope=instance | ReadOnly=False | Id=7626172
INFO | Element 12690202 | NWB_DimDiameter | Kind=Shared Parameter | Scope=instance | Storage=String | Old='' | New='160'
SOURCE | Element 12690202 | Cat=Pipes | Family=Pipe Types | Type= | Level=LEVEL 03 | Name=MHT - PVC - PNEUMATIC TUBE SYSTEMS | System=Other | SizeText=160ø | Width= | Height= | Diameter=160
ELEMENT | 12690202 | Size='160ø' | Width='' | Height='' | Diameter='160' | Statuses=NWB_DimWidth:SKIP; NWB_DimHeight:SKIP; NWB_DimDiameter:OK
INFO | Candidate: NWB_DimDiameter | Scope=instance | Storage=String | ReadOnly=False | Shared=True | Id=7626172
INFO | Candidate: NWB_DimDiameter | Scope=instance | Storage=String | ReadOnly=False | Shared=True | Id=13710673
INFO | Found 2 parameters named NWB_DimDiameter
INFO | SELECTED | Shared Parameter | Scope=instance | ReadOnly=False | Id=13710673
INFO | IGNORED (SharedOnly) | Shared Parameter | Scope=instance | ReadOnly=False | Id=7626172
INFO | Element 12690211 | NWB_DimDiameter | Kind=Shared Parameter | Scope=instance | Storage=String | Old='' | New='160'
SOURCE | Element 12690211 | Cat=Pipes | Family=Pipe Types | Type= | Level=LEVEL 03 | Name=MHT - PVC - PNEUMATIC TUBE SYSTEMS | System=Other | SizeText=160ø | Width= | Height= | Diameter=160
ELEMENT | 12690211 | Size='160ø' | Width='' | Height='' | Diameter='160' | Statuses=NWB_DimWidth:SKIP; NWB_DimHeight:SKIP; NWB_DimDiameter:OK
INFO | Candidate: NWB_DimDiameter | Scope=instance | Storage=String | ReadOnly=False | Shared=True | Id=7626172
INFO | Candidate: NWB_DimDiameter | Scope=instance | Storage=String | ReadOnly=False | Shared=True | Id=13710673
INFO | Found 2 parameters named NWB_DimDiameter
INFO | SELECTED | Shared Parameter | Scope=instance | ReadOnly=False | Id=13710673
INFO | IGNORED (SharedOnly) | Shared Parameter | Scope=instance | ReadOnly=False | Id=7626172
INFO | Element 12690213 | NWB_DimDiameter | Kind=Shared Parameter | Scope=instance | Storage=String | Old='' | New='160'
SOURCE | Element 12690213 | Cat=Pipes | Family=Pipe Types | Type= | Level=LEVEL 03 | Name=MHT - PVC - PNEUMATIC TUBE SYSTEMS | System=Other | SizeText=160ø | Width= | Height= | Diameter=160
ELEMENT | 12690213 | Size='160ø' | Width='' | Height='' | Diameter='160' | Statuses=NWB_DimWidth:SKIP; NWB_DimHeight:SKIP; NWB_DimDiameter:OK
INFO | Candidate: NWB_DimDiameter | Scope=instance | Storage=String | ReadOnly=False | Shared=True | Id=7626172
INFO | Candidate: NWB_DimDiameter | Scope=instance | Storage=String | ReadOnly=False | Shared=True | Id=13710673
INFO | Found 2 parameters named NWB_DimDiameter
INFO | SELECTED | Shared Parameter | Scope=instance | ReadOnly=False | Id=13710673
INFO | IGNORED (SharedOnly) | Shared Parameter | Scope=instance | ReadOnly=False | Id=7626172
INFO | Element 12690217 | NWB_DimDiameter | Kind=Shared Parameter | Scope=instance | Storage=String | Old='' | New='160'
SOURCE | Element 12690217 | Cat=Pipes | Family=Pipe Types | Type= | Level=LEVEL 03 | Name=MHT - PVC - PNEUMATIC TUBE SYSTEMS | System=Other | SizeText=160ø | Width= | Height= | Diameter=160
ELEMENT | 12690217 | Size='160ø' | Width='' | Height='' | Diameter='160' | Statuses=NWB_DimWidth:SKIP; NWB_DimHeight:SKIP; NWB_DimDiameter:OK
INFO | Candidate: NWB_DimDiameter | Scope=instance | Storage=String | ReadOnly=False | Shared=True | Id=7626172
INFO | Candidate: NWB_DimDiameter | Scope=instance | Storage=String | ReadOnly=False | Shared=True | Id=13710673
INFO | Found 2 parameters named NWB_DimDiameter
INFO | SELECTED | Shared Parameter | Scope=instance | ReadOnly=False | Id=13710673
INFO | IGNORED (SharedOnly) | Shared Parameter | Scope=instance | ReadOnly=False | Id=7626172
INFO | Element 12690221 | NWB_DimDiameter | Kind=Shared Parameter | Scope=instance | Storage=String | Old='' | New='160'
SOURCE | Element 12690221 | Cat=Pipes | Family=Pipe Types | Type= | Level=LEVEL 03 | Name=MHT - PVC - PNEUMATIC TUBE SYSTEMS | System=Other | SizeText=160ø | Width= | Height= | Diameter=160
ELEMENT | 12690221 | Size='160ø' | Width='' | Height='' | Diameter='160' | Statuses=NWB_DimWidth:SKIP; NWB_DimHeight:SKIP; NWB_DimDiameter:OK
INFO | Candidate: NWB_DimDiameter | Scope=instance | Storage=String | ReadOnly=False | Shared=True | Id=7626172
INFO | Candidate: NWB_DimDiameter | Scope=instance | Storage=String | ReadOnly=False | Shared=True | Id=13710673
INFO | Found 2 parameters named NWB_DimDiameter
INFO | SELECTED | Shared Parameter | Scope=instance | ReadOnly=False | Id=13710673
INFO | IGNORED (SharedOnly) | Shared Parameter | Scope=instance | ReadOnly=False | Id=7626172
INFO | Element 12690225 | NWB_DimDiameter | Kind=Shared Parameter | Scope=instance | Storage=String | Old='' | New='160'
SOURCE | Element 12690225 | Cat=Pipes | Family=Pipe Types | Type= | Level=LEVEL 03 | Name=MHT - PVC - PNEUMATIC TUBE SYSTEMS | System=Other | SizeText=160ø | Width= | Height= | Diameter=160
ELEMENT | 12690225 | Size='160ø' | Width='' | Height='' | Diameter='160' | Statuses=NWB_DimWidth:SKIP; NWB_DimHeight:SKIP; NWB_DimDiameter:OK
INFO | Candidate: NWB_DimDiameter | Scope=instance | Storage=String | ReadOnly=False | Shared=True | Id=7626172
INFO | Candidate: NWB_DimDiameter | Scope=instance | Storage=String | ReadOnly=False | Shared=True | Id=13710673
INFO | Found 2 parameters named NWB_DimDiameter
INFO | SELECTED | Shared Parameter | Scope=instance | ReadOnly=False | Id=13710673
INFO | IGNORED (SharedOnly) | Shared Parameter | Scope=instance | ReadOnly=False | Id=7626172
INFO | Element 12690227 | NWB_DimDiameter | Kind=Shared Parameter | Scope=instance | Storage=String | Old='' | New='160'
SOURCE | Element 12690227 | Cat=Pipes | Family=Pipe Types | Type= | Level=LEVEL 03 | Name=MHT - PVC - PNEUMATIC TUBE SYSTEMS | System=Other | SizeText=160ø | Width= | Height= | Diameter=160
ELEMENT | 12690227 | Size='160ø' | Width='' | Height='' | Diameter='160' | Statuses=NWB_DimWidth:SKIP; NWB_DimHeight:SKIP; NWB_DimDiameter:OK
INFO | Candidate: NWB_DimDiameter | Scope=instance | Storage=String | ReadOnly=False | Shared=True | Id=7626172
INFO | Candidate: NWB_DimDiameter | Scope=instance | Storage=String | ReadOnly=False | Shared=True | Id=13710673
INFO | Found 2 parameters named NWB_DimDiameter
INFO | SELECTED | Shared Parameter | Scope=instance | ReadOnly=False | Id=13710673
INFO | IGNORED (SharedOnly) | Shared Parameter | Scope=instance | ReadOnly=False | Id=7626172
INFO | Element 12690231 | NWB_DimDiameter | Kind=Shared Parameter | Scope=instance | Storage=String | Old='' | New='160'
SOURCE | Element 12690231 | Cat=Pipes | Family=Pipe Types | Type= | Level=LEVEL 03 | Name=MHT - PVC - PNEUMATIC TUBE SYSTEMS | System=Other | SizeText=160ø | Width= | Height= | Diameter=160
ELEMENT | 12690231 | Size='160ø' | Width='' | Height='' | Diameter='160' | Statuses=NWB_DimWidth:SKIP; NWB_DimHeight:SKIP; NWB_DimDiameter:OK
INFO | Candidate: NWB_DimDiameter | Scope=instance | Storage=String | ReadOnly=False | Shared=True | Id=7626172
INFO | Candidate: NWB_DimDiameter | Scope=instance | Storage=String | ReadOnly=False | Shared=True | Id=13710673
INFO | Found 2 parameters named NWB_DimDiameter
INFO | SELECTED | Shared Parameter | Scope=instance | ReadOnly=False | Id=13710673
INFO | IGNORED (SharedOnly) | Shared Parameter | Scope=instance | ReadOnly=False | Id=7626172
INFO | Element 12690235 | NWB_DimDiameter | Kind=Shared Parameter | Scope=instance | Storage=String | Old='' | New='160'
SOURCE | Element 12690235 | Cat=Pipes | Family=Pipe Types | Type= | Level=LEVEL 03 | Name=MHT - PVC - PNEUMATIC TUBE SYSTEMS | System=Other | SizeText=160ø | Width= | Height= | Diameter=160
ELEMENT | 12690235 | Size='160ø' | Width='' | Height='' | Diameter='160' | Statuses=NWB_DimWidth:SKIP; NWB_DimHeight:SKIP; NWB_DimDiameter:OK
INFO | Candidate: NWB_DimDiameter | Scope=instance | Storage=String | ReadOnly=False | Shared=True | Id=7626172
INFO | Candidate: NWB_DimDiameter | Scope=instance | Storage=String | ReadOnly=False | Shared=True | Id=13710673
INFO | Found 2 parameters named NWB_DimDiameter
INFO | SELECTED | Shared Parameter | Scope=instance | ReadOnly=False | Id=13710673
INFO | IGNORED (SharedOnly) | Shared Parameter | Scope=instance | ReadOnly=False | Id=7626172
INFO | Element 12692963 | NWB_DimDiameter | Kind=Shared Parameter | Scope=instance | Storage=String | Old='' | New='160'
SOURCE | Element 12692963 | Cat=Pipes | Family=Pipe Types | Type= | Level=LEVEL 03 | Name=MHT - PVC - PNEUMATIC TUBE SYSTEMS | System=Other | SizeText=160ø | Width= | Height= | Diameter=160
ELEMENT | 12692963 | Size='160ø' | Width='' | Height='' | Diameter='160' | Statuses=NWB_DimWidth:SKIP; NWB_DimHeight:SKIP; NWB_DimDiameter:OK
INFO | Candidate: NWB_DimDiameter | Scope=instance | Storage=String | ReadOnly=False | Shared=True | Id=7626172
INFO | Candidate: NWB_DimDiameter | Scope=instance | Storage=String | ReadOnly=False | Shared=True | Id=13710673
INFO | Found 2 parameters named NWB_DimDiameter
INFO | SELECTED | Shared Parameter | Scope=instance | ReadOnly=False | Id=13710673
INFO | IGNORED (SharedOnly) | Shared Parameter | Scope=instance | ReadOnly=False | Id=7626172
INFO | Element 12692967 | NWB_DimDiameter | Kind=Shared Parameter | Scope=instance | Storage=String | Old='' | New='160'
SOURCE | Element 12692967 | Cat=Pipes | Family=Pipe Types | Type= | Level=LEVEL 03 | Name=MHT - PVC - PNEUMATIC TUBE SYSTEMS | System=Other | SizeText=160ø | Width= | Height= | Diameter=160
ELEMENT | 12692967 | Size='160ø' | Width='' | Height='' | Diameter='160' | Statuses=NWB_DimWidth:SKIP; NWB_DimHeight:SKIP; NWB_DimDiameter:OK
INFO | Candidate: NWB_DimDiameter | Scope=instance | Storage=String | ReadOnly=False | Shared=True | Id=7626172
INFO | Candidate: NWB_DimDiameter | Scope=instance | Storage=String | ReadOnly=False | Shared=True | Id=13710673
INFO | Found 2 parameters named NWB_DimDiameter
INFO | SELECTED | Shared Parameter | Scope=instance | ReadOnly=False | Id=13710673
INFO | IGNORED (SharedOnly) | Shared Parameter | Scope=instance | ReadOnly=False | Id=7626172
INFO | Element 12692976 | NWB_DimDiameter | Kind=Shared Parameter | Scope=instance | Storage=String | Old='' | New='160'
SOURCE | Element 12692976 | Cat=Pipes | Family=Pipe Types | Type= | Level=LEVEL 03 | Name=MHT - PVC - PNEUMATIC TUBE SYSTEMS | System=Other | SizeText=160ø | Width= | Height= | Diameter=160
ELEMENT | 12692976 | Size='160ø' | Width='' | Height='' | Diameter='160' | Statuses=NWB_DimWidth:SKIP; NWB_DimHeight:SKIP; NWB_DimDiameter:OK
INFO | Candidate: NWB_DimDiameter | Scope=instance | Storage=String | ReadOnly=False | Shared=True | Id=7626172
INFO | Candidate: NWB_DimDiameter | Scope=instance | Storage=String | ReadOnly=False | Shared=True | Id=13710673
INFO | Found 2 parameters named NWB_DimDiameter
INFO | SELECTED | Shared Parameter | Scope=instance | ReadOnly=False | Id=13710673
INFO | IGNORED (SharedOnly) | Shared Parameter | Scope=instance | ReadOnly=False | Id=7626172
INFO | Element 12692978 | NWB_DimDiameter | Kind=Shared Parameter | Scope=instance | Storage=String | Old='' | New='160'
SOURCE | Element 12692978 | Cat=Pipes | Family=Pipe Types | Type= | Level=LEVEL 03 | Name=MHT - PVC - PNEUMATIC TUBE SYSTEMS | System=Other | SizeText=160ø | Width= | Height= | Diameter=160
ELEMENT | 12692978 | Size='160ø' | Width='' | Height='' | Diameter='160' | Statuses=NWB_DimWidth:SKIP; NWB_DimHeight:SKIP; NWB_DimDiameter:OK
INFO | Candidate: NWB_DimDiameter | Scope=instance | Storage=String | ReadOnly=False | Shared=True | Id=7626172
INFO | Candidate: NWB_DimDiameter | Scope=instance | Storage=String | ReadOnly=False | Shared=True | Id=13710673
INFO | Found 2 parameters named NWB_DimDiameter
INFO | SELECTED | Shared Parameter | Scope=instance | ReadOnly=False | Id=13710673
INFO | IGNORED (SharedOnly) | Shared Parameter | Scope=instance | ReadOnly=False | Id=7626172
INFO | Element 12692987 | NWB_DimDiameter | Kind=Shared Parameter | Scope=instance | Storage=String | Old='' | New='160'
SOURCE | Element 12692987 | Cat=Pipes | Family=Pipe Types | Type= | Level=LEVEL 03 | Name=MHT - PVC - PNEUMATIC TUBE SYSTEMS | System=Other | SizeText=160ø | Width= | Height= | Diameter=160
ELEMENT | 12692987 | Size='160ø' | Width='' | Height='' | Diameter='160' | Statuses=NWB_DimWidth:SKIP; NWB_DimHeight:SKIP; NWB_DimDiameter:OK
INFO | Candidate: NWB_DimDiameter | Scope=instance | Storage=String | ReadOnly=False | Shared=True | Id=7626172
INFO | Candidate: NWB_DimDiameter | Scope=instance | Storage=String | ReadOnly=False | Shared=True | Id=13710673
INFO | Found 2 parameters named NWB_DimDiameter
INFO | SELECTED | Shared Parameter | Scope=instance | ReadOnly=False | Id=13710673
INFO | IGNORED (SharedOnly) | Shared Parameter | Scope=instance | ReadOnly=False | Id=7626172
INFO | Element 12692994 | NWB_DimDiameter | Kind=Shared Parameter | Scope=instance | Storage=String | Old='' | New='160'
SOURCE | Element 12692994 | Cat=Pipes | Family=Pipe Types | Type= | Level=LEVEL 03 | Name=MHT - PVC - PNEUMATIC TUBE SYSTEMS | System=Other | SizeText=160ø | Width= | Height= | Diameter=160
ELEMENT | 12692994 | Size='160ø' | Width='' | Height='' | Diameter='160' | Statuses=NWB_DimWidth:SKIP; NWB_DimHeight:SKIP; NWB_DimDiameter:OK
INFO | Candidate: NWB_DimDiameter | Scope=instance | Storage=String | ReadOnly=False | Shared=True | Id=7626172
INFO | Candidate: NWB_DimDiameter | Scope=instance | Storage=String | ReadOnly=False | Shared=True | Id=13710673
INFO | Found 2 parameters named NWB_DimDiameter
INFO | SELECTED | Shared Parameter | Scope=instance | ReadOnly=False | Id=13710673
INFO | IGNORED (SharedOnly) | Shared Parameter | Scope=instance | ReadOnly=False | Id=7626172
INFO | Element 12692996 | NWB_DimDiameter | Kind=Shared Parameter | Scope=instance | Storage=String | Old='' | New='160'
SOURCE | Element 12692996 | Cat=Pipes | Family=Pipe Types | Type= | Level=LEVEL 03 | Name=MHT - PVC - PNEUMATIC TUBE SYSTEMS | System=Other | SizeText=160ø | Width= | Height= | Diameter=160
ELEMENT | 12692996 | Size='160ø' | Width='' | Height='' | Diameter='160' | Statuses=NWB_DimWidth:SKIP; NWB_DimHeight:SKIP; NWB_DimDiameter:OK
INFO | Candidate: NWB_DimDiameter | Scope=instance | Storage=String | ReadOnly=False | Shared=True | Id=7626172
INFO | Candidate: NWB_DimDiameter | Scope=instance | Storage=String | ReadOnly=False | Shared=True | Id=13710673
INFO | Found 2 parameters named NWB_DimDiameter
INFO | SELECTED | Shared Parameter | Scope=instance | ReadOnly=False | Id=13710673
INFO | IGNORED (SharedOnly) | Shared Parameter | Scope=instance | ReadOnly=False | Id=7626172
INFO | Element 12693000 | NWB_DimDiameter | Kind=Shared Parameter | Scope=instance | Storage=String | Old='' | New='160'
SOURCE | Element 12693000 | Cat=Pipes | Family=Pipe Types | Type= | Level=LEVEL 03 | Name=MHT - PVC - PNEUMATIC TUBE SYSTEMS | System=Other | SizeText=160ø | Width= | Height= | Diameter=160
ELEMENT | 12693000 | Size='160ø' | Width='' | Height='' | Diameter='160' | Statuses=NWB_DimWidth:SKIP; NWB_DimHeight:SKIP; NWB_DimDiameter:OK
INFO | Candidate: NWB_DimDiameter | Scope=instance | Storage=String | ReadOnly=False | Shared=True | Id=7626172
INFO | Candidate: NWB_DimDiameter | Scope=instance | Storage=String | ReadOnly=False | Shared=True | Id=13710673
INFO | Found 2 parameters named NWB_DimDiameter
INFO | SELECTED | Shared Parameter | Scope=instance | ReadOnly=False | Id=13710673
INFO | IGNORED (SharedOnly) | Shared Parameter | Scope=instance | ReadOnly=False | Id=7626172
INFO | Element 12693004 | NWB_DimDiameter | Kind=Shared Parameter | Scope=instance | Storage=String | Old='' | New='160'
SOURCE | Element 12693004 | Cat=Pipes | Family=Pipe Types | Type= | Level=LEVEL 03 | Name=MHT - PVC - PNEUMATIC TUBE SYSTEMS | System=Other | SizeText=160ø | Width= | Height= | Diameter=160
ELEMENT | 12693004 | Size='160ø' | Width='' | Height='' | Diameter='160' | Statuses=NWB_DimWidth:SKIP; NWB_DimHeight:SKIP; NWB_DimDiameter:OK
INFO | Candidate: NWB_DimDiameter | Scope=instance | Storage=String | ReadOnly=False | Shared=True | Id=7626172
INFO | Candidate: NWB_DimDiameter | Scope=instance | Storage=String | ReadOnly=False | Shared=True | Id=13710673
INFO | Found 2 parameters named NWB_DimDiameter
INFO | SELECTED | Shared Parameter | Scope=instance | ReadOnly=False | Id=13710673
INFO | IGNORED (SharedOnly) | Shared Parameter | Scope=instance | ReadOnly=False | Id=7626172
INFO | Element 12693008 | NWB_DimDiameter | Kind=Shared Parameter | Scope=instance | Storage=String | Old='' | New='160'
SOURCE | Element 12693008 | Cat=Pipes | Family=Pipe Types | Type= | Level=LEVEL 03 | Name=MHT - PVC - PNEUMATIC TUBE SYSTEMS | System=Other | SizeText=160ø | Width= | Height= | Diameter=160
ELEMENT | 12693008 | Size='160ø' | Width='' | Height='' | Diameter='160' | Statuses=NWB_DimWidth:SKIP; NWB_DimHeight:SKIP; NWB_DimDiameter:OK
INFO | Candidate: NWB_DimDiameter | Scope=instance | Storage=String | ReadOnly=False | Shared=True | Id=7626172
INFO | Candidate: NWB_DimDiameter | Scope=instance | Storage=String | ReadOnly=False | Shared=True | Id=13710673
INFO | Found 2 parameters named NWB_DimDiameter
INFO | SELECTED | Shared Parameter | Scope=instance | ReadOnly=False | Id=13710673
INFO | IGNORED (SharedOnly) | Shared Parameter | Scope=instance | ReadOnly=False | Id=7626172
INFO | Element 12693012 | NWB_DimDiameter | Kind=Shared Parameter | Scope=instance | Storage=String | Old='' | New='160'
SOURCE | Element 12693012 | Cat=Pipes | Family=Pipe Types | Type= | Level=LEVEL 03 | Name=MHT - PVC - PNEUMATIC TUBE SYSTEMS | System=Other | SizeText=160ø | Width= | Height= | Diameter=160
ELEMENT | 12693012 | Size='160ø' | Width='' | Height='' | Diameter='160' | Statuses=NWB_DimWidth:SKIP; NWB_DimHeight:SKIP; NWB_DimDiameter:OK
INFO | Candidate: NWB_DimDiameter | Scope=instance | Storage=String | ReadOnly=False | Shared=True | Id=7626172
INFO | Candidate: NWB_DimDiameter | Scope=instance | Storage=String | ReadOnly=False | Shared=True | Id=13710673
INFO | Found 2 parameters named NWB_DimDiameter
INFO | SELECTED | Shared Parameter | Scope=instance | ReadOnly=False | Id=13710673
INFO | IGNORED (SharedOnly) | Shared Parameter | Scope=instance | ReadOnly=False | Id=7626172
INFO | Element 12693016 | NWB_DimDiameter | Kind=Shared Parameter | Scope=instance | Storage=String | Old='' | New='160'
SOURCE | Element 12693016 | Cat=Pipes | Family=Pipe Types | Type= | Level=LEVEL 03 | Name=MHT - PVC - PNEUMATIC TUBE SYSTEMS | System=Other | SizeText=160ø | Width= | Height= | Diameter=160
ELEMENT | 12693016 | Size='160ø' | Width='' | Height='' | Diameter='160' | Statuses=NWB_DimWidth:SKIP; NWB_DimHeight:SKIP; NWB_DimDiameter:OK
INFO | Candidate: NWB_DimDiameter | Scope=instance | Storage=String | ReadOnly=False | Shared=True | Id=7626172
INFO | Candidate: NWB_DimDiameter | Scope=instance | Storage=String | ReadOnly=False | Shared=True | Id=13710673
INFO | Found 2 parameters named NWB_DimDiameter
INFO | SELECTED | Shared Parameter | Scope=instance | ReadOnly=False | Id=13710673
INFO | IGNORED (SharedOnly) | Shared Parameter | Scope=instance | ReadOnly=False | Id=7626172
INFO | Element 12693023 | NWB_DimDiameter | Kind=Shared Parameter | Scope=instance | Storage=String | Old='' | New='160'
SOURCE | Element 12693023 | Cat=Pipes | Family=Pipe Types | Type= | Level=LEVEL 04 | Name=MHT - PVC - PNEUMATIC TUBE SYSTEMS | System=Other | SizeText=160ø | Width= | Height= | Diameter=160
ELEMENT | 12693023 | Size='160ø' | Width='' | Height='' | Diameter='160' | Statuses=NWB_DimWidth:SKIP; NWB_DimHeight:SKIP; NWB_DimDiameter:OK
INFO | Candidate: NWB_DimDiameter | Scope=instance | Storage=String | ReadOnly=False | Shared=True | Id=7626172
INFO | Candidate: NWB_DimDiameter | Scope=instance | Storage=String | ReadOnly=False | Shared=True | Id=13710673
INFO | Found 2 parameters named NWB_DimDiameter
INFO | SELECTED | Shared Parameter | Scope=instance | ReadOnly=False | Id=13710673
INFO | IGNORED (SharedOnly) | Shared Parameter | Scope=instance | ReadOnly=False | Id=7626172
INFO | Element 12693032 | NWB_DimDiameter | Kind=Shared Parameter | Scope=instance | Storage=String | Old='' | New='160'
SOURCE | Element 12693032 | Cat=Pipes | Family=Pipe Types | Type= | Level=LEVEL 04 | Name=MHT - PVC - PNEUMATIC TUBE SYSTEMS | System=Other | SizeText=160ø | Width= | Height= | Diameter=160
ELEMENT | 12693032 | Size='160ø' | Width='' | Height='' | Diameter='160' | Statuses=NWB_DimWidth:SKIP; NWB_DimHeight:SKIP; NWB_DimDiameter:OK
INFO | Candidate: NWB_DimDiameter | Scope=instance | Storage=String | ReadOnly=False | Shared=True | Id=7626172
INFO | Candidate: NWB_DimDiameter | Scope=instance | Storage=String | ReadOnly=False | Shared=True | Id=13710673
INFO | Found 2 parameters named NWB_DimDiameter
INFO | SELECTED | Shared Parameter | Scope=instance | ReadOnly=False | Id=13710673
INFO | IGNORED (SharedOnly) | Shared Parameter | Scope=instance | ReadOnly=False | Id=7626172
INFO | Element 12693040 | NWB_DimDiameter | Kind=Shared Parameter | Scope=instance | Storage=String | Old='' | New='160'
SOURCE | Element 12693040 | Cat=Pipes | Family=Pipe Types | Type= | Level=LEVEL 04 | Name=MHT - PVC - PNEUMATIC TUBE SYSTEMS | System=Other | SizeText=160ø | Width= | Height= | Diameter=160
ELEMENT | 12693040 | Size='160ø' | Width='' | Height='' | Diameter='160' | Statuses=NWB_DimWidth:SKIP; NWB_DimHeight:SKIP; NWB_DimDiameter:OK
INFO | Candidate: NWB_DimDiameter | Scope=instance | Storage=String | ReadOnly=False | Shared=True | Id=7626172
INFO | Candidate: NWB_DimDiameter | Scope=instance | Storage=String | ReadOnly=False | Shared=True | Id=13710673
INFO | Found 2 parameters named NWB_DimDiameter
INFO | SELECTED | Shared Parameter | Scope=instance | ReadOnly=False | Id=13710673
INFO | IGNORED (SharedOnly) | Shared Parameter | Scope=instance | ReadOnly=False | Id=7626172
INFO | Element 12693048 | NWB_DimDiameter | Kind=Shared Parameter | Scope=instance | Storage=String | Old='' | New='160'
SOURCE | Element 12693048 | Cat=Pipes | Family=Pipe Types | Type= | Level=LEVEL 04 | Name=MHT - PVC - PNEUMATIC TUBE SYSTEMS | System=Other | SizeText=160ø | Width= | Height= | Diameter=160
ELEMENT | 12693048 | Size='160ø' | Width='' | Height='' | Diameter='160' | Statuses=NWB_DimWidth:SKIP; NWB_DimHeight:SKIP; NWB_DimDiameter:OK
INFO | Candidate: NWB_DimDiameter | Scope=instance | Storage=String | ReadOnly=False | Shared=True | Id=7626172
INFO | Candidate: NWB_DimDiameter | Scope=instance | Storage=String | ReadOnly=False | Shared=True | Id=13710673
INFO | Found 2 parameters named NWB_DimDiameter
INFO | SELECTED | Shared Parameter | Scope=instance | ReadOnly=False | Id=13710673
INFO | IGNORED (SharedOnly) | Shared Parameter | Scope=instance | ReadOnly=False | Id=7626172
INFO | Element 12693050 | NWB_DimDiameter | Kind=Shared Parameter | Scope=instance | Storage=String | Old='' | New='160'
SOURCE | Element 12693050 | Cat=Pipes | Family=Pipe Types | Type= | Level=LEVEL 04 | Name=MHT - PVC - PNEUMATIC TUBE SYSTEMS | System=Other | SizeText=160ø | Width= | Height= | Diameter=160
ELEMENT | 12693050 | Size='160ø' | Width='' | Height='' | Diameter='160' | Statuses=NWB_DimWidth:SKIP; NWB_DimHeight:SKIP; NWB_DimDiameter:OK
INFO | Candidate: NWB_DimDiameter | Scope=instance | Storage=String | ReadOnly=False | Shared=True | Id=7626172
INFO | Candidate: NWB_DimDiameter | Scope=instance | Storage=String | ReadOnly=False | Shared=True | Id=13710673
INFO | Found 2 parameters named NWB_DimDiameter
INFO | SELECTED | Shared Parameter | Scope=instance | ReadOnly=False | Id=13710673
INFO | IGNORED (SharedOnly) | Shared Parameter | Scope=instance | ReadOnly=False | Id=7626172
INFO | Element 12693054 | NWB_DimDiameter | Kind=Shared Parameter | Scope=instance | Storage=String | Old='' | New='160'
SOURCE | Element 12693054 | Cat=Pipes | Family=Pipe Types | Type= | Level=LEVEL 04 | Name=MHT - PVC - PNEUMATIC TUBE SYSTEMS | System=Other | SizeText=160ø | Width= | Height= | Diameter=160
ELEMENT | 12693054 | Size='160ø' | Width='' | Height='' | Diameter='160' | Statuses=NWB_DimWidth:SKIP; NWB_DimHeight:SKIP; NWB_DimDiameter:OK
INFO | Candidate: NWB_DimDiameter | Scope=instance | Storage=String | ReadOnly=False | Shared=True | Id=7626172
INFO | Candidate: NWB_DimDiameter | Scope=instance | Storage=String | ReadOnly=False | Shared=True | Id=13710673
INFO | Found 2 parameters named NWB_DimDiameter
INFO | SELECTED | Shared Parameter | Scope=instance | ReadOnly=False | Id=13710673
INFO | IGNORED (SharedOnly) | Shared Parameter | Scope=instance | ReadOnly=False | Id=7626172
INFO | Element 12693072 | NWB_DimDiameter | Kind=Shared Parameter | Scope=instance | Storage=String | Old='' | New='160'
SOURCE | Element 12693072 | Cat=Pipes | Family=Pipe Types | Type= | Level=LEVEL 04 | Name=MHT - PVC - PNEUMATIC TUBE SYSTEMS | System=Other | SizeText=160ø | Width= | Height= | Diameter=160
ELEMENT | 12693072 | Size='160ø' | Width='' | Height='' | Diameter='160' | Statuses=NWB_DimWidth:SKIP; NWB_DimHeight:SKIP; NWB_DimDiameter:OK
INFO | Transaction Status = Committed
CHUNK COMMIT | Status=Committed | Processed=120
INFO | VERIFY OK | Element 12557408 | Parameter=NWB_DimDiameter | Kind=Shared Parameter | Scope=instance | Id=13710673 | Actual='160'
INFO | VERIFY OK | Element 12557412 | Parameter=NWB_DimDiameter | Kind=Shared Parameter | Scope=instance | Id=13710673 | Actual='160'
INFO | VERIFY OK | Element 12557416 | Parameter=NWB_DimDiameter | Kind=Shared Parameter | Scope=instance | Id=13710673 | Actual='160'
INFO | VERIFY OK | Element 12557424 | Parameter=NWB_DimDiameter | Kind=Shared Parameter | Scope=instance | Id=13710673 | Actual='160'
INFO | VERIFY OK | Element 12557426 | Parameter=NWB_DimDiameter | Kind=Shared Parameter | Scope=instance | Id=13710673 | Actual='160'
INFO | VERIFY OK | Element 12557440 | Parameter=NWB_DimDiameter | Kind=Shared Parameter | Scope=instance | Id=13710673 | Actual='160'
INFO | VERIFY OK | Element 12557447 | Parameter=NWB_DimDiameter | Kind=Shared Parameter | Scope=instance | Id=13710673 | Actual='160'
INFO | VERIFY OK | Element 12557451 | Parameter=NWB_DimDiameter | Kind=Shared Parameter | Scope=instance | Id=13710673 | Actual='160'
INFO | VERIFY OK | Element 12557459 | Parameter=NWB_DimDiameter | Kind=Shared Parameter | Scope=instance | Id=13710673 | Actual='160'
INFO | VERIFY OK | Element 12557461 | Parameter=NWB_DimDiameter | Kind=Shared Parameter | Scope=instance | Id=13710673 | Actual='160'
INFO | VERIFY OK | Element 12557465 | Parameter=NWB_DimDiameter | Kind=Shared Parameter | Scope=instance | Id=13710673 | Actual='160'
INFO | VERIFY OK | Element 12562305 | Parameter=NWB_DimDiameter | Kind=Shared Parameter | Scope=instance | Id=13710673 | Actual='160'
INFO | VERIFY OK | Element 12562309 | Parameter=NWB_DimDiameter | Kind=Shared Parameter | Scope=instance | Id=13710673 | Actual='160'
INFO | VERIFY OK | Element 12562312 | Parameter=NWB_DimDiameter | Kind=Shared Parameter | Scope=instance | Id=13710673 | Actual='160'
INFO | VERIFY OK | Element 12562316 | Parameter=NWB_DimDiameter | Kind=Shared Parameter | Scope=instance | Id=13710673 | Actual='160'
INFO | VERIFY OK | Element 12562318 | Parameter=NWB_DimDiameter | Kind=Shared Parameter | Scope=instance | Id=13710673 | Actual='160'
INFO | VERIFY OK | Element 12562322 | Parameter=NWB_DimDiameter | Kind=Shared Parameter | Scope=instance | Id=13710673 | Actual='160'
INFO | VERIFY OK | Element 12562326 | Parameter=NWB_DimDiameter | Kind=Shared Parameter | Scope=instance | Id=13710673 | Actual='160'
INFO | VERIFY OK | Element 12562338 | Parameter=NWB_DimDiameter | Kind=Shared Parameter | Scope=instance | Id=13710673 | Actual='160'
INFO | VERIFY OK | Element 12562342 | Parameter=NWB_DimDiameter | Kind=Shared Parameter | Scope=instance | Id=13710673 | Actual='160'
INFO | VERIFY OK | Element 12562346 | Parameter=NWB_DimDiameter | Kind=Shared Parameter | Scope=instance | Id=13710673 | Actual='160'
INFO | VERIFY OK | Element 12562350 | Parameter=NWB_DimDiameter | Kind=Shared Parameter | Scope=instance | Id=13710673 | Actual='160'
INFO | VERIFY OK | Element 12562354 | Parameter=NWB_DimDiameter | Kind=Shared Parameter | Scope=instance | Id=13710673 | Actual='160'
INFO | VERIFY OK | Element 12562369 | Parameter=NWB_DimDiameter | Kind=Shared Parameter | Scope=instance | Id=13710673 | Actual='160'
INFO | VERIFY OK | Element 12562371 | Parameter=NWB_DimDiameter | Kind=Shared Parameter | Scope=instance | Id=13710673 | Actual='160'
INFO | VERIFY OK | Element 12562388 | Parameter=NWB_DimDiameter | Kind=Shared Parameter | Scope=instance | Id=13710673 | Actual='160'
INFO | VERIFY OK | Element 12562398 | Parameter=NWB_DimDiameter | Kind=Shared Parameter | Scope=instance | Id=13710673 | Actual='160'
INFO | VERIFY OK | Element 12562400 | Parameter=NWB_DimDiameter | Kind=Shared Parameter | Scope=instance | Id=13710673 | Actual='160'
INFO | VERIFY OK | Element 12562404 | Parameter=NWB_DimDiameter | Kind=Shared Parameter | Scope=instance | Id=13710673 | Actual='160'
INFO | VERIFY OK | Element 12562408 | Parameter=NWB_DimDiameter | Kind=Shared Parameter | Scope=instance | Id=13710673 | Actual='160'
INFO | VERIFY OK | Element 12562412 | Parameter=NWB_DimDiameter | Kind=Shared Parameter | Scope=instance | Id=13710673 | Actual='160'
INFO | VERIFY OK | Element 12562414 | Parameter=NWB_DimDiameter | Kind=Shared Parameter | Scope=instance | Id=13710673 | Actual='160'
INFO | VERIFY OK | Element 12690115 | Parameter=NWB_DimDiameter | Kind=Shared Parameter | Scope=instance | Id=13710673 | Actual='160'
INFO | VERIFY OK | Element 12690117 | Parameter=NWB_DimDiameter | Kind=Shared Parameter | Scope=instance | Id=13710673 | Actual='160'
INFO | VERIFY OK | Element 12690121 | Parameter=NWB_DimDiameter | Kind=Shared Parameter | Scope=instance | Id=13710673 | Actual='160'
INFO | VERIFY OK | Element 12690125 | Parameter=NWB_DimDiameter | Kind=Shared Parameter | Scope=instance | Id=13710673 | Actual='160'
INFO | VERIFY OK | Element 12690133 | Parameter=NWB_DimDiameter | Kind=Shared Parameter | Scope=instance | Id=13710673 | Actual='160'
INFO | VERIFY OK | Element 12690137 | Parameter=NWB_DimDiameter | Kind=Shared Parameter | Scope=instance | Id=13710673 | Actual='160'
INFO | VERIFY OK | Element 12690144 | Parameter=NWB_DimDiameter | Kind=Shared Parameter | Scope=instance | Id=13710673 | Actual='160'
INFO | VERIFY OK | Element 12690148 | Parameter=NWB_DimDiameter | Kind=Shared Parameter | Scope=instance | Id=13710673 | Actual='160'
INFO | VERIFY OK | Element 12690152 | Parameter=NWB_DimDiameter | Kind=Shared Parameter | Scope=instance | Id=13710673 | Actual='160'
INFO | VERIFY OK | Element 12690162 | Parameter=NWB_DimDiameter | Kind=Shared Parameter | Scope=instance | Id=13710673 | Actual='160'
INFO | VERIFY OK | Element 12690164 | Parameter=NWB_DimDiameter | Kind=Shared Parameter | Scope=instance | Id=13710673 | Actual='160'
INFO | VERIFY OK | Element 12690177 | Parameter=NWB_DimDiameter | Kind=Shared Parameter | Scope=instance | Id=13710673 | Actual='160'
INFO | VERIFY OK | Element 12690181 | Parameter=NWB_DimDiameter | Kind=Shared Parameter | Scope=instance | Id=13710673 | Actual='160'
INFO | VERIFY OK | Element 12690185 | Parameter=NWB_DimDiameter | Kind=Shared Parameter | Scope=instance | Id=13710673 | Actual='160'
INFO | VERIFY OK | Element 12690191 | Parameter=NWB_DimDiameter | Kind=Shared Parameter | Scope=instance | Id=13710673 | Actual='160'
INFO | VERIFY OK | Element 12690202 | Parameter=NWB_DimDiameter | Kind=Shared Parameter | Scope=instance | Id=13710673 | Actual='160'
INFO | VERIFY OK | Element 12690211 | Parameter=NWB_DimDiameter | Kind=Shared Parameter | Scope=instance | Id=13710673 | Actual='160'
INFO | VERIFY OK | Element 12690213 | Parameter=NWB_DimDiameter | Kind=Shared Parameter | Scope=instance | Id=13710673 | Actual='160'
INFO | VERIFY OK | Element 12690217 | Parameter=NWB_DimDiameter | Kind=Shared Parameter | Scope=instance | Id=13710673 | Actual='160'
INFO | VERIFY OK | Element 12690221 | Parameter=NWB_DimDiameter | Kind=Shared Parameter | Scope=instance | Id=13710673 | Actual='160'
INFO | VERIFY OK | Element 12690225 | Parameter=NWB_DimDiameter | Kind=Shared Parameter | Scope=instance | Id=13710673 | Actual='160'
INFO | VERIFY OK | Element 12690227 | Parameter=NWB_DimDiameter | Kind=Shared Parameter | Scope=instance | Id=13710673 | Actual='160'
INFO | VERIFY OK | Element 12690231 | Parameter=NWB_DimDiameter | Kind=Shared Parameter | Scope=instance | Id=13710673 | Actual='160'
INFO | VERIFY OK | Element 12690235 | Parameter=NWB_DimDiameter | Kind=Shared Parameter | Scope=instance | Id=13710673 | Actual='160'
INFO | VERIFY OK | Element 12692963 | Parameter=NWB_DimDiameter | Kind=Shared Parameter | Scope=instance | Id=13710673 | Actual='160'
INFO | VERIFY OK | Element 12692967 | Parameter=NWB_DimDiameter | Kind=Shared Parameter | Scope=instance | Id=13710673 | Actual='160'
INFO | VERIFY OK | Element 12692976 | Parameter=NWB_DimDiameter | Kind=Shared Parameter | Scope=instance | Id=13710673 | Actual='160'
INFO | VERIFY OK | Element 12692978 | Parameter=NWB_DimDiameter | Kind=Shared Parameter | Scope=instance | Id=13710673 | Actual='160'
INFO | VERIFY OK | Element 12692987 | Parameter=NWB_DimDiameter | Kind=Shared Parameter | Scope=instance | Id=13710673 | Actual='160'
INFO | VERIFY OK | Element 12692994 | Parameter=NWB_DimDiameter | Kind=Shared Parameter | Scope=instance | Id=13710673 | Actual='160'
INFO | VERIFY OK | Element 12692996 | Parameter=NWB_DimDiameter | Kind=Shared Parameter | Scope=instance | Id=13710673 | Actual='160'
INFO | VERIFY OK | Element 12693000 | Parameter=NWB_DimDiameter | Kind=Shared Parameter | Scope=instance | Id=13710673 | Actual='160'
INFO | VERIFY OK | Element 12693004 | Parameter=NWB_DimDiameter | Kind=Shared Parameter | Scope=instance | Id=13710673 | Actual='160'
INFO | VERIFY OK | Element 12693008 | Parameter=NWB_DimDiameter | Kind=Shared Parameter | Scope=instance | Id=13710673 | Actual='160'
INFO | VERIFY OK | Element 12693012 | Parameter=NWB_DimDiameter | Kind=Shared Parameter | Scope=instance | Id=13710673 | Actual='160'
INFO | VERIFY OK | Element 12693016 | Parameter=NWB_DimDiameter | Kind=Shared Parameter | Scope=instance | Id=13710673 | Actual='160'
INFO | VERIFY OK | Element 12693023 | Parameter=NWB_DimDiameter | Kind=Shared Parameter | Scope=instance | Id=13710673 | Actual='160'
INFO | VERIFY OK | Element 12693032 | Parameter=NWB_DimDiameter | Kind=Shared Parameter | Scope=instance | Id=13710673 | Actual='160'
INFO | VERIFY OK | Element 12693040 | Parameter=NWB_DimDiameter | Kind=Shared Parameter | Scope=instance | Id=13710673 | Actual='160'
INFO | VERIFY OK | Element 12693048 | Parameter=NWB_DimDiameter | Kind=Shared Parameter | Scope=instance | Id=13710673 | Actual='160'
INFO | VERIFY OK | Element 12693050 | Parameter=NWB_DimDiameter | Kind=Shared Parameter | Scope=instance | Id=13710673 | Actual='160'
INFO | VERIFY OK | Element 12693054 | Parameter=NWB_DimDiameter | Kind=Shared Parameter | Scope=instance | Id=13710673 | Actual='160'
INFO | VERIFY OK | Element 12693072 | Parameter=NWB_DimDiameter | Kind=Shared Parameter | Scope=instance | Id=13710673 | Actual='160'
INFO | Candidate: NWB_DimDiameter | Scope=instance | Storage=String | ReadOnly=False | Shared=True | Id=7626172
INFO | Candidate: NWB_DimDiameter | Scope=instance | Storage=String | ReadOnly=False | Shared=True | Id=13710673
INFO | Found 2 parameters named NWB_DimDiameter
INFO | SELECTED | Shared Parameter | Scope=instance | ReadOnly=False | Id=13710673
INFO | IGNORED (SharedOnly) | Shared Parameter | Scope=instance | ReadOnly=False | Id=7626172
INFO | Element 12693076 | NWB_DimDiameter | Kind=Shared Parameter | Scope=instance | Storage=String | Old='' | New='160'
SOURCE | Element 12693076 | Cat=Pipes | Family=Pipe Types | Type= | Level=LEVEL 04 | Name=MHT - PVC - PNEUMATIC TUBE SYSTEMS | System=Other | SizeText=160ø | Width= | Height= | Diameter=160
ELEMENT | 12693076 | Size='160ø' | Width='' | Height='' | Diameter='160' | Statuses=NWB_DimWidth:SKIP; NWB_DimHeight:SKIP; NWB_DimDiameter:OK
INFO | Candidate: NWB_DimDiameter | Scope=instance | Storage=String | ReadOnly=False | Shared=True | Id=7626172
INFO | Candidate: NWB_DimDiameter | Scope=instance | Storage=String | ReadOnly=False | Shared=True | Id=13710673
INFO | Found 2 parameters named NWB_DimDiameter
INFO | SELECTED | Shared Parameter | Scope=instance | ReadOnly=False | Id=13710673
INFO | IGNORED (SharedOnly) | Shared Parameter | Scope=instance | ReadOnly=False | Id=7626172
INFO | Element 12693085 | NWB_DimDiameter | Kind=Shared Parameter | Scope=instance | Storage=String | Old='' | New='160'
SOURCE | Element 12693085 | Cat=Pipes | Family=Pipe Types | Type= | Level=LEVEL 04 | Name=MHT - PVC - PNEUMATIC TUBE SYSTEMS | System=Other | SizeText=160ø | Width= | Height= | Diameter=160
ELEMENT | 12693085 | Size='160ø' | Width='' | Height='' | Diameter='160' | Statuses=NWB_DimWidth:SKIP; NWB_DimHeight:SKIP; NWB_DimDiameter:OK
INFO | Candidate: NWB_DimDiameter | Scope=instance | Storage=String | ReadOnly=False | Shared=True | Id=7626172
INFO | Candidate: NWB_DimDiameter | Scope=instance | Storage=String | ReadOnly=False | Shared=True | Id=13710673
INFO | Found 2 parameters named NWB_DimDiameter
INFO | SELECTED | Shared Parameter | Scope=instance | ReadOnly=False | Id=13710673
INFO | IGNORED (SharedOnly) | Shared Parameter | Scope=instance | ReadOnly=False | Id=7626172
INFO | Element 12693089 | NWB_DimDiameter | Kind=Shared Parameter | Scope=instance | Storage=String | Old='' | New='160'
SOURCE | Element 12693089 | Cat=Pipes | Family=Pipe Types | Type= | Level=LEVEL 04 | Name=MHT - PVC - PNEUMATIC TUBE SYSTEMS | System=Other | SizeText=160ø | Width= | Height= | Diameter=160
ELEMENT | 12693089 | Size='160ø' | Width='' | Height='' | Diameter='160' | Statuses=NWB_DimWidth:SKIP; NWB_DimHeight:SKIP; NWB_DimDiameter:OK
INFO | Candidate: NWB_DimDiameter | Scope=instance | Storage=String | ReadOnly=False | Shared=True | Id=7626172
INFO | Candidate: NWB_DimDiameter | Scope=instance | Storage=String | ReadOnly=False | Shared=True | Id=13710673
INFO | Found 2 parameters named NWB_DimDiameter
INFO | SELECTED | Shared Parameter | Scope=instance | ReadOnly=False | Id=13710673
INFO | IGNORED (SharedOnly) | Shared Parameter | Scope=instance | ReadOnly=False | Id=7626172
INFO | Element 12693093 | NWB_DimDiameter | Kind=Shared Parameter | Scope=instance | Storage=String | Old='' | New='160'
SOURCE | Element 12693093 | Cat=Pipes | Family=Pipe Types | Type= | Level=LEVEL 04 | Name=MHT - PVC - PNEUMATIC TUBE SYSTEMS | System=Other | SizeText=160ø | Width= | Height= | Diameter=160
ELEMENT | 12693093 | Size='160ø' | Width='' | Height='' | Diameter='160' | Statuses=NWB_DimWidth:SKIP; NWB_DimHeight:SKIP; NWB_DimDiameter:OK
INFO | Candidate: NWB_DimDiameter | Scope=instance | Storage=String | ReadOnly=False | Shared=True | Id=7626172
INFO | Candidate: NWB_DimDiameter | Scope=instance | Storage=String | ReadOnly=False | Shared=True | Id=13710673
INFO | Found 2 parameters named NWB_DimDiameter
INFO | SELECTED | Shared Parameter | Scope=instance | ReadOnly=False | Id=13710673
INFO | IGNORED (SharedOnly) | Shared Parameter | Scope=instance | ReadOnly=False | Id=7626172
INFO | Element 12693097 | NWB_DimDiameter | Kind=Shared Parameter | Scope=instance | Storage=String | Old='' | New='160'
SOURCE | Element 12693097 | Cat=Pipes | Family=Pipe Types | Type= | Level=LEVEL 04 | Name=MHT - PVC - PNEUMATIC TUBE SYSTEMS | System=Other | SizeText=160ø | Width= | Height= | Diameter=160
ELEMENT | 12693097 | Size='160ø' | Width='' | Height='' | Diameter='160' | Statuses=NWB_DimWidth:SKIP; NWB_DimHeight:SKIP; NWB_DimDiameter:OK
INFO | Candidate: NWB_DimDiameter | Scope=instance | Storage=String | ReadOnly=False | Shared=True | Id=7626172
INFO | Candidate: NWB_DimDiameter | Scope=instance | Storage=String | ReadOnly=False | Shared=True | Id=13710673
INFO | Found 2 parameters named NWB_DimDiameter
INFO | SELECTED | Shared Parameter | Scope=instance | ReadOnly=False | Id=13710673
INFO | IGNORED (SharedOnly) | Shared Parameter | Scope=instance | ReadOnly=False | Id=7626172
INFO | Element 12693105 | NWB_DimDiameter | Kind=Shared Parameter | Scope=instance | Storage=String | Old='' | New='160'
SOURCE | Element 12693105 | Cat=Pipes | Family=Pipe Types | Type= | Level=LEVEL 04 | Name=MHT - PVC - PNEUMATIC TUBE SYSTEMS | System=Other | SizeText=160ø | Width= | Height= | Diameter=160
ELEMENT | 12693105 | Size='160ø' | Width='' | Height='' | Diameter='160' | Statuses=NWB_DimWidth:SKIP; NWB_DimHeight:SKIP; NWB_DimDiameter:OK
INFO | Candidate: NWB_DimDiameter | Scope=instance | Storage=String | ReadOnly=False | Shared=True | Id=7626172
INFO | Candidate: NWB_DimDiameter | Scope=instance | Storage=String | ReadOnly=False | Shared=True | Id=13710673
INFO | Found 2 parameters named NWB_DimDiameter
INFO | SELECTED | Shared Parameter | Scope=instance | ReadOnly=False | Id=13710673
INFO | IGNORED (SharedOnly) | Shared Parameter | Scope=instance | ReadOnly=False | Id=7626172
INFO | Element 12693118 | NWB_DimDiameter | Kind=Shared Parameter | Scope=instance | Storage=String | Old='' | New='160'
SOURCE | Element 12693118 | Cat=Pipes | Family=Pipe Types | Type= | Level=LEVEL 04 | Name=MHT - PVC - PNEUMATIC TUBE SYSTEMS | System=Other | SizeText=160ø | Width= | Height= | Diameter=160
ELEMENT | 12693118 | Size='160ø' | Width='' | Height='' | Diameter='160' | Statuses=NWB_DimWidth:SKIP; NWB_DimHeight:SKIP; NWB_DimDiameter:OK
INFO | Candidate: NWB_DimDiameter | Scope=instance | Storage=String | ReadOnly=False | Shared=True | Id=7626172
INFO | Candidate: NWB_DimDiameter | Scope=instance | Storage=String | ReadOnly=False | Shared=True | Id=13710673
INFO | Found 2 parameters named NWB_DimDiameter
INFO | SELECTED | Shared Parameter | Scope=instance | ReadOnly=False | Id=13710673
INFO | IGNORED (SharedOnly) | Shared Parameter | Scope=instance | ReadOnly=False | Id=7626172
INFO | Element 12693125 | NWB_DimDiameter | Kind=Shared Parameter | Scope=instance | Storage=String | Old='' | New='160'
SOURCE | Element 12693125 | Cat=Pipes | Family=Pipe Types | Type= | Level=LEVEL 04 | Name=MHT - PVC - PNEUMATIC TUBE SYSTEMS | System=Other | SizeText=160ø | Width= | Height= | Diameter=160
ELEMENT | 12693125 | Size='160ø' | Width='' | Height='' | Diameter='160' | Statuses=NWB_DimWidth:SKIP; NWB_DimHeight:SKIP; NWB_DimDiameter:OK
INFO | Candidate: NWB_DimDiameter | Scope=instance | Storage=String | ReadOnly=False | Shared=True | Id=7626172
INFO | Candidate: NWB_DimDiameter | Scope=instance | Storage=String | ReadOnly=False | Shared=True | Id=13710673
INFO | Found 2 parameters named NWB_DimDiameter
INFO | SELECTED | Shared Parameter | Scope=instance | ReadOnly=False | Id=13710673
INFO | IGNORED (SharedOnly) | Shared Parameter | Scope=instance | ReadOnly=False | Id=7626172
INFO | Element 12693133 | NWB_DimDiameter | Kind=Shared Parameter | Scope=instance | Storage=String | Old='' | New='160'
SOURCE | Element 12693133 | Cat=Pipes | Family=Pipe Types | Type= | Level=LEVEL 04 | Name=MHT - PVC - PNEUMATIC TUBE SYSTEMS | System=Other | SizeText=160ø | Width= | Height= | Diameter=160
ELEMENT | 12693133 | Size='160ø' | Width='' | Height='' | Diameter='160' | Statuses=NWB_DimWidth:SKIP; NWB_DimHeight:SKIP; NWB_DimDiameter:OK
INFO | Candidate: NWB_DimDiameter | Scope=instance | Storage=String | ReadOnly=False | Shared=True | Id=7626172
INFO | Candidate: NWB_DimDiameter | Scope=instance | Storage=String | ReadOnly=False | Shared=True | Id=13710673
INFO | Found 2 parameters named NWB_DimDiameter
INFO | SELECTED | Shared Parameter | Scope=instance | ReadOnly=False | Id=13710673
INFO | IGNORED (SharedOnly) | Shared Parameter | Scope=instance | ReadOnly=False | Id=7626172
INFO | Element 12693158 | NWB_DimDiameter | Kind=Shared Parameter | Scope=instance | Storage=String | Old='' | New='160'
SOURCE | Element 12693158 | Cat=Pipes | Family=Pipe Types | Type= | Level=LEVEL 04 | Name=MHT - PVC - PNEUMATIC TUBE SYSTEMS | System=Other | SizeText=160ø | Width= | Height= | Diameter=160
ELEMENT | 12693158 | Size='160ø' | Width='' | Height='' | Diameter='160' | Statuses=NWB_DimWidth:SKIP; NWB_DimHeight:SKIP; NWB_DimDiameter:OK
INFO | Candidate: NWB_DimDiameter | Scope=instance | Storage=String | ReadOnly=False | Shared=True | Id=7626172
INFO | Candidate: NWB_DimDiameter | Scope=instance | Storage=String | ReadOnly=False | Shared=True | Id=13710673
INFO | Found 2 parameters named NWB_DimDiameter
INFO | SELECTED | Shared Parameter | Scope=instance | ReadOnly=False | Id=13710673
INFO | IGNORED (SharedOnly) | Shared Parameter | Scope=instance | ReadOnly=False | Id=7626172
INFO | Element 12693167 | NWB_DimDiameter | Kind=Shared Parameter | Scope=instance | Storage=String | Old='' | New='160'
SOURCE | Element 12693167 | Cat=Pipes | Family=Pipe Types | Type= | Level=LEVEL 04 | Name=MHT - PVC - PNEUMATIC TUBE SYSTEMS | System=Other | SizeText=160ø | Width= | Height= | Diameter=160
ELEMENT | 12693167 | Size='160ø' | Width='' | Height='' | Diameter='160' | Statuses=NWB_DimWidth:SKIP; NWB_DimHeight:SKIP; NWB_DimDiameter:OK
INFO | Candidate: NWB_DimDiameter | Scope=instance | Storage=String | ReadOnly=False | Shared=True | Id=7626172
INFO | Candidate: NWB_DimDiameter | Scope=instance | Storage=String | ReadOnly=False | Shared=True | Id=13710673
INFO | Found 2 parameters named NWB_DimDiameter
INFO | SELECTED | Shared Parameter | Scope=instance | ReadOnly=False | Id=13710673
INFO | IGNORED (SharedOnly) | Shared Parameter | Scope=instance | ReadOnly=False | Id=7626172
INFO | Element 12693169 | NWB_DimDiameter | Kind=Shared Parameter | Scope=instance | Storage=String | Old='' | New='160'
SOURCE | Element 12693169 | Cat=Pipes | Family=Pipe Types | Type= | Level=LEVEL 04 | Name=MHT - PVC - PNEUMATIC TUBE SYSTEMS | System=Other | SizeText=160ø | Width= | Height= | Diameter=160
ELEMENT | 12693169 | Size='160ø' | Width='' | Height='' | Diameter='160' | Statuses=NWB_DimWidth:SKIP; NWB_DimHeight:SKIP; NWB_DimDiameter:OK
INFO | Candidate: NWB_DimDiameter | Scope=instance | Storage=String | ReadOnly=False | Shared=True | Id=7626172
INFO | Candidate: NWB_DimDiameter | Scope=instance | Storage=String | ReadOnly=False | Shared=True | Id=13710673
INFO | Found 2 parameters named NWB_DimDiameter
INFO | SELECTED | Shared Parameter | Scope=instance | ReadOnly=False | Id=13710673
INFO | IGNORED (SharedOnly) | Shared Parameter | Scope=instance | ReadOnly=False | Id=7626172
INFO | Element 12693173 | NWB_DimDiameter | Kind=Shared Parameter | Scope=instance | Storage=String | Old='' | New='160'
SOURCE | Element 12693173 | Cat=Pipes | Family=Pipe Types | Type= | Level=LEVEL 04 | Name=MHT - PVC - PNEUMATIC TUBE SYSTEMS | System=Other | SizeText=160ø | Width= | Height= | Diameter=160
ELEMENT | 12693173 | Size='160ø' | Width='' | Height='' | Diameter='160' | Statuses=NWB_DimWidth:SKIP; NWB_DimHeight:SKIP; NWB_DimDiameter:OK
INFO | Candidate: NWB_DimDiameter | Scope=instance | Storage=String | ReadOnly=False | Shared=True | Id=7626172
INFO | Candidate: NWB_DimDiameter | Scope=instance | Storage=String | ReadOnly=False | Shared=True | Id=13710673
INFO | Found 2 parameters named NWB_DimDiameter
INFO | SELECTED | Shared Parameter | Scope=instance | ReadOnly=False | Id=13710673
INFO | IGNORED (SharedOnly) | Shared Parameter | Scope=instance | ReadOnly=False | Id=7626172
INFO | Element 12693177 | NWB_DimDiameter | Kind=Shared Parameter | Scope=instance | Storage=String | Old='' | New='160'
SOURCE | Element 12693177 | Cat=Pipes | Family=Pipe Types | Type= | Level=LEVEL 04 | Name=MHT - PVC - PNEUMATIC TUBE SYSTEMS | System=Other | SizeText=160ø | Width= | Height= | Diameter=160
ELEMENT | 12693177 | Size='160ø' | Width='' | Height='' | Diameter='160' | Statuses=NWB_DimWidth:SKIP; NWB_DimHeight:SKIP; NWB_DimDiameter:OK
INFO | Candidate: NWB_DimDiameter | Scope=instance | Storage=String | ReadOnly=False | Shared=True | Id=7626172
INFO | Candidate: NWB_DimDiameter | Scope=instance | Storage=String | ReadOnly=False | Shared=True | Id=13710673
INFO | Found 2 parameters named NWB_DimDiameter
INFO | SELECTED | Shared Parameter | Scope=instance | ReadOnly=False | Id=13710673
INFO | IGNORED (SharedOnly) | Shared Parameter | Scope=instance | ReadOnly=False | Id=7626172
INFO | Element 12693181 | NWB_DimDiameter | Kind=Shared Parameter | Scope=instance | Storage=String | Old='' | New='160'
SOURCE | Element 12693181 | Cat=Pipes | Family=Pipe Types | Type= | Level=LEVEL 04 | Name=MHT - PVC - PNEUMATIC TUBE SYSTEMS | System=Other | SizeText=160ø | Width= | Height= | Diameter=160
ELEMENT | 12693181 | Size='160ø' | Width='' | Height='' | Diameter='160' | Statuses=NWB_DimWidth:SKIP; NWB_DimHeight:SKIP; NWB_DimDiameter:OK
INFO | Candidate: NWB_DimDiameter | Scope=instance | Storage=String | ReadOnly=False | Shared=True | Id=7626172
INFO | Candidate: NWB_DimDiameter | Scope=instance | Storage=String | ReadOnly=False | Shared=True | Id=13710673
INFO | Found 2 parameters named NWB_DimDiameter
INFO | SELECTED | Shared Parameter | Scope=instance | ReadOnly=False | Id=13710673
INFO | IGNORED (SharedOnly) | Shared Parameter | Scope=instance | ReadOnly=False | Id=7626172
INFO | Element 12693286 | NWB_DimDiameter | Kind=Shared Parameter | Scope=instance | Storage=String | Old='' | New='160'
SOURCE | Element 12693286 | Cat=Pipes | Family=Pipe Types | Type= | Level=LEVEL 05 | Name=MHT - PVC - PNEUMATIC TUBE SYSTEMS | System=Other | SizeText=160ø | Width= | Height= | Diameter=160
ELEMENT | 12693286 | Size='160ø' | Width='' | Height='' | Diameter='160' | Statuses=NWB_DimWidth:SKIP; NWB_DimHeight:SKIP; NWB_DimDiameter:OK
INFO | Candidate: NWB_DimDiameter | Scope=instance | Storage=String | ReadOnly=False | Shared=True | Id=7626172
INFO | Candidate: NWB_DimDiameter | Scope=instance | Storage=String | ReadOnly=False | Shared=True | Id=13710673
INFO | Found 2 parameters named NWB_DimDiameter
INFO | SELECTED | Shared Parameter | Scope=instance | ReadOnly=False | Id=13710673
INFO | IGNORED (SharedOnly) | Shared Parameter | Scope=instance | ReadOnly=False | Id=7626172
INFO | Element 12693290 | NWB_DimDiameter | Kind=Shared Parameter | Scope=instance | Storage=String | Old='' | New='160'
SOURCE | Element 12693290 | Cat=Pipes | Family=Pipe Types | Type= | Level=LEVEL 05 | Name=MHT - PVC - PNEUMATIC TUBE SYSTEMS | System=Other | SizeText=160ø | Width= | Height= | Diameter=160
ELEMENT | 12693290 | Size='160ø' | Width='' | Height='' | Diameter='160' | Statuses=NWB_DimWidth:SKIP; NWB_DimHeight:SKIP; NWB_DimDiameter:OK
INFO | Candidate: NWB_DimDiameter | Scope=instance | Storage=String | ReadOnly=False | Shared=True | Id=7626172
INFO | Candidate: NWB_DimDiameter | Scope=instance | Storage=String | ReadOnly=False | Shared=True | Id=13710673
INFO | Found 2 parameters named NWB_DimDiameter
INFO | SELECTED | Shared Parameter | Scope=instance | ReadOnly=False | Id=13710673
INFO | IGNORED (SharedOnly) | Shared Parameter | Scope=instance | ReadOnly=False | Id=7626172
INFO | Element 12693467 | NWB_DimDiameter | Kind=Shared Parameter | Scope=instance | Storage=String | Old='' | New='160'
SOURCE | Element 12693467 | Cat=Pipes | Family=Pipe Types | Type= | Level=LEVEL 05 | Name=MHT - PVC - PNEUMATIC TUBE SYSTEMS | System=Other | SizeText=160ø | Width= | Height= | Diameter=160
ELEMENT | 12693467 | Size='160ø' | Width='' | Height='' | Diameter='160' | Statuses=NWB_DimWidth:SKIP; NWB_DimHeight:SKIP; NWB_DimDiameter:OK
INFO | Candidate: NWB_DimDiameter | Scope=instance | Storage=String | ReadOnly=False | Shared=True | Id=7626172
INFO | Candidate: NWB_DimDiameter | Scope=instance | Storage=String | ReadOnly=False | Shared=True | Id=13710673
INFO | Found 2 parameters named NWB_DimDiameter
INFO | SELECTED | Shared Parameter | Scope=instance | ReadOnly=False | Id=13710673
INFO | IGNORED (SharedOnly) | Shared Parameter | Scope=instance | ReadOnly=False | Id=7626172
INFO | Element 12708210 | NWB_DimDiameter | Kind=Shared Parameter | Scope=instance | Storage=String | Old='' | New='160'
SOURCE | Element 12708210 | Cat=Pipes | Family=Pipe Types | Type= | Level=LEVEL 02 | Name=MHT - PVC - PNEUMATIC TUBE SYSTEMS | System=Other | SizeText=160ø | Width= | Height= | Diameter=160
ELEMENT | 12708210 | Size='160ø' | Width='' | Height='' | Diameter='160' | Statuses=NWB_DimWidth:SKIP; NWB_DimHeight:SKIP; NWB_DimDiameter:OK
INFO | Candidate: NWB_DimDiameter | Scope=instance | Storage=String | ReadOnly=False | Shared=True | Id=7626172
INFO | Candidate: NWB_DimDiameter | Scope=instance | Storage=String | ReadOnly=False | Shared=True | Id=13710673
INFO | Found 2 parameters named NWB_DimDiameter
INFO | SELECTED | Shared Parameter | Scope=instance | ReadOnly=False | Id=13710673
INFO | IGNORED (SharedOnly) | Shared Parameter | Scope=instance | ReadOnly=False | Id=7626172
INFO | Element 12708225 | NWB_DimDiameter | Kind=Shared Parameter | Scope=instance | Storage=String | Old='' | New='160'
SOURCE | Element 12708225 | Cat=Pipes | Family=Pipe Types | Type= | Level=LEVEL 01 | Name=MHT - PVC - PNEUMATIC TUBE SYSTEMS | System=Other | SizeText=160ø | Width= | Height= | Diameter=160
ELEMENT | 12708225 | Size='160ø' | Width='' | Height='' | Diameter='160' | Statuses=NWB_DimWidth:SKIP; NWB_DimHeight:SKIP; NWB_DimDiameter:OK
INFO | Candidate: NWB_DimDiameter | Scope=instance | Storage=String | ReadOnly=False | Shared=True | Id=7626172
INFO | Candidate: NWB_DimDiameter | Scope=instance | Storage=String | ReadOnly=False | Shared=True | Id=13710673
INFO | Found 2 parameters named NWB_DimDiameter
INFO | SELECTED | Shared Parameter | Scope=instance | ReadOnly=False | Id=13710673
INFO | IGNORED (SharedOnly) | Shared Parameter | Scope=instance | ReadOnly=False | Id=7626172
INFO | Element 12708229 | NWB_DimDiameter | Kind=Shared Parameter | Scope=instance | Storage=String | Old='' | New='160'
SOURCE | Element 12708229 | Cat=Pipes | Family=Pipe Types | Type= | Level=LEVEL 03 | Name=MHT - PVC - PNEUMATIC TUBE SYSTEMS | System=Other | SizeText=160ø | Width= | Height= | Diameter=160
ELEMENT | 12708229 | Size='160ø' | Width='' | Height='' | Diameter='160' | Statuses=NWB_DimWidth:SKIP; NWB_DimHeight:SKIP; NWB_DimDiameter:OK
INFO | Candidate: NWB_DimDiameter | Scope=instance | Storage=String | ReadOnly=False | Shared=True | Id=7626172
INFO | Candidate: NWB_DimDiameter | Scope=instance | Storage=String | ReadOnly=False | Shared=True | Id=13710673
INFO | Found 2 parameters named NWB_DimDiameter
INFO | SELECTED | Shared Parameter | Scope=instance | ReadOnly=False | Id=13710673
INFO | IGNORED (SharedOnly) | Shared Parameter | Scope=instance | ReadOnly=False | Id=7626172
INFO | Element 12708238 | NWB_DimDiameter | Kind=Shared Parameter | Scope=instance | Storage=String | Old='' | New='160'
SOURCE | Element 12708238 | Cat=Pipes | Family=Pipe Types | Type= | Level=LEVEL 01 | Name=MHT - PVC - PNEUMATIC TUBE SYSTEMS | System=Other | SizeText=160ø | Width= | Height= | Diameter=160
ELEMENT | 12708238 | Size='160ø' | Width='' | Height='' | Diameter='160' | Statuses=NWB_DimWidth:SKIP; NWB_DimHeight:SKIP; NWB_DimDiameter:OK
INFO | Candidate: NWB_DimDiameter | Scope=instance | Storage=String | ReadOnly=False | Shared=True | Id=7626172
INFO | Candidate: NWB_DimDiameter | Scope=instance | Storage=String | ReadOnly=False | Shared=True | Id=13710673
INFO | Found 2 parameters named NWB_DimDiameter
INFO | SELECTED | Shared Parameter | Scope=instance | ReadOnly=False | Id=13710673
INFO | IGNORED (SharedOnly) | Shared Parameter | Scope=instance | ReadOnly=False | Id=7626172
INFO | Element 12708242 | NWB_DimDiameter | Kind=Shared Parameter | Scope=instance | Storage=String | Old='' | New='160'
SOURCE | Element 12708242 | Cat=Pipes | Family=Pipe Types | Type= | Level=GROUND | Name=MHT - PVC - PNEUMATIC TUBE SYSTEMS | System=Other | SizeText=160ø | Width= | Height= | Diameter=160
ELEMENT | 12708242 | Size='160ø' | Width='' | Height='' | Diameter='160' | Statuses=NWB_DimWidth:SKIP; NWB_DimHeight:SKIP; NWB_DimDiameter:OK
INFO | Candidate: NWB_DimDiameter | Scope=instance | Storage=String | ReadOnly=False | Shared=True | Id=7626172
INFO | Candidate: NWB_DimDiameter | Scope=instance | Storage=String | ReadOnly=False | Shared=True | Id=13710673
INFO | Found 2 parameters named NWB_DimDiameter
INFO | SELECTED | Shared Parameter | Scope=instance | ReadOnly=False | Id=13710673
INFO | IGNORED (SharedOnly) | Shared Parameter | Scope=instance | ReadOnly=False | Id=7626172
INFO | Element 12708300 | NWB_DimDiameter | Kind=Shared Parameter | Scope=instance | Storage=String | Old='' | New='160'
SOURCE | Element 12708300 | Cat=Pipes | Family=Pipe Types | Type= | Level=LEVEL 01 | Name=MHT - PVC - PNEUMATIC TUBE SYSTEMS | System=Other | SizeText=160ø | Width= | Height= | Diameter=160
ELEMENT | 12708300 | Size='160ø' | Width='' | Height='' | Diameter='160' | Statuses=NWB_DimWidth:SKIP; NWB_DimHeight:SKIP; NWB_DimDiameter:OK
INFO | Candidate: NWB_DimDiameter | Scope=instance | Storage=String | ReadOnly=False | Shared=True | Id=7626172
INFO | Candidate: NWB_DimDiameter | Scope=instance | Storage=String | ReadOnly=False | Shared=True | Id=13710673
INFO | Found 2 parameters named NWB_DimDiameter
INFO | SELECTED | Shared Parameter | Scope=instance | ReadOnly=False | Id=13710673
INFO | IGNORED (SharedOnly) | Shared Parameter | Scope=instance | ReadOnly=False | Id=7626172
INFO | Element 12708302 | NWB_DimDiameter | Kind=Shared Parameter | Scope=instance | Storage=String | Old='' | New='160'
SOURCE | Element 12708302 | Cat=Pipes | Family=Pipe Types | Type= | Level=LEVEL 02 | Name=MHT - PVC - PNEUMATIC TUBE SYSTEMS | System=Other | SizeText=160ø | Width= | Height= | Diameter=160
ELEMENT | 12708302 | Size='160ø' | Width='' | Height='' | Diameter='160' | Statuses=NWB_DimWidth:SKIP; NWB_DimHeight:SKIP; NWB_DimDiameter:OK
INFO | Candidate: NWB_DimDiameter | Scope=instance | Storage=String | ReadOnly=False | Shared=True | Id=7626172
INFO | Candidate: NWB_DimDiameter | Scope=instance | Storage=String | ReadOnly=False | Shared=True | Id=13710673
INFO | Found 2 parameters named NWB_DimDiameter
INFO | SELECTED | Shared Parameter | Scope=instance | ReadOnly=False | Id=13710673
INFO | IGNORED (SharedOnly) | Shared Parameter | Scope=instance | ReadOnly=False | Id=7626172
INFO | Element 12708304 | NWB_DimDiameter | Kind=Shared Parameter | Scope=instance | Storage=String | Old='' | New='160'
SOURCE | Element 12708304 | Cat=Pipes | Family=Pipe Types | Type= | Level=LEVEL 02 | Name=MHT - PVC - PNEUMATIC TUBE SYSTEMS | System=Other | SizeText=160ø | Width= | Height= | Diameter=160
ELEMENT | 12708304 | Size='160ø' | Width='' | Height='' | Diameter='160' | Statuses=NWB_DimWidth:SKIP; NWB_DimHeight:SKIP; NWB_DimDiameter:OK
INFO | Candidate: NWB_DimDiameter | Scope=instance | Storage=String | ReadOnly=False | Shared=True | Id=7626172
INFO | Candidate: NWB_DimDiameter | Scope=instance | Storage=String | ReadOnly=False | Shared=True | Id=13710673
INFO | Found 2 parameters named NWB_DimDiameter
INFO | SELECTED | Shared Parameter | Scope=instance | ReadOnly=False | Id=13710673
INFO | IGNORED (SharedOnly) | Shared Parameter | Scope=instance | ReadOnly=False | Id=7626172
INFO | Element 12708340 | NWB_DimDiameter | Kind=Shared Parameter | Scope=instance | Storage=String | Old='' | New='160'
SOURCE | Element 12708340 | Cat=Pipes | Family=Pipe Types | Type= | Level=LEVEL 03 | Name=MHT - PVC - PNEUMATIC TUBE SYSTEMS | System=Other | SizeText=160ø | Width= | Height= | Diameter=160
ELEMENT | 12708340 | Size='160ø' | Width='' | Height='' | Diameter='160' | Statuses=NWB_DimWidth:SKIP; NWB_DimHeight:SKIP; NWB_DimDiameter:OK
INFO | Candidate: NWB_DimDiameter | Scope=instance | Storage=String | ReadOnly=False | Shared=True | Id=7626172
INFO | Candidate: NWB_DimDiameter | Scope=instance | Storage=String | ReadOnly=False | Shared=True | Id=13710673
INFO | Found 2 parameters named NWB_DimDiameter
INFO | SELECTED | Shared Parameter | Scope=instance | ReadOnly=False | Id=13710673
INFO | IGNORED (SharedOnly) | Shared Parameter | Scope=instance | ReadOnly=False | Id=7626172
INFO | Element 12725837 | NWB_DimDiameter | Kind=Shared Parameter | Scope=instance | Storage=String | Old='' | New='160'
SOURCE | Element 12725837 | Cat=Pipes | Family=Pipe Types | Type= | Level=LEVEL 01 | Name=MHT - PVC - PNEUMATIC TUBE SYSTEMS | System=Other | SizeText=160ø | Width= | Height= | Diameter=160
ELEMENT | 12725837 | Size='160ø' | Width='' | Height='' | Diameter='160' | Statuses=NWB_DimWidth:SKIP; NWB_DimHeight:SKIP; NWB_DimDiameter:OK
INFO | Candidate: NWB_DimDiameter | Scope=instance | Storage=String | ReadOnly=False | Shared=True | Id=7626172
INFO | Candidate: NWB_DimDiameter | Scope=instance | Storage=String | ReadOnly=False | Shared=True | Id=13710673
INFO | Found 2 parameters named NWB_DimDiameter
INFO | SELECTED | Shared Parameter | Scope=instance | ReadOnly=False | Id=13710673
INFO | IGNORED (SharedOnly) | Shared Parameter | Scope=instance | ReadOnly=False | Id=7626172
INFO | Element 12725849 | NWB_DimDiameter | Kind=Shared Parameter | Scope=instance | Storage=String | Old='' | New='160'
SOURCE | Element 12725849 | Cat=Pipes | Family=Pipe Types | Type= | Level=LEVEL 03 | Name=MHT - PVC - PNEUMATIC TUBE SYSTEMS | System=Other | SizeText=160ø | Width= | Height= | Diameter=160
ELEMENT | 12725849 | Size='160ø' | Width='' | Height='' | Diameter='160' | Statuses=NWB_DimWidth:SKIP; NWB_DimHeight:SKIP; NWB_DimDiameter:OK
INFO | Candidate: NWB_DimDiameter | Scope=instance | Storage=String | ReadOnly=False | Shared=True | Id=7626172
INFO | Candidate: NWB_DimDiameter | Scope=instance | Storage=String | ReadOnly=False | Shared=True | Id=13710673
INFO | Found 2 parameters named NWB_DimDiameter
INFO | SELECTED | Shared Parameter | Scope=instance | ReadOnly=False | Id=13710673
INFO | IGNORED (SharedOnly) | Shared Parameter | Scope=instance | ReadOnly=False | Id=7626172
INFO | Element 12725876 | NWB_DimDiameter | Kind=Shared Parameter | Scope=instance | Storage=String | Old='' | New='160'
SOURCE | Element 12725876 | Cat=Pipes | Family=Pipe Types | Type= | Level=LEVEL 03 | Name=MHT - PVC - PNEUMATIC TUBE SYSTEMS | System=Other | SizeText=160ø | Width= | Height= | Diameter=160
ELEMENT | 12725876 | Size='160ø' | Width='' | Height='' | Diameter='160' | Statuses=NWB_DimWidth:SKIP; NWB_DimHeight:SKIP; NWB_DimDiameter:OK
INFO | Candidate: NWB_DimDiameter | Scope=instance | Storage=String | ReadOnly=False | Shared=True | Id=7626172
INFO | Candidate: NWB_DimDiameter | Scope=instance | Storage=String | ReadOnly=False | Shared=True | Id=13710673
INFO | Found 2 parameters named NWB_DimDiameter
INFO | SELECTED | Shared Parameter | Scope=instance | ReadOnly=False | Id=13710673
INFO | IGNORED (SharedOnly) | Shared Parameter | Scope=instance | ReadOnly=False | Id=7626172
INFO | Element 12725878 | NWB_DimDiameter | Kind=Shared Parameter | Scope=instance | Storage=String | Old='' | New='160'
SOURCE | Element 12725878 | Cat=Pipes | Family=Pipe Types | Type= | Level=LEVEL 03 | Name=MHT - PVC - PNEUMATIC TUBE SYSTEMS | System=Other | SizeText=160ø | Width= | Height= | Diameter=160
ELEMENT | 12725878 | Size='160ø' | Width='' | Height='' | Diameter='160' | Statuses=NWB_DimWidth:SKIP; NWB_DimHeight:SKIP; NWB_DimDiameter:OK
INFO | Candidate: NWB_DimDiameter | Scope=instance | Storage=String | ReadOnly=False | Shared=True | Id=7626172
INFO | Candidate: NWB_DimDiameter | Scope=instance | Storage=String | ReadOnly=False | Shared=True | Id=13710673
INFO | Found 2 parameters named NWB_DimDiameter
INFO | SELECTED | Shared Parameter | Scope=instance | ReadOnly=False | Id=13710673
INFO | IGNORED (SharedOnly) | Shared Parameter | Scope=instance | ReadOnly=False | Id=7626172
INFO | Element 12730709 | NWB_DimDiameter | Kind=Shared Parameter | Scope=instance | Storage=String | Old='' | New='160'
SOURCE | Element 12730709 | Cat=Pipes | Family=Pipe Types | Type= | Level=LEVEL 03 | Name=MHT - PVC - PNEUMATIC TUBE SYSTEMS | System=Other | SizeText=160ø | Width= | Height= | Diameter=160
ELEMENT | 12730709 | Size='160ø' | Width='' | Height='' | Diameter='160' | Statuses=NWB_DimWidth:SKIP; NWB_DimHeight:SKIP; NWB_DimDiameter:OK
INFO | Candidate: NWB_DimDiameter | Scope=instance | Storage=String | ReadOnly=False | Shared=True | Id=7626172
INFO | Candidate: NWB_DimDiameter | Scope=instance | Storage=String | ReadOnly=False | Shared=True | Id=13710673
INFO | Found 2 parameters named NWB_DimDiameter
INFO | SELECTED | Shared Parameter | Scope=instance | ReadOnly=False | Id=13710673
INFO | IGNORED (SharedOnly) | Shared Parameter | Scope=instance | ReadOnly=False | Id=7626172
INFO | Element 12730716 | NWB_DimDiameter | Kind=Shared Parameter | Scope=instance | Storage=String | Old='' | New='160'
SOURCE | Element 12730716 | Cat=Pipes | Family=Pipe Types | Type= | Level=LEVEL 04 | Name=MHT - PVC - PNEUMATIC TUBE SYSTEMS | System=Other | SizeText=160ø | Width= | Height= | Diameter=160
ELEMENT | 12730716 | Size='160ø' | Width='' | Height='' | Diameter='160' | Statuses=NWB_DimWidth:SKIP; NWB_DimHeight:SKIP; NWB_DimDiameter:OK
INFO | Candidate: NWB_DimDiameter | Scope=instance | Storage=String | ReadOnly=False | Shared=True | Id=7626172
INFO | Candidate: NWB_DimDiameter | Scope=instance | Storage=String | ReadOnly=False | Shared=True | Id=13710673
INFO | Found 2 parameters named NWB_DimDiameter
INFO | SELECTED | Shared Parameter | Scope=instance | ReadOnly=False | Id=13710673
INFO | IGNORED (SharedOnly) | Shared Parameter | Scope=instance | ReadOnly=False | Id=7626172
INFO | Element 12730718 | NWB_DimDiameter | Kind=Shared Parameter | Scope=instance | Storage=String | Old='' | New='160'
SOURCE | Element 12730718 | Cat=Pipes | Family=Pipe Types | Type= | Level=LEVEL 04 | Name=MHT - PVC - PNEUMATIC TUBE SYSTEMS | System=Other | SizeText=160ø | Width= | Height= | Diameter=160
ELEMENT | 12730718 | Size='160ø' | Width='' | Height='' | Diameter='160' | Statuses=NWB_DimWidth:SKIP; NWB_DimHeight:SKIP; NWB_DimDiameter:OK
INFO | Candidate: NWB_DimDiameter | Scope=instance | Storage=String | ReadOnly=False | Shared=True | Id=7626172
INFO | Candidate: NWB_DimDiameter | Scope=instance | Storage=String | ReadOnly=False | Shared=True | Id=13710673
INFO | Found 2 parameters named NWB_DimDiameter
INFO | SELECTED | Shared Parameter | Scope=instance | ReadOnly=False | Id=13710673
INFO | IGNORED (SharedOnly) | Shared Parameter | Scope=instance | ReadOnly=False | Id=7626172
INFO | Element 12739400 | NWB_DimDiameter | Kind=Shared Parameter | Scope=instance | Storage=String | Old='' | New='160'
SOURCE | Element 12739400 | Cat=Pipes | Family=Pipe Types | Type= | Level=LEVEL 04 | Name=MHT - PVC - PNEUMATIC TUBE SYSTEMS | System=Other | SizeText=160ø | Width= | Height= | Diameter=160
ELEMENT | 12739400 | Size='160ø' | Width='' | Height='' | Diameter='160' | Statuses=NWB_DimWidth:SKIP; NWB_DimHeight:SKIP; NWB_DimDiameter:OK
INFO | Candidate: NWB_DimDiameter | Scope=instance | Storage=String | ReadOnly=False | Shared=True | Id=7626172
INFO | Candidate: NWB_DimDiameter | Scope=instance | Storage=String | ReadOnly=False | Shared=True | Id=13710673
INFO | Found 2 parameters named NWB_DimDiameter
INFO | SELECTED | Shared Parameter | Scope=instance | ReadOnly=False | Id=13710673
INFO | IGNORED (SharedOnly) | Shared Parameter | Scope=instance | ReadOnly=False | Id=7626172
INFO | Element 12739406 | NWB_DimDiameter | Kind=Shared Parameter | Scope=instance | Storage=String | Old='' | New='160'
SOURCE | Element 12739406 | Cat=Pipes | Family=Pipe Types | Type= | Level=LEVEL 04 | Name=MHT - PVC - PNEUMATIC TUBE SYSTEMS | System=Other | SizeText=160ø | Width= | Height= | Diameter=160
ELEMENT | 12739406 | Size='160ø' | Width='' | Height='' | Diameter='160' | Statuses=NWB_DimWidth:SKIP; NWB_DimHeight:SKIP; NWB_DimDiameter:OK
INFO | Candidate: NWB_DimDiameter | Scope=instance | Storage=String | ReadOnly=False | Shared=True | Id=7626172
INFO | Candidate: NWB_DimDiameter | Scope=instance | Storage=String | ReadOnly=False | Shared=True | Id=13710673
INFO | Found 2 parameters named NWB_DimDiameter
INFO | SELECTED | Shared Parameter | Scope=instance | ReadOnly=False | Id=13710673
INFO | IGNORED (SharedOnly) | Shared Parameter | Scope=instance | ReadOnly=False | Id=7626172
INFO | Element 12739424 | NWB_DimDiameter | Kind=Shared Parameter | Scope=instance | Storage=String | Old='' | New='160'
SOURCE | Element 12739424 | Cat=Pipes | Family=Pipe Types | Type= | Level=LEVEL 04 | Name=MHT - PVC - PNEUMATIC TUBE SYSTEMS | System=Other | SizeText=160ø | Width= | Height= | Diameter=160
ELEMENT | 12739424 | Size='160ø' | Width='' | Height='' | Diameter='160' | Statuses=NWB_DimWidth:SKIP; NWB_DimHeight:SKIP; NWB_DimDiameter:OK
INFO | Candidate: NWB_DimDiameter | Scope=instance | Storage=String | ReadOnly=False | Shared=True | Id=7626172
INFO | Candidate: NWB_DimDiameter | Scope=instance | Storage=String | ReadOnly=False | Shared=True | Id=13710673
INFO | Found 2 parameters named NWB_DimDiameter
INFO | SELECTED | Shared Parameter | Scope=instance | ReadOnly=False | Id=13710673
INFO | IGNORED (SharedOnly) | Shared Parameter | Scope=instance | ReadOnly=False | Id=7626172
INFO | Element 12739439 | NWB_DimDiameter | Kind=Shared Parameter | Scope=instance | Storage=String | Old='' | New='160'
SOURCE | Element 12739439 | Cat=Pipes | Family=Pipe Types | Type= | Level=LEVEL 04 | Name=MHT - PVC - PNEUMATIC TUBE SYSTEMS | System=Other | SizeText=160ø | Width= | Height= | Diameter=160
ELEMENT | 12739439 | Size='160ø' | Width='' | Height='' | Diameter='160' | Statuses=NWB_DimWidth:SKIP; NWB_DimHeight:SKIP; NWB_DimDiameter:OK
INFO | Candidate: NWB_DimDiameter | Scope=instance | Storage=String | ReadOnly=False | Shared=True | Id=7626172
INFO | Candidate: NWB_DimDiameter | Scope=instance | Storage=String | ReadOnly=False | Shared=True | Id=13710673
INFO | Found 2 parameters named NWB_DimDiameter
INFO | SELECTED | Shared Parameter | Scope=instance | ReadOnly=False | Id=13710673
INFO | IGNORED (SharedOnly) | Shared Parameter | Scope=instance | ReadOnly=False | Id=7626172
INFO | Element 12739451 | NWB_DimDiameter | Kind=Shared Parameter | Scope=instance | Storage=String | Old='' | New='160'
SOURCE | Element 12739451 | Cat=Pipes | Family=Pipe Types | Type= | Level=LEVEL 04 | Name=MHT - PVC - PNEUMATIC TUBE SYSTEMS | System=Other | SizeText=160ø | Width= | Height= | Diameter=160
ELEMENT | 12739451 | Size='160ø' | Width='' | Height='' | Diameter='160' | Statuses=NWB_DimWidth:SKIP; NWB_DimHeight:SKIP; NWB_DimDiameter:OK
INFO | Candidate: NWB_DimDiameter | Scope=instance | Storage=String | ReadOnly=False | Shared=True | Id=7626172
INFO | Candidate: NWB_DimDiameter | Scope=instance | Storage=String | ReadOnly=False | Shared=True | Id=13710673
INFO | Found 2 parameters named NWB_DimDiameter
INFO | SELECTED | Shared Parameter | Scope=instance | ReadOnly=False | Id=13710673
INFO | IGNORED (SharedOnly) | Shared Parameter | Scope=instance | ReadOnly=False | Id=7626172
INFO | Element 12745043 | NWB_DimDiameter | Kind=Shared Parameter | Scope=instance | Storage=String | Old='' | New='160'
SOURCE | Element 12745043 | Cat=Pipes | Family=Pipe Types | Type= | Level=LEVEL 04 | Name=MHT - PVC - PNEUMATIC TUBE SYSTEMS | System=Other | SizeText=160ø | Width= | Height= | Diameter=160
ELEMENT | 12745043 | Size='160ø' | Width='' | Height='' | Diameter='160' | Statuses=NWB_DimWidth:SKIP; NWB_DimHeight:SKIP; NWB_DimDiameter:OK
INFO | Candidate: NWB_DimDiameter | Scope=instance | Storage=String | ReadOnly=False | Shared=True | Id=7626172
INFO | Candidate: NWB_DimDiameter | Scope=instance | Storage=String | ReadOnly=False | Shared=True | Id=13710673
INFO | Found 2 parameters named NWB_DimDiameter
INFO | SELECTED | Shared Parameter | Scope=instance | ReadOnly=False | Id=13710673
INFO | IGNORED (SharedOnly) | Shared Parameter | Scope=instance | ReadOnly=False | Id=7626172
INFO | Element 12745045 | NWB_DimDiameter | Kind=Shared Parameter | Scope=instance | Storage=String | Old='' | New='160'
SOURCE | Element 12745045 | Cat=Pipes | Family=Pipe Types | Type= | Level=LEVEL 04 | Name=MHT - PVC - PNEUMATIC TUBE SYSTEMS | System=Other | SizeText=160ø | Width= | Height= | Diameter=160
ELEMENT | 12745045 | Size='160ø' | Width='' | Height='' | Diameter='160' | Statuses=NWB_DimWidth:SKIP; NWB_DimHeight:SKIP; NWB_DimDiameter:OK
INFO | Candidate: NWB_DimDiameter | Scope=instance | Storage=String | ReadOnly=False | Shared=True | Id=7626172
INFO | Candidate: NWB_DimDiameter | Scope=instance | Storage=String | ReadOnly=False | Shared=True | Id=13710673
INFO | Found 2 parameters named NWB_DimDiameter
INFO | SELECTED | Shared Parameter | Scope=instance | ReadOnly=False | Id=13710673
INFO | IGNORED (SharedOnly) | Shared Parameter | Scope=instance | ReadOnly=False | Id=7626172
INFO | Element 12745051 | NWB_DimDiameter | Kind=Shared Parameter | Scope=instance | Storage=String | Old='' | New='160'
SOURCE | Element 12745051 | Cat=Pipes | Family=Pipe Types | Type= | Level=LEVEL 04 | Name=MHT - PVC - PNEUMATIC TUBE SYSTEMS | System=Other | SizeText=160ø | Width= | Height= | Diameter=160
ELEMENT | 12745051 | Size='160ø' | Width='' | Height='' | Diameter='160' | Statuses=NWB_DimWidth:SKIP; NWB_DimHeight:SKIP; NWB_DimDiameter:OK
INFO | Candidate: NWB_DimDiameter | Scope=instance | Storage=String | ReadOnly=False | Shared=True | Id=7626172
INFO | Candidate: NWB_DimDiameter | Scope=instance | Storage=String | ReadOnly=False | Shared=True | Id=13710673
INFO | Found 2 parameters named NWB_DimDiameter
INFO | SELECTED | Shared Parameter | Scope=instance | ReadOnly=False | Id=13710673
INFO | IGNORED (SharedOnly) | Shared Parameter | Scope=instance | ReadOnly=False | Id=7626172
INFO | Element 12745053 | NWB_DimDiameter | Kind=Shared Parameter | Scope=instance | Storage=String | Old='' | New='160'
SOURCE | Element 12745053 | Cat=Pipes | Family=Pipe Types | Type= | Level=LEVEL 04 | Name=MHT - PVC - PNEUMATIC TUBE SYSTEMS | System=Other | SizeText=160ø | Width= | Height= | Diameter=160
ELEMENT | 12745053 | Size='160ø' | Width='' | Height='' | Diameter='160' | Statuses=NWB_DimWidth:SKIP; NWB_DimHeight:SKIP; NWB_DimDiameter:OK
INFO | Candidate: NWB_DimDiameter | Scope=instance | Storage=String | ReadOnly=False | Shared=True | Id=7626172
INFO | Candidate: NWB_DimDiameter | Scope=instance | Storage=String | ReadOnly=False | Shared=True | Id=13710673
INFO | Found 2 parameters named NWB_DimDiameter
INFO | SELECTED | Shared Parameter | Scope=instance | ReadOnly=False | Id=13710673
INFO | IGNORED (SharedOnly) | Shared Parameter | Scope=instance | ReadOnly=False | Id=7626172
INFO | Element 12745064 | NWB_DimDiameter | Kind=Shared Parameter | Scope=instance | Storage=String | Old='' | New='160'
SOURCE | Element 12745064 | Cat=Pipes | Family=Pipe Types | Type= | Level=LEVEL 06 | Name=MHT - PVC - PNEUMATIC TUBE SYSTEMS | System=Other | SizeText=160ø | Width= | Height= | Diameter=160
ELEMENT | 12745064 | Size='160ø' | Width='' | Height='' | Diameter='160' | Statuses=NWB_DimWidth:SKIP; NWB_DimHeight:SKIP; NWB_DimDiameter:OK
INFO | Candidate: NWB_DimDiameter | Scope=instance | Storage=String | ReadOnly=False | Shared=True | Id=7626172
INFO | Candidate: NWB_DimDiameter | Scope=instance | Storage=String | ReadOnly=False | Shared=True | Id=13710673
INFO | Found 2 parameters named NWB_DimDiameter
INFO | SELECTED | Shared Parameter | Scope=instance | ReadOnly=False | Id=13710673
INFO | IGNORED (SharedOnly) | Shared Parameter | Scope=instance | ReadOnly=False | Id=7626172
INFO | Element 12745066 | NWB_DimDiameter | Kind=Shared Parameter | Scope=instance | Storage=String | Old='' | New='160'
SOURCE | Element 12745066 | Cat=Pipes | Family=Pipe Types | Type= | Level=LEVEL 06 | Name=MHT - PVC - PNEUMATIC TUBE SYSTEMS | System=Other | SizeText=160ø | Width= | Height= | Diameter=160
ELEMENT | 12745066 | Size='160ø' | Width='' | Height='' | Diameter='160' | Statuses=NWB_DimWidth:SKIP; NWB_DimHeight:SKIP; NWB_DimDiameter:OK
INFO | Candidate: NWB_DimDiameter | Scope=instance | Storage=String | ReadOnly=False | Shared=True | Id=7626172
INFO | Candidate: NWB_DimDiameter | Scope=instance | Storage=String | ReadOnly=False | Shared=True | Id=13710673
INFO | Found 2 parameters named NWB_DimDiameter
INFO | SELECTED | Shared Parameter | Scope=instance | ReadOnly=False | Id=13710673
INFO | IGNORED (SharedOnly) | Shared Parameter | Scope=instance | ReadOnly=False | Id=7626172
INFO | Element 12745077 | NWB_DimDiameter | Kind=Shared Parameter | Scope=instance | Storage=String | Old='' | New='160'
SOURCE | Element 12745077 | Cat=Pipes | Family=Pipe Types | Type= | Level=LEVEL 06 | Name=MHT - PVC - PNEUMATIC TUBE SYSTEMS | System=Other | SizeText=160ø | Width= | Height= | Diameter=160
ELEMENT | 12745077 | Size='160ø' | Width='' | Height='' | Diameter='160' | Statuses=NWB_DimWidth:SKIP; NWB_DimHeight:SKIP; NWB_DimDiameter:OK
INFO | Candidate: NWB_DimDiameter | Scope=instance | Storage=String | ReadOnly=False | Shared=True | Id=7626172
INFO | Candidate: NWB_DimDiameter | Scope=instance | Storage=String | ReadOnly=False | Shared=True | Id=13710673
INFO | Found 2 parameters named NWB_DimDiameter
INFO | SELECTED | Shared Parameter | Scope=instance | ReadOnly=False | Id=13710673
INFO | IGNORED (SharedOnly) | Shared Parameter | Scope=instance | ReadOnly=False | Id=7626172
INFO | Element 12745083 | NWB_DimDiameter | Kind=Shared Parameter | Scope=instance | Storage=String | Old='' | New='160'
SOURCE | Element 12745083 | Cat=Pipes | Family=Pipe Types | Type= | Level=LEVEL 04 | Name=MHT - PVC - PNEUMATIC TUBE SYSTEMS | System=Other | SizeText=160ø | Width= | Height= | Diameter=160
ELEMENT | 12745083 | Size='160ø' | Width='' | Height='' | Diameter='160' | Statuses=NWB_DimWidth:SKIP; NWB_DimHeight:SKIP; NWB_DimDiameter:OK
INFO | Candidate: NWB_DimDiameter | Scope=instance | Storage=String | ReadOnly=False | Shared=True | Id=7626172
INFO | Candidate: NWB_DimDiameter | Scope=instance | Storage=String | ReadOnly=False | Shared=True | Id=13710673
INFO | Found 2 parameters named NWB_DimDiameter
INFO | SELECTED | Shared Parameter | Scope=instance | ReadOnly=False | Id=13710673
INFO | IGNORED (SharedOnly) | Shared Parameter | Scope=instance | ReadOnly=False | Id=7626172
INFO | Element 12745102 | NWB_DimDiameter | Kind=Shared Parameter | Scope=instance | Storage=String | Old='' | New='160'
SOURCE | Element 12745102 | Cat=Pipes | Family=Pipe Types | Type= | Level=LEVEL 05 | Name=MHT - PVC - PNEUMATIC TUBE SYSTEMS | System=Other | SizeText=160ø | Width= | Height= | Diameter=160
ELEMENT | 12745102 | Size='160ø' | Width='' | Height='' | Diameter='160' | Statuses=NWB_DimWidth:SKIP; NWB_DimHeight:SKIP; NWB_DimDiameter:OK
INFO | Candidate: NWB_DimDiameter | Scope=instance | Storage=String | ReadOnly=False | Shared=True | Id=7626172
INFO | Candidate: NWB_DimDiameter | Scope=instance | Storage=String | ReadOnly=False | Shared=True | Id=13710673
INFO | Found 2 parameters named NWB_DimDiameter
INFO | SELECTED | Shared Parameter | Scope=instance | ReadOnly=False | Id=13710673
INFO | IGNORED (SharedOnly) | Shared Parameter | Scope=instance | ReadOnly=False | Id=7626172
INFO | Element 12745104 | NWB_DimDiameter | Kind=Shared Parameter | Scope=instance | Storage=String | Old='' | New='160'
SOURCE | Element 12745104 | Cat=Pipes | Family=Pipe Types | Type= | Level=LEVEL 05 | Name=MHT - PVC - PNEUMATIC TUBE SYSTEMS | System=Other | SizeText=160ø | Width= | Height= | Diameter=160
ELEMENT | 12745104 | Size='160ø' | Width='' | Height='' | Diameter='160' | Statuses=NWB_DimWidth:SKIP; NWB_DimHeight:SKIP; NWB_DimDiameter:OK
INFO | Candidate: NWB_DimDiameter | Scope=instance | Storage=String | ReadOnly=False | Shared=True | Id=7626172
INFO | Candidate: NWB_DimDiameter | Scope=instance | Storage=String | ReadOnly=False | Shared=True | Id=13710673
INFO | Found 2 parameters named NWB_DimDiameter
INFO | SELECTED | Shared Parameter | Scope=instance | ReadOnly=False | Id=13710673
INFO | IGNORED (SharedOnly) | Shared Parameter | Scope=instance | ReadOnly=False | Id=7626172
INFO | Element 12745112 | NWB_DimDiameter | Kind=Shared Parameter | Scope=instance | Storage=String | Old='' | New='160'
SOURCE | Element 12745112 | Cat=Pipes | Family=Pipe Types | Type= | Level=LEVEL 04 | Name=MHT - PVC - PNEUMATIC TUBE SYSTEMS | System=Other | SizeText=160ø | Width= | Height= | Diameter=160
ELEMENT | 12745112 | Size='160ø' | Width='' | Height='' | Diameter='160' | Statuses=NWB_DimWidth:SKIP; NWB_DimHeight:SKIP; NWB_DimDiameter:OK
INFO | Candidate: NWB_DimDiameter | Scope=instance | Storage=String | ReadOnly=False | Shared=True | Id=7626172
INFO | Candidate: NWB_DimDiameter | Scope=instance | Storage=String | ReadOnly=False | Shared=True | Id=13710673
INFO | Found 2 parameters named NWB_DimDiameter
INFO | SELECTED | Shared Parameter | Scope=instance | ReadOnly=False | Id=13710673
INFO | IGNORED (SharedOnly) | Shared Parameter | Scope=instance | ReadOnly=False | Id=7626172
INFO | Element 12745121 | NWB_DimDiameter | Kind=Shared Parameter | Scope=instance | Storage=String | Old='' | New='160'
SOURCE | Element 12745121 | Cat=Pipes | Family=Pipe Types | Type= | Level=LEVEL 04 | Name=MHT - PVC - PNEUMATIC TUBE SYSTEMS | System=Other | SizeText=160ø | Width= | Height= | Diameter=160
ELEMENT | 12745121 | Size='160ø' | Width='' | Height='' | Diameter='160' | Statuses=NWB_DimWidth:SKIP; NWB_DimHeight:SKIP; NWB_DimDiameter:OK
INFO | Candidate: NWB_DimDiameter | Scope=instance | Storage=String | ReadOnly=False | Shared=True | Id=7626172
INFO | Candidate: NWB_DimDiameter | Scope=instance | Storage=String | ReadOnly=False | Shared=True | Id=13710673
INFO | Found 2 parameters named NWB_DimDiameter
INFO | SELECTED | Shared Parameter | Scope=instance | ReadOnly=False | Id=13710673
INFO | IGNORED (SharedOnly) | Shared Parameter | Scope=instance | ReadOnly=False | Id=7626172
INFO | Element 12745127 | NWB_DimDiameter | Kind=Shared Parameter | Scope=instance | Storage=String | Old='' | New='160'
SOURCE | Element 12745127 | Cat=Pipes | Family=Pipe Types | Type= | Level=LEVEL 04 | Name=MHT - PVC - PNEUMATIC TUBE SYSTEMS | System=Other | SizeText=160ø | Width= | Height= | Diameter=160
ELEMENT | 12745127 | Size='160ø' | Width='' | Height='' | Diameter='160' | Statuses=NWB_DimWidth:SKIP; NWB_DimHeight:SKIP; NWB_DimDiameter:OK
INFO | Candidate: NWB_DimDiameter | Scope=instance | Storage=String | ReadOnly=False | Shared=True | Id=7626172
INFO | Candidate: NWB_DimDiameter | Scope=instance | Storage=String | ReadOnly=False | Shared=True | Id=13710673
INFO | Found 2 parameters named NWB_DimDiameter
INFO | SELECTED | Shared Parameter | Scope=instance | ReadOnly=False | Id=13710673
INFO | IGNORED (SharedOnly) | Shared Parameter | Scope=instance | ReadOnly=False | Id=7626172
INFO | Element 12745130 | NWB_DimDiameter | Kind=Shared Parameter | Scope=instance | Storage=String | Old='' | New='160'
SOURCE | Element 12745130 | Cat=Pipes | Family=Pipe Types | Type= | Level=LEVEL 04 | Name=MHT - PVC - PNEUMATIC TUBE SYSTEMS | System=Other | SizeText=160ø | Width= | Height= | Diameter=160
ELEMENT | 12745130 | Size='160ø' | Width='' | Height='' | Diameter='160' | Statuses=NWB_DimWidth:SKIP; NWB_DimHeight:SKIP; NWB_DimDiameter:OK
INFO | Candidate: NWB_DimDiameter | Scope=instance | Storage=String | ReadOnly=False | Shared=True | Id=7626172
INFO | Candidate: NWB_DimDiameter | Scope=instance | Storage=String | ReadOnly=False | Shared=True | Id=13710673
INFO | Found 2 parameters named NWB_DimDiameter
INFO | SELECTED | Shared Parameter | Scope=instance | ReadOnly=False | Id=13710673
INFO | IGNORED (SharedOnly) | Shared Parameter | Scope=instance | ReadOnly=False | Id=7626172
INFO | Element 13231534 | NWB_DimDiameter | Kind=Shared Parameter | Scope=instance | Storage=String | Old='' | New='160'
SOURCE | Element 13231534 | Cat=Pipes | Family=Pipe Types | Type= | Level=LEVEL 02 | Name=MHT - PVC - PNEUMATIC TUBE SYSTEMS | System=Other | SizeText=160ø | Width= | Height= | Diameter=160
ELEMENT | 13231534 | Size='160ø' | Width='' | Height='' | Diameter='160' | Statuses=NWB_DimWidth:SKIP; NWB_DimHeight:SKIP; NWB_DimDiameter:OK
INFO | Candidate: NWB_DimDiameter | Scope=instance | Storage=String | ReadOnly=False | Shared=True | Id=7626172
INFO | Candidate: NWB_DimDiameter | Scope=instance | Storage=String | ReadOnly=False | Shared=True | Id=13710673
INFO | Found 2 parameters named NWB_DimDiameter
INFO | SELECTED | Shared Parameter | Scope=instance | ReadOnly=False | Id=13710673
INFO | IGNORED (SharedOnly) | Shared Parameter | Scope=instance | ReadOnly=False | Id=7626172
INFO | Element 13231536 | NWB_DimDiameter | Kind=Shared Parameter | Scope=instance | Storage=String | Old='' | New='160'
SOURCE | Element 13231536 | Cat=Pipes | Family=Pipe Types | Type= | Level=LEVEL 02 | Name=MHT - PVC - PNEUMATIC TUBE SYSTEMS | System=Other | SizeText=160ø | Width= | Height= | Diameter=160
ELEMENT | 13231536 | Size='160ø' | Width='' | Height='' | Diameter='160' | Statuses=NWB_DimWidth:SKIP; NWB_DimHeight:SKIP; NWB_DimDiameter:OK
INFO | Candidate: NWB_DimDiameter | Scope=instance | Storage=String | ReadOnly=False | Shared=True | Id=7626172
INFO | Candidate: NWB_DimDiameter | Scope=instance | Storage=String | ReadOnly=False | Shared=True | Id=13710673
INFO | Found 2 parameters named NWB_DimDiameter
INFO | SELECTED | Shared Parameter | Scope=instance | ReadOnly=False | Id=13710673
INFO | IGNORED (SharedOnly) | Shared Parameter | Scope=instance | ReadOnly=False | Id=7626172
INFO | Element 13231540 | NWB_DimDiameter | Kind=Shared Parameter | Scope=instance | Storage=String | Old='' | New='160'
SOURCE | Element 13231540 | Cat=Pipes | Family=Pipe Types | Type= | Level=LEVEL 02 | Name=MHT - PVC - PNEUMATIC TUBE SYSTEMS | System=Other | SizeText=160ø | Width= | Height= | Diameter=160
ELEMENT | 13231540 | Size='160ø' | Width='' | Height='' | Diameter='160' | Statuses=NWB_DimWidth:SKIP; NWB_DimHeight:SKIP; NWB_DimDiameter:OK
INFO | Candidate: NWB_DimDiameter | Scope=instance | Storage=String | ReadOnly=False | Shared=True | Id=7626172
INFO | Candidate: NWB_DimDiameter | Scope=instance | Storage=String | ReadOnly=False | Shared=True | Id=13710673
INFO | Found 2 parameters named NWB_DimDiameter
INFO | SELECTED | Shared Parameter | Scope=instance | ReadOnly=False | Id=13710673
INFO | IGNORED (SharedOnly) | Shared Parameter | Scope=instance | ReadOnly=False | Id=7626172
INFO | Element 13231551 | NWB_DimDiameter | Kind=Shared Parameter | Scope=instance | Storage=String | Old='' | New='160'
SOURCE | Element 13231551 | Cat=Pipes | Family=Pipe Types | Type= | Level=LEVEL 02 | Name=MHT - PVC - PNEUMATIC TUBE SYSTEMS | System=Other | SizeText=160ø | Width= | Height= | Diameter=160
ELEMENT | 13231551 | Size='160ø' | Width='' | Height='' | Diameter='160' | Statuses=NWB_DimWidth:SKIP; NWB_DimHeight:SKIP; NWB_DimDiameter:OK
INFO | Candidate: NWB_DimDiameter | Scope=instance | Storage=String | ReadOnly=False | Shared=True | Id=7626172
INFO | Candidate: NWB_DimDiameter | Scope=instance | Storage=String | ReadOnly=False | Shared=True | Id=13710673
INFO | Found 2 parameters named NWB_DimDiameter
INFO | SELECTED | Shared Parameter | Scope=instance | ReadOnly=False | Id=13710673
INFO | IGNORED (SharedOnly) | Shared Parameter | Scope=instance | ReadOnly=False | Id=7626172
INFO | Element 13231556 | NWB_DimDiameter | Kind=Shared Parameter | Scope=instance | Storage=String | Old='' | New='160'
SOURCE | Element 13231556 | Cat=Pipes | Family=Pipe Types | Type= | Level=LEVEL 02 | Name=MHT - PVC - PNEUMATIC TUBE SYSTEMS | System=Other | SizeText=160ø | Width= | Height= | Diameter=160
ELEMENT | 13231556 | Size='160ø' | Width='' | Height='' | Diameter='160' | Statuses=NWB_DimWidth:SKIP; NWB_DimHeight:SKIP; NWB_DimDiameter:OK
INFO | Candidate: NWB_DimDiameter | Scope=instance | Storage=String | ReadOnly=False | Shared=True | Id=7626172
INFO | Candidate: NWB_DimDiameter | Scope=instance | Storage=String | ReadOnly=False | Shared=True | Id=13710673
INFO | Found 2 parameters named NWB_DimDiameter
INFO | SELECTED | Shared Parameter | Scope=instance | ReadOnly=False | Id=13710673
INFO | IGNORED (SharedOnly) | Shared Parameter | Scope=instance | ReadOnly=False | Id=7626172
INFO | Element 13760679 | NWB_DimDiameter | Kind=Shared Parameter | Scope=instance | Storage=String | Old='' | New='160'
SOURCE | Element 13760679 | Cat=Pipes | Family=Pipe Types | Type= | Level=LEVEL 06 | Name=MHT - PVC - PNEUMATIC TUBE SYSTEMS | System=Other | SizeText=160ø | Width= | Height= | Diameter=160
ELEMENT | 13760679 | Size='160ø' | Width='' | Height='' | Diameter='160' | Statuses=NWB_DimWidth:SKIP; NWB_DimHeight:SKIP; NWB_DimDiameter:OK
INFO | Candidate: NWB_DimDiameter | Scope=instance | Storage=String | ReadOnly=False | Shared=True | Id=7626172
INFO | Candidate: NWB_DimDiameter | Scope=instance | Storage=String | ReadOnly=False | Shared=True | Id=13710673
INFO | Found 2 parameters named NWB_DimDiameter
INFO | SELECTED | Shared Parameter | Scope=instance | ReadOnly=False | Id=13710673
INFO | IGNORED (SharedOnly) | Shared Parameter | Scope=instance | ReadOnly=False | Id=7626172
INFO | Element 13760726 | NWB_DimDiameter | Kind=Shared Parameter | Scope=instance | Storage=String | Old='' | New='160'
SOURCE | Element 13760726 | Cat=Pipes | Family=Pipe Types | Type= | Level=LEVEL 06 | Name=MHT - PVC - PNEUMATIC TUBE SYSTEMS | System=Other | SizeText=160ø | Width= | Height= | Diameter=160
ELEMENT | 13760726 | Size='160ø' | Width='' | Height='' | Diameter='160' | Statuses=NWB_DimWidth:SKIP; NWB_DimHeight:SKIP; NWB_DimDiameter:OK
INFO | Candidate: NWB_DimDiameter | Scope=instance | Storage=String | ReadOnly=False | Shared=True | Id=7626172
INFO | Candidate: NWB_DimDiameter | Scope=instance | Storage=String | ReadOnly=False | Shared=True | Id=13710673
INFO | Found 2 parameters named NWB_DimDiameter
INFO | SELECTED | Shared Parameter | Scope=instance | ReadOnly=False | Id=13710673
INFO | IGNORED (SharedOnly) | Shared Parameter | Scope=instance | ReadOnly=False | Id=7626172
INFO | Element 13760770 | NWB_DimDiameter | Kind=Shared Parameter | Scope=instance | Storage=String | Old='' | New='160'
SOURCE | Element 13760770 | Cat=Pipes | Family=Pipe Types | Type= | Level=LEVEL 06 | Name=MHT - PVC - PNEUMATIC TUBE SYSTEMS | System=Other | SizeText=160ø | Width= | Height= | Diameter=160
ELEMENT | 13760770 | Size='160ø' | Width='' | Height='' | Diameter='160' | Statuses=NWB_DimWidth:SKIP; NWB_DimHeight:SKIP; NWB_DimDiameter:OK
INFO | Candidate: NWB_DimDiameter | Scope=instance | Storage=String | ReadOnly=False | Shared=True | Id=7626172
INFO | Candidate: NWB_DimDiameter | Scope=instance | Storage=String | ReadOnly=False | Shared=True | Id=13710673
INFO | Found 2 parameters named NWB_DimDiameter
INFO | SELECTED | Shared Parameter | Scope=instance | ReadOnly=False | Id=13710673
INFO | IGNORED (SharedOnly) | Shared Parameter | Scope=instance | ReadOnly=False | Id=7626172
INFO | Element 13760772 | NWB_DimDiameter | Kind=Shared Parameter | Scope=instance | Storage=String | Old='' | New='160'
SOURCE | Element 13760772 | Cat=Pipes | Family=Pipe Types | Type= | Level=LEVEL 06 | Name=MHT - PVC - PNEUMATIC TUBE SYSTEMS | System=Other | SizeText=160ø | Width= | Height= | Diameter=160
ELEMENT | 13760772 | Size='160ø' | Width='' | Height='' | Diameter='160' | Statuses=NWB_DimWidth:SKIP; NWB_DimHeight:SKIP; NWB_DimDiameter:OK
INFO | Candidate: NWB_DimDiameter | Scope=instance | Storage=String | ReadOnly=False | Shared=True | Id=7626172
INFO | Candidate: NWB_DimDiameter | Scope=instance | Storage=String | ReadOnly=False | Shared=True | Id=13710673
INFO | Found 2 parameters named NWB_DimDiameter
INFO | SELECTED | Shared Parameter | Scope=instance | ReadOnly=False | Id=13710673
INFO | IGNORED (SharedOnly) | Shared Parameter | Scope=instance | ReadOnly=False | Id=7626172
INFO | Element 13760823 | NWB_DimDiameter | Kind=Shared Parameter | Scope=instance | Storage=String | Old='' | New='160'
SOURCE | Element 13760823 | Cat=Pipes | Family=Pipe Types | Type= | Level=LEVEL 06 | Name=MHT - PVC - PNEUMATIC TUBE SYSTEMS | System=Other | SizeText=160ø | Width= | Height= | Diameter=160
ELEMENT | 13760823 | Size='160ø' | Width='' | Height='' | Diameter='160' | Statuses=NWB_DimWidth:SKIP; NWB_DimHeight:SKIP; NWB_DimDiameter:OK
INFO | Candidate: NWB_DimDiameter | Scope=instance | Storage=String | ReadOnly=False | Shared=True | Id=7626172
INFO | Candidate: NWB_DimDiameter | Scope=instance | Storage=String | ReadOnly=False | Shared=True | Id=13710673
INFO | Found 2 parameters named NWB_DimDiameter
INFO | SELECTED | Shared Parameter | Scope=instance | ReadOnly=False | Id=13710673
INFO | IGNORED (SharedOnly) | Shared Parameter | Scope=instance | ReadOnly=False | Id=7626172
INFO | Element 13760830 | NWB_DimDiameter | Kind=Shared Parameter | Scope=instance | Storage=String | Old='' | New='160'
SOURCE | Element 13760830 | Cat=Pipes | Family=Pipe Types | Type= | Level=LEVEL 06 | Name=MHT - PVC - PNEUMATIC TUBE SYSTEMS | System=Other | SizeText=160ø | Width= | Height= | Diameter=160
ELEMENT | 13760830 | Size='160ø' | Width='' | Height='' | Diameter='160' | Statuses=NWB_DimWidth:SKIP; NWB_DimHeight:SKIP; NWB_DimDiameter:OK
INFO | Candidate: NWB_DimDiameter | Scope=instance | Storage=String | ReadOnly=False | Shared=True | Id=7626172
INFO | Candidate: NWB_DimDiameter | Scope=instance | Storage=String | ReadOnly=False | Shared=True | Id=13710673
INFO | Found 2 parameters named NWB_DimDiameter
INFO | SELECTED | Shared Parameter | Scope=instance | ReadOnly=False | Id=13710673
INFO | IGNORED (SharedOnly) | Shared Parameter | Scope=instance | ReadOnly=False | Id=7626172
INFO | Element 13761032 | NWB_DimDiameter | Kind=Shared Parameter | Scope=instance | Storage=String | Old='' | New='160'
SOURCE | Element 13761032 | Cat=Pipes | Family=Pipe Types | Type= | Level=LEVEL 06 | Name=MHT - PVC - PNEUMATIC TUBE SYSTEMS | System=Other | SizeText=160ø | Width= | Height= | Diameter=160
ELEMENT | 13761032 | Size='160ø' | Width='' | Height='' | Diameter='160' | Statuses=NWB_DimWidth:SKIP; NWB_DimHeight:SKIP; NWB_DimDiameter:OK
INFO | Candidate: NWB_DimDiameter | Scope=instance | Storage=String | ReadOnly=False | Shared=True | Id=7626172
INFO | Candidate: NWB_DimDiameter | Scope=instance | Storage=String | ReadOnly=False | Shared=True | Id=13710673
INFO | Found 2 parameters named NWB_DimDiameter
INFO | SELECTED | Shared Parameter | Scope=instance | ReadOnly=False | Id=13710673
INFO | IGNORED (SharedOnly) | Shared Parameter | Scope=instance | ReadOnly=False | Id=7626172
INFO | Element 13795001 | NWB_DimDiameter | Kind=Shared Parameter | Scope=instance | Storage=String | Old='' | New='160'
SOURCE | Element 13795001 | Cat=Pipes | Family=Pipe Types | Type= | Level=LEVEL 06 | Name=MHT - PVC - PNEUMATIC TUBE SYSTEMS | System=Other | SizeText=160ø | Width= | Height= | Diameter=160
ELEMENT | 13795001 | Size='160ø' | Width='' | Height='' | Diameter='160' | Statuses=NWB_DimWidth:SKIP; NWB_DimHeight:SKIP; NWB_DimDiameter:OK
INFO | Candidate: NWB_DimDiameter | Scope=instance | Storage=String | ReadOnly=False | Shared=True | Id=7626172
INFO | Candidate: NWB_DimDiameter | Scope=instance | Storage=String | ReadOnly=False | Shared=True | Id=13710673
INFO | Found 2 parameters named NWB_DimDiameter
INFO | SELECTED | Shared Parameter | Scope=instance | ReadOnly=False | Id=13710673
INFO | IGNORED (SharedOnly) | Shared Parameter | Scope=instance | ReadOnly=False | Id=7626172
INFO | Element 13796388 | NWB_DimDiameter | Kind=Shared Parameter | Scope=instance | Storage=String | Old='' | New='160'
SOURCE | Element 13796388 | Cat=Pipes | Family=Pipe Types | Type= | Level=LEVEL 06 | Name=MHT - PVC - PNEUMATIC TUBE SYSTEMS | System=Other | SizeText=160ø | Width= | Height= | Diameter=160
ELEMENT | 13796388 | Size='160ø' | Width='' | Height='' | Diameter='160' | Statuses=NWB_DimWidth:SKIP; NWB_DimHeight:SKIP; NWB_DimDiameter:OK
INFO | Candidate: NWB_DimDiameter | Scope=instance | Storage=String | ReadOnly=False | Shared=True | Id=7626172
INFO | Candidate: NWB_DimDiameter | Scope=instance | Storage=String | ReadOnly=False | Shared=True | Id=13710673
INFO | Found 2 parameters named NWB_DimDiameter
INFO | SELECTED | Shared Parameter | Scope=instance | ReadOnly=False | Id=13710673
INFO | IGNORED (SharedOnly) | Shared Parameter | Scope=instance | ReadOnly=False | Id=7626172
INFO | Element 13797805 | NWB_DimDiameter | Kind=Shared Parameter | Scope=instance | Storage=String | Old='' | New='160'
SOURCE | Element 13797805 | Cat=Pipes | Family=Pipe Types | Type= | Level=LEVEL 06 | Name=MHT - PVC - PNEUMATIC TUBE SYSTEMS | System=Other | SizeText=160ø | Width= | Height= | Diameter=160
ELEMENT | 13797805 | Size='160ø' | Width='' | Height='' | Diameter='160' | Statuses=NWB_DimWidth:SKIP; NWB_DimHeight:SKIP; NWB_DimDiameter:OK
INFO | Candidate: NWB_DimDiameter | Scope=instance | Storage=String | ReadOnly=False | Shared=True | Id=7626172
INFO | Candidate: NWB_DimDiameter | Scope=instance | Storage=String | ReadOnly=False | Shared=True | Id=13710673
INFO | Found 2 parameters named NWB_DimDiameter
INFO | SELECTED | Shared Parameter | Scope=instance | ReadOnly=False | Id=13710673
INFO | IGNORED (SharedOnly) | Shared Parameter | Scope=instance | ReadOnly=False | Id=7626172
INFO | Element 13797819 | NWB_DimDiameter | Kind=Shared Parameter | Scope=instance | Storage=String | Old='' | New='160'
SOURCE | Element 13797819 | Cat=Pipes | Family=Pipe Types | Type= | Level=LEVEL 06 | Name=MHT - PVC - PNEUMATIC TUBE SYSTEMS | System=Other | SizeText=160ø | Width= | Height= | Diameter=160
ELEMENT | 13797819 | Size='160ø' | Width='' | Height='' | Diameter='160' | Statuses=NWB_DimWidth:SKIP; NWB_DimHeight:SKIP; NWB_DimDiameter:OK
INFO | Candidate: NWB_DimDiameter | Scope=instance | Storage=String | ReadOnly=False | Shared=True | Id=7626172
INFO | Candidate: NWB_DimDiameter | Scope=instance | Storage=String | ReadOnly=False | Shared=True | Id=13710673
INFO | Found 2 parameters named NWB_DimDiameter
INFO | SELECTED | Shared Parameter | Scope=instance | ReadOnly=False | Id=13710673
INFO | IGNORED (SharedOnly) | Shared Parameter | Scope=instance | ReadOnly=False | Id=7626172
INFO | Element 13797944 | NWB_DimDiameter | Kind=Shared Parameter | Scope=instance | Storage=String | Old='' | New='160'
SOURCE | Element 13797944 | Cat=Pipes | Family=Pipe Types | Type= | Level=LEVEL 06 | Name=MHT - PVC - PNEUMATIC TUBE SYSTEMS | System=Other | SizeText=160ø | Width= | Height= | Diameter=160
ELEMENT | 13797944 | Size='160ø' | Width='' | Height='' | Diameter='160' | Statuses=NWB_DimWidth:SKIP; NWB_DimHeight:SKIP; NWB_DimDiameter:OK
INFO | Candidate: NWB_DimDiameter | Scope=instance | Storage=String | ReadOnly=False | Shared=True | Id=7626172
INFO | Candidate: NWB_DimDiameter | Scope=instance | Storage=String | ReadOnly=False | Shared=True | Id=13710673
INFO | Found 2 parameters named NWB_DimDiameter
INFO | SELECTED | Shared Parameter | Scope=instance | ReadOnly=False | Id=13710673
INFO | IGNORED (SharedOnly) | Shared Parameter | Scope=instance | ReadOnly=False | Id=7626172
INFO | Element 13797958 | NWB_DimDiameter | Kind=Shared Parameter | Scope=instance | Storage=String | Old='' | New='160'
SOURCE | Element 13797958 | Cat=Pipes | Family=Pipe Types | Type= | Level=LEVEL 06 | Name=MHT - PVC - PNEUMATIC TUBE SYSTEMS | System=Other | SizeText=160ø | Width= | Height= | Diameter=160
ELEMENT | 13797958 | Size='160ø' | Width='' | Height='' | Diameter='160' | Statuses=NWB_DimWidth:SKIP; NWB_DimHeight:SKIP; NWB_DimDiameter:OK
INFO | Candidate: NWB_DimDiameter | Scope=instance | Storage=String | ReadOnly=False | Shared=True | Id=7626172
INFO | Candidate: NWB_DimDiameter | Scope=instance | Storage=String | ReadOnly=False | Shared=True | Id=13710673
INFO | Found 2 parameters named NWB_DimDiameter
INFO | SELECTED | Shared Parameter | Scope=instance | ReadOnly=False | Id=13710673
INFO | IGNORED (SharedOnly) | Shared Parameter | Scope=instance | ReadOnly=False | Id=7626172
INFO | Element 13798036 | NWB_DimDiameter | Kind=Shared Parameter | Scope=instance | Storage=String | Old='' | New='160'
SOURCE | Element 13798036 | Cat=Pipes | Family=Pipe Types | Type= | Level=LEVEL 06 | Name=MHT - PVC - PNEUMATIC TUBE SYSTEMS | System=Other | SizeText=160ø | Width= | Height= | Diameter=160
ELEMENT | 13798036 | Size='160ø' | Width='' | Height='' | Diameter='160' | Statuses=NWB_DimWidth:SKIP; NWB_DimHeight:SKIP; NWB_DimDiameter:OK
INFO | Candidate: NWB_DimDiameter | Scope=instance | Storage=String | ReadOnly=False | Shared=True | Id=7626172
INFO | Candidate: NWB_DimDiameter | Scope=instance | Storage=String | ReadOnly=False | Shared=True | Id=13710673
INFO | Found 2 parameters named NWB_DimDiameter
INFO | SELECTED | Shared Parameter | Scope=instance | ReadOnly=False | Id=13710673
INFO | IGNORED (SharedOnly) | Shared Parameter | Scope=instance | ReadOnly=False | Id=7626172
INFO | Element 13798654 | NWB_DimDiameter | Kind=Shared Parameter | Scope=instance | Storage=String | Old='' | New='160'
SOURCE | Element 13798654 | Cat=Pipes | Family=Pipe Types | Type= | Level=LEVEL 06 | Name=MHT - PVC - PNEUMATIC TUBE SYSTEMS | System=Other | SizeText=160ø | Width= | Height= | Diameter=160
ELEMENT | 13798654 | Size='160ø' | Width='' | Height='' | Diameter='160' | Statuses=NWB_DimWidth:SKIP; NWB_DimHeight:SKIP; NWB_DimDiameter:OK
INFO | Candidate: NWB_DimDiameter | Scope=instance | Storage=String | ReadOnly=False | Shared=True | Id=7626172
INFO | Candidate: NWB_DimDiameter | Scope=instance | Storage=String | ReadOnly=False | Shared=True | Id=13710673
INFO | Found 2 parameters named NWB_DimDiameter
INFO | SELECTED | Shared Parameter | Scope=instance | ReadOnly=False | Id=13710673
INFO | IGNORED (SharedOnly) | Shared Parameter | Scope=instance | ReadOnly=False | Id=7626172
INFO | Element 13799375 | NWB_DimDiameter | Kind=Shared Parameter | Scope=instance | Storage=String | Old='' | New='160'
SOURCE | Element 13799375 | Cat=Pipes | Family=Pipe Types | Type= | Level=LEVEL 06 | Name=MHT - PVC - PNEUMATIC TUBE SYSTEMS | System=Other | SizeText=160ø | Width= | Height= | Diameter=160
ELEMENT | 13799375 | Size='160ø' | Width='' | Height='' | Diameter='160' | Statuses=NWB_DimWidth:SKIP; NWB_DimHeight:SKIP; NWB_DimDiameter:OK
INFO | Candidate: NWB_DimDiameter | Scope=instance | Storage=String | ReadOnly=False | Shared=True | Id=7626172
INFO | Candidate: NWB_DimDiameter | Scope=instance | Storage=String | ReadOnly=False | Shared=True | Id=13710673
INFO | Found 2 parameters named NWB_DimDiameter
INFO | SELECTED | Shared Parameter | Scope=instance | ReadOnly=False | Id=13710673
INFO | IGNORED (SharedOnly) | Shared Parameter | Scope=instance | ReadOnly=False | Id=7626172
INFO | Element 13799405 | NWB_DimDiameter | Kind=Shared Parameter | Scope=instance | Storage=String | Old='' | New='160'
SOURCE | Element 13799405 | Cat=Pipes | Family=Pipe Types | Type= | Level=LEVEL 06 | Name=MHT - PVC - PNEUMATIC TUBE SYSTEMS | System=Other | SizeText=160ø | Width= | Height= | Diameter=160
ELEMENT | 13799405 | Size='160ø' | Width='' | Height='' | Diameter='160' | Statuses=NWB_DimWidth:SKIP; NWB_DimHeight:SKIP; NWB_DimDiameter:OK
INFO | Candidate: NWB_DimDiameter | Scope=instance | Storage=String | ReadOnly=False | Shared=True | Id=7626172
INFO | Candidate: NWB_DimDiameter | Scope=instance | Storage=String | ReadOnly=False | Shared=True | Id=13710673
INFO | Found 2 parameters named NWB_DimDiameter
INFO | SELECTED | Shared Parameter | Scope=instance | ReadOnly=False | Id=13710673
INFO | IGNORED (SharedOnly) | Shared Parameter | Scope=instance | ReadOnly=False | Id=7626172
INFO | Element 13802664 | NWB_DimDiameter | Kind=Shared Parameter | Scope=instance | Storage=String | Old='' | New='160'
SOURCE | Element 13802664 | Cat=Pipes | Family=Pipe Types | Type= | Level=LEVEL 06 | Name=MHT - PVC - PNEUMATIC TUBE SYSTEMS | System=Other | SizeText=160ø | Width= | Height= | Diameter=160
ELEMENT | 13802664 | Size='160ø' | Width='' | Height='' | Diameter='160' | Statuses=NWB_DimWidth:SKIP; NWB_DimHeight:SKIP; NWB_DimDiameter:OK
INFO | Candidate: NWB_DimDiameter | Scope=instance | Storage=String | ReadOnly=False | Shared=True | Id=7626172
INFO | Candidate: NWB_DimDiameter | Scope=instance | Storage=String | ReadOnly=False | Shared=True | Id=13710673
INFO | Found 2 parameters named NWB_DimDiameter
INFO | SELECTED | Shared Parameter | Scope=instance | ReadOnly=False | Id=13710673
INFO | IGNORED (SharedOnly) | Shared Parameter | Scope=instance | ReadOnly=False | Id=7626172
INFO | Element 13802676 | NWB_DimDiameter | Kind=Shared Parameter | Scope=instance | Storage=String | Old='' | New='160'
SOURCE | Element 13802676 | Cat=Pipes | Family=Pipe Types | Type= | Level=LEVEL 06 | Name=MHT - PVC - PNEUMATIC TUBE SYSTEMS | System=Other | SizeText=160ø | Width= | Height= | Diameter=160
ELEMENT | 13802676 | Size='160ø' | Width='' | Height='' | Diameter='160' | Statuses=NWB_DimWidth:SKIP; NWB_DimHeight:SKIP; NWB_DimDiameter:OK
INFO | Candidate: NWB_DimDiameter | Scope=instance | Storage=String | ReadOnly=False | Shared=True | Id=7626172
INFO | Candidate: NWB_DimDiameter | Scope=instance | Storage=String | ReadOnly=False | Shared=True | Id=13710673
INFO | Found 2 parameters named NWB_DimDiameter
INFO | SELECTED | Shared Parameter | Scope=instance | ReadOnly=False | Id=13710673
INFO | IGNORED (SharedOnly) | Shared Parameter | Scope=instance | ReadOnly=False | Id=7626172
INFO | Element 13802678 | NWB_DimDiameter | Kind=Shared Parameter | Scope=instance | Storage=String | Old='' | New='160'
SOURCE | Element 13802678 | Cat=Pipes | Family=Pipe Types | Type= | Level=LEVEL 06 | Name=MHT - PVC - PNEUMATIC TUBE SYSTEMS | System=Other | SizeText=160ø | Width= | Height= | Diameter=160
ELEMENT | 13802678 | Size='160ø' | Width='' | Height='' | Diameter='160' | Statuses=NWB_DimWidth:SKIP; NWB_DimHeight:SKIP; NWB_DimDiameter:OK
INFO | Candidate: NWB_DimDiameter | Scope=instance | Storage=String | ReadOnly=False | Shared=True | Id=7626172
INFO | Candidate: NWB_DimDiameter | Scope=instance | Storage=String | ReadOnly=False | Shared=True | Id=13710673
INFO | Found 2 parameters named NWB_DimDiameter
INFO | SELECTED | Shared Parameter | Scope=instance | ReadOnly=False | Id=13710673
INFO | IGNORED (SharedOnly) | Shared Parameter | Scope=instance | ReadOnly=False | Id=7626172
INFO | Element 13802682 | NWB_DimDiameter | Kind=Shared Parameter | Scope=instance | Storage=String | Old='' | New='160'
SOURCE | Element 13802682 | Cat=Pipes | Family=Pipe Types | Type= | Level=LEVEL 06 | Name=MHT - PVC - PNEUMATIC TUBE SYSTEMS | System=Other | SizeText=160ø | Width= | Height= | Diameter=160
ELEMENT | 13802682 | Size='160ø' | Width='' | Height='' | Diameter='160' | Statuses=NWB_DimWidth:SKIP; NWB_DimHeight:SKIP; NWB_DimDiameter:OK
INFO | Candidate: NWB_DimDiameter | Scope=instance | Storage=String | ReadOnly=False | Shared=True | Id=7626172
INFO | Candidate: NWB_DimDiameter | Scope=instance | Storage=String | ReadOnly=False | Shared=True | Id=13710673
INFO | Found 2 parameters named NWB_DimDiameter
INFO | SELECTED | Shared Parameter | Scope=instance | ReadOnly=False | Id=13710673
INFO | IGNORED (SharedOnly) | Shared Parameter | Scope=instance | ReadOnly=False | Id=7626172
INFO | Element 13802684 | NWB_DimDiameter | Kind=Shared Parameter | Scope=instance | Storage=String | Old='' | New='160'
SOURCE | Element 13802684 | Cat=Pipes | Family=Pipe Types | Type= | Level=LEVEL 06 | Name=MHT - PVC - PNEUMATIC TUBE SYSTEMS | System=Other | SizeText=160ø | Width= | Height= | Diameter=160
ELEMENT | 13802684 | Size='160ø' | Width='' | Height='' | Diameter='160' | Statuses=NWB_DimWidth:SKIP; NWB_DimHeight:SKIP; NWB_DimDiameter:OK
INFO | Candidate: NWB_DimDiameter | Scope=instance | Storage=String | ReadOnly=False | Shared=True | Id=7626172
INFO | Candidate: NWB_DimDiameter | Scope=instance | Storage=String | ReadOnly=False | Shared=True | Id=13710673
INFO | Found 2 parameters named NWB_DimDiameter
INFO | SELECTED | Shared Parameter | Scope=instance | ReadOnly=False | Id=13710673
INFO | IGNORED (SharedOnly) | Shared Parameter | Scope=instance | ReadOnly=False | Id=7626172
INFO | Element 13802714 | NWB_DimDiameter | Kind=Shared Parameter | Scope=instance | Storage=String | Old='' | New='160'
SOURCE | Element 13802714 | Cat=Pipes | Family=Pipe Types | Type= | Level=LEVEL 06 | Name=MHT - PVC - PNEUMATIC TUBE SYSTEMS | System=Other | SizeText=160ø | Width= | Height= | Diameter=160
ELEMENT | 13802714 | Size='160ø' | Width='' | Height='' | Diameter='160' | Statuses=NWB_DimWidth:SKIP; NWB_DimHeight:SKIP; NWB_DimDiameter:OK
INFO | Candidate: NWB_DimDiameter | Scope=instance | Storage=String | ReadOnly=False | Shared=True | Id=7626172
INFO | Candidate: NWB_DimDiameter | Scope=instance | Storage=String | ReadOnly=False | Shared=True | Id=13710673
INFO | Found 2 parameters named NWB_DimDiameter
INFO | SELECTED | Shared Parameter | Scope=instance | ReadOnly=False | Id=13710673
INFO | IGNORED (SharedOnly) | Shared Parameter | Scope=instance | ReadOnly=False | Id=7626172
INFO | Element 13802716 | NWB_DimDiameter | Kind=Shared Parameter | Scope=instance | Storage=String | Old='' | New='160'
SOURCE | Element 13802716 | Cat=Pipes | Family=Pipe Types | Type= | Level=LEVEL 06 | Name=MHT - PVC - PNEUMATIC TUBE SYSTEMS | System=Other | SizeText=160ø | Width= | Height= | Diameter=160
ELEMENT | 13802716 | Size='160ø' | Width='' | Height='' | Diameter='160' | Statuses=NWB_DimWidth:SKIP; NWB_DimHeight:SKIP; NWB_DimDiameter:OK
INFO | Candidate: NWB_DimDiameter | Scope=instance | Storage=String | ReadOnly=False | Shared=True | Id=7626172
INFO | Candidate: NWB_DimDiameter | Scope=instance | Storage=String | ReadOnly=False | Shared=True | Id=13710673
INFO | Found 2 parameters named NWB_DimDiameter
INFO | SELECTED | Shared Parameter | Scope=instance | ReadOnly=False | Id=13710673
INFO | IGNORED (SharedOnly) | Shared Parameter | Scope=instance | ReadOnly=False | Id=7626172
INFO | Element 13802720 | NWB_DimDiameter | Kind=Shared Parameter | Scope=instance | Storage=String | Old='' | New='160'
SOURCE | Element 13802720 | Cat=Pipes | Family=Pipe Types | Type= | Level=LEVEL 06 | Name=MHT - PVC - PNEUMATIC TUBE SYSTEMS | System=Other | SizeText=160ø | Width= | Height= | Diameter=160
ELEMENT | 13802720 | Size='160ø' | Width='' | Height='' | Diameter='160' | Statuses=NWB_DimWidth:SKIP; NWB_DimHeight:SKIP; NWB_DimDiameter:OK
INFO | Candidate: NWB_DimDiameter | Scope=instance | Storage=String | ReadOnly=False | Shared=True | Id=7626172
INFO | Candidate: NWB_DimDiameter | Scope=instance | Storage=String | ReadOnly=False | Shared=True | Id=13710673
INFO | Found 2 parameters named NWB_DimDiameter
INFO | SELECTED | Shared Parameter | Scope=instance | ReadOnly=False | Id=13710673
INFO | IGNORED (SharedOnly) | Shared Parameter | Scope=instance | ReadOnly=False | Id=7626172
INFO | Element 13802722 | NWB_DimDiameter | Kind=Shared Parameter | Scope=instance | Storage=String | Old='' | New='160'
SOURCE | Element 13802722 | Cat=Pipes | Family=Pipe Types | Type= | Level=LEVEL 06 | Name=MHT - PVC - PNEUMATIC TUBE SYSTEMS | System=Other | SizeText=160ø | Width= | Height= | Diameter=160
ELEMENT | 13802722 | Size='160ø' | Width='' | Height='' | Diameter='160' | Statuses=NWB_DimWidth:SKIP; NWB_DimHeight:SKIP; NWB_DimDiameter:OK
INFO | Candidate: NWB_DimDiameter | Scope=instance | Storage=String | ReadOnly=False | Shared=True | Id=7626172
INFO | Candidate: NWB_DimDiameter | Scope=instance | Storage=String | ReadOnly=False | Shared=True | Id=13710673
INFO | Found 2 parameters named NWB_DimDiameter
INFO | SELECTED | Shared Parameter | Scope=instance | ReadOnly=False | Id=13710673
INFO | IGNORED (SharedOnly) | Shared Parameter | Scope=instance | ReadOnly=False | Id=7626172
INFO | Element 13802728 | NWB_DimDiameter | Kind=Shared Parameter | Scope=instance | Storage=String | Old='' | New='160'
SOURCE | Element 13802728 | Cat=Pipes | Family=Pipe Types | Type= | Level=LEVEL 06 | Name=MHT - PVC - PNEUMATIC TUBE SYSTEMS | System=Other | SizeText=160ø | Width= | Height= | Diameter=160
ELEMENT | 13802728 | Size='160ø' | Width='' | Height='' | Diameter='160' | Statuses=NWB_DimWidth:SKIP; NWB_DimHeight:SKIP; NWB_DimDiameter:OK
INFO | Candidate: NWB_DimDiameter | Scope=instance | Storage=String | ReadOnly=False | Shared=True | Id=7626172
INFO | Candidate: NWB_DimDiameter | Scope=instance | Storage=String | ReadOnly=False | Shared=True | Id=13710673
INFO | Found 2 parameters named NWB_DimDiameter
INFO | SELECTED | Shared Parameter | Scope=instance | ReadOnly=False | Id=13710673
INFO | IGNORED (SharedOnly) | Shared Parameter | Scope=instance | ReadOnly=False | Id=7626172
INFO | Element 13813861 | NWB_DimDiameter | Kind=Shared Parameter | Scope=instance | Storage=String | Old='' | New='160'
SOURCE | Element 13813861 | Cat=Pipes | Family=Pipe Types | Type= | Level=LEVEL 04 | Name=MHT - PVC - PNEUMATIC TUBE SYSTEMS | System=Other | SizeText=160ø | Width= | Height= | Diameter=160
ELEMENT | 13813861 | Size='160ø' | Width='' | Height='' | Diameter='160' | Statuses=NWB_DimWidth:SKIP; NWB_DimHeight:SKIP; NWB_DimDiameter:OK
INFO | Candidate: NWB_DimDiameter | Scope=instance | Storage=String | ReadOnly=False | Shared=True | Id=7626172
INFO | Candidate: NWB_DimDiameter | Scope=instance | Storage=String | ReadOnly=False | Shared=True | Id=13710673
INFO | Found 2 parameters named NWB_DimDiameter
INFO | SELECTED | Shared Parameter | Scope=instance | ReadOnly=False | Id=13710673
INFO | IGNORED (SharedOnly) | Shared Parameter | Scope=instance | ReadOnly=False | Id=7626172
INFO | Element 13813896 | NWB_DimDiameter | Kind=Shared Parameter | Scope=instance | Storage=String | Old='' | New='160'
SOURCE | Element 13813896 | Cat=Pipes | Family=Pipe Types | Type= | Level=LEVEL 06 | Name=MHT - PVC - PNEUMATIC TUBE SYSTEMS | System=Other | SizeText=160ø | Width= | Height= | Diameter=160
ELEMENT | 13813896 | Size='160ø' | Width='' | Height='' | Diameter='160' | Statuses=NWB_DimWidth:SKIP; NWB_DimHeight:SKIP; NWB_DimDiameter:OK
INFO | Candidate: NWB_DimDiameter | Scope=instance | Storage=String | ReadOnly=False | Shared=True | Id=7626172
INFO | Candidate: NWB_DimDiameter | Scope=instance | Storage=String | ReadOnly=False | Shared=True | Id=13710673
INFO | Found 2 parameters named NWB_DimDiameter
INFO | SELECTED | Shared Parameter | Scope=instance | ReadOnly=False | Id=13710673
INFO | IGNORED (SharedOnly) | Shared Parameter | Scope=instance | ReadOnly=False | Id=7626172
INFO | Element 13813900 | NWB_DimDiameter | Kind=Shared Parameter | Scope=instance | Storage=String | Old='' | New='160'
SOURCE | Element 13813900 | Cat=Pipes | Family=Pipe Types | Type= | Level=LEVEL 08 | Name=MHT - PVC - PNEUMATIC TUBE SYSTEMS | System=Other | SizeText=160ø | Width= | Height= | Diameter=160
ELEMENT | 13813900 | Size='160ø' | Width='' | Height='' | Diameter='160' | Statuses=NWB_DimWidth:SKIP; NWB_DimHeight:SKIP; NWB_DimDiameter:OK
INFO | Candidate: NWB_DimDiameter | Scope=instance | Storage=String | ReadOnly=False | Shared=True | Id=7626172
INFO | Candidate: NWB_DimDiameter | Scope=instance | Storage=String | ReadOnly=False | Shared=True | Id=13710673
INFO | Found 2 parameters named NWB_DimDiameter
INFO | SELECTED | Shared Parameter | Scope=instance | ReadOnly=False | Id=13710673
INFO | IGNORED (SharedOnly) | Shared Parameter | Scope=instance | ReadOnly=False | Id=7626172
INFO | Element 13813902 | NWB_DimDiameter | Kind=Shared Parameter | Scope=instance | Storage=String | Old='' | New='160'
SOURCE | Element 13813902 | Cat=Pipes | Family=Pipe Types | Type= | Level=LEVEL 06 | Name=MHT - PVC - PNEUMATIC TUBE SYSTEMS | System=Other | SizeText=160ø | Width= | Height= | Diameter=160
ELEMENT | 13813902 | Size='160ø' | Width='' | Height='' | Diameter='160' | Statuses=NWB_DimWidth:SKIP; NWB_DimHeight:SKIP; NWB_DimDiameter:OK
INFO | Candidate: NWB_DimDiameter | Scope=instance | Storage=String | ReadOnly=False | Shared=True | Id=7626172
INFO | Candidate: NWB_DimDiameter | Scope=instance | Storage=String | ReadOnly=False | Shared=True | Id=13710673
INFO | Found 2 parameters named NWB_DimDiameter
INFO | SELECTED | Shared Parameter | Scope=instance | ReadOnly=False | Id=13710673
INFO | IGNORED (SharedOnly) | Shared Parameter | Scope=instance | ReadOnly=False | Id=7626172
INFO | Element 13813906 | NWB_DimDiameter | Kind=Shared Parameter | Scope=instance | Storage=String | Old='' | New='160'
SOURCE | Element 13813906 | Cat=Pipes | Family=Pipe Types | Type= | Level=LEVEL 05 | Name=MHT - PVC - PNEUMATIC TUBE SYSTEMS | System=Other | SizeText=160ø | Width= | Height= | Diameter=160
ELEMENT | 13813906 | Size='160ø' | Width='' | Height='' | Diameter='160' | Statuses=NWB_DimWidth:SKIP; NWB_DimHeight:SKIP; NWB_DimDiameter:OK
INFO | Candidate: NWB_DimDiameter | Scope=instance | Storage=String | ReadOnly=False | Shared=True | Id=7626172
INFO | Candidate: NWB_DimDiameter | Scope=instance | Storage=String | ReadOnly=False | Shared=True | Id=13710673
INFO | Found 2 parameters named NWB_DimDiameter
INFO | SELECTED | Shared Parameter | Scope=instance | ReadOnly=False | Id=13710673
INFO | IGNORED (SharedOnly) | Shared Parameter | Scope=instance | ReadOnly=False | Id=7626172
INFO | Element 13813912 | NWB_DimDiameter | Kind=Shared Parameter | Scope=instance | Storage=String | Old='' | New='160'
SOURCE | Element 13813912 | Cat=Pipes | Family=Pipe Types | Type= | Level=LEVEL 04 | Name=MHT - PVC - PNEUMATIC TUBE SYSTEMS | System=Other | SizeText=160ø | Width= | Height= | Diameter=160
ELEMENT | 13813912 | Size='160ø' | Width='' | Height='' | Diameter='160' | Statuses=NWB_DimWidth:SKIP; NWB_DimHeight:SKIP; NWB_DimDiameter:OK
INFO | Candidate: NWB_DimDiameter | Scope=instance | Storage=String | ReadOnly=False | Shared=True | Id=7626172
INFO | Candidate: NWB_DimDiameter | Scope=instance | Storage=String | ReadOnly=False | Shared=True | Id=13710673
INFO | Found 2 parameters named NWB_DimDiameter
INFO | SELECTED | Shared Parameter | Scope=instance | ReadOnly=False | Id=13710673
INFO | IGNORED (SharedOnly) | Shared Parameter | Scope=instance | ReadOnly=False | Id=7626172
INFO | Element 13813914 | NWB_DimDiameter | Kind=Shared Parameter | Scope=instance | Storage=String | Old='' | New='160'
SOURCE | Element 13813914 | Cat=Pipes | Family=Pipe Types | Type= | Level=LEVEL 06 | Name=MHT - PVC - PNEUMATIC TUBE SYSTEMS | System=Other | SizeText=160ø | Width= | Height= | Diameter=160
ELEMENT | 13813914 | Size='160ø' | Width='' | Height='' | Diameter='160' | Statuses=NWB_DimWidth:SKIP; NWB_DimHeight:SKIP; NWB_DimDiameter:OK
INFO | Candidate: NWB_DimDiameter | Scope=instance | Storage=String | ReadOnly=False | Shared=True | Id=7626172
INFO | Candidate: NWB_DimDiameter | Scope=instance | Storage=String | ReadOnly=False | Shared=True | Id=13710673
INFO | Found 2 parameters named NWB_DimDiameter
INFO | SELECTED | Shared Parameter | Scope=instance | ReadOnly=False | Id=13710673
INFO | IGNORED (SharedOnly) | Shared Parameter | Scope=instance | ReadOnly=False | Id=7626172
INFO | Element 13813922 | NWB_DimDiameter | Kind=Shared Parameter | Scope=instance | Storage=String | Old='' | New='160'
SOURCE | Element 13813922 | Cat=Pipes | Family=Pipe Types | Type= | Level=LEVEL 06 | Name=MHT - PVC - PNEUMATIC TUBE SYSTEMS | System=Other | SizeText=160ø | Width= | Height= | Diameter=160
ELEMENT | 13813922 | Size='160ø' | Width='' | Height='' | Diameter='160' | Statuses=NWB_DimWidth:SKIP; NWB_DimHeight:SKIP; NWB_DimDiameter:OK
INFO | Candidate: NWB_DimDiameter | Scope=instance | Storage=String | ReadOnly=False | Shared=True | Id=7626172
INFO | Candidate: NWB_DimDiameter | Scope=instance | Storage=String | ReadOnly=False | Shared=True | Id=13710673
INFO | Found 2 parameters named NWB_DimDiameter
INFO | SELECTED | Shared Parameter | Scope=instance | ReadOnly=False | Id=13710673
INFO | IGNORED (SharedOnly) | Shared Parameter | Scope=instance | ReadOnly=False | Id=7626172
INFO | Element 13813925 | NWB_DimDiameter | Kind=Shared Parameter | Scope=instance | Storage=String | Old='' | New='160'
SOURCE | Element 13813925 | Cat=Pipes | Family=Pipe Types | Type= | Level=LEVEL 06 | Name=MHT - PVC - PNEUMATIC TUBE SYSTEMS | System=Other | SizeText=160ø | Width= | Height= | Diameter=160
ELEMENT | 13813925 | Size='160ø' | Width='' | Height='' | Diameter='160' | Statuses=NWB_DimWidth:SKIP; NWB_DimHeight:SKIP; NWB_DimDiameter:OK
INFO | Candidate: NWB_DimDiameter | Scope=instance | Storage=String | ReadOnly=False | Shared=True | Id=7626172
INFO | Candidate: NWB_DimDiameter | Scope=instance | Storage=String | ReadOnly=False | Shared=True | Id=13710673
INFO | Found 2 parameters named NWB_DimDiameter
INFO | SELECTED | Shared Parameter | Scope=instance | ReadOnly=False | Id=13710673
INFO | IGNORED (SharedOnly) | Shared Parameter | Scope=instance | ReadOnly=False | Id=7626172
INFO | Element 13813966 | NWB_DimDiameter | Kind=Shared Parameter | Scope=instance | Storage=String | Old='' | New='160'
SOURCE | Element 13813966 | Cat=Pipes | Family=Pipe Types | Type= | Level=LEVEL 08 | Name=MHT - PVC - PNEUMATIC TUBE SYSTEMS | System=Other | SizeText=160ø | Width= | Height= | Diameter=160
ELEMENT | 13813966 | Size='160ø' | Width='' | Height='' | Diameter='160' | Statuses=NWB_DimWidth:SKIP; NWB_DimHeight:SKIP; NWB_DimDiameter:OK
INFO | Candidate: NWB_DimDiameter | Scope=instance | Storage=String | ReadOnly=False | Shared=True | Id=7626172
INFO | Candidate: NWB_DimDiameter | Scope=instance | Storage=String | ReadOnly=False | Shared=True | Id=13710673
INFO | Found 2 parameters named NWB_DimDiameter
INFO | SELECTED | Shared Parameter | Scope=instance | ReadOnly=False | Id=13710673
INFO | IGNORED (SharedOnly) | Shared Parameter | Scope=instance | ReadOnly=False | Id=7626172
INFO | Element 13813968 | NWB_DimDiameter | Kind=Shared Parameter | Scope=instance | Storage=String | Old='' | New='160'
SOURCE | Element 13813968 | Cat=Pipes | Family=Pipe Types | Type= | Level=LEVEL 08 | Name=MHT - PVC - PNEUMATIC TUBE SYSTEMS | System=Other | SizeText=160ø | Width= | Height= | Diameter=160
ELEMENT | 13813968 | Size='160ø' | Width='' | Height='' | Diameter='160' | Statuses=NWB_DimWidth:SKIP; NWB_DimHeight:SKIP; NWB_DimDiameter:OK
INFO | Candidate: NWB_DimDiameter | Scope=instance | Storage=String | ReadOnly=False | Shared=True | Id=7626172
INFO | Candidate: NWB_DimDiameter | Scope=instance | Storage=String | ReadOnly=False | Shared=True | Id=13710673
INFO | Found 2 parameters named NWB_DimDiameter
INFO | SELECTED | Shared Parameter | Scope=instance | ReadOnly=False | Id=13710673
INFO | IGNORED (SharedOnly) | Shared Parameter | Scope=instance | ReadOnly=False | Id=7626172
INFO | Element 13813976 | NWB_DimDiameter | Kind=Shared Parameter | Scope=instance | Storage=String | Old='' | New='160'
SOURCE | Element 13813976 | Cat=Pipes | Family=Pipe Types | Type= | Level=LEVEL 08 | Name=MHT - PVC - PNEUMATIC TUBE SYSTEMS | System=Other | SizeText=160ø | Width= | Height= | Diameter=160
ELEMENT | 13813976 | Size='160ø' | Width='' | Height='' | Diameter='160' | Statuses=NWB_DimWidth:SKIP; NWB_DimHeight:SKIP; NWB_DimDiameter:OK
INFO | Candidate: NWB_DimDiameter | Scope=instance | Storage=String | ReadOnly=False | Shared=True | Id=7626172
INFO | Candidate: NWB_DimDiameter | Scope=instance | Storage=String | ReadOnly=False | Shared=True | Id=13710673
INFO | Found 2 parameters named NWB_DimDiameter
INFO | SELECTED | Shared Parameter | Scope=instance | ReadOnly=False | Id=13710673
INFO | IGNORED (SharedOnly) | Shared Parameter | Scope=instance | ReadOnly=False | Id=7626172
INFO | Element 13813978 | NWB_DimDiameter | Kind=Shared Parameter | Scope=instance | Storage=String | Old='' | New='160'
SOURCE | Element 13813978 | Cat=Pipes | Family=Pipe Types | Type= | Level=LEVEL 06 | Name=MHT - PVC - PNEUMATIC TUBE SYSTEMS | System=Other | SizeText=160ø | Width= | Height= | Diameter=160
ELEMENT | 13813978 | Size='160ø' | Width='' | Height='' | Diameter='160' | Statuses=NWB_DimWidth:SKIP; NWB_DimHeight:SKIP; NWB_DimDiameter:OK
INFO | Candidate: NWB_DimDiameter | Scope=instance | Storage=String | ReadOnly=False | Shared=True | Id=7626172
INFO | Candidate: NWB_DimDiameter | Scope=instance | Storage=String | ReadOnly=False | Shared=True | Id=13710673
INFO | Found 2 parameters named NWB_DimDiameter
INFO | SELECTED | Shared Parameter | Scope=instance | ReadOnly=False | Id=13710673
INFO | IGNORED (SharedOnly) | Shared Parameter | Scope=instance | ReadOnly=False | Id=7626172
INFO | Element 13813984 | NWB_DimDiameter | Kind=Shared Parameter | Scope=instance | Storage=String | Old='' | New='160'
SOURCE | Element 13813984 | Cat=Pipes | Family=Pipe Types | Type= | Level=LEVEL 08 | Name=MHT - PVC - PNEUMATIC TUBE SYSTEMS | System=Other | SizeText=160ø | Width= | Height= | Diameter=160
ELEMENT | 13813984 | Size='160ø' | Width='' | Height='' | Diameter='160' | Statuses=NWB_DimWidth:SKIP; NWB_DimHeight:SKIP; NWB_DimDiameter:OK
INFO | Candidate: NWB_DimDiameter | Scope=instance | Storage=String | ReadOnly=False | Shared=True | Id=7626172
INFO | Candidate: NWB_DimDiameter | Scope=instance | Storage=String | ReadOnly=False | Shared=True | Id=13710673
INFO | Found 2 parameters named NWB_DimDiameter
INFO | SELECTED | Shared Parameter | Scope=instance | ReadOnly=False | Id=13710673
INFO | IGNORED (SharedOnly) | Shared Parameter | Scope=instance | ReadOnly=False | Id=7626172
INFO | Element 13814001 | NWB_DimDiameter | Kind=Shared Parameter | Scope=instance | Storage=String | Old='' | New='160'
SOURCE | Element 13814001 | Cat=Pipes | Family=Pipe Types | Type= | Level=LEVEL 06 | Name=MHT - PVC - PNEUMATIC TUBE SYSTEMS | System=Other | SizeText=160ø | Width= | Height= | Diameter=160
ELEMENT | 13814001 | Size='160ø' | Width='' | Height='' | Diameter='160' | Statuses=NWB_DimWidth:SKIP; NWB_DimHeight:SKIP; NWB_DimDiameter:OK
INFO | Candidate: NWB_DimDiameter | Scope=instance | Storage=String | ReadOnly=False | Shared=True | Id=7626172
INFO | Candidate: NWB_DimDiameter | Scope=instance | Storage=String | ReadOnly=False | Shared=True | Id=13710673
INFO | Found 2 parameters named NWB_DimDiameter
INFO | SELECTED | Shared Parameter | Scope=instance | ReadOnly=False | Id=13710673
INFO | IGNORED (SharedOnly) | Shared Parameter | Scope=instance | ReadOnly=False | Id=7626172
INFO | Element 13814003 | NWB_DimDiameter | Kind=Shared Parameter | Scope=instance | Storage=String | Old='' | New='160'
SOURCE | Element 13814003 | Cat=Pipes | Family=Pipe Types | Type= | Level=LEVEL 06 | Name=MHT - PVC - PNEUMATIC TUBE SYSTEMS | System=Other | SizeText=160ø | Width= | Height= | Diameter=160
ELEMENT | 13814003 | Size='160ø' | Width='' | Height='' | Diameter='160' | Statuses=NWB_DimWidth:SKIP; NWB_DimHeight:SKIP; NWB_DimDiameter:OK
INFO | Candidate: NWB_DimDiameter | Scope=instance | Storage=String | ReadOnly=False | Shared=True | Id=7626172
INFO | Candidate: NWB_DimDiameter | Scope=instance | Storage=String | ReadOnly=False | Shared=True | Id=13710673
INFO | Found 2 parameters named NWB_DimDiameter
INFO | SELECTED | Shared Parameter | Scope=instance | ReadOnly=False | Id=13710673
INFO | IGNORED (SharedOnly) | Shared Parameter | Scope=instance | ReadOnly=False | Id=7626172
INFO | Element 13814007 | NWB_DimDiameter | Kind=Shared Parameter | Scope=instance | Storage=String | Old='' | New='160'
SOURCE | Element 13814007 | Cat=Pipes | Family=Pipe Types | Type= | Level=LEVEL 06 | Name=MHT - PVC - PNEUMATIC TUBE SYSTEMS | System=Other | SizeText=160ø | Width= | Height= | Diameter=160
ELEMENT | 13814007 | Size='160ø' | Width='' | Height='' | Diameter='160' | Statuses=NWB_DimWidth:SKIP; NWB_DimHeight:SKIP; NWB_DimDiameter:OK
INFO | Candidate: NWB_DimDiameter | Scope=instance | Storage=String | ReadOnly=False | Shared=True | Id=7626172
INFO | Candidate: NWB_DimDiameter | Scope=instance | Storage=String | ReadOnly=False | Shared=True | Id=13710673
INFO | Found 2 parameters named NWB_DimDiameter
INFO | SELECTED | Shared Parameter | Scope=instance | ReadOnly=False | Id=13710673
INFO | IGNORED (SharedOnly) | Shared Parameter | Scope=instance | ReadOnly=False | Id=7626172
INFO | Element 13814009 | NWB_DimDiameter | Kind=Shared Parameter | Scope=instance | Storage=String | Old='' | New='160'
SOURCE | Element 13814009 | Cat=Pipes | Family=Pipe Types | Type= | Level=LEVEL 06 | Name=MHT - PVC - PNEUMATIC TUBE SYSTEMS | System=Other | SizeText=160ø | Width= | Height= | Diameter=160
ELEMENT | 13814009 | Size='160ø' | Width='' | Height='' | Diameter='160' | Statuses=NWB_DimWidth:SKIP; NWB_DimHeight:SKIP; NWB_DimDiameter:OK
INFO | Candidate: NWB_DimDiameter | Scope=instance | Storage=String | ReadOnly=False | Shared=True | Id=7626172
INFO | Candidate: NWB_DimDiameter | Scope=instance | Storage=String | ReadOnly=False | Shared=True | Id=13710673
INFO | Found 2 parameters named NWB_DimDiameter
INFO | SELECTED | Shared Parameter | Scope=instance | ReadOnly=False | Id=13710673
INFO | IGNORED (SharedOnly) | Shared Parameter | Scope=instance | ReadOnly=False | Id=7626172
INFO | Element 13814013 | NWB_DimDiameter | Kind=Shared Parameter | Scope=instance | Storage=String | Old='' | New='160'
SOURCE | Element 13814013 | Cat=Pipes | Family=Pipe Types | Type= | Level=LEVEL 06 | Name=MHT - PVC - PNEUMATIC TUBE SYSTEMS | System=Other | SizeText=160ø | Width= | Height= | Diameter=160
ELEMENT | 13814013 | Size='160ø' | Width='' | Height='' | Diameter='160' | Statuses=NWB_DimWidth:SKIP; NWB_DimHeight:SKIP; NWB_DimDiameter:OK
INFO | Candidate: NWB_DimDiameter | Scope=instance | Storage=String | ReadOnly=False | Shared=True | Id=7626172
INFO | Candidate: NWB_DimDiameter | Scope=instance | Storage=String | ReadOnly=False | Shared=True | Id=13710673
INFO | Found 2 parameters named NWB_DimDiameter
INFO | SELECTED | Shared Parameter | Scope=instance | ReadOnly=False | Id=13710673
INFO | IGNORED (SharedOnly) | Shared Parameter | Scope=instance | ReadOnly=False | Id=7626172
INFO | Element 13814020 | NWB_DimDiameter | Kind=Shared Parameter | Scope=instance | Storage=String | Old='' | New='160'
SOURCE | Element 13814020 | Cat=Pipes | Family=Pipe Types | Type= | Level=LEVEL 08 | Name=MHT - PVC - PNEUMATIC TUBE SYSTEMS | System=Other | SizeText=160ø | Width= | Height= | Diameter=160
ELEMENT | 13814020 | Size='160ø' | Width='' | Height='' | Diameter='160' | Statuses=NWB_DimWidth:SKIP; NWB_DimHeight:SKIP; NWB_DimDiameter:OK
INFO | Candidate: NWB_DimDiameter | Scope=instance | Storage=String | ReadOnly=False | Shared=True | Id=7626172
INFO | Candidate: NWB_DimDiameter | Scope=instance | Storage=String | ReadOnly=False | Shared=True | Id=13710673
INFO | Found 2 parameters named NWB_DimDiameter
INFO | SELECTED | Shared Parameter | Scope=instance | ReadOnly=False | Id=13710673
INFO | IGNORED (SharedOnly) | Shared Parameter | Scope=instance | ReadOnly=False | Id=7626172
INFO | Element 13814022 | NWB_DimDiameter | Kind=Shared Parameter | Scope=instance | Storage=String | Old='' | New='160'
SOURCE | Element 13814022 | Cat=Pipes | Family=Pipe Types | Type= | Level=LEVEL 06 | Name=MHT - PVC - PNEUMATIC TUBE SYSTEMS | System=Other | SizeText=160ø | Width= | Height= | Diameter=160
ELEMENT | 13814022 | Size='160ø' | Width='' | Height='' | Diameter='160' | Statuses=NWB_DimWidth:SKIP; NWB_DimHeight:SKIP; NWB_DimDiameter:OK
INFO | Candidate: NWB_DimDiameter | Scope=instance | Storage=String | ReadOnly=False | Shared=True | Id=7626172
INFO | Candidate: NWB_DimDiameter | Scope=instance | Storage=String | ReadOnly=False | Shared=True | Id=13710673
INFO | Found 2 parameters named NWB_DimDiameter
INFO | SELECTED | Shared Parameter | Scope=instance | ReadOnly=False | Id=13710673
INFO | IGNORED (SharedOnly) | Shared Parameter | Scope=instance | ReadOnly=False | Id=7626172
INFO | Element 13814027 | NWB_DimDiameter | Kind=Shared Parameter | Scope=instance | Storage=String | Old='' | New='160'
SOURCE | Element 13814027 | Cat=Pipes | Family=Pipe Types | Type= | Level=LEVEL 08 | Name=MHT - PVC - PNEUMATIC TUBE SYSTEMS | System=Other | SizeText=160ø | Width= | Height= | Diameter=160
ELEMENT | 13814027 | Size='160ø' | Width='' | Height='' | Diameter='160' | Statuses=NWB_DimWidth:SKIP; NWB_DimHeight:SKIP; NWB_DimDiameter:OK
INFO | Candidate: NWB_DimDiameter | Scope=instance | Storage=String | ReadOnly=False | Shared=True | Id=7626172
INFO | Candidate: NWB_DimDiameter | Scope=instance | Storage=String | ReadOnly=False | Shared=True | Id=13710673
INFO | Found 2 parameters named NWB_DimDiameter
INFO | SELECTED | Shared Parameter | Scope=instance | ReadOnly=False | Id=13710673
INFO | IGNORED (SharedOnly) | Shared Parameter | Scope=instance | ReadOnly=False | Id=7626172
INFO | Element 13814029 | NWB_DimDiameter | Kind=Shared Parameter | Scope=instance | Storage=String | Old='' | New='160'
SOURCE | Element 13814029 | Cat=Pipes | Family=Pipe Types | Type= | Level=LEVEL 06 | Name=MHT - PVC - PNEUMATIC TUBE SYSTEMS | System=Other | SizeText=160ø | Width= | Height= | Diameter=160
ELEMENT | 13814029 | Size='160ø' | Width='' | Height='' | Diameter='160' | Statuses=NWB_DimWidth:SKIP; NWB_DimHeight:SKIP; NWB_DimDiameter:OK
INFO | Candidate: NWB_DimDiameter | Scope=instance | Storage=String | ReadOnly=False | Shared=True | Id=7626172
INFO | Candidate: NWB_DimDiameter | Scope=instance | Storage=String | ReadOnly=False | Shared=True | Id=13710673
INFO | Found 2 parameters named NWB_DimDiameter
INFO | SELECTED | Shared Parameter | Scope=instance | ReadOnly=False | Id=13710673
INFO | IGNORED (SharedOnly) | Shared Parameter | Scope=instance | ReadOnly=False | Id=7626172
INFO | Element 13814072 | NWB_DimDiameter | Kind=Shared Parameter | Scope=instance | Storage=String | Old='' | New='160'
SOURCE | Element 13814072 | Cat=Pipes | Family=Pipe Types | Type= | Level=LEVEL 06 | Name=MHT - PVC - PNEUMATIC TUBE SYSTEMS | System=Other | SizeText=160ø | Width= | Height= | Diameter=160
ELEMENT | 13814072 | Size='160ø' | Width='' | Height='' | Diameter='160' | Statuses=NWB_DimWidth:SKIP; NWB_DimHeight:SKIP; NWB_DimDiameter:OK
INFO | Candidate: NWB_DimDiameter | Scope=instance | Storage=String | ReadOnly=False | Shared=True | Id=7626172
INFO | Candidate: NWB_DimDiameter | Scope=instance | Storage=String | ReadOnly=False | Shared=True | Id=13710673
INFO | Found 2 parameters named NWB_DimDiameter
INFO | SELECTED | Shared Parameter | Scope=instance | ReadOnly=False | Id=13710673
INFO | IGNORED (SharedOnly) | Shared Parameter | Scope=instance | ReadOnly=False | Id=7626172
INFO | Element 13814106 | NWB_DimDiameter | Kind=Shared Parameter | Scope=instance | Storage=String | Old='' | New='160'
SOURCE | Element 13814106 | Cat=Pipes | Family=Pipe Types | Type= | Level=LEVEL 06 | Name=MHT - PVC - PNEUMATIC TUBE SYSTEMS | System=Other | SizeText=160ø | Width= | Height= | Diameter=160
ELEMENT | 13814106 | Size='160ø' | Width='' | Height='' | Diameter='160' | Statuses=NWB_DimWidth:SKIP; NWB_DimHeight:SKIP; NWB_DimDiameter:OK
INFO | Candidate: NWB_DimDiameter | Scope=instance | Storage=String | ReadOnly=False | Shared=True | Id=7626172
INFO | Candidate: NWB_DimDiameter | Scope=instance | Storage=String | ReadOnly=False | Shared=True | Id=13710673
INFO | Found 2 parameters named NWB_DimDiameter
INFO | SELECTED | Shared Parameter | Scope=instance | ReadOnly=False | Id=13710673
INFO | IGNORED (SharedOnly) | Shared Parameter | Scope=instance | ReadOnly=False | Id=7626172
INFO | Element 13814390 | NWB_DimDiameter | Kind=Shared Parameter | Scope=instance | Storage=String | Old='' | New='160'
SOURCE | Element 13814390 | Cat=Pipes | Family=Pipe Types | Type= | Level=LEVEL 06 | Name=MHT - PVC - PNEUMATIC TUBE SYSTEMS | System=Other | SizeText=160ø | Width= | Height= | Diameter=160
ELEMENT | 13814390 | Size='160ø' | Width='' | Height='' | Diameter='160' | Statuses=NWB_DimWidth:SKIP; NWB_DimHeight:SKIP; NWB_DimDiameter:OK
INFO | Candidate: NWB_DimDiameter | Scope=instance | Storage=String | ReadOnly=False | Shared=True | Id=7626172
INFO | Candidate: NWB_DimDiameter | Scope=instance | Storage=String | ReadOnly=False | Shared=True | Id=13710673
INFO | Found 2 parameters named NWB_DimDiameter
INFO | SELECTED | Shared Parameter | Scope=instance | ReadOnly=False | Id=13710673
INFO | IGNORED (SharedOnly) | Shared Parameter | Scope=instance | ReadOnly=False | Id=7626172
INFO | Element 13814469 | NWB_DimDiameter | Kind=Shared Parameter | Scope=instance | Storage=String | Old='' | New='160'
SOURCE | Element 13814469 | Cat=Pipes | Family=Pipe Types | Type= | Level=LEVEL 06 | Name=MHT - PVC - PNEUMATIC TUBE SYSTEMS | System=Other | SizeText=160ø | Width= | Height= | Diameter=160
ELEMENT | 13814469 | Size='160ø' | Width='' | Height='' | Diameter='160' | Statuses=NWB_DimWidth:SKIP; NWB_DimHeight:SKIP; NWB_DimDiameter:OK
INFO | Candidate: NWB_DimDiameter | Scope=instance | Storage=String | ReadOnly=False | Shared=True | Id=7626172
INFO | Candidate: NWB_DimDiameter | Scope=instance | Storage=String | ReadOnly=False | Shared=True | Id=13710673
INFO | Found 2 parameters named NWB_DimDiameter
INFO | SELECTED | Shared Parameter | Scope=instance | ReadOnly=False | Id=13710673
INFO | IGNORED (SharedOnly) | Shared Parameter | Scope=instance | ReadOnly=False | Id=7626172
INFO | Element 13814526 | NWB_DimDiameter | Kind=Shared Parameter | Scope=instance | Storage=String | Old='' | New='160'
SOURCE | Element 13814526 | Cat=Pipes | Family=Pipe Types | Type= | Level=LEVEL 06 | Name=MHT - PVC - PNEUMATIC TUBE SYSTEMS | System=Other | SizeText=160ø | Width= | Height= | Diameter=160
ELEMENT | 13814526 | Size='160ø' | Width='' | Height='' | Diameter='160' | Statuses=NWB_DimWidth:SKIP; NWB_DimHeight:SKIP; NWB_DimDiameter:OK
INFO | Candidate: NWB_DimDiameter | Scope=instance | Storage=String | ReadOnly=False | Shared=True | Id=7626172
INFO | Candidate: NWB_DimDiameter | Scope=instance | Storage=String | ReadOnly=False | Shared=True | Id=13710673
INFO | Found 2 parameters named NWB_DimDiameter
INFO | SELECTED | Shared Parameter | Scope=instance | ReadOnly=False | Id=13710673
INFO | IGNORED (SharedOnly) | Shared Parameter | Scope=instance | ReadOnly=False | Id=7626172
INFO | Element 13814598 | NWB_DimDiameter | Kind=Shared Parameter | Scope=instance | Storage=String | Old='' | New='160'
SOURCE | Element 13814598 | Cat=Pipes | Family=Pipe Types | Type= | Level=LEVEL 06 | Name=MHT - PVC - PNEUMATIC TUBE SYSTEMS | System=Other | SizeText=160ø | Width= | Height= | Diameter=160
ELEMENT | 13814598 | Size='160ø' | Width='' | Height='' | Diameter='160' | Statuses=NWB_DimWidth:SKIP; NWB_DimHeight:SKIP; NWB_DimDiameter:OK
INFO | Candidate: NWB_DimDiameter | Scope=instance | Storage=String | ReadOnly=False | Shared=True | Id=7626172
INFO | Candidate: NWB_DimDiameter | Scope=instance | Storage=String | ReadOnly=False | Shared=True | Id=13710673
INFO | Found 2 parameters named NWB_DimDiameter
INFO | SELECTED | Shared Parameter | Scope=instance | ReadOnly=False | Id=13710673
INFO | IGNORED (SharedOnly) | Shared Parameter | Scope=instance | ReadOnly=False | Id=7626172
INFO | Element 13814794 | NWB_DimDiameter | Kind=Shared Parameter | Scope=instance | Storage=String | Old='' | New='160'
SOURCE | Element 13814794 | Cat=Pipes | Family=Pipe Types | Type= | Level=LEVEL 06 | Name=MHT - PVC - PNEUMATIC TUBE SYSTEMS | System=Other | SizeText=160ø | Width= | Height= | Diameter=160
ELEMENT | 13814794 | Size='160ø' | Width='' | Height='' | Diameter='160' | Statuses=NWB_DimWidth:SKIP; NWB_DimHeight:SKIP; NWB_DimDiameter:OK
INFO | Candidate: NWB_DimDiameter | Scope=instance | Storage=String | ReadOnly=False | Shared=True | Id=7626172
INFO | Candidate: NWB_DimDiameter | Scope=instance | Storage=String | ReadOnly=False | Shared=True | Id=13710673
INFO | Found 2 parameters named NWB_DimDiameter
INFO | SELECTED | Shared Parameter | Scope=instance | ReadOnly=False | Id=13710673
INFO | IGNORED (SharedOnly) | Shared Parameter | Scope=instance | ReadOnly=False | Id=7626172
INFO | Element 13814824 | NWB_DimDiameter | Kind=Shared Parameter | Scope=instance | Storage=String | Old='' | New='160'
SOURCE | Element 13814824 | Cat=Pipes | Family=Pipe Types | Type= | Level=LEVEL 06 | Name=MHT - PVC - PNEUMATIC TUBE SYSTEMS | System=Other | SizeText=160ø | Width= | Height= | Diameter=160
ELEMENT | 13814824 | Size='160ø' | Width='' | Height='' | Diameter='160' | Statuses=NWB_DimWidth:SKIP; NWB_DimHeight:SKIP; NWB_DimDiameter:OK
INFO | Candidate: NWB_DimDiameter | Scope=instance | Storage=String | ReadOnly=False | Shared=True | Id=7626172
INFO | Candidate: NWB_DimDiameter | Scope=instance | Storage=String | ReadOnly=False | Shared=True | Id=13710673
INFO | Found 2 parameters named NWB_DimDiameter
INFO | SELECTED | Shared Parameter | Scope=instance | ReadOnly=False | Id=13710673
INFO | IGNORED (SharedOnly) | Shared Parameter | Scope=instance | ReadOnly=False | Id=7626172
INFO | Element 13815063 | NWB_DimDiameter | Kind=Shared Parameter | Scope=instance | Storage=String | Old='' | New='160'
SOURCE | Element 13815063 | Cat=Pipes | Family=Pipe Types | Type= | Level=LEVEL 06 | Name=MHT - PVC - PNEUMATIC TUBE SYSTEMS | System=Other | SizeText=160ø | Width= | Height= | Diameter=160
ELEMENT | 13815063 | Size='160ø' | Width='' | Height='' | Diameter='160' | Statuses=NWB_DimWidth:SKIP; NWB_DimHeight:SKIP; NWB_DimDiameter:OK
INFO | Candidate: NWB_DimDiameter | Scope=instance | Storage=String | ReadOnly=False | Shared=True | Id=7626172
INFO | Candidate: NWB_DimDiameter | Scope=instance | Storage=String | ReadOnly=False | Shared=True | Id=13710673
INFO | Found 2 parameters named NWB_DimDiameter
INFO | SELECTED | Shared Parameter | Scope=instance | ReadOnly=False | Id=13710673
INFO | IGNORED (SharedOnly) | Shared Parameter | Scope=instance | ReadOnly=False | Id=7626172
INFO | Element 13815337 | NWB_DimDiameter | Kind=Shared Parameter | Scope=instance | Storage=String | Old='' | New='160'
SOURCE | Element 13815337 | Cat=Pipes | Family=Pipe Types | Type= | Level=LEVEL 06 | Name=MHT - PVC - PNEUMATIC TUBE SYSTEMS | System=Other | SizeText=160ø | Width= | Height= | Diameter=160
ELEMENT | 13815337 | Size='160ø' | Width='' | Height='' | Diameter='160' | Statuses=NWB_DimWidth:SKIP; NWB_DimHeight:SKIP; NWB_DimDiameter:OK
INFO | Candidate: NWB_DimDiameter | Scope=instance | Storage=String | ReadOnly=False | Shared=True | Id=7626172
INFO | Candidate: NWB_DimDiameter | Scope=instance | Storage=String | ReadOnly=False | Shared=True | Id=13710673
INFO | Found 2 parameters named NWB_DimDiameter
INFO | SELECTED | Shared Parameter | Scope=instance | ReadOnly=False | Id=13710673
INFO | IGNORED (SharedOnly) | Shared Parameter | Scope=instance | ReadOnly=False | Id=7626172
INFO | Element 13815456 | NWB_DimDiameter | Kind=Shared Parameter | Scope=instance | Storage=String | Old='' | New='160'
SOURCE | Element 13815456 | Cat=Pipes | Family=Pipe Types | Type= | Level=LEVEL 06 | Name=MHT - PVC - PNEUMATIC TUBE SYSTEMS | System=Other | SizeText=160ø | Width= | Height= | Diameter=160
ELEMENT | 13815456 | Size='160ø' | Width='' | Height='' | Diameter='160' | Statuses=NWB_DimWidth:SKIP; NWB_DimHeight:SKIP; NWB_DimDiameter:OK
INFO | Candidate: NWB_DimDiameter | Scope=instance | Storage=String | ReadOnly=False | Shared=True | Id=7626172
INFO | Candidate: NWB_DimDiameter | Scope=instance | Storage=String | ReadOnly=False | Shared=True | Id=13710673
INFO | Found 2 parameters named NWB_DimDiameter
INFO | SELECTED | Shared Parameter | Scope=instance | ReadOnly=False | Id=13710673
INFO | IGNORED (SharedOnly) | Shared Parameter | Scope=instance | ReadOnly=False | Id=7626172
INFO | Element 13815850 | NWB_DimDiameter | Kind=Shared Parameter | Scope=instance | Storage=String | Old='' | New='160'
SOURCE | Element 13815850 | Cat=Pipes | Family=Pipe Types | Type= | Level=LEVEL 06 | Name=MHT - PVC - PNEUMATIC TUBE SYSTEMS | System=Other | SizeText=160ø | Width= | Height= | Diameter=160
ELEMENT | 13815850 | Size='160ø' | Width='' | Height='' | Diameter='160' | Statuses=NWB_DimWidth:SKIP; NWB_DimHeight:SKIP; NWB_DimDiameter:OK
INFO | Transaction Status = Committed
CHUNK COMMIT | Status=Committed | Processed=240
INFO | VERIFY OK | Element 12693076 | Parameter=NWB_DimDiameter | Kind=Shared Parameter | Scope=instance | Id=13710673 | Actual='160'
INFO | VERIFY OK | Element 12693085 | Parameter=NWB_DimDiameter | Kind=Shared Parameter | Scope=instance | Id=13710673 | Actual='160'
INFO | VERIFY OK | Element 12693089 | Parameter=NWB_DimDiameter | Kind=Shared Parameter | Scope=instance | Id=13710673 | Actual='160'
INFO | VERIFY OK | Element 12693093 | Parameter=NWB_DimDiameter | Kind=Shared Parameter | Scope=instance | Id=13710673 | Actual='160'
INFO | VERIFY OK | Element 12693097 | Parameter=NWB_DimDiameter | Kind=Shared Parameter | Scope=instance | Id=13710673 | Actual='160'
INFO | VERIFY OK | Element 12693105 | Parameter=NWB_DimDiameter | Kind=Shared Parameter | Scope=instance | Id=13710673 | Actual='160'
INFO | VERIFY OK | Element 12693118 | Parameter=NWB_DimDiameter | Kind=Shared Parameter | Scope=instance | Id=13710673 | Actual='160'
INFO | VERIFY OK | Element 12693125 | Parameter=NWB_DimDiameter | Kind=Shared Parameter | Scope=instance | Id=13710673 | Actual='160'
INFO | VERIFY OK | Element 12693133 | Parameter=NWB_DimDiameter | Kind=Shared Parameter | Scope=instance | Id=13710673 | Actual='160'
INFO | VERIFY OK | Element 12693158 | Parameter=NWB_DimDiameter | Kind=Shared Parameter | Scope=instance | Id=13710673 | Actual='160'
INFO | VERIFY OK | Element 12693167 | Parameter=NWB_DimDiameter | Kind=Shared Parameter | Scope=instance | Id=13710673 | Actual='160'
INFO | VERIFY OK | Element 12693169 | Parameter=NWB_DimDiameter | Kind=Shared Parameter | Scope=instance | Id=13710673 | Actual='160'
INFO | VERIFY OK | Element 12693173 | Parameter=NWB_DimDiameter | Kind=Shared Parameter | Scope=instance | Id=13710673 | Actual='160'
INFO | VERIFY OK | Element 12693177 | Parameter=NWB_DimDiameter | Kind=Shared Parameter | Scope=instance | Id=13710673 | Actual='160'
INFO | VERIFY OK | Element 12693181 | Parameter=NWB_DimDiameter | Kind=Shared Parameter | Scope=instance | Id=13710673 | Actual='160'
INFO | VERIFY OK | Element 12693286 | Parameter=NWB_DimDiameter | Kind=Shared Parameter | Scope=instance | Id=13710673 | Actual='160'
INFO | VERIFY OK | Element 12693290 | Parameter=NWB_DimDiameter | Kind=Shared Parameter | Scope=instance | Id=13710673 | Actual='160'
INFO | VERIFY OK | Element 12693467 | Parameter=NWB_DimDiameter | Kind=Shared Parameter | Scope=instance | Id=13710673 | Actual='160'
INFO | VERIFY OK | Element 12708210 | Parameter=NWB_DimDiameter | Kind=Shared Parameter | Scope=instance | Id=13710673 | Actual='160'
INFO | VERIFY OK | Element 12708225 | Parameter=NWB_DimDiameter | Kind=Shared Parameter | Scope=instance | Id=13710673 | Actual='160'
INFO | VERIFY OK | Element 12708229 | Parameter=NWB_DimDiameter | Kind=Shared Parameter | Scope=instance | Id=13710673 | Actual='160'
INFO | VERIFY OK | Element 12708238 | Parameter=NWB_DimDiameter | Kind=Shared Parameter | Scope=instance | Id=13710673 | Actual='160'
INFO | VERIFY OK | Element 12708242 | Parameter=NWB_DimDiameter | Kind=Shared Parameter | Scope=instance | Id=13710673 | Actual='160'
INFO | VERIFY OK | Element 12708300 | Parameter=NWB_DimDiameter | Kind=Shared Parameter | Scope=instance | Id=13710673 | Actual='160'
INFO | VERIFY OK | Element 12708302 | Parameter=NWB_DimDiameter | Kind=Shared Parameter | Scope=instance | Id=13710673 | Actual='160'
INFO | VERIFY OK | Element 12708304 | Parameter=NWB_DimDiameter | Kind=Shared Parameter | Scope=instance | Id=13710673 | Actual='160'
INFO | VERIFY OK | Element 12708340 | Parameter=NWB_DimDiameter | Kind=Shared Parameter | Scope=instance | Id=13710673 | Actual='160'
INFO | VERIFY OK | Element 12725837 | Parameter=NWB_DimDiameter | Kind=Shared Parameter | Scope=instance | Id=13710673 | Actual='160'
INFO | VERIFY OK | Element 12725849 | Parameter=NWB_DimDiameter | Kind=Shared Parameter | Scope=instance | Id=13710673 | Actual='160'
INFO | VERIFY OK | Element 12725876 | Parameter=NWB_DimDiameter | Kind=Shared Parameter | Scope=instance | Id=13710673 | Actual='160'
INFO | VERIFY OK | Element 12725878 | Parameter=NWB_DimDiameter | Kind=Shared Parameter | Scope=instance | Id=13710673 | Actual='160'
INFO | VERIFY OK | Element 12730709 | Parameter=NWB_DimDiameter | Kind=Shared Parameter | Scope=instance | Id=13710673 | Actual='160'
INFO | VERIFY OK | Element 12730716 | Parameter=NWB_DimDiameter | Kind=Shared Parameter | Scope=instance | Id=13710673 | Actual='160'
INFO | VERIFY OK | Element 12730718 | Parameter=NWB_DimDiameter | Kind=Shared Parameter | Scope=instance | Id=13710673 | Actual='160'
INFO | VERIFY OK | Element 12739400 | Parameter=NWB_DimDiameter | Kind=Shared Parameter | Scope=instance | Id=13710673 | Actual='160'
INFO | VERIFY OK | Element 12739406 | Parameter=NWB_DimDiameter | Kind=Shared Parameter | Scope=instance | Id=13710673 | Actual='160'
INFO | VERIFY OK | Element 12739424 | Parameter=NWB_DimDiameter | Kind=Shared Parameter | Scope=instance | Id=13710673 | Actual='160'
INFO | VERIFY OK | Element 12739439 | Parameter=NWB_DimDiameter | Kind=Shared Parameter | Scope=instance | Id=13710673 | Actual='160'
INFO | VERIFY OK | Element 12739451 | Parameter=NWB_DimDiameter | Kind=Shared Parameter | Scope=instance | Id=13710673 | Actual='160'
INFO | VERIFY OK | Element 12745043 | Parameter=NWB_DimDiameter | Kind=Shared Parameter | Scope=instance | Id=13710673 | Actual='160'
INFO | VERIFY OK | Element 12745045 | Parameter=NWB_DimDiameter | Kind=Shared Parameter | Scope=instance | Id=13710673 | Actual='160'
INFO | VERIFY OK | Element 12745051 | Parameter=NWB_DimDiameter | Kind=Shared Parameter | Scope=instance | Id=13710673 | Actual='160'
INFO | VERIFY OK | Element 12745053 | Parameter=NWB_DimDiameter | Kind=Shared Parameter | Scope=instance | Id=13710673 | Actual='160'
INFO | VERIFY OK | Element 12745064 | Parameter=NWB_DimDiameter | Kind=Shared Parameter | Scope=instance | Id=13710673 | Actual='160'
INFO | VERIFY OK | Element 12745066 | Parameter=NWB_DimDiameter | Kind=Shared Parameter | Scope=instance | Id=13710673 | Actual='160'
INFO | VERIFY OK | Element 12745077 | Parameter=NWB_DimDiameter | Kind=Shared Parameter | Scope=instance | Id=13710673 | Actual='160'
INFO | VERIFY OK | Element 12745083 | Parameter=NWB_DimDiameter | Kind=Shared Parameter | Scope=instance | Id=13710673 | Actual='160'
INFO | VERIFY OK | Element 12745102 | Parameter=NWB_DimDiameter | Kind=Shared Parameter | Scope=instance | Id=13710673 | Actual='160'
INFO | VERIFY OK | Element 12745104 | Parameter=NWB_DimDiameter | Kind=Shared Parameter | Scope=instance | Id=13710673 | Actual='160'
INFO | VERIFY OK | Element 12745112 | Parameter=NWB_DimDiameter | Kind=Shared Parameter | Scope=instance | Id=13710673 | Actual='160'
INFO | VERIFY OK | Element 12745121 | Parameter=NWB_DimDiameter | Kind=Shared Parameter | Scope=instance | Id=13710673 | Actual='160'
INFO | VERIFY OK | Element 12745127 | Parameter=NWB_DimDiameter | Kind=Shared Parameter | Scope=instance | Id=13710673 | Actual='160'
INFO | VERIFY OK | Element 12745130 | Parameter=NWB_DimDiameter | Kind=Shared Parameter | Scope=instance | Id=13710673 | Actual='160'
INFO | VERIFY OK | Element 13231534 | Parameter=NWB_DimDiameter | Kind=Shared Parameter | Scope=instance | Id=13710673 | Actual='160'
INFO | VERIFY OK | Element 13231536 | Parameter=NWB_DimDiameter | Kind=Shared Parameter | Scope=instance | Id=13710673 | Actual='160'
INFO | VERIFY OK | Element 13231540 | Parameter=NWB_DimDiameter | Kind=Shared Parameter | Scope=instance | Id=13710673 | Actual='160'
INFO | VERIFY OK | Element 13231551 | Parameter=NWB_DimDiameter | Kind=Shared Parameter | Scope=instance | Id=13710673 | Actual='160'
INFO | VERIFY OK | Element 13231556 | Parameter=NWB_DimDiameter | Kind=Shared Parameter | Scope=instance | Id=13710673 | Actual='160'
INFO | VERIFY OK | Element 13760679 | Parameter=NWB_DimDiameter | Kind=Shared Parameter | Scope=instance | Id=13710673 | Actual='160'
INFO | VERIFY OK | Element 13760726 | Parameter=NWB_DimDiameter | Kind=Shared Parameter | Scope=instance | Id=13710673 | Actual='160'
INFO | VERIFY OK | Element 13760770 | Parameter=NWB_DimDiameter | Kind=Shared Parameter | Scope=instance | Id=13710673 | Actual='160'
INFO | VERIFY OK | Element 13760772 | Parameter=NWB_DimDiameter | Kind=Shared Parameter | Scope=instance | Id=13710673 | Actual='160'
INFO | VERIFY OK | Element 13760823 | Parameter=NWB_DimDiameter | Kind=Shared Parameter | Scope=instance | Id=13710673 | Actual='160'
INFO | VERIFY OK | Element 13760830 | Parameter=NWB_DimDiameter | Kind=Shared Parameter | Scope=instance | Id=13710673 | Actual='160'
INFO | VERIFY OK | Element 13761032 | Parameter=NWB_DimDiameter | Kind=Shared Parameter | Scope=instance | Id=13710673 | Actual='160'
INFO | VERIFY OK | Element 13795001 | Parameter=NWB_DimDiameter | Kind=Shared Parameter | Scope=instance | Id=13710673 | Actual='160'
INFO | VERIFY OK | Element 13796388 | Parameter=NWB_DimDiameter | Kind=Shared Parameter | Scope=instance | Id=13710673 | Actual='160'
INFO | VERIFY OK | Element 13797805 | Parameter=NWB_DimDiameter | Kind=Shared Parameter | Scope=instance | Id=13710673 | Actual='160'
INFO | VERIFY OK | Element 13797819 | Parameter=NWB_DimDiameter | Kind=Shared Parameter | Scope=instance | Id=13710673 | Actual='160'
INFO | VERIFY OK | Element 13797944 | Parameter=NWB_DimDiameter | Kind=Shared Parameter | Scope=instance | Id=13710673 | Actual='160'
INFO | VERIFY OK | Element 13797958 | Parameter=NWB_DimDiameter | Kind=Shared Parameter | Scope=instance | Id=13710673 | Actual='160'
INFO | VERIFY OK | Element 13798036 | Parameter=NWB_DimDiameter | Kind=Shared Parameter | Scope=instance | Id=13710673 | Actual='160'
INFO | VERIFY OK | Element 13798654 | Parameter=NWB_DimDiameter | Kind=Shared Parameter | Scope=instance | Id=13710673 | Actual='160'
INFO | VERIFY OK | Element 13799375 | Parameter=NWB_DimDiameter | Kind=Shared Parameter | Scope=instance | Id=13710673 | Actual='160'
INFO | VERIFY OK | Element 13799405 | Parameter=NWB_DimDiameter | Kind=Shared Parameter | Scope=instance | Id=13710673 | Actual='160'
INFO | VERIFY OK | Element 13802664 | Parameter=NWB_DimDiameter | Kind=Shared Parameter | Scope=instance | Id=13710673 | Actual='160'
INFO | VERIFY OK | Element 13802676 | Parameter=NWB_DimDiameter | Kind=Shared Parameter | Scope=instance | Id=13710673 | Actual='160'
INFO | VERIFY OK | Element 13802678 | Parameter=NWB_DimDiameter | Kind=Shared Parameter | Scope=instance | Id=13710673 | Actual='160'
INFO | VERIFY OK | Element 13802682 | Parameter=NWB_DimDiameter | Kind=Shared Parameter | Scope=instance | Id=13710673 | Actual='160'
INFO | VERIFY OK | Element 13802684 | Parameter=NWB_DimDiameter | Kind=Shared Parameter | Scope=instance | Id=13710673 | Actual='160'
INFO | VERIFY OK | Element 13802714 | Parameter=NWB_DimDiameter | Kind=Shared Parameter | Scope=instance | Id=13710673 | Actual='160'
INFO | VERIFY OK | Element 13802716 | Parameter=NWB_DimDiameter | Kind=Shared Parameter | Scope=instance | Id=13710673 | Actual='160'
INFO | VERIFY OK | Element 13802720 | Parameter=NWB_DimDiameter | Kind=Shared Parameter | Scope=instance | Id=13710673 | Actual='160'
INFO | VERIFY OK | Element 13802722 | Parameter=NWB_DimDiameter | Kind=Shared Parameter | Scope=instance | Id=13710673 | Actual='160'
INFO | VERIFY OK | Element 13802728 | Parameter=NWB_DimDiameter | Kind=Shared Parameter | Scope=instance | Id=13710673 | Actual='160'
INFO | VERIFY OK | Element 13813861 | Parameter=NWB_DimDiameter | Kind=Shared Parameter | Scope=instance | Id=13710673 | Actual='160'
INFO | VERIFY OK | Element 13813896 | Parameter=NWB_DimDiameter | Kind=Shared Parameter | Scope=instance | Id=13710673 | Actual='160'
INFO | VERIFY OK | Element 13813900 | Parameter=NWB_DimDiameter | Kind=Shared Parameter | Scope=instance | Id=13710673 | Actual='160'
INFO | VERIFY OK | Element 13813902 | Parameter=NWB_DimDiameter | Kind=Shared Parameter | Scope=instance | Id=13710673 | Actual='160'
INFO | VERIFY OK | Element 13813906 | Parameter=NWB_DimDiameter | Kind=Shared Parameter | Scope=instance | Id=13710673 | Actual='160'
INFO | VERIFY OK | Element 13813912 | Parameter=NWB_DimDiameter | Kind=Shared Parameter | Scope=instance | Id=13710673 | Actual='160'
INFO | VERIFY OK | Element 13813914 | Parameter=NWB_DimDiameter | Kind=Shared Parameter | Scope=instance | Id=13710673 | Actual='160'
INFO | VERIFY OK | Element 13813922 | Parameter=NWB_DimDiameter | Kind=Shared Parameter | Scope=instance | Id=13710673 | Actual='160'
INFO | VERIFY OK | Element 13813925 | Parameter=NWB_DimDiameter | Kind=Shared Parameter | Scope=instance | Id=13710673 | Actual='160'
INFO | VERIFY OK | Element 13813966 | Parameter=NWB_DimDiameter | Kind=Shared Parameter | Scope=instance | Id=13710673 | Actual='160'
INFO | VERIFY OK | Element 13813968 | Parameter=NWB_DimDiameter | Kind=Shared Parameter | Scope=instance | Id=13710673 | Actual='160'
INFO | VERIFY OK | Element 13813976 | Parameter=NWB_DimDiameter | Kind=Shared Parameter | Scope=instance | Id=13710673 | Actual='160'
INFO | VERIFY OK | Element 13813978 | Parameter=NWB_DimDiameter | Kind=Shared Parameter | Scope=instance | Id=13710673 | Actual='160'
INFO | VERIFY OK | Element 13813984 | Parameter=NWB_DimDiameter | Kind=Shared Parameter | Scope=instance | Id=13710673 | Actual='160'
INFO | VERIFY OK | Element 13814001 | Parameter=NWB_DimDiameter | Kind=Shared Parameter | Scope=instance | Id=13710673 | Actual='160'
INFO | VERIFY OK | Element 13814003 | Parameter=NWB_DimDiameter | Kind=Shared Parameter | Scope=instance | Id=13710673 | Actual='160'
INFO | VERIFY OK | Element 13814007 | Parameter=NWB_DimDiameter | Kind=Shared Parameter | Scope=instance | Id=13710673 | Actual='160'
INFO | VERIFY OK | Element 13814009 | Parameter=NWB_DimDiameter | Kind=Shared Parameter | Scope=instance | Id=13710673 | Actual='160'
INFO | VERIFY OK | Element 13814013 | Parameter=NWB_DimDiameter | Kind=Shared Parameter | Scope=instance | Id=13710673 | Actual='160'
INFO | VERIFY OK | Element 13814020 | Parameter=NWB_DimDiameter | Kind=Shared Parameter | Scope=instance | Id=13710673 | Actual='160'
INFO | VERIFY OK | Element 13814022 | Parameter=NWB_DimDiameter | Kind=Shared Parameter | Scope=instance | Id=13710673 | Actual='160'
INFO | VERIFY OK | Element 13814027 | Parameter=NWB_DimDiameter | Kind=Shared Parameter | Scope=instance | Id=13710673 | Actual='160'
INFO | VERIFY OK | Element 13814029 | Parameter=NWB_DimDiameter | Kind=Shared Parameter | Scope=instance | Id=13710673 | Actual='160'
INFO | VERIFY OK | Element 13814072 | Parameter=NWB_DimDiameter | Kind=Shared Parameter | Scope=instance | Id=13710673 | Actual='160'
INFO | VERIFY OK | Element 13814106 | Parameter=NWB_DimDiameter | Kind=Shared Parameter | Scope=instance | Id=13710673 | Actual='160'
INFO | VERIFY OK | Element 13814390 | Parameter=NWB_DimDiameter | Kind=Shared Parameter | Scope=instance | Id=13710673 | Actual='160'
INFO | VERIFY OK | Element 13814469 | Parameter=NWB_DimDiameter | Kind=Shared Parameter | Scope=instance | Id=13710673 | Actual='160'
INFO | VERIFY OK | Element 13814526 | Parameter=NWB_DimDiameter | Kind=Shared Parameter | Scope=instance | Id=13710673 | Actual='160'
INFO | VERIFY OK | Element 13814598 | Parameter=NWB_DimDiameter | Kind=Shared Parameter | Scope=instance | Id=13710673 | Actual='160'
INFO | VERIFY OK | Element 13814794 | Parameter=NWB_DimDiameter | Kind=Shared Parameter | Scope=instance | Id=13710673 | Actual='160'
INFO | VERIFY OK | Element 13814824 | Parameter=NWB_DimDiameter | Kind=Shared Parameter | Scope=instance | Id=13710673 | Actual='160'
INFO | VERIFY OK | Element 13815063 | Parameter=NWB_DimDiameter | Kind=Shared Parameter | Scope=instance | Id=13710673 | Actual='160'
INFO | VERIFY OK | Element 13815337 | Parameter=NWB_DimDiameter | Kind=Shared Parameter | Scope=instance | Id=13710673 | Actual='160'
INFO | VERIFY OK | Element 13815456 | Parameter=NWB_DimDiameter | Kind=Shared Parameter | Scope=instance | Id=13710673 | Actual='160'
INFO | VERIFY OK | Element 13815850 | Parameter=NWB_DimDiameter | Kind=Shared Parameter | Scope=instance | Id=13710673 | Actual='160'
INFO | Candidate: NWB_DimDiameter | Scope=instance | Storage=String | ReadOnly=False | Shared=True | Id=7626172
INFO | Candidate: NWB_DimDiameter | Scope=instance | Storage=String | ReadOnly=False | Shared=True | Id=13710673
INFO | Found 2 parameters named NWB_DimDiameter
INFO | SELECTED | Shared Parameter | Scope=instance | ReadOnly=False | Id=13710673
INFO | IGNORED (SharedOnly) | Shared Parameter | Scope=instance | ReadOnly=False | Id=7626172
INFO | Element 13816026 | NWB_DimDiameter | Kind=Shared Parameter | Scope=instance | Storage=String | Old='' | New='160'
SOURCE | Element 13816026 | Cat=Pipes | Family=Pipe Types | Type= | Level=LEVEL 06 | Name=MHT - PVC - PNEUMATIC TUBE SYSTEMS | System=Other | SizeText=160ø | Width= | Height= | Diameter=160
ELEMENT | 13816026 | Size='160ø' | Width='' | Height='' | Diameter='160' | Statuses=NWB_DimWidth:SKIP; NWB_DimHeight:SKIP; NWB_DimDiameter:OK
INFO | Candidate: NWB_DimDiameter | Scope=instance | Storage=String | ReadOnly=False | Shared=True | Id=7626172
INFO | Candidate: NWB_DimDiameter | Scope=instance | Storage=String | ReadOnly=False | Shared=True | Id=13710673
INFO | Found 2 parameters named NWB_DimDiameter
INFO | SELECTED | Shared Parameter | Scope=instance | ReadOnly=False | Id=13710673
INFO | IGNORED (SharedOnly) | Shared Parameter | Scope=instance | ReadOnly=False | Id=7626172
INFO | Element 13816068 | NWB_DimDiameter | Kind=Shared Parameter | Scope=instance | Storage=String | Old='' | New='160'
SOURCE | Element 13816068 | Cat=Pipes | Family=Pipe Types | Type= | Level=LEVEL 06 | Name=MHT - PVC - PNEUMATIC TUBE SYSTEMS | System=Other | SizeText=160ø | Width= | Height= | Diameter=160
ELEMENT | 13816068 | Size='160ø' | Width='' | Height='' | Diameter='160' | Statuses=NWB_DimWidth:SKIP; NWB_DimHeight:SKIP; NWB_DimDiameter:OK
INFO | Candidate: NWB_DimDiameter | Scope=instance | Storage=String | ReadOnly=False | Shared=True | Id=7626172
INFO | Candidate: NWB_DimDiameter | Scope=instance | Storage=String | ReadOnly=False | Shared=True | Id=13710673
INFO | Found 2 parameters named NWB_DimDiameter
INFO | SELECTED | Shared Parameter | Scope=instance | ReadOnly=False | Id=13710673
INFO | IGNORED (SharedOnly) | Shared Parameter | Scope=instance | ReadOnly=False | Id=7626172
INFO | Element 13816686 | NWB_DimDiameter | Kind=Shared Parameter | Scope=instance | Storage=String | Old='' | New='160'
SOURCE | Element 13816686 | Cat=Pipes | Family=Pipe Types | Type= | Level=LEVEL 06 | Name=MHT - PVC - PNEUMATIC TUBE SYSTEMS | System=Other | SizeText=160ø | Width= | Height= | Diameter=160
ELEMENT | 13816686 | Size='160ø' | Width='' | Height='' | Diameter='160' | Statuses=NWB_DimWidth:SKIP; NWB_DimHeight:SKIP; NWB_DimDiameter:OK
INFO | Candidate: NWB_DimDiameter | Scope=instance | Storage=String | ReadOnly=False | Shared=True | Id=7626172
INFO | Candidate: NWB_DimDiameter | Scope=instance | Storage=String | ReadOnly=False | Shared=True | Id=13710673
INFO | Found 2 parameters named NWB_DimDiameter
INFO | SELECTED | Shared Parameter | Scope=instance | ReadOnly=False | Id=13710673
INFO | IGNORED (SharedOnly) | Shared Parameter | Scope=instance | ReadOnly=False | Id=7626172
INFO | Element 13816923 | NWB_DimDiameter | Kind=Shared Parameter | Scope=instance | Storage=String | Old='' | New='160'
SOURCE | Element 13816923 | Cat=Pipes | Family=Pipe Types | Type= | Level=LEVEL 06 | Name=MHT - PVC - PNEUMATIC TUBE SYSTEMS | System=Other | SizeText=160ø | Width= | Height= | Diameter=160
ELEMENT | 13816923 | Size='160ø' | Width='' | Height='' | Diameter='160' | Statuses=NWB_DimWidth:SKIP; NWB_DimHeight:SKIP; NWB_DimDiameter:OK
INFO | Candidate: NWB_DimDiameter | Scope=instance | Storage=String | ReadOnly=False | Shared=True | Id=7626172
INFO | Candidate: NWB_DimDiameter | Scope=instance | Storage=String | ReadOnly=False | Shared=True | Id=13710673
INFO | Found 2 parameters named NWB_DimDiameter
INFO | SELECTED | Shared Parameter | Scope=instance | ReadOnly=False | Id=13710673
INFO | IGNORED (SharedOnly) | Shared Parameter | Scope=instance | ReadOnly=False | Id=7626172
INFO | Element 13816952 | NWB_DimDiameter | Kind=Shared Parameter | Scope=instance | Storage=String | Old='' | New='160'
SOURCE | Element 13816952 | Cat=Pipes | Family=Pipe Types | Type= | Level=LEVEL 06 | Name=MHT - PVC - PNEUMATIC TUBE SYSTEMS | System=Other | SizeText=160ø | Width= | Height= | Diameter=160
ELEMENT | 13816952 | Size='160ø' | Width='' | Height='' | Diameter='160' | Statuses=NWB_DimWidth:SKIP; NWB_DimHeight:SKIP; NWB_DimDiameter:OK
INFO | Candidate: NWB_DimDiameter | Scope=instance | Storage=String | ReadOnly=False | Shared=True | Id=7626172
INFO | Candidate: NWB_DimDiameter | Scope=instance | Storage=String | ReadOnly=False | Shared=True | Id=13710673
INFO | Found 2 parameters named NWB_DimDiameter
INFO | SELECTED | Shared Parameter | Scope=instance | ReadOnly=False | Id=13710673
INFO | IGNORED (SharedOnly) | Shared Parameter | Scope=instance | ReadOnly=False | Id=7626172
INFO | Element 13817274 | NWB_DimDiameter | Kind=Shared Parameter | Scope=instance | Storage=String | Old='' | New='160'
SOURCE | Element 13817274 | Cat=Pipes | Family=Pipe Types | Type= | Level=LEVEL 06 | Name=MHT - PVC - PNEUMATIC TUBE SYSTEMS | System=Other | SizeText=160ø | Width= | Height= | Diameter=160
ELEMENT | 13817274 | Size='160ø' | Width='' | Height='' | Diameter='160' | Statuses=NWB_DimWidth:SKIP; NWB_DimHeight:SKIP; NWB_DimDiameter:OK
INFO | Candidate: NWB_DimDiameter | Scope=instance | Storage=String | ReadOnly=False | Shared=True | Id=7626172
INFO | Candidate: NWB_DimDiameter | Scope=instance | Storage=String | ReadOnly=False | Shared=True | Id=13710673
INFO | Found 2 parameters named NWB_DimDiameter
INFO | SELECTED | Shared Parameter | Scope=instance | ReadOnly=False | Id=13710673
INFO | IGNORED (SharedOnly) | Shared Parameter | Scope=instance | ReadOnly=False | Id=7626172
INFO | Element 13817396 | NWB_DimDiameter | Kind=Shared Parameter | Scope=instance | Storage=String | Old='' | New='160'
SOURCE | Element 13817396 | Cat=Pipes | Family=Pipe Types | Type= | Level=LEVEL 06 | Name=MHT - PVC - PNEUMATIC TUBE SYSTEMS | System=Other | SizeText=160ø | Width= | Height= | Diameter=160
ELEMENT | 13817396 | Size='160ø' | Width='' | Height='' | Diameter='160' | Statuses=NWB_DimWidth:SKIP; NWB_DimHeight:SKIP; NWB_DimDiameter:OK
INFO | Candidate: NWB_DimDiameter | Scope=instance | Storage=String | ReadOnly=False | Shared=True | Id=7626172
INFO | Candidate: NWB_DimDiameter | Scope=instance | Storage=String | ReadOnly=False | Shared=True | Id=13710673
INFO | Found 2 parameters named NWB_DimDiameter
INFO | SELECTED | Shared Parameter | Scope=instance | ReadOnly=False | Id=13710673
INFO | IGNORED (SharedOnly) | Shared Parameter | Scope=instance | ReadOnly=False | Id=7626172
INFO | Element 13817404 | NWB_DimDiameter | Kind=Shared Parameter | Scope=instance | Storage=String | Old='' | New='160'
SOURCE | Element 13817404 | Cat=Pipes | Family=Pipe Types | Type= | Level=LEVEL 06 | Name=MHT - PVC - PNEUMATIC TUBE SYSTEMS | System=Other | SizeText=160ø | Width= | Height= | Diameter=160
ELEMENT | 13817404 | Size='160ø' | Width='' | Height='' | Diameter='160' | Statuses=NWB_DimWidth:SKIP; NWB_DimHeight:SKIP; NWB_DimDiameter:OK
INFO | Candidate: NWB_DimDiameter | Scope=instance | Storage=String | ReadOnly=False | Shared=True | Id=7626172
INFO | Candidate: NWB_DimDiameter | Scope=instance | Storage=String | ReadOnly=False | Shared=True | Id=13710673
INFO | Found 2 parameters named NWB_DimDiameter
INFO | SELECTED | Shared Parameter | Scope=instance | ReadOnly=False | Id=13710673
INFO | IGNORED (SharedOnly) | Shared Parameter | Scope=instance | ReadOnly=False | Id=7626172
INFO | Element 13817603 | NWB_DimDiameter | Kind=Shared Parameter | Scope=instance | Storage=String | Old='' | New='160'
SOURCE | Element 13817603 | Cat=Pipes | Family=Pipe Types | Type= | Level=LEVEL 06 | Name=MHT - PVC - PNEUMATIC TUBE SYSTEMS | System=Other | SizeText=160ø | Width= | Height= | Diameter=160
ELEMENT | 13817603 | Size='160ø' | Width='' | Height='' | Diameter='160' | Statuses=NWB_DimWidth:SKIP; NWB_DimHeight:SKIP; NWB_DimDiameter:OK
INFO | Candidate: NWB_DimDiameter | Scope=instance | Storage=String | ReadOnly=False | Shared=True | Id=7626172
INFO | Candidate: NWB_DimDiameter | Scope=instance | Storage=String | ReadOnly=False | Shared=True | Id=13710673
INFO | Found 2 parameters named NWB_DimDiameter
INFO | SELECTED | Shared Parameter | Scope=instance | ReadOnly=False | Id=13710673
INFO | IGNORED (SharedOnly) | Shared Parameter | Scope=instance | ReadOnly=False | Id=7626172
INFO | Element 13818089 | NWB_DimDiameter | Kind=Shared Parameter | Scope=instance | Storage=String | Old='' | New='160'
SOURCE | Element 13818089 | Cat=Pipes | Family=Pipe Types | Type= | Level=LEVEL 06 | Name=MHT - PVC - PNEUMATIC TUBE SYSTEMS | System=Other | SizeText=160ø | Width= | Height= | Diameter=160
ELEMENT | 13818089 | Size='160ø' | Width='' | Height='' | Diameter='160' | Statuses=NWB_DimWidth:SKIP; NWB_DimHeight:SKIP; NWB_DimDiameter:OK
INFO | Candidate: NWB_DimDiameter | Scope=instance | Storage=String | ReadOnly=False | Shared=True | Id=7626172
INFO | Candidate: NWB_DimDiameter | Scope=instance | Storage=String | ReadOnly=False | Shared=True | Id=13710673
INFO | Found 2 parameters named NWB_DimDiameter
INFO | SELECTED | Shared Parameter | Scope=instance | ReadOnly=False | Id=13710673
INFO | IGNORED (SharedOnly) | Shared Parameter | Scope=instance | ReadOnly=False | Id=7626172
INFO | Element 13818253 | NWB_DimDiameter | Kind=Shared Parameter | Scope=instance | Storage=String | Old='' | New='160'
SOURCE | Element 13818253 | Cat=Pipes | Family=Pipe Types | Type= | Level=LEVEL 06 | Name=MHT - PVC - PNEUMATIC TUBE SYSTEMS | System=Other | SizeText=160ø | Width= | Height= | Diameter=160
ELEMENT | 13818253 | Size='160ø' | Width='' | Height='' | Diameter='160' | Statuses=NWB_DimWidth:SKIP; NWB_DimHeight:SKIP; NWB_DimDiameter:OK
INFO | Candidate: NWB_DimDiameter | Scope=instance | Storage=String | ReadOnly=False | Shared=True | Id=7626172
INFO | Candidate: NWB_DimDiameter | Scope=instance | Storage=String | ReadOnly=False | Shared=True | Id=13710673
INFO | Found 2 parameters named NWB_DimDiameter
INFO | SELECTED | Shared Parameter | Scope=instance | ReadOnly=False | Id=13710673
INFO | IGNORED (SharedOnly) | Shared Parameter | Scope=instance | ReadOnly=False | Id=7626172
INFO | Element 13818374 | NWB_DimDiameter | Kind=Shared Parameter | Scope=instance | Storage=String | Old='' | New='160'
SOURCE | Element 13818374 | Cat=Pipes | Family=Pipe Types | Type= | Level=LEVEL 06 | Name=MHT - PVC - PNEUMATIC TUBE SYSTEMS | System=Other | SizeText=160ø | Width= | Height= | Diameter=160
ELEMENT | 13818374 | Size='160ø' | Width='' | Height='' | Diameter='160' | Statuses=NWB_DimWidth:SKIP; NWB_DimHeight:SKIP; NWB_DimDiameter:OK
INFO | Candidate: NWB_DimDiameter | Scope=instance | Storage=String | ReadOnly=False | Shared=True | Id=7626172
INFO | Candidate: NWB_DimDiameter | Scope=instance | Storage=String | ReadOnly=False | Shared=True | Id=13710673
INFO | Found 2 parameters named NWB_DimDiameter
INFO | SELECTED | Shared Parameter | Scope=instance | ReadOnly=False | Id=13710673
INFO | IGNORED (SharedOnly) | Shared Parameter | Scope=instance | ReadOnly=False | Id=7626172
INFO | Element 13818390 | NWB_DimDiameter | Kind=Shared Parameter | Scope=instance | Storage=String | Old='' | New='160'
SOURCE | Element 13818390 | Cat=Pipes | Family=Pipe Types | Type= | Level=LEVEL 06 | Name=MHT - PVC - PNEUMATIC TUBE SYSTEMS | System=Other | SizeText=160ø | Width= | Height= | Diameter=160
ELEMENT | 13818390 | Size='160ø' | Width='' | Height='' | Diameter='160' | Statuses=NWB_DimWidth:SKIP; NWB_DimHeight:SKIP; NWB_DimDiameter:OK
INFO | Candidate: NWB_DimDiameter | Scope=instance | Storage=String | ReadOnly=False | Shared=True | Id=7626172
INFO | Candidate: NWB_DimDiameter | Scope=instance | Storage=String | ReadOnly=False | Shared=True | Id=13710673
INFO | Found 2 parameters named NWB_DimDiameter
INFO | SELECTED | Shared Parameter | Scope=instance | ReadOnly=False | Id=13710673
INFO | IGNORED (SharedOnly) | Shared Parameter | Scope=instance | ReadOnly=False | Id=7626172
INFO | Element 13822471 | NWB_DimDiameter | Kind=Shared Parameter | Scope=instance | Storage=String | Old='' | New='160'
SOURCE | Element 13822471 | Cat=Pipes | Family=Pipe Types | Type= | Level=LEVEL 06 | Name=MHT - PVC - PNEUMATIC TUBE SYSTEMS | System=Other | SizeText=160ø | Width= | Height= | Diameter=160
ELEMENT | 13822471 | Size='160ø' | Width='' | Height='' | Diameter='160' | Statuses=NWB_DimWidth:SKIP; NWB_DimHeight:SKIP; NWB_DimDiameter:OK
INFO | Candidate: NWB_DimDiameter | Scope=instance | Storage=String | ReadOnly=False | Shared=True | Id=7626172
INFO | Candidate: NWB_DimDiameter | Scope=instance | Storage=String | ReadOnly=False | Shared=True | Id=13710673
INFO | Found 2 parameters named NWB_DimDiameter
INFO | SELECTED | Shared Parameter | Scope=instance | ReadOnly=False | Id=13710673
INFO | IGNORED (SharedOnly) | Shared Parameter | Scope=instance | ReadOnly=False | Id=7626172
INFO | Element 13822473 | NWB_DimDiameter | Kind=Shared Parameter | Scope=instance | Storage=String | Old='' | New='160'
SOURCE | Element 13822473 | Cat=Pipes | Family=Pipe Types | Type= | Level=LEVEL 06 | Name=MHT - PVC - PNEUMATIC TUBE SYSTEMS | System=Other | SizeText=160ø | Width= | Height= | Diameter=160
ELEMENT | 13822473 | Size='160ø' | Width='' | Height='' | Diameter='160' | Statuses=NWB_DimWidth:SKIP; NWB_DimHeight:SKIP; NWB_DimDiameter:OK
INFO | Candidate: NWB_DimDiameter | Scope=instance | Storage=String | ReadOnly=False | Shared=True | Id=7626172
INFO | Candidate: NWB_DimDiameter | Scope=instance | Storage=String | ReadOnly=False | Shared=True | Id=13710673
INFO | Found 2 parameters named NWB_DimDiameter
INFO | SELECTED | Shared Parameter | Scope=instance | ReadOnly=False | Id=13710673
INFO | IGNORED (SharedOnly) | Shared Parameter | Scope=instance | ReadOnly=False | Id=7626172
INFO | Element 13822475 | NWB_DimDiameter | Kind=Shared Parameter | Scope=instance | Storage=String | Old='' | New='160'
SOURCE | Element 13822475 | Cat=Pipes | Family=Pipe Types | Type= | Level=LEVEL 06 | Name=MHT - PVC - PNEUMATIC TUBE SYSTEMS | System=Other | SizeText=160ø | Width= | Height= | Diameter=160
ELEMENT | 13822475 | Size='160ø' | Width='' | Height='' | Diameter='160' | Statuses=NWB_DimWidth:SKIP; NWB_DimHeight:SKIP; NWB_DimDiameter:OK
INFO | Candidate: NWB_DimDiameter | Scope=instance | Storage=String | ReadOnly=False | Shared=True | Id=7626172
INFO | Candidate: NWB_DimDiameter | Scope=instance | Storage=String | ReadOnly=False | Shared=True | Id=13710673
INFO | Found 2 parameters named NWB_DimDiameter
INFO | SELECTED | Shared Parameter | Scope=instance | ReadOnly=False | Id=13710673
INFO | IGNORED (SharedOnly) | Shared Parameter | Scope=instance | ReadOnly=False | Id=7626172
INFO | Element 13822483 | NWB_DimDiameter | Kind=Shared Parameter | Scope=instance | Storage=String | Old='' | New='160'
SOURCE | Element 13822483 | Cat=Pipes | Family=Pipe Types | Type= | Level=LEVEL 06 | Name=MHT - PVC - PNEUMATIC TUBE SYSTEMS | System=Other | SizeText=160ø | Width= | Height= | Diameter=160
ELEMENT | 13822483 | Size='160ø' | Width='' | Height='' | Diameter='160' | Statuses=NWB_DimWidth:SKIP; NWB_DimHeight:SKIP; NWB_DimDiameter:OK
INFO | Candidate: NWB_DimDiameter | Scope=instance | Storage=String | ReadOnly=False | Shared=True | Id=7626172
INFO | Candidate: NWB_DimDiameter | Scope=instance | Storage=String | ReadOnly=False | Shared=True | Id=13710673
INFO | Found 2 parameters named NWB_DimDiameter
INFO | SELECTED | Shared Parameter | Scope=instance | ReadOnly=False | Id=13710673
INFO | IGNORED (SharedOnly) | Shared Parameter | Scope=instance | ReadOnly=False | Id=7626172
INFO | Element 13822485 | NWB_DimDiameter | Kind=Shared Parameter | Scope=instance | Storage=String | Old='' | New='160'
SOURCE | Element 13822485 | Cat=Pipes | Family=Pipe Types | Type= | Level=LEVEL 06 | Name=MHT - PVC - PNEUMATIC TUBE SYSTEMS | System=Other | SizeText=160ø | Width= | Height= | Diameter=160
ELEMENT | 13822485 | Size='160ø' | Width='' | Height='' | Diameter='160' | Statuses=NWB_DimWidth:SKIP; NWB_DimHeight:SKIP; NWB_DimDiameter:OK
INFO | Candidate: NWB_DimDiameter | Scope=instance | Storage=String | ReadOnly=False | Shared=True | Id=7626172
INFO | Candidate: NWB_DimDiameter | Scope=instance | Storage=String | ReadOnly=False | Shared=True | Id=13710673
INFO | Found 2 parameters named NWB_DimDiameter
INFO | SELECTED | Shared Parameter | Scope=instance | ReadOnly=False | Id=13710673
INFO | IGNORED (SharedOnly) | Shared Parameter | Scope=instance | ReadOnly=False | Id=7626172
INFO | Element 13822513 | NWB_DimDiameter | Kind=Shared Parameter | Scope=instance | Storage=String | Old='' | New='160'
SOURCE | Element 13822513 | Cat=Pipes | Family=Pipe Types | Type= | Level=LEVEL 06 | Name=MHT - PVC - PNEUMATIC TUBE SYSTEMS | System=Other | SizeText=160ø | Width= | Height= | Diameter=160
ELEMENT | 13822513 | Size='160ø' | Width='' | Height='' | Diameter='160' | Statuses=NWB_DimWidth:SKIP; NWB_DimHeight:SKIP; NWB_DimDiameter:OK
INFO | Candidate: NWB_DimDiameter | Scope=instance | Storage=String | ReadOnly=False | Shared=True | Id=7626172
INFO | Candidate: NWB_DimDiameter | Scope=instance | Storage=String | ReadOnly=False | Shared=True | Id=13710673
INFO | Found 2 parameters named NWB_DimDiameter
INFO | SELECTED | Shared Parameter | Scope=instance | ReadOnly=False | Id=13710673
INFO | IGNORED (SharedOnly) | Shared Parameter | Scope=instance | ReadOnly=False | Id=7626172
INFO | Element 13822519 | NWB_DimDiameter | Kind=Shared Parameter | Scope=instance | Storage=String | Old='' | New='160'
SOURCE | Element 13822519 | Cat=Pipes | Family=Pipe Types | Type= | Level=LEVEL 06 | Name=MHT - PVC - PNEUMATIC TUBE SYSTEMS | System=Other | SizeText=160ø | Width= | Height= | Diameter=160
ELEMENT | 13822519 | Size='160ø' | Width='' | Height='' | Diameter='160' | Statuses=NWB_DimWidth:SKIP; NWB_DimHeight:SKIP; NWB_DimDiameter:OK
INFO | Candidate: NWB_DimDiameter | Scope=instance | Storage=String | ReadOnly=False | Shared=True | Id=7626172
INFO | Candidate: NWB_DimDiameter | Scope=instance | Storage=String | ReadOnly=False | Shared=True | Id=13710673
INFO | Found 2 parameters named NWB_DimDiameter
INFO | SELECTED | Shared Parameter | Scope=instance | ReadOnly=False | Id=13710673
INFO | IGNORED (SharedOnly) | Shared Parameter | Scope=instance | ReadOnly=False | Id=7626172
INFO | Element 13822523 | NWB_DimDiameter | Kind=Shared Parameter | Scope=instance | Storage=String | Old='' | New='160'
SOURCE | Element 13822523 | Cat=Pipes | Family=Pipe Types | Type= | Level=LEVEL 06 | Name=MHT - PVC - PNEUMATIC TUBE SYSTEMS | System=Other | SizeText=160ø | Width= | Height= | Diameter=160
ELEMENT | 13822523 | Size='160ø' | Width='' | Height='' | Diameter='160' | Statuses=NWB_DimWidth:SKIP; NWB_DimHeight:SKIP; NWB_DimDiameter:OK
INFO | Candidate: NWB_DimDiameter | Scope=instance | Storage=String | ReadOnly=False | Shared=True | Id=7626172
INFO | Candidate: NWB_DimDiameter | Scope=instance | Storage=String | ReadOnly=False | Shared=True | Id=13710673
INFO | Found 2 parameters named NWB_DimDiameter
INFO | SELECTED | Shared Parameter | Scope=instance | ReadOnly=False | Id=13710673
INFO | IGNORED (SharedOnly) | Shared Parameter | Scope=instance | ReadOnly=False | Id=7626172
INFO | Element 13822527 | NWB_DimDiameter | Kind=Shared Parameter | Scope=instance | Storage=String | Old='' | New='160'
SOURCE | Element 13822527 | Cat=Pipes | Family=Pipe Types | Type= | Level=LEVEL 06 | Name=MHT - PVC - PNEUMATIC TUBE SYSTEMS | System=Other | SizeText=160ø | Width= | Height= | Diameter=160
ELEMENT | 13822527 | Size='160ø' | Width='' | Height='' | Diameter='160' | Statuses=NWB_DimWidth:SKIP; NWB_DimHeight:SKIP; NWB_DimDiameter:OK
INFO | Candidate: NWB_DimDiameter | Scope=instance | Storage=String | ReadOnly=False | Shared=True | Id=7626172
INFO | Candidate: NWB_DimDiameter | Scope=instance | Storage=String | ReadOnly=False | Shared=True | Id=13710673
INFO | Found 2 parameters named NWB_DimDiameter
INFO | SELECTED | Shared Parameter | Scope=instance | ReadOnly=False | Id=13710673
INFO | IGNORED (SharedOnly) | Shared Parameter | Scope=instance | ReadOnly=False | Id=7626172
INFO | Element 13822533 | NWB_DimDiameter | Kind=Shared Parameter | Scope=instance | Storage=String | Old='' | New='160'
SOURCE | Element 13822533 | Cat=Pipes | Family=Pipe Types | Type= | Level=LEVEL 06 | Name=MHT - PVC - PNEUMATIC TUBE SYSTEMS | System=Other | SizeText=160ø | Width= | Height= | Diameter=160
ELEMENT | 13822533 | Size='160ø' | Width='' | Height='' | Diameter='160' | Statuses=NWB_DimWidth:SKIP; NWB_DimHeight:SKIP; NWB_DimDiameter:OK
INFO | Candidate: NWB_DimDiameter | Scope=instance | Storage=String | ReadOnly=False | Shared=True | Id=7626172
INFO | Candidate: NWB_DimDiameter | Scope=instance | Storage=String | ReadOnly=False | Shared=True | Id=13710673
INFO | Found 2 parameters named NWB_DimDiameter
INFO | SELECTED | Shared Parameter | Scope=instance | ReadOnly=False | Id=13710673
INFO | IGNORED (SharedOnly) | Shared Parameter | Scope=instance | ReadOnly=False | Id=7626172
INFO | Element 13822535 | NWB_DimDiameter | Kind=Shared Parameter | Scope=instance | Storage=String | Old='' | New='160'
SOURCE | Element 13822535 | Cat=Pipes | Family=Pipe Types | Type= | Level=LEVEL 06 | Name=MHT - PVC - PNEUMATIC TUBE SYSTEMS | System=Other | SizeText=160ø | Width= | Height= | Diameter=160
ELEMENT | 13822535 | Size='160ø' | Width='' | Height='' | Diameter='160' | Statuses=NWB_DimWidth:SKIP; NWB_DimHeight:SKIP; NWB_DimDiameter:OK
INFO | Candidate: NWB_DimDiameter | Scope=instance | Storage=String | ReadOnly=False | Shared=True | Id=7626172
INFO | Candidate: NWB_DimDiameter | Scope=instance | Storage=String | ReadOnly=False | Shared=True | Id=13710673
INFO | Found 2 parameters named NWB_DimDiameter
INFO | SELECTED | Shared Parameter | Scope=instance | ReadOnly=False | Id=13710673
INFO | IGNORED (SharedOnly) | Shared Parameter | Scope=instance | ReadOnly=False | Id=7626172
INFO | Element 13822541 | NWB_DimDiameter | Kind=Shared Parameter | Scope=instance | Storage=String | Old='' | New='160'
SOURCE | Element 13822541 | Cat=Pipes | Family=Pipe Types | Type= | Level=LEVEL 06 | Name=MHT - PVC - PNEUMATIC TUBE SYSTEMS | System=Other | SizeText=160ø | Width= | Height= | Diameter=160
ELEMENT | 13822541 | Size='160ø' | Width='' | Height='' | Diameter='160' | Statuses=NWB_DimWidth:SKIP; NWB_DimHeight:SKIP; NWB_DimDiameter:OK
INFO | Candidate: NWB_DimDiameter | Scope=instance | Storage=String | ReadOnly=False | Shared=True | Id=7626172
INFO | Candidate: NWB_DimDiameter | Scope=instance | Storage=String | ReadOnly=False | Shared=True | Id=13710673
INFO | Found 2 parameters named NWB_DimDiameter
INFO | SELECTED | Shared Parameter | Scope=instance | ReadOnly=False | Id=13710673
INFO | IGNORED (SharedOnly) | Shared Parameter | Scope=instance | ReadOnly=False | Id=7626172
INFO | Element 13822543 | NWB_DimDiameter | Kind=Shared Parameter | Scope=instance | Storage=String | Old='' | New='160'
SOURCE | Element 13822543 | Cat=Pipes | Family=Pipe Types | Type= | Level=LEVEL 06 | Name=MHT - PVC - PNEUMATIC TUBE SYSTEMS | System=Other | SizeText=160ø | Width= | Height= | Diameter=160
ELEMENT | 13822543 | Size='160ø' | Width='' | Height='' | Diameter='160' | Statuses=NWB_DimWidth:SKIP; NWB_DimHeight:SKIP; NWB_DimDiameter:OK
INFO | Candidate: NWB_DimDiameter | Scope=instance | Storage=String | ReadOnly=False | Shared=True | Id=7626172
INFO | Candidate: NWB_DimDiameter | Scope=instance | Storage=String | ReadOnly=False | Shared=True | Id=13710673
INFO | Found 2 parameters named NWB_DimDiameter
INFO | SELECTED | Shared Parameter | Scope=instance | ReadOnly=False | Id=13710673
INFO | IGNORED (SharedOnly) | Shared Parameter | Scope=instance | ReadOnly=False | Id=7626172
INFO | Element 13822547 | NWB_DimDiameter | Kind=Shared Parameter | Scope=instance | Storage=String | Old='' | New='160'
SOURCE | Element 13822547 | Cat=Pipes | Family=Pipe Types | Type= | Level=LEVEL 06 | Name=MHT - PVC - PNEUMATIC TUBE SYSTEMS | System=Other | SizeText=160ø | Width= | Height= | Diameter=160
ELEMENT | 13822547 | Size='160ø' | Width='' | Height='' | Diameter='160' | Statuses=NWB_DimWidth:SKIP; NWB_DimHeight:SKIP; NWB_DimDiameter:OK
INFO | Candidate: NWB_DimDiameter | Scope=instance | Storage=String | ReadOnly=False | Shared=True | Id=7626172
INFO | Candidate: NWB_DimDiameter | Scope=instance | Storage=String | ReadOnly=False | Shared=True | Id=13710673
INFO | Found 2 parameters named NWB_DimDiameter
INFO | SELECTED | Shared Parameter | Scope=instance | ReadOnly=False | Id=13710673
INFO | IGNORED (SharedOnly) | Shared Parameter | Scope=instance | ReadOnly=False | Id=7626172
INFO | Element 13822549 | NWB_DimDiameter | Kind=Shared Parameter | Scope=instance | Storage=String | Old='' | New='160'
SOURCE | Element 13822549 | Cat=Pipes | Family=Pipe Types | Type= | Level=LEVEL 06 | Name=MHT - PVC - PNEUMATIC TUBE SYSTEMS | System=Other | SizeText=160ø | Width= | Height= | Diameter=160
ELEMENT | 13822549 | Size='160ø' | Width='' | Height='' | Diameter='160' | Statuses=NWB_DimWidth:SKIP; NWB_DimHeight:SKIP; NWB_DimDiameter:OK
INFO | Candidate: NWB_DimDiameter | Scope=instance | Storage=String | ReadOnly=False | Shared=True | Id=7626172
INFO | Candidate: NWB_DimDiameter | Scope=instance | Storage=String | ReadOnly=False | Shared=True | Id=13710673
INFO | Found 2 parameters named NWB_DimDiameter
INFO | SELECTED | Shared Parameter | Scope=instance | ReadOnly=False | Id=13710673
INFO | IGNORED (SharedOnly) | Shared Parameter | Scope=instance | ReadOnly=False | Id=7626172
INFO | Element 13822763 | NWB_DimDiameter | Kind=Shared Parameter | Scope=instance | Storage=String | Old='' | New='160'
SOURCE | Element 13822763 | Cat=Pipes | Family=Pipe Types | Type= | Level=LEVEL 04 | Name=MHT - PVC - PNEUMATIC TUBE SYSTEMS | System=Other | SizeText=160ø | Width= | Height= | Diameter=160
ELEMENT | 13822763 | Size='160ø' | Width='' | Height='' | Diameter='160' | Statuses=NWB_DimWidth:SKIP; NWB_DimHeight:SKIP; NWB_DimDiameter:OK
INFO | Candidate: NWB_DimDiameter | Scope=instance | Storage=String | ReadOnly=False | Shared=True | Id=7626172
INFO | Candidate: NWB_DimDiameter | Scope=instance | Storage=String | ReadOnly=False | Shared=True | Id=13710673
INFO | Found 2 parameters named NWB_DimDiameter
INFO | SELECTED | Shared Parameter | Scope=instance | ReadOnly=False | Id=13710673
INFO | IGNORED (SharedOnly) | Shared Parameter | Scope=instance | ReadOnly=False | Id=7626172
INFO | Element 13822793 | NWB_DimDiameter | Kind=Shared Parameter | Scope=instance | Storage=String | Old='' | New='160'
SOURCE | Element 13822793 | Cat=Pipes | Family=Pipe Types | Type= | Level=LEVEL 03 | Name=MHT - PVC - PNEUMATIC TUBE SYSTEMS | System=Other | SizeText=160ø | Width= | Height= | Diameter=160
ELEMENT | 13822793 | Size='160ø' | Width='' | Height='' | Diameter='160' | Statuses=NWB_DimWidth:SKIP; NWB_DimHeight:SKIP; NWB_DimDiameter:OK
INFO | Candidate: NWB_DimDiameter | Scope=instance | Storage=String | ReadOnly=False | Shared=True | Id=7626172
INFO | Candidate: NWB_DimDiameter | Scope=instance | Storage=String | ReadOnly=False | Shared=True | Id=13710673
INFO | Found 2 parameters named NWB_DimDiameter
INFO | SELECTED | Shared Parameter | Scope=instance | ReadOnly=False | Id=13710673
INFO | IGNORED (SharedOnly) | Shared Parameter | Scope=instance | ReadOnly=False | Id=7626172
INFO | Element 13822801 | NWB_DimDiameter | Kind=Shared Parameter | Scope=instance | Storage=String | Old='' | New='160'
SOURCE | Element 13822801 | Cat=Pipes | Family=Pipe Types | Type= | Level=LEVEL 06 | Name=MHT - PVC - PNEUMATIC TUBE SYSTEMS | System=Other | SizeText=160ø | Width= | Height= | Diameter=160
ELEMENT | 13822801 | Size='160ø' | Width='' | Height='' | Diameter='160' | Statuses=NWB_DimWidth:SKIP; NWB_DimHeight:SKIP; NWB_DimDiameter:OK
INFO | Candidate: NWB_DimDiameter | Scope=instance | Storage=String | ReadOnly=False | Shared=True | Id=7626172
INFO | Candidate: NWB_DimDiameter | Scope=instance | Storage=String | ReadOnly=False | Shared=True | Id=13710673
INFO | Found 2 parameters named NWB_DimDiameter
INFO | SELECTED | Shared Parameter | Scope=instance | ReadOnly=False | Id=13710673
INFO | IGNORED (SharedOnly) | Shared Parameter | Scope=instance | ReadOnly=False | Id=7626172
INFO | Element 13822892 | NWB_DimDiameter | Kind=Shared Parameter | Scope=instance | Storage=String | Old='' | New='160'
SOURCE | Element 13822892 | Cat=Pipes | Family=Pipe Types | Type= | Level=LEVEL 06 | Name=MHT - PVC - PNEUMATIC TUBE SYSTEMS | System=Other | SizeText=160ø | Width= | Height= | Diameter=160
ELEMENT | 13822892 | Size='160ø' | Width='' | Height='' | Diameter='160' | Statuses=NWB_DimWidth:SKIP; NWB_DimHeight:SKIP; NWB_DimDiameter:OK
INFO | Candidate: NWB_DimDiameter | Scope=instance | Storage=String | ReadOnly=False | Shared=True | Id=7626172
INFO | Candidate: NWB_DimDiameter | Scope=instance | Storage=String | ReadOnly=False | Shared=True | Id=13710673
INFO | Found 2 parameters named NWB_DimDiameter
INFO | SELECTED | Shared Parameter | Scope=instance | ReadOnly=False | Id=13710673
INFO | IGNORED (SharedOnly) | Shared Parameter | Scope=instance | ReadOnly=False | Id=7626172
INFO | Element 13823427 | NWB_DimDiameter | Kind=Shared Parameter | Scope=instance | Storage=String | Old='' | New='160'
SOURCE | Element 13823427 | Cat=Pipes | Family=Pipe Types | Type= | Level=LEVEL 06 | Name=MHT - PVC - PNEUMATIC TUBE SYSTEMS | System=Other | SizeText=160ø | Width= | Height= | Diameter=160
ELEMENT | 13823427 | Size='160ø' | Width='' | Height='' | Diameter='160' | Statuses=NWB_DimWidth:SKIP; NWB_DimHeight:SKIP; NWB_DimDiameter:OK
INFO | Candidate: NWB_DimDiameter | Scope=instance | Storage=String | ReadOnly=False | Shared=True | Id=7626172
INFO | Candidate: NWB_DimDiameter | Scope=instance | Storage=String | ReadOnly=False | Shared=True | Id=13710673
INFO | Found 2 parameters named NWB_DimDiameter
INFO | SELECTED | Shared Parameter | Scope=instance | ReadOnly=False | Id=13710673
INFO | IGNORED (SharedOnly) | Shared Parameter | Scope=instance | ReadOnly=False | Id=7626172
INFO | Element 13823650 | NWB_DimDiameter | Kind=Shared Parameter | Scope=instance | Storage=String | Old='' | New='160'
SOURCE | Element 13823650 | Cat=Pipes | Family=Pipe Types | Type= | Level=LEVEL 06 | Name=MHT - PVC - PNEUMATIC TUBE SYSTEMS | System=Other | SizeText=160ø | Width= | Height= | Diameter=160
ELEMENT | 13823650 | Size='160ø' | Width='' | Height='' | Diameter='160' | Statuses=NWB_DimWidth:SKIP; NWB_DimHeight:SKIP; NWB_DimDiameter:OK
INFO | Candidate: NWB_DimDiameter | Scope=instance | Storage=String | ReadOnly=False | Shared=True | Id=7626172
INFO | Candidate: NWB_DimDiameter | Scope=instance | Storage=String | ReadOnly=False | Shared=True | Id=13710673
INFO | Found 2 parameters named NWB_DimDiameter
INFO | SELECTED | Shared Parameter | Scope=instance | ReadOnly=False | Id=13710673
INFO | IGNORED (SharedOnly) | Shared Parameter | Scope=instance | ReadOnly=False | Id=7626172
INFO | Element 13825007 | NWB_DimDiameter | Kind=Shared Parameter | Scope=instance | Storage=String | Old='' | New='160'
SOURCE | Element 13825007 | Cat=Pipes | Family=Pipe Types | Type= | Level=LEVEL 06 | Name=MHT - PVC - PNEUMATIC TUBE SYSTEMS | System=Other | SizeText=160ø | Width= | Height= | Diameter=160
ELEMENT | 13825007 | Size='160ø' | Width='' | Height='' | Diameter='160' | Statuses=NWB_DimWidth:SKIP; NWB_DimHeight:SKIP; NWB_DimDiameter:OK
INFO | Candidate: NWB_DimDiameter | Scope=instance | Storage=String | ReadOnly=False | Shared=True | Id=7626172
INFO | Candidate: NWB_DimDiameter | Scope=instance | Storage=String | ReadOnly=False | Shared=True | Id=13710673
INFO | Found 2 parameters named NWB_DimDiameter
INFO | SELECTED | Shared Parameter | Scope=instance | ReadOnly=False | Id=13710673
INFO | IGNORED (SharedOnly) | Shared Parameter | Scope=instance | ReadOnly=False | Id=7626172
INFO | Element 13825514 | NWB_DimDiameter | Kind=Shared Parameter | Scope=instance | Storage=String | Old='' | New='160'
SOURCE | Element 13825514 | Cat=Pipes | Family=Pipe Types | Type= | Level=LEVEL 06 | Name=MHT - PVC - PNEUMATIC TUBE SYSTEMS | System=Other | SizeText=160ø | Width= | Height= | Diameter=160
ELEMENT | 13825514 | Size='160ø' | Width='' | Height='' | Diameter='160' | Statuses=NWB_DimWidth:SKIP; NWB_DimHeight:SKIP; NWB_DimDiameter:OK
INFO | Candidate: NWB_DimDiameter | Scope=instance | Storage=String | ReadOnly=False | Shared=True | Id=7626172
INFO | Candidate: NWB_DimDiameter | Scope=instance | Storage=String | ReadOnly=False | Shared=True | Id=13710673
INFO | Found 2 parameters named NWB_DimDiameter
INFO | SELECTED | Shared Parameter | Scope=instance | ReadOnly=False | Id=13710673
INFO | IGNORED (SharedOnly) | Shared Parameter | Scope=instance | ReadOnly=False | Id=7626172
INFO | Element 13825658 | NWB_DimDiameter | Kind=Shared Parameter | Scope=instance | Storage=String | Old='' | New='160'
SOURCE | Element 13825658 | Cat=Pipes | Family=Pipe Types | Type= | Level=LEVEL 06 | Name=MHT - PVC - PNEUMATIC TUBE SYSTEMS | System=Other | SizeText=160ø | Width= | Height= | Diameter=160
ELEMENT | 13825658 | Size='160ø' | Width='' | Height='' | Diameter='160' | Statuses=NWB_DimWidth:SKIP; NWB_DimHeight:SKIP; NWB_DimDiameter:OK
INFO | Candidate: NWB_DimDiameter | Scope=instance | Storage=String | ReadOnly=False | Shared=True | Id=7626172
INFO | Candidate: NWB_DimDiameter | Scope=instance | Storage=String | ReadOnly=False | Shared=True | Id=13710673
INFO | Found 2 parameters named NWB_DimDiameter
INFO | SELECTED | Shared Parameter | Scope=instance | ReadOnly=False | Id=13710673
INFO | IGNORED (SharedOnly) | Shared Parameter | Scope=instance | ReadOnly=False | Id=7626172
INFO | Element 13825666 | NWB_DimDiameter | Kind=Shared Parameter | Scope=instance | Storage=String | Old='' | New='160'
SOURCE | Element 13825666 | Cat=Pipes | Family=Pipe Types | Type= | Level=LEVEL 06 | Name=MHT - PVC - PNEUMATIC TUBE SYSTEMS | System=Other | SizeText=160ø | Width= | Height= | Diameter=160
ELEMENT | 13825666 | Size='160ø' | Width='' | Height='' | Diameter='160' | Statuses=NWB_DimWidth:SKIP; NWB_DimHeight:SKIP; NWB_DimDiameter:OK
INFO | Candidate: NWB_DimDiameter | Scope=instance | Storage=String | ReadOnly=False | Shared=True | Id=7626172
INFO | Candidate: NWB_DimDiameter | Scope=instance | Storage=String | ReadOnly=False | Shared=True | Id=13710673
INFO | Found 2 parameters named NWB_DimDiameter
INFO | SELECTED | Shared Parameter | Scope=instance | ReadOnly=False | Id=13710673
INFO | IGNORED (SharedOnly) | Shared Parameter | Scope=instance | ReadOnly=False | Id=7626172
INFO | Element 13825679 | NWB_DimDiameter | Kind=Shared Parameter | Scope=instance | Storage=String | Old='' | New='160'
SOURCE | Element 13825679 | Cat=Pipes | Family=Pipe Types | Type= | Level=LEVEL 06 | Name=MHT - PVC - PNEUMATIC TUBE SYSTEMS | System=Other | SizeText=160ø | Width= | Height= | Diameter=160
ELEMENT | 13825679 | Size='160ø' | Width='' | Height='' | Diameter='160' | Statuses=NWB_DimWidth:SKIP; NWB_DimHeight:SKIP; NWB_DimDiameter:OK
INFO | Candidate: NWB_DimDiameter | Scope=instance | Storage=String | ReadOnly=False | Shared=True | Id=7626172
INFO | Candidate: NWB_DimDiameter | Scope=instance | Storage=String | ReadOnly=False | Shared=True | Id=13710673
INFO | Found 2 parameters named NWB_DimDiameter
INFO | SELECTED | Shared Parameter | Scope=instance | ReadOnly=False | Id=13710673
INFO | IGNORED (SharedOnly) | Shared Parameter | Scope=instance | ReadOnly=False | Id=7626172
INFO | Element 13825844 | NWB_DimDiameter | Kind=Shared Parameter | Scope=instance | Storage=String | Old='' | New='160'
SOURCE | Element 13825844 | Cat=Pipes | Family=Pipe Types | Type= | Level=LEVEL 06 | Name=MHT - PVC - PNEUMATIC TUBE SYSTEMS | System=Other | SizeText=160ø | Width= | Height= | Diameter=160
ELEMENT | 13825844 | Size='160ø' | Width='' | Height='' | Diameter='160' | Statuses=NWB_DimWidth:SKIP; NWB_DimHeight:SKIP; NWB_DimDiameter:OK
INFO | Candidate: NWB_DimDiameter | Scope=instance | Storage=String | ReadOnly=False | Shared=True | Id=7626172
INFO | Candidate: NWB_DimDiameter | Scope=instance | Storage=String | ReadOnly=False | Shared=True | Id=13710673
INFO | Found 2 parameters named NWB_DimDiameter
INFO | SELECTED | Shared Parameter | Scope=instance | ReadOnly=False | Id=13710673
INFO | IGNORED (SharedOnly) | Shared Parameter | Scope=instance | ReadOnly=False | Id=7626172
INFO | Element 13825852 | NWB_DimDiameter | Kind=Shared Parameter | Scope=instance | Storage=String | Old='' | New='160'
SOURCE | Element 13825852 | Cat=Pipes | Family=Pipe Types | Type= | Level=LEVEL 06 | Name=MHT - PVC - PNEUMATIC TUBE SYSTEMS | System=Other | SizeText=160ø | Width= | Height= | Diameter=160
ELEMENT | 13825852 | Size='160ø' | Width='' | Height='' | Diameter='160' | Statuses=NWB_DimWidth:SKIP; NWB_DimHeight:SKIP; NWB_DimDiameter:OK
INFO | Candidate: NWB_DimDiameter | Scope=instance | Storage=String | ReadOnly=False | Shared=True | Id=7626172
INFO | Candidate: NWB_DimDiameter | Scope=instance | Storage=String | ReadOnly=False | Shared=True | Id=13710673
INFO | Found 2 parameters named NWB_DimDiameter
INFO | SELECTED | Shared Parameter | Scope=instance | ReadOnly=False | Id=13710673
INFO | IGNORED (SharedOnly) | Shared Parameter | Scope=instance | ReadOnly=False | Id=7626172
INFO | Element 13826139 | NWB_DimDiameter | Kind=Shared Parameter | Scope=instance | Storage=String | Old='' | New='160'
SOURCE | Element 13826139 | Cat=Pipes | Family=Pipe Types | Type= | Level=LEVEL 06 | Name=MHT - PVC - PNEUMATIC TUBE SYSTEMS | System=Other | SizeText=160ø | Width= | Height= | Diameter=160
ELEMENT | 13826139 | Size='160ø' | Width='' | Height='' | Diameter='160' | Statuses=NWB_DimWidth:SKIP; NWB_DimHeight:SKIP; NWB_DimDiameter:OK
INFO | Candidate: NWB_DimDiameter | Scope=instance | Storage=String | ReadOnly=False | Shared=True | Id=7626172
INFO | Candidate: NWB_DimDiameter | Scope=instance | Storage=String | ReadOnly=False | Shared=True | Id=13710673
INFO | Found 2 parameters named NWB_DimDiameter
INFO | SELECTED | Shared Parameter | Scope=instance | ReadOnly=False | Id=13710673
INFO | IGNORED (SharedOnly) | Shared Parameter | Scope=instance | ReadOnly=False | Id=7626172
INFO | Element 13826140 | NWB_DimDiameter | Kind=Shared Parameter | Scope=instance | Storage=String | Old='' | New='160'
SOURCE | Element 13826140 | Cat=Pipes | Family=Pipe Types | Type= | Level=LEVEL 06 | Name=MHT - PVC - PNEUMATIC TUBE SYSTEMS | System=Other | SizeText=160ø | Width= | Height= | Diameter=160
ELEMENT | 13826140 | Size='160ø' | Width='' | Height='' | Diameter='160' | Statuses=NWB_DimWidth:SKIP; NWB_DimHeight:SKIP; NWB_DimDiameter:OK
INFO | Candidate: NWB_DimDiameter | Scope=instance | Storage=String | ReadOnly=False | Shared=True | Id=7626172
INFO | Candidate: NWB_DimDiameter | Scope=instance | Storage=String | ReadOnly=False | Shared=True | Id=13710673
INFO | Found 2 parameters named NWB_DimDiameter
INFO | SELECTED | Shared Parameter | Scope=instance | ReadOnly=False | Id=13710673
INFO | IGNORED (SharedOnly) | Shared Parameter | Scope=instance | ReadOnly=False | Id=7626172
INFO | Element 13826350 | NWB_DimDiameter | Kind=Shared Parameter | Scope=instance | Storage=String | Old='' | New='160'
SOURCE | Element 13826350 | Cat=Pipes | Family=Pipe Types | Type= | Level=LEVEL 06 | Name=MHT - PVC - PNEUMATIC TUBE SYSTEMS | System=Other | SizeText=160ø | Width= | Height= | Diameter=160
ELEMENT | 13826350 | Size='160ø' | Width='' | Height='' | Diameter='160' | Statuses=NWB_DimWidth:SKIP; NWB_DimHeight:SKIP; NWB_DimDiameter:OK
INFO | Candidate: NWB_DimDiameter | Scope=instance | Storage=String | ReadOnly=False | Shared=True | Id=7626172
INFO | Candidate: NWB_DimDiameter | Scope=instance | Storage=String | ReadOnly=False | Shared=True | Id=13710673
INFO | Found 2 parameters named NWB_DimDiameter
INFO | SELECTED | Shared Parameter | Scope=instance | ReadOnly=False | Id=13710673
INFO | IGNORED (SharedOnly) | Shared Parameter | Scope=instance | ReadOnly=False | Id=7626172
INFO | Element 13827307 | NWB_DimDiameter | Kind=Shared Parameter | Scope=instance | Storage=String | Old='' | New='160'
SOURCE | Element 13827307 | Cat=Pipes | Family=Pipe Types | Type= | Level=LEVEL 06 | Name=MHT - PVC - PNEUMATIC TUBE SYSTEMS | System=Other | SizeText=160ø | Width= | Height= | Diameter=160
ELEMENT | 13827307 | Size='160ø' | Width='' | Height='' | Diameter='160' | Statuses=NWB_DimWidth:SKIP; NWB_DimHeight:SKIP; NWB_DimDiameter:OK
INFO | Candidate: NWB_DimDiameter | Scope=instance | Storage=String | ReadOnly=False | Shared=True | Id=7626172
INFO | Candidate: NWB_DimDiameter | Scope=instance | Storage=String | ReadOnly=False | Shared=True | Id=13710673
INFO | Found 2 parameters named NWB_DimDiameter
INFO | SELECTED | Shared Parameter | Scope=instance | ReadOnly=False | Id=13710673
INFO | IGNORED (SharedOnly) | Shared Parameter | Scope=instance | ReadOnly=False | Id=7626172
INFO | Element 13827315 | NWB_DimDiameter | Kind=Shared Parameter | Scope=instance | Storage=String | Old='' | New='160'
SOURCE | Element 13827315 | Cat=Pipes | Family=Pipe Types | Type= | Level=LEVEL 06 | Name=MHT - PVC - PNEUMATIC TUBE SYSTEMS | System=Other | SizeText=160ø | Width= | Height= | Diameter=160
ELEMENT | 13827315 | Size='160ø' | Width='' | Height='' | Diameter='160' | Statuses=NWB_DimWidth:SKIP; NWB_DimHeight:SKIP; NWB_DimDiameter:OK
INFO | Candidate: NWB_DimDiameter | Scope=instance | Storage=String | ReadOnly=False | Shared=True | Id=7626172
INFO | Candidate: NWB_DimDiameter | Scope=instance | Storage=String | ReadOnly=False | Shared=True | Id=13710673
INFO | Found 2 parameters named NWB_DimDiameter
INFO | SELECTED | Shared Parameter | Scope=instance | ReadOnly=False | Id=13710673
INFO | IGNORED (SharedOnly) | Shared Parameter | Scope=instance | ReadOnly=False | Id=7626172
INFO | Element 13827354 | NWB_DimDiameter | Kind=Shared Parameter | Scope=instance | Storage=String | Old='' | New='160'
SOURCE | Element 13827354 | Cat=Pipes | Family=Pipe Types | Type= | Level=LEVEL 06 | Name=MHT - PVC - PNEUMATIC TUBE SYSTEMS | System=Other | SizeText=160ø | Width= | Height= | Diameter=160
ELEMENT | 13827354 | Size='160ø' | Width='' | Height='' | Diameter='160' | Statuses=NWB_DimWidth:SKIP; NWB_DimHeight:SKIP; NWB_DimDiameter:OK
INFO | Candidate: NWB_DimDiameter | Scope=instance | Storage=String | ReadOnly=False | Shared=True | Id=7626172
INFO | Candidate: NWB_DimDiameter | Scope=instance | Storage=String | ReadOnly=False | Shared=True | Id=13710673
INFO | Found 2 parameters named NWB_DimDiameter
INFO | SELECTED | Shared Parameter | Scope=instance | ReadOnly=False | Id=13710673
INFO | IGNORED (SharedOnly) | Shared Parameter | Scope=instance | ReadOnly=False | Id=7626172
INFO | Element 13827364 | NWB_DimDiameter | Kind=Shared Parameter | Scope=instance | Storage=String | Old='' | New='160'
SOURCE | Element 13827364 | Cat=Pipes | Family=Pipe Types | Type= | Level=LEVEL 06 | Name=MHT - PVC - PNEUMATIC TUBE SYSTEMS | System=Other | SizeText=160ø | Width= | Height= | Diameter=160
ELEMENT | 13827364 | Size='160ø' | Width='' | Height='' | Diameter='160' | Statuses=NWB_DimWidth:SKIP; NWB_DimHeight:SKIP; NWB_DimDiameter:OK
INFO | Candidate: NWB_DimDiameter | Scope=instance | Storage=String | ReadOnly=False | Shared=True | Id=7626172
INFO | Candidate: NWB_DimDiameter | Scope=instance | Storage=String | ReadOnly=False | Shared=True | Id=13710673
INFO | Found 2 parameters named NWB_DimDiameter
INFO | SELECTED | Shared Parameter | Scope=instance | ReadOnly=False | Id=13710673
INFO | IGNORED (SharedOnly) | Shared Parameter | Scope=instance | ReadOnly=False | Id=7626172
INFO | Element 13827447 | NWB_DimDiameter | Kind=Shared Parameter | Scope=instance | Storage=String | Old='' | New='160'
SOURCE | Element 13827447 | Cat=Pipes | Family=Pipe Types | Type= | Level=LEVEL 06 | Name=MHT - PVC - PNEUMATIC TUBE SYSTEMS | System=Other | SizeText=160ø | Width= | Height= | Diameter=160
ELEMENT | 13827447 | Size='160ø' | Width='' | Height='' | Diameter='160' | Statuses=NWB_DimWidth:SKIP; NWB_DimHeight:SKIP; NWB_DimDiameter:OK
INFO | Candidate: NWB_DimDiameter | Scope=instance | Storage=String | ReadOnly=False | Shared=True | Id=7626172
INFO | Candidate: NWB_DimDiameter | Scope=instance | Storage=String | ReadOnly=False | Shared=True | Id=13710673
INFO | Found 2 parameters named NWB_DimDiameter
INFO | SELECTED | Shared Parameter | Scope=instance | ReadOnly=False | Id=13710673
INFO | IGNORED (SharedOnly) | Shared Parameter | Scope=instance | ReadOnly=False | Id=7626172
INFO | Element 13827455 | NWB_DimDiameter | Kind=Shared Parameter | Scope=instance | Storage=String | Old='' | New='160'
SOURCE | Element 13827455 | Cat=Pipes | Family=Pipe Types | Type= | Level=LEVEL 06 | Name=MHT - PVC - PNEUMATIC TUBE SYSTEMS | System=Other | SizeText=160ø | Width= | Height= | Diameter=160
ELEMENT | 13827455 | Size='160ø' | Width='' | Height='' | Diameter='160' | Statuses=NWB_DimWidth:SKIP; NWB_DimHeight:SKIP; NWB_DimDiameter:OK
INFO | Candidate: NWB_DimDiameter | Scope=instance | Storage=String | ReadOnly=False | Shared=True | Id=7626172
INFO | Candidate: NWB_DimDiameter | Scope=instance | Storage=String | ReadOnly=False | Shared=True | Id=13710673
INFO | Found 2 parameters named NWB_DimDiameter
INFO | SELECTED | Shared Parameter | Scope=instance | ReadOnly=False | Id=13710673
INFO | IGNORED (SharedOnly) | Shared Parameter | Scope=instance | ReadOnly=False | Id=7626172
INFO | Element 13827463 | NWB_DimDiameter | Kind=Shared Parameter | Scope=instance | Storage=String | Old='' | New='160'
SOURCE | Element 13827463 | Cat=Pipes | Family=Pipe Types | Type= | Level=LEVEL 06 | Name=MHT - PVC - PNEUMATIC TUBE SYSTEMS | System=Other | SizeText=160ø | Width= | Height= | Diameter=160
ELEMENT | 13827463 | Size='160ø' | Width='' | Height='' | Diameter='160' | Statuses=NWB_DimWidth:SKIP; NWB_DimHeight:SKIP; NWB_DimDiameter:OK
INFO | Candidate: NWB_DimDiameter | Scope=instance | Storage=String | ReadOnly=False | Shared=True | Id=7626172
INFO | Candidate: NWB_DimDiameter | Scope=instance | Storage=String | ReadOnly=False | Shared=True | Id=13710673
INFO | Found 2 parameters named NWB_DimDiameter
INFO | SELECTED | Shared Parameter | Scope=instance | ReadOnly=False | Id=13710673
INFO | IGNORED (SharedOnly) | Shared Parameter | Scope=instance | ReadOnly=False | Id=7626172
INFO | Element 13827810 | NWB_DimDiameter | Kind=Shared Parameter | Scope=instance | Storage=String | Old='' | New='160'
SOURCE | Element 13827810 | Cat=Pipes | Family=Pipe Types | Type= | Level=LEVEL 06 | Name=MHT - PVC - PNEUMATIC TUBE SYSTEMS | System=Other | SizeText=160ø | Width= | Height= | Diameter=160
ELEMENT | 13827810 | Size='160ø' | Width='' | Height='' | Diameter='160' | Statuses=NWB_DimWidth:SKIP; NWB_DimHeight:SKIP; NWB_DimDiameter:OK
INFO | Candidate: NWB_DimDiameter | Scope=instance | Storage=String | ReadOnly=False | Shared=True | Id=7626172
INFO | Candidate: NWB_DimDiameter | Scope=instance | Storage=String | ReadOnly=False | Shared=True | Id=13710673
INFO | Found 2 parameters named NWB_DimDiameter
INFO | SELECTED | Shared Parameter | Scope=instance | ReadOnly=False | Id=13710673
INFO | IGNORED (SharedOnly) | Shared Parameter | Scope=instance | ReadOnly=False | Id=7626172
INFO | Element 13827877 | NWB_DimDiameter | Kind=Shared Parameter | Scope=instance | Storage=String | Old='' | New='160'
SOURCE | Element 13827877 | Cat=Pipes | Family=Pipe Types | Type= | Level=LEVEL 06 | Name=MHT - PVC - PNEUMATIC TUBE SYSTEMS | System=Other | SizeText=160ø | Width= | Height= | Diameter=160
ELEMENT | 13827877 | Size='160ø' | Width='' | Height='' | Diameter='160' | Statuses=NWB_DimWidth:SKIP; NWB_DimHeight:SKIP; NWB_DimDiameter:OK
INFO | Candidate: NWB_DimDiameter | Scope=instance | Storage=String | ReadOnly=False | Shared=True | Id=7626172
INFO | Candidate: NWB_DimDiameter | Scope=instance | Storage=String | ReadOnly=False | Shared=True | Id=13710673
INFO | Found 2 parameters named NWB_DimDiameter
INFO | SELECTED | Shared Parameter | Scope=instance | ReadOnly=False | Id=13710673
INFO | IGNORED (SharedOnly) | Shared Parameter | Scope=instance | ReadOnly=False | Id=7626172
INFO | Element 13828439 | NWB_DimDiameter | Kind=Shared Parameter | Scope=instance | Storage=String | Old='' | New='160'
SOURCE | Element 13828439 | Cat=Pipes | Family=Pipe Types | Type= | Level=LEVEL 06 | Name=MHT - PVC - PNEUMATIC TUBE SYSTEMS | System=Other | SizeText=160ø | Width= | Height= | Diameter=160
ELEMENT | 13828439 | Size='160ø' | Width='' | Height='' | Diameter='160' | Statuses=NWB_DimWidth:SKIP; NWB_DimHeight:SKIP; NWB_DimDiameter:OK
INFO | Candidate: NWB_DimDiameter | Scope=instance | Storage=String | ReadOnly=False | Shared=True | Id=7626172
INFO | Candidate: NWB_DimDiameter | Scope=instance | Storage=String | ReadOnly=False | Shared=True | Id=13710673
INFO | Found 2 parameters named NWB_DimDiameter
INFO | SELECTED | Shared Parameter | Scope=instance | ReadOnly=False | Id=13710673
INFO | IGNORED (SharedOnly) | Shared Parameter | Scope=instance | ReadOnly=False | Id=7626172
INFO | Element 13828471 | NWB_DimDiameter | Kind=Shared Parameter | Scope=instance | Storage=String | Old='' | New='160'
SOURCE | Element 13828471 | Cat=Pipes | Family=Pipe Types | Type= | Level=LEVEL 06 | Name=MHT - PVC - PNEUMATIC TUBE SYSTEMS | System=Other | SizeText=160ø | Width= | Height= | Diameter=160
ELEMENT | 13828471 | Size='160ø' | Width='' | Height='' | Diameter='160' | Statuses=NWB_DimWidth:SKIP; NWB_DimHeight:SKIP; NWB_DimDiameter:OK
INFO | Candidate: NWB_DimDiameter | Scope=instance | Storage=String | ReadOnly=False | Shared=True | Id=7626172
INFO | Candidate: NWB_DimDiameter | Scope=instance | Storage=String | ReadOnly=False | Shared=True | Id=13710673
INFO | Found 2 parameters named NWB_DimDiameter
INFO | SELECTED | Shared Parameter | Scope=instance | ReadOnly=False | Id=13710673
INFO | IGNORED (SharedOnly) | Shared Parameter | Scope=instance | ReadOnly=False | Id=7626172
INFO | Element 13828605 | NWB_DimDiameter | Kind=Shared Parameter | Scope=instance | Storage=String | Old='' | New='160'
SOURCE | Element 13828605 | Cat=Pipes | Family=Pipe Types | Type= | Level=LEVEL 06 | Name=MHT - PVC - PNEUMATIC TUBE SYSTEMS | System=Other | SizeText=160ø | Width= | Height= | Diameter=160
ELEMENT | 13828605 | Size='160ø' | Width='' | Height='' | Diameter='160' | Statuses=NWB_DimWidth:SKIP; NWB_DimHeight:SKIP; NWB_DimDiameter:OK
INFO | Candidate: NWB_DimDiameter | Scope=instance | Storage=String | ReadOnly=False | Shared=True | Id=7626172
INFO | Candidate: NWB_DimDiameter | Scope=instance | Storage=String | ReadOnly=False | Shared=True | Id=13710673
INFO | Found 2 parameters named NWB_DimDiameter
INFO | SELECTED | Shared Parameter | Scope=instance | ReadOnly=False | Id=13710673
INFO | IGNORED (SharedOnly) | Shared Parameter | Scope=instance | ReadOnly=False | Id=7626172
INFO | Element 13829610 | NWB_DimDiameter | Kind=Shared Parameter | Scope=instance | Storage=String | Old='' | New='160'
SOURCE | Element 13829610 | Cat=Pipes | Family=Pipe Types | Type= | Level=LEVEL 06 | Name=MHT - PVC - PNEUMATIC TUBE SYSTEMS | System=Other | SizeText=160ø | Width= | Height= | Diameter=160
ELEMENT | 13829610 | Size='160ø' | Width='' | Height='' | Diameter='160' | Statuses=NWB_DimWidth:SKIP; NWB_DimHeight:SKIP; NWB_DimDiameter:OK
INFO | Candidate: NWB_DimDiameter | Scope=instance | Storage=String | ReadOnly=False | Shared=True | Id=7626172
INFO | Candidate: NWB_DimDiameter | Scope=instance | Storage=String | ReadOnly=False | Shared=True | Id=13710673
INFO | Found 2 parameters named NWB_DimDiameter
INFO | SELECTED | Shared Parameter | Scope=instance | ReadOnly=False | Id=13710673
INFO | IGNORED (SharedOnly) | Shared Parameter | Scope=instance | ReadOnly=False | Id=7626172
INFO | Element 13830519 | NWB_DimDiameter | Kind=Shared Parameter | Scope=instance | Storage=String | Old='' | New='160'
SOURCE | Element 13830519 | Cat=Pipes | Family=Pipe Types | Type= | Level=LEVEL 06 | Name=MHT - PVC - PNEUMATIC TUBE SYSTEMS | System=Other | SizeText=160ø | Width= | Height= | Diameter=160
ELEMENT | 13830519 | Size='160ø' | Width='' | Height='' | Diameter='160' | Statuses=NWB_DimWidth:SKIP; NWB_DimHeight:SKIP; NWB_DimDiameter:OK
INFO | Candidate: NWB_DimDiameter | Scope=instance | Storage=String | ReadOnly=False | Shared=True | Id=7626172
INFO | Candidate: NWB_DimDiameter | Scope=instance | Storage=String | ReadOnly=False | Shared=True | Id=13710673
INFO | Found 2 parameters named NWB_DimDiameter
INFO | SELECTED | Shared Parameter | Scope=instance | ReadOnly=False | Id=13710673
INFO | IGNORED (SharedOnly) | Shared Parameter | Scope=instance | ReadOnly=False | Id=7626172
INFO | Element 13831058 | NWB_DimDiameter | Kind=Shared Parameter | Scope=instance | Storage=String | Old='' | New='160'
SOURCE | Element 13831058 | Cat=Pipes | Family=Pipe Types | Type= | Level=LEVEL 06 | Name=MHT - PVC - PNEUMATIC TUBE SYSTEMS | System=Other | SizeText=160ø | Width= | Height= | Diameter=160
ELEMENT | 13831058 | Size='160ø' | Width='' | Height='' | Diameter='160' | Statuses=NWB_DimWidth:SKIP; NWB_DimHeight:SKIP; NWB_DimDiameter:OK
INFO | Candidate: NWB_DimDiameter | Scope=instance | Storage=String | ReadOnly=False | Shared=True | Id=7626172
INFO | Candidate: NWB_DimDiameter | Scope=instance | Storage=String | ReadOnly=False | Shared=True | Id=13710673
INFO | Found 2 parameters named NWB_DimDiameter
INFO | SELECTED | Shared Parameter | Scope=instance | ReadOnly=False | Id=13710673
INFO | IGNORED (SharedOnly) | Shared Parameter | Scope=instance | ReadOnly=False | Id=7626172
INFO | Element 13831066 | NWB_DimDiameter | Kind=Shared Parameter | Scope=instance | Storage=String | Old='' | New='160'
SOURCE | Element 13831066 | Cat=Pipes | Family=Pipe Types | Type= | Level=LEVEL 06 | Name=MHT - PVC - PNEUMATIC TUBE SYSTEMS | System=Other | SizeText=160ø | Width= | Height= | Diameter=160
ELEMENT | 13831066 | Size='160ø' | Width='' | Height='' | Diameter='160' | Statuses=NWB_DimWidth:SKIP; NWB_DimHeight:SKIP; NWB_DimDiameter:OK
INFO | Candidate: NWB_DimDiameter | Scope=instance | Storage=String | ReadOnly=False | Shared=True | Id=7626172
INFO | Candidate: NWB_DimDiameter | Scope=instance | Storage=String | ReadOnly=False | Shared=True | Id=13710673
INFO | Found 2 parameters named NWB_DimDiameter
INFO | SELECTED | Shared Parameter | Scope=instance | ReadOnly=False | Id=13710673
INFO | IGNORED (SharedOnly) | Shared Parameter | Scope=instance | ReadOnly=False | Id=7626172
INFO | Element 13831079 | NWB_DimDiameter | Kind=Shared Parameter | Scope=instance | Storage=String | Old='' | New='160'
SOURCE | Element 13831079 | Cat=Pipes | Family=Pipe Types | Type= | Level=LEVEL 06 | Name=MHT - PVC - PNEUMATIC TUBE SYSTEMS | System=Other | SizeText=160ø | Width= | Height= | Diameter=160
ELEMENT | 13831079 | Size='160ø' | Width='' | Height='' | Diameter='160' | Statuses=NWB_DimWidth:SKIP; NWB_DimHeight:SKIP; NWB_DimDiameter:OK
INFO | Candidate: NWB_DimDiameter | Scope=instance | Storage=String | ReadOnly=False | Shared=True | Id=7626172
INFO | Candidate: NWB_DimDiameter | Scope=instance | Storage=String | ReadOnly=False | Shared=True | Id=13710673
INFO | Found 2 parameters named NWB_DimDiameter
INFO | SELECTED | Shared Parameter | Scope=instance | ReadOnly=False | Id=13710673
INFO | IGNORED (SharedOnly) | Shared Parameter | Scope=instance | ReadOnly=False | Id=7626172
INFO | Element 13831210 | NWB_DimDiameter | Kind=Shared Parameter | Scope=instance | Storage=String | Old='' | New='160'
SOURCE | Element 13831210 | Cat=Pipes | Family=Pipe Types | Type= | Level=LEVEL 06 | Name=MHT - PVC - PNEUMATIC TUBE SYSTEMS | System=Other | SizeText=160ø | Width= | Height= | Diameter=160
ELEMENT | 13831210 | Size='160ø' | Width='' | Height='' | Diameter='160' | Statuses=NWB_DimWidth:SKIP; NWB_DimHeight:SKIP; NWB_DimDiameter:OK
INFO | Candidate: NWB_DimDiameter | Scope=instance | Storage=String | ReadOnly=False | Shared=True | Id=7626172
INFO | Candidate: NWB_DimDiameter | Scope=instance | Storage=String | ReadOnly=False | Shared=True | Id=13710673
INFO | Found 2 parameters named NWB_DimDiameter
INFO | SELECTED | Shared Parameter | Scope=instance | ReadOnly=False | Id=13710673
INFO | IGNORED (SharedOnly) | Shared Parameter | Scope=instance | ReadOnly=False | Id=7626172
INFO | Element 13831218 | NWB_DimDiameter | Kind=Shared Parameter | Scope=instance | Storage=String | Old='' | New='160'
SOURCE | Element 13831218 | Cat=Pipes | Family=Pipe Types | Type= | Level=LEVEL 06 | Name=MHT - PVC - PNEUMATIC TUBE SYSTEMS | System=Other | SizeText=160ø | Width= | Height= | Diameter=160
ELEMENT | 13831218 | Size='160ø' | Width='' | Height='' | Diameter='160' | Statuses=NWB_DimWidth:SKIP; NWB_DimHeight:SKIP; NWB_DimDiameter:OK
INFO | Candidate: NWB_DimDiameter | Scope=instance | Storage=String | ReadOnly=False | Shared=True | Id=7626172
INFO | Candidate: NWB_DimDiameter | Scope=instance | Storage=String | ReadOnly=False | Shared=True | Id=13710673
INFO | Found 2 parameters named NWB_DimDiameter
INFO | SELECTED | Shared Parameter | Scope=instance | ReadOnly=False | Id=13710673
INFO | IGNORED (SharedOnly) | Shared Parameter | Scope=instance | ReadOnly=False | Id=7626172
INFO | Element 13831226 | NWB_DimDiameter | Kind=Shared Parameter | Scope=instance | Storage=String | Old='' | New='160'
SOURCE | Element 13831226 | Cat=Pipes | Family=Pipe Types | Type= | Level=LEVEL 06 | Name=MHT - PVC - PNEUMATIC TUBE SYSTEMS | System=Other | SizeText=160ø | Width= | Height= | Diameter=160
ELEMENT | 13831226 | Size='160ø' | Width='' | Height='' | Diameter='160' | Statuses=NWB_DimWidth:SKIP; NWB_DimHeight:SKIP; NWB_DimDiameter:OK
INFO | Candidate: NWB_DimDiameter | Scope=instance | Storage=String | ReadOnly=False | Shared=True | Id=7626172
INFO | Candidate: NWB_DimDiameter | Scope=instance | Storage=String | ReadOnly=False | Shared=True | Id=13710673
INFO | Found 2 parameters named NWB_DimDiameter
INFO | SELECTED | Shared Parameter | Scope=instance | ReadOnly=False | Id=13710673
INFO | IGNORED (SharedOnly) | Shared Parameter | Scope=instance | ReadOnly=False | Id=7626172
INFO | Element 13831494 | NWB_DimDiameter | Kind=Shared Parameter | Scope=instance | Storage=String | Old='' | New='160'
SOURCE | Element 13831494 | Cat=Pipes | Family=Pipe Types | Type= | Level=LEVEL 06 | Name=MHT - PVC - PNEUMATIC TUBE SYSTEMS | System=Other | SizeText=160ø | Width= | Height= | Diameter=160
ELEMENT | 13831494 | Size='160ø' | Width='' | Height='' | Diameter='160' | Statuses=NWB_DimWidth:SKIP; NWB_DimHeight:SKIP; NWB_DimDiameter:OK
INFO | Candidate: NWB_DimDiameter | Scope=instance | Storage=String | ReadOnly=False | Shared=True | Id=7626172
INFO | Candidate: NWB_DimDiameter | Scope=instance | Storage=String | ReadOnly=False | Shared=True | Id=13710673
INFO | Found 2 parameters named NWB_DimDiameter
INFO | SELECTED | Shared Parameter | Scope=instance | ReadOnly=False | Id=13710673
INFO | IGNORED (SharedOnly) | Shared Parameter | Scope=instance | ReadOnly=False | Id=7626172
INFO | Element 13831909 | NWB_DimDiameter | Kind=Shared Parameter | Scope=instance | Storage=String | Old='' | New='160'
SOURCE | Element 13831909 | Cat=Pipes | Family=Pipe Types | Type= | Level=LEVEL 06 | Name=MHT - PVC - PNEUMATIC TUBE SYSTEMS | System=Other | SizeText=160ø | Width= | Height= | Diameter=160
ELEMENT | 13831909 | Size='160ø' | Width='' | Height='' | Diameter='160' | Statuses=NWB_DimWidth:SKIP; NWB_DimHeight:SKIP; NWB_DimDiameter:OK
INFO | Candidate: NWB_DimDiameter | Scope=instance | Storage=String | ReadOnly=False | Shared=True | Id=7626172
INFO | Candidate: NWB_DimDiameter | Scope=instance | Storage=String | ReadOnly=False | Shared=True | Id=13710673
INFO | Found 2 parameters named NWB_DimDiameter
INFO | SELECTED | Shared Parameter | Scope=instance | ReadOnly=False | Id=13710673
INFO | IGNORED (SharedOnly) | Shared Parameter | Scope=instance | ReadOnly=False | Id=7626172
INFO | Element 13831921 | NWB_DimDiameter | Kind=Shared Parameter | Scope=instance | Storage=String | Old='' | New='160'
SOURCE | Element 13831921 | Cat=Pipes | Family=Pipe Types | Type= | Level=LEVEL 06 | Name=MHT - PVC - PNEUMATIC TUBE SYSTEMS | System=Other | SizeText=160ø | Width= | Height= | Diameter=160
ELEMENT | 13831921 | Size='160ø' | Width='' | Height='' | Diameter='160' | Statuses=NWB_DimWidth:SKIP; NWB_DimHeight:SKIP; NWB_DimDiameter:OK
INFO | Candidate: NWB_DimDiameter | Scope=instance | Storage=String | ReadOnly=False | Shared=True | Id=7626172
INFO | Candidate: NWB_DimDiameter | Scope=instance | Storage=String | ReadOnly=False | Shared=True | Id=13710673
INFO | Found 2 parameters named NWB_DimDiameter
INFO | SELECTED | Shared Parameter | Scope=instance | ReadOnly=False | Id=13710673
INFO | IGNORED (SharedOnly) | Shared Parameter | Scope=instance | ReadOnly=False | Id=7626172
INFO | Element 13831922 | NWB_DimDiameter | Kind=Shared Parameter | Scope=instance | Storage=String | Old='' | New='160'
SOURCE | Element 13831922 | Cat=Pipes | Family=Pipe Types | Type= | Level=LEVEL 06 | Name=MHT - PVC - PNEUMATIC TUBE SYSTEMS | System=Other | SizeText=160ø | Width= | Height= | Diameter=160
ELEMENT | 13831922 | Size='160ø' | Width='' | Height='' | Diameter='160' | Statuses=NWB_DimWidth:SKIP; NWB_DimHeight:SKIP; NWB_DimDiameter:OK
INFO | Candidate: NWB_DimDiameter | Scope=instance | Storage=String | ReadOnly=False | Shared=True | Id=7626172
INFO | Candidate: NWB_DimDiameter | Scope=instance | Storage=String | ReadOnly=False | Shared=True | Id=13710673
INFO | Found 2 parameters named NWB_DimDiameter
INFO | SELECTED | Shared Parameter | Scope=instance | ReadOnly=False | Id=13710673
INFO | IGNORED (SharedOnly) | Shared Parameter | Scope=instance | ReadOnly=False | Id=7626172
INFO | Element 13832132 | NWB_DimDiameter | Kind=Shared Parameter | Scope=instance | Storage=String | Old='' | New='160'
SOURCE | Element 13832132 | Cat=Pipes | Family=Pipe Types | Type= | Level=LEVEL 06 | Name=MHT - PVC - PNEUMATIC TUBE SYSTEMS | System=Other | SizeText=160ø | Width= | Height= | Diameter=160
ELEMENT | 13832132 | Size='160ø' | Width='' | Height='' | Diameter='160' | Statuses=NWB_DimWidth:SKIP; NWB_DimHeight:SKIP; NWB_DimDiameter:OK
INFO | Candidate: NWB_DimDiameter | Scope=instance | Storage=String | ReadOnly=False | Shared=True | Id=7626172
INFO | Candidate: NWB_DimDiameter | Scope=instance | Storage=String | ReadOnly=False | Shared=True | Id=13710673
INFO | Found 2 parameters named NWB_DimDiameter
INFO | SELECTED | Shared Parameter | Scope=instance | ReadOnly=False | Id=13710673
INFO | IGNORED (SharedOnly) | Shared Parameter | Scope=instance | ReadOnly=False | Id=7626172
INFO | Element 13832164 | NWB_DimDiameter | Kind=Shared Parameter | Scope=instance | Storage=String | Old='' | New='160'
SOURCE | Element 13832164 | Cat=Pipes | Family=Pipe Types | Type= | Level=LEVEL 06 | Name=MHT - PVC - PNEUMATIC TUBE SYSTEMS | System=Other | SizeText=160ø | Width= | Height= | Diameter=160
ELEMENT | 13832164 | Size='160ø' | Width='' | Height='' | Diameter='160' | Statuses=NWB_DimWidth:SKIP; NWB_DimHeight:SKIP; NWB_DimDiameter:OK
INFO | Candidate: NWB_DimDiameter | Scope=instance | Storage=String | ReadOnly=False | Shared=True | Id=7626172
INFO | Candidate: NWB_DimDiameter | Scope=instance | Storage=String | ReadOnly=False | Shared=True | Id=13710673
INFO | Found 2 parameters named NWB_DimDiameter
INFO | SELECTED | Shared Parameter | Scope=instance | ReadOnly=False | Id=13710673
INFO | IGNORED (SharedOnly) | Shared Parameter | Scope=instance | ReadOnly=False | Id=7626172
INFO | Element 13832229 | NWB_DimDiameter | Kind=Shared Parameter | Scope=instance | Storage=String | Old='' | New='160'
SOURCE | Element 13832229 | Cat=Pipes | Family=Pipe Types | Type= | Level=LEVEL 06 | Name=MHT - PVC - PNEUMATIC TUBE SYSTEMS | System=Other | SizeText=160ø | Width= | Height= | Diameter=160
ELEMENT | 13832229 | Size='160ø' | Width='' | Height='' | Diameter='160' | Statuses=NWB_DimWidth:SKIP; NWB_DimHeight:SKIP; NWB_DimDiameter:OK
INFO | Candidate: NWB_DimDiameter | Scope=instance | Storage=String | ReadOnly=False | Shared=True | Id=7626172
INFO | Candidate: NWB_DimDiameter | Scope=instance | Storage=String | ReadOnly=False | Shared=True | Id=13710673
INFO | Found 2 parameters named NWB_DimDiameter
INFO | SELECTED | Shared Parameter | Scope=instance | ReadOnly=False | Id=13710673
INFO | IGNORED (SharedOnly) | Shared Parameter | Scope=instance | ReadOnly=False | Id=7626172
INFO | Element 13832268 | NWB_DimDiameter | Kind=Shared Parameter | Scope=instance | Storage=String | Old='' | New='160'
SOURCE | Element 13832268 | Cat=Pipes | Family=Pipe Types | Type= | Level=LEVEL 06 | Name=MHT - PVC - PNEUMATIC TUBE SYSTEMS | System=Other | SizeText=160ø | Width= | Height= | Diameter=160
ELEMENT | 13832268 | Size='160ø' | Width='' | Height='' | Diameter='160' | Statuses=NWB_DimWidth:SKIP; NWB_DimHeight:SKIP; NWB_DimDiameter:OK
INFO | Candidate: NWB_DimDiameter | Scope=instance | Storage=String | ReadOnly=False | Shared=True | Id=7626172
INFO | Candidate: NWB_DimDiameter | Scope=instance | Storage=String | ReadOnly=False | Shared=True | Id=13710673
INFO | Found 2 parameters named NWB_DimDiameter
INFO | SELECTED | Shared Parameter | Scope=instance | ReadOnly=False | Id=13710673
INFO | IGNORED (SharedOnly) | Shared Parameter | Scope=instance | ReadOnly=False | Id=7626172
INFO | Element 13832903 | NWB_DimDiameter | Kind=Shared Parameter | Scope=instance | Storage=String | Old='' | New='160'
SOURCE | Element 13832903 | Cat=Pipes | Family=Pipe Types | Type= | Level=LEVEL 06 | Name=MHT - PVC - PNEUMATIC TUBE SYSTEMS | System=Other | SizeText=160ø | Width= | Height= | Diameter=160
ELEMENT | 13832903 | Size='160ø' | Width='' | Height='' | Diameter='160' | Statuses=NWB_DimWidth:SKIP; NWB_DimHeight:SKIP; NWB_DimDiameter:OK
INFO | Candidate: NWB_DimDiameter | Scope=instance | Storage=String | ReadOnly=False | Shared=True | Id=7626172
INFO | Candidate: NWB_DimDiameter | Scope=instance | Storage=String | ReadOnly=False | Shared=True | Id=13710673
INFO | Found 2 parameters named NWB_DimDiameter
INFO | SELECTED | Shared Parameter | Scope=instance | ReadOnly=False | Id=13710673
INFO | IGNORED (SharedOnly) | Shared Parameter | Scope=instance | ReadOnly=False | Id=7626172
INFO | Element 13832905 | NWB_DimDiameter | Kind=Shared Parameter | Scope=instance | Storage=String | Old='' | New='160'
SOURCE | Element 13832905 | Cat=Pipes | Family=Pipe Types | Type= | Level=LEVEL 06 | Name=MHT - PVC - PNEUMATIC TUBE SYSTEMS | System=Other | SizeText=160ø | Width= | Height= | Diameter=160
ELEMENT | 13832905 | Size='160ø' | Width='' | Height='' | Diameter='160' | Statuses=NWB_DimWidth:SKIP; NWB_DimHeight:SKIP; NWB_DimDiameter:OK
INFO | Candidate: NWB_DimDiameter | Scope=instance | Storage=String | ReadOnly=False | Shared=True | Id=7626172
INFO | Candidate: NWB_DimDiameter | Scope=instance | Storage=String | ReadOnly=False | Shared=True | Id=13710673
INFO | Found 2 parameters named NWB_DimDiameter
INFO | SELECTED | Shared Parameter | Scope=instance | ReadOnly=False | Id=13710673
INFO | IGNORED (SharedOnly) | Shared Parameter | Scope=instance | ReadOnly=False | Id=7626172
INFO | Element 13832907 | NWB_DimDiameter | Kind=Shared Parameter | Scope=instance | Storage=String | Old='' | New='160'
SOURCE | Element 13832907 | Cat=Pipes | Family=Pipe Types | Type= | Level=LEVEL 06 | Name=MHT - PVC - PNEUMATIC TUBE SYSTEMS | System=Other | SizeText=160ø | Width= | Height= | Diameter=160
ELEMENT | 13832907 | Size='160ø' | Width='' | Height='' | Diameter='160' | Statuses=NWB_DimWidth:SKIP; NWB_DimHeight:SKIP; NWB_DimDiameter:OK
INFO | Candidate: NWB_DimDiameter | Scope=instance | Storage=String | ReadOnly=False | Shared=True | Id=7626172
INFO | Candidate: NWB_DimDiameter | Scope=instance | Storage=String | ReadOnly=False | Shared=True | Id=13710673
INFO | Found 2 parameters named NWB_DimDiameter
INFO | SELECTED | Shared Parameter | Scope=instance | ReadOnly=False | Id=13710673
INFO | IGNORED (SharedOnly) | Shared Parameter | Scope=instance | ReadOnly=False | Id=7626172
INFO | Element 13832929 | NWB_DimDiameter | Kind=Shared Parameter | Scope=instance | Storage=String | Old='' | New='160'
SOURCE | Element 13832929 | Cat=Pipes | Family=Pipe Types | Type= | Level=LEVEL 06 | Name=MHT - PVC - PNEUMATIC TUBE SYSTEMS | System=Other | SizeText=160ø | Width= | Height= | Diameter=160
ELEMENT | 13832929 | Size='160ø' | Width='' | Height='' | Diameter='160' | Statuses=NWB_DimWidth:SKIP; NWB_DimHeight:SKIP; NWB_DimDiameter:OK
INFO | Candidate: NWB_DimDiameter | Scope=instance | Storage=String | ReadOnly=False | Shared=True | Id=7626172
INFO | Candidate: NWB_DimDiameter | Scope=instance | Storage=String | ReadOnly=False | Shared=True | Id=13710673
INFO | Found 2 parameters named NWB_DimDiameter
INFO | SELECTED | Shared Parameter | Scope=instance | ReadOnly=False | Id=13710673
INFO | IGNORED (SharedOnly) | Shared Parameter | Scope=instance | ReadOnly=False | Id=7626172
INFO | Element 13832940 | NWB_DimDiameter | Kind=Shared Parameter | Scope=instance | Storage=String | Old='' | New='160'
SOURCE | Element 13832940 | Cat=Pipes | Family=Pipe Types | Type= | Level=LEVEL 06 | Name=MHT - PVC - PNEUMATIC TUBE SYSTEMS | System=Other | SizeText=160ø | Width= | Height= | Diameter=160
ELEMENT | 13832940 | Size='160ø' | Width='' | Height='' | Diameter='160' | Statuses=NWB_DimWidth:SKIP; NWB_DimHeight:SKIP; NWB_DimDiameter:OK
INFO | Candidate: NWB_DimDiameter | Scope=instance | Storage=String | ReadOnly=False | Shared=True | Id=7626172
INFO | Candidate: NWB_DimDiameter | Scope=instance | Storage=String | ReadOnly=False | Shared=True | Id=13710673
INFO | Found 2 parameters named NWB_DimDiameter
INFO | SELECTED | Shared Parameter | Scope=instance | ReadOnly=False | Id=13710673
INFO | IGNORED (SharedOnly) | Shared Parameter | Scope=instance | ReadOnly=False | Id=7626172
INFO | Element 13833123 | NWB_DimDiameter | Kind=Shared Parameter | Scope=instance | Storage=String | Old='' | New='160'
SOURCE | Element 13833123 | Cat=Pipes | Family=Pipe Types | Type= | Level=LEVEL 06 | Name=MHT - PVC - PNEUMATIC TUBE SYSTEMS | System=Other | SizeText=160ø | Width= | Height= | Diameter=160
ELEMENT | 13833123 | Size='160ø' | Width='' | Height='' | Diameter='160' | Statuses=NWB_DimWidth:SKIP; NWB_DimHeight:SKIP; NWB_DimDiameter:OK
INFO | Candidate: NWB_DimDiameter | Scope=instance | Storage=String | ReadOnly=False | Shared=True | Id=7626172
INFO | Candidate: NWB_DimDiameter | Scope=instance | Storage=String | ReadOnly=False | Shared=True | Id=13710673
INFO | Found 2 parameters named NWB_DimDiameter
INFO | SELECTED | Shared Parameter | Scope=instance | ReadOnly=False | Id=13710673
INFO | IGNORED (SharedOnly) | Shared Parameter | Scope=instance | ReadOnly=False | Id=7626172
INFO | Element 13834801 | NWB_DimDiameter | Kind=Shared Parameter | Scope=instance | Storage=String | Old='' | New='160'
SOURCE | Element 13834801 | Cat=Pipes | Family=Pipe Types | Type= | Level=LEVEL 06 | Name=MHT - PVC - PNEUMATIC TUBE SYSTEMS | System=Other | SizeText=160ø | Width= | Height= | Diameter=160
ELEMENT | 13834801 | Size='160ø' | Width='' | Height='' | Diameter='160' | Statuses=NWB_DimWidth:SKIP; NWB_DimHeight:SKIP; NWB_DimDiameter:OK
INFO | Candidate: NWB_DimDiameter | Scope=instance | Storage=String | ReadOnly=False | Shared=True | Id=7626172
INFO | Candidate: NWB_DimDiameter | Scope=instance | Storage=String | ReadOnly=False | Shared=True | Id=13710673
INFO | Found 2 parameters named NWB_DimDiameter
INFO | SELECTED | Shared Parameter | Scope=instance | ReadOnly=False | Id=13710673
INFO | IGNORED (SharedOnly) | Shared Parameter | Scope=instance | ReadOnly=False | Id=7626172
INFO | Element 13835089 | NWB_DimDiameter | Kind=Shared Parameter | Scope=instance | Storage=String | Old='' | New='160'
SOURCE | Element 13835089 | Cat=Pipes | Family=Pipe Types | Type= | Level=LEVEL 06 | Name=MHT - PVC - PNEUMATIC TUBE SYSTEMS | System=Other | SizeText=160ø | Width= | Height= | Diameter=160
ELEMENT | 13835089 | Size='160ø' | Width='' | Height='' | Diameter='160' | Statuses=NWB_DimWidth:SKIP; NWB_DimHeight:SKIP; NWB_DimDiameter:OK
INFO | Candidate: NWB_DimDiameter | Scope=instance | Storage=String | ReadOnly=False | Shared=True | Id=7626172
INFO | Candidate: NWB_DimDiameter | Scope=instance | Storage=String | ReadOnly=False | Shared=True | Id=13710673
INFO | Found 2 parameters named NWB_DimDiameter
INFO | SELECTED | Shared Parameter | Scope=instance | ReadOnly=False | Id=13710673
INFO | IGNORED (SharedOnly) | Shared Parameter | Scope=instance | ReadOnly=False | Id=7626172
INFO | Element 13835329 | NWB_DimDiameter | Kind=Shared Parameter | Scope=instance | Storage=String | Old='' | New='160'
SOURCE | Element 13835329 | Cat=Pipes | Family=Pipe Types | Type= | Level=LEVEL 06 | Name=MHT - PVC - PNEUMATIC TUBE SYSTEMS | System=Other | SizeText=160ø | Width= | Height= | Diameter=160
ELEMENT | 13835329 | Size='160ø' | Width='' | Height='' | Diameter='160' | Statuses=NWB_DimWidth:SKIP; NWB_DimHeight:SKIP; NWB_DimDiameter:OK
INFO | Candidate: NWB_DimDiameter | Scope=instance | Storage=String | ReadOnly=False | Shared=True | Id=7626172
INFO | Candidate: NWB_DimDiameter | Scope=instance | Storage=String | ReadOnly=False | Shared=True | Id=13710673
INFO | Found 2 parameters named NWB_DimDiameter
INFO | SELECTED | Shared Parameter | Scope=instance | ReadOnly=False | Id=13710673
INFO | IGNORED (SharedOnly) | Shared Parameter | Scope=instance | ReadOnly=False | Id=7626172
INFO | Element 13835355 | NWB_DimDiameter | Kind=Shared Parameter | Scope=instance | Storage=String | Old='' | New='160'
SOURCE | Element 13835355 | Cat=Pipes | Family=Pipe Types | Type= | Level=LEVEL 06 | Name=MHT - PVC - PNEUMATIC TUBE SYSTEMS | System=Other | SizeText=160ø | Width= | Height= | Diameter=160
ELEMENT | 13835355 | Size='160ø' | Width='' | Height='' | Diameter='160' | Statuses=NWB_DimWidth:SKIP; NWB_DimHeight:SKIP; NWB_DimDiameter:OK
INFO | Candidate: NWB_DimDiameter | Scope=instance | Storage=String | ReadOnly=False | Shared=True | Id=7626172
INFO | Candidate: NWB_DimDiameter | Scope=instance | Storage=String | ReadOnly=False | Shared=True | Id=13710673
INFO | Found 2 parameters named NWB_DimDiameter
INFO | SELECTED | Shared Parameter | Scope=instance | ReadOnly=False | Id=13710673
INFO | IGNORED (SharedOnly) | Shared Parameter | Scope=instance | ReadOnly=False | Id=7626172
INFO | Element 13835356 | NWB_DimDiameter | Kind=Shared Parameter | Scope=instance | Storage=String | Old='' | New='160'
SOURCE | Element 13835356 | Cat=Pipes | Family=Pipe Types | Type= | Level=LEVEL 06 | Name=MHT - PVC - PNEUMATIC TUBE SYSTEMS | System=Other | SizeText=160ø | Width= | Height= | Diameter=160
ELEMENT | 13835356 | Size='160ø' | Width='' | Height='' | Diameter='160' | Statuses=NWB_DimWidth:SKIP; NWB_DimHeight:SKIP; NWB_DimDiameter:OK
INFO | Candidate: NWB_DimDiameter | Scope=instance | Storage=String | ReadOnly=False | Shared=True | Id=7626172
INFO | Candidate: NWB_DimDiameter | Scope=instance | Storage=String | ReadOnly=False | Shared=True | Id=13710673
INFO | Found 2 parameters named NWB_DimDiameter
INFO | SELECTED | Shared Parameter | Scope=instance | ReadOnly=False | Id=13710673
INFO | IGNORED (SharedOnly) | Shared Parameter | Scope=instance | ReadOnly=False | Id=7626172
INFO | Element 13835395 | NWB_DimDiameter | Kind=Shared Parameter | Scope=instance | Storage=String | Old='' | New='160'
SOURCE | Element 13835395 | Cat=Pipes | Family=Pipe Types | Type= | Level=LEVEL 06 | Name=MHT - PVC - PNEUMATIC TUBE SYSTEMS | System=Other | SizeText=160ø | Width= | Height= | Diameter=160
ELEMENT | 13835395 | Size='160ø' | Width='' | Height='' | Diameter='160' | Statuses=NWB_DimWidth:SKIP; NWB_DimHeight:SKIP; NWB_DimDiameter:OK
INFO | Candidate: NWB_DimDiameter | Scope=instance | Storage=String | ReadOnly=False | Shared=True | Id=7626172
INFO | Candidate: NWB_DimDiameter | Scope=instance | Storage=String | ReadOnly=False | Shared=True | Id=13710673
INFO | Found 2 parameters named NWB_DimDiameter
INFO | SELECTED | Shared Parameter | Scope=instance | ReadOnly=False | Id=13710673
INFO | IGNORED (SharedOnly) | Shared Parameter | Scope=instance | ReadOnly=False | Id=7626172
INFO | Element 13835419 | NWB_DimDiameter | Kind=Shared Parameter | Scope=instance | Storage=String | Old='' | New='160'
SOURCE | Element 13835419 | Cat=Pipes | Family=Pipe Types | Type= | Level=LEVEL 06 | Name=MHT - PVC - PNEUMATIC TUBE SYSTEMS | System=Other | SizeText=160ø | Width= | Height= | Diameter=160
ELEMENT | 13835419 | Size='160ø' | Width='' | Height='' | Diameter='160' | Statuses=NWB_DimWidth:SKIP; NWB_DimHeight:SKIP; NWB_DimDiameter:OK
INFO | Candidate: NWB_DimDiameter | Scope=instance | Storage=String | ReadOnly=False | Shared=True | Id=7626172
INFO | Candidate: NWB_DimDiameter | Scope=instance | Storage=String | ReadOnly=False | Shared=True | Id=13710673
INFO | Found 2 parameters named NWB_DimDiameter
INFO | SELECTED | Shared Parameter | Scope=instance | ReadOnly=False | Id=13710673
INFO | IGNORED (SharedOnly) | Shared Parameter | Scope=instance | ReadOnly=False | Id=7626172
INFO | Element 13835420 | NWB_DimDiameter | Kind=Shared Parameter | Scope=instance | Storage=String | Old='' | New='160'
SOURCE | Element 13835420 | Cat=Pipes | Family=Pipe Types | Type= | Level=LEVEL 06 | Name=MHT - PVC - PNEUMATIC TUBE SYSTEMS | System=Other | SizeText=160ø | Width= | Height= | Diameter=160
ELEMENT | 13835420 | Size='160ø' | Width='' | Height='' | Diameter='160' | Statuses=NWB_DimWidth:SKIP; NWB_DimHeight:SKIP; NWB_DimDiameter:OK
INFO | Candidate: NWB_DimDiameter | Scope=instance | Storage=String | ReadOnly=False | Shared=True | Id=7626172
INFO | Candidate: NWB_DimDiameter | Scope=instance | Storage=String | ReadOnly=False | Shared=True | Id=13710673
INFO | Found 2 parameters named NWB_DimDiameter
INFO | SELECTED | Shared Parameter | Scope=instance | ReadOnly=False | Id=13710673
INFO | IGNORED (SharedOnly) | Shared Parameter | Scope=instance | ReadOnly=False | Id=7626172
INFO | Element 13835585 | NWB_DimDiameter | Kind=Shared Parameter | Scope=instance | Storage=String | Old='' | New='160'
SOURCE | Element 13835585 | Cat=Pipes | Family=Pipe Types | Type= | Level=LEVEL 06 | Name=MHT - PVC - PNEUMATIC TUBE SYSTEMS | System=Other | SizeText=160ø | Width= | Height= | Diameter=160
ELEMENT | 13835585 | Size='160ø' | Width='' | Height='' | Diameter='160' | Statuses=NWB_DimWidth:SKIP; NWB_DimHeight:SKIP; NWB_DimDiameter:OK
INFO | Candidate: NWB_DimDiameter | Scope=instance | Storage=String | ReadOnly=False | Shared=True | Id=7626172
INFO | Candidate: NWB_DimDiameter | Scope=instance | Storage=String | ReadOnly=False | Shared=True | Id=13710673
INFO | Found 2 parameters named NWB_DimDiameter
INFO | SELECTED | Shared Parameter | Scope=instance | ReadOnly=False | Id=13710673
INFO | IGNORED (SharedOnly) | Shared Parameter | Scope=instance | ReadOnly=False | Id=7626172
INFO | Element 13835630 | NWB_DimDiameter | Kind=Shared Parameter | Scope=instance | Storage=String | Old='' | New='160'
SOURCE | Element 13835630 | Cat=Pipes | Family=Pipe Types | Type= | Level=LEVEL 06 | Name=MHT - PVC - PNEUMATIC TUBE SYSTEMS | System=Other | SizeText=160ø | Width= | Height= | Diameter=160
ELEMENT | 13835630 | Size='160ø' | Width='' | Height='' | Diameter='160' | Statuses=NWB_DimWidth:SKIP; NWB_DimHeight:SKIP; NWB_DimDiameter:OK
INFO | Candidate: NWB_DimDiameter | Scope=instance | Storage=String | ReadOnly=False | Shared=True | Id=7626172
INFO | Candidate: NWB_DimDiameter | Scope=instance | Storage=String | ReadOnly=False | Shared=True | Id=13710673
INFO | Found 2 parameters named NWB_DimDiameter
INFO | SELECTED | Shared Parameter | Scope=instance | ReadOnly=False | Id=13710673
INFO | IGNORED (SharedOnly) | Shared Parameter | Scope=instance | ReadOnly=False | Id=7626172
INFO | Element 13835631 | NWB_DimDiameter | Kind=Shared Parameter | Scope=instance | Storage=String | Old='' | New='160'
SOURCE | Element 13835631 | Cat=Pipes | Family=Pipe Types | Type= | Level=LEVEL 06 | Name=MHT - PVC - PNEUMATIC TUBE SYSTEMS | System=Other | SizeText=160ø | Width= | Height= | Diameter=160
ELEMENT | 13835631 | Size='160ø' | Width='' | Height='' | Diameter='160' | Statuses=NWB_DimWidth:SKIP; NWB_DimHeight:SKIP; NWB_DimDiameter:OK
INFO | Candidate: NWB_DimDiameter | Scope=instance | Storage=String | ReadOnly=False | Shared=True | Id=7626172
INFO | Candidate: NWB_DimDiameter | Scope=instance | Storage=String | ReadOnly=False | Shared=True | Id=13710673
INFO | Found 2 parameters named NWB_DimDiameter
INFO | SELECTED | Shared Parameter | Scope=instance | ReadOnly=False | Id=13710673
INFO | IGNORED (SharedOnly) | Shared Parameter | Scope=instance | ReadOnly=False | Id=7626172
INFO | Element 13835839 | NWB_DimDiameter | Kind=Shared Parameter | Scope=instance | Storage=String | Old='' | New='160'
SOURCE | Element 13835839 | Cat=Pipes | Family=Pipe Types | Type= | Level=LEVEL 06 | Name=MHT - PVC - PNEUMATIC TUBE SYSTEMS | System=Other | SizeText=160ø | Width= | Height= | Diameter=160
ELEMENT | 13835839 | Size='160ø' | Width='' | Height='' | Diameter='160' | Statuses=NWB_DimWidth:SKIP; NWB_DimHeight:SKIP; NWB_DimDiameter:OK
INFO | Candidate: NWB_DimDiameter | Scope=instance | Storage=String | ReadOnly=False | Shared=True | Id=7626172
INFO | Candidate: NWB_DimDiameter | Scope=instance | Storage=String | ReadOnly=False | Shared=True | Id=13710673
INFO | Found 2 parameters named NWB_DimDiameter
INFO | SELECTED | Shared Parameter | Scope=instance | ReadOnly=False | Id=13710673
INFO | IGNORED (SharedOnly) | Shared Parameter | Scope=instance | ReadOnly=False | Id=7626172
INFO | Element 13835840 | NWB_DimDiameter | Kind=Shared Parameter | Scope=instance | Storage=String | Old='' | New='160'
SOURCE | Element 13835840 | Cat=Pipes | Family=Pipe Types | Type= | Level=LEVEL 06 | Name=MHT - PVC - PNEUMATIC TUBE SYSTEMS | System=Other | SizeText=160ø | Width= | Height= | Diameter=160
ELEMENT | 13835840 | Size='160ø' | Width='' | Height='' | Diameter='160' | Statuses=NWB_DimWidth:SKIP; NWB_DimHeight:SKIP; NWB_DimDiameter:OK
INFO | Candidate: NWB_DimDiameter | Scope=instance | Storage=String | ReadOnly=False | Shared=True | Id=7626172
INFO | Candidate: NWB_DimDiameter | Scope=instance | Storage=String | ReadOnly=False | Shared=True | Id=13710673
INFO | Found 2 parameters named NWB_DimDiameter
INFO | SELECTED | Shared Parameter | Scope=instance | ReadOnly=False | Id=13710673
INFO | IGNORED (SharedOnly) | Shared Parameter | Scope=instance | ReadOnly=False | Id=7626172
INFO | Element 13840260 | NWB_DimDiameter | Kind=Shared Parameter | Scope=instance | Storage=String | Old='' | New='160'
SOURCE | Element 13840260 | Cat=Pipes | Family=Pipe Types | Type= | Level=LEVEL 06 | Name=MHT - PVC - PNEUMATIC TUBE SYSTEMS | System=Other | SizeText=160ø | Width= | Height= | Diameter=160
ELEMENT | 13840260 | Size='160ø' | Width='' | Height='' | Diameter='160' | Statuses=NWB_DimWidth:SKIP; NWB_DimHeight:SKIP; NWB_DimDiameter:OK
INFO | Candidate: NWB_DimDiameter | Scope=instance | Storage=String | ReadOnly=False | Shared=True | Id=7626172
INFO | Candidate: NWB_DimDiameter | Scope=instance | Storage=String | ReadOnly=False | Shared=True | Id=13710673
INFO | Found 2 parameters named NWB_DimDiameter
INFO | SELECTED | Shared Parameter | Scope=instance | ReadOnly=False | Id=13710673
INFO | IGNORED (SharedOnly) | Shared Parameter | Scope=instance | ReadOnly=False | Id=7626172
INFO | Element 13840269 | NWB_DimDiameter | Kind=Shared Parameter | Scope=instance | Storage=String | Old='' | New='160'
SOURCE | Element 13840269 | Cat=Pipes | Family=Pipe Types | Type= | Level=LEVEL 06 | Name=MHT - PVC - PNEUMATIC TUBE SYSTEMS | System=Other | SizeText=160ø | Width= | Height= | Diameter=160
ELEMENT | 13840269 | Size='160ø' | Width='' | Height='' | Diameter='160' | Statuses=NWB_DimWidth:SKIP; NWB_DimHeight:SKIP; NWB_DimDiameter:OK
INFO | Candidate: NWB_DimDiameter | Scope=instance | Storage=String | ReadOnly=False | Shared=True | Id=7626172
INFO | Candidate: NWB_DimDiameter | Scope=instance | Storage=String | ReadOnly=False | Shared=True | Id=13710673
INFO | Found 2 parameters named NWB_DimDiameter
INFO | SELECTED | Shared Parameter | Scope=instance | ReadOnly=False | Id=13710673
INFO | IGNORED (SharedOnly) | Shared Parameter | Scope=instance | ReadOnly=False | Id=7626172
INFO | Element 13840273 | NWB_DimDiameter | Kind=Shared Parameter | Scope=instance | Storage=String | Old='' | New='160'
SOURCE | Element 13840273 | Cat=Pipes | Family=Pipe Types | Type= | Level=LEVEL 06 | Name=MHT - PVC - PNEUMATIC TUBE SYSTEMS | System=Other | SizeText=160ø | Width= | Height= | Diameter=160
ELEMENT | 13840273 | Size='160ø' | Width='' | Height='' | Diameter='160' | Statuses=NWB_DimWidth:SKIP; NWB_DimHeight:SKIP; NWB_DimDiameter:OK
INFO | Candidate: NWB_DimDiameter | Scope=instance | Storage=String | ReadOnly=False | Shared=True | Id=7626172
INFO | Candidate: NWB_DimDiameter | Scope=instance | Storage=String | ReadOnly=False | Shared=True | Id=13710673
INFO | Found 2 parameters named NWB_DimDiameter
INFO | SELECTED | Shared Parameter | Scope=instance | ReadOnly=False | Id=13710673
INFO | IGNORED (SharedOnly) | Shared Parameter | Scope=instance | ReadOnly=False | Id=7626172
INFO | Element 13846384 | NWB_DimDiameter | Kind=Shared Parameter | Scope=instance | Storage=String | Old='' | New='160'
SOURCE | Element 13846384 | Cat=Pipes | Family=Pipe Types | Type= | Level=LEVEL 06 | Name=MHT - PVC - PNEUMATIC TUBE SYSTEMS | System=Other | SizeText=160ø | Width= | Height= | Diameter=160
ELEMENT | 13846384 | Size='160ø' | Width='' | Height='' | Diameter='160' | Statuses=NWB_DimWidth:SKIP; NWB_DimHeight:SKIP; NWB_DimDiameter:OK
INFO | Candidate: NWB_DimDiameter | Scope=instance | Storage=String | ReadOnly=False | Shared=True | Id=7626172
INFO | Candidate: NWB_DimDiameter | Scope=instance | Storage=String | ReadOnly=False | Shared=True | Id=13710673
INFO | Found 2 parameters named NWB_DimDiameter
INFO | SELECTED | Shared Parameter | Scope=instance | ReadOnly=False | Id=13710673
INFO | IGNORED (SharedOnly) | Shared Parameter | Scope=instance | ReadOnly=False | Id=7626172
INFO | Element 13846385 | NWB_DimDiameter | Kind=Shared Parameter | Scope=instance | Storage=String | Old='' | New='160'
SOURCE | Element 13846385 | Cat=Pipes | Family=Pipe Types | Type= | Level=LEVEL 06 | Name=MHT - PVC - PNEUMATIC TUBE SYSTEMS | System=Other | SizeText=160ø | Width= | Height= | Diameter=160
ELEMENT | 13846385 | Size='160ø' | Width='' | Height='' | Diameter='160' | Statuses=NWB_DimWidth:SKIP; NWB_DimHeight:SKIP; NWB_DimDiameter:OK
INFO | Candidate: NWB_DimDiameter | Scope=instance | Storage=String | ReadOnly=False | Shared=True | Id=7626172
INFO | Candidate: NWB_DimDiameter | Scope=instance | Storage=String | ReadOnly=False | Shared=True | Id=13710673
INFO | Found 2 parameters named NWB_DimDiameter
INFO | SELECTED | Shared Parameter | Scope=instance | ReadOnly=False | Id=13710673
INFO | IGNORED (SharedOnly) | Shared Parameter | Scope=instance | ReadOnly=False | Id=7626172
INFO | Element 14047094 | NWB_DimDiameter | Kind=Shared Parameter | Scope=instance | Storage=String | Old='' | New='160'
SOURCE | Element 14047094 | Cat=Pipes | Family=Pipe Types | Type= | Level=LEVEL 06 | Name=MHT - PVC - PNEUMATIC TUBE SYSTEMS | System=Other | SizeText=160ø | Width= | Height= | Diameter=160
ELEMENT | 14047094 | Size='160ø' | Width='' | Height='' | Diameter='160' | Statuses=NWB_DimWidth:SKIP; NWB_DimHeight:SKIP; NWB_DimDiameter:OK
INFO | Candidate: NWB_DimDiameter | Scope=instance | Storage=String | ReadOnly=False | Shared=True | Id=7626172
INFO | Candidate: NWB_DimDiameter | Scope=instance | Storage=String | ReadOnly=False | Shared=True | Id=13710673
INFO | Found 2 parameters named NWB_DimDiameter
INFO | SELECTED | Shared Parameter | Scope=instance | ReadOnly=False | Id=13710673
INFO | IGNORED (SharedOnly) | Shared Parameter | Scope=instance | ReadOnly=False | Id=7626172
INFO | Element 14047262 | NWB_DimDiameter | Kind=Shared Parameter | Scope=instance | Storage=String | Old='' | New='160'
SOURCE | Element 14047262 | Cat=Pipes | Family=Pipe Types | Type= | Level=LEVEL 06 | Name=MHT - PVC - PNEUMATIC TUBE SYSTEMS | System=Other | SizeText=160ø | Width= | Height= | Diameter=160
ELEMENT | 14047262 | Size='160ø' | Width='' | Height='' | Diameter='160' | Statuses=NWB_DimWidth:SKIP; NWB_DimHeight:SKIP; NWB_DimDiameter:OK
INFO | Candidate: NWB_DimDiameter | Scope=instance | Storage=String | ReadOnly=False | Shared=True | Id=7626172
INFO | Candidate: NWB_DimDiameter | Scope=instance | Storage=String | ReadOnly=False | Shared=True | Id=13710673
INFO | Found 2 parameters named NWB_DimDiameter
INFO | SELECTED | Shared Parameter | Scope=instance | ReadOnly=False | Id=13710673
INFO | IGNORED (SharedOnly) | Shared Parameter | Scope=instance | ReadOnly=False | Id=7626172
INFO | Element 14047643 | NWB_DimDiameter | Kind=Shared Parameter | Scope=instance | Storage=String | Old='' | New='160'
SOURCE | Element 14047643 | Cat=Pipes | Family=Pipe Types | Type= | Level=LEVEL 06 | Name=MHT - PVC - PNEUMATIC TUBE SYSTEMS | System=Other | SizeText=160ø | Width= | Height= | Diameter=160
ELEMENT | 14047643 | Size='160ø' | Width='' | Height='' | Diameter='160' | Statuses=NWB_DimWidth:SKIP; NWB_DimHeight:SKIP; NWB_DimDiameter:OK
INFO | Candidate: NWB_DimDiameter | Scope=instance | Storage=String | ReadOnly=False | Shared=True | Id=7626172
INFO | Candidate: NWB_DimDiameter | Scope=instance | Storage=String | ReadOnly=False | Shared=True | Id=13710673
INFO | Found 2 parameters named NWB_DimDiameter
INFO | SELECTED | Shared Parameter | Scope=instance | ReadOnly=False | Id=13710673
INFO | IGNORED (SharedOnly) | Shared Parameter | Scope=instance | ReadOnly=False | Id=7626172
INFO | Element 14047651 | NWB_DimDiameter | Kind=Shared Parameter | Scope=instance | Storage=String | Old='' | New='160'
SOURCE | Element 14047651 | Cat=Pipes | Family=Pipe Types | Type= | Level=LEVEL 06 | Name=MHT - PVC - PNEUMATIC TUBE SYSTEMS | System=Other | SizeText=160ø | Width= | Height= | Diameter=160
ELEMENT | 14047651 | Size='160ø' | Width='' | Height='' | Diameter='160' | Statuses=NWB_DimWidth:SKIP; NWB_DimHeight:SKIP; NWB_DimDiameter:OK
INFO | Candidate: NWB_DimDiameter | Scope=instance | Storage=String | ReadOnly=False | Shared=True | Id=7626172
INFO | Candidate: NWB_DimDiameter | Scope=instance | Storage=String | ReadOnly=False | Shared=True | Id=13710673
INFO | Found 2 parameters named NWB_DimDiameter
INFO | SELECTED | Shared Parameter | Scope=instance | ReadOnly=False | Id=13710673
INFO | IGNORED (SharedOnly) | Shared Parameter | Scope=instance | ReadOnly=False | Id=7626172
INFO | Element 14047761 | NWB_DimDiameter | Kind=Shared Parameter | Scope=instance | Storage=String | Old='' | New='160'
SOURCE | Element 14047761 | Cat=Pipes | Family=Pipe Types | Type= | Level=LEVEL 06 | Name=MHT - PVC - PNEUMATIC TUBE SYSTEMS | System=Other | SizeText=160ø | Width= | Height= | Diameter=160
ELEMENT | 14047761 | Size='160ø' | Width='' | Height='' | Diameter='160' | Statuses=NWB_DimWidth:SKIP; NWB_DimHeight:SKIP; NWB_DimDiameter:OK
INFO | Candidate: NWB_DimDiameter | Scope=instance | Storage=String | ReadOnly=False | Shared=True | Id=7626172
INFO | Candidate: NWB_DimDiameter | Scope=instance | Storage=String | ReadOnly=False | Shared=True | Id=13710673
INFO | Found 2 parameters named NWB_DimDiameter
INFO | SELECTED | Shared Parameter | Scope=instance | ReadOnly=False | Id=13710673
INFO | IGNORED (SharedOnly) | Shared Parameter | Scope=instance | ReadOnly=False | Id=7626172
INFO | Element 14047881 | NWB_DimDiameter | Kind=Shared Parameter | Scope=instance | Storage=String | Old='' | New='160'
SOURCE | Element 14047881 | Cat=Pipes | Family=Pipe Types | Type= | Level=LEVEL 06 | Name=MHT - PVC - PNEUMATIC TUBE SYSTEMS | System=Other | SizeText=160ø | Width= | Height= | Diameter=160
ELEMENT | 14047881 | Size='160ø' | Width='' | Height='' | Diameter='160' | Statuses=NWB_DimWidth:SKIP; NWB_DimHeight:SKIP; NWB_DimDiameter:OK
INFO | Candidate: NWB_DimDiameter | Scope=instance | Storage=String | ReadOnly=False | Shared=True | Id=7626172
INFO | Candidate: NWB_DimDiameter | Scope=instance | Storage=String | ReadOnly=False | Shared=True | Id=13710673
INFO | Found 2 parameters named NWB_DimDiameter
INFO | SELECTED | Shared Parameter | Scope=instance | ReadOnly=False | Id=13710673
INFO | IGNORED (SharedOnly) | Shared Parameter | Scope=instance | ReadOnly=False | Id=7626172
INFO | Element 14047962 | NWB_DimDiameter | Kind=Shared Parameter | Scope=instance | Storage=String | Old='' | New='160'
SOURCE | Element 14047962 | Cat=Pipes | Family=Pipe Types | Type= | Level=LEVEL 06 | Name=MHT - PVC - PNEUMATIC TUBE SYSTEMS | System=Other | SizeText=160ø | Width= | Height= | Diameter=160
ELEMENT | 14047962 | Size='160ø' | Width='' | Height='' | Diameter='160' | Statuses=NWB_DimWidth:SKIP; NWB_DimHeight:SKIP; NWB_DimDiameter:OK
INFO | Candidate: NWB_DimDiameter | Scope=instance | Storage=String | ReadOnly=False | Shared=True | Id=7626172
INFO | Candidate: NWB_DimDiameter | Scope=instance | Storage=String | ReadOnly=False | Shared=True | Id=13710673
INFO | Found 2 parameters named NWB_DimDiameter
INFO | SELECTED | Shared Parameter | Scope=instance | ReadOnly=False | Id=13710673
INFO | IGNORED (SharedOnly) | Shared Parameter | Scope=instance | ReadOnly=False | Id=7626172
INFO | Element 14084204 | NWB_DimDiameter | Kind=Shared Parameter | Scope=instance | Storage=String | Old='' | New='160'
SOURCE | Element 14084204 | Cat=Pipes | Family=Pipe Types | Type= | Level=LEVEL 06 | Name=MHT - PVC - PNEUMATIC TUBE SYSTEMS | System=Other | SizeText=160ø | Width= | Height= | Diameter=160
ELEMENT | 14084204 | Size='160ø' | Width='' | Height='' | Diameter='160' | Statuses=NWB_DimWidth:SKIP; NWB_DimHeight:SKIP; NWB_DimDiameter:OK
INFO | Candidate: NWB_DimDiameter | Scope=instance | Storage=String | ReadOnly=False | Shared=True | Id=7626172
INFO | Candidate: NWB_DimDiameter | Scope=instance | Storage=String | ReadOnly=False | Shared=True | Id=13710673
INFO | Found 2 parameters named NWB_DimDiameter
INFO | SELECTED | Shared Parameter | Scope=instance | ReadOnly=False | Id=13710673
INFO | IGNORED (SharedOnly) | Shared Parameter | Scope=instance | ReadOnly=False | Id=7626172
INFO | Element 14084206 | NWB_DimDiameter | Kind=Shared Parameter | Scope=instance | Storage=String | Old='' | New='160'
SOURCE | Element 14084206 | Cat=Pipes | Family=Pipe Types | Type= | Level=LEVEL 06 | Name=MHT - PVC - PNEUMATIC TUBE SYSTEMS | System=Other | SizeText=160ø | Width= | Height= | Diameter=160
ELEMENT | 14084206 | Size='160ø' | Width='' | Height='' | Diameter='160' | Statuses=NWB_DimWidth:SKIP; NWB_DimHeight:SKIP; NWB_DimDiameter:OK
INFO | Candidate: NWB_DimDiameter | Scope=instance | Storage=String | ReadOnly=False | Shared=True | Id=7626172
INFO | Candidate: NWB_DimDiameter | Scope=instance | Storage=String | ReadOnly=False | Shared=True | Id=13710673
INFO | Found 2 parameters named NWB_DimDiameter
INFO | SELECTED | Shared Parameter | Scope=instance | ReadOnly=False | Id=13710673
INFO | IGNORED (SharedOnly) | Shared Parameter | Scope=instance | ReadOnly=False | Id=7626172
INFO | Element 14084210 | NWB_DimDiameter | Kind=Shared Parameter | Scope=instance | Storage=String | Old='' | New='160'
SOURCE | Element 14084210 | Cat=Pipes | Family=Pipe Types | Type= | Level=LEVEL 06 | Name=MHT - PVC - PNEUMATIC TUBE SYSTEMS | System=Other | SizeText=160ø | Width= | Height= | Diameter=160
ELEMENT | 14084210 | Size='160ø' | Width='' | Height='' | Diameter='160' | Statuses=NWB_DimWidth:SKIP; NWB_DimHeight:SKIP; NWB_DimDiameter:OK
INFO | Candidate: NWB_DimDiameter | Scope=instance | Storage=String | ReadOnly=False | Shared=True | Id=7626172
INFO | Candidate: NWB_DimDiameter | Scope=instance | Storage=String | ReadOnly=False | Shared=True | Id=13710673
INFO | Found 2 parameters named NWB_DimDiameter
INFO | SELECTED | Shared Parameter | Scope=instance | ReadOnly=False | Id=13710673
INFO | IGNORED (SharedOnly) | Shared Parameter | Scope=instance | ReadOnly=False | Id=7626172
INFO | Element 14084551 | NWB_DimDiameter | Kind=Shared Parameter | Scope=instance | Storage=String | Old='' | New='160'
SOURCE | Element 14084551 | Cat=Pipes | Family=Pipe Types | Type= | Level=LEVEL 06 | Name=MHT - PVC - PNEUMATIC TUBE SYSTEMS | System=Other | SizeText=160ø | Width= | Height= | Diameter=160
ELEMENT | 14084551 | Size='160ø' | Width='' | Height='' | Diameter='160' | Statuses=NWB_DimWidth:SKIP; NWB_DimHeight:SKIP; NWB_DimDiameter:OK
INFO | Candidate: NWB_DimDiameter | Scope=instance | Storage=String | ReadOnly=False | Shared=True | Id=7626172
INFO | Candidate: NWB_DimDiameter | Scope=instance | Storage=String | ReadOnly=False | Shared=True | Id=13710673
INFO | Found 2 parameters named NWB_DimDiameter
INFO | SELECTED | Shared Parameter | Scope=instance | ReadOnly=False | Id=13710673
INFO | IGNORED (SharedOnly) | Shared Parameter | Scope=instance | ReadOnly=False | Id=7626172
INFO | Element 14084553 | NWB_DimDiameter | Kind=Shared Parameter | Scope=instance | Storage=String | Old='' | New='160'
SOURCE | Element 14084553 | Cat=Pipes | Family=Pipe Types | Type= | Level=LEVEL 06 | Name=MHT - PVC - PNEUMATIC TUBE SYSTEMS | System=Other | SizeText=160ø | Width= | Height= | Diameter=160
ELEMENT | 14084553 | Size='160ø' | Width='' | Height='' | Diameter='160' | Statuses=NWB_DimWidth:SKIP; NWB_DimHeight:SKIP; NWB_DimDiameter:OK
INFO | Candidate: NWB_DimDiameter | Scope=instance | Storage=String | ReadOnly=False | Shared=True | Id=7626172
INFO | Candidate: NWB_DimDiameter | Scope=instance | Storage=String | ReadOnly=False | Shared=True | Id=13710673
INFO | Found 2 parameters named NWB_DimDiameter
INFO | SELECTED | Shared Parameter | Scope=instance | ReadOnly=False | Id=13710673
INFO | IGNORED (SharedOnly) | Shared Parameter | Scope=instance | ReadOnly=False | Id=7626172
INFO | Element 14084557 | NWB_DimDiameter | Kind=Shared Parameter | Scope=instance | Storage=String | Old='' | New='160'
SOURCE | Element 14084557 | Cat=Pipes | Family=Pipe Types | Type= | Level=LEVEL 06 | Name=MHT - PVC - PNEUMATIC TUBE SYSTEMS | System=Other | SizeText=160ø | Width= | Height= | Diameter=160
ELEMENT | 14084557 | Size='160ø' | Width='' | Height='' | Diameter='160' | Statuses=NWB_DimWidth:SKIP; NWB_DimHeight:SKIP; NWB_DimDiameter:OK
INFO | Candidate: NWB_DimDiameter | Scope=instance | Storage=String | ReadOnly=False | Shared=True | Id=7626172
INFO | Candidate: NWB_DimDiameter | Scope=instance | Storage=String | ReadOnly=False | Shared=True | Id=13710673
INFO | Found 2 parameters named NWB_DimDiameter
INFO | SELECTED | Shared Parameter | Scope=instance | ReadOnly=False | Id=13710673
INFO | IGNORED (SharedOnly) | Shared Parameter | Scope=instance | ReadOnly=False | Id=7626172
INFO | Element 14084559 | NWB_DimDiameter | Kind=Shared Parameter | Scope=instance | Storage=String | Old='' | New='160'
SOURCE | Element 14084559 | Cat=Pipes | Family=Pipe Types | Type= | Level=LEVEL 06 | Name=MHT - PVC - PNEUMATIC TUBE SYSTEMS | System=Other | SizeText=160ø | Width= | Height= | Diameter=160
ELEMENT | 14084559 | Size='160ø' | Width='' | Height='' | Diameter='160' | Statuses=NWB_DimWidth:SKIP; NWB_DimHeight:SKIP; NWB_DimDiameter:OK
INFO | Candidate: NWB_DimDiameter | Scope=instance | Storage=String | ReadOnly=False | Shared=True | Id=7626172
INFO | Candidate: NWB_DimDiameter | Scope=instance | Storage=String | ReadOnly=False | Shared=True | Id=13710673
INFO | Found 2 parameters named NWB_DimDiameter
INFO | SELECTED | Shared Parameter | Scope=instance | ReadOnly=False | Id=13710673
INFO | IGNORED (SharedOnly) | Shared Parameter | Scope=instance | ReadOnly=False | Id=7626172
INFO | Element 14084561 | NWB_DimDiameter | Kind=Shared Parameter | Scope=instance | Storage=String | Old='' | New='160'
SOURCE | Element 14084561 | Cat=Pipes | Family=Pipe Types | Type= | Level=LEVEL 06 | Name=MHT - PVC - PNEUMATIC TUBE SYSTEMS | System=Other | SizeText=160ø | Width= | Height= | Diameter=160
ELEMENT | 14084561 | Size='160ø' | Width='' | Height='' | Diameter='160' | Statuses=NWB_DimWidth:SKIP; NWB_DimHeight:SKIP; NWB_DimDiameter:OK
INFO | Candidate: NWB_DimDiameter | Scope=instance | Storage=String | ReadOnly=False | Shared=True | Id=7626172
INFO | Candidate: NWB_DimDiameter | Scope=instance | Storage=String | ReadOnly=False | Shared=True | Id=13710673
INFO | Found 2 parameters named NWB_DimDiameter
INFO | SELECTED | Shared Parameter | Scope=instance | ReadOnly=False | Id=13710673
INFO | IGNORED (SharedOnly) | Shared Parameter | Scope=instance | ReadOnly=False | Id=7626172
INFO | Element 14084660 | NWB_DimDiameter | Kind=Shared Parameter | Scope=instance | Storage=String | Old='' | New='160'
SOURCE | Element 14084660 | Cat=Pipes | Family=Pipe Types | Type= | Level=LEVEL 06 | Name=MHT - PVC - PNEUMATIC TUBE SYSTEMS | System=Other | SizeText=160ø | Width= | Height= | Diameter=160
ELEMENT | 14084660 | Size='160ø' | Width='' | Height='' | Diameter='160' | Statuses=NWB_DimWidth:SKIP; NWB_DimHeight:SKIP; NWB_DimDiameter:OK
INFO | Candidate: NWB_DimDiameter | Scope=instance | Storage=String | ReadOnly=False | Shared=True | Id=7626172
INFO | Candidate: NWB_DimDiameter | Scope=instance | Storage=String | ReadOnly=False | Shared=True | Id=13710673
INFO | Found 2 parameters named NWB_DimDiameter
INFO | SELECTED | Shared Parameter | Scope=instance | ReadOnly=False | Id=13710673
INFO | IGNORED (SharedOnly) | Shared Parameter | Scope=instance | ReadOnly=False | Id=7626172
INFO | Element 14084662 | NWB_DimDiameter | Kind=Shared Parameter | Scope=instance | Storage=String | Old='' | New='160'
SOURCE | Element 14084662 | Cat=Pipes | Family=Pipe Types | Type= | Level=LEVEL 06 | Name=MHT - PVC - PNEUMATIC TUBE SYSTEMS | System=Other | SizeText=160ø | Width= | Height= | Diameter=160
ELEMENT | 14084662 | Size='160ø' | Width='' | Height='' | Diameter='160' | Statuses=NWB_DimWidth:SKIP; NWB_DimHeight:SKIP; NWB_DimDiameter:OK
INFO | Candidate: NWB_DimDiameter | Scope=instance | Storage=String | ReadOnly=False | Shared=True | Id=7626172
INFO | Candidate: NWB_DimDiameter | Scope=instance | Storage=String | ReadOnly=False | Shared=True | Id=13710673
INFO | Found 2 parameters named NWB_DimDiameter
INFO | SELECTED | Shared Parameter | Scope=instance | ReadOnly=False | Id=13710673
INFO | IGNORED (SharedOnly) | Shared Parameter | Scope=instance | ReadOnly=False | Id=7626172
INFO | Element 14085056 | NWB_DimDiameter | Kind=Shared Parameter | Scope=instance | Storage=String | Old='' | New='160'
SOURCE | Element 14085056 | Cat=Pipes | Family=Pipe Types | Type= | Level=LEVEL 06 | Name=MHT - PVC - PNEUMATIC TUBE SYSTEMS | System=Other | SizeText=160ø | Width= | Height= | Diameter=160
ELEMENT | 14085056 | Size='160ø' | Width='' | Height='' | Diameter='160' | Statuses=NWB_DimWidth:SKIP; NWB_DimHeight:SKIP; NWB_DimDiameter:OK
INFO | Candidate: NWB_DimDiameter | Scope=instance | Storage=String | ReadOnly=False | Shared=True | Id=7626172
INFO | Candidate: NWB_DimDiameter | Scope=instance | Storage=String | ReadOnly=False | Shared=True | Id=13710673
INFO | Found 2 parameters named NWB_DimDiameter
INFO | SELECTED | Shared Parameter | Scope=instance | ReadOnly=False | Id=13710673
INFO | IGNORED (SharedOnly) | Shared Parameter | Scope=instance | ReadOnly=False | Id=7626172
INFO | Element 14086722 | NWB_DimDiameter | Kind=Shared Parameter | Scope=instance | Storage=String | Old='' | New='160'
SOURCE | Element 14086722 | Cat=Pipes | Family=Pipe Types | Type= | Level=LEVEL 06 | Name=MHT - PVC - PNEUMATIC TUBE SYSTEMS | System=Other | SizeText=160ø | Width= | Height= | Diameter=160
ELEMENT | 14086722 | Size='160ø' | Width='' | Height='' | Diameter='160' | Statuses=NWB_DimWidth:SKIP; NWB_DimHeight:SKIP; NWB_DimDiameter:OK
INFO | Candidate: NWB_DimDiameter | Scope=instance | Storage=String | ReadOnly=False | Shared=True | Id=7626172
INFO | Candidate: NWB_DimDiameter | Scope=instance | Storage=String | ReadOnly=False | Shared=True | Id=13710673
INFO | Found 2 parameters named NWB_DimDiameter
INFO | SELECTED | Shared Parameter | Scope=instance | ReadOnly=False | Id=13710673
INFO | IGNORED (SharedOnly) | Shared Parameter | Scope=instance | ReadOnly=False | Id=7626172
INFO | Element 14086815 | NWB_DimDiameter | Kind=Shared Parameter | Scope=instance | Storage=String | Old='' | New='160'
SOURCE | Element 14086815 | Cat=Pipes | Family=Pipe Types | Type= | Level=LEVEL 06 | Name=MHT - PVC - PNEUMATIC TUBE SYSTEMS | System=Other | SizeText=160ø | Width= | Height= | Diameter=160
ELEMENT | 14086815 | Size='160ø' | Width='' | Height='' | Diameter='160' | Statuses=NWB_DimWidth:SKIP; NWB_DimHeight:SKIP; NWB_DimDiameter:OK
INFO | Candidate: NWB_DimDiameter | Scope=instance | Storage=String | ReadOnly=False | Shared=True | Id=7626172
INFO | Candidate: NWB_DimDiameter | Scope=instance | Storage=String | ReadOnly=False | Shared=True | Id=13710673
INFO | Found 2 parameters named NWB_DimDiameter
INFO | SELECTED | Shared Parameter | Scope=instance | ReadOnly=False | Id=13710673
INFO | IGNORED (SharedOnly) | Shared Parameter | Scope=instance | ReadOnly=False | Id=7626172
INFO | Element 14086957 | NWB_DimDiameter | Kind=Shared Parameter | Scope=instance | Storage=String | Old='' | New='160'
SOURCE | Element 14086957 | Cat=Pipes | Family=Pipe Types | Type= | Level=LEVEL 06 | Name=MHT - PVC - PNEUMATIC TUBE SYSTEMS | System=Other | SizeText=160ø | Width= | Height= | Diameter=160
ELEMENT | 14086957 | Size='160ø' | Width='' | Height='' | Diameter='160' | Statuses=NWB_DimWidth:SKIP; NWB_DimHeight:SKIP; NWB_DimDiameter:OK
INFO | Candidate: NWB_DimDiameter | Scope=instance | Storage=String | ReadOnly=False | Shared=True | Id=7626172
INFO | Candidate: NWB_DimDiameter | Scope=instance | Storage=String | ReadOnly=False | Shared=True | Id=13710673
INFO | Found 2 parameters named NWB_DimDiameter
INFO | SELECTED | Shared Parameter | Scope=instance | ReadOnly=False | Id=13710673
INFO | IGNORED (SharedOnly) | Shared Parameter | Scope=instance | ReadOnly=False | Id=7626172
INFO | Element 14087068 | NWB_DimDiameter | Kind=Shared Parameter | Scope=instance | Storage=String | Old='' | New='160'
SOURCE | Element 14087068 | Cat=Pipes | Family=Pipe Types | Type= | Level=LEVEL 06 | Name=MHT - PVC - PNEUMATIC TUBE SYSTEMS | System=Other | SizeText=160ø | Width= | Height= | Diameter=160
ELEMENT | 14087068 | Size='160ø' | Width='' | Height='' | Diameter='160' | Statuses=NWB_DimWidth:SKIP; NWB_DimHeight:SKIP; NWB_DimDiameter:OK
INFO | Candidate: NWB_DimDiameter | Scope=instance | Storage=String | ReadOnly=False | Shared=True | Id=7626172
INFO | Candidate: NWB_DimDiameter | Scope=instance | Storage=String | ReadOnly=False | Shared=True | Id=13710673
INFO | Found 2 parameters named NWB_DimDiameter
INFO | SELECTED | Shared Parameter | Scope=instance | ReadOnly=False | Id=13710673
INFO | IGNORED (SharedOnly) | Shared Parameter | Scope=instance | ReadOnly=False | Id=7626172
INFO | Element 14087078 | NWB_DimDiameter | Kind=Shared Parameter | Scope=instance | Storage=String | Old='' | New='160'
SOURCE | Element 14087078 | Cat=Pipes | Family=Pipe Types | Type= | Level=LEVEL 06 | Name=MHT - PVC - PNEUMATIC TUBE SYSTEMS | System=Other | SizeText=160ø | Width= | Height= | Diameter=160
ELEMENT | 14087078 | Size='160ø' | Width='' | Height='' | Diameter='160' | Statuses=NWB_DimWidth:SKIP; NWB_DimHeight:SKIP; NWB_DimDiameter:OK
INFO | Candidate: NWB_DimDiameter | Scope=instance | Storage=String | ReadOnly=False | Shared=True | Id=7626172
INFO | Candidate: NWB_DimDiameter | Scope=instance | Storage=String | ReadOnly=False | Shared=True | Id=13710673
INFO | Found 2 parameters named NWB_DimDiameter
INFO | SELECTED | Shared Parameter | Scope=instance | ReadOnly=False | Id=13710673
INFO | IGNORED (SharedOnly) | Shared Parameter | Scope=instance | ReadOnly=False | Id=7626172
INFO | Element 14087091 | NWB_DimDiameter | Kind=Shared Parameter | Scope=instance | Storage=String | Old='' | New='160'
SOURCE | Element 14087091 | Cat=Pipes | Family=Pipe Types | Type= | Level=LEVEL 06 | Name=MHT - PVC - PNEUMATIC TUBE SYSTEMS | System=Other | SizeText=160ø | Width= | Height= | Diameter=160
ELEMENT | 14087091 | Size='160ø' | Width='' | Height='' | Diameter='160' | Statuses=NWB_DimWidth:SKIP; NWB_DimHeight:SKIP; NWB_DimDiameter:OK
INFO | Transaction Status = Committed
CHUNK COMMIT | Status=Committed | Processed=360
INFO | VERIFY OK | Element 13816026 | Parameter=NWB_DimDiameter | Kind=Shared Parameter | Scope=instance | Id=13710673 | Actual='160'
INFO | VERIFY OK | Element 13816068 | Parameter=NWB_DimDiameter | Kind=Shared Parameter | Scope=instance | Id=13710673 | Actual='160'
INFO | VERIFY OK | Element 13816686 | Parameter=NWB_DimDiameter | Kind=Shared Parameter | Scope=instance | Id=13710673 | Actual='160'
INFO | VERIFY OK | Element 13816923 | Parameter=NWB_DimDiameter | Kind=Shared Parameter | Scope=instance | Id=13710673 | Actual='160'
INFO | VERIFY OK | Element 13816952 | Parameter=NWB_DimDiameter | Kind=Shared Parameter | Scope=instance | Id=13710673 | Actual='160'
INFO | VERIFY OK | Element 13817274 | Parameter=NWB_DimDiameter | Kind=Shared Parameter | Scope=instance | Id=13710673 | Actual='160'
INFO | VERIFY OK | Element 13817396 | Parameter=NWB_DimDiameter | Kind=Shared Parameter | Scope=instance | Id=13710673 | Actual='160'
INFO | VERIFY OK | Element 13817404 | Parameter=NWB_DimDiameter | Kind=Shared Parameter | Scope=instance | Id=13710673 | Actual='160'
INFO | VERIFY OK | Element 13817603 | Parameter=NWB_DimDiameter | Kind=Shared Parameter | Scope=instance | Id=13710673 | Actual='160'
INFO | VERIFY OK | Element 13818089 | Parameter=NWB_DimDiameter | Kind=Shared Parameter | Scope=instance | Id=13710673 | Actual='160'
INFO | VERIFY OK | Element 13818253 | Parameter=NWB_DimDiameter | Kind=Shared Parameter | Scope=instance | Id=13710673 | Actual='160'
INFO | VERIFY OK | Element 13818374 | Parameter=NWB_DimDiameter | Kind=Shared Parameter | Scope=instance | Id=13710673 | Actual='160'
INFO | VERIFY OK | Element 13818390 | Parameter=NWB_DimDiameter | Kind=Shared Parameter | Scope=instance | Id=13710673 | Actual='160'
INFO | VERIFY OK | Element 13822471 | Parameter=NWB_DimDiameter | Kind=Shared Parameter | Scope=instance | Id=13710673 | Actual='160'
INFO | VERIFY OK | Element 13822473 | Parameter=NWB_DimDiameter | Kind=Shared Parameter | Scope=instance | Id=13710673 | Actual='160'
INFO | VERIFY OK | Element 13822475 | Parameter=NWB_DimDiameter | Kind=Shared Parameter | Scope=instance | Id=13710673 | Actual='160'
INFO | VERIFY OK | Element 13822483 | Parameter=NWB_DimDiameter | Kind=Shared Parameter | Scope=instance | Id=13710673 | Actual='160'
INFO | VERIFY OK | Element 13822485 | Parameter=NWB_DimDiameter | Kind=Shared Parameter | Scope=instance | Id=13710673 | Actual='160'
INFO | VERIFY OK | Element 13822513 | Parameter=NWB_DimDiameter | Kind=Shared Parameter | Scope=instance | Id=13710673 | Actual='160'
INFO | VERIFY OK | Element 13822519 | Parameter=NWB_DimDiameter | Kind=Shared Parameter | Scope=instance | Id=13710673 | Actual='160'
INFO | VERIFY OK | Element 13822523 | Parameter=NWB_DimDiameter | Kind=Shared Parameter | Scope=instance | Id=13710673 | Actual='160'
INFO | VERIFY OK | Element 13822527 | Parameter=NWB_DimDiameter | Kind=Shared Parameter | Scope=instance | Id=13710673 | Actual='160'
INFO | VERIFY OK | Element 13822533 | Parameter=NWB_DimDiameter | Kind=Shared Parameter | Scope=instance | Id=13710673 | Actual='160'
INFO | VERIFY OK | Element 13822535 | Parameter=NWB_DimDiameter | Kind=Shared Parameter | Scope=instance | Id=13710673 | Actual='160'
INFO | VERIFY OK | Element 13822541 | Parameter=NWB_DimDiameter | Kind=Shared Parameter | Scope=instance | Id=13710673 | Actual='160'
INFO | VERIFY OK | Element 13822543 | Parameter=NWB_DimDiameter | Kind=Shared Parameter | Scope=instance | Id=13710673 | Actual='160'
INFO | VERIFY OK | Element 13822547 | Parameter=NWB_DimDiameter | Kind=Shared Parameter | Scope=instance | Id=13710673 | Actual='160'
INFO | VERIFY OK | Element 13822549 | Parameter=NWB_DimDiameter | Kind=Shared Parameter | Scope=instance | Id=13710673 | Actual='160'
INFO | VERIFY OK | Element 13822763 | Parameter=NWB_DimDiameter | Kind=Shared Parameter | Scope=instance | Id=13710673 | Actual='160'
INFO | VERIFY OK | Element 13822793 | Parameter=NWB_DimDiameter | Kind=Shared Parameter | Scope=instance | Id=13710673 | Actual='160'
INFO | VERIFY OK | Element 13822801 | Parameter=NWB_DimDiameter | Kind=Shared Parameter | Scope=instance | Id=13710673 | Actual='160'
INFO | VERIFY OK | Element 13822892 | Parameter=NWB_DimDiameter | Kind=Shared Parameter | Scope=instance | Id=13710673 | Actual='160'
INFO | VERIFY OK | Element 13823427 | Parameter=NWB_DimDiameter | Kind=Shared Parameter | Scope=instance | Id=13710673 | Actual='160'
INFO | VERIFY OK | Element 13823650 | Parameter=NWB_DimDiameter | Kind=Shared Parameter | Scope=instance | Id=13710673 | Actual='160'
INFO | VERIFY OK | Element 13825007 | Parameter=NWB_DimDiameter | Kind=Shared Parameter | Scope=instance | Id=13710673 | Actual='160'
INFO | VERIFY OK | Element 13825514 | Parameter=NWB_DimDiameter | Kind=Shared Parameter | Scope=instance | Id=13710673 | Actual='160'
INFO | VERIFY OK | Element 13825658 | Parameter=NWB_DimDiameter | Kind=Shared Parameter | Scope=instance | Id=13710673 | Actual='160'
INFO | VERIFY OK | Element 13825666 | Parameter=NWB_DimDiameter | Kind=Shared Parameter | Scope=instance | Id=13710673 | Actual='160'
INFO | VERIFY OK | Element 13825679 | Parameter=NWB_DimDiameter | Kind=Shared Parameter | Scope=instance | Id=13710673 | Actual='160'
INFO | VERIFY OK | Element 13825844 | Parameter=NWB_DimDiameter | Kind=Shared Parameter | Scope=instance | Id=13710673 | Actual='160'
INFO | VERIFY OK | Element 13825852 | Parameter=NWB_DimDiameter | Kind=Shared Parameter | Scope=instance | Id=13710673 | Actual='160'
INFO | VERIFY OK | Element 13826139 | Parameter=NWB_DimDiameter | Kind=Shared Parameter | Scope=instance | Id=13710673 | Actual='160'
INFO | VERIFY OK | Element 13826140 | Parameter=NWB_DimDiameter | Kind=Shared Parameter | Scope=instance | Id=13710673 | Actual='160'
INFO | VERIFY OK | Element 13826350 | Parameter=NWB_DimDiameter | Kind=Shared Parameter | Scope=instance | Id=13710673 | Actual='160'
INFO | VERIFY OK | Element 13827307 | Parameter=NWB_DimDiameter | Kind=Shared Parameter | Scope=instance | Id=13710673 | Actual='160'
INFO | VERIFY OK | Element 13827315 | Parameter=NWB_DimDiameter | Kind=Shared Parameter | Scope=instance | Id=13710673 | Actual='160'
INFO | VERIFY OK | Element 13827354 | Parameter=NWB_DimDiameter | Kind=Shared Parameter | Scope=instance | Id=13710673 | Actual='160'
INFO | VERIFY OK | Element 13827364 | Parameter=NWB_DimDiameter | Kind=Shared Parameter | Scope=instance | Id=13710673 | Actual='160'
INFO | VERIFY OK | Element 13827447 | Parameter=NWB_DimDiameter | Kind=Shared Parameter | Scope=instance | Id=13710673 | Actual='160'
INFO | VERIFY OK | Element 13827455 | Parameter=NWB_DimDiameter | Kind=Shared Parameter | Scope=instance | Id=13710673 | Actual='160'
INFO | VERIFY OK | Element 13827463 | Parameter=NWB_DimDiameter | Kind=Shared Parameter | Scope=instance | Id=13710673 | Actual='160'
INFO | VERIFY OK | Element 13827810 | Parameter=NWB_DimDiameter | Kind=Shared Parameter | Scope=instance | Id=13710673 | Actual='160'
INFO | VERIFY OK | Element 13827877 | Parameter=NWB_DimDiameter | Kind=Shared Parameter | Scope=instance | Id=13710673 | Actual='160'
INFO | VERIFY OK | Element 13828439 | Parameter=NWB_DimDiameter | Kind=Shared Parameter | Scope=instance | Id=13710673 | Actual='160'
INFO | VERIFY OK | Element 13828471 | Parameter=NWB_DimDiameter | Kind=Shared Parameter | Scope=instance | Id=13710673 | Actual='160'
INFO | VERIFY OK | Element 13828605 | Parameter=NWB_DimDiameter | Kind=Shared Parameter | Scope=instance | Id=13710673 | Actual='160'
INFO | VERIFY OK | Element 13829610 | Parameter=NWB_DimDiameter | Kind=Shared Parameter | Scope=instance | Id=13710673 | Actual='160'
INFO | VERIFY OK | Element 13830519 | Parameter=NWB_DimDiameter | Kind=Shared Parameter | Scope=instance | Id=13710673 | Actual='160'
INFO | VERIFY OK | Element 13831058 | Parameter=NWB_DimDiameter | Kind=Shared Parameter | Scope=instance | Id=13710673 | Actual='160'
INFO | VERIFY OK | Element 13831066 | Parameter=NWB_DimDiameter | Kind=Shared Parameter | Scope=instance | Id=13710673 | Actual='160'
INFO | VERIFY OK | Element 13831079 | Parameter=NWB_DimDiameter | Kind=Shared Parameter | Scope=instance | Id=13710673 | Actual='160'
INFO | VERIFY OK | Element 13831210 | Parameter=NWB_DimDiameter | Kind=Shared Parameter | Scope=instance | Id=13710673 | Actual='160'
INFO | VERIFY OK | Element 13831218 | Parameter=NWB_DimDiameter | Kind=Shared Parameter | Scope=instance | Id=13710673 | Actual='160'
INFO | VERIFY OK | Element 13831226 | Parameter=NWB_DimDiameter | Kind=Shared Parameter | Scope=instance | Id=13710673 | Actual='160'
INFO | VERIFY OK | Element 13831494 | Parameter=NWB_DimDiameter | Kind=Shared Parameter | Scope=instance | Id=13710673 | Actual='160'
INFO | VERIFY OK | Element 13831909 | Parameter=NWB_DimDiameter | Kind=Shared Parameter | Scope=instance | Id=13710673 | Actual='160'
INFO | VERIFY OK | Element 13831921 | Parameter=NWB_DimDiameter | Kind=Shared Parameter | Scope=instance | Id=13710673 | Actual='160'
INFO | VERIFY OK | Element 13831922 | Parameter=NWB_DimDiameter | Kind=Shared Parameter | Scope=instance | Id=13710673 | Actual='160'
INFO | VERIFY OK | Element 13832132 | Parameter=NWB_DimDiameter | Kind=Shared Parameter | Scope=instance | Id=13710673 | Actual='160'
INFO | VERIFY OK | Element 13832164 | Parameter=NWB_DimDiameter | Kind=Shared Parameter | Scope=instance | Id=13710673 | Actual='160'
INFO | VERIFY OK | Element 13832229 | Parameter=NWB_DimDiameter | Kind=Shared Parameter | Scope=instance | Id=13710673 | Actual='160'
INFO | VERIFY OK | Element 13832268 | Parameter=NWB_DimDiameter | Kind=Shared Parameter | Scope=instance | Id=13710673 | Actual='160'
INFO | VERIFY OK | Element 13832903 | Parameter=NWB_DimDiameter | Kind=Shared Parameter | Scope=instance | Id=13710673 | Actual='160'
INFO | VERIFY OK | Element 13832905 | Parameter=NWB_DimDiameter | Kind=Shared Parameter | Scope=instance | Id=13710673 | Actual='160'
INFO | VERIFY OK | Element 13832907 | Parameter=NWB_DimDiameter | Kind=Shared Parameter | Scope=instance | Id=13710673 | Actual='160'
INFO | VERIFY OK | Element 13832929 | Parameter=NWB_DimDiameter | Kind=Shared Parameter | Scope=instance | Id=13710673 | Actual='160'
INFO | VERIFY OK | Element 13832940 | Parameter=NWB_DimDiameter | Kind=Shared Parameter | Scope=instance | Id=13710673 | Actual='160'
INFO | VERIFY OK | Element 13833123 | Parameter=NWB_DimDiameter | Kind=Shared Parameter | Scope=instance | Id=13710673 | Actual='160'
INFO | VERIFY OK | Element 13834801 | Parameter=NWB_DimDiameter | Kind=Shared Parameter | Scope=instance | Id=13710673 | Actual='160'
INFO | VERIFY OK | Element 13835089 | Parameter=NWB_DimDiameter | Kind=Shared Parameter | Scope=instance | Id=13710673 | Actual='160'
INFO | VERIFY OK | Element 13835329 | Parameter=NWB_DimDiameter | Kind=Shared Parameter | Scope=instance | Id=13710673 | Actual='160'
INFO | VERIFY OK | Element 13835355 | Parameter=NWB_DimDiameter | Kind=Shared Parameter | Scope=instance | Id=13710673 | Actual='160'
INFO | VERIFY OK | Element 13835356 | Parameter=NWB_DimDiameter | Kind=Shared Parameter | Scope=instance | Id=13710673 | Actual='160'
INFO | VERIFY OK | Element 13835395 | Parameter=NWB_DimDiameter | Kind=Shared Parameter | Scope=instance | Id=13710673 | Actual='160'
INFO | VERIFY OK | Element 13835419 | Parameter=NWB_DimDiameter | Kind=Shared Parameter | Scope=instance | Id=13710673 | Actual='160'
INFO | VERIFY OK | Element 13835420 | Parameter=NWB_DimDiameter | Kind=Shared Parameter | Scope=instance | Id=13710673 | Actual='160'
INFO | VERIFY OK | Element 13835585 | Parameter=NWB_DimDiameter | Kind=Shared Parameter | Scope=instance | Id=13710673 | Actual='160'
INFO | VERIFY OK | Element 13835630 | Parameter=NWB_DimDiameter | Kind=Shared Parameter | Scope=instance | Id=13710673 | Actual='160'
INFO | VERIFY OK | Element 13835631 | Parameter=NWB_DimDiameter | Kind=Shared Parameter | Scope=instance | Id=13710673 | Actual='160'
INFO | VERIFY OK | Element 13835839 | Parameter=NWB_DimDiameter | Kind=Shared Parameter | Scope=instance | Id=13710673 | Actual='160'
INFO | VERIFY OK | Element 13835840 | Parameter=NWB_DimDiameter | Kind=Shared Parameter | Scope=instance | Id=13710673 | Actual='160'
INFO | VERIFY OK | Element 13840260 | Parameter=NWB_DimDiameter | Kind=Shared Parameter | Scope=instance | Id=13710673 | Actual='160'
INFO | VERIFY OK | Element 13840269 | Parameter=NWB_DimDiameter | Kind=Shared Parameter | Scope=instance | Id=13710673 | Actual='160'
INFO | VERIFY OK | Element 13840273 | Parameter=NWB_DimDiameter | Kind=Shared Parameter | Scope=instance | Id=13710673 | Actual='160'
INFO | VERIFY OK | Element 13846384 | Parameter=NWB_DimDiameter | Kind=Shared Parameter | Scope=instance | Id=13710673 | Actual='160'
INFO | VERIFY OK | Element 13846385 | Parameter=NWB_DimDiameter | Kind=Shared Parameter | Scope=instance | Id=13710673 | Actual='160'
INFO | VERIFY OK | Element 14047094 | Parameter=NWB_DimDiameter | Kind=Shared Parameter | Scope=instance | Id=13710673 | Actual='160'
INFO | VERIFY OK | Element 14047262 | Parameter=NWB_DimDiameter | Kind=Shared Parameter | Scope=instance | Id=13710673 | Actual='160'
INFO | VERIFY OK | Element 14047643 | Parameter=NWB_DimDiameter | Kind=Shared Parameter | Scope=instance | Id=13710673 | Actual='160'
INFO | VERIFY OK | Element 14047651 | Parameter=NWB_DimDiameter | Kind=Shared Parameter | Scope=instance | Id=13710673 | Actual='160'
INFO | VERIFY OK | Element 14047761 | Parameter=NWB_DimDiameter | Kind=Shared Parameter | Scope=instance | Id=13710673 | Actual='160'
INFO | VERIFY OK | Element 14047881 | Parameter=NWB_DimDiameter | Kind=Shared Parameter | Scope=instance | Id=13710673 | Actual='160'
INFO | VERIFY OK | Element 14047962 | Parameter=NWB_DimDiameter | Kind=Shared Parameter | Scope=instance | Id=13710673 | Actual='160'
INFO | VERIFY OK | Element 14084204 | Parameter=NWB_DimDiameter | Kind=Shared Parameter | Scope=instance | Id=13710673 | Actual='160'
INFO | VERIFY OK | Element 14084206 | Parameter=NWB_DimDiameter | Kind=Shared Parameter | Scope=instance | Id=13710673 | Actual='160'
INFO | VERIFY OK | Element 14084210 | Parameter=NWB_DimDiameter | Kind=Shared Parameter | Scope=instance | Id=13710673 | Actual='160'
INFO | VERIFY OK | Element 14084551 | Parameter=NWB_DimDiameter | Kind=Shared Parameter | Scope=instance | Id=13710673 | Actual='160'
INFO | VERIFY OK | Element 14084553 | Parameter=NWB_DimDiameter | Kind=Shared Parameter | Scope=instance | Id=13710673 | Actual='160'
INFO | VERIFY OK | Element 14084557 | Parameter=NWB_DimDiameter | Kind=Shared Parameter | Scope=instance | Id=13710673 | Actual='160'
INFO | VERIFY OK | Element 14084559 | Parameter=NWB_DimDiameter | Kind=Shared Parameter | Scope=instance | Id=13710673 | Actual='160'
INFO | VERIFY OK | Element 14084561 | Parameter=NWB_DimDiameter | Kind=Shared Parameter | Scope=instance | Id=13710673 | Actual='160'
INFO | VERIFY OK | Element 14084660 | Parameter=NWB_DimDiameter | Kind=Shared Parameter | Scope=instance | Id=13710673 | Actual='160'
INFO | VERIFY OK | Element 14084662 | Parameter=NWB_DimDiameter | Kind=Shared Parameter | Scope=instance | Id=13710673 | Actual='160'
INFO | VERIFY OK | Element 14085056 | Parameter=NWB_DimDiameter | Kind=Shared Parameter | Scope=instance | Id=13710673 | Actual='160'
INFO | VERIFY OK | Element 14086722 | Parameter=NWB_DimDiameter | Kind=Shared Parameter | Scope=instance | Id=13710673 | Actual='160'
INFO | VERIFY OK | Element 14086815 | Parameter=NWB_DimDiameter | Kind=Shared Parameter | Scope=instance | Id=13710673 | Actual='160'
INFO | VERIFY OK | Element 14086957 | Parameter=NWB_DimDiameter | Kind=Shared Parameter | Scope=instance | Id=13710673 | Actual='160'
INFO | VERIFY OK | Element 14087068 | Parameter=NWB_DimDiameter | Kind=Shared Parameter | Scope=instance | Id=13710673 | Actual='160'
INFO | VERIFY OK | Element 14087078 | Parameter=NWB_DimDiameter | Kind=Shared Parameter | Scope=instance | Id=13710673 | Actual='160'
INFO | VERIFY OK | Element 14087091 | Parameter=NWB_DimDiameter | Kind=Shared Parameter | Scope=instance | Id=13710673 | Actual='160'
INFO | Candidate: NWB_DimDiameter | Scope=instance | Storage=String | ReadOnly=False | Shared=True | Id=7626172
INFO | Candidate: NWB_DimDiameter | Scope=instance | Storage=String | ReadOnly=False | Shared=True | Id=13710673
INFO | Found 2 parameters named NWB_DimDiameter
INFO | SELECTED | Shared Parameter | Scope=instance | ReadOnly=False | Id=13710673
INFO | IGNORED (SharedOnly) | Shared Parameter | Scope=instance | ReadOnly=False | Id=7626172
INFO | Element 14087847 | NWB_DimDiameter | Kind=Shared Parameter | Scope=instance | Storage=String | Old='' | New='160'
SOURCE | Element 14087847 | Cat=Pipes | Family=Pipe Types | Type= | Level=LEVEL 06 | Name=MHT - PVC - PNEUMATIC TUBE SYSTEMS | System=Other | SizeText=160ø | Width= | Height= | Diameter=160
ELEMENT | 14087847 | Size='160ø' | Width='' | Height='' | Diameter='160' | Statuses=NWB_DimWidth:SKIP; NWB_DimHeight:SKIP; NWB_DimDiameter:OK
INFO | Candidate: NWB_DimDiameter | Scope=instance | Storage=String | ReadOnly=False | Shared=True | Id=7626172
INFO | Candidate: NWB_DimDiameter | Scope=instance | Storage=String | ReadOnly=False | Shared=True | Id=13710673
INFO | Found 2 parameters named NWB_DimDiameter
INFO | SELECTED | Shared Parameter | Scope=instance | ReadOnly=False | Id=13710673
INFO | IGNORED (SharedOnly) | Shared Parameter | Scope=instance | ReadOnly=False | Id=7626172
INFO | Element 14088020 | NWB_DimDiameter | Kind=Shared Parameter | Scope=instance | Storage=String | Old='' | New='160'
SOURCE | Element 14088020 | Cat=Pipes | Family=Pipe Types | Type= | Level=LEVEL 06 | Name=MHT - PVC - PNEUMATIC TUBE SYSTEMS | System=Other | SizeText=160ø | Width= | Height= | Diameter=160
ELEMENT | 14088020 | Size='160ø' | Width='' | Height='' | Diameter='160' | Statuses=NWB_DimWidth:SKIP; NWB_DimHeight:SKIP; NWB_DimDiameter:OK
INFO | Candidate: NWB_DimDiameter | Scope=instance | Storage=String | ReadOnly=False | Shared=True | Id=7626172
INFO | Candidate: NWB_DimDiameter | Scope=instance | Storage=String | ReadOnly=False | Shared=True | Id=13710673
INFO | Found 2 parameters named NWB_DimDiameter
INFO | SELECTED | Shared Parameter | Scope=instance | ReadOnly=False | Id=13710673
INFO | IGNORED (SharedOnly) | Shared Parameter | Scope=instance | ReadOnly=False | Id=7626172
INFO | Element 14088055 | NWB_DimDiameter | Kind=Shared Parameter | Scope=instance | Storage=String | Old='' | New='160'
SOURCE | Element 14088055 | Cat=Pipes | Family=Pipe Types | Type= | Level=LEVEL 06 | Name=MHT - PVC - PNEUMATIC TUBE SYSTEMS | System=Other | SizeText=160ø | Width= | Height= | Diameter=160
ELEMENT | 14088055 | Size='160ø' | Width='' | Height='' | Diameter='160' | Statuses=NWB_DimWidth:SKIP; NWB_DimHeight:SKIP; NWB_DimDiameter:OK
INFO | Candidate: NWB_DimDiameter | Scope=instance | Storage=String | ReadOnly=False | Shared=True | Id=7626172
INFO | Candidate: NWB_DimDiameter | Scope=instance | Storage=String | ReadOnly=False | Shared=True | Id=13710673
INFO | Found 2 parameters named NWB_DimDiameter
INFO | SELECTED | Shared Parameter | Scope=instance | ReadOnly=False | Id=13710673
INFO | IGNORED (SharedOnly) | Shared Parameter | Scope=instance | ReadOnly=False | Id=7626172
INFO | Element 14089366 | NWB_DimDiameter | Kind=Shared Parameter | Scope=instance | Storage=String | Old='' | New='160'
SOURCE | Element 14089366 | Cat=Pipes | Family=Pipe Types | Type= | Level=LEVEL 06 | Name=MHT - PVC - PNEUMATIC TUBE SYSTEMS | System=Other | SizeText=160ø | Width= | Height= | Diameter=160
ELEMENT | 14089366 | Size='160ø' | Width='' | Height='' | Diameter='160' | Statuses=NWB_DimWidth:SKIP; NWB_DimHeight:SKIP; NWB_DimDiameter:OK
INFO | Candidate: NWB_DimDiameter | Scope=instance | Storage=String | ReadOnly=False | Shared=True | Id=7626172
INFO | Candidate: NWB_DimDiameter | Scope=instance | Storage=String | ReadOnly=False | Shared=True | Id=13710673
INFO | Found 2 parameters named NWB_DimDiameter
INFO | SELECTED | Shared Parameter | Scope=instance | ReadOnly=False | Id=13710673
INFO | IGNORED (SharedOnly) | Shared Parameter | Scope=instance | ReadOnly=False | Id=7626172
INFO | Element 14089367 | NWB_DimDiameter | Kind=Shared Parameter | Scope=instance | Storage=String | Old='' | New='160'
SOURCE | Element 14089367 | Cat=Pipes | Family=Pipe Types | Type= | Level=LEVEL 06 | Name=MHT - PVC - PNEUMATIC TUBE SYSTEMS | System=Other | SizeText=160ø | Width= | Height= | Diameter=160
ELEMENT | 14089367 | Size='160ø' | Width='' | Height='' | Diameter='160' | Statuses=NWB_DimWidth:SKIP; NWB_DimHeight:SKIP; NWB_DimDiameter:OK
INFO | Candidate: NWB_DimDiameter | Scope=instance | Storage=String | ReadOnly=False | Shared=True | Id=7626172
INFO | Candidate: NWB_DimDiameter | Scope=instance | Storage=String | ReadOnly=False | Shared=True | Id=13710673
INFO | Found 2 parameters named NWB_DimDiameter
INFO | SELECTED | Shared Parameter | Scope=instance | ReadOnly=False | Id=13710673
INFO | IGNORED (SharedOnly) | Shared Parameter | Scope=instance | ReadOnly=False | Id=7626172
INFO | Element 14089962 | NWB_DimDiameter | Kind=Shared Parameter | Scope=instance | Storage=String | Old='' | New='160'
SOURCE | Element 14089962 | Cat=Pipes | Family=Pipe Types | Type= | Level=LEVEL 06 | Name=MHT - PVC - PNEUMATIC TUBE SYSTEMS | System=Other | SizeText=160ø | Width= | Height= | Diameter=160
ELEMENT | 14089962 | Size='160ø' | Width='' | Height='' | Diameter='160' | Statuses=NWB_DimWidth:SKIP; NWB_DimHeight:SKIP; NWB_DimDiameter:OK
INFO | Candidate: NWB_DimDiameter | Scope=instance | Storage=String | ReadOnly=False | Shared=True | Id=7626172
INFO | Candidate: NWB_DimDiameter | Scope=instance | Storage=String | ReadOnly=False | Shared=True | Id=13710673
INFO | Found 2 parameters named NWB_DimDiameter
INFO | SELECTED | Shared Parameter | Scope=instance | ReadOnly=False | Id=13710673
INFO | IGNORED (SharedOnly) | Shared Parameter | Scope=instance | ReadOnly=False | Id=7626172
INFO | Element 14090372 | NWB_DimDiameter | Kind=Shared Parameter | Scope=instance | Storage=String | Old='' | New='160'
SOURCE | Element 14090372 | Cat=Pipes | Family=Pipe Types | Type= | Level=LEVEL 06 | Name=MHT - PVC - PNEUMATIC TUBE SYSTEMS | System=Other | SizeText=160ø | Width= | Height= | Diameter=160
ELEMENT | 14090372 | Size='160ø' | Width='' | Height='' | Diameter='160' | Statuses=NWB_DimWidth:SKIP; NWB_DimHeight:SKIP; NWB_DimDiameter:OK
INFO | Candidate: NWB_DimDiameter | Scope=instance | Storage=String | ReadOnly=False | Shared=True | Id=7626172
INFO | Candidate: NWB_DimDiameter | Scope=instance | Storage=String | ReadOnly=False | Shared=True | Id=13710673
INFO | Found 2 parameters named NWB_DimDiameter
INFO | SELECTED | Shared Parameter | Scope=instance | ReadOnly=False | Id=13710673
INFO | IGNORED (SharedOnly) | Shared Parameter | Scope=instance | ReadOnly=False | Id=7626172
INFO | Element 14090380 | NWB_DimDiameter | Kind=Shared Parameter | Scope=instance | Storage=String | Old='' | New='160'
SOURCE | Element 14090380 | Cat=Pipes | Family=Pipe Types | Type= | Level=LEVEL 06 | Name=MHT - PVC - PNEUMATIC TUBE SYSTEMS | System=Other | SizeText=160ø | Width= | Height= | Diameter=160
ELEMENT | 14090380 | Size='160ø' | Width='' | Height='' | Diameter='160' | Statuses=NWB_DimWidth:SKIP; NWB_DimHeight:SKIP; NWB_DimDiameter:OK
INFO | Candidate: NWB_DimDiameter | Scope=instance | Storage=String | ReadOnly=False | Shared=True | Id=7626172
INFO | Candidate: NWB_DimDiameter | Scope=instance | Storage=String | ReadOnly=False | Shared=True | Id=13710673
INFO | Found 2 parameters named NWB_DimDiameter
INFO | SELECTED | Shared Parameter | Scope=instance | ReadOnly=False | Id=13710673
INFO | IGNORED (SharedOnly) | Shared Parameter | Scope=instance | ReadOnly=False | Id=7626172
INFO | Element 14090391 | NWB_DimDiameter | Kind=Shared Parameter | Scope=instance | Storage=String | Old='' | New='160'
SOURCE | Element 14090391 | Cat=Pipes | Family=Pipe Types | Type= | Level=LEVEL 06 | Name=MHT - PVC - PNEUMATIC TUBE SYSTEMS | System=Other | SizeText=160ø | Width= | Height= | Diameter=160
ELEMENT | 14090391 | Size='160ø' | Width='' | Height='' | Diameter='160' | Statuses=NWB_DimWidth:SKIP; NWB_DimHeight:SKIP; NWB_DimDiameter:OK
INFO | Candidate: NWB_DimDiameter | Scope=instance | Storage=String | ReadOnly=False | Shared=True | Id=7626172
INFO | Candidate: NWB_DimDiameter | Scope=instance | Storage=String | ReadOnly=False | Shared=True | Id=13710673
INFO | Found 2 parameters named NWB_DimDiameter
INFO | SELECTED | Shared Parameter | Scope=instance | ReadOnly=False | Id=13710673
INFO | IGNORED (SharedOnly) | Shared Parameter | Scope=instance | ReadOnly=False | Id=7626172
INFO | Element 14090661 | NWB_DimDiameter | Kind=Shared Parameter | Scope=instance | Storage=String | Old='' | New='160'
SOURCE | Element 14090661 | Cat=Pipes | Family=Pipe Types | Type= | Level=LEVEL 06 | Name=MHT - PVC - PNEUMATIC TUBE SYSTEMS | System=Other | SizeText=160ø | Width= | Height= | Diameter=160
ELEMENT | 14090661 | Size='160ø' | Width='' | Height='' | Diameter='160' | Statuses=NWB_DimWidth:SKIP; NWB_DimHeight:SKIP; NWB_DimDiameter:OK
INFO | Candidate: NWB_DimDiameter | Scope=instance | Storage=String | ReadOnly=False | Shared=True | Id=7626172
INFO | Candidate: NWB_DimDiameter | Scope=instance | Storage=String | ReadOnly=False | Shared=True | Id=13710673
INFO | Found 2 parameters named NWB_DimDiameter
INFO | SELECTED | Shared Parameter | Scope=instance | ReadOnly=False | Id=13710673
INFO | IGNORED (SharedOnly) | Shared Parameter | Scope=instance | ReadOnly=False | Id=7626172
INFO | Element 14090753 | NWB_DimDiameter | Kind=Shared Parameter | Scope=instance | Storage=String | Old='' | New='160'
SOURCE | Element 14090753 | Cat=Pipes | Family=Pipe Types | Type= | Level=LEVEL 06 | Name=MHT - PVC - PNEUMATIC TUBE SYSTEMS | System=Other | SizeText=160ø | Width= | Height= | Diameter=160
ELEMENT | 14090753 | Size='160ø' | Width='' | Height='' | Diameter='160' | Statuses=NWB_DimWidth:SKIP; NWB_DimHeight:SKIP; NWB_DimDiameter:OK
INFO | Candidate: NWB_DimDiameter | Scope=instance | Storage=String | ReadOnly=False | Shared=True | Id=7626172
INFO | Candidate: NWB_DimDiameter | Scope=instance | Storage=String | ReadOnly=False | Shared=True | Id=13710673
INFO | Found 2 parameters named NWB_DimDiameter
INFO | SELECTED | Shared Parameter | Scope=instance | ReadOnly=False | Id=13710673
INFO | IGNORED (SharedOnly) | Shared Parameter | Scope=instance | ReadOnly=False | Id=7626172
INFO | Element 14090946 | NWB_DimDiameter | Kind=Shared Parameter | Scope=instance | Storage=String | Old='' | New='160'
SOURCE | Element 14090946 | Cat=Pipes | Family=Pipe Types | Type= | Level=LEVEL 06 | Name=MHT - PVC - PNEUMATIC TUBE SYSTEMS | System=Other | SizeText=160ø | Width= | Height= | Diameter=160
ELEMENT | 14090946 | Size='160ø' | Width='' | Height='' | Diameter='160' | Statuses=NWB_DimWidth:SKIP; NWB_DimHeight:SKIP; NWB_DimDiameter:OK
INFO | Candidate: NWB_DimDiameter | Scope=instance | Storage=String | ReadOnly=False | Shared=True | Id=7626172
INFO | Candidate: NWB_DimDiameter | Scope=instance | Storage=String | ReadOnly=False | Shared=True | Id=13710673
INFO | Found 2 parameters named NWB_DimDiameter
INFO | SELECTED | Shared Parameter | Scope=instance | ReadOnly=False | Id=13710673
INFO | IGNORED (SharedOnly) | Shared Parameter | Scope=instance | ReadOnly=False | Id=7626172
INFO | Element 14090947 | NWB_DimDiameter | Kind=Shared Parameter | Scope=instance | Storage=String | Old='' | New='160'
SOURCE | Element 14090947 | Cat=Pipes | Family=Pipe Types | Type= | Level=LEVEL 06 | Name=MHT - PVC - PNEUMATIC TUBE SYSTEMS | System=Other | SizeText=160ø | Width= | Height= | Diameter=160
ELEMENT | 14090947 | Size='160ø' | Width='' | Height='' | Diameter='160' | Statuses=NWB_DimWidth:SKIP; NWB_DimHeight:SKIP; NWB_DimDiameter:OK
INFO | Candidate: NWB_DimDiameter | Scope=instance | Storage=String | ReadOnly=False | Shared=True | Id=7626172
INFO | Candidate: NWB_DimDiameter | Scope=instance | Storage=String | ReadOnly=False | Shared=True | Id=13710673
INFO | Found 2 parameters named NWB_DimDiameter
INFO | SELECTED | Shared Parameter | Scope=instance | ReadOnly=False | Id=13710673
INFO | IGNORED (SharedOnly) | Shared Parameter | Scope=instance | ReadOnly=False | Id=7626172
INFO | Element 15615524 | NWB_DimDiameter | Kind=Shared Parameter | Scope=instance | Storage=String | Old='' | New='160'
SOURCE | Element 15615524 | Cat=Pipes | Family=Pipe Types | Type= | Level=LEVEL 06 | Name=MHT - PVC - PNEUMATIC TUBE SYSTEMS | System=Other | SizeText=160ø | Width= | Height= | Diameter=160
ELEMENT | 15615524 | Size='160ø' | Width='' | Height='' | Diameter='160' | Statuses=NWB_DimWidth:SKIP; NWB_DimHeight:SKIP; NWB_DimDiameter:OK
INFO | Candidate: NWB_DimDiameter | Scope=instance | Storage=String | ReadOnly=False | Shared=True | Id=7626172
INFO | Candidate: NWB_DimDiameter | Scope=instance | Storage=String | ReadOnly=False | Shared=True | Id=13710673
INFO | Found 2 parameters named NWB_DimDiameter
INFO | SELECTED | Shared Parameter | Scope=instance | ReadOnly=False | Id=13710673
INFO | IGNORED (SharedOnly) | Shared Parameter | Scope=instance | ReadOnly=False | Id=7626172
INFO | Element 15615525 | NWB_DimDiameter | Kind=Shared Parameter | Scope=instance | Storage=String | Old='' | New='160'
SOURCE | Element 15615525 | Cat=Pipes | Family=Pipe Types | Type= | Level=LEVEL 06 | Name=MHT - PVC - PNEUMATIC TUBE SYSTEMS | System=Other | SizeText=160ø | Width= | Height= | Diameter=160
ELEMENT | 15615525 | Size='160ø' | Width='' | Height='' | Diameter='160' | Statuses=NWB_DimWidth:SKIP; NWB_DimHeight:SKIP; NWB_DimDiameter:OK
INFO | Candidate: NWB_DimDiameter | Scope=instance | Storage=String | ReadOnly=False | Shared=True | Id=7626172
INFO | Candidate: NWB_DimDiameter | Scope=instance | Storage=String | ReadOnly=False | Shared=True | Id=13710673
INFO | Found 2 parameters named NWB_DimDiameter
INFO | SELECTED | Shared Parameter | Scope=instance | ReadOnly=False | Id=13710673
INFO | IGNORED (SharedOnly) | Shared Parameter | Scope=instance | ReadOnly=False | Id=7626172
INFO | Element 15615541 | NWB_DimDiameter | Kind=Shared Parameter | Scope=instance | Storage=String | Old='' | New='160'
SOURCE | Element 15615541 | Cat=Pipes | Family=Pipe Types | Type= | Level=LEVEL 06 | Name=MHT - PVC - PNEUMATIC TUBE SYSTEMS | System=Other | SizeText=160ø | Width= | Height= | Diameter=160
ELEMENT | 15615541 | Size='160ø' | Width='' | Height='' | Diameter='160' | Statuses=NWB_DimWidth:SKIP; NWB_DimHeight:SKIP; NWB_DimDiameter:OK
INFO | Candidate: NWB_DimDiameter | Scope=instance | Storage=String | ReadOnly=False | Shared=True | Id=7626172
INFO | Candidate: NWB_DimDiameter | Scope=instance | Storage=String | ReadOnly=False | Shared=True | Id=13710673
INFO | Found 2 parameters named NWB_DimDiameter
INFO | SELECTED | Shared Parameter | Scope=instance | ReadOnly=False | Id=13710673
INFO | IGNORED (SharedOnly) | Shared Parameter | Scope=instance | ReadOnly=False | Id=7626172
INFO | Element 15615542 | NWB_DimDiameter | Kind=Shared Parameter | Scope=instance | Storage=String | Old='' | New='160'
SOURCE | Element 15615542 | Cat=Pipes | Family=Pipe Types | Type= | Level=LEVEL 06 | Name=MHT - PVC - PNEUMATIC TUBE SYSTEMS | System=Other | SizeText=160ø | Width= | Height= | Diameter=160
ELEMENT | 15615542 | Size='160ø' | Width='' | Height='' | Diameter='160' | Statuses=NWB_DimWidth:SKIP; NWB_DimHeight:SKIP; NWB_DimDiameter:OK
INFO | Candidate: NWB_DimDiameter | Scope=instance | Storage=String | ReadOnly=False | Shared=True | Id=7626172
INFO | Candidate: NWB_DimDiameter | Scope=instance | Storage=String | ReadOnly=False | Shared=True | Id=13710673
INFO | Found 2 parameters named NWB_DimDiameter
INFO | SELECTED | Shared Parameter | Scope=instance | ReadOnly=False | Id=13710673
INFO | IGNORED (SharedOnly) | Shared Parameter | Scope=instance | ReadOnly=False | Id=7626172
INFO | Element 15615717 | NWB_DimDiameter | Kind=Shared Parameter | Scope=instance | Storage=String | Old='' | New='160'
SOURCE | Element 15615717 | Cat=Pipes | Family=Pipe Types | Type= | Level=LEVEL 06 | Name=MHT - PVC - PNEUMATIC TUBE SYSTEMS | System=Other | SizeText=160ø | Width= | Height= | Diameter=160
ELEMENT | 15615717 | Size='160ø' | Width='' | Height='' | Diameter='160' | Statuses=NWB_DimWidth:SKIP; NWB_DimHeight:SKIP; NWB_DimDiameter:OK
INFO | Candidate: NWB_DimDiameter | Scope=instance | Storage=String | ReadOnly=False | Shared=True | Id=7626172
INFO | Candidate: NWB_DimDiameter | Scope=instance | Storage=String | ReadOnly=False | Shared=True | Id=13710673
INFO | Found 2 parameters named NWB_DimDiameter
INFO | SELECTED | Shared Parameter | Scope=instance | ReadOnly=False | Id=13710673
INFO | IGNORED (SharedOnly) | Shared Parameter | Scope=instance | ReadOnly=False | Id=7626172
INFO | Element 15615725 | NWB_DimDiameter | Kind=Shared Parameter | Scope=instance | Storage=String | Old='' | New='160'
SOURCE | Element 15615725 | Cat=Pipes | Family=Pipe Types | Type= | Level=LEVEL 06 | Name=MHT - PVC - PNEUMATIC TUBE SYSTEMS | System=Other | SizeText=160ø | Width= | Height= | Diameter=160
ELEMENT | 15615725 | Size='160ø' | Width='' | Height='' | Diameter='160' | Statuses=NWB_DimWidth:SKIP; NWB_DimHeight:SKIP; NWB_DimDiameter:OK
INFO | Candidate: NWB_DimDiameter | Scope=instance | Storage=String | ReadOnly=False | Shared=True | Id=7626172
INFO | Candidate: NWB_DimDiameter | Scope=instance | Storage=String | ReadOnly=False | Shared=True | Id=13710673
INFO | Found 2 parameters named NWB_DimDiameter
INFO | SELECTED | Shared Parameter | Scope=instance | ReadOnly=False | Id=13710673
INFO | IGNORED (SharedOnly) | Shared Parameter | Scope=instance | ReadOnly=False | Id=7626172
INFO | Element 15615789 | NWB_DimDiameter | Kind=Shared Parameter | Scope=instance | Storage=String | Old='' | New='160'
SOURCE | Element 15615789 | Cat=Pipes | Family=Pipe Types | Type= | Level=LEVEL 06 | Name=MHT - PVC - PNEUMATIC TUBE SYSTEMS | System=Other | SizeText=160ø | Width= | Height= | Diameter=160
ELEMENT | 15615789 | Size='160ø' | Width='' | Height='' | Diameter='160' | Statuses=NWB_DimWidth:SKIP; NWB_DimHeight:SKIP; NWB_DimDiameter:OK
INFO | Candidate: NWB_DimDiameter | Scope=instance | Storage=String | ReadOnly=False | Shared=True | Id=7626172
INFO | Candidate: NWB_DimDiameter | Scope=instance | Storage=String | ReadOnly=False | Shared=True | Id=13710673
INFO | Found 2 parameters named NWB_DimDiameter
INFO | SELECTED | Shared Parameter | Scope=instance | ReadOnly=False | Id=13710673
INFO | IGNORED (SharedOnly) | Shared Parameter | Scope=instance | ReadOnly=False | Id=7626172
INFO | Element 15975982 | NWB_DimDiameter | Kind=Shared Parameter | Scope=instance | Storage=String | Old='' | New='160'
SOURCE | Element 15975982 | Cat=Pipes | Family=Pipe Types | Type= | Level=LEVEL 06 | Name=MHT - PVC - PNEUMATIC TUBE SYSTEMS | System=Other | SizeText=160ø | Width= | Height= | Diameter=160
ELEMENT | 15975982 | Size='160ø' | Width='' | Height='' | Diameter='160' | Statuses=NWB_DimWidth:SKIP; NWB_DimHeight:SKIP; NWB_DimDiameter:OK
INFO | Candidate: NWB_DimDiameter | Scope=instance | Storage=String | ReadOnly=False | Shared=True | Id=7626172
INFO | Candidate: NWB_DimDiameter | Scope=instance | Storage=String | ReadOnly=False | Shared=True | Id=13710673
INFO | Found 2 parameters named NWB_DimDiameter
INFO | SELECTED | Shared Parameter | Scope=instance | ReadOnly=False | Id=13710673
INFO | IGNORED (SharedOnly) | Shared Parameter | Scope=instance | ReadOnly=False | Id=7626172
INFO | Element 15975988 | NWB_DimDiameter | Kind=Shared Parameter | Scope=instance | Storage=String | Old='' | New='160'
SOURCE | Element 15975988 | Cat=Pipes | Family=Pipe Types | Type= | Level=LEVEL 06 | Name=MHT - PVC - PNEUMATIC TUBE SYSTEMS | System=Other | SizeText=160ø | Width= | Height= | Diameter=160
ELEMENT | 15975988 | Size='160ø' | Width='' | Height='' | Diameter='160' | Statuses=NWB_DimWidth:SKIP; NWB_DimHeight:SKIP; NWB_DimDiameter:OK
INFO | Candidate: NWB_DimDiameter | Scope=instance | Storage=String | ReadOnly=False | Shared=True | Id=7626172
INFO | Candidate: NWB_DimDiameter | Scope=instance | Storage=String | ReadOnly=False | Shared=True | Id=13710673
INFO | Found 2 parameters named NWB_DimDiameter
INFO | SELECTED | Shared Parameter | Scope=instance | ReadOnly=False | Id=13710673
INFO | IGNORED (SharedOnly) | Shared Parameter | Scope=instance | ReadOnly=False | Id=7626172
INFO | Element 15975991 | NWB_DimDiameter | Kind=Shared Parameter | Scope=instance | Storage=String | Old='' | New='160'
SOURCE | Element 15975991 | Cat=Pipes | Family=Pipe Types | Type= | Level=LEVEL 06 | Name=MHT - PVC - PNEUMATIC TUBE SYSTEMS | System=Other | SizeText=160ø | Width= | Height= | Diameter=160
ELEMENT | 15975991 | Size='160ø' | Width='' | Height='' | Diameter='160' | Statuses=NWB_DimWidth:SKIP; NWB_DimHeight:SKIP; NWB_DimDiameter:OK
INFO | Candidate: NWB_DimDiameter | Scope=instance | Storage=String | ReadOnly=False | Shared=True | Id=7626172
INFO | Candidate: NWB_DimDiameter | Scope=instance | Storage=String | ReadOnly=False | Shared=True | Id=13710673
INFO | Found 2 parameters named NWB_DimDiameter
INFO | SELECTED | Shared Parameter | Scope=instance | ReadOnly=False | Id=13710673
INFO | IGNORED (SharedOnly) | Shared Parameter | Scope=instance | ReadOnly=False | Id=7626172
INFO | Element 15976149 | NWB_DimDiameter | Kind=Shared Parameter | Scope=instance | Storage=String | Old='' | New='160'
SOURCE | Element 15976149 | Cat=Pipes | Family=Pipe Types | Type= | Level=LEVEL 06 | Name=MHT - PVC - PNEUMATIC TUBE SYSTEMS | System=Other | SizeText=160ø | Width= | Height= | Diameter=160
ELEMENT | 15976149 | Size='160ø' | Width='' | Height='' | Diameter='160' | Statuses=NWB_DimWidth:SKIP; NWB_DimHeight:SKIP; NWB_DimDiameter:OK
INFO | Candidate: NWB_DimDiameter | Scope=instance | Storage=String | ReadOnly=False | Shared=True | Id=7626172
INFO | Candidate: NWB_DimDiameter | Scope=instance | Storage=String | ReadOnly=False | Shared=True | Id=13710673
INFO | Found 2 parameters named NWB_DimDiameter
INFO | SELECTED | Shared Parameter | Scope=instance | ReadOnly=False | Id=13710673
INFO | IGNORED (SharedOnly) | Shared Parameter | Scope=instance | ReadOnly=False | Id=7626172
INFO | Element 15976257 | NWB_DimDiameter | Kind=Shared Parameter | Scope=instance | Storage=String | Old='' | New='160'
SOURCE | Element 15976257 | Cat=Pipes | Family=Pipe Types | Type= | Level=LEVEL 06 | Name=MHT - PVC - PNEUMATIC TUBE SYSTEMS | System=Other | SizeText=160ø | Width= | Height= | Diameter=160
ELEMENT | 15976257 | Size='160ø' | Width='' | Height='' | Diameter='160' | Statuses=NWB_DimWidth:SKIP; NWB_DimHeight:SKIP; NWB_DimDiameter:OK
INFO | Candidate: NWB_DimDiameter | Scope=instance | Storage=String | ReadOnly=False | Shared=True | Id=7626172
INFO | Candidate: NWB_DimDiameter | Scope=instance | Storage=String | ReadOnly=False | Shared=True | Id=13710673
INFO | Found 2 parameters named NWB_DimDiameter
INFO | SELECTED | Shared Parameter | Scope=instance | ReadOnly=False | Id=13710673
INFO | IGNORED (SharedOnly) | Shared Parameter | Scope=instance | ReadOnly=False | Id=7626172
INFO | Element 15976363 | NWB_DimDiameter | Kind=Shared Parameter | Scope=instance | Storage=String | Old='' | New='160'
SOURCE | Element 15976363 | Cat=Pipes | Family=Pipe Types | Type= | Level=LEVEL 06 | Name=MHT - PVC - PNEUMATIC TUBE SYSTEMS | System=Other | SizeText=160ø | Width= | Height= | Diameter=160
ELEMENT | 15976363 | Size='160ø' | Width='' | Height='' | Diameter='160' | Statuses=NWB_DimWidth:SKIP; NWB_DimHeight:SKIP; NWB_DimDiameter:OK
INFO | Candidate: NWB_DimDiameter | Scope=instance | Storage=String | ReadOnly=False | Shared=True | Id=7626172
INFO | Candidate: NWB_DimDiameter | Scope=instance | Storage=String | ReadOnly=False | Shared=True | Id=13710673
INFO | Found 2 parameters named NWB_DimDiameter
INFO | SELECTED | Shared Parameter | Scope=instance | ReadOnly=False | Id=13710673
INFO | IGNORED (SharedOnly) | Shared Parameter | Scope=instance | ReadOnly=False | Id=7626172
INFO | Element 15976364 | NWB_DimDiameter | Kind=Shared Parameter | Scope=instance | Storage=String | Old='' | New='160'
SOURCE | Element 15976364 | Cat=Pipes | Family=Pipe Types | Type= | Level=LEVEL 06 | Name=MHT - PVC - PNEUMATIC TUBE SYSTEMS | System=Other | SizeText=160ø | Width= | Height= | Diameter=160
ELEMENT | 15976364 | Size='160ø' | Width='' | Height='' | Diameter='160' | Statuses=NWB_DimWidth:SKIP; NWB_DimHeight:SKIP; NWB_DimDiameter:OK
INFO | Candidate: NWB_DimDiameter | Scope=instance | Storage=String | ReadOnly=False | Shared=True | Id=7626172
INFO | Candidate: NWB_DimDiameter | Scope=instance | Storage=String | ReadOnly=False | Shared=True | Id=13710673
INFO | Found 2 parameters named NWB_DimDiameter
INFO | SELECTED | Shared Parameter | Scope=instance | ReadOnly=False | Id=13710673
INFO | IGNORED (SharedOnly) | Shared Parameter | Scope=instance | ReadOnly=False | Id=7626172
INFO | Element 16722125 | NWB_DimDiameter | Kind=Shared Parameter | Scope=instance | Storage=String | Old='' | New='160'
SOURCE | Element 16722125 | Cat=Pipes | Family=Pipe Types | Type= | Level=LEVEL 06 | Name=MHT - PVC - PNEUMATIC TUBE SYSTEMS | System=Other | SizeText=160ø | Width= | Height= | Diameter=160
ELEMENT | 16722125 | Size='160ø' | Width='' | Height='' | Diameter='160' | Statuses=NWB_DimWidth:SKIP; NWB_DimHeight:SKIP; NWB_DimDiameter:OK
INFO | Candidate: NWB_DimDiameter | Scope=instance | Storage=String | ReadOnly=False | Shared=True | Id=7626172
INFO | Candidate: NWB_DimDiameter | Scope=instance | Storage=String | ReadOnly=False | Shared=True | Id=13710673
INFO | Found 2 parameters named NWB_DimDiameter
INFO | SELECTED | Shared Parameter | Scope=instance | ReadOnly=False | Id=13710673
INFO | IGNORED (SharedOnly) | Shared Parameter | Scope=instance | ReadOnly=False | Id=7626172
INFO | Element 16939008 | NWB_DimDiameter | Kind=Shared Parameter | Scope=instance | Storage=String | Old='' | New='160'
SOURCE | Element 16939008 | Cat=Pipes | Family=Pipe Types | Type= | Level=GROUND | Name=MHT - PVC - PNEUMATIC TUBE SYSTEMS | System=Other | SizeText=160ø | Width= | Height= | Diameter=160
ELEMENT | 16939008 | Size='160ø' | Width='' | Height='' | Diameter='160' | Statuses=NWB_DimWidth:SKIP; NWB_DimHeight:SKIP; NWB_DimDiameter:OK
INFO | Candidate: NWB_DimDiameter | Scope=instance | Storage=String | ReadOnly=False | Shared=True | Id=7626172
INFO | Candidate: NWB_DimDiameter | Scope=instance | Storage=String | ReadOnly=False | Shared=True | Id=13710673
INFO | Found 2 parameters named NWB_DimDiameter
INFO | SELECTED | Shared Parameter | Scope=instance | ReadOnly=False | Id=13710673
INFO | IGNORED (SharedOnly) | Shared Parameter | Scope=instance | ReadOnly=False | Id=7626172
INFO | Element 16939010 | NWB_DimDiameter | Kind=Shared Parameter | Scope=instance | Storage=String | Old='' | New='160'
SOURCE | Element 16939010 | Cat=Pipes | Family=Pipe Types | Type= | Level=GROUND | Name=MHT - PVC - PNEUMATIC TUBE SYSTEMS | System=Other | SizeText=160ø | Width= | Height= | Diameter=160
ELEMENT | 16939010 | Size='160ø' | Width='' | Height='' | Diameter='160' | Statuses=NWB_DimWidth:SKIP; NWB_DimHeight:SKIP; NWB_DimDiameter:OK
INFO | Candidate: NWB_DimDiameter | Scope=instance | Storage=String | ReadOnly=False | Shared=True | Id=7626172
INFO | Candidate: NWB_DimDiameter | Scope=instance | Storage=String | ReadOnly=False | Shared=True | Id=13710673
INFO | Found 2 parameters named NWB_DimDiameter
INFO | SELECTED | Shared Parameter | Scope=instance | ReadOnly=False | Id=13710673
INFO | IGNORED (SharedOnly) | Shared Parameter | Scope=instance | ReadOnly=False | Id=7626172
INFO | Element 16939020 | NWB_DimDiameter | Kind=Shared Parameter | Scope=instance | Storage=String | Old='' | New='160'
SOURCE | Element 16939020 | Cat=Pipes | Family=Pipe Types | Type= | Level=GROUND | Name=MHT - PVC - PNEUMATIC TUBE SYSTEMS | System=Other | SizeText=160ø | Width= | Height= | Diameter=160
ELEMENT | 16939020 | Size='160ø' | Width='' | Height='' | Diameter='160' | Statuses=NWB_DimWidth:SKIP; NWB_DimHeight:SKIP; NWB_DimDiameter:OK
INFO | Candidate: NWB_DimDiameter | Scope=instance | Storage=String | ReadOnly=False | Shared=True | Id=7626172
INFO | Candidate: NWB_DimDiameter | Scope=instance | Storage=String | ReadOnly=False | Shared=True | Id=13710673
INFO | Found 2 parameters named NWB_DimDiameter
INFO | SELECTED | Shared Parameter | Scope=instance | ReadOnly=False | Id=13710673
INFO | IGNORED (SharedOnly) | Shared Parameter | Scope=instance | ReadOnly=False | Id=7626172
INFO | Element 16939033 | NWB_DimDiameter | Kind=Shared Parameter | Scope=instance | Storage=String | Old='' | New='160'
SOURCE | Element 16939033 | Cat=Pipes | Family=Pipe Types | Type= | Level=LEVEL 01 | Name=MHT - PVC - PNEUMATIC TUBE SYSTEMS | System=Other | SizeText=160ø | Width= | Height= | Diameter=160
ELEMENT | 16939033 | Size='160ø' | Width='' | Height='' | Diameter='160' | Statuses=NWB_DimWidth:SKIP; NWB_DimHeight:SKIP; NWB_DimDiameter:OK
INFO | Candidate: NWB_DimDiameter | Scope=instance | Storage=String | ReadOnly=False | Shared=True | Id=7626172
INFO | Candidate: NWB_DimDiameter | Scope=instance | Storage=String | ReadOnly=False | Shared=True | Id=13710673
INFO | Found 2 parameters named NWB_DimDiameter
INFO | SELECTED | Shared Parameter | Scope=instance | ReadOnly=False | Id=13710673
INFO | IGNORED (SharedOnly) | Shared Parameter | Scope=instance | ReadOnly=False | Id=7626172
INFO | Element 16939064 | NWB_DimDiameter | Kind=Shared Parameter | Scope=instance | Storage=String | Old='' | New='160'
SOURCE | Element 16939064 | Cat=Pipes | Family=Pipe Types | Type= | Level=LEVEL 02 | Name=MHT - PVC - PNEUMATIC TUBE SYSTEMS | System=Other | SizeText=160ø | Width= | Height= | Diameter=160
ELEMENT | 16939064 | Size='160ø' | Width='' | Height='' | Diameter='160' | Statuses=NWB_DimWidth:SKIP; NWB_DimHeight:SKIP; NWB_DimDiameter:OK
INFO | Candidate: NWB_DimDiameter | Scope=instance | Storage=String | ReadOnly=False | Shared=True | Id=7626172
INFO | Candidate: NWB_DimDiameter | Scope=instance | Storage=String | ReadOnly=False | Shared=True | Id=13710673
INFO | Found 2 parameters named NWB_DimDiameter
INFO | SELECTED | Shared Parameter | Scope=instance | ReadOnly=False | Id=13710673
INFO | IGNORED (SharedOnly) | Shared Parameter | Scope=instance | ReadOnly=False | Id=7626172
INFO | Element 16939069 | NWB_DimDiameter | Kind=Shared Parameter | Scope=instance | Storage=String | Old='' | New='160'
SOURCE | Element 16939069 | Cat=Pipes | Family=Pipe Types | Type= | Level=LEVEL 02 | Name=MHT - PVC - PNEUMATIC TUBE SYSTEMS | System=Other | SizeText=160ø | Width= | Height= | Diameter=160
ELEMENT | 16939069 | Size='160ø' | Width='' | Height='' | Diameter='160' | Statuses=NWB_DimWidth:SKIP; NWB_DimHeight:SKIP; NWB_DimDiameter:OK
INFO | Candidate: NWB_DimDiameter | Scope=instance | Storage=String | ReadOnly=False | Shared=True | Id=7626172
INFO | Candidate: NWB_DimDiameter | Scope=instance | Storage=String | ReadOnly=False | Shared=True | Id=13710673
INFO | Found 2 parameters named NWB_DimDiameter
INFO | SELECTED | Shared Parameter | Scope=instance | ReadOnly=False | Id=13710673
INFO | IGNORED (SharedOnly) | Shared Parameter | Scope=instance | ReadOnly=False | Id=7626172
INFO | Element 12557435 | NWB_DimDiameter | Kind=Shared Parameter | Scope=instance | Storage=String | Old='' | New='160'
SOURCE | Element 12557435 | Cat=Pipe Fittings | Family=MHT-ME-FAM-PF-PF-PVC-PTS-Bend | Type= | Level=GROUND | Name=Standard | System=Other | SizeText=160ø-160ø | Width= | Height= | Diameter=160
ELEMENT | 12557435 | Size='160ø-160ø' | Width='' | Height='' | Diameter='160' | Statuses=NWB_DimWidth:SKIP; NWB_DimHeight:SKIP; NWB_DimDiameter:OK
INFO | Candidate: NWB_DimDiameter | Scope=instance | Storage=String | ReadOnly=False | Shared=True | Id=7626172
INFO | Candidate: NWB_DimDiameter | Scope=instance | Storage=String | ReadOnly=False | Shared=True | Id=13710673
INFO | Found 2 parameters named NWB_DimDiameter
INFO | SELECTED | Shared Parameter | Scope=instance | ReadOnly=False | Id=13710673
INFO | IGNORED (SharedOnly) | Shared Parameter | Scope=instance | ReadOnly=False | Id=7626172
INFO | Element 12557449 | NWB_DimDiameter | Kind=Shared Parameter | Scope=instance | Storage=String | Old='' | New='160'
SOURCE | Element 12557449 | Cat=Pipe Fittings | Family=MHT-ME-FAM-PF-PF-PVC-PTS-Bend | Type= | Level=LEVEL 01 | Name=Standard | System=Other | SizeText=160ø-160ø | Width= | Height= | Diameter=160
ELEMENT | 12557449 | Size='160ø-160ø' | Width='' | Height='' | Diameter='160' | Statuses=NWB_DimWidth:SKIP; NWB_DimHeight:SKIP; NWB_DimDiameter:OK
INFO | Candidate: NWB_DimDiameter | Scope=instance | Storage=String | ReadOnly=False | Shared=True | Id=7626172
INFO | Candidate: NWB_DimDiameter | Scope=instance | Storage=String | ReadOnly=False | Shared=True | Id=13710673
INFO | Found 2 parameters named NWB_DimDiameter
INFO | SELECTED | Shared Parameter | Scope=instance | ReadOnly=False | Id=13710673
INFO | IGNORED (SharedOnly) | Shared Parameter | Scope=instance | ReadOnly=False | Id=7626172
INFO | Element 12557453 | NWB_DimDiameter | Kind=Shared Parameter | Scope=instance | Storage=String | Old='' | New='160'
SOURCE | Element 12557453 | Cat=Pipe Fittings | Family=MHT-ME-FAM-PF-PF-PVC-PTS-Bend | Type= | Level=LEVEL 01 | Name=Standard | System=Other | SizeText=160ø-160ø | Width= | Height= | Diameter=160
ELEMENT | 12557453 | Size='160ø-160ø' | Width='' | Height='' | Diameter='160' | Statuses=NWB_DimWidth:SKIP; NWB_DimHeight:SKIP; NWB_DimDiameter:OK
INFO | Candidate: NWB_DimDiameter | Scope=instance | Storage=String | ReadOnly=False | Shared=True | Id=7626172
INFO | Candidate: NWB_DimDiameter | Scope=instance | Storage=String | ReadOnly=False | Shared=True | Id=13710673
INFO | Found 2 parameters named NWB_DimDiameter
INFO | SELECTED | Shared Parameter | Scope=instance | ReadOnly=False | Id=13710673
INFO | IGNORED (SharedOnly) | Shared Parameter | Scope=instance | ReadOnly=False | Id=7626172
INFO | Element 12557457 | NWB_DimDiameter | Kind=Shared Parameter | Scope=instance | Storage=String | Old='' | New='160'
SOURCE | Element 12557457 | Cat=Pipe Fittings | Family=MHT-ME-FAM-PF-PF-PVC-PTS-Bend | Type= | Level=LEVEL 01 | Name=Standard | System=Other | SizeText=160ø-160ø | Width= | Height= | Diameter=160
ELEMENT | 12557457 | Size='160ø-160ø' | Width='' | Height='' | Diameter='160' | Statuses=NWB_DimWidth:SKIP; NWB_DimHeight:SKIP; NWB_DimDiameter:OK
INFO | Candidate: NWB_DimDiameter | Scope=instance | Storage=String | ReadOnly=False | Shared=True | Id=7626172
INFO | Candidate: NWB_DimDiameter | Scope=instance | Storage=String | ReadOnly=False | Shared=True | Id=13710673
INFO | Found 2 parameters named NWB_DimDiameter
INFO | SELECTED | Shared Parameter | Scope=instance | ReadOnly=False | Id=13710673
INFO | IGNORED (SharedOnly) | Shared Parameter | Scope=instance | ReadOnly=False | Id=7626172
INFO | Element 12557463 | NWB_DimDiameter | Kind=Shared Parameter | Scope=instance | Storage=String | Old='' | New='160'
SOURCE | Element 12557463 | Cat=Pipe Fittings | Family=MHT-ME-FAM-PF-PF-PVC-PTS-Bend | Type= | Level=LEVEL 01 | Name=Standard | System=Other | SizeText=160ø-160ø | Width= | Height= | Diameter=160
ELEMENT | 12557463 | Size='160ø-160ø' | Width='' | Height='' | Diameter='160' | Statuses=NWB_DimWidth:SKIP; NWB_DimHeight:SKIP; NWB_DimDiameter:OK
INFO | Candidate: NWB_DimDiameter | Scope=instance | Storage=String | ReadOnly=False | Shared=True | Id=7626172
INFO | Candidate: NWB_DimDiameter | Scope=instance | Storage=String | ReadOnly=False | Shared=True | Id=13710673
INFO | Found 2 parameters named NWB_DimDiameter
INFO | SELECTED | Shared Parameter | Scope=instance | ReadOnly=False | Id=13710673
INFO | IGNORED (SharedOnly) | Shared Parameter | Scope=instance | ReadOnly=False | Id=7626172
INFO | Element 12562302 | NWB_DimDiameter | Kind=Shared Parameter | Scope=instance | Storage=String | Old='' | New='160'
SOURCE | Element 12562302 | Cat=Pipe Fittings | Family=MHT-ME-FAM-PF-PF-PVC-PTS-Bend | Type= | Level=LEVEL 01 | Name=Standard | System=Other | SizeText=160ø-160ø | Width= | Height= | Diameter=160
ELEMENT | 12562302 | Size='160ø-160ø' | Width='' | Height='' | Diameter='160' | Statuses=NWB_DimWidth:SKIP; NWB_DimHeight:SKIP; NWB_DimDiameter:OK
INFO | Candidate: NWB_DimDiameter | Scope=instance | Storage=String | ReadOnly=False | Shared=True | Id=7626172
INFO | Candidate: NWB_DimDiameter | Scope=instance | Storage=String | ReadOnly=False | Shared=True | Id=13710673
INFO | Found 2 parameters named NWB_DimDiameter
INFO | SELECTED | Shared Parameter | Scope=instance | ReadOnly=False | Id=13710673
INFO | IGNORED (SharedOnly) | Shared Parameter | Scope=instance | ReadOnly=False | Id=7626172
INFO | Element 12562320 | NWB_DimDiameter | Kind=Shared Parameter | Scope=instance | Storage=String | Old='' | New='160'
SOURCE | Element 12562320 | Cat=Pipe Fittings | Family=MHT-ME-FAM-PF-PF-PVC-PTS-Bend | Type= | Level=LEVEL 01 | Name=Standard | System=Other | SizeText=160ø-160ø | Width= | Height= | Diameter=160
ELEMENT | 12562320 | Size='160ø-160ø' | Width='' | Height='' | Diameter='160' | Statuses=NWB_DimWidth:SKIP; NWB_DimHeight:SKIP; NWB_DimDiameter:OK
INFO | Candidate: NWB_DimDiameter | Scope=instance | Storage=String | ReadOnly=False | Shared=True | Id=7626172
INFO | Candidate: NWB_DimDiameter | Scope=instance | Storage=String | ReadOnly=False | Shared=True | Id=13710673
INFO | Found 2 parameters named NWB_DimDiameter
INFO | SELECTED | Shared Parameter | Scope=instance | ReadOnly=False | Id=13710673
INFO | IGNORED (SharedOnly) | Shared Parameter | Scope=instance | ReadOnly=False | Id=7626172
INFO | Element 12562324 | NWB_DimDiameter | Kind=Shared Parameter | Scope=instance | Storage=String | Old='' | New='160'
SOURCE | Element 12562324 | Cat=Pipe Fittings | Family=MHT-ME-FAM-PF-PF-PVC-PTS-Bend | Type= | Level=LEVEL 01 | Name=Standard | System=Other | SizeText=160ø-160ø | Width= | Height= | Diameter=160
ELEMENT | 12562324 | Size='160ø-160ø' | Width='' | Height='' | Diameter='160' | Statuses=NWB_DimWidth:SKIP; NWB_DimHeight:SKIP; NWB_DimDiameter:OK
INFO | Candidate: NWB_DimDiameter | Scope=instance | Storage=String | ReadOnly=False | Shared=True | Id=7626172
INFO | Candidate: NWB_DimDiameter | Scope=instance | Storage=String | ReadOnly=False | Shared=True | Id=13710673
INFO | Found 2 parameters named NWB_DimDiameter
INFO | SELECTED | Shared Parameter | Scope=instance | ReadOnly=False | Id=13710673
INFO | IGNORED (SharedOnly) | Shared Parameter | Scope=instance | ReadOnly=False | Id=7626172
INFO | Element 12562328 | NWB_DimDiameter | Kind=Shared Parameter | Scope=instance | Storage=String | Old='' | New='160'
SOURCE | Element 12562328 | Cat=Pipe Fittings | Family=MHT-ME-FAM-PF-PF-PVC-PTS-Bend | Type= | Level=LEVEL 01 | Name=Standard | System=Other | SizeText=160ø-160ø | Width= | Height= | Diameter=160
ELEMENT | 12562328 | Size='160ø-160ø' | Width='' | Height='' | Diameter='160' | Statuses=NWB_DimWidth:SKIP; NWB_DimHeight:SKIP; NWB_DimDiameter:OK
INFO | Candidate: NWB_DimDiameter | Scope=instance | Storage=String | ReadOnly=False | Shared=True | Id=7626172
INFO | Candidate: NWB_DimDiameter | Scope=instance | Storage=String | ReadOnly=False | Shared=True | Id=13710673
INFO | Found 2 parameters named NWB_DimDiameter
INFO | SELECTED | Shared Parameter | Scope=instance | ReadOnly=False | Id=13710673
INFO | IGNORED (SharedOnly) | Shared Parameter | Scope=instance | ReadOnly=False | Id=7626172
INFO | Element 12562332 | NWB_DimDiameter | Kind=Shared Parameter | Scope=instance | Storage=String | Old='' | New='160'
SOURCE | Element 12562332 | Cat=Pipe Fittings | Family=MHT-ME-FAM-PF-PF-PVC-PTS-Bend | Type= | Level=LEVEL 01 | Name=Standard | System=Other | SizeText=160ø-160ø | Width= | Height= | Diameter=160
ELEMENT | 12562332 | Size='160ø-160ø' | Width='' | Height='' | Diameter='160' | Statuses=NWB_DimWidth:SKIP; NWB_DimHeight:SKIP; NWB_DimDiameter:OK
INFO | Candidate: NWB_DimDiameter | Scope=instance | Storage=String | ReadOnly=False | Shared=True | Id=7626172
INFO | Candidate: NWB_DimDiameter | Scope=instance | Storage=String | ReadOnly=False | Shared=True | Id=13710673
INFO | Found 2 parameters named NWB_DimDiameter
INFO | SELECTED | Shared Parameter | Scope=instance | ReadOnly=False | Id=13710673
INFO | IGNORED (SharedOnly) | Shared Parameter | Scope=instance | ReadOnly=False | Id=7626172
INFO | Element 12562340 | NWB_DimDiameter | Kind=Shared Parameter | Scope=instance | Storage=String | Old='' | New='160'
SOURCE | Element 12562340 | Cat=Pipe Fittings | Family=MHT-ME-FAM-PF-PF-PVC-PTS-Bend | Type= | Level=LEVEL 01 | Name=Standard | System=Other | SizeText=160ø-160ø | Width= | Height= | Diameter=160
ELEMENT | 12562340 | Size='160ø-160ø' | Width='' | Height='' | Diameter='160' | Statuses=NWB_DimWidth:SKIP; NWB_DimHeight:SKIP; NWB_DimDiameter:OK
INFO | Candidate: NWB_DimDiameter | Scope=instance | Storage=String | ReadOnly=False | Shared=True | Id=7626172
INFO | Candidate: NWB_DimDiameter | Scope=instance | Storage=String | ReadOnly=False | Shared=True | Id=13710673
INFO | Found 2 parameters named NWB_DimDiameter
INFO | SELECTED | Shared Parameter | Scope=instance | ReadOnly=False | Id=13710673
INFO | IGNORED (SharedOnly) | Shared Parameter | Scope=instance | ReadOnly=False | Id=7626172
INFO | Element 12562344 | NWB_DimDiameter | Kind=Shared Parameter | Scope=instance | Storage=String | Old='' | New='160'
SOURCE | Element 12562344 | Cat=Pipe Fittings | Family=MHT-ME-FAM-PF-PF-PVC-PTS-Bend | Type= | Level=LEVEL 01 | Name=Standard | System=Other | SizeText=160ø-160ø | Width= | Height= | Diameter=160
ELEMENT | 12562344 | Size='160ø-160ø' | Width='' | Height='' | Diameter='160' | Statuses=NWB_DimWidth:SKIP; NWB_DimHeight:SKIP; NWB_DimDiameter:OK
INFO | Candidate: NWB_DimDiameter | Scope=instance | Storage=String | ReadOnly=False | Shared=True | Id=7626172
INFO | Candidate: NWB_DimDiameter | Scope=instance | Storage=String | ReadOnly=False | Shared=True | Id=13710673
INFO | Found 2 parameters named NWB_DimDiameter
INFO | SELECTED | Shared Parameter | Scope=instance | ReadOnly=False | Id=13710673
INFO | IGNORED (SharedOnly) | Shared Parameter | Scope=instance | ReadOnly=False | Id=7626172
INFO | Element 12562348 | NWB_DimDiameter | Kind=Shared Parameter | Scope=instance | Storage=String | Old='' | New='160'
SOURCE | Element 12562348 | Cat=Pipe Fittings | Family=MHT-ME-FAM-PF-PF-PVC-PTS-Bend | Type= | Level=LEVEL 01 | Name=Standard | System=Other | SizeText=160ø-160ø | Width= | Height= | Diameter=160
ELEMENT | 12562348 | Size='160ø-160ø' | Width='' | Height='' | Diameter='160' | Statuses=NWB_DimWidth:SKIP; NWB_DimHeight:SKIP; NWB_DimDiameter:OK
INFO | Candidate: NWB_DimDiameter | Scope=instance | Storage=String | ReadOnly=False | Shared=True | Id=7626172
INFO | Candidate: NWB_DimDiameter | Scope=instance | Storage=String | ReadOnly=False | Shared=True | Id=13710673
INFO | Found 2 parameters named NWB_DimDiameter
INFO | SELECTED | Shared Parameter | Scope=instance | ReadOnly=False | Id=13710673
INFO | IGNORED (SharedOnly) | Shared Parameter | Scope=instance | ReadOnly=False | Id=7626172
INFO | Element 12562352 | NWB_DimDiameter | Kind=Shared Parameter | Scope=instance | Storage=String | Old='' | New='160'
SOURCE | Element 12562352 | Cat=Pipe Fittings | Family=MHT-ME-FAM-PF-PF-PVC-PTS-Bend | Type= | Level=LEVEL 01 | Name=Standard | System=Other | SizeText=160ø-160ø | Width= | Height= | Diameter=160
ELEMENT | 12562352 | Size='160ø-160ø' | Width='' | Height='' | Diameter='160' | Statuses=NWB_DimWidth:SKIP; NWB_DimHeight:SKIP; NWB_DimDiameter:OK
INFO | Candidate: NWB_DimDiameter | Scope=instance | Storage=String | ReadOnly=False | Shared=True | Id=7626172
INFO | Candidate: NWB_DimDiameter | Scope=instance | Storage=String | ReadOnly=False | Shared=True | Id=13710673
INFO | Found 2 parameters named NWB_DimDiameter
INFO | SELECTED | Shared Parameter | Scope=instance | ReadOnly=False | Id=13710673
INFO | IGNORED (SharedOnly) | Shared Parameter | Scope=instance | ReadOnly=False | Id=7626172
INFO | Element 12562356 | NWB_DimDiameter | Kind=Shared Parameter | Scope=instance | Storage=String | Old='' | New='160'
SOURCE | Element 12562356 | Cat=Pipe Fittings | Family=MHT-ME-FAM-PF-PF-PVC-PTS-Bend | Type= | Level=LEVEL 01 | Name=Standard | System=Other | SizeText=160ø-160ø | Width= | Height= | Diameter=160
ELEMENT | 12562356 | Size='160ø-160ø' | Width='' | Height='' | Diameter='160' | Statuses=NWB_DimWidth:SKIP; NWB_DimHeight:SKIP; NWB_DimDiameter:OK
INFO | Candidate: NWB_DimDiameter | Scope=instance | Storage=String | ReadOnly=False | Shared=True | Id=7626172
INFO | Candidate: NWB_DimDiameter | Scope=instance | Storage=String | ReadOnly=False | Shared=True | Id=13710673
INFO | Found 2 parameters named NWB_DimDiameter
INFO | SELECTED | Shared Parameter | Scope=instance | ReadOnly=False | Id=13710673
INFO | IGNORED (SharedOnly) | Shared Parameter | Scope=instance | ReadOnly=False | Id=7626172
INFO | Element 12562373 | NWB_DimDiameter | Kind=Shared Parameter | Scope=instance | Storage=String | Old='' | New='160'
SOURCE | Element 12562373 | Cat=Pipe Fittings | Family=MHT-ME-FAM-PF-PF-PVC-PTS-Bend | Type= | Level=LEVEL 01 | Name=Standard | System=Other | SizeText=160ø-160ø | Width= | Height= | Diameter=160
ELEMENT | 12562373 | Size='160ø-160ø' | Width='' | Height='' | Diameter='160' | Statuses=NWB_DimWidth:SKIP; NWB_DimHeight:SKIP; NWB_DimDiameter:OK
INFO | Candidate: NWB_DimDiameter | Scope=instance | Storage=String | ReadOnly=False | Shared=True | Id=7626172
INFO | Candidate: NWB_DimDiameter | Scope=instance | Storage=String | ReadOnly=False | Shared=True | Id=13710673
INFO | Found 2 parameters named NWB_DimDiameter
INFO | SELECTED | Shared Parameter | Scope=instance | ReadOnly=False | Id=13710673
INFO | IGNORED (SharedOnly) | Shared Parameter | Scope=instance | ReadOnly=False | Id=7626172
INFO | Element 12562406 | NWB_DimDiameter | Kind=Shared Parameter | Scope=instance | Storage=String | Old='' | New='160'
SOURCE | Element 12562406 | Cat=Pipe Fittings | Family=MHT-ME-FAM-PF-PF-PVC-PTS-Bend | Type= | Level=LEVEL 01 | Name=Standard | System=Other | SizeText=160ø-160ø | Width= | Height= | Diameter=160
ELEMENT | 12562406 | Size='160ø-160ø' | Width='' | Height='' | Diameter='160' | Statuses=NWB_DimWidth:SKIP; NWB_DimHeight:SKIP; NWB_DimDiameter:OK
INFO | Candidate: NWB_DimDiameter | Scope=instance | Storage=String | ReadOnly=False | Shared=True | Id=7626172
INFO | Candidate: NWB_DimDiameter | Scope=instance | Storage=String | ReadOnly=False | Shared=True | Id=13710673
INFO | Found 2 parameters named NWB_DimDiameter
INFO | SELECTED | Shared Parameter | Scope=instance | ReadOnly=False | Id=13710673
INFO | IGNORED (SharedOnly) | Shared Parameter | Scope=instance | ReadOnly=False | Id=7626172
INFO | Element 12562416 | NWB_DimDiameter | Kind=Shared Parameter | Scope=instance | Storage=String | Old='' | New='160'
SOURCE | Element 12562416 | Cat=Pipe Fittings | Family=MHT-ME-FAM-PF-PF-PVC-PTS-Bend | Type= | Level=LEVEL 01 | Name=Standard | System=Other | SizeText=160ø-160ø | Width= | Height= | Diameter=160
ELEMENT | 12562416 | Size='160ø-160ø' | Width='' | Height='' | Diameter='160' | Statuses=NWB_DimWidth:SKIP; NWB_DimHeight:SKIP; NWB_DimDiameter:OK
INFO | Candidate: NWB_DimDiameter | Scope=instance | Storage=String | ReadOnly=False | Shared=True | Id=7626172
INFO | Candidate: NWB_DimDiameter | Scope=instance | Storage=String | ReadOnly=False | Shared=True | Id=13710673
INFO | Found 2 parameters named NWB_DimDiameter
INFO | SELECTED | Shared Parameter | Scope=instance | ReadOnly=False | Id=13710673
INFO | IGNORED (SharedOnly) | Shared Parameter | Scope=instance | ReadOnly=False | Id=7626172
INFO | Element 12562419 | NWB_DimDiameter | Kind=Shared Parameter | Scope=instance | Storage=String | Old='' | New='160'
SOURCE | Element 12562419 | Cat=Pipe Fittings | Family=MHT-ME-FAM-PF-PF-PVC-PTS-Bend | Type= | Level=LEVEL 01 | Name=Standard | System=Other | SizeText=160ø-160ø | Width= | Height= | Diameter=160
ELEMENT | 12562419 | Size='160ø-160ø' | Width='' | Height='' | Diameter='160' | Statuses=NWB_DimWidth:SKIP; NWB_DimHeight:SKIP; NWB_DimDiameter:OK
INFO | Candidate: NWB_DimDiameter | Scope=instance | Storage=String | ReadOnly=False | Shared=True | Id=7626172
INFO | Candidate: NWB_DimDiameter | Scope=instance | Storage=String | ReadOnly=False | Shared=True | Id=13710673
INFO | Found 2 parameters named NWB_DimDiameter
INFO | SELECTED | Shared Parameter | Scope=instance | ReadOnly=False | Id=13710673
INFO | IGNORED (SharedOnly) | Shared Parameter | Scope=instance | ReadOnly=False | Id=7626172
INFO | Element 12562421 | NWB_DimDiameter | Kind=Shared Parameter | Scope=instance | Storage=String | Old='' | New='160'
SOURCE | Element 12562421 | Cat=Pipe Fittings | Family=MHT-ME-FAM-PF-PF-PVC-PTS-Bend | Type= | Level=LEVEL 01 | Name=Standard | System=Other | SizeText=160ø-160ø | Width= | Height= | Diameter=160
ELEMENT | 12562421 | Size='160ø-160ø' | Width='' | Height='' | Diameter='160' | Statuses=NWB_DimWidth:SKIP; NWB_DimHeight:SKIP; NWB_DimDiameter:OK
INFO | Candidate: NWB_DimDiameter | Scope=instance | Storage=String | ReadOnly=False | Shared=True | Id=7626172
INFO | Candidate: NWB_DimDiameter | Scope=instance | Storage=String | ReadOnly=False | Shared=True | Id=13710673
INFO | Found 2 parameters named NWB_DimDiameter
INFO | SELECTED | Shared Parameter | Scope=instance | ReadOnly=False | Id=13710673
INFO | IGNORED (SharedOnly) | Shared Parameter | Scope=instance | ReadOnly=False | Id=7626172
INFO | Element 12690123 | NWB_DimDiameter | Kind=Shared Parameter | Scope=instance | Storage=String | Old='' | New='160'
SOURCE | Element 12690123 | Cat=Pipe Fittings | Family=MHT-ME-FAM-PF-PF-PVC-PTS-Bend | Type= | Level=LEVEL 02 | Name=Standard | System=Hydronic Supply | SizeText=160ø-160ø | Width= | Height= | Diameter=160
ELEMENT | 12690123 | Size='160ø-160ø' | Width='' | Height='' | Diameter='160' | Statuses=NWB_DimWidth:SKIP; NWB_DimHeight:SKIP; NWB_DimDiameter:OK
INFO | Candidate: NWB_DimDiameter | Scope=instance | Storage=String | ReadOnly=False | Shared=True | Id=7626172
INFO | Candidate: NWB_DimDiameter | Scope=instance | Storage=String | ReadOnly=False | Shared=True | Id=13710673
INFO | Found 2 parameters named NWB_DimDiameter
INFO | SELECTED | Shared Parameter | Scope=instance | ReadOnly=False | Id=13710673
INFO | IGNORED (SharedOnly) | Shared Parameter | Scope=instance | ReadOnly=False | Id=7626172
INFO | Element 12690127 | NWB_DimDiameter | Kind=Shared Parameter | Scope=instance | Storage=String | Old='' | New='160'
SOURCE | Element 12690127 | Cat=Pipe Fittings | Family=MHT-ME-FAM-PF-PF-PVC-PTS-Bend | Type= | Level=LEVEL 02 | Name=Standard | System=Hydronic Supply | SizeText=160ø-160ø | Width= | Height= | Diameter=160
ELEMENT | 12690127 | Size='160ø-160ø' | Width='' | Height='' | Diameter='160' | Statuses=NWB_DimWidth:SKIP; NWB_DimHeight:SKIP; NWB_DimDiameter:OK
INFO | Candidate: NWB_DimDiameter | Scope=instance | Storage=String | ReadOnly=False | Shared=True | Id=7626172
INFO | Candidate: NWB_DimDiameter | Scope=instance | Storage=String | ReadOnly=False | Shared=True | Id=13710673
INFO | Found 2 parameters named NWB_DimDiameter
INFO | SELECTED | Shared Parameter | Scope=instance | ReadOnly=False | Id=13710673
INFO | IGNORED (SharedOnly) | Shared Parameter | Scope=instance | ReadOnly=False | Id=7626172
INFO | Element 12690131 | NWB_DimDiameter | Kind=Shared Parameter | Scope=instance | Storage=String | Old='' | New='160'
SOURCE | Element 12690131 | Cat=Pipe Fittings | Family=MHT-ME-FAM-PF-PF-PVC-PTS-Bend | Type= | Level=LEVEL 02 | Name=Standard | System=Hydronic Supply | SizeText=160ø-160ø | Width= | Height= | Diameter=160
ELEMENT | 12690131 | Size='160ø-160ø' | Width='' | Height='' | Diameter='160' | Statuses=NWB_DimWidth:SKIP; NWB_DimHeight:SKIP; NWB_DimDiameter:OK
INFO | Candidate: NWB_DimDiameter | Scope=instance | Storage=String | ReadOnly=False | Shared=True | Id=7626172
INFO | Candidate: NWB_DimDiameter | Scope=instance | Storage=String | ReadOnly=False | Shared=True | Id=13710673
INFO | Found 2 parameters named NWB_DimDiameter
INFO | SELECTED | Shared Parameter | Scope=instance | ReadOnly=False | Id=13710673
INFO | IGNORED (SharedOnly) | Shared Parameter | Scope=instance | ReadOnly=False | Id=7626172
INFO | Element 12690146 | NWB_DimDiameter | Kind=Shared Parameter | Scope=instance | Storage=String | Old='' | New='160'
SOURCE | Element 12690146 | Cat=Pipe Fittings | Family=MHT-ME-FAM-PF-PF-PVC-PTS-Bend | Type= | Level=LEVEL 02 | Name=Standard | System=Other | SizeText=160ø-160ø | Width= | Height= | Diameter=160
ELEMENT | 12690146 | Size='160ø-160ø' | Width='' | Height='' | Diameter='160' | Statuses=NWB_DimWidth:SKIP; NWB_DimHeight:SKIP; NWB_DimDiameter:OK
INFO | Candidate: NWB_DimDiameter | Scope=instance | Storage=String | ReadOnly=False | Shared=True | Id=7626172
INFO | Candidate: NWB_DimDiameter | Scope=instance | Storage=String | ReadOnly=False | Shared=True | Id=13710673
INFO | Found 2 parameters named NWB_DimDiameter
INFO | SELECTED | Shared Parameter | Scope=instance | ReadOnly=False | Id=13710673
INFO | IGNORED (SharedOnly) | Shared Parameter | Scope=instance | ReadOnly=False | Id=7626172
INFO | Element 12690150 | NWB_DimDiameter | Kind=Shared Parameter | Scope=instance | Storage=String | Old='' | New='160'
SOURCE | Element 12690150 | Cat=Pipe Fittings | Family=MHT-ME-FAM-PF-PF-PVC-PTS-Bend | Type= | Level=LEVEL 02 | Name=Standard | System=Other | SizeText=160ø-160ø | Width= | Height= | Diameter=160
ELEMENT | 12690150 | Size='160ø-160ø' | Width='' | Height='' | Diameter='160' | Statuses=NWB_DimWidth:SKIP; NWB_DimHeight:SKIP; NWB_DimDiameter:OK
INFO | Candidate: NWB_DimDiameter | Scope=instance | Storage=String | ReadOnly=False | Shared=True | Id=7626172
INFO | Candidate: NWB_DimDiameter | Scope=instance | Storage=String | ReadOnly=False | Shared=True | Id=13710673
INFO | Found 2 parameters named NWB_DimDiameter
INFO | SELECTED | Shared Parameter | Scope=instance | ReadOnly=False | Id=13710673
INFO | IGNORED (SharedOnly) | Shared Parameter | Scope=instance | ReadOnly=False | Id=7626172
INFO | Element 12690154 | NWB_DimDiameter | Kind=Shared Parameter | Scope=instance | Storage=String | Old='' | New='160'
SOURCE | Element 12690154 | Cat=Pipe Fittings | Family=MHT-ME-FAM-PF-PF-PVC-PTS-Bend | Type= | Level=LEVEL 02 | Name=Standard | System=Other | SizeText=160ø-160ø | Width= | Height= | Diameter=160
ELEMENT | 12690154 | Size='160ø-160ø' | Width='' | Height='' | Diameter='160' | Statuses=NWB_DimWidth:SKIP; NWB_DimHeight:SKIP; NWB_DimDiameter:OK
INFO | Candidate: NWB_DimDiameter | Scope=instance | Storage=String | ReadOnly=False | Shared=True | Id=7626172
INFO | Candidate: NWB_DimDiameter | Scope=instance | Storage=String | ReadOnly=False | Shared=True | Id=13710673
INFO | Found 2 parameters named NWB_DimDiameter
INFO | SELECTED | Shared Parameter | Scope=instance | ReadOnly=False | Id=13710673
INFO | IGNORED (SharedOnly) | Shared Parameter | Scope=instance | ReadOnly=False | Id=7626172
INFO | Element 12690158 | NWB_DimDiameter | Kind=Shared Parameter | Scope=instance | Storage=String | Old='' | New='160'
SOURCE | Element 12690158 | Cat=Pipe Fittings | Family=MHT-ME-FAM-PF-PF-PVC-PTS-Bend | Type= | Level=LEVEL 02 | Name=Standard | System=Other | SizeText=160ø-160ø | Width= | Height= | Diameter=160
ELEMENT | 12690158 | Size='160ø-160ø' | Width='' | Height='' | Diameter='160' | Statuses=NWB_DimWidth:SKIP; NWB_DimHeight:SKIP; NWB_DimDiameter:OK
INFO | Candidate: NWB_DimDiameter | Scope=instance | Storage=String | ReadOnly=False | Shared=True | Id=7626172
INFO | Candidate: NWB_DimDiameter | Scope=instance | Storage=String | ReadOnly=False | Shared=True | Id=13710673
INFO | Found 2 parameters named NWB_DimDiameter
INFO | SELECTED | Shared Parameter | Scope=instance | ReadOnly=False | Id=13710673
INFO | IGNORED (SharedOnly) | Shared Parameter | Scope=instance | ReadOnly=False | Id=7626172
INFO | Element 12690183 | NWB_DimDiameter | Kind=Shared Parameter | Scope=instance | Storage=String | Old='' | New='160'
SOURCE | Element 12690183 | Cat=Pipe Fittings | Family=MHT-ME-FAM-PF-PF-PVC-PTS-Bend | Type= | Level=LEVEL 03 | Name=Standard | System=Other | SizeText=160ø-160ø | Width= | Height= | Diameter=160
ELEMENT | 12690183 | Size='160ø-160ø' | Width='' | Height='' | Diameter='160' | Statuses=NWB_DimWidth:SKIP; NWB_DimHeight:SKIP; NWB_DimDiameter:OK
INFO | Candidate: NWB_DimDiameter | Scope=instance | Storage=String | ReadOnly=False | Shared=True | Id=7626172
INFO | Candidate: NWB_DimDiameter | Scope=instance | Storage=String | ReadOnly=False | Shared=True | Id=13710673
INFO | Found 2 parameters named NWB_DimDiameter
INFO | SELECTED | Shared Parameter | Scope=instance | ReadOnly=False | Id=13710673
INFO | IGNORED (SharedOnly) | Shared Parameter | Scope=instance | ReadOnly=False | Id=7626172
INFO | Element 12690187 | NWB_DimDiameter | Kind=Shared Parameter | Scope=instance | Storage=String | Old='' | New='160'
SOURCE | Element 12690187 | Cat=Pipe Fittings | Family=MHT-ME-FAM-PF-PF-PVC-PTS-Bend | Type= | Level=LEVEL 03 | Name=Standard | System=Other | SizeText=160ø-160ø | Width= | Height= | Diameter=160
ELEMENT | 12690187 | Size='160ø-160ø' | Width='' | Height='' | Diameter='160' | Statuses=NWB_DimWidth:SKIP; NWB_DimHeight:SKIP; NWB_DimDiameter:OK
INFO | Candidate: NWB_DimDiameter | Scope=instance | Storage=String | ReadOnly=False | Shared=True | Id=7626172
INFO | Candidate: NWB_DimDiameter | Scope=instance | Storage=String | ReadOnly=False | Shared=True | Id=13710673
INFO | Found 2 parameters named NWB_DimDiameter
INFO | SELECTED | Shared Parameter | Scope=instance | ReadOnly=False | Id=13710673
INFO | IGNORED (SharedOnly) | Shared Parameter | Scope=instance | ReadOnly=False | Id=7626172
INFO | Element 12690206 | NWB_DimDiameter | Kind=Shared Parameter | Scope=instance | Storage=String | Old='' | New='160'
SOURCE | Element 12690206 | Cat=Pipe Fittings | Family=MHT-ME-FAM-PF-PF-PVC-PTS-Bend | Type= | Level=LEVEL 03 | Name=Standard | System=Other | SizeText=160ø-160ø | Width= | Height= | Diameter=160
ELEMENT | 12690206 | Size='160ø-160ø' | Width='' | Height='' | Diameter='160' | Statuses=NWB_DimWidth:SKIP; NWB_DimHeight:SKIP; NWB_DimDiameter:OK
INFO | Candidate: NWB_DimDiameter | Scope=instance | Storage=String | ReadOnly=False | Shared=True | Id=7626172
INFO | Candidate: NWB_DimDiameter | Scope=instance | Storage=String | ReadOnly=False | Shared=True | Id=13710673
INFO | Found 2 parameters named NWB_DimDiameter
INFO | SELECTED | Shared Parameter | Scope=instance | ReadOnly=False | Id=13710673
INFO | IGNORED (SharedOnly) | Shared Parameter | Scope=instance | ReadOnly=False | Id=7626172
INFO | Element 12690215 | NWB_DimDiameter | Kind=Shared Parameter | Scope=instance | Storage=String | Old='' | New='160'
SOURCE | Element 12690215 | Cat=Pipe Fittings | Family=MHT-ME-FAM-PF-PF-PVC-PTS-Bend | Type= | Level=LEVEL 03 | Name=Standard | System=Other | SizeText=160ø-160ø | Width= | Height= | Diameter=160
ELEMENT | 12690215 | Size='160ø-160ø' | Width='' | Height='' | Diameter='160' | Statuses=NWB_DimWidth:SKIP; NWB_DimHeight:SKIP; NWB_DimDiameter:OK
INFO | Candidate: NWB_DimDiameter | Scope=instance | Storage=String | ReadOnly=False | Shared=True | Id=7626172
INFO | Candidate: NWB_DimDiameter | Scope=instance | Storage=String | ReadOnly=False | Shared=True | Id=13710673
INFO | Found 2 parameters named NWB_DimDiameter
INFO | SELECTED | Shared Parameter | Scope=instance | ReadOnly=False | Id=13710673
INFO | IGNORED (SharedOnly) | Shared Parameter | Scope=instance | ReadOnly=False | Id=7626172
INFO | Element 12690219 | NWB_DimDiameter | Kind=Shared Parameter | Scope=instance | Storage=String | Old='' | New='160'
SOURCE | Element 12690219 | Cat=Pipe Fittings | Family=MHT-ME-FAM-PF-PF-PVC-PTS-Bend | Type= | Level=LEVEL 03 | Name=Standard | System=Other | SizeText=160ø-160ø | Width= | Height= | Diameter=160
ELEMENT | 12690219 | Size='160ø-160ø' | Width='' | Height='' | Diameter='160' | Statuses=NWB_DimWidth:SKIP; NWB_DimHeight:SKIP; NWB_DimDiameter:OK
INFO | Candidate: NWB_DimDiameter | Scope=instance | Storage=String | ReadOnly=False | Shared=True | Id=7626172
INFO | Candidate: NWB_DimDiameter | Scope=instance | Storage=String | ReadOnly=False | Shared=True | Id=13710673
INFO | Found 2 parameters named NWB_DimDiameter
INFO | SELECTED | Shared Parameter | Scope=instance | ReadOnly=False | Id=13710673
INFO | IGNORED (SharedOnly) | Shared Parameter | Scope=instance | ReadOnly=False | Id=7626172
INFO | Element 12690233 | NWB_DimDiameter | Kind=Shared Parameter | Scope=instance | Storage=String | Old='' | New='160'
SOURCE | Element 12690233 | Cat=Pipe Fittings | Family=MHT-ME-FAM-PF-PF-PVC-PTS-Bend | Type= | Level=LEVEL 03 | Name=Standard | System=Other | SizeText=160ø-160ø | Width= | Height= | Diameter=160
ELEMENT | 12690233 | Size='160ø-160ø' | Width='' | Height='' | Diameter='160' | Statuses=NWB_DimWidth:SKIP; NWB_DimHeight:SKIP; NWB_DimDiameter:OK
INFO | Candidate: NWB_DimDiameter | Scope=instance | Storage=String | ReadOnly=False | Shared=True | Id=7626172
INFO | Candidate: NWB_DimDiameter | Scope=instance | Storage=String | ReadOnly=False | Shared=True | Id=13710673
INFO | Found 2 parameters named NWB_DimDiameter
INFO | SELECTED | Shared Parameter | Scope=instance | ReadOnly=False | Id=13710673
INFO | IGNORED (SharedOnly) | Shared Parameter | Scope=instance | ReadOnly=False | Id=7626172
INFO | Element 12690237 | NWB_DimDiameter | Kind=Shared Parameter | Scope=instance | Storage=String | Old='' | New='160'
SOURCE | Element 12690237 | Cat=Pipe Fittings | Family=MHT-ME-FAM-PF-PF-PVC-PTS-Bend | Type= | Level=LEVEL 03 | Name=Standard | System=Other | SizeText=160ø-160ø | Width= | Height= | Diameter=160
ELEMENT | 12690237 | Size='160ø-160ø' | Width='' | Height='' | Diameter='160' | Statuses=NWB_DimWidth:SKIP; NWB_DimHeight:SKIP; NWB_DimDiameter:OK
INFO | Candidate: NWB_DimDiameter | Scope=instance | Storage=String | ReadOnly=False | Shared=True | Id=7626172
INFO | Candidate: NWB_DimDiameter | Scope=instance | Storage=String | ReadOnly=False | Shared=True | Id=13710673
INFO | Found 2 parameters named NWB_DimDiameter
INFO | SELECTED | Shared Parameter | Scope=instance | ReadOnly=False | Id=13710673
INFO | IGNORED (SharedOnly) | Shared Parameter | Scope=instance | ReadOnly=False | Id=7626172
INFO | Element 12692965 | NWB_DimDiameter | Kind=Shared Parameter | Scope=instance | Storage=String | Old='' | New='160'
SOURCE | Element 12692965 | Cat=Pipe Fittings | Family=MHT-ME-FAM-PF-PF-PVC-PTS-Bend | Type= | Level=LEVEL 03 | Name=Standard | System=Other | SizeText=160ø-160ø | Width= | Height= | Diameter=160
ELEMENT | 12692965 | Size='160ø-160ø' | Width='' | Height='' | Diameter='160' | Statuses=NWB_DimWidth:SKIP; NWB_DimHeight:SKIP; NWB_DimDiameter:OK
INFO | Candidate: NWB_DimDiameter | Scope=instance | Storage=String | ReadOnly=False | Shared=True | Id=7626172
INFO | Candidate: NWB_DimDiameter | Scope=instance | Storage=String | ReadOnly=False | Shared=True | Id=13710673
INFO | Found 2 parameters named NWB_DimDiameter
INFO | SELECTED | Shared Parameter | Scope=instance | ReadOnly=False | Id=13710673
INFO | IGNORED (SharedOnly) | Shared Parameter | Scope=instance | ReadOnly=False | Id=7626172
INFO | Element 12692974 | NWB_DimDiameter | Kind=Shared Parameter | Scope=instance | Storage=String | Old='' | New='160'
SOURCE | Element 12692974 | Cat=Pipe Fittings | Family=MHT-ME-FAM-PF-PF-PVC-PTS-Bend | Type= | Level=LEVEL 03 | Name=Standard | System=Other | SizeText=160ø-160ø | Width= | Height= | Diameter=160
ELEMENT | 12692974 | Size='160ø-160ø' | Width='' | Height='' | Diameter='160' | Statuses=NWB_DimWidth:SKIP; NWB_DimHeight:SKIP; NWB_DimDiameter:OK
INFO | Candidate: NWB_DimDiameter | Scope=instance | Storage=String | ReadOnly=False | Shared=True | Id=7626172
INFO | Candidate: NWB_DimDiameter | Scope=instance | Storage=String | ReadOnly=False | Shared=True | Id=13710673
INFO | Found 2 parameters named NWB_DimDiameter
INFO | SELECTED | Shared Parameter | Scope=instance | ReadOnly=False | Id=13710673
INFO | IGNORED (SharedOnly) | Shared Parameter | Scope=instance | ReadOnly=False | Id=7626172
INFO | Element 12692980 | NWB_DimDiameter | Kind=Shared Parameter | Scope=instance | Storage=String | Old='' | New='160'
SOURCE | Element 12692980 | Cat=Pipe Fittings | Family=MHT-ME-FAM-PF-PF-PVC-PTS-Bend | Type= | Level=LEVEL 03 | Name=Standard | System=Other | SizeText=160ø-160ø | Width= | Height= | Diameter=160
ELEMENT | 12692980 | Size='160ø-160ø' | Width='' | Height='' | Diameter='160' | Statuses=NWB_DimWidth:SKIP; NWB_DimHeight:SKIP; NWB_DimDiameter:OK
INFO | Candidate: NWB_DimDiameter | Scope=instance | Storage=String | ReadOnly=False | Shared=True | Id=7626172
INFO | Candidate: NWB_DimDiameter | Scope=instance | Storage=String | ReadOnly=False | Shared=True | Id=13710673
INFO | Found 2 parameters named NWB_DimDiameter
INFO | SELECTED | Shared Parameter | Scope=instance | ReadOnly=False | Id=13710673
INFO | IGNORED (SharedOnly) | Shared Parameter | Scope=instance | ReadOnly=False | Id=7626172
INFO | Element 12692984 | NWB_DimDiameter | Kind=Shared Parameter | Scope=instance | Storage=String | Old='' | New='160'
SOURCE | Element 12692984 | Cat=Pipe Fittings | Family=MHT-ME-FAM-PF-PF-PVC-PTS-Bend | Type= | Level=LEVEL 03 | Name=Standard | System=Other | SizeText=160ø-160ø | Width= | Height= | Diameter=160
ELEMENT | 12692984 | Size='160ø-160ø' | Width='' | Height='' | Diameter='160' | Statuses=NWB_DimWidth:SKIP; NWB_DimHeight:SKIP; NWB_DimDiameter:OK
INFO | Candidate: NWB_DimDiameter | Scope=instance | Storage=String | ReadOnly=False | Shared=True | Id=7626172
INFO | Candidate: NWB_DimDiameter | Scope=instance | Storage=String | ReadOnly=False | Shared=True | Id=13710673
INFO | Found 2 parameters named NWB_DimDiameter
INFO | SELECTED | Shared Parameter | Scope=instance | ReadOnly=False | Id=13710673
INFO | IGNORED (SharedOnly) | Shared Parameter | Scope=instance | ReadOnly=False | Id=7626172
INFO | Element 12692989 | NWB_DimDiameter | Kind=Shared Parameter | Scope=instance | Storage=String | Old='' | New='160'
SOURCE | Element 12692989 | Cat=Pipe Fittings | Family=MHT-ME-FAM-PF-PF-PVC-PTS-Bend | Type= | Level=LEVEL 03 | Name=Standard | System=Other | SizeText=160ø-160ø | Width= | Height= | Diameter=160
ELEMENT | 12692989 | Size='160ø-160ø' | Width='' | Height='' | Diameter='160' | Statuses=NWB_DimWidth:SKIP; NWB_DimHeight:SKIP; NWB_DimDiameter:OK
INFO | Candidate: NWB_DimDiameter | Scope=instance | Storage=String | ReadOnly=False | Shared=True | Id=7626172
INFO | Candidate: NWB_DimDiameter | Scope=instance | Storage=String | ReadOnly=False | Shared=True | Id=13710673
INFO | Found 2 parameters named NWB_DimDiameter
INFO | SELECTED | Shared Parameter | Scope=instance | ReadOnly=False | Id=13710673
INFO | IGNORED (SharedOnly) | Shared Parameter | Scope=instance | ReadOnly=False | Id=7626172
INFO | Element 12692998 | NWB_DimDiameter | Kind=Shared Parameter | Scope=instance | Storage=String | Old='' | New='160'
SOURCE | Element 12692998 | Cat=Pipe Fittings | Family=MHT-ME-FAM-PF-PF-PVC-PTS-Bend | Type= | Level=LEVEL 03 | Name=Standard | System=Other | SizeText=160ø-160ø | Width= | Height= | Diameter=160
ELEMENT | 12692998 | Size='160ø-160ø' | Width='' | Height='' | Diameter='160' | Statuses=NWB_DimWidth:SKIP; NWB_DimHeight:SKIP; NWB_DimDiameter:OK
INFO | Candidate: NWB_DimDiameter | Scope=instance | Storage=String | ReadOnly=False | Shared=True | Id=7626172
INFO | Candidate: NWB_DimDiameter | Scope=instance | Storage=String | ReadOnly=False | Shared=True | Id=13710673
INFO | Found 2 parameters named NWB_DimDiameter
INFO | SELECTED | Shared Parameter | Scope=instance | ReadOnly=False | Id=13710673
INFO | IGNORED (SharedOnly) | Shared Parameter | Scope=instance | ReadOnly=False | Id=7626172
INFO | Element 12693002 | NWB_DimDiameter | Kind=Shared Parameter | Scope=instance | Storage=String | Old='' | New='160'
SOURCE | Element 12693002 | Cat=Pipe Fittings | Family=MHT-ME-FAM-PF-PF-PVC-PTS-Bend | Type= | Level=LEVEL 03 | Name=Standard | System=Other | SizeText=160ø-160ø | Width= | Height= | Diameter=160
ELEMENT | 12693002 | Size='160ø-160ø' | Width='' | Height='' | Diameter='160' | Statuses=NWB_DimWidth:SKIP; NWB_DimHeight:SKIP; NWB_DimDiameter:OK
INFO | Candidate: NWB_DimDiameter | Scope=instance | Storage=String | ReadOnly=False | Shared=True | Id=7626172
INFO | Candidate: NWB_DimDiameter | Scope=instance | Storage=String | ReadOnly=False | Shared=True | Id=13710673
INFO | Found 2 parameters named NWB_DimDiameter
INFO | SELECTED | Shared Parameter | Scope=instance | ReadOnly=False | Id=13710673
INFO | IGNORED (SharedOnly) | Shared Parameter | Scope=instance | ReadOnly=False | Id=7626172
INFO | Element 12693006 | NWB_DimDiameter | Kind=Shared Parameter | Scope=instance | Storage=String | Old='' | New='160'
SOURCE | Element 12693006 | Cat=Pipe Fittings | Family=MHT-ME-FAM-PF-PF-PVC-PTS-Bend | Type= | Level=LEVEL 03 | Name=Standard | System=Other | SizeText=160ø-160ø | Width= | Height= | Diameter=160
ELEMENT | 12693006 | Size='160ø-160ø' | Width='' | Height='' | Diameter='160' | Statuses=NWB_DimWidth:SKIP; NWB_DimHeight:SKIP; NWB_DimDiameter:OK
INFO | Candidate: NWB_DimDiameter | Scope=instance | Storage=String | ReadOnly=False | Shared=True | Id=7626172
INFO | Candidate: NWB_DimDiameter | Scope=instance | Storage=String | ReadOnly=False | Shared=True | Id=13710673
INFO | Found 2 parameters named NWB_DimDiameter
INFO | SELECTED | Shared Parameter | Scope=instance | ReadOnly=False | Id=13710673
INFO | IGNORED (SharedOnly) | Shared Parameter | Scope=instance | ReadOnly=False | Id=7626172
INFO | Element 12693010 | NWB_DimDiameter | Kind=Shared Parameter | Scope=instance | Storage=String | Old='' | New='160'
SOURCE | Element 12693010 | Cat=Pipe Fittings | Family=MHT-ME-FAM-PF-PF-PVC-PTS-Bend | Type= | Level=LEVEL 03 | Name=Standard | System=Other | SizeText=160ø-160ø | Width= | Height= | Diameter=160
ELEMENT | 12693010 | Size='160ø-160ø' | Width='' | Height='' | Diameter='160' | Statuses=NWB_DimWidth:SKIP; NWB_DimHeight:SKIP; NWB_DimDiameter:OK
INFO | Candidate: NWB_DimDiameter | Scope=instance | Storage=String | ReadOnly=False | Shared=True | Id=7626172
INFO | Candidate: NWB_DimDiameter | Scope=instance | Storage=String | ReadOnly=False | Shared=True | Id=13710673
INFO | Found 2 parameters named NWB_DimDiameter
INFO | SELECTED | Shared Parameter | Scope=instance | ReadOnly=False | Id=13710673
INFO | IGNORED (SharedOnly) | Shared Parameter | Scope=instance | ReadOnly=False | Id=7626172
INFO | Element 12693014 | NWB_DimDiameter | Kind=Shared Parameter | Scope=instance | Storage=String | Old='' | New='160'
SOURCE | Element 12693014 | Cat=Pipe Fittings | Family=MHT-ME-FAM-PF-PF-PVC-PTS-Bend | Type= | Level=LEVEL 03 | Name=Standard | System=Other | SizeText=160ø-160ø | Width= | Height= | Diameter=160
ELEMENT | 12693014 | Size='160ø-160ø' | Width='' | Height='' | Diameter='160' | Statuses=NWB_DimWidth:SKIP; NWB_DimHeight:SKIP; NWB_DimDiameter:OK
INFO | Candidate: NWB_DimDiameter | Scope=instance | Storage=String | ReadOnly=False | Shared=True | Id=7626172
INFO | Candidate: NWB_DimDiameter | Scope=instance | Storage=String | ReadOnly=False | Shared=True | Id=13710673
INFO | Found 2 parameters named NWB_DimDiameter
INFO | SELECTED | Shared Parameter | Scope=instance | ReadOnly=False | Id=13710673
INFO | IGNORED (SharedOnly) | Shared Parameter | Scope=instance | ReadOnly=False | Id=7626172
INFO | Element 12693018 | NWB_DimDiameter | Kind=Shared Parameter | Scope=instance | Storage=String | Old='' | New='160'
SOURCE | Element 12693018 | Cat=Pipe Fittings | Family=MHT-ME-FAM-PF-PF-PVC-PTS-Bend | Type= | Level=LEVEL 03 | Name=Standard | System=Other | SizeText=160ø-160ø | Width= | Height= | Diameter=160
ELEMENT | 12693018 | Size='160ø-160ø' | Width='' | Height='' | Diameter='160' | Statuses=NWB_DimWidth:SKIP; NWB_DimHeight:SKIP; NWB_DimDiameter:OK
INFO | Candidate: NWB_DimDiameter | Scope=instance | Storage=String | ReadOnly=False | Shared=True | Id=7626172
INFO | Candidate: NWB_DimDiameter | Scope=instance | Storage=String | ReadOnly=False | Shared=True | Id=13710673
INFO | Found 2 parameters named NWB_DimDiameter
INFO | SELECTED | Shared Parameter | Scope=instance | ReadOnly=False | Id=13710673
INFO | IGNORED (SharedOnly) | Shared Parameter | Scope=instance | ReadOnly=False | Id=7626172
INFO | Element 12693052 | NWB_DimDiameter | Kind=Shared Parameter | Scope=instance | Storage=String | Old='' | New='160'
SOURCE | Element 12693052 | Cat=Pipe Fittings | Family=MHT-ME-FAM-PF-PF-PVC-PTS-Bend | Type= | Level=LEVEL 04 | Name=Standard | System=Other | SizeText=160ø-160ø | Width= | Height= | Diameter=160
ELEMENT | 12693052 | Size='160ø-160ø' | Width='' | Height='' | Diameter='160' | Statuses=NWB_DimWidth:SKIP; NWB_DimHeight:SKIP; NWB_DimDiameter:OK
INFO | Candidate: NWB_DimDiameter | Scope=instance | Storage=String | ReadOnly=False | Shared=True | Id=7626172
INFO | Candidate: NWB_DimDiameter | Scope=instance | Storage=String | ReadOnly=False | Shared=True | Id=13710673
INFO | Found 2 parameters named NWB_DimDiameter
INFO | SELECTED | Shared Parameter | Scope=instance | ReadOnly=False | Id=13710673
INFO | IGNORED (SharedOnly) | Shared Parameter | Scope=instance | ReadOnly=False | Id=7626172
INFO | Element 12693056 | NWB_DimDiameter | Kind=Shared Parameter | Scope=instance | Storage=String | Old='' | New='160'
SOURCE | Element 12693056 | Cat=Pipe Fittings | Family=MHT-ME-FAM-PF-PF-PVC-PTS-Bend | Type= | Level=LEVEL 04 | Name=Standard | System=Other | SizeText=160ø-160ø | Width= | Height= | Diameter=160
ELEMENT | 12693056 | Size='160ø-160ø' | Width='' | Height='' | Diameter='160' | Statuses=NWB_DimWidth:SKIP; NWB_DimHeight:SKIP; NWB_DimDiameter:OK
INFO | Candidate: NWB_DimDiameter | Scope=instance | Storage=String | ReadOnly=False | Shared=True | Id=7626172
INFO | Candidate: NWB_DimDiameter | Scope=instance | Storage=String | ReadOnly=False | Shared=True | Id=13710673
INFO | Found 2 parameters named NWB_DimDiameter
INFO | SELECTED | Shared Parameter | Scope=instance | ReadOnly=False | Id=13710673
INFO | IGNORED (SharedOnly) | Shared Parameter | Scope=instance | ReadOnly=False | Id=7626172
INFO | Element 12693060 | NWB_DimDiameter | Kind=Shared Parameter | Scope=instance | Storage=String | Old='' | New='160'
SOURCE | Element 12693060 | Cat=Pipe Fittings | Family=MHT-ME-FAM-PF-PF-PVC-PTS-Bend | Type= | Level=LEVEL 04 | Name=Standard | System=Other | SizeText=160ø-160ø | Width= | Height= | Diameter=160
ELEMENT | 12693060 | Size='160ø-160ø' | Width='' | Height='' | Diameter='160' | Statuses=NWB_DimWidth:SKIP; NWB_DimHeight:SKIP; NWB_DimDiameter:OK
INFO | Candidate: NWB_DimDiameter | Scope=instance | Storage=String | ReadOnly=False | Shared=True | Id=7626172
INFO | Candidate: NWB_DimDiameter | Scope=instance | Storage=String | ReadOnly=False | Shared=True | Id=13710673
INFO | Found 2 parameters named NWB_DimDiameter
INFO | SELECTED | Shared Parameter | Scope=instance | ReadOnly=False | Id=13710673
INFO | IGNORED (SharedOnly) | Shared Parameter | Scope=instance | ReadOnly=False | Id=7626172
INFO | Element 12693091 | NWB_DimDiameter | Kind=Shared Parameter | Scope=instance | Storage=String | Old='' | New='160'
SOURCE | Element 12693091 | Cat=Pipe Fittings | Family=MHT-ME-FAM-PF-PF-PVC-PTS-Bend | Type= | Level=LEVEL 04 | Name=Standard | System=Other | SizeText=160ø-160ø | Width= | Height= | Diameter=160
ELEMENT | 12693091 | Size='160ø-160ø' | Width='' | Height='' | Diameter='160' | Statuses=NWB_DimWidth:SKIP; NWB_DimHeight:SKIP; NWB_DimDiameter:OK
INFO | Candidate: NWB_DimDiameter | Scope=instance | Storage=String | ReadOnly=False | Shared=True | Id=7626172
INFO | Candidate: NWB_DimDiameter | Scope=instance | Storage=String | ReadOnly=False | Shared=True | Id=13710673
INFO | Found 2 parameters named NWB_DimDiameter
INFO | SELECTED | Shared Parameter | Scope=instance | ReadOnly=False | Id=13710673
INFO | IGNORED (SharedOnly) | Shared Parameter | Scope=instance | ReadOnly=False | Id=7626172
INFO | Element 12693095 | NWB_DimDiameter | Kind=Shared Parameter | Scope=instance | Storage=String | Old='' | New='160'
SOURCE | Element 12693095 | Cat=Pipe Fittings | Family=MHT-ME-FAM-PF-PF-PVC-PTS-Bend | Type= | Level=LEVEL 04 | Name=Standard | System=Other | SizeText=160ø-160ø | Width= | Height= | Diameter=160
ELEMENT | 12693095 | Size='160ø-160ø' | Width='' | Height='' | Diameter='160' | Statuses=NWB_DimWidth:SKIP; NWB_DimHeight:SKIP; NWB_DimDiameter:OK
INFO | Candidate: NWB_DimDiameter | Scope=instance | Storage=String | ReadOnly=False | Shared=True | Id=7626172
INFO | Candidate: NWB_DimDiameter | Scope=instance | Storage=String | ReadOnly=False | Shared=True | Id=13710673
INFO | Found 2 parameters named NWB_DimDiameter
INFO | SELECTED | Shared Parameter | Scope=instance | ReadOnly=False | Id=13710673
INFO | IGNORED (SharedOnly) | Shared Parameter | Scope=instance | ReadOnly=False | Id=7626172
INFO | Element 12693111 | NWB_DimDiameter | Kind=Shared Parameter | Scope=instance | Storage=String | Old='' | New='160'
SOURCE | Element 12693111 | Cat=Pipe Fittings | Family=MHT-ME-FAM-PF-PF-PVC-PTS-Bend | Type= | Level=LEVEL 04 | Name=Standard | System=Other | SizeText=160ø-160ø | Width= | Height= | Diameter=160
ELEMENT | 12693111 | Size='160ø-160ø' | Width='' | Height='' | Diameter='160' | Statuses=NWB_DimWidth:SKIP; NWB_DimHeight:SKIP; NWB_DimDiameter:OK
INFO | Candidate: NWB_DimDiameter | Scope=instance | Storage=String | ReadOnly=False | Shared=True | Id=7626172
INFO | Candidate: NWB_DimDiameter | Scope=instance | Storage=String | ReadOnly=False | Shared=True | Id=13710673
INFO | Found 2 parameters named NWB_DimDiameter
INFO | SELECTED | Shared Parameter | Scope=instance | ReadOnly=False | Id=13710673
INFO | IGNORED (SharedOnly) | Shared Parameter | Scope=instance | ReadOnly=False | Id=7626172
INFO | Element 12693165 | NWB_DimDiameter | Kind=Shared Parameter | Scope=instance | Storage=String | Old='' | New='160'
SOURCE | Element 12693165 | Cat=Pipe Fittings | Family=MHT-ME-FAM-PF-PF-PVC-PTS-Bend | Type= | Level=LEVEL 04 | Name=Standard | System=Other | SizeText=160ø-160ø | Width= | Height= | Diameter=160
ELEMENT | 12693165 | Size='160ø-160ø' | Width='' | Height='' | Diameter='160' | Statuses=NWB_DimWidth:SKIP; NWB_DimHeight:SKIP; NWB_DimDiameter:OK
INFO | Candidate: NWB_DimDiameter | Scope=instance | Storage=String | ReadOnly=False | Shared=True | Id=7626172
INFO | Candidate: NWB_DimDiameter | Scope=instance | Storage=String | ReadOnly=False | Shared=True | Id=13710673
INFO | Found 2 parameters named NWB_DimDiameter
INFO | SELECTED | Shared Parameter | Scope=instance | ReadOnly=False | Id=13710673
INFO | IGNORED (SharedOnly) | Shared Parameter | Scope=instance | ReadOnly=False | Id=7626172
INFO | Element 12693171 | NWB_DimDiameter | Kind=Shared Parameter | Scope=instance | Storage=String | Old='' | New='160'
SOURCE | Element 12693171 | Cat=Pipe Fittings | Family=MHT-ME-FAM-PF-PF-PVC-PTS-Bend | Type= | Level=LEVEL 04 | Name=Standard | System=Other | SizeText=160ø-160ø | Width= | Height= | Diameter=160
ELEMENT | 12693171 | Size='160ø-160ø' | Width='' | Height='' | Diameter='160' | Statuses=NWB_DimWidth:SKIP; NWB_DimHeight:SKIP; NWB_DimDiameter:OK
INFO | Candidate: NWB_DimDiameter | Scope=instance | Storage=String | ReadOnly=False | Shared=True | Id=7626172
INFO | Candidate: NWB_DimDiameter | Scope=instance | Storage=String | ReadOnly=False | Shared=True | Id=13710673
INFO | Found 2 parameters named NWB_DimDiameter
INFO | SELECTED | Shared Parameter | Scope=instance | ReadOnly=False | Id=13710673
INFO | IGNORED (SharedOnly) | Shared Parameter | Scope=instance | ReadOnly=False | Id=7626172
INFO | Element 12693175 | NWB_DimDiameter | Kind=Shared Parameter | Scope=instance | Storage=String | Old='' | New='160'
SOURCE | Element 12693175 | Cat=Pipe Fittings | Family=MHT-ME-FAM-PF-PF-PVC-PTS-Bend | Type= | Level=LEVEL 04 | Name=Standard | System=Other | SizeText=160ø-160ø | Width= | Height= | Diameter=160
ELEMENT | 12693175 | Size='160ø-160ø' | Width='' | Height='' | Diameter='160' | Statuses=NWB_DimWidth:SKIP; NWB_DimHeight:SKIP; NWB_DimDiameter:OK
INFO | Candidate: NWB_DimDiameter | Scope=instance | Storage=String | ReadOnly=False | Shared=True | Id=7626172
INFO | Candidate: NWB_DimDiameter | Scope=instance | Storage=String | ReadOnly=False | Shared=True | Id=13710673
INFO | Found 2 parameters named NWB_DimDiameter
INFO | SELECTED | Shared Parameter | Scope=instance | ReadOnly=False | Id=13710673
INFO | IGNORED (SharedOnly) | Shared Parameter | Scope=instance | ReadOnly=False | Id=7626172
INFO | Element 12693179 | NWB_DimDiameter | Kind=Shared Parameter | Scope=instance | Storage=String | Old='' | New='160'
SOURCE | Element 12693179 | Cat=Pipe Fittings | Family=MHT-ME-FAM-PF-PF-PVC-PTS-Bend | Type= | Level=LEVEL 04 | Name=Standard | System=Other | SizeText=160ø-160ø | Width= | Height= | Diameter=160
ELEMENT | 12693179 | Size='160ø-160ø' | Width='' | Height='' | Diameter='160' | Statuses=NWB_DimWidth:SKIP; NWB_DimHeight:SKIP; NWB_DimDiameter:OK
INFO | Candidate: NWB_DimDiameter | Scope=instance | Storage=String | ReadOnly=False | Shared=True | Id=7626172
INFO | Candidate: NWB_DimDiameter | Scope=instance | Storage=String | ReadOnly=False | Shared=True | Id=13710673
INFO | Found 2 parameters named NWB_DimDiameter
INFO | SELECTED | Shared Parameter | Scope=instance | ReadOnly=False | Id=13710673
INFO | IGNORED (SharedOnly) | Shared Parameter | Scope=instance | ReadOnly=False | Id=7626172
INFO | Element 12693183 | NWB_DimDiameter | Kind=Shared Parameter | Scope=instance | Storage=String | Old='' | New='160'
SOURCE | Element 12693183 | Cat=Pipe Fittings | Family=MHT-ME-FAM-PF-PF-PVC-PTS-Bend | Type= | Level=LEVEL 04 | Name=Standard | System=Other | SizeText=160ø-160ø | Width= | Height= | Diameter=160
ELEMENT | 12693183 | Size='160ø-160ø' | Width='' | Height='' | Diameter='160' | Statuses=NWB_DimWidth:SKIP; NWB_DimHeight:SKIP; NWB_DimDiameter:OK
INFO | Candidate: NWB_DimDiameter | Scope=instance | Storage=String | ReadOnly=False | Shared=True | Id=7626172
INFO | Candidate: NWB_DimDiameter | Scope=instance | Storage=String | ReadOnly=False | Shared=True | Id=13710673
INFO | Found 2 parameters named NWB_DimDiameter
INFO | SELECTED | Shared Parameter | Scope=instance | ReadOnly=False | Id=13710673
INFO | IGNORED (SharedOnly) | Shared Parameter | Scope=instance | ReadOnly=False | Id=7626172
INFO | Element 12693187 | NWB_DimDiameter | Kind=Shared Parameter | Scope=instance | Storage=String | Old='' | New='160'
SOURCE | Element 12693187 | Cat=Pipe Fittings | Family=MHT-ME-FAM-PF-PF-PVC-PTS-Bend | Type= | Level=LEVEL 04 | Name=Standard | System=Other | SizeText=160ø-160ø | Width= | Height= | Diameter=160
ELEMENT | 12693187 | Size='160ø-160ø' | Width='' | Height='' | Diameter='160' | Statuses=NWB_DimWidth:SKIP; NWB_DimHeight:SKIP; NWB_DimDiameter:OK
INFO | Candidate: NWB_DimDiameter | Scope=instance | Storage=String | ReadOnly=False | Shared=True | Id=7626172
INFO | Candidate: NWB_DimDiameter | Scope=instance | Storage=String | ReadOnly=False | Shared=True | Id=13710673
INFO | Found 2 parameters named NWB_DimDiameter
INFO | SELECTED | Shared Parameter | Scope=instance | ReadOnly=False | Id=13710673
INFO | IGNORED (SharedOnly) | Shared Parameter | Scope=instance | ReadOnly=False | Id=7626172
INFO | Element 12708212 | NWB_DimDiameter | Kind=Shared Parameter | Scope=instance | Storage=String | Old='' | New='160'
SOURCE | Element 12708212 | Cat=Pipe Fittings | Family=MHT-ME-FAM-PF-PF-PVC-PTS-Bend | Type= | Level=LEVEL 02 | Name=Standard | System=Hydronic Supply | SizeText=160ø-160ø | Width= | Height= | Diameter=160
ELEMENT | 12708212 | Size='160ø-160ø' | Width='' | Height='' | Diameter='160' | Statuses=NWB_DimWidth:SKIP; NWB_DimHeight:SKIP; NWB_DimDiameter:OK
INFO | Candidate: NWB_DimDiameter | Scope=instance | Storage=String | ReadOnly=False | Shared=True | Id=7626172
INFO | Candidate: NWB_DimDiameter | Scope=instance | Storage=String | ReadOnly=False | Shared=True | Id=13710673
INFO | Found 2 parameters named NWB_DimDiameter
INFO | SELECTED | Shared Parameter | Scope=instance | ReadOnly=False | Id=13710673
INFO | IGNORED (SharedOnly) | Shared Parameter | Scope=instance | ReadOnly=False | Id=7626172
INFO | Element 12708227 | NWB_DimDiameter | Kind=Shared Parameter | Scope=instance | Storage=String | Old='' | New='160'
SOURCE | Element 12708227 | Cat=Pipe Fittings | Family=MHT-ME-FAM-PF-PF-PVC-PTS-Bend | Type= | Level=LEVEL 01 | Name=Standard | System=Other | SizeText=160ø-160ø | Width= | Height= | Diameter=160
ELEMENT | 12708227 | Size='160ø-160ø' | Width='' | Height='' | Diameter='160' | Statuses=NWB_DimWidth:SKIP; NWB_DimHeight:SKIP; NWB_DimDiameter:OK
INFO | Candidate: NWB_DimDiameter | Scope=instance | Storage=String | ReadOnly=False | Shared=True | Id=7626172
INFO | Candidate: NWB_DimDiameter | Scope=instance | Storage=String | ReadOnly=False | Shared=True | Id=13710673
INFO | Found 2 parameters named NWB_DimDiameter
INFO | SELECTED | Shared Parameter | Scope=instance | ReadOnly=False | Id=13710673
INFO | IGNORED (SharedOnly) | Shared Parameter | Scope=instance | ReadOnly=False | Id=7626172
INFO | Element 12708336 | NWB_DimDiameter | Kind=Shared Parameter | Scope=instance | Storage=String | Old='' | New='160'
SOURCE | Element 12708336 | Cat=Pipe Fittings | Family=MHT-ME-FAM-PF-PF-PVC-PTS-Bend | Type= | Level=LEVEL 01 | Name=Standard | System=Other | SizeText=160ø-160ø | Width= | Height= | Diameter=160
ELEMENT | 12708336 | Size='160ø-160ø' | Width='' | Height='' | Diameter='160' | Statuses=NWB_DimWidth:SKIP; NWB_DimHeight:SKIP; NWB_DimDiameter:OK
INFO | Candidate: NWB_DimDiameter | Scope=instance | Storage=String | ReadOnly=False | Shared=True | Id=7626172
INFO | Candidate: NWB_DimDiameter | Scope=instance | Storage=String | ReadOnly=False | Shared=True | Id=13710673
INFO | Found 2 parameters named NWB_DimDiameter
INFO | SELECTED | Shared Parameter | Scope=instance | ReadOnly=False | Id=13710673
INFO | IGNORED (SharedOnly) | Shared Parameter | Scope=instance | ReadOnly=False | Id=7626172
INFO | Element 12708338 | NWB_DimDiameter | Kind=Shared Parameter | Scope=instance | Storage=String | Old='' | New='160'
SOURCE | Element 12708338 | Cat=Pipe Fittings | Family=MHT-ME-FAM-PF-PF-PVC-PTS-Bend | Type= | Level=LEVEL 02 | Name=Standard | System=Other | SizeText=160ø-160ø | Width= | Height= | Diameter=160
ELEMENT | 12708338 | Size='160ø-160ø' | Width='' | Height='' | Diameter='160' | Statuses=NWB_DimWidth:SKIP; NWB_DimHeight:SKIP; NWB_DimDiameter:OK
INFO | Candidate: NWB_DimDiameter | Scope=instance | Storage=String | ReadOnly=False | Shared=True | Id=7626172
INFO | Candidate: NWB_DimDiameter | Scope=instance | Storage=String | ReadOnly=False | Shared=True | Id=13710673
INFO | Found 2 parameters named NWB_DimDiameter
INFO | SELECTED | Shared Parameter | Scope=instance | ReadOnly=False | Id=13710673
INFO | IGNORED (SharedOnly) | Shared Parameter | Scope=instance | ReadOnly=False | Id=7626172
INFO | Element 12708343 | NWB_DimDiameter | Kind=Shared Parameter | Scope=instance | Storage=String | Old='' | New='160'
SOURCE | Element 12708343 | Cat=Pipe Fittings | Family=MHT-ME-FAM-PF-PF-PVC-PTS-Bend | Type= | Level=LEVEL 01 | Name=Standard | System=Other | SizeText=160ø-160ø | Width= | Height= | Diameter=160
ELEMENT | 12708343 | Size='160ø-160ø' | Width='' | Height='' | Diameter='160' | Statuses=NWB_DimWidth:SKIP; NWB_DimHeight:SKIP; NWB_DimDiameter:OK
INFO | Candidate: NWB_DimDiameter | Scope=instance | Storage=String | ReadOnly=False | Shared=True | Id=7626172
INFO | Candidate: NWB_DimDiameter | Scope=instance | Storage=String | ReadOnly=False | Shared=True | Id=13710673
INFO | Found 2 parameters named NWB_DimDiameter
INFO | SELECTED | Shared Parameter | Scope=instance | ReadOnly=False | Id=13710673
INFO | IGNORED (SharedOnly) | Shared Parameter | Scope=instance | ReadOnly=False | Id=7626172
INFO | Element 12708345 | NWB_DimDiameter | Kind=Shared Parameter | Scope=instance | Storage=String | Old='' | New='160'
SOURCE | Element 12708345 | Cat=Pipe Fittings | Family=MHT-ME-FAM-PF-PF-PVC-PTS-Bend | Type= | Level=GROUND | Name=Standard | System=Other | SizeText=160ø-160ø | Width= | Height= | Diameter=160
ELEMENT | 12708345 | Size='160ø-160ø' | Width='' | Height='' | Diameter='160' | Statuses=NWB_DimWidth:SKIP; NWB_DimHeight:SKIP; NWB_DimDiameter:OK
INFO | Candidate: NWB_DimDiameter | Scope=instance | Storage=String | ReadOnly=False | Shared=True | Id=7626172
INFO | Candidate: NWB_DimDiameter | Scope=instance | Storage=String | ReadOnly=False | Shared=True | Id=13710673
INFO | Found 2 parameters named NWB_DimDiameter
INFO | SELECTED | Shared Parameter | Scope=instance | ReadOnly=False | Id=13710673
INFO | IGNORED (SharedOnly) | Shared Parameter | Scope=instance | ReadOnly=False | Id=7626172
INFO | Element 12725843 | NWB_DimDiameter | Kind=Shared Parameter | Scope=instance | Storage=String | Old='' | New='160'
SOURCE | Element 12725843 | Cat=Pipe Fittings | Family=MHT-ME-FAM-PF-PF-PVC-PTS-Bend | Type= | Level=LEVEL 01 | Name=Standard | System=Other | SizeText=160ø-160ø | Width= | Height= | Diameter=160
ELEMENT | 12725843 | Size='160ø-160ø' | Width='' | Height='' | Diameter='160' | Statuses=NWB_DimWidth:SKIP; NWB_DimHeight:SKIP; NWB_DimDiameter:OK
INFO | Candidate: NWB_DimDiameter | Scope=instance | Storage=String | ReadOnly=False | Shared=True | Id=7626172
INFO | Candidate: NWB_DimDiameter | Scope=instance | Storage=String | ReadOnly=False | Shared=True | Id=13710673
INFO | Found 2 parameters named NWB_DimDiameter
INFO | SELECTED | Shared Parameter | Scope=instance | ReadOnly=False | Id=13710673
INFO | IGNORED (SharedOnly) | Shared Parameter | Scope=instance | ReadOnly=False | Id=7626172
INFO | Element 12725847 | NWB_DimDiameter | Kind=Shared Parameter | Scope=instance | Storage=String | Old='' | New='160'
SOURCE | Element 12725847 | Cat=Pipe Fittings | Family=MHT-ME-FAM-PF-PF-PVC-PTS-Bend | Type= | Level=LEVEL 01 | Name=Standard | System=Other | SizeText=160ø-160ø | Width= | Height= | Diameter=160
ELEMENT | 12725847 | Size='160ø-160ø' | Width='' | Height='' | Diameter='160' | Statuses=NWB_DimWidth:SKIP; NWB_DimHeight:SKIP; NWB_DimDiameter:OK
INFO | Candidate: NWB_DimDiameter | Scope=instance | Storage=String | ReadOnly=False | Shared=True | Id=7626172
INFO | Candidate: NWB_DimDiameter | Scope=instance | Storage=String | ReadOnly=False | Shared=True | Id=13710673
INFO | Found 2 parameters named NWB_DimDiameter
INFO | SELECTED | Shared Parameter | Scope=instance | ReadOnly=False | Id=13710673
INFO | IGNORED (SharedOnly) | Shared Parameter | Scope=instance | ReadOnly=False | Id=7626172
INFO | Element 12725891 | NWB_DimDiameter | Kind=Shared Parameter | Scope=instance | Storage=String | Old='' | New='160'
SOURCE | Element 12725891 | Cat=Pipe Fittings | Family=MHT-ME-FAM-PF-PF-PVC-PTS-Bend | Type= | Level=LEVEL 04 | Name=Standard | System=Other | SizeText=160ø-160ø | Width= | Height= | Diameter=160
ELEMENT | 12725891 | Size='160ø-160ø' | Width='' | Height='' | Diameter='160' | Statuses=NWB_DimWidth:SKIP; NWB_DimHeight:SKIP; NWB_DimDiameter:OK
INFO | Candidate: NWB_DimDiameter | Scope=instance | Storage=String | ReadOnly=False | Shared=True | Id=7626172
INFO | Candidate: NWB_DimDiameter | Scope=instance | Storage=String | ReadOnly=False | Shared=True | Id=13710673
INFO | Found 2 parameters named NWB_DimDiameter
INFO | SELECTED | Shared Parameter | Scope=instance | ReadOnly=False | Id=13710673
INFO | IGNORED (SharedOnly) | Shared Parameter | Scope=instance | ReadOnly=False | Id=7626172
INFO | Element 12725893 | NWB_DimDiameter | Kind=Shared Parameter | Scope=instance | Storage=String | Old='' | New='160'
SOURCE | Element 12725893 | Cat=Pipe Fittings | Family=MHT-ME-FAM-PF-PF-PVC-PTS-Bend | Type= | Level=LEVEL 04 | Name=Standard | System=Other | SizeText=160ø-160ø | Width= | Height= | Diameter=160
ELEMENT | 12725893 | Size='160ø-160ø' | Width='' | Height='' | Diameter='160' | Statuses=NWB_DimWidth:SKIP; NWB_DimHeight:SKIP; NWB_DimDiameter:OK
INFO | Candidate: NWB_DimDiameter | Scope=instance | Storage=String | ReadOnly=False | Shared=True | Id=7626172
INFO | Candidate: NWB_DimDiameter | Scope=instance | Storage=String | ReadOnly=False | Shared=True | Id=13710673
INFO | Found 2 parameters named NWB_DimDiameter
INFO | SELECTED | Shared Parameter | Scope=instance | ReadOnly=False | Id=13710673
INFO | IGNORED (SharedOnly) | Shared Parameter | Scope=instance | ReadOnly=False | Id=7626172
INFO | Element 12730707 | NWB_DimDiameter | Kind=Shared Parameter | Scope=instance | Storage=String | Old='' | New='160'
SOURCE | Element 12730707 | Cat=Pipe Fittings | Family=MHT-ME-FAM-PF-PF-PVC-PTS-Bend | Type= | Level=LEVEL 03 | Name=Standard | System=Other | SizeText=160ø-160ø | Width= | Height= | Diameter=160
ELEMENT | 12730707 | Size='160ø-160ø' | Width='' | Height='' | Diameter='160' | Statuses=NWB_DimWidth:SKIP; NWB_DimHeight:SKIP; NWB_DimDiameter:OK
INFO | Candidate: NWB_DimDiameter | Scope=instance | Storage=String | ReadOnly=False | Shared=True | Id=7626172
INFO | Candidate: NWB_DimDiameter | Scope=instance | Storage=String | ReadOnly=False | Shared=True | Id=13710673
INFO | Found 2 parameters named NWB_DimDiameter
INFO | SELECTED | Shared Parameter | Scope=instance | ReadOnly=False | Id=13710673
INFO | IGNORED (SharedOnly) | Shared Parameter | Scope=instance | ReadOnly=False | Id=7626172
INFO | Element 12739410 | NWB_DimDiameter | Kind=Shared Parameter | Scope=instance | Storage=String | Old='' | New='160'
SOURCE | Element 12739410 | Cat=Pipe Fittings | Family=MHT-ME-FAM-PF-PF-PVC-PTS-Bend | Type= | Level=LEVEL 04 | Name=Standard | System=Other | SizeText=160ø-160ø | Width= | Height= | Diameter=160
ELEMENT | 12739410 | Size='160ø-160ø' | Width='' | Height='' | Diameter='160' | Statuses=NWB_DimWidth:SKIP; NWB_DimHeight:SKIP; NWB_DimDiameter:OK
INFO | Candidate: NWB_DimDiameter | Scope=instance | Storage=String | ReadOnly=False | Shared=True | Id=7626172
INFO | Candidate: NWB_DimDiameter | Scope=instance | Storage=String | ReadOnly=False | Shared=True | Id=13710673
INFO | Found 2 parameters named NWB_DimDiameter
INFO | SELECTED | Shared Parameter | Scope=instance | ReadOnly=False | Id=13710673
INFO | IGNORED (SharedOnly) | Shared Parameter | Scope=instance | ReadOnly=False | Id=7626172
INFO | Element 12739449 | NWB_DimDiameter | Kind=Shared Parameter | Scope=instance | Storage=String | Old='' | New='160'
SOURCE | Element 12739449 | Cat=Pipe Fittings | Family=MHT-ME-FAM-PF-PF-PVC-PTS-Bend | Type= | Level=LEVEL 03 | Name=Standard | System=Other | SizeText=160ø-160ø | Width= | Height= | Diameter=160
ELEMENT | 12739449 | Size='160ø-160ø' | Width='' | Height='' | Diameter='160' | Statuses=NWB_DimWidth:SKIP; NWB_DimHeight:SKIP; NWB_DimDiameter:OK
INFO | Candidate: NWB_DimDiameter | Scope=instance | Storage=String | ReadOnly=False | Shared=True | Id=7626172
INFO | Candidate: NWB_DimDiameter | Scope=instance | Storage=String | ReadOnly=False | Shared=True | Id=13710673
INFO | Found 2 parameters named NWB_DimDiameter
INFO | SELECTED | Shared Parameter | Scope=instance | ReadOnly=False | Id=13710673
INFO | IGNORED (SharedOnly) | Shared Parameter | Scope=instance | ReadOnly=False | Id=7626172
INFO | Element 12739456 | NWB_DimDiameter | Kind=Shared Parameter | Scope=instance | Storage=String | Old='' | New='160'
SOURCE | Element 12739456 | Cat=Pipe Fittings | Family=MHT-ME-FAM-PF-PF-PVC-PTS-Bend | Type= | Level=LEVEL 01 | Name=Standard | System=Other | SizeText=160ø-160ø | Width= | Height= | Diameter=160
ELEMENT | 12739456 | Size='160ø-160ø' | Width='' | Height='' | Diameter='160' | Statuses=NWB_DimWidth:SKIP; NWB_DimHeight:SKIP; NWB_DimDiameter:OK
INFO | Candidate: NWB_DimDiameter | Scope=instance | Storage=String | ReadOnly=False | Shared=True | Id=7626172
INFO | Candidate: NWB_DimDiameter | Scope=instance | Storage=String | ReadOnly=False | Shared=True | Id=13710673
INFO | Found 2 parameters named NWB_DimDiameter
INFO | SELECTED | Shared Parameter | Scope=instance | ReadOnly=False | Id=13710673
INFO | IGNORED (SharedOnly) | Shared Parameter | Scope=instance | ReadOnly=False | Id=7626172
INFO | Element 12745047 | NWB_DimDiameter | Kind=Shared Parameter | Scope=instance | Storage=String | Old='' | New='160'
SOURCE | Element 12745047 | Cat=Pipe Fittings | Family=MHT-ME-FAM-PF-PF-PVC-PTS-Bend | Type= | Level=LEVEL 04 | Name=Standard | System=Other | SizeText=160ø-160ø | Width= | Height= | Diameter=160
ELEMENT | 12745047 | Size='160ø-160ø' | Width='' | Height='' | Diameter='160' | Statuses=NWB_DimWidth:SKIP; NWB_DimHeight:SKIP; NWB_DimDiameter:OK
INFO | Candidate: NWB_DimDiameter | Scope=instance | Storage=String | ReadOnly=False | Shared=True | Id=7626172
INFO | Candidate: NWB_DimDiameter | Scope=instance | Storage=String | ReadOnly=False | Shared=True | Id=13710673
INFO | Found 2 parameters named NWB_DimDiameter
INFO | SELECTED | Shared Parameter | Scope=instance | ReadOnly=False | Id=13710673
INFO | IGNORED (SharedOnly) | Shared Parameter | Scope=instance | ReadOnly=False | Id=7626172
INFO | Element 12745049 | NWB_DimDiameter | Kind=Shared Parameter | Scope=instance | Storage=String | Old='' | New='160'
SOURCE | Element 12745049 | Cat=Pipe Fittings | Family=MHT-ME-FAM-PF-PF-PVC-PTS-Bend | Type= | Level=LEVEL 04 | Name=Standard | System=Other | SizeText=160ø-160ø | Width= | Height= | Diameter=160
ELEMENT | 12745049 | Size='160ø-160ø' | Width='' | Height='' | Diameter='160' | Statuses=NWB_DimWidth:SKIP; NWB_DimHeight:SKIP; NWB_DimDiameter:OK
INFO | Candidate: NWB_DimDiameter | Scope=instance | Storage=String | ReadOnly=False | Shared=True | Id=7626172
INFO | Candidate: NWB_DimDiameter | Scope=instance | Storage=String | ReadOnly=False | Shared=True | Id=13710673
INFO | Found 2 parameters named NWB_DimDiameter
INFO | SELECTED | Shared Parameter | Scope=instance | ReadOnly=False | Id=13710673
INFO | IGNORED (SharedOnly) | Shared Parameter | Scope=instance | ReadOnly=False | Id=7626172
INFO | Element 12745055 | NWB_DimDiameter | Kind=Shared Parameter | Scope=instance | Storage=String | Old='' | New='160'
SOURCE | Element 12745055 | Cat=Pipe Fittings | Family=MHT-ME-FAM-PF-PF-PVC-PTS-Bend | Type= | Level=LEVEL 04 | Name=Standard | System=Other | SizeText=160ø-160ø | Width= | Height= | Diameter=160
ELEMENT | 12745055 | Size='160ø-160ø' | Width='' | Height='' | Diameter='160' | Statuses=NWB_DimWidth:SKIP; NWB_DimHeight:SKIP; NWB_DimDiameter:OK
INFO | Candidate: NWB_DimDiameter | Scope=instance | Storage=String | ReadOnly=False | Shared=True | Id=7626172
INFO | Candidate: NWB_DimDiameter | Scope=instance | Storage=String | ReadOnly=False | Shared=True | Id=13710673
INFO | Found 2 parameters named NWB_DimDiameter
INFO | SELECTED | Shared Parameter | Scope=instance | ReadOnly=False | Id=13710673
INFO | IGNORED (SharedOnly) | Shared Parameter | Scope=instance | ReadOnly=False | Id=7626172
INFO | Element 12745057 | NWB_DimDiameter | Kind=Shared Parameter | Scope=instance | Storage=String | Old='' | New='160'
SOURCE | Element 12745057 | Cat=Pipe Fittings | Family=MHT-ME-FAM-PF-PF-PVC-PTS-Bend | Type= | Level=LEVEL 04 | Name=Standard | System=Other | SizeText=160ø-160ø | Width= | Height= | Diameter=160
ELEMENT | 12745057 | Size='160ø-160ø' | Width='' | Height='' | Diameter='160' | Statuses=NWB_DimWidth:SKIP; NWB_DimHeight:SKIP; NWB_DimDiameter:OK
INFO | Candidate: NWB_DimDiameter | Scope=instance | Storage=String | ReadOnly=False | Shared=True | Id=7626172
INFO | Candidate: NWB_DimDiameter | Scope=instance | Storage=String | ReadOnly=False | Shared=True | Id=13710673
INFO | Found 2 parameters named NWB_DimDiameter
INFO | SELECTED | Shared Parameter | Scope=instance | ReadOnly=False | Id=13710673
INFO | IGNORED (SharedOnly) | Shared Parameter | Scope=instance | ReadOnly=False | Id=7626172
INFO | Element 12745070 | NWB_DimDiameter | Kind=Shared Parameter | Scope=instance | Storage=String | Old='' | New='160'
SOURCE | Element 12745070 | Cat=Pipe Fittings | Family=MHT-ME-FAM-PF-PF-PVC-PTS-Bend | Type= | Level=LEVEL 03 | Name=Standard | System=Other | SizeText=160ø-160ø | Width= | Height= | Diameter=160
ELEMENT | 12745070 | Size='160ø-160ø' | Width='' | Height='' | Diameter='160' | Statuses=NWB_DimWidth:SKIP; NWB_DimHeight:SKIP; NWB_DimDiameter:OK
INFO | Candidate: NWB_DimDiameter | Scope=instance | Storage=String | ReadOnly=False | Shared=True | Id=7626172
INFO | Candidate: NWB_DimDiameter | Scope=instance | Storage=String | ReadOnly=False | Shared=True | Id=13710673
INFO | Found 2 parameters named NWB_DimDiameter
INFO | SELECTED | Shared Parameter | Scope=instance | ReadOnly=False | Id=13710673
INFO | IGNORED (SharedOnly) | Shared Parameter | Scope=instance | ReadOnly=False | Id=7626172
INFO | Element 12745075 | NWB_DimDiameter | Kind=Shared Parameter | Scope=instance | Storage=String | Old='' | New='160'
SOURCE | Element 12745075 | Cat=Pipe Fittings | Family=MHT-ME-FAM-PF-PF-PVC-PTS-Bend | Type= | Level=LEVEL 04 | Name=Standard | System=Other | SizeText=160ø-160ø | Width= | Height= | Diameter=160
ELEMENT | 12745075 | Size='160ø-160ø' | Width='' | Height='' | Diameter='160' | Statuses=NWB_DimWidth:SKIP; NWB_DimHeight:SKIP; NWB_DimDiameter:OK
INFO | Candidate: NWB_DimDiameter | Scope=instance | Storage=String | ReadOnly=False | Shared=True | Id=7626172
INFO | Candidate: NWB_DimDiameter | Scope=instance | Storage=String | ReadOnly=False | Shared=True | Id=13710673
INFO | Found 2 parameters named NWB_DimDiameter
INFO | SELECTED | Shared Parameter | Scope=instance | ReadOnly=False | Id=13710673
INFO | IGNORED (SharedOnly) | Shared Parameter | Scope=instance | ReadOnly=False | Id=7626172
INFO | Element 12745087 | NWB_DimDiameter | Kind=Shared Parameter | Scope=instance | Storage=String | Old='' | New='160'
SOURCE | Element 12745087 | Cat=Pipe Fittings | Family=MHT-ME-FAM-PF-PF-PVC-PTS-Bend | Type= | Level=LEVEL 04 | Name=Standard | System=Other | SizeText=160ø-160ø | Width= | Height= | Diameter=160
ELEMENT | 12745087 | Size='160ø-160ø' | Width='' | Height='' | Diameter='160' | Statuses=NWB_DimWidth:SKIP; NWB_DimHeight:SKIP; NWB_DimDiameter:OK
INFO | Candidate: NWB_DimDiameter | Scope=instance | Storage=String | ReadOnly=False | Shared=True | Id=7626172
INFO | Candidate: NWB_DimDiameter | Scope=instance | Storage=String | ReadOnly=False | Shared=True | Id=13710673
INFO | Found 2 parameters named NWB_DimDiameter
INFO | SELECTED | Shared Parameter | Scope=instance | ReadOnly=False | Id=13710673
INFO | IGNORED (SharedOnly) | Shared Parameter | Scope=instance | ReadOnly=False | Id=7626172
INFO | Element 12745108 | NWB_DimDiameter | Kind=Shared Parameter | Scope=instance | Storage=String | Old='' | New='160'
SOURCE | Element 12745108 | Cat=Pipe Fittings | Family=MHT-ME-FAM-PF-PF-PVC-PTS-Bend | Type= | Level=LEVEL 05 | Name=Standard | System=Other | SizeText=160ø-160ø | Width= | Height= | Diameter=160
ELEMENT | 12745108 | Size='160ø-160ø' | Width='' | Height='' | Diameter='160' | Statuses=NWB_DimWidth:SKIP; NWB_DimHeight:SKIP; NWB_DimDiameter:OK
INFO | Candidate: NWB_DimDiameter | Scope=instance | Storage=String | ReadOnly=False | Shared=True | Id=7626172
INFO | Candidate: NWB_DimDiameter | Scope=instance | Storage=String | ReadOnly=False | Shared=True | Id=13710673
INFO | Found 2 parameters named NWB_DimDiameter
INFO | SELECTED | Shared Parameter | Scope=instance | ReadOnly=False | Id=13710673
INFO | IGNORED (SharedOnly) | Shared Parameter | Scope=instance | ReadOnly=False | Id=7626172
INFO | Element 12745116 | NWB_DimDiameter | Kind=Shared Parameter | Scope=instance | Storage=String | Old='' | New='160'
SOURCE | Element 12745116 | Cat=Pipe Fittings | Family=MHT-ME-FAM-PF-PF-PVC-PTS-Bend | Type= | Level=LEVEL 04 | Name=Standard | System=Other | SizeText=160ø-160ø | Width= | Height= | Diameter=160
ELEMENT | 12745116 | Size='160ø-160ø' | Width='' | Height='' | Diameter='160' | Statuses=NWB_DimWidth:SKIP; NWB_DimHeight:SKIP; NWB_DimDiameter:OK
INFO | Candidate: NWB_DimDiameter | Scope=instance | Storage=String | ReadOnly=False | Shared=True | Id=7626172
INFO | Candidate: NWB_DimDiameter | Scope=instance | Storage=String | ReadOnly=False | Shared=True | Id=13710673
INFO | Found 2 parameters named NWB_DimDiameter
INFO | SELECTED | Shared Parameter | Scope=instance | ReadOnly=False | Id=13710673
INFO | IGNORED (SharedOnly) | Shared Parameter | Scope=instance | ReadOnly=False | Id=7626172
INFO | Element 12745133 | NWB_DimDiameter | Kind=Shared Parameter | Scope=instance | Storage=String | Old='' | New='160'
SOURCE | Element 12745133 | Cat=Pipe Fittings | Family=MHT-ME-FAM-PF-PF-PVC-PTS-Bend | Type= | Level=LEVEL 01 | Name=Standard | System=Other | SizeText=160ø-160ø | Width= | Height= | Diameter=160
ELEMENT | 12745133 | Size='160ø-160ø' | Width='' | Height='' | Diameter='160' | Statuses=NWB_DimWidth:SKIP; NWB_DimHeight:SKIP; NWB_DimDiameter:OK
INFO | Candidate: NWB_DimDiameter | Scope=instance | Storage=String | ReadOnly=False | Shared=True | Id=7626172
INFO | Candidate: NWB_DimDiameter | Scope=instance | Storage=String | ReadOnly=False | Shared=True | Id=13710673
INFO | Found 2 parameters named NWB_DimDiameter
INFO | SELECTED | Shared Parameter | Scope=instance | ReadOnly=False | Id=13710673
INFO | IGNORED (SharedOnly) | Shared Parameter | Scope=instance | ReadOnly=False | Id=7626172
INFO | Element 12755049 | NWB_DimDiameter | Kind=Shared Parameter | Scope=instance | Storage=String | Old='' | New='160'
SOURCE | Element 12755049 | Cat=Pipe Fittings | Family=MHT-ME-FAM-PF-PF-PVC-PTS-Bend | Type= | Level=LEVEL 05 | Name=Standard | System=Other | SizeText=160ø-160ø | Width= | Height= | Diameter=160
ELEMENT | 12755049 | Size='160ø-160ø' | Width='' | Height='' | Diameter='160' | Statuses=NWB_DimWidth:SKIP; NWB_DimHeight:SKIP; NWB_DimDiameter:OK
INFO | Candidate: NWB_DimDiameter | Scope=instance | Storage=String | ReadOnly=False | Shared=True | Id=7626172
INFO | Candidate: NWB_DimDiameter | Scope=instance | Storage=String | ReadOnly=False | Shared=True | Id=13710673
INFO | Found 2 parameters named NWB_DimDiameter
INFO | SELECTED | Shared Parameter | Scope=instance | ReadOnly=False | Id=13710673
INFO | IGNORED (SharedOnly) | Shared Parameter | Scope=instance | ReadOnly=False | Id=7626172
INFO | Element 12755051 | NWB_DimDiameter | Kind=Shared Parameter | Scope=instance | Storage=String | Old='' | New='160'
SOURCE | Element 12755051 | Cat=Pipe Fittings | Family=MHT-ME-FAM-PF-PF-PVC-PTS-Bend | Type= | Level=LEVEL 05 | Name=Standard | System=Other | SizeText=160ø-160ø | Width= | Height= | Diameter=160
ELEMENT | 12755051 | Size='160ø-160ø' | Width='' | Height='' | Diameter='160' | Statuses=NWB_DimWidth:SKIP; NWB_DimHeight:SKIP; NWB_DimDiameter:OK
INFO | Candidate: NWB_DimDiameter | Scope=instance | Storage=String | ReadOnly=False | Shared=True | Id=7626172
INFO | Candidate: NWB_DimDiameter | Scope=instance | Storage=String | ReadOnly=False | Shared=True | Id=13710673
INFO | Found 2 parameters named NWB_DimDiameter
INFO | SELECTED | Shared Parameter | Scope=instance | ReadOnly=False | Id=13710673
INFO | IGNORED (SharedOnly) | Shared Parameter | Scope=instance | ReadOnly=False | Id=7626172
INFO | Element 13231538 | NWB_DimDiameter | Kind=Shared Parameter | Scope=instance | Storage=String | Old='' | New='160'
SOURCE | Element 13231538 | Cat=Pipe Fittings | Family=MHT-ME-FAM-PF-PF-PVC-PTS-Bend | Type= | Level=LEVEL 02 | Name=Standard | System=Hydronic Supply | SizeText=160ø-160ø | Width= | Height= | Diameter=160
ELEMENT | 13231538 | Size='160ø-160ø' | Width='' | Height='' | Diameter='160' | Statuses=NWB_DimWidth:SKIP; NWB_DimHeight:SKIP; NWB_DimDiameter:OK
INFO | Candidate: NWB_DimDiameter | Scope=instance | Storage=String | ReadOnly=False | Shared=True | Id=7626172
INFO | Candidate: NWB_DimDiameter | Scope=instance | Storage=String | ReadOnly=False | Shared=True | Id=13710673
INFO | Found 2 parameters named NWB_DimDiameter
INFO | SELECTED | Shared Parameter | Scope=instance | ReadOnly=False | Id=13710673
INFO | IGNORED (SharedOnly) | Shared Parameter | Scope=instance | ReadOnly=False | Id=7626172
INFO | Element 13231542 | NWB_DimDiameter | Kind=Shared Parameter | Scope=instance | Storage=String | Old='' | New='160'
SOURCE | Element 13231542 | Cat=Pipe Fittings | Family=MHT-ME-FAM-PF-PF-PVC-PTS-Bend | Type= | Level=LEVEL 02 | Name=Standard | System=Hydronic Supply | SizeText=160ø-160ø | Width= | Height= | Diameter=160
ELEMENT | 13231542 | Size='160ø-160ø' | Width='' | Height='' | Diameter='160' | Statuses=NWB_DimWidth:SKIP; NWB_DimHeight:SKIP; NWB_DimDiameter:OK
INFO | Candidate: NWB_DimDiameter | Scope=instance | Storage=String | ReadOnly=False | Shared=True | Id=7626172
INFO | Candidate: NWB_DimDiameter | Scope=instance | Storage=String | ReadOnly=False | Shared=True | Id=13710673
INFO | Found 2 parameters named NWB_DimDiameter
INFO | SELECTED | Shared Parameter | Scope=instance | ReadOnly=False | Id=13710673
INFO | IGNORED (SharedOnly) | Shared Parameter | Scope=instance | ReadOnly=False | Id=7626172
INFO | Element 13231544 | NWB_DimDiameter | Kind=Shared Parameter | Scope=instance | Storage=String | Old='' | New='160'
SOURCE | Element 13231544 | Cat=Pipe Fittings | Family=MHT-ME-FAM-PF-PF-PVC-PTS-Bend | Type= | Level=LEVEL 02 | Name=Standard | System=Other,Hydronic Supply | SizeText=160ø-160ø | Width= | Height= | Diameter=160
ELEMENT | 13231544 | Size='160ø-160ø' | Width='' | Height='' | Diameter='160' | Statuses=NWB_DimWidth:SKIP; NWB_DimHeight:SKIP; NWB_DimDiameter:OK
INFO | Transaction Status = Committed
CHUNK COMMIT | Status=Committed | Processed=480
INFO | VERIFY OK | Element 14087847 | Parameter=NWB_DimDiameter | Kind=Shared Parameter | Scope=instance | Id=13710673 | Actual='160'
INFO | VERIFY OK | Element 14088020 | Parameter=NWB_DimDiameter | Kind=Shared Parameter | Scope=instance | Id=13710673 | Actual='160'
INFO | VERIFY OK | Element 14088055 | Parameter=NWB_DimDiameter | Kind=Shared Parameter | Scope=instance | Id=13710673 | Actual='160'
INFO | VERIFY OK | Element 14089366 | Parameter=NWB_DimDiameter | Kind=Shared Parameter | Scope=instance | Id=13710673 | Actual='160'
INFO | VERIFY OK | Element 14089367 | Parameter=NWB_DimDiameter | Kind=Shared Parameter | Scope=instance | Id=13710673 | Actual='160'
INFO | VERIFY OK | Element 14089962 | Parameter=NWB_DimDiameter | Kind=Shared Parameter | Scope=instance | Id=13710673 | Actual='160'
INFO | VERIFY OK | Element 14090372 | Parameter=NWB_DimDiameter | Kind=Shared Parameter | Scope=instance | Id=13710673 | Actual='160'
INFO | VERIFY OK | Element 14090380 | Parameter=NWB_DimDiameter | Kind=Shared Parameter | Scope=instance | Id=13710673 | Actual='160'
INFO | VERIFY OK | Element 14090391 | Parameter=NWB_DimDiameter | Kind=Shared Parameter | Scope=instance | Id=13710673 | Actual='160'
INFO | VERIFY OK | Element 14090661 | Parameter=NWB_DimDiameter | Kind=Shared Parameter | Scope=instance | Id=13710673 | Actual='160'
INFO | VERIFY OK | Element 14090753 | Parameter=NWB_DimDiameter | Kind=Shared Parameter | Scope=instance | Id=13710673 | Actual='160'
INFO | VERIFY OK | Element 14090946 | Parameter=NWB_DimDiameter | Kind=Shared Parameter | Scope=instance | Id=13710673 | Actual='160'
INFO | VERIFY OK | Element 14090947 | Parameter=NWB_DimDiameter | Kind=Shared Parameter | Scope=instance | Id=13710673 | Actual='160'
INFO | VERIFY OK | Element 15615524 | Parameter=NWB_DimDiameter | Kind=Shared Parameter | Scope=instance | Id=13710673 | Actual='160'
INFO | VERIFY OK | Element 15615525 | Parameter=NWB_DimDiameter | Kind=Shared Parameter | Scope=instance | Id=13710673 | Actual='160'
INFO | VERIFY OK | Element 15615541 | Parameter=NWB_DimDiameter | Kind=Shared Parameter | Scope=instance | Id=13710673 | Actual='160'
INFO | VERIFY OK | Element 15615542 | Parameter=NWB_DimDiameter | Kind=Shared Parameter | Scope=instance | Id=13710673 | Actual='160'
INFO | VERIFY OK | Element 15615717 | Parameter=NWB_DimDiameter | Kind=Shared Parameter | Scope=instance | Id=13710673 | Actual='160'
INFO | VERIFY OK | Element 15615725 | Parameter=NWB_DimDiameter | Kind=Shared Parameter | Scope=instance | Id=13710673 | Actual='160'
INFO | VERIFY OK | Element 15615789 | Parameter=NWB_DimDiameter | Kind=Shared Parameter | Scope=instance | Id=13710673 | Actual='160'
INFO | VERIFY OK | Element 15975982 | Parameter=NWB_DimDiameter | Kind=Shared Parameter | Scope=instance | Id=13710673 | Actual='160'
INFO | VERIFY OK | Element 15975988 | Parameter=NWB_DimDiameter | Kind=Shared Parameter | Scope=instance | Id=13710673 | Actual='160'
INFO | VERIFY OK | Element 15975991 | Parameter=NWB_DimDiameter | Kind=Shared Parameter | Scope=instance | Id=13710673 | Actual='160'
INFO | VERIFY OK | Element 15976149 | Parameter=NWB_DimDiameter | Kind=Shared Parameter | Scope=instance | Id=13710673 | Actual='160'
INFO | VERIFY OK | Element 15976257 | Parameter=NWB_DimDiameter | Kind=Shared Parameter | Scope=instance | Id=13710673 | Actual='160'
INFO | VERIFY OK | Element 15976363 | Parameter=NWB_DimDiameter | Kind=Shared Parameter | Scope=instance | Id=13710673 | Actual='160'
INFO | VERIFY OK | Element 15976364 | Parameter=NWB_DimDiameter | Kind=Shared Parameter | Scope=instance | Id=13710673 | Actual='160'
INFO | VERIFY OK | Element 16722125 | Parameter=NWB_DimDiameter | Kind=Shared Parameter | Scope=instance | Id=13710673 | Actual='160'
INFO | VERIFY OK | Element 16939008 | Parameter=NWB_DimDiameter | Kind=Shared Parameter | Scope=instance | Id=13710673 | Actual='160'
INFO | VERIFY OK | Element 16939010 | Parameter=NWB_DimDiameter | Kind=Shared Parameter | Scope=instance | Id=13710673 | Actual='160'
INFO | VERIFY OK | Element 16939020 | Parameter=NWB_DimDiameter | Kind=Shared Parameter | Scope=instance | Id=13710673 | Actual='160'
INFO | VERIFY OK | Element 16939033 | Parameter=NWB_DimDiameter | Kind=Shared Parameter | Scope=instance | Id=13710673 | Actual='160'
INFO | VERIFY OK | Element 16939064 | Parameter=NWB_DimDiameter | Kind=Shared Parameter | Scope=instance | Id=13710673 | Actual='160'
INFO | VERIFY OK | Element 16939069 | Parameter=NWB_DimDiameter | Kind=Shared Parameter | Scope=instance | Id=13710673 | Actual='160'
INFO | VERIFY OK | Element 12557435 | Parameter=NWB_DimDiameter | Kind=Shared Parameter | Scope=instance | Id=13710673 | Actual='160'
INFO | VERIFY OK | Element 12557449 | Parameter=NWB_DimDiameter | Kind=Shared Parameter | Scope=instance | Id=13710673 | Actual='160'
INFO | VERIFY OK | Element 12557453 | Parameter=NWB_DimDiameter | Kind=Shared Parameter | Scope=instance | Id=13710673 | Actual='160'
INFO | VERIFY OK | Element 12557457 | Parameter=NWB_DimDiameter | Kind=Shared Parameter | Scope=instance | Id=13710673 | Actual='160'
INFO | VERIFY OK | Element 12557463 | Parameter=NWB_DimDiameter | Kind=Shared Parameter | Scope=instance | Id=13710673 | Actual='160'
INFO | VERIFY OK | Element 12562302 | Parameter=NWB_DimDiameter | Kind=Shared Parameter | Scope=instance | Id=13710673 | Actual='160'
INFO | VERIFY OK | Element 12562320 | Parameter=NWB_DimDiameter | Kind=Shared Parameter | Scope=instance | Id=13710673 | Actual='160'
INFO | VERIFY OK | Element 12562324 | Parameter=NWB_DimDiameter | Kind=Shared Parameter | Scope=instance | Id=13710673 | Actual='160'
INFO | VERIFY OK | Element 12562328 | Parameter=NWB_DimDiameter | Kind=Shared Parameter | Scope=instance | Id=13710673 | Actual='160'
INFO | VERIFY OK | Element 12562332 | Parameter=NWB_DimDiameter | Kind=Shared Parameter | Scope=instance | Id=13710673 | Actual='160'
INFO | VERIFY OK | Element 12562340 | Parameter=NWB_DimDiameter | Kind=Shared Parameter | Scope=instance | Id=13710673 | Actual='160'
INFO | VERIFY OK | Element 12562344 | Parameter=NWB_DimDiameter | Kind=Shared Parameter | Scope=instance | Id=13710673 | Actual='160'
INFO | VERIFY OK | Element 12562348 | Parameter=NWB_DimDiameter | Kind=Shared Parameter | Scope=instance | Id=13710673 | Actual='160'
INFO | VERIFY OK | Element 12562352 | Parameter=NWB_DimDiameter | Kind=Shared Parameter | Scope=instance | Id=13710673 | Actual='160'
INFO | VERIFY OK | Element 12562356 | Parameter=NWB_DimDiameter | Kind=Shared Parameter | Scope=instance | Id=13710673 | Actual='160'
INFO | VERIFY OK | Element 12562373 | Parameter=NWB_DimDiameter | Kind=Shared Parameter | Scope=instance | Id=13710673 | Actual='160'
INFO | VERIFY OK | Element 12562406 | Parameter=NWB_DimDiameter | Kind=Shared Parameter | Scope=instance | Id=13710673 | Actual='160'
INFO | VERIFY OK | Element 12562416 | Parameter=NWB_DimDiameter | Kind=Shared Parameter | Scope=instance | Id=13710673 | Actual='160'
INFO | VERIFY OK | Element 12562419 | Parameter=NWB_DimDiameter | Kind=Shared Parameter | Scope=instance | Id=13710673 | Actual='160'
INFO | VERIFY OK | Element 12562421 | Parameter=NWB_DimDiameter | Kind=Shared Parameter | Scope=instance | Id=13710673 | Actual='160'
INFO | VERIFY OK | Element 12690123 | Parameter=NWB_DimDiameter | Kind=Shared Parameter | Scope=instance | Id=13710673 | Actual='160'
INFO | VERIFY OK | Element 12690127 | Parameter=NWB_DimDiameter | Kind=Shared Parameter | Scope=instance | Id=13710673 | Actual='160'
INFO | VERIFY OK | Element 12690131 | Parameter=NWB_DimDiameter | Kind=Shared Parameter | Scope=instance | Id=13710673 | Actual='160'
INFO | VERIFY OK | Element 12690146 | Parameter=NWB_DimDiameter | Kind=Shared Parameter | Scope=instance | Id=13710673 | Actual='160'
INFO | VERIFY OK | Element 12690150 | Parameter=NWB_DimDiameter | Kind=Shared Parameter | Scope=instance | Id=13710673 | Actual='160'
INFO | VERIFY OK | Element 12690154 | Parameter=NWB_DimDiameter | Kind=Shared Parameter | Scope=instance | Id=13710673 | Actual='160'
INFO | VERIFY OK | Element 12690158 | Parameter=NWB_DimDiameter | Kind=Shared Parameter | Scope=instance | Id=13710673 | Actual='160'
INFO | VERIFY OK | Element 12690183 | Parameter=NWB_DimDiameter | Kind=Shared Parameter | Scope=instance | Id=13710673 | Actual='160'
INFO | VERIFY OK | Element 12690187 | Parameter=NWB_DimDiameter | Kind=Shared Parameter | Scope=instance | Id=13710673 | Actual='160'
INFO | VERIFY OK | Element 12690206 | Parameter=NWB_DimDiameter | Kind=Shared Parameter | Scope=instance | Id=13710673 | Actual='160'
INFO | VERIFY OK | Element 12690215 | Parameter=NWB_DimDiameter | Kind=Shared Parameter | Scope=instance | Id=13710673 | Actual='160'
INFO | VERIFY OK | Element 12690219 | Parameter=NWB_DimDiameter | Kind=Shared Parameter | Scope=instance | Id=13710673 | Actual='160'
INFO | VERIFY OK | Element 12690233 | Parameter=NWB_DimDiameter | Kind=Shared Parameter | Scope=instance | Id=13710673 | Actual='160'
INFO | VERIFY OK | Element 12690237 | Parameter=NWB_DimDiameter | Kind=Shared Parameter | Scope=instance | Id=13710673 | Actual='160'
INFO | VERIFY OK | Element 12692965 | Parameter=NWB_DimDiameter | Kind=Shared Parameter | Scope=instance | Id=13710673 | Actual='160'
INFO | VERIFY OK | Element 12692974 | Parameter=NWB_DimDiameter | Kind=Shared Parameter | Scope=instance | Id=13710673 | Actual='160'
INFO | VERIFY OK | Element 12692980 | Parameter=NWB_DimDiameter | Kind=Shared Parameter | Scope=instance | Id=13710673 | Actual='160'
INFO | VERIFY OK | Element 12692984 | Parameter=NWB_DimDiameter | Kind=Shared Parameter | Scope=instance | Id=13710673 | Actual='160'
INFO | VERIFY OK | Element 12692989 | Parameter=NWB_DimDiameter | Kind=Shared Parameter | Scope=instance | Id=13710673 | Actual='160'
INFO | VERIFY OK | Element 12692998 | Parameter=NWB_DimDiameter | Kind=Shared Parameter | Scope=instance | Id=13710673 | Actual='160'
INFO | VERIFY OK | Element 12693002 | Parameter=NWB_DimDiameter | Kind=Shared Parameter | Scope=instance | Id=13710673 | Actual='160'
INFO | VERIFY OK | Element 12693006 | Parameter=NWB_DimDiameter | Kind=Shared Parameter | Scope=instance | Id=13710673 | Actual='160'
INFO | VERIFY OK | Element 12693010 | Parameter=NWB_DimDiameter | Kind=Shared Parameter | Scope=instance | Id=13710673 | Actual='160'
INFO | VERIFY OK | Element 12693014 | Parameter=NWB_DimDiameter | Kind=Shared Parameter | Scope=instance | Id=13710673 | Actual='160'
INFO | VERIFY OK | Element 12693018 | Parameter=NWB_DimDiameter | Kind=Shared Parameter | Scope=instance | Id=13710673 | Actual='160'
INFO | VERIFY OK | Element 12693052 | Parameter=NWB_DimDiameter | Kind=Shared Parameter | Scope=instance | Id=13710673 | Actual='160'
INFO | VERIFY OK | Element 12693056 | Parameter=NWB_DimDiameter | Kind=Shared Parameter | Scope=instance | Id=13710673 | Actual='160'
INFO | VERIFY OK | Element 12693060 | Parameter=NWB_DimDiameter | Kind=Shared Parameter | Scope=instance | Id=13710673 | Actual='160'
INFO | VERIFY OK | Element 12693091 | Parameter=NWB_DimDiameter | Kind=Shared Parameter | Scope=instance | Id=13710673 | Actual='160'
INFO | VERIFY OK | Element 12693095 | Parameter=NWB_DimDiameter | Kind=Shared Parameter | Scope=instance | Id=13710673 | Actual='160'
INFO | VERIFY OK | Element 12693111 | Parameter=NWB_DimDiameter | Kind=Shared Parameter | Scope=instance | Id=13710673 | Actual='160'
INFO | VERIFY OK | Element 12693165 | Parameter=NWB_DimDiameter | Kind=Shared Parameter | Scope=instance | Id=13710673 | Actual='160'
INFO | VERIFY OK | Element 12693171 | Parameter=NWB_DimDiameter | Kind=Shared Parameter | Scope=instance | Id=13710673 | Actual='160'
INFO | VERIFY OK | Element 12693175 | Parameter=NWB_DimDiameter | Kind=Shared Parameter | Scope=instance | Id=13710673 | Actual='160'
INFO | VERIFY OK | Element 12693179 | Parameter=NWB_DimDiameter | Kind=Shared Parameter | Scope=instance | Id=13710673 | Actual='160'
INFO | VERIFY OK | Element 12693183 | Parameter=NWB_DimDiameter | Kind=Shared Parameter | Scope=instance | Id=13710673 | Actual='160'
INFO | VERIFY OK | Element 12693187 | Parameter=NWB_DimDiameter | Kind=Shared Parameter | Scope=instance | Id=13710673 | Actual='160'
INFO | VERIFY OK | Element 12708212 | Parameter=NWB_DimDiameter | Kind=Shared Parameter | Scope=instance | Id=13710673 | Actual='160'
INFO | VERIFY OK | Element 12708227 | Parameter=NWB_DimDiameter | Kind=Shared Parameter | Scope=instance | Id=13710673 | Actual='160'
INFO | VERIFY OK | Element 12708336 | Parameter=NWB_DimDiameter | Kind=Shared Parameter | Scope=instance | Id=13710673 | Actual='160'
INFO | VERIFY OK | Element 12708338 | Parameter=NWB_DimDiameter | Kind=Shared Parameter | Scope=instance | Id=13710673 | Actual='160'
INFO | VERIFY OK | Element 12708343 | Parameter=NWB_DimDiameter | Kind=Shared Parameter | Scope=instance | Id=13710673 | Actual='160'
INFO | VERIFY OK | Element 12708345 | Parameter=NWB_DimDiameter | Kind=Shared Parameter | Scope=instance | Id=13710673 | Actual='160'
INFO | VERIFY OK | Element 12725843 | Parameter=NWB_DimDiameter | Kind=Shared Parameter | Scope=instance | Id=13710673 | Actual='160'
INFO | VERIFY OK | Element 12725847 | Parameter=NWB_DimDiameter | Kind=Shared Parameter | Scope=instance | Id=13710673 | Actual='160'
INFO | VERIFY OK | Element 12725891 | Parameter=NWB_DimDiameter | Kind=Shared Parameter | Scope=instance | Id=13710673 | Actual='160'
INFO | VERIFY OK | Element 12725893 | Parameter=NWB_DimDiameter | Kind=Shared Parameter | Scope=instance | Id=13710673 | Actual='160'
INFO | VERIFY OK | Element 12730707 | Parameter=NWB_DimDiameter | Kind=Shared Parameter | Scope=instance | Id=13710673 | Actual='160'
INFO | VERIFY OK | Element 12739410 | Parameter=NWB_DimDiameter | Kind=Shared Parameter | Scope=instance | Id=13710673 | Actual='160'
INFO | VERIFY OK | Element 12739449 | Parameter=NWB_DimDiameter | Kind=Shared Parameter | Scope=instance | Id=13710673 | Actual='160'
INFO | VERIFY OK | Element 12739456 | Parameter=NWB_DimDiameter | Kind=Shared Parameter | Scope=instance | Id=13710673 | Actual='160'
INFO | VERIFY OK | Element 12745047 | Parameter=NWB_DimDiameter | Kind=Shared Parameter | Scope=instance | Id=13710673 | Actual='160'
INFO | VERIFY OK | Element 12745049 | Parameter=NWB_DimDiameter | Kind=Shared Parameter | Scope=instance | Id=13710673 | Actual='160'
INFO | VERIFY OK | Element 12745055 | Parameter=NWB_DimDiameter | Kind=Shared Parameter | Scope=instance | Id=13710673 | Actual='160'
INFO | VERIFY OK | Element 12745057 | Parameter=NWB_DimDiameter | Kind=Shared Parameter | Scope=instance | Id=13710673 | Actual='160'
INFO | VERIFY OK | Element 12745070 | Parameter=NWB_DimDiameter | Kind=Shared Parameter | Scope=instance | Id=13710673 | Actual='160'
INFO | VERIFY OK | Element 12745075 | Parameter=NWB_DimDiameter | Kind=Shared Parameter | Scope=instance | Id=13710673 | Actual='160'
INFO | VERIFY OK | Element 12745087 | Parameter=NWB_DimDiameter | Kind=Shared Parameter | Scope=instance | Id=13710673 | Actual='160'
INFO | VERIFY OK | Element 12745108 | Parameter=NWB_DimDiameter | Kind=Shared Parameter | Scope=instance | Id=13710673 | Actual='160'
INFO | VERIFY OK | Element 12745116 | Parameter=NWB_DimDiameter | Kind=Shared Parameter | Scope=instance | Id=13710673 | Actual='160'
INFO | VERIFY OK | Element 12745133 | Parameter=NWB_DimDiameter | Kind=Shared Parameter | Scope=instance | Id=13710673 | Actual='160'
INFO | VERIFY OK | Element 12755049 | Parameter=NWB_DimDiameter | Kind=Shared Parameter | Scope=instance | Id=13710673 | Actual='160'
INFO | VERIFY OK | Element 12755051 | Parameter=NWB_DimDiameter | Kind=Shared Parameter | Scope=instance | Id=13710673 | Actual='160'
INFO | VERIFY OK | Element 13231538 | Parameter=NWB_DimDiameter | Kind=Shared Parameter | Scope=instance | Id=13710673 | Actual='160'
INFO | VERIFY OK | Element 13231542 | Parameter=NWB_DimDiameter | Kind=Shared Parameter | Scope=instance | Id=13710673 | Actual='160'
INFO | VERIFY OK | Element 13231544 | Parameter=NWB_DimDiameter | Kind=Shared Parameter | Scope=instance | Id=13710673 | Actual='160'
INFO | Candidate: NWB_DimDiameter | Scope=instance | Storage=String | ReadOnly=False | Shared=True | Id=7626172
INFO | Candidate: NWB_DimDiameter | Scope=instance | Storage=String | ReadOnly=False | Shared=True | Id=13710673
INFO | Found 2 parameters named NWB_DimDiameter
INFO | SELECTED | Shared Parameter | Scope=instance | ReadOnly=False | Id=13710673
INFO | IGNORED (SharedOnly) | Shared Parameter | Scope=instance | ReadOnly=False | Id=7626172
INFO | Element 13231547 | NWB_DimDiameter | Kind=Shared Parameter | Scope=instance | Storage=String | Old='' | New='160'
SOURCE | Element 13231547 | Cat=Pipe Fittings | Family=MHT-ME-FAM-PF-PF-PVC-PTS-Bend | Type= | Level=LEVEL 02 | Name=Standard | System=Hydronic Supply | SizeText=160ø-160ø | Width= | Height= | Diameter=160
ELEMENT | 13231547 | Size='160ø-160ø' | Width='' | Height='' | Diameter='160' | Statuses=NWB_DimWidth:SKIP; NWB_DimHeight:SKIP; NWB_DimDiameter:OK
INFO | Candidate: NWB_DimDiameter | Scope=instance | Storage=String | ReadOnly=False | Shared=True | Id=7626172
INFO | Candidate: NWB_DimDiameter | Scope=instance | Storage=String | ReadOnly=False | Shared=True | Id=13710673
INFO | Found 2 parameters named NWB_DimDiameter
INFO | SELECTED | Shared Parameter | Scope=instance | ReadOnly=False | Id=13710673
INFO | IGNORED (SharedOnly) | Shared Parameter | Scope=instance | ReadOnly=False | Id=7626172
INFO | Element 13231549 | NWB_DimDiameter | Kind=Shared Parameter | Scope=instance | Storage=String | Old='' | New='160'
SOURCE | Element 13231549 | Cat=Pipe Fittings | Family=MHT-ME-FAM-PF-PF-PVC-PTS-Bend | Type= | Level=LEVEL 02 | Name=Standard | System=Hydronic Supply | SizeText=160ø-160ø | Width= | Height= | Diameter=160
ELEMENT | 13231549 | Size='160ø-160ø' | Width='' | Height='' | Diameter='160' | Statuses=NWB_DimWidth:SKIP; NWB_DimHeight:SKIP; NWB_DimDiameter:OK
INFO | Candidate: NWB_DimDiameter | Scope=instance | Storage=String | ReadOnly=False | Shared=True | Id=7626172
INFO | Candidate: NWB_DimDiameter | Scope=instance | Storage=String | ReadOnly=False | Shared=True | Id=13710673
INFO | Found 2 parameters named NWB_DimDiameter
INFO | SELECTED | Shared Parameter | Scope=instance | ReadOnly=False | Id=13710673
INFO | IGNORED (SharedOnly) | Shared Parameter | Scope=instance | ReadOnly=False | Id=7626172
INFO | Element 13760774 | NWB_DimDiameter | Kind=Shared Parameter | Scope=instance | Storage=String | Old='' | New='160'
SOURCE | Element 13760774 | Cat=Pipe Fittings | Family=MHT-ME-FAM-PF-PF-PVC-PTS-Bend | Type= | Level=LEVEL 06 | Name=Standard | System=Other | SizeText=160ø-160ø | Width= | Height= | Diameter=160
ELEMENT | 13760774 | Size='160ø-160ø' | Width='' | Height='' | Diameter='160' | Statuses=NWB_DimWidth:SKIP; NWB_DimHeight:SKIP; NWB_DimDiameter:OK
INFO | Candidate: NWB_DimDiameter | Scope=instance | Storage=String | ReadOnly=False | Shared=True | Id=7626172
INFO | Candidate: NWB_DimDiameter | Scope=instance | Storage=String | ReadOnly=False | Shared=True | Id=13710673
INFO | Found 2 parameters named NWB_DimDiameter
INFO | SELECTED | Shared Parameter | Scope=instance | ReadOnly=False | Id=13710673
INFO | IGNORED (SharedOnly) | Shared Parameter | Scope=instance | ReadOnly=False | Id=7626172
INFO | Element 13760790 | NWB_DimDiameter | Kind=Shared Parameter | Scope=instance | Storage=String | Old='' | New='160'
SOURCE | Element 13760790 | Cat=Pipe Fittings | Family=MHT-ME-FAM-PF-PF-PVC-PTS-Bend | Type= | Level=LEVEL 04 | Name=Standard | System=Other | SizeText=160ø-160ø | Width= | Height= | Diameter=160
ELEMENT | 13760790 | Size='160ø-160ø' | Width='' | Height='' | Diameter='160' | Statuses=NWB_DimWidth:SKIP; NWB_DimHeight:SKIP; NWB_DimDiameter:OK
INFO | Candidate: NWB_DimDiameter | Scope=instance | Storage=String | ReadOnly=False | Shared=True | Id=7626172
INFO | Candidate: NWB_DimDiameter | Scope=instance | Storage=String | ReadOnly=False | Shared=True | Id=13710673
INFO | Found 2 parameters named NWB_DimDiameter
INFO | SELECTED | Shared Parameter | Scope=instance | ReadOnly=False | Id=13710673
INFO | IGNORED (SharedOnly) | Shared Parameter | Scope=instance | ReadOnly=False | Id=7626172
INFO | Element 13760792 | NWB_DimDiameter | Kind=Shared Parameter | Scope=instance | Storage=String | Old='' | New='160'
SOURCE | Element 13760792 | Cat=Pipe Fittings | Family=MHT-ME-FAM-PF-PF-PVC-PTS-Bend | Type= | Level=LEVEL 03 | Name=Standard | System=Other | SizeText=160ø-160ø | Width= | Height= | Diameter=160
ELEMENT | 13760792 | Size='160ø-160ø' | Width='' | Height='' | Diameter='160' | Statuses=NWB_DimWidth:SKIP; NWB_DimHeight:SKIP; NWB_DimDiameter:OK
INFO | Candidate: NWB_DimDiameter | Scope=instance | Storage=String | ReadOnly=False | Shared=True | Id=7626172
INFO | Candidate: NWB_DimDiameter | Scope=instance | Storage=String | ReadOnly=False | Shared=True | Id=13710673
INFO | Found 2 parameters named NWB_DimDiameter
INFO | SELECTED | Shared Parameter | Scope=instance | ReadOnly=False | Id=13710673
INFO | IGNORED (SharedOnly) | Shared Parameter | Scope=instance | ReadOnly=False | Id=7626172
INFO | Element 13813863 | NWB_DimDiameter | Kind=Shared Parameter | Scope=instance | Storage=String | Old='' | New='160'
SOURCE | Element 13813863 | Cat=Pipe Fittings | Family=MHT-ME-FAM-PF-PF-PVC-PTS-Bend | Type= | Level=LEVEL 04 | Name=Standard | System=Other | SizeText=160ø-160ø | Width= | Height= | Diameter=160
ELEMENT | 13813863 | Size='160ø-160ø' | Width='' | Height='' | Diameter='160' | Statuses=NWB_DimWidth:SKIP; NWB_DimHeight:SKIP; NWB_DimDiameter:OK
INFO | Candidate: NWB_DimDiameter | Scope=instance | Storage=String | ReadOnly=False | Shared=True | Id=7626172
INFO | Candidate: NWB_DimDiameter | Scope=instance | Storage=String | ReadOnly=False | Shared=True | Id=13710673
INFO | Found 2 parameters named NWB_DimDiameter
INFO | SELECTED | Shared Parameter | Scope=instance | ReadOnly=False | Id=13710673
INFO | IGNORED (SharedOnly) | Shared Parameter | Scope=instance | ReadOnly=False | Id=7626172
INFO | Element 13813865 | NWB_DimDiameter | Kind=Shared Parameter | Scope=instance | Storage=String | Old='' | New='160'
SOURCE | Element 13813865 | Cat=Pipe Fittings | Family=MHT-ME-FAM-PF-PF-PVC-PTS-Bend | Type= | Level=LEVEL 04 | Name=Standard | System=Other | SizeText=160ø-160ø | Width= | Height= | Diameter=160
ELEMENT | 13813865 | Size='160ø-160ø' | Width='' | Height='' | Diameter='160' | Statuses=NWB_DimWidth:SKIP; NWB_DimHeight:SKIP; NWB_DimDiameter:OK
INFO | Candidate: NWB_DimDiameter | Scope=instance | Storage=String | ReadOnly=False | Shared=True | Id=7626172
INFO | Candidate: NWB_DimDiameter | Scope=instance | Storage=String | ReadOnly=False | Shared=True | Id=13710673
INFO | Found 2 parameters named NWB_DimDiameter
INFO | SELECTED | Shared Parameter | Scope=instance | ReadOnly=False | Id=13710673
INFO | IGNORED (SharedOnly) | Shared Parameter | Scope=instance | ReadOnly=False | Id=7626172
INFO | Element 13813867 | NWB_DimDiameter | Kind=Shared Parameter | Scope=instance | Storage=String | Old='' | New='160'
SOURCE | Element 13813867 | Cat=Pipe Fittings | Family=MHT-ME-FAM-PF-PF-PVC-PTS-Bend | Type= | Level=LEVEL 04 | Name=Standard | System=Other | SizeText=160ø-160ø | Width= | Height= | Diameter=160
ELEMENT | 13813867 | Size='160ø-160ø' | Width='' | Height='' | Diameter='160' | Statuses=NWB_DimWidth:SKIP; NWB_DimHeight:SKIP; NWB_DimDiameter:OK
INFO | Candidate: NWB_DimDiameter | Scope=instance | Storage=String | ReadOnly=False | Shared=True | Id=7626172
INFO | Candidate: NWB_DimDiameter | Scope=instance | Storage=String | ReadOnly=False | Shared=True | Id=13710673
INFO | Found 2 parameters named NWB_DimDiameter
INFO | SELECTED | Shared Parameter | Scope=instance | ReadOnly=False | Id=13710673
INFO | IGNORED (SharedOnly) | Shared Parameter | Scope=instance | ReadOnly=False | Id=7626172
INFO | Element 13813869 | NWB_DimDiameter | Kind=Shared Parameter | Scope=instance | Storage=String | Old='' | New='160'
SOURCE | Element 13813869 | Cat=Pipe Fittings | Family=MHT-ME-FAM-PF-PF-PVC-PTS-Bend | Type= | Level=LEVEL 03 | Name=Standard | System=Other | SizeText=160ø-160ø | Width= | Height= | Diameter=160
ELEMENT | 13813869 | Size='160ø-160ø' | Width='' | Height='' | Diameter='160' | Statuses=NWB_DimWidth:SKIP; NWB_DimHeight:SKIP; NWB_DimDiameter:OK
INFO | Candidate: NWB_DimDiameter | Scope=instance | Storage=String | ReadOnly=False | Shared=True | Id=7626172
INFO | Candidate: NWB_DimDiameter | Scope=instance | Storage=String | ReadOnly=False | Shared=True | Id=13710673
INFO | Found 2 parameters named NWB_DimDiameter
INFO | SELECTED | Shared Parameter | Scope=instance | ReadOnly=False | Id=13710673
INFO | IGNORED (SharedOnly) | Shared Parameter | Scope=instance | ReadOnly=False | Id=7626172
INFO | Element 13813871 | NWB_DimDiameter | Kind=Shared Parameter | Scope=instance | Storage=String | Old='' | New='160'
SOURCE | Element 13813871 | Cat=Pipe Fittings | Family=MHT-ME-FAM-PF-PF-PVC-PTS-Bend | Type= | Level=LEVEL 03 | Name=Standard | System=Other | SizeText=160ø-160ø | Width= | Height= | Diameter=160
ELEMENT | 13813871 | Size='160ø-160ø' | Width='' | Height='' | Diameter='160' | Statuses=NWB_DimWidth:SKIP; NWB_DimHeight:SKIP; NWB_DimDiameter:OK
INFO | Candidate: NWB_DimDiameter | Scope=instance | Storage=String | ReadOnly=False | Shared=True | Id=7626172
INFO | Candidate: NWB_DimDiameter | Scope=instance | Storage=String | ReadOnly=False | Shared=True | Id=13710673
INFO | Found 2 parameters named NWB_DimDiameter
INFO | SELECTED | Shared Parameter | Scope=instance | ReadOnly=False | Id=13710673
INFO | IGNORED (SharedOnly) | Shared Parameter | Scope=instance | ReadOnly=False | Id=7626172
INFO | Element 13813873 | NWB_DimDiameter | Kind=Shared Parameter | Scope=instance | Storage=String | Old='' | New='160'
SOURCE | Element 13813873 | Cat=Pipe Fittings | Family=MHT-ME-FAM-PF-PF-PVC-PTS-Bend | Type= | Level=LEVEL 03 | Name=Standard | System=Other | SizeText=160ø-160ø | Width= | Height= | Diameter=160
ELEMENT | 13813873 | Size='160ø-160ø' | Width='' | Height='' | Diameter='160' | Statuses=NWB_DimWidth:SKIP; NWB_DimHeight:SKIP; NWB_DimDiameter:OK
INFO | Candidate: NWB_DimDiameter | Scope=instance | Storage=String | ReadOnly=False | Shared=True | Id=7626172
INFO | Candidate: NWB_DimDiameter | Scope=instance | Storage=String | ReadOnly=False | Shared=True | Id=13710673
INFO | Found 2 parameters named NWB_DimDiameter
INFO | SELECTED | Shared Parameter | Scope=instance | ReadOnly=False | Id=13710673
INFO | IGNORED (SharedOnly) | Shared Parameter | Scope=instance | ReadOnly=False | Id=7626172
INFO | Element 13813894 | NWB_DimDiameter | Kind=Shared Parameter | Scope=instance | Storage=String | Old='' | New='160'
SOURCE | Element 13813894 | Cat=Pipe Fittings | Family=MHT-ME-FAM-PF-PF-PVC-PTS-Bend | Type= | Level=LEVEL 04 | Name=Standard | System=Other | SizeText=160ø-160ø | Width= | Height= | Diameter=160
ELEMENT | 13813894 | Size='160ø-160ø' | Width='' | Height='' | Diameter='160' | Statuses=NWB_DimWidth:SKIP; NWB_DimHeight:SKIP; NWB_DimDiameter:OK
INFO | Candidate: NWB_DimDiameter | Scope=instance | Storage=String | ReadOnly=False | Shared=True | Id=7626172
INFO | Candidate: NWB_DimDiameter | Scope=instance | Storage=String | ReadOnly=False | Shared=True | Id=13710673
INFO | Found 2 parameters named NWB_DimDiameter
INFO | SELECTED | Shared Parameter | Scope=instance | ReadOnly=False | Id=13710673
INFO | IGNORED (SharedOnly) | Shared Parameter | Scope=instance | ReadOnly=False | Id=7626172
INFO | Element 13813904 | NWB_DimDiameter | Kind=Shared Parameter | Scope=instance | Storage=String | Old='' | New='160'
SOURCE | Element 13813904 | Cat=Pipe Fittings | Family=MHT-ME-FAM-PF-PF-PVC-PTS-Bend | Type= | Level=LEVEL 08 | Name=Standard | System=Other | SizeText=160ø-160ø | Width= | Height= | Diameter=160
ELEMENT | 13813904 | Size='160ø-160ø' | Width='' | Height='' | Diameter='160' | Statuses=NWB_DimWidth:SKIP; NWB_DimHeight:SKIP; NWB_DimDiameter:OK
INFO | Candidate: NWB_DimDiameter | Scope=instance | Storage=String | ReadOnly=False | Shared=True | Id=7626172
INFO | Candidate: NWB_DimDiameter | Scope=instance | Storage=String | ReadOnly=False | Shared=True | Id=13710673
INFO | Found 2 parameters named NWB_DimDiameter
INFO | SELECTED | Shared Parameter | Scope=instance | ReadOnly=False | Id=13710673
INFO | IGNORED (SharedOnly) | Shared Parameter | Scope=instance | ReadOnly=False | Id=7626172
INFO | Element 13813910 | NWB_DimDiameter | Kind=Shared Parameter | Scope=instance | Storage=String | Old='' | New='160'
SOURCE | Element 13813910 | Cat=Pipe Fittings | Family=MHT-ME-FAM-PF-PF-PVC-PTS-Bend | Type= | Level=LEVEL 05 | Name=Standard | System=Other | SizeText=160ø-160ø | Width= | Height= | Diameter=160
ELEMENT | 13813910 | Size='160ø-160ø' | Width='' | Height='' | Diameter='160' | Statuses=NWB_DimWidth:SKIP; NWB_DimHeight:SKIP; NWB_DimDiameter:OK
INFO | Candidate: NWB_DimDiameter | Scope=instance | Storage=String | ReadOnly=False | Shared=True | Id=7626172
INFO | Candidate: NWB_DimDiameter | Scope=instance | Storage=String | ReadOnly=False | Shared=True | Id=13710673
INFO | Found 2 parameters named NWB_DimDiameter
INFO | SELECTED | Shared Parameter | Scope=instance | ReadOnly=False | Id=13710673
INFO | IGNORED (SharedOnly) | Shared Parameter | Scope=instance | ReadOnly=False | Id=7626172
INFO | Element 13813916 | NWB_DimDiameter | Kind=Shared Parameter | Scope=instance | Storage=String | Old='' | New='160'
SOURCE | Element 13813916 | Cat=Pipe Fittings | Family=MHT-ME-FAM-PF-PF-PVC-PTS-Bend | Type= | Level=LEVEL 04 | Name=Standard | System=Other | SizeText=160ø-160ø | Width= | Height= | Diameter=160
ELEMENT | 13813916 | Size='160ø-160ø' | Width='' | Height='' | Diameter='160' | Statuses=NWB_DimWidth:SKIP; NWB_DimHeight:SKIP; NWB_DimDiameter:OK
INFO | Candidate: NWB_DimDiameter | Scope=instance | Storage=String | ReadOnly=False | Shared=True | Id=7626172
INFO | Candidate: NWB_DimDiameter | Scope=instance | Storage=String | ReadOnly=False | Shared=True | Id=13710673
INFO | Found 2 parameters named NWB_DimDiameter
INFO | SELECTED | Shared Parameter | Scope=instance | ReadOnly=False | Id=13710673
INFO | IGNORED (SharedOnly) | Shared Parameter | Scope=instance | ReadOnly=False | Id=7626172
INFO | Element 13813927 | NWB_DimDiameter | Kind=Shared Parameter | Scope=instance | Storage=String | Old='' | New='160'
SOURCE | Element 13813927 | Cat=Pipe Fittings | Family=MHT-ME-FAM-PF-PF-PVC-PTS-Bend | Type= | Level=LEVEL 06 | Name=Standard | System=Other | SizeText=160ø-160ø | Width= | Height= | Diameter=160
ELEMENT | 13813927 | Size='160ø-160ø' | Width='' | Height='' | Diameter='160' | Statuses=NWB_DimWidth:SKIP; NWB_DimHeight:SKIP; NWB_DimDiameter:OK
INFO | Candidate: NWB_DimDiameter | Scope=instance | Storage=String | ReadOnly=False | Shared=True | Id=7626172
INFO | Candidate: NWB_DimDiameter | Scope=instance | Storage=String | ReadOnly=False | Shared=True | Id=13710673
INFO | Found 2 parameters named NWB_DimDiameter
INFO | SELECTED | Shared Parameter | Scope=instance | ReadOnly=False | Id=13710673
INFO | IGNORED (SharedOnly) | Shared Parameter | Scope=instance | ReadOnly=False | Id=7626172
INFO | Element 13813974 | NWB_DimDiameter | Kind=Shared Parameter | Scope=instance | Storage=String | Old='' | New='160'
SOURCE | Element 13813974 | Cat=Pipe Fittings | Family=MHT-ME-FAM-PF-PF-PVC-PTS-Bend | Type= | Level=LEVEL 06 | Name=Standard | System=Other | SizeText=160ø-160ø | Width= | Height= | Diameter=160
ELEMENT | 13813974 | Size='160ø-160ø' | Width='' | Height='' | Diameter='160' | Statuses=NWB_DimWidth:SKIP; NWB_DimHeight:SKIP; NWB_DimDiameter:OK
INFO | Candidate: NWB_DimDiameter | Scope=instance | Storage=String | ReadOnly=False | Shared=True | Id=7626172
INFO | Candidate: NWB_DimDiameter | Scope=instance | Storage=String | ReadOnly=False | Shared=True | Id=13710673
INFO | Found 2 parameters named NWB_DimDiameter
INFO | SELECTED | Shared Parameter | Scope=instance | ReadOnly=False | Id=13710673
INFO | IGNORED (SharedOnly) | Shared Parameter | Scope=instance | ReadOnly=False | Id=7626172
INFO | Element 13813982 | NWB_DimDiameter | Kind=Shared Parameter | Scope=instance | Storage=String | Old='' | New='160'
SOURCE | Element 13813982 | Cat=Pipe Fittings | Family=MHT-ME-FAM-PF-PF-PVC-PTS-Bend | Type= | Level=LEVEL 08 | Name=Standard | System=Other | SizeText=160ø-160ø | Width= | Height= | Diameter=160
ELEMENT | 13813982 | Size='160ø-160ø' | Width='' | Height='' | Diameter='160' | Statuses=NWB_DimWidth:SKIP; NWB_DimHeight:SKIP; NWB_DimDiameter:OK
INFO | Candidate: NWB_DimDiameter | Scope=instance | Storage=String | ReadOnly=False | Shared=True | Id=7626172
INFO | Candidate: NWB_DimDiameter | Scope=instance | Storage=String | ReadOnly=False | Shared=True | Id=13710673
INFO | Found 2 parameters named NWB_DimDiameter
INFO | SELECTED | Shared Parameter | Scope=instance | ReadOnly=False | Id=13710673
INFO | IGNORED (SharedOnly) | Shared Parameter | Scope=instance | ReadOnly=False | Id=7626172
INFO | Element 13813990 | NWB_DimDiameter | Kind=Shared Parameter | Scope=instance | Storage=String | Old='' | New='160'
SOURCE | Element 13813990 | Cat=Pipe Fittings | Family=MHT-ME-FAM-PF-PF-PVC-PTS-Bend | Type= | Level=LEVEL 08 | Name=Standard | System=Other | SizeText=160ø-160ø | Width= | Height= | Diameter=160
ELEMENT | 13813990 | Size='160ø-160ø' | Width='' | Height='' | Diameter='160' | Statuses=NWB_DimWidth:SKIP; NWB_DimHeight:SKIP; NWB_DimDiameter:OK
INFO | Candidate: NWB_DimDiameter | Scope=instance | Storage=String | ReadOnly=False | Shared=True | Id=7626172
INFO | Candidate: NWB_DimDiameter | Scope=instance | Storage=String | ReadOnly=False | Shared=True | Id=13710673
INFO | Found 2 parameters named NWB_DimDiameter
INFO | SELECTED | Shared Parameter | Scope=instance | ReadOnly=False | Id=13710673
INFO | IGNORED (SharedOnly) | Shared Parameter | Scope=instance | ReadOnly=False | Id=7626172
INFO | Element 13814005 | NWB_DimDiameter | Kind=Shared Parameter | Scope=instance | Storage=String | Old='' | New='160'
SOURCE | Element 13814005 | Cat=Pipe Fittings | Family=MHT-ME-FAM-PF-PF-PVC-PTS-Bend | Type= | Level=LEVEL 06 | Name=Standard | System=Other | SizeText=160ø-160ø | Width= | Height= | Diameter=160
ELEMENT | 13814005 | Size='160ø-160ø' | Width='' | Height='' | Diameter='160' | Statuses=NWB_DimWidth:SKIP; NWB_DimHeight:SKIP; NWB_DimDiameter:OK
INFO | Candidate: NWB_DimDiameter | Scope=instance | Storage=String | ReadOnly=False | Shared=True | Id=7626172
INFO | Candidate: NWB_DimDiameter | Scope=instance | Storage=String | ReadOnly=False | Shared=True | Id=13710673
INFO | Found 2 parameters named NWB_DimDiameter
INFO | SELECTED | Shared Parameter | Scope=instance | ReadOnly=False | Id=13710673
INFO | IGNORED (SharedOnly) | Shared Parameter | Scope=instance | ReadOnly=False | Id=7626172
INFO | Element 13814011 | NWB_DimDiameter | Kind=Shared Parameter | Scope=instance | Storage=String | Old='' | New='160'
SOURCE | Element 13814011 | Cat=Pipe Fittings | Family=MHT-ME-FAM-PF-PF-PVC-PTS-Bend | Type= | Level=LEVEL 06 | Name=Standard | System=Hydronic Supply | SizeText=160ø-160ø | Width= | Height= | Diameter=160
ELEMENT | 13814011 | Size='160ø-160ø' | Width='' | Height='' | Diameter='160' | Statuses=NWB_DimWidth:SKIP; NWB_DimHeight:SKIP; NWB_DimDiameter:OK
INFO | Candidate: NWB_DimDiameter | Scope=instance | Storage=String | ReadOnly=False | Shared=True | Id=7626172
INFO | Candidate: NWB_DimDiameter | Scope=instance | Storage=String | ReadOnly=False | Shared=True | Id=13710673
INFO | Found 2 parameters named NWB_DimDiameter
INFO | SELECTED | Shared Parameter | Scope=instance | ReadOnly=False | Id=13710673
INFO | IGNORED (SharedOnly) | Shared Parameter | Scope=instance | ReadOnly=False | Id=7626172
INFO | Element 13814024 | NWB_DimDiameter | Kind=Shared Parameter | Scope=instance | Storage=String | Old='' | New='160'
SOURCE | Element 13814024 | Cat=Pipe Fittings | Family=MHT-ME-FAM-PF-PF-PVC-PTS-Bend | Type= | Level=LEVEL 08 | Name=Standard | System=Other | SizeText=160ø-160ø | Width= | Height= | Diameter=160
ELEMENT | 13814024 | Size='160ø-160ø' | Width='' | Height='' | Diameter='160' | Statuses=NWB_DimWidth:SKIP; NWB_DimHeight:SKIP; NWB_DimDiameter:OK
INFO | Candidate: NWB_DimDiameter | Scope=instance | Storage=String | ReadOnly=False | Shared=True | Id=7626172
INFO | Candidate: NWB_DimDiameter | Scope=instance | Storage=String | ReadOnly=False | Shared=True | Id=13710673
INFO | Found 2 parameters named NWB_DimDiameter
INFO | SELECTED | Shared Parameter | Scope=instance | ReadOnly=False | Id=13710673
INFO | IGNORED (SharedOnly) | Shared Parameter | Scope=instance | ReadOnly=False | Id=7626172
INFO | Element 13814031 | NWB_DimDiameter | Kind=Shared Parameter | Scope=instance | Storage=String | Old='' | New='160'
SOURCE | Element 13814031 | Cat=Pipe Fittings | Family=MHT-ME-FAM-PF-PF-PVC-PTS-Bend | Type= | Level=LEVEL 08 | Name=Standard | System=Other | SizeText=160ø-160ø | Width= | Height= | Diameter=160
ELEMENT | 13814031 | Size='160ø-160ø' | Width='' | Height='' | Diameter='160' | Statuses=NWB_DimWidth:SKIP; NWB_DimHeight:SKIP; NWB_DimDiameter:OK
INFO | Candidate: NWB_DimDiameter | Scope=instance | Storage=String | ReadOnly=False | Shared=True | Id=7626172
INFO | Candidate: NWB_DimDiameter | Scope=instance | Storage=String | ReadOnly=False | Shared=True | Id=13710673
INFO | Found 2 parameters named NWB_DimDiameter
INFO | SELECTED | Shared Parameter | Scope=instance | ReadOnly=False | Id=13710673
INFO | IGNORED (SharedOnly) | Shared Parameter | Scope=instance | ReadOnly=False | Id=7626172
INFO | Element 13814084 | NWB_DimDiameter | Kind=Shared Parameter | Scope=instance | Storage=String | Old='' | New='160'
SOURCE | Element 13814084 | Cat=Pipe Fittings | Family=MHT-ME-FAM-PF-PF-PVC-PTS-Bend | Type= | Level=LEVEL 06 | Name=Standard | System=Other | SizeText=160ø-160ø | Width= | Height= | Diameter=160
ELEMENT | 13814084 | Size='160ø-160ø' | Width='' | Height='' | Diameter='160' | Statuses=NWB_DimWidth:SKIP; NWB_DimHeight:SKIP; NWB_DimDiameter:OK
INFO | Candidate: NWB_DimDiameter | Scope=instance | Storage=String | ReadOnly=False | Shared=True | Id=7626172
INFO | Candidate: NWB_DimDiameter | Scope=instance | Storage=String | ReadOnly=False | Shared=True | Id=13710673
INFO | Found 2 parameters named NWB_DimDiameter
INFO | SELECTED | Shared Parameter | Scope=instance | ReadOnly=False | Id=13710673
INFO | IGNORED (SharedOnly) | Shared Parameter | Scope=instance | ReadOnly=False | Id=7626172
INFO | Element 13814114 | NWB_DimDiameter | Kind=Shared Parameter | Scope=instance | Storage=String | Old='' | New='160'
SOURCE | Element 13814114 | Cat=Pipe Fittings | Family=MHT-ME-FAM-PF-PF-PVC-PTS-Bend | Type= | Level=LEVEL 06 | Name=Standard | System=Other | SizeText=160ø-160ø | Width= | Height= | Diameter=160
ELEMENT | 13814114 | Size='160ø-160ø' | Width='' | Height='' | Diameter='160' | Statuses=NWB_DimWidth:SKIP; NWB_DimHeight:SKIP; NWB_DimDiameter:OK
INFO | Candidate: NWB_DimDiameter | Scope=instance | Storage=String | ReadOnly=False | Shared=True | Id=7626172
INFO | Candidate: NWB_DimDiameter | Scope=instance | Storage=String | ReadOnly=False | Shared=True | Id=13710673
INFO | Found 2 parameters named NWB_DimDiameter
INFO | SELECTED | Shared Parameter | Scope=instance | ReadOnly=False | Id=13710673
INFO | IGNORED (SharedOnly) | Shared Parameter | Scope=instance | ReadOnly=False | Id=7626172
INFO | Element 13814188 | NWB_DimDiameter | Kind=Shared Parameter | Scope=instance | Storage=String | Old='' | New='160'
SOURCE | Element 13814188 | Cat=Pipe Fittings | Family=MHT-ME-FAM-PF-PF-PVC-PTS-Bend | Type= | Level=LEVEL 06 | Name=Standard | System=Other | SizeText=160ø-160ø | Width= | Height= | Diameter=160
ELEMENT | 13814188 | Size='160ø-160ø' | Width='' | Height='' | Diameter='160' | Statuses=NWB_DimWidth:SKIP; NWB_DimHeight:SKIP; NWB_DimDiameter:OK
INFO | Candidate: NWB_DimDiameter | Scope=instance | Storage=String | ReadOnly=False | Shared=True | Id=7626172
INFO | Candidate: NWB_DimDiameter | Scope=instance | Storage=String | ReadOnly=False | Shared=True | Id=13710673
INFO | Found 2 parameters named NWB_DimDiameter
INFO | SELECTED | Shared Parameter | Scope=instance | ReadOnly=False | Id=13710673
INFO | IGNORED (SharedOnly) | Shared Parameter | Scope=instance | ReadOnly=False | Id=7626172
INFO | Element 13814238 | NWB_DimDiameter | Kind=Shared Parameter | Scope=instance | Storage=String | Old='' | New='160'
SOURCE | Element 13814238 | Cat=Pipe Fittings | Family=MHT-ME-FAM-PF-PF-PVC-PTS-Bend | Type= | Level=LEVEL 06 | Name=Standard | System=Other | SizeText=160ø-160ø | Width= | Height= | Diameter=160
ELEMENT | 13814238 | Size='160ø-160ø' | Width='' | Height='' | Diameter='160' | Statuses=NWB_DimWidth:SKIP; NWB_DimHeight:SKIP; NWB_DimDiameter:OK
INFO | Candidate: NWB_DimDiameter | Scope=instance | Storage=String | ReadOnly=False | Shared=True | Id=7626172
INFO | Candidate: NWB_DimDiameter | Scope=instance | Storage=String | ReadOnly=False | Shared=True | Id=13710673
INFO | Found 2 parameters named NWB_DimDiameter
INFO | SELECTED | Shared Parameter | Scope=instance | ReadOnly=False | Id=13710673
INFO | IGNORED (SharedOnly) | Shared Parameter | Scope=instance | ReadOnly=False | Id=7626172
INFO | Element 13814545 | NWB_DimDiameter | Kind=Shared Parameter | Scope=instance | Storage=String | Old='' | New='160'
SOURCE | Element 13814545 | Cat=Pipe Fittings | Family=MHT-ME-FAM-PF-PF-PVC-PTS-Bend | Type= | Level=LEVEL 06 | Name=Standard | System=Other | SizeText=160ø-160ø | Width= | Height= | Diameter=160
ELEMENT | 13814545 | Size='160ø-160ø' | Width='' | Height='' | Diameter='160' | Statuses=NWB_DimWidth:SKIP; NWB_DimHeight:SKIP; NWB_DimDiameter:OK
INFO | Candidate: NWB_DimDiameter | Scope=instance | Storage=String | ReadOnly=False | Shared=True | Id=7626172
INFO | Candidate: NWB_DimDiameter | Scope=instance | Storage=String | ReadOnly=False | Shared=True | Id=13710673
INFO | Found 2 parameters named NWB_DimDiameter
INFO | SELECTED | Shared Parameter | Scope=instance | ReadOnly=False | Id=13710673
INFO | IGNORED (SharedOnly) | Shared Parameter | Scope=instance | ReadOnly=False | Id=7626172
INFO | Element 13814547 | NWB_DimDiameter | Kind=Shared Parameter | Scope=instance | Storage=String | Old='' | New='160'
SOURCE | Element 13814547 | Cat=Pipe Fittings | Family=MHT-ME-FAM-PF-PF-PVC-PTS-Bend | Type= | Level=LEVEL 06 | Name=Standard | System=Other | SizeText=160ø-160ø | Width= | Height= | Diameter=160
ELEMENT | 13814547 | Size='160ø-160ø' | Width='' | Height='' | Diameter='160' | Statuses=NWB_DimWidth:SKIP; NWB_DimHeight:SKIP; NWB_DimDiameter:OK
INFO | Candidate: NWB_DimDiameter | Scope=instance | Storage=String | ReadOnly=False | Shared=True | Id=7626172
INFO | Candidate: NWB_DimDiameter | Scope=instance | Storage=String | ReadOnly=False | Shared=True | Id=13710673
INFO | Found 2 parameters named NWB_DimDiameter
INFO | SELECTED | Shared Parameter | Scope=instance | ReadOnly=False | Id=13710673
INFO | IGNORED (SharedOnly) | Shared Parameter | Scope=instance | ReadOnly=False | Id=7626172
INFO | Element 13814606 | NWB_DimDiameter | Kind=Shared Parameter | Scope=instance | Storage=String | Old='' | New='160'
SOURCE | Element 13814606 | Cat=Pipe Fittings | Family=MHT-ME-FAM-PF-PF-PVC-PTS-Bend | Type= | Level=LEVEL 06 | Name=Standard | System=Other | SizeText=160ø-160ø | Width= | Height= | Diameter=160
ELEMENT | 13814606 | Size='160ø-160ø' | Width='' | Height='' | Diameter='160' | Statuses=NWB_DimWidth:SKIP; NWB_DimHeight:SKIP; NWB_DimDiameter:OK
INFO | Candidate: NWB_DimDiameter | Scope=instance | Storage=String | ReadOnly=False | Shared=True | Id=7626172
INFO | Candidate: NWB_DimDiameter | Scope=instance | Storage=String | ReadOnly=False | Shared=True | Id=13710673
INFO | Found 2 parameters named NWB_DimDiameter
INFO | SELECTED | Shared Parameter | Scope=instance | ReadOnly=False | Id=13710673
INFO | IGNORED (SharedOnly) | Shared Parameter | Scope=instance | ReadOnly=False | Id=7626172
INFO | Element 13814804 | NWB_DimDiameter | Kind=Shared Parameter | Scope=instance | Storage=String | Old='' | New='160'
SOURCE | Element 13814804 | Cat=Pipe Fittings | Family=MHT-ME-FAM-PF-PF-PVC-PTS-Bend | Type= | Level=LEVEL 06 | Name=Standard | System=Other | SizeText=160ø-160ø | Width= | Height= | Diameter=160
ELEMENT | 13814804 | Size='160ø-160ø' | Width='' | Height='' | Diameter='160' | Statuses=NWB_DimWidth:SKIP; NWB_DimHeight:SKIP; NWB_DimDiameter:OK
INFO | Candidate: NWB_DimDiameter | Scope=instance | Storage=String | ReadOnly=False | Shared=True | Id=7626172
INFO | Candidate: NWB_DimDiameter | Scope=instance | Storage=String | ReadOnly=False | Shared=True | Id=13710673
INFO | Found 2 parameters named NWB_DimDiameter
INFO | SELECTED | Shared Parameter | Scope=instance | ReadOnly=False | Id=13710673
INFO | IGNORED (SharedOnly) | Shared Parameter | Scope=instance | ReadOnly=False | Id=7626172
INFO | Element 13814832 | NWB_DimDiameter | Kind=Shared Parameter | Scope=instance | Storage=String | Old='' | New='160'
SOURCE | Element 13814832 | Cat=Pipe Fittings | Family=MHT-ME-FAM-PF-PF-PVC-PTS-Bend | Type= | Level=LEVEL 06 | Name=Standard | System=Other | SizeText=160ø-160ø | Width= | Height= | Diameter=160
ELEMENT | 13814832 | Size='160ø-160ø' | Width='' | Height='' | Diameter='160' | Statuses=NWB_DimWidth:SKIP; NWB_DimHeight:SKIP; NWB_DimDiameter:OK
INFO | Candidate: NWB_DimDiameter | Scope=instance | Storage=String | ReadOnly=False | Shared=True | Id=7626172
INFO | Candidate: NWB_DimDiameter | Scope=instance | Storage=String | ReadOnly=False | Shared=True | Id=13710673
INFO | Found 2 parameters named NWB_DimDiameter
INFO | SELECTED | Shared Parameter | Scope=instance | ReadOnly=False | Id=13710673
INFO | IGNORED (SharedOnly) | Shared Parameter | Scope=instance | ReadOnly=False | Id=7626172
INFO | Element 13814893 | NWB_DimDiameter | Kind=Shared Parameter | Scope=instance | Storage=String | Old='' | New='160'
SOURCE | Element 13814893 | Cat=Pipe Fittings | Family=MHT-ME-FAM-PF-PF-PVC-PTS-Bend | Type= | Level=LEVEL 06 | Name=Standard | System=Other | SizeText=160ø-160ø | Width= | Height= | Diameter=160
ELEMENT | 13814893 | Size='160ø-160ø' | Width='' | Height='' | Diameter='160' | Statuses=NWB_DimWidth:SKIP; NWB_DimHeight:SKIP; NWB_DimDiameter:OK
INFO | Candidate: NWB_DimDiameter | Scope=instance | Storage=String | ReadOnly=False | Shared=True | Id=7626172
INFO | Candidate: NWB_DimDiameter | Scope=instance | Storage=String | ReadOnly=False | Shared=True | Id=13710673
INFO | Found 2 parameters named NWB_DimDiameter
INFO | SELECTED | Shared Parameter | Scope=instance | ReadOnly=False | Id=13710673
INFO | IGNORED (SharedOnly) | Shared Parameter | Scope=instance | ReadOnly=False | Id=7626172
INFO | Element 13814933 | NWB_DimDiameter | Kind=Shared Parameter | Scope=instance | Storage=String | Old='' | New='160'
SOURCE | Element 13814933 | Cat=Pipe Fittings | Family=MHT-ME-FAM-PF-PF-PVC-PTS-Bend | Type= | Level=LEVEL 06 | Name=Standard | System=Other | SizeText=160ø-160ø | Width= | Height= | Diameter=160
ELEMENT | 13814933 | Size='160ø-160ø' | Width='' | Height='' | Diameter='160' | Statuses=NWB_DimWidth:SKIP; NWB_DimHeight:SKIP; NWB_DimDiameter:OK
INFO | Candidate: NWB_DimDiameter | Scope=instance | Storage=String | ReadOnly=False | Shared=True | Id=7626172
INFO | Candidate: NWB_DimDiameter | Scope=instance | Storage=String | ReadOnly=False | Shared=True | Id=13710673
INFO | Found 2 parameters named NWB_DimDiameter
INFO | SELECTED | Shared Parameter | Scope=instance | ReadOnly=False | Id=13710673
INFO | IGNORED (SharedOnly) | Shared Parameter | Scope=instance | ReadOnly=False | Id=7626172
INFO | Element 13815071 | NWB_DimDiameter | Kind=Shared Parameter | Scope=instance | Storage=String | Old='' | New='160'
SOURCE | Element 13815071 | Cat=Pipe Fittings | Family=MHT-ME-FAM-PF-PF-PVC-PTS-Bend | Type= | Level=LEVEL 08 | Name=Standard | System=Other | SizeText=160ø-160ø | Width= | Height= | Diameter=160
ELEMENT | 13815071 | Size='160ø-160ø' | Width='' | Height='' | Diameter='160' | Statuses=NWB_DimWidth:SKIP; NWB_DimHeight:SKIP; NWB_DimDiameter:OK
INFO | Candidate: NWB_DimDiameter | Scope=instance | Storage=String | ReadOnly=False | Shared=True | Id=7626172
INFO | Candidate: NWB_DimDiameter | Scope=instance | Storage=String | ReadOnly=False | Shared=True | Id=13710673
INFO | Found 2 parameters named NWB_DimDiameter
INFO | SELECTED | Shared Parameter | Scope=instance | ReadOnly=False | Id=13710673
INFO | IGNORED (SharedOnly) | Shared Parameter | Scope=instance | ReadOnly=False | Id=7626172
INFO | Element 13815170 | NWB_DimDiameter | Kind=Shared Parameter | Scope=instance | Storage=String | Old='' | New='160'
SOURCE | Element 13815170 | Cat=Pipe Fittings | Family=MHT-ME-FAM-PF-PF-PVC-PTS-Bend | Type= | Level=LEVEL 06 | Name=Standard | System=Other | SizeText=160ø-160ø | Width= | Height= | Diameter=160
ELEMENT | 13815170 | Size='160ø-160ø' | Width='' | Height='' | Diameter='160' | Statuses=NWB_DimWidth:SKIP; NWB_DimHeight:SKIP; NWB_DimDiameter:OK
INFO | Candidate: NWB_DimDiameter | Scope=instance | Storage=String | ReadOnly=False | Shared=True | Id=7626172
INFO | Candidate: NWB_DimDiameter | Scope=instance | Storage=String | ReadOnly=False | Shared=True | Id=13710673
INFO | Found 2 parameters named NWB_DimDiameter
INFO | SELECTED | Shared Parameter | Scope=instance | ReadOnly=False | Id=13710673
INFO | IGNORED (SharedOnly) | Shared Parameter | Scope=instance | ReadOnly=False | Id=7626172
INFO | Element 13815345 | NWB_DimDiameter | Kind=Shared Parameter | Scope=instance | Storage=String | Old='' | New='160'
SOURCE | Element 13815345 | Cat=Pipe Fittings | Family=MHT-ME-FAM-PF-PF-PVC-PTS-Bend | Type= | Level=LEVEL 06 | Name=Standard | System=Other | SizeText=160ø-160ø | Width= | Height= | Diameter=160
ELEMENT | 13815345 | Size='160ø-160ø' | Width='' | Height='' | Diameter='160' | Statuses=NWB_DimWidth:SKIP; NWB_DimHeight:SKIP; NWB_DimDiameter:OK
INFO | Candidate: NWB_DimDiameter | Scope=instance | Storage=String | ReadOnly=False | Shared=True | Id=7626172
INFO | Candidate: NWB_DimDiameter | Scope=instance | Storage=String | ReadOnly=False | Shared=True | Id=13710673
INFO | Found 2 parameters named NWB_DimDiameter
INFO | SELECTED | Shared Parameter | Scope=instance | ReadOnly=False | Id=13710673
INFO | IGNORED (SharedOnly) | Shared Parameter | Scope=instance | ReadOnly=False | Id=7626172
INFO | Element 13815388 | NWB_DimDiameter | Kind=Shared Parameter | Scope=instance | Storage=String | Old='' | New='160'
SOURCE | Element 13815388 | Cat=Pipe Fittings | Family=MHT-ME-FAM-PF-PF-PVC-PTS-Bend | Type= | Level=LEVEL 06 | Name=Standard | System=Other | SizeText=160ø-160ø | Width= | Height= | Diameter=160
ELEMENT | 13815388 | Size='160ø-160ø' | Width='' | Height='' | Diameter='160' | Statuses=NWB_DimWidth:SKIP; NWB_DimHeight:SKIP; NWB_DimDiameter:OK
INFO | Candidate: NWB_DimDiameter | Scope=instance | Storage=String | ReadOnly=False | Shared=True | Id=7626172
INFO | Candidate: NWB_DimDiameter | Scope=instance | Storage=String | ReadOnly=False | Shared=True | Id=13710673
INFO | Found 2 parameters named NWB_DimDiameter
INFO | SELECTED | Shared Parameter | Scope=instance | ReadOnly=False | Id=13710673
INFO | IGNORED (SharedOnly) | Shared Parameter | Scope=instance | ReadOnly=False | Id=7626172
INFO | Element 13816001 | NWB_DimDiameter | Kind=Shared Parameter | Scope=instance | Storage=String | Old='' | New='160'
SOURCE | Element 13816001 | Cat=Pipe Fittings | Family=MHT-ME-FAM-PF-PF-PVC-PTS-Bend | Type= | Level=LEVEL 06 | Name=Standard | System=Other | SizeText=160ø-160ø | Width= | Height= | Diameter=160
ELEMENT | 13816001 | Size='160ø-160ø' | Width='' | Height='' | Diameter='160' | Statuses=NWB_DimWidth:SKIP; NWB_DimHeight:SKIP; NWB_DimDiameter:OK
INFO | Candidate: NWB_DimDiameter | Scope=instance | Storage=String | ReadOnly=False | Shared=True | Id=7626172
INFO | Candidate: NWB_DimDiameter | Scope=instance | Storage=String | ReadOnly=False | Shared=True | Id=13710673
INFO | Found 2 parameters named NWB_DimDiameter
INFO | SELECTED | Shared Parameter | Scope=instance | ReadOnly=False | Id=13710673
INFO | IGNORED (SharedOnly) | Shared Parameter | Scope=instance | ReadOnly=False | Id=7626172
INFO | Element 13817103 | NWB_DimDiameter | Kind=Shared Parameter | Scope=instance | Storage=String | Old='' | New='160'
SOURCE | Element 13817103 | Cat=Pipe Fittings | Family=MHT-ME-FAM-PF-PF-PVC-PTS-Bend | Type= | Level=LEVEL 06 | Name=Standard | System=Other | SizeText=160ø-160ø | Width= | Height= | Diameter=160
ELEMENT | 13817103 | Size='160ø-160ø' | Width='' | Height='' | Diameter='160' | Statuses=NWB_DimWidth:SKIP; NWB_DimHeight:SKIP; NWB_DimDiameter:OK
INFO | Candidate: NWB_DimDiameter | Scope=instance | Storage=String | ReadOnly=False | Shared=True | Id=7626172
INFO | Candidate: NWB_DimDiameter | Scope=instance | Storage=String | ReadOnly=False | Shared=True | Id=13710673
INFO | Found 2 parameters named NWB_DimDiameter
INFO | SELECTED | Shared Parameter | Scope=instance | ReadOnly=False | Id=13710673
INFO | IGNORED (SharedOnly) | Shared Parameter | Scope=instance | ReadOnly=False | Id=7626172
INFO | Element 13817410 | NWB_DimDiameter | Kind=Shared Parameter | Scope=instance | Storage=String | Old='' | New='160'
SOURCE | Element 13817410 | Cat=Pipe Fittings | Family=MHT-ME-FAM-PF-PF-PVC-PTS-Bend | Type= | Level=LEVEL 06 | Name=Standard | System=Other | SizeText=160ø-160ø | Width= | Height= | Diameter=160
ELEMENT | 13817410 | Size='160ø-160ø' | Width='' | Height='' | Diameter='160' | Statuses=NWB_DimWidth:SKIP; NWB_DimHeight:SKIP; NWB_DimDiameter:OK
INFO | Candidate: NWB_DimDiameter | Scope=instance | Storage=String | ReadOnly=False | Shared=True | Id=7626172
INFO | Candidate: NWB_DimDiameter | Scope=instance | Storage=String | ReadOnly=False | Shared=True | Id=13710673
INFO | Found 2 parameters named NWB_DimDiameter
INFO | SELECTED | Shared Parameter | Scope=instance | ReadOnly=False | Id=13710673
INFO | IGNORED (SharedOnly) | Shared Parameter | Scope=instance | ReadOnly=False | Id=7626172
INFO | Element 13818105 | NWB_DimDiameter | Kind=Shared Parameter | Scope=instance | Storage=String | Old='' | New='160'
SOURCE | Element 13818105 | Cat=Pipe Fittings | Family=MHT-ME-FAM-PF-PF-PVC-PTS-Bend | Type= | Level=LEVEL 06 | Name=Standard | System=Other | SizeText=160ø-160ø | Width= | Height= | Diameter=160
ELEMENT | 13818105 | Size='160ø-160ø' | Width='' | Height='' | Diameter='160' | Statuses=NWB_DimWidth:SKIP; NWB_DimHeight:SKIP; NWB_DimDiameter:OK
INFO | Candidate: NWB_DimDiameter | Scope=instance | Storage=String | ReadOnly=False | Shared=True | Id=7626172
INFO | Candidate: NWB_DimDiameter | Scope=instance | Storage=String | ReadOnly=False | Shared=True | Id=13710673
INFO | Found 2 parameters named NWB_DimDiameter
INFO | SELECTED | Shared Parameter | Scope=instance | ReadOnly=False | Id=13710673
INFO | IGNORED (SharedOnly) | Shared Parameter | Scope=instance | ReadOnly=False | Id=7626172
INFO | Element 13818398 | NWB_DimDiameter | Kind=Shared Parameter | Scope=instance | Storage=String | Old='' | New='160'
SOURCE | Element 13818398 | Cat=Pipe Fittings | Family=MHT-ME-FAM-PF-PF-PVC-PTS-Bend | Type= | Level=LEVEL 06 | Name=Standard | System=Other | SizeText=160ø-160ø | Width= | Height= | Diameter=160
ELEMENT | 13818398 | Size='160ø-160ø' | Width='' | Height='' | Diameter='160' | Statuses=NWB_DimWidth:SKIP; NWB_DimHeight:SKIP; NWB_DimDiameter:OK
INFO | Candidate: NWB_DimDiameter | Scope=instance | Storage=String | ReadOnly=False | Shared=True | Id=7626172
INFO | Candidate: NWB_DimDiameter | Scope=instance | Storage=String | ReadOnly=False | Shared=True | Id=13710673
INFO | Found 2 parameters named NWB_DimDiameter
INFO | SELECTED | Shared Parameter | Scope=instance | ReadOnly=False | Id=13710673
INFO | IGNORED (SharedOnly) | Shared Parameter | Scope=instance | ReadOnly=False | Id=7626172
INFO | Element 13818522 | NWB_DimDiameter | Kind=Shared Parameter | Scope=instance | Storage=String | Old='' | New='160'
SOURCE | Element 13818522 | Cat=Pipe Fittings | Family=MHT-ME-FAM-PF-PF-PVC-PTS-Bend | Type= | Level=LEVEL 06 | Name=Standard | System=Other | SizeText=160ø-160ø | Width= | Height= | Diameter=160
ELEMENT | 13818522 | Size='160ø-160ø' | Width='' | Height='' | Diameter='160' | Statuses=NWB_DimWidth:SKIP; NWB_DimHeight:SKIP; NWB_DimDiameter:OK
INFO | Candidate: NWB_DimDiameter | Scope=instance | Storage=String | ReadOnly=False | Shared=True | Id=7626172
INFO | Candidate: NWB_DimDiameter | Scope=instance | Storage=String | ReadOnly=False | Shared=True | Id=13710673
INFO | Found 2 parameters named NWB_DimDiameter
INFO | SELECTED | Shared Parameter | Scope=instance | ReadOnly=False | Id=13710673
INFO | IGNORED (SharedOnly) | Shared Parameter | Scope=instance | ReadOnly=False | Id=7626172
INFO | Element 13818546 | NWB_DimDiameter | Kind=Shared Parameter | Scope=instance | Storage=String | Old='' | New='160'
SOURCE | Element 13818546 | Cat=Pipe Fittings | Family=MHT-ME-FAM-PF-PF-PVC-PTS-Bend | Type= | Level=LEVEL 06 | Name=Standard | System=Other | SizeText=160ø-160ø | Width= | Height= | Diameter=160
ELEMENT | 13818546 | Size='160ø-160ø' | Width='' | Height='' | Diameter='160' | Statuses=NWB_DimWidth:SKIP; NWB_DimHeight:SKIP; NWB_DimDiameter:OK
INFO | Candidate: NWB_DimDiameter | Scope=instance | Storage=String | ReadOnly=False | Shared=True | Id=7626172
INFO | Candidate: NWB_DimDiameter | Scope=instance | Storage=String | ReadOnly=False | Shared=True | Id=13710673
INFO | Found 2 parameters named NWB_DimDiameter
INFO | SELECTED | Shared Parameter | Scope=instance | ReadOnly=False | Id=13710673
INFO | IGNORED (SharedOnly) | Shared Parameter | Scope=instance | ReadOnly=False | Id=7626172
INFO | Element 13818548 | NWB_DimDiameter | Kind=Shared Parameter | Scope=instance | Storage=String | Old='' | New='160'
SOURCE | Element 13818548 | Cat=Pipe Fittings | Family=MHT-ME-FAM-PF-PF-PVC-PTS-Bend | Type= | Level=LEVEL 03 | Name=Standard | System=Other | SizeText=160ø-160ø | Width= | Height= | Diameter=160
ELEMENT | 13818548 | Size='160ø-160ø' | Width='' | Height='' | Diameter='160' | Statuses=NWB_DimWidth:SKIP; NWB_DimHeight:SKIP; NWB_DimDiameter:OK
INFO | Candidate: NWB_DimDiameter | Scope=instance | Storage=String | ReadOnly=False | Shared=True | Id=7626172
INFO | Candidate: NWB_DimDiameter | Scope=instance | Storage=String | ReadOnly=False | Shared=True | Id=13710673
INFO | Found 2 parameters named NWB_DimDiameter
INFO | SELECTED | Shared Parameter | Scope=instance | ReadOnly=False | Id=13710673
INFO | IGNORED (SharedOnly) | Shared Parameter | Scope=instance | ReadOnly=False | Id=7626172
INFO | Element 13818788 | NWB_DimDiameter | Kind=Shared Parameter | Scope=instance | Storage=String | Old='' | New='160'
SOURCE | Element 13818788 | Cat=Pipe Fittings | Family=MHT-ME-FAM-PF-PF-PVC-PTS-Bend | Type= | Level=LEVEL 06 | Name=Standard | System=Other | SizeText=160ø-160ø | Width= | Height= | Diameter=160
ELEMENT | 13818788 | Size='160ø-160ø' | Width='' | Height='' | Diameter='160' | Statuses=NWB_DimWidth:SKIP; NWB_DimHeight:SKIP; NWB_DimDiameter:OK
INFO | Candidate: NWB_DimDiameter | Scope=instance | Storage=String | ReadOnly=False | Shared=True | Id=7626172
INFO | Candidate: NWB_DimDiameter | Scope=instance | Storage=String | ReadOnly=False | Shared=True | Id=13710673
INFO | Found 2 parameters named NWB_DimDiameter
INFO | SELECTED | Shared Parameter | Scope=instance | ReadOnly=False | Id=13710673
INFO | IGNORED (SharedOnly) | Shared Parameter | Scope=instance | ReadOnly=False | Id=7626172
INFO | Element 13818790 | NWB_DimDiameter | Kind=Shared Parameter | Scope=instance | Storage=String | Old='' | New='160'
SOURCE | Element 13818790 | Cat=Pipe Fittings | Family=MHT-ME-FAM-PF-PF-PVC-PTS-Bend | Type= | Level=LEVEL 04 | Name=Standard | System=Other | SizeText=160ø-160ø | Width= | Height= | Diameter=160
ELEMENT | 13818790 | Size='160ø-160ø' | Width='' | Height='' | Diameter='160' | Statuses=NWB_DimWidth:SKIP; NWB_DimHeight:SKIP; NWB_DimDiameter:OK
INFO | Candidate: NWB_DimDiameter | Scope=instance | Storage=String | ReadOnly=False | Shared=True | Id=7626172
INFO | Candidate: NWB_DimDiameter | Scope=instance | Storage=String | ReadOnly=False | Shared=True | Id=13710673
INFO | Found 2 parameters named NWB_DimDiameter
INFO | SELECTED | Shared Parameter | Scope=instance | ReadOnly=False | Id=13710673
INFO | IGNORED (SharedOnly) | Shared Parameter | Scope=instance | ReadOnly=False | Id=7626172
INFO | Element 13818792 | NWB_DimDiameter | Kind=Shared Parameter | Scope=instance | Storage=String | Old='' | New='160'
SOURCE | Element 13818792 | Cat=Pipe Fittings | Family=MHT-ME-FAM-PF-PF-PVC-PTS-Bend | Type= | Level=LEVEL 06 | Name=Standard | System=Other | SizeText=160ø-160ø | Width= | Height= | Diameter=160
ELEMENT | 13818792 | Size='160ø-160ø' | Width='' | Height='' | Diameter='160' | Statuses=NWB_DimWidth:SKIP; NWB_DimHeight:SKIP; NWB_DimDiameter:OK
INFO | Candidate: NWB_DimDiameter | Scope=instance | Storage=String | ReadOnly=False | Shared=True | Id=7626172
INFO | Candidate: NWB_DimDiameter | Scope=instance | Storage=String | ReadOnly=False | Shared=True | Id=13710673
INFO | Found 2 parameters named NWB_DimDiameter
INFO | SELECTED | Shared Parameter | Scope=instance | ReadOnly=False | Id=13710673
INFO | IGNORED (SharedOnly) | Shared Parameter | Scope=instance | ReadOnly=False | Id=7626172
INFO | Element 13818794 | NWB_DimDiameter | Kind=Shared Parameter | Scope=instance | Storage=String | Old='' | New='160'
SOURCE | Element 13818794 | Cat=Pipe Fittings | Family=MHT-ME-FAM-PF-PF-PVC-PTS-Bend | Type= | Level=LEVEL 03 | Name=Standard | System=Other | SizeText=160ø-160ø | Width= | Height= | Diameter=160
ELEMENT | 13818794 | Size='160ø-160ø' | Width='' | Height='' | Diameter='160' | Statuses=NWB_DimWidth:SKIP; NWB_DimHeight:SKIP; NWB_DimDiameter:OK
INFO | Candidate: NWB_DimDiameter | Scope=instance | Storage=String | ReadOnly=False | Shared=True | Id=7626172
INFO | Candidate: NWB_DimDiameter | Scope=instance | Storage=String | ReadOnly=False | Shared=True | Id=13710673
INFO | Found 2 parameters named NWB_DimDiameter
INFO | SELECTED | Shared Parameter | Scope=instance | ReadOnly=False | Id=13710673
INFO | IGNORED (SharedOnly) | Shared Parameter | Scope=instance | ReadOnly=False | Id=7626172
INFO | Element 13822477 | NWB_DimDiameter | Kind=Shared Parameter | Scope=instance | Storage=String | Old='' | New='160'
SOURCE | Element 13822477 | Cat=Pipe Fittings | Family=MHT-ME-FAM-PF-PF-PVC-PTS-Bend | Type= | Level=LEVEL 06 | Name=Standard | System=Other | SizeText=160ø-160ø | Width= | Height= | Diameter=160
ELEMENT | 13822477 | Size='160ø-160ø' | Width='' | Height='' | Diameter='160' | Statuses=NWB_DimWidth:SKIP; NWB_DimHeight:SKIP; NWB_DimDiameter:OK
INFO | Candidate: NWB_DimDiameter | Scope=instance | Storage=String | ReadOnly=False | Shared=True | Id=7626172
INFO | Candidate: NWB_DimDiameter | Scope=instance | Storage=String | ReadOnly=False | Shared=True | Id=13710673
INFO | Found 2 parameters named NWB_DimDiameter
INFO | SELECTED | Shared Parameter | Scope=instance | ReadOnly=False | Id=13710673
INFO | IGNORED (SharedOnly) | Shared Parameter | Scope=instance | ReadOnly=False | Id=7626172
INFO | Element 13822479 | NWB_DimDiameter | Kind=Shared Parameter | Scope=instance | Storage=String | Old='' | New='160'
SOURCE | Element 13822479 | Cat=Pipe Fittings | Family=MHT-ME-FAM-PF-PF-PVC-PTS-Bend | Type= | Level=LEVEL 06 | Name=Standard | System=Other | SizeText=160ø-160ø | Width= | Height= | Diameter=160
ELEMENT | 13822479 | Size='160ø-160ø' | Width='' | Height='' | Diameter='160' | Statuses=NWB_DimWidth:SKIP; NWB_DimHeight:SKIP; NWB_DimDiameter:OK
INFO | Candidate: NWB_DimDiameter | Scope=instance | Storage=String | ReadOnly=False | Shared=True | Id=7626172
INFO | Candidate: NWB_DimDiameter | Scope=instance | Storage=String | ReadOnly=False | Shared=True | Id=13710673
INFO | Found 2 parameters named NWB_DimDiameter
INFO | SELECTED | Shared Parameter | Scope=instance | ReadOnly=False | Id=13710673
INFO | IGNORED (SharedOnly) | Shared Parameter | Scope=instance | ReadOnly=False | Id=7626172
INFO | Element 13822487 | NWB_DimDiameter | Kind=Shared Parameter | Scope=instance | Storage=String | Old='' | New='160'
SOURCE | Element 13822487 | Cat=Pipe Fittings | Family=MHT-ME-FAM-PF-PF-PVC-PTS-Bend | Type= | Level=LEVEL 06 | Name=Standard | System=Other | SizeText=160ø-160ø | Width= | Height= | Diameter=160
ELEMENT | 13822487 | Size='160ø-160ø' | Width='' | Height='' | Diameter='160' | Statuses=NWB_DimWidth:SKIP; NWB_DimHeight:SKIP; NWB_DimDiameter:OK
INFO | Candidate: NWB_DimDiameter | Scope=instance | Storage=String | ReadOnly=False | Shared=True | Id=7626172
INFO | Candidate: NWB_DimDiameter | Scope=instance | Storage=String | ReadOnly=False | Shared=True | Id=13710673
INFO | Found 2 parameters named NWB_DimDiameter
INFO | SELECTED | Shared Parameter | Scope=instance | ReadOnly=False | Id=13710673
INFO | IGNORED (SharedOnly) | Shared Parameter | Scope=instance | ReadOnly=False | Id=7626172
INFO | Element 13822495 | NWB_DimDiameter | Kind=Shared Parameter | Scope=instance | Storage=String | Old='' | New='160'
SOURCE | Element 13822495 | Cat=Pipe Fittings | Family=MHT-ME-FAM-PF-PF-PVC-PTS-Bend | Type= | Level=LEVEL 06 | Name=Standard | System=Other | SizeText=160ø-160ø | Width= | Height= | Diameter=160
ELEMENT | 13822495 | Size='160ø-160ø' | Width='' | Height='' | Diameter='160' | Statuses=NWB_DimWidth:SKIP; NWB_DimHeight:SKIP; NWB_DimDiameter:OK
INFO | Candidate: NWB_DimDiameter | Scope=instance | Storage=String | ReadOnly=False | Shared=True | Id=7626172
INFO | Candidate: NWB_DimDiameter | Scope=instance | Storage=String | ReadOnly=False | Shared=True | Id=13710673
INFO | Found 2 parameters named NWB_DimDiameter
INFO | SELECTED | Shared Parameter | Scope=instance | ReadOnly=False | Id=13710673
INFO | IGNORED (SharedOnly) | Shared Parameter | Scope=instance | ReadOnly=False | Id=7626172
INFO | Element 13822501 | NWB_DimDiameter | Kind=Shared Parameter | Scope=instance | Storage=String | Old='' | New='160'
SOURCE | Element 13822501 | Cat=Pipe Fittings | Family=MHT-ME-FAM-PF-PF-PVC-PTS-Bend | Type= | Level=LEVEL 06 | Name=Standard | System=Other | SizeText=160ø-160ø | Width= | Height= | Diameter=160
ELEMENT | 13822501 | Size='160ø-160ø' | Width='' | Height='' | Diameter='160' | Statuses=NWB_DimWidth:SKIP; NWB_DimHeight:SKIP; NWB_DimDiameter:OK
INFO | Candidate: NWB_DimDiameter | Scope=instance | Storage=String | ReadOnly=False | Shared=True | Id=7626172
INFO | Candidate: NWB_DimDiameter | Scope=instance | Storage=String | ReadOnly=False | Shared=True | Id=13710673
INFO | Found 2 parameters named NWB_DimDiameter
INFO | SELECTED | Shared Parameter | Scope=instance | ReadOnly=False | Id=13710673
INFO | IGNORED (SharedOnly) | Shared Parameter | Scope=instance | ReadOnly=False | Id=7626172
INFO | Element 13822517 | NWB_DimDiameter | Kind=Shared Parameter | Scope=instance | Storage=String | Old='' | New='160'
SOURCE | Element 13822517 | Cat=Pipe Fittings | Family=MHT-ME-FAM-PF-PF-PVC-PTS-Bend | Type= | Level=LEVEL 06 | Name=Standard | System=Other | SizeText=160ø-160ø | Width= | Height= | Diameter=160
ELEMENT | 13822517 | Size='160ø-160ø' | Width='' | Height='' | Diameter='160' | Statuses=NWB_DimWidth:SKIP; NWB_DimHeight:SKIP; NWB_DimDiameter:OK
INFO | Candidate: NWB_DimDiameter | Scope=instance | Storage=String | ReadOnly=False | Shared=True | Id=7626172
INFO | Candidate: NWB_DimDiameter | Scope=instance | Storage=String | ReadOnly=False | Shared=True | Id=13710673
INFO | Found 2 parameters named NWB_DimDiameter
INFO | SELECTED | Shared Parameter | Scope=instance | ReadOnly=False | Id=13710673
INFO | IGNORED (SharedOnly) | Shared Parameter | Scope=instance | ReadOnly=False | Id=7626172
INFO | Element 13822521 | NWB_DimDiameter | Kind=Shared Parameter | Scope=instance | Storage=String | Old='' | New='160'
SOURCE | Element 13822521 | Cat=Pipe Fittings | Family=MHT-ME-FAM-PF-PF-PVC-PTS-Bend | Type= | Level=LEVEL 06 | Name=Standard | System=Other | SizeText=160ø-160ø | Width= | Height= | Diameter=160
ELEMENT | 13822521 | Size='160ø-160ø' | Width='' | Height='' | Diameter='160' | Statuses=NWB_DimWidth:SKIP; NWB_DimHeight:SKIP; NWB_DimDiameter:OK
INFO | Candidate: NWB_DimDiameter | Scope=instance | Storage=String | ReadOnly=False | Shared=True | Id=7626172
INFO | Candidate: NWB_DimDiameter | Scope=instance | Storage=String | ReadOnly=False | Shared=True | Id=13710673
INFO | Found 2 parameters named NWB_DimDiameter
INFO | SELECTED | Shared Parameter | Scope=instance | ReadOnly=False | Id=13710673
INFO | IGNORED (SharedOnly) | Shared Parameter | Scope=instance | ReadOnly=False | Id=7626172
INFO | Element 13822525 | NWB_DimDiameter | Kind=Shared Parameter | Scope=instance | Storage=String | Old='' | New='160'
SOURCE | Element 13822525 | Cat=Pipe Fittings | Family=MHT-ME-FAM-PF-PF-PVC-PTS-Bend | Type= | Level=LEVEL 06 | Name=Standard | System=Other | SizeText=160ø-160ø | Width= | Height= | Diameter=160
ELEMENT | 13822525 | Size='160ø-160ø' | Width='' | Height='' | Diameter='160' | Statuses=NWB_DimWidth:SKIP; NWB_DimHeight:SKIP; NWB_DimDiameter:OK
INFO | Candidate: NWB_DimDiameter | Scope=instance | Storage=String | ReadOnly=False | Shared=True | Id=7626172
INFO | Candidate: NWB_DimDiameter | Scope=instance | Storage=String | ReadOnly=False | Shared=True | Id=13710673
INFO | Found 2 parameters named NWB_DimDiameter
INFO | SELECTED | Shared Parameter | Scope=instance | ReadOnly=False | Id=13710673
INFO | IGNORED (SharedOnly) | Shared Parameter | Scope=instance | ReadOnly=False | Id=7626172
INFO | Element 13822531 | NWB_DimDiameter | Kind=Shared Parameter | Scope=instance | Storage=String | Old='' | New='160'
SOURCE | Element 13822531 | Cat=Pipe Fittings | Family=MHT-ME-FAM-PF-PF-PVC-PTS-Bend | Type= | Level=LEVEL 06 | Name=Standard | System=Other | SizeText=160ø-160ø | Width= | Height= | Diameter=160
ELEMENT | 13822531 | Size='160ø-160ø' | Width='' | Height='' | Diameter='160' | Statuses=NWB_DimWidth:SKIP; NWB_DimHeight:SKIP; NWB_DimDiameter:OK
INFO | Candidate: NWB_DimDiameter | Scope=instance | Storage=String | ReadOnly=False | Shared=True | Id=7626172
INFO | Candidate: NWB_DimDiameter | Scope=instance | Storage=String | ReadOnly=False | Shared=True | Id=13710673
INFO | Found 2 parameters named NWB_DimDiameter
INFO | SELECTED | Shared Parameter | Scope=instance | ReadOnly=False | Id=13710673
INFO | IGNORED (SharedOnly) | Shared Parameter | Scope=instance | ReadOnly=False | Id=7626172
INFO | Element 13822539 | NWB_DimDiameter | Kind=Shared Parameter | Scope=instance | Storage=String | Old='' | New='160'
SOURCE | Element 13822539 | Cat=Pipe Fittings | Family=MHT-ME-FAM-PF-PF-PVC-PTS-Bend | Type= | Level=LEVEL 06 | Name=Standard | System=Other | SizeText=160ø-160ø | Width= | Height= | Diameter=160
ELEMENT | 13822539 | Size='160ø-160ø' | Width='' | Height='' | Diameter='160' | Statuses=NWB_DimWidth:SKIP; NWB_DimHeight:SKIP; NWB_DimDiameter:OK
INFO | Candidate: NWB_DimDiameter | Scope=instance | Storage=String | ReadOnly=False | Shared=True | Id=7626172
INFO | Candidate: NWB_DimDiameter | Scope=instance | Storage=String | ReadOnly=False | Shared=True | Id=13710673
INFO | Found 2 parameters named NWB_DimDiameter
INFO | SELECTED | Shared Parameter | Scope=instance | ReadOnly=False | Id=13710673
INFO | IGNORED (SharedOnly) | Shared Parameter | Scope=instance | ReadOnly=False | Id=7626172
INFO | Element 13822551 | NWB_DimDiameter | Kind=Shared Parameter | Scope=instance | Storage=String | Old='' | New='160'
SOURCE | Element 13822551 | Cat=Pipe Fittings | Family=MHT-ME-FAM-PF-PF-PVC-PTS-Bend | Type= | Level=LEVEL 06 | Name=Standard | System=Other | SizeText=160ø-160ø | Width= | Height= | Diameter=160
ELEMENT | 13822551 | Size='160ø-160ø' | Width='' | Height='' | Diameter='160' | Statuses=NWB_DimWidth:SKIP; NWB_DimHeight:SKIP; NWB_DimDiameter:OK
INFO | Candidate: NWB_DimDiameter | Scope=instance | Storage=String | ReadOnly=False | Shared=True | Id=7626172
INFO | Candidate: NWB_DimDiameter | Scope=instance | Storage=String | ReadOnly=False | Shared=True | Id=13710673
INFO | Found 2 parameters named NWB_DimDiameter
INFO | SELECTED | Shared Parameter | Scope=instance | ReadOnly=False | Id=13710673
INFO | IGNORED (SharedOnly) | Shared Parameter | Scope=instance | ReadOnly=False | Id=7626172
INFO | Element 13822553 | NWB_DimDiameter | Kind=Shared Parameter | Scope=instance | Storage=String | Old='' | New='160'
SOURCE | Element 13822553 | Cat=Pipe Fittings | Family=MHT-ME-FAM-PF-PF-PVC-PTS-Bend | Type= | Level=LEVEL 06 | Name=Standard | System=Other | SizeText=160ø-160ø | Width= | Height= | Diameter=160
ELEMENT | 13822553 | Size='160ø-160ø' | Width='' | Height='' | Diameter='160' | Statuses=NWB_DimWidth:SKIP; NWB_DimHeight:SKIP; NWB_DimDiameter:OK
INFO | Candidate: NWB_DimDiameter | Scope=instance | Storage=String | ReadOnly=False | Shared=True | Id=7626172
INFO | Candidate: NWB_DimDiameter | Scope=instance | Storage=String | ReadOnly=False | Shared=True | Id=13710673
INFO | Found 2 parameters named NWB_DimDiameter
INFO | SELECTED | Shared Parameter | Scope=instance | ReadOnly=False | Id=13710673
INFO | IGNORED (SharedOnly) | Shared Parameter | Scope=instance | ReadOnly=False | Id=7626172
INFO | Element 13822555 | NWB_DimDiameter | Kind=Shared Parameter | Scope=instance | Storage=String | Old='' | New='160'
SOURCE | Element 13822555 | Cat=Pipe Fittings | Family=MHT-ME-FAM-PF-PF-PVC-PTS-Bend | Type= | Level=LEVEL 06 | Name=Standard | System=Other | SizeText=160ø-160ø | Width= | Height= | Diameter=160
ELEMENT | 13822555 | Size='160ø-160ø' | Width='' | Height='' | Diameter='160' | Statuses=NWB_DimWidth:SKIP; NWB_DimHeight:SKIP; NWB_DimDiameter:OK
INFO | Candidate: NWB_DimDiameter | Scope=instance | Storage=String | ReadOnly=False | Shared=True | Id=7626172
INFO | Candidate: NWB_DimDiameter | Scope=instance | Storage=String | ReadOnly=False | Shared=True | Id=13710673
INFO | Found 2 parameters named NWB_DimDiameter
INFO | SELECTED | Shared Parameter | Scope=instance | ReadOnly=False | Id=13710673
INFO | IGNORED (SharedOnly) | Shared Parameter | Scope=instance | ReadOnly=False | Id=7626172
INFO | Element 13822777 | NWB_DimDiameter | Kind=Shared Parameter | Scope=instance | Storage=String | Old='' | New='160'
SOURCE | Element 13822777 | Cat=Pipe Fittings | Family=MHT-ME-FAM-PF-PF-PVC-PTS-Bend | Type= | Level=LEVEL 06 | Name=Standard | System=Other | SizeText=160ø-160ø | Width= | Height= | Diameter=160
ELEMENT | 13822777 | Size='160ø-160ø' | Width='' | Height='' | Diameter='160' | Statuses=NWB_DimWidth:SKIP; NWB_DimHeight:SKIP; NWB_DimDiameter:OK
INFO | Candidate: NWB_DimDiameter | Scope=instance | Storage=String | ReadOnly=False | Shared=True | Id=7626172
INFO | Candidate: NWB_DimDiameter | Scope=instance | Storage=String | ReadOnly=False | Shared=True | Id=13710673
INFO | Found 2 parameters named NWB_DimDiameter
INFO | SELECTED | Shared Parameter | Scope=instance | ReadOnly=False | Id=13710673
INFO | IGNORED (SharedOnly) | Shared Parameter | Scope=instance | ReadOnly=False | Id=7626172
INFO | Element 13823052 | NWB_DimDiameter | Kind=Shared Parameter | Scope=instance | Storage=String | Old='' | New='160'
SOURCE | Element 13823052 | Cat=Pipe Fittings | Family=MHT-ME-FAM-PF-PF-PVC-PTS-Bend | Type= | Level=LEVEL 06 | Name=Standard | System=Other | SizeText=160ø-160ø | Width= | Height= | Diameter=160
ELEMENT | 13823052 | Size='160ø-160ø' | Width='' | Height='' | Diameter='160' | Statuses=NWB_DimWidth:SKIP; NWB_DimHeight:SKIP; NWB_DimDiameter:OK
INFO | Candidate: NWB_DimDiameter | Scope=instance | Storage=String | ReadOnly=False | Shared=True | Id=7626172
INFO | Candidate: NWB_DimDiameter | Scope=instance | Storage=String | ReadOnly=False | Shared=True | Id=13710673
INFO | Found 2 parameters named NWB_DimDiameter
INFO | SELECTED | Shared Parameter | Scope=instance | ReadOnly=False | Id=13710673
INFO | IGNORED (SharedOnly) | Shared Parameter | Scope=instance | ReadOnly=False | Id=7626172
INFO | Element 13823054 | NWB_DimDiameter | Kind=Shared Parameter | Scope=instance | Storage=String | Old='' | New='160'
SOURCE | Element 13823054 | Cat=Pipe Fittings | Family=MHT-ME-FAM-PF-PF-PVC-PTS-Bend | Type= | Level=LEVEL 08 | Name=Standard | System=Other | SizeText=160ø-160ø | Width= | Height= | Diameter=160
ELEMENT | 13823054 | Size='160ø-160ø' | Width='' | Height='' | Diameter='160' | Statuses=NWB_DimWidth:SKIP; NWB_DimHeight:SKIP; NWB_DimDiameter:OK
INFO | Candidate: NWB_DimDiameter | Scope=instance | Storage=String | ReadOnly=False | Shared=True | Id=7626172
INFO | Candidate: NWB_DimDiameter | Scope=instance | Storage=String | ReadOnly=False | Shared=True | Id=13710673
INFO | Found 2 parameters named NWB_DimDiameter
INFO | SELECTED | Shared Parameter | Scope=instance | ReadOnly=False | Id=13710673
INFO | IGNORED (SharedOnly) | Shared Parameter | Scope=instance | ReadOnly=False | Id=7626172
INFO | Element 13825023 | NWB_DimDiameter | Kind=Shared Parameter | Scope=instance | Storage=String | Old='' | New='160'
SOURCE | Element 13825023 | Cat=Pipe Fittings | Family=MHT-ME-FAM-PF-PF-PVC-PTS-Bend | Type= | Level=LEVEL 06 | Name=Standard | System=Other | SizeText=160ø-160ø | Width= | Height= | Diameter=160
ELEMENT | 13825023 | Size='160ø-160ø' | Width='' | Height='' | Diameter='160' | Statuses=NWB_DimWidth:SKIP; NWB_DimHeight:SKIP; NWB_DimDiameter:OK
INFO | Candidate: NWB_DimDiameter | Scope=instance | Storage=String | ReadOnly=False | Shared=True | Id=7626172
INFO | Candidate: NWB_DimDiameter | Scope=instance | Storage=String | ReadOnly=False | Shared=True | Id=13710673
INFO | Found 2 parameters named NWB_DimDiameter
INFO | SELECTED | Shared Parameter | Scope=instance | ReadOnly=False | Id=13710673
INFO | IGNORED (SharedOnly) | Shared Parameter | Scope=instance | ReadOnly=False | Id=7626172
INFO | Element 13826143 | NWB_DimDiameter | Kind=Shared Parameter | Scope=instance | Storage=String | Old='' | New='160'
SOURCE | Element 13826143 | Cat=Pipe Fittings | Family=MHT-ME-FAM-PF-PF-PVC-PTS-Bend | Type= | Level=LEVEL 06 | Name=Standard | System=Other | SizeText=160ø-160ø | Width= | Height= | Diameter=160
ELEMENT | 13826143 | Size='160ø-160ø' | Width='' | Height='' | Diameter='160' | Statuses=NWB_DimWidth:SKIP; NWB_DimHeight:SKIP; NWB_DimDiameter:OK
INFO | Candidate: NWB_DimDiameter | Scope=instance | Storage=String | ReadOnly=False | Shared=True | Id=7626172
INFO | Candidate: NWB_DimDiameter | Scope=instance | Storage=String | ReadOnly=False | Shared=True | Id=13710673
INFO | Found 2 parameters named NWB_DimDiameter
INFO | SELECTED | Shared Parameter | Scope=instance | ReadOnly=False | Id=13710673
INFO | IGNORED (SharedOnly) | Shared Parameter | Scope=instance | ReadOnly=False | Id=7626172
INFO | Element 13826148 | NWB_DimDiameter | Kind=Shared Parameter | Scope=instance | Storage=String | Old='' | New='160'
SOURCE | Element 13826148 | Cat=Pipe Fittings | Family=MHT-ME-FAM-PF-PF-PVC-PTS-Bend | Type= | Level=LEVEL 06 | Name=Standard | System=Other | SizeText=160ø-160ø | Width= | Height= | Diameter=160
ELEMENT | 13826148 | Size='160ø-160ø' | Width='' | Height='' | Diameter='160' | Statuses=NWB_DimWidth:SKIP; NWB_DimHeight:SKIP; NWB_DimDiameter:OK
INFO | Candidate: NWB_DimDiameter | Scope=instance | Storage=String | ReadOnly=False | Shared=True | Id=7626172
INFO | Candidate: NWB_DimDiameter | Scope=instance | Storage=String | ReadOnly=False | Shared=True | Id=13710673
INFO | Found 2 parameters named NWB_DimDiameter
INFO | SELECTED | Shared Parameter | Scope=instance | ReadOnly=False | Id=13710673
INFO | IGNORED (SharedOnly) | Shared Parameter | Scope=instance | ReadOnly=False | Id=7626172
INFO | Element 13826150 | NWB_DimDiameter | Kind=Shared Parameter | Scope=instance | Storage=String | Old='' | New='160'
SOURCE | Element 13826150 | Cat=Pipe Fittings | Family=MHT-ME-FAM-PF-PF-PVC-PTS-Bend | Type= | Level=LEVEL 06 | Name=Standard | System=Other | SizeText=160ø-160ø | Width= | Height= | Diameter=160
ELEMENT | 13826150 | Size='160ø-160ø' | Width='' | Height='' | Diameter='160' | Statuses=NWB_DimWidth:SKIP; NWB_DimHeight:SKIP; NWB_DimDiameter:OK
INFO | Candidate: NWB_DimDiameter | Scope=instance | Storage=String | ReadOnly=False | Shared=True | Id=7626172
INFO | Candidate: NWB_DimDiameter | Scope=instance | Storage=String | ReadOnly=False | Shared=True | Id=13710673
INFO | Found 2 parameters named NWB_DimDiameter
INFO | SELECTED | Shared Parameter | Scope=instance | ReadOnly=False | Id=13710673
INFO | IGNORED (SharedOnly) | Shared Parameter | Scope=instance | ReadOnly=False | Id=7626172
INFO | Element 13826490 | NWB_DimDiameter | Kind=Shared Parameter | Scope=instance | Storage=String | Old='' | New='160'
SOURCE | Element 13826490 | Cat=Pipe Fittings | Family=MHT-ME-FAM-PF-PF-PVC-PTS-Bend | Type= | Level=LEVEL 06 | Name=Standard | System=Other | SizeText=160ø-160ø | Width= | Height= | Diameter=160
ELEMENT | 13826490 | Size='160ø-160ø' | Width='' | Height='' | Diameter='160' | Statuses=NWB_DimWidth:SKIP; NWB_DimHeight:SKIP; NWB_DimDiameter:OK
INFO | Candidate: NWB_DimDiameter | Scope=instance | Storage=String | ReadOnly=False | Shared=True | Id=7626172
INFO | Candidate: NWB_DimDiameter | Scope=instance | Storage=String | ReadOnly=False | Shared=True | Id=13710673
INFO | Found 2 parameters named NWB_DimDiameter
INFO | SELECTED | Shared Parameter | Scope=instance | ReadOnly=False | Id=13710673
INFO | IGNORED (SharedOnly) | Shared Parameter | Scope=instance | ReadOnly=False | Id=7626172
INFO | Element 13826492 | NWB_DimDiameter | Kind=Shared Parameter | Scope=instance | Storage=String | Old='' | New='160'
SOURCE | Element 13826492 | Cat=Pipe Fittings | Family=MHT-ME-FAM-PF-PF-PVC-PTS-Bend | Type= | Level=LEVEL 06 | Name=Standard | System=Other | SizeText=160ø-160ø | Width= | Height= | Diameter=160
ELEMENT | 13826492 | Size='160ø-160ø' | Width='' | Height='' | Diameter='160' | Statuses=NWB_DimWidth:SKIP; NWB_DimHeight:SKIP; NWB_DimDiameter:OK
INFO | Candidate: NWB_DimDiameter | Scope=instance | Storage=String | ReadOnly=False | Shared=True | Id=7626172
INFO | Candidate: NWB_DimDiameter | Scope=instance | Storage=String | ReadOnly=False | Shared=True | Id=13710673
INFO | Found 2 parameters named NWB_DimDiameter
INFO | SELECTED | Shared Parameter | Scope=instance | ReadOnly=False | Id=13710673
INFO | IGNORED (SharedOnly) | Shared Parameter | Scope=instance | ReadOnly=False | Id=7626172
INFO | Element 13826882 | NWB_DimDiameter | Kind=Shared Parameter | Scope=instance | Storage=String | Old='' | New='160'
SOURCE | Element 13826882 | Cat=Pipe Fittings | Family=MHT-ME-FAM-PF-PF-PVC-PTS-Bend | Type= | Level=LEVEL 06 | Name=Standard | System=Other | SizeText=160ø-160ø | Width= | Height= | Diameter=160
ELEMENT | 13826882 | Size='160ø-160ø' | Width='' | Height='' | Diameter='160' | Statuses=NWB_DimWidth:SKIP; NWB_DimHeight:SKIP; NWB_DimDiameter:OK
INFO | Candidate: NWB_DimDiameter | Scope=instance | Storage=String | ReadOnly=False | Shared=True | Id=7626172
INFO | Candidate: NWB_DimDiameter | Scope=instance | Storage=String | ReadOnly=False | Shared=True | Id=13710673
INFO | Found 2 parameters named NWB_DimDiameter
INFO | SELECTED | Shared Parameter | Scope=instance | ReadOnly=False | Id=13710673
INFO | IGNORED (SharedOnly) | Shared Parameter | Scope=instance | ReadOnly=False | Id=7626172
INFO | Element 13827938 | NWB_DimDiameter | Kind=Shared Parameter | Scope=instance | Storage=String | Old='' | New='160'
SOURCE | Element 13827938 | Cat=Pipe Fittings | Family=MHT-ME-FAM-PF-PF-PVC-PTS-Bend | Type= | Level=LEVEL 06 | Name=Standard | System=Other | SizeText=160ø-160ø | Width= | Height= | Diameter=160
ELEMENT | 13827938 | Size='160ø-160ø' | Width='' | Height='' | Diameter='160' | Statuses=NWB_DimWidth:SKIP; NWB_DimHeight:SKIP; NWB_DimDiameter:OK
INFO | Candidate: NWB_DimDiameter | Scope=instance | Storage=String | ReadOnly=False | Shared=True | Id=7626172
INFO | Candidate: NWB_DimDiameter | Scope=instance | Storage=String | ReadOnly=False | Shared=True | Id=13710673
INFO | Found 2 parameters named NWB_DimDiameter
INFO | SELECTED | Shared Parameter | Scope=instance | ReadOnly=False | Id=13710673
INFO | IGNORED (SharedOnly) | Shared Parameter | Scope=instance | ReadOnly=False | Id=7626172
INFO | Element 13827940 | NWB_DimDiameter | Kind=Shared Parameter | Scope=instance | Storage=String | Old='' | New='160'
SOURCE | Element 13827940 | Cat=Pipe Fittings | Family=MHT-ME-FAM-PF-PF-PVC-PTS-Bend | Type= | Level=LEVEL 06 | Name=Standard | System=Other | SizeText=160ø-160ø | Width= | Height= | Diameter=160
ELEMENT | 13827940 | Size='160ø-160ø' | Width='' | Height='' | Diameter='160' | Statuses=NWB_DimWidth:SKIP; NWB_DimHeight:SKIP; NWB_DimDiameter:OK
INFO | Candidate: NWB_DimDiameter | Scope=instance | Storage=String | ReadOnly=False | Shared=True | Id=7626172
INFO | Candidate: NWB_DimDiameter | Scope=instance | Storage=String | ReadOnly=False | Shared=True | Id=13710673
INFO | Found 2 parameters named NWB_DimDiameter
INFO | SELECTED | Shared Parameter | Scope=instance | ReadOnly=False | Id=13710673
INFO | IGNORED (SharedOnly) | Shared Parameter | Scope=instance | ReadOnly=False | Id=7626172
INFO | Element 13828532 | NWB_DimDiameter | Kind=Shared Parameter | Scope=instance | Storage=String | Old='' | New='160'
SOURCE | Element 13828532 | Cat=Pipe Fittings | Family=MHT-ME-FAM-PF-PF-PVC-PTS-Bend | Type= | Level=LEVEL 06 | Name=Standard | System=Other | SizeText=160ø-160ø | Width= | Height= | Diameter=160
ELEMENT | 13828532 | Size='160ø-160ø' | Width='' | Height='' | Diameter='160' | Statuses=NWB_DimWidth:SKIP; NWB_DimHeight:SKIP; NWB_DimDiameter:OK
INFO | Candidate: NWB_DimDiameter | Scope=instance | Storage=String | ReadOnly=False | Shared=True | Id=7626172
INFO | Candidate: NWB_DimDiameter | Scope=instance | Storage=String | ReadOnly=False | Shared=True | Id=13710673
INFO | Found 2 parameters named NWB_DimDiameter
INFO | SELECTED | Shared Parameter | Scope=instance | ReadOnly=False | Id=13710673
INFO | IGNORED (SharedOnly) | Shared Parameter | Scope=instance | ReadOnly=False | Id=7626172
INFO | Element 13828884 | NWB_DimDiameter | Kind=Shared Parameter | Scope=instance | Storage=String | Old='' | New='160'
SOURCE | Element 13828884 | Cat=Pipe Fittings | Family=MHT-ME-FAM-PF-PF-PVC-PTS-Bend | Type= | Level=LEVEL 06 | Name=Standard | System=Other | SizeText=160ø-160ø | Width= | Height= | Diameter=160
ELEMENT | 13828884 | Size='160ø-160ø' | Width='' | Height='' | Diameter='160' | Statuses=NWB_DimWidth:SKIP; NWB_DimHeight:SKIP; NWB_DimDiameter:OK
INFO | Candidate: NWB_DimDiameter | Scope=instance | Storage=String | ReadOnly=False | Shared=True | Id=7626172
INFO | Candidate: NWB_DimDiameter | Scope=instance | Storage=String | ReadOnly=False | Shared=True | Id=13710673
INFO | Found 2 parameters named NWB_DimDiameter
INFO | SELECTED | Shared Parameter | Scope=instance | ReadOnly=False | Id=13710673
INFO | IGNORED (SharedOnly) | Shared Parameter | Scope=instance | ReadOnly=False | Id=7626172
INFO | Element 13829583 | NWB_DimDiameter | Kind=Shared Parameter | Scope=instance | Storage=String | Old='' | New='160'
SOURCE | Element 13829583 | Cat=Pipe Fittings | Family=MHT-ME-FAM-PF-PF-PVC-PTS-Bend | Type= | Level=LEVEL 06 | Name=Standard | System=Other | SizeText=160ø-160ø | Width= | Height= | Diameter=160
ELEMENT | 13829583 | Size='160ø-160ø' | Width='' | Height='' | Diameter='160' | Statuses=NWB_DimWidth:SKIP; NWB_DimHeight:SKIP; NWB_DimDiameter:OK
INFO | Candidate: NWB_DimDiameter | Scope=instance | Storage=String | ReadOnly=False | Shared=True | Id=7626172
INFO | Candidate: NWB_DimDiameter | Scope=instance | Storage=String | ReadOnly=False | Shared=True | Id=13710673
INFO | Found 2 parameters named NWB_DimDiameter
INFO | SELECTED | Shared Parameter | Scope=instance | ReadOnly=False | Id=13710673
INFO | IGNORED (SharedOnly) | Shared Parameter | Scope=instance | ReadOnly=False | Id=7626172
INFO | Element 13829737 | NWB_DimDiameter | Kind=Shared Parameter | Scope=instance | Storage=String | Old='' | New='160'
SOURCE | Element 13829737 | Cat=Pipe Fittings | Family=MHT-ME-FAM-PF-PF-PVC-PTS-Bend | Type= | Level=LEVEL 06 | Name=Standard | System=Hydronic Supply | SizeText=160ø-160ø | Width= | Height= | Diameter=160
ELEMENT | 13829737 | Size='160ø-160ø' | Width='' | Height='' | Diameter='160' | Statuses=NWB_DimWidth:SKIP; NWB_DimHeight:SKIP; NWB_DimDiameter:OK
INFO | Candidate: NWB_DimDiameter | Scope=instance | Storage=String | ReadOnly=False | Shared=True | Id=7626172
INFO | Candidate: NWB_DimDiameter | Scope=instance | Storage=String | ReadOnly=False | Shared=True | Id=13710673
INFO | Found 2 parameters named NWB_DimDiameter
INFO | SELECTED | Shared Parameter | Scope=instance | ReadOnly=False | Id=13710673
INFO | IGNORED (SharedOnly) | Shared Parameter | Scope=instance | ReadOnly=False | Id=7626172
INFO | Element 13830436 | NWB_DimDiameter | Kind=Shared Parameter | Scope=instance | Storage=String | Old='' | New='160'
SOURCE | Element 13830436 | Cat=Pipe Fittings | Family=MHT-ME-FAM-PF-PF-PVC-PTS-Bend | Type= | Level=LEVEL 06 | Name=Standard | System=Other | SizeText=160ø-160ø | Width= | Height= | Diameter=160
ELEMENT | 13830436 | Size='160ø-160ø' | Width='' | Height='' | Diameter='160' | Statuses=NWB_DimWidth:SKIP; NWB_DimHeight:SKIP; NWB_DimDiameter:OK
INFO | Candidate: NWB_DimDiameter | Scope=instance | Storage=String | ReadOnly=False | Shared=True | Id=7626172
INFO | Candidate: NWB_DimDiameter | Scope=instance | Storage=String | ReadOnly=False | Shared=True | Id=13710673
INFO | Found 2 parameters named NWB_DimDiameter
INFO | SELECTED | Shared Parameter | Scope=instance | ReadOnly=False | Id=13710673
INFO | IGNORED (SharedOnly) | Shared Parameter | Scope=instance | ReadOnly=False | Id=7626172
INFO | Element 13830977 | NWB_DimDiameter | Kind=Shared Parameter | Scope=instance | Storage=String | Old='' | New='160'
SOURCE | Element 13830977 | Cat=Pipe Fittings | Family=MHT-ME-FAM-PF-PF-PVC-PTS-Bend | Type= | Level=LEVEL 06 | Name=Standard | System=Other | SizeText=160ø-160ø | Width= | Height= | Diameter=160
ELEMENT | 13830977 | Size='160ø-160ø' | Width='' | Height='' | Diameter='160' | Statuses=NWB_DimWidth:SKIP; NWB_DimHeight:SKIP; NWB_DimDiameter:OK
INFO | Candidate: NWB_DimDiameter | Scope=instance | Storage=String | ReadOnly=False | Shared=True | Id=7626172
INFO | Candidate: NWB_DimDiameter | Scope=instance | Storage=String | ReadOnly=False | Shared=True | Id=13710673
INFO | Found 2 parameters named NWB_DimDiameter
INFO | SELECTED | Shared Parameter | Scope=instance | ReadOnly=False | Id=13710673
INFO | IGNORED (SharedOnly) | Shared Parameter | Scope=instance | ReadOnly=False | Id=7626172
INFO | Element 13831077 | NWB_DimDiameter | Kind=Shared Parameter | Scope=instance | Storage=String | Old='' | New='160'
SOURCE | Element 13831077 | Cat=Pipe Fittings | Family=MHT-ME-FAM-PF-PF-PVC-PTS-Bend | Type= | Level=LEVEL 06 | Name=Standard | System=Other | SizeText=160ø-160ø | Width= | Height= | Diameter=160
ELEMENT | 13831077 | Size='160ø-160ø' | Width='' | Height='' | Diameter='160' | Statuses=NWB_DimWidth:SKIP; NWB_DimHeight:SKIP; NWB_DimDiameter:OK
INFO | Candidate: NWB_DimDiameter | Scope=instance | Storage=String | ReadOnly=False | Shared=True | Id=7626172
INFO | Candidate: NWB_DimDiameter | Scope=instance | Storage=String | ReadOnly=False | Shared=True | Id=13710673
INFO | Found 2 parameters named NWB_DimDiameter
INFO | SELECTED | Shared Parameter | Scope=instance | ReadOnly=False | Id=13710673
INFO | IGNORED (SharedOnly) | Shared Parameter | Scope=instance | ReadOnly=False | Id=7626172
INFO | Element 13831124 | NWB_DimDiameter | Kind=Shared Parameter | Scope=instance | Storage=String | Old='' | New='160'
SOURCE | Element 13831124 | Cat=Pipe Fittings | Family=MHT-ME-FAM-PF-PF-PVC-PTS-Bend | Type= | Level=LEVEL 06 | Name=Standard | System=Other | SizeText=160ø-160ø | Width= | Height= | Diameter=160
ELEMENT | 13831124 | Size='160ø-160ø' | Width='' | Height='' | Diameter='160' | Statuses=NWB_DimWidth:SKIP; NWB_DimHeight:SKIP; NWB_DimDiameter:OK
INFO | Candidate: NWB_DimDiameter | Scope=instance | Storage=String | ReadOnly=False | Shared=True | Id=7626172
INFO | Candidate: NWB_DimDiameter | Scope=instance | Storage=String | ReadOnly=False | Shared=True | Id=13710673
INFO | Found 2 parameters named NWB_DimDiameter
INFO | SELECTED | Shared Parameter | Scope=instance | ReadOnly=False | Id=13710673
INFO | IGNORED (SharedOnly) | Shared Parameter | Scope=instance | ReadOnly=False | Id=7626172
INFO | Element 13831224 | NWB_DimDiameter | Kind=Shared Parameter | Scope=instance | Storage=String | Old='' | New='160'
SOURCE | Element 13831224 | Cat=Pipe Fittings | Family=MHT-ME-FAM-PF-PF-PVC-PTS-Bend | Type= | Level=LEVEL 06 | Name=Standard | System=Other | SizeText=160ø-160ø | Width= | Height= | Diameter=160
ELEMENT | 13831224 | Size='160ø-160ø' | Width='' | Height='' | Diameter='160' | Statuses=NWB_DimWidth:SKIP; NWB_DimHeight:SKIP; NWB_DimDiameter:OK
INFO | Candidate: NWB_DimDiameter | Scope=instance | Storage=String | ReadOnly=False | Shared=True | Id=7626172
INFO | Candidate: NWB_DimDiameter | Scope=instance | Storage=String | ReadOnly=False | Shared=True | Id=13710673
INFO | Found 2 parameters named NWB_DimDiameter
INFO | SELECTED | Shared Parameter | Scope=instance | ReadOnly=False | Id=13710673
INFO | IGNORED (SharedOnly) | Shared Parameter | Scope=instance | ReadOnly=False | Id=7626172
INFO | Element 13831896 | NWB_DimDiameter | Kind=Shared Parameter | Scope=instance | Storage=String | Old='' | New='160'
SOURCE | Element 13831896 | Cat=Pipe Fittings | Family=MHT-ME-FAM-PF-PF-PVC-PTS-Bend | Type= | Level=LEVEL 06 | Name=Standard | System=Other | SizeText=160ø-160ø | Width= | Height= | Diameter=160
ELEMENT | 13831896 | Size='160ø-160ø' | Width='' | Height='' | Diameter='160' | Statuses=NWB_DimWidth:SKIP; NWB_DimHeight:SKIP; NWB_DimDiameter:OK
INFO | Candidate: NWB_DimDiameter | Scope=instance | Storage=String | ReadOnly=False | Shared=True | Id=7626172
INFO | Candidate: NWB_DimDiameter | Scope=instance | Storage=String | ReadOnly=False | Shared=True | Id=13710673
INFO | Found 2 parameters named NWB_DimDiameter
INFO | SELECTED | Shared Parameter | Scope=instance | ReadOnly=False | Id=13710673
INFO | IGNORED (SharedOnly) | Shared Parameter | Scope=instance | ReadOnly=False | Id=7626172
INFO | Element 13831925 | NWB_DimDiameter | Kind=Shared Parameter | Scope=instance | Storage=String | Old='' | New='160'
SOURCE | Element 13831925 | Cat=Pipe Fittings | Family=MHT-ME-FAM-PF-PF-PVC-PTS-Bend | Type= | Level=LEVEL 06 | Name=Standard | System=Hydronic Supply | SizeText=160ø-160ø | Width= | Height= | Diameter=160
ELEMENT | 13831925 | Size='160ø-160ø' | Width='' | Height='' | Diameter='160' | Statuses=NWB_DimWidth:SKIP; NWB_DimHeight:SKIP; NWB_DimDiameter:OK
INFO | Candidate: NWB_DimDiameter | Scope=instance | Storage=String | ReadOnly=False | Shared=True | Id=7626172
INFO | Candidate: NWB_DimDiameter | Scope=instance | Storage=String | ReadOnly=False | Shared=True | Id=13710673
INFO | Found 2 parameters named NWB_DimDiameter
INFO | SELECTED | Shared Parameter | Scope=instance | ReadOnly=False | Id=13710673
INFO | IGNORED (SharedOnly) | Shared Parameter | Scope=instance | ReadOnly=False | Id=7626172
INFO | Element 13831927 | NWB_DimDiameter | Kind=Shared Parameter | Scope=instance | Storage=String | Old='' | New='160'
SOURCE | Element 13831927 | Cat=Pipe Fittings | Family=MHT-ME-FAM-PF-PF-PVC-PTS-Bend | Type= | Level=LEVEL 06 | Name=Standard | System=Hydronic Supply | SizeText=160ø-160ø | Width= | Height= | Diameter=160
ELEMENT | 13831927 | Size='160ø-160ø' | Width='' | Height='' | Diameter='160' | Statuses=NWB_DimWidth:SKIP; NWB_DimHeight:SKIP; NWB_DimDiameter:OK
INFO | Candidate: NWB_DimDiameter | Scope=instance | Storage=String | ReadOnly=False | Shared=True | Id=7626172
INFO | Candidate: NWB_DimDiameter | Scope=instance | Storage=String | ReadOnly=False | Shared=True | Id=13710673
INFO | Found 2 parameters named NWB_DimDiameter
INFO | SELECTED | Shared Parameter | Scope=instance | ReadOnly=False | Id=13710673
INFO | IGNORED (SharedOnly) | Shared Parameter | Scope=instance | ReadOnly=False | Id=7626172
INFO | Element 13831929 | NWB_DimDiameter | Kind=Shared Parameter | Scope=instance | Storage=String | Old='' | New='160'
SOURCE | Element 13831929 | Cat=Pipe Fittings | Family=MHT-ME-FAM-PF-PF-PVC-PTS-Bend | Type= | Level=LEVEL 06 | Name=Standard | System=Hydronic Supply | SizeText=160ø-160ø | Width= | Height= | Diameter=160
ELEMENT | 13831929 | Size='160ø-160ø' | Width='' | Height='' | Diameter='160' | Statuses=NWB_DimWidth:SKIP; NWB_DimHeight:SKIP; NWB_DimDiameter:OK
INFO | Candidate: NWB_DimDiameter | Scope=instance | Storage=String | ReadOnly=False | Shared=True | Id=7626172
INFO | Candidate: NWB_DimDiameter | Scope=instance | Storage=String | ReadOnly=False | Shared=True | Id=13710673
INFO | Found 2 parameters named NWB_DimDiameter
INFO | SELECTED | Shared Parameter | Scope=instance | ReadOnly=False | Id=13710673
INFO | IGNORED (SharedOnly) | Shared Parameter | Scope=instance | ReadOnly=False | Id=7626172
INFO | Element 13831931 | NWB_DimDiameter | Kind=Shared Parameter | Scope=instance | Storage=String | Old='' | New='160'
SOURCE | Element 13831931 | Cat=Pipe Fittings | Family=MHT-ME-FAM-PF-PF-PVC-PTS-Bend | Type= | Level=LEVEL 06 | Name=Standard | System=Hydronic Supply | SizeText=160ø-160ø | Width= | Height= | Diameter=160
ELEMENT | 13831931 | Size='160ø-160ø' | Width='' | Height='' | Diameter='160' | Statuses=NWB_DimWidth:SKIP; NWB_DimHeight:SKIP; NWB_DimDiameter:OK
INFO | Candidate: NWB_DimDiameter | Scope=instance | Storage=String | ReadOnly=False | Shared=True | Id=7626172
INFO | Candidate: NWB_DimDiameter | Scope=instance | Storage=String | ReadOnly=False | Shared=True | Id=13710673
INFO | Found 2 parameters named NWB_DimDiameter
INFO | SELECTED | Shared Parameter | Scope=instance | ReadOnly=False | Id=13710673
INFO | IGNORED (SharedOnly) | Shared Parameter | Scope=instance | ReadOnly=False | Id=7626172
INFO | Element 13832162 | NWB_DimDiameter | Kind=Shared Parameter | Scope=instance | Storage=String | Old='' | New='160'
SOURCE | Element 13832162 | Cat=Pipe Fittings | Family=MHT-ME-FAM-PF-PF-PVC-PTS-Bend | Type= | Level=LEVEL 06 | Name=Standard | System=Other | SizeText=160ø-160ø | Width= | Height= | Diameter=160
ELEMENT | 13832162 | Size='160ø-160ø' | Width='' | Height='' | Diameter='160' | Statuses=NWB_DimWidth:SKIP; NWB_DimHeight:SKIP; NWB_DimDiameter:OK
INFO | Candidate: NWB_DimDiameter | Scope=instance | Storage=String | ReadOnly=False | Shared=True | Id=7626172
INFO | Candidate: NWB_DimDiameter | Scope=instance | Storage=String | ReadOnly=False | Shared=True | Id=13710673
INFO | Found 2 parameters named NWB_DimDiameter
INFO | SELECTED | Shared Parameter | Scope=instance | ReadOnly=False | Id=13710673
INFO | IGNORED (SharedOnly) | Shared Parameter | Scope=instance | ReadOnly=False | Id=7626172
INFO | Element 13832250 | NWB_DimDiameter | Kind=Shared Parameter | Scope=instance | Storage=String | Old='' | New='160'
SOURCE | Element 13832250 | Cat=Pipe Fittings | Family=MHT-ME-FAM-PF-PF-PVC-PTS-Bend | Type= | Level=LEVEL 06 | Name=Standard | System=Other | SizeText=160ø-160ø | Width= | Height= | Diameter=160
ELEMENT | 13832250 | Size='160ø-160ø' | Width='' | Height='' | Diameter='160' | Statuses=NWB_DimWidth:SKIP; NWB_DimHeight:SKIP; NWB_DimDiameter:OK
INFO | Candidate: NWB_DimDiameter | Scope=instance | Storage=String | ReadOnly=False | Shared=True | Id=7626172
INFO | Candidate: NWB_DimDiameter | Scope=instance | Storage=String | ReadOnly=False | Shared=True | Id=13710673
INFO | Found 2 parameters named NWB_DimDiameter
INFO | SELECTED | Shared Parameter | Scope=instance | ReadOnly=False | Id=13710673
INFO | IGNORED (SharedOnly) | Shared Parameter | Scope=instance | ReadOnly=False | Id=7626172
INFO | Element 13832253 | NWB_DimDiameter | Kind=Shared Parameter | Scope=instance | Storage=String | Old='' | New='160'
SOURCE | Element 13832253 | Cat=Pipe Fittings | Family=MHT-ME-FAM-PF-PF-PVC-PTS-Bend | Type= | Level=LEVEL 06 | Name=Standard | System=Other | SizeText=160ø-160ø | Width= | Height= | Diameter=160
ELEMENT | 13832253 | Size='160ø-160ø' | Width='' | Height='' | Diameter='160' | Statuses=NWB_DimWidth:SKIP; NWB_DimHeight:SKIP; NWB_DimDiameter:OK
INFO | Candidate: NWB_DimDiameter | Scope=instance | Storage=String | ReadOnly=False | Shared=True | Id=7626172
INFO | Candidate: NWB_DimDiameter | Scope=instance | Storage=String | ReadOnly=False | Shared=True | Id=13710673
INFO | Found 2 parameters named NWB_DimDiameter
INFO | SELECTED | Shared Parameter | Scope=instance | ReadOnly=False | Id=13710673
INFO | IGNORED (SharedOnly) | Shared Parameter | Scope=instance | ReadOnly=False | Id=7626172
INFO | Element 13832942 | NWB_DimDiameter | Kind=Shared Parameter | Scope=instance | Storage=String | Old='' | New='160'
SOURCE | Element 13832942 | Cat=Pipe Fittings | Family=MHT-ME-FAM-PF-PF-PVC-PTS-Bend | Type= | Level=LEVEL 06 | Name=Standard | System=Other | SizeText=160ø-160ø | Width= | Height= | Diameter=160
ELEMENT | 13832942 | Size='160ø-160ø' | Width='' | Height='' | Diameter='160' | Statuses=NWB_DimWidth:SKIP; NWB_DimHeight:SKIP; NWB_DimDiameter:OK
INFO | Candidate: NWB_DimDiameter | Scope=instance | Storage=String | ReadOnly=False | Shared=True | Id=7626172
INFO | Candidate: NWB_DimDiameter | Scope=instance | Storage=String | ReadOnly=False | Shared=True | Id=13710673
INFO | Found 2 parameters named NWB_DimDiameter
INFO | SELECTED | Shared Parameter | Scope=instance | ReadOnly=False | Id=13710673
INFO | IGNORED (SharedOnly) | Shared Parameter | Scope=instance | ReadOnly=False | Id=7626172
INFO | Element 13832944 | NWB_DimDiameter | Kind=Shared Parameter | Scope=instance | Storage=String | Old='' | New='160'
SOURCE | Element 13832944 | Cat=Pipe Fittings | Family=MHT-ME-FAM-PF-PF-PVC-PTS-Bend | Type= | Level=LEVEL 06 | Name=Standard | System=Other | SizeText=160ø-160ø | Width= | Height= | Diameter=160
ELEMENT | 13832944 | Size='160ø-160ø' | Width='' | Height='' | Diameter='160' | Statuses=NWB_DimWidth:SKIP; NWB_DimHeight:SKIP; NWB_DimDiameter:OK
INFO | Candidate: NWB_DimDiameter | Scope=instance | Storage=String | ReadOnly=False | Shared=True | Id=7626172
INFO | Candidate: NWB_DimDiameter | Scope=instance | Storage=String | ReadOnly=False | Shared=True | Id=13710673
INFO | Found 2 parameters named NWB_DimDiameter
INFO | SELECTED | Shared Parameter | Scope=instance | ReadOnly=False | Id=13710673
INFO | IGNORED (SharedOnly) | Shared Parameter | Scope=instance | ReadOnly=False | Id=7626172
INFO | Element 13832946 | NWB_DimDiameter | Kind=Shared Parameter | Scope=instance | Storage=String | Old='' | New='160'
SOURCE | Element 13832946 | Cat=Pipe Fittings | Family=MHT-ME-FAM-PF-PF-PVC-PTS-Bend | Type= | Level=LEVEL 06 | Name=Standard | System=Other | SizeText=160ø-160ø | Width= | Height= | Diameter=160
ELEMENT | 13832946 | Size='160ø-160ø' | Width='' | Height='' | Diameter='160' | Statuses=NWB_DimWidth:SKIP; NWB_DimHeight:SKIP; NWB_DimDiameter:OK
INFO | Candidate: NWB_DimDiameter | Scope=instance | Storage=String | ReadOnly=False | Shared=True | Id=7626172
INFO | Candidate: NWB_DimDiameter | Scope=instance | Storage=String | ReadOnly=False | Shared=True | Id=13710673
INFO | Found 2 parameters named NWB_DimDiameter
INFO | SELECTED | Shared Parameter | Scope=instance | ReadOnly=False | Id=13710673
INFO | IGNORED (SharedOnly) | Shared Parameter | Scope=instance | ReadOnly=False | Id=7626172
INFO | Element 13833131 | NWB_DimDiameter | Kind=Shared Parameter | Scope=instance | Storage=String | Old='' | New='160'
SOURCE | Element 13833131 | Cat=Pipe Fittings | Family=MHT-ME-FAM-PF-PF-PVC-PTS-Bend | Type= | Level=LEVEL 06 | Name=Standard | System=Other | SizeText=160ø-160ø | Width= | Height= | Diameter=160
ELEMENT | 13833131 | Size='160ø-160ø' | Width='' | Height='' | Diameter='160' | Statuses=NWB_DimWidth:SKIP; NWB_DimHeight:SKIP; NWB_DimDiameter:OK
INFO | Candidate: NWB_DimDiameter | Scope=instance | Storage=String | ReadOnly=False | Shared=True | Id=7626172
INFO | Candidate: NWB_DimDiameter | Scope=instance | Storage=String | ReadOnly=False | Shared=True | Id=13710673
INFO | Found 2 parameters named NWB_DimDiameter
INFO | SELECTED | Shared Parameter | Scope=instance | ReadOnly=False | Id=13710673
INFO | IGNORED (SharedOnly) | Shared Parameter | Scope=instance | ReadOnly=False | Id=7626172
INFO | Element 13833618 | NWB_DimDiameter | Kind=Shared Parameter | Scope=instance | Storage=String | Old='' | New='160'
SOURCE | Element 13833618 | Cat=Pipe Fittings | Family=MHT-ME-FAM-PF-PF-PVC-PTS-Bend | Type= | Level=LEVEL 06 | Name=Standard | System=Other | SizeText=160ø-160ø | Width= | Height= | Diameter=160
ELEMENT | 13833618 | Size='160ø-160ø' | Width='' | Height='' | Diameter='160' | Statuses=NWB_DimWidth:SKIP; NWB_DimHeight:SKIP; NWB_DimDiameter:OK
INFO | Candidate: NWB_DimDiameter | Scope=instance | Storage=String | ReadOnly=False | Shared=True | Id=7626172
INFO | Candidate: NWB_DimDiameter | Scope=instance | Storage=String | ReadOnly=False | Shared=True | Id=13710673
INFO | Found 2 parameters named NWB_DimDiameter
INFO | SELECTED | Shared Parameter | Scope=instance | ReadOnly=False | Id=13710673
INFO | IGNORED (SharedOnly) | Shared Parameter | Scope=instance | ReadOnly=False | Id=7626172
INFO | Element 13835163 | NWB_DimDiameter | Kind=Shared Parameter | Scope=instance | Storage=String | Old='' | New='160'
SOURCE | Element 13835163 | Cat=Pipe Fittings | Family=MHT-ME-FAM-PF-PF-PVC-PTS-Bend | Type= | Level=LEVEL 06 | Name=Standard | System=Other | SizeText=160ø-160ø | Width= | Height= | Diameter=160
ELEMENT | 13835163 | Size='160ø-160ø' | Width='' | Height='' | Diameter='160' | Statuses=NWB_DimWidth:SKIP; NWB_DimHeight:SKIP; NWB_DimDiameter:OK
INFO | Candidate: NWB_DimDiameter | Scope=instance | Storage=String | ReadOnly=False | Shared=True | Id=7626172
INFO | Candidate: NWB_DimDiameter | Scope=instance | Storage=String | ReadOnly=False | Shared=True | Id=13710673
INFO | Found 2 parameters named NWB_DimDiameter
INFO | SELECTED | Shared Parameter | Scope=instance | ReadOnly=False | Id=13710673
INFO | IGNORED (SharedOnly) | Shared Parameter | Scope=instance | ReadOnly=False | Id=7626172
INFO | Element 13835165 | NWB_DimDiameter | Kind=Shared Parameter | Scope=instance | Storage=String | Old='' | New='160'
SOURCE | Element 13835165 | Cat=Pipe Fittings | Family=MHT-ME-FAM-PF-PF-PVC-PTS-Bend | Type= | Level=LEVEL 06 | Name=Standard | System=Other | SizeText=160ø-160ø | Width= | Height= | Diameter=160
ELEMENT | 13835165 | Size='160ø-160ø' | Width='' | Height='' | Diameter='160' | Statuses=NWB_DimWidth:SKIP; NWB_DimHeight:SKIP; NWB_DimDiameter:OK
INFO | Candidate: NWB_DimDiameter | Scope=instance | Storage=String | ReadOnly=False | Shared=True | Id=7626172
INFO | Candidate: NWB_DimDiameter | Scope=instance | Storage=String | ReadOnly=False | Shared=True | Id=13710673
INFO | Found 2 parameters named NWB_DimDiameter
INFO | SELECTED | Shared Parameter | Scope=instance | ReadOnly=False | Id=13710673
INFO | IGNORED (SharedOnly) | Shared Parameter | Scope=instance | ReadOnly=False | Id=7626172
INFO | Element 13835359 | NWB_DimDiameter | Kind=Shared Parameter | Scope=instance | Storage=String | Old='' | New='160'
SOURCE | Element 13835359 | Cat=Pipe Fittings | Family=MHT-ME-FAM-PF-PF-PVC-PTS-Bend | Type= | Level=LEVEL 06 | Name=Standard | System=Other | SizeText=160ø-160ø | Width= | Height= | Diameter=160
ELEMENT | 13835359 | Size='160ø-160ø' | Width='' | Height='' | Diameter='160' | Statuses=NWB_DimWidth:SKIP; NWB_DimHeight:SKIP; NWB_DimDiameter:OK
INFO | Candidate: NWB_DimDiameter | Scope=instance | Storage=String | ReadOnly=False | Shared=True | Id=7626172
INFO | Candidate: NWB_DimDiameter | Scope=instance | Storage=String | ReadOnly=False | Shared=True | Id=13710673
INFO | Found 2 parameters named NWB_DimDiameter
INFO | SELECTED | Shared Parameter | Scope=instance | ReadOnly=False | Id=13710673
INFO | IGNORED (SharedOnly) | Shared Parameter | Scope=instance | ReadOnly=False | Id=7626172
INFO | Element 13835361 | NWB_DimDiameter | Kind=Shared Parameter | Scope=instance | Storage=String | Old='' | New='160'
SOURCE | Element 13835361 | Cat=Pipe Fittings | Family=MHT-ME-FAM-PF-PF-PVC-PTS-Bend | Type= | Level=LEVEL 06 | Name=Standard | System=Other | SizeText=160ø-160ø | Width= | Height= | Diameter=160
ELEMENT | 13835361 | Size='160ø-160ø' | Width='' | Height='' | Diameter='160' | Statuses=NWB_DimWidth:SKIP; NWB_DimHeight:SKIP; NWB_DimDiameter:OK
INFO | Candidate: NWB_DimDiameter | Scope=instance | Storage=String | ReadOnly=False | Shared=True | Id=7626172
INFO | Candidate: NWB_DimDiameter | Scope=instance | Storage=String | ReadOnly=False | Shared=True | Id=13710673
INFO | Found 2 parameters named NWB_DimDiameter
INFO | SELECTED | Shared Parameter | Scope=instance | ReadOnly=False | Id=13710673
INFO | IGNORED (SharedOnly) | Shared Parameter | Scope=instance | ReadOnly=False | Id=7626172
INFO | Element 13835364 | NWB_DimDiameter | Kind=Shared Parameter | Scope=instance | Storage=String | Old='' | New='160'
SOURCE | Element 13835364 | Cat=Pipe Fittings | Family=MHT-ME-FAM-PF-PF-PVC-PTS-Bend | Type= | Level=LEVEL 06 | Name=Standard | System=Other | SizeText=160ø-160ø | Width= | Height= | Diameter=160
ELEMENT | 13835364 | Size='160ø-160ø' | Width='' | Height='' | Diameter='160' | Statuses=NWB_DimWidth:SKIP; NWB_DimHeight:SKIP; NWB_DimDiameter:OK
INFO | Candidate: NWB_DimDiameter | Scope=instance | Storage=String | ReadOnly=False | Shared=True | Id=7626172
INFO | Candidate: NWB_DimDiameter | Scope=instance | Storage=String | ReadOnly=False | Shared=True | Id=13710673
INFO | Found 2 parameters named NWB_DimDiameter
INFO | SELECTED | Shared Parameter | Scope=instance | ReadOnly=False | Id=13710673
INFO | IGNORED (SharedOnly) | Shared Parameter | Scope=instance | ReadOnly=False | Id=7626172
INFO | Element 13835366 | NWB_DimDiameter | Kind=Shared Parameter | Scope=instance | Storage=String | Old='' | New='160'
SOURCE | Element 13835366 | Cat=Pipe Fittings | Family=MHT-ME-FAM-PF-PF-PVC-PTS-Bend | Type= | Level=LEVEL 06 | Name=Standard | System=Other | SizeText=160ø-160ø | Width= | Height= | Diameter=160
ELEMENT | 13835366 | Size='160ø-160ø' | Width='' | Height='' | Diameter='160' | Statuses=NWB_DimWidth:SKIP; NWB_DimHeight:SKIP; NWB_DimDiameter:OK
INFO | Candidate: NWB_DimDiameter | Scope=instance | Storage=String | ReadOnly=False | Shared=True | Id=7626172
INFO | Candidate: NWB_DimDiameter | Scope=instance | Storage=String | ReadOnly=False | Shared=True | Id=13710673
INFO | Found 2 parameters named NWB_DimDiameter
INFO | SELECTED | Shared Parameter | Scope=instance | ReadOnly=False | Id=13710673
INFO | IGNORED (SharedOnly) | Shared Parameter | Scope=instance | ReadOnly=False | Id=7626172
INFO | Element 13835423 | NWB_DimDiameter | Kind=Shared Parameter | Scope=instance | Storage=String | Old='' | New='160'
SOURCE | Element 13835423 | Cat=Pipe Fittings | Family=MHT-ME-FAM-PF-PF-PVC-PTS-Bend | Type= | Level=LEVEL 06 | Name=Standard | System=Other | SizeText=160ø-160ø | Width= | Height= | Diameter=160
ELEMENT | 13835423 | Size='160ø-160ø' | Width='' | Height='' | Diameter='160' | Statuses=NWB_DimWidth:SKIP; NWB_DimHeight:SKIP; NWB_DimDiameter:OK
INFO | Candidate: NWB_DimDiameter | Scope=instance | Storage=String | ReadOnly=False | Shared=True | Id=7626172
INFO | Candidate: NWB_DimDiameter | Scope=instance | Storage=String | ReadOnly=False | Shared=True | Id=13710673
INFO | Found 2 parameters named NWB_DimDiameter
INFO | SELECTED | Shared Parameter | Scope=instance | ReadOnly=False | Id=13710673
INFO | IGNORED (SharedOnly) | Shared Parameter | Scope=instance | ReadOnly=False | Id=7626172
INFO | Element 13835425 | NWB_DimDiameter | Kind=Shared Parameter | Scope=instance | Storage=String | Old='' | New='160'
SOURCE | Element 13835425 | Cat=Pipe Fittings | Family=MHT-ME-FAM-PF-PF-PVC-PTS-Bend | Type= | Level=LEVEL 06 | Name=Standard | System=Other | SizeText=160ø-160ø | Width= | Height= | Diameter=160
ELEMENT | 13835425 | Size='160ø-160ø' | Width='' | Height='' | Diameter='160' | Statuses=NWB_DimWidth:SKIP; NWB_DimHeight:SKIP; NWB_DimDiameter:OK
INFO | Candidate: NWB_DimDiameter | Scope=instance | Storage=String | ReadOnly=False | Shared=True | Id=7626172
INFO | Candidate: NWB_DimDiameter | Scope=instance | Storage=String | ReadOnly=False | Shared=True | Id=13710673
INFO | Found 2 parameters named NWB_DimDiameter
INFO | SELECTED | Shared Parameter | Scope=instance | ReadOnly=False | Id=13710673
INFO | IGNORED (SharedOnly) | Shared Parameter | Scope=instance | ReadOnly=False | Id=7626172
INFO | Element 13835428 | NWB_DimDiameter | Kind=Shared Parameter | Scope=instance | Storage=String | Old='' | New='160'
SOURCE | Element 13835428 | Cat=Pipe Fittings | Family=MHT-ME-FAM-PF-PF-PVC-PTS-Bend | Type= | Level=LEVEL 06 | Name=Standard | System=Other | SizeText=160ø-160ø | Width= | Height= | Diameter=160
ELEMENT | 13835428 | Size='160ø-160ø' | Width='' | Height='' | Diameter='160' | Statuses=NWB_DimWidth:SKIP; NWB_DimHeight:SKIP; NWB_DimDiameter:OK
INFO | Candidate: NWB_DimDiameter | Scope=instance | Storage=String | ReadOnly=False | Shared=True | Id=7626172
INFO | Candidate: NWB_DimDiameter | Scope=instance | Storage=String | ReadOnly=False | Shared=True | Id=13710673
INFO | Found 2 parameters named NWB_DimDiameter
INFO | SELECTED | Shared Parameter | Scope=instance | ReadOnly=False | Id=13710673
INFO | IGNORED (SharedOnly) | Shared Parameter | Scope=instance | ReadOnly=False | Id=7626172
INFO | Element 13835634 | NWB_DimDiameter | Kind=Shared Parameter | Scope=instance | Storage=String | Old='' | New='160'
SOURCE | Element 13835634 | Cat=Pipe Fittings | Family=MHT-ME-FAM-PF-PF-PVC-PTS-Bend | Type= | Level=LEVEL 06 | Name=Standard | System=Other | SizeText=160ø-160ø | Width= | Height= | Diameter=160
ELEMENT | 13835634 | Size='160ø-160ø' | Width='' | Height='' | Diameter='160' | Statuses=NWB_DimWidth:SKIP; NWB_DimHeight:SKIP; NWB_DimDiameter:OK
INFO | Candidate: NWB_DimDiameter | Scope=instance | Storage=String | ReadOnly=False | Shared=True | Id=7626172
INFO | Candidate: NWB_DimDiameter | Scope=instance | Storage=String | ReadOnly=False | Shared=True | Id=13710673
INFO | Found 2 parameters named NWB_DimDiameter
INFO | SELECTED | Shared Parameter | Scope=instance | ReadOnly=False | Id=13710673
INFO | IGNORED (SharedOnly) | Shared Parameter | Scope=instance | ReadOnly=False | Id=7626172
INFO | Element 13835636 | NWB_DimDiameter | Kind=Shared Parameter | Scope=instance | Storage=String | Old='' | New='160'
SOURCE | Element 13835636 | Cat=Pipe Fittings | Family=MHT-ME-FAM-PF-PF-PVC-PTS-Bend | Type= | Level=LEVEL 06 | Name=Standard | System=Other | SizeText=160ø-160ø | Width= | Height= | Diameter=160
ELEMENT | 13835636 | Size='160ø-160ø' | Width='' | Height='' | Diameter='160' | Statuses=NWB_DimWidth:SKIP; NWB_DimHeight:SKIP; NWB_DimDiameter:OK
INFO | Candidate: NWB_DimDiameter | Scope=instance | Storage=String | ReadOnly=False | Shared=True | Id=7626172
INFO | Candidate: NWB_DimDiameter | Scope=instance | Storage=String | ReadOnly=False | Shared=True | Id=13710673
INFO | Found 2 parameters named NWB_DimDiameter
INFO | SELECTED | Shared Parameter | Scope=instance | ReadOnly=False | Id=13710673
INFO | IGNORED (SharedOnly) | Shared Parameter | Scope=instance | ReadOnly=False | Id=7626172
INFO | Element 13835638 | NWB_DimDiameter | Kind=Shared Parameter | Scope=instance | Storage=String | Old='' | New='160'
SOURCE | Element 13835638 | Cat=Pipe Fittings | Family=MHT-ME-FAM-PF-PF-PVC-PTS-Bend | Type= | Level=LEVEL 06 | Name=Standard | System=Other | SizeText=160ø-160ø | Width= | Height= | Diameter=160
ELEMENT | 13835638 | Size='160ø-160ø' | Width='' | Height='' | Diameter='160' | Statuses=NWB_DimWidth:SKIP; NWB_DimHeight:SKIP; NWB_DimDiameter:OK
INFO | Candidate: NWB_DimDiameter | Scope=instance | Storage=String | ReadOnly=False | Shared=True | Id=7626172
INFO | Candidate: NWB_DimDiameter | Scope=instance | Storage=String | ReadOnly=False | Shared=True | Id=13710673
INFO | Found 2 parameters named NWB_DimDiameter
INFO | SELECTED | Shared Parameter | Scope=instance | ReadOnly=False | Id=13710673
INFO | IGNORED (SharedOnly) | Shared Parameter | Scope=instance | ReadOnly=False | Id=7626172
INFO | Element 13835640 | NWB_DimDiameter | Kind=Shared Parameter | Scope=instance | Storage=String | Old='' | New='160'
SOURCE | Element 13835640 | Cat=Pipe Fittings | Family=MHT-ME-FAM-PF-PF-PVC-PTS-Bend | Type= | Level=LEVEL 06 | Name=Standard | System=Other | SizeText=160ø-160ø | Width= | Height= | Diameter=160
ELEMENT | 13835640 | Size='160ø-160ø' | Width='' | Height='' | Diameter='160' | Statuses=NWB_DimWidth:SKIP; NWB_DimHeight:SKIP; NWB_DimDiameter:OK
INFO | Candidate: NWB_DimDiameter | Scope=instance | Storage=String | ReadOnly=False | Shared=True | Id=7626172
INFO | Candidate: NWB_DimDiameter | Scope=instance | Storage=String | ReadOnly=False | Shared=True | Id=13710673
INFO | Found 2 parameters named NWB_DimDiameter
INFO | SELECTED | Shared Parameter | Scope=instance | ReadOnly=False | Id=13710673
INFO | IGNORED (SharedOnly) | Shared Parameter | Scope=instance | ReadOnly=False | Id=7626172
INFO | Element 13835843 | NWB_DimDiameter | Kind=Shared Parameter | Scope=instance | Storage=String | Old='' | New='160'
SOURCE | Element 13835843 | Cat=Pipe Fittings | Family=MHT-ME-FAM-PF-PF-PVC-PTS-Bend | Type= | Level=LEVEL 06 | Name=Standard | System=Hydronic Supply | SizeText=160ø-160ø | Width= | Height= | Diameter=160
ELEMENT | 13835843 | Size='160ø-160ø' | Width='' | Height='' | Diameter='160' | Statuses=NWB_DimWidth:SKIP; NWB_DimHeight:SKIP; NWB_DimDiameter:OK
INFO | Candidate: NWB_DimDiameter | Scope=instance | Storage=String | ReadOnly=False | Shared=True | Id=7626172
INFO | Candidate: NWB_DimDiameter | Scope=instance | Storage=String | ReadOnly=False | Shared=True | Id=13710673
INFO | Found 2 parameters named NWB_DimDiameter
INFO | SELECTED | Shared Parameter | Scope=instance | ReadOnly=False | Id=13710673
INFO | IGNORED (SharedOnly) | Shared Parameter | Scope=instance | ReadOnly=False | Id=7626172
INFO | Element 13835847 | NWB_DimDiameter | Kind=Shared Parameter | Scope=instance | Storage=String | Old='' | New='160'
SOURCE | Element 13835847 | Cat=Pipe Fittings | Family=MHT-ME-FAM-PF-PF-PVC-PTS-Bend | Type= | Level=LEVEL 06 | Name=Standard | System=Hydronic Supply | SizeText=160ø-160ø | Width= | Height= | Diameter=160
ELEMENT | 13835847 | Size='160ø-160ø' | Width='' | Height='' | Diameter='160' | Statuses=NWB_DimWidth:SKIP; NWB_DimHeight:SKIP; NWB_DimDiameter:OK
INFO | Candidate: NWB_DimDiameter | Scope=instance | Storage=String | ReadOnly=False | Shared=True | Id=7626172
INFO | Candidate: NWB_DimDiameter | Scope=instance | Storage=String | ReadOnly=False | Shared=True | Id=13710673
INFO | Found 2 parameters named NWB_DimDiameter
INFO | SELECTED | Shared Parameter | Scope=instance | ReadOnly=False | Id=13710673
INFO | IGNORED (SharedOnly) | Shared Parameter | Scope=instance | ReadOnly=False | Id=7626172
INFO | Element 13835849 | NWB_DimDiameter | Kind=Shared Parameter | Scope=instance | Storage=String | Old='' | New='160'
SOURCE | Element 13835849 | Cat=Pipe Fittings | Family=MHT-ME-FAM-PF-PF-PVC-PTS-Bend | Type= | Level=LEVEL 06 | Name=Standard | System=Hydronic Supply | SizeText=160ø-160ø | Width= | Height= | Diameter=160
ELEMENT | 13835849 | Size='160ø-160ø' | Width='' | Height='' | Diameter='160' | Statuses=NWB_DimWidth:SKIP; NWB_DimHeight:SKIP; NWB_DimDiameter:OK
INFO | Candidate: NWB_DimDiameter | Scope=instance | Storage=String | ReadOnly=False | Shared=True | Id=7626172
INFO | Candidate: NWB_DimDiameter | Scope=instance | Storage=String | ReadOnly=False | Shared=True | Id=13710673
INFO | Found 2 parameters named NWB_DimDiameter
INFO | SELECTED | Shared Parameter | Scope=instance | ReadOnly=False | Id=13710673
INFO | IGNORED (SharedOnly) | Shared Parameter | Scope=instance | ReadOnly=False | Id=7626172
INFO | Element 13840256 | NWB_DimDiameter | Kind=Shared Parameter | Scope=instance | Storage=String | Old='' | New='160'
SOURCE | Element 13840256 | Cat=Pipe Fittings | Family=MHT-ME-FAM-PF-PF-PVC-PTS-Bend | Type= | Level=LEVEL 06 | Name=Standard | System=Other | SizeText=160ø-160ø | Width= | Height= | Diameter=160
ELEMENT | 13840256 | Size='160ø-160ø' | Width='' | Height='' | Diameter='160' | Statuses=NWB_DimWidth:SKIP; NWB_DimHeight:SKIP; NWB_DimDiameter:OK
INFO | Candidate: NWB_DimDiameter | Scope=instance | Storage=String | ReadOnly=False | Shared=True | Id=7626172
INFO | Candidate: NWB_DimDiameter | Scope=instance | Storage=String | ReadOnly=False | Shared=True | Id=13710673
INFO | Found 2 parameters named NWB_DimDiameter
INFO | SELECTED | Shared Parameter | Scope=instance | ReadOnly=False | Id=13710673
INFO | IGNORED (SharedOnly) | Shared Parameter | Scope=instance | ReadOnly=False | Id=7626172
INFO | Element 13840258 | NWB_DimDiameter | Kind=Shared Parameter | Scope=instance | Storage=String | Old='' | New='160'
SOURCE | Element 13840258 | Cat=Pipe Fittings | Family=MHT-ME-FAM-PF-PF-PVC-PTS-Bend | Type= | Level=LEVEL 06 | Name=Standard | System=Other | SizeText=160ø-160ø | Width= | Height= | Diameter=160
ELEMENT | 13840258 | Size='160ø-160ø' | Width='' | Height='' | Diameter='160' | Statuses=NWB_DimWidth:SKIP; NWB_DimHeight:SKIP; NWB_DimDiameter:OK
INFO | Candidate: NWB_DimDiameter | Scope=instance | Storage=String | ReadOnly=False | Shared=True | Id=7626172
INFO | Candidate: NWB_DimDiameter | Scope=instance | Storage=String | ReadOnly=False | Shared=True | Id=13710673
INFO | Found 2 parameters named NWB_DimDiameter
INFO | SELECTED | Shared Parameter | Scope=instance | ReadOnly=False | Id=13710673
INFO | IGNORED (SharedOnly) | Shared Parameter | Scope=instance | ReadOnly=False | Id=7626172
INFO | Element 13840262 | NWB_DimDiameter | Kind=Shared Parameter | Scope=instance | Storage=String | Old='' | New='160'
SOURCE | Element 13840262 | Cat=Pipe Fittings | Family=MHT-ME-FAM-PF-PF-PVC-PTS-Bend | Type= | Level=LEVEL 06 | Name=Standard | System=Other | SizeText=160ø-160ø | Width= | Height= | Diameter=160
ELEMENT | 13840262 | Size='160ø-160ø' | Width='' | Height='' | Diameter='160' | Statuses=NWB_DimWidth:SKIP; NWB_DimHeight:SKIP; NWB_DimDiameter:OK
INFO | Candidate: NWB_DimDiameter | Scope=instance | Storage=String | ReadOnly=False | Shared=True | Id=7626172
INFO | Candidate: NWB_DimDiameter | Scope=instance | Storage=String | ReadOnly=False | Shared=True | Id=13710673
INFO | Found 2 parameters named NWB_DimDiameter
INFO | SELECTED | Shared Parameter | Scope=instance | ReadOnly=False | Id=13710673
INFO | IGNORED (SharedOnly) | Shared Parameter | Scope=instance | ReadOnly=False | Id=7626172
INFO | Element 13840264 | NWB_DimDiameter | Kind=Shared Parameter | Scope=instance | Storage=String | Old='' | New='160'
SOURCE | Element 13840264 | Cat=Pipe Fittings | Family=MHT-ME-FAM-PF-PF-PVC-PTS-Bend | Type= | Level=LEVEL 06 | Name=Standard | System=Other | SizeText=160ø-160ø | Width= | Height= | Diameter=160
ELEMENT | 13840264 | Size='160ø-160ø' | Width='' | Height='' | Diameter='160' | Statuses=NWB_DimWidth:SKIP; NWB_DimHeight:SKIP; NWB_DimDiameter:OK
INFO | Candidate: NWB_DimDiameter | Scope=instance | Storage=String | ReadOnly=False | Shared=True | Id=7626172
INFO | Candidate: NWB_DimDiameter | Scope=instance | Storage=String | ReadOnly=False | Shared=True | Id=13710673
INFO | Found 2 parameters named NWB_DimDiameter
INFO | SELECTED | Shared Parameter | Scope=instance | ReadOnly=False | Id=13710673
INFO | IGNORED (SharedOnly) | Shared Parameter | Scope=instance | ReadOnly=False | Id=7626172
INFO | Element 13840266 | NWB_DimDiameter | Kind=Shared Parameter | Scope=instance | Storage=String | Old='' | New='160'
SOURCE | Element 13840266 | Cat=Pipe Fittings | Family=MHT-ME-FAM-PF-PF-PVC-PTS-Bend | Type= | Level=LEVEL 03 | Name=Standard | System=Other | SizeText=160ø-160ø | Width= | Height= | Diameter=160
ELEMENT | 13840266 | Size='160ø-160ø' | Width='' | Height='' | Diameter='160' | Statuses=NWB_DimWidth:SKIP; NWB_DimHeight:SKIP; NWB_DimDiameter:OK
INFO | Candidate: NWB_DimDiameter | Scope=instance | Storage=String | ReadOnly=False | Shared=True | Id=7626172
INFO | Candidate: NWB_DimDiameter | Scope=instance | Storage=String | ReadOnly=False | Shared=True | Id=13710673
INFO | Found 2 parameters named NWB_DimDiameter
INFO | SELECTED | Shared Parameter | Scope=instance | ReadOnly=False | Id=13710673
INFO | IGNORED (SharedOnly) | Shared Parameter | Scope=instance | ReadOnly=False | Id=7626172
INFO | Element 13840271 | NWB_DimDiameter | Kind=Shared Parameter | Scope=instance | Storage=String | Old='' | New='160'
SOURCE | Element 13840271 | Cat=Pipe Fittings | Family=MHT-ME-FAM-PF-PF-PVC-PTS-Bend | Type= | Level=LEVEL 06 | Name=Standard | System=Other | SizeText=160ø-160ø | Width= | Height= | Diameter=160
ELEMENT | 13840271 | Size='160ø-160ø' | Width='' | Height='' | Diameter='160' | Statuses=NWB_DimWidth:SKIP; NWB_DimHeight:SKIP; NWB_DimDiameter:OK
INFO | Candidate: NWB_DimDiameter | Scope=instance | Storage=String | ReadOnly=False | Shared=True | Id=7626172
INFO | Candidate: NWB_DimDiameter | Scope=instance | Storage=String | ReadOnly=False | Shared=True | Id=13710673
INFO | Found 2 parameters named NWB_DimDiameter
INFO | SELECTED | Shared Parameter | Scope=instance | ReadOnly=False | Id=13710673
INFO | IGNORED (SharedOnly) | Shared Parameter | Scope=instance | ReadOnly=False | Id=7626172
INFO | Element 13840277 | NWB_DimDiameter | Kind=Shared Parameter | Scope=instance | Storage=String | Old='' | New='160'
SOURCE | Element 13840277 | Cat=Pipe Fittings | Family=MHT-ME-FAM-PF-PF-PVC-PTS-Bend | Type= | Level=LEVEL 06 | Name=Standard | System=Other | SizeText=160ø-160ø | Width= | Height= | Diameter=160
ELEMENT | 13840277 | Size='160ø-160ø' | Width='' | Height='' | Diameter='160' | Statuses=NWB_DimWidth:SKIP; NWB_DimHeight:SKIP; NWB_DimDiameter:OK
INFO | Transaction Status = Committed
CHUNK COMMIT | Status=Committed | Processed=600
INFO | VERIFY OK | Element 13231547 | Parameter=NWB_DimDiameter | Kind=Shared Parameter | Scope=instance | Id=13710673 | Actual='160'
INFO | VERIFY OK | Element 13231549 | Parameter=NWB_DimDiameter | Kind=Shared Parameter | Scope=instance | Id=13710673 | Actual='160'
INFO | VERIFY OK | Element 13760774 | Parameter=NWB_DimDiameter | Kind=Shared Parameter | Scope=instance | Id=13710673 | Actual='160'
INFO | VERIFY OK | Element 13760790 | Parameter=NWB_DimDiameter | Kind=Shared Parameter | Scope=instance | Id=13710673 | Actual='160'
INFO | VERIFY OK | Element 13760792 | Parameter=NWB_DimDiameter | Kind=Shared Parameter | Scope=instance | Id=13710673 | Actual='160'
INFO | VERIFY OK | Element 13813863 | Parameter=NWB_DimDiameter | Kind=Shared Parameter | Scope=instance | Id=13710673 | Actual='160'
INFO | VERIFY OK | Element 13813865 | Parameter=NWB_DimDiameter | Kind=Shared Parameter | Scope=instance | Id=13710673 | Actual='160'
INFO | VERIFY OK | Element 13813867 | Parameter=NWB_DimDiameter | Kind=Shared Parameter | Scope=instance | Id=13710673 | Actual='160'
INFO | VERIFY OK | Element 13813869 | Parameter=NWB_DimDiameter | Kind=Shared Parameter | Scope=instance | Id=13710673 | Actual='160'
INFO | VERIFY OK | Element 13813871 | Parameter=NWB_DimDiameter | Kind=Shared Parameter | Scope=instance | Id=13710673 | Actual='160'
INFO | VERIFY OK | Element 13813873 | Parameter=NWB_DimDiameter | Kind=Shared Parameter | Scope=instance | Id=13710673 | Actual='160'
INFO | VERIFY OK | Element 13813894 | Parameter=NWB_DimDiameter | Kind=Shared Parameter | Scope=instance | Id=13710673 | Actual='160'
INFO | VERIFY OK | Element 13813904 | Parameter=NWB_DimDiameter | Kind=Shared Parameter | Scope=instance | Id=13710673 | Actual='160'
INFO | VERIFY OK | Element 13813910 | Parameter=NWB_DimDiameter | Kind=Shared Parameter | Scope=instance | Id=13710673 | Actual='160'
INFO | VERIFY OK | Element 13813916 | Parameter=NWB_DimDiameter | Kind=Shared Parameter | Scope=instance | Id=13710673 | Actual='160'
INFO | VERIFY OK | Element 13813927 | Parameter=NWB_DimDiameter | Kind=Shared Parameter | Scope=instance | Id=13710673 | Actual='160'
INFO | VERIFY OK | Element 13813974 | Parameter=NWB_DimDiameter | Kind=Shared Parameter | Scope=instance | Id=13710673 | Actual='160'
INFO | VERIFY OK | Element 13813982 | Parameter=NWB_DimDiameter | Kind=Shared Parameter | Scope=instance | Id=13710673 | Actual='160'
INFO | VERIFY OK | Element 13813990 | Parameter=NWB_DimDiameter | Kind=Shared Parameter | Scope=instance | Id=13710673 | Actual='160'
INFO | VERIFY OK | Element 13814005 | Parameter=NWB_DimDiameter | Kind=Shared Parameter | Scope=instance | Id=13710673 | Actual='160'
INFO | VERIFY OK | Element 13814011 | Parameter=NWB_DimDiameter | Kind=Shared Parameter | Scope=instance | Id=13710673 | Actual='160'
INFO | VERIFY OK | Element 13814024 | Parameter=NWB_DimDiameter | Kind=Shared Parameter | Scope=instance | Id=13710673 | Actual='160'
INFO | VERIFY OK | Element 13814031 | Parameter=NWB_DimDiameter | Kind=Shared Parameter | Scope=instance | Id=13710673 | Actual='160'
INFO | VERIFY OK | Element 13814084 | Parameter=NWB_DimDiameter | Kind=Shared Parameter | Scope=instance | Id=13710673 | Actual='160'
INFO | VERIFY OK | Element 13814114 | Parameter=NWB_DimDiameter | Kind=Shared Parameter | Scope=instance | Id=13710673 | Actual='160'
INFO | VERIFY OK | Element 13814188 | Parameter=NWB_DimDiameter | Kind=Shared Parameter | Scope=instance | Id=13710673 | Actual='160'
INFO | VERIFY OK | Element 13814238 | Parameter=NWB_DimDiameter | Kind=Shared Parameter | Scope=instance | Id=13710673 | Actual='160'
INFO | VERIFY OK | Element 13814545 | Parameter=NWB_DimDiameter | Kind=Shared Parameter | Scope=instance | Id=13710673 | Actual='160'
INFO | VERIFY OK | Element 13814547 | Parameter=NWB_DimDiameter | Kind=Shared Parameter | Scope=instance | Id=13710673 | Actual='160'
INFO | VERIFY OK | Element 13814606 | Parameter=NWB_DimDiameter | Kind=Shared Parameter | Scope=instance | Id=13710673 | Actual='160'
INFO | VERIFY OK | Element 13814804 | Parameter=NWB_DimDiameter | Kind=Shared Parameter | Scope=instance | Id=13710673 | Actual='160'
INFO | VERIFY OK | Element 13814832 | Parameter=NWB_DimDiameter | Kind=Shared Parameter | Scope=instance | Id=13710673 | Actual='160'
INFO | VERIFY OK | Element 13814893 | Parameter=NWB_DimDiameter | Kind=Shared Parameter | Scope=instance | Id=13710673 | Actual='160'
INFO | VERIFY OK | Element 13814933 | Parameter=NWB_DimDiameter | Kind=Shared Parameter | Scope=instance | Id=13710673 | Actual='160'
INFO | VERIFY OK | Element 13815071 | Parameter=NWB_DimDiameter | Kind=Shared Parameter | Scope=instance | Id=13710673 | Actual='160'
INFO | VERIFY OK | Element 13815170 | Parameter=NWB_DimDiameter | Kind=Shared Parameter | Scope=instance | Id=13710673 | Actual='160'
INFO | VERIFY OK | Element 13815345 | Parameter=NWB_DimDiameter | Kind=Shared Parameter | Scope=instance | Id=13710673 | Actual='160'
INFO | VERIFY OK | Element 13815388 | Parameter=NWB_DimDiameter | Kind=Shared Parameter | Scope=instance | Id=13710673 | Actual='160'
INFO | VERIFY OK | Element 13816001 | Parameter=NWB_DimDiameter | Kind=Shared Parameter | Scope=instance | Id=13710673 | Actual='160'
INFO | VERIFY OK | Element 13817103 | Parameter=NWB_DimDiameter | Kind=Shared Parameter | Scope=instance | Id=13710673 | Actual='160'
INFO | VERIFY OK | Element 13817410 | Parameter=NWB_DimDiameter | Kind=Shared Parameter | Scope=instance | Id=13710673 | Actual='160'
INFO | VERIFY OK | Element 13818105 | Parameter=NWB_DimDiameter | Kind=Shared Parameter | Scope=instance | Id=13710673 | Actual='160'
INFO | VERIFY OK | Element 13818398 | Parameter=NWB_DimDiameter | Kind=Shared Parameter | Scope=instance | Id=13710673 | Actual='160'
INFO | VERIFY OK | Element 13818522 | Parameter=NWB_DimDiameter | Kind=Shared Parameter | Scope=instance | Id=13710673 | Actual='160'
INFO | VERIFY OK | Element 13818546 | Parameter=NWB_DimDiameter | Kind=Shared Parameter | Scope=instance | Id=13710673 | Actual='160'
INFO | VERIFY OK | Element 13818548 | Parameter=NWB_DimDiameter | Kind=Shared Parameter | Scope=instance | Id=13710673 | Actual='160'
INFO | VERIFY OK | Element 13818788 | Parameter=NWB_DimDiameter | Kind=Shared Parameter | Scope=instance | Id=13710673 | Actual='160'
INFO | VERIFY OK | Element 13818790 | Parameter=NWB_DimDiameter | Kind=Shared Parameter | Scope=instance | Id=13710673 | Actual='160'
INFO | VERIFY OK | Element 13818792 | Parameter=NWB_DimDiameter | Kind=Shared Parameter | Scope=instance | Id=13710673 | Actual='160'
INFO | VERIFY OK | Element 13818794 | Parameter=NWB_DimDiameter | Kind=Shared Parameter | Scope=instance | Id=13710673 | Actual='160'
INFO | VERIFY OK | Element 13822477 | Parameter=NWB_DimDiameter | Kind=Shared Parameter | Scope=instance | Id=13710673 | Actual='160'
INFO | VERIFY OK | Element 13822479 | Parameter=NWB_DimDiameter | Kind=Shared Parameter | Scope=instance | Id=13710673 | Actual='160'
INFO | VERIFY OK | Element 13822487 | Parameter=NWB_DimDiameter | Kind=Shared Parameter | Scope=instance | Id=13710673 | Actual='160'
INFO | VERIFY OK | Element 13822495 | Parameter=NWB_DimDiameter | Kind=Shared Parameter | Scope=instance | Id=13710673 | Actual='160'
INFO | VERIFY OK | Element 13822501 | Parameter=NWB_DimDiameter | Kind=Shared Parameter | Scope=instance | Id=13710673 | Actual='160'
INFO | VERIFY OK | Element 13822517 | Parameter=NWB_DimDiameter | Kind=Shared Parameter | Scope=instance | Id=13710673 | Actual='160'
INFO | VERIFY OK | Element 13822521 | Parameter=NWB_DimDiameter | Kind=Shared Parameter | Scope=instance | Id=13710673 | Actual='160'
INFO | VERIFY OK | Element 13822525 | Parameter=NWB_DimDiameter | Kind=Shared Parameter | Scope=instance | Id=13710673 | Actual='160'
INFO | VERIFY OK | Element 13822531 | Parameter=NWB_DimDiameter | Kind=Shared Parameter | Scope=instance | Id=13710673 | Actual='160'
INFO | VERIFY OK | Element 13822539 | Parameter=NWB_DimDiameter | Kind=Shared Parameter | Scope=instance | Id=13710673 | Actual='160'
INFO | VERIFY OK | Element 13822551 | Parameter=NWB_DimDiameter | Kind=Shared Parameter | Scope=instance | Id=13710673 | Actual='160'
INFO | VERIFY OK | Element 13822553 | Parameter=NWB_DimDiameter | Kind=Shared Parameter | Scope=instance | Id=13710673 | Actual='160'
INFO | VERIFY OK | Element 13822555 | Parameter=NWB_DimDiameter | Kind=Shared Parameter | Scope=instance | Id=13710673 | Actual='160'
INFO | VERIFY OK | Element 13822777 | Parameter=NWB_DimDiameter | Kind=Shared Parameter | Scope=instance | Id=13710673 | Actual='160'
INFO | VERIFY OK | Element 13823052 | Parameter=NWB_DimDiameter | Kind=Shared Parameter | Scope=instance | Id=13710673 | Actual='160'
INFO | VERIFY OK | Element 13823054 | Parameter=NWB_DimDiameter | Kind=Shared Parameter | Scope=instance | Id=13710673 | Actual='160'
INFO | VERIFY OK | Element 13825023 | Parameter=NWB_DimDiameter | Kind=Shared Parameter | Scope=instance | Id=13710673 | Actual='160'
INFO | VERIFY OK | Element 13826143 | Parameter=NWB_DimDiameter | Kind=Shared Parameter | Scope=instance | Id=13710673 | Actual='160'
INFO | VERIFY OK | Element 13826148 | Parameter=NWB_DimDiameter | Kind=Shared Parameter | Scope=instance | Id=13710673 | Actual='160'
INFO | VERIFY OK | Element 13826150 | Parameter=NWB_DimDiameter | Kind=Shared Parameter | Scope=instance | Id=13710673 | Actual='160'
INFO | VERIFY OK | Element 13826490 | Parameter=NWB_DimDiameter | Kind=Shared Parameter | Scope=instance | Id=13710673 | Actual='160'
INFO | VERIFY OK | Element 13826492 | Parameter=NWB_DimDiameter | Kind=Shared Parameter | Scope=instance | Id=13710673 | Actual='160'
INFO | VERIFY OK | Element 13826882 | Parameter=NWB_DimDiameter | Kind=Shared Parameter | Scope=instance | Id=13710673 | Actual='160'
INFO | VERIFY OK | Element 13827938 | Parameter=NWB_DimDiameter | Kind=Shared Parameter | Scope=instance | Id=13710673 | Actual='160'
INFO | VERIFY OK | Element 13827940 | Parameter=NWB_DimDiameter | Kind=Shared Parameter | Scope=instance | Id=13710673 | Actual='160'
INFO | VERIFY OK | Element 13828532 | Parameter=NWB_DimDiameter | Kind=Shared Parameter | Scope=instance | Id=13710673 | Actual='160'
INFO | VERIFY OK | Element 13828884 | Parameter=NWB_DimDiameter | Kind=Shared Parameter | Scope=instance | Id=13710673 | Actual='160'
INFO | VERIFY OK | Element 13829583 | Parameter=NWB_DimDiameter | Kind=Shared Parameter | Scope=instance | Id=13710673 | Actual='160'
INFO | VERIFY OK | Element 13829737 | Parameter=NWB_DimDiameter | Kind=Shared Parameter | Scope=instance | Id=13710673 | Actual='160'
INFO | VERIFY OK | Element 13830436 | Parameter=NWB_DimDiameter | Kind=Shared Parameter | Scope=instance | Id=13710673 | Actual='160'
INFO | VERIFY OK | Element 13830977 | Parameter=NWB_DimDiameter | Kind=Shared Parameter | Scope=instance | Id=13710673 | Actual='160'
INFO | VERIFY OK | Element 13831077 | Parameter=NWB_DimDiameter | Kind=Shared Parameter | Scope=instance | Id=13710673 | Actual='160'
INFO | VERIFY OK | Element 13831124 | Parameter=NWB_DimDiameter | Kind=Shared Parameter | Scope=instance | Id=13710673 | Actual='160'
INFO | VERIFY OK | Element 13831224 | Parameter=NWB_DimDiameter | Kind=Shared Parameter | Scope=instance | Id=13710673 | Actual='160'
INFO | VERIFY OK | Element 13831896 | Parameter=NWB_DimDiameter | Kind=Shared Parameter | Scope=instance | Id=13710673 | Actual='160'
INFO | VERIFY OK | Element 13831925 | Parameter=NWB_DimDiameter | Kind=Shared Parameter | Scope=instance | Id=13710673 | Actual='160'
INFO | VERIFY OK | Element 13831927 | Parameter=NWB_DimDiameter | Kind=Shared Parameter | Scope=instance | Id=13710673 | Actual='160'
INFO | VERIFY OK | Element 13831929 | Parameter=NWB_DimDiameter | Kind=Shared Parameter | Scope=instance | Id=13710673 | Actual='160'
INFO | VERIFY OK | Element 13831931 | Parameter=NWB_DimDiameter | Kind=Shared Parameter | Scope=instance | Id=13710673 | Actual='160'
INFO | VERIFY OK | Element 13832162 | Parameter=NWB_DimDiameter | Kind=Shared Parameter | Scope=instance | Id=13710673 | Actual='160'
INFO | VERIFY OK | Element 13832250 | Parameter=NWB_DimDiameter | Kind=Shared Parameter | Scope=instance | Id=13710673 | Actual='160'
INFO | VERIFY OK | Element 13832253 | Parameter=NWB_DimDiameter | Kind=Shared Parameter | Scope=instance | Id=13710673 | Actual='160'
INFO | VERIFY OK | Element 13832942 | Parameter=NWB_DimDiameter | Kind=Shared Parameter | Scope=instance | Id=13710673 | Actual='160'
INFO | VERIFY OK | Element 13832944 | Parameter=NWB_DimDiameter | Kind=Shared Parameter | Scope=instance | Id=13710673 | Actual='160'
INFO | VERIFY OK | Element 13832946 | Parameter=NWB_DimDiameter | Kind=Shared Parameter | Scope=instance | Id=13710673 | Actual='160'
INFO | VERIFY OK | Element 13833131 | Parameter=NWB_DimDiameter | Kind=Shared Parameter | Scope=instance | Id=13710673 | Actual='160'
INFO | VERIFY OK | Element 13833618 | Parameter=NWB_DimDiameter | Kind=Shared Parameter | Scope=instance | Id=13710673 | Actual='160'
INFO | VERIFY OK | Element 13835163 | Parameter=NWB_DimDiameter | Kind=Shared Parameter | Scope=instance | Id=13710673 | Actual='160'
INFO | VERIFY OK | Element 13835165 | Parameter=NWB_DimDiameter | Kind=Shared Parameter | Scope=instance | Id=13710673 | Actual='160'
INFO | VERIFY OK | Element 13835359 | Parameter=NWB_DimDiameter | Kind=Shared Parameter | Scope=instance | Id=13710673 | Actual='160'
INFO | VERIFY OK | Element 13835361 | Parameter=NWB_DimDiameter | Kind=Shared Parameter | Scope=instance | Id=13710673 | Actual='160'
INFO | VERIFY OK | Element 13835364 | Parameter=NWB_DimDiameter | Kind=Shared Parameter | Scope=instance | Id=13710673 | Actual='160'
INFO | VERIFY OK | Element 13835366 | Parameter=NWB_DimDiameter | Kind=Shared Parameter | Scope=instance | Id=13710673 | Actual='160'
INFO | VERIFY OK | Element 13835423 | Parameter=NWB_DimDiameter | Kind=Shared Parameter | Scope=instance | Id=13710673 | Actual='160'
INFO | VERIFY OK | Element 13835425 | Parameter=NWB_DimDiameter | Kind=Shared Parameter | Scope=instance | Id=13710673 | Actual='160'
INFO | VERIFY OK | Element 13835428 | Parameter=NWB_DimDiameter | Kind=Shared Parameter | Scope=instance | Id=13710673 | Actual='160'
INFO | VERIFY OK | Element 13835634 | Parameter=NWB_DimDiameter | Kind=Shared Parameter | Scope=instance | Id=13710673 | Actual='160'
INFO | VERIFY OK | Element 13835636 | Parameter=NWB_DimDiameter | Kind=Shared Parameter | Scope=instance | Id=13710673 | Actual='160'
INFO | VERIFY OK | Element 13835638 | Parameter=NWB_DimDiameter | Kind=Shared Parameter | Scope=instance | Id=13710673 | Actual='160'
INFO | VERIFY OK | Element 13835640 | Parameter=NWB_DimDiameter | Kind=Shared Parameter | Scope=instance | Id=13710673 | Actual='160'
INFO | VERIFY OK | Element 13835843 | Parameter=NWB_DimDiameter | Kind=Shared Parameter | Scope=instance | Id=13710673 | Actual='160'
INFO | VERIFY OK | Element 13835847 | Parameter=NWB_DimDiameter | Kind=Shared Parameter | Scope=instance | Id=13710673 | Actual='160'
INFO | VERIFY OK | Element 13835849 | Parameter=NWB_DimDiameter | Kind=Shared Parameter | Scope=instance | Id=13710673 | Actual='160'
INFO | VERIFY OK | Element 13840256 | Parameter=NWB_DimDiameter | Kind=Shared Parameter | Scope=instance | Id=13710673 | Actual='160'
INFO | VERIFY OK | Element 13840258 | Parameter=NWB_DimDiameter | Kind=Shared Parameter | Scope=instance | Id=13710673 | Actual='160'
INFO | VERIFY OK | Element 13840262 | Parameter=NWB_DimDiameter | Kind=Shared Parameter | Scope=instance | Id=13710673 | Actual='160'
INFO | VERIFY OK | Element 13840264 | Parameter=NWB_DimDiameter | Kind=Shared Parameter | Scope=instance | Id=13710673 | Actual='160'
INFO | VERIFY OK | Element 13840266 | Parameter=NWB_DimDiameter | Kind=Shared Parameter | Scope=instance | Id=13710673 | Actual='160'
INFO | VERIFY OK | Element 13840271 | Parameter=NWB_DimDiameter | Kind=Shared Parameter | Scope=instance | Id=13710673 | Actual='160'
INFO | VERIFY OK | Element 13840277 | Parameter=NWB_DimDiameter | Kind=Shared Parameter | Scope=instance | Id=13710673 | Actual='160'
INFO | Candidate: NWB_DimDiameter | Scope=instance | Storage=String | ReadOnly=False | Shared=True | Id=7626172
INFO | Candidate: NWB_DimDiameter | Scope=instance | Storage=String | ReadOnly=False | Shared=True | Id=13710673
INFO | Found 2 parameters named NWB_DimDiameter
INFO | SELECTED | Shared Parameter | Scope=instance | ReadOnly=False | Id=13710673
INFO | IGNORED (SharedOnly) | Shared Parameter | Scope=instance | ReadOnly=False | Id=7626172
INFO | Element 13846388 | NWB_DimDiameter | Kind=Shared Parameter | Scope=instance | Storage=String | Old='' | New='160'
SOURCE | Element 13846388 | Cat=Pipe Fittings | Family=MHT-ME-FAM-PF-PF-PVC-PTS-Bend | Type= | Level=LEVEL 06 | Name=Standard | System=Hydronic Supply | SizeText=160ø-160ø | Width= | Height= | Diameter=160
ELEMENT | 13846388 | Size='160ø-160ø' | Width='' | Height='' | Diameter='160' | Statuses=NWB_DimWidth:SKIP; NWB_DimHeight:SKIP; NWB_DimDiameter:OK
INFO | Candidate: NWB_DimDiameter | Scope=instance | Storage=String | ReadOnly=False | Shared=True | Id=7626172
INFO | Candidate: NWB_DimDiameter | Scope=instance | Storage=String | ReadOnly=False | Shared=True | Id=13710673
INFO | Found 2 parameters named NWB_DimDiameter
INFO | SELECTED | Shared Parameter | Scope=instance | ReadOnly=False | Id=13710673
INFO | IGNORED (SharedOnly) | Shared Parameter | Scope=instance | ReadOnly=False | Id=7626172
INFO | Element 13846390 | NWB_DimDiameter | Kind=Shared Parameter | Scope=instance | Storage=String | Old='' | New='160'
SOURCE | Element 13846390 | Cat=Pipe Fittings | Family=MHT-ME-FAM-PF-PF-PVC-PTS-Bend | Type= | Level=LEVEL 06 | Name=Standard | System=Hydronic Supply | SizeText=160ø-160ø | Width= | Height= | Diameter=160
ELEMENT | 13846390 | Size='160ø-160ø' | Width='' | Height='' | Diameter='160' | Statuses=NWB_DimWidth:SKIP; NWB_DimHeight:SKIP; NWB_DimDiameter:OK
INFO | Candidate: NWB_DimDiameter | Scope=instance | Storage=String | ReadOnly=False | Shared=True | Id=7626172
INFO | Candidate: NWB_DimDiameter | Scope=instance | Storage=String | ReadOnly=False | Shared=True | Id=13710673
INFO | Found 2 parameters named NWB_DimDiameter
INFO | SELECTED | Shared Parameter | Scope=instance | ReadOnly=False | Id=13710673
INFO | IGNORED (SharedOnly) | Shared Parameter | Scope=instance | ReadOnly=False | Id=7626172
INFO | Element 13846393 | NWB_DimDiameter | Kind=Shared Parameter | Scope=instance | Storage=String | Old='' | New='160'
SOURCE | Element 13846393 | Cat=Pipe Fittings | Family=MHT-ME-FAM-PF-PF-PVC-PTS-Bend | Type= | Level=LEVEL 06 | Name=Standard | System=Hydronic Supply | SizeText=160ø-160ø | Width= | Height= | Diameter=160
ELEMENT | 13846393 | Size='160ø-160ø' | Width='' | Height='' | Diameter='160' | Statuses=NWB_DimWidth:SKIP; NWB_DimHeight:SKIP; NWB_DimDiameter:OK
INFO | Candidate: NWB_DimDiameter | Scope=instance | Storage=String | ReadOnly=False | Shared=True | Id=7626172
INFO | Candidate: NWB_DimDiameter | Scope=instance | Storage=String | ReadOnly=False | Shared=True | Id=13710673
INFO | Found 2 parameters named NWB_DimDiameter
INFO | SELECTED | Shared Parameter | Scope=instance | ReadOnly=False | Id=13710673
INFO | IGNORED (SharedOnly) | Shared Parameter | Scope=instance | ReadOnly=False | Id=7626172
INFO | Element 13846395 | NWB_DimDiameter | Kind=Shared Parameter | Scope=instance | Storage=String | Old='' | New='160'
SOURCE | Element 13846395 | Cat=Pipe Fittings | Family=MHT-ME-FAM-PF-PF-PVC-PTS-Bend | Type= | Level=LEVEL 06 | Name=Standard | System=Hydronic Supply | SizeText=160ø-160ø | Width= | Height= | Diameter=160
ELEMENT | 13846395 | Size='160ø-160ø' | Width='' | Height='' | Diameter='160' | Statuses=NWB_DimWidth:SKIP; NWB_DimHeight:SKIP; NWB_DimDiameter:OK
INFO | Candidate: NWB_DimDiameter | Scope=instance | Storage=String | ReadOnly=False | Shared=True | Id=7626172
INFO | Candidate: NWB_DimDiameter | Scope=instance | Storage=String | ReadOnly=False | Shared=True | Id=13710673
INFO | Found 2 parameters named NWB_DimDiameter
INFO | SELECTED | Shared Parameter | Scope=instance | ReadOnly=False | Id=13710673
INFO | IGNORED (SharedOnly) | Shared Parameter | Scope=instance | ReadOnly=False | Id=7626172
INFO | Element 13943747 | NWB_DimDiameter | Kind=Shared Parameter | Scope=instance | Storage=String | Old='' | New='160'
SOURCE | Element 13943747 | Cat=Pipe Fittings | Family=MHT-ME-FAM-PF-PF-PVC-PTS-Bend | Type= | Level=LEVEL 03 | Name=Standard | System=Other | SizeText=160ø-160ø | Width= | Height= | Diameter=160
ELEMENT | 13943747 | Size='160ø-160ø' | Width='' | Height='' | Diameter='160' | Statuses=NWB_DimWidth:SKIP; NWB_DimHeight:SKIP; NWB_DimDiameter:OK
INFO | Candidate: NWB_DimDiameter | Scope=instance | Storage=String | ReadOnly=False | Shared=True | Id=7626172
INFO | Candidate: NWB_DimDiameter | Scope=instance | Storage=String | ReadOnly=False | Shared=True | Id=13710673
INFO | Found 2 parameters named NWB_DimDiameter
INFO | SELECTED | Shared Parameter | Scope=instance | ReadOnly=False | Id=13710673
INFO | IGNORED (SharedOnly) | Shared Parameter | Scope=instance | ReadOnly=False | Id=7626172
INFO | Element 13943749 | NWB_DimDiameter | Kind=Shared Parameter | Scope=instance | Storage=String | Old='' | New='160'
SOURCE | Element 13943749 | Cat=Pipe Fittings | Family=MHT-ME-FAM-PF-PF-PVC-PTS-Bend | Type= | Level=LEVEL 03 | Name=Standard | System=Other | SizeText=160ø-160ø | Width= | Height= | Diameter=160
ELEMENT | 13943749 | Size='160ø-160ø' | Width='' | Height='' | Diameter='160' | Statuses=NWB_DimWidth:SKIP; NWB_DimHeight:SKIP; NWB_DimDiameter:OK
INFO | Candidate: NWB_DimDiameter | Scope=instance | Storage=String | ReadOnly=False | Shared=True | Id=7626172
INFO | Candidate: NWB_DimDiameter | Scope=instance | Storage=String | ReadOnly=False | Shared=True | Id=13710673
INFO | Found 2 parameters named NWB_DimDiameter
INFO | SELECTED | Shared Parameter | Scope=instance | ReadOnly=False | Id=13710673
INFO | IGNORED (SharedOnly) | Shared Parameter | Scope=instance | ReadOnly=False | Id=7626172
INFO | Element 14005737 | NWB_DimDiameter | Kind=Shared Parameter | Scope=instance | Storage=String | Old='' | New='160'
SOURCE | Element 14005737 | Cat=Pipe Fittings | Family=MHT-ME-FAM-PF-PF-PVC-PTS-Bend | Type= | Level=LEVEL 06 | Name=Standard | System=Other | SizeText=160ø-160ø | Width= | Height= | Diameter=160
ELEMENT | 14005737 | Size='160ø-160ø' | Width='' | Height='' | Diameter='160' | Statuses=NWB_DimWidth:SKIP; NWB_DimHeight:SKIP; NWB_DimDiameter:OK
INFO | Candidate: NWB_DimDiameter | Scope=instance | Storage=String | ReadOnly=False | Shared=True | Id=7626172
INFO | Candidate: NWB_DimDiameter | Scope=instance | Storage=String | ReadOnly=False | Shared=True | Id=13710673
INFO | Found 2 parameters named NWB_DimDiameter
INFO | SELECTED | Shared Parameter | Scope=instance | ReadOnly=False | Id=13710673
INFO | IGNORED (SharedOnly) | Shared Parameter | Scope=instance | ReadOnly=False | Id=7626172
INFO | Element 14047151 | NWB_DimDiameter | Kind=Shared Parameter | Scope=instance | Storage=String | Old='' | New='160'
SOURCE | Element 14047151 | Cat=Pipe Fittings | Family=MHT-ME-FAM-PF-PF-PVC-PTS-Bend | Type= | Level=LEVEL 06 | Name=Standard | System=Other | SizeText=160ø-160ø | Width= | Height= | Diameter=160
ELEMENT | 14047151 | Size='160ø-160ø' | Width='' | Height='' | Diameter='160' | Statuses=NWB_DimWidth:SKIP; NWB_DimHeight:SKIP; NWB_DimDiameter:OK
INFO | Candidate: NWB_DimDiameter | Scope=instance | Storage=String | ReadOnly=False | Shared=True | Id=7626172
INFO | Candidate: NWB_DimDiameter | Scope=instance | Storage=String | ReadOnly=False | Shared=True | Id=13710673
INFO | Found 2 parameters named NWB_DimDiameter
INFO | SELECTED | Shared Parameter | Scope=instance | ReadOnly=False | Id=13710673
INFO | IGNORED (SharedOnly) | Shared Parameter | Scope=instance | ReadOnly=False | Id=7626172
INFO | Element 14047580 | NWB_DimDiameter | Kind=Shared Parameter | Scope=instance | Storage=String | Old='' | New='160'
SOURCE | Element 14047580 | Cat=Pipe Fittings | Family=MHT-ME-FAM-PF-PF-PVC-PTS-Bend | Type= | Level=LEVEL 06 | Name=Standard | System=Other | SizeText=160ø-160ø | Width= | Height= | Diameter=160
ELEMENT | 14047580 | Size='160ø-160ø' | Width='' | Height='' | Diameter='160' | Statuses=NWB_DimWidth:SKIP; NWB_DimHeight:SKIP; NWB_DimDiameter:OK
INFO | Candidate: NWB_DimDiameter | Scope=instance | Storage=String | ReadOnly=False | Shared=True | Id=7626172
INFO | Candidate: NWB_DimDiameter | Scope=instance | Storage=String | ReadOnly=False | Shared=True | Id=13710673
INFO | Found 2 parameters named NWB_DimDiameter
INFO | SELECTED | Shared Parameter | Scope=instance | ReadOnly=False | Id=13710673
INFO | IGNORED (SharedOnly) | Shared Parameter | Scope=instance | ReadOnly=False | Id=7626172
INFO | Element 14047661 | NWB_DimDiameter | Kind=Shared Parameter | Scope=instance | Storage=String | Old='' | New='160'
SOURCE | Element 14047661 | Cat=Pipe Fittings | Family=MHT-ME-FAM-PF-PF-PVC-PTS-Bend | Type= | Level=LEVEL 06 | Name=Standard | System=Other | SizeText=160ø-160ø | Width= | Height= | Diameter=160
ELEMENT | 14047661 | Size='160ø-160ø' | Width='' | Height='' | Diameter='160' | Statuses=NWB_DimWidth:SKIP; NWB_DimHeight:SKIP; NWB_DimDiameter:OK
INFO | Candidate: NWB_DimDiameter | Scope=instance | Storage=String | ReadOnly=False | Shared=True | Id=7626172
INFO | Candidate: NWB_DimDiameter | Scope=instance | Storage=String | ReadOnly=False | Shared=True | Id=13710673
INFO | Found 2 parameters named NWB_DimDiameter
INFO | SELECTED | Shared Parameter | Scope=instance | ReadOnly=False | Id=13710673
INFO | IGNORED (SharedOnly) | Shared Parameter | Scope=instance | ReadOnly=False | Id=7626172
INFO | Element 14047778 | NWB_DimDiameter | Kind=Shared Parameter | Scope=instance | Storage=String | Old='' | New='160'
SOURCE | Element 14047778 | Cat=Pipe Fittings | Family=MHT-ME-FAM-PF-PF-PVC-PTS-Bend | Type= | Level=LEVEL 06 | Name=Standard | System=Other | SizeText=160ø-160ø | Width= | Height= | Diameter=160
ELEMENT | 14047778 | Size='160ø-160ø' | Width='' | Height='' | Diameter='160' | Statuses=NWB_DimWidth:SKIP; NWB_DimHeight:SKIP; NWB_DimDiameter:OK
INFO | Candidate: NWB_DimDiameter | Scope=instance | Storage=String | ReadOnly=False | Shared=True | Id=7626172
INFO | Candidate: NWB_DimDiameter | Scope=instance | Storage=String | ReadOnly=False | Shared=True | Id=13710673
INFO | Found 2 parameters named NWB_DimDiameter
INFO | SELECTED | Shared Parameter | Scope=instance | ReadOnly=False | Id=13710673
INFO | IGNORED (SharedOnly) | Shared Parameter | Scope=instance | ReadOnly=False | Id=7626172
INFO | Element 14047943 | NWB_DimDiameter | Kind=Shared Parameter | Scope=instance | Storage=String | Old='' | New='160'
SOURCE | Element 14047943 | Cat=Pipe Fittings | Family=MHT-ME-FAM-PF-PF-PVC-PTS-Bend | Type= | Level=LEVEL 06 | Name=Standard | System=Other | SizeText=160ø-160ø | Width= | Height= | Diameter=160
ELEMENT | 14047943 | Size='160ø-160ø' | Width='' | Height='' | Diameter='160' | Statuses=NWB_DimWidth:SKIP; NWB_DimHeight:SKIP; NWB_DimDiameter:OK
INFO | Candidate: NWB_DimDiameter | Scope=instance | Storage=String | ReadOnly=False | Shared=True | Id=7626172
INFO | Candidate: NWB_DimDiameter | Scope=instance | Storage=String | ReadOnly=False | Shared=True | Id=13710673
INFO | Found 2 parameters named NWB_DimDiameter
INFO | SELECTED | Shared Parameter | Scope=instance | ReadOnly=False | Id=13710673
INFO | IGNORED (SharedOnly) | Shared Parameter | Scope=instance | ReadOnly=False | Id=7626172
INFO | Element 14084208 | NWB_DimDiameter | Kind=Shared Parameter | Scope=instance | Storage=String | Old='' | New='160'
SOURCE | Element 14084208 | Cat=Pipe Fittings | Family=MHT-ME-FAM-PF-PF-PVC-PTS-Bend | Type= | Level=LEVEL 06 | Name=Standard | System=Other | SizeText=160ø-160ø | Width= | Height= | Diameter=160
ELEMENT | 14084208 | Size='160ø-160ø' | Width='' | Height='' | Diameter='160' | Statuses=NWB_DimWidth:SKIP; NWB_DimHeight:SKIP; NWB_DimDiameter:OK
INFO | Candidate: NWB_DimDiameter | Scope=instance | Storage=String | ReadOnly=False | Shared=True | Id=7626172
INFO | Candidate: NWB_DimDiameter | Scope=instance | Storage=String | ReadOnly=False | Shared=True | Id=13710673
INFO | Found 2 parameters named NWB_DimDiameter
INFO | SELECTED | Shared Parameter | Scope=instance | ReadOnly=False | Id=13710673
INFO | IGNORED (SharedOnly) | Shared Parameter | Scope=instance | ReadOnly=False | Id=7626172
INFO | Element 14084555 | NWB_DimDiameter | Kind=Shared Parameter | Scope=instance | Storage=String | Old='' | New='160'
SOURCE | Element 14084555 | Cat=Pipe Fittings | Family=MHT-ME-FAM-PF-PF-PVC-PTS-Bend | Type= | Level=LEVEL 06 | Name=Standard | System=Other | SizeText=160ø-160ø | Width= | Height= | Diameter=160
ELEMENT | 14084555 | Size='160ø-160ø' | Width='' | Height='' | Diameter='160' | Statuses=NWB_DimWidth:SKIP; NWB_DimHeight:SKIP; NWB_DimDiameter:OK
INFO | Candidate: NWB_DimDiameter | Scope=instance | Storage=String | ReadOnly=False | Shared=True | Id=7626172
INFO | Candidate: NWB_DimDiameter | Scope=instance | Storage=String | ReadOnly=False | Shared=True | Id=13710673
INFO | Found 2 parameters named NWB_DimDiameter
INFO | SELECTED | Shared Parameter | Scope=instance | ReadOnly=False | Id=13710673
INFO | IGNORED (SharedOnly) | Shared Parameter | Scope=instance | ReadOnly=False | Id=7626172
INFO | Element 14084664 | NWB_DimDiameter | Kind=Shared Parameter | Scope=instance | Storage=String | Old='' | New='160'
SOURCE | Element 14084664 | Cat=Pipe Fittings | Family=MHT-ME-FAM-PF-PF-PVC-PTS-Bend | Type= | Level=LEVEL 06 | Name=Standard | System=Other | SizeText=160ø-160ø | Width= | Height= | Diameter=160
ELEMENT | 14084664 | Size='160ø-160ø' | Width='' | Height='' | Diameter='160' | Statuses=NWB_DimWidth:SKIP; NWB_DimHeight:SKIP; NWB_DimDiameter:OK
INFO | Candidate: NWB_DimDiameter | Scope=instance | Storage=String | ReadOnly=False | Shared=True | Id=7626172
INFO | Candidate: NWB_DimDiameter | Scope=instance | Storage=String | ReadOnly=False | Shared=True | Id=13710673
INFO | Found 2 parameters named NWB_DimDiameter
INFO | SELECTED | Shared Parameter | Scope=instance | ReadOnly=False | Id=13710673
INFO | IGNORED (SharedOnly) | Shared Parameter | Scope=instance | ReadOnly=False | Id=7626172
INFO | Element 14086724 | NWB_DimDiameter | Kind=Shared Parameter | Scope=instance | Storage=String | Old='' | New='160'
SOURCE | Element 14086724 | Cat=Pipe Fittings | Family=MHT-ME-FAM-PF-PF-PVC-PTS-Bend | Type= | Level=LEVEL 06 | Name=Standard | System=Other | SizeText=160ø-160ø | Width= | Height= | Diameter=160
ELEMENT | 14086724 | Size='160ø-160ø' | Width='' | Height='' | Diameter='160' | Statuses=NWB_DimWidth:SKIP; NWB_DimHeight:SKIP; NWB_DimDiameter:OK
INFO | Candidate: NWB_DimDiameter | Scope=instance | Storage=String | ReadOnly=False | Shared=True | Id=7626172
INFO | Candidate: NWB_DimDiameter | Scope=instance | Storage=String | ReadOnly=False | Shared=True | Id=13710673
INFO | Found 2 parameters named NWB_DimDiameter
INFO | SELECTED | Shared Parameter | Scope=instance | ReadOnly=False | Id=13710673
INFO | IGNORED (SharedOnly) | Shared Parameter | Scope=instance | ReadOnly=False | Id=7626172
INFO | Element 14086726 | NWB_DimDiameter | Kind=Shared Parameter | Scope=instance | Storage=String | Old='' | New='160'
SOURCE | Element 14086726 | Cat=Pipe Fittings | Family=MHT-ME-FAM-PF-PF-PVC-PTS-Bend | Type= | Level=LEVEL 06 | Name=Standard | System=Other | SizeText=160ø-160ø | Width= | Height= | Diameter=160
ELEMENT | 14086726 | Size='160ø-160ø' | Width='' | Height='' | Diameter='160' | Statuses=NWB_DimWidth:SKIP; NWB_DimHeight:SKIP; NWB_DimDiameter:OK
INFO | Candidate: NWB_DimDiameter | Scope=instance | Storage=String | ReadOnly=False | Shared=True | Id=7626172
INFO | Candidate: NWB_DimDiameter | Scope=instance | Storage=String | ReadOnly=False | Shared=True | Id=13710673
INFO | Found 2 parameters named NWB_DimDiameter
INFO | SELECTED | Shared Parameter | Scope=instance | ReadOnly=False | Id=13710673
INFO | IGNORED (SharedOnly) | Shared Parameter | Scope=instance | ReadOnly=False | Id=7626172
INFO | Element 14086728 | NWB_DimDiameter | Kind=Shared Parameter | Scope=instance | Storage=String | Old='' | New='160'
SOURCE | Element 14086728 | Cat=Pipe Fittings | Family=MHT-ME-FAM-PF-PF-PVC-PTS-Bend | Type= | Level=LEVEL 06 | Name=Standard | System=Other | SizeText=160ø-160ø | Width= | Height= | Diameter=160
ELEMENT | 14086728 | Size='160ø-160ø' | Width='' | Height='' | Diameter='160' | Statuses=NWB_DimWidth:SKIP; NWB_DimHeight:SKIP; NWB_DimDiameter:OK
INFO | Candidate: NWB_DimDiameter | Scope=instance | Storage=String | ReadOnly=False | Shared=True | Id=7626172
INFO | Candidate: NWB_DimDiameter | Scope=instance | Storage=String | ReadOnly=False | Shared=True | Id=13710673
INFO | Found 2 parameters named NWB_DimDiameter
INFO | SELECTED | Shared Parameter | Scope=instance | ReadOnly=False | Id=13710673
INFO | IGNORED (SharedOnly) | Shared Parameter | Scope=instance | ReadOnly=False | Id=7626172
INFO | Element 14086779 | NWB_DimDiameter | Kind=Shared Parameter | Scope=instance | Storage=String | Old='' | New='160'
SOURCE | Element 14086779 | Cat=Pipe Fittings | Family=MHT-ME-FAM-PF-PF-PVC-PTS-Bend | Type= | Level=LEVEL 06 | Name=Standard | System=Other | SizeText=160ø-160ø | Width= | Height= | Diameter=160
ELEMENT | 14086779 | Size='160ø-160ø' | Width='' | Height='' | Diameter='160' | Statuses=NWB_DimWidth:SKIP; NWB_DimHeight:SKIP; NWB_DimDiameter:OK
INFO | Candidate: NWB_DimDiameter | Scope=instance | Storage=String | ReadOnly=False | Shared=True | Id=7626172
INFO | Candidate: NWB_DimDiameter | Scope=instance | Storage=String | ReadOnly=False | Shared=True | Id=13710673
INFO | Found 2 parameters named NWB_DimDiameter
INFO | SELECTED | Shared Parameter | Scope=instance | ReadOnly=False | Id=13710673
INFO | IGNORED (SharedOnly) | Shared Parameter | Scope=instance | ReadOnly=False | Id=7626172
INFO | Element 14086781 | NWB_DimDiameter | Kind=Shared Parameter | Scope=instance | Storage=String | Old='' | New='160'
SOURCE | Element 14086781 | Cat=Pipe Fittings | Family=MHT-ME-FAM-PF-PF-PVC-PTS-Bend | Type= | Level=LEVEL 06 | Name=Standard | System=Other | SizeText=160ø-160ø | Width= | Height= | Diameter=160
ELEMENT | 14086781 | Size='160ø-160ø' | Width='' | Height='' | Diameter='160' | Statuses=NWB_DimWidth:SKIP; NWB_DimHeight:SKIP; NWB_DimDiameter:OK
INFO | Candidate: NWB_DimDiameter | Scope=instance | Storage=String | ReadOnly=False | Shared=True | Id=7626172
INFO | Candidate: NWB_DimDiameter | Scope=instance | Storage=String | ReadOnly=False | Shared=True | Id=13710673
INFO | Found 2 parameters named NWB_DimDiameter
INFO | SELECTED | Shared Parameter | Scope=instance | ReadOnly=False | Id=13710673
INFO | IGNORED (SharedOnly) | Shared Parameter | Scope=instance | ReadOnly=False | Id=7626172
INFO | Element 14086838 | NWB_DimDiameter | Kind=Shared Parameter | Scope=instance | Storage=String | Old='' | New='160'
SOURCE | Element 14086838 | Cat=Pipe Fittings | Family=MHT-ME-FAM-PF-PF-PVC-PTS-Bend | Type= | Level=LEVEL 06 | Name=Standard | System=Other | SizeText=160ø-160ø | Width= | Height= | Diameter=160
ELEMENT | 14086838 | Size='160ø-160ø' | Width='' | Height='' | Diameter='160' | Statuses=NWB_DimWidth:SKIP; NWB_DimHeight:SKIP; NWB_DimDiameter:OK
INFO | Candidate: NWB_DimDiameter | Scope=instance | Storage=String | ReadOnly=False | Shared=True | Id=7626172
INFO | Candidate: NWB_DimDiameter | Scope=instance | Storage=String | ReadOnly=False | Shared=True | Id=13710673
INFO | Found 2 parameters named NWB_DimDiameter
INFO | SELECTED | Shared Parameter | Scope=instance | ReadOnly=False | Id=13710673
INFO | IGNORED (SharedOnly) | Shared Parameter | Scope=instance | ReadOnly=False | Id=7626172
INFO | Element 14086959 | NWB_DimDiameter | Kind=Shared Parameter | Scope=instance | Storage=String | Old='' | New='160'
SOURCE | Element 14086959 | Cat=Pipe Fittings | Family=MHT-ME-FAM-PF-PF-PVC-PTS-Bend | Type= | Level=LEVEL 06 | Name=Standard | System=Other | SizeText=160ø-160ø | Width= | Height= | Diameter=160
ELEMENT | 14086959 | Size='160ø-160ø' | Width='' | Height='' | Diameter='160' | Statuses=NWB_DimWidth:SKIP; NWB_DimHeight:SKIP; NWB_DimDiameter:OK
INFO | Candidate: NWB_DimDiameter | Scope=instance | Storage=String | ReadOnly=False | Shared=True | Id=7626172
INFO | Candidate: NWB_DimDiameter | Scope=instance | Storage=String | ReadOnly=False | Shared=True | Id=13710673
INFO | Found 2 parameters named NWB_DimDiameter
INFO | SELECTED | Shared Parameter | Scope=instance | ReadOnly=False | Id=13710673
INFO | IGNORED (SharedOnly) | Shared Parameter | Scope=instance | ReadOnly=False | Id=7626172
INFO | Element 14086961 | NWB_DimDiameter | Kind=Shared Parameter | Scope=instance | Storage=String | Old='' | New='160'
SOURCE | Element 14086961 | Cat=Pipe Fittings | Family=MHT-ME-FAM-PF-PF-PVC-PTS-Bend | Type= | Level=LEVEL 06 | Name=Standard | System=Other | SizeText=160ø-160ø | Width= | Height= | Diameter=160
ELEMENT | 14086961 | Size='160ø-160ø' | Width='' | Height='' | Diameter='160' | Statuses=NWB_DimWidth:SKIP; NWB_DimHeight:SKIP; NWB_DimDiameter:OK
INFO | Candidate: NWB_DimDiameter | Scope=instance | Storage=String | ReadOnly=False | Shared=True | Id=7626172
INFO | Candidate: NWB_DimDiameter | Scope=instance | Storage=String | ReadOnly=False | Shared=True | Id=13710673
INFO | Found 2 parameters named NWB_DimDiameter
INFO | SELECTED | Shared Parameter | Scope=instance | ReadOnly=False | Id=13710673
INFO | IGNORED (SharedOnly) | Shared Parameter | Scope=instance | ReadOnly=False | Id=7626172
INFO | Element 14086963 | NWB_DimDiameter | Kind=Shared Parameter | Scope=instance | Storage=String | Old='' | New='160'
SOURCE | Element 14086963 | Cat=Pipe Fittings | Family=MHT-ME-FAM-PF-PF-PVC-PTS-Bend | Type= | Level=LEVEL 06 | Name=Standard | System=Other | SizeText=160ø-160ø | Width= | Height= | Diameter=160
ELEMENT | 14086963 | Size='160ø-160ø' | Width='' | Height='' | Diameter='160' | Statuses=NWB_DimWidth:SKIP; NWB_DimHeight:SKIP; NWB_DimDiameter:OK
INFO | Candidate: NWB_DimDiameter | Scope=instance | Storage=String | ReadOnly=False | Shared=True | Id=7626172
INFO | Candidate: NWB_DimDiameter | Scope=instance | Storage=String | ReadOnly=False | Shared=True | Id=13710673
INFO | Found 2 parameters named NWB_DimDiameter
INFO | SELECTED | Shared Parameter | Scope=instance | ReadOnly=False | Id=13710673
INFO | IGNORED (SharedOnly) | Shared Parameter | Scope=instance | ReadOnly=False | Id=7626172
INFO | Element 14086988 | NWB_DimDiameter | Kind=Shared Parameter | Scope=instance | Storage=String | Old='' | New='160'
SOURCE | Element 14086988 | Cat=Pipe Fittings | Family=MHT-ME-FAM-PF-PF-PVC-PTS-Bend | Type= | Level=LEVEL 06 | Name=Standard | System=Other | SizeText=160ø-160ø | Width= | Height= | Diameter=160
ELEMENT | 14086988 | Size='160ø-160ø' | Width='' | Height='' | Diameter='160' | Statuses=NWB_DimWidth:SKIP; NWB_DimHeight:SKIP; NWB_DimDiameter:OK
INFO | Candidate: NWB_DimDiameter | Scope=instance | Storage=String | ReadOnly=False | Shared=True | Id=7626172
INFO | Candidate: NWB_DimDiameter | Scope=instance | Storage=String | ReadOnly=False | Shared=True | Id=13710673
INFO | Found 2 parameters named NWB_DimDiameter
INFO | SELECTED | Shared Parameter | Scope=instance | ReadOnly=False | Id=13710673
INFO | IGNORED (SharedOnly) | Shared Parameter | Scope=instance | ReadOnly=False | Id=7626172
INFO | Element 14086990 | NWB_DimDiameter | Kind=Shared Parameter | Scope=instance | Storage=String | Old='' | New='160'
SOURCE | Element 14086990 | Cat=Pipe Fittings | Family=MHT-ME-FAM-PF-PF-PVC-PTS-Bend | Type= | Level=LEVEL 06 | Name=Standard | System=Other | SizeText=160ø-160ø | Width= | Height= | Diameter=160
ELEMENT | 14086990 | Size='160ø-160ø' | Width='' | Height='' | Diameter='160' | Statuses=NWB_DimWidth:SKIP; NWB_DimHeight:SKIP; NWB_DimDiameter:OK
INFO | Candidate: NWB_DimDiameter | Scope=instance | Storage=String | ReadOnly=False | Shared=True | Id=7626172
INFO | Candidate: NWB_DimDiameter | Scope=instance | Storage=String | ReadOnly=False | Shared=True | Id=13710673
INFO | Found 2 parameters named NWB_DimDiameter
INFO | SELECTED | Shared Parameter | Scope=instance | ReadOnly=False | Id=13710673
INFO | IGNORED (SharedOnly) | Shared Parameter | Scope=instance | ReadOnly=False | Id=7626172
INFO | Element 14086999 | NWB_DimDiameter | Kind=Shared Parameter | Scope=instance | Storage=String | Old='' | New='160'
SOURCE | Element 14086999 | Cat=Pipe Fittings | Family=MHT-ME-FAM-PF-PF-PVC-PTS-Bend | Type= | Level=LEVEL 06 | Name=Standard | System=Other | SizeText=160ø-160ø | Width= | Height= | Diameter=160
ELEMENT | 14086999 | Size='160ø-160ø' | Width='' | Height='' | Diameter='160' | Statuses=NWB_DimWidth:SKIP; NWB_DimHeight:SKIP; NWB_DimDiameter:OK
INFO | Candidate: NWB_DimDiameter | Scope=instance | Storage=String | ReadOnly=False | Shared=True | Id=7626172
INFO | Candidate: NWB_DimDiameter | Scope=instance | Storage=String | ReadOnly=False | Shared=True | Id=13710673
INFO | Found 2 parameters named NWB_DimDiameter
INFO | SELECTED | Shared Parameter | Scope=instance | ReadOnly=False | Id=13710673
INFO | IGNORED (SharedOnly) | Shared Parameter | Scope=instance | ReadOnly=False | Id=7626172
INFO | Element 14087778 | NWB_DimDiameter | Kind=Shared Parameter | Scope=instance | Storage=String | Old='' | New='160'
SOURCE | Element 14087778 | Cat=Pipe Fittings | Family=MHT-ME-FAM-PF-PF-PVC-PTS-Bend | Type= | Level=LEVEL 06 | Name=Standard | System=Other | SizeText=160ø-160ø | Width= | Height= | Diameter=160
ELEMENT | 14087778 | Size='160ø-160ø' | Width='' | Height='' | Diameter='160' | Statuses=NWB_DimWidth:SKIP; NWB_DimHeight:SKIP; NWB_DimDiameter:OK
INFO | Candidate: NWB_DimDiameter | Scope=instance | Storage=String | ReadOnly=False | Shared=True | Id=7626172
INFO | Candidate: NWB_DimDiameter | Scope=instance | Storage=String | ReadOnly=False | Shared=True | Id=13710673
INFO | Found 2 parameters named NWB_DimDiameter
INFO | SELECTED | Shared Parameter | Scope=instance | ReadOnly=False | Id=13710673
INFO | IGNORED (SharedOnly) | Shared Parameter | Scope=instance | ReadOnly=False | Id=7626172
INFO | Element 14087780 | NWB_DimDiameter | Kind=Shared Parameter | Scope=instance | Storage=String | Old='' | New='160'
SOURCE | Element 14087780 | Cat=Pipe Fittings | Family=MHT-ME-FAM-PF-PF-PVC-PTS-Bend | Type= | Level=LEVEL 06 | Name=Standard | System=Other | SizeText=160ø-160ø | Width= | Height= | Diameter=160
ELEMENT | 14087780 | Size='160ø-160ø' | Width='' | Height='' | Diameter='160' | Statuses=NWB_DimWidth:SKIP; NWB_DimHeight:SKIP; NWB_DimDiameter:OK
INFO | Candidate: NWB_DimDiameter | Scope=instance | Storage=String | ReadOnly=False | Shared=True | Id=7626172
INFO | Candidate: NWB_DimDiameter | Scope=instance | Storage=String | ReadOnly=False | Shared=True | Id=13710673
INFO | Found 2 parameters named NWB_DimDiameter
INFO | SELECTED | Shared Parameter | Scope=instance | ReadOnly=False | Id=13710673
INFO | IGNORED (SharedOnly) | Shared Parameter | Scope=instance | ReadOnly=False | Id=7626172
INFO | Element 14088057 | NWB_DimDiameter | Kind=Shared Parameter | Scope=instance | Storage=String | Old='' | New='160'
SOURCE | Element 14088057 | Cat=Pipe Fittings | Family=MHT-ME-FAM-PF-PF-PVC-PTS-Bend | Type= | Level=LEVEL 06 | Name=Standard | System=Other | SizeText=160ø-160ø | Width= | Height= | Diameter=160
ELEMENT | 14088057 | Size='160ø-160ø' | Width='' | Height='' | Diameter='160' | Statuses=NWB_DimWidth:SKIP; NWB_DimHeight:SKIP; NWB_DimDiameter:OK
INFO | Candidate: NWB_DimDiameter | Scope=instance | Storage=String | ReadOnly=False | Shared=True | Id=7626172
INFO | Candidate: NWB_DimDiameter | Scope=instance | Storage=String | ReadOnly=False | Shared=True | Id=13710673
INFO | Found 2 parameters named NWB_DimDiameter
INFO | SELECTED | Shared Parameter | Scope=instance | ReadOnly=False | Id=13710673
INFO | IGNORED (SharedOnly) | Shared Parameter | Scope=instance | ReadOnly=False | Id=7626172
INFO | Element 14088062 | NWB_DimDiameter | Kind=Shared Parameter | Scope=instance | Storage=String | Old='' | New='160'
SOURCE | Element 14088062 | Cat=Pipe Fittings | Family=MHT-ME-FAM-PF-PF-PVC-PTS-Bend | Type= | Level=LEVEL 06 | Name=Standard | System=Other | SizeText=160ø-160ø | Width= | Height= | Diameter=160
ELEMENT | 14088062 | Size='160ø-160ø' | Width='' | Height='' | Diameter='160' | Statuses=NWB_DimWidth:SKIP; NWB_DimHeight:SKIP; NWB_DimDiameter:OK
INFO | Candidate: NWB_DimDiameter | Scope=instance | Storage=String | ReadOnly=False | Shared=True | Id=7626172
INFO | Candidate: NWB_DimDiameter | Scope=instance | Storage=String | ReadOnly=False | Shared=True | Id=13710673
INFO | Found 2 parameters named NWB_DimDiameter
INFO | SELECTED | Shared Parameter | Scope=instance | ReadOnly=False | Id=13710673
INFO | IGNORED (SharedOnly) | Shared Parameter | Scope=instance | ReadOnly=False | Id=7626172
INFO | Element 14088064 | NWB_DimDiameter | Kind=Shared Parameter | Scope=instance | Storage=String | Old='' | New='160'
SOURCE | Element 14088064 | Cat=Pipe Fittings | Family=MHT-ME-FAM-PF-PF-PVC-PTS-Bend | Type= | Level=LEVEL 06 | Name=Standard | System=Other | SizeText=160ø-160ø | Width= | Height= | Diameter=160
ELEMENT | 14088064 | Size='160ø-160ø' | Width='' | Height='' | Diameter='160' | Statuses=NWB_DimWidth:SKIP; NWB_DimHeight:SKIP; NWB_DimDiameter:OK
INFO | Candidate: NWB_DimDiameter | Scope=instance | Storage=String | ReadOnly=False | Shared=True | Id=7626172
INFO | Candidate: NWB_DimDiameter | Scope=instance | Storage=String | ReadOnly=False | Shared=True | Id=13710673
INFO | Found 2 parameters named NWB_DimDiameter
INFO | SELECTED | Shared Parameter | Scope=instance | ReadOnly=False | Id=13710673
INFO | IGNORED (SharedOnly) | Shared Parameter | Scope=instance | ReadOnly=False | Id=7626172
INFO | Element 14088955 | NWB_DimDiameter | Kind=Shared Parameter | Scope=instance | Storage=String | Old='' | New='160'
SOURCE | Element 14088955 | Cat=Pipe Fittings | Family=MHT-ME-FAM-PF-PF-PVC-PTS-Bend | Type= | Level=LEVEL 06 | Name=Standard | System=Other | SizeText=160ø-160ø | Width= | Height= | Diameter=160
ELEMENT | 14088955 | Size='160ø-160ø' | Width='' | Height='' | Diameter='160' | Statuses=NWB_DimWidth:SKIP; NWB_DimHeight:SKIP; NWB_DimDiameter:OK
INFO | Candidate: NWB_DimDiameter | Scope=instance | Storage=String | ReadOnly=False | Shared=True | Id=7626172
INFO | Candidate: NWB_DimDiameter | Scope=instance | Storage=String | ReadOnly=False | Shared=True | Id=13710673
INFO | Found 2 parameters named NWB_DimDiameter
INFO | SELECTED | Shared Parameter | Scope=instance | ReadOnly=False | Id=13710673
INFO | IGNORED (SharedOnly) | Shared Parameter | Scope=instance | ReadOnly=False | Id=7626172
INFO | Element 14088957 | NWB_DimDiameter | Kind=Shared Parameter | Scope=instance | Storage=String | Old='' | New='160'
SOURCE | Element 14088957 | Cat=Pipe Fittings | Family=MHT-ME-FAM-PF-PF-PVC-PTS-Bend | Type= | Level=LEVEL 06 | Name=Standard | System=Other | SizeText=160ø-160ø | Width= | Height= | Diameter=160
ELEMENT | 14088957 | Size='160ø-160ø' | Width='' | Height='' | Diameter='160' | Statuses=NWB_DimWidth:SKIP; NWB_DimHeight:SKIP; NWB_DimDiameter:OK
INFO | Candidate: NWB_DimDiameter | Scope=instance | Storage=String | ReadOnly=False | Shared=True | Id=7626172
INFO | Candidate: NWB_DimDiameter | Scope=instance | Storage=String | ReadOnly=False | Shared=True | Id=13710673
INFO | Found 2 parameters named NWB_DimDiameter
INFO | SELECTED | Shared Parameter | Scope=instance | ReadOnly=False | Id=13710673
INFO | IGNORED (SharedOnly) | Shared Parameter | Scope=instance | ReadOnly=False | Id=7626172
INFO | Element 14089370 | NWB_DimDiameter | Kind=Shared Parameter | Scope=instance | Storage=String | Old='' | New='160'
SOURCE | Element 14089370 | Cat=Pipe Fittings | Family=MHT-ME-FAM-PF-PF-PVC-PTS-Bend | Type= | Level=LEVEL 06 | Name=Standard | System=Other | SizeText=160ø-160ø | Width= | Height= | Diameter=160
ELEMENT | 14089370 | Size='160ø-160ø' | Width='' | Height='' | Diameter='160' | Statuses=NWB_DimWidth:SKIP; NWB_DimHeight:SKIP; NWB_DimDiameter:OK
INFO | Candidate: NWB_DimDiameter | Scope=instance | Storage=String | ReadOnly=False | Shared=True | Id=7626172
INFO | Candidate: NWB_DimDiameter | Scope=instance | Storage=String | ReadOnly=False | Shared=True | Id=13710673
INFO | Found 2 parameters named NWB_DimDiameter
INFO | SELECTED | Shared Parameter | Scope=instance | ReadOnly=False | Id=13710673
INFO | IGNORED (SharedOnly) | Shared Parameter | Scope=instance | ReadOnly=False | Id=7626172
INFO | Element 14089376 | NWB_DimDiameter | Kind=Shared Parameter | Scope=instance | Storage=String | Old='' | New='160'
SOURCE | Element 14089376 | Cat=Pipe Fittings | Family=MHT-ME-FAM-PF-PF-PVC-PTS-Bend | Type= | Level=LEVEL 06 | Name=Standard | System=Other | SizeText=160ø-160ø | Width= | Height= | Diameter=160
ELEMENT | 14089376 | Size='160ø-160ø' | Width='' | Height='' | Diameter='160' | Statuses=NWB_DimWidth:SKIP; NWB_DimHeight:SKIP; NWB_DimDiameter:OK
INFO | Candidate: NWB_DimDiameter | Scope=instance | Storage=String | ReadOnly=False | Shared=True | Id=7626172
INFO | Candidate: NWB_DimDiameter | Scope=instance | Storage=String | ReadOnly=False | Shared=True | Id=13710673
INFO | Found 2 parameters named NWB_DimDiameter
INFO | SELECTED | Shared Parameter | Scope=instance | ReadOnly=False | Id=13710673
INFO | IGNORED (SharedOnly) | Shared Parameter | Scope=instance | ReadOnly=False | Id=7626172
INFO | Element 14089651 | NWB_DimDiameter | Kind=Shared Parameter | Scope=instance | Storage=String | Old='' | New='160'
SOURCE | Element 14089651 | Cat=Pipe Fittings | Family=MHT-ME-FAM-PF-PF-PVC-PTS-Bend | Type= | Level=LEVEL 06 | Name=Standard | System=Other | SizeText=160ø-160ø | Width= | Height= | Diameter=160
ELEMENT | 14089651 | Size='160ø-160ø' | Width='' | Height='' | Diameter='160' | Statuses=NWB_DimWidth:SKIP; NWB_DimHeight:SKIP; NWB_DimDiameter:OK
INFO | Candidate: NWB_DimDiameter | Scope=instance | Storage=String | ReadOnly=False | Shared=True | Id=7626172
INFO | Candidate: NWB_DimDiameter | Scope=instance | Storage=String | ReadOnly=False | Shared=True | Id=13710673
INFO | Found 2 parameters named NWB_DimDiameter
INFO | SELECTED | Shared Parameter | Scope=instance | ReadOnly=False | Id=13710673
INFO | IGNORED (SharedOnly) | Shared Parameter | Scope=instance | ReadOnly=False | Id=7626172
INFO | Element 14089654 | NWB_DimDiameter | Kind=Shared Parameter | Scope=instance | Storage=String | Old='' | New='160'
SOURCE | Element 14089654 | Cat=Pipe Fittings | Family=MHT-ME-FAM-PF-PF-PVC-PTS-Bend | Type= | Level=LEVEL 06 | Name=Standard | System=Other | SizeText=160ø-160ø | Width= | Height= | Diameter=160
ELEMENT | 14089654 | Size='160ø-160ø' | Width='' | Height='' | Diameter='160' | Statuses=NWB_DimWidth:SKIP; NWB_DimHeight:SKIP; NWB_DimDiameter:OK
INFO | Candidate: NWB_DimDiameter | Scope=instance | Storage=String | ReadOnly=False | Shared=True | Id=7626172
INFO | Candidate: NWB_DimDiameter | Scope=instance | Storage=String | ReadOnly=False | Shared=True | Id=13710673
INFO | Found 2 parameters named NWB_DimDiameter
INFO | SELECTED | Shared Parameter | Scope=instance | ReadOnly=False | Id=13710673
INFO | IGNORED (SharedOnly) | Shared Parameter | Scope=instance | ReadOnly=False | Id=7626172
INFO | Element 14090063 | NWB_DimDiameter | Kind=Shared Parameter | Scope=instance | Storage=String | Old='' | New='160'
SOURCE | Element 14090063 | Cat=Pipe Fittings | Family=MHT-ME-FAM-PF-PF-PVC-PTS-Bend | Type= | Level=LEVEL 06 | Name=Standard | System=Other | SizeText=160ø-160ø | Width= | Height= | Diameter=160
ELEMENT | 14090063 | Size='160ø-160ø' | Width='' | Height='' | Diameter='160' | Statuses=NWB_DimWidth:SKIP; NWB_DimHeight:SKIP; NWB_DimDiameter:OK
INFO | Candidate: NWB_DimDiameter | Scope=instance | Storage=String | ReadOnly=False | Shared=True | Id=7626172
INFO | Candidate: NWB_DimDiameter | Scope=instance | Storage=String | ReadOnly=False | Shared=True | Id=13710673
INFO | Found 2 parameters named NWB_DimDiameter
INFO | SELECTED | Shared Parameter | Scope=instance | ReadOnly=False | Id=13710673
INFO | IGNORED (SharedOnly) | Shared Parameter | Scope=instance | ReadOnly=False | Id=7626172
INFO | Element 14090388 | NWB_DimDiameter | Kind=Shared Parameter | Scope=instance | Storage=String | Old='' | New='160'
SOURCE | Element 14090388 | Cat=Pipe Fittings | Family=MHT-ME-FAM-PF-PF-PVC-PTS-Bend | Type= | Level=LEVEL 06 | Name=Standard | System=Other | SizeText=160ø-160ø | Width= | Height= | Diameter=160
ELEMENT | 14090388 | Size='160ø-160ø' | Width='' | Height='' | Diameter='160' | Statuses=NWB_DimWidth:SKIP; NWB_DimHeight:SKIP; NWB_DimDiameter:OK
INFO | Candidate: NWB_DimDiameter | Scope=instance | Storage=String | ReadOnly=False | Shared=True | Id=7626172
INFO | Candidate: NWB_DimDiameter | Scope=instance | Storage=String | ReadOnly=False | Shared=True | Id=13710673
INFO | Found 2 parameters named NWB_DimDiameter
INFO | SELECTED | Shared Parameter | Scope=instance | ReadOnly=False | Id=13710673
INFO | IGNORED (SharedOnly) | Shared Parameter | Scope=instance | ReadOnly=False | Id=7626172
INFO | Element 14090411 | NWB_DimDiameter | Kind=Shared Parameter | Scope=instance | Storage=String | Old='' | New='160'
SOURCE | Element 14090411 | Cat=Pipe Fittings | Family=MHT-ME-FAM-PF-PF-PVC-PTS-Bend | Type= | Level=LEVEL 06 | Name=Standard | System=Other | SizeText=160ø-160ø | Width= | Height= | Diameter=160
ELEMENT | 14090411 | Size='160ø-160ø' | Width='' | Height='' | Diameter='160' | Statuses=NWB_DimWidth:SKIP; NWB_DimHeight:SKIP; NWB_DimDiameter:OK
INFO | Candidate: NWB_DimDiameter | Scope=instance | Storage=String | ReadOnly=False | Shared=True | Id=7626172
INFO | Candidate: NWB_DimDiameter | Scope=instance | Storage=String | ReadOnly=False | Shared=True | Id=13710673
INFO | Found 2 parameters named NWB_DimDiameter
INFO | SELECTED | Shared Parameter | Scope=instance | ReadOnly=False | Id=13710673
INFO | IGNORED (SharedOnly) | Shared Parameter | Scope=instance | ReadOnly=False | Id=7626172
INFO | Element 14090808 | NWB_DimDiameter | Kind=Shared Parameter | Scope=instance | Storage=String | Old='' | New='160'
SOURCE | Element 14090808 | Cat=Pipe Fittings | Family=MHT-ME-FAM-PF-PF-PVC-PTS-Bend | Type= | Level=LEVEL 06 | Name=Standard | System=Other | SizeText=160ø-160ø | Width= | Height= | Diameter=160
ELEMENT | 14090808 | Size='160ø-160ø' | Width='' | Height='' | Diameter='160' | Statuses=NWB_DimWidth:SKIP; NWB_DimHeight:SKIP; NWB_DimDiameter:OK
INFO | Candidate: NWB_DimDiameter | Scope=instance | Storage=String | ReadOnly=False | Shared=True | Id=7626172
INFO | Candidate: NWB_DimDiameter | Scope=instance | Storage=String | ReadOnly=False | Shared=True | Id=13710673
INFO | Found 2 parameters named NWB_DimDiameter
INFO | SELECTED | Shared Parameter | Scope=instance | ReadOnly=False | Id=13710673
INFO | IGNORED (SharedOnly) | Shared Parameter | Scope=instance | ReadOnly=False | Id=7626172
INFO | Element 14090858 | NWB_DimDiameter | Kind=Shared Parameter | Scope=instance | Storage=String | Old='' | New='160'
SOURCE | Element 14090858 | Cat=Pipe Fittings | Family=MHT-ME-FAM-PF-PF-PVC-PTS-Bend | Type= | Level=LEVEL 06 | Name=Standard | System=Other | SizeText=160ø-160ø | Width= | Height= | Diameter=160
ELEMENT | 14090858 | Size='160ø-160ø' | Width='' | Height='' | Diameter='160' | Statuses=NWB_DimWidth:SKIP; NWB_DimHeight:SKIP; NWB_DimDiameter:OK
INFO | Candidate: NWB_DimDiameter | Scope=instance | Storage=String | ReadOnly=False | Shared=True | Id=7626172
INFO | Candidate: NWB_DimDiameter | Scope=instance | Storage=String | ReadOnly=False | Shared=True | Id=13710673
INFO | Found 2 parameters named NWB_DimDiameter
INFO | SELECTED | Shared Parameter | Scope=instance | ReadOnly=False | Id=13710673
INFO | IGNORED (SharedOnly) | Shared Parameter | Scope=instance | ReadOnly=False | Id=7626172
INFO | Element 14090860 | NWB_DimDiameter | Kind=Shared Parameter | Scope=instance | Storage=String | Old='' | New='160'
SOURCE | Element 14090860 | Cat=Pipe Fittings | Family=MHT-ME-FAM-PF-PF-PVC-PTS-Bend | Type= | Level=LEVEL 06 | Name=Standard | System=Other | SizeText=160ø-160ø | Width= | Height= | Diameter=160
ELEMENT | 14090860 | Size='160ø-160ø' | Width='' | Height='' | Diameter='160' | Statuses=NWB_DimWidth:SKIP; NWB_DimHeight:SKIP; NWB_DimDiameter:OK
INFO | Candidate: NWB_DimDiameter | Scope=instance | Storage=String | ReadOnly=False | Shared=True | Id=7626172
INFO | Candidate: NWB_DimDiameter | Scope=instance | Storage=String | ReadOnly=False | Shared=True | Id=13710673
INFO | Found 2 parameters named NWB_DimDiameter
INFO | SELECTED | Shared Parameter | Scope=instance | ReadOnly=False | Id=13710673
INFO | IGNORED (SharedOnly) | Shared Parameter | Scope=instance | ReadOnly=False | Id=7626172
INFO | Element 14090950 | NWB_DimDiameter | Kind=Shared Parameter | Scope=instance | Storage=String | Old='' | New='160'
SOURCE | Element 14090950 | Cat=Pipe Fittings | Family=MHT-ME-FAM-PF-PF-PVC-PTS-Bend | Type= | Level=LEVEL 06 | Name=Standard | System=Other | SizeText=160ø-160ø | Width= | Height= | Diameter=160
ELEMENT | 14090950 | Size='160ø-160ø' | Width='' | Height='' | Diameter='160' | Statuses=NWB_DimWidth:SKIP; NWB_DimHeight:SKIP; NWB_DimDiameter:OK
INFO | Candidate: NWB_DimDiameter | Scope=instance | Storage=String | ReadOnly=False | Shared=True | Id=7626172
INFO | Candidate: NWB_DimDiameter | Scope=instance | Storage=String | ReadOnly=False | Shared=True | Id=13710673
INFO | Found 2 parameters named NWB_DimDiameter
INFO | SELECTED | Shared Parameter | Scope=instance | ReadOnly=False | Id=13710673
INFO | IGNORED (SharedOnly) | Shared Parameter | Scope=instance | ReadOnly=False | Id=7626172
INFO | Element 14090952 | NWB_DimDiameter | Kind=Shared Parameter | Scope=instance | Storage=String | Old='' | New='160'
SOURCE | Element 14090952 | Cat=Pipe Fittings | Family=MHT-ME-FAM-PF-PF-PVC-PTS-Bend | Type= | Level=LEVEL 06 | Name=Standard | System=Other | SizeText=160ø-160ø | Width= | Height= | Diameter=160
ELEMENT | 14090952 | Size='160ø-160ø' | Width='' | Height='' | Diameter='160' | Statuses=NWB_DimWidth:SKIP; NWB_DimHeight:SKIP; NWB_DimDiameter:OK
INFO | Candidate: NWB_DimDiameter | Scope=instance | Storage=String | ReadOnly=False | Shared=True | Id=7626172
INFO | Candidate: NWB_DimDiameter | Scope=instance | Storage=String | ReadOnly=False | Shared=True | Id=13710673
INFO | Found 2 parameters named NWB_DimDiameter
INFO | SELECTED | Shared Parameter | Scope=instance | ReadOnly=False | Id=13710673
INFO | IGNORED (SharedOnly) | Shared Parameter | Scope=instance | ReadOnly=False | Id=7626172
INFO | Element 14090955 | NWB_DimDiameter | Kind=Shared Parameter | Scope=instance | Storage=String | Old='' | New='160'
SOURCE | Element 14090955 | Cat=Pipe Fittings | Family=MHT-ME-FAM-PF-PF-PVC-PTS-Bend | Type= | Level=LEVEL 06 | Name=Standard | System=Other | SizeText=160ø-160ø | Width= | Height= | Diameter=160
ELEMENT | 14090955 | Size='160ø-160ø' | Width='' | Height='' | Diameter='160' | Statuses=NWB_DimWidth:SKIP; NWB_DimHeight:SKIP; NWB_DimDiameter:OK
INFO | Candidate: NWB_DimDiameter | Scope=instance | Storage=String | ReadOnly=False | Shared=True | Id=7626172
INFO | Candidate: NWB_DimDiameter | Scope=instance | Storage=String | ReadOnly=False | Shared=True | Id=13710673
INFO | Found 2 parameters named NWB_DimDiameter
INFO | SELECTED | Shared Parameter | Scope=instance | ReadOnly=False | Id=13710673
INFO | IGNORED (SharedOnly) | Shared Parameter | Scope=instance | ReadOnly=False | Id=7626172
INFO | Element 15615530 | NWB_DimDiameter | Kind=Shared Parameter | Scope=instance | Storage=String | Old='' | New='160'
SOURCE | Element 15615530 | Cat=Pipe Fittings | Family=MHT-ME-FAM-PF-PF-PVC-PTS-Bend | Type= | Level=LEVEL 06 | Name=Standard | System=Other | SizeText=160ø-160ø | Width= | Height= | Diameter=160
ELEMENT | 15615530 | Size='160ø-160ø' | Width='' | Height='' | Diameter='160' | Statuses=NWB_DimWidth:SKIP; NWB_DimHeight:SKIP; NWB_DimDiameter:OK
INFO | Candidate: NWB_DimDiameter | Scope=instance | Storage=String | ReadOnly=False | Shared=True | Id=7626172
INFO | Candidate: NWB_DimDiameter | Scope=instance | Storage=String | ReadOnly=False | Shared=True | Id=13710673
INFO | Found 2 parameters named NWB_DimDiameter
INFO | SELECTED | Shared Parameter | Scope=instance | ReadOnly=False | Id=13710673
INFO | IGNORED (SharedOnly) | Shared Parameter | Scope=instance | ReadOnly=False | Id=7626172
INFO | Element 15615532 | NWB_DimDiameter | Kind=Shared Parameter | Scope=instance | Storage=String | Old='' | New='160'
SOURCE | Element 15615532 | Cat=Pipe Fittings | Family=MHT-ME-FAM-PF-PF-PVC-PTS-Bend | Type= | Level=LEVEL 06 | Name=Standard | System=Other | SizeText=160ø-160ø | Width= | Height= | Diameter=160
ELEMENT | 15615532 | Size='160ø-160ø' | Width='' | Height='' | Diameter='160' | Statuses=NWB_DimWidth:SKIP; NWB_DimHeight:SKIP; NWB_DimDiameter:OK
INFO | Candidate: NWB_DimDiameter | Scope=instance | Storage=String | ReadOnly=False | Shared=True | Id=7626172
INFO | Candidate: NWB_DimDiameter | Scope=instance | Storage=String | ReadOnly=False | Shared=True | Id=13710673
INFO | Found 2 parameters named NWB_DimDiameter
INFO | SELECTED | Shared Parameter | Scope=instance | ReadOnly=False | Id=13710673
INFO | IGNORED (SharedOnly) | Shared Parameter | Scope=instance | ReadOnly=False | Id=7626172
INFO | Element 15615535 | NWB_DimDiameter | Kind=Shared Parameter | Scope=instance | Storage=String | Old='' | New='160'
SOURCE | Element 15615535 | Cat=Pipe Fittings | Family=MHT-ME-FAM-PF-PF-PVC-PTS-Bend | Type= | Level=LEVEL 06 | Name=Standard | System=Other | SizeText=160ø-160ø | Width= | Height= | Diameter=160
ELEMENT | 15615535 | Size='160ø-160ø' | Width='' | Height='' | Diameter='160' | Statuses=NWB_DimWidth:SKIP; NWB_DimHeight:SKIP; NWB_DimDiameter:OK
INFO | Candidate: NWB_DimDiameter | Scope=instance | Storage=String | ReadOnly=False | Shared=True | Id=7626172
INFO | Candidate: NWB_DimDiameter | Scope=instance | Storage=String | ReadOnly=False | Shared=True | Id=13710673
INFO | Found 2 parameters named NWB_DimDiameter
INFO | SELECTED | Shared Parameter | Scope=instance | ReadOnly=False | Id=13710673
INFO | IGNORED (SharedOnly) | Shared Parameter | Scope=instance | ReadOnly=False | Id=7626172
INFO | Element 15615537 | NWB_DimDiameter | Kind=Shared Parameter | Scope=instance | Storage=String | Old='' | New='160'
SOURCE | Element 15615537 | Cat=Pipe Fittings | Family=MHT-ME-FAM-PF-PF-PVC-PTS-Bend | Type= | Level=LEVEL 06 | Name=Standard | System=Other | SizeText=160ø-160ø | Width= | Height= | Diameter=160
ELEMENT | 15615537 | Size='160ø-160ø' | Width='' | Height='' | Diameter='160' | Statuses=NWB_DimWidth:SKIP; NWB_DimHeight:SKIP; NWB_DimDiameter:OK
INFO | Candidate: NWB_DimDiameter | Scope=instance | Storage=String | ReadOnly=False | Shared=True | Id=7626172
INFO | Candidate: NWB_DimDiameter | Scope=instance | Storage=String | ReadOnly=False | Shared=True | Id=13710673
INFO | Found 2 parameters named NWB_DimDiameter
INFO | SELECTED | Shared Parameter | Scope=instance | ReadOnly=False | Id=13710673
INFO | IGNORED (SharedOnly) | Shared Parameter | Scope=instance | ReadOnly=False | Id=7626172
INFO | Element 15615545 | NWB_DimDiameter | Kind=Shared Parameter | Scope=instance | Storage=String | Old='' | New='160'
SOURCE | Element 15615545 | Cat=Pipe Fittings | Family=MHT-ME-FAM-PF-PF-PVC-PTS-Bend | Type= | Level=LEVEL 06 | Name=Standard | System=Other | SizeText=160ø-160ø | Width= | Height= | Diameter=160
ELEMENT | 15615545 | Size='160ø-160ø' | Width='' | Height='' | Diameter='160' | Statuses=NWB_DimWidth:SKIP; NWB_DimHeight:SKIP; NWB_DimDiameter:OK
INFO | Candidate: NWB_DimDiameter | Scope=instance | Storage=String | ReadOnly=False | Shared=True | Id=7626172
INFO | Candidate: NWB_DimDiameter | Scope=instance | Storage=String | ReadOnly=False | Shared=True | Id=13710673
INFO | Found 2 parameters named NWB_DimDiameter
INFO | SELECTED | Shared Parameter | Scope=instance | ReadOnly=False | Id=13710673
INFO | IGNORED (SharedOnly) | Shared Parameter | Scope=instance | ReadOnly=False | Id=7626172
INFO | Element 15615547 | NWB_DimDiameter | Kind=Shared Parameter | Scope=instance | Storage=String | Old='' | New='160'
SOURCE | Element 15615547 | Cat=Pipe Fittings | Family=MHT-ME-FAM-PF-PF-PVC-PTS-Bend | Type= | Level=LEVEL 06 | Name=Standard | System=Other | SizeText=160ø-160ø | Width= | Height= | Diameter=160
ELEMENT | 15615547 | Size='160ø-160ø' | Width='' | Height='' | Diameter='160' | Statuses=NWB_DimWidth:SKIP; NWB_DimHeight:SKIP; NWB_DimDiameter:OK
INFO | Candidate: NWB_DimDiameter | Scope=instance | Storage=String | ReadOnly=False | Shared=True | Id=7626172
INFO | Candidate: NWB_DimDiameter | Scope=instance | Storage=String | ReadOnly=False | Shared=True | Id=13710673
INFO | Found 2 parameters named NWB_DimDiameter
INFO | SELECTED | Shared Parameter | Scope=instance | ReadOnly=False | Id=13710673
INFO | IGNORED (SharedOnly) | Shared Parameter | Scope=instance | ReadOnly=False | Id=7626172
INFO | Element 15615550 | NWB_DimDiameter | Kind=Shared Parameter | Scope=instance | Storage=String | Old='' | New='160'
SOURCE | Element 15615550 | Cat=Pipe Fittings | Family=MHT-ME-FAM-PF-PF-PVC-PTS-Bend | Type= | Level=LEVEL 06 | Name=Standard | System=Other | SizeText=160ø-160ø | Width= | Height= | Diameter=160
ELEMENT | 15615550 | Size='160ø-160ø' | Width='' | Height='' | Diameter='160' | Statuses=NWB_DimWidth:SKIP; NWB_DimHeight:SKIP; NWB_DimDiameter:OK
INFO | Candidate: NWB_DimDiameter | Scope=instance | Storage=String | ReadOnly=False | Shared=True | Id=7626172
INFO | Candidate: NWB_DimDiameter | Scope=instance | Storage=String | ReadOnly=False | Shared=True | Id=13710673
INFO | Found 2 parameters named NWB_DimDiameter
INFO | SELECTED | Shared Parameter | Scope=instance | ReadOnly=False | Id=13710673
INFO | IGNORED (SharedOnly) | Shared Parameter | Scope=instance | ReadOnly=False | Id=7626172
INFO | Element 15615801 | NWB_DimDiameter | Kind=Shared Parameter | Scope=instance | Storage=String | Old='' | New='160'
SOURCE | Element 15615801 | Cat=Pipe Fittings | Family=MHT-ME-FAM-PF-PF-PVC-PTS-Bend | Type= | Level=LEVEL 06 | Name=Standard | System=Other | SizeText=160ø-160ø | Width= | Height= | Diameter=160
ELEMENT | 15615801 | Size='160ø-160ø' | Width='' | Height='' | Diameter='160' | Statuses=NWB_DimWidth:SKIP; NWB_DimHeight:SKIP; NWB_DimDiameter:OK
INFO | Candidate: NWB_DimDiameter | Scope=instance | Storage=String | ReadOnly=False | Shared=True | Id=7626172
INFO | Candidate: NWB_DimDiameter | Scope=instance | Storage=String | ReadOnly=False | Shared=True | Id=13710673
INFO | Found 2 parameters named NWB_DimDiameter
INFO | SELECTED | Shared Parameter | Scope=instance | ReadOnly=False | Id=13710673
INFO | IGNORED (SharedOnly) | Shared Parameter | Scope=instance | ReadOnly=False | Id=7626172
INFO | Element 15615858 | NWB_DimDiameter | Kind=Shared Parameter | Scope=instance | Storage=String | Old='' | New='160'
SOURCE | Element 15615858 | Cat=Pipe Fittings | Family=MHT-ME-FAM-PF-PF-PVC-PTS-Bend | Type= | Level=LEVEL 06 | Name=Standard | System=Other | SizeText=160ø-160ø | Width= | Height= | Diameter=160
ELEMENT | 15615858 | Size='160ø-160ø' | Width='' | Height='' | Diameter='160' | Statuses=NWB_DimWidth:SKIP; NWB_DimHeight:SKIP; NWB_DimDiameter:OK
INFO | Candidate: NWB_DimDiameter | Scope=instance | Storage=String | ReadOnly=False | Shared=True | Id=7626172
INFO | Candidate: NWB_DimDiameter | Scope=instance | Storage=String | ReadOnly=False | Shared=True | Id=13710673
INFO | Found 2 parameters named NWB_DimDiameter
INFO | SELECTED | Shared Parameter | Scope=instance | ReadOnly=False | Id=13710673
INFO | IGNORED (SharedOnly) | Shared Parameter | Scope=instance | ReadOnly=False | Id=7626172
INFO | Element 15615860 | NWB_DimDiameter | Kind=Shared Parameter | Scope=instance | Storage=String | Old='' | New='160'
SOURCE | Element 15615860 | Cat=Pipe Fittings | Family=MHT-ME-FAM-PF-PF-PVC-PTS-Bend | Type= | Level=LEVEL 06 | Name=Standard | System=Other | SizeText=160ø-160ø | Width= | Height= | Diameter=160
ELEMENT | 15615860 | Size='160ø-160ø' | Width='' | Height='' | Diameter='160' | Statuses=NWB_DimWidth:SKIP; NWB_DimHeight:SKIP; NWB_DimDiameter:OK
INFO | Candidate: NWB_DimDiameter | Scope=instance | Storage=String | ReadOnly=False | Shared=True | Id=7626172
INFO | Candidate: NWB_DimDiameter | Scope=instance | Storage=String | ReadOnly=False | Shared=True | Id=13710673
INFO | Found 2 parameters named NWB_DimDiameter
INFO | SELECTED | Shared Parameter | Scope=instance | ReadOnly=False | Id=13710673
INFO | IGNORED (SharedOnly) | Shared Parameter | Scope=instance | ReadOnly=False | Id=7626172
INFO | Element 15975986 | NWB_DimDiameter | Kind=Shared Parameter | Scope=instance | Storage=String | Old='' | New='160'
SOURCE | Element 15975986 | Cat=Pipe Fittings | Family=MHT-ME-FAM-PF-PF-PVC-PTS-Bend | Type= | Level=LEVEL 06 | Name=Standard | System=Other | SizeText=160ø-160ø | Width= | Height= | Diameter=160
ELEMENT | 15975986 | Size='160ø-160ø' | Width='' | Height='' | Diameter='160' | Statuses=NWB_DimWidth:SKIP; NWB_DimHeight:SKIP; NWB_DimDiameter:OK
INFO | Candidate: NWB_DimDiameter | Scope=instance | Storage=String | ReadOnly=False | Shared=True | Id=7626172
INFO | Candidate: NWB_DimDiameter | Scope=instance | Storage=String | ReadOnly=False | Shared=True | Id=13710673
INFO | Found 2 parameters named NWB_DimDiameter
INFO | SELECTED | Shared Parameter | Scope=instance | ReadOnly=False | Id=13710673
INFO | IGNORED (SharedOnly) | Shared Parameter | Scope=instance | ReadOnly=False | Id=7626172
INFO | Element 15976232 | NWB_DimDiameter | Kind=Shared Parameter | Scope=instance | Storage=String | Old='' | New='160'
SOURCE | Element 15976232 | Cat=Pipe Fittings | Family=MHT-ME-FAM-PF-PF-PVC-PTS-Bend | Type= | Level=LEVEL 06 | Name=Standard | System=Hydronic Supply | SizeText=160ø-160ø | Width= | Height= | Diameter=160
ELEMENT | 15976232 | Size='160ø-160ø' | Width='' | Height='' | Diameter='160' | Statuses=NWB_DimWidth:SKIP; NWB_DimHeight:SKIP; NWB_DimDiameter:OK
INFO | Candidate: NWB_DimDiameter | Scope=instance | Storage=String | ReadOnly=False | Shared=True | Id=7626172
INFO | Candidate: NWB_DimDiameter | Scope=instance | Storage=String | ReadOnly=False | Shared=True | Id=13710673
INFO | Found 2 parameters named NWB_DimDiameter
INFO | SELECTED | Shared Parameter | Scope=instance | ReadOnly=False | Id=13710673
INFO | IGNORED (SharedOnly) | Shared Parameter | Scope=instance | ReadOnly=False | Id=7626172
INFO | Element 15976346 | NWB_DimDiameter | Kind=Shared Parameter | Scope=instance | Storage=String | Old='' | New='160'
SOURCE | Element 15976346 | Cat=Pipe Fittings | Family=MHT-ME-FAM-PF-PF-PVC-PTS-Bend | Type= | Level=LEVEL 06 | Name=Standard | System=Other | SizeText=160ø-160ø | Width= | Height= | Diameter=160
ELEMENT | 15976346 | Size='160ø-160ø' | Width='' | Height='' | Diameter='160' | Statuses=NWB_DimWidth:SKIP; NWB_DimHeight:SKIP; NWB_DimDiameter:OK
INFO | Candidate: NWB_DimDiameter | Scope=instance | Storage=String | ReadOnly=False | Shared=True | Id=7626172
INFO | Candidate: NWB_DimDiameter | Scope=instance | Storage=String | ReadOnly=False | Shared=True | Id=13710673
INFO | Found 2 parameters named NWB_DimDiameter
INFO | SELECTED | Shared Parameter | Scope=instance | ReadOnly=False | Id=13710673
INFO | IGNORED (SharedOnly) | Shared Parameter | Scope=instance | ReadOnly=False | Id=7626172
INFO | Element 15976369 | NWB_DimDiameter | Kind=Shared Parameter | Scope=instance | Storage=String | Old='' | New='160'
SOURCE | Element 15976369 | Cat=Pipe Fittings | Family=MHT-ME-FAM-PF-PF-PVC-PTS-Bend | Type= | Level=LEVEL 06 | Name=Standard | System=Other | SizeText=160ø-160ø | Width= | Height= | Diameter=160
ELEMENT | 15976369 | Size='160ø-160ø' | Width='' | Height='' | Diameter='160' | Statuses=NWB_DimWidth:SKIP; NWB_DimHeight:SKIP; NWB_DimDiameter:OK
INFO | Candidate: NWB_DimDiameter | Scope=instance | Storage=String | ReadOnly=False | Shared=True | Id=7626172
INFO | Candidate: NWB_DimDiameter | Scope=instance | Storage=String | ReadOnly=False | Shared=True | Id=13710673
INFO | Found 2 parameters named NWB_DimDiameter
INFO | SELECTED | Shared Parameter | Scope=instance | ReadOnly=False | Id=13710673
INFO | IGNORED (SharedOnly) | Shared Parameter | Scope=instance | ReadOnly=False | Id=7626172
INFO | Element 15976371 | NWB_DimDiameter | Kind=Shared Parameter | Scope=instance | Storage=String | Old='' | New='160'
SOURCE | Element 15976371 | Cat=Pipe Fittings | Family=MHT-ME-FAM-PF-PF-PVC-PTS-Bend | Type= | Level=LEVEL 06 | Name=Standard | System=Other | SizeText=160ø-160ø | Width= | Height= | Diameter=160
ELEMENT | 15976371 | Size='160ø-160ø' | Width='' | Height='' | Diameter='160' | Statuses=NWB_DimWidth:SKIP; NWB_DimHeight:SKIP; NWB_DimDiameter:OK
INFO | Candidate: NWB_DimDiameter | Scope=instance | Storage=String | ReadOnly=False | Shared=True | Id=7626172
INFO | Candidate: NWB_DimDiameter | Scope=instance | Storage=String | ReadOnly=False | Shared=True | Id=13710673
INFO | Found 2 parameters named NWB_DimDiameter
INFO | SELECTED | Shared Parameter | Scope=instance | ReadOnly=False | Id=13710673
INFO | IGNORED (SharedOnly) | Shared Parameter | Scope=instance | ReadOnly=False | Id=7626172
INFO | Element 15976373 | NWB_DimDiameter | Kind=Shared Parameter | Scope=instance | Storage=String | Old='' | New='160'
SOURCE | Element 15976373 | Cat=Pipe Fittings | Family=MHT-ME-FAM-PF-PF-PVC-PTS-Bend | Type= | Level=LEVEL 06 | Name=Standard | System=Other | SizeText=160ø-160ø | Width= | Height= | Diameter=160
ELEMENT | 15976373 | Size='160ø-160ø' | Width='' | Height='' | Diameter='160' | Statuses=NWB_DimWidth:SKIP; NWB_DimHeight:SKIP; NWB_DimDiameter:OK
INFO | Candidate: NWB_DimDiameter | Scope=instance | Storage=String | ReadOnly=False | Shared=True | Id=7626172
INFO | Candidate: NWB_DimDiameter | Scope=instance | Storage=String | ReadOnly=False | Shared=True | Id=13710673
INFO | Found 2 parameters named NWB_DimDiameter
INFO | SELECTED | Shared Parameter | Scope=instance | ReadOnly=False | Id=13710673
INFO | IGNORED (SharedOnly) | Shared Parameter | Scope=instance | ReadOnly=False | Id=7626172
INFO | Element 15976375 | NWB_DimDiameter | Kind=Shared Parameter | Scope=instance | Storage=String | Old='' | New='160'
SOURCE | Element 15976375 | Cat=Pipe Fittings | Family=MHT-ME-FAM-PF-PF-PVC-PTS-Bend | Type= | Level=LEVEL 06 | Name=Standard | System=Other | SizeText=160ø-160ø | Width= | Height= | Diameter=160
ELEMENT | 15976375 | Size='160ø-160ø' | Width='' | Height='' | Diameter='160' | Statuses=NWB_DimWidth:SKIP; NWB_DimHeight:SKIP; NWB_DimDiameter:OK
INFO | Candidate: NWB_DimDiameter | Scope=instance | Storage=String | ReadOnly=False | Shared=True | Id=7626172
INFO | Candidate: NWB_DimDiameter | Scope=instance | Storage=String | ReadOnly=False | Shared=True | Id=13710673
INFO | Found 2 parameters named NWB_DimDiameter
INFO | SELECTED | Shared Parameter | Scope=instance | ReadOnly=False | Id=13710673
INFO | IGNORED (SharedOnly) | Shared Parameter | Scope=instance | ReadOnly=False | Id=7626172
INFO | Element 16718041 | NWB_DimDiameter | Kind=Shared Parameter | Scope=instance | Storage=String | Old='' | New='160'
SOURCE | Element 16718041 | Cat=Pipe Fittings | Family=MHT-ME-FAM-PF-PF-PVC-PTS-Bend | Type= | Level=GROUND | Name=Standard | System=Other | SizeText=160ø-160ø | Width= | Height= | Diameter=160
ELEMENT | 16718041 | Size='160ø-160ø' | Width='' | Height='' | Diameter='160' | Statuses=NWB_DimWidth:SKIP; NWB_DimHeight:SKIP; NWB_DimDiameter:OK
INFO | Candidate: NWB_DimDiameter | Scope=instance | Storage=String | ReadOnly=False | Shared=True | Id=7626172
INFO | Candidate: NWB_DimDiameter | Scope=instance | Storage=String | ReadOnly=False | Shared=True | Id=13710673
INFO | Found 2 parameters named NWB_DimDiameter
INFO | SELECTED | Shared Parameter | Scope=instance | ReadOnly=False | Id=13710673
INFO | IGNORED (SharedOnly) | Shared Parameter | Scope=instance | ReadOnly=False | Id=7626172
INFO | Element 16718198 | NWB_DimDiameter | Kind=Shared Parameter | Scope=instance | Storage=String | Old='' | New='160'
SOURCE | Element 16718198 | Cat=Pipe Fittings | Family=MHT-ME-FAM-PF-PF-PVC-PTS-Bend | Type= | Level=LEVEL 01 | Name=Standard | System=Other | SizeText=160ø-160ø | Width= | Height= | Diameter=160
ELEMENT | 16718198 | Size='160ø-160ø' | Width='' | Height='' | Diameter='160' | Statuses=NWB_DimWidth:SKIP; NWB_DimHeight:SKIP; NWB_DimDiameter:OK
INFO | Candidate: NWB_DimDiameter | Scope=instance | Storage=String | ReadOnly=False | Shared=True | Id=7626172
INFO | Candidate: NWB_DimDiameter | Scope=instance | Storage=String | ReadOnly=False | Shared=True | Id=13710673
INFO | Found 2 parameters named NWB_DimDiameter
INFO | SELECTED | Shared Parameter | Scope=instance | ReadOnly=False | Id=13710673
INFO | IGNORED (SharedOnly) | Shared Parameter | Scope=instance | ReadOnly=False | Id=7626172
INFO | Element 16718200 | NWB_DimDiameter | Kind=Shared Parameter | Scope=instance | Storage=String | Old='' | New='160'
SOURCE | Element 16718200 | Cat=Pipe Fittings | Family=MHT-ME-FAM-PF-PF-PVC-PTS-Bend | Type= | Level=LEVEL 01 | Name=Standard | System=Other | SizeText=160ø-160ø | Width= | Height= | Diameter=160
ELEMENT | 16718200 | Size='160ø-160ø' | Width='' | Height='' | Diameter='160' | Statuses=NWB_DimWidth:SKIP; NWB_DimHeight:SKIP; NWB_DimDiameter:OK
INFO | Candidate: NWB_DimDiameter | Scope=instance | Storage=String | ReadOnly=False | Shared=True | Id=7626172
INFO | Candidate: NWB_DimDiameter | Scope=instance | Storage=String | ReadOnly=False | Shared=True | Id=13710673
INFO | Found 2 parameters named NWB_DimDiameter
INFO | SELECTED | Shared Parameter | Scope=instance | ReadOnly=False | Id=13710673
INFO | IGNORED (SharedOnly) | Shared Parameter | Scope=instance | ReadOnly=False | Id=7626172
INFO | Element 16721703 | NWB_DimDiameter | Kind=Shared Parameter | Scope=instance | Storage=String | Old='' | New='160'
SOURCE | Element 16721703 | Cat=Pipe Fittings | Family=MHT-ME-FAM-PF-PF-PVC-PTS-Bend | Type= | Level=LEVEL 03 | Name=Standard | System=Other | SizeText=160ø-160ø | Width= | Height= | Diameter=160
ELEMENT | 16721703 | Size='160ø-160ø' | Width='' | Height='' | Diameter='160' | Statuses=NWB_DimWidth:SKIP; NWB_DimHeight:SKIP; NWB_DimDiameter:OK
INFO | Candidate: NWB_DimDiameter | Scope=instance | Storage=String | ReadOnly=False | Shared=True | Id=7626172
INFO | Candidate: NWB_DimDiameter | Scope=instance | Storage=String | ReadOnly=False | Shared=True | Id=13710673
INFO | Found 2 parameters named NWB_DimDiameter
INFO | SELECTED | Shared Parameter | Scope=instance | ReadOnly=False | Id=13710673
INFO | IGNORED (SharedOnly) | Shared Parameter | Scope=instance | ReadOnly=False | Id=7626172
INFO | Element 16721705 | NWB_DimDiameter | Kind=Shared Parameter | Scope=instance | Storage=String | Old='' | New='160'
SOURCE | Element 16721705 | Cat=Pipe Fittings | Family=MHT-ME-FAM-PF-PF-PVC-PTS-Bend | Type= | Level=LEVEL 03 | Name=Standard | System=Other | SizeText=160ø-160ø | Width= | Height= | Diameter=160
ELEMENT | 16721705 | Size='160ø-160ø' | Width='' | Height='' | Diameter='160' | Statuses=NWB_DimWidth:SKIP; NWB_DimHeight:SKIP; NWB_DimDiameter:OK
INFO | Candidate: NWB_DimDiameter | Scope=instance | Storage=String | ReadOnly=False | Shared=True | Id=7626172
INFO | Candidate: NWB_DimDiameter | Scope=instance | Storage=String | ReadOnly=False | Shared=True | Id=13710673
INFO | Found 2 parameters named NWB_DimDiameter
INFO | SELECTED | Shared Parameter | Scope=instance | ReadOnly=False | Id=13710673
INFO | IGNORED (SharedOnly) | Shared Parameter | Scope=instance | ReadOnly=False | Id=7626172
INFO | Element 16721782 | NWB_DimDiameter | Kind=Shared Parameter | Scope=instance | Storage=String | Old='' | New='160'
SOURCE | Element 16721782 | Cat=Pipe Fittings | Family=MHT-ME-FAM-PF-PF-PVC-PTS-Bend | Type= | Level=LEVEL 04 | Name=Standard | System=Other | SizeText=160ø-160ø | Width= | Height= | Diameter=160
ELEMENT | 16721782 | Size='160ø-160ø' | Width='' | Height='' | Diameter='160' | Statuses=NWB_DimWidth:SKIP; NWB_DimHeight:SKIP; NWB_DimDiameter:OK
INFO | Candidate: NWB_DimDiameter | Scope=instance | Storage=String | ReadOnly=False | Shared=True | Id=7626172
INFO | Candidate: NWB_DimDiameter | Scope=instance | Storage=String | ReadOnly=False | Shared=True | Id=13710673
INFO | Found 2 parameters named NWB_DimDiameter
INFO | SELECTED | Shared Parameter | Scope=instance | ReadOnly=False | Id=13710673
INFO | IGNORED (SharedOnly) | Shared Parameter | Scope=instance | ReadOnly=False | Id=7626172
INFO | Element 16721784 | NWB_DimDiameter | Kind=Shared Parameter | Scope=instance | Storage=String | Old='' | New='160'
SOURCE | Element 16721784 | Cat=Pipe Fittings | Family=MHT-ME-FAM-PF-PF-PVC-PTS-Bend | Type= | Level=LEVEL 04 | Name=Standard | System=Other | SizeText=160ø-160ø | Width= | Height= | Diameter=160
ELEMENT | 16721784 | Size='160ø-160ø' | Width='' | Height='' | Diameter='160' | Statuses=NWB_DimWidth:SKIP; NWB_DimHeight:SKIP; NWB_DimDiameter:OK
INFO | Candidate: NWB_DimDiameter | Scope=instance | Storage=String | ReadOnly=False | Shared=True | Id=7626172
INFO | Candidate: NWB_DimDiameter | Scope=instance | Storage=String | ReadOnly=False | Shared=True | Id=13710673
INFO | Found 2 parameters named NWB_DimDiameter
INFO | SELECTED | Shared Parameter | Scope=instance | ReadOnly=False | Id=13710673
INFO | IGNORED (SharedOnly) | Shared Parameter | Scope=instance | ReadOnly=False | Id=7626172
INFO | Element 16721786 | NWB_DimDiameter | Kind=Shared Parameter | Scope=instance | Storage=String | Old='' | New='160'
SOURCE | Element 16721786 | Cat=Pipe Fittings | Family=MHT-ME-FAM-PF-PF-PVC-PTS-Bend | Type= | Level=LEVEL 04 | Name=Standard | System=Other | SizeText=160ø-160ø | Width= | Height= | Diameter=160
ELEMENT | 16721786 | Size='160ø-160ø' | Width='' | Height='' | Diameter='160' | Statuses=NWB_DimWidth:SKIP; NWB_DimHeight:SKIP; NWB_DimDiameter:OK
INFO | Candidate: NWB_DimDiameter | Scope=instance | Storage=String | ReadOnly=False | Shared=True | Id=7626172
INFO | Candidate: NWB_DimDiameter | Scope=instance | Storage=String | ReadOnly=False | Shared=True | Id=13710673
INFO | Found 2 parameters named NWB_DimDiameter
INFO | SELECTED | Shared Parameter | Scope=instance | ReadOnly=False | Id=13710673
INFO | IGNORED (SharedOnly) | Shared Parameter | Scope=instance | ReadOnly=False | Id=7626172
INFO | Element 16721924 | NWB_DimDiameter | Kind=Shared Parameter | Scope=instance | Storage=String | Old='' | New='160'
SOURCE | Element 16721924 | Cat=Pipe Fittings | Family=MHT-ME-FAM-PF-PF-PVC-PTS-Bend | Type= | Level=LEVEL 04 | Name=Standard | System=Other | SizeText=160ø-160ø | Width= | Height= | Diameter=160
ELEMENT | 16721924 | Size='160ø-160ø' | Width='' | Height='' | Diameter='160' | Statuses=NWB_DimWidth:SKIP; NWB_DimHeight:SKIP; NWB_DimDiameter:OK
INFO | Candidate: NWB_DimDiameter | Scope=instance | Storage=String | ReadOnly=False | Shared=True | Id=7626172
INFO | Candidate: NWB_DimDiameter | Scope=instance | Storage=String | ReadOnly=False | Shared=True | Id=13710673
INFO | Found 2 parameters named NWB_DimDiameter
INFO | SELECTED | Shared Parameter | Scope=instance | ReadOnly=False | Id=13710673
INFO | IGNORED (SharedOnly) | Shared Parameter | Scope=instance | ReadOnly=False | Id=7626172
INFO | Element 16721926 | NWB_DimDiameter | Kind=Shared Parameter | Scope=instance | Storage=String | Old='' | New='160'
SOURCE | Element 16721926 | Cat=Pipe Fittings | Family=MHT-ME-FAM-PF-PF-PVC-PTS-Bend | Type= | Level=LEVEL 04 | Name=Standard | System=Other | SizeText=160ø-160ø | Width= | Height= | Diameter=160
ELEMENT | 16721926 | Size='160ø-160ø' | Width='' | Height='' | Diameter='160' | Statuses=NWB_DimWidth:SKIP; NWB_DimHeight:SKIP; NWB_DimDiameter:OK
INFO | Candidate: NWB_DimDiameter | Scope=instance | Storage=String | ReadOnly=False | Shared=True | Id=7626172
INFO | Candidate: NWB_DimDiameter | Scope=instance | Storage=String | ReadOnly=False | Shared=True | Id=13710673
INFO | Found 2 parameters named NWB_DimDiameter
INFO | SELECTED | Shared Parameter | Scope=instance | ReadOnly=False | Id=13710673
INFO | IGNORED (SharedOnly) | Shared Parameter | Scope=instance | ReadOnly=False | Id=7626172
INFO | Element 16721999 | NWB_DimDiameter | Kind=Shared Parameter | Scope=instance | Storage=String | Old='' | New='160'
SOURCE | Element 16721999 | Cat=Pipe Fittings | Family=MHT-ME-FAM-PF-PF-PVC-PTS-Bend | Type= | Level=LEVEL 04 | Name=Standard | System=Other | SizeText=160ø-160ø | Width= | Height= | Diameter=160
ELEMENT | 16721999 | Size='160ø-160ø' | Width='' | Height='' | Diameter='160' | Statuses=NWB_DimWidth:SKIP; NWB_DimHeight:SKIP; NWB_DimDiameter:OK
INFO | Candidate: NWB_DimDiameter | Scope=instance | Storage=String | ReadOnly=False | Shared=True | Id=7626172
INFO | Candidate: NWB_DimDiameter | Scope=instance | Storage=String | ReadOnly=False | Shared=True | Id=13710673
INFO | Found 2 parameters named NWB_DimDiameter
INFO | SELECTED | Shared Parameter | Scope=instance | ReadOnly=False | Id=13710673
INFO | IGNORED (SharedOnly) | Shared Parameter | Scope=instance | ReadOnly=False | Id=7626172
INFO | Element 16722061 | NWB_DimDiameter | Kind=Shared Parameter | Scope=instance | Storage=String | Old='' | New='160'
SOURCE | Element 16722061 | Cat=Pipe Fittings | Family=MHT-ME-FAM-PF-PF-PVC-PTS-Bend | Type= | Level=LEVEL 04 | Name=Standard | System=Other | SizeText=160ø-160ø | Width= | Height= | Diameter=160
ELEMENT | 16722061 | Size='160ø-160ø' | Width='' | Height='' | Diameter='160' | Statuses=NWB_DimWidth:SKIP; NWB_DimHeight:SKIP; NWB_DimDiameter:OK
INFO | Candidate: NWB_DimDiameter | Scope=instance | Storage=String | ReadOnly=False | Shared=True | Id=7626172
INFO | Candidate: NWB_DimDiameter | Scope=instance | Storage=String | ReadOnly=False | Shared=True | Id=13710673
INFO | Found 2 parameters named NWB_DimDiameter
INFO | SELECTED | Shared Parameter | Scope=instance | ReadOnly=False | Id=13710673
INFO | IGNORED (SharedOnly) | Shared Parameter | Scope=instance | ReadOnly=False | Id=7626172
INFO | Element 16722063 | NWB_DimDiameter | Kind=Shared Parameter | Scope=instance | Storage=String | Old='' | New='160'
SOURCE | Element 16722063 | Cat=Pipe Fittings | Family=MHT-ME-FAM-PF-PF-PVC-PTS-Bend | Type= | Level=LEVEL 04 | Name=Standard | System=Other | SizeText=160ø-160ø | Width= | Height= | Diameter=160
ELEMENT | 16722063 | Size='160ø-160ø' | Width='' | Height='' | Diameter='160' | Statuses=NWB_DimWidth:SKIP; NWB_DimHeight:SKIP; NWB_DimDiameter:OK
INFO | Candidate: NWB_DimDiameter | Scope=instance | Storage=String | ReadOnly=False | Shared=True | Id=7626172
INFO | Candidate: NWB_DimDiameter | Scope=instance | Storage=String | ReadOnly=False | Shared=True | Id=13710673
INFO | Found 2 parameters named NWB_DimDiameter
INFO | SELECTED | Shared Parameter | Scope=instance | ReadOnly=False | Id=13710673
INFO | IGNORED (SharedOnly) | Shared Parameter | Scope=instance | ReadOnly=False | Id=7626172
INFO | Element 16722098 | NWB_DimDiameter | Kind=Shared Parameter | Scope=instance | Storage=String | Old='' | New='160'
SOURCE | Element 16722098 | Cat=Pipe Fittings | Family=MHT-ME-FAM-PF-PF-PVC-PTS-Bend | Type= | Level=LEVEL 05 | Name=Standard | System=Other | SizeText=160ø-160ø | Width= | Height= | Diameter=160
ELEMENT | 16722098 | Size='160ø-160ø' | Width='' | Height='' | Diameter='160' | Statuses=NWB_DimWidth:SKIP; NWB_DimHeight:SKIP; NWB_DimDiameter:OK
INFO | Candidate: NWB_DimDiameter | Scope=instance | Storage=String | ReadOnly=False | Shared=True | Id=7626172
INFO | Candidate: NWB_DimDiameter | Scope=instance | Storage=String | ReadOnly=False | Shared=True | Id=13710673
INFO | Found 2 parameters named NWB_DimDiameter
INFO | SELECTED | Shared Parameter | Scope=instance | ReadOnly=False | Id=13710673
INFO | IGNORED (SharedOnly) | Shared Parameter | Scope=instance | ReadOnly=False | Id=7626172
INFO | Element 16722100 | NWB_DimDiameter | Kind=Shared Parameter | Scope=instance | Storage=String | Old='' | New='160'
SOURCE | Element 16722100 | Cat=Pipe Fittings | Family=MHT-ME-FAM-PF-PF-PVC-PTS-Bend | Type= | Level=LEVEL 05 | Name=Standard | System=Other | SizeText=160ø-160ø | Width= | Height= | Diameter=160
ELEMENT | 16722100 | Size='160ø-160ø' | Width='' | Height='' | Diameter='160' | Statuses=NWB_DimWidth:SKIP; NWB_DimHeight:SKIP; NWB_DimDiameter:OK
INFO | Candidate: NWB_DimDiameter | Scope=instance | Storage=String | ReadOnly=False | Shared=True | Id=7626172
INFO | Candidate: NWB_DimDiameter | Scope=instance | Storage=String | ReadOnly=False | Shared=True | Id=13710673
INFO | Found 2 parameters named NWB_DimDiameter
INFO | SELECTED | Shared Parameter | Scope=instance | ReadOnly=False | Id=13710673
INFO | IGNORED (SharedOnly) | Shared Parameter | Scope=instance | ReadOnly=False | Id=7626172
INFO | Element 16722127 | NWB_DimDiameter | Kind=Shared Parameter | Scope=instance | Storage=String | Old='' | New='160'
SOURCE | Element 16722127 | Cat=Pipe Fittings | Family=MHT-ME-FAM-PF-PF-PVC-PTS-Bend | Type= | Level=LEVEL 06 | Name=Standard | System=Other | SizeText=160ø-160ø | Width= | Height= | Diameter=160
ELEMENT | 16722127 | Size='160ø-160ø' | Width='' | Height='' | Diameter='160' | Statuses=NWB_DimWidth:SKIP; NWB_DimHeight:SKIP; NWB_DimDiameter:OK
INFO | Candidate: NWB_DimDiameter | Scope=instance | Storage=String | ReadOnly=False | Shared=True | Id=7626172
INFO | Candidate: NWB_DimDiameter | Scope=instance | Storage=String | ReadOnly=False | Shared=True | Id=13710673
INFO | Found 2 parameters named NWB_DimDiameter
INFO | SELECTED | Shared Parameter | Scope=instance | ReadOnly=False | Id=13710673
INFO | IGNORED (SharedOnly) | Shared Parameter | Scope=instance | ReadOnly=False | Id=7626172
INFO | Element 16939006 | NWB_DimDiameter | Kind=Shared Parameter | Scope=instance | Storage=String | Old='' | New='160'
SOURCE | Element 16939006 | Cat=Pipe Fittings | Family=MHT-ME-FAM-PF-PF-PVC-PTS-Bend | Type= | Level=GROUND | Name=Standard | System=Other | SizeText=160ø-160ø | Width= | Height= | Diameter=160
ELEMENT | 16939006 | Size='160ø-160ø' | Width='' | Height='' | Diameter='160' | Statuses=NWB_DimWidth:SKIP; NWB_DimHeight:SKIP; NWB_DimDiameter:OK
INFO | Candidate: NWB_DimDiameter | Scope=instance | Storage=String | ReadOnly=False | Shared=True | Id=7626172
INFO | Candidate: NWB_DimDiameter | Scope=instance | Storage=String | ReadOnly=False | Shared=True | Id=13710673
INFO | Found 2 parameters named NWB_DimDiameter
INFO | SELECTED | Shared Parameter | Scope=instance | ReadOnly=False | Id=13710673
INFO | IGNORED (SharedOnly) | Shared Parameter | Scope=instance | ReadOnly=False | Id=7626172
INFO | Element 16939013 | NWB_DimDiameter | Kind=Shared Parameter | Scope=instance | Storage=String | Old='' | New='160'
SOURCE | Element 16939013 | Cat=Pipe Fittings | Family=MHT-ME-FAM-PF-PF-PVC-PTS-Bend | Type= | Level=GROUND | Name=Standard | System=Other | SizeText=160ø-160ø | Width= | Height= | Diameter=160
ELEMENT | 16939013 | Size='160ø-160ø' | Width='' | Height='' | Diameter='160' | Statuses=NWB_DimWidth:SKIP; NWB_DimHeight:SKIP; NWB_DimDiameter:OK
INFO | Candidate: NWB_DimDiameter | Scope=instance | Storage=String | ReadOnly=False | Shared=True | Id=7626172
INFO | Candidate: NWB_DimDiameter | Scope=instance | Storage=String | ReadOnly=False | Shared=True | Id=13710673
INFO | Found 2 parameters named NWB_DimDiameter
INFO | SELECTED | Shared Parameter | Scope=instance | ReadOnly=False | Id=13710673
INFO | IGNORED (SharedOnly) | Shared Parameter | Scope=instance | ReadOnly=False | Id=7626172
INFO | Element 16939016 | NWB_DimDiameter | Kind=Shared Parameter | Scope=instance | Storage=String | Old='' | New='160'
SOURCE | Element 16939016 | Cat=Pipe Fittings | Family=MHT-ME-FAM-PF-PF-PVC-PTS-Bend | Type= | Level=GROUND | Name=Standard | System=Other | SizeText=160ø-160ø | Width= | Height= | Diameter=160
ELEMENT | 16939016 | Size='160ø-160ø' | Width='' | Height='' | Diameter='160' | Statuses=NWB_DimWidth:SKIP; NWB_DimHeight:SKIP; NWB_DimDiameter:OK
INFO | Candidate: NWB_DimDiameter | Scope=instance | Storage=String | ReadOnly=False | Shared=True | Id=7626172
INFO | Candidate: NWB_DimDiameter | Scope=instance | Storage=String | ReadOnly=False | Shared=True | Id=13710673
INFO | Found 2 parameters named NWB_DimDiameter
INFO | SELECTED | Shared Parameter | Scope=instance | ReadOnly=False | Id=13710673
INFO | IGNORED (SharedOnly) | Shared Parameter | Scope=instance | ReadOnly=False | Id=7626172
INFO | Element 16939018 | NWB_DimDiameter | Kind=Shared Parameter | Scope=instance | Storage=String | Old='' | New='160'
SOURCE | Element 16939018 | Cat=Pipe Fittings | Family=MHT-ME-FAM-PF-PF-PVC-PTS-Bend | Type= | Level=GROUND | Name=Standard | System=Other | SizeText=160ø-160ø | Width= | Height= | Diameter=160
ELEMENT | 16939018 | Size='160ø-160ø' | Width='' | Height='' | Diameter='160' | Statuses=NWB_DimWidth:SKIP; NWB_DimHeight:SKIP; NWB_DimDiameter:OK
INFO | Candidate: NWB_DimDiameter | Scope=instance | Storage=String | ReadOnly=False | Shared=True | Id=7626172
INFO | Candidate: NWB_DimDiameter | Scope=instance | Storage=String | ReadOnly=False | Shared=True | Id=13710673
INFO | Found 2 parameters named NWB_DimDiameter
INFO | SELECTED | Shared Parameter | Scope=instance | ReadOnly=False | Id=13710673
INFO | IGNORED (SharedOnly) | Shared Parameter | Scope=instance | ReadOnly=False | Id=7626172
INFO | Element 16939022 | NWB_DimDiameter | Kind=Shared Parameter | Scope=instance | Storage=String | Old='' | New='160'
SOURCE | Element 16939022 | Cat=Pipe Fittings | Family=MHT-ME-FAM-PF-PF-PVC-PTS-Bend | Type= | Level=GROUND | Name=Standard | System=Other | SizeText=160ø-160ø | Width= | Height= | Diameter=160
ELEMENT | 16939022 | Size='160ø-160ø' | Width='' | Height='' | Diameter='160' | Statuses=NWB_DimWidth:SKIP; NWB_DimHeight:SKIP; NWB_DimDiameter:OK
INFO | Candidate: NWB_DimDiameter | Scope=instance | Storage=String | ReadOnly=False | Shared=True | Id=7626172
INFO | Candidate: NWB_DimDiameter | Scope=instance | Storage=String | ReadOnly=False | Shared=True | Id=13710673
INFO | Found 2 parameters named NWB_DimDiameter
INFO | SELECTED | Shared Parameter | Scope=instance | ReadOnly=False | Id=13710673
INFO | IGNORED (SharedOnly) | Shared Parameter | Scope=instance | ReadOnly=False | Id=7626172
INFO | Element 16939037 | NWB_DimDiameter | Kind=Shared Parameter | Scope=instance | Storage=String | Old='' | New='160'
SOURCE | Element 16939037 | Cat=Pipe Fittings | Family=MHT-ME-FAM-PF-PF-PVC-PTS-Bend | Type= | Level=LEVEL 01 | Name=Standard | System=Other | SizeText=160ø-160ø | Width= | Height= | Diameter=160
ELEMENT | 16939037 | Size='160ø-160ø' | Width='' | Height='' | Diameter='160' | Statuses=NWB_DimWidth:SKIP; NWB_DimHeight:SKIP; NWB_DimDiameter:OK
INFO | Candidate: NWB_DimDiameter | Scope=instance | Storage=String | ReadOnly=False | Shared=True | Id=7626172
INFO | Candidate: NWB_DimDiameter | Scope=instance | Storage=String | ReadOnly=False | Shared=True | Id=13710673
INFO | Found 2 parameters named NWB_DimDiameter
INFO | SELECTED | Shared Parameter | Scope=instance | ReadOnly=False | Id=13710673
INFO | IGNORED (SharedOnly) | Shared Parameter | Scope=instance | ReadOnly=False | Id=7626172
INFO | Element 16939039 | NWB_DimDiameter | Kind=Shared Parameter | Scope=instance | Storage=String | Old='' | New='160'
SOURCE | Element 16939039 | Cat=Pipe Fittings | Family=MHT-ME-FAM-PF-PF-PVC-PTS-Bend | Type= | Level=LEVEL 01 | Name=Standard | System=Other | SizeText=160ø-160ø | Width= | Height= | Diameter=160
ELEMENT | 16939039 | Size='160ø-160ø' | Width='' | Height='' | Diameter='160' | Statuses=NWB_DimWidth:SKIP; NWB_DimHeight:SKIP; NWB_DimDiameter:OK
INFO | Candidate: NWB_DimDiameter | Scope=instance | Storage=String | ReadOnly=False | Shared=True | Id=7626172
INFO | Candidate: NWB_DimDiameter | Scope=instance | Storage=String | ReadOnly=False | Shared=True | Id=13710673
INFO | Found 2 parameters named NWB_DimDiameter
INFO | SELECTED | Shared Parameter | Scope=instance | ReadOnly=False | Id=13710673
INFO | IGNORED (SharedOnly) | Shared Parameter | Scope=instance | ReadOnly=False | Id=7626172
INFO | Element 16939060 | NWB_DimDiameter | Kind=Shared Parameter | Scope=instance | Storage=String | Old='' | New='160'
SOURCE | Element 16939060 | Cat=Pipe Fittings | Family=MHT-ME-FAM-PF-PF-PVC-PTS-Bend | Type= | Level=LEVEL 02 | Name=Standard | System=Hydronic Supply | SizeText=160ø-160ø | Width= | Height= | Diameter=160
ELEMENT | 16939060 | Size='160ø-160ø' | Width='' | Height='' | Diameter='160' | Statuses=NWB_DimWidth:SKIP; NWB_DimHeight:SKIP; NWB_DimDiameter:OK
INFO | Candidate: NWB_DimDiameter | Scope=instance | Storage=String | ReadOnly=False | Shared=True | Id=7626172
INFO | Candidate: NWB_DimDiameter | Scope=instance | Storage=String | ReadOnly=False | Shared=True | Id=13710673
INFO | Found 2 parameters named NWB_DimDiameter
INFO | SELECTED | Shared Parameter | Scope=instance | ReadOnly=False | Id=13710673
INFO | IGNORED (SharedOnly) | Shared Parameter | Scope=instance | ReadOnly=False | Id=7626172
INFO | Element 16939062 | NWB_DimDiameter | Kind=Shared Parameter | Scope=instance | Storage=String | Old='' | New='160'
SOURCE | Element 16939062 | Cat=Pipe Fittings | Family=MHT-ME-FAM-PF-PF-PVC-PTS-Bend | Type= | Level=LEVEL 02 | Name=Standard | System=Hydronic Supply | SizeText=160ø-160ø | Width= | Height= | Diameter=160
ELEMENT | 16939062 | Size='160ø-160ø' | Width='' | Height='' | Diameter='160' | Statuses=NWB_DimWidth:SKIP; NWB_DimHeight:SKIP; NWB_DimDiameter:OK
INFO | Candidate: NWB_DimDiameter | Scope=instance | Storage=String | ReadOnly=False | Shared=True | Id=7626172
INFO | Candidate: NWB_DimDiameter | Scope=instance | Storage=String | ReadOnly=False | Shared=True | Id=13710673
INFO | Found 2 parameters named NWB_DimDiameter
INFO | SELECTED | Shared Parameter | Scope=instance | ReadOnly=False | Id=13710673
INFO | IGNORED (SharedOnly) | Shared Parameter | Scope=instance | ReadOnly=False | Id=7626172
INFO | Element 16939067 | NWB_DimDiameter | Kind=Shared Parameter | Scope=instance | Storage=String | Old='' | New='160'
SOURCE | Element 16939067 | Cat=Pipe Fittings | Family=MHT-ME-FAM-PF-PF-PVC-PTS-Bend | Type= | Level=LEVEL 02 | Name=Standard | System=Hydronic Supply | SizeText=160ø-160ø | Width= | Height= | Diameter=160
ELEMENT | 16939067 | Size='160ø-160ø' | Width='' | Height='' | Diameter='160' | Statuses=NWB_DimWidth:SKIP; NWB_DimHeight:SKIP; NWB_DimDiameter:OK
INFO | Candidate: NWB_DimDiameter | Scope=instance | Storage=String | ReadOnly=False | Shared=True | Id=7626172
INFO | Candidate: NWB_DimDiameter | Scope=instance | Storage=String | ReadOnly=False | Shared=True | Id=13710673
INFO | Found 2 parameters named NWB_DimDiameter
INFO | SELECTED | Shared Parameter | Scope=instance | ReadOnly=False | Id=13710673
INFO | IGNORED (SharedOnly) | Shared Parameter | Scope=instance | ReadOnly=False | Id=7626172
INFO | Element 16939071 | NWB_DimDiameter | Kind=Shared Parameter | Scope=instance | Storage=String | Old='' | New='160'
SOURCE | Element 16939071 | Cat=Pipe Fittings | Family=MHT-ME-FAM-PF-PF-PVC-PTS-Bend | Type= | Level=LEVEL 02 | Name=Standard | System=Hydronic Supply | SizeText=160ø-160ø | Width= | Height= | Diameter=160
ELEMENT | 16939071 | Size='160ø-160ø' | Width='' | Height='' | Diameter='160' | Statuses=NWB_DimWidth:SKIP; NWB_DimHeight:SKIP; NWB_DimDiameter:OK
SKIP | Element 13951590 | Size empty | Cat=Electrical Equipment | Family=MHT-EL-EE-Single Panel | Type= | Level=LEVEL 06 | Name=MHT-EL-EE-Single Panel, 0 V, Single Phase, 2 Wires
SKIP | Element 13794748 | Size empty | Cat=Electrical Fixtures | Family=EEF_gpo_single_double_vert | Type= | Level=LEVEL 06 | Name=ELGE-001 DIRECT CONNECTION power
SKIP | Element 14084202 | Size empty | Cat=Electrical Fixtures | Family=EEF_gpo_single_double_vert | Type= | Level=LEVEL 06 | Name=ELGE-001 DIRECT CONNECTION power
SKIP | Element 14084549 | Size empty | Cat=Electrical Fixtures | Family=EEF_gpo_single_double_vert | Type= | Level=LEVEL 06 | Name=ELGE-001 DIRECT CONNECTION power
SKIP | Element 14084658 | Size empty | Cat=Electrical Fixtures | Family=EEF_gpo_single_double_vert | Type= | Level=LEVEL 06 | Name=ELGE-001 DIRECT CONNECTION power
SKIP | Element 16722123 | Size empty | Cat=Electrical Fixtures | Family=EEF_gpo_single_double_vert | Type= | Level=LEVEL 06 | Name=ELGE-001 DIRECT CONNECTION power
SKIP | Element 13794749 | Size empty | Cat=Lighting Fixtures | Family=LFX_pneumatic_tube_alert | Type= | Level=LEVEL 06 | Name=LIFX-015 LIGHT pneumatic tube alert light
SKIP | Element 14084203 | Size empty | Cat=Lighting Fixtures | Family=LFX_pneumatic_tube_alert | Type= | Level=LEVEL 06 | Name=LIFX-015 LIGHT pneumatic tube alert light
SKIP | Element 14084550 | Size empty | Cat=Lighting Fixtures | Family=LFX_pneumatic_tube_alert | Type= | Level=LEVEL 06 | Name=LIFX-015 LIGHT pneumatic tube alert light
SKIP | Element 14084659 | Size empty | Cat=Lighting Fixtures | Family=LFX_pneumatic_tube_alert | Type= | Level=LEVEL 06 | Name=LIFX-015 LIGHT pneumatic tube alert light
SKIP | Element 16722124 | Size empty | Cat=Lighting Fixtures | Family=LFX_pneumatic_tube_alert | Type= | Level=LEVEL 06 | Name=LIFX-015 LIGHT pneumatic tube alert light
SKIP | Element 13794747 | Size empty | Cat=Specialty Equipment | Family=MHT-ME-SEQ_station_pneumatic_tube | Type= | Level=LEVEL 06 | Name=MMGE-097 STATION pneumatic tube
SKIP | Element 14084201 | Size empty | Cat=Specialty Equipment | Family=MHT-ME-SEQ_station_pneumatic_tube | Type= | Level=LEVEL 06 | Name=MMGE-097 STATION pneumatic tube
SKIP | Element 14084548 | Size empty | Cat=Specialty Equipment | Family=MHT-ME-SEQ_station_pneumatic_tube | Type= | Level=LEVEL 06 | Name=MMGE-097 STATION pneumatic tube
SKIP | Element 14084657 | Size empty | Cat=Specialty Equipment | Family=MHT-ME-SEQ_station_pneumatic_tube | Type= | Level=LEVEL 06 | Name=MMGE-097 STATION pneumatic tube
SKIP | Element 16722122 | Size empty | Cat=Specialty Equipment | Family=MHT-ME-SEQ_station_pneumatic_tube | Type= | Level=LEVEL 06 | Name=MMGE-097 STATION pneumatic tube
INFO | Transaction Status = Committed
CHUNK COMMIT | Status=Committed | Processed=707
INFO | VERIFY OK | Element 13846388 | Parameter=NWB_DimDiameter | Kind=Shared Parameter | Scope=instance | Id=13710673 | Actual='160'
INFO | VERIFY OK | Element 13846390 | Parameter=NWB_DimDiameter | Kind=Shared Parameter | Scope=instance | Id=13710673 | Actual='160'
INFO | VERIFY OK | Element 13846393 | Parameter=NWB_DimDiameter | Kind=Shared Parameter | Scope=instance | Id=13710673 | Actual='160'
INFO | VERIFY OK | Element 13846395 | Parameter=NWB_DimDiameter | Kind=Shared Parameter | Scope=instance | Id=13710673 | Actual='160'
INFO | VERIFY OK | Element 13943747 | Parameter=NWB_DimDiameter | Kind=Shared Parameter | Scope=instance | Id=13710673 | Actual='160'
INFO | VERIFY OK | Element 13943749 | Parameter=NWB_DimDiameter | Kind=Shared Parameter | Scope=instance | Id=13710673 | Actual='160'
INFO | VERIFY OK | Element 14005737 | Parameter=NWB_DimDiameter | Kind=Shared Parameter | Scope=instance | Id=13710673 | Actual='160'
INFO | VERIFY OK | Element 14047151 | Parameter=NWB_DimDiameter | Kind=Shared Parameter | Scope=instance | Id=13710673 | Actual='160'
INFO | VERIFY OK | Element 14047580 | Parameter=NWB_DimDiameter | Kind=Shared Parameter | Scope=instance | Id=13710673 | Actual='160'
INFO | VERIFY OK | Element 14047661 | Parameter=NWB_DimDiameter | Kind=Shared Parameter | Scope=instance | Id=13710673 | Actual='160'
INFO | VERIFY OK | Element 14047778 | Parameter=NWB_DimDiameter | Kind=Shared Parameter | Scope=instance | Id=13710673 | Actual='160'
INFO | VERIFY OK | Element 14047943 | Parameter=NWB_DimDiameter | Kind=Shared Parameter | Scope=instance | Id=13710673 | Actual='160'
INFO | VERIFY OK | Element 14084208 | Parameter=NWB_DimDiameter | Kind=Shared Parameter | Scope=instance | Id=13710673 | Actual='160'
INFO | VERIFY OK | Element 14084555 | Parameter=NWB_DimDiameter | Kind=Shared Parameter | Scope=instance | Id=13710673 | Actual='160'
INFO | VERIFY OK | Element 14084664 | Parameter=NWB_DimDiameter | Kind=Shared Parameter | Scope=instance | Id=13710673 | Actual='160'
INFO | VERIFY OK | Element 14086724 | Parameter=NWB_DimDiameter | Kind=Shared Parameter | Scope=instance | Id=13710673 | Actual='160'
INFO | VERIFY OK | Element 14086726 | Parameter=NWB_DimDiameter | Kind=Shared Parameter | Scope=instance | Id=13710673 | Actual='160'
INFO | VERIFY OK | Element 14086728 | Parameter=NWB_DimDiameter | Kind=Shared Parameter | Scope=instance | Id=13710673 | Actual='160'
INFO | VERIFY OK | Element 14086779 | Parameter=NWB_DimDiameter | Kind=Shared Parameter | Scope=instance | Id=13710673 | Actual='160'
INFO | VERIFY OK | Element 14086781 | Parameter=NWB_DimDiameter | Kind=Shared Parameter | Scope=instance | Id=13710673 | Actual='160'
INFO | VERIFY OK | Element 14086838 | Parameter=NWB_DimDiameter | Kind=Shared Parameter | Scope=instance | Id=13710673 | Actual='160'
INFO | VERIFY OK | Element 14086959 | Parameter=NWB_DimDiameter | Kind=Shared Parameter | Scope=instance | Id=13710673 | Actual='160'
INFO | VERIFY OK | Element 14086961 | Parameter=NWB_DimDiameter | Kind=Shared Parameter | Scope=instance | Id=13710673 | Actual='160'
INFO | VERIFY OK | Element 14086963 | Parameter=NWB_DimDiameter | Kind=Shared Parameter | Scope=instance | Id=13710673 | Actual='160'
INFO | VERIFY OK | Element 14086988 | Parameter=NWB_DimDiameter | Kind=Shared Parameter | Scope=instance | Id=13710673 | Actual='160'
INFO | VERIFY OK | Element 14086990 | Parameter=NWB_DimDiameter | Kind=Shared Parameter | Scope=instance | Id=13710673 | Actual='160'
INFO | VERIFY OK | Element 14086999 | Parameter=NWB_DimDiameter | Kind=Shared Parameter | Scope=instance | Id=13710673 | Actual='160'
INFO | VERIFY OK | Element 14087778 | Parameter=NWB_DimDiameter | Kind=Shared Parameter | Scope=instance | Id=13710673 | Actual='160'
INFO | VERIFY OK | Element 14087780 | Parameter=NWB_DimDiameter | Kind=Shared Parameter | Scope=instance | Id=13710673 | Actual='160'
INFO | VERIFY OK | Element 14088057 | Parameter=NWB_DimDiameter | Kind=Shared Parameter | Scope=instance | Id=13710673 | Actual='160'
INFO | VERIFY OK | Element 14088062 | Parameter=NWB_DimDiameter | Kind=Shared Parameter | Scope=instance | Id=13710673 | Actual='160'
INFO | VERIFY OK | Element 14088064 | Parameter=NWB_DimDiameter | Kind=Shared Parameter | Scope=instance | Id=13710673 | Actual='160'
INFO | VERIFY OK | Element 14088955 | Parameter=NWB_DimDiameter | Kind=Shared Parameter | Scope=instance | Id=13710673 | Actual='160'
INFO | VERIFY OK | Element 14088957 | Parameter=NWB_DimDiameter | Kind=Shared Parameter | Scope=instance | Id=13710673 | Actual='160'
INFO | VERIFY OK | Element 14089370 | Parameter=NWB_DimDiameter | Kind=Shared Parameter | Scope=instance | Id=13710673 | Actual='160'
INFO | VERIFY OK | Element 14089376 | Parameter=NWB_DimDiameter | Kind=Shared Parameter | Scope=instance | Id=13710673 | Actual='160'
INFO | VERIFY OK | Element 14089651 | Parameter=NWB_DimDiameter | Kind=Shared Parameter | Scope=instance | Id=13710673 | Actual='160'
INFO | VERIFY OK | Element 14089654 | Parameter=NWB_DimDiameter | Kind=Shared Parameter | Scope=instance | Id=13710673 | Actual='160'
INFO | VERIFY OK | Element 14090063 | Parameter=NWB_DimDiameter | Kind=Shared Parameter | Scope=instance | Id=13710673 | Actual='160'
INFO | VERIFY OK | Element 14090388 | Parameter=NWB_DimDiameter | Kind=Shared Parameter | Scope=instance | Id=13710673 | Actual='160'
INFO | VERIFY OK | Element 14090411 | Parameter=NWB_DimDiameter | Kind=Shared Parameter | Scope=instance | Id=13710673 | Actual='160'
INFO | VERIFY OK | Element 14090808 | Parameter=NWB_DimDiameter | Kind=Shared Parameter | Scope=instance | Id=13710673 | Actual='160'
INFO | VERIFY OK | Element 14090858 | Parameter=NWB_DimDiameter | Kind=Shared Parameter | Scope=instance | Id=13710673 | Actual='160'
INFO | VERIFY OK | Element 14090860 | Parameter=NWB_DimDiameter | Kind=Shared Parameter | Scope=instance | Id=13710673 | Actual='160'
INFO | VERIFY OK | Element 14090950 | Parameter=NWB_DimDiameter | Kind=Shared Parameter | Scope=instance | Id=13710673 | Actual='160'
INFO | VERIFY OK | Element 14090952 | Parameter=NWB_DimDiameter | Kind=Shared Parameter | Scope=instance | Id=13710673 | Actual='160'
INFO | VERIFY OK | Element 14090955 | Parameter=NWB_DimDiameter | Kind=Shared Parameter | Scope=instance | Id=13710673 | Actual='160'
INFO | VERIFY OK | Element 15615530 | Parameter=NWB_DimDiameter | Kind=Shared Parameter | Scope=instance | Id=13710673 | Actual='160'
INFO | VERIFY OK | Element 15615532 | Parameter=NWB_DimDiameter | Kind=Shared Parameter | Scope=instance | Id=13710673 | Actual='160'
INFO | VERIFY OK | Element 15615535 | Parameter=NWB_DimDiameter | Kind=Shared Parameter | Scope=instance | Id=13710673 | Actual='160'
INFO | VERIFY OK | Element 15615537 | Parameter=NWB_DimDiameter | Kind=Shared Parameter | Scope=instance | Id=13710673 | Actual='160'
INFO | VERIFY OK | Element 15615545 | Parameter=NWB_DimDiameter | Kind=Shared Parameter | Scope=instance | Id=13710673 | Actual='160'
INFO | VERIFY OK | Element 15615547 | Parameter=NWB_DimDiameter | Kind=Shared Parameter | Scope=instance | Id=13710673 | Actual='160'
INFO | VERIFY OK | Element 15615550 | Parameter=NWB_DimDiameter | Kind=Shared Parameter | Scope=instance | Id=13710673 | Actual='160'
INFO | VERIFY OK | Element 15615801 | Parameter=NWB_DimDiameter | Kind=Shared Parameter | Scope=instance | Id=13710673 | Actual='160'
INFO | VERIFY OK | Element 15615858 | Parameter=NWB_DimDiameter | Kind=Shared Parameter | Scope=instance | Id=13710673 | Actual='160'
INFO | VERIFY OK | Element 15615860 | Parameter=NWB_DimDiameter | Kind=Shared Parameter | Scope=instance | Id=13710673 | Actual='160'
INFO | VERIFY OK | Element 15975986 | Parameter=NWB_DimDiameter | Kind=Shared Parameter | Scope=instance | Id=13710673 | Actual='160'
INFO | VERIFY OK | Element 15976232 | Parameter=NWB_DimDiameter | Kind=Shared Parameter | Scope=instance | Id=13710673 | Actual='160'
INFO | VERIFY OK | Element 15976346 | Parameter=NWB_DimDiameter | Kind=Shared Parameter | Scope=instance | Id=13710673 | Actual='160'
INFO | VERIFY OK | Element 15976369 | Parameter=NWB_DimDiameter | Kind=Shared Parameter | Scope=instance | Id=13710673 | Actual='160'
INFO | VERIFY OK | Element 15976371 | Parameter=NWB_DimDiameter | Kind=Shared Parameter | Scope=instance | Id=13710673 | Actual='160'
INFO | VERIFY OK | Element 15976373 | Parameter=NWB_DimDiameter | Kind=Shared Parameter | Scope=instance | Id=13710673 | Actual='160'
INFO | VERIFY OK | Element 15976375 | Parameter=NWB_DimDiameter | Kind=Shared Parameter | Scope=instance | Id=13710673 | Actual='160'
INFO | VERIFY OK | Element 16718041 | Parameter=NWB_DimDiameter | Kind=Shared Parameter | Scope=instance | Id=13710673 | Actual='160'
INFO | VERIFY OK | Element 16718198 | Parameter=NWB_DimDiameter | Kind=Shared Parameter | Scope=instance | Id=13710673 | Actual='160'
INFO | VERIFY OK | Element 16718200 | Parameter=NWB_DimDiameter | Kind=Shared Parameter | Scope=instance | Id=13710673 | Actual='160'
INFO | VERIFY OK | Element 16721703 | Parameter=NWB_DimDiameter | Kind=Shared Parameter | Scope=instance | Id=13710673 | Actual='160'
INFO | VERIFY OK | Element 16721705 | Parameter=NWB_DimDiameter | Kind=Shared Parameter | Scope=instance | Id=13710673 | Actual='160'
INFO | VERIFY OK | Element 16721782 | Parameter=NWB_DimDiameter | Kind=Shared Parameter | Scope=instance | Id=13710673 | Actual='160'
INFO | VERIFY OK | Element 16721784 | Parameter=NWB_DimDiameter | Kind=Shared Parameter | Scope=instance | Id=13710673 | Actual='160'
INFO | VERIFY OK | Element 16721786 | Parameter=NWB_DimDiameter | Kind=Shared Parameter | Scope=instance | Id=13710673 | Actual='160'
INFO | VERIFY OK | Element 16721924 | Parameter=NWB_DimDiameter | Kind=Shared Parameter | Scope=instance | Id=13710673 | Actual='160'
INFO | VERIFY OK | Element 16721926 | Parameter=NWB_DimDiameter | Kind=Shared Parameter | Scope=instance | Id=13710673 | Actual='160'
INFO | VERIFY OK | Element 16721999 | Parameter=NWB_DimDiameter | Kind=Shared Parameter | Scope=instance | Id=13710673 | Actual='160'
INFO | VERIFY OK | Element 16722061 | Parameter=NWB_DimDiameter | Kind=Shared Parameter | Scope=instance | Id=13710673 | Actual='160'
INFO | VERIFY OK | Element 16722063 | Parameter=NWB_DimDiameter | Kind=Shared Parameter | Scope=instance | Id=13710673 | Actual='160'
INFO | VERIFY OK | Element 16722098 | Parameter=NWB_DimDiameter | Kind=Shared Parameter | Scope=instance | Id=13710673 | Actual='160'
INFO | VERIFY OK | Element 16722100 | Parameter=NWB_DimDiameter | Kind=Shared Parameter | Scope=instance | Id=13710673 | Actual='160'
INFO | VERIFY OK | Element 16722127 | Parameter=NWB_DimDiameter | Kind=Shared Parameter | Scope=instance | Id=13710673 | Actual='160'
INFO | VERIFY OK | Element 16939006 | Parameter=NWB_DimDiameter | Kind=Shared Parameter | Scope=instance | Id=13710673 | Actual='160'
INFO | VERIFY OK | Element 16939013 | Parameter=NWB_DimDiameter | Kind=Shared Parameter | Scope=instance | Id=13710673 | Actual='160'
INFO | VERIFY OK | Element 16939016 | Parameter=NWB_DimDiameter | Kind=Shared Parameter | Scope=instance | Id=13710673 | Actual='160'
INFO | VERIFY OK | Element 16939018 | Parameter=NWB_DimDiameter | Kind=Shared Parameter | Scope=instance | Id=13710673 | Actual='160'
INFO | VERIFY OK | Element 16939022 | Parameter=NWB_DimDiameter | Kind=Shared Parameter | Scope=instance | Id=13710673 | Actual='160'
INFO | VERIFY OK | Element 16939037 | Parameter=NWB_DimDiameter | Kind=Shared Parameter | Scope=instance | Id=13710673 | Actual='160'
INFO | VERIFY OK | Element 16939039 | Parameter=NWB_DimDiameter | Kind=Shared Parameter | Scope=instance | Id=13710673 | Actual='160'
INFO | VERIFY OK | Element 16939060 | Parameter=NWB_DimDiameter | Kind=Shared Parameter | Scope=instance | Id=13710673 | Actual='160'
INFO | VERIFY OK | Element 16939062 | Parameter=NWB_DimDiameter | Kind=Shared Parameter | Scope=instance | Id=13710673 | Actual='160'
INFO | VERIFY OK | Element 16939067 | Parameter=NWB_DimDiameter | Kind=Shared Parameter | Scope=instance | Id=13710673 | Actual='160'
INFO | VERIFY OK | Element 16939071 | Parameter=NWB_DimDiameter | Kind=Shared Parameter | Scope=instance | Id=13710673 | Actual='160'
END | Attempted=646 | Written=646 | Skipped=1292 | VerifyFailed=0 | SharedWrites=646 | FamilyWrites=0 | TypeWrites=0 | InstanceWrites=646 | ReadOnly=0 | MissingTarget=0 | SkipTargetMode=0 | DuplicateParameter=646 | SkipWorksharing=0 | Failed=0 | Cancelled=False
