"run_stamp","tool","view_name","view_mode","processing_scope","write_mode","parameter_target_mode","worksharing_mode","element_id","category","family","type","level","name","size_text","parsed_width","parsed_height","parsed_diameter","target_parameter","requested_value","actual_before","actual_after","outcome","reason","target_scope","target_kind","target_param_id","target_definition_name","target_storage","target_is_read_only","candidate_count","selected_target_count"
"20260801_161107","NWB Dim AutoFill","MECHANICAL DUCTWORK LAYOUT - LEVEL 09","model","selection","skip","Both","skip-other-users","13053444","Air Terminals","MHT_AT_S Air Diff Swirl","","LEVEL 09","No Damper","600x350","600","350","250","NWB_DimDiameter","250","250ø","250ø","SKIP","existing-kept","instance","Shared Parameter","7626172","NWB_DimDiameter","String","False","1","1"
"20260801_161107","NWB Dim AutoFill","MECHANICAL DUCTWORK LAYOUT - LEVEL 09","model","selection","skip","Both","skip-other-users","13053445","Mechanical Equipment","MHT_ME_FCU-IMD_Standard Profile1","","LEVEL 09","IMD 95 (450 L/s) 2","","","","","","","","","SKIP","size empty","","","","","","","",""
"20260801_161107","NWB Dim AutoFill","MECHANICAL DUCTWORK LAYOUT - LEVEL 09","model","selection","skip","Both","skip-other-users","13053446","Ducts","Rectangular Duct","","LEVEL 09","Flanged Long Radius Elbows / Shoe Branch","400x300","400","300","","NWB_DimWidth","400","400","400","SKIP","existing-kept","instance","Shared Parameter","7626175","NWB_DimWidth","String","False","1","1"
"20260801_161107","NWB Dim AutoFill","MECHANICAL DUCTWORK LAYOUT - LEVEL 09","model","selection","skip","Both","skip-other-users","13053446","Ducts","Rectangular Duct","","LEVEL 09","Flanged Long Radius Elbows / Shoe Branch","400x300","400","300","","NWB_DimHeight","300","300","300","SKIP","existing-kept","instance","Shared Parameter","7626170","NWB_DimHeight","String","False","1","1"
"20260801_161107","NWB Dim AutoFill","MECHANICAL DUCTWORK LAYOUT - LEVEL 09","model","selection","skip","Both","skip-other-users","13053446","Ducts","Rectangular Duct","","LEVEL 09","Flanged Long Radius Elbows / Shoe Branch","400x300","400","300","","NWB_DimDiameter","","","","SKIP","no parsed value","","","","NWB_DimDiameter","","","",""
"20260801_161107","NWB Dim AutoFill","MECHANICAL DUCTWORK LAYOUT - LEVEL 09","model","selection","skip","Both","skip-other-users","13053451","Duct Fittings","MHT-ME-DF-Square Cap-BMA","","LEVEL 09","Standard","400x300","400","300","","NWB_DimWidth","400","300","300","SKIP","existing-kept","instance","Shared Parameter","7626175","NWB_DimWidth","String","False","1","1"
"20260801_161107","NWB Dim AutoFill","MECHANICAL DUCTWORK LAYOUT - LEVEL 09","model","selection","skip","Both","skip-other-users","13053451","Duct Fittings","MHT-ME-DF-Square Cap-BMA","","LEVEL 09","Standard","400x300","400","300","","NWB_DimHeight","300","0","0","SKIP","existing-kept","instance","Shared Parameter","7626170","NWB_DimHeight","String","False","1","1"
"20260801_161107","NWB Dim AutoFill","MECHANICAL DUCTWORK LAYOUT - LEVEL 09","model","selection","skip","Both","skip-other-users","13053451","Duct Fittings","MHT-ME-DF-Square Cap-BMA","","LEVEL 09","Standard","400x300","400","300","","NWB_DimDiameter","","","","SKIP","no parsed value","","","","NWB_DimDiameter","","","",""
"20260801_161107","NWB Dim AutoFill","MECHANICAL DUCTWORK LAYOUT - LEVEL 09","model","selection","skip","Both","skip-other-users","13053453","Duct Fittings","Plenum Box with Filter-R1","","LEVEL 09","Plenum Box with Filter","720x310-800x150-600x150-600x150","720","310","","NWB_DimWidth","720","200","200","SKIP","existing-kept","instance","Shared Parameter","7626175","NWB_DimWidth","String","False","1","1"
"20260801_161107","NWB Dim AutoFill","MECHANICAL DUCTWORK LAYOUT - LEVEL 09","model","selection","skip","Both","skip-other-users","13053453","Duct Fittings","Plenum Box with Filter-R1","","LEVEL 09","Plenum Box with Filter","720x310-800x150-600x150-600x150","720","310","","NWB_DimHeight","310","150","150","SKIP","existing-kept","instance","Shared Parameter","7626170","NWB_DimHeight","String","False","1","1"
"20260801_161107","NWB Dim AutoFill","MECHANICAL DUCTWORK LAYOUT - LEVEL 09","model","selection","skip","Both","skip-other-users","13053453","Duct Fittings","Plenum Box with Filter-R1","","LEVEL 09","Plenum Box with Filter","720x310-800x150-600x150-600x150","720","310","","NWB_DimDiameter","","","","SKIP","no parsed value","","","","NWB_DimDiameter","","","",""
"20260801_161107","NWB Dim AutoFill","MECHANICAL DUCTWORK LAYOUT - LEVEL 09","model","selection","skip","Both","skip-other-users","13053454","Duct Accessories","VOLUME CONTROL DAMPER SQUARE","","LEVEL 09","VOLUME CONTROL DAMPER - VCD","400x250-400x250","400","250","","NWB_DimWidth","400","400","400","SKIP","existing-kept","instance","Shared Parameter","7626175","NWB_DimWidth","String","False","1","1"
"20260801_161107","NWB Dim AutoFill","MECHANICAL DUCTWORK LAYOUT - LEVEL 09","model","selection","skip","Both","skip-other-users","13053454","Duct Accessories","VOLUME CONTROL DAMPER SQUARE","","LEVEL 09","VOLUME CONTROL DAMPER - VCD","400x250-400x250","400","250","","NWB_DimHeight","250","250","250","SKIP","existing-kept","instance","Shared Parameter","7626170","NWB_DimHeight","String","False","1","1"
"20260801_161107","NWB Dim AutoFill","MECHANICAL DUCTWORK LAYOUT - LEVEL 09","model","selection","skip","Both","skip-other-users","13053454","Duct Accessories","VOLUME CONTROL DAMPER SQUARE","","LEVEL 09","VOLUME CONTROL DAMPER - VCD","400x250-400x250","400","250","","NWB_DimDiameter","","","","SKIP","no parsed value","","","","NWB_DimDiameter","","","",""
"20260801_161107","NWB Dim AutoFill","MECHANICAL DUCTWORK LAYOUT - LEVEL 09","model","selection","skip","Both","skip-other-users","13053455","Duct Fittings","M_Rectangular_Transition_Angle","","LEVEL 09","Transition","800x150-400x250","800","150","","NWB_DimWidth","800","400","400","SKIP","existing-kept","instance","Shared Parameter","7626175","NWB_DimWidth","String","False","1","1"
"20260801_161107","NWB Dim AutoFill","MECHANICAL DUCTWORK LAYOUT - LEVEL 09","model","selection","skip","Both","skip-other-users","13053455","Duct Fittings","M_Rectangular_Transition_Angle","","LEVEL 09","Transition","800x150-400x250","800","150","","NWB_DimHeight","150","300","300","SKIP","existing-kept","instance","Shared Parameter","7626170","NWB_DimHeight","String","False","1","1"
"20260801_161107","NWB Dim AutoFill","MECHANICAL DUCTWORK LAYOUT - LEVEL 09","model","selection","skip","Both","skip-other-users","13053455","Duct Fittings","M_Rectangular_Transition_Angle","","LEVEL 09","Transition","800x150-400x250","800","150","","NWB_DimDiameter","","","","SKIP","no parsed value","","","","NWB_DimDiameter","","","",""
"20260801_161107","NWB Dim AutoFill","MECHANICAL DUCTWORK LAYOUT - LEVEL 09","model","selection","skip","Both","skip-other-users","13053456","Duct Fittings","M_Rectangular_Transition_Angle","","LEVEL 09","Transition","800x150-400x250","800","150","","NWB_DimWidth","800","720","720","SKIP","existing-kept","instance","Shared Parameter","7626175","NWB_DimWidth","String","False","1","1"
"20260801_161107","NWB Dim AutoFill","MECHANICAL DUCTWORK LAYOUT - LEVEL 09","model","selection","skip","Both","skip-other-users","13053456","Duct Fittings","M_Rectangular_Transition_Angle","","LEVEL 09","Transition","800x150-400x250","800","150","","NWB_DimHeight","150","310","310","SKIP","existing-kept","instance","Shared Parameter","7626170","NWB_DimHeight","String","False","1","1"
"20260801_161107","NWB Dim AutoFill","MECHANICAL DUCTWORK LAYOUT - LEVEL 09","model","selection","skip","Both","skip-other-users","13053456","Duct Fittings","M_Rectangular_Transition_Angle","","LEVEL 09","Transition","800x150-400x250","800","150","","NWB_DimDiameter","","","","SKIP","no parsed value","","","","NWB_DimDiameter","","","",""
"20260801_161107","NWB Dim AutoFill","MECHANICAL DUCTWORK LAYOUT - LEVEL 09","model","selection","skip","Both","skip-other-users","13053457","Duct Accessories","VOLUME CONTROL DAMPER SQUARE","","LEVEL 09","VOLUME CONTROL DAMPER_SQUARE MOTOR - BLADE","250x200-250x200","250","200","","NWB_DimWidth","250","250","250","SKIP","existing-kept","instance","Shared Parameter","7626175","NWB_DimWidth","String","False","1","1"
"20260801_161107","NWB Dim AutoFill","MECHANICAL DUCTWORK LAYOUT - LEVEL 09","model","selection","skip","Both","skip-other-users","13053457","Duct Accessories","VOLUME CONTROL DAMPER SQUARE","","LEVEL 09","VOLUME CONTROL DAMPER_SQUARE MOTOR - BLADE","250x200-250x200","250","200","","NWB_DimHeight","200","200","200","SKIP","existing-kept","instance","Shared Parameter","7626170","NWB_DimHeight","String","False","1","1"
"20260801_161107","NWB Dim AutoFill","MECHANICAL DUCTWORK LAYOUT - LEVEL 09","model","selection","skip","Both","skip-other-users","13053457","Duct Accessories","VOLUME CONTROL DAMPER SQUARE","","LEVEL 09","VOLUME CONTROL DAMPER_SQUARE MOTOR - BLADE","250x200-250x200","250","200","","NWB_DimDiameter","","","","SKIP","no parsed value","","","","NWB_DimDiameter","","","",""
"20260801_161107","NWB Dim AutoFill","MECHANICAL DUCTWORK LAYOUT - LEVEL 09","model","selection","skip","Both","skip-other-users","13053468","Ducts","Rectangular Duct","","LEVEL 09","Flanged Long Radius Elbows / Shoe Branch","","","","","","","","","SKIP","worksharing: instance owned by Jeffrey.Lumen","","","","","","","",""
"20260801_161107","NWB Dim AutoFill","MECHANICAL DUCTWORK LAYOUT - LEVEL 09","model","selection","skip","Both","skip-other-users","13053475","Ducts","Rectangular Duct","","LEVEL 09","Flanged Long Radius Elbows / Shoe Branch","1000x500","1000","500","","NWB_DimWidth","1000","1000","1000","SKIP","existing-kept","instance","Shared Parameter","7626175","NWB_DimWidth","String","False","1","1"
"20260801_161107","NWB Dim AutoFill","MECHANICAL DUCTWORK LAYOUT - LEVEL 09","model","selection","skip","Both","skip-other-users","13053475","Ducts","Rectangular Duct","","LEVEL 09","Flanged Long Radius Elbows / Shoe Branch","1000x500","1000","500","","NWB_DimHeight","500","500","500","SKIP","existing-kept","instance","Shared Parameter","7626170","NWB_DimHeight","String","False","1","1"
"20260801_161107","NWB Dim AutoFill","MECHANICAL DUCTWORK LAYOUT - LEVEL 09","model","selection","skip","Both","skip-other-users","13053475","Ducts","Rectangular Duct","","LEVEL 09","Flanged Long Radius Elbows / Shoe Branch","1000x500","1000","500","","NWB_DimDiameter","","","","SKIP","no parsed value","","","","NWB_DimDiameter","","","",""
"20260801_161107","NWB Dim AutoFill","MECHANICAL DUCTWORK LAYOUT - LEVEL 09","model","selection","skip","Both","skip-other-users","13053476","Air Terminals","MHT-ME-AT-RELIEF AIR LOUVRE","","LEVEL 09","RELIEF AIR LOUVER","0x500","0","500","0","NWB_DimWidth","0","1000","1000","SKIP","existing-kept","instance","Shared Parameter","7626175","NWB_DimWidth","String","False","1","1"
"20260801_161107","NWB Dim AutoFill","MECHANICAL DUCTWORK LAYOUT - LEVEL 09","model","selection","skip","Both","skip-other-users","13053476","Air Terminals","MHT-ME-AT-RELIEF AIR LOUVRE","","LEVEL 09","RELIEF AIR LOUVER","0x500","0","500","0","NWB_DimHeight","500","500","500","SKIP","existing-kept","instance","Shared Parameter","7626170","NWB_DimHeight","String","False","1","1"
"20260801_161107","NWB Dim AutoFill","MECHANICAL DUCTWORK LAYOUT - LEVEL 09","model","selection","skip","Both","skip-other-users","13053478","Ducts","Rectangular Duct","","LEVEL 09","Flanged Long Radius Elbows / Shoe Branch","","","","","","","","","SKIP","worksharing: instance owned by Jeffrey.Lumen","","","","","","","",""
"20260801_161107","NWB Dim AutoFill","MECHANICAL DUCTWORK LAYOUT - LEVEL 09","model","selection","skip","Both","skip-other-users","13053479","Duct Fittings","MHT-ME-DF-Rectangular Short Radius Bend - Flanged","","LEVEL 09","MHT-ME-DF-Rectangular Short Radius Bend - Flanged","400x250-400x250","400","250","","NWB_DimWidth","400","400","400","SKIP","existing-kept","instance","Shared Parameter","7626175","NWB_DimWidth","String","False","2","2"
"20260801_161107","NWB Dim AutoFill","MECHANICAL DUCTWORK LAYOUT - LEVEL 09","model","selection","skip","Both","skip-other-users","13053479","Duct Fittings","MHT-ME-DF-Rectangular Short Radius Bend - Flanged","","LEVEL 09","MHT-ME-DF-Rectangular Short Radius Bend - Flanged","400x250-400x250","400","250","","NWB_DimWidth","400","800","800","SKIP","existing-kept","instance","Shared Parameter","3045165","NWB_DimWidth","Double","False","2","2"
"20260801_161107","NWB Dim AutoFill","MECHANICAL DUCTWORK LAYOUT - LEVEL 09","model","selection","skip","Both","skip-other-users","13053479","Duct Fittings","MHT-ME-DF-Rectangular Short Radius Bend - Flanged","","LEVEL 09","MHT-ME-DF-Rectangular Short Radius Bend - Flanged","400x250-400x250","400","250","","NWB_DimHeight","250","250","250","SKIP","existing-kept","instance","Shared Parameter","7626170","NWB_DimHeight","String","False","2","2"
"20260801_161107","NWB Dim AutoFill","MECHANICAL DUCTWORK LAYOUT - LEVEL 09","model","selection","skip","Both","skip-other-users","13053479","Duct Fittings","MHT-ME-DF-Rectangular Short Radius Bend - Flanged","","LEVEL 09","MHT-ME-DF-Rectangular Short Radius Bend - Flanged","400x250-400x250","400","250","","NWB_DimHeight","250","150","150","SKIP","existing-kept","instance","Shared Parameter","3045163","NWB_DimHeight","Double","False","2","2"
"20260801_161107","NWB Dim AutoFill","MECHANICAL DUCTWORK LAYOUT - LEVEL 09","model","selection","skip","Both","skip-other-users","13053479","Duct Fittings","MHT-ME-DF-Rectangular Short Radius Bend - Flanged","","LEVEL 09","MHT-ME-DF-Rectangular Short Radius Bend - Flanged","400x250-400x250","400","250","","NWB_DimDiameter","","","","SKIP","no parsed value","","","","NWB_DimDiameter","","","",""
"20260801_161107","NWB Dim AutoFill","MECHANICAL DUCTWORK LAYOUT - LEVEL 09","model","selection","skip","Both","skip-other-users","13053489","Duct Fittings","M_Rectangular_Transition_Angle","","LEVEL 09","Transition","600x150-250x200","600","150","","NWB_DimWidth","600","800","800","SKIP","existing-kept","instance","Shared Parameter","7626175","NWB_DimWidth","String","False","1","1"
"20260801_161107","NWB Dim AutoFill","MECHANICAL DUCTWORK LAYOUT - LEVEL 09","model","selection","skip","Both","skip-other-users","13053489","Duct Fittings","M_Rectangular_Transition_Angle","","LEVEL 09","Transition","600x150-250x200","600","150","","NWB_DimHeight","150","150","150","SKIP","existing-kept","instance","Shared Parameter","7626170","NWB_DimHeight","String","False","1","1"
"20260801_161107","NWB Dim AutoFill","MECHANICAL DUCTWORK LAYOUT - LEVEL 09","model","selection","skip","Both","skip-other-users","13053489","Duct Fittings","M_Rectangular_Transition_Angle","","LEVEL 09","Transition","600x150-250x200","600","150","","NWB_DimDiameter","","","","SKIP","no parsed value","","","","NWB_DimDiameter","","","",""
"20260801_161107","NWB Dim AutoFill","MECHANICAL DUCTWORK LAYOUT - LEVEL 09","model","selection","skip","Both","skip-other-users","13054542","Flex Ducts","Flex Duct Round","","LEVEL 09","Flex - Round","250 mmø","","","250","NWB_DimWidth","","","","SKIP","no parsed value","","","","NWB_DimWidth","","","",""
"20260801_161107","NWB Dim AutoFill","MECHANICAL DUCTWORK LAYOUT - LEVEL 09","model","selection","skip","Both","skip-other-users","13054542","Flex Ducts","Flex Duct Round","","LEVEL 09","Flex - Round","250 mmø","","","250","NWB_DimHeight","","","","SKIP","no parsed value","","","","NWB_DimHeight","","","",""
"20260801_161107","NWB Dim AutoFill","MECHANICAL DUCTWORK LAYOUT - LEVEL 09","model","selection","skip","Both","skip-other-users","13054839","Ducts","Rectangular Duct","","LEVEL 09","Flanged Long Radius Elbows / Shoe Branch","250x200","250","200","","NWB_DimWidth","250","250","250","SKIP","existing-kept","instance","Shared Parameter","7626175","NWB_DimWidth","String","False","1","1"
"20260801_161107","NWB Dim AutoFill","MECHANICAL DUCTWORK LAYOUT - LEVEL 09","model","selection","skip","Both","skip-other-users","13054839","Ducts","Rectangular Duct","","LEVEL 09","Flanged Long Radius Elbows / Shoe Branch","250x200","250","200","","NWB_DimHeight","200","200","200","SKIP","existing-kept","instance","Shared Parameter","7626170","NWB_DimHeight","String","False","1","1"
"20260801_161107","NWB Dim AutoFill","MECHANICAL DUCTWORK LAYOUT - LEVEL 09","model","selection","skip","Both","skip-other-users","13054839","Ducts","Rectangular Duct","","LEVEL 09","Flanged Long Radius Elbows / Shoe Branch","250x200","250","200","","NWB_DimDiameter","","","","SKIP","no parsed value","","","","NWB_DimDiameter","","","",""
"20260801_161107","NWB Dim AutoFill","MECHANICAL DUCTWORK LAYOUT - LEVEL 09","model","selection","skip","Both","skip-other-users","13054927","Air Terminals","MHT_AT_S Air Diff Swirl","","LEVEL 09","No Damper","600x350","600","350","250","NWB_DimDiameter","250","250ø","250ø","SKIP","existing-kept","instance","Shared Parameter","7626172","NWB_DimDiameter","String","False","1","1"
"20260801_161107","NWB Dim AutoFill","MECHANICAL DUCTWORK LAYOUT - LEVEL 09","model","selection","skip","Both","skip-other-users","13054928","Mechanical Equipment","MHT_ME_FCU-IMD_Standard Profile1","","LEVEL 09","IMD 95 (450 L/s) 2","","","","","","","","","SKIP","size empty","","","","","","","",""
"20260801_161107","NWB Dim AutoFill","MECHANICAL DUCTWORK LAYOUT - LEVEL 09","model","selection","skip","Both","skip-other-users","13054929","Ducts","Rectangular Duct","","LEVEL 09","Flanged Long Radius Elbows / Shoe Branch","400x300","400","300","","NWB_DimWidth","400","400","400","SKIP","existing-kept","instance","Shared Parameter","7626175","NWB_DimWidth","String","False","1","1"
"20260801_161107","NWB Dim AutoFill","MECHANICAL DUCTWORK LAYOUT - LEVEL 09","model","selection","skip","Both","skip-other-users","13054929","Ducts","Rectangular Duct","","LEVEL 09","Flanged Long Radius Elbows / Shoe Branch","400x300","400","300","","NWB_DimHeight","300","300","300","SKIP","existing-kept","instance","Shared Parameter","7626170","NWB_DimHeight","String","False","1","1"
"20260801_161107","NWB Dim AutoFill","MECHANICAL DUCTWORK LAYOUT - LEVEL 09","model","selection","skip","Both","skip-other-users","13054929","Ducts","Rectangular Duct","","LEVEL 09","Flanged Long Radius Elbows / Shoe Branch","400x300","400","300","","NWB_DimDiameter","","","","SKIP","no parsed value","","","","NWB_DimDiameter","","","",""
"20260801_161107","NWB Dim AutoFill","MECHANICAL DUCTWORK LAYOUT - LEVEL 09","model","selection","skip","Both","skip-other-users","13054931","Duct Fittings","MHT-ME-DF-Square Cap-BMA","","LEVEL 09","Standard","400x300","400","300","","NWB_DimWidth","400","400","400","SKIP","existing-kept","instance","Shared Parameter","7626175","NWB_DimWidth","String","False","1","1"
"20260801_161107","NWB Dim AutoFill","MECHANICAL DUCTWORK LAYOUT - LEVEL 09","model","selection","skip","Both","skip-other-users","13054931","Duct Fittings","MHT-ME-DF-Square Cap-BMA","","LEVEL 09","Standard","400x300","400","300","","NWB_DimHeight","300","0","0","SKIP","existing-kept","instance","Shared Parameter","7626170","NWB_DimHeight","String","False","1","1"
"20260801_161107","NWB Dim AutoFill","MECHANICAL DUCTWORK LAYOUT - LEVEL 09","model","selection","skip","Both","skip-other-users","13054931","Duct Fittings","MHT-ME-DF-Square Cap-BMA","","LEVEL 09","Standard","400x300","400","300","","NWB_DimDiameter","","","","SKIP","no parsed value","","","","NWB_DimDiameter","","","",""
"20260801_161107","NWB Dim AutoFill","MECHANICAL DUCTWORK LAYOUT - LEVEL 09","model","selection","skip","Both","skip-other-users","13054933","Duct Fittings","Plenum Box with Filter-R1","","LEVEL 09","Plenum Box with Filter","720x310-800x150-600x150-600x150","720","310","","NWB_DimWidth","720","600","600","SKIP","existing-kept","instance","Shared Parameter","7626175","NWB_DimWidth","String","False","1","1"
"20260801_161107","NWB Dim AutoFill","MECHANICAL DUCTWORK LAYOUT - LEVEL 09","model","selection","skip","Both","skip-other-users","13054933","Duct Fittings","Plenum Box with Filter-R1","","LEVEL 09","Plenum Box with Filter","720x310-800x150-600x150-600x150","720","310","","NWB_DimHeight","310","150","150","SKIP","existing-kept","instance","Shared Parameter","7626170","NWB_DimHeight","String","False","1","1"
"20260801_161107","NWB Dim AutoFill","MECHANICAL DUCTWORK LAYOUT - LEVEL 09","model","selection","skip","Both","skip-other-users","13054933","Duct Fittings","Plenum Box with Filter-R1","","LEVEL 09","Plenum Box with Filter","720x310-800x150-600x150-600x150","720","310","","NWB_DimDiameter","","","","SKIP","no parsed value","","","","NWB_DimDiameter","","","",""
"20260801_161107","NWB Dim AutoFill","MECHANICAL DUCTWORK LAYOUT - LEVEL 09","model","selection","skip","Both","skip-other-users","13054934","Duct Accessories","VOLUME CONTROL DAMPER SQUARE","","LEVEL 09","VOLUME CONTROL DAMPER - VCD","400x250-400x250","400","250","","NWB_DimWidth","400","400","400","SKIP","existing-kept","instance","Shared Parameter","7626175","NWB_DimWidth","String","False","1","1"
"20260801_161107","NWB Dim AutoFill","MECHANICAL DUCTWORK LAYOUT - LEVEL 09","model","selection","skip","Both","skip-other-users","13054934","Duct Accessories","VOLUME CONTROL DAMPER SQUARE","","LEVEL 09","VOLUME CONTROL DAMPER - VCD","400x250-400x250","400","250","","NWB_DimHeight","250","250","250","SKIP","existing-kept","instance","Shared Parameter","7626170","NWB_DimHeight","String","False","1","1"
"20260801_161107","NWB Dim AutoFill","MECHANICAL DUCTWORK LAYOUT - LEVEL 09","model","selection","skip","Both","skip-other-users","13054934","Duct Accessories","VOLUME CONTROL DAMPER SQUARE","","LEVEL 09","VOLUME CONTROL DAMPER - VCD","400x250-400x250","400","250","","NWB_DimDiameter","","","","SKIP","no parsed value","","","","NWB_DimDiameter","","","",""
"20260801_161107","NWB Dim AutoFill","MECHANICAL DUCTWORK LAYOUT - LEVEL 09","model","selection","skip","Both","skip-other-users","13054935","Duct Fittings","M_Rectangular_Transition_Angle","","LEVEL 09","Transition","800x150-400x250","800","150","","NWB_DimWidth","800","400","400","SKIP","existing-kept","instance","Shared Parameter","7626175","NWB_DimWidth","String","False","1","1"
"20260801_161107","NWB Dim AutoFill","MECHANICAL DUCTWORK LAYOUT - LEVEL 09","model","selection","skip","Both","skip-other-users","13054935","Duct Fittings","M_Rectangular_Transition_Angle","","LEVEL 09","Transition","800x150-400x250","800","150","","NWB_DimHeight","150","300","300","SKIP","existing-kept","instance","Shared Parameter","7626170","NWB_DimHeight","String","False","1","1"
"20260801_161107","NWB Dim AutoFill","MECHANICAL DUCTWORK LAYOUT - LEVEL 09","model","selection","skip","Both","skip-other-users","13054935","Duct Fittings","M_Rectangular_Transition_Angle","","LEVEL 09","Transition","800x150-400x250","800","150","","NWB_DimDiameter","","","","SKIP","no parsed value","","","","NWB_DimDiameter","","","",""
"20260801_161107","NWB Dim AutoFill","MECHANICAL DUCTWORK LAYOUT - LEVEL 09","model","selection","skip","Both","skip-other-users","13054936","Duct Fittings","M_Rectangular_Transition_Angle","","LEVEL 09","Transition","800x150-400x250","800","150","","NWB_DimWidth","800","720","720","SKIP","existing-kept","instance","Shared Parameter","7626175","NWB_DimWidth","String","False","1","1"
"20260801_161107","NWB Dim AutoFill","MECHANICAL DUCTWORK LAYOUT - LEVEL 09","model","selection","skip","Both","skip-other-users","13054936","Duct Fittings","M_Rectangular_Transition_Angle","","LEVEL 09","Transition","800x150-400x250","800","150","","NWB_DimHeight","150","310","310","SKIP","existing-kept","instance","Shared Parameter","7626170","NWB_DimHeight","String","False","1","1"
"20260801_161107","NWB Dim AutoFill","MECHANICAL DUCTWORK LAYOUT - LEVEL 09","model","selection","skip","Both","skip-other-users","13054936","Duct Fittings","M_Rectangular_Transition_Angle","","LEVEL 09","Transition","800x150-400x250","800","150","","NWB_DimDiameter","","","","SKIP","no parsed value","","","","NWB_DimDiameter","","","",""
"20260801_161107","NWB Dim AutoFill","MECHANICAL DUCTWORK LAYOUT - LEVEL 09","model","selection","skip","Both","skip-other-users","13054937","Duct Accessories","VOLUME CONTROL DAMPER SQUARE","","LEVEL 09","VOLUME CONTROL DAMPER_SQUARE MOTOR - BLADE","250x200-250x200","250","200","","NWB_DimWidth","250","250","250","SKIP","existing-kept","instance","Shared Parameter","7626175","NWB_DimWidth","String","False","1","1"
"20260801_161107","NWB Dim AutoFill","MECHANICAL DUCTWORK LAYOUT - LEVEL 09","model","selection","skip","Both","skip-other-users","13054937","Duct Accessories","VOLUME CONTROL DAMPER SQUARE","","LEVEL 09","VOLUME CONTROL DAMPER_SQUARE MOTOR - BLADE","250x200-250x200","250","200","","NWB_DimHeight","200","200","200","SKIP","existing-kept","instance","Shared Parameter","7626170","NWB_DimHeight","String","False","1","1"
"20260801_161107","NWB Dim AutoFill","MECHANICAL DUCTWORK LAYOUT - LEVEL 09","model","selection","skip","Both","skip-other-users","13054937","Duct Accessories","VOLUME CONTROL DAMPER SQUARE","","LEVEL 09","VOLUME CONTROL DAMPER_SQUARE MOTOR - BLADE","250x200-250x200","250","200","","NWB_DimDiameter","","","","SKIP","no parsed value","","","","NWB_DimDiameter","","","",""
"20260801_161107","NWB Dim AutoFill","MECHANICAL DUCTWORK LAYOUT - LEVEL 09","model","selection","skip","Both","skip-other-users","13054941","Duct Fittings","M_Rectangular_Transition_Angle","","LEVEL 09","Transition","600x150-250x200","600","150","","NWB_DimWidth","600","800","800","SKIP","existing-kept","instance","Shared Parameter","7626175","NWB_DimWidth","String","False","1","1"
"20260801_161107","NWB Dim AutoFill","MECHANICAL DUCTWORK LAYOUT - LEVEL 09","model","selection","skip","Both","skip-other-users","13054941","Duct Fittings","M_Rectangular_Transition_Angle","","LEVEL 09","Transition","600x150-250x200","600","150","","NWB_DimHeight","150","150","150","SKIP","existing-kept","instance","Shared Parameter","7626170","NWB_DimHeight","String","False","1","1"
"20260801_161107","NWB Dim AutoFill","MECHANICAL DUCTWORK LAYOUT - LEVEL 09","model","selection","skip","Both","skip-other-users","13054941","Duct Fittings","M_Rectangular_Transition_Angle","","LEVEL 09","Transition","600x150-250x200","600","150","","NWB_DimDiameter","","","","SKIP","no parsed value","","","","NWB_DimDiameter","","","",""
"20260801_161107","NWB Dim AutoFill","MECHANICAL DUCTWORK LAYOUT - LEVEL 09","model","selection","skip","Both","skip-other-users","13054955","Flex Ducts","Flex Duct Round","","LEVEL 09","Flex - Round","250 mmø","","","250","NWB_DimWidth","","","","SKIP","no parsed value","","","","NWB_DimWidth","","","",""
"20260801_161107","NWB Dim AutoFill","MECHANICAL DUCTWORK LAYOUT - LEVEL 09","model","selection","skip","Both","skip-other-users","13054955","Flex Ducts","Flex Duct Round","","LEVEL 09","Flex - Round","250 mmø","","","250","NWB_DimHeight","","","","SKIP","no parsed value","","","","NWB_DimHeight","","","",""
"20260801_161107","NWB Dim AutoFill","MECHANICAL DUCTWORK LAYOUT - LEVEL 09","model","selection","skip","Both","skip-other-users","13054957","Ducts","Rectangular Duct","","LEVEL 09","Flanged Long Radius Elbows / Shoe Branch","250x200","250","200","","NWB_DimWidth","250","250","250","SKIP","existing-kept","instance","Shared Parameter","7626175","NWB_DimWidth","String","False","1","1"
"20260801_161107","NWB Dim AutoFill","MECHANICAL DUCTWORK LAYOUT - LEVEL 09","model","selection","skip","Both","skip-other-users","13054957","Ducts","Rectangular Duct","","LEVEL 09","Flanged Long Radius Elbows / Shoe Branch","250x200","250","200","","NWB_DimHeight","200","200","200","SKIP","existing-kept","instance","Shared Parameter","7626170","NWB_DimHeight","String","False","1","1"
"20260801_161107","NWB Dim AutoFill","MECHANICAL DUCTWORK LAYOUT - LEVEL 09","model","selection","skip","Both","skip-other-users","13054957","Ducts","Rectangular Duct","","LEVEL 09","Flanged Long Radius Elbows / Shoe Branch","250x200","250","200","","NWB_DimDiameter","","","","SKIP","no parsed value","","","","NWB_DimDiameter","","","",""
"20260801_161107","NWB Dim AutoFill","MECHANICAL DUCTWORK LAYOUT - LEVEL 09","model","selection","skip","Both","skip-other-users","13055017","Ducts","Rectangular Duct","","LEVEL 09","Flanged Long Radius Elbows / Shoe Branch","250x200","250","200","","NWB_DimWidth","250","250","250","SKIP","existing-kept","instance","Shared Parameter","7626175","NWB_DimWidth","String","False","1","1"
"20260801_161107","NWB Dim AutoFill","MECHANICAL DUCTWORK LAYOUT - LEVEL 09","model","selection","skip","Both","skip-other-users","13055017","Ducts","Rectangular Duct","","LEVEL 09","Flanged Long Radius Elbows / Shoe Branch","250x200","250","200","","NWB_DimHeight","200","200","200","SKIP","existing-kept","instance","Shared Parameter","7626170","NWB_DimHeight","String","False","1","1"
"20260801_161107","NWB Dim AutoFill","MECHANICAL DUCTWORK LAYOUT - LEVEL 09","model","selection","skip","Both","skip-other-users","13055017","Ducts","Rectangular Duct","","LEVEL 09","Flanged Long Radius Elbows / Shoe Branch","250x200","250","200","","NWB_DimDiameter","","","","SKIP","no parsed value","","","","NWB_DimDiameter","","","",""
"20260801_161107","NWB Dim AutoFill","MECHANICAL DUCTWORK LAYOUT - LEVEL 09","model","selection","skip","Both","skip-other-users","13055025","Duct Fittings","MHT-ME-DF-Rectangular Short Radius Bend - Flanged","","LEVEL 09","MHT-ME-DF-Rectangular Short Radius Bend - Flanged","200x250-200x250","200","250","","NWB_DimWidth","200","200","200","SKIP","existing-kept","instance","Shared Parameter","7626175","NWB_DimWidth","String","False","2","2"
"20260801_161107","NWB Dim AutoFill","MECHANICAL DUCTWORK LAYOUT - LEVEL 09","model","selection","skip","Both","skip-other-users","13055025","Duct Fittings","MHT-ME-DF-Rectangular Short Radius Bend - Flanged","","LEVEL 09","MHT-ME-DF-Rectangular Short Radius Bend - Flanged","200x250-200x250","200","250","","NWB_DimWidth","200","800","800","SKIP","existing-kept","instance","Shared Parameter","3045165","NWB_DimWidth","Double","False","2","2"
"20260801_161107","NWB Dim AutoFill","MECHANICAL DUCTWORK LAYOUT - LEVEL 09","model","selection","skip","Both","skip-other-users","13055025","Duct Fittings","MHT-ME-DF-Rectangular Short Radius Bend - Flanged","","LEVEL 09","MHT-ME-DF-Rectangular Short Radius Bend - Flanged","200x250-200x250","200","250","","NWB_DimHeight","250","250","250","SKIP","existing-kept","instance","Shared Parameter","7626170","NWB_DimHeight","String","False","2","2"
"20260801_161107","NWB Dim AutoFill","MECHANICAL DUCTWORK LAYOUT - LEVEL 09","model","selection","skip","Both","skip-other-users","13055025","Duct Fittings","MHT-ME-DF-Rectangular Short Radius Bend - Flanged","","LEVEL 09","MHT-ME-DF-Rectangular Short Radius Bend - Flanged","200x250-200x250","200","250","","NWB_DimHeight","250","150","150","SKIP","existing-kept","instance","Shared Parameter","3045163","NWB_DimHeight","Double","False","2","2"
"20260801_161107","NWB Dim AutoFill","MECHANICAL DUCTWORK LAYOUT - LEVEL 09","model","selection","skip","Both","skip-other-users","13055025","Duct Fittings","MHT-ME-DF-Rectangular Short Radius Bend - Flanged","","LEVEL 09","MHT-ME-DF-Rectangular Short Radius Bend - Flanged","200x250-200x250","200","250","","NWB_DimDiameter","","","","SKIP","no parsed value","","","","NWB_DimDiameter","","","",""
"20260801_161107","NWB Dim AutoFill","MECHANICAL DUCTWORK LAYOUT - LEVEL 09","model","selection","skip","Both","skip-other-users","13055028","Ducts","Rectangular Duct","","LEVEL 09","Flanged Long Radius Elbows / Shoe Branch","250x200","250","200","","NWB_DimWidth","250","250","250","SKIP","existing-kept","instance","Shared Parameter","7626175","NWB_DimWidth","String","False","1","1"
"20260801_161107","NWB Dim AutoFill","MECHANICAL DUCTWORK LAYOUT - LEVEL 09","model","selection","skip","Both","skip-other-users","13055028","Ducts","Rectangular Duct","","LEVEL 09","Flanged Long Radius Elbows / Shoe Branch","250x200","250","200","","NWB_DimHeight","200","200","200","SKIP","existing-kept","instance","Shared Parameter","7626170","NWB_DimHeight","String","False","1","1"
"20260801_161107","NWB Dim AutoFill","MECHANICAL DUCTWORK LAYOUT - LEVEL 09","model","selection","skip","Both","skip-other-users","13055028","Ducts","Rectangular Duct","","LEVEL 09","Flanged Long Radius Elbows / Shoe Branch","250x200","250","200","","NWB_DimDiameter","","","","SKIP","no parsed value","","","","NWB_DimDiameter","","","",""
"20260801_161107","NWB Dim AutoFill","MECHANICAL DUCTWORK LAYOUT - LEVEL 09","model","selection","skip","Both","skip-other-users","13055291","Ducts","Rectangular Duct","","LEVEL 09","Flanged Long Radius Elbows / Shoe Branch","250x200","250","200","","NWB_DimWidth","250","250","250","SKIP","existing-kept","instance","Shared Parameter","7626175","NWB_DimWidth","String","False","1","1"
"20260801_161107","NWB Dim AutoFill","MECHANICAL DUCTWORK LAYOUT - LEVEL 09","model","selection","skip","Both","skip-other-users","13055291","Ducts","Rectangular Duct","","LEVEL 09","Flanged Long Radius Elbows / Shoe Branch","250x200","250","200","","NWB_DimHeight","200","200","200","SKIP","existing-kept","instance","Shared Parameter","7626170","NWB_DimHeight","String","False","1","1"
"20260801_161107","NWB Dim AutoFill","MECHANICAL DUCTWORK LAYOUT - LEVEL 09","model","selection","skip","Both","skip-other-users","13055291","Ducts","Rectangular Duct","","LEVEL 09","Flanged Long Radius Elbows / Shoe Branch","250x200","250","200","","NWB_DimDiameter","","","","SKIP","no parsed value","","","","NWB_DimDiameter","","","",""
"20260801_161107","NWB Dim AutoFill","MECHANICAL DUCTWORK LAYOUT - LEVEL 09","model","selection","skip","Both","skip-other-users","13055299","Ducts","Rectangular Duct","","LEVEL 09","Flanged Long Radius Elbows / Shoe Branch","250x200","250","200","","NWB_DimWidth","250","250","250","SKIP","existing-kept","instance","Shared Parameter","7626175","NWB_DimWidth","String","False","1","1"
"20260801_161107","NWB Dim AutoFill","MECHANICAL DUCTWORK LAYOUT - LEVEL 09","model","selection","skip","Both","skip-other-users","13055299","Ducts","Rectangular Duct","","LEVEL 09","Flanged Long Radius Elbows / Shoe Branch","250x200","250","200","","NWB_DimHeight","200","200","200","SKIP","existing-kept","instance","Shared Parameter","7626170","NWB_DimHeight","String","False","1","1"
"20260801_161107","NWB Dim AutoFill","MECHANICAL DUCTWORK LAYOUT - LEVEL 09","model","selection","skip","Both","skip-other-users","13055299","Ducts","Rectangular Duct","","LEVEL 09","Flanged Long Radius Elbows / Shoe Branch","250x200","250","200","","NWB_DimDiameter","","","","SKIP","no parsed value","","","","NWB_DimDiameter","","","",""
"20260801_161107","NWB Dim AutoFill","MECHANICAL DUCTWORK LAYOUT - LEVEL 09","model","selection","skip","Both","skip-other-users","13055375","Duct Fittings","MHT-ME-DF-Rectangular Short Radius Bend - Flanged","","LEVEL 09","MHT-ME-DF-Rectangular Short Radius Bend - Flanged","200x250-200x250","200","250","","NWB_DimWidth","200","200","200","SKIP","existing-kept","instance","Shared Parameter","7626175","NWB_DimWidth","String","False","2","2"
"20260801_161107","NWB Dim AutoFill","MECHANICAL DUCTWORK LAYOUT - LEVEL 09","model","selection","skip","Both","skip-other-users","13055375","Duct Fittings","MHT-ME-DF-Rectangular Short Radius Bend - Flanged","","LEVEL 09","MHT-ME-DF-Rectangular Short Radius Bend - Flanged","200x250-200x250","200","250","","NWB_DimWidth","200","600","600","SKIP","existing-kept","instance","Shared Parameter","3045165","NWB_DimWidth","Double","False","2","2"
"20260801_161107","NWB Dim AutoFill","MECHANICAL DUCTWORK LAYOUT - LEVEL 09","model","selection","skip","Both","skip-other-users","13055375","Duct Fittings","MHT-ME-DF-Rectangular Short Radius Bend - Flanged","","LEVEL 09","MHT-ME-DF-Rectangular Short Radius Bend - Flanged","200x250-200x250","200","250","","NWB_DimHeight","250","250","250","SKIP","existing-kept","instance","Shared Parameter","7626170","NWB_DimHeight","String","False","2","2"
"20260801_161107","NWB Dim AutoFill","MECHANICAL DUCTWORK LAYOUT - LEVEL 09","model","selection","skip","Both","skip-other-users","13055375","Duct Fittings","MHT-ME-DF-Rectangular Short Radius Bend - Flanged","","LEVEL 09","MHT-ME-DF-Rectangular Short Radius Bend - Flanged","200x250-200x250","200","250","","NWB_DimHeight","250","150","150","SKIP","existing-kept","instance","Shared Parameter","3045163","NWB_DimHeight","Double","False","2","2"
"20260801_161107","NWB Dim AutoFill","MECHANICAL DUCTWORK LAYOUT - LEVEL 09","model","selection","skip","Both","skip-other-users","13055375","Duct Fittings","MHT-ME-DF-Rectangular Short Radius Bend - Flanged","","LEVEL 09","MHT-ME-DF-Rectangular Short Radius Bend - Flanged","200x250-200x250","200","250","","NWB_DimDiameter","","","","SKIP","no parsed value","","","","NWB_DimDiameter","","","",""
"20260801_161107","NWB Dim AutoFill","MECHANICAL DUCTWORK LAYOUT - LEVEL 09","model","selection","skip","Both","skip-other-users","13055379","Ducts","Rectangular Duct","","LEVEL 09","Flanged Long Radius Elbows / Shoe Branch","250x200","250","200","","NWB_DimWidth","250","250","250","SKIP","existing-kept","instance","Shared Parameter","7626175","NWB_DimWidth","String","False","1","1"
"20260801_161107","NWB Dim AutoFill","MECHANICAL DUCTWORK LAYOUT - LEVEL 09","model","selection","skip","Both","skip-other-users","13055379","Ducts","Rectangular Duct","","LEVEL 09","Flanged Long Radius Elbows / Shoe Branch","250x200","250","200","","NWB_DimHeight","200","200","200","SKIP","existing-kept","instance","Shared Parameter","7626170","NWB_DimHeight","String","False","1","1"
"20260801_161107","NWB Dim AutoFill","MECHANICAL DUCTWORK LAYOUT - LEVEL 09","model","selection","skip","Both","skip-other-users","13055379","Ducts","Rectangular Duct","","LEVEL 09","Flanged Long Radius Elbows / Shoe Branch","250x200","250","200","","NWB_DimDiameter","","","","SKIP","no parsed value","","","","NWB_DimDiameter","","","",""
"20260801_161107","NWB Dim AutoFill","MECHANICAL DUCTWORK LAYOUT - LEVEL 09","model","selection","skip","Both","skip-other-users","13055386","Duct Fittings","MHT-ME-DF-Rectangular Short Radius Bend - Flanged","","LEVEL 09","MHT-ME-DF-Rectangular Short Radius Bend - Flanged","200x250-200x250","200","250","","NWB_DimWidth","200","200","200","SKIP","existing-kept","instance","Shared Parameter","7626175","NWB_DimWidth","String","False","2","2"
"20260801_161107","NWB Dim AutoFill","MECHANICAL DUCTWORK LAYOUT - LEVEL 09","model","selection","skip","Both","skip-other-users","13055386","Duct Fittings","MHT-ME-DF-Rectangular Short Radius Bend - Flanged","","LEVEL 09","MHT-ME-DF-Rectangular Short Radius Bend - Flanged","200x250-200x250","200","250","","NWB_DimWidth","200","200","200","SKIP","existing-kept","instance","Shared Parameter","3045165","NWB_DimWidth","Double","False","2","2"
"20260801_161107","NWB Dim AutoFill","MECHANICAL DUCTWORK LAYOUT - LEVEL 09","model","selection","skip","Both","skip-other-users","13055386","Duct Fittings","MHT-ME-DF-Rectangular Short Radius Bend - Flanged","","LEVEL 09","MHT-ME-DF-Rectangular Short Radius Bend - Flanged","200x250-200x250","200","250","","NWB_DimHeight","250","250","250","SKIP","existing-kept","instance","Shared Parameter","7626170","NWB_DimHeight","String","False","2","2"
"20260801_161107","NWB Dim AutoFill","MECHANICAL DUCTWORK LAYOUT - LEVEL 09","model","selection","skip","Both","skip-other-users","13055386","Duct Fittings","MHT-ME-DF-Rectangular Short Radius Bend - Flanged","","LEVEL 09","MHT-ME-DF-Rectangular Short Radius Bend - Flanged","200x250-200x250","200","250","","NWB_DimHeight","250","250","250","SKIP","existing-kept","instance","Shared Parameter","3045163","NWB_DimHeight","Double","False","2","2"
"20260801_161107","NWB Dim AutoFill","MECHANICAL DUCTWORK LAYOUT - LEVEL 09","model","selection","skip","Both","skip-other-users","13055386","Duct Fittings","MHT-ME-DF-Rectangular Short Radius Bend - Flanged","","LEVEL 09","MHT-ME-DF-Rectangular Short Radius Bend - Flanged","200x250-200x250","200","250","","NWB_DimDiameter","","","","SKIP","no parsed value","","","","NWB_DimDiameter","","","",""
"20260801_161107","NWB Dim AutoFill","MECHANICAL DUCTWORK LAYOUT - LEVEL 09","model","selection","skip","Both","skip-other-users","13055389","Ducts","Rectangular Duct","","LEVEL 09","Flanged Long Radius Elbows / Shoe Branch","250x200","250","200","","NWB_DimWidth","250","250","250","SKIP","existing-kept","instance","Shared Parameter","7626175","NWB_DimWidth","String","False","1","1"
"20260801_161107","NWB Dim AutoFill","MECHANICAL DUCTWORK LAYOUT - LEVEL 09","model","selection","skip","Both","skip-other-users","13055389","Ducts","Rectangular Duct","","LEVEL 09","Flanged Long Radius Elbows / Shoe Branch","250x200","250","200","","NWB_DimHeight","200","200","200","SKIP","existing-kept","instance","Shared Parameter","7626170","NWB_DimHeight","String","False","1","1"
"20260801_161107","NWB Dim AutoFill","MECHANICAL DUCTWORK LAYOUT - LEVEL 09","model","selection","skip","Both","skip-other-users","13055389","Ducts","Rectangular Duct","","LEVEL 09","Flanged Long Radius Elbows / Shoe Branch","250x200","250","200","","NWB_DimDiameter","","","","SKIP","no parsed value","","","","NWB_DimDiameter","","","",""
"20260801_161107","NWB Dim AutoFill","MECHANICAL DUCTWORK LAYOUT - LEVEL 09","model","selection","skip","Both","skip-other-users","13055537","Ducts","Rectangular Duct","","LEVEL 09","Flanged Long Radius Elbows / Shoe Branch","1000x500","1000","500","","NWB_DimWidth","1000","1000","1000","SKIP","existing-kept","instance","Shared Parameter","7626175","NWB_DimWidth","String","False","1","1"
"20260801_161107","NWB Dim AutoFill","MECHANICAL DUCTWORK LAYOUT - LEVEL 09","model","selection","skip","Both","skip-other-users","13055537","Ducts","Rectangular Duct","","LEVEL 09","Flanged Long Radius Elbows / Shoe Branch","1000x500","1000","500","","NWB_DimHeight","500","500","500","SKIP","existing-kept","instance","Shared Parameter","7626170","NWB_DimHeight","String","False","1","1"
"20260801_161107","NWB Dim AutoFill","MECHANICAL DUCTWORK LAYOUT - LEVEL 09","model","selection","skip","Both","skip-other-users","13055537","Ducts","Rectangular Duct","","LEVEL 09","Flanged Long Radius Elbows / Shoe Branch","1000x500","1000","500","","NWB_DimDiameter","","","","SKIP","no parsed value","","","","NWB_DimDiameter","","","",""
"20260801_161107","NWB Dim AutoFill","MECHANICAL DUCTWORK LAYOUT - LEVEL 09","model","selection","skip","Both","skip-other-users","13055646","Air Terminals","AIR_LOUVER_N","","LEVEL 09","FRESH AIR LOUVER","0x500","0","500","0","NWB_DimWidth","0","1000","1000","SKIP","existing-kept","instance","Shared Parameter","7626175","NWB_DimWidth","String","False","1","1"
"20260801_161107","NWB Dim AutoFill","MECHANICAL DUCTWORK LAYOUT - LEVEL 09","model","selection","skip","Both","skip-other-users","13055646","Air Terminals","AIR_LOUVER_N","","LEVEL 09","FRESH AIR LOUVER","0x500","0","500","0","NWB_DimHeight","500","500","500","SKIP","existing-kept","instance","Shared Parameter","7626170","NWB_DimHeight","String","False","1","1"
"20260801_161107","NWB Dim AutoFill","MECHANICAL DUCTWORK LAYOUT - LEVEL 09","model","selection","skip","Both","skip-other-users","13055823","Ducts","Rectangular Duct","","LEVEL 09","Flanged Long Radius Elbows / Shoe Branch","400x300","400","300","","NWB_DimWidth","400","400","400","SKIP","existing-kept","instance","Shared Parameter","7626175","NWB_DimWidth","String","False","1","1"
"20260801_161107","NWB Dim AutoFill","MECHANICAL DUCTWORK LAYOUT - LEVEL 09","model","selection","skip","Both","skip-other-users","13055823","Ducts","Rectangular Duct","","LEVEL 09","Flanged Long Radius Elbows / Shoe Branch","400x300","400","300","","NWB_DimHeight","300","300","300","SKIP","existing-kept","instance","Shared Parameter","7626170","NWB_DimHeight","String","False","1","1"
"20260801_161107","NWB Dim AutoFill","MECHANICAL DUCTWORK LAYOUT - LEVEL 09","model","selection","skip","Both","skip-other-users","13055823","Ducts","Rectangular Duct","","LEVEL 09","Flanged Long Radius Elbows / Shoe Branch","400x300","400","300","","NWB_DimDiameter","","","","SKIP","no parsed value","","","","NWB_DimDiameter","","","",""
"20260801_161107","NWB Dim AutoFill","MECHANICAL DUCTWORK LAYOUT - LEVEL 09","model","selection","skip","Both","skip-other-users","13056253","Ducts","Rectangular Duct","","LEVEL 09","Flanged Long Radius Elbows / Shoe Branch","250x200","250","200","","NWB_DimWidth","250","250","250","SKIP","existing-kept","instance","Shared Parameter","7626175","NWB_DimWidth","String","False","1","1"
"20260801_161107","NWB Dim AutoFill","MECHANICAL DUCTWORK LAYOUT - LEVEL 09","model","selection","skip","Both","skip-other-users","13056253","Ducts","Rectangular Duct","","LEVEL 09","Flanged Long Radius Elbows / Shoe Branch","250x200","250","200","","NWB_DimHeight","200","200","200","SKIP","existing-kept","instance","Shared Parameter","7626170","NWB_DimHeight","String","False","1","1"
"20260801_161107","NWB Dim AutoFill","MECHANICAL DUCTWORK LAYOUT - LEVEL 09","model","selection","skip","Both","skip-other-users","13056253","Ducts","Rectangular Duct","","LEVEL 09","Flanged Long Radius Elbows / Shoe Branch","250x200","250","200","","NWB_DimDiameter","","","","SKIP","no parsed value","","","","NWB_DimDiameter","","","",""
"20260801_161107","NWB Dim AutoFill","MECHANICAL DUCTWORK LAYOUT - LEVEL 09","model","selection","skip","Both","skip-other-users","13056255","Duct Fittings","MHT-ME-DF-Rectangular Short Radius Bend - Flanged","","LEVEL 09","MHT-ME-DF-Rectangular Short Radius Bend - Flanged","250x200-250x200","250","200","","NWB_DimWidth","250","250","250","SKIP","existing-kept","instance","Shared Parameter","7626175","NWB_DimWidth","String","False","2","2"
"20260801_161107","NWB Dim AutoFill","MECHANICAL DUCTWORK LAYOUT - LEVEL 09","model","selection","skip","Both","skip-other-users","13056255","Duct Fittings","MHT-ME-DF-Rectangular Short Radius Bend - Flanged","","LEVEL 09","MHT-ME-DF-Rectangular Short Radius Bend - Flanged","250x200-250x200","250","200","","NWB_DimWidth","250","200","200","SKIP","existing-kept","instance","Shared Parameter","3045165","NWB_DimWidth","Double","False","2","2"
"20260801_161107","NWB Dim AutoFill","MECHANICAL DUCTWORK LAYOUT - LEVEL 09","model","selection","skip","Both","skip-other-users","13056255","Duct Fittings","MHT-ME-DF-Rectangular Short Radius Bend - Flanged","","LEVEL 09","MHT-ME-DF-Rectangular Short Radius Bend - Flanged","250x200-250x200","250","200","","NWB_DimHeight","200","200","200","SKIP","existing-kept","instance","Shared Parameter","7626170","NWB_DimHeight","String","False","2","2"
"20260801_161107","NWB Dim AutoFill","MECHANICAL DUCTWORK LAYOUT - LEVEL 09","model","selection","skip","Both","skip-other-users","13056255","Duct Fittings","MHT-ME-DF-Rectangular Short Radius Bend - Flanged","","LEVEL 09","MHT-ME-DF-Rectangular Short Radius Bend - Flanged","250x200-250x200","250","200","","NWB_DimHeight","200","250","250","SKIP","existing-kept","instance","Shared Parameter","3045163","NWB_DimHeight","Double","False","2","2"
"20260801_161107","NWB Dim AutoFill","MECHANICAL DUCTWORK LAYOUT - LEVEL 09","model","selection","skip","Both","skip-other-users","13056255","Duct Fittings","MHT-ME-DF-Rectangular Short Radius Bend - Flanged","","LEVEL 09","MHT-ME-DF-Rectangular Short Radius Bend - Flanged","250x200-250x200","250","200","","NWB_DimDiameter","","","","SKIP","no parsed value","","","","NWB_DimDiameter","","","",""
"20260801_161107","NWB Dim AutoFill","MECHANICAL DUCTWORK LAYOUT - LEVEL 09","model","selection","skip","Both","skip-other-users","13056530","Ducts","Rectangular Duct","","LEVEL 09","Flanged Long Radius Elbows / Shoe Branch","400x300","400","300","","NWB_DimWidth","400","400","400","SKIP","existing-kept","instance","Shared Parameter","7626175","NWB_DimWidth","String","False","1","1"
"20260801_161107","NWB Dim AutoFill","MECHANICAL DUCTWORK LAYOUT - LEVEL 09","model","selection","skip","Both","skip-other-users","13056530","Ducts","Rectangular Duct","","LEVEL 09","Flanged Long Radius Elbows / Shoe Branch","400x300","400","300","","NWB_DimHeight","300","300","300","SKIP","existing-kept","instance","Shared Parameter","7626170","NWB_DimHeight","String","False","1","1"
"20260801_161107","NWB Dim AutoFill","MECHANICAL DUCTWORK LAYOUT - LEVEL 09","model","selection","skip","Both","skip-other-users","13056530","Ducts","Rectangular Duct","","LEVEL 09","Flanged Long Radius Elbows / Shoe Branch","400x300","400","300","","NWB_DimDiameter","","","","SKIP","no parsed value","","","","NWB_DimDiameter","","","",""
"20260801_161107","NWB Dim AutoFill","MECHANICAL DUCTWORK LAYOUT - LEVEL 09","model","selection","skip","Both","skip-other-users","13056753","Air Terminals","MHT_AT_S Air Diff Swirl","","LEVEL 09","No Damper","600x350","600","350","250","NWB_DimDiameter","250","250ø","250ø","SKIP","existing-kept","instance","Shared Parameter","7626172","NWB_DimDiameter","String","False","1","1"
"20260801_161107","NWB Dim AutoFill","MECHANICAL DUCTWORK LAYOUT - LEVEL 09","model","selection","skip","Both","skip-other-users","13058696","Ducts","Rectangular Duct","","LEVEL 09","Flanged Long Radius Elbows / Shoe Branch","400x300","400","300","","NWB_DimWidth","400","400","400","SKIP","existing-kept","instance","Shared Parameter","7626175","NWB_DimWidth","String","False","1","1"
"20260801_161107","NWB Dim AutoFill","MECHANICAL DUCTWORK LAYOUT - LEVEL 09","model","selection","skip","Both","skip-other-users","13058696","Ducts","Rectangular Duct","","LEVEL 09","Flanged Long Radius Elbows / Shoe Branch","400x300","400","300","","NWB_DimHeight","300","300","300","SKIP","existing-kept","instance","Shared Parameter","7626170","NWB_DimHeight","String","False","1","1"
"20260801_161107","NWB Dim AutoFill","MECHANICAL DUCTWORK LAYOUT - LEVEL 09","model","selection","skip","Both","skip-other-users","13058696","Ducts","Rectangular Duct","","LEVEL 09","Flanged Long Radius Elbows / Shoe Branch","400x300","400","300","","NWB_DimDiameter","","","","SKIP","no parsed value","","","","NWB_DimDiameter","","","",""
"20260801_161107","NWB Dim AutoFill","MECHANICAL DUCTWORK LAYOUT - LEVEL 09","model","selection","skip","Both","skip-other-users","13060677","Flex Ducts","Flex Duct Round","","LEVEL 09","Flex - Round","250 mmø","","","250","NWB_DimWidth","","","","SKIP","no parsed value","","","","NWB_DimWidth","","","",""
"20260801_161107","NWB Dim AutoFill","MECHANICAL DUCTWORK LAYOUT - LEVEL 09","model","selection","skip","Both","skip-other-users","13060677","Flex Ducts","Flex Duct Round","","LEVEL 09","Flex - Round","250 mmø","","","250","NWB_DimHeight","","","","SKIP","no parsed value","","","","NWB_DimHeight","","","",""
"20260801_161107","NWB Dim AutoFill","MECHANICAL DUCTWORK LAYOUT - LEVEL 09","model","selection","skip","Both","skip-other-users","13061680","Flex Ducts","Flex Duct Round","","LEVEL 09","Flex - Round","300 mmø","","","300","NWB_DimWidth","","","","SKIP","no parsed value","","","","NWB_DimWidth","","","",""
"20260801_161107","NWB Dim AutoFill","MECHANICAL DUCTWORK LAYOUT - LEVEL 09","model","selection","skip","Both","skip-other-users","13061680","Flex Ducts","Flex Duct Round","","LEVEL 09","Flex - Round","300 mmø","","","300","NWB_DimHeight","","","","SKIP","no parsed value","","","","NWB_DimHeight","","","",""
"20260801_161107","NWB Dim AutoFill","MECHANICAL DUCTWORK LAYOUT - LEVEL 09","model","selection","skip","Both","skip-other-users","13064734","Flex Ducts","Flex Duct Round","","LEVEL 09","Flex - Round","200 mmø","","","200","NWB_DimWidth","","","","SKIP","no parsed value","","","","NWB_DimWidth","","","",""
"20260801_161107","NWB Dim AutoFill","MECHANICAL DUCTWORK LAYOUT - LEVEL 09","model","selection","skip","Both","skip-other-users","13064734","Flex Ducts","Flex Duct Round","","LEVEL 09","Flex - Round","200 mmø","","","200","NWB_DimHeight","","","","SKIP","no parsed value","","","","NWB_DimHeight","","","",""
"20260801_161107","NWB Dim AutoFill","MECHANICAL DUCTWORK LAYOUT - LEVEL 09","model","selection","skip","Both","skip-other-users","13075924","Air Terminals","MHT_AT_S Air Diff Swirl","","LEVEL 09","No Damper","600x350","600","350","250","NWB_DimDiameter","250","250ø","250ø","SKIP","existing-kept","instance","Shared Parameter","7626172","NWB_DimDiameter","String","False","1","1"
"20260801_161107","NWB Dim AutoFill","MECHANICAL DUCTWORK LAYOUT - LEVEL 09","model","selection","skip","Both","skip-other-users","13293508","Ducts","Rectangular Duct","","LEVEL 09","Flanged Long Radius Elbows / Shoe Branch","300x300","300","300","","NWB_DimWidth","300","300","300","SKIP","existing-kept","instance","Shared Parameter","7626175","NWB_DimWidth","String","False","1","1"
"20260801_161107","NWB Dim AutoFill","MECHANICAL DUCTWORK LAYOUT - LEVEL 09","model","selection","skip","Both","skip-other-users","13293508","Ducts","Rectangular Duct","","LEVEL 09","Flanged Long Radius Elbows / Shoe Branch","300x300","300","300","","NWB_DimHeight","300","300","300","SKIP","existing-kept","instance","Shared Parameter","7626170","NWB_DimHeight","String","False","1","1"
"20260801_161107","NWB Dim AutoFill","MECHANICAL DUCTWORK LAYOUT - LEVEL 09","model","selection","skip","Both","skip-other-users","13293508","Ducts","Rectangular Duct","","LEVEL 09","Flanged Long Radius Elbows / Shoe Branch","300x300","300","300","","NWB_DimDiameter","","","","SKIP","no parsed value","","","","NWB_DimDiameter","","","",""
"20260801_161107","NWB Dim AutoFill","MECHANICAL DUCTWORK LAYOUT - LEVEL 09","model","selection","skip","Both","skip-other-users","13293511","Ducts","Rectangular Duct","","LEVEL 09","Flanged Long Radius Elbows / Shoe Branch","300x300","300","300","","NWB_DimWidth","300","300","300","SKIP","existing-kept","instance","Shared Parameter","7626175","NWB_DimWidth","String","False","1","1"
"20260801_161107","NWB Dim AutoFill","MECHANICAL DUCTWORK LAYOUT - LEVEL 09","model","selection","skip","Both","skip-other-users","13293511","Ducts","Rectangular Duct","","LEVEL 09","Flanged Long Radius Elbows / Shoe Branch","300x300","300","300","","NWB_DimHeight","300","300","300","SKIP","existing-kept","instance","Shared Parameter","7626170","NWB_DimHeight","String","False","1","1"
"20260801_161107","NWB Dim AutoFill","MECHANICAL DUCTWORK LAYOUT - LEVEL 09","model","selection","skip","Both","skip-other-users","13293511","Ducts","Rectangular Duct","","LEVEL 09","Flanged Long Radius Elbows / Shoe Branch","300x300","300","300","","NWB_DimDiameter","","","","SKIP","no parsed value","","","","NWB_DimDiameter","","","",""
"20260801_161107","NWB Dim AutoFill","MECHANICAL DUCTWORK LAYOUT - LEVEL 09","model","selection","skip","Both","skip-other-users","13293512","Air Terminals","MHT-ME-AT - Supply Air Grille","","","MHT-ME-AT - 300x300","0x1","0","1","0","NWB_DimWidth","0","300","300","SKIP","existing-kept","instance","Shared Parameter","7626175","NWB_DimWidth","String","False","1","1"
"20260801_161107","NWB Dim AutoFill","MECHANICAL DUCTWORK LAYOUT - LEVEL 09","model","selection","skip","Both","skip-other-users","13293512","Air Terminals","MHT-ME-AT - Supply Air Grille","","","MHT-ME-AT - 300x300","0x1","0","1","0","NWB_DimHeight","1","300","300","SKIP","existing-kept","instance","Shared Parameter","7626170","NWB_DimHeight","String","False","1","1"
"20260801_161107","NWB Dim AutoFill","MECHANICAL DUCTWORK LAYOUT - LEVEL 09","model","selection","skip","Both","skip-other-users","13293515","Ducts","Rectangular Duct","","LEVEL 09","Flanged Long Radius Elbows / Shoe Branch","300x300","300","300","","NWB_DimWidth","300","300","300","SKIP","existing-kept","instance","Shared Parameter","7626175","NWB_DimWidth","String","False","1","1"
"20260801_161107","NWB Dim AutoFill","MECHANICAL DUCTWORK LAYOUT - LEVEL 09","model","selection","skip","Both","skip-other-users","13293515","Ducts","Rectangular Duct","","LEVEL 09","Flanged Long Radius Elbows / Shoe Branch","300x300","300","300","","NWB_DimHeight","300","300","300","SKIP","existing-kept","instance","Shared Parameter","7626170","NWB_DimHeight","String","False","1","1"
"20260801_161107","NWB Dim AutoFill","MECHANICAL DUCTWORK LAYOUT - LEVEL 09","model","selection","skip","Both","skip-other-users","13293515","Ducts","Rectangular Duct","","LEVEL 09","Flanged Long Radius Elbows / Shoe Branch","300x300","300","300","","NWB_DimDiameter","","","","SKIP","no parsed value","","","","NWB_DimDiameter","","","",""
"20260801_161107","NWB Dim AutoFill","MECHANICAL DUCTWORK LAYOUT - LEVEL 09","model","selection","skip","Both","skip-other-users","13293516","Duct Fittings","MHT_Rectangular Elbow - Mitered - Single Thickness Vanes","","LEVEL 09","Standard","300x300-300x300","300","300","","NWB_DimWidth","300","300","300","SKIP","existing-kept","instance","Shared Parameter","7626175","NWB_DimWidth","String","False","1","1"
"20260801_161107","NWB Dim AutoFill","MECHANICAL DUCTWORK LAYOUT - LEVEL 09","model","selection","skip","Both","skip-other-users","13293516","Duct Fittings","MHT_Rectangular Elbow - Mitered - Single Thickness Vanes","","LEVEL 09","Standard","300x300-300x300","300","300","","NWB_DimHeight","300","300","300","SKIP","existing-kept","instance","Shared Parameter","7626170","NWB_DimHeight","String","False","1","1"
"20260801_161107","NWB Dim AutoFill","MECHANICAL DUCTWORK LAYOUT - LEVEL 09","model","selection","skip","Both","skip-other-users","13293516","Duct Fittings","MHT_Rectangular Elbow - Mitered - Single Thickness Vanes","","LEVEL 09","Standard","300x300-300x300","300","300","","NWB_DimDiameter","","","","SKIP","no parsed value","","","","NWB_DimDiameter","","","",""
"20260801_161107","NWB Dim AutoFill","MECHANICAL DUCTWORK LAYOUT - LEVEL 09","model","selection","skip","Both","skip-other-users","13293518","Duct Fittings","MHT_Rectangular Elbow - Mitered - Single Thickness Vanes","","LEVEL 09","Standard","300x300-300x300","300","300","","NWB_DimWidth","300","300","300","SKIP","existing-kept","instance","Shared Parameter","7626175","NWB_DimWidth","String","False","1","1"
"20260801_161107","NWB Dim AutoFill","MECHANICAL DUCTWORK LAYOUT - LEVEL 09","model","selection","skip","Both","skip-other-users","13293518","Duct Fittings","MHT_Rectangular Elbow - Mitered - Single Thickness Vanes","","LEVEL 09","Standard","300x300-300x300","300","300","","NWB_DimHeight","300","300","300","SKIP","existing-kept","instance","Shared Parameter","7626170","NWB_DimHeight","String","False","1","1"
"20260801_161107","NWB Dim AutoFill","MECHANICAL DUCTWORK LAYOUT - LEVEL 09","model","selection","skip","Both","skip-other-users","13293518","Duct Fittings","MHT_Rectangular Elbow - Mitered - Single Thickness Vanes","","LEVEL 09","Standard","300x300-300x300","300","300","","NWB_DimDiameter","","","","SKIP","no parsed value","","","","NWB_DimDiameter","","","",""
"20260801_161107","NWB Dim AutoFill","MECHANICAL DUCTWORK LAYOUT - LEVEL 09","model","selection","skip","Both","skip-other-users","13382594","Ducts","Rectangular Duct","","LEVEL 09","Flanged Long Radius Elbows / Shoe Branch","200x200","200","200","","NWB_DimWidth","200","200","200","SKIP","existing-kept","instance","Shared Parameter","7626175","NWB_DimWidth","String","False","1","1"
"20260801_161107","NWB Dim AutoFill","MECHANICAL DUCTWORK LAYOUT - LEVEL 09","model","selection","skip","Both","skip-other-users","13382594","Ducts","Rectangular Duct","","LEVEL 09","Flanged Long Radius Elbows / Shoe Branch","200x200","200","200","","NWB_DimHeight","200","200","200","SKIP","existing-kept","instance","Shared Parameter","7626170","NWB_DimHeight","String","False","1","1"
"20260801_161107","NWB Dim AutoFill","MECHANICAL DUCTWORK LAYOUT - LEVEL 09","model","selection","skip","Both","skip-other-users","13382594","Ducts","Rectangular Duct","","LEVEL 09","Flanged Long Radius Elbows / Shoe Branch","200x200","200","200","","NWB_DimDiameter","","","","SKIP","no parsed value","","","","NWB_DimDiameter","","","",""
"20260801_161107","NWB Dim AutoFill","MECHANICAL DUCTWORK LAYOUT - LEVEL 09","model","selection","skip","Both","skip-other-users","13382595","Air Terminals","MHT-ME-AT - Supply Air Grille","","","MHT-ME-AT - 300x300","0x1","0","1","0","NWB_DimWidth","0","300","300","SKIP","existing-kept","instance","Shared Parameter","7626175","NWB_DimWidth","String","False","1","1"
"20260801_161107","NWB Dim AutoFill","MECHANICAL DUCTWORK LAYOUT - LEVEL 09","model","selection","skip","Both","skip-other-users","13382595","Air Terminals","MHT-ME-AT - Supply Air Grille","","","MHT-ME-AT - 300x300","0x1","0","1","0","NWB_DimHeight","1","300","300","SKIP","existing-kept","instance","Shared Parameter","7626170","NWB_DimHeight","String","False","1","1"
"20260801_161107","NWB Dim AutoFill","MECHANICAL DUCTWORK LAYOUT - LEVEL 09","model","selection","skip","Both","skip-other-users","13382601","Ducts","Rectangular Duct","","LEVEL 09","Flanged Long Radius Elbows / Shoe Branch","200x200","200","200","","NWB_DimWidth","200","200","200","SKIP","existing-kept","instance","Shared Parameter","7626175","NWB_DimWidth","String","False","1","1"
"20260801_161107","NWB Dim AutoFill","MECHANICAL DUCTWORK LAYOUT - LEVEL 09","model","selection","skip","Both","skip-other-users","13382601","Ducts","Rectangular Duct","","LEVEL 09","Flanged Long Radius Elbows / Shoe Branch","200x200","200","200","","NWB_DimHeight","200","200","200","SKIP","existing-kept","instance","Shared Parameter","7626170","NWB_DimHeight","String","False","1","1"
"20260801_161107","NWB Dim AutoFill","MECHANICAL DUCTWORK LAYOUT - LEVEL 09","model","selection","skip","Both","skip-other-users","13382601","Ducts","Rectangular Duct","","LEVEL 09","Flanged Long Radius Elbows / Shoe Branch","200x200","200","200","","NWB_DimDiameter","","","","SKIP","no parsed value","","","","NWB_DimDiameter","","","",""
"20260801_161107","NWB Dim AutoFill","MECHANICAL DUCTWORK LAYOUT - LEVEL 09","model","selection","skip","Both","skip-other-users","13382602","Duct Fittings","MHT-ME-DF-Rectangular Eccentric Taper - Flanged-01","","LEVEL 09","Standard","300x300-200x200","300","300","","NWB_DimWidth","300","300","300","SKIP","existing-kept","instance","Shared Parameter","7626175","NWB_DimWidth","String","False","2","2"
"20260801_161107","NWB Dim AutoFill","MECHANICAL DUCTWORK LAYOUT - LEVEL 09","model","selection","skip","Both","skip-other-users","13382602","Duct Fittings","MHT-ME-DF-Rectangular Eccentric Taper - Flanged-01","","LEVEL 09","Standard","300x300-200x200","300","300","","NWB_DimWidth","300","350","350","SKIP","existing-kept","instance","Shared Parameter","3045165","NWB_DimWidth","Double","False","2","2"
"20260801_161107","NWB Dim AutoFill","MECHANICAL DUCTWORK LAYOUT - LEVEL 09","model","selection","skip","Both","skip-other-users","13382602","Duct Fittings","MHT-ME-DF-Rectangular Eccentric Taper - Flanged-01","","LEVEL 09","Standard","300x300-200x200","300","300","","NWB_DimHeight","300","300","300","SKIP","existing-kept","instance","Shared Parameter","7626170","NWB_DimHeight","String","False","2","2"
"20260801_161107","NWB Dim AutoFill","MECHANICAL DUCTWORK LAYOUT - LEVEL 09","model","selection","skip","Both","skip-other-users","13382602","Duct Fittings","MHT-ME-DF-Rectangular Eccentric Taper - Flanged-01","","LEVEL 09","Standard","300x300-200x200","300","300","","NWB_DimHeight","300","300","300","SKIP","existing-kept","instance","Shared Parameter","3045163","NWB_DimHeight","Double","False","2","2"
"20260801_161107","NWB Dim AutoFill","MECHANICAL DUCTWORK LAYOUT - LEVEL 09","model","selection","skip","Both","skip-other-users","13382602","Duct Fittings","MHT-ME-DF-Rectangular Eccentric Taper - Flanged-01","","LEVEL 09","Standard","300x300-200x200","300","300","","NWB_DimDiameter","","","","SKIP","no parsed value","","","","NWB_DimDiameter","","","",""
"20260801_161107","NWB Dim AutoFill","MECHANICAL DUCTWORK LAYOUT - LEVEL 09","model","selection","skip","Both","skip-other-users","13382609","Duct Fittings","MHT_Rectangular Elbow - Mitered - Single Thickness Vanes","","LEVEL 09","Standard","200x200-200x200","200","200","","NWB_DimWidth","200","300","300","SKIP","existing-kept","instance","Shared Parameter","7626175","NWB_DimWidth","String","False","1","1"
"20260801_161107","NWB Dim AutoFill","MECHANICAL DUCTWORK LAYOUT - LEVEL 09","model","selection","skip","Both","skip-other-users","13382609","Duct Fittings","MHT_Rectangular Elbow - Mitered - Single Thickness Vanes","","LEVEL 09","Standard","200x200-200x200","200","200","","NWB_DimHeight","200","0","0","SKIP","existing-kept","instance","Shared Parameter","7626170","NWB_DimHeight","String","False","1","1"
"20260801_161107","NWB Dim AutoFill","MECHANICAL DUCTWORK LAYOUT - LEVEL 09","model","selection","skip","Both","skip-other-users","13382609","Duct Fittings","MHT_Rectangular Elbow - Mitered - Single Thickness Vanes","","LEVEL 09","Standard","200x200-200x200","200","200","","NWB_DimDiameter","","","","SKIP","no parsed value","","","","NWB_DimDiameter","","","",""
"20260801_161107","NWB Dim AutoFill","MECHANICAL DUCTWORK LAYOUT - LEVEL 09","model","selection","skip","Both","skip-other-users","13561571","Ducts","Rectangular Duct","","LEVEL 09","Flanged Long Radius Elbows / Shoe Branch","400x250","400","250","","NWB_DimWidth","400","400","400","SKIP","existing-kept","instance","Shared Parameter","7626175","NWB_DimWidth","String","False","1","1"
"20260801_161107","NWB Dim AutoFill","MECHANICAL DUCTWORK LAYOUT - LEVEL 09","model","selection","skip","Both","skip-other-users","13561571","Ducts","Rectangular Duct","","LEVEL 09","Flanged Long Radius Elbows / Shoe Branch","400x250","400","250","","NWB_DimHeight","250","250","250","SKIP","existing-kept","instance","Shared Parameter","7626170","NWB_DimHeight","String","False","1","1"
"20260801_161107","NWB Dim AutoFill","MECHANICAL DUCTWORK LAYOUT - LEVEL 09","model","selection","skip","Both","skip-other-users","13561571","Ducts","Rectangular Duct","","LEVEL 09","Flanged Long Radius Elbows / Shoe Branch","400x250","400","250","","NWB_DimDiameter","","","","SKIP","no parsed value","","","","NWB_DimDiameter","","","",""
"20260801_161107","NWB Dim AutoFill","MECHANICAL DUCTWORK LAYOUT - LEVEL 09","model","selection","skip","Both","skip-other-users","13561587","Duct Fittings","MHT-ME-DF-Rectangular Eccentric Taper - Flanged-Manula Length","","LEVEL 09","MHT-ME-DF-Rectangular Eccentric Taper - Flanged-Manual Length","600x600-400x250","600","600","","NWB_DimWidth","600","600","600","SKIP","existing-kept","instance","Shared Parameter","7626175","NWB_DimWidth","String","False","1","1"
"20260801_161107","NWB Dim AutoFill","MECHANICAL DUCTWORK LAYOUT - LEVEL 09","model","selection","skip","Both","skip-other-users","13561587","Duct Fittings","MHT-ME-DF-Rectangular Eccentric Taper - Flanged-Manula Length","","LEVEL 09","MHT-ME-DF-Rectangular Eccentric Taper - Flanged-Manual Length","600x600-400x250","600","600","","NWB_DimHeight","600","600","600","SKIP","existing-kept","instance","Shared Parameter","7626170","NWB_DimHeight","String","False","1","1"
"20260801_161107","NWB Dim AutoFill","MECHANICAL DUCTWORK LAYOUT - LEVEL 09","model","selection","skip","Both","skip-other-users","13561587","Duct Fittings","MHT-ME-DF-Rectangular Eccentric Taper - Flanged-Manula Length","","LEVEL 09","MHT-ME-DF-Rectangular Eccentric Taper - Flanged-Manual Length","600x600-400x250","600","600","","NWB_DimDiameter","","","","SKIP","no parsed value","","","","NWB_DimDiameter","","","",""
"20260801_161107","NWB Dim AutoFill","MECHANICAL DUCTWORK LAYOUT - LEVEL 09","model","selection","skip","Both","skip-other-users","13561592","Ducts","Rectangular Duct","","LEVEL 09","Flanged Long Radius Elbows / Shoe Branch","400x250","400","250","","NWB_DimWidth","400","400","400","SKIP","existing-kept","instance","Shared Parameter","7626175","NWB_DimWidth","String","False","1","1"
"20260801_161107","NWB Dim AutoFill","MECHANICAL DUCTWORK LAYOUT - LEVEL 09","model","selection","skip","Both","skip-other-users","13561592","Ducts","Rectangular Duct","","LEVEL 09","Flanged Long Radius Elbows / Shoe Branch","400x250","400","250","","NWB_DimHeight","250","250","250","SKIP","existing-kept","instance","Shared Parameter","7626170","NWB_DimHeight","String","False","1","1"
"20260801_161107","NWB Dim AutoFill","MECHANICAL DUCTWORK LAYOUT - LEVEL 09","model","selection","skip","Both","skip-other-users","13561592","Ducts","Rectangular Duct","","LEVEL 09","Flanged Long Radius Elbows / Shoe Branch","400x250","400","250","","NWB_DimDiameter","","","","SKIP","no parsed value","","","","NWB_DimDiameter","","","",""
"20260801_161107","NWB Dim AutoFill","MECHANICAL DUCTWORK LAYOUT - LEVEL 09","model","selection","skip","Both","skip-other-users","13561596","Duct Fittings","MHT-ME-DF-Rectangular Short Radius Bend - Flanged","","LEVEL 09","MHT-ME-DF-Rectangular Short Radius Bend - Flanged","250x400-250x400","250","400","","NWB_DimWidth","250","250","250","SKIP","existing-kept","instance","Shared Parameter","7626175","NWB_DimWidth","String","False","2","2"
"20260801_161107","NWB Dim AutoFill","MECHANICAL DUCTWORK LAYOUT - LEVEL 09","model","selection","skip","Both","skip-other-users","13561596","Duct Fittings","MHT-ME-DF-Rectangular Short Radius Bend - Flanged","","LEVEL 09","MHT-ME-DF-Rectangular Short Radius Bend - Flanged","250x400-250x400","250","400","","NWB_DimWidth","250","400","400","SKIP","existing-kept","instance","Shared Parameter","3045165","NWB_DimWidth","Double","False","2","2"
"20260801_161107","NWB Dim AutoFill","MECHANICAL DUCTWORK LAYOUT - LEVEL 09","model","selection","skip","Both","skip-other-users","13561596","Duct Fittings","MHT-ME-DF-Rectangular Short Radius Bend - Flanged","","LEVEL 09","MHT-ME-DF-Rectangular Short Radius Bend - Flanged","250x400-250x400","250","400","","NWB_DimHeight","400","400","400","SKIP","existing-kept","instance","Shared Parameter","7626170","NWB_DimHeight","String","False","2","2"
"20260801_161107","NWB Dim AutoFill","MECHANICAL DUCTWORK LAYOUT - LEVEL 09","model","selection","skip","Both","skip-other-users","13561596","Duct Fittings","MHT-ME-DF-Rectangular Short Radius Bend - Flanged","","LEVEL 09","MHT-ME-DF-Rectangular Short Radius Bend - Flanged","250x400-250x400","250","400","","NWB_DimHeight","400","300","300","SKIP","existing-kept","instance","Shared Parameter","3045163","NWB_DimHeight","Double","False","2","2"
"20260801_161107","NWB Dim AutoFill","MECHANICAL DUCTWORK LAYOUT - LEVEL 09","model","selection","skip","Both","skip-other-users","13561596","Duct Fittings","MHT-ME-DF-Rectangular Short Radius Bend - Flanged","","LEVEL 09","MHT-ME-DF-Rectangular Short Radius Bend - Flanged","250x400-250x400","250","400","","NWB_DimDiameter","","","","SKIP","no parsed value","","","","NWB_DimDiameter","","","",""
"20260801_161107","NWB Dim AutoFill","MECHANICAL DUCTWORK LAYOUT - LEVEL 09","model","selection","skip","Both","skip-other-users","13561603","Ducts","Rectangular Duct","","LEVEL 09","Flanged Long Radius Elbows / Shoe Branch","400x250","400","250","","NWB_DimWidth","400","400","400","SKIP","existing-kept","instance","Shared Parameter","7626175","NWB_DimWidth","String","False","1","1"
"20260801_161107","NWB Dim AutoFill","MECHANICAL DUCTWORK LAYOUT - LEVEL 09","model","selection","skip","Both","skip-other-users","13561603","Ducts","Rectangular Duct","","LEVEL 09","Flanged Long Radius Elbows / Shoe Branch","400x250","400","250","","NWB_DimHeight","250","250","250","SKIP","existing-kept","instance","Shared Parameter","7626170","NWB_DimHeight","String","False","1","1"
"20260801_161107","NWB Dim AutoFill","MECHANICAL DUCTWORK LAYOUT - LEVEL 09","model","selection","skip","Both","skip-other-users","13561603","Ducts","Rectangular Duct","","LEVEL 09","Flanged Long Radius Elbows / Shoe Branch","400x250","400","250","","NWB_DimDiameter","","","","SKIP","no parsed value","","","","NWB_DimDiameter","","","",""
"20260801_161107","NWB Dim AutoFill","MECHANICAL DUCTWORK LAYOUT - LEVEL 09","model","selection","skip","Both","skip-other-users","13561604","Duct Fittings","MHT-ME-DF-Rectangular Eccentric Taper - Flanged-Manula Length","","LEVEL 09","MHT-ME-DF-Rectangular Eccentric Taper - Flanged-Manual Length","600x600-400x250","600","600","","NWB_DimWidth","600","600","600","SKIP","existing-kept","instance","Shared Parameter","7626175","NWB_DimWidth","String","False","1","1"
"20260801_161107","NWB Dim AutoFill","MECHANICAL DUCTWORK LAYOUT - LEVEL 09","model","selection","skip","Both","skip-other-users","13561604","Duct Fittings","MHT-ME-DF-Rectangular Eccentric Taper - Flanged-Manula Length","","LEVEL 09","MHT-ME-DF-Rectangular Eccentric Taper - Flanged-Manual Length","600x600-400x250","600","600","","NWB_DimHeight","600","600","600","SKIP","existing-kept","instance","Shared Parameter","7626170","NWB_DimHeight","String","False","1","1"
"20260801_161107","NWB Dim AutoFill","MECHANICAL DUCTWORK LAYOUT - LEVEL 09","model","selection","skip","Both","skip-other-users","13561604","Duct Fittings","MHT-ME-DF-Rectangular Eccentric Taper - Flanged-Manula Length","","LEVEL 09","MHT-ME-DF-Rectangular Eccentric Taper - Flanged-Manual Length","600x600-400x250","600","600","","NWB_DimDiameter","","","","SKIP","no parsed value","","","","NWB_DimDiameter","","","",""
"20260801_161107","NWB Dim AutoFill","MECHANICAL DUCTWORK LAYOUT - LEVEL 09","model","selection","skip","Both","skip-other-users","13561605","Ducts","Rectangular Duct","","LEVEL 09","Flanged Long Radius Elbows / Shoe Branch","400x250","400","250","","NWB_DimWidth","400","400","400","SKIP","existing-kept","instance","Shared Parameter","7626175","NWB_DimWidth","String","False","1","1"
"20260801_161107","NWB Dim AutoFill","MECHANICAL DUCTWORK LAYOUT - LEVEL 09","model","selection","skip","Both","skip-other-users","13561605","Ducts","Rectangular Duct","","LEVEL 09","Flanged Long Radius Elbows / Shoe Branch","400x250","400","250","","NWB_DimHeight","250","250","250","SKIP","existing-kept","instance","Shared Parameter","7626170","NWB_DimHeight","String","False","1","1"
"20260801_161107","NWB Dim AutoFill","MECHANICAL DUCTWORK LAYOUT - LEVEL 09","model","selection","skip","Both","skip-other-users","13561605","Ducts","Rectangular Duct","","LEVEL 09","Flanged Long Radius Elbows / Shoe Branch","400x250","400","250","","NWB_DimDiameter","","","","SKIP","no parsed value","","","","NWB_DimDiameter","","","",""
"20260801_161107","NWB Dim AutoFill","MECHANICAL DUCTWORK LAYOUT - LEVEL 09","model","selection","skip","Both","skip-other-users","13561615","Duct Fittings","MHT-ME-DF-Rectangular Short Radius Bend - Flanged","","LEVEL 09","MHT-ME-DF-Rectangular Short Radius Bend - Flanged","250x400-250x400","250","400","","NWB_DimWidth","250","250","250","SKIP","existing-kept","instance","Shared Parameter","7626175","NWB_DimWidth","String","False","2","2"
"20260801_161107","NWB Dim AutoFill","MECHANICAL DUCTWORK LAYOUT - LEVEL 09","model","selection","skip","Both","skip-other-users","13561615","Duct Fittings","MHT-ME-DF-Rectangular Short Radius Bend - Flanged","","LEVEL 09","MHT-ME-DF-Rectangular Short Radius Bend - Flanged","250x400-250x400","250","400","","NWB_DimWidth","250","250","250","SKIP","existing-kept","instance","Shared Parameter","3045165","NWB_DimWidth","Double","False","2","2"
"20260801_161107","NWB Dim AutoFill","MECHANICAL DUCTWORK LAYOUT - LEVEL 09","model","selection","skip","Both","skip-other-users","13561615","Duct Fittings","MHT-ME-DF-Rectangular Short Radius Bend - Flanged","","LEVEL 09","MHT-ME-DF-Rectangular Short Radius Bend - Flanged","250x400-250x400","250","400","","NWB_DimHeight","400","400","400","SKIP","existing-kept","instance","Shared Parameter","7626170","NWB_DimHeight","String","False","2","2"
"20260801_161107","NWB Dim AutoFill","MECHANICAL DUCTWORK LAYOUT - LEVEL 09","model","selection","skip","Both","skip-other-users","13561615","Duct Fittings","MHT-ME-DF-Rectangular Short Radius Bend - Flanged","","LEVEL 09","MHT-ME-DF-Rectangular Short Radius Bend - Flanged","250x400-250x400","250","400","","NWB_DimHeight","400","400","400","SKIP","existing-kept","instance","Shared Parameter","3045163","NWB_DimHeight","Double","False","2","2"
"20260801_161107","NWB Dim AutoFill","MECHANICAL DUCTWORK LAYOUT - LEVEL 09","model","selection","skip","Both","skip-other-users","13561615","Duct Fittings","MHT-ME-DF-Rectangular Short Radius Bend - Flanged","","LEVEL 09","MHT-ME-DF-Rectangular Short Radius Bend - Flanged","250x400-250x400","250","400","","NWB_DimDiameter","","","","SKIP","no parsed value","","","","NWB_DimDiameter","","","",""
"20260801_161107","NWB Dim AutoFill","MECHANICAL DUCTWORK LAYOUT - LEVEL 09","model","selection","skip","Both","skip-other-users","13645556","Duct Fittings","M_Rectangular_Transition_Angle","","LEVEL 09","Transition","1000x500-400x250","1000","500","","NWB_DimWidth","1000","300","300","SKIP","existing-kept","instance","Shared Parameter","7626175","NWB_DimWidth","String","False","1","1"
"20260801_161107","NWB Dim AutoFill","MECHANICAL DUCTWORK LAYOUT - LEVEL 09","model","selection","skip","Both","skip-other-users","13645556","Duct Fittings","M_Rectangular_Transition_Angle","","LEVEL 09","Transition","1000x500-400x250","1000","500","","NWB_DimHeight","500","400","400","SKIP","existing-kept","instance","Shared Parameter","7626170","NWB_DimHeight","String","False","1","1"
"20260801_161107","NWB Dim AutoFill","MECHANICAL DUCTWORK LAYOUT - LEVEL 09","model","selection","skip","Both","skip-other-users","13645556","Duct Fittings","M_Rectangular_Transition_Angle","","LEVEL 09","Transition","1000x500-400x250","1000","500","","NWB_DimDiameter","","","","SKIP","no parsed value","","","","NWB_DimDiameter","","","",""
"20260801_161107","NWB Dim AutoFill","MECHANICAL DUCTWORK LAYOUT - LEVEL 09","model","selection","skip","Both","skip-other-users","13645563","Ducts","Rectangular Duct","","LEVEL 09","Flanged Long Radius Elbows / Shoe Branch","400x300","400","300","","NWB_DimWidth","400","400","400","SKIP","existing-kept","instance","Shared Parameter","7626175","NWB_DimWidth","String","False","1","1"
"20260801_161107","NWB Dim AutoFill","MECHANICAL DUCTWORK LAYOUT - LEVEL 09","model","selection","skip","Both","skip-other-users","13645563","Ducts","Rectangular Duct","","LEVEL 09","Flanged Long Radius Elbows / Shoe Branch","400x300","400","300","","NWB_DimHeight","300","300","300","SKIP","existing-kept","instance","Shared Parameter","7626170","NWB_DimHeight","String","False","1","1"
"20260801_161107","NWB Dim AutoFill","MECHANICAL DUCTWORK LAYOUT - LEVEL 09","model","selection","skip","Both","skip-other-users","13645563","Ducts","Rectangular Duct","","LEVEL 09","Flanged Long Radius Elbows / Shoe Branch","400x300","400","300","","NWB_DimDiameter","","","","SKIP","no parsed value","","","","NWB_DimDiameter","","","",""
"20260801_161107","NWB Dim AutoFill","MECHANICAL DUCTWORK LAYOUT - LEVEL 09","model","selection","skip","Both","skip-other-users","13645565","Duct Fittings","MHT-ME-DF-Rectangular Short Radius Bend - Flanged","","LEVEL 09","MHT-ME-DF-Rectangular Short Radius Bend - Flanged","400x300-400x300","400","300","","NWB_DimWidth","400","400","400","SKIP","existing-kept","instance","Shared Parameter","7626175","NWB_DimWidth","String","False","2","2"
"20260801_161107","NWB Dim AutoFill","MECHANICAL DUCTWORK LAYOUT - LEVEL 09","model","selection","skip","Both","skip-other-users","13645565","Duct Fittings","MHT-ME-DF-Rectangular Short Radius Bend - Flanged","","LEVEL 09","MHT-ME-DF-Rectangular Short Radius Bend - Flanged","400x300-400x300","400","300","","NWB_DimWidth","400","300","300","SKIP","existing-kept","instance","Shared Parameter","3045165","NWB_DimWidth","Double","False","2","2"
"20260801_161107","NWB Dim AutoFill","MECHANICAL DUCTWORK LAYOUT - LEVEL 09","model","selection","skip","Both","skip-other-users","13645565","Duct Fittings","MHT-ME-DF-Rectangular Short Radius Bend - Flanged","","LEVEL 09","MHT-ME-DF-Rectangular Short Radius Bend - Flanged","400x300-400x300","400","300","","NWB_DimHeight","300","300","300","SKIP","existing-kept","instance","Shared Parameter","7626170","NWB_DimHeight","String","False","2","2"
"20260801_161107","NWB Dim AutoFill","MECHANICAL DUCTWORK LAYOUT - LEVEL 09","model","selection","skip","Both","skip-other-users","13645565","Duct Fittings","MHT-ME-DF-Rectangular Short Radius Bend - Flanged","","LEVEL 09","MHT-ME-DF-Rectangular Short Radius Bend - Flanged","400x300-400x300","400","300","","NWB_DimHeight","300","400","400","SKIP","existing-kept","instance","Shared Parameter","3045163","NWB_DimHeight","Double","False","2","2"
"20260801_161107","NWB Dim AutoFill","MECHANICAL DUCTWORK LAYOUT - LEVEL 09","model","selection","skip","Both","skip-other-users","13645565","Duct Fittings","MHT-ME-DF-Rectangular Short Radius Bend - Flanged","","LEVEL 09","MHT-ME-DF-Rectangular Short Radius Bend - Flanged","400x300-400x300","400","300","","NWB_DimDiameter","","","","SKIP","no parsed value","","","","NWB_DimDiameter","","","",""
"20260801_161107","NWB Dim AutoFill","MECHANICAL DUCTWORK LAYOUT - LEVEL 09","model","selection","skip","Both","skip-other-users","13645572","Duct Fittings","MHT-ME-DF-Rectangular Short Radius Bend - Flanged","","LEVEL 09","MHT-ME-DF-Rectangular Short Radius Bend - Flanged","250x200-250x200","250","200","","NWB_DimWidth","250","250","250","SKIP","existing-kept","instance","Shared Parameter","7626175","NWB_DimWidth","String","False","2","2"
"20260801_161107","NWB Dim AutoFill","MECHANICAL DUCTWORK LAYOUT - LEVEL 09","model","selection","skip","Both","skip-other-users","13645572","Duct Fittings","MHT-ME-DF-Rectangular Short Radius Bend - Flanged","","LEVEL 09","MHT-ME-DF-Rectangular Short Radius Bend - Flanged","250x200-250x200","250","200","","NWB_DimWidth","250","1000","1000","SKIP","existing-kept","instance","Shared Parameter","3045165","NWB_DimWidth","Double","False","2","2"
"20260801_161107","NWB Dim AutoFill","MECHANICAL DUCTWORK LAYOUT - LEVEL 09","model","selection","skip","Both","skip-other-users","13645572","Duct Fittings","MHT-ME-DF-Rectangular Short Radius Bend - Flanged","","LEVEL 09","MHT-ME-DF-Rectangular Short Radius Bend - Flanged","250x200-250x200","250","200","","NWB_DimHeight","200","200","200","SKIP","existing-kept","instance","Shared Parameter","7626170","NWB_DimHeight","String","False","2","2"
"20260801_161107","NWB Dim AutoFill","MECHANICAL DUCTWORK LAYOUT - LEVEL 09","model","selection","skip","Both","skip-other-users","13645572","Duct Fittings","MHT-ME-DF-Rectangular Short Radius Bend - Flanged","","LEVEL 09","MHT-ME-DF-Rectangular Short Radius Bend - Flanged","250x200-250x200","250","200","","NWB_DimHeight","200","500","500","SKIP","existing-kept","instance","Shared Parameter","3045163","NWB_DimHeight","Double","False","2","2"
"20260801_161107","NWB Dim AutoFill","MECHANICAL DUCTWORK LAYOUT - LEVEL 09","model","selection","skip","Both","skip-other-users","13645572","Duct Fittings","MHT-ME-DF-Rectangular Short Radius Bend - Flanged","","LEVEL 09","MHT-ME-DF-Rectangular Short Radius Bend - Flanged","250x200-250x200","250","200","","NWB_DimDiameter","","","","SKIP","no parsed value","","","","NWB_DimDiameter","","","",""
"20260801_161107","NWB Dim AutoFill","MECHANICAL DUCTWORK LAYOUT - LEVEL 09","model","selection","skip","Both","skip-other-users","13761176","Air Terminals","MHT_AT_S Air Diff Swirl","","LEVEL 09","No Damper","600x250","600","250","150","NWB_DimDiameter","150","150ø","150ø","SKIP","existing-kept","instance","Shared Parameter","7626172","NWB_DimDiameter","String","False","1","1"
"20260801_161107","NWB Dim AutoFill","MECHANICAL DUCTWORK LAYOUT - LEVEL 09","model","selection","skip","Both","skip-other-users","13768125","Duct Fittings","MHT-ME-DF-Rectangular Eccentric Taper - Flanged-01","","LEVEL 09","Standard","400x300-400x225","400","300","","NWB_DimWidth","400","400","400","SKIP","existing-kept","instance","Shared Parameter","7626175","NWB_DimWidth","String","False","2","2"
"20260801_161107","NWB Dim AutoFill","MECHANICAL DUCTWORK LAYOUT - LEVEL 09","model","selection","skip","Both","skip-other-users","13768125","Duct Fittings","MHT-ME-DF-Rectangular Eccentric Taper - Flanged-01","","LEVEL 09","Standard","400x300-400x225","400","300","","NWB_DimWidth","400","350","350","SKIP","existing-kept","instance","Shared Parameter","3045165","NWB_DimWidth","Double","False","2","2"
"20260801_161107","NWB Dim AutoFill","MECHANICAL DUCTWORK LAYOUT - LEVEL 09","model","selection","skip","Both","skip-other-users","13768125","Duct Fittings","MHT-ME-DF-Rectangular Eccentric Taper - Flanged-01","","LEVEL 09","Standard","400x300-400x225","400","300","","NWB_DimHeight","300","300","300","SKIP","existing-kept","instance","Shared Parameter","7626170","NWB_DimHeight","String","False","2","2"
"20260801_161107","NWB Dim AutoFill","MECHANICAL DUCTWORK LAYOUT - LEVEL 09","model","selection","skip","Both","skip-other-users","13768125","Duct Fittings","MHT-ME-DF-Rectangular Eccentric Taper - Flanged-01","","LEVEL 09","Standard","400x300-400x225","400","300","","NWB_DimHeight","300","300","300","SKIP","existing-kept","instance","Shared Parameter","3045163","NWB_DimHeight","Double","False","2","2"
"20260801_161107","NWB Dim AutoFill","MECHANICAL DUCTWORK LAYOUT - LEVEL 09","model","selection","skip","Both","skip-other-users","13768125","Duct Fittings","MHT-ME-DF-Rectangular Eccentric Taper - Flanged-01","","LEVEL 09","Standard","400x300-400x225","400","300","","NWB_DimDiameter","","","","SKIP","no parsed value","","","","NWB_DimDiameter","","","",""
"20260801_161107","NWB Dim AutoFill","MECHANICAL DUCTWORK LAYOUT - LEVEL 09","model","selection","skip","Both","skip-other-users","13768128","Duct Fittings","MHT_DF_Spigot","","LEVEL 09","Damper","250ø-250ø","","","250","NWB_DimWidth","","","","SKIP","no parsed value","","","","NWB_DimWidth","","","",""
"20260801_161107","NWB Dim AutoFill","MECHANICAL DUCTWORK LAYOUT - LEVEL 09","model","selection","skip","Both","skip-other-users","13768128","Duct Fittings","MHT_DF_Spigot","","LEVEL 09","Damper","250ø-250ø","","","250","NWB_DimHeight","","","","SKIP","no parsed value","","","","NWB_DimHeight","","","",""
"20260801_161107","NWB Dim AutoFill","MECHANICAL DUCTWORK LAYOUT - LEVEL 09","model","selection","skip","Both","skip-other-users","13768128","Duct Fittings","MHT_DF_Spigot","","LEVEL 09","Damper","250ø-250ø","","","250","NWB_DimDiameter","250","250","250","SKIP","existing-kept","instance","Shared Parameter","7626172","NWB_DimDiameter","String","False","1","1"
"20260801_161107","NWB Dim AutoFill","MECHANICAL DUCTWORK LAYOUT - LEVEL 09","model","selection","skip","Both","skip-other-users","13768142","Duct Fittings","MHT-ME-DF-Rectangular Eccentric Taper - Flanged-01","","LEVEL 09","Standard","400x300-400x225","400","300","","NWB_DimWidth","400","400","400","SKIP","existing-kept","instance","Shared Parameter","7626175","NWB_DimWidth","String","False","2","2"
"20260801_161107","NWB Dim AutoFill","MECHANICAL DUCTWORK LAYOUT - LEVEL 09","model","selection","skip","Both","skip-other-users","13768142","Duct Fittings","MHT-ME-DF-Rectangular Eccentric Taper - Flanged-01","","LEVEL 09","Standard","400x300-400x225","400","300","","NWB_DimWidth","400","400","400","SKIP","existing-kept","instance","Shared Parameter","3045165","NWB_DimWidth","Double","False","2","2"
"20260801_161107","NWB Dim AutoFill","MECHANICAL DUCTWORK LAYOUT - LEVEL 09","model","selection","skip","Both","skip-other-users","13768142","Duct Fittings","MHT-ME-DF-Rectangular Eccentric Taper - Flanged-01","","LEVEL 09","Standard","400x300-400x225","400","300","","NWB_DimHeight","300","300","300","SKIP","existing-kept","instance","Shared Parameter","7626170","NWB_DimHeight","String","False","2","2"
"20260801_161107","NWB Dim AutoFill","MECHANICAL DUCTWORK LAYOUT - LEVEL 09","model","selection","skip","Both","skip-other-users","13768142","Duct Fittings","MHT-ME-DF-Rectangular Eccentric Taper - Flanged-01","","LEVEL 09","Standard","400x300-400x225","400","300","","NWB_DimHeight","300","300","300","SKIP","existing-kept","instance","Shared Parameter","3045163","NWB_DimHeight","Double","False","2","2"
"20260801_161107","NWB Dim AutoFill","MECHANICAL DUCTWORK LAYOUT - LEVEL 09","model","selection","skip","Both","skip-other-users","13768142","Duct Fittings","MHT-ME-DF-Rectangular Eccentric Taper - Flanged-01","","LEVEL 09","Standard","400x300-400x225","400","300","","NWB_DimDiameter","","","","SKIP","no parsed value","","","","NWB_DimDiameter","","","",""
"20260801_161107","NWB Dim AutoFill","MECHANICAL DUCTWORK LAYOUT - LEVEL 09","model","selection","skip","Both","skip-other-users","13770037","Duct Accessories","MHT-ME-DA-Damper (Motorized)","","LEVEL 09","MVCD","400x300-400x300","400","300","","NWB_DimWidth","400","400","400","SKIP","existing-kept","instance","Shared Parameter","7626175","NWB_DimWidth","String","False","1","1"
"20260801_161107","NWB Dim AutoFill","MECHANICAL DUCTWORK LAYOUT - LEVEL 09","model","selection","skip","Both","skip-other-users","13770037","Duct Accessories","MHT-ME-DA-Damper (Motorized)","","LEVEL 09","MVCD","400x300-400x300","400","300","","NWB_DimHeight","300","300","300","SKIP","existing-kept","instance","Shared Parameter","7626170","NWB_DimHeight","String","False","1","1"
"20260801_161107","NWB Dim AutoFill","MECHANICAL DUCTWORK LAYOUT - LEVEL 09","model","selection","skip","Both","skip-other-users","13770037","Duct Accessories","MHT-ME-DA-Damper (Motorized)","","LEVEL 09","MVCD","400x300-400x300","400","300","","NWB_DimDiameter","","","","SKIP","no parsed value","","","","NWB_DimDiameter","","","",""
"20260801_161107","NWB Dim AutoFill","MECHANICAL DUCTWORK LAYOUT - LEVEL 09","model","selection","skip","Both","skip-other-users","13770043","Ducts","Rectangular Duct","","LEVEL 09","Flanged Long Radius Elbows / Shoe Branch","400x300","400","300","","NWB_DimWidth","400","400","400","SKIP","existing-kept","instance","Shared Parameter","7626175","NWB_DimWidth","String","False","1","1"
"20260801_161107","NWB Dim AutoFill","MECHANICAL DUCTWORK LAYOUT - LEVEL 09","model","selection","skip","Both","skip-other-users","13770043","Ducts","Rectangular Duct","","LEVEL 09","Flanged Long Radius Elbows / Shoe Branch","400x300","400","300","","NWB_DimHeight","300","300","300","SKIP","existing-kept","instance","Shared Parameter","7626170","NWB_DimHeight","String","False","1","1"
"20260801_161107","NWB Dim AutoFill","MECHANICAL DUCTWORK LAYOUT - LEVEL 09","model","selection","skip","Both","skip-other-users","13770043","Ducts","Rectangular Duct","","LEVEL 09","Flanged Long Radius Elbows / Shoe Branch","400x300","400","300","","NWB_DimDiameter","","","","SKIP","no parsed value","","","","NWB_DimDiameter","","","",""
"20260801_161107","NWB Dim AutoFill","MECHANICAL DUCTWORK LAYOUT - LEVEL 09","model","selection","skip","Both","skip-other-users","13770114","Duct Fittings","MHT_DF_Spigot","","LEVEL 09","Damper","250ø-250ø","","","250","NWB_DimWidth","","","","SKIP","no parsed value","","","","NWB_DimWidth","","","",""
"20260801_161107","NWB Dim AutoFill","MECHANICAL DUCTWORK LAYOUT - LEVEL 09","model","selection","skip","Both","skip-other-users","13770114","Duct Fittings","MHT_DF_Spigot","","LEVEL 09","Damper","250ø-250ø","","","250","NWB_DimHeight","","","","SKIP","no parsed value","","","","NWB_DimHeight","","","",""
"20260801_161107","NWB Dim AutoFill","MECHANICAL DUCTWORK LAYOUT - LEVEL 09","model","selection","skip","Both","skip-other-users","13770114","Duct Fittings","MHT_DF_Spigot","","LEVEL 09","Damper","250ø-250ø","","","250","NWB_DimDiameter","250","250","250","SKIP","existing-kept","instance","Shared Parameter","7626172","NWB_DimDiameter","String","False","1","1"
"20260801_161107","NWB Dim AutoFill","MECHANICAL DUCTWORK LAYOUT - LEVEL 09","model","selection","skip","Both","skip-other-users","13770356","Duct Accessories","MHT-ME-DA-Damper (Motorized)","","LEVEL 09","MVCD","400x250-400x250","400","250","","NWB_DimWidth","400","400","400","SKIP","existing-kept","instance","Shared Parameter","7626175","NWB_DimWidth","String","False","1","1"
"20260801_161107","NWB Dim AutoFill","MECHANICAL DUCTWORK LAYOUT - LEVEL 09","model","selection","skip","Both","skip-other-users","13770356","Duct Accessories","MHT-ME-DA-Damper (Motorized)","","LEVEL 09","MVCD","400x250-400x250","400","250","","NWB_DimHeight","250","250","250","SKIP","existing-kept","instance","Shared Parameter","7626170","NWB_DimHeight","String","False","1","1"
"20260801_161107","NWB Dim AutoFill","MECHANICAL DUCTWORK LAYOUT - LEVEL 09","model","selection","skip","Both","skip-other-users","13770356","Duct Accessories","MHT-ME-DA-Damper (Motorized)","","LEVEL 09","MVCD","400x250-400x250","400","250","","NWB_DimDiameter","","","","SKIP","no parsed value","","","","NWB_DimDiameter","","","",""
"20260801_161107","NWB Dim AutoFill","MECHANICAL DUCTWORK LAYOUT - LEVEL 09","model","selection","skip","Both","skip-other-users","13770358","Ducts","Rectangular Duct","","LEVEL 09","Flanged Long Radius Elbows / Shoe Branch","","","","","","","","","SKIP","worksharing: instance owned by Jeffrey.Lumen","","","","","","","",""
"20260801_161107","NWB Dim AutoFill","MECHANICAL DUCTWORK LAYOUT - LEVEL 09","model","selection","skip","Both","skip-other-users","13770473","Ducts","Rectangular Duct","","LEVEL 09","Flanged Long Radius Elbows / Shoe Branch","250x200","250","200","","NWB_DimWidth","250","250","250","SKIP","existing-kept","instance","Shared Parameter","7626175","NWB_DimWidth","String","False","1","1"
"20260801_161107","NWB Dim AutoFill","MECHANICAL DUCTWORK LAYOUT - LEVEL 09","model","selection","skip","Both","skip-other-users","13770473","Ducts","Rectangular Duct","","LEVEL 09","Flanged Long Radius Elbows / Shoe Branch","250x200","250","200","","NWB_DimHeight","200","200","200","SKIP","existing-kept","instance","Shared Parameter","7626170","NWB_DimHeight","String","False","1","1"
"20260801_161107","NWB Dim AutoFill","MECHANICAL DUCTWORK LAYOUT - LEVEL 09","model","selection","skip","Both","skip-other-users","13770473","Ducts","Rectangular Duct","","LEVEL 09","Flanged Long Radius Elbows / Shoe Branch","250x200","250","200","","NWB_DimDiameter","","","","SKIP","no parsed value","","","","NWB_DimDiameter","","","",""
"20260801_161107","NWB Dim AutoFill","MECHANICAL DUCTWORK LAYOUT - LEVEL 09","model","selection","skip","Both","skip-other-users","13770483","Duct Fittings","MHT-ME-DF-Rectangular Short Radius Bend - Flanged","","LEVEL 09","MHT-ME-DF-Rectangular Short Radius Bend - Flanged","250x200-250x200","250","200","","NWB_DimWidth","250","250","250","SKIP","existing-kept","instance","Shared Parameter","7626175","NWB_DimWidth","String","False","2","2"
"20260801_161107","NWB Dim AutoFill","MECHANICAL DUCTWORK LAYOUT - LEVEL 09","model","selection","skip","Both","skip-other-users","13770483","Duct Fittings","MHT-ME-DF-Rectangular Short Radius Bend - Flanged","","LEVEL 09","MHT-ME-DF-Rectangular Short Radius Bend - Flanged","250x200-250x200","250","200","","NWB_DimWidth","250","550","550","SKIP","existing-kept","instance","Shared Parameter","3045165","NWB_DimWidth","Double","False","2","2"
"20260801_161107","NWB Dim AutoFill","MECHANICAL DUCTWORK LAYOUT - LEVEL 09","model","selection","skip","Both","skip-other-users","13770483","Duct Fittings","MHT-ME-DF-Rectangular Short Radius Bend - Flanged","","LEVEL 09","MHT-ME-DF-Rectangular Short Radius Bend - Flanged","250x200-250x200","250","200","","NWB_DimHeight","200","200","200","SKIP","existing-kept","instance","Shared Parameter","7626170","NWB_DimHeight","String","False","2","2"
"20260801_161107","NWB Dim AutoFill","MECHANICAL DUCTWORK LAYOUT - LEVEL 09","model","selection","skip","Both","skip-other-users","13770483","Duct Fittings","MHT-ME-DF-Rectangular Short Radius Bend - Flanged","","LEVEL 09","MHT-ME-DF-Rectangular Short Radius Bend - Flanged","250x200-250x200","250","200","","NWB_DimHeight","200","350","350","SKIP","existing-kept","instance","Shared Parameter","3045163","NWB_DimHeight","Double","False","2","2"
"20260801_161107","NWB Dim AutoFill","MECHANICAL DUCTWORK LAYOUT - LEVEL 09","model","selection","skip","Both","skip-other-users","13770483","Duct Fittings","MHT-ME-DF-Rectangular Short Radius Bend - Flanged","","LEVEL 09","MHT-ME-DF-Rectangular Short Radius Bend - Flanged","250x200-250x200","250","200","","NWB_DimDiameter","","","","SKIP","no parsed value","","","","NWB_DimDiameter","","","",""
"20260801_161107","NWB Dim AutoFill","MECHANICAL DUCTWORK LAYOUT - LEVEL 09","model","selection","skip","Both","skip-other-users","13770484","Ducts","Rectangular Duct","","LEVEL 09","Flanged Long Radius Elbows / Shoe Branch","250x200","250","200","","NWB_DimWidth","250","250","250","SKIP","existing-kept","instance","Shared Parameter","7626175","NWB_DimWidth","String","False","1","1"
"20260801_161107","NWB Dim AutoFill","MECHANICAL DUCTWORK LAYOUT - LEVEL 09","model","selection","skip","Both","skip-other-users","13770484","Ducts","Rectangular Duct","","LEVEL 09","Flanged Long Radius Elbows / Shoe Branch","250x200","250","200","","NWB_DimHeight","200","200","200","SKIP","existing-kept","instance","Shared Parameter","7626170","NWB_DimHeight","String","False","1","1"
"20260801_161107","NWB Dim AutoFill","MECHANICAL DUCTWORK LAYOUT - LEVEL 09","model","selection","skip","Both","skip-other-users","13770484","Ducts","Rectangular Duct","","LEVEL 09","Flanged Long Radius Elbows / Shoe Branch","250x200","250","200","","NWB_DimDiameter","","","","SKIP","no parsed value","","","","NWB_DimDiameter","","","",""
"20260801_161107","NWB Dim AutoFill","MECHANICAL DUCTWORK LAYOUT - LEVEL 09","model","selection","skip","Both","skip-other-users","13770491","Duct Fittings","MHT-ME-DF-Rectangular Short Radius Bend - Flanged","","LEVEL 09","MHT-ME-DF-Rectangular Short Radius Bend - Flanged","250x200-250x200","250","200","","NWB_DimWidth","250","250","250","SKIP","existing-kept","instance","Shared Parameter","7626175","NWB_DimWidth","String","False","2","2"
"20260801_161107","NWB Dim AutoFill","MECHANICAL DUCTWORK LAYOUT - LEVEL 09","model","selection","skip","Both","skip-other-users","13770491","Duct Fittings","MHT-ME-DF-Rectangular Short Radius Bend - Flanged","","LEVEL 09","MHT-ME-DF-Rectangular Short Radius Bend - Flanged","250x200-250x200","250","200","","NWB_DimWidth","250","250","250","SKIP","existing-kept","instance","Shared Parameter","3045165","NWB_DimWidth","Double","False","2","2"
"20260801_161107","NWB Dim AutoFill","MECHANICAL DUCTWORK LAYOUT - LEVEL 09","model","selection","skip","Both","skip-other-users","13770491","Duct Fittings","MHT-ME-DF-Rectangular Short Radius Bend - Flanged","","LEVEL 09","MHT-ME-DF-Rectangular Short Radius Bend - Flanged","250x200-250x200","250","200","","NWB_DimHeight","200","200","200","SKIP","existing-kept","instance","Shared Parameter","7626170","NWB_DimHeight","String","False","2","2"
"20260801_161107","NWB Dim AutoFill","MECHANICAL DUCTWORK LAYOUT - LEVEL 09","model","selection","skip","Both","skip-other-users","13770491","Duct Fittings","MHT-ME-DF-Rectangular Short Radius Bend - Flanged","","LEVEL 09","MHT-ME-DF-Rectangular Short Radius Bend - Flanged","250x200-250x200","250","200","","NWB_DimHeight","200","200","200","SKIP","existing-kept","instance","Shared Parameter","3045163","NWB_DimHeight","Double","False","2","2"
"20260801_161107","NWB Dim AutoFill","MECHANICAL DUCTWORK LAYOUT - LEVEL 09","model","selection","skip","Both","skip-other-users","13770491","Duct Fittings","MHT-ME-DF-Rectangular Short Radius Bend - Flanged","","LEVEL 09","MHT-ME-DF-Rectangular Short Radius Bend - Flanged","250x200-250x200","250","200","","NWB_DimDiameter","","","","SKIP","no parsed value","","","","NWB_DimDiameter","","","",""
"20260801_161107","NWB Dim AutoFill","MECHANICAL DUCTWORK LAYOUT - LEVEL 09","model","selection","skip","Both","skip-other-users","13773200","Duct Fittings","MHT-ME-DF-BRANCH-TAP-01","","LEVEL 09","Standard","250x200-250x200","250","200","","NWB_DimWidth","250","250","250","SKIP","existing-kept","instance","Shared Parameter","7626175","NWB_DimWidth","String","False","1","1"
"20260801_161107","NWB Dim AutoFill","MECHANICAL DUCTWORK LAYOUT - LEVEL 09","model","selection","skip","Both","skip-other-users","13773200","Duct Fittings","MHT-ME-DF-BRANCH-TAP-01","","LEVEL 09","Standard","250x200-250x200","250","200","","NWB_DimHeight","200","0","0","SKIP","existing-kept","instance","Shared Parameter","7626170","NWB_DimHeight","String","False","1","1"
"20260801_161107","NWB Dim AutoFill","MECHANICAL DUCTWORK LAYOUT - LEVEL 09","model","selection","skip","Both","skip-other-users","13773200","Duct Fittings","MHT-ME-DF-BRANCH-TAP-01","","LEVEL 09","Standard","250x200-250x200","250","200","","NWB_DimDiameter","","","","SKIP","no parsed value","","","","NWB_DimDiameter","","","",""
"20260801_161107","NWB Dim AutoFill","MECHANICAL DUCTWORK LAYOUT - LEVEL 09","model","selection","skip","Both","skip-other-users","13773202","Duct Fittings","MHT-ME-DF-Rectangular Short Radius Bend - Flanged","","LEVEL 09","MHT-ME-DF-Rectangular Short Radius Bend - Flanged","250x200-250x200","250","200","","NWB_DimWidth","250","250","250","SKIP","existing-kept","instance","Shared Parameter","7626175","NWB_DimWidth","String","False","2","2"
"20260801_161107","NWB Dim AutoFill","MECHANICAL DUCTWORK LAYOUT - LEVEL 09","model","selection","skip","Both","skip-other-users","13773202","Duct Fittings","MHT-ME-DF-Rectangular Short Radius Bend - Flanged","","LEVEL 09","MHT-ME-DF-Rectangular Short Radius Bend - Flanged","250x200-250x200","250","200","","NWB_DimWidth","250","250","250","SKIP","existing-kept","instance","Shared Parameter","3045165","NWB_DimWidth","Double","False","2","2"
"20260801_161107","NWB Dim AutoFill","MECHANICAL DUCTWORK LAYOUT - LEVEL 09","model","selection","skip","Both","skip-other-users","13773202","Duct Fittings","MHT-ME-DF-Rectangular Short Radius Bend - Flanged","","LEVEL 09","MHT-ME-DF-Rectangular Short Radius Bend - Flanged","250x200-250x200","250","200","","NWB_DimHeight","200","200","200","SKIP","existing-kept","instance","Shared Parameter","7626170","NWB_DimHeight","String","False","2","2"
"20260801_161107","NWB Dim AutoFill","MECHANICAL DUCTWORK LAYOUT - LEVEL 09","model","selection","skip","Both","skip-other-users","13773202","Duct Fittings","MHT-ME-DF-Rectangular Short Radius Bend - Flanged","","LEVEL 09","MHT-ME-DF-Rectangular Short Radius Bend - Flanged","250x200-250x200","250","200","","NWB_DimHeight","200","200","200","SKIP","existing-kept","instance","Shared Parameter","3045163","NWB_DimHeight","Double","False","2","2"
"20260801_161107","NWB Dim AutoFill","MECHANICAL DUCTWORK LAYOUT - LEVEL 09","model","selection","skip","Both","skip-other-users","13773202","Duct Fittings","MHT-ME-DF-Rectangular Short Radius Bend - Flanged","","LEVEL 09","MHT-ME-DF-Rectangular Short Radius Bend - Flanged","250x200-250x200","250","200","","NWB_DimDiameter","","","","SKIP","no parsed value","","","","NWB_DimDiameter","","","",""
"20260801_161107","NWB Dim AutoFill","MECHANICAL DUCTWORK LAYOUT - LEVEL 09","model","selection","skip","Both","skip-other-users","13773204","Duct Fittings","MHT-ME-DF-Rectangular Short Radius Bend - Flanged","","LEVEL 09","MHT-ME-DF-Rectangular Short Radius Bend - Flanged","200x250-200x250","200","250","","NWB_DimWidth","200","200","200","SKIP","existing-kept","instance","Shared Parameter","7626175","NWB_DimWidth","String","False","2","2"
"20260801_161107","NWB Dim AutoFill","MECHANICAL DUCTWORK LAYOUT - LEVEL 09","model","selection","skip","Both","skip-other-users","13773204","Duct Fittings","MHT-ME-DF-Rectangular Short Radius Bend - Flanged","","LEVEL 09","MHT-ME-DF-Rectangular Short Radius Bend - Flanged","200x250-200x250","200","250","","NWB_DimWidth","200","250","250","SKIP","existing-kept","instance","Shared Parameter","3045165","NWB_DimWidth","Double","False","2","2"
"20260801_161107","NWB Dim AutoFill","MECHANICAL DUCTWORK LAYOUT - LEVEL 09","model","selection","skip","Both","skip-other-users","13773204","Duct Fittings","MHT-ME-DF-Rectangular Short Radius Bend - Flanged","","LEVEL 09","MHT-ME-DF-Rectangular Short Radius Bend - Flanged","200x250-200x250","200","250","","NWB_DimHeight","250","250","250","SKIP","existing-kept","instance","Shared Parameter","7626170","NWB_DimHeight","String","False","2","2"
"20260801_161107","NWB Dim AutoFill","MECHANICAL DUCTWORK LAYOUT - LEVEL 09","model","selection","skip","Both","skip-other-users","13773204","Duct Fittings","MHT-ME-DF-Rectangular Short Radius Bend - Flanged","","LEVEL 09","MHT-ME-DF-Rectangular Short Radius Bend - Flanged","200x250-200x250","200","250","","NWB_DimHeight","250","200","200","SKIP","existing-kept","instance","Shared Parameter","3045163","NWB_DimHeight","Double","False","2","2"
"20260801_161107","NWB Dim AutoFill","MECHANICAL DUCTWORK LAYOUT - LEVEL 09","model","selection","skip","Both","skip-other-users","13773204","Duct Fittings","MHT-ME-DF-Rectangular Short Radius Bend - Flanged","","LEVEL 09","MHT-ME-DF-Rectangular Short Radius Bend - Flanged","200x250-200x250","200","250","","NWB_DimDiameter","","","","SKIP","no parsed value","","","","NWB_DimDiameter","","","",""
"20260801_161107","NWB Dim AutoFill","MECHANICAL DUCTWORK LAYOUT - LEVEL 09","model","selection","skip","Both","skip-other-users","13773206","Ducts","Rectangular Duct","","LEVEL 09","Flanged Long Radius Elbows / Shoe Branch","250x200","250","200","","NWB_DimWidth","250","250","250","SKIP","existing-kept","instance","Shared Parameter","7626175","NWB_DimWidth","String","False","1","1"
"20260801_161107","NWB Dim AutoFill","MECHANICAL DUCTWORK LAYOUT - LEVEL 09","model","selection","skip","Both","skip-other-users","13773206","Ducts","Rectangular Duct","","LEVEL 09","Flanged Long Radius Elbows / Shoe Branch","250x200","250","200","","NWB_DimHeight","200","200","200","SKIP","existing-kept","instance","Shared Parameter","7626170","NWB_DimHeight","String","False","1","1"
"20260801_161107","NWB Dim AutoFill","MECHANICAL DUCTWORK LAYOUT - LEVEL 09","model","selection","skip","Both","skip-other-users","13773206","Ducts","Rectangular Duct","","LEVEL 09","Flanged Long Radius Elbows / Shoe Branch","250x200","250","200","","NWB_DimDiameter","","","","SKIP","no parsed value","","","","NWB_DimDiameter","","","",""
"20260801_161107","NWB Dim AutoFill","MECHANICAL DUCTWORK LAYOUT - LEVEL 09","model","selection","skip","Both","skip-other-users","13773211","Ducts","Rectangular Duct","","LEVEL 09","Flanged Long Radius Elbows / Shoe Branch","250x200","250","200","","NWB_DimWidth","250","250","250","SKIP","existing-kept","instance","Shared Parameter","7626175","NWB_DimWidth","String","False","1","1"
"20260801_161107","NWB Dim AutoFill","MECHANICAL DUCTWORK LAYOUT - LEVEL 09","model","selection","skip","Both","skip-other-users","13773211","Ducts","Rectangular Duct","","LEVEL 09","Flanged Long Radius Elbows / Shoe Branch","250x200","250","200","","NWB_DimHeight","200","200","200","SKIP","existing-kept","instance","Shared Parameter","7626170","NWB_DimHeight","String","False","1","1"
"20260801_161107","NWB Dim AutoFill","MECHANICAL DUCTWORK LAYOUT - LEVEL 09","model","selection","skip","Both","skip-other-users","13773211","Ducts","Rectangular Duct","","LEVEL 09","Flanged Long Radius Elbows / Shoe Branch","250x200","250","200","","NWB_DimDiameter","","","","SKIP","no parsed value","","","","NWB_DimDiameter","","","",""
"20260801_161107","NWB Dim AutoFill","MECHANICAL DUCTWORK LAYOUT - LEVEL 09","model","selection","skip","Both","skip-other-users","13773213","Duct Fittings","MHT-ME-DF-Rectangular Short Radius Bend - Flanged","","LEVEL 09","MHT-ME-DF-Rectangular Short Radius Bend - Flanged","250x200-250x200","250","200","","NWB_DimWidth","250","250","250","SKIP","existing-kept","instance","Shared Parameter","7626175","NWB_DimWidth","String","False","2","2"
"20260801_161107","NWB Dim AutoFill","MECHANICAL DUCTWORK LAYOUT - LEVEL 09","model","selection","skip","Both","skip-other-users","13773213","Duct Fittings","MHT-ME-DF-Rectangular Short Radius Bend - Flanged","","LEVEL 09","MHT-ME-DF-Rectangular Short Radius Bend - Flanged","250x200-250x200","250","200","","NWB_DimWidth","250","250","250","SKIP","existing-kept","instance","Shared Parameter","3045165","NWB_DimWidth","Double","False","2","2"
"20260801_161107","NWB Dim AutoFill","MECHANICAL DUCTWORK LAYOUT - LEVEL 09","model","selection","skip","Both","skip-other-users","13773213","Duct Fittings","MHT-ME-DF-Rectangular Short Radius Bend - Flanged","","LEVEL 09","MHT-ME-DF-Rectangular Short Radius Bend - Flanged","250x200-250x200","250","200","","NWB_DimHeight","200","200","200","SKIP","existing-kept","instance","Shared Parameter","7626170","NWB_DimHeight","String","False","2","2"
"20260801_161107","NWB Dim AutoFill","MECHANICAL DUCTWORK LAYOUT - LEVEL 09","model","selection","skip","Both","skip-other-users","13773213","Duct Fittings","MHT-ME-DF-Rectangular Short Radius Bend - Flanged","","LEVEL 09","MHT-ME-DF-Rectangular Short Radius Bend - Flanged","250x200-250x200","250","200","","NWB_DimHeight","200","200","200","SKIP","existing-kept","instance","Shared Parameter","3045163","NWB_DimHeight","Double","False","2","2"
"20260801_161107","NWB Dim AutoFill","MECHANICAL DUCTWORK LAYOUT - LEVEL 09","model","selection","skip","Both","skip-other-users","13773213","Duct Fittings","MHT-ME-DF-Rectangular Short Radius Bend - Flanged","","LEVEL 09","MHT-ME-DF-Rectangular Short Radius Bend - Flanged","250x200-250x200","250","200","","NWB_DimDiameter","","","","SKIP","no parsed value","","","","NWB_DimDiameter","","","",""
"20260801_161107","NWB Dim AutoFill","MECHANICAL DUCTWORK LAYOUT - LEVEL 09","model","selection","skip","Both","skip-other-users","13773216","Duct Fittings","MHT-ME-DF-Rectangular Short Radius Bend - Flanged","","LEVEL 09","MHT-ME-DF-Rectangular Short Radius Bend - Flanged","250x200-250x200","250","200","","NWB_DimWidth","250","250","250","SKIP","existing-kept","instance","Shared Parameter","7626175","NWB_DimWidth","String","False","2","2"
"20260801_161107","NWB Dim AutoFill","MECHANICAL DUCTWORK LAYOUT - LEVEL 09","model","selection","skip","Both","skip-other-users","13773216","Duct Fittings","MHT-ME-DF-Rectangular Short Radius Bend - Flanged","","LEVEL 09","MHT-ME-DF-Rectangular Short Radius Bend - Flanged","250x200-250x200","250","200","","NWB_DimWidth","250","200","200","SKIP","existing-kept","instance","Shared Parameter","3045165","NWB_DimWidth","Double","False","2","2"
"20260801_161107","NWB Dim AutoFill","MECHANICAL DUCTWORK LAYOUT - LEVEL 09","model","selection","skip","Both","skip-other-users","13773216","Duct Fittings","MHT-ME-DF-Rectangular Short Radius Bend - Flanged","","LEVEL 09","MHT-ME-DF-Rectangular Short Radius Bend - Flanged","250x200-250x200","250","200","","NWB_DimHeight","200","200","200","SKIP","existing-kept","instance","Shared Parameter","7626170","NWB_DimHeight","String","False","2","2"
"20260801_161107","NWB Dim AutoFill","MECHANICAL DUCTWORK LAYOUT - LEVEL 09","model","selection","skip","Both","skip-other-users","13773216","Duct Fittings","MHT-ME-DF-Rectangular Short Radius Bend - Flanged","","LEVEL 09","MHT-ME-DF-Rectangular Short Radius Bend - Flanged","250x200-250x200","250","200","","NWB_DimHeight","200","250","250","SKIP","existing-kept","instance","Shared Parameter","3045163","NWB_DimHeight","Double","False","2","2"
"20260801_161107","NWB Dim AutoFill","MECHANICAL DUCTWORK LAYOUT - LEVEL 09","model","selection","skip","Both","skip-other-users","13773216","Duct Fittings","MHT-ME-DF-Rectangular Short Radius Bend - Flanged","","LEVEL 09","MHT-ME-DF-Rectangular Short Radius Bend - Flanged","250x200-250x200","250","200","","NWB_DimDiameter","","","","SKIP","no parsed value","","","","NWB_DimDiameter","","","",""
"20260801_161107","NWB Dim AutoFill","MECHANICAL DUCTWORK LAYOUT - LEVEL 09","model","selection","skip","Both","skip-other-users","14668084","Air Terminals","MHT_AT_RA ECG cw plenum","","LEVEL 09","Damper","200x200","200","200","200","NWB_DimDiameter","200","200ø","200ø","SKIP","existing-kept","instance","Shared Parameter","7626172","NWB_DimDiameter","String","False","1","1"
"20260801_161107","NWB Dim AutoFill","MECHANICAL DUCTWORK LAYOUT - LEVEL 09","model","selection","skip","Both","skip-other-users","14670915","Air Terminals","MHT_AT_RA ECG cw plenum","","LEVEL 09","Damper","200x200","200","200","150","NWB_DimDiameter","150","150ø","150ø","SKIP","existing-kept","instance","Shared Parameter","7626172","NWB_DimDiameter","String","False","1","1"
"20260801_161107","NWB Dim AutoFill","MECHANICAL DUCTWORK LAYOUT - LEVEL 09","model","selection","skip","Both","skip-other-users","14685772","Air Terminals","MHT-ME-AT - Supply Air Grille","","","MHT-ME-AT - 600x600","0x1","0","1","0","NWB_DimWidth","0","600","600","SKIP","existing-kept","instance","Shared Parameter","7626175","NWB_DimWidth","String","False","1","1"
"20260801_161107","NWB Dim AutoFill","MECHANICAL DUCTWORK LAYOUT - LEVEL 09","model","selection","skip","Both","skip-other-users","14685772","Air Terminals","MHT-ME-AT - Supply Air Grille","","","MHT-ME-AT - 600x600","0x1","0","1","0","NWB_DimHeight","1","600","600","SKIP","existing-kept","instance","Shared Parameter","7626170","NWB_DimHeight","String","False","1","1"
"20260801_161107","NWB Dim AutoFill","MECHANICAL DUCTWORK LAYOUT - LEVEL 09","model","selection","skip","Both","skip-other-users","14685827","Air Terminals","MHT-ME-AT - Supply Air Grille","","","MHT-ME-AT - 600x600","0x1","0","1","0","NWB_DimWidth","0","600","600","SKIP","existing-kept","instance","Shared Parameter","7626175","NWB_DimWidth","String","False","1","1"
"20260801_161107","NWB Dim AutoFill","MECHANICAL DUCTWORK LAYOUT - LEVEL 09","model","selection","skip","Both","skip-other-users","14685827","Air Terminals","MHT-ME-AT - Supply Air Grille","","","MHT-ME-AT - 600x600","0x1","0","1","0","NWB_DimHeight","1","600","600","SKIP","existing-kept","instance","Shared Parameter","7626170","NWB_DimHeight","String","False","1","1"
"20260801_161107","NWB Dim AutoFill","MECHANICAL DUCTWORK LAYOUT - LEVEL 09","model","selection","skip","Both","skip-other-users","14702762","Air Terminals","MHT_AT_RA ECG cw plenum","","LEVEL 09","Damper","200x200","200","200","200","NWB_DimDiameter","200","200ø","200ø","SKIP","existing-kept","instance","Shared Parameter","7626172","NWB_DimDiameter","String","False","1","1"
"20260801_161107","NWB Dim AutoFill","MECHANICAL DUCTWORK LAYOUT - LEVEL 09","model","selection","skip","Both","skip-other-users","14846845","Duct Fittings","MHT-ME-DF-Square Cap-BMA","","LEVEL 09","Standard","200x300","200","300","","NWB_DimWidth","200","250","250","SKIP","existing-kept","instance","Shared Parameter","7626175","NWB_DimWidth","String","False","1","1"
"20260801_161107","NWB Dim AutoFill","MECHANICAL DUCTWORK LAYOUT - LEVEL 09","model","selection","skip","Both","skip-other-users","14846845","Duct Fittings","MHT-ME-DF-Square Cap-BMA","","LEVEL 09","Standard","200x300","200","300","","NWB_DimHeight","300","0","0","SKIP","existing-kept","instance","Shared Parameter","7626170","NWB_DimHeight","String","False","1","1"
"20260801_161107","NWB Dim AutoFill","MECHANICAL DUCTWORK LAYOUT - LEVEL 09","model","selection","skip","Both","skip-other-users","14846845","Duct Fittings","MHT-ME-DF-Square Cap-BMA","","LEVEL 09","Standard","200x300","200","300","","NWB_DimDiameter","","","","SKIP","no parsed value","","","","NWB_DimDiameter","","","",""
"20260801_161107","NWB Dim AutoFill","MECHANICAL DUCTWORK LAYOUT - LEVEL 09","model","selection","skip","Both","skip-other-users","14846948","Duct Fittings","MHT-ME-DF-Square Cap-BMA","","LEVEL 09","Standard","200x300","200","300","","NWB_DimWidth","200","200","200","SKIP","existing-kept","instance","Shared Parameter","7626175","NWB_DimWidth","String","False","1","1"
"20260801_161107","NWB Dim AutoFill","MECHANICAL DUCTWORK LAYOUT - LEVEL 09","model","selection","skip","Both","skip-other-users","14846948","Duct Fittings","MHT-ME-DF-Square Cap-BMA","","LEVEL 09","Standard","200x300","200","300","","NWB_DimHeight","300","300","300","SKIP","existing-kept","instance","Shared Parameter","7626170","NWB_DimHeight","String","False","1","1"
"20260801_161107","NWB Dim AutoFill","MECHANICAL DUCTWORK LAYOUT - LEVEL 09","model","selection","skip","Both","skip-other-users","14846948","Duct Fittings","MHT-ME-DF-Square Cap-BMA","","LEVEL 09","Standard","200x300","200","300","","NWB_DimDiameter","","","","SKIP","no parsed value","","","","NWB_DimDiameter","","","",""
"20260801_161107","NWB Dim AutoFill","MECHANICAL DUCTWORK LAYOUT - LEVEL 09","model","selection","skip","Both","skip-other-users","14848117","Ducts","Rectangular Duct","","LEVEL 09","Flanged Long Radius Elbows / Shoe Branch","250x300","250","300","","NWB_DimWidth","250","250","250","SKIP","existing-kept","instance","Shared Parameter","7626175","NWB_DimWidth","String","False","1","1"
"20260801_161107","NWB Dim AutoFill","MECHANICAL DUCTWORK LAYOUT - LEVEL 09","model","selection","skip","Both","skip-other-users","14848117","Ducts","Rectangular Duct","","LEVEL 09","Flanged Long Radius Elbows / Shoe Branch","250x300","250","300","","NWB_DimHeight","300","300","300","SKIP","existing-kept","instance","Shared Parameter","7626170","NWB_DimHeight","String","False","1","1"
"20260801_161107","NWB Dim AutoFill","MECHANICAL DUCTWORK LAYOUT - LEVEL 09","model","selection","skip","Both","skip-other-users","14848117","Ducts","Rectangular Duct","","LEVEL 09","Flanged Long Radius Elbows / Shoe Branch","250x300","250","300","","NWB_DimDiameter","","","","SKIP","no parsed value","","","","NWB_DimDiameter","","","",""
"20260801_161107","NWB Dim AutoFill","MECHANICAL DUCTWORK LAYOUT - LEVEL 09","model","selection","skip","Both","skip-other-users","14848126","Flex Ducts","Flex Duct Round","","LEVEL 09","Flex - Round","200 mmø","","","200","NWB_DimWidth","","","","SKIP","no parsed value","","","","NWB_DimWidth","","","",""
"20260801_161107","NWB Dim AutoFill","MECHANICAL DUCTWORK LAYOUT - LEVEL 09","model","selection","skip","Both","skip-other-users","14848126","Flex Ducts","Flex Duct Round","","LEVEL 09","Flex - Round","200 mmø","","","200","NWB_DimHeight","","","","SKIP","no parsed value","","","","NWB_DimHeight","","","",""
"20260801_161107","NWB Dim AutoFill","MECHANICAL DUCTWORK LAYOUT - LEVEL 09","model","selection","skip","Both","skip-other-users","14848128","Air Terminals","MHT_AT_RA ECG cw plenum","","LEVEL 09","Damper","200x200","200","200","200","NWB_DimDiameter","200","200ø","200ø","SKIP","existing-kept","instance","Shared Parameter","7626172","NWB_DimDiameter","String","False","1","1"
"20260801_161107","NWB Dim AutoFill","MECHANICAL DUCTWORK LAYOUT - LEVEL 09","model","selection","skip","Both","skip-other-users","14848153","Duct Fittings","MHT_DF_Spigot","","LEVEL 09","Damper","200ø-200ø","","","200","NWB_DimWidth","","","","SKIP","no parsed value","","","","NWB_DimWidth","","","",""
"20260801_161107","NWB Dim AutoFill","MECHANICAL DUCTWORK LAYOUT - LEVEL 09","model","selection","skip","Both","skip-other-users","14848153","Duct Fittings","MHT_DF_Spigot","","LEVEL 09","Damper","200ø-200ø","","","200","NWB_DimHeight","","","","SKIP","no parsed value","","","","NWB_DimHeight","","","",""
"20260801_161107","NWB Dim AutoFill","MECHANICAL DUCTWORK LAYOUT - LEVEL 09","model","selection","skip","Both","skip-other-users","14848153","Duct Fittings","MHT_DF_Spigot","","LEVEL 09","Damper","200ø-200ø","","","200","NWB_DimDiameter","200","200","200","SKIP","existing-kept","instance","Shared Parameter","7626172","NWB_DimDiameter","String","False","1","1"
"20260801_161107","NWB Dim AutoFill","MECHANICAL DUCTWORK LAYOUT - LEVEL 09","model","selection","skip","Both","skip-other-users","14848614","Duct Fittings","MHT_DF_Spigot","","LEVEL 09","Damper","200ø-200ø","","","200","NWB_DimWidth","","","","SKIP","no parsed value","","","","NWB_DimWidth","","","",""
"20260801_161107","NWB Dim AutoFill","MECHANICAL DUCTWORK LAYOUT - LEVEL 09","model","selection","skip","Both","skip-other-users","14848614","Duct Fittings","MHT_DF_Spigot","","LEVEL 09","Damper","200ø-200ø","","","200","NWB_DimHeight","","","","SKIP","no parsed value","","","","NWB_DimHeight","","","",""
"20260801_161107","NWB Dim AutoFill","MECHANICAL DUCTWORK LAYOUT - LEVEL 09","model","selection","skip","Both","skip-other-users","14848614","Duct Fittings","MHT_DF_Spigot","","LEVEL 09","Damper","200ø-200ø","","","200","NWB_DimDiameter","200","200","200","SKIP","existing-kept","instance","Shared Parameter","7626172","NWB_DimDiameter","String","False","1","1"
"20260801_161107","NWB Dim AutoFill","MECHANICAL DUCTWORK LAYOUT - LEVEL 09","model","selection","skip","Both","skip-other-users","14848634","Duct Fittings","MHT-ME-DF-Square Cap-BMA","","LEVEL 09","Standard","200x250","200","250","","NWB_DimWidth","200","200","200","SKIP","existing-kept","instance","Shared Parameter","7626175","NWB_DimWidth","String","False","1","1"
"20260801_161107","NWB Dim AutoFill","MECHANICAL DUCTWORK LAYOUT - LEVEL 09","model","selection","skip","Both","skip-other-users","14848634","Duct Fittings","MHT-ME-DF-Square Cap-BMA","","LEVEL 09","Standard","200x250","200","250","","NWB_DimHeight","250","250","250","SKIP","existing-kept","instance","Shared Parameter","7626170","NWB_DimHeight","String","False","1","1"
"20260801_161107","NWB Dim AutoFill","MECHANICAL DUCTWORK LAYOUT - LEVEL 09","model","selection","skip","Both","skip-other-users","14848634","Duct Fittings","MHT-ME-DF-Square Cap-BMA","","LEVEL 09","Standard","200x250","200","250","","NWB_DimDiameter","","","","SKIP","no parsed value","","","","NWB_DimDiameter","","","",""
"20260801_161107","NWB Dim AutoFill","MECHANICAL DUCTWORK LAYOUT - LEVEL 09","model","selection","skip","Both","skip-other-users","14849564","Duct Fittings","MHT-ME-DF-Rectangular Short Radius Bend - Flanged","","LEVEL 09","MHT-ME-DF-Rectangular Short Radius Bend - Flanged","250x300-250x300","250","300","","NWB_DimWidth","250","250","250","SKIP","existing-kept","instance","Shared Parameter","7626175","NWB_DimWidth","String","False","2","2"
"20260801_161107","NWB Dim AutoFill","MECHANICAL DUCTWORK LAYOUT - LEVEL 09","model","selection","skip","Both","skip-other-users","14849564","Duct Fittings","MHT-ME-DF-Rectangular Short Radius Bend - Flanged","","LEVEL 09","MHT-ME-DF-Rectangular Short Radius Bend - Flanged","250x300-250x300","250","300","","NWB_DimWidth","250","250","250","SKIP","existing-kept","instance","Shared Parameter","3045165","NWB_DimWidth","Double","False","2","2"
"20260801_161107","NWB Dim AutoFill","MECHANICAL DUCTWORK LAYOUT - LEVEL 09","model","selection","skip","Both","skip-other-users","14849564","Duct Fittings","MHT-ME-DF-Rectangular Short Radius Bend - Flanged","","LEVEL 09","MHT-ME-DF-Rectangular Short Radius Bend - Flanged","250x300-250x300","250","300","","NWB_DimHeight","300","300","300","SKIP","existing-kept","instance","Shared Parameter","7626170","NWB_DimHeight","String","False","2","2"
"20260801_161107","NWB Dim AutoFill","MECHANICAL DUCTWORK LAYOUT - LEVEL 09","model","selection","skip","Both","skip-other-users","14849564","Duct Fittings","MHT-ME-DF-Rectangular Short Radius Bend - Flanged","","LEVEL 09","MHT-ME-DF-Rectangular Short Radius Bend - Flanged","250x300-250x300","250","300","","NWB_DimHeight","300","300","300","SKIP","existing-kept","instance","Shared Parameter","3045163","NWB_DimHeight","Double","False","2","2"
"20260801_161107","NWB Dim AutoFill","MECHANICAL DUCTWORK LAYOUT - LEVEL 09","model","selection","skip","Both","skip-other-users","14849564","Duct Fittings","MHT-ME-DF-Rectangular Short Radius Bend - Flanged","","LEVEL 09","MHT-ME-DF-Rectangular Short Radius Bend - Flanged","250x300-250x300","250","300","","NWB_DimDiameter","","","","SKIP","no parsed value","","","","NWB_DimDiameter","","","",""
"20260801_161107","NWB Dim AutoFill","MECHANICAL DUCTWORK LAYOUT - LEVEL 09","model","selection","skip","Both","skip-other-users","14855358","Ducts","Rectangular Duct","","LEVEL 09","Flanged Long Radius Elbows / Shoe Branch","300x200","300","200","","NWB_DimWidth","300","300","300","SKIP","existing-kept","instance","Shared Parameter","7626175","NWB_DimWidth","String","False","1","1"
"20260801_161107","NWB Dim AutoFill","MECHANICAL DUCTWORK LAYOUT - LEVEL 09","model","selection","skip","Both","skip-other-users","14855358","Ducts","Rectangular Duct","","LEVEL 09","Flanged Long Radius Elbows / Shoe Branch","300x200","300","200","","NWB_DimHeight","200","200","200","SKIP","existing-kept","instance","Shared Parameter","7626170","NWB_DimHeight","String","False","1","1"
"20260801_161107","NWB Dim AutoFill","MECHANICAL DUCTWORK LAYOUT - LEVEL 09","model","selection","skip","Both","skip-other-users","14855358","Ducts","Rectangular Duct","","LEVEL 09","Flanged Long Radius Elbows / Shoe Branch","300x200","300","200","","NWB_DimDiameter","","","","SKIP","no parsed value","","","","NWB_DimDiameter","","","",""
"20260801_161107","NWB Dim AutoFill","MECHANICAL DUCTWORK LAYOUT - LEVEL 09","model","selection","skip","Both","skip-other-users","14855361","Duct Fittings","MHT-ME-DF-Rectangular Short Radius Bend - Flanged","","LEVEL 09","MHT-ME-DF-Rectangular Short Radius Bend - Flanged","300x200-300x200","300","200","","NWB_DimWidth","300","300","300","SKIP","existing-kept","instance","Shared Parameter","7626175","NWB_DimWidth","String","False","2","2"
"20260801_161107","NWB Dim AutoFill","MECHANICAL DUCTWORK LAYOUT - LEVEL 09","model","selection","skip","Both","skip-other-users","14855361","Duct Fittings","MHT-ME-DF-Rectangular Short Radius Bend - Flanged","","LEVEL 09","MHT-ME-DF-Rectangular Short Radius Bend - Flanged","300x200-300x200","300","200","","NWB_DimWidth","300","600","600","SKIP","existing-kept","instance","Shared Parameter","3045165","NWB_DimWidth","Double","False","2","2"
"20260801_161107","NWB Dim AutoFill","MECHANICAL DUCTWORK LAYOUT - LEVEL 09","model","selection","skip","Both","skip-other-users","14855361","Duct Fittings","MHT-ME-DF-Rectangular Short Radius Bend - Flanged","","LEVEL 09","MHT-ME-DF-Rectangular Short Radius Bend - Flanged","300x200-300x200","300","200","","NWB_DimHeight","200","200","200","SKIP","existing-kept","instance","Shared Parameter","7626170","NWB_DimHeight","String","False","2","2"
"20260801_161107","NWB Dim AutoFill","MECHANICAL DUCTWORK LAYOUT - LEVEL 09","model","selection","skip","Both","skip-other-users","14855361","Duct Fittings","MHT-ME-DF-Rectangular Short Radius Bend - Flanged","","LEVEL 09","MHT-ME-DF-Rectangular Short Radius Bend - Flanged","300x200-300x200","300","200","","NWB_DimHeight","200","400","400","SKIP","existing-kept","instance","Shared Parameter","3045163","NWB_DimHeight","Double","False","2","2"
"20260801_161107","NWB Dim AutoFill","MECHANICAL DUCTWORK LAYOUT - LEVEL 09","model","selection","skip","Both","skip-other-users","14855361","Duct Fittings","MHT-ME-DF-Rectangular Short Radius Bend - Flanged","","LEVEL 09","MHT-ME-DF-Rectangular Short Radius Bend - Flanged","300x200-300x200","300","200","","NWB_DimDiameter","","","","SKIP","no parsed value","","","","NWB_DimDiameter","","","",""
"20260801_161107","NWB Dim AutoFill","MECHANICAL DUCTWORK LAYOUT - LEVEL 09","model","selection","skip","Both","skip-other-users","14855362","Flex Ducts","Flex Duct Round","","LEVEL 09","Flex - Round","150 mmø","","","150","NWB_DimWidth","","","","SKIP","no parsed value","","","","NWB_DimWidth","","","",""
"20260801_161107","NWB Dim AutoFill","MECHANICAL DUCTWORK LAYOUT - LEVEL 09","model","selection","skip","Both","skip-other-users","14855362","Flex Ducts","Flex Duct Round","","LEVEL 09","Flex - Round","150 mmø","","","150","NWB_DimHeight","","","","SKIP","no parsed value","","","","NWB_DimHeight","","","",""
"20260801_161107","NWB Dim AutoFill","MECHANICAL DUCTWORK LAYOUT - LEVEL 09","model","selection","skip","Both","skip-other-users","14855364","Mechanical Equipment","MHT-ME-VAV TZ","","LEVEL 09","AW-S 04 (200L/S)","","","","","","","","","SKIP","size empty","","","","","","","",""
"20260801_161107","NWB Dim AutoFill","MECHANICAL DUCTWORK LAYOUT - LEVEL 09","model","selection","skip","Both","skip-other-users","14855366","Ducts","Rectangular Duct","","LEVEL 09","Flanged Medium Radius Elbows / Shoe Branch","200x250","200","250","","NWB_DimWidth","200","200","200","SKIP","existing-kept","instance","Shared Parameter","7626175","NWB_DimWidth","String","False","1","1"
"20260801_161107","NWB Dim AutoFill","MECHANICAL DUCTWORK LAYOUT - LEVEL 09","model","selection","skip","Both","skip-other-users","14855366","Ducts","Rectangular Duct","","LEVEL 09","Flanged Medium Radius Elbows / Shoe Branch","200x250","200","250","","NWB_DimHeight","250","250","250","SKIP","existing-kept","instance","Shared Parameter","7626170","NWB_DimHeight","String","False","1","1"
"20260801_161107","NWB Dim AutoFill","MECHANICAL DUCTWORK LAYOUT - LEVEL 09","model","selection","skip","Both","skip-other-users","14855366","Ducts","Rectangular Duct","","LEVEL 09","Flanged Medium Radius Elbows / Shoe Branch","200x250","200","250","","NWB_DimDiameter","","","","SKIP","no parsed value","","","","NWB_DimDiameter","","","",""
"20260801_161107","NWB Dim AutoFill","MECHANICAL DUCTWORK LAYOUT - LEVEL 09","model","selection","skip","Both","skip-other-users","14855368","Ducts","Rectangular Duct","","LEVEL 09","Flanged Long Radius Elbows / Shoe Branch","100x200","100","200","","NWB_DimWidth","100","100","100","SKIP","existing-kept","instance","Shared Parameter","7626175","NWB_DimWidth","String","False","1","1"
"20260801_161107","NWB Dim AutoFill","MECHANICAL DUCTWORK LAYOUT - LEVEL 09","model","selection","skip","Both","skip-other-users","14855368","Ducts","Rectangular Duct","","LEVEL 09","Flanged Long Radius Elbows / Shoe Branch","100x200","100","200","","NWB_DimHeight","200","200","200","SKIP","existing-kept","instance","Shared Parameter","7626170","NWB_DimHeight","String","False","1","1"
"20260801_161107","NWB Dim AutoFill","MECHANICAL DUCTWORK LAYOUT - LEVEL 09","model","selection","skip","Both","skip-other-users","14855368","Ducts","Rectangular Duct","","LEVEL 09","Flanged Long Radius Elbows / Shoe Branch","100x200","100","200","","NWB_DimDiameter","","","","SKIP","no parsed value","","","","NWB_DimDiameter","","","",""
"20260801_161107","NWB Dim AutoFill","MECHANICAL DUCTWORK LAYOUT - LEVEL 09","model","selection","skip","Both","skip-other-users","14855369","Duct Fittings","MHT-ME-DF-Rectangular Shoe Branch - Flanged","","LEVEL 09","Standard","100x200-100x200","100","200","","NWB_DimWidth","100","600","600","SKIP","existing-kept","instance","Shared Parameter","7626175","NWB_DimWidth","String","False","1","1"
"20260801_161107","NWB Dim AutoFill","MECHANICAL DUCTWORK LAYOUT - LEVEL 09","model","selection","skip","Both","skip-other-users","14855369","Duct Fittings","MHT-ME-DF-Rectangular Shoe Branch - Flanged","","LEVEL 09","Standard","100x200-100x200","100","200","","NWB_DimHeight","200","0","0","SKIP","existing-kept","instance","Shared Parameter","7626170","NWB_DimHeight","String","False","1","1"
"20260801_161107","NWB Dim AutoFill","MECHANICAL DUCTWORK LAYOUT - LEVEL 09","model","selection","skip","Both","skip-other-users","14855369","Duct Fittings","MHT-ME-DF-Rectangular Shoe Branch - Flanged","","LEVEL 09","Standard","100x200-100x200","100","200","","NWB_DimDiameter","","","","SKIP","no parsed value","","","","NWB_DimDiameter","","","",""
"20260801_161107","NWB Dim AutoFill","MECHANICAL DUCTWORK LAYOUT - LEVEL 09","model","selection","skip","Both","skip-other-users","14855372","Duct Fittings","MHT_DF_Spigot","","LEVEL 09","Damper","150ø-150ø","","","150","NWB_DimWidth","","","","SKIP","no parsed value","","","","NWB_DimWidth","","","",""
"20260801_161107","NWB Dim AutoFill","MECHANICAL DUCTWORK LAYOUT - LEVEL 09","model","selection","skip","Both","skip-other-users","14855372","Duct Fittings","MHT_DF_Spigot","","LEVEL 09","Damper","150ø-150ø","","","150","NWB_DimHeight","","","","SKIP","no parsed value","","","","NWB_DimHeight","","","",""
"20260801_161107","NWB Dim AutoFill","MECHANICAL DUCTWORK LAYOUT - LEVEL 09","model","selection","skip","Both","skip-other-users","14855372","Duct Fittings","MHT_DF_Spigot","","LEVEL 09","Damper","150ø-150ø","","","150","NWB_DimDiameter","150","150","150","SKIP","existing-kept","instance","Shared Parameter","7626172","NWB_DimDiameter","String","False","1","1"
"20260801_161107","NWB Dim AutoFill","MECHANICAL DUCTWORK LAYOUT - LEVEL 09","model","selection","skip","Both","skip-other-users","14855375","Duct Fittings","MHT-ME-DF-Rectangular Eccentric Taper - Flanged-01","","LEVEL 09","Standard","250x255-200x250","250","255","","NWB_DimWidth","250","250","250","SKIP","existing-kept","instance","Shared Parameter","7626175","NWB_DimWidth","String","False","2","2"
"20260801_161107","NWB Dim AutoFill","MECHANICAL DUCTWORK LAYOUT - LEVEL 09","model","selection","skip","Both","skip-other-users","14855375","Duct Fittings","MHT-ME-DF-Rectangular Eccentric Taper - Flanged-01","","LEVEL 09","Standard","250x255-200x250","250","255","","NWB_DimWidth","250","100","100","SKIP","existing-kept","instance","Shared Parameter","3045165","NWB_DimWidth","Double","False","2","2"
"20260801_161107","NWB Dim AutoFill","MECHANICAL DUCTWORK LAYOUT - LEVEL 09","model","selection","skip","Both","skip-other-users","14855375","Duct Fittings","MHT-ME-DF-Rectangular Eccentric Taper - Flanged-01","","LEVEL 09","Standard","250x255-200x250","250","255","","NWB_DimHeight","255","255","255","SKIP","existing-kept","instance","Shared Parameter","7626170","NWB_DimHeight","String","False","2","2"
"20260801_161107","NWB Dim AutoFill","MECHANICAL DUCTWORK LAYOUT - LEVEL 09","model","selection","skip","Both","skip-other-users","14855375","Duct Fittings","MHT-ME-DF-Rectangular Eccentric Taper - Flanged-01","","LEVEL 09","Standard","250x255-200x250","250","255","","NWB_DimHeight","255","200","200","SKIP","existing-kept","instance","Shared Parameter","3045163","NWB_DimHeight","Double","False","2","2"
"20260801_161107","NWB Dim AutoFill","MECHANICAL DUCTWORK LAYOUT - LEVEL 09","model","selection","skip","Both","skip-other-users","14855375","Duct Fittings","MHT-ME-DF-Rectangular Eccentric Taper - Flanged-01","","LEVEL 09","Standard","250x255-200x250","250","255","","NWB_DimDiameter","","","","SKIP","no parsed value","","","","NWB_DimDiameter","","","",""
"20260801_161107","NWB Dim AutoFill","MECHANICAL DUCTWORK LAYOUT - LEVEL 09","model","selection","skip","Both","skip-other-users","14855377","Duct Fittings","MHT-ME-DF-Square Cap-BMA","","LEVEL 09","Standard","200x250","200","250","","NWB_DimWidth","200","200","200","SKIP","existing-kept","instance","Shared Parameter","7626175","NWB_DimWidth","String","False","1","1"
"20260801_161107","NWB Dim AutoFill","MECHANICAL DUCTWORK LAYOUT - LEVEL 09","model","selection","skip","Both","skip-other-users","14855377","Duct Fittings","MHT-ME-DF-Square Cap-BMA","","LEVEL 09","Standard","200x250","200","250","","NWB_DimHeight","250","250","250","SKIP","existing-kept","instance","Shared Parameter","7626170","NWB_DimHeight","String","False","1","1"
"20260801_161107","NWB Dim AutoFill","MECHANICAL DUCTWORK LAYOUT - LEVEL 09","model","selection","skip","Both","skip-other-users","14855377","Duct Fittings","MHT-ME-DF-Square Cap-BMA","","LEVEL 09","Standard","200x250","200","250","","NWB_DimDiameter","","","","SKIP","no parsed value","","","","NWB_DimDiameter","","","",""
"20260801_161107","NWB Dim AutoFill","MECHANICAL DUCTWORK LAYOUT - LEVEL 09","model","selection","skip","Both","skip-other-users","14855380","Air Terminals","MHT_AT_S Air Diff Swirl","","LEVEL 09","No Damper","600x400","600","400","300","NWB_DimDiameter","300","300ø","300ø","SKIP","existing-kept","instance","Shared Parameter","7626172","NWB_DimDiameter","String","False","1","1"
"20260801_161107","NWB Dim AutoFill","MECHANICAL DUCTWORK LAYOUT - LEVEL 09","model","selection","skip","Both","skip-other-users","14855388","Ducts","Rectangular Duct","","LEVEL 09","Flanged Long Radius Elbows / Shoe Branch","150x200","150","200","","NWB_DimWidth","150","150","150","SKIP","existing-kept","instance","Shared Parameter","7626175","NWB_DimWidth","String","False","1","1"
"20260801_161107","NWB Dim AutoFill","MECHANICAL DUCTWORK LAYOUT - LEVEL 09","model","selection","skip","Both","skip-other-users","14855388","Ducts","Rectangular Duct","","LEVEL 09","Flanged Long Radius Elbows / Shoe Branch","150x200","150","200","","NWB_DimHeight","200","200","200","SKIP","existing-kept","instance","Shared Parameter","7626170","NWB_DimHeight","String","False","1","1"
"20260801_161107","NWB Dim AutoFill","MECHANICAL DUCTWORK LAYOUT - LEVEL 09","model","selection","skip","Both","skip-other-users","14855388","Ducts","Rectangular Duct","","LEVEL 09","Flanged Long Radius Elbows / Shoe Branch","150x200","150","200","","NWB_DimDiameter","","","","SKIP","no parsed value","","","","NWB_DimDiameter","","","",""
"20260801_161107","NWB Dim AutoFill","MECHANICAL DUCTWORK LAYOUT - LEVEL 09","model","selection","skip","Both","skip-other-users","14855390","Ducts","Rectangular Duct","","LEVEL 09","Flanged Long Radius Elbows / Shoe Branch","150x200","150","200","","NWB_DimWidth","150","150","150","SKIP","existing-kept","instance","Shared Parameter","7626175","NWB_DimWidth","String","False","1","1"
"20260801_161107","NWB Dim AutoFill","MECHANICAL DUCTWORK LAYOUT - LEVEL 09","model","selection","skip","Both","skip-other-users","14855390","Ducts","Rectangular Duct","","LEVEL 09","Flanged Long Radius Elbows / Shoe Branch","150x200","150","200","","NWB_DimHeight","200","200","200","SKIP","existing-kept","instance","Shared Parameter","7626170","NWB_DimHeight","String","False","1","1"
"20260801_161107","NWB Dim AutoFill","MECHANICAL DUCTWORK LAYOUT - LEVEL 09","model","selection","skip","Both","skip-other-users","14855390","Ducts","Rectangular Duct","","LEVEL 09","Flanged Long Radius Elbows / Shoe Branch","150x200","150","200","","NWB_DimDiameter","","","","SKIP","no parsed value","","","","NWB_DimDiameter","","","",""
"20260801_161107","NWB Dim AutoFill","MECHANICAL DUCTWORK LAYOUT - LEVEL 09","model","selection","skip","Both","skip-other-users","14855394","Mechanical Equipment","MHT-ME-VAV TZ","","LEVEL 09","AW-S 08 (450L/S)","","","","","","","","","SKIP","size empty","","","","","","","",""
"20260801_161107","NWB Dim AutoFill","MECHANICAL DUCTWORK LAYOUT - LEVEL 09","model","selection","skip","Both","skip-other-users","14855399","Air Terminals","MHT_AT_RA ECG cw plenum","","LEVEL 09","Damper","600x600","600","600","300","NWB_DimDiameter","300","300ø","300ø","SKIP","existing-kept","instance","Shared Parameter","7626172","NWB_DimDiameter","String","False","1","1"
"20260801_161107","NWB Dim AutoFill","MECHANICAL DUCTWORK LAYOUT - LEVEL 09","model","selection","skip","Both","skip-other-users","14855402","Ducts","Rectangular Duct","","LEVEL 09","Flanged Long Radius Elbows / Shoe Branch","150x325","150","325","","NWB_DimWidth","150","150","150","SKIP","existing-kept","instance","Shared Parameter","7626175","NWB_DimWidth","String","False","1","1"
"20260801_161107","NWB Dim AutoFill","MECHANICAL DUCTWORK LAYOUT - LEVEL 09","model","selection","skip","Both","skip-other-users","14855402","Ducts","Rectangular Duct","","LEVEL 09","Flanged Long Radius Elbows / Shoe Branch","150x325","150","325","","NWB_DimHeight","325","325","325","SKIP","existing-kept","instance","Shared Parameter","7626170","NWB_DimHeight","String","False","1","1"
"20260801_161107","NWB Dim AutoFill","MECHANICAL DUCTWORK LAYOUT - LEVEL 09","model","selection","skip","Both","skip-other-users","14855402","Ducts","Rectangular Duct","","LEVEL 09","Flanged Long Radius Elbows / Shoe Branch","150x325","150","325","","NWB_DimDiameter","","","","SKIP","no parsed value","","","","NWB_DimDiameter","","","",""
"20260801_161107","NWB Dim AutoFill","MECHANICAL DUCTWORK LAYOUT - LEVEL 09","model","selection","skip","Both","skip-other-users","14855404","Duct Fittings","MHT-ME-DF-Square Cap-BMA","","LEVEL 09","Standard","150x325","150","325","","NWB_DimWidth","150","250","250","SKIP","existing-kept","instance","Shared Parameter","7626175","NWB_DimWidth","String","False","1","1"
"20260801_161107","NWB Dim AutoFill","MECHANICAL DUCTWORK LAYOUT - LEVEL 09","model","selection","skip","Both","skip-other-users","14855404","Duct Fittings","MHT-ME-DF-Square Cap-BMA","","LEVEL 09","Standard","150x325","150","325","","NWB_DimHeight","325","0","0","SKIP","existing-kept","instance","Shared Parameter","7626170","NWB_DimHeight","String","False","1","1"
"20260801_161107","NWB Dim AutoFill","MECHANICAL DUCTWORK LAYOUT - LEVEL 09","model","selection","skip","Both","skip-other-users","14855404","Duct Fittings","MHT-ME-DF-Square Cap-BMA","","LEVEL 09","Standard","150x325","150","325","","NWB_DimDiameter","","","","SKIP","no parsed value","","","","NWB_DimDiameter","","","",""
"20260801_161107","NWB Dim AutoFill","MECHANICAL DUCTWORK LAYOUT - LEVEL 09","model","selection","skip","Both","skip-other-users","14855406","Duct Fittings","MHT_DF_Spigot","","LEVEL 09","Damper","300ø-300ø","","","300","NWB_DimWidth","","","","SKIP","no parsed value","","","","NWB_DimWidth","","","",""
"20260801_161107","NWB Dim AutoFill","MECHANICAL DUCTWORK LAYOUT - LEVEL 09","model","selection","skip","Both","skip-other-users","14855406","Duct Fittings","MHT_DF_Spigot","","LEVEL 09","Damper","300ø-300ø","","","300","NWB_DimHeight","","","","SKIP","no parsed value","","","","NWB_DimHeight","","","",""
"20260801_161107","NWB Dim AutoFill","MECHANICAL DUCTWORK LAYOUT - LEVEL 09","model","selection","skip","Both","skip-other-users","14855406","Duct Fittings","MHT_DF_Spigot","","LEVEL 09","Damper","300ø-300ø","","","300","NWB_DimDiameter","300","300","300","SKIP","existing-kept","instance","Shared Parameter","7626172","NWB_DimDiameter","String","False","1","1"
"20260801_161107","NWB Dim AutoFill","MECHANICAL DUCTWORK LAYOUT - LEVEL 09","model","selection","skip","Both","skip-other-users","14855408","Duct Fittings","MHT-ME-DF-Rectangular Shoe Branch - Flanged","","LEVEL 09","Standard","150x325-150x325","150","325","","NWB_DimWidth","150","150","150","SKIP","existing-kept","instance","Shared Parameter","7626175","NWB_DimWidth","String","False","1","1"
"20260801_161107","NWB Dim AutoFill","MECHANICAL DUCTWORK LAYOUT - LEVEL 09","model","selection","skip","Both","skip-other-users","14855408","Duct Fittings","MHT-ME-DF-Rectangular Shoe Branch - Flanged","","LEVEL 09","Standard","150x325-150x325","150","325","","NWB_DimHeight","325","325","325","SKIP","existing-kept","instance","Shared Parameter","7626170","NWB_DimHeight","String","False","1","1"
"20260801_161107","NWB Dim AutoFill","MECHANICAL DUCTWORK LAYOUT - LEVEL 09","model","selection","skip","Both","skip-other-users","14855408","Duct Fittings","MHT-ME-DF-Rectangular Shoe Branch - Flanged","","LEVEL 09","Standard","150x325-150x325","150","325","","NWB_DimDiameter","","","","SKIP","no parsed value","","","","NWB_DimDiameter","","","",""
"20260801_161107","NWB Dim AutoFill","MECHANICAL DUCTWORK LAYOUT - LEVEL 09","model","selection","skip","Both","skip-other-users","14855412","Ducts","Rectangular Duct","","LEVEL 09","Flanged Long Radius Elbows / Shoe Branch","250x150","250","150","","NWB_DimWidth","250","250","250","SKIP","existing-kept","instance","Shared Parameter","7626175","NWB_DimWidth","String","False","1","1"
"20260801_161107","NWB Dim AutoFill","MECHANICAL DUCTWORK LAYOUT - LEVEL 09","model","selection","skip","Both","skip-other-users","14855412","Ducts","Rectangular Duct","","LEVEL 09","Flanged Long Radius Elbows / Shoe Branch","250x150","250","150","","NWB_DimHeight","150","150","150","SKIP","existing-kept","instance","Shared Parameter","7626170","NWB_DimHeight","String","False","1","1"
"20260801_161107","NWB Dim AutoFill","MECHANICAL DUCTWORK LAYOUT - LEVEL 09","model","selection","skip","Both","skip-other-users","14855412","Ducts","Rectangular Duct","","LEVEL 09","Flanged Long Radius Elbows / Shoe Branch","250x150","250","150","","NWB_DimDiameter","","","","SKIP","no parsed value","","","","NWB_DimDiameter","","","",""
"20260801_161107","NWB Dim AutoFill","MECHANICAL DUCTWORK LAYOUT - LEVEL 09","model","selection","skip","Both","skip-other-users","14855413","Ducts","Rectangular Duct","","LEVEL 09","Flanged Long Radius Elbows / Shoe Branch","250x150","250","150","","NWB_DimWidth","250","250","250","SKIP","existing-kept","instance","Shared Parameter","7626175","NWB_DimWidth","String","False","1","1"
"20260801_161107","NWB Dim AutoFill","MECHANICAL DUCTWORK LAYOUT - LEVEL 09","model","selection","skip","Both","skip-other-users","14855413","Ducts","Rectangular Duct","","LEVEL 09","Flanged Long Radius Elbows / Shoe Branch","250x150","250","150","","NWB_DimHeight","150","150","150","SKIP","existing-kept","instance","Shared Parameter","7626170","NWB_DimHeight","String","False","1","1"
"20260801_161107","NWB Dim AutoFill","MECHANICAL DUCTWORK LAYOUT - LEVEL 09","model","selection","skip","Both","skip-other-users","14855413","Ducts","Rectangular Duct","","LEVEL 09","Flanged Long Radius Elbows / Shoe Branch","250x150","250","150","","NWB_DimDiameter","","","","SKIP","no parsed value","","","","NWB_DimDiameter","","","",""
"20260801_161107","NWB Dim AutoFill","MECHANICAL DUCTWORK LAYOUT - LEVEL 09","model","selection","skip","Both","skip-other-users","14855414","Duct Fittings","MHT-ME-DF-Rectangular Short Radius Bend - Flanged","","LEVEL 09","MHT-ME-DF-Rectangular Short Radius Bend - Flanged","250x150-250x150","250","150","","NWB_DimWidth","250","250","250","SKIP","existing-kept","instance","Shared Parameter","7626175","NWB_DimWidth","String","False","2","2"
"20260801_161107","NWB Dim AutoFill","MECHANICAL DUCTWORK LAYOUT - LEVEL 09","model","selection","skip","Both","skip-other-users","14855414","Duct Fittings","MHT-ME-DF-Rectangular Short Radius Bend - Flanged","","LEVEL 09","MHT-ME-DF-Rectangular Short Radius Bend - Flanged","250x150-250x150","250","150","","NWB_DimWidth","250","250","250","SKIP","existing-kept","instance","Shared Parameter","3045165","NWB_DimWidth","Double","False","2","2"
"20260801_161107","NWB Dim AutoFill","MECHANICAL DUCTWORK LAYOUT - LEVEL 09","model","selection","skip","Both","skip-other-users","14855414","Duct Fittings","MHT-ME-DF-Rectangular Short Radius Bend - Flanged","","LEVEL 09","MHT-ME-DF-Rectangular Short Radius Bend - Flanged","250x150-250x150","250","150","","NWB_DimHeight","150","150","150","SKIP","existing-kept","instance","Shared Parameter","7626170","NWB_DimHeight","String","False","2","2"
"20260801_161107","NWB Dim AutoFill","MECHANICAL DUCTWORK LAYOUT - LEVEL 09","model","selection","skip","Both","skip-other-users","14855414","Duct Fittings","MHT-ME-DF-Rectangular Short Radius Bend - Flanged","","LEVEL 09","MHT-ME-DF-Rectangular Short Radius Bend - Flanged","250x150-250x150","250","150","","NWB_DimHeight","150","150","150","SKIP","existing-kept","instance","Shared Parameter","3045163","NWB_DimHeight","Double","False","2","2"
"20260801_161107","NWB Dim AutoFill","MECHANICAL DUCTWORK LAYOUT - LEVEL 09","model","selection","skip","Both","skip-other-users","14855414","Duct Fittings","MHT-ME-DF-Rectangular Short Radius Bend - Flanged","","LEVEL 09","MHT-ME-DF-Rectangular Short Radius Bend - Flanged","250x150-250x150","250","150","","NWB_DimDiameter","","","","SKIP","no parsed value","","","","NWB_DimDiameter","","","",""
"20260801_161107","NWB Dim AutoFill","MECHANICAL DUCTWORK LAYOUT - LEVEL 09","model","selection","skip","Both","skip-other-users","14855415","Ducts","Rectangular Duct","","LEVEL 09","Flanged Long Radius Elbows / Shoe Branch","250x150","250","150","","NWB_DimWidth","250","250","250","SKIP","existing-kept","instance","Shared Parameter","7626175","NWB_DimWidth","String","False","1","1"
"20260801_161107","NWB Dim AutoFill","MECHANICAL DUCTWORK LAYOUT - LEVEL 09","model","selection","skip","Both","skip-other-users","14855415","Ducts","Rectangular Duct","","LEVEL 09","Flanged Long Radius Elbows / Shoe Branch","250x150","250","150","","NWB_DimHeight","150","150","150","SKIP","existing-kept","instance","Shared Parameter","7626170","NWB_DimHeight","String","False","1","1"
"20260801_161107","NWB Dim AutoFill","MECHANICAL DUCTWORK LAYOUT - LEVEL 09","model","selection","skip","Both","skip-other-users","14855415","Ducts","Rectangular Duct","","LEVEL 09","Flanged Long Radius Elbows / Shoe Branch","250x150","250","150","","NWB_DimDiameter","","","","SKIP","no parsed value","","","","NWB_DimDiameter","","","",""
"20260801_161107","NWB Dim AutoFill","MECHANICAL DUCTWORK LAYOUT - LEVEL 09","model","selection","skip","Both","skip-other-users","14855417","Duct Fittings","MHT-ME-DF-Rectangular Short Radius Bend - Flanged","","LEVEL 09","MHT-ME-DF-Rectangular Short Radius Bend - Flanged","250x150-250x150","250","150","","NWB_DimWidth","250","250","250","SKIP","existing-kept","instance","Shared Parameter","7626175","NWB_DimWidth","String","False","2","2"
"20260801_161107","NWB Dim AutoFill","MECHANICAL DUCTWORK LAYOUT - LEVEL 09","model","selection","skip","Both","skip-other-users","14855417","Duct Fittings","MHT-ME-DF-Rectangular Short Radius Bend - Flanged","","LEVEL 09","MHT-ME-DF-Rectangular Short Radius Bend - Flanged","250x150-250x150","250","150","","NWB_DimWidth","250","150","150","SKIP","existing-kept","instance","Shared Parameter","3045165","NWB_DimWidth","Double","False","2","2"
"20260801_161107","NWB Dim AutoFill","MECHANICAL DUCTWORK LAYOUT - LEVEL 09","model","selection","skip","Both","skip-other-users","14855417","Duct Fittings","MHT-ME-DF-Rectangular Short Radius Bend - Flanged","","LEVEL 09","MHT-ME-DF-Rectangular Short Radius Bend - Flanged","250x150-250x150","250","150","","NWB_DimHeight","150","150","150","SKIP","existing-kept","instance","Shared Parameter","7626170","NWB_DimHeight","String","False","2","2"
"20260801_161107","NWB Dim AutoFill","MECHANICAL DUCTWORK LAYOUT - LEVEL 09","model","selection","skip","Both","skip-other-users","14855417","Duct Fittings","MHT-ME-DF-Rectangular Short Radius Bend - Flanged","","LEVEL 09","MHT-ME-DF-Rectangular Short Radius Bend - Flanged","250x150-250x150","250","150","","NWB_DimHeight","150","325","325","SKIP","existing-kept","instance","Shared Parameter","3045163","NWB_DimHeight","Double","False","2","2"
"20260801_161107","NWB Dim AutoFill","MECHANICAL DUCTWORK LAYOUT - LEVEL 09","model","selection","skip","Both","skip-other-users","14855417","Duct Fittings","MHT-ME-DF-Rectangular Short Radius Bend - Flanged","","LEVEL 09","MHT-ME-DF-Rectangular Short Radius Bend - Flanged","250x150-250x150","250","150","","NWB_DimDiameter","","","","SKIP","no parsed value","","","","NWB_DimDiameter","","","",""
"20260801_161107","NWB Dim AutoFill","MECHANICAL DUCTWORK LAYOUT - LEVEL 09","model","selection","skip","Both","skip-other-users","14855418","Flex Ducts","Flex Duct Round","","LEVEL 09","Flex - Round","200 mmø","","","200","NWB_DimWidth","","","","SKIP","no parsed value","","","","NWB_DimWidth","","","",""
"20260801_161107","NWB Dim AutoFill","MECHANICAL DUCTWORK LAYOUT - LEVEL 09","model","selection","skip","Both","skip-other-users","14855418","Flex Ducts","Flex Duct Round","","LEVEL 09","Flex - Round","200 mmø","","","200","NWB_DimHeight","","","","SKIP","no parsed value","","","","NWB_DimHeight","","","",""
"20260801_161107","NWB Dim AutoFill","MECHANICAL DUCTWORK LAYOUT - LEVEL 09","model","selection","skip","Both","skip-other-users","14855422","Duct Fittings","MHT-ME-DF-Rectangular Short Radius Bend - Flanged","","LEVEL 09","MHT-ME-DF-Rectangular Short Radius Bend - Flanged","150x200-150x200","150","200","","NWB_DimWidth","150","150","150","SKIP","existing-kept","instance","Shared Parameter","7626175","NWB_DimWidth","String","False","2","2"
"20260801_161107","NWB Dim AutoFill","MECHANICAL DUCTWORK LAYOUT - LEVEL 09","model","selection","skip","Both","skip-other-users","14855422","Duct Fittings","MHT-ME-DF-Rectangular Short Radius Bend - Flanged","","LEVEL 09","MHT-ME-DF-Rectangular Short Radius Bend - Flanged","150x200-150x200","150","200","","NWB_DimWidth","150","250","250","SKIP","existing-kept","instance","Shared Parameter","3045165","NWB_DimWidth","Double","False","2","2"
"20260801_161107","NWB Dim AutoFill","MECHANICAL DUCTWORK LAYOUT - LEVEL 09","model","selection","skip","Both","skip-other-users","14855422","Duct Fittings","MHT-ME-DF-Rectangular Short Radius Bend - Flanged","","LEVEL 09","MHT-ME-DF-Rectangular Short Radius Bend - Flanged","150x200-150x200","150","200","","NWB_DimHeight","200","200","200","SKIP","existing-kept","instance","Shared Parameter","7626170","NWB_DimHeight","String","False","2","2"
"20260801_161107","NWB Dim AutoFill","MECHANICAL DUCTWORK LAYOUT - LEVEL 09","model","selection","skip","Both","skip-other-users","14855422","Duct Fittings","MHT-ME-DF-Rectangular Short Radius Bend - Flanged","","LEVEL 09","MHT-ME-DF-Rectangular Short Radius Bend - Flanged","150x200-150x200","150","200","","NWB_DimHeight","200","150","150","SKIP","existing-kept","instance","Shared Parameter","3045163","NWB_DimHeight","Double","False","2","2"
"20260801_161107","NWB Dim AutoFill","MECHANICAL DUCTWORK LAYOUT - LEVEL 09","model","selection","skip","Both","skip-other-users","14855422","Duct Fittings","MHT-ME-DF-Rectangular Short Radius Bend - Flanged","","LEVEL 09","MHT-ME-DF-Rectangular Short Radius Bend - Flanged","150x200-150x200","150","200","","NWB_DimDiameter","","","","SKIP","no parsed value","","","","NWB_DimDiameter","","","",""
"20260801_161107","NWB Dim AutoFill","MECHANICAL DUCTWORK LAYOUT - LEVEL 09","model","selection","skip","Both","skip-other-users","14855424","Ducts","Rectangular Duct","","LEVEL 09","Flanged Long Radius Elbows / Shoe Branch","300x300","300","300","","NWB_DimWidth","300","300","300","SKIP","existing-kept","instance","Shared Parameter","7626175","NWB_DimWidth","String","False","1","1"
"20260801_161107","NWB Dim AutoFill","MECHANICAL DUCTWORK LAYOUT - LEVEL 09","model","selection","skip","Both","skip-other-users","14855424","Ducts","Rectangular Duct","","LEVEL 09","Flanged Long Radius Elbows / Shoe Branch","300x300","300","300","","NWB_DimHeight","300","300","300","SKIP","existing-kept","instance","Shared Parameter","7626170","NWB_DimHeight","String","False","1","1"
"20260801_161107","NWB Dim AutoFill","MECHANICAL DUCTWORK LAYOUT - LEVEL 09","model","selection","skip","Both","skip-other-users","14855424","Ducts","Rectangular Duct","","LEVEL 09","Flanged Long Radius Elbows / Shoe Branch","300x300","300","300","","NWB_DimDiameter","","","","SKIP","no parsed value","","","","NWB_DimDiameter","","","",""
"20260801_161107","NWB Dim AutoFill","MECHANICAL DUCTWORK LAYOUT - LEVEL 09","model","selection","skip","Both","skip-other-users","14855439","Air Terminals","MHT_AT_S Air Diff Swirl","","LEVEL 09","No Damper","600x350","600","350","250","NWB_DimDiameter","250","250ø","250ø","SKIP","existing-kept","instance","Shared Parameter","7626172","NWB_DimDiameter","String","False","1","1"
"20260801_161107","NWB Dim AutoFill","MECHANICAL DUCTWORK LAYOUT - LEVEL 09","model","selection","skip","Both","skip-other-users","14855440","Duct Fittings","MHT_DF_Spigot","","LEVEL 09","Damper","250ø-250ø","","","250","NWB_DimWidth","","","","SKIP","no parsed value","","","","NWB_DimWidth","","","",""
"20260801_161107","NWB Dim AutoFill","MECHANICAL DUCTWORK LAYOUT - LEVEL 09","model","selection","skip","Both","skip-other-users","14855440","Duct Fittings","MHT_DF_Spigot","","LEVEL 09","Damper","250ø-250ø","","","250","NWB_DimHeight","","","","SKIP","no parsed value","","","","NWB_DimHeight","","","",""
"20260801_161107","NWB Dim AutoFill","MECHANICAL DUCTWORK LAYOUT - LEVEL 09","model","selection","skip","Both","skip-other-users","14855440","Duct Fittings","MHT_DF_Spigot","","LEVEL 09","Damper","250ø-250ø","","","250","NWB_DimDiameter","250","250","250","SKIP","existing-kept","instance","Shared Parameter","7626172","NWB_DimDiameter","String","False","1","1"
"20260801_161107","NWB Dim AutoFill","MECHANICAL DUCTWORK LAYOUT - LEVEL 09","model","selection","skip","Both","skip-other-users","14855442","Flex Ducts","Flex Duct Round","","LEVEL 09","Flex - Round","250 mmø","","","250","NWB_DimWidth","","","","SKIP","no parsed value","","","","NWB_DimWidth","","","",""
"20260801_161107","NWB Dim AutoFill","MECHANICAL DUCTWORK LAYOUT - LEVEL 09","model","selection","skip","Both","skip-other-users","14855442","Flex Ducts","Flex Duct Round","","LEVEL 09","Flex - Round","250 mmø","","","250","NWB_DimHeight","","","","SKIP","no parsed value","","","","NWB_DimHeight","","","",""
"20260801_161107","NWB Dim AutoFill","MECHANICAL DUCTWORK LAYOUT - LEVEL 09","model","selection","skip","Both","skip-other-users","14855453","Duct Fittings","MHT-ME-DF-Square Cap-BMA","","LEVEL 09","Standard","300x300","300","300","","NWB_DimWidth","300","150","150","SKIP","existing-kept","instance","Shared Parameter","7626175","NWB_DimWidth","String","False","1","1"
"20260801_161107","NWB Dim AutoFill","MECHANICAL DUCTWORK LAYOUT - LEVEL 09","model","selection","skip","Both","skip-other-users","14855453","Duct Fittings","MHT-ME-DF-Square Cap-BMA","","LEVEL 09","Standard","300x300","300","300","","NWB_DimHeight","300","0","0","SKIP","existing-kept","instance","Shared Parameter","7626170","NWB_DimHeight","String","False","1","1"
"20260801_161107","NWB Dim AutoFill","MECHANICAL DUCTWORK LAYOUT - LEVEL 09","model","selection","skip","Both","skip-other-users","14855453","Duct Fittings","MHT-ME-DF-Square Cap-BMA","","LEVEL 09","Standard","300x300","300","300","","NWB_DimDiameter","","","","SKIP","no parsed value","","","","NWB_DimDiameter","","","",""
"20260801_161107","NWB Dim AutoFill","MECHANICAL DUCTWORK LAYOUT - LEVEL 09","model","selection","skip","Both","skip-other-users","14855457","Duct Fittings","MHT-ME-DF-Rectangular Eccentric Taper - Flanged-01","","LEVEL 09","Standard","500x255-300x300","500","255","","NWB_DimWidth","500","500","500","SKIP","existing-kept","instance","Shared Parameter","7626175","NWB_DimWidth","String","False","2","2"
"20260801_161107","NWB Dim AutoFill","MECHANICAL DUCTWORK LAYOUT - LEVEL 09","model","selection","skip","Both","skip-other-users","14855457","Duct Fittings","MHT-ME-DF-Rectangular Eccentric Taper - Flanged-01","","LEVEL 09","Standard","500x255-300x300","500","255","","NWB_DimWidth","500","500","500","SKIP","existing-kept","instance","Shared Parameter","3045165","NWB_DimWidth","Double","False","2","2"
"20260801_161107","NWB Dim AutoFill","MECHANICAL DUCTWORK LAYOUT - LEVEL 09","model","selection","skip","Both","skip-other-users","14855457","Duct Fittings","MHT-ME-DF-Rectangular Eccentric Taper - Flanged-01","","LEVEL 09","Standard","500x255-300x300","500","255","","NWB_DimHeight","255","255","255","SKIP","existing-kept","instance","Shared Parameter","7626170","NWB_DimHeight","String","False","2","2"
"20260801_161107","NWB Dim AutoFill","MECHANICAL DUCTWORK LAYOUT - LEVEL 09","model","selection","skip","Both","skip-other-users","14855457","Duct Fittings","MHT-ME-DF-Rectangular Eccentric Taper - Flanged-01","","LEVEL 09","Standard","500x255-300x300","500","255","","NWB_DimHeight","255","255","255","SKIP","existing-kept","instance","Shared Parameter","3045163","NWB_DimHeight","Double","False","2","2"
"20260801_161107","NWB Dim AutoFill","MECHANICAL DUCTWORK LAYOUT - LEVEL 09","model","selection","skip","Both","skip-other-users","14855457","Duct Fittings","MHT-ME-DF-Rectangular Eccentric Taper - Flanged-01","","LEVEL 09","Standard","500x255-300x300","500","255","","NWB_DimDiameter","","","","SKIP","no parsed value","","","","NWB_DimDiameter","","","",""
"20260801_161107","NWB Dim AutoFill","MECHANICAL DUCTWORK LAYOUT - LEVEL 09","model","selection","skip","Both","skip-other-users","14855461","Duct Fittings","MHT-ME-DF-Rectangular Shoe Branch - Flanged","","LEVEL 09","Standard","150x200-150x200","150","200","","NWB_DimWidth","150","300","300","SKIP","existing-kept","instance","Shared Parameter","7626175","NWB_DimWidth","String","False","1","1"
"20260801_161107","NWB Dim AutoFill","MECHANICAL DUCTWORK LAYOUT - LEVEL 09","model","selection","skip","Both","skip-other-users","14855461","Duct Fittings","MHT-ME-DF-Rectangular Shoe Branch - Flanged","","LEVEL 09","Standard","150x200-150x200","150","200","","NWB_DimHeight","200","300","300","SKIP","existing-kept","instance","Shared Parameter","7626170","NWB_DimHeight","String","False","1","1"
"20260801_161107","NWB Dim AutoFill","MECHANICAL DUCTWORK LAYOUT - LEVEL 09","model","selection","skip","Both","skip-other-users","14855461","Duct Fittings","MHT-ME-DF-Rectangular Shoe Branch - Flanged","","LEVEL 09","Standard","150x200-150x200","150","200","","NWB_DimDiameter","","","","SKIP","no parsed value","","","","NWB_DimDiameter","","","",""
"20260801_161107","NWB Dim AutoFill","MECHANICAL DUCTWORK LAYOUT - LEVEL 09","model","selection","skip","Both","skip-other-users","14855462","Duct Fittings","MHT-ME-DF-Rectangular Eccentric Taper - Flanged-01","","LEVEL 09","Standard","300x200-150x200","300","200","","NWB_DimWidth","300","300","300","SKIP","existing-kept","instance","Shared Parameter","7626175","NWB_DimWidth","String","False","2","2"
"20260801_161107","NWB Dim AutoFill","MECHANICAL DUCTWORK LAYOUT - LEVEL 09","model","selection","skip","Both","skip-other-users","14855462","Duct Fittings","MHT-ME-DF-Rectangular Eccentric Taper - Flanged-01","","LEVEL 09","Standard","300x200-150x200","300","200","","NWB_DimWidth","300","500","500","SKIP","existing-kept","instance","Shared Parameter","3045165","NWB_DimWidth","Double","False","2","2"
"20260801_161107","NWB Dim AutoFill","MECHANICAL DUCTWORK LAYOUT - LEVEL 09","model","selection","skip","Both","skip-other-users","14855462","Duct Fittings","MHT-ME-DF-Rectangular Eccentric Taper - Flanged-01","","LEVEL 09","Standard","300x200-150x200","300","200","","NWB_DimHeight","200","200","200","SKIP","existing-kept","instance","Shared Parameter","7626170","NWB_DimHeight","String","False","2","2"
"20260801_161107","NWB Dim AutoFill","MECHANICAL DUCTWORK LAYOUT - LEVEL 09","model","selection","skip","Both","skip-other-users","14855462","Duct Fittings","MHT-ME-DF-Rectangular Eccentric Taper - Flanged-01","","LEVEL 09","Standard","300x200-150x200","300","200","","NWB_DimHeight","200","255","255","SKIP","existing-kept","instance","Shared Parameter","3045163","NWB_DimHeight","Double","False","2","2"
"20260801_161107","NWB Dim AutoFill","MECHANICAL DUCTWORK LAYOUT - LEVEL 09","model","selection","skip","Both","skip-other-users","14855462","Duct Fittings","MHT-ME-DF-Rectangular Eccentric Taper - Flanged-01","","LEVEL 09","Standard","300x200-150x200","300","200","","NWB_DimDiameter","","","","SKIP","no parsed value","","","","NWB_DimDiameter","","","",""
"20260801_161107","NWB Dim AutoFill","MECHANICAL DUCTWORK LAYOUT - LEVEL 09","model","selection","skip","Both","skip-other-users","14855465","Ducts","Rectangular Duct","","LEVEL 09","Flanged Long Radius Elbows / Shoe Branch","150x200","150","200","","NWB_DimWidth","150","150","150","SKIP","existing-kept","instance","Shared Parameter","7626175","NWB_DimWidth","String","False","1","1"
"20260801_161107","NWB Dim AutoFill","MECHANICAL DUCTWORK LAYOUT - LEVEL 09","model","selection","skip","Both","skip-other-users","14855465","Ducts","Rectangular Duct","","LEVEL 09","Flanged Long Radius Elbows / Shoe Branch","150x200","150","200","","NWB_DimHeight","200","200","200","SKIP","existing-kept","instance","Shared Parameter","7626170","NWB_DimHeight","String","False","1","1"
"20260801_161107","NWB Dim AutoFill","MECHANICAL DUCTWORK LAYOUT - LEVEL 09","model","selection","skip","Both","skip-other-users","14855465","Ducts","Rectangular Duct","","LEVEL 09","Flanged Long Radius Elbows / Shoe Branch","150x200","150","200","","NWB_DimDiameter","","","","SKIP","no parsed value","","","","NWB_DimDiameter","","","",""
"20260801_161107","NWB Dim AutoFill","MECHANICAL DUCTWORK LAYOUT - LEVEL 09","model","selection","skip","Both","skip-other-users","14855467","Mechanical Equipment","MHT-ME-VAV TZ","","LEVEL 09","AW-S 08 (450L/S)","","","","","","","","","SKIP","size empty","","","","","","","",""
"20260801_161107","NWB Dim AutoFill","MECHANICAL DUCTWORK LAYOUT - LEVEL 09","model","selection","skip","Both","skip-other-users","14855469","Ducts","Rectangular Duct","","LEVEL 09","Flanged Long Radius Elbows / Shoe Branch","300x300","300","300","","NWB_DimWidth","300","300","300","SKIP","existing-kept","instance","Shared Parameter","7626175","NWB_DimWidth","String","False","1","1"
"20260801_161107","NWB Dim AutoFill","MECHANICAL DUCTWORK LAYOUT - LEVEL 09","model","selection","skip","Both","skip-other-users","14855469","Ducts","Rectangular Duct","","LEVEL 09","Flanged Long Radius Elbows / Shoe Branch","300x300","300","300","","NWB_DimHeight","300","300","300","SKIP","existing-kept","instance","Shared Parameter","7626170","NWB_DimHeight","String","False","1","1"
"20260801_161107","NWB Dim AutoFill","MECHANICAL DUCTWORK LAYOUT - LEVEL 09","model","selection","skip","Both","skip-other-users","14855469","Ducts","Rectangular Duct","","LEVEL 09","Flanged Long Radius Elbows / Shoe Branch","300x300","300","300","","NWB_DimDiameter","","","","SKIP","no parsed value","","","","NWB_DimDiameter","","","",""
"20260801_161107","NWB Dim AutoFill","MECHANICAL DUCTWORK LAYOUT - LEVEL 09","model","selection","skip","Both","skip-other-users","14855471","Duct Fittings","MHT-ME-DF-Square Cap-BMA","","LEVEL 09","Standard","300x300","300","300","","NWB_DimWidth","300","150","150","SKIP","existing-kept","instance","Shared Parameter","7626175","NWB_DimWidth","String","False","1","1"
"20260801_161107","NWB Dim AutoFill","MECHANICAL DUCTWORK LAYOUT - LEVEL 09","model","selection","skip","Both","skip-other-users","14855471","Duct Fittings","MHT-ME-DF-Square Cap-BMA","","LEVEL 09","Standard","300x300","300","300","","NWB_DimHeight","300","200","200","SKIP","existing-kept","instance","Shared Parameter","7626170","NWB_DimHeight","String","False","1","1"
"20260801_161107","NWB Dim AutoFill","MECHANICAL DUCTWORK LAYOUT - LEVEL 09","model","selection","skip","Both","skip-other-users","14855471","Duct Fittings","MHT-ME-DF-Square Cap-BMA","","LEVEL 09","Standard","300x300","300","300","","NWB_DimDiameter","","","","SKIP","no parsed value","","","","NWB_DimDiameter","","","",""
"20260801_161107","NWB Dim AutoFill","MECHANICAL DUCTWORK LAYOUT - LEVEL 09","model","selection","skip","Both","skip-other-users","14855473","Duct Fittings","MHT-ME-DF-Rectangular Eccentric Taper - Flanged-01","","LEVEL 09","Standard","500x255-300x300","500","255","","NWB_DimWidth","500","500","500","SKIP","existing-kept","instance","Shared Parameter","7626175","NWB_DimWidth","String","False","2","2"
"20260801_161107","NWB Dim AutoFill","MECHANICAL DUCTWORK LAYOUT - LEVEL 09","model","selection","skip","Both","skip-other-users","14855473","Duct Fittings","MHT-ME-DF-Rectangular Eccentric Taper - Flanged-01","","LEVEL 09","Standard","500x255-300x300","500","255","","NWB_DimWidth","500","300","300","SKIP","existing-kept","instance","Shared Parameter","3045165","NWB_DimWidth","Double","False","2","2"
"20260801_161107","NWB Dim AutoFill","MECHANICAL DUCTWORK LAYOUT - LEVEL 09","model","selection","skip","Both","skip-other-users","14855473","Duct Fittings","MHT-ME-DF-Rectangular Eccentric Taper - Flanged-01","","LEVEL 09","Standard","500x255-300x300","500","255","","NWB_DimHeight","255","255","255","SKIP","existing-kept","instance","Shared Parameter","7626170","NWB_DimHeight","String","False","2","2"
"20260801_161107","NWB Dim AutoFill","MECHANICAL DUCTWORK LAYOUT - LEVEL 09","model","selection","skip","Both","skip-other-users","14855473","Duct Fittings","MHT-ME-DF-Rectangular Eccentric Taper - Flanged-01","","LEVEL 09","Standard","500x255-300x300","500","255","","NWB_DimHeight","255","200","200","SKIP","existing-kept","instance","Shared Parameter","3045163","NWB_DimHeight","Double","False","2","2"
"20260801_161107","NWB Dim AutoFill","MECHANICAL DUCTWORK LAYOUT - LEVEL 09","model","selection","skip","Both","skip-other-users","14855473","Duct Fittings","MHT-ME-DF-Rectangular Eccentric Taper - Flanged-01","","LEVEL 09","Standard","500x255-300x300","500","255","","NWB_DimDiameter","","","","SKIP","no parsed value","","","","NWB_DimDiameter","","","",""
"20260801_161107","NWB Dim AutoFill","MECHANICAL DUCTWORK LAYOUT - LEVEL 09","model","selection","skip","Both","skip-other-users","14855482","Flex Ducts","Flex Duct Round","","LEVEL 09","Flex - Round","300 mmø","","","300","NWB_DimWidth","","","","SKIP","no parsed value","","","","NWB_DimWidth","","","",""
"20260801_161107","NWB Dim AutoFill","MECHANICAL DUCTWORK LAYOUT - LEVEL 09","model","selection","skip","Both","skip-other-users","14855482","Flex Ducts","Flex Duct Round","","LEVEL 09","Flex - Round","300 mmø","","","300","NWB_DimHeight","","","","SKIP","no parsed value","","","","NWB_DimHeight","","","",""
"20260801_161107","NWB Dim AutoFill","MECHANICAL DUCTWORK LAYOUT - LEVEL 09","model","selection","skip","Both","skip-other-users","14855493","Duct Fittings","MHT-ME-DF-Rectangular Eccentric Taper - Flanged-01","","LEVEL 09","Standard","300x200-150x200","300","200","","NWB_DimWidth","300","300","300","SKIP","existing-kept","instance","Shared Parameter","7626175","NWB_DimWidth","String","False","2","2"
"20260801_161107","NWB Dim AutoFill","MECHANICAL DUCTWORK LAYOUT - LEVEL 09","model","selection","skip","Both","skip-other-users","14855493","Duct Fittings","MHT-ME-DF-Rectangular Eccentric Taper - Flanged-01","","LEVEL 09","Standard","300x200-150x200","300","200","","NWB_DimWidth","300","300","300","SKIP","existing-kept","instance","Shared Parameter","3045165","NWB_DimWidth","Double","False","2","2"
"20260801_161107","NWB Dim AutoFill","MECHANICAL DUCTWORK LAYOUT - LEVEL 09","model","selection","skip","Both","skip-other-users","14855493","Duct Fittings","MHT-ME-DF-Rectangular Eccentric Taper - Flanged-01","","LEVEL 09","Standard","300x200-150x200","300","200","","NWB_DimHeight","200","200","200","SKIP","existing-kept","instance","Shared Parameter","7626170","NWB_DimHeight","String","False","2","2"
"20260801_161107","NWB Dim AutoFill","MECHANICAL DUCTWORK LAYOUT - LEVEL 09","model","selection","skip","Both","skip-other-users","14855493","Duct Fittings","MHT-ME-DF-Rectangular Eccentric Taper - Flanged-01","","LEVEL 09","Standard","300x200-150x200","300","200","","NWB_DimHeight","200","300","300","SKIP","existing-kept","instance","Shared Parameter","3045163","NWB_DimHeight","Double","False","2","2"
"20260801_161107","NWB Dim AutoFill","MECHANICAL DUCTWORK LAYOUT - LEVEL 09","model","selection","skip","Both","skip-other-users","14855493","Duct Fittings","MHT-ME-DF-Rectangular Eccentric Taper - Flanged-01","","LEVEL 09","Standard","300x200-150x200","300","200","","NWB_DimDiameter","","","","SKIP","no parsed value","","","","NWB_DimDiameter","","","",""
"20260801_161107","NWB Dim AutoFill","MECHANICAL DUCTWORK LAYOUT - LEVEL 09","model","selection","skip","Both","skip-other-users","14855500","Ducts","Rectangular Duct","","LEVEL 09","Flanged Long Radius Elbows / Shoe Branch","300x200","300","200","","NWB_DimWidth","300","300","300","SKIP","existing-kept","instance","Shared Parameter","7626175","NWB_DimWidth","String","False","1","1"
"20260801_161107","NWB Dim AutoFill","MECHANICAL DUCTWORK LAYOUT - LEVEL 09","model","selection","skip","Both","skip-other-users","14855500","Ducts","Rectangular Duct","","LEVEL 09","Flanged Long Radius Elbows / Shoe Branch","300x200","300","200","","NWB_DimHeight","200","200","200","SKIP","existing-kept","instance","Shared Parameter","7626170","NWB_DimHeight","String","False","1","1"
"20260801_161107","NWB Dim AutoFill","MECHANICAL DUCTWORK LAYOUT - LEVEL 09","model","selection","skip","Both","skip-other-users","14855500","Ducts","Rectangular Duct","","LEVEL 09","Flanged Long Radius Elbows / Shoe Branch","300x200","300","200","","NWB_DimDiameter","","","","SKIP","no parsed value","","","","NWB_DimDiameter","","","",""
"20260801_161107","NWB Dim AutoFill","MECHANICAL DUCTWORK LAYOUT - LEVEL 09","model","selection","skip","Both","skip-other-users","14855505","Duct Fittings","MHT-ME-DF-Rectangular Shoe Branch - Flanged","","LEVEL 09","Standard","150x200-150x200","150","200","","NWB_DimWidth","150","500","500","SKIP","existing-kept","instance","Shared Parameter","7626175","NWB_DimWidth","String","False","1","1"
"20260801_161107","NWB Dim AutoFill","MECHANICAL DUCTWORK LAYOUT - LEVEL 09","model","selection","skip","Both","skip-other-users","14855505","Duct Fittings","MHT-ME-DF-Rectangular Shoe Branch - Flanged","","LEVEL 09","Standard","150x200-150x200","150","200","","NWB_DimHeight","200","0","0","SKIP","existing-kept","instance","Shared Parameter","7626170","NWB_DimHeight","String","False","1","1"
"20260801_161107","NWB Dim AutoFill","MECHANICAL DUCTWORK LAYOUT - LEVEL 09","model","selection","skip","Both","skip-other-users","14855505","Duct Fittings","MHT-ME-DF-Rectangular Shoe Branch - Flanged","","LEVEL 09","Standard","150x200-150x200","150","200","","NWB_DimDiameter","","","","SKIP","no parsed value","","","","NWB_DimDiameter","","","",""
"20260801_161107","NWB Dim AutoFill","MECHANICAL DUCTWORK LAYOUT - LEVEL 09","model","selection","skip","Both","skip-other-users","14855514","Duct Fittings","MHT-ME-DF-Square Cap-BMA","","LEVEL 09","Standard","300x200","300","200","","NWB_DimWidth","300","300","300","SKIP","existing-kept","instance","Shared Parameter","7626175","NWB_DimWidth","String","False","1","1"
"20260801_161107","NWB Dim AutoFill","MECHANICAL DUCTWORK LAYOUT - LEVEL 09","model","selection","skip","Both","skip-other-users","14855514","Duct Fittings","MHT-ME-DF-Square Cap-BMA","","LEVEL 09","Standard","300x200","300","200","","NWB_DimHeight","200","0","0","SKIP","existing-kept","instance","Shared Parameter","7626170","NWB_DimHeight","String","False","1","1"
"20260801_161107","NWB Dim AutoFill","MECHANICAL DUCTWORK LAYOUT - LEVEL 09","model","selection","skip","Both","skip-other-users","14855514","Duct Fittings","MHT-ME-DF-Square Cap-BMA","","LEVEL 09","Standard","300x200","300","200","","NWB_DimDiameter","","","","SKIP","no parsed value","","","","NWB_DimDiameter","","","",""
"20260801_161107","NWB Dim AutoFill","MECHANICAL DUCTWORK LAYOUT - LEVEL 09","model","selection","skip","Both","skip-other-users","14859407","Duct Fittings","MHT-ME-DF-Square Cap-BMA","","LEVEL 09","Standard","200x250","200","250","","NWB_DimWidth","200","200","200","SKIP","existing-kept","instance","Shared Parameter","7626175","NWB_DimWidth","String","False","1","1"
"20260801_161107","NWB Dim AutoFill","MECHANICAL DUCTWORK LAYOUT - LEVEL 09","model","selection","skip","Both","skip-other-users","14859407","Duct Fittings","MHT-ME-DF-Square Cap-BMA","","LEVEL 09","Standard","200x250","200","250","","NWB_DimHeight","250","250","250","SKIP","existing-kept","instance","Shared Parameter","7626170","NWB_DimHeight","String","False","1","1"
"20260801_161107","NWB Dim AutoFill","MECHANICAL DUCTWORK LAYOUT - LEVEL 09","model","selection","skip","Both","skip-other-users","14859407","Duct Fittings","MHT-ME-DF-Square Cap-BMA","","LEVEL 09","Standard","200x250","200","250","","NWB_DimDiameter","","","","SKIP","no parsed value","","","","NWB_DimDiameter","","","",""
"20260801_161107","NWB Dim AutoFill","MECHANICAL DUCTWORK LAYOUT - LEVEL 09","model","selection","skip","Both","skip-other-users","14866049","Ducts","Rectangular Duct","","LEVEL 09","Flanged Long Radius Elbows / Shoe Branch","400x300","400","300","","NWB_DimWidth","400","400","400","SKIP","existing-kept","instance","Shared Parameter","7626175","NWB_DimWidth","String","False","1","1"
"20260801_161107","NWB Dim AutoFill","MECHANICAL DUCTWORK LAYOUT - LEVEL 09","model","selection","skip","Both","skip-other-users","14866049","Ducts","Rectangular Duct","","LEVEL 09","Flanged Long Radius Elbows / Shoe Branch","400x300","400","300","","NWB_DimHeight","300","300","300","SKIP","existing-kept","instance","Shared Parameter","7626170","NWB_DimHeight","String","False","1","1"
"20260801_161107","NWB Dim AutoFill","MECHANICAL DUCTWORK LAYOUT - LEVEL 09","model","selection","skip","Both","skip-other-users","14866049","Ducts","Rectangular Duct","","LEVEL 09","Flanged Long Radius Elbows / Shoe Branch","400x300","400","300","","NWB_DimDiameter","","","","SKIP","no parsed value","","","","NWB_DimDiameter","","","",""
"20260801_161107","NWB Dim AutoFill","MECHANICAL DUCTWORK LAYOUT - LEVEL 09","model","selection","skip","Both","skip-other-users","14866500","Ducts","Rectangular Duct","","LEVEL 09","Flanged Long Radius Elbows / Shoe Branch","400x300","400","300","","NWB_DimWidth","400","400","400","SKIP","existing-kept","instance","Shared Parameter","7626175","NWB_DimWidth","String","False","1","1"
"20260801_161107","NWB Dim AutoFill","MECHANICAL DUCTWORK LAYOUT - LEVEL 09","model","selection","skip","Both","skip-other-users","14866500","Ducts","Rectangular Duct","","LEVEL 09","Flanged Long Radius Elbows / Shoe Branch","400x300","400","300","","NWB_DimHeight","300","300","300","SKIP","existing-kept","instance","Shared Parameter","7626170","NWB_DimHeight","String","False","1","1"
"20260801_161107","NWB Dim AutoFill","MECHANICAL DUCTWORK LAYOUT - LEVEL 09","model","selection","skip","Both","skip-other-users","14866500","Ducts","Rectangular Duct","","LEVEL 09","Flanged Long Radius Elbows / Shoe Branch","400x300","400","300","","NWB_DimDiameter","","","","SKIP","no parsed value","","","","NWB_DimDiameter","","","",""
"20260801_161107","NWB Dim AutoFill","MECHANICAL DUCTWORK LAYOUT - LEVEL 09","model","selection","skip","Both","skip-other-users","14916749","Duct Fittings","MHT-ME-DF-Rectangular Eccentric Taper - Flanged-01","","LEVEL 09","Standard","450x350-250x300","450","350","","NWB_DimWidth","450","450","450","SKIP","existing-kept","instance","Shared Parameter","7626175","NWB_DimWidth","String","False","2","2"
"20260801_161107","NWB Dim AutoFill","MECHANICAL DUCTWORK LAYOUT - LEVEL 09","model","selection","skip","Both","skip-other-users","14916749","Duct Fittings","MHT-ME-DF-Rectangular Eccentric Taper - Flanged-01","","LEVEL 09","Standard","450x350-250x300","450","350","","NWB_DimWidth","450","500","500","SKIP","existing-kept","instance","Shared Parameter","3045165","NWB_DimWidth","Double","False","2","2"
"20260801_161107","NWB Dim AutoFill","MECHANICAL DUCTWORK LAYOUT - LEVEL 09","model","selection","skip","Both","skip-other-users","14916749","Duct Fittings","MHT-ME-DF-Rectangular Eccentric Taper - Flanged-01","","LEVEL 09","Standard","450x350-250x300","450","350","","NWB_DimHeight","350","350","350","SKIP","existing-kept","instance","Shared Parameter","7626170","NWB_DimHeight","String","False","2","2"
"20260801_161107","NWB Dim AutoFill","MECHANICAL DUCTWORK LAYOUT - LEVEL 09","model","selection","skip","Both","skip-other-users","14916749","Duct Fittings","MHT-ME-DF-Rectangular Eccentric Taper - Flanged-01","","LEVEL 09","Standard","450x350-250x300","450","350","","NWB_DimHeight","350","350","350","SKIP","existing-kept","instance","Shared Parameter","3045163","NWB_DimHeight","Double","False","2","2"
"20260801_161107","NWB Dim AutoFill","MECHANICAL DUCTWORK LAYOUT - LEVEL 09","model","selection","skip","Both","skip-other-users","14916749","Duct Fittings","MHT-ME-DF-Rectangular Eccentric Taper - Flanged-01","","LEVEL 09","Standard","450x350-250x300","450","350","","NWB_DimDiameter","","","","SKIP","no parsed value","","","","NWB_DimDiameter","","","",""
"20260801_161107","NWB Dim AutoFill","MECHANICAL DUCTWORK LAYOUT - LEVEL 09","model","selection","skip","Both","skip-other-users","14924704","Duct Fittings","MHT-ME-DF-Rectangular Shoe Branch - Flanged","","LEVEL 09","Standard","250x150-250x150","250","150","","NWB_DimWidth","250","250","250","SKIP","existing-kept","instance","Shared Parameter","7626175","NWB_DimWidth","String","False","1","1"
"20260801_161107","NWB Dim AutoFill","MECHANICAL DUCTWORK LAYOUT - LEVEL 09","model","selection","skip","Both","skip-other-users","14924704","Duct Fittings","MHT-ME-DF-Rectangular Shoe Branch - Flanged","","LEVEL 09","Standard","250x150-250x150","250","150","","NWB_DimHeight","150","150","150","SKIP","existing-kept","instance","Shared Parameter","7626170","NWB_DimHeight","String","False","1","1"
"20260801_161107","NWB Dim AutoFill","MECHANICAL DUCTWORK LAYOUT - LEVEL 09","model","selection","skip","Both","skip-other-users","14924704","Duct Fittings","MHT-ME-DF-Rectangular Shoe Branch - Flanged","","LEVEL 09","Standard","250x150-250x150","250","150","","NWB_DimDiameter","","","","SKIP","no parsed value","","","","NWB_DimDiameter","","","",""
"20260801_161107","NWB Dim AutoFill","MECHANICAL DUCTWORK LAYOUT - LEVEL 09","model","selection","skip","Both","skip-other-users","14924705","Duct Fittings","MHT_DF_Spigot","","LEVEL 09","Damper","200ø-200ø","","","200","NWB_DimWidth","","","","SKIP","no parsed value","","","","NWB_DimWidth","","","",""
"20260801_161107","NWB Dim AutoFill","MECHANICAL DUCTWORK LAYOUT - LEVEL 09","model","selection","skip","Both","skip-other-users","14924705","Duct Fittings","MHT_DF_Spigot","","LEVEL 09","Damper","200ø-200ø","","","200","NWB_DimHeight","","","","SKIP","no parsed value","","","","NWB_DimHeight","","","",""
"20260801_161107","NWB Dim AutoFill","MECHANICAL DUCTWORK LAYOUT - LEVEL 09","model","selection","skip","Both","skip-other-users","14924705","Duct Fittings","MHT_DF_Spigot","","LEVEL 09","Damper","200ø-200ø","","","200","NWB_DimDiameter","200","200","200","SKIP","existing-kept","instance","Shared Parameter","7626172","NWB_DimDiameter","String","False","1","1"
"20260801_161107","NWB Dim AutoFill","MECHANICAL DUCTWORK LAYOUT - LEVEL 09","model","selection","skip","Both","skip-other-users","14924707","Duct Fittings","MHT-ME-DF-Square Cap-BMA","","LEVEL 09","Standard","250x150","250","150","","NWB_DimWidth","250","250","250","SKIP","existing-kept","instance","Shared Parameter","7626175","NWB_DimWidth","String","False","1","1"
"20260801_161107","NWB Dim AutoFill","MECHANICAL DUCTWORK LAYOUT - LEVEL 09","model","selection","skip","Both","skip-other-users","14924707","Duct Fittings","MHT-ME-DF-Square Cap-BMA","","LEVEL 09","Standard","250x150","250","150","","NWB_DimHeight","150","150","150","SKIP","existing-kept","instance","Shared Parameter","7626170","NWB_DimHeight","String","False","1","1"
"20260801_161107","NWB Dim AutoFill","MECHANICAL DUCTWORK LAYOUT - LEVEL 09","model","selection","skip","Both","skip-other-users","14924707","Duct Fittings","MHT-ME-DF-Square Cap-BMA","","LEVEL 09","Standard","250x150","250","150","","NWB_DimDiameter","","","","SKIP","no parsed value","","","","NWB_DimDiameter","","","",""
"20260801_161107","NWB Dim AutoFill","MECHANICAL DUCTWORK LAYOUT - LEVEL 09","model","selection","skip","Both","skip-other-users","14928800","Ducts","Rectangular Duct","","LEVEL 09","Flanged Long Radius Elbows / Shoe Branch","400x300","400","300","","NWB_DimWidth","400","400","400","SKIP","existing-kept","instance","Shared Parameter","7626175","NWB_DimWidth","String","False","1","1"
"20260801_161107","NWB Dim AutoFill","MECHANICAL DUCTWORK LAYOUT - LEVEL 09","model","selection","skip","Both","skip-other-users","14928800","Ducts","Rectangular Duct","","LEVEL 09","Flanged Long Radius Elbows / Shoe Branch","400x300","400","300","","NWB_DimHeight","300","300","300","SKIP","existing-kept","instance","Shared Parameter","7626170","NWB_DimHeight","String","False","1","1"
"20260801_161107","NWB Dim AutoFill","MECHANICAL DUCTWORK LAYOUT - LEVEL 09","model","selection","skip","Both","skip-other-users","14928800","Ducts","Rectangular Duct","","LEVEL 09","Flanged Long Radius Elbows / Shoe Branch","400x300","400","300","","NWB_DimDiameter","","","","SKIP","no parsed value","","","","NWB_DimDiameter","","","",""
"20260801_161107","NWB Dim AutoFill","MECHANICAL DUCTWORK LAYOUT - LEVEL 09","model","selection","skip","Both","skip-other-users","14928802","Duct Fittings","MHT-ME-DF-Rectangular Short Radius Bend - Flanged","","LEVEL 09","MHT-ME-DF-Rectangular Short Radius Bend - Flanged","300x400-300x400","300","400","","NWB_DimWidth","300","300","300","SKIP","existing-kept","instance","Shared Parameter","7626175","NWB_DimWidth","String","False","2","2"
"20260801_161107","NWB Dim AutoFill","MECHANICAL DUCTWORK LAYOUT - LEVEL 09","model","selection","skip","Both","skip-other-users","14928802","Duct Fittings","MHT-ME-DF-Rectangular Short Radius Bend - Flanged","","LEVEL 09","MHT-ME-DF-Rectangular Short Radius Bend - Flanged","300x400-300x400","300","400","","NWB_DimWidth","300","550","550","SKIP","existing-kept","instance","Shared Parameter","3045165","NWB_DimWidth","Double","False","2","2"
"20260801_161107","NWB Dim AutoFill","MECHANICAL DUCTWORK LAYOUT - LEVEL 09","model","selection","skip","Both","skip-other-users","14928802","Duct Fittings","MHT-ME-DF-Rectangular Short Radius Bend - Flanged","","LEVEL 09","MHT-ME-DF-Rectangular Short Radius Bend - Flanged","300x400-300x400","300","400","","NWB_DimHeight","400","400","400","SKIP","existing-kept","instance","Shared Parameter","7626170","NWB_DimHeight","String","False","2","2"
"20260801_161107","NWB Dim AutoFill","MECHANICAL DUCTWORK LAYOUT - LEVEL 09","model","selection","skip","Both","skip-other-users","14928802","Duct Fittings","MHT-ME-DF-Rectangular Short Radius Bend - Flanged","","LEVEL 09","MHT-ME-DF-Rectangular Short Radius Bend - Flanged","300x400-300x400","300","400","","NWB_DimHeight","400","450","450","SKIP","existing-kept","instance","Shared Parameter","3045163","NWB_DimHeight","Double","False","2","2"
"20260801_161107","NWB Dim AutoFill","MECHANICAL DUCTWORK LAYOUT - LEVEL 09","model","selection","skip","Both","skip-other-users","14928802","Duct Fittings","MHT-ME-DF-Rectangular Short Radius Bend - Flanged","","LEVEL 09","MHT-ME-DF-Rectangular Short Radius Bend - Flanged","300x400-300x400","300","400","","NWB_DimDiameter","","","","SKIP","no parsed value","","","","NWB_DimDiameter","","","",""
"20260801_161107","NWB Dim AutoFill","MECHANICAL DUCTWORK LAYOUT - LEVEL 09","model","selection","skip","Both","skip-other-users","14928811","Duct Fittings","MHT-ME-DF-Rectangular Eccentric Taper - Flanged-01","","LEVEL 09","Standard","400x300-300x200","400","300","","NWB_DimWidth","400","400","400","SKIP","existing-kept","instance","Shared Parameter","7626175","NWB_DimWidth","String","False","2","2"
"20260801_161107","NWB Dim AutoFill","MECHANICAL DUCTWORK LAYOUT - LEVEL 09","model","selection","skip","Both","skip-other-users","14928811","Duct Fittings","MHT-ME-DF-Rectangular Eccentric Taper - Flanged-01","","LEVEL 09","Standard","400x300-300x200","400","300","","NWB_DimWidth","400","300","300","SKIP","existing-kept","instance","Shared Parameter","3045165","NWB_DimWidth","Double","False","2","2"
"20260801_161107","NWB Dim AutoFill","MECHANICAL DUCTWORK LAYOUT - LEVEL 09","model","selection","skip","Both","skip-other-users","14928811","Duct Fittings","MHT-ME-DF-Rectangular Eccentric Taper - Flanged-01","","LEVEL 09","Standard","400x300-300x200","400","300","","NWB_DimHeight","300","300","300","SKIP","existing-kept","instance","Shared Parameter","7626170","NWB_DimHeight","String","False","2","2"
"20260801_161107","NWB Dim AutoFill","MECHANICAL DUCTWORK LAYOUT - LEVEL 09","model","selection","skip","Both","skip-other-users","14928811","Duct Fittings","MHT-ME-DF-Rectangular Eccentric Taper - Flanged-01","","LEVEL 09","Standard","400x300-300x200","400","300","","NWB_DimHeight","300","200","200","SKIP","existing-kept","instance","Shared Parameter","3045163","NWB_DimHeight","Double","False","2","2"
"20260801_161107","NWB Dim AutoFill","MECHANICAL DUCTWORK LAYOUT - LEVEL 09","model","selection","skip","Both","skip-other-users","14928811","Duct Fittings","MHT-ME-DF-Rectangular Eccentric Taper - Flanged-01","","LEVEL 09","Standard","400x300-300x200","400","300","","NWB_DimDiameter","","","","SKIP","no parsed value","","","","NWB_DimDiameter","","","",""
"20260801_161107","NWB Dim AutoFill","MECHANICAL DUCTWORK LAYOUT - LEVEL 09","model","selection","skip","Both","skip-other-users","14928813","Duct Fittings","MHT-ME-DF-Rectangular Short Radius Bend - Flanged","","LEVEL 09","MHT-ME-DF-Rectangular Short Radius Bend - Flanged","300x400-300x400","300","400","","NWB_DimWidth","300","300","300","SKIP","existing-kept","instance","Shared Parameter","7626175","NWB_DimWidth","String","False","2","2"
"20260801_161107","NWB Dim AutoFill","MECHANICAL DUCTWORK LAYOUT - LEVEL 09","model","selection","skip","Both","skip-other-users","14928813","Duct Fittings","MHT-ME-DF-Rectangular Short Radius Bend - Flanged","","LEVEL 09","MHT-ME-DF-Rectangular Short Radius Bend - Flanged","300x400-300x400","300","400","","NWB_DimWidth","300","300","300","SKIP","existing-kept","instance","Shared Parameter","3045165","NWB_DimWidth","Double","False","2","2"
"20260801_161107","NWB Dim AutoFill","MECHANICAL DUCTWORK LAYOUT - LEVEL 09","model","selection","skip","Both","skip-other-users","14928813","Duct Fittings","MHT-ME-DF-Rectangular Short Radius Bend - Flanged","","LEVEL 09","MHT-ME-DF-Rectangular Short Radius Bend - Flanged","300x400-300x400","300","400","","NWB_DimHeight","400","400","400","SKIP","existing-kept","instance","Shared Parameter","7626170","NWB_DimHeight","String","False","2","2"
"20260801_161107","NWB Dim AutoFill","MECHANICAL DUCTWORK LAYOUT - LEVEL 09","model","selection","skip","Both","skip-other-users","14928813","Duct Fittings","MHT-ME-DF-Rectangular Short Radius Bend - Flanged","","LEVEL 09","MHT-ME-DF-Rectangular Short Radius Bend - Flanged","300x400-300x400","300","400","","NWB_DimHeight","400","400","400","SKIP","existing-kept","instance","Shared Parameter","3045163","NWB_DimHeight","Double","False","2","2"
"20260801_161107","NWB Dim AutoFill","MECHANICAL DUCTWORK LAYOUT - LEVEL 09","model","selection","skip","Both","skip-other-users","14928813","Duct Fittings","MHT-ME-DF-Rectangular Short Radius Bend - Flanged","","LEVEL 09","MHT-ME-DF-Rectangular Short Radius Bend - Flanged","300x400-300x400","300","400","","NWB_DimDiameter","","","","SKIP","no parsed value","","","","NWB_DimDiameter","","","",""
"20260801_161107","NWB Dim AutoFill","MECHANICAL DUCTWORK LAYOUT - LEVEL 09","model","selection","skip","Both","skip-other-users","14997729","Duct Fittings","MHT_DF_Spigot","","LEVEL 09","Damper","300ø-300ø","","","300","NWB_DimWidth","","","","SKIP","no parsed value","","","","NWB_DimWidth","","","",""
"20260801_161107","NWB Dim AutoFill","MECHANICAL DUCTWORK LAYOUT - LEVEL 09","model","selection","skip","Both","skip-other-users","14997729","Duct Fittings","MHT_DF_Spigot","","LEVEL 09","Damper","300ø-300ø","","","300","NWB_DimHeight","","","","SKIP","no parsed value","","","","NWB_DimHeight","","","",""
"20260801_161107","NWB Dim AutoFill","MECHANICAL DUCTWORK LAYOUT - LEVEL 09","model","selection","skip","Both","skip-other-users","14997729","Duct Fittings","MHT_DF_Spigot","","LEVEL 09","Damper","300ø-300ø","","","300","NWB_DimDiameter","300","200","200","SKIP","existing-kept","instance","Shared Parameter","7626172","NWB_DimDiameter","String","False","1","1"
"20260801_161107","NWB Dim AutoFill","MECHANICAL DUCTWORK LAYOUT - LEVEL 09","model","selection","skip","Both","skip-other-users","14997751","Duct Fittings","MHT-ME-DF-Rectangular Short Radius Bend - Flanged","","LEVEL 09","MHT-ME-DF-Rectangular Short Radius Bend - Flanged","300x400-300x400","300","400","","NWB_DimWidth","300","300","300","SKIP","existing-kept","instance","Shared Parameter","7626175","NWB_DimWidth","String","False","2","2"
"20260801_161107","NWB Dim AutoFill","MECHANICAL DUCTWORK LAYOUT - LEVEL 09","model","selection","skip","Both","skip-other-users","14997751","Duct Fittings","MHT-ME-DF-Rectangular Short Radius Bend - Flanged","","LEVEL 09","MHT-ME-DF-Rectangular Short Radius Bend - Flanged","300x400-300x400","300","400","","NWB_DimWidth","300","200","200","SKIP","existing-kept","instance","Shared Parameter","3045165","NWB_DimWidth","Double","False","2","2"
"20260801_161107","NWB Dim AutoFill","MECHANICAL DUCTWORK LAYOUT - LEVEL 09","model","selection","skip","Both","skip-other-users","14997751","Duct Fittings","MHT-ME-DF-Rectangular Short Radius Bend - Flanged","","LEVEL 09","MHT-ME-DF-Rectangular Short Radius Bend - Flanged","300x400-300x400","300","400","","NWB_DimHeight","400","400","400","SKIP","existing-kept","instance","Shared Parameter","7626170","NWB_DimHeight","String","False","2","2"
"20260801_161107","NWB Dim AutoFill","MECHANICAL DUCTWORK LAYOUT - LEVEL 09","model","selection","skip","Both","skip-other-users","14997751","Duct Fittings","MHT-ME-DF-Rectangular Short Radius Bend - Flanged","","LEVEL 09","MHT-ME-DF-Rectangular Short Radius Bend - Flanged","300x400-300x400","300","400","","NWB_DimHeight","400","300","300","SKIP","existing-kept","instance","Shared Parameter","3045163","NWB_DimHeight","Double","False","2","2"
"20260801_161107","NWB Dim AutoFill","MECHANICAL DUCTWORK LAYOUT - LEVEL 09","model","selection","skip","Both","skip-other-users","14997751","Duct Fittings","MHT-ME-DF-Rectangular Short Radius Bend - Flanged","","LEVEL 09","MHT-ME-DF-Rectangular Short Radius Bend - Flanged","300x400-300x400","300","400","","NWB_DimDiameter","","","","SKIP","no parsed value","","","","NWB_DimDiameter","","","",""
"20260801_161107","NWB Dim AutoFill","MECHANICAL DUCTWORK LAYOUT - LEVEL 09","model","selection","skip","Both","skip-other-users","14997753","Duct Fittings","MHT-ME-DF-Square Cap-BMA","","LEVEL 09","Standard","400x300","400","300","","NWB_DimWidth","400","275","275","SKIP","existing-kept","instance","Shared Parameter","7626175","NWB_DimWidth","String","False","1","1"
"20260801_161107","NWB Dim AutoFill","MECHANICAL DUCTWORK LAYOUT - LEVEL 09","model","selection","skip","Both","skip-other-users","14997753","Duct Fittings","MHT-ME-DF-Square Cap-BMA","","LEVEL 09","Standard","400x300","400","300","","NWB_DimHeight","300","300","300","SKIP","existing-kept","instance","Shared Parameter","7626170","NWB_DimHeight","String","False","1","1"
"20260801_161107","NWB Dim AutoFill","MECHANICAL DUCTWORK LAYOUT - LEVEL 09","model","selection","skip","Both","skip-other-users","14997753","Duct Fittings","MHT-ME-DF-Square Cap-BMA","","LEVEL 09","Standard","400x300","400","300","","NWB_DimDiameter","","","","SKIP","no parsed value","","","","NWB_DimDiameter","","","",""
"20260801_161107","NWB Dim AutoFill","MECHANICAL DUCTWORK LAYOUT - LEVEL 09","model","selection","skip","Both","skip-other-users","14997755","Duct Fittings","MHT_DF_Spigot","","LEVEL 09","Damper","250ø-250ø","","","250","NWB_DimWidth","","","","SKIP","no parsed value","","","","NWB_DimWidth","","","",""
"20260801_161107","NWB Dim AutoFill","MECHANICAL DUCTWORK LAYOUT - LEVEL 09","model","selection","skip","Both","skip-other-users","14997755","Duct Fittings","MHT_DF_Spigot","","LEVEL 09","Damper","250ø-250ø","","","250","NWB_DimHeight","","","","SKIP","no parsed value","","","","NWB_DimHeight","","","",""
"20260801_161107","NWB Dim AutoFill","MECHANICAL DUCTWORK LAYOUT - LEVEL 09","model","selection","skip","Both","skip-other-users","14997755","Duct Fittings","MHT_DF_Spigot","","LEVEL 09","Damper","250ø-250ø","","","250","NWB_DimDiameter","250","250","250","SKIP","existing-kept","instance","Shared Parameter","7626172","NWB_DimDiameter","String","False","1","1"
"20260801_161107","NWB Dim AutoFill","MECHANICAL DUCTWORK LAYOUT - LEVEL 09","model","selection","skip","Both","skip-other-users","15255774","Duct Fittings","MHT-ME-DF-Rectangular Short Radius Bend - Flanged","","LEVEL 09","MHT-ME-DF-Rectangular Short Radius Bend - Flanged","300x400-300x400","300","400","","NWB_DimWidth","300","300","300","SKIP","existing-kept","instance","Shared Parameter","7626175","NWB_DimWidth","String","False","2","2"
"20260801_161107","NWB Dim AutoFill","MECHANICAL DUCTWORK LAYOUT - LEVEL 09","model","selection","skip","Both","skip-other-users","15255774","Duct Fittings","MHT-ME-DF-Rectangular Short Radius Bend - Flanged","","LEVEL 09","MHT-ME-DF-Rectangular Short Radius Bend - Flanged","300x400-300x400","300","400","","NWB_DimWidth","300","200","200","SKIP","existing-kept","instance","Shared Parameter","3045165","NWB_DimWidth","Double","False","2","2"
"20260801_161107","NWB Dim AutoFill","MECHANICAL DUCTWORK LAYOUT - LEVEL 09","model","selection","skip","Both","skip-other-users","15255774","Duct Fittings","MHT-ME-DF-Rectangular Short Radius Bend - Flanged","","LEVEL 09","MHT-ME-DF-Rectangular Short Radius Bend - Flanged","300x400-300x400","300","400","","NWB_DimHeight","400","400","400","SKIP","existing-kept","instance","Shared Parameter","7626170","NWB_DimHeight","String","False","2","2"
"20260801_161107","NWB Dim AutoFill","MECHANICAL DUCTWORK LAYOUT - LEVEL 09","model","selection","skip","Both","skip-other-users","15255774","Duct Fittings","MHT-ME-DF-Rectangular Short Radius Bend - Flanged","","LEVEL 09","MHT-ME-DF-Rectangular Short Radius Bend - Flanged","300x400-300x400","300","400","","NWB_DimHeight","400","275","275","SKIP","existing-kept","instance","Shared Parameter","3045163","NWB_DimHeight","Double","False","2","2"
"20260801_161107","NWB Dim AutoFill","MECHANICAL DUCTWORK LAYOUT - LEVEL 09","model","selection","skip","Both","skip-other-users","15255774","Duct Fittings","MHT-ME-DF-Rectangular Short Radius Bend - Flanged","","LEVEL 09","MHT-ME-DF-Rectangular Short Radius Bend - Flanged","300x400-300x400","300","400","","NWB_DimDiameter","","","","SKIP","no parsed value","","","","NWB_DimDiameter","","","",""
"20260801_161107","NWB Dim AutoFill","MECHANICAL DUCTWORK LAYOUT - LEVEL 09","model","selection","skip","Both","skip-other-users","15255778","Ducts","Rectangular Duct","","LEVEL 09","Flanged Long Radius Elbows / Shoe Branch","400x300","400","300","","NWB_DimWidth","400","400","400","SKIP","existing-kept","instance","Shared Parameter","7626175","NWB_DimWidth","String","False","1","1"
"20260801_161107","NWB Dim AutoFill","MECHANICAL DUCTWORK LAYOUT - LEVEL 09","model","selection","skip","Both","skip-other-users","15255778","Ducts","Rectangular Duct","","LEVEL 09","Flanged Long Radius Elbows / Shoe Branch","400x300","400","300","","NWB_DimHeight","300","300","300","SKIP","existing-kept","instance","Shared Parameter","7626170","NWB_DimHeight","String","False","1","1"
"20260801_161107","NWB Dim AutoFill","MECHANICAL DUCTWORK LAYOUT - LEVEL 09","model","selection","skip","Both","skip-other-users","15255778","Ducts","Rectangular Duct","","LEVEL 09","Flanged Long Radius Elbows / Shoe Branch","400x300","400","300","","NWB_DimDiameter","","","","SKIP","no parsed value","","","","NWB_DimDiameter","","","",""
"20260801_161107","NWB Dim AutoFill","MECHANICAL DUCTWORK LAYOUT - LEVEL 09","model","selection","skip","Both","skip-other-users","15255789","Duct Fittings","MHT-ME-DF-Rectangular Short Radius Bend - Flanged","","LEVEL 09","MHT-ME-DF-Rectangular Short Radius Bend - Flanged","400x300-400x300","400","300","","NWB_DimWidth","400","400","400","SKIP","existing-kept","instance","Shared Parameter","7626175","NWB_DimWidth","String","False","2","2"
"20260801_161107","NWB Dim AutoFill","MECHANICAL DUCTWORK LAYOUT - LEVEL 09","model","selection","skip","Both","skip-other-users","15255789","Duct Fittings","MHT-ME-DF-Rectangular Short Radius Bend - Flanged","","LEVEL 09","MHT-ME-DF-Rectangular Short Radius Bend - Flanged","400x300-400x300","400","300","","NWB_DimWidth","400","250","250","SKIP","existing-kept","instance","Shared Parameter","3045165","NWB_DimWidth","Double","False","2","2"
"20260801_161107","NWB Dim AutoFill","MECHANICAL DUCTWORK LAYOUT - LEVEL 09","model","selection","skip","Both","skip-other-users","15255789","Duct Fittings","MHT-ME-DF-Rectangular Short Radius Bend - Flanged","","LEVEL 09","MHT-ME-DF-Rectangular Short Radius Bend - Flanged","400x300-400x300","400","300","","NWB_DimHeight","300","300","300","SKIP","existing-kept","instance","Shared Parameter","7626170","NWB_DimHeight","String","False","2","2"
"20260801_161107","NWB Dim AutoFill","MECHANICAL DUCTWORK LAYOUT - LEVEL 09","model","selection","skip","Both","skip-other-users","15255789","Duct Fittings","MHT-ME-DF-Rectangular Short Radius Bend - Flanged","","LEVEL 09","MHT-ME-DF-Rectangular Short Radius Bend - Flanged","400x300-400x300","400","300","","NWB_DimHeight","300","250","250","SKIP","existing-kept","instance","Shared Parameter","3045163","NWB_DimHeight","Double","False","2","2"
"20260801_161107","NWB Dim AutoFill","MECHANICAL DUCTWORK LAYOUT - LEVEL 09","model","selection","skip","Both","skip-other-users","15255789","Duct Fittings","MHT-ME-DF-Rectangular Short Radius Bend - Flanged","","LEVEL 09","MHT-ME-DF-Rectangular Short Radius Bend - Flanged","400x300-400x300","400","300","","NWB_DimDiameter","","","","SKIP","no parsed value","","","","NWB_DimDiameter","","","",""
"20260801_161107","NWB Dim AutoFill","MECHANICAL DUCTWORK LAYOUT - LEVEL 09","model","selection","skip","Both","skip-other-users","15255798","Duct Fittings","MHT-ME-DF-Rectangular Short Radius Bend - Flanged","","LEVEL 09","MHT-ME-DF-Rectangular Short Radius Bend - Flanged","400x300-400x300","400","300","","NWB_DimWidth","400","400","400","SKIP","existing-kept","instance","Shared Parameter","7626175","NWB_DimWidth","String","False","2","2"
"20260801_161107","NWB Dim AutoFill","MECHANICAL DUCTWORK LAYOUT - LEVEL 09","model","selection","skip","Both","skip-other-users","15255798","Duct Fittings","MHT-ME-DF-Rectangular Short Radius Bend - Flanged","","LEVEL 09","MHT-ME-DF-Rectangular Short Radius Bend - Flanged","400x300-400x300","400","300","","NWB_DimWidth","400","300","300","SKIP","existing-kept","instance","Shared Parameter","3045165","NWB_DimWidth","Double","False","2","2"
"20260801_161107","NWB Dim AutoFill","MECHANICAL DUCTWORK LAYOUT - LEVEL 09","model","selection","skip","Both","skip-other-users","15255798","Duct Fittings","MHT-ME-DF-Rectangular Short Radius Bend - Flanged","","LEVEL 09","MHT-ME-DF-Rectangular Short Radius Bend - Flanged","400x300-400x300","400","300","","NWB_DimHeight","300","300","300","SKIP","existing-kept","instance","Shared Parameter","7626170","NWB_DimHeight","String","False","2","2"
"20260801_161107","NWB Dim AutoFill","MECHANICAL DUCTWORK LAYOUT - LEVEL 09","model","selection","skip","Both","skip-other-users","15255798","Duct Fittings","MHT-ME-DF-Rectangular Short Radius Bend - Flanged","","LEVEL 09","MHT-ME-DF-Rectangular Short Radius Bend - Flanged","400x300-400x300","400","300","","NWB_DimHeight","300","400","400","SKIP","existing-kept","instance","Shared Parameter","3045163","NWB_DimHeight","Double","False","2","2"
"20260801_161107","NWB Dim AutoFill","MECHANICAL DUCTWORK LAYOUT - LEVEL 09","model","selection","skip","Both","skip-other-users","15255798","Duct Fittings","MHT-ME-DF-Rectangular Short Radius Bend - Flanged","","LEVEL 09","MHT-ME-DF-Rectangular Short Radius Bend - Flanged","400x300-400x300","400","300","","NWB_DimDiameter","","","","SKIP","no parsed value","","","","NWB_DimDiameter","","","",""
"20260801_161107","NWB Dim AutoFill","MECHANICAL DUCTWORK LAYOUT - LEVEL 09","model","selection","skip","Both","skip-other-users","15256316","Duct Fittings","MHT_DF_Spigot","","LEVEL 09","Damper","300ø-300ø","","","300","NWB_DimWidth","","","","SKIP","no parsed value","","","","NWB_DimWidth","","","",""
"20260801_161107","NWB Dim AutoFill","MECHANICAL DUCTWORK LAYOUT - LEVEL 09","model","selection","skip","Both","skip-other-users","15256316","Duct Fittings","MHT_DF_Spigot","","LEVEL 09","Damper","300ø-300ø","","","300","NWB_DimHeight","","","","SKIP","no parsed value","","","","NWB_DimHeight","","","",""
"20260801_161107","NWB Dim AutoFill","MECHANICAL DUCTWORK LAYOUT - LEVEL 09","model","selection","skip","Both","skip-other-users","15256316","Duct Fittings","MHT_DF_Spigot","","LEVEL 09","Damper","300ø-300ø","","","300","NWB_DimDiameter","300","300","300","SKIP","existing-kept","instance","Shared Parameter","7626172","NWB_DimDiameter","String","False","1","1"
"20260801_161107","NWB Dim AutoFill","MECHANICAL DUCTWORK LAYOUT - LEVEL 09","model","selection","skip","Both","skip-other-users","15267728","Air Terminals","MHT_AT_S Air Diff Swirl","","LEVEL 09","No Damper","600x350","600","350","250","NWB_DimDiameter","250","250ø","250ø","SKIP","existing-kept","instance","Shared Parameter","7626172","NWB_DimDiameter","String","False","1","1"
"20260801_161107","NWB Dim AutoFill","MECHANICAL DUCTWORK LAYOUT - LEVEL 09","model","selection","skip","Both","skip-other-users","15267729","Mechanical Equipment","MHT_ME_FCU-IMD_Standard Profile1","","LEVEL 09","IMD 95 (450 L/s) 2","","","","","","","","","SKIP","size empty","","","","","","","",""
"20260801_161107","NWB Dim AutoFill","MECHANICAL DUCTWORK LAYOUT - LEVEL 09","model","selection","skip","Both","skip-other-users","15267730","Ducts","Rectangular Duct","","LEVEL 09","Flanged Long Radius Elbows / Shoe Branch","400x300","400","300","","NWB_DimWidth","400","400","400","SKIP","existing-kept","instance","Shared Parameter","7626175","NWB_DimWidth","String","False","1","1"
"20260801_161107","NWB Dim AutoFill","MECHANICAL DUCTWORK LAYOUT - LEVEL 09","model","selection","skip","Both","skip-other-users","15267730","Ducts","Rectangular Duct","","LEVEL 09","Flanged Long Radius Elbows / Shoe Branch","400x300","400","300","","NWB_DimHeight","300","300","300","SKIP","existing-kept","instance","Shared Parameter","7626170","NWB_DimHeight","String","False","1","1"
"20260801_161107","NWB Dim AutoFill","MECHANICAL DUCTWORK LAYOUT - LEVEL 09","model","selection","skip","Both","skip-other-users","15267730","Ducts","Rectangular Duct","","LEVEL 09","Flanged Long Radius Elbows / Shoe Branch","400x300","400","300","","NWB_DimDiameter","","","","SKIP","no parsed value","","","","NWB_DimDiameter","","","",""
"20260801_161107","NWB Dim AutoFill","MECHANICAL DUCTWORK LAYOUT - LEVEL 09","model","selection","skip","Both","skip-other-users","15267732","Duct Fittings","MHT-ME-DF-Square Cap-BMA","","LEVEL 09","Standard","400x300","400","300","","NWB_DimWidth","400","250","250","SKIP","existing-kept","instance","Shared Parameter","7626175","NWB_DimWidth","String","False","1","1"
"20260801_161107","NWB Dim AutoFill","MECHANICAL DUCTWORK LAYOUT - LEVEL 09","model","selection","skip","Both","skip-other-users","15267732","Duct Fittings","MHT-ME-DF-Square Cap-BMA","","LEVEL 09","Standard","400x300","400","300","","NWB_DimHeight","300","0","0","SKIP","existing-kept","instance","Shared Parameter","7626170","NWB_DimHeight","String","False","1","1"
"20260801_161107","NWB Dim AutoFill","MECHANICAL DUCTWORK LAYOUT - LEVEL 09","model","selection","skip","Both","skip-other-users","15267732","Duct Fittings","MHT-ME-DF-Square Cap-BMA","","LEVEL 09","Standard","400x300","400","300","","NWB_DimDiameter","","","","SKIP","no parsed value","","","","NWB_DimDiameter","","","",""
"20260801_161107","NWB Dim AutoFill","MECHANICAL DUCTWORK LAYOUT - LEVEL 09","model","selection","skip","Both","skip-other-users","15267734","Duct Fittings","Plenum Box with Filter-R1","","LEVEL 09","Plenum Box with Filter","720x310-800x150-600x150-600x150","720","310","","NWB_DimWidth","720","250","250","SKIP","existing-kept","instance","Shared Parameter","7626175","NWB_DimWidth","String","False","1","1"
"20260801_161107","NWB Dim AutoFill","MECHANICAL DUCTWORK LAYOUT - LEVEL 09","model","selection","skip","Both","skip-other-users","15267734","Duct Fittings","Plenum Box with Filter-R1","","LEVEL 09","Plenum Box with Filter","720x310-800x150-600x150-600x150","720","310","","NWB_DimHeight","310","300","300","SKIP","existing-kept","instance","Shared Parameter","7626170","NWB_DimHeight","String","False","1","1"
"20260801_161107","NWB Dim AutoFill","MECHANICAL DUCTWORK LAYOUT - LEVEL 09","model","selection","skip","Both","skip-other-users","15267734","Duct Fittings","Plenum Box with Filter-R1","","LEVEL 09","Plenum Box with Filter","720x310-800x150-600x150-600x150","720","310","","NWB_DimDiameter","","","","SKIP","no parsed value","","","","NWB_DimDiameter","","","",""
"20260801_161107","NWB Dim AutoFill","MECHANICAL DUCTWORK LAYOUT - LEVEL 09","model","selection","skip","Both","skip-other-users","15267735","Duct Accessories","VOLUME CONTROL DAMPER SQUARE","","LEVEL 09","VOLUME CONTROL DAMPER - VCD","400x250-400x250","400","250","","NWB_DimWidth","400","400","400","SKIP","existing-kept","instance","Shared Parameter","7626175","NWB_DimWidth","String","False","1","1"
"20260801_161107","NWB Dim AutoFill","MECHANICAL DUCTWORK LAYOUT - LEVEL 09","model","selection","skip","Both","skip-other-users","15267735","Duct Accessories","VOLUME CONTROL DAMPER SQUARE","","LEVEL 09","VOLUME CONTROL DAMPER - VCD","400x250-400x250","400","250","","NWB_DimHeight","250","250","250","SKIP","existing-kept","instance","Shared Parameter","7626170","NWB_DimHeight","String","False","1","1"
"20260801_161107","NWB Dim AutoFill","MECHANICAL DUCTWORK LAYOUT - LEVEL 09","model","selection","skip","Both","skip-other-users","15267735","Duct Accessories","VOLUME CONTROL DAMPER SQUARE","","LEVEL 09","VOLUME CONTROL DAMPER - VCD","400x250-400x250","400","250","","NWB_DimDiameter","","","","SKIP","no parsed value","","","","NWB_DimDiameter","","","",""
"20260801_161107","NWB Dim AutoFill","MECHANICAL DUCTWORK LAYOUT - LEVEL 09","model","selection","skip","Both","skip-other-users","15267736","Duct Fittings","M_Rectangular_Transition_Angle","","LEVEL 09","Transition","800x150-400x250","800","150","","NWB_DimWidth","800","400","400","SKIP","existing-kept","instance","Shared Parameter","7626175","NWB_DimWidth","String","False","1","1"
"20260801_161107","NWB Dim AutoFill","MECHANICAL DUCTWORK LAYOUT - LEVEL 09","model","selection","skip","Both","skip-other-users","15267736","Duct Fittings","M_Rectangular_Transition_Angle","","LEVEL 09","Transition","800x150-400x250","800","150","","NWB_DimHeight","150","300","300","SKIP","existing-kept","instance","Shared Parameter","7626170","NWB_DimHeight","String","False","1","1"
"20260801_161107","NWB Dim AutoFill","MECHANICAL DUCTWORK LAYOUT - LEVEL 09","model","selection","skip","Both","skip-other-users","15267736","Duct Fittings","M_Rectangular_Transition_Angle","","LEVEL 09","Transition","800x150-400x250","800","150","","NWB_DimDiameter","","","","SKIP","no parsed value","","","","NWB_DimDiameter","","","",""
"20260801_161107","NWB Dim AutoFill","MECHANICAL DUCTWORK LAYOUT - LEVEL 09","model","selection","skip","Both","skip-other-users","15267737","Duct Fittings","M_Rectangular_Transition_Angle","","LEVEL 09","Transition","800x150-400x250","800","150","","NWB_DimWidth","800","720","720","SKIP","existing-kept","instance","Shared Parameter","7626175","NWB_DimWidth","String","False","1","1"
"20260801_161107","NWB Dim AutoFill","MECHANICAL DUCTWORK LAYOUT - LEVEL 09","model","selection","skip","Both","skip-other-users","15267737","Duct Fittings","M_Rectangular_Transition_Angle","","LEVEL 09","Transition","800x150-400x250","800","150","","NWB_DimHeight","150","310","310","SKIP","existing-kept","instance","Shared Parameter","7626170","NWB_DimHeight","String","False","1","1"
"20260801_161107","NWB Dim AutoFill","MECHANICAL DUCTWORK LAYOUT - LEVEL 09","model","selection","skip","Both","skip-other-users","15267737","Duct Fittings","M_Rectangular_Transition_Angle","","LEVEL 09","Transition","800x150-400x250","800","150","","NWB_DimDiameter","","","","SKIP","no parsed value","","","","NWB_DimDiameter","","","",""
"20260801_161107","NWB Dim AutoFill","MECHANICAL DUCTWORK LAYOUT - LEVEL 09","model","selection","skip","Both","skip-other-users","15267738","Duct Accessories","VOLUME CONTROL DAMPER SQUARE","","LEVEL 09","VOLUME CONTROL DAMPER_SQUARE MOTOR - BLADE","250x200-250x200","250","200","","NWB_DimWidth","250","250","250","SKIP","existing-kept","instance","Shared Parameter","7626175","NWB_DimWidth","String","False","1","1"
"20260801_161107","NWB Dim AutoFill","MECHANICAL DUCTWORK LAYOUT - LEVEL 09","model","selection","skip","Both","skip-other-users","15267738","Duct Accessories","VOLUME CONTROL DAMPER SQUARE","","LEVEL 09","VOLUME CONTROL DAMPER_SQUARE MOTOR - BLADE","250x200-250x200","250","200","","NWB_DimHeight","200","200","200","SKIP","existing-kept","instance","Shared Parameter","7626170","NWB_DimHeight","String","False","1","1"
"20260801_161107","NWB Dim AutoFill","MECHANICAL DUCTWORK LAYOUT - LEVEL 09","model","selection","skip","Both","skip-other-users","15267738","Duct Accessories","VOLUME CONTROL DAMPER SQUARE","","LEVEL 09","VOLUME CONTROL DAMPER_SQUARE MOTOR - BLADE","250x200-250x200","250","200","","NWB_DimDiameter","","","","SKIP","no parsed value","","","","NWB_DimDiameter","","","",""
"20260801_161107","NWB Dim AutoFill","MECHANICAL DUCTWORK LAYOUT - LEVEL 09","model","selection","skip","Both","skip-other-users","15267739","Duct Fittings","M_Rectangular_Transition_Angle","","LEVEL 09","Transition","600x150-250x200","600","150","","NWB_DimWidth","600","800","800","SKIP","existing-kept","instance","Shared Parameter","7626175","NWB_DimWidth","String","False","1","1"
"20260801_161107","NWB Dim AutoFill","MECHANICAL DUCTWORK LAYOUT - LEVEL 09","model","selection","skip","Both","skip-other-users","15267739","Duct Fittings","M_Rectangular_Transition_Angle","","LEVEL 09","Transition","600x150-250x200","600","150","","NWB_DimHeight","150","150","150","SKIP","existing-kept","instance","Shared Parameter","7626170","NWB_DimHeight","String","False","1","1"
"20260801_161107","NWB Dim AutoFill","MECHANICAL DUCTWORK LAYOUT - LEVEL 09","model","selection","skip","Both","skip-other-users","15267739","Duct Fittings","M_Rectangular_Transition_Angle","","LEVEL 09","Transition","600x150-250x200","600","150","","NWB_DimDiameter","","","","SKIP","no parsed value","","","","NWB_DimDiameter","","","",""
"20260801_161107","NWB Dim AutoFill","MECHANICAL DUCTWORK LAYOUT - LEVEL 09","model","selection","skip","Both","skip-other-users","15267740","Flex Ducts","Flex Duct Round","","LEVEL 09","Flex - Round","250 mmø","","","250","NWB_DimWidth","","","","SKIP","no parsed value","","","","NWB_DimWidth","","","",""
"20260801_161107","NWB Dim AutoFill","MECHANICAL DUCTWORK LAYOUT - LEVEL 09","model","selection","skip","Both","skip-other-users","15267740","Flex Ducts","Flex Duct Round","","LEVEL 09","Flex - Round","250 mmø","","","250","NWB_DimHeight","","","","SKIP","no parsed value","","","","NWB_DimHeight","","","",""
"20260801_161107","NWB Dim AutoFill","MECHANICAL DUCTWORK LAYOUT - LEVEL 09","model","selection","skip","Both","skip-other-users","15267742","Ducts","Rectangular Duct","","LEVEL 09","Flanged Long Radius Elbows / Shoe Branch","250x200","250","200","","NWB_DimWidth","250","250","250","SKIP","existing-kept","instance","Shared Parameter","7626175","NWB_DimWidth","String","False","1","1"
"20260801_161107","NWB Dim AutoFill","MECHANICAL DUCTWORK LAYOUT - LEVEL 09","model","selection","skip","Both","skip-other-users","15267742","Ducts","Rectangular Duct","","LEVEL 09","Flanged Long Radius Elbows / Shoe Branch","250x200","250","200","","NWB_DimHeight","200","200","200","SKIP","existing-kept","instance","Shared Parameter","7626170","NWB_DimHeight","String","False","1","1"
"20260801_161107","NWB Dim AutoFill","MECHANICAL DUCTWORK LAYOUT - LEVEL 09","model","selection","skip","Both","skip-other-users","15267742","Ducts","Rectangular Duct","","LEVEL 09","Flanged Long Radius Elbows / Shoe Branch","250x200","250","200","","NWB_DimDiameter","","","","SKIP","no parsed value","","","","NWB_DimDiameter","","","",""
"20260801_161107","NWB Dim AutoFill","MECHANICAL DUCTWORK LAYOUT - LEVEL 09","model","selection","skip","Both","skip-other-users","15267744","Air Terminals","MHT_AT_S Air Diff Swirl","","LEVEL 09","No Damper","600x350","600","350","250","NWB_DimDiameter","250","250ø","250ø","SKIP","existing-kept","instance","Shared Parameter","7626172","NWB_DimDiameter","String","False","1","1"
"20260801_161107","NWB Dim AutoFill","MECHANICAL DUCTWORK LAYOUT - LEVEL 09","model","selection","skip","Both","skip-other-users","15267745","Mechanical Equipment","MHT_ME_FCU-IMD_Standard Profile1","","LEVEL 09","IMD 95 (450 L/s) 2","","","","","","","","","SKIP","size empty","","","","","","","",""
"20260801_161107","NWB Dim AutoFill","MECHANICAL DUCTWORK LAYOUT - LEVEL 09","model","selection","skip","Both","skip-other-users","15267746","Ducts","Rectangular Duct","","LEVEL 09","Flanged Long Radius Elbows / Shoe Branch","400x300","400","300","","NWB_DimWidth","400","400","400","SKIP","existing-kept","instance","Shared Parameter","7626175","NWB_DimWidth","String","False","1","1"
"20260801_161107","NWB Dim AutoFill","MECHANICAL DUCTWORK LAYOUT - LEVEL 09","model","selection","skip","Both","skip-other-users","15267746","Ducts","Rectangular Duct","","LEVEL 09","Flanged Long Radius Elbows / Shoe Branch","400x300","400","300","","NWB_DimHeight","300","300","300","SKIP","existing-kept","instance","Shared Parameter","7626170","NWB_DimHeight","String","False","1","1"
"20260801_161107","NWB Dim AutoFill","MECHANICAL DUCTWORK LAYOUT - LEVEL 09","model","selection","skip","Both","skip-other-users","15267746","Ducts","Rectangular Duct","","LEVEL 09","Flanged Long Radius Elbows / Shoe Branch","400x300","400","300","","NWB_DimDiameter","","","","SKIP","no parsed value","","","","NWB_DimDiameter","","","",""
"20260801_161107","NWB Dim AutoFill","MECHANICAL DUCTWORK LAYOUT - LEVEL 09","model","selection","skip","Both","skip-other-users","15267748","Duct Fittings","MHT-ME-DF-Square Cap-BMA","","LEVEL 09","Standard","400x300","400","300","","NWB_DimWidth","400","800","800","SKIP","existing-kept","instance","Shared Parameter","7626175","NWB_DimWidth","String","False","1","1"
"20260801_161107","NWB Dim AutoFill","MECHANICAL DUCTWORK LAYOUT - LEVEL 09","model","selection","skip","Both","skip-other-users","15267748","Duct Fittings","MHT-ME-DF-Square Cap-BMA","","LEVEL 09","Standard","400x300","400","300","","NWB_DimHeight","300","150","150","SKIP","existing-kept","instance","Shared Parameter","7626170","NWB_DimHeight","String","False","1","1"
"20260801_161107","NWB Dim AutoFill","MECHANICAL DUCTWORK LAYOUT - LEVEL 09","model","selection","skip","Both","skip-other-users","15267748","Duct Fittings","MHT-ME-DF-Square Cap-BMA","","LEVEL 09","Standard","400x300","400","300","","NWB_DimDiameter","","","","SKIP","no parsed value","","","","NWB_DimDiameter","","","",""
"20260801_161107","NWB Dim AutoFill","MECHANICAL DUCTWORK LAYOUT - LEVEL 09","model","selection","skip","Both","skip-other-users","15267750","Duct Fittings","Plenum Box with Filter-R1","","LEVEL 09","Plenum Box with Filter","720x310-800x150-600x150-600x150","720","310","","NWB_DimWidth","720","600","600","SKIP","existing-kept","instance","Shared Parameter","7626175","NWB_DimWidth","String","False","1","1"
"20260801_161107","NWB Dim AutoFill","MECHANICAL DUCTWORK LAYOUT - LEVEL 09","model","selection","skip","Both","skip-other-users","15267750","Duct Fittings","Plenum Box with Filter-R1","","LEVEL 09","Plenum Box with Filter","720x310-800x150-600x150-600x150","720","310","","NWB_DimHeight","310","150","150","SKIP","existing-kept","instance","Shared Parameter","7626170","NWB_DimHeight","String","False","1","1"
"20260801_161107","NWB Dim AutoFill","MECHANICAL DUCTWORK LAYOUT - LEVEL 09","model","selection","skip","Both","skip-other-users","15267750","Duct Fittings","Plenum Box with Filter-R1","","LEVEL 09","Plenum Box with Filter","720x310-800x150-600x150-600x150","720","310","","NWB_DimDiameter","","","","SKIP","no parsed value","","","","NWB_DimDiameter","","","",""
"20260801_161107","NWB Dim AutoFill","MECHANICAL DUCTWORK LAYOUT - LEVEL 09","model","selection","skip","Both","skip-other-users","15267751","Duct Accessories","VOLUME CONTROL DAMPER SQUARE","","LEVEL 09","VOLUME CONTROL DAMPER - VCD","400x250-400x250","400","250","","NWB_DimWidth","400","400","400","SKIP","existing-kept","instance","Shared Parameter","7626175","NWB_DimWidth","String","False","1","1"
"20260801_161107","NWB Dim AutoFill","MECHANICAL DUCTWORK LAYOUT - LEVEL 09","model","selection","skip","Both","skip-other-users","15267751","Duct Accessories","VOLUME CONTROL DAMPER SQUARE","","LEVEL 09","VOLUME CONTROL DAMPER - VCD","400x250-400x250","400","250","","NWB_DimHeight","250","250","250","SKIP","existing-kept","instance","Shared Parameter","7626170","NWB_DimHeight","String","False","1","1"
"20260801_161107","NWB Dim AutoFill","MECHANICAL DUCTWORK LAYOUT - LEVEL 09","model","selection","skip","Both","skip-other-users","15267751","Duct Accessories","VOLUME CONTROL DAMPER SQUARE","","LEVEL 09","VOLUME CONTROL DAMPER - VCD","400x250-400x250","400","250","","NWB_DimDiameter","","","","SKIP","no parsed value","","","","NWB_DimDiameter","","","",""
"20260801_161107","NWB Dim AutoFill","MECHANICAL DUCTWORK LAYOUT - LEVEL 09","model","selection","skip","Both","skip-other-users","15267752","Duct Fittings","M_Rectangular_Transition_Angle","","LEVEL 09","Transition","800x150-400x250","800","150","","NWB_DimWidth","800","400","400","SKIP","existing-kept","instance","Shared Parameter","7626175","NWB_DimWidth","String","False","1","1"
"20260801_161107","NWB Dim AutoFill","MECHANICAL DUCTWORK LAYOUT - LEVEL 09","model","selection","skip","Both","skip-other-users","15267752","Duct Fittings","M_Rectangular_Transition_Angle","","LEVEL 09","Transition","800x150-400x250","800","150","","NWB_DimHeight","150","300","300","SKIP","existing-kept","instance","Shared Parameter","7626170","NWB_DimHeight","String","False","1","1"
"20260801_161107","NWB Dim AutoFill","MECHANICAL DUCTWORK LAYOUT - LEVEL 09","model","selection","skip","Both","skip-other-users","15267752","Duct Fittings","M_Rectangular_Transition_Angle","","LEVEL 09","Transition","800x150-400x250","800","150","","NWB_DimDiameter","","","","SKIP","no parsed value","","","","NWB_DimDiameter","","","",""
"20260801_161107","NWB Dim AutoFill","MECHANICAL DUCTWORK LAYOUT - LEVEL 09","model","selection","skip","Both","skip-other-users","15267753","Duct Fittings","M_Rectangular_Transition_Angle","","LEVEL 09","Transition","800x150-400x250","800","150","","NWB_DimWidth","800","720","720","SKIP","existing-kept","instance","Shared Parameter","7626175","NWB_DimWidth","String","False","1","1"
"20260801_161107","NWB Dim AutoFill","MECHANICAL DUCTWORK LAYOUT - LEVEL 09","model","selection","skip","Both","skip-other-users","15267753","Duct Fittings","M_Rectangular_Transition_Angle","","LEVEL 09","Transition","800x150-400x250","800","150","","NWB_DimHeight","150","310","310","SKIP","existing-kept","instance","Shared Parameter","7626170","NWB_DimHeight","String","False","1","1"
"20260801_161107","NWB Dim AutoFill","MECHANICAL DUCTWORK LAYOUT - LEVEL 09","model","selection","skip","Both","skip-other-users","15267753","Duct Fittings","M_Rectangular_Transition_Angle","","LEVEL 09","Transition","800x150-400x250","800","150","","NWB_DimDiameter","","","","SKIP","no parsed value","","","","NWB_DimDiameter","","","",""
"20260801_161107","NWB Dim AutoFill","MECHANICAL DUCTWORK LAYOUT - LEVEL 09","model","selection","skip","Both","skip-other-users","15267754","Duct Accessories","VOLUME CONTROL DAMPER SQUARE","","LEVEL 09","VOLUME CONTROL DAMPER_SQUARE MOTOR - BLADE","250x200-250x200","250","200","","NWB_DimWidth","250","250","250","SKIP","existing-kept","instance","Shared Parameter","7626175","NWB_DimWidth","String","False","1","1"
"20260801_161107","NWB Dim AutoFill","MECHANICAL DUCTWORK LAYOUT - LEVEL 09","model","selection","skip","Both","skip-other-users","15267754","Duct Accessories","VOLUME CONTROL DAMPER SQUARE","","LEVEL 09","VOLUME CONTROL DAMPER_SQUARE MOTOR - BLADE","250x200-250x200","250","200","","NWB_DimHeight","200","200","200","SKIP","existing-kept","instance","Shared Parameter","7626170","NWB_DimHeight","String","False","1","1"
"20260801_161107","NWB Dim AutoFill","MECHANICAL DUCTWORK LAYOUT - LEVEL 09","model","selection","skip","Both","skip-other-users","15267754","Duct Accessories","VOLUME CONTROL DAMPER SQUARE","","LEVEL 09","VOLUME CONTROL DAMPER_SQUARE MOTOR - BLADE","250x200-250x200","250","200","","NWB_DimDiameter","","","","SKIP","no parsed value","","","","NWB_DimDiameter","","","",""
"20260801_161107","NWB Dim AutoFill","MECHANICAL DUCTWORK LAYOUT - LEVEL 09","model","selection","skip","Both","skip-other-users","15267755","Duct Fittings","M_Rectangular_Transition_Angle","","LEVEL 09","Transition","600x150-250x200","600","150","","NWB_DimWidth","600","800","800","SKIP","existing-kept","instance","Shared Parameter","7626175","NWB_DimWidth","String","False","1","1"
"20260801_161107","NWB Dim AutoFill","MECHANICAL DUCTWORK LAYOUT - LEVEL 09","model","selection","skip","Both","skip-other-users","15267755","Duct Fittings","M_Rectangular_Transition_Angle","","LEVEL 09","Transition","600x150-250x200","600","150","","NWB_DimHeight","150","150","150","SKIP","existing-kept","instance","Shared Parameter","7626170","NWB_DimHeight","String","False","1","1"
"20260801_161107","NWB Dim AutoFill","MECHANICAL DUCTWORK LAYOUT - LEVEL 09","model","selection","skip","Both","skip-other-users","15267755","Duct Fittings","M_Rectangular_Transition_Angle","","LEVEL 09","Transition","600x150-250x200","600","150","","NWB_DimDiameter","","","","SKIP","no parsed value","","","","NWB_DimDiameter","","","",""
"20260801_161107","NWB Dim AutoFill","MECHANICAL DUCTWORK LAYOUT - LEVEL 09","model","selection","skip","Both","skip-other-users","15267756","Flex Ducts","Flex Duct Round","","LEVEL 09","Flex - Round","250 mmø","","","250","NWB_DimWidth","","","","SKIP","no parsed value","","","","NWB_DimWidth","","","",""
"20260801_161107","NWB Dim AutoFill","MECHANICAL DUCTWORK LAYOUT - LEVEL 09","model","selection","skip","Both","skip-other-users","15267756","Flex Ducts","Flex Duct Round","","LEVEL 09","Flex - Round","250 mmø","","","250","NWB_DimHeight","","","","SKIP","no parsed value","","","","NWB_DimHeight","","","",""
"20260801_161107","NWB Dim AutoFill","MECHANICAL DUCTWORK LAYOUT - LEVEL 09","model","selection","skip","Both","skip-other-users","15267758","Ducts","Rectangular Duct","","LEVEL 09","Flanged Long Radius Elbows / Shoe Branch","250x200","250","200","","NWB_DimWidth","250","250","250","SKIP","existing-kept","instance","Shared Parameter","7626175","NWB_DimWidth","String","False","1","1"
"20260801_161107","NWB Dim AutoFill","MECHANICAL DUCTWORK LAYOUT - LEVEL 09","model","selection","skip","Both","skip-other-users","15267758","Ducts","Rectangular Duct","","LEVEL 09","Flanged Long Radius Elbows / Shoe Branch","250x200","250","200","","NWB_DimHeight","200","200","200","SKIP","existing-kept","instance","Shared Parameter","7626170","NWB_DimHeight","String","False","1","1"
"20260801_161107","NWB Dim AutoFill","MECHANICAL DUCTWORK LAYOUT - LEVEL 09","model","selection","skip","Both","skip-other-users","15267758","Ducts","Rectangular Duct","","LEVEL 09","Flanged Long Radius Elbows / Shoe Branch","250x200","250","200","","NWB_DimDiameter","","","","SKIP","no parsed value","","","","NWB_DimDiameter","","","",""
"20260801_161107","NWB Dim AutoFill","MECHANICAL DUCTWORK LAYOUT - LEVEL 09","model","selection","skip","Both","skip-other-users","15267759","Ducts","Rectangular Duct","","LEVEL 09","Flanged Long Radius Elbows / Shoe Branch","250x200","250","200","","NWB_DimWidth","250","250","250","SKIP","existing-kept","instance","Shared Parameter","7626175","NWB_DimWidth","String","False","1","1"
"20260801_161107","NWB Dim AutoFill","MECHANICAL DUCTWORK LAYOUT - LEVEL 09","model","selection","skip","Both","skip-other-users","15267759","Ducts","Rectangular Duct","","LEVEL 09","Flanged Long Radius Elbows / Shoe Branch","250x200","250","200","","NWB_DimHeight","200","200","200","SKIP","existing-kept","instance","Shared Parameter","7626170","NWB_DimHeight","String","False","1","1"
"20260801_161107","NWB Dim AutoFill","MECHANICAL DUCTWORK LAYOUT - LEVEL 09","model","selection","skip","Both","skip-other-users","15267759","Ducts","Rectangular Duct","","LEVEL 09","Flanged Long Radius Elbows / Shoe Branch","250x200","250","200","","NWB_DimDiameter","","","","SKIP","no parsed value","","","","NWB_DimDiameter","","","",""
"20260801_161107","NWB Dim AutoFill","MECHANICAL DUCTWORK LAYOUT - LEVEL 09","model","selection","skip","Both","skip-other-users","15267760","Duct Fittings","MHT-ME-DF-Rectangular Short Radius Bend - Flanged","","LEVEL 09","MHT-ME-DF-Rectangular Short Radius Bend - Flanged","200x250-200x250","200","250","","NWB_DimWidth","200","200","200","SKIP","existing-kept","instance","Shared Parameter","7626175","NWB_DimWidth","String","False","2","2"
"20260801_161107","NWB Dim AutoFill","MECHANICAL DUCTWORK LAYOUT - LEVEL 09","model","selection","skip","Both","skip-other-users","15267760","Duct Fittings","MHT-ME-DF-Rectangular Short Radius Bend - Flanged","","LEVEL 09","MHT-ME-DF-Rectangular Short Radius Bend - Flanged","200x250-200x250","200","250","","NWB_DimWidth","200","800","800","SKIP","existing-kept","instance","Shared Parameter","3045165","NWB_DimWidth","Double","False","2","2"
"20260801_161107","NWB Dim AutoFill","MECHANICAL DUCTWORK LAYOUT - LEVEL 09","model","selection","skip","Both","skip-other-users","15267760","Duct Fittings","MHT-ME-DF-Rectangular Short Radius Bend - Flanged","","LEVEL 09","MHT-ME-DF-Rectangular Short Radius Bend - Flanged","200x250-200x250","200","250","","NWB_DimHeight","250","250","250","SKIP","existing-kept","instance","Shared Parameter","7626170","NWB_DimHeight","String","False","2","2"
"20260801_161107","NWB Dim AutoFill","MECHANICAL DUCTWORK LAYOUT - LEVEL 09","model","selection","skip","Both","skip-other-users","15267760","Duct Fittings","MHT-ME-DF-Rectangular Short Radius Bend - Flanged","","LEVEL 09","MHT-ME-DF-Rectangular Short Radius Bend - Flanged","200x250-200x250","200","250","","NWB_DimHeight","250","150","150","SKIP","existing-kept","instance","Shared Parameter","3045163","NWB_DimHeight","Double","False","2","2"
"20260801_161107","NWB Dim AutoFill","MECHANICAL DUCTWORK LAYOUT - LEVEL 09","model","selection","skip","Both","skip-other-users","15267760","Duct Fittings","MHT-ME-DF-Rectangular Short Radius Bend - Flanged","","LEVEL 09","MHT-ME-DF-Rectangular Short Radius Bend - Flanged","200x250-200x250","200","250","","NWB_DimDiameter","","","","SKIP","no parsed value","","","","NWB_DimDiameter","","","",""
"20260801_161107","NWB Dim AutoFill","MECHANICAL DUCTWORK LAYOUT - LEVEL 09","model","selection","skip","Both","skip-other-users","15267761","Ducts","Rectangular Duct","","LEVEL 09","Flanged Long Radius Elbows / Shoe Branch","250x200","250","200","","NWB_DimWidth","250","250","250","SKIP","existing-kept","instance","Shared Parameter","7626175","NWB_DimWidth","String","False","1","1"
"20260801_161107","NWB Dim AutoFill","MECHANICAL DUCTWORK LAYOUT - LEVEL 09","model","selection","skip","Both","skip-other-users","15267761","Ducts","Rectangular Duct","","LEVEL 09","Flanged Long Radius Elbows / Shoe Branch","250x200","250","200","","NWB_DimHeight","200","200","200","SKIP","existing-kept","instance","Shared Parameter","7626170","NWB_DimHeight","String","False","1","1"
"20260801_161107","NWB Dim AutoFill","MECHANICAL DUCTWORK LAYOUT - LEVEL 09","model","selection","skip","Both","skip-other-users","15267761","Ducts","Rectangular Duct","","LEVEL 09","Flanged Long Radius Elbows / Shoe Branch","250x200","250","200","","NWB_DimDiameter","","","","SKIP","no parsed value","","","","NWB_DimDiameter","","","",""
"20260801_161107","NWB Dim AutoFill","MECHANICAL DUCTWORK LAYOUT - LEVEL 09","model","selection","skip","Both","skip-other-users","15267765","Ducts","Rectangular Duct","","LEVEL 09","Flanged Long Radius Elbows / Shoe Branch","250x200","250","200","","NWB_DimWidth","250","250","250","SKIP","existing-kept","instance","Shared Parameter","7626175","NWB_DimWidth","String","False","1","1"
"20260801_161107","NWB Dim AutoFill","MECHANICAL DUCTWORK LAYOUT - LEVEL 09","model","selection","skip","Both","skip-other-users","15267765","Ducts","Rectangular Duct","","LEVEL 09","Flanged Long Radius Elbows / Shoe Branch","250x200","250","200","","NWB_DimHeight","200","200","200","SKIP","existing-kept","instance","Shared Parameter","7626170","NWB_DimHeight","String","False","1","1"
"20260801_161107","NWB Dim AutoFill","MECHANICAL DUCTWORK LAYOUT - LEVEL 09","model","selection","skip","Both","skip-other-users","15267765","Ducts","Rectangular Duct","","LEVEL 09","Flanged Long Radius Elbows / Shoe Branch","250x200","250","200","","NWB_DimDiameter","","","","SKIP","no parsed value","","","","NWB_DimDiameter","","","",""
"20260801_161107","NWB Dim AutoFill","MECHANICAL DUCTWORK LAYOUT - LEVEL 09","model","selection","skip","Both","skip-other-users","15267766","Ducts","Rectangular Duct","","LEVEL 09","Flanged Long Radius Elbows / Shoe Branch","250x200","250","200","","NWB_DimWidth","250","250","250","SKIP","existing-kept","instance","Shared Parameter","7626175","NWB_DimWidth","String","False","1","1"
"20260801_161107","NWB Dim AutoFill","MECHANICAL DUCTWORK LAYOUT - LEVEL 09","model","selection","skip","Both","skip-other-users","15267766","Ducts","Rectangular Duct","","LEVEL 09","Flanged Long Radius Elbows / Shoe Branch","250x200","250","200","","NWB_DimHeight","200","200","200","SKIP","existing-kept","instance","Shared Parameter","7626170","NWB_DimHeight","String","False","1","1"
"20260801_161107","NWB Dim AutoFill","MECHANICAL DUCTWORK LAYOUT - LEVEL 09","model","selection","skip","Both","skip-other-users","15267766","Ducts","Rectangular Duct","","LEVEL 09","Flanged Long Radius Elbows / Shoe Branch","250x200","250","200","","NWB_DimDiameter","","","","SKIP","no parsed value","","","","NWB_DimDiameter","","","",""
"20260801_161107","NWB Dim AutoFill","MECHANICAL DUCTWORK LAYOUT - LEVEL 09","model","selection","skip","Both","skip-other-users","15267767","Duct Fittings","MHT-ME-DF-Rectangular Short Radius Bend - Flanged","","LEVEL 09","MHT-ME-DF-Rectangular Short Radius Bend - Flanged","200x250-200x250","200","250","","NWB_DimWidth","200","200","200","SKIP","existing-kept","instance","Shared Parameter","7626175","NWB_DimWidth","String","False","2","2"
"20260801_161107","NWB Dim AutoFill","MECHANICAL DUCTWORK LAYOUT - LEVEL 09","model","selection","skip","Both","skip-other-users","15267767","Duct Fittings","MHT-ME-DF-Rectangular Short Radius Bend - Flanged","","LEVEL 09","MHT-ME-DF-Rectangular Short Radius Bend - Flanged","200x250-200x250","200","250","","NWB_DimWidth","200","600","600","SKIP","existing-kept","instance","Shared Parameter","3045165","NWB_DimWidth","Double","False","2","2"
"20260801_161107","NWB Dim AutoFill","MECHANICAL DUCTWORK LAYOUT - LEVEL 09","model","selection","skip","Both","skip-other-users","15267767","Duct Fittings","MHT-ME-DF-Rectangular Short Radius Bend - Flanged","","LEVEL 09","MHT-ME-DF-Rectangular Short Radius Bend - Flanged","200x250-200x250","200","250","","NWB_DimHeight","250","250","250","SKIP","existing-kept","instance","Shared Parameter","7626170","NWB_DimHeight","String","False","2","2"
"20260801_161107","NWB Dim AutoFill","MECHANICAL DUCTWORK LAYOUT - LEVEL 09","model","selection","skip","Both","skip-other-users","15267767","Duct Fittings","MHT-ME-DF-Rectangular Short Radius Bend - Flanged","","LEVEL 09","MHT-ME-DF-Rectangular Short Radius Bend - Flanged","200x250-200x250","200","250","","NWB_DimHeight","250","150","150","SKIP","existing-kept","instance","Shared Parameter","3045163","NWB_DimHeight","Double","False","2","2"
"20260801_161107","NWB Dim AutoFill","MECHANICAL DUCTWORK LAYOUT - LEVEL 09","model","selection","skip","Both","skip-other-users","15267767","Duct Fittings","MHT-ME-DF-Rectangular Short Radius Bend - Flanged","","LEVEL 09","MHT-ME-DF-Rectangular Short Radius Bend - Flanged","200x250-200x250","200","250","","NWB_DimDiameter","","","","SKIP","no parsed value","","","","NWB_DimDiameter","","","",""
"20260801_161107","NWB Dim AutoFill","MECHANICAL DUCTWORK LAYOUT - LEVEL 09","model","selection","skip","Both","skip-other-users","15267769","Ducts","Rectangular Duct","","LEVEL 09","Flanged Long Radius Elbows / Shoe Branch","250x200","250","200","","NWB_DimWidth","250","250","250","SKIP","existing-kept","instance","Shared Parameter","7626175","NWB_DimWidth","String","False","1","1"
"20260801_161107","NWB Dim AutoFill","MECHANICAL DUCTWORK LAYOUT - LEVEL 09","model","selection","skip","Both","skip-other-users","15267769","Ducts","Rectangular Duct","","LEVEL 09","Flanged Long Radius Elbows / Shoe Branch","250x200","250","200","","NWB_DimHeight","200","200","200","SKIP","existing-kept","instance","Shared Parameter","7626170","NWB_DimHeight","String","False","1","1"
"20260801_161107","NWB Dim AutoFill","MECHANICAL DUCTWORK LAYOUT - LEVEL 09","model","selection","skip","Both","skip-other-users","15267769","Ducts","Rectangular Duct","","LEVEL 09","Flanged Long Radius Elbows / Shoe Branch","250x200","250","200","","NWB_DimDiameter","","","","SKIP","no parsed value","","","","NWB_DimDiameter","","","",""
"20260801_161107","NWB Dim AutoFill","MECHANICAL DUCTWORK LAYOUT - LEVEL 09","model","selection","skip","Both","skip-other-users","15267770","Duct Fittings","MHT-ME-DF-Rectangular Short Radius Bend - Flanged","","LEVEL 09","MHT-ME-DF-Rectangular Short Radius Bend - Flanged","200x250-200x250","200","250","","NWB_DimWidth","200","200","200","SKIP","existing-kept","instance","Shared Parameter","7626175","NWB_DimWidth","String","False","2","2"
"20260801_161107","NWB Dim AutoFill","MECHANICAL DUCTWORK LAYOUT - LEVEL 09","model","selection","skip","Both","skip-other-users","15267770","Duct Fittings","MHT-ME-DF-Rectangular Short Radius Bend - Flanged","","LEVEL 09","MHT-ME-DF-Rectangular Short Radius Bend - Flanged","200x250-200x250","200","250","","NWB_DimWidth","200","200","200","SKIP","existing-kept","instance","Shared Parameter","3045165","NWB_DimWidth","Double","False","2","2"
"20260801_161107","NWB Dim AutoFill","MECHANICAL DUCTWORK LAYOUT - LEVEL 09","model","selection","skip","Both","skip-other-users","15267770","Duct Fittings","MHT-ME-DF-Rectangular Short Radius Bend - Flanged","","LEVEL 09","MHT-ME-DF-Rectangular Short Radius Bend - Flanged","200x250-200x250","200","250","","NWB_DimHeight","250","250","250","SKIP","existing-kept","instance","Shared Parameter","7626170","NWB_DimHeight","String","False","2","2"
"20260801_161107","NWB Dim AutoFill","MECHANICAL DUCTWORK LAYOUT - LEVEL 09","model","selection","skip","Both","skip-other-users","15267770","Duct Fittings","MHT-ME-DF-Rectangular Short Radius Bend - Flanged","","LEVEL 09","MHT-ME-DF-Rectangular Short Radius Bend - Flanged","200x250-200x250","200","250","","NWB_DimHeight","250","250","250","SKIP","existing-kept","instance","Shared Parameter","3045163","NWB_DimHeight","Double","False","2","2"
"20260801_161107","NWB Dim AutoFill","MECHANICAL DUCTWORK LAYOUT - LEVEL 09","model","selection","skip","Both","skip-other-users","15267770","Duct Fittings","MHT-ME-DF-Rectangular Short Radius Bend - Flanged","","LEVEL 09","MHT-ME-DF-Rectangular Short Radius Bend - Flanged","200x250-200x250","200","250","","NWB_DimDiameter","","","","SKIP","no parsed value","","","","NWB_DimDiameter","","","",""
"20260801_161107","NWB Dim AutoFill","MECHANICAL DUCTWORK LAYOUT - LEVEL 09","model","selection","skip","Both","skip-other-users","15267771","Ducts","Rectangular Duct","","LEVEL 09","Flanged Long Radius Elbows / Shoe Branch","250x200","250","200","","NWB_DimWidth","250","250","250","SKIP","existing-kept","instance","Shared Parameter","7626175","NWB_DimWidth","String","False","1","1"
"20260801_161107","NWB Dim AutoFill","MECHANICAL DUCTWORK LAYOUT - LEVEL 09","model","selection","skip","Both","skip-other-users","15267771","Ducts","Rectangular Duct","","LEVEL 09","Flanged Long Radius Elbows / Shoe Branch","250x200","250","200","","NWB_DimHeight","200","200","200","SKIP","existing-kept","instance","Shared Parameter","7626170","NWB_DimHeight","String","False","1","1"
"20260801_161107","NWB Dim AutoFill","MECHANICAL DUCTWORK LAYOUT - LEVEL 09","model","selection","skip","Both","skip-other-users","15267771","Ducts","Rectangular Duct","","LEVEL 09","Flanged Long Radius Elbows / Shoe Branch","250x200","250","200","","NWB_DimDiameter","","","","SKIP","no parsed value","","","","NWB_DimDiameter","","","",""
"20260801_161107","NWB Dim AutoFill","MECHANICAL DUCTWORK LAYOUT - LEVEL 09","model","selection","skip","Both","skip-other-users","15267777","Ducts","Rectangular Duct","","LEVEL 09","Flanged Long Radius Elbows / Shoe Branch","1000x500","1000","500","","NWB_DimWidth","1000","1000","1000","SKIP","existing-kept","instance","Shared Parameter","7626175","NWB_DimWidth","String","False","1","1"
"20260801_161107","NWB Dim AutoFill","MECHANICAL DUCTWORK LAYOUT - LEVEL 09","model","selection","skip","Both","skip-other-users","15267777","Ducts","Rectangular Duct","","LEVEL 09","Flanged Long Radius Elbows / Shoe Branch","1000x500","1000","500","","NWB_DimHeight","500","500","500","SKIP","existing-kept","instance","Shared Parameter","7626170","NWB_DimHeight","String","False","1","1"
"20260801_161107","NWB Dim AutoFill","MECHANICAL DUCTWORK LAYOUT - LEVEL 09","model","selection","skip","Both","skip-other-users","15267777","Ducts","Rectangular Duct","","LEVEL 09","Flanged Long Radius Elbows / Shoe Branch","1000x500","1000","500","","NWB_DimDiameter","","","","SKIP","no parsed value","","","","NWB_DimDiameter","","","",""
"20260801_161107","NWB Dim AutoFill","MECHANICAL DUCTWORK LAYOUT - LEVEL 09","model","selection","skip","Both","skip-other-users","15267778","Air Terminals","AIR_LOUVER_N","","LEVEL 09","FRESH AIR LOUVER","0x500","0","500","0","NWB_DimWidth","0","1000","1000","SKIP","existing-kept","instance","Shared Parameter","7626175","NWB_DimWidth","String","False","1","1"
"20260801_161107","NWB Dim AutoFill","MECHANICAL DUCTWORK LAYOUT - LEVEL 09","model","selection","skip","Both","skip-other-users","15267778","Air Terminals","AIR_LOUVER_N","","LEVEL 09","FRESH AIR LOUVER","0x500","0","500","0","NWB_DimHeight","500","500","500","SKIP","existing-kept","instance","Shared Parameter","7626170","NWB_DimHeight","String","False","1","1"
"20260801_161107","NWB Dim AutoFill","MECHANICAL DUCTWORK LAYOUT - LEVEL 09","model","selection","skip","Both","skip-other-users","15267782","Ducts","Rectangular Duct","","LEVEL 09","Flanged Long Radius Elbows / Shoe Branch","250x200","250","200","","NWB_DimWidth","250","250","250","SKIP","existing-kept","instance","Shared Parameter","7626175","NWB_DimWidth","String","False","1","1"
"20260801_161107","NWB Dim AutoFill","MECHANICAL DUCTWORK LAYOUT - LEVEL 09","model","selection","skip","Both","skip-other-users","15267782","Ducts","Rectangular Duct","","LEVEL 09","Flanged Long Radius Elbows / Shoe Branch","250x200","250","200","","NWB_DimHeight","200","200","200","SKIP","existing-kept","instance","Shared Parameter","7626170","NWB_DimHeight","String","False","1","1"
"20260801_161107","NWB Dim AutoFill","MECHANICAL DUCTWORK LAYOUT - LEVEL 09","model","selection","skip","Both","skip-other-users","15267782","Ducts","Rectangular Duct","","LEVEL 09","Flanged Long Radius Elbows / Shoe Branch","250x200","250","200","","NWB_DimDiameter","","","","SKIP","no parsed value","","","","NWB_DimDiameter","","","",""
"20260801_161107","NWB Dim AutoFill","MECHANICAL DUCTWORK LAYOUT - LEVEL 09","model","selection","skip","Both","skip-other-users","15267783","Duct Fittings","MHT-ME-DF-Rectangular Short Radius Bend - Flanged","","LEVEL 09","MHT-ME-DF-Rectangular Short Radius Bend - Flanged","250x200-250x200","250","200","","NWB_DimWidth","250","250","250","SKIP","existing-kept","instance","Shared Parameter","7626175","NWB_DimWidth","String","False","2","2"
"20260801_161107","NWB Dim AutoFill","MECHANICAL DUCTWORK LAYOUT - LEVEL 09","model","selection","skip","Both","skip-other-users","15267783","Duct Fittings","MHT-ME-DF-Rectangular Short Radius Bend - Flanged","","LEVEL 09","MHT-ME-DF-Rectangular Short Radius Bend - Flanged","250x200-250x200","250","200","","NWB_DimWidth","250","200","200","SKIP","existing-kept","instance","Shared Parameter","3045165","NWB_DimWidth","Double","False","2","2"
"20260801_161107","NWB Dim AutoFill","MECHANICAL DUCTWORK LAYOUT - LEVEL 09","model","selection","skip","Both","skip-other-users","15267783","Duct Fittings","MHT-ME-DF-Rectangular Short Radius Bend - Flanged","","LEVEL 09","MHT-ME-DF-Rectangular Short Radius Bend - Flanged","250x200-250x200","250","200","","NWB_DimHeight","200","200","200","SKIP","existing-kept","instance","Shared Parameter","7626170","NWB_DimHeight","String","False","2","2"
"20260801_161107","NWB Dim AutoFill","MECHANICAL DUCTWORK LAYOUT - LEVEL 09","model","selection","skip","Both","skip-other-users","15267783","Duct Fittings","MHT-ME-DF-Rectangular Short Radius Bend - Flanged","","LEVEL 09","MHT-ME-DF-Rectangular Short Radius Bend - Flanged","250x200-250x200","250","200","","NWB_DimHeight","200","250","250","SKIP","existing-kept","instance","Shared Parameter","3045163","NWB_DimHeight","Double","False","2","2"
"20260801_161107","NWB Dim AutoFill","MECHANICAL DUCTWORK LAYOUT - LEVEL 09","model","selection","skip","Both","skip-other-users","15267783","Duct Fittings","MHT-ME-DF-Rectangular Short Radius Bend - Flanged","","LEVEL 09","MHT-ME-DF-Rectangular Short Radius Bend - Flanged","250x200-250x200","250","200","","NWB_DimDiameter","","","","SKIP","no parsed value","","","","NWB_DimDiameter","","","",""
"20260801_161107","NWB Dim AutoFill","MECHANICAL DUCTWORK LAYOUT - LEVEL 09","model","selection","skip","Both","skip-other-users","15268815","Ducts","Rectangular Duct","","LEVEL 09","Flanged Long Radius Elbows / Shoe Branch","400x250","400","250","","NWB_DimWidth","400","400","400","SKIP","existing-kept","instance","Shared Parameter","7626175","NWB_DimWidth","String","False","1","1"
"20260801_161107","NWB Dim AutoFill","MECHANICAL DUCTWORK LAYOUT - LEVEL 09","model","selection","skip","Both","skip-other-users","15268815","Ducts","Rectangular Duct","","LEVEL 09","Flanged Long Radius Elbows / Shoe Branch","400x250","400","250","","NWB_DimHeight","250","250","250","SKIP","existing-kept","instance","Shared Parameter","7626170","NWB_DimHeight","String","False","1","1"
"20260801_161107","NWB Dim AutoFill","MECHANICAL DUCTWORK LAYOUT - LEVEL 09","model","selection","skip","Both","skip-other-users","15268815","Ducts","Rectangular Duct","","LEVEL 09","Flanged Long Radius Elbows / Shoe Branch","400x250","400","250","","NWB_DimDiameter","","","","SKIP","no parsed value","","","","NWB_DimDiameter","","","",""
"20260801_161107","NWB Dim AutoFill","MECHANICAL DUCTWORK LAYOUT - LEVEL 09","model","selection","skip","Both","skip-other-users","15268816","Duct Fittings","MHT-ME-DF-Rectangular Eccentric Taper - Flanged-Manula Length","","LEVEL 09","MHT-ME-DF-Rectangular Eccentric Taper - Flanged-Manual Length","600x600-400x250","600","600","","NWB_DimWidth","600","600","600","SKIP","existing-kept","instance","Shared Parameter","7626175","NWB_DimWidth","String","False","1","1"
"20260801_161107","NWB Dim AutoFill","MECHANICAL DUCTWORK LAYOUT - LEVEL 09","model","selection","skip","Both","skip-other-users","15268816","Duct Fittings","MHT-ME-DF-Rectangular Eccentric Taper - Flanged-Manula Length","","LEVEL 09","MHT-ME-DF-Rectangular Eccentric Taper - Flanged-Manual Length","600x600-400x250","600","600","","NWB_DimHeight","600","600","600","SKIP","existing-kept","instance","Shared Parameter","7626170","NWB_DimHeight","String","False","1","1"
"20260801_161107","NWB Dim AutoFill","MECHANICAL DUCTWORK LAYOUT - LEVEL 09","model","selection","skip","Both","skip-other-users","15268816","Duct Fittings","MHT-ME-DF-Rectangular Eccentric Taper - Flanged-Manula Length","","LEVEL 09","MHT-ME-DF-Rectangular Eccentric Taper - Flanged-Manual Length","600x600-400x250","600","600","","NWB_DimDiameter","","","","SKIP","no parsed value","","","","NWB_DimDiameter","","","",""
"20260801_161107","NWB Dim AutoFill","MECHANICAL DUCTWORK LAYOUT - LEVEL 09","model","selection","skip","Both","skip-other-users","15268817","Ducts","Rectangular Duct","","LEVEL 09","Flanged Long Radius Elbows / Shoe Branch","400x250","400","250","","NWB_DimWidth","400","400","400","SKIP","existing-kept","instance","Shared Parameter","7626175","NWB_DimWidth","String","False","1","1"
"20260801_161107","NWB Dim AutoFill","MECHANICAL DUCTWORK LAYOUT - LEVEL 09","model","selection","skip","Both","skip-other-users","15268817","Ducts","Rectangular Duct","","LEVEL 09","Flanged Long Radius Elbows / Shoe Branch","400x250","400","250","","NWB_DimHeight","250","250","250","SKIP","existing-kept","instance","Shared Parameter","7626170","NWB_DimHeight","String","False","1","1"
"20260801_161107","NWB Dim AutoFill","MECHANICAL DUCTWORK LAYOUT - LEVEL 09","model","selection","skip","Both","skip-other-users","15268817","Ducts","Rectangular Duct","","LEVEL 09","Flanged Long Radius Elbows / Shoe Branch","400x250","400","250","","NWB_DimDiameter","","","","SKIP","no parsed value","","","","NWB_DimDiameter","","","",""
"20260801_161107","NWB Dim AutoFill","MECHANICAL DUCTWORK LAYOUT - LEVEL 09","model","selection","skip","Both","skip-other-users","15268819","Duct Fittings","MHT-ME-DF-Rectangular Short Radius Bend - Flanged","","LEVEL 09","MHT-ME-DF-Rectangular Short Radius Bend - Flanged","250x400-250x400","250","400","","NWB_DimWidth","250","250","250","SKIP","existing-kept","instance","Shared Parameter","7626175","NWB_DimWidth","String","False","2","2"
"20260801_161107","NWB Dim AutoFill","MECHANICAL DUCTWORK LAYOUT - LEVEL 09","model","selection","skip","Both","skip-other-users","15268819","Duct Fittings","MHT-ME-DF-Rectangular Short Radius Bend - Flanged","","LEVEL 09","MHT-ME-DF-Rectangular Short Radius Bend - Flanged","250x400-250x400","250","400","","NWB_DimWidth","250","200","200","SKIP","existing-kept","instance","Shared Parameter","3045165","NWB_DimWidth","Double","False","2","2"
"20260801_161107","NWB Dim AutoFill","MECHANICAL DUCTWORK LAYOUT - LEVEL 09","model","selection","skip","Both","skip-other-users","15268819","Duct Fittings","MHT-ME-DF-Rectangular Short Radius Bend - Flanged","","LEVEL 09","MHT-ME-DF-Rectangular Short Radius Bend - Flanged","250x400-250x400","250","400","","NWB_DimHeight","400","400","400","SKIP","existing-kept","instance","Shared Parameter","7626170","NWB_DimHeight","String","False","2","2"
"20260801_161107","NWB Dim AutoFill","MECHANICAL DUCTWORK LAYOUT - LEVEL 09","model","selection","skip","Both","skip-other-users","15268819","Duct Fittings","MHT-ME-DF-Rectangular Short Radius Bend - Flanged","","LEVEL 09","MHT-ME-DF-Rectangular Short Radius Bend - Flanged","250x400-250x400","250","400","","NWB_DimHeight","400","250","250","SKIP","existing-kept","instance","Shared Parameter","3045163","NWB_DimHeight","Double","False","2","2"
"20260801_161107","NWB Dim AutoFill","MECHANICAL DUCTWORK LAYOUT - LEVEL 09","model","selection","skip","Both","skip-other-users","15268819","Duct Fittings","MHT-ME-DF-Rectangular Short Radius Bend - Flanged","","LEVEL 09","MHT-ME-DF-Rectangular Short Radius Bend - Flanged","250x400-250x400","250","400","","NWB_DimDiameter","","","","SKIP","no parsed value","","","","NWB_DimDiameter","","","",""
"20260801_161107","NWB Dim AutoFill","MECHANICAL DUCTWORK LAYOUT - LEVEL 09","model","selection","skip","Both","skip-other-users","15268823","Ducts","Rectangular Duct","","LEVEL 09","Flanged Long Radius Elbows / Shoe Branch","400x250","400","250","","NWB_DimWidth","400","400","400","SKIP","existing-kept","instance","Shared Parameter","7626175","NWB_DimWidth","String","False","1","1"
"20260801_161107","NWB Dim AutoFill","MECHANICAL DUCTWORK LAYOUT - LEVEL 09","model","selection","skip","Both","skip-other-users","15268823","Ducts","Rectangular Duct","","LEVEL 09","Flanged Long Radius Elbows / Shoe Branch","400x250","400","250","","NWB_DimHeight","250","250","250","SKIP","existing-kept","instance","Shared Parameter","7626170","NWB_DimHeight","String","False","1","1"
"20260801_161107","NWB Dim AutoFill","MECHANICAL DUCTWORK LAYOUT - LEVEL 09","model","selection","skip","Both","skip-other-users","15268823","Ducts","Rectangular Duct","","LEVEL 09","Flanged Long Radius Elbows / Shoe Branch","400x250","400","250","","NWB_DimDiameter","","","","SKIP","no parsed value","","","","NWB_DimDiameter","","","",""
"20260801_161107","NWB Dim AutoFill","MECHANICAL DUCTWORK LAYOUT - LEVEL 09","model","selection","skip","Both","skip-other-users","15268824","Duct Fittings","MHT-ME-DF-Rectangular Eccentric Taper - Flanged-Manula Length","","LEVEL 09","MHT-ME-DF-Rectangular Eccentric Taper - Flanged-Manual Length","600x600-400x250","600","600","","NWB_DimWidth","600","600","600","SKIP","existing-kept","instance","Shared Parameter","7626175","NWB_DimWidth","String","False","1","1"
"20260801_161107","NWB Dim AutoFill","MECHANICAL DUCTWORK LAYOUT - LEVEL 09","model","selection","skip","Both","skip-other-users","15268824","Duct Fittings","MHT-ME-DF-Rectangular Eccentric Taper - Flanged-Manula Length","","LEVEL 09","MHT-ME-DF-Rectangular Eccentric Taper - Flanged-Manual Length","600x600-400x250","600","600","","NWB_DimHeight","600","600","600","SKIP","existing-kept","instance","Shared Parameter","7626170","NWB_DimHeight","String","False","1","1"
"20260801_161107","NWB Dim AutoFill","MECHANICAL DUCTWORK LAYOUT - LEVEL 09","model","selection","skip","Both","skip-other-users","15268824","Duct Fittings","MHT-ME-DF-Rectangular Eccentric Taper - Flanged-Manula Length","","LEVEL 09","MHT-ME-DF-Rectangular Eccentric Taper - Flanged-Manual Length","600x600-400x250","600","600","","NWB_DimDiameter","","","","SKIP","no parsed value","","","","NWB_DimDiameter","","","",""
"20260801_161107","NWB Dim AutoFill","MECHANICAL DUCTWORK LAYOUT - LEVEL 09","model","selection","skip","Both","skip-other-users","15268825","Ducts","Rectangular Duct","","LEVEL 09","Flanged Long Radius Elbows / Shoe Branch","400x250","400","250","","NWB_DimWidth","400","400","400","SKIP","existing-kept","instance","Shared Parameter","7626175","NWB_DimWidth","String","False","1","1"
"20260801_161107","NWB Dim AutoFill","MECHANICAL DUCTWORK LAYOUT - LEVEL 09","model","selection","skip","Both","skip-other-users","15268825","Ducts","Rectangular Duct","","LEVEL 09","Flanged Long Radius Elbows / Shoe Branch","400x250","400","250","","NWB_DimHeight","250","250","250","SKIP","existing-kept","instance","Shared Parameter","7626170","NWB_DimHeight","String","False","1","1"
"20260801_161107","NWB Dim AutoFill","MECHANICAL DUCTWORK LAYOUT - LEVEL 09","model","selection","skip","Both","skip-other-users","15268825","Ducts","Rectangular Duct","","LEVEL 09","Flanged Long Radius Elbows / Shoe Branch","400x250","400","250","","NWB_DimDiameter","","","","SKIP","no parsed value","","","","NWB_DimDiameter","","","",""
"20260801_161107","NWB Dim AutoFill","MECHANICAL DUCTWORK LAYOUT - LEVEL 09","model","selection","skip","Both","skip-other-users","15268829","Duct Fittings","MHT-ME-DF-Rectangular Short Radius Bend - Flanged","","LEVEL 09","MHT-ME-DF-Rectangular Short Radius Bend - Flanged","250x400-250x400","250","400","","NWB_DimWidth","250","250","250","SKIP","existing-kept","instance","Shared Parameter","7626175","NWB_DimWidth","String","False","2","2"
"20260801_161107","NWB Dim AutoFill","MECHANICAL DUCTWORK LAYOUT - LEVEL 09","model","selection","skip","Both","skip-other-users","15268829","Duct Fittings","MHT-ME-DF-Rectangular Short Radius Bend - Flanged","","LEVEL 09","MHT-ME-DF-Rectangular Short Radius Bend - Flanged","250x400-250x400","250","400","","NWB_DimWidth","250","250","250","SKIP","existing-kept","instance","Shared Parameter","3045165","NWB_DimWidth","Double","False","2","2"
"20260801_161107","NWB Dim AutoFill","MECHANICAL DUCTWORK LAYOUT - LEVEL 09","model","selection","skip","Both","skip-other-users","15268829","Duct Fittings","MHT-ME-DF-Rectangular Short Radius Bend - Flanged","","LEVEL 09","MHT-ME-DF-Rectangular Short Radius Bend - Flanged","250x400-250x400","250","400","","NWB_DimHeight","400","400","400","SKIP","existing-kept","instance","Shared Parameter","7626170","NWB_DimHeight","String","False","2","2"
"20260801_161107","NWB Dim AutoFill","MECHANICAL DUCTWORK LAYOUT - LEVEL 09","model","selection","skip","Both","skip-other-users","15268829","Duct Fittings","MHT-ME-DF-Rectangular Short Radius Bend - Flanged","","LEVEL 09","MHT-ME-DF-Rectangular Short Radius Bend - Flanged","250x400-250x400","250","400","","NWB_DimHeight","400","400","400","SKIP","existing-kept","instance","Shared Parameter","3045163","NWB_DimHeight","Double","False","2","2"
"20260801_161107","NWB Dim AutoFill","MECHANICAL DUCTWORK LAYOUT - LEVEL 09","model","selection","skip","Both","skip-other-users","15268829","Duct Fittings","MHT-ME-DF-Rectangular Short Radius Bend - Flanged","","LEVEL 09","MHT-ME-DF-Rectangular Short Radius Bend - Flanged","250x400-250x400","250","400","","NWB_DimDiameter","","","","SKIP","no parsed value","","","","NWB_DimDiameter","","","",""
"20260801_161107","NWB Dim AutoFill","MECHANICAL DUCTWORK LAYOUT - LEVEL 09","model","selection","skip","Both","skip-other-users","15269037","Duct Fittings","MHT-ME-DF-Rectangular Short Radius Bend - Flanged","","LEVEL 09","MHT-ME-DF-Rectangular Short Radius Bend - Flanged","250x200-250x200","250","200","","NWB_DimWidth","250","250","250","SKIP","existing-kept","instance","Shared Parameter","7626175","NWB_DimWidth","String","False","2","2"
"20260801_161107","NWB Dim AutoFill","MECHANICAL DUCTWORK LAYOUT - LEVEL 09","model","selection","skip","Both","skip-other-users","15269037","Duct Fittings","MHT-ME-DF-Rectangular Short Radius Bend - Flanged","","LEVEL 09","MHT-ME-DF-Rectangular Short Radius Bend - Flanged","250x200-250x200","250","200","","NWB_DimWidth","250","800","800","SKIP","existing-kept","instance","Shared Parameter","3045165","NWB_DimWidth","Double","False","2","2"
"20260801_161107","NWB Dim AutoFill","MECHANICAL DUCTWORK LAYOUT - LEVEL 09","model","selection","skip","Both","skip-other-users","15269037","Duct Fittings","MHT-ME-DF-Rectangular Short Radius Bend - Flanged","","LEVEL 09","MHT-ME-DF-Rectangular Short Radius Bend - Flanged","250x200-250x200","250","200","","NWB_DimHeight","200","200","200","SKIP","existing-kept","instance","Shared Parameter","7626170","NWB_DimHeight","String","False","2","2"
"20260801_161107","NWB Dim AutoFill","MECHANICAL DUCTWORK LAYOUT - LEVEL 09","model","selection","skip","Both","skip-other-users","15269037","Duct Fittings","MHT-ME-DF-Rectangular Short Radius Bend - Flanged","","LEVEL 09","MHT-ME-DF-Rectangular Short Radius Bend - Flanged","250x200-250x200","250","200","","NWB_DimHeight","200","380","380","SKIP","existing-kept","instance","Shared Parameter","3045163","NWB_DimHeight","Double","False","2","2"
"20260801_161107","NWB Dim AutoFill","MECHANICAL DUCTWORK LAYOUT - LEVEL 09","model","selection","skip","Both","skip-other-users","15269037","Duct Fittings","MHT-ME-DF-Rectangular Short Radius Bend - Flanged","","LEVEL 09","MHT-ME-DF-Rectangular Short Radius Bend - Flanged","250x200-250x200","250","200","","NWB_DimDiameter","","","","SKIP","no parsed value","","","","NWB_DimDiameter","","","",""
"20260801_161107","NWB Dim AutoFill","MECHANICAL DUCTWORK LAYOUT - LEVEL 09","model","selection","skip","Both","skip-other-users","15269523","Duct Fittings","MHT-ME-DF-Rectangular Eccentric Taper - Flanged-01","","LEVEL 09","Standard","400x300-400x225","400","300","","NWB_DimWidth","400","400","400","SKIP","existing-kept","instance","Shared Parameter","7626175","NWB_DimWidth","String","False","2","2"
"20260801_161107","NWB Dim AutoFill","MECHANICAL DUCTWORK LAYOUT - LEVEL 09","model","selection","skip","Both","skip-other-users","15269523","Duct Fittings","MHT-ME-DF-Rectangular Eccentric Taper - Flanged-01","","LEVEL 09","Standard","400x300-400x225","400","300","","NWB_DimWidth","400","400","400","SKIP","existing-kept","instance","Shared Parameter","3045165","NWB_DimWidth","Double","False","2","2"
"20260801_161107","NWB Dim AutoFill","MECHANICAL DUCTWORK LAYOUT - LEVEL 09","model","selection","skip","Both","skip-other-users","15269523","Duct Fittings","MHT-ME-DF-Rectangular Eccentric Taper - Flanged-01","","LEVEL 09","Standard","400x300-400x225","400","300","","NWB_DimHeight","300","300","300","SKIP","existing-kept","instance","Shared Parameter","7626170","NWB_DimHeight","String","False","2","2"
"20260801_161107","NWB Dim AutoFill","MECHANICAL DUCTWORK LAYOUT - LEVEL 09","model","selection","skip","Both","skip-other-users","15269523","Duct Fittings","MHT-ME-DF-Rectangular Eccentric Taper - Flanged-01","","LEVEL 09","Standard","400x300-400x225","400","300","","NWB_DimHeight","300","300","300","SKIP","existing-kept","instance","Shared Parameter","3045163","NWB_DimHeight","Double","False","2","2"
"20260801_161107","NWB Dim AutoFill","MECHANICAL DUCTWORK LAYOUT - LEVEL 09","model","selection","skip","Both","skip-other-users","15269523","Duct Fittings","MHT-ME-DF-Rectangular Eccentric Taper - Flanged-01","","LEVEL 09","Standard","400x300-400x225","400","300","","NWB_DimDiameter","","","","SKIP","no parsed value","","","","NWB_DimDiameter","","","",""
"20260801_161107","NWB Dim AutoFill","MECHANICAL DUCTWORK LAYOUT - LEVEL 09","model","selection","skip","Both","skip-other-users","15269525","Duct Fittings","MHT_DF_Spigot","","LEVEL 09","Damper","250ø-250ø","","","250","NWB_DimWidth","","","","SKIP","no parsed value","","","","NWB_DimWidth","","","",""
"20260801_161107","NWB Dim AutoFill","MECHANICAL DUCTWORK LAYOUT - LEVEL 09","model","selection","skip","Both","skip-other-users","15269525","Duct Fittings","MHT_DF_Spigot","","LEVEL 09","Damper","250ø-250ø","","","250","NWB_DimHeight","","","","SKIP","no parsed value","","","","NWB_DimHeight","","","",""
"20260801_161107","NWB Dim AutoFill","MECHANICAL DUCTWORK LAYOUT - LEVEL 09","model","selection","skip","Both","skip-other-users","15269525","Duct Fittings","MHT_DF_Spigot","","LEVEL 09","Damper","250ø-250ø","","","250","NWB_DimDiameter","250","250","250","SKIP","existing-kept","instance","Shared Parameter","7626172","NWB_DimDiameter","String","False","1","1"
"20260801_161107","NWB Dim AutoFill","MECHANICAL DUCTWORK LAYOUT - LEVEL 09","model","selection","skip","Both","skip-other-users","15269527","Duct Fittings","MHT-ME-DF-Rectangular Eccentric Taper - Flanged-01","","LEVEL 09","Standard","400x300-400x225","400","300","","NWB_DimWidth","400","400","400","SKIP","existing-kept","instance","Shared Parameter","7626175","NWB_DimWidth","String","False","2","2"
"20260801_161107","NWB Dim AutoFill","MECHANICAL DUCTWORK LAYOUT - LEVEL 09","model","selection","skip","Both","skip-other-users","15269527","Duct Fittings","MHT-ME-DF-Rectangular Eccentric Taper - Flanged-01","","LEVEL 09","Standard","400x300-400x225","400","300","","NWB_DimWidth","400","400","400","SKIP","existing-kept","instance","Shared Parameter","3045165","NWB_DimWidth","Double","False","2","2"
"20260801_161107","NWB Dim AutoFill","MECHANICAL DUCTWORK LAYOUT - LEVEL 09","model","selection","skip","Both","skip-other-users","15269527","Duct Fittings","MHT-ME-DF-Rectangular Eccentric Taper - Flanged-01","","LEVEL 09","Standard","400x300-400x225","400","300","","NWB_DimHeight","300","300","300","SKIP","existing-kept","instance","Shared Parameter","7626170","NWB_DimHeight","String","False","2","2"
"20260801_161107","NWB Dim AutoFill","MECHANICAL DUCTWORK LAYOUT - LEVEL 09","model","selection","skip","Both","skip-other-users","15269527","Duct Fittings","MHT-ME-DF-Rectangular Eccentric Taper - Flanged-01","","LEVEL 09","Standard","400x300-400x225","400","300","","NWB_DimHeight","300","300","300","SKIP","existing-kept","instance","Shared Parameter","3045163","NWB_DimHeight","Double","False","2","2"
"20260801_161107","NWB Dim AutoFill","MECHANICAL DUCTWORK LAYOUT - LEVEL 09","model","selection","skip","Both","skip-other-users","15269527","Duct Fittings","MHT-ME-DF-Rectangular Eccentric Taper - Flanged-01","","LEVEL 09","Standard","400x300-400x225","400","300","","NWB_DimDiameter","","","","SKIP","no parsed value","","","","NWB_DimDiameter","","","",""
"20260801_161107","NWB Dim AutoFill","MECHANICAL DUCTWORK LAYOUT - LEVEL 09","model","selection","skip","Both","skip-other-users","15269565","Duct Fittings","MHT_DF_Spigot","","LEVEL 09","Damper","250ø-250ø","","","250","NWB_DimWidth","","","","SKIP","no parsed value","","","","NWB_DimWidth","","","",""
"20260801_161107","NWB Dim AutoFill","MECHANICAL DUCTWORK LAYOUT - LEVEL 09","model","selection","skip","Both","skip-other-users","15269565","Duct Fittings","MHT_DF_Spigot","","LEVEL 09","Damper","250ø-250ø","","","250","NWB_DimHeight","","","","SKIP","no parsed value","","","","NWB_DimHeight","","","",""
"20260801_161107","NWB Dim AutoFill","MECHANICAL DUCTWORK LAYOUT - LEVEL 09","model","selection","skip","Both","skip-other-users","15269565","Duct Fittings","MHT_DF_Spigot","","LEVEL 09","Damper","250ø-250ø","","","250","NWB_DimDiameter","250","250","250","SKIP","existing-kept","instance","Shared Parameter","7626172","NWB_DimDiameter","String","False","1","1"
"20260801_161107","NWB Dim AutoFill","MECHANICAL DUCTWORK LAYOUT - LEVEL 09","model","selection","skip","Both","skip-other-users","15269567","Ducts","Rectangular Duct","","LEVEL 09","Flanged Long Radius Elbows / Shoe Branch","250x200","250","200","","NWB_DimWidth","250","250","250","SKIP","existing-kept","instance","Shared Parameter","7626175","NWB_DimWidth","String","False","1","1"
"20260801_161107","NWB Dim AutoFill","MECHANICAL DUCTWORK LAYOUT - LEVEL 09","model","selection","skip","Both","skip-other-users","15269567","Ducts","Rectangular Duct","","LEVEL 09","Flanged Long Radius Elbows / Shoe Branch","250x200","250","200","","NWB_DimHeight","200","200","200","SKIP","existing-kept","instance","Shared Parameter","7626170","NWB_DimHeight","String","False","1","1"
"20260801_161107","NWB Dim AutoFill","MECHANICAL DUCTWORK LAYOUT - LEVEL 09","model","selection","skip","Both","skip-other-users","15269567","Ducts","Rectangular Duct","","LEVEL 09","Flanged Long Radius Elbows / Shoe Branch","250x200","250","200","","NWB_DimDiameter","","","","SKIP","no parsed value","","","","NWB_DimDiameter","","","",""
"20260801_161107","NWB Dim AutoFill","MECHANICAL DUCTWORK LAYOUT - LEVEL 09","model","selection","skip","Both","skip-other-users","15269568","Duct Fittings","MHT-ME-DF-Rectangular Short Radius Bend - Flanged","","LEVEL 09","MHT-ME-DF-Rectangular Short Radius Bend - Flanged","250x200-250x200","250","200","","NWB_DimWidth","250","250","250","SKIP","existing-kept","instance","Shared Parameter","7626175","NWB_DimWidth","String","False","2","2"
"20260801_161107","NWB Dim AutoFill","MECHANICAL DUCTWORK LAYOUT - LEVEL 09","model","selection","skip","Both","skip-other-users","15269568","Duct Fittings","MHT-ME-DF-Rectangular Short Radius Bend - Flanged","","LEVEL 09","MHT-ME-DF-Rectangular Short Radius Bend - Flanged","250x200-250x200","250","200","","NWB_DimWidth","250","400","400","SKIP","existing-kept","instance","Shared Parameter","3045165","NWB_DimWidth","Double","False","2","2"
"20260801_161107","NWB Dim AutoFill","MECHANICAL DUCTWORK LAYOUT - LEVEL 09","model","selection","skip","Both","skip-other-users","15269568","Duct Fittings","MHT-ME-DF-Rectangular Short Radius Bend - Flanged","","LEVEL 09","MHT-ME-DF-Rectangular Short Radius Bend - Flanged","250x200-250x200","250","200","","NWB_DimHeight","200","200","200","SKIP","existing-kept","instance","Shared Parameter","7626170","NWB_DimHeight","String","False","2","2"
"20260801_161107","NWB Dim AutoFill","MECHANICAL DUCTWORK LAYOUT - LEVEL 09","model","selection","skip","Both","skip-other-users","15269568","Duct Fittings","MHT-ME-DF-Rectangular Short Radius Bend - Flanged","","LEVEL 09","MHT-ME-DF-Rectangular Short Radius Bend - Flanged","250x200-250x200","250","200","","NWB_DimHeight","200","300","300","SKIP","existing-kept","instance","Shared Parameter","3045163","NWB_DimHeight","Double","False","2","2"
"20260801_161107","NWB Dim AutoFill","MECHANICAL DUCTWORK LAYOUT - LEVEL 09","model","selection","skip","Both","skip-other-users","15269568","Duct Fittings","MHT-ME-DF-Rectangular Short Radius Bend - Flanged","","LEVEL 09","MHT-ME-DF-Rectangular Short Radius Bend - Flanged","250x200-250x200","250","200","","NWB_DimDiameter","","","","SKIP","no parsed value","","","","NWB_DimDiameter","","","",""
"20260801_161107","NWB Dim AutoFill","MECHANICAL DUCTWORK LAYOUT - LEVEL 09","model","selection","skip","Both","skip-other-users","15269569","Ducts","Rectangular Duct","","LEVEL 09","Flanged Long Radius Elbows / Shoe Branch","250x200","250","200","","NWB_DimWidth","250","250","250","SKIP","existing-kept","instance","Shared Parameter","7626175","NWB_DimWidth","String","False","1","1"
"20260801_161107","NWB Dim AutoFill","MECHANICAL DUCTWORK LAYOUT - LEVEL 09","model","selection","skip","Both","skip-other-users","15269569","Ducts","Rectangular Duct","","LEVEL 09","Flanged Long Radius Elbows / Shoe Branch","250x200","250","200","","NWB_DimHeight","200","200","200","SKIP","existing-kept","instance","Shared Parameter","7626170","NWB_DimHeight","String","False","1","1"
"20260801_161107","NWB Dim AutoFill","MECHANICAL DUCTWORK LAYOUT - LEVEL 09","model","selection","skip","Both","skip-other-users","15269569","Ducts","Rectangular Duct","","LEVEL 09","Flanged Long Radius Elbows / Shoe Branch","250x200","250","200","","NWB_DimDiameter","","","","SKIP","no parsed value","","","","NWB_DimDiameter","","","",""
"20260801_161107","NWB Dim AutoFill","MECHANICAL DUCTWORK LAYOUT - LEVEL 09","model","selection","skip","Both","skip-other-users","15269570","Duct Fittings","MHT-ME-DF-Rectangular Short Radius Bend - Flanged","","LEVEL 09","MHT-ME-DF-Rectangular Short Radius Bend - Flanged","250x200-250x200","250","200","","NWB_DimWidth","250","250","250","SKIP","existing-kept","instance","Shared Parameter","7626175","NWB_DimWidth","String","False","2","2"
"20260801_161107","NWB Dim AutoFill","MECHANICAL DUCTWORK LAYOUT - LEVEL 09","model","selection","skip","Both","skip-other-users","15269570","Duct Fittings","MHT-ME-DF-Rectangular Short Radius Bend - Flanged","","LEVEL 09","MHT-ME-DF-Rectangular Short Radius Bend - Flanged","250x200-250x200","250","200","","NWB_DimHeight","200","200","200","SKIP","existing-kept","instance","Shared Parameter","7626170","NWB_DimHeight","String","False","2","2"
"20260801_161107","NWB Dim AutoFill","MECHANICAL DUCTWORK LAYOUT - LEVEL 09","model","selection","skip","Both","skip-other-users","15269570","Duct Fittings","MHT-ME-DF-Rectangular Short Radius Bend - Flanged","","LEVEL 09","MHT-ME-DF-Rectangular Short Radius Bend - Flanged","250x200-250x200","250","200","","NWB_DimDiameter","","","","SKIP","no parsed value","","","","NWB_DimDiameter","","","",""
"20260801_161107","NWB Dim AutoFill","MECHANICAL DUCTWORK LAYOUT - LEVEL 09","model","selection","skip","Both","skip-other-users","15269678","Duct Fittings","MHT-ME-DF-BRANCH-TAP-01","","LEVEL 09","Standard","250x200-250x200","250","200","","NWB_DimWidth","250","250","250","SKIP","existing-kept","instance","Shared Parameter","7626175","NWB_DimWidth","String","False","1","1"
"20260801_161107","NWB Dim AutoFill","MECHANICAL DUCTWORK LAYOUT - LEVEL 09","model","selection","skip","Both","skip-other-users","15269678","Duct Fittings","MHT-ME-DF-BRANCH-TAP-01","","LEVEL 09","Standard","250x200-250x200","250","200","","NWB_DimHeight","200","0","0","SKIP","existing-kept","instance","Shared Parameter","7626170","NWB_DimHeight","String","False","1","1"
"20260801_161107","NWB Dim AutoFill","MECHANICAL DUCTWORK LAYOUT - LEVEL 09","model","selection","skip","Both","skip-other-users","15269678","Duct Fittings","MHT-ME-DF-BRANCH-TAP-01","","LEVEL 09","Standard","250x200-250x200","250","200","","NWB_DimDiameter","","","","SKIP","no parsed value","","","","NWB_DimDiameter","","","",""
"20260801_161107","NWB Dim AutoFill","MECHANICAL DUCTWORK LAYOUT - LEVEL 09","model","selection","skip","Both","skip-other-users","15269679","Duct Fittings","MHT-ME-DF-Rectangular Short Radius Bend - Flanged","","LEVEL 09","MHT-ME-DF-Rectangular Short Radius Bend - Flanged","250x200-250x200","250","200","","NWB_DimWidth","250","250","250","SKIP","existing-kept","instance","Shared Parameter","7626175","NWB_DimWidth","String","False","2","2"
"20260801_161107","NWB Dim AutoFill","MECHANICAL DUCTWORK LAYOUT - LEVEL 09","model","selection","skip","Both","skip-other-users","15269679","Duct Fittings","MHT-ME-DF-Rectangular Short Radius Bend - Flanged","","LEVEL 09","MHT-ME-DF-Rectangular Short Radius Bend - Flanged","250x200-250x200","250","200","","NWB_DimWidth","250","250","250","SKIP","existing-kept","instance","Shared Parameter","3045165","NWB_DimWidth","Double","False","2","2"
"20260801_161107","NWB Dim AutoFill","MECHANICAL DUCTWORK LAYOUT - LEVEL 09","model","selection","skip","Both","skip-other-users","15269679","Duct Fittings","MHT-ME-DF-Rectangular Short Radius Bend - Flanged","","LEVEL 09","MHT-ME-DF-Rectangular Short Radius Bend - Flanged","250x200-250x200","250","200","","NWB_DimHeight","200","200","200","SKIP","existing-kept","instance","Shared Parameter","7626170","NWB_DimHeight","String","False","2","2"
"20260801_161107","NWB Dim AutoFill","MECHANICAL DUCTWORK LAYOUT - LEVEL 09","model","selection","skip","Both","skip-other-users","15269679","Duct Fittings","MHT-ME-DF-Rectangular Short Radius Bend - Flanged","","LEVEL 09","MHT-ME-DF-Rectangular Short Radius Bend - Flanged","250x200-250x200","250","200","","NWB_DimHeight","200","200","200","SKIP","existing-kept","instance","Shared Parameter","3045163","NWB_DimHeight","Double","False","2","2"
"20260801_161107","NWB Dim AutoFill","MECHANICAL DUCTWORK LAYOUT - LEVEL 09","model","selection","skip","Both","skip-other-users","15269679","Duct Fittings","MHT-ME-DF-Rectangular Short Radius Bend - Flanged","","LEVEL 09","MHT-ME-DF-Rectangular Short Radius Bend - Flanged","250x200-250x200","250","200","","NWB_DimDiameter","","","","SKIP","no parsed value","","","","NWB_DimDiameter","","","",""
"20260801_161107","NWB Dim AutoFill","MECHANICAL DUCTWORK LAYOUT - LEVEL 09","model","selection","skip","Both","skip-other-users","15269681","Duct Fittings","MHT-ME-DF-Rectangular Short Radius Bend - Flanged","","LEVEL 09","MHT-ME-DF-Rectangular Short Radius Bend - Flanged","200x250-200x250","200","250","","NWB_DimWidth","200","200","200","SKIP","existing-kept","instance","Shared Parameter","7626175","NWB_DimWidth","String","False","2","2"
"20260801_161107","NWB Dim AutoFill","MECHANICAL DUCTWORK LAYOUT - LEVEL 09","model","selection","skip","Both","skip-other-users","15269681","Duct Fittings","MHT-ME-DF-Rectangular Short Radius Bend - Flanged","","LEVEL 09","MHT-ME-DF-Rectangular Short Radius Bend - Flanged","200x250-200x250","200","250","","NWB_DimWidth","200","250","250","SKIP","existing-kept","instance","Shared Parameter","3045165","NWB_DimWidth","Double","False","2","2"
"20260801_161107","NWB Dim AutoFill","MECHANICAL DUCTWORK LAYOUT - LEVEL 09","model","selection","skip","Both","skip-other-users","15269681","Duct Fittings","MHT-ME-DF-Rectangular Short Radius Bend - Flanged","","LEVEL 09","MHT-ME-DF-Rectangular Short Radius Bend - Flanged","200x250-200x250","200","250","","NWB_DimHeight","250","250","250","SKIP","existing-kept","instance","Shared Parameter","7626170","NWB_DimHeight","String","False","2","2"
"20260801_161107","NWB Dim AutoFill","MECHANICAL DUCTWORK LAYOUT - LEVEL 09","model","selection","skip","Both","skip-other-users","15269681","Duct Fittings","MHT-ME-DF-Rectangular Short Radius Bend - Flanged","","LEVEL 09","MHT-ME-DF-Rectangular Short Radius Bend - Flanged","200x250-200x250","200","250","","NWB_DimHeight","250","200","200","SKIP","existing-kept","instance","Shared Parameter","3045163","NWB_DimHeight","Double","False","2","2"
"20260801_161107","NWB Dim AutoFill","MECHANICAL DUCTWORK LAYOUT - LEVEL 09","model","selection","skip","Both","skip-other-users","15269681","Duct Fittings","MHT-ME-DF-Rectangular Short Radius Bend - Flanged","","LEVEL 09","MHT-ME-DF-Rectangular Short Radius Bend - Flanged","200x250-200x250","200","250","","NWB_DimDiameter","","","","SKIP","no parsed value","","","","NWB_DimDiameter","","","",""
"20260801_161107","NWB Dim AutoFill","MECHANICAL DUCTWORK LAYOUT - LEVEL 09","model","selection","skip","Both","skip-other-users","15269683","Ducts","Rectangular Duct","","LEVEL 09","Flanged Long Radius Elbows / Shoe Branch","250x200","250","200","","NWB_DimWidth","250","250","250","SKIP","existing-kept","instance","Shared Parameter","7626175","NWB_DimWidth","String","False","1","1"
"20260801_161107","NWB Dim AutoFill","MECHANICAL DUCTWORK LAYOUT - LEVEL 09","model","selection","skip","Both","skip-other-users","15269683","Ducts","Rectangular Duct","","LEVEL 09","Flanged Long Radius Elbows / Shoe Branch","250x200","250","200","","NWB_DimHeight","200","200","200","SKIP","existing-kept","instance","Shared Parameter","7626170","NWB_DimHeight","String","False","1","1"
"20260801_161107","NWB Dim AutoFill","MECHANICAL DUCTWORK LAYOUT - LEVEL 09","model","selection","skip","Both","skip-other-users","15269683","Ducts","Rectangular Duct","","LEVEL 09","Flanged Long Radius Elbows / Shoe Branch","250x200","250","200","","NWB_DimDiameter","","","","SKIP","no parsed value","","","","NWB_DimDiameter","","","",""
"20260801_161107","NWB Dim AutoFill","MECHANICAL DUCTWORK LAYOUT - LEVEL 09","model","selection","skip","Both","skip-other-users","15269685","Ducts","Rectangular Duct","","LEVEL 09","Flanged Long Radius Elbows / Shoe Branch","250x200","250","200","","NWB_DimWidth","250","250","250","SKIP","existing-kept","instance","Shared Parameter","7626175","NWB_DimWidth","String","False","1","1"
"20260801_161107","NWB Dim AutoFill","MECHANICAL DUCTWORK LAYOUT - LEVEL 09","model","selection","skip","Both","skip-other-users","15269685","Ducts","Rectangular Duct","","LEVEL 09","Flanged Long Radius Elbows / Shoe Branch","250x200","250","200","","NWB_DimHeight","200","200","200","SKIP","existing-kept","instance","Shared Parameter","7626170","NWB_DimHeight","String","False","1","1"
"20260801_161107","NWB Dim AutoFill","MECHANICAL DUCTWORK LAYOUT - LEVEL 09","model","selection","skip","Both","skip-other-users","15269685","Ducts","Rectangular Duct","","LEVEL 09","Flanged Long Radius Elbows / Shoe Branch","250x200","250","200","","NWB_DimDiameter","","","","SKIP","no parsed value","","","","NWB_DimDiameter","","","",""
"20260801_161107","NWB Dim AutoFill","MECHANICAL DUCTWORK LAYOUT - LEVEL 09","model","selection","skip","Both","skip-other-users","15269686","Duct Fittings","MHT-ME-DF-Rectangular Short Radius Bend - Flanged","","LEVEL 09","MHT-ME-DF-Rectangular Short Radius Bend - Flanged","250x200-250x200","250","200","","NWB_DimWidth","250","250","250","SKIP","existing-kept","instance","Shared Parameter","7626175","NWB_DimWidth","String","False","2","2"
"20260801_161107","NWB Dim AutoFill","MECHANICAL DUCTWORK LAYOUT - LEVEL 09","model","selection","skip","Both","skip-other-users","15269686","Duct Fittings","MHT-ME-DF-Rectangular Short Radius Bend - Flanged","","LEVEL 09","MHT-ME-DF-Rectangular Short Radius Bend - Flanged","250x200-250x200","250","200","","NWB_DimWidth","250","250","250","SKIP","existing-kept","instance","Shared Parameter","3045165","NWB_DimWidth","Double","False","2","2"
"20260801_161107","NWB Dim AutoFill","MECHANICAL DUCTWORK LAYOUT - LEVEL 09","model","selection","skip","Both","skip-other-users","15269686","Duct Fittings","MHT-ME-DF-Rectangular Short Radius Bend - Flanged","","LEVEL 09","MHT-ME-DF-Rectangular Short Radius Bend - Flanged","250x200-250x200","250","200","","NWB_DimHeight","200","200","200","SKIP","existing-kept","instance","Shared Parameter","7626170","NWB_DimHeight","String","False","2","2"
"20260801_161107","NWB Dim AutoFill","MECHANICAL DUCTWORK LAYOUT - LEVEL 09","model","selection","skip","Both","skip-other-users","15269686","Duct Fittings","MHT-ME-DF-Rectangular Short Radius Bend - Flanged","","LEVEL 09","MHT-ME-DF-Rectangular Short Radius Bend - Flanged","250x200-250x200","250","200","","NWB_DimHeight","200","200","200","SKIP","existing-kept","instance","Shared Parameter","3045163","NWB_DimHeight","Double","False","2","2"
"20260801_161107","NWB Dim AutoFill","MECHANICAL DUCTWORK LAYOUT - LEVEL 09","model","selection","skip","Both","skip-other-users","15269686","Duct Fittings","MHT-ME-DF-Rectangular Short Radius Bend - Flanged","","LEVEL 09","MHT-ME-DF-Rectangular Short Radius Bend - Flanged","250x200-250x200","250","200","","NWB_DimDiameter","","","","SKIP","no parsed value","","","","NWB_DimDiameter","","","",""
"20260801_161107","NWB Dim AutoFill","MECHANICAL DUCTWORK LAYOUT - LEVEL 09","model","selection","skip","Both","skip-other-users","15269689","Duct Fittings","MHT-ME-DF-Rectangular Short Radius Bend - Flanged","","LEVEL 09","MHT-ME-DF-Rectangular Short Radius Bend - Flanged","250x200-250x200","250","200","","NWB_DimWidth","250","250","250","SKIP","existing-kept","instance","Shared Parameter","7626175","NWB_DimWidth","String","False","2","2"
"20260801_161107","NWB Dim AutoFill","MECHANICAL DUCTWORK LAYOUT - LEVEL 09","model","selection","skip","Both","skip-other-users","15269689","Duct Fittings","MHT-ME-DF-Rectangular Short Radius Bend - Flanged","","LEVEL 09","MHT-ME-DF-Rectangular Short Radius Bend - Flanged","250x200-250x200","250","200","","NWB_DimWidth","250","200","200","SKIP","existing-kept","instance","Shared Parameter","3045165","NWB_DimWidth","Double","False","2","2"
"20260801_161107","NWB Dim AutoFill","MECHANICAL DUCTWORK LAYOUT - LEVEL 09","model","selection","skip","Both","skip-other-users","15269689","Duct Fittings","MHT-ME-DF-Rectangular Short Radius Bend - Flanged","","LEVEL 09","MHT-ME-DF-Rectangular Short Radius Bend - Flanged","250x200-250x200","250","200","","NWB_DimHeight","200","200","200","SKIP","existing-kept","instance","Shared Parameter","7626170","NWB_DimHeight","String","False","2","2"
"20260801_161107","NWB Dim AutoFill","MECHANICAL DUCTWORK LAYOUT - LEVEL 09","model","selection","skip","Both","skip-other-users","15269689","Duct Fittings","MHT-ME-DF-Rectangular Short Radius Bend - Flanged","","LEVEL 09","MHT-ME-DF-Rectangular Short Radius Bend - Flanged","250x200-250x200","250","200","","NWB_DimHeight","200","250","250","SKIP","existing-kept","instance","Shared Parameter","3045163","NWB_DimHeight","Double","False","2","2"
"20260801_161107","NWB Dim AutoFill","MECHANICAL DUCTWORK LAYOUT - LEVEL 09","model","selection","skip","Both","skip-other-users","15269689","Duct Fittings","MHT-ME-DF-Rectangular Short Radius Bend - Flanged","","LEVEL 09","MHT-ME-DF-Rectangular Short Radius Bend - Flanged","250x200-250x200","250","200","","NWB_DimDiameter","","","","SKIP","no parsed value","","","","NWB_DimDiameter","","","",""
"20260801_161107","NWB Dim AutoFill","MECHANICAL DUCTWORK LAYOUT - LEVEL 09","model","selection","skip","Both","skip-other-users","15272860","Air Terminals","MHT-ME-AT - Supply Air Grille","","","MHT-ME-AT - 600x600","0x1","0","1","0","NWB_DimWidth","0","600","600","SKIP","existing-kept","instance","Shared Parameter","7626175","NWB_DimWidth","String","False","1","1"
"20260801_161107","NWB Dim AutoFill","MECHANICAL DUCTWORK LAYOUT - LEVEL 09","model","selection","skip","Both","skip-other-users","15272860","Air Terminals","MHT-ME-AT - Supply Air Grille","","","MHT-ME-AT - 600x600","0x1","0","1","0","NWB_DimHeight","1","600","600","SKIP","existing-kept","instance","Shared Parameter","7626170","NWB_DimHeight","String","False","1","1"
"20260801_161107","NWB Dim AutoFill","MECHANICAL DUCTWORK LAYOUT - LEVEL 09","model","selection","skip","Both","skip-other-users","15272860","Air Terminals","MHT-ME-AT - Supply Air Grille","","","MHT-ME-AT - 600x600","0x1","0","1","0","NWB_DimDiameter","0","0","0","SKIP","existing-kept","instance","Shared Parameter","7626172","NWB_DimDiameter","String","False","1","1"
"20260801_161107","NWB Dim AutoFill","MECHANICAL DUCTWORK LAYOUT - LEVEL 09","model","selection","skip","Both","skip-other-users","15272862","Air Terminals","MHT-ME-AT - Supply Air Grille","","","MHT-ME-AT - 600x600","0x1","0","1","0","NWB_DimWidth","0","600","600","SKIP","existing-kept","instance","Shared Parameter","7626175","NWB_DimWidth","String","False","1","1"
"20260801_161107","NWB Dim AutoFill","MECHANICAL DUCTWORK LAYOUT - LEVEL 09","model","selection","skip","Both","skip-other-users","15272862","Air Terminals","MHT-ME-AT - Supply Air Grille","","","MHT-ME-AT - 600x600","0x1","0","1","0","NWB_DimHeight","1","600","600","SKIP","existing-kept","instance","Shared Parameter","7626170","NWB_DimHeight","String","False","1","1"
"20260801_161107","NWB Dim AutoFill","MECHANICAL DUCTWORK LAYOUT - LEVEL 09","model","selection","skip","Both","skip-other-users","15272862","Air Terminals","MHT-ME-AT - Supply Air Grille","","","MHT-ME-AT - 600x600","0x1","0","1","0","NWB_DimDiameter","0","0","0","SKIP","existing-kept","instance","Shared Parameter","7626172","NWB_DimDiameter","String","False","1","1"
"20260801_161107","NWB Dim AutoFill","MECHANICAL DUCTWORK LAYOUT - LEVEL 09","model","selection","skip","Both","skip-other-users","13053444","Air Terminals","MHT_AT_S Air Diff Swirl","","LEVEL 09","No Damper","600x350","600","350","250","NWB_DimWidth","600","600","600","FAIL","transaction not committed (RolledBack)","instance","Shared Parameter","7626175","NWB_DimWidth","String","False","1","1"
"20260801_161107","NWB Dim AutoFill","MECHANICAL DUCTWORK LAYOUT - LEVEL 09","model","selection","skip","Both","skip-other-users","13053444","Air Terminals","MHT_AT_S Air Diff Swirl","","LEVEL 09","No Damper","600x350","600","350","250","NWB_DimHeight","350","350","350","FAIL","transaction not committed (RolledBack)","instance","Shared Parameter","7626170","NWB_DimHeight","String","False","1","1"
"20260801_161107","NWB Dim AutoFill","MECHANICAL DUCTWORK LAYOUT - LEVEL 09","model","selection","skip","Both","skip-other-users","13053476","Air Terminals","MHT-ME-AT-RELIEF AIR LOUVRE","","LEVEL 09","RELIEF AIR LOUVER","0x500","0","500","0","NWB_DimDiameter","0","0","0","FAIL","transaction not committed (RolledBack)","instance","Shared Parameter","7626172","NWB_DimDiameter","String","False","1","1"
"20260801_161107","NWB Dim AutoFill","MECHANICAL DUCTWORK LAYOUT - LEVEL 09","model","selection","skip","Both","skip-other-users","13054542","Flex Ducts","Flex Duct Round","","LEVEL 09","Flex - Round","250 mmø","","","250","NWB_DimDiameter","250","250","250","FAIL","transaction not committed (RolledBack)","instance","Shared Parameter","7626172","NWB_DimDiameter","String","False","1","1"
"20260801_161107","NWB Dim AutoFill","MECHANICAL DUCTWORK LAYOUT - LEVEL 09","model","selection","skip","Both","skip-other-users","13054927","Air Terminals","MHT_AT_S Air Diff Swirl","","LEVEL 09","No Damper","600x350","600","350","250","NWB_DimWidth","600","600","600","FAIL","transaction not committed (RolledBack)","instance","Shared Parameter","7626175","NWB_DimWidth","String","False","1","1"
"20260801_161107","NWB Dim AutoFill","MECHANICAL DUCTWORK LAYOUT - LEVEL 09","model","selection","skip","Both","skip-other-users","13054927","Air Terminals","MHT_AT_S Air Diff Swirl","","LEVEL 09","No Damper","600x350","600","350","250","NWB_DimHeight","350","350","350","FAIL","transaction not committed (RolledBack)","instance","Shared Parameter","7626170","NWB_DimHeight","String","False","1","1"
"20260801_161107","NWB Dim AutoFill","MECHANICAL DUCTWORK LAYOUT - LEVEL 09","model","selection","skip","Both","skip-other-users","13054955","Flex Ducts","Flex Duct Round","","LEVEL 09","Flex - Round","250 mmø","","","250","NWB_DimDiameter","250","250","250","FAIL","transaction not committed (RolledBack)","instance","Shared Parameter","7626172","NWB_DimDiameter","String","False","1","1"
"20260801_161107","NWB Dim AutoFill","MECHANICAL DUCTWORK LAYOUT - LEVEL 09","model","selection","skip","Both","skip-other-users","13055646","Air Terminals","AIR_LOUVER_N","","LEVEL 09","FRESH AIR LOUVER","0x500","0","500","0","NWB_DimDiameter","0","0","0","FAIL","transaction not committed (RolledBack)","instance","Shared Parameter","7626172","NWB_DimDiameter","String","False","1","1"
"20260801_161107","NWB Dim AutoFill","MECHANICAL DUCTWORK LAYOUT - LEVEL 09","model","selection","skip","Both","skip-other-users","13056753","Air Terminals","MHT_AT_S Air Diff Swirl","","LEVEL 09","No Damper","600x350","600","350","250","NWB_DimWidth","600","600","600","FAIL","transaction not committed (RolledBack)","instance","Shared Parameter","7626175","NWB_DimWidth","String","False","1","1"
"20260801_161107","NWB Dim AutoFill","MECHANICAL DUCTWORK LAYOUT - LEVEL 09","model","selection","skip","Both","skip-other-users","13056753","Air Terminals","MHT_AT_S Air Diff Swirl","","LEVEL 09","No Damper","600x350","600","350","250","NWB_DimHeight","350","350","350","FAIL","transaction not committed (RolledBack)","instance","Shared Parameter","7626170","NWB_DimHeight","String","False","1","1"
"20260801_161107","NWB Dim AutoFill","MECHANICAL DUCTWORK LAYOUT - LEVEL 09","model","selection","skip","Both","skip-other-users","13060677","Flex Ducts","Flex Duct Round","","LEVEL 09","Flex - Round","250 mmø","","","250","NWB_DimDiameter","250","250","250","FAIL","transaction not committed (RolledBack)","instance","Shared Parameter","7626172","NWB_DimDiameter","String","False","1","1"
"20260801_161107","NWB Dim AutoFill","MECHANICAL DUCTWORK LAYOUT - LEVEL 09","model","selection","skip","Both","skip-other-users","13061680","Flex Ducts","Flex Duct Round","","LEVEL 09","Flex - Round","300 mmø","","","300","NWB_DimDiameter","300","300","300","FAIL","transaction not committed (RolledBack)","instance","Shared Parameter","7626172","NWB_DimDiameter","String","False","1","1"
"20260801_161107","NWB Dim AutoFill","MECHANICAL DUCTWORK LAYOUT - LEVEL 09","model","selection","skip","Both","skip-other-users","13064734","Flex Ducts","Flex Duct Round","","LEVEL 09","Flex - Round","200 mmø","","","200","NWB_DimDiameter","200","200","200","FAIL","transaction not committed (RolledBack)","instance","Shared Parameter","7626172","NWB_DimDiameter","String","False","1","1"
"20260801_161107","NWB Dim AutoFill","MECHANICAL DUCTWORK LAYOUT - LEVEL 09","model","selection","skip","Both","skip-other-users","13075924","Air Terminals","MHT_AT_S Air Diff Swirl","","LEVEL 09","No Damper","600x350","600","350","250","NWB_DimWidth","600","600","600","FAIL","transaction not committed (RolledBack)","instance","Shared Parameter","7626175","NWB_DimWidth","String","False","1","1"
"20260801_161107","NWB Dim AutoFill","MECHANICAL DUCTWORK LAYOUT - LEVEL 09","model","selection","skip","Both","skip-other-users","13075924","Air Terminals","MHT_AT_S Air Diff Swirl","","LEVEL 09","No Damper","600x350","600","350","250","NWB_DimHeight","350","350","350","FAIL","transaction not committed (RolledBack)","instance","Shared Parameter","7626170","NWB_DimHeight","String","False","1","1"
"20260801_161107","NWB Dim AutoFill","MECHANICAL DUCTWORK LAYOUT - LEVEL 09","model","selection","skip","Both","skip-other-users","13293512","Air Terminals","MHT-ME-AT - Supply Air Grille","","","MHT-ME-AT - 300x300","0x1","0","1","0","NWB_DimDiameter","0","0","0","FAIL","transaction not committed (RolledBack)","instance","Shared Parameter","7626172","NWB_DimDiameter","String","False","1","1"
"20260801_161107","NWB Dim AutoFill","MECHANICAL DUCTWORK LAYOUT - LEVEL 09","model","selection","skip","Both","skip-other-users","13382595","Air Terminals","MHT-ME-AT - Supply Air Grille","","","MHT-ME-AT - 300x300","0x1","0","1","0","NWB_DimDiameter","0","0","0","FAIL","transaction not committed (RolledBack)","instance","Shared Parameter","7626172","NWB_DimDiameter","String","False","1","1"
"20260801_161107","NWB Dim AutoFill","MECHANICAL DUCTWORK LAYOUT - LEVEL 09","model","selection","skip","Both","skip-other-users","13761176","Air Terminals","MHT_AT_S Air Diff Swirl","","LEVEL 09","No Damper","600x250","600","250","150","NWB_DimWidth","600","600","600","FAIL","transaction not committed (RolledBack)","instance","Shared Parameter","7626175","NWB_DimWidth","String","False","1","1"
"20260801_161107","NWB Dim AutoFill","MECHANICAL DUCTWORK LAYOUT - LEVEL 09","model","selection","skip","Both","skip-other-users","13761176","Air Terminals","MHT_AT_S Air Diff Swirl","","LEVEL 09","No Damper","600x250","600","250","150","NWB_DimHeight","250","250","250","FAIL","transaction not committed (RolledBack)","instance","Shared Parameter","7626170","NWB_DimHeight","String","False","1","1"
"20260801_161107","NWB Dim AutoFill","MECHANICAL DUCTWORK LAYOUT - LEVEL 09","model","selection","skip","Both","skip-other-users","14668084","Air Terminals","MHT_AT_RA ECG cw plenum","","LEVEL 09","Damper","200x200","200","200","200","NWB_DimWidth","200","200","200","FAIL","transaction not committed (RolledBack)","instance","Shared Parameter","7626175","NWB_DimWidth","String","False","1","1"
"20260801_161107","NWB Dim AutoFill","MECHANICAL DUCTWORK LAYOUT - LEVEL 09","model","selection","skip","Both","skip-other-users","14668084","Air Terminals","MHT_AT_RA ECG cw plenum","","LEVEL 09","Damper","200x200","200","200","200","NWB_DimHeight","200","200","200","FAIL","transaction not committed (RolledBack)","instance","Shared Parameter","7626170","NWB_DimHeight","String","False","1","1"
"20260801_161107","NWB Dim AutoFill","MECHANICAL DUCTWORK LAYOUT - LEVEL 09","model","selection","skip","Both","skip-other-users","14670915","Air Terminals","MHT_AT_RA ECG cw plenum","","LEVEL 09","Damper","200x200","200","200","150","NWB_DimWidth","200","200","200","FAIL","transaction not committed (RolledBack)","instance","Shared Parameter","7626175","NWB_DimWidth","String","False","1","1"
"20260801_161107","NWB Dim AutoFill","MECHANICAL DUCTWORK LAYOUT - LEVEL 09","model","selection","skip","Both","skip-other-users","14670915","Air Terminals","MHT_AT_RA ECG cw plenum","","LEVEL 09","Damper","200x200","200","200","150","NWB_DimHeight","200","200","200","FAIL","transaction not committed (RolledBack)","instance","Shared Parameter","7626170","NWB_DimHeight","String","False","1","1"
"20260801_161107","NWB Dim AutoFill","MECHANICAL DUCTWORK LAYOUT - LEVEL 09","model","selection","skip","Both","skip-other-users","14685772","Air Terminals","MHT-ME-AT - Supply Air Grille","","","MHT-ME-AT - 600x600","0x1","0","1","0","NWB_DimDiameter","0","0","0","FAIL","transaction not committed (RolledBack)","instance","Shared Parameter","7626172","NWB_DimDiameter","String","False","1","1"
"20260801_161107","NWB Dim AutoFill","MECHANICAL DUCTWORK LAYOUT - LEVEL 09","model","selection","skip","Both","skip-other-users","14685827","Air Terminals","MHT-ME-AT - Supply Air Grille","","","MHT-ME-AT - 600x600","0x1","0","1","0","NWB_DimDiameter","0","0","0","FAIL","transaction not committed (RolledBack)","instance","Shared Parameter","7626172","NWB_DimDiameter","String","False","1","1"
"20260801_161107","NWB Dim AutoFill","MECHANICAL DUCTWORK LAYOUT - LEVEL 09","model","selection","skip","Both","skip-other-users","14702762","Air Terminals","MHT_AT_RA ECG cw plenum","","LEVEL 09","Damper","200x200","200","200","200","NWB_DimWidth","200","200","200","FAIL","transaction not committed (RolledBack)","instance","Shared Parameter","7626175","NWB_DimWidth","String","False","1","1"
"20260801_161107","NWB Dim AutoFill","MECHANICAL DUCTWORK LAYOUT - LEVEL 09","model","selection","skip","Both","skip-other-users","14702762","Air Terminals","MHT_AT_RA ECG cw plenum","","LEVEL 09","Damper","200x200","200","200","200","NWB_DimHeight","200","200","200","FAIL","transaction not committed (RolledBack)","instance","Shared Parameter","7626170","NWB_DimHeight","String","False","1","1"
"20260801_161107","NWB Dim AutoFill","MECHANICAL DUCTWORK LAYOUT - LEVEL 09","model","selection","skip","Both","skip-other-users","14848126","Flex Ducts","Flex Duct Round","","LEVEL 09","Flex - Round","200 mmø","","","200","NWB_DimDiameter","200","200","200","FAIL","transaction not committed (RolledBack)","instance","Shared Parameter","7626172","NWB_DimDiameter","String","False","1","1"
"20260801_161107","NWB Dim AutoFill","MECHANICAL DUCTWORK LAYOUT - LEVEL 09","model","selection","skip","Both","skip-other-users","14848128","Air Terminals","MHT_AT_RA ECG cw plenum","","LEVEL 09","Damper","200x200","200","200","200","NWB_DimWidth","200","200","200","FAIL","transaction not committed (RolledBack)","instance","Shared Parameter","7626175","NWB_DimWidth","String","False","1","1"
"20260801_161107","NWB Dim AutoFill","MECHANICAL DUCTWORK LAYOUT - LEVEL 09","model","selection","skip","Both","skip-other-users","14848128","Air Terminals","MHT_AT_RA ECG cw plenum","","LEVEL 09","Damper","200x200","200","200","200","NWB_DimHeight","200","200","200","FAIL","transaction not committed (RolledBack)","instance","Shared Parameter","7626170","NWB_DimHeight","String","False","1","1"
"20260801_161107","NWB Dim AutoFill","MECHANICAL DUCTWORK LAYOUT - LEVEL 09","model","selection","skip","Both","skip-other-users","14855362","Flex Ducts","Flex Duct Round","","LEVEL 09","Flex - Round","150 mmø","","","150","NWB_DimDiameter","150","150","150","FAIL","transaction not committed (RolledBack)","instance","Shared Parameter","7626172","NWB_DimDiameter","String","False","1","1"
"20260801_161107","NWB Dim AutoFill","MECHANICAL DUCTWORK LAYOUT - LEVEL 09","model","selection","skip","Both","skip-other-users","14855380","Air Terminals","MHT_AT_S Air Diff Swirl","","LEVEL 09","No Damper","600x400","600","400","300","NWB_DimWidth","600","600","600","FAIL","transaction not committed (RolledBack)","instance","Shared Parameter","7626175","NWB_DimWidth","String","False","1","1"
"20260801_161107","NWB Dim AutoFill","MECHANICAL DUCTWORK LAYOUT - LEVEL 09","model","selection","skip","Both","skip-other-users","14855380","Air Terminals","MHT_AT_S Air Diff Swirl","","LEVEL 09","No Damper","600x400","600","400","300","NWB_DimHeight","400","400","400","FAIL","transaction not committed (RolledBack)","instance","Shared Parameter","7626170","NWB_DimHeight","String","False","1","1"
"20260801_161107","NWB Dim AutoFill","MECHANICAL DUCTWORK LAYOUT - LEVEL 09","model","selection","skip","Both","skip-other-users","14855399","Air Terminals","MHT_AT_RA ECG cw plenum","","LEVEL 09","Damper","600x600","600","600","300","NWB_DimWidth","600","600","600","FAIL","transaction not committed (RolledBack)","instance","Shared Parameter","7626175","NWB_DimWidth","String","False","1","1"
"20260801_161107","NWB Dim AutoFill","MECHANICAL DUCTWORK LAYOUT - LEVEL 09","model","selection","skip","Both","skip-other-users","14855399","Air Terminals","MHT_AT_RA ECG cw plenum","","LEVEL 09","Damper","600x600","600","600","300","NWB_DimHeight","600","600","600","FAIL","transaction not committed (RolledBack)","instance","Shared Parameter","7626170","NWB_DimHeight","String","False","1","1"
"20260801_161107","NWB Dim AutoFill","MECHANICAL DUCTWORK LAYOUT - LEVEL 09","model","selection","skip","Both","skip-other-users","14855418","Flex Ducts","Flex Duct Round","","LEVEL 09","Flex - Round","200 mmø","","","200","NWB_DimDiameter","200","200","200","FAIL","transaction not committed (RolledBack)","instance","Shared Parameter","7626172","NWB_DimDiameter","String","False","1","1"
"20260801_161107","NWB Dim AutoFill","MECHANICAL DUCTWORK LAYOUT - LEVEL 09","model","selection","skip","Both","skip-other-users","14855439","Air Terminals","MHT_AT_S Air Diff Swirl","","LEVEL 09","No Damper","600x350","600","350","250","NWB_DimWidth","600","600","600","FAIL","transaction not committed (RolledBack)","instance","Shared Parameter","7626175","NWB_DimWidth","String","False","1","1"
"20260801_161107","NWB Dim AutoFill","MECHANICAL DUCTWORK LAYOUT - LEVEL 09","model","selection","skip","Both","skip-other-users","14855439","Air Terminals","MHT_AT_S Air Diff Swirl","","LEVEL 09","No Damper","600x350","600","350","250","NWB_DimHeight","350","350","350","FAIL","transaction not committed (RolledBack)","instance","Shared Parameter","7626170","NWB_DimHeight","String","False","1","1"
"20260801_161107","NWB Dim AutoFill","MECHANICAL DUCTWORK LAYOUT - LEVEL 09","model","selection","skip","Both","skip-other-users","14855442","Flex Ducts","Flex Duct Round","","LEVEL 09","Flex - Round","250 mmø","","","250","NWB_DimDiameter","250","250","250","FAIL","transaction not committed (RolledBack)","instance","Shared Parameter","7626172","NWB_DimDiameter","String","False","1","1"
"20260801_161107","NWB Dim AutoFill","MECHANICAL DUCTWORK LAYOUT - LEVEL 09","model","selection","skip","Both","skip-other-users","14855482","Flex Ducts","Flex Duct Round","","LEVEL 09","Flex - Round","300 mmø","","","300","NWB_DimDiameter","300","300","300","FAIL","transaction not committed (RolledBack)","instance","Shared Parameter","7626172","NWB_DimDiameter","String","False","1","1"
"20260801_161107","NWB Dim AutoFill","MECHANICAL DUCTWORK LAYOUT - LEVEL 09","model","selection","skip","Both","skip-other-users","15267728","Air Terminals","MHT_AT_S Air Diff Swirl","","LEVEL 09","No Damper","600x350","600","350","250","NWB_DimWidth","600","600","600","FAIL","transaction not committed (RolledBack)","instance","Shared Parameter","7626175","NWB_DimWidth","String","False","1","1"
"20260801_161107","NWB Dim AutoFill","MECHANICAL DUCTWORK LAYOUT - LEVEL 09","model","selection","skip","Both","skip-other-users","15267728","Air Terminals","MHT_AT_S Air Diff Swirl","","LEVEL 09","No Damper","600x350","600","350","250","NWB_DimHeight","350","350","350","FAIL","transaction not committed (RolledBack)","instance","Shared Parameter","7626170","NWB_DimHeight","String","False","1","1"
"20260801_161107","NWB Dim AutoFill","MECHANICAL DUCTWORK LAYOUT - LEVEL 09","model","selection","skip","Both","skip-other-users","15267740","Flex Ducts","Flex Duct Round","","LEVEL 09","Flex - Round","250 mmø","","","250","NWB_DimDiameter","250","250","250","FAIL","transaction not committed (RolledBack)","instance","Shared Parameter","7626172","NWB_DimDiameter","String","False","1","1"
"20260801_161107","NWB Dim AutoFill","MECHANICAL DUCTWORK LAYOUT - LEVEL 09","model","selection","skip","Both","skip-other-users","15267744","Air Terminals","MHT_AT_S Air Diff Swirl","","LEVEL 09","No Damper","600x350","600","350","250","NWB_DimWidth","600","600","600","FAIL","transaction not committed (RolledBack)","instance","Shared Parameter","7626175","NWB_DimWidth","String","False","1","1"
"20260801_161107","NWB Dim AutoFill","MECHANICAL DUCTWORK LAYOUT - LEVEL 09","model","selection","skip","Both","skip-other-users","15267744","Air Terminals","MHT_AT_S Air Diff Swirl","","LEVEL 09","No Damper","600x350","600","350","250","NWB_DimHeight","350","350","350","FAIL","transaction not committed (RolledBack)","instance","Shared Parameter","7626170","NWB_DimHeight","String","False","1","1"
"20260801_161107","NWB Dim AutoFill","MECHANICAL DUCTWORK LAYOUT - LEVEL 09","model","selection","skip","Both","skip-other-users","15267756","Flex Ducts","Flex Duct Round","","LEVEL 09","Flex - Round","250 mmø","","","250","NWB_DimDiameter","250","250","250","FAIL","transaction not committed (RolledBack)","instance","Shared Parameter","7626172","NWB_DimDiameter","String","False","1","1"
"20260801_161107","NWB Dim AutoFill","MECHANICAL DUCTWORK LAYOUT - LEVEL 09","model","selection","skip","Both","skip-other-users","15267778","Air Terminals","AIR_LOUVER_N","","LEVEL 09","FRESH AIR LOUVER","0x500","0","500","0","NWB_DimDiameter","0","0","0","FAIL","transaction not committed (RolledBack)","instance","Shared Parameter","7626172","NWB_DimDiameter","String","False","1","1"
"20260801_161107","NWB Dim AutoFill","MECHANICAL DUCTWORK LAYOUT - LEVEL 09","model","selection","skip","Both","skip-other-users","15269570","Duct Fittings","MHT-ME-DF-Rectangular Short Radius Bend - Flanged","","LEVEL 09","MHT-ME-DF-Rectangular Short Radius Bend - Flanged","250x200-250x200","250","200","","NWB_DimWidth","250","250","250","FAIL","transaction not committed (RolledBack)","instance","Shared Parameter","3045165","NWB_DimWidth","Double","False","2","2"
"20260801_161107","NWB Dim AutoFill","MECHANICAL DUCTWORK LAYOUT - LEVEL 09","model","selection","skip","Both","skip-other-users","15269570","Duct Fittings","MHT-ME-DF-Rectangular Short Radius Bend - Flanged","","LEVEL 09","MHT-ME-DF-Rectangular Short Radius Bend - Flanged","250x200-250x200","250","200","","NWB_DimHeight","200","200","200","FAIL","transaction not committed (RolledBack)","instance","Shared Parameter","3045163","NWB_DimHeight","Double","False","2","2"
