ExportedAt,LinkInstanceId,LinkInstanceName,LinkDocumentTitle,RoomId,RoomUniqueId,RoomNumber,RoomName,Level,Phase,Department,ResolvedDepartment,ResolvedAreaBuilding,ResolvedBuilding,ResolvedSite,Area,Perimeter,LocationX,LocationY,LocationZ,Actual Lighting Load,Actual Lighting Load per area,Actual Power Load,Actual Power Load per area,Area per Person,Base Lighting Load on,Base Offset,Base Power Load on,Calculated Cooling Load per area,Calculated Heating Load per area,Calculated Supply Airflow per area,Category,Ceiling Finish,CLASSIFICATION,Comments,Computation Height,Design Option,dRofus_room_designvsprog,dRofus_room_FFE_last synched,dRofus_room_finish_ceiling_1,dRofus_room_finish_ceiling_2,dRofus_room_finish_floor_1,dRofus_room_finish_floor_2,dRofus_room_finish_skirting_1,dRofus_room_finish_wall_1,dRofus_room_func_grp,dRofus_room_func_grp_2,dRofus_room_func_no,dRofus_room_id,dRofus_room_last_sync,dRofus_room_name_on_dwg,dRofus_room_program_area,dRofus_room_RLS Doc Status,dRofus_room_rls_reference,drofus_room_rls_reference (digital prototype),dRofus_room_type,Export to IFC,Floor Finish,Groups: Nominated Typical Room: Name,Heat Load Values,IfcGUID,Latent Heat Gain per person,Lighting Load Units,Limit Offset,Name,Number,Number of People,NWB_AssetType,NWB_AssetTypeCode,NWB_Category,NWB_Department,NWB_DimArea,NWB_Discipline,NWB_RoomID,NWB_RoomName,NWB_SubDepartment,NWB_System,NWB_UniclassCode,NWB_UniclassDescription,Occupancy,Occupancy Unit,Phase Id,Plenum Lighting Contribution,Power Load Units,QAQC_Room_Filter_1,RLS alignment,RLS inground services,Room Type Filtering,Sensible Heat Gain per person,SOLAR ACCESS NUMBER,Specified Lighting Load,Specified Lighting Load per area,Specified Power Load,Specified Power Load per area,Total Heat Gain per person,Unbounded Height,Upper Limit,Volume,Workset
2026-08-01 19:58:17,14663265,NWB-ARC-WBH-AR-MOD-0035.rvt : 23 : location Internal,NWB-ARC-WBH-AR-MOD-0035,9842456,321e0786-ba6f-4272-9cd7-92221efcc049-00962f18,ETC.08.101,Lecture Room,LEVEL 08,New Construction,Education & Training Centre,ETC,,,,251.6 m²,85330,147.77231,255.867629,221.456693,0 W,0.00 W/m²,0 W,0.00 W/m²,28.6 m²,By Space Type,0,By Space Type,0.0,0.0,0.0,-2000160,"CEILING: acoustic, drop-in tiles, 600 x 1200",,,0,-1,-0.898039,15.06.2026,CLTI-002,,FLCP-006,,FLSK-009,WLFI-202,Education & Training,,WBH.ETC.04.002,107248,21/07/2026,LECTURE RM,255,,NWB-ARC-WBH-AR-RLS-ETC.04.002,,NS,By Type,FLOOR FINISH: carpet tiles,Typical Room,By Space Type,0o7WU6kcz2SfpNaY8UQkzH,59 W,Power Density,2700,Lecture Room,ETC.08.101,0,Rooms,AROO,Rooms,ETC,255.0049255000018,Architecture,WBH-W-08.101,Lecture Room,04,YES,SL_90_10,Room Spaces,150 people,0,New Construction,20.00%,Power Density,,Yes,0,NS,73 W,0.0,0 W,10.76 W/m²,0 W,13.99 W/m²,132 W,2700,LEVEL 08,0.0,AR Rooms
2026-08-01 19:58:17,14663265,NWB-ARC-WBH-AR-MOD-0035.rvt : 23 : location Internal,NWB-ARC-WBH-AR-MOD-0035,11689144,af03d2d5-b407-4f07-a088-641a0a34cc05-00b25cb8,TRA.07.T01,"Lift Lobby, Services",LEVEL 07,New Construction,Travel,TRA,,,,75.2 m²,40131,267.039042,321.648468,206.692913,0 W,0.00 W/m²,0 W,0.00 W/m²,28.6 m²,By Space Type,0,By Space Type,0.0,0.0,0.0,-2000160,"CEILING: acoustic, drop-in tiles, 600 x 1200",RESTRICTED - ORANGE,,0,-1,0.0,,CLTI-002,,FLVY-007,,FLSK-010,WLFI-001,Horizontal Travel,,WBH.TRA.HT.009,115542,21/07/2026,SERVICES LIFT LOBBY,0.0,,-,,T&E,By Type,"FLOOR FINISH: vinyl, seamless, coved, standard slip resistant",,By Space Type,2l0zBLj0TF1w28P1eAXf2z,59 W,Power Density,2700,"Lift Lobby, Services",TRA.07.T01,0,Rooms,AROO,Rooms,TRA,88.986024999996,Architecture,WBH-W-07.T01,"Lift Lobby, Services",HT,YES,SL_90_10,Room Spaces,,0,New Construction,20.00%,Power Density,,0,0,,73 W,0.0,0 W,10.76 W/m²,0 W,13.99 W/m²,132 W,2700,LEVEL 07,0.0,AR Rooms
2026-08-01 19:58:17,14663265,NWB-ARC-WBH-AR-MOD-0035.rvt : 23 : location Internal,NWB-ARC-WBH-AR-MOD-0035,11689158,af03d2d5-b407-4f07-a088-641a0a34cc05-00b25cc6,RIC.07.313,Research & Innovation Centre (Cold Shell),LEVEL 07,New Construction,Research & Innovation Centre (Cold Shell),RIC,,,,891.3 m²,282304,212.373688,264.032819,206.692913,0 W,0.00 W/m²,0 W,0.00 W/m²,28.6 m²,By Space Type,0,By Space Type,0.0,0.0,0.0,-2000160,,,,0,-1,0.0,,,,,,,,Laboratories,,WBH.RIC.01.012,117706,21/07/2026,RESEARCH & INNOVATION COLD SHELL,0.0,,,,,By Type,,,By Space Type,2l0zBLj0TF1w28P1eAXf33,59 W,Power Density,2700,Research & Innovation Centre (Cold Shell),RIC.07.313,0,Rooms,AROO,Rooms,RIC,1012.8691512198047,Architecture,WBH-W-07.313,Research & Innovation Centre (Cold Shell),01,YES,SL_90_10,Room Spaces,,0,New Construction,20.00%,Power Density,,0,0,,73 W,0.0,0 W,10.76 W/m²,0 W,13.99 W/m²,132 W,2700,LEVEL 07,0.0,AR Rooms
2026-08-01 19:58:17,14663265,NWB-ARC-WBH-AR-MOD-0035.rvt : 23 : location Internal,NWB-ARC-WBH-AR-MOD-0035,13755985,91f012c7-4413-463e-ad6f-70d92951a8b6-00d14f1e,ETC.08.103,"Simulation Room 1, LBS",LEVEL 08,New Construction,Education & Training Centre,ETC,,,,60.4 m²,33635,391.194226,444.431441,221.456693,0 W,0.00 W/m²,0 W,0.00 W/m²,28.6 m²,By Space Type,0,By Space Type,0.0,0.0,0.0,-2000160,"CEILING: plasterboard, flush set, suspended, paint, washable",,,0,-1,0.65,15.06.2026,CLFS-006,,FLVY-007,,FLSK-010,WLFI-001,Education & Training,Simulation Suite,WBH.ETC.04.005,107251,21/07/2026,SIM RM 1,60,,NWB-ARC-WBH-AR-RLS-ETC.04.005,,NS,By Type,"FLOOR FINISH: vinyl, seamless, coved, standard slip resistant",Typical Room,By Space Type,2Hy1B7H1D6FgrlSDafWEUe,59 W,Power Density,2700,"Simulation Room 1, LBS",ETC.08.103,0,Rooms,AROO,Rooms,ETC,60.815604000002146,Architecture,WBH-W-08.103,"Simulation Room 1, LBS",04,YES,SL_90_10,Room Spaces,,0,New Construction,20.00%,Power Density,,Yes,0,NS,73 W,0.0,0 W,10.76 W/m²,0 W,13.99 W/m²,132 W,2700,LEVEL 08,0.0,AR Rooms
2026-08-01 19:58:17,14663265,NWB-ARC-WBH-AR-MOD-0035.rvt : 23 : location Internal,NWB-ARC-WBH-AR-MOD-0035,13755987,91f012c7-4413-463e-ad6f-70d92951a8b6-00d14f8c,ETC.08.122,"Seminar Room, 30-person",LEVEL 08,New Construction,Education & Training Centre,ETC,,,,57.8 m²,32975,334.106791,396.717366,221.456693,0 W,0.00 W/m²,0 W,0.00 W/m²,28.6 m²,By Space Type,0,By Space Type,0.0,0.0,0.0,-2000160,"CEILING: acoustic, drop-in tiles, 600 x 1200",,,0,-1,-3.666667,15.06.2026,CLTI-002,,FLCP-006,,FLSK-009,WLFI-202,Education & Training,,WBH.ETC.04.032,112337,21/07/2026,SEMINAR 30P,60,,NWB-ARC-WBH-AR-RLS-ETC.04.032,,DR,By Type,FLOOR FINISH: carpet tiles,Refer to Typical Room,By Space Type,2Hy1B7H1D6FgrlSDafWESw,59 W,Power Density,2700,"Seminar Room, 30-person",ETC.08.122,0,Rooms,AROO,Rooms,ETC,54.944049000000504,Architecture,WBH-W-08.122,"Seminar Room, 30-person",04,YES,SL_90_10,Room Spaces,Up to 45 seated,0,New Construction,20.00%,Power Density,,No,0,DR,73 W,0.0,0 W,10.76 W/m²,0 W,13.99 W/m²,132 W,2700,LEVEL 08,0.0,AR Rooms
2026-08-01 19:58:17,14663265,NWB-ARC-WBH-AR-MOD-0035.rvt : 23 : location Internal,NWB-ARC-WBH-AR-MOD-0035,13756006,91f012c7-4413-463e-ad6f-70d92951a8b6-00d15971,ETC.08.058,"Toilet, Accessible, 6m2",LEVEL 08,New Construction,Education & Training Centre,ETC,,,,6.0 m²,9900,276.469816,405.611723,221.456693,0 W,0.00 W/m²,0 W,0.00 W/m²,28.6 m²,By Space Type,0,By Space Type,0.0,0.0,0.0,-2000160,,,,0,-1,0.333333,15.06.2026,,,FLTI-502,,FLSK-004,WLFI-001,Shared Staff Amenities,,WBH.ETC.02.022,107206,21/07/2026,WCAC,6,,Refer to AusHFG WCAC,,SC,By Type,"FLOOR FINISH: tiles, standard slip resistance",,By Space Type,2Hy1B7H1D6FgrlSDafWF77,59 W,Power Density,2700,"Toilet, Accessible, 6m2",ETC.08.058,0,Rooms,AROO,Rooms,ETC,6.074424000000108,Architecture,WBH-W-08.058,"Toilet, Accessible, 6m2",02,YES,SL_90_10,Room Spaces,1,0,New Construction,20.00%,Power Density,,No,0,SC,73 W,0.0,0 W,10.76 W/m²,0 W,13.99 W/m²,132 W,2700,LEVEL 08,0.0,AR Rooms
2026-08-01 19:58:17,14663265,NWB-ARC-WBH-AR-MOD-0035.rvt : 23 : location Internal,NWB-ARC-WBH-AR-MOD-0035,13756008,91f012c7-4413-463e-ad6f-70d92951a8b6-00d15abc,ETC.08.057,"Toilet, Accessible, 6m2",LEVEL 08,New Construction,Education & Training Centre,ETC,,,,6.0 m²,9926,257.650919,405.611723,221.456693,0 W,0.00 W/m²,0 W,0.00 W/m²,28.6 m²,By Space Type,0,By Space Type,0.0,0.0,0.0,-2000160,,,,0,-1,0.833333,15.06.2026,,,FLTI-502,,FLSK-004,WLFI-001,Shared Staff Amenities,,WBH.ETC.02.021,107205,21/07/2026,WCAC,6,,Refer to AusHFG WCAC,,SC,By Type,"FLOOR FINISH: tiles, standard slip resistance",,By Space Type,2Hy1B7H1D6FgrlSDafWF8A,59 W,Power Density,2700,"Toilet, Accessible, 6m2",ETC.08.057,0,Rooms,AROO,Rooms,ETC,6.074424000000324,Architecture,WBH-W-08.057,"Toilet, Accessible, 6m2",02,YES,SL_90_10,Room Spaces,1,0,New Construction,20.00%,Power Density,,No,0,SC,73 W,0.0,0 W,10.76 W/m²,0 W,13.99 W/m²,132 W,2700,LEVEL 08,0.0,AR Rooms
2026-08-01 19:58:17,14663265,NWB-ARC-WBH-AR-MOD-0035.rvt : 23 : location Internal,NWB-ARC-WBH-AR-MOD-0035,13756023,91f012c7-4413-463e-ad6f-70d92951a8b6-00d15e2d,ETC.08.184,"Toilets, Female",LEVEL 08,New Construction,Education & Training Centre,ETC,,,,34.2 m²,28112,252.040682,401.109591,221.456693,0 W,0.00 W/m²,0 W,0.00 W/m²,28.6 m²,By Space Type,0,By Space Type,0.0,0.0,0.0,-2000160,,,,0,-1,0,15.06.2026,,,FLTI-502,,FLSK-004,WLFI-001,Shared Staff Amenities,,WBH.ETC.02.064,116555,21/07/2026,WC-FEMALE,0,,NWB-ARC-WBH-AR-RLS-ETC.02.064,,DR,By Type,"FLOOR FINISH: tiles, standard slip resistance",,By Space Type,2Hy1B7H1D6FgrlSDafWFQR,59 W,Power Density,2700,"Toilets, Female",ETC.08.184,0,Rooms,AROO,Rooms,ETC,36.35009000000115,Architecture,WBH-W-08.184,"Toilets, Female",02,YES,SL_90_10,Room Spaces,1,0,New Construction,20.00%,Power Density,,Yes,0,DR,73 W,0.0,0 W,10.76 W/m²,0 W,13.99 W/m²,132 W,2700,LEVEL 08,0.0,AR Rooms
2026-08-01 19:58:17,14663265,NWB-ARC-WBH-AR-MOD-0035.rvt : 23 : location Internal,NWB-ARC-WBH-AR-MOD-0035,13840275,bac2965f-a347-46b0-b453-30c5ec8ae4e6-00d1e7fc,ETC.08.105,Control Room,LEVEL 08,New Construction,Education & Training Centre,ETC,,,,14.9 m²,15819,398.51378,426.548403,221.456693,0 W,0.00 W/m²,0 W,0.00 W/m²,28.6 m²,By Space Type,0,By Space Type,0.0,0.0,0.0,-2000160,,,,0,-1,6.571429,15.06.2026,,,FLVY-007,,FLSK-010,WLFI-001,Education & Training,Simulation Suite,WBH.ETC.04.007,107253,21/07/2026,CONTROL RM,14,,NWB-ARC-WBH-AR-RLS-ETC.04.007,,NS,By Type,"FLOOR FINISH: vinyl, seamless, coved, standard slip resistant",Typical Room,By Space Type,2wmfPVeqT6iBHJCCNiMmCQ,59 W,Power Density,2700,Control Room,ETC.08.105,0,Rooms,AROO,Rooms,ETC,14.859962250000015,Architecture,WBH-W-08.105,Control Room,04,YES,SL_90_10,Room Spaces,,0,New Construction,20.00%,Power Density,D40_Done,Yes,0,NS,73 W,0.0,0 W,10.76 W/m²,0 W,13.99 W/m²,132 W,2700,LEVEL 08,0.0,AR Rooms
2026-08-01 19:58:17,14663265,NWB-ARC-WBH-AR-MOD-0035.rvt : 23 : location Internal,NWB-ARC-WBH-AR-MOD-0035,13840277,bac2965f-a347-46b0-b453-30c5ec8ae4e6-00d1e7ff,ETC.08.106,Control Room,LEVEL 08,New Construction,Education & Training Centre,ETC,,,,14.9 m²,15819,398.841864,415.87419,221.456693,0 W,0.00 W/m²,0 W,0.00 W/m²,28.6 m²,By Space Type,0,By Space Type,0.0,0.0,0.0,-2000160,,,,0,-1,6.571429,15.06.2026,,,FLVY-007,,FLSK-010,WLFI-001,Education & Training,Simulation Suite,WBH.ETC.04.008,107254,21/07/2026,CONTROL RM,14,,NWB-ARC-WBH-AR-RLS-ETC.04.008,,NS,By Type,"FLOOR FINISH: vinyl, seamless, coved, standard slip resistant",Refer to Typical Room,By Space Type,2wmfPVeqT6iBHJCCNiMmCP,59 W,Power Density,2700,Control Room,ETC.08.106,0,Rooms,AROO,Rooms,ETC,14.859962250000079,Architecture,WBH-W-08.106,Control Room,04,YES,SL_90_10,Room Spaces,,0,New Construction,20.00%,Power Density,D40_Done,No,0,NS,73 W,0.0,0 W,10.76 W/m²,0 W,13.99 W/m²,132 W,2700,LEVEL 08,0.0,AR Rooms
2026-08-01 19:58:17,14663265,NWB-ARC-WBH-AR-MOD-0035.rvt : 23 : location Internal,NWB-ARC-WBH-AR-MOD-0035,13840279,bac2965f-a347-46b0-b453-30c5ec8ae4e6-00d1e802,ETC.08.104,"Simulation Room 2, Multipurpose",LEVEL 08,New Construction,Education & Training Centre,ETC,,,,59.1 m²,32090,392.449147,398.02314,221.456693,0 W,0.00 W/m²,0 W,0.00 W/m²,28.6 m²,By Space Type,0,By Space Type,0.0,0.0,0.0,-2000160,"CEILING: plasterboard, flush set, suspended, paint, washable",,,0,-1,-1.416667,15.06.2026,CLFS-006,,FLVY-007,,FLSK-010,WLFI-001,Education & Training,Simulation Suite,WBH.ETC.04.006,107252,21/07/2026,SIM RM 2,60,,NWB-ARC-WBH-AR-RLS-ETC.04.006,,NS,By Type,"FLOOR FINISH: vinyl, seamless, coved, standard slip resistant",Typical Room,By Space Type,2wmfPVeqT6iBHJCCNiMmpa,59 W,Power Density,2700,"Simulation Room 2, Multipurpose",ETC.08.104,0,Rooms,AROO,Rooms,ETC,60.81560400000132,Architecture,WBH-W-08.104,"Simulation Room 2, Multipurpose",04,YES,SL_90_10,Room Spaces,,0,New Construction,20.00%,Power Density,,Yes,0,NS,73 W,0.0,0 W,10.76 W/m²,0 W,13.99 W/m²,132 W,2700,LEVEL 08,0.0,AR Rooms
2026-08-01 19:58:17,14663265,NWB-ARC-WBH-AR-MOD-0035.rvt : 23 : location Internal,NWB-ARC-WBH-AR-MOD-0035,13840283,bac2965f-a347-46b0-b453-30c5ec8ae4e6-00d1e829,ETC.08.107,Tutorial Room 2,LEVEL 08,New Construction,Education & Training Centre,ETC,,,,39.2 m²,25771,368.795932,396.738692,221.456693,0 W,0.00 W/m²,0 W,0.00 W/m²,28.6 m²,By Space Type,0,By Space Type,0.0,0.0,0.0,-2000160,"CEILING: acoustic, drop-in tiles, 600 x 1200",,,0,-1,-1.95,15.06.2026,CLTI-002,,FLCP-006,,FLSK-009,WLFI-202,Education & Training,Simulation Suite,WBH.ETC.04.010,107256,21/07/2026,TUTORIAL RM,40,,NWB-ARC-WBH-AR-RLS-DR-MEET.1-40-ETC,,DR,By Type,FLOOR FINISH: carpet tiles,Typical Room,By Space Type,2wmfPVeqT6iBHJCCNiMmpF,59 W,Power Density,2700,Tutorial Room 2,ETC.08.107,0,Rooms,AROO,Rooms,ETC,40.88290500000003,Architecture,WBH-W-08.107,Tutorial Room 2,04,YES,SL_90_10,Room Spaces,Up to 45 seated,0,New Construction,20.00%,Power Density,,No,0,DR,73 W,0.0,0 W,10.76 W/m²,0 W,13.99 W/m²,132 W,2700,LEVEL 08,0.0,AR Rooms
2026-08-01 19:58:17,14663265,NWB-ARC-WBH-AR-MOD-0035.rvt : 23 : location Internal,NWB-ARC-WBH-AR-MOD-0035,13840295,bac2965f-a347-46b0-b453-30c5ec8ae4e6-00d1eff1,ETC.08.115,Tutorial Room 1,LEVEL 08,New Construction,Education & Training Centre,ETC,,,,40.3 m²,25919,367.861713,445.726552,221.456693,0 W,0.00 W/m²,0 W,0.00 W/m²,28.6 m²,By Space Type,0,By Space Type,0.0,0.0,0.0,-2000160,"CEILING: acoustic, drop-in tiles, 600 x 1200",,,0,-1,0.775,15.06.2026,CLTI-002,,FLCP-006,,FLSK-009,WLFI-202,Education & Training,Simulation Suite,WBH.ETC.04.025,112330,21/07/2026,TUTORIAL RM,40,,NWB-ARC-WBH-AR-RLS-ETC.04.025,,DR,By Type,FLOOR FINISH: carpet tiles,Typical Room,By Space Type,2wmfPVeqT6iBHJCCNiMmiN,59 W,Power Density,2700,Tutorial Room 1,ETC.08.115,0,Rooms,AROO,Rooms,ETC,43.24025274798366,Architecture,WBH-W-08.115,Tutorial Room 1,04,YES,SL_90_10,Room Spaces,Up to 45 seated,0,New Construction,20.00%,Power Density,,Yes,0,DR,73 W,0.0,0 W,10.76 W/m²,0 W,13.99 W/m²,132 W,2700,LEVEL 08,0.0,AR Rooms
2026-08-01 19:58:17,14663265,NWB-ARC-WBH-AR-MOD-0035.rvt : 23 : location Internal,NWB-ARC-WBH-AR-MOD-0035,13840297,bac2965f-a347-46b0-b453-30c5ec8ae4e6-00d1eff4,ETC.08.114,Virtual Reality Training (Simulation ) Room,LEVEL 08,New Construction,Education & Training Centre,ETC,,,,30.9 m²,22732,312.454888,396.738692,221.456693,0 W,0.00 W/m²,0 W,0.00 W/m²,28.6 m²,By Space Type,0,By Space Type,0.0,0.0,0.0,-2000160,"CEILING: acoustic, drop-in tiles, 600 x 1200",,,0,-1,2.9,15.06.2026,CLTI-002,,FLCP-006,,FLSK-009,WLFI-202,Education & Training,Simulation Suite,WBH.ETC.04.024,112329,21/07/2026,VR TRAIN,30,,NWB-ARC-WBH-AR-RLS-ETC.04.024,,NS,By Type,FLOOR FINISH: carpet tiles,Typical Room,By Space Type,2wmfPVeqT6iBHJCCNiMmiI,59 W,Power Density,2700,Virtual Reality Training (Simulation ) Room,ETC.08.114,0,Rooms,AROO,Rooms,ETC,34.89598624999992,Architecture,WBH-W-08.114,Virtual Reality Training (Simulation ) Room,04,YES,SL_90_10,Room Spaces,8 Staff,0,New Construction,20.00%,Power Density,,Yes,0,NS,73 W,0.0,0 W,10.76 W/m²,0 W,13.99 W/m²,132 W,2700,LEVEL 08,0.0,AR Rooms
2026-08-01 19:58:17,14663265,NWB-ARC-WBH-AR-MOD-0035.rvt : 23 : location Internal,NWB-ARC-WBH-AR-MOD-0035,13840330,bac2965f-a347-46b0-b453-30c5ec8ae4e6-00d1f9c7,ETC.08.109,"Store - Equipment, 20m2",LEVEL 08,New Construction,Education & Training Centre,ETC,,,,19.6 m²,20603,287.290026,421.550043,221.456693,0 W,0.00 W/m²,0 W,0.00 W/m²,28.6 m²,By Space Type,0,By Space Type,0.0,0.0,0.0,-2000160,"CEILING: plasterboard, drop-in tiles, prefinished, 600 x 1200",,,0,-1,0.65,15.06.2026,CLTI-008,,FLVY-007,,FLSK-010,WLFI-001,Education & Training,,WBH.ETC.04.013,107259,21/07/2026,STEQ-20,20,,NWB-ARC-WBH-AR-RLS-ETC.04.013,,DR,By Type,"FLOOR FINISH: vinyl, seamless, coved, standard slip resistant",Refer to Typical Room,By Space Type,2wmfPVeqT6iBHJCCNiMnqX,59 W,Power Density,2700,"Store - Equipment, 20m2",ETC.08.109,0,Rooms,AROO,Rooms,ETC,22.312388500000132,Architecture,WBH-W-08.109,"Store - Equipment, 20m2",04,YES,SL_90_10,Room Spaces,"1-2 staff, intermittently",0,New Construction,20.00%,Power Density,,Yes,0,DR,73 W,0.0,0 W,10.76 W/m²,0 W,13.99 W/m²,132 W,2700,LEVEL 08,0.0,AR Rooms
2026-08-01 19:58:17,14663265,NWB-ARC-WBH-AR-MOD-0035.rvt : 23 : location Internal,NWB-ARC-WBH-AR-MOD-0035,13840362,bac2965f-a347-46b0-b453-30c5ec8ae4e6-00d202b8,ETC.08.112,Store - General,LEVEL 08,New Construction,Education & Training Centre,ETC,,,,9.6 m²,15358,319.057579,421.221959,221.456693,0 W,0.00 W/m²,0 W,0.00 W/m²,28.6 m²,By Space Type,0,By Space Type,0.0,0.0,0.0,-2000160,"CEILING: plasterboard, drop-in tiles, prefinished, 600 x 1200",,,0,-1,6.333333,15.06.2026,CLTI-008,,FLVY-007,,FLSK-010,WLFI-001,Education & Training,,WBH.ETC.04.022,107268,21/07/2026,STGN,9,,NWB-ARC-WBH-AR-RLS-ETC.04.022,,SC,By Type,"FLOOR FINISH: vinyl, seamless, coved, standard slip resistant",,By Space Type,2wmfPVeqT6iBHJCCNiMEPU,59 W,Power Density,2700,Store - General,ETC.08.112,0,Rooms,AROO,Rooms,ETC,9.908104499999554,Architecture,WBH-W-08.112,Store - General,04,YES,SL_90_10,Room Spaces,"1-2 staff, intermittently",0,New Construction,20.00%,Power Density,,Yes,0,SC,73 W,0.0,0 W,10.76 W/m²,0 W,13.99 W/m²,132 W,2700,LEVEL 08,0.0,AR Rooms
2026-08-01 19:58:17,14663265,NWB-ARC-WBH-AR-MOD-0035.rvt : 23 : location Internal,NWB-ARC-WBH-AR-MOD-0035,13856601,119581d8-74ee-4f62-8e75-f130a6903b0e-00d36f59,ETC.08.056,Staff Counselling Room,LEVEL 08,New Construction,Education & Training Centre,ETC,,,,7.2 m²,10760,211.599741,373.486675,221.456693,0 W,0.00 W/m²,0 W,0.00 W/m²,28.6 m²,By Space Type,0,By Space Type,0.0,0.0,0.0,-2000160,"CEILING: acoustic, drop-in tiles, 600 x 1200",,,0,-1,20,15.06.2026,CLTI-002,,FLCP-006,,FLSK-009,WLFI-001,Shared Staff Amenities,,WBH.ETC.02.020,107204,21/07/2026,COUNSEL-6,6,,NWB-ARC-WBH-AR-RLS-NS-STF-COUNSEL-6-ETC,,NS,By Type,FLOOR FINISH: carpet tiles,Refer to Typical Room,By Space Type,0HbO7OTEvFOevryJ2cGrHN,59 W,Power Density,2700,Staff Counselling Room,ETC.08.056,0,Rooms,AROO,Rooms,ETC,8.555039999999886,Architecture,WBH-W-08.056,Staff Counselling Room,02,YES,SL_90_10,Room Spaces,,0,New Construction,20.00%,Power Density,D40_Done,No,0,NS,73 W,0.0,0 W,10.76 W/m²,0 W,13.99 W/m²,132 W,2700,LEVEL 08,0.0,AR Rooms
2026-08-01 19:58:17,14663265,NWB-ARC-WBH-AR-MOD-0035.rvt : 23 : location Internal,NWB-ARC-WBH-AR-MOD-0035,13856604,119581d8-74ee-4f62-8e75-f130a6903b0e-00d36f5c,ETC.08.055,Staff Counselling Room,LEVEL 08,New Construction,Education & Training Centre,ETC,,,,7.2 m²,10758,213.311604,381.256167,221.456693,0 W,0.00 W/m²,0 W,0.00 W/m²,28.6 m²,By Space Type,0,By Space Type,0.0,0.0,0.0,-2000160,"CEILING: acoustic, drop-in tiles, 600 x 1200",,,0,-1,19.666667,15.06.2026,CLTI-002,,FLCP-006,,FLSK-009,WLFI-001,Shared Staff Amenities,,WBH.ETC.02.019,107203,21/07/2026,COUNSEL-6,6,,NWB-ARC-WBH-AR-RLS-ETC.02.019,,NS,By Type,FLOOR FINISH: carpet tiles,Typical Room,By Space Type,0HbO7OTEvFOevryJ2cGrHI,59 W,Power Density,2700,Staff Counselling Room,ETC.08.055,0,Rooms,AROO,Rooms,ETC,8.55784050000205,Architecture,WBH-W-08.055,Staff Counselling Room,02,YES,SL_90_10,Room Spaces,,0,New Construction,20.00%,Power Density,D40_Done,Yes,0,NS,73 W,0.0,0 W,10.76 W/m²,0 W,13.99 W/m²,132 W,2700,LEVEL 08,0.0,AR Rooms
2026-08-01 19:58:17,14663265,NWB-ARC-WBH-AR-MOD-0035.rvt : 23 : location Internal,NWB-ARC-WBH-AR-MOD-0035,13930030,b71fe4e7-7607-4741-bd06-36fd4f71634f-00d3a76f,ETC.08.060,"Toilet, Accessible, 6m2",LEVEL 08,New Construction,Education & Training Centre,ETC,,,,6.3 m²,10084,263.98622,268.376651,221.456693,0 W,0.00 W/m²,0 W,0.00 W/m²,28.6 m²,By Space Type,0,By Space Type,0.0,0.0,0.0,-2000160,,,,0,-1,4.666667,15.06.2026,,,FLTI-502,,FLSK-004,WLFI-001,Shared Staff Amenities,,WBH.ETC.02.024,107208,21/07/2026,WCAC,6,,NWB-ARC-WBH-AR-RLS-ETC.02.024,,SC,By Type,"FLOOR FINISH: tiles, standard slip resistance",,By Space Type,2t7_JdTWT7GRq6DlrFeiGW,59 W,Power Density,2700,"Toilet, Accessible, 6m2",ETC.08.060,0,Rooms,AROO,Rooms,ETC,6.439999999999651,Architecture,WBH-W-08.060,"Toilet, Accessible, 6m2",02,YES,SL_90_10,Room Spaces,1,0,New Construction,20.00%,Power Density,,Yes,0,SC,73 W,0.0,0 W,10.76 W/m²,0 W,13.99 W/m²,132 W,2700,LEVEL 08,0.0,AR Rooms
2026-08-01 19:58:17,14663265,NWB-ARC-WBH-AR-MOD-0035.rvt : 23 : location Internal,NWB-ARC-WBH-AR-MOD-0035,13930034,b71fe4e7-7607-4741-bd06-36fd4f71634f-00d3a817,ETC.08.102,"Store, Furniture, 25m2",LEVEL 08,New Construction,Education & Training Centre,ETC,,,,24.8 m²,22449,256.83481,255.657655,221.456693,0 W,0.00 W/m²,0 W,0.00 W/m²,28.6 m²,By Space Type,0,By Space Type,0.0,0.0,0.0,-2000160,"CEILING: plasterboard, drop-in tiles, prefinished, 600 x 1200",,,0,-1,-0.76,15.06.2026,CLTI-008,,FLVY-007,,FLSK-010,WLFI-001,Education & Training,,WBH.ETC.04.004,107250,21/07/2026,FURNITURE STORE,25,,NWB-ARC-WBH-AR-RLS-ETC.04.004,,DR,By Type,FLOOR FINISH: carpet tiles,Typical Room,By Space Type,2t7_JdTWT7GRq6DlrFeijO,59 W,Power Density,2700,"Store, Furniture, 25m2",ETC.08.102,0,Rooms,AROO,Rooms,ETC,20.908735385896566,Architecture,WBH-W-08.102,"Store, Furniture, 25m2",04,YES,SL_90_10,Room Spaces,"1-2 staff, intermittently",0,New Construction,20.00%,Power Density,,Yes,0,DR,73 W,0.0,0 W,10.76 W/m²,0 W,13.99 W/m²,132 W,2700,LEVEL 08,0.0,AR Rooms
2026-08-01 19:58:17,14663265,NWB-ARC-WBH-AR-MOD-0035.rvt : 23 : location Internal,NWB-ARC-WBH-AR-MOD-0035,13949091,98ad9b9c-a01d-47ba-9eb7-be54bb697b1b-00d49199,ETC.08.183,"Toilets, Male",LEVEL 08,New Construction,Education & Training Centre,ETC,,,,20.8 m²,21052,249.158322,268.208508,221.456693,0 W,0.00 W/m²,0 W,0.00 W/m²,28.6 m²,By Space Type,0,By Space Type,0.0,0.0,0.0,-2000160,,,,0,-1,0,15.06.2026,,,FLTI-502,,FLSK-004,WLFI-001,Shared Staff Amenities,,WBH.ETC.02.067,116653,21/07/2026,WC-MALE,0,,NWB-ARC-WBH-AR-RLS-ETC.02.067,,DR,By Type,"FLOOR FINISH: tiles, standard slip resistance",,By Space Type,2OhPkSe1r7kfwtlbIxlUg2,59 W,Power Density,2700,"Toilets, Male",ETC.08.183,0,Rooms,AROO,Rooms,ETC,30.027269717290135,Architecture,WBH-W-08.183,"Toilets, Male",02,YES,SL_90_10,Room Spaces,1,0,New Construction,20.00%,Power Density,,Yes,0,DR,73 W,0.0,0 W,10.76 W/m²,0 W,13.99 W/m²,132 W,2700,LEVEL 08,0.0,AR Rooms
2026-08-01 19:58:17,14663265,NWB-ARC-WBH-AR-MOD-0035.rvt : 23 : location Internal,NWB-ARC-WBH-AR-MOD-0035,13949093,98ad9b9c-a01d-47ba-9eb7-be54bb697b1b-00d4919c,ETC.08.187,"Toilets, Female",LEVEL 08,New Construction,Education & Training Centre,ETC,,,,26.0 m²,26874,289.099099,268.309394,221.456693,0 W,0.00 W/m²,0 W,0.00 W/m²,28.6 m²,By Space Type,0,By Space Type,0.0,0.0,0.0,-2000160,,,,0,-1,0,15.06.2026,,,FLTI-502,,FLSK-004,WLFI-001,Shared Staff Amenities,,WBH.ETC.02.066,116652,21/07/2026,WC-FEMALE,0,,NWB-ARC-WBH-AR-RLS-ETC.02.066,,DR,By Type,"FLOOR FINISH: tiles, standard slip resistance",,By Space Type,2OhPkSe1r7kfwtlbIxlUg7,59 W,Power Density,2700,"Toilets, Female",ETC.08.187,0,Rooms,AROO,Rooms,ETC,30.264555251979466,Architecture,WBH-W-08.187,"Toilets, Female",02,YES,SL_90_10,Room Spaces,1,0,New Construction,20.00%,Power Density,,Yes,0,DR,73 W,0.0,0 W,10.76 W/m²,0 W,13.99 W/m²,132 W,2700,LEVEL 08,0.0,AR Rooms
2026-08-01 19:58:17,14663265,NWB-ARC-WBH-AR-MOD-0035.rvt : 23 : location Internal,NWB-ARC-WBH-AR-MOD-0035,14028458,5aaec4e4-e2b9-4d4a-8a6a-8e87227630d5-00d57427,HIS.08.243,Assembly/Sorting/Scanning,LEVEL 08,New Construction,Health Information & Administration Service,HIS,,,,73.8 m²,42998,211.977827,444.469991,221.456693,0 W,0.00 W/m²,0 W,0.00 W/m²,28.6 m²,By Space Type,0,By Space Type,0.0,0.0,0.0,-2000160,"CEILING: plasterboard, drop-in tiles, prefinished, 600 x 1200",,,0,-1,-7.7875,15.06.2026,CLTI-008,,FLVY-007,,FLSK-010,WLFI-001,Assembly/Sorting/Scanning,,WBH.HIS.02.007,112442,21/07/2026,SORTING,80,,NWB-ARC-WBH-AR-RLS-HIS.02.007,,NS,By Type,"FLOOR FINISH: vinyl, seamless, coved, standard slip resistant",Typical Room,By Space Type,1QhiJauhbDIefgZeSYeqJo,59 W,Power Density,2700,Assembly/Sorting/Scanning,HIS.08.243,0,Rooms,AROO,Rooms,HIS,79.96694538868982,Architecture,WBH-W-08.243,Assembly/Sorting/Scanning,02,YES,SL_90_10,Room Spaces,,0,New Construction,20.00%,Power Density,,Yes,0,NS,73 W,0.0,0 W,10.76 W/m²,0 W,13.99 W/m²,132 W,2700,LEVEL 08,0.0,AR Rooms
2026-08-01 19:58:17,14663265,NWB-ARC-WBH-AR-MOD-0035.rvt : 23 : location Internal,NWB-ARC-WBH-AR-MOD-0035,14028477,5aaec4e4-e2b9-4d4a-8a6a-8e87227630d5-00d57a03,HIS.08.265,"Office, 2 Person",LEVEL 08,New Construction,Health Information & Administration Service,HIS,,,,11.8 m²,13751,178.59416,390.787248,221.456693,0 W,0.00 W/m²,0 W,0.00 W/m²,28.6 m²,By Space Type,0,By Space Type,0.0,0.0,0.0,-2000160,"CEILING: acoustic, drop-in tiles, 600 x 1200",,,0,-1,-1.75,15.06.2026,CLTI-002,,FLCP-006,,FLSK-009,WLFI-001,Staff Areas,,WBH.HIS.04.022,107686,21/07/2026,OFF-2P,12,,NWB-ARC-WBH-AR-RLS-HIS.04.022,,SC,By Type,FLOOR FINISH: carpet tiles,,By Space Type,1QhiJauhbDIefgZeSYeqhM,59 W,Power Density,2700,"Office, 2 Person",HIS.08.265,0,Rooms,AROO,Rooms,HIS,11.862687749999962,Architecture,WBH-W-08.265,"Office, 2 Person",04,YES,SL_90_10,Room Spaces,"2 staff, up to 2 visitors",0,New Construction,20.00%,Power Density,D40_Done,Yes,0,SC,73 W,0.0,0 W,10.76 W/m²,0 W,13.99 W/m²,132 W,2700,LEVEL 08,0.0,AR Rooms
2026-08-01 19:58:17,14663265,NWB-ARC-WBH-AR-MOD-0035.rvt : 23 : location Internal,NWB-ARC-WBH-AR-MOD-0035,14028479,5aaec4e4-e2b9-4d4a-8a6a-8e87227630d5-00d57a06,HIS.08.266,"Office, 2 Person",LEVEL 08,New Construction,Health Information & Administration Service,HIS,,,,12.2 m²,13974,191.000656,391.322025,221.456693,0 W,0.00 W/m²,0 W,0.00 W/m²,28.6 m²,By Space Type,0,By Space Type,0.0,0.0,0.0,-2000160,"CEILING: acoustic, drop-in tiles, 600 x 1200",,,0,-1,1.666667,15.06.2026,CLTI-002,,FLCP-006,,FLSK-009,WLFI-001,Staff Areas,,WBH.HIS.04.023,107687,21/07/2026,OFF-2P,12,,Refer to AusHFG OFF-2P,,SC,By Type,FLOOR FINISH: carpet tiles,,By Space Type,1QhiJauhbDIefgZeSYeqhJ,59 W,Power Density,2700,"Office, 2 Person",HIS.08.266,0,Rooms,AROO,Rooms,HIS,11.926063749999987,Architecture,WBH-W-08.266,"Office, 2 Person",04,YES,SL_90_10,Room Spaces,"2 staff, up to 2 visitors",0,New Construction,20.00%,Power Density,D40_Done,Yes,0,SC,73 W,0.0,0 W,10.76 W/m²,0 W,13.99 W/m²,132 W,2700,LEVEL 08,0.0,AR Rooms
2026-08-01 19:58:17,14663265,NWB-ARC-WBH-AR-MOD-0035.rvt : 23 : location Internal,NWB-ARC-WBH-AR-MOD-0035,14028481,5aaec4e4-e2b9-4d4a-8a6a-8e87227630d5-00d57a09,HIS.08.236,Research/Audit Room,LEVEL 08,New Construction,Health Information & Administration Service,HIS,,,,14.8 m²,15493,204.737533,391.322025,221.456693,0 W,0.00 W/m²,0 W,0.00 W/m²,28.6 m²,By Space Type,0,By Space Type,0.0,0.0,0.0,-2000160,"CEILING: acoustic, drop-in tiles, 600 x 1200",,,0,-1,-1.6,15.06.2026,CLTI-002,,FLCP-006,,FLSK-010,WLFI-001,Entry/Reception/Waiting Areas,,WBH.HIS.01.006,107657,21/07/2026,RES AUDIT,15,,NWB-ARC-WBH-AR-RLS-HIS.01.006,,NS,By Type,FLOOR FINISH: carpet tiles,Typical Room,By Space Type,1QhiJauhbDIefgZeSYeqhS,59 W,Power Density,2700,Research/Audit Room,HIS.08.236,0,Rooms,AROO,Rooms,HIS,14.656218749999965,Architecture,WBH-W-08.236,Research/Audit Room,01,YES,SL_90_10,Room Spaces,2 workstations,0,New Construction,20.00%,Power Density,D40_Done,Yes,0,NS,73 W,0.0,0 W,10.76 W/m²,0 W,13.99 W/m²,132 W,2700,LEVEL 08,0.0,AR Rooms
2026-08-01 19:58:17,14663265,NWB-ARC-WBH-AR-MOD-0035.rvt : 23 : location Internal,NWB-ARC-WBH-AR-MOD-0035,14028483,5aaec4e4-e2b9-4d4a-8a6a-8e87227630d5-00d57a0c,HIS.08.232,"Reception, 10m2",LEVEL 08,New Construction,Health Information & Administration Service,HIS,,,,10.3 m²,12879,217.575459,391.322025,221.456693,0 W,0.00 W/m²,0 W,0.00 W/m²,28.6 m²,By Space Type,0,By Space Type,0.0,0.0,0.0,-2000160,"CEILING: acoustic, drop-in tiles, 600 x 1200",,,0,-1,3.1,15.06.2026,CLTI-002,CLGE-001,FLCP-006,,FLSK-010,WLFI-001,Entry/Reception/Waiting Areas,,WBH.HIS.01.001,107652,21/07/2026,RECP-10,10,,NWB-ARC-WBH-AR-RLS-HIS.01.001,,SC,By Type,FLOOR FINISH: carpet tiles,,By Space Type,1QhiJauhbDIefgZeSYeqhP,59 W,Power Density,2700,"Reception, 10m2",HIS.08.232,0,Rooms,AROO,Rooms,HIS,9.98386375000004,Architecture,WBH-W-08.232,"Reception, 10m2",01,YES,SL_90_10,Room Spaces,1 staff,0,New Construction,20.00%,Power Density,,Yes,0,SC,73 W,0.0,0 W,10.76 W/m²,0 W,13.99 W/m²,132 W,2700,LEVEL 08,0.0,AR Rooms
2026-08-01 19:58:17,14663265,NWB-ARC-WBH-AR-MOD-0035.rvt : 23 : location Internal,NWB-ARC-WBH-AR-MOD-0035,14028496,5aaec4e4-e2b9-4d4a-8a6a-8e87227630d5-00d57fee,HIS.08.237,"Waiting, Sub, 5m2",LEVEL 08,New Construction,Health Information & Administration Service,HIS,,,,4.0 m²,9560,222.788547,404.771196,221.456693,0 W,0.00 W/m²,0 W,0.00 W/m²,28.6 m²,By Space Type,0,By Space Type,0.0,0.0,0.0,-2000160,"CEILING: acoustic, drop-in tiles, 600 x 1200",,,0,-1,-20.6,15.06.2026,CLTI-002,,FLCP-006,,FLSK-010,WLFI-001,Entry/Reception/Waiting Areas,,WBH.HIS.01.007,112441,21/07/2026,WAIT-S,5,,Refer to AusHFG WAIT-S,,SC,By Type,FLOOR FINISH: carpet tiles,,By Space Type,1QhiJauhbDIefgZeSYeqyx,59 W,Power Density,2700,"Waiting, Sub, 5m2",HIS.08.237,0,Rooms,AROO,Rooms,HIS,5.593536000000994,Architecture,WBH-W-08.237,"Waiting, Sub, 5m2",01,YES,SL_90_10,Room Spaces,Up to 5 patient/visitors,0,New Construction,20.00%,Power Density,,Yes,0,SC,73 W,0.0,0 W,10.76 W/m²,0 W,13.99 W/m²,132 W,2700,LEVEL 08,0.0,AR Rooms
2026-08-01 19:58:17,14663265,NWB-ARC-WBH-AR-MOD-0035.rvt : 23 : location Internal,NWB-ARC-WBH-AR-MOD-0035,14028502,5aaec4e4-e2b9-4d4a-8a6a-8e87227630d5-00d581aa,HIS.08.282,Bay - Mobile Equipment,LEVEL 08,New Construction,Health Information & Administration Service,HIS,,,,9.2 m²,12447,222.744423,411.709984,221.456693,0 W,0.00 W/m²,0 W,0.00 W/m²,28.6 m²,By Space Type,0,By Space Type,0.0,0.0,0.0,-2000160,"CEILING: plasterboard, drop-in tiles, prefinished, 600 x 1200",,,0,-1,0,15.06.2026,CLTI-008,,FLCP-006,,FLSK-010,WLFI-001,Assembly/Sorting/Scanning,,WBH.HIS.02.008,116648,21/07/2026,BMEQ,0,,NWB-ARC-WBH-AR-RLS-HIS.02.008,,SC,By Type,FLOOR FINISH: carpet tiles,,By Space Type,1QhiJauhbDIefgZeSYex5$,59 W,Power Density,2700,Bay - Mobile Equipment,HIS.08.282,0,Rooms,AROO,Rooms,HIS,13.803500000000641,Architecture,WBH-W-08.282,Bay - Mobile Equipment,02,YES,SL_90_10,Room Spaces,,0,New Construction,20.00%,Power Density,,Yes,0,SC,73 W,0.0,0 W,10.76 W/m²,0 W,13.99 W/m²,132 W,2700,LEVEL 08,0.0,AR Rooms
2026-08-01 19:58:17,14663265,NWB-ARC-WBH-AR-MOD-0035.rvt : 23 : location Internal,NWB-ARC-WBH-AR-MOD-0035,14028508,5aaec4e4-e2b9-4d4a-8a6a-8e87227630d5-00d5826e,HIS.08.235,Bay - Storage / Multifunction Device,LEVEL 08,New Construction,Health Information & Administration Service,HIS,,,,15.4 m²,16100,209.040354,408.52757,221.456693,0 W,0.00 W/m²,0 W,0.00 W/m²,28.6 m²,By Space Type,0,By Space Type,0.0,0.0,0.0,-2000160,"CEILING: acoustic, drop-in tiles, 600 x 1200",,,0,-1,125.428571,15.06.2026,CLTI-002,,FLCP-006,,FLSK-031,WLFI-001,Entry/Reception/Waiting Areas,,WBH.HIS.01.005,107656,21/07/2026,BMFD,7,,NWB-ARC-WBH-AR-RLS-HIS.01.005,,DR,By Type,FLOOR FINISH: carpet tiles,,By Space Type,1QhiJauhbDIefgZeSYexAx,59 W,Power Density,2700,Bay - Storage / Multifunction Device,HIS.08.235,0,Rooms,AROO,Rooms,HIS,6.90175000000031,Architecture,WBH-W-08.235,"Bay - Multifunction Device, 7m2",01,YES,SL_90_10,Room Spaces,1-2 staff intermittently,0,New Construction,20.00%,Power Density,,Yes,0,DR/NS,73 W,0.0,0 W,10.76 W/m²,0 W,13.99 W/m²,132 W,2700,LEVEL 08,0.0,AR Rooms
2026-08-01 19:58:17,14663265,NWB-ARC-WBH-AR-MOD-0035.rvt : 23 : location Internal,NWB-ARC-WBH-AR-MOD-0035,14028544,5aaec4e4-e2b9-4d4a-8a6a-8e87227630d5-00d58b5b,HIS.08.242,Store - General,LEVEL 08,New Construction,Health Information & Administration Service,HIS,,,,10.2 m²,14663,189.316765,422.052012,221.456693,0 W,0.00 W/m²,0 W,0.00 W/m²,28.6 m²,By Space Type,0,By Space Type,0.0,0.0,0.0,-2000160,"CEILING: plasterboard, drop-in tiles, prefinished, 600 x 1200",,,0,-1,13.333333,15.06.2026,CLTI-008,,FLCP-006,,FLSK-010,WLFI-001,Assembly/Sorting/Scanning,,WBH.HIS.02.006,107663,21/07/2026,STGN,9,,NWB-ARC-WBH-AR-RLS-HIS.02.006,,SC,By Type,FLOOR FINISH: carpet tiles,,By Space Type,1QhiJauhbDIefgZeSYexkE,59 W,Power Density,2700,Store - General,HIS.08.242,0,Rooms,AROO,Rooms,HIS,11.738950247325443,Architecture,WBH-W-08.242,Store - General,02,YES,SL_90_10,Room Spaces,"1-2 staff, intermittently",0,New Construction,20.00%,Power Density,,Yes,0,SC,73 W,0.0,0 W,10.76 W/m²,0 W,13.99 W/m²,132 W,2700,LEVEL 08,0.0,AR Rooms
2026-08-01 19:58:17,14663265,NWB-ARC-WBH-AR-MOD-0035.rvt : 23 : location Internal,NWB-ARC-WBH-AR-MOD-0035,14028546,5aaec4e4-e2b9-4d4a-8a6a-8e87227630d5-00d58b5e,HIS.08.241,"Store - Files, 10m2",LEVEL 08,New Construction,Health Information & Administration Service,HIS,,,,9.4 m²,12485,198.236549,422.052012,221.456693,0 W,0.00 W/m²,0 W,0.00 W/m²,28.6 m²,By Space Type,0,By Space Type,0.0,0.0,0.0,-2000160,"CEILING: plasterboard, drop-in tiles, prefinished, 600 x 1200",,,0,-1,-6.2,15.06.2026,CLTI-008,,FLCP-006,,FLSK-010,WLFI-001,Assembly/Sorting/Scanning,,WBH.HIS.02.005,107662,21/07/2026,STFS-10,10,,NWB-ARC-WBH-AR-RLS-HIS.02.005,,SC,By Type,FLOOR FINISH: carpet tiles,,By Space Type,1QhiJauhbDIefgZeSYexkB,59 W,Power Density,2700,"Store - Files, 10m2",HIS.08.241,0,Rooms,AROO,Rooms,HIS,12.22588125267531,Architecture,WBH-W-08.241,"Store - Files, 10m2",02,YES,SL_90_10,Room Spaces,1-2 staff intermittently,0,New Construction,20.00%,Power Density,,Yes,0,SC,73 W,0.0,0 W,10.76 W/m²,0 W,13.99 W/m²,132 W,2700,LEVEL 08,0.0,AR Rooms
2026-08-01 19:58:17,14663265,NWB-ARC-WBH-AR-MOD-0035.rvt : 23 : location Internal,NWB-ARC-WBH-AR-MOD-0035,14028550,5aaec4e4-e2b9-4d4a-8a6a-8e87227630d5-00d58b90,HIS.08.272,"Bay - Multifunction Device, 7m2",LEVEL 08,New Construction,Health Information & Administration Service,HIS,,,,6.6 m²,12869,182.443657,411.538844,221.456693,0 W,0.00 W/m²,0 W,0.00 W/m²,28.6 m²,By Space Type,0,By Space Type,0.0,0.0,0.0,-2000160,"CEILING: acoustic, drop-in tiles, 600 x 1200",,,0,-1,-5.857143,15.06.2026,CLTI-002,,FLCP-006,,FLSK-031,WLFI-001,Staff Areas,,WBH.HIS.04.030,107694,21/07/2026,BMFD-7,7,,NWB-ARC-WBH-AR-RLS-HIS.04.030,,SC,By Type,FLOOR FINISH: carpet tiles,,By Space Type,1QhiJauhbDIefgZeSYexj5,59 W,Power Density,2700,"Bay - Multifunction Device, 7m2",HIS.08.272,0,Rooms,AROO,Rooms,HIS,7.516208499807805,Architecture,WBH-W-08.272,"Bay - Multifunction Device, 7m2",04,YES,SL_90_10,Room Spaces,1-2 staff intermittently,0,New Construction,20.00%,Power Density,,Yes,0,SC,73 W,0.0,0 W,10.76 W/m²,0 W,13.99 W/m²,132 W,2700,LEVEL 08,0.0,AR Rooms
2026-08-01 19:58:17,14663265,NWB-ARC-WBH-AR-MOD-0035.rvt : 23 : location Internal,NWB-ARC-WBH-AR-MOD-0035,14028552,5aaec4e4-e2b9-4d4a-8a6a-8e87227630d5-00d58c13,HIS.08.234,"Meeting Room, 20m2",LEVEL 08,New Construction,Health Information & Administration Service,HIS,,,,20.6 m²,18305,192.644357,409.965398,221.456693,0 W,0.00 W/m²,0 W,0.00 W/m²,28.6 m²,By Space Type,0,By Space Type,0.0,0.0,0.0,-2000160,"CEILING: acoustic, drop-in tiles, 600 x 1200",,,0,-1,2.85,15.06.2026,CLTI-002,,FLCP-006,,FLSK-009,WLFI-001,Entry/Reception/Waiting Areas,,WBH.HIS.01.004,107655,21/07/2026,MEET-20,20,,NWB-ARC-WBH-AR-RLS-HIS.01.004,,SC,By Type,FLOOR FINISH: carpet tiles,,By Space Type,1QhiJauhbDIefgZeSYexp6,59 W,Power Density,2700,"Meeting Room, 20m2",HIS.08.234,0,Rooms,AROO,Rooms,HIS,19.989027000001244,Architecture,WBH-W-08.234,"Meeting Room, 20m2",01,YES,SL_90_10,Room Spaces,Up to 12 seated,0,New Construction,20.00%,Power Density,,Yes,0,SC,73 W,0.0,0 W,10.76 W/m²,0 W,13.99 W/m²,132 W,2700,LEVEL 08,0.0,AR Rooms
2026-08-01 19:58:17,14663265,NWB-ARC-WBH-AR-MOD-0035.rvt : 23 : location Internal,NWB-ARC-WBH-AR-MOD-0035,14028557,5aaec4e4-e2b9-4d4a-8a6a-8e87227630d5-00d58e85,HIS.08.275,"Staff Room, 15m2",LEVEL 08,New Construction,Health Information & Administration Service,HIS,,,,25.0 m²,23200,188.451963,445.687182,221.456693,0 W,0.00 W/m²,0 W,0.00 W/m²,28.6 m²,By Space Type,0,By Space Type,0.0,0.0,0.0,-2000160,"CEILING: acoustic, drop-in tiles, 600 x 1200",,,0,-1,66.666667,15.06.2026,CLTI-002,,FLGE-503,,FLSK-010,WLFI-001,Staff Areas,,WBH.HIS.04.033,112445,21/07/2026,SRM-15,15,,NWB-ARC-WBH-AR-RLS-HIS.04.033,,SC,By Type,"FLOOR FINISH: luxury vinyl tile, standard slip resistance",,By Space Type,1QhiJauhbDIefgZeSYexvG,59 W,Power Density,2700,"Staff Room, 15m2",HIS.08.275,0,Rooms,AROO,Rooms,HIS,22.376092611143136,Architecture,WBH-W-08.275,"Staff Room, 15m2",04,YES,SL_90_10,Room Spaces,"Up to 8 staff, intermittently",0,New Construction,20.00%,Power Density,,Yes,0,SC,73 W,0.0,0 W,10.76 W/m²,0 W,13.99 W/m²,132 W,2700,LEVEL 08,0.0,AR Rooms
2026-08-01 19:58:17,14663265,NWB-ARC-WBH-AR-MOD-0035.rvt : 23 : location Internal,NWB-ARC-WBH-AR-MOD-0035,14028563,5aaec4e4-e2b9-4d4a-8a6a-8e87227630d5-00d58f70,HIS.08.276,"Bay - Property, Staff",LEVEL 08,New Construction,Health Information & Administration Service,HIS,,,,1.9 m²,7839,183.577756,451.454024,221.456693,0 W,0.00 W/m²,0 W,0.00 W/m²,28.6 m²,By Space Type,0,By Space Type,0.0,0.0,0.0,-2000160,"CEILING: acoustic, drop-in tiles, 600 x 1200",,,0,-1,-37.333333,,CLTI-002,,FLCP-006,,FLSK-010,WLFI-001,Staff Amenities,,WBH.HIS.05.001,107695,21/07/2026,BPROP,3,,NWB-ARC-WBH-AR-RLS-HIS.05.001,,PS,By Type,FLOOR FINISH: carpet tiles,Refer to Typical Room,By Space Type,1QhiJauhbDIefgZeSYex_b,59 W,Power Density,2700,"Bay - Property, Staff",HIS.08.276,0,Rooms,AROO,Rooms,HIS,4.5312840000000625,Architecture,WBH-W-08.276,"Bay - Property, Staff",05,YES,SL_90_10,Room Spaces,"Up to 4 staff, intermittently",0,New Construction,20.00%,Power Density,,Yes,0,PS-BPROP,73 W,0.0,0 W,10.76 W/m²,0 W,13.99 W/m²,132 W,2700,LEVEL 08,0.0,AR Rooms
2026-08-01 19:58:17,14663265,NWB-ARC-WBH-AR-MOD-0035.rvt : 23 : location Internal,NWB-ARC-WBH-AR-MOD-0035,14280052,5488dc6c-77c4-4d70-8fc6-468f6d14ceed-00d9e574,TRA.08.T14,"Lift Lobby, Services",LEVEL 08,New Construction,Travel,TRA,,,,75.2 m²,40131,267.039042,321.648468,221.456693,0 W,0.00 W/m²,0 W,0.00 W/m²,28.6 m²,By Space Type,0,By Space Type,0.0,0.0,0.0,-2000160,"CEILING: acoustic, drop-in tiles, 600 x 1200",RESTRICTED - ORANGE,,0,-1,0.0,15.06.2026,CLTI-002,,FLVY-007,,FLSK-010,WLFI-001,Horizontal Travel,,WBH.TRA.HT.294,118122,21/07/2026,SERVICES LIFT LOBBY,0.0,,,,,By Type,"FLOOR FINISH: vinyl, seamless, coved, standard slip resistant",,By Space Type,1KYDniTyHDS8$6HezjpIkP,59 W,Power Density,2700,"Lift Lobby, Services",TRA.08.T14,0,Rooms,AROO,Rooms,TRA,88.98602499999626,Architecture,WBH-W-08.T14,"Lift Lobby, Services",HT,YES,SL_90_10,Room Spaces,,0,New Construction,20.00%,Power Density,,0,0,,73 W,0.0,0 W,10.76 W/m²,0 W,13.99 W/m²,132 W,2700,LEVEL 08,0.0,AR Rooms
2026-08-01 19:58:17,14663265,NWB-ARC-WBH-AR-MOD-0035.rvt : 23 : location Internal,NWB-ARC-WBH-AR-MOD-0035,14280094,5488dc6c-77c4-4d70-8fc6-468f6d14ceed-00d9e59e,TRA.07.T02,"Lift Lobby, Public",LEVEL 07,New Construction,Travel,TRA,,,,71.3 m²,43814,267.048885,367.461297,206.692913,0 W,0.00 W/m²,0 W,0.00 W/m²,28.6 m²,By Space Type,0,By Space Type,0.0,0.0,0.0,-2000160,"CEILING: plasterboard, flush set, suspended, paint, washable",CONTROLLED - GREEN,,0,-1,0.0,,CLFS-006,,FLVY-007,FLVY-500,FLSK-010,WLFI-500,Vertical Travel,,WBH.TRA.VT.170,115878,21/07/2026,PUBLIC LIFT LOBBY,0.0,,-,,T&E,By Type,"FLOOR FINISH: vinyl, seamless, coved, standard slip resistant FLOOR FINISH: vinyl, seamless, coved, standard slip resistant, feature",,By Space Type,1KYDniTyHDS8$6HezjpIjp,59 W,Power Density,2700,"Lift Lobby, Public",TRA.07.T02,0,Rooms,AROO,Rooms,TRA,72.73787500000445,Architecture,WBH-W-07.T02,"Lift Lobby, Public",VT,YES,SL_90_10,Room Spaces,,0,New Construction,20.00%,Power Density,,0,0,,73 W,0.0,0 W,10.76 W/m²,0 W,13.99 W/m²,132 W,2700,LEVEL 07,0.0,AR Rooms
2026-08-01 19:58:17,14663265,NWB-ARC-WBH-AR-MOD-0035.rvt : 23 : location Internal,NWB-ARC-WBH-AR-MOD-0035,14280108,5488dc6c-77c4-4d70-8fc6-468f6d14ceed-00d9e5ac,TRA.08.T02,"Lift Lobby, Public",LEVEL 08,New Construction,Travel,TRA,,,,70.7 m²,43511,267.221949,367.703258,221.456693,0 W,0.00 W/m²,0 W,0.00 W/m²,28.6 m²,By Space Type,0,By Space Type,0.0,0.0,0.0,-2000160,"CEILING: plasterboard, flush set, suspended, paint, washable",RESTRICTED - ORANGE,,0,-1,0.0,15.06.2026,CLFS-006,,FLGE-503,FLVY-500,FLSK-010,WLFI-500,Vertical Travel,,WBH.TRA.VT.171,115879,21/07/2026,PUBLIC LIFT LOBBY,0.0,,-,,T&E,By Type,"FLOOR FINISH: luxury vinyl tile, standard slip resistance",,By Space Type,1KYDniTyHDS8$6HezjpIj1,59 W,Power Density,2700,"Lift Lobby, Public",TRA.08.T02,0,Rooms,AROO,Rooms,TRA,73.04258497723185,Architecture,WBH-W-08.T02,"Lift Lobby, Public",VT,YES,SL_90_10,Room Spaces,,0,New Construction,20.00%,Power Density,,0,0,,73 W,0.0,0 W,10.76 W/m²,0 W,13.99 W/m²,132 W,2700,LEVEL 08,0.0,AR Rooms
2026-08-01 19:58:17,14663265,NWB-ARC-WBH-AR-MOD-0035.rvt : 23 : location Internal,NWB-ARC-WBH-AR-MOD-0035,14733025,38f9739c-f79f-4b6e-bb70-a3bc3bd69669-00e0cee1,ETC.08.190,"Office - Workstation, 2 Person",LEVEL 08,New Construction,Education & Training Centre,ETC,,,,11.9 m²,14012,309.956529,421.221959,221.456693,0 W,0.00 W/m²,0 W,0.00 W/m²,28.6 m²,By Space Type,0,By Space Type,0.0,0.0,0.0,-2000160,"CEILING: acoustic, drop-in tiles, 600 x 1200",,,0,-1,0,15.06.2026,CLTI-002,,FLCP-006,,FLSK-031,WLFI-001,Education & Training,,WBH.ETC.04.037,116761,21/07/2026,WS-2P,0,,NWB-ARC-WBH-AR-RLS-ETC.04.037,,SC,By Type,FLOOR FINISH: carpet tiles,,By Space Type,0u_NESzvzBRhjmexmxDbY8,59 W,Power Density,2700,"Office - Workstation, 2 Person",ETC.08.190,0,Rooms,AROO,Rooms,ETC,11.13480000000115,Architecture,WBH-W-08.190,"Office - Workstation, 2 Person",04,YES,SL_90_10,Room Spaces,"2 staff, up to 2 visitors",0,New Construction,20.00%,Power Density,D40_Done,Yes,0,SC,73 W,0.0,0 W,10.76 W/m²,0 W,13.99 W/m²,132 W,2700,LEVEL 08,0.0,AR Rooms
2026-08-01 19:58:17,14663265,NWB-ARC-WBH-AR-MOD-0035.rvt : 23 : location Internal,NWB-ARC-WBH-AR-MOD-0035,14733075,38f9739c-f79f-4b6e-bb70-a3bc3bd69669-00e0cf13,ETC.08.108,"Store - Equipment, 20m2",LEVEL 08,New Construction,Education & Training Centre,ETC,,,,19.9 m²,20904,353.807415,396.738692,221.456693,0 W,0.00 W/m²,0 W,0.00 W/m²,28.6 m²,By Space Type,0,By Space Type,0.0,0.0,0.0,-2000160,"CEILING: plasterboard, drop-in tiles, prefinished, 600 x 1200",,,0,-1,-0.6,15.06.2026,CLTI-008,,FLVY-007,,FLSK-010,WLFI-001,Education & Training,,WBH.ETC.04.012,107258,21/07/2026,STEQ-20,20,,NWB-ARC-WBH-AR-RLS-ETC.04.012,,DR,By Type,"FLOOR FINISH: vinyl, seamless, coved, standard slip resistant",Typical Room,By Space Type,0u_NESzvzBRhjmexmxDbbw,59 W,Power Density,2700,"Store - Equipment, 20m2",ETC.08.108,0,Rooms,AROO,Rooms,ETC,25.709056502016434,Architecture,WBH-W-08.108,"Store - Equipment, 20m2",04,YES,SL_90_10,Room Spaces,"1-2 staff, intermittently",0,New Construction,20.00%,Power Density,,Yes,0,DR,73 W,0.0,0 W,10.76 W/m²,0 W,13.99 W/m²,132 W,2700,LEVEL 08,0.0,AR Rooms
2026-08-01 19:58:17,14663265,NWB-ARC-WBH-AR-MOD-0035.rvt : 23 : location Internal,NWB-ARC-WBH-AR-MOD-0035,14764475,bd6b9047-22fb-4ec1-ace0-3aca6d73e1fc-00e149bb,BOH.07.001,Central Exchange Hub,LEVEL 07,New Construction,"Loading Dock, Logistics Services & Back of House",BOH,,,,19.4 m²,18382,217.4229,328.439807,206.692913,0 W,0.00 W/m²,0 W,0.00 W/m²,28.6 m²,By Space Type,0,By Space Type,0.0,0.0,0.0,-2000160,,,,0,-1,0,15.06.2026,,,FLGE-004,,FLSK-002,,Logistics,,WBH.BOH.12.067,115214,21/07/2026,EXCH HUB,0,,NWB-ARC-WBH-AR-RLS-NS-AGV-CLEAN-20-BOH,,NS,By Type,"FLOOR FINISH: concrete, epoxy coating",,By Space Type,2zQv178ljEmQpWEifjagX7,59 W,Power Density,2700,Central Exchange Hub,BOH.07.001,0,Rooms,AROO,Rooms,BOH,14.404362499999841,Architecture,WBH-W-07.001,Central Exchange Hub,12,YES,SL_90_10,Room Spaces,,0,New Construction,20.00%,Power Density,,0,0,NS,73 W,0.0,0 W,10.76 W/m²,0 W,13.99 W/m²,132 W,2700,LEVEL 07,0.0,AR Rooms
2026-08-01 19:58:17,14663265,NWB-ARC-WBH-AR-MOD-0035.rvt : 23 : location Internal,NWB-ARC-WBH-AR-MOD-0035,14764478,bd6b9047-22fb-4ec1-ace0-3aca6d73e1fc-00e149be,BOH.07.002,Disposal Hub,LEVEL 07,New Construction,"Loading Dock, Logistics Services & Back of House",BOH,,,,22.1 m²,18916,219.051837,346.517235,206.692913,0 W,0.00 W/m²,0 W,0.00 W/m²,28.6 m²,By Space Type,0,By Space Type,0.0,0.0,0.0,-2000160,,,,0,-1,0,15.06.2026,,,FLGE-004,,FLSK-002,WLFI-001,Logistics,,WBH.BOH.12.078,115225,21/07/2026,DISP HUB,0,,NWB-ARC-WBH-AR-RLS-NS-AGV-DIRTY-20-BOH,,NS,By Type,"FLOOR FINISH: concrete, epoxy coating",,By Space Type,2zQv178ljEmQpWEifjagX2,59 W,Power Density,2700,Disposal Hub,BOH.07.002,0,Rooms,AROO,Rooms,BOH,13.531099999999398,Architecture,WBH-W-07.002,Disposal Hub,12,YES,SL_90_10,Room Spaces,,0,New Construction,20.00%,Power Density,,0,0,NS,73 W,0.0,0 W,10.76 W/m²,0 W,13.99 W/m²,132 W,2700,LEVEL 07,0.0,AR Rooms
2026-08-01 19:58:17,14663265,NWB-ARC-WBH-AR-MOD-0035.rvt : 23 : location Internal,NWB-ARC-WBH-AR-MOD-0035,14764548,bd6b9047-22fb-4ec1-ace0-3aca6d73e1fc-00e14a04,BOH.08.003,Central Exchange Hub,LEVEL 08,New Construction,"Loading Dock, Logistics Services & Back of House",BOH,,,,19.4 m²,18382,217.357283,328.406999,221.456693,0 W,0.00 W/m²,0 W,0.00 W/m²,28.6 m²,By Space Type,0,By Space Type,0.0,0.0,0.0,-2000160,,,,0,-1,0,15.06.2026,,,FLGE-004,,FLSK-002,,Logistics,,WBH.BOH.12.068,115215,21/07/2026,EXCH HUB,0,,NWB-ARC-WBH-AR-RLS-NS-AGV-CLEAN-20-BOH,,NS,By Type,"FLOOR FINISH: concrete, epoxy coating",,By Space Type,2zQv178ljEmQpWEifjaglu,59 W,Power Density,2700,Central Exchange Hub,BOH.08.003,0,Rooms,AROO,Rooms,BOH,14.596101000000626,Architecture,WBH-W-08.s,Central Exchange Hub,12,YES,SL_90_10,Room Spaces,,0,New Construction,20.00%,Power Density,,0,0,NS,73 W,0.0,0 W,10.76 W/m²,0 W,13.99 W/m²,132 W,2700,LEVEL 08,0.0,AR Rooms
2026-08-01 19:58:17,14663265,NWB-ARC-WBH-AR-MOD-0035.rvt : 23 : location Internal,NWB-ARC-WBH-AR-MOD-0035,14764551,bd6b9047-22fb-4ec1-ace0-3aca6d73e1fc-00e14a07,BOH.08.002,Disposal Hub,LEVEL 08,New Construction,"Loading Dock, Logistics Services & Back of House",BOH,,,,22.3 m²,18916,217.641076,346.461461,221.456693,0 W,0.00 W/m²,0 W,0.00 W/m²,28.6 m²,By Space Type,0,By Space Type,0.0,0.0,0.0,-2000160,,,,0,-1,0,15.06.2026,,,FLGE-004,,FLSK-002,WLFI-001,Logistics,,WBH.BOH.12.079,115226,21/07/2026,DISP HUB,0,,NWB-ARC-WBH-AR-RLS-NS-AGV-DIRTY-20-BOH,,NS,By Type,"FLOOR FINISH: concrete, epoxy coating",,By Space Type,2zQv178ljEmQpWEifjaglx,59 W,Power Density,2700,Disposal Hub,BOH.08.002,0,Rooms,AROO,Rooms,BOH,13.531099999999398,Architecture,WBH-W-08.002,Disposal Hub,12,YES,SL_90_10,Room Spaces,,0,New Construction,20.00%,Power Density,,0,0,NS,73 W,0.0,0 W,10.76 W/m²,0 W,13.99 W/m²,132 W,2700,LEVEL 08,0.0,AR Rooms
2026-08-01 19:58:17,14663265,NWB-ARC-WBH-AR-MOD-0035.rvt : 23 : location Internal,NWB-ARC-WBH-AR-MOD-0035,15089202,fe0651bf-b346-4a8a-83af-edbd707efce3-00e63e32,PAT.07.093,"Office, 1 Person",LEVEL 07,New Construction,Pathology,PAT,,,,9.5 m²,12318,176.922162,433.25526,206.692913,0 W,0.00 W/m²,0 W,0.00 W/m²,28.6 m²,By Space Type,0,By Space Type,0.0,0.0,0.0,-2000160,"CEILING: acoustic, drop-in tiles, 600 x 1200",,,0,-1,5.333333,15.06.2026,CLTI-002,,FLCP-006,,FLSK-031,WLFI-001,Staff Areas,,WBH.PAT.02.027,113729,21/07/2026,OFF-1P,9,,Refer to AusHFG OFF-1P-9,,SC,By Type,FLOOR FINISH: carpet tiles,,By Space Type,3_1b6$iqPAYeElxRrmcCBH,59 W,Power Density,2700,"Office, 1 Person",PAT.07.093,0,Rooms,AROO,Rooms,PAT,9.21373749999898,Architecture,WBH-W-07.093,"Office, 1 Person",02,YES,SL_90_10,Room Spaces,"1 staff, up to 2 visitors",0,New Construction,20.00%,Power Density,D40_Done,0,0,SC,73 W,0.0,0 W,10.76 W/m²,0 W,13.99 W/m²,132 W,2700,LEVEL 07,0.0,AR Rooms
2026-08-01 19:58:17,14663265,NWB-ARC-WBH-AR-MOD-0035.rvt : 23 : location Internal,NWB-ARC-WBH-AR-MOD-0035,15089205,fe0651bf-b346-4a8a-83af-edbd707efce3-00e63e35,PAT.07.094,"Office, 1 Person",LEVEL 07,New Construction,Pathology,PAT,,,,9.5 m²,12305,187.558372,433.25526,206.692913,0 W,0.00 W/m²,0 W,0.00 W/m²,28.6 m²,By Space Type,0,By Space Type,0.0,0.0,0.0,-2000160,"CEILING: acoustic, drop-in tiles, 600 x 1200",,,0,-1,5.111111,15.06.2026,CLTI-002,,FLCP-006,,FLSK-031,WLFI-001,Staff Areas,,WBH.PAT.02.028,113730,21/07/2026,OFF-1P,9,,Refer to AusHFG OFF-1P-9,,SC,By Type,FLOOR FINISH: carpet tiles,,By Space Type,3_1b6$iqPAYeElxRrmcCBM,59 W,Power Density,2700,"Office, 1 Person",PAT.07.094,0,Rooms,AROO,Rooms,PAT,9.21373750000222,Architecture,WBH-W-07.094,"Office, 1 Person",02,YES,SL_90_10,Room Spaces,"1 staff, up to 2 visitors",0,New Construction,20.00%,Power Density,D40_Done,0,0,SC,73 W,0.0,0 W,10.76 W/m²,0 W,13.99 W/m²,132 W,2700,LEVEL 07,0.0,AR Rooms
2026-08-01 19:58:17,14663265,NWB-ARC-WBH-AR-MOD-0035.rvt : 23 : location Internal,NWB-ARC-WBH-AR-MOD-0035,15089208,fe0651bf-b346-4a8a-83af-edbd707efce3-00e63e38,PAT.07.095,"Office, 1 Person",LEVEL 07,New Construction,Pathology,PAT,,,,9.5 m²,12305,196.187596,433.245417,206.692913,0 W,0.00 W/m²,0 W,0.00 W/m²,28.6 m²,By Space Type,0,By Space Type,0.0,0.0,0.0,-2000160,"CEILING: acoustic, drop-in tiles, 600 x 1200",,,0,-1,5.111111,15.06.2026,CLTI-002,,FLCP-006,,FLSK-031,WLFI-001,Staff Areas,,WBH.PAT.02.029,113731,21/07/2026,OFF-1P,9,,NWB-ARC-WBH-AR-RLS-PAT.02.029,,SC,By Type,FLOOR FINISH: carpet tiles,,By Space Type,3_1b6$iqPAYeElxRrmcCBR,59 W,Power Density,2700,"Office, 1 Person",PAT.07.095,0,Rooms,AROO,Rooms,PAT,9.195191937497926,Architecture,WBH-W-07.095,"Office, 1 Person",02,YES,SL_90_10,Room Spaces,"1 staff, up to 2 visitors",0,New Construction,20.00%,Power Density,D40_Done,Yes,0,SC,73 W,0.0,0 W,10.76 W/m²,0 W,13.99 W/m²,132 W,2700,LEVEL 07,0.0,AR Rooms
2026-08-01 19:58:17,14663265,NWB-ARC-WBH-AR-MOD-0035.rvt : 23 : location Internal,NWB-ARC-WBH-AR-MOD-0035,15089211,fe0651bf-b346-4a8a-83af-edbd707efce3-00e63e3b,PAT.07.096,"Office, 1 Person",LEVEL 07,New Construction,Pathology,PAT,,,,9.6 m²,12375,214.242372,433.206867,206.692913,0 W,0.00 W/m²,0 W,0.00 W/m²,28.6 m²,By Space Type,0,By Space Type,0.0,0.0,0.0,-2000160,"CEILING: acoustic, drop-in tiles, 600 x 1200",,,0,-1,6.222222,15.06.2026,CLTI-002,,FLCP-006,,FLSK-031,WLFI-001,Staff Areas,,WBH.PAT.02.030,113732,21/07/2026,OFF-1P,9,,Refer to AusHFG OFF-1P-9,,SC,By Type,FLOOR FINISH: carpet tiles,,By Space Type,3_1b6$iqPAYeElxRrmcCBO,59 W,Power Density,2700,"Office, 1 Person",PAT.07.096,0,Rooms,AROO,Rooms,PAT,9.59185815000716,Architecture,WBH-W-07.096,"Office, 1 Person",02,YES,SL_90_10,Room Spaces,"1 staff, up to 2 visitors",0,New Construction,20.00%,Power Density,D40_Done,0,0,SC,73 W,0.0,0 W,10.76 W/m²,0 W,13.99 W/m²,132 W,2700,LEVEL 07,0.0,AR Rooms
2026-08-01 19:58:17,14663265,NWB-ARC-WBH-AR-MOD-0035.rvt : 23 : location Internal,NWB-ARC-WBH-AR-MOD-0035,15089214,fe0651bf-b346-4a8a-83af-edbd707efce3-00e63e3e,PAT.07.097,"Office, 1 Person",LEVEL 07,New Construction,Pathology,PAT,,,,9.1 m²,12079,224.126722,433.239676,206.692913,0 W,0.00 W/m²,0 W,0.00 W/m²,28.6 m²,By Space Type,0,By Space Type,0.0,0.0,0.0,-2000160,"CEILING: acoustic, drop-in tiles, 600 x 1200",,,0,-1,1.444444,15.06.2026,CLTI-002,,FLCP-006,,FLSK-031,WLFI-001,Staff Areas,,WBH.PAT.02.031,113733,21/07/2026,OFF-1P,9,,Refer to AusHFG OFF-1P-9,,SC,By Type,FLOOR FINISH: carpet tiles,,By Space Type,3_1b6$iqPAYeElxRrmcCBT,59 W,Power Density,2700,"Office, 1 Person",PAT.07.097,0,Rooms,AROO,Rooms,PAT,9.152136349997713,Architecture,WBH-W-07.097,"Office, 1 Person",02,YES,SL_90_10,Room Spaces,"1 staff, up to 2 visitors",0,New Construction,20.00%,Power Density,D40_Done,0,0,SC,73 W,0.0,0 W,10.76 W/m²,0 W,13.99 W/m²,132 W,2700,LEVEL 07,0.0,AR Rooms
2026-08-01 19:58:17,14663265,NWB-ARC-WBH-AR-MOD-0035.rvt : 23 : location Internal,NWB-ARC-WBH-AR-MOD-0035,15089217,fe0651bf-b346-4a8a-83af-edbd707efce3-00e63e41,PAT.07.098,"Office, 1 Person",LEVEL 07,New Construction,Pathology,PAT,,,,9.4 m²,12262,161.157521,432.421175,206.692913,0 W,0.00 W/m²,0 W,0.00 W/m²,28.6 m²,By Space Type,0,By Space Type,0.0,0.0,0.0,-2000160,"CEILING: acoustic, drop-in tiles, 600 x 1200",,,0,-1,4.444444,15.06.2026,CLTI-002,,FLCP-006,,FLSK-031,WLFI-001,Staff Areas,,WBH.PAT.02.032,113734,21/07/2026,OFF-1P,9,,Refer to AusHFG OFF-1P-9,,SC,By Type,FLOOR FINISH: carpet tiles,,By Space Type,3_1b6$iqPAYeElxRrmcCAY,59 W,Power Density,2700,"Office, 1 Person",PAT.07.098,0,Rooms,AROO,Rooms,PAT,9.56575714061922,Architecture,WBH-W-07.098,"Office, 1 Person",02,YES,SL_90_10,Room Spaces,"1 staff, up to 2 visitors",0,New Construction,20.00%,Power Density,D40_Done,0,0,SC,73 W,0.0,0 W,10.76 W/m²,0 W,13.99 W/m²,132 W,2700,LEVEL 07,0.0,AR Rooms
2026-08-01 19:58:17,14663265,NWB-ARC-WBH-AR-MOD-0035.rvt : 23 : location Internal,NWB-ARC-WBH-AR-MOD-0035,15089320,fe0651bf-b346-4a8a-83af-edbd707efce3-00e63ea8,PAT.07.099,"Office, 1 Person",LEVEL 07,New Construction,Pathology,PAT,,,,9.0 m²,13516,161.890379,422.235807,206.692913,0 W,0.00 W/m²,0 W,0.00 W/m²,28.6 m²,By Space Type,0,By Space Type,0.0,0.0,0.0,-2000160,"CEILING: acoustic, drop-in tiles, 600 x 1200",,,0,-1,-0.222222,15.06.2026,CLTI-002,,FLCP-006,,FLSK-031,WLFI-001,Staff Areas,,WBH.PAT.02.033,113735,21/07/2026,OFF-1P,9,,Refer to AusHFG OFF-1P-9,,SC,By Type,FLOOR FINISH: carpet tiles,,By Space Type,3_1b6$iqPAYeElxRrmcC9B,59 W,Power Density,2700,"Office, 1 Person",PAT.07.099,0,Rooms,AROO,Rooms,PAT,9.254142265633883,Architecture,WBH-W-07.099,"Office, 1 Person",02,YES,SL_90_10,Room Spaces,"1 staff, up to 2 visitors",0,New Construction,20.00%,Power Density,D40_Done,0,0,SC,73 W,0.0,0 W,10.76 W/m²,0 W,13.99 W/m²,132 W,2700,LEVEL 07,0.0,AR Rooms
2026-08-01 19:58:17,14663265,NWB-ARC-WBH-AR-MOD-0035.rvt : 23 : location Internal,NWB-ARC-WBH-AR-MOD-0035,15089323,fe0651bf-b346-4a8a-83af-edbd707efce3-00e63eab,PAT.07.100,"Office, 1 Person",LEVEL 07,New Construction,Pathology,PAT,,,,9.4 m²,12262,160.663345,413.579174,206.692913,0 W,0.00 W/m²,0 W,0.00 W/m²,28.6 m²,By Space Type,0,By Space Type,0.0,0.0,0.0,-2000160,"CEILING: acoustic, drop-in tiles, 600 x 1200",,,0,-1,4.444444,15.06.2026,CLTI-002,,FLCP-006,,FLSK-031,WLFI-001,Staff Areas,,WBH.PAT.02.034,113736,21/07/2026,OFF-1P,9,,Refer to AusHFG OFF-1P-9,,SC,By Type,FLOOR FINISH: carpet tiles,,By Space Type,3_1b6$iqPAYeElxRrmcC98,59 W,Power Density,2700,"Office, 1 Person",PAT.07.100,0,Rooms,AROO,Rooms,PAT,9.340301515621283,Architecture,WBH-W-07.100,"Office, 1 Person",02,YES,SL_90_10,Room Spaces,"1 staff, up to 2 visitors",0,New Construction,20.00%,Power Density,D40_Done,0,0,SC,73 W,0.0,0 W,10.76 W/m²,0 W,13.99 W/m²,132 W,2700,LEVEL 07,0.0,AR Rooms
2026-08-01 19:58:17,14663265,NWB-ARC-WBH-AR-MOD-0035.rvt : 23 : location Internal,NWB-ARC-WBH-AR-MOD-0035,15089326,fe0651bf-b346-4a8a-83af-edbd707efce3-00e63eae,PAT.07.101,"Office, 1 Person",LEVEL 07,New Construction,Pathology,PAT,,,,11.8 m²,14231,161.68006,391.289098,206.692913,0 W,0.00 W/m²,0 W,0.00 W/m²,28.6 m²,By Space Type,0,By Space Type,0.0,0.0,0.0,-2000160,"CEILING: acoustic, drop-in tiles, 600 x 1200",,,0,-1,30.888889,15.06.2026,CLTI-002,,FLCP-006,,FLSK-031,WLFI-001,Staff Areas,,WBH.PAT.02.035,113737,21/07/2026,OFF-1P,9,,NWB-ARC-WBH-AR-RLS-PAT.02.035,,SC,By Type,FLOOR FINISH: carpet tiles,,By Space Type,3_1b6$iqPAYeElxRrmcC9D,59 W,Power Density,2700,"Office, 1 Person",PAT.07.101,0,Rooms,AROO,Rooms,PAT,9.565757140623994,Architecture,WBH-W-07.101,"Office, 1 Person",02,YES,SL_90_10,Room Spaces,"1 staff, up to 2 visitors",0,New Construction,20.00%,Power Density,D40_Done,0,0,SC,73 W,0.0,0 W,10.76 W/m²,0 W,13.99 W/m²,132 W,2700,LEVEL 07,0.0,AR Rooms
2026-08-01 19:58:17,14663265,NWB-ARC-WBH-AR-MOD-0035.rvt : 23 : location Internal,NWB-ARC-WBH-AR-MOD-0035,15089598,fe0651bf-b346-4a8a-83af-edbd707efce3-00e63fbe,PAT.07.088,"Staff Room, 15m2",LEVEL 07,New Construction,Pathology,PAT,,,,15.9 m²,16531,163.270997,450.784787,206.692913,0 W,0.00 W/m²,0 W,0.00 W/m²,28.6 m²,By Space Type,0,By Space Type,0.0,0.0,0.0,-2000160,"CEILING: acoustic, drop-in tiles, 600 x 1200",,,0,-1,6,15.06.2026,CLTI-002,,FLVY-007,,FLSK-010,WLFI-001,Staff Areas,,WBH.PAT.02.022,109076,21/07/2026,SRM-15,15,,NWB-ARC-WBH-AR-RLS-PAT.02.022,,SC,By Type,"FLOOR FINISH: vinyl, seamless, coved, standard slip resistant",,By Space Type,3_1b6$iqPAYeElxRrmcCDT,59 W,Power Density,2700,"Staff Room, 15m2",PAT.07.088,0,Rooms,AROO,Rooms,PAT,16.036275001153726,Architecture,WBH-W-07.088,"Staff Room, 15m2",02,YES,SL_90_10,Room Spaces,"Up to 8 staff, intermittently",0,New Construction,20.00%,Power Density,D40_Done,Yes,0,SC,73 W,0.0,0 W,10.76 W/m²,0 W,13.99 W/m²,132 W,2700,LEVEL 07,0.0,AR Rooms
2026-08-01 19:58:17,14663265,NWB-ARC-WBH-AR-MOD-0035.rvt : 23 : location Internal,NWB-ARC-WBH-AR-MOD-0035,15089601,fe0651bf-b346-4a8a-83af-edbd707efce3-00e63fc1,PAT.07.102,"Office, 3 Person",LEVEL 07,New Construction,Pathology,PAT,,,,14.9 m²,15472,177.493438,450.848764,206.692913,0 W,0.00 W/m²,0 W,0.00 W/m²,28.6 m²,By Space Type,0,By Space Type,0.0,0.0,0.0,-2000160,"CEILING: acoustic, drop-in tiles, 600 x 1200",,,0,-1,-0.333333,15.06.2026,CLTI-002,,FLCP-006,,FLSK-009,WLFI-001,Staff Areas,,WBH.PAT.02.036,113738,21/07/2026,OFF-3P,15,,NWB-ARC-GEN-AR-RLS-PS-OFF-3P,,PS,By Type,FLOOR FINISH: carpet tiles,,By Space Type,3_1b6$iqPAYeElxRrmcCCY,59 W,Power Density,2700,"Office, 3 Person",PAT.07.102,0,Rooms,AROO,Rooms,PAT,15.37196549832988,Architecture,WBH-W-07.102,"Office, 3 Person",02,YES,SL_90_10,Room Spaces,Up to 3 staff,0,New Construction,20.00%,Power Density,D40_Done,0,0,PS-OFF-3P,73 W,0.0,0 W,10.76 W/m²,0 W,13.99 W/m²,132 W,2700,LEVEL 07,0.0,AR Rooms
2026-08-01 19:58:17,14663265,NWB-ARC-WBH-AR-MOD-0035.rvt : 23 : location Internal,NWB-ARC-WBH-AR-MOD-0035,15089604,fe0651bf-b346-4a8a-83af-edbd707efce3-00e63fc4,PAT.07.084,"Meeting Room, 30m2",LEVEL 07,New Construction,Pathology,PAT,,,,29.7 m²,23342,198.210302,450.827438,206.692913,0 W,0.00 W/m²,0 W,0.00 W/m²,28.6 m²,By Space Type,0,By Space Type,0.0,0.0,0.0,-2000160,"CEILING: acoustic, drop-in tiles, 600 x 1200",,,0,-1,-1,15.06.2026,CLTI-002,,FLCP-006,,FLSK-009,WLFI-202,Staff Areas,,WBH.PAT.02.018,109072,21/07/2026,MEET-30,30,,NWB-ARC-WBH-AR-RLS-PAT.02.018,,SC,By Type,FLOOR FINISH: carpet tiles,,By Space Type,3_1b6$iqPAYeElxRrmcCCd,59 W,Power Density,2700,"Meeting Room, 30m2",PAT.07.084,0,Rooms,AROO,Rooms,PAT,30.817972501174452,Architecture,WBH-W-07.084,"Meeting Room, 30m2",02,YES,SL_90_10,Room Spaces,Up to 18 seated,0,New Construction,20.00%,Power Density,,Yes,0,SC,73 W,0.0,0 W,10.76 W/m²,0 W,13.99 W/m²,132 W,2700,LEVEL 07,0.0,AR Rooms
2026-08-01 19:58:17,14663265,NWB-ARC-WBH-AR-MOD-0035.rvt : 23 : location Internal,NWB-ARC-WBH-AR-MOD-0035,15089607,fe0651bf-b346-4a8a-83af-edbd707efce3-00e63fc7,PAT.07.083,"Meeting Room, 15m2",LEVEL 07,New Construction,Pathology,PAT,,,,15.9 m²,15980,219.222441,450.720811,206.692913,0 W,0.00 W/m²,0 W,0.00 W/m²,28.6 m²,By Space Type,0,By Space Type,0.0,0.0,0.0,-2000160,"CEILING: acoustic, drop-in tiles, 600 x 1200",,,0,-1,6.066667,15.06.2026,CLTI-002,,FLCP-006,,FLSK-009,WLFI-001,Staff Areas,,WBH.PAT.02.017,109071,21/07/2026,MEET-15,15,,NWB-ARC-WBH-AR-RLS-PAT.02.017,,SC,By Type,FLOOR FINISH: carpet tiles,,By Space Type,3_1b6$iqPAYeElxRrmcCCa,59 W,Power Density,2700,"Meeting Room, 15m2",PAT.07.083,0,Rooms,AROO,Rooms,PAT,16.507310000487802,Architecture,WBH-W-07.083,"Meeting Room, 15m2",02,YES,SL_90_10,Room Spaces,Up to 8 seated,0,New Construction,20.00%,Power Density,,Yes,0,SC,73 W,0.0,0 W,10.76 W/m²,0 W,13.99 W/m²,132 W,2700,LEVEL 07,0.0,AR Rooms
2026-08-01 19:58:17,14663265,NWB-ARC-WBH-AR-MOD-0035.rvt : 23 : location Internal,NWB-ARC-WBH-AR-MOD-0035,15089610,fe0651bf-b346-4a8a-83af-edbd707efce3-00e63fca,PAT.07.089,"Bay - Property, Staff",LEVEL 07,New Construction,Pathology,PAT,,,,3.0 m²,9106,227.895341,450.784787,206.692913,0 W,0.00 W/m²,0 W,0.00 W/m²,28.6 m²,By Space Type,0,By Space Type,0.0,0.0,0.0,-2000160,"CEILING: acoustic, drop-in tiles, 600 x 1200",,,0,-1,-1.333333,15.06.2026,CLTI-002,,FLVY-007,,FLSK-010,WLFI-001,Staff Areas,,WBH.PAT.02.023,109077,21/07/2026,BPROP,3,,NWB-ARC-GEN-AR-RLS-PS-BPROP,,PS,By Type,"FLOOR FINISH: vinyl, seamless, coved, standard slip resistant",Refer to Typical Room,By Space Type,3_1b6$iqPAYeElxRrmcCCf,59 W,Power Density,2700,"Bay - Property, Staff",PAT.07.089,0,Rooms,AROO,Rooms,PAT,2.8829024988493197,Architecture,WBH-W-07.089,"Bay - Property, Staff",02,YES,SL_90_10,Room Spaces,"Up to 4 staff, intermittently",0,New Construction,20.00%,Power Density,,0,0,PS-BPROP,73 W,0.0,0 W,10.76 W/m²,0 W,13.99 W/m²,132 W,2700,LEVEL 07,0.0,AR Rooms
2026-08-01 19:58:17,14663265,NWB-ARC-WBH-AR-MOD-0035.rvt : 23 : location Internal,NWB-ARC-WBH-AR-MOD-0035,15089631,fe0651bf-b346-4a8a-83af-edbd707efce3-00e63fdf,PAT.07.103,"Office, 5 Person",LEVEL 07,New Construction,Pathology,PAT,,,,22.8 m²,19121,174.515799,395.271289,206.692913,0 W,0.00 W/m²,0 W,0.00 W/m²,28.6 m²,By Space Type,0,By Space Type,0.0,0.0,0.0,-2000160,"CEILING: acoustic, drop-in tiles, 600 x 1200",,,0,-1,-7.64,15.06.2026,CLTI-002,,FLCP-006,,FLSK-009,WLFI-001,Staff Areas,,WBH.PAT.02.037,113739,21/07/2026,OFF-5P,25,,NWB-ARC-WBH-AR-RLS-PAT.02.037,,DR,By Type,FLOOR FINISH: carpet tiles,Typical Room,By Space Type,3_1b6$iqPAYeElxRrmcCCy,59 W,Power Density,2700,"Office, 5 Person",PAT.07.103,0,Rooms,AROO,Rooms,PAT,24.47660374778242,Architecture,WBH-W-07.103,"Office, 5 Person",02,YES,SL_90_10,Room Spaces,"2 staff, up to 2 visitors",0,New Construction,20.00%,Power Density,,Yes,0,DR,73 W,0.0,0 W,10.76 W/m²,0 W,13.99 W/m²,132 W,2700,LEVEL 07,0.0,AR Rooms
2026-08-01 19:58:17,14663265,NWB-ARC-WBH-AR-MOD-0035.rvt : 23 : location Internal,NWB-ARC-WBH-AR-MOD-0035,15089634,fe0651bf-b346-4a8a-83af-edbd707efce3-00e63fe2,PAT.07.080,"Office - Workstation, 6 Person",LEVEL 07,New Construction,Pathology,PAT,,,,22.8 m²,19095,199.705989,394.932202,206.692913,0 W,0.00 W/m²,0 W,0.00 W/m²,28.6 m²,By Space Type,0,By Space Type,0.0,0.0,0.0,-2000160,"CEILING: acoustic, drop-in tiles, 600 x 1200",,,0,-1,0,15.06.2026,CLTI-002,,FLCP-006,,FLSK-031,WLFI-001,Staff Areas,,WBH.PAT.02.039,116359,21/07/2026,WS-4P,0,,NWB-ARC-WBH-AR-RLS-PAT.02.039,,DR,By Type,FLOOR FINISH: carpet tiles,,By Space Type,3_1b6$iqPAYeElxRrmcCC1,59 W,Power Density,2700,"Office - Workstation, 6 Person",PAT.07.080,0,Rooms,AROO,Rooms,PAT,31.032365002218086,Architecture,WBH-W-07.080,"Office - Workstation, 4 Person",02,YES,SL_90_10,Room Spaces,1 staff/visitor,0,New Construction,20.00%,Power Density,,Yes,0,DR,73 W,0.0,0 W,10.76 W/m²,0 W,13.99 W/m²,132 W,2700,LEVEL 07,0.0,AR Rooms
2026-08-01 19:58:17,14663265,NWB-ARC-WBH-AR-MOD-0035.rvt : 23 : location Internal,NWB-ARC-WBH-AR-MOD-0035,15089653,fe0651bf-b346-4a8a-83af-edbd707efce3-00e63ff5,PAT.07.085,Multi-Header Microscope Room,LEVEL 07,New Construction,Pathology,PAT,,,,35.4 m²,26632,193.198302,415.151376,206.692913,0 W,0.00 W/m²,0 W,0.00 W/m²,28.6 m²,By Space Type,0,By Space Type,0.0,0.0,0.0,-2000160,,,,0,-1,2.171429,15.06.2026,,,FLVY-007,,FLSK-010,WLFI-001,Staff Areas,,WBH.PAT.02.019,109073,21/07/2026,MH MICRO,35,,NWB-ARC-WBH-AR-RLS-PAT.02.019,,NS,By Type,"FLOOR FINISH: vinyl, seamless, coved, standard slip resistant",Typical Room,By Space Type,3_1b6$iqPAYeElxRrmcCCM,59 W,Power Density,2700,Multi-Header Microscope Room,PAT.07.085,0,Rooms,AROO,Rooms,PAT,37.10484982250281,Architecture,WBH-W-07.085,Multi-Header Microscope Room,02,YES,SL_90_10,Room Spaces,,0,New Construction,20.00%,Power Density,,Yes,0,NS,73 W,0.0,0 W,10.76 W/m²,0 W,13.99 W/m²,132 W,2700,LEVEL 07,0.0,AR Rooms
2026-08-01 19:58:17,14663265,NWB-ARC-WBH-AR-MOD-0035.rvt : 23 : location Internal,NWB-ARC-WBH-AR-MOD-0035,15089656,fe0651bf-b346-4a8a-83af-edbd707efce3-00e63ff8,PAT.07.104,"Toilet, Accessible, 6m2",LEVEL 07,New Construction,Pathology,PAT,,,,7.0 m²,10793,176.846232,411.291053,206.692913,0 W,0.00 W/m²,0 W,0.00 W/m²,28.6 m²,By Space Type,0,By Space Type,0.0,0.0,0.0,-2000160,"CEILING: plasterboard, water resistant, drop-in tiles, prefinished, 600 x 1200",,,0,-1,-14,15.06.2026,CLTI-014,,FLVY-009,,FLSK-010,WLFI-001,Staff Areas,,WBH.PAT.02.038,113740,21/07/2026,WCAC,6,,NWB-ARC-WBH-AR-RLS-PAT.02.038,,SC,By Type,"FLOOR FINISH: vinyl, seamless, coved, wet area, non-slip",,By Space Type,3_1b6$iqPAYeElxRrmcCCR,59 W,Power Density,2700,"Toilet, Accessible, 6m2",PAT.07.104,0,Rooms,AROO,Rooms,PAT,8.341874220039612,Architecture,WBH-W-07.104,"Toilet, Accessible, 6m2",02,YES,SL_90_10,Room Spaces,1,0,New Construction,20.00%,Power Density,,Yes,0,SC,73 W,0.0,0 W,10.76 W/m²,0 W,13.99 W/m²,132 W,2700,LEVEL 07,0.0,AR Rooms
2026-08-01 19:58:17,14663265,NWB-ARC-WBH-AR-MOD-0035.rvt : 23 : location Internal,NWB-ARC-WBH-AR-MOD-0035,15089659,fe0651bf-b346-4a8a-83af-edbd707efce3-00e63ffb,PAT.07.092,"Toilet, Staff, 3m2",LEVEL 07,New Construction,Pathology,PAT,,,,3.7 m²,7743,174.910873,423.531232,206.692913,0 W,0.00 W/m²,0 W,0.00 W/m²,28.6 m²,By Space Type,0,By Space Type,0.0,0.0,0.0,-2000160,"CEILING: plasterboard, water resistant, drop-in tiles, prefinished, 600 x 1200",,,0,-1,22.333333,15.06.2026,CLTI-014,,FLVY-009,,FLSK-010,WLFI-001,Staff Areas,,WBH.PAT.02.026,109080,21/07/2026,WCST,3,,Refer to AusHFG WCST,,SC,By Type,"FLOOR FINISH: vinyl, seamless, coved, wet area, non-slip",,By Space Type,3_1b6$iqPAYeElxRrmcCCO,59 W,Power Density,2700,"Toilet, Staff, 3m2",PAT.07.092,0,Rooms,AROO,Rooms,PAT,3.6352349196927487,Architecture,WBH-W-07.092,"Toilet, Staff, 3m2",02,YES,SL_90_10,Room Spaces,1,0,New Construction,20.00%,Power Density,,0,0,SC,73 W,0.0,0 W,10.76 W/m²,0 W,13.99 W/m²,132 W,2700,LEVEL 07,0.0,AR Rooms
2026-08-01 19:58:17,14663265,NWB-ARC-WBH-AR-MOD-0035.rvt : 23 : location Internal,NWB-ARC-WBH-AR-MOD-0035,15089662,fe0651bf-b346-4a8a-83af-edbd707efce3-00e63ffe,PAT.07.091,"Toilet, Staff, 3m2",LEVEL 07,New Construction,Pathology,PAT,,,,3.7 m²,7743,180.547062,423.564277,206.692913,0 W,0.00 W/m²,0 W,0.00 W/m²,28.6 m²,By Space Type,0,By Space Type,0.0,0.0,0.0,-2000160,"CEILING: plasterboard, water resistant, drop-in tiles, prefinished, 600 x 1200",,,0,-1,22,15.06.2026,CLTI-014,,FLVY-009,,FLSK-010,WLFI-001,Staff Areas,,WBH.PAT.02.025,109079,21/07/2026,WCST,3,,NWB-ARC-WBH-AR-RLS-PAT.02.025,,SC,By Type,"FLOOR FINISH: vinyl, seamless, coved, wet area, non-slip",,By Space Type,3_1b6$iqPAYeElxRrmcCCT,59 W,Power Density,2700,"Toilet, Staff, 3m2",PAT.07.091,0,Rooms,AROO,Rooms,PAT,3.649845537756769,Architecture,WBH-W-07.091,"Toilet, Staff, 3m2",02,YES,SL_90_10,Room Spaces,1,0,New Construction,20.00%,Power Density,,Yes,0,SC,73 W,0.0,0 W,10.76 W/m²,0 W,13.99 W/m²,132 W,2700,LEVEL 07,0.0,AR Rooms
2026-08-01 19:58:17,14663265,NWB-ARC-WBH-AR-MOD-0035.rvt : 23 : location Internal,NWB-ARC-WBH-AR-MOD-0035,15089668,fe0651bf-b346-4a8a-83af-edbd707efce3-00e64004,PAT.07.087,"Store - Files, 10m2",LEVEL 07,New Construction,Pathology,PAT,,,,12.2 m²,16110,222.871959,409.009853,206.692913,0 W,0.00 W/m²,0 W,0.00 W/m²,28.6 m²,By Space Type,0,By Space Type,0.0,0.0,0.0,-2000160,"CEILING: plasterboard, drop-in tiles, prefinished, 600 x 1200",,,0,-1,21.2,15.06.2026,CLTI-008,,FLVY-007,,FLSK-010,WLFI-001,Staff Areas,,WBH.PAT.02.021,109075,21/07/2026,STFS-10,10,,NWB-ARC-WBH-AR-RLS-PAT.02.021,,DR,By Type,"FLOOR FINISH: vinyl, seamless, coved, standard slip resistant",,By Space Type,3_1b6$iqPAYeElxRrmcBpd,59 W,Power Density,2700,"Store - Files, 10m2",PAT.07.087,0,Rooms,AROO,Rooms,PAT,12.042010963911006,Architecture,WBH-W-07.087,"Store - Files, 10m2",02,YES,SL_90_10,Room Spaces,1-2 staff intermittently,0,New Construction,20.00%,Power Density,,Yes,0,DR,73 W,0.0,0 W,10.76 W/m²,0 W,13.99 W/m²,132 W,2700,LEVEL 07,0.0,AR Rooms
2026-08-01 19:58:17,14663265,NWB-ARC-WBH-AR-MOD-0035.rvt : 23 : location Internal,NWB-ARC-WBH-AR-MOD-0035,15089826,fe0651bf-b346-4a8a-83af-edbd707efce3-00e640a2,PAT.07.086,"Bay - Multifunction Device, 7m2",LEVEL 07,New Construction,Pathology,PAT,,,,11.8 m²,15339,189.569141,392.923677,206.692913,0 W,0.00 W/m²,0 W,0.00 W/m²,28.6 m²,By Space Type,0,By Space Type,0.0,0.0,0.0,-2000160,"CEILING: acoustic, drop-in tiles, 600 x 1200",,,0,-1,40.857143,15.06.2026,CLTI-002,,FLCP-006,,FLSK-031,WLFI-001,Staff Areas,,WBH.PAT.02.020,109074,21/07/2026,BMFD-7,7,,NWB-ARC-WBH-AR-RLS-PAT.02.020,,SC,By Type,FLOOR FINISH: carpet tiles,,By Space Type,3_1b6$iqPAYeElxRrmcBn1,59 W,Power Density,2700,"Bay - Multifunction Device, 7m2",PAT.07.086,0,Rooms,AROO,Rooms,PAT,7.636706051558477,Architecture,WBH-W-07.086,"Bay - Multifunction Device, 7m2",02,YES,SL_90_10,Room Spaces,1-2 staff intermittently,0,New Construction,20.00%,Power Density,,Yes,0,SC,73 W,0.0,0 W,10.76 W/m²,0 W,13.99 W/m²,132 W,2700,LEVEL 07,0.0,AR Rooms
2026-08-01 19:58:17,14663265,NWB-ARC-WBH-AR-MOD-0035.rvt : 23 : location Internal,NWB-ARC-WBH-AR-MOD-0035,15090126,fe0651bf-b346-4a8a-83af-edbd707efce3-00e641ce,PAT.07.053,Pre-Analytical Zone,LEVEL 07,New Construction,Pathology,PAT,,,,83.5 m²,47937,261.974779,402.551264,206.692913,0 W,0.00 W/m²,0 W,0.00 W/m²,28.6 m²,By Space Type,0,By Space Type,0.0,0.0,0.0,-2000160,,,,0,-1,66.98,15.06.2026,,,FLVY-007,,FLSK-010,WLFI-001,Laboratory,,WBH.PAT.01.002,109038,29/07/2026,PRE-ANALYTICAL,50,,NWB-ARC-WBH-AR-RLS-PAT.01.002,,NS,By Type,"FLOOR FINISH: vinyl, seamless, coved, standard slip resistant",Typical Room,By Space Type,3_1b6$iqPAYeElxRrmcBqj,59 W,Power Density,2700,Pre-Analytical Zone,PAT.07.053,0,Rooms,AROO,Rooms,PAT,48.64953375000048,Architecture,WBH-W-07.053,Pre-Analytical Zone,01,YES,SL_90_10,Room Spaces,,0,New Construction,20.00%,Power Density,,Yes,0,NS,73 W,0.0,0 W,10.76 W/m²,0 W,13.99 W/m²,132 W,2700,LEVEL 07,0.0,AR Rooms
2026-08-01 19:58:17,14663265,NWB-ARC-WBH-AR-MOD-0035.rvt : 23 : location Internal,NWB-ARC-WBH-AR-MOD-0035,15090493,fe0651bf-b346-4a8a-83af-edbd707efce3-00e6433d,PAT.07.056,Store - General,LEVEL 07,New Construction,Pathology,PAT,,,,30.1 m²,24023,401.312336,446.005424,206.692913,0 W,0.00 W/m²,0 W,0.00 W/m²,28.6 m²,By Space Type,0,By Space Type,0.0,0.0,0.0,-2000160,"CEILING: plasterboard, drop-in tiles, prefinished, 600 x 1200",,,0,-1,9,15.06.2026,CLTI-008,,FLVY-007,,FLSK-010,WLFI-001,Laboratory,,WBH.PAT.01.012,109048,21/07/2026,STGN,20,,NWB-ARC-WBH-AR-RLS-PAT.01.012,,DR,By Type,"FLOOR FINISH: vinyl, seamless, coved, standard slip resistant",Typical Room,By Space Type,3_1b6$iqPAYeElxRrmcB$U,59 W,Power Density,2700,Store - General,PAT.07.056,0,Rooms,AROO,Rooms,PAT,20.7205909996497,Architecture,WBH-W-07.056,Store - General,01,YES,SL_90_10,Room Spaces,"1-2 staff, intermittently",0,New Construction,20.00%,Power Density,,Yes,0,DR,73 W,0.0,0 W,10.76 W/m²,0 W,13.99 W/m²,132 W,2700,LEVEL 07,0.0,AR Rooms
2026-08-01 19:58:17,14663265,NWB-ARC-WBH-AR-MOD-0035.rvt : 23 : location Internal,NWB-ARC-WBH-AR-MOD-0035,15090499,fe0651bf-b346-4a8a-83af-edbd707efce3-00e64343,PAT.07.066,"Laboratory, Microbiology",LEVEL 07,New Construction,Pathology,PAT,,,,80.8 m²,51024,358.966902,443.015721,206.692913,0 W,0.00 W/m²,0 W,0.00 W/m²,28.6 m²,By Space Type,0,By Space Type,0.0,0.0,0.0,-2000160,,,,0,-1,0,15.06.2026,,,FLVY-007,,FLSK-010,WLFI-001,Laboratory,,WBH.PAT.01.028,115640,21/07/2026,MICROBIOLOGY,0,,NWB-ARC-WBH-AR-RLS-PAT.01.028,,NS,By Type,"FLOOR FINISH: vinyl, seamless, coved, standard slip resistant",Typical Room,By Space Type,3_1b6$iqPAYeElxRrmcB_W,59 W,Power Density,2700,"Laboratory, Microbiology",PAT.07.066,0,Rooms,AROO,Rooms,PAT,63.63654174793248,Architecture,WBH-W-07.066,"Laboratory, Microbiology",01,YES,SL_90_10,Room Spaces,,0,New Construction,20.00%,Power Density,,Yes,0,NS,73 W,0.0,0 W,10.76 W/m²,0 W,13.99 W/m²,132 W,2700,LEVEL 07,0.0,AR Rooms
2026-08-01 19:58:17,14663265,NWB-ARC-WBH-AR-MOD-0035.rvt : 23 : location Internal,NWB-ARC-WBH-AR-MOD-0035,15090506,fe0651bf-b346-4a8a-83af-edbd707efce3-00e6434a,PAT.07.109,Microbiology MS,LEVEL 07,New Construction,Pathology,PAT,,,,0.9 m²,3739,375.167901,435.487904,206.692913,0 W,0.00 W/m²,0 W,0.00 W/m²,28.6 m²,By Space Type,0,By Space Type,0.0,0.0,0.0,-2000160,,,,0,-1,0,15.06.2026,,,FLVY-007,,FLSK-010,WLFI-001,Laboratory,,WBH.PAT.01.041,116503,21/07/2026,MICRO-MS,0,,NWB-ARC-WBH-AR-RLS-NS-LAB-MICRO-80-PAT,,NS,By Type,"FLOOR FINISH: vinyl, seamless, coved, standard slip resistant",Refer to Typical Room,By Space Type,3_1b6$iqPAYeElxRrmcB_f,59 W,Power Density,2700,Microbiology MS,PAT.07.109,0,Rooms,AROO,Rooms,PAT,3.739120000678109,Architecture,WBH-W-07.109,Microbiology MS,01,YES,SL_90_10,Room Spaces,,0,New Construction,20.00%,Power Density,,Yes,0,NS,73 W,0.0,0 W,10.76 W/m²,0 W,13.99 W/m²,132 W,2700,LEVEL 07,0.0,AR Rooms
2026-08-01 19:58:17,14663265,NWB-ARC-WBH-AR-MOD-0035.rvt : 23 : location Internal,NWB-ARC-WBH-AR-MOD-0035,15090509,fe0651bf-b346-4a8a-83af-edbd707efce3-00e6434d,PAT.07.108,Microbiology MS,LEVEL 07,New Construction,Pathology,PAT,,,,0.9 m²,3818,369.694841,437.197456,206.692913,0 W,0.00 W/m²,0 W,0.00 W/m²,28.6 m²,By Space Type,0,By Space Type,0.0,0.0,0.0,-2000160,,,,0,-1,0,15.06.2026,,,FLVY-007,,FLSK-010,WLFI-001,Laboratory,,WBH.PAT.01.042,116504,21/07/2026,MICRO-MS,0,,NWB-ARC-WBH-AR-RLS-PAT.01.042,,NS,By Type,"FLOOR FINISH: vinyl, seamless, coved, standard slip resistant",Refer to Typical Room,By Space Type,3_1b6$iqPAYeElxRrmcB_k,59 W,Power Density,2700,Microbiology MS,PAT.07.108,0,Rooms,AROO,Rooms,PAT,3.739120000662752,Architecture,WBH-W-07.108,Microbiology MS,01,YES,SL_90_10,Room Spaces,,0,New Construction,20.00%,Power Density,,Yes,0,NS,73 W,0.0,0 W,10.76 W/m²,0 W,13.99 W/m²,132 W,2700,LEVEL 07,0.0,AR Rooms
2026-08-01 19:58:17,14663265,NWB-ARC-WBH-AR-MOD-0035.rvt : 23 : location Internal,NWB-ARC-WBH-AR-MOD-0035,15090512,fe0651bf-b346-4a8a-83af-edbd707efce3-00e64350,PAT.07.061,"Store, Specimen, 10m2",LEVEL 07,New Construction,Pathology,PAT,,,,30.0 m²,23464,332.878937,391.710804,206.692913,0 W,0.00 W/m²,0 W,0.00 W/m²,28.6 m²,By Space Type,0,By Space Type,0.0,0.0,0.0,-2000160,"CEILING: plasterboard, drop-in tiles, prefinished, 600 x 1200",,,0,-1,204.3,15.06.2026,CLTI-008,,FLVY-007,,FLSK-010,WLFI-001,Laboratory,,WBH.PAT.01.022,113724,21/07/2026,ST-SPEC,10,,NWB-ARC-WBH-AR-RLS-PAT.01.022,,DR,By Type,"FLOOR FINISH: vinyl, seamless, coved, standard slip resistant",Typical Room,By Space Type,3_1b6$iqPAYeElxRrmcB_p,59 W,Power Density,2700,"Store, Specimen, 10m2",PAT.07.061,0,Rooms,AROO,Rooms,PAT,12.387015000771184,Architecture,WBH-W-07.061,"Store, Specimen, 10m2",01,YES,SL_90_10,Room Spaces,"1-2 staff, intermittently",0,New Construction,20.00%,Power Density,,Yes,0,DR,73 W,0.0,0 W,10.76 W/m²,0 W,13.99 W/m²,132 W,2700,LEVEL 07,0.0,AR Rooms
2026-08-01 19:58:17,14663265,NWB-ARC-WBH-AR-MOD-0035.rvt : 23 : location Internal,NWB-ARC-WBH-AR-MOD-0035,15090515,fe0651bf-b346-4a8a-83af-edbd707efce3-00e64353,PAT.07.067,APATH-Grossing (Cut-Up),LEVEL 07,New Construction,Pathology,PAT,,,,53.9 m²,32408,369.885171,397.042354,206.692913,0 W,0.00 W/m²,0 W,0.00 W/m²,28.6 m²,By Space Type,0,By Space Type,0.0,0.0,0.0,-2000160,,,,0,-1,0,15.06.2026,,,FLVY-007,,FLSK-010,WLFI-001,Laboratory,,WBH.PAT.01.029,115676,21/07/2026,CUT UP,0,,NWB-ARC-WBH-AR-RLS-PAT.01.029,,NS,By Type,"FLOOR FINISH: vinyl, seamless, coved, standard slip resistant",Typical Room,By Space Type,3_1b6$iqPAYeElxRrmcB_m,59 W,Power Density,2700,APATH-Grossing (Cut-Up),PAT.07.067,0,Rooms,AROO,Rooms,PAT,27.24252499892692,Architecture,WBH-W-07.067,APATH-Grossing (Cut-Up),01,YES,SL_90_10,Room Spaces,,0,New Construction,20.00%,Power Density,,Yes,0,NS,73 W,0.0,0 W,10.76 W/m²,0 W,13.99 W/m²,132 W,2700,LEVEL 07,0.0,AR Rooms
2026-08-01 19:58:17,14663265,NWB-ARC-WBH-AR-MOD-0035.rvt : 23 : location Internal,NWB-ARC-WBH-AR-MOD-0035,15091134,fe0651bf-b346-4a8a-83af-edbd707efce3-00e645be,PAT.07.069,APATH-Specimen Receival,LEVEL 07,New Construction,Pathology,PAT,,,,29.2 m²,23778,329.343832,402.158639,206.692913,0 W,0.00 W/m²,0 W,0.00 W/m²,28.6 m²,By Space Type,0,By Space Type,0.0,0.0,0.0,-2000160,,,,0,-1,0,15.06.2026,,,FLVY-007,,FLSK-010,WLFI-001,Laboratory,,WBH.PAT.01.031,115678,21/07/2026,SPEC-RECV,0,,NWB-ARC-WBH-AR-RLS-PAT.01.031,,NS,By Type,"FLOOR FINISH: vinyl, seamless, coved, standard slip resistant",Typical Room,By Space Type,3_1b6$iqPAYeElxRrmcBbT,59 W,Power Density,2700,APATH-Specimen Receival,PAT.07.069,0,Rooms,AROO,Rooms,PAT,12.6970287513034,Architecture,WBH-W-07.069,APATH-Specimen Receival,01,YES,SL_90_10,Room Spaces,,0,New Construction,20.00%,Power Density,,Yes,0,NS,73 W,0.0,0 W,10.76 W/m²,0 W,13.99 W/m²,132 W,2700,LEVEL 07,0.0,AR Rooms
2026-08-01 19:58:17,14663265,NWB-ARC-WBH-AR-MOD-0035.rvt : 23 : location Internal,NWB-ARC-WBH-AR-MOD-0035,15093730,de27fd55-886a-4599-a0c9-bfbe13ada99f-00e64d2d,PAT.07.105,Cleaner's Room,LEVEL 07,New Construction,Pathology,PAT,,,,12.1 m²,15146,313.607283,389.414216,206.692913,0 W,0.00 W/m²,0 W,0.00 W/m²,28.6 m²,By Space Type,0,By Space Type,0.0,0.0,0.0,-2000160,"CEILING: plasterboard, water resistant, drop-in tiles, prefinished, 600 x 1200",,,0,-1,20.7,15.06.2026,CLTI-014,,FLVY-004,,FLSK-010,WLFI-001,Support,,WBH.PAT.03.001,113726,21/07/2026,CLRM-10,10,,NWB-ARC-WBH-AR-RLS-PAT.03.001,,PS,By Type,"FLOOR FINISH: vinyl, seamless, coved, non-slip, safety",Refer to Typical Room,By Space Type,3U9$rLY6f5cQ39lxuJI_Io,59 W,Power Density,2700,Cleaner's Room,PAT.07.105,0,Rooms,AROO,Rooms,PAT,11.749920000707718,Architecture,WBH-W-07.105,Cleaner's Room,03,YES,SL_90_10,Room Spaces,1-2 staff intermittently,0,New Construction,20.00%,Power Density,,Yes,0,PS-CLRM,73 W,0.0,0 W,10.76 W/m²,0 W,13.99 W/m²,132 W,2700,LEVEL 07,0.0,AR Rooms
2026-08-01 19:58:17,14663265,NWB-ARC-WBH-AR-MOD-0035.rvt : 23 : location Internal,NWB-ARC-WBH-AR-MOD-0035,15093736,de27fd55-886a-4599-a0c9-bfbe13ada99f-00e64d36,PAT.07.106,"Disposal Room, 10m2",LEVEL 07,New Construction,Pathology,PAT,,,,10.8 m²,14940,313.67126,396.714085,206.692913,0 W,0.00 W/m²,0 W,0.00 W/m²,28.6 m²,By Space Type,0,By Space Type,0.0,0.0,0.0,-2000160,"CEILING: plasterboard, drop-in tiles, prefinished, 600 x 1200",,,0,-1,7.8,15.06.2026,CLTI-008,,FLVY-007,,FLSK-010,WLFI-001,Support,,WBH.PAT.03.002,113727,21/07/2026,DISP-10,10,,NWB-ARC-WBH-AR-RLS-PAT.03.002,,,By Type,"FLOOR FINISH: vinyl, seamless, coved, standard slip resistant",,By Space Type,3U9$rLY6f5cQ39lxuJI_If,59 W,Power Density,2700,"Disposal Room, 10m2",PAT.07.106,0,Rooms,AROO,Rooms,PAT,11.32064791735911,Architecture,WBH-W-07.106,"Disposal Room, 10m2",03,YES,SL_90_10,Room Spaces,,0,New Construction,20.00%,Power Density,,Yes,0,SC,73 W,0.0,0 W,10.76 W/m²,0 W,13.99 W/m²,132 W,2700,LEVEL 07,0.0,AR Rooms
2026-08-01 19:58:17,14663265,NWB-ARC-WBH-AR-MOD-0035.rvt : 23 : location Internal,NWB-ARC-WBH-AR-MOD-0035,15093740,de27fd55-886a-4599-a0c9-bfbe13ada99f-00e64e40,PPT.07.160,"Waiting, 20m2",LEVEL 07,New Construction,Perinatal Pathology,PPT,,,,24.6 m²,24385,314.801509,281.062839,206.692913,0 W,0.00 W/m²,0 W,0.00 W/m²,28.6 m²,By Space Type,0,By Space Type,0.0,0.0,0.0,-2000160,"CEILING: acoustic, drop-in tiles, 600 x 1200",,,0,-1,22.95,15.06.2026,CLTI-002,,FLVY-500,,FLSK-010,WLFI-001,Waiting and Viewing,,WBH.PPT.01.005,113741,21/07/2026,WAIT-20,20,,NWB-ARC-WBH-AR-RLS-PPT.01.005,,DR,By Type,"FLOOR FINISH: vinyl, seamless, coved, standard slip resistant, feature",Typical Room,By Space Type,3U9$rLY6f5cQ39lxuJI_VV,59 W,Power Density,2700,"Waiting, 20m2",PPT.07.160,0,Rooms,AROO,Rooms,PPT,25.65267600147156,Architecture,WBH-W-07.160,"Waiting, 20m2",01,YES,SL_90_10,Room Spaces,Up to 17,0,New Construction,20.00%,Power Density,,Yes,0,DR,73 W,0.0,0 W,10.76 W/m²,0 W,13.99 W/m²,132 W,2700,LEVEL 07,0.0,AR Rooms
2026-08-01 19:58:17,14663265,NWB-ARC-WBH-AR-MOD-0035.rvt : 23 : location Internal,NWB-ARC-WBH-AR-MOD-0035,15093742,de27fd55-886a-4599-a0c9-bfbe13ada99f-00e64e43,PPT.07.158,Viewing Room,LEVEL 07,New Construction,Perinatal Pathology,PPT,,,,27.8 m²,22324,331.64042,283.776093,206.692913,0 W,0.00 W/m²,0 W,0.00 W/m²,28.6 m²,By Space Type,0,By Space Type,0.0,0.0,0.0,-2000160,"CEILING: plasterboard, flush set, suspended, paint, washable",,,0,-1,39.1,15.06.2026,CLFS-006,,FLVY-007,,FLSK-010,WLFI-001,Waiting and Viewing,,WBH.PPT.01.003,109084,21/07/2026,VIEW,20,,NWB-ARC-WBH-AR-RLS-PPT.01.003,,NS,By Type,"FLOOR FINISH: vinyl, seamless, coved, standard slip resistant",Typical Room,By Space Type,3U9$rLY6f5cQ39lxuJI_VS,59 W,Power Density,2700,Viewing Room,PPT.07.158,0,Rooms,AROO,Rooms,PPT,19.687830002008763,Architecture,WBH-W-07.158,Viewing Room,01,YES,SL_90_10,Room Spaces,up to 10 visitors; 1 staff,0,New Construction,20.00%,Power Density,,Yes,0,NS,73 W,0.0,0 W,10.76 W/m²,0 W,13.99 W/m²,132 W,2700,LEVEL 07,0.0,AR Rooms
2026-08-01 19:58:17,14663265,NWB-ARC-WBH-AR-MOD-0035.rvt : 23 : location Internal,NWB-ARC-WBH-AR-MOD-0035,15093746,de27fd55-886a-4599-a0c9-bfbe13ada99f-00e64e49,PPT.07.168,Memento Room,LEVEL 07,New Construction,Perinatal Pathology,PPT,,,,29.6 m²,23719,360.492903,275.901743,206.692913,0 W,0.00 W/m²,0 W,0.00 W/m²,28.6 m²,By Space Type,0,By Space Type,0.0,0.0,0.0,-2000160,"CEILING: acoustic, drop-in tiles, 600 x 1200",,,0,-1,47.8,15.06.2026,CLTI-002,,FLVY-007,,FLSK-010,WLFI-001,Staff/Support Area,,WBH.PPT.03.005,109094,21/07/2026,MEM,20,,NWB-ARC-WBH-AR-RLS-PPT.03.005,,NS,By Type,"FLOOR FINISH: vinyl, seamless, coved, standard slip resistant",Typical Room,By Space Type,3U9$rLY6f5cQ39lxuJI_VM,59 W,Power Density,2700,Memento Room,PPT.07.168,0,Rooms,AROO,Rooms,PPT,22.095555002083174,Architecture,WBH-W-07.168,Memento Room,03,YES,SL_90_10,Room Spaces,Up to 6 patients/ visitors; 1-2 staff intermittently,0,New Construction,20.00%,Power Density,,Yes,0,NS,73 W,0.0,0 W,10.76 W/m²,0 W,13.99 W/m²,132 W,2700,LEVEL 07,0.0,AR Rooms
2026-08-01 19:58:17,14663265,NWB-ARC-WBH-AR-MOD-0035.rvt : 23 : location Internal,NWB-ARC-WBH-AR-MOD-0035,15093748,de27fd55-886a-4599-a0c9-bfbe13ada99f-00e64e4c,PPT.07.182,Store - General,LEVEL 07,New Construction,Perinatal Pathology,PPT,,,,14.3 m²,15676,369.898687,286.789259,206.692913,0 W,0.00 W/m²,0 W,0.00 W/m²,28.6 m²,By Space Type,0,By Space Type,0.0,0.0,0.0,-2000160,"CEILING: plasterboard, drop-in tiles, prefinished, 600 x 1200",,,0,-1,58.444444,15.06.2026,CLTI-008,,FLVY-007,,FLSK-010,WLFI-001,Staff/Support Area,,WBH.PPT.03.020,113751,21/07/2026,STGN,9,,NWB-ARC-WBH-AR-RLS-PPT.03.020,,SC,By Type,"FLOOR FINISH: vinyl, seamless, coved, standard slip resistant",,By Space Type,3U9$rLY6f5cQ39lxuJI_VJ,59 W,Power Density,2700,Store - General,PPT.07.182,0,Rooms,AROO,Rooms,PPT,11.532775500946702,Architecture,WBH-W-07.182,Store - General,03,YES,SL_90_10,Room Spaces,"1-2 staff, intermittently",0,New Construction,20.00%,Power Density,,Yes,0,SC,73 W,0.0,0 W,10.76 W/m²,0 W,13.99 W/m²,132 W,2700,LEVEL 07,0.0,AR Rooms
2026-08-01 19:58:17,14663265,NWB-ARC-WBH-AR-MOD-0035.rvt : 23 : location Internal,NWB-ARC-WBH-AR-MOD-0035,15093753,de27fd55-886a-4599-a0c9-bfbe13ada99f-00e64ea5,PPT.07.170,Store - General,LEVEL 07,New Construction,Perinatal Pathology,PPT,,,,15.0 m²,15646,370.625913,275.693838,206.692913,0 W,0.00 W/m²,0 W,0.00 W/m²,28.6 m²,By Space Type,0,By Space Type,0.0,0.0,0.0,-2000160,"CEILING: plasterboard, drop-in tiles, prefinished, 600 x 1200",,,0,-1,24.75,15.06.2026,CLTI-008,,FLVY-007,,FLSK-010,WLFI-001,Staff/Support Area,,WBH.PPT.03.007,109096,21/07/2026,STGN,12,,NWB-ARC-WBH-AR-RLS-PPT.03.007,,DR,By Type,"FLOOR FINISH: vinyl, seamless, coved, standard slip resistant",Typical Room,By Space Type,3U9$rLY6f5cQ39lxuJI_Sw,59 W,Power Density,2700,Store - General,PPT.07.170,0,Rooms,AROO,Rooms,PPT,9.848955748627771,Architecture,WBH-W-07.170,Store - General,03,YES,SL_90_10,Room Spaces,"1-2 staff, intermittently",0,New Construction,20.00%,Power Density,,Yes,0,DR,73 W,0.0,0 W,10.76 W/m²,0 W,13.99 W/m²,132 W,2700,LEVEL 07,0.0,AR Rooms
2026-08-01 19:58:17,14663265,NWB-ARC-WBH-AR-MOD-0035.rvt : 23 : location Internal,NWB-ARC-WBH-AR-MOD-0035,15093755,de27fd55-886a-4599-a0c9-bfbe13ada99f-00e64ea8,PPT.07.174,Bay - CT Scanning,LEVEL 07,New Construction,Perinatal Pathology,PPT,,,,1.3 m²,7650,332.225557,248.198013,206.692913,0 W,0.00 W/m²,0 W,0.00 W/m²,28.6 m²,By Space Type,0,By Space Type,0.0,0.0,0.0,-2000160,,,,0,-1,-78.083333,15.06.2026,,,FLVY-007,,,WLFI-001,Staff/Support Area,,WBH.PPT.03.012,109101,21/07/2026,CT,12,,NWB-ARC-WBH-AR-RLS-NS-BAY-CT-12-PPT,,NS,By Type,"FLOOR FINISH: vinyl, seamless, coved, standard slip resistant",Typical Room,By Space Type,3U9$rLY6f5cQ39lxuJI_St,59 W,Power Density,2700,Bay - CT Scanning,PPT.07.174,0,Rooms,AROO,Rooms,PPT,13.380663749999984,Architecture,WBH-W-07.174,Bay - CT Scanning,03,YES,SL_90_10,Room Spaces,,0,New Construction,20.00%,Power Density,,No,0,NS,73 W,0.0,0 W,10.76 W/m²,0 W,13.99 W/m²,132 W,2700,LEVEL 07,0.0,AR Rooms
2026-08-01 19:58:17,14663265,NWB-ARC-WBH-AR-MOD-0035.rvt : 23 : location Internal,NWB-ARC-WBH-AR-MOD-0035,15093757,de27fd55-886a-4599-a0c9-bfbe13ada99f-00e64eab,PPT.07.157,"Toilet, Accessible, 6m2",LEVEL 07,New Construction,Perinatal Pathology,PPT,,,,6.0 m²,9927,315.278031,273.541611,206.692913,0 W,0.00 W/m²,0 W,0.00 W/m²,28.6 m²,By Space Type,0,By Space Type,0.0,0.0,0.0,-2000160,"CEILING: plasterboard, water resistant, drop-in tiles, prefinished, 600 x 1200",,,0,-1,0.833333,15.06.2026,CLTI-014,,FLVY-009,,FLSK-010,WLFI-001,Waiting and Viewing,,WBH.PPT.01.002,109083,21/07/2026,WCAC,6,,NWB-ARC-WBH-AR-RLS-PPT.01.002,,SC,By Type,"FLOOR FINISH: vinyl, seamless, coved, wet area, non-slip",,By Space Type,3U9$rLY6f5cQ39lxuJI_Sq,59 W,Power Density,2700,"Toilet, Accessible, 6m2",PPT.07.157,0,Rooms,AROO,Rooms,PPT,6.403113999998429,Architecture,WBH-W-07.157,"Toilet, Accessible, 6m2",01,YES,SL_90_10,Room Spaces,1,0,New Construction,20.00%,Power Density,D40_Done,Yes,0,SC,73 W,0.0,0 W,10.76 W/m²,0 W,13.99 W/m²,132 W,2700,LEVEL 07,0.0,AR Rooms
2026-08-01 19:58:17,14663265,NWB-ARC-WBH-AR-MOD-0035.rvt : 23 : location Internal,NWB-ARC-WBH-AR-MOD-0035,15093767,de27fd55-886a-4599-a0c9-bfbe13ada99f-00e64f99,PPT.07.164,"Bay - Handwashing, Type B",LEVEL 07,New Construction,Perinatal Pathology,PPT,,,,0.8 m²,3755,308.684002,261.809091,206.692913,0 W,0.00 W/m²,0 W,0.00 W/m²,28.6 m²,By Space Type,0,By Space Type,0.0,0.0,0.0,-2000160,"CEILING: plasterboard, flush set, suspended, paint, washable",,,0,-1,-16,15.06.2026,CLFS-006,,FLVY-003,,FLSK-010,WLFI-001,Entry and Body Hold,,WBH.PPT.02.006,113743,21/07/2026,BHWS-B,1,,Refer to AusHFG BHWS-B,,SC,By Type,"FLOOR FINISH: vinyl, seamless, coved, non slip",,By Space Type,3U9$rLY6f5cQ39lxuJI_O6,59 W,Power Density,2700,"Bay - Handwashing, Type B",PPT.07.164,0,Rooms,AROO,Rooms,PPT,1.081097499999906,Architecture,WBH-W-07.164,"Bay - Handwashing, Type B",02,YES,SL_90_10,Room Spaces,1,0,New Construction,20.00%,Power Density,,No,0,SC,73 W,0.0,0 W,10.76 W/m²,0 W,13.99 W/m²,132 W,2700,LEVEL 07,0.0,AR Rooms
2026-08-01 19:58:17,14663265,NWB-ARC-WBH-AR-MOD-0035.rvt : 23 : location Internal,NWB-ARC-WBH-AR-MOD-0035,15093769,de27fd55-886a-4599-a0c9-bfbe13ada99f-00e64f9c,PPT.07.161,Bay - Mobile Equipment,LEVEL 07,New Construction,Perinatal Pathology,PPT,,,,1.3 m²,4885,310.516441,258.691368,206.692913,0 W,0.00 W/m²,0 W,0.00 W/m²,28.6 m²,By Space Type,0,By Space Type,0.0,0.0,0.0,-2000160,"CEILING: plasterboard, drop-in tiles, prefinished, 600 x 1200",,,0,-1,-56,15.06.2026,CLTI-008,,FLVY-007,,FLSK-010,WLFI-001,Entry and Body Hold,,WBH.PPT.02.002,109087,21/07/2026,BMEQ,3,,NWB-ARC-WBH-AR-RLS-DR-BMEQ-3-PPT,,DR,By Type,"FLOOR FINISH: vinyl, seamless, coved, standard slip resistant",Typical Room,By Space Type,3U9$rLY6f5cQ39lxuJI_O3,59 W,Power Density,2700,Bay - Mobile Equipment,PPT.07.161,0,Rooms,AROO,Rooms,PPT,2.8045999999997844,Architecture,WBH-W-07.161,Bay - Mobile Equipment,02,YES,SL_90_10,Room Spaces,,0,New Construction,20.00%,Power Density,,No,0,DR,73 W,0.0,0 W,10.76 W/m²,0 W,13.99 W/m²,132 W,2700,LEVEL 07,0.0,AR Rooms
2026-08-01 19:58:17,14663265,NWB-ARC-WBH-AR-MOD-0035.rvt : 23 : location Internal,NWB-ARC-WBH-AR-MOD-0035,15093771,de27fd55-886a-4599-a0c9-bfbe13ada99f-00e64f9f,PPT.07.163,Body Reception,LEVEL 07,New Construction,Perinatal Pathology,PPT,,,,13.1 m²,15695,312.47055,267.202132,206.692913,0 W,0.00 W/m²,0 W,0.00 W/m²,28.6 m²,By Space Type,0,By Space Type,0.0,0.0,0.0,-2000160,,,,0,-1,64.25,15.06.2026,,,FLVY-007,,FLSK-010,WLFI-001,Entry and Body Hold,,WBH.PPT.02.005,113742,21/07/2026,B-RECP,8,,NWB-ARC-WBH-AR-RLS-PPT.02.005,,NS,By Type,"FLOOR FINISH: vinyl, seamless, coved, standard slip resistant",Typical Room,By Space Type,3U9$rLY6f5cQ39lxuJI_O0,59 W,Power Density,2700,Body Reception,PPT.07.163,0,Rooms,AROO,Rooms,PPT,11.61198150000069,Architecture,WBH-W-07.163,Body Reception,02,YES,SL_90_10,Room Spaces,,0,New Construction,20.00%,Power Density,,Yes,0,NS,73 W,0.0,0 W,10.76 W/m²,0 W,13.99 W/m²,132 W,2700,LEVEL 07,0.0,AR Rooms
2026-08-01 19:58:17,14663265,NWB-ARC-WBH-AR-MOD-0035.rvt : 23 : location Internal,NWB-ARC-WBH-AR-MOD-0035,15093773,de27fd55-886a-4599-a0c9-bfbe13ada99f-00e64fc5,PPT.07.162,Body Hold,LEVEL 07,New Construction,Perinatal Pathology,PPT,,,,33.6 m²,29667,329.995899,263.469335,206.692913,0 W,0.00 W/m²,0 W,0.00 W/m²,28.6 m²,By Space Type,0,By Space Type,0.0,0.0,0.0,-2000160,"CEILING: plasterboard, flush set, suspended, paint, washable",,,0,-1,109.625,15.06.2026,CLFS-006,,FLVY-004,,FLSK-010,WLFI-001,Entry and Body Hold,,WBH.PPT.02.004,109089,21/07/2026,BODY HOLD,16,,NWB-ARC-WBH-AR-RLS-PPT.02.004,,NS,By Type,"FLOOR FINISH: vinyl, seamless, coved, non-slip, safety",Typical Room,By Space Type,3U9$rLY6f5cQ39lxuJI_PQ,59 W,Power Density,2700,Body Hold,PPT.07.162,0,Rooms,AROO,Rooms,PPT,23.54743474999927,Architecture,WBH-W-07.162,Body Hold,02,YES,SL_90_10,Room Spaces,1 - 2 staff intermittently,0,New Construction,20.00%,Power Density,,Yes,0,NS,73 W,0.0,0 W,10.76 W/m²,0 W,13.99 W/m²,132 W,2700,LEVEL 07,0.0,AR Rooms
2026-08-01 19:58:17,14663265,NWB-ARC-WBH-AR-MOD-0035.rvt : 23 : location Internal,NWB-ARC-WBH-AR-MOD-0035,15093775,de27fd55-886a-4599-a0c9-bfbe13ada99f-00e64fc8,PPT.07.172,"Store, Flammable Liquids, 5m2",LEVEL 07,New Construction,Perinatal Pathology,PPT,,,,1.5 m²,5797,335.075371,239.727415,206.692913,0 W,0.00 W/m²,0 W,0.00 W/m²,28.6 m²,By Space Type,0,By Space Type,0.0,0.0,0.0,-2000160,,,,0,-1,-64.4,15.06.2026,,,,,,,Staff/Support Area,,WBH.PPT.03.009,109098,21/07/2026,ST-FLAMMABLE LIQUIDS,5,,NWB-ARC-WBH-AR-RLS-NS-ST-FLAM-5-PPT,,NS,By Type,,Typical Room,By Space Type,3U9$rLY6f5cQ39lxuJI_PN,59 W,Power Density,2700,"Store, Flammable Liquids, 5m2",PPT.07.172,0,Rooms,AROO,Rooms,PPT,5.069070000001849,Architecture,WBH-W-07.172,"Store, Flammable Liquids, 5m2",03,YES,SL_90_10,Room Spaces,,0,New Construction,20.00%,Power Density,,Yes,0,NS,73 W,0.0,0 W,10.76 W/m²,0 W,13.99 W/m²,132 W,2700,LEVEL 07,0.0,AR Rooms
2026-08-01 19:58:17,14663265,NWB-ARC-WBH-AR-MOD-0035.rvt : 23 : location Internal,NWB-ARC-WBH-AR-MOD-0035,15093777,de27fd55-886a-4599-a0c9-bfbe13ada99f-00e64fcb,PPT.07.173,"Store, Tissue Samples, 4m2",LEVEL 07,New Construction,Perinatal Pathology,PPT,,,,4.3 m²,8279,308.970058,255.088197,206.692913,0 W,0.00 W/m²,0 W,0.00 W/m²,28.6 m²,By Space Type,0,By Space Type,0.0,0.0,0.0,-2000160,,,,0,-1,7,15.06.2026,,,,,,,Staff/Support Area,,WBH.PPT.03.011,109100,21/07/2026,ST-TISSUE,4,,NWB-ARC-WBH-AR-RLS-PPT.03.011,,NS,By Type,,Typical Room,By Space Type,3U9$rLY6f5cQ39lxuJI_PK,59 W,Power Density,2700,"Store, Tissue Samples, 4m2",PPT.07.173,0,Rooms,AROO,Rooms,PPT,3.0541549999999638,Architecture,WBH-W-07.173,"Store, Tissue Samples, 4m2",03,YES,SL_90_10,Room Spaces,,0,New Construction,20.00%,Power Density,,Yes,0,NS,73 W,0.0,0 W,10.76 W/m²,0 W,13.99 W/m²,132 W,2700,LEVEL 07,0.0,AR Rooms
2026-08-01 19:58:17,14663265,NWB-ARC-WBH-AR-MOD-0035.rvt : 23 : location Internal,NWB-ARC-WBH-AR-MOD-0035,15093779,de27fd55-886a-4599-a0c9-bfbe13ada99f-00e64fce,PPT.07.187,Autopsy Room - Perinatal,LEVEL 07,New Construction,Perinatal Pathology,PPT,,,,50.0 m²,40742,327.346003,241.863712,206.692913,0 W,0.00 W/m²,0 W,0.00 W/m²,28.6 m²,By Space Type,0,By Space Type,0.0,0.0,0.0,-2000160,,,,0,-1,21,15.06.2026,,,FLVY-004,,FLSK-010,WLFI-001,Perinatal Autopsy Suite,,WBH.PPT.04.004,109105,21/07/2026,AUTOPSY RM,40,,NWB-ARC-WBH-AR-RLS-PPT.04.004,,NS,By Type,"FLOOR FINISH: vinyl, seamless, coved, non-slip, safety",Typical Room,By Space Type,3U9$rLY6f5cQ39lxuJI_PH,59 W,Power Density,2700,Autopsy Room - Perinatal,PPT.07.187,0,Rooms,AROO,Rooms,PPT,46.42224250003164,Architecture,WBH-W-07.187,Autopsy Room - Perinatal,04,YES,SL_90_10,Room Spaces,,0,New Construction,20.00%,Power Density,,Yes,0,NS,73 W,0.0,0 W,10.76 W/m²,0 W,13.99 W/m²,132 W,2700,LEVEL 07,0.0,AR Rooms
2026-08-01 19:58:17,14663265,NWB-ARC-WBH-AR-MOD-0035.rvt : 23 : location Internal,NWB-ARC-WBH-AR-MOD-0035,15093783,de27fd55-886a-4599-a0c9-bfbe13ada99f-00e64fd4,PPT.07.171,Cleaner's Room,LEVEL 07,New Construction,Perinatal Pathology,PPT,,,,12.1 m²,16361,350.264254,244.182502,206.692913,0 W,0.00 W/m²,0 W,0.00 W/m²,28.6 m²,By Space Type,0,By Space Type,0.0,0.0,0.0,-2000160,"CEILING: plasterboard, water resistant, drop-in tiles, prefinished, 600 x 1200",,,0,-1,21,,CLTI-014,,FLVY-004,,FLSK-010,WLFI-001,Staff/Support Area,,WBH.PPT.03.008,109097,21/07/2026,CLRM-10,10,,NWB-ARC-WBH-AR-RLS-PPT.03.008,,PS,By Type,"FLOOR FINISH: vinyl, seamless, coved, non-slip, safety",Refer to Typical Room,By Space Type,3U9$rLY6f5cQ39lxuJI_PB,59 W,Power Density,2700,Cleaner's Room,PPT.07.171,0,Rooms,AROO,Rooms,PPT,9.731574999345945,Architecture,WBH-W-07.171,Cleaner's Room,03,YES,SL_90_10,Room Spaces,1-2 staff intermittently,0,New Construction,20.00%,Power Density,,Yes,0,PS-CLRM,73 W,0.0,0 W,10.76 W/m²,0 W,13.99 W/m²,132 W,2700,LEVEL 07,0.0,AR Rooms
2026-08-01 19:58:17,14663265,NWB-ARC-WBH-AR-MOD-0035.rvt : 23 : location Internal,NWB-ARC-WBH-AR-MOD-0035,15093785,de27fd55-886a-4599-a0c9-bfbe13ada99f-00e64fd7,PPT.07.188,"Universal Change, Staff, 7m2",LEVEL 07,New Construction,Perinatal Pathology,PPT,,,,10.1 m²,12889,311.154131,232.456631,206.692913,0 W,0.00 W/m²,0 W,0.00 W/m²,28.6 m²,By Space Type,0,By Space Type,0.0,0.0,0.0,-2000160,"CEILING: plasterboard, water resistant, flush set, suspended, paint, washable",,,0,-1,44.285714,15.06.2026,CLFS-009,,FLVY-009,,FLSK-010,WLFI-001,Perinatal Autopsy Suite,,WBH.PPT.04.005,113756,21/07/2026,CHST,7,,NWB-ARC-WBH-AR-RLS-PPT.04.005,,PS,By Type,"FLOOR FINISH: vinyl, seamless, coved, wet area, non-slip",Refer to Typical Room,By Space Type,3U9$rLY6f5cQ39lxuJI_P8,59 W,Power Density,2700,"Universal Change, Staff, 7m2",PPT.07.188,0,Rooms,AROO,Rooms,PPT,8.401723999998213,Architecture,WBH-W-07.188,"Universal Change, Staff, 7m2",04,YES,SL_90_10,Room Spaces,"1-3 staff, intermittently",0,New Construction,20.00%,Power Density,,Yes,0,PS-CHST,73 W,0.0,0 W,10.76 W/m²,0 W,13.99 W/m²,132 W,2700,LEVEL 07,0.0,AR Rooms
2026-08-01 19:58:17,14663265,NWB-ARC-WBH-AR-MOD-0035.rvt : 23 : location Internal,NWB-ARC-WBH-AR-MOD-0035,15093787,de27fd55-886a-4599-a0c9-bfbe13ada99f-00e64fda,PPT.07.189,"Universal Change, Staff, 7m2",LEVEL 07,New Construction,Perinatal Pathology,PPT,,,,10.0 m²,12837,324.142815,234.346949,206.692913,0 W,0.00 W/m²,0 W,0.00 W/m²,28.6 m²,By Space Type,0,By Space Type,0.0,0.0,0.0,-2000160,"CEILING: plasterboard, water resistant, flush set, suspended, paint, washable",,,0,-1,42.285714,15.06.2026,CLFS-009,,FLVY-009,,FLSK-010,WLFI-001,Perinatal Autopsy Suite,,WBH.PPT.04.006,113757,21/07/2026,CHST,7,,NWB-ARC-GEN-AR-RLS-PS-CHST,,PS,By Type,"FLOOR FINISH: vinyl, seamless, coved, wet area, non-slip",Refer to Typical Room,By Space Type,3U9$rLY6f5cQ39lxuJI_P5,59 W,Power Density,2700,"Universal Change, Staff, 7m2",PPT.07.189,0,Rooms,AROO,Rooms,PPT,7.774862998884002,Architecture,WBH-W-07.189,"Universal Change, Staff, 7m2",04,YES,SL_90_10,Room Spaces,"1-3 staff, intermittently",0,New Construction,20.00%,Power Density,,0,0,PS-CHST,73 W,0.0,0 W,10.76 W/m²,0 W,13.99 W/m²,132 W,2700,LEVEL 07,0.0,AR Rooms
2026-08-01 19:58:17,14663265,NWB-ARC-WBH-AR-MOD-0035.rvt : 23 : location Internal,NWB-ARC-WBH-AR-MOD-0035,15093789,de27fd55-886a-4599-a0c9-bfbe13ada99f-00e64fdd,PPT.07.186,Anteroom,LEVEL 07,New Construction,Perinatal Pathology,PPT,,,,7.5 m²,12194,319.309278,232.655727,206.692913,0 W,0.00 W/m²,0 W,0.00 W/m²,28.6 m²,By Space Type,0,By Space Type,0.0,0.0,0.0,-2000160,"CEILING: plasterboard, flush set, suspended, paint, washable",,,0,-1,-6.625,15.06.2026,CLFS-006,,FLVY-007,FLVY-009,FLSK-010,WLFI-001,Perinatal Autopsy Suite,,WBH.PPT.04.001,109102,21/07/2026,ANRM,8,,NWB-ARC-WBH-AR-RLS-PPT.04.001,,DR,By Type,"FLOOR FINISH: vinyl, seamless, coved, standard slip resistant",Typical Room,By Space Type,3U9$rLY6f5cQ39lxuJI_P2,59 W,Power Density,2700,Anteroom,PPT.07.186,0,Rooms,AROO,Rooms,PPT,8.900849999360625,Architecture,WBH-W-07.186,Anteroom,04,YES,SL_90_10,Room Spaces,1 - 2,0,New Construction,20.00%,Power Density,,Yes,0,DR,73 W,0.0,0 W,10.76 W/m²,0 W,13.99 W/m²,132 W,2700,LEVEL 07,0.0,AR Rooms
2026-08-01 19:58:17,14663265,NWB-ARC-WBH-AR-MOD-0035.rvt : 23 : location Internal,NWB-ARC-WBH-AR-MOD-0035,15093791,de27fd55-886a-4599-a0c9-bfbe13ada99f-00e64fe0,PPT.07.183,"Equipment Clean-Up, 14m2",LEVEL 07,New Construction,Perinatal Pathology,PPT,,,,10.9 m²,13337,334.243986,233.998563,206.692913,0 W,0.00 W/m²,0 W,0.00 W/m²,28.6 m²,By Space Type,0,By Space Type,0.0,0.0,0.0,-2000160,"CEILING: plasterboard, water resistant, flush set, suspended, paint, washable",,,0,-1,-21.928571,15.06.2026,CLFS-009,,FLVY-004,,FLSK-010,WLFI-001,Staff/Support Area,,WBH.PPT.03.022,113753,21/07/2026,ECL-14,14,,NWB-ARC-WBH-AR-RLS-PPT.03.022,,DR,By Type,"FLOOR FINISH: vinyl, seamless, coved, non-slip, safety",Typical Room,By Space Type,3U9$rLY6f5cQ39lxuJI_P$,59 W,Power Density,2700,"Equipment Clean-Up, 14m2",PPT.07.183,0,Rooms,AROO,Rooms,PPT,12.580751746929018,Architecture,WBH-W-07.183,"Equipment Clean-Up, 14m2",03,YES,SL_90_10,Room Spaces,1 - 2,0,New Construction,20.00%,Power Density,,Yes,0,DR,73 W,0.0,0 W,10.76 W/m²,0 W,13.99 W/m²,132 W,2700,LEVEL 07,0.0,AR Rooms
2026-08-01 19:58:17,14663265,NWB-ARC-WBH-AR-MOD-0035.rvt : 23 : location Internal,NWB-ARC-WBH-AR-MOD-0035,15093797,de27fd55-886a-4599-a0c9-bfbe13ada99f-00e64fe9,PPT.07.190,Crematorium,LEVEL 07,New Construction,Perinatal Pathology,PPT,,,,25.5 m²,22027,343.24208,278.932468,206.692913,0 W,0.00 W/m²,0 W,0.00 W/m²,28.6 m²,By Space Type,0,By Space Type,0.0,0.0,0.0,-2000160,,,,0,-1,2,15.06.2026,,,FLGE-003,,FLSK-002,WLFI-001,Crematorium,,WBH.PPT.05.001,109106,21/07/2026,CREMATORIUM,25,,NWB-ARC-WBH-AR-RLS-PPT.05.001,,NS,By Type,"FLOOR FINISH: concrete, trowel finished, sealed",Typical Room,By Space Type,3U9$rLY6f5cQ39lxuJI_Ps,59 W,Power Density,2700,Crematorium,PPT.07.190,0,Rooms,AROO,Rooms,PPT,21.052074999261166,Architecture,WBH-W-07.190,Crematorium,05,YES,SL_90_10,Room Spaces,,0,New Construction,20.00%,Power Density,,Yes,0,NS,73 W,0.0,0 W,10.76 W/m²,0 W,13.99 W/m²,132 W,2700,LEVEL 07,0.0,AR Rooms
2026-08-01 19:58:17,14663265,NWB-ARC-WBH-AR-MOD-0035.rvt : 23 : location Internal,NWB-ARC-WBH-AR-MOD-0035,15093897,de27fd55-886a-4599-a0c9-bfbe13ada99f-00e65089,PPT.07.177,Office - Workstation,LEVEL 07,New Construction,Perinatal Pathology,PPT,,,,3.3 m²,7300,368.774606,228.917157,206.692913,0 W,0.00 W/m²,0 W,0.00 W/m²,28.6 m²,By Space Type,0,By Space Type,0.0,0.0,0.0,-2000160,"CEILING: acoustic, drop-in tiles, 600 x 1200",,,0,-1,-26,15.06.2026,CLTI-002,,FLCP-006,,FLSK-031,WLFI-001,Staff/Support Area,,WBH.PPT.03.015,113746,21/07/2026,OFF-WS,4.5,,Refer to AusHFG OFF-WS,,SC,By Type,FLOOR FINISH: carpet tiles,,By Space Type,3U9$rLY6f5cQ39lxuJI$aM,59 W,Power Density,2700,Office - Workstation,PPT.07.177,0,Rooms,AROO,Rooms,PPT,31.786436500719454,Architecture,WBH-W-07.177,Office - Workstation,03,YES,SL_90_10,Room Spaces,1 staff/visitor,0,New Construction,20.00%,Power Density,,0,0,SC,73 W,0.0,0 W,10.76 W/m²,0 W,13.99 W/m²,132 W,2700,LEVEL 07,0.0,AR Rooms
2026-08-01 19:58:17,14663265,NWB-ARC-WBH-AR-MOD-0035.rvt : 23 : location Internal,NWB-ARC-WBH-AR-MOD-0035,15615730,63205853-7eac-4adf-b80b-b9cce3faf574-00ed5daa,PAT.07.064,"Laboratory, Haematology",LEVEL 07,New Construction,Pathology,PAT,,,,48.7 m²,34631,281.894685,435.682261,206.692913,0 W,0.00 W/m²,0 W,0.00 W/m²,28.6 m²,By Space Type,0,By Space Type,0.0,0.0,0.0,-2000160,,,,0,-1,0,15.06.2026,,,FLVY-007,,FLSK-010,WLFI-001,Laboratory,,WBH.PAT.01.026,115638,21/07/2026,HAEMATOLOGY,0,,NWB-ARC-WBH-AR-RLS-PAT.01.026,,NS,By Type,"FLOOR FINISH: vinyl, seamless, coved, standard slip resistant",Typical Room,By Space Type,1Z85XJVgnAtxWBkSpZ5wZU,59 W,Power Density,2700,"Laboratory, Haematology",PAT.07.064,0,Rooms,AROO,Rooms,PAT,55.069866249466415,Architecture,WBH-W-07.064,"Laboratory, Haematology",01,YES,SL_90_10,Room Spaces,,0,New Construction,20.00%,Power Density,,Yes,0,NS,73 W,0.0,0 W,10.76 W/m²,0 W,13.99 W/m²,132 W,2700,LEVEL 07,0.0,AR Rooms
2026-08-01 19:58:17,14663265,NWB-ARC-WBH-AR-MOD-0035.rvt : 23 : location Internal,NWB-ARC-WBH-AR-MOD-0035,15615737,63205853-7eac-4adf-b80b-b9cce3faf574-00ed5eeb,PAT.07.065,"Laboratory, Biochemistry",LEVEL 07,New Construction,Pathology,PAT,,,,107.3 m²,48967,306.733694,442.309558,206.692913,0 W,0.00 W/m²,0 W,0.00 W/m²,28.6 m²,By Space Type,0,By Space Type,0.0,0.0,0.0,-2000160,,,,0,-1,0,15.06.2026,,,FLVY-007,,FLSK-010,WLFI-001,Laboratory,,WBH.PAT.01.027,115639,21/07/2026,BIOCHEMISTRY,0,,NWB-ARC-WBH-AR-RLS-PAT.01.027,,NS,By Type,"FLOOR FINISH: vinyl, seamless, coved, standard slip resistant",Typical Room,By Space Type,1Z85XJVgnAtxWBkSpZ5wkV,59 W,Power Density,2700,"Laboratory, Biochemistry",PAT.07.065,0,,,,PAT,,,WBH-W-07.065,"Laboratory, Biochemistry",01,,,,,0,New Construction,20.00%,Power Density,,Yes,0,NS,73 W,0.0,0 W,10.76 W/m²,0 W,13.99 W/m²,132 W,2700,LEVEL 07,0.0,AR Rooms
2026-08-01 19:58:17,14663265,NWB-ARC-WBH-AR-MOD-0035.rvt : 23 : location Internal,NWB-ARC-WBH-AR-MOD-0035,15644198,bbd71908-038b-4ba5-afc7-b3d794d80db7-00eeb626,ETC.08.X04,"Outdoor Breakout Space, 25m2",LEVEL 08,New Construction,Education & Training Centre,ETC,,,,24.4 m²,20000,217.363845,300.199978,221.456693,0 W,0.00 W/m²,0 W,0.00 W/m²,28.6 m²,By Space Type,0,By Space Type,0.0,0.0,0.0,-2000160,,,,0,-1,0,15.06.2026,,,,,,,External Areas,,WBH.ETC.EX.002,116764,21/07/2026,OUTDOOR BREAKOUT,0,,External Area,,NS,By Type,,,By Space Type,2xrna80ujBfQ$7izUKDhkH,59 W,Power Density,2700,"Outdoor Breakout Space, 25m2",ETC.08.X04,0,Rooms,AROO,Rooms,ETC,28.56127500001083,Architecture,WBH-W-08.X04,"Outdoor Breakout Space, 25m2",EX,YES,SL_90_10,Room Spaces,,0,New Construction,20.00%,Power Density,,0,0,NS,73 W,0.0,0 W,10.76 W/m²,0 W,13.99 W/m²,132 W,2700,LEVEL 08,0.0,AR Rooms
2026-08-01 19:58:17,14663265,NWB-ARC-WBH-AR-MOD-0035.rvt : 23 : location Internal,NWB-ARC-WBH-AR-MOD-0035,15649841,e102df22-2b56-49fb-86e4-d8097e696abd-00eecabc,HIS.08.284,Records Store - Active,LEVEL 08,New Construction,Health Information & Administration Service,HIS,,,,128.0 m²,56288,248.102854,435.987379,221.456693,0 W,0.00 W/m²,0 W,0.00 W/m²,28.6 m²,By Space Type,0,By Space Type,0.0,0.0,0.0,-2000160,"CEILING: plasterboard, drop-in tiles, prefinished, 600 x 1200",,,0,-1,0,15.06.2026,CLTI-008,,FLVY-007,,FLSK-010,WLFI-001,File Store,,WBH.HIS.03.002,116765,21/07/2026,RECORD STORE,0,,NWB-ARC-WBH-AR-RLS-HIS.03.002,,DR,By Type,"FLOOR FINISH: vinyl, seamless, coved, standard slip resistant",,By Space Type,3X0jyYArP9_uRas0b_Xw01,59 W,Power Density,2700,Records Store - Active,HIS.08.284,0,Rooms,AROO,Rooms,HIS,95.68707000000038,Architecture,WBH-W-08.284,Records Store - Active,03,YES,SL_90_10,Room Spaces,1-2 staff intermittently,0,New Construction,20.00%,Power Density,,Yes,0,DR,73 W,0.0,0 W,10.76 W/m²,0 W,13.99 W/m²,132 W,2700,LEVEL 08,0.0,AR Rooms
2026-08-01 19:58:17,14663265,NWB-ARC-WBH-AR-MOD-0035.rvt : 23 : location Internal,NWB-ARC-WBH-AR-MOD-0035,16034939,800b7caa-df35-47fc-9eef-245256be2822-00f49679,PPT.07.X15,Outdoor Area,LEVEL 07,New Construction,Perinatal Pathology,PPT,,,,35.8 m²,24400,321.172765,300.771349,206.692913,0 W,0.00 W/m²,0 W,0.00 W/m²,28.6 m²,By Space Type,0,By Space Type,0.0,0.0,0.0,-2000160,,,,0,-1,19.233333,,,,,,,,External Areas,Waiting Area,WBH.PPT.EX.002,109108,21/07/2026,OUTDOOR,30,,External Area,,NS,By Type,,No RLS,By Space Type,202togtpL7$9xl959MIhvR,59 W,Power Density,2700,Outdoor Area,PPT.07.X15,0,Rooms,AROO,Rooms,PPT,35.76999999999999,Architecture,WBH-W-07.X15,Outdoor Area,EX,YES,SL_90_10,Room Spaces,,0,New Construction,20.00%,Power Density,,0,0,NS,73 W,0.0,0 W,10.76 W/m²,0 W,13.99 W/m²,132 W,2700,LEVEL 07,0.0,AR Rooms
2026-08-01 19:58:17,14663265,NWB-ARC-WBH-AR-MOD-0035.rvt : 23 : location Internal,NWB-ARC-WBH-AR-MOD-0035,16220058,664de06e-1674-4c26-943e-02f448873334-00f6856a,PAT.07.113,"Laboratory, Transfusion",LEVEL 07,New Construction,Pathology,PAT,,,,97.0 m²,47314,249.25853,436.154702,206.692913,0 W,0.00 W/m²,0 W,0.00 W/m²,28.6 m²,By Space Type,0,By Space Type,0.0,0.0,0.0,-2000160,,,,0,-1,0,15.06.2026,,,FLVY-007,,FLSK-010,WLFI-001,Laboratory,,WBH.PAT.01.046,116561,21/07/2026,LAB-TRANSFUSION,0,,NWB-ARC-WBH-AR-RLS-PAT.01.046,,NS,By Type,"FLOOR FINISH: vinyl, seamless, coved, standard slip resistant",Typical Room,By Space Type,1cJU1k5dHC9fG_0lH8SRPU,59 W,Power Density,2700,"Laboratory, Transfusion",PAT.07.113,0,,,,PAT,,,WBH-W-07.113,"Laboratory, Transfusion",01,,,,,0,New Construction,20.00%,Power Density,,Yes,0,NS,73 W,0.0,0 W,10.76 W/m²,0 W,13.99 W/m²,132 W,2700,LEVEL 07,0.0,AR Rooms
2026-08-01 19:58:17,14663265,NWB-ARC-WBH-AR-MOD-0035.rvt : 23 : location Internal,NWB-ARC-WBH-AR-MOD-0035,16261077,f8f8805e-3843-4b5c-ae4c-b32060b099b9-00f80ed6,ETC.08.185,"Toilets, Male",LEVEL 08,New Construction,Education & Training Centre,ETC,,,,35.4 m²,28196,281.735564,400.557589,221.456693,0 W,0.00 W/m²,0 W,0.00 W/m²,28.6 m²,By Space Type,0,By Space Type,0.0,0.0,0.0,-2000160,,,,0,-1,0,15.06.2026,,,FLTI-502,,FLSK-004,WLFI-001,Shared Staff Amenities,,WBH.ETC.02.065,116556,21/07/2026,WC-MALE,0,,NWB-ARC-WBH-AR-RLS-ETC.02.065,,DR,By Type,"FLOOR FINISH: tiles, standard slip resistance",,By Space Type,3u_81UE4DBNAvCio1WI9Tl,59 W,Power Density,2700,"Toilets, Male",ETC.08.185,0,,,,ETC,,,WBH-W-08.185,"Toilets, Male",02,,,,1,0,New Construction,20.00%,Power Density,,Yes,0,DR,73 W,0.0,0 W,10.76 W/m²,0 W,13.99 W/m²,132 W,2700,LEVEL 08,0.0,AR Rooms
2026-08-01 19:58:17,14663265,NWB-ARC-WBH-AR-MOD-0035.rvt : 23 : location Internal,NWB-ARC-WBH-AR-MOD-0035,16301983,cc1f939b-7a32-4ba5-92ab-45967f3cd326-00f8bf9f,ETC.08.X01,"Outdoor Breakout Space, 25m2",LEVEL 08,New Construction,Education & Training Centre,ETC,,,,29.9 m²,22090,316.519029,376.233442,221.456693,0 W,0.00 W/m²,0 W,0.00 W/m²,28.6 m²,By Space Type,0,By Space Type,0.0,0.0,0.0,-2000160,,,,0,-1,0,15.06.2026,,,,,,,External Areas,,WBH.ETC.EX.003,116768,21/07/2026,OUTDOOR BREAKOUT,0,,External Area,,NS,By Type,,,By Space Type,3C7vERUZ9BfPAhHPP$n6ov,59 W,Power Density,2700,"Outdoor Breakout Space, 25m2",ETC.08.X01,0,Rooms,AROO,Rooms,ETC,28.56127500001083,Architecture,WBH-W-08.X01,"Outdoor Breakout Space, 25m2",EX,YES,SL_90_10,Room Spaces,,0,New Construction,20.00%,Power Density,,0,0,NS,73 W,0.0,0 W,10.76 W/m²,0 W,13.99 W/m²,132 W,2700,LEVEL 08,0.0,AR Rooms
2026-08-01 19:58:17,14663265,NWB-ARC-WBH-AR-MOD-0035.rvt : 23 : location Internal,NWB-ARC-WBH-AR-MOD-0035,16302823,44a67d67-46ca-4845-a9a2-669bba03e5a8-00f8c2e7,PAT.07.C40,"Corridor, Airlock",LEVEL 07,New Construction,Pathology,PAT,,,,5.6 m²,10054,176.253226,417.358685,206.692913,0 W,0.00 W/m²,0 W,0.00 W/m²,28.6 m²,By Space Type,0,By Space Type,0.0,0.0,0.0,-2000160,"CEILING: acoustic, drop-in tiles, 600 x 1200",RESTRICTED - ORANGE,,0,-1,0.0,15.06.2026,CLTI-002,,FLVY-007,,FLSK-010,WLFI-001,Intradepartmental Circulation,,WBH.PAT.IC.012,117046,21/07/2026,CORR,0.0,,-,,Circulation,By Type,"FLOOR FINISH: vinyl, seamless, coved, standard slip resistant",,By Space Type,14fdrdHif8HQcYPfkw_oTF,59 W,Power Density,2700,"Corridor, Airlock",PAT.07.C40,0,,,,PAT,,,WBH-W-07.C40,"Corridor, Airlock",IC,,,,,0,New Construction,20.00%,Power Density,,0,0,,73 W,0.0,0 W,10.76 W/m²,0 W,13.99 W/m²,132 W,2700,LEVEL 07,0.0,AR Rooms
2026-08-01 19:58:17,14663265,NWB-ARC-WBH-AR-MOD-0035.rvt : 23 : location Internal,NWB-ARC-WBH-AR-MOD-0035,16302864,44a67d67-46ca-4845-a9a2-669bba03e5a8-00f8c310,PAT.07.C02,Corridor,LEVEL 07,New Construction,Pathology,PAT,,,,4.5 m²,8748,300.863917,405.261557,206.692913,0 W,0.00 W/m²,0 W,0.00 W/m²,28.6 m²,By Space Type,0,By Space Type,0.0,0.0,0.0,-2000160,"CEILING: acoustic, drop-in tiles, 600 x 1200",SECURE - YELLOW,STAFF TRANSIT-TYPE C,0,-1,-98.603695,,CLTI-002,,FLVY-007,,FLSK-010,WLFI-001,Intradepartmental Circulation,,WBH.PAT.IC.001,109081,21/07/2026,CORR,325.86,,-,,Circulation,By Type,"FLOOR FINISH: vinyl, seamless, coved, standard slip resistant",,By Space Type,14fdrdHif8HQcYPfkw_oQu,59 W,Power Density,2700,Corridor,PAT.07.C02,0,,,,PAT,,,WBH-W-07.C02,Corridor,IC,,,,,0,New Construction,20.00%,Power Density,,0,0,,73 W,0.0,0 W,10.76 W/m²,0 W,13.99 W/m²,132 W,2700,LEVEL 07,0.0,AR Rooms
2026-08-01 19:58:17,14663265,NWB-ARC-WBH-AR-MOD-0035.rvt : 23 : location Internal,NWB-ARC-WBH-AR-MOD-0035,16302865,44a67d67-46ca-4845-a9a2-669bba03e5a8-00f8c311,PPT.07.C21,Corridor,LEVEL 07,New Construction,Perinatal Pathology,PPT,,,,27.0 m²,40253,350.112369,248.174059,206.692913,0 W,0.00 W/m²,0 W,0.00 W/m²,28.6 m²,By Space Type,0,By Space Type,0.0,0.0,0.0,-2000160,"CEILING: acoustic, drop-in tiles, 600 x 1200",RESTRICTED - ORANGE,STAFF TRANSIT-TYPE C,0,-1,0.0,,CLTI-002,,FLVY-007,,FLSK-010,WLFI-001,Intradepartmental Circulation,,WBH.PPT.IC.002,116245,21/07/2026,CORR,0.0,,-,,Circulation,By Type,"FLOOR FINISH: vinyl, seamless, coved, standard slip resistant",,By Space Type,14fdrdHif8HQcYPfkw_oQv,59 W,Power Density,2700,Corridor,PPT.07.C21,0,,,,PPT,,,WBH-W-07.C21,Corridor,IC,,,,,0,New Construction,20.00%,Power Density,,0,0,,73 W,0.0,0 W,10.76 W/m²,0 W,13.99 W/m²,132 W,2700,LEVEL 07,0.0,AR Rooms
2026-08-01 19:58:17,14663265,NWB-ARC-WBH-AR-MOD-0035.rvt : 23 : location Internal,NWB-ARC-WBH-AR-MOD-0035,16302880,44a67d67-46ca-4845-a9a2-669bba03e5a8-00f8c320,PAT.07.C04,Corridor,LEVEL 07,New Construction,Pathology,PAT,,,,42.5 m²,50184,266.265538,411.284295,206.692913,0 W,0.00 W/m²,0 W,0.00 W/m²,28.6 m²,By Space Type,0,By Space Type,0.0,0.0,0.0,-2000160,"CEILING: acoustic, drop-in tiles, 600 x 1200",RESTRICTED - ORANGE,STAFF TRANSIT-TYPE C,0,-1,0.0,15.06.2026,CLTI-002,,FLVY-007,,FLSK-010,WLFI-001,Intradepartmental Circulation,,WBH.PAT.IC.004,116227,21/07/2026,CORR,0.0,,-,,Circulation,By Type,"FLOOR FINISH: vinyl, seamless, coved, standard slip resistant",,By Space Type,14fdrdHif8HQcYPfkw_oQ8,59 W,Power Density,2700,Corridor,PAT.07.C04,0,,,,PAT,,,WBH-W-07.C04,Corridor,IC,,,,,0,New Construction,20.00%,Power Density,,0,0,,73 W,0.0,0 W,10.76 W/m²,0 W,13.99 W/m²,132 W,2700,LEVEL 07,0.0,AR Rooms
2026-08-01 19:58:17,14663265,NWB-ARC-WBH-AR-MOD-0035.rvt : 23 : location Internal,NWB-ARC-WBH-AR-MOD-0035,16302892,44a67d67-46ca-4845-a9a2-669bba03e5a8-00f8c32c,TRA.07.T10,Travel,LEVEL 07,New Construction,Travel,TRA,,,,60.6 m²,44400,232.802122,343.33318,206.692913,0 W,0.00 W/m²,0 W,0.00 W/m²,28.6 m²,By Space Type,0,By Space Type,0.0,0.0,0.0,-2000160,"CEILING: acoustic, drop-in tiles, 600 x 1200",RESTRICTED - ORANGE,LOGISTICS TRANSIT-TYPE E1,0,-1,0.0,,CLTI-002,,FLVY-007,,FLSK-010,WLFI-001,Horizontal Travel,,WBH.TRA.HT.254,117037,21/07/2026,TRAVEL,0.0,,-,,T&E,By Type,"FLOOR FINISH: vinyl, seamless, coved, standard slip resistant",,By Space Type,14fdrdHif8HQcYPfkw_oQ4,59 W,Power Density,2700,Travel,TRA.07.T10,0,,,,TRA,,,WBH-W-07.T10,Travel,HT,,,,,0,New Construction,20.00%,Power Density,,0,0,,73 W,0.0,0 W,10.76 W/m²,0 W,13.99 W/m²,132 W,2700,LEVEL 07,0.0,AR Rooms
2026-08-01 19:58:17,14663265,NWB-ARC-WBH-AR-MOD-0035.rvt : 23 : location Internal,NWB-ARC-WBH-AR-MOD-0035,16302894,44a67d67-46ca-4845-a9a2-669bba03e5a8-00f8c32e,TRA.07.T03,Travel,LEVEL 07,New Construction,Travel,TRA,,,,202.2 m²,121851,299.340551,300.893875,206.692913,0 W,0.00 W/m²,0 W,0.00 W/m²,28.6 m²,By Space Type,0,By Space Type,0.0,0.0,0.0,-2000160,"CEILING: acoustic, drop-in tiles, 600 x 1200",SECURE - YELLOW,PUBLIC TRANSIT-TYPE D2,0,-1,0.0,,CLTI-002,CLFS-006,FLVY-007,FLVY-500,FLSK-010,WLFI-001,Horizontal Travel,,WBH.TRA.HT.255,117038,21/07/2026,TRAVEL,0.0,,-,,T&E,By Type,"FLOOR FINISH: vinyl, seamless, coved, standard slip resistant FLOOR FINISH: vinyl, seamless, coved, standard slip resistant, feature",,By Space Type,14fdrdHif8HQcYPfkw_oQ6,59 W,Power Density,2700,Travel,TRA.07.T03,0,,,,TRA,,,WBH-W-07.T03,Travel,HT,,,,,0,New Construction,20.00%,Power Density,,0,0,,73 W,0.0,0 W,10.76 W/m²,0 W,13.99 W/m²,132 W,2700,LEVEL 07,0.0,AR Rooms
2026-08-01 19:58:17,14663265,NWB-ARC-WBH-AR-MOD-0035.rvt : 23 : location Internal,NWB-ARC-WBH-AR-MOD-0035,16302895,44a67d67-46ca-4845-a9a2-669bba03e5a8-00f8c32f,PAT.07.C05,Corridor,LEVEL 07,New Construction,Pathology,PAT,,,,54.5 m²,62530,353.141386,430.503199,206.692913,0 W,0.00 W/m²,0 W,0.00 W/m²,28.6 m²,By Space Type,0,By Space Type,0.0,0.0,0.0,-2000160,"CEILING: acoustic, drop-in tiles, 600 x 1200",RESTRICTED - ORANGE,,0,-1,0.0,15.06.2026,CLTI-002,,FLVY-007,,FLSK-010,WLFI-001,Intradepartmental Circulation,,WBH.PAT.IC.005,116228,21/07/2026,CORR,0.0,,-,,Circulation,By Type,"FLOOR FINISH: vinyl, seamless, coved, standard slip resistant",,By Space Type,14fdrdHif8HQcYPfkw_oQ7,59 W,Power Density,2700,Corridor,PAT.07.C05,0,,,,PAT,,,WBH-W-07.C05,Corridor,IC,,,,,0,New Construction,20.00%,Power Density,,0,0,,73 W,0.0,0 W,10.76 W/m²,0 W,13.99 W/m²,132 W,2700,LEVEL 07,0.0,AR Rooms
2026-08-01 19:58:17,14663265,NWB-ARC-WBH-AR-MOD-0035.rvt : 23 : location Internal,NWB-ARC-WBH-AR-MOD-0035,16302898,44a67d67-46ca-4845-a9a2-669bba03e5a8-00f8c332,PAT.07.C41,Corridor,LEVEL 07,New Construction,Pathology,PAT,,,,50.4 m²,44833,232.939051,398.610532,206.692913,0 W,0.00 W/m²,0 W,0.00 W/m²,28.6 m²,By Space Type,0,By Space Type,0.0,0.0,0.0,-2000160,"CEILING: acoustic, drop-in tiles, 600 x 1200",RESTRICTED - ORANGE,STAFF TRANSIT-TYPE C,0,-1,0.0,15.06.2026,CLTI-002,,FLVY-007,,FLSK-010,WLFI-001,Intradepartmental Circulation,,WBH.PAT.IC.016,117050,21/07/2026,CORR,0.0,,-,,Circulation,By Type,"FLOOR FINISH: vinyl, seamless, coved, standard slip resistant",,By Space Type,14fdrdHif8HQcYPfkw_oQQ,59 W,Power Density,2700,Corridor,PAT.07.C41,0,,,,PAT,,,WBH-W-07.C41,Corridor,IC,,,,,0,New Construction,20.00%,Power Density,,0,0,,73 W,0.0,0 W,10.76 W/m²,0 W,13.99 W/m²,132 W,2700,LEVEL 07,0.0,AR Rooms
2026-08-01 19:58:17,14663265,NWB-ARC-WBH-AR-MOD-0035.rvt : 23 : location Internal,NWB-ARC-WBH-AR-MOD-0035,16302899,44a67d67-46ca-4845-a9a2-669bba03e5a8-00f8c333,PAT.07.C27,Corridor,LEVEL 07,New Construction,Pathology,PAT,,,,4.3 m²,8283,206.216833,411.061222,206.692913,0 W,0.00 W/m²,0 W,0.00 W/m²,28.6 m²,By Space Type,0,By Space Type,0.0,0.0,0.0,-2000160,"CEILING: acoustic, drop-in tiles, 600 x 1200",RESTRICTED - ORANGE,STAFF TRANSIT-TYPE C,0,-1,0.0,15.06.2026,CLTI-002,,FLVY-007,,FLSK-010,WLFI-001,Intradepartmental Circulation,,WBH.PAT.IC.009,117043,21/07/2026,CORR,0.0,,-,,Circulation,By Type,"FLOOR FINISH: vinyl, seamless, coved, standard slip resistant",,By Space Type,14fdrdHif8HQcYPfkw_oQR,59 W,Power Density,2700,Corridor,PAT.07.C27,0,,,,PAT,,,WBH-W-07.C27,Corridor,IC,,,,,0,New Construction,20.00%,Power Density,,0,0,,73 W,0.0,0 W,10.76 W/m²,0 W,13.99 W/m²,132 W,2700,LEVEL 07,0.0,AR Rooms
2026-08-01 19:58:17,14663265,NWB-ARC-WBH-AR-MOD-0035.rvt : 23 : location Internal,NWB-ARC-WBH-AR-MOD-0035,16303085,44a67d67-46ca-4845-a9a2-669bba03e5a8-00f8c3ed,ETC.08.X02,"Outdoor Breakout Space, 25m2",LEVEL 08,New Construction,Education & Training Centre,ETC,,,,29.9 m²,22090,316.683071,300.856146,221.456693,0 W,0.00 W/m²,0 W,0.00 W/m²,28.6 m²,By Space Type,0,By Space Type,0.0,0.0,0.0,-2000160,,,,0,-1,0,15.06.2026,,,,,,,External Areas,,WBH.ETC.EX.004,116769,21/07/2026,OUTDOOR BREAKOUT,0,,External Area,,NS,By Type,,,By Space Type,14fdrdHif8HQcYPfkw_oP5,59 W,Power Density,2700,"Outdoor Breakout Space, 25m2",ETC.08.X02,0,,,,ETC,,,WBH-W-08.X02,"Outdoor Breakout Space, 25m2",EX,,,,,0,New Construction,20.00%,Power Density,,0,0,NS,73 W,0.0,0 W,10.76 W/m²,0 W,13.99 W/m²,132 W,2700,LEVEL 08,0.0,AR Rooms
2026-08-01 19:58:17,14663265,NWB-ARC-WBH-AR-MOD-0035.rvt : 23 : location Internal,NWB-ARC-WBH-AR-MOD-0035,16303160,44a67d67-46ca-4845-a9a2-669bba03e5a8-00f8c438,TRA.08.T10,Travel,LEVEL 08,New Construction,Travel,TRA,,,,34.3 m²,39586,267.247375,411.96671,221.456693,0 W,0.00 W/m²,0 W,0.00 W/m²,28.6 m²,By Space Type,0,By Space Type,0.0,0.0,0.0,-2000160,"CEILING: acoustic, drop-in tiles, 600 x 1200",RESTRICTED - ORANGE,STAFF TRANSIT-TYPE C,0,-1,0.0,15.06.2026,CLTI-002,,FLGE-503,,FLSK-010,WLFI-001,Horizontal Travel,,WBH.TRA.HT.259,117052,21/07/2026,TRAVEL,0.0,,-,,T&E,By Type,"FLOOR FINISH: luxury vinyl tile, standard slip resistance",,By Space Type,14fdrdHif8HQcYPfkw_o6G,59 W,Power Density,2700,Travel,TRA.08.T10,0,,,,TRA,,,WBH-W-08.T10,Travel,HT,,,,,0,New Construction,20.00%,Power Density,,0,0,,73 W,0.0,0 W,10.76 W/m²,0 W,13.99 W/m²,132 W,2700,LEVEL 08,0.0,AR Rooms
2026-08-01 19:58:17,14663265,NWB-ARC-WBH-AR-MOD-0035.rvt : 23 : location Internal,NWB-ARC-WBH-AR-MOD-0035,16303180,44a67d67-46ca-4845-a9a2-669bba03e5a8-00f8c44c,ETC.08.113,"Waiting, 15m2",LEVEL 08,New Construction,Education & Training Centre,ETC,,,,14.7 m²,15797,222.189961,377.215234,221.456693,0 W,0.00 W/m²,0 W,0.00 W/m²,28.6 m²,By Space Type,0,By Space Type,0.0,0.0,0.0,-2000160,"CEILING: acoustic, drop-in tiles, 600 x 1200",,STAFF TRANSIT-TYPE C,0,-1,0.0,15.06.2026,CLTI-002,,FLGE-503,,FLSK-010,WLFI-001,Reception / Waiting,,WBH.ETC.01.003,118368,21/07/2026,WAIT-15,0.0,,NWB-ARC-WBH-AR-RLS-ETC.01.003,,,By Type,"FLOOR FINISH: luxury vinyl tile, standard slip resistance",,By Space Type,14fdrdHif8HQcYPfkw_o7a,59 W,Power Density,2700,"Waiting, 15m2",ETC.08.113,0,,,,ETC,,,WBH-W-08.C46,Corridor,IC,,,,Up to 17,0,New Construction,20.00%,Power Density,,Yes,0,,73 W,0.0,0 W,10.76 W/m²,0 W,13.99 W/m²,132 W,2700,LEVEL 08,0.0,AR Rooms
2026-08-01 19:58:17,14663265,NWB-ARC-WBH-AR-MOD-0035.rvt : 23 : location Internal,NWB-ARC-WBH-AR-MOD-0035,16303183,44a67d67-46ca-4845-a9a2-669bba03e5a8-00f8c44f,TRA.08.T12,Travel,LEVEL 08,New Construction,Travel,TRA,,,,72.1 m²,51391,232.743067,348.425465,221.456693,0 W,0.00 W/m²,0 W,0.00 W/m²,28.6 m²,By Space Type,0,By Space Type,0.0,0.0,0.0,-2000160,"CEILING: acoustic, drop-in tiles, 600 x 1200",RESTRICTED - ORANGE,PUBLIC TRANSIT-TYPE D1,0,-1,0.0,15.06.2026,CLTI-002,CLFS-006,FLGE-503,FLVY-500,FLSK-010,WLFI-001,Horizontal Travel,,WBH.TRA.HT.256,117039,21/07/2026,TRAVEL,0.0,,-,,T&E,By Type,"FLOOR FINISH: luxury vinyl tile, standard slip resistance",,By Space Type,14fdrdHif8HQcYPfkw_o7d,59 W,Power Density,2700,Travel,TRA.08.T12,0,,,,TRA,,,WBH-W-08.T12,Travel,HT,,,,,0,New Construction,20.00%,Power Density,,0,0,,73 W,0.0,0 W,10.76 W/m²,0 W,13.99 W/m²,132 W,2700,LEVEL 08,0.0,AR Rooms
2026-08-01 19:58:17,14663265,NWB-ARC-WBH-AR-MOD-0035.rvt : 23 : location Internal,NWB-ARC-WBH-AR-MOD-0035,16303185,44a67d67-46ca-4845-a9a2-669bba03e5a8-00f8c451,HIS.08.C12,Corridor,LEVEL 08,New Construction,Health Information & Administration Service,HIS,,,,46.6 m²,54000,196.863517,399.810378,221.456693,0 W,0.00 W/m²,0 W,0.00 W/m²,28.6 m²,By Space Type,0,By Space Type,0.0,0.0,0.0,-2000160,"CEILING: acoustic, drop-in tiles, 600 x 1200",RESTRICTED - ORANGE,STAFF TRANSIT-TYPE C,0,-1,0.0,,CLTI-002,,FLCP-006,,FLSK-031,WLFI-001,Intradepartmental Circulation,,WBH.HIS.IC.002,116160,21/07/2026,CORR,0.0,,-,,Circulation,By Type,FLOOR FINISH: carpet tiles,,By Space Type,14fdrdHif8HQcYPfkw_o7v,59 W,Power Density,2700,Corridor,HIS.08.C12,0,,,,HIS,,,WBH-W-08.C12,Corridor,IC,,,,,0,New Construction,20.00%,Power Density,,0,0,,73 W,0.0,0 W,10.76 W/m²,0 W,13.99 W/m²,132 W,2700,LEVEL 08,0.0,AR Rooms
2026-08-01 19:58:17,14663265,NWB-ARC-WBH-AR-MOD-0035.rvt : 23 : location Internal,NWB-ARC-WBH-AR-MOD-0035,16303187,44a67d67-46ca-4845-a9a2-669bba03e5a8-00f8c453,ETC.08.C49,Corridor,LEVEL 08,New Construction,Education & Training Centre,ETC,,,,51.5 m²,56206,340.618991,411.408445,221.456693,0 W,0.00 W/m²,0 W,0.00 W/m²,28.6 m²,By Space Type,0,By Space Type,0.0,0.0,0.0,-2000160,"CEILING: acoustic, drop-in tiles, 600 x 1200",RESTRICTED - ORANGE,STAFF TRANSIT-TYPE C,0,-1,0.0,15.06.2026,CLTI-002,,FLGE-503,,FLSK-010,WLFI-001,Intradepartmental Circulation,,WBH.ETC.IC.005,116143,21/07/2026,CORR,0.0,,-,,Circulation,By Type,"FLOOR FINISH: luxury vinyl tile, standard slip resistance",,By Space Type,14fdrdHif8HQcYPfkw_o7x,59 W,Power Density,2438,Corridor,ETC.08.C49,0,,,,ETC,,,WBH-W-08.C49,Corridor,IC,,,,,0,New Construction,20.00%,Power Density,,0,0,,73 W,0.0,0 W,10.76 W/m²,0 W,13.99 W/m²,132 W,2438,LEVEL 08,0.0,AR Rooms
2026-08-01 19:58:17,14663265,NWB-ARC-WBH-AR-MOD-0035.rvt : 23 : location Internal,NWB-ARC-WBH-AR-MOD-0035,16303189,44a67d67-46ca-4845-a9a2-669bba03e5a8-00f8c455,TRA.08.T13,Travel,LEVEL 08,New Construction,Travel,TRA,,,,60.8 m²,51473,300.416667,368.833508,221.456693,0 W,0.00 W/m²,0 W,0.00 W/m²,28.6 m²,By Space Type,0,By Space Type,0.0,0.0,0.0,-2000160,"CEILING: acoustic, drop-in tiles, 600 x 1200",RESTRICTED - ORANGE,PUBLIC TRANSIT-TYPE D1,0,-1,0.0,15.06.2026,CLTI-002,CLFS-006,FLGE-503,FLVY-500,FLSK-010,WLFI-001,Horizontal Travel,,WBH.TRA.HT.257,117040,21/07/2026,TRAVEL,0.0,,-,,T&E,By Type,"FLOOR FINISH: luxury vinyl tile, standard slip resistance",,By Space Type,14fdrdHif8HQcYPfkw_o7z,59 W,Power Density,2700,Travel,TRA.08.T13,0,,,,TRA,,,WBH-W-08.T13,Travel,HT,,,,,0,New Construction,20.00%,Power Density,,0,0,,73 W,0.0,0 W,10.76 W/m²,0 W,13.99 W/m²,132 W,2700,LEVEL 08,0.0,AR Rooms
2026-08-01 19:58:17,14663265,NWB-ARC-WBH-AR-MOD-0035.rvt : 23 : location Internal,NWB-ARC-WBH-AR-MOD-0035,16303194,44a67d67-46ca-4845-a9a2-669bba03e5a8-00f8c45a,ETC.08.C58,Corridor,LEVEL 08,New Construction,Education & Training Centre,ETC,,,,34.3 m²,39671,267.103018,277.160279,221.456693,0 W,0.00 W/m²,0 W,0.00 W/m²,28.6 m²,By Space Type,0,By Space Type,0.0,0.0,0.0,-2000160,"CEILING: acoustic, drop-in tiles, 600 x 1200",RESTRICTED - ORANGE,STAFF TRANSIT-TYPE C,0,-1,0.0,15.06.2026,CLTI-002,,FLGE-503,,FLSK-010,WLFI-001,Intradepartmental Circulation,,WBH.ETC.IC.015,117073,21/07/2026,CORR,0.0,,-,,Circulation,By Type,"FLOOR FINISH: luxury vinyl tile, standard slip resistance",,By Space Type,14fdrdHif8HQcYPfkw_o7o,59 W,Power Density,2700,Corridor,ETC.08.C58,0,,,,ETC,,,WBH-W-08.C58,Corridor,IC,,,,,0,New Construction,20.00%,Power Density,,0,0,,73 W,0.0,0 W,10.76 W/m²,0 W,13.99 W/m²,132 W,2700,LEVEL 08,0.0,AR Rooms
2026-08-01 19:58:17,14663265,NWB-ARC-WBH-AR-MOD-0035.rvt : 23 : location Internal,NWB-ARC-WBH-AR-MOD-0035,16303197,44a67d67-46ca-4845-a9a2-669bba03e5a8-00f8c45d,ETC.08.C01,Corridor,LEVEL 08,New Construction,Education & Training Centre,ETC,,,,55.6 m²,45480,232.414698,280.643711,221.456693,0 W,0.00 W/m²,0 W,0.00 W/m²,28.6 m²,By Space Type,0,By Space Type,0.0,0.0,0.0,-2000160,"CEILING: acoustic, drop-in tiles, 600 x 1200",RESTRICTED - ORANGE,PUBLIC TRANSIT-TYPE D1,0,-1,0.0,15.06.2026,CLTI-002,CLFS-006,FLGE-503,FLVY-500,FLSK-010,WLFI-001,Intradepartmental Circulation,,WBH.ETC.IC.006,116144,21/07/2026,CORR,0.0,,-,,Circulation,By Type,"FLOOR FINISH: luxury vinyl tile, standard slip resistance",,By Space Type,14fdrdHif8HQcYPfkw_o7r,59 W,Power Density,2700,Corridor,ETC.08.C01,0,,,,ETC,,,WBH-W-08.C01,Corridor,IC,,,,,0,New Construction,20.00%,Power Density,,0,0,,73 W,0.0,0 W,10.76 W/m²,0 W,13.99 W/m²,132 W,2700,LEVEL 08,0.0,AR Rooms
2026-08-01 19:58:17,14663265,NWB-ARC-WBH-AR-MOD-0035.rvt : 23 : location Internal,NWB-ARC-WBH-AR-MOD-0035,16303198,44a67d67-46ca-4845-a9a2-669bba03e5a8-00f8c45e,ETC.08.C57,Corridor,LEVEL 08,New Construction,Education & Training Centre,ETC,,,,40.5 m²,41257,197.255577,266.354833,221.456693,0 W,0.00 W/m²,0 W,0.00 W/m²,28.6 m²,By Space Type,0,By Space Type,0.0,0.0,0.0,-2000160,"CEILING: acoustic, drop-in tiles, 600 x 1200",RESTRICTED - ORANGE,STAFF TRANSIT-TYPE C,0,-1,0.0,15.06.2026,CLTI-002,,FLGE-503,,FLSK-010,WLFI-001,Intradepartmental Circulation,,WBH.ETC.IC.009,117067,21/07/2026,CORR,0.0,,-,,Circulation,By Type,"FLOOR FINISH: luxury vinyl tile, standard slip resistance",,By Space Type,14fdrdHif8HQcYPfkw_o7s,59 W,Power Density,2700,Corridor,ETC.08.C57,0,,,,ETC,,,WBH-W-08.C57,Corridor,IC,,,,,0,New Construction,20.00%,Power Density,,0,0,,73 W,0.0,0 W,10.76 W/m²,0 W,13.99 W/m²,132 W,2700,LEVEL 08,0.0,AR Rooms
2026-08-01 19:58:17,14663265,NWB-ARC-WBH-AR-MOD-0035.rvt : 23 : location Internal,NWB-ARC-WBH-AR-MOD-0035,16525941,d19f6730-bf7d-4a9a-ba9c-3f5b7ee379d5-00fc2614,ETC.08.C45,Corridor,LEVEL 08,New Construction,Education & Training Centre,ETC,,,,9.8 m²,13052,170.907972,255.867629,221.456693,0 W,0.00 W/m²,0 W,0.00 W/m²,28.6 m²,By Space Type,0,By Space Type,0.0,0.0,0.0,-2000160,"CEILING: acoustic, drop-in tiles, 600 x 1200",RESTRICTED - ORANGE,STAFF TRANSIT-TYPE C,0,-1,0.0,15.06.2026,CLTI-002,,FLGE-503,,FLSK-010,WLFI-001,Intradepartmental Circulation,,WBH.ETC.IC.007,117065,21/07/2026,CORR,0.0,,-,,Circulation,By Type,"FLOOR FINISH: luxury vinyl tile, standard slip resistance",,By Space Type,3HdsSmltrAchgSFrj_7r$1,59 W,Power Density,2700,Corridor,ETC.08.C45,0,,,,ETC,,,WBH-W-08.C45,Corridor,IC,,,,,0,New Construction,20.00%,Power Density,,0,0,,73 W,0.0,0 W,10.76 W/m²,0 W,13.99 W/m²,132 W,2700,LEVEL 08,0.0,AR Rooms
2026-08-01 19:58:17,14663265,NWB-ARC-WBH-AR-MOD-0035.rvt : 23 : location Internal,NWB-ARC-WBH-AR-MOD-0035,16525955,d19f6730-bf7d-4a9a-ba9c-3f5b7ee379d5-00fc2622,HIS.08.C14,Corridor,LEVEL 08,New Construction,Health Information & Administration Service,HIS,,,,28.1 m²,33224,204.580811,431.294138,221.456693,0 W,0.00 W/m²,0 W,0.00 W/m²,28.6 m²,By Space Type,0,By Space Type,0.0,0.0,0.0,-2000160,"CEILING: acoustic, drop-in tiles, 600 x 1200",RESTRICTED - ORANGE,STAFF TRANSIT-TYPE C,0,-1,0.0,,CLTI-002,,FLCP-006,,FLSK-010,WLFI-001,Intradepartmental Circulation,,WBH.HIS.IC.004,116162,21/07/2026,CORR,0.0,,-,,Circulation,By Type,FLOOR FINISH: carpet tiles,,By Space Type,3HdsSmltrAchgSFrj_7r$t,59 W,Power Density,2700,Corridor,HIS.08.C14,0,,,,HIS,,,WBH-W-08.C14,Corridor,IC,,,,,0,New Construction,20.00%,Power Density,,0,0,,73 W,0.0,0 W,10.76 W/m²,0 W,13.99 W/m²,132 W,2700,LEVEL 08,0.0,AR Rooms
2026-08-01 19:58:17,14663265,NWB-ARC-WBH-AR-MOD-0035.rvt : 23 : location Internal,NWB-ARC-WBH-AR-MOD-0035,16525958,d19f6730-bf7d-4a9a-ba9c-3f5b7ee379d5-00fc2625,ETC.08.C50,Corridor,LEVEL 08,New Construction,Education & Training Centre,ETC,,,,9.4 m²,12907,387.281004,421.221959,221.456693,0 W,0.00 W/m²,0 W,0.00 W/m²,28.6 m²,By Space Type,0,By Space Type,0.0,0.0,0.0,-2000160,"CEILING: acoustic, drop-in tiles, 600 x 1200",RESTRICTED - ORANGE,STAFF TRANSIT-TYPE C,0,-1,0.0,15.06.2026,CLTI-002,,FLGE-503,,FLSK-010,WLFI-001,Intradepartmental Circulation,,WBH.ETC.IC.004,116142,21/07/2026,CORR,0.0,,-,,Circulation,By Type,"FLOOR FINISH: luxury vinyl tile, standard slip resistance",,By Space Type,3HdsSmltrAchgSFrj_7r$m,59 W,Power Density,2700,Corridor,ETC.08.C50,0,,,,ETC,,,WBH-W-08.C50,Corridor,IC,,,,,0,New Construction,20.00%,Power Density,,0,0,,73 W,0.0,0 W,10.76 W/m²,0 W,13.99 W/m²,132 W,2700,LEVEL 08,0.0,AR Rooms
2026-08-01 19:58:17,14663265,NWB-ARC-WBH-AR-MOD-0035.rvt : 23 : location Internal,NWB-ARC-WBH-AR-MOD-0035,16572414,fbc38350-7330-417f-8def-a2e95042f24e-00fcdffe,PPT.07.C16,Corridor,LEVEL 07,New Construction,Perinatal Pathology,PPT,,,,32.9 m²,39944,338.86647,223.172419,206.692913,0 W,0.00 W/m²,0 W,0.00 W/m²,28.6 m²,By Space Type,0,By Space Type,0.0,0.0,0.0,-2000160,"CEILING: acoustic, drop-in tiles, 600 x 1200",RESTRICTED - ORANGE,STAFF TRANSIT-TYPE C,0,-1,-69.078453,,CLTI-002,,FLVY-007,,FLSK-010,WLFI-001,Intradepartmental Circulation,,WBH.PPT.IC.001,109109,21/07/2026,CORR,106.56,,-,,Circulation,By Type,"FLOOR FINISH: vinyl, seamless, coved, standard slip resistant",,By Space Type,3xmuDGSp11VutlekbGlYsm,59 W,Power Density,2700,Corridor,PPT.07.C16,0,,,,PPT,,,WBH-W-07.C16,Corridor,IC,,,,,0,New Construction,20.00%,Power Density,,0,0,,73 W,0.0,0 W,10.76 W/m²,0 W,13.99 W/m²,132 W,2700,LEVEL 07,0.0,AR Rooms
2026-08-01 19:58:17,14663265,NWB-ARC-WBH-AR-MOD-0035.rvt : 23 : location Internal,NWB-ARC-WBH-AR-MOD-0035,16572416,fbc38350-7330-417f-8def-a2e95042f24e-00fce000,PPT.07.C19,Corridor,LEVEL 07,New Construction,Perinatal Pathology,PPT,,,,15.1 m²,17978,366.683891,265.972615,206.692913,0 W,0.00 W/m²,0 W,0.00 W/m²,28.6 m²,By Space Type,0,By Space Type,0.0,0.0,0.0,-2000160,"CEILING: acoustic, drop-in tiles, 600 x 1200",RESTRICTED - ORANGE,STAFF TRANSIT-TYPE C,0,-1,0.0,15.06.2026,CLTI-002,,FLVY-007,,FLSK-010,WLFI-001,Intradepartmental Circulation,,WBH.PPT.IC.005,116248,21/07/2026,CORR,0.0,,-,,Circulation,By Type,"FLOOR FINISH: vinyl, seamless, coved, standard slip resistant",,By Space Type,3xmuDGSp11VutlekbGlX9E,59 W,Power Density,2700,Corridor,PPT.07.C19,0,,,,PPT,,,WBH-W-07.C19,Corridor,IC,,,,,0,New Construction,20.00%,Power Density,,0,0,,73 W,0.0,0 W,10.76 W/m²,0 W,13.99 W/m²,132 W,2700,LEVEL 07,0.0,AR Rooms
2026-08-01 19:58:17,14663265,NWB-ARC-WBH-AR-MOD-0035.rvt : 23 : location Internal,NWB-ARC-WBH-AR-MOD-0035,16572427,fbc38350-7330-417f-8def-a2e95042f24e-00fce00b,PAT.07.C26,Corridor,LEVEL 07,New Construction,Pathology,PAT,,,,64.9 m²,70628,170.23458,416.49673,206.692913,0 W,0.00 W/m²,0 W,0.00 W/m²,28.6 m²,By Space Type,0,By Space Type,0.0,0.0,0.0,-2000160,"CEILING: acoustic, drop-in tiles, 600 x 1200",RESTRICTED - ORANGE,STAFF TRANSIT-TYPE C,0,-1,0.0,15.06.2026,CLTI-002,,FLVY-007,,FLSK-010,WLFI-001,Intradepartmental Circulation,,WBH.PAT.IC.015,117049,21/07/2026,CORR,0.0,,-,,Circulation,By Type,"FLOOR FINISH: vinyl, seamless, coved, standard slip resistant",,By Space Type,3xmuDGSp11VutlekbGlX95,59 W,Power Density,2700,Corridor,PAT.07.C26,0,,,,PAT,,,WBH-W-07.C26,Corridor,IC,,,,,0,New Construction,20.00%,Power Density,,0,0,,73 W,0.0,0 W,10.76 W/m²,0 W,13.99 W/m²,132 W,2700,LEVEL 07,0.0,AR Rooms
2026-08-01 19:58:17,14663265,NWB-ARC-WBH-AR-MOD-0035.rvt : 23 : location Internal,NWB-ARC-WBH-AR-MOD-0035,16572428,fbc38350-7330-417f-8def-a2e95042f24e-00fce00c,PAT.07.C25,Corridor,LEVEL 07,New Construction,Pathology,PAT,,,,42.8 m²,48732,191.32669,441.456539,206.692913,0 W,0.00 W/m²,0 W,0.00 W/m²,28.6 m²,By Space Type,0,By Space Type,0.0,0.0,0.0,-2000160,"CEILING: acoustic, drop-in tiles, 600 x 1200",RESTRICTED - ORANGE,STAFF TRANSIT-TYPE C,0,-1,0.0,15.06.2026,CLTI-002,,FLVY-007,,FLSK-010,WLFI-001,Intradepartmental Circulation,,WBH.PAT.IC.014,117048,21/07/2026,CORR,0.0,,-,,Circulation,By Type,"FLOOR FINISH: vinyl, seamless, coved, standard slip resistant",,By Space Type,3xmuDGSp11VutlekbGlX92,59 W,Power Density,2700,Corridor,PAT.07.C25,0,,,,PAT,,,WBH-W-07.C25,Corridor,IC,,,,,0,New Construction,20.00%,Power Density,,0,0,,73 W,0.0,0 W,10.76 W/m²,0 W,13.99 W/m²,132 W,2700,LEVEL 07,0.0,AR Rooms
2026-08-01 19:58:17,14663265,NWB-ARC-WBH-AR-MOD-0035.rvt : 23 : location Internal,NWB-ARC-WBH-AR-MOD-0035,16572824,3e32f545-39af-4278-b094-56675d1ad454-00fce198,PAT.07.C44,Corridor,LEVEL 07,New Construction,Pathology,PAT,,,,6.6 m²,10490,205.250984,433.078094,206.692913,0 W,0.00 W/m²,0 W,0.00 W/m²,28.6 m²,By Space Type,0,By Space Type,0.0,0.0,0.0,-2000160,"CEILING: acoustic, drop-in tiles, 600 x 1200",,STAFF TRANSIT-TYPE C,0,-1,0.0,15.06.2026,CLTI-002,,FLVY-007,,FLSK-010,WLFI-001,Intradepartmental Circulation,,WBH.PAT.IC.013,117047,21/07/2026,CORR,0.0,,-,,Circulation,By Type,"FLOOR FINISH: vinyl, seamless, coved, standard slip resistant",,By Space Type,0_ClL5EQz2UB2KLcTTvZNC,59 W,Power Density,2700,Corridor,PAT.07.C44,0,,,,PAT,,,WBH-W-07.C44,Corridor,IC,,,,,0,New Construction,20.00%,Power Density,,0,0,,73 W,0.0,0 W,10.76 W/m²,0 W,13.99 W/m²,132 W,2700,LEVEL 07,0.0,AR Rooms
2026-08-01 19:58:17,14663265,NWB-ARC-WBH-AR-MOD-0035.rvt : 23 : location Internal,NWB-ARC-WBH-AR-MOD-0035,16572830,3e32f545-39af-4278-b094-56675d1ad454-00fce19e,PAT.07.C29,Corridor,LEVEL 07,New Construction,Pathology,PAT,,,,16.3 m²,19482,231.716699,445.575634,206.692913,0 W,0.00 W/m²,0 W,0.00 W/m²,28.6 m²,By Space Type,0,By Space Type,0.0,0.0,0.0,-2000160,"CEILING: acoustic, drop-in tiles, 600 x 1200",RESTRICTED - ORANGE,STAFF TRANSIT-TYPE C,0,-1,0.0,15.06.2026,CLTI-002,,FLVY-007,,FLSK-010,WLFI-001,Intradepartmental Circulation,,WBH.PAT.IC.007,117041,21/07/2026,CORR,0.0,,-,,Circulation,By Type,"FLOOR FINISH: vinyl, seamless, coved, standard slip resistant",,By Space Type,0_ClL5EQz2UB2KLcTTvZNA,59 W,Power Density,2700,Corridor,PAT.07.C29,0,,,,PAT,,,WBH-W-07.C29,Corridor,IC,,,,,0,New Construction,20.00%,Power Density,,0,0,,73 W,0.0,0 W,10.76 W/m²,0 W,13.99 W/m²,132 W,2700,LEVEL 07,0.0,AR Rooms
2026-08-01 19:58:17,14663265,NWB-ARC-WBH-AR-MOD-0035.rvt : 23 : location Internal,NWB-ARC-WBH-AR-MOD-0035,17482116,0317ad2f-ce22-46cf-b6fb-3fa2b44fe881-010a05ad,PAT.07.055,"Store, Cool Room/ Refrigerators/ Freezers, 20m2",LEVEL 07,New Construction,Pathology,PAT,,,,26.2 m²,21184,386.430446,445.700306,206.692913,0 W,0.00 W/m²,0 W,0.00 W/m²,28.6 m²,By Space Type,0,By Space Type,0.0,0.0,0.0,-2000160,,,,0,-1,-4.75,15.06.2026,,,FLVY-007,,FLSK-010,WLFI-001,Laboratory,,WBH.PAT.01.008,109044,21/07/2026,ST-COOL,20,,NWB-ARC-WBH-AR-RLS-PAT.01.008,,NS,By Type,"FLOOR FINISH: vinyl, seamless, coved, standard slip resistant",Typical Room,By Space Type,035wqlpY96pxRxFwArHUqi,59 W,Power Density,2700,"Store, Cool Room/ Refrigerators/ Freezers, 20m2",PAT.07.055,0,Rooms,AROO,Rooms,PAT,26.138091498990153,Architecture,WBH-W-07.055,"Store, Cool Room/ Refrigerators/ Freezers, 20m2",01,YES,SL_90_10,Room Spaces,,0,New Construction,20.00%,Power Density,,Yes,0,NS,73 W,0.0,0 W,10.76 W/m²,0 W,13.99 W/m²,132 W,2700,LEVEL 07,0.0,AR Rooms
2026-08-01 19:58:17,14663265,NWB-ARC-WBH-AR-MOD-0035.rvt : 23 : location Internal,NWB-ARC-WBH-AR-MOD-0035,17566240,f1f60123-89f1-4382-a9d9-d1c728b7d70b-010bfef4,PPT.07.167,"Office, 1 Person, Pathology",LEVEL 07,New Construction,Perinatal Pathology,PPT,,,,8.7 m²,12590,371.271093,258.96234,206.692913,0 W,0.00 W/m²,0 W,0.00 W/m²,28.6 m²,By Space Type,0,By Space Type,0.0,0.0,0.0,-2000160,"CEILING: acoustic, drop-in tiles, 600 x 1200",,,0,-1,0,15.06.2026,CLTI-002,,FLCP-006,,FLSK-031,WLFI-001,Staff/Support Area,,WBH.PPT.03.027,118086,21/07/2026,OFF-PATH,0,,,,DR,By Type,FLOOR FINISH: carpet tiles,,By Space Type,3nzW4ZYV53WgdPqSSfl2d$,59 W,Power Density,2700,"Office, 1 Person, Pathology",PPT.07.167,0,,,,PPT,,,WBH-W-07.167,"Office, 1 Person, Pathology",03,,,,"1 staff, up to 2 visitors",0,New Construction,20.00%,Power Density,D40_Done,0,0,DR,73 W,0.0,0 W,10.76 W/m²,0 W,13.99 W/m²,132 W,2700,LEVEL 07,0.0,AR Rooms
2026-08-01 19:58:17,14663265,NWB-ARC-WBH-AR-MOD-0035.rvt : 23 : location Internal,NWB-ARC-WBH-AR-MOD-0035,17566242,f1f60123-89f1-4382-a9d9-d1c728b7d70b-010bfef7,PPT.07.165,"Office, 1 Person, Pathology",LEVEL 07,New Construction,Perinatal Pathology,PPT,,,,8.8 m²,12413,373.926951,242.877454,206.692913,0 W,0.00 W/m²,0 W,0.00 W/m²,28.6 m²,By Space Type,0,By Space Type,0.0,0.0,0.0,-2000160,"CEILING: acoustic, drop-in tiles, 600 x 1200",,,0,-1,0,15.06.2026,CLTI-002,,FLCP-006,,FLSK-031,WLFI-001,Staff/Support Area,,WBH.PPT.03.025,118084,21/07/2026,OFF-PATH,0,,NWB-ARC-WBH-AR-RLS-PPT.03.025,,DR,By Type,FLOOR FINISH: carpet tiles,,By Space Type,3nzW4ZYV53WgdPqSSfl2dy,59 W,Power Density,2700,"Office, 1 Person, Pathology",PPT.07.165,0,,,,PPT,,,WBH-W-07.165,"Office, 1 Person, Pathology",03,,,,"1 staff, up to 2 visitors",0,New Construction,20.00%,Power Density,D40_Done,Yes,0,DR,73 W,0.0,0 W,10.76 W/m²,0 W,13.99 W/m²,132 W,2700,LEVEL 07,0.0,AR Rooms
2026-08-01 19:58:17,14663265,NWB-ARC-WBH-AR-MOD-0035.rvt : 23 : location Internal,NWB-ARC-WBH-AR-MOD-0035,17566244,f1f60123-89f1-4382-a9d9-d1c728b7d70b-010bfefa,PPT.07.166,"Office, 1 Person, Pathology",LEVEL 07,New Construction,Perinatal Pathology,PPT,,,,8.7 m²,12413,371.177503,250.742783,206.692913,0 W,0.00 W/m²,0 W,0.00 W/m²,28.6 m²,By Space Type,0,By Space Type,0.0,0.0,0.0,-2000160,"CEILING: acoustic, drop-in tiles, 600 x 1200",,,0,-1,0,15.06.2026,CLTI-002,,FLCP-006,,FLSK-031,WLFI-001,Staff/Support Area,,WBH.PPT.03.026,118085,21/07/2026,OFF-PATH,0,,,,DR,By Type,FLOOR FINISH: carpet tiles,,By Space Type,3nzW4ZYV53WgdPqSSfl2dn,59 W,Power Density,2700,"Office, 1 Person, Pathology",PPT.07.166,0,,,,PPT,,,WBH-W-07.166,"Office, 1 Person, Pathology",03,,,,"1 staff, up to 2 visitors",0,New Construction,20.00%,Power Density,D40_Done,0,0,DR,73 W,0.0,0 W,10.76 W/m²,0 W,13.99 W/m²,132 W,2700,LEVEL 07,0.0,AR Rooms
2026-08-01 19:58:17,14663265,NWB-ARC-WBH-AR-MOD-0035.rvt : 23 : location Internal,NWB-ARC-WBH-AR-MOD-0035,17566246,f1f60123-89f1-4382-a9d9-d1c728b7d70b-010bfefd,PPT.07.179,Office - Workstation,LEVEL 07,New Construction,Perinatal Pathology,PPT,,,,4.4 m²,8536,368.774606,227.6062,206.692913,0 W,0.00 W/m²,0 W,0.00 W/m²,28.6 m²,By Space Type,0,By Space Type,0.0,0.0,0.0,-2000160,"CEILING: acoustic, drop-in tiles, 600 x 1200",,,0,-1,-1.333333,15.06.2026,CLTI-002,,FLCP-006,,FLSK-031,WLFI-001,Staff/Support Area,,WBH.PPT.03.017,113748,21/07/2026,OFF-WS,4.5,,Refer to AusHFG OFF-WS,,SC,By Type,FLOOR FINISH: carpet tiles,,By Space Type,3nzW4ZYV53WgdPqSSfl2ds,59 W,Power Density,2700,Office - Workstation,PPT.07.179,0,,,,PPT,,,WBH-W-07.179,Office - Workstation,03,,,,1 staff/visitor,0,New Construction,20.00%,Power Density,,0,0,SC,73 W,0.0,0 W,10.76 W/m²,0 W,13.99 W/m²,132 W,2700,LEVEL 07,0.0,AR Rooms
2026-08-01 19:58:17,14663265,NWB-ARC-WBH-AR-MOD-0035.rvt : 23 : location Internal,NWB-ARC-WBH-AR-MOD-0035,17566248,f1f60123-89f1-4382-a9d9-d1c728b7d70b-010bff00,PPT.07.180,Office - Workstation,LEVEL 07,New Construction,Perinatal Pathology,PPT,,,,5.3 m²,9515,374.660433,225.388899,206.692913,0 W,0.00 W/m²,0 W,0.00 W/m²,28.6 m²,By Space Type,0,By Space Type,0.0,0.0,0.0,-2000160,"CEILING: acoustic, drop-in tiles, 600 x 1200",,,0,-1,17.333333,15.06.2026,CLTI-002,,FLCP-006,,FLSK-031,WLFI-001,Staff/Support Area,,WBH.PPT.03.018,113749,21/07/2026,OFF-WS,4.5,,Refer to AusHFG OFF-WS,,SC,By Type,FLOOR FINISH: carpet tiles,,By Space Type,3nzW4ZYV53WgdPqSSfl2WB,59 W,Power Density,2700,Office - Workstation,PPT.07.180,0,,,,PPT,,,WBH-W-07.180,Office - Workstation,03,,,,1 staff/visitor,0,New Construction,20.00%,Power Density,,0,0,SC,73 W,0.0,0 W,10.76 W/m²,0 W,13.99 W/m²,132 W,2700,LEVEL 07,0.0,AR Rooms
2026-08-01 19:58:17,14663265,NWB-ARC-WBH-AR-MOD-0035.rvt : 23 : location Internal,NWB-ARC-WBH-AR-MOD-0035,17566250,f1f60123-89f1-4382-a9d9-d1c728b7d70b-010bff03,PPT.07.176,Office - Workstation,LEVEL 07,New Construction,Perinatal Pathology,PPT,,,,4.4 m²,8411,374.480729,234.326189,206.692913,0 W,0.00 W/m²,0 W,0.00 W/m²,28.6 m²,By Space Type,0,By Space Type,0.0,0.0,0.0,-2000160,"CEILING: acoustic, drop-in tiles, 600 x 1200",,,0,-1,-2.444444,15.06.2026,CLTI-002,,FLCP-006,,FLSK-031,WLFI-001,Staff/Support Area,,WBH.PPT.03.014,113745,21/07/2026,OFF-WS,4.5,,Refer to AusHFG OFF-WS,,SC,By Type,FLOOR FINISH: carpet tiles,,By Space Type,3nzW4ZYV53WgdPqSSfl2W8,59 W,Power Density,2700,Office - Workstation,PPT.07.176,0,,,,PPT,,,WBH-W-07.176,Office - Workstation,03,,,,1 staff/visitor,0,New Construction,20.00%,Power Density,,0,0,SC,73 W,0.0,0 W,10.76 W/m²,0 W,13.99 W/m²,132 W,2700,LEVEL 07,0.0,AR Rooms
2026-08-01 19:58:17,14663265,NWB-ARC-WBH-AR-MOD-0035.rvt : 23 : location Internal,NWB-ARC-WBH-AR-MOD-0035,17917734,19aab919-9152-4c12-b4d2-31d8bcabe932-0111662c,RIC.07.312,Research & Innovation Centre (Cold Shell),LEVEL 07,New Construction,Research & Innovation Centre (Cold Shell),RIC,,,,63.1 m²,38516,218.239009,383.121566,206.692913,0 W,0.00 W/m²,0 W,0.00 W/m²,28.6 m²,By Space Type,0,By Space Type,0.0,0.0,0.0,-2000160,,,,0,-1,0.0,15.06.2026,,,,,,,Laboratories,,WBH.RIC.01.011,117705,21/07/2026,RESEARCH & INNOVATION COLD SHELL,0.0,,,,,By Type,,,By Space Type,0PghaPaL9C4hJICTYzkeyU,59 W,Power Density,2700,Research & Innovation Centre (Cold Shell),RIC.07.312,0,,,,RIC,,,WBH-W-07.312,Research & Innovation Centre (Cold Shell),01,,,,,0,New Construction,20.00%,Power Density,,0,0,,73 W,0.0,0 W,10.76 W/m²,0 W,13.99 W/m²,132 W,2700,LEVEL 07,0.0,AR Rooms
2026-08-01 19:58:17,14663265,NWB-ARC-WBH-AR-MOD-0035.rvt : 23 : location Internal,NWB-ARC-WBH-AR-MOD-0035,18173886,aa99f66b-3cfe-4afb-a99c-ea4f0848a4cb-01154711,ETC.08.093,Cleaner's Room,LEVEL 08,New Construction,Education & Training Centre,ETC,,,,7.6 m²,11016,272.53773,421.550043,221.456693,0 W,0.00 W/m²,0 W,0.00 W/m²,28.6 m²,By Space Type,0,By Space Type,0.0,0.0,0.0,-2000160,"CEILING: plasterboard, water resistant, drop-in tiles, prefinished, 600 x 1200",,,0,-1,-24.3,15.06.2026,CLTI-014,,FLVY-004,,FLSK-010,WLFI-001,Shared Staff Amenities,,WBH.ETC.02.057,107241,21/07/2026,CLRM-10,10,,NWB-ARC-WBH-AR-RLS-ETC.02.057,,PS,By Type,"FLOOR FINISH: vinyl, seamless, coved, non-slip, safety",Refer to Typical Room,By Space Type,2gcVPhFFvA_wcSway9NUFQ,59 W,Power Density,2700,Cleaner's Room,ETC.08.093,0,,,,ETC,,,WBH-W-08.093,Cleaner's Room,02,,,,1-2 staff intermittently,0,New Construction,20.00%,Power Density,,Yes,0,PS-CLRM,73 W,0.0,0 W,10.76 W/m²,0 W,13.99 W/m²,132 W,2700,LEVEL 08,0.0,AR Rooms
2026-08-01 19:58:17,14663265,NWB-ARC-WBH-AR-MOD-0035.rvt : 23 : location Internal,NWB-ARC-WBH-AR-MOD-0035,18186444,e6819e20-fd12-4bae-90c2-d31711e73d66-011580cc,HIS.08.C15,Corridor,LEVEL 08,New Construction,Health Information & Administration Service,HIS,,,,24.5 m²,25029,232.613189,418.679214,221.456693,0 W,0.00 W/m²,0 W,0.00 W/m²,28.6 m²,By Space Type,0,By Space Type,0.0,0.0,0.0,-2000160,"CEILING: acoustic, drop-in tiles, 600 x 1200",RESTRICTED - ORANGE,STAFF TRANSIT-TYPE C,0,-1,0.0,,CLTI-002,,FLCP-006,,FLSK-010,WLFI-001,Intradepartmental Circulation,,WBH.HIS.IC.005,116163,21/07/2026,CORR,0.0,,-,,Circulation,By Type,FLOOR FINISH: carpet tiles,,By Space Type,3cWPuW$H9Bhf32qnSGyhsg,59 W,Power Density,2700,Corridor,HIS.08.C15,0,,,,HIS,,,WBH-W-08.C15,Corridor,IC,,,,,0,New Construction,20.00%,Power Density,,0,0,,73 W,0.0,0 W,10.76 W/m²,0 W,13.99 W/m²,132 W,2700,LEVEL 08,0.0,AR Rooms
2026-08-01 19:58:17,14663265,NWB-ARC-WBH-AR-MOD-0035.rvt : 23 : location Internal,NWB-ARC-WBH-AR-MOD-0035,18227375,666c04c4-0e4c-4585-80c9-20af7ac1148b-0115daa0,RIC.07.C01,Research & Innovation Centre (Cold Shell),LEVEL 07,New Construction,Research & Innovation Centre (Cold Shell),RIC,,,,84.7 m²,66870,248.755416,275.999682,206.692913,0 W,0.00 W/m²,0 W,0.00 W/m²,28.6 m²,By Space Type,0,By Space Type,0.0,0.0,0.0,-2000160,,,,0,-1,0.0,,,,,,,,Intradepartmental Circulation,,WBH.RIC.IC.007,117696,21/07/2026,RESEARCH & INNOVATION COLD SHELL,0.0,,-,,Circulation,By Type,,,By Space Type,1cR0J43an5XO398AzxrCuh,59 W,Power Density,2700,Research & Innovation Centre (Cold Shell),RIC.07.C01,0,Rooms,AROO,Rooms,RIC,1012.8691512198047,Architecture,WBH-W-07.C01,Research & Innovation Centre (Cold Shell),IC,YES,SL_90_10,Room Spaces,,0,New Construction,20.00%,Power Density,,0,0,,73 W,0.0,0 W,10.76 W/m²,0 W,13.99 W/m²,132 W,2700,LEVEL 07,0.0,AR Rooms
2026-08-01 19:58:17,14663265,NWB-ARC-WBH-AR-MOD-0035.rvt : 23 : location Internal,NWB-ARC-WBH-AR-MOD-0035,18227388,666c04c4-0e4c-4585-80c9-20af7ac1148b-0115dad8,ETC.08.C05,"Corridor, Airlock",LEVEL 08,New Construction,Education & Training Centre,ETC,,,,3.2 m²,7236,264.501312,405.611723,221.456693,0 W,0.00 W/m²,0 W,0.00 W/m²,28.6 m²,By Space Type,0,By Space Type,0.0,0.0,0.0,-2000160,"CEILING: acoustic, drop-in tiles, 600 x 1200",,STAFF TRANSIT-TYPE C,0,-1,0.0,15.06.2026,CLTI-002,,FLTI-502,,FLSK-010,WLFI-001,Intradepartmental Circulation,,WBH.ETC.IC.017,117659,21/07/2026,CORR,0.0,,,,Circulation,By Type,"FLOOR FINISH: tiles, standard slip resistance",,By Space Type,1cR0J43an5XO398AzxrCvJ,59 W,Power Density,2700,"Corridor, Airlock",ETC.08.C05,0,,,,ETC,,,WBH-W-08.C05,"Corridor, Airlock",IC,,,,,0,New Construction,20.00%,Power Density,,No,0,,73 W,0.0,0 W,10.76 W/m²,0 W,13.99 W/m²,132 W,2700,LEVEL 08,0.0,AR Rooms
2026-08-01 19:58:17,14663265,NWB-ARC-WBH-AR-MOD-0035.rvt : 23 : location Internal,NWB-ARC-WBH-AR-MOD-0035,18227390,666c04c4-0e4c-4585-80c9-20af7ac1148b-0115dadb,ETC.08.C02,"Corridor, Airlock",LEVEL 08,New Construction,Education & Training Centre,ETC,,,,3.2 m²,7236,269.468504,405.611723,221.456693,0 W,0.00 W/m²,0 W,0.00 W/m²,28.6 m²,By Space Type,0,By Space Type,0.0,0.0,0.0,-2000160,"CEILING: acoustic, drop-in tiles, 600 x 1200",,STAFF TRANSIT-TYPE C,0,-1,0.0,15.06.2026,CLTI-002,,FLTI-502,,FLSK-010,WLFI-001,Intradepartmental Circulation,,WBH.ETC.IC.018,117710,21/07/2026,CORR,0.0,,,,Circulation,By Type,"FLOOR FINISH: tiles, standard slip resistance",,By Space Type,1cR0J43an5XO398AzxrCvG,59 W,Power Density,2700,"Corridor, Airlock",ETC.08.C02,0,,,,ETC,,,WBH-W-08.C02,"Corridor, Airlock",IC,,,,,0,New Construction,20.00%,Power Density,,No,0,,73 W,0.0,0 W,10.76 W/m²,0 W,13.99 W/m²,132 W,2700,LEVEL 08,0.0,AR Rooms
2026-08-01 19:58:17,14663265,NWB-ARC-WBH-AR-MOD-0035.rvt : 23 : location Internal,NWB-ARC-WBH-AR-MOD-0035,18469905,a81aa1f8-5a79-4103-a16e-e02ab4fb64d7-0119d411,ETC.08.094,Cleaner's Room,LEVEL 08,New Construction,Education & Training Centre,ETC,,,,9.5 m²,14940,241.999672,255.657655,221.456693,0 W,0.00 W/m²,0 W,0.00 W/m²,28.6 m²,By Space Type,0,By Space Type,0.0,0.0,0.0,-2000160,"CEILING: plasterboard, water resistant, drop-in tiles, prefinished, 600 x 1200",,,0,-1,-5.3,15.06.2026,CLTI-014,,FLVY-004,,FLSK-010,WLFI-001,Shared Staff Amenities,,WBH.ETC.02.058,107242,21/07/2026,CLRM-10,10,,NWB-ARC-WBH-AR-RLS-ETC.02.058,,PS,By Type,"FLOOR FINISH: vinyl, seamless, coved, non-slip, safety",Refer to Typical Room,By Space Type,2e6g7uMdb10w5ku2gruh36,59 W,Power Density,2438,Cleaner's Room,ETC.08.094,0,,,,ETC,,,WBH-W-08.094,Cleaner's Room,02,,,,1-2 staff intermittently,0,New Construction,20.00%,Power Density,,Yes,0,,73 W,0.0,0 W,10.76 W/m²,0 W,13.99 W/m²,132 W,2438,LEVEL 08,0.0,AR Rooms
2026-08-01 19:58:17,14663265,NWB-ARC-WBH-AR-MOD-0035.rvt : 23 : location Internal,NWB-ARC-WBH-AR-MOD-0035,18470379,a81aa1f8-5a79-4103-a16e-e02ab4fb64d7-0119d5eb,ETC.08.C07,Corridor,LEVEL 08,New Construction,Education & Training Centre,ETC,,,,3.5 m²,7552,256.852034,271.228521,221.456693,0 W,0.00 W/m²,0 W,0.00 W/m²,28.6 m²,By Space Type,0,By Space Type,0.0,0.0,0.0,-2000160,"CEILING: acoustic, drop-in tiles, 600 x 1200",,STAFF TRANSIT-TYPE C,0,-1,0.0,15.06.2026,CLTI-002,,FLTI-502,,FLSK-010,WLFI-001,Intradepartmental Circulation,,WBH.ETC.IC.022,117777,21/07/2026,CORR,0.0,,,,,By Type,"FLOOR FINISH: tiles, standard slip resistance",,By Space Type,2e6g7uMdb10w5ku2gruh4y,59 W,Power Density,2438,Corridor,ETC.08.C07,0,,,,ETC,,,WBH-W-08.C07,Corridor,IC,,,,,0,New Construction,20.00%,Power Density,,No,0,,73 W,0.0,0 W,10.76 W/m²,0 W,13.99 W/m²,132 W,2438,LEVEL 08,0.0,AR Rooms
2026-08-01 19:58:17,14663265,NWB-ARC-WBH-AR-MOD-0035.rvt : 23 : location Internal,NWB-ARC-WBH-AR-MOD-0035,18470382,a81aa1f8-5a79-4103-a16e-e02ab4fb64d7-0119d5ee,ETC.08.C06,Corridor,LEVEL 08,New Construction,Education & Training Centre,ETC,,,,3.4 m²,7436,269.425871,272.115209,221.456693,0 W,0.00 W/m²,0 W,0.00 W/m²,28.6 m²,By Space Type,0,By Space Type,0.0,0.0,0.0,-2000160,"CEILING: acoustic, drop-in tiles, 600 x 1200",,STAFF TRANSIT-TYPE C,0,-1,0.0,15.06.2026,CLTI-002,,FLTI-502,,FLSK-010,WLFI-001,Intradepartmental Circulation,,WBH.ETC.IC.021,117776,21/07/2026,CORR,0.0,,,,,By Type,"FLOOR FINISH: tiles, standard slip resistance",,By Space Type,2e6g7uMdb10w5ku2gruh4v,59 W,Power Density,2438,Corridor,ETC.08.C06,0,,,,ETC,,,WBH-W-08.C06,Corridor,IC,,,,,0,New Construction,20.00%,Power Density,,0,0,,73 W,0.0,0 W,10.76 W/m²,0 W,13.99 W/m²,132 W,2438,LEVEL 08,0.0,AR Rooms
2026-08-01 19:58:17,14663265,NWB-ARC-WBH-AR-MOD-0035.rvt : 23 : location Internal,NWB-ARC-WBH-AR-MOD-0035,18805402,5f9eafff-01d3-4527-a012-c014cdf27607-011ef29a,gSharp A3,gSharp A3 REFERENCE,ǁ 3D DETAIL LEVEL DO NOT DELETE ǁ,New Construction,,,,,,15.0 m²,16000,241.485183,379.899871,-32.808399,0 W,0.00 W/m²,0 W,0.00 W/m²,28.6 m²,By Space Type,0,By Space Type,0.0,0.0,0.0,-2000160,,,,0,-1,0.0,,,,,,,,,,,,,,0.0,,,,,By Type,,,By Space Type,1Vdg$$0TD59w0Im1JCx8IT,59 W,Power Density,2700,gSharp A3 REFERENCE,gSharp A3,0,,,,,,,,,,,,,,0,New Construction,20.00%,Power Density,,0,0,,73 W,0.0,0 W,10.76 W/m²,0 W,13.99 W/m²,132 W,2700,ǁ 3D DETAIL LEVEL DO NOT DELETE ǁ,0.0,AR Temp
2026-08-01 19:58:17,14663265,NWB-ARC-WBH-AR-MOD-0035.rvt : 23 : location Internal,NWB-ARC-WBH-AR-MOD-0035,18805758,5f9eafff-01d3-4527-a012-c014cdf27607-011ef3fe,gSharp A1,gSharp A1 REFERENCE,ǁ 3D DETAIL LEVEL DO NOT DELETE ǁ,New Construction,,,,,,100.0 m²,40000,273.719392,391.382811,-32.808399,0 W,0.00 W/m²,0 W,0.00 W/m²,28.6 m²,By Space Type,0,By Space Type,0.0,0.0,0.0,-2000160,,,,0,-1,0.0,,,,,,,,,,,,,,0.0,,,,,By Type,,,By Space Type,1Vdg$$0TD59w0Im1JCx8Nv,59 W,Power Density,3000,gSharp A1 REFERENCE,gSharp A1,0,,,,,,,,,,,,,,0,New Construction,20.00%,Power Density,,0,0,,73 W,0.0,0 W,10.76 W/m²,0 W,13.99 W/m²,132 W,3000,ǁ 3D DETAIL LEVEL DO NOT DELETE ǁ,0.0,AR Temp
2026-08-01 19:58:17,14663265,NWB-ARC-WBH-AR-MOD-0035.rvt : 23 : location Internal,NWB-ARC-WBH-AR-MOD-0035,19226769,1fee918c-ce2f-4f16-9678-2d90c001c4be-0124f5b1,ETC.08.053,Reception/Waiting,LEVEL 08,New Construction,Education & Training Centre,ETC,,,,57.8 m²,35366,315.748031,338.536592,221.456693,0 W,0.00 W/m²,0 W,0.00 W/m²,28.6 m²,By Space Type,0,By Space Type,0.0,0.0,0.0,-2000160,"CEILING: acoustic, drop-in tiles, 600 x 1200",,,0,-1,189.05,15.06.2026,CLTI-002,,FLVY-007,,FLSK-010,WLWA-004,Reception / Waiting,,WBH.ETC.01.002,112325,21/07/2026,RECP/WAIT,20,,NWB-ARC-WBH-AR-RLS-ETC.01.002,,SC,By Type,"FLOOR FINISH: vinyl, seamless, coved, standard slip resistant",,By Space Type,0Vxf6CpYzF5fPuBP319J4F,59 W,Power Density,2700,Reception/Waiting,ETC.08.053,0,Rooms,AROO,Rooms,ETC,31.533553095296632,Architecture,WBH-W-08.053,"Reception, 20m2",01,YES,SL_90_10,Room Spaces,3 staff,0,New Construction,20.00%,Power Density,,Yes,0,SC,73 W,0.0,0 W,10.76 W/m²,0 W,13.99 W/m²,132 W,2700,LEVEL 08,0.0,AR Rooms
2026-08-01 19:58:17,14663265,NWB-ARC-WBH-AR-MOD-0035.rvt : 23 : location Internal,NWB-ARC-WBH-AR-MOD-0035,19226770,1fee918c-ce2f-4f16-9678-2d90c001c4be-0124f5b2,ETC.08.095,"Bay - Beverage, Staff",LEVEL 08,New Construction,Education & Training Centre,ETC,,,,5.3 m²,14746,210.439633,280.834,221.456693,0 W,0.00 W/m²,0 W,0.00 W/m²,28.6 m²,By Space Type,0,By Space Type,0.0,0.0,0.0,-2000160,"CEILING: acoustic, drop-in tiles, 600 x 1200",,,0,-1,-12.166667,15.06.2026,CLTI-002,,FLVY-007,,FLSK-010,WLWA-004,Education & Training,,WBH.ETC.04.023,112328,21/07/2026,BBEV,6,,NWB-ARC-WBH-AR-RLS-DR-BBEV.2-6-ETC,,DR,By Type,"FLOOR FINISH: vinyl, seamless, coved, standard slip resistant",Typical Room,By Space Type,0Vxf6CpYzF5fPuBP319J4C,59 W,Power Density,2700,"Bay - Beverage, Staff",ETC.08.095,0,Rooms,AROO,Rooms,ETC,8.33853249999997,Architecture,WBH-W-08.113,"Bay - Beverage, Staff",04,YES,SL_90_10,Room Spaces,1-2 intermittently,0,New Construction,20.00%,Power Density,,0,0,DR,73 W,0.0,0 W,10.76 W/m²,0 W,13.99 W/m²,132 W,2700,LEVEL 08,0.0,AR Rooms
2026-08-01 19:58:17,14663265,NWB-ARC-WBH-AR-MOD-0035.rvt : 23 : location Internal,NWB-ARC-WBH-AR-MOD-0035,19226771,1fee918c-ce2f-4f16-9678-2d90c001c4be-0124f5b3,ETC.08.186,Collaborative / Breakout Space,LEVEL 08,New Construction,Education & Training Centre,ETC,,,,82.7 m²,44100,187.585302,280.737215,221.456693,0 W,0.00 W/m²,0 W,0.00 W/m²,28.6 m²,By Space Type,0,By Space Type,0.0,0.0,0.0,-2000160,"CEILING: acoustic, drop-in tiles, 600 x 1200",,,0,-1,0,15.06.2026,CLTI-002,,FLVY-500,,FLSK-010,WLWA-004,Education & Training,,WBH.ETC.04.034,116649,21/07/2026,COLLAB/BREAK-OUT,0,,NWB-ARC-WBH-AR-RLS-ETC.04.034,,NS,By Type,FLOOR FINISH: carpet tiles,,By Space Type,0Vxf6CpYzF5fPuBP319J4D,59 W,Power Density,2700,Collaborative / Breakout Space,ETC.08.186,0,Rooms,AROO,Rooms,ETC,82.30574699999809,Architecture,WBH-W-08.186,Collaborative / Breakout Space,04,YES,SL_90_10,Room Spaces,1 staff/visitor,0,New Construction,20.00%,Power Density,,Yes,0,NS,73 W,0.0,0 W,10.76 W/m²,0 W,13.99 W/m²,132 W,2700,LEVEL 08,0.0,AR Rooms
2026-08-01 19:58:17,14663265,NWB-ARC-WBH-AR-MOD-0035.rvt : 23 : location Internal,NWB-ARC-WBH-AR-MOD-0035,20001289,8a755764-f304-4969-9d7d-12071f11ee39-01313209,ETC.08.118,Clinical Training Room,LEVEL 08,New Construction,Education & Training Centre,ETC,,,,112.3 m²,53881,322.860892,445.762806,221.456693,0 W,0.00 W/m²,0 W,0.00 W/m²,28.6 m²,By Space Type,0,By Space Type,0.0,0.0,0.0,-2000160,"CEILING: plasterboard, drop-in tiles, prefinished, 600 x 1200",,,0,-1,-6.441667,15.06.2026,CLTI-008,,FLVY-007,,FLSK-010,WLFI-001,Education & Training,,WBH.ETC.04.028,112333,21/07/2026,CLINICAL TRAINING RM,120,,NWB-ARC-WBH-AR-RLS-ETC.04.028,,NS,By Type,"FLOOR FINISH: vinyl, seamless, coved, standard slip resistant",Typical Room,By Space Type,2ATLTaymH9QPrz4WSU8Dmm,59 W,Power Density,2700,Clinical Training Room,ETC.08.118,0,Rooms,AROO,Rooms,ETC,72.34367550000127,Architecture,WBH-W-08.118,Clinical Training Room,04,YES,SL_90_10,Room Spaces,30 staff,0,New Construction,20.00%,Power Density,,Yes,0,NS,73 W,0.0,0 W,10.76 W/m²,0 W,13.99 W/m²,132 W,2700,LEVEL 08,0.0,AR Rooms
2026-08-01 19:58:17,14663265,NWB-ARC-WBH-AR-MOD-0035.rvt : 23 : location Internal,NWB-ARC-WBH-AR-MOD-0035,20001290,8a755764-f304-4969-9d7d-12071f11ee39-0131320a,ETC.08.121,"Seminar Room, 30-person",LEVEL 08,New Construction,Education & Training Centre,ETC,,,,54.8 m²,30147,281.875,445.705227,221.456693,0 W,0.00 W/m²,0 W,0.00 W/m²,28.6 m²,By Space Type,0,By Space Type,0.0,0.0,0.0,-2000160,"CEILING: acoustic, drop-in tiles, 600 x 1200",,,0,-1,-8.55,15.06.2026,CLTI-002,,FLCP-006,,FLSK-009,WLFI-202,Education & Training,,WBH.ETC.04.031,112336,21/07/2026,SEMINAR 30P,60,,NWB-ARC-WBH-AR-RLS-ETC.04.031,,DR,By Type,FLOOR FINISH: carpet tiles,Typical Room,By Space Type,2ATLTaymH9QPrz4WSU8Dmp,59 W,Power Density,2700,"Seminar Room, 30-person",ETC.08.121,0,Rooms,AROO,Rooms,ETC,54.94404900000192,Architecture,WBH-W-08.121,"Seminar Room, 30-person",04,YES,SL_90_10,Room Spaces,Up to 45 seated,0,New Construction,20.00%,Power Density,,Yes,0,DR,73 W,0.0,0 W,10.76 W/m²,0 W,13.99 W/m²,132 W,2700,LEVEL 08,0.0,AR Rooms
2026-08-01 19:58:17,14663265,NWB-ARC-WBH-AR-MOD-0035.rvt : 23 : location Internal,NWB-ARC-WBH-AR-MOD-0035,20168998,f363d45b-8bb9-4bcb-8685-80517b94b152-01336c3e,HIS.08.273,"Office, Staff Zone",LEVEL 08,New Construction,Health Information & Administration Service,HIS,,,,6.4 m²,11073,159.61122,390.787248,221.456693,0 W,0.00 W/m²,0 W,0.00 W/m²,28.6 m²,By Space Type,0,By Space Type,0.0,0.0,0.0,-2000160,"CEILING: acoustic, drop-in tiles, 600 x 1200",,,0,-1,6.5,15.06.2026,CLTI-002,,FLCP-006,,FLSK-009,WLFI-001,Staff Areas,,WBH.HIS.04.031,112443,21/07/2026,OFF-1P-6,6,,NWB-ARC-WBH-AR-RLS-HIS.04.031,,PS,By Type,FLOOR FINISH: carpet tiles,,By Space Type,3pOzHRYxbBouQ5W55wfzri,59 W,Power Density,2700,"Office, Staff Zone",HIS.08.273,0,Rooms,AROO,Rooms,HIS,6.407416250000133,Architecture,WBH-W-08.273,"Office, Staff Zone",04,YES,SL_90_10,Room Spaces,1 staff,0,New Construction,20.00%,Power Density,D40_Done,Yes,0,PS-OFF-1P-6,73 W,0.0,0 W,10.76 W/m²,0 W,13.99 W/m²,132 W,2700,LEVEL 08,0.0,AR Rooms
2026-08-01 19:58:17,14663265,NWB-ARC-WBH-AR-MOD-0035.rvt : 23 : location Internal,NWB-ARC-WBH-AR-MOD-0035,20168999,f363d45b-8bb9-4bcb-8685-80517b94b152-01336c3f,HIS.08.233,"Meeting Room, 9m2",LEVEL 08,New Construction,Health Information & Administration Service,HIS,,,,9.7 m²,12479,166.989829,391.300699,221.456693,0 W,0.00 W/m²,0 W,0.00 W/m²,28.6 m²,By Space Type,0,By Space Type,0.0,0.0,0.0,-2000160,"CEILING: acoustic, drop-in tiles, 600 x 1200",,,0,-1,7.333333,15.06.2026,CLTI-002,,FLCP-006,,FLSK-009,WLFI-001,Entry/Reception/Waiting Areas,,WBH.HIS.01.003,107654,21/07/2026,MEET-9,9,,NWB-ARC-WBH-AR-RLS-HIS.01.003,,SC,By Type,FLOOR FINISH: carpet tiles,,By Space Type,3pOzHRYxbBouQ5W55wfzrj,59 W,Power Density,2700,"Meeting Room, 9m2",HIS.08.233,0,Rooms,AROO,Rooms,HIS,9.06360000000005,Architecture,WBH-W-08.233,"Meeting Room, 9m2",01,YES,SL_90_10,Room Spaces,Up to 4 seated,0,New Construction,20.00%,Power Density,D40_Done,Yes,0,SC,73 W,0.0,0 W,10.76 W/m²,0 W,13.99 W/m²,132 W,2700,LEVEL 08,0.0,AR Rooms
2026-08-01 19:58:17,14663265,NWB-ARC-WBH-AR-MOD-0035.rvt : 23 : location Internal,NWB-ARC-WBH-AR-MOD-0035,20169006,f363d45b-8bb9-4bcb-8685-80517b94b152-01336c48,HIS.08.280,"Office - Workstation, 18 Person",LEVEL 08,New Construction,Health Information & Administration Service,HIS,,,,58.6 m²,32899,166.532387,418.292105,221.456693,0 W,0.00 W/m²,0 W,0.00 W/m²,28.6 m²,By Space Type,0,By Space Type,0.0,0.0,0.0,-2000160,"CEILING: acoustic, drop-in tiles, 600 x 1200",,,0,-1,0,,CLTI-002,,FLCP-006,,FLSK-031,WLFI-001,Staff Areas,,WBH.HIS.04.034,116625,21/07/2026,WORKSTATION-18 PERSON,0,,NWB-ARC-WBH-AR-RLS-HIS.04.034,,SC,By Type,FLOOR FINISH: carpet tiles,,By Space Type,3pOzHRYxbBouQ5W55wfzqQ,59 W,Power Density,2700,"Office - Workstation, 18 Person",HIS.08.280,0,Rooms,AROO,Rooms,HIS,88.93086600000797,Architecture,WBH-W-08.280,"Office - Workstation, 18 Person",04,YES,SL_90_10,Room Spaces,1 staff/visitor,0,New Construction,20.00%,Power Density,,Yes,0,SC,73 W,0.0,0 W,10.76 W/m²,0 W,13.99 W/m²,132 W,2700,LEVEL 08,0.0,AR Rooms
2026-08-01 19:58:17,14663265,NWB-ARC-WBH-AR-MOD-0035.rvt : 23 : location Internal,NWB-ARC-WBH-AR-MOD-0035,20169011,f363d45b-8bb9-4bcb-8685-80517b94b152-01336c50,HIS.08.C13,Corridor,LEVEL 08,New Construction,Health Information & Administration Service,HIS,,,,27.0 m²,37113,178.015092,429.848928,221.456693,0 W,0.00 W/m²,0 W,0.00 W/m²,28.6 m²,By Space Type,0,By Space Type,0.0,0.0,0.0,-2000160,"CEILING: acoustic, drop-in tiles, 600 x 1200",RESTRICTED - ORANGE,STAFF TRANSIT-TYPE C,0,-1,0.0,,CLTI-002,,FLCP-006,,FLSK-010,WLFI-001,Intradepartmental Circulation,,WBH.HIS.IC.003,116161,21/07/2026,CORR,0.0,,-,,Circulation,By Type,FLOOR FINISH: carpet tiles,,By Space Type,3pOzHRYxbBouQ5W55wfzq2,59 W,Power Density,2700,Corridor,HIS.08.C13,0,,,,HIS,,,WBH-W-08.C13,Corridor,IC,,,,,0,New Construction,20.00%,Power Density,,0,0,,73 W,0.0,0 W,10.76 W/m²,0 W,13.99 W/m²,132 W,2700,LEVEL 08,0.0,AR Rooms
2026-08-01 19:58:17,14663265,NWB-ARC-WBH-AR-MOD-0035.rvt : 23 : location Internal,NWB-ARC-WBH-AR-MOD-0035,20317948,60b0f480-af8c-4c90-bd3e-100af22f9ac4-013575a0,PPT.07.181,"Office, 1 Person",LEVEL 07,New Construction,Perinatal Pathology,PPT,,,,10.0 m²,13036,355.276882,233.494516,206.692913,0 W,0.00 W/m²,0 W,0.00 W/m²,28.6 m²,By Space Type,0,By Space Type,0.0,0.0,0.0,-2000160,,,,0,-1,0,,,,,,,,Staff/Support Area,,WBH.PPT.03.028,118087,21/07/2026,OFF-1P,0,,,,,By Type,,,By Space Type,1WiFI0hunCaBq_40hp6kza,59 W,Power Density,2438,"Office, 1 Person",PPT.07.181,0,,,,PPT,,,WBH-W-07.181,"Office, 1 Person",03,,,,"1 staff, up to 2 visitors",0,New Construction,20.00%,Power Density,D40_Done,0,0,DR,73 W,0.0,0 W,10.76 W/m²,0 W,13.99 W/m²,132 W,2438,LEVEL 07,0.0,AR Rooms
2026-08-01 19:58:17,14663265,NWB-ARC-WBH-AR-MOD-0035.rvt : 23 : location Internal,NWB-ARC-WBH-AR-MOD-0035,20318009,4be6bdcc-8903-4338-98f8-49c2537012ee-01357f37,PPT.07.175,Office - Workstation,LEVEL 07,New Construction,Perinatal Pathology,PPT,,,,3.4 m²,7431,368.94961,236.470128,206.692913,0 W,0.00 W/m²,0 W,0.00 W/m²,28.6 m²,By Space Type,0,By Space Type,0.0,0.0,0.0,-2000160,,,,0,-1,-23.333333,15.06.2026,,,,,,,Staff/Support Area,,WBH.PPT.03.013,113744,21/07/2026,OFF-WS,4.5,,NWB-ARC-WBH-AR-RLS-PPT.03.013,,SC,By Type,,,By Space Type,1BvhtCYGD3E9ZuIS9IHMtP,59 W,Power Density,2438,Office - Workstation,PPT.07.175,0,,,,PPT,,,WBH-W-07.175,Office - Workstation,03,,,,1 staff/visitor,0,New Construction,20.00%,Power Density,,Yes,0,SC,73 W,0.0,0 W,10.76 W/m²,0 W,13.99 W/m²,132 W,2438,LEVEL 07,0.0,AR Rooms
2026-08-01 19:58:17,14663265,NWB-ARC-WBH-AR-MOD-0035.rvt : 23 : location Internal,NWB-ARC-WBH-AR-MOD-0035,20318011,4be6bdcc-8903-4338-98f8-49c2537012ee-01357f3a,PPT.07.178,Office - Workstation,LEVEL 07,New Construction,Perinatal Pathology,PPT,,,,3.9 m²,8280,374.394911,230.402376,206.692913,0 W,0.00 W/m²,0 W,0.00 W/m²,28.6 m²,By Space Type,0,By Space Type,0.0,0.0,0.0,-2000160,,,,0,-1,-14.222222,15.06.2026,,,,,,,Staff/Support Area,,WBH.PPT.03.016,113747,21/07/2026,OFF-WS,4.5,,Refer to AusHFG OFF-WS,,SC,By Type,,,By Space Type,1BvhtCYGD3E9ZuIS9IHMtK,59 W,Power Density,2438,Office - Workstation,PPT.07.178,0,,,,PPT,,,WBH-W-07.178,Office - Workstation,03,,,,1 staff/visitor,0,New Construction,20.00%,Power Density,,0,0,SC,73 W,0.0,0 W,10.76 W/m²,0 W,13.99 W/m²,132 W,2438,LEVEL 07,0.0,AR Rooms
2026-08-01 19:58:17,14663265,NWB-ARC-WBH-AR-MOD-0035.rvt : 23 : location Internal,NWB-ARC-WBH-AR-MOD-0035,20655430,c7ca935a-21f8-4447-aa59-af32409f3cd2-0136252a,ETC.08.C54,Corridor,LEVEL 08,New Construction,Education & Training Centre,ETC,,,,73.1 m²,78760,329.619423,431.215398,221.456693,0 W,0.00 W/m²,0 W,0.00 W/m²,28.6 m²,By Space Type,0,By Space Type,0.0,0.0,0.0,-2000160,,RESTRICTED - ORANGE,,0,-1,0.0,15.06.2026,,,,,,,Intradepartmental Circulation,,WBH.ETC.IC.011,117069,21/07/2026,CORR,0.0,,-,,Circulation,By Type,,,By Space Type,37ofDQ8VX4HwfPhp91gHdu,59 W,Power Density,2438,Corridor,ETC.08.C54,0,,,,ETC,,,WBH-W-08.C54,Corridor,IC,,,,,0,New Construction,20.00%,Power Density,,0,0,,73 W,0.0,0 W,10.76 W/m²,0 W,13.99 W/m²,132 W,2438,LEVEL 08,0.0,AR Rooms
2026-08-01 19:58:17,14663265,NWB-ARC-WBH-AR-MOD-0035.rvt : 23 : location Internal,NWB-ARC-WBH-AR-MOD-0035,20655432,c7ca935a-21f8-4447-aa59-af32409f3cd2-0136252d,ETC.08.123,"Equipment Clean-up, 12m2",LEVEL 08,New Construction,Education & Training Centre,ETC,,,,15.9 m²,18361,354.467815,444.718168,221.456693,0 W,0.00 W/m²,0 W,0.00 W/m²,28.6 m²,By Space Type,0,By Space Type,0.0,0.0,0.0,-2000160,,,,0,-1,32.333333,15.06.2026,,,,,,,Education & Training,,WBH.ETC.04.033,112338,21/07/2026,ECL-12,12,,NWB-ARC-WBH-AR-RLS-ETC.04.033,,SC,By Type,,,By Space Type,37ofDQ8VX4HwfPhp91gHd$,59 W,Power Density,2438,"Equipment Clean-up, 12m2",ETC.08.123,0,,,,ETC,,,WBH-W-08.123,"Equipment Clean-up, 12m2",04,,,,1 - 2 staff intermittently,0,New Construction,20.00%,Power Density,,Yes,0,,73 W,0.0,0 W,10.76 W/m²,0 W,13.99 W/m²,132 W,2438,LEVEL 08,0.0,AR Rooms
2026-08-01 19:58:17,14663265,NWB-ARC-WBH-AR-MOD-0035.rvt : 23 : location Internal,NWB-ARC-WBH-AR-MOD-0035,20656048,4a351c07-d56e-46f6-9b11-3af8e4e73fdf-013b2d22,HIS.08.286,"Office - 1 Person, 6m2",LEVEL 08,New Construction,Health Information & Administration Service,HIS,,,,6.8 m²,10472,170.706911,453.345954,221.456693,0 W,0.00 W/m²,0 W,0.00 W/m²,28.6 m²,By Space Type,0,By Space Type,0.0,0.0,0.0,-2000160,,,,0,-1,0.0,15.06.2026,,,FLCP-006,,FLSK-031,,Staff Areas,,WBH.HIS.04.036,118089,21/07/2026,OFF-1P-6,0.0,,NWB-ARC-WBH-AR-RLS-HIS.04.036,,DR,By Type,,,By Space Type,1ADHm7rMv6zfiHElZbt1Bz,59 W,Power Density,2438,"Office - 1 Person, 6m2",HIS.08.286,0,,,,HIS,,,WBH-W-08.286,"Office - 1 Person, 6m2",04,,,,1 staff,0,New Construction,20.00%,Power Density,D40_Done,Yes,0,,73 W,0.0,0 W,10.76 W/m²,0 W,13.99 W/m²,132 W,2438,LEVEL 08,0.0,AR Rooms
2026-08-01 19:58:17,14663265,NWB-ARC-WBH-AR-MOD-0035.rvt : 23 : location Internal,NWB-ARC-WBH-AR-MOD-0035,20656053,4a351c07-d56e-46f6-9b11-3af8e4e73fdf-013b2d2b,HIS.08.285,"Office - 1 Person, 6m2",LEVEL 08,New Construction,Health Information & Administration Service,HIS,,,,6.8 m²,10707,160.426226,453.079709,221.456693,0 W,0.00 W/m²,0 W,0.00 W/m²,28.6 m²,By Space Type,0,By Space Type,0.0,0.0,0.0,-2000160,,,,0,-1,0.0,15.06.2026,,,FLCP-006,,FLSK-031,,Staff Areas,,WBH.HIS.04.037,118090,21/07/2026,OFF-1P-6,0.0,,NWB-ARC-WBH-AR-RLS-HIS.04.037,,DR,By Type,,,By Space Type,1ADHm7rMv6zfiHElZbt1Bq,59 W,Power Density,2438,"Office - 1 Person, 6m2",HIS.08.285,0,,,,HIS,,,WBH-W-08.285,"Office - 1 Person, 6m2",04,,,,1 staff,0,New Construction,20.00%,Power Density,D40_Done,Yes,0,,73 W,0.0,0 W,10.76 W/m²,0 W,13.99 W/m²,132 W,2438,LEVEL 08,0.0,AR Rooms
2026-08-01 19:58:17,14663265,NWB-ARC-WBH-AR-MOD-0035.rvt : 23 : location Internal,NWB-ARC-WBH-AR-MOD-0035,20656182,418ed555-62e5-44cf-9759-7bc7be00c743-013b2ec2,HIS.08.281,"Office - Workstation, 5 Person",LEVEL 08,New Construction,Health Information & Administration Service,HIS,,,,24.4 m²,20234,164.671117,442.368735,221.456693,0 W,0.00 W/m²,0 W,0.00 W/m²,28.6 m²,By Space Type,0,By Space Type,0.0,0.0,0.0,-2000160,,,,0,-1,0,,,,FLCP-006,,FLSK-031,,Staff Areas,,WBH.HIS.04.035,116626,21/07/2026,WS-5P,0,,Refer to AusHFG OFF-WS,,SC,By Type,,,By Space Type,11ZjLLOkL4pvTPUyU$E_c1,59 W,Power Density,2438,"Office - Workstation, 5 Person",HIS.08.281,0,,,,HIS,,,WBH-W-08.281,"Office - Workstation, 5 Person",04,,,,1 staff/visitor,0,New Construction,20.00%,Power Density,,Yes,0,,73 W,0.0,0 W,10.76 W/m²,0 W,13.99 W/m²,132 W,2438,LEVEL 08,0.0,AR Rooms
2026-08-01 19:58:17,14663265,NWB-ARC-WBH-AR-MOD-0035.rvt : 23 : location Internal,NWB-ARC-WBH-AR-MOD-0035,20777490,261d844f-8563-4b04-ad57-680006650082-013d0a12,ETC.08.194,Bay - Multifunction Device,LEVEL 08,New Construction,Education & Training Centre,ETC,,,,3.8 m²,8509,273.354659,426.171517,221.456693,0 W,0.00 W/m²,0 W,0.00 W/m²,28.6 m²,By Space Type,0,By Space Type,0.0,0.0,0.0,-2000160,,,,0,-1,0,15.06.2026,,,,,,,Staff Zone,,WBH.ETC.05.073,118091,21/07/2026,BMFD,0,,,,,By Type,,,By Space Type,0c7OHFXMDB1ArNQ007M0gG,59 W,Power Density,2438,Bay - Multifunction Device,ETC.08.194,0,,,,ETC,,,WBH-W-08.194,Bay - Multifunction Device,05,,,,1 staff intermittently,0,New Construction,20.00%,Power Density,,0,0,,73 W,0.0,0 W,10.76 W/m²,0 W,13.99 W/m²,132 W,2438,LEVEL 08,0.0,AR Rooms
2026-08-01 19:58:17,14663265,NWB-ARC-WBH-AR-MOD-0035.rvt : 23 : location Internal,NWB-ARC-WBH-AR-MOD-0035,21087824,2d5af56b-a09c-4087-9cf0-0e8f82fe421c-0141c650,ETC.08.110,"Computer Training Room, Large",LEVEL 08,New Construction,Education & Training Centre,ETC,,,,89.5 m²,44021,330.337106,243.283967,221.456693,0 W,0.00 W/m²,0 W,0.00 W/m²,28.6 m²,By Space Type,0,By Space Type,0.0,0.0,0.0,-2000160,"CEILING: acoustic, drop-in tiles, 600 x 1200",,,0,-1,-14.809524,15.06.2026,CLTI-002,,FLCP-006,,FLSK-009,WLWA-001,Education & Training,,WBH.ETC.04.015,107261,21/07/2026,COMPUTER TRAINING,105,,NWB-ARC-WBH-AR-RLS-ETC.04.015,,NS,By Type,FLOOR FINISH: carpet tiles,Typical Room,By Space Type,0jMlLhe9n0Xvpm3e_3luHC,59 W,Power Density,2700,"Computer Training Room, Large",ETC.08.110,0,Rooms,AROO,Rooms,ETC,84.9999779940947,Architecture,,,,YES,SL_90_10,Room Spaces,,0,New Construction,20.00%,Power Density,,Yes,0,NS,73 W,0.0,0 W,10.76 W/m²,0 W,13.99 W/m²,132 W,2700,LEVEL 08,0.0,AR Rooms
2026-08-01 19:58:17,14663265,NWB-ARC-WBH-AR-MOD-0035.rvt : 23 : location Internal,NWB-ARC-WBH-AR-MOD-0035,21087848,2d5af56b-a09c-4087-9cf0-0e8f82fe421c-0141c668,ETC.08.098,Clinical Library,LEVEL 08,New Construction,Education & Training Centre,ETC,,,,78.9 m²,39932,327.510663,268.53003,221.456693,0 W,0.00 W/m²,0 W,0.00 W/m²,28.6 m²,By Space Type,0,By Space Type,0.0,0.0,0.0,-2000160,"CEILING: acoustic, drop-in tiles, 600 x 1200",,,0,-1,-21.09,15.06.2026,CLTI-002,,FLCP-006,,FLSK-009,WLWA-001,Clinical Library,,WBH.ETC.03.001,107244,21/07/2026,CLINICAL LIBRARY,100,,NWB-ARC-WBH-AR-RLS-ETC.03.001,,NS,By Type,FLOOR FINISH: carpet tiles,Typical Room,By Space Type,0jMlLhe9n0Xvpm3e_3luHq,59 W,Power Density,2700,Clinical Library,ETC.08.098,0,,,,ETC,,,,,,,,,,0,New Construction,20.00%,Power Density,,Yes,0,NS,73 W,0.0,0 W,10.76 W/m²,0 W,13.99 W/m²,132 W,2700,LEVEL 08,0.0,AR Rooms
2026-08-01 19:58:17,14663265,NWB-ARC-WBH-AR-MOD-0035.rvt : 23 : location Internal,NWB-ARC-WBH-AR-MOD-0035,21087862,2d5af56b-a09c-4087-9cf0-0e8f82fe421c-0141c676,ETC.08.111,"Computer Training Room, Small",LEVEL 08,New Construction,Education & Training Centre,ETC,,,,26.4 m²,21992,344.590522,238.340492,221.456693,0 W,0.00 W/m²,0 W,0.00 W/m²,28.6 m²,By Space Type,0,By Space Type,0.0,0.0,0.0,-2000160,,,,0,-1,25.857143,15.06.2026,,,,,,,Education & Training,,WBH.ETC.04.016,107262,21/07/2026,COMPUTER TRAINING,21,,NWB-ARC-WBH-AR-RLS-ETC.04.016,,NS,By Type,,Typical Room,By Space Type,0jMlLhe9n0Xvpm3e_3luHg,59 W,Power Density,2438,"Computer Training Room, Small",ETC.08.111,0,,,,ETC,,,,,,,,,,0,New Construction,20.00%,Power Density,,Yes,0,,73 W,0.0,0 W,10.76 W/m²,0 W,13.99 W/m²,132 W,2438,LEVEL 08,0.0,AR Rooms
2026-08-01 19:58:17,14663265,NWB-ARC-WBH-AR-MOD-0035.rvt : 23 : location Internal,NWB-ARC-WBH-AR-MOD-0035,21087872,2d5af56b-a09c-4087-9cf0-0e8f82fe421c-0141c680,ETC.08.100,"Office, 3 Person",LEVEL 08,New Construction,Education & Training Centre,ETC,,,,12.8 m²,14807,312.172736,280.939807,221.456693,0 W,0.00 W/m²,0 W,0.00 W/m²,28.6 m²,By Space Type,0,By Space Type,0.0,0.0,0.0,-2000160,,,,0,-1,-12,15.06.2026,,,,,,,Clinical Library,,WBH.ETC.03.004,112327,21/07/2026,OFF-3P,15,,NWB-ARC-WBH-AR-RLS-ETC.03.004,,PS,By Type,,,By Space Type,0jMlLhe9n0Xvpm3e_3luIS,59 W,Power Density,2438,"Office, 3 Person",ETC.08.100,0,,,,ETC,,,,,,,,,Up to 3 staff,0,New Construction,20.00%,Power Density,D40_Done,Yes,0,,73 W,0.0,0 W,10.76 W/m²,0 W,13.99 W/m²,132 W,2438,LEVEL 08,0.0,AR Rooms
2026-08-01 19:58:17,14663265,NWB-ARC-WBH-AR-MOD-0035.rvt : 23 : location Internal,NWB-ARC-WBH-AR-MOD-0035,21088380,12b46760-cb73-4a01-8fa5-ab2b14e14d83-0141c87c,ETC.08.119,"Seminar Room, 50-person",LEVEL 08,New Construction,Education & Training Centre,Education & Training Centre,,,,88.2 m²,39869,365.768927,239.607798,221.456693,0 W,0.00 W/m²,0 W,0.00 W/m²,28.6 m²,By Space Type,0,By Space Type,0.0,0.0,0.0,-2000160,"CEILING: acoustic, drop-in tiles, 600 x 1200",,,0,-1,-11.83,15.06.2026,CLTI-002,,FLCP-006,,FLSK-009,WLFI-202,Education & Training,,WBH.ETC.04.029,112334,21/07/2026,SEMINAR 50P-100,100,,NWB-ARC-WBH-AR-RLS-ETC.04.029,,DR,By Type,FLOOR FINISH: carpet tiles,Typical Room,By Space Type,0Ij6TWotDA0O_bgoiLe8N$,59 W,Power Density,2700,"Seminar Room, 50-person",ETC.08.119,0,Rooms,AROO,Rooms,,99.44439599685784,Architecture,WBH-W-08.119,,,YES,SL_90_10,Room Spaces,Up to 45 seated,0,New Construction,20.00%,Power Density,,No,0,DR,73 W,0.0,0 W,10.76 W/m²,0 W,13.99 W/m²,132 W,2700,LEVEL 08,0.0,AR Rooms
2026-08-01 19:58:17,14663265,NWB-ARC-WBH-AR-MOD-0035.rvt : 23 : location Internal,NWB-ARC-WBH-AR-MOD-0035,21088381,12b46760-cb73-4a01-8fa5-ab2b14e14d83-0141c87d,ETC.08.182,"Office, Staff Zone",LEVEL 08,New Construction,Education & Training Centre,Education & Training Centre,,,,5.9 m²,9710,287.911745,238.420122,221.456693,0 W,0.00 W/m²,0 W,0.00 W/m²,28.6 m²,By Space Type,0,By Space Type,0.0,0.0,0.0,-2000160,"CEILING: acoustic, drop-in tiles, 600 x 1200",,,0,-1,-2.166667,15.06.2026,CLTI-002,,FLCP-006,,FLSK-009,WLFI-001,Staff Zone,DNAMER,WBH.ETC.05.068,112343,21/07/2026,OFF-1P-6,6,,NWB-ARC-GEN-AR-RLS-PS-OFF-1P-6,,PS,By Type,FLOOR FINISH: carpet tiles,,By Space Type,0Ij6TWotDA0O_bgoiLe8N_,59 W,Power Density,2700,"Office, Staff Zone",ETC.08.182,0,Rooms,AROO,Rooms,,6.9947050007125195,Architecture,WBH-W-08.182,,,YES,SL_90_10,Room Spaces,1 staff,0,New Construction,20.00%,Power Density,D40_Done,No,0,PS-OFF-1P-6,73 W,0.0,0 W,10.76 W/m²,0 W,13.99 W/m²,132 W,2700,LEVEL 08,0.0,AR Rooms
2026-08-01 19:58:17,14663265,NWB-ARC-WBH-AR-MOD-0035.rvt : 23 : location Internal,NWB-ARC-WBH-AR-MOD-0035,21088382,12b46760-cb73-4a01-8fa5-ab2b14e14d83-0141c87e,ETC.08.181,"Office, Staff Zone",LEVEL 08,New Construction,Education & Training Centre,ETC,,,,5.9 m²,9723,282.527887,238.679308,221.456693,0 W,0.00 W/m²,0 W,0.00 W/m²,28.6 m²,By Space Type,0,By Space Type,0.0,0.0,0.0,-2000160,"CEILING: acoustic, drop-in tiles, 600 x 1200",,,0,-1,-2,15.06.2026,CLTI-002,,FLCP-006,,FLSK-009,WLFI-001,Staff Zone,PGME,WBH.ETC.05.067,112342,21/07/2026,OFF-1P-6,6,,NWB-ARC-WBH-AR-RLS-ETC.05.067,,PS,By Type,FLOOR FINISH: carpet tiles,,By Space Type,0Ij6TWotDA0O_bgoiLe8Nz,59 W,Power Density,2700,"Office, Staff Zone",ETC.08.181,0,Rooms,AROO,Rooms,ETC,6.834772750616033,Architecture,WBH-W-08.181,,,YES,SL_90_10,Room Spaces,1 staff,0,New Construction,20.00%,Power Density,D40_Done,Yes,0,PS-OFF-1P-6,73 W,0.0,0 W,10.76 W/m²,0 W,13.99 W/m²,132 W,2700,LEVEL 08,0.0,AR Rooms
2026-08-01 19:58:17,14663265,NWB-ARC-WBH-AR-MOD-0035.rvt : 23 : location Internal,NWB-ARC-WBH-AR-MOD-0035,21088384,12b46760-cb73-4a01-8fa5-ab2b14e14d83-0141c880,ETC.08.188,"Office - Workstation, 43 Person",LEVEL 08,New Construction,Education & Training Centre,ETC,,,,193.8 m²,97461,240.215715,231.261329,221.456693,0 W,0.00 W/m²,0 W,0.00 W/m²,28.6 m²,By Space Type,0,By Space Type,0.0,0.0,0.0,-2000160,"CEILING: acoustic, drop-in tiles, 600 x 1200",,,0,-1,0,,CLTI-002,,FLCP-006,,FLSK-031,WLFI-001,Staff Zone,,WBH.ETC.05.069,116651,21/07/2026,WORKSTATIONS 43P,0,,NWB-ARC-WBH-AR-RLS-ETC.05.069,,SC,By Type,FLOOR FINISH: carpet tiles,,By Space Type,0Ij6TWotDA0O_bgoiLe8K3,59 W,Power Density,2700,"Office - Workstation, 43 Person",ETC.08.188,0,Rooms,AROO,Rooms,ETC,172.6840317486592,Architecture,WBH-W-08.188,,,YES,SL_90_10,Room Spaces,1 staff/visitor,0,New Construction,20.00%,Power Density,,Yes,0,SC,73 W,0.0,0 W,10.76 W/m²,0 W,13.99 W/m²,132 W,2700,LEVEL 08,0.0,AR Rooms
2026-08-01 19:58:17,14663265,NWB-ARC-WBH-AR-MOD-0035.rvt : 23 : location Internal,NWB-ARC-WBH-AR-MOD-0035,21088392,12b46760-cb73-4a01-8fa5-ab2b14e14d83-0141c888,ETC.08.192,Bay - Multifunction Device,LEVEL 08,New Construction,Education & Training Centre,Education & Training Centre,,,,7.2 m²,13095,259.971439,240.728674,221.456693,0 W,0.00 W/m²,0 W,0.00 W/m²,28.6 m²,By Space Type,0,By Space Type,0.0,0.0,0.0,-2000160,"CEILING: acoustic, drop-in tiles, 600 x 1200",,,0,-1,0,15.06.2026,CLTI-002,,FLCP-006,,FLSK-031,WLFI-001,Staff Zone,,WBH.ETC.05.072,117668,21/07/2026,BMFD,0,,,,DR,By Type,FLOOR FINISH: carpet tiles,,By Space Type,0Ij6TWotDA0O_bgoiLe8KB,59 W,Power Density,2700,Bay - Multifunction Device,ETC.08.192,0,Rooms,AROO,Rooms,,2.4725516968529875,Architecture,WBH-W-08.192,,,YES,SL_90_10,Room Spaces,1 staff intermittently,0,New Construction,20.00%,Power Density,,No,0,DR,73 W,0.0,0 W,10.76 W/m²,0 W,13.99 W/m²,132 W,2700,LEVEL 08,0.0,AR Rooms
2026-08-01 19:58:17,14663265,NWB-ARC-WBH-AR-MOD-0035.rvt : 23 : location Internal,NWB-ARC-WBH-AR-MOD-0035,21088400,12b46760-cb73-4a01-8fa5-ab2b14e14d83-0141c890,ETC.08.120,"Seminar Room, 50-person",LEVEL 08,New Construction,Education & Training Centre,ETC,,,,87.6 m²,39679,363.357533,273.07233,221.456693,0 W,0.00 W/m²,0 W,0.00 W/m²,28.6 m²,By Space Type,0,By Space Type,0.0,0.0,0.0,-2000160,"CEILING: acoustic, drop-in tiles, 600 x 1200",,,0,-1,-12.42,15.06.2026,CLTI-002,,FLCP-006,,FLSK-009,WLFI-202,Education & Training,,WBH.ETC.04.030,112335,21/07/2026,SEMINAR 50P-100,100,,NWB-ARC-WBH-AR-RLS-ETC.04.030,,DR,By Type,FLOOR FINISH: carpet tiles,Refer to Typical Room,By Space Type,0Ij6TWotDA0O_bgoiLe8KJ,59 W,Power Density,2700,"Seminar Room, 50-person",ETC.08.120,0,Rooms,AROO,Rooms,ETC,99.4443960031371,Architecture,WBH-W-08.120,,,YES,SL_90_10,Room Spaces,Up to 45 seated,0,New Construction,20.00%,Power Density,,Yes,0,DR,73 W,0.0,0 W,10.76 W/m²,0 W,13.99 W/m²,132 W,2700,LEVEL 08,0.0,AR Rooms
2026-08-01 19:58:17,14663265,NWB-ARC-WBH-AR-MOD-0035.rvt : 23 : location Internal,NWB-ARC-WBH-AR-MOD-0035,21088405,12b46760-cb73-4a01-8fa5-ab2b14e14d83-0141c895,ETC.08.C53,Corridor,LEVEL 08,New Construction,Education & Training Centre,Education & Training Centre,,,,24.2 m²,31040,328.507218,286.245745,221.456693,0 W,0.00 W/m²,0 W,0.00 W/m²,28.6 m²,By Space Type,0,By Space Type,0.0,0.0,0.0,-2000160,"CEILING: acoustic, drop-in tiles, 600 x 1200",RESTRICTED - ORANGE,STAFF TRANSIT-TYPE C,0,-1,0.0,15.06.2026,CLTI-002,,FLVY-007,,FLSK-010,WLFI-001,Intradepartmental Circulation,,WBH.ETC.IC.012,117070,21/07/2026,CORR,0.0,,-,,Circulation,By Type,"FLOOR FINISH: luxury vinyl tile, standard slip resistance",,By Space Type,0Ij6TWotDA0O_bgoiLe8KM,59 W,Power Density,2700,Corridor,ETC.08.C53,0,,,,,,,WBH-W-08.C53,,,,,,,0,New Construction,20.00%,Power Density,,0,0,,73 W,0.0,0 W,10.76 W/m²,0 W,13.99 W/m²,132 W,2700,LEVEL 08,0.0,AR Rooms
2026-08-01 19:58:17,14663265,NWB-ARC-WBH-AR-MOD-0035.rvt : 23 : location Internal,NWB-ARC-WBH-AR-MOD-0035,21088406,12b46760-cb73-4a01-8fa5-ab2b14e14d83-0141c896,ETC.08.C51,Corridor,LEVEL 08,New Construction,Education & Training Centre,Education & Training Centre,,,,24.2 m²,31052,328.339895,225.411592,221.456693,0 W,0.00 W/m²,0 W,0.00 W/m²,28.6 m²,By Space Type,0,By Space Type,0.0,0.0,0.0,-2000160,"CEILING: acoustic, drop-in tiles, 600 x 1200",RESTRICTED - ORANGE,STAFF TRANSIT-TYPE C,0,-1,0.0,15.06.2026,CLTI-002,,FLVY-007,,FLSK-010,WLFI-001,Intradepartmental Circulation,,WBH.ETC.IC.014,117072,21/07/2026,CORR,0.0,,-,,Circulation,By Type,"FLOOR FINISH: luxury vinyl tile, standard slip resistance",,By Space Type,0Ij6TWotDA0O_bgoiLe8KL,59 W,Power Density,2700,Corridor,ETC.08.C51,0,,,,,,,WBH-W-08.C51,,,,,,,0,New Construction,20.00%,Power Density,,0,0,,73 W,0.0,0 W,10.76 W/m²,0 W,13.99 W/m²,132 W,2700,LEVEL 08,0.0,AR Rooms
2026-08-01 19:58:17,14663265,NWB-ARC-WBH-AR-MOD-0035.rvt : 23 : location Internal,NWB-ARC-WBH-AR-MOD-0035,21089072,12b46760-cb73-4a01-8fa5-ab2b14e14d83-0141cb30,ETC.08.155,"Office, Telehealth/Focus",LEVEL 08,New Construction,Education & Training Centre,Education & Training Centre,,,,4.4 m²,8534,184.958081,239.64549,221.456693,0 W,0.00 W/m²,0 W,0.00 W/m²,28.6 m²,By Space Type,0,By Space Type,0.0,0.0,0.0,-2000160,"CEILING: acoustic, drop-in tiles, 600 x 1200",,,0,-1,-1.777778,15.06.2026,CLTI-002,,FLCP-006,,FLSK-009,WLWA-004,Staff Zone,Shared Areas,WBH.ETC.05.041,107309,21/07/2026,OFF-BOOTH,4.5,,NWB-ARC-GEN-AR-RLS-PS-OFF-BOOTH,,PS,By Type,FLOOR FINISH: carpet tiles,,By Space Type,0Ij6TWotDA0O_bgoiLe8Qp,59 W,Power Density,2700,"Office, Telehealth/Focus",ETC.08.155,0,Rooms,AROO,Rooms,,4.597535999982849,Architecture,,,,YES,SL_90_10,Room Spaces,1 staff,0,New Construction,20.00%,Power Density,D40_Done,0,0,PS-OFF-BOOTH,73 W,0.0,0 W,10.76 W/m²,0 W,13.99 W/m²,132 W,2700,LEVEL 08,0.0,AR Rooms
2026-08-01 19:58:17,14663265,NWB-ARC-WBH-AR-MOD-0035.rvt : 23 : location Internal,NWB-ARC-WBH-AR-MOD-0035,21089073,12b46760-cb73-4a01-8fa5-ab2b14e14d83-0141cb31,ETC.08.153,"Office, Telehealth/Focus",LEVEL 08,New Construction,Education & Training Centre,ETC,,,,4.4 m²,8626,185.446863,233.691646,221.456693,0 W,0.00 W/m²,0 W,0.00 W/m²,28.6 m²,By Space Type,0,By Space Type,0.0,0.0,0.0,-2000160,"CEILING: acoustic, drop-in tiles, 600 x 1200",,,0,-1,-1.777778,15.06.2026,CLTI-002,,FLCP-006,,FLSK-009,WLWA-004,Staff Zone,Shared Areas,WBH.ETC.05.039,107307,21/07/2026,OFF-BOOTH,4.5,,NWB-ARC-WBH-AR-RLS-ETC.05.039,,PS,By Type,FLOOR FINISH: carpet tiles,,By Space Type,0Ij6TWotDA0O_bgoiLe8Qo,59 W,Power Density,2700,"Office, Telehealth/Focus",ETC.08.153,0,Rooms,AROO,Rooms,ETC,4.85086828801634,Architecture,,,,YES,SL_90_10,Room Spaces,1 staff,0,New Construction,20.00%,Power Density,D40_Done,Yes,0,PS-OFF-BOOTH,73 W,0.0,0 W,10.76 W/m²,0 W,13.99 W/m²,132 W,2700,LEVEL 08,0.0,AR Rooms
2026-08-01 19:58:17,14663265,NWB-ARC-WBH-AR-MOD-0035.rvt : 23 : location Internal,NWB-ARC-WBH-AR-MOD-0035,21089074,12b46760-cb73-4a01-8fa5-ab2b14e14d83-0141cb32,ETC.08.154,"Office, Telehealth/Focus",LEVEL 08,New Construction,Education & Training Centre,Education & Training Centre,,,,4.5 m²,8473,275.022966,238.679308,221.456693,0 W,0.00 W/m²,0 W,0.00 W/m²,28.6 m²,By Space Type,0,By Space Type,0.0,0.0,0.0,-2000160,"CEILING: acoustic, drop-in tiles, 600 x 1200",,,0,-1,-0.666667,15.06.2026,CLTI-002,,FLCP-006,,FLSK-009,WLWA-004,Staff Zone,Shared Areas,WBH.ETC.05.040,107308,21/07/2026,OFF-BOOTH,4.5,,NWB-ARC-WBH-AR-RLS-ETC.05.040,,PS,By Type,FLOOR FINISH: carpet tiles,,By Space Type,0Ij6TWotDA0O_bgoiLe8Qn,59 W,Power Density,2700,"Office, Telehealth/Focus",ETC.08.154,0,Rooms,AROO,Rooms,,4.82688421128284,Architecture,,,,YES,SL_90_10,Room Spaces,1 staff,0,New Construction,20.00%,Power Density,D40_Done,No,0,PS-OFF-BOOTH,73 W,0.0,0 W,10.76 W/m²,0 W,13.99 W/m²,132 W,2700,LEVEL 08,0.0,AR Rooms
2026-08-01 19:58:17,14663265,NWB-ARC-WBH-AR-MOD-0035.rvt : 23 : location Internal,NWB-ARC-WBH-AR-MOD-0035,21091017,12b46760-cb73-4a01-8fa5-ab2b14e14d83-0141d2c9,ETC.08.099,Store - General,LEVEL 08,New Construction,Education & Training Centre,ETC,,,,18.5 m²,19745,345.625,267.616579,221.456693,0 W,0.00 W/m²,0 W,0.00 W/m²,28.6 m²,By Space Type,0,By Space Type,0.0,0.0,0.0,-2000160,"CEILING: plasterboard, drop-in tiles, prefinished, 600 x 1200",,,0,-1,105,15.06.2026,CLTI-008,,FLVY-007,,FLSK-010,WLWA-004,Clinical Library,,WBH.ETC.03.003,107246,21/07/2026,STGN,9,,NWB-ARC-WBH-AR-RLS-ETC.03.003,,SC,By Type,"FLOOR FINISH: vinyl, seamless, coved, standard slip resistant",,By Space Type,0Ij6TWotDA0O_bgoiLe9zA,59 W,Power Density,2700,Store - General,ETC.08.099,0,,,,ETC,,,,,,,,,"1-2 staff, intermittently",0,New Construction,20.00%,Power Density,,Yes,0,SC,73 W,0.0,0 W,10.76 W/m²,0 W,13.99 W/m²,132 W,2700,LEVEL 08,0.0,AR Rooms
2026-08-01 19:58:17,14663265,NWB-ARC-WBH-AR-MOD-0035.rvt : 23 : location Internal,NWB-ARC-WBH-AR-MOD-0035,21111866,4cd9f999-b8e5-41dd-adad-d4fe2282d85c-0142243a,ETC.08.189,Collaborative / Breakout Space,LEVEL 08,New Construction,Education & Training Centre,ETC,,,,31.6 m²,23726,175.369094,231.240004,221.456693,0 W,0.00 W/m²,0 W,0.00 W/m²,28.6 m²,By Space Type,0,By Space Type,0.0,0.0,0.0,-2000160,,,,0,-1,0,15.06.2026,,,,,,,Education & Training,,WBH.ETC.04.036,116759,21/07/2026,COLLAB/BREAK-OUT,0,,NWB-ARC-WBH-AR-RLS-ETC.04.036,,NS,By Type,,,By Space Type,1CsVcPkEL1tQsjrFuZmFnc,59 W,Power Density,2438,Collaborative / Breakout Space,ETC.08.189,0,,,,ETC,,,,,,,,,1 staff/visitor,0,New Construction,20.00%,Power Density,,Yes,0,,73 W,0.0,0 W,10.76 W/m²,0 W,13.99 W/m²,132 W,2438,LEVEL 08,0.0,AR Rooms
2026-08-01 19:58:17,14663265,NWB-ARC-WBH-AR-MOD-0035.rvt : 23 : location Internal,NWB-ARC-WBH-AR-MOD-0035,21120149,aeab759d-8eba-4557-888e-803c90ef3ee7-014224e6,ETC.08.C52,Corridor,LEVEL 08,New Construction,Education & Training Centre,ETC,,,,77.3 m²,63221,298.832021,265.065463,221.456693,0 W,0.00 W/m²,0 W,0.00 W/m²,28.6 m²,By Space Type,0,By Space Type,0.0,0.0,0.0,-2000160,,RESTRICTED - ORANGE,,0,-1,0.0,15.06.2026,,,,,,,Intradepartmental Circulation,,WBH.ETC.IC.013,117071,21/07/2026,CORR,0.0,,-,,Circulation,By Type,,,By Space Type,2kgtMTZhf5LuYEW3oHhHe1,59 W,Power Density,2438,Corridor,ETC.08.C52,0,,,,ETC,,,WBH-W-08.C52,Corridor,IC,,,,,0,New Construction,20.00%,Power Density,,0,0,,73 W,0.0,0 W,10.76 W/m²,0 W,13.99 W/m²,132 W,2438,LEVEL 08,0.0,AR Rooms
2026-08-01 19:58:17,14663265,NWB-ARC-WBH-AR-MOD-0035.rvt : 23 : location Internal,NWB-ARC-WBH-AR-MOD-0035,21146517,f1ba039a-0e61-4842-9157-5691778e679a-01428aca,ETC.08.C56,Corridor,LEVEL 08,New Construction,Education & Training Centre,Education & Training Centre,,,,79.5 m²,82322,221.592848,245.956211,221.456693,0 W,0.00 W/m²,0 W,0.00 W/m²,28.6 m²,By Space Type,0,By Space Type,0.0,0.0,0.0,-2000160,"CEILING: acoustic, drop-in tiles, 600 x 1200",RESTRICTED - ORANGE,STAFF TRANSIT-TYPE C,0,-1,0.0,15.06.2026,CLTI-002,,FLGE-503,,FLSK-010,WLFI-001,Intradepartmental Circulation,,WBH.ETC.IC.008,117066,21/07/2026,CORR,0.0,,-,,Circulation,By Type,"FLOOR FINISH: luxury vinyl tile, standard slip resistance",,By Space Type,3nkWEQ3c58Gf5NLf5spErG,59 W,Power Density,2700,Corridor,ETC.08.C56,0,,,,,,,WBH-W-08.C56,,,,,,,0,New Construction,20.00%,Power Density,,0,0,,73 W,0.0,0 W,10.76 W/m²,0 W,13.99 W/m²,132 W,2700,LEVEL 08,0.0,AR Rooms
2026-08-01 19:58:17,14663265,NWB-ARC-WBH-AR-MOD-0035.rvt : 23 : location Internal,NWB-ARC-WBH-AR-MOD-0035,21204811,fd944517-1c7b-4f7f-ad56-e20972515cc4-01438f4b,TRA.07.T11,Travel,LEVEL 07,New Construction,Travel,Travel,,,,60.8 m²,49501,300.849471,250.08239,206.692913,0 W,0.00 W/m²,0 W,0.00 W/m²,28.6 m²,By Space Type,0,By Space Type,0.0,0.0,0.0,-2000160,,RESTRICTED - ORANGE,,0,-1,0.0,,,,,,,,Horizontal Travel,,WBH.TRA.HT.258,117051,21/07/2026,TRAVEL,0.0,,-,,T&E,By Type,,,By Space Type,3zb4KN77jFVwrMuWbp4jEF,59 W,Power Density,2438,Travel,TRA.07.T11,0,,,,,,,,,,,,,,0,New Construction,20.00%,Power Density,,0,0,,73 W,0.0,0 W,10.76 W/m²,0 W,13.99 W/m²,132 W,2438,LEVEL 07,0.0,AR Rooms
2026-08-01 19:58:17,14663265,NWB-ARC-WBH-AR-MOD-0035.rvt : 23 : location Internal,NWB-ARC-WBH-AR-MOD-0035,21300835,ab1f867c-ef6b-4cba-8d5e-21d8a1b21cc2-0143feee,HIS.08.C19,Corridor,LEVEL 08,New Construction,Health Information & Administration Service,Health Information & Administration Service,,,,16.0 m²,16876,230.127953,391.013626,221.456693,0 W,0.00 W/m²,0 W,0.00 W/m²,28.6 m²,By Space Type,0,By Space Type,0.0,0.0,0.0,-2000160,,,,0,-1,0.0,15.06.2026,,,,,,,Intradepartmental Circulation,,WBH.HIS.IC.006,116164,21/07/2026,CORR,0.0,,-,,Circulation,By Type,,,By Space Type,2h7uPyxsjCkerU8TYWyU8i,59 W,Power Density,2438,Corridor,HIS.08.C19,0,,,,,,,,,,,,,,0,New Construction,20.00%,Power Density,,0,0,,73 W,0.0,0 W,10.76 W/m²,0 W,13.99 W/m²,132 W,2438,LEVEL 08,0.0,AR Rooms
2026-08-01 19:58:17,14663265,NWB-ARC-WBH-AR-MOD-0035.rvt : 23 : location Internal,NWB-ARC-WBH-AR-MOD-0035,21352374,b754d571-057d-4522-a13a-46162294f6c1-0145bbc8,HIS.08.240,Bay - Mobile Equipment,LEVEL 08,New Construction,Health Information & Administration Service,HIS,,,,2.8 m²,7782,182.1443,424.438647,221.456693,0 W,0.00 W/m²,0 W,0.00 W/m²,28.6 m²,By Space Type,0,By Space Type,0.0,0.0,0.0,-2000160,,,,0,-1,-30.25,15.06.2026,,,,,,,Assembly/Sorting/Scanning,,WBH.HIS.02.003,107660,21/07/2026,BMEQ,4,,Refer to AusHFG BMEQ,,SC,By Type,,,By Space Type,2tLDLn1Nr58g4wHXOZqKq9,59 W,Power Density,2438,Bay - Mobile Equipment,HIS.08.240,0,,,,HIS,,,,,,,,,,0,New Construction,20.00%,Power Density,,Yes,0,,73 W,0.0,0 W,10.76 W/m²,0 W,13.99 W/m²,132 W,2438,LEVEL 08,0.0,AR Rooms
2026-08-01 19:58:17,14663265,NWB-ARC-WBH-AR-MOD-0035.rvt : 23 : location Internal,NWB-ARC-WBH-AR-MOD-0035,21550285,c7909fab-e6d4-44d7-9d80-ff321a2b11f3-0148d4cd,PPT.07.184,"Disposal Room, 10m2",LEVEL 07,New Construction,Perinatal Pathology,PPT,,,,9.4 m²,13211,344.522991,231.135355,206.692913,0 W,0.00 W/m²,0 W,0.00 W/m²,28.6 m²,By Space Type,0,By Space Type,0.0,0.0,0.0,-2000160,,,,0,-1,-6.5,,,,,,,,Staff/Support Area,,WBH.PPT.03.023,113754,21/07/2026,DISP-10,10,,NWB-ARC-WBH-AR-RLS-PPT.03.023,,SC,By Type,,,By Space Type,37a9_hvjH4rvs0$p8ROyK_,59 W,Power Density,2438,"Disposal Room, 10m2",PPT.07.184,0,,,,PPT,,,,,,,,,,0,New Construction,20.00%,Power Density,,Yes,0,,73 W,0.0,0 W,10.76 W/m²,0 W,13.99 W/m²,132 W,2438,LEVEL 07,0.0,AR Rooms
2026-08-01 19:58:17,14663265,NWB-ARC-WBH-AR-MOD-0035.rvt : 23 : location Internal,NWB-ARC-WBH-AR-MOD-0035,21879503,1b47b9d1-da80-4899-9aa6-5a66c0a484ea-014ddacf,ETC.08.156,"Staff Room, 20m2",LEVEL 08,New Construction,Education & Training Centre,ETC,,,,19.7 m²,17744,219.270833,283.950798,221.456693,0 W,0.00 W/m²,0 W,0.00 W/m²,28.6 m²,By Space Type,0,By Space Type,0.0,0.0,0.0,-2000160,,,,0,-1,-1.65,15.06.2026,,,,,,,Staff Zone,Shared Areas,WBH.ETC.05.042,107310,21/07/2026,SRM-20,20,,NWB-ARC-WBH-AR-RLS-ETC.05.042,,DR,By Type,,Typical Room,By Space Type,0RHxdHse18cPgcMcR1wLub,59 W,Power Density,2438,"Staff Room, 20m2",ETC.08.156,0,,,,ETC,,,,,,,,,"Up to 8 staff, intermittently",0,New Construction,20.00%,Power Density,,Yes,0,,73 W,0.0,0 W,10.76 W/m²,0 W,13.99 W/m²,132 W,2438,LEVEL 08,0.0,AR Rooms
2026-08-01 19:58:17,14663265,NWB-ARC-WBH-AR-MOD-0035.rvt : 23 : location Internal,NWB-ARC-WBH-AR-MOD-0035,22088725,a6afc5a3-8990-4cbf-9b15-b618fb85c43b-01510c15,ETC.08.054,Collaborative / Breakout Space,LEVEL 08,New Construction,Education & Training Centre,Education & Training Centre,,,,10.4 m²,14030,218.942601,273.027321,221.456693,0 W,0.00 W/m²,0 W,0.00 W/m²,28.6 m²,By Space Type,0,By Space Type,0.0,0.0,0.0,-2000160,,,,0,-1,0.0,15.06.2026,,,,,,,Education & Training,,WBH.ETC.04.038,118244,21/07/2026,COLLAB/BREAK-OUT,0.0,,,,,By Type,,,By Space Type,2chyMZYP1ClviLjXZwrCWk,59 W,Power Density,2438,Collaborative / Breakout Space,ETC.08.054,0,,,,,,,,,,,,,1 staff/visitor,0,New Construction,20.00%,Power Density,,0,0,,73 W,0.0,0 W,10.76 W/m²,0 W,13.99 W/m²,132 W,2438,LEVEL 08,0.0,AR Rooms
2026-08-01 19:58:17,14663265,NWB-ARC-WBH-AR-MOD-0035.rvt : 23 : location Internal,NWB-ARC-WBH-AR-MOD-0035,22616384,f555466b-c1e2-4a83-8181-858ffa7621fd-01591940,PAT.07.062,"Clean-Up Room, 10m2",LEVEL 07,New Construction,Pathology,PAT,,,,12.0 m²,15090,314.040313,404.362464,206.692913,0 W,0.00 W/m²,0 W,0.00 W/m²,28.6 m²,By Space Type,0,By Space Type,0.0,0.0,0.0,-2000160,"CEILING: plasterboard, water resistant, flush set, suspended, paint, washable",,,0,-1,19.9,15.06.2026,CLFS-009,,FLVY-004,,FLSK-010,WLFI-001,Laboratory,,WBH.PAT.01.023,113725,21/07/2026,ECL-10,10,,NWB-ARC-WBH-AR-RLS-PAT.01.023,,DR,By Type,"FLOOR FINISH: vinyl, seamless, coved, non-slip, safety",Typical Room,By Space Type,3rLKPhmU9AWu61XO$xBpYz,59 W,Power Density,2700,"Clean-Up Room, 10m2",PAT.07.062,0,Rooms,AROO,Rooms,PAT,9.033790000016191,Architecture,WBH-W-07.062,"Clean-Up Room, 10m2",01,YES,SL_90_10,Room Spaces,1 - 2,0,New Construction,20.00%,Power Density,,Yes,0,DR,73 W,0.0,0 W,10.76 W/m²,0 W,13.99 W/m²,132 W,2700,LEVEL 07,0.0,AR Rooms
2026-08-01 19:58:17,14663265,NWB-ARC-WBH-AR-MOD-0035.rvt : 23 : location Internal,NWB-ARC-WBH-AR-MOD-0035,23574218,0ec877bb-a5bd-4c8a-8749-30196ec1c374-0167b59a,ETC.08.C59,Corridor,LEVEL 08,New Construction,Education & Training Centre,Education & Training Centre,,,,34.8 m²,31456,301.452951,407.524033,221.456693,0 W,0.00 W/m²,0 W,0.00 W/m²,28.6 m²,By Space Type,0,By Space Type,0.0,0.0,0.0,-2000160,,RESTRICTED - ORANGE,,0,-1,0.0,15.06.2026,,,,,,,Intradepartmental Circulation,,WBH.ETC.IC.010,117068,21/07/2026,CORR,0,,-,,Circulation,By Type,,,By Space Type,0Eo7UxfRrCYeT9C1blfdRk,59 W,Power Density,2438,Corridor,ETC.08.C59,0,,,,,,,,,,,,,,0,New Construction,20.00%,Power Density,,0,0,,73 W,0.0,0 W,10.76 W/m²,0 W,13.99 W/m²,132 W,2438,LEVEL 08,0.0,AR Rooms
2026-08-01 19:58:17,14663265,NWB-ARC-WBH-AR-MOD-0035.rvt : 23 : location Internal,NWB-ARC-WBH-AR-MOD-0035,24631940,06cde90d-3c91-446d-96fe-a67c566f99a7-0177da84,PAT.07.057,A-PATH-Wet Tissue Storage,LEVEL 07,New Construction,Pathology,Pathology,,,,28.7 m²,23007,385.432304,400.064861,206.692913,0 W,0.00 W/m²,0 W,0.00 W/m²,28.6 m²,By Space Type,0,By Space Type,0.0,0.0,0.0,-2000160,,,,0,-1,0.0,,,,,,,,Laboratory,,WBH.PAT.01.048,118473,21/07/2026,Wet Tissue Storage,0.0,,NWB-ARC-WBH-AR-RLS-PAT.01.048,,NS,By Type,,,By Space Type,06pUaDF954RPR_fdnN64CZ,59 W,Power Density,2438,A-PATH-Wet Tissue Storage,PAT.07.057,0,,,,,,,,,,,,,,0,New Construction,20.00%,Power Density,,Yes,0,,73 W,0.0,0 W,10.76 W/m²,0 W,13.99 W/m²,132 W,2438,LEVEL 07,0.0,AR FFE
2026-08-01 19:58:17,14663265,NWB-ARC-WBH-AR-MOD-0035.rvt : 23 : location Internal,NWB-ARC-WBH-AR-MOD-0035,24631943,06cde90d-3c91-446d-96fe-a67c566f99a7-0177da87,PAT.07.060,A-PATH-Case Assembly & Slide File,LEVEL 07,New Construction,Pathology,Pathology,,,,33.2 m²,25104,398.395548,399.619038,206.692913,0 W,0.00 W/m²,0 W,0.00 W/m²,28.6 m²,By Space Type,0,By Space Type,0.0,0.0,0.0,-2000160,,,,0,-1,0.0,,,,,,,,Laboratory,,WBH.PAT.01.049,118474,21/07/2026,CASE ASSEMBLY & SLIDE FILE,0.0,,NWB-ARC-WBH-AR-RLS-PAT.01.049,,NS,By Type,,,By Space Type,06pUaDF954RPR_fdnN64CW,59 W,Power Density,2438,A-PATH-Case Assembly & Slide File,PAT.07.060,0,,,,,,,,,,,,,,0,New Construction,20.00%,Power Density,,Yes,0,,73 W,0.0,0 W,10.76 W/m²,0 W,13.99 W/m²,132 W,2438,LEVEL 07,0.0,AR FFE
2026-08-01 19:58:17,14663265,NWB-ARC-WBH-AR-MOD-0035.rvt : 23 : location Internal,NWB-ARC-WBH-AR-MOD-0035,24631980,06cde90d-3c91-446d-96fe-a67c566f99a7-0177daac,PAT.07.059,A-PATH-Scientist Dry Workstation,LEVEL 07,New Construction,Pathology,Pathology,,,,11.8 m²,15864,401.586898,419.092889,206.692913,0 W,0.00 W/m²,0 W,0.00 W/m²,28.6 m²,By Space Type,0,By Space Type,0.0,0.0,0.0,-2000160,,,,0,-1,0.0,,,,,,,,Laboratory,,WBH.PAT.01.051,118476,21/07/2026,SCIENTIST DRY WORKSTATION,0.0,,NWB-ARC-WBH-AR-RLS-PAT.01.051,,NS,By Type,,,By Space Type,06pUaDF954RPR_fdnN64CB,59 W,Power Density,2438,A-PATH-Scientist Dry Workstation,PAT.07.059,0,,,,,,,,,,,,,,0,New Construction,20.00%,Power Density,,Yes,0,,73 W,0.0,0 W,10.76 W/m²,0 W,13.99 W/m²,132 W,2438,LEVEL 07,0.0,AR FFE
2026-08-01 19:58:17,14663265,NWB-ARC-WBH-AR-MOD-0035.rvt : 23 : location Internal,NWB-ARC-WBH-AR-MOD-0035,24631983,06cde90d-3c91-446d-96fe-a67c566f99a7-0177daaf,PAT.07.058,A-PATH Pathologist Dry Workstation,LEVEL 07,New Construction,Pathology,Pathology,,,,11.0 m²,13627,391.899544,419.076485,206.692913,0 W,0.00 W/m²,0 W,0.00 W/m²,28.6 m²,By Space Type,0,By Space Type,0.0,0.0,0.0,-2000160,,,,0,-1,0.0,,,,,,,,Laboratory,,WBH.PAT.01.050,118475,21/07/2026,Pathologist Dry Workstation,0.0,,NWB-ARC-WBH-AR-RLS-PAT.01.050,,NS,By Type,,,By Space Type,06pUaDF954RPR_fdnN64C8,59 W,Power Density,2438,A-PATH Pathologist Dry Workstation,PAT.07.058,0,,,,,,,,,,,,,,0,New Construction,20.00%,Power Density,,Yes,0,,73 W,0.0,0 W,10.76 W/m²,0 W,13.99 W/m²,132 W,2438,LEVEL 07,0.0,AR FFE
2026-08-01 19:58:17,14663265,NWB-ARC-WBH-AR-MOD-0035.rvt : 23 : location Internal,NWB-ARC-WBH-AR-MOD-0035,24632023,06cde90d-3c91-446d-96fe-a67c566f99a7-0177dad7,PAT.07.063,"Laboratory, Validation Workspace",LEVEL 07,New Construction,Pathology,Pathology,,,,26.2 m²,21388,324.858262,445.531234,206.692913,0 W,0.00 W/m²,0 W,0.00 W/m²,28.6 m²,By Space Type,0,By Space Type,0.0,0.0,0.0,-2000160,,,,0,-1,0.0,,,,,,,,Laboratory,,WBH.PAT.01.052,118477,21/07/2026,Validation Workspace,0.0,,NWB-ARC-WBH-AR-RLS-PAT.01.052,,NS,By Type,,,By Space Type,06pUaDF954RPR_fdnN64Dm,59 W,Power Density,2438,"Laboratory, Validation Workspace",PAT.07.063,0,,,,,,,,,,,,,,0,New Construction,20.00%,Power Density,,Yes,0,,73 W,0.0,0 W,10.76 W/m²,0 W,13.99 W/m²,132 W,2438,LEVEL 07,0.0,AR FFE
2026-08-01 19:58:17,14663265,NWB-ARC-WBH-AR-MOD-0035.rvt : 23 : location Internal,NWB-ARC-WBH-AR-MOD-0035,24632031,06cde90d-3c91-446d-96fe-a67c566f99a7-0177dadf,PAT.07.070,"Laboratory, Coagulation",LEVEL 07,New Construction,Pathology,Pathology,,,,52.4 m²,36242,274.603725,430.892106,206.692913,0 W,0.00 W/m²,0 W,0.00 W/m²,28.6 m²,By Space Type,0,By Space Type,0.0,0.0,0.0,-2000160,,,,0,-1,0.0,,,,,,,,Laboratory,,WBH.PAT.01.054,118479,21/07/2026,COAGULATION,0.0,,,,NS,By Type,,,By Space Type,06pUaDF954RPR_fdnN64Du,59 W,Power Density,2438,"Laboratory, Coagulation",PAT.07.070,0,,,,,,,,,,,,,,0,New Construction,20.00%,Power Density,,Yes,0,,73 W,0.0,0 W,10.76 W/m²,0 W,13.99 W/m²,132 W,2438,LEVEL 07,0.0,AR FFE
2026-08-01 19:58:17,14663265,NWB-ARC-WBH-AR-MOD-0035.rvt : 23 : location Internal,NWB-ARC-WBH-AR-MOD-0035,24632039,06cde90d-3c91-446d-96fe-a67c566f99a7-0177dae7,PAT.07.068,"Laboratory, Laboratory Entry",LEVEL 07,New Construction,Pathology,Pathology,,,,8.2 m²,12694,244.339951,425.954631,206.692913,0 W,0.00 W/m²,0 W,0.00 W/m²,28.6 m²,By Space Type,0,By Space Type,0.0,0.0,0.0,-2000160,,,,0,-1,0.0,,,,,,,,Laboratory,,WBH.PAT.01.053,118478,21/07/2026,Laboratory Entry,0.0,,NWB-ARC-WBH-AR-RLS-PAT.01.053,,NS,By Type,,,By Space Type,06pUaDF954RPR_fdnN64D0,59 W,Power Density,2438,"Laboratory, Laboratory Entry",PAT.07.068,0,,,,,,,,,,,,,,0,New Construction,20.00%,Power Density,,0,0,,73 W,0.0,0 W,10.76 W/m²,0 W,13.99 W/m²,132 W,2438,LEVEL 07,0.0,AR FFE
2026-08-01 19:58:17,14663265,NWB-ARC-WBH-AR-MOD-0035.rvt : 23 : location Internal,NWB-ARC-WBH-AR-MOD-0035,24665942,6c9e0225-5884-42dd-9cfa-c091b8c15983-01785d8a,PAT.XX.C06,Corridor,LEVEL 07,New Construction,Pathology,Pathology,,,,41.3 m²,56135,370.098708,411.981139,206.692913,0 W,0.00 W/m²,0 W,0.00 W/m²,28.6 m²,By Space Type,0,By Space Type,0.0,0.0,0.0,-2000160,,,,0,-1,0.0,,,,,,,,Intradepartmental Circulation,,WBH.PAT.IC.002,116225,21/07/2026,CORR,0.0,,-,,Circulation,By Type,,,By Space Type,1idW8bM8H2tPpwm96vkGG9,59 W,Power Density,2438,Corridor,PAT.XX.C06,0,,,,,,,,,,,,,,0,New Construction,20.00%,Power Density,,0,0,,73 W,0.0,0 W,10.76 W/m²,0 W,13.99 W/m²,132 W,2438,LEVEL 07,0.0,AR Fitout
2026-08-01 19:58:17,14663265,NWB-ARC-WBH-AR-MOD-0035.rvt : 23 : location Internal,NWB-ARC-WBH-AR-MOD-0035,25530576,2b6b16c1-6ffa-4ebf-acbb-6a7521cb4f13-01849942,PAT.07.071,Room,LEVEL 08,New Construction,,,,,,0.0,0.0,308.782808,445.844663,225.456693,0 W,0.00 W/m²,0 W,0.00 W/m²,28.6 m²,By Space Type,0,By Space Type,0.0,0.0,0.0,-2000160,,,,0,-1,0.0,,,,,,,,,,-,,,-,0.0,,,,,By Type,,,By Space Type,0hQnR1R$fElwoxQdKWJzPH,59 W,Power Density,0,Room,PAT.07.071,0,,,,,,,,,,,,,,0,New Construction,20.00%,Power Density,,0,0,,73 W,0.0,0 W,10.76 W/m²,0 W,13.99 W/m²,132 W,0,,0.0,AR Fitout
2026-08-01 19:58:17,14663265,NWB-ARC-WBH-AR-MOD-0035.rvt : 23 : location Internal,NWB-ARC-WBH-AR-MOD-0035,25662905,9c42045c-59f1-4cd8-bdcc-72bf1e1d0f32-018795b9,PAT.07.053,,LEVEL 07,New Construction,Pathology,Pathology,,,,0.0,0.0,243.198394,401.247511,206.692913,0 W,0.00 W/m²,0 W,0.00 W/m²,28.6 m²,By Space Type,0,By Space Type,0.0,0.0,0.0,-2000160,,,,0,-1,0.0,,,,,,,,,,WBH.PAT.01.002,,,,0.0,,,,,By Type,,,By Space Type,2SGWHSMV5CsBtCShyVcfgB,59 W,Power Density,2438,,PAT.07.053,0,,,,,,,,,,,,,,0,New Construction,20.00%,Power Density,,0,0,,73 W,0.0,0 W,10.76 W/m²,0 W,13.99 W/m²,132 W,2438,LEVEL 07,0.0,AR FFE
2026-08-01 19:58:17,11608888,NWB-ARC-WBH-AR-MOD-0036.rvt : 26 : location Internal,NWB-ARC-WBH-AR-MOD-0036,11684802,f6c2f0bc-1153-45c1-bf3c-b2052d6021e3-00b24bc2,TRA.11.T04,"Lift Lobby, Services",LEVEL 11,New Construction,Travel,TRA,,,,74.0 m²,39613,267.039042,321.648468,265.748031,0 W,0.00 W/m²,0 W,0.00 W/m²,28.6 m²,By Space Type,0,By Space Type,0.0,0.0,0.0,-2000160,"CEILING: acoustic, drop-in tiles, 600 x 1200",RESTRICTED - ORANGE,,0,-1,0.0,11.06.2026,CLTI-002,,FLVY-007,,FLSK-010,WLFI-001,Horizontal Travel,,WBH.TRA.HT.014,115547,21/07/2026,SERVICES LIFT LOBBY,0.0,,-,,T&E,By Type,"FLOOR FINISH: vinyl, seamless, coved, standard slip resistant",,By Space Type,3sml2y4LD5mRyyiWKjqceX,59 W,Power Density,2700,"Lift Lobby, Services",TRA.11.T04,0,Rooms,AROO,Rooms,TRA,88.98602499999583,Architecture,WBH-W-11.T04,"Lift Lobby, Services",HT,YES,SL_90_10,Room Spaces,,0,New Construction,20.00%,Power Density,,0,0,,73 W,0.0,0 W,10.76 W/m²,0 W,13.99 W/m²,132 W,2700,LEVEL 11,0.0,AR Rooms
2026-08-01 19:58:17,11608888,NWB-ARC-WBH-AR-MOD-0036.rvt : 26 : location Internal,NWB-ARC-WBH-AR-MOD-0036,11686605,af03d2d5-b407-4f07-a088-641a0a34cc05-00b252cd,TRA.10.T04,"Lift Lobby, Services",LEVEL 10,New Construction,Travel,TRA,,,,74.0 m²,39613,267.039042,321.648468,250.984252,0 W,0.00 W/m²,0 W,0.00 W/m²,28.6 m²,By Space Type,0,By Space Type,0.0,0.0,0.0,-2000160,"CEILING: acoustic, drop-in tiles, 600 x 1200",RESTRICTED - ORANGE,,0,-1,0.0,11.06.2026,CLTI-002,,FLVY-007,,FLSK-010,WLFI-001,Horizontal Travel,,WBH.TRA.HT.013,115546,21/07/2026,SERVICES LIFT LOBBY,0.0,,-,,T&E,By Type,"FLOOR FINISH: vinyl, seamless, coved, standard slip resistant",,By Space Type,2l0zBLj0TF1w28P1eAXfx8,59 W,Power Density,2700,"Lift Lobby, Services",TRA.10.T04,0,Rooms,AROO,Rooms,TRA,258.2429285686161,Architecture,WBH-W-10.T04,"Lift Lobby, Services",HT,YES,SL_90_10,Room Spaces,,0,New Construction,20.00%,Power Density,,0,0,,73 W,0.0,0 W,10.76 W/m²,0 W,13.99 W/m²,132 W,2700,LEVEL 10,0.0,AR Rooms
2026-08-01 19:58:17,11608888,NWB-ARC-WBH-AR-MOD-0036.rvt : 26 : location Internal,NWB-ARC-WBH-AR-MOD-0036,11686634,af03d2d5-b407-4f07-a088-641a0a34cc05-00b252ea,IP1.10.105,Multi-Purpose Room,LEVEL 10,New Construction,Inpatient Obstetric 1,IP1,,,,27.0 m²,22309,315.795604,345.530522,250.984252,0 W,0.00 W/m²,0 W,0.00 W/m²,28.6 m²,By Space Type,0,By Space Type,0.0,0.0,0.0,-2000160,,,,0,-1,-9.866667,11.06.2026,,,FLVY-500,,FLSK-010,WLFI-001,Shared Patient Areas,,WBH.IP1.04.003,112574,21/07/2026,MPURP-30,30,,NWB-ARC-WBH-AR-RLS-IP1.04.003,,NS,By Type,"FLOOR FINISH: vinyl, seamless, coved, standard slip resistant, feature",Typical Room,By Space Type,2l0zBLj0TF1w28P1eAXfxl,59 W,Power Density,2700,Multi-Purpose Room,IP1.10.105,0,Rooms,AROO,Rooms,IP1,29.146783249995533,Architecture,WBH-W-10.105,Multi-Purpose Room,04,YES,SL_90_10,Room Spaces,,0,New Construction,20.00%,Power Density,,Yes,0,NS,73 W,0.0,0 W,10.76 W/m²,0 W,13.99 W/m²,132 W,2700,LEVEL 10,0.0,AR Rooms
2026-08-01 19:58:17,11608888,NWB-ARC-WBH-AR-MOD-0036.rvt : 26 : location Internal,NWB-ARC-WBH-AR-MOD-0036,11686638,af03d2d5-b407-4f07-a088-641a0a34cc05-00b252ee,IP1.10.107,"Toilet, Accessible, 6m2",LEVEL 10,New Construction,Inpatient Obstetric 1,IP1,,,,6.8 m²,10489,316.199618,401.52361,250.984252,0 W,0.00 W/m²,0 W,0.00 W/m²,28.6 m²,By Space Type,0,By Space Type,0.0,0.0,0.0,-2000160,"CEILING: plasterboard, water resistant, drop-in tiles, prefinished, 600 x 1200",,,0,-1,14,11.06.2026,CLTI-014,,FLVY-009,,FLSK-010,WLFI-001,Shared Patient Areas,,WBH.IP1.04.005,112576,21/07/2026,WCAC,6,,Refer to AusHFG WCAC,,SC,By Type,"FLOOR FINISH: vinyl, seamless, coved, wet area, non-slip",,By Space Type,2l0zBLj0TF1w28P1eAXfxh,59 W,Power Density,2700,"Toilet, Accessible, 6m2",IP1.10.107,0,Rooms,AROO,Rooms,IP1,5.88000000000004,Architecture,WBH-W-10.107,"Toilet, Accessible, 6m2",04,YES,SL_90_10,Room Spaces,1,0,New Construction,20.00%,Power Density,,0,0,SC,73 W,0.0,0 W,10.76 W/m²,0 W,13.99 W/m²,132 W,2700,LEVEL 10,0.0,AR Rooms
2026-08-01 19:58:17,11608888,NWB-ARC-WBH-AR-MOD-0036.rvt : 26 : location Internal,NWB-ARC-WBH-AR-MOD-0036,11686642,af03d2d5-b407-4f07-a088-641a0a34cc05-00b252f2,IP1.10.111,"Meeting Room, 20m2",LEVEL 10,New Construction,Inpatient Obstetric 1,IP1,,,,17.8 m²,17059,313.613967,392.138891,250.984252,0 W,0.00 W/m²,0 W,0.00 W/m²,28.6 m²,By Space Type,0,By Space Type,0.0,0.0,0.0,-2000160,,,,0,-1,-11,11.06.2026,,,FLVY-500,,FLSK-010,WLFI-001,Shared Staff Areas,,WBH.IP1.05.006,112588,21/07/2026,MEET-20,20,,Refer to AusHFG MEET-20,,SC,By Type,"FLOOR FINISH: vinyl, seamless, coved, standard slip resistant, feature",,By Space Type,2l0zBLj0TF1w28P1eAXfxt,59 W,Power Density,2700,"Meeting Room, 20m2",IP1.10.111,0,Rooms,AROO,Rooms,IP1,21.87510849999998,Architecture,WBH-W-10.111,"Meeting Room, 20m2",05,YES,SL_90_10,Room Spaces,Up to 12 seated,0,New Construction,20.00%,Power Density,,0,0,SC,73 W,0.0,0 W,10.76 W/m²,0 W,13.99 W/m²,132 W,2700,LEVEL 10,0.0,AR Rooms
2026-08-01 19:58:17,11608888,NWB-ARC-WBH-AR-MOD-0036.rvt : 26 : location Internal,NWB-ARC-WBH-AR-MOD-0036,11686647,af03d2d5-b407-4f07-a088-641a0a34cc05-00b252f7,IP1.10.104,Milk Clean-Up Room,LEVEL 10,New Construction,Inpatient Obstetric 1,IP1,,,,7.3 m²,10826,222.60396,400.046529,250.984252,0 W,0.00 W/m²,0 W,0.00 W/m²,28.6 m²,By Space Type,0,By Space Type,0.0,0.0,0.0,-2000160,"CEILING: acoustic, drop-in tiles, 600 x 1200",,,0,-1,-9.125,11.06.2026,CLTI-002,,FLVY-003,,FLSK-010,WLFI-001,Shared Patient Areas,,WBH.IP1.04.002,112573,21/07/2026,MILK-CLUP,8,,NWB-ARC-WBH-AR-RLS-IP1.04.002,,PS,By Type,"FLOOR FINISH: vinyl, seamless, coved, non slip",Refer to Typical Room,By Space Type,2l0zBLj0TF1w28P1eAXfxo,59 W,Power Density,2700,Milk Clean-Up Room,IP1.10.104,0,Rooms,AROO,Rooms,IP1,7.750599999999146,Architecture,WBH-W-10.104,Milk Clean-Up Room,04,YES,SL_90_10,Room Spaces,Up to 2,0,New Construction,20.00%,Power Density,,Yes,0,PS-MILK-CLUP,73 W,0.0,0 W,10.76 W/m²,0 W,13.99 W/m²,132 W,2700,LEVEL 10,0.0,AR Rooms
2026-08-01 19:58:17,11608888,NWB-ARC-WBH-AR-MOD-0036.rvt : 26 : location Internal,NWB-ARC-WBH-AR-MOD-0036,11686649,af03d2d5-b407-4f07-a088-641a0a34cc05-00b252f9,IP1.10.108,"Toilet, Public, 4m2",LEVEL 10,New Construction,Inpatient Obstetric 1,IP1,,,,3.4 m²,7447,309.044861,400.979489,250.984252,0 W,0.00 W/m²,0 W,0.00 W/m²,28.6 m²,By Space Type,0,By Space Type,0.0,0.0,0.0,-2000160,"CEILING: plasterboard, water resistant, drop-in tiles, prefinished, 600 x 1200",,,0,-1,-14.25,11.06.2026,CLTI-014,,FLVY-009,,FLSK-010,WLFI-001,Shared Patient Areas,,WBH.IP1.04.006,112577,21/07/2026,WCPU,4,,Refer to AusHFG WCPU,,SC,By Type,"FLOOR FINISH: vinyl, seamless, coved, wet area, non-slip",,By Space Type,2l0zBLj0TF1w28P1eAXfxy,59 W,Power Density,2700,"Toilet, Public, 4m2",IP1.10.108,0,Rooms,AROO,Rooms,IP1,3.9000000000000177,Architecture,WBH-W-10.108,"Toilet, Public, 4m2",04,YES,SL_90_10,Room Spaces,1,0,New Construction,20.00%,Power Density,,0,0,SC,73 W,0.0,0 W,10.76 W/m²,0 W,13.99 W/m²,132 W,2700,LEVEL 10,0.0,AR Rooms
2026-08-01 19:58:17,11608888,NWB-ARC-WBH-AR-MOD-0036.rvt : 26 : location Internal,NWB-ARC-WBH-AR-MOD-0036,11686660,af03d2d5-b407-4f07-a088-641a0a34cc05-00b25304,BOH.10.159,Disposal Hub,LEVEL 10,New Construction,"Loading Dock, Logistics Services & Back of House",BOH,,,,22.0 m²,18798,217.834646,346.517235,250.984252,0 W,0.00 W/m²,0 W,0.00 W/m²,28.6 m²,By Space Type,0,By Space Type,0.0,0.0,0.0,-2000160,,,,0,-1,0,11.06.2026,,,FLGE-004,,FLSK-002,WLFI-001,Logistics,,WBH.BOH.12.082,115229,21/07/2026,DISP HUB,0,,NWB-ARC-WBH-AR-RLS-NS-AGV-DIRTY-20-BOH,,NS,By Type,"FLOOR FINISH: concrete, epoxy coating",,By Space Type,2l0zBLj0TF1w28P1eAXfy1,59 W,Power Density,2700,Disposal Hub,BOH.10.159,0,Rooms,AROO,Rooms,BOH,13.531099999999398,Architecture,WBH-W-10.159,Disposal Hub,12,YES,SL_90_10,Room Spaces,,0,New Construction,20.00%,Power Density,,0,0,NS,73 W,0.0,0 W,10.76 W/m²,0 W,13.99 W/m²,132 W,2700,LEVEL 10,0.0,AR Rooms
2026-08-01 19:58:17,11608888,NWB-ARC-WBH-AR-MOD-0036.rvt : 26 : location Internal,NWB-ARC-WBH-AR-MOD-0036,11686662,af03d2d5-b407-4f07-a088-641a0a34cc05-00b25306,IP1.10.109,"Staff Room, 30m2",LEVEL 10,New Construction,Inpatient Obstetric 1,IP1,,,,26.0 m²,23743,218.514457,299.695549,250.984252,0 W,0.00 W/m²,0 W,0.00 W/m²,28.6 m²,By Space Type,0,By Space Type,0.0,0.0,0.0,-2000160,"CEILING: acoustic, drop-in tiles, 600 x 1200",,,0,-1,-13.333333,11.06.2026,CLTI-002,,FLVY-007,,FLSK-010,WLFI-001,Shared Staff Areas,,WBH.IP1.05.001,112582,21/07/2026,SRM-30,30,,NWB-ARC-WBH-AR-RLS-IP1.05.001,,DR,By Type,"FLOOR FINISH: vinyl, seamless, coved, standard slip resistant",Typical Room,By Space Type,2l0zBLj0TF1w28P1eAXfy3,59 W,Power Density,2700,"Staff Room, 30m2",IP1.10.109,0,Rooms,AROO,Rooms,IP1,30.8622032461374,Architecture,WBH-W-10.109,"Staff Room, 30m2",05,YES,SL_90_10,Room Spaces,"Up to 8 staff, intermittently",0,New Construction,20.00%,Power Density,,Yes,0,DR,73 W,0.0,0 W,10.76 W/m²,0 W,13.99 W/m²,132 W,2700,LEVEL 10,0.0,AR Rooms
2026-08-01 19:58:17,11608888,NWB-ARC-WBH-AR-MOD-0036.rvt : 26 : location Internal,NWB-ARC-WBH-AR-MOD-0036,11686665,af03d2d5-b407-4f07-a088-641a0a34cc05-00b25309,IP1.10.094,Milk Room,LEVEL 10,New Construction,Inpatient Obstetric 1,IP1,,,,8.8 m²,12152,319.801054,327.74896,250.984252,0 W,0.00 W/m²,0 W,0.00 W/m²,28.6 m²,By Space Type,0,By Space Type,0.0,0.0,0.0,-2000160,"CEILING: acoustic, drop-in tiles, 600 x 1200",,,0,-1,-11.8,11.06.2026,CLTI-002,,FLVY-003,,FLSK-010,WLFI-001,Clinical Support Areas,,WBH.IP1.02.040,112571,21/07/2026,MILK,10,,NWB-ARC-WBH-AR-RLS-IP1.02.040,,PS,By Type,"FLOOR FINISH: vinyl, seamless, coved, non slip",Typical Room,By Space Type,2l0zBLj0TF1w28P1eAXfyC,59 W,Power Density,2700,Milk Room,IP1.10.094,0,Rooms,AROO,Rooms,IP1,8.528637000006219,Architecture,WBH-W-10.094,Milk Room,02,YES,SL_90_10,Room Spaces,Up to 2,0,New Construction,20.00%,Power Density,,Yes,0,PS-MILK,73 W,0.0,0 W,10.76 W/m²,0 W,13.99 W/m²,132 W,2700,LEVEL 10,0.0,AR Rooms
2026-08-01 19:58:17,11608888,NWB-ARC-WBH-AR-MOD-0036.rvt : 26 : location Internal,NWB-ARC-WBH-AR-MOD-0036,11687270,af03d2d5-b407-4f07-a088-641a0a34cc05-00b25566,TRA.09.T07,"Lift Lobby, Services",LEVEL 09,New Construction,Travel,TRA,,,,74.0 m²,39613,267.039042,321.648468,236.220472,0 W,0.00 W/m²,0 W,0.00 W/m²,28.6 m²,By Space Type,0,By Space Type,0.0,0.0,0.0,-2000160,"CEILING: acoustic, drop-in tiles, 600 x 1200",RESTRICTED - ORANGE,,0,-1,0.0,11.06.2026,CLTI-002,,FLVY-007,,FLSK-010,WLFI-001,Horizontal Travel,,WBH.TRA.HT.011,115544,21/07/2026,SERVICES LIFT LOBBY,0.0,,-,,T&E,By Type,"FLOOR FINISH: vinyl, seamless, coved, standard slip resistant",,By Space Type,2l0zBLj0TF1w28P1eAXfbZ,59 W,Power Density,2700,"Lift Lobby, Services",TRA.09.T07,0,Rooms,AROO,Rooms,TRA,88.98602499999626,Architecture,WBH-W-09.T07,"Lift Lobby, Services",HT,YES,SL_90_10,Room Spaces,,0,New Construction,20.00%,Power Density,,0,0,,73 W,0.0,0 W,10.76 W/m²,0 W,13.99 W/m²,132 W,2700,LEVEL 09,0.0,AR Rooms
2026-08-01 19:58:17,11608888,NWB-ARC-WBH-AR-MOD-0036.rvt : 26 : location Internal,NWB-ARC-WBH-AR-MOD-0036,12166092,393c4315-8da9-4e6c-a849-ccfbbd564c36-00b9a3cc,IP1.10.007,Anteroom,LEVEL 10,New Construction,Inpatient Obstetric 1,IP1,,,,5.8 m²,9821,216.080217,400.873064,250.984252,0 W,0.00 W/m²,0 W,0.00 W/m²,28.6 m²,By Space Type,0,By Space Type,0.0,0.0,0.0,-2000160,"CEILING: plasterboard, flush set, suspended, paint, washable",,,0,-1,-3.166667,11.06.2026,CLFS-006,,FLVY-007,FLVY-009,FLSK-010,WLFI-001,Patient Areas,,WBH.IP1.01.027,107906,21/07/2026,ANRM,6,,NWB-ARC-WBH-AR-RLS-IP1.01.027,,PS,By Type,"FLOOR FINISH: vinyl, seamless, coved, standard slip resistant",Refer to Typical Room,By Space Type,0vF4CLZQbERAX9pFkzx_$w,59 W,Power Density,2700,Anteroom,IP1.10.007,0,Rooms,AROO,Rooms,IP1,6.149042037845748,Architecture,WBH-W-10.007,Anteroom,01,YES,SL_90_10,Room Spaces,1 - 2,0,New Construction,20.00%,Power Density,,Yes,0,PS-ANRM,73 W,0.0,0 W,10.76 W/m²,0 W,13.99 W/m²,132 W,2700,LEVEL 10,0.0,AR Rooms
2026-08-01 19:58:17,11608888,NWB-ARC-WBH-AR-MOD-0036.rvt : 26 : location Internal,NWB-ARC-WBH-AR-MOD-0036,12166149,393c4315-8da9-4e6c-a849-ccfbbd564c36-00b9a405,IP1.10.091,Pantry,LEVEL 10,New Construction,Inpatient Obstetric 1,IP1,,,,8.5 m²,11650,309.824225,334.916836,250.984252,0 W,0.00 W/m²,0 W,0.00 W/m²,28.6 m²,By Space Type,0,By Space Type,0.0,0.0,0.0,-2000160,"CEILING: acoustic, drop-in tiles, 600 x 1200",,,0,-1,-1.333333,11.06.2026,CLTI-002,,FLVY-003,,FLSK-010,"WLFI-001, WLFI-101",Clinical Support Areas,,WBH.IP1.02.037,112568,21/07/2026,PTRY,9,,NWB-ARC-WBH-AR-RLS-IP1.02.037,,SC,By Type,"FLOOR FINISH: vinyl, seamless, coved, non slip",,By Space Type,0vF4CLZQbERAX9pFkzx_Wp,59 W,Power Density,2438,Pantry,IP1.10.091,0,Rooms,AROO,Rooms,IP1,9.046034104428427,Architecture,WBH-W-10.091,Pantry,02,YES,SL_90_10,Room Spaces,1-2 staff intermittently,0,New Construction,20.00%,Power Density,,Yes,0,SC,73 W,0.0,0 W,10.76 W/m²,0 W,13.99 W/m²,132 W,2438,LEVEL 10,0.0,AR Rooms
2026-08-01 19:58:17,11608888,NWB-ARC-WBH-AR-MOD-0036.rvt : 26 : location Internal,NWB-ARC-WBH-AR-MOD-0036,12166173,393c4315-8da9-4e6c-a849-ccfbbd564c36-00b9a41d,IP1.10.096,"Office, 3 Person",LEVEL 10,New Construction,Inpatient Obstetric 1,IP1,,,,13.7 m²,15411,221.52104,391.496952,250.984252,0 W,0.00 W/m²,0 W,0.00 W/m²,28.6 m²,By Space Type,0,By Space Type,0.0,0.0,0.0,-2000160,,,,0,-1,-8.866667,11.06.2026,,,FLVY-500,,FLSK-010,WLFI-001,Clinical Support Areas,,WBH.IP1.02.042,112579,21/07/2026,OFF-3P,15,,NWB-ARC-WBH-AR-RLS-IP1.02.042,,PS,By Type,"FLOOR FINISH: vinyl, seamless, coved, standard slip resistant, feature",,By Space Type,0vF4CLZQbERAX9pFkzx_Wh,59 W,Power Density,2700,"Office, 3 Person",IP1.10.096,0,Rooms,AROO,Rooms,IP1,14.013797250003606,Architecture,WBH-W-10.096,"Office, 3 Person",02,YES,SL_90_10,Room Spaces,Up to 3 staff,0,New Construction,20.00%,Power Density,D40_Done,Yes,0,PS-OFF-3P,73 W,0.0,0 W,10.76 W/m²,0 W,13.99 W/m²,132 W,2700,LEVEL 10,0.0,AR Rooms
2026-08-01 19:58:17,11608888,NWB-ARC-WBH-AR-MOD-0036.rvt : 26 : location Internal,NWB-ARC-WBH-AR-MOD-0036,12415623,e467fa1b-8aca-4ef3-8a45-a9ef3308df59-00bd7287,IP1.10.040,"1 Bed Room, Obstetric",LEVEL 10,New Construction,Inpatient Obstetric 1,IP1,,,,17.5 m²,17527,191.272966,449.013134,250.984252,0 W,0.00 W/m²,0 W,0.00 W/m²,28.6 m²,By Space Type,0,By Space Type,0.0,0.0,0.0,-2000160,"CEILING: plasterboard, flush set, suspended, paint, washable",,,0,-1,-2.888889,11.06.2026,CLFS-006,CLGE-001,FLVY-500,,FLSK-010,WLFI-001,Patient Areas,,WBH.IP1.01.066,112538,21/07/2026,1BR-OBS-A,18,,NWB-ARC-WBH-AR-RLS-IP1.01.085,,PS,By Type,"FLOOR FINISH: vinyl, seamless, coved, standard slip resistant, feature",Refer to Typical Room,By Space Type,3aP$eRYifEyuf5gUypjQtU,59 W,Power Density,2700,"1 Bed Room, Obstetric",IP1.10.040,0,Rooms,AROO,Rooms,IP1,17.88185025879461,Architecture,WBH-W-10.040,"1 Bed Room, Obstetric",01,YES,SL_90_10,Room Spaces,1 patient; 1-2 staff; 1-2 visitors,0,New Construction,20.00%,Power Density,,0,0,PS-1BR-OBS-A,73 W,0.0,0 W,10.76 W/m²,0 W,13.99 W/m²,132 W,2700,LEVEL 10,0.0,AR Rooms
2026-08-01 19:58:17,11608888,NWB-ARC-WBH-AR-MOD-0036.rvt : 26 : location Internal,NWB-ARC-WBH-AR-MOD-0036,12427625,588ee07c-4cfc-4f52-b26c-0d61c070d21d-00bd7ce5,IP1.10.005,"1 Bed Room, Obstetric",LEVEL 10,New Construction,Inpatient Obstetric 1,IP1,,,,19.4 m²,19638,398.613845,449.010673,250.984252,0 W,0.00 W/m²,0 W,0.00 W/m²,28.6 m²,By Space Type,0,By Space Type,0.0,0.0,0.0,-2000160,"CEILING: plasterboard, flush set, suspended, paint, washable",,,0,-1,0,11.06.2026,CLFS-006,CLGE-001,FLVY-500,,FLSK-010,WLFI-001,Patient Areas,,WBH.IP1.01.091,117778,21/07/2026,1BR-OBS-A,0,,NWB-ARC-WBH-AR-RLS-IP1.01.085,,,By Type,"FLOOR FINISH: vinyl, seamless, coved, standard slip resistant, feature",,By Space Type,1OZk1yJFnFKh9i3M70pQxu,59 W,Power Density,2700,"1 Bed Room, Obstetric",IP1.10.005,0,Rooms,AROO,Rooms,IP1,27.01960875000095,Architecture,WBH-W-10.005,"1 Bed Room, Obstetric",01,YES,SL_90_10,Room Spaces,1 patient; 1-2 staff; 1-2 visitors,0,New Construction,20.00%,Power Density,,0,0,PS-1BR-OBS-A,73 W,0.0,0 W,10.76 W/m²,0 W,13.99 W/m²,132 W,2700,LEVEL 10,0.0,AR Rooms
2026-08-01 19:58:17,11608888,NWB-ARC-WBH-AR-MOD-0036.rvt : 26 : location Internal,NWB-ARC-WBH-AR-MOD-0036,12427660,588ee07c-4cfc-4f52-b26c-0d61c070d21d-00bd8acb,IP1.10.036,Neonatal Observation and Procedure Room,LEVEL 10,New Construction,Inpatient Obstetric 1,IP1,,,,18.0 m²,18546,398.449803,421.446697,250.984252,0 W,0.00 W/m²,0 W,0.00 W/m²,28.6 m²,By Space Type,0,By Space Type,0.0,0.0,0.0,-2000160,,,,0,-1,-10,11.06.2026,,,FLVY-007,,FLSK-010,WLFI-001,Patient Areas,,WBH.IP1.01.057,107936,21/07/2026,NEO-OBS-15,20,,NWB-ARC-WBH-AR-RLS-IP1.01.057,,NS,By Type,"FLOOR FINISH: vinyl, seamless, coved, standard slip resistant",Typical Room,By Space Type,1OZk1yJFnFKh9i3M70pLZM,59 W,Power Density,2700,Neonatal Observation and Procedure Room,IP1.10.036,0,Rooms,AROO,Rooms,IP1,19.87610450000037,Architecture,WBH-W-10.036,Neonatal Observation and Procedure Room,01,YES,SL_90_10,Room Spaces,,0,New Construction,20.00%,Power Density,,Yes,0,NS,73 W,0.0,0 W,10.76 W/m²,0 W,13.99 W/m²,132 W,2700,LEVEL 10,0.0,AR Rooms
2026-08-01 19:58:17,11608888,NWB-ARC-WBH-AR-MOD-0036.rvt : 26 : location Internal,NWB-ARC-WBH-AR-MOD-0036,12494573,733f0557-b517-424d-8c52-29c95d57fc21-00bea6ed,IP1.10.088,"Clean Store, Imprest, 20m2",LEVEL 10,New Construction,Inpatient Obstetric 1,IP1,,,,17.2 m²,17780,260.170604,420.145024,250.984252,0 W,0.00 W/m²,0 W,0.00 W/m²,28.6 m²,By Space Type,0,By Space Type,0.0,0.0,0.0,-2000160,"CEILING: plasterboard, flush set, suspended, paint, washable",,,0,-1,-14.1,11.06.2026,CLFS-006,,FLVY-007,,FLSK-010,WLFI-001,Clinical Support Areas,,WBH.IP1.02.033,112564,21/07/2026,CLN-20 (IMP),20,,NWB-ARC-WBH-AR-RLS-IP1.02.033,,DR,By Type,"FLOOR FINISH: vinyl, seamless, coved, standard slip resistant",Typical Room,By Space Type,1pFmLNjHT2JOnIASbTwLhC,59 W,Power Density,2700,"Clean Store, Imprest, 20m2",IP1.10.088,0,Rooms,AROO,Rooms,IP1,16.27382050000031,Architecture,WBH-W-10.088,"Clean Store, Imprest, 20m2",02,YES,SL_90_10,Room Spaces,1 - 2 staff intermittently,0,New Construction,20.00%,Power Density,,Yes,0,DR,73 W,0.0,0 W,10.76 W/m²,0 W,13.99 W/m²,132 W,2700,LEVEL 10,0.0,AR Rooms
2026-08-01 19:58:17,11608888,NWB-ARC-WBH-AR-MOD-0036.rvt : 26 : location Internal,NWB-ARC-WBH-AR-MOD-0036,12496891,733f0557-b517-424d-8c52-29c95d57fc21-00beaffb,IP1.10.066,"Office, Clinical Workroom",LEVEL 10,New Construction,Inpatient Obstetric 1,IP1,,,,18.5 m²,19055,288.625328,420.166349,250.984252,0 W,0.00 W/m²,0 W,0.00 W/m²,28.6 m²,By Space Type,0,By Space Type,0.0,0.0,0.0,-2000160,,,,0,-1,-7.35,11.06.2026,,,FLVY-500,,FLSK-010,WLFI-001,Clinical Support Areas,,WBH.IP1.02.004,107947,21/07/2026,OFF-CLN,20,,NWB-ARC-WBH-AR-RLS-IP1.02.004,,DR,By Type,"FLOOR FINISH: vinyl, seamless, coved, standard slip resistant, feature",Typical Room,By Space Type,1pFmLNjHT2JOnIASbTwLFQ,59 W,Power Density,2700,"Office, Clinical Workroom",IP1.10.066,0,Rooms,AROO,Rooms,IP1,19.19270000000111,Architecture,WBH-W-10.066,"Office, Clinical Workroom",02,YES,SL_90_10,Room Spaces,4 workstations,0,New Construction,20.00%,Power Density,,Yes,0,DR,73 W,0.0,0 W,10.76 W/m²,0 W,13.99 W/m²,132 W,2700,LEVEL 10,0.0,AR Rooms
2026-08-01 19:58:17,11608888,NWB-ARC-WBH-AR-MOD-0036.rvt : 26 : location Internal,NWB-ARC-WBH-AR-MOD-0036,12530447,467e5678-e037-4632-b5fb-88b21cd16dcc-00bed15a,IP1.10.002,"1 Bed Room, Obstetric - Bariatric",LEVEL 10,New Construction,Inpatient Obstetric 1,IP1,,,,18.7 m²,17540,162.937595,444.439017,250.984252,0 W,0.00 W/m²,0 W,0.00 W/m²,28.6 m²,By Space Type,0,By Space Type,0.0,0.0,0.0,-2000160,"CEILING: plasterboard, flush set, suspended, paint, washable",,,0,-1,3.777778,11.06.2026,CLFS-006,CLGE-001,FLVY-500,,FLSK-010,WLFI-001,Patient Areas,,WBH.IP1.01.022,107901,21/07/2026,1BR-OBS-B,18,,NWB-ARC-WBH-AR-RLS-IP1.01.024,,PS,By Type,"FLOOR FINISH: vinyl, seamless, coved, standard slip resistant, feature",Typical Room,By Space Type,16VbPuu3T6ChNxYB8SRxoM,59 W,Power Density,2438,"1 Bed Room, Obstetric - Bariatric",IP1.10.002,0,Rooms,AROO,Rooms,IP1,18.495167542986273,Architecture,WBH-W-10.002,"1 Bed Room, Obstetric - Bariatric",01,YES,SL_90_10,Room Spaces,1 patient; 1-2 staff; 1-2 visitors,0,New Construction,20.00%,Power Density,,0,0,PS-1BR-OBS-B,73 W,0.0,0 W,10.76 W/m²,0 W,13.99 W/m²,132 W,2438,LEVEL 10,0.0,AR Rooms
2026-08-01 19:58:17,11608888,NWB-ARC-WBH-AR-MOD-0036.rvt : 26 : location Internal,NWB-ARC-WBH-AR-MOD-0036,12530449,467e5678-e037-4632-b5fb-88b21cd16dcc-00bed167,IP1.10.039,"1 Bed Room, Obstetric",LEVEL 10,New Construction,Inpatient Obstetric 1,IP1,,,,17.5 m²,17540,177.493438,449.013134,250.984252,0 W,0.00 W/m²,0 W,0.00 W/m²,28.6 m²,By Space Type,0,By Space Type,0.0,0.0,0.0,-2000160,"CEILING: plasterboard, flush set, suspended, paint, washable",,,0,-1,-2.777778,11.06.2026,CLFS-006,CLGE-001,FLVY-500,,FLSK-010,WLFI-001,Patient Areas,,WBH.IP1.01.065,112537,21/07/2026,1BR-OBS-A,18,,NWB-ARC-WBH-AR-RLS-IP1.01.085,,PS,By Type,"FLOOR FINISH: vinyl, seamless, coved, standard slip resistant, feature",Typical Room,By Space Type,16VbPuu3T6ChNxYB8SRxoh,59 W,Power Density,2700,"1 Bed Room, Obstetric",IP1.10.039,0,Rooms,AROO,Rooms,IP1,17.88185025878523,Architecture,WBH-W-10.039,"1 Bed Room, Obstetric",01,YES,SL_90_10,Room Spaces,1 patient; 1-2 staff; 1-2 visitors,0,New Construction,20.00%,Power Density,,0,0,PS-1BR-OBS-A,73 W,0.0,0 W,10.76 W/m²,0 W,13.99 W/m²,132 W,2700,LEVEL 10,0.0,AR Rooms
2026-08-01 19:58:17,11608888,NWB-ARC-WBH-AR-MOD-0036.rvt : 26 : location Internal,NWB-ARC-WBH-AR-MOD-0036,12530451,467e5678-e037-4632-b5fb-88b21cd16dcc-00bed16a,IP1.10.008,"Ensuite, Inboard",LEVEL 10,New Construction,Inpatient Obstetric 1,IP1,,,,4.9 m²,8704,177.921588,441.07351,250.984252,0 W,0.00 W/m²,0 W,0.00 W/m²,28.6 m²,By Space Type,0,By Space Type,0.0,0.0,0.0,-2000160,"CEILING: plasterboard, water resistant, drop-in tiles, prefinished, 600 x 1200",,,0,-1,-2.6,11.06.2026,CLTI-014,,FLVY-009,,FLSK-010,WLFI-011.07,Patient Areas,,WBH.IP1.01.028,107907,21/07/2026,ENS-ST-A,5,,Refer to AusHFG ENS-ST-A1,,SC,By Type,"FLOOR FINISH: vinyl, seamless, coved, wet area, non-slip",,By Space Type,16VbPuu3T6ChNxYB8SRxoc,59 W,Power Density,2700,"Ensuite, Inboard",IP1.10.008,0,Rooms,AROO,Rooms,IP1,5.098160372604886,Architecture,WBH-W-10.008,"Ensuite, Inboard",01,YES,SL_90_10,Room Spaces,1 patient; 1 staff assisting,0,New Construction,20.00%,Power Density,,0,0,SC,73 W,0.0,0 W,10.76 W/m²,0 W,13.99 W/m²,132 W,2700,LEVEL 10,0.0,AR Rooms
2026-08-01 19:58:17,11608888,NWB-ARC-WBH-AR-MOD-0036.rvt : 26 : location Internal,NWB-ARC-WBH-AR-MOD-0036,12530453,467e5678-e037-4632-b5fb-88b21cd16dcc-00bed16d,IP1.10.032,"Ensuite, Bariatric",LEVEL 10,New Construction,Inpatient Obstetric 1,IP1,,,,8.3 m²,12670,167.981976,453.924857,250.984252,0 W,0.00 W/m²,0 W,0.00 W/m²,28.6 m²,By Space Type,0,By Space Type,0.0,0.0,0.0,-2000160,"CEILING: plasterboard, water resistant, drop-in tiles, prefinished, 600 x 1200",,,0,-1,19,11.06.2026,CLTI-014,,FLVY-009,,FLSK-010,WLFI-001,Patient Areas,,WBH.IP1.01.052,107931,21/07/2026,ENS-BA,7,,Refer to AusHFG ENS-BA,,SC,By Type,"FLOOR FINISH: vinyl, seamless, coved, wet area, non-slip",,By Space Type,16VbPuu3T6ChNxYB8SRxoX,59 W,Power Density,2700,"Ensuite, Bariatric",IP1.10.032,0,Rooms,AROO,Rooms,IP1,8.263894957019177,Architecture,WBH-W-10.032,"Ensuite, Bariatric",01,YES,SL_90_10,Room Spaces,1 patient; 1-2 staff assisting,0,New Construction,20.00%,Power Density,,0,0,SC,73 W,0.0,0 W,10.76 W/m²,0 W,13.99 W/m²,132 W,2700,LEVEL 10,0.0,AR Rooms
2026-08-01 19:58:17,11608888,NWB-ARC-WBH-AR-MOD-0036.rvt : 26 : location Internal,NWB-ARC-WBH-AR-MOD-0036,12530455,467e5678-e037-4632-b5fb-88b21cd16dcc-00bed170,IP1.10.009,"Ensuite, Inboard",LEVEL 10,New Construction,Inpatient Obstetric 1,IP1,,,,5.2 m²,8947,194.310994,440.087362,250.984252,0 W,0.00 W/m²,0 W,0.00 W/m²,28.6 m²,By Space Type,0,By Space Type,0.0,0.0,0.0,-2000160,"CEILING: plasterboard, water resistant, drop-in tiles, prefinished, 600 x 1200",,,0,-1,3.4,11.06.2026,CLTI-014,,FLVY-009,,FLSK-010,WLFI-011.07,Patient Areas,,WBH.IP1.01.029,107908,21/07/2026,ENS-ST-A,5,,Refer to AusHFG ENS-ST-A1,,SC,By Type,"FLOOR FINISH: vinyl, seamless, coved, wet area, non-slip",,By Space Type,16VbPuu3T6ChNxYB8SRxoy,59 W,Power Density,2700,"Ensuite, Inboard",IP1.10.009,0,Rooms,AROO,Rooms,IP1,5.0981603726036395,Architecture,WBH-W-10.009,"Ensuite, Inboard",01,YES,SL_90_10,Room Spaces,1 patient; 1 staff assisting,0,New Construction,20.00%,Power Density,,0,0,SC,73 W,0.0,0 W,10.76 W/m²,0 W,13.99 W/m²,132 W,2700,LEVEL 10,0.0,AR Rooms
2026-08-01 19:58:17,11608888,NWB-ARC-WBH-AR-MOD-0036.rvt : 26 : location Internal,NWB-ARC-WBH-AR-MOD-0036,12530457,467e5678-e037-4632-b5fb-88b21cd16dcc-00bed173,IP1.10.010,"Ensuite, Inboard",LEVEL 10,New Construction,Inpatient Obstetric 1,IP1,,,,5.2 m²,8945,205.480643,441.060387,250.984252,0 W,0.00 W/m²,0 W,0.00 W/m²,28.6 m²,By Space Type,0,By Space Type,0.0,0.0,0.0,-2000160,"CEILING: plasterboard, water resistant, drop-in tiles, prefinished, 600 x 1200",,,0,-1,3.4,11.06.2026,CLTI-014,,FLVY-009,,FLSK-010,WLFI-011.07,Patient Areas,,WBH.IP1.01.030,107909,21/07/2026,ENS-ST-A,5,,Refer to AusHFG ENS-ST-A1,,SC,By Type,"FLOOR FINISH: vinyl, seamless, coved, wet area, non-slip",,By Space Type,16VbPuu3T6ChNxYB8SRxo$,59 W,Power Density,2700,"Ensuite, Inboard",IP1.10.010,0,Rooms,AROO,Rooms,IP1,5.098160372604167,Architecture,WBH-W-10.010,"Ensuite, Inboard",01,YES,SL_90_10,Room Spaces,1 patient; 1 staff assisting,0,New Construction,20.00%,Power Density,,0,0,SC,73 W,0.0,0 W,10.76 W/m²,0 W,13.99 W/m²,132 W,2700,LEVEL 10,0.0,AR Rooms
2026-08-01 19:58:17,11608888,NWB-ARC-WBH-AR-MOD-0036.rvt : 26 : location Internal,NWB-ARC-WBH-AR-MOD-0036,12530459,467e5678-e037-4632-b5fb-88b21cd16dcc-00bed176,IP1.10.041,"1 Bed Room, Obstetric",LEVEL 10,New Construction,Inpatient Obstetric 1,IP1,,,,17.5 m²,17538,205.052493,449.013134,250.984252,0 W,0.00 W/m²,0 W,0.00 W/m²,28.6 m²,By Space Type,0,By Space Type,0.0,0.0,0.0,-2000160,"CEILING: plasterboard, flush set, suspended, paint, washable",,,0,-1,-2.777778,11.06.2026,CLFS-006,CLGE-001,FLVY-500,,FLSK-010,WLFI-001,Patient Areas,,WBH.IP1.01.067,112539,21/07/2026,1BR-OBS-A,18,,NWB-ARC-WBH-AR-RLS-IP1.01.085,,PS,By Type,"FLOOR FINISH: vinyl, seamless, coved, standard slip resistant, feature",Refer to Typical Room,By Space Type,16VbPuu3T6ChNxYB8SRxow,59 W,Power Density,2700,"1 Bed Room, Obstetric",IP1.10.041,0,Rooms,AROO,Rooms,IP1,17.881850258777767,Architecture,WBH-W-10.041,"1 Bed Room, Obstetric",01,YES,SL_90_10,Room Spaces,1 patient; 1-2 staff; 1-2 visitors,0,New Construction,20.00%,Power Density,,0,0,PS-1BR-OBS-A,73 W,0.0,0 W,10.76 W/m²,0 W,13.99 W/m²,132 W,2700,LEVEL 10,0.0,AR Rooms
2026-08-01 19:58:17,11608888,NWB-ARC-WBH-AR-MOD-0036.rvt : 26 : location Internal,NWB-ARC-WBH-AR-MOD-0036,12530461,467e5678-e037-4632-b5fb-88b21cd16dcc-00bed179,IP1.10.042,"1 Bed Room, Obstetric",LEVEL 10,New Construction,Inpatient Obstetric 1,IP1,,,,17.5 m²,17527,218.832021,449.013134,250.984252,0 W,0.00 W/m²,0 W,0.00 W/m²,28.6 m²,By Space Type,0,By Space Type,0.0,0.0,0.0,-2000160,"CEILING: plasterboard, flush set, suspended, paint, washable",,,0,-1,-2.888889,11.06.2026,CLFS-006,CLGE-001,FLVY-500,,FLSK-010,WLFI-001,Patient Areas,,WBH.IP1.01.068,112540,21/07/2026,1BR-OBS-A,18,,NWB-ARC-WBH-AR-RLS-IP1.01.085,,PS,By Type,"FLOOR FINISH: vinyl, seamless, coved, standard slip resistant, feature",Refer to Typical Room,By Space Type,16VbPuu3T6ChNxYB8SRxor,59 W,Power Density,2700,"1 Bed Room, Obstetric",IP1.10.042,0,Rooms,AROO,Rooms,IP1,17.881850258796796,Architecture,WBH-W-10.042,"1 Bed Room, Obstetric",01,YES,SL_90_10,Room Spaces,1 patient; 1-2 staff; 1-2 visitors,0,New Construction,20.00%,Power Density,,0,0,PS-1BR-OBS-A,73 W,0.0,0 W,10.76 W/m²,0 W,13.99 W/m²,132 W,2700,LEVEL 10,0.0,AR Rooms
2026-08-01 19:58:17,11608888,NWB-ARC-WBH-AR-MOD-0036.rvt : 26 : location Internal,NWB-ARC-WBH-AR-MOD-0036,12530463,467e5678-e037-4632-b5fb-88b21cd16dcc-00bed17c,IP1.10.043,"1 Bed Room, Obstetric",LEVEL 10,New Construction,Inpatient Obstetric 1,IP1,,,,17.5 m²,17538,232.611549,449.013134,250.984252,0 W,0.00 W/m²,0 W,0.00 W/m²,28.6 m²,By Space Type,0,By Space Type,0.0,0.0,0.0,-2000160,"CEILING: plasterboard, flush set, suspended, paint, washable",,,0,-1,-2.777778,11.06.2026,CLFS-006,CLGE-001,FLVY-500,,FLSK-010,WLFI-001,Patient Areas,,WBH.IP1.01.069,112541,21/07/2026,1BR-OBS-A,18,,NWB-ARC-WBH-AR-RLS-IP1.01.085,,PS,By Type,"FLOOR FINISH: vinyl, seamless, coved, standard slip resistant, feature",Refer to Typical Room,By Space Type,16VbPuu3T6ChNxYB8SRxom,59 W,Power Density,2700,"1 Bed Room, Obstetric",IP1.10.043,0,Rooms,AROO,Rooms,IP1,17.881850258775298,Architecture,WBH-W-10.043,"1 Bed Room, Obstetric",01,YES,SL_90_10,Room Spaces,1 patient; 1-2 staff; 1-2 visitors,0,New Construction,20.00%,Power Density,,0,0,PS-1BR-OBS-A,73 W,0.0,0 W,10.76 W/m²,0 W,13.99 W/m²,132 W,2700,LEVEL 10,0.0,AR Rooms
2026-08-01 19:58:17,11608888,NWB-ARC-WBH-AR-MOD-0036.rvt : 26 : location Internal,NWB-ARC-WBH-AR-MOD-0036,12530465,467e5678-e037-4632-b5fb-88b21cd16dcc-00bed17f,IP1.10.011,"Ensuite, Inboard",LEVEL 10,New Construction,Inpatient Obstetric 1,IP1,,,,5.2 m²,8947,222.014436,440.841382,250.984252,0 W,0.00 W/m²,0 W,0.00 W/m²,28.6 m²,By Space Type,0,By Space Type,0.0,0.0,0.0,-2000160,"CEILING: plasterboard, water resistant, drop-in tiles, prefinished, 600 x 1200",,,0,-1,3.4,11.06.2026,CLTI-014,,FLVY-009,,FLSK-010,WLFI-011.07,Patient Areas,,WBH.IP1.01.031,107910,21/07/2026,ENS-ST-A,5,,Refer to AusHFG ENS-ST-A1,,SC,By Type,"FLOOR FINISH: vinyl, seamless, coved, wet area, non-slip",,By Space Type,16VbPuu3T6ChNxYB8SRxop,59 W,Power Density,2700,"Ensuite, Inboard",IP1.10.011,0,Rooms,AROO,Rooms,IP1,5.09816037260421,Architecture,WBH-W-10.011,"Ensuite, Inboard",01,YES,SL_90_10,Room Spaces,1 patient; 1 staff assisting,0,New Construction,20.00%,Power Density,,0,0,SC,73 W,0.0,0 W,10.76 W/m²,0 W,13.99 W/m²,132 W,2700,LEVEL 10,0.0,AR Rooms
2026-08-01 19:58:17,11608888,NWB-ARC-WBH-AR-MOD-0036.rvt : 26 : location Internal,NWB-ARC-WBH-AR-MOD-0036,12530467,467e5678-e037-4632-b5fb-88b21cd16dcc-00bed182,IP1.10.012,"Ensuite, Inboard",LEVEL 10,New Construction,Inpatient Obstetric 1,IP1,,,,5.2 m²,8945,229.429134,440.841382,250.984252,0 W,0.00 W/m²,0 W,0.00 W/m²,28.6 m²,By Space Type,0,By Space Type,0.0,0.0,0.0,-2000160,"CEILING: plasterboard, water resistant, drop-in tiles, prefinished, 600 x 1200",,,0,-1,3.4,11.06.2026,CLTI-014,,FLVY-009,,FLSK-010,WLFI-011.07,Patient Areas,,WBH.IP1.01.032,107911,21/07/2026,ENS-ST-A,5,,Refer to AusHFG ENS-ST-A1,,SC,By Type,"FLOOR FINISH: vinyl, seamless, coved, wet area, non-slip",,By Space Type,16VbPuu3T6ChNxYB8SRxnE,59 W,Power Density,2700,"Ensuite, Inboard",IP1.10.012,0,Rooms,AROO,Rooms,IP1,5.098160372603576,Architecture,WBH-W-10.012,"Ensuite, Inboard",01,YES,SL_90_10,Room Spaces,1 patient; 1 staff assisting,0,New Construction,20.00%,Power Density,,0,0,SC,73 W,0.0,0 W,10.76 W/m²,0 W,13.99 W/m²,132 W,2700,LEVEL 10,0.0,AR Rooms
2026-08-01 19:58:17,11608888,NWB-ARC-WBH-AR-MOD-0036.rvt : 26 : location Internal,NWB-ARC-WBH-AR-MOD-0036,12530469,467e5678-e037-4632-b5fb-88b21cd16dcc-00bed185,IP1.10.044,"1 Bed Room, Obstetric",LEVEL 10,New Construction,Inpatient Obstetric 1,IP1,,,,17.5 m²,17526,246.390256,449.013134,250.984252,0 W,0.00 W/m²,0 W,0.00 W/m²,28.6 m²,By Space Type,0,By Space Type,0.0,0.0,0.0,-2000160,"CEILING: plasterboard, flush set, suspended, paint, washable",,,0,-1,-2.888889,11.06.2026,CLFS-006,CLGE-001,FLVY-500,,FLSK-010,WLFI-001,Patient Areas,,WBH.IP1.01.070,112542,21/07/2026,1BR-OBS-A,18,,NWB-ARC-WBH-AR-RLS-IP1.01.085,,PS,By Type,"FLOOR FINISH: vinyl, seamless, coved, standard slip resistant, feature",Refer to Typical Room,By Space Type,16VbPuu3T6ChNxYB8SRxn9,59 W,Power Density,2700,"1 Bed Room, Obstetric",IP1.10.044,0,Rooms,AROO,Rooms,IP1,17.881850258797535,Architecture,WBH-W-10.044,"1 Bed Room, Obstetric",01,YES,SL_90_10,Room Spaces,1 patient; 1-2 staff; 1-2 visitors,0,New Construction,20.00%,Power Density,,0,0,PS-1BR-OBS-A,73 W,0.0,0 W,10.76 W/m²,0 W,13.99 W/m²,132 W,2700,LEVEL 10,0.0,AR Rooms
2026-08-01 19:58:17,11608888,NWB-ARC-WBH-AR-MOD-0036.rvt : 26 : location Internal,NWB-ARC-WBH-AR-MOD-0036,12530471,467e5678-e037-4632-b5fb-88b21cd16dcc-00bed188,IP1.10.013,"Ensuite, Inboard",LEVEL 10,New Construction,Inpatient Obstetric 1,IP1,,,,4.9 m²,8696,256.988189,440.841382,250.984252,0 W,0.00 W/m²,0 W,0.00 W/m²,28.6 m²,By Space Type,0,By Space Type,0.0,0.0,0.0,-2000160,"CEILING: plasterboard, water resistant, drop-in tiles, prefinished, 600 x 1200",,,0,-1,-2.8,11.06.2026,CLTI-014,,FLVY-009,,FLSK-010,WLFI-011.07,Patient Areas,,WBH.IP1.01.033,107912,21/07/2026,ENS-ST-A,5,,Refer to AusHFG ENS-ST-A1,,SC,By Type,"FLOOR FINISH: vinyl, seamless, coved, wet area, non-slip",,By Space Type,16VbPuu3T6ChNxYB8SRxn4,59 W,Power Density,2700,"Ensuite, Inboard",IP1.10.013,0,Rooms,AROO,Rooms,IP1,5.098160372603618,Architecture,WBH-W-10.013,"Ensuite, Inboard",01,YES,SL_90_10,Room Spaces,1 patient; 1 staff assisting,0,New Construction,20.00%,Power Density,,0,0,SC,73 W,0.0,0 W,10.76 W/m²,0 W,13.99 W/m²,132 W,2700,LEVEL 10,0.0,AR Rooms
2026-08-01 19:58:17,11608888,NWB-ARC-WBH-AR-MOD-0036.rvt : 26 : location Internal,NWB-ARC-WBH-AR-MOD-0036,12530473,467e5678-e037-4632-b5fb-88b21cd16dcc-00bed18b,IP1.10.014,"Ensuite, Inboard",LEVEL 10,New Construction,Inpatient Obstetric 1,IP1,,,,4.9 m²,8698,249.573491,440.841382,250.984252,0 W,0.00 W/m²,0 W,0.00 W/m²,28.6 m²,By Space Type,0,By Space Type,0.0,0.0,0.0,-2000160,"CEILING: plasterboard, water resistant, drop-in tiles, prefinished, 600 x 1200",,,0,-1,-2.8,11.06.2026,CLTI-014,,FLVY-009,,FLSK-010,WLFI-011.07,Patient Areas,,WBH.IP1.01.034,107913,21/07/2026,ENS-ST-A,5,,Refer to AusHFG ENS-ST-A1,,SC,By Type,"FLOOR FINISH: vinyl, seamless, coved, wet area, non-slip",,By Space Type,16VbPuu3T6ChNxYB8SRxn7,59 W,Power Density,2700,"Ensuite, Inboard",IP1.10.014,0,Rooms,AROO,Rooms,IP1,5.098160372604791,Architecture,WBH-W-10.014,"Ensuite, Inboard",01,YES,SL_90_10,Room Spaces,1 patient; 1 staff assisting,0,New Construction,20.00%,Power Density,,0,0,SC,73 W,0.0,0 W,10.76 W/m²,0 W,13.99 W/m²,132 W,2700,LEVEL 10,0.0,AR Rooms
2026-08-01 19:58:17,11608888,NWB-ARC-WBH-AR-MOD-0036.rvt : 26 : location Internal,NWB-ARC-WBH-AR-MOD-0036,12530475,467e5678-e037-4632-b5fb-88b21cd16dcc-00bed18e,IP1.10.045,"1 Bed Room, Obstetric",LEVEL 10,New Construction,Inpatient Obstetric 1,IP1,,,,17.5 m²,17539,260.169783,449.013134,250.984252,0 W,0.00 W/m²,0 W,0.00 W/m²,28.6 m²,By Space Type,0,By Space Type,0.0,0.0,0.0,-2000160,"CEILING: plasterboard, flush set, suspended, paint, washable",,,0,-1,-2.777778,11.06.2026,CLFS-006,CLGE-001,FLVY-500,,FLSK-010,WLFI-001,Patient Areas,,WBH.IP1.01.071,112543,21/07/2026,1BR-OBS-A,18,,NWB-ARC-WBH-AR-RLS-IP1.01.085,,PS,By Type,"FLOOR FINISH: vinyl, seamless, coved, standard slip resistant, feature",Refer to Typical Room,By Space Type,16VbPuu3T6ChNxYB8SRxn2,59 W,Power Density,2700,"1 Bed Room, Obstetric",IP1.10.045,0,Rooms,AROO,Rooms,IP1,17.881850258772783,Architecture,WBH-W-10.045,"1 Bed Room, Obstetric",01,YES,SL_90_10,Room Spaces,1 patient; 1-2 staff; 1-2 visitors,0,New Construction,20.00%,Power Density,,0,0,PS-1BR-OBS-A,73 W,0.0,0 W,10.76 W/m²,0 W,13.99 W/m²,132 W,2700,LEVEL 10,0.0,AR Rooms
2026-08-01 19:58:17,11608888,NWB-ARC-WBH-AR-MOD-0036.rvt : 26 : location Internal,NWB-ARC-WBH-AR-MOD-0036,12530477,467e5678-e037-4632-b5fb-88b21cd16dcc-00bed191,IP1.10.046,"1 Bed Room, Obstetric",LEVEL 10,New Construction,Inpatient Obstetric 1,IP1,,,,17.5 m²,17527,273.950131,449.013134,250.984252,0 W,0.00 W/m²,0 W,0.00 W/m²,28.6 m²,By Space Type,0,By Space Type,0.0,0.0,0.0,-2000160,"CEILING: plasterboard, flush set, suspended, paint, washable",,,0,-1,-2.888889,11.06.2026,CLFS-006,CLGE-001,FLVY-500,,FLSK-010,WLFI-001,Patient Areas,,WBH.IP1.01.072,112544,21/07/2026,1BR-OBS-A,18,,NWB-ARC-WBH-AR-RLS-IP1.01.085,,PS,By Type,"FLOOR FINISH: vinyl, seamless, coved, standard slip resistant, feature",Refer to Typical Room,By Space Type,16VbPuu3T6ChNxYB8SRxnT,59 W,Power Density,2700,"1 Bed Room, Obstetric",IP1.10.046,0,Rooms,AROO,Rooms,IP1,17.881850258807663,Architecture,WBH-W-10.046,"1 Bed Room, Obstetric",01,YES,SL_90_10,Room Spaces,1 patient; 1-2 staff; 1-2 visitors,0,New Construction,20.00%,Power Density,,0,0,PS-1BR-OBS-A,73 W,0.0,0 W,10.76 W/m²,0 W,13.99 W/m²,132 W,2700,LEVEL 10,0.0,AR Rooms
2026-08-01 19:58:17,11608888,NWB-ARC-WBH-AR-MOD-0036.rvt : 26 : location Internal,NWB-ARC-WBH-AR-MOD-0036,12530479,467e5678-e037-4632-b5fb-88b21cd16dcc-00bed194,IP1.10.047,"1 Bed Room, Obstetric",LEVEL 10,New Construction,Inpatient Obstetric 1,IP1,,,,17.5 m²,17538,287.729659,449.013134,250.984252,0 W,0.00 W/m²,0 W,0.00 W/m²,28.6 m²,By Space Type,0,By Space Type,0.0,0.0,0.0,-2000160,"CEILING: plasterboard, flush set, suspended, paint, washable",,,0,-1,-2.777778,11.06.2026,CLFS-006,CLGE-001,FLVY-500,,FLSK-010,WLFI-001,Patient Areas,,WBH.IP1.01.073,112545,21/07/2026,1BR-OBS-A,18,,NWB-ARC-WBH-AR-RLS-IP1.01.085,,PS,By Type,"FLOOR FINISH: vinyl, seamless, coved, standard slip resistant, feature",Refer to Typical Room,By Space Type,16VbPuu3T6ChNxYB8SRxnO,59 W,Power Density,2700,"1 Bed Room, Obstetric",IP1.10.047,0,Rooms,AROO,Rooms,IP1,43.463874758787796,Architecture,WBH-W-10.047,"1 Bed Room, Obstetric",01,YES,SL_90_10,Room Spaces,1 patient; 1-2 staff; 1-2 visitors,0,New Construction,20.00%,Power Density,,0,0,PS-1BR-OBS-A,73 W,0.0,0 W,10.76 W/m²,0 W,13.99 W/m²,132 W,2700,LEVEL 10,0.0,AR Rooms
2026-08-01 19:58:17,11608888,NWB-ARC-WBH-AR-MOD-0036.rvt : 26 : location Internal,NWB-ARC-WBH-AR-MOD-0036,12530481,467e5678-e037-4632-b5fb-88b21cd16dcc-00bed197,IP1.10.015,"Ensuite, Inboard",LEVEL 10,New Construction,Inpatient Obstetric 1,IP1,,,,5.2 m²,8947,277.132546,440.841382,250.984252,0 W,0.00 W/m²,0 W,0.00 W/m²,28.6 m²,By Space Type,0,By Space Type,0.0,0.0,0.0,-2000160,"CEILING: plasterboard, water resistant, drop-in tiles, prefinished, 600 x 1200",,,0,-1,3.4,11.06.2026,CLTI-014,,FLVY-009,,FLSK-010,WLFI-011.07,Patient Areas,,WBH.IP1.01.035,107914,21/07/2026,ENS-ST-A,5,,Refer to AusHFG ENS-ST-A1,,SC,By Type,"FLOOR FINISH: vinyl, seamless, coved, wet area, non-slip",,By Space Type,16VbPuu3T6ChNxYB8SRxnR,59 W,Power Density,2700,"Ensuite, Inboard",IP1.10.015,0,Rooms,AROO,Rooms,IP1,5.098160372606491,Architecture,WBH-W-10.015,"Ensuite, Inboard",01,YES,SL_90_10,Room Spaces,1 patient; 1 staff assisting,0,New Construction,20.00%,Power Density,,0,0,SC,73 W,0.0,0 W,10.76 W/m²,0 W,13.99 W/m²,132 W,2700,LEVEL 10,0.0,AR Rooms
2026-08-01 19:58:17,11608888,NWB-ARC-WBH-AR-MOD-0036.rvt : 26 : location Internal,NWB-ARC-WBH-AR-MOD-0036,12530483,467e5678-e037-4632-b5fb-88b21cd16dcc-00bed19a,IP1.10.016,"Ensuite, Inboard",LEVEL 10,New Construction,Inpatient Obstetric 1,IP1,,,,5.2 m²,8945,284.547244,440.841382,250.984252,0 W,0.00 W/m²,0 W,0.00 W/m²,28.6 m²,By Space Type,0,By Space Type,0.0,0.0,0.0,-2000160,"CEILING: plasterboard, water resistant, drop-in tiles, prefinished, 600 x 1200",,,0,-1,3.4,11.06.2026,CLTI-014,,FLVY-009,,FLSK-010,WLFI-011.07,Patient Areas,,WBH.IP1.01.036,107915,21/07/2026,ENS-ST-A,5,,Refer to AusHFG ENS-ST-A1,,SC,By Type,"FLOOR FINISH: vinyl, seamless, coved, wet area, non-slip",,By Space Type,16VbPuu3T6ChNxYB8SRxnM,59 W,Power Density,2700,"Ensuite, Inboard",IP1.10.016,0,Rooms,AROO,Rooms,IP1,5.098160372602984,Architecture,WBH-W-10.016,"Ensuite, Inboard",01,YES,SL_90_10,Room Spaces,1 patient; 1 staff assisting,0,New Construction,20.00%,Power Density,,0,0,SC,73 W,0.0,0 W,10.76 W/m²,0 W,13.99 W/m²,132 W,2700,LEVEL 10,0.0,AR Rooms
2026-08-01 19:58:17,11608888,NWB-ARC-WBH-AR-MOD-0036.rvt : 26 : location Internal,NWB-ARC-WBH-AR-MOD-0036,12530487,467e5678-e037-4632-b5fb-88b21cd16dcc-00bed1a6,IP1.10.017,"Ensuite, Inboard",LEVEL 10,New Construction,Inpatient Obstetric 1,IP1,,,,5.2 m²,8945,312.106299,440.841382,250.984252,0 W,0.00 W/m²,0 W,0.00 W/m²,28.6 m²,By Space Type,0,By Space Type,0.0,0.0,0.0,-2000160,"CEILING: plasterboard, water resistant, drop-in tiles, prefinished, 600 x 1200",,,0,-1,3.4,11.06.2026,CLTI-014,,FLVY-009,,FLSK-010,WLFI-011.07,Patient Areas,,WBH.IP1.01.037,107916,21/07/2026,ENS-ST-A,5,,Refer to AusHFG ENS-ST-A1,,SC,By Type,"FLOOR FINISH: vinyl, seamless, coved, wet area, non-slip",,By Space Type,16VbPuu3T6ChNxYB8SRxng,59 W,Power Density,2700,"Ensuite, Inboard",IP1.10.017,0,Rooms,AROO,Rooms,IP1,5.0981603726065226,Architecture,WBH-W-10.017,"Ensuite, Inboard",01,YES,SL_90_10,Room Spaces,1 patient; 1 staff assisting,0,New Construction,20.00%,Power Density,,0,0,SC,73 W,0.0,0 W,10.76 W/m²,0 W,13.99 W/m²,132 W,2700,LEVEL 10,0.0,AR Rooms
2026-08-01 19:58:17,11608888,NWB-ARC-WBH-AR-MOD-0036.rvt : 26 : location Internal,NWB-ARC-WBH-AR-MOD-0036,12530489,467e5678-e037-4632-b5fb-88b21cd16dcc-00bed1a9,IP1.10.048,"1 Bed Room, Obstetric",LEVEL 10,New Construction,Inpatient Obstetric 1,IP1,,,,17.5 m²,17538,315.288714,449.013134,250.984252,0 W,0.00 W/m²,0 W,0.00 W/m²,28.6 m²,By Space Type,0,By Space Type,0.0,0.0,0.0,-2000160,"CEILING: plasterboard, flush set, suspended, paint, washable",,,0,-1,-2.777778,11.06.2026,CLFS-006,CLGE-001,FLVY-500,,FLSK-010,WLFI-001,Patient Areas,,WBH.IP1.01.074,112546,21/07/2026,1BR-OBS-A,18,,NWB-ARC-WBH-AR-RLS-IP1.01.085,,PS,By Type,"FLOOR FINISH: vinyl, seamless, coved, standard slip resistant, feature",Refer to Typical Room,By Space Type,16VbPuu3T6ChNxYB8SRxnb,59 W,Power Density,2700,"1 Bed Room, Obstetric",IP1.10.048,0,Rooms,AROO,Rooms,IP1,17.881850258773262,Architecture,WBH-W-10.048,"1 Bed Room, Obstetric",01,YES,SL_90_10,Room Spaces,1 patient; 1-2 staff; 1-2 visitors,0,New Construction,20.00%,Power Density,,0,0,PS-1BR-OBS-A,73 W,0.0,0 W,10.76 W/m²,0 W,13.99 W/m²,132 W,2700,LEVEL 10,0.0,AR Rooms
2026-08-01 19:58:17,11608888,NWB-ARC-WBH-AR-MOD-0036.rvt : 26 : location Internal,NWB-ARC-WBH-AR-MOD-0036,12530491,467e5678-e037-4632-b5fb-88b21cd16dcc-00bed1ac,IP1.10.049,"1 Bed Room, Obstetric",LEVEL 10,New Construction,Inpatient Obstetric 1,IP1,,,,17.5 m²,17527,329.068241,449.013134,250.984252,0 W,0.00 W/m²,0 W,0.00 W/m²,28.6 m²,By Space Type,0,By Space Type,0.0,0.0,0.0,-2000160,"CEILING: plasterboard, flush set, suspended, paint, washable",,,0,-1,-2.888889,11.06.2026,CLFS-006,CLGE-001,FLVY-500,,FLSK-010,WLFI-001,Patient Areas,,WBH.IP1.01.075,112547,21/07/2026,1BR-OBS-A,18,,NWB-ARC-WBH-AR-RLS-IP1.01.085,,PS,By Type,"FLOOR FINISH: vinyl, seamless, coved, standard slip resistant, feature",Refer to Typical Room,By Space Type,16VbPuu3T6ChNxYB8SRxnW,59 W,Power Density,2700,"1 Bed Room, Obstetric",IP1.10.049,0,Rooms,AROO,Rooms,IP1,17.881850258802572,Architecture,WBH-W-10.049,"1 Bed Room, Obstetric",01,YES,SL_90_10,Room Spaces,1 patient; 1-2 staff; 1-2 visitors,0,New Construction,20.00%,Power Density,,0,0,PS-1BR-OBS-A,73 W,0.0,0 W,10.76 W/m²,0 W,13.99 W/m²,132 W,2700,LEVEL 10,0.0,AR Rooms
2026-08-01 19:58:17,11608888,NWB-ARC-WBH-AR-MOD-0036.rvt : 26 : location Internal,NWB-ARC-WBH-AR-MOD-0036,12530493,467e5678-e037-4632-b5fb-88b21cd16dcc-00bed1af,IP1.10.018,"Ensuite, Inboard",LEVEL 10,New Construction,Inpatient Obstetric 1,IP1,,,,4.9 m²,8724,332.335958,440.841382,250.984252,0 W,0.00 W/m²,0 W,0.00 W/m²,28.6 m²,By Space Type,0,By Space Type,0.0,0.0,0.0,-2000160,"CEILING: plasterboard, water resistant, drop-in tiles, prefinished, 600 x 1200",,,0,-1,-2.2,11.06.2026,CLTI-014,,FLVY-009,,FLSK-010,WLFI-011.07,Patient Areas,,WBH.IP1.01.038,107917,21/07/2026,ENS-ST-A,5,,Refer to AusHFG ENS-ST-A1,,SC,By Type,"FLOOR FINISH: vinyl, seamless, coved, wet area, non-slip",,By Space Type,16VbPuu3T6ChNxYB8SRxnZ,59 W,Power Density,2700,"Ensuite, Inboard",IP1.10.018,0,Rooms,AROO,Rooms,IP1,5.098160372603005,Architecture,WBH-W-10.018,"Ensuite, Inboard",01,YES,SL_90_10,Room Spaces,1 patient; 1 staff assisting,0,New Construction,20.00%,Power Density,,0,0,SC,73 W,0.0,0 W,10.76 W/m²,0 W,13.99 W/m²,132 W,2700,LEVEL 10,0.0,AR Rooms
2026-08-01 19:58:17,11608888,NWB-ARC-WBH-AR-MOD-0036.rvt : 26 : location Internal,NWB-ARC-WBH-AR-MOD-0036,12530495,467e5678-e037-4632-b5fb-88b21cd16dcc-00bed1b2,IP1.10.019,"Ensuite, Inboard",LEVEL 10,New Construction,Inpatient Obstetric 1,IP1,,,,4.9 m²,8722,339.580052,440.841382,250.984252,0 W,0.00 W/m²,0 W,0.00 W/m²,28.6 m²,By Space Type,0,By Space Type,0.0,0.0,0.0,-2000160,"CEILING: plasterboard, water resistant, drop-in tiles, prefinished, 600 x 1200",,,0,-1,-2.2,11.06.2026,CLTI-014,,FLVY-009,,FLSK-010,WLFI-011.07,Patient Areas,,WBH.IP1.01.039,107918,21/07/2026,ENS-ST-A,5,,Refer to AusHFG ENS-ST-A1,,SC,By Type,"FLOOR FINISH: vinyl, seamless, coved, wet area, non-slip",,By Space Type,16VbPuu3T6ChNxYB8SRxn_,59 W,Power Density,2700,"Ensuite, Inboard",IP1.10.019,0,Rooms,AROO,Rooms,IP1,5.098160372606512,Architecture,WBH-W-10.019,"Ensuite, Inboard",01,YES,SL_90_10,Room Spaces,1 patient; 1 staff assisting,0,New Construction,20.00%,Power Density,,0,0,SC,73 W,0.0,0 W,10.76 W/m²,0 W,13.99 W/m²,132 W,2700,LEVEL 10,0.0,AR Rooms
2026-08-01 19:58:17,11608888,NWB-ARC-WBH-AR-MOD-0036.rvt : 26 : location Internal,NWB-ARC-WBH-AR-MOD-0036,12530497,467e5678-e037-4632-b5fb-88b21cd16dcc-00bed1b5,IP1.10.050,"1 Bed Room, Obstetric",LEVEL 10,New Construction,Inpatient Obstetric 1,IP1,,,,17.5 m²,17538,342.847769,449.013134,250.984252,0 W,0.00 W/m²,0 W,0.00 W/m²,28.6 m²,By Space Type,0,By Space Type,0.0,0.0,0.0,-2000160,"CEILING: plasterboard, flush set, suspended, paint, washable",,,0,-1,-2.777778,11.06.2026,CLFS-006,CLGE-001,FLVY-500,,FLSK-010,WLFI-001,Patient Areas,,WBH.IP1.01.076,112548,21/07/2026,1BR-OBS-A,18,,NWB-ARC-WBH-AR-RLS-IP1.01.085,,PS,By Type,"FLOOR FINISH: vinyl, seamless, coved, standard slip resistant, feature",Refer to Typical Room,By Space Type,16VbPuu3T6ChNxYB8SRxnv,59 W,Power Density,2700,"1 Bed Room, Obstetric",IP1.10.050,0,Rooms,AROO,Rooms,IP1,17.881850258767983,Architecture,WBH-W-10.050,"1 Bed Room, Obstetric",01,YES,SL_90_10,Room Spaces,1 patient; 1-2 staff; 1-2 visitors,0,New Construction,20.00%,Power Density,,0,0,PS-1BR-OBS-A,73 W,0.0,0 W,10.76 W/m²,0 W,13.99 W/m²,132 W,2700,LEVEL 10,0.0,AR Rooms
2026-08-01 19:58:17,11608888,NWB-ARC-WBH-AR-MOD-0036.rvt : 26 : location Internal,NWB-ARC-WBH-AR-MOD-0036,12530499,467e5678-e037-4632-b5fb-88b21cd16dcc-00bed1b8,IP1.10.051,"1 Bed Room, Obstetric",LEVEL 10,New Construction,Inpatient Obstetric 1,IP1,,,,17.5 m²,17527,356.627297,449.013134,250.984252,0 W,0.00 W/m²,0 W,0.00 W/m²,28.6 m²,By Space Type,0,By Space Type,0.0,0.0,0.0,-2000160,"CEILING: plasterboard, flush set, suspended, paint, washable",,,0,-1,-2.888889,11.06.2026,CLFS-006,CLGE-001,FLVY-500,,FLSK-010,WLFI-001,Patient Areas,,WBH.IP1.01.077,112549,21/07/2026,1BR-OBS-A,18,,NWB-ARC-WBH-AR-RLS-IP1.01.085,,PS,By Type,"FLOOR FINISH: vinyl, seamless, coved, standard slip resistant, feature",Refer to Typical Room,By Space Type,16VbPuu3T6ChNxYB8SRxnq,59 W,Power Density,2700,"1 Bed Room, Obstetric",IP1.10.051,0,Rooms,AROO,Rooms,IP1,17.881850258808814,Architecture,WBH-W-10.051,"1 Bed Room, Obstetric",01,YES,SL_90_10,Room Spaces,1 patient; 1-2 staff; 1-2 visitors,0,New Construction,20.00%,Power Density,,0,0,PS-1BR-OBS-A,73 W,0.0,0 W,10.76 W/m²,0 W,13.99 W/m²,132 W,2700,LEVEL 10,0.0,AR Rooms
2026-08-01 19:58:17,11608888,NWB-ARC-WBH-AR-MOD-0036.rvt : 26 : location Internal,NWB-ARC-WBH-AR-MOD-0036,12530501,467e5678-e037-4632-b5fb-88b21cd16dcc-00bed1bb,IP1.10.020,"Ensuite, Inboard",LEVEL 10,New Construction,Inpatient Obstetric 1,IP1,,,,5.2 m²,8947,359.809711,440.841382,250.984252,0 W,0.00 W/m²,0 W,0.00 W/m²,28.6 m²,By Space Type,0,By Space Type,0.0,0.0,0.0,-2000160,"CEILING: plasterboard, water resistant, drop-in tiles, prefinished, 600 x 1200",,,0,-1,3.4,11.06.2026,CLTI-014,,FLVY-009,,FLSK-010,WLFI-011.07,Patient Areas,,WBH.IP1.01.040,107919,21/07/2026,ENS-ST-A,5,,Refer to AusHFG ENS-ST-A1,,SC,By Type,"FLOOR FINISH: vinyl, seamless, coved, wet area, non-slip",,By Space Type,16VbPuu3T6ChNxYB8SRxnt,59 W,Power Density,2700,"Ensuite, Inboard",IP1.10.020,0,Rooms,AROO,Rooms,IP1,5.098160372602964,Architecture,WBH-W-10.020,"Ensuite, Inboard",01,YES,SL_90_10,Room Spaces,1 patient; 1 staff assisting,0,New Construction,20.00%,Power Density,,0,0,SC,73 W,0.0,0 W,10.76 W/m²,0 W,13.99 W/m²,132 W,2700,LEVEL 10,0.0,AR Rooms
2026-08-01 19:58:17,11608888,NWB-ARC-WBH-AR-MOD-0036.rvt : 26 : location Internal,NWB-ARC-WBH-AR-MOD-0036,12530503,467e5678-e037-4632-b5fb-88b21cd16dcc-00bed1be,IP1.10.021,"Ensuite, Inboard",LEVEL 10,New Construction,Inpatient Obstetric 1,IP1,,,,5.2 m²,8945,367.224409,440.841382,250.984252,0 W,0.00 W/m²,0 W,0.00 W/m²,28.6 m²,By Space Type,0,By Space Type,0.0,0.0,0.0,-2000160,"CEILING: plasterboard, water resistant, drop-in tiles, prefinished, 600 x 1200",,,0,-1,3.4,11.06.2026,CLTI-014,,FLVY-009,,FLSK-010,WLFI-011.07,Patient Areas,,WBH.IP1.01.041,107920,21/07/2026,ENS-ST-A,5,,Refer to AusHFG ENS-ST-A1,,SC,By Type,"FLOOR FINISH: vinyl, seamless, coved, wet area, non-slip",,By Space Type,16VbPuu3T6ChNxYB8SRxno,59 W,Power Density,2700,"Ensuite, Inboard",IP1.10.021,0,Rooms,AROO,Rooms,IP1,5.0981603726065545,Architecture,WBH-W-10.021,"Ensuite, Inboard",01,YES,SL_90_10,Room Spaces,1 patient; 1 staff assisting,0,New Construction,20.00%,Power Density,,0,0,SC,73 W,0.0,0 W,10.76 W/m²,0 W,13.99 W/m²,132 W,2700,LEVEL 10,0.0,AR Rooms
2026-08-01 19:58:17,11608888,NWB-ARC-WBH-AR-MOD-0036.rvt : 26 : location Internal,NWB-ARC-WBH-AR-MOD-0036,12530505,467e5678-e037-4632-b5fb-88b21cd16dcc-00bed1c1,IP1.10.052,"1 Bed Room, Obstetric",LEVEL 10,New Construction,Inpatient Obstetric 1,IP1,,,,17.5 m²,17538,370.406824,449.013134,250.984252,0 W,0.00 W/m²,0 W,0.00 W/m²,28.6 m²,By Space Type,0,By Space Type,0.0,0.0,0.0,-2000160,"CEILING: plasterboard, flush set, suspended, paint, washable",,,0,-1,-2.777778,11.06.2026,CLFS-006,CLGE-001,FLVY-500,,FLSK-010,WLFI-001,Patient Areas,,WBH.IP1.01.078,112550,21/07/2026,1BR-OBS-A,18,,NWB-ARC-WBH-AR-RLS-IP1.01.085,,PS,By Type,"FLOOR FINISH: vinyl, seamless, coved, standard slip resistant, feature",Refer to Typical Room,By Space Type,16VbPuu3T6ChNxYB8SRxmD,59 W,Power Density,2700,"1 Bed Room, Obstetric",IP1.10.052,0,Rooms,AROO,Rooms,IP1,17.88185025876568,Architecture,WBH-W-10.052,"1 Bed Room, Obstetric",01,YES,SL_90_10,Room Spaces,1 patient; 1-2 staff; 1-2 visitors,0,New Construction,20.00%,Power Density,,0,0,PS-1BR-OBS-A,73 W,0.0,0 W,10.76 W/m²,0 W,13.99 W/m²,132 W,2700,LEVEL 10,0.0,AR Rooms
2026-08-01 19:58:17,11608888,NWB-ARC-WBH-AR-MOD-0036.rvt : 26 : location Internal,NWB-ARC-WBH-AR-MOD-0036,12530507,467e5678-e037-4632-b5fb-88b21cd16dcc-00bed1c4,IP1.10.053,"1 Bed Room, Obstetric",LEVEL 10,New Construction,Inpatient Obstetric 1,IP1,,,,17.5 m²,17527,384.186352,449.013134,250.984252,0 W,0.00 W/m²,0 W,0.00 W/m²,28.6 m²,By Space Type,0,By Space Type,0.0,0.0,0.0,-2000160,"CEILING: plasterboard, flush set, suspended, paint, washable",,,0,-1,-2.888889,11.06.2026,CLFS-006,CLGE-001,FLVY-500,,FLSK-010,WLFI-001,Patient Areas,,WBH.IP1.01.079,112551,21/07/2026,1BR-OBS-A,18,,NWB-ARC-WBH-AR-RLS-IP1.01.085,,PS,By Type,"FLOOR FINISH: vinyl, seamless, coved, standard slip resistant, feature",Refer to Typical Room,By Space Type,16VbPuu3T6ChNxYB8SRxm8,59 W,Power Density,2700,"1 Bed Room, Obstetric",IP1.10.053,0,Rooms,AROO,Rooms,IP1,17.881850258806438,Architecture,WBH-W-10.053,"1 Bed Room, Obstetric",01,YES,SL_90_10,Room Spaces,1 patient; 1-2 staff; 1-2 visitors,0,New Construction,20.00%,Power Density,,0,0,PS-1BR-OBS-A,73 W,0.0,0 W,10.76 W/m²,0 W,13.99 W/m²,132 W,2700,LEVEL 10,0.0,AR Rooms
2026-08-01 19:58:17,11608888,NWB-ARC-WBH-AR-MOD-0036.rvt : 26 : location Internal,NWB-ARC-WBH-AR-MOD-0036,12530509,467e5678-e037-4632-b5fb-88b21cd16dcc-00bed1c7,IP1.10.022,"Ensuite, Inboard",LEVEL 10,New Construction,Inpatient Obstetric 1,IP1,,,,4.9 m²,8704,387.169455,440.841382,250.984252,0 W,0.00 W/m²,0 W,0.00 W/m²,28.6 m²,By Space Type,0,By Space Type,0.0,0.0,0.0,-2000160,"CEILING: plasterboard, water resistant, drop-in tiles, prefinished, 600 x 1200",,,0,-1,-2.6,11.06.2026,CLTI-014,,FLVY-009,,FLSK-010,WLFI-011.07,Patient Areas,,WBH.IP1.01.042,107921,21/07/2026,ENS-ST-A,5,,Refer to AusHFG ENS-ST-A1,,SC,By Type,"FLOOR FINISH: vinyl, seamless, coved, wet area, non-slip",,By Space Type,16VbPuu3T6ChNxYB8SRxmB,59 W,Power Density,2700,"Ensuite, Inboard",IP1.10.022,0,Rooms,AROO,Rooms,IP1,5.098160372605276,Architecture,WBH-W-10.022,"Ensuite, Inboard",01,YES,SL_90_10,Room Spaces,1 patient; 1 staff assisting,0,New Construction,20.00%,Power Density,,0,0,SC,73 W,0.0,0 W,10.76 W/m²,0 W,13.99 W/m²,132 W,2700,LEVEL 10,0.0,AR Rooms
2026-08-01 19:58:17,11608888,NWB-ARC-WBH-AR-MOD-0036.rvt : 26 : location Internal,NWB-ARC-WBH-AR-MOD-0036,12530511,467e5678-e037-4632-b5fb-88b21cd16dcc-00bed1ca,IP1.10.003,"1 Bed Room, Obstetric - Bariatric",LEVEL 10,New Construction,Inpatient Obstetric 1,IP1,,,,19.1 m²,17856,398.613845,398.639938,250.984252,0 W,0.00 W/m²,0 W,0.00 W/m²,28.6 m²,By Space Type,0,By Space Type,0.0,0.0,0.0,-2000160,"CEILING: plasterboard, flush set, suspended, paint, washable",,,0,-1,6.111111,11.06.2026,CLFS-006,CLGE-001,FLVY-500,,FLSK-010,WLFI-001,Patient Areas,,WBH.IP1.01.023,107902,21/07/2026,1BR-OBS-B,18,,NWB-ARC-WBH-AR-RLS-IP1.01.024,,PS,By Type,"FLOOR FINISH: vinyl, seamless, coved, standard slip resistant, feature",Refer to Typical Room,By Space Type,16VbPuu3T6ChNxYB8SRxm6,59 W,Power Density,2700,"1 Bed Room, Obstetric - Bariatric",IP1.10.003,0,Rooms,AROO,Rooms,IP1,18.642693250001425,Architecture,WBH-W-10.003,"1 Bed Room, Obstetric - Bariatric",01,YES,SL_90_10,Room Spaces,1 patient; 1-2 staff; 1-2 visitors,0,New Construction,20.00%,Power Density,,0,0,PS-1BR-OBS-B,73 W,0.0,0 W,10.76 W/m²,0 W,13.99 W/m²,132 W,2700,LEVEL 10,0.0,AR Rooms
2026-08-01 19:58:17,11608888,NWB-ARC-WBH-AR-MOD-0036.rvt : 26 : location Internal,NWB-ARC-WBH-AR-MOD-0036,12530513,467e5678-e037-4632-b5fb-88b21cd16dcc-00bed1cd,IP1.10.033,"Ensuite, Bariatric",LEVEL 10,New Construction,Inpatient Obstetric 1,IP1,,,,8.5 m²,12899,398.613845,388.545876,250.984252,0 W,0.00 W/m²,0 W,0.00 W/m²,28.6 m²,By Space Type,0,By Space Type,0.0,0.0,0.0,-2000160,"CEILING: plasterboard, water resistant, drop-in tiles, prefinished, 600 x 1200",,,0,-1,18.428571,11.06.2026,CLTI-014,,FLVY-009,,FLSK-010,WLFI-001,Patient Areas,,WBH.IP1.01.053,107932,21/07/2026,ENS-BA,7,,Refer to AusHFG ENS-BA,,SC,By Type,"FLOOR FINISH: vinyl, seamless, coved, wet area, non-slip",,By Space Type,16VbPuu3T6ChNxYB8SRxm1,59 W,Power Density,2700,"Ensuite, Bariatric",IP1.10.033,0,Rooms,AROO,Rooms,IP1,8.273704249993726,Architecture,WBH-W-10.033,"Ensuite, Bariatric",01,YES,SL_90_10,Room Spaces,1 patient; 1-2 staff assisting,0,New Construction,20.00%,Power Density,,0,0,SC,73 W,0.0,0 W,10.76 W/m²,0 W,13.99 W/m²,132 W,2700,LEVEL 10,0.0,AR Rooms
2026-08-01 19:58:17,11608888,NWB-ARC-WBH-AR-MOD-0036.rvt : 26 : location Internal,NWB-ARC-WBH-AR-MOD-0036,12530515,467e5678-e037-4632-b5fb-88b21cd16dcc-00bed1d0,IP1.10.035,"Ensuite, Bariatric, Super",LEVEL 10,New Construction,Inpatient Obstetric 1,IP1,,,,5.2 m²,8969,394.783465,440.841382,250.984252,0 W,0.00 W/m²,0 W,0.00 W/m²,28.6 m²,By Space Type,0,By Space Type,0.0,0.0,0.0,-2000160,"CEILING: plasterboard, water resistant, drop-in tiles, prefinished, 600 x 1200",,,0,-1,-42.111111,11.06.2026,CLTI-014,,FLVY-009,,FLSK-010,WLFI-001,Patient Areas,,WBH.IP1.01.055,107934,21/07/2026,ENS-BA-S,9,,NWB-ARC-WBH-AR-RLS-DR-ENS-BA-9-IPG,,DR,By Type,"FLOOR FINISH: vinyl, seamless, coved, wet area, non-slip",Refer to Typical Room,By Space Type,16VbPuu3T6ChNxYB8SRxmS,59 W,Power Density,2700,"Ensuite, Bariatric, Super",IP1.10.035,0,Rooms,AROO,Rooms,IP1,9.063708749978437,Architecture,WBH-W-10.035,"Ensuite, Bariatric, Super",01,YES,SL_90_10,Room Spaces,1 patient; 1-2 staff assisting,0,New Construction,20.00%,Power Density,,0,0,DR,73 W,0.0,0 W,10.76 W/m²,0 W,13.99 W/m²,132 W,2700,LEVEL 10,0.0,AR Rooms
2026-08-01 19:58:17,11608888,NWB-ARC-WBH-AR-MOD-0036.rvt : 26 : location Internal,NWB-ARC-WBH-AR-MOD-0036,12530517,467e5678-e037-4632-b5fb-88b21cd16dcc-00bed1d3,IP1.10.023,"Ensuite, Inboard",LEVEL 10,New Construction,Inpatient Obstetric 1,IP1,,,,4.9 m²,8707,387.368766,401.345802,250.984252,0 W,0.00 W/m²,0 W,0.00 W/m²,28.6 m²,By Space Type,0,By Space Type,0.0,0.0,0.0,-2000160,"CEILING: plasterboard, water resistant, drop-in tiles, prefinished, 600 x 1200",,,0,-1,-2.6,11.06.2026,CLTI-014,,FLVY-009,,FLSK-010,WLFI-011.07,Patient Areas,,WBH.IP1.01.043,107922,21/07/2026,ENS-ST-A,5,,Refer to AusHFG ENS-ST-A1,,SC,By Type,"FLOOR FINISH: vinyl, seamless, coved, wet area, non-slip",,By Space Type,16VbPuu3T6ChNxYB8SRxmV,59 W,Power Density,2700,"Ensuite, Inboard",IP1.10.023,0,Rooms,AROO,Rooms,IP1,5.098160372600915,Architecture,WBH-W-10.023,"Ensuite, Inboard",01,YES,SL_90_10,Room Spaces,1 patient; 1 staff assisting,0,New Construction,20.00%,Power Density,,0,0,SC,73 W,0.0,0 W,10.76 W/m²,0 W,13.99 W/m²,132 W,2700,LEVEL 10,0.0,AR Rooms
2026-08-01 19:58:17,11608888,NWB-ARC-WBH-AR-MOD-0036.rvt : 26 : location Internal,NWB-ARC-WBH-AR-MOD-0036,12530519,467e5678-e037-4632-b5fb-88b21cd16dcc-00bed1d6,IP1.10.054,"1 Bed Room, Obstetric",LEVEL 10,New Construction,Inpatient Obstetric 1,IP1,,,,17.4 m²,17513,384.186352,393.433245,250.984252,0 W,0.00 W/m²,0 W,0.00 W/m²,28.6 m²,By Space Type,0,By Space Type,0.0,0.0,0.0,-2000160,"CEILING: plasterboard, flush set, suspended, paint, washable",,,0,-1,-3.166667,11.06.2026,CLFS-006,CLGE-001,FLVY-500,,FLSK-010,WLFI-001,Patient Areas,,WBH.IP1.01.080,112552,21/07/2026,1BR-OBS-A,18,,NWB-ARC-WBH-AR-RLS-IP1.01.085,,PS,By Type,"FLOOR FINISH: vinyl, seamless, coved, standard slip resistant, feature",Refer to Typical Room,By Space Type,16VbPuu3T6ChNxYB8SRxmQ,59 W,Power Density,2700,"1 Bed Room, Obstetric",IP1.10.054,0,Rooms,AROO,Rooms,IP1,17.923727258800998,Architecture,WBH-W-10.054,"1 Bed Room, Obstetric",01,YES,SL_90_10,Room Spaces,1 patient; 1-2 staff; 1-2 visitors,0,New Construction,20.00%,Power Density,,0,0,PS-1BR-OBS-A,73 W,0.0,0 W,10.76 W/m²,0 W,13.99 W/m²,132 W,2700,LEVEL 10,0.0,AR Rooms
2026-08-01 19:58:17,11608888,NWB-ARC-WBH-AR-MOD-0036.rvt : 26 : location Internal,NWB-ARC-WBH-AR-MOD-0036,12530521,467e5678-e037-4632-b5fb-88b21cd16dcc-00bed1d9,IP1.10.055,"1 Bed Room, Obstetric",LEVEL 10,New Construction,Inpatient Obstetric 1,IP1,,,,17.4 m²,17474,370.406824,393.433245,250.984252,0 W,0.00 W/m²,0 W,0.00 W/m²,28.6 m²,By Space Type,0,By Space Type,0.0,0.0,0.0,-2000160,"CEILING: plasterboard, flush set, suspended, paint, washable",,,0,-1,-3.444444,11.06.2026,CLFS-006,CLGE-001,FLVY-500,,FLSK-010,WLFI-001,Patient Areas,,WBH.IP1.01.081,112553,21/07/2026,1BR-OBS-A,18,,NWB-ARC-WBH-AR-RLS-IP1.01.085,,PS,By Type,"FLOOR FINISH: vinyl, seamless, coved, standard slip resistant, feature",Refer to Typical Room,By Space Type,16VbPuu3T6ChNxYB8SRxmL,59 W,Power Density,2700,"1 Bed Room, Obstetric",IP1.10.055,0,Rooms,AROO,Rooms,IP1,17.923727258774374,Architecture,WBH-W-10.055,"1 Bed Room, Obstetric",01,YES,SL_90_10,Room Spaces,1 patient; 1-2 staff; 1-2 visitors,0,New Construction,20.00%,Power Density,,0,0,PS-1BR-OBS-A,73 W,0.0,0 W,10.76 W/m²,0 W,13.99 W/m²,132 W,2700,LEVEL 10,0.0,AR Rooms
2026-08-01 19:58:17,11608888,NWB-ARC-WBH-AR-MOD-0036.rvt : 26 : location Internal,NWB-ARC-WBH-AR-MOD-0036,12530523,467e5678-e037-4632-b5fb-88b21cd16dcc-00bed1dc,IP1.10.024,"Ensuite, Inboard",LEVEL 10,New Construction,Inpatient Obstetric 1,IP1,,,,5.2 m²,8947,367.224409,401.365487,250.984252,0 W,0.00 W/m²,0 W,0.00 W/m²,28.6 m²,By Space Type,0,By Space Type,0.0,0.0,0.0,-2000160,"CEILING: plasterboard, water resistant, drop-in tiles, prefinished, 600 x 1200",,,0,-1,3.4,11.06.2026,CLTI-014,,FLVY-009,,FLSK-010,WLFI-011.07,Patient Areas,,WBH.IP1.01.044,107923,21/07/2026,ENS-ST-A,5,,Refer to AusHFG ENS-ST-A1,,SC,By Type,"FLOOR FINISH: vinyl, seamless, coved, wet area, non-slip",,By Space Type,16VbPuu3T6ChNxYB8SRxmG,59 W,Power Density,2700,"Ensuite, Inboard",IP1.10.024,0,Rooms,AROO,Rooms,IP1,5.098160372602098,Architecture,WBH-W-10.024,"Ensuite, Inboard",01,YES,SL_90_10,Room Spaces,1 patient; 1 staff assisting,0,New Construction,20.00%,Power Density,,0,0,SC,73 W,0.0,0 W,10.76 W/m²,0 W,13.99 W/m²,132 W,2700,LEVEL 10,0.0,AR Rooms
2026-08-01 19:58:17,11608888,NWB-ARC-WBH-AR-MOD-0036.rvt : 26 : location Internal,NWB-ARC-WBH-AR-MOD-0036,12530525,467e5678-e037-4632-b5fb-88b21cd16dcc-00bed1df,IP1.10.056,"1 Bed Room, Obstetric",LEVEL 10,New Construction,Inpatient Obstetric 1,IP1,,,,17.3 m²,17469,356.627297,393.433245,250.984252,0 W,0.00 W/m²,0 W,0.00 W/m²,28.6 m²,By Space Type,0,By Space Type,0.0,0.0,0.0,-2000160,"CEILING: plasterboard, flush set, suspended, paint, washable",,,0,-1,-3.611111,11.06.2026,CLFS-006,CLGE-001,FLVY-500,,FLSK-010,WLFI-001,Patient Areas,,WBH.IP1.01.082,112554,21/07/2026,1BR-OBS-A,18,,NWB-ARC-WBH-AR-RLS-IP1.01.085,,PS,By Type,"FLOOR FINISH: vinyl, seamless, coved, standard slip resistant, feature",Refer to Typical Room,By Space Type,16VbPuu3T6ChNxYB8SRxmJ,59 W,Power Density,2700,"1 Bed Room, Obstetric",IP1.10.056,0,Rooms,AROO,Rooms,IP1,17.92372725879128,Architecture,WBH-W-10.056,"1 Bed Room, Obstetric",01,YES,SL_90_10,Room Spaces,1 patient; 1-2 staff; 1-2 visitors,0,New Construction,20.00%,Power Density,,0,0,PS-1BR-OBS-A,73 W,0.0,0 W,10.76 W/m²,0 W,13.99 W/m²,132 W,2700,LEVEL 10,0.0,AR Rooms
2026-08-01 19:58:17,11608888,NWB-ARC-WBH-AR-MOD-0036.rvt : 26 : location Internal,NWB-ARC-WBH-AR-MOD-0036,12530527,467e5678-e037-4632-b5fb-88b21cd16dcc-00bed1e2,IP1.10.025,"Ensuite, Inboard",LEVEL 10,New Construction,Inpatient Obstetric 1,IP1,,,,5.2 m²,8949,359.809711,401.352364,250.984252,0 W,0.00 W/m²,0 W,0.00 W/m²,28.6 m²,By Space Type,0,By Space Type,0.0,0.0,0.0,-2000160,"CEILING: plasterboard, water resistant, drop-in tiles, prefinished, 600 x 1200",,,0,-1,3.6,11.06.2026,CLTI-014,,FLVY-009,,FLSK-010,WLFI-011.07,Patient Areas,,WBH.IP1.01.045,107924,21/07/2026,ENS-ST-A,5,,Refer to AusHFG ENS-ST-A1,,SC,By Type,"FLOOR FINISH: vinyl, seamless, coved, wet area, non-slip",,By Space Type,16VbPuu3T6ChNxYB8SRxmk,59 W,Power Density,2700,"Ensuite, Inboard",IP1.10.025,0,Rooms,AROO,Rooms,IP1,5.09816037260516,Architecture,WBH-W-10.025,"Ensuite, Inboard",01,YES,SL_90_10,Room Spaces,1 patient; 1 staff assisting,0,New Construction,20.00%,Power Density,,0,0,SC,73 W,0.0,0 W,10.76 W/m²,0 W,13.99 W/m²,132 W,2700,LEVEL 10,0.0,AR Rooms
2026-08-01 19:58:17,11608888,NWB-ARC-WBH-AR-MOD-0036.rvt : 26 : location Internal,NWB-ARC-WBH-AR-MOD-0036,12530529,467e5678-e037-4632-b5fb-88b21cd16dcc-00bed1e5,IP1.10.057,"1 Bed Room, Obstetric",LEVEL 10,New Construction,Inpatient Obstetric 1,IP1,,,,17.3 m²,17431,342.847769,393.433245,250.984252,0 W,0.00 W/m²,0 W,0.00 W/m²,28.6 m²,By Space Type,0,By Space Type,0.0,0.0,0.0,-2000160,"CEILING: plasterboard, flush set, suspended, paint, washable",,,0,-1,-3.944444,11.06.2026,CLFS-006,CLGE-001,FLVY-500,,FLSK-010,WLFI-001,Patient Areas,,WBH.IP1.01.083,112555,21/07/2026,1BR-OBS-A,18,,NWB-ARC-WBH-AR-RLS-IP1.01.085,,PS,By Type,"FLOOR FINISH: vinyl, seamless, coved, standard slip resistant, feature",Refer to Typical Room,By Space Type,16VbPuu3T6ChNxYB8SRxmf,59 W,Power Density,2700,"1 Bed Room, Obstetric",IP1.10.057,0,Rooms,AROO,Rooms,IP1,17.923727258778968,Architecture,WBH-W-10.057,"1 Bed Room, Obstetric",01,YES,SL_90_10,Room Spaces,1 patient; 1-2 staff; 1-2 visitors,0,New Construction,20.00%,Power Density,,0,0,PS-1BR-OBS-A,73 W,0.0,0 W,10.76 W/m²,0 W,13.99 W/m²,132 W,2700,LEVEL 10,0.0,AR Rooms
2026-08-01 19:58:17,11608888,NWB-ARC-WBH-AR-MOD-0036.rvt : 26 : location Internal,NWB-ARC-WBH-AR-MOD-0036,12530531,467e5678-e037-4632-b5fb-88b21cd16dcc-00bed1e8,IP1.10.026,"Ensuite, Inboard",LEVEL 10,New Construction,Inpatient Obstetric 1,IP1,,,,4.9 m²,8704,339.665354,401.365487,250.984252,0 W,0.00 W/m²,0 W,0.00 W/m²,28.6 m²,By Space Type,0,By Space Type,0.0,0.0,0.0,-2000160,"CEILING: plasterboard, water resistant, drop-in tiles, prefinished, 600 x 1200",,,0,-1,-2.6,11.06.2026,CLTI-014,,FLVY-009,,FLSK-010,WLFI-011.07,Patient Areas,,WBH.IP1.01.046,107925,21/07/2026,ENS-ST-A,5,,Refer to AusHFG ENS-ST-A1,,SC,By Type,"FLOOR FINISH: vinyl, seamless, coved, wet area, non-slip",,By Space Type,16VbPuu3T6ChNxYB8SRxma,59 W,Power Density,2700,"Ensuite, Inboard",IP1.10.026,0,Rooms,AROO,Rooms,IP1,5.098160372602055,Architecture,WBH-W-10.026,"Ensuite, Inboard",01,YES,SL_90_10,Room Spaces,1 patient; 1 staff assisting,0,New Construction,20.00%,Power Density,,0,0,SC,73 W,0.0,0 W,10.76 W/m²,0 W,13.99 W/m²,132 W,2700,LEVEL 10,0.0,AR Rooms
2026-08-01 19:58:17,11608888,NWB-ARC-WBH-AR-MOD-0036.rvt : 26 : location Internal,NWB-ARC-WBH-AR-MOD-0036,12530533,467e5678-e037-4632-b5fb-88b21cd16dcc-00bed1eb,IP1.10.027,"Ensuite, Inboard",LEVEL 10,New Construction,Inpatient Obstetric 1,IP1,,,,5.1 m²,8905,304.691601,440.841382,250.984252,0 W,0.00 W/m²,0 W,0.00 W/m²,28.6 m²,By Space Type,0,By Space Type,0.0,0.0,0.0,-2000160,"CEILING: plasterboard, water resistant, drop-in tiles, prefinished, 600 x 1200",,,0,-1,2,11.06.2026,CLTI-014,,FLVY-009,,FLSK-010,WLFI-011.07,Patient Areas,,WBH.IP1.01.047,107926,21/07/2026,ENS-ST-A,5,,Refer to AusHFG ENS-ST-A1,,SC,By Type,"FLOOR FINISH: vinyl, seamless, coved, wet area, non-slip",,By Space Type,16VbPuu3T6ChNxYB8SRxmd,59 W,Power Density,2700,"Ensuite, Inboard",IP1.10.027,0,Rooms,AROO,Rooms,IP1,5.098160372605223,Architecture,WBH-W-10.027,"Ensuite, Inboard",01,YES,SL_90_10,Room Spaces,1 patient; 1 staff assisting,0,New Construction,20.00%,Power Density,,0,0,SC,73 W,0.0,0 W,10.76 W/m²,0 W,13.99 W/m²,132 W,2700,LEVEL 10,0.0,AR Rooms
2026-08-01 19:58:17,11608888,NWB-ARC-WBH-AR-MOD-0036.rvt : 26 : location Internal,NWB-ARC-WBH-AR-MOD-0036,12530535,467e5678-e037-4632-b5fb-88b21cd16dcc-00bed1ee,IP1.10.058,"1 Bed Room, Obstetric",LEVEL 10,New Construction,Inpatient Obstetric 1,IP1,,,,17.5 m²,17406,301.509186,449.013134,250.984252,0 W,0.00 W/m²,0 W,0.00 W/m²,28.6 m²,By Space Type,0,By Space Type,0.0,0.0,0.0,-2000160,"CEILING: plasterboard, flush set, suspended, paint, washable",,,0,-1,-2.5,11.06.2026,CLFS-006,CLGE-001,FLVY-500,,FLSK-010,WLFI-001,Patient Areas,,WBH.IP1.01.084,112556,21/07/2026,1BR-OBS-A,18,,NWB-ARC-WBH-AR-RLS-IP1.01.085,,PS,By Type,"FLOOR FINISH: vinyl, seamless, coved, standard slip resistant, feature",Refer to Typical Room,By Space Type,16VbPuu3T6ChNxYB8SRxmY,59 W,Power Density,2700,"1 Bed Room, Obstetric",IP1.10.058,0,Rooms,AROO,Rooms,IP1,17.9237272587879,Architecture,WBH-W-10.058,"1 Bed Room, Obstetric",01,YES,SL_90_10,Room Spaces,1 patient; 1-2 staff; 1-2 visitors,0,New Construction,20.00%,Power Density,,0,0,PS-1BR-OBS-A,73 W,0.0,0 W,10.76 W/m²,0 W,13.99 W/m²,132 W,2700,LEVEL 10,0.0,AR Rooms
2026-08-01 19:58:17,11608888,NWB-ARC-WBH-AR-MOD-0036.rvt : 26 : location Internal,NWB-ARC-WBH-AR-MOD-0036,12530537,467e5678-e037-4632-b5fb-88b21cd16dcc-00bed1f1,IP1.10.006,"1 Bed Room, Obstetric - Class N",LEVEL 10,New Construction,Inpatient Obstetric 1,IP1,,,,17.5 m²,17651,206.223753,390.488799,250.984252,0 W,0.00 W/m²,0 W,0.00 W/m²,28.6 m²,By Space Type,0,By Space Type,0.0,0.0,0.0,-2000160,"CEILING: plasterboard, flush set, suspended, paint, washable",,,0,-1,-2.888889,11.06.2026,CLFS-006,CLGE-001,FLVY-500,,FLSK-010,WLFI-001,Patient Areas,,WBH.IP1.01.026,107905,21/07/2026,1BR-OBS-N,18,,NWB-ARC-WBH-AR-RLS-IP1.01.026,,PS,By Type,"FLOOR FINISH: vinyl, seamless, coved, standard slip resistant, feature",Typical Room,By Space Type,16VbPuu3T6ChNxYB8SRxmz,59 W,Power Density,2700,"1 Bed Room, Obstetric - Class N",IP1.10.006,0,Rooms,AROO,Rooms,IP1,18.00013225878089,Architecture,WBH-W-10.006,"1 Bed Room, Obstetric - Class N",01,YES,SL_90_10,Room Spaces,1 patient; 1-2 staff; 1-2 visitors,0,New Construction,20.00%,Power Density,,Yes,0,PS-1BR-OBS-N,73 W,0.0,0 W,10.76 W/m²,0 W,13.99 W/m²,132 W,2700,LEVEL 10,0.0,AR Rooms
2026-08-01 19:58:17,11608888,NWB-ARC-WBH-AR-MOD-0036.rvt : 26 : location Internal,NWB-ARC-WBH-AR-MOD-0036,12530539,467e5678-e037-4632-b5fb-88b21cd16dcc-00bed1f4,IP1.10.028,"Ensuite, Inboard",LEVEL 10,New Construction,Inpatient Obstetric 1,IP1,,,,5.2 m²,8947,201.870079,401.365487,250.984252,0 W,0.00 W/m²,0 W,0.00 W/m²,28.6 m²,By Space Type,0,By Space Type,0.0,0.0,0.0,-2000160,"CEILING: plasterboard, water resistant, drop-in tiles, prefinished, 600 x 1200",,,0,-1,3.4,11.06.2026,CLTI-014,,FLVY-009,,FLSK-010,WLFI-011.07,Patient Areas,,WBH.IP1.01.048,107927,21/07/2026,ENS-ST-A,5,,Refer to AusHFG ENS-ST-A1,,SC,By Type,"FLOOR FINISH: vinyl, seamless, coved, wet area, non-slip",,By Space Type,16VbPuu3T6ChNxYB8SRxmu,59 W,Power Density,2700,"Ensuite, Inboard",IP1.10.028,0,Rooms,AROO,Rooms,IP1,5.098160372604167,Architecture,WBH-W-10.028,"Ensuite, Inboard",01,YES,SL_90_10,Room Spaces,1 patient; 1 staff assisting,0,New Construction,20.00%,Power Density,,0,0,SC,73 W,0.0,0 W,10.76 W/m²,0 W,13.99 W/m²,132 W,2700,LEVEL 10,0.0,AR Rooms
2026-08-01 19:58:17,11608888,NWB-ARC-WBH-AR-MOD-0036.rvt : 26 : location Internal,NWB-ARC-WBH-AR-MOD-0036,12530541,467e5678-e037-4632-b5fb-88b21cd16dcc-00bed1f7,IP1.10.060,"1 Bed Room, Obstetric",LEVEL 10,New Construction,Inpatient Obstetric 1,IP1,,,,17.5 m²,17552,191.272966,393.433245,250.984252,0 W,0.00 W/m²,0 W,0.00 W/m²,28.6 m²,By Space Type,0,By Space Type,0.0,0.0,0.0,-2000160,"CEILING: plasterboard, flush set, suspended, paint, washable",,,0,-1,-2.666667,11.06.2026,CLFS-006,CLGE-001,FLVY-500,,FLSK-010,WLFI-001,Patient Areas,,WBH.IP1.01.086,112558,21/07/2026,1BR-OBS-A,18,,NWB-ARC-WBH-AR-RLS-IP1.01.085,,PS,By Type,"FLOOR FINISH: vinyl, seamless, coved, standard slip resistant, feature",Refer to Typical Room,By Space Type,16VbPuu3T6ChNxYB8SRxmx,59 W,Power Density,2700,"1 Bed Room, Obstetric",IP1.10.060,0,Rooms,AROO,Rooms,IP1,17.923727258792063,Architecture,WBH-W-10.060,"1 Bed Room, Obstetric",01,YES,SL_90_10,Room Spaces,1 patient; 1-2 staff; 1-2 visitors,0,New Construction,20.00%,Power Density,,0,0,PS-1BR-OBS-A,73 W,0.0,0 W,10.76 W/m²,0 W,13.99 W/m²,132 W,2700,LEVEL 10,0.0,AR Rooms
2026-08-01 19:58:17,11608888,NWB-ARC-WBH-AR-MOD-0036.rvt : 26 : location Internal,NWB-ARC-WBH-AR-MOD-0036,12530543,467e5678-e037-4632-b5fb-88b21cd16dcc-00bed1fa,IP1.10.029,"Ensuite, Inboard",LEVEL 10,New Construction,Inpatient Obstetric 1,IP1,,,,5.2 m²,8949,194.455381,401.352364,250.984252,0 W,0.00 W/m²,0 W,0.00 W/m²,28.6 m²,By Space Type,0,By Space Type,0.0,0.0,0.0,-2000160,"CEILING: plasterboard, water resistant, drop-in tiles, prefinished, 600 x 1200",,,0,-1,3.6,11.06.2026,CLTI-014,,FLVY-009,,FLSK-010,WLFI-011.07,Patient Areas,,WBH.IP1.01.049,107928,21/07/2026,ENS-ST-A,5,,Refer to AusHFG ENS-ST-A1,,SC,By Type,"FLOOR FINISH: vinyl, seamless, coved, wet area, non-slip",,By Space Type,16VbPuu3T6ChNxYB8SRxms,59 W,Power Density,2700,"Ensuite, Inboard",IP1.10.029,0,Rooms,AROO,Rooms,IP1,5.098160372604706,Architecture,WBH-W-10.029,"Ensuite, Inboard",01,YES,SL_90_10,Room Spaces,1 patient; 1 staff assisting,0,New Construction,20.00%,Power Density,,0,0,SC,73 W,0.0,0 W,10.76 W/m²,0 W,13.99 W/m²,132 W,2700,LEVEL 10,0.0,AR Rooms
2026-08-01 19:58:17,11608888,NWB-ARC-WBH-AR-MOD-0036.rvt : 26 : location Internal,NWB-ARC-WBH-AR-MOD-0036,12530545,467e5678-e037-4632-b5fb-88b21cd16dcc-00bed1fd,IP1.10.059,"1 Bed Room, Obstetric",LEVEL 10,New Construction,Inpatient Obstetric 1,IP1,,,,17.5 m²,17543,177.514764,393.433245,250.984252,0 W,0.00 W/m²,0 W,0.00 W/m²,28.6 m²,By Space Type,0,By Space Type,0.0,0.0,0.0,-2000160,"CEILING: plasterboard, flush set, suspended, paint, washable",,,0,-1,-2.666667,11.06.2026,CLFS-006,CLGE-001,FLVY-500,,FLSK-010,WLFI-001,Patient Areas,,WBH.IP1.01.085,112557,21/07/2026,1BR-OBS-A,18,,NWB-ARC-WBH-AR-RLS-IP1.01.085,,PS,By Type,"FLOOR FINISH: vinyl, seamless, coved, standard slip resistant, feature",Refer to Typical Room,By Space Type,16VbPuu3T6ChNxYB8SRxmn,59 W,Power Density,2700,"1 Bed Room, Obstetric",IP1.10.059,0,Rooms,AROO,Rooms,IP1,17.923727258776612,Architecture,WBH-W-10.059,"1 Bed Room, Obstetric",01,YES,SL_90_10,Room Spaces,1 patient; 1-2 staff; 1-2 visitors,0,New Construction,20.00%,Power Density,,Yes,0,PS-1BR-OBS-A,73 W,0.0,0 W,10.76 W/m²,0 W,13.99 W/m²,132 W,2700,LEVEL 10,0.0,AR Rooms
2026-08-01 19:58:17,11608888,NWB-ARC-WBH-AR-MOD-0036.rvt : 26 : location Internal,NWB-ARC-WBH-AR-MOD-0036,12530547,467e5678-e037-4632-b5fb-88b21cd16dcc-00bed200,IP1.10.030,"Ensuite, Inboard",LEVEL 10,New Construction,Inpatient Obstetric 1,IP1,,,,4.9 m²,8701,174.311024,401.365487,250.984252,0 W,0.00 W/m²,0 W,0.00 W/m²,28.6 m²,By Space Type,0,By Space Type,0.0,0.0,0.0,-2000160,"CEILING: plasterboard, water resistant, drop-in tiles, prefinished, 600 x 1200",,,0,-1,-2.6,11.06.2026,CLTI-014,,FLVY-009,,FLSK-010,WLFI-011.07,Patient Areas,,WBH.IP1.01.050,107929,21/07/2026,ENS-ST-A,5,,NWB-ARC-WBH-AR-RLS-IP1.01.050,,SC,By Type,"FLOOR FINISH: vinyl, seamless, coved, wet area, non-slip",,By Space Type,16VbPuu3T6ChNxYB8SRx$C,59 W,Power Density,2700,"Ensuite, Inboard",IP1.10.030,0,Rooms,AROO,Rooms,IP1,5.098160372604717,Architecture,WBH-W-10.030,"Ensuite, Inboard",01,YES,SL_90_10,Room Spaces,1 patient; 1 staff assisting,0,New Construction,20.00%,Power Density,,Yes,0,SC,73 W,0.0,0 W,10.76 W/m²,0 W,13.99 W/m²,132 W,2700,LEVEL 10,0.0,AR Rooms
2026-08-01 19:58:17,11608888,NWB-ARC-WBH-AR-MOD-0036.rvt : 26 : location Internal,NWB-ARC-WBH-AR-MOD-0036,12530549,467e5678-e037-4632-b5fb-88b21cd16dcc-00bed203,IP1.10.034,"Ensuite, Bariatric",LEVEL 10,New Construction,Inpatient Obstetric 1,IP1,,,,8.3 m²,12673,163.270997,388.536592,250.984252,0 W,0.00 W/m²,0 W,0.00 W/m²,28.6 m²,By Space Type,0,By Space Type,0.0,0.0,0.0,-2000160,"CEILING: plasterboard, water resistant, drop-in tiles, prefinished, 600 x 1200",,,0,-1,19.142857,11.06.2026,CLTI-014,,FLVY-009,,FLSK-010,WLFI-001,Patient Areas,,WBH.IP1.01.054,107933,21/07/2026,ENS-BA,7,,NWB-ARC-WBH-AR-RLS-IP1.01.054,,SC,By Type,"FLOOR FINISH: vinyl, seamless, coved, wet area, non-slip",,By Space Type,16VbPuu3T6ChNxYB8SRx$F,59 W,Power Density,2700,"Ensuite, Bariatric",IP1.10.034,0,Rooms,AROO,Rooms,IP1,8.255388750005334,Architecture,WBH-W-10.034,"Ensuite, Bariatric",01,YES,SL_90_10,Room Spaces,1 patient; 1-2 staff assisting,0,New Construction,20.00%,Power Density,,Yes,0,SC,73 W,0.0,0 W,10.76 W/m²,0 W,13.99 W/m²,132 W,2700,LEVEL 10,0.0,AR Rooms
2026-08-01 19:58:17,11608888,NWB-ARC-WBH-AR-MOD-0036.rvt : 26 : location Internal,NWB-ARC-WBH-AR-MOD-0036,12530551,467e5678-e037-4632-b5fb-88b21cd16dcc-00bed206,IP1.10.004,"1 Bed Room, Obstetric - Bariatric",LEVEL 10,New Construction,Inpatient Obstetric 1,IP1,,,,18.7 m²,17537,162.913386,397.087949,250.984252,0 W,0.00 W/m²,0 W,0.00 W/m²,28.6 m²,By Space Type,0,By Space Type,0.0,0.0,0.0,-2000160,"CEILING: plasterboard, flush set, suspended, paint, washable",,,0,-1,3.277778,11.06.2026,CLFS-006,CLGE-001,FLVY-500,,FLSK-010,WLFI-001,Patient Areas,,WBH.IP1.01.024,107903,21/07/2026,1BR-OBS-B,18,,NWB-ARC-WBH-AR-RLS-IP1.01.024,,PS,By Type,"FLOOR FINISH: vinyl, seamless, coved, standard slip resistant, feature",Refer to Typical Room,By Space Type,16VbPuu3T6ChNxYB8SRx$A,59 W,Power Density,2700,"1 Bed Room, Obstetric - Bariatric",IP1.10.004,0,Rooms,AROO,Rooms,IP1,18.54700875000242,Architecture,WBH-W-10.004,"1 Bed Room, Obstetric - Bariatric",01,YES,SL_90_10,Room Spaces,1 patient; 1-2 staff; 1-2 visitors,0,New Construction,20.00%,Power Density,,Yes,0,PS-1BR-OBS-B,73 W,0.0,0 W,10.76 W/m²,0 W,13.99 W/m²,132 W,2700,LEVEL 10,0.0,AR Rooms
2026-08-01 19:58:17,11608888,NWB-ARC-WBH-AR-MOD-0036.rvt : 26 : location Internal,NWB-ARC-WBH-AR-MOD-0036,12530653,467e5678-e037-4632-b5fb-88b21cd16dcc-00bed2d7,IP1.10.061,"1 Bed Room, Obstetric - Low Sensory",LEVEL 10,New Construction,Inpatient Obstetric 1,IP1,,,,17.5 m²,18391,163.32021,421.393555,250.984252,0 W,0.00 W/m²,0 W,0.00 W/m²,28.6 m²,By Space Type,0,By Space Type,0.0,0.0,0.0,-2000160,"CEILING: plasterboard, flush set, suspended, paint, washable",,,0,-1,-2.555556,11.06.2026,CLFS-006,CLGE-001,FLVY-500,,FLSK-010,WLFI-001,Patient Areas,,WBH.IP1.01.087,112559,21/07/2026,1BR-OBS-L,18,,NWB-ARC-WBH-AR-RLS-IP1.01.087,,PS,By Type,"FLOOR FINISH: vinyl, seamless, coved, standard slip resistant, feature",Typical Room,By Space Type,16VbPuu3T6ChNxYB8SRxyR,59 W,Power Density,2700,"1 Bed Room, Obstetric - Low Sensory",IP1.10.061,0,Rooms,AROO,Rooms,IP1,18.02092949999852,Architecture,WBH-W-10.061,"1 Bed Room, Obstetric - Low Sensory",01,YES,SL_90_10,Room Spaces,1 patient; 1-2 staff; 1-2 visitors,0,New Construction,20.00%,Power Density,,Yes,0,PS-1BR-OBS-L,73 W,0.0,0 W,10.76 W/m²,0 W,13.99 W/m²,132 W,2700,LEVEL 10,0.0,AR Rooms
2026-08-01 19:58:17,11608888,NWB-ARC-WBH-AR-MOD-0036.rvt : 26 : location Internal,NWB-ARC-WBH-AR-MOD-0036,12530657,467e5678-e037-4632-b5fb-88b21cd16dcc-00bed2e0,IP1.10.031,"Ensuite, Accessible",LEVEL 10,New Construction,Inpatient Obstetric 1,IP1,,,,6.8 m²,10619,174.511807,418.736472,250.984252,0 W,0.00 W/m²,0 W,0.00 W/m²,28.6 m²,By Space Type,0,By Space Type,0.0,0.0,0.0,-2000160,"CEILING: plasterboard, water resistant, drop-in tiles, prefinished, 600 x 1200",,,0,-1,-3.571429,11.06.2026,CLTI-014,,FLVY-009,,FLSK-010,WLFI-011.07,Patient Areas,,WBH.IP1.01.051,107930,21/07/2026,ENS-ACC,7,,NWB-ARC-WBH-AR-RLS-IP1.01.051,,SC,By Type,"FLOOR FINISH: vinyl, seamless, coved, wet area, non-slip",,By Space Type,16VbPuu3T6ChNxYB8SRxyi,59 W,Power Density,2700,"Ensuite, Accessible",IP1.10.031,0,Rooms,AROO,Rooms,IP1,7.012499999999494,Architecture,WBH-W-10.031,"Ensuite, Accessible",01,YES,SL_90_10,Room Spaces,1 patient; 1-2 staff assisting,0,New Construction,20.00%,Power Density,,Yes,0,SC,73 W,0.0,0 W,10.76 W/m²,0 W,13.99 W/m²,132 W,2700,LEVEL 10,0.0,AR Rooms
2026-08-01 19:58:17,11608888,NWB-ARC-WBH-AR-MOD-0036.rvt : 26 : location Internal,NWB-ARC-WBH-AR-MOD-0036,12531440,61e7cc31-f528-4075-a1c7-5c06a52cf04f-00bf36f0,IP2.10.249,Milk Clean-Up Room,LEVEL 10,New Construction,Inpatient Obstetric 2,IP2,,,,7.4 m²,10938,222.933138,276.093265,250.984252,0 W,0.00 W/m²,0 W,0.00 W/m²,28.6 m²,By Space Type,0,By Space Type,0.0,0.0,0.0,-2000160,"CEILING: acoustic, drop-in tiles, 600 x 1200",,,0,-1,0,11.06.2026,CLTI-002,,FLVY-003,,FLSK-010,"WLFI-001, WLFI-101",Clinical Support Areas,,WBH.IP2.02.036,118398,21/07/2026,MILK-CLUP,0,,,,,By Type,"FLOOR FINISH: vinyl, seamless, coved, non slip",,By Space Type,1XvymnzIX0TQ77N0QbayQ$,59 W,Power Density,2438,Milk Clean-Up Room,IP2.10.249,0,Rooms,AROO,Rooms,IP2,9.035808000002179,Architecture,WBH-W-10.249,Pantry,02,YES,SL_90_10,Room Spaces,Up to 2,0,New Construction,20.00%,Power Density,,0,0,SC,73 W,0.0,0 W,10.76 W/m²,0 W,13.99 W/m²,132 W,2438,LEVEL 10,0.0,AR Rooms
2026-08-01 19:58:17,11608888,NWB-ARC-WBH-AR-MOD-0036.rvt : 26 : location Internal,NWB-ARC-WBH-AR-MOD-0036,12531443,61e7cc31-f528-4075-a1c7-5c06a52cf04f-00bf36f3,IP2.10.190,Anteroom,LEVEL 10,New Construction,Inpatient Obstetric 2,IP2,,,,6.2 m²,10056,215.387139,276.167825,250.984252,0 W,0.00 W/m²,0 W,0.00 W/m²,28.6 m²,By Space Type,0,By Space Type,0.0,0.0,0.0,-2000160,"CEILING: plasterboard, flush set, suspended, paint, washable",,,0,-1,2.5,11.06.2026,CLFS-006,,FLVY-007,FLVY-009,FLSK-010,WLFI-001,Patient Areas,,WBH.IP2.01.031,112619,21/07/2026,ANRM,6,,NWB-ARC-GEN-AR-RLS-PS-ANRM,,PS,By Type,"FLOOR FINISH: vinyl, seamless, coved, standard slip resistant",Refer to Typical Room,By Space Type,1XvymnzIX0TQ77N0QbayQy,59 W,Power Density,2700,Anteroom,IP2.10.190,0,Rooms,AROO,Rooms,IP2,6.142083249999437,Architecture,WBH-W-10.190,Anteroom,01,YES,SL_90_10,Room Spaces,1 - 2,0,New Construction,20.00%,Power Density,D40_Done,0,0,PS-ANRM,73 W,0.0,0 W,10.76 W/m²,0 W,13.99 W/m²,132 W,2700,LEVEL 10,0.0,AR Rooms
2026-08-01 19:58:17,11608888,NWB-ARC-WBH-AR-MOD-0036.rvt : 26 : location Internal,NWB-ARC-WBH-AR-MOD-0036,12532922,ce1aaef4-7de9-4cc0-ac0e-4064d3aa3261-00bf3cba,IP2.10.221,"Lounge, Family",LEVEL 10,New Construction,Inpatient Obstetric 2,IP2,,,,19.6 m²,20275,326.689633,281.587773,250.984252,0 W,0.00 W/m²,0 W,0.00 W/m²,28.6 m²,By Space Type,0,By Space Type,0.0,0.0,0.0,-2000160,"CEILING: acoustic, drop-in tiles, 600 x 1200",,,0,-1,-1.75,11.06.2026,CLTI-002,,FLVY-500,,FLSK-010,WLFI-001,Patient Areas,,WBH.IP2.01.063,112652,21/07/2026,LNGE-20,20,,NWB-ARC-WBH-AR-RLS-DR-LNGE-20-IP1,,DR,By Type,"FLOOR FINISH: vinyl, seamless, coved, standard slip resistant, feature",Refer to Typical Room,By Space Type,3E6gxqVUbCmAmEG6JJ5GxR,59 W,Power Density,2700,"Lounge, Family",IP2.10.221,0,Rooms,AROO,Rooms,IP2,20.877002000000427,Architecture,WBH-W-10.221,"Lounge, Family",01,YES,SL_90_10,Room Spaces,Up to 10 patients/visitors; 1-2 staff intermittently,0,New Construction,20.00%,Power Density,,0,0,DR,73 W,0.0,0 W,10.76 W/m²,0 W,13.99 W/m²,132 W,2700,LEVEL 10,0.0,AR Rooms
2026-08-01 19:58:17,11608888,NWB-ARC-WBH-AR-MOD-0036.rvt : 26 : location Internal,NWB-ARC-WBH-AR-MOD-0036,12532925,ce1aaef4-7de9-4cc0-ac0e-4064d3aa3261-00bf3cbd,IP2.10.223,Bay - Vending Machine,LEVEL 10,New Construction,Inpatient Obstetric 2,IP2,,,,3.2 m²,7790,334.071522,275.888954,250.984252,0 W,0.00 W/m²,0 W,0.00 W/m²,28.6 m²,By Space Type,0,By Space Type,0.0,0.0,0.0,-2000160,"CEILING: acoustic, drop-in tiles, 600 x 1200",,,0,-1,5.333333,11.06.2026,CLTI-002,,FLVY-007,,FLSK-010,WLFI-001,Patient Areas,,WBH.IP2.01.065,112654,21/07/2026,BVM,3,,NWB-ARC-GEN-AR-RLS-PS-BVM,,PS,By Type,"FLOOR FINISH: vinyl, seamless, coved, standard slip resistant",Refer to Typical Room,By Space Type,3E6gxqVUbCmAmEG6JJ5GxS,59 W,Power Density,2700,Bay - Vending Machine,IP2.10.223,0,Rooms,AROO,Rooms,IP2,3.0209337499993194,Architecture,WBH-W-10.223,Bay - Vending Machine,01,YES,SL_90_10,Room Spaces,1 - 2 intermittently,0,New Construction,20.00%,Power Density,,0,0,PS-BVM,73 W,0.0,0 W,10.76 W/m²,0 W,13.99 W/m²,132 W,2700,LEVEL 10,0.0,AR Rooms
2026-08-01 19:58:17,11608888,NWB-ARC-WBH-AR-MOD-0036.rvt : 26 : location Internal,NWB-ARC-WBH-AR-MOD-0036,12532928,ce1aaef4-7de9-4cc0-ac0e-4064d3aa3261-00bf3cc0,IP2.10.222,"Bay - Beverage, Patient/Visitor",LEVEL 10,New Construction,Inpatient Obstetric 2,IP2,,,,2.3 m²,6418,322.710648,278.550882,250.984252,0 W,0.00 W/m²,0 W,0.00 W/m²,28.6 m²,By Space Type,0,By Space Type,0.0,0.0,0.0,-2000160,"CEILING: acoustic, drop-in tiles, 600 x 1200",,,0,-1,13,11.06.2026,CLTI-002,,FLVY-007,,FLSK-010,WLFI-001,Patient Areas,,WBH.IP2.01.064,112653,21/07/2026,BBEV-2,2,,NWB-ARC-WBH-AR-RLS-IP1.01.089,,PS,By Type,"FLOOR FINISH: vinyl, seamless, coved, standard slip resistant",Refer to Typical Room,By Space Type,3E6gxqVUbCmAmEG6JJ5GwX,59 W,Power Density,2700,"Bay - Beverage, Patient/Visitor",IP2.10.222,0,Rooms,AROO,Rooms,IP2,2.1251999999999795,Architecture,WBH-W-10.222,"Bay - Beverage, Patient/Visitor",01,YES,SL_90_10,Room Spaces,1-2 intermittently,0,New Construction,20.00%,Power Density,,0,0,PS-BBEV-2,73 W,0.0,0 W,10.76 W/m²,0 W,13.99 W/m²,132 W,2700,LEVEL 10,0.0,AR Rooms
2026-08-01 19:58:17,11608888,NWB-ARC-WBH-AR-MOD-0036.rvt : 26 : location Internal,NWB-ARC-WBH-AR-MOD-0036,12532931,ce1aaef4-7de9-4cc0-ac0e-4064d3aa3261-00bf3cc3,IP2.10.256,"Toilet, Staff, 3m2",LEVEL 10,New Construction,Inpatient Obstetric 2,IP2,,,,3.2 m²,7416,249.433699,251.301364,250.984252,0 W,0.00 W/m²,0 W,0.00 W/m²,28.6 m²,By Space Type,0,By Space Type,0.0,0.0,0.0,-2000160,"CEILING: plasterboard, water resistant, drop-in tiles, prefinished, 600 x 1200",,,0,-1,7.333333,11.06.2026,CLTI-014,,FLVY-009,,FLSK-010,WLFI-001,Staff Areas,,WBH.IP2.03.002,112695,21/07/2026,WCST,3,,Refer to AusHFG WCST,,SC,By Type,"FLOOR FINISH: vinyl, seamless, coved, wet area, non-slip",,By Space Type,3E6gxqVUbCmAmEG6JJ5GwY,59 W,Power Density,2700,"Toilet, Staff, 3m2",IP2.10.256,0,Rooms,AROO,Rooms,IP2,2.7750000000000172,Architecture,WBH-W-10.256,"Toilet, Staff, 3m2",03,YES,SL_90_10,Room Spaces,1,0,New Construction,20.00%,Power Density,,0,0,SC,73 W,0.0,0 W,10.76 W/m²,0 W,13.99 W/m²,132 W,2700,LEVEL 10,0.0,AR Rooms
2026-08-01 19:58:17,11608888,NWB-ARC-WBH-AR-MOD-0036.rvt : 26 : location Internal,NWB-ARC-WBH-AR-MOD-0036,12532977,ce1aaef4-7de9-4cc0-ac0e-4064d3aa3261-00bf3cf1,IP2.10.186,"1 Bed Room, Obstetric - Bariatric",LEVEL 10,New Construction,Inpatient Obstetric 2,IP2,,,,18.7 m²,17540,135.711942,278.439807,250.984252,0 W,0.00 W/m²,0 W,0.00 W/m²,28.6 m²,By Space Type,0,By Space Type,0.0,0.0,0.0,-2000160,"CEILING: plasterboard, flush set, suspended, paint, washable",,,0,-1,3.777778,11.06.2026,CLFS-006,CLGE-001,FLVY-500,,FLSK-010,WLFI-001,Patient Areas,,WBH.IP2.01.026,112614,21/07/2026,1BR-OBS-B,18,,NWB-ARC-WBH-AR-RLS-IP1.01.024,,PS,By Type,"FLOOR FINISH: vinyl, seamless, coved, standard slip resistant, feature",Refer to Typical Room,By Space Type,3E6gxqVUbCmAmEG6JJ5GwG,59 W,Power Density,2700,"1 Bed Room, Obstetric - Bariatric",IP2.10.186,0,Rooms,AROO,Rooms,IP2,18.54700875000264,Architecture,WBH-W-10.186,"1 Bed Room, Obstetric - Bariatric",01,YES,SL_90_10,Room Spaces,1 patient; 1-2 staff; 1-2 visitors,0,New Construction,20.00%,Power Density,,0,0,PS-1BR-OBS-B,73 W,0.0,0 W,10.76 W/m²,0 W,13.99 W/m²,132 W,2700,LEVEL 10,0.0,AR Rooms
2026-08-01 19:58:17,11608888,NWB-ARC-WBH-AR-MOD-0036.rvt : 26 : location Internal,NWB-ARC-WBH-AR-MOD-0036,12532980,ce1aaef4-7de9-4cc0-ac0e-4064d3aa3261-00bf3cf4,IP2.10.216,"Ensuite, Bariatric",LEVEL 10,New Construction,Inpatient Obstetric 2,IP2,,,,8.3 m²,12670,135.711942,288.552996,250.984252,0 W,0.00 W/m²,0 W,0.00 W/m²,28.6 m²,By Space Type,0,By Space Type,0.0,0.0,0.0,-2000160,"CEILING: plasterboard, water resistant, drop-in tiles, prefinished, 600 x 1200",,,0,-1,19,11.06.2026,CLTI-014,,FLVY-009,,FLSK-010,WLFI-001,Patient Areas,,WBH.IP2.01.057,112645,21/07/2026,ENS-BA,7,,Refer to AusHFG ENS-BA,,SC,By Type,"FLOOR FINISH: vinyl, seamless, coved, wet area, non-slip",,By Space Type,3E6gxqVUbCmAmEG6JJ5GwL,59 W,Power Density,2700,"Ensuite, Bariatric",IP2.10.216,0,Rooms,AROO,Rooms,IP2,8.255388750003764,Architecture,WBH-W-10.216,"Ensuite, Bariatric",01,YES,SL_90_10,Room Spaces,1 patient; 1-2 staff assisting,0,New Construction,20.00%,Power Density,,0,0,SC,73 W,0.0,0 W,10.76 W/m²,0 W,13.99 W/m²,132 W,2700,LEVEL 10,0.0,AR Rooms
2026-08-01 19:58:17,11608888,NWB-ARC-WBH-AR-MOD-0036.rvt : 26 : location Internal,NWB-ARC-WBH-AR-MOD-0036,12532986,ce1aaef4-7de9-4cc0-ac0e-4064d3aa3261-00bf3cfa,IP2.10.187,"1 Bed Room, Obstetric - Bariatric",LEVEL 10,New Construction,Inpatient Obstetric 2,IP2,,,,18.7 m²,17540,135.711942,233.29545,250.984252,0 W,0.00 W/m²,0 W,0.00 W/m²,28.6 m²,By Space Type,0,By Space Type,0.0,0.0,0.0,-2000160,"CEILING: plasterboard, flush set, suspended, paint, washable",,,0,-1,3.777778,11.06.2026,CLFS-006,CLGE-001,FLVY-500,,FLSK-010,WLFI-001,Patient Areas,,WBH.IP2.01.027,112615,21/07/2026,1BR-OBS-B,18,,NWB-ARC-WBH-AR-RLS-IP1.01.024,,PS,By Type,"FLOOR FINISH: vinyl, seamless, coved, standard slip resistant, feature",Refer to Typical Room,By Space Type,3E6gxqVUbCmAmEG6JJ5GwR,59 W,Power Density,2700,"1 Bed Room, Obstetric - Bariatric",IP2.10.187,0,Rooms,AROO,Rooms,IP2,18.54700874971238,Architecture,WBH-W-10.187,"1 Bed Room, Obstetric - Bariatric",01,YES,SL_90_10,Room Spaces,1 patient; 1-2 staff; 1-2 visitors,0,New Construction,20.00%,Power Density,,0,0,PS-1BR-OBS-B,73 W,0.0,0 W,10.76 W/m²,0 W,13.99 W/m²,132 W,2700,LEVEL 10,0.0,AR Rooms
2026-08-01 19:58:17,11608888,NWB-ARC-WBH-AR-MOD-0036.rvt : 26 : location Internal,NWB-ARC-WBH-AR-MOD-0036,12532989,ce1aaef4-7de9-4cc0-ac0e-4064d3aa3261-00bf3cfd,IP2.10.217,"Ensuite, Bariatric",LEVEL 10,New Construction,Inpatient Obstetric 2,IP2,,,,8.3 m²,12670,135.711942,223.182261,250.984252,0 W,0.00 W/m²,0 W,0.00 W/m²,28.6 m²,By Space Type,0,By Space Type,0.0,0.0,0.0,-2000160,"CEILING: plasterboard, water resistant, drop-in tiles, prefinished, 600 x 1200",,,0,-1,19,11.06.2026,CLTI-014,,FLVY-009,,FLSK-010,WLFI-001,Patient Areas,,WBH.IP2.01.058,112646,21/07/2026,ENS-BA,7,,Refer to AusHFG ENS-BA,,SC,By Type,"FLOOR FINISH: vinyl, seamless, coved, wet area, non-slip",,By Space Type,3E6gxqVUbCmAmEG6JJ5GwS,59 W,Power Density,2700,"Ensuite, Bariatric",IP2.10.217,0,Rooms,AROO,Rooms,IP2,8.255388747558785,Architecture,WBH-W-10.217,"Ensuite, Bariatric",01,YES,SL_90_10,Room Spaces,1 patient; 1-2 staff assisting,0,New Construction,20.00%,Power Density,,0,0,SC,73 W,0.0,0 W,10.76 W/m²,0 W,13.99 W/m²,132 W,2700,LEVEL 10,0.0,AR Rooms
2026-08-01 19:58:17,11608888,NWB-ARC-WBH-AR-MOD-0036.rvt : 26 : location Internal,NWB-ARC-WBH-AR-MOD-0036,12536640,ce1aaef4-7de9-4cc0-ac0e-4064d3aa3261-00bf4b40,IP2.10.162,"1 Bed Room, Obstetric",LEVEL 10,New Construction,Inpatient Obstetric 2,IP2,,,,17.5 m²,17540,149.934383,283.656342,250.984252,0 W,0.00 W/m²,0 W,0.00 W/m²,28.6 m²,By Space Type,0,By Space Type,0.0,0.0,0.0,-2000160,"CEILING: plasterboard, flush set, suspended, paint, washable",,,0,-1,-2.777778,11.06.2026,CLFS-006,CLGE-001,FLVY-500,,FLSK-010,WLFI-001,Patient Areas,,WBH.IP2.01.002,112590,21/07/2026,1BR-OBS-A,18,,NWB-ARC-WBH-AR-RLS-IP1.01.085,,PS,By Type,"FLOOR FINISH: vinyl, seamless, coved, standard slip resistant, feature",Refer to Typical Room,By Space Type,3E6gxqVUbCmAmEG6JJ5NaX,59 W,Power Density,2700,"1 Bed Room, Obstetric",IP2.10.162,0,Rooms,AROO,Rooms,IP2,17.881850258782745,Architecture,WBH-W-10.162,"1 Bed Room, Obstetric",01,YES,SL_90_10,Room Spaces,1 patient; 1-2 staff; 1-2 visitors,0,New Construction,20.00%,Power Density,,0,0,PS-1BR-OBS-A,73 W,0.0,0 W,10.76 W/m²,0 W,13.99 W/m²,132 W,2700,LEVEL 10,0.0,AR Rooms
2026-08-01 19:58:17,11608888,NWB-ARC-WBH-AR-MOD-0036.rvt : 26 : location Internal,NWB-ARC-WBH-AR-MOD-0036,12536643,ce1aaef4-7de9-4cc0-ac0e-4064d3aa3261-00bf4b43,IP2.10.191,"Ensuite, Inboard",LEVEL 10,New Construction,Inpatient Obstetric 2,IP2,,,,4.9 m²,8704,146.751969,275.724101,250.984252,0 W,0.00 W/m²,0 W,0.00 W/m²,28.6 m²,By Space Type,0,By Space Type,0.0,0.0,0.0,-2000160,"CEILING: plasterboard, water resistant, drop-in tiles, prefinished, 600 x 1200",,,0,-1,-2.6,11.06.2026,CLTI-014,,FLVY-009,,FLSK-010,WLFI-011.07,Patient Areas,,WBH.IP2.01.032,112620,21/07/2026,ENS-ST-A,5,,Refer to AusHFG ENS-ST-A1,,SC,By Type,"FLOOR FINISH: vinyl, seamless, coved, wet area, non-slip",,By Space Type,3E6gxqVUbCmAmEG6JJ5NaY,59 W,Power Density,2700,"Ensuite, Inboard",IP2.10.191,0,Rooms,AROO,Rooms,IP2,5.098160372604188,Architecture,WBH-W-10.191,"Ensuite, Inboard",01,YES,SL_90_10,Room Spaces,1 patient; 1 staff assisting,0,New Construction,20.00%,Power Density,,0,0,SC,73 W,0.0,0 W,10.76 W/m²,0 W,13.99 W/m²,132 W,2700,LEVEL 10,0.0,AR Rooms
2026-08-01 19:58:17,11608888,NWB-ARC-WBH-AR-MOD-0036.rvt : 26 : location Internal,NWB-ARC-WBH-AR-MOD-0036,12536646,ce1aaef4-7de9-4cc0-ac0e-4064d3aa3261-00bf4b46,IP2.10.163,"1 Bed Room, Obstetric",LEVEL 10,New Construction,Inpatient Obstetric 2,IP2,,,,17.5 m²,17527,163.713911,283.656342,250.984252,0 W,0.00 W/m²,0 W,0.00 W/m²,28.6 m²,By Space Type,0,By Space Type,0.0,0.0,0.0,-2000160,"CEILING: plasterboard, flush set, suspended, paint, washable",,,0,-1,-2.888889,11.06.2026,CLFS-006,CLGE-001,FLVY-500,,FLSK-010,WLFI-001,Patient Areas,,WBH.IP2.01.003,112591,21/07/2026,1BR-OBS-A,18,,NWB-ARC-WBH-AR-RLS-IP1.01.085,,PS,By Type,"FLOOR FINISH: vinyl, seamless, coved, standard slip resistant, feature",Refer to Typical Room,By Space Type,3E6gxqVUbCmAmEG6JJ5Nad,59 W,Power Density,2700,"1 Bed Room, Obstetric",IP2.10.163,0,Rooms,AROO,Rooms,IP2,17.88185025879352,Architecture,WBH-W-10.163,"1 Bed Room, Obstetric",01,YES,SL_90_10,Room Spaces,1 patient; 1-2 staff; 1-2 visitors,0,New Construction,20.00%,Power Density,,0,0,PS-1BR-OBS-A,73 W,0.0,0 W,10.76 W/m²,0 W,13.99 W/m²,132 W,2700,LEVEL 10,0.0,AR Rooms
2026-08-01 19:58:17,11608888,NWB-ARC-WBH-AR-MOD-0036.rvt : 26 : location Internal,NWB-ARC-WBH-AR-MOD-0036,12536649,ce1aaef4-7de9-4cc0-ac0e-4064d3aa3261-00bf4b49,IP2.10.164,"1 Bed Room, Obstetric",LEVEL 10,New Construction,Inpatient Obstetric 2,IP2,,,,17.5 m²,17538,177.493438,283.656342,250.984252,0 W,0.00 W/m²,0 W,0.00 W/m²,28.6 m²,By Space Type,0,By Space Type,0.0,0.0,0.0,-2000160,"CEILING: plasterboard, flush set, suspended, paint, washable",,,0,-1,-2.777778,11.06.2026,CLFS-006,CLGE-001,FLVY-500,,FLSK-010,WLFI-001,Patient Areas,,WBH.IP2.01.004,112592,21/07/2026,1BR-OBS-A,18,,NWB-ARC-WBH-AR-RLS-IP1.01.085,,PS,By Type,"FLOOR FINISH: vinyl, seamless, coved, standard slip resistant, feature",Refer to Typical Room,By Space Type,3E6gxqVUbCmAmEG6JJ5Nae,59 W,Power Density,2700,"1 Bed Room, Obstetric",IP2.10.164,0,Rooms,AROO,Rooms,IP2,17.88185025878039,Architecture,WBH-W-10.164,"1 Bed Room, Obstetric",01,YES,SL_90_10,Room Spaces,1 patient; 1-2 staff; 1-2 visitors,0,New Construction,20.00%,Power Density,,0,0,PS-1BR-OBS-A,73 W,0.0,0 W,10.76 W/m²,0 W,13.99 W/m²,132 W,2700,LEVEL 10,0.0,AR Rooms
2026-08-01 19:58:17,11608888,NWB-ARC-WBH-AR-MOD-0036.rvt : 26 : location Internal,NWB-ARC-WBH-AR-MOD-0036,12536652,ce1aaef4-7de9-4cc0-ac0e-4064d3aa3261-00bf4b4c,IP2.10.165,"1 Bed Room, Obstetric",LEVEL 10,New Construction,Inpatient Obstetric 2,IP2,,,,17.5 m²,17527,191.272966,283.656342,250.984252,0 W,0.00 W/m²,0 W,0.00 W/m²,28.6 m²,By Space Type,0,By Space Type,0.0,0.0,0.0,-2000160,"CEILING: plasterboard, flush set, suspended, paint, washable",,,0,-1,-2.888889,11.06.2026,CLFS-006,CLGE-001,FLVY-500,,FLSK-010,WLFI-001,Patient Areas,,WBH.IP2.01.005,112593,21/07/2026,1BR-OBS-A,18,,NWB-ARC-WBH-AR-RLS-IP1.01.085,,PS,By Type,"FLOOR FINISH: vinyl, seamless, coved, standard slip resistant, feature",Refer to Typical Room,By Space Type,3E6gxqVUbCmAmEG6JJ5Naj,59 W,Power Density,2700,"1 Bed Room, Obstetric",IP2.10.165,0,Rooms,AROO,Rooms,IP2,17.881850258794657,Architecture,WBH-W-10.165,"1 Bed Room, Obstetric",01,YES,SL_90_10,Room Spaces,1 patient; 1-2 staff; 1-2 visitors,0,New Construction,20.00%,Power Density,,0,0,PS-1BR-OBS-A,73 W,0.0,0 W,10.76 W/m²,0 W,13.99 W/m²,132 W,2700,LEVEL 10,0.0,AR Rooms
2026-08-01 19:58:17,11608888,NWB-ARC-WBH-AR-MOD-0036.rvt : 26 : location Internal,NWB-ARC-WBH-AR-MOD-0036,12536655,ce1aaef4-7de9-4cc0-ac0e-4064d3aa3261-00bf4b4f,IP2.10.189,"1 Bed Room, Obstetric - Class N",LEVEL 10,New Construction,Inpatient Obstetric 2,IP2,,,,17.5 m²,17643,205.052493,283.863035,250.984252,0 W,0.00 W/m²,0 W,0.00 W/m²,28.6 m²,By Space Type,0,By Space Type,0.0,0.0,0.0,-2000160,"CEILING: plasterboard, flush set, suspended, paint, washable",,,0,-1,-2.611111,11.06.2026,CLFS-006,CLGE-001,FLVY-500,,FLSK-010,WLFI-001,Patient Areas,,WBH.IP2.01.030,112618,21/07/2026,1BR-OBS-N,18,,NWB-ARC-WBH-AR-RLS-IP1.01.026,,PS,By Type,"FLOOR FINISH: vinyl, seamless, coved, standard slip resistant, feature",Refer to Typical Room,By Space Type,3E6gxqVUbCmAmEG6JJ5Nak,59 W,Power Density,2700,"1 Bed Room, Obstetric - Class N",IP2.10.189,0,Rooms,AROO,Rooms,IP2,17.95825525877835,Architecture,WBH-W-10.189,"1 Bed Room, Obstetric - Class N",01,YES,SL_90_10,Room Spaces,1 patient; 1-2 staff; 1-2 visitors,0,New Construction,20.00%,Power Density,,0,0,PS-1BR-OBS-N,73 W,0.0,0 W,10.76 W/m²,0 W,13.99 W/m²,132 W,2700,LEVEL 10,0.0,AR Rooms
2026-08-01 19:58:17,11608888,NWB-ARC-WBH-AR-MOD-0036.rvt : 26 : location Internal,NWB-ARC-WBH-AR-MOD-0036,12536658,ce1aaef4-7de9-4cc0-ac0e-4064d3aa3261-00bf4b52,IP2.10.195,"Ensuite, Inboard",LEVEL 10,New Construction,Inpatient Obstetric 2,IP2,,,,4.9 m²,8722,201.870079,275.710977,250.984252,0 W,0.00 W/m²,0 W,0.00 W/m²,28.6 m²,By Space Type,0,By Space Type,0.0,0.0,0.0,-2000160,"CEILING: plasterboard, water resistant, drop-in tiles, prefinished, 600 x 1200",,,0,-1,-2.2,11.06.2026,CLTI-014,,FLVY-009,,FLSK-010,WLFI-011.07,Patient Areas,,WBH.IP2.01.036,112624,21/07/2026,ENS-ST-A,5,,Refer to AusHFG ENS-ST-A1,,SC,By Type,"FLOOR FINISH: vinyl, seamless, coved, wet area, non-slip",,By Space Type,3E6gxqVUbCmAmEG6JJ5Nap,59 W,Power Density,2700,"Ensuite, Inboard",IP2.10.195,0,Rooms,AROO,Rooms,IP2,5.098160372603819,Architecture,WBH-W-10.195,"Ensuite, Inboard",01,YES,SL_90_10,Room Spaces,1 patient; 1 staff assisting,0,New Construction,20.00%,Power Density,,0,0,SC,73 W,0.0,0 W,10.76 W/m²,0 W,13.99 W/m²,132 W,2700,LEVEL 10,0.0,AR Rooms
2026-08-01 19:58:17,11608888,NWB-ARC-WBH-AR-MOD-0036.rvt : 26 : location Internal,NWB-ARC-WBH-AR-MOD-0036,12536661,ce1aaef4-7de9-4cc0-ac0e-4064d3aa3261-00bf4b55,IP2.10.194,"Ensuite, Inboard",LEVEL 10,New Construction,Inpatient Obstetric 2,IP2,,,,4.9 m²,8724,194.455381,275.724101,250.984252,0 W,0.00 W/m²,0 W,0.00 W/m²,28.6 m²,By Space Type,0,By Space Type,0.0,0.0,0.0,-2000160,"CEILING: plasterboard, water resistant, drop-in tiles, prefinished, 600 x 1200",,,0,-1,-2.2,11.06.2026,CLTI-014,,FLVY-009,,FLSK-010,WLFI-011.07,Patient Areas,,WBH.IP2.01.035,112623,21/07/2026,ENS-ST-A,5,,Refer to AusHFG ENS-ST-A1,,SC,By Type,"FLOOR FINISH: vinyl, seamless, coved, wet area, non-slip",,By Space Type,3E6gxqVUbCmAmEG6JJ5Naq,59 W,Power Density,2700,"Ensuite, Inboard",IP2.10.194,0,Rooms,AROO,Rooms,IP2,5.098160372603808,Architecture,WBH-W-10.194,"Ensuite, Inboard",01,YES,SL_90_10,Room Spaces,1 patient; 1 staff assisting,0,New Construction,20.00%,Power Density,,0,0,SC,73 W,0.0,0 W,10.76 W/m²,0 W,13.99 W/m²,132 W,2700,LEVEL 10,0.0,AR Rooms
2026-08-01 19:58:17,11608888,NWB-ARC-WBH-AR-MOD-0036.rvt : 26 : location Internal,NWB-ARC-WBH-AR-MOD-0036,12536664,ce1aaef4-7de9-4cc0-ac0e-4064d3aa3261-00bf4b58,IP2.10.193,"Ensuite, Inboard",LEVEL 10,New Construction,Inpatient Obstetric 2,IP2,,,,5.2 m²,8945,174.311024,275.710977,250.984252,0 W,0.00 W/m²,0 W,0.00 W/m²,28.6 m²,By Space Type,0,By Space Type,0.0,0.0,0.0,-2000160,"CEILING: plasterboard, water resistant, drop-in tiles, prefinished, 600 x 1200",,,0,-1,3.4,11.06.2026,CLTI-014,,FLVY-009,,FLSK-010,WLFI-011.07,Patient Areas,,WBH.IP2.01.034,112622,21/07/2026,ENS-ST-A,5,,Refer to AusHFG ENS-ST-A1,,SC,By Type,"FLOOR FINISH: vinyl, seamless, coved, wet area, non-slip",,By Space Type,3E6gxqVUbCmAmEG6JJ5Nav,59 W,Power Density,2700,"Ensuite, Inboard",IP2.10.193,0,Rooms,AROO,Rooms,IP2,5.098160372603787,Architecture,WBH-W-10.193,"Ensuite, Inboard",01,YES,SL_90_10,Room Spaces,1 patient; 1 staff assisting,0,New Construction,20.00%,Power Density,,0,0,SC,73 W,0.0,0 W,10.76 W/m²,0 W,13.99 W/m²,132 W,2700,LEVEL 10,0.0,AR Rooms
2026-08-01 19:58:17,11608888,NWB-ARC-WBH-AR-MOD-0036.rvt : 26 : location Internal,NWB-ARC-WBH-AR-MOD-0036,12536667,ce1aaef4-7de9-4cc0-ac0e-4064d3aa3261-00bf4b5b,IP2.10.192,"Ensuite, Inboard",LEVEL 10,New Construction,Inpatient Obstetric 2,IP2,,,,5.2 m²,8947,166.896325,275.724101,250.984252,0 W,0.00 W/m²,0 W,0.00 W/m²,28.6 m²,By Space Type,0,By Space Type,0.0,0.0,0.0,-2000160,"CEILING: plasterboard, water resistant, drop-in tiles, prefinished, 600 x 1200",,,0,-1,3.4,11.06.2026,CLTI-014,,FLVY-009,,FLSK-010,WLFI-011.07,Patient Areas,,WBH.IP2.01.033,112621,21/07/2026,ENS-ST-A,5,,Refer to AusHFG ENS-ST-A1,,SC,By Type,"FLOOR FINISH: vinyl, seamless, coved, wet area, non-slip",,By Space Type,3E6gxqVUbCmAmEG6JJ5Naw,59 W,Power Density,2700,"Ensuite, Inboard",IP2.10.192,0,Rooms,AROO,Rooms,IP2,5.098160372604167,Architecture,WBH-W-10.192,"Ensuite, Inboard",01,YES,SL_90_10,Room Spaces,1 patient; 1 staff assisting,0,New Construction,20.00%,Power Density,,0,0,SC,73 W,0.0,0 W,10.76 W/m²,0 W,13.99 W/m²,132 W,2700,LEVEL 10,0.0,AR Rooms
2026-08-01 19:58:17,11608888,NWB-ARC-WBH-AR-MOD-0036.rvt : 26 : location Internal,NWB-ARC-WBH-AR-MOD-0036,12536679,ce1aaef4-7de9-4cc0-ac0e-4064d3aa3261-00bf4b67,IP2.10.184,"1 Bed Room, Obstetric",LEVEL 10,New Construction,Inpatient Obstetric 2,IP2,,,,18.9 m²,19128,370.74558,283.082195,250.984252,0 W,0.00 W/m²,0 W,0.00 W/m²,28.6 m²,By Space Type,0,By Space Type,0.0,0.0,0.0,-2000160,"CEILING: plasterboard, flush set, suspended, paint, washable",,,0,-1,5.111111,11.06.2026,CLFS-006,CLGE-001,FLVY-500,,FLSK-010,WLFI-001,Patient Areas,,WBH.IP2.01.024,112612,21/07/2026,1BR-OBS-A,18,,NWB-ARC-WBH-AR-RLS-IP1.01.085,,PS,By Type,"FLOOR FINISH: vinyl, seamless, coved, standard slip resistant, feature",Refer to Typical Room,By Space Type,3E6gxqVUbCmAmEG6JJ5Na6,59 W,Power Density,2700,"1 Bed Room, Obstetric",IP2.10.184,0,Rooms,AROO,Rooms,IP2,18.78905025878193,Architecture,WBH-W-10.184,"1 Bed Room, Obstetric",01,YES,SL_90_10,Room Spaces,1 patient; 1-2 staff; 1-2 visitors,0,New Construction,20.00%,Power Density,,0,0,PS-1BR-OBS-A,73 W,0.0,0 W,10.76 W/m²,0 W,13.99 W/m²,132 W,2700,LEVEL 10,0.0,AR Rooms
2026-08-01 19:58:17,11608888,NWB-ARC-WBH-AR-MOD-0036.rvt : 26 : location Internal,NWB-ARC-WBH-AR-MOD-0036,12536682,ce1aaef4-7de9-4cc0-ac0e-4064d3aa3261-00bf4b6a,IP2.10.214,"Ensuite, Inboard",LEVEL 10,New Construction,Inpatient Obstetric 2,IP2,,,,5.0 m²,8804,366.5961,275.212043,250.984252,0 W,0.00 W/m²,0 W,0.00 W/m²,28.6 m²,By Space Type,0,By Space Type,0.0,0.0,0.0,-2000160,"CEILING: plasterboard, water resistant, drop-in tiles, prefinished, 600 x 1200",,,0,-1,3.4,11.06.2026,CLTI-014,,FLVY-009,,FLSK-010,WLFI-011.07,Patient Areas,,WBH.IP2.01.055,112643,21/07/2026,ENS-ST-A,5,,Refer to AusHFG ENS-ST-A1,,SC,By Type,"FLOOR FINISH: vinyl, seamless, coved, wet area, non-slip",,By Space Type,3E6gxqVUbCmAmEG6JJ5NaB,59 W,Power Density,2700,"Ensuite, Inboard",IP2.10.214,0,Rooms,AROO,Rooms,IP2,5.098160372604875,Architecture,WBH-W-10.214,"Ensuite, Inboard",01,YES,SL_90_10,Room Spaces,1 patient; 1 staff assisting,0,New Construction,20.00%,Power Density,,0,0,SC,73 W,0.0,0 W,10.76 W/m²,0 W,13.99 W/m²,132 W,2700,LEVEL 10,0.0,AR Rooms
2026-08-01 19:58:17,11608888,NWB-ARC-WBH-AR-MOD-0036.rvt : 26 : location Internal,NWB-ARC-WBH-AR-MOD-0036,12536685,ce1aaef4-7de9-4cc0-ac0e-4064d3aa3261-00bf4b6d,IP2.10.183,"1 Bed Room, Obstetric",LEVEL 10,New Construction,Inpatient Obstetric 2,IP2,,,,17.5 m²,17540,149.934383,228.078915,250.984252,0 W,0.00 W/m²,0 W,0.00 W/m²,28.6 m²,By Space Type,0,By Space Type,0.0,0.0,0.0,-2000160,"CEILING: plasterboard, flush set, suspended, paint, washable",,,0,-1,-2.777778,11.06.2026,CLFS-006,CLGE-001,FLVY-500,,FLSK-010,WLFI-001,Patient Areas,,WBH.IP2.01.023,112611,21/07/2026,1BR-OBS-A,18,,NWB-ARC-WBH-AR-RLS-IP1.01.085,,PS,By Type,"FLOOR FINISH: vinyl, seamless, coved, standard slip resistant, feature",Refer to Typical Room,By Space Type,3E6gxqVUbCmAmEG6JJ5NaC,59 W,Power Density,2700,"1 Bed Room, Obstetric",IP2.10.183,0,Rooms,AROO,Rooms,IP2,17.88185025622423,Architecture,WBH-W-10.183,"1 Bed Room, Obstetric",01,YES,SL_90_10,Room Spaces,1 patient; 1-2 staff; 1-2 visitors,0,New Construction,20.00%,Power Density,,0,0,PS-1BR-OBS-A,73 W,0.0,0 W,10.76 W/m²,0 W,13.99 W/m²,132 W,2700,LEVEL 10,0.0,AR Rooms
2026-08-01 19:58:17,11608888,NWB-ARC-WBH-AR-MOD-0036.rvt : 26 : location Internal,NWB-ARC-WBH-AR-MOD-0036,12536688,ce1aaef4-7de9-4cc0-ac0e-4064d3aa3261-00bf4b70,IP2.10.182,"1 Bed Room, Obstetric",LEVEL 10,New Construction,Inpatient Obstetric 2,IP2,,,,17.5 m²,17529,163.713911,228.078915,250.984252,0 W,0.00 W/m²,0 W,0.00 W/m²,28.6 m²,By Space Type,0,By Space Type,0.0,0.0,0.0,-2000160,"CEILING: plasterboard, flush set, suspended, paint, washable",,,0,-1,-2.888889,11.06.2026,CLFS-006,CLGE-001,FLVY-500,,FLSK-010,WLFI-001,Patient Areas,,WBH.IP2.01.022,112610,21/07/2026,1BR-OBS-A,18,,NWB-ARC-WBH-AR-RLS-IP1.01.085,,PS,By Type,"FLOOR FINISH: vinyl, seamless, coved, standard slip resistant, feature",Refer to Typical Room,By Space Type,3E6gxqVUbCmAmEG6JJ5NaH,59 W,Power Density,2700,"1 Bed Room, Obstetric",IP2.10.182,0,Rooms,AROO,Rooms,IP2,17.881850256225867,Architecture,WBH-W-10.182,"1 Bed Room, Obstetric",01,YES,SL_90_10,Room Spaces,1 patient; 1-2 staff; 1-2 visitors,0,New Construction,20.00%,Power Density,,0,0,PS-1BR-OBS-A,73 W,0.0,0 W,10.76 W/m²,0 W,13.99 W/m²,132 W,2700,LEVEL 10,0.0,AR Rooms
2026-08-01 19:58:17,11608888,NWB-ARC-WBH-AR-MOD-0036.rvt : 26 : location Internal,NWB-ARC-WBH-AR-MOD-0036,12536691,ce1aaef4-7de9-4cc0-ac0e-4064d3aa3261-00bf4b73,IP2.10.181,"1 Bed Room, Obstetric",LEVEL 10,New Construction,Inpatient Obstetric 2,IP2,,,,17.5 m²,17540,177.493438,228.078915,250.984252,0 W,0.00 W/m²,0 W,0.00 W/m²,28.6 m²,By Space Type,0,By Space Type,0.0,0.0,0.0,-2000160,"CEILING: plasterboard, flush set, suspended, paint, washable",,,0,-1,-2.777778,11.06.2026,CLFS-006,CLGE-001,FLVY-500,,FLSK-010,WLFI-001,Patient Areas,,WBH.IP2.01.021,112609,21/07/2026,1BR-OBS-A,18,,NWB-ARC-WBH-AR-RLS-IP1.01.085,,PS,By Type,"FLOOR FINISH: vinyl, seamless, coved, standard slip resistant, feature",Refer to Typical Room,By Space Type,3E6gxqVUbCmAmEG6JJ5NaI,59 W,Power Density,2700,"1 Bed Room, Obstetric",IP2.10.181,0,Rooms,AROO,Rooms,IP2,17.881850256226336,Architecture,WBH-W-10.181,"1 Bed Room, Obstetric",01,YES,SL_90_10,Room Spaces,1 patient; 1-2 staff; 1-2 visitors,0,New Construction,20.00%,Power Density,,0,0,PS-1BR-OBS-A,73 W,0.0,0 W,10.76 W/m²,0 W,13.99 W/m²,132 W,2700,LEVEL 10,0.0,AR Rooms
2026-08-01 19:58:17,11608888,NWB-ARC-WBH-AR-MOD-0036.rvt : 26 : location Internal,NWB-ARC-WBH-AR-MOD-0036,12536694,ce1aaef4-7de9-4cc0-ac0e-4064d3aa3261-00bf4b76,IP2.10.180,"1 Bed Room, Obstetric",LEVEL 10,New Construction,Inpatient Obstetric 2,IP2,,,,17.5 m²,17529,191.272966,228.078915,250.984252,0 W,0.00 W/m²,0 W,0.00 W/m²,28.6 m²,By Space Type,0,By Space Type,0.0,0.0,0.0,-2000160,"CEILING: plasterboard, flush set, suspended, paint, washable",,,0,-1,-2.888889,11.06.2026,CLFS-006,CLGE-001,FLVY-500,,FLSK-010,WLFI-001,Patient Areas,,WBH.IP2.01.020,112608,21/07/2026,1BR-OBS-A,18,,NWB-ARC-WBH-AR-RLS-IP1.01.085,,PS,By Type,"FLOOR FINISH: vinyl, seamless, coved, standard slip resistant, feature",Refer to Typical Room,By Space Type,3E6gxqVUbCmAmEG6JJ5NaN,59 W,Power Density,2700,"1 Bed Room, Obstetric",IP2.10.180,0,Rooms,AROO,Rooms,IP2,17.881850256224563,Architecture,WBH-W-10.180,"1 Bed Room, Obstetric",01,YES,SL_90_10,Room Spaces,1 patient; 1-2 staff; 1-2 visitors,0,New Construction,20.00%,Power Density,,0,0,PS-1BR-OBS-A,73 W,0.0,0 W,10.76 W/m²,0 W,13.99 W/m²,132 W,2700,LEVEL 10,0.0,AR Rooms
2026-08-01 19:58:17,11608888,NWB-ARC-WBH-AR-MOD-0036.rvt : 26 : location Internal,NWB-ARC-WBH-AR-MOD-0036,12536697,ce1aaef4-7de9-4cc0-ac0e-4064d3aa3261-00bf4b79,IP2.10.179,"1 Bed Room, Obstetric",LEVEL 10,New Construction,Inpatient Obstetric 2,IP2,,,,17.5 m²,17540,205.052493,228.078915,250.984252,0 W,0.00 W/m²,0 W,0.00 W/m²,28.6 m²,By Space Type,0,By Space Type,0.0,0.0,0.0,-2000160,"CEILING: plasterboard, flush set, suspended, paint, washable",,,0,-1,-2.777778,11.06.2026,CLFS-006,CLGE-001,FLVY-500,,FLSK-010,WLFI-001,Patient Areas,,WBH.IP2.01.019,112607,21/07/2026,1BR-OBS-A,18,,NWB-ARC-WBH-AR-RLS-IP1.01.085,,PS,By Type,"FLOOR FINISH: vinyl, seamless, coved, standard slip resistant, feature",Refer to Typical Room,By Space Type,3E6gxqVUbCmAmEG6JJ5NaO,59 W,Power Density,2700,"1 Bed Room, Obstetric",IP2.10.179,0,Rooms,AROO,Rooms,IP2,17.881850256224634,Architecture,WBH-W-10.179,"1 Bed Room, Obstetric",01,YES,SL_90_10,Room Spaces,1 patient; 1-2 staff; 1-2 visitors,0,New Construction,20.00%,Power Density,,0,0,PS-1BR-OBS-A,73 W,0.0,0 W,10.76 W/m²,0 W,13.99 W/m²,132 W,2700,LEVEL 10,0.0,AR Rooms
2026-08-01 19:58:17,11608888,NWB-ARC-WBH-AR-MOD-0036.rvt : 26 : location Internal,NWB-ARC-WBH-AR-MOD-0036,12536700,ce1aaef4-7de9-4cc0-ac0e-4064d3aa3261-00bf4b7c,IP2.10.178,"1 Bed Room, Obstetric",LEVEL 10,New Construction,Inpatient Obstetric 2,IP2,,,,17.5 m²,17529,218.832021,228.078915,250.984252,0 W,0.00 W/m²,0 W,0.00 W/m²,28.6 m²,By Space Type,0,By Space Type,0.0,0.0,0.0,-2000160,"CEILING: plasterboard, flush set, suspended, paint, washable",,,0,-1,-2.888889,11.06.2026,CLFS-006,CLGE-001,FLVY-500,,FLSK-010,WLFI-001,Patient Areas,,WBH.IP2.01.018,112606,21/07/2026,1BR-OBS-A,18,,NWB-ARC-WBH-AR-RLS-IP1.01.085,,PS,By Type,"FLOOR FINISH: vinyl, seamless, coved, standard slip resistant, feature",Refer to Typical Room,By Space Type,3E6gxqVUbCmAmEG6JJ5NaT,59 W,Power Density,2700,"1 Bed Room, Obstetric",IP2.10.178,0,Rooms,AROO,Rooms,IP2,17.881850256224634,Architecture,WBH-W-10.178,"1 Bed Room, Obstetric",01,YES,SL_90_10,Room Spaces,1 patient; 1-2 staff; 1-2 visitors,0,New Construction,20.00%,Power Density,,0,0,PS-1BR-OBS-A,73 W,0.0,0 W,10.76 W/m²,0 W,13.99 W/m²,132 W,2700,LEVEL 10,0.0,AR Rooms
2026-08-01 19:58:17,11608888,NWB-ARC-WBH-AR-MOD-0036.rvt : 26 : location Internal,NWB-ARC-WBH-AR-MOD-0036,12536703,ce1aaef4-7de9-4cc0-ac0e-4064d3aa3261-00bf4b7f,IP2.10.177,"1 Bed Room, Obstetric",LEVEL 10,New Construction,Inpatient Obstetric 2,IP2,,,,17.5 m²,17540,232.611549,228.078915,250.984252,0 W,0.00 W/m²,0 W,0.00 W/m²,28.6 m²,By Space Type,0,By Space Type,0.0,0.0,0.0,-2000160,"CEILING: plasterboard, flush set, suspended, paint, washable",,,0,-1,-2.777778,11.06.2026,CLFS-006,CLGE-001,FLVY-500,,FLSK-010,WLFI-001,Patient Areas,,WBH.IP2.01.017,112605,21/07/2026,1BR-OBS-A,18,,NWB-ARC-WBH-AR-RLS-IP1.01.085,,PS,By Type,"FLOOR FINISH: vinyl, seamless, coved, standard slip resistant, feature",Refer to Typical Room,By Space Type,3E6gxqVUbCmAmEG6JJ5NaU,59 W,Power Density,2700,"1 Bed Room, Obstetric",IP2.10.177,0,Rooms,AROO,Rooms,IP2,17.881850256226336,Architecture,WBH-W-10.177,"1 Bed Room, Obstetric",01,YES,SL_90_10,Room Spaces,1 patient; 1-2 staff; 1-2 visitors,0,New Construction,20.00%,Power Density,,0,0,PS-1BR-OBS-A,73 W,0.0,0 W,10.76 W/m²,0 W,13.99 W/m²,132 W,2700,LEVEL 10,0.0,AR Rooms
2026-08-01 19:58:17,11608888,NWB-ARC-WBH-AR-MOD-0036.rvt : 26 : location Internal,NWB-ARC-WBH-AR-MOD-0036,12536706,ce1aaef4-7de9-4cc0-ac0e-4064d3aa3261-00bf4b82,IP2.10.176,"1 Bed Room, Obstetric",LEVEL 10,New Construction,Inpatient Obstetric 2,IP2,,,,17.5 m²,17529,246.391076,228.078915,250.984252,0 W,0.00 W/m²,0 W,0.00 W/m²,28.6 m²,By Space Type,0,By Space Type,0.0,0.0,0.0,-2000160,"CEILING: plasterboard, flush set, suspended, paint, washable",,,0,-1,-2.888889,11.06.2026,CLFS-006,CLGE-001,FLVY-500,,FLSK-010,WLFI-001,Patient Areas,,WBH.IP2.01.016,112604,21/07/2026,1BR-OBS-A,18,,NWB-ARC-WBH-AR-RLS-IP1.01.085,,PS,By Type,"FLOOR FINISH: vinyl, seamless, coved, standard slip resistant, feature",Refer to Typical Room,By Space Type,3E6gxqVUbCmAmEG6JJ5NdZ,59 W,Power Density,2700,"1 Bed Room, Obstetric",IP2.10.176,0,Rooms,AROO,Rooms,IP2,17.881850256225015,Architecture,WBH-W-10.176,"1 Bed Room, Obstetric",01,YES,SL_90_10,Room Spaces,1 patient; 1-2 staff; 1-2 visitors,0,New Construction,20.00%,Power Density,,0,0,PS-1BR-OBS-A,73 W,0.0,0 W,10.76 W/m²,0 W,13.99 W/m²,132 W,2700,LEVEL 10,0.0,AR Rooms
2026-08-01 19:58:17,11608888,NWB-ARC-WBH-AR-MOD-0036.rvt : 26 : location Internal,NWB-ARC-WBH-AR-MOD-0036,12536709,ce1aaef4-7de9-4cc0-ac0e-4064d3aa3261-00bf4b85,IP2.10.175,"1 Bed Room, Obstetric",LEVEL 10,New Construction,Inpatient Obstetric 2,IP2,,,,17.5 m²,17540,260.170604,228.078915,250.984252,0 W,0.00 W/m²,0 W,0.00 W/m²,28.6 m²,By Space Type,0,By Space Type,0.0,0.0,0.0,-2000160,"CEILING: plasterboard, flush set, suspended, paint, washable",,,0,-1,-2.777778,11.06.2026,CLFS-006,CLGE-001,FLVY-500,,FLSK-010,WLFI-001,Patient Areas,,WBH.IP2.01.015,112603,21/07/2026,1BR-OBS-A,18,,NWB-ARC-WBH-AR-RLS-IP1.01.085,,PS,By Type,"FLOOR FINISH: vinyl, seamless, coved, standard slip resistant, feature",Refer to Typical Room,By Space Type,3E6gxqVUbCmAmEG6JJ5Nda,59 W,Power Density,2700,"1 Bed Room, Obstetric",IP2.10.175,0,Rooms,AROO,Rooms,IP2,17.88185025622603,Architecture,WBH-W-10.175,"1 Bed Room, Obstetric",01,YES,SL_90_10,Room Spaces,1 patient; 1-2 staff; 1-2 visitors,0,New Construction,20.00%,Power Density,,0,0,PS-1BR-OBS-A,73 W,0.0,0 W,10.76 W/m²,0 W,13.99 W/m²,132 W,2700,LEVEL 10,0.0,AR Rooms
2026-08-01 19:58:17,11608888,NWB-ARC-WBH-AR-MOD-0036.rvt : 26 : location Internal,NWB-ARC-WBH-AR-MOD-0036,12536712,ce1aaef4-7de9-4cc0-ac0e-4064d3aa3261-00bf4b88,IP2.10.174,"1 Bed Room, Obstetric",LEVEL 10,New Construction,Inpatient Obstetric 2,IP2,,,,17.5 m²,17529,273.971457,228.078915,250.984252,0 W,0.00 W/m²,0 W,0.00 W/m²,28.6 m²,By Space Type,0,By Space Type,0.0,0.0,0.0,-2000160,"CEILING: plasterboard, flush set, suspended, paint, washable",,,0,-1,-2.888889,11.06.2026,CLFS-006,CLGE-001,FLVY-500,,FLSK-010,WLFI-001,Patient Areas,,WBH.IP2.01.014,112602,21/07/2026,1BR-OBS-A,18,,NWB-ARC-WBH-AR-RLS-IP1.01.085,,PS,By Type,"FLOOR FINISH: vinyl, seamless, coved, standard slip resistant, feature",Refer to Typical Room,By Space Type,3E6gxqVUbCmAmEG6JJ5Ndf,59 W,Power Density,2700,"1 Bed Room, Obstetric",IP2.10.174,0,Rooms,AROO,Rooms,IP2,17.88185025622588,Architecture,WBH-W-10.174,"1 Bed Room, Obstetric",01,YES,SL_90_10,Room Spaces,1 patient; 1-2 staff; 1-2 visitors,0,New Construction,20.00%,Power Density,,0,0,PS-1BR-OBS-A,73 W,0.0,0 W,10.76 W/m²,0 W,13.99 W/m²,132 W,2700,LEVEL 10,0.0,AR Rooms
2026-08-01 19:58:17,11608888,NWB-ARC-WBH-AR-MOD-0036.rvt : 26 : location Internal,NWB-ARC-WBH-AR-MOD-0036,12536715,ce1aaef4-7de9-4cc0-ac0e-4064d3aa3261-00bf4b8b,IP2.10.173,"1 Bed Room, Obstetric",LEVEL 10,New Construction,Inpatient Obstetric 2,IP2,,,,17.4 m²,17581,287.793635,228.078915,250.984252,0 W,0.00 W/m²,0 W,0.00 W/m²,28.6 m²,By Space Type,0,By Space Type,0.0,0.0,0.0,-2000160,"CEILING: plasterboard, flush set, suspended, paint, washable",,,0,-1,-3.166667,11.06.2026,CLFS-006,CLGE-001,FLVY-500,,FLSK-010,WLFI-001,Patient Areas,,WBH.IP2.01.013,112601,21/07/2026,1BR-OBS-A,18,,NWB-ARC-WBH-AR-RLS-IP1.01.085,,PS,By Type,"FLOOR FINISH: vinyl, seamless, coved, standard slip resistant, feature",Refer to Typical Room,By Space Type,3E6gxqVUbCmAmEG6JJ5Ndg,59 W,Power Density,2700,"1 Bed Room, Obstetric",IP2.10.173,0,Rooms,AROO,Rooms,IP2,18.00221525622372,Architecture,WBH-W-10.173,"1 Bed Room, Obstetric",01,YES,SL_90_10,Room Spaces,1 patient; 1-2 staff; 1-2 visitors,0,New Construction,20.00%,Power Density,,0,0,PS-1BR-OBS-A,73 W,0.0,0 W,10.76 W/m²,0 W,13.99 W/m²,132 W,2700,LEVEL 10,0.0,AR Rooms
2026-08-01 19:58:17,11608888,NWB-ARC-WBH-AR-MOD-0036.rvt : 26 : location Internal,NWB-ARC-WBH-AR-MOD-0036,12536718,ce1aaef4-7de9-4cc0-ac0e-4064d3aa3261-00bf4b8e,IP2.10.172,"1 Bed Room, Obstetric",LEVEL 10,New Construction,Inpatient Obstetric 2,IP2,,,,17.5 m²,17540,315.282152,228.078915,250.984252,0 W,0.00 W/m²,0 W,0.00 W/m²,28.6 m²,By Space Type,0,By Space Type,0.0,0.0,0.0,-2000160,"CEILING: plasterboard, flush set, suspended, paint, washable",,,0,-1,-2.777778,11.06.2026,CLFS-006,CLGE-001,FLVY-500,,FLSK-010,WLFI-001,Patient Areas,,WBH.IP2.01.012,112600,21/07/2026,1BR-OBS-A,18,,NWB-ARC-WBH-AR-RLS-IP1.01.085,,PS,By Type,"FLOOR FINISH: vinyl, seamless, coved, standard slip resistant, feature",Refer to Typical Room,By Space Type,3E6gxqVUbCmAmEG6JJ5Ndl,59 W,Power Density,2700,"1 Bed Room, Obstetric",IP2.10.172,0,Rooms,AROO,Rooms,IP2,17.729213756223956,Architecture,WBH-W-10.172,"1 Bed Room, Obstetric",01,YES,SL_90_10,Room Spaces,1 patient; 1-2 staff; 1-2 visitors,0,New Construction,20.00%,Power Density,,0,0,PS-1BR-OBS-A,73 W,0.0,0 W,10.76 W/m²,0 W,13.99 W/m²,132 W,2700,LEVEL 10,0.0,AR Rooms
2026-08-01 19:58:17,11608888,NWB-ARC-WBH-AR-MOD-0036.rvt : 26 : location Internal,NWB-ARC-WBH-AR-MOD-0036,12536721,ce1aaef4-7de9-4cc0-ac0e-4064d3aa3261-00bf4b91,IP2.10.171,"1 Bed Room, Obstetric",LEVEL 10,New Construction,Inpatient Obstetric 2,IP2,,,,17.5 m²,17529,329.068241,228.078915,250.984252,0 W,0.00 W/m²,0 W,0.00 W/m²,28.6 m²,By Space Type,0,By Space Type,0.0,0.0,0.0,-2000160,"CEILING: plasterboard, flush set, suspended, paint, washable",,,0,-1,-2.888889,11.06.2026,CLFS-006,CLGE-001,FLVY-500,,FLSK-010,WLFI-001,Patient Areas,,WBH.IP2.01.011,112599,21/07/2026,1BR-OBS-A,18,,NWB-ARC-WBH-AR-RLS-IP1.01.085,,PS,By Type,"FLOOR FINISH: vinyl, seamless, coved, standard slip resistant, feature",Refer to Typical Room,By Space Type,3E6gxqVUbCmAmEG6JJ5Ndm,59 W,Power Density,2700,"1 Bed Room, Obstetric",IP2.10.171,0,Rooms,AROO,Rooms,IP2,17.881850256223814,Architecture,WBH-W-10.171,"1 Bed Room, Obstetric",01,YES,SL_90_10,Room Spaces,1 patient; 1-2 staff; 1-2 visitors,0,New Construction,20.00%,Power Density,,0,0,PS-1BR-OBS-A,73 W,0.0,0 W,10.76 W/m²,0 W,13.99 W/m²,132 W,2700,LEVEL 10,0.0,AR Rooms
2026-08-01 19:58:17,11608888,NWB-ARC-WBH-AR-MOD-0036.rvt : 26 : location Internal,NWB-ARC-WBH-AR-MOD-0036,12536724,ce1aaef4-7de9-4cc0-ac0e-4064d3aa3261-00bf4b94,IP2.10.170,"1 Bed Room, Obstetric",LEVEL 10,New Construction,Inpatient Obstetric 2,IP2,,,,17.5 m²,17540,342.847769,228.078915,250.984252,0 W,0.00 W/m²,0 W,0.00 W/m²,28.6 m²,By Space Type,0,By Space Type,0.0,0.0,0.0,-2000160,"CEILING: plasterboard, flush set, suspended, paint, washable",,,0,-1,-2.777778,11.06.2026,CLFS-006,CLGE-001,FLVY-500,,FLSK-010,WLFI-001,Patient Areas,,WBH.IP2.01.010,112598,21/07/2026,1BR-OBS-A,18,,NWB-ARC-WBH-AR-RLS-IP1.01.085,,PS,By Type,"FLOOR FINISH: vinyl, seamless, coved, standard slip resistant, feature",Refer to Typical Room,By Space Type,3E6gxqVUbCmAmEG6JJ5Ndr,59 W,Power Density,2700,"1 Bed Room, Obstetric",IP2.10.170,0,Rooms,AROO,Rooms,IP2,17.881850256225576,Architecture,WBH-W-10.170,"1 Bed Room, Obstetric",01,YES,SL_90_10,Room Spaces,1 patient; 1-2 staff; 1-2 visitors,0,New Construction,20.00%,Power Density,,0,0,PS-1BR-OBS-A,73 W,0.0,0 W,10.76 W/m²,0 W,13.99 W/m²,132 W,2700,LEVEL 10,0.0,AR Rooms
2026-08-01 19:58:17,11608888,NWB-ARC-WBH-AR-MOD-0036.rvt : 26 : location Internal,NWB-ARC-WBH-AR-MOD-0036,12536727,ce1aaef4-7de9-4cc0-ac0e-4064d3aa3261-00bf4b97,IP2.10.169,"1 Bed Room, Obstetric",LEVEL 10,New Construction,Inpatient Obstetric 2,IP2,,,,17.5 m²,17529,356.627297,228.078915,250.984252,0 W,0.00 W/m²,0 W,0.00 W/m²,28.6 m²,By Space Type,0,By Space Type,0.0,0.0,0.0,-2000160,"CEILING: plasterboard, flush set, suspended, paint, washable",,,0,-1,-2.888889,11.06.2026,CLFS-006,CLGE-001,FLVY-500,,FLSK-010,WLFI-001,Patient Areas,,WBH.IP2.01.009,112597,21/07/2026,1BR-OBS-A,18,,NWB-ARC-WBH-AR-RLS-IP1.01.085,,PS,By Type,"FLOOR FINISH: vinyl, seamless, coved, standard slip resistant, feature",Refer to Typical Room,By Space Type,3E6gxqVUbCmAmEG6JJ5Nds,59 W,Power Density,2700,"1 Bed Room, Obstetric",IP2.10.169,0,Rooms,AROO,Rooms,IP2,17.881850256224848,Architecture,WBH-W-10.169,"1 Bed Room, Obstetric",01,YES,SL_90_10,Room Spaces,1 patient; 1-2 staff; 1-2 visitors,0,New Construction,20.00%,Power Density,,0,0,PS-1BR-OBS-A,73 W,0.0,0 W,10.76 W/m²,0 W,13.99 W/m²,132 W,2700,LEVEL 10,0.0,AR Rooms
2026-08-01 19:58:17,11608888,NWB-ARC-WBH-AR-MOD-0036.rvt : 26 : location Internal,NWB-ARC-WBH-AR-MOD-0036,12536730,ce1aaef4-7de9-4cc0-ac0e-4064d3aa3261-00bf4b9a,IP2.10.218,"Ensuite, Bariatric",LEVEL 10,New Construction,Inpatient Obstetric 2,IP2,,,,8.3 m²,12670,370.849738,223.182261,250.984252,0 W,0.00 W/m²,0 W,0.00 W/m²,28.6 m²,By Space Type,0,By Space Type,0.0,0.0,0.0,-2000160,"CEILING: plasterboard, water resistant, drop-in tiles, prefinished, 600 x 1200",,,0,-1,19.142857,11.06.2026,CLTI-014,,FLVY-009,,FLSK-010,WLFI-001,Patient Areas,,WBH.IP2.01.059,112647,21/07/2026,ENS-BA,7,,Refer to AusHFG ENS-BA,,SC,By Type,"FLOOR FINISH: vinyl, seamless, coved, wet area, non-slip",,By Space Type,3E6gxqVUbCmAmEG6JJ5Ndx,59 W,Power Density,2700,"Ensuite, Bariatric",IP2.10.218,0,Rooms,AROO,Rooms,IP2,8.255388747561751,Architecture,WBH-W-10.218,"Ensuite, Bariatric",01,YES,SL_90_10,Room Spaces,1 patient; 1-2 staff assisting,0,New Construction,20.00%,Power Density,,0,0,SC,73 W,0.0,0 W,10.76 W/m²,0 W,13.99 W/m²,132 W,2700,LEVEL 10,0.0,AR Rooms
2026-08-01 19:58:17,11608888,NWB-ARC-WBH-AR-MOD-0036.rvt : 26 : location Internal,NWB-ARC-WBH-AR-MOD-0036,12536733,ce1aaef4-7de9-4cc0-ac0e-4064d3aa3261-00bf4b9d,IP2.10.188,"1 Bed Room, Obstetric - Bariatric",LEVEL 10,New Construction,Inpatient Obstetric 2,IP2,,,,18.7 m²,17540,370.849738,233.29545,250.984252,0 W,0.00 W/m²,0 W,0.00 W/m²,28.6 m²,By Space Type,0,By Space Type,0.0,0.0,0.0,-2000160,"CEILING: plasterboard, flush set, suspended, paint, washable",,,0,-1,3.777778,11.06.2026,CLFS-006,CLGE-001,FLVY-500,,FLSK-010,WLFI-001,Patient Areas,,WBH.IP2.01.028,112616,21/07/2026,1BR-OBS-B,18,,NWB-ARC-WBH-AR-RLS-IP1.01.024,,PS,By Type,"FLOOR FINISH: vinyl, seamless, coved, standard slip resistant, feature",Refer to Typical Room,By Space Type,3E6gxqVUbCmAmEG6JJ5Ndy,59 W,Power Density,2700,"1 Bed Room, Obstetric - Bariatric",IP2.10.188,0,Rooms,AROO,Rooms,IP2,18.547008749710415,Architecture,WBH-W-10.188,"1 Bed Room, Obstetric - Bariatric",01,YES,SL_90_10,Room Spaces,1 patient; 1-2 staff; 1-2 visitors,0,New Construction,20.00%,Power Density,,0,0,PS-1BR-OBS-B,73 W,0.0,0 W,10.76 W/m²,0 W,13.99 W/m²,132 W,2700,LEVEL 10,0.0,AR Rooms
2026-08-01 19:58:17,11608888,NWB-ARC-WBH-AR-MOD-0036.rvt : 26 : location Internal,NWB-ARC-WBH-AR-MOD-0036,12536736,ce1aaef4-7de9-4cc0-ac0e-4064d3aa3261-00bf4ba0,IP2.10.199,"Ensuite, Inboard",LEVEL 10,New Construction,Inpatient Obstetric 2,IP2,,,,4.9 m²,8706,359.809711,235.998033,250.984252,0 W,0.00 W/m²,0 W,0.00 W/m²,28.6 m²,By Space Type,0,By Space Type,0.0,0.0,0.0,-2000160,"CEILING: plasterboard, water resistant, drop-in tiles, prefinished, 600 x 1200",,,0,-1,-2.6,11.06.2026,CLTI-014,,FLVY-009,,FLSK-010,WLFI-011.07,Patient Areas,,WBH.IP2.01.040,112628,21/07/2026,ENS-ST-A,5,,Refer to AusHFG ENS-ST-A1,,SC,By Type,"FLOOR FINISH: vinyl, seamless, coved, wet area, non-slip",,By Space Type,3E6gxqVUbCmAmEG6JJ5Nd1,59 W,Power Density,2700,"Ensuite, Inboard",IP2.10.199,0,Rooms,AROO,Rooms,IP2,5.098160372604648,Architecture,WBH-W-10.199,"Ensuite, Inboard",01,YES,SL_90_10,Room Spaces,1 patient; 1 staff assisting,0,New Construction,20.00%,Power Density,,0,0,SC,73 W,0.0,0 W,10.76 W/m²,0 W,13.99 W/m²,132 W,2700,LEVEL 10,0.0,AR Rooms
2026-08-01 19:58:17,11608888,NWB-ARC-WBH-AR-MOD-0036.rvt : 26 : location Internal,NWB-ARC-WBH-AR-MOD-0036,12536739,ce1aaef4-7de9-4cc0-ac0e-4064d3aa3261-00bf4ba3,IP2.10.200,"Ensuite, Inboard",LEVEL 10,New Construction,Inpatient Obstetric 2,IP2,,,,5.2 m²,8947,339.665354,236.011156,250.984252,0 W,0.00 W/m²,0 W,0.00 W/m²,28.6 m²,By Space Type,0,By Space Type,0.0,0.0,0.0,-2000160,"CEILING: plasterboard, water resistant, drop-in tiles, prefinished, 600 x 1200",,,0,-1,3.4,11.06.2026,CLTI-014,,FLVY-009,,FLSK-010,WLFI-011.07,Patient Areas,,WBH.IP2.01.041,112629,21/07/2026,ENS-ST-A,5,,Refer to AusHFG ENS-ST-A1,,SC,By Type,"FLOOR FINISH: vinyl, seamless, coved, wet area, non-slip",,By Space Type,3E6gxqVUbCmAmEG6JJ5Nd2,59 W,Power Density,2700,"Ensuite, Inboard",IP2.10.200,0,Rooms,AROO,Rooms,IP2,5.098160372603671,Architecture,WBH-W-10.200,"Ensuite, Inboard",01,YES,SL_90_10,Room Spaces,1 patient; 1 staff assisting,0,New Construction,20.00%,Power Density,,0,0,SC,73 W,0.0,0 W,10.76 W/m²,0 W,13.99 W/m²,132 W,2700,LEVEL 10,0.0,AR Rooms
2026-08-01 19:58:17,11608888,NWB-ARC-WBH-AR-MOD-0036.rvt : 26 : location Internal,NWB-ARC-WBH-AR-MOD-0036,12536742,ce1aaef4-7de9-4cc0-ac0e-4064d3aa3261-00bf4ba6,IP2.10.201,"Ensuite, Inboard",LEVEL 10,New Construction,Inpatient Obstetric 2,IP2,,,,5.2 m²,8949,332.250656,235.998033,250.984252,0 W,0.00 W/m²,0 W,0.00 W/m²,28.6 m²,By Space Type,0,By Space Type,0.0,0.0,0.0,-2000160,"CEILING: plasterboard, water resistant, drop-in tiles, prefinished, 600 x 1200",,,0,-1,3.6,11.06.2026,CLTI-014,,FLVY-009,,FLSK-010,WLFI-011.07,Patient Areas,,WBH.IP2.01.042,112630,21/07/2026,ENS-ST-A,5,,Refer to AusHFG ENS-ST-A1,,SC,By Type,"FLOOR FINISH: vinyl, seamless, coved, wet area, non-slip",,By Space Type,3E6gxqVUbCmAmEG6JJ5Nd7,59 W,Power Density,2700,"Ensuite, Inboard",IP2.10.201,0,Rooms,AROO,Rooms,IP2,5.0981603726052604,Architecture,WBH-W-10.201,"Ensuite, Inboard",01,YES,SL_90_10,Room Spaces,1 patient; 1 staff assisting,0,New Construction,20.00%,Power Density,,0,0,SC,73 W,0.0,0 W,10.76 W/m²,0 W,13.99 W/m²,132 W,2700,LEVEL 10,0.0,AR Rooms
2026-08-01 19:58:17,11608888,NWB-ARC-WBH-AR-MOD-0036.rvt : 26 : location Internal,NWB-ARC-WBH-AR-MOD-0036,12536745,ce1aaef4-7de9-4cc0-ac0e-4064d3aa3261-00bf4ba9,IP2.10.202,"Ensuite, Inboard",LEVEL 10,New Construction,Inpatient Obstetric 2,IP2,,,,5.2 m²,8947,312.099738,236.011156,250.984252,0 W,0.00 W/m²,0 W,0.00 W/m²,28.6 m²,By Space Type,0,By Space Type,0.0,0.0,0.0,-2000160,"CEILING: plasterboard, water resistant, drop-in tiles, prefinished, 600 x 1200",,,0,-1,3.4,11.06.2026,CLTI-014,,FLVY-009,,FLSK-010,WLFI-011.07,Patient Areas,,WBH.IP2.01.043,112631,21/07/2026,ENS-ST-A,5,,Refer to AusHFG ENS-ST-A1,,SC,By Type,"FLOOR FINISH: vinyl, seamless, coved, wet area, non-slip",,By Space Type,3E6gxqVUbCmAmEG6JJ5Nd8,59 W,Power Density,2700,"Ensuite, Inboard",IP2.10.202,0,Rooms,AROO,Rooms,IP2,5.1081603726036615,Architecture,WBH-W-10.202,"Ensuite, Inboard",01,YES,SL_90_10,Room Spaces,1 patient; 1 staff assisting,0,New Construction,20.00%,Power Density,,0,0,SC,73 W,0.0,0 W,10.76 W/m²,0 W,13.99 W/m²,132 W,2700,LEVEL 10,0.0,AR Rooms
2026-08-01 19:58:17,11608888,NWB-ARC-WBH-AR-MOD-0036.rvt : 26 : location Internal,NWB-ARC-WBH-AR-MOD-0036,12536748,ce1aaef4-7de9-4cc0-ac0e-4064d3aa3261-00bf4bac,IP2.10.203,"Ensuite, Inboard",LEVEL 10,New Construction,Inpatient Obstetric 2,IP2,,,,4.9 m²,8738,284.207677,236.248206,250.984252,0 W,0.00 W/m²,0 W,0.00 W/m²,28.6 m²,By Space Type,0,By Space Type,0.0,0.0,0.0,-2000160,"CEILING: plasterboard, water resistant, drop-in tiles, prefinished, 600 x 1200",,,0,-1,-1.8,11.06.2026,CLTI-014,,FLVY-009,,FLSK-010,WLFI-011.07,Patient Areas,,WBH.IP2.01.044,112632,21/07/2026,ENS-ST-A,5,,Refer to AusHFG ENS-ST-A1,,SC,By Type,"FLOOR FINISH: vinyl, seamless, coved, wet area, non-slip",,By Space Type,3E6gxqVUbCmAmEG6JJ5NdD,59 W,Power Density,2700,"Ensuite, Inboard",IP2.10.203,0,Rooms,AROO,Rooms,IP2,5.09816037260478,Architecture,WBH-W-10.203,"Ensuite, Inboard",01,YES,SL_90_10,Room Spaces,1 patient; 1 staff assisting,0,New Construction,20.00%,Power Density,,0,0,SC,73 W,0.0,0 W,10.76 W/m²,0 W,13.99 W/m²,132 W,2700,LEVEL 10,0.0,AR Rooms
2026-08-01 19:58:17,11608888,NWB-ARC-WBH-AR-MOD-0036.rvt : 26 : location Internal,NWB-ARC-WBH-AR-MOD-0036,12536751,ce1aaef4-7de9-4cc0-ac0e-4064d3aa3261-00bf4baf,IP2.10.204,"Ensuite, Inboard",LEVEL 10,New Construction,Inpatient Obstetric 2,IP2,,,,4.9 m²,8700,277.49836,236.248206,250.984252,0 W,0.00 W/m²,0 W,0.00 W/m²,28.6 m²,By Space Type,0,By Space Type,0.0,0.0,0.0,-2000160,"CEILING: plasterboard, water resistant, drop-in tiles, prefinished, 600 x 1200",,,0,-1,-2.8,11.06.2026,CLTI-014,,FLVY-009,,FLSK-010,WLFI-011.07,Patient Areas,,WBH.IP2.01.045,112633,21/07/2026,ENS-ST-A,5,,Refer to AusHFG ENS-ST-A1,,SC,By Type,"FLOOR FINISH: vinyl, seamless, coved, wet area, non-slip",,By Space Type,3E6gxqVUbCmAmEG6JJ5NdE,59 W,Power Density,2700,"Ensuite, Inboard",IP2.10.204,0,Rooms,AROO,Rooms,IP2,5.098160372602932,Architecture,WBH-W-10.204,"Ensuite, Inboard",01,YES,SL_90_10,Room Spaces,1 patient; 1 staff assisting,0,New Construction,20.00%,Power Density,,0,0,SC,73 W,0.0,0 W,10.76 W/m²,0 W,13.99 W/m²,132 W,2700,LEVEL 10,0.0,AR Rooms
2026-08-01 19:58:17,11608888,NWB-ARC-WBH-AR-MOD-0036.rvt : 26 : location Internal,NWB-ARC-WBH-AR-MOD-0036,12536754,ce1aaef4-7de9-4cc0-ac0e-4064d3aa3261-00bf4bb2,IP2.10.205,"Ensuite, Inboard",LEVEL 10,New Construction,Inpatient Obstetric 2,IP2,,,,5.2 m²,8947,256.988189,236.011156,250.984252,0 W,0.00 W/m²,0 W,0.00 W/m²,28.6 m²,By Space Type,0,By Space Type,0.0,0.0,0.0,-2000160,"CEILING: plasterboard, water resistant, drop-in tiles, prefinished, 600 x 1200",,,0,-1,3.4,11.06.2026,CLTI-014,,FLVY-009,,FLSK-010,WLFI-011.07,Patient Areas,,WBH.IP2.01.046,112634,21/07/2026,ENS-ST-A,5,,Refer to AusHFG ENS-ST-A1,,SC,By Type,"FLOOR FINISH: vinyl, seamless, coved, wet area, non-slip",,By Space Type,3E6gxqVUbCmAmEG6JJ5NdJ,59 W,Power Density,2700,"Ensuite, Inboard",IP2.10.205,0,Rooms,AROO,Rooms,IP2,5.098160372603523,Architecture,WBH-W-10.205,"Ensuite, Inboard",01,YES,SL_90_10,Room Spaces,1 patient; 1 staff assisting,0,New Construction,20.00%,Power Density,,0,0,SC,73 W,0.0,0 W,10.76 W/m²,0 W,13.99 W/m²,132 W,2700,LEVEL 10,0.0,AR Rooms
2026-08-01 19:58:17,11608888,NWB-ARC-WBH-AR-MOD-0036.rvt : 26 : location Internal,NWB-ARC-WBH-AR-MOD-0036,12536757,ce1aaef4-7de9-4cc0-ac0e-4064d3aa3261-00bf4bb5,IP2.10.206,"Ensuite, Inboard",LEVEL 10,New Construction,Inpatient Obstetric 2,IP2,,,,5.2 m²,8949,249.573491,235.998033,250.984252,0 W,0.00 W/m²,0 W,0.00 W/m²,28.6 m²,By Space Type,0,By Space Type,0.0,0.0,0.0,-2000160,"CEILING: plasterboard, water resistant, drop-in tiles, prefinished, 600 x 1200",,,0,-1,3.6,11.06.2026,CLTI-014,,FLVY-009,,FLSK-010,WLFI-011.07,Patient Areas,,WBH.IP2.01.047,112635,21/07/2026,ENS-ST-A,5,,Refer to AusHFG ENS-ST-A1,,SC,By Type,"FLOOR FINISH: vinyl, seamless, coved, wet area, non-slip",,By Space Type,3E6gxqVUbCmAmEG6JJ5NdK,59 W,Power Density,2700,"Ensuite, Inboard",IP2.10.206,0,Rooms,AROO,Rooms,IP2,5.098160372604791,Architecture,WBH-W-10.206,"Ensuite, Inboard",01,YES,SL_90_10,Room Spaces,1 patient; 1 staff assisting,0,New Construction,20.00%,Power Density,,0,0,SC,73 W,0.0,0 W,10.76 W/m²,0 W,13.99 W/m²,132 W,2700,LEVEL 10,0.0,AR Rooms
2026-08-01 19:58:17,11608888,NWB-ARC-WBH-AR-MOD-0036.rvt : 26 : location Internal,NWB-ARC-WBH-AR-MOD-0036,12536760,ce1aaef4-7de9-4cc0-ac0e-4064d3aa3261-00bf4bb8,IP2.10.207,"Ensuite, Inboard",LEVEL 10,New Construction,Inpatient Obstetric 2,IP2,,,,4.9 m²,8724,229.429134,236.011156,250.984252,0 W,0.00 W/m²,0 W,0.00 W/m²,28.6 m²,By Space Type,0,By Space Type,0.0,0.0,0.0,-2000160,"CEILING: plasterboard, water resistant, drop-in tiles, prefinished, 600 x 1200",,,0,-1,-2.2,11.06.2026,CLTI-014,,FLVY-009,,FLSK-010,WLFI-011.07,Patient Areas,,WBH.IP2.01.048,112636,21/07/2026,ENS-ST-A,5,,Refer to AusHFG ENS-ST-A1,,SC,By Type,"FLOOR FINISH: vinyl, seamless, coved, wet area, non-slip",,By Space Type,3E6gxqVUbCmAmEG6JJ5NdP,59 W,Power Density,2700,"Ensuite, Inboard",IP2.10.207,0,Rooms,AROO,Rooms,IP2,5.098160372604167,Architecture,WBH-W-10.207,"Ensuite, Inboard",01,YES,SL_90_10,Room Spaces,1 patient; 1 staff assisting,0,New Construction,20.00%,Power Density,,0,0,SC,73 W,0.0,0 W,10.76 W/m²,0 W,13.99 W/m²,132 W,2700,LEVEL 10,0.0,AR Rooms
2026-08-01 19:58:17,11608888,NWB-ARC-WBH-AR-MOD-0036.rvt : 26 : location Internal,NWB-ARC-WBH-AR-MOD-0036,12536763,ce1aaef4-7de9-4cc0-ac0e-4064d3aa3261-00bf4bbb,IP2.10.208,"Ensuite, Inboard",LEVEL 10,New Construction,Inpatient Obstetric 2,IP2,,,,4.9 m²,8726,222.014436,235.998033,250.984252,0 W,0.00 W/m²,0 W,0.00 W/m²,28.6 m²,By Space Type,0,By Space Type,0.0,0.0,0.0,-2000160,"CEILING: plasterboard, water resistant, drop-in tiles, prefinished, 600 x 1200",,,0,-1,-2,11.06.2026,CLTI-014,,FLVY-009,,FLSK-010,WLFI-011.07,Patient Areas,,WBH.IP2.01.049,112637,21/07/2026,ENS-ST-A,5,,Refer to AusHFG ENS-ST-A1,,SC,By Type,"FLOOR FINISH: vinyl, seamless, coved, wet area, non-slip",,By Space Type,3E6gxqVUbCmAmEG6JJ5NdQ,59 W,Power Density,2700,"Ensuite, Inboard",IP2.10.208,0,Rooms,AROO,Rooms,IP2,5.098160372604769,Architecture,WBH-W-10.208,"Ensuite, Inboard",01,YES,SL_90_10,Room Spaces,1 patient; 1 staff assisting,0,New Construction,20.00%,Power Density,,0,0,SC,73 W,0.0,0 W,10.76 W/m²,0 W,13.99 W/m²,132 W,2700,LEVEL 10,0.0,AR Rooms
2026-08-01 19:58:17,11608888,NWB-ARC-WBH-AR-MOD-0036.rvt : 26 : location Internal,NWB-ARC-WBH-AR-MOD-0036,12536766,ce1aaef4-7de9-4cc0-ac0e-4064d3aa3261-00bf4bbe,IP2.10.209,"Ensuite, Inboard",LEVEL 10,New Construction,Inpatient Obstetric 2,IP2,,,,5.2 m²,8947,201.870079,236.011156,250.984252,0 W,0.00 W/m²,0 W,0.00 W/m²,28.6 m²,By Space Type,0,By Space Type,0.0,0.0,0.0,-2000160,"CEILING: plasterboard, water resistant, drop-in tiles, prefinished, 600 x 1200",,,0,-1,3.4,11.06.2026,CLTI-014,,FLVY-009,,FLSK-010,WLFI-011.07,Patient Areas,,WBH.IP2.01.050,112638,21/07/2026,ENS-ST-A,5,,Refer to AusHFG ENS-ST-A1,,SC,By Type,"FLOOR FINISH: vinyl, seamless, coved, wet area, non-slip",,By Space Type,3E6gxqVUbCmAmEG6JJ5NdV,59 W,Power Density,2700,"Ensuite, Inboard",IP2.10.209,0,Rooms,AROO,Rooms,IP2,5.098160372604484,Architecture,WBH-W-10.209,"Ensuite, Inboard",01,YES,SL_90_10,Room Spaces,1 patient; 1 staff assisting,0,New Construction,20.00%,Power Density,,0,0,SC,73 W,0.0,0 W,10.76 W/m²,0 W,13.99 W/m²,132 W,2700,LEVEL 10,0.0,AR Rooms
2026-08-01 19:58:17,11608888,NWB-ARC-WBH-AR-MOD-0036.rvt : 26 : location Internal,NWB-ARC-WBH-AR-MOD-0036,12536769,ce1aaef4-7de9-4cc0-ac0e-4064d3aa3261-00bf4bc1,IP2.10.210,"Ensuite, Inboard",LEVEL 10,New Construction,Inpatient Obstetric 2,IP2,,,,5.2 m²,8949,194.455381,235.998033,250.984252,0 W,0.00 W/m²,0 W,0.00 W/m²,28.6 m²,By Space Type,0,By Space Type,0.0,0.0,0.0,-2000160,"CEILING: plasterboard, water resistant, drop-in tiles, prefinished, 600 x 1200",,,0,-1,3.6,11.06.2026,CLTI-014,,FLVY-009,,FLSK-010,WLFI-011.07,Patient Areas,,WBH.IP2.01.051,112639,21/07/2026,ENS-ST-A,5,,Refer to AusHFG ENS-ST-A1,,SC,By Type,"FLOOR FINISH: vinyl, seamless, coved, wet area, non-slip",,By Space Type,3E6gxqVUbCmAmEG6JJ5NcW,59 W,Power Density,2700,"Ensuite, Inboard",IP2.10.210,0,Rooms,AROO,Rooms,IP2,5.0981603726044735,Architecture,WBH-W-10.210,"Ensuite, Inboard",01,YES,SL_90_10,Room Spaces,1 patient; 1 staff assisting,0,New Construction,20.00%,Power Density,,0,0,SC,73 W,0.0,0 W,10.76 W/m²,0 W,13.99 W/m²,132 W,2700,LEVEL 10,0.0,AR Rooms
2026-08-01 19:58:17,11608888,NWB-ARC-WBH-AR-MOD-0036.rvt : 26 : location Internal,NWB-ARC-WBH-AR-MOD-0036,12536772,ce1aaef4-7de9-4cc0-ac0e-4064d3aa3261-00bf4bc4,IP2.10.211,"Ensuite, Inboard",LEVEL 10,New Construction,Inpatient Obstetric 2,IP2,,,,5.2 m²,8947,174.311024,236.011156,250.984252,0 W,0.00 W/m²,0 W,0.00 W/m²,28.6 m²,By Space Type,0,By Space Type,0.0,0.0,0.0,-2000160,"CEILING: plasterboard, water resistant, drop-in tiles, prefinished, 600 x 1200",,,0,-1,3.4,11.06.2026,CLTI-014,,FLVY-009,,FLSK-010,WLFI-011.07,Patient Areas,,WBH.IP2.01.052,112640,21/07/2026,ENS-ST-A,5,,Refer to AusHFG ENS-ST-A1,,SC,By Type,"FLOOR FINISH: vinyl, seamless, coved, wet area, non-slip",,By Space Type,3E6gxqVUbCmAmEG6JJ5Ncb,59 W,Power Density,2700,"Ensuite, Inboard",IP2.10.211,0,Rooms,AROO,Rooms,IP2,5.09816037260422,Architecture,WBH-W-10.211,"Ensuite, Inboard",01,YES,SL_90_10,Room Spaces,1 patient; 1 staff assisting,0,New Construction,20.00%,Power Density,,0,0,SC,73 W,0.0,0 W,10.76 W/m²,0 W,13.99 W/m²,132 W,2700,LEVEL 10,0.0,AR Rooms
2026-08-01 19:58:17,11608888,NWB-ARC-WBH-AR-MOD-0036.rvt : 26 : location Internal,NWB-ARC-WBH-AR-MOD-0036,12536775,ce1aaef4-7de9-4cc0-ac0e-4064d3aa3261-00bf4bc7,IP2.10.212,"Ensuite, Inboard",LEVEL 10,New Construction,Inpatient Obstetric 2,IP2,,,,5.2 m²,8949,166.896325,235.998033,250.984252,0 W,0.00 W/m²,0 W,0.00 W/m²,28.6 m²,By Space Type,0,By Space Type,0.0,0.0,0.0,-2000160,"CEILING: plasterboard, water resistant, drop-in tiles, prefinished, 600 x 1200",,,0,-1,3.6,11.06.2026,CLTI-014,,FLVY-009,,FLSK-010,WLFI-011.07,Patient Areas,,WBH.IP2.01.053,112641,21/07/2026,ENS-ST-A,5,,Refer to AusHFG ENS-ST-A1,,SC,By Type,"FLOOR FINISH: vinyl, seamless, coved, wet area, non-slip",,By Space Type,3E6gxqVUbCmAmEG6JJ5Ncc,59 W,Power Density,2700,"Ensuite, Inboard",IP2.10.212,0,Rooms,AROO,Rooms,IP2,5.098160372604389,Architecture,WBH-W-10.212,"Ensuite, Inboard",01,YES,SL_90_10,Room Spaces,1 patient; 1 staff assisting,0,New Construction,20.00%,Power Density,,0,0,SC,73 W,0.0,0 W,10.76 W/m²,0 W,13.99 W/m²,132 W,2700,LEVEL 10,0.0,AR Rooms
2026-08-01 19:58:17,11608888,NWB-ARC-WBH-AR-MOD-0036.rvt : 26 : location Internal,NWB-ARC-WBH-AR-MOD-0036,12536778,ce1aaef4-7de9-4cc0-ac0e-4064d3aa3261-00bf4bca,IP2.10.213,"Ensuite, Inboard",LEVEL 10,New Construction,Inpatient Obstetric 2,IP2,,,,4.9 m²,8704,146.751969,236.011156,250.984252,0 W,0.00 W/m²,0 W,0.00 W/m²,28.6 m²,By Space Type,0,By Space Type,0.0,0.0,0.0,-2000160,"CEILING: plasterboard, water resistant, drop-in tiles, prefinished, 600 x 1200",,,0,-1,-2.6,11.06.2026,CLTI-014,,FLVY-009,,FLSK-010,WLFI-011.07,Patient Areas,,WBH.IP2.01.054,112642,21/07/2026,ENS-ST-A,5,,Refer to AusHFG ENS-ST-A1,,SC,By Type,"FLOOR FINISH: vinyl, seamless, coved, wet area, non-slip",,By Space Type,3E6gxqVUbCmAmEG6JJ5Nch,59 W,Power Density,2700,"Ensuite, Inboard",IP2.10.213,0,Rooms,AROO,Rooms,IP2,5.098160372604009,Architecture,WBH-W-10.213,"Ensuite, Inboard",01,YES,SL_90_10,Room Spaces,1 patient; 1 staff assisting,0,New Construction,20.00%,Power Density,,0,0,SC,73 W,0.0,0 W,10.76 W/m²,0 W,13.99 W/m²,132 W,2700,LEVEL 10,0.0,AR Rooms
2026-08-01 19:58:17,11608888,NWB-ARC-WBH-AR-MOD-0036.rvt : 26 : location Internal,NWB-ARC-WBH-AR-MOD-0036,12536794,73cea08f-849f-454c-860a-dea0bd5e8aee-00bf3bbe,IP1.10.065,"Staff Station, 20m2",LEVEL 10,New Construction,Inpatient Obstetric 1,IP1,,,,18.9 m²,17977,314.545441,421.341903,250.984252,0 W,0.00 W/m²,0 W,0.00 W/m²,28.6 m²,By Space Type,0,By Space Type,0.0,0.0,0.0,-2000160,"CEILING: acoustic, drop-in tiles, 600 x 1200",,,0,-1,20,11.06.2026,CLTI-002,,FLVY-500,,FLSK-010,WLFI-001,Clinical Support Areas,,WBH.IP1.02.002,107945,21/07/2026,SSTN-20,16,,NWB-ARC-WBH-AR-RLS-IP1.02.002,,DR,By Type,"FLOOR FINISH: vinyl, seamless, coved, standard slip resistant, feature",Typical Room,By Space Type,1ppg2FX9z5J8OAtg2zuR5G,59 W,Power Density,2700,"Staff Station, 20m2",IP1.10.065,0,Rooms,AROO,Rooms,IP1,19.52714250000012,Architecture,WBH-W-10.065,"Staff Station, 20m2",02,YES,SL_90_10,Room Spaces,3 workstations,0,New Construction,20.00%,Power Density,,Yes,0,DR,73 W,0.0,0 W,10.76 W/m²,0 W,13.99 W/m²,132 W,2700,LEVEL 10,0.0,AR Rooms
2026-08-01 19:58:17,11608888,NWB-ARC-WBH-AR-MOD-0036.rvt : 26 : location Internal,NWB-ARC-WBH-AR-MOD-0036,12536801,73cea08f-849f-454c-860a-dea0bd5e8aee-00bf3c1c,IP1.10.067,"Bay - Multifunction Device, 3m2",LEVEL 10,New Construction,Inpatient Obstetric 1,IP1,,,,1.7 m²,5404,321.963439,416.886094,250.984252,0 W,0.00 W/m²,0 W,0.00 W/m²,28.6 m²,By Space Type,0,By Space Type,0.0,0.0,0.0,-2000160,"CEILING: acoustic, drop-in tiles, 600 x 1200",,,0,-1,-42,11.06.2026,CLTI-002,,FLVY-007,,FLSK-010,WLFI-001,Clinical Support Areas,,WBH.IP1.02.005,107948,21/07/2026,BMFD-3,3,,NWB-ARC-WBH-AR-RLS-IP1.02.005,,SC,By Type,"FLOOR FINISH: vinyl, seamless, coved, standard slip resistant",,By Space Type,1ppg2FX9z5J8OAtg2zuRRo,59 W,Power Density,2700,"Bay - Multifunction Device, 3m2",IP1.10.067,0,Rooms,AROO,Rooms,IP1,2.8458705000008346,Architecture,WBH-W-10.067,"Bay - Multifunction Device, 3m2",02,YES,SL_90_10,Room Spaces,1 staff intermittently,0,New Construction,20.00%,Power Density,,Yes,0,SC,73 W,0.0,0 W,10.76 W/m²,0 W,13.99 W/m²,132 W,2700,LEVEL 10,0.0,AR Rooms
2026-08-01 19:58:17,11608888,NWB-ARC-WBH-AR-MOD-0036.rvt : 26 : location Internal,NWB-ARC-WBH-AR-MOD-0036,12536832,73cea08f-849f-454c-860a-dea0bd5e8aee-00bf45a8,IP1.10.078,"Bay - Handwashing, Type B",LEVEL 10,New Construction,Inpatient Obstetric 1,IP1,,,,0.6 m²,3289,322.824108,404.888171,250.984252,0 W,0.00 W/m²,0 W,0.00 W/m²,28.6 m²,By Space Type,0,By Space Type,0.0,0.0,0.0,-2000160,"CEILING: plasterboard, flush set, suspended, paint, washable",,,0,-1,-35,11.06.2026,CLFS-006,,FLVY-003,,FLSK-010,WLFI-001,Clinical Support Areas,,WBH.IP1.02.021,107964,21/07/2026,BHWS-B,1,,Refer to AusHFG BHWS-B,,SC,By Type,"FLOOR FINISH: vinyl, seamless, coved, non slip",,By Space Type,1ppg2FX9z5J8OAtg2zuSz6,59 W,Power Density,2700,"Bay - Handwashing, Type B",IP1.10.078,0,Rooms,AROO,Rooms,IP1,0.9954284999999953,Architecture,WBH-W-10.078,"Bay - Handwashing, Type B",02,YES,SL_90_10,Room Spaces,1,0,New Construction,20.00%,Power Density,,0,0,SC,73 W,0.0,0 W,10.76 W/m²,0 W,13.99 W/m²,132 W,2700,LEVEL 10,0.0,AR Rooms
2026-08-01 19:58:17,11608888,NWB-ARC-WBH-AR-MOD-0036.rvt : 26 : location Internal,NWB-ARC-WBH-AR-MOD-0036,12537182,250026ad-7918-41db-bb2b-0a5a4c51fd4d-00bf4bd2,IP2.10.166,"1 Bed Room, Obstetric, Isolation - Positive Pressure",LEVEL 10,New Construction,Inpatient Obstetric 2,IP2,,,,17.5 m²,17529,301.502625,228.078915,250.984252,0 W,0.00 W/m²,0 W,0.00 W/m²,28.6 m²,By Space Type,0,By Space Type,0.0,0.0,0.0,-2000160,"CEILING: plasterboard, flush set, suspended, paint, washable",,,0,-1,-2.888889,11.06.2026,CLFS-006,CLGE-001,FLVY-500,,FLSK-010,WLFI-001,Patient Areas,,WBH.IP2.01.006,112594,21/07/2026,1BR-OBS-P,18,,NWB-ARC-GEN-AR-RLS-PS-1BR-OBS-A,,PS,By Type,"FLOOR FINISH: vinyl, seamless, coved, standard slip resistant, feature",Refer to Typical Room,By Space Type,0b02QjUHX1sxih2bfCxhQV,59 W,Power Density,2700,"1 Bed Room, Obstetric, Isolation - Positive Pressure",IP2.10.166,0,Rooms,AROO,Rooms,IP2,17.88185025878824,Architecture,WBH-W-10.166,"1 Bed Room, Obstetric",01,YES,SL_90_10,Room Spaces,1 patient; 1-2 staff; 1-2 visitors,0,New Construction,20.00%,Power Density,,0,0,PS-1BR-OBS-A,73 W,0.0,0 W,10.76 W/m²,0 W,13.99 W/m²,132 W,2700,LEVEL 10,0.0,AR Rooms
2026-08-01 19:58:17,11608888,NWB-ARC-WBH-AR-MOD-0036.rvt : 26 : location Internal,NWB-ARC-WBH-AR-MOD-0036,12537184,250026ad-7918-41db-bb2b-0a5a4c51fd4d-00bf4bd5,IP2.10.167,"1 Bed Room, Obstetric",LEVEL 10,New Construction,Inpatient Obstetric 2,IP2,,,,17.5 m²,17525,342.847769,283.656342,250.984252,0 W,0.00 W/m²,0 W,0.00 W/m²,28.6 m²,By Space Type,0,By Space Type,0.0,0.0,0.0,-2000160,"CEILING: plasterboard, flush set, suspended, paint, washable",,,0,-1,-2.833333,11.06.2026,CLFS-006,CLGE-001,FLVY-500,,FLSK-010,WLFI-001,Patient Areas,,WBH.IP2.01.007,112595,21/07/2026,1BR-OBS-A,18,,NWB-ARC-WBH-AR-RLS-IP1.01.085,,PS,By Type,"FLOOR FINISH: vinyl, seamless, coved, standard slip resistant, feature",Refer to Typical Room,By Space Type,0b02QjUHX1sxih2bfCxhQO,59 W,Power Density,2700,"1 Bed Room, Obstetric",IP2.10.167,0,Rooms,AROO,Rooms,IP2,17.88185025878617,Architecture,WBH-W-10.167,"1 Bed Room, Obstetric",01,YES,SL_90_10,Room Spaces,1 patient; 1-2 staff; 1-2 visitors,0,New Construction,20.00%,Power Density,,0,0,PS-1BR-OBS-A,73 W,0.0,0 W,10.76 W/m²,0 W,13.99 W/m²,132 W,2700,LEVEL 10,0.0,AR Rooms
2026-08-01 19:58:17,11608888,NWB-ARC-WBH-AR-MOD-0036.rvt : 26 : location Internal,NWB-ARC-WBH-AR-MOD-0036,12537186,250026ad-7918-41db-bb2b-0a5a4c51fd4d-00bf4bd8,IP2.10.168,"1 Bed Room, Obstetric",LEVEL 10,New Construction,Inpatient Obstetric 2,IP2,,,,17.5 m²,17540,356.627297,283.656342,250.984252,0 W,0.00 W/m²,0 W,0.00 W/m²,28.6 m²,By Space Type,0,By Space Type,0.0,0.0,0.0,-2000160,"CEILING: plasterboard, flush set, suspended, paint, washable",,,0,-1,-2.777778,11.06.2026,CLFS-006,CLGE-001,FLVY-500,,FLSK-010,WLFI-001,Patient Areas,,WBH.IP2.01.008,112596,21/07/2026,1BR-OBS-A,18,,NWB-ARC-WBH-AR-RLS-IP1.01.085,,PS,By Type,"FLOOR FINISH: vinyl, seamless, coved, standard slip resistant, feature",Refer to Typical Room,By Space Type,0b02QjUHX1sxih2bfCxhQL,59 W,Power Density,2700,"1 Bed Room, Obstetric",IP2.10.168,0,Rooms,AROO,Rooms,IP2,17.88185025879087,Architecture,WBH-W-10.168,"1 Bed Room, Obstetric",01,YES,SL_90_10,Room Spaces,1 patient; 1-2 staff; 1-2 visitors,0,New Construction,20.00%,Power Density,,0,0,PS-1BR-OBS-A,73 W,0.0,0 W,10.76 W/m²,0 W,13.99 W/m²,132 W,2700,LEVEL 10,0.0,AR Rooms
2026-08-01 19:58:17,11608888,NWB-ARC-WBH-AR-MOD-0036.rvt : 26 : location Internal,NWB-ARC-WBH-AR-MOD-0036,12537188,250026ad-7918-41db-bb2b-0a5a4c51fd4d-00bf4bdb,IP2.10.196,"Ensuite, Inboard",LEVEL 10,New Construction,Inpatient Obstetric 2,IP2,,,,5.2 m²,8949,304.685039,235.998033,250.984252,0 W,0.00 W/m²,0 W,0.00 W/m²,28.6 m²,By Space Type,0,By Space Type,0.0,0.0,0.0,-2000160,"CEILING: plasterboard, water resistant, drop-in tiles, prefinished, 600 x 1200",,,0,-1,3.6,11.06.2026,CLTI-014,,FLVY-009,,FLSK-010,WLFI-011.07,Patient Areas,,WBH.IP2.01.037,112625,21/07/2026,ENS-ST-A,5,,Refer to AusHFG ENS-ST-A1,,SC,By Type,"FLOOR FINISH: vinyl, seamless, coved, wet area, non-slip",,By Space Type,0b02QjUHX1sxih2bfCxhQM,59 W,Power Density,2700,"Ensuite, Inboard",IP2.10.196,0,Rooms,AROO,Rooms,IP2,5.098160372605625,Architecture,WBH-W-10.196,"Ensuite, Inboard",01,YES,SL_90_10,Room Spaces,1 patient; 1 staff assisting,0,New Construction,20.00%,Power Density,,0,0,SC,73 W,0.0,0 W,10.76 W/m²,0 W,13.99 W/m²,132 W,2700,LEVEL 10,0.0,AR Rooms
2026-08-01 19:58:17,11608888,NWB-ARC-WBH-AR-MOD-0036.rvt : 26 : location Internal,NWB-ARC-WBH-AR-MOD-0036,12537190,250026ad-7918-41db-bb2b-0a5a4c51fd4d-00bf4bde,IP2.10.197,"Ensuite, Inboard",LEVEL 10,New Construction,Inpatient Obstetric 2,IP2,,,,4.9 m²,8702,339.665354,275.710977,250.984252,0 W,0.00 W/m²,0 W,0.00 W/m²,28.6 m²,By Space Type,0,By Space Type,0.0,0.0,0.0,-2000160,"CEILING: plasterboard, water resistant, drop-in tiles, prefinished, 600 x 1200",,,0,-1,-2.8,11.06.2026,CLTI-014,,FLVY-009,,FLSK-010,WLFI-011.07,Patient Areas,,WBH.IP2.01.038,112626,21/07/2026,ENS-ST-A,5,,Refer to AusHFG ENS-ST-A1,,SC,By Type,"FLOOR FINISH: vinyl, seamless, coved, wet area, non-slip",,By Space Type,0b02QjUHX1sxih2bfCxhQJ,59 W,Power Density,2700,"Ensuite, Inboard",IP2.10.197,0,Rooms,AROO,Rooms,IP2,5.09816037260346,Architecture,WBH-W-10.197,"Ensuite, Inboard",01,YES,SL_90_10,Room Spaces,1 patient; 1 staff assisting,0,New Construction,20.00%,Power Density,,0,0,SC,73 W,0.0,0 W,10.76 W/m²,0 W,13.99 W/m²,132 W,2700,LEVEL 10,0.0,AR Rooms
2026-08-01 19:58:17,11608888,NWB-ARC-WBH-AR-MOD-0036.rvt : 26 : location Internal,NWB-ARC-WBH-AR-MOD-0036,12537192,250026ad-7918-41db-bb2b-0a5a4c51fd4d-00bf4be1,IP2.10.198,"Ensuite, Inboard",LEVEL 10,New Construction,Inpatient Obstetric 2,IP2,,,,5.2 m²,8947,359.809711,275.724101,250.984252,0 W,0.00 W/m²,0 W,0.00 W/m²,28.6 m²,By Space Type,0,By Space Type,0.0,0.0,0.0,-2000160,"CEILING: plasterboard, water resistant, drop-in tiles, prefinished, 600 x 1200",,,0,-1,3.4,11.06.2026,CLTI-014,,FLVY-009,,FLSK-010,WLFI-011.07,Patient Areas,,WBH.IP2.01.039,112627,21/07/2026,ENS-ST-A,5,,Refer to AusHFG ENS-ST-A1,,SC,By Type,"FLOOR FINISH: vinyl, seamless, coved, wet area, non-slip",,By Space Type,0b02QjUHX1sxih2bfCxhQi,59 W,Power Density,2700,"Ensuite, Inboard",IP2.10.198,0,Rooms,AROO,Rooms,IP2,5.098160372603428,Architecture,WBH-W-10.198,"Ensuite, Inboard",01,YES,SL_90_10,Room Spaces,1 patient; 1 staff assisting,0,New Construction,20.00%,Power Density,,0,0,SC,73 W,0.0,0 W,10.76 W/m²,0 W,13.99 W/m²,132 W,2700,LEVEL 10,0.0,AR Rooms
2026-08-01 19:58:17,11608888,NWB-ARC-WBH-AR-MOD-0036.rvt : 26 : location Internal,NWB-ARC-WBH-AR-MOD-0036,12538049,250026ad-7918-41db-bb2b-0a5a4c51fd4d-00bf50c1,IP2.10.185,"1 Bed Room, Obstetric - Low Sensory",LEVEL 10,New Construction,Inpatient Obstetric 2,IP2,,,,17.6 m²,18297,135.774278,255.867629,250.984252,0 W,0.00 W/m²,0 W,0.00 W/m²,28.6 m²,By Space Type,0,By Space Type,0.0,0.0,0.0,-2000160,"CEILING: plasterboard, flush set, suspended, paint, washable",,,0,-1,-2.055556,11.06.2026,CLFS-006,CLGE-001,FLVY-500,,FLSK-010,WLFI-001,Patient Areas,,WBH.IP2.01.025,112613,21/07/2026,1BR-OBS-L,18,,NWB-ARC-WBH-AR-RLS-IP1.01.087,,PS,By Type,"FLOOR FINISH: vinyl, seamless, coved, standard slip resistant, feature",Refer to Typical Room,By Space Type,0b02QjUHX1sxih2bfCxgsC,59 W,Power Density,2700,"1 Bed Room, Obstetric - Low Sensory",IP2.10.185,0,Rooms,AROO,Rooms,IP2,18.020929499999465,Architecture,WBH-W-10.185,"1 Bed Room, Obstetric - Low Sensory",01,YES,SL_90_10,Room Spaces,1 patient; 1-2 staff; 1-2 visitors,0,New Construction,20.00%,Power Density,,0,0,PS-1BR-OBS-L,73 W,0.0,0 W,10.76 W/m²,0 W,13.99 W/m²,132 W,2700,LEVEL 10,0.0,AR Rooms
2026-08-01 19:58:17,11608888,NWB-ARC-WBH-AR-MOD-0036.rvt : 26 : location Internal,NWB-ARC-WBH-AR-MOD-0036,12538052,250026ad-7918-41db-bb2b-0a5a4c51fd4d-00bf50c4,IP2.10.215,"Ensuite, Accessible",LEVEL 10,New Construction,Inpatient Obstetric 2,IP2,,,,6.8 m²,10635,146.616634,254.323993,250.984252,0 W,0.00 W/m²,0 W,0.00 W/m²,28.6 m²,By Space Type,0,By Space Type,0.0,0.0,0.0,-2000160,"CEILING: plasterboard, water resistant, drop-in tiles, prefinished, 600 x 1200",,,0,-1,-3.142857,11.06.2026,CLTI-014,,FLVY-009,,FLSK-010,WLFI-011.07,Patient Areas,,WBH.IP2.01.056,112644,21/07/2026,ENS-ACC,7,,Refer to AusHFG ENS-ACC,,SC,By Type,"FLOOR FINISH: vinyl, seamless, coved, wet area, non-slip",,By Space Type,0b02QjUHX1sxih2bfCxgs9,59 W,Power Density,2700,"Ensuite, Accessible",IP2.10.215,0,Rooms,AROO,Rooms,IP2,7.012499999999938,Architecture,WBH-W-10.215,"Ensuite, Accessible",01,YES,SL_90_10,Room Spaces,1 patient; 1-2 staff assisting,0,New Construction,20.00%,Power Density,,0,0,SC,73 W,0.0,0 W,10.76 W/m²,0 W,13.99 W/m²,132 W,2700,LEVEL 10,0.0,AR Rooms
2026-08-01 19:58:17,11608888,NWB-ARC-WBH-AR-MOD-0036.rvt : 26 : location Internal,NWB-ARC-WBH-AR-MOD-0036,12538055,250026ad-7918-41db-bb2b-0a5a4c51fd4d-00bf50c7,IP2.10.257,"Toilet, Staff, 3m2",LEVEL 10,New Construction,Inpatient Obstetric 2,IP2,,,,3.4 m²,7640,243.47687,251.486067,250.984252,0 W,0.00 W/m²,0 W,0.00 W/m²,28.6 m²,By Space Type,0,By Space Type,0.0,0.0,0.0,-2000160,"CEILING: plasterboard, water resistant, drop-in tiles, prefinished, 600 x 1200",,,0,-1,12.666667,11.06.2026,CLTI-014,,FLVY-009,,FLSK-010,WLFI-001,Staff Areas,,WBH.IP2.03.003,112696,21/07/2026,WCST,3,,Refer to AusHFG WCST,,SC,By Type,"FLOOR FINISH: vinyl, seamless, coved, wet area, non-slip",,By Space Type,0b02QjUHX1sxih2bfCxgsA,59 W,Power Density,2700,"Toilet, Staff, 3m2",IP2.10.257,0,Rooms,AROO,Rooms,IP2,3.1479999999998007,Architecture,WBH-W-10.257,"Toilet, Staff, 3m2",03,YES,SL_90_10,Room Spaces,1,0,New Construction,20.00%,Power Density,,0,0,SC,73 W,0.0,0 W,10.76 W/m²,0 W,13.99 W/m²,132 W,2700,LEVEL 10,0.0,AR Rooms
2026-08-01 19:58:17,11608888,NWB-ARC-WBH-AR-MOD-0036.rvt : 26 : location Internal,NWB-ARC-WBH-AR-MOD-0036,12538058,250026ad-7918-41db-bb2b-0a5a4c51fd4d-00bf50ca,IP2.10.240,Bay - Mobile Equipment,LEVEL 10,New Construction,Inpatient Obstetric 2,IP2,,,,1.8 m²,5576,280.866624,278.581039,250.984252,0 W,0.00 W/m²,0 W,0.00 W/m²,28.6 m²,By Space Type,0,By Space Type,0.0,0.0,0.0,-2000160,"CEILING: plasterboard, drop-in tiles, prefinished, 600 x 1200",,,0,-1,-55.5,11.06.2026,CLTI-008,,FLVY-007,,FLSK-010,WLFI-001,Clinical Support Areas,,WBH.IP2.02.019,112672,21/07/2026,BMEQ,4,,Refer to AusHFG BMEQ,,SC,By Type,"FLOOR FINISH: vinyl, seamless, coved, standard slip resistant",,By Space Type,0b02QjUHX1sxih2bfCxgs7,59 W,Power Density,2700,Bay - Mobile Equipment,IP2.10.240,0,Rooms,AROO,Rooms,IP2,3.9191999999985536,Architecture,WBH-W-10.240,Bay - Mobile Equipment,02,YES,SL_90_10,Room Spaces,,0,New Construction,20.00%,Power Density,,0,0,SC,73 W,0.0,0 W,10.76 W/m²,0 W,13.99 W/m²,132 W,2700,LEVEL 10,0.0,AR Rooms
2026-08-01 19:58:17,11608888,NWB-ARC-WBH-AR-MOD-0036.rvt : 26 : location Internal,NWB-ARC-WBH-AR-MOD-0036,12538061,250026ad-7918-41db-bb2b-0a5a4c51fd4d-00bf50cd,IP2.10.241,Bay - Mobile Equipment,LEVEL 10,New Construction,Inpatient Obstetric 2,IP2,,,,1.7 m²,5628,238.462139,260.744078,250.984252,0 W,0.00 W/m²,0 W,0.00 W/m²,28.6 m²,By Space Type,0,By Space Type,0.0,0.0,0.0,-2000160,"CEILING: plasterboard, drop-in tiles, prefinished, 600 x 1200",,,0,-1,-50.25,11.06.2026,CLTI-008,,FLVY-007,,FLSK-010,WLFI-001,Clinical Support Areas,,WBH.IP2.02.020,112673,21/07/2026,BMEQ,4,,Refer to AusHFG BMEQ,,SC,By Type,"FLOOR FINISH: vinyl, seamless, coved, standard slip resistant",,By Space Type,0b02QjUHX1sxih2bfCxgs0,59 W,Power Density,2438,Bay - Mobile Equipment,IP2.10.241,0,Rooms,AROO,Rooms,IP2,3.830950000000232,Architecture,WBH-W-10.241,Bay - Mobile Equipment,02,YES,SL_90_10,Room Spaces,,0,New Construction,20.00%,Power Density,,0,0,SC,73 W,0.0,0 W,10.76 W/m²,0 W,13.99 W/m²,132 W,2438,LEVEL 10,0.0,AR Rooms
2026-08-01 19:58:17,11608888,NWB-ARC-WBH-AR-MOD-0036.rvt : 26 : location Internal,NWB-ARC-WBH-AR-MOD-0036,12540609,250026ad-7918-41db-bb2b-0a5a4c51fd4d-00bf5ac1,IP2.10.227,"Office, Clinical Workroom",LEVEL 10,New Construction,Inpatient Obstetric 2,IP2,,,,18.4 m²,18409,289.937664,255.691283,250.984252,0 W,0.00 W/m²,0 W,0.00 W/m²,28.6 m²,By Space Type,0,By Space Type,0.0,0.0,0.0,-2000160,"CEILING: acoustic, drop-in tiles, 600 x 1200",,,0,-1,-0.55,11.06.2026,CLTI-002,,FLVY-007,,FLSK-010,WLFI-001,Clinical Support Areas,,WBH.IP2.02.005,112658,21/07/2026,OFF-CLN,20,,NWB-ARC-WBH-AR-RLS-DR-OFF-CLN-20-IP1,,DR,By Type,"FLOOR FINISH: vinyl, seamless, coved, standard slip resistant",Refer to Typical Room,By Space Type,0b02QjUHX1sxih2bfCxgUC,59 W,Power Density,2700,"Office, Clinical Workroom",IP2.10.227,0,Rooms,AROO,Rooms,IP2,19.424333499993296,Architecture,WBH-W-10.227,"Office, Clinical Workroom",02,YES,SL_90_10,Room Spaces,4 workstations,0,New Construction,20.00%,Power Density,,0,0,DR,73 W,0.0,0 W,10.76 W/m²,0 W,13.99 W/m²,132 W,2700,LEVEL 10,0.0,AR Rooms
2026-08-01 19:58:17,11608888,NWB-ARC-WBH-AR-MOD-0036.rvt : 26 : location Internal,NWB-ARC-WBH-AR-MOD-0036,12541537,af3248a4-e8e9-412b-81e6-73b25392ec3a-00bf5e61,IP2.10.225,"Staff Station, 20m2",LEVEL 10,New Construction,Inpatient Obstetric 2,IP2,,,,18.3 m²,17614,316.299985,255.382664,250.984252,0 W,0.00 W/m²,0 W,0.00 W/m²,28.6 m²,By Space Type,0,By Space Type,0.0,0.0,0.0,-2000160,"CEILING: acoustic, drop-in tiles, 600 x 1200",,,0,-1,14.1875,11.06.2026,CLTI-002,,FLVY-500,,FLSK-010,WLFI-001,Clinical Support Areas,,WBH.IP2.02.003,112656,21/07/2026,SSTN-20,16,,NWB-ARC-WBH-AR-RLS-DR-SSTN-16-IP1,,DR,By Type,"FLOOR FINISH: vinyl, seamless, coved, standard slip resistant, feature",Refer to Typical Room,By Space Type,2lCaYawEb1Au7cSx9JBR9R,59 W,Power Density,2700,"Staff Station, 20m2",IP2.10.225,0,Rooms,AROO,Rooms,IP2,19.527250806631898,Architecture,WBH-W-10.225,"Staff Station, 20m2",02,YES,SL_90_10,Room Spaces,3 workstations,0,New Construction,20.00%,Power Density,,0,0,DR,73 W,0.0,0 W,10.76 W/m²,0 W,13.99 W/m²,132 W,2700,LEVEL 10,0.0,AR Rooms
2026-08-01 19:58:17,11608888,NWB-ARC-WBH-AR-MOD-0036.rvt : 26 : location Internal,NWB-ARC-WBH-AR-MOD-0036,12556765,cb8dc9f0-01ee-448e-80d6-a75076044ace-00bf99dd,IP1.10.098,"Office, Clinical Workroom",LEVEL 10,New Construction,Inpatient Obstetric 1,IP1,,,,14.8 m²,15420,254.822162,398.463006,250.984252,0 W,0.00 W/m²,0 W,0.00 W/m²,28.6 m²,By Space Type,0,By Space Type,0.0,0.0,0.0,-2000160,,,,0,-1,-1.066667,11.06.2026,,,FLVY-500,,FLSK-010,WLFI-001,Clinical Support Areas,,WBH.IP1.02.044,112581,21/07/2026,OFF-CLN,15,,NWB-ARC-WBH-AR-RLS-IP1.02.044,,SC,By Type,"FLOOR FINISH: vinyl, seamless, coved, standard slip resistant, feature",,By Space Type,3BZSdm0Uv4Ze3Mfr1skzCJ,59 W,Power Density,2700,"Office, Clinical Workroom",IP1.10.098,0,Rooms,AROO,Rooms,IP1,14.624249999999956,Architecture,WBH-W-10.098,"Office, Clinical Workroom",02,YES,SL_90_10,Room Spaces,4 workstations,0,New Construction,20.00%,Power Density,D40_Done,Yes,0,SC,73 W,0.0,0 W,10.76 W/m²,0 W,13.99 W/m²,132 W,2700,LEVEL 10,0.0,AR Rooms
2026-08-01 19:58:17,11608888,NWB-ARC-WBH-AR-MOD-0036.rvt : 26 : location Internal,NWB-ARC-WBH-AR-MOD-0036,12556768,cb8dc9f0-01ee-448e-80d6-a75076044ace-00bf99e0,IP1.10.089,Store - General,LEVEL 10,New Construction,Inpatient Obstetric 1,IP1,,,,10.4 m²,14775,279.596089,396.651838,250.984252,0 W,0.00 W/m²,0 W,0.00 W/m²,28.6 m²,By Space Type,0,By Space Type,0.0,0.0,0.0,-2000160,"CEILING: plasterboard, drop-in tiles, prefinished, 600 x 1200",,,0,-1,15.555556,11.06.2026,CLTI-008,,FLVY-007,,FLSK-010,WLFI-001,Clinical Support Areas,STGN,WBH.IP1.02.035,112566,21/07/2026,STGN,9,,NWB-ARC-WBH-AR-RLS-IP1.02.035,,SC,By Type,"FLOOR FINISH: vinyl, seamless, coved, standard slip resistant",,By Space Type,3BZSdm0Uv4Ze3Mfr1skzCk,59 W,Power Density,2700,Store - General,IP1.10.089,0,Rooms,AROO,Rooms,IP1,9.296599999999835,Architecture,WBH-W-10.089,Store - General,02,YES,SL_90_10,Room Spaces,"1-2 staff, intermittently",0,New Construction,20.00%,Power Density,,Yes,0,SC,73 W,0.0,0 W,10.76 W/m²,0 W,13.99 W/m²,132 W,2700,LEVEL 10,0.0,AR Rooms
2026-08-01 19:58:17,11608888,NWB-ARC-WBH-AR-MOD-0036.rvt : 26 : location Internal,NWB-ARC-WBH-AR-MOD-0036,12556771,cb8dc9f0-01ee-448e-80d6-a75076044ace-00bf99e3,IP1.10.090,"Store - Equipment, 20m2",LEVEL 10,New Construction,Inpatient Obstetric 1,IP1,,,,16.8 m²,18486,265.291995,399.031178,250.984252,0 W,0.00 W/m²,0 W,0.00 W/m²,28.6 m²,By Space Type,0,By Space Type,0.0,0.0,0.0,-2000160,"CEILING: plasterboard, drop-in tiles, prefinished, 600 x 1200",,,0,-1,-16.05,11.06.2026,CLTI-008,,FLVY-007,,FLSK-010,WLFI-001,Clinical Support Areas,,WBH.IP1.02.036,112567,21/07/2026,STEQ-20,20,,NWB-ARC-WBH-AR-RLS-IP1.02.036,,DR,By Type,"FLOOR FINISH: vinyl, seamless, coved, standard slip resistant",Typical Room,By Space Type,3BZSdm0Uv4Ze3Mfr1skzCj,59 W,Power Density,2700,"Store - Equipment, 20m2",IP1.10.090,0,Rooms,AROO,Rooms,IP1,18.101104499999714,Architecture,WBH-W-10.090,"Store - Equipment, 20m2",02,YES,SL_90_10,Room Spaces,"1-2 staff, intermittently",0,New Construction,20.00%,Power Density,,Yes,0,DR,73 W,0.0,0 W,10.76 W/m²,0 W,13.99 W/m²,132 W,2700,LEVEL 10,0.0,AR Rooms
2026-08-01 19:58:17,11608888,NWB-ARC-WBH-AR-MOD-0036.rvt : 26 : location Internal,NWB-ARC-WBH-AR-MOD-0036,12556774,cb8dc9f0-01ee-448e-80d6-a75076044ace-00bf99e6,IP1.10.083,Cleaner's Room,LEVEL 10,New Construction,Inpatient Obstetric 1,IP1,,,,13.9 m²,15497,220.684786,283.893747,250.984252,0 W,0.00 W/m²,0 W,0.00 W/m²,28.6 m²,By Space Type,0,By Space Type,0.0,0.0,0.0,-2000160,"CEILING: plasterboard, water resistant, drop-in tiles, prefinished, 600 x 1200",,,0,-1,38.5,11.06.2026,CLTI-014,,FLVY-004,,FLSK-010,WLFI-001,Clinical Support Areas,,WBH.IP1.02.026,107969,21/07/2026,CLRM-10,10,,NWB-ARC-WBH-AR-RLS-IP1.02.026,,PS,By Type,"FLOOR FINISH: vinyl, seamless, coved, non-slip, safety",Refer to Typical Room,By Space Type,3BZSdm0Uv4Ze3Mfr1skzCe,59 W,Power Density,2700,Cleaner's Room,IP1.10.083,0,Rooms,AROO,Rooms,IP1,10.028230500000106,Architecture,WBH-W-10.083,Cleaner's Room,02,YES,SL_90_10,Room Spaces,1-2 staff intermittently,0,New Construction,20.00%,Power Density,,Yes,0,PS-CLRM,73 W,0.0,0 W,10.76 W/m²,0 W,13.99 W/m²,132 W,2700,LEVEL 10,0.0,AR Rooms
2026-08-01 19:58:17,11608888,NWB-ARC-WBH-AR-MOD-0036.rvt : 26 : location Internal,NWB-ARC-WBH-AR-MOD-0036,12557320,cb8dc9f0-01ee-448e-80d6-a75076044ace-00bf9c08,IP2.10.253,"Office, 3 Person",LEVEL 10,New Construction,Inpatient Obstetric 2,IP2,,,,14.2 m²,16726,249.765752,275.918778,250.984252,0 W,0.00 W/m²,0 W,0.00 W/m²,28.6 m²,By Space Type,0,By Space Type,0.0,0.0,0.0,-2000160,,,,0,-1,-5.4,11.06.2026,,,FLVY-500,,FLSK-010,WLFI-001,Clinical Support Areas,,WBH.IP2.02.033,112691,21/07/2026,OFF-3P,15,,NWB-ARC-GEN-AR-RLS-PS-OFF-3P,,PS,By Type,"FLOOR FINISH: vinyl, seamless, coved, standard slip resistant, feature",,By Space Type,3BZSdm0Uv4Ze3Mfr1skzR6,59 W,Power Density,2700,"Office, 3 Person",IP2.10.253,0,Rooms,AROO,Rooms,IP2,14.013797250000565,Architecture,WBH-W-10.253,"Office, 3 Person",02,YES,SL_90_10,Room Spaces,Up to 3 staff,0,New Construction,20.00%,Power Density,D40_Done,No,0,PS-OFF-3P,73 W,0.0,0 W,10.76 W/m²,0 W,13.99 W/m²,132 W,2700,LEVEL 10,0.0,AR Rooms
2026-08-01 19:58:17,11608888,NWB-ARC-WBH-AR-MOD-0036.rvt : 26 : location Internal,NWB-ARC-WBH-AR-MOD-0036,12557580,cb8dc9f0-01ee-448e-80d6-a75076044ace-00bf9d0c,IP1.10.071,"Medication Room, 20m2",LEVEL 10,New Construction,Inpatient Obstetric 1,IP1,,,,18.1 m²,19942,274.498031,419.346139,250.984252,0 W,0.00 W/m²,0 W,0.00 W/m²,28.6 m²,By Space Type,0,By Space Type,0.0,0.0,0.0,-2000160,"CEILING: plasterboard, flush set, suspended, paint, washable",,,0,-1,-9.55,11.06.2026,CLFS-006,,FLVY-007,,FLSK-010,WLFI-001,Clinical Support Areas,,WBH.IP1.02.011,107954,21/07/2026,MED-20,20,,NWB-ARC-WBH-AR-RLS-IP1.02.011,,PS,By Type,"FLOOR FINISH: vinyl, seamless, coved, standard slip resistant",Typical Room,By Space Type,3BZSdm0Uv4Ze3Mfr1skzV2,59 W,Power Density,2700,"Medication Room, 20m2",IP1.10.071,0,Rooms,AROO,Rooms,IP1,16.65029549999518,Architecture,WBH-W-10.071,"Medication Room, 20m2",02,YES,SL_90_10,Room Spaces,1 - 2 staff intermittently,0,New Construction,20.00%,Power Density,,Yes,0,PS-MED-20,73 W,0.0,0 W,10.76 W/m²,0 W,13.99 W/m²,132 W,2700,LEVEL 10,0.0,AR Rooms
2026-08-01 19:58:17,11608888,NWB-ARC-WBH-AR-MOD-0036.rvt : 26 : location Internal,NWB-ARC-WBH-AR-MOD-0036,12557600,cb8dc9f0-01ee-448e-80d6-a75076044ace-00bf9d20,IP1.10.095,"Office, 1 Person",LEVEL 10,New Construction,Inpatient Obstetric 1,IP1,,,,8.6 m²,12315,242.143667,399.909014,250.984252,0 W,0.00 W/m²,0 W,0.00 W/m²,28.6 m²,By Space Type,0,By Space Type,0.0,0.0,0.0,-2000160,,,,0,-1,-4,11.06.2026,,,FLVY-500,,FLSK-010,WLFI-001,Clinical Support Areas,,WBH.IP1.02.041,112578,21/07/2026,OFF-1P,9,,Refer to AusHFG OFF-1P-9,,SC,By Type,"FLOOR FINISH: vinyl, seamless, coved, standard slip resistant, feature",,By Space Type,3BZSdm0Uv4Ze3Mfr1skzVk,59 W,Power Density,2700,"Office, 1 Person",IP1.10.095,0,Rooms,AROO,Rooms,IP1,9.125491500000132,Architecture,WBH-W-10.095,"Office, 1 Person",02,YES,SL_90_10,Room Spaces,"1 staff, up to 2 visitors",0,New Construction,20.00%,Power Density,,0,0,SC,73 W,0.0,0 W,10.76 W/m²,0 W,13.99 W/m²,132 W,2700,LEVEL 10,0.0,AR Rooms
2026-08-01 19:58:17,11608888,NWB-ARC-WBH-AR-MOD-0036.rvt : 26 : location Internal,NWB-ARC-WBH-AR-MOD-0036,12564652,f12da55b-8bb8-4ca2-8089-19cf4bc0a430-00bf62cb,IP2.10.224,"Staff Station, 14m2",LEVEL 10,New Construction,Inpatient Obstetric 2,IP2,,,,14.6 m²,16964,165.275832,255.607823,250.984252,0 W,0.00 W/m²,0 W,0.00 W/m²,28.6 m²,By Space Type,0,By Space Type,0.0,0.0,0.0,-2000160,"CEILING: acoustic, drop-in tiles, 600 x 1200",,,0,-1,45.2,11.06.2026,CLTI-002,,FLVY-500,,FLSK-010,WLFI-001,Clinical Support Areas,,WBH.IP2.02.002,112655,21/07/2026,SSTN-14,10,,Refer to AusHFG SSTN-10,,SC,By Type,"FLOOR FINISH: vinyl, seamless, coved, standard slip resistant, feature",,By Space Type,3nBQLRYxXCee296SzBVyRx,59 W,Power Density,2700,"Staff Station, 14m2",IP2.10.224,0,Rooms,AROO,Rooms,IP2,10.98678000157799,Architecture,WBH-W-10.224,"Staff Station, 14m2",02,YES,SL_90_10,Room Spaces,2 workstations,0,New Construction,20.00%,Power Density,,0,0,SC,73 W,0.0,0 W,10.76 W/m²,0 W,13.99 W/m²,132 W,2700,LEVEL 10,0.0,AR Rooms
2026-08-01 19:58:17,11608888,NWB-ARC-WBH-AR-MOD-0036.rvt : 26 : location Internal,NWB-ARC-WBH-AR-MOD-0036,12564682,f12da55b-8bb8-4ca2-8089-19cf4bc0a430-00bf6606,IP2.10.235,"Medication Room, 20m2",LEVEL 10,New Construction,Inpatient Obstetric 2,IP2,,,,18.2 m²,17124,273.928806,255.960312,250.984252,0 W,0.00 W/m²,0 W,0.00 W/m²,28.6 m²,By Space Type,0,By Space Type,0.0,0.0,0.0,-2000160,"CEILING: plasterboard, flush set, suspended, paint, washable",,,0,-1,-2.65,11.06.2026,CLFS-006,,FLVY-007,,FLSK-010,WLFI-001,Clinical Support Areas,,WBH.IP2.02.014,112667,21/07/2026,MED-20,20,,NWB-ARC-GEN-AR-RLS-PS-MED-20,,PS,By Type,"FLOOR FINISH: vinyl, seamless, coved, standard slip resistant",Refer to Typical Room,By Space Type,3nBQLRYxXCee296SzBVy8s,59 W,Power Density,2700,"Medication Room, 20m2",IP2.10.235,0,Rooms,AROO,Rooms,IP2,16.65636649998089,Architecture,WBH-W-10.235,"Medication Room, 20m2",02,YES,SL_90_10,Room Spaces,1 - 2 staff intermittently,0,New Construction,20.00%,Power Density,,0,0,PS-MED-20,73 W,0.0,0 W,10.76 W/m²,0 W,13.99 W/m²,132 W,2700,LEVEL 10,0.0,AR Rooms
2026-08-01 19:58:17,11608888,NWB-ARC-WBH-AR-MOD-0036.rvt : 26 : location Internal,NWB-ARC-WBH-AR-MOD-0036,12564684,f12da55b-8bb8-4ca2-8089-19cf4bc0a430-00bf6609,IP2.10.252,"Office, 1 Person",LEVEL 10,New Construction,Inpatient Obstetric 2,IP2,,,,8.4 m²,11916,225.160293,296.286847,250.984252,0 W,0.00 W/m²,0 W,0.00 W/m²,28.6 m²,By Space Type,0,By Space Type,0.0,0.0,0.0,-2000160,,,,0,-1,-7,11.06.2026,,,FLVY-500,,FLSK-010,WLFI-001,Clinical Support Areas,,WBH.IP2.02.032,112690,21/07/2026,OFF-1P,9,,Refer to AusHFG OFF-1P-9,,SC,By Type,"FLOOR FINISH: vinyl, seamless, coved, standard slip resistant, feature",,By Space Type,3nBQLRYxXCee296SzBVy8v,59 W,Power Density,2700,"Office, 1 Person",IP2.10.252,0,Rooms,AROO,Rooms,IP2,9.118088000000057,Architecture,WBH-W-10.252,"Office, 1 Person",02,YES,SL_90_10,Room Spaces,"1 staff, up to 2 visitors",0,New Construction,20.00%,Power Density,D40_Done,0,0,SC,73 W,0.0,0 W,10.76 W/m²,0 W,13.99 W/m²,132 W,2700,LEVEL 10,0.0,AR Rooms
2026-08-01 19:58:17,11608888,NWB-ARC-WBH-AR-MOD-0036.rvt : 26 : location Internal,NWB-ARC-WBH-AR-MOD-0036,12564696,f12da55b-8bb8-4ca2-8089-19cf4bc0a430-00bf6b97,IP2.10.234,"Clean Store, Imprest, 20m2",LEVEL 10,New Construction,Inpatient Obstetric 2,IP2,,,,18.0 m²,18850,260.148458,256.944564,250.984252,0 W,0.00 W/m²,0 W,0.00 W/m²,28.6 m²,By Space Type,0,By Space Type,0.0,0.0,0.0,-2000160,"CEILING: plasterboard, flush set, suspended, paint, washable",,,0,-1,-2.85,11.06.2026,CLFS-006,,FLVY-007,,FLSK-010,WLFI-001,Clinical Support Areas,,WBH.IP2.02.012,112665,21/07/2026,CLN-20 (IMP),20,,NWB-ARC-WBH-AR-RLS-DR-CLN-20-IP1,,DR,By Type,"FLOOR FINISH: vinyl, seamless, coved, standard slip resistant",Refer to Typical Room,By Space Type,3nBQLRYxXCee296SzBVy_d,59 W,Power Density,2700,"Clean Store, Imprest, 20m2",IP2.10.234,0,Rooms,AROO,Rooms,IP2,16.237602500001454,Architecture,WBH-W-10.234,"Clean Store, Imprest, 20m2",02,YES,SL_90_10,Room Spaces,1 - 2 staff intermittently,0,New Construction,20.00%,Power Density,,0,0,DR,73 W,0.0,0 W,10.76 W/m²,0 W,13.99 W/m²,132 W,2700,LEVEL 10,0.0,AR Rooms
2026-08-01 19:58:17,11608888,NWB-ARC-WBH-AR-MOD-0036.rvt : 26 : location Internal,NWB-ARC-WBH-AR-MOD-0036,12564710,f12da55b-8bb8-4ca2-8089-19cf4bc0a430-00bf6fe6,IP2.10.237,"Dirty Utility, 14m2",LEVEL 10,New Construction,Inpatient Obstetric 2,IP2,,,,11.9 m²,13972,246.526663,258.065751,250.984252,0 W,0.00 W/m²,0 W,0.00 W/m²,28.6 m²,By Space Type,0,By Space Type,0.0,0.0,0.0,-2000160,"CEILING: plasterboard, water resistant, drop-in tiles, prefinished, 600 x 1200",,,0,-1,-6.5,11.06.2026,CLTI-014,,FLVY-009,,FLSK-010,WLFI-001,Clinical Support Areas,,WBH.IP2.02.016,112669,21/07/2026,DTUR-14,14,,NWB-ARC-WBH-AR-RLS-IP2.02.016,,DR,By Type,"FLOOR FINISH: vinyl, seamless, coved, wet area, non-slip",Refer to Typical Room,By Space Type,3nBQLRYxXCee296SzBVylM,59 W,Power Density,2700,"Dirty Utility, 14m2",IP2.10.237,0,Rooms,AROO,Rooms,IP2,13.152750000002955,Architecture,WBH-W-10.237,"Dirty Utility, 14m2",02,YES,SL_90_10,Room Spaces,1 - 2 intermittently,0,New Construction,20.00%,Power Density,,Yes,0,DR,73 W,0.0,0 W,10.76 W/m²,0 W,13.99 W/m²,132 W,2700,LEVEL 10,0.0,AR Rooms
2026-08-01 19:58:17,11608888,NWB-ARC-WBH-AR-MOD-0036.rvt : 26 : location Internal,NWB-ARC-WBH-AR-MOD-0036,12564716,f12da55b-8bb8-4ca2-8089-19cf4bc0a430-00bf70e5,IP2.10.228,"Office, Clinical Workroom",LEVEL 10,New Construction,Inpatient Obstetric 2,IP2,,,,13.9 m²,15659,264.884499,275.528682,250.984252,0 W,0.00 W/m²,0 W,0.00 W/m²,28.6 m²,By Space Type,0,By Space Type,0.0,0.0,0.0,-2000160,"CEILING: acoustic, drop-in tiles, 600 x 1200",,,0,-1,-7.333333,11.06.2026,CLTI-002,,FLVY-007,,FLSK-010,WLFI-001,Clinical Support Areas,,WBH.IP2.02.006,112659,21/07/2026,OFF-CLN,15,,NWB-ARC-WBH-AR-RLS-IP2.02.006,,SC,By Type,"FLOOR FINISH: vinyl, seamless, coved, standard slip resistant",,By Space Type,3nBQLRYxXCee296SzBVzJL,59 W,Power Density,2700,"Office, Clinical Workroom",IP2.10.228,0,Rooms,AROO,Rooms,IP2,14.269302628229912,Architecture,WBH-W-10.228,"Office, Clinical Workroom",02,YES,SL_90_10,Room Spaces,4 workstations,0,New Construction,20.00%,Power Density,D40_Done,Yes,0,SC,73 W,0.0,0 W,10.76 W/m²,0 W,13.99 W/m²,132 W,2700,LEVEL 10,0.0,AR Rooms
2026-08-01 19:58:17,11608888,NWB-ARC-WBH-AR-MOD-0036.rvt : 26 : location Internal,NWB-ARC-WBH-AR-MOD-0036,12564718,f12da55b-8bb8-4ca2-8089-19cf4bc0a430-00bf70e8,IP2.10.238,"Store - Equipment, 20m2",LEVEL 10,New Construction,Inpatient Obstetric 2,IP2,,,,16.6 m²,17722,316.772025,281.696653,250.984252,0 W,0.00 W/m²,0 W,0.00 W/m²,28.6 m²,By Space Type,0,By Space Type,0.0,0.0,0.0,-2000160,"CEILING: plasterboard, drop-in tiles, prefinished, 600 x 1200",,,0,-1,-15.65,11.06.2026,CLTI-008,,FLVY-007,,FLSK-010,WLFI-001,Clinical Support Areas,,WBH.IP2.02.017,112670,21/07/2026,STEQ-20,20,,NWB-ARC-WBH-AR-RLS-DR-STEQ2-20-IP1,,DR,By Type,"FLOOR FINISH: vinyl, seamless, coved, standard slip resistant",Refer to Typical Room,By Space Type,3nBQLRYxXCee296SzBVzJO,59 W,Power Density,2700,"Store - Equipment, 20m2",IP2.10.238,0,Rooms,AROO,Rooms,IP2,18.629982688228797,Architecture,WBH-W-10.238,"Store - Equipment, 20m2",02,YES,SL_90_10,Room Spaces,"1-2 staff, intermittently",0,New Construction,20.00%,Power Density,,No,0,DR,73 W,0.0,0 W,10.76 W/m²,0 W,13.99 W/m²,132 W,2700,LEVEL 10,0.0,AR Rooms
2026-08-01 19:58:17,11608888,NWB-ARC-WBH-AR-MOD-0036.rvt : 26 : location Internal,NWB-ARC-WBH-AR-MOD-0036,12565280,a52b0129-e7cf-4a38-96d8-3df693b38fac-00bfb99b,IP2.10.230,Bay - Resuscitation Trolley,LEVEL 10,New Construction,Inpatient Obstetric 2,IP2,,,,1.8 m²,5446,296.156796,250.219534,250.984252,0 W,0.00 W/m²,0 W,0.00 W/m²,28.6 m²,By Space Type,0,By Space Type,0.0,0.0,0.0,-2000160,"CEILING: plasterboard, drop-in tiles, prefinished, 600 x 1200",,,0,-1,18.666667,11.06.2026,CLTI-008,,FLVY-007,,FLSK-010,WLFI-001,Clinical Support Areas,,WBH.IP2.02.008,112661,21/07/2026,BRES,1.5,,Refer to AusHFG BRES,,SC,By Type,"FLOOR FINISH: vinyl, seamless, coved, standard slip resistant",,By Space Type,2bAm4fvyzAE9ROFVQJ33Ot,59 W,Power Density,2700,Bay - Resuscitation Trolley,IP2.10.230,0,Rooms,AROO,Rooms,IP2,1.4334250000001165,Architecture,WBH-W-10.230,Bay - Resuscitation Trolley,02,YES,SL_90_10,Room Spaces,,0,New Construction,20.00%,Power Density,,0,0,SC,73 W,0.0,0 W,10.76 W/m²,0 W,13.99 W/m²,132 W,2700,LEVEL 10,0.0,AR Rooms
2026-08-01 19:58:17,11608888,NWB-ARC-WBH-AR-MOD-0036.rvt : 26 : location Internal,NWB-ARC-WBH-AR-MOD-0036,12565282,a52b0129-e7cf-4a38-96d8-3df693b38fac-00bfb99e,IP2.10.246,Bay - Linen,LEVEL 10,New Construction,Inpatient Obstetric 2,IP2,,,,1.4 m²,4832,363.512454,253.087444,250.984252,0 W,0.00 W/m²,0 W,0.00 W/m²,28.6 m²,By Space Type,0,By Space Type,0.0,0.0,0.0,-2000160,"CEILING: plasterboard, drop-in tiles, prefinished, 600 x 1200",,,0,-1,-31,11.06.2026,CLTI-008,,FLVY-007,,FLSK-010,WLFI-001,Clinical Support Areas,,WBH.IP2.02.025,112678,21/07/2026,BLIN,2,,Refer to AusHFG BLIN,,SC,By Type,"FLOOR FINISH: vinyl, seamless, coved, standard slip resistant",,By Space Type,2bAm4fvyzAE9ROFVQJ33Oo,59 W,Power Density,2438,Bay - Linen,IP2.10.246,0,Rooms,AROO,Rooms,IP2,1.5939000000000478,Architecture,WBH-W-10.246,Bay - Linen,02,YES,SL_90_10,Room Spaces,1-2 intermittently,0,New Construction,20.00%,Power Density,,0,0,SC,73 W,0.0,0 W,10.76 W/m²,0 W,13.99 W/m²,132 W,2438,LEVEL 10,0.0,AR Rooms
2026-08-01 19:58:17,11608888,NWB-ARC-WBH-AR-MOD-0036.rvt : 26 : location Internal,NWB-ARC-WBH-AR-MOD-0036,12565284,a52b0129-e7cf-4a38-96d8-3df693b38fac-00bfb9a4,IP2.10.236,Store - General,LEVEL 10,New Construction,Inpatient Obstetric 2,IP2,,,,7.4 m²,11152,309.07878,276.619149,250.984252,0 W,0.00 W/m²,0 W,0.00 W/m²,28.6 m²,By Space Type,0,By Space Type,0.0,0.0,0.0,-2000160,"CEILING: plasterboard, drop-in tiles, prefinished, 600 x 1200",,,0,-1,-21.777778,11.06.2026,CLTI-008,,FLVY-007,,FLSK-010,WLFI-001,Clinical Support Areas,,WBH.IP2.02.015,112668,21/07/2026,STGN,9,,Refer to AusHFG STGN,,SC,By Type,"FLOOR FINISH: vinyl, seamless, coved, standard slip resistant",,By Space Type,2bAm4fvyzAE9ROFVQJ33O8,59 W,Power Density,2700,Store - General,IP2.10.236,0,Rooms,AROO,Rooms,IP2,9.105750000000905,Architecture,WBH-W-10.236,Store - General,02,YES,SL_90_10,Room Spaces,"1-2 staff, intermittently",0,New Construction,20.00%,Power Density,,0,0,SC,73 W,0.0,0 W,10.76 W/m²,0 W,13.99 W/m²,132 W,2700,LEVEL 10,0.0,AR Rooms
2026-08-01 19:58:17,11608888,NWB-ARC-WBH-AR-MOD-0036.rvt : 26 : location Internal,NWB-ARC-WBH-AR-MOD-0036,12565290,a52b0129-e7cf-4a38-96d8-3df693b38fac-00bfba69,IP2.10.242,"Bay - Handwashing, Type B",LEVEL 10,New Construction,Inpatient Obstetric 2,IP2,,,,0.8 m²,3647,238.753693,278.385723,250.984252,0 W,0.00 W/m²,0 W,0.00 W/m²,28.6 m²,By Space Type,0,By Space Type,0.0,0.0,0.0,-2000160,"CEILING: plasterboard, flush set, suspended, paint, washable",,,0,-1,-23,11.06.2026,CLFS-006,,FLVY-003,,FLSK-010,WLFI-001,Clinical Support Areas,,WBH.IP2.02.021,112674,21/07/2026,BHWS-B,1,,Refer to AusHFG BHWS-B,,SC,By Type,"FLOOR FINISH: vinyl, seamless, coved, non slip",,By Space Type,2bAm4fvyzAE9ROFVQJ33N5,59 W,Power Density,2700,"Bay - Handwashing, Type B",IP2.10.242,0,Rooms,AROO,Rooms,IP2,1.6614999993900794,Architecture,WBH-W-10.242,"Bay - Handwashing, Type B",02,YES,SL_90_10,Room Spaces,1,0,New Construction,20.00%,Power Density,,0,0,SC,73 W,0.0,0 W,10.76 W/m²,0 W,13.99 W/m²,132 W,2700,LEVEL 10,0.0,AR Rooms
2026-08-01 19:58:17,11608888,NWB-ARC-WBH-AR-MOD-0036.rvt : 26 : location Internal,NWB-ARC-WBH-AR-MOD-0036,12565292,a52b0129-e7cf-4a38-96d8-3df693b38fac-00bfba6c,IP2.10.247,Bay - Linen,LEVEL 10,New Construction,Inpatient Obstetric 2,IP2,,,,2.1 m²,6201,146.721549,250.564056,250.984252,0 W,0.00 W/m²,0 W,0.00 W/m²,28.6 m²,By Space Type,0,By Space Type,0.0,0.0,0.0,-2000160,"CEILING: plasterboard, drop-in tiles, prefinished, 600 x 1200",,,0,-1,4,11.06.2026,CLTI-008,,FLVY-007,,FLSK-010,WLFI-001,Clinical Support Areas,,WBH.IP2.02.026,112679,21/07/2026,BLIN,2,,Refer to AusHFG BLIN,,SC,By Type,"FLOOR FINISH: vinyl, seamless, coved, standard slip resistant",,By Space Type,2bAm4fvyzAE9ROFVQJ33N0,59 W,Power Density,2700,Bay - Linen,IP2.10.247,0,Rooms,AROO,Rooms,IP2,1.6615000006097305,Architecture,WBH-W-10.247,Bay - Linen,02,YES,SL_90_10,Room Spaces,1-2 intermittently,0,New Construction,20.00%,Power Density,,0,0,SC,73 W,0.0,0 W,10.76 W/m²,0 W,13.99 W/m²,132 W,2700,LEVEL 10,0.0,AR Rooms
2026-08-01 19:58:17,11608888,NWB-ARC-WBH-AR-MOD-0036.rvt : 26 : location Internal,NWB-ARC-WBH-AR-MOD-0036,12565698,b06a5c26-246f-4c12-84de-db2860cec594-00bfbcc2,IP1.10.064,"Staff Station, 14m2",LEVEL 10,New Construction,Inpatient Obstetric 1,IP1,,,,14.3 m²,16511,190.165141,421.525791,250.984252,0 W,0.00 W/m²,0 W,0.00 W/m²,28.6 m²,By Space Type,0,By Space Type,0.0,0.0,0.0,-2000160,"CEILING: acoustic, drop-in tiles, 600 x 1200",,,0,-1,41.3,11.06.2026,CLTI-002,,FLVY-500,,FLSK-010,WLFI-001,Clinical Support Areas,,WBH.IP1.02.001,107944,21/07/2026,SSTN-14,10,,NWB-ARC-WBH-AR-RLS-IP1.02.001,,SC,By Type,"FLOOR FINISH: vinyl, seamless, coved, standard slip resistant, feature",,By Space Type,2mQbmc96zC4eJUsoXWSNbM,59 W,Power Density,2700,"Staff Station, 14m2",IP1.10.064,0,Rooms,AROO,Rooms,IP1,10.98678000000024,Architecture,WBH-W-10.064,"Staff Station, 14m2",02,YES,SL_90_10,Room Spaces,2 workstations,0,New Construction,20.00%,Power Density,,Yes,0,SC,73 W,0.0,0 W,10.76 W/m²,0 W,13.99 W/m²,132 W,2700,LEVEL 10,0.0,AR Rooms
2026-08-01 19:58:17,11608888,NWB-ARC-WBH-AR-MOD-0036.rvt : 26 : location Internal,NWB-ARC-WBH-AR-MOD-0036,12565701,b06a5c26-246f-4c12-84de-db2860cec594-00bfbcc5,IP1.10.072,"Dirty Utility, 14m2",LEVEL 10,New Construction,Inpatient Obstetric 1,IP1,,,,13.1 m²,14784,245.060181,422.12741,250.984252,0 W,0.00 W/m²,0 W,0.00 W/m²,28.6 m²,By Space Type,0,By Space Type,0.0,0.0,0.0,-2000160,"CEILING: plasterboard, water resistant, drop-in tiles, prefinished, 600 x 1200",,,0,-1,-6.642857,11.06.2026,CLTI-014,,FLVY-009,,FLSK-010,WLFI-001,Clinical Support Areas,,WBH.IP1.02.014,107957,21/07/2026,DTUR-14,14,,NWB-ARC-WBH-AR-RLS-IP1.02.014,,DR,By Type,"FLOOR FINISH: vinyl, seamless, coved, wet area, non-slip",Typical Room,By Space Type,2mQbmc96zC4eJUsoXWSNbH,59 W,Power Density,2700,"Dirty Utility, 14m2",IP1.10.072,0,Rooms,AROO,Rooms,IP1,13.383547499999201,Architecture,WBH-W-10.072,"Dirty Utility, 14m2",02,YES,SL_90_10,Room Spaces,1 - 2 intermittently,0,New Construction,20.00%,Power Density,,Yes,0,DR,73 W,0.0,0 W,10.76 W/m²,0 W,13.99 W/m²,132 W,2700,LEVEL 10,0.0,AR Rooms
2026-08-01 19:58:17,11608888,NWB-ARC-WBH-AR-MOD-0036.rvt : 26 : location Internal,NWB-ARC-WBH-AR-MOD-0036,12565709,b06a5c26-246f-4c12-84de-db2860cec594-00bfbccd,IP1.10.070,Bay - Pathology,LEVEL 10,New Construction,Inpatient Obstetric 1,IP1,,,,3.0 m²,8683,390.80734,420.152718,250.984252,0 W,0.00 W/m²,0 W,0.00 W/m²,28.6 m²,By Space Type,0,By Space Type,0.0,0.0,0.0,-2000160,"CEILING: plasterboard, drop-in tiles, prefinished, 600 x 1200",,,0,-1,0,11.06.2026,CLTI-008,,FLVY-007,,FLSK-010,WLFI-001,Clinical Support Areas,,WBH.IP1.02.008,107951,21/07/2026,BPATH,3,,NWB-ARC-GEN-AR-RLS-PS-BPATH,,PS,By Type,"FLOOR FINISH: vinyl, seamless, coved, standard slip resistant",Refer to Typical Room,By Space Type,2mQbmc96zC4eJUsoXWSNbP,59 W,Power Density,2700,Bay - Pathology,IP1.10.070,0,Rooms,AROO,Rooms,IP1,3.0013815000002504,Architecture,WBH-W-10.070,Bay - Pathology,02,YES,SL_90_10,Room Spaces,"1-2 staff, intermittently",0,New Construction,20.00%,Power Density,,0,0,PS-BPATH,73 W,0.0,0 W,10.76 W/m²,0 W,13.99 W/m²,132 W,2700,LEVEL 10,0.0,AR Rooms
2026-08-01 19:58:17,11608888,NWB-ARC-WBH-AR-MOD-0036.rvt : 26 : location Internal,NWB-ARC-WBH-AR-MOD-0036,12566233,b2e0731e-42b5-41dc-bd39-af5464b73011-00bfbd7c,IP1.10.101,"Toilet, Staff, 3m2",LEVEL 10,New Construction,Inpatient Obstetric 1,IP1,,,,3.4 m²,7446,199.635288,417.896225,250.984252,0 W,0.00 W/m²,0 W,0.00 W/m²,28.6 m²,By Space Type,0,By Space Type,0.0,0.0,0.0,-2000160,"CEILING: plasterboard, water resistant, drop-in tiles, prefinished, 600 x 1200",,,0,-1,15,11.06.2026,CLTI-014,,FLVY-009,,FLSK-010,WLFI-001,Staff Areas,,WBH.IP1.03.009,107982,21/07/2026,WCST,3,,Refer to AusHFG WCST,,SC,By Type,"FLOOR FINISH: vinyl, seamless, coved, wet area, non-slip",,By Space Type,2ou7CUGhL1tBqvhrHa28rj,59 W,Power Density,2700,"Toilet, Staff, 3m2",IP1.10.101,0,Rooms,AROO,Rooms,IP1,3.148000000000118,Architecture,WBH-W-10.101,"Toilet, Staff, 3m2",03,YES,SL_90_10,Room Spaces,1,0,New Construction,20.00%,Power Density,,0,0,SC,73 W,0.0,0 W,10.76 W/m²,0 W,13.99 W/m²,132 W,2700,LEVEL 10,0.0,AR Rooms
2026-08-01 19:58:17,11608888,NWB-ARC-WBH-AR-MOD-0036.rvt : 26 : location Internal,NWB-ARC-WBH-AR-MOD-0036,12566236,b2e0731e-42b5-41dc-bd39-af5464b73011-00bfbe2a,IP1.10.038,"Lounge, Family",LEVEL 10,New Construction,Inpatient Obstetric 1,IP1,,,,19.6 m²,20158,326.855609,390.118951,250.984252,0 W,0.00 W/m²,0 W,0.00 W/m²,28.6 m²,By Space Type,0,By Space Type,0.0,0.0,0.0,-2000160,"CEILING: acoustic, drop-in tiles, 600 x 1200",,,0,-1,-2.2,11.06.2026,CLTI-002,,FLVY-500,,FLSK-010,WLFI-001,Patient Areas,,WBH.IP1.01.060,107939,21/07/2026,LNGE-20,20,,NWB-ARC-WBH-AR-RLS-IP1.01.060,,DR,By Type,"FLOOR FINISH: vinyl, seamless, coved, standard slip resistant, feature",Typical Room,By Space Type,2ou7CUGhL1tBqvhrHa28ux,59 W,Power Density,2700,"Lounge, Family",IP1.10.038,0,Rooms,AROO,Rooms,IP1,20.832987999999776,Architecture,WBH-W-10.038,"Lounge, Family",01,YES,SL_90_10,Room Spaces,Up to 10 patients/visitors; 1-2 staff intermittently,0,New Construction,20.00%,Power Density,,Yes,0,DR,73 W,0.0,0 W,10.76 W/m²,0 W,13.99 W/m²,132 W,2700,LEVEL 10,0.0,AR Rooms
2026-08-01 19:58:17,11608888,NWB-ARC-WBH-AR-MOD-0036.rvt : 26 : location Internal,NWB-ARC-WBH-AR-MOD-0036,12566257,b2e0731e-42b5-41dc-bd39-af5464b73011-00bfbef1,IP1.10.062,"Bay - Beverage, Patient/Visitor",LEVEL 10,New Construction,Inpatient Obstetric 1,IP1,,,,2.0 m²,6507,322.809445,398.371132,250.984252,0 W,0.00 W/m²,0 W,0.00 W/m²,28.6 m²,By Space Type,0,By Space Type,0.0,0.0,0.0,-2000160,"CEILING: acoustic, drop-in tiles, 600 x 1200",,,0,-1,0.5,11.06.2026,CLTI-002,,FLVY-007,,FLSK-010,WLFI-001,Patient Areas,,WBH.IP1.01.089,112561,21/07/2026,BBEV-2,2,,NWB-ARC-WBH-AR-RLS-IP1.01.089,,PS,By Type,"FLOOR FINISH: vinyl, seamless, coved, standard slip resistant",Refer to Typical Room,By Space Type,2ou7CUGhL1tBqvhrHa28xW,59 W,Power Density,2700,"Bay - Beverage, Patient/Visitor",IP1.10.062,0,Rooms,AROO,Rooms,IP1,2.1252000000000004,Architecture,WBH-W-10.062,"Bay - Beverage, Patient/Visitor",01,YES,SL_90_10,Room Spaces,1-2 intermittently,0,New Construction,20.00%,Power Density,,Yes,0,PS-BBEV-2,73 W,0.0,0 W,10.76 W/m²,0 W,13.99 W/m²,132 W,2700,LEVEL 10,0.0,AR Rooms
2026-08-01 19:58:17,11608888,NWB-ARC-WBH-AR-MOD-0036.rvt : 26 : location Internal,NWB-ARC-WBH-AR-MOD-0036,12566260,b2e0731e-42b5-41dc-bd39-af5464b73011-00bfbef4,IP1.10.063,Bay - Vending Machine,LEVEL 10,New Construction,Inpatient Obstetric 1,IP1,,,,3.3 m²,7989,334.253903,398.612051,250.984252,0 W,0.00 W/m²,0 W,0.00 W/m²,28.6 m²,By Space Type,0,By Space Type,0.0,0.0,0.0,-2000160,"CEILING: acoustic, drop-in tiles, 600 x 1200",,,0,-1,9.666667,11.06.2026,CLTI-002,,FLVY-007,,FLSK-010,WLFI-001,Patient Areas,,WBH.IP1.01.090,112562,21/07/2026,BVM,3,,NWB-ARC-WBH-AR-RLS-IP1.01.090,,PS,By Type,"FLOOR FINISH: vinyl, seamless, coved, standard slip resistant",Refer to Typical Room,By Space Type,2ou7CUGhL1tBqvhrHa28xb,59 W,Power Density,2700,Bay - Vending Machine,IP1.10.063,0,Rooms,AROO,Rooms,IP1,3.0209337500092737,Architecture,WBH-W-10.063,Bay - Vending Machine,01,YES,SL_90_10,Room Spaces,1 - 2 intermittently,0,New Construction,20.00%,Power Density,,Yes,0,PS-BVM,73 W,0.0,0 W,10.76 W/m²,0 W,13.99 W/m²,132 W,2700,LEVEL 10,0.0,AR Rooms
2026-08-01 19:58:17,11608888,NWB-ARC-WBH-AR-MOD-0036.rvt : 26 : location Internal,NWB-ARC-WBH-AR-MOD-0036,12566334,b2e0731e-42b5-41dc-bd39-af5464b73011-00bfbf3e,IP1.10.102,"Toilet, Staff, 3m2",LEVEL 10,New Construction,Inpatient Obstetric 1,IP1,,,,3.6 m²,7682,199.398693,424.558046,250.984252,0 W,0.00 W/m²,0 W,0.00 W/m²,28.6 m²,By Space Type,0,By Space Type,0.0,0.0,0.0,-2000160,"CEILING: plasterboard, water resistant, drop-in tiles, prefinished, 600 x 1200",,,0,-1,21.666667,11.06.2026,CLTI-014,,FLVY-009,,FLSK-010,WLFI-001,Staff Areas,,WBH.IP1.03.010,107983,21/07/2026,WCST,3,,Refer to AusHFG WCST,,SC,By Type,"FLOOR FINISH: vinyl, seamless, coved, wet area, non-slip",,By Space Type,2ou7CUGhL1tBqvhrHa28yl,59 W,Power Density,2700,"Toilet, Staff, 3m2",IP1.10.102,0,Rooms,AROO,Rooms,IP1,2.775000000000016,Architecture,WBH-W-10.102,"Toilet, Staff, 3m2",03,YES,SL_90_10,Room Spaces,1,0,New Construction,20.00%,Power Density,,0,0,SC,73 W,0.0,0 W,10.76 W/m²,0 W,13.99 W/m²,132 W,2700,LEVEL 10,0.0,AR Rooms
2026-08-01 19:58:17,11608888,NWB-ARC-WBH-AR-MOD-0036.rvt : 26 : location Internal,NWB-ARC-WBH-AR-MOD-0036,12592025,70b35433-0b07-4552-8f36-b6a1adcfa991-00bfcbd3,IPG.09.305,"Ensuite, Bariatric",LEVEL 09,New Construction,Inpatient Gynaecology,IPG,,,,8.3 m²,12670,135.711942,288.552996,236.220472,0 W,0.00 W/m²,0 W,0.00 W/m²,28.6 m²,By Space Type,0,By Space Type,0.0,0.0,0.0,-2000160,"CEILING: plasterboard, water resistant, drop-in tiles, prefinished, 600 x 1200",,,0,-1,18.142857,11.06.2026,CLTI-014,,FLVY-009,,FLSK-010,WLFI-001,Patient Areas,,WBH.IPG.01.062,107830,21/07/2026,ENS-BA,7,,Refer to AusHFG ENS-BA,,SC,By Type,"FLOOR FINISH: vinyl, seamless, coved, wet area, non-slip",,By Space Type,1mirGp2mT5Keysjg6jS692,59 W,Power Density,2700,"Ensuite, Bariatric",IPG.09.305,0,Rooms,AROO,Rooms,IPG,8.23139175000101,Architecture,WBH-W-09.305,"Ensuite, Bariatric",01,YES,SL_90_10,Room Spaces,1 patient; 1-2 staff assisting,0,New Construction,20.00%,Power Density,,0,0,SC,73 W,0.0,0 W,10.76 W/m²,0 W,13.99 W/m²,132 W,2700,LEVEL 09,0.0,AR Rooms
2026-08-01 19:58:17,11608888,NWB-ARC-WBH-AR-MOD-0036.rvt : 26 : location Internal,NWB-ARC-WBH-AR-MOD-0036,12592051,d6d7d6b5-baae-44c7-bd42-aa758d2344d7-00bfc28f,IP1.10.068,Bay - Resuscitation Trolley,LEVEL 10,New Construction,Inpatient Obstetric 1,IP1,,,,1.8 m²,5525,295.404507,425.030734,250.984252,0 W,0.00 W/m²,0 W,0.00 W/m²,28.6 m²,By Space Type,0,By Space Type,0.0,0.0,0.0,-2000160,"CEILING: plasterboard, drop-in tiles, prefinished, 600 x 1200",,,0,-1,22.666667,11.06.2026,CLTI-008,,FLVY-007,,FLSK-010,WLFI-001,Clinical Support Areas,,WBH.IP1.02.006,107949,21/07/2026,BRES,1.5,,Refer to AusHFG BRES,,SC,By Type,"FLOOR FINISH: vinyl, seamless, coved, standard slip resistant",,By Space Type,3MrzQrkgv4nxr2gdMDd8PO,59 W,Power Density,2700,Bay - Resuscitation Trolley,IP1.10.068,0,Rooms,AROO,Rooms,IP1,1.433425000000081,Architecture,WBH-W-10.068,Bay - Resuscitation Trolley,02,YES,SL_90_10,Room Spaces,,0,New Construction,20.00%,Power Density,,0,0,SC,73 W,0.0,0 W,10.76 W/m²,0 W,13.99 W/m²,132 W,2700,LEVEL 10,0.0,AR Rooms
2026-08-01 19:58:17,11608888,NWB-ARC-WBH-AR-MOD-0036.rvt : 26 : location Internal,NWB-ARC-WBH-AR-MOD-0036,12592053,d6d7d6b5-baae-44c7-bd42-aa758d2344d7-00bfc292,IP1.10.081,Bay - Linen,LEVEL 10,New Construction,Inpatient Obstetric 1,IP1,,,,2.1 m²,6191,174.317269,426.279698,250.984252,0 W,0.00 W/m²,0 W,0.00 W/m²,28.6 m²,By Space Type,0,By Space Type,0.0,0.0,0.0,-2000160,"CEILING: plasterboard, drop-in tiles, prefinished, 600 x 1200",,,0,-1,4,11.06.2026,CLTI-008,,FLVY-007,,FLSK-010,WLFI-001,Clinical Support Areas,,WBH.IP1.02.024,107967,21/07/2026,BLIN,2,,Refer to AusHFG BLIN,,SC,By Type,"FLOOR FINISH: vinyl, seamless, coved, standard slip resistant",,By Space Type,3MrzQrkgv4nxr2gdMDd8P5,59 W,Power Density,2700,Bay - Linen,IP1.10.081,0,Rooms,AROO,Rooms,IP1,1.5938999999999528,Architecture,WBH-W-10.081,Bay - Linen,02,YES,SL_90_10,Room Spaces,1-2 intermittently,0,New Construction,20.00%,Power Density,,0,0,SC,73 W,0.0,0 W,10.76 W/m²,0 W,13.99 W/m²,132 W,2700,LEVEL 10,0.0,AR Rooms
2026-08-01 19:58:17,11608888,NWB-ARC-WBH-AR-MOD-0036.rvt : 26 : location Internal,NWB-ARC-WBH-AR-MOD-0036,12592055,d6d7d6b5-baae-44c7-bd42-aa758d2344d7-00bfc2a8,IP1.10.079,"Bay - Handwashing, Type B",LEVEL 10,New Construction,Inpatient Obstetric 1,IP1,,,,0.7 m²,3379,238.674952,417.31053,250.984252,0 W,0.00 W/m²,0 W,0.00 W/m²,28.6 m²,By Space Type,0,By Space Type,0.0,0.0,0.0,-2000160,"CEILING: plasterboard, flush set, suspended, paint, washable",,,0,-1,-32,11.06.2026,CLFS-006,,FLVY-003,,FLSK-010,WLFI-001,Clinical Support Areas,,WBH.IP1.02.022,107965,21/07/2026,BHWS-B,1,,Refer to AusHFG BHWS-B,,SC,By Type,"FLOOR FINISH: vinyl, seamless, coved, non slip",,By Space Type,3MrzQrkgv4nxr2gdMDd8P$,59 W,Power Density,2700,"Bay - Handwashing, Type B",IP1.10.079,0,Rooms,AROO,Rooms,IP1,1.6149779999999592,Architecture,WBH-W-10.079,"Bay - Handwashing, Type B",02,YES,SL_90_10,Room Spaces,1,0,New Construction,20.00%,Power Density,,0,0,SC,73 W,0.0,0 W,10.76 W/m²,0 W,13.99 W/m²,132 W,2700,LEVEL 10,0.0,AR Rooms
2026-08-01 19:58:17,11608888,NWB-ARC-WBH-AR-MOD-0036.rvt : 26 : location Internal,NWB-ARC-WBH-AR-MOD-0036,12592057,d6d7d6b5-baae-44c7-bd42-aa758d2344d7-00bfc2ab,IP1.10.082,Bay - Linen,LEVEL 10,New Construction,Inpatient Obstetric 1,IP1,,,,2.1 m²,5970,250.283276,414.419619,250.984252,0 W,0.00 W/m²,0 W,0.00 W/m²,28.6 m²,By Space Type,0,By Space Type,0.0,0.0,0.0,-2000160,"CEILING: plasterboard, drop-in tiles, prefinished, 600 x 1200",,,0,-1,4,11.06.2026,CLTI-008,,FLVY-007,,FLSK-010,WLFI-001,Clinical Support Areas,,WBH.IP1.02.025,107968,21/07/2026,BLIN,2,,Refer to AusHFG BLIN,,SC,By Type,"FLOOR FINISH: vinyl, seamless, coved, standard slip resistant",,By Space Type,3MrzQrkgv4nxr2gdMDd8Py,59 W,Power Density,2700,Bay - Linen,IP1.10.082,0,Rooms,AROO,Rooms,IP1,1.6149780000047693,Architecture,WBH-W-10.082,Bay - Linen,02,YES,SL_90_10,Room Spaces,1-2 intermittently,0,New Construction,20.00%,Power Density,,0,0,SC,73 W,0.0,0 W,10.76 W/m²,0 W,13.99 W/m²,132 W,2700,LEVEL 10,0.0,AR Rooms
2026-08-01 19:58:17,11608888,NWB-ARC-WBH-AR-MOD-0036.rvt : 26 : location Internal,NWB-ARC-WBH-AR-MOD-0036,12592059,d6d7d6b5-baae-44c7-bd42-aa758d2344d7-00bfc2e5,IP1.10.075,Bay - Mobile Equipment,LEVEL 10,New Construction,Inpatient Obstetric 1,IP1,,,,1.7 m²,5723,308.374038,404.760408,250.984252,0 W,0.00 W/m²,0 W,0.00 W/m²,28.6 m²,By Space Type,0,By Space Type,0.0,0.0,0.0,-2000160,"CEILING: plasterboard, drop-in tiles, prefinished, 600 x 1200",,,0,-1,-58.5,11.06.2026,CLTI-008,,FLVY-007,,FLSK-010,WLFI-001,Clinical Support Areas,,WBH.IP1.02.018,107961,21/07/2026,BMEQ,4,,Refer to AusHFG BMEQ,,SC,By Type,"FLOOR FINISH: vinyl, seamless, coved, standard slip resistant",,By Space Type,3MrzQrkgv4nxr2gdMDd8Oo,59 W,Power Density,2700,Bay - Mobile Equipment,IP1.10.075,0,Rooms,AROO,Rooms,IP1,3.8309500000005436,Architecture,WBH-W-10.075,Bay - Mobile Equipment,02,YES,SL_90_10,Room Spaces,,0,New Construction,20.00%,Power Density,,0,0,SC,73 W,0.0,0 W,10.76 W/m²,0 W,13.99 W/m²,132 W,2700,LEVEL 10,0.0,AR Rooms
2026-08-01 19:58:17,11608888,NWB-ARC-WBH-AR-MOD-0036.rvt : 26 : location Internal,NWB-ARC-WBH-AR-MOD-0036,12592061,d6d7d6b5-baae-44c7-bd42-aa758d2344d7-00bfc2e8,IP1.10.074,Bay - Mobile Equipment,LEVEL 10,New Construction,Inpatient Obstetric 1,IP1,,,,1.5 m²,4884,185.785879,426.861371,250.984252,0 W,0.00 W/m²,0 W,0.00 W/m²,28.6 m²,By Space Type,0,By Space Type,0.0,0.0,0.0,-2000160,"CEILING: plasterboard, drop-in tiles, prefinished, 600 x 1200",,,0,-1,-63.25,11.06.2026,CLTI-008,,FLVY-007,,FLSK-010,WLFI-001,Clinical Support Areas,,WBH.IP1.02.017,107960,21/07/2026,BMEQ,4,,Refer to AusHFG BMEQ,,SC,By Type,"FLOOR FINISH: vinyl, seamless, coved, standard slip resistant",,By Space Type,3MrzQrkgv4nxr2gdMDd8O$,59 W,Power Density,2700,Bay - Mobile Equipment,IP1.10.074,0,Rooms,AROO,Rooms,IP1,3.919200000000098,Architecture,WBH-W-10.074,Bay - Mobile Equipment,02,YES,SL_90_10,Room Spaces,,0,New Construction,20.00%,Power Density,,0,0,SC,73 W,0.0,0 W,10.76 W/m²,0 W,13.99 W/m²,132 W,2700,LEVEL 10,0.0,AR Rooms
2026-08-01 19:58:17,11608888,NWB-ARC-WBH-AR-MOD-0036.rvt : 26 : location Internal,NWB-ARC-WBH-AR-MOD-0036,12592069,d6d7d6b5-baae-44c7-bd42-aa758d2344d7-00bfc48b,IP1.10.080,"Bay - Handwashing, Type B",LEVEL 10,New Construction,Inpatient Obstetric 1,IP1,,,,0.6 m²,3223,390.970925,427.447554,250.984252,0 W,0.00 W/m²,0 W,0.00 W/m²,28.6 m²,By Space Type,0,By Space Type,0.0,0.0,0.0,-2000160,"CEILING: plasterboard, flush set, suspended, paint, washable",,,0,-1,-39,11.06.2026,CLFS-006,,FLVY-003,,FLSK-010,WLFI-001,Clinical Support Areas,,WBH.IP1.02.023,107966,21/07/2026,BHWS-B,1,,Refer to AusHFG BHWS-B,,SC,By Type,"FLOOR FINISH: vinyl, seamless, coved, non slip",,By Space Type,3MrzQrkgv4nxr2gdMDd81S,59 W,Power Density,2700,"Bay - Handwashing, Type B",IP1.10.080,0,Rooms,AROO,Rooms,IP1,1.433425000000073,Architecture,WBH-W-10.080,"Bay - Handwashing, Type B",02,YES,SL_90_10,Room Spaces,1,0,New Construction,20.00%,Power Density,,0,0,SC,73 W,0.0,0 W,10.76 W/m²,0 W,13.99 W/m²,132 W,2700,LEVEL 10,0.0,AR Rooms
2026-08-01 19:58:17,11608888,NWB-ARC-WBH-AR-MOD-0036.rvt : 26 : location Internal,NWB-ARC-WBH-AR-MOD-0036,12592071,d6d7d6b5-baae-44c7-bd42-aa758d2344d7-00bfc48e,IP1.10.085,Bay - Meal Trolley,LEVEL 10,New Construction,Inpatient Obstetric 1,IP1,,,,3.2 m²,7404,243.374002,403.596326,250.984252,0 W,0.00 W/m²,0 W,0.00 W/m²,28.6 m²,By Space Type,0,By Space Type,0.0,0.0,0.0,-2000160,"CEILING: plasterboard, drop-in tiles, prefinished, 600 x 1200",,,0,-1,-21,11.06.2026,CLTI-008,,FLVY-007,,FLSK-010,WLFI-001,Clinical Support Areas,,WBH.IP1.02.029,107972,21/07/2026,BMT,4,,Refer to AusHFG BMT,,SC,By Type,"FLOOR FINISH: vinyl, seamless, coved, standard slip resistant",,By Space Type,3MrzQrkgv4nxr2gdMDd81P,59 W,Power Density,2700,Bay - Meal Trolley,IP1.10.085,0,Rooms,AROO,Rooms,IP1,3.755349999999992,Architecture,WBH-W-10.085,Bay - Meal Trolley,02,YES,SL_90_10,Room Spaces,,0,New Construction,20.00%,Power Density,,0,0,SC,73 W,0.0,0 W,10.76 W/m²,0 W,13.99 W/m²,132 W,2700,LEVEL 10,0.0,AR Rooms
2026-08-01 19:58:17,11608888,NWB-ARC-WBH-AR-MOD-0036.rvt : 26 : location Internal,NWB-ARC-WBH-AR-MOD-0036,12592845,403de981-4ea3-4927-9f4f-864feb88ecba-00c026cd,IP1.10.X01,Outdoor Area,LEVEL 10,New Construction,Inpatient Obstetric 1,IP1,,,,29.8 m²,22050,316.60105,376.233442,250.984252,0 W,0.00 W/m²,0 W,0.00 W/m²,28.6 m²,By Space Type,0,By Space Type,0.0,0.0,0.0,-2000160,,,,0,-1,-40.4,11.06.2026,,,,,,,External Areas,,WBH.IP1.EX.001,107984,21/07/2026,OUTDOOR,50,,External Area,,NS,By Type,,No RLS,By Space Type,10FUc1JgD99vzFXa$hICft,59 W,Power Density,2700,Outdoor Area,IP1.10.X01,0,Rooms,AROO,Rooms,IP1,30.523500000000357,Architecture,WBH-W-10.X01,Outdoor Area,EX,YES,SL_90_10,Room Spaces,,0,New Construction,20.00%,Power Density,,0,0,NS,73 W,0.0,0 W,10.76 W/m²,0 W,13.99 W/m²,132 W,2700,LEVEL 10,0.0,AR Rooms
2026-08-01 19:58:17,11608888,NWB-ARC-WBH-AR-MOD-0036.rvt : 26 : location Internal,NWB-ARC-WBH-AR-MOD-0036,12592848,403de981-4ea3-4927-9f4f-864feb88ecba-00c026d0,IP2.10.X02,Outdoor Area,LEVEL 10,New Construction,Inpatient Obstetric 2,IP2,,,,29.8 m²,22050,316.60105,300.856146,250.984252,0 W,0.00 W/m²,0 W,0.00 W/m²,28.6 m²,By Space Type,0,By Space Type,0.0,0.0,0.0,-2000160,,,,0,-1,-40.4,11.06.2026,,,,,,,External Areas,,WBH.IP2.EX.001,112697,21/07/2026,OUTDOOR,50,,External Area,,NS,By Type,,No RLS,By Space Type,10FUc1JgD99vzFXa$hICfg,59 W,Power Density,2700,Outdoor Area,IP2.10.X02,0,Rooms,AROO,Rooms,IP2,30.523500000000148,Architecture,WBH-W-10.X02,Outdoor Area,EX,YES,SL_90_10,Room Spaces,,0,New Construction,20.00%,Power Density,,0,0,NS,73 W,0.0,0 W,10.76 W/m²,0 W,13.99 W/m²,132 W,2700,LEVEL 10,0.0,AR Rooms
2026-08-01 19:58:17,11608888,NWB-ARC-WBH-AR-MOD-0036.rvt : 26 : location Internal,NWB-ARC-WBH-AR-MOD-0036,12608896,d993dc8d-9537-4136-8cec-a0d18f90500b-00c0268c,IPG.09.334,"Dirty Utility, 14m2",LEVEL 09,New Construction,Inpatient Gynaecology,IPG,,,,13.9 m²,14998,246.903707,259.215726,236.220472,0 W,0.00 W/m²,0 W,0.00 W/m²,28.6 m²,By Space Type,0,By Space Type,0.0,0.0,0.0,-2000160,"CEILING: plasterboard, water resistant, drop-in tiles, prefinished, 600 x 1200",,,0,-1,-0.785714,11.06.2026,CLTI-014,,FLVY-009,,FLSK-010,WLFI-001,Clinical Support Areas,,WBH.IPG.02.016,112507,21/07/2026,DTUR-14,14,,NWB-ARC-WBH-AR-RLS-IPG.02.016,,DR,By Type,"FLOOR FINISH: vinyl, seamless, coved, wet area, non-slip",Refer to Typical Room,By Space Type,3PazoDbJT1DepieD6FK7Q7,59 W,Power Density,2700,"Dirty Utility, 14m2",IPG.09.334,0,Rooms,AROO,Rooms,IPG,12.660680001871105,Architecture,WBH-W-09.334,"Dirty Utility, 14m2",02,YES,SL_90_10,Room Spaces,1 - 2 intermittently,0,New Construction,20.00%,Power Density,,Yes,0,DR,73 W,0.0,0 W,10.76 W/m²,0 W,13.99 W/m²,132 W,2700,LEVEL 09,0.0,AR Rooms
2026-08-01 19:58:17,11608888,NWB-ARC-WBH-AR-MOD-0036.rvt : 26 : location Internal,NWB-ARC-WBH-AR-MOD-0036,12608907,d993dc8d-9537-4136-8cec-a0d18f90500b-00c0281e,IPG.09.319,"Staff Station, 10m2",LEVEL 09,New Construction,Inpatient Gynaecology,IPG,,,,10.8 m²,13826,164.296357,256.960546,236.220472,0 W,0.00 W/m²,0 W,0.00 W/m²,28.6 m²,By Space Type,0,By Space Type,0.0,0.0,0.0,-2000160,"CEILING: acoustic, drop-in tiles, 600 x 1200",,,0,-1,7.7,11.06.2026,CLTI-002,,FLVY-500,,FLSK-010,WLFI-001,Clinical Support Areas,,WBH.IPG.02.001,112492,21/07/2026,SSTN-10,10,,NWB-ARC-WBH-AR-RLS-IPG.02.001,,SC,By Type,"FLOOR FINISH: vinyl, seamless, coved, standard slip resistant, feature",,By Space Type,3PazoDbJT1DepieD6FK7WL,59 W,Power Density,2700,"Staff Station, 10m2",IPG.09.319,0,Rooms,AROO,Rooms,IPG,10.98678000157799,Architecture,WBH-W-09.319,"Staff Station, 10m2",02,YES,SL_90_10,Room Spaces,2 workstations,0,New Construction,20.00%,Power Density,,Yes,0,SC,73 W,0.0,0 W,10.76 W/m²,0 W,13.99 W/m²,132 W,2700,LEVEL 09,0.0,AR Rooms
2026-08-01 19:58:17,11608888,NWB-ARC-WBH-AR-MOD-0036.rvt : 26 : location Internal,NWB-ARC-WBH-AR-MOD-0036,12618126,cb77a402-80ce-4274-b1e6-7d86fadd7c4b-00c0898e,IPG.09.314,"1 Bed Room, Gynaecology, Low Sensory / Stimulation",LEVEL 09,New Construction,Inpatient Gynaecology,IPG,,,,17.1 m²,18309,133.276626,257.660179,236.220472,0 W,0.00 W/m²,0 W,0.00 W/m²,28.6 m²,By Space Type,0,By Space Type,0.0,0.0,0.0,-2000160,"CEILING: plasterboard, flush set, suspended, paint, washable",,,0,-1,-4.833333,11.06.2026,CLFS-006,CLGE-001,FLVY-500,,FLSK-010,WLFI-001,Patient Areas,,WBH.IPG.01.077,112485,21/07/2026,1BR-ST-L,18,,NWB-ARC-WBH-AR-RLS-IPG.01.077,,DR,By Type,"FLOOR FINISH: vinyl, seamless, coved, standard slip resistant, feature",Typical Room,By Space Type,3BTwG2WCv2TB7cVORw7VN5,59 W,Power Density,2438,"1 Bed Room, Gynaecology, Low Sensory / Stimulation",IPG.09.314,0,Rooms,AROO,Rooms,IPG,18.020929499998935,Architecture,WBH-W-09.314,"1 Bed Room, Gynaecology, Low Sensory",01,YES,SL_90_10,Room Spaces,1 patient; 1-2 staff; 1-2 visitors,0,New Construction,20.00%,Power Density,,Yes,0,DR,73 W,0.0,0 W,10.76 W/m²,0 W,13.99 W/m²,132 W,2438,LEVEL 09,0.0,AR Rooms
2026-08-01 19:58:17,11608888,NWB-ARC-WBH-AR-MOD-0036.rvt : 26 : location Internal,NWB-ARC-WBH-AR-MOD-0036,12618129,cb77a402-80ce-4274-b1e6-7d86fadd7c4b-00c08991,IPG.09.303,"Ensuite, Accessible",LEVEL 09,New Construction,Inpatient Gynaecology,IPG,,,,6.6 m²,10576,146.169706,254.323993,236.220472,0 W,0.00 W/m²,0 W,0.00 W/m²,28.6 m²,By Space Type,0,By Space Type,0.0,0.0,0.0,-2000160,"CEILING: plasterboard, water resistant, drop-in tiles, prefinished, 600 x 1200",,,0,-1,-5.142857,11.06.2026,CLTI-014,,FLVY-009,,FLSK-010,WLFI-011.07,Patient Areas,,WBH.IPG.01.060,107828,21/07/2026,ENS-ACC,7,,NWB-ARC-WBH-AR-RLS-IPG.01.060,,SC,By Type,"FLOOR FINISH: vinyl, seamless, coved, wet area, non-slip",,By Space Type,3BTwG2WCv2TB7cVORw7VNQ,59 W,Power Density,2700,"Ensuite, Accessible",IPG.09.303,0,Rooms,AROO,Rooms,IPG,7.012499999999938,Architecture,WBH-W-09.303,"Ensuite, Accessible",01,YES,SL_90_10,Room Spaces,1 patient; 1-2 staff assisting,0,New Construction,20.00%,Power Density,,Yes,0,SC,73 W,0.0,0 W,10.76 W/m²,0 W,13.99 W/m²,132 W,2700,LEVEL 09,0.0,AR Rooms
2026-08-01 19:58:17,11608888,NWB-ARC-WBH-AR-MOD-0036.rvt : 26 : location Internal,NWB-ARC-WBH-AR-MOD-0036,12619159,cb77a402-80ce-4274-b1e6-7d86fadd7c4b-00c08d97,IPG.09.341,"Bay - Handwashing, Type B",LEVEL 09,New Construction,Inpatient Gynaecology,IPG,,,,1.0 m²,3956,141.304588,261.278499,236.220472,0 W,0.00 W/m²,0 W,0.00 W/m²,28.6 m²,By Space Type,0,By Space Type,0.0,0.0,0.0,-2000160,"CEILING: plasterboard, flush set, suspended, paint, washable",,,0,-1,-2,11.06.2026,CLFS-006,,FLVY-003,,FLSK-010,WLFI-001,Clinical Support Areas,,WBH.IPG.02.023,112514,21/07/2026,BHWS-B,1,,Refer to AusHFG BHWS-B,,SC,By Type,"FLOOR FINISH: vinyl, seamless, coved, non slip",,By Space Type,3BTwG2WCv2TB7cVORw7V7S,59 W,Power Density,2700,"Bay - Handwashing, Type B",IPG.09.341,0,Rooms,AROO,Rooms,IPG,1.0427749999997382,Architecture,WBH-W-09.341,"Bay - Handwashing, Type B",02,YES,SL_90_10,Room Spaces,1,0,New Construction,20.00%,Power Density,,0,0,SC,73 W,0.0,0 W,10.76 W/m²,0 W,13.99 W/m²,132 W,2700,LEVEL 09,0.0,AR Rooms
2026-08-01 19:58:17,11608888,NWB-ARC-WBH-AR-MOD-0036.rvt : 26 : location Internal,NWB-ARC-WBH-AR-MOD-0036,12645758,c8925799-2523-444e-b1d5-fbeede295922-00c0f57e,IPG.09.324,Bay - Resuscitation Trolley,LEVEL 09,New Construction,Inpatient Gynaecology,IPG,,,,1.9 m²,5539,296.009686,251.58966,236.220472,0 W,0.00 W/m²,0 W,0.00 W/m²,28.6 m²,By Space Type,0,By Space Type,0.0,0.0,0.0,-2000160,"CEILING: plasterboard, drop-in tiles, prefinished, 600 x 1200",,,0,-1,24,11.06.2026,CLTI-008,,FLVY-007,,FLSK-010,WLFI-001,Clinical Support Areas,,WBH.IPG.02.006,112497,21/07/2026,BRES,1.5,,Refer to AusHFG BRES,,SC,By Type,"FLOOR FINISH: vinyl, seamless, coved, standard slip resistant",,By Space Type,38abUP9ID4Jh7L__xUwQnS,59 W,Power Density,2700,Bay - Resuscitation Trolley,IPG.09.324,0,Rooms,AROO,Rooms,IPG,1.4315120005134359,Architecture,WBH-W-09.324,Bay - Resuscitation Trolley,02,YES,SL_90_10,Room Spaces,,0,New Construction,20.00%,Power Density,,No,0,SC,73 W,0.0,0 W,10.76 W/m²,0 W,13.99 W/m²,132 W,2700,LEVEL 09,0.0,AR Rooms
2026-08-01 19:58:17,11608888,NWB-ARC-WBH-AR-MOD-0036.rvt : 26 : location Internal,NWB-ARC-WBH-AR-MOD-0036,12645785,c8925799-2523-444e-b1d5-fbeede295922-00c0f599,IPG.09.355,"Office, Clinical Workroom",LEVEL 09,New Construction,Inpatient Gynaecology,IPG,,,,13.5 m²,16891,217.4229,381.244925,236.220472,0 W,0.00 W/m²,0 W,0.00 W/m²,28.6 m²,By Space Type,0,By Space Type,0.0,0.0,0.0,-2000160,"CEILING: acoustic, drop-in tiles, 600 x 1200",,,0,-1,-2.4,11.06.2026,CLTI-002,,FLVY-007,,FLSK-010,WLFI-001,Clinical Support Areas,,WBH.IPG.02.037,112528,21/07/2026,OFF-CLN,15,,NWB-ARC-WBH-AR-RLS-IPG.02.037,,SC,By Type,"FLOOR FINISH: vinyl, seamless, coved, standard slip resistant",,By Space Type,38abUP9ID4Jh7L__xUwQox,59 W,Power Density,2700,"Office, Clinical Workroom",IPG.09.355,0,Rooms,AROO,Rooms,IPG,15.13915199999953,Architecture,WBH-W-09.355,"Office, Clinical Workroom",02,YES,SL_90_10,Room Spaces,4 workstations,0,New Construction,20.00%,Power Density,D40_Done,Yes,0,SC,73 W,0.0,0 W,10.76 W/m²,0 W,13.99 W/m²,132 W,2700,LEVEL 09,0.0,AR Rooms
2026-08-01 19:58:17,11608888,NWB-ARC-WBH-AR-MOD-0036.rvt : 26 : location Internal,NWB-ARC-WBH-AR-MOD-0036,12646066,c8925799-2523-444e-b1d5-fbeede295922-00c0f6b2,IPG.09.329,"Medication Room, 20m2",LEVEL 09,New Construction,Inpatient Gynaecology,IPG,,,,19.9 m²,18389,273.971457,256.96589,236.220472,0 W,0.00 W/m²,0 W,0.00 W/m²,28.6 m²,By Space Type,0,By Space Type,0.0,0.0,0.0,-2000160,"CEILING: plasterboard, flush set, suspended, paint, washable",,,0,-1,-0.7,11.06.2026,CLFS-006,,FLVY-007,,FLSK-010,WLFI-001,Clinical Support Areas,,WBH.IPG.02.011,112502,21/07/2026,MED-20,20,,NWB-ARC-WBH-AR-RLS-IPG.02.011,,PS,By Type,"FLOOR FINISH: vinyl, seamless, coved, standard slip resistant",Typical Room,By Space Type,38abUP9ID4Jh7L__xUwQ_G,59 W,Power Density,2700,"Medication Room, 20m2",IPG.09.329,0,Rooms,AROO,Rooms,IPG,16.380058502152046,Architecture,WBH-W-09.329,"Medication Room, 20m2",02,YES,SL_90_10,Room Spaces,1 - 2 staff intermittently,0,New Construction,20.00%,Power Density,,Yes,0,PS-MED-20,73 W,0.0,0 W,10.76 W/m²,0 W,13.99 W/m²,132 W,2700,LEVEL 09,0.0,AR Rooms
2026-08-01 19:58:17,11608888,NWB-ARC-WBH-AR-MOD-0036.rvt : 26 : location Internal,NWB-ARC-WBH-AR-MOD-0036,12647338,c8925799-2523-444e-b1d5-fbeede295922-00c0fbaa,IPG.09.322,"Office, Clinical Workroom",LEVEL 09,New Construction,Inpatient Gynaecology,IPG,,,,20.9 m²,19509,288.646654,256.885509,236.220472,0 W,0.00 W/m²,0 W,0.00 W/m²,28.6 m²,By Space Type,0,By Space Type,0.0,0.0,0.0,-2000160,"CEILING: acoustic, drop-in tiles, 600 x 1200",,,0,-1,4.55,11.06.2026,CLTI-002,,FLVY-007,,FLSK-010,WLFI-001,Clinical Support Areas,,WBH.IPG.02.004,112495,21/07/2026,OFF-CLN,20,,NWB-ARC-WBH-AR-RLS-IPG.02.004,,DR,By Type,"FLOOR FINISH: vinyl, seamless, coved, standard slip resistant",Typical Room,By Space Type,38abUP9ID4Jh7L__xUwQA8,59 W,Power Density,2700,"Office, Clinical Workroom",IPG.09.322,0,Rooms,AROO,Rooms,IPG,19.42238645302753,Architecture,WBH-W-09.322,"Office, Clinical Workroom",02,YES,SL_90_10,Room Spaces,4 workstations,0,New Construction,20.00%,Power Density,,Yes,0,DR,73 W,0.0,0 W,10.76 W/m²,0 W,13.99 W/m²,132 W,2700,LEVEL 09,0.0,AR Rooms
2026-08-01 19:58:17,11608888,NWB-ARC-WBH-AR-MOD-0036.rvt : 26 : location Internal,NWB-ARC-WBH-AR-MOD-0036,12647509,c8925799-2523-444e-b1d5-fbeede295922-00c0fc55,IPG.09.320,Staff Station,LEVEL 09,New Construction,Inpatient Gynaecology,IPG,,,,16.5 m²,18115,312.21516,255.427632,236.220472,0 W,0.00 W/m²,0 W,0.00 W/m²,28.6 m²,By Space Type,0,By Space Type,0.0,0.0,0.0,-2000160,"CEILING: acoustic, drop-in tiles, 600 x 1200",,,0,-1,3.25,11.06.2026,CLTI-002,,FLVY-500,,FLSK-010,WLFI-001,Clinical Support Areas,,WBH.IPG.02.002,112493,21/07/2026,SSTN,16,,NWB-ARC-WBH-AR-RLS-IPG.02.002,,DR,By Type,"FLOOR FINISH: vinyl, seamless, coved, standard slip resistant, feature",Typical Room,By Space Type,38abUP9ID4Jh7L__xUwQLt,59 W,Power Density,2700,Staff Station,IPG.09.320,0,Rooms,AROO,Rooms,IPG,19.25519260333754,Architecture,WBH-W-09.320,Staff Station,02,YES,SL_90_10,Room Spaces,3 workstations,0,New Construction,20.00%,Power Density,,Yes,0,DR,73 W,0.0,0 W,10.76 W/m²,0 W,13.99 W/m²,132 W,2700,LEVEL 09,0.0,AR Rooms
2026-08-01 19:58:17,11608888,NWB-ARC-WBH-AR-MOD-0036.rvt : 26 : location Internal,NWB-ARC-WBH-AR-MOD-0036,12647537,c8925799-2523-444e-b1d5-fbeede295922-00c0fc71,IPG.09.273,"1 Bed Room, Bariatric",LEVEL 09,New Construction,Inpatient Gynaecology,IPG,,,,18.6 m²,17540,135.711942,278.439807,236.220472,0 W,0.00 W/m²,0 W,0.00 W/m²,28.6 m²,By Space Type,0,By Space Type,0.0,0.0,0.0,-2000160,"CEILING: plasterboard, flush set, suspended, paint, washable",,,0,-1,3.111111,11.06.2026,CLFS-006,CLGE-001,FLVY-500,,FLSK-010,WLFI-001,Patient Areas,,WBH.IPG.01.030,107798,21/07/2026,1BR-BA,18,,NWB-ARC-WBH-AR-RLS-IPG.01.031,,SC,By Type,"FLOOR FINISH: vinyl, seamless, coved, standard slip resistant, feature",,By Space Type,38abUP9ID4Jh7L__xUwQLJ,59 W,Power Density,2700,"1 Bed Room, Bariatric",IPG.09.273,0,Rooms,AROO,Rooms,IPG,18.571005750008002,Architecture,WBH-W-09.273,"1 Bed Room, Bariatric",01,YES,SL_90_10,Room Spaces,1 patient; 1-2 staff; 1-2 visitors,0,New Construction,20.00%,Power Density,,Yes,0,SC,73 W,0.0,0 W,10.76 W/m²,0 W,13.99 W/m²,132 W,2700,LEVEL 09,0.0,AR Rooms
2026-08-01 19:58:17,11608888,NWB-ARC-WBH-AR-MOD-0036.rvt : 26 : location Internal,NWB-ARC-WBH-AR-MOD-0036,12647540,c8925799-2523-444e-b1d5-fbeede295922-00c0fc74,IPG.09.275,"1 Bed Room, Bariatric, Super",LEVEL 09,New Construction,Inpatient Gynaecology,IPG,,,,26.2 m²,20917,370.421588,236.484426,236.220472,0 W,0.00 W/m²,0 W,0.00 W/m²,28.6 m²,By Space Type,0,By Space Type,0.0,0.0,0.0,-2000160,"CEILING: plasterboard, flush set, suspended, paint, washable",,,0,-1,31,11.06.2026,CLFS-006,CLGE-001,FLVY-500,,FLSK-010,WLFI-001,Patient Areas,,WBH.IPG.01.032,107800,21/07/2026,1BR-BA-S,20,,NWB-ARC-WBH-AR-RLS-IPG.01.032,,DR,By Type,"FLOOR FINISH: vinyl, seamless, coved, standard slip resistant, feature",Typical Room,By Space Type,38abUP9ID4Jh7L__xUwQLM,59 W,Power Density,2700,"1 Bed Room, Bariatric, Super",IPG.09.275,0,Rooms,AROO,Rooms,IPG,26.46078575000007,Architecture,WBH-W-09.275,"1 Bed Room, Bariatric, Super",01,YES,SL_90_10,Room Spaces,1 patient; 1-2 staff; 1-2 visitors,0,New Construction,20.00%,Power Density,,Yes,0,DR,73 W,0.0,0 W,10.76 W/m²,0 W,13.99 W/m²,132 W,2700,LEVEL 09,0.0,AR Rooms
2026-08-01 19:58:17,11608888,NWB-ARC-WBH-AR-MOD-0036.rvt : 26 : location Internal,NWB-ARC-WBH-AR-MOD-0036,12647543,c8925799-2523-444e-b1d5-fbeede295922-00c0fc77,IPG.09.307,"Ensuite, Bariatric, Super",LEVEL 09,New Construction,Inpatient Gynaecology,IPG,,,,9.0 m²,13058,370.550074,222.191763,236.220472,0 W,0.00 W/m²,0 W,0.00 W/m²,28.6 m²,By Space Type,0,By Space Type,0.0,0.0,0.0,-2000160,"CEILING: plasterboard, water resistant, drop-in tiles, prefinished, 600 x 1200",,,0,-1,0.444444,11.06.2026,CLTI-014,,FLVY-009,,FLSK-010,WLFI-001,Patient Areas,,WBH.IPG.01.064,107832,21/07/2026,ENS-BA-S,9,,NWB-ARC-WBH-AR-RLS-DR-ENS-BA-9-IPG,,DR,By Type,"FLOOR FINISH: vinyl, seamless, coved, wet area, non-slip",Typical Room,By Space Type,38abUP9ID4Jh7L__xUwQLL,59 W,Power Density,2700,"Ensuite, Bariatric, Super",IPG.09.307,0,Rooms,AROO,Rooms,IPG,9.031291749999292,Architecture,WBH-W-09.307,"Ensuite, Bariatric, Super",01,YES,SL_90_10,Room Spaces,1 patient; 1-2 staff assisting,0,New Construction,20.00%,Power Density,,0,0,DR,73 W,0.0,0 W,10.76 W/m²,0 W,13.99 W/m²,132 W,2700,LEVEL 09,0.0,AR Rooms
2026-08-01 19:58:17,11608888,NWB-ARC-WBH-AR-MOD-0036.rvt : 26 : location Internal,NWB-ARC-WBH-AR-MOD-0036,12647921,c8925799-2523-444e-b1d5-fbeede295922-00c0fdf1,IPG.09.328,"Clean Store, Imprest, 20m2",LEVEL 09,New Construction,Inpatient Gynaecology,IPG,,,,19.9 m²,19714,260.169783,256.944564,236.220472,0 W,0.00 W/m²,0 W,0.00 W/m²,28.6 m²,By Space Type,0,By Space Type,0.0,0.0,0.0,-2000160,"CEILING: plasterboard, flush set, suspended, paint, washable",,,0,-1,-0.65,11.06.2026,CLFS-006,,FLVY-007,,FLSK-010,WLFI-001,Clinical Support Areas,,WBH.IPG.02.010,112501,21/07/2026,CLN-20 (IMP),20,,NWB-ARC-WBH-AR-RLS-IPG.02.010,,SC,By Type,"FLOOR FINISH: vinyl, seamless, coved, standard slip resistant",Refer to Typical Room,By Space Type,38abUP9ID4Jh7L__xUwQJJ,59 W,Power Density,2700,"Clean Store, Imprest, 20m2",IPG.09.328,0,Rooms,AROO,Rooms,IPG,15.350399502315287,Architecture,WBH-W-09.328,"Clean Store, Imprest, 20m2",02,YES,SL_90_10,Room Spaces,1 - 2 staff intermittently,0,New Construction,20.00%,Power Density,,Yes,0,SC,73 W,0.0,0 W,10.76 W/m²,0 W,13.99 W/m²,132 W,2700,LEVEL 09,0.0,AR Rooms
2026-08-01 19:58:17,11608888,NWB-ARC-WBH-AR-MOD-0036.rvt : 26 : location Internal,NWB-ARC-WBH-AR-MOD-0036,12647930,c8925799-2523-444e-b1d5-fbeede295922-00c0fdfa,IPG.09.311,"1 Bed Room, Gynaecology",LEVEL 09,New Construction,Inpatient Gynaecology,IPG,,,,17.5 m²,17406,356.627297,225.976212,236.220472,0 W,0.00 W/m²,0 W,0.00 W/m²,28.6 m²,By Space Type,0,By Space Type,0.0,0.0,0.0,-2000160,"CEILING: plasterboard, flush set, suspended, paint, washable",,,0,-1,-2.833333,11.06.2026,CLFS-006,CLGE-001,FLVY-500,,FLSK-010,WLFI-001,Patient Areas,,WBH.IPG.01.074,109840,21/07/2026,1BR-ST-A1,18,,NWB-ARC-WBH-AR-RLS-IPG.01.007,,DR,By Type,"FLOOR FINISH: vinyl, seamless, coved, standard slip resistant, feature",Refer to Typical Room,By Space Type,38abUP9ID4Jh7L__xUwQJO,59 W,Power Density,2700,"1 Bed Room, Gynaecology",IPG.09.311,0,Rooms,AROO,Rooms,IPG,17.881850256225988,Architecture,WBH-W-09.311,"1 Bed Room, Gynaecology",01,YES,SL_90_10,Room Spaces,1 patient; 1-2 staff; 1-2 visitors,0,New Construction,20.00%,Power Density,,0,0,DR,73 W,0.0,0 W,10.76 W/m²,0 W,13.99 W/m²,132 W,2700,LEVEL 09,0.0,AR Rooms
2026-08-01 19:58:17,11608888,NWB-ARC-WBH-AR-MOD-0036.rvt : 26 : location Internal,NWB-ARC-WBH-AR-MOD-0036,12647933,c8925799-2523-444e-b1d5-fbeede295922-00c0fdfd,IPG.09.310,"1 Bed Room, Gynaecology",LEVEL 09,New Construction,Inpatient Gynaecology,IPG,,,,17.5 m²,17406,329.068241,225.976212,236.220472,0 W,0.00 W/m²,0 W,0.00 W/m²,28.6 m²,By Space Type,0,By Space Type,0.0,0.0,0.0,-2000160,"CEILING: plasterboard, flush set, suspended, paint, washable",,,0,-1,-2.833333,11.06.2026,CLFS-006,CLGE-001,FLVY-500,,FLSK-010,WLFI-001,Patient Areas,,WBH.IPG.01.073,109839,21/07/2026,1BR-ST-A1,18,,NWB-ARC-WBH-AR-RLS-IPG.01.007,,DR,By Type,"FLOOR FINISH: vinyl, seamless, coved, standard slip resistant, feature",Refer to Typical Room,By Space Type,38abUP9ID4Jh7L__xUwQJV,59 W,Power Density,2700,"1 Bed Room, Gynaecology",IPG.09.310,0,Rooms,AROO,Rooms,IPG,17.881850256226812,Architecture,WBH-W-09.310,"1 Bed Room, Gynaecology",01,YES,SL_90_10,Room Spaces,1 patient; 1-2 staff; 1-2 visitors,0,New Construction,20.00%,Power Density,,0,0,DR,73 W,0.0,0 W,10.76 W/m²,0 W,13.99 W/m²,132 W,2700,LEVEL 09,0.0,AR Rooms
2026-08-01 19:58:17,11608888,NWB-ARC-WBH-AR-MOD-0036.rvt : 26 : location Internal,NWB-ARC-WBH-AR-MOD-0036,12648100,c8925799-2523-444e-b1d5-fbeede295922-00c0fea4,IPG.09.266,"1 Bed Room, Gynaecology",LEVEL 09,New Construction,Inpatient Gynaecology,IPG,,,,17.5 m²,17419,315.288714,225.976212,236.220472,0 W,0.00 W/m²,0 W,0.00 W/m²,28.6 m²,By Space Type,0,By Space Type,0.0,0.0,0.0,-2000160,"CEILING: plasterboard, flush set, suspended, paint, washable",,,0,-1,-2.777778,11.06.2026,CLFS-006,CLGE-001,FLVY-500,,FLSK-010,WLFI-001,Patient Areas,,WBH.IPG.01.019,107787,21/07/2026,1BR-ST-A1,18,,NWB-ARC-WBH-AR-RLS-IPG.01.007,,DR,By Type,"FLOOR FINISH: vinyl, seamless, coved, standard slip resistant, feature",Refer to Typical Room,By Space Type,38abUP9ID4Jh7L__xUwQU6,59 W,Power Density,2700,"1 Bed Room, Gynaecology",IPG.09.266,0,Rooms,AROO,Rooms,IPG,17.88185025622717,Architecture,WBH-W-09.266,"1 Bed Room, Gynaecology",01,YES,SL_90_10,Room Spaces,1 patient; 1-2 staff; 1-2 visitors,0,New Construction,20.00%,Power Density,,0,0,DR,73 W,0.0,0 W,10.76 W/m²,0 W,13.99 W/m²,132 W,2700,LEVEL 09,0.0,AR Rooms
2026-08-01 19:58:17,11608888,NWB-ARC-WBH-AR-MOD-0036.rvt : 26 : location Internal,NWB-ARC-WBH-AR-MOD-0036,12648103,c8925799-2523-444e-b1d5-fbeede295922-00c0fea7,IPG.09.265,"1 Bed Room, Gynaecology",LEVEL 09,New Construction,Inpatient Gynaecology,IPG,,,,17.5 m²,17406,301.509186,225.976212,236.220472,0 W,0.00 W/m²,0 W,0.00 W/m²,28.6 m²,By Space Type,0,By Space Type,0.0,0.0,0.0,-2000160,"CEILING: plasterboard, flush set, suspended, paint, washable",,,0,-1,-2.833333,11.06.2026,CLFS-006,CLGE-001,FLVY-500,,FLSK-010,WLFI-001,Patient Areas,,WBH.IPG.01.018,107786,21/07/2026,1BR-ST-A1,18,,NWB-ARC-WBH-AR-RLS-IPG.01.007,,DR,By Type,"FLOOR FINISH: vinyl, seamless, coved, standard slip resistant, feature",Refer to Typical Room,By Space Type,38abUP9ID4Jh7L__xUwQU5,59 W,Power Density,2700,"1 Bed Room, Gynaecology",IPG.09.265,0,Rooms,AROO,Rooms,IPG,17.923727256223135,Architecture,WBH-W-09.265,"1 Bed Room, Gynaecology",01,YES,SL_90_10,Room Spaces,1 patient; 1-2 staff; 1-2 visitors,0,New Construction,20.00%,Power Density,,0,0,DR,73 W,0.0,0 W,10.76 W/m²,0 W,13.99 W/m²,132 W,2700,LEVEL 09,0.0,AR Rooms
2026-08-01 19:58:17,11608888,NWB-ARC-WBH-AR-MOD-0036.rvt : 26 : location Internal,NWB-ARC-WBH-AR-MOD-0036,12648106,c8925799-2523-444e-b1d5-fbeede295922-00c0feaa,IPG.09.264,"1 Bed Room, Gynaecology",LEVEL 09,New Construction,Inpatient Gynaecology,IPG,,,,17.5 m²,17393,287.750984,225.976212,236.220472,0 W,0.00 W/m²,0 W,0.00 W/m²,28.6 m²,By Space Type,0,By Space Type,0.0,0.0,0.0,-2000160,"CEILING: plasterboard, flush set, suspended, paint, washable",,,0,-1,-3.055556,11.06.2026,CLFS-006,CLGE-001,FLVY-500,,FLSK-010,WLFI-001,Patient Areas,,WBH.IPG.01.017,107785,21/07/2026,1BR-ST-A1,18,,NWB-ARC-WBH-AR-RLS-IPG.01.007,,DR,By Type,"FLOOR FINISH: vinyl, seamless, coved, standard slip resistant, feature",Refer to Typical Room,By Space Type,38abUP9ID4Jh7L__xUwQU8,59 W,Power Density,2700,"1 Bed Room, Gynaecology",IPG.09.264,0,Rooms,AROO,Rooms,IPG,17.881850256228173,Architecture,WBH-W-09.264,"1 Bed Room, Gynaecology",01,YES,SL_90_10,Room Spaces,1 patient; 1-2 staff; 1-2 visitors,0,New Construction,20.00%,Power Density,,0,0,DR,73 W,0.0,0 W,10.76 W/m²,0 W,13.99 W/m²,132 W,2700,LEVEL 09,0.0,AR Rooms
2026-08-01 19:58:17,11608888,NWB-ARC-WBH-AR-MOD-0036.rvt : 26 : location Internal,NWB-ARC-WBH-AR-MOD-0036,12648109,c8925799-2523-444e-b1d5-fbeede295922-00c0fead,IPG.09.263,"1 Bed Room, Gynaecology",LEVEL 09,New Construction,Inpatient Gynaecology,IPG,,,,17.5 m²,17432,273.971457,225.976212,236.220472,0 W,0.00 W/m²,0 W,0.00 W/m²,28.6 m²,By Space Type,0,By Space Type,0.0,0.0,0.0,-2000160,"CEILING: plasterboard, flush set, suspended, paint, washable",,,0,-1,-2.555556,11.06.2026,CLFS-006,CLGE-001,FLVY-500,,FLSK-010,WLFI-001,Patient Areas,,WBH.IPG.01.016,107784,21/07/2026,1BR-ST-A1,18,,NWB-ARC-WBH-AR-RLS-IPG.01.007,,DR,By Type,"FLOOR FINISH: vinyl, seamless, coved, standard slip resistant, feature",Refer to Typical Room,By Space Type,38abUP9ID4Jh7L__xUwQUF,59 W,Power Density,2700,"1 Bed Room, Gynaecology",IPG.09.263,0,Rooms,AROO,Rooms,IPG,17.881850256226897,Architecture,WBH-W-09.263,"1 Bed Room, Gynaecology",01,YES,SL_90_10,Room Spaces,1 patient; 1-2 staff; 1-2 visitors,0,New Construction,20.00%,Power Density,,0,0,DR,73 W,0.0,0 W,10.76 W/m²,0 W,13.99 W/m²,132 W,2700,LEVEL 09,0.0,AR Rooms
2026-08-01 19:58:17,11608888,NWB-ARC-WBH-AR-MOD-0036.rvt : 26 : location Internal,NWB-ARC-WBH-AR-MOD-0036,12648112,c8925799-2523-444e-b1d5-fbeede295922-00c0feb0,IPG.09.262,"1 Bed Room, Gynaecology",LEVEL 09,New Construction,Inpatient Gynaecology,IPG,,,,17.5 m²,17419,260.170604,225.976212,236.220472,0 W,0.00 W/m²,0 W,0.00 W/m²,28.6 m²,By Space Type,0,By Space Type,0.0,0.0,0.0,-2000160,"CEILING: plasterboard, flush set, suspended, paint, washable",,,0,-1,-2.777778,11.06.2026,CLFS-006,CLGE-001,FLVY-500,,FLSK-010,WLFI-001,Patient Areas,,WBH.IPG.01.015,107783,21/07/2026,1BR-ST-A1,18,,NWB-ARC-WBH-AR-RLS-IPG.01.007,,DR,By Type,"FLOOR FINISH: vinyl, seamless, coved, standard slip resistant, feature",Refer to Typical Room,By Space Type,38abUP9ID4Jh7L__xUwQUI,59 W,Power Density,2700,"1 Bed Room, Gynaecology",IPG.09.262,0,Rooms,AROO,Rooms,IPG,17.88185025622695,Architecture,WBH-W-09.262,"1 Bed Room, Gynaecology",01,YES,SL_90_10,Room Spaces,1 patient; 1-2 staff; 1-2 visitors,0,New Construction,20.00%,Power Density,,0,0,DR,73 W,0.0,0 W,10.76 W/m²,0 W,13.99 W/m²,132 W,2700,LEVEL 09,0.0,AR Rooms
2026-08-01 19:58:17,11608888,NWB-ARC-WBH-AR-MOD-0036.rvt : 26 : location Internal,NWB-ARC-WBH-AR-MOD-0036,12648115,c8925799-2523-444e-b1d5-fbeede295922-00c0feb3,IPG.09.261,"1 Bed Room, Gynaecology",LEVEL 09,New Construction,Inpatient Gynaecology,IPG,,,,17.5 m²,17406,246.391076,225.976212,236.220472,0 W,0.00 W/m²,0 W,0.00 W/m²,28.6 m²,By Space Type,0,By Space Type,0.0,0.0,0.0,-2000160,"CEILING: plasterboard, flush set, suspended, paint, washable",,,0,-1,-2.833333,11.06.2026,CLFS-006,CLGE-001,FLVY-500,,FLSK-010,WLFI-001,Patient Areas,,WBH.IPG.01.014,107782,21/07/2026,1BR-ST-A1,18,,NWB-ARC-WBH-AR-RLS-IPG.01.007,,DR,By Type,"FLOOR FINISH: vinyl, seamless, coved, standard slip resistant, feature",Refer to Typical Room,By Space Type,38abUP9ID4Jh7L__xUwQUH,59 W,Power Density,2700,"1 Bed Room, Gynaecology",IPG.09.261,0,Rooms,AROO,Rooms,IPG,17.881850256225945,Architecture,WBH-W-09.261,"1 Bed Room, Gynaecology",01,YES,SL_90_10,Room Spaces,1 patient; 1-2 staff; 1-2 visitors,0,New Construction,20.00%,Power Density,,0,0,DR,73 W,0.0,0 W,10.76 W/m²,0 W,13.99 W/m²,132 W,2700,LEVEL 09,0.0,AR Rooms
2026-08-01 19:58:17,11608888,NWB-ARC-WBH-AR-MOD-0036.rvt : 26 : location Internal,NWB-ARC-WBH-AR-MOD-0036,12648118,c8925799-2523-444e-b1d5-fbeede295922-00c0feb6,IPG.09.260,"1 Bed Room, Gynaecology, Isolation - Positive Pressure",LEVEL 09,New Construction,Inpatient Gynaecology,IPG,,,,17.5 m²,17419,232.611549,225.976212,236.220472,0 W,0.00 W/m²,0 W,0.00 W/m²,28.6 m²,By Space Type,0,By Space Type,0.0,0.0,0.0,-2000160,"CEILING: plasterboard, flush set, suspended, paint, washable",,,0,-1,-2.777778,11.06.2026,CLFS-006,CLGE-001,FLVY-500,,FLSK-010,WLFI-001,Patient Areas,,WBH.IPG.01.013,107781,21/07/2026,1BR-ST-P,18,,NWB-ARC-WBH-AR-RLS-IPG.01.007,,DR,By Type,"FLOOR FINISH: vinyl, seamless, coved, standard slip resistant, feature",Refer to Typical Room,By Space Type,38abUP9ID4Jh7L__xUwQUK,59 W,Power Density,2700,"1 Bed Room, Gynaecology, Isolation - Positive Pressure",IPG.09.260,0,Rooms,AROO,Rooms,IPG,17.881850256227278,Architecture,WBH-W-09.260,"1 Bed Room, Gynaecology",01,YES,SL_90_10,Room Spaces,1 patient; 1-2 staff; 1-2 visitors,0,New Construction,20.00%,Power Density,,0,0,DR,73 W,0.0,0 W,10.76 W/m²,0 W,13.99 W/m²,132 W,2700,LEVEL 09,0.0,AR Rooms
2026-08-01 19:58:17,11608888,NWB-ARC-WBH-AR-MOD-0036.rvt : 26 : location Internal,NWB-ARC-WBH-AR-MOD-0036,12648121,c8925799-2523-444e-b1d5-fbeede295922-00c0feb9,IPG.09.259,"1 Bed Room, Gynaecology",LEVEL 09,New Construction,Inpatient Gynaecology,IPG,,,,17.5 m²,17406,218.832021,225.976212,236.220472,0 W,0.00 W/m²,0 W,0.00 W/m²,28.6 m²,By Space Type,0,By Space Type,0.0,0.0,0.0,-2000160,"CEILING: plasterboard, flush set, suspended, paint, washable",,,0,-1,-2.833333,11.06.2026,CLFS-006,CLGE-001,FLVY-500,,FLSK-010,WLFI-001,Patient Areas,,WBH.IPG.01.012,107780,21/07/2026,1BR-ST-A1,18,,NWB-ARC-WBH-AR-RLS-IPG.01.007,,DR,By Type,"FLOOR FINISH: vinyl, seamless, coved, standard slip resistant, feature",Refer to Typical Room,By Space Type,38abUP9ID4Jh7L__xUwQUR,59 W,Power Density,2700,"1 Bed Room, Gynaecology",IPG.09.259,0,Rooms,AROO,Rooms,IPG,17.881850256225587,Architecture,WBH-W-09.259,"1 Bed Room, Gynaecology",01,YES,SL_90_10,Room Spaces,1 patient; 1-2 staff; 1-2 visitors,0,New Construction,20.00%,Power Density,,0,0,DR,73 W,0.0,0 W,10.76 W/m²,0 W,13.99 W/m²,132 W,2700,LEVEL 09,0.0,AR Rooms
2026-08-01 19:58:17,11608888,NWB-ARC-WBH-AR-MOD-0036.rvt : 26 : location Internal,NWB-ARC-WBH-AR-MOD-0036,12648124,c8925799-2523-444e-b1d5-fbeede295922-00c0febc,IPG.09.258,"1 Bed Room, Gynaecology",LEVEL 09,New Construction,Inpatient Gynaecology,IPG,,,,17.5 m²,17419,205.052493,225.976212,236.220472,0 W,0.00 W/m²,0 W,0.00 W/m²,28.6 m²,By Space Type,0,By Space Type,0.0,0.0,0.0,-2000160,"CEILING: plasterboard, flush set, suspended, paint, washable",,,0,-1,-2.777778,11.06.2026,CLFS-006,CLGE-001,FLVY-500,,FLSK-010,WLFI-001,Patient Areas,,WBH.IPG.01.011,107779,21/07/2026,1BR-ST-A1,18,,NWB-ARC-WBH-AR-RLS-IPG.01.007,,DR,By Type,"FLOOR FINISH: vinyl, seamless, coved, standard slip resistant, feature",Refer to Typical Room,By Space Type,38abUP9ID4Jh7L__xUwQUU,59 W,Power Density,2700,"1 Bed Room, Gynaecology",IPG.09.258,0,Rooms,AROO,Rooms,IPG,17.88185025622561,Architecture,WBH-W-09.258,"1 Bed Room, Gynaecology",01,YES,SL_90_10,Room Spaces,1 patient; 1-2 staff; 1-2 visitors,0,New Construction,20.00%,Power Density,,0,0,DR,73 W,0.0,0 W,10.76 W/m²,0 W,13.99 W/m²,132 W,2700,LEVEL 09,0.0,AR Rooms
2026-08-01 19:58:17,11608888,NWB-ARC-WBH-AR-MOD-0036.rvt : 26 : location Internal,NWB-ARC-WBH-AR-MOD-0036,12648127,c8925799-2523-444e-b1d5-fbeede295922-00c0febf,IPG.09.257,"1 Bed Room, Gynaecology",LEVEL 09,New Construction,Inpatient Gynaecology,IPG,,,,17.5 m²,17406,191.272966,225.976212,236.220472,0 W,0.00 W/m²,0 W,0.00 W/m²,28.6 m²,By Space Type,0,By Space Type,0.0,0.0,0.0,-2000160,"CEILING: plasterboard, flush set, suspended, paint, washable",,,0,-1,-2.833333,11.06.2026,CLFS-006,CLGE-001,FLVY-500,,FLSK-010,WLFI-001,Patient Areas,,WBH.IPG.01.010,107778,21/07/2026,1BR-ST-A1,18,,NWB-ARC-WBH-AR-RLS-IPG.01.007,,DR,By Type,"FLOOR FINISH: vinyl, seamless, coved, standard slip resistant, feature",Refer to Typical Room,By Space Type,38abUP9ID4Jh7L__xUwQUT,59 W,Power Density,2700,"1 Bed Room, Gynaecology",IPG.09.257,0,Rooms,AROO,Rooms,IPG,17.8818502562255,Architecture,WBH-W-09.257,"1 Bed Room, Gynaecology",01,YES,SL_90_10,Room Spaces,1 patient; 1-2 staff; 1-2 visitors,0,New Construction,20.00%,Power Density,,0,0,DR,73 W,0.0,0 W,10.76 W/m²,0 W,13.99 W/m²,132 W,2700,LEVEL 09,0.0,AR Rooms
2026-08-01 19:58:17,11608888,NWB-ARC-WBH-AR-MOD-0036.rvt : 26 : location Internal,NWB-ARC-WBH-AR-MOD-0036,12648130,c8925799-2523-444e-b1d5-fbeede295922-00c0fec2,IPG.09.256,"1 Bed Room, Gynaecology",LEVEL 09,New Construction,Inpatient Gynaecology,IPG,,,,17.5 m²,17419,177.493438,225.976212,236.220472,0 W,0.00 W/m²,0 W,0.00 W/m²,28.6 m²,By Space Type,0,By Space Type,0.0,0.0,0.0,-2000160,"CEILING: plasterboard, flush set, suspended, paint, washable",,,0,-1,-2.777778,11.06.2026,CLFS-006,CLGE-001,FLVY-500,,FLSK-010,WLFI-001,Patient Areas,,WBH.IPG.01.009,107777,21/07/2026,1BR-ST-A1,18,,NWB-ARC-WBH-AR-RLS-IPG.01.007,,DR,By Type,"FLOOR FINISH: vinyl, seamless, coved, standard slip resistant, feature",Refer to Typical Room,By Space Type,38abUP9ID4Jh7L__xUwQVW,59 W,Power Density,2700,"1 Bed Room, Gynaecology",IPG.09.256,0,Rooms,AROO,Rooms,IPG,17.88185025622735,Architecture,WBH-W-09.256,"1 Bed Room, Gynaecology",01,YES,SL_90_10,Room Spaces,1 patient; 1-2 staff; 1-2 visitors,0,New Construction,20.00%,Power Density,,0,0,DR,73 W,0.0,0 W,10.76 W/m²,0 W,13.99 W/m²,132 W,2700,LEVEL 09,0.0,AR Rooms
2026-08-01 19:58:17,11608888,NWB-ARC-WBH-AR-MOD-0036.rvt : 26 : location Internal,NWB-ARC-WBH-AR-MOD-0036,12648133,c8925799-2523-444e-b1d5-fbeede295922-00c0fec5,IPG.09.255,"1 Bed Room, Gynaecology",LEVEL 09,New Construction,Inpatient Gynaecology,IPG,,,,17.5 m²,17406,163.713911,225.976212,236.220472,0 W,0.00 W/m²,0 W,0.00 W/m²,28.6 m²,By Space Type,0,By Space Type,0.0,0.0,0.0,-2000160,"CEILING: plasterboard, flush set, suspended, paint, washable",,,0,-1,-2.833333,11.06.2026,CLFS-006,CLGE-001,FLVY-500,,FLSK-010,WLFI-001,Patient Areas,,WBH.IPG.01.008,107776,21/07/2026,1BR-ST-A1,18,,NWB-ARC-WBH-AR-RLS-IPG.01.007,,DR,By Type,"FLOOR FINISH: vinyl, seamless, coved, standard slip resistant, feature",Refer to Typical Room,By Space Type,38abUP9ID4Jh7L__xUwQVd,59 W,Power Density,2700,"1 Bed Room, Gynaecology",IPG.09.255,0,Rooms,AROO,Rooms,IPG,17.88185025622679,Architecture,WBH-W-09.255,"1 Bed Room, Gynaecology",01,YES,SL_90_10,Room Spaces,1 patient; 1-2 staff; 1-2 visitors,0,New Construction,20.00%,Power Density,,0,0,DR,73 W,0.0,0 W,10.76 W/m²,0 W,13.99 W/m²,132 W,2700,LEVEL 09,0.0,AR Rooms
2026-08-01 19:58:17,11608888,NWB-ARC-WBH-AR-MOD-0036.rvt : 26 : location Internal,NWB-ARC-WBH-AR-MOD-0036,12648136,c8925799-2523-444e-b1d5-fbeede295922-00c0fec8,IPG.09.254,"1 Bed Room, Gynaecology",LEVEL 09,New Construction,Inpatient Gynaecology,IPG,,,,17.5 m²,17418,149.955709,224.470307,236.220472,0 W,0.00 W/m²,0 W,0.00 W/m²,28.6 m²,By Space Type,0,By Space Type,0.0,0.0,0.0,-2000160,"CEILING: plasterboard, flush set, suspended, paint, washable",,,0,-1,-2.722222,11.06.2026,CLFS-006,CLGE-001,FLVY-500,,FLSK-010,WLFI-001,Patient Areas,,WBH.IPG.01.007,107775,21/07/2026,1BR-ST-A1,18,,NWB-ARC-WBH-AR-RLS-IPG.01.007,,DR,By Type,"FLOOR FINISH: vinyl, seamless, coved, standard slip resistant, feature",Refer to Typical Room,By Space Type,38abUP9ID4Jh7L__xUwQVg,59 W,Power Density,2700,"1 Bed Room, Gynaecology",IPG.09.254,0,Rooms,AROO,Rooms,IPG,17.881850256225164,Architecture,WBH-W-09.254,"1 Bed Room, Gynaecology",01,YES,SL_90_10,Room Spaces,1 patient; 1-2 staff; 1-2 visitors,0,New Construction,20.00%,Power Density,,Yes,0,DR,73 W,0.0,0 W,10.76 W/m²,0 W,13.99 W/m²,132 W,2700,LEVEL 09,0.0,AR Rooms
2026-08-01 19:58:17,11608888,NWB-ARC-WBH-AR-MOD-0036.rvt : 26 : location Internal,NWB-ARC-WBH-AR-MOD-0036,12648139,c8925799-2523-444e-b1d5-fbeede295922-00c0fecb,IPG.09.306,"Ensuite, Bariatric",LEVEL 09,New Construction,Inpatient Gynaecology,IPG,,,,8.3 m²,12670,135.635576,221.769397,236.220472,0 W,0.00 W/m²,0 W,0.00 W/m²,28.6 m²,By Space Type,0,By Space Type,0.0,0.0,0.0,-2000160,"CEILING: plasterboard, water resistant, drop-in tiles, prefinished, 600 x 1200",,,0,-1,18.142857,11.06.2026,CLTI-014,,FLVY-009,,FLSK-010,WLFI-001,Patient Areas,,WBH.IPG.01.063,107831,21/07/2026,ENS-BA,7,,NWB-ARC-WBH-AR-RLS-IPG.01.063,,SC,By Type,"FLOOR FINISH: vinyl, seamless, coved, wet area, non-slip",,By Space Type,38abUP9ID4Jh7L__xUwQVf,59 W,Power Density,2700,"Ensuite, Bariatric",IPG.09.306,0,Rooms,AROO,Rooms,IPG,8.231391749998144,Architecture,WBH-W-09.306,"Ensuite, Bariatric",01,YES,SL_90_10,Room Spaces,1 patient; 1-2 staff assisting,0,New Construction,20.00%,Power Density,,Yes,0,SC,73 W,0.0,0 W,10.76 W/m²,0 W,13.99 W/m²,132 W,2700,LEVEL 09,0.0,AR Rooms
2026-08-01 19:58:17,11608888,NWB-ARC-WBH-AR-MOD-0036.rvt : 26 : location Internal,NWB-ARC-WBH-AR-MOD-0036,12648142,c8925799-2523-444e-b1d5-fbeede295922-00c0fece,IPG.09.274,"1 Bed Room, Bariatric",LEVEL 09,New Construction,Inpatient Gynaecology,IPG,,,,18.6 m²,17540,135.711942,234.93587,236.220472,0 W,0.00 W/m²,0 W,0.00 W/m²,28.6 m²,By Space Type,0,By Space Type,0.0,0.0,0.0,-2000160,"CEILING: plasterboard, flush set, suspended, paint, washable",,,0,-1,3.111111,11.06.2026,CLFS-006,CLGE-001,FLVY-500,,FLSK-010,WLFI-001,Patient Areas,,WBH.IPG.01.031,107799,21/07/2026,1BR-BA,18,,NWB-ARC-WBH-AR-RLS-IPG.01.031,,SC,By Type,"FLOOR FINISH: vinyl, seamless, coved, standard slip resistant, feature",,By Space Type,38abUP9ID4Jh7L__xUwQVi,59 W,Power Density,2700,"1 Bed Room, Bariatric",IPG.09.274,0,Rooms,AROO,Rooms,IPG,18.571005747270338,Architecture,WBH-W-09.274,"1 Bed Room, Bariatric",01,YES,SL_90_10,Room Spaces,1 patient; 1-2 staff; 1-2 visitors,0,New Construction,20.00%,Power Density,,Yes,0,SC,73 W,0.0,0 W,10.76 W/m²,0 W,13.99 W/m²,132 W,2700,LEVEL 09,0.0,AR Rooms
2026-08-01 19:58:17,11608888,NWB-ARC-WBH-AR-MOD-0036.rvt : 26 : location Internal,NWB-ARC-WBH-AR-MOD-0036,12648145,c8925799-2523-444e-b1d5-fbeede295922-00c0fed1,IPG.09.285,"Ensuite, Inboard",LEVEL 09,New Construction,Inpatient Gynaecology,IPG,,,,4.8 m²,8662,146.751969,236.248206,236.220472,0 W,0.00 W/m²,0 W,0.00 W/m²,28.6 m²,By Space Type,0,By Space Type,0.0,0.0,0.0,-2000160,"CEILING: plasterboard, water resistant, drop-in tiles, prefinished, 600 x 1200",,,0,-1,-4.2,11.06.2026,CLTI-014,,FLVY-009,,FLSK-010,WLFI-011.07,Patient Areas,,WBH.IPG.01.042,107810,21/07/2026,ENS-ST-A,5,,NWB-ARC-WBH-AR-RLS-IPG.01.042,,SC,By Type,"FLOOR FINISH: vinyl, seamless, coved, wet area, non-slip",Refer to Typical Room,By Space Type,38abUP9ID4Jh7L__xUwQVp,59 W,Power Density,2700,"Ensuite, Inboard",IPG.09.285,0,Rooms,AROO,Rooms,IPG,5.098160372604009,Architecture,WBH-W-09.285,"Ensuite, Inboard",01,YES,SL_90_10,Room Spaces,1 patient; 1 staff assisting,0,New Construction,20.00%,Power Density,,Yes,0,SC,73 W,0.0,0 W,10.76 W/m²,0 W,13.99 W/m²,132 W,2700,LEVEL 09,0.0,AR Rooms
2026-08-01 19:58:17,11608888,NWB-ARC-WBH-AR-MOD-0036.rvt : 26 : location Internal,NWB-ARC-WBH-AR-MOD-0036,12648148,c8925799-2523-444e-b1d5-fbeede295922-00c0fed4,IPG.09.276,"Ensuite, Inboard",LEVEL 09,New Construction,Inpatient Gynaecology,IPG,,,,4.8 m²,8682,201.158926,273.179774,236.220472,0 W,0.00 W/m²,0 W,0.00 W/m²,28.6 m²,By Space Type,0,By Space Type,0.0,0.0,0.0,-2000160,"CEILING: plasterboard, water resistant, drop-in tiles, prefinished, 600 x 1200",,,0,-1,-3.6,11.06.2026,CLTI-014,,FLVY-009,,FLSK-010,WLFI-011.07,Patient Areas,,WBH.IPG.01.033,107801,21/07/2026,ENS-ST-A,5,,Refer to AusHFG ENS-ST-A1,,SC,By Type,"FLOOR FINISH: vinyl, seamless, coved, wet area, non-slip",Refer to Typical Room,By Space Type,38abUP9ID4Jh7L__xUwQVs,59 W,Power Density,2700,"Ensuite, Inboard",IPG.09.276,0,Rooms,AROO,Rooms,IPG,4.975539250000527,Architecture,WBH-W-09.276,"Ensuite, Inboard",01,YES,SL_90_10,Room Spaces,1 patient; 1 staff assisting,0,New Construction,20.00%,Power Density,,0,0,SC,73 W,0.0,0 W,10.76 W/m²,0 W,13.99 W/m²,132 W,2700,LEVEL 09,0.0,AR Rooms
2026-08-01 19:58:17,11608888,NWB-ARC-WBH-AR-MOD-0036.rvt : 26 : location Internal,NWB-ARC-WBH-AR-MOD-0036,12648152,c8925799-2523-444e-b1d5-fbeede295922-00c0fed8,IPG.09.287,"Ensuite, Inboard",LEVEL 09,New Construction,Inpatient Gynaecology,IPG,,,,5.1 m²,8905,174.311024,236.248206,236.220472,0 W,0.00 W/m²,0 W,0.00 W/m²,28.6 m²,By Space Type,0,By Space Type,0.0,0.0,0.0,-2000160,"CEILING: plasterboard, water resistant, drop-in tiles, prefinished, 600 x 1200",,,0,-1,2,11.06.2026,CLTI-014,,FLVY-009,,FLSK-010,WLFI-011.07,Patient Areas,,WBH.IPG.01.044,107812,21/07/2026,ENS-ST-A,5,,Refer to AusHFG ENS-ST-A1,,SC,By Type,"FLOOR FINISH: vinyl, seamless, coved, wet area, non-slip",Refer to Typical Room,By Space Type,38abUP9ID4Jh7L__xUwQVw,59 W,Power Density,2700,"Ensuite, Inboard",IPG.09.287,0,Rooms,AROO,Rooms,IPG,5.09816037260422,Architecture,WBH-W-09.287,"Ensuite, Inboard",01,YES,SL_90_10,Room Spaces,1 patient; 1 staff assisting,0,New Construction,20.00%,Power Density,,0,0,SC,73 W,0.0,0 W,10.76 W/m²,0 W,13.99 W/m²,132 W,2700,LEVEL 09,0.0,AR Rooms
2026-08-01 19:58:17,11608888,NWB-ARC-WBH-AR-MOD-0036.rvt : 26 : location Internal,NWB-ARC-WBH-AR-MOD-0036,12648155,c8925799-2523-444e-b1d5-fbeede295922-00c0fedb,IPG.09.286,"Ensuite, Inboard",LEVEL 09,New Construction,Inpatient Gynaecology,IPG,,,,5.1 m²,8905,166.896325,236.248206,236.220472,0 W,0.00 W/m²,0 W,0.00 W/m²,28.6 m²,By Space Type,0,By Space Type,0.0,0.0,0.0,-2000160,"CEILING: plasterboard, water resistant, drop-in tiles, prefinished, 600 x 1200",,,0,-1,2,11.06.2026,CLTI-014,,FLVY-009,,FLSK-010,WLFI-011.07,Patient Areas,,WBH.IPG.01.043,107811,21/07/2026,ENS-ST-A,5,,Refer to AusHFG ENS-ST-A1,,SC,By Type,"FLOOR FINISH: vinyl, seamless, coved, wet area, non-slip",Refer to Typical Room,By Space Type,38abUP9ID4Jh7L__xUwQVv,59 W,Power Density,2700,"Ensuite, Inboard",IPG.09.286,0,Rooms,AROO,Rooms,IPG,5.098160372604389,Architecture,WBH-W-09.286,"Ensuite, Inboard",01,YES,SL_90_10,Room Spaces,1 patient; 1 staff assisting,0,New Construction,20.00%,Power Density,,0,0,SC,73 W,0.0,0 W,10.76 W/m²,0 W,13.99 W/m²,132 W,2700,LEVEL 09,0.0,AR Rooms
2026-08-01 19:58:17,11608888,NWB-ARC-WBH-AR-MOD-0036.rvt : 26 : location Internal,NWB-ARC-WBH-AR-MOD-0036,12648158,c8925799-2523-444e-b1d5-fbeede295922-00c0fede,IPG.09.288,"Ensuite, Inboard",LEVEL 09,New Construction,Inpatient Gynaecology,IPG,,,,4.8 m²,8682,194.667827,235.51982,236.220472,0 W,0.00 W/m²,0 W,0.00 W/m²,28.6 m²,By Space Type,0,By Space Type,0.0,0.0,0.0,-2000160,"CEILING: plasterboard, water resistant, drop-in tiles, prefinished, 600 x 1200",,,0,-1,-3.6,11.06.2026,CLTI-014,,FLVY-009,,FLSK-010,WLFI-011.07,Patient Areas,,WBH.IPG.01.045,107813,21/07/2026,ENS-ST-A,5,,Refer to AusHFG ENS-ST-A1,,SC,By Type,"FLOOR FINISH: vinyl, seamless, coved, wet area, non-slip",Refer to Typical Room,By Space Type,38abUP9ID4Jh7L__xUwQVy,59 W,Power Density,2700,"Ensuite, Inboard",IPG.09.288,0,Rooms,AROO,Rooms,IPG,5.0981603726044735,Architecture,WBH-W-09.288,"Ensuite, Inboard",01,YES,SL_90_10,Room Spaces,1 patient; 1 staff assisting,0,New Construction,20.00%,Power Density,,0,0,SC,73 W,0.0,0 W,10.76 W/m²,0 W,13.99 W/m²,132 W,2700,LEVEL 09,0.0,AR Rooms
2026-08-01 19:58:17,11608888,NWB-ARC-WBH-AR-MOD-0036.rvt : 26 : location Internal,NWB-ARC-WBH-AR-MOD-0036,12648161,c8925799-2523-444e-b1d5-fbeede295922-00c0fee1,IPG.09.289,"Ensuite, Inboard",LEVEL 09,New Construction,Inpatient Gynaecology,IPG,,,,4.8 m²,8682,201.870079,236.248206,236.220472,0 W,0.00 W/m²,0 W,0.00 W/m²,28.6 m²,By Space Type,0,By Space Type,0.0,0.0,0.0,-2000160,"CEILING: plasterboard, water resistant, drop-in tiles, prefinished, 600 x 1200",,,0,-1,-3.6,11.06.2026,CLTI-014,,FLVY-009,,FLSK-010,WLFI-011.07,Patient Areas,,WBH.IPG.01.046,107814,21/07/2026,ENS-ST-A,5,,Refer to AusHFG ENS-ST-A1,,SC,By Type,"FLOOR FINISH: vinyl, seamless, coved, wet area, non-slip",Refer to Typical Room,By Space Type,38abUP9ID4Jh7L__xUwQV3,59 W,Power Density,2700,"Ensuite, Inboard",IPG.09.289,0,Rooms,AROO,Rooms,IPG,5.098160372604484,Architecture,WBH-W-09.289,"Ensuite, Inboard",01,YES,SL_90_10,Room Spaces,1 patient; 1 staff assisting,0,New Construction,20.00%,Power Density,,0,0,SC,73 W,0.0,0 W,10.76 W/m²,0 W,13.99 W/m²,132 W,2700,LEVEL 09,0.0,AR Rooms
2026-08-01 19:58:17,11608888,NWB-ARC-WBH-AR-MOD-0036.rvt : 26 : location Internal,NWB-ARC-WBH-AR-MOD-0036,12648164,c8925799-2523-444e-b1d5-fbeede295922-00c0fee4,IPG.09.290,"Ensuite, Inboard",LEVEL 09,New Construction,Inpatient Gynaecology,IPG,,,,5.1 m²,8905,222.014436,236.248206,236.220472,0 W,0.00 W/m²,0 W,0.00 W/m²,28.6 m²,By Space Type,0,By Space Type,0.0,0.0,0.0,-2000160,"CEILING: plasterboard, water resistant, drop-in tiles, prefinished, 600 x 1200",,,0,-1,2,11.06.2026,CLTI-014,,FLVY-009,,FLSK-010,WLFI-011.07,Patient Areas,,WBH.IPG.01.047,107815,21/07/2026,ENS-ST-A,5,,Refer to AusHFG ENS-ST-A1,,SC,By Type,"FLOOR FINISH: vinyl, seamless, coved, wet area, non-slip",Refer to Typical Room,By Space Type,38abUP9ID4Jh7L__xUwQV6,59 W,Power Density,2700,"Ensuite, Inboard",IPG.09.290,0,Rooms,AROO,Rooms,IPG,5.098160372604769,Architecture,WBH-W-09.290,"Ensuite, Inboard",01,YES,SL_90_10,Room Spaces,1 patient; 1 staff assisting,0,New Construction,20.00%,Power Density,,0,0,SC,73 W,0.0,0 W,10.76 W/m²,0 W,13.99 W/m²,132 W,2700,LEVEL 09,0.0,AR Rooms
2026-08-01 19:58:17,11608888,NWB-ARC-WBH-AR-MOD-0036.rvt : 26 : location Internal,NWB-ARC-WBH-AR-MOD-0036,12648167,c8925799-2523-444e-b1d5-fbeede295922-00c0fee7,IPG.09.291,"Ensuite, Inboard",LEVEL 09,New Construction,Inpatient Gynaecology,IPG,,,,5.1 m²,8905,229.429134,236.248206,236.220472,0 W,0.00 W/m²,0 W,0.00 W/m²,28.6 m²,By Space Type,0,By Space Type,0.0,0.0,0.0,-2000160,"CEILING: plasterboard, water resistant, drop-in tiles, prefinished, 600 x 1200",,,0,-1,2,11.06.2026,CLTI-014,,FLVY-009,,FLSK-010,WLFI-011.07,Patient Areas,,WBH.IPG.01.048,107816,21/07/2026,ENS-ST-A,5,,Refer to AusHFG ENS-ST-A1,,SC,By Type,"FLOOR FINISH: vinyl, seamless, coved, wet area, non-slip",Refer to Typical Room,By Space Type,38abUP9ID4Jh7L__xUwQV5,59 W,Power Density,2700,"Ensuite, Inboard",IPG.09.291,0,Rooms,AROO,Rooms,IPG,5.098160372604167,Architecture,WBH-W-09.291,"Ensuite, Inboard",01,YES,SL_90_10,Room Spaces,1 patient; 1 staff assisting,0,New Construction,20.00%,Power Density,,0,0,SC,73 W,0.0,0 W,10.76 W/m²,0 W,13.99 W/m²,132 W,2700,LEVEL 09,0.0,AR Rooms
2026-08-01 19:58:17,11608888,NWB-ARC-WBH-AR-MOD-0036.rvt : 26 : location Internal,NWB-ARC-WBH-AR-MOD-0036,12648170,c8925799-2523-444e-b1d5-fbeede295922-00c0feea,IPG.09.292,"Ensuite, Inboard",LEVEL 09,New Construction,Inpatient Gynaecology,IPG,,,,5.1 m²,8905,249.573491,236.248206,236.220472,0 W,0.00 W/m²,0 W,0.00 W/m²,28.6 m²,By Space Type,0,By Space Type,0.0,0.0,0.0,-2000160,"CEILING: plasterboard, water resistant, drop-in tiles, prefinished, 600 x 1200",,,0,-1,2,11.06.2026,CLTI-014,,FLVY-009,,FLSK-010,WLFI-011.07,Patient Areas,,WBH.IPG.01.049,107817,21/07/2026,ENS-ST-A,5,,Refer to AusHFG ENS-ST-A1,,SC,By Type,"FLOOR FINISH: vinyl, seamless, coved, wet area, non-slip",Refer to Typical Room,By Space Type,38abUP9ID4Jh7L__xUwQV8,59 W,Power Density,2700,"Ensuite, Inboard",IPG.09.292,0,Rooms,AROO,Rooms,IPG,5.098160372604791,Architecture,WBH-W-09.292,"Ensuite, Inboard",01,YES,SL_90_10,Room Spaces,1 patient; 1 staff assisting,0,New Construction,20.00%,Power Density,,0,0,SC,73 W,0.0,0 W,10.76 W/m²,0 W,13.99 W/m²,132 W,2700,LEVEL 09,0.0,AR Rooms
2026-08-01 19:58:17,11608888,NWB-ARC-WBH-AR-MOD-0036.rvt : 26 : location Internal,NWB-ARC-WBH-AR-MOD-0036,12648173,c8925799-2523-444e-b1d5-fbeede295922-00c0feed,IPG.09.293,"Ensuite, Inboard",LEVEL 09,New Construction,Inpatient Gynaecology,IPG,,,,5.1 m²,8905,256.988189,236.248206,236.220472,0 W,0.00 W/m²,0 W,0.00 W/m²,28.6 m²,By Space Type,0,By Space Type,0.0,0.0,0.0,-2000160,"CEILING: plasterboard, water resistant, drop-in tiles, prefinished, 600 x 1200",,,0,-1,2,11.06.2026,CLTI-014,,FLVY-009,,FLSK-010,WLFI-011.07,Patient Areas,,WBH.IPG.01.050,107818,21/07/2026,ENS-ST-A,5,,Refer to AusHFG ENS-ST-A1,,SC,By Type,"FLOOR FINISH: vinyl, seamless, coved, wet area, non-slip",Refer to Typical Room,By Space Type,38abUP9ID4Jh7L__xUwQVF,59 W,Power Density,2700,"Ensuite, Inboard",IPG.09.293,0,Rooms,AROO,Rooms,IPG,5.098160372603523,Architecture,WBH-W-09.293,"Ensuite, Inboard",01,YES,SL_90_10,Room Spaces,1 patient; 1 staff assisting,0,New Construction,20.00%,Power Density,,0,0,SC,73 W,0.0,0 W,10.76 W/m²,0 W,13.99 W/m²,132 W,2700,LEVEL 09,0.0,AR Rooms
2026-08-01 19:58:17,11608888,NWB-ARC-WBH-AR-MOD-0036.rvt : 26 : location Internal,NWB-ARC-WBH-AR-MOD-0036,12648176,c8925799-2523-444e-b1d5-fbeede295922-00c0fef0,IPG.09.294,"Ensuite, Inboard",LEVEL 09,New Construction,Inpatient Gynaecology,IPG,,,,4.8 m²,8682,277.153871,236.248206,236.220472,0 W,0.00 W/m²,0 W,0.00 W/m²,28.6 m²,By Space Type,0,By Space Type,0.0,0.0,0.0,-2000160,"CEILING: plasterboard, water resistant, drop-in tiles, prefinished, 600 x 1200",,,0,-1,-3.6,11.06.2026,CLTI-014,,FLVY-009,,FLSK-010,WLFI-011.07,Patient Areas,,WBH.IPG.01.051,107819,21/07/2026,ENS-ST-A,5,,Refer to AusHFG ENS-ST-A1,,SC,By Type,"FLOOR FINISH: vinyl, seamless, coved, wet area, non-slip",Refer to Typical Room,By Space Type,38abUP9ID4Jh7L__xUwQVI,59 W,Power Density,2700,"Ensuite, Inboard",IPG.09.294,0,Rooms,AROO,Rooms,IPG,5.098160372602932,Architecture,WBH-W-09.294,"Ensuite, Inboard",01,YES,SL_90_10,Room Spaces,1 patient; 1 staff assisting,0,New Construction,20.00%,Power Density,,0,0,SC,73 W,0.0,0 W,10.76 W/m²,0 W,13.99 W/m²,132 W,2700,LEVEL 09,0.0,AR Rooms
2026-08-01 19:58:17,11608888,NWB-ARC-WBH-AR-MOD-0036.rvt : 26 : location Internal,NWB-ARC-WBH-AR-MOD-0036,12648179,c8925799-2523-444e-b1d5-fbeede295922-00c0fef3,IPG.09.295,"Ensuite, Inboard",LEVEL 09,New Construction,Inpatient Gynaecology,IPG,,,,4.8 m²,8630,284.56857,236.248206,236.220472,0 W,0.00 W/m²,0 W,0.00 W/m²,28.6 m²,By Space Type,0,By Space Type,0.0,0.0,0.0,-2000160,"CEILING: plasterboard, water resistant, drop-in tiles, prefinished, 600 x 1200",,,0,-1,-5,11.06.2026,CLTI-014,,FLVY-009,,FLSK-010,WLFI-011.07,Patient Areas,,WBH.IPG.01.052,107820,21/07/2026,ENS-ST-A,5,,Refer to AusHFG ENS-ST-A1,,SC,By Type,"FLOOR FINISH: vinyl, seamless, coved, wet area, non-slip",Refer to Typical Room,By Space Type,38abUP9ID4Jh7L__xUwQVH,59 W,Power Density,2700,"Ensuite, Inboard",IPG.09.295,0,Rooms,AROO,Rooms,IPG,5.09816037260478,Architecture,WBH-W-09.295,"Ensuite, Inboard",01,YES,SL_90_10,Room Spaces,1 patient; 1 staff assisting,0,New Construction,20.00%,Power Density,,0,0,SC,73 W,0.0,0 W,10.76 W/m²,0 W,13.99 W/m²,132 W,2700,LEVEL 09,0.0,AR Rooms
2026-08-01 19:58:17,11608888,NWB-ARC-WBH-AR-MOD-0036.rvt : 26 : location Internal,NWB-ARC-WBH-AR-MOD-0036,12648182,c8925799-2523-444e-b1d5-fbeede295922-00c0fef6,IPG.09.296,"Ensuite, Inboard",LEVEL 09,New Construction,Inpatient Gynaecology,IPG,,,,5.1 m²,8905,304.691601,236.248206,236.220472,0 W,0.00 W/m²,0 W,0.00 W/m²,28.6 m²,By Space Type,0,By Space Type,0.0,0.0,0.0,-2000160,"CEILING: plasterboard, water resistant, drop-in tiles, prefinished, 600 x 1200",,,0,-1,2,11.06.2026,CLTI-014,,FLVY-009,,FLSK-010,WLFI-011.07,Patient Areas,,WBH.IPG.01.053,107821,21/07/2026,ENS-ST-A,5,,Refer to AusHFG ENS-ST-A1,,SC,By Type,"FLOOR FINISH: vinyl, seamless, coved, wet area, non-slip",Refer to Typical Room,By Space Type,38abUP9ID4Jh7L__xUwQVK,59 W,Power Density,2700,"Ensuite, Inboard",IPG.09.296,0,Rooms,AROO,Rooms,IPG,5.098160372605213,Architecture,WBH-W-09.296,"Ensuite, Inboard",01,YES,SL_90_10,Room Spaces,1 patient; 1 staff assisting,0,New Construction,20.00%,Power Density,,0,0,SC,73 W,0.0,0 W,10.76 W/m²,0 W,13.99 W/m²,132 W,2700,LEVEL 09,0.0,AR Rooms
2026-08-01 19:58:17,11608888,NWB-ARC-WBH-AR-MOD-0036.rvt : 26 : location Internal,NWB-ARC-WBH-AR-MOD-0036,12648185,c8925799-2523-444e-b1d5-fbeede295922-00c0fef9,IPG.09.277,"Ensuite, Inboard",LEVEL 09,New Construction,Inpatient Gynaecology,IPG,,,,5.1 m²,8905,312.106299,236.248206,236.220472,0 W,0.00 W/m²,0 W,0.00 W/m²,28.6 m²,By Space Type,0,By Space Type,0.0,0.0,0.0,-2000160,"CEILING: plasterboard, water resistant, drop-in tiles, prefinished, 600 x 1200",,,0,-1,2,11.06.2026,CLTI-014,,FLVY-009,,FLSK-010,WLFI-011.07,Patient Areas,,WBH.IPG.01.034,107802,21/07/2026,ENS-ST-A,5,,Refer to AusHFG ENS-ST-A1,,SC,By Type,"FLOOR FINISH: vinyl, seamless, coved, wet area, non-slip",Refer to Typical Room,By Space Type,38abUP9ID4Jh7L__xUwQVR,59 W,Power Density,2700,"Ensuite, Inboard",IPG.09.277,0,Rooms,AROO,Rooms,IPG,5.098160372602488,Architecture,WBH-W-09.277,"Ensuite, Inboard",01,YES,SL_90_10,Room Spaces,1 patient; 1 staff assisting,0,New Construction,20.00%,Power Density,,0,0,SC,73 W,0.0,0 W,10.76 W/m²,0 W,13.99 W/m²,132 W,2700,LEVEL 09,0.0,AR Rooms
2026-08-01 19:58:17,11608888,NWB-ARC-WBH-AR-MOD-0036.rvt : 26 : location Internal,NWB-ARC-WBH-AR-MOD-0036,12648188,c8925799-2523-444e-b1d5-fbeede295922-00c0fefc,IPG.09.278,"Ensuite, Inboard",LEVEL 09,New Construction,Inpatient Gynaecology,IPG,,,,5.1 m²,8905,332.250656,236.248206,236.220472,0 W,0.00 W/m²,0 W,0.00 W/m²,28.6 m²,By Space Type,0,By Space Type,0.0,0.0,0.0,-2000160,"CEILING: plasterboard, water resistant, drop-in tiles, prefinished, 600 x 1200",,,0,-1,2,11.06.2026,CLTI-014,,FLVY-009,,FLSK-010,WLFI-011.07,Patient Areas,,WBH.IPG.01.035,107803,21/07/2026,ENS-ST-A,5,,Refer to AusHFG ENS-ST-A1,,SC,By Type,"FLOOR FINISH: vinyl, seamless, coved, wet area, non-slip",Refer to Typical Room,By Space Type,38abUP9ID4Jh7L__xUwQVU,59 W,Power Density,2700,"Ensuite, Inboard",IPG.09.278,0,Rooms,AROO,Rooms,IPG,5.09816037260291,Architecture,WBH-W-09.278,"Ensuite, Inboard",01,YES,SL_90_10,Room Spaces,1 patient; 1 staff assisting,0,New Construction,20.00%,Power Density,,0,0,SC,73 W,0.0,0 W,10.76 W/m²,0 W,13.99 W/m²,132 W,2700,LEVEL 09,0.0,AR Rooms
2026-08-01 19:58:17,11608888,NWB-ARC-WBH-AR-MOD-0036.rvt : 26 : location Internal,NWB-ARC-WBH-AR-MOD-0036,12648191,c8925799-2523-444e-b1d5-fbeede295922-00c0feff,IPG.09.279,"Ensuite, Inboard",LEVEL 09,New Construction,Inpatient Gynaecology,IPG,,,,5.1 m²,8905,339.665354,236.248206,236.220472,0 W,0.00 W/m²,0 W,0.00 W/m²,28.6 m²,By Space Type,0,By Space Type,0.0,0.0,0.0,-2000160,"CEILING: plasterboard, water resistant, drop-in tiles, prefinished, 600 x 1200",,,0,-1,2,11.06.2026,CLTI-014,,FLVY-009,,FLSK-010,WLFI-011.07,Patient Areas,,WBH.IPG.01.036,107804,21/07/2026,ENS-ST-A,5,,Refer to AusHFG ENS-ST-A1,,SC,By Type,"FLOOR FINISH: vinyl, seamless, coved, wet area, non-slip",Refer to Typical Room,By Space Type,38abUP9ID4Jh7L__xUwQVT,59 W,Power Density,2700,"Ensuite, Inboard",IPG.09.279,0,Rooms,AROO,Rooms,IPG,5.098160372604326,Architecture,WBH-W-09.279,"Ensuite, Inboard",01,YES,SL_90_10,Room Spaces,1 patient; 1 staff assisting,0,New Construction,20.00%,Power Density,,0,0,SC,73 W,0.0,0 W,10.76 W/m²,0 W,13.99 W/m²,132 W,2700,LEVEL 09,0.0,AR Rooms
2026-08-01 19:58:17,11608888,NWB-ARC-WBH-AR-MOD-0036.rvt : 26 : location Internal,NWB-ARC-WBH-AR-MOD-0036,12648194,c8925799-2523-444e-b1d5-fbeede295922-00c0ff02,IPG.09.297,"Ensuite, Inboard",LEVEL 09,New Construction,Inpatient Gynaecology,IPG,,,,4.8 m²,8662,359.809711,236.248206,236.220472,0 W,0.00 W/m²,0 W,0.00 W/m²,28.6 m²,By Space Type,0,By Space Type,0.0,0.0,0.0,-2000160,"CEILING: plasterboard, water resistant, drop-in tiles, prefinished, 600 x 1200",,,0,-1,-4.2,11.06.2026,CLTI-014,,FLVY-009,,FLSK-010,WLFI-011.07,Patient Areas,,WBH.IPG.01.054,107822,21/07/2026,ENS-ST-A,5,,Refer to AusHFG ENS-ST-A1,,SC,By Type,"FLOOR FINISH: vinyl, seamless, coved, wet area, non-slip",Refer to Typical Room,By Space Type,38abUP9ID4Jh7L__xUwQOW,59 W,Power Density,2700,"Ensuite, Inboard",IPG.09.297,0,Rooms,AROO,Rooms,IPG,5.098160372605255,Architecture,WBH-W-09.297,"Ensuite, Inboard",01,YES,SL_90_10,Room Spaces,1 patient; 1 staff assisting,0,New Construction,20.00%,Power Density,,0,0,SC,73 W,0.0,0 W,10.76 W/m²,0 W,13.99 W/m²,132 W,2700,LEVEL 09,0.0,AR Rooms
2026-08-01 19:58:17,11608888,NWB-ARC-WBH-AR-MOD-0036.rvt : 26 : location Internal,NWB-ARC-WBH-AR-MOD-0036,12648203,c8925799-2523-444e-b1d5-fbeede295922-00c0ff0b,IPG.09.252,"1 Bed Room, Gynaecology",LEVEL 09,New Construction,Inpatient Gynaecology,IPG,,,,17.5 m²,17419,149.934383,283.656342,236.220472,0 W,0.00 W/m²,0 W,0.00 W/m²,28.6 m²,By Space Type,0,By Space Type,0.0,0.0,0.0,-2000160,"CEILING: plasterboard, flush set, suspended, paint, washable",,,0,-1,-2.777778,11.06.2026,CLFS-006,CLGE-001,FLVY-500,,FLSK-010,WLFI-001,Patient Areas,,WBH.IPG.01.005,107773,21/07/2026,1BR-ST-A1,18,,NWB-ARC-WBH-AR-RLS-IPG.01.007,,DR,By Type,"FLOOR FINISH: vinyl, seamless, coved, standard slip resistant, feature",Refer to Typical Room,By Space Type,38abUP9ID4Jh7L__xUwQOf,59 W,Power Density,2700,"1 Bed Room, Gynaecology",IPG.09.252,0,Rooms,AROO,Rooms,IPG,17.88185025878722,Architecture,WBH-W-09.252,"1 Bed Room, Gynaecology",01,YES,SL_90_10,Room Spaces,1 patient; 1-2 staff; 1-2 visitors,0,New Construction,20.00%,Power Density,,0,0,DR,73 W,0.0,0 W,10.76 W/m²,0 W,13.99 W/m²,132 W,2700,LEVEL 09,0.0,AR Rooms
2026-08-01 19:58:17,11608888,NWB-ARC-WBH-AR-MOD-0036.rvt : 26 : location Internal,NWB-ARC-WBH-AR-MOD-0036,12648206,c8925799-2523-444e-b1d5-fbeede295922-00c0ff0e,IPG.09.253,"1 Bed Room, Gynaecology",LEVEL 09,New Construction,Inpatient Gynaecology,IPG,,,,17.5 m²,17406,163.713911,283.656342,236.220472,0 W,0.00 W/m²,0 W,0.00 W/m²,28.6 m²,By Space Type,0,By Space Type,0.0,0.0,0.0,-2000160,"CEILING: plasterboard, flush set, suspended, paint, washable",,,0,-1,-2.833333,11.06.2026,CLFS-006,CLGE-001,FLVY-500,,FLSK-010,WLFI-001,Patient Areas,,WBH.IPG.01.006,107774,21/07/2026,1BR-ST-A1,18,,NWB-ARC-WBH-AR-RLS-IPG.01.007,,DR,By Type,"FLOOR FINISH: vinyl, seamless, coved, standard slip resistant, feature",Refer to Typical Room,By Space Type,38abUP9ID4Jh7L__xUwQOi,59 W,Power Density,2700,"1 Bed Room, Gynaecology",IPG.09.253,0,Rooms,AROO,Rooms,IPG,17.88185025878974,Architecture,WBH-W-09.253,"1 Bed Room, Gynaecology",01,YES,SL_90_10,Room Spaces,1 patient; 1-2 staff; 1-2 visitors,0,New Construction,20.00%,Power Density,,0,0,DR,73 W,0.0,0 W,10.76 W/m²,0 W,13.99 W/m²,132 W,2700,LEVEL 09,0.0,AR Rooms
2026-08-01 19:58:17,11608888,NWB-ARC-WBH-AR-MOD-0036.rvt : 26 : location Internal,NWB-ARC-WBH-AR-MOD-0036,12648209,c8925799-2523-444e-b1d5-fbeede295922-00c0ff11,IPG.09.251,"1 Bed Room, Gynaecology",LEVEL 09,New Construction,Inpatient Gynaecology,IPG,,,,17.5 m²,17419,177.493438,283.656342,236.220472,0 W,0.00 W/m²,0 W,0.00 W/m²,28.6 m²,By Space Type,0,By Space Type,0.0,0.0,0.0,-2000160,"CEILING: plasterboard, flush set, suspended, paint, washable",,,0,-1,-2.777778,11.06.2026,CLFS-006,CLGE-001,FLVY-500,,FLSK-010,WLFI-001,Patient Areas,,WBH.IPG.01.004,107772,21/07/2026,1BR-ST-A1,18,,NWB-ARC-WBH-AR-RLS-IPG.01.007,,DR,By Type,"FLOOR FINISH: vinyl, seamless, coved, standard slip resistant, feature",Refer to Typical Room,By Space Type,38abUP9ID4Jh7L__xUwQOp,59 W,Power Density,2700,"1 Bed Room, Gynaecology",IPG.09.251,0,Rooms,AROO,Rooms,IPG,17.881850258785246,Architecture,WBH-W-09.251,"1 Bed Room, Gynaecology",01,YES,SL_90_10,Room Spaces,1 patient; 1-2 staff; 1-2 visitors,0,New Construction,20.00%,Power Density,,0,0,DR,73 W,0.0,0 W,10.76 W/m²,0 W,13.99 W/m²,132 W,2700,LEVEL 09,0.0,AR Rooms
2026-08-01 19:58:17,11608888,NWB-ARC-WBH-AR-MOD-0036.rvt : 26 : location Internal,NWB-ARC-WBH-AR-MOD-0036,12648212,c8925799-2523-444e-b1d5-fbeede295922-00c0ff14,IPG.09.250,"1 Bed Room, Gynaecology",LEVEL 09,New Construction,Inpatient Gynaecology,IPG,,,,17.5 m²,17406,191.272966,283.13961,236.220472,0 W,0.00 W/m²,0 W,0.00 W/m²,28.6 m²,By Space Type,0,By Space Type,0.0,0.0,0.0,-2000160,"CEILING: plasterboard, flush set, suspended, paint, washable",,,0,-1,-2.833333,11.06.2026,CLFS-006,CLGE-001,FLVY-500,,FLSK-010,WLFI-001,Patient Areas,,WBH.IPG.01.003,107771,21/07/2026,1BR-ST-A1,18,,NWB-ARC-WBH-AR-RLS-IPG.01.007,,DR,By Type,"FLOOR FINISH: vinyl, seamless, coved, standard slip resistant, feature",Refer to Typical Room,By Space Type,38abUP9ID4Jh7L__xUwQOs,59 W,Power Density,2700,"1 Bed Room, Gynaecology",IPG.09.250,0,Rooms,AROO,Rooms,IPG,17.88185025879053,Architecture,WBH-W-09.250,"1 Bed Room, Gynaecology",01,YES,SL_90_10,Room Spaces,1 patient; 1-2 staff; 1-2 visitors,0,New Construction,20.00%,Power Density,,0,0,DR,73 W,0.0,0 W,10.76 W/m²,0 W,13.99 W/m²,132 W,2700,LEVEL 09,0.0,AR Rooms
2026-08-01 19:58:17,11608888,NWB-ARC-WBH-AR-MOD-0036.rvt : 26 : location Internal,NWB-ARC-WBH-AR-MOD-0036,12648224,c8925799-2523-444e-b1d5-fbeede295922-00c0ff20,IPG.09.281,"Ensuite, Inboard",LEVEL 09,New Construction,Inpatient Gynaecology,IPG,,,,4.8 m²,8682,195.909078,274.391833,236.220472,0 W,0.00 W/m²,0 W,0.00 W/m²,28.6 m²,By Space Type,0,By Space Type,0.0,0.0,0.0,-2000160,"CEILING: plasterboard, water resistant, drop-in tiles, prefinished, 600 x 1200",,,0,-1,-3.6,11.06.2026,CLTI-014,,FLVY-009,,FLSK-010,WLFI-011.07,Patient Areas,,WBH.IPG.01.038,107806,21/07/2026,ENS-ST-A,5,,Refer to AusHFG ENS-ST-A1,,SC,By Type,"FLOOR FINISH: vinyl, seamless, coved, wet area, non-slip",Refer to Typical Room,By Space Type,38abUP9ID4Jh7L__xUwQO2,59 W,Power Density,2700,"Ensuite, Inboard",IPG.09.281,0,Rooms,AROO,Rooms,IPG,5.098160372603808,Architecture,WBH-W-09.281,"Ensuite, Inboard",01,YES,SL_90_10,Room Spaces,1 patient; 1 staff assisting,0,New Construction,20.00%,Power Density,,0,0,SC,73 W,0.0,0 W,10.76 W/m²,0 W,13.99 W/m²,132 W,2700,LEVEL 09,0.0,AR Rooms
2026-08-01 19:58:17,11608888,NWB-ARC-WBH-AR-MOD-0036.rvt : 26 : location Internal,NWB-ARC-WBH-AR-MOD-0036,12648227,c8925799-2523-444e-b1d5-fbeede295922-00c0ff23,IPG.09.282,"Ensuite, Inboard",LEVEL 09,New Construction,Inpatient Gynaecology,IPG,,,,5.1 m²,8905,174.311024,275.487051,236.220472,0 W,0.00 W/m²,0 W,0.00 W/m²,28.6 m²,By Space Type,0,By Space Type,0.0,0.0,0.0,-2000160,"CEILING: plasterboard, water resistant, drop-in tiles, prefinished, 600 x 1200",,,0,-1,2,11.06.2026,CLTI-014,,FLVY-009,,FLSK-010,WLFI-011.07,Patient Areas,,WBH.IPG.01.039,107807,21/07/2026,ENS-ST-A,5,,Refer to AusHFG ENS-ST-A1,,SC,By Type,"FLOOR FINISH: vinyl, seamless, coved, wet area, non-slip",Refer to Typical Room,By Space Type,38abUP9ID4Jh7L__xUwQO1,59 W,Power Density,2700,"Ensuite, Inboard",IPG.09.282,0,Rooms,AROO,Rooms,IPG,5.098160372603787,Architecture,WBH-W-09.282,"Ensuite, Inboard",01,YES,SL_90_10,Room Spaces,1 patient; 1 staff assisting,0,New Construction,20.00%,Power Density,,0,0,SC,73 W,0.0,0 W,10.76 W/m²,0 W,13.99 W/m²,132 W,2700,LEVEL 09,0.0,AR Rooms
2026-08-01 19:58:17,11608888,NWB-ARC-WBH-AR-MOD-0036.rvt : 26 : location Internal,NWB-ARC-WBH-AR-MOD-0036,12648230,c8925799-2523-444e-b1d5-fbeede295922-00c0ff26,IPG.09.283,"Ensuite, Inboard",LEVEL 09,New Construction,Inpatient Gynaecology,IPG,,,,5.1 m²,8905,166.896325,275.487051,236.220472,0 W,0.00 W/m²,0 W,0.00 W/m²,28.6 m²,By Space Type,0,By Space Type,0.0,0.0,0.0,-2000160,"CEILING: plasterboard, water resistant, drop-in tiles, prefinished, 600 x 1200",,,0,-1,2,11.06.2026,CLTI-014,,FLVY-009,,FLSK-010,WLFI-011.07,Patient Areas,,WBH.IPG.01.040,107808,21/07/2026,ENS-ST-A,5,,Refer to AusHFG ENS-ST-A1,,SC,By Type,"FLOOR FINISH: vinyl, seamless, coved, wet area, non-slip",Refer to Typical Room,By Space Type,38abUP9ID4Jh7L__xUwQO4,59 W,Power Density,2700,"Ensuite, Inboard",IPG.09.283,0,Rooms,AROO,Rooms,IPG,5.098160372604167,Architecture,WBH-W-09.283,"Ensuite, Inboard",01,YES,SL_90_10,Room Spaces,1 patient; 1 staff assisting,0,New Construction,20.00%,Power Density,,0,0,SC,73 W,0.0,0 W,10.76 W/m²,0 W,13.99 W/m²,132 W,2700,LEVEL 09,0.0,AR Rooms
2026-08-01 19:58:17,11608888,NWB-ARC-WBH-AR-MOD-0036.rvt : 26 : location Internal,NWB-ARC-WBH-AR-MOD-0036,12648233,c8925799-2523-444e-b1d5-fbeede295922-00c0ff29,IPG.09.284,"Ensuite, Inboard",LEVEL 09,New Construction,Inpatient Gynaecology,IPG,,,,4.8 m²,8662,146.751969,275.487051,236.220472,0 W,0.00 W/m²,0 W,0.00 W/m²,28.6 m²,By Space Type,0,By Space Type,0.0,0.0,0.0,-2000160,"CEILING: plasterboard, water resistant, drop-in tiles, prefinished, 600 x 1200",,,0,-1,-4.2,11.06.2026,CLTI-014,,FLVY-009,,FLSK-010,WLFI-011.07,Patient Areas,,WBH.IPG.01.041,107809,21/07/2026,ENS-ST-A,5,,Refer to AusHFG ENS-ST-A1,,SC,By Type,"FLOOR FINISH: vinyl, seamless, coved, wet area, non-slip",Refer to Typical Room,By Space Type,38abUP9ID4Jh7L__xUwQOB,59 W,Power Density,2700,"Ensuite, Inboard",IPG.09.284,0,Rooms,AROO,Rooms,IPG,5.098160372604188,Architecture,WBH-W-09.284,"Ensuite, Inboard",01,YES,SL_90_10,Room Spaces,1 patient; 1 staff assisting,0,New Construction,20.00%,Power Density,,0,0,SC,73 W,0.0,0 W,10.76 W/m²,0 W,13.99 W/m²,132 W,2700,LEVEL 09,0.0,AR Rooms
2026-08-01 19:58:17,11608888,NWB-ARC-WBH-AR-MOD-0036.rvt : 26 : location Internal,NWB-ARC-WBH-AR-MOD-0036,12648236,c8925799-2523-444e-b1d5-fbeede295922-00c0ff2c,IPG.09.272,"1 Bed Room, Bariatric",LEVEL 09,New Construction,Inpatient Gynaecology,IPG,,,,18.6 m²,17539,370.849738,278.439807,236.220472,0 W,0.00 W/m²,0 W,0.00 W/m²,28.6 m²,By Space Type,0,By Space Type,0.0,0.0,0.0,-2000160,"CEILING: plasterboard, flush set, suspended, paint, washable",,,0,-1,3.277778,11.06.2026,CLFS-006,CLGE-001,FLVY-500,,FLSK-010,WLFI-001,Patient Areas,,WBH.IPG.01.029,107797,21/07/2026,1BR-BA,18,,NWB-ARC-WBH-AR-RLS-IPG.01.031,,SC,By Type,"FLOOR FINISH: vinyl, seamless, coved, standard slip resistant, feature",,By Space Type,38abUP9ID4Jh7L__xUwQOE,59 W,Power Density,2700,"1 Bed Room, Bariatric",IPG.09.272,0,Rooms,AROO,Rooms,IPG,18.571005750001707,Architecture,WBH-W-09.272,"1 Bed Room, Bariatric",01,YES,SL_90_10,Room Spaces,1 patient; 1-2 staff; 1-2 visitors,0,New Construction,20.00%,Power Density,,No,0,SC,73 W,0.0,0 W,10.76 W/m²,0 W,13.99 W/m²,132 W,2700,LEVEL 09,0.0,AR Rooms
2026-08-01 19:58:17,11608888,NWB-ARC-WBH-AR-MOD-0036.rvt : 26 : location Internal,NWB-ARC-WBH-AR-MOD-0036,12648239,c8925799-2523-444e-b1d5-fbeede295922-00c0ff2f,IPG.09.304,"Ensuite, Bariatric",LEVEL 09,New Construction,Inpatient Gynaecology,IPG,,,,8.3 m²,12670,370.849738,288.552996,236.220472,0 W,0.00 W/m²,0 W,0.00 W/m²,28.6 m²,By Space Type,0,By Space Type,0.0,0.0,0.0,-2000160,"CEILING: plasterboard, water resistant, drop-in tiles, prefinished, 600 x 1200",,,0,-1,18.142857,11.06.2026,CLTI-014,,FLVY-009,,FLSK-010,WLFI-001,Patient Areas,,WBH.IPG.01.061,107829,21/07/2026,ENS-BA,7,,Refer to AusHFG ENS-BA,,SC,By Type,"FLOOR FINISH: vinyl, seamless, coved, wet area, non-slip",,By Space Type,38abUP9ID4Jh7L__xUwQOD,59 W,Power Density,2700,"Ensuite, Bariatric",IPG.09.304,0,Rooms,AROO,Rooms,IPG,8.231391749999178,Architecture,WBH-W-09.304,"Ensuite, Bariatric",01,YES,SL_90_10,Room Spaces,1 patient; 1-2 staff assisting,0,New Construction,20.00%,Power Density,,0,0,SC,73 W,0.0,0 W,10.76 W/m²,0 W,13.99 W/m²,132 W,2700,LEVEL 09,0.0,AR Rooms
2026-08-01 19:58:17,11608888,NWB-ARC-WBH-AR-MOD-0036.rvt : 26 : location Internal,NWB-ARC-WBH-AR-MOD-0036,12648242,c8925799-2523-444e-b1d5-fbeede295922-00c0ff32,IPG.09.268,"1 Bed Room, Gynaecology",LEVEL 09,New Construction,Inpatient Gynaecology,IPG,,,,17.5 m²,17419,342.847769,283.656342,236.220472,0 W,0.00 W/m²,0 W,0.00 W/m²,28.6 m²,By Space Type,0,By Space Type,0.0,0.0,0.0,-2000160,"CEILING: plasterboard, flush set, suspended, paint, washable",,,0,-1,-2.777778,11.06.2026,CLFS-006,CLGE-001,FLVY-500,,FLSK-010,WLFI-001,Patient Areas,,WBH.IPG.01.025,107793,21/07/2026,1BR-ST-A1,18,,NWB-ARC-WBH-AR-RLS-IPG.01.007,,DR,By Type,"FLOOR FINISH: vinyl, seamless, coved, standard slip resistant, feature",Refer to Typical Room,By Space Type,38abUP9ID4Jh7L__xUwQOG,59 W,Power Density,2700,"1 Bed Room, Gynaecology",IPG.09.268,0,Rooms,AROO,Rooms,IPG,17.881850258785686,Architecture,WBH-W-09.268,"1 Bed Room, Gynaecology, Special",01,YES,SL_90_10,Room Spaces,1 patient; 1-2 staff; 1-2 visitors,0,New Construction,20.00%,Power Density,,0,0,DR,73 W,0.0,0 W,10.76 W/m²,0 W,13.99 W/m²,132 W,2700,LEVEL 09,0.0,AR Rooms
2026-08-01 19:58:17,11608888,NWB-ARC-WBH-AR-MOD-0036.rvt : 26 : location Internal,NWB-ARC-WBH-AR-MOD-0036,12648245,c8925799-2523-444e-b1d5-fbeede295922-00c0ff35,IPG.09.267,"1 Bed Room, Gynaecology",LEVEL 09,New Construction,Inpatient Gynaecology,IPG,,,,17.5 m²,17405,356.627297,283.656342,236.220472,0 W,0.00 W/m²,0 W,0.00 W/m²,28.6 m²,By Space Type,0,By Space Type,0.0,0.0,0.0,-2000160,"CEILING: plasterboard, flush set, suspended, paint, washable",,,0,-1,-3,11.06.2026,CLFS-006,CLGE-001,FLVY-500,,FLSK-010,WLFI-001,Patient Areas,,WBH.IPG.01.024,107792,21/07/2026,1BR-ST-A1,18,,NWB-ARC-WBH-AR-RLS-IPG.01.007,,DR,By Type,"FLOOR FINISH: vinyl, seamless, coved, standard slip resistant, feature",Typical Room,By Space Type,38abUP9ID4Jh7L__xUwQON,59 W,Power Density,2700,"1 Bed Room, Gynaecology",IPG.09.267,0,Rooms,AROO,Rooms,IPG,17.881850258784873,Architecture,WBH-W-09.267,"1 Bed Room, Gynaecology, Special",01,YES,SL_90_10,Room Spaces,1 patient; 1-2 staff; 1-2 visitors,0,New Construction,20.00%,Power Density,,No,0,DR,73 W,0.0,0 W,10.76 W/m²,0 W,13.99 W/m²,132 W,2700,LEVEL 09,0.0,AR Rooms
2026-08-01 19:58:17,11608888,NWB-ARC-WBH-AR-MOD-0036.rvt : 26 : location Internal,NWB-ARC-WBH-AR-MOD-0036,12648251,c8925799-2523-444e-b1d5-fbeede295922-00c0ff3b,IPG.09.301,"Ensuite, Inboard",LEVEL 09,New Construction,Inpatient Gynaecology,IPG,,,,5.1 m²,8905,339.665354,275.487051,236.220472,0 W,0.00 W/m²,0 W,0.00 W/m²,28.6 m²,By Space Type,0,By Space Type,0.0,0.0,0.0,-2000160,"CEILING: plasterboard, water resistant, drop-in tiles, prefinished, 600 x 1200",,,0,-1,2,11.06.2026,CLTI-014,,FLVY-009,,FLSK-010,WLFI-011.07,Patient Areas,,WBH.IPG.01.058,107826,21/07/2026,ENS-ST-A,5,,Refer to AusHFG ENS-ST-A1,,SC,By Type,"FLOOR FINISH: vinyl, seamless, coved, wet area, non-slip",Refer to Typical Room,By Space Type,38abUP9ID4Jh7L__xUwQOP,59 W,Power Density,2700,"Ensuite, Inboard",IPG.09.301,0,Rooms,AROO,Rooms,IPG,5.09816037260346,Architecture,WBH-W-09.301,"Ensuite, Inboard",01,YES,SL_90_10,Room Spaces,1 patient; 1 staff assisting,0,New Construction,20.00%,Power Density,,0,0,SC,73 W,0.0,0 W,10.76 W/m²,0 W,13.99 W/m²,132 W,2700,LEVEL 09,0.0,AR Rooms
2026-08-01 19:58:17,11608888,NWB-ARC-WBH-AR-MOD-0036.rvt : 26 : location Internal,NWB-ARC-WBH-AR-MOD-0036,12648254,c8925799-2523-444e-b1d5-fbeede295922-00c0ff3e,IPG.09.302,"Ensuite, Inboard",LEVEL 09,New Construction,Inpatient Gynaecology,IPG,,,,4.8 m²,8667,332.641076,275.487051,236.220472,0 W,0.00 W/m²,0 W,0.00 W/m²,28.6 m²,By Space Type,0,By Space Type,0.0,0.0,0.0,-2000160,"CEILING: plasterboard, water resistant, drop-in tiles, prefinished, 600 x 1200",,,0,-1,-4,11.06.2026,CLTI-014,,FLVY-009,,FLSK-010,WLFI-011.07,Patient Areas,,WBH.IPG.01.059,107827,21/07/2026,ENS-ST-A,5,,NWB-ARC-WBH-AR-RLS-DR-ENS-ST-A1-5-IPG,,DR,By Type,"FLOOR FINISH: vinyl, seamless, coved, wet area, non-slip",Typical Room,By Space Type,38abUP9ID4Jh7L__xUwQOS,59 W,Power Density,2700,"Ensuite, Inboard",IPG.09.302,0,Rooms,AROO,Rooms,IPG,5.098160372604823,Architecture,WBH-W-09.302,"Ensuite, Inboard",01,YES,SL_90_10,Room Spaces,1 patient; 1 staff assisting,0,New Construction,20.00%,Power Density,,0,0,DR,73 W,0.0,0 W,10.76 W/m²,0 W,13.99 W/m²,132 W,2700,LEVEL 09,0.0,AR Rooms
2026-08-01 19:58:17,11608888,NWB-ARC-WBH-AR-MOD-0036.rvt : 26 : location Internal,NWB-ARC-WBH-AR-MOD-0036,12651715,a67a9f65-0e67-4f8d-9255-fc731f8ae437-00c10922,IPG.09.354,"Office, 3 Person",LEVEL 09,New Construction,Inpatient Gynaecology,IPG,,,,12.7 m²,17511,311.087193,341.384222,236.220472,0 W,0.00 W/m²,0 W,0.00 W/m²,28.6 m²,By Space Type,0,By Space Type,0.0,0.0,0.0,-2000160,,,,0,-1,-10.533333,11.06.2026,,,FLVY-500,,FLSK-010,WLFI-001,Clinical Support Areas,,WBH.IPG.02.036,112527,21/07/2026,OFF-3P,15,,NWB-ARC-GEN-AR-RLS-PS-OFF-3P,,PS,By Type,"FLOOR FINISH: vinyl, seamless, coved, standard slip resistant, feature",,By Space Type,2cUfzb3cTFZP9L$7CVI_qL,59 W,Power Density,2700,"Office, 3 Person",IPG.09.354,0,Rooms,AROO,Rooms,IPG,15.51951500000096,Architecture,WBH-W-09.354,"Office, 3 Person",02,YES,SL_90_10,Room Spaces,Up to 3 staff,0,New Construction,20.00%,Power Density,D40_Done,No,0,PS-OFF-3P,73 W,0.0,0 W,10.76 W/m²,0 W,13.99 W/m²,132 W,2700,LEVEL 09,0.0,AR Rooms
2026-08-01 19:58:17,11608888,NWB-ARC-WBH-AR-MOD-0036.rvt : 26 : location Internal,NWB-ARC-WBH-AR-MOD-0036,12651717,a67a9f65-0e67-4f8d-9255-fc731f8ae437-00c10925,IPG.09.352,"Office, 2 Person",LEVEL 09,New Construction,Inpatient Gynaecology,IPG,,,,11.4 m²,13980,218.47521,389.88067,236.220472,0 W,0.00 W/m²,0 W,0.00 W/m²,28.6 m²,By Space Type,0,By Space Type,0.0,0.0,0.0,-2000160,"CEILING: acoustic, drop-in tiles, 600 x 1200",,,0,-1,-4.75,11.06.2026,CLTI-002,,FLCP-006,,FLSK-009,WLFI-001,Clinical Support Areas,,WBH.IPG.02.034,112525,21/07/2026,OFF-2P,12,,Refer to AusHFG OFF-2P,,SC,By Type,FLOOR FINISH: carpet tiles,,By Space Type,2cUfzb3cTFZP9L$7CVI_qI,59 W,Power Density,2700,"Office, 2 Person",IPG.09.352,0,Rooms,AROO,Rooms,IPG,11.726399999999867,Architecture,WBH-W-09.352,"Office, 2 Person",02,YES,SL_90_10,Room Spaces,"2 staff, up to 2 visitors",0,New Construction,20.00%,Power Density,D40_Done,0,0,SC,73 W,0.0,0 W,10.76 W/m²,0 W,13.99 W/m²,132 W,2700,LEVEL 09,0.0,AR Rooms
2026-08-01 19:58:17,11608888,NWB-ARC-WBH-AR-MOD-0036.rvt : 26 : location Internal,NWB-ARC-WBH-AR-MOD-0036,12670665,14e37b04-755f-47e3-b990-d73a5655ec77-00c1382f,IPG.09.332,Store - General,LEVEL 09,New Construction,Inpatient Gynaecology,IPG,,,,8.6 m²,13313,153.054554,257.22291,236.220472,0 W,0.00 W/m²,0 W,0.00 W/m²,28.6 m²,By Space Type,0,By Space Type,0.0,0.0,0.0,-2000160,"CEILING: plasterboard, drop-in tiles, prefinished, 600 x 1200",,,0,-1,-4.111111,11.06.2026,CLTI-008,,FLVY-007,,FLSK-010,WLFI-001,Clinical Support Areas,,WBH.IPG.02.014,112505,21/07/2026,STGN,9,,Refer to AusHFG STGN,,SC,By Type,"FLOOR FINISH: vinyl, seamless, coved, standard slip resistant",,By Space Type,0Kuti4TLz7uxcGrpfMbDHO,59 W,Power Density,2700,Store - General,IPG.09.332,0,Rooms,AROO,Rooms,IPG,9.964500000001324,Architecture,WBH-W-09.332,Store - General,02,YES,SL_90_10,Room Spaces,"1-2 staff, intermittently",0,New Construction,20.00%,Power Density,,0,0,SC,73 W,0.0,0 W,10.76 W/m²,0 W,13.99 W/m²,132 W,2700,LEVEL 09,0.0,AR Rooms
2026-08-01 19:58:17,11608888,NWB-ARC-WBH-AR-MOD-0036.rvt : 26 : location Internal,NWB-ARC-WBH-AR-MOD-0036,12684713,f8792228-06a7-4899-8569-bdb81ca6a4d5-00c15ca1,IPG.09.318,Memento Room,LEVEL 09,New Construction,Inpatient Gynaecology,IPG,,,,11.2 m²,13700,243.979374,275.852045,236.220472,0 W,0.00 W/m²,0 W,0.00 W/m²,28.6 m²,By Space Type,0,By Space Type,0.0,0.0,0.0,-2000160,"CEILING: acoustic, drop-in tiles, 600 x 1200",,,0,-1,-7,11.06.2026,CLTI-002,,FLVY-007,,FLSK-010,WLFI-001,Patient Areas,,WBH.IPG.01.083,112491,21/07/2026,MEM,12,,NWB-ARC-WBH-AR-RLS-IPG.01.083,,PS,By Type,"FLOOR FINISH: vinyl, seamless, coved, standard slip resistant",Refer to Typical Room,By Space Type,3uUI8e1gT8cOLflRWSP$Xq,59 W,Power Density,2700,Memento Room,IPG.09.318,0,Rooms,AROO,Rooms,IPG,12.1410000000005,Architecture,WBH-W-09.318,Memento Room,01,YES,SL_90_10,Room Spaces,Up to 6 patients/ visitors; 1-2 staff intermittently,0,New Construction,20.00%,Power Density,,Yes,0,PS-MEM,73 W,0.0,0 W,10.76 W/m²,0 W,13.99 W/m²,132 W,2700,LEVEL 09,0.0,AR Rooms
2026-08-01 19:58:17,11608888,NWB-ARC-WBH-AR-MOD-0036.rvt : 26 : location Internal,NWB-ARC-WBH-AR-MOD-0036,12684715,f8792228-06a7-4899-8569-bdb81ca6a4d5-00c15cfb,IPG.09.335,"Store - Equipment, 30m2",LEVEL 09,New Construction,Inpatient Gynaecology,IPG,,,,23.2 m²,22704,268.119936,275.852045,236.220472,0 W,0.00 W/m²,0 W,0.00 W/m²,28.6 m²,By Space Type,0,By Space Type,0.0,0.0,0.0,-2000160,"CEILING: plasterboard, drop-in tiles, prefinished, 600 x 1200",,,0,-1,-22.7,11.06.2026,CLTI-008,,FLVY-007,,FLSK-010,WLFI-001,Clinical Support Areas,,WBH.IPG.02.017,112508,21/07/2026,STEQ-30,30,,NWB-ARC-WBH-AR-RLS-IPG.02.017,,DR,By Type,"FLOOR FINISH: vinyl, seamless, coved, standard slip resistant",Typical Room,By Space Type,3uUI8e1gT8cOLflRWSP$Wk,59 W,Power Density,2700,"Store - Equipment, 30m2",IPG.09.335,0,Rooms,AROO,Rooms,IPG,28.363062688229707,Architecture,WBH-W-09.335,"Store - Equipment, 30m2",02,YES,SL_90_10,Room Spaces,"1-2 staff, intermittently",0,New Construction,20.00%,Power Density,,Yes,0,DR,73 W,0.0,0 W,10.76 W/m²,0 W,13.99 W/m²,132 W,2700,LEVEL 09,0.0,AR Rooms
2026-08-01 19:58:17,11608888,NWB-ARC-WBH-AR-MOD-0036.rvt : 26 : location Internal,NWB-ARC-WBH-AR-MOD-0036,12684805,f8792228-06a7-4899-8569-bdb81ca6a4d5-00c17232,IPG.09.344,Cleaner's Room,LEVEL 09,New Construction,Inpatient Gynaecology,IPG,,,,6.5 m²,10597,224.572203,317.712806,236.220472,0 W,0.00 W/m²,0 W,0.00 W/m²,28.6 m²,By Space Type,0,By Space Type,0.0,0.0,0.0,-2000160,"CEILING: plasterboard, water resistant, drop-in tiles, prefinished, 600 x 1200",,,0,-1,-34.7,11.06.2026,CLTI-014,,FLVY-004,,FLSK-010,WLFI-001,Clinical Support Areas,,WBH.IPG.02.026,112517,21/07/2026,CLRM-10,10,,NWB-ARC-WBH-AR-RLS-IPG.02.026,,PS,By Type,"FLOOR FINISH: vinyl, seamless, coved, non-slip, safety",Refer to Typical Room,By Space Type,3uUI8e1gT8cOLflRWSPzRd,59 W,Power Density,2700,Cleaner's Room,IPG.09.344,0,Rooms,AROO,Rooms,IPG,11.498551499999179,Architecture,WBH-W-09.344,Cleaner's Room,02,YES,SL_90_10,Room Spaces,1-2 staff intermittently,0,New Construction,20.00%,Power Density,,Yes,0,PS-CLRM,73 W,0.0,0 W,10.76 W/m²,0 W,13.99 W/m²,132 W,2700,LEVEL 09,0.0,AR Rooms
2026-08-01 19:58:17,11608888,NWB-ARC-WBH-AR-MOD-0036.rvt : 26 : location Internal,NWB-ARC-WBH-AR-MOD-0036,12684807,f8792228-06a7-4899-8569-bdb81ca6a4d5-00c17238,IPG.09.269,Lounge,LEVEL 09,New Construction,Inpatient Gynaecology,IPG,,,,23.5 m²,22805,220.383716,287.545778,236.220472,0 W,0.00 W/m²,0 W,0.00 W/m²,28.6 m²,By Space Type,0,By Space Type,0.0,0.0,0.0,-2000160,"CEILING: acoustic, drop-in tiles, 600 x 1200",,,0,-1,30.5,11.06.2026,CLTI-002,,FLVY-500,,FLSK-010,WLFI-001,Patient Areas,,WBH.IPG.01.026,107794,21/07/2026,LNGE-18,18,,NWB-ARC-WBH-AR-RLS-IPG.01.026,,DR,By Type,"FLOOR FINISH: vinyl, seamless, coved, standard slip resistant, feature",Typical Room,By Space Type,3uUI8e1gT8cOLflRWSPzRj,59 W,Power Density,2700,Lounge,IPG.09.269,0,Rooms,AROO,Rooms,IPG,14.028477249999172,Architecture,WBH-W-09.269,Lounge,01,YES,SL_90_10,Room Spaces,Up to 10 patients/visitors; 1-2 staff intermittently,0,New Construction,20.00%,Power Density,,Yes,0,DR,73 W,0.0,0 W,10.76 W/m²,0 W,13.99 W/m²,132 W,2700,LEVEL 09,0.0,AR Rooms
2026-08-01 19:58:17,11608888,NWB-ARC-WBH-AR-MOD-0036.rvt : 26 : location Internal,NWB-ARC-WBH-AR-MOD-0036,12684813,f8792228-06a7-4899-8569-bdb81ca6a4d5-00c17357,IPG.09.330,Treatment Room,LEVEL 09,New Construction,Inpatient Gynaecology,IPG,,,,12.8 m²,14577,328.685203,255.888954,236.220472,0 W,0.00 W/m²,0 W,0.00 W/m²,28.6 m²,By Space Type,0,By Space Type,0.0,0.0,0.0,-2000160,"CEILING: plasterboard, flush set, suspended, paint, washable",,,0,-1,-8.714286,11.06.2026,CLFS-006,,FLVY-007,,FLSK-010,WLFI-001,Clinical Support Areas,,WBH.IPG.02.012,112503,21/07/2026,TRMT,14,,NWB-ARC-WBH-AR-RLS-IPG.02.012,,DR,By Type,"FLOOR FINISH: vinyl, seamless, coved, standard slip resistant",Typical Room,By Space Type,3uUI8e1gT8cOLflRWSPzU2,59 W,Power Density,2700,Treatment Room,IPG.09.330,0,Rooms,AROO,Rooms,IPG,13.174989501993629,Architecture,WBH-W-09.330,Treatment Room,02,YES,SL_90_10,Room Spaces,1 patient; 1-2 staff,0,New Construction,20.00%,Power Density,D40_Done,Yes,0,DR,73 W,0.0,0 W,10.76 W/m²,0 W,13.99 W/m²,132 W,2700,LEVEL 09,0.0,AR Rooms
2026-08-01 19:58:17,11608888,NWB-ARC-WBH-AR-MOD-0036.rvt : 26 : location Internal,NWB-ARC-WBH-AR-MOD-0036,12684815,f8792228-06a7-4899-8569-bdb81ca6a4d5-00c1735a,IPG.09.309,"Toilet, Accessible, 6m2",LEVEL 09,New Construction,Inpatient Gynaecology,IPG,,,,6.1 m²,9953,309.309107,275.325226,236.220472,0 W,0.00 W/m²,0 W,0.00 W/m²,28.6 m²,By Space Type,0,By Space Type,0.0,0.0,0.0,-2000160,"CEILING: plasterboard, water resistant, drop-in tiles, prefinished, 600 x 1200",,,0,-1,-0.333333,11.06.2026,CLTI-014,,FLVY-009,,FLSK-010,WLFI-001,Patient Areas,,WBH.IPG.01.070,107838,21/07/2026,WCAC,6,,Refer to AusHFG WCAC,,SC,By Type,"FLOOR FINISH: vinyl, seamless, coved, wet area, non-slip",,By Space Type,3uUI8e1gT8cOLflRWSPzUF,59 W,Power Density,2700,"Toilet, Accessible, 6m2",IPG.09.309,0,Rooms,AROO,Rooms,IPG,6.495999999147149,Architecture,WBH-W-09.309,"Toilet, Accessible, 6m2",01,YES,SL_90_10,Room Spaces,1,0,New Construction,20.00%,Power Density,,0,0,SC,73 W,0.0,0 W,10.76 W/m²,0 W,13.99 W/m²,132 W,2700,LEVEL 09,0.0,AR Rooms
2026-08-01 19:58:17,11608888,NWB-ARC-WBH-AR-MOD-0036.rvt : 26 : location Internal,NWB-ARC-WBH-AR-MOD-0036,12704758,70bf69a4-7f45-4c53-a2cf-ac515e18e0f4-00c19f88,HDU.09.066,"Lounge, Patient/Visitor",LEVEL 09,New Construction,High Dependency Unit,HDU,,,,23.8 m²,20416,329.501486,394.85024,236.220472,0 W,0.00 W/m²,0 W,0.00 W/m²,28.6 m²,By Space Type,0,By Space Type,0.0,0.0,0.0,-2000160,"CEILING: acoustic, drop-in tiles, 600 x 1200",,,0,-1,18.95,11.06.2026,CLTI-002,,FLVY-500,,FLSK-010,WLFI-001,"Entry, Waiting & Family Support Areas",,WBH.HDU.01.002,107702,21/07/2026,LNGE-20,20,,NWB-ARC-WBH-AR-RLS-HDU.01.002,,DR,By Type,"FLOOR FINISH: vinyl, seamless, coved, standard slip resistant, feature",Typical Room,By Space Type,1mlscaVqLCKwBFh55UsNzy,59 W,Power Density,2700,"Lounge, Patient/Visitor",HDU.09.066,0,Rooms,AROO,Rooms,HDU,25.152284500001922,Architecture,WBH-W-09.066,"Lounge, Patient/Visitor",01,YES,SL_90_10,Room Spaces,Up to 10 patients/visitors; 1-2 staff intermittently,0,New Construction,20.00%,Power Density,,Yes,0,DR,73 W,0.0,0 W,10.76 W/m²,0 W,13.99 W/m²,132 W,2700,LEVEL 09,0.0,AR Rooms
2026-08-01 19:58:17,11608888,NWB-ARC-WBH-AR-MOD-0036.rvt : 26 : location Internal,NWB-ARC-WBH-AR-MOD-0036,12704773,70bf69a4-7f45-4c53-a2cf-ac515e18e0f4-00c1a273,HDU.09.102,Bay - Meal Trolley,LEVEL 09,New Construction,High Dependency Unit,HDU,,,,3.9 m²,9604,352.917876,412.880671,236.220472,0 W,0.00 W/m²,0 W,0.00 W/m²,28.6 m²,By Space Type,0,By Space Type,0.0,0.0,0.0,-2000160,"CEILING: plasterboard, drop-in tiles, prefinished, 600 x 1200",,,0,-1,-1.25,11.06.2026,CLTI-008,,FLVY-007,,FLSK-010,WLFI-001,Clinical Support Areas,,WBH.HDU.03.015,107740,21/07/2026,BMT,4,,Refer to AusHFG BMT,,SC,By Type,"FLOOR FINISH: vinyl, seamless, coved, standard slip resistant",,By Space Type,1mlscaVqLCKwBFh55UsKA7,59 W,Power Density,2700,Bay - Meal Trolley,HDU.09.102,0,Rooms,AROO,Rooms,HDU,4.590414750002265,Architecture,WBH-W-09.102,Bay - Meal Trolley,03,YES,SL_90_10,Room Spaces,,0,New Construction,20.00%,Power Density,,0,0,SC,73 W,0.0,0 W,10.76 W/m²,0 W,13.99 W/m²,132 W,2700,LEVEL 09,0.0,AR Rooms
2026-08-01 19:58:17,11608888,NWB-ARC-WBH-AR-MOD-0036.rvt : 26 : location Internal,NWB-ARC-WBH-AR-MOD-0036,12704775,70bf69a4-7f45-4c53-a2cf-ac515e18e0f4-00c1a276,HDU.09.080,"Ensuite, Special",LEVEL 09,New Construction,High Dependency Unit,HDU,,,,6.5 m²,10235,299.617419,453.540941,236.220472,0 W,0.00 W/m²,0 W,0.00 W/m²,28.6 m²,By Space Type,0,By Space Type,0.0,0.0,0.0,-2000160,"CEILING: plasterboard, water resistant, drop-in tiles, prefinished, 600 x 1200",,,0,-1,8.333333,11.06.2026,CLTI-014,,FLVY-005,,FLSK-010,WLFI-001,Patient Areas,,WBH.HDU.02.016,107719,21/07/2026,ENS-SP,6,,NWB-ARC-WBH-AR-RLS-HDU.02.016,,DR,By Type,"FLOOR FINISH: vinyl, seamless, coved, non slip, studded",Refer to Typical Room,By Space Type,1mlscaVqLCKwBFh55UsKA2,59 W,Power Density,2700,"Ensuite, Special",HDU.09.080,0,Rooms,AROO,Rooms,HDU,6.783609750005077,Architecture,WBH-W-09.080,"Ensuite, Special",02,YES,SL_90_10,Room Spaces,1 patient; 1-2 staff assisting,0,New Construction,20.00%,Power Density,,Yes,0,DR,73 W,0.0,0 W,10.76 W/m²,0 W,13.99 W/m²,132 W,2700,LEVEL 09,0.0,AR Rooms
2026-08-01 19:58:17,11608888,NWB-ARC-WBH-AR-MOD-0036.rvt : 26 : location Internal,NWB-ARC-WBH-AR-MOD-0036,12704777,70bf69a4-7f45-4c53-a2cf-ac515e18e0f4-00c1a27e,HDU.09.087,"1 Bed Room, Intensive Care, Class N (Respiratory)",LEVEL 09,New Construction,High Dependency Unit,HDU,,,,25.2 m²,21069,275.671434,450.429507,236.220472,0 W,0.00 W/m²,0 W,0.00 W/m²,28.6 m²,By Space Type,0,By Space Type,0.0,0.0,0.0,-2000160,"CEILING: plasterboard, flush set, suspended, paint, washable",,,0,-1,0.68,11.06.2026,CLFS-006,,FLVY-500,,FLSK-010,WLFI-001,Patient Areas,,WBH.HDU.02.027,112450,21/07/2026,1BR-IC-N,25,,NWB-ARC-WBH-AR-RLS-HDU.02.027,,PS,By Type,"FLOOR FINISH: vinyl, seamless, coved, standard slip resistant, feature",Refer to Typical Room,By Space Type,1mlscaVqLCKwBFh55UsKAA,59 W,Power Density,3000,"1 Bed Room, Intensive Care, Class N (Respiratory)",HDU.09.087,0,Rooms,AROO,Rooms,HDU,25.644283999994794,Architecture,WBH-W-09.087,"1 Bed Room, Intensive Care, Class N (Respiratory)",02,YES,SL_90_10,Room Spaces,"1 patient, 1 visitor, up to 6-8 staff",0,New Construction,20.00%,Power Density,,Yes,0,DR,73 W,0.0,0 W,10.76 W/m²,0 W,13.99 W/m²,132 W,3000,LEVEL 09,0.0,AR Rooms
2026-08-01 19:58:17,11608888,NWB-ARC-WBH-AR-MOD-0036.rvt : 26 : location Internal,NWB-ARC-WBH-AR-MOD-0036,12704779,70bf69a4-7f45-4c53-a2cf-ac515e18e0f4-00c1a281,HDU.09.089,Milk Clean-Up Room,LEVEL 09,New Construction,High Dependency Unit,HDU,,,,8.7 m²,12098,344.870907,444.668456,236.220472,0 W,0.00 W/m²,0 W,0.00 W/m²,28.6 m²,By Space Type,0,By Space Type,0.0,0.0,0.0,-2000160,"CEILING: acoustic, drop-in tiles, 600 x 1200",,,0,-1,8.25,11.06.2026,CLTI-002,,FLVY-003,,FLSK-010,WLFI-001,Patient Areas,,WBH.HDU.02.029,112452,21/07/2026,MILK-CLUP,8,,NWB-ARC-WBH-AR-RLS-HDU.02.029,,PS,By Type,"FLOOR FINISH: vinyl, seamless, coved, non slip",Typical Room,By Space Type,1mlscaVqLCKwBFh55UsK9r,59 W,Power Density,2700,Milk Clean-Up Room,HDU.09.089,0,Rooms,AROO,Rooms,HDU,7.6092112500015014,Architecture,WBH-W-09.089,Milk Clean-Up Room,02,YES,SL_90_10,Room Spaces,Up to 2,0,New Construction,20.00%,Power Density,,Yes,0,PS-MILK-CLUP,73 W,0.0,0 W,10.76 W/m²,0 W,13.99 W/m²,132 W,2700,LEVEL 09,0.0,AR Rooms
2026-08-01 19:58:17,11608888,NWB-ARC-WBH-AR-MOD-0036.rvt : 26 : location Internal,NWB-ARC-WBH-AR-MOD-0036,12704781,70bf69a4-7f45-4c53-a2cf-ac515e18e0f4-00c1a284,HDU.09.079,"Ensuite, Special",LEVEL 09,New Construction,High Dependency Unit,HDU,,,,6.5 m²,10206,355.021325,389.414216,236.220472,0 W,0.00 W/m²,0 W,0.00 W/m²,28.6 m²,By Space Type,0,By Space Type,0.0,0.0,0.0,-2000160,"CEILING: plasterboard, water resistant, drop-in tiles, prefinished, 600 x 1200",,,0,-1,7.666667,11.06.2026,CLTI-014,,FLVY-005,,FLSK-010,WLFI-001,Patient Areas,,WBH.HDU.02.015,107718,21/07/2026,ENS-SP,6,,NWB-ARC-WBH-AR-RLS-DR-ENS-SP-6-HDU,,DR,By Type,"FLOOR FINISH: vinyl, seamless, coved, non slip, studded",Refer to Typical Room,By Space Type,1mlscaVqLCKwBFh55UsK9m,59 W,Power Density,2700,"Ensuite, Special",HDU.09.079,0,Rooms,AROO,Rooms,HDU,6.387926750008039,Architecture,WBH-W-09.079,"Ensuite, Special",02,YES,SL_90_10,Room Spaces,1 patient; 1-2 staff assisting,0,New Construction,20.00%,Power Density,,No,0,DR,73 W,0.0,0 W,10.76 W/m²,0 W,13.99 W/m²,132 W,2700,LEVEL 09,0.0,AR Rooms
2026-08-01 19:58:17,11608888,NWB-ARC-WBH-AR-MOD-0036.rvt : 26 : location Internal,NWB-ARC-WBH-AR-MOD-0036,12704783,70bf69a4-7f45-4c53-a2cf-ac515e18e0f4-00c1a287,HDU.09.073,"1 Bed Room, Intensive Care",LEVEL 09,New Construction,High Dependency Unit,HDU,,,,24.6 m²,20633,368.416995,393.531671,236.220472,0 W,0.00 W/m²,0 W,0.00 W/m²,28.6 m²,By Space Type,0,By Space Type,0.0,0.0,0.0,-2000160,"CEILING: plasterboard, flush set, suspended, paint, washable",,,0,-1,-1.56,11.06.2026,CLFS-006,,FLVY-500,,FLSK-010,WLFI-001,Patient Areas,,WBH.HDU.02.005,107708,21/07/2026,1BR-IC-A,25,,NWB-ARC-WBH-AR-RLS-HDU.02.003,,PS,By Type,"FLOOR FINISH: vinyl, seamless, coved, standard slip resistant, feature",Refer to Typical Room,By Space Type,1mlscaVqLCKwBFh55UsK9p,59 W,Power Density,3000,"1 Bed Room, Intensive Care",HDU.09.073,0,Rooms,AROO,Rooms,HDU,25.264274499991092,Architecture,WBH-W-09.073,"1 Bed Room, Intensive Care",02,YES,SL_90_10,Room Spaces,"1 patient, 1 visitor, up to 6-8 staff",0,New Construction,20.00%,Power Density,,0,0,PS-1BR-IC-A,73 W,0.0,0 W,10.76 W/m²,0 W,13.99 W/m²,132 W,3000,LEVEL 09,0.0,AR Rooms
2026-08-01 19:58:17,11608888,NWB-ARC-WBH-AR-MOD-0036.rvt : 26 : location Internal,NWB-ARC-WBH-AR-MOD-0036,12704785,70bf69a4-7f45-4c53-a2cf-ac515e18e0f4-00c1a28a,HDU.09.085,"1 Bed Room, Intensive Care (Bariatric)",LEVEL 09,New Construction,High Dependency Unit,HDU,,,,24.7 m²,20633,386.154856,393.531671,236.220472,0 W,0.00 W/m²,0 W,0.00 W/m²,28.6 m²,By Space Type,0,By Space Type,0.0,0.0,0.0,-2000160,"CEILING: plasterboard, flush set, suspended, paint, washable",,,0,-1,-1.36,11.06.2026,CLFS-006,,FLVY-500,,FLSK-010,WLFI-001,Patient Areas,,WBH.HDU.02.025,112448,21/07/2026,1BR-IC-B,25,,NWB-ARC-WBH-AR-RLS-HDU.02.026,,PS,By Type,"FLOOR FINISH: vinyl, seamless, coved, standard slip resistant, feature",Typical Room,By Space Type,1mlscaVqLCKwBFh55UsK9_,59 W,Power Density,3000,"1 Bed Room, Intensive Care (Bariatric)",HDU.09.085,0,Rooms,AROO,Rooms,HDU,25.26427450001306,Architecture,WBH-W-09.085,"1 Bed Room, Intensive Care (Bariatric)",02,YES,SL_90_10,Room Spaces,"1 patient, 1 visitor, up to 6-8 staff",0,New Construction,20.00%,Power Density,,0,0,PS-1BR-IC-B,73 W,0.0,0 W,10.76 W/m²,0 W,13.99 W/m²,132 W,3000,LEVEL 09,0.0,AR Rooms
2026-08-01 19:58:17,11608888,NWB-ARC-WBH-AR-MOD-0036.rvt : 26 : location Internal,NWB-ARC-WBH-AR-MOD-0036,12704787,70bf69a4-7f45-4c53-a2cf-ac515e18e0f4-00c1a28d,HDU.09.101,Bay - Mobile Equipment,LEVEL 09,New Construction,High Dependency Unit,HDU,,,,7.9 m²,11280,355.060222,445.121787,236.220472,0 W,0.00 W/m²,0 W,0.00 W/m²,28.6 m²,By Space Type,0,By Space Type,0.0,0.0,0.0,-2000160,"CEILING: plasterboard, drop-in tiles, prefinished, 600 x 1200",,,0,-1,98.5,11.06.2026,CLTI-008,,FLVY-007,,FLSK-010,WLFI-001,Clinical Support Areas,,WBH.HDU.03.012,107737,21/07/2026,BMEQ,4,,Refer to AusHFG BMEQ,,SC,By Type,"FLOOR FINISH: vinyl, seamless, coved, standard slip resistant",,By Space Type,1mlscaVqLCKwBFh55UsK9v,59 W,Power Density,2700,Bay - Mobile Equipment,HDU.09.101,0,Rooms,AROO,Rooms,HDU,4.044512250001894,Architecture,WBH-W-09.101,Bay - Mobile Equipment,03,YES,SL_90_10,Room Spaces,,0,New Construction,20.00%,Power Density,,0,0,SC,73 W,0.0,0 W,10.76 W/m²,0 W,13.99 W/m²,132 W,2700,LEVEL 09,0.0,AR Rooms
2026-08-01 19:58:17,11608888,NWB-ARC-WBH-AR-MOD-0036.rvt : 26 : location Internal,NWB-ARC-WBH-AR-MOD-0036,12704789,70bf69a4-7f45-4c53-a2cf-ac515e18e0f4-00c1a290,HDU.09.081,"Ensuite, Bariatric",LEVEL 09,New Construction,High Dependency Unit,HDU,,,,6.8 m²,10938,400.582349,389.138626,236.220472,0 W,0.00 W/m²,0 W,0.00 W/m²,28.6 m²,By Space Type,0,By Space Type,0.0,0.0,0.0,-2000160,"CEILING: plasterboard, water resistant, drop-in tiles, prefinished, 600 x 1200",,,0,-1,-2.714286,11.06.2026,CLTI-014,,FLVY-009,,FLSK-010,WLFI-001,Patient Areas,,WBH.HDU.02.019,107722,21/07/2026,ENS-BA,7,,NWB-ARC-WBH-AR-RLS-DR-ENS-BA-7-HDU,,DR,By Type,"FLOOR FINISH: vinyl, seamless, coved, wet area, non-slip",Typical Room,By Space Type,1mlscaVqLCKwBFh55UsK9a,59 W,Power Density,2700,"Ensuite, Bariatric",HDU.09.081,0,Rooms,AROO,Rooms,HDU,7.3480327499887546,Architecture,WBH-W-09.081,"Ensuite, Bariatric",02,YES,SL_90_10,Room Spaces,1 patient; 1-2 staff assisting,0,New Construction,20.00%,Power Density,,0,0,DR,73 W,0.0,0 W,10.76 W/m²,0 W,13.99 W/m²,132 W,2700,LEVEL 09,0.0,AR Rooms
2026-08-01 19:58:17,11608888,NWB-ARC-WBH-AR-MOD-0036.rvt : 26 : location Internal,NWB-ARC-WBH-AR-MOD-0036,12704889,c9556656-cffd-49c8-af07-d55f184bd0c9-00c1afee,HDU.09.086,"1 Bed Room, Intensive Care (Bariatric)",LEVEL 09,New Construction,High Dependency Unit,HDU,,,,26.0 m²,21133,386.154856,448.912248,236.220472,0 W,0.00 W/m²,0 W,0.00 W/m²,28.6 m²,By Space Type,0,By Space Type,0.0,0.0,0.0,-2000160,"CEILING: plasterboard, flush set, suspended, paint, washable",,,0,-1,4.04,11.06.2026,CLFS-006,,FLVY-500,,FLSK-010,WLFI-001,Patient Areas,,WBH.HDU.02.026,112449,21/07/2026,1BR-IC-B,25,,NWB-ARC-WBH-AR-RLS-HDU.02.026,,PS,By Type,"FLOOR FINISH: vinyl, seamless, coved, standard slip resistant, feature",Refer to Typical Room,By Space Type,39LMPMp$r9oAy7rLyOYdyd,59 W,Power Density,3000,"1 Bed Room, Intensive Care (Bariatric)",HDU.09.086,0,Rooms,AROO,Rooms,HDU,25.26427449999515,Architecture,WBH-W-09.086,"1 Bed Room, Intensive Care (Bariatric)",02,YES,SL_90_10,Room Spaces,"1 patient, 1 visitor, up to 6-8 staff",0,New Construction,20.00%,Power Density,,Yes,0,PS-1BR-IC-B,73 W,0.0,0 W,10.76 W/m²,0 W,13.99 W/m²,132 W,3000,LEVEL 09,0.0,AR Rooms
2026-08-01 19:58:17,11608888,NWB-ARC-WBH-AR-MOD-0036.rvt : 26 : location Internal,NWB-ARC-WBH-AR-MOD-0036,12704891,c9556656-cffd-49c8-af07-d55f184bd0c9-00c1aff1,HDU.09.082,"Ensuite, Bariatric, Super",LEVEL 09,New Construction,High Dependency Unit,HDU,,,,9.0 m²,12503,400.582349,453.193744,236.220472,0 W,0.00 W/m²,0 W,0.00 W/m²,28.6 m²,By Space Type,0,By Space Type,0.0,0.0,0.0,-2000160,"CEILING: plasterboard, water resistant, drop-in tiles, prefinished, 600 x 1200",,,0,-1,28,11.06.2026,CLTI-014,,FLVY-009,,FLSK-010,WLFI-001,Patient Areas,,WBH.HDU.02.020,107723,21/07/2026,ENS-BA-S,7,,NWB-ARC-WBH-AR-RLS-DR-ENS-BA-7-HDU,,DR,By Type,"FLOOR FINISH: vinyl, seamless, coved, wet area, non-slip",Refer to Typical Room,By Space Type,39LMPMp$r9oAy7rLyOYdyu,59 W,Power Density,2700,"Ensuite, Bariatric, Super",HDU.09.082,0,Rooms,AROO,Rooms,HDU,7.462812250007046,Architecture,WBH-W-09.082,"Ensuite, Bariatric",02,YES,SL_90_10,Room Spaces,1 patient; 1-2 staff assisting,0,New Construction,20.00%,Power Density,,0,0,DR,73 W,0.0,0 W,10.76 W/m²,0 W,13.99 W/m²,132 W,2700,LEVEL 09,0.0,AR Rooms
2026-08-01 19:58:17,11608888,NWB-ARC-WBH-AR-MOD-0036.rvt : 26 : location Internal,NWB-ARC-WBH-AR-MOD-0036,12704893,c9556656-cffd-49c8-af07-d55f184bd0c9-00c1aff4,HDU.09.072,"1 Bed Room, Intensive Care",LEVEL 09,New Construction,High Dependency Unit,HDU,,,,26.0 m²,21133,368.395669,448.912248,236.220472,0 W,0.00 W/m²,0 W,0.00 W/m²,28.6 m²,By Space Type,0,By Space Type,0.0,0.0,0.0,-2000160,"CEILING: plasterboard, flush set, suspended, paint, washable",,,0,-1,3.84,11.06.2026,CLFS-006,,FLVY-500,,FLSK-010,WLFI-001,Patient Areas,,WBH.HDU.02.004,107707,21/07/2026,1BR-IC-A,25,,NWB-ARC-GEN-AR-RLS-PS-1BR-IC-A,,PS,By Type,"FLOOR FINISH: vinyl, seamless, coved, standard slip resistant, feature",Refer to Typical Room,By Space Type,39LMPMp$r9oAy7rLyOYdyz,59 W,Power Density,3000,"1 Bed Room, Intensive Care",HDU.09.072,0,Rooms,AROO,Rooms,HDU,25.264274500005712,Architecture,WBH-W-09.072,"1 Bed Room, Intensive Care",02,YES,SL_90_10,Room Spaces,"1 patient, 1 visitor, up to 6-8 staff",0,New Construction,20.00%,Power Density,,0,0,PS-1BR-IC-A,73 W,0.0,0 W,10.76 W/m²,0 W,13.99 W/m²,132 W,3000,LEVEL 09,0.0,AR Rooms
2026-08-01 19:58:17,11608888,NWB-ARC-WBH-AR-MOD-0036.rvt : 26 : location Internal,NWB-ARC-WBH-AR-MOD-0036,12704895,c9556656-cffd-49c8-af07-d55f184bd0c9-00c1affd,HDU.09.078,"Ensuite, Special",LEVEL 09,New Construction,High Dependency Unit,HDU,,,,6.5 m²,10235,354.658793,453.210148,236.220472,0 W,0.00 W/m²,0 W,0.00 W/m²,28.6 m²,By Space Type,0,By Space Type,0.0,0.0,0.0,-2000160,"CEILING: plasterboard, water resistant, drop-in tiles, prefinished, 600 x 1200",,,0,-1,8.333333,11.06.2026,CLTI-014,,FLVY-005,,FLSK-010,WLFI-001,Patient Areas,,WBH.HDU.02.014,107717,21/07/2026,ENS-SP,6,,Refer to AusHFG ENS-SP,,SC,By Type,"FLOOR FINISH: vinyl, seamless, coved, non slip, studded",Refer to Typical Room,By Space Type,39LMPMp$r9oAy7rLyOYdyq,59 W,Power Density,2700,"Ensuite, Special",HDU.09.078,0,Rooms,AROO,Rooms,HDU,6.783609749998867,Architecture,WBH-W-09.078,"Ensuite, Special",02,YES,SL_90_10,Room Spaces,1 patient; 1-2 staff assisting,0,New Construction,20.00%,Power Density,,0,0,SC,73 W,0.0,0 W,10.76 W/m²,0 W,13.99 W/m²,132 W,2700,LEVEL 09,0.0,AR Rooms
2026-08-01 19:58:17,11608888,NWB-ARC-WBH-AR-MOD-0036.rvt : 26 : location Internal,NWB-ARC-WBH-AR-MOD-0036,12704897,c9556656-cffd-49c8-af07-d55f184bd0c9-00c1b000,HDU.09.077,"Ensuite, Special",LEVEL 09,New Construction,High Dependency Unit,HDU,,,,6.5 m²,10222,344.773622,453.029702,236.220472,0 W,0.00 W/m²,0 W,0.00 W/m²,28.6 m²,By Space Type,0,By Space Type,0.0,0.0,0.0,-2000160,"CEILING: plasterboard, water resistant, drop-in tiles, prefinished, 600 x 1200",,,0,-1,8,11.06.2026,CLTI-014,,FLVY-005,,FLSK-010,WLFI-001,Patient Areas,,WBH.HDU.02.013,107716,21/07/2026,ENS-SP,6,,NWB-ARC-WBH-AR-RLS-DR-ENS-SP-6-HDU,,DR,By Type,"FLOOR FINISH: vinyl, seamless, coved, non slip, studded",Typical Room,By Space Type,39LMPMp$r9oAy7rLyOYc39,59 W,Power Density,2700,"Ensuite, Special",HDU.09.077,0,Rooms,AROO,Rooms,HDU,6.7836097499920935,Architecture,WBH-W-09.077,"Ensuite, Special",02,YES,SL_90_10,Room Spaces,1 patient; 1-2 staff assisting,0,New Construction,20.00%,Power Density,,0,0,DR,73 W,0.0,0 W,10.76 W/m²,0 W,13.99 W/m²,132 W,2700,LEVEL 09,0.0,AR Rooms
2026-08-01 19:58:17,11608888,NWB-ARC-WBH-AR-MOD-0036.rvt : 26 : location Internal,NWB-ARC-WBH-AR-MOD-0036,12704899,c9556656-cffd-49c8-af07-d55f184bd0c9-00c1b003,HDU.09.070,"1 Bed Room, Intensive Care",LEVEL 09,New Construction,High Dependency Unit,HDU,,,,26.0 m²,21120,331.036745,448.092038,236.220472,0 W,0.00 W/m²,0 W,0.00 W/m²,28.6 m²,By Space Type,0,By Space Type,0.0,0.0,0.0,-2000160,"CEILING: plasterboard, flush set, suspended, paint, washable",,,0,-1,3.96,11.06.2026,CLFS-006,,FLVY-500,,FLSK-010,WLFI-001,Patient Areas,,WBH.HDU.02.002,107705,21/07/2026,1BR-IC-A,25,,NWB-ARC-WBH-AR-RLS-HDU.02.003,,PS,By Type,"FLOOR FINISH: vinyl, seamless, coved, standard slip resistant, feature",Typical Room,By Space Type,39LMPMp$r9oAy7rLyOYc3A,59 W,Power Density,3000,"1 Bed Room, Intensive Care",HDU.09.070,0,Rooms,AROO,Rooms,HDU,25.264274499995636,Architecture,WBH-W-09.070,"1 Bed Room, Intensive Care",02,YES,SL_90_10,Room Spaces,"1 patient, 1 visitor, up to 6-8 staff",0,New Construction,20.00%,Power Density,,0,0,PS-1BR-IC-A,73 W,0.0,0 W,10.76 W/m²,0 W,13.99 W/m²,132 W,3000,LEVEL 09,0.0,AR Rooms
2026-08-01 19:58:17,11608888,NWB-ARC-WBH-AR-MOD-0036.rvt : 26 : location Internal,NWB-ARC-WBH-AR-MOD-0036,12704901,c9556656-cffd-49c8-af07-d55f184bd0c9-00c1b006,HDU.09.071,"1 Bed Room, Intensive Care",LEVEL 09,New Construction,High Dependency Unit,HDU,,,,26.0 m²,21133,313.32021,448.912248,236.220472,0 W,0.00 W/m²,0 W,0.00 W/m²,28.6 m²,By Space Type,0,By Space Type,0.0,0.0,0.0,-2000160,"CEILING: plasterboard, flush set, suspended, paint, washable",,,0,-1,4.04,11.06.2026,CLFS-006,,FLVY-500,,FLSK-010,WLFI-001,Patient Areas,,WBH.HDU.02.003,107706,21/07/2026,1BR-IC-A,25,,NWB-ARC-WBH-AR-RLS-HDU.02.003,,PS,By Type,"FLOOR FINISH: vinyl, seamless, coved, standard slip resistant, feature",Refer to Typical Room,By Space Type,39LMPMp$r9oAy7rLyOYc3F,59 W,Power Density,3000,"1 Bed Room, Intensive Care",HDU.09.071,0,Rooms,AROO,Rooms,HDU,25.26427450000507,Architecture,WBH-W-09.071,"1 Bed Room, Intensive Care",02,YES,SL_90_10,Room Spaces,"1 patient, 1 visitor, up to 6-8 staff",0,New Construction,20.00%,Power Density,,Yes,0,PS-1BR-IC-A,73 W,0.0,0 W,10.76 W/m²,0 W,13.99 W/m²,132 W,3000,LEVEL 09,0.0,AR Rooms
2026-08-01 19:58:17,11608888,NWB-ARC-WBH-AR-MOD-0036.rvt : 26 : location Internal,NWB-ARC-WBH-AR-MOD-0036,12704903,c9556656-cffd-49c8-af07-d55f184bd0c9-00c1b009,HDU.09.084,"Ensuite, Bariatric",LEVEL 09,New Construction,High Dependency Unit,HDU,,,,7.6 m²,11081,288.23974,451.890792,236.220472,0 W,0.00 W/m²,0 W,0.00 W/m²,28.6 m²,By Space Type,0,By Space Type,0.0,0.0,0.0,-2000160,"CEILING: plasterboard, water resistant, drop-in tiles, prefinished, 600 x 1200",,,0,-1,8.571429,11.06.2026,CLTI-014,,FLVY-009,,FLSK-010,WLFI-001,Patient Areas,,WBH.HDU.02.024,109836,21/07/2026,ENS-BA,7,,NWB-ARC-WBH-AR-RLS-HDU.02.024,,DR,By Type,"FLOOR FINISH: vinyl, seamless, coved, wet area, non-slip",Refer to Typical Room,By Space Type,39LMPMp$r9oAy7rLyOYc30,59 W,Power Density,2700,"Ensuite, Bariatric",HDU.09.084,0,Rooms,AROO,Rooms,HDU,7.329512249998994,Architecture,WBH-W-09.084,"Ensuite, Bariatric",02,YES,SL_90_10,Room Spaces,1 patient; 1-2 staff assisting,0,New Construction,20.00%,Power Density,,Yes,0,DR,73 W,0.0,0 W,10.76 W/m²,0 W,13.99 W/m²,132 W,2700,LEVEL 09,0.0,AR Rooms
2026-08-01 19:58:17,11608888,NWB-ARC-WBH-AR-MOD-0036.rvt : 26 : location Internal,NWB-ARC-WBH-AR-MOD-0036,12704917,c9556656-cffd-49c8-af07-d55f184bd0c9-00c1b292,HDU.09.083,"Ensuite, Bariatric",LEVEL 09,New Construction,High Dependency Unit,HDU,,,,7.4 m²,10859,243.909597,453.324018,236.220472,0 W,0.00 W/m²,0 W,0.00 W/m²,28.6 m²,By Space Type,0,By Space Type,0.0,0.0,0.0,-2000160,"CEILING: plasterboard, water resistant, drop-in tiles, prefinished, 600 x 1200",,,0,-1,5.142857,11.06.2026,CLTI-014,,FLVY-009,,FLSK-010,WLFI-001,Patient Areas,,WBH.HDU.02.023,109835,21/07/2026,ENS-BA,7,,NWB-ARC-WBH-AR-RLS-DR-ENS-BA-7-HDU,,DR,By Type,"FLOOR FINISH: vinyl, seamless, coved, wet area, non-slip",Refer to Typical Room,By Space Type,39LMPMp$r9oAy7rLyOYc9R,59 W,Power Density,2700,"Ensuite, Bariatric",HDU.09.083,0,Rooms,AROO,Rooms,HDU,6.970151749996298,Architecture,WBH-W-09.083,"Ensuite, Bariatric",02,YES,SL_90_10,Room Spaces,1 patient; 1-2 staff assisting,0,New Construction,20.00%,Power Density,,No,0,DR,73 W,0.0,0 W,10.76 W/m²,0 W,13.99 W/m²,132 W,2700,LEVEL 09,0.0,AR Rooms
2026-08-01 19:58:17,11608888,NWB-ARC-WBH-AR-MOD-0036.rvt : 26 : location Internal,NWB-ARC-WBH-AR-MOD-0036,12704919,c9556656-cffd-49c8-af07-d55f184bd0c9-00c1b295,HDU.09.075,Anteroom,LEVEL 09,New Construction,High Dependency Unit,HDU,,,,8.4 m²,11783,289.662821,443.918958,236.220472,0 W,0.00 W/m²,0 W,0.00 W/m²,28.6 m²,By Space Type,0,By Space Type,0.0,0.0,0.0,-2000160,"CEILING: plasterboard, flush set, suspended, paint, washable",,,0,-1,40.333333,11.06.2026,CLFS-006,,FLVY-007,FLVY-009,FLSK-010,WLFI-001,Patient Areas,,WBH.HDU.02.010,107713,21/07/2026,ANRM,6,,NWB-ARC-WBH-AR-RLS-HDU.02.010,,PS,By Type,"FLOOR FINISH: vinyl, seamless, coved, standard slip resistant",Typical Room,By Space Type,39LMPMp$r9oAy7rLyOYc9S,59 W,Power Density,2700,Anteroom,HDU.09.075,0,Rooms,AROO,Rooms,HDU,6.664656749992715,Architecture,WBH-W-09.075,Anteroom,02,YES,SL_90_10,Room Spaces,1 - 2,0,New Construction,20.00%,Power Density,,Yes,0,PS-ANRM,73 W,0.0,0 W,10.76 W/m²,0 W,13.99 W/m²,132 W,2700,LEVEL 09,0.0,AR Rooms
2026-08-01 19:58:17,11608888,NWB-ARC-WBH-AR-MOD-0036.rvt : 26 : location Internal,NWB-ARC-WBH-AR-MOD-0036,12704931,c9556656-cffd-49c8-af07-d55f184bd0c9-00c1b435,HDU.09.074,"1 Bed Room, Intensive Care, Class P (Respiratory)",LEVEL 09,New Construction,High Dependency Unit,HDU,,,,24.9 m²,20564,257.751094,450.509188,236.220472,0 W,0.00 W/m²,0 W,0.00 W/m²,28.6 m²,By Space Type,0,By Space Type,0.0,0.0,0.0,-2000160,"CEILING: plasterboard, flush set, suspended, paint, washable",,,0,-1,-0.24,11.06.2026,CLFS-006,,FLVY-500,,FLSK-010,WLFI-001,Patient Areas,,WBH.HDU.02.008,107711,21/07/2026,1BR-IC-P,25,,NWB-ARC-GEN-AR-RLS-PS-1BR-IC-N,,DR,By Type,"FLOOR FINISH: vinyl, seamless, coved, standard slip resistant, feature",Typical Room,By Space Type,39LMPMp$r9oAy7rLyOYcJy,59 W,Power Density,3000,"1 Bed Room, Intensive Care, Class P (Respiratory)",HDU.09.074,0,Rooms,AROO,Rooms,HDU,25.21939850000156,Architecture,WBH-W-09.074,"1 Bed Room, Intensive Care, Class N (Respiratory)",02,YES,SL_90_10,Room Spaces,"1 patient, 1 visitor, up to 6-8 staff",0,New Construction,20.00%,Power Density,,No,0,PS-1BR-IC-N,73 W,0.0,0 W,10.76 W/m²,0 W,13.99 W/m²,132 W,3000,LEVEL 09,0.0,AR Rooms
2026-08-01 19:58:17,11608888,NWB-ARC-WBH-AR-MOD-0036.rvt : 26 : location Internal,NWB-ARC-WBH-AR-MOD-0036,12704982,c9556656-cffd-49c8-af07-d55f184bd0c9-00c1b95d,HDU.09.125,"Office, 2 Person",LEVEL 09,New Construction,High Dependency Unit,HDU,,,,14.0 m²,15207,400.582349,442.135673,236.220472,0 W,0.00 W/m²,0 W,0.00 W/m²,28.6 m²,By Space Type,0,By Space Type,0.0,0.0,0.0,-2000160,,,,0,-1,16.666667,11.06.2026,,,FLVY-500,,FLSK-010,WLFI-001,Clinical Support Areas,,WBH.HDU.03.041,112468,21/07/2026,OFF-2P,12,,NWB-ARC-WBH-AR-RLS-HDU.03.041,,SC,By Type,"FLOOR FINISH: vinyl, seamless, coved, standard slip resistant, feature",,By Space Type,39LMPMp$r9oAy7rLyOYccK,59 W,Power Density,2700,"Office, 2 Person",HDU.09.125,0,Rooms,AROO,Rooms,HDU,14.45512724999811,Architecture,WBH-W-09.125,"Office, 2 Person",03,YES,SL_90_10,Room Spaces,"2 staff, up to 2 visitors",0,New Construction,20.00%,Power Density,D40_Done,Yes,0,SC,73 W,0.0,0 W,10.76 W/m²,0 W,13.99 W/m²,132 W,2700,LEVEL 09,0.0,AR Rooms
2026-08-01 19:58:17,11608888,NWB-ARC-WBH-AR-MOD-0036.rvt : 26 : location Internal,NWB-ARC-WBH-AR-MOD-0036,12704986,c9556656-cffd-49c8-af07-d55f184bd0c9-00c1b97d,HDU.09.088,Neonatal Observation and Procedure Room,LEVEL 09,New Construction,High Dependency Unit,HDU,,,,18.8 m²,17650,399.071522,415.906999,236.220472,0 W,0.00 W/m²,0 W,0.00 W/m²,28.6 m²,By Space Type,0,By Space Type,0.0,0.0,0.0,-2000160,,,,0,-1,-4.65,11.06.2026,,,FLVY-007,,FLSK-010,WLFI-001,Patient Areas,,WBH.HDU.02.028,112451,21/07/2026,NEO-OBS-15,20,,NWB-ARC-WBH-AR-RLS-HDU.02.028,,NS,By Type,"FLOOR FINISH: vinyl, seamless, coved, standard slip resistant",Typical Room,By Space Type,39LMPMp$r9oAy7rLyOYccq,59 W,Power Density,2700,Neonatal Observation and Procedure Room,HDU.09.088,0,Rooms,AROO,Rooms,HDU,18.880057750000816,Architecture,WBH-W-09.088,Neonatal Observation and Procedure Room,02,YES,SL_90_10,Room Spaces,,0,New Construction,20.00%,Power Density,,Yes,0,NS,73 W,0.0,0 W,10.76 W/m²,0 W,13.99 W/m²,132 W,2700,LEVEL 09,0.0,AR Rooms
2026-08-01 19:58:17,11608888,NWB-ARC-WBH-AR-MOD-0036.rvt : 26 : location Internal,NWB-ARC-WBH-AR-MOD-0036,12704990,c9556656-cffd-49c8-af07-d55f184bd0c9-00c1b9a6,HDU.09.076,Bathroom,LEVEL 09,New Construction,High Dependency Unit,HDU,,,,14.2 m²,15169,398.90748,428.987707,236.220472,0 W,0.00 W/m²,0 W,0.00 W/m²,28.6 m²,By Space Type,0,By Space Type,0.0,0.0,0.0,-2000160,"CEILING: plasterboard, water resistant, flush set, suspended, paint, washable",,,0,-1,-4.466667,11.06.2026,CLFS-009,,FLVY-009,,FLSK-010,WLFI-011.07,Patient Areas,,WBH.HDU.02.012,107715,21/07/2026,BATH,15,,NWB-ARC-WBH-AR-RLS-HDU.02.012,,DR,By Type,"FLOOR FINISH: vinyl, seamless, coved, wet area, non-slip",Typical Room,By Space Type,39LMPMp$r9oAy7rLyOYcbl,59 W,Power Density,2700,Bathroom,HDU.09.076,0,Rooms,AROO,Rooms,HDU,15.956150750000354,Architecture,WBH-W-09.076,Bathroom,02,YES,SL_90_10,Room Spaces,1 patient; 1-2 staff assisting,0,New Construction,20.00%,Power Density,,Yes,0,DR,73 W,0.0,0 W,10.76 W/m²,0 W,13.99 W/m²,132 W,2700,LEVEL 09,0.0,AR Rooms
2026-08-01 19:58:17,11608888,NWB-ARC-WBH-AR-MOD-0036.rvt : 26 : location Internal,NWB-ARC-WBH-AR-MOD-0036,12704993,c9556656-cffd-49c8-af07-d55f184bd0c9-00c1baa3,HDU.09.113,Decentralised Staff Stations,LEVEL 09,New Construction,High Dependency Unit,HDU,,,,2.4 m²,6918,377.296588,441.172747,236.220472,0 W,0.00 W/m²,0 W,0.00 W/m²,28.6 m²,By Space Type,0,By Space Type,0.0,0.0,0.0,-2000160,,,,0,-1,20,11.06.2026,,,FLVY-500,,FLSK-010,WLFI-001,Clinical Support Areas,,WBH.HDU.03.029,112456,21/07/2026,SSTN-D,2,,NWB-ARC-WBH-AR-RLS-NS-SSTN-DC-2-HDU,,NS,By Type,"FLOOR FINISH: vinyl, seamless, coved, standard slip resistant, feature",Refer to Typical Room,By Space Type,39LMPMp$r9oAy7rLyOYcfg,59 W,Power Density,2700,Decentralised Staff Stations,HDU.09.113,0,Rooms,AROO,Rooms,HDU,2.025000000002344,Architecture,WBH-W-09.113,Decentralised Staff Stations,03,YES,SL_90_10,Room Spaces,,0,New Construction,20.00%,Power Density,,0,0,NS,73 W,0.0,0 W,10.76 W/m²,0 W,13.99 W/m²,132 W,2700,LEVEL 09,0.0,AR Rooms
2026-08-01 19:58:17,11608888,NWB-ARC-WBH-AR-MOD-0036.rvt : 26 : location Internal,NWB-ARC-WBH-AR-MOD-0036,12704995,c9556656-cffd-49c8-af07-d55f184bd0c9-00c1baa6,HDU.09.111,Decentralised Staff Stations,LEVEL 09,New Construction,High Dependency Unit,HDU,,,,2.4 m²,6918,322.178478,441.661592,236.220472,0 W,0.00 W/m²,0 W,0.00 W/m²,28.6 m²,By Space Type,0,By Space Type,0.0,0.0,0.0,-2000160,,,,0,-1,20,11.06.2026,,,FLVY-500,,FLSK-010,WLFI-001,Clinical Support Areas,,WBH.HDU.03.027,112454,21/07/2026,SSTN-D,2,,NWB-ARC-WBH-AR-RLS-NS-SSTN-DC-2-HDU,,NS,By Type,"FLOOR FINISH: vinyl, seamless, coved, standard slip resistant, feature",Refer to Typical Room,By Space Type,39LMPMp$r9oAy7rLyOYcfl,59 W,Power Density,2700,Decentralised Staff Stations,HDU.09.111,0,Rooms,AROO,Rooms,HDU,2.0250000000023647,Architecture,WBH-W-09.111,Decentralised Staff Stations,03,YES,SL_90_10,Room Spaces,,0,New Construction,20.00%,Power Density,,No,0,NS,73 W,0.0,0 W,10.76 W/m²,0 W,13.99 W/m²,132 W,2700,LEVEL 09,0.0,AR Rooms
2026-08-01 19:58:17,11608888,NWB-ARC-WBH-AR-MOD-0036.rvt : 26 : location Internal,NWB-ARC-WBH-AR-MOD-0036,12704997,c9556656-cffd-49c8-af07-d55f184bd0c9-00c1baa9,HDU.09.112,Decentralised Staff Stations,LEVEL 09,New Construction,High Dependency Unit,HDU,,,,2.3 m²,6790,266.724138,441.7088,236.220472,0 W,0.00 W/m²,0 W,0.00 W/m²,28.6 m²,By Space Type,0,By Space Type,0.0,0.0,0.0,-2000160,,,,0,-1,17,11.06.2026,,,FLVY-500,,FLSK-010,WLFI-001,Clinical Support Areas,,WBH.HDU.03.028,112455,21/07/2026,SSTN-D,2,,NWB-ARC-WBH-AR-RLS-HDU.03.028,,NS,By Type,"FLOOR FINISH: vinyl, seamless, coved, standard slip resistant, feature",Refer to Typical Room,By Space Type,39LMPMp$r9oAy7rLyOYcfW,59 W,Power Density,2700,Decentralised Staff Stations,HDU.09.112,0,Rooms,AROO,Rooms,HDU,1.0125000000000788,Architecture,WBH-W-09.112,Decentralised Staff Stations,03,YES,SL_90_10,Room Spaces,,0,New Construction,20.00%,Power Density,,Yes,0,NS,73 W,0.0,0 W,10.76 W/m²,0 W,13.99 W/m²,132 W,2700,LEVEL 09,0.0,AR Rooms
2026-08-01 19:58:17,11608888,NWB-ARC-WBH-AR-MOD-0036.rvt : 26 : location Internal,NWB-ARC-WBH-AR-MOD-0036,12704999,c9556656-cffd-49c8-af07-d55f184bd0c9-00c1baac,HDU.09.110,Decentralised Staff Stations,LEVEL 09,New Construction,High Dependency Unit,HDU,,,,2.4 m²,6918,377.296588,400.450962,236.220472,0 W,0.00 W/m²,0 W,0.00 W/m²,28.6 m²,By Space Type,0,By Space Type,0.0,0.0,0.0,-2000160,,,,0,-1,20,11.06.2026,,,FLVY-500,,FLSK-010,WLFI-001,Clinical Support Areas,,WBH.HDU.03.026,112453,21/07/2026,SSTN-D,2,,NWB-ARC-WBH-AR-RLS-NS-SSTN-DC.1-2-HDU,,NS,By Type,"FLOOR FINISH: vinyl, seamless, coved, standard slip resistant, feature",Typical Room,By Space Type,39LMPMp$r9oAy7rLyOYcfb,59 W,Power Density,2700,Decentralised Staff Stations,HDU.09.110,0,Rooms,AROO,Rooms,HDU,2.024999999997892,Architecture,WBH-W-09.110,Decentralised Staff Stations,03,YES,SL_90_10,Room Spaces,,0,New Construction,20.00%,Power Density,,0,0,NS,73 W,0.0,0 W,10.76 W/m²,0 W,13.99 W/m²,132 W,2700,LEVEL 09,0.0,AR Rooms
2026-08-01 19:58:17,11608888,NWB-ARC-WBH-AR-MOD-0036.rvt : 26 : location Internal,NWB-ARC-WBH-AR-MOD-0036,12742592,73cc89af-11a0-47a8-b5a5-11b77d28e3b2-00c217a0,HDU.09.097,Bay - Pathology,LEVEL 09,New Construction,High Dependency Unit,HDU,,,,3.0 m²,7723,374.551345,429.759525,236.220472,0 W,0.00 W/m²,0 W,0.00 W/m²,28.6 m²,By Space Type,0,By Space Type,0.0,0.0,0.0,-2000160,"CEILING: plasterboard, drop-in tiles, prefinished, 600 x 1200",,,0,-1,-1.333333,11.06.2026,CLTI-008,,FLVY-007,,FLSK-010,WLFI-001,Clinical Support Areas,,WBH.HDU.03.008,107733,21/07/2026,BPATH,3,,NWB-ARC-GEN-AR-RLS-PS-BPATH,,PS,By Type,"FLOOR FINISH: vinyl, seamless, coved, standard slip resistant",Typical Room,By Space Type,1pp8cl4Q17gBMb4RTzwlGI,59 W,Power Density,2700,Bay - Pathology,HDU.09.097,0,Rooms,AROO,Rooms,HDU,3.4725000000027477,Architecture,WBH-W-09.097,Bay - Pathology,03,YES,SL_90_10,Room Spaces,"1-2 staff, intermittently",0,New Construction,20.00%,Power Density,,0,0,PS-BPATH,73 W,0.0,0 W,10.76 W/m²,0 W,13.99 W/m²,132 W,2700,LEVEL 09,0.0,AR Rooms
2026-08-01 19:58:17,11608888,NWB-ARC-WBH-AR-MOD-0036.rvt : 26 : location Internal,NWB-ARC-WBH-AR-MOD-0036,12742594,73cc89af-11a0-47a8-b5a5-11b77d28e3b2-00c217c5,HDU.09.094,Bay - Linen,LEVEL 09,New Construction,High Dependency Unit,HDU,,,,2.0 m²,5905,366.612533,429.743121,236.220472,0 W,0.00 W/m²,0 W,0.00 W/m²,28.6 m²,By Space Type,0,By Space Type,0.0,0.0,0.0,-2000160,"CEILING: plasterboard, drop-in tiles, prefinished, 600 x 1200",,,0,-1,0,11.06.2026,CLTI-008,,FLVY-007,,FLSK-010,WLFI-001,Clinical Support Areas,,WBH.HDU.03.005,107730,21/07/2026,BLIN,2,,Refer to AusHFG BLIN,,SC,By Type,"FLOOR FINISH: vinyl, seamless, coved, standard slip resistant",,By Space Type,1pp8cl4Q17gBMb4RTzwlHt,59 W,Power Density,2700,Bay - Linen,HDU.09.094,0,Rooms,AROO,Rooms,HDU,1.8080149999988735,Architecture,WBH-W-09.094,Bay - Linen,03,YES,SL_90_10,Room Spaces,1-2 intermittently,0,New Construction,20.00%,Power Density,,0,0,SC,73 W,0.0,0 W,10.76 W/m²,0 W,13.99 W/m²,132 W,2700,LEVEL 09,0.0,AR Rooms
2026-08-01 19:58:17,11608888,NWB-ARC-WBH-AR-MOD-0036.rvt : 26 : location Internal,NWB-ARC-WBH-AR-MOD-0036,12742597,73cc89af-11a0-47a8-b5a5-11b77d28e3b2-00c218a7,HDU.09.103,"Store - Equipment, 28m2",LEVEL 09,New Construction,High Dependency Unit,HDU,,,,27.1 m²,28249,253.954789,397.495745,236.220472,0 W,0.00 W/m²,0 W,0.00 W/m²,28.6 m²,By Space Type,0,By Space Type,0.0,0.0,0.0,-2000160,"CEILING: plasterboard, drop-in tiles, prefinished, 600 x 1200",,,0,-1,-2.857143,11.06.2026,CLTI-008,,FLVY-007,,FLSK-010,WLFI-001,Clinical Support Areas,,WBH.HDU.03.018,107743,21/07/2026,STEQ-28,28,,NWB-ARC-WBH-AR-RLS-HDU.03.018,,DR,By Type,"FLOOR FINISH: vinyl, seamless, coved, standard slip resistant",Typical Room,By Space Type,1pp8cl4Q17gBMb4RTzwliL,59 W,Power Density,2700,"Store - Equipment, 28m2",HDU.09.103,0,Rooms,AROO,Rooms,HDU,28.482189000001597,Architecture,WBH-W-09.103,"Store - Equipment, 28m2",03,YES,SL_90_10,Room Spaces,"1-2 staff, intermittently",0,New Construction,20.00%,Power Density,,Yes,0,DR,73 W,0.0,0 W,10.76 W/m²,0 W,13.99 W/m²,132 W,2700,LEVEL 09,0.0,AR Rooms
2026-08-01 19:58:17,11608888,NWB-ARC-WBH-AR-MOD-0036.rvt : 26 : location Internal,NWB-ARC-WBH-AR-MOD-0036,12742599,73cc89af-11a0-47a8-b5a5-11b77d28e3b2-00c218aa,HDU.09.068,"Waiting, 10m2",LEVEL 09,New Construction,High Dependency Unit,HDU,,,,11.4 m²,14480,313.490401,389.961565,236.220472,0 W,0.00 W/m²,0 W,0.00 W/m²,28.6 m²,By Space Type,0,By Space Type,0.0,0.0,0.0,-2000160,"CEILING: acoustic, drop-in tiles, 600 x 1200",,,0,-1,13.7,11.06.2026,CLTI-002,,FLVY-500,,FLSK-010,WLFI-001,"Entry, Waiting & Family Support Areas",,WBH.HDU.01.004,112447,21/07/2026,WAIT-10,10,,NWB-ARC-WBH-AR-RLS-HDU.01.004,,SC,By Type,"FLOOR FINISH: vinyl, seamless, coved, standard slip resistant, feature",,By Space Type,1pp8cl4Q17gBMb4RTzwliO,59 W,Power Density,2700,"Waiting, 10m2",HDU.09.068,0,Rooms,AROO,Rooms,HDU,12.298391750000384,Architecture,WBH-W-09.068,"Waiting, 10m2",01,YES,SL_90_10,Room Spaces,Up to 8,0,New Construction,20.00%,Power Density,,Yes,0,SC,73 W,0.0,0 W,10.76 W/m²,0 W,13.99 W/m²,132 W,2700,LEVEL 09,0.0,AR Rooms
2026-08-01 19:58:17,11608888,NWB-ARC-WBH-AR-MOD-0036.rvt : 26 : location Internal,NWB-ARC-WBH-AR-MOD-0036,12752887,2decf0fd-96f9-4417-a833-1cd7bf55a407-00c270b4,HDU.09.133,"Universal Change, Staff, 7m2",LEVEL 09,New Construction,High Dependency Unit,HDU,,,,7.2 m²,10930,245.419145,443.503325,236.220472,0 W,0.00 W/m²,0 W,0.00 W/m²,28.6 m²,By Space Type,0,By Space Type,0.0,0.0,0.0,-2000160,"CEILING: plasterboard, water resistant, flush set, suspended, paint, washable",,,0,-1,7.428571,11.06.2026,CLFS-009,,FLVY-009,,FLSK-010,WLFI-001,Staff Areas,,WBH.HDU.05.016,112471,21/07/2026,CHST,7,,NWB-ARC-GEN-AR-RLS-PS-CHST,,PS,By Type,"FLOOR FINISH: vinyl, seamless, coved, wet area, non-slip",Refer to Typical Room,By Space Type,0jxF3zblb45wWp7DU$bzIp,59 W,Power Density,2700,"Universal Change, Staff, 7m2",HDU.09.133,0,Rooms,AROO,Rooms,HDU,7.592812500000082,Architecture,WBH-W-09.133,"Universal Change, Staff, 7m2",05,YES,SL_90_10,Room Spaces,"1-3 staff, intermittently",0,New Construction,20.00%,Power Density,,No,0,PS-CHST,73 W,0.0,0 W,10.76 W/m²,0 W,13.99 W/m²,132 W,2700,LEVEL 09,0.0,AR Rooms
2026-08-01 19:58:17,11608888,NWB-ARC-WBH-AR-MOD-0036.rvt : 26 : location Internal,NWB-ARC-WBH-AR-MOD-0036,12756429,a2cba77d-1ff9-4cf8-be3b-fc60d614855b-00c2a588,IPG.09.270,"1 Bed Room, Isolation - Negative Pressure",LEVEL 09,New Construction,Inpatient Gynaecology,IPG,,,,18.2 m²,18236,205.036089,283.753127,236.220472,0 W,0.00 W/m²,0 W,0.00 W/m²,28.6 m²,By Space Type,0,By Space Type,0.0,0.0,0.0,-2000160,"CEILING: plasterboard, flush set, suspended, paint, washable",,,0,-1,0.888889,11.06.2026,CLFS-006,CLGE-001,FLVY-007,,FLSK-010,WLFI-001,Patient Areas,,WBH.IPG.01.027,107795,21/07/2026,1BR-ISO-N,18,,NWB-ARC-WBH-AR-RLS-IPG.01.027,,SC,By Type,"FLOOR FINISH: vinyl, seamless, coved, standard slip resistant",,By Space Type,2YowTz7$bC_Bux$63MrY3J,59 W,Power Density,2700,"1 Bed Room, Isolation - Negative Pressure",IPG.09.270,0,Rooms,AROO,Rooms,IPG,17.07645249999751,Architecture,WBH-W-09.270,"1 Bed Room, Isolation - Negative Pressure",01,YES,SL_90_10,Room Spaces,1 patient; 1-2 staff; 1-2 visitors,0,New Construction,20.00%,Power Density,,Yes,0,SC,73 W,0.0,0 W,10.76 W/m²,0 W,13.99 W/m²,132 W,2700,LEVEL 09,0.0,AR Rooms
2026-08-01 19:58:17,11608888,NWB-ARC-WBH-AR-MOD-0036.rvt : 26 : location Internal,NWB-ARC-WBH-AR-MOD-0036,12757930,a2cba77d-1ff9-4cf8-be3b-fc60d614855b-00c2abaa,IPG.09.345,Pantry,LEVEL 09,New Construction,Inpatient Gynaecology,IPG,,,,9.0 m²,12014,224.403537,276.189151,236.220472,0 W,0.00 W/m²,0 W,0.00 W/m²,28.6 m²,By Space Type,0,By Space Type,0.0,0.0,0.0,-2000160,"CEILING: acoustic, drop-in tiles, 600 x 1200",,,0,-1,0.222222,11.06.2026,CLTI-002,,FLVY-003,,FLSK-010,"WLFI-001, WLFI-101",Clinical Support Areas,,WBH.IPG.02.027,112518,21/07/2026,PTRY,9,,NWB-ARC-WBH-AR-RLS-IPG.02.027,,SC,By Type,"FLOOR FINISH: vinyl, seamless, coved, non slip",,By Space Type,2YowTz7$bC_Bux$63MrYxn,59 W,Power Density,2700,Pantry,IPG.09.345,0,Rooms,AROO,Rooms,IPG,8.914922282482927,Architecture,WBH-W-09.345,Pantry,02,YES,SL_90_10,Room Spaces,1-2 staff intermittently,0,New Construction,20.00%,Power Density,,Yes,0,SC,73 W,0.0,0 W,10.76 W/m²,0 W,13.99 W/m²,132 W,2700,LEVEL 09,0.0,AR Rooms
2026-08-01 19:58:17,11608888,NWB-ARC-WBH-AR-MOD-0036.rvt : 26 : location Internal,NWB-ARC-WBH-AR-MOD-0036,12758745,a2cba77d-1ff9-4cf8-be3b-fc60d614855b-00c2aed9,BOH.09.002,Disposal Hub,LEVEL 09,New Construction,"Loading Dock, Logistics Services & Back of House",BOH,,,,22.2 m²,18916,219.051837,346.517235,236.220472,0 W,0.00 W/m²,0 W,0.00 W/m²,28.6 m²,By Space Type,0,By Space Type,0.0,0.0,0.0,-2000160,,,,0,-1,0,11.06.2026,,,FLGE-004,,FLSK-002,WLFI-001,Logistics,,WBH.BOH.12.080,115227,21/07/2026,DISP HUB,0,,NWB-ARC-WBH-AR-RLS-NS-AGV-DIRTY-20-BOH,,NS,By Type,"FLOOR FINISH: concrete, epoxy coating",,By Space Type,2YowTz7$bC_Bux$63MrYk2,59 W,Power Density,2700,Disposal Hub,BOH.09.002,0,Rooms,AROO,Rooms,BOH,13.531099999999398,Architecture,WBH-W-09.002,Disposal Hub,12,YES,SL_90_10,Room Spaces,,0,New Construction,20.00%,Power Density,,0,0,NS,73 W,0.0,0 W,10.76 W/m²,0 W,13.99 W/m²,132 W,2700,LEVEL 09,0.0,AR Rooms
2026-08-01 19:58:17,11608888,NWB-ARC-WBH-AR-MOD-0036.rvt : 26 : location Internal,NWB-ARC-WBH-AR-MOD-0036,12758777,a2cba77d-1ff9-4cf8-be3b-fc60d614855b-00c2aef9,IPG.09.248,"1 Bed Room, Gynaecology",LEVEL 09,New Construction,Inpatient Gynaecology,IPG,,,,17.5 m²,17419,342.847769,225.976212,236.220472,0 W,0.00 W/m²,0 W,0.00 W/m²,28.6 m²,By Space Type,0,By Space Type,0.0,0.0,0.0,-2000160,"CEILING: plasterboard, flush set, suspended, paint, washable",,,0,-1,-2.777778,11.06.2026,CLFS-006,CLGE-001,FLVY-500,,FLSK-010,WLFI-001,Patient Areas,,WBH.IPG.01.001,107769,21/07/2026,1BR-ST-A1,18,,NWB-ARC-WBH-AR-RLS-IPG.01.007,,DR,By Type,"FLOOR FINISH: vinyl, seamless, coved, standard slip resistant, feature",Typical Room,By Space Type,2YowTz7$bC_Bux$63MrYkY,59 W,Power Density,2700,"1 Bed Room, Gynaecology",IPG.09.248,0,Rooms,AROO,Rooms,IPG,17.88185025622882,Architecture,WBH-W-09.248,"1 Bed Room, Gynaecology",01,YES,SL_90_10,Room Spaces,1 patient; 1-2 staff; 1-2 visitors,0,New Construction,20.00%,Power Density,,0,0,DR,73 W,0.0,0 W,10.76 W/m²,0 W,13.99 W/m²,132 W,2700,LEVEL 09,0.0,AR Rooms
2026-08-01 19:58:17,11608888,NWB-ARC-WBH-AR-MOD-0036.rvt : 26 : location Internal,NWB-ARC-WBH-AR-MOD-0036,12758803,a2cba77d-1ff9-4cf8-be3b-fc60d614855b-00c2af13,IPG.09.249,"1 Bed Room, Gynaecology, Palliative",LEVEL 09,New Construction,Inpatient Gynaecology,IPG,,,,20.8 m²,19478,215.920276,300.106474,236.220472,0 W,0.00 W/m²,0 W,0.00 W/m²,28.6 m²,By Space Type,0,By Space Type,0.0,0.0,0.0,-2000160,"CEILING: plasterboard, flush set, suspended, paint, washable",,,0,-1,15.611111,11.06.2026,CLFS-006,CLGE-001,FLVY-500,,FLSK-010,WLFI-001,Patient Areas,,WBH.IPG.01.002,107770,21/07/2026,1BR-ST-A1 (P),18,,NWB-ARC-WBH-AR-RLS-IPG.01.002,,DR,By Type,"FLOOR FINISH: vinyl, seamless, coved, standard slip resistant, feature",Refer to Typical Room,By Space Type,2YowTz7$bC_Bux$63MrYf8,59 W,Power Density,2700,"1 Bed Room, Gynaecology, Palliative",IPG.09.249,0,Rooms,AROO,Rooms,IPG,22.57242116679092,Architecture,WBH-W-09.249,"1 Bed Room, Gynaecology",01,YES,SL_90_10,Room Spaces,1 patient; 1-2 staff; 1-2 visitors,0,New Construction,20.00%,Power Density,,Yes,0,DR,73 W,0.0,0 W,10.76 W/m²,0 W,13.99 W/m²,132 W,2700,LEVEL 09,0.0,AR Rooms
2026-08-01 19:58:17,11608888,NWB-ARC-WBH-AR-MOD-0036.rvt : 26 : location Internal,NWB-ARC-WBH-AR-MOD-0036,12758806,a2cba77d-1ff9-4cf8-be3b-fc60d614855b-00c2af16,IPG.09.280,"Ensuite, Inboard",LEVEL 09,New Construction,Inpatient Gynaecology,IPG,,,,5.0 m²,8832,224.833848,308.325598,236.220472,0 W,0.00 W/m²,0 W,0.00 W/m²,28.6 m²,By Space Type,0,By Space Type,0.0,0.0,0.0,-2000160,"CEILING: plasterboard, water resistant, drop-in tiles, prefinished, 600 x 1200",,,0,-1,-1,11.06.2026,CLTI-014,,FLVY-009,,FLSK-010,WLFI-011.07,Patient Areas,,WBH.IPG.01.037,107805,21/07/2026,ENS-ST-A,5,,Refer to AusHFG ENS-ST-A1,,SC,By Type,"FLOOR FINISH: vinyl, seamless, coved, wet area, non-slip",Refer to Typical Room,By Space Type,2YowTz7$bC_Bux$63MrYfD,59 W,Power Density,2700,"Ensuite, Inboard",IPG.09.280,0,Rooms,AROO,Rooms,IPG,5.775391076599653,Architecture,WBH-W-09.280,"Ensuite, Inboard",01,YES,SL_90_10,Room Spaces,1 patient; 1 staff assisting,0,New Construction,20.00%,Power Density,,0,0,SC,73 W,0.0,0 W,10.76 W/m²,0 W,13.99 W/m²,132 W,2700,LEVEL 09,0.0,AR Rooms
2026-08-01 19:58:17,11608888,NWB-ARC-WBH-AR-MOD-0036.rvt : 26 : location Internal,NWB-ARC-WBH-AR-MOD-0036,12758821,a2cba77d-1ff9-4cf8-be3b-fc60d614855b-00c2af25,IPG.09.271,Anteroom,LEVEL 09,New Construction,Inpatient Gynaecology,IPG,,,,6.2 m²,10043,215.073416,276.025963,236.220472,0 W,0.00 W/m²,0 W,0.00 W/m²,28.6 m²,By Space Type,0,By Space Type,0.0,0.0,0.0,-2000160,"CEILING: plasterboard, flush set, suspended, paint, washable",,,0,-1,2.5,11.06.2026,CLFS-006,,FLVY-007,FLVY-009,FLSK-010,WLFI-001,Patient Areas,,WBH.IPG.01.028,107796,21/07/2026,ANRM,6,,NWB-ARC-WBH-AR-RLS-IPG.01.028,,PS,By Type,"FLOOR FINISH: vinyl, seamless, coved, standard slip resistant",Refer to Typical Room,By Space Type,2YowTz7$bC_Bux$63MrYf_,59 W,Power Density,2700,Anteroom,IPG.09.271,0,Rooms,AROO,Rooms,IPG,5.988999999998169,Architecture,WBH-W-09.271,Anteroom,01,YES,SL_90_10,Room Spaces,1 - 2,0,New Construction,20.00%,Power Density,,Yes,0,PS-ANRM,73 W,0.0,0 W,10.76 W/m²,0 W,13.99 W/m²,132 W,2700,LEVEL 09,0.0,AR Rooms
2026-08-01 19:58:17,11608888,NWB-ARC-WBH-AR-MOD-0036.rvt : 26 : location Internal,NWB-ARC-WBH-AR-MOD-0036,12758878,91b5fe4d-b496-4cbf-a0f0-ed5ddab095eb-00c2af5e,IPG.09.299,"Ensuite, Inboard",LEVEL 09,New Construction,Inpatient Gynaecology,IPG,,,,5.9 m²,9793,308.839853,280.606409,236.220472,0 W,0.00 W/m²,0 W,0.00 W/m²,28.6 m²,By Space Type,0,By Space Type,0.0,0.0,0.0,-2000160,"CEILING: plasterboard, water resistant, drop-in tiles, prefinished, 600 x 1200",,,0,-1,15.2,11.06.2026,CLTI-014,,FLVY-009,,FLSK-010,WLFI-011.07,Patient Areas,,WBH.IPG.01.056,107824,21/07/2026,ENS-ST-A,5,,NWB-ARC-WBH-AR-RLS-IPG.01.056,,SC,By Type,"FLOOR FINISH: vinyl, seamless, coved, wet area, non-slip",Refer to Typical Room,By Space Type,2HjVvDj9PClw3mxLtQSZgr,59 W,Power Density,2700,"Ensuite, Inboard",IPG.09.299,0,Rooms,AROO,Rooms,IPG,6.132000000000016,Architecture,WBH-W-09.299,"Ensuite, Inboard",01,YES,SL_90_10,Room Spaces,1 patient; 1 staff assisting,0,New Construction,20.00%,Power Density,,Yes,0,SC,73 W,0.0,0 W,10.76 W/m²,0 W,13.99 W/m²,132 W,2700,LEVEL 09,0.0,AR Rooms
2026-08-01 19:58:17,11608888,NWB-ARC-WBH-AR-MOD-0036.rvt : 26 : location Internal,NWB-ARC-WBH-AR-MOD-0036,12758884,91b5fe4d-b496-4cbf-a0f0-ed5ddab095eb-00c2af64,IPG.09.300,"Ensuite, Inboard",LEVEL 09,New Construction,Inpatient Gynaecology,IPG,,,,4.8 m²,8662,359.809711,275.487051,236.220472,0 W,0.00 W/m²,0 W,0.00 W/m²,28.6 m²,By Space Type,0,By Space Type,0.0,0.0,0.0,-2000160,"CEILING: plasterboard, water resistant, drop-in tiles, prefinished, 600 x 1200",,,0,-1,-4.2,11.06.2026,CLTI-014,,FLVY-009,,FLSK-010,WLFI-011.07,Patient Areas,,WBH.IPG.01.057,107825,21/07/2026,ENS-ST-A,5,,Refer to AusHFG ENS-ST-A1,,SC,By Type,"FLOOR FINISH: vinyl, seamless, coved, wet area, non-slip",Refer to Typical Room,By Space Type,2HjVvDj9PClw3mxLtQSZgF,59 W,Power Density,2700,"Ensuite, Inboard",IPG.09.300,0,Rooms,AROO,Rooms,IPG,5.098160372604547,Architecture,WBH-W-09.300,"Ensuite, Inboard",01,YES,SL_90_10,Room Spaces,1 patient; 1 staff assisting,0,New Construction,20.00%,Power Density,,0,0,SC,73 W,0.0,0 W,10.76 W/m²,0 W,13.99 W/m²,132 W,2700,LEVEL 09,0.0,AR Rooms
2026-08-01 19:58:17,11608888,NWB-ARC-WBH-AR-MOD-0036.rvt : 26 : location Internal,NWB-ARC-WBH-AR-MOD-0036,12759335,91b5fe4d-b496-4cbf-a0f0-ed5ddab095eb-00c2b127,HDU.09.104,Store - General,LEVEL 09,New Construction,High Dependency Unit,HDU,,,,13.7 m²,16024,346.556988,397.341198,236.220472,0 W,0.00 W/m²,0 W,0.00 W/m²,28.6 m²,By Space Type,0,By Space Type,0.0,0.0,0.0,-2000160,"CEILING: plasterboard, drop-in tiles, prefinished, 600 x 1200",,,0,-1,-4.714286,11.06.2026,CLTI-008,,FLVY-007,,FLSK-010,WLFI-001,Clinical Support Areas,,WBH.HDU.03.019,107744,21/07/2026,STGN,14,,NWB-ARC-WBH-AR-RLS-HDU.03.019,,DR,By Type,"FLOOR FINISH: vinyl, seamless, coved, standard slip resistant",Typical Room,By Space Type,2HjVvDj9PClw3mxLtQSYJC,59 W,Power Density,2700,Store - General,HDU.09.104,0,Rooms,AROO,Rooms,HDU,14.299302500000742,Architecture,WBH-W-09.104,Store - General,03,YES,SL_90_10,Room Spaces,"1-2 staff, intermittently",0,New Construction,20.00%,Power Density,,Yes,0,DR,73 W,0.0,0 W,10.76 W/m²,0 W,13.99 W/m²,132 W,2700,LEVEL 09,0.0,AR Rooms
2026-08-01 19:58:17,11608888,NWB-ARC-WBH-AR-MOD-0036.rvt : 26 : location Internal,NWB-ARC-WBH-AR-MOD-0036,12781262,fa70a977-c41d-4b1e-83f8-477f7501c073-00c2fcb9,HDU.09.117,Biomedical Workroom,LEVEL 09,New Construction,High Dependency Unit,HDU,,,,11.3 m²,13526,258.979136,415.928134,236.220472,0 W,0.00 W/m²,0 W,0.00 W/m²,28.6 m²,By Space Type,0,By Space Type,0.0,0.0,0.0,-2000160,,,,0,-1,-5.75,11.06.2026,,,FLVY-007,,FLSK-010,,Clinical Support Areas,,WBH.HDU.03.033,112460,21/07/2026,BIOMED,12,,NWB-ARC-WBH-AR-RLS-HDU.03.033,,NS,By Type,"FLOOR FINISH: vinyl, seamless, coved, standard slip resistant",Refer to Typical Room,By Space Type,3wSAbtn1rB7eFuHtzrmppA,59 W,Power Density,2700,Biomedical Workroom,HDU.09.117,0,Rooms,AROO,Rooms,HDU,11.160500000000052,Architecture,WBH-W-09.117,Biomedical Workroom,03,YES,SL_90_10,Room Spaces,,0,New Construction,20.00%,Power Density,D40_Done,Yes,0,NS,73 W,0.0,0 W,10.76 W/m²,0 W,13.99 W/m²,132 W,2700,LEVEL 09,0.0,AR Rooms
2026-08-01 19:58:17,11608888,NWB-ARC-WBH-AR-MOD-0036.rvt : 26 : location Internal,NWB-ARC-WBH-AR-MOD-0036,12781266,fa70a977-c41d-4b1e-83f8-477f7501c073-00c2fcbf,HDU.09.120,"Clean Store, Imprest, 10m2",LEVEL 09,New Construction,High Dependency Unit,HDU,,,,11.2 m²,13605,260.253301,425.516769,236.220472,0 W,0.00 W/m²,0 W,0.00 W/m²,28.6 m²,By Space Type,0,By Space Type,0.0,0.0,0.0,-2000160,"CEILING: plasterboard, flush set, suspended, paint, washable",,,0,-1,11.5,11.06.2026,CLFS-006,,FLVY-007,,FLSK-010,WLFI-001,Clinical Support Areas,,WBH.HDU.03.036,112463,21/07/2026,CLN-10 (IMP),10,,Refer to AusHFG CLN-10,,SC,By Type,"FLOOR FINISH: vinyl, seamless, coved, standard slip resistant",,By Space Type,3wSAbtn1rB7eFuHtzrmppC,59 W,Power Density,2700,"Clean Store, Imprest, 10m2",HDU.09.120,0,Rooms,AROO,Rooms,HDU,9.615200000000698,Architecture,WBH-W-09.120,"Clean Store, Imprest, 10m2",03,YES,SL_90_10,Room Spaces,1 - 2 staff intermittently,0,New Construction,20.00%,Power Density,,0,0,SC,73 W,0.0,0 W,10.76 W/m²,0 W,13.99 W/m²,132 W,2700,LEVEL 09,0.0,AR Rooms
2026-08-01 19:58:17,11608888,NWB-ARC-WBH-AR-MOD-0036.rvt : 26 : location Internal,NWB-ARC-WBH-AR-MOD-0036,12781269,fa70a977-c41d-4b1e-83f8-477f7501c073-00c2fd3e,HDU.09.107,"Store, Patient Property, 4m2",LEVEL 09,New Construction,High Dependency Unit,HDU,,,,5.5 m²,9893,290.613074,398.795971,236.220472,0 W,0.00 W/m²,0 W,0.00 W/m²,28.6 m²,By Space Type,0,By Space Type,0.0,0.0,0.0,-2000160,"CEILING: plasterboard, drop-in tiles, prefinished, 600 x 1200",,,0,-1,38.25,11.06.2026,CLTI-008,,FLVY-007,,FLSK-010,WLFI-001,Clinical Support Areas,,WBH.HDU.03.023,107748,21/07/2026,PP,4,,NWB-ARC-WBH-AR-RLS-DR-STGN-4-HDU.1,,DR,By Type,"FLOOR FINISH: vinyl, seamless, coved, standard slip resistant",Typical Room,By Space Type,3wSAbtn1rB7eFuHtzrmprD,59 W,Power Density,2700,"Store, Patient Property, 4m2",HDU.09.107,0,Rooms,AROO,Rooms,HDU,4.263849000000122,Architecture,WBH-W-09.107,"Store, Patient Property, 4m2",03,YES,SL_90_10,Room Spaces,"1-2 staff, intermittently",0,New Construction,20.00%,Power Density,,0,0,DR,73 W,0.0,0 W,10.76 W/m²,0 W,13.99 W/m²,132 W,2700,LEVEL 09,0.0,AR Rooms
2026-08-01 19:58:17,11608888,NWB-ARC-WBH-AR-MOD-0036.rvt : 26 : location Internal,NWB-ARC-WBH-AR-MOD-0036,12781275,fa70a977-c41d-4b1e-83f8-477f7501c073-00c2fe37,HDU.09.116,"Clean Store, Imprest, 20m2",LEVEL 09,New Construction,High Dependency Unit,HDU,,,,23.3 m²,20488,279.285753,419.395242,236.220472,0 W,0.00 W/m²,0 W,0.00 W/m²,28.6 m²,By Space Type,0,By Space Type,0.0,0.0,0.0,-2000160,"CEILING: plasterboard, flush set, suspended, paint, washable",,,0,-1,7.6,11.06.2026,CLFS-006,,FLVY-007,,FLSK-010,WLFI-001,Clinical Support Areas,,WBH.HDU.03.032,112459,21/07/2026,CLN-20 (IMP),20,,NWB-ARC-WBH-AR-RLS-HDU.03.032,,DR,By Type,"FLOOR FINISH: vinyl, seamless, coved, standard slip resistant",Typical Room,By Space Type,3wSAbtn1rB7eFuHtzrmpv4,59 W,Power Density,2700,"Clean Store, Imprest, 20m2",HDU.09.116,0,Rooms,AROO,Rooms,HDU,20.898099499999,Architecture,WBH-W-09.116,"Clean Store, Imprest, 20m2",03,YES,SL_90_10,Room Spaces,1 - 2 staff intermittently,0,New Construction,20.00%,Power Density,,Yes,0,DR,73 W,0.0,0 W,10.76 W/m²,0 W,13.99 W/m²,132 W,2700,LEVEL 09,0.0,AR Rooms
2026-08-01 19:58:17,11608888,NWB-ARC-WBH-AR-MOD-0036.rvt : 26 : location Internal,NWB-ARC-WBH-AR-MOD-0036,12781280,fa70a977-c41d-4b1e-83f8-477f7501c073-00c2fe8c,HDU.09.067,"Interview Room, Mental Health",LEVEL 09,New Construction,High Dependency Unit,HDU,,,,13.6 m²,16030,313.152183,397.035711,236.220472,0 W,0.00 W/m²,0 W,0.00 W/m²,28.6 m²,By Space Type,0,By Space Type,0.0,0.0,0.0,-2000160,,,,0,-1,-2.5,11.06.2026,,,FLVY-500,,FLSK-010,WLFI-001,"Entry, Waiting & Family Support Areas",,WBH.HDU.01.003,107703,21/07/2026,INTV-MH,14,,Refer to AusHFG INTV-MH,,SC,By Type,"FLOOR FINISH: vinyl, seamless, coved, standard slip resistant, feature",,By Space Type,3wSAbtn1rB7eFuHtzrmpx$,59 W,Power Density,2700,"Interview Room, Mental Health",HDU.09.067,0,Rooms,AROO,Rooms,HDU,13.803290750000079,Architecture,WBH-W-09.067,"Interview Room, Mental Health",01,YES,SL_90_10,Room Spaces,up to 6 persons,0,New Construction,20.00%,Power Density,D40_Done,0,0,SC,73 W,0.0,0 W,10.76 W/m²,0 W,13.99 W/m²,132 W,2700,LEVEL 09,0.0,AR Rooms
2026-08-01 19:58:17,11608888,NWB-ARC-WBH-AR-MOD-0036.rvt : 26 : location Internal,NWB-ARC-WBH-AR-MOD-0036,12781286,fa70a977-c41d-4b1e-83f8-477f7501c073-00c30214,HDU.09.121,"Store, Medical Gases, 4m2",LEVEL 09,New Construction,High Dependency Unit,HDU,,,,7.9 m²,11630,299.215879,443.99919,236.220472,0 W,0.00 W/m²,0 W,0.00 W/m²,28.6 m²,By Space Type,0,By Space Type,0.0,0.0,0.0,-2000160,,,,0,-1,98.25,11.06.2026,,,FLVY-007,,FLSK-010,,Clinical Support Areas,,WBH.HDU.03.037,112464,21/07/2026,ST-MEDGAS,4,,NWB-ARC-WBH-AR-RLS-HDU.03.037,,NS,By Type,"FLOOR FINISH: vinyl, seamless, coved, standard slip resistant",Typical Room,By Space Type,3wSAbtn1rB7eFuHtzrmi9d,59 W,Power Density,2700,"Store, Medical Gases, 4m2",HDU.09.121,0,Rooms,AROO,Rooms,HDU,3.7743000000051,Architecture,WBH-W-09.121,"Store, Medical Gases, 4m2",03,YES,SL_90_10,Room Spaces,,0,New Construction,20.00%,Power Density,,Yes,0,NS,73 W,0.0,0 W,10.76 W/m²,0 W,13.99 W/m²,132 W,2700,LEVEL 09,0.0,AR Rooms
2026-08-01 19:58:17,11608888,NWB-ARC-WBH-AR-MOD-0036.rvt : 26 : location Internal,NWB-ARC-WBH-AR-MOD-0036,12781289,fa70a977-c41d-4b1e-83f8-477f7501c073-00c3035e,HDU.09.115,"Medication Room, 20m2",LEVEL 09,New Construction,High Dependency Unit,HDU,,,,19.6 m²,19388,290.591711,425.912898,236.220472,0 W,0.00 W/m²,0 W,0.00 W/m²,28.6 m²,By Space Type,0,By Space Type,0.0,0.0,0.0,-2000160,"CEILING: plasterboard, flush set, suspended, paint, washable",,,0,-1,6.9,11.06.2026,CLFS-006,,FLVY-007,,FLSK-010,WLFI-001,Clinical Support Areas,,WBH.HDU.03.031,112458,21/07/2026,MED-20,20,,NWB-ARC-WBH-AR-RLS-HDU.03.031,,DR,By Type,"FLOOR FINISH: vinyl, seamless, coved, standard slip resistant",Typical Room,By Space Type,3wSAbtn1rB7eFuHtzrmiCj,59 W,Power Density,2700,"Medication Room, 20m2",HDU.09.115,0,Rooms,AROO,Rooms,HDU,20.313325249999757,Architecture,WBH-W-09.115,"Medication Room, 20m2",03,YES,SL_90_10,Room Spaces,1 - 2 staff intermittently,0,New Construction,20.00%,Power Density,,Yes,0,DR,73 W,0.0,0 W,10.76 W/m²,0 W,13.99 W/m²,132 W,2700,LEVEL 09,0.0,AR Rooms
2026-08-01 19:58:17,11608888,NWB-ARC-WBH-AR-MOD-0036.rvt : 26 : location Internal,NWB-ARC-WBH-AR-MOD-0036,12781296,fa70a977-c41d-4b1e-83f8-477f7501c073-00c305e4,HDU.09.144,"Universal Change, Staff, 7m2",LEVEL 09,New Construction,High Dependency Unit,HDU,,,,6.5 m²,10190,240.621352,425.997419,236.220472,0 W,0.00 W/m²,0 W,0.00 W/m²,28.6 m²,By Space Type,0,By Space Type,0.0,0.0,0.0,-2000160,"CEILING: plasterboard, water resistant, flush set, suspended, paint, washable",,,0,-1,-7.285714,11.06.2026,CLFS-009,,FLVY-009,,FLSK-010,WLFI-001,Staff Areas,,WBH.HDU.05.027,114968,21/07/2026,CHST,7,,NWB-ARC-GEN-AR-RLS-PS-CHST,,PS,By Type,"FLOOR FINISH: vinyl, seamless, coved, wet area, non-slip",Refer to Typical Room,By Space Type,3wSAbtn1rB7eFuHtzrmiMN,59 W,Power Density,2700,"Universal Change, Staff, 7m2",HDU.09.144,0,Rooms,AROO,Rooms,HDU,7.5928125000008,Architecture,WBH-W-09.144,"Universal Change, Staff, 7m2",05,YES,SL_90_10,Room Spaces,"1-3 staff, intermittently",0,New Construction,20.00%,Power Density,,No,0,PS-CHST,73 W,0.0,0 W,10.76 W/m²,0 W,13.99 W/m²,132 W,2700,LEVEL 09,0.0,AR Rooms
2026-08-01 19:58:17,11608888,NWB-ARC-WBH-AR-MOD-0036.rvt : 26 : location Internal,NWB-ARC-WBH-AR-MOD-0036,12783714,fa70a977-c41d-4b1e-83f8-477f7501c073-00c31062,HDU.09.109,Bay - Mobile Equipment,LEVEL 09,New Construction,High Dependency Unit,HDU,,,,7.5 m²,16330,366.021982,412.700798,236.220472,0 W,0.00 W/m²,0 W,0.00 W/m²,28.6 m²,By Space Type,0,By Space Type,0.0,0.0,0.0,-2000160,"CEILING: plasterboard, drop-in tiles, prefinished, 600 x 1200",,,0,-1,88.75,11.06.2026,CLTI-008,,FLVY-007,,FLSK-010,WLFI-001,Clinical Support Areas,,WBH.HDU.03.025,109838,21/07/2026,BMEQ,4,,Refer to AusHFG BMEQ,,SC,By Type,"FLOOR FINISH: vinyl, seamless, coved, standard slip resistant",,By Space Type,3wSAbtn1rB7eFuHtzrmj0H,59 W,Power Density,2700,Bay - Mobile Equipment,HDU.09.109,0,Rooms,AROO,Rooms,HDU,3.819750000001786,Architecture,WBH-W-09.109,Bay - Mobile Equipment,03,YES,SL_90_10,Room Spaces,,0,New Construction,20.00%,Power Density,,0,0,SC,73 W,0.0,0 W,10.76 W/m²,0 W,13.99 W/m²,132 W,2700,LEVEL 09,0.0,AR Rooms
2026-08-01 19:58:17,11608888,NWB-ARC-WBH-AR-MOD-0036.rvt : 26 : location Internal,NWB-ARC-WBH-AR-MOD-0036,12783717,fa70a977-c41d-4b1e-83f8-477f7501c073-00c31065,HDU.09.095,Bay - Resuscitation Trolley,LEVEL 09,New Construction,High Dependency Unit,HDU,,,,1.5 m²,4933,356.570073,430.110411,236.220472,0 W,0.00 W/m²,0 W,0.00 W/m²,28.6 m²,By Space Type,0,By Space Type,0.0,0.0,0.0,-2000160,"CEILING: plasterboard, drop-in tiles, prefinished, 600 x 1200",,,0,-1,-0.666667,11.06.2026,CLTI-008,,FLVY-007,,FLSK-010,WLFI-001,Clinical Support Areas,,WBH.HDU.03.006,107731,21/07/2026,BRES,1.5,,NWB-ARC-WBH-AR-RLS-DR-BRES-1.5-HDU,,DR,By Type,"FLOOR FINISH: vinyl, seamless, coved, standard slip resistant",Typical Room,By Space Type,3wSAbtn1rB7eFuHtzrmj0M,59 W,Power Density,2700,Bay - Resuscitation Trolley,HDU.09.095,0,Rooms,AROO,Rooms,HDU,2.304645499999501,Architecture,WBH-W-09.095,Bay - Resuscitation Trolley,03,YES,SL_90_10,Room Spaces,,0,New Construction,20.00%,Power Density,,0,0,DR,73 W,0.0,0 W,10.76 W/m²,0 W,13.99 W/m²,132 W,2700,LEVEL 09,0.0,AR Rooms
2026-08-01 19:58:17,11608888,NWB-ARC-WBH-AR-MOD-0036.rvt : 26 : location Internal,NWB-ARC-WBH-AR-MOD-0036,12783720,fa70a977-c41d-4b1e-83f8-477f7501c073-00c31068,HDU.09.096,Bay - Resuscitation Trolley,LEVEL 09,New Construction,High Dependency Unit,HDU,,,,1.5 m²,4959,337.738101,412.785409,236.220472,0 W,0.00 W/m²,0 W,0.00 W/m²,28.6 m²,By Space Type,0,By Space Type,0.0,0.0,0.0,-2000160,"CEILING: plasterboard, drop-in tiles, prefinished, 600 x 1200",,,0,-1,0.666667,11.06.2026,CLTI-008,,FLVY-007,,FLSK-010,WLFI-001,Clinical Support Areas,,WBH.HDU.03.007,107732,21/07/2026,BRES,1.5,,NWB-ARC-WBH-AR-RLS-DR-BRES-1.5-HDU,,DR,By Type,"FLOOR FINISH: vinyl, seamless, coved, standard slip resistant",Refer to Typical Room,By Space Type,3wSAbtn1rB7eFuHtzrmj0R,59 W,Power Density,2700,Bay - Resuscitation Trolley,HDU.09.096,0,Rooms,AROO,Rooms,HDU,2.3150000000007407,Architecture,WBH-W-09.096,Bay - Resuscitation Trolley,03,YES,SL_90_10,Room Spaces,,0,New Construction,20.00%,Power Density,,0,0,DR,73 W,0.0,0 W,10.76 W/m²,0 W,13.99 W/m²,132 W,2700,LEVEL 09,0.0,AR Rooms
2026-08-01 19:58:17,11608888,NWB-ARC-WBH-AR-MOD-0036.rvt : 26 : location Internal,NWB-ARC-WBH-AR-MOD-0036,12784175,fa70a977-c41d-4b1e-83f8-477f7501c073-00c3122f,HDU.09.069,"Bay - Handwashing, Type B",LEVEL 09,New Construction,High Dependency Unit,HDU,,,,1.6 m²,5575,295.83002,398.024759,236.220472,0 W,0.00 W/m²,0 W,0.00 W/m²,28.6 m²,By Space Type,0,By Space Type,0.0,0.0,0.0,-2000160,"CEILING: plasterboard, flush set, suspended, paint, washable",,,0,-1,59,11.06.2026,CLFS-006,,FLVY-003,,FLSK-010,WLFI-001,Patient Areas,,WBH.HDU.02.001,107704,21/07/2026,BHWS-B,1,,Refer to AusHFG BHWS-B,,SC,By Type,"FLOOR FINISH: vinyl, seamless, coved, non slip",,By Space Type,3wSAbtn1rB7eFuHtzrmj9S,59 W,Power Density,2700,"Bay - Handwashing, Type B",HDU.09.069,0,Rooms,AROO,Rooms,HDU,1.384657500000159,Architecture,WBH-W-09.069,"Bay - Handwashing, Type B",02,YES,SL_90_10,Room Spaces,1,0,New Construction,20.00%,Power Density,,0,0,SC,73 W,0.0,0 W,10.76 W/m²,0 W,13.99 W/m²,132 W,2700,LEVEL 09,0.0,AR Rooms
2026-08-01 19:58:17,11608888,NWB-ARC-WBH-AR-MOD-0036.rvt : 26 : location Internal,NWB-ARC-WBH-AR-MOD-0036,12785413,fa70a977-c41d-4b1e-83f8-477f7501c073-00c31705,HDU.09.091,"Office, Clinical Workroom",LEVEL 09,New Construction,High Dependency Unit,HDU,,,,14.8 m²,16023,331.804536,426.48928,236.220472,0 W,0.00 W/m²,0 W,0.00 W/m²,28.6 m²,By Space Type,0,By Space Type,0.0,0.0,0.0,-2000160,"CEILING: acoustic, drop-in tiles, 600 x 1200",,,0,-1,-1.333333,11.06.2026,CLTI-002,,FLVY-007,,FLSK-010,WLFI-001,Clinical Support Areas,,WBH.HDU.03.002,107727,21/07/2026,OFF-CLN,15,,NWB-ARC-WBH-AR-RLS-HDU.03.002,,SC,By Type,"FLOOR FINISH: vinyl, seamless, coved, standard slip resistant",,By Space Type,3wSAbtn1rB7eFuHtzrmjTs,59 W,Power Density,2700,"Office, Clinical Workroom",HDU.09.091,0,Rooms,AROO,Rooms,HDU,15.484799999999566,Architecture,WBH-W-09.091,"Office, Clinical Workroom",03,YES,SL_90_10,Room Spaces,4 workstations,0,New Construction,20.00%,Power Density,D40_Done,Yes,0,SC,73 W,0.0,0 W,10.76 W/m²,0 W,13.99 W/m²,132 W,2700,LEVEL 09,0.0,AR Rooms
2026-08-01 19:58:17,11608888,NWB-ARC-WBH-AR-MOD-0036.rvt : 26 : location Internal,NWB-ARC-WBH-AR-MOD-0036,12790715,2f2d50b9-3f0b-47c2-bb82-c189313ee902-00c31a3d,HDU.09.092,"Bay - Handwashing, Type A",LEVEL 09,New Construction,High Dependency Unit,HDU,,,,1.3 m²,4632,382.527376,429.759525,236.220472,0 W,0.00 W/m²,0 W,0.00 W/m²,28.6 m²,By Space Type,0,By Space Type,0.0,0.0,0.0,-2000160,"CEILING: plasterboard, flush set, suspended, paint, washable",,,0,-1,33,11.06.2026,CLFS-006,,FLVY-003,,FLSK-010,WLFI-001,Clinical Support Areas,,WBH.HDU.03.003,107728,21/07/2026,BHWS-A,1,,Refer to AusHFG BHWS-A,,SC,By Type,"FLOOR FINISH: vinyl, seamless, coved, non slip",,By Space Type,0lBL2vFmj7mhk2mOan$VC$,59 W,Power Density,2700,"Bay - Handwashing, Type A",HDU.09.092,0,Rooms,AROO,Rooms,HDU,1.7790775000003725,Architecture,WBH-W-09.092,"Bay - Handwashing, Type A",03,YES,SL_90_10,Room Spaces,1,0,New Construction,20.00%,Power Density,,0,0,SC,73 W,0.0,0 W,10.76 W/m²,0 W,13.99 W/m²,132 W,2700,LEVEL 09,0.0,AR Rooms
2026-08-01 19:58:17,11608888,NWB-ARC-WBH-AR-MOD-0036.rvt : 26 : location Internal,NWB-ARC-WBH-AR-MOD-0036,12790724,2f2d50b9-3f0b-47c2-bb82-c189313ee902-00c31bec,HDU.09.098,Bay - Pneumatic Tube,LEVEL 09,New Construction,High Dependency Unit,HDU,,,,1.7 m²,5384,321.52395,418.092858,236.220472,0 W,0.00 W/m²,0 W,0.00 W/m²,28.6 m²,By Space Type,0,By Space Type,0.0,0.0,0.0,-2000160,"CEILING: plasterboard, drop-in tiles, prefinished, 600 x 1200",,,0,-1,73,11.06.2026,CLTI-008,,FLVY-007,,FLSK-010,WLFI-001,Clinical Support Areas,,WBH.HDU.03.009,107734,21/07/2026,BPTS,1,,Refer to AusHFG BPTS,,SC,By Type,"FLOOR FINISH: vinyl, seamless, coved, standard slip resistant",,By Space Type,0lBL2vFmj7mhk2mOan$VBk,59 W,Power Density,2700,Bay - Pneumatic Tube,HDU.09.098,0,Rooms,AROO,Rooms,HDU,0.9887090000001931,Architecture,WBH-W-09.098,Bay - Pneumatic Tube,03,YES,SL_90_10,Room Spaces,accessed by staff intermittently,0,New Construction,20.00%,Power Density,,0,0,SC,73 W,0.0,0 W,10.76 W/m²,0 W,13.99 W/m²,132 W,2700,LEVEL 09,0.0,AR Rooms
2026-08-01 19:58:17,11608888,NWB-ARC-WBH-AR-MOD-0036.rvt : 26 : location Internal,NWB-ARC-WBH-AR-MOD-0036,12790726,2f2d50b9-3f0b-47c2-bb82-c189313ee902-00c31c0a,HDU.09.114,Bay - Blanket/Fluid Warmer,LEVEL 09,New Construction,High Dependency Unit,HDU,,,,1.3 m²,4485,361.691273,429.759525,236.220472,0 W,0.00 W/m²,0 W,0.00 W/m²,28.6 m²,By Space Type,0,By Space Type,0.0,0.0,0.0,-2000160,"CEILING: plasterboard, drop-in tiles, prefinished, 600 x 1200",,,0,-1,25,11.06.2026,CLTI-008,,FLVY-007,,FLSK-010,WLFI-001,Clinical Support Areas,,WBH.HDU.03.030,112457,21/07/2026,BBW,1,,Refer to AusHFG BBW,,SC,By Type,"FLOOR FINISH: vinyl, seamless, coved, standard slip resistant",,By Space Type,0lBL2vFmj7mhk2mOan$VK8,59 W,Power Density,2700,Bay - Blanket/Fluid Warmer,HDU.09.114,0,Rooms,AROO,Rooms,HDU,1.389000000000324,Architecture,WBH-W-09.114,Bay - Blanket/Fluid Warmer,03,YES,SL_90_10,Room Spaces,accessed intermittently,0,New Construction,20.00%,Power Density,,0,0,SC,73 W,0.0,0 W,10.76 W/m²,0 W,13.99 W/m²,132 W,2700,LEVEL 09,0.0,AR Rooms
2026-08-01 19:58:17,11608888,NWB-ARC-WBH-AR-MOD-0036.rvt : 26 : location Internal,NWB-ARC-WBH-AR-MOD-0036,12793512,588e5f5e-4a80-49d9-9837-76bf6a041efb-00c336a8,HDU.09.093,"Bay - Handwashing, Type A",LEVEL 09,New Construction,High Dependency Unit,HDU,,,,1.0 m²,4114,321.222246,430.669263,236.220472,0 W,0.00 W/m²,0 W,0.00 W/m²,28.6 m²,By Space Type,0,By Space Type,0.0,0.0,0.0,-2000160,"CEILING: plasterboard, flush set, suspended, paint, washable",,,0,-1,10,11.06.2026,CLFS-006,,FLVY-003,,FLSK-010,WLFI-001,Clinical Support Areas,,WBH.HDU.03.004,107729,21/07/2026,BHWS-A,1,,Refer to AusHFG BHWS-A,,SC,By Type,"FLOOR FINISH: vinyl, seamless, coved, non slip",,By Space Type,1OZbzUIe19sPWtThzgnoXJ,59 W,Power Density,2700,"Bay - Handwashing, Type A",HDU.09.093,0,Rooms,AROO,Rooms,HDU,1.5255849999999247,Architecture,WBH-W-09.093,"Bay - Handwashing, Type A",03,YES,SL_90_10,Room Spaces,1,0,New Construction,20.00%,Power Density,,0,0,SC,73 W,0.0,0 W,10.76 W/m²,0 W,13.99 W/m²,132 W,2700,LEVEL 09,0.0,AR Rooms
2026-08-01 19:58:17,11608888,NWB-ARC-WBH-AR-MOD-0036.rvt : 26 : location Internal,NWB-ARC-WBH-AR-MOD-0036,12795367,588e5f5e-4a80-49d9-9837-76bf6a041efb-00c33de7,HDU.09.132,"Universal Change, Staff, 7m2",LEVEL 09,New Construction,High Dependency Unit,HDU,,,,6.5 m²,10321,249.197835,426.65257,236.220472,0 W,0.00 W/m²,0 W,0.00 W/m²,28.6 m²,By Space Type,0,By Space Type,0.0,0.0,0.0,-2000160,"CEILING: plasterboard, water resistant, flush set, suspended, paint, washable",,,0,-1,-7.428571,11.06.2026,CLFS-009,,FLVY-009,,FLSK-010,WLFI-001,Staff Areas,,WBH.HDU.05.015,112470,21/07/2026,CHST,7,,NWB-ARC-WBH-AR-RLS-HDU.05.015,,PS,By Type,"FLOOR FINISH: vinyl, seamless, coved, wet area, non-slip",Refer to Typical Room,By Space Type,1OZbzUIe19sPWtThzgnoCS,59 W,Power Density,2700,"Universal Change, Staff, 7m2",HDU.09.132,0,Rooms,AROO,Rooms,HDU,7.59281250000014,Architecture,WBH-W-09.132,"Universal Change, Staff, 7m2",05,YES,SL_90_10,Room Spaces,"1-3 staff, intermittently",0,New Construction,20.00%,Power Density,,Yes,0,PS-CHST,73 W,0.0,0 W,10.76 W/m²,0 W,13.99 W/m²,132 W,2700,LEVEL 09,0.0,AR Rooms
2026-08-01 19:58:17,11608888,NWB-ARC-WBH-AR-MOD-0036.rvt : 26 : location Internal,NWB-ARC-WBH-AR-MOD-0036,12876469,524b2bd7-f984-46c8-b2c9-65e363f932f0-00c35a98,HDU.09.129,"Toilet, Accessible, 6m2",LEVEL 09,New Construction,High Dependency Unit,HDU,,,,7.1 m²,10678,355.124438,396.990654,236.220472,0 W,0.00 W/m²,0 W,0.00 W/m²,28.6 m²,By Space Type,0,By Space Type,0.0,0.0,0.0,-2000160,"CEILING: plasterboard, water resistant, drop-in tiles, prefinished, 600 x 1200",,,0,-1,18.666667,11.06.2026,CLTI-014,,FLVY-009,,FLSK-010,WLFI-001,Staff Areas,,WBH.HDU.05.005,107758,21/07/2026,WCAC,6,,Refer to AusHFG WCAC,,SC,By Type,"FLOOR FINISH: vinyl, seamless, coved, wet area, non-slip",,By Space Type,1IIolN_OH6oBB9PUDZEcXe,59 W,Power Density,2700,"Toilet, Accessible, 6m2",HDU.09.129,0,Rooms,AROO,Rooms,HDU,5.850589999999195,Architecture,WBH-W-09.129,"Toilet, Accessible, 6m2",05,YES,SL_90_10,Room Spaces,1,0,New Construction,20.00%,Power Density,,0,0,SC,73 W,0.0,0 W,10.76 W/m²,0 W,13.99 W/m²,132 W,2700,LEVEL 09,0.0,AR Rooms
2026-08-01 19:58:17,11608888,NWB-ARC-WBH-AR-MOD-0036.rvt : 26 : location Internal,NWB-ARC-WBH-AR-MOD-0036,13669646,dcfa56b0-81bb-4dfc-a37c-02f163088dbb-00d03413,HDU.09.124,"Office, 1 Person",LEVEL 09,New Construction,High Dependency Unit,HDU,,,,8.5 m²,12206,400.603675,397.237379,236.220472,0 W,0.00 W/m²,0 W,0.00 W/m²,28.6 m²,By Space Type,0,By Space Type,0.0,0.0,0.0,-2000160,"CEILING: acoustic, drop-in tiles, 600 x 1200",,,0,-1,-5.111111,11.06.2026,CLTI-002,,FLCP-006,,FLSK-031,WLFI-001,Clinical Support Areas,,WBH.HDU.03.040,112467,21/07/2026,OFF-1P,9,,NWB-ARC-WBH-AR-RLS-HDU.03.040,,SC,By Type,FLOOR FINISH: carpet tiles,,By Space Type,3S_bQmWRjD$ADy0l5ZsBce,59 W,Power Density,2700,"Office, 1 Person",HDU.09.124,0,Rooms,AROO,Rooms,HDU,8.397796750000106,Architecture,WBH-W-09.124,"Office, 1 Person",03,YES,SL_90_10,Room Spaces,"1 staff, up to 2 visitors",0,New Construction,20.00%,Power Density,D40_Done,Yes,0,SC,73 W,0.0,0 W,10.76 W/m²,0 W,13.99 W/m²,132 W,2700,LEVEL 09,0.0,AR Rooms
2026-08-01 19:58:17,11608888,NWB-ARC-WBH-AR-MOD-0036.rvt : 26 : location Internal,NWB-ARC-WBH-AR-MOD-0036,13733085,dc117844-1c54-4cf0-a3c7-af80d43212c3-00d17496,TRA.10.T05,"Lift Lobby, Public",LEVEL 10,New Construction,Travel,TRA,,,,70.5 m²,44122,272.717356,367.686854,250.984252,0 W,0.00 W/m²,0 W,0.00 W/m²,28.6 m²,By Space Type,0,By Space Type,0.0,0.0,0.0,-2000160,"CEILING: plasterboard, flush set, suspended, paint, washable",CONTROLLED - GREEN,,0,-1,0.0,11.06.2026,CLFS-006,,FLVY-007,FLVY-500,FLSK-010,WLFI-500,Vertical Travel,,WBH.TRA.VT.168,115876,21/07/2026,PUBLIC LIFT LOBBY,0.0,,-,,T&E,By Type,"FLOOR FINISH: vinyl, seamless, coved, standard slip resistant FLOOR FINISH: vinyl, seamless, coved, standard slip resistant, feature",,By Space Type,3S4NX475HCyAF7hu3KusPL,59 W,Power Density,2700,"Lift Lobby, Public",TRA.10.T05,0,Rooms,AROO,Rooms,TRA,59.347362499993615,Architecture,WBH-W-10.T05,"Lift Lobby, Public",VT,YES,SL_90_10,Room Spaces,,0,New Construction,20.00%,Power Density,,0,0,,73 W,0.0,0 W,10.76 W/m²,0 W,13.99 W/m²,132 W,2700,LEVEL 10,0.0,AR Rooms
2026-08-01 19:58:17,11608888,NWB-ARC-WBH-AR-MOD-0036.rvt : 26 : location Internal,NWB-ARC-WBH-AR-MOD-0036,13733231,4fbb8ab9-bff2-4c58-ad08-cb4672ce8b82-00d18d6f,IP2.10.219,Neonatal Observation and Procedure Room,LEVEL 10,New Construction,Inpatient Obstetric 2,IP2,,,,18.2 m²,18403,370.336286,257.695056,250.984252,0 W,0.00 W/m²,0 W,0.00 W/m²,28.6 m²,By Space Type,0,By Space Type,0.0,0.0,0.0,-2000160,,,,0,-1,-9.1,11.06.2026,,,FLVY-007,,FLSK-010,WLFI-001,Patient Areas,,WBH.IP2.01.061,112650,21/07/2026,NEO-OBS-15,20,,NWB-ARC-WBH-AR-RLS-NS-NEO-OBS-20-IP1,,NS,By Type,"FLOOR FINISH: vinyl, seamless, coved, standard slip resistant",Refer to Typical Room,By Space Type,1Fkugvl$9CMAq8oqPo7mRj,59 W,Power Density,2700,Neonatal Observation and Procedure Room,IP2.10.219,0,Rooms,AROO,Rooms,IP2,17.638573498586954,Architecture,WBH-W-10.219,Neonatal Observation and Procedure Room,01,YES,SL_90_10,Room Spaces,,0,New Construction,20.00%,Power Density,,0,0,NS,73 W,0.0,0 W,10.76 W/m²,0 W,13.99 W/m²,132 W,2700,LEVEL 10,0.0,AR Rooms
2026-08-01 19:58:17,11608888,NWB-ARC-WBH-AR-MOD-0036.rvt : 26 : location Internal,NWB-ARC-WBH-AR-MOD-0036,13756040,d6f9283d-7d89-448e-a9f5-4a3e6c8c0d97-00d1e5fa,IP1.10.110,"Meeting Room, 30m2",LEVEL 10,New Construction,Inpatient Obstetric 1,IP1,,,,19.3 m²,18883,218.419763,371.974092,250.984252,0 W,0.00 W/m²,0 W,0.00 W/m²,28.6 m²,By Space Type,0,By Space Type,0.0,0.0,0.0,-2000160,,,,0,-1,-35.666667,11.06.2026,,,FLVY-500,,FLSK-010,WLFI-001,Shared Staff Areas,,WBH.IP1.05.002,112583,21/07/2026,MEET-30,30,,NWB-ARC-WBH-AR-RLS-IP1.05.002,,NS,By Type,"FLOOR FINISH: vinyl, seamless, coved, standard slip resistant, feature",Typical Room,By Space Type,3M_IWzVOb4ZgdrIZviNUXj,59 W,Power Density,2700,"Meeting Room, 30m2",IP1.10.110,0,Rooms,AROO,Rooms,IP1,30.862203246137,Architecture,WBH-W-10.110,"Meeting Room, 30m2",05,YES,SL_90_10,Room Spaces,Up to 18 seated,0,New Construction,20.00%,Power Density,,Yes,0,NS,73 W,0.0,0 W,10.76 W/m²,0 W,13.99 W/m²,132 W,2700,LEVEL 10,0.0,AR Rooms
2026-08-01 19:58:17,11608888,NWB-ARC-WBH-AR-MOD-0036.rvt : 26 : location Internal,NWB-ARC-WBH-AR-MOD-0036,13756413,d6f9283d-7d89-448e-a9f5-4a3e6c8c0d97-00d1e7fd,IP2.10.233,Bay - Pathology,LEVEL 10,New Construction,Inpatient Obstetric 2,IP2,,,,2.3 m²,6748,363.755282,259.113192,250.984252,0 W,0.00 W/m²,0 W,0.00 W/m²,28.6 m²,By Space Type,0,By Space Type,0.0,0.0,0.0,-2000160,"CEILING: plasterboard, drop-in tiles, prefinished, 600 x 1200",,,0,-1,-24,11.06.2026,CLTI-008,,FLVY-007,,FLSK-010,WLFI-001,Clinical Support Areas,,WBH.IP2.02.011,112664,21/07/2026,BPATH,3,,NWB-ARC-GEN-AR-RLS-PS-BPATH,,PS,By Type,"FLOOR FINISH: vinyl, seamless, coved, standard slip resistant",Refer to Typical Room,By Space Type,3M_IWzVOb4ZgdrIZviNUfg,59 W,Power Density,2700,Bay - Pathology,IP2.10.233,0,Rooms,AROO,Rooms,IP2,3.066348999999099,Architecture,WBH-W-10.233,Bay - Pathology,02,YES,SL_90_10,Room Spaces,"1-2 staff, intermittently",0,New Construction,20.00%,Power Density,,0,0,PS-BPATH,73 W,0.0,0 W,10.76 W/m²,0 W,13.99 W/m²,132 W,2700,LEVEL 10,0.0,AR Rooms
2026-08-01 19:58:17,11608888,NWB-ARC-WBH-AR-MOD-0036.rvt : 26 : location Internal,NWB-ARC-WBH-AR-MOD-0036,13786228,bb28e348-047f-4cf9-b13b-d2abc5a3c1ba-00d25c74,IP1.10.100,"Bay - Property, Staff",LEVEL 10,New Construction,Inpatient Obstetric 1,IP1,,,,1.9 m²,7217,228.68058,400.570907,250.984252,0 W,0.00 W/m²,0 W,0.00 W/m²,28.6 m²,By Space Type,0,By Space Type,0.0,0.0,0.0,-2000160,"CEILING: acoustic, drop-in tiles, 600 x 1200",,,0,-1,-35.333333,11.06.2026,CLTI-002,,FLVY-007,,FLSK-010,WLFI-001,Staff Areas,,WBH.IP1.03.007,107980,21/07/2026,BPROP,3,,NWB-ARC-GEN-AR-RLS-PS-BPROP,,PS,By Type,"FLOOR FINISH: vinyl, seamless, coved, standard slip resistant",Refer to Typical Room,By Space Type,2xAED817zC_R4xqgl5SPtE,59 W,Power Density,2700,"Bay - Property, Staff",IP1.10.100,0,Rooms,AROO,Rooms,IP1,3.113874999999618,Architecture,WBH-W-10.100,"Bay - Property, Staff",03,YES,SL_90_10,Room Spaces,"Up to 4 staff, intermittently",0,New Construction,20.00%,Power Density,,0,0,PS-BPROP,73 W,0.0,0 W,10.76 W/m²,0 W,13.99 W/m²,132 W,2700,LEVEL 10,0.0,AR Rooms
2026-08-01 19:58:17,11608888,NWB-ARC-WBH-AR-MOD-0036.rvt : 26 : location Internal,NWB-ARC-WBH-AR-MOD-0036,13786637,bb28e348-047f-4cf9-b13b-d2abc5a3c1ba-00d25e0d,IP2.10.255,"Bay - Property, Staff",LEVEL 10,New Construction,Inpatient Obstetric 2,IP2,,,,1.7 m²,7011,228.347111,276.220555,250.984252,0 W,0.00 W/m²,0 W,0.00 W/m²,28.6 m²,By Space Type,0,By Space Type,0.0,0.0,0.0,-2000160,"CEILING: acoustic, drop-in tiles, 600 x 1200",,,0,-1,-43.666667,11.06.2026,CLTI-002,,FLVY-007,,FLSK-010,WLFI-001,Staff Areas,,WBH.IP2.03.001,112693,21/07/2026,BPROP,3,,NWB-ARC-GEN-AR-RLS-PS-BPROP,,PS,By Type,"FLOOR FINISH: vinyl, seamless, coved, standard slip resistant",Refer to Typical Room,By Space Type,2xAED817zC_R4xqgl5SP_t,59 W,Power Density,2700,"Bay - Property, Staff",IP2.10.255,0,Rooms,AROO,Rooms,IP2,3.113875000000167,Architecture,WBH-W-10.255,"Bay - Property, Staff",03,YES,SL_90_10,Room Spaces,"Up to 4 staff, intermittently",0,New Construction,20.00%,Power Density,,0,0,PS-BPROP,73 W,0.0,0 W,10.76 W/m²,0 W,13.99 W/m²,132 W,2700,LEVEL 10,0.0,AR Rooms
2026-08-01 19:58:17,11608888,NWB-ARC-WBH-AR-MOD-0036.rvt : 26 : location Internal,NWB-ARC-WBH-AR-MOD-0036,13838485,b7306f9e-6b0c-46a2-8d69-cbcbcf8fd075-00d32895,IP1.10.086,Bay - Pneumatic Tube,LEVEL 10,New Construction,Inpatient Obstetric 1,IP1,,,,0.5 m²,2805,269.124033,421.799377,250.984252,0 W,0.00 W/m²,0 W,0.00 W/m²,28.6 m²,By Space Type,0,By Space Type,0.0,0.0,0.0,-2000160,"CEILING: plasterboard, drop-in tiles, prefinished, 600 x 1200",,,0,-1,-55,11.06.2026,CLTI-008,,FLVY-007,,FLSK-010,WLFI-001,Clinical Support Areas,,WBH.IP1.02.031,109843,21/07/2026,BPTS,1,,Refer to AusHFG BPTS,,SC,By Type,"FLOOR FINISH: vinyl, seamless, coved, standard slip resistant",,By Space Type,2tC6_UQmn6eerfoylFNFZW,59 W,Power Density,2700,Bay - Pneumatic Tube,IP1.10.086,0,Rooms,AROO,Rooms,IP1,1.0499999999993503,Architecture,WBH-W-10.086,Bay - Pneumatic Tube,02,YES,SL_90_10,Room Spaces,accessed by staff intermittently,0,New Construction,20.00%,Power Density,,No,0,SC,73 W,0.0,0 W,10.76 W/m²,0 W,13.99 W/m²,132 W,2700,LEVEL 10,0.0,AR Rooms
2026-08-01 19:58:17,11608888,NWB-ARC-WBH-AR-MOD-0036.rvt : 26 : location Internal,NWB-ARC-WBH-AR-MOD-0036,13839001,b7306f9e-6b0c-46a2-8d69-cbcbcf8fd075-00d32a99,IP2.10.C32,Corridor,LEVEL 10,New Construction,Inpatient Obstetric 2,IP2,,,,56.5 m²,50481,233.466207,269.177176,250.984252,0 W,0.00 W/m²,0 W,0.00 W/m²,28.6 m²,By Space Type,0,By Space Type,0.0,0.0,0.0,-2000160,"CEILING: acoustic, drop-in tiles, 600 x 1200",SECURE - YELLOW,CLINICAL-TYPE B1,0,-1,-85.381043,11.06.2026,CLTI-002,CLFS-006,FLVY-007,FLVY-500,FLSK-010,WLFI-001,Intradepartmental Circulation,,WBH.IP2.IC.001,114059,21/07/2026,CORR,366.1,,-,,Circulation,By Type,"FLOOR FINISH: vinyl, seamless, coved, standard slip resistant FLOOR FINISH: vinyl, seamless, coved, standard slip resistant, feature",,By Space Type,2tC6_UQmn6eerfoylFNFhi,59 W,Power Density,2700,Corridor,IP2.10.C32,0,Rooms,AROO,Rooms,IP2,154.12465368472363,Architecture,WBH-W-10.C32,Corridor,IC,YES,SL_90_10,Room Spaces,,0,New Construction,20.00%,Power Density,,0,0,,73 W,0.0,0 W,10.76 W/m²,0 W,13.99 W/m²,132 W,2700,LEVEL 10,0.0,AR Rooms
2026-08-01 19:58:17,11608888,NWB-ARC-WBH-AR-MOD-0036.rvt : 26 : location Internal,NWB-ARC-WBH-AR-MOD-0036,13840403,c35636fd-0344-475e-b264-ed5b978e8ded-00d32fe4,IP2.10.232,Bay - Pneumatic Tube,LEVEL 10,New Construction,Inpatient Obstetric 2,IP2,,,,0.8 m²,4453,267.242454,251.826454,250.984252,0 W,0.00 W/m²,0 W,0.00 W/m²,28.6 m²,By Space Type,0,By Space Type,0.0,0.0,0.0,-2000160,"CEILING: plasterboard, drop-in tiles, prefinished, 600 x 1200",,,0,-1,-16,11.06.2026,CLTI-008,,FLVY-007,,FLSK-010,WLFI-001,Clinical Support Areas,,WBH.IP2.02.010,112663,21/07/2026,BPTS,1,,Refer to AusHFG BPTS,,SC,By Type,"FLOOR FINISH: vinyl, seamless, coved, standard slip resistant",,By Space Type,33LZRz0qH7Nh9axLkNNQ89,59 W,Power Density,2700,Bay - Pneumatic Tube,IP2.10.232,0,Rooms,AROO,Rooms,IP2,1.0499999999999998,Architecture,WBH-W-10.232,Bay - Pneumatic Tube,02,YES,SL_90_10,Room Spaces,accessed by staff intermittently,0,New Construction,20.00%,Power Density,,0,0,SC,73 W,0.0,0 W,10.76 W/m²,0 W,13.99 W/m²,132 W,2700,LEVEL 10,0.0,AR Rooms
2026-08-01 19:58:17,11608888,NWB-ARC-WBH-AR-MOD-0036.rvt : 26 : location Internal,NWB-ARC-WBH-AR-MOD-0036,13841176,c35636fd-0344-475e-b264-ed5b978e8ded-00d33318,IP1.10.077,"Bay - Handwashing, Type B",LEVEL 10,New Construction,Inpatient Obstetric 1,IP1,,,,0.7 m²,3554,168.748735,415.083809,250.984252,0 W,0.00 W/m²,0 W,0.00 W/m²,28.6 m²,By Space Type,0,By Space Type,0.0,0.0,0.0,-2000160,"CEILING: plasterboard, flush set, suspended, paint, washable",,,0,-1,-26,11.06.2026,CLFS-006,,FLVY-003,,FLSK-010,WLFI-001,Clinical Support Areas,,WBH.IP1.02.020,107963,21/07/2026,BHWS-B,1,,Refer to AusHFG BHWS-B,,SC,By Type,"FLOOR FINISH: vinyl, seamless, coved, non slip",,By Space Type,33LZRz0qH7Nh9axLkNNRxr,59 W,Power Density,2700,"Bay - Handwashing, Type B",IP1.10.077,0,Rooms,AROO,Rooms,IP1,1.0427750000000313,Architecture,WBH-W-10.077,"Bay - Handwashing, Type B",02,YES,SL_90_10,Room Spaces,1,0,New Construction,20.00%,Power Density,,0,0,SC,73 W,0.0,0 W,10.76 W/m²,0 W,13.99 W/m²,132 W,2700,LEVEL 10,0.0,AR Rooms
2026-08-01 19:58:17,11608888,NWB-ARC-WBH-AR-MOD-0036.rvt : 26 : location Internal,NWB-ARC-WBH-AR-MOD-0036,13903852,ebe31b68-ea81-4309-9f08-b41ea473b461-00d427ec,IP1.10.069,Bay - Pneumatic Tube,LEVEL 10,New Construction,Inpatient Obstetric 1,IP1,,,,0.7 m²,3377,321.498821,425.144479,250.984252,0 W,0.00 W/m²,0 W,0.00 W/m²,28.6 m²,By Space Type,0,By Space Type,0.0,0.0,0.0,-2000160,"CEILING: plasterboard, drop-in tiles, prefinished, 600 x 1200",,,0,-1,-31,11.06.2026,CLTI-008,,FLVY-007,,FLSK-010,WLFI-001,Clinical Support Areas,,WBH.IP1.02.007,107950,21/07/2026,BPTS,1,,NWB-ARC-WBH-AR-RLS-IP1.02.007,,SC,By Type,"FLOOR FINISH: vinyl, seamless, coved, standard slip resistant",,By Space Type,3hunjewe532Py8j1wafvED,59 W,Power Density,2700,Bay - Pneumatic Tube,IP1.10.069,0,Rooms,AROO,Rooms,IP1,1.0500000000000105,Architecture,WBH-W-10.069,Bay - Pneumatic Tube,02,YES,SL_90_10,Room Spaces,accessed by staff intermittently,0,New Construction,20.00%,Power Density,,Yes,0,SC,73 W,0.0,0 W,10.76 W/m²,0 W,13.99 W/m²,132 W,2700,LEVEL 10,0.0,AR Rooms
2026-08-01 19:58:17,11608888,NWB-ARC-WBH-AR-MOD-0036.rvt : 26 : location Internal,NWB-ARC-WBH-AR-MOD-0036,13962054,ef569b7b-ad9d-430e-b8f4-eea15d57f36d-00d50b46,IP2.10.245,"Bay - Handwashing, Type B",LEVEL 10,New Construction,Inpatient Obstetric 2,IP2,,,,0.7 m²,3554,141.404177,261.8803,250.984252,0 W,0.00 W/m²,0 W,0.00 W/m²,28.6 m²,By Space Type,0,By Space Type,0.0,0.0,0.0,-2000160,"CEILING: plasterboard, flush set, suspended, paint, washable",,,0,-1,-26,11.06.2026,CLFS-006,,FLVY-003,,FLSK-010,WLFI-001,Clinical Support Areas,,WBH.IP2.02.024,112677,21/07/2026,BHWS-B,1,,Refer to AusHFG BHWS-B,,SC,By Type,"FLOOR FINISH: vinyl, seamless, coved, non slip",,By Space Type,3lLfjxhPr33hZqxg5TWlWh,59 W,Power Density,2700,"Bay - Handwashing, Type B",IP2.10.245,0,Rooms,AROO,Rooms,IP2,1.0427749999997382,Architecture,WBH-W-10.245,"Bay - Handwashing, Type B",02,YES,SL_90_10,Room Spaces,1,0,New Construction,20.00%,Power Density,,0,0,SC,73 W,0.0,0 W,10.76 W/m²,0 W,13.99 W/m²,132 W,2700,LEVEL 10,0.0,AR Rooms
2026-08-01 19:58:17,11608888,NWB-ARC-WBH-AR-MOD-0036.rvt : 26 : location Internal,NWB-ARC-WBH-AR-MOD-0036,13962970,ef569b7b-ad9d-430e-b8f4-eea15d57f36d-00d50eda,IP2.10.229,"Bay - Multifunction Device, 3m2",LEVEL 10,New Construction,Inpatient Obstetric 2,IP2,,,,1.6 m²,5256,321.294935,260.358526,250.984252,0 W,0.00 W/m²,0 W,0.00 W/m²,28.6 m²,By Space Type,0,By Space Type,0.0,0.0,0.0,-2000160,"CEILING: acoustic, drop-in tiles, 600 x 1200",,,0,-1,-46.666667,11.06.2026,CLTI-002,,FLVY-007,,FLSK-010,WLFI-001,Clinical Support Areas,,WBH.IP2.02.007,112660,21/07/2026,BMFD-3,3,,Refer to AusHFG BMFD-3,,SC,By Type,"FLOOR FINISH: vinyl, seamless, coved, standard slip resistant",,By Space Type,3lLfjxhPr33hZqxg5TWlst,59 W,Power Density,2700,"Bay - Multifunction Device, 3m2",IP2.10.229,0,Rooms,AROO,Rooms,IP2,2.8458704999999993,Architecture,WBH-W-10.229,"Bay - Multifunction Device, 3m2",02,YES,SL_90_10,Room Spaces,1 staff intermittently,0,New Construction,20.00%,Power Density,,0,0,SC,73 W,0.0,0 W,10.76 W/m²,0 W,13.99 W/m²,132 W,2700,LEVEL 10,0.0,AR Rooms
2026-08-01 19:58:17,11608888,NWB-ARC-WBH-AR-MOD-0036.rvt : 26 : location Internal,NWB-ARC-WBH-AR-MOD-0036,13963782,bc8d86da-0254-488d-a0ab-f14ceb7dd7bc-00d51206,IP2.10.243,"Bay - Handwashing, Type B",LEVEL 10,New Construction,Inpatient Obstetric 2,IP2,,,,0.7 m²,3331,323.012556,272.197006,250.984252,0 W,0.00 W/m²,0 W,0.00 W/m²,28.6 m²,By Space Type,0,By Space Type,0.0,0.0,0.0,-2000160,"CEILING: plasterboard, flush set, suspended, paint, washable",,,0,-1,-33,11.06.2026,CLFS-006,,FLVY-003,,FLSK-010,WLFI-001,Clinical Support Areas,,WBH.IP2.02.022,112675,21/07/2026,BHWS-B,1,,Refer to AusHFG BHWS-B,,SC,By Type,"FLOOR FINISH: vinyl, seamless, coved, non slip",,By Space Type,2yZORQ0bH8ZQ2hyKphgCMw,59 W,Power Density,2700,"Bay - Handwashing, Type B",IP2.10.243,0,Rooms,AROO,Rooms,IP2,1.433425000000102,Architecture,WBH-W-10.243,"Bay - Handwashing, Type B",02,YES,SL_90_10,Room Spaces,1,0,New Construction,20.00%,Power Density,,0,0,SC,73 W,0.0,0 W,10.76 W/m²,0 W,13.99 W/m²,132 W,2700,LEVEL 10,0.0,AR Rooms
2026-08-01 19:58:17,11608888,NWB-ARC-WBH-AR-MOD-0036.rvt : 26 : location Internal,NWB-ARC-WBH-AR-MOD-0036,13963785,bc8d86da-0254-488d-a0ab-f14ceb7dd7bc-00d51209,IP2.10.231,Bay - Pneumatic Tube,LEVEL 10,New Construction,Inpatient Obstetric 2,IP2,,,,0.8 m²,3723,321.173494,252.650576,250.984252,0 W,0.00 W/m²,0 W,0.00 W/m²,28.6 m²,By Space Type,0,By Space Type,0.0,0.0,0.0,-2000160,"CEILING: plasterboard, drop-in tiles, prefinished, 600 x 1200",,,0,-1,-19,11.06.2026,CLTI-008,,FLVY-007,,FLSK-010,WLFI-001,Clinical Support Areas,,WBH.IP2.02.009,112662,21/07/2026,BPTS,1,,Refer to AusHFG BPTS,,SC,By Type,"FLOOR FINISH: vinyl, seamless, coved, standard slip resistant",,By Space Type,2yZORQ0bH8ZQ2hyKphgCMr,59 W,Power Density,2700,Bay - Pneumatic Tube,IP2.10.231,0,Rooms,AROO,Rooms,IP2,1.0500000000004224,Architecture,WBH-W-10.231,Bay - Pneumatic Tube,02,YES,SL_90_10,Room Spaces,accessed by staff intermittently,0,New Construction,20.00%,Power Density,,0,0,SC,73 W,0.0,0 W,10.76 W/m²,0 W,13.99 W/m²,132 W,2700,LEVEL 10,0.0,AR Rooms
2026-08-01 19:58:17,11608888,NWB-ARC-WBH-AR-MOD-0036.rvt : 26 : location Internal,NWB-ARC-WBH-AR-MOD-0036,13964048,bc8d86da-0254-488d-a0ab-f14ceb7dd7bc-00d51310,IP2.10.244,"Bay - Handwashing, Type B",LEVEL 10,New Construction,Inpatient Obstetric 2,IP2,,,,0.5 m²,3275,364.491631,249.658175,250.984252,0 W,0.00 W/m²,0 W,0.00 W/m²,28.6 m²,By Space Type,0,By Space Type,0.0,0.0,0.0,-2000160,"CEILING: plasterboard, flush set, suspended, paint, washable",,,0,-1,-47,11.06.2026,CLFS-006,,FLVY-003,,FLSK-010,WLFI-001,Clinical Support Areas,,WBH.IP2.02.023,112676,21/07/2026,BHWS-B,1,,Refer to AusHFG BHWS-B,,SC,By Type,"FLOOR FINISH: vinyl, seamless, coved, non slip",,By Space Type,2yZORQ0bH8ZQ2hyKphgCIi,59 W,Power Density,2700,"Bay - Handwashing, Type B",IP2.10.244,0,Rooms,AROO,Rooms,IP2,1.0003620000000113,Architecture,WBH-W-10.244,"Bay - Handwashing, Type B",02,YES,SL_90_10,Room Spaces,1,0,New Construction,20.00%,Power Density,,0,0,SC,73 W,0.0,0 W,10.76 W/m²,0 W,13.99 W/m²,132 W,2700,LEVEL 10,0.0,AR Rooms
2026-08-01 19:58:17,11608888,NWB-ARC-WBH-AR-MOD-0036.rvt : 26 : location Internal,NWB-ARC-WBH-AR-MOD-0036,13966377,dd00adc6-bb9a-4787-a67b-1e772d44106b-00d51c29,TRA.10.T01,Travel,LEVEL 10,New Construction,Travel,TRA,,,,72.6 m²,55144,232.433312,353.149763,250.984252,0 W,0.00 W/m²,0 W,0.00 W/m²,28.6 m²,By Space Type,0,By Space Type,0.0,0.0,0.0,-2000160,"CEILING: acoustic, drop-in tiles, 600 x 1200",RESTRICTED - ORANGE,CLINICAL-TYPE B1,0,-1,0.0,11.06.2026,CLTI-002,CLFS-006,FLVY-007,FLVY-500,FLSK-010,WLFI-001,Horizontal Travel,,WBH.TRA.HT.230,116717,21/07/2026,TRAVEL,0.0,,-,,T&E,By Type,"FLOOR FINISH: vinyl, seamless, coved, standard slip resistant",,By Space Type,3T0At6kvf7XwPx7dSjaGn2,59 W,Power Density,2700,Travel,TRA.10.T01,0,,,,TRA,,,WBH-W-10.T01,Travel,HT,,,,,0,New Construction,20.00%,Power Density,,0,0,,73 W,0.0,0 W,10.76 W/m²,0 W,13.99 W/m²,132 W,2700,LEVEL 10,0.0,AR Rooms
2026-08-01 19:58:17,11608888,NWB-ARC-WBH-AR-MOD-0036.rvt : 26 : location Internal,NWB-ARC-WBH-AR-MOD-0036,13966384,dd00adc6-bb9a-4787-a67b-1e772d44106b-00d51c30,TRA.10.T02,Travel,LEVEL 10,New Construction,Travel,TRA,,,,75.7 m²,63985,300.311132,319.989408,250.984252,0 W,0.00 W/m²,0 W,0.00 W/m²,28.6 m²,By Space Type,0,By Space Type,0.0,0.0,0.0,-2000160,"CEILING: acoustic, drop-in tiles, 600 x 1200",CONTROLLED - GREEN,PUBLIC CORRIDOR- TYPE D2,0,-1,0.0,11.06.2026,CLTI-002,CLFS-006,FLVY-007,FLVY-500,FLSK-010,WLFI-001,Horizontal Travel,,WBH.TRA.HT.229,116716,21/07/2026,TRAVEL,0.0,,-,,T&E,By Type,"FLOOR FINISH: vinyl, seamless, coved, standard slip resistant FLOOR FINISH: vinyl, seamless, coved, standard slip resistant, feature",,By Space Type,3T0At6kvf7XwPx7dSjaGnR,59 W,Power Density,2700,Travel,TRA.10.T02,0,,,,TRA,,,WBH-W-10.T02,Travel,HT,,,,,0,New Construction,20.00%,Power Density,,0,0,,73 W,0.0,0 W,10.76 W/m²,0 W,13.99 W/m²,132 W,2700,LEVEL 10,0.0,AR Rooms
2026-08-01 19:58:17,11608888,NWB-ARC-WBH-AR-MOD-0036.rvt : 26 : location Internal,NWB-ARC-WBH-AR-MOD-0036,14027415,3d018fa5-2555-4702-8994-a28ff8e8713a-00d5c110,IPG.09.325,Bay - Pneumatic Tube,LEVEL 09,New Construction,Inpatient Gynaecology,IPG,,,,0.8 m²,4208,267.988845,251.826454,236.220472,0 W,0.00 W/m²,0 W,0.00 W/m²,28.6 m²,By Space Type,0,By Space Type,0.0,0.0,0.0,-2000160,"CEILING: plasterboard, drop-in tiles, prefinished, 600 x 1200",,,0,-1,-23,11.06.2026,CLTI-008,,FLVY-007,,FLSK-010,WLFI-001,Clinical Support Areas,,WBH.IPG.02.007,112498,21/07/2026,BPTS,1,,Refer to AusHFG BPTS,,SC,By Type,"FLOOR FINISH: vinyl, seamless, coved, standard slip resistant",,By Space Type,0z0O_b9LL70ecKee$uFR0g,59 W,Power Density,2700,Bay - Pneumatic Tube,IPG.09.325,0,Rooms,AROO,Rooms,IPG,1.0500000004265615,Architecture,WBH-W-09.325,Bay - Pneumatic Tube,02,YES,SL_90_10,Room Spaces,accessed by staff intermittently,0,New Construction,20.00%,Power Density,,No,0,SC,73 W,0.0,0 W,10.76 W/m²,0 W,13.99 W/m²,132 W,2700,LEVEL 09,0.0,AR Rooms
2026-08-01 19:58:17,11608888,NWB-ARC-WBH-AR-MOD-0036.rvt : 26 : location Internal,NWB-ARC-WBH-AR-MOD-0036,14028879,10a74183-29ab-4c7b-b0bc-7afc6cd23065-00d6104f,IPG.09.346,Bay - Meal Trolley,LEVEL 09,New Construction,Inpatient Gynaecology,IPG,,,,1.6 m²,5158,239.188397,260.136198,236.220472,0 W,0.00 W/m²,0 W,0.00 W/m²,28.6 m²,By Space Type,0,By Space Type,0.0,0.0,0.0,-2000160,"CEILING: plasterboard, drop-in tiles, prefinished, 600 x 1200",,,0,-1,-59,11.06.2026,CLTI-008,,FLVY-007,,FLSK-010,WLFI-001,Clinical Support Areas,,WBH.IPG.02.028,112519,21/07/2026,BMT,4,,Refer to AusHFG BMT,,SC,By Type,"FLOOR FINISH: vinyl, seamless, coved, standard slip resistant",,By Space Type,0Gfq63AQjCUx2yUlni120g,59 W,Power Density,2700,Bay - Meal Trolley,IPG.09.346,0,Rooms,AROO,Rooms,IPG,3.7064999999999952,Architecture,WBH-W-09.346,Bay - Meal Trolley,02,YES,SL_90_10,Room Spaces,,0,New Construction,20.00%,Power Density,,0,0,SC,73 W,0.0,0 W,10.76 W/m²,0 W,13.99 W/m²,132 W,2700,LEVEL 09,0.0,AR Rooms
2026-08-01 19:58:17,11608888,NWB-ARC-WBH-AR-MOD-0036.rvt : 26 : location Internal,NWB-ARC-WBH-AR-MOD-0036,14029347,10a74183-29ab-4c7b-b0bc-7afc6cd23065-00d61223,IPG.09.323,"Bay - Multifunction Device, 3m2",LEVEL 09,New Construction,Inpatient Gynaecology,IPG,,,,1.9 m²,5609,320.054996,251.414506,236.220472,0 W,0.00 W/m²,0 W,0.00 W/m²,28.6 m²,By Space Type,0,By Space Type,0.0,0.0,0.0,-2000160,"CEILING: acoustic, drop-in tiles, 600 x 1200",,,0,-1,-35,11.06.2026,CLTI-002,,FLVY-007,,FLSK-010,WLFI-001,Clinical Support Areas,,WBH.IPG.02.005,112496,21/07/2026,BMFD-3,3,,NWB-ARC-WBH-AR-RLS-IPG.02.005,,SC,By Type,"FLOOR FINISH: vinyl, seamless, coved, standard slip resistant",,By Space Type,0Gfq63AQjCUx2yUlni1296,59 W,Power Density,2700,"Bay - Multifunction Device, 3m2",IPG.09.323,0,Rooms,AROO,Rooms,IPG,2.8458705000004696,Architecture,WBH-W-09.323,"Bay - Multifunction Device, 3m2",02,YES,SL_90_10,Room Spaces,1 staff intermittently,0,New Construction,20.00%,Power Density,,Yes,0,SC,73 W,0.0,0 W,10.76 W/m²,0 W,13.99 W/m²,132 W,2700,LEVEL 09,0.0,AR Rooms
2026-08-01 19:58:17,11608888,NWB-ARC-WBH-AR-MOD-0036.rvt : 26 : location Internal,NWB-ARC-WBH-AR-MOD-0036,14037063,93ab33ec-7051-4cce-a9b9-982b286f9543-00d6236d,IPG.09.360,"Toilet, Staff, 3m2",LEVEL 09,New Construction,Inpatient Gynaecology,IPG,,,,3.0 m²,7217,249.316842,251.067346,236.220472,0 W,0.00 W/m²,0 W,0.00 W/m²,28.6 m²,By Space Type,0,By Space Type,0.0,0.0,0.0,-2000160,"CEILING: plasterboard, water resistant, drop-in tiles, prefinished, 600 x 1200",,,0,-1,-0.333333,11.06.2026,CLTI-014,,FLVY-009,,FLSK-010,WLFI-001,Staff Areas,,WBH.IPG.03.008,109841,21/07/2026,WCST,3,,Refer to AusHFG WCST,,SC,By Type,"FLOOR FINISH: vinyl, seamless, coved, wet area, non-slip",,By Space Type,2JgpFiS55Cpgcvc2iekROk,59 W,Power Density,2700,"Toilet, Staff, 3m2",IPG.09.360,0,Rooms,AROO,Rooms,IPG,3.1479999987798117,Architecture,WBH-W-09.360,"Toilet, Staff, 3m2",03,YES,SL_90_10,Room Spaces,1,0,New Construction,20.00%,Power Density,,0,0,SC,73 W,0.0,0 W,10.76 W/m²,0 W,13.99 W/m²,132 W,2700,LEVEL 09,0.0,AR Rooms
2026-08-01 19:58:17,11608888,NWB-ARC-WBH-AR-MOD-0036.rvt : 26 : location Internal,NWB-ARC-WBH-AR-MOD-0036,14047981,bc02a9d4-91b7-45bd-a5b2-7f52e02634d0-00d65aed,IPG.09.326,Bay - Pneumatic Tube,LEVEL 09,New Construction,Inpatient Gynaecology,IPG,,,,0.8 m²,3587,317.731901,255.130831,236.220472,0 W,0.00 W/m²,0 W,0.00 W/m²,28.6 m²,By Space Type,0,By Space Type,0.0,0.0,0.0,-2000160,"CEILING: plasterboard, drop-in tiles, prefinished, 600 x 1200",,,0,-1,-20,11.06.2026,CLTI-008,,FLVY-007,,FLSK-010,WLFI-001,Clinical Support Areas,,WBH.IPG.02.008,112499,21/07/2026,BPTS,1,,NWB-ARC-WBH-AR-RLS-IPG.02.008,,SC,By Type,"FLOOR FINISH: vinyl, seamless, coved, standard slip resistant",,By Space Type,2y0gdKaRT5lQMoVrBWy6uz,59 W,Power Density,2700,Bay - Pneumatic Tube,IPG.09.326,0,Rooms,AROO,Rooms,IPG,1.0499999999993366,Architecture,WBH-W-09.326,Bay - Pneumatic Tube,02,YES,SL_90_10,Room Spaces,accessed by staff intermittently,0,New Construction,20.00%,Power Density,,Yes,0,SC,73 W,0.0,0 W,10.76 W/m²,0 W,13.99 W/m²,132 W,2700,LEVEL 09,0.0,AR Rooms
2026-08-01 19:58:17,11608888,NWB-ARC-WBH-AR-MOD-0036.rvt : 26 : location Internal,NWB-ARC-WBH-AR-MOD-0036,14047984,bc02a9d4-91b7-45bd-a5b2-7f52e02634d0-00d65af0,IPG.09.339,"Bay - Handwashing, Type B",LEVEL 09,New Construction,Inpatient Gynaecology,IPG,,,,1.1 m²,4264,238.655148,263.591751,236.220472,0 W,0.00 W/m²,0 W,0.00 W/m²,28.6 m²,By Space Type,0,By Space Type,0.0,0.0,0.0,-2000160,"CEILING: plasterboard, flush set, suspended, paint, washable",,,0,-1,13,11.06.2026,CLFS-006,,FLVY-003,,FLSK-010,WLFI-001,Clinical Support Areas,,WBH.IPG.02.021,112512,21/07/2026,BHWS-B,1,,Refer to AusHFG BHWS-B,,SC,By Type,"FLOOR FINISH: vinyl, seamless, coved, non slip",,By Space Type,2y0gdKaRT5lQMoVrBWy6uW,59 W,Power Density,2700,"Bay - Handwashing, Type B",IPG.09.339,0,Rooms,AROO,Rooms,IPG,1.4953499999990498,Architecture,WBH-W-09.339,"Bay - Handwashing, Type B",02,YES,SL_90_10,Room Spaces,1,0,New Construction,20.00%,Power Density,,0,0,SC,73 W,0.0,0 W,10.76 W/m²,0 W,13.99 W/m²,132 W,2700,LEVEL 09,0.0,AR Rooms
2026-08-01 19:58:17,11608888,NWB-ARC-WBH-AR-MOD-0036.rvt : 26 : location Internal,NWB-ARC-WBH-AR-MOD-0036,14049006,bc02a9d4-91b7-45bd-a5b2-7f52e02634d0-00d65eee,IPG.09.342,Bay - Linen,LEVEL 09,New Construction,Inpatient Gynaecology,IPG,,,,2.0 m²,6010,146.169706,261.349912,236.220472,0 W,0.00 W/m²,0 W,0.00 W/m²,28.6 m²,By Space Type,0,By Space Type,0.0,0.0,0.0,-2000160,"CEILING: plasterboard, drop-in tiles, prefinished, 600 x 1200",,,0,-1,-2.5,11.06.2026,CLTI-008,,FLVY-007,,FLSK-010,WLFI-001,Clinical Support Areas,,WBH.IPG.02.024,112515,21/07/2026,BLIN,2,,Refer to AusHFG BLIN,,SC,By Type,"FLOOR FINISH: vinyl, seamless, coved, standard slip resistant",,By Space Type,2y0gdKaRT5lQMoVrBWy6e_,59 W,Power Density,2700,Bay - Linen,IPG.09.342,0,Rooms,AROO,Rooms,IPG,1.6149779999996996,Architecture,WBH-W-09.342,Bay - Linen,02,YES,SL_90_10,Room Spaces,1-2 intermittently,0,New Construction,20.00%,Power Density,,0,0,SC,73 W,0.0,0 W,10.76 W/m²,0 W,13.99 W/m²,132 W,2700,LEVEL 09,0.0,AR Rooms
2026-08-01 19:58:17,11608888,NWB-ARC-WBH-AR-MOD-0036.rvt : 26 : location Internal,NWB-ARC-WBH-AR-MOD-0036,14049009,bc02a9d4-91b7-45bd-a5b2-7f52e02634d0-00d65ef1,IPG.09.340,"Bay - Handwashing, Type B",LEVEL 09,New Construction,Inpatient Gynaecology,IPG,,,,1.3 m²,4536,375.786802,265.890386,236.220472,0 W,0.00 W/m²,0 W,0.00 W/m²,28.6 m²,By Space Type,0,By Space Type,0.0,0.0,0.0,-2000160,"CEILING: plasterboard, flush set, suspended, paint, washable",,,0,-1,28,11.06.2026,CLFS-006,,FLVY-003,,FLSK-010,WLFI-001,Clinical Support Areas,,WBH.IPG.02.022,112513,21/07/2026,BHWS-B,1,,Refer to AusHFG BHWS-B,,SC,By Type,"FLOOR FINISH: vinyl, seamless, coved, non slip",,By Space Type,2y0gdKaRT5lQMoVrBWy6eX,59 W,Power Density,2700,"Bay - Handwashing, Type B",IPG.09.340,0,Rooms,AROO,Rooms,IPG,1.6149780005925576,Architecture,WBH-W-09.340,"Bay - Handwashing, Type B",02,YES,SL_90_10,Room Spaces,1,0,New Construction,20.00%,Power Density,,0,0,SC,73 W,0.0,0 W,10.76 W/m²,0 W,13.99 W/m²,132 W,2700,LEVEL 09,0.0,AR Rooms
2026-08-01 19:58:17,11608888,NWB-ARC-WBH-AR-MOD-0036.rvt : 26 : location Internal,NWB-ARC-WBH-AR-MOD-0036,14052474,f82240a8-d827-41e4-87eb-12b56dc9836e-00d66c7a,IPG.09.353,"Office, 2 Person",LEVEL 09,New Construction,Inpatient Gynaecology,IPG,,,,10.5 m²,13413,216.051212,400.680911,236.220472,0 W,0.00 W/m²,0 W,0.00 W/m²,28.6 m²,By Space Type,0,By Space Type,0.0,0.0,0.0,-2000160,"CEILING: acoustic, drop-in tiles, 600 x 1200",,,0,-1,-12.916667,11.06.2026,CLTI-002,,FLCP-006,,FLSK-009,WLFI-001,Clinical Support Areas,,WBH.IPG.02.035,112526,21/07/2026,OFF-2P,12,,Refer to AusHFG OFF-2P,,SC,By Type,FLOOR FINISH: carpet tiles,,By Space Type,3u8a2es2T1v8Vh4hLj7_yK,59 W,Power Density,2700,"Office, 2 Person",IPG.09.353,0,Rooms,AROO,Rooms,IPG,13.543503000000094,Architecture,WBH-W-09.353,"Office, 2 Person",02,YES,SL_90_10,Room Spaces,"2 staff, up to 2 visitors",0,New Construction,20.00%,Power Density,D40_Done,0,0,SC,73 W,0.0,0 W,10.76 W/m²,0 W,13.99 W/m²,132 W,2700,LEVEL 09,0.0,AR Rooms
2026-08-01 19:58:17,11608888,NWB-ARC-WBH-AR-MOD-0036.rvt : 26 : location Internal,NWB-ARC-WBH-AR-MOD-0036,14057247,b0f70b5f-b476-49e2-a8df-4e268e87f227-00d67f1f,TRA.09.T08,"Lift Lobby, Public",LEVEL 09,New Construction,Travel,TRA,,,,61.5 m²,38940,270.825131,367.444892,236.220472,0 W,0.00 W/m²,0 W,0.00 W/m²,28.6 m²,By Space Type,0,By Space Type,0.0,0.0,0.0,-2000160,"CEILING: plasterboard, flush set, suspended, paint, washable",CONTROLLED - GREEN,,0,-1,0.0,11.06.2026,CLFS-006,,FLVY-007,FLVY-500,FLSK-010,WLFI-500,Vertical Travel,,WBH.TRA.VT.169,115877,21/07/2026,PUBLIC LIFT LOBBY,0.0,,-,,T&E,By Type,"FLOOR FINISH: vinyl, seamless, coved, standard slip resistant FLOOR FINISH: vinyl, seamless, coved, standard slip resistant, feature",,By Space Type,2mzmjVj7P9ugZVJYQEKOqu,59 W,Power Density,2700,"Lift Lobby, Public",TRA.09.T08,0,Rooms,AROO,Rooms,TRA,63.61525000000048,Architecture,WBH-W-09.T08,"Lift Lobby, Public",VT,YES,SL_90_10,Room Spaces,,0,New Construction,20.00%,Power Density,,0,0,,73 W,0.0,0 W,10.76 W/m²,0 W,13.99 W/m²,132 W,2700,LEVEL 09,0.0,AR Rooms
2026-08-01 19:58:17,11608888,NWB-ARC-WBH-AR-MOD-0036.rvt : 26 : location Internal,NWB-ARC-WBH-AR-MOD-0036,14102812,736ef307-f3ee-4774-b416-c47b7a08a8a1-00d72a1e,IP1.10.076,Bay - Mobile Equipment,LEVEL 10,New Construction,Inpatient Obstetric 1,IP1,,,,2.5 m²,6775,243.308151,414.913141,250.984252,0 W,0.00 W/m²,0 W,0.00 W/m²,28.6 m²,By Space Type,0,By Space Type,0.0,0.0,0.0,-2000160,"CEILING: plasterboard, drop-in tiles, prefinished, 600 x 1200",,,0,-1,-36.75,11.06.2026,CLTI-008,,FLVY-007,,FLSK-010,WLFI-001,Clinical Support Areas,,WBH.IP1.02.019,107962,21/07/2026,BMEQ,4,,Refer to AusHFG BMEQ,,SC,By Type,"FLOOR FINISH: vinyl, seamless, coved, standard slip resistant",,By Space Type,1pRlC7y_v7TBGMn7jwtuA$,59 W,Power Density,2700,Bay - Mobile Equipment,IP1.10.076,0,Rooms,AROO,Rooms,IP1,3.952999999999966,Architecture,WBH-W-10.076,Bay - Mobile Equipment,02,YES,SL_90_10,Room Spaces,,0,New Construction,20.00%,Power Density,,0,0,SC,73 W,0.0,0 W,10.76 W/m²,0 W,13.99 W/m²,132 W,2700,LEVEL 10,0.0,AR Rooms
2026-08-01 19:58:17,11608888,NWB-ARC-WBH-AR-MOD-0036.rvt : 26 : location Internal,NWB-ARC-WBH-AR-MOD-0036,14234139,a8f9c16d-9ecd-435a-af4e-17185ea5a23d-00d73276,IP2.10.258,"Toilet, Accessible, 6m2",LEVEL 10,New Construction,Inpatient Obstetric 2,IP2,,,,6.0 m²,9858,308.896156,287.507132,250.984252,0 W,0.00 W/m²,0 W,0.00 W/m²,28.6 m²,By Space Type,0,By Space Type,0.0,0.0,0.0,-2000160,"CEILING: plasterboard, water resistant, drop-in tiles, prefinished, 600 x 1200",,,0,-1,0.0,11.06.2026,CLTI-014,,FLVY-009,,FLSK-010,WLFI-001,Staff Areas,,WBH.IP2.03.004,117658,21/07/2026,WCAC,0,,,,SC,By Type,"FLOOR FINISH: vinyl, seamless, coved, wet area, non-slip",,By Space Type,2e_S5jdir3MgzE5nXUSf1B,59 W,Power Density,2700,"Toilet, Accessible, 6m2",IP2.10.258,0,Rooms,AROO,Rooms,IP2,5.880000000000082,Architecture,WBH-W-10.258,"Toilet, Accessible, 6m2",03,YES,SL_90_10,Room Spaces,1,0,New Construction,20.00%,Power Density,,0,0,SC,73 W,0.0,0 W,10.76 W/m²,0 W,13.99 W/m²,132 W,2700,LEVEL 10,0.0,AR Rooms
2026-08-01 19:58:17,11608888,NWB-ARC-WBH-AR-MOD-0036.rvt : 26 : location Internal,NWB-ARC-WBH-AR-MOD-0036,14234496,3a3d25f6-b76a-48b3-b7dc-c570f310c57d-00d93380,IP1.10.106,"Store - Equipment, 8m2",LEVEL 10,New Construction,Inpatient Obstetric 1,IP1,,,,7.8 m²,12495,321.28773,334.636493,250.984252,0 W,0.00 W/m²,0 W,0.00 W/m²,28.6 m²,By Space Type,0,By Space Type,0.0,0.0,0.0,-2000160,"CEILING: plasterboard, drop-in tiles, prefinished, 600 x 1200",,,0,-1,-2.125,11.06.2026,CLTI-008,,FLVY-007,,FLSK-010,WLFI-001,Shared Patient Areas,,WBH.IP1.04.004,112575,21/07/2026,STEQ-8,8,,NWB-ARC-WBH-AR-RLS-IP1.04.004,,DR,By Type,"FLOOR FINISH: vinyl, seamless, coved, standard slip resistant",Typical Room,By Space Type,0wFINsjsf8ixVSnN3poVRz,59 W,Power Density,2700,"Store - Equipment, 8m2",IP1.10.106,0,Rooms,AROO,Rooms,IP1,5.972188500001306,Architecture,WBH-W-10.106,"Store - Equipment, 8m2",04,YES,SL_90_10,Room Spaces,"1-2 staff, intermittently",0,New Construction,20.00%,Power Density,,Yes,0,DR,73 W,0.0,0 W,10.76 W/m²,0 W,13.99 W/m²,132 W,2700,LEVEL 10,0.0,AR Rooms
2026-08-01 19:58:17,11608888,NWB-ARC-WBH-AR-MOD-0036.rvt : 26 : location Internal,NWB-ARC-WBH-AR-MOD-0036,14327446,022ac2dc-7dcd-44ef-bec7-3859ef305a54-00da9356,TRA.11.T05,"Lift Lobby, Public",LEVEL 11,New Construction,Travel,TRA,,,,57.2 m²,36803,280.993667,367.757312,265.748031,0 W,0.00 W/m²,0 W,0.00 W/m²,28.6 m²,By Space Type,0,By Space Type,0.0,0.0,0.0,-2000160,"CEILING: plasterboard, flush set, suspended, paint, washable",CONTROLLED - GREEN,,0,-1,0.0,11.06.2026,CLFS-006,,FLVY-007,FLVY-500,FLSK-010,WLFI-500,Vertical Travel,,WBH.TRA.VT.172,115880,21/07/2026,PUBLIC LIFT LOBBY,0.0,,-,,T&E,By Type,"FLOOR FINISH: vinyl, seamless, coved, standard slip resistant FLOOR FINISH: vinyl, seamless, coved, standard slip resistant, feature",,By Space Type,02AiBSVSr4xxx7E5dlwia2,59 W,Power Density,2700,"Lift Lobby, Public",TRA.11.T05,0,Rooms,AROO,Rooms,TRA,59.19219249999354,Architecture,WBH-W-11.T05,"Lift Lobby, Public",VT,YES,SL_90_10,Room Spaces,,0,New Construction,20.00%,Power Density,,0,0,,73 W,0.0,0 W,10.76 W/m²,0 W,13.99 W/m²,132 W,2700,LEVEL 11,0.0,AR Rooms
2026-08-01 19:58:17,11608888,NWB-ARC-WBH-AR-MOD-0036.rvt : 26 : location Internal,NWB-ARC-WBH-AR-MOD-0036,14328536,022ac2dc-7dcd-44ef-bec7-3859ef305a54-00da979a,TRA.11.T03,Travel,LEVEL 11,New Construction,Travel,TRA,,,,75.5 m²,56966,232.73622,348.965562,265.748031,0 W,0.00 W/m²,0 W,0.00 W/m²,28.6 m²,By Space Type,0,By Space Type,0.0,0.0,0.0,-2000160,"CEILING: acoustic, drop-in tiles, 600 x 1200",RESTRICTED - ORANGE,CLINICAL-TYPE B1,0,-1,0.0,11.06.2026,CLTI-002,,FLVY-007,,FLSK-010,WLFI-001,Horizontal Travel,,WBH.TRA.HT.226,116713,21/07/2026,TRAVEL,0.0,,-,,T&E,By Type,"FLOOR FINISH: vinyl, seamless, coved, standard slip resistant",,By Space Type,02AiBSVSr4xxx7E5dlwitE,59 W,Power Density,2700,Travel,TRA.11.T03,0,Rooms,AROO,Rooms,TRA,86.41131481508924,Architecture,WBH-W-11.T03,Travel,HT,YES,SL_90_10,Room Spaces,,0,New Construction,20.00%,Power Density,,0,0,,73 W,0.0,0 W,10.76 W/m²,0 W,13.99 W/m²,132 W,2700,LEVEL 11,0.0,AR Rooms
2026-08-01 19:58:17,11608888,NWB-ARC-WBH-AR-MOD-0036.rvt : 26 : location Internal,NWB-ARC-WBH-AR-MOD-0036,14328538,022ac2dc-7dcd-44ef-bec7-3859ef305a54-00da979c,TRA.11.T02,Travel,LEVEL 11,New Construction,Travel,TRA,,,,75.1 m²,64009,302.298899,347.578132,265.748031,0 W,0.00 W/m²,0 W,0.00 W/m²,28.6 m²,By Space Type,0,By Space Type,0.0,0.0,0.0,-2000160,"CEILING: acoustic, drop-in tiles, 600 x 1200",CONTROLLED - GREEN,PUBLIC CORRIDOR- TYPE D2,0,-1,0.0,11.06.2026,CLTI-002,CLFS-006,FLVY-007,FLVY-500,FLSK-010,WLFI-001,Horizontal Travel,,WBH.TRA.HT.225,116712,21/07/2026,TRAVEL,0.0,,-,,T&E,By Type,"FLOOR FINISH: vinyl, seamless, coved, standard slip resistant FLOOR FINISH: vinyl, seamless, coved, standard slip resistant, feature",,By Space Type,02AiBSVSr4xxx7E5dlwit8,59 W,Power Density,2700,Travel,TRA.11.T02,0,Rooms,AROO,Rooms,TRA,78.28342299999782,Architecture,WBH-W-11.T02,Travel,HT,YES,SL_90_10,Room Spaces,,0,New Construction,20.00%,Power Density,,0,0,,73 W,0.0,0 W,10.76 W/m²,0 W,13.99 W/m²,132 W,2700,LEVEL 11,0.0,AR Rooms
2026-08-01 19:58:17,11608888,NWB-ARC-WBH-AR-MOD-0036.rvt : 26 : location Internal,NWB-ARC-WBH-AR-MOD-0036,14328850,022ac2dc-7dcd-44ef-bec7-3859ef305a54-00da98d4,IP4.11.305,"Toilet, Accessible, 6m2",LEVEL 11,New Construction,Inpatient Obstetric 4,IP4,,,,6.2 m²,10058,309.013486,285.863338,265.748031,0 W,0.00 W/m²,0 W,0.00 W/m²,28.6 m²,By Space Type,0,By Space Type,0.0,0.0,0.0,-2000160,"CEILING: plasterboard, water resistant, drop-in tiles, prefinished, 600 x 1200",,,0,-1,0.0,11.06.2026,CLTI-014,,FLVY-009,,FLSK-010,WLFI-001,Staff Areas,,WBH.IP4.03.004,117657,21/07/2026,WCAC,0,,,,SC,By Type,"FLOOR FINISH: vinyl, seamless, coved, wet area, non-slip",,By Space Type,02AiBSVSr4xxx7E5dlwiA0,59 W,Power Density,2700,"Toilet, Accessible, 6m2",IP4.11.305,0,Rooms,AROO,Rooms,IP4,5.880000000000082,Architecture,WBH-W-11.305,"Toilet, Accessible, 6m2",03,YES,SL_90_10,Room Spaces,1,0,New Construction,20.00%,Power Density,,0,0,SC,73 W,0.0,0 W,10.76 W/m²,0 W,13.99 W/m²,132 W,2700,LEVEL 11,0.0,AR Rooms
2026-08-01 19:58:17,11608888,NWB-ARC-WBH-AR-MOD-0036.rvt : 26 : location Internal,NWB-ARC-WBH-AR-MOD-0036,14336635,2144e328-6bf4-4a92-83d6-cee38e10b1e0-00dac27b,HDU.09.X03,Outdoor Terrace,LEVEL 09,New Construction,High Dependency Unit,HDU,,,,30.3 m²,22190,316.519029,376.233436,236.220472,0 W,0.00 W/m²,0 W,0.00 W/m²,28.6 m²,By Space Type,0,By Space Type,0.0,0.0,0.0,-2000160,,,,0,-1,0.933333,11.06.2026,,,,,,,External Areas,MEET-20,WBH.HDU.EX.001,112482,21/07/2026,OUTDOOR,30,,External Area,,NS,By Type,,No RLS,By Space Type,0XHECeQ$HAaeFMpkEEodER,59 W,Power Density,2700,Outdoor Terrace,HDU.09.X03,0,Rooms,AROO,Rooms,HDU,30.28126240156633,Architecture,WBH-W-09.X03,Outdoor Terrace,EX,YES,SL_90_10,Room Spaces,,0,New Construction,20.00%,Power Density,,0,0,NS,73 W,0.0,0 W,10.76 W/m²,0 W,13.99 W/m²,132 W,2700,LEVEL 09,0.0,AR Rooms
2026-08-01 19:58:17,11608888,NWB-ARC-WBH-AR-MOD-0036.rvt : 26 : location Internal,NWB-ARC-WBH-AR-MOD-0036,14337383,363e8217-3e9d-4561-837b-33f3def2d4b5-00dac567,TRA.09.T03,Travel,LEVEL 09,New Construction,Travel,TRA,,,,105.8 m²,74859,233.382384,370.959607,236.220472,0 W,0.00 W/m²,0 W,0.00 W/m²,28.6 m²,By Space Type,0,By Space Type,0.0,0.0,0.0,-2000160,"CEILING: acoustic, drop-in tiles, 600 x 1200",RESTRICTED - ORANGE,PUBLIC CORRIDOR- TYPE D2,0,-1,0.0,11.06.2026,CLTI-002,,FLVY-007,,FLSK-010,WLFI-001,Horizontal Travel,,WBH.TRA.HT.235,116722,21/07/2026,TRAVEL,0.0,,-,,T&E,By Type,"FLOOR FINISH: vinyl, seamless, coved, standard slip resistant",,By Space Type,0sFe8NFfr5OODxC$FUA17I,59 W,Power Density,2700,Travel,TRA.09.T03,0,Rooms,AROO,Rooms,TRA,67.0923662831736,Architecture,WBH-W-09.T03,Travel,HT,YES,SL_90_10,Room Spaces,,0,New Construction,20.00%,Power Density,,0,0,,73 W,0.0,0 W,10.76 W/m²,0 W,13.99 W/m²,132 W,2700,LEVEL 09,0.0,AR Rooms
2026-08-01 19:58:17,11608888,NWB-ARC-WBH-AR-MOD-0036.rvt : 26 : location Internal,NWB-ARC-WBH-AR-MOD-0036,14341332,d498ecbb-ba95-415c-a5ad-f1401d21cedf-00dad4d4,IP3.11.104,"Ensuite, Bariatric",LEVEL 11,New Construction,Inpatient Obstetric 3,IP3,,,,8.3 m²,12677,163.525262,453.901891,265.748031,0 W,0.00 W/m²,0 W,0.00 W/m²,28.6 m²,By Space Type,0,By Space Type,0.0,0.0,0.0,-2000160,"CEILING: plasterboard, water resistant, drop-in tiles, prefinished, 600 x 1200",,,0,-1,19.285714,11.06.2026,CLTI-014,,FLVY-009,,FLSK-010,WLFI-001,Patient Areas,,WBH.IP3.01.055,112752,21/07/2026,ENS-BA,7,,Refer to AusHFG ENS-BA,,SC,By Type,"FLOOR FINISH: vinyl, seamless, coved, wet area, non-slip",,By Space Type,3KcEoxkfL1NAMjyK0T_neB,59 W,Power Density,2700,"Ensuite, Bariatric",IP3.11.104,0,Rooms,AROO,Rooms,IP3,8.263894957019177,Architecture,WBH-W-11.104,"Ensuite, Bariatric",01,YES,SL_90_10,Room Spaces,1 patient; 1-2 staff assisting,0,New Construction,20.00%,Power Density,,0,0,SC,73 W,0.0,0 W,10.76 W/m²,0 W,13.99 W/m²,132 W,2700,LEVEL 11,0.0,AR Rooms
2026-08-01 19:58:17,11608888,NWB-ARC-WBH-AR-MOD-0036.rvt : 26 : location Internal,NWB-ARC-WBH-AR-MOD-0036,14341335,d498ecbb-ba95-415c-a5ad-f1401d21cedf-00dad4d7,IP3.11.074,"1 Bed Room, Obstetric - Bariatric",LEVEL 11,New Construction,Inpatient Obstetric 3,IP3,,,,18.6 m²,17533,163.270997,443.788702,265.748031,0 W,0.00 W/m²,0 W,0.00 W/m²,28.6 m²,By Space Type,0,By Space Type,0.0,0.0,0.0,-2000160,"CEILING: plasterboard, flush set, suspended, paint, washable",,,0,-1,3.388889,11.06.2026,CLFS-006,CLGE-001,FLVY-500,,FLSK-010,WLFI-001,Patient Areas,,WBH.IP3.01.025,112722,21/07/2026,1BR-OBS-B,18,,NWB-ARC-WBH-AR-RLS-IP1.01.024,,PS,By Type,"FLOOR FINISH: vinyl, seamless, coved, standard slip resistant, feature",Refer to Typical Room,By Space Type,3KcEoxkfL1NAMjyK0T_ne8,59 W,Power Density,2700,"1 Bed Room, Obstetric - Bariatric",IP3.11.074,0,Rooms,AROO,Rooms,IP3,18.495167542986273,Architecture,WBH-W-11.074,"1 Bed Room, Obstetric - Bariatric",01,YES,SL_90_10,Room Spaces,1 patient; 1-2 staff; 1-2 visitors,0,New Construction,20.00%,Power Density,,0,0,PS-1BR-OBS-B,73 W,0.0,0 W,10.76 W/m²,0 W,13.99 W/m²,132 W,2700,LEVEL 11,0.0,AR Rooms
2026-08-01 19:58:17,11608888,NWB-ARC-WBH-AR-MOD-0036.rvt : 26 : location Internal,NWB-ARC-WBH-AR-MOD-0036,14341338,d498ecbb-ba95-415c-a5ad-f1401d21cedf-00dad4da,IP3.11.051,"1 Bed Room, Obstetric",LEVEL 11,New Construction,Inpatient Obstetric 3,IP3,,,,17.5 m²,17540,177.493438,449.010673,265.748031,0 W,0.00 W/m²,0 W,0.00 W/m²,28.6 m²,By Space Type,0,By Space Type,0.0,0.0,0.0,-2000160,"CEILING: plasterboard, flush set, suspended, paint, washable",,,0,-1,-2.777778,11.06.2026,CLFS-006,CLGE-001,FLVY-500,,FLSK-010,WLFI-001,Patient Areas,,WBH.IP3.01.002,112699,21/07/2026,1BR-OBS-A,18,,NWB-ARC-WBH-AR-RLS-IP1.01.085,,PS,By Type,"FLOOR FINISH: vinyl, seamless, coved, standard slip resistant, feature",Refer to Typical Room,By Space Type,3KcEoxkfL1NAMjyK0T_ne5,59 W,Power Density,2700,"1 Bed Room, Obstetric",IP3.11.051,0,Rooms,AROO,Rooms,IP3,17.88185025878523,Architecture,WBH-W-11.051,"1 Bed Room, Obstetric",01,YES,SL_90_10,Room Spaces,1 patient; 1-2 staff; 1-2 visitors,0,New Construction,20.00%,Power Density,,0,0,PS-1BR-OBS-A,73 W,0.0,0 W,10.76 W/m²,0 W,13.99 W/m²,132 W,2700,LEVEL 11,0.0,AR Rooms
2026-08-01 19:58:17,11608888,NWB-ARC-WBH-AR-MOD-0036.rvt : 26 : location Internal,NWB-ARC-WBH-AR-MOD-0036,14341341,d498ecbb-ba95-415c-a5ad-f1401d21cedf-00dad4dd,IP3.11.080,"Ensuite, Inboard",LEVEL 11,New Construction,Inpatient Obstetric 3,IP3,,,,4.9 m²,8704,174.311024,441.078431,265.748031,0 W,0.00 W/m²,0 W,0.00 W/m²,28.6 m²,By Space Type,0,By Space Type,0.0,0.0,0.0,-2000160,"CEILING: plasterboard, water resistant, drop-in tiles, prefinished, 600 x 1200",,,0,-1,-2.6,11.06.2026,CLTI-014,,FLVY-009,,FLSK-010,WLFI-011.07,Patient Areas,,WBH.IP3.01.031,112728,21/07/2026,ENS-ST-A,5,,Refer to AusHFG ENS-ST-A1,,SC,By Type,"FLOOR FINISH: vinyl, seamless, coved, wet area, non-slip",,By Space Type,3KcEoxkfL1NAMjyK0T_ne2,59 W,Power Density,2700,"Ensuite, Inboard",IP3.11.080,0,Rooms,AROO,Rooms,IP3,5.098160372604886,Architecture,WBH-W-11.080,"Ensuite, Inboard",01,YES,SL_90_10,Room Spaces,1 patient; 1 staff assisting,0,New Construction,20.00%,Power Density,,0,0,SC,73 W,0.0,0 W,10.76 W/m²,0 W,13.99 W/m²,132 W,2700,LEVEL 11,0.0,AR Rooms
2026-08-01 19:58:17,11608888,NWB-ARC-WBH-AR-MOD-0036.rvt : 26 : location Internal,NWB-ARC-WBH-AR-MOD-0036,14341344,d498ecbb-ba95-415c-a5ad-f1401d21cedf-00dad4e0,IP3.11.052,"1 Bed Room, Obstetric",LEVEL 11,New Construction,Inpatient Obstetric 3,IP3,,,,17.5 m²,17527,191.272966,449.010673,265.748031,0 W,0.00 W/m²,0 W,0.00 W/m²,28.6 m²,By Space Type,0,By Space Type,0.0,0.0,0.0,-2000160,"CEILING: plasterboard, flush set, suspended, paint, washable",,,0,-1,-2.888889,11.06.2026,CLFS-006,CLGE-001,FLVY-500,,FLSK-010,WLFI-001,Patient Areas,,WBH.IP3.01.003,112700,21/07/2026,1BR-OBS-A,18,,NWB-ARC-WBH-AR-RLS-IP1.01.085,,PS,By Type,"FLOOR FINISH: vinyl, seamless, coved, standard slip resistant, feature",Refer to Typical Room,By Space Type,3KcEoxkfL1NAMjyK0T_ne$,59 W,Power Density,2700,"1 Bed Room, Obstetric",IP3.11.052,0,Rooms,AROO,Rooms,IP3,17.88185025879461,Architecture,WBH-W-11.052,"1 Bed Room, Obstetric",01,YES,SL_90_10,Room Spaces,1 patient; 1-2 staff; 1-2 visitors,0,New Construction,20.00%,Power Density,,0,0,PS-1BR-OBS-A,73 W,0.0,0 W,10.76 W/m²,0 W,13.99 W/m²,132 W,2700,LEVEL 11,0.0,AR Rooms
2026-08-01 19:58:17,11608888,NWB-ARC-WBH-AR-MOD-0036.rvt : 26 : location Internal,NWB-ARC-WBH-AR-MOD-0036,14341347,d498ecbb-ba95-415c-a5ad-f1401d21cedf-00dad4e3,IP3.11.081,"Ensuite, Inboard",LEVEL 11,New Construction,Inpatient Obstetric 3,IP3,,,,5.2 m²,8947,194.455381,441.078431,265.748031,0 W,0.00 W/m²,0 W,0.00 W/m²,28.6 m²,By Space Type,0,By Space Type,0.0,0.0,0.0,-2000160,"CEILING: plasterboard, water resistant, drop-in tiles, prefinished, 600 x 1200",,,0,-1,3.4,11.06.2026,CLTI-014,,FLVY-009,,FLSK-010,WLFI-011.07,Patient Areas,,WBH.IP3.01.032,112729,21/07/2026,ENS-ST-A,5,,Refer to AusHFG ENS-ST-A1,,SC,By Type,"FLOOR FINISH: vinyl, seamless, coved, wet area, non-slip",,By Space Type,3KcEoxkfL1NAMjyK0T_ney,59 W,Power Density,2700,"Ensuite, Inboard",IP3.11.081,0,Rooms,AROO,Rooms,IP3,5.0981603726036395,Architecture,WBH-W-11.081,"Ensuite, Inboard",01,YES,SL_90_10,Room Spaces,1 patient; 1 staff assisting,0,New Construction,20.00%,Power Density,,0,0,SC,73 W,0.0,0 W,10.76 W/m²,0 W,13.99 W/m²,132 W,2700,LEVEL 11,0.0,AR Rooms
2026-08-01 19:58:17,11608888,NWB-ARC-WBH-AR-MOD-0036.rvt : 26 : location Internal,NWB-ARC-WBH-AR-MOD-0036,14341350,d498ecbb-ba95-415c-a5ad-f1401d21cedf-00dad4e6,IP3.11.082,"Ensuite, Inboard",LEVEL 11,New Construction,Inpatient Obstetric 3,IP3,,,,5.2 m²,8945,201.870079,441.065308,265.748031,0 W,0.00 W/m²,0 W,0.00 W/m²,28.6 m²,By Space Type,0,By Space Type,0.0,0.0,0.0,-2000160,"CEILING: plasterboard, water resistant, drop-in tiles, prefinished, 600 x 1200",,,0,-1,3.4,11.06.2026,CLTI-014,,FLVY-009,,FLSK-010,WLFI-011.07,Patient Areas,,WBH.IP3.01.033,112730,21/07/2026,ENS-ST-A,5,,Refer to AusHFG ENS-ST-A1,,SC,By Type,"FLOOR FINISH: vinyl, seamless, coved, wet area, non-slip",,By Space Type,3KcEoxkfL1NAMjyK0T_nev,59 W,Power Density,2700,"Ensuite, Inboard",IP3.11.082,0,Rooms,AROO,Rooms,IP3,5.098160372604167,Architecture,WBH-W-11.082,"Ensuite, Inboard",01,YES,SL_90_10,Room Spaces,1 patient; 1 staff assisting,0,New Construction,20.00%,Power Density,,0,0,SC,73 W,0.0,0 W,10.76 W/m²,0 W,13.99 W/m²,132 W,2700,LEVEL 11,0.0,AR Rooms
2026-08-01 19:58:17,11608888,NWB-ARC-WBH-AR-MOD-0036.rvt : 26 : location Internal,NWB-ARC-WBH-AR-MOD-0036,14341353,d498ecbb-ba95-415c-a5ad-f1401d21cedf-00dad4e9,IP3.11.053,"1 Bed Room, Obstetric",LEVEL 11,New Construction,Inpatient Obstetric 3,IP3,,,,17.5 m²,17538,205.052493,449.010673,265.748031,0 W,0.00 W/m²,0 W,0.00 W/m²,28.6 m²,By Space Type,0,By Space Type,0.0,0.0,0.0,-2000160,"CEILING: plasterboard, flush set, suspended, paint, washable",,,0,-1,-2.777778,11.06.2026,CLFS-006,CLGE-001,FLVY-500,,FLSK-010,WLFI-001,Patient Areas,,WBH.IP3.01.004,112701,21/07/2026,1BR-OBS-A,18,,NWB-ARC-WBH-AR-RLS-IP1.01.085,,PS,By Type,"FLOOR FINISH: vinyl, seamless, coved, standard slip resistant, feature",Refer to Typical Room,By Space Type,3KcEoxkfL1NAMjyK0T_nes,59 W,Power Density,2700,"1 Bed Room, Obstetric",IP3.11.053,0,Rooms,AROO,Rooms,IP3,17.881850258777767,Architecture,WBH-W-11.053,"1 Bed Room, Obstetric",01,YES,SL_90_10,Room Spaces,1 patient; 1-2 staff; 1-2 visitors,0,New Construction,20.00%,Power Density,,0,0,PS-1BR-OBS-A,73 W,0.0,0 W,10.76 W/m²,0 W,13.99 W/m²,132 W,2700,LEVEL 11,0.0,AR Rooms
2026-08-01 19:58:17,11608888,NWB-ARC-WBH-AR-MOD-0036.rvt : 26 : location Internal,NWB-ARC-WBH-AR-MOD-0036,14341356,d498ecbb-ba95-415c-a5ad-f1401d21cedf-00dad4ec,IP3.11.054,"1 Bed Room, Obstetric",LEVEL 11,New Construction,Inpatient Obstetric 3,IP3,,,,17.5 m²,17527,218.832021,449.010673,265.748031,0 W,0.00 W/m²,0 W,0.00 W/m²,28.6 m²,By Space Type,0,By Space Type,0.0,0.0,0.0,-2000160,"CEILING: plasterboard, flush set, suspended, paint, washable",,,0,-1,-2.888889,11.06.2026,CLFS-006,CLGE-001,FLVY-500,,FLSK-010,WLFI-001,Patient Areas,,WBH.IP3.01.005,112702,21/07/2026,1BR-OBS-A,18,,NWB-ARC-WBH-AR-RLS-IP1.01.085,,PS,By Type,"FLOOR FINISH: vinyl, seamless, coved, standard slip resistant, feature",Refer to Typical Room,By Space Type,3KcEoxkfL1NAMjyK0T_nep,59 W,Power Density,2700,"1 Bed Room, Obstetric",IP3.11.054,0,Rooms,AROO,Rooms,IP3,17.881850258796796,Architecture,WBH-W-11.054,"1 Bed Room, Obstetric",01,YES,SL_90_10,Room Spaces,1 patient; 1-2 staff; 1-2 visitors,0,New Construction,20.00%,Power Density,,0,0,PS-1BR-OBS-A,73 W,0.0,0 W,10.76 W/m²,0 W,13.99 W/m²,132 W,2700,LEVEL 11,0.0,AR Rooms
2026-08-01 19:58:17,11608888,NWB-ARC-WBH-AR-MOD-0036.rvt : 26 : location Internal,NWB-ARC-WBH-AR-MOD-0036,14341359,d498ecbb-ba95-415c-a5ad-f1401d21cedf-00dad4ef,IP3.11.083,"Ensuite, Inboard",LEVEL 11,New Construction,Inpatient Obstetric 3,IP3,,,,5.2 m²,8947,222.014436,441.078431,265.748031,0 W,0.00 W/m²,0 W,0.00 W/m²,28.6 m²,By Space Type,0,By Space Type,0.0,0.0,0.0,-2000160,"CEILING: plasterboard, water resistant, drop-in tiles, prefinished, 600 x 1200",,,0,-1,3.4,11.06.2026,CLTI-014,,FLVY-009,,FLSK-010,WLFI-011.07,Patient Areas,,WBH.IP3.01.034,112731,21/07/2026,ENS-ST-A,5,,Refer to AusHFG ENS-ST-A1,,SC,By Type,"FLOOR FINISH: vinyl, seamless, coved, wet area, non-slip",,By Space Type,3KcEoxkfL1NAMjyK0T_nem,59 W,Power Density,2700,"Ensuite, Inboard",IP3.11.083,0,Rooms,AROO,Rooms,IP3,5.09816037260421,Architecture,WBH-W-11.083,"Ensuite, Inboard",01,YES,SL_90_10,Room Spaces,1 patient; 1 staff assisting,0,New Construction,20.00%,Power Density,,0,0,SC,73 W,0.0,0 W,10.76 W/m²,0 W,13.99 W/m²,132 W,2700,LEVEL 11,0.0,AR Rooms
2026-08-01 19:58:17,11608888,NWB-ARC-WBH-AR-MOD-0036.rvt : 26 : location Internal,NWB-ARC-WBH-AR-MOD-0036,14341362,d498ecbb-ba95-415c-a5ad-f1401d21cedf-00dad4f2,IP3.11.055,"1 Bed Room, Obstetric",LEVEL 11,New Construction,Inpatient Obstetric 3,IP3,,,,17.5 m²,17538,232.611549,449.010673,265.748031,0 W,0.00 W/m²,0 W,0.00 W/m²,28.6 m²,By Space Type,0,By Space Type,0.0,0.0,0.0,-2000160,"CEILING: plasterboard, flush set, suspended, paint, washable",,,0,-1,-2.777778,11.06.2026,CLFS-006,CLGE-001,FLVY-500,,FLSK-010,WLFI-001,Patient Areas,,WBH.IP3.01.006,112703,21/07/2026,1BR-OBS-A,18,,NWB-ARC-WBH-AR-RLS-IP1.01.085,,PS,By Type,"FLOOR FINISH: vinyl, seamless, coved, standard slip resistant, feature",Refer to Typical Room,By Space Type,3KcEoxkfL1NAMjyK0T_nej,59 W,Power Density,2700,"1 Bed Room, Obstetric",IP3.11.055,0,Rooms,AROO,Rooms,IP3,17.881850258775298,Architecture,WBH-W-11.055,"1 Bed Room, Obstetric",01,YES,SL_90_10,Room Spaces,1 patient; 1-2 staff; 1-2 visitors,0,New Construction,20.00%,Power Density,,0,0,PS-1BR-OBS-A,73 W,0.0,0 W,10.76 W/m²,0 W,13.99 W/m²,132 W,2700,LEVEL 11,0.0,AR Rooms
2026-08-01 19:58:17,11608888,NWB-ARC-WBH-AR-MOD-0036.rvt : 26 : location Internal,NWB-ARC-WBH-AR-MOD-0036,14341365,d498ecbb-ba95-415c-a5ad-f1401d21cedf-00dad4f5,IP3.11.084,"Ensuite, Inboard",LEVEL 11,New Construction,Inpatient Obstetric 3,IP3,,,,5.2 m²,8945,229.429134,441.065308,265.748031,0 W,0.00 W/m²,0 W,0.00 W/m²,28.6 m²,By Space Type,0,By Space Type,0.0,0.0,0.0,-2000160,"CEILING: plasterboard, water resistant, drop-in tiles, prefinished, 600 x 1200",,,0,-1,3.4,11.06.2026,CLTI-014,,FLVY-009,,FLSK-010,WLFI-011.07,Patient Areas,,WBH.IP3.01.035,112732,21/07/2026,ENS-ST-A,5,,Refer to AusHFG ENS-ST-A1,,SC,By Type,"FLOOR FINISH: vinyl, seamless, coved, wet area, non-slip",,By Space Type,3KcEoxkfL1NAMjyK0T_neg,59 W,Power Density,2700,"Ensuite, Inboard",IP3.11.084,0,Rooms,AROO,Rooms,IP3,5.098160372603576,Architecture,WBH-W-11.084,"Ensuite, Inboard",01,YES,SL_90_10,Room Spaces,1 patient; 1 staff assisting,0,New Construction,20.00%,Power Density,,0,0,SC,73 W,0.0,0 W,10.76 W/m²,0 W,13.99 W/m²,132 W,2700,LEVEL 11,0.0,AR Rooms
2026-08-01 19:58:17,11608888,NWB-ARC-WBH-AR-MOD-0036.rvt : 26 : location Internal,NWB-ARC-WBH-AR-MOD-0036,14341368,d498ecbb-ba95-415c-a5ad-f1401d21cedf-00dad4f8,IP3.11.056,"1 Bed Room, Obstetric",LEVEL 11,New Construction,Inpatient Obstetric 3,IP3,,,,17.5 m²,17526,246.390256,449.010673,265.748031,0 W,0.00 W/m²,0 W,0.00 W/m²,28.6 m²,By Space Type,0,By Space Type,0.0,0.0,0.0,-2000160,"CEILING: plasterboard, flush set, suspended, paint, washable",,,0,-1,-2.888889,11.06.2026,CLFS-006,CLGE-001,FLVY-500,,FLSK-010,WLFI-001,Patient Areas,,WBH.IP3.01.007,112704,21/07/2026,1BR-OBS-A,18,,NWB-ARC-WBH-AR-RLS-IP1.01.085,,PS,By Type,"FLOOR FINISH: vinyl, seamless, coved, standard slip resistant, feature",Refer to Typical Room,By Space Type,3KcEoxkfL1NAMjyK0T_ned,59 W,Power Density,2700,"1 Bed Room, Obstetric",IP3.11.056,0,Rooms,AROO,Rooms,IP3,17.881850258797535,Architecture,WBH-W-11.056,"1 Bed Room, Obstetric",01,YES,SL_90_10,Room Spaces,1 patient; 1-2 staff; 1-2 visitors,0,New Construction,20.00%,Power Density,,0,0,PS-1BR-OBS-A,73 W,0.0,0 W,10.76 W/m²,0 W,13.99 W/m²,132 W,2700,LEVEL 11,0.0,AR Rooms
2026-08-01 19:58:17,11608888,NWB-ARC-WBH-AR-MOD-0036.rvt : 26 : location Internal,NWB-ARC-WBH-AR-MOD-0036,14341371,d498ecbb-ba95-415c-a5ad-f1401d21cedf-00dad4fb,IP3.11.085,"Ensuite, Inboard",LEVEL 11,New Construction,Inpatient Obstetric 3,IP3,,,,4.9 m²,8698,249.572671,441.078431,265.748031,0 W,0.00 W/m²,0 W,0.00 W/m²,28.6 m²,By Space Type,0,By Space Type,0.0,0.0,0.0,-2000160,"CEILING: plasterboard, water resistant, drop-in tiles, prefinished, 600 x 1200",,,0,-1,-2.8,11.06.2026,CLTI-014,,FLVY-009,,FLSK-010,WLFI-011.07,Patient Areas,,WBH.IP3.01.036,112733,21/07/2026,ENS-ST-A,5,,Refer to AusHFG ENS-ST-A1,,SC,By Type,"FLOOR FINISH: vinyl, seamless, coved, wet area, non-slip",,By Space Type,3KcEoxkfL1NAMjyK0T_nea,59 W,Power Density,2700,"Ensuite, Inboard",IP3.11.085,0,Rooms,AROO,Rooms,IP3,5.098160372603618,Architecture,WBH-W-11.085,"Ensuite, Inboard",01,YES,SL_90_10,Room Spaces,1 patient; 1 staff assisting,0,New Construction,20.00%,Power Density,,0,0,SC,73 W,0.0,0 W,10.76 W/m²,0 W,13.99 W/m²,132 W,2700,LEVEL 11,0.0,AR Rooms
2026-08-01 19:58:17,11608888,NWB-ARC-WBH-AR-MOD-0036.rvt : 26 : location Internal,NWB-ARC-WBH-AR-MOD-0036,14341374,d498ecbb-ba95-415c-a5ad-f1401d21cedf-00dad4fe,IP3.11.057,"1 Bed Room, Obstetric",LEVEL 11,New Construction,Inpatient Obstetric 3,IP3,,,,17.5 m²,17539,260.169783,449.010673,265.748031,0 W,0.00 W/m²,0 W,0.00 W/m²,28.6 m²,By Space Type,0,By Space Type,0.0,0.0,0.0,-2000160,"CEILING: plasterboard, flush set, suspended, paint, washable",,,0,-1,-2.777778,11.06.2026,CLFS-006,CLGE-001,FLVY-500,,FLSK-010,WLFI-001,Patient Areas,,WBH.IP3.01.008,112705,21/07/2026,1BR-OBS-A,18,,NWB-ARC-WBH-AR-RLS-IP1.01.085,,PS,By Type,"FLOOR FINISH: vinyl, seamless, coved, standard slip resistant, feature",Refer to Typical Room,By Space Type,3KcEoxkfL1NAMjyK0T_neX,59 W,Power Density,2700,"1 Bed Room, Obstetric",IP3.11.057,0,Rooms,AROO,Rooms,IP3,17.881850258772783,Architecture,WBH-W-11.057,"1 Bed Room, Obstetric",01,YES,SL_90_10,Room Spaces,1 patient; 1-2 staff; 1-2 visitors,0,New Construction,20.00%,Power Density,,0,0,PS-1BR-OBS-A,73 W,0.0,0 W,10.76 W/m²,0 W,13.99 W/m²,132 W,2700,LEVEL 11,0.0,AR Rooms
2026-08-01 19:58:17,11608888,NWB-ARC-WBH-AR-MOD-0036.rvt : 26 : location Internal,NWB-ARC-WBH-AR-MOD-0036,14341377,d498ecbb-ba95-415c-a5ad-f1401d21cedf-00dad501,IP3.11.086,"Ensuite, Inboard",LEVEL 11,New Construction,Inpatient Obstetric 3,IP3,,,,4.9 m²,8696,257.190781,440.841382,265.748031,0 W,0.00 W/m²,0 W,0.00 W/m²,28.6 m²,By Space Type,0,By Space Type,0.0,0.0,0.0,-2000160,"CEILING: plasterboard, water resistant, drop-in tiles, prefinished, 600 x 1200",,,0,-1,-2.8,11.06.2026,CLTI-014,,FLVY-009,,FLSK-010,WLFI-011.07,Patient Areas,,WBH.IP3.01.037,112734,21/07/2026,ENS-ST-A,5,,Refer to AusHFG ENS-ST-A1,,SC,By Type,"FLOOR FINISH: vinyl, seamless, coved, wet area, non-slip",,By Space Type,3KcEoxkfL1NAMjyK0T_nlU,59 W,Power Density,2700,"Ensuite, Inboard",IP3.11.086,0,Rooms,AROO,Rooms,IP3,5.098160372604791,Architecture,WBH-W-11.086,"Ensuite, Inboard",01,YES,SL_90_10,Room Spaces,1 patient; 1 staff assisting,0,New Construction,20.00%,Power Density,,0,0,SC,73 W,0.0,0 W,10.76 W/m²,0 W,13.99 W/m²,132 W,2700,LEVEL 11,0.0,AR Rooms
2026-08-01 19:58:17,11608888,NWB-ARC-WBH-AR-MOD-0036.rvt : 26 : location Internal,NWB-ARC-WBH-AR-MOD-0036,14341380,d498ecbb-ba95-415c-a5ad-f1401d21cedf-00dad504,IP3.11.058,"1 Bed Room, Obstetric",LEVEL 11,New Construction,Inpatient Obstetric 3,IP3,,,,17.5 m²,17527,273.950131,449.010673,265.748031,0 W,0.00 W/m²,0 W,0.00 W/m²,28.6 m²,By Space Type,0,By Space Type,0.0,0.0,0.0,-2000160,"CEILING: plasterboard, flush set, suspended, paint, washable",,,0,-1,-2.888889,11.06.2026,CLFS-006,CLGE-001,FLVY-500,,FLSK-010,WLFI-001,Patient Areas,,WBH.IP3.01.009,112706,21/07/2026,1BR-OBS-A,18,,NWB-ARC-WBH-AR-RLS-IP1.01.085,,PS,By Type,"FLOOR FINISH: vinyl, seamless, coved, standard slip resistant, feature",Refer to Typical Room,By Space Type,3KcEoxkfL1NAMjyK0T_nlR,59 W,Power Density,2700,"1 Bed Room, Obstetric",IP3.11.058,0,Rooms,AROO,Rooms,IP3,17.881850258807663,Architecture,WBH-W-11.058,"1 Bed Room, Obstetric",01,YES,SL_90_10,Room Spaces,1 patient; 1-2 staff; 1-2 visitors,0,New Construction,20.00%,Power Density,,0,0,PS-1BR-OBS-A,73 W,0.0,0 W,10.76 W/m²,0 W,13.99 W/m²,132 W,2700,LEVEL 11,0.0,AR Rooms
2026-08-01 19:58:17,11608888,NWB-ARC-WBH-AR-MOD-0036.rvt : 26 : location Internal,NWB-ARC-WBH-AR-MOD-0036,14341383,d498ecbb-ba95-415c-a5ad-f1401d21cedf-00dad507,IP3.11.087,"Ensuite, Inboard",LEVEL 11,New Construction,Inpatient Obstetric 3,IP3,,,,5.2 m²,8947,277.132546,441.078431,265.748031,0 W,0.00 W/m²,0 W,0.00 W/m²,28.6 m²,By Space Type,0,By Space Type,0.0,0.0,0.0,-2000160,"CEILING: plasterboard, water resistant, drop-in tiles, prefinished, 600 x 1200",,,0,-1,3.4,11.06.2026,CLTI-014,,FLVY-009,,FLSK-010,WLFI-011.07,Patient Areas,,WBH.IP3.01.038,112735,21/07/2026,ENS-ST-A,5,,Refer to AusHFG ENS-ST-A1,,SC,By Type,"FLOOR FINISH: vinyl, seamless, coved, wet area, non-slip",,By Space Type,3KcEoxkfL1NAMjyK0T_nlO,59 W,Power Density,2700,"Ensuite, Inboard",IP3.11.087,0,Rooms,AROO,Rooms,IP3,5.098160372606491,Architecture,WBH-W-11.087,"Ensuite, Inboard",01,YES,SL_90_10,Room Spaces,1 patient; 1 staff assisting,0,New Construction,20.00%,Power Density,,0,0,SC,73 W,0.0,0 W,10.76 W/m²,0 W,13.99 W/m²,132 W,2700,LEVEL 11,0.0,AR Rooms
2026-08-01 19:58:17,11608888,NWB-ARC-WBH-AR-MOD-0036.rvt : 26 : location Internal,NWB-ARC-WBH-AR-MOD-0036,14341386,d498ecbb-ba95-415c-a5ad-f1401d21cedf-00dad50a,IP3.11.059,"1 Bed Room, Obstetric",LEVEL 11,New Construction,Inpatient Obstetric 3,IP3,,,,17.5 m²,17538,287.729659,449.010673,265.748031,0 W,0.00 W/m²,0 W,0.00 W/m²,28.6 m²,By Space Type,0,By Space Type,0.0,0.0,0.0,-2000160,"CEILING: plasterboard, flush set, suspended, paint, washable",,,0,-1,-2.777778,11.06.2026,CLFS-006,CLGE-001,FLVY-500,,FLSK-010,WLFI-001,Patient Areas,,WBH.IP3.01.010,112707,21/07/2026,1BR-OBS-A,18,,NWB-ARC-WBH-AR-RLS-IP1.01.085,,PS,By Type,"FLOOR FINISH: vinyl, seamless, coved, standard slip resistant, feature",Refer to Typical Room,By Space Type,3KcEoxkfL1NAMjyK0T_nlL,59 W,Power Density,2700,"1 Bed Room, Obstetric",IP3.11.059,0,Rooms,AROO,Rooms,IP3,43.463874758787796,Architecture,WBH-W-11.059,"1 Bed Room, Obstetric",01,YES,SL_90_10,Room Spaces,1 patient; 1-2 staff; 1-2 visitors,0,New Construction,20.00%,Power Density,,0,0,PS-1BR-OBS-A,73 W,0.0,0 W,10.76 W/m²,0 W,13.99 W/m²,132 W,2700,LEVEL 11,0.0,AR Rooms
2026-08-01 19:58:17,11608888,NWB-ARC-WBH-AR-MOD-0036.rvt : 26 : location Internal,NWB-ARC-WBH-AR-MOD-0036,14341389,d498ecbb-ba95-415c-a5ad-f1401d21cedf-00dad50d,IP3.11.088,"Ensuite, Inboard",LEVEL 11,New Construction,Inpatient Obstetric 3,IP3,,,,5.2 m²,8945,284.547244,441.065308,265.748031,0 W,0.00 W/m²,0 W,0.00 W/m²,28.6 m²,By Space Type,0,By Space Type,0.0,0.0,0.0,-2000160,"CEILING: plasterboard, water resistant, drop-in tiles, prefinished, 600 x 1200",,,0,-1,3.4,11.06.2026,CLTI-014,,FLVY-009,,FLSK-010,WLFI-011.07,Patient Areas,,WBH.IP3.01.039,112736,21/07/2026,ENS-ST-A,5,,Refer to AusHFG ENS-ST-A1,,SC,By Type,"FLOOR FINISH: vinyl, seamless, coved, wet area, non-slip",,By Space Type,3KcEoxkfL1NAMjyK0T_nlI,59 W,Power Density,2700,"Ensuite, Inboard",IP3.11.088,0,Rooms,AROO,Rooms,IP3,5.098160372602984,Architecture,WBH-W-11.088,"Ensuite, Inboard",01,YES,SL_90_10,Room Spaces,1 patient; 1 staff assisting,0,New Construction,20.00%,Power Density,,0,0,SC,73 W,0.0,0 W,10.76 W/m²,0 W,13.99 W/m²,132 W,2700,LEVEL 11,0.0,AR Rooms
2026-08-01 19:58:17,11608888,NWB-ARC-WBH-AR-MOD-0036.rvt : 26 : location Internal,NWB-ARC-WBH-AR-MOD-0036,14341395,d498ecbb-ba95-415c-a5ad-f1401d21cedf-00dad513,IP3.11.060,"1 Bed Room, Obstetric",LEVEL 11,New Construction,Inpatient Obstetric 3,IP3,,,,17.5 m²,17538,315.288714,449.010673,265.748031,0 W,0.00 W/m²,0 W,0.00 W/m²,28.6 m²,By Space Type,0,By Space Type,0.0,0.0,0.0,-2000160,"CEILING: plasterboard, flush set, suspended, paint, washable",,,0,-1,-2.777778,11.06.2026,CLFS-006,CLGE-001,FLVY-500,,FLSK-010,WLFI-001,Patient Areas,,WBH.IP3.01.011,112708,21/07/2026,1BR-OBS-A,18,,NWB-ARC-WBH-AR-RLS-IP1.01.085,,PS,By Type,"FLOOR FINISH: vinyl, seamless, coved, standard slip resistant, feature",Refer to Typical Room,By Space Type,3KcEoxkfL1NAMjyK0T_nlC,59 W,Power Density,2700,"1 Bed Room, Obstetric",IP3.11.060,0,Rooms,AROO,Rooms,IP3,17.881850258773262,Architecture,WBH-W-11.060,"1 Bed Room, Obstetric",01,YES,SL_90_10,Room Spaces,1 patient; 1-2 staff; 1-2 visitors,0,New Construction,20.00%,Power Density,,0,0,PS-1BR-OBS-A,73 W,0.0,0 W,10.76 W/m²,0 W,13.99 W/m²,132 W,2700,LEVEL 11,0.0,AR Rooms
2026-08-01 19:58:17,11608888,NWB-ARC-WBH-AR-MOD-0036.rvt : 26 : location Internal,NWB-ARC-WBH-AR-MOD-0036,14341398,d498ecbb-ba95-415c-a5ad-f1401d21cedf-00dad516,IP3.11.089,"Ensuite, Inboard",LEVEL 11,New Construction,Inpatient Obstetric 3,IP3,,,,5.2 m²,8945,312.106299,441.065308,265.748031,0 W,0.00 W/m²,0 W,0.00 W/m²,28.6 m²,By Space Type,0,By Space Type,0.0,0.0,0.0,-2000160,"CEILING: plasterboard, water resistant, drop-in tiles, prefinished, 600 x 1200",,,0,-1,3.4,11.06.2026,CLTI-014,,FLVY-009,,FLSK-010,WLFI-011.07,Patient Areas,,WBH.IP3.01.040,112737,21/07/2026,ENS-ST-A,5,,Refer to AusHFG ENS-ST-A1,,SC,By Type,"FLOOR FINISH: vinyl, seamless, coved, wet area, non-slip",,By Space Type,3KcEoxkfL1NAMjyK0T_nl9,59 W,Power Density,2700,"Ensuite, Inboard",IP3.11.089,0,Rooms,AROO,Rooms,IP3,5.0981603726065226,Architecture,WBH-W-11.089,"Ensuite, Inboard",01,YES,SL_90_10,Room Spaces,1 patient; 1 staff assisting,0,New Construction,20.00%,Power Density,,0,0,SC,73 W,0.0,0 W,10.76 W/m²,0 W,13.99 W/m²,132 W,2700,LEVEL 11,0.0,AR Rooms
2026-08-01 19:58:17,11608888,NWB-ARC-WBH-AR-MOD-0036.rvt : 26 : location Internal,NWB-ARC-WBH-AR-MOD-0036,14341401,d498ecbb-ba95-415c-a5ad-f1401d21cedf-00dad519,IP3.11.090,"Ensuite, Inboard",LEVEL 11,New Construction,Inpatient Obstetric 3,IP3,,,,4.9 m²,8724,332.250656,441.078431,265.748031,0 W,0.00 W/m²,0 W,0.00 W/m²,28.6 m²,By Space Type,0,By Space Type,0.0,0.0,0.0,-2000160,"CEILING: plasterboard, water resistant, drop-in tiles, prefinished, 600 x 1200",,,0,-1,-2.2,11.06.2026,CLTI-014,,FLVY-009,,FLSK-010,WLFI-011.07,Patient Areas,,WBH.IP3.01.041,112738,21/07/2026,ENS-ST-A,5,,Refer to AusHFG ENS-ST-A1,,SC,By Type,"FLOOR FINISH: vinyl, seamless, coved, wet area, non-slip",,By Space Type,3KcEoxkfL1NAMjyK0T_nl6,59 W,Power Density,2700,"Ensuite, Inboard",IP3.11.090,0,Rooms,AROO,Rooms,IP3,5.098160372603005,Architecture,WBH-W-11.090,"Ensuite, Inboard",01,YES,SL_90_10,Room Spaces,1 patient; 1 staff assisting,0,New Construction,20.00%,Power Density,,0,0,SC,73 W,0.0,0 W,10.76 W/m²,0 W,13.99 W/m²,132 W,2700,LEVEL 11,0.0,AR Rooms
2026-08-01 19:58:17,11608888,NWB-ARC-WBH-AR-MOD-0036.rvt : 26 : location Internal,NWB-ARC-WBH-AR-MOD-0036,14341404,d498ecbb-ba95-415c-a5ad-f1401d21cedf-00dad51c,IP3.11.061,"1 Bed Room, Obstetric",LEVEL 11,New Construction,Inpatient Obstetric 3,IP3,,,,17.5 m²,17527,329.068241,449.010673,265.748031,0 W,0.00 W/m²,0 W,0.00 W/m²,28.6 m²,By Space Type,0,By Space Type,0.0,0.0,0.0,-2000160,"CEILING: plasterboard, flush set, suspended, paint, washable",,,0,-1,-2.888889,11.06.2026,CLFS-006,CLGE-001,FLVY-500,,FLSK-010,WLFI-001,Patient Areas,,WBH.IP3.01.012,112709,21/07/2026,1BR-OBS-A,18,,NWB-ARC-WBH-AR-RLS-IP1.01.085,,PS,By Type,"FLOOR FINISH: vinyl, seamless, coved, standard slip resistant, feature",Refer to Typical Room,By Space Type,3KcEoxkfL1NAMjyK0T_nl3,59 W,Power Density,2700,"1 Bed Room, Obstetric",IP3.11.061,0,Rooms,AROO,Rooms,IP3,17.881850258802572,Architecture,WBH-W-11.061,"1 Bed Room, Obstetric",01,YES,SL_90_10,Room Spaces,1 patient; 1-2 staff; 1-2 visitors,0,New Construction,20.00%,Power Density,,0,0,PS-1BR-OBS-A,73 W,0.0,0 W,10.76 W/m²,0 W,13.99 W/m²,132 W,2700,LEVEL 11,0.0,AR Rooms
2026-08-01 19:58:17,11608888,NWB-ARC-WBH-AR-MOD-0036.rvt : 26 : location Internal,NWB-ARC-WBH-AR-MOD-0036,14341407,d498ecbb-ba95-415c-a5ad-f1401d21cedf-00dad51f,IP3.11.062,"1 Bed Room, Obstetric",LEVEL 11,New Construction,Inpatient Obstetric 3,IP3,,,,17.5 m²,17538,342.847769,449.010673,265.748031,0 W,0.00 W/m²,0 W,0.00 W/m²,28.6 m²,By Space Type,0,By Space Type,0.0,0.0,0.0,-2000160,"CEILING: plasterboard, flush set, suspended, paint, washable",,,0,-1,-2.777778,11.06.2026,CLFS-006,CLGE-001,FLVY-500,,FLSK-010,WLFI-001,Patient Areas,,WBH.IP3.01.013,112710,21/07/2026,1BR-OBS-A,18,,NWB-ARC-WBH-AR-RLS-IP1.01.085,,PS,By Type,"FLOOR FINISH: vinyl, seamless, coved, standard slip resistant, feature",Refer to Typical Room,By Space Type,3KcEoxkfL1NAMjyK0T_nl0,59 W,Power Density,2700,"1 Bed Room, Obstetric",IP3.11.062,0,Rooms,AROO,Rooms,IP3,17.881850258767983,Architecture,WBH-W-11.062,"1 Bed Room, Obstetric",01,YES,SL_90_10,Room Spaces,1 patient; 1-2 staff; 1-2 visitors,0,New Construction,20.00%,Power Density,,0,0,PS-1BR-OBS-A,73 W,0.0,0 W,10.76 W/m²,0 W,13.99 W/m²,132 W,2700,LEVEL 11,0.0,AR Rooms
2026-08-01 19:58:17,11608888,NWB-ARC-WBH-AR-MOD-0036.rvt : 26 : location Internal,NWB-ARC-WBH-AR-MOD-0036,14341410,d498ecbb-ba95-415c-a5ad-f1401d21cedf-00dad522,IP3.11.091,"Ensuite, Inboard",LEVEL 11,New Construction,Inpatient Obstetric 3,IP3,,,,4.9 m²,8722,339.665354,441.065308,265.748031,0 W,0.00 W/m²,0 W,0.00 W/m²,28.6 m²,By Space Type,0,By Space Type,0.0,0.0,0.0,-2000160,"CEILING: plasterboard, water resistant, drop-in tiles, prefinished, 600 x 1200",,,0,-1,-2.2,11.06.2026,CLTI-014,,FLVY-009,,FLSK-010,WLFI-011.07,Patient Areas,,WBH.IP3.01.042,112739,21/07/2026,ENS-ST-A,5,,Refer to AusHFG ENS-ST-A1,,SC,By Type,"FLOOR FINISH: vinyl, seamless, coved, wet area, non-slip",,By Space Type,3KcEoxkfL1NAMjyK0T_nlz,59 W,Power Density,2700,"Ensuite, Inboard",IP3.11.091,0,Rooms,AROO,Rooms,IP3,5.098160372606512,Architecture,WBH-W-11.091,"Ensuite, Inboard",01,YES,SL_90_10,Room Spaces,1 patient; 1 staff assisting,0,New Construction,20.00%,Power Density,,0,0,SC,73 W,0.0,0 W,10.76 W/m²,0 W,13.99 W/m²,132 W,2700,LEVEL 11,0.0,AR Rooms
2026-08-01 19:58:17,11608888,NWB-ARC-WBH-AR-MOD-0036.rvt : 26 : location Internal,NWB-ARC-WBH-AR-MOD-0036,14341413,d498ecbb-ba95-415c-a5ad-f1401d21cedf-00dad525,IP3.11.092,"Ensuite, Inboard",LEVEL 11,New Construction,Inpatient Obstetric 3,IP3,,,,5.2 m²,8947,359.809711,441.078431,265.748031,0 W,0.00 W/m²,0 W,0.00 W/m²,28.6 m²,By Space Type,0,By Space Type,0.0,0.0,0.0,-2000160,"CEILING: plasterboard, water resistant, drop-in tiles, prefinished, 600 x 1200",,,0,-1,3.4,11.06.2026,CLTI-014,,FLVY-009,,FLSK-010,WLFI-011.07,Patient Areas,,WBH.IP3.01.043,112740,21/07/2026,ENS-ST-A,5,,Refer to AusHFG ENS-ST-A1,,SC,By Type,"FLOOR FINISH: vinyl, seamless, coved, wet area, non-slip",,By Space Type,3KcEoxkfL1NAMjyK0T_nlw,59 W,Power Density,2700,"Ensuite, Inboard",IP3.11.092,0,Rooms,AROO,Rooms,IP3,5.098160372602964,Architecture,WBH-W-11.092,"Ensuite, Inboard",01,YES,SL_90_10,Room Spaces,1 patient; 1 staff assisting,0,New Construction,20.00%,Power Density,,0,0,SC,73 W,0.0,0 W,10.76 W/m²,0 W,13.99 W/m²,132 W,2700,LEVEL 11,0.0,AR Rooms
2026-08-01 19:58:17,11608888,NWB-ARC-WBH-AR-MOD-0036.rvt : 26 : location Internal,NWB-ARC-WBH-AR-MOD-0036,14341416,d498ecbb-ba95-415c-a5ad-f1401d21cedf-00dad528,IP3.11.063,"1 Bed Room, Obstetric",LEVEL 11,New Construction,Inpatient Obstetric 3,IP3,,,,17.5 m²,17527,356.627297,449.010673,265.748031,0 W,0.00 W/m²,0 W,0.00 W/m²,28.6 m²,By Space Type,0,By Space Type,0.0,0.0,0.0,-2000160,"CEILING: plasterboard, flush set, suspended, paint, washable",,,0,-1,-2.888889,11.06.2026,CLFS-006,CLGE-001,FLVY-500,,FLSK-010,WLFI-001,Patient Areas,,WBH.IP3.01.014,112711,21/07/2026,1BR-OBS-A,18,,NWB-ARC-WBH-AR-RLS-IP1.01.085,,PS,By Type,"FLOOR FINISH: vinyl, seamless, coved, standard slip resistant, feature",Refer to Typical Room,By Space Type,3KcEoxkfL1NAMjyK0T_nlt,59 W,Power Density,2700,"1 Bed Room, Obstetric",IP3.11.063,0,Rooms,AROO,Rooms,IP3,17.881850258808814,Architecture,WBH-W-11.063,"1 Bed Room, Obstetric",01,YES,SL_90_10,Room Spaces,1 patient; 1-2 staff; 1-2 visitors,0,New Construction,20.00%,Power Density,,0,0,PS-1BR-OBS-A,73 W,0.0,0 W,10.76 W/m²,0 W,13.99 W/m²,132 W,2700,LEVEL 11,0.0,AR Rooms
2026-08-01 19:58:17,11608888,NWB-ARC-WBH-AR-MOD-0036.rvt : 26 : location Internal,NWB-ARC-WBH-AR-MOD-0036,14341419,d498ecbb-ba95-415c-a5ad-f1401d21cedf-00dad52b,IP3.11.064,"1 Bed Room, Obstetric",LEVEL 11,New Construction,Inpatient Obstetric 3,IP3,,,,17.5 m²,17538,370.406824,449.010673,265.748031,0 W,0.00 W/m²,0 W,0.00 W/m²,28.6 m²,By Space Type,0,By Space Type,0.0,0.0,0.0,-2000160,"CEILING: plasterboard, flush set, suspended, paint, washable",,,0,-1,-2.777778,11.06.2026,CLFS-006,CLGE-001,FLVY-500,,FLSK-010,WLFI-001,Patient Areas,,WBH.IP3.01.015,112712,21/07/2026,1BR-OBS-A,18,,NWB-ARC-WBH-AR-RLS-IP1.01.085,,PS,By Type,"FLOOR FINISH: vinyl, seamless, coved, standard slip resistant, feature",Refer to Typical Room,By Space Type,3KcEoxkfL1NAMjyK0T_nlq,59 W,Power Density,2700,"1 Bed Room, Obstetric",IP3.11.064,0,Rooms,AROO,Rooms,IP3,17.88185025876568,Architecture,WBH-W-11.064,"1 Bed Room, Obstetric",01,YES,SL_90_10,Room Spaces,1 patient; 1-2 staff; 1-2 visitors,0,New Construction,20.00%,Power Density,,0,0,PS-1BR-OBS-A,73 W,0.0,0 W,10.76 W/m²,0 W,13.99 W/m²,132 W,2700,LEVEL 11,0.0,AR Rooms
2026-08-01 19:58:17,11608888,NWB-ARC-WBH-AR-MOD-0036.rvt : 26 : location Internal,NWB-ARC-WBH-AR-MOD-0036,14341422,d498ecbb-ba95-415c-a5ad-f1401d21cedf-00dad52e,IP3.11.093,"Ensuite, Inboard",LEVEL 11,New Construction,Inpatient Obstetric 3,IP3,,,,5.2 m²,8945,367.224409,441.065308,265.748031,0 W,0.00 W/m²,0 W,0.00 W/m²,28.6 m²,By Space Type,0,By Space Type,0.0,0.0,0.0,-2000160,"CEILING: plasterboard, water resistant, drop-in tiles, prefinished, 600 x 1200",,,0,-1,3.4,11.06.2026,CLTI-014,,FLVY-009,,FLSK-010,WLFI-011.07,Patient Areas,,WBH.IP3.01.044,112741,21/07/2026,ENS-ST-A,5,,Refer to AusHFG ENS-ST-A1,,SC,By Type,"FLOOR FINISH: vinyl, seamless, coved, wet area, non-slip",,By Space Type,3KcEoxkfL1NAMjyK0T_nln,59 W,Power Density,2700,"Ensuite, Inboard",IP3.11.093,0,Rooms,AROO,Rooms,IP3,5.0981603726065545,Architecture,WBH-W-11.093,"Ensuite, Inboard",01,YES,SL_90_10,Room Spaces,1 patient; 1 staff assisting,0,New Construction,20.00%,Power Density,,0,0,SC,73 W,0.0,0 W,10.76 W/m²,0 W,13.99 W/m²,132 W,2700,LEVEL 11,0.0,AR Rooms
2026-08-01 19:58:17,11608888,NWB-ARC-WBH-AR-MOD-0036.rvt : 26 : location Internal,NWB-ARC-WBH-AR-MOD-0036,14341425,d498ecbb-ba95-415c-a5ad-f1401d21cedf-00dad531,IP3.11.065,"1 Bed Room, Obstetric",LEVEL 11,New Construction,Inpatient Obstetric 3,IP3,,,,17.5 m²,17527,384.186352,449.010673,265.748031,0 W,0.00 W/m²,0 W,0.00 W/m²,28.6 m²,By Space Type,0,By Space Type,0.0,0.0,0.0,-2000160,"CEILING: plasterboard, flush set, suspended, paint, washable",,,0,-1,-2.888889,11.06.2026,CLFS-006,CLGE-001,FLVY-500,,FLSK-010,WLFI-001,Patient Areas,,WBH.IP3.01.016,112713,21/07/2026,1BR-OBS-A,18,,NWB-ARC-WBH-AR-RLS-IP1.01.085,,PS,By Type,"FLOOR FINISH: vinyl, seamless, coved, standard slip resistant, feature",Refer to Typical Room,By Space Type,3KcEoxkfL1NAMjyK0T_nlk,59 W,Power Density,2700,"1 Bed Room, Obstetric",IP3.11.065,0,Rooms,AROO,Rooms,IP3,17.881850258806438,Architecture,WBH-W-11.065,"1 Bed Room, Obstetric",01,YES,SL_90_10,Room Spaces,1 patient; 1-2 staff; 1-2 visitors,0,New Construction,20.00%,Power Density,,0,0,PS-1BR-OBS-A,73 W,0.0,0 W,10.76 W/m²,0 W,13.99 W/m²,132 W,2700,LEVEL 11,0.0,AR Rooms
2026-08-01 19:58:17,11608888,NWB-ARC-WBH-AR-MOD-0036.rvt : 26 : location Internal,NWB-ARC-WBH-AR-MOD-0036,14341428,d498ecbb-ba95-415c-a5ad-f1401d21cedf-00dad534,IP3.11.094,"Ensuite, Inboard",LEVEL 11,New Construction,Inpatient Obstetric 3,IP3,,,,4.9 m²,8704,387.368766,441.078431,265.748031,0 W,0.00 W/m²,0 W,0.00 W/m²,28.6 m²,By Space Type,0,By Space Type,0.0,0.0,0.0,-2000160,"CEILING: plasterboard, water resistant, drop-in tiles, prefinished, 600 x 1200",,,0,-1,-2.6,11.06.2026,CLTI-014,,FLVY-009,,FLSK-010,WLFI-011.07,Patient Areas,,WBH.IP3.01.045,112742,21/07/2026,ENS-ST-A,5,,Refer to AusHFG ENS-ST-A1,,SC,By Type,"FLOOR FINISH: vinyl, seamless, coved, wet area, non-slip",,By Space Type,3KcEoxkfL1NAMjyK0T_nlh,59 W,Power Density,2700,"Ensuite, Inboard",IP3.11.094,0,Rooms,AROO,Rooms,IP3,5.098160372605276,Architecture,WBH-W-11.094,"Ensuite, Inboard",01,YES,SL_90_10,Room Spaces,1 patient; 1 staff assisting,0,New Construction,20.00%,Power Density,,0,0,SC,73 W,0.0,0 W,10.76 W/m²,0 W,13.99 W/m²,132 W,2700,LEVEL 11,0.0,AR Rooms
2026-08-01 19:58:17,11608888,NWB-ARC-WBH-AR-MOD-0036.rvt : 26 : location Internal,NWB-ARC-WBH-AR-MOD-0036,14341431,d498ecbb-ba95-415c-a5ad-f1401d21cedf-00dad537,IP3.11.107,"Ensuite, Bariatric, Super",LEVEL 11,New Construction,Inpatient Obstetric 3,IP3,,,,9.4 m²,13308,398.487533,453.589085,265.748031,0 W,0.00 W/m²,0 W,0.00 W/m²,28.6 m²,By Space Type,0,By Space Type,0.0,0.0,0.0,-2000160,"CEILING: plasterboard, water resistant, drop-in tiles, prefinished, 600 x 1200",,,0,-1,4.222222,11.06.2026,CLTI-014,,FLVY-009,,FLSK-010,WLFI-001,Patient Areas,,WBH.IP3.01.058,112755,21/07/2026,ENS-BA-S,9,,NWB-ARC-WBH-AR-RLS-DR-ENS-BA-9-IPG,,DR,By Type,"FLOOR FINISH: vinyl, seamless, coved, wet area, non-slip",Refer to Typical Room,By Space Type,3KcEoxkfL1NAMjyK0T_nle,59 W,Power Density,2700,"Ensuite, Bariatric, Super",IP3.11.107,0,Rooms,AROO,Rooms,IP3,9.388583749978137,Architecture,WBH-W-11.107,"Ensuite, Bariatric, Super",01,YES,SL_90_10,Room Spaces,1 patient; 1-2 staff assisting,0,New Construction,20.00%,Power Density,,0,0,DR,73 W,0.0,0 W,10.76 W/m²,0 W,13.99 W/m²,132 W,2700,LEVEL 11,0.0,AR Rooms
2026-08-01 19:58:17,11608888,NWB-ARC-WBH-AR-MOD-0036.rvt : 26 : location Internal,NWB-ARC-WBH-AR-MOD-0036,14341434,d498ecbb-ba95-415c-a5ad-f1401d21cedf-00dad53a,IP3.11.077,"1 Bed Room, Obstetric - Bariatric, Super",LEVEL 11,New Construction,Inpatient Obstetric 3,IP3,,,,27.7 m²,21487,398.613845,440.114676,265.748031,0 W,0.00 W/m²,0 W,0.00 W/m²,28.6 m²,By Space Type,0,By Space Type,0.0,0.0,0.0,-2000160,"CEILING: plasterboard, flush set, suspended, paint, washable",,,0,-1,38.3,11.06.2026,CLFS-006,CLGE-001,FLVY-500,,FLSK-010,WLFI-001,Patient Areas,,WBH.IP3.01.028,112725,21/07/2026,1BR-OBS-B-S,20,,NWB-ARC-WBH-AR-RLS-IP3.01.028,,DR,By Type,"FLOOR FINISH: vinyl, seamless, coved, standard slip resistant, feature",Refer to Typical Room,By Space Type,3KcEoxkfL1NAMjyK0T_nlb,59 W,Power Density,2700,"1 Bed Room, Obstetric - Bariatric, Super",IP3.11.077,0,Rooms,AROO,Rooms,IP3,27.666883750000125,Architecture,WBH-W-11.077,"1 Bed Room, Obstetric - Bariatric, Super",01,YES,SL_90_10,Room Spaces,1 patient; 1-2 staff; 1-2 visitors,0,New Construction,20.00%,Power Density,,Yes,0,DR,73 W,0.0,0 W,10.76 W/m²,0 W,13.99 W/m²,132 W,2700,LEVEL 11,0.0,AR Rooms
2026-08-01 19:58:17,11608888,NWB-ARC-WBH-AR-MOD-0036.rvt : 26 : location Internal,NWB-ARC-WBH-AR-MOD-0036,14341443,d498ecbb-ba95-415c-a5ad-f1401d21cedf-00dad543,IP3.11.075,"1 Bed Room, Obstetric - Bariatric",LEVEL 11,New Construction,Inpatient Obstetric 3,IP3,,,,19.0 m²,17802,398.508858,398.639938,265.748031,0 W,0.00 W/m²,0 W,0.00 W/m²,28.6 m²,By Space Type,0,By Space Type,0.0,0.0,0.0,-2000160,"CEILING: plasterboard, flush set, suspended, paint, washable",,,0,-1,5.777778,11.06.2026,CLFS-006,CLGE-001,FLVY-500,,FLSK-010,WLFI-001,Patient Areas,,WBH.IP3.01.026,112723,21/07/2026,1BR-OBS-B,18,,NWB-ARC-WBH-AR-RLS-IP1.01.024,,PS,By Type,"FLOOR FINISH: vinyl, seamless, coved, standard slip resistant, feature",Refer to Typical Room,By Space Type,3KcEoxkfL1NAMjyK0T_nkS,59 W,Power Density,2700,"1 Bed Room, Obstetric - Bariatric",IP3.11.075,0,Rooms,AROO,Rooms,IP3,18.929443250001082,Architecture,WBH-W-11.075,"1 Bed Room, Obstetric - Bariatric",01,YES,SL_90_10,Room Spaces,1 patient; 1-2 staff; 1-2 visitors,0,New Construction,20.00%,Power Density,,0,0,PS-1BR-OBS-B,73 W,0.0,0 W,10.76 W/m²,0 W,13.99 W/m²,132 W,2700,LEVEL 11,0.0,AR Rooms
2026-08-01 19:58:17,11608888,NWB-ARC-WBH-AR-MOD-0036.rvt : 26 : location Internal,NWB-ARC-WBH-AR-MOD-0036,14341446,d498ecbb-ba95-415c-a5ad-f1401d21cedf-00dad546,IP3.11.105,"Ensuite, Bariatric",LEVEL 11,New Construction,Inpatient Obstetric 3,IP3,,,,8.5 m²,12908,398.356299,388.526749,265.748031,0 W,0.00 W/m²,0 W,0.00 W/m²,28.6 m²,By Space Type,0,By Space Type,0.0,0.0,0.0,-2000160,"CEILING: plasterboard, water resistant, drop-in tiles, prefinished, 600 x 1200",,,0,-1,22,11.06.2026,CLTI-014,,FLVY-009,,FLSK-010,WLFI-001,Patient Areas,,WBH.IP3.01.056,112753,21/07/2026,ENS-BA,7,,Refer to AusHFG ENS-BA,,SC,By Type,"FLOOR FINISH: vinyl, seamless, coved, wet area, non-slip",,By Space Type,3KcEoxkfL1NAMjyK0T_nkP,59 W,Power Density,2700,"Ensuite, Bariatric",IP3.11.105,0,Rooms,AROO,Rooms,IP3,8.442954249993413,Architecture,WBH-W-11.105,"Ensuite, Bariatric",01,YES,SL_90_10,Room Spaces,1 patient; 1-2 staff assisting,0,New Construction,20.00%,Power Density,,0,0,SC,73 W,0.0,0 W,10.76 W/m²,0 W,13.99 W/m²,132 W,2700,LEVEL 11,0.0,AR Rooms
2026-08-01 19:58:17,11608888,NWB-ARC-WBH-AR-MOD-0036.rvt : 26 : location Internal,NWB-ARC-WBH-AR-MOD-0036,14341449,d498ecbb-ba95-415c-a5ad-f1401d21cedf-00dad549,IP3.11.095,"Ensuite, Inboard",LEVEL 11,New Construction,Inpatient Obstetric 3,IP3,,,,4.9 m²,8707,387.626312,401.602537,265.748031,0 W,0.00 W/m²,0 W,0.00 W/m²,28.6 m²,By Space Type,0,By Space Type,0.0,0.0,0.0,-2000160,"CEILING: plasterboard, water resistant, drop-in tiles, prefinished, 600 x 1200",,,0,-1,-2.6,11.06.2026,CLTI-014,,FLVY-009,,FLSK-010,WLFI-011.07,Patient Areas,,WBH.IP3.01.046,112743,21/07/2026,ENS-ST-A,5,,Refer to AusHFG ENS-ST-A1,,SC,By Type,"FLOOR FINISH: vinyl, seamless, coved, wet area, non-slip",,By Space Type,3KcEoxkfL1NAMjyK0T_nkM,59 W,Power Density,2700,"Ensuite, Inboard",IP3.11.095,0,Rooms,AROO,Rooms,IP3,5.098160372600915,Architecture,WBH-W-11.095,"Ensuite, Inboard",01,YES,SL_90_10,Room Spaces,1 patient; 1 staff assisting,0,New Construction,20.00%,Power Density,,0,0,SC,73 W,0.0,0 W,10.76 W/m²,0 W,13.99 W/m²,132 W,2700,LEVEL 11,0.0,AR Rooms
2026-08-01 19:58:17,11608888,NWB-ARC-WBH-AR-MOD-0036.rvt : 26 : location Internal,NWB-ARC-WBH-AR-MOD-0036,14341452,d498ecbb-ba95-415c-a5ad-f1401d21cedf-00dad54c,IP3.11.066,"1 Bed Room, Obstetric",LEVEL 11,New Construction,Inpatient Obstetric 3,IP3,,,,17.5 m²,17543,384.186352,393.433245,265.748031,0 W,0.00 W/m²,0 W,0.00 W/m²,28.6 m²,By Space Type,0,By Space Type,0.0,0.0,0.0,-2000160,"CEILING: plasterboard, flush set, suspended, paint, washable",,,0,-1,-2.833333,11.06.2026,CLFS-006,CLGE-001,FLVY-500,,FLSK-010,WLFI-001,Patient Areas,,WBH.IP3.01.017,112714,21/07/2026,1BR-OBS-A,18,,NWB-ARC-WBH-AR-RLS-IP1.01.085,,PS,By Type,"FLOOR FINISH: vinyl, seamless, coved, standard slip resistant, feature",Refer to Typical Room,By Space Type,3KcEoxkfL1NAMjyK0T_nkJ,59 W,Power Density,2700,"1 Bed Room, Obstetric",IP3.11.066,0,Rooms,AROO,Rooms,IP3,17.923727258800998,Architecture,WBH-W-11.066,"1 Bed Room, Obstetric",01,YES,SL_90_10,Room Spaces,1 patient; 1-2 staff; 1-2 visitors,0,New Construction,20.00%,Power Density,,0,0,PS-1BR-OBS-A,73 W,0.0,0 W,10.76 W/m²,0 W,13.99 W/m²,132 W,2700,LEVEL 11,0.0,AR Rooms
2026-08-01 19:58:17,11608888,NWB-ARC-WBH-AR-MOD-0036.rvt : 26 : location Internal,NWB-ARC-WBH-AR-MOD-0036,14341455,d498ecbb-ba95-415c-a5ad-f1401d21cedf-00dad54f,IP3.11.067,"1 Bed Room, Obstetric",LEVEL 11,New Construction,Inpatient Obstetric 3,IP3,,,,17.5 m²,17527,370.406824,393.433245,265.748031,0 W,0.00 W/m²,0 W,0.00 W/m²,28.6 m²,By Space Type,0,By Space Type,0.0,0.0,0.0,-2000160,"CEILING: plasterboard, flush set, suspended, paint, washable",,,0,-1,-2.888889,11.06.2026,CLFS-006,CLGE-001,FLVY-500,,FLSK-010,WLFI-001,Patient Areas,,WBH.IP3.01.018,112715,21/07/2026,1BR-OBS-A,18,,NWB-ARC-WBH-AR-RLS-IP1.01.085,,PS,By Type,"FLOOR FINISH: vinyl, seamless, coved, standard slip resistant, feature",Refer to Typical Room,By Space Type,3KcEoxkfL1NAMjyK0T_nkG,59 W,Power Density,2700,"1 Bed Room, Obstetric",IP3.11.067,0,Rooms,AROO,Rooms,IP3,17.923727258774374,Architecture,WBH-W-11.067,"1 Bed Room, Obstetric",01,YES,SL_90_10,Room Spaces,1 patient; 1-2 staff; 1-2 visitors,0,New Construction,20.00%,Power Density,,0,0,PS-1BR-OBS-A,73 W,0.0,0 W,10.76 W/m²,0 W,13.99 W/m²,132 W,2700,LEVEL 11,0.0,AR Rooms
2026-08-01 19:58:17,11608888,NWB-ARC-WBH-AR-MOD-0036.rvt : 26 : location Internal,NWB-ARC-WBH-AR-MOD-0036,14341458,d498ecbb-ba95-415c-a5ad-f1401d21cedf-00dad552,IP3.11.096,"Ensuite, Inboard",LEVEL 11,New Construction,Inpatient Obstetric 3,IP3,,,,5.2 m²,8947,367.224409,401.365487,265.748031,0 W,0.00 W/m²,0 W,0.00 W/m²,28.6 m²,By Space Type,0,By Space Type,0.0,0.0,0.0,-2000160,"CEILING: plasterboard, water resistant, drop-in tiles, prefinished, 600 x 1200",,,0,-1,3.4,11.06.2026,CLTI-014,,FLVY-009,,FLSK-010,WLFI-011.07,Patient Areas,,WBH.IP3.01.047,112744,21/07/2026,ENS-ST-A,5,,Refer to AusHFG ENS-ST-A1,,SC,By Type,"FLOOR FINISH: vinyl, seamless, coved, wet area, non-slip",,By Space Type,3KcEoxkfL1NAMjyK0T_nkD,59 W,Power Density,2700,"Ensuite, Inboard",IP3.11.096,0,Rooms,AROO,Rooms,IP3,5.098160372602098,Architecture,WBH-W-11.096,"Ensuite, Inboard",01,YES,SL_90_10,Room Spaces,1 patient; 1 staff assisting,0,New Construction,20.00%,Power Density,,0,0,SC,73 W,0.0,0 W,10.76 W/m²,0 W,13.99 W/m²,132 W,2700,LEVEL 11,0.0,AR Rooms
2026-08-01 19:58:17,11608888,NWB-ARC-WBH-AR-MOD-0036.rvt : 26 : location Internal,NWB-ARC-WBH-AR-MOD-0036,14341461,d498ecbb-ba95-415c-a5ad-f1401d21cedf-00dad555,IP3.11.097,"Ensuite, Inboard",LEVEL 11,New Construction,Inpatient Obstetric 3,IP3,,,,5.2 m²,8949,359.809711,401.352364,265.748031,0 W,0.00 W/m²,0 W,0.00 W/m²,28.6 m²,By Space Type,0,By Space Type,0.0,0.0,0.0,-2000160,"CEILING: plasterboard, water resistant, drop-in tiles, prefinished, 600 x 1200",,,0,-1,3.6,11.06.2026,CLTI-014,,FLVY-009,,FLSK-010,WLFI-011.07,Patient Areas,,WBH.IP3.01.048,112745,21/07/2026,ENS-ST-A,5,,Refer to AusHFG ENS-ST-A1,,SC,By Type,"FLOOR FINISH: vinyl, seamless, coved, wet area, non-slip",,By Space Type,3KcEoxkfL1NAMjyK0T_nkA,59 W,Power Density,2700,"Ensuite, Inboard",IP3.11.097,0,Rooms,AROO,Rooms,IP3,5.09816037260516,Architecture,WBH-W-11.097,"Ensuite, Inboard",01,YES,SL_90_10,Room Spaces,1 patient; 1 staff assisting,0,New Construction,20.00%,Power Density,,0,0,SC,73 W,0.0,0 W,10.76 W/m²,0 W,13.99 W/m²,132 W,2700,LEVEL 11,0.0,AR Rooms
2026-08-01 19:58:17,11608888,NWB-ARC-WBH-AR-MOD-0036.rvt : 26 : location Internal,NWB-ARC-WBH-AR-MOD-0036,14341464,d498ecbb-ba95-415c-a5ad-f1401d21cedf-00dad558,IP3.11.068,"1 Bed Room, Obstetric",LEVEL 11,New Construction,Inpatient Obstetric 3,IP3,,,,17.5 m²,17542,356.627297,393.433245,265.748031,0 W,0.00 W/m²,0 W,0.00 W/m²,28.6 m²,By Space Type,0,By Space Type,0.0,0.0,0.0,-2000160,"CEILING: plasterboard, flush set, suspended, paint, washable",,,0,-1,-2.833333,11.06.2026,CLFS-006,CLGE-001,FLVY-500,,FLSK-010,WLFI-001,Patient Areas,,WBH.IP3.01.019,112716,21/07/2026,1BR-OBS-A,18,,NWB-ARC-WBH-AR-RLS-IP1.01.085,,PS,By Type,"FLOOR FINISH: vinyl, seamless, coved, standard slip resistant, feature",Refer to Typical Room,By Space Type,3KcEoxkfL1NAMjyK0T_nk7,59 W,Power Density,2700,"1 Bed Room, Obstetric",IP3.11.068,0,Rooms,AROO,Rooms,IP3,17.92372725879128,Architecture,WBH-W-11.068,"1 Bed Room, Obstetric",01,YES,SL_90_10,Room Spaces,1 patient; 1-2 staff; 1-2 visitors,0,New Construction,20.00%,Power Density,,0,0,PS-1BR-OBS-A,73 W,0.0,0 W,10.76 W/m²,0 W,13.99 W/m²,132 W,2700,LEVEL 11,0.0,AR Rooms
2026-08-01 19:58:17,11608888,NWB-ARC-WBH-AR-MOD-0036.rvt : 26 : location Internal,NWB-ARC-WBH-AR-MOD-0036,14341467,d498ecbb-ba95-415c-a5ad-f1401d21cedf-00dad55b,IP3.11.069,"1 Bed Room, Obstetric",LEVEL 11,New Construction,Inpatient Obstetric 3,IP3,,,,17.5 m²,17527,342.847769,393.433245,265.748031,0 W,0.00 W/m²,0 W,0.00 W/m²,28.6 m²,By Space Type,0,By Space Type,0.0,0.0,0.0,-2000160,"CEILING: plasterboard, flush set, suspended, paint, washable",,,0,-1,-2.888889,11.06.2026,CLFS-006,CLGE-001,FLVY-500,,FLSK-010,WLFI-001,Patient Areas,,WBH.IP3.01.020,112717,21/07/2026,1BR-OBS-A,18,,NWB-ARC-WBH-AR-RLS-IP1.01.085,,PS,By Type,"FLOOR FINISH: vinyl, seamless, coved, standard slip resistant, feature",Refer to Typical Room,By Space Type,3KcEoxkfL1NAMjyK0T_nk4,59 W,Power Density,2700,"1 Bed Room, Obstetric",IP3.11.069,0,Rooms,AROO,Rooms,IP3,17.923727258778968,Architecture,WBH-W-11.069,"1 Bed Room, Obstetric",01,YES,SL_90_10,Room Spaces,1 patient; 1-2 staff; 1-2 visitors,0,New Construction,20.00%,Power Density,,0,0,PS-1BR-OBS-A,73 W,0.0,0 W,10.76 W/m²,0 W,13.99 W/m²,132 W,2700,LEVEL 11,0.0,AR Rooms
2026-08-01 19:58:17,11608888,NWB-ARC-WBH-AR-MOD-0036.rvt : 26 : location Internal,NWB-ARC-WBH-AR-MOD-0036,14341470,d498ecbb-ba95-415c-a5ad-f1401d21cedf-00dad55e,IP3.11.098,"Ensuite, Inboard",LEVEL 11,New Construction,Inpatient Obstetric 3,IP3,,,,4.9 m²,8704,339.202756,401.602537,265.748031,0 W,0.00 W/m²,0 W,0.00 W/m²,28.6 m²,By Space Type,0,By Space Type,0.0,0.0,0.0,-2000160,"CEILING: plasterboard, water resistant, drop-in tiles, prefinished, 600 x 1200",,,0,-1,-2.6,11.06.2026,CLTI-014,,FLVY-009,,FLSK-010,WLFI-011.07,Patient Areas,,WBH.IP3.01.049,112746,21/07/2026,ENS-ST-A,5,,Refer to AusHFG ENS-ST-A1,,SC,By Type,"FLOOR FINISH: vinyl, seamless, coved, wet area, non-slip",,By Space Type,3KcEoxkfL1NAMjyK0T_nk1,59 W,Power Density,2700,"Ensuite, Inboard",IP3.11.098,0,Rooms,AROO,Rooms,IP3,5.098160372602055,Architecture,WBH-W-11.098,"Ensuite, Inboard",01,YES,SL_90_10,Room Spaces,1 patient; 1 staff assisting,0,New Construction,20.00%,Power Density,,0,0,SC,73 W,0.0,0 W,10.76 W/m²,0 W,13.99 W/m²,132 W,2700,LEVEL 11,0.0,AR Rooms
2026-08-01 19:58:17,11608888,NWB-ARC-WBH-AR-MOD-0036.rvt : 26 : location Internal,NWB-ARC-WBH-AR-MOD-0036,14341473,d498ecbb-ba95-415c-a5ad-f1401d21cedf-00dad561,IP3.11.099,"Ensuite, Inboard",LEVEL 11,New Construction,Inpatient Obstetric 3,IP3,,,,5.1 m²,8905,304.691601,440.841382,265.748031,0 W,0.00 W/m²,0 W,0.00 W/m²,28.6 m²,By Space Type,0,By Space Type,0.0,0.0,0.0,-2000160,"CEILING: plasterboard, water resistant, drop-in tiles, prefinished, 600 x 1200",,,0,-1,2,11.06.2026,CLTI-014,,FLVY-009,,FLSK-010,WLFI-011.07,Patient Areas,,WBH.IP3.01.050,112747,21/07/2026,ENS-ST-A,5,,Refer to AusHFG ENS-ST-A1,,SC,By Type,"FLOOR FINISH: vinyl, seamless, coved, wet area, non-slip",,By Space Type,3KcEoxkfL1NAMjyK0T_nk_,59 W,Power Density,2700,"Ensuite, Inboard",IP3.11.099,0,Rooms,AROO,Rooms,IP3,5.098160372605223,Architecture,WBH-W-11.099,"Ensuite, Inboard",01,YES,SL_90_10,Room Spaces,1 patient; 1 staff assisting,0,New Construction,20.00%,Power Density,,0,0,SC,73 W,0.0,0 W,10.76 W/m²,0 W,13.99 W/m²,132 W,2700,LEVEL 11,0.0,AR Rooms
2026-08-01 19:58:17,11608888,NWB-ARC-WBH-AR-MOD-0036.rvt : 26 : location Internal,NWB-ARC-WBH-AR-MOD-0036,14341476,d498ecbb-ba95-415c-a5ad-f1401d21cedf-00dad564,IP3.11.070,"1 Bed Room, Obstetric",LEVEL 11,New Construction,Inpatient Obstetric 3,IP3,,,,17.5 m²,17406,301.509186,449.010673,265.748031,0 W,0.00 W/m²,0 W,0.00 W/m²,28.6 m²,By Space Type,0,By Space Type,0.0,0.0,0.0,-2000160,"CEILING: plasterboard, flush set, suspended, paint, washable",,,0,-1,-2.5,11.06.2026,CLFS-006,CLGE-001,FLVY-500,,FLSK-010,WLFI-001,Patient Areas,,WBH.IP3.01.021,112718,21/07/2026,1BR-OBS-A,18,,NWB-ARC-WBH-AR-RLS-IP1.01.085,,PS,By Type,"FLOOR FINISH: vinyl, seamless, coved, standard slip resistant, feature",Refer to Typical Room,By Space Type,3KcEoxkfL1NAMjyK0T_nkx,59 W,Power Density,2700,"1 Bed Room, Obstetric",IP3.11.070,0,Rooms,AROO,Rooms,IP3,17.9237272587879,Architecture,WBH-W-11.070,"1 Bed Room, Obstetric",01,YES,SL_90_10,Room Spaces,1 patient; 1-2 staff; 1-2 visitors,0,New Construction,20.00%,Power Density,,0,0,PS-1BR-OBS-A,73 W,0.0,0 W,10.76 W/m²,0 W,13.99 W/m²,132 W,2700,LEVEL 11,0.0,AR Rooms
2026-08-01 19:58:17,11608888,NWB-ARC-WBH-AR-MOD-0036.rvt : 26 : location Internal,NWB-ARC-WBH-AR-MOD-0036,14341479,d498ecbb-ba95-415c-a5ad-f1401d21cedf-00dad567,IP3.11.156,"Toilet, Accessible, 6m2",LEVEL 11,New Construction,Inpatient Obstetric 3,IP3,,,,6.8 m²,10489,316.61199,401.780613,265.748031,0 W,0.00 W/m²,0 W,0.00 W/m²,28.6 m²,By Space Type,0,By Space Type,0.0,0.0,0.0,-2000160,"CEILING: plasterboard, water resistant, drop-in tiles, prefinished, 600 x 1200",,,0,-1,14,11.06.2026,CLTI-014,,FLVY-009,,FLSK-010,WLFI-001,Shared Patient Areas,,WBH.IP3.04.005,112798,21/07/2026,WCAC,6,,Refer to AusHFG WCAC,,SC,By Type,"FLOOR FINISH: vinyl, seamless, coved, wet area, non-slip",,By Space Type,3KcEoxkfL1NAMjyK0T_nku,59 W,Power Density,2700,"Toilet, Accessible, 6m2",IP3.11.156,0,Rooms,AROO,Rooms,IP3,5.88000000000004,Architecture,WBH-W-11.156,"Toilet, Accessible, 6m2",04,YES,SL_90_10,Room Spaces,1,0,New Construction,20.00%,Power Density,,0,0,SC,73 W,0.0,0 W,10.76 W/m²,0 W,13.99 W/m²,132 W,2700,LEVEL 11,0.0,AR Rooms
2026-08-01 19:58:17,11608888,NWB-ARC-WBH-AR-MOD-0036.rvt : 26 : location Internal,NWB-ARC-WBH-AR-MOD-0036,14341482,d498ecbb-ba95-415c-a5ad-f1401d21cedf-00dad56a,IP3.11.111,"Bay - Beverage, Patient/Visitor",LEVEL 11,New Construction,Inpatient Obstetric 3,IP3,,,,2.1 m²,6306,322.972952,398.389883,265.748031,0 W,0.00 W/m²,0 W,0.00 W/m²,28.6 m²,By Space Type,0,By Space Type,0.0,0.0,0.0,-2000160,"CEILING: acoustic, drop-in tiles, 600 x 1200",,,0,-1,6.5,11.06.2026,CLTI-002,,FLVY-007,,FLSK-010,WLFI-001,Patient Areas,,WBH.IP3.01.062,112759,21/07/2026,BBEV-2,2,,NWB-ARC-WBH-AR-RLS-IP1.01.089,,PS,By Type,"FLOOR FINISH: vinyl, seamless, coved, standard slip resistant",Refer to Typical Room,By Space Type,3KcEoxkfL1NAMjyK0T_nkr,59 W,Power Density,2700,"Bay - Beverage, Patient/Visitor",IP3.11.111,0,Rooms,AROO,Rooms,IP3,2.1252000000000004,Architecture,WBH-W-11.111,"Bay - Beverage, Patient/Visitor",01,YES,SL_90_10,Room Spaces,1-2 intermittently,0,New Construction,20.00%,Power Density,,0,0,PS-BBEV-2,73 W,0.0,0 W,10.76 W/m²,0 W,13.99 W/m²,132 W,2700,LEVEL 11,0.0,AR Rooms
2026-08-01 19:58:17,11608888,NWB-ARC-WBH-AR-MOD-0036.rvt : 26 : location Internal,NWB-ARC-WBH-AR-MOD-0036,14341485,d498ecbb-ba95-415c-a5ad-f1401d21cedf-00dad56d,IP3.11.112,Bay - Vending Machine,LEVEL 11,New Construction,Inpatient Obstetric 3,IP3,,,,3.3 m²,7898,334.105677,401.200634,265.748031,0 W,0.00 W/m²,0 W,0.00 W/m²,28.6 m²,By Space Type,0,By Space Type,0.0,0.0,0.0,-2000160,"CEILING: acoustic, drop-in tiles, 600 x 1200",,,0,-1,10.333333,11.06.2026,CLTI-002,,FLVY-007,,FLSK-010,WLFI-001,Patient Areas,,WBH.IP3.01.063,112760,21/07/2026,BVM,3,,NWB-ARC-GEN-AR-RLS-PS-BVM,,PS,By Type,"FLOOR FINISH: vinyl, seamless, coved, standard slip resistant",Refer to Typical Room,By Space Type,3KcEoxkfL1NAMjyK0T_nko,59 W,Power Density,2700,Bay - Vending Machine,IP3.11.112,0,Rooms,AROO,Rooms,IP3,3.0653622500092728,Architecture,WBH-W-11.112,Bay - Vending Machine,01,YES,SL_90_10,Room Spaces,1 - 2 intermittently,0,New Construction,20.00%,Power Density,,0,0,PS-BVM,73 W,0.0,0 W,10.76 W/m²,0 W,13.99 W/m²,132 W,2700,LEVEL 11,0.0,AR Rooms
2026-08-01 19:58:17,11608888,NWB-ARC-WBH-AR-MOD-0036.rvt : 26 : location Internal,NWB-ARC-WBH-AR-MOD-0036,14341488,d498ecbb-ba95-415c-a5ad-f1401d21cedf-00dad570,IP3.11.110,"Lounge, Family",LEVEL 11,New Construction,Inpatient Obstetric 3,IP3,,,,19.7 m²,20256,326.723787,395.590398,265.748031,0 W,0.00 W/m²,0 W,0.00 W/m²,28.6 m²,By Space Type,0,By Space Type,0.0,0.0,0.0,-2000160,"CEILING: acoustic, drop-in tiles, 600 x 1200",,,0,-1,-1.7,11.06.2026,CLTI-002,,FLVY-500,,FLSK-010,WLFI-001,Patient Areas,,WBH.IP3.01.061,112758,21/07/2026,LNGE-20,20,,NWB-ARC-WBH-AR-RLS-DR-LNGE-20-IP1,,DR,By Type,"FLOOR FINISH: vinyl, seamless, coved, standard slip resistant, feature",Refer to Typical Room,By Space Type,3KcEoxkfL1NAMjyK0T_nkl,59 W,Power Density,2700,"Lounge, Family",IP3.11.110,0,Rooms,AROO,Rooms,IP3,20.83298799999969,Architecture,WBH-W-11.110,"Lounge, Family",01,YES,SL_90_10,Room Spaces,Up to 10 patients/visitors; 1-2 staff intermittently,0,New Construction,20.00%,Power Density,,0,0,DR,73 W,0.0,0 W,10.76 W/m²,0 W,13.99 W/m²,132 W,2700,LEVEL 11,0.0,AR Rooms
2026-08-01 19:58:17,11608888,NWB-ARC-WBH-AR-MOD-0036.rvt : 26 : location Internal,NWB-ARC-WBH-AR-MOD-0036,14341491,d498ecbb-ba95-415c-a5ad-f1401d21cedf-00dad573,IP3.11.116,"Office, Clinical Workroom",LEVEL 11,New Construction,Inpatient Obstetric 3,IP3,,,,18.6 m²,19055,288.625328,420.166349,265.748031,0 W,0.00 W/m²,0 W,0.00 W/m²,28.6 m²,By Space Type,0,By Space Type,0.0,0.0,0.0,-2000160,"CEILING: acoustic, drop-in tiles, 600 x 1200",,,0,-1,-7,11.06.2026,CLTI-002,,FLVY-007,,FLSK-010,WLFI-001,Clinical Support Areas,,WBH.IP3.02.004,112764,21/07/2026,OFF-CLN,20,,NWB-ARC-WBH-AR-RLS-DR-OFF-CLN-20-IP1,,DR,By Type,"FLOOR FINISH: vinyl, seamless, coved, standard slip resistant",Refer to Typical Room,By Space Type,3KcEoxkfL1NAMjyK0T_nki,59 W,Power Density,2700,"Office, Clinical Workroom",IP3.11.116,0,Rooms,AROO,Rooms,IP3,19.19270000000111,Architecture,WBH-W-11.116,"Office, Clinical Workroom",02,YES,SL_90_10,Room Spaces,4 workstations,0,New Construction,20.00%,Power Density,,0,0,DR,73 W,0.0,0 W,10.76 W/m²,0 W,13.99 W/m²,132 W,2700,LEVEL 11,0.0,AR Rooms
2026-08-01 19:58:17,11608888,NWB-ARC-WBH-AR-MOD-0036.rvt : 26 : location Internal,NWB-ARC-WBH-AR-MOD-0036,14341494,d498ecbb-ba95-415c-a5ad-f1401d21cedf-00dad576,IP3.11.114,"Staff Station, 20m2",LEVEL 11,New Construction,Inpatient Obstetric 3,IP3,,,,19.1 m²,17788,317.431366,423.017326,265.748031,0 W,0.00 W/m²,0 W,0.00 W/m²,28.6 m²,By Space Type,0,By Space Type,0.0,0.0,0.0,-2000160,"CEILING: acoustic, drop-in tiles, 600 x 1200",,,0,-1,19.375,11.06.2026,CLTI-002,,FLVY-500,,FLSK-010,WLFI-001,Clinical Support Areas,,WBH.IP3.02.002,112762,21/07/2026,SSTN-20,16,,NWB-ARC-WBH-AR-RLS-DR-SSTN-16-IP1,,DR,By Type,"FLOOR FINISH: vinyl, seamless, coved, standard slip resistant, feature",Refer to Typical Room,By Space Type,3KcEoxkfL1NAMjyK0T_nkf,59 W,Power Density,2700,"Staff Station, 20m2",IP3.11.114,0,Rooms,AROO,Rooms,IP3,19.52714250000012,Architecture,WBH-W-11.114,"Staff Station, 20m2",02,YES,SL_90_10,Room Spaces,3 workstations,0,New Construction,20.00%,Power Density,,0,0,DR,73 W,0.0,0 W,10.76 W/m²,0 W,13.99 W/m²,132 W,2700,LEVEL 11,0.0,AR Rooms
2026-08-01 19:58:17,11608888,NWB-ARC-WBH-AR-MOD-0036.rvt : 26 : location Internal,NWB-ARC-WBH-AR-MOD-0036,14341497,d498ecbb-ba95-415c-a5ad-f1401d21cedf-00dad579,IP3.11.119,Bay - Pneumatic Tube,LEVEL 11,New Construction,Inpatient Obstetric 3,IP3,,,,1.2 m²,4477,320.771888,426.03068,265.748031,0 W,0.00 W/m²,0 W,0.00 W/m²,28.6 m²,By Space Type,0,By Space Type,0.0,0.0,0.0,-2000160,"CEILING: plasterboard, drop-in tiles, prefinished, 600 x 1200",,,0,-1,18,11.06.2026,CLTI-008,,FLVY-007,,FLSK-010,WLFI-001,Clinical Support Areas,,WBH.IP3.02.007,112767,21/07/2026,BPTS,1,,Refer to AusHFG BPTS,,SC,By Type,"FLOOR FINISH: vinyl, seamless, coved, standard slip resistant",,By Space Type,3KcEoxkfL1NAMjyK0T_nkc,59 W,Power Density,2700,Bay - Pneumatic Tube,IP3.11.119,0,Rooms,AROO,Rooms,IP3,1.0500000000000105,Architecture,WBH-W-11.119,Bay - Pneumatic Tube,02,YES,SL_90_10,Room Spaces,accessed by staff intermittently,0,New Construction,20.00%,Power Density,,0,0,SC,73 W,0.0,0 W,10.76 W/m²,0 W,13.99 W/m²,132 W,2700,LEVEL 11,0.0,AR Rooms
2026-08-01 19:58:17,11608888,NWB-ARC-WBH-AR-MOD-0036.rvt : 26 : location Internal,NWB-ARC-WBH-AR-MOD-0036,14341500,d498ecbb-ba95-415c-a5ad-f1401d21cedf-00dad57c,IP3.11.117,"Bay - Multifunction Device, 3m2",LEVEL 11,New Construction,Inpatient Obstetric 3,IP3,,,,1.7 m²,5401,320.741898,417.626074,265.748031,0 W,0.00 W/m²,0 W,0.00 W/m²,28.6 m²,By Space Type,0,By Space Type,0.0,0.0,0.0,-2000160,"CEILING: acoustic, drop-in tiles, 600 x 1200",,,0,-1,-42,11.06.2026,CLTI-002,,FLVY-007,,FLSK-010,WLFI-001,Clinical Support Areas,,WBH.IP3.02.005,112765,21/07/2026,BMFD-3,3,,Refer to AusHFG BMFD-3,,SC,By Type,"FLOOR FINISH: vinyl, seamless, coved, standard slip resistant",,By Space Type,3KcEoxkfL1NAMjyK0T_nkZ,59 W,Power Density,2700,"Bay - Multifunction Device, 3m2",IP3.11.117,0,Rooms,AROO,Rooms,IP3,2.8458705000008346,Architecture,WBH-W-11.117,"Bay - Multifunction Device, 3m2",02,YES,SL_90_10,Room Spaces,1 staff intermittently,0,New Construction,20.00%,Power Density,,0,0,SC,73 W,0.0,0 W,10.76 W/m²,0 W,13.99 W/m²,132 W,2700,LEVEL 11,0.0,AR Rooms
2026-08-01 19:58:17,11608888,NWB-ARC-WBH-AR-MOD-0036.rvt : 26 : location Internal,NWB-ARC-WBH-AR-MOD-0036,14341503,d498ecbb-ba95-415c-a5ad-f1401d21cedf-00dad57f,IP3.11.135,Bay - Linen,LEVEL 11,New Construction,Inpatient Obstetric 3,IP3,,,,2.2 m²,6126,249.455037,414.661918,265.748031,0 W,0.00 W/m²,0 W,0.00 W/m²,28.6 m²,By Space Type,0,By Space Type,0.0,0.0,0.0,-2000160,"CEILING: plasterboard, drop-in tiles, prefinished, 600 x 1200",,,0,-1,8.5,11.06.2026,CLTI-008,,FLVY-007,,FLSK-010,WLFI-001,Clinical Support Areas,,WBH.IP3.02.024,112784,21/07/2026,BLIN,2,,Refer to AusHFG BLIN,,SC,By Type,"FLOOR FINISH: vinyl, seamless, coved, standard slip resistant",,By Space Type,3KcEoxkfL1NAMjyK0T_nkW,59 W,Power Density,2700,Bay - Linen,IP3.11.135,0,Rooms,AROO,Rooms,IP3,1.5938999999999528,Architecture,WBH-W-11.135,Bay - Linen,02,YES,SL_90_10,Room Spaces,1-2 intermittently,0,New Construction,20.00%,Power Density,,0,0,SC,73 W,0.0,0 W,10.76 W/m²,0 W,13.99 W/m²,132 W,2700,LEVEL 11,0.0,AR Rooms
2026-08-01 19:58:17,11608888,NWB-ARC-WBH-AR-MOD-0036.rvt : 26 : location Internal,NWB-ARC-WBH-AR-MOD-0036,14341506,d498ecbb-ba95-415c-a5ad-f1401d21cedf-00dad582,IP3.11.118,Bay - Resuscitation Trolley,LEVEL 11,New Construction,Inpatient Obstetric 3,IP3,,,,1.8 m²,5502,294.168653,425.137507,265.748031,0 W,0.00 W/m²,0 W,0.00 W/m²,28.6 m²,By Space Type,0,By Space Type,0.0,0.0,0.0,-2000160,"CEILING: plasterboard, drop-in tiles, prefinished, 600 x 1200",,,0,-1,21.333333,11.06.2026,CLTI-008,,FLVY-007,,FLSK-010,WLFI-001,Clinical Support Areas,,WBH.IP3.02.006,112766,21/07/2026,BRES,1.5,,Refer to AusHFG BRES,,SC,By Type,"FLOOR FINISH: vinyl, seamless, coved, standard slip resistant",,By Space Type,3KcEoxkfL1NAMjyK0T_njT,59 W,Power Density,2700,Bay - Resuscitation Trolley,IP3.11.118,0,Rooms,AROO,Rooms,IP3,1.433425000000081,Architecture,WBH-W-11.118,Bay - Resuscitation Trolley,02,YES,SL_90_10,Room Spaces,,0,New Construction,20.00%,Power Density,,0,0,SC,73 W,0.0,0 W,10.76 W/m²,0 W,13.99 W/m²,132 W,2700,LEVEL 11,0.0,AR Rooms
2026-08-01 19:58:17,11608888,NWB-ARC-WBH-AR-MOD-0036.rvt : 26 : location Internal,NWB-ARC-WBH-AR-MOD-0036,14341509,d498ecbb-ba95-415c-a5ad-f1401d21cedf-00dad585,IP3.11.131,"Bay - Handwashing, Type B",LEVEL 11,New Construction,Inpatient Obstetric 3,IP3,,,,0.6 m²,3279,322.786539,404.763419,265.748031,0 W,0.00 W/m²,0 W,0.00 W/m²,28.6 m²,By Space Type,0,By Space Type,0.0,0.0,0.0,-2000160,"CEILING: plasterboard, flush set, suspended, paint, washable",,,0,-1,-36,11.06.2026,CLFS-006,,FLVY-003,,FLSK-010,WLFI-001,Clinical Support Areas,,WBH.IP3.02.020,112780,21/07/2026,BHWS-B,1,,Refer to AusHFG BHWS-B,,SC,By Type,"FLOOR FINISH: vinyl, seamless, coved, non slip",,By Space Type,3KcEoxkfL1NAMjyK0T_njQ,59 W,Power Density,2700,"Bay - Handwashing, Type B",IP3.11.131,0,Rooms,AROO,Rooms,IP3,1.433425000000073,Architecture,WBH-W-11.131,"Bay - Handwashing, Type B",02,YES,SL_90_10,Room Spaces,1,0,New Construction,20.00%,Power Density,,0,0,SC,73 W,0.0,0 W,10.76 W/m²,0 W,13.99 W/m²,132 W,2700,LEVEL 11,0.0,AR Rooms
2026-08-01 19:58:17,11608888,NWB-ARC-WBH-AR-MOD-0036.rvt : 26 : location Internal,NWB-ARC-WBH-AR-MOD-0036,14341512,d498ecbb-ba95-415c-a5ad-f1401d21cedf-00dad588,IP3.11.121,Bay - Pathology,LEVEL 11,New Construction,Inpatient Obstetric 3,IP3,,,,3.0 m²,8804,390.769143,421.555394,265.748031,0 W,0.00 W/m²,0 W,0.00 W/m²,28.6 m²,By Space Type,0,By Space Type,0.0,0.0,0.0,-2000160,"CEILING: plasterboard, drop-in tiles, prefinished, 600 x 1200",,,0,-1,1.333333,11.06.2026,CLTI-008,,FLVY-007,,FLSK-010,WLFI-001,Clinical Support Areas,,WBH.IP3.02.009,112769,21/07/2026,BPATH,3,,NWB-ARC-GEN-AR-RLS-PS-BPATH,,PS,By Type,"FLOOR FINISH: vinyl, seamless, coved, standard slip resistant",Refer to Typical Room,By Space Type,3KcEoxkfL1NAMjyK0T_njN,59 W,Power Density,2700,Bay - Pathology,IP3.11.121,0,Rooms,AROO,Rooms,IP3,3.0013815000002504,Architecture,WBH-W-11.121,Bay - Pathology,02,YES,SL_90_10,Room Spaces,"1-2 staff, intermittently",0,New Construction,20.00%,Power Density,,0,0,PS-BPATH,73 W,0.0,0 W,10.76 W/m²,0 W,13.99 W/m²,132 W,2700,LEVEL 11,0.0,AR Rooms
2026-08-01 19:58:17,11608888,NWB-ARC-WBH-AR-MOD-0036.rvt : 26 : location Internal,NWB-ARC-WBH-AR-MOD-0036,14341515,d498ecbb-ba95-415c-a5ad-f1401d21cedf-00dad58b,IP3.11.144,"Office, 1 Person",LEVEL 11,New Construction,Inpatient Obstetric 3,IP3,,,,8.8 m²,12410,243.322671,396.963429,265.748031,0 W,0.00 W/m²,0 W,0.00 W/m²,28.6 m²,By Space Type,0,By Space Type,0.0,0.0,0.0,-2000160,,,,0,-1,-2.222222,11.06.2026,,,FLVY-500,,FLSK-010,WLFI-001,Clinical Support Areas,,WBH.IP3.02.034,112800,21/07/2026,OFF-1P,9,,Refer to AusHFG OFF-1P-9,,SC,By Type,"FLOOR FINISH: vinyl, seamless, coved, standard slip resistant, feature",,By Space Type,3KcEoxkfL1NAMjyK0T_njK,59 W,Power Density,2700,"Office, 1 Person",IP3.11.144,0,Rooms,AROO,Rooms,IP3,9.125491500000132,Architecture,WBH-W-11.144,"Office, 1 Person",02,YES,SL_90_10,Room Spaces,"1 staff, up to 2 visitors",0,New Construction,20.00%,Power Density,D40_Done,0,0,SC,73 W,0.0,0 W,10.76 W/m²,0 W,13.99 W/m²,132 W,2700,LEVEL 11,0.0,AR Rooms
2026-08-01 19:58:17,11608888,NWB-ARC-WBH-AR-MOD-0036.rvt : 26 : location Internal,NWB-ARC-WBH-AR-MOD-0036,14341518,d498ecbb-ba95-415c-a5ad-f1401d21cedf-00dad58e,IP3.11.122,"Clean Store, Imprest, 20m2",LEVEL 11,New Construction,Inpatient Obstetric 3,IP3,,,,17.2 m²,17778,260.169783,420.145024,265.748031,0 W,0.00 W/m²,0 W,0.00 W/m²,28.6 m²,By Space Type,0,By Space Type,0.0,0.0,0.0,-2000160,"CEILING: plasterboard, flush set, suspended, paint, washable",,,0,-1,-14.1,11.06.2026,CLFS-006,,FLVY-007,,FLSK-010,WLFI-001,Clinical Support Areas,,WBH.IP3.02.010,112770,21/07/2026,CLN-20 (IMP),20,,NWB-ARC-WBH-AR-RLS-IP1.02.033,,DR,By Type,"FLOOR FINISH: vinyl, seamless, coved, standard slip resistant",Refer to Typical Room,By Space Type,3KcEoxkfL1NAMjyK0T_njH,59 W,Power Density,2700,"Clean Store, Imprest, 20m2",IP3.11.122,0,Rooms,AROO,Rooms,IP3,16.27365150000032,Architecture,WBH-W-11.122,"Clean Store, Imprest, 20m2",02,YES,SL_90_10,Room Spaces,1 - 2 staff intermittently,0,New Construction,20.00%,Power Density,,0,0,DR,73 W,0.0,0 W,10.76 W/m²,0 W,13.99 W/m²,132 W,2700,LEVEL 11,0.0,AR Rooms
2026-08-01 19:58:17,11608888,NWB-ARC-WBH-AR-MOD-0036.rvt : 26 : location Internal,NWB-ARC-WBH-AR-MOD-0036,14341521,d498ecbb-ba95-415c-a5ad-f1401d21cedf-00dad591,IP3.11.123,"Medication Room, 20m2",LEVEL 11,New Construction,Inpatient Obstetric 3,IP3,,,,17.8 m²,17593,273.950131,420.145024,265.748031,0 W,0.00 W/m²,0 W,0.00 W/m²,28.6 m²,By Space Type,0,By Space Type,0.0,0.0,0.0,-2000160,"CEILING: plasterboard, flush set, suspended, paint, washable",,,0,-1,-11.2,11.06.2026,CLFS-006,,FLVY-007,,FLSK-010,WLFI-001,Clinical Support Areas,,WBH.IP3.02.012,112772,21/07/2026,MED-20,20,,NWB-ARC-WBH-AR-RLS-IP1.02.011,,PS,By Type,"FLOOR FINISH: vinyl, seamless, coved, standard slip resistant",Refer to Typical Room,By Space Type,3KcEoxkfL1NAMjyK0T_njE,59 W,Power Density,2700,"Medication Room, 20m2",IP3.11.123,0,Rooms,AROO,Rooms,IP3,16.65029549999518,Architecture,WBH-W-11.123,"Medication Room, 20m2",02,YES,SL_90_10,Room Spaces,1 - 2 staff intermittently,0,New Construction,20.00%,Power Density,,0,0,PS-MED-20,73 W,0.0,0 W,10.76 W/m²,0 W,13.99 W/m²,132 W,2700,LEVEL 11,0.0,AR Rooms
2026-08-01 19:58:17,11608888,NWB-ARC-WBH-AR-MOD-0036.rvt : 26 : location Internal,NWB-ARC-WBH-AR-MOD-0036,14341524,d498ecbb-ba95-415c-a5ad-f1401d21cedf-00dad594,IP3.11.120,Bay - Pneumatic Tube,LEVEL 11,New Construction,Inpatient Obstetric 3,IP3,,,,0.8 m²,4296,265.038928,425.314814,265.748031,0 W,0.00 W/m²,0 W,0.00 W/m²,28.6 m²,By Space Type,0,By Space Type,0.0,0.0,0.0,-2000160,"CEILING: plasterboard, drop-in tiles, prefinished, 600 x 1200",,,0,-1,-16,11.06.2026,CLTI-008,,FLVY-007,,FLSK-010,WLFI-001,Clinical Support Areas,,WBH.IP3.02.008,112768,21/07/2026,BPTS,1,,Refer to AusHFG BPTS,,SC,By Type,"FLOOR FINISH: vinyl, seamless, coved, standard slip resistant",,By Space Type,3KcEoxkfL1NAMjyK0T_njB,59 W,Power Density,2700,Bay - Pneumatic Tube,IP3.11.120,0,Rooms,AROO,Rooms,IP3,1.0499999999993503,Architecture,WBH-W-11.120,Bay - Pneumatic Tube,02,YES,SL_90_10,Room Spaces,accessed by staff intermittently,0,New Construction,20.00%,Power Density,,0,0,SC,73 W,0.0,0 W,10.76 W/m²,0 W,13.99 W/m²,132 W,2700,LEVEL 11,0.0,AR Rooms
2026-08-01 19:58:17,11608888,NWB-ARC-WBH-AR-MOD-0036.rvt : 26 : location Internal,NWB-ARC-WBH-AR-MOD-0036,14341527,d498ecbb-ba95-415c-a5ad-f1401d21cedf-00dad597,IP3.11.136,Bay - Linen,LEVEL 11,New Construction,Inpatient Obstetric 3,IP3,,,,2.0 m²,6136,174.159688,426.247745,265.748031,0 W,0.00 W/m²,0 W,0.00 W/m²,28.6 m²,By Space Type,0,By Space Type,0.0,0.0,0.0,-2000160,"CEILING: plasterboard, drop-in tiles, prefinished, 600 x 1200",,,0,-1,0.5,11.06.2026,CLTI-008,,FLVY-007,,FLSK-010,WLFI-001,Clinical Support Areas,,WBH.IP3.02.025,112785,21/07/2026,BLIN,2,,Refer to AusHFG BLIN,,SC,By Type,"FLOOR FINISH: vinyl, seamless, coved, standard slip resistant",,By Space Type,3KcEoxkfL1NAMjyK0T_nj8,59 W,Power Density,2700,Bay - Linen,IP3.11.136,0,Rooms,AROO,Rooms,IP3,1.6149780000047693,Architecture,WBH-W-11.136,Bay - Linen,02,YES,SL_90_10,Room Spaces,1-2 intermittently,0,New Construction,20.00%,Power Density,,0,0,SC,73 W,0.0,0 W,10.76 W/m²,0 W,13.99 W/m²,132 W,2700,LEVEL 11,0.0,AR Rooms
2026-08-01 19:58:17,11608888,NWB-ARC-WBH-AR-MOD-0036.rvt : 26 : location Internal,NWB-ARC-WBH-AR-MOD-0036,14341530,d498ecbb-ba95-415c-a5ad-f1401d21cedf-00dad59a,IP3.11.133,"Bay - Handwashing, Type B",LEVEL 11,New Construction,Inpatient Obstetric 3,IP3,,,,0.7 m²,3436,168.881706,415.376491,265.748031,0 W,0.00 W/m²,0 W,0.00 W/m²,28.6 m²,By Space Type,0,By Space Type,0.0,0.0,0.0,-2000160,"CEILING: plasterboard, flush set, suspended, paint, washable",,,0,-1,-33,11.06.2026,CLFS-006,,FLVY-003,,FLSK-010,WLFI-001,Clinical Support Areas,,WBH.IP3.02.022,112782,21/07/2026,BHWS-B,1,,Refer to AusHFG BHWS-B,,SC,By Type,"FLOOR FINISH: vinyl, seamless, coved, non slip",,By Space Type,3KcEoxkfL1NAMjyK0T_nj5,59 W,Power Density,2700,"Bay - Handwashing, Type B",IP3.11.133,0,Rooms,AROO,Rooms,IP3,1.6149779999999592,Architecture,WBH-W-11.133,"Bay - Handwashing, Type B",02,YES,SL_90_10,Room Spaces,1,0,New Construction,20.00%,Power Density,,0,0,SC,73 W,0.0,0 W,10.76 W/m²,0 W,13.99 W/m²,132 W,2700,LEVEL 11,0.0,AR Rooms
2026-08-01 19:58:17,11608888,NWB-ARC-WBH-AR-MOD-0036.rvt : 26 : location Internal,NWB-ARC-WBH-AR-MOD-0036,14341533,d498ecbb-ba95-415c-a5ad-f1401d21cedf-00dad59d,IP3.11.113,"Staff Station, 14m2",LEVEL 11,New Construction,Inpatient Obstetric 3,IP3,,,,14.3 m²,16498,192.854165,421.212117,265.748031,0 W,0.00 W/m²,0 W,0.00 W/m²,28.6 m²,By Space Type,0,By Space Type,0.0,0.0,0.0,-2000160,"CEILING: acoustic, drop-in tiles, 600 x 1200",,,0,-1,42.5,11.06.2026,CLTI-002,,FLVY-500,,FLSK-010,WLFI-001,Clinical Support Areas,,WBH.IP3.02.001,112761,21/07/2026,SSTN-14,10,,NWB-ARC-WBH-AR-RLS-IP1.04.002,,SC,By Type,"FLOOR FINISH: vinyl, seamless, coved, standard slip resistant, feature",,By Space Type,3KcEoxkfL1NAMjyK0T_nj2,59 W,Power Density,2700,"Staff Station, 14m2",IP3.11.113,0,Rooms,AROO,Rooms,IP3,10.98678000000024,Architecture,WBH-W-11.113,"Staff Station, 14m2",02,YES,SL_90_10,Room Spaces,2 workstations,0,New Construction,20.00%,Power Density,,0,0,SC,73 W,0.0,0 W,10.76 W/m²,0 W,13.99 W/m²,132 W,2700,LEVEL 11,0.0,AR Rooms
2026-08-01 19:58:17,11608888,NWB-ARC-WBH-AR-MOD-0036.rvt : 26 : location Internal,NWB-ARC-WBH-AR-MOD-0036,14341536,d498ecbb-ba95-415c-a5ad-f1401d21cedf-00dad5a0,IP3.11.130,Bay - Mobile Equipment,LEVEL 11,New Construction,Inpatient Obstetric 3,IP3,,,,1.8 m²,5414,185.248524,425.338593,265.748031,0 W,0.00 W/m²,0 W,0.00 W/m²,28.6 m²,By Space Type,0,By Space Type,0.0,0.0,0.0,-2000160,"CEILING: plasterboard, drop-in tiles, prefinished, 600 x 1200",,,0,-1,-56.5,11.06.2026,CLTI-008,,FLVY-007,,FLSK-010,WLFI-001,Clinical Support Areas,,WBH.IP3.02.019,112779,21/07/2026,BMEQ,4,,Refer to AusHFG BMEQ,,SC,By Type,"FLOOR FINISH: vinyl, seamless, coved, standard slip resistant",,By Space Type,3KcEoxkfL1NAMjyK0T_nj$,59 W,Power Density,2700,Bay - Mobile Equipment,IP3.11.130,0,Rooms,AROO,Rooms,IP3,3.919200000000098,Architecture,WBH-W-11.130,Bay - Mobile Equipment,02,YES,SL_90_10,Room Spaces,,0,New Construction,20.00%,Power Density,,0,0,SC,73 W,0.0,0 W,10.76 W/m²,0 W,13.99 W/m²,132 W,2700,LEVEL 11,0.0,AR Rooms
2026-08-01 19:58:17,11608888,NWB-ARC-WBH-AR-MOD-0036.rvt : 26 : location Internal,NWB-ARC-WBH-AR-MOD-0036,14341542,d498ecbb-ba95-415c-a5ad-f1401d21cedf-00dad5a6,IP3.11.129,Bay - Mobile Equipment,LEVEL 11,New Construction,Inpatient Obstetric 3,IP3,,,,5.1 m²,9177,159.29081,431.854279,265.748031,0 W,0.00 W/m²,0 W,0.00 W/m²,28.6 m²,By Space Type,0,By Space Type,0.0,0.0,0.0,-2000160,"CEILING: plasterboard, drop-in tiles, prefinished, 600 x 1200",,,0,-1,28,11.06.2026,CLTI-008,,FLVY-007,,FLSK-010,WLFI-001,Clinical Support Areas,,WBH.IP3.02.018,112778,21/07/2026,BMEQ,4,,Refer to AusHFG BMEQ,,SC,By Type,"FLOOR FINISH: vinyl, seamless, coved, standard slip resistant",,By Space Type,3KcEoxkfL1NAMjyK0T_njv,59 W,Power Density,2438,Bay - Mobile Equipment,IP3.11.129,0,Rooms,AROO,Rooms,IP3,3.8309500000005436,Architecture,WBH-W-11.129,Bay - Mobile Equipment,02,YES,SL_90_10,Room Spaces,,0,New Construction,20.00%,Power Density,,0,0,SC,73 W,0.0,0 W,10.76 W/m²,0 W,13.99 W/m²,132 W,2438,LEVEL 11,0.0,AR Rooms
2026-08-01 19:58:17,11608888,NWB-ARC-WBH-AR-MOD-0036.rvt : 26 : location Internal,NWB-ARC-WBH-AR-MOD-0036,14341545,d498ecbb-ba95-415c-a5ad-f1401d21cedf-00dad5a9,IP3.11.103,"Ensuite, Accessible",LEVEL 11,New Construction,Inpatient Obstetric 3,IP3,,,,6.5 m²,10372,174.174869,422.675371,265.748031,0 W,0.00 W/m²,0 W,0.00 W/m²,28.6 m²,By Space Type,0,By Space Type,0.0,0.0,0.0,-2000160,"CEILING: plasterboard, water resistant, drop-in tiles, prefinished, 600 x 1200",,,0,-1,-7.285714,11.06.2026,CLTI-014,,FLVY-009,,FLSK-010,WLFI-011.07,Patient Areas,,WBH.IP3.01.054,112751,21/07/2026,ENS-ACC,7,,Refer to AusHFG ENS-ACC,,SC,By Type,"FLOOR FINISH: vinyl, seamless, coved, wet area, non-slip",,By Space Type,3KcEoxkfL1NAMjyK0T_njs,59 W,Power Density,2700,"Ensuite, Accessible",IP3.11.103,0,Rooms,AROO,Rooms,IP3,7.012499999999494,Architecture,WBH-W-11.103,"Ensuite, Accessible",01,YES,SL_90_10,Room Spaces,1 patient; 1-2 staff assisting,0,New Construction,20.00%,Power Density,,0,0,SC,73 W,0.0,0 W,10.76 W/m²,0 W,13.99 W/m²,132 W,2700,LEVEL 11,0.0,AR Rooms
2026-08-01 19:58:17,11608888,NWB-ARC-WBH-AR-MOD-0036.rvt : 26 : location Internal,NWB-ARC-WBH-AR-MOD-0036,14341548,d498ecbb-ba95-415c-a5ad-f1401d21cedf-00dad5ac,IP3.11.073,"1 Bed Room, Obstetric - Low Sensory",LEVEL 11,New Construction,Inpatient Obstetric 3,IP3,,,,17.5 m²,18388,163.484252,421.386001,265.748031,0 W,0.00 W/m²,0 W,0.00 W/m²,28.6 m²,By Space Type,0,By Space Type,0.0,0.0,0.0,-2000160,"CEILING: plasterboard, flush set, suspended, paint, washable",,,0,-1,-2.611111,11.06.2026,CLFS-006,CLGE-001,FLVY-500,,FLSK-010,WLFI-001,Patient Areas,,WBH.IP3.01.024,112721,21/07/2026,1BR-OBS-L,18,,NWB-ARC-WBH-AR-RLS-IP1.01.087,,PS,By Type,"FLOOR FINISH: vinyl, seamless, coved, standard slip resistant, feature",Refer to Typical Room,By Space Type,3KcEoxkfL1NAMjyK0T_njp,59 W,Power Density,2700,"1 Bed Room, Obstetric - Low Sensory",IP3.11.073,0,Rooms,AROO,Rooms,IP3,18.02092949999852,Architecture,WBH-W-11.073,"1 Bed Room, Obstetric - Low Sensory",01,YES,SL_90_10,Room Spaces,1 patient; 1-2 staff; 1-2 visitors,0,New Construction,20.00%,Power Density,,0,0,PS-1BR-OBS-L,73 W,0.0,0 W,10.76 W/m²,0 W,13.99 W/m²,132 W,2700,LEVEL 11,0.0,AR Rooms
2026-08-01 19:58:17,11608888,NWB-ARC-WBH-AR-MOD-0036.rvt : 26 : location Internal,NWB-ARC-WBH-AR-MOD-0036,14341551,d498ecbb-ba95-415c-a5ad-f1401d21cedf-00dad5af,IP3.11.076,"1 Bed Room, Obstetric - Bariatric",LEVEL 11,New Construction,Inpatient Obstetric 3,IP3,,,,18.6 m²,17540,163.375984,398.649781,265.748031,0 W,0.00 W/m²,0 W,0.00 W/m²,28.6 m²,By Space Type,0,By Space Type,0.0,0.0,0.0,-2000160,"CEILING: plasterboard, flush set, suspended, paint, washable",,,0,-1,3.444444,11.06.2026,CLFS-006,CLGE-001,FLVY-500,,FLSK-010,WLFI-001,Patient Areas,,WBH.IP3.01.027,112724,21/07/2026,1BR-OBS-B,18,,NWB-ARC-WBH-AR-RLS-IP1.01.024,,PS,By Type,"FLOOR FINISH: vinyl, seamless, coved, standard slip resistant, feature",Refer to Typical Room,By Space Type,3KcEoxkfL1NAMjyK0T_njm,59 W,Power Density,2700,"1 Bed Room, Obstetric - Bariatric",IP3.11.076,0,Rooms,AROO,Rooms,IP3,18.54700875000243,Architecture,WBH-W-11.076,"1 Bed Room, Obstetric - Bariatric",01,YES,SL_90_10,Room Spaces,1 patient; 1-2 staff; 1-2 visitors,0,New Construction,20.00%,Power Density,,0,0,PS-1BR-OBS-B,73 W,0.0,0 W,10.76 W/m²,0 W,13.99 W/m²,132 W,2700,LEVEL 11,0.0,AR Rooms
2026-08-01 19:58:17,11608888,NWB-ARC-WBH-AR-MOD-0036.rvt : 26 : location Internal,NWB-ARC-WBH-AR-MOD-0036,14341554,d498ecbb-ba95-415c-a5ad-f1401d21cedf-00dad5b2,IP3.11.106,"Ensuite, Bariatric",LEVEL 11,New Construction,Inpatient Obstetric 3,IP3,,,,8.3 m²,12670,163.722113,388.536592,265.748031,0 W,0.00 W/m²,0 W,0.00 W/m²,28.6 m²,By Space Type,0,By Space Type,0.0,0.0,0.0,-2000160,"CEILING: plasterboard, water resistant, drop-in tiles, prefinished, 600 x 1200",,,0,-1,19.142857,11.06.2026,CLTI-014,,FLVY-009,,FLSK-010,WLFI-001,Patient Areas,,WBH.IP3.01.057,112754,21/07/2026,ENS-BA,7,,Refer to AusHFG ENS-BA,,SC,By Type,"FLOOR FINISH: vinyl, seamless, coved, wet area, non-slip",,By Space Type,3KcEoxkfL1NAMjyK0T_njj,59 W,Power Density,2700,"Ensuite, Bariatric",IP3.11.106,0,Rooms,AROO,Rooms,IP3,8.255388750005341,Architecture,WBH-W-11.106,"Ensuite, Bariatric",01,YES,SL_90_10,Room Spaces,1 patient; 1-2 staff assisting,0,New Construction,20.00%,Power Density,,0,0,SC,73 W,0.0,0 W,10.76 W/m²,0 W,13.99 W/m²,132 W,2700,LEVEL 11,0.0,AR Rooms
2026-08-01 19:58:17,11608888,NWB-ARC-WBH-AR-MOD-0036.rvt : 26 : location Internal,NWB-ARC-WBH-AR-MOD-0036,14341557,d498ecbb-ba95-415c-a5ad-f1401d21cedf-00dad5b5,IP3.11.102,"Ensuite, Inboard",LEVEL 11,New Construction,Inpatient Obstetric 3,IP3,,,,4.9 m²,8704,173.859908,401.602537,265.748031,0 W,0.00 W/m²,0 W,0.00 W/m²,28.6 m²,By Space Type,0,By Space Type,0.0,0.0,0.0,-2000160,"CEILING: plasterboard, water resistant, drop-in tiles, prefinished, 600 x 1200",,,0,-1,-2.6,11.06.2026,CLTI-014,,FLVY-009,,FLSK-010,WLFI-011.07,Patient Areas,,WBH.IP3.01.053,112750,21/07/2026,ENS-ST-A,5,,Refer to AusHFG ENS-ST-A1,,SC,By Type,"FLOOR FINISH: vinyl, seamless, coved, wet area, non-slip",,By Space Type,3KcEoxkfL1NAMjyK0T_njg,59 W,Power Density,2700,"Ensuite, Inboard",IP3.11.102,0,Rooms,AROO,Rooms,IP3,5.098160372604717,Architecture,WBH-W-11.102,"Ensuite, Inboard",01,YES,SL_90_10,Room Spaces,1 patient; 1 staff assisting,0,New Construction,20.00%,Power Density,,0,0,SC,73 W,0.0,0 W,10.76 W/m²,0 W,13.99 W/m²,132 W,2700,LEVEL 11,0.0,AR Rooms
2026-08-01 19:58:17,11608888,NWB-ARC-WBH-AR-MOD-0036.rvt : 26 : location Internal,NWB-ARC-WBH-AR-MOD-0036,14341560,d498ecbb-ba95-415c-a5ad-f1401d21cedf-00dad5b8,IP3.11.072,"1 Bed Room, Obstetric",LEVEL 11,New Construction,Inpatient Obstetric 3,IP3,,,,17.5 m²,17540,177.472113,393.433245,265.748031,0 W,0.00 W/m²,0 W,0.00 W/m²,28.6 m²,By Space Type,0,By Space Type,0.0,0.0,0.0,-2000160,"CEILING: plasterboard, flush set, suspended, paint, washable",,,0,-1,-2.777778,11.06.2026,CLFS-006,CLGE-001,FLVY-500,,FLSK-010,WLFI-001,Patient Areas,,WBH.IP3.01.023,112720,21/07/2026,1BR-OBS-A,18,,NWB-ARC-WBH-AR-RLS-IP1.01.085,,PS,By Type,"FLOOR FINISH: vinyl, seamless, coved, standard slip resistant, feature",Refer to Typical Room,By Space Type,3KcEoxkfL1NAMjyK0T_njd,59 W,Power Density,2700,"1 Bed Room, Obstetric",IP3.11.072,0,Rooms,AROO,Rooms,IP3,17.923727258776612,Architecture,WBH-W-11.072,"1 Bed Room, Obstetric",01,YES,SL_90_10,Room Spaces,1 patient; 1-2 staff; 1-2 visitors,0,New Construction,20.00%,Power Density,,0,0,PS-1BR-OBS-A,73 W,0.0,0 W,10.76 W/m²,0 W,13.99 W/m²,132 W,2700,LEVEL 11,0.0,AR Rooms
2026-08-01 19:58:17,11608888,NWB-ARC-WBH-AR-MOD-0036.rvt : 26 : location Internal,NWB-ARC-WBH-AR-MOD-0036,14341563,d498ecbb-ba95-415c-a5ad-f1401d21cedf-00dad5bb,IP3.11.101,"Ensuite, Inboard",LEVEL 11,New Construction,Inpatient Obstetric 3,IP3,,,,5.2 m²,8949,194.455381,401.352364,265.748031,0 W,0.00 W/m²,0 W,0.00 W/m²,28.6 m²,By Space Type,0,By Space Type,0.0,0.0,0.0,-2000160,"CEILING: plasterboard, water resistant, drop-in tiles, prefinished, 600 x 1200",,,0,-1,3.6,11.06.2026,CLTI-014,,FLVY-009,,FLSK-010,WLFI-011.07,Patient Areas,,WBH.IP3.01.052,112749,21/07/2026,ENS-ST-A,5,,Refer to AusHFG ENS-ST-A1,,SC,By Type,"FLOOR FINISH: vinyl, seamless, coved, wet area, non-slip",,By Space Type,3KcEoxkfL1NAMjyK0T_nja,59 W,Power Density,2700,"Ensuite, Inboard",IP3.11.101,0,Rooms,AROO,Rooms,IP3,5.098160372604706,Architecture,WBH-W-11.101,"Ensuite, Inboard",01,YES,SL_90_10,Room Spaces,1 patient; 1 staff assisting,0,New Construction,20.00%,Power Density,,0,0,SC,73 W,0.0,0 W,10.76 W/m²,0 W,13.99 W/m²,132 W,2700,LEVEL 11,0.0,AR Rooms
2026-08-01 19:58:17,11608888,NWB-ARC-WBH-AR-MOD-0036.rvt : 26 : location Internal,NWB-ARC-WBH-AR-MOD-0036,14341566,d498ecbb-ba95-415c-a5ad-f1401d21cedf-00dad5be,IP3.11.100,"Ensuite, Inboard",LEVEL 11,New Construction,Inpatient Obstetric 3,IP3,,,,5.2 m²,8947,201.870079,401.365487,265.748031,0 W,0.00 W/m²,0 W,0.00 W/m²,28.6 m²,By Space Type,0,By Space Type,0.0,0.0,0.0,-2000160,"CEILING: plasterboard, water resistant, drop-in tiles, prefinished, 600 x 1200",,,0,-1,3.4,11.06.2026,CLTI-014,,FLVY-009,,FLSK-010,WLFI-011.07,Patient Areas,,WBH.IP3.01.051,112748,21/07/2026,ENS-ST-A,5,,Refer to AusHFG ENS-ST-A1,,SC,By Type,"FLOOR FINISH: vinyl, seamless, coved, wet area, non-slip",,By Space Type,3KcEoxkfL1NAMjyK0T_njX,59 W,Power Density,2700,"Ensuite, Inboard",IP3.11.100,0,Rooms,AROO,Rooms,IP3,5.098160372604167,Architecture,WBH-W-11.100,"Ensuite, Inboard",01,YES,SL_90_10,Room Spaces,1 patient; 1 staff assisting,0,New Construction,20.00%,Power Density,,0,0,SC,73 W,0.0,0 W,10.76 W/m²,0 W,13.99 W/m²,132 W,2700,LEVEL 11,0.0,AR Rooms
2026-08-01 19:58:17,11608888,NWB-ARC-WBH-AR-MOD-0036.rvt : 26 : location Internal,NWB-ARC-WBH-AR-MOD-0036,14341569,d498ecbb-ba95-415c-a5ad-f1401d21cedf-00dad5c1,IP3.11.071,"1 Bed Room, Obstetric",LEVEL 11,New Construction,Inpatient Obstetric 3,IP3,,,,17.5 m²,17549,191.272966,393.433245,265.748031,0 W,0.00 W/m²,0 W,0.00 W/m²,28.6 m²,By Space Type,0,By Space Type,0.0,0.0,0.0,-2000160,"CEILING: plasterboard, flush set, suspended, paint, washable",,,0,-1,-2.666667,11.06.2026,CLFS-006,CLGE-001,FLVY-500,,FLSK-010,WLFI-001,Patient Areas,,WBH.IP3.01.022,112719,21/07/2026,1BR-OBS-A,18,,NWB-ARC-WBH-AR-RLS-IP1.01.085,,PS,By Type,"FLOOR FINISH: vinyl, seamless, coved, standard slip resistant, feature",Refer to Typical Room,By Space Type,3KcEoxkfL1NAMjyK0T_niU,59 W,Power Density,2700,"1 Bed Room, Obstetric",IP3.11.071,0,Rooms,AROO,Rooms,IP3,17.923727258792063,Architecture,WBH-W-11.071,"1 Bed Room, Obstetric",01,YES,SL_90_10,Room Spaces,1 patient; 1-2 staff; 1-2 visitors,0,New Construction,20.00%,Power Density,,0,0,PS-1BR-OBS-A,73 W,0.0,0 W,10.76 W/m²,0 W,13.99 W/m²,132 W,2700,LEVEL 11,0.0,AR Rooms
2026-08-01 19:58:17,11608888,NWB-ARC-WBH-AR-MOD-0036.rvt : 26 : location Internal,NWB-ARC-WBH-AR-MOD-0036,14341572,d498ecbb-ba95-415c-a5ad-f1401d21cedf-00dad5c4,IP3.11.078,"1 Bed Room, Obstetric - Class N",LEVEL 11,New Construction,Inpatient Obstetric 3,IP3,,,,17.5 m²,17651,205.052493,393.315135,265.748031,0 W,0.00 W/m²,0 W,0.00 W/m²,28.6 m²,By Space Type,0,By Space Type,0.0,0.0,0.0,-2000160,"CEILING: plasterboard, flush set, suspended, paint, washable",,,0,-1,-2.888889,11.06.2026,CLFS-006,CLGE-001,FLVY-500,,FLSK-010,WLFI-001,Patient Areas,,WBH.IP3.01.029,112726,21/07/2026,1BR-OBS-N,18,,NWB-ARC-WBH-AR-RLS-IP1.01.026,,PS,By Type,"FLOOR FINISH: vinyl, seamless, coved, standard slip resistant, feature",Refer to Typical Room,By Space Type,3KcEoxkfL1NAMjyK0T_niR,59 W,Power Density,2700,"1 Bed Room, Obstetric - Class N",IP3.11.078,0,Rooms,AROO,Rooms,IP3,18.00013225878089,Architecture,WBH-W-11.078,"1 Bed Room, Obstetric - Class N",01,YES,SL_90_10,Room Spaces,1 patient; 1-2 staff; 1-2 visitors,0,New Construction,20.00%,Power Density,,0,0,PS-1BR-OBS-N,73 W,0.0,0 W,10.76 W/m²,0 W,13.99 W/m²,132 W,2700,LEVEL 11,0.0,AR Rooms
2026-08-01 19:58:17,11608888,NWB-ARC-WBH-AR-MOD-0036.rvt : 26 : location Internal,NWB-ARC-WBH-AR-MOD-0036,14341575,d498ecbb-ba95-415c-a5ad-f1401d21cedf-00dad5c7,IP3.11.079,Anteroom,LEVEL 11,New Construction,Inpatient Obstetric 3,IP3,,,,5.8 m²,9795,215.975966,400.880237,265.748031,0 W,0.00 W/m²,0 W,0.00 W/m²,28.6 m²,By Space Type,0,By Space Type,0.0,0.0,0.0,-2000160,"CEILING: plasterboard, flush set, suspended, paint, washable",,,0,-1,-3.833333,11.06.2026,CLFS-006,,FLVY-007,FLVY-009,FLSK-010,WLFI-001,Patient Areas,,WBH.IP3.01.030,112727,21/07/2026,ANRM,6,,NWB-ARC-GEN-AR-RLS-PS-ANRM,,PS,By Type,"FLOOR FINISH: vinyl, seamless, coved, standard slip resistant",Refer to Typical Room,By Space Type,3KcEoxkfL1NAMjyK0T_niO,59 W,Power Density,2700,Anteroom,IP3.11.079,0,Rooms,AROO,Rooms,IP3,6.149042037845748,Architecture,WBH-W-11.079,Anteroom,01,YES,SL_90_10,Room Spaces,1 - 2,0,New Construction,20.00%,Power Density,,0,0,PS-ANRM,73 W,0.0,0 W,10.76 W/m²,0 W,13.99 W/m²,132 W,2700,LEVEL 11,0.0,AR Rooms
2026-08-01 19:58:17,11608888,NWB-ARC-WBH-AR-MOD-0036.rvt : 26 : location Internal,NWB-ARC-WBH-AR-MOD-0036,14341578,d498ecbb-ba95-415c-a5ad-f1401d21cedf-00dad5ca,IP4.11.296,Milk Clean-Up Room,LEVEL 11,New Construction,Inpatient Obstetric 4,IP3,,,,7.5 m²,10975,222.668177,276.616527,265.748031,0 W,0.00 W/m²,0 W,0.00 W/m²,28.6 m²,By Space Type,0,By Space Type,0.0,0.0,0.0,-2000160,"CEILING: acoustic, drop-in tiles, 600 x 1200",,,0,-1,0,11.06.2026,CLTI-002,,FLVY-003,,FLSK-010,"WLFI-001, WLFI-101",Clinical Support Areas,,WBH.IP4.02.036,118399,21/07/2026,MILK-CLUP,0,,,,,By Type,"FLOOR FINISH: vinyl, seamless, coved, non slip",,By Space Type,3KcEoxkfL1NAMjyK0T_niL,59 W,Power Density,2700,Milk Clean-Up Room,IP4.11.296,0,Rooms,AROO,Rooms,IP3,9.046034104428427,Architecture,WBH-W-11.138,Pantry,02,YES,SL_90_10,Room Spaces,Up to 2,0,New Construction,20.00%,Power Density,,0,0,SC,73 W,0.0,0 W,10.76 W/m²,0 W,13.99 W/m²,132 W,2700,LEVEL 11,0.0,AR Rooms
2026-08-01 19:58:17,11608888,NWB-ARC-WBH-AR-MOD-0036.rvt : 26 : location Internal,NWB-ARC-WBH-AR-MOD-0036,14341581,d498ecbb-ba95-415c-a5ad-f1401d21cedf-00dad5cd,IP3.11.145,"Office, 3 Person",LEVEL 11,New Construction,Inpatient Obstetric 3,IP3,,,,13.7 m²,15383,220.301203,391.440135,265.748031,0 W,0.00 W/m²,0 W,0.00 W/m²,28.6 m²,By Space Type,0,By Space Type,0.0,0.0,0.0,-2000160,,,,0,-1,-8.866667,11.06.2026,,,FLVY-500,,FLSK-010,WLFI-001,Clinical Support Areas,,WBH.IP3.02.035,112801,21/07/2026,OFF-3P,15,,NWB-ARC-GEN-AR-RLS-PS-OFF-3P,,PS,By Type,"FLOOR FINISH: vinyl, seamless, coved, standard slip resistant, feature",,By Space Type,3KcEoxkfL1NAMjyK0T_niI,59 W,Power Density,2700,"Office, 3 Person",IP3.11.145,0,Rooms,AROO,Rooms,IP3,14.013797250003606,Architecture,WBH-W-11.145,"Office, 3 Person",02,YES,SL_90_10,Room Spaces,Up to 3 staff,0,New Construction,20.00%,Power Density,D40_Done,0,0,PS-OFF-3P,73 W,0.0,0 W,10.76 W/m²,0 W,13.99 W/m²,132 W,2700,LEVEL 11,0.0,AR Rooms
2026-08-01 19:58:17,11608888,NWB-ARC-WBH-AR-MOD-0036.rvt : 26 : location Internal,NWB-ARC-WBH-AR-MOD-0036,14341584,d498ecbb-ba95-415c-a5ad-f1401d21cedf-00dad5d0,IP3.11.151,"Toilet, Staff, 3m2",LEVEL 11,New Construction,Inpatient Obstetric 3,IP3,,,,3.7 m²,7686,199.539215,424.195328,265.748031,0 W,0.00 W/m²,0 W,0.00 W/m²,28.6 m²,By Space Type,0,By Space Type,0.0,0.0,0.0,-2000160,"CEILING: plasterboard, water resistant, drop-in tiles, prefinished, 600 x 1200",,,0,-1,21.666667,11.06.2026,CLTI-014,,FLVY-009,,FLSK-010,WLFI-001,Staff Areas,,WBH.IP3.03.003,112808,21/07/2026,WCST,3,,Refer to AusHFG WCST,,SC,By Type,"FLOOR FINISH: vinyl, seamless, coved, wet area, non-slip",,By Space Type,3KcEoxkfL1NAMjyK0T_niF,59 W,Power Density,2700,"Toilet, Staff, 3m2",IP3.11.151,0,Rooms,AROO,Rooms,IP3,2.775000000000016,Architecture,WBH-W-11.151,"Toilet, Staff, 3m2",03,YES,SL_90_10,Room Spaces,1,0,New Construction,20.00%,Power Density,,0,0,SC,73 W,0.0,0 W,10.76 W/m²,0 W,13.99 W/m²,132 W,2700,LEVEL 11,0.0,AR Rooms
2026-08-01 19:58:17,11608888,NWB-ARC-WBH-AR-MOD-0036.rvt : 26 : location Internal,NWB-ARC-WBH-AR-MOD-0036,14341587,d498ecbb-ba95-415c-a5ad-f1401d21cedf-00dad5d3,IP3.11.140,Bay - Meal Trolley,LEVEL 11,New Construction,Inpatient Obstetric 3,IP3,,,,4.6 m²,9509,243.322671,403.721139,265.748031,0 W,0.00 W/m²,0 W,0.00 W/m²,28.6 m²,By Space Type,0,By Space Type,0.0,0.0,0.0,-2000160,"CEILING: plasterboard, drop-in tiles, prefinished, 600 x 1200",,,0,-1,14,11.06.2026,CLTI-008,,FLVY-007,,FLSK-010,WLFI-001,Clinical Support Areas,,WBH.IP3.02.029,112789,21/07/2026,BMT,4,,Refer to AusHFG BMT,,SC,By Type,"FLOOR FINISH: vinyl, seamless, coved, standard slip resistant",,By Space Type,3KcEoxkfL1NAMjyK0T_niC,59 W,Power Density,2700,Bay - Meal Trolley,IP3.11.140,0,Rooms,AROO,Rooms,IP3,3.755349999999992,Architecture,WBH-W-11.140,Bay - Meal Trolley,02,YES,SL_90_10,Room Spaces,,0,New Construction,20.00%,Power Density,,0,0,SC,73 W,0.0,0 W,10.76 W/m²,0 W,13.99 W/m²,132 W,2700,LEVEL 11,0.0,AR Rooms
2026-08-01 19:58:17,11608888,NWB-ARC-WBH-AR-MOD-0036.rvt : 26 : location Internal,NWB-ARC-WBH-AR-MOD-0036,14341590,d498ecbb-ba95-415c-a5ad-f1401d21cedf-00dad5d6,IP3.11.128,Bay - Mobile Equipment,LEVEL 11,New Construction,Inpatient Obstetric 3,IP3,,,,1.7 m²,5726,311.399278,404.343678,265.748031,0 W,0.00 W/m²,0 W,0.00 W/m²,28.6 m²,By Space Type,0,By Space Type,0.0,0.0,0.0,-2000160,"CEILING: plasterboard, drop-in tiles, prefinished, 600 x 1200",,,0,-1,-58.5,11.06.2026,CLTI-008,,FLVY-007,,FLSK-010,WLFI-001,Clinical Support Areas,,WBH.IP3.02.017,112777,21/07/2026,BMEQ,4,,Refer to AusHFG BMEQ,,SC,By Type,"FLOOR FINISH: vinyl, seamless, coved, standard slip resistant",,By Space Type,3KcEoxkfL1NAMjyK0T_ni9,59 W,Power Density,2700,Bay - Mobile Equipment,IP3.11.128,0,Rooms,AROO,Rooms,IP3,3.952999999999966,Architecture,WBH-W-11.128,Bay - Mobile Equipment,02,YES,SL_90_10,Room Spaces,,0,New Construction,20.00%,Power Density,,0,0,SC,73 W,0.0,0 W,10.76 W/m²,0 W,13.99 W/m²,132 W,2700,LEVEL 11,0.0,AR Rooms
2026-08-01 19:58:17,11608888,NWB-ARC-WBH-AR-MOD-0036.rvt : 26 : location Internal,NWB-ARC-WBH-AR-MOD-0036,14341593,d498ecbb-ba95-415c-a5ad-f1401d21cedf-00dad5d9,IP3.11.137,Cleaner's Room,LEVEL 11,New Construction,Inpatient Obstetric 3,IP3,,,,13.8 m²,15471,223.832663,285.521259,265.748031,0 W,0.00 W/m²,0 W,0.00 W/m²,28.6 m²,By Space Type,0,By Space Type,0.0,0.0,0.0,-2000160,"CEILING: plasterboard, water resistant, drop-in tiles, prefinished, 600 x 1200",,,0,-1,38.2,11.06.2026,CLTI-014,,FLVY-004,,FLSK-010,WLFI-001,Clinical Support Areas,,WBH.IP3.02.026,112786,21/07/2026,CLRM-10,10,,NWB-ARC-GEN-AR-RLS-PS-CLRM-10,,PS,By Type,"FLOOR FINISH: vinyl, seamless, coved, non-slip, safety",Refer to Typical Room,By Space Type,3KcEoxkfL1NAMjyK0T_ni6,59 W,Power Density,2700,Cleaner's Room,IP3.11.137,0,Rooms,AROO,Rooms,IP3,10.028230500000127,Architecture,WBH-W-11.137,Cleaner's Room,02,YES,SL_90_10,Room Spaces,1-2 staff intermittently,0,New Construction,20.00%,Power Density,,0,0,PS-CLRM,73 W,0.0,0 W,10.76 W/m²,0 W,13.99 W/m²,132 W,2700,LEVEL 11,0.0,AR Rooms
2026-08-01 19:58:17,11608888,NWB-ARC-WBH-AR-MOD-0036.rvt : 26 : location Internal,NWB-ARC-WBH-AR-MOD-0036,14341596,d498ecbb-ba95-415c-a5ad-f1401d21cedf-00dad5dc,IP3.11.125,"Dirty Utility, 14m2",LEVEL 11,New Construction,Inpatient Obstetric 3,IP3,,,,13.1 m²,14780,248.16437,420.134361,265.748031,0 W,0.00 W/m²,0 W,0.00 W/m²,28.6 m²,By Space Type,0,By Space Type,0.0,0.0,0.0,-2000160,"CEILING: plasterboard, water resistant, drop-in tiles, prefinished, 600 x 1200",,,0,-1,0.928571,11.06.2026,CLTI-014,,FLVY-009,,FLSK-010,WLFI-001,Clinical Support Areas,,WBH.IP3.02.014,112774,21/07/2026,DTUR-14,14,,NWB-ARC-WBH-AR-RLS-IP1.02.014,,DR,By Type,"FLOOR FINISH: vinyl, seamless, coved, wet area, non-slip",Refer to Typical Room,By Space Type,3KcEoxkfL1NAMjyK0T_ni3,59 W,Power Density,2700,"Dirty Utility, 14m2",IP3.11.125,0,Rooms,AROO,Rooms,IP3,13.444874999999211,Architecture,WBH-W-11.125,"Dirty Utility, 14m2",02,YES,SL_90_10,Room Spaces,1 - 2 intermittently,0,New Construction,20.00%,Power Density,,0,0,DR,73 W,0.0,0 W,10.76 W/m²,0 W,13.99 W/m²,132 W,2700,LEVEL 11,0.0,AR Rooms
2026-08-01 19:58:17,11608888,NWB-ARC-WBH-AR-MOD-0036.rvt : 26 : location Internal,NWB-ARC-WBH-AR-MOD-0036,14341599,d498ecbb-ba95-415c-a5ad-f1401d21cedf-00dad5df,IP3.11.127,"Store - Equipment, 20m2",LEVEL 11,New Construction,Inpatient Obstetric 3,IP3,,,,17.3 m²,18729,265.226378,399.031178,265.748031,0 W,0.00 W/m²,0 W,0.00 W/m²,28.6 m²,By Space Type,0,By Space Type,0.0,0.0,0.0,-2000160,"CEILING: plasterboard, drop-in tiles, prefinished, 600 x 1200",,,0,-1,-13.5,11.06.2026,CLTI-008,,FLVY-007,,FLSK-010,WLFI-001,Clinical Support Areas,,WBH.IP3.02.016,112776,21/07/2026,STEQ-20,20,,NWB-ARC-WBH-AR-RLS-DR-STEQ2-20-IP1,,DR,By Type,"FLOOR FINISH: vinyl, seamless, coved, standard slip resistant",Refer to Typical Room,By Space Type,3KcEoxkfL1NAMjyK0T_ni0,59 W,Power Density,2700,"Store - Equipment, 20m2",IP3.11.127,0,Rooms,AROO,Rooms,IP3,18.0397769999998,Architecture,WBH-W-11.127,"Store - Equipment, 20m2",02,YES,SL_90_10,Room Spaces,"1-2 staff, intermittently",0,New Construction,20.00%,Power Density,,0,0,DR,73 W,0.0,0 W,10.76 W/m²,0 W,13.99 W/m²,132 W,2700,LEVEL 11,0.0,AR Rooms
2026-08-01 19:58:17,11608888,NWB-ARC-WBH-AR-MOD-0036.rvt : 26 : location Internal,NWB-ARC-WBH-AR-MOD-0036,14341602,d498ecbb-ba95-415c-a5ad-f1401d21cedf-00dad5e2,IP3.11.147,"Office, Clinical Workroom",LEVEL 11,New Construction,Inpatient Obstetric 3,IP3,,,,14.6 m²,15315,254.875543,397.625121,265.748031,0 W,0.00 W/m²,0 W,0.00 W/m²,28.6 m²,By Space Type,0,By Space Type,0.0,0.0,0.0,-2000160,"CEILING: acoustic, drop-in tiles, 600 x 1200",,,0,-1,-2.6,11.06.2026,CLTI-002,,FLVY-007,,FLSK-010,WLFI-001,Clinical Support Areas,,WBH.IP3.02.037,112803,21/07/2026,OFF-CLN,15,,Refer to AusHFG OFF-CLN,,SC,By Type,"FLOOR FINISH: vinyl, seamless, coved, standard slip resistant",,By Space Type,3KcEoxkfL1NAMjyK0T_niz,59 W,Power Density,2700,"Office, Clinical Workroom",IP3.11.147,0,Rooms,AROO,Rooms,IP3,13.926059999999607,Architecture,WBH-W-11.147,"Office, Clinical Workroom",02,YES,SL_90_10,Room Spaces,4 workstations,0,New Construction,20.00%,Power Density,D40_Done,0,0,SC,73 W,0.0,0 W,10.76 W/m²,0 W,13.99 W/m²,132 W,2700,LEVEL 11,0.0,AR Rooms
2026-08-01 19:58:17,11608888,NWB-ARC-WBH-AR-MOD-0036.rvt : 26 : location Internal,NWB-ARC-WBH-AR-MOD-0036,14341605,d498ecbb-ba95-415c-a5ad-f1401d21cedf-00dad5e5,IP3.11.124,Store - General,LEVEL 11,New Construction,Inpatient Obstetric 3,IP3,,,,9.8 m²,14486,277.861713,399.188559,265.748031,0 W,0.00 W/m²,0 W,0.00 W/m²,28.6 m²,By Space Type,0,By Space Type,0.0,0.0,0.0,-2000160,"CEILING: plasterboard, drop-in tiles, prefinished, 600 x 1200",,,0,-1,9.222222,11.06.2026,CLTI-008,,FLVY-007,,FLSK-010,WLFI-001,Clinical Support Areas,,WBH.IP3.02.013,112773,21/07/2026,STGN,9,,Refer to AusHFG STGN,,SC,By Type,"FLOOR FINISH: vinyl, seamless, coved, standard slip resistant",,By Space Type,3KcEoxkfL1NAMjyK0T_niw,59 W,Power Density,2700,Store - General,IP3.11.124,0,Rooms,AROO,Rooms,IP3,9.637000000000059,Architecture,WBH-W-11.124,Store - General,02,YES,SL_90_10,Room Spaces,"1-2 staff, intermittently",0,New Construction,20.00%,Power Density,,0,0,SC,73 W,0.0,0 W,10.76 W/m²,0 W,13.99 W/m²,132 W,2700,LEVEL 11,0.0,AR Rooms
2026-08-01 19:58:17,11608888,NWB-ARC-WBH-AR-MOD-0036.rvt : 26 : location Internal,NWB-ARC-WBH-AR-MOD-0036,14341608,d498ecbb-ba95-415c-a5ad-f1401d21cedf-00dad5e8,IP3.11.159,"Meeting Room, 20m2",LEVEL 11,New Construction,Inpatient Obstetric 3,IP3,,,,18.2 m²,17193,313.425604,391.188721,265.748031,0 W,0.00 W/m²,0 W,0.00 W/m²,28.6 m²,By Space Type,0,By Space Type,0.0,0.0,0.0,-2000160,,,,0,-1,-9.3,11.06.2026,,,FLVY-500,,FLSK-010,WLFI-001,Shared Staff Areas,,WBH.IP3.05.002,112805,21/07/2026,MEET-20,20,,Refer to AusHFG MEET-20,,SC,By Type,"FLOOR FINISH: vinyl, seamless, coved, standard slip resistant, feature",,By Space Type,3KcEoxkfL1NAMjyK0T_nit,59 W,Power Density,2700,"Meeting Room, 20m2",IP3.11.159,0,Rooms,AROO,Rooms,IP3,22.712418500000382,Architecture,WBH-W-11.159,"Meeting Room, 20m2",05,YES,SL_90_10,Room Spaces,Up to 12 seated,0,New Construction,20.00%,Power Density,,0,0,SC,73 W,0.0,0 W,10.76 W/m²,0 W,13.99 W/m²,132 W,2700,LEVEL 11,0.0,AR Rooms
2026-08-01 19:58:17,11608888,NWB-ARC-WBH-AR-MOD-0036.rvt : 26 : location Internal,NWB-ARC-WBH-AR-MOD-0036,14341611,d498ecbb-ba95-415c-a5ad-f1401d21cedf-00dad5eb,IP3.11.149,"Bay - Property, Staff",LEVEL 11,New Construction,Inpatient Obstetric 3,IP3,,,,1.6 m²,6975,228.127397,400.918169,265.748031,0 W,0.00 W/m²,0 W,0.00 W/m²,28.6 m²,By Space Type,0,By Space Type,0.0,0.0,0.0,-2000160,"CEILING: acoustic, drop-in tiles, 600 x 1200",,,0,-1,-47.333333,11.06.2026,CLTI-002,,FLVY-007,,FLSK-010,WLFI-001,Staff Areas,,WBH.IP3.03.001,112806,21/07/2026,BPROP,3,,NWB-ARC-GEN-AR-RLS-PS-BPROP,,PS,By Type,"FLOOR FINISH: vinyl, seamless, coved, standard slip resistant",Refer to Typical Room,By Space Type,3KcEoxkfL1NAMjyK0T_niq,59 W,Power Density,2700,"Bay - Property, Staff",IP3.11.149,0,Rooms,AROO,Rooms,IP3,3.1138749999995965,Architecture,WBH-W-11.149,"Bay - Property, Staff",03,YES,SL_90_10,Room Spaces,"Up to 4 staff, intermittently",0,New Construction,20.00%,Power Density,,0,0,PS-BPROP,73 W,0.0,0 W,10.76 W/m²,0 W,13.99 W/m²,132 W,2700,LEVEL 11,0.0,AR Rooms
2026-08-01 19:58:17,11608888,NWB-ARC-WBH-AR-MOD-0036.rvt : 26 : location Internal,NWB-ARC-WBH-AR-MOD-0036,14341620,d498ecbb-ba95-415c-a5ad-f1401d21cedf-00dad5f4,IP3.11.126,"Store - Equipment, 20m2",LEVEL 11,New Construction,Inpatient Obstetric 3,IP3,,,,14.9 m²,17764,218.124366,382.971467,265.748031,0 W,0.00 W/m²,0 W,0.00 W/m²,28.6 m²,By Space Type,0,By Space Type,0.0,0.0,0.0,-2000160,"CEILING: plasterboard, drop-in tiles, prefinished, 600 x 1200",,,0,-1,-25.7,11.06.2026,CLTI-008,,FLVY-007,,FLSK-010,WLFI-001,Clinical Support Areas,,WBH.IP3.02.015,112775,21/07/2026,STEQ-20,20,,NWB-ARC-WBH-AR-RLS-DR-STEQ.1-20-IPO,,DR,By Type,"FLOOR FINISH: vinyl, seamless, coved, standard slip resistant",Refer to Typical Room,By Space Type,3KcEoxkfL1NAMjyK0T_nih,59 W,Power Density,2700,"Store - Equipment, 20m2",IP3.11.126,0,Rooms,AROO,Rooms,IP3,16.0135325000024,Architecture,WBH-W-11.126,"Store - Equipment, 20m2",02,YES,SL_90_10,Room Spaces,"1-2 staff, intermittently",0,New Construction,20.00%,Power Density,,0,0,DR,73 W,0.0,0 W,10.76 W/m²,0 W,13.99 W/m²,132 W,2700,LEVEL 11,0.0,AR Rooms
2026-08-01 19:58:17,11608888,NWB-ARC-WBH-AR-MOD-0036.rvt : 26 : location Internal,NWB-ARC-WBH-AR-MOD-0036,14341623,d498ecbb-ba95-415c-a5ad-f1401d21cedf-00dad5f7,BOH.11.401,Disposal Hub,LEVEL 11,New Construction,"Loading Dock, Logistics Services & Back of House",BOH,,,,22.3 m²,18916,217.706693,346.456539,265.748031,0 W,0.00 W/m²,0 W,0.00 W/m²,28.6 m²,By Space Type,0,By Space Type,0.0,0.0,0.0,-2000160,,,,0,-1,0,11.06.2026,,,FLGE-004,,FLSK-002,WLFI-001,Logistics,,WBH.BOH.12.081,115228,21/07/2026,DISP HUB,0,,NWB-ARC-WBH-AR-RLS-NS-AGV-DIRTY-20-BOH,,NS,By Type,"FLOOR FINISH: concrete, epoxy coating",,By Space Type,3KcEoxkfL1NAMjyK0T_nie,59 W,Power Density,2700,Disposal Hub,BOH.11.401,0,Rooms,AROO,Rooms,BOH,10.769625000018188,Architecture,WBH-W-11.401,Disposal Hub,12,YES,SL_90_10,Room Spaces,,0,New Construction,20.00%,Power Density,,0,0,NS,73 W,0.0,0 W,10.76 W/m²,0 W,13.99 W/m²,132 W,2700,LEVEL 11,0.0,AR Rooms
2026-08-01 19:58:17,11608888,NWB-ARC-WBH-AR-MOD-0036.rvt : 26 : location Internal,NWB-ARC-WBH-AR-MOD-0036,14341626,d498ecbb-ba95-415c-a5ad-f1401d21cedf-00dad5fa,IP3.11.158,"Staff Room, 30m2",LEVEL 11,New Construction,Inpatient Obstetric 3,IP3,,,,26.0 m²,23741,218.493132,298.076454,265.748031,0 W,0.00 W/m²,0 W,0.00 W/m²,28.6 m²,By Space Type,0,By Space Type,0.0,0.0,0.0,-2000160,"CEILING: acoustic, drop-in tiles, 600 x 1200",,,0,-1,-13.233333,11.06.2026,CLTI-002,,FLVY-007,,FLSK-010,WLFI-001,Shared Staff Areas,,WBH.IP3.05.001,112804,21/07/2026,SRM-30,30,,NWB-ARC-WBH-AR-RLS-DR-SRM-30-IP1,,DR,By Type,"FLOOR FINISH: vinyl, seamless, coved, standard slip resistant",Refer to Typical Room,By Space Type,3KcEoxkfL1NAMjyK0T_nib,59 W,Power Density,2700,"Staff Room, 30m2",IP3.11.158,0,Rooms,AROO,Rooms,IP3,30.8622032461374,Architecture,WBH-W-11.158,"Staff Room, 30m2",05,YES,SL_90_10,Room Spaces,"Up to 24 staff, intermittently",0,New Construction,20.00%,Power Density,,0,0,DR,73 W,0.0,0 W,10.76 W/m²,0 W,13.99 W/m²,132 W,2700,LEVEL 11,0.0,AR Rooms
2026-08-01 19:58:17,11608888,NWB-ARC-WBH-AR-MOD-0036.rvt : 26 : location Internal,NWB-ARC-WBH-AR-MOD-0036,14341629,d498ecbb-ba95-415c-a5ad-f1401d21cedf-00dad5fd,IP4.11.302,"Bay - Property, Staff",LEVEL 11,New Construction,Inpatient Obstetric 4,IP4,,,,1.6 m²,6974,227.932604,276.215988,265.748031,0 W,0.00 W/m²,0 W,0.00 W/m²,28.6 m²,By Space Type,0,By Space Type,0.0,0.0,0.0,-2000160,"CEILING: acoustic, drop-in tiles, 600 x 1200",,,0,-1,-45.333333,11.06.2026,CLTI-002,,FLVY-007,,FLSK-010,WLFI-001,Staff Areas,,WBH.IP4.03.001,112914,21/07/2026,BPROP,3,,NWB-ARC-GEN-AR-RLS-PS-BPROP,,PS,By Type,"FLOOR FINISH: vinyl, seamless, coved, standard slip resistant",Refer to Typical Room,By Space Type,3KcEoxkfL1NAMjyK0T_niY,59 W,Power Density,2700,"Bay - Property, Staff",IP4.11.302,0,Rooms,AROO,Rooms,IP4,3.113875000000167,Architecture,WBH-W-11.302,"Bay - Property, Staff",03,YES,SL_90_10,Room Spaces,"Up to 4 staff, intermittently",0,New Construction,20.00%,Power Density,,0,0,PS-BPROP,73 W,0.0,0 W,10.76 W/m²,0 W,13.99 W/m²,132 W,2700,LEVEL 11,0.0,AR Rooms
2026-08-01 19:58:17,11608888,NWB-ARC-WBH-AR-MOD-0036.rvt : 26 : location Internal,NWB-ARC-WBH-AR-MOD-0036,14341760,c3fd73e9-8529-4c45-b9f3-05c108b08dc7-00dad680,IP3.11.154,Multi-Purpose Room,LEVEL 11,New Construction,Inpatient Obstetric 3,IP3,,,,27.0 m²,22171,316.048228,345.290201,265.748031,0 W,0.00 W/m²,0 W,0.00 W/m²,28.6 m²,By Space Type,0,By Space Type,0.0,0.0,0.0,-2000160,,,,0,-1,-10.1,11.06.2026,,,FLVY-500,,FLSK-010,WLFI-001,Shared Patient Areas,,WBH.IP3.04.003,112796,21/07/2026,MPURP-30,30,,NWB-ARC-WBH-AR-RLS-NS-MPURP.2-30-IP1,,NS,By Type,"FLOOR FINISH: vinyl, seamless, coved, standard slip resistant, feature",Refer to Typical Room,By Space Type,33$NFfXIbCHRdp1S48Qbj7,59 W,Power Density,2700,Multi-Purpose Room,IP3.11.154,0,Rooms,AROO,Rooms,IP3,29.14678324999552,Architecture,WBH-W-11.154,Multi-Purpose Room,04,YES,SL_90_10,Room Spaces,,0,New Construction,20.00%,Power Density,,0,0,NS,73 W,0.0,0 W,10.76 W/m²,0 W,13.99 W/m²,132 W,2700,LEVEL 11,0.0,AR Rooms
2026-08-01 19:58:17,11608888,NWB-ARC-WBH-AR-MOD-0036.rvt : 26 : location Internal,NWB-ARC-WBH-AR-MOD-0036,14341763,c3fd73e9-8529-4c45-b9f3-05c108b08dc7-00dad683,IP3.11.152,"Laundry, 8m2",LEVEL 11,New Construction,Inpatient Obstetric 3,IP3,,,,8.8 m²,12166,320.38878,327.155358,265.748031,0 W,0.00 W/m²,0 W,0.00 W/m²,28.6 m²,By Space Type,0,By Space Type,0.0,0.0,0.0,-2000160,"CEILING: flush set, suspended, moisture resistant, CEILING: plasterboard, water resistant, flush set, suspended, paint, washable",,,0,-1,10.25,11.06.2026,"CLFS-009, CLFS-013",CLFI-001,FLVY-003,,FLSK-021,"WLFI-001, WLFI-002",Shared Patient Areas,,WBH.IP3.04.001,112794,21/07/2026,LAUN-PT,8,,NWB-ARC-WBH-AR-RLS-IP3.04.001,,DR,By Type,"FLOOR FINISH: vinyl, seamless, coved, non slip",Refer to Typical Room,By Space Type,33$NFfXIbCHRdp1S48Qbj4,59 W,Power Density,2700,"Laundry, 8m2",IP3.11.152,0,Rooms,AROO,Rooms,IP3,8.609276999999897,Architecture,WBH-W-11.152,"Laundry, 8m2",04,YES,SL_90_10,Room Spaces,1 - 2,0,New Construction,20.00%,Power Density,,Yes,0,DR,73 W,0.0,0 W,10.76 W/m²,0 W,13.99 W/m²,132 W,2700,LEVEL 11,0.0,AR Rooms
2026-08-01 19:58:17,11608888,NWB-ARC-WBH-AR-MOD-0036.rvt : 26 : location Internal,NWB-ARC-WBH-AR-MOD-0036,14341766,c3fd73e9-8529-4c45-b9f3-05c108b08dc7-00dad686,IP3.11.153,Milk Clean-Up Room,LEVEL 11,New Construction,Inpatient Obstetric 3,IP3,,,,7.3 m²,10855,223.012148,401.505796,265.748031,0 W,0.00 W/m²,0 W,0.00 W/m²,28.6 m²,By Space Type,0,By Space Type,0.0,0.0,0.0,-2000160,"CEILING: acoustic, drop-in tiles, 600 x 1200",,,0,-1,-8.625,11.06.2026,CLTI-002,,FLVY-003,,FLSK-010,WLFI-001,Shared Patient Areas,,WBH.IP3.04.002,112795,21/07/2026,MILK-CLUP,8,,NWB-ARC-WBH-AR-RLS-IP1.04.002,,PS,By Type,"FLOOR FINISH: vinyl, seamless, coved, non slip",Refer to Typical Room,By Space Type,33$NFfXIbCHRdp1S48Qbj1,59 W,Power Density,2700,Milk Clean-Up Room,IP3.11.153,0,Rooms,AROO,Rooms,IP3,7.750599999999167,Architecture,WBH-W-11.153,Milk Clean-Up Room,04,YES,SL_90_10,Room Spaces,Up to 2,0,New Construction,20.00%,Power Density,,0,0,PS-MILK-CLUP,73 W,0.0,0 W,10.76 W/m²,0 W,13.99 W/m²,132 W,2700,LEVEL 11,0.0,AR Rooms
2026-08-01 19:58:17,11608888,NWB-ARC-WBH-AR-MOD-0036.rvt : 26 : location Internal,NWB-ARC-WBH-AR-MOD-0036,14341769,c3fd73e9-8529-4c45-b9f3-05c108b08dc7-00dad689,IP3.11.157,"Toilet, Public, 4m2",LEVEL 11,New Construction,Inpatient Obstetric 3,IP3,,,,3.4 m²,7447,307.422802,400.698218,265.748031,0 W,0.00 W/m²,0 W,0.00 W/m²,28.6 m²,By Space Type,0,By Space Type,0.0,0.0,0.0,-2000160,"CEILING: plasterboard, water resistant, drop-in tiles, prefinished, 600 x 1200",,,0,-1,-14.25,11.06.2026,CLTI-014,,FLVY-009,,FLSK-010,WLFI-001,Shared Patient Areas,,WBH.IP3.04.006,112799,21/07/2026,WCPU,4,,Refer to AusHFG WCPU,,SC,By Type,"FLOOR FINISH: vinyl, seamless, coved, wet area, non-slip",,By Space Type,33$NFfXIbCHRdp1S48QbjE,59 W,Power Density,2700,"Toilet, Public, 4m2",IP3.11.157,0,Rooms,AROO,Rooms,IP3,3.9000000000000177,Architecture,WBH-W-11.157,"Toilet, Public, 4m2",04,YES,SL_90_10,Room Spaces,1,0,New Construction,20.00%,Power Density,,0,0,SC,73 W,0.0,0 W,10.76 W/m²,0 W,13.99 W/m²,132 W,2700,LEVEL 11,0.0,AR Rooms
2026-08-01 19:58:17,11608888,NWB-ARC-WBH-AR-MOD-0036.rvt : 26 : location Internal,NWB-ARC-WBH-AR-MOD-0036,14341772,c3fd73e9-8529-4c45-b9f3-05c108b08dc7-00dad68c,IP4.11.X02,Outdoor Area,LEVEL 11,New Construction,Inpatient Obstetric 4,IP4,,,,29.9 m²,22090,316.60105,300.856146,265.748031,0 W,0.00 W/m²,0 W,0.00 W/m²,28.6 m²,By Space Type,0,By Space Type,0.0,0.0,0.0,-2000160,,,,0,-1,-40.22,11.06.2026,,,,,,,External Areas,,WBH.IP4.EX.001,112918,21/07/2026,OUTDOOR,50,,External Area,,NS,By Type,,No RLS,By Space Type,33$NFfXIbCHRdp1S48QbjB,59 W,Power Density,2700,Outdoor Area,IP4.11.X02,0,Rooms,AROO,Rooms,IP4,30.52349999999799,Architecture,WBH-W-11.X02,Outdoor Area,EX,YES,SL_90_10,Room Spaces,,0,New Construction,20.00%,Power Density,,0,0,NS,73 W,0.0,0 W,10.76 W/m²,0 W,13.99 W/m²,132 W,2700,LEVEL 11,0.0,AR Rooms
2026-08-01 19:58:17,11608888,NWB-ARC-WBH-AR-MOD-0036.rvt : 26 : location Internal,NWB-ARC-WBH-AR-MOD-0036,14341775,c3fd73e9-8529-4c45-b9f3-05c108b08dc7-00dad68f,IP3.11.X01,Outdoor Area,LEVEL 11,New Construction,Inpatient Obstetric 3,IP3,,,,30.5 m²,22290,316.60105,376.233442,265.748031,0 W,0.00 W/m²,0 W,0.00 W/m²,28.6 m²,By Space Type,0,By Space Type,0.0,0.0,0.0,-2000160,,,,0,-1,-38.96,11.06.2026,,,,,,,External Areas,,WBH.IP3.EX.001,112809,21/07/2026,OUTDOOR,50,,External Area,,NS,By Type,,No RLS,By Space Type,33$NFfXIbCHRdp1S48Qbj8,59 W,Power Density,2700,Outdoor Area,IP3.11.X01,0,Rooms,AROO,Rooms,IP3,30.523500000000357,Architecture,WBH-W-11.X01,Outdoor Area,EX,YES,SL_90_10,Room Spaces,,0,New Construction,20.00%,Power Density,,0,0,NS,73 W,0.0,0 W,10.76 W/m²,0 W,13.99 W/m²,132 W,2700,LEVEL 11,0.0,AR Rooms
2026-08-01 19:58:17,11608888,NWB-ARC-WBH-AR-MOD-0036.rvt : 26 : location Internal,NWB-ARC-WBH-AR-MOD-0036,14341778,c3fd73e9-8529-4c45-b9f3-05c108b08dc7-00dad692,IP4.11.268,"Lounge, Family",LEVEL 11,New Construction,Inpatient Obstetric 4,IP4,,,,19.9 m²,20275,326.689633,281.410608,265.748031,0 W,0.00 W/m²,0 W,0.00 W/m²,28.6 m²,By Space Type,0,By Space Type,0.0,0.0,0.0,-2000160,"CEILING: acoustic, drop-in tiles, 600 x 1200",,,0,-1,-0.7,11.06.2026,CLTI-002,,FLVY-500,,FLSK-010,WLFI-001,Patient Areas,,WBH.IP4.01.063,112873,21/07/2026,LNGE-20,20,,NWB-ARC-WBH-AR-RLS-DR-LNGE-20-IP1,,DR,By Type,"FLOOR FINISH: vinyl, seamless, coved, standard slip resistant, feature",Refer to Typical Room,By Space Type,33$NFfXIbCHRdp1S48QbjL,59 W,Power Density,2700,"Lounge, Family",IP4.11.268,0,Rooms,AROO,Rooms,IP4,20.87700200000047,Architecture,WBH-W-11.268,"Lounge, Family",01,YES,SL_90_10,Room Spaces,Up to 10 patients/visitors; 1-2 staff intermittently,0,New Construction,20.00%,Power Density,,0,0,DR,73 W,0.0,0 W,10.76 W/m²,0 W,13.99 W/m²,132 W,2700,LEVEL 11,0.0,AR Rooms
2026-08-01 19:58:17,11608888,NWB-ARC-WBH-AR-MOD-0036.rvt : 26 : location Internal,NWB-ARC-WBH-AR-MOD-0036,14341781,c3fd73e9-8529-4c45-b9f3-05c108b08dc7-00dad695,IP4.11.270,Bay - Vending Machine,LEVEL 11,New Construction,Inpatient Obstetric 4,IP4,,,,3.2 m²,7790,334.071522,275.888954,265.748031,0 W,0.00 W/m²,0 W,0.00 W/m²,28.6 m²,By Space Type,0,By Space Type,0.0,0.0,0.0,-2000160,"CEILING: acoustic, drop-in tiles, 600 x 1200",,,0,-1,5.333333,11.06.2026,CLTI-002,,FLVY-500,,FLSK-010,WLFI-001,Patient Areas,,WBH.IP4.01.065,112875,21/07/2026,BVM,3,,NWB-ARC-GEN-AR-RLS-PS-BVM,,PS,By Type,"FLOOR FINISH: vinyl, seamless, coved, standard slip resistant",Refer to Typical Room,By Space Type,33$NFfXIbCHRdp1S48QbjI,59 W,Power Density,2700,Bay - Vending Machine,IP4.11.270,0,Rooms,AROO,Rooms,IP4,3.0653622499993025,Architecture,WBH-W-11.270,Bay - Vending Machine,01,YES,SL_90_10,Room Spaces,1 - 2 intermittently,0,New Construction,20.00%,Power Density,,0,0,PS-BVM,73 W,0.0,0 W,10.76 W/m²,0 W,13.99 W/m²,132 W,2700,LEVEL 11,0.0,AR Rooms
2026-08-01 19:58:17,11608888,NWB-ARC-WBH-AR-MOD-0036.rvt : 26 : location Internal,NWB-ARC-WBH-AR-MOD-0036,14341784,c3fd73e9-8529-4c45-b9f3-05c108b08dc7-00dad698,IP4.11.269,"Bay - Beverage, Patient/Visitor",LEVEL 11,New Construction,Inpatient Obstetric 4,IP4,,,,2.1 m²,6208,322.94822,278.006033,265.748031,0 W,0.00 W/m²,0 W,0.00 W/m²,28.6 m²,By Space Type,0,By Space Type,0.0,0.0,0.0,-2000160,"CEILING: acoustic, drop-in tiles, 600 x 1200",,,0,-1,5,11.06.2026,CLTI-002,,FLVY-500,,FLSK-010,WLFI-001,Patient Areas,,WBH.IP4.01.064,112874,21/07/2026,BBEV-2,2,,NWB-ARC-WBH-AR-RLS-IP1.01.089,,PS,By Type,"FLOOR FINISH: vinyl, seamless, coved, standard slip resistant",Refer to Typical Room,By Space Type,33$NFfXIbCHRdp1S48QbjV,59 W,Power Density,2700,"Bay - Beverage, Patient/Visitor",IP4.11.269,0,Rooms,AROO,Rooms,IP4,2.1251999999999795,Architecture,WBH-W-11.269,"Bay - Beverage, Patient/Visitor",01,YES,SL_90_10,Room Spaces,1-2 intermittently,0,New Construction,20.00%,Power Density,,0,0,PS-BBEV-2,73 W,0.0,0 W,10.76 W/m²,0 W,13.99 W/m²,132 W,2700,LEVEL 11,0.0,AR Rooms
2026-08-01 19:58:17,11608888,NWB-ARC-WBH-AR-MOD-0036.rvt : 26 : location Internal,NWB-ARC-WBH-AR-MOD-0036,14341787,c3fd73e9-8529-4c45-b9f3-05c108b08dc7-00dad69b,IP4.11.209,"1 Bed Room, Obstetric",LEVEL 11,New Construction,Inpatient Obstetric 4,IP4,,,,17.5 m²,17529,301.509186,228.078915,265.748031,0 W,0.00 W/m²,0 W,0.00 W/m²,28.6 m²,By Space Type,0,By Space Type,0.0,0.0,0.0,-2000160,"CEILING: plasterboard, flush set, suspended, paint, washable",,,0,-1,-2.888889,11.06.2026,CLFS-006,CLGE-001,FLVY-500,,FLSK-010,WLFI-001,Patient Areas,,WBH.IP4.01.002,112811,21/07/2026,1BR-OBS-A,18,,NWB-ARC-WBH-AR-RLS-IP1.01.085,,PS,By Type,"FLOOR FINISH: vinyl, seamless, coved, standard slip resistant, feature",Refer to Typical Room,By Space Type,33$NFfXIbCHRdp1S48QbjS,59 W,Power Density,2700,"1 Bed Room, Obstetric",IP4.11.209,0,Rooms,AROO,Rooms,IP4,17.881850258789044,Architecture,WBH-W-11.209,"1 Bed Room, Obstetric",01,YES,SL_90_10,Room Spaces,1 patient; 1-2 staff; 1-2 visitors,0,New Construction,20.00%,Power Density,,0,0,PS-1BR-OBS-A,73 W,0.0,0 W,10.76 W/m²,0 W,13.99 W/m²,132 W,2700,LEVEL 11,0.0,AR Rooms
2026-08-01 19:58:17,11608888,NWB-ARC-WBH-AR-MOD-0036.rvt : 26 : location Internal,NWB-ARC-WBH-AR-MOD-0036,14341790,c3fd73e9-8529-4c45-b9f3-05c108b08dc7-00dad69e,IP4.11.210,"1 Bed Room, Obstetric",LEVEL 11,New Construction,Inpatient Obstetric 4,IP4,,,,17.5 m²,17525,342.847769,283.656342,265.748031,0 W,0.00 W/m²,0 W,0.00 W/m²,28.6 m²,By Space Type,0,By Space Type,0.0,0.0,0.0,-2000160,"CEILING: plasterboard, flush set, suspended, paint, washable",,,0,-1,-2.833333,11.06.2026,CLFS-006,CLGE-001,FLVY-500,,FLSK-010,WLFI-001,Patient Areas,,WBH.IP4.01.003,112812,21/07/2026,1BR-OBS-A,18,,NWB-ARC-WBH-AR-RLS-IP1.01.085,,PS,By Type,"FLOOR FINISH: vinyl, seamless, coved, standard slip resistant, feature",Refer to Typical Room,By Space Type,33$NFfXIbCHRdp1S48QbjP,59 W,Power Density,2700,"1 Bed Room, Obstetric",IP4.11.210,0,Rooms,AROO,Rooms,IP4,17.881850258785285,Architecture,WBH-W-11.210,"1 Bed Room, Obstetric",01,YES,SL_90_10,Room Spaces,1 patient; 1-2 staff; 1-2 visitors,0,New Construction,20.00%,Power Density,,0,0,PS-1BR-OBS-A,73 W,0.0,0 W,10.76 W/m²,0 W,13.99 W/m²,132 W,2700,LEVEL 11,0.0,AR Rooms
2026-08-01 19:58:17,11608888,NWB-ARC-WBH-AR-MOD-0036.rvt : 26 : location Internal,NWB-ARC-WBH-AR-MOD-0036,14341793,c3fd73e9-8529-4c45-b9f3-05c108b08dc7-00dad6a1,IP4.11.256,"Ensuite, Inboard",LEVEL 11,New Construction,Inpatient Obstetric 4,IP4,,,,5.2 m²,8949,304.691601,235.998033,265.748031,0 W,0.00 W/m²,0 W,0.00 W/m²,28.6 m²,By Space Type,0,By Space Type,0.0,0.0,0.0,-2000160,"CEILING: plasterboard, water resistant, drop-in tiles, prefinished, 600 x 1200",,,0,-1,3.6,11.06.2026,CLTI-014,,FLVY-009,,FLSK-010,WLFI-011.07,Patient Areas,,WBH.IP4.01.050,112859,21/07/2026,ENS-ST-A,5,,Refer to AusHFG ENS-ST-A1,Mirrored,SC,By Type,"FLOOR FINISH: vinyl, seamless, coved, wet area, non-slip",,By Space Type,33$NFfXIbCHRdp1S48Qbjc,59 W,Power Density,2700,"Ensuite, Inboard",IP4.11.256,0,Rooms,AROO,Rooms,IP4,5.098160372605625,Architecture,WBH-W-11.256,"Ensuite, Inboard",01,YES,SL_90_10,Room Spaces,1 patient; 1 staff assisting,0,New Construction,20.00%,Power Density,,0,0,SC,73 W,0.0,0 W,10.76 W/m²,0 W,13.99 W/m²,132 W,2700,LEVEL 11,0.0,AR Rooms
2026-08-01 19:58:17,11608888,NWB-ARC-WBH-AR-MOD-0036.rvt : 26 : location Internal,NWB-ARC-WBH-AR-MOD-0036,14341796,c3fd73e9-8529-4c45-b9f3-05c108b08dc7-00dad6a4,IP4.11.255,"Ensuite, Inboard",LEVEL 11,New Construction,Inpatient Obstetric 4,IP4,,,,4.9 m²,8702,339.33399,275.487051,265.748031,0 W,0.00 W/m²,0 W,0.00 W/m²,28.6 m²,By Space Type,0,By Space Type,0.0,0.0,0.0,-2000160,"CEILING: plasterboard, water resistant, drop-in tiles, prefinished, 600 x 1200",,,0,-1,-2.8,11.06.2026,CLTI-014,,FLVY-009,,FLSK-010,WLFI-011.07,Patient Areas,,WBH.IP4.01.049,112858,21/07/2026,ENS-ST-A,5,,Refer to AusHFG ENS-ST-A1,,SC,By Type,"FLOOR FINISH: vinyl, seamless, coved, wet area, non-slip",,By Space Type,33$NFfXIbCHRdp1S48QbjZ,59 W,Power Density,2700,"Ensuite, Inboard",IP4.11.255,0,Rooms,AROO,Rooms,IP4,5.09816037260346,Architecture,WBH-W-11.255,"Ensuite, Inboard",01,YES,SL_90_10,Room Spaces,1 patient; 1 staff assisting,0,New Construction,20.00%,Power Density,,0,0,SC,73 W,0.0,0 W,10.76 W/m²,0 W,13.99 W/m²,132 W,2700,LEVEL 11,0.0,AR Rooms
2026-08-01 19:58:17,11608888,NWB-ARC-WBH-AR-MOD-0036.rvt : 26 : location Internal,NWB-ARC-WBH-AR-MOD-0036,14341799,c3fd73e9-8529-4c45-b9f3-05c108b08dc7-00dad6a7,IP4.11.211,"1 Bed Room, Obstetric",LEVEL 11,New Construction,Inpatient Obstetric 4,IP4,,,,17.5 m²,17540,356.627297,283.656342,265.748031,0 W,0.00 W/m²,0 W,0.00 W/m²,28.6 m²,By Space Type,0,By Space Type,0.0,0.0,0.0,-2000160,"CEILING: plasterboard, flush set, suspended, paint, washable",,,0,-1,-2.777778,11.06.2026,CLFS-006,CLGE-001,FLVY-500,,FLSK-010,WLFI-001,Patient Areas,,WBH.IP4.01.004,112813,21/07/2026,1BR-OBS-A,18,,NWB-ARC-WBH-AR-RLS-IP1.01.085,,PS,By Type,"FLOOR FINISH: vinyl, seamless, coved, standard slip resistant, feature",Refer to Typical Room,By Space Type,33$NFfXIbCHRdp1S48QbjW,59 W,Power Density,2700,"1 Bed Room, Obstetric",IP4.11.211,0,Rooms,AROO,Rooms,IP4,17.88185025879087,Architecture,WBH-W-11.211,"1 Bed Room, Obstetric",01,YES,SL_90_10,Room Spaces,1 patient; 1-2 staff; 1-2 visitors,0,New Construction,20.00%,Power Density,,0,0,PS-1BR-OBS-A,73 W,0.0,0 W,10.76 W/m²,0 W,13.99 W/m²,132 W,2700,LEVEL 11,0.0,AR Rooms
2026-08-01 19:58:17,11608888,NWB-ARC-WBH-AR-MOD-0036.rvt : 26 : location Internal,NWB-ARC-WBH-AR-MOD-0036,14341802,c3fd73e9-8529-4c45-b9f3-05c108b08dc7-00dad6aa,IP4.11.254,"Ensuite, Inboard",LEVEL 11,New Construction,Inpatient Obstetric 4,IP4,,,,5.2 m²,8947,360.567585,275.487051,265.748031,0 W,0.00 W/m²,0 W,0.00 W/m²,28.6 m²,By Space Type,0,By Space Type,0.0,0.0,0.0,-2000160,"CEILING: plasterboard, water resistant, drop-in tiles, prefinished, 600 x 1200",,,0,-1,3.4,11.06.2026,CLTI-014,,FLVY-009,,FLSK-010,WLFI-011.07,Patient Areas,,WBH.IP4.01.048,112857,21/07/2026,ENS-ST-A,5,,Refer to AusHFG ENS-ST-A1,,SC,By Type,"FLOOR FINISH: vinyl, seamless, coved, wet area, non-slip",,By Space Type,33$NFfXIbCHRdp1S48Qbjj,59 W,Power Density,2700,"Ensuite, Inboard",IP4.11.254,0,Rooms,AROO,Rooms,IP4,5.098160372603428,Architecture,WBH-W-11.254,"Ensuite, Inboard",01,YES,SL_90_10,Room Spaces,1 patient; 1 staff assisting,0,New Construction,20.00%,Power Density,,0,0,SC,73 W,0.0,0 W,10.76 W/m²,0 W,13.99 W/m²,132 W,2700,LEVEL 11,0.0,AR Rooms
2026-08-01 19:58:17,11608888,NWB-ARC-WBH-AR-MOD-0036.rvt : 26 : location Internal,NWB-ARC-WBH-AR-MOD-0036,14341811,c3fd73e9-8529-4c45-b9f3-05c108b08dc7-00dad6b3,IP4.11.266,Neonatal Observation and Procedure Room,LEVEL 11,New Construction,Inpatient Obstetric 4,IP4,,,,18.1 m²,18353,370.421588,257.038888,265.748031,0 W,0.00 W/m²,0 W,0.00 W/m²,28.6 m²,By Space Type,0,By Space Type,0.0,0.0,0.0,-2000160,,,,0,-1,-9.55,11.06.2026,,,FLVY-007,,FLSK-010,WLFI-001,Patient Areas,,WBH.IP4.01.061,112871,21/07/2026,NEO-OBS-15,20,,NWB-ARC-WBH-AR-RLS-IP1.01.057,,NS,By Type,"FLOOR FINISH: vinyl, seamless, coved, standard slip resistant",Refer to Typical Room,By Space Type,33$NFfXIbCHRdp1S48Qbjq,59 W,Power Density,2700,Neonatal Observation and Procedure Room,IP4.11.266,0,Rooms,AROO,Rooms,IP4,17.63857349858651,Architecture,WBH-W-11.266,Neonatal Observation and Procedure Room,01,YES,SL_90_10,Room Spaces,,0,New Construction,20.00%,Power Density,,0,0,NS,73 W,0.0,0 W,10.76 W/m²,0 W,13.99 W/m²,132 W,2700,LEVEL 11,0.0,AR Rooms
2026-08-01 19:58:17,11608888,NWB-ARC-WBH-AR-MOD-0036.rvt : 26 : location Internal,NWB-ARC-WBH-AR-MOD-0036,14341817,c3fd73e9-8529-4c45-b9f3-05c108b08dc7-00dad6b9,IP4.11.234,"1 Bed Room, Obstetric - Bariatric",LEVEL 11,New Construction,Inpatient Obstetric 4,IP4,,,,18.6 m²,17540,370.744751,233.288888,265.748031,0 W,0.00 W/m²,0 W,0.00 W/m²,28.6 m²,By Space Type,0,By Space Type,0.0,0.0,0.0,-2000160,"CEILING: plasterboard, flush set, suspended, paint, washable",,,0,-1,3.444444,11.06.2026,CLFS-006,CLGE-001,FLVY-500,,FLSK-010,WLFI-001,Patient Areas,,WBH.IP4.01.027,112836,21/07/2026,1BR-OBS-B,18,,NWB-ARC-WBH-AR-RLS-IP1.01.024,,PS,By Type,"FLOOR FINISH: vinyl, seamless, coved, standard slip resistant, feature",Refer to Typical Room,By Space Type,33$NFfXIbCHRdp1S48Qbj_,59 W,Power Density,2700,"1 Bed Room, Obstetric - Bariatric",IP4.11.234,0,Rooms,AROO,Rooms,IP4,18.547008749710415,Architecture,WBH-W-11.234,"1 Bed Room, Obstetric - Bariatric",01,YES,SL_90_10,Room Spaces,1 patient; 1-2 staff; 1-2 visitors,0,New Construction,20.00%,Power Density,,0,0,PS-1BR-OBS-B,73 W,0.0,0 W,10.76 W/m²,0 W,13.99 W/m²,132 W,2700,LEVEL 11,0.0,AR Rooms
2026-08-01 19:58:17,11608888,NWB-ARC-WBH-AR-MOD-0036.rvt : 26 : location Internal,NWB-ARC-WBH-AR-MOD-0036,14341820,c3fd73e9-8529-4c45-b9f3-05c108b08dc7-00dad6bc,IP4.11.264,"Ensuite, Bariatric",LEVEL 11,New Construction,Inpatient Obstetric 4,IP4,,,,8.3 m²,12664,370.647966,223.182261,265.748031,0 W,0.00 W/m²,0 W,0.00 W/m²,28.6 m²,By Space Type,0,By Space Type,0.0,0.0,0.0,-2000160,"CEILING: plasterboard, water resistant, drop-in tiles, prefinished, 600 x 1200",,,0,-1,19.142857,11.06.2026,CLTI-014,,FLVY-009,,FLSK-010,WLFI-001,Patient Areas,,WBH.IP4.01.058,112867,21/07/2026,ENS-BA,7,,Refer to AusHFG ENS-BA,,SC,By Type,"FLOOR FINISH: vinyl, seamless, coved, wet area, non-slip",,By Space Type,33$NFfXIbCHRdp1S48Qbjx,59 W,Power Density,2700,"Ensuite, Bariatric",IP4.11.264,0,Rooms,AROO,Rooms,IP4,8.255388747561739,Architecture,WBH-W-11.264,"Ensuite, Bariatric",01,YES,SL_90_10,Room Spaces,1 patient; 1-2 staff assisting,0,New Construction,20.00%,Power Density,,0,0,SC,73 W,0.0,0 W,10.76 W/m²,0 W,13.99 W/m²,132 W,2700,LEVEL 11,0.0,AR Rooms
2026-08-01 19:58:17,11608888,NWB-ARC-WBH-AR-MOD-0036.rvt : 26 : location Internal,NWB-ARC-WBH-AR-MOD-0036,14341823,c3fd73e9-8529-4c45-b9f3-05c108b08dc7-00dad6bf,IP4.11.218,"1 Bed Room, Obstetric",LEVEL 11,New Construction,Inpatient Obstetric 4,IP4,,,,17.4 m²,17529,356.627297,228.078915,265.748031,0 W,0.00 W/m²,0 W,0.00 W/m²,28.6 m²,By Space Type,0,By Space Type,0.0,0.0,0.0,-2000160,"CEILING: plasterboard, flush set, suspended, paint, washable",,,0,-1,-3.055556,11.06.2026,CLFS-006,CLGE-001,FLVY-500,,FLSK-010,WLFI-001,Patient Areas,,WBH.IP4.01.011,112820,21/07/2026,1BR-OBS-A,18,,NWB-ARC-WBH-AR-RLS-IP1.01.085,,PS,By Type,"FLOOR FINISH: vinyl, seamless, coved, standard slip resistant, feature",Refer to Typical Room,By Space Type,33$NFfXIbCHRdp1S48Qbju,59 W,Power Density,2700,"1 Bed Room, Obstetric",IP4.11.218,0,Rooms,AROO,Rooms,IP4,17.881850256224848,Architecture,WBH-W-11.218,"1 Bed Room, Obstetric",01,YES,SL_90_10,Room Spaces,1 patient; 1-2 staff; 1-2 visitors,0,New Construction,20.00%,Power Density,,0,0,PS-1BR-OBS-A,73 W,0.0,0 W,10.76 W/m²,0 W,13.99 W/m²,132 W,2700,LEVEL 11,0.0,AR Rooms
2026-08-01 19:58:17,11608888,NWB-ARC-WBH-AR-MOD-0036.rvt : 26 : location Internal,NWB-ARC-WBH-AR-MOD-0036,14341826,c3fd73e9-8529-4c45-b9f3-05c108b08dc7-00dad6c2,IP4.11.252,"Ensuite, Inboard",LEVEL 11,New Construction,Inpatient Obstetric 4,IP4,,,,4.9 m²,8706,360.088583,236.248206,265.748031,0 W,0.00 W/m²,0 W,0.00 W/m²,28.6 m²,By Space Type,0,By Space Type,0.0,0.0,0.0,-2000160,"CEILING: plasterboard, water resistant, drop-in tiles, prefinished, 600 x 1200",,,0,-1,-2.6,11.06.2026,CLTI-014,,FLVY-009,,FLSK-010,WLFI-011.07,Patient Areas,,WBH.IP4.01.046,112855,21/07/2026,ENS-ST-A,5,,Refer to AusHFG ENS-ST-A1,Mirrored,SC,By Type,"FLOOR FINISH: vinyl, seamless, coved, wet area, non-slip",,By Space Type,33$NFfXIbCHRdp1S48Qbi5,59 W,Power Density,2700,"Ensuite, Inboard",IP4.11.252,0,Rooms,AROO,Rooms,IP4,5.098160372604648,Architecture,WBH-W-11.252,"Ensuite, Inboard",01,YES,SL_90_10,Room Spaces,1 patient; 1 staff assisting,0,New Construction,20.00%,Power Density,,0,0,SC,73 W,0.0,0 W,10.76 W/m²,0 W,13.99 W/m²,132 W,2700,LEVEL 11,0.0,AR Rooms
2026-08-01 19:58:17,11608888,NWB-ARC-WBH-AR-MOD-0036.rvt : 26 : location Internal,NWB-ARC-WBH-AR-MOD-0036,14341829,c3fd73e9-8529-4c45-b9f3-05c108b08dc7-00dad6c5,IP4.11.251,"Ensuite, Inboard",LEVEL 11,New Construction,Inpatient Obstetric 4,IP4,,,,5.2 m²,8947,339.665354,236.011156,265.748031,0 W,0.00 W/m²,0 W,0.00 W/m²,28.6 m²,By Space Type,0,By Space Type,0.0,0.0,0.0,-2000160,"CEILING: plasterboard, water resistant, drop-in tiles, prefinished, 600 x 1200",,,0,-1,3.4,11.06.2026,CLTI-014,,FLVY-009,,FLSK-010,WLFI-011.07,Patient Areas,,WBH.IP4.01.045,112854,21/07/2026,ENS-ST-A,5,,Refer to AusHFG ENS-ST-A1,Match,SC,By Type,"FLOOR FINISH: vinyl, seamless, coved, wet area, non-slip",,By Space Type,33$NFfXIbCHRdp1S48Qbi2,59 W,Power Density,2700,"Ensuite, Inboard",IP4.11.251,0,Rooms,AROO,Rooms,IP4,5.098160372603671,Architecture,WBH-W-11.251,"Ensuite, Inboard",01,YES,SL_90_10,Room Spaces,1 patient; 1 staff assisting,0,New Construction,20.00%,Power Density,,0,0,SC,73 W,0.0,0 W,10.76 W/m²,0 W,13.99 W/m²,132 W,2700,LEVEL 11,0.0,AR Rooms
2026-08-01 19:58:17,11608888,NWB-ARC-WBH-AR-MOD-0036.rvt : 26 : location Internal,NWB-ARC-WBH-AR-MOD-0036,14341832,c3fd73e9-8529-4c45-b9f3-05c108b08dc7-00dad6c8,IP4.11.219,"1 Bed Room, Obstetric",LEVEL 11,New Construction,Inpatient Obstetric 4,IP4,,,,17.5 m²,17540,342.847769,228.078915,265.748031,0 W,0.00 W/m²,0 W,0.00 W/m²,28.6 m²,By Space Type,0,By Space Type,0.0,0.0,0.0,-2000160,"CEILING: plasterboard, flush set, suspended, paint, washable",,,0,-1,-2.777778,11.06.2026,CLFS-006,CLGE-001,FLVY-500,,FLSK-010,WLFI-001,Patient Areas,,WBH.IP4.01.012,112821,21/07/2026,1BR-OBS-A,18,,NWB-ARC-WBH-AR-RLS-IP1.01.085,,PS,By Type,"FLOOR FINISH: vinyl, seamless, coved, standard slip resistant, feature",Refer to Typical Room,By Space Type,33$NFfXIbCHRdp1S48QbiF,59 W,Power Density,2700,"1 Bed Room, Obstetric",IP4.11.219,0,Rooms,AROO,Rooms,IP4,17.881850256225576,Architecture,WBH-W-11.219,"1 Bed Room, Obstetric",01,YES,SL_90_10,Room Spaces,1 patient; 1-2 staff; 1-2 visitors,0,New Construction,20.00%,Power Density,,0,0,PS-1BR-OBS-A,73 W,0.0,0 W,10.76 W/m²,0 W,13.99 W/m²,132 W,2700,LEVEL 11,0.0,AR Rooms
2026-08-01 19:58:17,11608888,NWB-ARC-WBH-AR-MOD-0036.rvt : 26 : location Internal,NWB-ARC-WBH-AR-MOD-0036,14341835,c3fd73e9-8529-4c45-b9f3-05c108b08dc7-00dad6cb,IP4.11.220,"1 Bed Room, Obstetric",LEVEL 11,New Construction,Inpatient Obstetric 4,IP4,,,,17.5 m²,17529,329.068241,228.078915,265.748031,0 W,0.00 W/m²,0 W,0.00 W/m²,28.6 m²,By Space Type,0,By Space Type,0.0,0.0,0.0,-2000160,"CEILING: plasterboard, flush set, suspended, paint, washable",,,0,-1,-2.888889,11.06.2026,CLFS-006,CLGE-001,FLVY-500,,FLSK-010,WLFI-001,Patient Areas,,WBH.IP4.01.013,112822,21/07/2026,1BR-OBS-A,18,,NWB-ARC-WBH-AR-RLS-IP1.01.085,,PS,By Type,"FLOOR FINISH: vinyl, seamless, coved, standard slip resistant, feature",Refer to Typical Room,By Space Type,33$NFfXIbCHRdp1S48QbiC,59 W,Power Density,2700,"1 Bed Room, Obstetric",IP4.11.220,0,Rooms,AROO,Rooms,IP4,17.881850256223814,Architecture,WBH-W-11.220,"1 Bed Room, Obstetric",01,YES,SL_90_10,Room Spaces,1 patient; 1-2 staff; 1-2 visitors,0,New Construction,20.00%,Power Density,,0,0,PS-1BR-OBS-A,73 W,0.0,0 W,10.76 W/m²,0 W,13.99 W/m²,132 W,2700,LEVEL 11,0.0,AR Rooms
2026-08-01 19:58:17,11608888,NWB-ARC-WBH-AR-MOD-0036.rvt : 26 : location Internal,NWB-ARC-WBH-AR-MOD-0036,14341838,c3fd73e9-8529-4c45-b9f3-05c108b08dc7-00dad6ce,IP4.11.250,"Ensuite, Inboard",LEVEL 11,New Construction,Inpatient Obstetric 4,IP4,,,,5.2 m²,8949,332.250656,235.998033,265.748031,0 W,0.00 W/m²,0 W,0.00 W/m²,28.6 m²,By Space Type,0,By Space Type,0.0,0.0,0.0,-2000160,"CEILING: plasterboard, water resistant, drop-in tiles, prefinished, 600 x 1200",,,0,-1,3.6,11.06.2026,CLTI-014,,FLVY-009,,FLSK-010,WLFI-011.07,Patient Areas,,WBH.IP4.01.044,112853,21/07/2026,ENS-ST-A,5,,Refer to AusHFG ENS-ST-A1,Mirrored,SC,By Type,"FLOOR FINISH: vinyl, seamless, coved, wet area, non-slip",,By Space Type,33$NFfXIbCHRdp1S48Qbi9,59 W,Power Density,2700,"Ensuite, Inboard",IP4.11.250,0,Rooms,AROO,Rooms,IP4,5.0981603726052604,Architecture,WBH-W-11.250,"Ensuite, Inboard",01,YES,SL_90_10,Room Spaces,1 patient; 1 staff assisting,0,New Construction,20.00%,Power Density,,0,0,SC,73 W,0.0,0 W,10.76 W/m²,0 W,13.99 W/m²,132 W,2700,LEVEL 11,0.0,AR Rooms
2026-08-01 19:58:17,11608888,NWB-ARC-WBH-AR-MOD-0036.rvt : 26 : location Internal,NWB-ARC-WBH-AR-MOD-0036,14341841,c3fd73e9-8529-4c45-b9f3-05c108b08dc7-00dad6d1,IP4.11.221,"1 Bed Room, Obstetric",LEVEL 11,New Construction,Inpatient Obstetric 4,IP4,,,,17.5 m²,17540,315.310039,228.078915,265.748031,0 W,0.00 W/m²,0 W,0.00 W/m²,28.6 m²,By Space Type,0,By Space Type,0.0,0.0,0.0,-2000160,"CEILING: plasterboard, flush set, suspended, paint, washable",,,0,-1,-2.777778,11.06.2026,CLFS-006,CLGE-001,FLVY-500,,FLSK-010,WLFI-001,Patient Areas,,WBH.IP4.01.014,112823,21/07/2026,1BR-OBS-A,18,,NWB-ARC-WBH-AR-RLS-IP1.01.085,,PS,By Type,"FLOOR FINISH: vinyl, seamless, coved, standard slip resistant, feature",Refer to Typical Room,By Space Type,33$NFfXIbCHRdp1S48QbiM,59 W,Power Density,2700,"1 Bed Room, Obstetric",IP4.11.221,0,Rooms,AROO,Rooms,IP4,17.725175756225838,Architecture,WBH-W-11.221,"1 Bed Room, Obstetric",01,YES,SL_90_10,Room Spaces,1 patient; 1-2 staff; 1-2 visitors,0,New Construction,20.00%,Power Density,,0,0,PS-1BR-OBS-A,73 W,0.0,0 W,10.76 W/m²,0 W,13.99 W/m²,132 W,2700,LEVEL 11,0.0,AR Rooms
2026-08-01 19:58:17,11608888,NWB-ARC-WBH-AR-MOD-0036.rvt : 26 : location Internal,NWB-ARC-WBH-AR-MOD-0036,14341844,c3fd73e9-8529-4c45-b9f3-05c108b08dc7-00dad6d4,IP4.11.249,"Ensuite, Inboard",LEVEL 11,New Construction,Inpatient Obstetric 4,IP4,,,,5.2 m²,8947,312.106299,236.011156,265.748031,0 W,0.00 W/m²,0 W,0.00 W/m²,28.6 m²,By Space Type,0,By Space Type,0.0,0.0,0.0,-2000160,"CEILING: plasterboard, water resistant, drop-in tiles, prefinished, 600 x 1200",,,0,-1,3.4,11.06.2026,CLTI-014,,FLVY-009,,FLSK-010,WLFI-011.07,Patient Areas,,WBH.IP4.01.043,112852,21/07/2026,ENS-ST-A,5,,Refer to AusHFG ENS-ST-A1,Match,SC,By Type,"FLOOR FINISH: vinyl, seamless, coved, wet area, non-slip",,By Space Type,33$NFfXIbCHRdp1S48QbiJ,59 W,Power Density,2700,"Ensuite, Inboard",IP4.11.249,0,Rooms,AROO,Rooms,IP4,5.0981603726044105,Architecture,WBH-W-11.249,"Ensuite, Inboard",01,YES,SL_90_10,Room Spaces,1 patient; 1 staff assisting,0,New Construction,20.00%,Power Density,,0,0,SC,73 W,0.0,0 W,10.76 W/m²,0 W,13.99 W/m²,132 W,2700,LEVEL 11,0.0,AR Rooms
2026-08-01 19:58:17,11608888,NWB-ARC-WBH-AR-MOD-0036.rvt : 26 : location Internal,NWB-ARC-WBH-AR-MOD-0036,14341847,c3fd73e9-8529-4c45-b9f3-05c108b08dc7-00dad6d7,IP4.11.267,Interview Room,LEVEL 11,New Construction,Inpatient Obstetric 4,IP4,,,,12.9 m²,14977,289.922719,276.440317,265.748031,0 W,0.00 W/m²,0 W,0.00 W/m²,28.6 m²,By Space Type,0,By Space Type,0.0,0.0,0.0,-2000160,"CEILING: acoustic, drop-in tiles, 600 x 1200",,,0,-1,7.916667,11.06.2026,CLTI-002,,FLCP-006,,FLSK-009,WLFI-001,Patient Areas,,WBH.IP4.01.062,112872,21/07/2026,INTV,12,,Refer to AusHFG INTV,,SC,By Type,FLOOR FINISH: carpet tiles,,By Space Type,33$NFfXIbCHRdp1S48QbiG,59 W,Power Density,2700,Interview Room,IP4.11.267,0,Rooms,AROO,Rooms,IP4,14.616592497439465,Architecture,WBH-W-11.267,Interview Room,01,YES,SL_90_10,Room Spaces,Up to 8 persons,0,New Construction,20.00%,Power Density,D40_Done,0,0,SC,73 W,0.0,0 W,10.76 W/m²,0 W,13.99 W/m²,132 W,2700,LEVEL 11,0.0,AR Rooms
2026-08-01 19:58:17,11608888,NWB-ARC-WBH-AR-MOD-0036.rvt : 26 : location Internal,NWB-ARC-WBH-AR-MOD-0036,14341850,c3fd73e9-8529-4c45-b9f3-05c108b08dc7-00dad6da,IP4.11.272,"Staff Station, 20m2",LEVEL 11,New Construction,Inpatient Obstetric 4,IP4,,,,18.1 m²,17192,309.828185,255.909399,265.748031,0 W,0.00 W/m²,0 W,0.00 W/m²,28.6 m²,By Space Type,0,By Space Type,0.0,0.0,0.0,-2000160,"CEILING: acoustic, drop-in tiles, 600 x 1200",,,0,-1,13.1875,11.06.2026,CLTI-002,,FLVY-500,,FLSK-010,WLFI-001,Clinical Support Areas,,WBH.IP4.02.003,112877,21/07/2026,SSTN-20,16,,NWB-ARC-WBH-AR-RLS-DR-SSTN-16-IP1,,DR,By Type,"FLOOR FINISH: vinyl, seamless, coved, standard slip resistant, feature",Refer to Typical Room,By Space Type,33$NFfXIbCHRdp1S48QbiT,59 W,Power Density,2700,"Staff Station, 20m2",IP4.11.272,0,Rooms,AROO,Rooms,IP4,19.527250806631898,Architecture,WBH-W-11.272,"Staff Station, 20m2",02,YES,SL_90_10,Room Spaces,3 workstations,0,New Construction,20.00%,Power Density,,0,0,DR,73 W,0.0,0 W,10.76 W/m²,0 W,13.99 W/m²,132 W,2700,LEVEL 11,0.0,AR Rooms
2026-08-01 19:58:17,11608888,NWB-ARC-WBH-AR-MOD-0036.rvt : 26 : location Internal,NWB-ARC-WBH-AR-MOD-0036,14341856,c3fd73e9-8529-4c45-b9f3-05c108b08dc7-00dad6e0,IP4.11.274,"Office, Clinical Workroom",LEVEL 11,New Construction,Inpatient Obstetric 4,IP4,,,,19.3 m²,18832,288.604003,256.966218,265.748031,0 W,0.00 W/m²,0 W,0.00 W/m²,28.6 m²,By Space Type,0,By Space Type,0.0,0.0,0.0,-2000160,"CEILING: acoustic, drop-in tiles, 600 x 1200",,,0,-1,3.7,11.06.2026,CLTI-002,,FLVY-007,,FLSK-010,WLFI-001,Clinical Support Areas,,WBH.IP4.02.005,112879,21/07/2026,OFF-CLN,20,,NWB-ARC-WBH-AR-RLS-DR-OFF-CLN-20-IP1,,DR,By Type,"FLOOR FINISH: vinyl, seamless, coved, standard slip resistant",Refer to Typical Room,By Space Type,33$NFfXIbCHRdp1S48Qbid,59 W,Power Density,2700,"Office, Clinical Workroom",IP4.11.274,0,Rooms,AROO,Rooms,IP4,20.05552149999259,Architecture,WBH-W-11.274,"Office, Clinical Workroom",02,YES,SL_90_10,Room Spaces,4 workstations,0,New Construction,20.00%,Power Density,,0,0,DR,73 W,0.0,0 W,10.76 W/m²,0 W,13.99 W/m²,132 W,2700,LEVEL 11,0.0,AR Rooms
2026-08-01 19:58:17,11608888,NWB-ARC-WBH-AR-MOD-0036.rvt : 26 : location Internal,NWB-ARC-WBH-AR-MOD-0036,14341859,c3fd73e9-8529-4c45-b9f3-05c108b08dc7-00dad6e3,IP4.11.276,"Bay - Multifunction Device, 3m2",LEVEL 11,New Construction,Inpatient Obstetric 4,IP4,,,,1.6 m²,5264,320.819368,258.627115,265.748031,0 W,0.00 W/m²,0 W,0.00 W/m²,28.6 m²,By Space Type,0,By Space Type,0.0,0.0,0.0,-2000160,"CEILING: acoustic, drop-in tiles, 600 x 1200",,,0,-1,-46,11.06.2026,CLTI-002,,FLVY-007,,FLSK-010,WLFI-001,Clinical Support Areas,,WBH.IP4.02.007,112881,21/07/2026,BMFD-3,3,,Refer to AusHFG BMFD-3,,SC,By Type,"FLOOR FINISH: vinyl, seamless, coved, standard slip resistant",,By Space Type,33$NFfXIbCHRdp1S48Qbia,59 W,Power Density,2700,"Bay - Multifunction Device, 3m2",IP4.11.276,0,Rooms,AROO,Rooms,IP4,2.8458704999999993,Architecture,WBH-W-11.276,"Bay - Multifunction Device, 3m2",02,YES,SL_90_10,Room Spaces,1 staff intermittently,0,New Construction,20.00%,Power Density,,0,0,SC,73 W,0.0,0 W,10.76 W/m²,0 W,13.99 W/m²,132 W,2700,LEVEL 11,0.0,AR Rooms
2026-08-01 19:58:17,11608888,NWB-ARC-WBH-AR-MOD-0036.rvt : 26 : location Internal,NWB-ARC-WBH-AR-MOD-0036,14341862,c3fd73e9-8529-4c45-b9f3-05c108b08dc7-00dad6e6,IP4.11.280,Bay - Pathology,LEVEL 11,New Construction,Inpatient Obstetric 4,IP4,,,,2.4 m²,6996,364.081244,261.006829,265.748031,0 W,0.00 W/m²,0 W,0.00 W/m²,28.6 m²,By Space Type,0,By Space Type,0.0,0.0,0.0,-2000160,"CEILING: plasterboard, drop-in tiles, prefinished, 600 x 1200",,,0,-1,-20.333333,11.06.2026,CLTI-008,,FLVY-007,,FLSK-010,WLFI-001,Clinical Support Areas,,WBH.IP4.02.011,112885,21/07/2026,BPATH,3,,NWB-ARC-GEN-AR-RLS-PS-BPATH,,PS,By Type,"FLOOR FINISH: vinyl, seamless, coved, standard slip resistant",Refer to Typical Room,By Space Type,33$NFfXIbCHRdp1S48QbiX,59 W,Power Density,2700,Bay - Pathology,IP4.11.280,0,Rooms,AROO,Rooms,IP4,1.5939000000000478,Architecture,WBH-W-11.280,Bay - Pathology,02,YES,SL_90_10,Room Spaces,"1-2 staff, intermittently",0,New Construction,20.00%,Power Density,,0,0,PS-BPATH,73 W,0.0,0 W,10.76 W/m²,0 W,13.99 W/m²,132 W,2700,LEVEL 11,0.0,AR Rooms
2026-08-01 19:58:17,11608888,NWB-ARC-WBH-AR-MOD-0036.rvt : 26 : location Internal,NWB-ARC-WBH-AR-MOD-0036,14341868,c3fd73e9-8529-4c45-b9f3-05c108b08dc7-00dad6ec,IP4.11.248,"Ensuite, Inboard",LEVEL 11,New Construction,Inpatient Obstetric 4,IP4,,,,4.9 m²,8764,283.449803,236.248206,265.748031,0 W,0.00 W/m²,0 W,0.00 W/m²,28.6 m²,By Space Type,0,By Space Type,0.0,0.0,0.0,-2000160,"CEILING: plasterboard, water resistant, drop-in tiles, prefinished, 600 x 1200",,,0,-1,-1.2,11.06.2026,CLTI-014,,FLVY-009,,FLSK-010,WLFI-011.07,Patient Areas,,WBH.IP4.01.042,112851,21/07/2026,ENS-ST-A,5,,Refer to AusHFG ENS-ST-A1,Match,SC,By Type,"FLOOR FINISH: vinyl, seamless, coved, wet area, non-slip",,By Space Type,33$NFfXIbCHRdp1S48Qbih,59 W,Power Density,2700,"Ensuite, Inboard",IP4.11.248,0,Rooms,AROO,Rooms,IP4,5.09816037260478,Architecture,WBH-W-11.248,"Ensuite, Inboard",01,YES,SL_90_10,Room Spaces,1 patient; 1 staff assisting,0,New Construction,20.00%,Power Density,,0,0,SC,73 W,0.0,0 W,10.76 W/m²,0 W,13.99 W/m²,132 W,2700,LEVEL 11,0.0,AR Rooms
2026-08-01 19:58:17,11608888,NWB-ARC-WBH-AR-MOD-0036.rvt : 26 : location Internal,NWB-ARC-WBH-AR-MOD-0036,14341871,c3fd73e9-8529-4c45-b9f3-05c108b08dc7-00dad6ef,IP4.11.247,"Ensuite, Inboard",LEVEL 11,New Construction,Inpatient Obstetric 4,IP4,,,,4.8 m²,8674,277.358924,235.998033,265.748031,0 W,0.00 W/m²,0 W,0.00 W/m²,28.6 m²,By Space Type,0,By Space Type,0.0,0.0,0.0,-2000160,"CEILING: plasterboard, water resistant, drop-in tiles, prefinished, 600 x 1200",,,0,-1,-3.4,11.06.2026,CLTI-014,,FLVY-009,,FLSK-010,WLFI-011.07,Patient Areas,,WBH.IP4.01.041,112850,21/07/2026,ENS-ST-A,5,,Refer to AusHFG ENS-ST-A1,Mirrored,SC,By Type,"FLOOR FINISH: vinyl, seamless, coved, wet area, non-slip",,By Space Type,33$NFfXIbCHRdp1S48Qbie,59 W,Power Density,2700,"Ensuite, Inboard",IP4.11.247,0,Rooms,AROO,Rooms,IP4,5.098160372602932,Architecture,WBH-W-11.247,"Ensuite, Inboard",01,YES,SL_90_10,Room Spaces,1 patient; 1 staff assisting,0,New Construction,20.00%,Power Density,,0,0,SC,73 W,0.0,0 W,10.76 W/m²,0 W,13.99 W/m²,132 W,2700,LEVEL 11,0.0,AR Rooms
2026-08-01 19:58:17,11608888,NWB-ARC-WBH-AR-MOD-0036.rvt : 26 : location Internal,NWB-ARC-WBH-AR-MOD-0036,14341874,c3fd73e9-8529-4c45-b9f3-05c108b08dc7-00dad6f2,IP4.11.223,"1 Bed Room, Obstetric",LEVEL 11,New Construction,Inpatient Obstetric 4,IP4,,,,17.4 m²,17503,273.928806,228.078915,265.748031,0 W,0.00 W/m²,0 W,0.00 W/m²,28.6 m²,By Space Type,0,By Space Type,0.0,0.0,0.0,-2000160,"CEILING: plasterboard, flush set, suspended, paint, washable",,,0,-1,-3.166667,11.06.2026,CLFS-006,CLGE-001,FLVY-500,,FLSK-010,WLFI-001,Patient Areas,,WBH.IP4.01.016,112825,21/07/2026,1BR-OBS-A,18,,NWB-ARC-WBH-AR-RLS-IP1.01.085,,PS,By Type,"FLOOR FINISH: vinyl, seamless, coved, standard slip resistant, feature",Refer to Typical Room,By Space Type,33$NFfXIbCHRdp1S48Qbir,59 W,Power Density,2700,"1 Bed Room, Obstetric",IP4.11.223,0,Rooms,AROO,Rooms,IP4,17.88185025622588,Architecture,WBH-W-11.223,"1 Bed Room, Obstetric",01,YES,SL_90_10,Room Spaces,1 patient; 1-2 staff; 1-2 visitors,0,New Construction,20.00%,Power Density,,0,0,PS-1BR-OBS-A,73 W,0.0,0 W,10.76 W/m²,0 W,13.99 W/m²,132 W,2700,LEVEL 11,0.0,AR Rooms
2026-08-01 19:58:17,11608888,NWB-ARC-WBH-AR-MOD-0036.rvt : 26 : location Internal,NWB-ARC-WBH-AR-MOD-0036,14341877,c3fd73e9-8529-4c45-b9f3-05c108b08dc7-00dad6f5,IP4.11.224,"1 Bed Room, Obstetric",LEVEL 11,New Construction,Inpatient Obstetric 4,IP4,,,,17.5 m²,17540,260.170604,228.078915,265.748031,0 W,0.00 W/m²,0 W,0.00 W/m²,28.6 m²,By Space Type,0,By Space Type,0.0,0.0,0.0,-2000160,"CEILING: plasterboard, flush set, suspended, paint, washable",,,0,-1,-2.777778,11.06.2026,CLFS-006,CLGE-001,FLVY-500,,FLSK-010,WLFI-001,Patient Areas,,WBH.IP4.01.017,112826,21/07/2026,1BR-OBS-A,18,,NWB-ARC-WBH-AR-RLS-IP1.01.085,,PS,By Type,"FLOOR FINISH: vinyl, seamless, coved, standard slip resistant, feature",Refer to Typical Room,By Space Type,33$NFfXIbCHRdp1S48Qbio,59 W,Power Density,2700,"1 Bed Room, Obstetric",IP4.11.224,0,Rooms,AROO,Rooms,IP4,17.88185025622603,Architecture,WBH-W-11.224,"1 Bed Room, Obstetric",01,YES,SL_90_10,Room Spaces,1 patient; 1-2 staff; 1-2 visitors,0,New Construction,20.00%,Power Density,,0,0,PS-1BR-OBS-A,73 W,0.0,0 W,10.76 W/m²,0 W,13.99 W/m²,132 W,2700,LEVEL 11,0.0,AR Rooms
2026-08-01 19:58:17,11608888,NWB-ARC-WBH-AR-MOD-0036.rvt : 26 : location Internal,NWB-ARC-WBH-AR-MOD-0036,14341880,c3fd73e9-8529-4c45-b9f3-05c108b08dc7-00dad6f8,IP4.11.246,"Ensuite, Inboard",LEVEL 11,New Construction,Inpatient Obstetric 4,IP4,,,,5.2 m²,8947,256.988189,236.011156,265.748031,0 W,0.00 W/m²,0 W,0.00 W/m²,28.6 m²,By Space Type,0,By Space Type,0.0,0.0,0.0,-2000160,"CEILING: plasterboard, water resistant, drop-in tiles, prefinished, 600 x 1200",,,0,-1,3.4,11.06.2026,CLTI-014,,FLVY-009,,FLSK-010,WLFI-011.07,Patient Areas,,WBH.IP4.01.040,112849,21/07/2026,ENS-ST-A,5,,Refer to AusHFG ENS-ST-A1,Match,SC,By Type,"FLOOR FINISH: vinyl, seamless, coved, wet area, non-slip",,By Space Type,33$NFfXIbCHRdp1S48Qbi$,59 W,Power Density,2700,"Ensuite, Inboard",IP4.11.246,0,Rooms,AROO,Rooms,IP4,5.098160372603523,Architecture,WBH-W-11.246,"Ensuite, Inboard",01,YES,SL_90_10,Room Spaces,1 patient; 1 staff assisting,0,New Construction,20.00%,Power Density,,0,0,SC,73 W,0.0,0 W,10.76 W/m²,0 W,13.99 W/m²,132 W,2700,LEVEL 11,0.0,AR Rooms
2026-08-01 19:58:17,11608888,NWB-ARC-WBH-AR-MOD-0036.rvt : 26 : location Internal,NWB-ARC-WBH-AR-MOD-0036,14341883,c3fd73e9-8529-4c45-b9f3-05c108b08dc7-00dad6fb,IP4.11.245,"Ensuite, Inboard",LEVEL 11,New Construction,Inpatient Obstetric 4,IP4,,,,5.2 m²,8949,249.573491,235.998033,265.748031,0 W,0.00 W/m²,0 W,0.00 W/m²,28.6 m²,By Space Type,0,By Space Type,0.0,0.0,0.0,-2000160,"CEILING: plasterboard, water resistant, drop-in tiles, prefinished, 600 x 1200",,,0,-1,3.6,11.06.2026,CLTI-014,,FLVY-009,,FLSK-010,WLFI-011.07,Patient Areas,,WBH.IP4.01.039,112848,21/07/2026,ENS-ST-A,5,,Refer to AusHFG ENS-ST-A1,Mirrored,SC,By Type,"FLOOR FINISH: vinyl, seamless, coved, wet area, non-slip",,By Space Type,33$NFfXIbCHRdp1S48Qbiy,59 W,Power Density,2700,"Ensuite, Inboard",IP4.11.245,0,Rooms,AROO,Rooms,IP4,5.098160372604791,Architecture,WBH-W-11.245,"Ensuite, Inboard",01,YES,SL_90_10,Room Spaces,1 patient; 1 staff assisting,0,New Construction,20.00%,Power Density,,0,0,SC,73 W,0.0,0 W,10.76 W/m²,0 W,13.99 W/m²,132 W,2700,LEVEL 11,0.0,AR Rooms
2026-08-01 19:58:17,11608888,NWB-ARC-WBH-AR-MOD-0036.rvt : 26 : location Internal,NWB-ARC-WBH-AR-MOD-0036,14341886,c3fd73e9-8529-4c45-b9f3-05c108b08dc7-00dad6fe,IP4.11.225,"1 Bed Room, Obstetric",LEVEL 11,New Construction,Inpatient Obstetric 4,IP4,,,,17.5 m²,17529,246.391076,228.078915,265.748031,0 W,0.00 W/m²,0 W,0.00 W/m²,28.6 m²,By Space Type,0,By Space Type,0.0,0.0,0.0,-2000160,"CEILING: plasterboard, flush set, suspended, paint, washable",,,0,-1,-2.888889,11.06.2026,CLFS-006,CLGE-001,FLVY-500,,FLSK-010,WLFI-001,Patient Areas,,WBH.IP4.01.018,112827,21/07/2026,1BR-OBS-A,18,,NWB-ARC-WBH-AR-RLS-IP1.01.085,,PS,By Type,"FLOOR FINISH: vinyl, seamless, coved, standard slip resistant, feature",Refer to Typical Room,By Space Type,33$NFfXIbCHRdp1S48Qbiv,59 W,Power Density,2700,"1 Bed Room, Obstetric",IP4.11.225,0,Rooms,AROO,Rooms,IP4,17.881850256225015,Architecture,WBH-W-11.225,"1 Bed Room, Obstetric",01,YES,SL_90_10,Room Spaces,1 patient; 1-2 staff; 1-2 visitors,0,New Construction,20.00%,Power Density,,0,0,PS-1BR-OBS-A,73 W,0.0,0 W,10.76 W/m²,0 W,13.99 W/m²,132 W,2700,LEVEL 11,0.0,AR Rooms
2026-08-01 19:58:17,11608888,NWB-ARC-WBH-AR-MOD-0036.rvt : 26 : location Internal,NWB-ARC-WBH-AR-MOD-0036,14341889,c3fd73e9-8529-4c45-b9f3-05c108b08dc7-00dad701,IP4.11.226,"1 Bed Room, Obstetric",LEVEL 11,New Construction,Inpatient Obstetric 4,IP4,,,,17.5 m²,17540,232.611549,228.078915,265.748031,0 W,0.00 W/m²,0 W,0.00 W/m²,28.6 m²,By Space Type,0,By Space Type,0.0,0.0,0.0,-2000160,"CEILING: plasterboard, flush set, suspended, paint, washable",,,0,-1,-2.777778,11.06.2026,CLFS-006,CLGE-001,FLVY-500,,FLSK-010,WLFI-001,Patient Areas,,WBH.IP4.01.019,112828,21/07/2026,1BR-OBS-A,18,,NWB-ARC-WBH-AR-RLS-IP1.01.085,,PS,By Type,"FLOOR FINISH: vinyl, seamless, coved, standard slip resistant, feature",Refer to Typical Room,By Space Type,33$NFfXIbCHRdp1S48Qbh6,59 W,Power Density,2700,"1 Bed Room, Obstetric",IP4.11.226,0,Rooms,AROO,Rooms,IP4,17.881850256226336,Architecture,WBH-W-11.226,"1 Bed Room, Obstetric",01,YES,SL_90_10,Room Spaces,1 patient; 1-2 staff; 1-2 visitors,0,New Construction,20.00%,Power Density,,0,0,PS-1BR-OBS-A,73 W,0.0,0 W,10.76 W/m²,0 W,13.99 W/m²,132 W,2700,LEVEL 11,0.0,AR Rooms
2026-08-01 19:58:17,11608888,NWB-ARC-WBH-AR-MOD-0036.rvt : 26 : location Internal,NWB-ARC-WBH-AR-MOD-0036,14341892,c3fd73e9-8529-4c45-b9f3-05c108b08dc7-00dad704,IP4.11.244,"Ensuite, Inboard",LEVEL 11,New Construction,Inpatient Obstetric 4,IP4,,,,4.9 m²,8724,229.429134,236.011156,265.748031,0 W,0.00 W/m²,0 W,0.00 W/m²,28.6 m²,By Space Type,0,By Space Type,0.0,0.0,0.0,-2000160,"CEILING: plasterboard, water resistant, drop-in tiles, prefinished, 600 x 1200",,,0,-1,-2.2,11.06.2026,CLTI-014,,FLVY-009,,FLSK-010,WLFI-011.07,Patient Areas,,WBH.IP4.01.038,112847,21/07/2026,ENS-ST-A,5,,Refer to AusHFG ENS-ST-A1,IP4.11.244_Digital Prototype,SC,By Type,"FLOOR FINISH: vinyl, seamless, coved, wet area, non-slip",,By Space Type,33$NFfXIbCHRdp1S48Qbh3,59 W,Power Density,2700,"Ensuite, Inboard",IP4.11.244,0,Rooms,AROO,Rooms,IP4,5.098160372604167,Architecture,WBH-W-11.244,"Ensuite, Inboard",01,YES,SL_90_10,Room Spaces,1 patient; 1 staff assisting,0,New Construction,20.00%,Power Density,,0,0,SC,73 W,0.0,0 W,10.76 W/m²,0 W,13.99 W/m²,132 W,2700,LEVEL 11,0.0,AR Rooms
2026-08-01 19:58:17,11608888,NWB-ARC-WBH-AR-MOD-0036.rvt : 26 : location Internal,NWB-ARC-WBH-AR-MOD-0036,14341895,c3fd73e9-8529-4c45-b9f3-05c108b08dc7-00dad707,IP4.11.243,"Ensuite, Inboard",LEVEL 11,New Construction,Inpatient Obstetric 4,IP4,,,,4.9 m²,8726,222.014436,235.998033,265.748031,0 W,0.00 W/m²,0 W,0.00 W/m²,28.6 m²,By Space Type,0,By Space Type,0.0,0.0,0.0,-2000160,"CEILING: plasterboard, water resistant, drop-in tiles, prefinished, 600 x 1200",,,0,-1,-2,11.06.2026,CLTI-014,,FLVY-009,,FLSK-010,WLFI-011.07,Patient Areas,,WBH.IP4.01.037,112846,21/07/2026,ENS-ST-A,5,,Refer to AusHFG ENS-ST-A1,Mirrored,SC,By Type,"FLOOR FINISH: vinyl, seamless, coved, wet area, non-slip",,By Space Type,33$NFfXIbCHRdp1S48Qbh0,59 W,Power Density,2700,"Ensuite, Inboard",IP4.11.243,0,Rooms,AROO,Rooms,IP4,5.098160372604769,Architecture,WBH-W-11.243,"Ensuite, Inboard",01,YES,SL_90_10,Room Spaces,1 patient; 1 staff assisting,0,New Construction,20.00%,Power Density,,0,0,SC,73 W,0.0,0 W,10.76 W/m²,0 W,13.99 W/m²,132 W,2700,LEVEL 11,0.0,AR Rooms
2026-08-01 19:58:17,11608888,NWB-ARC-WBH-AR-MOD-0036.rvt : 26 : location Internal,NWB-ARC-WBH-AR-MOD-0036,14341898,c3fd73e9-8529-4c45-b9f3-05c108b08dc7-00dad70a,IP4.11.227,"1 Bed Room, Obstetric",LEVEL 11,New Construction,Inpatient Obstetric 4,IP4,,,,17.5 m²,17529,218.832021,228.078915,265.748031,0 W,0.00 W/m²,0 W,0.00 W/m²,28.6 m²,By Space Type,0,By Space Type,0.0,0.0,0.0,-2000160,"CEILING: plasterboard, flush set, suspended, paint, washable",,,0,-1,-2.888889,11.06.2026,CLFS-006,CLGE-001,FLVY-500,,FLSK-010,WLFI-001,Patient Areas,,WBH.IP4.01.020,112829,21/07/2026,1BR-OBS-A,18,,NWB-ARC-WBH-AR-RLS-IP1.01.085,,PS,By Type,"FLOOR FINISH: vinyl, seamless, coved, standard slip resistant, feature",Refer to Typical Room,By Space Type,33$NFfXIbCHRdp1S48QbhD,59 W,Power Density,2700,"1 Bed Room, Obstetric",IP4.11.227,0,Rooms,AROO,Rooms,IP4,17.881850256224634,Architecture,WBH-W-11.227,"1 Bed Room, Obstetric",01,YES,SL_90_10,Room Spaces,1 patient; 1-2 staff; 1-2 visitors,0,New Construction,20.00%,Power Density,,0,0,PS-1BR-OBS-A,73 W,0.0,0 W,10.76 W/m²,0 W,13.99 W/m²,132 W,2700,LEVEL 11,0.0,AR Rooms
2026-08-01 19:58:17,11608888,NWB-ARC-WBH-AR-MOD-0036.rvt : 26 : location Internal,NWB-ARC-WBH-AR-MOD-0036,14341901,c3fd73e9-8529-4c45-b9f3-05c108b08dc7-00dad70d,IP4.11.228,"1 Bed Room, Obstetric",LEVEL 11,New Construction,Inpatient Obstetric 4,IP4,,,,17.5 m²,17540,205.052493,228.078915,265.748031,0 W,0.00 W/m²,0 W,0.00 W/m²,28.6 m²,By Space Type,0,By Space Type,0.0,0.0,0.0,-2000160,"CEILING: plasterboard, flush set, suspended, paint, washable",,,0,-1,-2.777778,11.06.2026,CLFS-006,CLGE-001,FLVY-500,,FLSK-010,WLFI-001,Patient Areas,,WBH.IP4.01.021,112830,21/07/2026,1BR-OBS-A,18,,NWB-ARC-WBH-AR-RLS-IP1.01.085,,PS,By Type,"FLOOR FINISH: vinyl, seamless, coved, standard slip resistant, feature",Refer to Typical Room,By Space Type,33$NFfXIbCHRdp1S48QbhA,59 W,Power Density,2700,"1 Bed Room, Obstetric",IP4.11.228,0,Rooms,AROO,Rooms,IP4,17.881850256224634,Architecture,WBH-W-11.228,"1 Bed Room, Obstetric",01,YES,SL_90_10,Room Spaces,1 patient; 1-2 staff; 1-2 visitors,0,New Construction,20.00%,Power Density,,0,0,PS-1BR-OBS-A,73 W,0.0,0 W,10.76 W/m²,0 W,13.99 W/m²,132 W,2700,LEVEL 11,0.0,AR Rooms
2026-08-01 19:58:17,11608888,NWB-ARC-WBH-AR-MOD-0036.rvt : 26 : location Internal,NWB-ARC-WBH-AR-MOD-0036,14341904,c3fd73e9-8529-4c45-b9f3-05c108b08dc7-00dad710,IP4.11.242,"Ensuite, Inboard",LEVEL 11,New Construction,Inpatient Obstetric 4,IP4,,,,5.2 m²,8947,201.870079,236.011156,265.748031,0 W,0.00 W/m²,0 W,0.00 W/m²,28.6 m²,By Space Type,0,By Space Type,0.0,0.0,0.0,-2000160,"CEILING: plasterboard, water resistant, drop-in tiles, prefinished, 600 x 1200",,,0,-1,3.4,11.06.2026,CLTI-014,,FLVY-009,,FLSK-010,WLFI-011.07,Patient Areas,,WBH.IP4.01.036,112845,21/07/2026,ENS-ST-A,5,,Refer to AusHFG ENS-ST-A1,Match,SC,By Type,"FLOOR FINISH: vinyl, seamless, coved, wet area, non-slip",,By Space Type,33$NFfXIbCHRdp1S48QbhN,59 W,Power Density,2700,"Ensuite, Inboard",IP4.11.242,0,Rooms,AROO,Rooms,IP4,5.098160372604484,Architecture,WBH-W-11.242,"Ensuite, Inboard",01,YES,SL_90_10,Room Spaces,1 patient; 1 staff assisting,0,New Construction,20.00%,Power Density,,0,0,SC,73 W,0.0,0 W,10.76 W/m²,0 W,13.99 W/m²,132 W,2700,LEVEL 11,0.0,AR Rooms
2026-08-01 19:58:17,11608888,NWB-ARC-WBH-AR-MOD-0036.rvt : 26 : location Internal,NWB-ARC-WBH-AR-MOD-0036,14341907,c3fd73e9-8529-4c45-b9f3-05c108b08dc7-00dad713,IP4.11.241,"Ensuite, Inboard",LEVEL 11,New Construction,Inpatient Obstetric 4,IP4,,,,5.2 m²,8949,194.455381,235.998033,265.748031,0 W,0.00 W/m²,0 W,0.00 W/m²,28.6 m²,By Space Type,0,By Space Type,0.0,0.0,0.0,-2000160,"CEILING: plasterboard, water resistant, drop-in tiles, prefinished, 600 x 1200",,,0,-1,3.6,11.06.2026,CLTI-014,,FLVY-009,,FLSK-010,WLFI-011.07,Patient Areas,,WBH.IP4.01.035,112844,21/07/2026,ENS-ST-A,5,,Refer to AusHFG ENS-ST-A1,Mirrored,SC,By Type,"FLOOR FINISH: vinyl, seamless, coved, wet area, non-slip",,By Space Type,33$NFfXIbCHRdp1S48QbhK,59 W,Power Density,2700,"Ensuite, Inboard",IP4.11.241,0,Rooms,AROO,Rooms,IP4,5.0981603726044735,Architecture,WBH-W-11.241,"Ensuite, Inboard",01,YES,SL_90_10,Room Spaces,1 patient; 1 staff assisting,0,New Construction,20.00%,Power Density,,0,0,SC,73 W,0.0,0 W,10.76 W/m²,0 W,13.99 W/m²,132 W,2700,LEVEL 11,0.0,AR Rooms
2026-08-01 19:58:17,11608888,NWB-ARC-WBH-AR-MOD-0036.rvt : 26 : location Internal,NWB-ARC-WBH-AR-MOD-0036,14341910,c3fd73e9-8529-4c45-b9f3-05c108b08dc7-00dad716,IP4.11.229,"1 Bed Room, Obstetric",LEVEL 11,New Construction,Inpatient Obstetric 4,IP4,,,,17.5 m²,17529,191.272966,228.078915,265.748031,0 W,0.00 W/m²,0 W,0.00 W/m²,28.6 m²,By Space Type,0,By Space Type,0.0,0.0,0.0,-2000160,"CEILING: plasterboard, flush set, suspended, paint, washable",,,0,-1,-2.888889,11.06.2026,CLFS-006,CLGE-001,FLVY-500,,FLSK-010,WLFI-001,Patient Areas,,WBH.IP4.01.022,112831,21/07/2026,1BR-OBS-A,18,,NWB-ARC-WBH-AR-RLS-IP1.01.085,,PS,By Type,"FLOOR FINISH: vinyl, seamless, coved, standard slip resistant, feature",Refer to Typical Room,By Space Type,33$NFfXIbCHRdp1S48QbhH,59 W,Power Density,2700,"1 Bed Room, Obstetric",IP4.11.229,0,Rooms,AROO,Rooms,IP4,17.881850256224563,Architecture,WBH-W-11.229,"1 Bed Room, Obstetric",01,YES,SL_90_10,Room Spaces,1 patient; 1-2 staff; 1-2 visitors,0,New Construction,20.00%,Power Density,,0,0,PS-1BR-OBS-A,73 W,0.0,0 W,10.76 W/m²,0 W,13.99 W/m²,132 W,2700,LEVEL 11,0.0,AR Rooms
2026-08-01 19:58:17,11608888,NWB-ARC-WBH-AR-MOD-0036.rvt : 26 : location Internal,NWB-ARC-WBH-AR-MOD-0036,14341913,c3fd73e9-8529-4c45-b9f3-05c108b08dc7-00dad719,IP4.11.230,"1 Bed Room, Obstetric",LEVEL 11,New Construction,Inpatient Obstetric 4,IP4,,,,17.5 m²,17540,177.493438,228.078915,265.748031,0 W,0.00 W/m²,0 W,0.00 W/m²,28.6 m²,By Space Type,0,By Space Type,0.0,0.0,0.0,-2000160,"CEILING: plasterboard, flush set, suspended, paint, washable",,,0,-1,-2.777778,11.06.2026,CLFS-006,CLGE-001,FLVY-500,,FLSK-010,WLFI-001,Patient Areas,,WBH.IP4.01.023,112832,21/07/2026,1BR-OBS-A,18,,NWB-ARC-WBH-AR-RLS-IP1.01.085,,PS,By Type,"FLOOR FINISH: vinyl, seamless, coved, standard slip resistant, feature",Refer to Typical Room,By Space Type,33$NFfXIbCHRdp1S48QbhU,59 W,Power Density,2700,"1 Bed Room, Obstetric",IP4.11.230,0,Rooms,AROO,Rooms,IP4,17.881850256226336,Architecture,WBH-W-11.230,"1 Bed Room, Obstetric",01,YES,SL_90_10,Room Spaces,1 patient; 1-2 staff; 1-2 visitors,0,New Construction,20.00%,Power Density,,0,0,PS-1BR-OBS-A,73 W,0.0,0 W,10.76 W/m²,0 W,13.99 W/m²,132 W,2700,LEVEL 11,0.0,AR Rooms
2026-08-01 19:58:17,11608888,NWB-ARC-WBH-AR-MOD-0036.rvt : 26 : location Internal,NWB-ARC-WBH-AR-MOD-0036,14341916,c3fd73e9-8529-4c45-b9f3-05c108b08dc7-00dad71c,IP4.11.240,"Ensuite, Inboard",LEVEL 11,New Construction,Inpatient Obstetric 4,IP4,,,,5.1 m²,8927,174.311024,236.011156,265.748031,0 W,0.00 W/m²,0 W,0.00 W/m²,28.6 m²,By Space Type,0,By Space Type,0.0,0.0,0.0,-2000160,"CEILING: plasterboard, water resistant, drop-in tiles, prefinished, 600 x 1200",,,0,-1,3,11.06.2026,CLTI-014,,FLVY-009,,FLSK-010,WLFI-011.07,Patient Areas,,WBH.IP4.01.034,112843,21/07/2026,ENS-ST-A,5,,Refer to AusHFG ENS-ST-A1,Match,SC,By Type,"FLOOR FINISH: vinyl, seamless, coved, wet area, non-slip",,By Space Type,33$NFfXIbCHRdp1S48QbhR,59 W,Power Density,2700,"Ensuite, Inboard",IP4.11.240,0,Rooms,AROO,Rooms,IP4,5.09816037260422,Architecture,WBH-W-11.240,"Ensuite, Inboard",01,YES,SL_90_10,Room Spaces,1 patient; 1 staff assisting,0,New Construction,20.00%,Power Density,,0,0,SC,73 W,0.0,0 W,10.76 W/m²,0 W,13.99 W/m²,132 W,2700,LEVEL 11,0.0,AR Rooms
2026-08-01 19:58:17,11608888,NWB-ARC-WBH-AR-MOD-0036.rvt : 26 : location Internal,NWB-ARC-WBH-AR-MOD-0036,14341919,c3fd73e9-8529-4c45-b9f3-05c108b08dc7-00dad71f,IP4.11.239,"Ensuite, Inboard",LEVEL 11,New Construction,Inpatient Obstetric 4,IP4,,,,5.2 m²,8969,166.896325,235.998033,265.748031,0 W,0.00 W/m²,0 W,0.00 W/m²,28.6 m²,By Space Type,0,By Space Type,0.0,0.0,0.0,-2000160,"CEILING: plasterboard, water resistant, drop-in tiles, prefinished, 600 x 1200",,,0,-1,4,11.06.2026,CLTI-014,,FLVY-009,,FLSK-010,WLFI-011.07,Patient Areas,,WBH.IP4.01.033,112842,21/07/2026,ENS-ST-A,5,,Refer to AusHFG ENS-ST-A1,Mirrored,SC,By Type,"FLOOR FINISH: vinyl, seamless, coved, wet area, non-slip",,By Space Type,33$NFfXIbCHRdp1S48QbhO,59 W,Power Density,2700,"Ensuite, Inboard",IP4.11.239,0,Rooms,AROO,Rooms,IP4,5.098160372604389,Architecture,WBH-W-11.239,"Ensuite, Inboard",01,YES,SL_90_10,Room Spaces,1 patient; 1 staff assisting,0,New Construction,20.00%,Power Density,,0,0,SC,73 W,0.0,0 W,10.76 W/m²,0 W,13.99 W/m²,132 W,2700,LEVEL 11,0.0,AR Rooms
2026-08-01 19:58:17,11608888,NWB-ARC-WBH-AR-MOD-0036.rvt : 26 : location Internal,NWB-ARC-WBH-AR-MOD-0036,14341922,c3fd73e9-8529-4c45-b9f3-05c108b08dc7-00dad722,IP4.11.216,"1 Bed Room, Obstetric",LEVEL 11,New Construction,Inpatient Obstetric 4,IP4,,,,17.5 m²,17529,163.713911,228.078915,265.748031,0 W,0.00 W/m²,0 W,0.00 W/m²,28.6 m²,By Space Type,0,By Space Type,0.0,0.0,0.0,-2000160,"CEILING: plasterboard, flush set, suspended, paint, washable",,,0,-1,-2.888889,11.06.2026,CLFS-006,CLGE-001,FLVY-500,,FLSK-010,WLFI-001,Patient Areas,,WBH.IP4.01.009,112818,21/07/2026,1BR-OBS-A,18,,NWB-ARC-WBH-AR-RLS-IP1.01.085,,PS,By Type,"FLOOR FINISH: vinyl, seamless, coved, standard slip resistant, feature",Refer to Typical Room,By Space Type,33$NFfXIbCHRdp1S48Qbhb,59 W,Power Density,2700,"1 Bed Room, Obstetric",IP4.11.216,0,Rooms,AROO,Rooms,IP4,17.881850256225867,Architecture,WBH-W-11.216,"1 Bed Room, Obstetric",01,YES,SL_90_10,Room Spaces,1 patient; 1-2 staff; 1-2 visitors,0,New Construction,20.00%,Power Density,,0,0,PS-1BR-OBS-A,73 W,0.0,0 W,10.76 W/m²,0 W,13.99 W/m²,132 W,2700,LEVEL 11,0.0,AR Rooms
2026-08-01 19:58:17,11608888,NWB-ARC-WBH-AR-MOD-0036.rvt : 26 : location Internal,NWB-ARC-WBH-AR-MOD-0036,14341925,c3fd73e9-8529-4c45-b9f3-05c108b08dc7-00dad725,IP4.11.231,"1 Bed Room, Obstetric",LEVEL 11,New Construction,Inpatient Obstetric 4,IP4,,,,17.5 m²,17540,149.934383,228.078915,265.748031,0 W,0.00 W/m²,0 W,0.00 W/m²,28.6 m²,By Space Type,0,By Space Type,0.0,0.0,0.0,-2000160,"CEILING: plasterboard, flush set, suspended, paint, washable",,,0,-1,-2.777778,11.06.2026,CLFS-006,CLGE-001,FLVY-500,,FLSK-010,WLFI-001,Patient Areas,,WBH.IP4.01.024,112833,21/07/2026,1BR-OBS-A,18,,NWB-ARC-WBH-AR-RLS-IP1.01.085,,PS,By Type,"FLOOR FINISH: vinyl, seamless, coved, standard slip resistant, feature",Refer to Typical Room,By Space Type,33$NFfXIbCHRdp1S48QbhY,59 W,Power Density,2700,"1 Bed Room, Obstetric",IP4.11.231,0,Rooms,AROO,Rooms,IP4,17.88185025622423,Architecture,WBH-W-11.231,"1 Bed Room, Obstetric",01,YES,SL_90_10,Room Spaces,1 patient; 1-2 staff; 1-2 visitors,0,New Construction,20.00%,Power Density,,0,0,PS-1BR-OBS-A,73 W,0.0,0 W,10.76 W/m²,0 W,13.99 W/m²,132 W,2700,LEVEL 11,0.0,AR Rooms
2026-08-01 19:58:17,11608888,NWB-ARC-WBH-AR-MOD-0036.rvt : 26 : location Internal,NWB-ARC-WBH-AR-MOD-0036,14341928,c3fd73e9-8529-4c45-b9f3-05c108b08dc7-00dad728,IP4.11.238,"Ensuite, Inboard",LEVEL 11,New Construction,Inpatient Obstetric 4,IP4,,,,4.9 m²,8704,146.473097,236.248206,265.748031,0 W,0.00 W/m²,0 W,0.00 W/m²,28.6 m²,By Space Type,0,By Space Type,0.0,0.0,0.0,-2000160,"CEILING: plasterboard, water resistant, drop-in tiles, prefinished, 600 x 1200",,,0,-1,-2.6,11.06.2026,CLTI-014,,FLVY-009,,FLSK-010,WLFI-011.07,Patient Areas,,WBH.IP4.01.032,112841,21/07/2026,ENS-ST-A,5,,Refer to AusHFG ENS-ST-A1,Match,SC,By Type,"FLOOR FINISH: vinyl, seamless, coved, wet area, non-slip",,By Space Type,33$NFfXIbCHRdp1S48Qbhl,59 W,Power Density,2700,"Ensuite, Inboard",IP4.11.238,0,Rooms,AROO,Rooms,IP4,5.098160372604009,Architecture,WBH-W-11.238,"Ensuite, Inboard",01,YES,SL_90_10,Room Spaces,1 patient; 1 staff assisting,0,New Construction,20.00%,Power Density,,0,0,SC,73 W,0.0,0 W,10.76 W/m²,0 W,13.99 W/m²,132 W,2700,LEVEL 11,0.0,AR Rooms
2026-08-01 19:58:17,11608888,NWB-ARC-WBH-AR-MOD-0036.rvt : 26 : location Internal,NWB-ARC-WBH-AR-MOD-0036,14341931,c3fd73e9-8529-4c45-b9f3-05c108b08dc7-00dad72b,IP4.11.235,"1 Bed Room, Obstetric - Bariatric",LEVEL 11,New Construction,Inpatient Obstetric 4,IP4,,,,18.6 m²,17540,135.816929,233.29545,265.748031,0 W,0.00 W/m²,0 W,0.00 W/m²,28.6 m²,By Space Type,0,By Space Type,0.0,0.0,0.0,-2000160,"CEILING: plasterboard, flush set, suspended, paint, washable",,,0,-1,3.444444,11.06.2026,CLFS-006,CLGE-001,FLVY-500,,FLSK-010,WLFI-001,Patient Areas,,WBH.IP4.01.028,112837,21/07/2026,1BR-OBS-B,18,,NWB-ARC-WBH-AR-RLS-IP1.01.024,,PS,By Type,"FLOOR FINISH: vinyl, seamless, coved, standard slip resistant, feature",Refer to Typical Room,By Space Type,33$NFfXIbCHRdp1S48Qbhi,59 W,Power Density,2700,"1 Bed Room, Obstetric - Bariatric",IP4.11.235,0,Rooms,AROO,Rooms,IP4,18.54700874971239,Architecture,WBH-W-11.235,"1 Bed Room, Obstetric - Bariatric",01,YES,SL_90_10,Room Spaces,1 patient; 1-2 staff; 1-2 visitors,0,New Construction,20.00%,Power Density,,0,0,PS-1BR-OBS-B,73 W,0.0,0 W,10.76 W/m²,0 W,13.99 W/m²,132 W,2700,LEVEL 11,0.0,AR Rooms
2026-08-01 19:58:17,11608888,NWB-ARC-WBH-AR-MOD-0036.rvt : 26 : location Internal,NWB-ARC-WBH-AR-MOD-0036,14341934,c3fd73e9-8529-4c45-b9f3-05c108b08dc7-00dad72e,IP4.11.263,"Ensuite, Bariatric",LEVEL 11,New Construction,Inpatient Obstetric 4,IP4,,,,8.3 m²,12670,135.990814,223.182261,265.748031,0 W,0.00 W/m²,0 W,0.00 W/m²,28.6 m²,By Space Type,0,By Space Type,0.0,0.0,0.0,-2000160,"CEILING: plasterboard, water resistant, drop-in tiles, prefinished, 600 x 1200",,,0,-1,19.142857,11.06.2026,CLTI-014,,FLVY-009,,FLSK-010,WLFI-001,Patient Areas,,WBH.IP4.01.057,112866,21/07/2026,ENS-BA,7,,Refer to AusHFG ENS-BA,,SC,By Type,"FLOOR FINISH: vinyl, seamless, coved, wet area, non-slip",,By Space Type,33$NFfXIbCHRdp1S48Qbhf,59 W,Power Density,2700,"Ensuite, Bariatric",IP4.11.263,0,Rooms,AROO,Rooms,IP4,8.255388747558774,Architecture,WBH-W-11.263,"Ensuite, Bariatric",01,YES,SL_90_10,Room Spaces,1 patient; 1-2 staff assisting,0,New Construction,20.00%,Power Density,,0,0,SC,73 W,0.0,0 W,10.76 W/m²,0 W,13.99 W/m²,132 W,2700,LEVEL 11,0.0,AR Rooms
2026-08-01 19:58:17,11608888,NWB-ARC-WBH-AR-MOD-0036.rvt : 26 : location Internal,NWB-ARC-WBH-AR-MOD-0036,14341937,c3fd73e9-8529-4c45-b9f3-05c108b08dc7-00dad731,IP4.11.232,"1 Bed Room, Obstetric - Low Sensory",LEVEL 11,New Construction,Inpatient Obstetric 4,IP4,,,,17.6 m²,18289,135.761155,255.867629,265.748031,0 W,0.00 W/m²,0 W,0.00 W/m²,28.6 m²,By Space Type,0,By Space Type,0.0,0.0,0.0,-2000160,"CEILING: plasterboard, flush set, suspended, paint, washable",,,0,-1,-2.055556,11.06.2026,CLFS-006,CLGE-001,FLVY-500,,FLSK-010,WLFI-001,Patient Areas,,WBH.IP4.01.025,112834,21/07/2026,1BR-OBS-L,18,,NWB-ARC-WBH-AR-RLS-IP1.01.087,,PS,By Type,"FLOOR FINISH: vinyl, seamless, coved, standard slip resistant, feature",Refer to Typical Room,By Space Type,33$NFfXIbCHRdp1S48Qbhs,59 W,Power Density,2700,"1 Bed Room, Obstetric - Low Sensory",IP4.11.232,0,Rooms,AROO,Rooms,IP4,18.020929499999465,Architecture,WBH-W-11.232,"1 Bed Room, Obstetric - Low Sensory",01,YES,SL_90_10,Room Spaces,1 patient; 1-2 staff; 1-2 visitors,0,New Construction,20.00%,Power Density,,0,0,PS-1BR-OBS-L,73 W,0.0,0 W,10.76 W/m²,0 W,13.99 W/m²,132 W,2700,LEVEL 11,0.0,AR Rooms
2026-08-01 19:58:17,11608888,NWB-ARC-WBH-AR-MOD-0036.rvt : 26 : location Internal,NWB-ARC-WBH-AR-MOD-0036,14341940,c3fd73e9-8529-4c45-b9f3-05c108b08dc7-00dad734,IP4.11.262,"Ensuite, Accessible",LEVEL 11,New Construction,Inpatient Obstetric 4,IP4,,,,6.5 m²,10392,146.495156,254.50444,265.748031,0 W,0.00 W/m²,0 W,0.00 W/m²,28.6 m²,By Space Type,0,By Space Type,0.0,0.0,0.0,-2000160,"CEILING: plasterboard, water resistant, drop-in tiles, prefinished, 600 x 1200",,,0,-1,-6.857143,11.06.2026,CLTI-014,,FLVY-009,,FLSK-010,WLFI-011.07,Patient Areas,,WBH.IP4.01.056,112865,21/07/2026,ENS-ACC,7,,Refer to AusHFG ENS-ACC,,SC,By Type,"FLOOR FINISH: vinyl, seamless, coved, wet area, non-slip",,By Space Type,33$NFfXIbCHRdp1S48Qbhp,59 W,Power Density,2700,"Ensuite, Accessible",IP4.11.262,0,Rooms,AROO,Rooms,IP4,7.012499999999938,Architecture,WBH-W-11.262,"Ensuite, Accessible",01,YES,SL_90_10,Room Spaces,1 patient; 1-2 staff assisting,0,New Construction,20.00%,Power Density,,0,0,SC,73 W,0.0,0 W,10.76 W/m²,0 W,13.99 W/m²,132 W,2700,LEVEL 11,0.0,AR Rooms
2026-08-01 19:58:17,11608888,NWB-ARC-WBH-AR-MOD-0036.rvt : 26 : location Internal,NWB-ARC-WBH-AR-MOD-0036,14341943,c3fd73e9-8529-4c45-b9f3-05c108b08dc7-00dad737,IP4.11.303,"Toilet, Staff, 3m2",LEVEL 11,New Construction,Inpatient Obstetric 4,IP4,,,,3.3 m²,7590,239.601378,252.932097,265.748031,0 W,0.00 W/m²,0 W,0.00 W/m²,28.6 m²,By Space Type,0,By Space Type,0.0,0.0,0.0,-2000160,"CEILING: plasterboard, water resistant, drop-in tiles, prefinished, 600 x 1200",,,0,-1,11.333333,11.06.2026,CLTI-014,,FLVY-009,,FLSK-010,WLFI-001,Staff Areas,,WBH.IP4.03.002,112916,21/07/2026,WCST,3,,Refer to AusHFG WCST,,SC,By Type,"FLOOR FINISH: vinyl, seamless, coved, wet area, non-slip",,By Space Type,33$NFfXIbCHRdp1S48Qbhm,59 W,Power Density,2700,"Toilet, Staff, 3m2",IP4.11.303,0,Rooms,AROO,Rooms,IP4,3.1479999999998007,Architecture,WBH-W-11.303,"Toilet, Staff, 3m2",03,YES,SL_90_10,Room Spaces,1,0,New Construction,20.00%,Power Density,,0,0,SC,73 W,0.0,0 W,10.76 W/m²,0 W,13.99 W/m²,132 W,2700,LEVEL 11,0.0,AR Rooms
2026-08-01 19:58:17,11608888,NWB-ARC-WBH-AR-MOD-0036.rvt : 26 : location Internal,NWB-ARC-WBH-AR-MOD-0036,14341949,c3fd73e9-8529-4c45-b9f3-05c108b08dc7-00dad73d,IP4.11.288,Bay - Mobile Equipment,LEVEL 11,New Construction,Inpatient Obstetric 4,IP4,,,,2.4 m²,6617,241.670187,413.578828,265.748031,0 W,0.00 W/m²,0 W,0.00 W/m²,28.6 m²,By Space Type,0,By Space Type,0.0,0.0,0.0,-2000160,"CEILING: plasterboard, drop-in tiles, prefinished, 600 x 1200",,,0,-1,-39,11.06.2026,CLTI-008,,FLVY-007,,FLSK-010,WLFI-001,Clinical Support Areas,,WBH.IP4.02.020,112894,21/07/2026,BMEQ,4,,Refer to AusHFG BMEQ,,SC,By Type,"FLOOR FINISH: vinyl, seamless, coved, standard slip resistant",,By Space Type,33$NFfXIbCHRdp1S48Qbhw,59 W,Power Density,2700,Bay - Mobile Equipment,IP4.11.288,0,Rooms,AROO,Rooms,IP4,3.830950000000232,Architecture,WBH-W-11.288,Bay - Mobile Equipment,02,YES,SL_90_10,Room Spaces,,0,New Construction,20.00%,Power Density,,0,0,SC,73 W,0.0,0 W,10.76 W/m²,0 W,13.99 W/m²,132 W,2700,LEVEL 11,0.0,AR Rooms
2026-08-01 19:58:17,11608888,NWB-ARC-WBH-AR-MOD-0036.rvt : 26 : location Internal,NWB-ARC-WBH-AR-MOD-0036,14341952,c3fd73e9-8529-4c45-b9f3-05c108b08dc7-00dad740,IP4.11.292,"Bay - Handwashing, Type B",LEVEL 11,New Construction,Inpatient Obstetric 4,IP4,,,,0.7 m²,3554,141.460594,261.65544,265.748031,0 W,0.00 W/m²,0 W,0.00 W/m²,28.6 m²,By Space Type,0,By Space Type,0.0,0.0,0.0,-2000160,"CEILING: plasterboard, flush set, suspended, paint, washable",,,0,-1,-26,11.06.2026,CLFS-006,,FLVY-003,,FLSK-010,WLFI-001,Clinical Support Areas,,WBH.IP4.02.024,112898,21/07/2026,BHWS-B,1,,Refer to AusHFG BHWS-B,,SC,By Type,"FLOOR FINISH: vinyl, seamless, coved, non slip",,By Space Type,33$NFfXIbCHRdp1S48Qbg7,59 W,Power Density,2700,"Bay - Handwashing, Type B",IP4.11.292,0,Rooms,AROO,Rooms,IP4,1.0427749999997382,Architecture,WBH-W-11.292,"Bay - Handwashing, Type B",02,YES,SL_90_10,Room Spaces,1,0,New Construction,20.00%,Power Density,,0,0,SC,73 W,0.0,0 W,10.76 W/m²,0 W,13.99 W/m²,132 W,2700,LEVEL 11,0.0,AR Rooms
2026-08-01 19:58:17,11608888,NWB-ARC-WBH-AR-MOD-0036.rvt : 26 : location Internal,NWB-ARC-WBH-AR-MOD-0036,14341958,c3fd73e9-8529-4c45-b9f3-05c108b08dc7-00dad746,IP4.11.233,"1 Bed Room, Obstetric - Bariatric",LEVEL 11,New Construction,Inpatient Obstetric 4,IP4,,,,18.6 m²,17540,135.816929,278.439807,265.748031,0 W,0.00 W/m²,0 W,0.00 W/m²,28.6 m²,By Space Type,0,By Space Type,0.0,0.0,0.0,-2000160,"CEILING: plasterboard, flush set, suspended, paint, washable",,,0,-1,3.444444,11.06.2026,CLFS-006,CLGE-001,FLVY-500,,FLSK-010,WLFI-001,Patient Areas,,WBH.IP4.01.026,112835,21/07/2026,1BR-OBS-B,18,,NWB-ARC-WBH-AR-RLS-IP1.01.024,,PS,By Type,"FLOOR FINISH: vinyl, seamless, coved, standard slip resistant, feature",Refer to Typical Room,By Space Type,33$NFfXIbCHRdp1S48Qbg1,59 W,Power Density,2700,"1 Bed Room, Obstetric - Bariatric",IP4.11.233,0,Rooms,AROO,Rooms,IP4,18.547008750002618,Architecture,WBH-W-11.233,"1 Bed Room, Obstetric - Bariatric",01,YES,SL_90_10,Room Spaces,1 patient; 1-2 staff; 1-2 visitors,0,New Construction,20.00%,Power Density,,0,0,PS-1BR-OBS-B,73 W,0.0,0 W,10.76 W/m²,0 W,13.99 W/m²,132 W,2700,LEVEL 11,0.0,AR Rooms
2026-08-01 19:58:17,11608888,NWB-ARC-WBH-AR-MOD-0036.rvt : 26 : location Internal,NWB-ARC-WBH-AR-MOD-0036,14341961,c3fd73e9-8529-4c45-b9f3-05c108b08dc7-00dad749,IP4.11.265,"Ensuite, Bariatric",LEVEL 11,New Construction,Inpatient Obstetric 4,IP4,,,,8.3 m²,12670,136.130249,288.552996,265.748031,0 W,0.00 W/m²,0 W,0.00 W/m²,28.6 m²,By Space Type,0,By Space Type,0.0,0.0,0.0,-2000160,"CEILING: plasterboard, water resistant, drop-in tiles, prefinished, 600 x 1200",,,0,-1,19.142857,11.06.2026,CLTI-014,,FLVY-009,,FLSK-010,WLFI-001,Patient Areas,,WBH.IP4.01.059,112868,21/07/2026,ENS-BA,7,,Refer to AusHFG ENS-BA,,SC,By Type,"FLOOR FINISH: vinyl, seamless, coved, wet area, non-slip",,By Space Type,33$NFfXIbCHRdp1S48QbgE,59 W,Power Density,2700,"Ensuite, Bariatric",IP4.11.265,0,Rooms,AROO,Rooms,IP4,8.255388750003776,Architecture,WBH-W-11.265,"Ensuite, Bariatric",01,YES,SL_90_10,Room Spaces,1 patient; 1-2 staff assisting,0,New Construction,20.00%,Power Density,,0,0,SC,73 W,0.0,0 W,10.76 W/m²,0 W,13.99 W/m²,132 W,2700,LEVEL 11,0.0,AR Rooms
2026-08-01 19:58:17,11608888,NWB-ARC-WBH-AR-MOD-0036.rvt : 26 : location Internal,NWB-ARC-WBH-AR-MOD-0036,14341964,c3fd73e9-8529-4c45-b9f3-05c108b08dc7-00dad74c,IP4.11.212,"1 Bed Room, Obstetric",LEVEL 11,New Construction,Inpatient Obstetric 4,IP4,,,,17.5 m²,17540,149.934383,283.656342,265.748031,0 W,0.00 W/m²,0 W,0.00 W/m²,28.6 m²,By Space Type,0,By Space Type,0.0,0.0,0.0,-2000160,"CEILING: plasterboard, flush set, suspended, paint, washable",,,0,-1,-2.777778,11.06.2026,CLFS-006,CLGE-001,FLVY-500,,FLSK-010,WLFI-001,Patient Areas,,WBH.IP4.01.005,112814,21/07/2026,1BR-OBS-A,18,,NWB-ARC-WBH-AR-RLS-IP1.01.085,,PS,By Type,"FLOOR FINISH: vinyl, seamless, coved, standard slip resistant, feature",Refer to Typical Room,By Space Type,33$NFfXIbCHRdp1S48QbgB,59 W,Power Density,2700,"1 Bed Room, Obstetric",IP4.11.212,0,Rooms,AROO,Rooms,IP4,17.881850258782745,Architecture,WBH-W-11.212,"1 Bed Room, Obstetric",01,YES,SL_90_10,Room Spaces,1 patient; 1-2 staff; 1-2 visitors,0,New Construction,20.00%,Power Density,,0,0,PS-1BR-OBS-A,73 W,0.0,0 W,10.76 W/m²,0 W,13.99 W/m²,132 W,2700,LEVEL 11,0.0,AR Rooms
2026-08-01 19:58:17,11608888,NWB-ARC-WBH-AR-MOD-0036.rvt : 26 : location Internal,NWB-ARC-WBH-AR-MOD-0036,14341967,c3fd73e9-8529-4c45-b9f3-05c108b08dc7-00dad74f,IP4.11.261,"Ensuite, Inboard",LEVEL 11,New Construction,Inpatient Obstetric 4,IP4,,,,4.9 m²,8704,145.994094,275.487051,265.748031,0 W,0.00 W/m²,0 W,0.00 W/m²,28.6 m²,By Space Type,0,By Space Type,0.0,0.0,0.0,-2000160,"CEILING: plasterboard, water resistant, drop-in tiles, prefinished, 600 x 1200",,,0,-1,-2.6,11.06.2026,CLTI-014,,FLVY-009,,FLSK-010,WLFI-011.07,Patient Areas,,WBH.IP4.01.055,112864,21/07/2026,ENS-ST-A,5,,Refer to AusHFG ENS-ST-A1,,SC,By Type,"FLOOR FINISH: vinyl, seamless, coved, wet area, non-slip",,By Space Type,33$NFfXIbCHRdp1S48Qbg8,59 W,Power Density,2700,"Ensuite, Inboard",IP4.11.261,0,Rooms,AROO,Rooms,IP4,5.098160372604188,Architecture,WBH-W-11.261,"Ensuite, Inboard",01,YES,SL_90_10,Room Spaces,1 patient; 1 staff assisting,0,New Construction,20.00%,Power Density,,0,0,SC,73 W,0.0,0 W,10.76 W/m²,0 W,13.99 W/m²,132 W,2700,LEVEL 11,0.0,AR Rooms
2026-08-01 19:58:17,11608888,NWB-ARC-WBH-AR-MOD-0036.rvt : 26 : location Internal,NWB-ARC-WBH-AR-MOD-0036,14341970,c3fd73e9-8529-4c45-b9f3-05c108b08dc7-00dad752,IP4.11.260,"Ensuite, Inboard",LEVEL 11,New Construction,Inpatient Obstetric 4,IP4,,,,5.2 m²,8947,166.896325,275.724101,265.748031,0 W,0.00 W/m²,0 W,0.00 W/m²,28.6 m²,By Space Type,0,By Space Type,0.0,0.0,0.0,-2000160,"CEILING: plasterboard, water resistant, drop-in tiles, prefinished, 600 x 1200",,,0,-1,3.4,11.06.2026,CLTI-014,,FLVY-009,,FLSK-010,WLFI-011.07,Patient Areas,,WBH.IP4.01.054,112863,21/07/2026,ENS-ST-A,5,,Refer to AusHFG ENS-ST-A1,,SC,By Type,"FLOOR FINISH: vinyl, seamless, coved, wet area, non-slip",,By Space Type,33$NFfXIbCHRdp1S48QbgL,59 W,Power Density,2700,"Ensuite, Inboard",IP4.11.260,0,Rooms,AROO,Rooms,IP4,5.098160372604167,Architecture,WBH-W-11.260,"Ensuite, Inboard",01,YES,SL_90_10,Room Spaces,1 patient; 1 staff assisting,0,New Construction,20.00%,Power Density,,0,0,SC,73 W,0.0,0 W,10.76 W/m²,0 W,13.99 W/m²,132 W,2700,LEVEL 11,0.0,AR Rooms
2026-08-01 19:58:17,11608888,NWB-ARC-WBH-AR-MOD-0036.rvt : 26 : location Internal,NWB-ARC-WBH-AR-MOD-0036,14341973,c3fd73e9-8529-4c45-b9f3-05c108b08dc7-00dad755,IP4.11.213,"1 Bed Room, Obstetric",LEVEL 11,New Construction,Inpatient Obstetric 4,IP4,,,,17.5 m²,17527,163.713911,283.656342,265.748031,0 W,0.00 W/m²,0 W,0.00 W/m²,28.6 m²,By Space Type,0,By Space Type,0.0,0.0,0.0,-2000160,"CEILING: plasterboard, flush set, suspended, paint, washable",,,0,-1,-2.888889,11.06.2026,CLFS-006,CLGE-001,FLVY-500,,FLSK-010,WLFI-001,Patient Areas,,WBH.IP4.01.006,112815,21/07/2026,1BR-OBS-A,18,,NWB-ARC-WBH-AR-RLS-IP1.01.085,,PS,By Type,"FLOOR FINISH: vinyl, seamless, coved, standard slip resistant, feature",Refer to Typical Room,By Space Type,33$NFfXIbCHRdp1S48QbgI,59 W,Power Density,2700,"1 Bed Room, Obstetric",IP4.11.213,0,Rooms,AROO,Rooms,IP4,17.88185025879352,Architecture,WBH-W-11.213,"1 Bed Room, Obstetric",01,YES,SL_90_10,Room Spaces,1 patient; 1-2 staff; 1-2 visitors,0,New Construction,20.00%,Power Density,,0,0,PS-1BR-OBS-A,73 W,0.0,0 W,10.76 W/m²,0 W,13.99 W/m²,132 W,2700,LEVEL 11,0.0,AR Rooms
2026-08-01 19:58:17,11608888,NWB-ARC-WBH-AR-MOD-0036.rvt : 26 : location Internal,NWB-ARC-WBH-AR-MOD-0036,14341976,c3fd73e9-8529-4c45-b9f3-05c108b08dc7-00dad758,IP4.11.214,"1 Bed Room, Obstetric",LEVEL 11,New Construction,Inpatient Obstetric 4,IP4,,,,17.5 m²,17538,177.493438,283.656342,265.748031,0 W,0.00 W/m²,0 W,0.00 W/m²,28.6 m²,By Space Type,0,By Space Type,0.0,0.0,0.0,-2000160,"CEILING: plasterboard, flush set, suspended, paint, washable",,,0,-1,-2.777778,11.06.2026,CLFS-006,CLGE-001,FLVY-500,,FLSK-010,WLFI-001,Patient Areas,,WBH.IP4.01.007,112816,21/07/2026,1BR-OBS-A,18,,NWB-ARC-WBH-AR-RLS-IP1.01.085,,PS,By Type,"FLOOR FINISH: vinyl, seamless, coved, standard slip resistant, feature",Refer to Typical Room,By Space Type,33$NFfXIbCHRdp1S48QbgV,59 W,Power Density,2700,"1 Bed Room, Obstetric",IP4.11.214,0,Rooms,AROO,Rooms,IP4,17.88185025878039,Architecture,WBH-W-11.214,"1 Bed Room, Obstetric",01,YES,SL_90_10,Room Spaces,1 patient; 1-2 staff; 1-2 visitors,0,New Construction,20.00%,Power Density,,0,0,PS-1BR-OBS-A,73 W,0.0,0 W,10.76 W/m²,0 W,13.99 W/m²,132 W,2700,LEVEL 11,0.0,AR Rooms
2026-08-01 19:58:17,11608888,NWB-ARC-WBH-AR-MOD-0036.rvt : 26 : location Internal,NWB-ARC-WBH-AR-MOD-0036,14341979,c3fd73e9-8529-4c45-b9f3-05c108b08dc7-00dad75b,IP4.11.259,"Ensuite, Inboard",LEVEL 11,New Construction,Inpatient Obstetric 4,IP4,,,,5.2 m²,8945,174.311024,275.710977,265.748031,0 W,0.00 W/m²,0 W,0.00 W/m²,28.6 m²,By Space Type,0,By Space Type,0.0,0.0,0.0,-2000160,"CEILING: plasterboard, water resistant, drop-in tiles, prefinished, 600 x 1200",,,0,-1,3.4,11.06.2026,CLTI-014,,FLVY-009,,FLSK-010,WLFI-011.07,Patient Areas,,WBH.IP4.01.053,112862,21/07/2026,ENS-ST-A,5,,Refer to AusHFG ENS-ST-A1,,SC,By Type,"FLOOR FINISH: vinyl, seamless, coved, wet area, non-slip",,By Space Type,33$NFfXIbCHRdp1S48QbgS,59 W,Power Density,2700,"Ensuite, Inboard",IP4.11.259,0,Rooms,AROO,Rooms,IP4,5.098160372603787,Architecture,WBH-W-11.259,"Ensuite, Inboard",01,YES,SL_90_10,Room Spaces,1 patient; 1 staff assisting,0,New Construction,20.00%,Power Density,,0,0,SC,73 W,0.0,0 W,10.76 W/m²,0 W,13.99 W/m²,132 W,2700,LEVEL 11,0.0,AR Rooms
2026-08-01 19:58:17,11608888,NWB-ARC-WBH-AR-MOD-0036.rvt : 26 : location Internal,NWB-ARC-WBH-AR-MOD-0036,14341982,c3fd73e9-8529-4c45-b9f3-05c108b08dc7-00dad75e,IP4.11.215,"1 Bed Room, Obstetric",LEVEL 11,New Construction,Inpatient Obstetric 4,IP4,,,,17.5 m²,17527,191.272966,283.656342,265.748031,0 W,0.00 W/m²,0 W,0.00 W/m²,28.6 m²,By Space Type,0,By Space Type,0.0,0.0,0.0,-2000160,"CEILING: plasterboard, flush set, suspended, paint, washable",,,0,-1,-2.888889,11.06.2026,CLFS-006,CLGE-001,FLVY-500,,FLSK-010,WLFI-001,Patient Areas,,WBH.IP4.01.008,112817,21/07/2026,1BR-OBS-A,18,,NWB-ARC-WBH-AR-RLS-IP1.01.085,,PS,By Type,"FLOOR FINISH: vinyl, seamless, coved, standard slip resistant, feature",Refer to Typical Room,By Space Type,33$NFfXIbCHRdp1S48QbgP,59 W,Power Density,2700,"1 Bed Room, Obstetric",IP4.11.215,0,Rooms,AROO,Rooms,IP4,17.881850258794657,Architecture,WBH-W-11.215,"1 Bed Room, Obstetric",01,YES,SL_90_10,Room Spaces,1 patient; 1-2 staff; 1-2 visitors,0,New Construction,20.00%,Power Density,,0,0,PS-1BR-OBS-A,73 W,0.0,0 W,10.76 W/m²,0 W,13.99 W/m²,132 W,2700,LEVEL 11,0.0,AR Rooms
2026-08-01 19:58:17,11608888,NWB-ARC-WBH-AR-MOD-0036.rvt : 26 : location Internal,NWB-ARC-WBH-AR-MOD-0036,14341985,c3fd73e9-8529-4c45-b9f3-05c108b08dc7-00dad761,IP4.11.258,"Ensuite, Inboard",LEVEL 11,New Construction,Inpatient Obstetric 4,IP4,,,,4.9 m²,8724,194.455381,275.724101,265.748031,0 W,0.00 W/m²,0 W,0.00 W/m²,28.6 m²,By Space Type,0,By Space Type,0.0,0.0,0.0,-2000160,"CEILING: plasterboard, water resistant, drop-in tiles, prefinished, 600 x 1200",,,0,-1,-2.2,11.06.2026,CLTI-014,,FLVY-009,,FLSK-010,WLFI-011.07,Patient Areas,,WBH.IP4.01.052,112861,21/07/2026,ENS-ST-A,5,,Refer to AusHFG ENS-ST-A1,,SC,By Type,"FLOOR FINISH: vinyl, seamless, coved, wet area, non-slip",,By Space Type,33$NFfXIbCHRdp1S48Qbgc,59 W,Power Density,2700,"Ensuite, Inboard",IP4.11.258,0,Rooms,AROO,Rooms,IP4,5.098160372603808,Architecture,WBH-W-11.258,"Ensuite, Inboard",01,YES,SL_90_10,Room Spaces,1 patient; 1 staff assisting,0,New Construction,20.00%,Power Density,,0,0,SC,73 W,0.0,0 W,10.76 W/m²,0 W,13.99 W/m²,132 W,2700,LEVEL 11,0.0,AR Rooms
2026-08-01 19:58:17,11608888,NWB-ARC-WBH-AR-MOD-0036.rvt : 26 : location Internal,NWB-ARC-WBH-AR-MOD-0036,14341988,c3fd73e9-8529-4c45-b9f3-05c108b08dc7-00dad764,IP4.11.257,"Ensuite, Inboard",LEVEL 11,New Construction,Inpatient Obstetric 4,IP4,,,,4.9 m²,8722,201.870079,275.710977,265.748031,0 W,0.00 W/m²,0 W,0.00 W/m²,28.6 m²,By Space Type,0,By Space Type,0.0,0.0,0.0,-2000160,"CEILING: plasterboard, water resistant, drop-in tiles, prefinished, 600 x 1200",,,0,-1,-2.2,11.06.2026,CLTI-014,,FLVY-009,,FLSK-010,WLFI-011.07,Patient Areas,,WBH.IP4.01.051,112860,21/07/2026,ENS-ST-A,5,,Refer to AusHFG ENS-ST-A1,,SC,By Type,"FLOOR FINISH: vinyl, seamless, coved, wet area, non-slip",,By Space Type,33$NFfXIbCHRdp1S48QbgZ,59 W,Power Density,2700,"Ensuite, Inboard",IP4.11.257,0,Rooms,AROO,Rooms,IP4,5.098160372603819,Architecture,WBH-W-11.257,"Ensuite, Inboard",01,YES,SL_90_10,Room Spaces,1 patient; 1 staff assisting,0,New Construction,20.00%,Power Density,,0,0,SC,73 W,0.0,0 W,10.76 W/m²,0 W,13.99 W/m²,132 W,2700,LEVEL 11,0.0,AR Rooms
2026-08-01 19:58:17,11608888,NWB-ARC-WBH-AR-MOD-0036.rvt : 26 : location Internal,NWB-ARC-WBH-AR-MOD-0036,14341991,c3fd73e9-8529-4c45-b9f3-05c108b08dc7-00dad767,IP4.11.236,"1 Bed Room, Obstetric - Class N",LEVEL 11,New Construction,Inpatient Obstetric 4,IP4,,,,17.5 m²,17643,205.031168,283.84171,265.748031,0 W,0.00 W/m²,0 W,0.00 W/m²,28.6 m²,By Space Type,0,By Space Type,0.0,0.0,0.0,-2000160,"CEILING: plasterboard, flush set, suspended, paint, washable",,,0,-1,-2.611111,11.06.2026,CLFS-006,CLGE-001,FLVY-500,,FLSK-010,WLFI-001,Patient Areas,,WBH.IP4.01.030,112839,21/07/2026,1BR-OBS-N,18,,NWB-ARC-WBH-AR-RLS-IP1.01.026,,PS,By Type,"FLOOR FINISH: vinyl, seamless, coved, standard slip resistant, feature",Refer to Typical Room,By Space Type,33$NFfXIbCHRdp1S48QbgW,59 W,Power Density,2700,"1 Bed Room, Obstetric - Class N",IP4.11.236,0,Rooms,AROO,Rooms,IP4,17.958255258778347,Architecture,WBH-W-11.236,"1 Bed Room, Obstetric - Class N",01,YES,SL_90_10,Room Spaces,1 patient; 1-2 staff; 1-2 visitors,0,New Construction,20.00%,Power Density,,0,0,PS-1BR-OBS-N,73 W,0.0,0 W,10.76 W/m²,0 W,13.99 W/m²,132 W,2700,LEVEL 11,0.0,AR Rooms
2026-08-01 19:58:17,11608888,NWB-ARC-WBH-AR-MOD-0036.rvt : 26 : location Internal,NWB-ARC-WBH-AR-MOD-0036,14341994,c3fd73e9-8529-4c45-b9f3-05c108b08dc7-00dad76a,IP4.11.237,Anteroom,LEVEL 11,New Construction,Inpatient Obstetric 4,IP4,,,,6.2 m²,10056,215.387139,276.167825,265.748031,0 W,0.00 W/m²,0 W,0.00 W/m²,28.6 m²,By Space Type,0,By Space Type,0.0,0.0,0.0,-2000160,"CEILING: plasterboard, flush set, suspended, paint, washable",,,0,-1,2.5,11.06.2026,CLFS-006,,FLVY-007,FLVY-009,FLSK-010,WLFI-001,Patient Areas,,WBH.IP4.01.031,112840,21/07/2026,ANRM,6,,NWB-ARC-GEN-AR-RLS-PS-ANRM,,PS,By Type,"FLOOR FINISH: vinyl, seamless, coved, standard slip resistant",Refer to Typical Room,By Space Type,33$NFfXIbCHRdp1S48Qbgj,59 W,Power Density,2700,Anteroom,IP4.11.237,0,Rooms,AROO,Rooms,IP4,6.142083249999437,Architecture,WBH-W-11.237,Anteroom,01,YES,SL_90_10,Room Spaces,1 - 2,0,New Construction,20.00%,Power Density,,0,0,PS-ANRM,73 W,0.0,0 W,10.76 W/m²,0 W,13.99 W/m²,132 W,2700,LEVEL 11,0.0,AR Rooms
2026-08-01 19:58:17,11608888,NWB-ARC-WBH-AR-MOD-0036.rvt : 26 : location Internal,NWB-ARC-WBH-AR-MOD-0036,14341997,c3fd73e9-8529-4c45-b9f3-05c108b08dc7-00dad76d,IP4.11.300,"Office, 3 Person",LEVEL 11,New Construction,Inpatient Obstetric 4,IP4,,,,14.4 m²,16607,245.622676,276.085888,265.748031,0 W,0.00 W/m²,0 W,0.00 W/m²,28.6 m²,By Space Type,0,By Space Type,0.0,0.0,0.0,-2000160,,,,0,-1,-6.2,11.06.2026,,,FLVY-500,,FLSK-010,WLFI-001,Clinical Support Areas,,WBH.IP4.02.033,112912,21/07/2026,OFF-3P,15,,NWB-ARC-GEN-AR-RLS-PS-OFF-3P,,PS,By Type,"FLOOR FINISH: vinyl, seamless, coved, standard slip resistant, feature",,By Space Type,33$NFfXIbCHRdp1S48Qbgg,59 W,Power Density,2700,"Office, 3 Person",IP4.11.300,0,Rooms,AROO,Rooms,IP4,14.013797250000522,Architecture,WBH-W-11.300,"Office, 3 Person",02,YES,SL_90_10,Room Spaces,Up to 3 staff,0,New Construction,20.00%,Power Density,D40_Done,0,0,PS-OFF-3P,73 W,0.0,0 W,10.76 W/m²,0 W,13.99 W/m²,132 W,2700,LEVEL 11,0.0,AR Rooms
2026-08-01 19:58:17,11608888,NWB-ARC-WBH-AR-MOD-0036.rvt : 26 : location Internal,NWB-ARC-WBH-AR-MOD-0036,14342003,c3fd73e9-8529-4c45-b9f3-05c108b08dc7-00dad773,IP4.11.304,"Toilet, Staff, 3m2",LEVEL 11,New Construction,Inpatient Obstetric 4,IP4,,,,3.2 m²,7404,249.455759,251.627885,265.748031,0 W,0.00 W/m²,0 W,0.00 W/m²,28.6 m²,By Space Type,0,By Space Type,0.0,0.0,0.0,-2000160,"CEILING: plasterboard, water resistant, drop-in tiles, prefinished, 600 x 1200",,,0,-1,7,11.06.2026,CLTI-014,,FLVY-009,,FLSK-010,WLFI-001,Staff Areas,,WBH.IP4.03.003,112917,21/07/2026,WCST,3,,Refer to AusHFG WCST,,SC,By Type,"FLOOR FINISH: vinyl, seamless, coved, wet area, non-slip",,By Space Type,33$NFfXIbCHRdp1S48Qbgq,59 W,Power Density,2700,"Toilet, Staff, 3m2",IP4.11.304,0,Rooms,AROO,Rooms,IP4,2.7750000000000172,Architecture,WBH-W-11.304,"Toilet, Staff, 3m2",03,YES,SL_90_10,Room Spaces,1,0,New Construction,20.00%,Power Density,,0,0,SC,73 W,0.0,0 W,10.76 W/m²,0 W,13.99 W/m²,132 W,2700,LEVEL 11,0.0,AR Rooms
2026-08-01 19:58:17,11608888,NWB-ARC-WBH-AR-MOD-0036.rvt : 26 : location Internal,NWB-ARC-WBH-AR-MOD-0036,14342006,c3fd73e9-8529-4c45-b9f3-05c108b08dc7-00dad776,IP4.11.284,"Dirty Utility, 14m2",LEVEL 11,New Construction,Inpatient Obstetric 4,IP4,,,,11.7 m²,13878,246.848383,258.113103,265.748031,0 W,0.00 W/m²,0 W,0.00 W/m²,28.6 m²,By Space Type,0,By Space Type,0.0,0.0,0.0,-2000160,"CEILING: plasterboard, water resistant, drop-in tiles, prefinished, 600 x 1200",,,0,-1,-8.142857,11.06.2026,CLTI-014,,FLVY-009,,FLSK-010,WLFI-001,Clinical Support Areas,,WBH.IP4.02.016,112890,21/07/2026,DTUR-14,14,,NWB-ARC-WBH-AR-RLS-IP1.02.014,,DR,By Type,"FLOOR FINISH: vinyl, seamless, coved, wet area, non-slip",Refer to Typical Room,By Space Type,33$NFfXIbCHRdp1S48Qbgn,59 W,Power Density,2700,"Dirty Utility, 14m2",IP4.11.284,0,Rooms,AROO,Rooms,IP4,13.152750000002934,Architecture,WBH-W-11.284,"Dirty Utility, 14m2",02,YES,SL_90_10,Room Spaces,1 - 2 intermittently,0,New Construction,20.00%,Power Density,,0,0,DR,73 W,0.0,0 W,10.76 W/m²,0 W,13.99 W/m²,132 W,2700,LEVEL 11,0.0,AR Rooms
2026-08-01 19:58:17,11608888,NWB-ARC-WBH-AR-MOD-0036.rvt : 26 : location Internal,NWB-ARC-WBH-AR-MOD-0036,14342009,c3fd73e9-8529-4c45-b9f3-05c108b08dc7-00dad779,IP4.11.283,Store - General,LEVEL 11,New Construction,Inpatient Obstetric 4,IP4,,,,7.2 m²,10952,308.797846,275.973937,265.748031,0 W,0.00 W/m²,0 W,0.00 W/m²,28.6 m²,By Space Type,0,By Space Type,0.0,0.0,0.0,-2000160,"CEILING: plasterboard, drop-in tiles, prefinished, 600 x 1200",,,0,-1,-21.777778,11.06.2026,CLTI-008,,FLVY-007,,FLSK-010,WLFI-001,Clinical Support Areas,,WBH.IP4.02.015,112889,21/07/2026,STGN,9,,Refer to AusHFG STGN,,SC,By Type,"FLOOR FINISH: vinyl, seamless, coved, standard slip resistant",,By Space Type,33$NFfXIbCHRdp1S48Qbg_,59 W,Power Density,2700,Store - General,IP4.11.283,0,Rooms,AROO,Rooms,IP4,9.105750000000864,Architecture,WBH-W-11.283,Store - General,02,YES,SL_90_10,Room Spaces,"1-2 staff, intermittently",0,New Construction,20.00%,Power Density,,0,0,SC,73 W,0.0,0 W,10.76 W/m²,0 W,13.99 W/m²,132 W,2700,LEVEL 11,0.0,AR Rooms
2026-08-01 19:58:17,11608888,NWB-ARC-WBH-AR-MOD-0036.rvt : 26 : location Internal,NWB-ARC-WBH-AR-MOD-0036,14342012,c3fd73e9-8529-4c45-b9f3-05c108b08dc7-00dad77c,IP4.11.275,"Office, Clinical Workroom",LEVEL 11,New Construction,Inpatient Obstetric 4,IP4,,,,14.6 m²,16176,264.273341,276.300221,265.748031,0 W,0.00 W/m²,0 W,0.00 W/m²,28.6 m²,By Space Type,0,By Space Type,0.0,0.0,0.0,-2000160,"CEILING: acoustic, drop-in tiles, 600 x 1200",,,0,-1,-0.466667,11.06.2026,CLTI-002,,FLVY-007,,FLSK-010,WLFI-001,Clinical Support Areas,,WBH.IP4.02.006,112880,21/07/2026,OFF-CLN,15,,NWB-ARC-WBH-AR-RLS-IP2.02.006,,SC,By Type,"FLOOR FINISH: vinyl, seamless, coved, standard slip resistant",,By Space Type,33$NFfXIbCHRdp1S48Qbgx,59 W,Power Density,2700,"Office, Clinical Workroom",IP4.11.275,0,Rooms,AROO,Rooms,IP4,14.77492250000258,Architecture,WBH-W-11.275,"Office, Clinical Workroom",02,YES,SL_90_10,Room Spaces,4 workstations,0,New Construction,20.00%,Power Density,D40_Done,0,0,SC,73 W,0.0,0 W,10.76 W/m²,0 W,13.99 W/m²,132 W,2700,LEVEL 11,0.0,AR Rooms
2026-08-01 19:58:17,11608888,NWB-ARC-WBH-AR-MOD-0036.rvt : 26 : location Internal,NWB-ARC-WBH-AR-MOD-0036,14342015,c3fd73e9-8529-4c45-b9f3-05c108b08dc7-00dad77f,IP4.11.285,"Store - Equipment, 20m2",LEVEL 11,New Construction,Inpatient Obstetric 4,IP4,,,,16.6 m²,17735,316.83143,281.26222,265.748031,0 W,0.00 W/m²,0 W,0.00 W/m²,28.6 m²,By Space Type,0,By Space Type,0.0,0.0,0.0,-2000160,"CEILING: plasterboard, drop-in tiles, prefinished, 600 x 1200",,,0,-1,-15.7,11.06.2026,CLTI-008,,FLVY-007,,FLSK-010,WLFI-001,Clinical Support Areas,,WBH.IP4.02.017,112891,21/07/2026,STEQ-20,20,,NWB-ARC-WBH-AR-RLS-DR-STEQ-20-IP2,,DR,By Type,"FLOOR FINISH: vinyl, seamless, coved, standard slip resistant",Refer to Typical Room,By Space Type,33$NFfXIbCHRdp1S48Qbgu,59 W,Power Density,2700,"Store - Equipment, 20m2",IP4.11.285,0,Rooms,AROO,Rooms,IP4,18.58614018822884,Architecture,WBH-W-11.285,"Store - Equipment, 20m2",02,YES,SL_90_10,Room Spaces,"1-2 staff, intermittently",0,New Construction,20.00%,Power Density,,0,0,DR,73 W,0.0,0 W,10.76 W/m²,0 W,13.99 W/m²,132 W,2700,LEVEL 11,0.0,AR Rooms
2026-08-01 19:58:17,11608888,NWB-ARC-WBH-AR-MOD-0036.rvt : 26 : location Internal,NWB-ARC-WBH-AR-MOD-0036,14342018,c3fd73e9-8529-4c45-b9f3-05c108b08dc7-00dad782,IP4.11.299,"Office, 1 Person",LEVEL 11,New Construction,Inpatient Obstetric 4,IP4,,,,8.4 m²,11942,225.265925,296.944508,265.748031,0 W,0.00 W/m²,0 W,0.00 W/m²,28.6 m²,By Space Type,0,By Space Type,0.0,0.0,0.0,-2000160,,,,0,-1,-6.555556,11.06.2026,,,FLVY-500,,FLSK-010,WLFI-001,Clinical Support Areas,,WBH.IP4.02.032,112911,21/07/2026,OFF-1P,9,,Refer to AusHFG OFF-1P-9,,SC,By Type,"FLOOR FINISH: vinyl, seamless, coved, standard slip resistant, feature",,By Space Type,33$NFfXIbCHRdp1S48Qbf5,59 W,Power Density,2700,"Office, 1 Person",IP4.11.299,0,Rooms,AROO,Rooms,IP4,9.125491500000074,Architecture,WBH-W-11.299,"Office, 1 Person",02,YES,SL_90_10,Room Spaces,"1 staff, up to 2 visitors",0,New Construction,20.00%,Power Density,D40_Done,0,0,SC,73 W,0.0,0 W,10.76 W/m²,0 W,13.99 W/m²,132 W,2700,LEVEL 11,0.0,AR Rooms
2026-08-01 19:58:17,11608888,NWB-ARC-WBH-AR-MOD-0036.rvt : 26 : location Internal,NWB-ARC-WBH-AR-MOD-0036,14342021,c3fd73e9-8529-4c45-b9f3-05c108b08dc7-00dad785,IP4.11.281,"Clean Store, Imprest, 20m2",LEVEL 11,New Construction,Inpatient Obstetric 4,IP4,,,,17.6 m²,18018,259.994259,256.93423,265.748031,0 W,0.00 W/m²,0 W,0.00 W/m²,28.6 m²,By Space Type,0,By Space Type,0.0,0.0,0.0,-2000160,"CEILING: plasterboard, flush set, suspended, paint, washable",,,0,-1,-5.2,11.06.2026,CLFS-006,,FLVY-007,,FLSK-010,WLFI-001,Clinical Support Areas,,WBH.IP4.02.012,112886,21/07/2026,CLN-20 (IMP),20,,NWB-ARC-WBH-AR-RLS-IP1.02.033,,DR,By Type,"FLOOR FINISH: vinyl, seamless, coved, standard slip resistant",Refer to Typical Room,By Space Type,33$NFfXIbCHRdp1S48Qbf2,59 W,Power Density,2700,"Clean Store, Imprest, 20m2",IP4.11.281,0,Rooms,AROO,Rooms,IP4,16.293632500004755,Architecture,WBH-W-11.281,"Clean Store, Imprest, 20m2",02,YES,SL_90_10,Room Spaces,1 - 2 staff intermittently,0,New Construction,20.00%,Power Density,,0,0,DR,73 W,0.0,0 W,10.76 W/m²,0 W,13.99 W/m²,132 W,2700,LEVEL 11,0.0,AR Rooms
2026-08-01 19:58:17,11608888,NWB-ARC-WBH-AR-MOD-0036.rvt : 26 : location Internal,NWB-ARC-WBH-AR-MOD-0036,14342024,c3fd73e9-8529-4c45-b9f3-05c108b08dc7-00dad788,IP4.11.282,"Medication Room, 20m2",LEVEL 11,New Construction,Inpatient Obstetric 4,IP4,,,,17.2 m²,16679,273.950131,255.785608,265.748031,0 W,0.00 W/m²,0 W,0.00 W/m²,28.6 m²,By Space Type,0,By Space Type,0.0,0.0,0.0,-2000160,"CEILING: plasterboard, flush set, suspended, paint, washable",,,0,-1,-8.35,11.06.2026,CLFS-006,,FLVY-007,,FLSK-010,WLFI-001,Clinical Support Areas,,WBH.IP4.02.014,112888,21/07/2026,MED-20,20,,NWB-ARC-WBH-AR-RLS-IP1.02.011,,PS,By Type,"FLOOR FINISH: vinyl, seamless, coved, standard slip resistant",Refer to Typical Room,By Space Type,33$NFfXIbCHRdp1S48QbfF,59 W,Power Density,2700,"Medication Room, 20m2",IP4.11.282,0,Rooms,AROO,Rooms,IP4,16.65636649998089,Architecture,WBH-W-11.282,"Medication Room, 20m2",02,YES,SL_90_10,Room Spaces,1 - 2 staff intermittently,0,New Construction,20.00%,Power Density,,0,0,PS-MED-20,73 W,0.0,0 W,10.76 W/m²,0 W,13.99 W/m²,132 W,2700,LEVEL 11,0.0,AR Rooms
2026-08-01 19:58:17,11608888,NWB-ARC-WBH-AR-MOD-0036.rvt : 26 : location Internal,NWB-ARC-WBH-AR-MOD-0036,14342027,c3fd73e9-8529-4c45-b9f3-05c108b08dc7-00dad78b,IP4.11.279,Bay - Pneumatic Tube,LEVEL 11,New Construction,Inpatient Obstetric 4,IP4,,,,1.1 m²,4198,320.284449,252.542881,265.748031,0 W,0.00 W/m²,0 W,0.00 W/m²,28.6 m²,By Space Type,0,By Space Type,0.0,0.0,0.0,-2000160,"CEILING: plasterboard, drop-in tiles, prefinished, 600 x 1200",,,0,-1,10,11.06.2026,CLTI-008,,FLVY-007,,FLSK-010,WLFI-001,Clinical Support Areas,,WBH.IP4.02.010,112884,21/07/2026,BPTS,1,,Refer to AusHFG BPTS,,SC,By Type,"FLOOR FINISH: vinyl, seamless, coved, standard slip resistant",,By Space Type,33$NFfXIbCHRdp1S48QbfC,59 W,Power Density,2700,Bay - Pneumatic Tube,IP4.11.279,0,Rooms,AROO,Rooms,IP4,1.0499999999999998,Architecture,WBH-W-11.279,Bay - Pneumatic Tube,02,YES,SL_90_10,Room Spaces,accessed by staff intermittently,0,New Construction,20.00%,Power Density,,0,0,SC,73 W,0.0,0 W,10.76 W/m²,0 W,13.99 W/m²,132 W,2700,LEVEL 11,0.0,AR Rooms
2026-08-01 19:58:17,11608888,NWB-ARC-WBH-AR-MOD-0036.rvt : 26 : location Internal,NWB-ARC-WBH-AR-MOD-0036,14342030,c3fd73e9-8529-4c45-b9f3-05c108b08dc7-00dad78e,IP4.11.291,"Bay - Handwashing, Type B",LEVEL 11,New Construction,Inpatient Obstetric 4,IP4,,,,1.0 m²,4048,365.174777,249.216631,265.748031,0 W,0.00 W/m²,0 W,0.00 W/m²,28.6 m²,By Space Type,0,By Space Type,0.0,0.0,0.0,-2000160,"CEILING: plasterboard, flush set, suspended, paint, washable",,,0,-1,-1,11.06.2026,CLFS-006,,FLVY-003,,FLSK-010,WLFI-001,Clinical Support Areas,,WBH.IP4.02.023,112897,21/07/2026,BHWS-B,1,,Refer to AusHFG BHWS-B,,SC,By Type,"FLOOR FINISH: vinyl, seamless, coved, non slip",,By Space Type,33$NFfXIbCHRdp1S48Qbf9,59 W,Power Density,2700,"Bay - Handwashing, Type B",IP4.11.291,0,Rooms,AROO,Rooms,IP4,1.6614999993900899,Architecture,WBH-W-11.291,"Bay - Handwashing, Type B",02,YES,SL_90_10,Room Spaces,1,0,New Construction,20.00%,Power Density,,0,0,SC,73 W,0.0,0 W,10.76 W/m²,0 W,13.99 W/m²,132 W,2700,LEVEL 11,0.0,AR Rooms
2026-08-01 19:58:17,11608888,NWB-ARC-WBH-AR-MOD-0036.rvt : 26 : location Internal,NWB-ARC-WBH-AR-MOD-0036,14342039,c3fd73e9-8529-4c45-b9f3-05c108b08dc7-00dad797,IP4.11.290,"Bay - Handwashing, Type B",LEVEL 11,New Construction,Inpatient Obstetric 4,IP4,,,,0.7 m²,3318,323.228003,271.984511,265.748031,0 W,0.00 W/m²,0 W,0.00 W/m²,28.6 m²,By Space Type,0,By Space Type,0.0,0.0,0.0,-2000160,"CEILING: plasterboard, flush set, suspended, paint, washable",,,0,-1,-34,11.06.2026,CLFS-006,,FLVY-003,,FLSK-010,WLFI-001,Clinical Support Areas,,WBH.IP4.02.022,112896,21/07/2026,BHWS-B,1,,Refer to AusHFG BHWS-B,,SC,By Type,"FLOOR FINISH: vinyl, seamless, coved, non slip",,By Space Type,33$NFfXIbCHRdp1S48QbfG,59 W,Power Density,2700,"Bay - Handwashing, Type B",IP4.11.290,0,Rooms,AROO,Rooms,IP4,1.4334250000001127,Architecture,WBH-W-11.290,"Bay - Handwashing, Type B",02,YES,SL_90_10,Room Spaces,1,0,New Construction,20.00%,Power Density,,0,0,SC,73 W,0.0,0 W,10.76 W/m²,0 W,13.99 W/m²,132 W,2700,LEVEL 11,0.0,AR Rooms
2026-08-01 19:58:17,11608888,NWB-ARC-WBH-AR-MOD-0036.rvt : 26 : location Internal,NWB-ARC-WBH-AR-MOD-0036,14342042,c3fd73e9-8529-4c45-b9f3-05c108b08dc7-00dad79a,IP4.11.277,Bay - Resuscitation Trolley,LEVEL 11,New Construction,Inpatient Obstetric 4,IP4,,,,1.9 m²,5541,295.738823,251.953725,265.748031,0 W,0.00 W/m²,0 W,0.00 W/m²,28.6 m²,By Space Type,0,By Space Type,0.0,0.0,0.0,-2000160,"CEILING: plasterboard, drop-in tiles, prefinished, 600 x 1200",,,0,-1,24,11.06.2026,CLTI-008,,FLVY-007,,FLSK-010,WLFI-001,Clinical Support Areas,,WBH.IP4.02.008,112882,21/07/2026,BRES,1.5,,Refer to AusHFG BRES,,SC,By Type,"FLOOR FINISH: vinyl, seamless, coved, standard slip resistant",,By Space Type,33$NFfXIbCHRdp1S48QbfT,59 W,Power Density,2700,Bay - Resuscitation Trolley,IP4.11.277,0,Rooms,AROO,Rooms,IP4,1.4334250000001165,Architecture,WBH-W-11.277,Bay - Resuscitation Trolley,02,YES,SL_90_10,Room Spaces,,0,New Construction,20.00%,Power Density,,0,0,SC,73 W,0.0,0 W,10.76 W/m²,0 W,13.99 W/m²,132 W,2700,LEVEL 11,0.0,AR Rooms
2026-08-01 19:58:17,11608888,NWB-ARC-WBH-AR-MOD-0036.rvt : 26 : location Internal,NWB-ARC-WBH-AR-MOD-0036,14342045,c3fd73e9-8529-4c45-b9f3-05c108b08dc7-00dad79d,IP4.11.C30,Corridor,LEVEL 11,New Construction,Inpatient Obstetric 4,IP4,,,,68.4 m²,61012,241.977048,269.177504,265.748031,0 W,0.00 W/m²,0 W,0.00 W/m²,28.6 m²,By Space Type,0,By Space Type,0.0,0.0,0.0,-2000160,"CEILING: acoustic, drop-in tiles, 600 x 1200",SECURE - YELLOW,CLINICAL-TYPE B1,0,-1,-82.50478,11.06.2026,CLTI-002,CLFS-006,FLVY-007,FLVY-500,FLSK-010,WLFI-001,Intradepartmental Circulation,,WBH.IP4.IC.001,114061,21/07/2026,CORR,366.1,,-,,Circulation,By Type,"FLOOR FINISH: vinyl, seamless, coved, standard slip resistant FLOOR FINISH: vinyl, seamless, coved, standard slip resistant, feature",,By Space Type,33$NFfXIbCHRdp1S48QbfQ,59 W,Power Density,2700,Corridor,IP4.11.C30,0,Rooms,AROO,Rooms,IP4,160.14267036505728,Architecture,WBH-W-11.C30,Corridor,IC,YES,SL_90_10,Room Spaces,,0,New Construction,20.00%,Power Density,,0,0,,73 W,0.0,0 W,10.76 W/m²,0 W,13.99 W/m²,132 W,2700,LEVEL 11,0.0,AR Rooms
2026-08-01 19:58:17,11608888,NWB-ARC-WBH-AR-MOD-0036.rvt : 26 : location Internal,NWB-ARC-WBH-AR-MOD-0036,14342449,c3fd73e9-8529-4c45-b9f3-05c108b08dc7-00dad931,IP4.11.298,Bay - Meal Trolley,LEVEL 11,New Construction,Inpatient Obstetric 4,IP4,,,,1.7 m²,5633,237.785143,259.70332,265.748031,0 W,0.00 W/m²,0 W,0.00 W/m²,28.6 m²,By Space Type,0,By Space Type,0.0,0.0,0.0,-2000160,"CEILING: plasterboard, drop-in tiles, prefinished, 600 x 1200",,,0,-1,-52,11.06.2026,CLTI-008,,FLVY-500,,FLSK-010,WLFI-001,Clinical Support Areas,,WBH.IP4.02.030,112904,21/07/2026,BMT,4,,Refer to AusHFG BMT,,SC,By Type,"FLOOR FINISH: vinyl, seamless, coved, standard slip resistant",,By Space Type,33$NFfXIbCHRdp1S48QbJs,59 W,Power Density,2700,Bay - Meal Trolley,IP4.11.298,0,Rooms,AROO,Rooms,IP4,4.920477500000811,Architecture,WBH-W-11.298,Bay - Meal Trolley,02,YES,SL_90_10,Room Spaces,,0,New Construction,20.00%,Power Density,,0,0,SC,73 W,0.0,0 W,10.76 W/m²,0 W,13.99 W/m²,132 W,2700,LEVEL 11,0.0,AR Rooms
2026-08-01 19:58:17,11608888,NWB-ARC-WBH-AR-MOD-0036.rvt : 26 : location Internal,NWB-ARC-WBH-AR-MOD-0036,14342673,8c9bf9f9-0a09-4107-8a4e-fab4e4ae1293-00dada11,IP3.11.150,"Toilet, Staff, 3m2",LEVEL 11,New Construction,Inpatient Obstetric 3,IP3,,,,3.4 m²,7442,199.321885,418.034895,265.748031,0 W,0.00 W/m²,0 W,0.00 W/m²,28.6 m²,By Space Type,0,By Space Type,0.0,0.0,0.0,-2000160,"CEILING: plasterboard, water resistant, drop-in tiles, prefinished, 600 x 1200",,,0,-1,14.666667,11.06.2026,CLTI-014,,FLVY-009,,FLSK-010,WLFI-001,Staff Areas,,WBH.IP3.03.002,112807,21/07/2026,WCST,3,,Refer to AusHFG WCST,,SC,By Type,"FLOOR FINISH: vinyl, seamless, coved, wet area, non-slip",,By Space Type,2Cc$dv2Wb11ufE_hJaTCY2,59 W,Power Density,2700,"Toilet, Staff, 3m2",IP3.11.150,0,Rooms,AROO,Rooms,IP3,3.148000000000118,Architecture,WBH-W-11.150,"Toilet, Staff, 3m2",03,YES,SL_90_10,Room Spaces,1,0,New Construction,20.00%,Power Density,,0,0,SC,73 W,0.0,0 W,10.76 W/m²,0 W,13.99 W/m²,132 W,2700,LEVEL 11,0.0,AR Rooms
2026-08-01 19:58:17,11608888,NWB-ARC-WBH-AR-MOD-0036.rvt : 26 : location Internal,NWB-ARC-WBH-AR-MOD-0036,14345760,1786e9e3-8380-45f8-823f-a7a373531425-00dae620,IP3.11.155,"Store - Equipment, 8m2",LEVEL 11,New Construction,Inpatient Obstetric 3,IP3,,,,7.6 m²,12481,320.38878,334.797255,265.748031,0 W,0.00 W/m²,0 W,0.00 W/m²,28.6 m²,By Space Type,0,By Space Type,0.0,0.0,0.0,-2000160,"CEILING: plasterboard, drop-in tiles, prefinished, 600 x 1200",,,0,-1,-4.375,11.06.2026,CLTI-008,,FLVY-007,,FLSK-010,WLFI-001,Shared Patient Areas,,WBH.IP3.04.004,112797,21/07/2026,STEQ-8,8,,NWB-ARC-WBH-AR-RLS-DR-STEQ-8-IP1,,DR,By Type,"FLOOR FINISH: vinyl, seamless, coved, standard slip resistant",Refer to Typical Room,By Space Type,0NXkdZWu15_88$fwDpYV85,59 W,Power Density,2700,"Store - Equipment, 8m2",IP3.11.155,0,Rooms,AROO,Rooms,IP3,5.972188499994336,Architecture,WBH-W-11.155,"Store - Equipment, 8m2",04,YES,SL_90_10,Room Spaces,"1-2 staff, intermittently",0,New Construction,20.00%,Power Density,,0,0,DR,73 W,0.0,0 W,10.76 W/m²,0 W,13.99 W/m²,132 W,2700,LEVEL 11,0.0,AR Rooms
2026-08-01 19:58:17,11608888,NWB-ARC-WBH-AR-MOD-0036.rvt : 26 : location Internal,NWB-ARC-WBH-AR-MOD-0036,14647344,2d0cfbc3-9659-42a0-9371-c0625214c01e-00df8030,IP2.10.220,Interview Room,LEVEL 10,New Construction,Inpatient Obstetric 2,IP2,,,,12.3 m²,14472,285.452103,275.585852,250.984252,0 W,0.00 W/m²,0 W,0.00 W/m²,28.6 m²,By Space Type,0,By Space Type,0.0,0.0,0.0,-2000160,,,,0,-1,2.416667,11.06.2026,,,FLVY-500,,FLSK-010,WLFI-001,Patient Areas,,WBH.IP2.01.062,112651,21/07/2026,INTV,12,,Refer to AusHFG INTV,,SC,By Type,"FLOOR FINISH: vinyl, seamless, coved, standard slip resistant, feature",,By Space Type,0j3Fl3bbb2e9Dnm69Ioq0k,59 W,Power Density,2700,Interview Room,IP2.10.220,0,Rooms,AROO,Rooms,IP2,14.6025544974437,Architecture,WBH-W-10.220,Interview Room,01,YES,SL_90_10,Room Spaces,Up to 8 persons,0,New Construction,20.00%,Power Density,D40_Done,No,0,SC,73 W,0.0,0 W,10.76 W/m²,0 W,13.99 W/m²,132 W,2700,LEVEL 10,0.0,AR Rooms
2026-08-01 19:58:17,11608888,NWB-ARC-WBH-AR-MOD-0036.rvt : 26 : location Internal,NWB-ARC-WBH-AR-MOD-0036,14647350,2d0cfbc3-9659-42a0-9371-c0625214c01e-00df8036,IP3.11.109,Interview Room,LEVEL 11,New Construction,Inpatient Obstetric 3,IP3,,,,11.9 m²,14535,289.91244,397.781184,265.748031,0 W,0.00 W/m²,0 W,0.00 W/m²,28.6 m²,By Space Type,0,By Space Type,0.0,0.0,0.0,-2000160,,,,0,-1,-0.916667,11.06.2026,,,FLVY-500,,FLSK-010,WLFI-001,Patient Areas,,WBH.IP3.01.060,112757,21/07/2026,INTV,12,,Refer to AusHFG INTV,,SC,By Type,"FLOOR FINISH: vinyl, seamless, coved, standard slip resistant, feature",,By Space Type,0j3Fl3bbb2e9Dnm69Ioq0e,59 W,Power Density,2700,Interview Room,IP3.11.109,0,,,,IP3,,,WBH-W-11.109,Interview Room,01,,,,Up to 8 persons,0,New Construction,20.00%,Power Density,D40_Done,0,0,SC,73 W,0.0,0 W,10.76 W/m²,0 W,13.99 W/m²,132 W,2700,LEVEL 11,0.0,AR Rooms
2026-08-01 19:58:17,11608888,NWB-ARC-WBH-AR-MOD-0036.rvt : 26 : location Internal,NWB-ARC-WBH-AR-MOD-0036,14647356,2d0cfbc3-9659-42a0-9371-c0625214c01e-00df803c,IP4.11.222,"1 Bed Room, Obstetric",LEVEL 11,New Construction,Inpatient Obstetric 4,IP4,,,,17.5 m²,17607,287.708333,228.078915,265.748031,0 W,0.00 W/m²,0 W,0.00 W/m²,28.6 m²,By Space Type,0,By Space Type,0.0,0.0,0.0,-2000160,"CEILING: plasterboard, flush set, suspended, paint, washable",,,0,-1,-2.888889,11.06.2026,CLFS-006,CLGE-001,FLVY-500,,FLSK-010,WLFI-001,Patient Areas,,WBH.IP4.01.015,112824,21/07/2026,1BR-OBS-A,18,,NWB-ARC-WBH-AR-RLS-IP1.01.085,,PS,By Type,"FLOOR FINISH: vinyl, seamless, coved, standard slip resistant, feature",Refer to Typical Room,By Space Type,0j3Fl3bbb2e9Dnm69Ioq0Y,59 W,Power Density,2700,"1 Bed Room, Obstetric",IP4.11.222,0,Rooms,AROO,Rooms,IP4,18.00221525622372,Architecture,WBH-W-11.222,"1 Bed Room, Obstetric",01,YES,SL_90_10,Room Spaces,1 patient; 1-2 staff; 1-2 visitors,0,New Construction,20.00%,Power Density,,0,0,PS-1BR-OBS-A,73 W,0.0,0 W,10.76 W/m²,0 W,13.99 W/m²,132 W,2700,LEVEL 11,0.0,AR Rooms
2026-08-01 19:58:17,11608888,NWB-ARC-WBH-AR-MOD-0036.rvt : 26 : location Internal,NWB-ARC-WBH-AR-MOD-0036,14702417,31939c85-324a-4d0a-8007-526394a2b6f5-00e05751,IPG.09.316,"Bay - Beverage, Patient/Visitor",LEVEL 09,New Construction,Inpatient Gynaecology,IPG,,,,2.1 m²,6276,311.987972,299.55294,236.220472,0 W,0.00 W/m²,0 W,0.00 W/m²,28.6 m²,By Space Type,0,By Space Type,0.0,0.0,0.0,-2000160,"CEILING: acoustic, drop-in tiles, 600 x 1200",,,0,-1,6.5,11.06.2026,CLTI-002,,FLVY-007,,FLSK-010,WLFI-001,Patient Areas,,WBH.IPG.01.080,112488,21/07/2026,BBEV-2,2,,NWB-ARC-WBH-AR-RLS-IPG.01.080,,PS,By Type,"FLOOR FINISH: vinyl, seamless, coved, standard slip resistant",Refer to Typical Room,By Space Type,0navo5CafD2e07KcEKGk6a,59 W,Power Density,2700,"Bay - Beverage, Patient/Visitor",IPG.09.316,0,Rooms,AROO,Rooms,IPG,2.232072000001601,Architecture,WBH-W-09.316,"Bay - Beverage, Patient/Visitor",01,YES,SL_90_10,Room Spaces,1-2 intermittently,0,New Construction,20.00%,Power Density,,Yes,0,PS-BBEV-2,73 W,0.0,0 W,10.76 W/m²,0 W,13.99 W/m²,132 W,2700,LEVEL 09,0.0,AR Rooms
2026-08-01 19:58:17,11608888,NWB-ARC-WBH-AR-MOD-0036.rvt : 26 : location Internal,NWB-ARC-WBH-AR-MOD-0036,14708912,c872143f-dfe5-46c8-97ba-b7952802904d-00e05ba7,TRA.09.T01,Travel,LEVEL 09,New Construction,Travel,TRA,,,,39.0 m²,34732,300.383858,352.690135,236.220472,0 W,0.00 W/m²,0 W,0.00 W/m²,28.6 m²,By Space Type,0,By Space Type,0.0,0.0,0.0,-2000160,"CEILING: acoustic, drop-in tiles, 600 x 1200",CONTROLLED - GREEN,CLINICAL-TYPE B1,0,-1,0.0,11.06.2026,CLTI-002,CLFS-006,FLVY-007,FLVY-500,FLSK-010,WLFI-001,Horizontal Travel,,WBH.TRA.HT.234,116721,21/07/2026,TRAVEL,0.0,,-,,T&E,By Type,"FLOOR FINISH: vinyl, seamless, coved, standard slip resistant FLOOR FINISH: vinyl, seamless, coved, standard slip resistant, feature",,By Space Type,38SXG$t_L6o9UwjvKeuilg,59 W,Power Density,2700,Travel,TRA.09.T01,0,Rooms,AROO,Rooms,TRA,41.45227875079449,Architecture,WBH-W-09.T01,Travel,HT,YES,SL_90_10,Room Spaces,,0,New Construction,20.00%,Power Density,,0,0,,73 W,0.0,0 W,10.76 W/m²,0 W,13.99 W/m²,132 W,2700,LEVEL 09,0.0,AR Rooms
2026-08-01 19:58:17,11608888,NWB-ARC-WBH-AR-MOD-0036.rvt : 26 : location Internal,NWB-ARC-WBH-AR-MOD-0036,14764570,bd6b9047-22fb-4ec1-ace0-3aca6d73e1fc-00e14a1a,BOH.09.001,Central Exchange Hub,LEVEL 09,New Construction,"Loading Dock, Logistics Services & Back of House",BOH,,,,19.4 m²,18384,217.4229,328.429144,236.220472,0 W,0.00 W/m²,0 W,0.00 W/m²,28.6 m²,By Space Type,0,By Space Type,0.0,0.0,0.0,-2000160,,,,0,-1,0,11.06.2026,,,FLGE-004,,FLSK-002,,Logistics,,WBH.BOH.12.069,115216,21/07/2026,EXCH HUB,0,,NWB-ARC-WBH-AR-RLS-NS-AGV-CLEAN-20-BOH,,NS,By Type,"FLOOR FINISH: concrete, epoxy coating",,By Space Type,2zQv178ljEmQpWEifjaglc,59 W,Power Density,2700,Central Exchange Hub,BOH.09.001,0,Rooms,AROO,Rooms,BOH,14.770977000001768,Architecture,WBH-W-09.001,Central Exchange Hub,12,YES,SL_90_10,Room Spaces,,0,New Construction,20.00%,Power Density,,0,0,NS,73 W,0.0,0 W,10.76 W/m²,0 W,13.99 W/m²,132 W,2700,LEVEL 09,0.0,AR Rooms
2026-08-01 19:58:17,11608888,NWB-ARC-WBH-AR-MOD-0036.rvt : 26 : location Internal,NWB-ARC-WBH-AR-MOD-0036,14764580,bd6b9047-22fb-4ec1-ace0-3aca6d73e1fc-00e14a24,BOH.10.400,Central Exchange Hub,LEVEL 10,New Construction,"Loading Dock, Logistics Services & Back of House",BOH,,,,19.4 m²,18372,217.357283,328.439807,250.984252,0 W,0.00 W/m²,0 W,0.00 W/m²,28.6 m²,By Space Type,0,By Space Type,0.0,0.0,0.0,-2000160,,,,0,-1,0,11.06.2026,,,FLGE-004,,FLSK-002,,Logistics,,WBH.BOH.12.070,115217,21/07/2026,EXCH HUB,0,,NWB-ARC-WBH-AR-RLS-NS-AGV-CLEAN-20-BOH,,NS,By Type,"FLOOR FINISH: concrete, epoxy coating",,By Space Type,2zQv178ljEmQpWEifjaglO,59 W,Power Density,2700,Central Exchange Hub,BOH.10.400,0,Rooms,AROO,Rooms,BOH,15.460223999996732,Architecture,WBH-W-10.400,Central Exchange Hub,12,YES,SL_90_10,Room Spaces,,0,New Construction,20.00%,Power Density,,0,0,NS,73 W,0.0,0 W,10.76 W/m²,0 W,13.99 W/m²,132 W,2700,LEVEL 10,0.0,AR Rooms
2026-08-01 19:58:17,11608888,NWB-ARC-WBH-AR-MOD-0036.rvt : 26 : location Internal,NWB-ARC-WBH-AR-MOD-0036,14764586,bd6b9047-22fb-4ec1-ace0-3aca6d73e1fc-00e14a2a,BOH.11.400,Central Exchange Hub,LEVEL 11,New Construction,"Loading Dock, Logistics Services & Back of House",BOH,,,,19.4 m²,18382,217.357283,328.390594,265.748031,0 W,0.00 W/m²,0 W,0.00 W/m²,28.6 m²,By Space Type,0,By Space Type,0.0,0.0,0.0,-2000160,,,,0,-1,0,11.06.2026,,,FLGE-004,,FLSK-002,,Logistics,,WBH.BOH.12.071,115218,21/07/2026,EXCH HUB,0,,NWB-ARC-WBH-AR-RLS-NS-AGV-CLEAN-20-BOH,,NS,By Type,"FLOOR FINISH: concrete, epoxy coating",,By Space Type,2zQv178ljEmQpWEifjaglM,59 W,Power Density,2700,Central Exchange Hub,BOH.11.400,0,Rooms,AROO,Rooms,BOH,10.838520000000385,Architecture,WBH-W-11.400,Central Exchange Hub,12,YES,SL_90_10,Room Spaces,,0,New Construction,20.00%,Power Density,,0,0,NS,73 W,0.0,0 W,10.76 W/m²,0 W,13.99 W/m²,132 W,2700,LEVEL 11,0.0,AR Rooms
2026-08-01 19:58:17,11608888,NWB-ARC-WBH-AR-MOD-0036.rvt : 26 : location Internal,NWB-ARC-WBH-AR-MOD-0036,16303441,44a67d67-46ca-4845-a9a2-669bba03e5a8-00f8c551,TRA.09.T02,Travel,LEVEL 09,New Construction,Travel,TRA,,,,22.3 m²,22304,300.455217,327.035608,236.220472,0 W,0.00 W/m²,0 W,0.00 W/m²,28.6 m²,By Space Type,0,By Space Type,0.0,0.0,0.0,-2000160,"CEILING: acoustic, drop-in tiles, 600 x 1200",SECURE - YELLOW,CLINICAL-TYPE B1,0,-1,0.0,11.06.2026,CLTI-002,CLFS-006,FLVY-007,FLVY-500,FLSK-010,WLFI-001,Horizontal Travel,,WBH.TRA.HT.236,116723,21/07/2026,TRAVEL,0.0,,-,,T&E,By Type,"FLOOR FINISH: vinyl, seamless, coved, standard slip resistant FLOOR FINISH: vinyl, seamless, coved, standard slip resistant, feature",,By Space Type,14fdrdHif8HQcYPfkw_o3v,59 W,Power Density,2700,Travel,TRA.09.T02,0,,,,TRA,,,WBH-W-09.T02,Travel,HT,,,,,0,New Construction,20.00%,Power Density,,0,0,,73 W,0.0,0 W,10.76 W/m²,0 W,13.99 W/m²,132 W,2700,LEVEL 09,0.0,AR Rooms
2026-08-01 19:58:17,11608888,NWB-ARC-WBH-AR-MOD-0036.rvt : 26 : location Internal,NWB-ARC-WBH-AR-MOD-0036,16303443,44a67d67-46ca-4845-a9a2-669bba03e5a8-00f8c553,IPG.09.C33,Corridor,LEVEL 09,New Construction,Inpatient Gynaecology,IPG,,,,92.4 m²,78715,329.53248,268.443088,236.220472,0 W,0.00 W/m²,0 W,0.00 W/m²,28.6 m²,By Space Type,0,By Space Type,0.0,0.0,0.0,-2000160,"CEILING: acoustic, drop-in tiles, 600 x 1200",SECURE - YELLOW,CLINICAL-TYPE B1,0,-1,0.0,11.06.2026,CLTI-002,CLFS-006,FLVY-007,FLVY-500,FLSK-010,WLFI-001,Intradepartmental Circulation,,WBH.IPG.IC.009,116918,21/07/2026,CORR,0.0,,-,,Circulation,By Type,"FLOOR FINISH: vinyl, seamless, coved, standard slip resistant FLOOR FINISH: vinyl, seamless, coved, standard slip resistant, feature",,By Space Type,14fdrdHif8HQcYPfkw_o3x,59 W,Power Density,2700,Corridor,IPG.09.C33,0,,,,IPG,,,WBH-W-09.C33,Corridor,IC,,,,,0,New Construction,20.00%,Power Density,,0,0,,73 W,0.0,0 W,10.76 W/m²,0 W,13.99 W/m²,132 W,2700,LEVEL 09,0.0,AR Rooms
2026-08-01 19:58:17,11608888,NWB-ARC-WBH-AR-MOD-0036.rvt : 26 : location Internal,NWB-ARC-WBH-AR-MOD-0036,16303445,44a67d67-46ca-4845-a9a2-669bba03e5a8-00f8c555,IPG.09.C34,Corridor,LEVEL 09,New Construction,Inpatient Gynaecology,IPG,,,,66.8 m²,53281,164.053478,269.166513,236.220472,0 W,0.00 W/m²,0 W,0.00 W/m²,28.6 m²,By Space Type,0,By Space Type,0.0,0.0,0.0,-2000160,"CEILING: acoustic, drop-in tiles, 600 x 1200",SECURE - YELLOW,CLINICAL-TYPE B1,0,-1,0.0,11.06.2026,CLTI-002,CLFS-006,FLVY-007,FLVY-500,FLSK-010,WLFI-001,Intradepartmental Circulation,,WBH.IPG.IC.010,116919,21/07/2026,CORR,0.0,,-,,Circulation,By Type,"FLOOR FINISH: vinyl, seamless, coved, standard slip resistant FLOOR FINISH: vinyl, seamless, coved, standard slip resistant, feature",,By Space Type,14fdrdHif8HQcYPfkw_o3z,59 W,Power Density,2700,Corridor,IPG.09.C34,0,,,,IPG,,,WBH-W-09.C34,Corridor,IC,,,,,0,New Construction,20.00%,Power Density,,0,0,,73 W,0.0,0 W,10.76 W/m²,0 W,13.99 W/m²,132 W,2700,LEVEL 09,0.0,AR Rooms
2026-08-01 19:58:17,11608888,NWB-ARC-WBH-AR-MOD-0036.rvt : 26 : location Internal,NWB-ARC-WBH-AR-MOD-0036,16304186,7a231a7d-d4cb-4ab4-8b00-779363383d01-00f8c83a,IP1.10.C21,Corridor,LEVEL 10,New Construction,Inpatient Obstetric 1,IP1,,,,0.0,0.0,233.267717,385.480644,255.413386,0 W,0.00 W/m²,0 W,0.00 W/m²,28.6 m²,By Space Type,0,By Space Type,0.0,0.0,0.0,-2000160,"CEILING: acoustic, drop-in tiles, 600 x 1200",RESTRICTED - ORANGE,CLINICAL-TYPE B1,0,-1,0.0,11.06.2026,CLTI-002,CLFS-006,FLVY-007,FLVY-500,FLSK-010,WLFI-001,Intradepartmental Circulation,,WBH.IP1.IC.013,116795,21/07/2026,CORR,0.0,,-,,Circulation,By Type,"FLOOR FINISH: vinyl, seamless, coved, standard slip resistant",,By Space Type,1w8nfzrCjAj8i0TvDZmFKx,59 W,Power Density,0,Corridor,IP1.10.C21,0,,,,IP1,,,WBH-W-10.C21,Corridor,IC,,,,,0,New Construction,20.00%,Power Density,,0,0,,73 W,0.0,0 W,10.76 W/m²,0 W,13.99 W/m²,132 W,0,,0.0,AR Rooms
2026-08-01 19:58:17,11608888,NWB-ARC-WBH-AR-MOD-0036.rvt : 26 : location Internal,NWB-ARC-WBH-AR-MOD-0036,16304202,7a231a7d-d4cb-4ab4-8b00-779363383d01-00f8c84a,IP2.10.C35,Corridor,LEVEL 10,New Construction,Inpatient Obstetric 2,IP2,,,,10.8 m²,13578,302.018041,255.910871,250.984252,0 W,0.00 W/m²,0 W,0.00 W/m²,28.6 m²,By Space Type,0,By Space Type,0.0,0.0,0.0,-2000160,"CEILING: acoustic, drop-in tiles, 600 x 1200",SECURE - YELLOW,CLINICAL-TYPE B1,0,-1,0.0,11.06.2026,CLTI-002,,FLVY-007,,FLSK-010,WLFI-001,Intradepartmental Circulation,,WBH.IP2.IC.003,116171,21/07/2026,CORR,0.0,,-,,Circulation,By Type,"FLOOR FINISH: vinyl, seamless, coved, standard slip resistant",,By Space Type,1w8nfzrCjAj8i0TvDZmFLB,59 W,Power Density,2700,Corridor,IP2.10.C35,0,,,,IP2,,,WBH-W-10.C35,Corridor,IC,,,,,0,New Construction,20.00%,Power Density,,0,0,,73 W,0.0,0 W,10.76 W/m²,0 W,13.99 W/m²,132 W,2700,LEVEL 10,0.0,AR Rooms
2026-08-01 19:58:17,11608888,NWB-ARC-WBH-AR-MOD-0036.rvt : 26 : location Internal,NWB-ARC-WBH-AR-MOD-0036,16304203,7a231a7d-d4cb-4ab4-8b00-779363383d01-00f8c84b,IP2.10.C26,Corridor,LEVEL 10,New Construction,Inpatient Obstetric 2,IP2,,,,97.6 m²,83503,327.764108,269.166513,250.984252,0 W,0.00 W/m²,0 W,0.00 W/m²,28.6 m²,By Space Type,0,By Space Type,0.0,0.0,0.0,-2000160,"CEILING: acoustic, drop-in tiles, 600 x 1200",SECURE - YELLOW,CLINICAL-TYPE A1,0,-1,0.0,11.06.2026,CLTI-002,CLFS-006,FLVY-007,FLVY-500,FLSK-010,WLFI-001,Intradepartmental Circulation,,WBH.IP2.IC.012,116789,21/07/2026,CORR,0.0,,-,,Circulation,By Type,"FLOOR FINISH: vinyl, seamless, coved, standard slip resistant FLOOR FINISH: vinyl, seamless, coved, standard slip resistant, feature",,By Space Type,1w8nfzrCjAj8i0TvDZmFLA,59 W,Power Density,2700,Corridor,IP2.10.C26,0,,,,IP2,,,WBH-W-10.C26,Corridor,IC,,,,,0,New Construction,20.00%,Power Density,,0,0,,73 W,0.0,0 W,10.76 W/m²,0 W,13.99 W/m²,132 W,2700,LEVEL 10,0.0,AR Rooms
2026-08-01 19:58:17,11608888,NWB-ARC-WBH-AR-MOD-0036.rvt : 26 : location Internal,NWB-ARC-WBH-AR-MOD-0036,16304204,7a231a7d-d4cb-4ab4-8b00-779363383d01-00f8c84c,IP1.10.C20,Corridor,LEVEL 10,New Construction,Inpatient Obstetric 1,IP1,,,,67.0 m²,54928,372.020997,434.533967,250.984252,0 W,0.00 W/m²,0 W,0.00 W/m²,28.6 m²,By Space Type,0,By Space Type,0.0,0.0,0.0,-2000160,"CEILING: acoustic, drop-in tiles, 600 x 1200",SECURE - YELLOW,CLINICAL-TYPE B1,0,-1,0.0,11.06.2026,CLTI-002,CLFS-006,FLVY-007,FLVY-500,FLSK-010,WLFI-001,Intradepartmental Circulation,,WBH.IP1.IC.009,116791,21/07/2026,CORR,0.0,,-,,Circulation,By Type,"FLOOR FINISH: vinyl, seamless, coved, standard slip resistant FLOOR FINISH: vinyl, seamless, coved, standard slip resistant, feature",,By Space Type,1w8nfzrCjAj8i0TvDZmFLD,59 W,Power Density,2700,Corridor,IP1.10.C20,0,,,,IP1,,,WBH-W-10.C20,Corridor,IC,,,,,0,New Construction,20.00%,Power Density,,0,0,,73 W,0.0,0 W,10.76 W/m²,0 W,13.99 W/m²,132 W,2700,LEVEL 10,0.0,AR Rooms
2026-08-01 19:58:17,11608888,NWB-ARC-WBH-AR-MOD-0036.rvt : 26 : location Internal,NWB-ARC-WBH-AR-MOD-0036,16304207,7a231a7d-d4cb-4ab4-8b00-779363383d01-00f8c84f,TRA.10.T03,Travel,LEVEL 10,New Construction,Travel,TRA,,,,24.6 m²,23765,233.503259,296.792825,250.984252,0 W,0.00 W/m²,0 W,0.00 W/m²,28.6 m²,By Space Type,0,By Space Type,0.0,0.0,0.0,-2000160,"CEILING: acoustic, drop-in tiles, 600 x 1200",RESTRICTED - ORANGE,CLINICAL-TYPE B1,0,-1,0.0,11.06.2026,CLTI-002,CLFS-006,FLVY-007,FLVY-500,FLSK-010,WLFI-001,Horizontal Travel,,WBH.TRA.HT.228,116715,21/07/2026,TRAVEL,0.0,,-,,T&E,By Type,"FLOOR FINISH: vinyl, seamless, coved, standard slip resistant",,By Space Type,1w8nfzrCjAj8i0TvDZmFLE,59 W,Power Density,2700,Travel,TRA.10.T03,0,,,,TRA,,,WBH-W-10.T03,Travel,HT,,,,,0,New Construction,20.00%,Power Density,,0,0,,73 W,0.0,0 W,10.76 W/m²,0 W,13.99 W/m²,132 W,2700,LEVEL 10,0.0,AR Rooms
2026-08-01 19:58:17,11608888,NWB-ARC-WBH-AR-MOD-0036.rvt : 26 : location Internal,NWB-ARC-WBH-AR-MOD-0036,16315574,71bd5c2c-6b16-405f-b2dd-f73af38ae343-00f8cb40,IP4.11.286,Bay - Mobile Equipment,LEVEL 11,New Construction,Inpatient Obstetric 4,IP4,,,,1.4 m²,5017,157.738651,251.494803,265.748031,0 W,0.00 W/m²,0 W,0.00 W/m²,28.6 m²,By Space Type,0,By Space Type,0.0,0.0,0.0,-2000160,"CEILING: plasterboard, drop-in tiles, prefinished, 600 x 1200",,,0,-1,-64,11.06.2026,CLTI-008,,FLVY-007,,FLSK-010,WLFI-001,Clinical Support Areas,,WBH.IP4.02.018,112892,21/07/2026,BMEQ,4,,Refer to AusHFG BMEQ,,SC,By Type,"FLOOR FINISH: vinyl, seamless, coved, standard slip resistant",,By Space Type,1nlLmiQnP0NxBTzphpSYW3,59 W,Power Density,2700,Bay - Mobile Equipment,IP4.11.286,0,,,,IP4,,,WBH-W-11.286,Bay - Mobile Equipment,02,,,,,0,New Construction,20.00%,Power Density,,0,0,SC,73 W,0.0,0 W,10.76 W/m²,0 W,13.99 W/m²,132 W,2700,LEVEL 11,0.0,AR Rooms
2026-08-01 19:58:17,11608888,NWB-ARC-WBH-AR-MOD-0036.rvt : 26 : location Internal,NWB-ARC-WBH-AR-MOD-0036,16408469,25ebcbfb-7e51-452a-9b73-41c56ef9138b-00fa5f95,IP4.11.C32,Corridor,LEVEL 11,New Construction,Inpatient Obstetric 4,IP4,,,,66.7 m²,53386,163.270997,269.166513,265.748031,0 W,0.00 W/m²,0 W,0.00 W/m²,28.6 m²,By Space Type,0,By Space Type,0.0,0.0,0.0,-2000160,"CEILING: acoustic, drop-in tiles, 600 x 1200",SECURE - YELLOW,CLINICAL-TYPE B1,0,-1,0.0,11.06.2026,CLTI-002,CLFS-006,FLVY-007,FLVY-500,FLSK-010,WLFI-001,Intradepartmental Circulation,,WBH.IP4.IC.002,116180,21/07/2026,CORR,0.0,,-,,Circulation,By Type,"FLOOR FINISH: vinyl, seamless, coved, standard slip resistant FLOOR FINISH: vinyl, seamless, coved, standard slip resistant, feature",,By Space Type,0bwylxVb55AfjpGSLk0qmU,59 W,Power Density,2700,Corridor,IP4.11.C32,0,,,,IP4,,,WBH-W-11.C32,Corridor,IC,,,,,0,New Construction,20.00%,Power Density,,0,0,,73 W,0.0,0 W,10.76 W/m²,0 W,13.99 W/m²,132 W,2700,LEVEL 11,0.0,AR Rooms
2026-08-01 19:58:17,11608888,NWB-ARC-WBH-AR-MOD-0036.rvt : 26 : location Internal,NWB-ARC-WBH-AR-MOD-0036,16408471,25ebcbfb-7e51-452a-9b73-41c56ef9138b-00fa5f97,TRA.11.T01,Travel,LEVEL 11,New Construction,Travel,TRA,,,,5.2 m²,9940,243.378445,371.900273,265.748031,0 W,0.00 W/m²,0 W,0.00 W/m²,28.6 m²,By Space Type,0,By Space Type,0.0,0.0,0.0,-2000160,"CEILING: acoustic, drop-in tiles, 600 x 1200",RESTRICTED - ORANGE,,0,-1,0.0,11.06.2026,CLTI-002,,FLVY-007,,FLSK-010,WLFI-001,Horizontal Travel,,WBH.TRA.HT.227,116714,21/07/2026,TRAVEL,0.0,,-,,T&E,By Type,"FLOOR FINISH: vinyl, seamless, coved, standard slip resistant",,By Space Type,0bwylxVb55AfjpGSLk0qmS,59 W,Power Density,2700,Travel,TRA.11.T01,0,,,,TRA,,,WBH-W-11.T01,Travel,HT,,,,,0,New Construction,20.00%,Power Density,,0,0,,73 W,0.0,0 W,10.76 W/m²,0 W,13.99 W/m²,132 W,2700,LEVEL 11,0.0,AR Rooms
2026-08-01 19:58:17,11608888,NWB-ARC-WBH-AR-MOD-0036.rvt : 26 : location Internal,NWB-ARC-WBH-AR-MOD-0036,16408475,25ebcbfb-7e51-452a-9b73-41c56ef9138b-00fa5f9b,IP4.11.C21,Corridor,LEVEL 11,New Construction,Inpatient Obstetric 4,IP4,,,,57.3 m²,51419,296.383694,411.249846,265.748031,0 W,0.00 W/m²,0 W,0.00 W/m²,28.6 m²,By Space Type,0,By Space Type,0.0,0.0,0.0,-2000160,"CEILING: acoustic, drop-in tiles, 600 x 1200",SECURE - YELLOW,CLINICAL-TYPE B1,0,-1,0.0,11.06.2026,CLTI-002,CLFS-006,FLVY-007,FLVY-500,FLSK-010,WLFI-001,Intradepartmental Circulation,,WBH.IP4.IC.012,116776,21/07/2026,CORR,0.0,,-,,Circulation,By Type,"FLOOR FINISH: vinyl, seamless, coved, standard slip resistant FLOOR FINISH: vinyl, seamless, coved, standard slip resistant, feature",,By Space Type,0bwylxVb55AfjpGSLk0qmG,59 W,Power Density,2700,Corridor,IP4.11.C21,0,,,,IP4,,,WBH-W-11.C21,Corridor,IC,,,,,0,New Construction,20.00%,Power Density,,0,0,,73 W,0.0,0 W,10.76 W/m²,0 W,13.99 W/m²,132 W,2700,LEVEL 11,0.0,AR Rooms
2026-08-01 19:58:17,11608888,NWB-ARC-WBH-AR-MOD-0036.rvt : 26 : location Internal,NWB-ARC-WBH-AR-MOD-0036,16408478,25ebcbfb-7e51-452a-9b73-41c56ef9138b-00fa5f9e,IP3.11.C08,Corridor,LEVEL 11,New Construction,Inpatient Obstetric 3,IP3,,,,58.6 m²,49027,187.363845,407.923075,265.748031,0 W,0.00 W/m²,0 W,0.00 W/m²,28.6 m²,By Space Type,0,By Space Type,0.0,0.0,0.0,-2000160,"CEILING: acoustic, drop-in tiles, 600 x 1200",SECURE - YELLOW,CLINICAL-TYPE B1,0,-1,0.0,11.06.2026,CLTI-002,CLFS-006,FLVY-007,FLVY-500,FLSK-010,WLFI-001,Intradepartmental Circulation,,WBH.IP3.IC.002,116175,21/07/2026,CORR,0.0,,-,,Circulation,By Type,"FLOOR FINISH: vinyl, seamless, coved, standard slip resistant FLOOR FINISH: vinyl, seamless, coved, standard slip resistant, feature",,By Space Type,0bwylxVb55AfjpGSLk0qmL,59 W,Power Density,2700,Corridor,IP3.11.C08,0,,,,IP3,,,WBH-W-11.C08,Corridor,IC,,,,,0,New Construction,20.00%,Power Density,,0,0,,73 W,0.0,0 W,10.76 W/m²,0 W,13.99 W/m²,132 W,2700,LEVEL 11,0.0,AR Rooms
2026-08-01 19:58:17,11608888,NWB-ARC-WBH-AR-MOD-0036.rvt : 26 : location Internal,NWB-ARC-WBH-AR-MOD-0036,16408483,25ebcbfb-7e51-452a-9b73-41c56ef9138b-00fa5fa3,IP3.11.C11,Corridor,LEVEL 11,New Construction,Inpatient Obstetric 3,IP3,,,,7.8 m²,11836,232.197343,423.968022,265.748031,0 W,0.00 W/m²,0 W,0.00 W/m²,28.6 m²,By Space Type,0,By Space Type,0.0,0.0,0.0,-2000160,"CEILING: acoustic, drop-in tiles, 600 x 1200",SECURE - YELLOW,CLINICAL-TYPE B1,0,-1,0.0,11.06.2026,CLTI-002,CLFS-006,FLVY-007,FLVY-500,FLSK-010,WLFI-001,Intradepartmental Circulation,,WBH.IP3.IC.004,116177,21/07/2026,CORR,0.0,,-,,Circulation,By Type,"FLOOR FINISH: vinyl, seamless, coved, standard slip resistant",,By Space Type,0bwylxVb55AfjpGSLk0qme,59 W,Power Density,2700,Corridor,IP3.11.C11,0,,,,IP3,,,WBH-W-11.C11,Corridor,IC,,,,,0,New Construction,20.00%,Power Density,,0,0,,73 W,0.0,0 W,10.76 W/m²,0 W,13.99 W/m²,132 W,2700,LEVEL 11,0.0,AR Rooms
2026-08-01 19:58:17,11608888,NWB-ARC-WBH-AR-MOD-0036.rvt : 26 : location Internal,NWB-ARC-WBH-AR-MOD-0036,16408485,25ebcbfb-7e51-452a-9b73-41c56ef9138b-00fa5fa5,IP3.11.C06,Corridor,LEVEL 11,New Construction,Inpatient Obstetric 3,IP3,,,,67.0 m²,53477,371.033278,407.928816,265.748031,0 W,0.00 W/m²,0 W,0.00 W/m²,28.6 m²,By Space Type,0,By Space Type,0.0,0.0,0.0,-2000160,"CEILING: acoustic, drop-in tiles, 600 x 1200",SECURE - YELLOW,CLINICAL-TYPE B1,0,-1,0.0,11.06.2026,CLTI-002,CLFS-006,FLVY-007,FLVY-500,FLSK-010,WLFI-001,Intradepartmental Circulation,,WBH.IP3.IC.010,116781,21/07/2026,CORR,0.0,,-,,Circulation,By Type,"FLOOR FINISH: vinyl, seamless, coved, standard slip resistant FLOOR FINISH: vinyl, seamless, coved, standard slip resistant, feature",,By Space Type,0bwylxVb55AfjpGSLk0qmk,59 W,Power Density,2700,Corridor,IP3.11.C06,0,,,,IP3,,,WBH-W-11.C06,Corridor,IC,,,,,0,New Construction,20.00%,Power Density,,0,0,,73 W,0.0,0 W,10.76 W/m²,0 W,13.99 W/m²,132 W,2700,LEVEL 11,0.0,AR Rooms
2026-08-01 19:58:17,11608888,NWB-ARC-WBH-AR-MOD-0036.rvt : 26 : location Internal,NWB-ARC-WBH-AR-MOD-0036,16408490,25ebcbfb-7e51-452a-9b73-41c56ef9138b-00fa5faa,IP4.11.C22,Corridor,LEVEL 11,New Construction,Inpatient Obstetric 4,IP4,,,,106.7 m²,87790,328.689304,269.166513,265.748031,0 W,0.00 W/m²,0 W,0.00 W/m²,28.6 m²,By Space Type,0,By Space Type,0.0,0.0,0.0,-2000160,"CEILING: acoustic, drop-in tiles, 600 x 1200",SECURE - YELLOW,CLINICAL-TYPE B1,0,-1,0.0,11.06.2026,CLTI-002,CLFS-006,FLVY-007,FLVY-500,FLSK-010,WLFI-001,Intradepartmental Circulation,,WBH.IP4.IC.009,116773,21/07/2026,CORR,0.0,,-,,Circulation,By Type,"FLOOR FINISH: vinyl, seamless, coved, standard slip resistant FLOOR FINISH: vinyl, seamless, coved, standard slip resistant, feature",,By Space Type,0bwylxVb55AfjpGSLk0qmX,59 W,Power Density,2700,Corridor,IP4.11.C22,0,,,,IP4,,,WBH-W-11.C22,Corridor,IC,,,,,0,New Construction,20.00%,Power Density,,0,0,,73 W,0.0,0 W,10.76 W/m²,0 W,13.99 W/m²,132 W,2700,LEVEL 11,0.0,AR Rooms
2026-08-01 19:58:17,11608888,NWB-ARC-WBH-AR-MOD-0036.rvt : 26 : location Internal,NWB-ARC-WBH-AR-MOD-0036,16409617,8c1ee6d3-9802-4e0b-b202-04f9d1335764-00fa6411,IP1.10.C23,Corridor,LEVEL 10,New Construction,Inpatient Obstetric 1,IP1,,,,83.8 m²,64917,307.93497,434.520844,250.984252,0 W,0.00 W/m²,0 W,0.00 W/m²,28.6 m²,By Space Type,0,By Space Type,0.0,0.0,0.0,-2000160,"CEILING: acoustic, drop-in tiles, 600 x 1200",SECURE - YELLOW,CLINICAL-TYPE B1,0,-1,0.0,11.06.2026,CLTI-002,CLFS-006,FLVY-007,FLVY-500,FLSK-010,WLFI-001,Intradepartmental Circulation,,WBH.IP1.IC.007,116169,21/07/2026,CORR,0.0,,-,,Circulation,By Type,"FLOOR FINISH: vinyl, seamless, coved, standard slip resistant FLOOR FINISH: vinyl, seamless, coved, standard slip resistant, feature",,By Space Type,2C7kRJc09E2x821FdHoJDr,59 W,Power Density,2700,Corridor,IP1.10.C23,0,,,,IP1,,,WBH-W-10.C23,Corridor,IC,,,,,0,New Construction,20.00%,Power Density,,0,0,,73 W,0.0,0 W,10.76 W/m²,0 W,13.99 W/m²,132 W,2700,LEVEL 10,0.0,AR Rooms
2026-08-01 19:58:17,11608888,NWB-ARC-WBH-AR-MOD-0036.rvt : 26 : location Internal,NWB-ARC-WBH-AR-MOD-0036,16409620,8c1ee6d3-9802-4e0b-b202-04f9d1335764-00fa6414,IP1.10.C22,Corridor,LEVEL 10,New Construction,Inpatient Obstetric 1,IP1,,,,93.9 m²,72918,204.60958,434.515923,250.984252,0 W,0.00 W/m²,0 W,0.00 W/m²,28.6 m²,By Space Type,0,By Space Type,0.0,0.0,0.0,-2000160,"CEILING: acoustic, drop-in tiles, 600 x 1200",SECURE - YELLOW,CLINICAL-TYPE B1,0,-1,0.0,11.06.2026,CLTI-002,CLFS-006,FLVY-007,FLVY-500,FLSK-010,WLFI-001,Intradepartmental Circulation,,WBH.IP1.IC.010,116792,21/07/2026,CORR,0.0,,-,,Circulation,By Type,"FLOOR FINISH: vinyl, seamless, coved, standard slip resistant FLOOR FINISH: vinyl, seamless, coved, standard slip resistant, feature",,By Space Type,2C7kRJc09E2x821FdHoJDm,59 W,Power Density,2700,Corridor,IP1.10.C22,0,,,,IP1,,,WBH-W-10.C22,Corridor,IC,,,,,0,New Construction,20.00%,Power Density,,0,0,,73 W,0.0,0 W,10.76 W/m²,0 W,13.99 W/m²,132 W,2700,LEVEL 10,0.0,AR Rooms
2026-08-01 19:58:17,11608888,NWB-ARC-WBH-AR-MOD-0036.rvt : 26 : location Internal,NWB-ARC-WBH-AR-MOD-0036,16410198,26630e32-d252-4584-b069-57f328eaa628-00fa6656,IPG.09.C36,Corridor,LEVEL 09,New Construction,Inpatient Gynaecology,IPG,,,,58.9 m²,58196,207.117839,266.512652,236.220472,0 W,0.00 W/m²,0 W,0.00 W/m²,28.6 m²,By Space Type,0,By Space Type,0.0,0.0,0.0,-2000160,"CEILING: acoustic, drop-in tiles, 600 x 1200",SECURE - YELLOW,CLINICAL-TYPE B1,0,-1,0.0,11.06.2026,CLTI-002,CLFS-006,FLVY-007,FLVY-500,FLSK-010,WLFI-001,Intradepartmental Circulation,,WBH.IPG.IC.011,116920,21/07/2026,CORR,0.0,,-,,Circulation,By Type,"FLOOR FINISH: vinyl, seamless, coved, standard slip resistant FLOOR FINISH: vinyl, seamless, coved, standard slip resistant, feature",,By Space Type,0cOmuoqb95XB1fL$Ce4C1_,59 W,Power Density,2700,Corridor,IPG.09.C36,0,,,,IPG,,,WBH-W-09.C36,Corridor,IC,,,,,0,New Construction,20.00%,Power Density,,0,0,,73 W,0.0,0 W,10.76 W/m²,0 W,13.99 W/m²,132 W,2700,LEVEL 09,0.0,AR Rooms
2026-08-01 19:58:17,11608888,NWB-ARC-WBH-AR-MOD-0036.rvt : 26 : location Internal,NWB-ARC-WBH-AR-MOD-0036,16410201,26630e32-d252-4584-b069-57f328eaa628-00fa6659,HDU.09.C23,Corridor,LEVEL 09,New Construction,High Dependency Unit,HDU,,,,5.0 m²,9072,298.843976,389.120655,236.220472,0 W,0.00 W/m²,0 W,0.00 W/m²,28.6 m²,By Space Type,0,By Space Type,0.0,0.0,0.0,-2000160,"CEILING: acoustic, drop-in tiles, 600 x 1200",CONTROLLED - GREEN,CLINICAL-TYPE B1,0,-1,0.0,11.06.2026,CLTI-002,CLFS-006,FLVY-007,FLVY-500,FLSK-010,WLFI-001,Intradepartmental Circulation,,WBH.HDU.IC.004,116156,21/07/2026,CORR,0.0,,-,,Circulation,By Type,"FLOOR FINISH: vinyl, seamless, coved, standard slip resistant FLOOR FINISH: vinyl, seamless, coved, standard slip resistant, feature",,By Space Type,0cOmuoqb95XB1fL$Ce4C1n,59 W,Power Density,2700,Corridor,HDU.09.C23,0,,,,HDU,,,WBH-W-09.C17,Corridor,IC,,,,,0,New Construction,20.00%,Power Density,,0,0,,73 W,0.0,0 W,10.76 W/m²,0 W,13.99 W/m²,132 W,2700,LEVEL 09,0.0,AR Rooms
2026-08-01 19:58:17,11608888,NWB-ARC-WBH-AR-MOD-0036.rvt : 26 : location Internal,NWB-ARC-WBH-AR-MOD-0036,16410202,26630e32-d252-4584-b069-57f328eaa628-00fa665a,TRA.09.T06,Travel,LEVEL 09,New Construction,Travel,TRA,,,,10.8 m²,14071,219.274934,410.774125,236.220472,0 W,0.00 W/m²,0 W,0.00 W/m²,28.6 m²,By Space Type,0,By Space Type,0.0,0.0,0.0,-2000160,"CEILING: acoustic, drop-in tiles, 600 x 1200",RESTRICTED - ORANGE,PUBLIC CORRIDOR- TYPE D2,0,-1,0.0,11.06.2026,CLTI-002,,FLVY-007,,FLSK-010,WLFI-001,Horizontal Travel,,WBH.TRA.HT.233,116720,21/07/2026,TRAVEL,0.0,,-,,T&E,By Type,"FLOOR FINISH: vinyl, seamless, coved, standard slip resistant",,By Space Type,0cOmuoqb95XB1fL$Ce4C1o,59 W,Power Density,2700,Travel,TRA.09.T06,0,,,,TRA,,,WBH-W-09.T06,Travel,HT,,,,,0,New Construction,20.00%,Power Density,,0,0,,73 W,0.0,0 W,10.76 W/m²,0 W,13.99 W/m²,132 W,2700,LEVEL 09,0.0,AR Rooms
2026-08-01 19:58:17,11608888,NWB-ARC-WBH-AR-MOD-0036.rvt : 26 : location Internal,NWB-ARC-WBH-AR-MOD-0036,16604445,e16bc28f-7205-46f9-8e39-989503d1a41b-00fcfaf0,IP4.11.289,"Bay - Handwashing, Type B",LEVEL 11,New Construction,Inpatient Obstetric 4,IP4,,,,0.9 m²,3981,238.440489,277.962369,265.748031,0 W,0.00 W/m²,0 W,0.00 W/m²,28.6 m²,By Space Type,0,By Space Type,0.0,0.0,0.0,-2000160,"CEILING: plasterboard, flush set, suspended, paint, washable",,,0,-1,-11,11.06.2026,CLFS-006,,FLVY-003,,FLSK-010,WLFI-001,Clinical Support Areas,,WBH.IP4.02.021,112895,21/07/2026,BHWS-B,1,,Refer to AusHFG BHWS-B,,SC,By Type,"FLOOR FINISH: vinyl, seamless, coved, non slip",,By Space Type,3XQyAFSWL6_Ouvc9K3BLxh,59 W,Power Density,2700,"Bay - Handwashing, Type B",IP4.11.289,0,Rooms,AROO,Rooms,IP4,1.6614999993900899,Architecture,WBH-W-11.289,"Bay - Handwashing, Type B",02,YES,SL_90_10,Room Spaces,1,0,New Construction,20.00%,Power Density,,0,0,SC,73 W,0.0,0 W,10.76 W/m²,0 W,13.99 W/m²,132 W,2700,LEVEL 11,0.0,AR Rooms
2026-08-01 19:58:17,11608888,NWB-ARC-WBH-AR-MOD-0036.rvt : 26 : location Internal,NWB-ARC-WBH-AR-MOD-0036,16604462,b635aeeb-efd9-4f8f-920d-56b325916118-00fd04f1,IP4.11.293,Bay - Linen,LEVEL 11,New Construction,Inpatient Obstetric 4,IP4,,,,2.1 m²,6201,146.695208,250.546761,265.748031,0 W,0.00 W/m²,0 W,0.00 W/m²,28.6 m²,By Space Type,0,By Space Type,0.0,0.0,0.0,-2000160,"CEILING: plasterboard, drop-in tiles, prefinished, 600 x 1200",,,0,-1,4,11.06.2026,CLTI-008,,FLVY-007,,FLSK-010,WLFI-001,Clinical Support Areas,,WBH.IP4.02.025,112899,21/07/2026,BLIN,2,,Refer to AusHFG BLIN,,SC,By Type,"FLOOR FINISH: vinyl, seamless, coved, standard slip resistant",,By Space Type,2sDQxhxzbFZv8DLhCbR6Nf,59 W,Power Density,2700,Bay - Linen,IP4.11.293,0,,,,IP4,,,WBH-W-11.293,Bay - Linen,02,,,,1-2 intermittently,0,New Construction,20.00%,Power Density,,0,0,SC,73 W,0.0,0 W,10.76 W/m²,0 W,13.99 W/m²,132 W,2700,LEVEL 11,0.0,AR Rooms
2026-08-01 19:58:17,11608888,NWB-ARC-WBH-AR-MOD-0036.rvt : 26 : location Internal,NWB-ARC-WBH-AR-MOD-0036,16604490,b635aeeb-efd9-4f8f-920d-56b325916118-00fd05ff,IP4.11.217,"1 Bed Room, Obstetric",LEVEL 11,New Construction,Inpatient Obstetric 4,IP4,,,,18.9 m²,19070,369.669061,278.439807,265.748031,0 W,0.00 W/m²,0 W,0.00 W/m²,28.6 m²,By Space Type,0,By Space Type,0.0,0.0,0.0,-2000160,"CEILING: plasterboard, flush set, suspended, paint, washable",,,0,-1,5.111111,11.06.2026,CLFS-006,CLGE-001,FLVY-500,,FLSK-010,WLFI-001,Patient Areas,,WBH.IP4.01.010,112819,21/07/2026,1BR-OBS-A,18,,NWB-ARC-WBH-AR-RLS-IP1.01.085,,PS,By Type,"FLOOR FINISH: vinyl, seamless, coved, standard slip resistant, feature",Refer to Typical Room,By Space Type,2sDQxhxzbFZv8DLhCbR6Jd,59 W,Power Density,2700,"1 Bed Room, Obstetric",IP4.11.217,0,Rooms,AROO,Rooms,IP4,18.547008749710415,Architecture,WBH-W-11.217,"1 Bed Room, Obstetric",01,YES,SL_90_10,Room Spaces,1 patient; 1-2 staff; 1-2 visitors,0,New Construction,20.00%,Power Density,,0,0,PS-1BR-OBS-A,73 W,0.0,0 W,10.76 W/m²,0 W,13.99 W/m²,132 W,2700,LEVEL 11,0.0,AR Rooms
2026-08-01 19:58:17,11608888,NWB-ARC-WBH-AR-MOD-0036.rvt : 26 : location Internal,NWB-ARC-WBH-AR-MOD-0036,16604492,b635aeeb-efd9-4f8f-920d-56b325916118-00fd0601,IP4.11.253,"Ensuite, Inboard",LEVEL 11,New Construction,Inpatient Obstetric 4,IP4,,,,5.2 m²,8945,367.359051,275.094771,265.748031,0 W,0.00 W/m²,0 W,0.00 W/m²,28.6 m²,By Space Type,0,By Space Type,0.0,0.0,0.0,-2000160,"CEILING: plasterboard, water resistant, drop-in tiles, prefinished, 600 x 1200",,,0,-1,3.4,11.06.2026,CLTI-014,,FLVY-009,,FLSK-010,WLFI-011.07,Patient Areas,,WBH.IP4.01.047,112856,21/07/2026,ENS-ST-A,5,,Refer to AusHFG ENS-ST-A1,,SC,By Type,"FLOOR FINISH: vinyl, seamless, coved, wet area, non-slip",,By Space Type,2sDQxhxzbFZv8DLhCbR6SP,59 W,Power Density,2700,"Ensuite, Inboard",IP4.11.253,0,Rooms,AROO,Rooms,IP4,8.255388747561739,Architecture,WBH-W-11.253,"Ensuite, Inboard",01,YES,SL_90_10,Room Spaces,1 patient; 1 staff assisting,0,New Construction,20.00%,Power Density,,0,0,SC,73 W,0.0,0 W,10.76 W/m²,0 W,13.99 W/m²,132 W,2700,LEVEL 11,0.0,AR Rooms
2026-08-01 19:58:17,11608888,NWB-ARC-WBH-AR-MOD-0036.rvt : 26 : location Internal,NWB-ARC-WBH-AR-MOD-0036,16604567,ec3ed5ef-14ec-4f00-a58b-4d9c0c3d9ee5-00fd15b8,IP4.11.294,Bay - Linen,LEVEL 11,New Construction,Inpatient Obstetric 4,IP4,,,,1.3 m²,4584,363.715755,253.129205,265.748031,0 W,0.00 W/m²,0 W,0.00 W/m²,28.6 m²,By Space Type,0,By Space Type,0.0,0.0,0.0,-2000160,"CEILING: plasterboard, drop-in tiles, prefinished, 600 x 1200",,,0,-1,-36.5,11.06.2026,CLTI-008,,FLVY-007,,FLSK-010,WLFI-001,Clinical Support Areas,,WBH.IP4.02.026,112900,21/07/2026,BLIN,2,,Refer to AusHFG BLIN,,SC,By Type,"FLOOR FINISH: vinyl, seamless, coved, standard slip resistant",,By Space Type,3iFjNl5EnF0AMBJPmCm8jT,59 W,Power Density,2700,Bay - Linen,IP4.11.294,0,,,,IP4,,,WBH-W-11.294,Bay - Linen,02,,,,1-2 intermittently,0,New Construction,20.00%,Power Density,,0,0,SC,73 W,0.0,0 W,10.76 W/m²,0 W,13.99 W/m²,132 W,2700,LEVEL 11,0.0,AR Rooms
2026-08-01 19:58:17,11608888,NWB-ARC-WBH-AR-MOD-0036.rvt : 26 : location Internal,NWB-ARC-WBH-AR-MOD-0036,16604569,ec3ed5ef-14ec-4f00-a58b-4d9c0c3d9ee5-00fd160e,IP4.11.287,Bay - Mobile Equipment,LEVEL 11,New Construction,Inpatient Obstetric 4,IP4,,,,6.1 m²,9963,278.240289,274.821624,265.748031,0 W,0.00 W/m²,0 W,0.00 W/m²,28.6 m²,By Space Type,0,By Space Type,0.0,0.0,0.0,-2000160,"CEILING: plasterboard, drop-in tiles, prefinished, 600 x 1200",,,0,-1,53,11.06.2026,CLTI-008,,FLVY-007,,FLSK-010,WLFI-001,Clinical Support Areas,,WBH.IP4.02.019,112893,21/07/2026,BMEQ,4,,Refer to AusHFG BMEQ,,SC,By Type,"FLOOR FINISH: vinyl, seamless, coved, standard slip resistant",,By Space Type,3iFjNl5EnF0AMBJPmCm8Zh,59 W,Power Density,2700,Bay - Mobile Equipment,IP4.11.287,0,,,,IP4,,,WBH-W-11.287,Bay - Mobile Equipment,02,,,,,0,New Construction,20.00%,Power Density,,0,0,SC,73 W,0.0,0 W,10.76 W/m²,0 W,13.99 W/m²,132 W,2700,LEVEL 11,0.0,AR Rooms
2026-08-01 19:58:17,11608888,NWB-ARC-WBH-AR-MOD-0036.rvt : 26 : location Internal,NWB-ARC-WBH-AR-MOD-0036,16604628,32234c5f-cac3-4b11-b497-9a2ba718205c-00fd5dd4,IP4.11.271,"Staff Station, 14m2",LEVEL 11,New Construction,Inpatient Obstetric 4,IP4,,,,14.9 m²,17236,164.581228,255.66998,265.748031,0 W,0.00 W/m²,0 W,0.00 W/m²,28.6 m²,By Space Type,0,By Space Type,0.0,0.0,0.0,-2000160,"CEILING: acoustic, drop-in tiles, 600 x 1200",,,0,-1,48.9,11.06.2026,CLTI-002,,FLVY-500,,FLSK-010,WLFI-001,Clinical Support Areas,,WBH.IP4.02.002,112876,21/07/2026,SSTN-14,10,,NWB-ARC-WBH-AR-RLS-IP1.04.002,,SC,By Type,"FLOOR FINISH: vinyl, seamless, coved, standard slip resistant, feature",,By Space Type,0o8qnVoiDB4RINcYkdvNs8,59 W,Power Density,2700,"Staff Station, 14m2",IP4.11.271,0,,,,IP4,,,WBH-W-11.271,"Staff Station, 14m2",02,,,,2 workstations,0,New Construction,20.00%,Power Density,,0,0,SC,73 W,0.0,0 W,10.76 W/m²,0 W,13.99 W/m²,132 W,2700,LEVEL 11,0.0,AR Rooms
2026-08-01 19:58:17,11608888,NWB-ARC-WBH-AR-MOD-0036.rvt : 26 : location Internal,NWB-ARC-WBH-AR-MOD-0036,16604699,32234c5f-cac3-4b11-b497-9a2ba718205c-00fd5e1b,IP4.11.278,Bay - Pneumatic Tube,LEVEL 11,New Construction,Inpatient Obstetric 4,IP4,,,,1.0 m²,4443,265.828412,251.783803,265.748031,0 W,0.00 W/m²,0 W,0.00 W/m²,28.6 m²,By Space Type,0,By Space Type,0.0,0.0,0.0,-2000160,"CEILING: plasterboard, drop-in tiles, prefinished, 600 x 1200",,,0,-1,-3,11.06.2026,CLTI-008,,FLVY-007,,FLSK-010,WLFI-001,Clinical Support Areas,,WBH.IP4.02.009,112883,21/07/2026,BPTS,1,,Refer to AusHFG BPTS,,SC,By Type,"FLOOR FINISH: vinyl, seamless, coved, standard slip resistant",,By Space Type,0o8qnVoiDB4RINcYkdvNv7,59 W,Power Density,2700,Bay - Pneumatic Tube,IP4.11.278,0,,,,IP4,,,WBH-W-11.278,Bay - Pneumatic Tube,02,,,,accessed by staff intermittently,0,New Construction,20.00%,Power Density,,0,0,SC,73 W,0.0,0 W,10.76 W/m²,0 W,13.99 W/m²,132 W,2700,LEVEL 11,0.0,AR Rooms
2026-08-01 19:58:17,11608888,NWB-ARC-WBH-AR-MOD-0036.rvt : 26 : location Internal,NWB-ARC-WBH-AR-MOD-0036,16612374,6694a629-6034-410a-97f5-46ff490118d7-00fd7c16,IP2.10.239,Bay - Mobile Equipment,LEVEL 10,New Construction,Inpatient Obstetric 2,IP2,,,,1.8 m²,5414,157.247113,252.153124,250.984252,0 W,0.00 W/m²,0 W,0.00 W/m²,28.6 m²,By Space Type,0,By Space Type,0.0,0.0,0.0,-2000160,"CEILING: plasterboard, drop-in tiles, prefinished, 600 x 1200",,,0,-1,-56.5,11.06.2026,CLTI-008,,FLVY-007,,FLSK-010,WLFI-001,Clinical Support Areas,,WBH.IP2.02.018,112671,21/07/2026,BMEQ,4,,Refer to AusHFG BMEQ,,SC,By Type,"FLOOR FINISH: vinyl, seamless, coved, standard slip resistant",,By Space Type,1cbAOfO3H12fVrHlz9$6J1,59 W,Power Density,2700,Bay - Mobile Equipment,IP2.10.239,0,,,,IP2,,,WBH-W-10.239,Bay - Mobile Equipment,02,,,,,0,New Construction,20.00%,Power Density,,0,0,SC,73 W,0.0,0 W,10.76 W/m²,0 W,13.99 W/m²,132 W,2700,LEVEL 10,0.0,AR Rooms
2026-08-01 19:58:17,11608888,NWB-ARC-WBH-AR-MOD-0036.rvt : 26 : location Internal,NWB-ARC-WBH-AR-MOD-0036,16612974,b97e7e3c-3ffc-4f01-9899-351eb9527f99-00fd7e6e,IP2.10.250,Bay - Meal Trolley,LEVEL 10,New Construction,Inpatient Obstetric 2,IP2,,,,0.9 m²,3843,280.254144,273.120793,250.984252,0 W,0.00 W/m²,0 W,0.00 W/m²,28.6 m²,By Space Type,0,By Space Type,0.0,0.0,0.0,-2000160,"CEILING: plasterboard, drop-in tiles, prefinished, 600 x 1200",,,0,-1,-77,11.06.2026,CLTI-008,,FLVY-007,,FLSK-010,WLFI-001,Clinical Support Areas,,WBH.IP2.02.029,112682,21/07/2026,BMT,4,,Refer to AusHFG BMT,,SC,By Type,"FLOOR FINISH: vinyl, seamless, coved, standard slip resistant",,By Space Type,2vVduyF$nF0PYPDHwvhm7t,59 W,Power Density,2700,Bay - Meal Trolley,IP2.10.250,0,,,,IP2,,,WBH-W-10.250,Bay - Meal Trolley,02,,,,,0,New Construction,20.00%,Power Density,,0,0,SC,73 W,0.0,0 W,10.76 W/m²,0 W,13.99 W/m²,132 W,2700,LEVEL 10,0.0,AR Rooms
2026-08-01 19:58:17,11608888,NWB-ARC-WBH-AR-MOD-0036.rvt : 26 : location Internal,NWB-ARC-WBH-AR-MOD-0036,16623148,f596b740-bde4-406b-8598-8c973ad6824b-00fd9e58,IP3.11.001,"Meeting Room, 20m2",LEVEL 11,New Construction,Inpatient Obstetric 3,IP3,,,,19.1 m²,18849,218.124366,373.287248,265.748031,0 W,0.00 W/m²,0 W,0.00 W/m²,28.6 m²,By Space Type,0,By Space Type,0.0,0.0,0.0,-2000160,,,,0,-1,0.0,11.06.2026,,,FLVY-500,,FLSK-010,WLFI-001,Shared Staff Areas,,WBH.IP3.05.003,117691,21/07/2026,MEET-20,0.0,,,,SC,By Type,"FLOOR FINISH: vinyl, seamless, coved, standard slip resistant, feature",,By Space Type,3rbhT0lUH0QuMOZ9SwAnmJ,59 W,Power Density,2700,"Meeting Room, 20m2",IP3.11.001,0,,,,IP3,,,WBH-W-11.001,"Meeting Room, 20m2",05,,,,Up to 12 seated,0,New Construction,20.00%,Power Density,,0,0,SC,73 W,0.0,0 W,10.76 W/m²,0 W,13.99 W/m²,132 W,2700,LEVEL 11,0.0,AR Rooms
2026-08-01 19:58:17,11608888,NWB-ARC-WBH-AR-MOD-0036.rvt : 26 : location Internal,NWB-ARC-WBH-AR-MOD-0036,16744860,b6a22826-ed81-43dc-a45e-c13c14278f3a-00ff7385,IP3.11.132,"Bay - Handwashing, Type B",LEVEL 11,New Construction,Inpatient Obstetric 3,IP3,,,,0.6 m²,3179,238.375933,418.111957,265.748031,0 W,0.00 W/m²,0 W,0.00 W/m²,28.6 m²,By Space Type,0,By Space Type,0.0,0.0,0.0,-2000160,"CEILING: plasterboard, flush set, suspended, paint, washable",,,0,-1,-39,11.06.2026,CLFS-006,,FLVY-003,,FLSK-010,WLFI-001,Clinical Support Areas,,WBH.IP3.02.021,112781,21/07/2026,BHWS-B,1,,Refer to AusHFG BHWS-B,,SC,By Type,"FLOOR FINISH: vinyl, seamless, coved, non slip",,By Space Type,2seYWcxO53tAHUmJmKsFo$,59 W,Power Density,2700,"Bay - Handwashing, Type B",IP3.11.132,0,,,,IP3,,,WBH-W-11.132,"Bay - Handwashing, Type B",02,,,,1,0,New Construction,20.00%,Power Density,,0,0,SC,73 W,0.0,0 W,10.76 W/m²,0 W,13.99 W/m²,132 W,2700,LEVEL 11,0.0,AR Rooms
2026-08-01 19:58:17,11608888,NWB-ARC-WBH-AR-MOD-0036.rvt : 26 : location Internal,NWB-ARC-WBH-AR-MOD-0036,16744872,b6a22826-ed81-43dc-a45e-c13c14278f3a-00ff7803,IP3.11.134,"Bay - Handwashing, Type B",LEVEL 11,New Construction,Inpatient Obstetric 3,IP3,,,,0.7 m²,3756,390.265423,427.939357,265.748031,0 W,0.00 W/m²,0 W,0.00 W/m²,28.6 m²,By Space Type,0,By Space Type,0.0,0.0,0.0,-2000160,"CEILING: plasterboard, flush set, suspended, paint, washable",,,0,-1,-25,11.06.2026,CLFS-006,,FLVY-003,,FLSK-010,WLFI-001,Clinical Support Areas,,WBH.IP3.02.023,112783,21/07/2026,BHWS-B,1,,Refer to AusHFG BHWS-B,,SC,By Type,"FLOOR FINISH: vinyl, seamless, coved, non slip",,By Space Type,2seYWcxO53tAHUmJmKsFSv,59 W,Power Density,2700,"Bay - Handwashing, Type B",IP3.11.134,0,,,,IP3,,,WBH-W-11.134,"Bay - Handwashing, Type B",02,,,,1,0,New Construction,20.00%,Power Density,,0,0,SC,73 W,0.0,0 W,10.76 W/m²,0 W,13.99 W/m²,132 W,2700,LEVEL 11,0.0,AR Rooms
2026-08-01 19:58:17,11608888,NWB-ARC-WBH-AR-MOD-0036.rvt : 26 : location Internal,NWB-ARC-WBH-AR-MOD-0036,16781221,9fa2291a-76e9-41ea-b355-065b0533bb28-01000fa5,HDU.09.146,"Office - Workstation, 8 Person",LEVEL 09,New Construction,High Dependency Unit,HDU,,,,31.1 m²,23264,218.970354,446.046331,236.220472,0 W,0.00 W/m²,0 W,0.00 W/m²,28.6 m²,By Space Type,0,By Space Type,0.0,0.0,0.0,-2000160,"CEILING: acoustic, drop-in tiles, 600 x 1200",,,0,-1,0,11.06.2026,CLTI-002,,FLCP-006,,FLSK-031,WLFI-001,Staff Areas,,WBH.HDU.05.028,117453,21/07/2026,WORKSTATION-8 PERSON,0,,Refer to AusHFG OFF-WS,,SC,By Type,FLOOR FINISH: carpet tiles,,By Space Type,2VeYaQTkb1whDL1bi4CxID,59 W,Power Density,2700,"Office - Workstation, 8 Person",HDU.09.146,0,Rooms,AROO,Rooms,HDU,6.177139250013405,Architecture,WBH-W-09.146,"Office - Workstation, 8 Person",05,YES,SL_90_10,Room Spaces,1 staff/visitor,0,New Construction,20.00%,Power Density,,0,0,SC,73 W,0.0,0 W,10.76 W/m²,0 W,13.99 W/m²,132 W,2700,LEVEL 09,0.0,AR Rooms
2026-08-01 19:58:17,11608888,NWB-ARC-WBH-AR-MOD-0036.rvt : 26 : location Internal,NWB-ARC-WBH-AR-MOD-0036,16797020,5398b052-224a-4e74-9d54-fae8a9006668-01004d5c,IPG.09.313,"1 Bed Room, Gynaecology",LEVEL 09,New Construction,Inpatient Gynaecology,IPG,,,,17.5 m²,17834,370.421588,254.120581,236.220472,0 W,0.00 W/m²,0 W,0.00 W/m²,28.6 m²,By Space Type,0,By Space Type,0.0,0.0,0.0,-2000160,"CEILING: plasterboard, flush set, suspended, paint, washable",,,0,-1,-2.5,11.06.2026,CLFS-006,CLGE-001,FLVY-500,,FLSK-010,WLFI-001,Patient Areas,,WBH.IPG.01.076,112484,21/07/2026,1BR-ST-A1,18,,NWB-ARC-WBH-AR-RLS-IPG.01.076,,DR,By Type,"FLOOR FINISH: vinyl, seamless, coved, standard slip resistant, feature",Refer to Typical Room,By Space Type,1JcB1I8afET9rK_kYe02iq,59 W,Power Density,2700,"1 Bed Room, Gynaecology",IPG.09.313,0,Rooms,AROO,Rooms,IPG,17.71456127241085,Architecture,WBH-W-09.313,"1 Bed Room, Gynaecology",01,YES,SL_90_10,Room Spaces,1 patient; 1-2 staff; 1-2 visitors,0,New Construction,20.00%,Power Density,,Yes,0,DR,73 W,0.0,0 W,10.76 W/m²,0 W,13.99 W/m²,132 W,2700,LEVEL 09,0.0,AR Rooms
2026-08-01 19:58:17,11608888,NWB-ARC-WBH-AR-MOD-0036.rvt : 26 : location Internal,NWB-ARC-WBH-AR-MOD-0036,16797021,5398b052-224a-4e74-9d54-fae8a9006668-01004d5d,IPG.09.298,"Ensuite, Inboard",LEVEL 09,New Construction,Inpatient Gynaecology,IPG,,,,5.2 m²,9040,373.343176,260.529702,236.220472,0 W,0.00 W/m²,0 W,0.00 W/m²,28.6 m²,By Space Type,0,By Space Type,0.0,0.0,0.0,-2000160,"CEILING: plasterboard, water resistant, drop-in tiles, prefinished, 600 x 1200",,,0,-1,3.6,11.06.2026,CLTI-014,,FLVY-009,,FLSK-010,WLFI-011.07,Patient Areas,,WBH.IPG.01.055,107823,21/07/2026,ENS-ST-A,5,,NWB-ARC-WBH-AR-RLS-IPG.01.055,,SC,By Type,"FLOOR FINISH: vinyl, seamless, coved, wet area, non-slip",Refer to Typical Room,By Space Type,1JcB1I8afET9rK_kYe02ir,59 W,Power Density,2700,"Ensuite, Inboard",IPG.09.298,0,Rooms,AROO,Rooms,IPG,5.129781727591952,Architecture,WBH-W-09.298,"Ensuite, Inboard",01,YES,SL_90_10,Room Spaces,1 patient; 1 staff assisting,0,New Construction,20.00%,Power Density,,Yes,0,SC,73 W,0.0,0 W,10.76 W/m²,0 W,13.99 W/m²,132 W,2700,LEVEL 09,0.0,AR Rooms
2026-08-01 19:58:17,11608888,NWB-ARC-WBH-AR-MOD-0036.rvt : 26 : location Internal,NWB-ARC-WBH-AR-MOD-0036,16842199,3e330143-34d5-4ea3-ba9c-ff813d37df73-0100dfdc,IP3.11.108,Neonatal Observation and Procedure Room,LEVEL 11,New Construction,Inpatient Obstetric 3,IP3,,,,19.3 m²,19217,401.402559,422.9444,265.748031,0 W,0.00 W/m²,0 W,0.00 W/m²,28.6 m²,By Space Type,0,By Space Type,0.0,0.0,0.0,-2000160,,,,0,-1,-3.45,11.06.2026,,,FLVY-007,,FLSK-010,WLFI-001,Patient Areas,,WBH.IP3.01.059,112756,21/07/2026,NEO-OBS-15,20,,NWB-ARC-WBH-AR-RLS-NS-NEO-OBS-20-IP1,,NS,By Type,"FLOOR FINISH: vinyl, seamless, coved, standard slip resistant",Refer to Typical Room,By Space Type,0_Cm53DDLEexgS$u4yDm2l,59 W,Power Density,2700,Neonatal Observation and Procedure Room,IP3.11.108,0,,,,IP3,,,WBH-W-11.108,Neonatal Observation and Procedure Room,01,,,,,0,New Construction,20.00%,Power Density,,0,0,NS,73 W,0.0,0 W,10.76 W/m²,0 W,13.99 W/m²,132 W,2700,LEVEL 11,0.0,AR Rooms
2026-08-01 19:58:17,11608888,NWB-ARC-WBH-AR-MOD-0036.rvt : 26 : location Internal,NWB-ARC-WBH-AR-MOD-0036,16842202,3e330143-34d5-4ea3-ba9c-ff813d37df73-0100dfe3,IP1.10.037,Interview Room,LEVEL 10,New Construction,Inpatient Obstetric 1,IP1,,,,11.7 m²,14434,290.975533,397.972405,250.984252,0 W,0.00 W/m²,0 W,0.00 W/m²,28.6 m²,By Space Type,0,By Space Type,0.0,0.0,0.0,-2000160,,,,0,-1,-0.833333,11.06.2026,,,FLVY-500,,FLSK-010,WLFI-001,Patient Areas,,WBH.IP1.01.059,107938,21/07/2026,INTV,12,,NWB-ARC-WBH-AR-RLS-IP1.01.059,,SC,By Type,"FLOOR FINISH: vinyl, seamless, coved, standard slip resistant, feature",,By Space Type,0_Cm53DDLEexgS$u4yDm2G,59 W,Power Density,2700,Interview Room,IP1.10.037,0,,,,IP1,,,WBH-W-10.037,Interview Room,01,,,,Up to 8 persons,0,New Construction,20.00%,Power Density,D40_Done,Yes,0,SC,73 W,0.0,0 W,10.76 W/m²,0 W,13.99 W/m²,132 W,2700,LEVEL 10,0.0,AR Rooms
2026-08-01 19:58:17,11608888,NWB-ARC-WBH-AR-MOD-0036.rvt : 26 : location Internal,NWB-ARC-WBH-AR-MOD-0036,17111257,6a218806-55d4-4ec7-a8a8-4bdc87864929-0103584b,HDU.09.090,Staff Station/Reception,LEVEL 09,New Construction,High Dependency Unit,HDU,,,,28.0 m²,23162,312.223877,421.386001,236.220472,0 W,0.00 W/m²,0 W,0.00 W/m²,28.6 m²,By Space Type,0,By Space Type,0.0,0.0,0.0,-2000160,"CEILING: acoustic, drop-in tiles, 600 x 1200",,,0,-1,12,11.06.2026,CLTI-002,,FLVY-500,,FLSK-010,WLFI-001,Clinical Support Areas,,WBH.HDU.03.001,107726,21/07/2026,SSTN/REC,25,,NWB-ARC-WBH-AR-RLS-HDU.03.001,,DR,By Type,"FLOOR FINISH: vinyl, seamless, coved, standard slip resistant, feature",Typical Room,By Space Type,1g8OW6LTHEnwYeIzo6XH5Y,59 W,Power Density,2700,Staff Station/Reception,HDU.09.090,0,,,,HDU,,,WBH-W-09.090,Staff Station/Reception,03,,,,4 workstations,0,New Construction,20.00%,Power Density,,Yes,0,DR,73 W,0.0,0 W,10.76 W/m²,0 W,13.99 W/m²,132 W,2700,LEVEL 09,0.0,AR Rooms
2026-08-01 19:58:17,11608888,NWB-ARC-WBH-AR-MOD-0036.rvt : 26 : location Internal,NWB-ARC-WBH-AR-MOD-0036,17111259,6a218806-55d4-4ec7-a8a8-4bdc87864929-01035851,HDU.09.105,"Dirty Utility, 12m2",LEVEL 09,New Construction,High Dependency Unit,HDU,,,,13.1 m²,14572,268.766509,415.477813,236.220472,0 W,0.00 W/m²,0 W,0.00 W/m²,28.6 m²,By Space Type,0,By Space Type,0.0,0.0,0.0,-2000160,"CEILING: plasterboard, water resistant, drop-in tiles, prefinished, 600 x 1200",,,0,-1,8.833333,11.06.2026,CLTI-014,,FLVY-009,,FLSK-010,WLFI-001,Clinical Support Areas,,WBH.HDU.03.020,107745,21/07/2026,DTUR-12,12,,NWB-ARC-WBH-AR-RLS-HDU.03.020,,DR,By Type,"FLOOR FINISH: vinyl, seamless, coved, wet area, non-slip",Typical Room,By Space Type,1g8OW6LTHEnwYeIzo6XH5u,59 W,Power Density,2700,"Dirty Utility, 12m2",HDU.09.105,0,,,,HDU,,,WBH-W-09.105,"Dirty Utility, 12m2",03,,,,1 - 2 intermittently,0,New Construction,20.00%,Power Density,,Yes,0,DR,73 W,0.0,0 W,10.76 W/m²,0 W,13.99 W/m²,132 W,2700,LEVEL 09,0.0,AR Rooms
2026-08-01 19:58:17,11608888,NWB-ARC-WBH-AR-MOD-0036.rvt : 26 : location Internal,NWB-ARC-WBH-AR-MOD-0036,17111261,6a218806-55d4-4ec7-a8a8-4bdc87864929-01035854,HDU.09.147,"Bay - Beverage, Staff",LEVEL 09,New Construction,High Dependency Unit,HDU,,,,2.2 m²,6329,338.709929,390.907966,236.220472,0 W,0.00 W/m²,0 W,0.00 W/m²,28.6 m²,By Space Type,0,By Space Type,0.0,0.0,0.0,-2000160,"CEILING: acoustic, drop-in tiles, 600 x 1200",,,0,-1,0,11.06.2026,CLTI-002,,FLVY-007,,FLSK-010,WLFI-001,Clinical Support Areas,,WBH.HDU.03.043,117663,21/07/2026,BBEV,0,,NWB-ARC-WBH-AR-RLS-HDU.03.043,,,By Type,"FLOOR FINISH: vinyl, seamless, coved, standard slip resistant",,By Space Type,1g8OW6LTHEnwYeIzo6XH5z,59 W,Power Density,2700,"Bay - Beverage, Staff",HDU.09.147,0,,,,HDU,,,WBH-W-09.147,"Bay - Beverage, Staff",03,,,,1-2 intermittently,0,New Construction,20.00%,Power Density,,Yes,0,,73 W,0.0,0 W,10.76 W/m²,0 W,13.99 W/m²,132 W,2700,LEVEL 09,0.0,AR Rooms
2026-08-01 19:58:17,11608888,NWB-ARC-WBH-AR-MOD-0036.rvt : 26 : location Internal,NWB-ARC-WBH-AR-MOD-0036,17111273,6a218806-55d4-4ec7-a8a8-4bdc87864929-01035866,HDU.09.127,"Staff Room, 18m2",LEVEL 09,New Construction,High Dependency Unit,HDU,,,,17.9 m²,17718,231.815264,451.381758,236.220472,0 W,0.00 W/m²,0 W,0.00 W/m²,28.6 m²,By Space Type,0,By Space Type,0.0,0.0,0.0,-2000160,"CEILING: acoustic, drop-in tiles, 600 x 1200",,,0,-1,-1.222222,11.06.2026,CLTI-002,,FLVY-007,,FLSK-010,WLFI-001,Staff Areas,,WBH.HDU.05.001,107754,21/07/2026,SRM-18,18,,NWB-ARC-WBH-AR-RLS-HDU.05.001,,DR,By Type,"FLOOR FINISH: vinyl, seamless, coved, standard slip resistant",Typical Room,By Space Type,1g8OW6LTHEnwYeIzo6XH5F,59 W,Power Density,2700,"Staff Room, 18m2",HDU.09.127,0,,,,HDU,,,WBH-W-09.127,"Staff Room, 18m2",05,,,,"Up to 8 staff, intermittently",0,New Construction,20.00%,Power Density,,Yes,0,DR,73 W,0.0,0 W,10.76 W/m²,0 W,13.99 W/m²,132 W,2700,LEVEL 09,0.0,AR Rooms
2026-08-01 19:58:17,11608888,NWB-ARC-WBH-AR-MOD-0036.rvt : 26 : location Internal,NWB-ARC-WBH-AR-MOD-0036,17116293,93faaf00-6d16-4a0a-85c4-9b6a78cdc959-01051927,HDU.09.106,"Toilet, Staff, 3m2",LEVEL 09,New Construction,High Dependency Unit,HDU,,,,4.8 m²,8966,216.353844,418.906843,236.220472,0 W,0.00 W/m²,0 W,0.00 W/m²,28.6 m²,By Space Type,0,By Space Type,0.0,0.0,0.0,-2000160,"CEILING: plasterboard, water resistant, drop-in tiles, prefinished, 600 x 1200",,,0,-1,62.666667,11.06.2026,CLTI-014,,FLVY-009,,FLSK-010,WLFI-001,Clinical Support Areas,,WBH.HDU.03.021,107746,21/07/2026,WCST,3,,Refer to AusHFG WCST,,SC,By Type,"FLOOR FINISH: vinyl, seamless, coved, wet area, non-slip",,By Space Type,2J_gy0RHPA2eN4csfvoD1_,59 W,Power Density,2700,"Toilet, Staff, 3m2",HDU.09.106,0,,,,HDU,,,WBH-W-09.106,"Toilet, Staff, 3m2",03,,,,1,0,New Construction,20.00%,Power Density,,0,0,SC,73 W,0.0,0 W,10.76 W/m²,0 W,13.99 W/m²,132 W,2700,LEVEL 09,0.0,AR Rooms
2026-08-01 19:58:17,11608888,NWB-ARC-WBH-AR-MOD-0036.rvt : 26 : location Internal,NWB-ARC-WBH-AR-MOD-0036,17116296,93faaf00-6d16-4a0a-85c4-9b6a78cdc959-01051931,HDU.09.126,Cleaner's Room,LEVEL 09,New Construction,High Dependency Unit,HDU,,,,9.6 m²,13368,240.728046,415.460433,236.220472,0 W,0.00 W/m²,0 W,0.00 W/m²,28.6 m²,By Space Type,0,By Space Type,0.0,0.0,0.0,-2000160,"CEILING: plasterboard, water resistant, drop-in tiles, prefinished, 600 x 1200",,,0,-1,-4.6,11.06.2026,CLTI-014,,FLVY-004,,FLSK-010,WLFI-001,Clinical Support Areas,,WBH.HDU.03.042,112469,21/07/2026,CLRM-10,10,,NWB-ARC-WBH-AR-RLS-HDU.03.042,,PS,By Type,"FLOOR FINISH: vinyl, seamless, coved, non-slip, safety",Refer to Typical Room,By Space Type,2J_gy0RHPA2eN4csfvoD1e,59 W,Power Density,2700,Cleaner's Room,HDU.09.126,0,,,,HDU,,,WBH-W-09.126,Cleaner's Room,03,,,,1-2 staff intermittently,0,New Construction,20.00%,Power Density,,Yes,0,PS-CLRM,73 W,0.0,0 W,10.76 W/m²,0 W,13.99 W/m²,132 W,2700,LEVEL 09,0.0,AR Rooms
2026-08-01 19:58:17,11608888,NWB-ARC-WBH-AR-MOD-0036.rvt : 26 : location Internal,NWB-ARC-WBH-AR-MOD-0036,17116298,93faaf00-6d16-4a0a-85c4-9b6a78cdc959-01051949,HDU.09.134,"Office, Staff Zone",LEVEL 09,New Construction,High Dependency Unit,HDU,,,,7.4 m²,11560,249.931406,415.546298,236.220472,0 W,0.00 W/m²,0 W,0.00 W/m²,28.6 m²,By Space Type,0,By Space Type,0.0,0.0,0.0,-2000160,"CEILING: acoustic, drop-in tiles, 600 x 1200",,,0,-1,23.333333,11.06.2026,CLTI-002,,FLCP-006,,FLSK-009,WLFI-001,Staff Areas,,WBH.HDU.05.017,112472,21/07/2026,OFF-1P-6,6,,NWB-ARC-GEN-AR-RLS-PS-OFF-1P-6,,PS,By Type,FLOOR FINISH: carpet tiles,,By Space Type,2J_gy0RHPA2eN4csfvoD0G,59 W,Power Density,2700,"Office, Staff Zone",HDU.09.134,0,,,,HDU,,,WBH-W-09.134,"Office, Staff Zone",05,,,,1 staff,0,New Construction,20.00%,Power Density,D40_Done,0,0,PS-OFF-1P-6,73 W,0.0,0 W,10.76 W/m²,0 W,13.99 W/m²,132 W,2700,LEVEL 09,0.0,AR Rooms
2026-08-01 19:58:17,11608888,NWB-ARC-WBH-AR-MOD-0036.rvt : 26 : location Internal,NWB-ARC-WBH-AR-MOD-0036,17116302,93faaf00-6d16-4a0a-85c4-9b6a78cdc959-0105194f,HDU.09.143,"Bay - Multifunction Device, 7m2",LEVEL 09,New Construction,High Dependency Unit,HDU,,,,8.1 m²,12321,222.641396,419.065336,236.220472,0 W,0.00 W/m²,0 W,0.00 W/m²,28.6 m²,By Space Type,0,By Space Type,0.0,0.0,0.0,-2000160,"CEILING: acoustic, drop-in tiles, 600 x 1200",,,0,-1,16,11.06.2026,CLTI-002,,FLCP-006,,FLSK-031,WLFI-001,Staff Areas,,WBH.HDU.05.026,112481,21/07/2026,BMFD-7,7,,Refer to AusHFG BMFD-7,,SC,By Type,FLOOR FINISH: carpet tiles,,By Space Type,2J_gy0RHPA2eN4csfvoD0M,59 W,Power Density,2700,"Bay - Multifunction Device, 7m2",HDU.09.143,0,,,,HDU,,,WBH-W-09.143,"Bay - Multifunction Device, 7m2",05,,,,1-2 staff intermittently,0,New Construction,20.00%,Power Density,,0,0,SC,73 W,0.0,0 W,10.76 W/m²,0 W,13.99 W/m²,132 W,2700,LEVEL 09,0.0,AR Rooms
2026-08-01 19:58:17,11608888,NWB-ARC-WBH-AR-MOD-0036.rvt : 26 : location Internal,NWB-ARC-WBH-AR-MOD-0036,17116304,93faaf00-6d16-4a0a-85c4-9b6a78cdc959-01051952,HDU.09.128,"Bay - Property, Staff",LEVEL 09,New Construction,High Dependency Unit,HDU,,,,3.0 m²,6997,238.077954,398.685859,236.220472,0 W,0.00 W/m²,0 W,0.00 W/m²,28.6 m²,By Space Type,0,By Space Type,0.0,0.0,0.0,-2000160,"CEILING: acoustic, drop-in tiles, 600 x 1200",,,0,-1,0,11.06.2026,CLTI-002,,FLVY-007,,FLSK-010,WLFI-001,Staff Areas,,WBH.HDU.05.002,107755,21/07/2026,BPROP,3,,NWB-ARC-GEN-AR-RLS-PS-BPROP,,PS,By Type,"FLOOR FINISH: vinyl, seamless, coved, standard slip resistant",Refer to Typical Room,By Space Type,2J_gy0RHPA2eN4csfvoD0B,59 W,Power Density,2700,"Bay - Property, Staff",HDU.09.128,0,,,,HDU,,,WBH-W-09.128,"Bay - Property, Staff",05,,,,"Up to 4 staff, intermittently",0,New Construction,20.00%,Power Density,,No,0,PS-BPROP,73 W,0.0,0 W,10.76 W/m²,0 W,13.99 W/m²,132 W,2700,LEVEL 09,0.0,AR Rooms
2026-08-01 19:58:17,11608888,NWB-ARC-WBH-AR-MOD-0036.rvt : 26 : location Internal,NWB-ARC-WBH-AR-MOD-0036,17168087,76f0115f-4f54-4372-afc8-f524f6c5e163-0105703b,IPG.09.359,"Toilet, Staff, 3m2",LEVEL 09,New Construction,Inpatient Gynaecology,IPG,,,,3.8 m²,7949,242.688615,364.808363,236.220472,0 W,0.00 W/m²,0 W,0.00 W/m²,28.6 m²,By Space Type,0,By Space Type,0.0,0.0,0.0,-2000160,"CEILING: plasterboard, water resistant, drop-in tiles, prefinished, 600 x 1200",,,0,-1,27,11.06.2026,CLTI-014,,FLVY-009,,FLSK-010,WLFI-001,Staff Areas,,WBH.IPG.03.007,107877,21/07/2026,WCST,3,,Refer to AusHFG WCST,,SC,By Type,"FLOOR FINISH: vinyl, seamless, coved, wet area, non-slip",,By Space Type,1sy15VJrH3Sg$8zIJtm95O,59 W,Power Density,2700,"Toilet, Staff, 3m2",IPG.09.359,0,,,,IPG,,,WBH-W-09.359,"Toilet, Staff, 3m2",03,,,,1,0,New Construction,20.00%,Power Density,,0,0,SC,73 W,0.0,0 W,10.76 W/m²,0 W,13.99 W/m²,132 W,2700,LEVEL 09,0.0,AR Rooms
2026-08-01 19:58:17,11608888,NWB-ARC-WBH-AR-MOD-0036.rvt : 26 : location Internal,NWB-ARC-WBH-AR-MOD-0036,17168089,76f0115f-4f54-4372-afc8-f524f6c5e163-01057055,IPG.09.356,"Staff Room, 15m2",LEVEL 09,New Construction,Inpatient Gynaecology,IPG,,,,15.5 m²,18074,217.449147,373.130588,236.220472,0 W,0.00 W/m²,0 W,0.00 W/m²,28.6 m²,By Space Type,0,By Space Type,0.0,0.0,0.0,-2000160,"CEILING: acoustic, drop-in tiles, 600 x 1200",,,0,-1,-4.133333,11.06.2026,CLTI-002,,FLVY-007,,FLSK-010,WLFI-001,Staff Areas,,WBH.IPG.03.001,107871,21/07/2026,SRM-15,15,,NWB-ARC-WBH-AR-RLS-IPG.03.001,,DR,By Type,"FLOOR FINISH: vinyl, seamless, coved, standard slip resistant",Typical Room,By Space Type,1sy15VJrH3Sg$8zIJtm94s,59 W,Power Density,2700,"Staff Room, 15m2",IPG.09.356,0,,,,IPG,,,WBH-W-09.356,"Staff Room, 15m2",03,,,,"Up to 8 staff, intermittently",0,New Construction,20.00%,Power Density,D40_Done,Yes,0,DR,73 W,0.0,0 W,10.76 W/m²,0 W,13.99 W/m²,132 W,2700,LEVEL 09,0.0,AR Rooms
2026-08-01 19:58:17,11608888,NWB-ARC-WBH-AR-MOD-0036.rvt : 26 : location Internal,NWB-ARC-WBH-AR-MOD-0036,17169629,472eb90d-280e-4c59-8132-a1318e41a721-0105f878,IP1.10.C12,Corridor - Patient Treatment Areas,LEVEL 10,New Construction,Inpatient Obstetric 1,IP1,,,,12.1 m²,14357,300.731627,393.520666,250.984252,0 W,0.00 W/m²,0 W,0.00 W/m²,28.6 m²,By Space Type,0,By Space Type,0.0,0.0,0.0,-2000160,"CEILING: acoustic, drop-in tiles, 600 x 1200",CONTROLLED - GREEN,PUBLIC CORRIDOR- TYPE D2,0,-1,0,11.06.2026,CLTI-002,CLFS-006,FLVY-007,FLVY-500,FLSK-010,WLFI-001,Intradepartmental Circulation,,WBH.IP1.IC.002,115649,21/07/2026,CORR,0,,-,,Circulation,By Type,"FLOOR FINISH: vinyl, seamless, coved, standard slip resistant FLOOR FINISH: vinyl, seamless, coved, standard slip resistant, feature",,By Space Type,17BhaDA0vCMO4oeJ6FH5zP,59 W,Power Density,2700,Corridor - Patient Treatment Areas,IP1.10.C12,0,,,,IP1,,,WBH-W-10.C12,Corridor - Patient Treatment Areas,IC,,,,,0,New Construction,20.00%,Power Density,,0,0,,73 W,0.0,0 W,10.76 W/m²,0 W,13.99 W/m²,132 W,2700,LEVEL 10,0.0,AR Rooms
2026-08-01 19:58:17,11608888,NWB-ARC-WBH-AR-MOD-0036.rvt : 26 : location Internal,NWB-ARC-WBH-AR-MOD-0036,17169631,472eb90d-280e-4c59-8132-a1318e41a721-0105f87b,IP1.10.C11,Corridor,LEVEL 10,New Construction,Inpatient Obstetric 1,IP1,,,,57.3 m²,51360,299.806911,408.892585,250.984252,0 W,0.00 W/m²,0 W,0.00 W/m²,28.6 m²,By Space Type,0,By Space Type,0.0,0.0,0.0,-2000160,"CEILING: acoustic, drop-in tiles, 600 x 1200",SECURE - YELLOW,CLINICAL-TYPE B1,0,-1,-87.101058,11.06.2026,CLTI-002,CLFS-006,FLVY-007,FLVY-500,FLSK-010,WLFI-001,Intradepartmental Circulation,,WBH.IP1.IC.001,107985,21/07/2026,CORR,444.3,,-,,Circulation,By Type,"FLOOR FINISH: vinyl, seamless, coved, standard slip resistant FLOOR FINISH: vinyl, seamless, coved, standard slip resistant, feature",,By Space Type,17BhaDA0vCMO4oeJ6FH5zQ,59 W,Power Density,2700,Corridor,IP1.10.C11,0,,,,IP1,,,WBH-W-10.C11,Corridor,IC,,,,,0,New Construction,20.00%,Power Density,,0,0,,73 W,0.0,0 W,10.76 W/m²,0 W,13.99 W/m²,132 W,2700,LEVEL 10,0.0,AR Rooms
2026-08-01 19:58:17,11608888,NWB-ARC-WBH-AR-MOD-0036.rvt : 26 : location Internal,NWB-ARC-WBH-AR-MOD-0036,17169633,472eb90d-280e-4c59-8132-a1318e41a721-0105f87e,IP1.10.C18,Corridor,LEVEL 10,New Construction,Inpatient Obstetric 1,IP1,,,,7.9 m²,11951,232.180938,423.50919,250.984252,0 W,0.00 W/m²,0 W,0.00 W/m²,28.6 m²,By Space Type,0,By Space Type,0.0,0.0,0.0,-2000160,"CEILING: acoustic, drop-in tiles, 600 x 1200",SECURE - YELLOW,CLINICAL-TYPE B1,0,-1,0.0,11.06.2026,CLTI-002,,FLVY-007,,FLSK-010,WLFI-001,Intradepartmental Circulation,,WBH.IP1.IC.008,116790,21/07/2026,CORR,0.0,,-,,Circulation,By Type,"FLOOR FINISH: vinyl, seamless, coved, standard slip resistant",,By Space Type,17BhaDA0vCMO4oeJ6FH5zV,59 W,Power Density,2700,Corridor,IP1.10.C18,0,,,,IP1,,,WBH-W-10.C18,Corridor,IC,,,,,0,New Construction,20.00%,Power Density,,0,0,,73 W,0.0,0 W,10.76 W/m²,0 W,13.99 W/m²,132 W,2700,LEVEL 10,0.0,AR Rooms
2026-08-01 19:58:17,11608888,NWB-ARC-WBH-AR-MOD-0036.rvt : 26 : location Internal,NWB-ARC-WBH-AR-MOD-0036,17169635,472eb90d-280e-4c59-8132-a1318e41a721-0105f881,IP1.10.C19,Corridor,LEVEL 10,New Construction,Inpatient Obstetric 1,IP1,,,,58.5 m²,49163,187.385171,407.918154,250.984252,0 W,0.00 W/m²,0 W,0.00 W/m²,28.6 m²,By Space Type,0,By Space Type,0.0,0.0,0.0,-2000160,"CEILING: acoustic, drop-in tiles, 600 x 1200",SECURE - YELLOW,CLINICAL-TYPE B1,0,-1,0.0,11.06.2026,CLTI-002,CLFS-006,FLVY-007,FLVY-500,FLSK-010,WLFI-001,Intradepartmental Circulation,,WBH.IP1.IC.011,116793,21/07/2026,CORR,0.0,,-,,Circulation,By Type,"FLOOR FINISH: vinyl, seamless, coved, standard slip resistant FLOOR FINISH: vinyl, seamless, coved, standard slip resistant, feature",,By Space Type,17BhaDA0vCMO4oeJ6FH5_W,59 W,Power Density,2700,Corridor,IP1.10.C19,0,,,,IP1,,,WBH-W-10.C19,Corridor,IC,,,,,0,New Construction,20.00%,Power Density,,0,0,,73 W,0.0,0 W,10.76 W/m²,0 W,13.99 W/m²,132 W,2700,LEVEL 10,0.0,AR Rooms
2026-08-01 19:58:17,11608888,NWB-ARC-WBH-AR-MOD-0036.rvt : 26 : location Internal,NWB-ARC-WBH-AR-MOD-0036,17169639,472eb90d-280e-4c59-8132-a1318e41a721-0105f887,IP1.10.C13,Corridor,LEVEL 10,New Construction,Inpatient Obstetric 1,IP1,,,,67.2 m²,53389,371.05479,407.906671,250.984252,0 W,0.00 W/m²,0 W,0.00 W/m²,28.6 m²,By Space Type,0,By Space Type,0.0,0.0,0.0,-2000160,"CEILING: acoustic, drop-in tiles, 600 x 1200",SECURE - YELLOW,CLINICAL-TYPE B1,0,-1,0.0,11.06.2026,CLTI-002,CLFS-006,FLVY-007,FLVY-500,FLSK-010,WLFI-001,Intradepartmental Circulation,,WBH.IP1.IC.003,116165,21/07/2026,CORR,0.0,,-,,Circulation,By Type,"FLOOR FINISH: vinyl, seamless, coved, standard slip resistant FLOOR FINISH: vinyl, seamless, coved, standard slip resistant, feature",,By Space Type,17BhaDA0vCMO4oeJ6FH5_c,59 W,Power Density,2700,Corridor,IP1.10.C13,0,,,,IP1,,,WBH-W-10.C13,Corridor,IC,,,,,0,New Construction,20.00%,Power Density,,0,0,,73 W,0.0,0 W,10.76 W/m²,0 W,13.99 W/m²,132 W,2700,LEVEL 10,0.0,AR Rooms
2026-08-01 19:58:17,11608888,NWB-ARC-WBH-AR-MOD-0036.rvt : 26 : location Internal,NWB-ARC-WBH-AR-MOD-0036,17169641,472eb90d-280e-4c59-8132-a1318e41a721-0105f88a,IP1.10.C15,Corridor,LEVEL 10,New Construction,Inpatient Obstetric 1,IP1,,,,10.8 m²,13565,301.305918,421.040611,250.984252,0 W,0.00 W/m²,0 W,0.00 W/m²,28.6 m²,By Space Type,0,By Space Type,0.0,0.0,0.0,-2000160,"CEILING: acoustic, drop-in tiles, 600 x 1200",SECURE - YELLOW,CLINICAL-TYPE B1,0,-1,0.0,11.06.2026,CLTI-002,,FLVY-007,,FLSK-010,WLFI-001,Intradepartmental Circulation,,WBH.IP1.IC.005,116167,21/07/2026,CORR,0.0,,-,,Circulation,By Type,"FLOOR FINISH: vinyl, seamless, coved, standard slip resistant",,By Space Type,17BhaDA0vCMO4oeJ6FH5_h,59 W,Power Density,2700,Corridor,IP1.10.C15,0,,,,IP1,,,WBH-W-10.C15,Corridor,IC,,,,,0,New Construction,20.00%,Power Density,,0,0,,73 W,0.0,0 W,10.76 W/m²,0 W,13.99 W/m²,132 W,2700,LEVEL 10,0.0,AR Rooms
2026-08-01 19:58:17,11608888,NWB-ARC-WBH-AR-MOD-0036.rvt : 26 : location Internal,NWB-ARC-WBH-AR-MOD-0036,17169643,472eb90d-280e-4c59-8132-a1318e41a721-0105f88d,IP1.10.C14,Corridor,LEVEL 10,New Construction,Inpatient Obstetric 1,IP1,,,,7.8 m²,12088,387.348261,421.415529,250.984252,0 W,0.00 W/m²,0 W,0.00 W/m²,28.6 m²,By Space Type,0,By Space Type,0.0,0.0,0.0,-2000160,"CEILING: acoustic, drop-in tiles, 600 x 1200",SECURE - YELLOW,CLINICAL-TYPE B1,0,-1,0.0,11.06.2026,CLTI-002,,FLVY-007,,FLSK-010,WLFI-001,Intradepartmental Circulation,,WBH.IP1.IC.004,116166,21/07/2026,CORR,0.0,,-,,Circulation,By Type,"FLOOR FINISH: vinyl, seamless, coved, standard slip resistant",,By Space Type,17BhaDA0vCMO4oeJ6FH5_i,59 W,Power Density,2700,Corridor,IP1.10.C14,0,,,,IP1,,,WBH-W-10.C14,Corridor,IC,,,,,0,New Construction,20.00%,Power Density,,0,0,,73 W,0.0,0 W,10.76 W/m²,0 W,13.99 W/m²,132 W,2700,LEVEL 10,0.0,AR Rooms
2026-08-01 19:58:17,11608888,NWB-ARC-WBH-AR-MOD-0036.rvt : 26 : location Internal,NWB-ARC-WBH-AR-MOD-0036,17169656,472eb90d-280e-4c59-8132-a1318e41a721-0105f9c5,IP2.10.C34,Corridor,LEVEL 10,New Construction,Inpatient Obstetric 2,IP2,,,,66.7 m²,53386,163.270997,269.166513,250.984252,0 W,0.00 W/m²,0 W,0.00 W/m²,28.6 m²,By Space Type,0,By Space Type,0.0,0.0,0.0,-2000160,"CEILING: acoustic, drop-in tiles, 600 x 1200",SECURE - YELLOW,CLINICAL-TYPE B1,0,-1,0.0,11.06.2026,CLTI-002,CLFS-006,FLVY-007,FLVY-500,FLSK-010,WLFI-001,Intradepartmental Circulation,,WBH.IP2.IC.004,116172,21/07/2026,CORR,0.0,,-,,Circulation,By Type,"FLOOR FINISH: vinyl, seamless, coved, standard slip resistant FLOOR FINISH: vinyl, seamless, coved, standard slip resistant, feature",,By Space Type,17BhaDA0vCMO4oeJ6FH5xa,59 W,Power Density,2700,Corridor,IP2.10.C34,0,,,,IP2,,,WBH-W-10.C34,Corridor,IC,,,,,0,New Construction,20.00%,Power Density,,0,0,,73 W,0.0,0 W,10.76 W/m²,0 W,13.99 W/m²,132 W,2700,LEVEL 10,0.0,AR Rooms
2026-08-01 19:58:17,11608888,NWB-ARC-WBH-AR-MOD-0036.rvt : 26 : location Internal,NWB-ARC-WBH-AR-MOD-0036,17169658,472eb90d-280e-4c59-8132-a1318e41a721-0105f9c8,IP2.10.C31,Corridor,LEVEL 10,New Construction,Inpatient Obstetric 2,IP2,,,,94.2 m²,72803,163.270997,242.568744,250.984252,0 W,0.00 W/m²,0 W,0.00 W/m²,28.6 m²,By Space Type,0,By Space Type,0.0,0.0,0.0,-2000160,"CEILING: acoustic, drop-in tiles, 600 x 1200",SECURE - YELLOW,CLINICAL-TYPE A1,0,-1,0.0,11.06.2026,CLTI-002,CLFS-006,FLVY-007,FLVY-500,FLSK-010,WLFI-001,Intradepartmental Circulation,,WBH.IP2.IC.006,116174,21/07/2026,CORR,0.0,,-,,Circulation,By Type,"FLOOR FINISH: vinyl, seamless, coved, standard slip resistant FLOOR FINISH: vinyl, seamless, coved, standard slip resistant, feature",,By Space Type,17BhaDA0vCMO4oeJ6FH5xf,59 W,Power Density,2700,Corridor,IP2.10.C31,0,,,,IP2,,,WBH-W-10.C31,Corridor,IC,,,,,0,New Construction,20.00%,Power Density,,0,0,,73 W,0.0,0 W,10.76 W/m²,0 W,13.99 W/m²,132 W,2700,LEVEL 10,0.0,AR Rooms
2026-08-01 19:58:17,11608888,NWB-ARC-WBH-AR-MOD-0036.rvt : 26 : location Internal,NWB-ARC-WBH-AR-MOD-0036,17169660,472eb90d-280e-4c59-8132-a1318e41a721-0105f9cb,IP2.10.C27,Corridor,LEVEL 10,New Construction,Inpatient Obstetric 2,IP2,,,,54.9 m²,44335,239.522638,242.568744,250.984252,0 W,0.00 W/m²,0 W,0.00 W/m²,28.6 m²,By Space Type,0,By Space Type,0.0,0.0,0.0,-2000160,"CEILING: acoustic, drop-in tiles, 600 x 1200",SECURE - YELLOW,CLINICAL-TYPE A1,0,-1,0.0,11.06.2026,CLTI-002,CLFS-006,FLVY-007,FLVY-500,FLSK-010,WLFI-001,Intradepartmental Circulation,,WBH.IP2.IC.011,116788,21/07/2026,CORR,0.0,,-,,Circulation,By Type,"FLOOR FINISH: vinyl, seamless, coved, standard slip resistant FLOOR FINISH: vinyl, seamless, coved, standard slip resistant, feature",,By Space Type,17BhaDA0vCMO4oeJ6FH5xg,59 W,Power Density,2700,Corridor,IP2.10.C27,0,,,,IP2,,,WBH-W-10.C27,Corridor,IC,,,,,0,New Construction,20.00%,Power Density,,0,0,,73 W,0.0,0 W,10.76 W/m²,0 W,13.99 W/m²,132 W,2700,LEVEL 10,0.0,AR Rooms
2026-08-01 19:58:17,11608888,NWB-ARC-WBH-AR-MOD-0036.rvt : 26 : location Internal,NWB-ARC-WBH-AR-MOD-0036,17169662,472eb90d-280e-4c59-8132-a1318e41a721-0105f9ce,IP2.10.C33,Corridor,LEVEL 10,New Construction,Inpatient Obstetric 2,IP2,,,,11.0 m²,14075,232.322943,259.789846,250.984252,0 W,0.00 W/m²,0 W,0.00 W/m²,28.6 m²,By Space Type,0,By Space Type,0.0,0.0,0.0,-2000160,"CEILING: acoustic, drop-in tiles, 600 x 1200",SECURE - YELLOW,CLINICAL-TYPE A1,0,-1,0.0,11.06.2026,CLTI-002,CLFS-006,FLVY-007,FLVY-500,FLSK-010,WLFI-001,Intradepartmental Circulation,,WBH.IP2.IC.005,116173,21/07/2026,CORR,0.0,,-,,Circulation,By Type,"FLOOR FINISH: vinyl, seamless, coved, standard slip resistant",,By Space Type,17BhaDA0vCMO4oeJ6FH5xl,59 W,Power Density,2700,Corridor,IP2.10.C33,0,,,,IP2,,,WBH-W-10.C33,Corridor,IC,,,,,0,New Construction,20.00%,Power Density,,0,0,,73 W,0.0,0 W,10.76 W/m²,0 W,13.99 W/m²,132 W,2700,LEVEL 10,0.0,AR Rooms
2026-08-01 19:58:17,11608888,NWB-ARC-WBH-AR-MOD-0036.rvt : 26 : location Internal,NWB-ARC-WBH-AR-MOD-0036,17169664,472eb90d-280e-4c59-8132-a1318e41a721-0105f9d1,IP2.10.C30,Corridor,LEVEL 10,New Construction,Inpatient Obstetric 2,IP2,,,,10.8 m²,13690,233.446238,276.189151,250.984252,0 W,0.00 W/m²,0 W,0.00 W/m²,28.6 m²,By Space Type,0,By Space Type,0.0,0.0,0.0,-2000160,"CEILING: acoustic, drop-in tiles, 600 x 1200",SECURE - YELLOW,CLINICAL-TYPE B1,0,-1,0.0,11.06.2026,CLTI-002,CLFS-006,FLVY-007,FLVY-500,FLSK-010,WLFI-001,Intradepartmental Circulation,,WBH.IP2.IC.008,116785,21/07/2026,CORR,0.0,,-,,Circulation,By Type,"FLOOR FINISH: vinyl, seamless, coved, standard slip resistant",,By Space Type,17BhaDA0vCMO4oeJ6FH5xm,59 W,Power Density,2700,Corridor,IP2.10.C30,0,,,,IP2,,,WBH-W-10.C30,Corridor,IC,,,,,0,New Construction,20.00%,Power Density,,0,0,,73 W,0.0,0 W,10.76 W/m²,0 W,13.99 W/m²,132 W,2700,LEVEL 10,0.0,AR Rooms
2026-08-01 19:58:17,11608888,NWB-ARC-WBH-AR-MOD-0036.rvt : 26 : location Internal,NWB-ARC-WBH-AR-MOD-0036,17169670,472eb90d-280e-4c59-8132-a1318e41a721-0105f9da,IP2.10.C01,Corridor,LEVEL 10,New Construction,Inpatient Obstetric 2,IP2,,,,92.7 m²,72692,329.53248,245.239348,250.984252,0 W,0.00 W/m²,0 W,0.00 W/m²,28.6 m²,By Space Type,0,By Space Type,0.0,0.0,0.0,-2000160,"CEILING: acoustic, drop-in tiles, 600 x 1200",SECURE - YELLOW,CLINICAL-TYPE A1,0,-1,0.0,11.06.2026,CLTI-002,CLFS-006,FLVY-007,FLVY-500,FLSK-010,WLFI-001,Intradepartmental Circulation,,WBH.IP2.IC.013,116916,21/07/2026,CORR,0.0,,-,,Circulation,By Type,"FLOOR FINISH: vinyl, seamless, coved, standard slip resistant FLOOR FINISH: vinyl, seamless, coved, standard slip resistant, feature",,By Space Type,17BhaDA0vCMO4oeJ6FH5xx,59 W,Power Density,2700,Corridor,IP2.10.C01,0,,,,IP2,,,WBH-W-10.C01,Corridor,IC,,,,,0,New Construction,20.00%,Power Density,,0,0,,73 W,0.0,0 W,10.76 W/m²,0 W,13.99 W/m²,132 W,2700,LEVEL 10,0.0,AR Rooms
2026-08-01 19:58:17,11608888,NWB-ARC-WBH-AR-MOD-0036.rvt : 26 : location Internal,NWB-ARC-WBH-AR-MOD-0036,17169672,472eb90d-280e-4c59-8132-a1318e41a721-0105f9dd,IP2.10.C24,Corridor,LEVEL 10,New Construction,Inpatient Obstetric 2,IP2,,,,7.7 m²,12084,359.032972,258.676848,250.984252,0 W,0.00 W/m²,0 W,0.00 W/m²,28.6 m²,By Space Type,0,By Space Type,0.0,0.0,0.0,-2000160,"CEILING: acoustic, drop-in tiles, 600 x 1200",SECURE - YELLOW,CLINICAL-TYPE A1,0,-1,0.0,11.06.2026,CLTI-002,,FLVY-007,,FLSK-010,WLFI-001,Intradepartmental Circulation,,WBH.IP2.IC.002,116170,21/07/2026,CORR,0.0,,-,,Circulation,By Type,"FLOOR FINISH: vinyl, seamless, coved, standard slip resistant",,By Space Type,17BhaDA0vCMO4oeJ6FH5xy,59 W,Power Density,2700,Corridor,IP2.10.C24,0,,,,IP2,,,WBH-W-10.C24,Corridor,IC,,,,,0,New Construction,20.00%,Power Density,,0,0,,73 W,0.0,0 W,10.76 W/m²,0 W,13.99 W/m²,132 W,2700,LEVEL 10,0.0,AR Rooms
2026-08-01 19:58:17,11608888,NWB-ARC-WBH-AR-MOD-0036.rvt : 26 : location Internal,NWB-ARC-WBH-AR-MOD-0036,17169677,472eb90d-280e-4c59-8132-a1318e41a721-0105fa25,IP2.10.C29,Corridor,LEVEL 10,New Construction,Inpatient Obstetric 2,IP2,,,,26.5 m²,25449,300.383858,281.192432,250.984252,0 W,0.00 W/m²,0 W,0.00 W/m²,28.6 m²,By Space Type,0,By Space Type,0.0,0.0,0.0,-2000160,"CEILING: acoustic, drop-in tiles, 600 x 1200",SECURE - YELLOW,CLINICAL-TYPE B1,0,-1,0.0,11.06.2026,CLTI-002,CLFS-006,FLVY-007,FLVY-500,FLSK-010,WLFI-001,Intradepartmental Circulation,,WBH.IP2.IC.009,116786,21/07/2026,CORR,0.0,,-,,Circulation,By Type,"FLOOR FINISH: vinyl, seamless, coved, standard slip resistant FLOOR FINISH: vinyl, seamless, coved, standard slip resistant, feature",,By Space Type,17BhaDA0vCMO4oeJ6FH5q4,59 W,Power Density,2700,Corridor,IP2.10.C29,0,,,,IP2,,,WBH-W-10.C29,Corridor,IC,,,,,0,New Construction,20.00%,Power Density,,0,0,,73 W,0.0,0 W,10.76 W/m²,0 W,13.99 W/m²,132 W,2700,LEVEL 10,0.0,AR Rooms
2026-08-01 19:58:17,11608888,NWB-ARC-WBH-AR-MOD-0036.rvt : 26 : location Internal,NWB-ARC-WBH-AR-MOD-0036,17170352,40acf274-a7e0-4e90-ac67-8f78947ace78-0105fad7,HDU.09.C27,Corridor - Patient Treatment Areas,LEVEL 09,New Construction,High Dependency Unit,HDU,,,,31.9 m²,27931,232.080873,429.889938,236.220472,0 W,0.00 W/m²,0 W,0.00 W/m²,28.6 m²,By Space Type,0,By Space Type,0.0,0.0,0.0,-2000160,"CEILING: acoustic, drop-in tiles, 600 x 1200",RESTRICTED - ORANGE,CLINICAL-TYPE B1,0,-1,0,11.06.2026,CLTI-002,,FLVY-007,,FLSK-010,WLFI-001,Intradepartmental Circulation,,WBH.HDU.IC.002,115651,21/07/2026,CORR,0,,-,,Circulation,By Type,"FLOOR FINISH: vinyl, seamless, coved, standard slip resistant",,By Space Type,10hF9qf_1EaAndZtYLVpIl,59 W,Power Density,2700,Corridor - Patient Treatment Areas,HDU.09.C27,0,,,,HDU,,,WBH-W-09.C13,Corridor - Patient Treatment Areas,IC,,,,,0,New Construction,20.00%,Power Density,,0,0,,73 W,0.0,0 W,10.76 W/m²,0 W,13.99 W/m²,132 W,2700,LEVEL 09,0.0,AR Rooms
2026-08-01 19:58:17,11608888,NWB-ARC-WBH-AR-MOD-0036.rvt : 26 : location Internal,NWB-ARC-WBH-AR-MOD-0036,17170363,40acf274-a7e0-4e90-ac67-8f78947ace78-0105fafd,HDU.09.C21,Corridor,LEVEL 09,New Construction,High Dependency Unit,HDU,,,,16.3 m²,18473,248.113517,406.259689,236.220472,0 W,0.00 W/m²,0 W,0.00 W/m²,28.6 m²,By Space Type,0,By Space Type,0.0,0.0,0.0,-2000160,"CEILING: acoustic, drop-in tiles, 600 x 1200",SECURE - YELLOW,,0,-1,0.0,11.06.2026,CLTI-002,,FLVY-007,,FLSK-010,WLFI-001,Intradepartmental Circulation,,WBH.HDU.IC.005,116157,21/07/2026,CORR,0.0,,-,,Circulation,By Type,"FLOOR FINISH: vinyl, seamless, coved, standard slip resistant",,By Space Type,10hF9qf_1EaAndZtYLVpI5,59 W,Power Density,2700,Corridor,HDU.09.C21,0,,,,HDU,,,WBH-W-09.C21,Corridor,IC,,,,,0,New Construction,20.00%,Power Density,,0,0,,73 W,0.0,0 W,10.76 W/m²,0 W,13.99 W/m²,132 W,2700,LEVEL 09,0.0,AR Rooms
2026-08-01 19:58:17,11608888,NWB-ARC-WBH-AR-MOD-0036.rvt : 26 : location Internal,NWB-ARC-WBH-AR-MOD-0036,17336538,5196d17c-e88c-4c5b-9d43-d312e82c03d0-01087806,IP3.11.C02,Corridor,LEVEL 11,New Construction,Inpatient Obstetric 3,IP3,,,,44.0 m²,40743,234.381407,408.971234,265.748031,0 W,0.00 W/m²,0 W,0.00 W/m²,28.6 m²,By Space Type,0,By Space Type,0.0,0.0,0.0,-2000160,"CEILING: acoustic, drop-in tiles, 600 x 1200",SECURE - YELLOW,,0,-1,0.0,11.06.2026,CLTI-002,CLFS-006,FLVY-007,FLVY-500,FLSK-010,WLFI-001,Intradepartmental Circulation,,WBH.IP3.IC.008,116779,21/07/2026,CORR,0.0,,-,,Circulation,By Type,"FLOOR FINISH: vinyl, seamless, coved, standard slip resistant FLOOR FINISH: vinyl, seamless, coved, standard slip resistant, feature",,By Space Type,1Hbj5yw8nCMvr3qnBf97lM,59 W,Power Density,2700,Corridor,IP3.11.C02,0,,,,IP3,,,WBH-W-11.C02,Corridor,IC,,,,,0,New Construction,20.00%,Power Density,,0,0,,73 W,0.0,0 W,10.76 W/m²,0 W,13.99 W/m²,132 W,2700,LEVEL 11,0.0,AR Rooms
2026-08-01 19:58:17,11608888,NWB-ARC-WBH-AR-MOD-0036.rvt : 26 : location Internal,NWB-ARC-WBH-AR-MOD-0036,17336540,5196d17c-e88c-4c5b-9d43-d312e82c03d0-01087809,IP3.11.C10,Corridor,LEVEL 11,New Construction,Inpatient Obstetric 3,IP3,,,,89.1 m²,68905,204.60876,434.520844,265.748031,0 W,0.00 W/m²,0 W,0.00 W/m²,28.6 m²,By Space Type,0,By Space Type,0.0,0.0,0.0,-2000160,"CEILING: acoustic, drop-in tiles, 600 x 1200",SECURE - YELLOW,CLINICAL-TYPE B1,0,-1,0.0,11.06.2026,CLTI-002,CLFS-006,FLVY-007,FLVY-500,FLSK-010,WLFI-001,Intradepartmental Circulation,,WBH.IP3.IC.005,116178,21/07/2026,CORR,0.0,,-,,Circulation,By Type,"FLOOR FINISH: vinyl, seamless, coved, standard slip resistant FLOOR FINISH: vinyl, seamless, coved, standard slip resistant, feature",,By Space Type,1Hbj5yw8nCMvr3qnBf97lP,59 W,Power Density,2700,Corridor,IP3.11.C10,0,,,,IP3,,,WBH-W-11.C10,Corridor,IC,,,,,0,New Construction,20.00%,Power Density,,0,0,,73 W,0.0,0 W,10.76 W/m²,0 W,13.99 W/m²,132 W,2700,LEVEL 11,0.0,AR Rooms
2026-08-01 19:58:17,11608888,NWB-ARC-WBH-AR-MOD-0036.rvt : 26 : location Internal,NWB-ARC-WBH-AR-MOD-0036,17336544,5196d17c-e88c-4c5b-9d43-d312e82c03d0-0108780f,IP3.11.C04,Corridor,LEVEL 11,New Construction,Inpatient Obstetric 3,IP3,,,,83.7 m²,64915,296.733104,434.520844,265.748031,0 W,0.00 W/m²,0 W,0.00 W/m²,28.6 m²,By Space Type,0,By Space Type,0.0,0.0,0.0,-2000160,"CEILING: acoustic, drop-in tiles, 600 x 1200",SECURE - YELLOW,CLINICAL-TYPE B1,0,-1,0.0,11.06.2026,CLTI-002,CLFS-006,FLVY-007,FLVY-500,FLSK-010,WLFI-001,Intradepartmental Circulation,,WBH.IP3.IC.012,116783,21/07/2026,CORR,0.0,,-,,Circulation,By Type,"FLOOR FINISH: vinyl, seamless, coved, standard slip resistant FLOOR FINISH: vinyl, seamless, coved, standard slip resistant, feature",,By Space Type,1Hbj5yw8nCMvr3qnBf97lV,59 W,Power Density,2700,Corridor,IP3.11.C04,0,,,,IP3,,,WBH-W-11.C04,Corridor,IC,,,,,0,New Construction,20.00%,Power Density,,0,0,,73 W,0.0,0 W,10.76 W/m²,0 W,13.99 W/m²,132 W,2700,LEVEL 11,0.0,AR Rooms
2026-08-01 19:58:17,11608888,NWB-ARC-WBH-AR-MOD-0036.rvt : 26 : location Internal,NWB-ARC-WBH-AR-MOD-0036,17336546,5196d17c-e88c-4c5b-9d43-d312e82c03d0-01087812,IP3.11.C12,Corridor,LEVEL 11,New Construction,Inpatient Obstetric 3,IP3,,,,11.0 m²,13683,300.951505,419.456678,265.748031,0 W,0.00 W/m²,0 W,0.00 W/m²,28.6 m²,By Space Type,0,By Space Type,0.0,0.0,0.0,-2000160,"CEILING: acoustic, drop-in tiles, 600 x 1200",SECURE - YELLOW,CLINICAL-TYPE B1,0,-1,0.0,11.06.2026,CLTI-002,CLFS-006,FLVY-007,FLVY-500,FLSK-010,WLFI-001,Intradepartmental Circulation,,WBH.IP3.IC.003,116176,21/07/2026,CORR,0.0,,-,,Circulation,By Type,"FLOOR FINISH: vinyl, seamless, coved, standard slip resistant",,By Space Type,1Hbj5yw8nCMvr3qnBf97l2,59 W,Power Density,2700,Corridor,IP3.11.C12,0,,,,IP3,,,WBH-W-11.C12,Corridor,IC,,,,,0,New Construction,20.00%,Power Density,,0,0,,73 W,0.0,0 W,10.76 W/m²,0 W,13.99 W/m²,132 W,2700,LEVEL 11,0.0,AR Rooms
2026-08-01 19:58:17,11608888,NWB-ARC-WBH-AR-MOD-0036.rvt : 26 : location Internal,NWB-ARC-WBH-AR-MOD-0036,17336548,5196d17c-e88c-4c5b-9d43-d312e82c03d0-01087815,IP3.11.C03,Corridor,LEVEL 11,New Construction,Inpatient Obstetric 3,IP3,,,,11.9 m²,14286,301.40584,398.015758,265.748031,0 W,0.00 W/m²,0 W,0.00 W/m²,28.6 m²,By Space Type,0,By Space Type,0.0,0.0,0.0,-2000160,"CEILING: acoustic, drop-in tiles, 600 x 1200",CONTROLLED - GREEN,PUBLIC CORRIDOR- TYPE D2,0,-1,0.0,11.06.2026,CLTI-002,CLFS-006,FLVY-007,FLVY-500,FLSK-010,WLFI-001,Intradepartmental Circulation,,WBH.IP3.IC.009,116780,21/07/2026,CORR,0.0,,-,,Circulation,By Type,"FLOOR FINISH: vinyl, seamless, coved, standard slip resistant FLOOR FINISH: vinyl, seamless, coved, standard slip resistant, feature",,By Space Type,1Hbj5yw8nCMvr3qnBf97l5,59 W,Power Density,2700,Corridor,IP3.11.C03,0,,,,IP3,,,WBH-W-11.C03,Corridor,IC,,,,,0,New Construction,20.00%,Power Density,,0,0,,73 W,0.0,0 W,10.76 W/m²,0 W,13.99 W/m²,132 W,2700,LEVEL 11,0.0,AR Rooms
2026-08-01 19:58:17,11608888,NWB-ARC-WBH-AR-MOD-0036.rvt : 26 : location Internal,NWB-ARC-WBH-AR-MOD-0036,17336550,5196d17c-e88c-4c5b-9d43-d312e82c03d0-01087818,IP3.11.C01,Corridor,LEVEL 11,New Construction,Inpatient Obstetric 3,IP3,,,,53.0 m²,43005,365.631562,434.531507,265.748031,0 W,0.00 W/m²,0 W,0.00 W/m²,28.6 m²,By Space Type,0,By Space Type,0.0,0.0,0.0,-2000160,"CEILING: acoustic, drop-in tiles, 600 x 1200",SECURE - YELLOW,CLINICAL-TYPE B1,0,-1,0.0,11.06.2026,CLTI-002,CLFS-006,FLVY-007,FLVY-500,FLSK-010,WLFI-001,Intradepartmental Circulation,,WBH.IP3.IC.007,116778,21/07/2026,CORR,0.0,,-,,Circulation,By Type,"FLOOR FINISH: vinyl, seamless, coved, standard slip resistant FLOOR FINISH: vinyl, seamless, coved, standard slip resistant, feature",,By Space Type,1Hbj5yw8nCMvr3qnBf97l8,59 W,Power Density,2700,Corridor,IP3.11.C01,0,,,,IP3,,,WBH-W-11.C01,Corridor,IC,,,,,0,New Construction,20.00%,Power Density,,0,0,,73 W,0.0,0 W,10.76 W/m²,0 W,13.99 W/m²,132 W,2700,LEVEL 11,0.0,AR Rooms
2026-08-01 19:58:17,11608888,NWB-ARC-WBH-AR-MOD-0036.rvt : 26 : location Internal,NWB-ARC-WBH-AR-MOD-0036,17336552,5196d17c-e88c-4c5b-9d43-d312e82c03d0-0108781b,IP3.11.C07,Corridor,LEVEL 11,New Construction,Inpatient Obstetric 3,IP3,,,,7.9 m²,12189,387.364665,421.221959,265.748031,0 W,0.00 W/m²,0 W,0.00 W/m²,28.6 m²,By Space Type,0,By Space Type,0.0,0.0,0.0,-2000160,"CEILING: acoustic, drop-in tiles, 600 x 1200",SECURE - YELLOW,CLINICAL-TYPE B1,0,-1,0.0,11.06.2026,CLTI-002,CLFS-006,FLVY-007,FLVY-500,FLSK-010,WLFI-001,Intradepartmental Circulation,,WBH.IP3.IC.006,116179,21/07/2026,CORR,0.0,,-,,Circulation,By Type,"FLOOR FINISH: vinyl, seamless, coved, standard slip resistant",,By Space Type,1Hbj5yw8nCMvr3qnBf97lB,59 W,Power Density,2700,Corridor,IP3.11.C07,0,,,,IP3,,,WBH-W-11.C07,Corridor,IC,,,,,0,New Construction,20.00%,Power Density,,0,0,,73 W,0.0,0 W,10.76 W/m²,0 W,13.99 W/m²,132 W,2700,LEVEL 11,0.0,AR Rooms
2026-08-01 19:58:17,11608888,NWB-ARC-WBH-AR-MOD-0036.rvt : 26 : location Internal,NWB-ARC-WBH-AR-MOD-0036,17336558,5196d17c-e88c-4c5b-9d43-d312e82c03d0-01087824,IP4.11.C27,Corridor,LEVEL 11,New Construction,Inpatient Obstetric 4,IP4,,,,11.3 m²,14148,233.446522,276.092366,265.748031,0 W,0.00 W/m²,0 W,0.00 W/m²,28.6 m²,By Space Type,0,By Space Type,0.0,0.0,0.0,-2000160,"CEILING: acoustic, drop-in tiles, 600 x 1200",SECURE - YELLOW,CLINICAL-TYPE B1,0,-1,0.0,11.06.2026,CLTI-002,CLFS-006,FLVY-007,FLVY-500,FLSK-010,WLFI-001,Intradepartmental Circulation,,WBH.IP4.IC.006,116184,21/07/2026,CORR,0.0,,-,,Circulation,By Type,"FLOOR FINISH: vinyl, seamless, coved, standard slip resistant",,By Space Type,1Hbj5yw8nCMvr3qnBf97lq,59 W,Power Density,2700,Corridor,IP4.11.C27,0,,,,IP4,,,WBH-W-11.C27,Corridor,IC,,,,,0,New Construction,20.00%,Power Density,,0,0,,73 W,0.0,0 W,10.76 W/m²,0 W,13.99 W/m²,132 W,2700,LEVEL 11,0.0,AR Rooms
2026-08-01 19:58:17,11608888,NWB-ARC-WBH-AR-MOD-0036.rvt : 26 : location Internal,NWB-ARC-WBH-AR-MOD-0036,17336560,5196d17c-e88c-4c5b-9d43-d312e82c03d0-01087827,IP4.11.C34,Corridor,LEVEL 11,New Construction,Inpatient Obstetric 4,IP4,,,,10.9 m²,13670,301.659227,256.013827,265.748031,0 W,0.00 W/m²,0 W,0.00 W/m²,28.6 m²,By Space Type,0,By Space Type,0.0,0.0,0.0,-2000160,"CEILING: acoustic, drop-in tiles, 600 x 1200",SECURE - YELLOW,CLINICAL-TYPE B1,0,-1,0.0,11.06.2026,CLTI-002,,FLVY-007,,FLSK-010,WLFI-001,Intradepartmental Circulation,,WBH.IP4.IC.014,117491,21/07/2026,CORR,0.0,,,,Circulation,By Type,"FLOOR FINISH: vinyl, seamless, coved, standard slip resistant",,By Space Type,1Hbj5yw8nCMvr3qnBf97lt,59 W,Power Density,2700,Corridor,IP4.11.C34,0,,,,IP4,,,WBH-W-11.C34,Corridor,IC,,,,,0,New Construction,20.00%,Power Density,,0,0,,73 W,0.0,0 W,10.76 W/m²,0 W,13.99 W/m²,132 W,2700,LEVEL 11,0.0,AR Rooms
2026-08-01 19:58:17,11608888,NWB-ARC-WBH-AR-MOD-0036.rvt : 26 : location Internal,NWB-ARC-WBH-AR-MOD-0036,17336562,5196d17c-e88c-4c5b-9d43-d312e82c03d0-0108782a,IP4.11.C24,Corridor,LEVEL 11,New Construction,Inpatient Obstetric 4,IP4,,,,10.8 m²,13932,232.164534,256.944564,265.748031,0 W,0.00 W/m²,0 W,0.00 W/m²,28.6 m²,By Space Type,0,By Space Type,0.0,0.0,0.0,-2000160,"CEILING: acoustic, drop-in tiles, 600 x 1200",SECURE - YELLOW,CLINICAL-TYPE B1,0,-1,0.0,11.06.2026,CLTI-002,,FLVY-007,,FLSK-010,WLFI-001,Intradepartmental Circulation,,WBH.IP4.IC.008,116772,21/07/2026,CORR,0.0,,-,,Circulation,By Type,"FLOOR FINISH: vinyl, seamless, coved, standard slip resistant",,By Space Type,1Hbj5yw8nCMvr3qnBf97lw,59 W,Power Density,2700,Corridor,IP4.11.C24,0,,,,IP4,,,WBH-W-11.C24,Corridor,IC,,,,,0,New Construction,20.00%,Power Density,,0,0,,73 W,0.0,0 W,10.76 W/m²,0 W,13.99 W/m²,132 W,2700,LEVEL 11,0.0,AR Rooms
2026-08-01 19:58:17,11608888,NWB-ARC-WBH-AR-MOD-0036.rvt : 26 : location Internal,NWB-ARC-WBH-AR-MOD-0036,17336564,5196d17c-e88c-4c5b-9d43-d312e82c03d0-0108782d,IP4.11.C23,Corridor,LEVEL 11,New Construction,Inpatient Obstetric 4,IP4,,,,8.4 m²,12907,359.393865,258.049387,265.748031,0 W,0.00 W/m²,0 W,0.00 W/m²,28.6 m²,By Space Type,0,By Space Type,0.0,0.0,0.0,-2000160,"CEILING: acoustic, drop-in tiles, 600 x 1200",SECURE - YELLOW,CLINICAL-TYPE B1,0,-1,0.0,11.06.2026,CLTI-002,,FLVY-007,,FLSK-010,WLFI-001,Intradepartmental Circulation,,WBH.IP4.IC.010,116774,21/07/2026,CORR,0.0,,-,,Circulation,By Type,"FLOOR FINISH: vinyl, seamless, coved, standard slip resistant",,By Space Type,1Hbj5yw8nCMvr3qnBf97lz,59 W,Power Density,2700,Corridor,IP4.11.C23,0,,,,IP4,,,WBH-W-11.C23,Corridor,IC,,,,,0,New Construction,20.00%,Power Density,,0,0,,73 W,0.0,0 W,10.76 W/m²,0 W,13.99 W/m²,132 W,2700,LEVEL 11,0.0,AR Rooms
2026-08-01 19:58:17,11608888,NWB-ARC-WBH-AR-MOD-0036.rvt : 26 : location Internal,NWB-ARC-WBH-AR-MOD-0036,17336568,5196d17c-e88c-4c5b-9d43-d312e82c03d0-01087833,IP4.11.C31,Corridor,LEVEL 11,New Construction,Inpatient Obstetric 4,IP4,,,,94.2 m²,72829,163.270997,242.568744,265.748031,0 W,0.00 W/m²,0 W,0.00 W/m²,28.6 m²,By Space Type,0,By Space Type,0.0,0.0,0.0,-2000160,"CEILING: acoustic, drop-in tiles, 600 x 1200",SECURE - YELLOW,CLINICAL-TYPE B1,0,-1,0.0,11.06.2026,CLTI-002,CLFS-006,FLVY-007,FLVY-500,FLSK-010,WLFI-001,Intradepartmental Circulation,,WBH.IP4.IC.003,116181,21/07/2026,CORR,0.0,,-,,Circulation,By Type,"FLOOR FINISH: vinyl, seamless, coved, standard slip resistant FLOOR FINISH: vinyl, seamless, coved, standard slip resistant, feature",,By Space Type,1Hbj5yw8nCMvr3qnBf97lZ,59 W,Power Density,2700,Corridor,IP4.11.C31,0,,,,IP4,,,WBH-W-11.C31,Corridor,IC,,,,,0,New Construction,20.00%,Power Density,,0,0,,73 W,0.0,0 W,10.76 W/m²,0 W,13.99 W/m²,132 W,2700,LEVEL 11,0.0,AR Rooms
2026-08-01 19:58:17,11608888,NWB-ARC-WBH-AR-MOD-0036.rvt : 26 : location Internal,NWB-ARC-WBH-AR-MOD-0036,17336570,5196d17c-e88c-4c5b-9d43-d312e82c03d0-01087836,IP4.11.C26,Corridor,LEVEL 11,New Construction,Inpatient Obstetric 4,IP4,,,,54.8 m²,44277,239.479987,242.568744,265.748031,0 W,0.00 W/m²,0 W,0.00 W/m²,28.6 m²,By Space Type,0,By Space Type,0.0,0.0,0.0,-2000160,"CEILING: acoustic, drop-in tiles, 600 x 1200",SECURE - YELLOW,CLINICAL-TYPE B1,0,-1,0.0,11.06.2026,CLTI-002,CLFS-006,FLVY-007,FLVY-500,FLSK-010,WLFI-001,Intradepartmental Circulation,,WBH.IP4.IC.011,116775,21/07/2026,CORR,0.0,,-,,Circulation,By Type,"FLOOR FINISH: vinyl, seamless, coved, standard slip resistant FLOOR FINISH: vinyl, seamless, coved, standard slip resistant, feature",,By Space Type,1Hbj5yw8nCMvr3qnBf97lc,59 W,Power Density,2700,Corridor,IP4.11.C26,0,,,,IP4,,,WBH-W-11.C26,Corridor,IC,,,,,0,New Construction,20.00%,Power Density,,0,0,,73 W,0.0,0 W,10.76 W/m²,0 W,13.99 W/m²,132 W,2700,LEVEL 11,0.0,AR Rooms
2026-08-01 19:58:17,11608888,NWB-ARC-WBH-AR-MOD-0036.rvt : 26 : location Internal,NWB-ARC-WBH-AR-MOD-0036,17336572,5196d17c-e88c-4c5b-9d43-d312e82c03d0-01087839,IP4.11.C25,Corridor,LEVEL 11,New Construction,Inpatient Obstetric 4,IP4,,,,92.5 m²,72787,329.489829,242.568744,265.748031,0 W,0.00 W/m²,0 W,0.00 W/m²,28.6 m²,By Space Type,0,By Space Type,0.0,0.0,0.0,-2000160,"CEILING: acoustic, drop-in tiles, 600 x 1200",SECURE - YELLOW,CLINICAL-TYPE B1,0,-1,0.0,11.06.2026,CLTI-002,CLFS-006,FLVY-007,FLVY-500,FLSK-010,WLFI-001,Intradepartmental Circulation,,WBH.IP4.IC.007,116771,21/07/2026,CORR,0.0,,-,,Circulation,By Type,"FLOOR FINISH: vinyl, seamless, coved, standard slip resistant FLOOR FINISH: vinyl, seamless, coved, standard slip resistant, feature",,By Space Type,1Hbj5yw8nCMvr3qnBf97lf,59 W,Power Density,2700,Corridor,IP4.11.C25,0,,,,IP4,,,WBH-W-11.C25,Corridor,IC,,,,,0,New Construction,20.00%,Power Density,,0,0,,73 W,0.0,0 W,10.76 W/m²,0 W,13.99 W/m²,132 W,2700,LEVEL 11,0.0,AR Rooms
2026-08-01 19:58:17,11608888,NWB-ARC-WBH-AR-MOD-0036.rvt : 26 : location Internal,NWB-ARC-WBH-AR-MOD-0036,17418029,3b96490d-93e9-4647-a0d7-a672e26874cd-0109c72d,IPG.09.X01,Outdoor Area,LEVEL 09,New Construction,Inpatient Gynaecology,IPG,,,,22.6 m²,19730,316.026903,330.431277,236.220472,0 W,0.00 W/m²,0 W,0.00 W/m²,28.6 m²,By Space Type,0,By Space Type,0.0,0.0,0.0,-2000160,,,,0,-1,-54.7,11.06.2026,,,,,,,External Areas,,WBH.IPG.EX.001,107878,21/07/2026,OUTDOOR,50,,External Area,,NS,By Type,,No RLS,By Space Type,0xbaaDa_b6Hw3NfdBZORFW,59 W,Power Density,2700,Outdoor Area,IPG.09.X01,0,Rooms,AROO,Rooms,IPG,30.28126240156633,Architecture,WBH-W-09.X01,Outdoor Area,EX,YES,SL_90_10,Room Spaces,,0,New Construction,20.00%,Power Density,,0,0,NS,73 W,0.0,0 W,10.76 W/m²,0 W,13.99 W/m²,132 W,2700,LEVEL 09,0.0,AR Rooms
2026-08-01 19:58:17,11608888,NWB-ARC-WBH-AR-MOD-0036.rvt : 26 : location Internal,NWB-ARC-WBH-AR-MOD-0036,17566745,0fae6537-05c6-4633-ba13-c0b0de6f0cd0-010c0c19,IP1.10.073,"Store - Equipment, 20m2",LEVEL 10,New Construction,Inpatient Obstetric 1,IP1,,,,14.9 m²,17764,218.460134,382.886165,250.984252,0 W,0.00 W/m²,0 W,0.00 W/m²,28.6 m²,By Space Type,0,By Space Type,0.0,0.0,0.0,-2000160,"CEILING: plasterboard, drop-in tiles, prefinished, 600 x 1200",,,0,-1,-25.7,11.06.2026,CLTI-008,,FLVY-007,,FLSK-010,WLFI-001,Clinical Support Areas,,WBH.IP1.02.016,107959,21/07/2026,STEQ-20,20,,NWB-ARC-WBH-AR-RLS-IP1.02.016,,DR,By Type,"FLOOR FINISH: vinyl, seamless, coved, standard slip resistant",Typical Room,By Space Type,0FhcKt1SP6CxeJmB3VOm39,59 W,Power Density,2700,"Store - Equipment, 20m2",IP1.10.073,0,,,,IP1,,,WBH-W-10.073,"Store - Equipment, 20m2",02,,,,"1-2 staff, intermittently",0,New Construction,20.00%,Power Density,,Yes,0,DR,73 W,0.0,0 W,10.76 W/m²,0 W,13.99 W/m²,132 W,2700,LEVEL 10,0.0,AR Rooms
2026-08-01 19:58:17,11608888,NWB-ARC-WBH-AR-MOD-0036.rvt : 26 : location Internal,NWB-ARC-WBH-AR-MOD-0036,17571694,e544597e-fe37-4615-b1e6-8736c56ff08f-010c0cda,IPG.09.315,"Lounge, Patient/Family",LEVEL 09,New Construction,Inpatient Gynaecology,IPG,,,,19.1 m²,19845,313.914434,305.203378,236.220472,0 W,0.00 W/m²,0 W,0.00 W/m²,28.6 m²,By Space Type,0,By Space Type,0.0,0.0,0.0,-2000160,"CEILING: acoustic, drop-in tiles, 600 x 1200",,,0,-1,-4.6,11.06.2026,CLTI-002,,FLVY-500,,FLSK-010,WLFI-001,Patient Areas,,WBH.IPG.01.079,112487,21/07/2026,LNGE-20,20,,NWB-ARC-WBH-AR-RLS-IPG.01.079,,DR,By Type,"FLOOR FINISH: vinyl, seamless, coved, standard slip resistant, feature",Typical Room,By Space Type,3bH5b_$ZT65R7cXpR4O$nL,59 W,Power Density,2700,"Lounge, Patient/Family",IPG.09.315,0,,,,IPG,,,WBH-W-09.315,"Lounge, Patient/Family",01,,,,Up to 10 patients/visitors; 1-2 staff intermittently,0,New Construction,20.00%,Power Density,,Yes,0,DR,73 W,0.0,0 W,10.76 W/m²,0 W,13.99 W/m²,132 W,2700,LEVEL 09,0.0,AR Rooms
2026-08-01 19:58:17,11608888,NWB-ARC-WBH-AR-MOD-0036.rvt : 26 : location Internal,NWB-ARC-WBH-AR-MOD-0036,17571698,e544597e-fe37-4615-b1e6-8736c56ff08f-010c0ce4,IPG.09.308,Interview Room,LEVEL 09,New Construction,Inpatient Gynaecology,IPG,,,,11.7 m²,14088,288.596087,275.947726,236.220472,0 W,0.00 W/m²,0 W,0.00 W/m²,28.6 m²,By Space Type,0,By Space Type,0.0,0.0,0.0,-2000160,,,,0,-1,-2.666667,11.06.2026,,,FLVY-500,,FLSK-010,WLFI-001,Patient Areas,,WBH.IPG.01.067,107835,21/07/2026,INTV,12,,NWB-ARC-WBH-AR-RLS-IPG.01.067,,SC,By Type,"FLOOR FINISH: vinyl, seamless, coved, standard slip resistant, feature",,By Space Type,3bH5b_$ZT65R7cXpR4O$nh,59 W,Power Density,2700,Interview Room,IPG.09.308,0,,,,IPG,,,WBH-W-09.308,Interview Room,01,,,,Up to 8 persons,0,New Construction,20.00%,Power Density,D40_Done,Yes,0,SC,73 W,0.0,0 W,10.76 W/m²,0 W,13.99 W/m²,132 W,2700,LEVEL 09,0.0,AR Rooms
2026-08-01 19:58:17,11608888,NWB-ARC-WBH-AR-MOD-0036.rvt : 26 : location Internal,NWB-ARC-WBH-AR-MOD-0036,17571700,e544597e-fe37-4615-b1e6-8736c56ff08f-010c0ce7,IPG.09.348,Bay - Flowers (Open),LEVEL 09,New Construction,Inpatient Gynaecology,IPG,,,,1.9 m²,5615,306.547629,295.351386,236.220472,0 W,0.00 W/m²,0 W,0.00 W/m²,28.6 m²,By Space Type,0,By Space Type,0.0,0.0,0.0,-2000160,"CEILING: acoustic, drop-in tiles, 600 x 1200",,,0,-1,-7.5,11.06.2026,CLTI-002,CLGE-001,FLVY-007,,FLSK-010,WLFI-001,Clinical Support Areas,,WBH.IPG.02.030,112521,21/07/2026,BFLW,2,,NWB-ARC-WBH-AR-RLS-NS-BFLW-OP-2-IPG,,NS,By Type,"FLOOR FINISH: vinyl, seamless, coved, standard slip resistant",Typical Room,By Space Type,3bH5b_$ZT65R7cXpR4O$ne,59 W,Power Density,2700,Bay - Flowers (Open),IPG.09.348,0,,,,IPG,,,WBH-W-09.348,Bay - Flowers (Open),02,,,,1 intermittently,0,New Construction,20.00%,Power Density,,0,0,NS,73 W,0.0,0 W,10.76 W/m²,0 W,13.99 W/m²,132 W,2700,LEVEL 09,0.0,AR Rooms
2026-08-01 19:58:17,11608888,NWB-ARC-WBH-AR-MOD-0036.rvt : 26 : location Internal,NWB-ARC-WBH-AR-MOD-0036,17571702,e544597e-fe37-4615-b1e6-8736c56ff08f-010c0cea,IPG.09.343,Bay - Linen,LEVEL 09,New Construction,Inpatient Gynaecology,IPG,,,,2.1 m²,6492,227.78359,285.241688,236.220472,0 W,0.00 W/m²,0 W,0.00 W/m²,28.6 m²,By Space Type,0,By Space Type,0.0,0.0,0.0,-2000160,"CEILING: plasterboard, drop-in tiles, prefinished, 600 x 1200",,,0,-1,2.5,11.06.2026,CLTI-008,,FLVY-007,,FLSK-010,WLFI-001,Clinical Support Areas,,WBH.IPG.02.025,112516,21/07/2026,BLIN,2,,Refer to AusHFG BLIN,,SC,By Type,"FLOOR FINISH: vinyl, seamless, coved, standard slip resistant",,By Space Type,3bH5b_$ZT65R7cXpR4O$nb,59 W,Power Density,2700,Bay - Linen,IPG.09.343,0,,,,IPG,,,WBH-W-09.343,Bay - Linen,02,,,,1-2 intermittently,0,New Construction,20.00%,Power Density,,0,0,SC,73 W,0.0,0 W,10.76 W/m²,0 W,13.99 W/m²,132 W,2700,LEVEL 09,0.0,AR Rooms
2026-08-01 19:58:17,11608888,NWB-ARC-WBH-AR-MOD-0036.rvt : 26 : location Internal,NWB-ARC-WBH-AR-MOD-0036,17571704,e544597e-fe37-4615-b1e6-8736c56ff08f-010c0ced,IPG.09.331,"Clean Store, Imprest, 10m2",LEVEL 09,New Construction,Inpatient Gynaecology,IPG,,,,10.7 m²,13885,317.608884,278.330235,236.220472,0 W,0.00 W/m²,0 W,0.00 W/m²,28.6 m²,By Space Type,0,By Space Type,0.0,0.0,0.0,-2000160,"CEILING: plasterboard, flush set, suspended, paint, washable",,,0,-1,9.2,11.06.2026,CLFS-006,,FLVY-007,,FLSK-010,WLFI-001,Clinical Support Areas,,WBH.IPG.02.013,112504,21/07/2026,CLN-10 (IMP),10,,Refer to AusHFG CLN-10,,SC,By Type,"FLOOR FINISH: vinyl, seamless, coved, standard slip resistant",,By Space Type,3bH5b_$ZT65R7cXpR4O$nY,59 W,Power Density,2700,"Clean Store, Imprest, 10m2",IPG.09.331,0,,,,IPG,,,WBH-W-09.331,"Clean Store, Imprest, 10m2",02,,,,1 - 2 staff intermittently,0,New Construction,20.00%,Power Density,,0,0,SC,73 W,0.0,0 W,10.76 W/m²,0 W,13.99 W/m²,132 W,2700,LEVEL 09,0.0,AR Rooms
2026-08-01 19:58:17,11608888,NWB-ARC-WBH-AR-MOD-0036.rvt : 26 : location Internal,NWB-ARC-WBH-AR-MOD-0036,17571713,e544597e-fe37-4615-b1e6-8736c56ff08f-010c0deb,IPG.09.338,"Bay - Handwashing, Type B",LEVEL 09,New Construction,Inpatient Gynaecology,IPG,,,,1.3 m²,4660,306.439358,299.899959,236.220472,0 W,0.00 W/m²,0 W,0.00 W/m²,28.6 m²,By Space Type,0,By Space Type,0.0,0.0,0.0,-2000160,"CEILING: plasterboard, flush set, suspended, paint, washable",,,0,-1,35,11.06.2026,CLFS-006,,FLVY-003,,FLSK-010,WLFI-001,Clinical Support Areas,,WBH.IPG.02.020,112511,21/07/2026,BHWS-B,1,,Refer to AusHFG BHWS-B,,SC,By Type,"FLOOR FINISH: vinyl, seamless, coved, non slip",,By Space Type,3bH5b_$ZT65R7cXpR4O$ra,59 W,Power Density,2700,"Bay - Handwashing, Type B",IPG.09.338,0,,,,IPG,,,WBH-W-09.338,"Bay - Handwashing, Type B",02,,,,1,0,New Construction,20.00%,Power Density,,0,0,SC,73 W,0.0,0 W,10.76 W/m²,0 W,13.99 W/m²,132 W,2700,LEVEL 09,0.0,AR Rooms
2026-08-01 19:58:17,11608888,NWB-ARC-WBH-AR-MOD-0036.rvt : 26 : location Internal,NWB-ARC-WBH-AR-MOD-0036,17571715,e544597e-fe37-4615-b1e6-8736c56ff08f-010c0df6,IPG.09.336,Bay - Mobile Equipment,LEVEL 09,New Construction,Inpatient Gynaecology,IPG,,,,2.0 m²,5742,320.887213,260.105001,236.220472,0 W,0.00 W/m²,0 W,0.00 W/m²,28.6 m²,By Space Type,0,By Space Type,0.0,0.0,0.0,-2000160,"CEILING: plasterboard, drop-in tiles, prefinished, 600 x 1200",,,0,-1,-49.25,11.06.2026,CLTI-008,,FLVY-007,,FLSK-010,WLFI-001,Clinical Support Areas,,WBH.IPG.02.018,112509,21/07/2026,BMEQ,4,,Refer to AusHFG BMEQ,,SC,By Type,"FLOOR FINISH: vinyl, seamless, coved, standard slip resistant",,By Space Type,3bH5b_$ZT65R7cXpR4O$rv,59 W,Power Density,2700,Bay - Mobile Equipment,IPG.09.336,0,,,,IPG,,,WBH-W-09.336,Bay - Mobile Equipment,02,,,,,0,New Construction,20.00%,Power Density,,0,0,SC,73 W,0.0,0 W,10.76 W/m²,0 W,13.99 W/m²,132 W,2700,LEVEL 09,0.0,AR Rooms
2026-08-01 19:58:17,11608888,NWB-ARC-WBH-AR-MOD-0036.rvt : 26 : location Internal,NWB-ARC-WBH-AR-MOD-0036,17571718,e544597e-fe37-4615-b1e6-8736c56ff08f-010c0e17,IPG.09.357,"Bay - Property, Staff",LEVEL 09,New Construction,Inpatient Gynaecology,IPG,,,,1.7 m²,6062,238.118923,276.622572,236.220472,0 W,0.00 W/m²,0 W,0.00 W/m²,28.6 m²,By Space Type,0,By Space Type,0.0,0.0,0.0,-2000160,"CEILING: acoustic, drop-in tiles, 600 x 1200",,,0,-1,-44,11.06.2026,CLTI-002,,FLVY-007,,FLSK-010,WLFI-001,Staff Areas,,WBH.IPG.03.005,107875,21/07/2026,BPROP,3,,NWB-ARC-GEN-AR-RLS-PS-BPROP,,PS,By Type,"FLOOR FINISH: vinyl, seamless, coved, standard slip resistant",Refer to Typical Room,By Space Type,3bH5b_$ZT65R7cXpR4O$wO,59 W,Power Density,2700,"Bay - Property, Staff",IPG.09.357,0,,,,IPG,,,WBH-W-09.357,"Bay - Property, Staff",03,,,,"Up to 4 staff, intermittently",0,New Construction,20.00%,Power Density,,0,0,PS-BPROP,73 W,0.0,0 W,10.76 W/m²,0 W,13.99 W/m²,132 W,2700,LEVEL 09,0.0,AR Rooms
2026-08-01 19:58:17,11608888,NWB-ARC-WBH-AR-MOD-0036.rvt : 26 : location Internal,NWB-ARC-WBH-AR-MOD-0036,17571720,e544597e-fe37-4615-b1e6-8736c56ff08f-010c0e3b,IPG.09.327,Bay - Pathology,LEVEL 09,New Construction,Inpatient Gynaecology,IPG,,,,4.5 m²,12384,159.600168,259.173681,236.220472,0 W,0.00 W/m²,0 W,0.00 W/m²,28.6 m²,By Space Type,0,By Space Type,0.0,0.0,0.0,-2000160,"CEILING: plasterboard, drop-in tiles, prefinished, 600 x 1200",,,0,-1,51.333333,11.06.2026,CLTI-008,,FLVY-007,,FLSK-010,WLFI-001,Clinical Support Areas,,WBH.IPG.02.009,112500,21/07/2026,BPATH,3,,NWB-ARC-WBH-AR-RLS-IPG.02.009,,PS,By Type,"FLOOR FINISH: vinyl, seamless, coved, standard slip resistant",Refer to Typical Room,By Space Type,3bH5b_$ZT65R7cXpR4O$wq,59 W,Power Density,2700,Bay - Pathology,IPG.09.327,0,,,,IPG,,,WBH-W-09.327,Bay - Pathology,02,,,,"1-2 staff, intermittently",0,New Construction,20.00%,Power Density,,Yes,0,PS-BPATH,73 W,0.0,0 W,10.76 W/m²,0 W,13.99 W/m²,132 W,2700,LEVEL 09,0.0,AR Rooms
2026-08-01 19:58:17,11608888,NWB-ARC-WBH-AR-MOD-0036.rvt : 26 : location Internal,NWB-ARC-WBH-AR-MOD-0036,17571722,e544597e-fe37-4615-b1e6-8736c56ff08f-010c0e43,IPG.09.351,"Office, 1 Person",LEVEL 09,New Construction,Inpatient Gynaecology,IPG,,,,7.4 m²,11206,223.608924,400.40503,236.220472,0 W,0.00 W/m²,0 W,0.00 W/m²,28.6 m²,By Space Type,0,By Space Type,0.0,0.0,0.0,-2000160,"CEILING: acoustic, drop-in tiles, 600 x 1200",,,0,-1,-17.555556,11.06.2026,CLTI-002,,FLCP-006,,FLSK-031,WLFI-001,Clinical Support Areas,,WBH.IPG.02.033,112524,21/07/2026,OFF-1P,9,,Refer to AusHFG OFF-1P-9,,SC,By Type,FLOOR FINISH: carpet tiles,,By Space Type,3bH5b_$ZT65R7cXpR4O$xC,59 W,Power Density,2700,"Office, 1 Person",IPG.09.351,0,,,,IPG,,,WBH-W-09.351,"Office, 1 Person",02,,,,"1 staff, up to 2 visitors",0,New Construction,20.00%,Power Density,D40_Done,0,0,SC,73 W,0.0,0 W,10.76 W/m²,0 W,13.99 W/m²,132 W,2700,LEVEL 09,0.0,AR Rooms
2026-08-01 19:58:17,11608888,NWB-ARC-WBH-AR-MOD-0036.rvt : 26 : location Internal,NWB-ARC-WBH-AR-MOD-0036,17587841,1176df69-72e7-4532-8cad-72721f8fd594-010c2a94,IP1.09.199,"Office, 3 Person",LEVEL 09,New Construction,Inpatient Obstetric 1,IP1,,,,13.1 m²,15530,316.673104,349.357417,236.220472,0 W,0.00 W/m²,0 W,0.00 W/m²,28.6 m²,By Space Type,0,By Space Type,0.0,0.0,0.0,-2000160,,,,0,-1,-12.333333,11.06.2026,,,FLVY-500,,FLSK-010,WLFI-001,Clinical Support Areas,,WBH.IP1.02.043,112580,21/07/2026,OFF-3P,15,,NWB-ARC-WBH-AR-RLS-IP1.02.043,,PS,By Type,"FLOOR FINISH: vinyl, seamless, coved, standard slip resistant, feature",,By Space Type,0HTjzfSkT5CeojSd8UW$y0,59 W,Power Density,2700,"Office, 3 Person",IP1.09.199,0,,,,IP1,,,WBH-W-09.199,"Office, 3 Person",02,,,,Up to 3 staff,0,New Construction,20.00%,Power Density,,No,0,PS-OFF-3P,73 W,0.0,0 W,10.76 W/m²,0 W,13.99 W/m²,132 W,2700,LEVEL 09,0.0,AR Rooms
2026-08-01 19:58:17,11608888,NWB-ARC-WBH-AR-MOD-0036.rvt : 26 : location Internal,NWB-ARC-WBH-AR-MOD-0036,17587855,1176df69-72e7-4532-8cad-72721f8fd594-010c2d1c,IPG.09.337,Bay - Mobile Equipment,LEVEL 09,New Construction,Inpatient Gynaecology,IPG,,,,3.9 m²,8663,242.084532,250.875016,236.220472,0 W,0.00 W/m²,0 W,0.00 W/m²,28.6 m²,By Space Type,0,By Space Type,0.0,0.0,0.0,-2000160,"CEILING: plasterboard, drop-in tiles, prefinished, 600 x 1200",,,0,-1,-1.5,11.06.2026,CLTI-008,,FLVY-007,,FLSK-010,WLFI-001,Clinical Support Areas,,WBH.IPG.02.019,112510,21/07/2026,BMEQ,4,,NWB-ARC-WBH-AR-RLS-IPG.02.019,,SC,By Type,"FLOOR FINISH: vinyl, seamless, coved, standard slip resistant",,By Space Type,0HTjzfSkT5CeojSd8UW$Y8,59 W,Power Density,2700,Bay - Mobile Equipment,IPG.09.337,0,,,,IPG,,,WBH-W-09.337,Bay - Mobile Equipment,02,,,,,0,New Construction,20.00%,Power Density,,Yes,0,SC,73 W,0.0,0 W,10.76 W/m²,0 W,13.99 W/m²,132 W,2700,LEVEL 09,0.0,AR Rooms
2026-08-01 19:58:17,11608888,NWB-ARC-WBH-AR-MOD-0036.rvt : 26 : location Internal,NWB-ARC-WBH-AR-MOD-0036,17596849,4a1e9ea8-f772-4ca3-980b-8ab1895c1ac8-010c695b,IP1.10.C10,Corridor,LEVEL 10,New Construction,Inpatient Obstetric 1,IP1,,,,43.5 m²,41157,232.521162,410.169145,250.984252,0 W,0.00 W/m²,0 W,0.00 W/m²,28.6 m²,By Space Type,0,By Space Type,0.0,0.0,0.0,-2000160,"CEILING: acoustic, drop-in tiles, 600 x 1200",SECURE - YELLOW,,0,-1,0.0,11.06.2026,CLTI-002,CLFS-006,FLVY-007,FLVY-500,FLSK-010,WLFI-001,Intradepartmental Circulation,,WBH.IP1.IC.014,117562,21/07/2026,CORR,0.0,,-,,Circulation,By Type,"FLOOR FINISH: vinyl, seamless, coved, standard slip resistant FLOOR FINISH: vinyl, seamless, coved, standard slip resistant, feature",,By Space Type,1A7fwezt9CevWBYh68K7EJ,59 W,Power Density,2700,Corridor,IP1.10.C10,0,,,,IP1,,,WBH-W-10.C10,Corridor,IC,,,,,0,New Construction,20.00%,Power Density,,0,0,,73 W,0.0,0 W,10.76 W/m²,0 W,13.99 W/m²,132 W,2700,LEVEL 10,0.0,AR Rooms
2026-08-01 19:58:17,11608888,NWB-ARC-WBH-AR-MOD-0036.rvt : 26 : location Internal,NWB-ARC-WBH-AR-MOD-0036,17597163,cc72cf3c-bcd4-41f3-9d27-670b8fa80e94-010c82eb,IPG.09.C37,Corridor,LEVEL 09,New Construction,Inpatient Gynaecology,IPG,,,,82.3 m²,63621,321.771654,242.568744,236.220472,0 W,0.00 W/m²,0 W,0.00 W/m²,28.6 m²,By Space Type,0,By Space Type,0.0,0.0,0.0,-2000160,"CEILING: acoustic, drop-in tiles, 600 x 1200",SECURE - YELLOW,CLINICAL-TYPE B1,0,-1,0.0,11.06.2026,CLTI-002,CLFS-006,FLVY-007,FLVY-500,FLSK-010,WLFI-001,Intradepartmental Circulation,,WBH.IPG.IC.012,116921,21/07/2026,CORR,0.0,,-,,Circulation,By Type,"FLOOR FINISH: vinyl, seamless, coved, standard slip resistant FLOOR FINISH: vinyl, seamless, coved, standard slip resistant, feature",,By Space Type,3CSiyylDH1yvqdPmkEf8n$,59 W,Power Density,2700,Corridor,IPG.09.C37,0,,,,IPG,,,WBH-W-09.C37,Corridor,IC,,,,,0,New Construction,20.00%,Power Density,,0,0,,73 W,0.0,0 W,10.76 W/m²,0 W,13.99 W/m²,132 W,2700,LEVEL 09,0.0,AR Rooms
2026-08-01 19:58:17,11608888,NWB-ARC-WBH-AR-MOD-0036.rvt : 26 : location Internal,NWB-ARC-WBH-AR-MOD-0036,17910876,4769775a-9e14-474f-aa3e-4958f8a36e57-01114c5c,IPG.09.C40,Corridor,LEVEL 09,New Construction,Inpatient Gynaecology,IPG,,,,32.8 m²,30795,299.760499,289.079571,236.220472,0 W,0.00 W/m²,0 W,0.00 W/m²,28.6 m²,By Space Type,0,By Space Type,0.0,0.0,0.0,-2000160,"CEILING: acoustic, drop-in tiles, 600 x 1200",SECURE - YELLOW,CLINICAL-TYPE B1,0,-1,0.0,11.06.2026,CLTI-002,CLFS-006,FLVY-007,FLVY-500,FLSK-010,WLFI-001,Intradepartmental Circulation,,WBH.IPG.IC.005,116187,21/07/2026,CORR,0.0,,-,,Circulation,By Type,"FLOOR FINISH: vinyl, seamless, coved, standard slip resistant FLOOR FINISH: vinyl, seamless, coved, standard slip resistant, feature",,By Space Type,17QNTQdXH7Jwe_ILZviY8B,59 W,Power Density,2700,Corridor,IPG.09.C40,0,,,,IPG,,,WBH-W-09.C40,Corridor,IC,,,,,0,New Construction,20.00%,Power Density,,0,0,,73 W,0.0,0 W,10.76 W/m²,0 W,13.99 W/m²,132 W,2700,LEVEL 09,0.0,AR Rooms
2026-08-01 19:58:17,11608888,NWB-ARC-WBH-AR-MOD-0036.rvt : 26 : location Internal,NWB-ARC-WBH-AR-MOD-0036,17910879,4769775a-9e14-474f-aa3e-4958f8a36e57-01114c5f,IPG.09.C39,Corridor,LEVEL 09,New Construction,Inpatient Gynaecology,IPG,,,,34.0 m²,31080,230.995735,290.815135,236.220472,0 W,0.00 W/m²,0 W,0.00 W/m²,28.6 m²,By Space Type,0,By Space Type,0.0,0.0,0.0,-2000160,"CEILING: acoustic, drop-in tiles, 600 x 1200",SECURE - YELLOW,CLINICAL-TYPE B1,0,-1,0.0,11.06.2026,CLTI-002,,FLVY-007,,FLSK-010,WLFI-001,Intradepartmental Circulation,,WBH.IPG.IC.006,116188,21/07/2026,CORR,0.0,,-,,Circulation,By Type,"FLOOR FINISH: vinyl, seamless, coved, standard slip resistant",,By Space Type,17QNTQdXH7Jwe_ILZviY88,59 W,Power Density,2700,Corridor,IPG.09.C39,0,,,,IPG,,,WBH-W-09.C39,Corridor,IC,,,,,0,New Construction,20.00%,Power Density,,0,0,,73 W,0.0,0 W,10.76 W/m²,0 W,13.99 W/m²,132 W,2700,LEVEL 09,0.0,AR Rooms
2026-08-01 19:58:17,11608888,NWB-ARC-WBH-AR-MOD-0036.rvt : 26 : location Internal,NWB-ARC-WBH-AR-MOD-0036,17910885,4769775a-9e14-474f-aa3e-4958f8a36e57-01114c65,IPG.09.C32,Corridor,LEVEL 09,New Construction,Inpatient Gynaecology,IPG,,,,10.8 m²,13553,232.277723,255.878291,236.220472,0 W,0.00 W/m²,0 W,0.00 W/m²,28.6 m²,By Space Type,0,By Space Type,0.0,0.0,0.0,-2000160,"CEILING: acoustic, drop-in tiles, 600 x 1200",SECURE - YELLOW,,0,-1,0.0,11.06.2026,CLTI-002,,FLVY-007,,FLSK-010,WLFI-001,Intradepartmental Circulation,,WBH.IPG.IC.008,116917,21/07/2026,CORR,0.0,,-,,Circulation,By Type,"FLOOR FINISH: vinyl, seamless, coved, standard slip resistant",,By Space Type,17QNTQdXH7Jwe_ILZviY8o,59 W,Power Density,2700,Corridor,IPG.09.C32,0,,,,IPG,,,WBH-W-09.C32,Corridor,IC,,,,,0,New Construction,20.00%,Power Density,,0,0,,73 W,0.0,0 W,10.76 W/m²,0 W,13.99 W/m²,132 W,2700,LEVEL 09,0.0,AR Rooms
2026-08-01 19:58:17,11608888,NWB-ARC-WBH-AR-MOD-0036.rvt : 26 : location Internal,NWB-ARC-WBH-AR-MOD-0036,17910888,4769775a-9e14-474f-aa3e-4958f8a36e57-01114c68,IPG.09.C42,Corridor,LEVEL 09,New Construction,Inpatient Gynaecology,IPG,,,,82.2 m²,63803,239.522638,242.568744,236.220472,0 W,0.00 W/m²,0 W,0.00 W/m²,28.6 m²,By Space Type,0,By Space Type,0.0,0.0,0.0,-2000160,"CEILING: acoustic, drop-in tiles, 600 x 1200",SECURE - YELLOW,CLINICAL-TYPE B1,0,-1,0.0,11.06.2026,CLTI-002,CLFS-006,FLVY-007,FLVY-500,FLSK-010,WLFI-001,Intradepartmental Circulation,,WBH.IPG.IC.003,116185,21/07/2026,CORR,0.0,,-,,Circulation,By Type,"FLOOR FINISH: vinyl, seamless, coved, standard slip resistant FLOOR FINISH: vinyl, seamless, coved, standard slip resistant, feature",,By Space Type,17QNTQdXH7Jwe_ILZviY8$,59 W,Power Density,2700,Corridor,IPG.09.C42,0,,,,IPG,,,WBH-W-09.C42,Corridor,IC,,,,,0,New Construction,20.00%,Power Density,,0,0,,73 W,0.0,0 W,10.76 W/m²,0 W,13.99 W/m²,132 W,2700,LEVEL 09,0.0,AR Rooms
2026-08-01 19:58:17,11608888,NWB-ARC-WBH-AR-MOD-0036.rvt : 26 : location Internal,NWB-ARC-WBH-AR-MOD-0036,17910897,4769775a-9e14-474f-aa3e-4958f8a36e57-01114c71,IPG.09.C43,Corridor,LEVEL 09,New Construction,Inpatient Gynaecology,IPG,,,,66.8 m²,53260,163.270997,242.568744,236.220472,0 W,0.00 W/m²,0 W,0.00 W/m²,28.6 m²,By Space Type,0,By Space Type,0.0,0.0,0.0,-2000160,"CEILING: acoustic, drop-in tiles, 600 x 1200",SECURE - YELLOW,CLINICAL-TYPE B1,0,-1,-85.146774,11.06.2026,CLTI-002,CLFS-006,FLVY-007,FLVY-500,FLSK-010,WLFI-001,Intradepartmental Circulation,,WBH.IPG.IC.001,107879,21/07/2026,CORR,449.33,,-,,Circulation,By Type,"FLOOR FINISH: vinyl, seamless, coved, standard slip resistant FLOOR FINISH: vinyl, seamless, coved, standard slip resistant, feature",,By Space Type,17QNTQdXH7Jwe_ILZviY8c,59 W,Power Density,2700,Corridor,IPG.09.C43,0,,,,IPG,,,WBH-W-09.C43,Corridor,IC,,,,,0,New Construction,20.00%,Power Density,,0,0,,73 W,0.0,0 W,10.76 W/m²,0 W,13.99 W/m²,132 W,2700,LEVEL 09,0.0,AR Rooms
2026-08-01 19:58:17,11608888,NWB-ARC-WBH-AR-MOD-0036.rvt : 26 : location Internal,NWB-ARC-WBH-AR-MOD-0036,17910915,4769775a-9e14-474f-aa3e-4958f8a36e57-01114c83,IPG.09.C41,Corridor,LEVEL 09,New Construction,Inpatient Gynaecology,IPG,,,,7.2 m²,11307,359.032972,255.20818,236.220472,0 W,0.00 W/m²,0 W,0.00 W/m²,28.6 m²,By Space Type,0,By Space Type,0.0,0.0,0.0,-2000160,"CEILING: acoustic, drop-in tiles, 600 x 1200",SECURE - YELLOW,STAFF TRANSIT-TYPE C,0,-1,0.0,11.06.2026,CLTI-002,,FLVY-007,,FLSK-010,WLFI-001,Intradepartmental Circulation,,WBH.IPG.IC.004,116186,21/07/2026,CORR,0.0,,-,,Circulation,By Type,"FLOOR FINISH: vinyl, seamless, coved, standard slip resistant",,By Space Type,17QNTQdXH7Jwe_ILZviYBK,59 W,Power Density,2700,Corridor,IPG.09.C41,0,,,,IPG,,,WBH-W-09.C41,Corridor,IC,,,,,0,New Construction,20.00%,Power Density,,0,0,,73 W,0.0,0 W,10.76 W/m²,0 W,13.99 W/m²,132 W,2700,LEVEL 09,0.0,AR Rooms
2026-08-01 19:58:17,11608888,NWB-ARC-WBH-AR-MOD-0036.rvt : 26 : location Internal,NWB-ARC-WBH-AR-MOD-0036,18805402,5f9eafff-01d3-4527-a012-c014cdf27607-011ef29a,gSharp A3,gSharp A3 REFERENCE,ǁ 3D DETAIL LEVEL DO NOT DELETE ǁ,New Construction,,,,,,15.0 m²,16000,241.485183,379.899871,-32.808399,0 W,0.00 W/m²,0 W,0.00 W/m²,28.6 m²,By Space Type,0,By Space Type,0.0,0.0,0.0,-2000160,,,,0,-1,0.0,,,,,,,,,,,,,,0.0,,,,,By Type,,,By Space Type,1Vdg$$0TD59w0Im1JCx8IT,59 W,Power Density,2700,gSharp A3 REFERENCE,gSharp A3,0,,,,,,,,,,,,,,0,New Construction,20.00%,Power Density,,0,0,,73 W,0.0,0 W,10.76 W/m²,0 W,13.99 W/m²,132 W,2700,ǁ 3D DETAIL LEVEL DO NOT DELETE ǁ,0.0,AR Temp
2026-08-01 19:58:17,11608888,NWB-ARC-WBH-AR-MOD-0036.rvt : 26 : location Internal,NWB-ARC-WBH-AR-MOD-0036,18805758,5f9eafff-01d3-4527-a012-c014cdf27607-011ef3fe,gSharp A1,gSharp A1 REFERENCE,ǁ 3D DETAIL LEVEL DO NOT DELETE ǁ,New Construction,,,,,,100.0 m²,40000,273.719392,391.382811,-32.808399,0 W,0.00 W/m²,0 W,0.00 W/m²,28.6 m²,By Space Type,0,By Space Type,0.0,0.0,0.0,-2000160,,,,0,-1,0.0,,,,,,,,,,,,,,0.0,,,,,By Type,,,By Space Type,1Vdg$$0TD59w0Im1JCx8Nv,59 W,Power Density,3000,gSharp A1 REFERENCE,gSharp A1,0,,,,,,,,,,,,,,0,New Construction,20.00%,Power Density,,0,0,,73 W,0.0,0 W,10.76 W/m²,0 W,13.99 W/m²,132 W,3000,ǁ 3D DETAIL LEVEL DO NOT DELETE ǁ,0.0,AR Temp
2026-08-01 19:58:17,11608888,NWB-ARC-WBH-AR-MOD-0036.rvt : 26 : location Internal,NWB-ARC-WBH-AR-MOD-0036,22377261,f2632660-404c-4a1b-afcb-527a4443e13b-0155732d,HDU.09.123,Pantry,LEVEL 09,New Construction,High Dependency Unit,HDU,,,,9.2 m²,12187,280.739111,396.804359,236.220472,0 W,0.00 W/m²,0 W,0.00 W/m²,28.6 m²,By Space Type,0,By Space Type,0.0,0.0,0.0,-2000160,,,,0,-1,0,11.06.2026,,,,,,,Clinical Support Areas,,WBH.HDU.03.044,118076,21/07/2026,PTRY,0,,NWB-ARC-WBH-AR-RLS-HDU.03.044,,,By Type,,,By Space Type,3oOoPWG4nA6w$BKdf55f8M,59 W,Power Density,2438,Pantry,HDU.09.123,0,,,,HDU,,,WBH-W-09.123,Pantry,03,,,,1-2 staff intermittently,0,New Construction,20.00%,Power Density,,Yes,0,,73 W,0.0,0 W,10.76 W/m²,0 W,13.99 W/m²,132 W,2438,LEVEL 09,0.0,AR Rooms
2026-08-01 19:58:17,11608888,NWB-ARC-WBH-AR-MOD-0036.rvt : 26 : location Internal,NWB-ARC-WBH-AR-MOD-0036,22378590,b5e60ae3-751f-41f0-a436-89d62585c9cb-0155785e,HDU.09.118,Milk Preparation/Storage Room,LEVEL 09,New Construction,High Dependency Unit,HDU,,,,9.5 m²,12760,271.972909,423.104595,236.220472,0 W,0.00 W/m²,0 W,0.00 W/m²,28.6 m²,By Space Type,0,By Space Type,0.0,0.0,0.0,-2000160,,,,0,-1,0,11.06.2026,,,,,,,Clinical Support Areas,,WBH.HDU.03.045,118077,21/07/2026,MILK PREP,0,,NWB-ARC-WBH-AR-RLS-HDU.03.045,,,By Type,,,By Space Type,2rvWhZTHz1yAGsYTOaqB6L,59 W,Power Density,2438,Milk Preparation/Storage Room,HDU.09.118,0,,,,HDU,,,WBH-W-09.118,Milk Preparation/Storage Room,03,,,,Up to 2,0,New Construction,20.00%,Power Density,,Yes,0,,73 W,0.0,0 W,10.76 W/m²,0 W,13.99 W/m²,132 W,2438,LEVEL 09,0.0,AR Rooms
2026-08-01 19:58:17,11608888,NWB-ARC-WBH-AR-MOD-0036.rvt : 26 : location Internal,NWB-ARC-WBH-AR-MOD-0036,22470710,43b89390-52e2-42f1-a2e6-a0b8a9f2ea51-0156de4a,HDU.09.119,Bay - Workstation on Wheels,LEVEL 09,New Construction,High Dependency Unit,HDU,,,,3.1 m²,7925,331.730619,411.462126,236.220472,0 W,0.00 W/m²,0 W,0.00 W/m²,28.6 m²,By Space Type,0,By Space Type,0.0,0.0,0.0,-2000160,,,,0,-1,0,11.06.2026,,,,,,,Clinical Support Areas,,WBH.HDU.03.046,118078,21/07/2026,WOW,0,,,,,By Type,,,By Space Type,13k9EGKk92yQBceBYef3GR,59 W,Power Density,2438,Bay - Workstation on Wheels,HDU.09.119,0,,,,HDU,,,WBH-W-09.119,Bay - Workstation on Wheels,03,,,,,0,New Construction,20.00%,Power Density,,0,0,,73 W,0.0,0 W,10.76 W/m²,0 W,13.99 W/m²,132 W,2438,LEVEL 09,0.0,AR Rooms
2026-08-01 19:58:17,11608888,NWB-ARC-WBH-AR-MOD-0036.rvt : 26 : location Internal,NWB-ARC-WBH-AR-MOD-0036,22499369,6b353fbd-3f35-429b-9c03-d070379f3738-01572545,IPG.09.321,"Staff Station, 10m2",LEVEL 09,New Construction,Inpatient Gynaecology,IPG,,,,10.9 m²,13606,226.025417,257.701326,236.220472,0 W,0.00 W/m²,0 W,0.00 W/m²,28.6 m²,By Space Type,0,By Space Type,0.0,0.0,0.0,-2000160,,,,0,-1,8.6,11.06.2026,,,,,,,Clinical Support Areas,,WBH.IPG.02.003,112494,21/07/2026,SSTN-10,10,,Refer to AusHFG SSTN-10,,SC,By Type,,,By Space Type,1hDJ_zFpL2cvm3q70so19z,59 W,Power Density,2438,"Staff Station, 10m2",IPG.09.321,0,,,,IPG,,,WBH-W-09.321,"Staff Station, 10m2",02,,,,2 workstations,0,New Construction,20.00%,Power Density,,No,0,,73 W,0.0,0 W,10.76 W/m²,0 W,13.99 W/m²,132 W,2438,LEVEL 09,0.0,AR Rooms
2026-08-01 19:58:17,11608888,NWB-ARC-WBH-AR-MOD-0036.rvt : 26 : location Internal,NWB-ARC-WBH-AR-MOD-0036,22499397,6b353fbd-3f35-429b-9c03-d070379f3738-01572fbc,IPG.09.361,"1 Bed Room, Gynaecology",LEVEL 09,New Construction,Inpatient Gynaecology,IPG,,,,17.5 m²,17382,329.869479,285.608645,236.220472,0 W,0.00 W/m²,0 W,0.00 W/m²,28.6 m²,By Space Type,0,By Space Type,0.0,0.0,0.0,-2000160,,,,0,-1,0,11.06.2026,,,FLVY-500,,,,Patient Areas,,WBH.IPG.01.085,118080,21/07/2026,1BR-ST-A1,0,,NWB-ARC-WBH-AR-RLS-IPG.01.007,,,By Type,,,By Space Type,1hDJ_zFpL2cvm3q70so1Y4,59 W,Power Density,2438,"1 Bed Room, Gynaecology",IPG.09.361,0,,,,IPG,,,WBH-W-09.361,"1 Bed Room, Gynaecology",01,,,,1 patient; 1-2 staff; 1-2 visitors,0,New Construction,20.00%,Power Density,,0,0,,73 W,0.0,0 W,10.76 W/m²,0 W,13.99 W/m²,132 W,2438,LEVEL 09,0.0,AR Rooms
2026-08-01 19:58:17,11608888,NWB-ARC-WBH-AR-MOD-0036.rvt : 26 : location Internal,NWB-ARC-WBH-AR-MOD-0036,22499399,6b353fbd-3f35-429b-9c03-d070379f3738-01572fc2,IPG.09.312,"1 Bed Room, Gynaecology",LEVEL 09,New Construction,Inpatient Gynaecology,IPG,,,,17.8 m²,18323,315.063856,293.267825,236.220472,0 W,0.00 W/m²,0 W,0.00 W/m²,28.6 m²,By Space Type,0,By Space Type,0.0,0.0,0.0,-2000160,,,,0,-1,0,11.06.2026,,,,,,,Patient Areas,,WBH.IPG.01.084,118079,21/07/2026,1BR-ST-A1,0,,NWB-ARC-WBH-AR-RLS-IPG.01.084,,,By Type,,,By Space Type,1hDJ_zFpL2cvm3q70so1Zw,59 W,Power Density,2438,"1 Bed Room, Gynaecology",IPG.09.312,0,,,,IPG,,,WBH-W-09.312,"1 Bed Room, Gynaecology",01,,,,1 patient; 1-2 staff; 1-2 visitors,0,New Construction,20.00%,Power Density,,Yes,0,,73 W,0.0,0 W,10.76 W/m²,0 W,13.99 W/m²,132 W,2438,LEVEL 09,0.0,AR Rooms
2026-08-01 19:58:17,11608888,NWB-ARC-WBH-AR-MOD-0036.rvt : 26 : location Internal,NWB-ARC-WBH-AR-MOD-0036,22501575,6df4b09c-9afd-4e31-b078-daea3d420fad-0157542e,IP3.11.138,Pantry,LEVEL 11,New Construction,Inpatient Obstetric 3,IP4,,,,8.8 m²,11920,309.079103,332.828918,265.748031,0 W,0.00 W/m²,0 W,0.00 W/m²,28.6 m²,By Space Type,0,By Space Type,0.0,0.0,0.0,-2000160,,,,0,-1,-1.777778,11.06.2026,,,,,,,Clinical Support Areas,,WBH.IP3.02.027,112787,21/07/2026,PTRY,9,,NWB-ARC-WBH-AR-RLS-IP1.02.037,,SC,By Type,,,By Space Type,1jzB2SclrECR1uskey5Lk3,59 W,Power Density,2438,Pantry,IP3.11.138,0,,,,IP4,,,WBH-W-11.296,Pantry,02,,,,1-2 staff intermittently,0,New Construction,20.00%,Power Density,,0,0,,73 W,0.0,0 W,10.76 W/m²,0 W,13.99 W/m²,132 W,2438,LEVEL 11,0.0,AR Rooms
2026-08-01 19:58:17,11608888,NWB-ARC-WBH-AR-MOD-0036.rvt : 26 : location Internal,NWB-ARC-WBH-AR-MOD-0036,22505559,87df475a-ee0b-458e-b483-134d4e47d862-01575b0f,TRA.11.T06,Travel,LEVEL 11,New Construction,Travel,TRA,,,,21.8 m²,21665,233.983461,297.24038,265.748031,0 W,0.00 W/m²,0 W,0.00 W/m²,28.6 m²,By Space Type,0,By Space Type,0.0,0.0,0.0,-2000160,,RESTRICTED - ORANGE,,0,-1,0.0,11.06.2026,,,,,,,Horizontal Travel,,WBH.TRA.HT.281,117698,21/07/2026,TRAVEL,0.0,,-,,T&E,By Type,,,By Space Type,27tqTQxWj5ZhI34qrF48Dj,59 W,Power Density,2700,Travel,TRA.11.T06,0,,,,TRA,,,WBH-W-11.T06,Travel,HT,,,,,0,New Construction,20.00%,Power Density,,0,0,,73 W,0.0,0 W,10.76 W/m²,0 W,13.99 W/m²,132 W,2700,LEVEL 11,0.0,AR Rooms
2026-08-01 19:58:17,11608888,NWB-ARC-WBH-AR-MOD-0036.rvt : 26 : location Internal,NWB-ARC-WBH-AR-MOD-0036,22599235,93ed0833-a558-4ee9-8890-1bee490adde8-0158d643,IP3.11.143,Milk Room,LEVEL 11,New Construction,Inpatient Obstetric 3,IP3,,,,8.5 m²,11871,243.323491,365.412412,265.748031,0 W,0.00 W/m²,0 W,0.00 W/m²,28.6 m²,By Space Type,0,By Space Type,0.0,0.0,0.0,-2000160,"CEILING: acoustic, drop-in tiles, 600 x 1200",,,0,-1,-14.6,11.06.2026,CLTI-002,,FLVY-003,,FLSK-010,WLFI-001,Clinical Support Areas,,WBH.IP3.02.033,112793,21/07/2026,MILK,10,,NWB-ARC-WBH-AR-RLS-IP1.02.040,,PS,By Type,"FLOOR FINISH: vinyl, seamless, coved, non slip",Refer to Typical Room,By Space Type,2JxGWpfLXEwOYG6_v8KWkh,59 W,Power Density,2700,Milk Room,IP3.11.143,0,Rooms,AROO,Rooms,IP3,8.528637000006219,Architecture,WBH-W-11.143,Milk Room,02,YES,SL_90_10,Room Spaces,Up to 2,0,New Construction,20.00%,Power Density,,0,0,PS-MILK,73 W,0.0,0 W,10.76 W/m²,0 W,13.99 W/m²,132 W,2700,LEVEL 11,0.0,AR Rooms
2026-08-01 19:58:17,11608888,NWB-ARC-WBH-AR-MOD-0036.rvt : 26 : location Internal,NWB-ARC-WBH-AR-MOD-0036,23155032,e26aa44d-f28c-478c-8d8b-0e9ffaf2161a-016133d2,ENG.09.905,Electrical Distribution Board,LEVEL 09,New Construction,Engineering,ENG,,,,1.2 m²,5442,223.447386,406.315204,236.220472,0 W,0.00 W/m²,0 W,0.00 W/m²,28.6 m²,By Space Type,0,By Space Type,0.0,0.0,0.0,-2000160,,,,0,-1,0.0,11.06.2026,,,,,,,Electrical,,WBH.ENG.EL.250,118148,21/07/2026,EDB,0.0,ENGINEERING,-,,T&E,By Type,,,By Space Type,3YQgHDyen7Z8sB3f$xaoN8,59 W,Power Density,2438,Electrical Distribution Board,ENG.09.905,0,,,,ENG,,,WBH-W-09.905,Electrical Distribution Board,EL,,,,,0,New Construction,20.00%,Power Density,,0,0,,73 W,0.0,0 W,10.76 W/m²,0 W,13.99 W/m²,132 W,2438,LEVEL 09,0.0,AR Rooms
2026-08-01 19:58:17,11608888,NWB-ARC-WBH-AR-MOD-0036.rvt : 26 : location Internal,NWB-ARC-WBH-AR-MOD-0036,23155034,e26aa44d-f28c-478c-8d8b-0e9ffaf2161a-016133e0,ENG.09.901,Electrical Distribution Board,LEVEL 09,New Construction,Engineering,ENG,,,,1.3 m²,5480,244.99041,400.754728,236.220472,0 W,0.00 W/m²,0 W,0.00 W/m²,28.6 m²,By Space Type,0,By Space Type,0.0,0.0,0.0,-2000160,,,,0,-1,0.0,11.06.2026,,,,,,,Electrical,,WBH.ENG.EL.251,118149,21/07/2026,EDB,0.0,ENGINEERING,-,,T&E,By Type,,,By Space Type,3YQgHDyen7Z8sB3f$xaoNw,59 W,Power Density,2438,Electrical Distribution Board,ENG.09.901,0,,,,ENG,,,WBH-W-09.901,Electrical Distribution Board,EL,,,,,0,New Construction,20.00%,Power Density,,0,0,,73 W,0.0,0 W,10.76 W/m²,0 W,13.99 W/m²,132 W,2438,LEVEL 09,0.0,AR Rooms
2026-08-01 19:58:17,11608888,NWB-ARC-WBH-AR-MOD-0036.rvt : 26 : location Internal,NWB-ARC-WBH-AR-MOD-0036,23155036,e26aa44d-f28c-478c-8d8b-0e9ffaf2161a-016133e3,ENG.09.908,Electrical Distribution Board,LEVEL 09,New Construction,Engineering,ENG,,,,1.2 m²,5416,235.384123,440.944961,236.220472,0 W,0.00 W/m²,0 W,0.00 W/m²,28.6 m²,By Space Type,0,By Space Type,0.0,0.0,0.0,-2000160,,,,0,-1,0.0,11.06.2026,,,,,,,Electrical,,WBH.ENG.EL.294,118274,21/07/2026,EDB,0.0,,,,T&E,By Type,,,By Space Type,3YQgHDyen7Z8sB3f$xaoNv,59 W,Power Density,2438,Electrical Distribution Board,ENG.09.908,0,,,,ENG,,,WBH-W-09.907,Electrical Distribution Board,EL,,,,,0,New Construction,20.00%,Power Density,,0,0,,73 W,0.0,0 W,10.76 W/m²,0 W,13.99 W/m²,132 W,2438,LEVEL 09,0.0,AR Rooms
2026-08-01 19:58:17,11608888,NWB-ARC-WBH-AR-MOD-0036.rvt : 26 : location Internal,NWB-ARC-WBH-AR-MOD-0036,23155038,e26aa44d-f28c-478c-8d8b-0e9ffaf2161a-016133ec,ENG.10.902,Electrical Distribution Board,LEVEL 10,New Construction,Engineering,ENG,,,,1.2 m²,5572,228.02388,365.198636,250.984252,0 W,0.00 W/m²,0 W,0.00 W/m²,28.6 m²,By Space Type,0,By Space Type,0.0,0.0,0.0,-2000160,,,,0,-1,0.0,11.06.2026,,,,,,,Electrical,,WBH.ENG.EL.252,118150,21/07/2026,EDB,0.0,ENGINEERING,-,,T&E,By Type,,,By Space Type,3YQgHDyen7Z8sB3f$xaoNs,59 W,Power Density,2438,Electrical Distribution Board,ENG.10.902,0,,,,ENG,,,WBH-W-10.902,Electrical Distribution Board,EL,,,,,0,New Construction,20.00%,Power Density,,0,0,,73 W,0.0,0 W,10.76 W/m²,0 W,13.99 W/m²,132 W,2438,LEVEL 10,0.0,AR Rooms
2026-08-01 19:58:17,11608888,NWB-ARC-WBH-AR-MOD-0036.rvt : 26 : location Internal,NWB-ARC-WBH-AR-MOD-0036,23155040,e26aa44d-f28c-478c-8d8b-0e9ffaf2161a-016133f8,ENG.11.902,Electrical Distribution Board,LEVEL 11,New Construction,Engineering,ENG,,,,1.2 m²,5562,228.084779,365.658799,265.748031,0 W,0.00 W/m²,0 W,0.00 W/m²,28.6 m²,By Space Type,0,By Space Type,0.0,0.0,0.0,-2000160,,,,0,-1,0.0,11.06.2026,,,,,,,Electrical,,WBH.ENG.EL.253,118155,21/07/2026,EDB,0.0,ENGINEERING,-,,T&E,By Type,,,By Space Type,3YQgHDyen7Z8sB3f$xaoNY,59 W,Power Density,2438,Electrical Distribution Board,ENG.11.902,0,,,,ENG,,,WBH-W-11.902,Electrical Distribution Board,EL,,,,,0,New Construction,20.00%,Power Density,,0,0,,73 W,0.0,0 W,10.76 W/m²,0 W,13.99 W/m²,132 W,2438,LEVEL 11,0.0,AR Rooms
2026-08-01 19:58:17,11608888,NWB-ARC-WBH-AR-MOD-0036.rvt : 26 : location Internal,NWB-ARC-WBH-AR-MOD-0036,23689312,d3c2c36e-e82d-4287-b196-dfcae3e4723a-01697860,HDU.09.C25,Corridor,LEVEL 09,New Construction,High Dependency Unit,HDU,,,,120.5 m²,96600,302.948573,435.469286,236.220472,0 W,0.00 W/m²,0 W,0.00 W/m²,28.6 m²,By Space Type,0,By Space Type,0.0,0.0,0.0,-2000160,,SECURE - YELLOW,,0,-1,0.0,11.06.2026,,,,,,,Intradepartmental Circulation,,WBH.HDU.IC.008,116923,21/07/2026,CORR,0.0,,-,,Circulation,By Type,,,By Space Type,3JmiDkw2r2Xx6MtyhYZGfQ,59 W,Power Density,2438,Corridor,HDU.09.C25,0,,,,HDU,,,WBH-W-09.C01,Corridor,IC,,,,,0,New Construction,20.00%,Power Density,,0,0,,73 W,0.0,0 W,10.76 W/m²,0 W,13.99 W/m²,132 W,2438,LEVEL 09,0.0,AR Rooms
2026-08-01 19:58:17,11608888,NWB-ARC-WBH-AR-MOD-0036.rvt : 26 : location Internal,NWB-ARC-WBH-AR-MOD-0036,23704225,2e7678b6-b849-4d0a-abaf-858fa959f9d2-0169b2a1,HDU.09.C24,Corridor,LEVEL 09,New Construction,High Dependency Unit,HDU,,,,120.1 m²,97474,338.38903,406.455094,236.220472,0 W,0.00 W/m²,0 W,0.00 W/m²,28.6 m²,By Space Type,0,By Space Type,0.0,0.0,0.0,-2000160,,SECURE - YELLOW,,0,-1,-55.893159,11.06.2026,,,FLVY-007,FLVY-007,,,Intradepartmental Circulation,,WBH.HDU.IC.001,107768,21/07/2026,CORR,272.18,,-,,Circulation,By Type,,,By Space Type,0kTdYsk4bD2gklXO_eC4jp,59 W,Power Density,2438,Corridor,HDU.09.C24,0,,,,HDU,,,WBH-W-09.C02,Corridor,IC,,,,,0,New Construction,20.00%,Power Density,,0,0,,73 W,0.0,0 W,10.76 W/m²,0 W,13.99 W/m²,132 W,2438,LEVEL 09,0.0,AR Rooms
2026-08-01 19:58:17,11608888,NWB-ARC-WBH-AR-MOD-0036.rvt : 26 : location Internal,NWB-ARC-WBH-AR-MOD-0036,23704228,2e7678b6-b849-4d0a-abaf-858fa959f9d2-0169b2a4,HDU.09.C22,Corridor,LEVEL 09,New Construction,High Dependency Unit,HDU,,,,8.3 m²,11581,299.593849,395.775475,236.220472,0 W,0.00 W/m²,0 W,0.00 W/m²,28.6 m²,By Space Type,0,By Space Type,0.0,0.0,0.0,-2000160,,SECURE - YELLOW,,0,-1,0.0,11.06.2026,,,,,,,Intradepartmental Circulation,,WBH.HDU.IC.007,116159,21/07/2026,CORR,0.0,,-,,Circulation,By Type,,,By Space Type,0kTdYsk4bD2gklXO_eC4js,59 W,Power Density,2438,Corridor,HDU.09.C22,0,,,,HDU,,,WBH-W-XX.Cxx,Corridor,IC,,,,,0,New Construction,20.00%,Power Density,,0,0,,73 W,0.0,0 W,10.76 W/m²,0 W,13.99 W/m²,132 W,2438,LEVEL 09,0.0,AR Rooms
2026-08-01 19:58:17,11608888,NWB-ARC-WBH-AR-MOD-0036.rvt : 26 : location Internal,NWB-ARC-WBH-AR-MOD-0036,23704231,2e7678b6-b849-4d0a-abaf-858fa959f9d2-0169b2a7,HDU.09.C19,Corridor,LEVEL 09,New Construction,High Dependency Unit,HDU,,,,16.3 m²,17723,300.520129,421.080884,236.220472,0 W,0.00 W/m²,0 W,0.00 W/m²,28.6 m²,By Space Type,0,By Space Type,0.0,0.0,0.0,-2000160,,SECURE - YELLOW,,0,-1,0.0,11.06.2026,,,,,,,Intradepartmental Circulation,,WBH.HDU.IC.006,116158,21/07/2026,CORR,0.0,,-,,Circulation,By Type,,,By Space Type,0kTdYsk4bD2gklXO_eC4jr,59 W,Power Density,2438,Corridor,HDU.09.C19,0,,,,HDU,,,WBH-W-09.C19,Corridor,IC,,,,,0,New Construction,20.00%,Power Density,,0,0,,73 W,0.0,0 W,10.76 W/m²,0 W,13.99 W/m²,132 W,2438,LEVEL 09,0.0,AR Rooms
2026-08-01 19:58:17,11608888,NWB-ARC-WBH-AR-MOD-0036.rvt : 26 : location Internal,NWB-ARC-WBH-AR-MOD-0036,23704234,2e7678b6-b849-4d0a-abaf-858fa959f9d2-0169b2aa,HDU.09.C26,Corridor,LEVEL 09,New Construction,High Dependency Unit,HDU,,,,16.6 m²,18069,387.611028,421.080884,236.220472,0 W,0.00 W/m²,0 W,0.00 W/m²,28.6 m²,By Space Type,0,By Space Type,0.0,0.0,0.0,-2000160,,SECURE - YELLOW,,0,-1,0.0,11.06.2026,,,,,,,Intradepartmental Circulation,,WBH.HDU.IC.003,116155,21/07/2026,CORR,0.0,,-,,Circulation,By Type,,,By Space Type,0kTdYsk4bD2gklXO_eC4ju,59 W,Power Density,2438,Corridor,HDU.09.C26,0,,,,HDU,,,WBH-W-09.C15,Corridor,IC,,,,,0,New Construction,20.00%,Power Density,,0,0,,73 W,0.0,0 W,10.76 W/m²,0 W,13.99 W/m²,132 W,2438,LEVEL 09,0.0,AR Rooms
2026-08-01 19:58:17,11608888,NWB-ARC-WBH-AR-MOD-0036.rvt : 26 : location Internal,NWB-ARC-WBH-AR-MOD-0036,25797047,47f90929-1ce2-436a-97dd-3c5011e47bde-01896617,HDU.09.145,"Bay - Multifunction Device, 3m2",LEVEL 09,New Construction,High Dependency Unit,High Dependency Unit,,,,2.2 m²,6332,322.144374,412.037148,236.220472,0 W,0.00 W/m²,0 W,0.00 W/m²,28.6 m²,By Space Type,0,By Space Type,0.0,0.0,0.0,-2000160,,,,0,-1,0.0,11.06.2026,,,,,,,Staff Areas,,WBH.HDU.05.030,118295,21/07/2026,BMFD-3,0.0,,,,,By Type,,,By Space Type,17_Gaf7E93QfVTF50GRHt9,59 W,Power Density,2438,"Bay - Multifunction Device, 3m2",HDU.09.145,0,,,,,,,,,,,,,1 staff intermittently,0,New Construction,20.00%,Power Density,,0,0,,73 W,0.0,0 W,10.76 W/m²,0 W,13.99 W/m²,132 W,2438,LEVEL 09,0.0,AR Rooms
2026-08-01 19:58:17,11608888,NWB-ARC-WBH-AR-MOD-0036.rvt : 26 : location Internal,NWB-ARC-WBH-AR-MOD-0036,26793223,bae98ff5-154d-4dc6-a5d2-87886ab7c954-0198c244,ENG.09.912,Fire Hose Cupboard,LEVEL 09,New Construction,Engineering,Engineering,,,,0.3 m²,2324,295.808386,440.572634,236.220472,0 W,0.00 W/m²,0 W,0.00 W/m²,28.6 m²,By Space Type,0,By Space Type,0.0,0.0,0.0,-2000160,,,,0,-1,0.0,11.06.2026,,,,,,,Fire Services,,WBH.ENG.FS.140,118321,21/07/2026,FH,0.0,,,,,By Type,,,By Space Type,2wwO$r5KrDngNIXuXhBmiG,59 W,Power Density,2438,Fire Hose Cupboard,ENG.09.912,0,,,,,,,,,,,,,,0,New Construction,20.00%,Power Density,,0,0,,73 W,0.0,0 W,10.76 W/m²,0 W,13.99 W/m²,132 W,2438,LEVEL 09,0.0,AR FFE
2026-08-01 19:58:17,11608888,NWB-ARC-WBH-AR-MOD-0036.rvt : 26 : location Internal,NWB-ARC-WBH-AR-MOD-0036,26793229,bae98ff5-154d-4dc6-a5d2-87886ab7c954-0198c4fa,ENG.09.913,Fire Hose Cupboard,LEVEL 09,New Construction,Engineering,Engineering,,,,0.3 m²,2172,225.934003,427.030463,236.220472,0 W,0.00 W/m²,0 W,0.00 W/m²,28.6 m²,By Space Type,0,By Space Type,0.0,0.0,0.0,-2000160,,,,0,-1,0.0,11.06.2026,,,,,,,Fire Services,,WBH.ENG.FS.141,118322,21/07/2026,FH,0.0,,,,,By Type,,,By Space Type,2wwO$r5KrDngNIXuXhBmsk,59 W,Power Density,2438,Fire Hose Cupboard,ENG.09.913,0,,,,,,,,,,,,,,0,New Construction,20.00%,Power Density,,0,0,,73 W,0.0,0 W,10.76 W/m²,0 W,13.99 W/m²,132 W,2438,LEVEL 09,0.0,AR FFE
2026-08-01 19:58:17,11608888,NWB-ARC-WBH-AR-MOD-0036.rvt : 26 : location Internal,NWB-ARC-WBH-AR-MOD-0036,26793261,bae98ff5-154d-4dc6-a5d2-87886ab7c954-0198c6f3,ENG.09.911,Fire Hose Cupboard,LEVEL 09,New Construction,Engineering,Engineering,,,,0.3 m²,2345,324.690496,249.727856,236.220472,0 W,0.00 W/m²,0 W,0.00 W/m²,28.6 m²,By Space Type,0,By Space Type,0.0,0.0,0.0,-2000160,,,,0,-1,0.0,11.06.2026,,,,,,,Fire Services,,WBH.ENG.FS.142,118323,21/07/2026,FH,0.0,,,,,By Type,,,By Space Type,2wwO$r5KrDngNIXuXhBm_d,59 W,Power Density,2438,Fire Hose Cupboard,ENG.09.911,0,,,,,,,,,,,,,,0,New Construction,20.00%,Power Density,,0,0,,73 W,0.0,0 W,10.76 W/m²,0 W,13.99 W/m²,132 W,2438,LEVEL 09,0.0,AR FFE
2026-08-01 19:58:17,11608888,NWB-ARC-WBH-AR-MOD-0036.rvt : 26 : location Internal,NWB-ARC-WBH-AR-MOD-0036,26793266,bae98ff5-154d-4dc6-a5d2-87886ab7c954-0198c7a6,ENG.09.910,Fire Hose Cupboard,LEVEL 09,New Construction,Engineering,Engineering,,,,0.3 m²,2116,238.686835,271.952356,236.220472,0 W,0.00 W/m²,0 W,0.00 W/m²,28.6 m²,By Space Type,0,By Space Type,0.0,0.0,0.0,-2000160,,,,0,-1,0.0,11.06.2026,,,,,,,Fire Services,,WBH.ENG.FS.143,118324,21/07/2026,FH,0.0,,,,,By Type,,,By Space Type,2wwO$r5KrDngNIXuXhBmxo,59 W,Power Density,2438,Fire Hose Cupboard,ENG.09.910,0,,,,,,,,,,,,,,0,New Construction,20.00%,Power Density,,0,0,,73 W,0.0,0 W,10.76 W/m²,0 W,13.99 W/m²,132 W,2438,LEVEL 09,0.0,AR FFE
2026-08-01 19:58:17,11608888,NWB-ARC-WBH-AR-MOD-0036.rvt : 26 : location Internal,NWB-ARC-WBH-AR-MOD-0036,26835915,60f96dd9-c3d1-4f0e-8c6a-0e39454e7107-0198d95d,ENG.10.906,Fire Hose Cupboard,LEVEL 10,New Construction,Engineering,Engineering,,,,0.3 m²,2482,321.301248,249.715202,250.984252,0 W,0.00 W/m²,0 W,0.00 W/m²,28.6 m²,By Space Type,0,By Space Type,0.0,0.0,0.0,-2000160,,,,0,-1,0.0,11.06.2026,,,,,,,Fire Services,,WBH.ENG.FS.151,118332,21/07/2026,FH,0.0,,,,,By Type,,,By Space Type,1W_MtPmz5F3eng3Zb4rgXQ,59 W,Power Density,2438,Fire Hose Cupboard,ENG.10.906,0,,,,,,,,,,,,,,0,New Construction,20.00%,Power Density,,0,0,,73 W,0.0,0 W,10.76 W/m²,0 W,13.99 W/m²,132 W,2438,LEVEL 10,0.0,AR FFE
2026-08-01 19:58:17,11608888,NWB-ARC-WBH-AR-MOD-0036.rvt : 26 : location Internal,NWB-ARC-WBH-AR-MOD-0036,26835942,60f96dd9-c3d1-4f0e-8c6a-0e39454e7107-0198e02f,ENG.10.908,Fire Hose Cupboard,LEVEL 10,New Construction,Engineering,Engineering,,,,0.4 m²,2689,238.636308,275.617781,250.984252,0 W,0.00 W/m²,0 W,0.00 W/m²,28.6 m²,By Space Type,0,By Space Type,0.0,0.0,0.0,-2000160,,,,0,-1,0.0,11.06.2026,,,,,,,Fire Services,,WBH.ENG.FS.155,118352,21/07/2026,FH,0.0,,,,,By Type,,,By Space Type,1W_MtPmz5F3eng3Zb4rf4e,59 W,Power Density,2438,Fire Hose Cupboard,ENG.10.908,0,,,,,,,,,,,,,,0,New Construction,20.00%,Power Density,,0,0,,73 W,0.0,0 W,10.76 W/m²,0 W,13.99 W/m²,132 W,2438,LEVEL 10,0.0,AR FFE
2026-08-01 19:58:17,11608888,NWB-ARC-WBH-AR-MOD-0036.rvt : 26 : location Internal,NWB-ARC-WBH-AR-MOD-0036,26835963,60f96dd9-c3d1-4f0e-8c6a-0e39454e7107-0198e335,ENG.10.909,Fire Hose Cupboard,LEVEL 10,New Construction,Engineering,Engineering,,,,0.5 m²,2767,238.557567,415.00224,250.984252,0 W,0.00 W/m²,0 W,0.00 W/m²,28.6 m²,By Space Type,0,By Space Type,0.0,0.0,0.0,-2000160,,,,0,-1,0.0,11.06.2026,,,,,,,Fire Services,,WBH.ENG.FS.153,118350,21/07/2026,FH,0.0,,,,,By Type,,,By Space Type,1W_MtPmz5F3eng3Zb4rf8o,59 W,Power Density,2438,Fire Hose Cupboard,ENG.10.909,0,,,,,,,,,,,,,,0,New Construction,20.00%,Power Density,,0,0,,73 W,0.0,0 W,10.76 W/m²,0 W,13.99 W/m²,132 W,2438,LEVEL 10,0.0,AR FFE
2026-08-01 19:58:17,11608888,NWB-ARC-WBH-AR-MOD-0036.rvt : 26 : location Internal,NWB-ARC-WBH-AR-MOD-0036,26835976,60f96dd9-c3d1-4f0e-8c6a-0e39454e7107-0198e5dd,ENG.10.907,Fire Hose Cupboard,LEVEL 10,New Construction,Engineering,Engineering,,,,0.4 m²,2750,321.377289,427.380493,250.984252,0 W,0.00 W/m²,0 W,0.00 W/m²,28.6 m²,By Space Type,0,By Space Type,0.0,0.0,0.0,-2000160,,,,0,-1,0.0,11.06.2026,,,,,,,Fire Services,,WBH.ENG.FS.154,118351,21/07/2026,FH,0.0,,,,,By Type,,,By Space Type,1W_MtPmz5F3eng3Zb4rfJQ,59 W,Power Density,2438,Fire Hose Cupboard,ENG.10.907,0,,,,,,,,,,,,,,0,New Construction,20.00%,Power Density,,0,0,,73 W,0.0,0 W,10.76 W/m²,0 W,13.99 W/m²,132 W,2438,LEVEL 10,0.0,AR FFE
2026-08-01 19:58:17,11608888,NWB-ARC-WBH-AR-MOD-0036.rvt : 26 : location Internal,NWB-ARC-WBH-AR-MOD-0036,26835995,60f96dd9-c3d1-4f0e-8c6a-0e39454e7107-0198e945,ENG.11.904,Fire Hose Cupboard,LEVEL 11,New Construction,Engineering,Engineering,,,,0.5 m²,2967,238.507891,414.861548,265.748031,0 W,0.00 W/m²,0 W,0.00 W/m²,28.6 m²,By Space Type,0,By Space Type,0.0,0.0,0.0,-2000160,,,,0,-1,0.0,11.06.2026,,,,,,,Fire Services,,WBH.ENG.FS.163,118360,21/07/2026,FH,0.0,,,,,By Type,,,By Space Type,1W_MtPmz5F3eng3Zb4rfX2,59 W,Power Density,2438,Fire Hose Cupboard,ENG.11.904,0,,,,,,,,,,,,,,0,New Construction,20.00%,Power Density,,0,0,,73 W,0.0,0 W,10.76 W/m²,0 W,13.99 W/m²,132 W,2438,LEVEL 11,0.0,AR FFE
2026-08-01 19:58:17,11608888,NWB-ARC-WBH-AR-MOD-0036.rvt : 26 : location Internal,NWB-ARC-WBH-AR-MOD-0036,26836729,ce6a504c-e1dd-4fa4-9a63-efccb7f86846-01997ef9,ENG.11.903,Fire Hose Cupboard,LEVEL 11,New Construction,Engineering,Engineering,,,,0.4 m²,2763,321.527707,249.719736,265.748031,0 W,0.00 W/m²,0 W,0.00 W/m²,28.6 m²,By Space Type,0,By Space Type,0.0,0.0,0.0,-2000160,,,,0,-1,0.0,11.06.2026,,,,,,,Fire Services,,WBH.ENG.FS.162,118359,21/07/2026,FH,0.0,,,,,By Type,,,By Space Type,3EQb1CuTrFf9fZxyosOHQ$,59 W,Power Density,2438,Fire Hose Cupboard,ENG.11.903,0,,,,,,,,,,,,,,0,New Construction,20.00%,Power Density,,0,0,,73 W,0.0,0 W,10.76 W/m²,0 W,13.99 W/m²,132 W,2438,LEVEL 11,0.0,AR FFE
2026-08-01 19:58:17,11608888,NWB-ARC-WBH-AR-MOD-0036.rvt : 26 : location Internal,NWB-ARC-WBH-AR-MOD-0036,27652175,2a5a6b97-cbc8-4feb-a249-d3557d58b676-01a5ca45,HDU.09.131,"Meeting Room, 20m2",LEVEL 09,New Construction,High Dependency Unit,HDU,,,,20.6 m²,18287,203.076785,447.313171,236.220472,0 W,0.00 W/m²,0 W,0.00 W/m²,28.6 m²,By Space Type,0,By Space Type,0.0,0.0,0.0,-2000160,"CEILING: acoustic, drop-in tiles, 600 x 1200",,,0,-1,3.05,11.06.2026,CLTI-002,,FLCP-006,,FLSK-009,WLFI-001,Staff Areas,,WBH.HDU.05.012,107765,21/07/2026,MEET-20,20,,Refer to AusHFG MEET-20,,SC,By Type,FLOOR FINISH: carpet tiles,,By Space Type,0gMckNoyXFww99qrLy$Nmp,59 W,Power Density,2700,"Meeting Room, 20m2",HDU.09.131,0,Rooms,AROO,Rooms,HDU,31.412823249998056,Architecture,WBH-W-09.131,"Meeting Room, 20m2",05,YES,SL_90_10,Room Spaces,Up to 12 seated,0,New Construction,20.00%,Power Density,D40_Done,0,0,SC,73 W,0.0,0 W,10.76 W/m²,0 W,13.99 W/m²,132 W,2700,LEVEL 09,0.0,AR Rooms
2026-08-01 19:58:17,11608888,NWB-ARC-WBH-AR-MOD-0036.rvt : 26 : location Internal,NWB-ARC-WBH-AR-MOD-0036,27652183,2a5a6b97-cbc8-4feb-a249-d3557d58b676-01a5ca4d,ETC.09.012,Bay - Linen Skips,LEVEL 09,New Construction,Education & Training Centre,ETC,,,,2.8 m²,7824,177.708694,437.156057,236.220472,0 W,0.00 W/m²,0 W,0.00 W/m²,28.6 m²,By Space Type,0,By Space Type,0.0,0.0,0.0,-2000160,"CEILING: plasterboard, drop-in tiles, prefinished, 600 x 1200",,,0,-1,40.5,11.06.2026,CLTI-008,,FLVY-007,,FLSK-010,WLFI-001,Shared Staff Amenities,Overnight Area,WBH.ETC.02.014,107198,21/07/2026,BLIN,2,,NWB-ARC-WBH-AR-RLS-ETC.02.014,,DR,By Type,"FLOOR FINISH: vinyl, seamless, coved, standard slip resistant",Typical Room,By Space Type,0gMckNoyXFww99qrLy$Nmx,59 W,Power Density,2700,Bay - Linen Skips,ETC.09.012,0,Rooms,AROO,Rooms,ETC,2.621397000000576,Architecture,WBH-W-09.012,Bay - Linen Skips,02,YES,SL_90_10,Room Spaces,,0,New Construction,20.00%,Power Density,,Yes,0,DR,73 W,0.0,0 W,10.76 W/m²,0 W,13.99 W/m²,132 W,2700,LEVEL 09,0.0,AR Rooms
2026-08-01 19:58:17,11608888,NWB-ARC-WBH-AR-MOD-0036.rvt : 26 : location Internal,NWB-ARC-WBH-AR-MOD-0036,27652200,2a5a6b97-cbc8-4feb-a249-d3557d58b676-01a5ca5f,ETC.09.008,Student Workroom,LEVEL 09,New Construction,Education & Training Centre,ETC,,,,33.1 m²,23221,175.403543,396.258049,236.220472,0 W,0.00 W/m²,0 W,0.00 W/m²,28.6 m²,By Space Type,0,By Space Type,0.0,0.0,0.0,-2000160,"CEILING: acoustic, drop-in tiles, 600 x 1200",,,0,-1,10.2,11.06.2026,CLTI-002,,FLVY-500,,FLSK-010,WLFI-001,Shared Staff Amenities,,WBH.ETC.02.003,107187,21/07/2026,STUDENT WKRM,30,,NWB-ARC-WBH-AR-RLS-ETC.02.003,,DR,By Type,"FLOOR FINISH: vinyl, seamless, coved, standard slip resistant, feature",Typical Room,By Space Type,0gMckNoyXFww99qrLy$Nmf,59 W,Power Density,2700,Student Workroom,ETC.09.008,0,Rooms,AROO,Rooms,ETC,27.771747499999634,Architecture,WBH-W-09.008,Student Workroom,02,YES,SL_90_10,Room Spaces,4 workstations,0,New Construction,20.00%,Power Density,,Yes,0,DR,73 W,0.0,0 W,10.76 W/m²,0 W,13.99 W/m²,132 W,2700,LEVEL 09,0.0,AR Rooms
2026-08-01 19:58:17,11608888,NWB-ARC-WBH-AR-MOD-0036.rvt : 26 : location Internal,NWB-ARC-WBH-AR-MOD-0036,27652201,2a5a6b97-cbc8-4feb-a249-d3557d58b676-01a5ca60,ETC.09.016,"Bay - Beverage, Staff",LEVEL 09,New Construction,Education & Training Centre,ETC,,,,5.5 m²,13875,209.507874,395.177012,236.220472,0 W,0.00 W/m²,0 W,0.00 W/m²,28.6 m²,By Space Type,0,By Space Type,0.0,0.0,0.0,-2000160,"CEILING: acoustic, drop-in tiles, 600 x 1200",,,0,-1,-8.833333,11.06.2026,CLTI-002,,FLVY-007,,FLSK-010,WLFI-001,Shared Staff Amenities,,WBH.ETC.02.061,112339,21/07/2026,BBEV,6,,NWB-ARC-WBH-AR-RLS-ETC.02.061,,DR,By Type,"FLOOR FINISH: vinyl, seamless, coved, standard slip resistant",Typical Room,By Space Type,0gMckNoyXFww99qrLy$NmM,59 W,Power Density,2700,"Bay - Beverage, Staff",ETC.09.016,0,Rooms,AROO,Rooms,ETC,6.041699999997319,Architecture,WBH-W-09.016,"Bay - Beverage, Staff",02,YES,SL_90_10,Room Spaces,1-2 intermittently,0,New Construction,20.00%,Power Density,,Yes,0,DR,73 W,0.0,0 W,10.76 W/m²,0 W,13.99 W/m²,132 W,2700,LEVEL 09,0.0,AR Rooms
2026-08-01 19:58:17,11608888,NWB-ARC-WBH-AR-MOD-0036.rvt : 26 : location Internal,NWB-ARC-WBH-AR-MOD-0036,27652202,2a5a6b97-cbc8-4feb-a249-d3557d58b676-01a5ca61,ETC.09.017,"Bedroom, Overnight Stay",LEVEL 09,New Construction,Education & Training Centre,ETC,,,,8.3 m²,11930,161.304954,444.135345,236.220472,0 W,0.00 W/m²,0 W,0.00 W/m²,28.6 m²,By Space Type,0,By Space Type,0.0,0.0,0.0,-2000160,"CEILING: acoustic, drop-in tiles, 600 x 1200",,,0,-1,-16.5,11.06.2026,CLTI-002,,FLCP-006,,FLSK-009,WLFI-001,Shared Staff Amenities,Overnight Area,WBH.ETC.02.004,107188,21/07/2026,OVBR,10,,NWB-ARC-WBH-AR-RLS-ETC.02.004,,SC,By Type,FLOOR FINISH: carpet tiles,,By Space Type,0gMckNoyXFww99qrLy$NmN,59 W,Power Density,2700,"Bedroom, Overnight Stay",ETC.09.017,0,Rooms,AROO,Rooms,ETC,8.251826250000015,Architecture,WBH-W-09.017,"Bedroom, Overnight Stay",02,YES,SL_90_10,Room Spaces,1 staff/visitor,0,New Construction,20.00%,Power Density,,Yes,0,SC,73 W,0.0,0 W,10.76 W/m²,0 W,13.99 W/m²,132 W,2700,LEVEL 09,0.0,AR Rooms
2026-08-01 19:58:17,11608888,NWB-ARC-WBH-AR-MOD-0036.rvt : 26 : location Internal,NWB-ARC-WBH-AR-MOD-0036,27652203,2a5a6b97-cbc8-4feb-a249-d3557d58b676-01a5ca62,ETC.09.009,"Bedroom, Overnight Stay",LEVEL 09,New Construction,Education & Training Centre,ETC,,,,8.3 m²,11930,162.003773,452.348928,236.220472,0 W,0.00 W/m²,0 W,0.00 W/m²,28.6 m²,By Space Type,0,By Space Type,0.0,0.0,0.0,-2000160,"CEILING: acoustic, drop-in tiles, 600 x 1200",,,0,-1,-16.9,11.06.2026,CLTI-002,,FLCP-006,,FLSK-009,WLFI-001,Shared Staff Amenities,Overnight Area,WBH.ETC.02.005,107189,21/07/2026,OVBR,10,,NWB-ARC-WBH-AR-RLS-ETC.02.005,,SC,By Type,FLOOR FINISH: carpet tiles,,By Space Type,0gMckNoyXFww99qrLy$NmK,59 W,Power Density,2700,"Bedroom, Overnight Stay",ETC.09.009,0,Rooms,AROO,Rooms,ETC,8.153021249989353,Architecture,WBH-W-09.009,"Bedroom, Overnight Stay",02,YES,SL_90_10,Room Spaces,1 staff/visitor,0,New Construction,20.00%,Power Density,,Yes,0,SC,73 W,0.0,0 W,10.76 W/m²,0 W,13.99 W/m²,132 W,2700,LEVEL 09,0.0,AR Rooms
2026-08-01 19:58:17,11608888,NWB-ARC-WBH-AR-MOD-0036.rvt : 26 : location Internal,NWB-ARC-WBH-AR-MOD-0036,27652212,2a5a6b97-cbc8-4feb-a249-d3557d58b676-01a5ca6b,ETC.09.019,"Bedroom, Overnight Stay",LEVEL 09,New Construction,Education & Training Centre,ETC,,,,8.3 m²,11528,179.847441,453.078094,236.220472,0 W,0.00 W/m²,0 W,0.00 W/m²,28.6 m²,By Space Type,0,By Space Type,0.0,0.0,0.0,-2000160,"CEILING: acoustic, drop-in tiles, 600 x 1200",,,0,-1,0,11.06.2026,CLTI-002,,FLCP-006,,FLSK-009,WLFI-001,Shared Staff Amenities,,WBH.ETC.02.070,117579,21/07/2026,OVBR,0,,,,SC,By Type,FLOOR FINISH: carpet tiles,,By Space Type,0gMckNoyXFww99qrLy$NmT,59 W,Power Density,2700,"Bedroom, Overnight Stay",ETC.09.019,0,Rooms,AROO,Rooms,ETC,8.511503250014833,Architecture,WBH-W-09.019,"Bedroom, Overnight Stay",02,YES,SL_90_10,Room Spaces,1 staff/visitor,0,New Construction,20.00%,Power Density,,0,0,SC,73 W,0.0,0 W,10.76 W/m²,0 W,13.99 W/m²,132 W,2700,LEVEL 09,0.0,AR Rooms
2026-08-01 19:58:17,11608888,NWB-ARC-WBH-AR-MOD-0036.rvt : 26 : location Internal,NWB-ARC-WBH-AR-MOD-0036,27652218,2a5a6b97-cbc8-4feb-a249-d3557d58b676-01a5ca71,IPG.09.358,"Meeting Room, 20m2",LEVEL 09,New Construction,Inpatient Gynaecology,IPG,,,,20.7 m²,22217,191.039576,451.238102,236.220472,0 W,0.00 W/m²,0 W,0.00 W/m²,28.6 m²,By Space Type,0,By Space Type,0.0,0.0,0.0,-2000160,"CEILING: acoustic, drop-in tiles, 600 x 1200",,,0,-1,3.45,11.06.2026,CLTI-002,,FLCP-006,,FLSK-009,WLFI-001,Staff Areas,,WBH.IPG.03.006,107876,21/07/2026,MEET-20,20,,NWB-ARC-WBH-AR-RLS-IPG.03.006,,SC,By Type,FLOOR FINISH: carpet tiles,,By Space Type,0gMckNoyXFww99qrLy$Nm7,59 W,Power Density,2700,"Meeting Room, 20m2",IPG.09.358,0,Rooms,AROO,Rooms,IPG,24.974551500000405,Architecture,WBH-W-09.358,"Meeting Room, 20m2",03,YES,SL_90_10,Room Spaces,Up to 12 seated,0,New Construction,20.00%,Power Density,D40_Done,Yes,0,SC,73 W,0.0,0 W,10.76 W/m²,0 W,13.99 W/m²,132 W,2700,LEVEL 09,0.0,AR Rooms
2026-08-01 19:58:17,11608888,NWB-ARC-WBH-AR-MOD-0036.rvt : 26 : location Internal,NWB-ARC-WBH-AR-MOD-0036,27652266,2a5a6b97-cbc8-4feb-a249-d3557d58b676-01a5caa1,ETC.09.C18,Corridor,LEVEL 09,New Construction,Education & Training Centre,ETC,,,,26.8 m²,30819,170.66601,436.444633,236.220472,0 W,0.00 W/m²,0 W,0.00 W/m²,28.6 m²,By Space Type,0,By Space Type,0.0,0.0,0.0,-2000160,"CEILING: acoustic, drop-in tiles, 600 x 1200",RESTRICTED - ORANGE,STAFF TRANSIT-TYPE C,0,-1,0.0,11.06.2026,CLTI-002,,FLVY-007,,FLSK-010,WLFI-001,Intradepartmental Circulation,,WBH.ETC.IC.002,116140,21/07/2026,CORR,0.0,,-,,Circulation,By Type,"FLOOR FINISH: vinyl, seamless, coved, standard slip resistant",,By Space Type,0gMckNoyXFww99qrLy$NpN,59 W,Power Density,2700,Corridor,ETC.09.C18,0,Rooms,AROO,Rooms,ETC,66.31835624998868,Architecture,WBH-W-09.C18,Corridor,IC,YES,SL_90_10,Room Spaces,,0,New Construction,20.00%,Power Density,,0,0,,73 W,0.0,0 W,10.76 W/m²,0 W,13.99 W/m²,132 W,2700,LEVEL 09,0.0,AR Rooms
2026-08-01 19:58:17,11608888,NWB-ARC-WBH-AR-MOD-0036.rvt : 26 : location Internal,NWB-ARC-WBH-AR-MOD-0036,27652338,2a5a6b97-cbc8-4feb-a249-d3557d58b676-01a5caea,ETC.09.015,"Parenting Room, Staff",LEVEL 09,New Construction,Education & Training Centre,ETC,,,,10.1 m²,13121,163.119892,418.374195,236.220472,0 W,0.00 W/m²,0 W,0.00 W/m²,28.6 m²,By Space Type,0,By Space Type,0.0,0.0,0.0,-2000160,"CEILING: acoustic, drop-in tiles, 600 x 1200",,,0,-1,-48.45,11.06.2026,CLTI-002,,FLVY-003,,FLSK-010,WLFI-001,Shared Staff Amenities,,WBH.ETC.02.018,107202,21/07/2026,PAR,20,,NWB-ARC-WBH-AR-RLS-ETC.02.018,,DR,By Type,"FLOOR FINISH: vinyl, seamless, coved, non slip",Typical Room,By Space Type,0gMckNoyXFww99qrLy$NoS,59 W,Power Density,2700,"Parenting Room, Staff",ETC.09.015,0,,,,ETC,,,WBH-W-09.015,"Parenting Room, Staff",02,,,,Up to 2,0,New Construction,20.00%,Power Density,,Yes,0,DR,73 W,0.0,0 W,10.76 W/m²,0 W,13.99 W/m²,132 W,2700,LEVEL 09,0.0,AR Rooms
2026-08-01 19:58:17,11608888,NWB-ARC-WBH-AR-MOD-0036.rvt : 26 : location Internal,NWB-ARC-WBH-AR-MOD-0036,27652339,2a5a6b97-cbc8-4feb-a249-d3557d58b676-01a5caeb,ETC.09.007,Common Room - Junior Doctors,LEVEL 09,New Construction,Education & Training Centre,ETC,,,,43.7 m²,27830,195.935039,396.258049,236.220472,0 W,0.00 W/m²,0 W,0.00 W/m²,28.6 m²,By Space Type,0,By Space Type,0.0,0.0,0.0,-2000160,"CEILING: acoustic, drop-in tiles, 600 x 1200",,,0,-1,-12.54,11.06.2026,CLTI-002,,FLVY-500,,FLSK-010,WLFI-001,Shared Staff Amenities,,WBH.ETC.02.002,107186,21/07/2026,COMMON RM,50,,NWB-ARC-WBH-AR-RLS-ETC.02.002,,DR,By Type,"FLOOR FINISH: vinyl, seamless, coved, standard slip resistant, feature",Typical Room,By Space Type,0gMckNoyXFww99qrLy$NoT,59 W,Power Density,2700,Common Room - Junior Doctors,ETC.09.007,0,,,,ETC,,,WBH-W-09.007,Common Room - Junior Doctors,02,,,,Up to 10 staff,0,New Construction,20.00%,Power Density,,Yes,0,DR,73 W,0.0,0 W,10.76 W/m²,0 W,13.99 W/m²,132 W,2700,LEVEL 09,0.0,AR Rooms
2026-08-01 19:58:17,11608888,NWB-ARC-WBH-AR-MOD-0036.rvt : 26 : location Internal,NWB-ARC-WBH-AR-MOD-0036,27652340,2a5a6b97-cbc8-4feb-a249-d3557d58b676-01a5caec,ETC.09.006,"Bedroom, Overnight Stay",LEVEL 09,New Construction,Education & Training Centre,ETC,,,,9.1 m²,12743,180.863681,417.302996,236.220472,0 W,0.00 W/m²,0 W,0.00 W/m²,28.6 m²,By Space Type,0,By Space Type,0.0,0.0,0.0,-2000160,"CEILING: acoustic, drop-in tiles, 600 x 1200",,,0,-1,0.0,11.06.2026,CLTI-002,,FLCP-006,,FLSK-009,WLFI-001,Shared Staff Amenities,,WBH.ETC.02.072,117581,21/07/2026,OVBR,0.0,,,,,By Type,FLOOR FINISH: carpet tiles,,By Space Type,0gMckNoyXFww99qrLy$NoQ,59 W,Power Density,2700,"Bedroom, Overnight Stay",ETC.09.006,0,,,,ETC,,,WBH-W-09.006,"Bedroom, Overnight Stay",02,,,,1 staff/visitor,0,New Construction,20.00%,Power Density,,0,0,SC,73 W,0.0,0 W,10.76 W/m²,0 W,13.99 W/m²,132 W,2700,LEVEL 09,0.0,AR Rooms
2026-08-01 19:58:17,11608888,NWB-ARC-WBH-AR-MOD-0036.rvt : 26 : location Internal,NWB-ARC-WBH-AR-MOD-0036,27652341,2a5a6b97-cbc8-4feb-a249-d3557d58b676-01a5caed,ETC.09.024,"Toilet, Accessible, 6m2",LEVEL 09,New Construction,Education & Training Centre,ETC,,,,6.1 m²,9886,190.697178,417.627799,236.220472,0 W,0.00 W/m²,0 W,0.00 W/m²,28.6 m²,By Space Type,0,By Space Type,0.0,0.0,0.0,-2000160,"CEILING: plasterboard, water resistant, drop-in tiles, prefinished, 600 x 1200",,,0,-1,1,11.06.2026,CLTI-014,,FLVY-009,,FLSK-010,WLFI-001,Shared Staff Amenities,,WBH.ETC.02.023,107207,21/07/2026,WCAC,6,,Refer to AusHFG WCAC,,SC,By Type,"FLOOR FINISH: vinyl, seamless, coved, wet area, non-slip",,By Space Type,0gMckNoyXFww99qrLy$NoR,59 W,Power Density,2700,"Toilet, Accessible, 6m2",ETC.09.024,0,,,,ETC,,,WBH-W-09.024,"Toilet, Accessible, 6m2",02,,,,1,0,New Construction,20.00%,Power Density,,0,0,SC,73 W,0.0,0 W,10.76 W/m²,0 W,13.99 W/m²,132 W,2700,LEVEL 09,0.0,AR Rooms
2026-08-01 19:58:17,11608888,NWB-ARC-WBH-AR-MOD-0036.rvt : 26 : location Internal,NWB-ARC-WBH-AR-MOD-0036,27652342,2a5a6b97-cbc8-4feb-a249-d3557d58b676-01a5caee,ETC.09.020,"Bedroom, Overnight Stay",LEVEL 09,New Construction,Education & Training Centre,ETC,,,,9.5 m²,12374,161.824967,426.330227,236.220472,0 W,0.00 W/m²,0 W,0.00 W/m²,28.6 m²,By Space Type,0,By Space Type,0.0,0.0,0.0,-2000160,"CEILING: acoustic, drop-in tiles, 600 x 1200",,,0,-1,0,11.06.2026,CLTI-002,,FLCP-006,,FLSK-009,WLFI-001,Shared Staff Amenities,,WBH.ETC.02.068,117577,21/07/2026,OVBR,0,,,,SC,By Type,FLOOR FINISH: carpet tiles,,By Space Type,0gMckNoyXFww99qrLy$NoO,59 W,Power Density,2700,"Bedroom, Overnight Stay",ETC.09.020,0,,,,ETC,,,WBH-W-09.020,"Bedroom, Overnight Stay",02,,,,1 staff/visitor,0,New Construction,20.00%,Power Density,,0,0,SC,73 W,0.0,0 W,10.76 W/m²,0 W,13.99 W/m²,132 W,2700,LEVEL 09,0.0,AR Rooms
2026-08-01 19:58:17,11608888,NWB-ARC-WBH-AR-MOD-0036.rvt : 26 : location Internal,NWB-ARC-WBH-AR-MOD-0036,27652343,2a5a6b97-cbc8-4feb-a249-d3557d58b676-01a5caef,ETC.09.018,"Bedroom, Overnight Stay",LEVEL 09,New Construction,Education & Training Centre,ETC,,,,8.1 m²,11560,161.304954,434.866972,236.220472,0 W,0.00 W/m²,0 W,0.00 W/m²,28.6 m²,By Space Type,0,By Space Type,0.0,0.0,0.0,-2000160,"CEILING: acoustic, drop-in tiles, 600 x 1200",,,0,-1,0,11.06.2026,CLTI-002,,FLCP-006,,FLSK-009,WLFI-001,Shared Staff Amenities,,WBH.ETC.02.069,117578,21/07/2026,OVBR,0,,,,SC,By Type,FLOOR FINISH: carpet tiles,,By Space Type,0gMckNoyXFww99qrLy$NoP,59 W,Power Density,2700,"Bedroom, Overnight Stay",ETC.09.018,0,,,,ETC,,,WBH-W-09.018,"Bedroom, Overnight Stay",02,,,,1 staff/visitor,0,New Construction,20.00%,Power Density,,0,0,SC,73 W,0.0,0 W,10.76 W/m²,0 W,13.99 W/m²,132 W,2700,LEVEL 09,0.0,AR Rooms
2026-08-01 19:58:17,11608888,NWB-ARC-WBH-AR-MOD-0036.rvt : 26 : location Internal,NWB-ARC-WBH-AR-MOD-0036,27652344,2a5a6b97-cbc8-4feb-a249-d3557d58b676-01a5caf0,ETC.09.023,"Bedroom, Overnight Stay",LEVEL 09,New Construction,Education & Training Centre,ETC,,,,8.3 m²,11518,179.847441,444.182097,236.220472,0 W,0.00 W/m²,0 W,0.00 W/m²,28.6 m²,By Space Type,0,By Space Type,0.0,0.0,0.0,-2000160,"CEILING: acoustic, drop-in tiles, 600 x 1200",,,0,-1,0,11.06.2026,CLTI-002,,FLCP-006,,FLSK-009,WLFI-001,Shared Staff Amenities,,WBH.ETC.02.071,117580,21/07/2026,OVBR,0,,,,SC,By Type,FLOOR FINISH: carpet tiles,,By Space Type,0gMckNoyXFww99qrLy$No6,59 W,Power Density,2700,"Bedroom, Overnight Stay",ETC.09.023,0,,,,ETC,,,WBH-W-09.023,"Bedroom, Overnight Stay",02,,,,1 staff/visitor,0,New Construction,20.00%,Power Density,,0,0,SC,73 W,0.0,0 W,10.76 W/m²,0 W,13.99 W/m²,132 W,2700,LEVEL 09,0.0,AR Rooms
2026-08-01 19:58:17,11608888,NWB-ARC-WBH-AR-MOD-0036.rvt : 26 : location Internal,NWB-ARC-WBH-AR-MOD-0036,27652345,2a5a6b97-cbc8-4feb-a249-d3557d58b676-01a5caf1,ETC.09.022,"Ensuite, Overnight Stay",LEVEL 09,New Construction,Education & Training Centre,ETC,,,,4.9 m²,8851,191.957021,426.285115,236.220472,0 W,0.00 W/m²,0 W,0.00 W/m²,28.6 m²,By Space Type,0,By Space Type,0.0,0.0,0.0,-2000160,"CEILING: plasterboard, water resistant, flush set, suspended, paint, washable",,,0,-1,0,11.06.2026,CLFS-009,,FLVY-009,,FLSK-010,WLFI-011.07,Shared Staff Amenities,,WBH.ETC.02.075,117584,21/07/2026,OVES,0,,NWB-ARC-WBH-AR-RLS-ETC.02.075,,SC,By Type,"FLOOR FINISH: vinyl, seamless, coved, wet area, non-slip",,By Space Type,0gMckNoyXFww99qrLy$No7,59 W,Power Density,2700,"Ensuite, Overnight Stay",ETC.09.022,0,,,,ETC,,,WBH-W-09.022,"Ensuite, Overnight Stay",02,,,,1 staff/visitor,0,New Construction,20.00%,Power Density,,Yes,0,SC,73 W,0.0,0 W,10.76 W/m²,0 W,13.99 W/m²,132 W,2700,LEVEL 09,0.0,AR Rooms
2026-08-01 19:58:17,11608888,NWB-ARC-WBH-AR-MOD-0036.rvt : 26 : location Internal,NWB-ARC-WBH-AR-MOD-0036,27652346,2a5a6b97-cbc8-4feb-a249-d3557d58b676-01a5caf2,ETC.09.010,"Ensuite, Overnight Stay",LEVEL 09,New Construction,Education & Training Centre,ETC,,,,4.7 m²,8645,187.134186,438.060474,236.220472,0 W,0.00 W/m²,0 W,0.00 W/m²,28.6 m²,By Space Type,0,By Space Type,0.0,0.0,0.0,-2000160,"CEILING: plasterboard, water resistant, flush set, suspended, paint, washable",,,0,-1,-0.6,11.06.2026,CLFS-009,,FLVY-009,,FLSK-010,WLFI-011.07,Shared Staff Amenities,Overnight Area,WBH.ETC.02.012,107196,21/07/2026,OVES,5,,Refer to AusHFG OVES,,SC,By Type,"FLOOR FINISH: vinyl, seamless, coved, wet area, non-slip",,By Space Type,0gMckNoyXFww99qrLy$No4,59 W,Power Density,2700,"Ensuite, Overnight Stay",ETC.09.010,0,,,,ETC,,,WBH-W-09.010,"Ensuite, Overnight Stay",02,,,,1 staff/visitor,0,New Construction,20.00%,Power Density,,0,0,SC,73 W,0.0,0 W,10.76 W/m²,0 W,13.99 W/m²,132 W,2700,LEVEL 09,0.0,AR Rooms
2026-08-01 19:58:17,11608888,NWB-ARC-WBH-AR-MOD-0036.rvt : 26 : location Internal,NWB-ARC-WBH-AR-MOD-0036,27652347,2a5a6b97-cbc8-4feb-a249-d3557d58b676-01a5caf3,ETC.09.011,"Ensuite, Overnight Stay",LEVEL 09,New Construction,Education & Training Centre,ETC,,,,4.8 m²,8761,177.404035,425.260673,236.220472,0 W,0.00 W/m²,0 W,0.00 W/m²,28.6 m²,By Space Type,0,By Space Type,0.0,0.0,0.0,-2000160,"CEILING: plasterboard, water resistant, flush set, suspended, paint, washable",,,0,-1,-4,11.06.2026,CLFS-009,,FLVY-009,,FLSK-010,WLFI-011.07,Shared Staff Amenities,Overnight Area,WBH.ETC.02.013,107197,21/07/2026,OVES,5,,Refer to AusHFG OVES,,SC,By Type,"FLOOR FINISH: vinyl, seamless, coved, wet area, non-slip",,By Space Type,0gMckNoyXFww99qrLy$No5,59 W,Power Density,2700,"Ensuite, Overnight Stay",ETC.09.011,0,,,,ETC,,,WBH-W-09.011,"Ensuite, Overnight Stay",02,,,,1 staff/visitor,0,New Construction,20.00%,Power Density,,0,0,SC,73 W,0.0,0 W,10.76 W/m²,0 W,13.99 W/m²,132 W,2700,LEVEL 09,0.0,AR Rooms
2026-08-01 19:58:17,11608888,NWB-ARC-WBH-AR-MOD-0036.rvt : 26 : location Internal,NWB-ARC-WBH-AR-MOD-0036,27652348,2a5a6b97-cbc8-4feb-a249-d3557d58b676-01a5caf4,ETC.09.021,"Ensuite, Overnight Stay",LEVEL 09,New Construction,Education & Training Centre,ETC,,,,4.8 m²,8780,184.505413,425.557589,236.220472,0 W,0.00 W/m²,0 W,0.00 W/m²,28.6 m²,By Space Type,0,By Space Type,0.0,0.0,0.0,-2000160,"CEILING: plasterboard, water resistant, flush set, suspended, paint, washable",,,0,-1,0,11.06.2026,CLFS-009,,FLVY-009,,FLSK-010,WLFI-011.07,Shared Staff Amenities,,WBH.ETC.02.074,117583,21/07/2026,OVES,0,,,,SC,By Type,"FLOOR FINISH: vinyl, seamless, coved, wet area, non-slip",,By Space Type,0gMckNoyXFww99qrLy$No2,59 W,Power Density,2700,"Ensuite, Overnight Stay",ETC.09.021,0,,,,ETC,,,WBH-W-09.021,"Ensuite, Overnight Stay",02,,,,1 staff/visitor,0,New Construction,20.00%,Power Density,,0,0,SC,73 W,0.0,0 W,10.76 W/m²,0 W,13.99 W/m²,132 W,2700,LEVEL 09,0.0,AR Rooms
2026-08-01 19:58:17,11608888,NWB-ARC-WBH-AR-MOD-0036.rvt : 26 : location Internal,NWB-ARC-WBH-AR-MOD-0036,27652349,2a5a6b97-cbc8-4feb-a249-d3557d58b676-01a5caf5,ETC.09.025,"Toilet, Staff/Visitors, 3m2",LEVEL 09,New Construction,Education & Training Centre,ETC,,,,3.3 m²,7331,207.421487,439.365381,236.220472,0 W,0.00 W/m²,0 W,0.00 W/m²,28.6 m²,By Space Type,0,By Space Type,0.0,0.0,0.0,-2000160,"CEILING: plasterboard, water resistant, drop-in tiles, prefinished, 600 x 1200",,,0,-1,10.333333,11.06.2026,CLTI-014,,FLVY-009,,FLSK-010,WLFI-001,Shared Staff Amenities,,WBH.ETC.02.056,107240,21/07/2026,WCST,3,,Refer to AusHFG WCST,,SC,By Type,"FLOOR FINISH: vinyl, seamless, coved, wet area, non-slip",,By Space Type,0gMckNoyXFww99qrLy$No3,59 W,Power Density,2700,"Toilet, Staff/Visitors, 3m2",ETC.09.025,0,,,,ETC,,,WBH-W-09.025,"Toilet, Staff/Visitors, 3m2",02,,,,1,0,New Construction,20.00%,Power Density,,0,0,SC,73 W,0.0,0 W,10.76 W/m²,0 W,13.99 W/m²,132 W,2700,LEVEL 09,0.0,AR Rooms
2026-08-01 19:58:17,11608888,NWB-ARC-WBH-AR-MOD-0036.rvt : 26 : location Internal,NWB-ARC-WBH-AR-MOD-0036,27652352,2a5a6b97-cbc8-4feb-a249-d3557d58b676-01a5caf9,BIR.09.432,Recharge Room,LEVEL 09,New Construction,Labour & Birth Suite,BIR,,,,28.3 m²,24794,160.967686,405.767882,236.220472,0 W,0.00 W/m²,0 W,0.00 W/m²,28.6 m²,By Space Type,0,By Space Type,0.0,0.0,0.0,-2000160,"CEILING: acoustic, drop-in tiles, 600 x 1200",,,0,-1,0,11.06.2026,CLTI-002,,FLCP-006,,FLSK-009,WLFI-202,Staff Areas,,WBH.BIR.07.039,118397,21/07/2026,RECHARGE RM,0,,NWB-ARC-WBH-AR-RLS-BIR.07.039,,,By Type,FLOOR FINISH: carpet tiles,,By Space Type,0gMckNoyXFww99qrLy$NoF,59 W,Power Density,2700,Recharge Room,BIR.09.432,0,,,,BIR,,,WBH-W-09.431,"Meeting Room, 30m2",07,,,,,0,New Construction,20.00%,Power Density,,Yes,0,DR,73 W,0.0,0 W,10.76 W/m²,0 W,13.99 W/m²,132 W,2700,LEVEL 09,0.0,AR Rooms
2026-08-01 19:58:17,11608888,NWB-ARC-WBH-AR-MOD-0036.rvt : 26 : location Internal,NWB-ARC-WBH-AR-MOD-0036,27652361,2a5a6b97-cbc8-4feb-a249-d3557d58b676-01a5cb02,TRA.09.T10,Lift Lobby,LEVEL 09,New Construction,Travel,TRA,,,,27.6 m²,31880,189.667815,410.707688,236.220472,0 W,0.00 W/m²,0 W,0.00 W/m²,28.6 m²,By Space Type,0,By Space Type,0.0,0.0,0.0,-2000160,"CEILING: acoustic, drop-in tiles, 600 x 1200",RESTRICTED - ORANGE,STAFF TRANSIT-TYPE C,0,-1,0.0,11.06.2026,CLTI-002,,FLVY-007,,FLSK-010,WLFI-001,Horizontal Travel,,WBH.TRA.HT.173,116569,21/07/2026,LIFT LOBBY,0.0,,-,,T&E,By Type,"FLOOR FINISH: vinyl, seamless, coved, standard slip resistant",,By Space Type,0gMckNoyXFww99qrLy$Nrq,59 W,Power Density,2700,Lift Lobby,TRA.09.T10,0,,,,TRA,,,WBH-W-09.T10,Lift Lobby,HT,,,,,0,New Construction,20.00%,Power Density,,0,0,,73 W,0.0,0 W,10.76 W/m²,0 W,13.99 W/m²,132 W,2700,LEVEL 09,0.0,AR Rooms
2026-08-01 19:58:17,11608888,NWB-ARC-WBH-AR-MOD-0036.rvt : 26 : location Internal,NWB-ARC-WBH-AR-MOD-0036,27652387,2a5a6b97-cbc8-4feb-a249-d3557d58b676-01a5cb1f,ETC.09.013,"Bay - Property, Students",LEVEL 09,New Construction,Education & Training Centre,ETC,,,,4.1 m²,13666,201.072633,406.151421,236.220472,0 W,0.00 W/m²,0 W,0.00 W/m²,28.6 m²,By Space Type,0,By Space Type,0.0,0.0,0.0,-2000160,"CEILING: acoustic, drop-in tiles, 600 x 1200",,,0,-1,0,11.06.2026,CLTI-002,,FLVY-007,,FLSK-010,WLFI-001,Shared Staff Amenities,,WBH.ETC.02.076,118420,21/07/2026,BPROP,0,,NWB-ARC-WBH-AR-RLS-ETC.02.076,,,By Type,"FLOOR FINISH: vinyl, seamless, coved, standard slip resistant",,By Space Type,0gMckNoyXFww99qrLy$Nrf,59 W,Power Density,2700,"Bay - Property, Students",ETC.09.013,0,,,,ETC,,,WBH-W-09.014,"Bay - Property, Students",02,,,,"Up to 4 staff, intermittently",0,New Construction,20.00%,Power Density,,0,0,SC,73 W,0.0,0 W,10.76 W/m²,0 W,13.99 W/m²,132 W,2700,LEVEL 09,0.0,AR Rooms
2026-08-01 19:58:17,11608888,NWB-ARC-WBH-AR-MOD-0036.rvt : 26 : location Internal,NWB-ARC-WBH-AR-MOD-0036,27652389,2a5a6b97-cbc8-4feb-a249-d3557d58b676-01a5cb22,TRA.09.T12,Travel,LEVEL 09,New Construction,Travel,TRA,,,,8.0 m²,11942,198.982119,421.221959,236.220472,0 W,0.00 W/m²,0 W,0.00 W/m²,28.6 m²,By Space Type,0,By Space Type,0.0,0.0,0.0,-2000160,"CEILING: acoustic, drop-in tiles, 600 x 1200",RESTRICTED - ORANGE,STAFF TRANSIT-TYPE C,0,-1,0.0,11.06.2026,CLTI-002,,FLVY-007,,FLSK-010,WLFI-001,Horizontal Travel,,WBH.TRA.HT.238,116725,21/07/2026,TRAVEL,0.0,,-,,T&E,By Type,"FLOOR FINISH: vinyl, seamless, coved, standard slip resistant",,By Space Type,0gMckNoyXFww99qrLy$NrK,59 W,Power Density,2700,Travel,TRA.09.T12,0,,,,TRA,,,WBH-W-09.T12,Travel,HT,,,,,0,New Construction,20.00%,Power Density,,0,0,,73 W,0.0,0 W,10.76 W/m²,0 W,13.99 W/m²,132 W,2700,LEVEL 09,0.0,AR Rooms
2026-08-01 19:58:17,11608888,NWB-ARC-WBH-AR-MOD-0036.rvt : 26 : location Internal,NWB-ARC-WBH-AR-MOD-0036,27652390,2a5a6b97-cbc8-4feb-a249-d3557d58b676-01a5cb23,TRA.09.T05,Travel,LEVEL 09,New Construction,Travel,TRA,,,,24.0 m²,26925,200.197671,431.056701,236.220472,0 W,0.00 W/m²,0 W,0.00 W/m²,28.6 m²,By Space Type,0,By Space Type,0.0,0.0,0.0,-2000160,"CEILING: acoustic, drop-in tiles, 600 x 1200",RESTRICTED - ORANGE,STAFF TRANSIT-TYPE C,0,-1,0.0,11.06.2026,CLTI-002,,FLVY-007,,FLSK-010,WLFI-001,Horizontal Travel,,WBH.TRA.HT.232,116719,21/07/2026,TRAVEL,0.0,,-,,T&E,By Type,"FLOOR FINISH: vinyl, seamless, coved, standard slip resistant",,By Space Type,0gMckNoyXFww99qrLy$NrL,59 W,Power Density,2700,Travel,TRA.09.T05,0,,,,TRA,,,WBH-W-09.T05,Travel,HT,,,,,0,New Construction,20.00%,Power Density,,0,0,,73 W,0.0,0 W,10.76 W/m²,0 W,13.99 W/m²,132 W,2700,LEVEL 09,0.0,AR Rooms
2026-08-01 19:58:17,11608888,NWB-ARC-WBH-AR-MOD-0036.rvt : 26 : location Internal,NWB-ARC-WBH-AR-MOD-0036,27652391,2a5a6b97-cbc8-4feb-a249-d3557d58b676-01a5cb24,ETC.09.C16,Corridor,LEVEL 09,New Construction,Education & Training Centre,ETC,,,,11.7 m²,16831,188.47605,433.402474,236.220472,0 W,0.00 W/m²,0 W,0.00 W/m²,28.6 m²,By Space Type,0,By Space Type,0.0,0.0,0.0,-2000160,"CEILING: acoustic, drop-in tiles, 600 x 1200",RESTRICTED - ORANGE,,0,-1,0.0,11.06.2026,CLTI-002,,FLVY-007,,FLSK-010,WLFI-001,Intradepartmental Circulation,,WBH.ETC.IC.003,116141,21/07/2026,CORR,0.0,,-,,Circulation,By Type,"FLOOR FINISH: vinyl, seamless, coved, standard slip resistant",,By Space Type,0gMckNoyXFww99qrLy$NrI,59 W,Power Density,2700,Corridor,ETC.09.C16,0,,,,ETC,,,WBH-W-09.C16,Corridor,IC,,,,,0,New Construction,20.00%,Power Density,,0,0,,73 W,0.0,0 W,10.76 W/m²,0 W,13.99 W/m²,132 W,2700,LEVEL 09,0.0,AR Rooms
2026-08-01 19:58:17,11608888,NWB-ARC-WBH-AR-MOD-0036.rvt : 26 : location Internal,NWB-ARC-WBH-AR-MOD-0036,27652537,2a5a6b97-cbc8-4feb-a249-d3557d58b676-01a5cbd6,ENG.09.906,Electrical Distribution Board,LEVEL 09,New Construction,Engineering,ENG,,,,1.6 m²,6710,189.929916,414.4672,236.220472,0 W,0.00 W/m²,0 W,0.00 W/m²,28.6 m²,By Space Type,0,By Space Type,0.0,0.0,0.0,-2000160,,,,0,-1,0.0,11.06.2026,,,,,,,Electrical,,WBH.ENG.EL.249,118147,21/07/2026,EDB,0.0,ENGINEERING,-,,T&E,By Type,,,By Space Type,0gMckNoyXFww99qrLy$NsW,59 W,Power Density,2438,Electrical Distribution Board,ENG.09.906,0,,,,ENG,,,WBH-W-09.906,Electrical Distribution Board,EL,,,,,0,New Construction,20.00%,Power Density,,0,0,,73 W,0.0,0 W,10.76 W/m²,0 W,13.99 W/m²,132 W,2438,LEVEL 09,0.0,AR Rooms
2026-08-01 19:58:17,11608888,NWB-ARC-WBH-AR-MOD-0036.rvt : 26 : location Internal,NWB-ARC-WBH-AR-MOD-0036,28495786,e67b7043-cbe5-45da-ad81-d96d1ec45159-01b2cfaa,IPG.09.317,Bay - Vending Machine,LEVEL 09,New Construction,Inpatient Gynaecology,Inpatient Gynaecology,,,,3.0 m²,7372,307.397612,349.168426,236.220472,0 W,0.00 W/m²,0 W,0.00 W/m²,28.6 m²,By Space Type,0,By Space Type,0.0,0.0,0.0,-2000160,,,,0,-1,-1,,,,,,,,Patient Areas,,WBH.IPG.01.081,112489,21/07/2026,BVM,3,,NWB-ARC-GEN-AR-RLS-PS-BVM,,PS,By Type,,Refer to Typical Room,By Space Type,3cUt13o_L5sgs1sMqVTfxp,59 W,Power Density,2438,Bay - Vending Machine,IPG.09.317,0,,,,,,,,,,,,,,0,New Construction,20.00%,Power Density,,0,0,,73 W,0.0,0 W,10.76 W/m²,0 W,13.99 W/m²,132 W,2438,LEVEL 09,0.0,AR FFE
